DAgger round 1: 33 instances, label prob 0.35, model policy_K20_seedsplit_seed0_cw0.pt
[1/33] RshortCmediumTmedium_17: shard exists, skip
  ScenarioTracker saved: /mnt/beegfs/users/celinep/ChargeAndBreak/ML/logs/RmediumCmanyTtight_14_DAGGER1_S1_H24_20260821_095131_scenarios.json

  === SIMULATION TRAJECTORY ===
  stop   type    t_arr     soc     cd     sd     sw   y   brk   rst  action
  ───────────────────────────────────────────────────────────────────────────────────────────────
     0   ORIG    8.000   500.0   0.00   0.00   0.00   0     —     —  —
     1     CS    8.237   474.3   0.24   0.24   0.24   0     —     —  —
     2     CS    8.480   449.2   0.48   0.48   0.48   0     —     —  —
     3     CS    8.708   422.8   0.71   0.71   0.71   0     —     —  —
     4     CS    9.011   401.9   1.01   1.01   1.01   0     —     —  —
     5     CS    9.239   376.7   1.24   1.24   1.24   0     —     —  —
     6     CS    9.478   352.3   1.48   1.48   1.48   0     —     —  —
     7     CS    9.702   326.7   1.70   1.70   1.70   0     —     —  —
     8     CS    9.943   306.3   1.94   1.94   1.94   0     —     —  —
     9     CS   10.224   287.6   2.22   2.22   2.22   0     —     —  —
    10     CS   10.431   264.8   2.43   2.43   2.43   0     —     —  —
    11     CS   10.922   215.0   2.92   2.92   2.92   1   b45     —  CHARGE, BRK-B45
    12     CS   12.346   450.1   0.26   3.18   3.46   0     —     —  —
    13     CS   12.604   428.1   0.51   3.44   3.71   0     —     —  —
    14     CS   12.833   404.0   0.74   3.66   3.94   0     —     —  —
    15     CS   13.053   379.2   0.96   3.88   4.16   0     —     —  —
    16     CS   13.367   353.9   1.28   4.20   4.48   0     —     —  —
    17     CS   13.626   324.7   1.53   4.46   4.74   0     —     —  —
    18     CS   13.905   297.3   1.81   4.74   5.01   0     —     —  —
    19     CS   14.406   252.3   2.32   5.24   5.52   0     —     —  —
    20     CS   14.859   230.6   2.77   5.69   5.97   0     —     —  —
    21     CS   15.112   200.1   3.02   5.94   6.22   0     —     —  —
    22     CS   15.383   171.2   3.29   6.21   6.49   1   b45     —  CHARGE, BRK-B45
    23     CS   16.760   400.7   0.24   6.45   7.08   0     —     —  —
    24     CS   17.014   375.0   0.49   6.71   7.33   0     —     —  —
    25     CS   17.250   347.7   0.73   6.94   7.57   0     —     —  —
    26     CS   17.511   317.9   0.99   7.21   7.83   0     —     —  —
    27     CS   17.769   287.9   1.25   7.46   8.09   0     —     —  —
    28   CUST   18.032   258.3   1.51   7.73   8.35   0     —     —  —
    29   CUST   18.765   231.1   1.74   7.96   9.08   0     —     —  —
    30     CS   19.302   227.4   1.78   8.00   9.62   0     —     —  —
    31     CS   19.704   189.2   2.18   8.40  10.02   0     —     —  —
    32     CS   19.954   160.9   2.43   8.65  10.27   0     —     —  —
    33     CS   20.204   132.4   2.68   8.90  10.52   0     —     —  —
    34     CS   20.453   104.0   2.93   9.15  10.77   1   b45     —  CHARGE, BRK-B45
    35     CS   22.103   421.1   0.25   9.40  11.34   0     —     —  —
    36     CS   22.341   394.1   0.49   9.64  11.58   0     —     —  —
    37     CS   22.586   367.5   0.74   9.88  11.82   0     —    r2  REST-R2
    38     CS   32.191   322.4   0.44   0.44   0.44   0     —     —  —
    39     CS   32.584   296.9   0.83   0.83   0.83   0     —     —  —
    40     CS   32.903   268.0   1.15   1.15   1.15   0     —     —  —
    41     CS   33.178   235.6   1.43   1.43   1.43   0     —     —  —
    42     CS   33.388   214.4   1.64   1.64   1.64   0     —     —  —
    43     CS   33.583   192.1   1.83   1.83   1.83   0     —     —  —
    44     CS   33.787   170.5   2.03   2.03   2.03   1   b45     —  CHARGE, BRK-B45
    45     CS   35.156   382.9   0.29   2.32   2.65   0     —     —  —
    46     CS   35.466   352.1   0.60   2.63   2.96   0     —     —  —
    47     CS   35.752   319.1   0.88   2.92   3.25   0     —     —  —
    48     CS   36.009   291.3   1.14   3.17   3.51   0     —     —  —
    49     CS   36.279   264.6   1.41   3.44   3.78   0     —     —  —
    50   CUST   36.528   236.1   1.66   3.69   4.03   0     —     —  —
    51   CUST   37.212   216.2   1.84   3.88   4.71   0     —     —  —
    52     CS   37.992   183.9   2.12   4.16   5.49   0     —     —  —
    53     CS   38.285   152.7   2.42   4.45   5.78   0     —     —  —
    54   CUST   38.304   150.9   2.44   4.47   5.80   0     —     —  —
    55     CS   38.893   146.6   2.52   4.56   6.39   1   b45     —  CHARGE, BRK-B45
    56   CUST   40.359   398.3   0.28   4.84   6.98   0     —     —  —
    57     CS   41.217   371.2   0.64   5.20   7.84   0     —     —  —
    58     CS   41.460   342.0   0.88   5.44   8.08   0     —     —  —
    59     CS   41.719   314.1   1.14   5.70   8.34   0     —     —  —
    60     CS   41.996   283.5   1.42   5.98   8.62   0     —     —  —
    61     CS   42.282   253.6   1.71   6.26   8.90   0     —     —  —
    62     CS   42.579   224.7   2.00   6.56   9.20   0     —     —  —
    63     CS   42.826   196.7   2.25   6.81   9.45   0     —     —  —
    64     CS   43.071   168.7   2.50   7.05   9.69   0     —     —  —
    65     CS   43.317   140.7   2.74   7.30   9.94   1   b45     —  CHARGE, BRK-B45
    66     CS   44.646   383.8   0.34   7.64  10.49   0     —     —  —
    67     CS   44.903   355.2   0.59   7.89  10.75   0     —     —  —
    68     CS   45.168   327.5   0.86   8.16  11.01   0     —     —  —
    69     CS   45.465   293.1   1.16   8.46  11.31   0     —     —  —
    70     CS   45.699   268.3   1.39   8.69  11.54   0     —     —  —
    71     CS   45.958   245.4   1.65   8.95  11.80   0     —     —  —
    72     CS   46.185   220.0   1.88   9.18  12.03   0     —     —  —
    73   CUST   46.415   194.9   2.11   9.41  12.26   0     —    r2  REST-R2
    74     CS   56.307   153.8   0.39   0.39   0.39   1   b45     —  CHARGE, BRK-B45
    75   CUST   57.719   346.4   0.42   0.82   1.05   0     —     —  —
    76     CS   58.378   331.2   0.58   0.97   1.71   0     —     —  —
    77     CS   58.922   287.8   1.13   1.52   2.26   0     —     —  —
    78     CS   59.207   254.7   1.41   1.80   2.54   0     —     —  —
    79     CS   59.535   225.0   1.74   2.13   2.87   0     —     —  —
    80     CS   59.843   193.9   2.05   2.44   3.18   0     —     —  —
    81     CS   60.056   169.2   2.26   2.65   3.39   0     —     —  —
    82     CS   60.281   145.6   2.49   2.88   3.62   0     —     —  —
    83     CS   60.532   123.9   2.74   3.13   3.87   1   b45     —  CHARGE, BRK-B45
    84     CS   62.137   409.5   0.33   3.46   4.51   0     —     —  —
    85     CS   62.412   380.2   0.60   3.73   4.78   0     —     —  —
    86     CS   62.685   350.8   0.88   4.01   5.05   0     —     —  —
    87     CS   62.891   328.6   1.08   4.21   5.26   0     —     —  —
    88     CS   63.237   311.9   1.43   4.56   5.61   0     —     —  —
    89     CS   63.444   289.9   1.64   4.77   5.81   0     —     —  —
    90     CS   63.713   268.4   1.90   5.03   6.08   0     —     —  —
    91     CS   63.948   244.9   2.14   5.27   6.32   0     —     —  —
    92     CS   64.163   219.6   2.35   5.48   6.53   0     —     —  —
    93     CS   64.372   198.4   2.56   5.69   6.74   0     —     —  —
    94     CS   64.569   176.2   2.76   5.89   6.94   0     —     —  —
    95     CS   64.769   154.3   2.96   6.09   7.14   1   b45     —  CHARGE, BRK-B45
    96     CS   66.004   282.9   0.28   6.37   7.62   0     —     —  —
    97     CS   66.304   255.5   0.58   6.67   7.92   0     —     —  —
    98     CS   66.570   225.5   0.84   6.93   8.19   0     —     —  —
    99     CS   66.924   208.5   1.20   7.29   8.54   0     —     —  —
   100     CS   67.132   185.8   1.41   7.50   8.75   0     —     —  —
[2/33] RmediumCmanyTtight_14        labelled   35 states in  59.2 min
  ScenarioTracker saved: /mnt/beegfs/users/celinep/ChargeAndBreak/ML/logs/RmediumCmediumTnone_13_DAGGER1_S1_H24_20260821_105044_scenarios.json

  === SIMULATION TRAJECTORY ===
  stop   type    t_arr     soc     cd     sd     sw   y   brk   rst  action
  ───────────────────────────────────────────────────────────────────────────────────────────────
     0   ORIG    8.000   500.0   0.00   0.00   0.00   0     —     —  —
     1     CS    8.235   474.2   0.23   0.23   0.23   0     —     —  —
     2     CS    8.487   449.7   0.49   0.49   0.49   0     —     —  —
     3     CS    8.719   423.7   0.72   0.72   0.72   0     —     —  —
     4     CS    9.071   400.0   1.07   1.07   1.07   0     —     —  —
     5     CS    9.325   370.3   1.32   1.32   1.32   0     —     —  —
     6     CS    9.582   341.1   1.58   1.58   1.58   0     —     —  —
     7     CS    9.858   311.8   1.86   1.86   1.86   0     —     —  —
     8     CS   10.123   281.7   2.12   2.12   2.12   0     —     —  —
     9     CS   10.446   255.6   2.45   2.45   2.45   0     —     —  —
    10     CS   10.670   231.9   2.67   2.67   2.67   0     —     —  —
    11     CS   10.928   210.6   2.93   2.93   2.93   0     —     —  —
    12     CS   11.147   186.4   3.15   3.15   3.15   0     —     —  —
    13     CS   11.381   163.5   3.38   3.38   3.38   0     —     —  —
    14     CS   11.609   140.1   3.61   3.61   3.61   0     —     —  —
    15     CS   11.821   115.4   3.82   3.82   3.82   1   b45     —  CHARGE, BRK-B45
    16     CS   13.840   404.8   0.64   4.46   4.82   0     —     —  —
    17     CS   14.092   380.4   0.89   4.72   5.07   0     —     —  —
    18     CS   14.320   353.9   1.12   4.94   5.30   0     —     —  —
    19     CS   14.637   332.8   1.44   5.26   5.62   0     —     —  —
    20     CS   15.032   313.5   1.83   5.66   6.01   0     —     —  —
    21     CS   15.290   283.9   2.09   5.91   6.27   0     —     —  —
    22     CS   15.565   255.8   2.37   6.19   6.55   0     —     —  —
    23     CS   15.810   231.9   2.61   6.43   6.79   0     —     —  —
    24     CS   16.046   207.3   2.85   6.67   7.03   0     —     —  —
    25     CS   16.293   183.6   3.10   6.92   7.28   0     —     —  —
    26     CS   16.531   159.2   3.33   7.16   7.51   1   b45     —  CHARGE, BRK-B45
    27     CS   17.864   390.4   0.26   7.41   8.07   0     —     —  —
    28     CS   18.123   363.5   0.51   7.67   8.33   0     —     —  —
    29     CS   18.370   335.6   0.76   7.92   8.58   0     —     —  —
    30     CS   18.621   307.3   1.01   8.17   8.83   0     —     —  —
    31     CS   18.888   280.4   1.28   8.43   9.10   0     —     —  —
    32     CS   19.137   251.9   1.53   8.68   9.34   0     —     —  —
    33     CS   19.505   226.0   1.90   9.05   9.71   0     —     —  —
    34   CUST   19.822   197.7   2.21   9.37  10.03   0     —    r2  REST-R2
    35     CS   29.478   182.3   0.16   0.16   0.16   0     —     —  —
    36     CS   29.694   161.3   0.37   0.37   0.37   0     —     —  —
    37     CS   29.932   141.7   0.61   0.61   0.61   0     —     —  —
    38     CS   30.164   121.7   0.84   0.84   0.84   1   b45     —  CHARGE, BRK-B45
    39     CS   32.156   390.0   0.39   1.23   1.88   0     —     —  —
    40     CS   32.369   364.5   0.60   1.45   2.09   0     —     —  —
    41     CS   32.589   339.6   0.82   1.67   2.31   0     —     —  —
    42     CS   32.802   314.1   1.04   1.88   2.52   0     —     —  —
    43     CS   33.031   290.1   1.27   2.11   2.75   0     —     —  —
    44     CS   33.279   261.5   1.51   2.36   3.00   0     —     —  —
    45     CS   33.563   235.8   1.80   2.64   3.28   0     —     —  —
    46     CS   33.805   206.5   2.04   2.88   3.53   0     —     —  —
    47     CS   34.014   182.3   2.25   3.09   3.74   0     —     —  —
    48     CS   34.223   158.0   2.46   3.30   3.94   0     —     —  —
    49     CS   34.428   133.3   2.66   3.50   4.15   1   b45     —  CHARGE, BRK-B45
    50     CS   35.904   418.2   0.26   3.76   4.66   0     —     —  —
    51     CS   36.132   393.4   0.49   3.99   4.89   0     —     —  —
    52     CS   36.356   368.1   0.71   4.21   5.11   0     —     —  —
    53     CS   36.633   343.2   0.99   4.49   5.39   0     —     —  —
    54     CS   36.877   315.9   1.23   4.74   5.63   0     —     —  —
    55     CS   37.122   288.6   1.48   4.98   5.88   0     —     —  —
    56     CS   37.330   264.2   1.68   5.19   6.08   0     —     —  —
    57     CS   37.541   240.2   1.90   5.40   6.30   0     —     —  —
    58     CS   37.786   218.7   2.14   5.64   6.54   1   b45     —  CHARGE, BRK-B45
    59     CS   39.083   390.4   0.26   5.91   7.09   0     —     —  —
    60     CS   39.338   360.9   0.52   6.16   7.34   0     —     —  —
    61     CS   39.645   335.2   0.82   6.47   7.65   0     —     —  —
    62     CS   39.857   313.6   1.04   6.68   7.86   0     —     —  —
    63     CS   40.078   292.6   1.26   6.90   8.08   0     —     —  —
    64   CUST   40.300   271.7   1.48   7.12   8.31   0     —     —  —
    65   CUST   40.841   267.1   1.52   7.17   8.85   0     —     —  —
    66     CS   41.755   247.3   1.93   7.58   9.76   0     —     —  —
    67     CS   42.015   222.1   2.19   7.84  10.02   0     —     —  —
    68     CS   42.265   196.0   2.44   8.09  10.27   0     —     —  —
    69   CUST   42.283   194.1   2.46   8.11  10.29   0     —     —  —
    70     CS   42.911   180.9   2.59   8.23  10.92   0     —     —  —
    71     CS   43.201   150.1   2.88   8.52  11.21   0     —    r2  REST-R2
    72     CS   52.657   119.2   0.29   0.29   0.29   1   b45     —  CHARGE, BRK-B45
    73     CS   54.051   399.1   0.24   0.53   0.76   0     —     —  —
    74     CS   54.278   371.8   0.47   0.76   0.98   0     —     —  —
    75     CS   54.505   344.7   0.70   0.99   1.21   0     —     —  —
    76     CS   54.741   318.3   0.93   1.22   1.45   0     —     —  —
    77     CS   54.976   296.2   1.17   1.46   1.68   0     —     —  —
    78     CS   55.207   273.8   1.40   1.69   1.91   0     —     —  —
    79     CS   55.512   254.9   1.70   1.99   2.22   0     —     —  —
    80     CS   55.762   225.6   1.95   2.24   2.47   0     —     —  —
    81     CS   56.033   198.3   2.22   2.51   2.74   0     —     —  —
    82     CS   56.337   171.1   2.53   2.82   3.04   0     —     —  —
    83     CS   56.633   143.4   2.82   3.11   3.34   1   b45     —  CHARGE, BRK-B45
    84     CS   58.180   437.1   0.24   3.36   3.85   0     —     —  —
    85     CS   58.438   413.7   0.50   3.61   4.10   0     —     —  —
    86   CUST   58.663   387.8   0.73   3.84   4.33   0     —     —  —
    87     CS   59.565   359.1   1.13   4.24   5.23   0     —     —  —
    88     CS   59.762   336.5   1.32   4.44   5.43   0     —     —  —
    89     CS   59.976   315.4   1.54   4.65   5.64   0     —     —  —
    90     CS   60.172   292.6   1.73   4.85   5.84   0     —     —  —
    91     CS   60.447   259.4   2.01   5.12   6.11   0     —     —  —
    92     CS   60.747   228.5   2.31   5.42   6.41   0     —     —  —
    93     CS   61.070   199.1   2.63   5.75   6.74   0     —     —  —
    94     CS   61.284   173.7   2.85   5.96   6.95   0     —     —  —
    95     CS   61.498   148.3   3.06   6.18   7.16   0     —     —  —
    96     CS   61.716   123.2   3.28   6.39   7.38   1   b45     —  CHARGE, BRK-B45
    97     CS   63.092   392.7   0.22   6.61   7.89   0     —     —  —
    98     CS   63.309   369.2   0.44   6.83   8.10   0     —     —  —
    99     CS   63.519   345.1   0.65   7.04   8.31   0     —     —  —
   100     CS   63.796   317.1   0.92   7.32   8.59   0     —     —  —
   101     CS   64.053   287.4   1.18   7.58   8.85   0     —     —  —
   102     CS   64.287   260.9   1.42   7.81   9.08   0     —     —  —
   103     CS   64.514   233.6   1.64   8.04   9.31   0     —     —  —
   104     CS   64.747   207.0   1.88   8.27   9.54   0     —     —  —
   105     CS   64.987   181.1   2.12   8.51   9.78   1     —    r2  CHARGE, REST-R2
   106     CS   75.328   420.9   0.27   0.27   0.27   0     —     —  —
   107     CS   75.579   391.7   0.52   0.52   0.52   0     —     —  —
   108     CS   75.842   363.7   0.78   0.78   0.78   0     —     —  —
   109     CS   76.069   338.8   1.01   1.01   1.01   0     —     —  —
   110     CS   76.313   315.1   1.25   1.25   1.25   0     —     —  —
   111     CS   76.529   289.1   1.47   1.47   1.47   0     —     —  —
   112     CS   76.739   265.0   1.68   1.68   1.68   0     —     —  —
   113     CS   76.950   240.8   1.89   1.89   1.89   0     —     —  —
   114     CS   77.217   220.5   2.15   2.15   2.15   0     —     —  —
   115     CS   77.419   196.4   2.36   2.36   2.36   0     —     —  —
   116     CS   77.622   172.3   2.56   2.56   2.56   0     —     —  —
   117     CS   77.823   148.1   2.76   2.76   2.76   1     —     —  CHARGE
   118     CS   78.950   270.7   3.05   3.05   3.89   0     —     —  —
   119     CS   79.244   242.9   3.34   3.34   4.18   0     —     —  —
[3/33] RmediumCmediumTnone_13       labelled   46 states in  70.4 min
  ScenarioTracker saved: /mnt/beegfs/users/celinep/ChargeAndBreak/ML/logs/RlongCmediumTtight_10_DAGGER1_S1_H24_20260821_120106_scenarios.json

  === SIMULATION TRAJECTORY ===
  stop   type    t_arr     soc     cd     sd     sw   y   brk   rst  action
  ───────────────────────────────────────────────────────────────────────────────────────────────
     0   ORIG    8.000   500.0   0.00   0.00   0.00   0     —     —  —
     1     CS    8.238   474.4   0.24   0.24   0.24   0     —     —  —
     2     CS    8.487   449.8   0.49   0.49   0.49   0     —     —  —
     3     CS    8.853   430.0   0.85   0.85   0.85   0     —     —  —
     4     CS    9.113   407.6   1.11   1.11   1.11   0     —     —  —
     5     CS    9.358   384.2   1.36   1.36   1.36   0     —     —  —
     6     CS    9.614   361.6   1.61   1.61   1.61   0     —     —  —
     7     CS    9.882   339.7   1.88   1.88   1.88   0     —     —  —
     8     CS   10.246   297.2   2.25   2.25   2.25   0     —     —  —
     9     CS   10.686   276.1   2.69   2.69   2.69   0     —     —  —
    10     CS   10.934   246.7   2.93   2.93   2.93   0     —     —  —
    11     CS   11.198   218.9   3.20   3.20   3.20   0     —     —  —
    12     CS   11.498   193.4   3.50   3.50   3.50   0     —     —  —
    13     CS   11.712   168.9   3.71   3.71   3.71   0     —     —  —
    14     CS   11.926   144.3   3.93   3.93   3.93   0     —     —  —
    15     CS   12.162   121.5   4.16   4.16   4.16   1   b45     —  CHARGE, BRK-B45
    16     CS   13.637   413.0   0.21   4.37   4.67   0     —     —  —
    17     CS   13.841   390.6   0.41   4.57   4.87   0     —     —  —
    18     CS   14.153   373.4   0.72   4.88   5.18   0     —     —  —
    19     CS   14.388   346.8   0.96   5.12   5.42   0     —     —  —
    20     CS   14.640   321.6   1.21   5.37   5.67   0     —     —  —
    21     CS   14.872   294.7   1.44   5.60   5.90   0     —     —  —
    22     CS   15.081   271.3   1.65   5.81   6.11   0     —     —  —
    23     CS   15.287   247.5   1.86   6.02   6.32   0     —     —  —
    24     CS   15.523   226.2   2.09   6.25   6.55   0     —     —  —
    25     CS   15.813   194.3   2.38   6.54   6.84   0     —     —  —
    26     CS   16.112   163.2   2.68   6.84   7.14   0     —     —  —
    27     CS   16.449   134.8   3.02   7.18   7.48   1   b45     —  CHARGE, BRK-B45
    28     CS   17.708   315.1   0.31   7.49   7.99   0     —     —  —
    29     CS   17.988   293.7   0.59   7.77   8.27   0     —     —  —
    30     CS   18.218   269.2   0.82   8.00   8.50   0     —     —  —
    31     CS   18.481   247.0   1.08   8.26   8.76   0     —     —  —
    32     CS   18.714   222.7   1.31   8.49   8.99   0     —     —  —
    33     CS   19.020   191.5   1.62   8.80   9.30   0     —     —  —
    34     CS   19.325   160.2   1.92   9.10   9.60   0     —     —  —
    35     CS   19.637   129.4   2.24   9.42   9.92   1   b45     —  CHARGE, BRK-B45
    36     CS   21.040   412.4   0.25   9.67  10.38   0     —    r2  REST-R2
    37     CS   30.421   388.7   0.21   0.21   0.21   0     —     —  —
    38     CS   30.634   364.9   0.43   0.43   0.43   0     —     —  —
    39     CS   30.841   342.0   0.63   0.63   0.63   0     —     —  —
    40     CS   31.039   318.2   0.83   0.83   0.83   0     —     —  —
    41     CS   31.248   295.5   1.04   1.04   1.04   0     —     —  —
    42     CS   31.497   267.8   1.29   1.29   1.29   0     —     —  —
    43     CS   31.752   240.7   1.55   1.55   1.55   0     —     —  —
    44     CS   32.013   214.0   1.81   1.81   1.81   0     —     —  —
    45     CS   32.291   181.5   2.09   2.09   2.09   0     —     —  —
    46     CS   32.574   149.4   2.37   2.37   2.37   1   b45     —  CHARGE, BRK-B45
    47     CS   34.052   423.5   0.26   2.62   2.90   0     —     —  —
    48     CS   34.298   400.2   0.50   2.87   3.14   0     —     —  —
    49     CS   34.577   378.8   0.78   3.15   3.42   0     —     —  —
    50     CS   34.802   353.9   1.01   3.37   3.65   0     —     —  —
    51     CS   35.048   326.8   1.25   3.62   3.90   0     —     —  —
    52     CS   35.346   303.1   1.55   3.92   4.19   0     —     —  —
    53     CS   35.585   275.2   1.79   4.16   4.43   0     —     —  —
    54     CS   35.823   252.6   2.03   4.39   4.67   0     —     —  —
    55     CS   36.035   227.9   2.24   4.61   4.88   0     —     —  —
    56     CS   36.265   204.6   2.47   4.84   5.11   0     —     —  —
    57     CS   36.510   178.2   2.71   5.08   5.36   0     —     —  —
    58     CS   36.768   152.7   2.97   5.34   5.61   0     —     —  —
    59     CS   37.078   130.2   3.28   5.65   5.93   1   b45     —  CHARGE, BRK-B45
    60     CS   38.594   348.1   0.52   6.17   6.69   0     —     —  —
    61     CS   38.841   324.7   0.77   6.42   6.93   0     —     —  —
    62     CS   39.071   300.0   1.00   6.65   7.16   0     —     —  —
    63     CS   39.372   279.4   1.30   6.95   7.47   0     —     —  —
    64     CS   39.620   250.5   1.54   7.19   7.71   0     —     —  —
    65     CS   39.880   222.9   1.81   7.45   7.97   0     —     —  —
    66     CS   40.125   193.8   2.05   7.70   8.22   0     —     —  —
    67     CS   40.376   165.2   2.30   7.95   8.47   0     —     —  —
    68     CS   40.843   113.4   2.77   8.42   8.94   1   b45     —  CHARGE, BRK-B45
    69     CS   42.267   384.2   0.26   8.68   9.49   0     —     —  —
    70     CS   42.548   360.3   0.54   8.96   9.77   0     —     —  —
    71     CS   42.788   333.4   0.78   9.20  10.02   0     —     —  —
    72     CS   43.084   303.6   1.08   9.49  10.31   0     —     —  —
    73     CS   43.371   273.0   1.36   9.78  10.60   0     —    r2  REST-R2
    74     CS   52.903   247.1   0.37   0.37   0.37   0     —     —  —
    75     CS   53.147   219.7   0.61   0.61   0.61   0     —     —  —
    76     CS   53.480   197.5   0.94   0.94   0.94   0     —     —  —
    77     CS   53.735   171.1   1.20   1.20   1.20   1   b45     —  CHARGE, BRK-B45
    78     CS   55.110   386.7   0.34   1.54   1.81   0     —     —  —
    79     CS   55.347   358.7   0.58   1.77   2.05   0     —     —  —
    80     CS   55.759   338.4   0.99   2.19   2.46   0     —     —  —
    81     CS   55.995   310.3   1.22   2.42   2.69   0     —     —  —
    82     CS   56.240   283.0   1.47   2.67   2.94   0     —     —  —
    83     CS   56.474   256.3   1.70   2.90   3.17   0     —     —  —
    84     CS   56.712   230.0   1.94   3.14   3.41   0     —     —  —
    85     CS   57.014   207.7   2.24   3.44   3.71   0     —     —  —
    86     CS   57.293   186.2   2.52   3.72   3.99   0     —     —  —
    87     CS   57.528   161.9   2.76   3.96   4.23   0     —     —  —
    88     CS   57.762   137.5   2.99   4.19   4.46   1   b45     —  CHARGE, BRK-B45
    89     CS   59.220   427.9   0.25   4.44   4.92   0     —     —  —
    90     CS   59.434   403.3   0.46   4.65   5.13   0     —     —  —
    91   CUST   59.709   382.7   0.74   4.92   5.41   0     —     —  —
    92   CUST   60.676   338.7   1.20   5.39   6.38   0     —     —  —
    93     CS   61.285   327.3   1.31   5.50   6.98   0     —     —  —
    94     CS   61.703   300.8   1.73   5.92   7.40   0     —     —  —
    95     CS   62.137   261.7   2.16   6.35   7.84   0     —     —  —
    96     CS   62.415   234.3   2.44   6.63   8.11   0     —     —  —
    97     CS   62.671   205.1   2.70   6.89   8.37   0     —     —  —
    98     CS   62.932   176.4   2.96   7.15   8.63   0     —     —  —
    99     CS   63.186   146.9   3.21   7.40   8.89   1   b45     —  CHARGE, BRK-B45
   100     CS   64.342   373.1   0.21   7.61   9.29   0     —     —  —
   101     CS   64.588   353.6   0.46   7.86   9.54   0     —     —  —
   102     CS   64.839   334.3   0.71   8.11   9.79   0     —     —  —
   103     CS   65.261   287.7   1.13   8.53  10.21   0     —    r2  REST-R2
   104     CS   74.699   260.4   0.27   0.27   0.27   0     —     —  —
   105     CS   74.949   231.2   0.52   0.52   0.52   0     —     —  —
   106     CS   75.211   203.1   0.78   0.78   0.78   1   b45     —  CHARGE, BRK-B45
   107     CS   76.550   383.6   0.24   1.02   1.37   0     —     —  —
   108     CS   76.810   357.6   0.50   1.28   1.63   0     —     —  —
   109     CS   77.058   330.6   0.75   1.53   1.88   0     —     —  —
   110     CS   77.336   305.9   1.03   1.81   2.16   0     —     —  —
   111     CS   77.579   279.5   1.27   2.05   2.40   0     —     —  —
   112     CS   77.824   253.5   1.51   2.30   2.65   0     —     —  —
   113     CS   78.132   230.3   1.82   2.60   2.95   0     —     —  —
   114     CS   78.391   204.2   2.08   2.86   3.21   0     —     —  —
   115     CS   78.627   176.1   2.32   3.10   3.45   0     —     —  —
   116     CS   78.864   148.0   2.55   3.34   3.69   1   b45     —  CHARGE, BRK-B45
   117     CS   80.239   323.8   0.23   3.57   4.31   0     —     —  —
   118     CS   80.457   297.9   0.45   3.78   4.53   0     —     —  —
   119     CS   80.698   274.1   0.69   4.02   4.77   0     —     —  —
   120   CUST   81.092   229.7   1.08   4.42   5.16   0     —     —  —
   121     CS   81.958   188.6   1.45   4.78   6.03   1   b45     —  CHARGE, BRK-B45
   122   CUST   83.683   294.6   0.47   5.26   7.01   0     —     —  —
   123   CUST   84.523   255.9   0.81   5.60   7.85   0     —     —  —
   124   CUST   85.060   252.2   0.85   5.63   8.38   0     —     —  —
   125     CS   85.735   234.9   1.02   5.81   9.06   0     —     —  —
   126     CS   85.740   234.2   1.03   5.81   9.06   1     —    r1  CHARGE, REST-R1
   127     CS   97.768   363.4   0.25   0.25   0.25   0     —     —  —
   128     CS   98.030   335.3   0.51   0.51   0.51   0     —     —  —
   129     CS   98.365   311.6   0.85   0.85   0.85   0     —     —  —
   130     CS   98.589   284.6   1.07   1.07   1.07   0     —     —  —
   131     CS   98.827   259.1   1.31   1.31   1.31   0     —     —  —
   132     CS   99.104   236.2   1.58   1.58   1.58   0     —     —  —
   133     CS   99.348   214.6   1.83   1.83   1.83   0     —     —  —
   134     CS   99.568   191.4   2.05   2.05   2.05   0     —     —  —
   135     CS   99.873   172.5   2.35   2.35   2.35   1   b45     —  CHARGE, BRK-B45
   136     CS  101.275   409.1   0.28   2.63   2.95   0     —     —  —
   137     CS  101.517   383.9   0.52   2.87   3.19   0     —     —  —
   138     CS  101.757   358.5   0.76   3.11   3.43   0     —     —  —
   139     CS  102.026   328.1   1.03   3.38   3.70   0     —     —  —
   140     CS  102.298   298.0   1.30   3.65   3.97   0     —     —  —
   141     CS  102.658   273.1   1.66   4.01   4.33   0     —     —  —
   142     CS  102.934   243.3   1.93   4.29   4.60   0     —     —  —
   143     CS  103.398   215.9   2.40   4.75   5.07   0     —     —  —
   144     CS  103.672   188.0   2.67   5.03   5.34   0     —     —  —
   145     CS  103.957   161.0   2.96   5.31   5.63   0     —     —  —
   146     CS  104.209   131.2   3.21   5.56   5.88   1   b45     —  CHARGE, BRK-B45
   147     CS  105.469   339.9   0.24   5.81   6.39   0     —     —  —
   148     CS  105.721   314.7   0.49   6.06   6.64   0     —     —  —
   149     CS  105.969   289.3   0.74   6.31   6.89   0     —     —  —
   150     CS  106.284   264.6   1.06   6.62   7.20   0     —     —  —
   151     CS  106.551   236.9   1.32   6.89   7.47   0     —     —  —
   152     CS  106.837   210.7   1.61   7.18   7.76   0     —     —  —
   153     CS  107.062   189.3   1.84   7.40   7.98   0     —     —  —
   154     CS  107.276   167.0   2.05   7.61   8.20   0     —     —  —
   155     CS  107.484   144.3   2.26   7.82   8.40   1   b45     —  CHARGE, BRK-B45
   156     CS  108.965   372.1   0.25   8.07   9.14   0     —     —  —
   157     CS  109.303   348.4   0.59   8.41   9.47   0     —     —  —
   158     CS  109.578   321.4   0.86   8.68   9.75   0     —    r1  REST-R1
   159     CS  121.005   290.7   0.26   0.26   0.26   0     —     —  —
   160     CS  121.263   259.9   0.52   0.52   0.52   0     —     —  —
   161     CS  121.546   231.2   0.80   0.80   0.80   0     —     —  —
   162     CS  121.859   201.5   1.11   1.11   1.11   0     —     —  —
   163     CS  122.144   169.7   1.40   1.40   1.40   1     —     —  CHARGE
   164     CS  123.068   281.7   1.62   1.62   2.32   0     —     —  —
   165     CS  123.267   259.6   1.81   1.81   2.52   0     —     —  —
[4/33] RlongCmediumTtight_10        labelled   55 states in 126.4 min
  ScenarioTracker saved: /mnt/beegfs/users/celinep/ChargeAndBreak/ML/logs/RshortCmediumTtight_14_DAGGER1_S1_H24_20260821_140728_scenarios.json

  === SIMULATION TRAJECTORY ===
  stop   type    t_arr     soc     cd     sd     sw   y   brk   rst  action
  ───────────────────────────────────────────────────────────────────────────────────────────────
     0   ORIG    8.000   500.0   0.00   0.00   0.00   0     —     —  —
     1     CS    8.241   474.7   0.24   0.24   0.24   0     —     —  —
     2     CS    8.469   448.2   0.47   0.47   0.47   0     —     —  —
     3     CS    8.698   421.9   0.70   0.70   0.70   0     —     —  —
     4     CS    8.976   389.7   0.98   0.98   0.98   0     —     —  —
     5     CS    9.268   358.8   1.27   1.27   1.27   0     —     —  —
     6     CS    9.660   333.3   1.66   1.66   1.66   0     —     —  —
     7     CS    9.993   313.7   1.99   1.99   1.99   0     —     —  —
     8     CS   10.306   293.5   2.31   2.31   2.31   0     —     —  —
     9     CS   10.656   274.2   2.66   2.66   2.66   0     —     —  —
    10     CS   10.916   246.0   2.92   2.92   2.92   0     —     —  —
    11     CS   11.173   217.4   3.17   3.17   3.17   0     —     —  —
    12     CS   11.464   186.5   3.46   3.46   3.46   0     —     —  —
    13     CS   11.743   154.5   3.74   3.74   3.74   0     —     —  —
    14     CS   12.039   123.9   4.04   4.04   4.04   1   b45     —  CHARGE, BRK-B45
    15     CS   13.646   403.3   0.26   4.30   4.71   0     —     —  —
    16     CS   13.929   378.2   0.54   4.58   4.99   0     —     —  —
    17     CS   14.182   350.8   0.79   4.83   5.24   0     —     —  —
    18     CS   14.516   312.8   1.13   5.17   5.58   0     —     —  —
    19     CS   14.774   284.4   1.39   5.43   5.83   0     —     —  —
    20     CS   15.030   255.7   1.64   5.68   6.09   0     —     —  —
    21     CS   15.282   226.7   1.90   5.93   6.34   0     —     —  —
    22     CS   15.624   203.2   2.24   6.28   6.68   1   b45     —  CHARGE, BRK-B45
    23     CS   17.082   411.7   0.29   6.56   7.39   0     —     —  —
    24     CS   17.308   385.1   0.51   6.79   7.62   0     —     —  —
    25     CS   17.553   360.1   0.76   7.04   7.86   0     —     —  —
    26     CS   17.993   315.0   1.20   7.47   8.30   0     —     —  —
    27     CS   18.225   289.6   1.43   7.71   8.54   0     —     —  —
    28     CS   18.459   264.2   1.66   7.94   8.77   0     —     —  —
    29     CS   18.727   241.4   1.93   8.21   9.04   0     —     —  —
    30   CUST   18.952   215.2   2.16   8.43   9.26   0     —     —  —
    31   CUST   19.551   204.1   2.26   8.53   9.86   0     —    r2  REST-R2
    32     CS   29.310   174.6   0.26   0.26   0.26   0     —     —  —
    33   CUST   29.585   146.4   0.53   0.53   0.53   0     —     —  —
    34     CS   30.164   137.1   0.61   0.61   1.11   1   b45     —  CHARGE, BRK-B45
    35     CS   31.199   412.7   0.01   0.62   1.33   0     —     —  —
    36     CS   31.399   389.2   0.21   0.82   1.53   0     —     —  —
    37     CS   31.597   365.4   0.41   1.02   1.73   0     —     —  —
    38     CS   31.809   343.0   0.62   1.23   1.94   0     —     —  —
    39     CS   32.077   321.6   0.89   1.50   2.21   0     —     —  —
    40     CS   32.307   297.6   1.12   1.73   2.44   0     —     —  —
    41     CS   32.532   273.2   1.34   1.95   2.66   0     —     —  —
    42     CS   32.752   249.2   1.56   2.17   2.88   0     —     —  —
    43     CS   33.056   229.7   1.86   2.48   3.19   0     —     —  —
    44   CUST   33.267   204.9   2.08   2.69   3.40   0     —     —  —
    45     CS   34.156   170.0   2.46   3.08   4.29   0     —     —  —
    46     CS   34.480   134.5   2.79   3.40   4.61   1   b45     —  CHARGE, BRK-B45
    47     CS   35.789   377.0   0.22   3.62   5.15   0     —     —  —
    48     CS   36.019   352.6   0.45   3.85   5.38   0     —     —  —
    49     CS   36.248   327.9   0.68   4.08   5.61   0     —     —  —
    50     CS   36.513   305.8   0.94   4.34   5.87   0     —     —  —
    51     CS   36.966   284.1   1.40   4.80   6.33   0     —     —  —
    52     CS   37.247   256.1   1.68   5.08   6.61   0     —     —  —
    53     CS   37.503   225.8   1.93   5.34   6.86   0     —     —  —
    54     CS   37.951   172.0   2.38   5.78   7.31   1     —     —  CHARGE
    55     CS   38.772   232.9   2.63   6.03   8.13   0     —     —  —
    56     CS   39.049   206.7   2.91   6.31   8.41   0     —     —  —
[5/33] RshortCmediumTtight_14       labelled   23 states in  23.9 min
  ScenarioTracker saved: /mnt/beegfs/users/celinep/ChargeAndBreak/ML/logs/RshortCfewTmedium_8_DAGGER1_S1_H24_20260821_143119_scenarios.json

  === SIMULATION TRAJECTORY ===
  stop   type    t_arr     soc     cd     sd     sw   y   brk   rst  action
  ───────────────────────────────────────────────────────────────────────────────────────────────
     0   ORIG    8.000   500.0   0.00   0.00   0.00   0     —     —  —
     1     CS    8.264   476.4   0.26   0.26   0.26   0     —     —  —
     2     CS    8.524   452.5   0.52   0.52   0.52   0     —     —  —
     3     CS    8.768   427.4   0.77   0.77   0.77   0     —     —  —
     4     CS    9.128   401.9   1.13   1.13   1.13   0     —     —  —
     5     CS    9.411   371.7   1.41   1.41   1.41   0     —     —  —
     6     CS    9.733   344.3   1.73   1.73   1.73   0     —     —  —
     7     CS   10.000   316.7   2.00   2.00   2.00   0     —     —  —
     8     CS   10.259   288.3   2.26   2.26   2.26   0     —     —  —
     9     CS   10.605   266.5   2.61   2.61   2.61   0     —     —  —
    10     CS   10.846   238.8   2.85   2.85   2.85   0     —     —  —
    11     CS   11.184   216.8   3.18   3.18   3.18   0     —     —  —
    12   CUST   11.460   191.9   3.46   3.46   3.46   0     —     —  —
    13     CS   12.057   180.7   3.56   3.56   4.06   1   b45     —  CHARGE, BRK-B45
    14     CS   13.477   398.6   0.33   3.89   4.67   0     —     —  —
    15     CS   13.731   375.3   0.58   4.14   4.92   0     —     —  —
    16     CS   13.978   351.5   0.83   4.39   5.17   0     —     —  —
    17     CS   14.248   329.3   1.10   4.66   5.44   0     —     —  —
    18     CS   14.473   303.6   1.32   4.88   5.67   0     —     —  —
    19   CUST   14.890   254.2   1.74   5.30   6.08   0     —     —  —
    20     CS   15.860   221.5   2.21   5.77   7.05   0     —     —  —
    21     CS   16.139   189.6   2.49   6.05   7.33   0     —     —  —
    22     CS   16.417   157.7   2.77   6.33   7.61   1   b45     —  CHARGE, BRK-B45
    23     CS   18.292   364.5   0.26   6.59   8.74   0     —     —  —
    24     CS   18.548   335.9   0.52   6.84   8.99   0     —     —  —
    25     CS   18.879   308.4   0.85   7.17   9.32   0     —     —  —
    26     CS   19.163   277.6   1.13   7.46   9.61   0     —     —  —
    27     CS   19.449   252.3   1.42   7.74   9.89   0     —     —  —
    28     CS   19.700   224.4   1.67   7.99  10.14   0     —     —  —
    29     CS   19.952   196.6   1.92   8.25  10.40   0     —     —  —
    30     CS   20.231   170.9   2.20   8.53  10.67   1   b45     —  CHARGE, BRK-B45
    31     CS   21.523   393.0   0.27   8.79  11.21   0     —     —  —
    32     CS   21.776   364.9   0.52   9.05  11.47   0     —     —  —
    33   CUST   22.029   336.8   0.77   9.30  11.72   0     —    r2  REST-R2
    34     CS   31.971   290.8   0.44   0.44   0.44   0     —     —  —
    35     CS   32.016   286.6   0.49   0.49   0.49   0     —     —  —
    36     CS   32.251   260.8   0.72   0.72   0.72   0     —     —  —
    37     CS   32.504   236.4   0.97   0.97   0.97   0     —     —  —
    38     CS   32.806   214.7   1.28   1.28   1.28   0     —     —  —
    39     CS   32.998   192.0   1.47   1.47   1.47   0     —     —  —
    40     CS   33.199   170.2   1.67   1.67   1.67   0     —     —  —
[6/33] RshortCfewTmedium_8          labelled   17 states in  11.0 min
  ScenarioTracker saved: /mnt/beegfs/users/celinep/ChargeAndBreak/ML/logs/RshortCfewTtight_14_DAGGER1_S1_H24_20260821_144219_scenarios.json

  === SIMULATION TRAJECTORY ===
  stop   type    t_arr     soc     cd     sd     sw   y   brk   rst  action
  ───────────────────────────────────────────────────────────────────────────────────────────────
     0   ORIG    8.000   500.0   0.00   0.00   0.00   0     —     —  —
     1     CS    8.226   473.3   0.23   0.23   0.23   0     —     —  —
     2     CS    8.463   447.7   0.46   0.46   0.46   0     —     —  —
     3     CS    8.704   422.4   0.70   0.70   0.70   0     —     —  —
     4     CS    9.005   396.4   1.00   1.00   1.00   0     —     —  —
     5     CS    9.262   367.1   1.26   1.26   1.26   0     —     —  —
     6     CS    9.534   339.0   1.53   1.53   1.53   0     —     —  —
     7     CS    9.824   315.0   1.82   1.82   1.82   0     —     —  —
     8     CS   10.068   287.6   2.07   2.07   2.07   0     —     —  —
     9     CS   10.318   260.8   2.32   2.32   2.32   0     —     —  —
    10     CS   10.574   231.4   2.57   2.57   2.57   0     —     —  —
    11     CS   10.826   201.5   2.83   2.83   2.83   0     —     —  —
    12   CUST   11.079   171.8   3.08   3.08   3.08   0     —     —  —
    13     CS   12.119   138.2   3.62   3.62   4.12   0     —     —  —
    14     CS   12.464   110.5   3.96   3.96   4.46   1   b45     —  CHARGE, BRK-B45
    15     CS   14.001   404.7   0.37   4.33   5.03   0     —     —  —
    16     CS   14.254   374.5   0.62   4.58   5.29   0     —     —  —
    17     CS   14.495   345.7   0.86   4.82   5.53   0     —     —  —
    18     CS   14.845   323.2   1.21   5.17   5.88   0     —     —  —
    19     CS   15.115   300.5   1.48   5.44   6.15   0     —     —  —
    20     CS   15.340   274.3   1.70   5.67   6.37   0     —     —  —
    21     CS   15.565   248.1   1.93   5.89   6.60   0     —     —  —
    22   CUST   15.805   223.3   2.17   6.13   6.84   0     —    r2  REST-R2
    23     CS   25.427   211.8   0.12   0.12   0.12   0     —     —  —
    24     CS   25.641   190.0   0.34   0.34   0.34   0     —     —  —
    25     CS   25.845   167.3   0.54   0.54   0.54   0     —     —  —
    26     CS   26.047   144.4   0.74   0.74   0.74   1   b45     —  CHARGE, BRK-B45
    27     CS   27.409   361.2   0.27   1.02   1.35   0     —     —  —
    28     CS   27.670   330.7   0.53   1.28   1.61   0     —     —  —
    29     CS   27.951   306.0   0.82   1.56   1.90   0     —     —  —
    30     CS   28.185   277.7   1.05   1.79   2.13   0     —     —  —
    31     CS   28.443   251.6   1.31   2.05   2.39   0     —     —  —
    32     CS   28.692   224.7   1.56   2.30   2.64   0     —     —  —
    33     CS   28.981   193.1   1.85   2.59   2.93   0     —     —  —
    34     CS   29.258   160.5   2.12   2.86   3.20   1   b45     —  CHARGE, BRK-B45
    35     CS   30.542   351.0   0.34   3.20   3.74   0     —     —  —
    36     CS   30.849   319.8   0.64   3.51   4.04   0     —     —  —
    37     CS   31.100   292.3   0.89   3.76   4.30   0     —     —  —
    38     CS   31.385   267.3   1.18   4.04   4.58   0     —     —  —
    39     CS   31.625   238.8   1.42   4.28   4.82   0     —     —  —
    40     CS   31.879   214.5   1.67   4.54   5.07   0     —     —  —
    41     CS   32.112   188.5   1.91   4.77   5.31   0     —     —  —
    42     CS   32.382   165.2   2.18   5.04   5.58   0     —     —  —
[7/33] RshortCfewTtight_14          labelled   17 states in  10.3 min
  ScenarioTracker saved: /mnt/beegfs/users/celinep/ChargeAndBreak/ML/logs/RshortCfewTlarge_10_DAGGER1_S1_H24_20260821_145237_scenarios.json

  === SIMULATION TRAJECTORY ===
  stop   type    t_arr     soc     cd     sd     sw   y   brk   rst  action
  ───────────────────────────────────────────────────────────────────────────────────────────────
     0   ORIG    8.000   500.0   0.00   0.00   0.00   0     —     —  —
     1     CS    8.291   477.8   0.29   0.29   0.29   0     —     —  —
     2     CS    8.517   451.1   0.52   0.52   0.52   0     —     —  —
     3     CS    8.748   425.0   0.75   0.75   0.75   0     —     —  —
     4     CS    9.050   393.4   1.05   1.05   1.05   0     —     —  —
     5     CS    9.337   360.5   1.34   1.34   1.34   0     —     —  —
     6     CS    9.615   329.9   1.61   1.61   1.61   0     —     —  —
     7     CS    9.893   299.4   1.89   1.89   1.89   0     —     —  —
     8     CS   10.181   269.7   2.18   2.18   2.18   0     —     —  —
     9     CS   10.416   245.5   2.42   2.42   2.42   0     —     —  —
    10     CS   10.654   221.7   2.65   2.65   2.65   0     —     —  —
    11     CS   10.884   197.2   2.88   2.88   2.88   0     —     —  —
    12   CUST   11.114   172.7   3.11   3.11   3.11   0     —     —  —
    13     CS   11.856   143.9   3.36   3.36   3.86   1   b45     —  CHARGE, BRK-B45
    14     CS   13.854   448.1   0.55   3.91   4.75   0     —     —  —
    15     CS   14.105   425.0   0.80   4.16   5.00   0     —     —  —
    16     CS   14.332   400.1   1.03   4.38   5.23   0     —     —  —
    17   CUST   14.572   376.2   1.27   4.62   5.47   0     —     —  —
    18     CS   15.240   357.2   1.44   4.79   6.14   0     —     —  —
    19     CS   15.547   329.2   1.74   5.10   6.44   0     —     —  —
    20     CS   15.820   300.3   2.02   5.37   6.72   0     —     —  —
    21     CS   16.098   271.9   2.29   5.65   6.99   0     —     —  —
    22     CS   16.365   242.4   2.56   5.92   7.26   0     —     —  —
    23     CS   16.621   212.0   2.82   6.17   7.52   0     —     —  —
    24     CS   16.855   186.9   3.05   6.41   7.75   0     —     —  —
    25     CS   17.077   160.6   3.27   6.63   7.97   0     —     —  —
    26     CS   17.322   136.4   3.52   6.87   8.22   1   b45     —  CHARGE, BRK-B45
    27   CUST   18.743   340.3   0.38   7.25   8.89   0     —     —  —
    28     CS   19.476   313.1   0.61   7.48   9.62   0     —     —  —
    29     CS   19.750   280.9   0.88   7.76   9.90   0     —     —  —
    30     CS   20.026   249.0   1.16   8.03  10.17   0     —     —  —
    31     CS   20.346   220.5   1.48   8.35  10.49   0     —     —  —
    32     CS   20.609   190.1   1.74   8.62  10.75   0     —     —  —
    33     CS   20.896   161.8   2.03   8.90  11.04   0     —     —  —
    34     CS   21.326   113.6   2.46   9.33  11.47   1   b45     —  CHARGE, BRK-B45
    35     CS   22.628   355.2   0.25   9.58  12.00   0     —     —  —
    36     CS   22.890   327.9   0.51   9.85  12.26   0     —    r2  REST-R2
    37     CS   32.306   299.5   0.25   0.25   0.25   0     —     —  —
    38     CS   32.627   273.9   0.57   0.57   0.57   0     —     —  —
    39     CS   32.911   246.1   0.85   0.85   0.85   0     —     —  —
    40     CS   33.174   216.5   1.12   1.12   1.12   0     —     —  —
    41     CS   33.484   186.3   1.43   1.43   1.43   0     —     —  —
    42     CS   33.773   154.4   1.72   1.72   1.72   0     —     —  —
[8/33] RshortCfewTlarge_10          labelled   11 states in   8.3 min
  ScenarioTracker saved: /mnt/beegfs/users/celinep/ChargeAndBreak/ML/logs/RmediumCmediumTlarge_9_DAGGER1_S1_H24_20260821_150053_scenarios.json

  === SIMULATION TRAJECTORY ===
  stop   type    t_arr     soc     cd     sd     sw   y   brk   rst  action
  ───────────────────────────────────────────────────────────────────────────────────────────────
     0   ORIG    8.000   500.0   0.00   0.00   0.00   0     —     —  —
     1     CS    8.400   480.8   0.40   0.40   0.40   0     —     —  —
     2     CS    8.686   458.4   0.69   0.69   0.69   0     —     —  —
     3     CS    8.933   433.6   0.93   0.93   0.93   0     —     —  —
     4     CS    9.172   408.7   1.17   1.17   1.17   0     —     —  —
     5     CS    9.496   388.2   1.50   1.50   1.50   0     —     —  —
     6     CS    9.741   363.7   1.74   1.74   1.74   0     —     —  —
     7     CS    9.970   338.0   1.97   1.97   1.97   0     —     —  —
     8     CS   10.231   307.4   2.23   2.23   2.23   0     —     —  —
     9     CS   10.508   278.3   2.51   2.51   2.51   0     —     —  —
    10     CS   10.759   250.7   2.76   2.76   2.76   0     —     —  —
    11     CS   11.013   223.5   3.01   3.01   3.01   0     —     —  —
    12     CS   11.285   197.7   3.29   3.29   3.29   0     —     —  —
    13     CS   11.648   155.2   3.65   3.65   3.65   1   b45     —  CHARGE, BRK-B45
    14     CS   13.142   405.4   0.26   3.91   4.27   0     —     —  —
    15     CS   13.399   376.9   0.51   4.16   4.53   0     —     —  —
    16     CS   13.678   350.2   0.79   4.44   4.81   0     —     —  —
    17     CS   13.932   321.3   1.05   4.70   5.06   0     —     —  —
    18   CUST   14.374   274.2   1.49   5.14   5.50   0     —     —  —
    19     CS   15.112   247.8   1.73   5.38   6.24   0     —     —  —
    20     CS   15.350   221.4   1.97   5.61   6.48   0     —     —  —
    21     CS   15.758   201.9   2.37   6.02   6.89   0     —     —  —
    22     CS   15.991   175.0   2.61   6.26   7.12   0     —     —  —
    23     CS   16.010   173.2   2.63   6.27   7.14   1   b45     —  CHARGE, BRK-B45
    24     CS   17.186   389.1   0.21   6.48   7.57   0     —     —  —
    25     CS   17.426   367.9   0.45   6.72   7.81   0     —     —  —
    26     CS   17.641   345.0   0.66   6.93   8.02   0     —     —  —
    27     CS   17.846   322.8   0.87   7.14   8.23   0     —     —  —
    28     CS   18.041   299.5   1.06   7.33   8.42   0     —     —  —
    29     CS   18.287   280.0   1.31   7.58   8.67   0     —     —  —
    30     CS   18.574   248.3   1.59   7.87   8.95   0     —     —  —
    31     CS   18.853   215.8   1.87   8.15   9.23   1   b45     —  CHARGE, BRK-B45
    32     CS   20.042   389.4   0.24   8.38   9.67   0     —     —  —
    33     CS   20.263   364.6   0.46   8.60   9.89   0     —     —  —
    34   CUST   20.495   340.8   0.69   8.83  10.13   0     —     —  —
    35     CS   21.330   315.6   1.02   9.17  10.96   0     —     —  —
    36     CS   21.653   289.8   1.35   9.49  11.28   0     —     —  —
    37     CS   21.966   263.6   1.66   9.81  11.60   0     —    r2  REST-R2
    38     CS   31.356   244.4   0.22   0.22   0.22   0     —     —  —
    39     CS   31.624   212.8   0.49   0.49   0.49   0     —     —  —
    40     CS   31.904   182.5   0.77   0.77   0.77   0     —     —  —
    41     CS   32.174   151.2   1.04   1.04   1.04   1   b45     —  CHARGE, BRK-B45
    42   CUST   33.589   390.5   0.34   1.38   1.66   0     —     —  —
    43   CUST   34.225   381.6   0.47   1.51   2.29   0     —     —  —
    44     CS   34.792   373.5   0.54   1.58   2.86   0     —     —  —
    45     CS   35.128   350.6   0.88   1.92   3.19   0     —     —  —
    46     CS   35.378   322.7   1.13   2.17   3.45   0     —     —  —
    47     CS   35.677   298.1   1.42   2.47   3.74   0     —     —  —
    48     CS   35.946   274.8   1.69   2.73   4.01   0     —     —  —
    49     CS   36.173   248.2   1.92   2.96   4.24   0     —     —  —
    50     CS   36.436   224.5   2.18   3.22   4.50   0     —     —  —
    51     CS   36.664   197.2   2.41   3.45   4.73   0     —     —  —
    52     CS   37.031   177.0   2.78   3.82   5.10   0     —     —  —
    53     CS   37.271   150.9   3.02   4.06   5.34   1   b45     —  CHARGE, BRK-B45
    54     CS   38.784   406.2   0.35   4.41   5.98   0     —     —  —
    55     CS   39.084   376.7   0.65   4.71   6.28   0     —     —  —
    56     CS   39.377   346.7   0.94   5.00   6.57   0     —     —  —
    57     CS   39.583   324.4   1.15   5.21   6.77   0     —     —  —
    58     CS   39.782   301.6   1.35   5.41   6.97   0     —     —  —
    59     CS   39.991   279.7   1.56   5.61   7.18   0     —     —  —
    60     CS   40.230   255.1   1.79   5.85   7.42   0     —     —  —
    61     CS   40.451   228.7   2.02   6.07   7.64   0     —     —  —
    62     CS   40.715   205.7   2.28   6.34   7.91   0     —     —  —
    63     CS   40.942   180.7   2.51   6.57   8.13   0     —     —  —
    64     CS   41.188   157.2   2.75   6.81   8.38   0     —     —  —
    65     CS   41.436   133.9   3.00   7.06   8.63   1   b45     —  CHARGE, BRK-B45
    66     CS   42.807   403.4   0.24   7.30   9.09   0     —     —  —
    67     CS   43.053   377.4   0.49   7.55   9.33   0     —     —  —
    68     CS   43.314   352.6   0.75   7.81   9.60   0     —     —  —
    69     CS   43.550   325.7   0.99   8.05   9.83   0     —     —  —
    70     CS   43.806   300.4   1.24   8.30  10.09   0     —     —  —
    71     CS   44.036   273.0   1.47   8.53  10.32   0     —     —  —
    72     CS   44.256   248.1   1.69   8.75  10.54   0     —     —  —
    73     CS   44.636   229.9   2.07   9.13  10.92   0     —     —  —
    74     CS   44.853   204.8   2.29   9.35  11.13   0     —     —  —
    75     CS   45.121   174.9   2.56   9.62  11.40   0     —     —  —
    76     CS   45.423   147.6   2.86   9.92  11.70   0     —    r2  REST-R2
[9/33] RmediumCmediumTlarge_9       labelled   19 states in  32.2 min
  ScenarioTracker saved: /mnt/beegfs/users/celinep/ChargeAndBreak/ML/logs/RshortCmediumTnone_8_DAGGER1_S1_H24_20260821_153304_scenarios.json

  === SIMULATION TRAJECTORY ===
  stop   type    t_arr     soc     cd     sd     sw   y   brk   rst  action
  ───────────────────────────────────────────────────────────────────────────────────────────────
     0   ORIG    8.000   500.0   0.00   0.00   0.00   0     —     —  —
     1     CS    8.286   477.6   0.29   0.29   0.29   0     —     —  —
     2     CS    8.554   454.2   0.55   0.55   0.55   0     —     —  —
     3     CS    8.798   429.2   0.80   0.80   0.80   0     —     —  —
     4     CS    9.020   406.8   1.02   1.02   1.02   0     —     —  —
     5     CS    9.236   384.0   1.24   1.24   1.24   0     —     —  —
     6     CS    9.440   360.0   1.44   1.44   1.44   0     —     —  —
     7     CS    9.705   329.8   1.70   1.70   1.70   0     —     —  —
     8     CS   10.000   302.1   2.00   2.00   2.00   0     —     —  —
     9     CS   10.266   272.0   2.27   2.27   2.27   0     —     —  —
    10     CS   10.595   245.3   2.60   2.60   2.60   0     —     —  —
    11     CS   10.875   215.2   2.87   2.87   2.87   0     —     —  —
    12     CS   11.254   189.8   3.25   3.25   3.25   0     —     —  —
    13     CS   11.530   158.3   3.53   3.53   3.53   0     —     —  —
    14     CS   11.804   126.5   3.80   3.80   3.80   1   b45     —  CHARGE, BRK-B45
    15     CS   13.084   384.2   0.23   4.03   4.28   0     —     —  —
    16     CS   13.285   361.6   0.43   4.23   4.48   0     —     —  —
    17     CS   13.632   345.0   0.78   4.58   4.83   0     —     —  —
    18     CS   13.904   317.8   1.05   4.85   5.10   0     —     —  —
    19     CS   14.153   288.4   1.30   5.10   5.35   0     —     —  —
    20   CUST   14.432   261.7   1.58   5.38   5.63   0     —     —  —
    21     CS   15.471   229.6   2.12   5.92   6.67   0     —     —  —
    22     CS   15.974   181.7   2.62   6.42   7.17   1   b45     —  CHARGE, BRK-B45
    23     CS   17.262   365.6   0.20   6.62   7.71   0     —     —  —
    24     CS   17.510   345.6   0.45   6.87   7.96   0     —     —  —
    25   CUST   17.722   323.2   0.66   7.08   8.17   0     —     —  —
    26     CS   18.563   304.9   1.00   7.42   9.01   0     —     —  —
    27     CS   18.792   282.0   1.23   7.65   9.24   0     —     —  —
    28     CS   19.011   258.2   1.45   7.87   9.46   0     —     —  —
    29   CUST   19.210   235.0   1.65   8.07   9.65   0     —     —  —
    30     CS   20.225   200.7   2.16   8.59  10.67   0     —     —  —
    31   CUST   20.488   175.9   2.43   8.85  10.93   0     —    r2  REST-R2
    32   CUST   30.279   150.9   0.29   0.29   0.29   0     —     —  —
    33     CS   30.790   149.6   0.30   0.30   0.80   1   b45     —  CHARGE, BRK-B45
    34     CS   32.099   394.0   0.25   0.55   1.28   0     —     —  —
    35     CS   32.406   369.5   0.55   0.86   1.59   0     —     —  —
    36     CS   32.749   334.5   0.90   1.20   1.93   0     —     —  —
    37     CS   33.033   305.2   1.18   1.48   2.21   0     —     —  —
    38     CS   33.300   274.4   1.45   1.75   2.48   0     —     —  —
    39   CUST   33.580   244.8   1.73   2.03   2.76   0     —     —  —
    40     CS   34.369   219.7   2.02   2.32   3.55   1   b45     —  CHARGE, BRK-B45
    41     CS   35.714   408.9   0.36   2.68   4.15   0     —     —  —
    42     CS   35.965   383.8   0.61   2.93   4.40   0     —     —  —
    43     CS   36.370   364.4   1.02   3.34   4.80   0     —     —  —
    44     CS   36.610   338.5   1.26   3.58   5.04   0     —     —  —
    45     CS   36.848   312.4   1.50   3.81   5.28   0     —     —  —
    46     CS   37.107   281.6   1.75   4.07   5.54   0     —     —  —
    47     CS   37.377   251.9   2.02   4.34   5.81   0     —     —  —
    48     CS   37.666   220.4   2.31   4.63   6.10   0     —     —  —
    49     CS   37.959   189.2   2.61   4.92   6.39   1     —     —  CHARGE
    50     CS   38.852   253.4   2.88   5.20   7.28   0     —     —  —
    51     CS   39.134   229.8   3.16   5.48   7.57   0     —     —  —
    52     CS   39.458   208.1   3.49   5.80   7.89   0     —     —  —
[10/33] RshortCmediumTnone_8         labelled   20 states in  20.4 min
  ScenarioTracker saved: /mnt/beegfs/users/celinep/ChargeAndBreak/ML/logs/RshortCmanyTnone_8_DAGGER1_S1_H24_20260821_155329_scenarios.json

  === SIMULATION TRAJECTORY ===
  stop   type    t_arr     soc     cd     sd     sw   y   brk   rst  action
  ───────────────────────────────────────────────────────────────────────────────────────────────
     0   ORIG    8.000   500.0   0.00   0.00   0.00   0     —     —  —
     1     CS    8.228   473.5   0.23   0.23   0.23   0     —     —  —
     2     CS    8.465   447.9   0.46   0.46   0.46   0     —     —  —
     3     CS    8.691   421.2   0.69   0.69   0.69   0     —     —  —
     4     CS    9.003   392.5   1.00   1.00   1.00   0     —     —  —
     5     CS    9.276   360.7   1.28   1.28   1.28   0     —     —  —
     6     CS    9.514   333.4   1.51   1.51   1.51   0     —     —  —
     7     CS    9.801   309.6   1.80   1.80   1.80   0     —     —  —
     8     CS   10.075   285.1   2.08   2.08   2.08   0     —     —  —
     9     CS   10.319   258.3   2.32   2.32   2.32   0     —     —  —
    10     CS   10.790   211.3   2.79   2.79   2.79   0     —     —  —
    11     CS   11.056   182.0   3.06   3.06   3.06   0     —     —  —
    12     CS   11.347   154.7   3.35   3.35   3.35   0     —     —  —
    13     CS   11.608   124.9   3.61   3.61   3.61   1   b45     —  CHARGE, BRK-B45
    14     CS   12.899   373.9   0.26   3.86   4.11   0     —     —  —
    15     CS   13.140   345.4   0.50   4.10   4.35   0     —     —  —
    16   CUST   13.385   317.3   0.74   4.35   4.59   0     —     —  —
    17     CS   14.133   292.0   0.99   4.60   5.34   0     —     —  —
    18     CS   14.371   265.9   1.23   4.83   5.58   0     —     —  —
    19   CUST   14.377   265.2   1.23   4.84   5.59   0     —     —  —
    20     CS   14.997   255.6   1.35   4.96   6.21   0     —     —  —
    21     CS   15.244   229.0   1.60   5.21   6.45   0     —     —  —
    22     CS   15.483   201.5   1.84   5.45   6.69   0     —     —  —
    23     CS   15.732   175.0   2.09   5.70   6.94   1   b45     —  CHARGE, BRK-B45
    24     CS   17.139   426.3   0.24   5.93   7.44   0     —     —  —
    25     CS   17.371   398.5   0.47   6.16   7.67   0     —     —  —
    26     CS   17.631   373.3   0.73   6.42   7.93   0     —     —  —
    27     CS   17.831   351.3   0.93   6.62   8.13   0     —     —  —
    28     CS   18.022   328.5   1.12   6.82   8.32   0     —     —  —
    29   CUST   18.240   308.0   1.34   7.03   8.54   0     —    r2  REST-R2
    30   CUST   27.956   286.3   0.22   0.22   0.22   0     —     —  —
    31     CS   28.641   269.8   0.40   0.40   0.90   0     —     —  —
    32   CUST   29.091   217.4   0.85   0.85   1.35   0     —     —  —
    33     CS   29.875   187.8   1.14   1.14   2.14   0     —     —  —
    34     CS   30.142   157.2   1.40   1.40   2.40   0     —     —  —
    35     CS   30.528   133.1   1.79   1.79   2.79   1   b45     —  CHARGE, BRK-B45
    36     CS   31.814   361.1   0.22   2.01   3.32   0     —     —  —
    37     CS   32.045   335.7   0.45   2.24   3.56   0     —     —  —
    38   CUST   32.283   310.9   0.69   2.48   3.79   0     —     —  —
    39   CUST   33.079   280.0   0.99   2.78   4.59   0     —     —  —
    40     CS   33.591   278.7   1.00   2.79   5.10   0     —     —  —
    41   CUST   34.197   237.9   1.61   3.39   5.71   0     —     —  —
    42     CS   34.727   234.7   1.64   3.42   6.24   0     —     —  —
    43     CS   35.025   209.5   1.93   3.72   6.54   0     —     —  —
    44     CS   35.305   183.1   2.21   4.00   6.81   0     —     —  —
    45     CS   35.557   154.5   2.47   4.25   7.07   1   b45     —  CHARGE, BRK-B45
    46     CS   36.792   381.4   0.23   4.48   7.55   0     —     —  —
    47     CS   37.046   356.4   0.48   4.74   7.81   0     —     —  —
    48     CS   37.337   333.6   0.77   5.03   8.10   0     —     —  —
    49     CS   37.607   311.0   1.04   5.30   8.37   0     —     —  —
    50     CS   37.919   290.2   1.36   5.61   8.68   0     —     —  —
    51     CS   38.160   265.7   1.60   5.85   8.92   0     —     —  —
    52     CS   38.580   245.5   2.02   6.27   9.34   0     —     —  —
    53     CS   38.869   221.4   2.31   6.56   9.63   0     —     —  —
    54     CS   39.148   196.7   2.59   6.84   9.91   0     —     —  —
    55     CS   39.428   172.1   2.87   7.12  10.19   0     —     —  —
[11/33] RshortCmanyTnone_8           labelled   21 states in  18.2 min
    [warn] teacher query failed @116: Solver failed to locate input problem file: /tmp/tmpxhjp70m7.pyomo.lp
  ScenarioTracker saved: /mnt/beegfs/users/celinep/ChargeAndBreak/ML/logs/RlongCfewTnone_7_DAGGER1_S1_H24_20260821_161143_scenarios.json

  === SIMULATION TRAJECTORY ===
  stop   type    t_arr     soc     cd     sd     sw   y   brk   rst  action
  ───────────────────────────────────────────────────────────────────────────────────────────────
     0   ORIG    8.000   500.0   0.00   0.00   0.00   0     —     —  —
     1     CS    8.237   474.4   0.24   0.24   0.24   0     —     —  —
     2     CS    8.558   453.4   0.56   0.56   0.56   0     —     —  —
     3     CS    8.789   427.2   0.79   0.79   0.79   0     —     —  —
     4     CS    9.041   400.6   1.04   1.04   1.04   0     —     —  —
     5     CS    9.293   373.9   1.29   1.29   1.29   0     —     —  —
     6     CS    9.551   347.7   1.55   1.55   1.55   0     —     —  —
     7     CS    9.837   317.1   1.84   1.84   1.84   0     —     —  —
     8     CS   10.113   285.5   2.11   2.11   2.11   0     —     —  —
     9     CS   10.370   257.8   2.37   2.37   2.37   0     —     —  —
    10     CS   10.633   230.6   2.63   2.63   2.63   0     —     —  —
    11     CS   10.884   202.2   2.88   2.88   2.88   0     —     —  —
    12     CS   11.174   169.7   3.17   3.17   3.17   0     —     —  —
    13     CS   11.457   136.4   3.46   3.46   3.46   1   b45     —  CHARGE, BRK-B45
    14     CS   12.900   404.5   0.28   3.73   3.98   0     —     —  —
    15     CS   13.162   374.9   0.54   4.00   4.24   0     —     —  —
    16     CS   13.444   346.9   0.82   4.28   4.53   0     —     —  —
    17     CS   13.714   317.2   1.09   4.55   4.80   0     —     —  —
    18     CS   13.986   287.6   1.36   4.82   5.07   0     —     —  —
    19     CS   14.259   258.2   1.63   5.09   5.34   0     —     —  —
    20     CS   14.780   214.5   2.16   5.61   5.86   0     —     —  —
    21     CS   15.033   189.3   2.41   5.87   6.11   0     —     —  —
    22     CS   15.280   163.8   2.66   6.11   6.36   0     —     —  —
    23     CS   15.613   142.7   2.99   6.45   6.70   1   b45     —  CHARGE, BRK-B45
    24     CS   17.095   395.6   0.27   6.72   7.33   0     —     —  —
    25     CS   17.353   368.2   0.53   6.98   7.59   0     —     —  —
    26     CS   17.615   341.3   0.79   7.24   7.85   0     —     —  —
    27     CS   17.857   312.5   1.04   7.48   8.10   0     —     —  —
    28     CS   18.119   287.7   1.30   7.74   8.36   0     —     —  —
    29     CS   18.396   263.9   1.57   8.02   8.63   0     —     —  —
    30     CS   18.659   235.3   1.84   8.28   8.90   0     —     —  —
    31     CS   18.950   208.9   2.13   8.58   9.19   0     —     —  —
    32     CS   19.204   179.4   2.38   8.83   9.44   0     —     —  —
    33     CS   19.497   153.1   2.68   9.12   9.74   1     —    r2  CHARGE, REST-R2
    34     CS   29.937   423.9   0.27   0.27   0.27   0     —     —  —
    35     CS   30.174   395.9   0.51   0.51   0.51   0     —     —  —
    36     CS   30.449   366.6   0.78   0.78   0.78   0     —     —  —
    37     CS   30.763   340.1   1.10   1.10   1.10   0     —     —  —
    38     CS   31.094   314.4   1.43   1.43   1.43   0     —     —  —
    39     CS   31.485   272.0   1.82   1.82   1.82   0     —     —  —
    40     CS   31.839   247.8   2.17   2.17   2.17   0     —     —  —
    41     CS   32.101   217.9   2.44   2.44   2.44   0     —     —  —
    42     CS   32.383   189.8   2.72   2.72   2.72   0     —     —  —
    43     CS   32.729   165.2   3.07   3.07   3.07   1   b45     —  CHARGE, BRK-B45
    44     CS   34.205   394.5   0.45   3.51   3.78   0     —     —  —
    45     CS   34.562   369.1   0.80   3.87   4.14   0     —     —  —
    46     CS   34.792   343.4   1.03   4.10   4.37   0     —     —  —
    47     CS   35.029   318.4   1.27   4.34   4.61   0     —     —  —
    48     CS   35.286   294.8   1.53   4.59   4.86   0     —     —  —
    49     CS   35.538   270.9   1.78   4.85   5.12   0     —     —  —
    50   CUST   36.005   223.5   2.25   5.31   5.58   0     —     —  —
    51     CS   36.663   208.3   2.40   5.47   6.24   0     —     —  —
    52     CS   36.897   182.0   2.64   5.70   6.47   0     —     —  —
    53     CS   37.161   158.0   2.90   5.97   6.74   0     —     —  —
    54     CS   37.536   138.2   3.28   6.34   7.11   1   b45     —  CHARGE, BRK-B45
    55     CS   38.927   391.3   0.25   6.60   7.68   0     —     —  —
    56     CS   39.183   367.2   0.51   6.85   7.93   0     —     —  —
    57     CS   39.430   342.4   0.76   7.10   8.18   0     —     —  —
    58     CS   39.689   312.4   1.02   7.36   8.44   0     —     —  —
    59     CS   39.953   283.0   1.28   7.62   8.70   0     —     —  —
    60     CS   40.217   253.5   1.54   7.89   8.97   0     —     —  —
    61     CS   40.668   207.1   2.00   8.34   9.42   0     —     —  —
    62     CS   40.923   182.8   2.25   8.59   9.67   0     —     —  —
    63     CS   41.207   160.4   2.53   8.88   9.96   0     —     —  —
    64     CS   41.454   135.5   2.78   9.12  10.21   1   b45     —  CHARGE, BRK-B45
    65     CS   42.926   423.1   0.19   9.32  10.69   0     —    r2  REST-R2
    66     CS   52.322   403.3   0.23   0.23   0.23   0     —     —  —
    67     CS   52.525   381.7   0.43   0.43   0.43   0     —     —  —
    68     CS   52.769   353.0   0.68   0.68   0.68   0     —     —  —
    69     CS   53.047   327.3   0.95   0.95   0.95   0     —     —  —
    70     CS   53.293   298.9   1.20   1.20   1.20   0     —     —  —
    71     CS   53.544   271.0   1.45   1.45   1.45   0     —     —  —
    72     CS   53.848   241.8   1.76   1.76   1.76   0     —     —  —
    73     CS   54.127   210.5   2.03   2.03   2.03   0     —     —  —
    74     CS   54.413   180.6   2.32   2.32   2.32   0     —     —  —
    75     CS   54.681   149.1   2.59   2.59   2.59   0     —     —  —
    76     CS   54.977   120.1   2.88   2.88   2.88   1   b45     —  CHARGE, BRK-B45
    77     CS   56.663   387.3   0.45   3.33   3.62   0     —     —  —
    78     CS   56.910   364.6   0.69   3.58   3.87   0     —     —  —
    79     CS   57.167   342.6   0.95   3.84   4.13   0     —     —  —
    80     CS   57.385   317.5   1.17   4.05   4.34   0     —     —  —
    81     CS   57.608   292.9   1.39   4.28   4.57   0     —     —  —
    82     CS   57.863   262.6   1.65   4.53   4.82   0     —     —  —
    83     CS   58.121   232.6   1.90   4.79   5.08   0     —     —  —
    84     CS   58.427   206.2   2.21   5.10   5.39   0     —     —  —
    85     CS   58.870   154.5   2.65   5.54   5.83   1   b45     —  CHARGE, BRK-B45
    86     CS   60.325   409.9   0.34   5.88   6.45   0     —     —  —
    87     CS   60.620   392.3   0.64   6.18   6.74   0     —     —  —
    88     CS   60.819   369.4   0.84   6.37   6.94   0     —     —  —
    89     CS   61.110   347.2   1.13   6.67   7.23   0     —     —  —
    90     CS   61.364   322.9   1.38   6.92   7.49   0     —     —  —
    91     CS   61.638   299.9   1.65   7.19   7.76   0     —     —  —
    92     CS   61.866   273.4   1.88   7.42   7.99   0     —     —  —
    93     CS   62.105   246.7   2.12   7.66   8.23   0     —     —  —
    94     CS   62.351   220.8   2.37   7.91   8.48   0     —     —  —
    95     CS   62.596   197.4   2.61   8.15   8.72   0     —     —  —
    96     CS   62.859   175.1   2.88   8.41   8.98   0     —     —  —
    97     CS   63.093   151.0   3.11   8.65   9.22   0     —    r2  REST-R2
    98     CS   72.531   129.2   0.27   0.27   0.27   1   b45     —  CHARGE, BRK-B45
    99     CS   74.175   387.6   0.25   0.52   1.09   0     —     —  —
   100     CS   74.398   361.9   0.47   0.74   1.31   0     —     —  —
   101     CS   74.619   336.0   0.70   0.97   1.53   0     —     —  —
   102     CS   74.840   310.0   0.92   1.19   1.75   0     —     —  —
   103     CS   75.045   287.0   1.12   1.39   1.96   0     —     —  —
   104     CS   75.276   265.9   1.35   1.62   2.19   0     —     —  —
   105     CS   75.475   242.3   1.55   1.82   2.39   0     —     —  —
   106     CS   75.937   203.0   2.01   2.28   2.85   1   b45     —  CHARGE, BRK-B45
   107     CS   77.156   396.5   0.26   2.54   3.32   0     —     —  —
   108     CS   77.424   368.9   0.53   2.81   3.58   0     —     —  —
   109     CS   77.672   339.5   0.78   3.06   3.83   0     —     —  —
   110     CS   77.925   310.6   1.03   3.31   4.09   0     —     —  —
   111     CS   78.142   287.0   1.25   3.53   4.30   0     —     —  —
   112     CS   78.350   262.7   1.45   3.74   4.51   0     —     —  —
   113     CS   78.566   239.1   1.67   3.96   4.73   0     —     —  —
   114     CS   78.827   209.7   1.93   4.22   4.99   0     —     —  —
   115     CS   79.156   184.8   2.26   4.55   5.32   1   b45     —  CHARGE, BRK-B45
   116     CS   80.486   398.6   0.22   4.76   5.90   0     —     —  —
   117     CS   80.689   375.3   0.42   4.97   6.10   0     —     —  —
   118     CS   80.893   352.2   0.63   5.17   6.30   0     —     —  —
   119     CS   81.127   326.9   0.86   5.41   6.54   0     —     —  —
   120     CS   81.413   304.9   1.15   5.69   6.82   0     —     —  —
   121     CS   81.708   283.3   1.44   5.99   7.12   0     —     —  —
   122     CS   82.006   261.9   1.74   6.28   7.42   0     —     —  —
   123     CS   82.212   239.7   1.95   6.49   7.62   0     —     —  —
   124     CS   82.407   216.5   2.14   6.69   7.82   0     —     —  —
   125     CS   82.617   194.7   2.35   6.90   8.03   1     —    r1  CHARGE, REST-R1
   126     CS   94.698   368.5   0.28   0.28   0.28   0     —     —  —
   127     CS   94.975   335.4   0.56   0.56   0.56   0     —     —  —
   128     CS   95.278   304.6   0.86   0.86   0.86   0     —     —  —
   129     CS   95.480   281.3   1.06   1.06   1.06   0     —     —  —
   130     CS   95.693   259.0   1.27   1.27   1.27   0     —     —  —
   131     CS   95.915   237.3   1.50   1.50   1.50   0     —     —  —
   132     CS   96.139   213.6   1.72   1.72   1.72   0     —     —  —
   133     CS   96.391   191.9   1.97   1.97   1.97   0     —     —  —
   134     CS   96.602   167.0   2.18   2.18   2.18   1   b45     —  CHARGE, BRK-B45
   135     CS   97.955   374.0   0.26   2.44   2.79   0     —     —  —
   136   CUST   98.217   343.6   0.52   2.71   3.05   0     —     —  —
   137     CS   99.134   306.5   0.94   3.12   3.97   0     —     —  —
   138     CS   99.346   284.4   1.15   3.34   4.18   0     —     —  —
   139     CS   99.556   262.2   1.36   3.54   4.39   0     —     —  —
   140     CS   99.769   240.3   1.57   3.76   4.60   0     —     —  —
   141     CS  100.068   213.8   1.87   4.06   4.90   0     —     —  —
   142     CS  100.321   183.6   2.13   4.31   5.15   1   b45     —  CHARGE, BRK-B45
   143     CS  101.705   393.7   0.26   4.57   5.79   0     —     —  —
   144     CS  101.985   370.5   0.54   4.85   6.07   0     —     —  —
   145     CS  102.217   343.9   0.77   5.08   6.30   0     —     —  —
   146     CS  102.482   319.8   1.04   5.35   6.56   0     —     —  —
   147     CS  102.858   276.1   1.41   5.72   6.94   0     —     —  —
   148     CS  103.125   247.6   1.68   5.99   7.21   0     —     —  —
   149     CS  103.454   223.1   2.01   6.32   7.54   0     —     —  —
   150     CS  103.708   193.4   2.26   6.57   7.79   1     —    r1  CHARGE, REST-R1
   151     CS  115.872   366.0   0.32   0.32   0.32   0     —     —  —
   152     CS  116.133   337.8   0.58   0.58   0.58   0     —     —  —
   153     CS  116.384   308.6   0.84   0.84   0.84   0     —     —  —
   154     CS  116.660   277.1   1.11   1.11   1.11   0     —     —  —
   155     CS  117.000   250.0   1.45   1.45   1.45   0     —     —  —
   156     CS  117.253   223.5   1.70   1.70   1.70   0     —     —  —
   157     CS  117.547   199.6   2.00   2.00   2.00   0     —     —  —
   158     CS  117.842   175.8   2.29   2.29   2.29   1   b45     —  CHARGE, BRK-B45
   159     CS  119.203   384.8   0.26   2.55   2.90   0     —     —  —
   160     CS  119.443   357.1   0.50   2.80   3.14   0     —     —  —
   161     CS  119.680   329.0   0.74   3.03   3.38   0     —     —  —
   162     CS  119.940   298.3   1.00   3.29   3.64   0     —     —  —
   163     CS  120.227   270.0   1.29   3.58   3.93   0     —     —  —
   164     CS  120.471   242.7   1.53   3.82   4.17   0     —     —  —
   165     CS  120.757   218.4   1.82   4.11   4.46   0     —     —  —
   166     CS  121.003   191.2   2.06   4.35   4.70   0     —     —  —
   167     CS  121.245   163.7   2.30   4.60   4.95   0     —     —  —
   168     CS  121.532   139.5   2.59   4.88   5.23   0     —     —  —
   169     CS  121.785   112.9   2.84   5.14   5.49   1   b45     —  CHARGE, BRK-B45
   170     CS  123.476   438.9   0.26   5.39   6.02   0     —     —  —
   171     CS  123.725   409.0   0.50   5.64   6.27   0     —     —  —
   172     CS  123.987   380.3   0.77   5.90   6.53   0     —     —  —
   173     CS  124.290   354.5   1.07   6.21   6.83   0     —     —  —
   174     CS  124.626   328.2   1.41   6.54   7.17   0     —     —  —
   175     CS  124.901   297.8   1.68   6.82   7.44   0     —     —  —
   176     CS  125.135   270.6   1.91   7.05   7.67   0     —     —  —
   177     CS  125.433   247.9   2.21   7.35   7.97   0     —     —  —
   178     CS  125.682   220.4   2.46   7.60   8.22   0     —     —  —
   179     CS  125.920   191.9   2.70   7.84   8.46   0     —     —  —
   180     CS  126.159   163.4   2.94   8.08   8.70   0     —     —  —
   181     CS  126.397   134.8   3.18   8.31   8.94   1     —     —  CHARGE
   182     CS  127.417   310.1   3.39   8.53   9.96   0     —     —  —
   183     CS  127.654   290.1   3.63   8.77  10.19   0     —    r1  REST-R1
[12/33] RlongCfewTnone_7             labelled   72 states in 137.0 min
  ScenarioTracker saved: /mnt/beegfs/users/celinep/ChargeAndBreak/ML/logs/RlongCmediumTmedium_14_DAGGER1_S1_H24_20260821_182843_scenarios.json

  === SIMULATION TRAJECTORY ===
  stop   type    t_arr     soc     cd     sd     sw   y   brk   rst  action
  ───────────────────────────────────────────────────────────────────────────────────────────────
     0   ORIG    8.000   500.0   0.00   0.00   0.00   0     —     —  —
     1     CS    8.228   473.5   0.23   0.23   0.23   0     —     —  —
     2     CS    8.523   451.5   0.52   0.52   0.52   0     —     —  —
     3     CS    8.755   425.4   0.75   0.75   0.75   0     —     —  —
     4     CS    9.069   394.8   1.07   1.07   1.07   0     —     —  —
     5     CS    9.454   368.0   1.45   1.45   1.45   0     —     —  —
     6     CS    9.746   335.5   1.75   1.75   1.75   0     —     —  —
     7     CS   10.019   307.2   2.02   2.02   2.02   0     —     —  —
     8     CS   10.272   277.1   2.27   2.27   2.27   0     —     —  —
     9     CS   10.588   253.0   2.59   2.59   2.59   0     —     —  —
    10     CS   10.920   229.7   2.92   2.92   2.92   0     —     —  —
    11     CS   11.190   203.0   3.19   3.19   3.19   0     —     —  —
    12     CS   11.428   176.6   3.43   3.43   3.43   0     —     —  —
    13     CS   11.674   151.0   3.67   3.67   3.67   0     —     —  —
    14     CS   11.903   123.9   3.90   3.90   3.90   1   b45     —  CHARGE, BRK-B45
    15     CS   13.317   404.4   0.23   4.13   4.38   0     —     —  —
    16     CS   13.574   381.0   0.49   4.39   4.64   0     —     —  —
    17     CS   13.799   355.0   0.71   4.62   4.86   0     —     —  —
    18     CS   14.012   332.7   0.93   4.83   5.07   0     —     —  —
    19     CS   14.223   310.2   1.14   5.04   5.29   0     —     —  —
    20     CS   14.483   290.7   1.40   5.30   5.54   0     —     —  —
    21     CS   14.779   261.7   1.69   5.60   5.84   0     —     —  —
    22     CS   15.059   231.3   1.97   5.88   6.12   0     —     —  —
    23     CS   15.335   200.6   2.25   6.15   6.40   0     —     —  —
    24     CS   15.720   160.0   2.63   6.54   6.78   1   b45     —  CHARGE, BRK-B45
    25     CS   17.158   419.9   0.23   6.77   7.31   0     —     —  —
    26     CS   17.412   396.6   0.48   7.02   7.56   0     —     —  —
    27     CS   17.637   371.1   0.71   7.25   7.79   0     —     —  —
    28     CS   17.868   346.0   0.94   7.48   8.02   0     —     —  —
    29     CS   18.187   317.2   1.26   7.80   8.34   0     —     —  —
    30     CS   18.472   285.7   1.54   8.08   8.62   0     —     —  —
    31     CS   18.752   253.7   1.82   8.36   8.90   0     —     —  —
    32     CS   19.040   224.4   2.11   8.65   9.19   0     —     —  —
    33     CS   19.397   198.9   2.47   9.01   9.55   1   b45     —  CHARGE, BRK-B45
    34     CS   20.682   408.7   0.28   9.29  10.08   0     —     —  —
    35   CUST   20.950   381.0   0.55   9.56  10.35   0     —     —  —
    36     CS   21.690   355.2   0.79   9.80  11.09   0     —    r2  REST-R2
    37     CS   31.114   330.8   0.26   0.26   0.26   0     —     —  —
    38     CS   31.343   304.1   0.49   0.49   0.49   0     —     —  —
    39   CUST   31.716   263.7   0.86   0.86   0.86   0     —     —  —
    40     CS   32.681   212.8   1.32   1.32   1.82   0     —     —  —
    41     CS   32.772   203.3   1.42   1.42   1.92   0     —     —  —
    42     CS   33.055   172.4   1.70   1.70   2.20   0     —     —  —
    43     CS   33.348   142.4   1.99   1.99   2.49   0     —     —  —
    44     CS   33.628   111.2   2.27   2.27   2.77   1   b45     —  CHARGE, BRK-B45
    45     CS   34.974   375.3   0.25   2.52   3.28   0     —     —  —
    46     CS   35.215   347.7   0.49   2.76   3.52   0     —     —  —
    47     CS   35.493   320.8   0.77   3.04   3.80   0     —     —  —
    48     CS   35.741   291.4   1.02   3.29   4.05   0     —     —  —
    49     CS   35.988   262.0   1.27   3.54   4.30   0     —     —  —
    50     CS   36.254   235.0   1.53   3.80   4.56   0     —     —  —
    51     CS   36.506   206.7   1.78   4.06   4.81   0     —     —  —
    52     CS   36.939   185.9   2.22   4.49   5.25   0     —     —  —
    53     CS   37.370   140.2   2.65   4.92   5.68   1   b45     —  CHARGE, BRK-B45
    54     CS   38.808   410.6   0.30   5.22   6.22   0     —     —  —
    55     CS   39.028   385.1   0.52   5.44   6.44   0     —     —  —
    56     CS   39.249   359.8   0.75   5.67   6.66   0     —     —  —
    57     CS   39.468   334.2   0.96   5.88   6.88   0     —     —  —
    58     CS   39.685   312.9   1.18   6.10   7.10   0     —     —  —
    59     CS   39.896   291.2   1.39   6.31   7.31   0     —     —  —
    60     CS   40.112   269.9   1.61   6.53   7.52   0     —     —  —
    61     CS   40.357   245.6   1.85   6.77   7.77   0     —     —  —
    62     CS   40.594   220.7   2.09   7.01   8.01   0     —     —  —
    63     CS   40.820   194.9   2.32   7.24   8.23   1   b45     —  CHARGE, BRK-B45
    64     CS   42.076   399.4   0.25   7.48   8.74   0     —     —  —
    65     CS   42.393   375.5   0.56   7.80   9.06   0     —     —  —
    66     CS   42.637   346.4   0.81   8.04   9.30   0     —     —  —
    67     CS   42.878   319.6   1.05   8.29   9.54   0     —     —  —
    68     CS   43.139   294.3   1.31   8.55   9.80   0     —     —  —
    69     CS   43.387   268.1   1.56   8.79  10.05   0     —     —  —
    70     CS   43.622   241.7   1.79   9.03  10.28   0     —     —  —
    71     CS   43.850   214.6   2.02   9.26  10.51   0     —     —  —
    72     CS   44.110   190.2   2.28   9.52  10.77   0     —     —  —
    73     CS   44.350   164.3   2.52   9.76  11.01   1     —    r2  CHARGE, REST-R2
    74     CS   54.367   319.4   0.20   0.20   0.20   0     —     —  —
    75     CS   54.574   297.3   0.41   0.41   0.41   0     —     —  —
    76     CS   54.774   274.5   0.61   0.61   0.61   0     —     —  —
    77     CS   55.054   243.4   0.89   0.89   0.89   0     —     —  —
    78     CS   55.328   211.7   1.16   1.16   1.16   0     —     —  —
    79     CS   55.526   188.0   1.36   1.36   1.36   0     —     —  —
    80     CS   55.868   170.9   1.70   1.70   1.70   0     —     —  —
    81   CUST   56.090   149.2   1.92   1.92   1.92   0     —     —  —
    82     CS   56.641   143.2   1.97   1.97   2.47   1   b45     —  CHARGE, BRK-B45
    83     CS   57.937   392.2   0.23   2.20   2.94   0     —     —  —
    84     CS   58.170   365.9   0.46   2.43   3.17   0     —     —  —
    85     CS   58.448   342.8   0.74   2.71   3.45   0     —     —  —
    86     CS   58.674   315.9   0.96   2.94   3.68   0     —     —  —
    87     CS   58.992   289.6   1.28   3.25   3.99   0     —     —  —
    88     CS   59.265   260.1   1.55   3.53   4.27   0     —     —  —
    89     CS   59.529   237.1   1.82   3.79   4.53   0     —     —  —
    90     CS   59.772   212.7   2.06   4.03   4.77   0     —     —  —
    91     CS   60.000   187.0   2.29   4.26   5.00   1   b45     —  CHARGE, BRK-B45
    92     CS   61.366   447.4   0.22   4.48   5.40   0     —     —  —
    93     CS   61.586   422.6   0.44   4.70   5.62   0     —     —  —
    94     CS   61.821   399.1   0.67   4.93   5.85   0     —     —  —
    95     CS   62.038   373.9   0.89   5.15   6.07   0     —     —  —
    96     CS   62.293   348.7   1.14   5.40   6.32   0     —     —  —
    97     CS   62.531   321.9   1.38   5.64   6.56   0     —     —  —
    98     CS   62.814   290.3   1.66   5.93   6.84   0     —     —  —
    99     CS   63.090   257.9   1.94   6.20   7.12   0     —     —  —
   100     CS   63.381   226.9   2.23   6.49   7.41   0     —     —  —
   101     CS   63.630   200.0   2.48   6.74   7.66   0     —     —  —
   102     CS   63.886   173.7   2.74   7.00   7.92   1   b45     —  CHARGE, BRK-B45
   103     CS   65.339   389.5   0.28   7.28   8.62   0     —     —  —
   104     CS   65.628   364.1   0.57   7.57   8.91   0     —     —  —
   105     CS   65.935   339.7   0.88   7.88   9.22   0     —     —  —
   106     CS   66.174   311.8   1.12   8.12   9.45   0     —     —  —
   107     CS   66.424   285.0   1.37   8.37   9.70   0     —     —  —
   108     CS   66.663   257.2   1.61   8.60   9.94   0     —     —  —
   109     CS   66.877   234.1   1.82   8.82  10.16   0     —    r1  REST-R1
   110     CS   78.256   211.0   0.21   0.21   0.21   0     —     —  —
   111     CS   78.474   188.3   0.43   0.43   0.43   1   b45     —  CHARGE, BRK-B45
   112     CS   79.868   387.2   0.31   0.74   1.07   0     —     —  —
   113     CS   80.149   355.3   0.59   1.03   1.36   0     —     —  —
   114   CUST   80.429   323.3   0.87   1.31   1.63   0     —     —  —
   115   CUST   80.974   319.1   0.92   1.35   2.18   0     —     —  —
   116     CS   81.703   298.7   1.15   1.58   2.91   0     —     —  —
   117     CS   81.904   276.0   1.35   1.78   3.11   0     —     —  —
   118     CS   82.119   254.6   1.56   2.00   3.32   0     —     —  —
   119     CS   82.169   248.5   1.62   2.05   3.38   0     —     —  —
   120     CS   82.368   226.5   1.81   2.24   3.57   0     —     —  —
   121     CS   82.563   204.1   2.01   2.44   3.77   0     —     —  —
   122     CS   82.758   181.7   2.20   2.63   3.96   0     —     —  —
   123     CS   83.023   150.4   2.47   2.90   4.23   0     —     —  —
   124     CS   83.327   122.2   2.77   3.20   4.53   1   b45     —  CHARGE, BRK-B45
   125     CS   84.814   385.5   0.29   3.49   5.14   0     —     —  —
   126     CS   85.121   354.3   0.59   3.80   5.44   0     —     —  —
   127     CS   85.425   322.9   0.90   4.10   5.75   0     —     —  —
   128     CS   85.708   289.6   1.18   4.39   6.03   0     —     —  —
   129     CS   85.990   256.2   1.46   4.67   6.31   0     —     —  —
   130     CS   86.205   231.7   1.68   4.88   6.53   0     —     —  —
   131     CS   86.436   208.5   1.91   5.11   6.76   0     —     —  —
   132     CS   86.687   186.8   2.16   5.36   7.01   0     —     —  —
   133     CS   86.907   161.9   2.38   5.58   7.23   0     —     —  —
   134     CS   87.123   136.8   2.60   5.80   7.44   0     —     —  —
   135     CS   87.352   112.7   2.83   6.03   7.67   1   b45     —  CHARGE, BRK-B45
   136     CS   88.890   394.7   0.35   6.38   8.29   0     —     —  —
   137     CS   89.150   364.6   0.61   6.64   8.55   0     —     —  —
   138     CS   89.444   337.4   0.90   6.93   8.85   0     —     —  —
   139     CS   89.713   308.2   1.17   7.20   9.12   0     —     —  —
   140     CS   89.976   289.4   1.43   7.46   9.38   0     —     —  —
   141     CS   90.173   266.4   1.63   7.66   9.58   0     —     —  —
   142     CS   90.369   243.3   1.83   7.86   9.77   0     —     —  —
   143     CS   90.654   217.0   2.11   8.14  10.06   0     —     —  —
   144     CS   90.919   189.1   2.38   8.40  10.32   1     —    r2  CHARGE, REST-R2
   145     CS  101.237   391.9   0.38   0.38   0.38   0     —     —  —
   146     CS  101.518   359.2   0.66   0.66   0.66   0     —     —  —
   147     CS  101.820   328.4   0.96   0.96   0.96   0     —     —  —
   148     CS  102.064   302.2   1.21   1.21   1.21   0     —     —  —
   149     CS  102.297   275.0   1.44   1.44   1.44   0     —     —  —
   150     CS  102.560   246.3   1.70   1.70   1.70   0     —     —  —
   151     CS  102.838   218.6   1.98   1.98   1.98   0     —     —  —
   152     CS  103.214   195.7   2.36   2.36   2.36   0     —     —  —
   153     CS  103.457   168.3   2.60   2.60   2.60   0     —     —  —
   154     CS  103.697   140.5   2.84   2.84   2.84   0     —     —  —
[13/33] RlongCmediumTmedium_14       labelled   57 states in  93.4 min
    [warn] teacher query failed @77: Solver (gurobi) did not exit normally
  ScenarioTracker saved: /mnt/beegfs/users/celinep/ChargeAndBreak/ML/logs/RmediumCmanyTnone_11_DAGGER1_S1_H24_20260821_200206_scenarios.json

  === SIMULATION TRAJECTORY ===
  stop   type    t_arr     soc     cd     sd     sw   y   brk   rst  action
  ───────────────────────────────────────────────────────────────────────────────────────────────
     0   ORIG    8.000   500.0   0.00   0.00   0.00   0     —     —  —
     1     CS    8.268   476.6   0.27   0.27   0.27   0     —     —  —
     2     CS    8.534   453.1   0.53   0.53   0.53   0     —     —  —
     3     CS    8.761   426.5   0.76   0.76   0.76   0     —     —  —
     4     CS    9.172   404.0   1.17   1.17   1.17   0     —     —  —
     5     CS    9.431   374.1   1.43   1.43   1.43   0     —     —  —
     6     CS    9.702   345.3   1.70   1.70   1.70   0     —     —  —
     7     CS    9.930   321.9   1.93   1.93   1.93   0     —     —  —
     8     CS   10.159   298.6   2.16   2.16   2.16   0     —     —  —
     9     CS   10.369   273.6   2.37   2.37   2.37   0     —     —  —
    10     CS   10.607   250.3   2.61   2.61   2.61   0     —     —  —
    11     CS   10.836   226.2   2.84   2.84   2.84   0     —     —  —
    12     CS   11.070   202.6   3.07   3.07   3.07   0     —     —  —
    13     CS   11.286   178.2   3.29   3.29   3.29   0     —     —  —
    14     CS   11.542   156.7   3.54   3.54   3.54   0     —     —  —
    15     CS   11.757   132.3   3.76   3.76   3.76   1   b45     —  CHARGE, BRK-B45
    16     CS   13.187   387.4   0.33   4.09   4.34   0     —     —  —
    17     CS   13.474   356.1   0.62   4.38   4.63   0     —     —  —
    18     CS   13.754   324.2   0.90   4.66   4.91   0     —     —  —
    19     CS   14.007   296.4   1.15   4.91   5.16   0     —     —  —
    20     CS   14.284   270.6   1.43   5.19   5.44   0     —     —  —
    21     CS   14.517   242.8   1.66   5.42   5.67   0     —     —  —
    22     CS   14.755   215.4   1.90   5.66   5.91   0     —     —  —
    23     CS   14.999   188.7   2.14   5.90   6.16   0     —     —  —
    24     CS   15.272   164.1   2.42   6.17   6.43   1   b45     —  CHARGE, BRK-B45
    25     CS   16.730   357.6   0.43   6.60   7.14   0     —     —  —
    26     CS   16.946   336.9   0.65   6.82   7.35   0     —     —  —
    27     CS   17.216   318.9   0.91   7.09   7.62   0     —     —  —
    28   CUST   17.431   298.2   1.13   7.30   7.84   0     —     —  —
    29   CUST   18.541   268.9   1.74   7.91   8.95   0     —     —  —
    30     CS   19.300   240.6   2.00   8.17   9.71   0     —     —  —
    31   CUST   19.731   193.7   2.43   8.60  10.14   0     —     —  —
    32     CS   20.474   165.0   2.67   8.85  10.88   0     —     —  —
    33     CS   20.853   120.4   3.05   9.23  11.26   1   b45     —  CHARGE, BRK-B45
    34     CS   22.331   386.7   0.29   9.52  11.85   0     —     —  —
    35     CS   22.609   355.4   0.57   9.79  12.13   0     —    r2  REST-R2
    36     CS   32.062   324.8   0.29   0.29   0.29   0     —     —  —
    37     CS   32.339   293.4   0.56   0.56   0.56   0     —     —  —
    38     CS   32.582   268.2   0.81   0.81   0.81   0     —     —  —
    39     CS   32.815   242.2   1.04   1.04   1.04   0     —     —  —
    40     CS   33.077   218.4   1.30   1.30   1.30   0     —     —  —
    41     CS   33.302   191.7   1.53   1.53   1.53   0     —     —  —
    42     CS   33.511   170.5   1.74   1.74   1.74   0     —     —  —
    43     CS   33.709   148.4   1.93   1.93   1.93   0     —     —  —
    44     CS   33.990   130.8   2.21   2.21   2.21   1   b45     —  CHARGE, BRK-B45
    45     CS   35.319   393.0   0.21   2.43   2.70   0     —     —  —
    46     CS   35.566   373.0   0.46   2.67   2.94   0     —     —  —
    47     CS   35.767   349.5   0.66   2.87   3.15   0     —     —  —
    48     CS   36.042   319.5   0.94   3.15   3.42   0     —     —  —
    49     CS   36.390   294.0   1.28   3.50   3.77   0     —     —  —
    50     CS   36.657   263.2   1.55   3.76   4.04   0     —     —  —
    51     CS   36.946   237.1   1.84   4.05   4.32   0     —     —  —
    52     CS   37.219   209.9   2.11   4.33   4.60   1   b45     —  CHARGE, BRK-B45
    53     CS   38.418   374.2   0.24   4.57   5.05   0     —     —  —
    54     CS   38.667   348.1   0.49   4.81   5.30   0     —     —  —
    55   CUST   38.924   322.6   0.75   5.07   5.55   0     —     —  —
    56   CUST   39.621   301.5   0.94   5.27   6.25   0     —     —  —
    57     CS   40.297   284.4   1.12   5.44   6.93   0     —     —  —
    58   CUST   40.856   249.9   1.68   6.00   7.48   0     —     —  —
    59     CS   41.507   231.7   1.83   6.15   8.14   0     —     —  —
    60     CS   41.710   209.7   2.03   6.36   8.34   0     —     —  —
    61     CS   41.904   186.8   2.23   6.55   8.53   0     —     —  —
    62     CS   42.097   163.8   2.42   6.74   8.73   1   b45     —  CHARGE, BRK-B45
    63     CS   43.486   401.8   0.33   7.07   9.29   0     —     —  —
    64     CS   43.763   371.1   0.60   7.35   9.57   0     —     —  —
    65     CS   44.042   340.7   0.88   7.63   9.85   0     —     —  —
    66     CS   44.252   318.1   1.09   7.84  10.06   0     —     —  —
    67     CS   44.457   295.0   1.30   8.04  10.27   0     —     —  —
    68     CS   44.657   271.5   1.50   8.24  10.47   0     —     —  —
    69     CS   44.936   239.5   1.78   8.52  10.74   0     —     —  —
    70     CS   45.210   206.9   2.05   8.79  11.02   0     —     —  —
    71     CS   45.496   175.4   2.34   9.08  11.30   1     —    r2  CHARGE, REST-R2
    72     CS   55.894   382.2   0.32   0.32   0.32   0     —     —  —
    73     CS   56.114   357.4   0.54   0.54   0.54   0     —     —  —
    74     CS   56.337   332.8   0.76   0.76   0.76   0     —     —  —
    75     CS   56.560   306.6   0.98   0.98   0.98   0     —     —  —
    76     CS   56.836   284.3   1.26   1.26   1.26   0     —     —  —
    77   CUST   57.066   258.9   1.49   1.49   1.49   0     —     —  —
    78     CS   57.982   210.5   1.90   1.90   2.40   0     —     —  —
    79     CS   58.159   190.0   2.08   2.08   2.58   0     —     —  —
    80     CS   58.436   158.6   2.36   2.36   2.86   0     —     —  —
    81     CS   58.712   127.0   2.63   2.63   3.13   1   b45     —  CHARGE, BRK-B45
    82     CS   60.068   402.8   0.23   2.87   3.57   0     —     —  —
    83     CS   60.307   379.0   0.47   3.10   3.81   0     —     —  —
    84     CS   60.577   357.2   0.74   3.37   4.08   0     —     —  —
    85     CS   60.794   331.5   0.96   3.59   4.30   0     —     —  —
    86     CS   61.074   297.8   1.24   3.87   4.58   0     —     —  —
    87     CS   61.432   269.9   1.60   4.23   4.94   0     —     —  —
    88     CS   61.932   245.9   2.10   4.73   5.44   0     —     —  —
    89     CS   62.292   203.1   2.46   5.09   5.80   0     —     —  —
    90     CS   62.511   179.8   2.68   5.31   6.02   0     —     —  —
    91     CS   62.718   155.2   2.88   5.52   6.22   0     —     —  —
    92     CS   62.927   131.0   3.09   5.72   6.43   1   b45     —  CHARGE, BRK-B45
    93     CS   64.185   353.5   0.31   6.03   6.94   0     —     —  —
    94     CS   64.465   323.1   0.59   6.31   7.22   0     —     —  —
    95     CS   64.772   294.8   0.89   6.62   7.53   0     —     —  —
    96     CS   65.007   267.1   1.13   6.85   7.76   0     —     —  —
    97     CS   65.246   240.0   1.37   7.09   8.00   0     —     —  —
    98     CS   65.491   213.2   1.61   7.34   8.25   0     —     —  —
    99     CS   65.735   186.5   1.86   7.58   8.49   0     —     —  —
   100     CS   65.989   158.9   2.11   7.83   8.75   0     —     —  —
[14/33] RmediumCmanyTnone_11         labelled   41 states in  60.7 min
    [warn] teacher query failed @78: Solver failed to locate input problem file: /tmp/tmp2tar9m7f.pyomo.lp
  ScenarioTracker saved: /mnt/beegfs/users/celinep/ChargeAndBreak/ML/logs/RlongCfewTtight_2_DAGGER1_S1_H24_20260821_210250_scenarios.json

  === SIMULATION TRAJECTORY ===
  stop   type    t_arr     soc     cd     sd     sw   y   brk   rst  action
  ───────────────────────────────────────────────────────────────────────────────────────────────
     0   ORIG    8.000   500.0   0.00   0.00   0.00   0     —     —  —
     1     CS    8.265   476.4   0.27   0.27   0.27   0     —     —  —
     2     CS    8.510   451.4   0.51   0.51   0.51   0     —     —  —
     3     CS    8.748   425.9   0.75   0.75   0.75   0     —     —  —
     4     CS    9.069   396.5   1.07   1.07   1.07   0     —     —  —
     5     CS    9.428   369.1   1.43   1.43   1.43   0     —     —  —
     6     CS    9.841   343.7   1.84   1.84   1.84   0     —     —  —
     7     CS   10.094   318.6   2.09   2.09   2.09   0     —     —  —
     8     CS   10.424   297.4   2.42   2.42   2.42   0     —     —  —
     9     CS   10.652   270.1   2.65   2.65   2.65   0     —     —  —
    10     CS   11.010   231.8   3.01   3.01   3.01   0     —     —  —
    11     CS   11.270   209.5   3.27   3.27   3.27   0     —     —  —
    12     CS   11.499   184.8   3.50   3.50   3.50   0     —     —  —
    13     CS   11.748   161.8   3.75   3.75   3.75   0     —     —  —
    14     CS   12.034   140.7   4.03   4.03   4.03   1   b45     —  CHARGE, BRK-B45
    15     CS   13.548   424.5   0.27   4.30   4.58   0     —     —  —
    16     CS   13.928   406.3   0.65   4.68   4.96   0     —     —  —
    17     CS   14.161   382.5   0.88   4.91   5.19   0     —     —  —
    18     CS   14.371   358.4   1.09   5.12   5.40   0     —     —  —
    19     CS   14.580   334.1   1.30   5.33   5.61   0     —     —  —
    20     CS   14.947   316.6   1.67   5.70   5.98   0     —     —  —
    21     CS   15.190   289.7   1.91   5.94   6.22   0     —     —  —
    22     CS   15.428   262.4   2.15   6.18   6.46   0     —     —  —
    23     CS   15.668   235.2   2.39   6.42   6.70   0     —     —  —
    24     CS   16.004   213.5   2.72   6.76   7.03   0     —     —  —
    25     CS   16.243   188.1   2.96   7.00   7.27   0     —     —  —
    26     CS   16.470   161.5   3.19   7.22   7.50   0     —     —  —
    27     CS   16.707   135.9   3.43   7.46   7.74   1   b45     —  CHARGE, BRK-B45
    28     CS   18.163   397.5   0.20   7.66   8.33   0     —     —  —
    29     CS   18.367   373.6   0.41   7.87   8.53   0     —     —  —
    30     CS   18.576   350.1   0.62   8.08   8.74   0     —     —  —
    31     CS   18.811   323.5   0.85   8.31   8.98   0     —     —  —
    32     CS   19.080   299.5   1.12   8.58   9.25   0     —     —  —
    33     CS   19.341   275.0   1.38   8.84   9.51   0     —     —  —
    34     CS   19.636   247.3   1.68   9.14   9.80   0     —    r2  REST-R2
    35     CS   29.214   224.3   0.41   0.41   0.41   0     —     —  —
    36     CS   29.481   192.7   0.68   0.68   0.68   0     —     —  —
    37     CS   29.762   162.4   0.96   0.96   0.96   0     —     —  —
    38     CS   30.086   135.1   1.28   1.28   1.28   1   b45     —  CHARGE, BRK-B45
    39     CS   31.456   382.5   0.26   1.55   1.84   0     —     —  —
    40     CS   31.723   353.7   0.53   1.81   2.11   0     —     —  —
    41     CS   31.975   326.5   0.78   2.07   2.36   0     —     —  —
    42     CS   32.222   298.8   1.03   2.31   2.60   0     —     —  —
    43     CS   32.547   275.9   1.35   2.64   2.93   0     —     —  —
    44     CS   32.851   252.1   1.66   2.94   3.23   0     —     —  —
    45     CS   33.091   226.7   1.90   3.18   3.47   0     —     —  —
    46     CS   33.315   199.8   2.12   3.41   3.70   0     —     —  —
    47     CS   33.598   177.3   2.41   3.69   3.98   0     —     —  —
    48     CS   33.875   150.4   2.68   3.97   4.26   0     —     —  —
    49     CS   34.127   121.4   2.93   4.22   4.51   1   b45     —  CHARGE, BRK-B45
    50     CS   35.523   376.5   0.27   4.48   5.07   0     —     —  —
    51     CS   35.788   344.7   0.53   4.75   5.33   0     —     —  —
    52     CS   36.052   312.8   0.79   5.01   5.60   0     —     —  —
    53     CS   36.278   287.7   1.02   5.24   5.82   0     —     —  —
    54     CS   36.664   269.2   1.41   5.63   6.21   0     —     —  —
    55     CS   36.913   245.9   1.66   5.87   6.46   0     —     —  —
    56     CS   37.294   202.7   2.04   6.25   6.84   0     —     —  —
    57     CS   37.511   178.3   2.25   6.47   7.06   0     —     —  —
    58     CS   37.735   154.7   2.48   6.70   7.28   0     —     —  —
    59     CS   37.959   131.0   2.70   6.92   7.50   1   b45     —  CHARGE, BRK-B45
    60     CS   39.364   387.4   0.32   7.24   8.08   0     —     —  —
    61     CS   39.658   361.0   0.62   7.54   8.37   0     —     —  —
    62     CS   39.934   333.2   0.89   7.81   8.65   0     —     —  —
    63     CS   40.196   302.0   1.15   8.07   8.91   0     —     —  —
    64     CS   40.582   277.8   1.54   8.46   9.30   0     —     —  —
    65     CS   40.852   247.4   1.81   8.73   9.57   0     —     —  —
    66     CS   41.118   222.5   2.08   9.00   9.83   0     —     —  —
    67     CS   41.373   196.8   2.33   9.25  10.09   0     —     —  —
    68     CS   41.615   170.1   2.57   9.49  10.33   1     —    r2  CHARGE, REST-R2
    69     CS   51.828   382.1   0.23   0.23   0.23   0     —     —  —
    70     CS   52.060   354.8   0.46   0.46   0.46   0     —     —  —
    71     CS   52.320   325.3   0.72   0.72   0.72   0     —     —  —
    72     CS   52.574   295.3   0.98   0.98   0.98   0     —     —  —
    73     CS   52.867   268.4   1.27   1.27   1.27   0     —     —  —
    74     CS   53.128   239.1   1.53   1.53   1.53   0     —     —  —
    75     CS   53.509   193.4   1.91   1.91   1.91   1   b45     —  CHARGE, BRK-B45
    76     CS   54.735   396.2   0.23   2.14   2.39   0     —     —  —
    77     CS   54.956   369.7   0.45   2.36   2.61   0     —     —  —
    78     CS   55.279   349.3   0.77   2.68   2.93   0     —     —  —
    79     CS   55.624   323.8   1.11   3.03   3.28   0     —     —  —
    80     CS   55.905   294.5   1.39   3.31   3.56   0     —     —  —
    81     CS   56.176   264.3   1.67   3.58   3.83   0     —     —  —
    82     CS   56.452   234.5   1.94   3.86   4.11   0     —     —  —
    83     CS   56.723   202.5   2.21   4.13   4.38   0     —     —  —
    84     CS   57.003   178.5   2.49   4.41   4.66   0     —     —  —
    85     CS   57.257   152.8   2.75   4.66   4.91   0     —     —  —
    86     CS   57.499   126.0   2.99   4.90   5.15   1   b45     —  CHARGE, BRK-B45
    87     CS   58.964   390.7   0.30   5.20   5.74   0     —     —  —
    88     CS   59.229   360.0   0.56   5.46   6.01   0     —     —  —
    89     CS   59.524   331.7   0.86   5.76   6.30   0     —     —  —
    90     CS   59.800   301.9   1.13   6.04   6.58   0     —     —  —
    91   CUST   60.121   269.7   1.45   6.36   6.90   0     —     —  —
    92     CS   60.799   249.3   1.63   6.53   7.58   0     —     —  —
    93     CS   61.060   219.3   1.89   6.79   7.84   0     —     —  —
    94     CS   61.320   189.3   2.15   7.06   8.10   1   b45     —  CHARGE, BRK-B45
    95     CS   62.576   406.1   0.26   7.31   8.59   0     —     —  —
    96     CS   62.855   381.9   0.54   7.59   8.87   0     —     —  —
    97     CS   63.108   355.9   0.79   7.85   9.13   0     —     —  —
    98   CUST   63.364   330.1   1.05   8.10   9.38   0     —     —  —
    99     CS   64.000   315.3   1.18   8.24  10.02   0     —     —  —
   100     CS   64.263   286.8   1.45   8.50  10.28   0     —     —  —
   101     CS   64.516   257.2   1.70   8.76  10.53   0     —    r2  REST-R2
   102     CS   73.941   228.8   0.26   0.26   0.26   0     —     —  —
   103     CS   74.192   199.7   0.51   0.51   0.51   1   b45     —  CHARGE, BRK-B45
   104     CS   75.410   408.3   0.26   0.77   0.98   0     —     —  —
   105     CS   75.652   383.1   0.50   1.01   1.22   0     —     —  —
   106     CS   75.883   356.8   0.73   1.24   1.45   0     —     —  —
   107     CS   76.269   334.0   1.11   1.62   1.84   0     —     —  —
   108     CS   76.524   304.0   1.37   1.88   2.09   0     —     —  —
   109     CS   76.803   276.2   1.65   2.16   2.37   0     —     —  —
   110     CS   77.061   246.6   1.91   2.42   2.63   0     —     —  —
   111     CS   77.300   219.9   2.15   2.66   2.87   0     —     —  —
   112     CS   77.676   199.7   2.52   3.03   3.24   0     —     —  —
   113     CS   77.981   169.0   2.83   3.34   3.55   0     —     —  —
   114     CS   78.414   144.2   3.26   3.77   3.98   0     —     —  —
   115     CS   78.746   115.4   3.59   4.10   4.31   1   b45     —  CHARGE, BRK-B45
   116     CS   80.121   389.6   0.26   4.36   4.78   0     —     —  —
   117     CS   80.397   360.3   0.54   4.64   5.05   0     —     —  —
   118     CS   80.632   336.1   0.77   4.87   5.29   0     —     —  —
   119     CS   80.866   311.7   1.01   5.11   5.52   0     —     —  —
   120     CS   81.094   286.8   1.24   5.34   5.75   0     —     —  —
   121     CS   81.328   260.3   1.47   5.57   5.98   0     —     —  —
   122     CS   81.601   236.7   1.74   5.84   6.26   0     —     —  —
   123     CS   81.833   210.0   1.97   6.08   6.49   0     —     —  —
   124     CS   82.065   183.4   2.21   6.31   6.72   1   b45     —  CHARGE, BRK-B45
   125     CS   83.671   442.9   0.36   6.67   7.35   0     —     —  —
   126     CS   83.954   409.7   0.64   6.95   7.64   0     —     —  —
   127     CS   84.288   380.3   0.98   7.28   7.97   0     —     —  —
   128     CS   84.597   349.4   1.29   7.59   8.28   0     —     —  —
   129     CS   84.807   325.9   1.49   7.80   8.49   0     —     —  —
   130     CS   85.083   306.6   1.77   8.08   8.76   0     —     —  —
   131     CS   85.299   283.7   1.99   8.30   8.98   0     —     —  —
   132     CS   85.596   253.2   2.28   8.59   9.28   0     —     —  —
   133     CS   85.902   223.5   2.59   8.90   9.58   0     —    r1  REST-R1
   134     CS   97.347   191.4   0.28   0.28   0.28   1   b45     —  CHARGE, BRK-B45
   135     CS   99.286   382.2   0.31   0.58   1.47   0     —     —  —
   136     CS   99.620   354.8   0.64   0.92   1.80   0     —     —  —
   137     CS   99.931   326.1   0.95   1.23   2.11   0     —     —  —
   138     CS  100.473   285.2   1.49   1.77   2.65   0     —     —  —
   139     CS  100.733   256.2   1.75   2.03   2.91   0     —     —  —
   140     CS  100.998   227.6   2.02   2.30   3.18   0     —     —  —
   141     CS  101.275   200.0   2.29   2.57   3.46   1   b45     —  CHARGE, BRK-B45
   142     CS  102.977   456.5   0.35   2.92   4.19   0     —     —  —
   143     CS  103.224   428.7   0.59   3.17   4.44   0     —     —  —
   144     CS  103.490   402.4   0.86   3.43   4.71   0     —     —  —
   145     CS  103.719   382.0   1.09   3.66   4.94   0     —     —  —
   146     CS  103.949   361.5   1.32   3.89   5.16   0     —     —  —
   147     CS  104.160   339.8   1.53   4.10   5.38   0     —     —  —
   148     CS  104.440   306.2   1.81   4.38   5.66   0     —     —  —
   149     CS  104.792   277.9   2.16   4.74   6.01   0     —     —  —
   150     CS  105.072   244.3   2.44   5.02   6.29   0     —     —  —
   151     CS  105.344   215.6   2.72   5.29   6.56   0     —     —  —
   152     CS  105.599   185.2   2.97   5.54   6.81   0     —     —  —
   153     CS  105.900   158.5   3.27   5.84   7.12   0     —     —  —
   154     CS  106.250   133.7   3.62   6.19   7.47   1   b45     —  CHARGE, BRK-B45
   155     CS  107.537   366.2   0.27   6.47   8.00   0     —     —  —
   156     CS  107.815   337.7   0.55   6.75   8.28   0     —     —  —
   157     CS  108.074   307.5   0.81   7.01   8.54   0     —     —  —
   158     CS  108.342   278.3   1.08   7.27   8.81   0     —     —  —
   159     CS  108.650   249.3   1.39   7.58   9.12   0     —     —  —
   160     CS  108.922   217.4   1.66   7.85   9.39   0     —     —  —
   161     CS  109.123   194.0   1.86   8.05   9.59   0     —     —  —
   162     CS  109.333   171.4   2.07   8.26   9.80   0     —     —  —
   163     CS  109.588   151.7   2.33   8.52  10.05   1     —    r1  CHARGE, REST-R1
   164     CS  121.759   383.4   0.25   0.25   0.25   0     —     —  —
   165     CS  121.961   360.9   0.45   0.45   0.45   0     —     —  —
   166     CS  122.170   339.0   0.66   0.66   0.66   0     —     —  —
   167     CS  122.450   310.6   0.94   0.94   0.94   0     —     —  —
   168     CS  122.829   287.2   1.32   1.32   1.32   0     —     —  —
   169     CS  123.106   258.6   1.60   1.60   1.60   0     —     —  —
   170     CS  123.440   233.5   1.93   1.93   1.93   0     —     —  —
   171     CS  123.669   208.7   2.16   2.16   2.16   0     —     —  —
   172     CS  123.939   186.7   2.43   2.43   2.43   0     —     —  —
   173     CS  124.182   163.1   2.67   2.67   2.67   0     —     —  —
   174     CS  124.517   125.0   3.01   3.01   3.01   1   b45     —  CHARGE, BRK-B45
   175     CS  125.793   264.5   0.28   3.28   3.53   0     —     —  —
   176     CS  126.073   233.3   0.56   3.56   3.81   0     —     —  —
   177     CS  126.363   203.0   0.85   3.85   4.10   0     —     —  —
   178     CS  126.575   179.0   1.06   4.07   4.32   0     —     —  —
   179     CS  126.819   157.5   1.30   4.31   4.56   0     —     —  —
[15/33] RlongCfewTtight_2            labelled   65 states in 114.9 min
  ScenarioTracker saved: /mnt/beegfs/users/celinep/ChargeAndBreak/ML/logs/RmediumCmediumTtight_16_DAGGER1_S1_H24_20260821_225743_scenarios.json

  === SIMULATION TRAJECTORY ===
  stop   type    t_arr     soc     cd     sd     sw   y   brk   rst  action
  ───────────────────────────────────────────────────────────────────────────────────────────────
     0   ORIG    8.000   500.0   0.00   0.00   0.00   0     —     —  —
     1     CS    8.237   474.4   0.24   0.24   0.24   0     —     —  —
     2     CS    8.473   448.6   0.47   0.47   0.47   0     —     —  —
     3     CS    8.698   421.9   0.70   0.70   0.70   0     —     —  —
     4     CS    8.999   393.5   1.00   1.00   1.00   0     —     —  —
     5     CS    9.269   362.6   1.27   1.27   1.27   0     —     —  —
     6     CS    9.635   335.0   1.64   1.64   1.64   0     —     —  —
     7     CS    9.929   302.7   1.93   1.93   1.93   0     —     —  —
     8     CS   10.276   274.2   2.28   2.28   2.28   0     —     —  —
     9     CS   10.491   248.8   2.49   2.49   2.49   0     —     —  —
    10     CS   10.723   225.1   2.72   2.72   2.72   0     —     —  —
    11     CS   10.955   201.3   2.96   2.96   2.96   0     —     —  —
    12     CS   11.203   178.7   3.20   3.20   3.20   1   b45     —  CHARGE, BRK-B45
    13     CS   12.995   389.8   0.64   3.84   4.22   0     —     —  —
    14     CS   13.242   367.1   0.89   4.09   4.47   0     —     —  —
    15     CS   13.464   342.5   1.11   4.31   4.69   0     —     —  —
    16     CS   13.678   317.1   1.33   4.53   4.90   0     —     —  —
    17     CS   13.892   291.6   1.54   4.74   5.12   0     —     —  —
    18     CS   14.279   267.3   1.93   5.13   5.50   0     —     —  —
    19   CUST   14.566   237.9   2.21   5.42   5.79   0     —     —  —
    20   CUST   15.468   195.3   2.61   5.82   6.69   0     —     —  —
    21     CS   16.265   161.1   2.91   6.12   7.49   1   b45     —  CHARGE, BRK-B45
    22   CUST   17.394   340.2   0.12   6.23   7.87   0     —     —  —
    23     CS   18.124   318.8   0.35   6.46   8.60   0     —     —  —
    24     CS   18.368   298.2   0.59   6.71   8.84   0     —     —  —
    25     CS   18.575   275.1   0.80   6.92   9.05   0     —     —  —
    26     CS   18.682   266.6   0.91   7.02   9.16   0     —     —  —
    27     CS   18.899   243.9   1.12   7.24   9.37   0     —     —  —
    28     CS   19.106   220.2   1.33   7.45   9.58   0     —     —  —
    29     CS   19.363   200.0   1.59   7.70   9.84   0     —     —  —
    30     CS   19.655   167.6   1.88   8.00  10.13   0     —     —  —
    31     CS   19.947   135.2   2.17   8.29  10.42   1   b45     —  CHARGE, BRK-B45
    32     CS   21.336   396.9   0.29   8.57  10.95   0     —     —  —
    33     CS   21.568   369.6   0.52   8.81  11.18   0     —     —  —
    34     CS   21.827   344.5   0.78   9.06  11.44   0     —     —  —
    35     CS   22.096   320.2   1.05   9.33  11.71   0     —    r2  REST-R2
    36     CS   31.583   291.1   0.32   0.32   0.32   0     —     —  —
    37     CS   31.895   261.4   0.63   0.63   0.63   0     —     —  —
    38     CS   32.192   230.2   0.93   0.93   0.93   0     —     —  —
    39     CS   32.476   197.8   1.21   1.21   1.21   0     —     —  —
    40   CUST   32.780   167.1   1.52   1.52   1.52   0     —     —  —
    41     CS   33.311   164.1   1.55   1.55   2.05   0     —     —  —
    42     CS   33.621   127.2   1.86   1.86   2.36   1   b45     —  CHARGE, BRK-B45
    43     CS   35.221   410.9   0.27   2.12   2.98   0     —     —  —
    44     CS   35.629   388.9   0.67   2.53   3.39   0     —     —  —
    45     CS   35.889   360.1   0.93   2.79   3.65   0     —     —  —
    46     CS   36.141   330.5   1.19   3.04   3.90   0     —     —  —
    47     CS   36.608   278.6   1.65   3.51   4.37   0     —     —  —
    48     CS   36.893   245.4   1.94   3.79   4.65   0     —     —  —
    49     CS   37.184   213.0   2.23   4.09   4.95   0     —     —  —
    50     CS   37.474   180.4   2.52   4.38   5.24   0     —     —  —
    51     CS   37.693   155.4   2.74   4.60   5.45   0     —     —  —
    52     CS   37.911   130.4   2.96   4.81   5.67   0     —     —  —
    53     CS   38.138   106.2   3.18   5.04   5.90   1   b45     —  CHARGE, BRK-B45
    54     CS   39.547   377.9   0.25   5.29   6.43   0     —     —  —
    55     CS   39.799   348.9   0.50   5.54   6.69   0     —     —  —
    56     CS   40.046   319.4   0.75   5.79   6.93   0     —     —  —
    57   CUST   40.487   272.1   1.19   6.23   7.37   0     —    r2  REST-R2
    58     CS   50.085   263.2   0.10   0.10   0.10   0     —     —  —
    59     CS   50.375   239.5   0.39   0.39   0.39   0     —     —  —
    60     CS   50.613   211.9   0.63   0.63   0.63   0     —     —  —
    61   CUST   50.930   189.4   0.94   0.94   0.94   0     —     —  —
    62     CS   51.787   154.4   1.30   1.30   1.80   1   b45     —  CHARGE, BRK-B45
    63     CS   53.131   319.9   0.29   1.59   2.39   0     —     —  —
    64     CS   53.426   290.6   0.59   1.89   2.69   0     —     —  —
    65     CS   53.653   267.1   0.81   2.11   2.92   0     —     —  —
    66     CS   53.891   244.5   1.05   2.35   3.15   0     —     —  —
    67     CS   54.107   220.1   1.27   2.57   3.37   0     —     —  —
    68     CS   54.350   195.7   1.51   2.81   3.61   0     —     —  —
    69     CS   54.617   172.9   1.78   3.08   3.88   0     —     —  —
    70     CS   54.854   148.0   2.01   3.31   4.12   1   b45     —  CHARGE, BRK-B45
    71     CS   56.294   331.5   0.44   3.76   4.81   0     —     —  —
    72     CS   56.527   305.5   0.68   3.99   5.04   0     —     —  —
    73     CS   56.782   281.3   0.93   4.25   5.30   0     —     —  —
    74     CS   57.030   256.5   1.18   4.49   5.54   0     —     —  —
    75     CS   57.254   229.7   1.40   4.72   5.77   0     —     —  —
    76     CS   57.497   206.7   1.65   4.96   6.01   0     —     —  —
    77     CS   57.712   181.4   1.86   5.18   6.23   0     —     —  —
    78     CS   57.951   158.1   2.10   5.41   6.46   1     —     —  CHARGE
    79     CS   58.847   218.5   2.36   5.67   7.36   0     —     —  —
[16/33] RmediumCmediumTtight_16      labelled   21 states in  27.2 min
  ScenarioTracker saved: /mnt/beegfs/users/celinep/ChargeAndBreak/ML/logs/RshortCmanyTnone_12_DAGGER1_S1_H24_20260821_232454_scenarios.json

  === SIMULATION TRAJECTORY ===
  stop   type    t_arr     soc     cd     sd     sw   y   brk   rst  action
  ───────────────────────────────────────────────────────────────────────────────────────────────
     0   ORIG    8.000   500.0   0.00   0.00   0.00   0     —     —  —
     1     CS    8.239   474.5   0.24   0.24   0.24   0     —     —  —
     2     CS    8.559   453.5   0.56   0.56   0.56   0     —     —  —
     3     CS    8.836   430.6   0.84   0.84   0.84   0     —     —  —
     4     CS    9.148   404.9   1.15   1.15   1.15   0     —     —  —
     5     CS    9.445   378.3   1.45   1.45   1.45   0     —     —  —
     6     CS    9.674   351.3   1.67   1.67   1.67   0     —     —  —
     7     CS    9.905   324.5   1.91   1.91   1.91   0     —     —  —
     8     CS   10.150   299.0   2.15   2.15   2.15   0     —     —  —
     9     CS   10.418   275.1   2.42   2.42   2.42   0     —     —  —
    10     CS   10.717   246.6   2.72   2.72   2.72   0     —     —  —
    11     CS   11.011   217.7   3.01   3.01   3.01   1   b45     —  CHARGE, BRK-B45
    12     CS   12.450   437.8   0.33   3.34   3.60   0     —     —  —
    13     CS   12.730   407.4   0.61   3.62   3.88   0     —     —  —
    14   CUST   12.998   375.8   0.87   3.89   4.15   0     —     —  —
    15     CS   13.793   344.8   1.17   4.18   4.95   0     —     —  —
    16   CUST   14.003   322.6   1.38   4.39   5.16   0     —     —  —
    17     CS   14.787   293.5   1.66   4.67   5.94   0     —     —  —
    18   CUST   15.056   263.2   1.93   4.94   6.21   0     —     —  —
    19   CUST   15.826   231.0   2.20   5.21   6.98   0     —     —  —
    20     CS   16.521   211.0   2.40   5.41   7.68   0     —     —  —
    21     CS   16.560   208.3   2.44   5.45   7.71   0     —     —  —
    22     CS   16.796   181.8   2.67   5.68   7.95   0     —     —  —
    23     CS   17.026   154.7   2.90   5.91   8.18   0     —     —  —
    24     CS   17.261   128.1   3.14   6.15   8.42   1   b45     —  CHARGE, BRK-B45
    25     CS   18.533   355.8   0.21   6.36   8.94   0     —     —  —
    26     CS   18.769   334.4   0.45   6.60   9.17   0     —     —  —
    27     CS   18.984   311.5   0.66   6.81   9.39   0     —     —  —
    28   CUST   19.484   262.3   1.16   7.31   9.89   0     —     —  —
    29     CS   20.129   246.0   1.31   7.46  10.53   0     —     —  —
    30     CS   20.327   223.5   1.51   7.66  10.73   0     —     —  —
    31     CS   20.530   201.4   1.71   7.86  10.93   0     —     —  —
    32   CUST   20.731   179.2   1.91   8.06  11.14   0     —    r2  REST-R2
    33   CUST   30.374   162.7   0.14   0.14   0.14   0     —     —  —
    34     CS   31.322   116.1   0.59   0.59   1.09   1   b45     —  CHARGE, BRK-B45
    35     CS   32.963   378.1   0.37   0.96   1.82   0     —     —  —
    36     CS   33.305   343.1   0.72   1.31   2.16   0     —     —  —
    37     CS   33.544   316.0   0.95   1.55   2.40   0     —     —  —
    38     CS   33.803   290.7   1.21   1.80   2.66   0     —     —  —
    39   CUST   34.046   264.0   1.46   2.05   2.90   0     —     —  —
    40   CUST   34.553   263.5   1.46   2.05   3.41   0     —     —  —
    41   CUST   35.065   262.2   1.48   2.07   3.92   0     —     —  —
    42     CS   35.798   241.3   1.71   2.30   4.65   0     —     —  —
    43     CS   36.043   221.1   1.95   2.54   4.90   0     —     —  —
    44     CS   36.269   199.8   2.18   2.77   5.12   0     —     —  —
    45   CUST   36.456   177.8   2.37   2.96   5.31   0     —     —  —
    46     CS   36.974   175.9   2.38   2.98   5.83   0     —     —  —
    47     CS   37.208   152.6   2.62   3.21   6.06   0     —     —  —
    48     CS   37.424   127.8   2.83   3.43   6.28   0     —     —  —
    49     CS   37.662   104.9   3.07   3.66   6.52   1   b45     —  CHARGE, BRK-B45
    50     CS   39.061   351.8   0.37   4.03   7.13   0     —     —  —
    51     CS   39.362   320.1   0.67   4.33   7.43   0     —     —  —
    52     CS   39.665   288.7   0.97   4.64   7.73   0     —     —  —
    53     CS   39.922   260.2   1.23   4.89   7.99   0     —     —  —
    54     CS   40.176   231.3   1.48   5.15   8.25   0     —     —  —
    55     CS   40.438   208.2   1.74   5.41   8.51   0     —     —  —
    56     CS   40.662   182.2   1.97   5.63   8.73   0     —     —  —
[17/33] RshortCmanyTnone_12          labelled   20 states in  24.2 min
  ScenarioTracker saved: /mnt/beegfs/users/celinep/ChargeAndBreak/ML/logs/RshortCmediumTlarge_4_DAGGER1_S1_H24_20260821_234904_scenarios.json

  === SIMULATION TRAJECTORY ===
  stop   type    t_arr     soc     cd     sd     sw   y   brk   rst  action
  ───────────────────────────────────────────────────────────────────────────────────────────────
     0   ORIG    8.000   500.0   0.00   0.00   0.00   0     —     —  —
     1     CS    8.233   474.0   0.23   0.23   0.23   0     —     —  —
     2     CS    8.486   449.6   0.49   0.49   0.49   0     —     —  —
     3     CS    8.762   426.7   0.76   0.76   0.76   0     —     —  —
     4     CS    9.056   395.6   1.06   1.06   1.06   0     —     —  —
     5     CS    9.338   363.4   1.34   1.34   1.34   0     —     —  —
     6     CS    9.568   340.9   1.57   1.57   1.57   0     —     —  —
     7     CS    9.774   316.4   1.77   1.77   1.77   0     —     —  —
     8     CS    9.982   292.0   1.98   1.98   1.98   0     —     —  —
     9     CS   10.331   270.7   2.33   2.33   2.33   0     —     —  —
    10     CS   10.594   245.4   2.59   2.59   2.59   0     —     —  —
    11     CS   10.831   218.0   2.83   2.83   2.83   0     —     —  —
    12     CS   11.107   193.6   3.11   3.11   3.11   1   b45     —  CHARGE, BRK-B45
    13     CS   12.697   448.9   0.27   3.38   3.71   0     —     —  —
    14   CUST   13.014   422.5   0.59   3.70   4.03   0     —     —  —
    15     CS   13.799   399.8   0.87   3.98   4.82   0     —     —  —
    16     CS   14.042   374.2   1.12   4.22   5.06   0     —     —  —
    17     CS   14.323   351.3   1.40   4.50   5.34   0     —     —  —
    18   CUST   14.614   324.3   1.69   4.80   5.63   0     —     —  —
    19     CS   15.276   304.8   1.85   4.96   6.29   0     —     —  —
    20   CUST   15.717   254.0   2.29   5.40   6.73   0     —    r2  REST-R2
    21     CS   25.223   253.4   0.01   0.01   0.01   0     —     —  —
    22     CS   25.663   202.5   0.45   0.45   0.45   1   b45     —  CHARGE, BRK-B45
    23     CS   27.094   423.7   0.24   0.68   1.07   0     —     —  —
    24     CS   27.321   397.8   0.47   0.91   1.30   0     —     —  —
    25     CS   27.558   372.7   0.70   1.15   1.53   0     —     —  —
    26     CS   27.789   347.1   0.93   1.38   1.76   0     —     —  —
    27     CS   28.122   320.3   1.27   1.71   2.10   0     —     —  —
    28     CS   28.403   290.0   1.55   1.99   2.38   0     —     —  —
    29     CS   28.698   260.8   1.84   2.29   2.67   0     —     —  —
    30     CS   29.109   213.3   2.25   2.70   3.08   1   b45     —  CHARGE, BRK-B45
    31     CS   30.826   401.8   0.26   2.96   4.05   0     —     —  —
    32     CS   31.088   375.4   0.53   3.23   4.31   0     —     —  —
    33     CS   31.366   350.1   0.80   3.50   4.59   0     —     —  —
    34     CS   31.609   322.1   1.05   3.75   4.83   0     —     —  —
    35     CS   31.987   285.4   1.42   4.12   5.21   0     —     —  —
    36     CS   32.240   257.2   1.68   4.38   5.47   0     —     —  —
    37     CS   32.540   232.2   1.98   4.68   5.76   0     —     —  —
    38     CS   32.787   203.4   2.22   4.92   6.01   0     —     —  —
    39     CS   33.078   177.8   2.51   5.21   6.30   1   b45     —  CHARGE, BRK-B45
    40     CS   34.681   361.1   0.25   5.46   7.16   0     —     —  —
    41   CUST   34.935   333.5   0.50   5.71   7.41   0     —     —  —
    42     CS   35.663   308.2   0.73   5.94   8.14   0     —     —  —
    43     CS   36.012   288.7   1.08   6.29   8.49   0     —     —  —
    44     CS   36.272   265.8   1.34   6.55   8.75   0     —     —  —
    45     CS   36.353   257.8   1.42   6.63   8.83   0     —     —  —
    46     CS   36.606   232.0   1.67   6.88   9.08   0     —     —  —
    47     CS   36.861   206.3   1.93   7.14   9.34   0     —     —  —
    48     CS   37.103   179.6   2.17   7.38   9.58   0     —     —  —
    49     CS   37.362   151.2   2.43   7.64   9.84   0     —     —  —
    50     CS   37.617   122.6   2.68   7.90  10.09   1     —    r2  CHARGE, REST-R2
    51     CS   47.664   256.5   0.32   0.32   0.32   0     —     —  —
    52     CS   48.036   233.0   0.69   0.69   0.69   0     —     —  —
    53     CS   48.313   204.6   0.97   0.97   0.97   0     —     —  —
    54     CS   48.509   181.5   1.17   1.17   1.17   0     —     —  —
    55     CS   48.710   158.9   1.37   1.37   1.37   0     —     —  —
[18/33] RshortCmediumTlarge_4        labelled   20 states in  32.1 min
  ScenarioTracker saved: /mnt/beegfs/users/celinep/ChargeAndBreak/ML/logs/RmediumCfewTlarge_2_DAGGER1_S1_H24_20260822_002108_scenarios.json

  === SIMULATION TRAJECTORY ===
  stop   type    t_arr     soc     cd     sd     sw   y   brk   rst  action
  ───────────────────────────────────────────────────────────────────────────────────────────────
     0   ORIG    8.000   500.0   0.00   0.00   0.00   0     —     —  —
     1     CS    8.301   478.2   0.30   0.30   0.30   0     —     —  —
     2     CS    8.548   453.4   0.55   0.55   0.55   0     —     —  —
     3     CS    8.783   427.6   0.78   0.78   0.78   0     —     —  —
     4     CS    9.066   395.1   1.07   1.07   1.07   0     —     —  —
     5     CS    9.356   363.3   1.36   1.36   1.36   0     —     —  —
     6     CS    9.655   332.3   1.66   1.66   1.66   0     —     —  —
     7     CS    9.869   306.8   1.87   1.87   1.87   0     —     —  —
     8     CS   10.088   281.9   2.09   2.09   2.09   0     —     —  —
     9     CS   10.315   257.8   2.32   2.32   2.32   0     —     —  —
    10     CS   10.588   230.5   2.59   2.59   2.59   0     —     —  —
    11     CS   10.841   201.6   2.84   2.84   2.84   0     —     —  —
    12     CS   11.117   174.7   3.12   3.12   3.12   1   b45     —  CHARGE, BRK-B45
    13     CS   12.588   363.5   0.51   3.63   3.84   0     —     —  —
    14     CS   12.885   333.8   0.81   3.92   4.14   0     —     —  —
    15     CS   13.158   302.0   1.08   4.20   4.41   0     —     —  —
    16     CS   13.445   273.6   1.36   4.48   4.70   0     —     —  —
    17     CS   13.718   244.1   1.64   4.75   4.97   0     —     —  —
    18     CS   14.003   215.7   1.92   5.04   5.25   0     —     —  —
    19     CS   14.211   194.5   2.13   5.25   5.46   0     —     —  —
    20     CS   14.427   173.8   2.35   5.46   5.68   0     —     —  —
    21     CS   14.640   152.9   2.56   5.68   5.89   1   b45     —  CHARGE, BRK-B45
    22     CS   16.031   396.6   0.23   5.90   6.46   0     —     —  —
    23     CS   16.258   370.7   0.45   6.13   6.69   0     —     —  —
    24     CS   16.509   346.7   0.70   6.38   6.94   0     —     —  —
    25   CUST   16.735   320.6   0.93   6.61   7.17   0     —     —  —
    26     CS   17.481   291.6   1.18   6.85   7.91   0     —     —  —
    27     CS   17.726   262.6   1.42   7.10   8.16   0     —     —  —
    28     CS   18.068   226.4   1.76   7.44   8.50   0     —     —  —
    29     CS   18.411   186.7   2.11   7.78   8.84   1   b45     —  CHARGE, BRK-B45
    30     CS   19.755   401.9   0.28   8.07   9.43   0     —     —  —
    31     CS   20.015   373.7   0.54   8.33   9.70   0     —     —  —
    32     CS   20.363   350.4   0.89   8.67  10.04   0     —     —  —
    33     CS   20.645   323.8   1.17   8.96  10.32   0     —     —  —
    34     CS   20.885   295.3   1.41   9.20  10.56   0     —     —  —
    35     CS   21.129   267.1   1.66   9.44  10.81   0     —     —  —
    36     CS   21.370   238.6   1.90   9.68  11.05   1     —    r2  CHARGE, REST-R2
    37     CS   31.718   318.0   0.78   0.78   0.78   0     —     —  —
    38     CS   32.014   286.0   1.08   1.08   1.08   0     —     —  —
    39     CS   32.303   253.3   1.37   1.37   1.37   0     —     —  —
    40     CS   32.520   227.3   1.58   1.58   1.58   0     —     —  —
    41     CS   32.757   203.2   1.82   1.82   1.82   0     —     —  —
    42     CS   32.977   177.6   2.04   2.04   2.04   1   b45     —  CHARGE, BRK-B45
    43     CS   34.417   433.9   0.24   2.28   2.53   0     —     —  —
    44     CS   34.665   406.0   0.49   2.53   2.78   0     —     —  —
    45     CS   34.987   382.9   0.81   2.85   3.10   0     —     —  —
    46     CS   35.246   359.6   1.07   3.11   3.36   0     —     —  —
    47     CS   35.545   338.3   1.37   3.41   3.66   0     —     —  —
    48     CS   35.776   313.0   1.60   3.64   3.89   0     —     —  —
    49     CS   35.982   289.2   1.81   3.85   4.10   0     —     —  —
    50     CS   36.254   269.7   2.08   4.12   4.37   0     —     —  —
    51   CUST   36.468   246.7   2.29   4.33   4.58   0     —     —  —
    52     CS   37.076   234.1   2.40   4.44   5.19   0     —     —  —
    53     CS   37.299   209.9   2.62   4.66   5.41   0     —     —  —
    54     CS   37.538   186.9   2.86   4.90   5.65   0     —     —  —
    55     CS   37.852   167.4   3.18   5.22   5.97   0     —     —  —
    56     CS   38.065   142.2   3.39   5.43   6.18   1   b45     —  CHARGE, BRK-B45
    57     CS   39.413   391.2   0.25   5.67   6.69   0     —     —  —
    58     CS   39.715   365.9   0.55   5.98   6.99   0     —     —  —
    59     CS   39.973   337.4   0.81   6.23   7.25   0     —     —  —
    60     CS   40.235   308.2   1.07   6.50   7.51   0     —     —  —
    61     CS   40.489   278.1   1.32   6.75   7.76   0     —     —  —
    62     CS   40.768   250.0   1.60   7.03   8.04   0     —     —  —
    63     CS   41.049   221.9   1.88   7.31   8.32   0     —     —  —
    64     CS   41.304   191.5   2.14   7.57   8.58   0     —     —  —
    65     CS   41.552   170.8   2.38   7.81   8.83   0     —     —  —
    66     CS   41.804   150.4   2.64   8.07   9.08   0     —     —  —
    67     CS   42.010   126.6   2.84   8.27   9.28   1   b45     —  CHARGE, BRK-B45
    68     CS   43.511   392.3   0.28   8.55   9.88   0     —     —  —
    69     CS   43.794   361.5   0.56   8.83  10.17   0     —    r2  REST-R2
    70   CUST   53.255   331.5   0.29   0.29   0.29   0     —     —  —
    71     CS   53.926   312.8   0.46   0.46   0.96   0     —     —  —
    72     CS   54.111   295.2   0.65   0.65   1.15   0     —     —  —
    73     CS   54.433   266.6   0.97   0.97   1.47   0     —     —  —
    74     CS   54.718   235.1   1.26   1.26   1.76   0     —     —  —
    75     CS   55.059   207.5   1.60   1.60   2.10   1   b45     —  CHARGE, BRK-B45
    76     CS   56.509   421.9   0.32   1.92   2.75   0     —     —  —
    77     CS   56.784   391.9   0.59   2.19   3.03   0     —     —  —
    78     CS   57.077   363.3   0.89   2.49   3.32   0     —     —  —
    79     CS   57.335   332.4   1.15   2.74   3.58   0     —     —  —
    80     CS   57.600   302.2   1.41   3.01   3.84   0     —     —  —
    81     CS   57.836   282.2   1.65   3.24   4.08   0     —     —  —
    82     CS   58.050   260.7   1.86   3.46   4.29   0     —     —  —
    83     CS   58.269   239.6   2.08   3.68   4.51   0     —     —  —
    84     CS   58.491   213.7   2.30   3.90   4.74   0     —     —  —
    85     CS   58.711   187.6   2.52   4.12   4.96   0     —     —  —
    86     CS   58.960   164.1   2.77   4.37   5.20   0     —     —  —
    87     CS   59.203   140.0   3.01   4.61   5.45   1     —     —  CHARGE
    88     CS   60.020   224.9   3.28   4.88   6.26   0     —     —  —
[19/33] RmediumCfewTlarge_2          labelled   25 states in  36.8 min
    [warn] teacher query failed @6: Solver (gurobi) did not exit normally
    [warn] teacher query failed @72: Solver failed to locate input problem file: /tmp/tmp53r4rnfs.pyomo.lp
    [warn] teacher query failed @149: Solver (gurobi) did not exit normally
  ScenarioTracker saved: /mnt/beegfs/users/celinep/ChargeAndBreak/ML/logs/RlongCmanyTnone_4_DAGGER1_S1_H24_20260822_005755_scenarios.json

  === SIMULATION TRAJECTORY ===
  stop   type    t_arr     soc     cd     sd     sw   y   brk   rst  action
  ───────────────────────────────────────────────────────────────────────────────────────────────
     0   ORIG    8.000   500.0   0.00   0.00   0.00   0     —     —  —
     1     CS    8.264   476.4   0.26   0.26   0.26   0     —     —  —
     2     CS    8.520   452.2   0.52   0.52   0.52   0     —     —  —
     3     CS    8.751   426.1   0.75   0.75   0.75   0     —     —  —
     4     CS    9.033   392.6   1.03   1.03   1.03   0     —     —  —
     5     CS    9.321   359.8   1.32   1.32   1.32   0     —     —  —
     6     CS    9.617   327.7   1.62   1.62   1.62   0     —     —  —
     7     CS    9.915   301.2   1.92   1.92   1.92   0     —     —  —
     8     CS   10.185   272.6   2.18   2.18   2.18   0     —     —  —
     9     CS   10.398   247.2   2.40   2.40   2.40   0     —     —  —
    10     CS   10.640   224.1   2.64   2.64   2.64   0     —     —  —
    11     CS   10.864   199.7   2.86   2.86   2.86   0     —     —  —
    12     CS   11.097   176.0   3.10   3.10   3.10   1   b45     —  CHARGE, BRK-B45
    13     CS   12.501   405.7   0.32   3.42   3.65   0     —     —  —
    14     CS   12.727   379.0   0.54   3.64   3.87   0     —     —  —
    15     CS   12.962   353.2   0.78   3.88   4.11   0     —     —  —
    16     CS   13.190   326.7   1.01   4.11   4.34   0     —     —  —
    17     CS   13.423   300.7   1.24   4.34   4.57   0     —     —  —
    18     CS   13.706   270.6   1.52   4.62   4.85   0     —     —  —
    19     CS   13.991   240.7   1.81   4.91   5.14   0     —     —  —
    20     CS   14.260   209.3   2.08   5.18   5.41   0     —     —  —
    21     CS   14.459   187.3   2.28   5.37   5.61   0     —     —  —
    22     CS   14.655   164.9   2.47   5.57   5.80   0     —     —  —
    23     CS   14.850   142.5   2.67   5.77   6.00   1   b45     —  CHARGE, BRK-B45
    24     CS   16.239   411.6   0.21   5.98   6.47   0     —     —  —
    25     CS   16.506   391.3   0.48   6.24   6.74   0     —     —  —
    26     CS   16.747   369.5   0.72   6.48   6.98   0     —     —  —
    27     CS   16.998   343.5   0.97   6.73   7.23   0     —     —  —
    28     CS   17.249   317.6   1.22   6.99   7.48   0     —     —  —
    29     CS   17.500   291.6   1.47   7.24   7.73   0     —     —  —
    30     CS   17.816   261.8   1.79   7.55   8.05   0     —     —  —
    31     CS   18.100   229.5   2.07   7.84   8.33   0     —     —  —
    32     CS   18.405   198.9   2.38   8.14   8.64   0     —     —  —
    33     CS   18.760   160.3   2.73   8.50   8.99   1   b45     —  CHARGE, BRK-B45
    34     CS   20.077   355.1   0.28   8.78   9.56   0     —     —  —
    35     CS   20.349   323.1   0.55   9.05   9.83   0     —     —  —
    36     CS   20.633   292.4   0.84   9.33  10.12   0     —     —  —
    37     CS   20.929   262.5   1.13   9.63  10.41   0     —    r2  REST-R2
    38     CS   30.431   235.2   0.34   0.34   0.34   0     —     —  —
    39     CS   30.709   203.8   0.61   0.61   0.61   0     —     —  —
    40     CS   31.175   162.7   1.08   1.08   1.08   1   b45     —  CHARGE, BRK-B45
    41     CS   32.636   419.1   0.26   1.34   1.64   0     —     —  —
    42     CS   32.900   394.9   0.52   1.60   1.91   0     —     —  —
    43     CS   33.140   369.0   0.76   1.84   2.15   0     —     —  —
    44     CS   33.377   342.7   1.00   2.08   2.38   0     —     —  —
    45     CS   33.629   313.7   1.25   2.33   2.64   0     —     —  —
    46     CS   33.896   286.1   1.52   2.60   2.90   0     —     —  —
    47   CUST   34.151   257.4   1.77   2.85   3.16   0     —     —  —
    48   CUST   34.680   254.1   1.80   2.88   3.69   0     —     —  —
    49   CUST   35.240   247.7   1.86   2.94   4.25   0     —     —  —
    50   CUST   35.740   247.7   1.86   2.94   4.75   0     —     —  —
    51     CS   36.351   236.5   1.97   3.05   5.36   0     —     —  —
    52     CS   36.795   195.1   2.42   3.50   5.80   0     —     —  —
    53     CS   36.993   172.9   2.61   3.69   6.00   0     —     —  —
    54     CS   37.197   151.4   2.82   3.90   6.21   0     —     —  —
    55     CS   37.389   128.7   3.01   4.09   6.40   1   b45     —  CHARGE, BRK-B45
    56     CS   38.790   401.0   0.24   4.33   6.89   0     —     —  —
    57     CS   39.118   380.3   0.57   4.66   7.22   0     —     —  —
    58     CS   39.346   353.8   0.80   4.89   7.45   0     —     —  —
    59     CS   39.579   329.4   1.03   5.12   7.68   0     —     —  —
    60     CS   39.814   305.0   1.26   5.35   7.91   0     —     —  —
    61     CS   40.136   285.1   1.59   5.68   8.24   0     —     —  —
    62     CS   40.396   259.6   1.85   5.94   8.50   0     —     —  —
    63     CS   40.662   234.6   2.11   6.20   8.76   0     —     —  —
    64     CS   40.906   207.8   2.36   6.45   9.01   0     —     —  —
    65     CS   41.142   180.4   2.59   6.68   9.24   1   b45     —  CHARGE, BRK-B45
    66     CS   42.388   378.8   0.24   6.92   9.74   0     —     —  —
    67     CS   42.630   351.3   0.48   7.16   9.98   0     —     —  —
    68     CS   42.870   323.5   0.72   7.40  10.22   0     —     —  —
    69     CS   43.265   276.8   1.11   7.80  10.62   0     —     —  —
    70     CS   43.506   249.7   1.35   8.04  10.86   0     —     —  —
    71     CS   43.746   222.6   1.59   8.28  11.10   0     —     —  —
    72     CS   43.992   196.0   1.84   8.52  11.34   0     —     —  —
    73     CS   44.247   170.2   2.09   8.78  11.60   0     —     —  —
    74     CS   44.444   148.0   2.29   8.98  11.80   0     —     —  —
    75     CS   44.650   126.5   2.50   9.18  12.00   0     —     —  —
    76     CS   44.855   105.1   2.70   9.39  12.21   1     —    r2  CHARGE, REST-R2
    77     CS   55.358   392.4   0.20   0.20   0.20   0     —     —  —
    78     CS   55.568   369.0   0.41   0.41   0.41   0     —     —  —
    79     CS   55.778   345.6   0.62   0.62   0.62   0     —     —  —
    80     CS   56.047   316.6   0.89   0.89   0.89   0     —     —  —
    81     CS   56.308   286.9   1.15   1.15   1.15   0     —     —  —
    82     CS   56.578   258.0   1.42   1.42   1.42   0     —     —  —
    83     CS   56.981   209.5   1.83   1.83   1.83   0     —     —  —
    84     CS   57.244   178.4   2.09   2.09   2.09   0     —     —  —
    85     CS   57.521   148.4   2.37   2.37   2.37   0     —     —  —
    86     CS   57.797   118.5   2.64   2.64   2.64   1   b45     —  CHARGE, BRK-B45
    87     CS   59.479   420.8   0.22   2.86   3.28   0     —     —  —
    88     CS   59.704   394.9   0.45   3.09   3.51   0     —     —  —
    89     CS   59.946   370.4   0.69   3.33   3.75   0     —     —  —
    90     CS   60.263   342.0   1.01   3.65   4.07   0     —     —  —
    91   CUST   60.614   315.5   1.36   4.00   4.42   0     —     —  —
    92     CS   61.370   296.8   1.61   4.26   5.18   0     —     —  —
    93     CS   61.608   277.1   1.85   4.49   5.41   0     —     —  —
    94     CS   61.803   254.3   2.05   4.69   5.61   0     —     —  —
    95     CS   61.974   239.9   2.22   4.86   5.78   0     —     —  —
    96     CS   62.208   214.0   2.45   5.09   6.01   0     —     —  —
    97     CS   62.444   188.2   2.69   5.33   6.25   0     —     —  —
    98   CUST   62.708   164.6   2.95   5.59   6.51   0     —     —  —
    99     CS   63.271   157.4   3.02   5.66   7.08   1   b45     —  CHARGE, BRK-B45
   100     CS   64.632   408.2   0.29   5.95   7.60   0     —     —  —
   101     CS   64.858   384.2   0.52   6.18   7.83   0     —     —  —
   102     CS   65.212   365.8   0.87   6.53   8.18   0     —     —  —
   103     CS   65.426   340.6   1.09   6.74   8.40   0     —     —  —
   104     CS   65.679   316.9   1.34   7.00   8.65   0     —     —  —
   105     CS   65.899   290.5   1.56   7.22   8.87   0     —     —  —
   106     CS   66.119   264.0   1.78   7.44   9.09   0     —     —  —
   107     CS   66.382   234.8   2.04   7.70   9.35   0     —     —  —
   108     CS   66.661   207.0   2.32   7.98   9.63   0     —     —  —
   109     CS   66.902   181.0   2.56   8.22   9.87   0     —     —  —
   110     CS   67.146   155.1   2.81   8.46  10.12   0     —     —  —
   111     CS   67.451   133.0   3.11   8.77  10.42   1     —    r1  CHARGE, REST-R1
   112     CS   79.892   375.2   0.24   0.24   0.24   0     —     —  —
   113     CS   80.137   350.2   0.48   0.48   0.48   0     —     —  —
   114     CS   80.407   327.0   0.75   0.75   0.75   0     —     —  —
   115     CS   80.631   300.1   0.98   0.98   0.98   0     —     —  —
   116     CS   80.883   274.6   1.23   1.23   1.23   0     —     —  —
   117     CS   81.250   254.1   1.60   1.60   1.60   0     —     —  —
   118     CS   81.468   232.9   1.82   1.82   1.82   0     —     —  —
   119     CS   81.679   211.1   2.03   2.03   2.03   0     —     —  —
   120     CS   81.873   187.8   2.22   2.22   2.22   1   b45     —  CHARGE, BRK-B45
   121     CS   83.200   387.1   0.25   2.48   2.80   0     —     —  —
   122     CS   83.452   360.4   0.51   2.73   3.05   0     —     —  —
   123     CS   83.687   332.2   0.74   2.96   3.28   0     —     —  —
   124     CS   83.945   306.0   1.00   3.22   3.54   0     —     —  —
   125     CS   84.248   283.8   1.30   3.52   3.85   0     —     —  —
   126     CS   84.482   257.1   1.54   3.76   4.08   0     —     —  —
   127     CS   84.712   230.0   1.77   3.99   4.31   0     —     —  —
   128     CS   85.219   181.4   2.27   4.49   4.82   1   b45     —  CHARGE, BRK-B45
   129     CS   86.606   402.9   0.20   4.70   5.45   0     —     —  —
   130     CS   86.814   380.2   0.41   4.91   5.66   0     —     —  —
   131     CS   87.062   360.2   0.66   5.15   5.90   0     —     —  —
   132     CS   87.307   330.5   0.91   5.40   6.15   0     —     —  —
   133     CS   87.561   301.6   1.16   5.65   6.40   0     —     —  —
   134     CS   87.816   272.9   1.41   5.91   6.66   0     —     —  —
   135     CS   88.102   246.6   1.70   6.19   6.94   0     —     —  —
   136     CS   88.357   217.9   1.96   6.45   7.20   0     —     —  —
   137     CS   88.623   190.2   2.22   6.72   7.47   0     —     —  —
   138     CS   88.883   161.9   2.48   6.98   7.73   0     —     —  —
   139   CUST   89.158   130.3   2.76   7.25   8.00   0     —    r2  REST-R2
   140     CS   98.724   123.3   0.07   0.07   0.07   1   b45     —  CHARGE, BRK-B45
   141     CS  100.207   403.7   0.24   0.30   0.60   0     —     —  —
   142     CS  100.449   376.5   0.48   0.54   0.84   0     —     —  —
   143     CS  100.724   351.9   0.75   0.82   1.12   0     —     —  —
   144     CS  101.014   326.9   1.04   1.11   1.41   0     —     —  —
   145     CS  101.288   300.8   1.32   1.38   1.68   0     —     —  —
   146     CS  101.536   272.6   1.56   1.63   1.93   0     —     —  —
   147     CS  101.918   251.1   1.95   2.01   2.31   0     —     —  —
   148     CS  102.342   225.5   2.37   2.44   2.74   0     —     —  —
   149     CS  102.596   200.5   2.62   2.69   2.99   0     —     —  —
   150     CS  102.836   174.4   2.87   2.93   3.23   0     —     —  —
   151     CS  103.071   147.8   3.10   3.17   3.47   1   b45     —  CHARGE, BRK-B45
   152     CS  104.397   385.5   0.28   3.44   3.98   0     —     —  —
   153     CS  104.762   359.1   0.64   3.81   4.35   0     —     —  —
   154     CS  105.105   331.8   0.99   4.15   4.69   0     —     —  —
   155     CS  105.473   305.5   1.35   4.52   5.06   0     —     —  —
   156     CS  105.932   257.5   1.81   4.98   5.52   0     —     —  —
   157     CS  106.160   231.1   2.04   5.21   5.75   0     —     —  —
   158     CS  106.421   207.3   2.30   5.47   6.01   0     —     —  —
   159     CS  106.661   181.9   2.54   5.71   6.25   1   b45     —  CHARGE, BRK-B45
   160     CS  108.035   386.6   0.26   5.97   6.87   0     —     —  —
   161     CS  108.268   360.0   0.49   6.20   7.10   0     —     —  —
   162     CS  108.559   337.4   0.78   6.49   7.39   0     —     —  —
   163     CS  108.788   310.4   1.01   6.72   7.62   0     —     —  —
   164     CS  109.105   275.5   1.33   7.04   7.94   0     —     —  —
   165     CS  109.345   252.3   1.57   7.28   8.18   0     —     —  —
   166     CS  109.579   228.7   1.80   7.51   8.41   0     —     —  —
   167     CS  109.793   203.3   2.02   7.72   8.63   0     —     —  —
   168     CS  110.047   181.1   2.27   7.98   8.88   1     —    r1  CHARGE, REST-R1
   169     CS  122.281   357.5   0.25   0.25   0.25   0     —     —  —
   170     CS  122.518   331.9   0.49   0.49   0.49   0     —     —  —
   171     CS  122.793   308.9   0.77   0.77   0.77   0     —     —  —
   172     CS  123.019   283.5   0.99   0.99   0.99   0     —     —  —
   173     CS  123.265   259.7   1.24   1.24   1.24   0     —     —  —
   174     CS  123.502   235.1   1.48   1.48   1.48   0     —     —  —
   175     CS  123.725   209.3   1.70   1.70   1.70   0     —     —  —
   176     CS  123.947   187.7   1.92   1.92   1.92   0     —     —  —
   177     CS  124.167   166.0   2.14   2.14   2.14   0     —     —  —
   178     CS  124.375   143.2   2.35   2.35   2.35   1     —     —  CHARGE
   179     CS  125.269   248.6   2.60   2.60   3.24   0     —     —  —
[20/33] RlongCmanyTnone_4            labelled   67 states in 128.9 min
  ScenarioTracker saved: /mnt/beegfs/users/celinep/ChargeAndBreak/ML/logs/RshortCmediumTlarge_9_DAGGER1_S1_H24_20260822_030648_scenarios.json

  === SIMULATION TRAJECTORY ===
  stop   type    t_arr     soc     cd     sd     sw   y   brk   rst  action
  ───────────────────────────────────────────────────────────────────────────────────────────────
     0   ORIG    8.000   500.0   0.00   0.00   0.00   0     —     —  —
     1     CS    8.232   473.9   0.23   0.23   0.23   0     —     —  —
     2     CS    8.465   447.9   0.46   0.46   0.46   0     —     —  —
     3     CS    8.703   422.4   0.70   0.70   0.70   0     —     —  —
     4     CS    8.916   396.8   0.92   0.92   0.92   0     —     —  —
     5     CS    9.136   372.1   1.14   1.14   1.14   0     —     —  —
     6     CS    9.350   346.6   1.35   1.35   1.35   0     —     —  —
     7     CS    9.637   326.0   1.64   1.64   1.64   0     —     —  —
     8     CS    9.872   302.4   1.87   1.87   1.87   0     —     —  —
     9   CUST   10.085   276.9   2.08   2.08   2.08   0     —     —  —
    10     CS   10.839   249.8   2.34   2.34   2.84   0     —     —  —
    11     CS   11.211   228.4   2.71   2.71   3.21   0     —     —  —
    12   CUST   11.595   200.7   3.10   3.10   3.60   0     —     —  —
    13   CUST   12.113   198.8   3.11   3.11   4.11   0     —     —  —
    14     CS   13.011   154.8   3.51   3.51   5.01   0     —     —  —
    15     CS   13.120   142.2   3.62   3.62   5.12   1   b45     —  CHARGE, BRK-B45
    16     CS   14.553   398.5   0.26   3.88   5.69   0     —     —  —
    17     CS   14.818   371.3   0.53   4.15   5.95   0     —     —  —
    18     CS   15.072   343.1   0.78   4.40   6.20   0     —     —  —
    19     CS   15.359   317.4   1.07   4.69   6.49   0     —     —  —
    20     CS   15.630   285.3   1.34   4.96   6.76   0     —     —  —
    21     CS   15.927   255.6   1.63   5.25   7.06   0     —     —  —
    22     CS   16.285   231.0   1.99   5.61   7.42   0     —     —  —
    23     CS   16.573   202.8   2.28   5.90   7.71   0     —     —  —
    24     CS   16.848   173.5   2.56   6.18   7.98   0     —     —  —
    25     CS   17.111   143.1   2.82   6.44   8.24   0     —     —  —
    26     CS   17.379   113.2   3.09   6.71   8.51   1   b45     —  CHARGE, BRK-B45
    27     CS   18.902   411.8   0.26   6.97   9.04   0     —     —  —
    28     CS   19.188   390.3   0.55   7.25   9.33   0     —     —  —
    29     CS   19.416   365.1   0.78   7.48   9.56   0     —     —  —
    30     CS   19.653   340.6   1.01   7.72   9.79   0     —     —  —
    31     CS   20.049   298.6   1.41   8.11  10.19   0     —     —  —
    32     CS   20.289   275.5   1.65   8.36  10.43   0     —     —  —
    33     CS   20.506   250.4   1.87   8.57  10.65   0     —     —  —
    34   CUST   20.734   226.3   2.09   8.80  10.87   0     —    r2  REST-R2
    35   CUST   30.253   224.4   0.02   0.02   0.02   0     —     —  —
    36   CUST   30.800   219.3   0.07   0.07   0.57   0     —     —  —
    37     CS   31.715   172.1   0.48   0.48   1.48   0     —     —  —
    38     CS   31.961   152.9   0.73   0.73   1.73   0     —     —  —
    39     CS   32.186   132.5   0.95   0.95   1.95   0     —     —  —
    40     CS   32.381   109.7   1.15   1.15   2.15   1     —     —  CHARGE
    41     CS   33.397   231.0   1.45   1.45   3.16   0     —     —  —
    42     CS   33.674   201.2   1.72   1.72   3.44   0     —     —  —
    43     CS   33.980   173.5   2.03   2.03   3.75   0     —     —  —
[21/33] RshortCmediumTlarge_9        labelled   14 states in   7.6 min
  ScenarioTracker saved: /mnt/beegfs/users/celinep/ChargeAndBreak/ML/logs/RlongCfewTlarge_8_DAGGER1_S1_H24_20260822_031422_scenarios.json

  === SIMULATION TRAJECTORY ===
  stop   type    t_arr     soc     cd     sd     sw   y   brk   rst  action
  ───────────────────────────────────────────────────────────────────────────────────────────────
     0   ORIG    8.000   500.0   0.00   0.00   0.00   0     —     —  —
     1     CS    8.259   476.0   0.26   0.26   0.26   0     —     —  —
     2     CS    8.550   453.9   0.55   0.55   0.55   0     —     —  —
     3     CS    8.775   427.1   0.77   0.77   0.77   0     —     —  —
     4     CS    9.038   405.3   1.04   1.04   1.04   0     —     —  —
     5     CS    9.310   384.1   1.31   1.31   1.31   0     —     —  —
     6     CS    9.527   358.9   1.53   1.53   1.53   0     —     —  —
     7     CS    9.823   333.2   1.82   1.82   1.82   0     —     —  —
     8     CS   10.085   305.1   2.08   2.08   2.08   0     —     —  —
     9     CS   10.321   280.5   2.32   2.32   2.32   0     —     —  —
    10     CS   10.540   254.4   2.54   2.54   2.54   0     —     —  —
    11     CS   10.767   229.0   2.77   2.77   2.77   0     —     —  —
    12     CS   11.030   206.4   3.03   3.03   3.03   1   b45     —  CHARGE, BRK-B45
    13     CS   12.290   422.1   0.22   3.25   3.51   0     —     —  —
    14     CS   12.508   398.7   0.43   3.47   3.73   0     —     —  —
    15     CS   12.743   376.6   0.67   3.70   3.96   0     —     —  —
    16     CS   12.979   348.5   0.91   3.94   4.20   0     —     —  —
    17     CS   13.273   324.6   1.20   4.23   4.49   0     —     —  —
    18     CS   13.525   297.9   1.45   4.48   4.74   0     —     —  —
    19     CS   13.789   271.5   1.72   4.75   5.01   0     —     —  —
    20     CS   14.053   245.0   1.98   5.01   5.27   0     —     —  —
    21     CS   14.338   220.1   2.26   5.30   5.56   0     —     —  —
    22     CS   14.603   193.0   2.53   5.56   5.82   0     —     —  —
    23     CS   14.847   164.0   2.77   5.80   6.07   0     —     —  —
    24     CS   15.093   135.2   3.02   6.05   6.31   1   b45     —  CHARGE, BRK-B45
    25     CS   16.292   349.8   0.24   6.29   6.76   0     —     —  —
    26     CS   16.522   324.3   0.47   6.52   6.99   0     —     —  —
    27     CS   16.781   301.0   0.73   6.78   7.25   0     —     —  —
    28     CS   16.990   277.6   0.94   6.99   7.46   0     —     —  —
    29     CS   17.237   256.8   1.19   7.24   7.71   0     —     —  —
    30     CS   17.471   235.3   1.42   7.47   7.94   0     —     —  —
    31     CS   17.772   208.6   1.72   7.77   8.24   0     —     —  —
    32     CS   18.088   182.8   2.04   8.09   8.56   0     —     —  —
    33     CS   18.362   154.2   2.31   8.36   8.83   0     —     —  —
    34     CS   18.869   115.3   2.82   8.87   9.34   1   b45     —  CHARGE, BRK-B45
    35     CS   20.162   381.5   0.25   9.12   9.79   0     —     —  —
    36     CS   20.457   360.8   0.55   9.41  10.09   0     —     —  —
    37     CS   20.684   336.0   0.77   9.64  10.32   0     —    r2  REST-R2
    38     CS   30.072   310.7   0.22   0.22   0.22   0     —     —  —
    39     CS   30.356   279.1   0.50   0.50   0.50   0     —     —  —
    40     CS   30.663   249.4   0.81   0.81   0.81   0     —     —  —
    41     CS   30.940   217.1   1.09   1.09   1.09   0     —     —  —
    42     CS   31.374   169.3   1.52   1.52   1.52   1   b45     —  CHARGE, BRK-B45
    43     CS   32.901   418.5   0.30   1.83   2.17   0     —     —  —
    44     CS   33.163   388.9   0.57   2.09   2.43   0     —     —  —
    45     CS   33.426   359.3   0.83   2.35   2.69   0     —     —  —
    46     CS   33.669   331.9   1.07   2.60   2.93   0     —     —  —
    47     CS   33.964   308.1   1.37   2.89   3.23   0     —     —  —
    48     CS   34.201   280.0   1.60   3.13   3.47   0     —     —  —
    49     CS   34.469   248.9   1.87   3.40   3.73   0     —     —  —
    50     CS   34.762   220.0   2.16   3.69   4.03   0     —     —  —
    51     CS   35.013   196.2   2.42   3.94   4.28   0     —     —  —
    52     CS   35.274   173.0   2.68   4.20   4.54   0     —     —  —
    53     CS   35.513   148.3   2.92   4.44   4.78   1   b45     —  CHARGE, BRK-B45
    54     CS   36.864   397.3   0.23   4.67   5.30   0     —     —  —
    55     CS   37.083   371.6   0.45   4.89   5.52   0     —     —  —
    56     CS   37.372   350.5   0.74   5.18   5.81   0     —     —  —
    57     CS   37.608   325.3   0.98   5.41   6.04   0     —     —  —
    58     CS   37.976   305.9   1.34   5.78   6.41   0     —     —  —
    59     CS   38.198   279.5   1.57   6.00   6.63   0     —     —  —
    60     CS   38.421   253.1   1.79   6.23   6.86   0     —     —  —
    61     CS   38.686   226.4   2.05   6.49   7.12   0     —     —  —
    62     CS   38.973   201.1   2.34   6.78   7.41   0     —     —  —
    63     CS   39.248   172.6   2.62   7.05   7.68   0     —     —  —
    64     CS   39.504   142.4   2.87   7.31   7.94   0     —     —  —
    65     CS   39.785   114.3   3.15   7.59   8.22   1   b45     —  CHARGE, BRK-B45
    66     CS   41.247   406.9   0.24   7.83   8.69   0     —     —  —
    67     CS   41.495   379.9   0.49   8.08   8.94   0     —     —  —
    68     CS   41.748   353.4   0.74   8.33   9.20   0     —     —  —
    69     CS   42.007   327.2   1.00   8.59   9.45   0     —     —  —
    70     CS   42.306   299.8   1.30   8.89   9.75   0     —     —  —
    71     CS   42.540   276.1   1.53   9.12   9.99   0     —     —  —
    72     CS   42.920   257.9   1.91   9.50  10.37   0     —     —  —
    73     CS   43.139   233.0   2.13   9.72  10.59   0     —    r2  REST-R2
    74     CS   52.542   209.6   0.24   0.24   0.24   1   b45     —  CHARGE, BRK-B45
    75     CS   53.847   402.3   0.23   0.46   0.79   0     —     —  —
    76     CS   54.122   378.8   0.50   0.74   1.07   0     —     —  —
    77     CS   54.365   353.2   0.75   0.98   1.31   0     —     —  —
    78     CS   54.615   328.0   1.00   1.23   1.56   0     —     —  —
    79     CS   54.855   303.4   1.24   1.47   1.80   0     —     —  —
    80     CS   55.157   282.2   1.54   1.77   2.10   0     —     —  —
    81     CS   55.389   257.0   1.77   2.01   2.33   0     —     —  —
    82     CS   55.595   234.0   1.98   2.21   2.54   0     —     —  —
    83     CS   55.833   213.4   2.21   2.45   2.78   0     —     —  —
    84     CS   56.045   191.0   2.43   2.66   2.99   0     —     —  —
    85     CS   56.437   146.4   2.82   3.05   3.38   1   b45     —  CHARGE, BRK-B45
    86     CS   57.821   403.4   0.25   3.31   3.88   0     —     —  —
    87     CS   58.148   379.3   0.58   3.63   4.21   0     —     —  —
    88     CS   58.455   354.2   0.88   3.94   4.51   0     —     —  —
    89     CS   58.714   325.9   1.14   4.20   4.77   0     —     —  —
    90     CS   59.210   291.7   1.64   4.69   5.27   0     —     —  —
    91     CS   59.460   263.7   1.89   4.94   5.52   0     —     —  —
    92     CS   59.762   239.3   2.19   5.25   5.82   0     —     —  —
    93     CS   60.050   214.1   2.48   5.53   6.11   0     —     —  —
    94     CS   60.317   187.6   2.75   5.80   6.37   1   b45     —  CHARGE, BRK-B45
    95     CS   61.586   371.3   0.24   6.05   6.89   0     —     —  —
    96   CUST   61.863   344.4   0.52   6.32   7.17   0     —     —  —
    97     CS   62.640   315.6   0.80   6.60   7.95   0     —     —  —
    98     CS   62.912   286.5   1.07   6.87   8.22   0     —     —  —
    99     CS   63.187   257.6   1.35   7.15   8.49   0     —     —  —
   100     CS   63.348   244.6   1.51   7.31   8.66   0     —     —  —
   101     CS   63.758   199.3   1.92   7.72   9.07   0     —     —  —
   102     CS   64.011   174.9   2.17   7.97   9.32   0     —     —  —
   103     CS   64.253   149.7   2.41   8.21   9.56   0     —     —  —
   104     CS   64.533   127.0   2.69   8.49   9.84   1   b45     —  CHARGE, BRK-B45
   105     CS   65.898   387.0   0.27   8.76  10.33   0     —    r2  REST-R2
   106     CS   75.342   355.6   0.28   0.28   0.28   0     —     —  —
   107     CS   75.615   323.7   0.55   0.55   0.55   0     —     —  —
   108     CS   75.908   293.7   0.84   0.84   0.84   0     —     —  —
   109     CS   76.197   263.3   1.13   1.13   1.13   0     —     —  —
   110     CS   76.511   234.8   1.45   1.45   1.45   0     —     —  —
   111     CS   76.793   210.9   1.73   1.73   1.73   0     —     —  —
   112     CS   77.028   183.5   1.96   1.96   1.96   0     —     —  —
   113     CS   77.322   160.2   2.26   2.26   2.26   1   b45     —  CHARGE, BRK-B45
   114     CS   78.596   379.8   0.24   2.50   2.78   0     —     —  —
   115     CS   78.853   352.4   0.50   2.76   3.04   0     —     —  —
   116     CS   79.133   319.9   0.78   3.04   3.32   0     —     —  —
   117     CS   79.532   294.4   1.18   3.44   3.72   0     —     —  —
   118     CS   79.808   268.5   1.46   3.71   3.99   0     —     —  —
   119     CS   80.127   244.9   1.78   4.03   4.31   0     —     —  —
   120     CS   80.387   217.8   2.03   4.29   4.57   0     —     —  —
   121     CS   80.663   191.9   2.31   4.57   4.85   1   b45     —  CHARGE, BRK-B45
   122     CS   82.299   431.3   0.34   4.90   5.54   0     —     —  —
   123     CS   82.608   403.9   0.64   5.21   5.85   0     —     —  —
   124     CS   83.073   381.6   1.11   5.68   6.32   0     —     —  —
   125     CS   83.341   351.2   1.38   5.95   6.59   0     —     —  —
   126     CS   83.611   320.9   1.65   6.22   6.86   0     —     —  —
   127     CS   83.921   287.7   1.96   6.53   7.17   0     —     —  —
   128     CS   84.155   261.8   2.19   6.76   7.40   0     —     —  —
   129     CS   84.384   235.4   2.42   6.99   7.63   0     —     —  —
   130     CS   84.631   210.6   2.67   7.24   7.88   0     —     —  —
   131     CS   84.873   185.3   2.91   7.48   8.12   1     —    r1  CHARGE, REST-R1
   132     CS   97.012   375.9   0.20   0.20   0.20   0     —     —  —
   133     CS   97.213   352.5   0.40   0.40   0.40   0     —     —  —
   134     CS   97.415   329.2   0.60   0.60   0.60   0     —     —  —
   135     CS   97.634   304.2   0.82   0.82   0.82   0     —     —  —
   136     CS   97.897   282.5   1.08   1.08   1.08   0     —     —  —
   137     CS   98.131   258.8   1.32   1.32   1.32   0     —     —  —
   138     CS   98.367   235.4   1.56   1.56   1.56   0     —     —  —
   139     CS   98.841   186.4   2.03   2.03   2.03   0     —     —  —
   140     CS   99.098   163.7   2.29   2.29   2.29   0     —     —  —
   141     CS   99.337   139.7   2.53   2.53   2.53   0     —     —  —
   142     CS   99.556   114.0   2.74   2.74   2.74   1   b45     —  CHARGE, BRK-B45
   143     CS  101.027   395.2   0.27   3.02   3.29   0     —     —  —
   144     CS  101.330   370.5   0.58   3.32   3.59   0     —     —  —
   145     CS  101.585   342.6   0.83   3.57   3.85   0     —     —  —
   146     CS  101.868   311.0   1.11   3.86   4.13   0     —     —  —
   147     CS  102.161   280.1   1.41   4.15   4.42   0     —     —  —
   148     CS  102.440   248.1   1.69   4.43   4.70   0     —     —  —
   149     CS  102.863   201.7   2.11   4.85   5.13   1   b45     —  CHARGE, BRK-B45
   150     CS  104.348   383.3   0.25   5.10   5.86   0     —     —  —
   151     CS  104.585   357.0   0.49   5.34   6.10   0     —     —  —
   152     CS  104.821   330.7   0.72   5.57   6.33   0     —     —  —
   153     CS  105.077   306.0   0.98   5.83   6.59   0     —     —  —
   154     CS  105.300   280.8   1.20   6.05   6.81   0     —     —  —
   155     CS  105.559   258.4   1.46   6.31   7.07   0     —     —  —
   156     CS  105.778   232.9   1.68   6.53   7.29   0     —     —  —
   157     CS  106.006   208.2   1.91   6.76   7.52   1     —    r1  CHARGE, REST-R1
   158     CS  117.969   364.3   0.23   0.23   0.23   0     —     —  —
   159     CS  118.195   337.6   0.46   0.46   0.46   0     —     —  —
   160     CS  118.422   311.1   0.68   0.68   0.68   0     —     —  —
   161     CS  118.815   268.9   1.08   1.08   1.08   0     —     —  —
   162     CS  119.072   238.8   1.33   1.33   1.33   0     —     —  —
   163     CS  119.330   208.8   1.59   1.59   1.59   0     —     —  —
   164     CS  119.586   178.5   1.85   1.85   1.85   0     —     —  —
   165     CS  119.827   149.6   2.09   2.09   2.09   0     —     —  —
   166     CS  120.083   122.2   2.34   2.34   2.34   1   b45     —  CHARGE, BRK-B45
   167     CS  121.823   442.4   0.28   2.62   2.94   0     —     —  —
   168     CS  122.123   415.9   0.58   2.92   3.24   0     —     —  —
   169     CS  122.573   394.4   1.03   3.37   3.69   0     —     —  —
   170     CS  122.832   364.9   1.29   3.63   3.95   0     —     —  —
   171     CS  123.222   320.1   1.68   4.02   4.34   0     —     —  —
   172     CS  123.484   292.8   1.94   4.28   4.60   0     —     —  —
   173     CS  123.758   266.4   2.21   4.56   4.87   0     —     —  —
   174     CS  124.042   240.6   2.50   4.84   5.16   0     —     —  —
   175     CS  124.238   217.5   2.69   5.04   5.35   0     —     —  —
   176     CS  124.432   194.2   2.89   5.23   5.55   0     —     —  —
   177     CS  124.650   173.0   3.11   5.45   5.77   1     —     —  CHARGE
   178     CS  125.759   309.7   3.40   5.74   6.88   0     —     —  —
   179     CS  126.041   281.7   3.68   6.02   7.16   0     —     —  —
[22/33] RlongCfewTlarge_8            labelled   61 states in 100.4 min
  ScenarioTracker saved: /mnt/beegfs/users/celinep/ChargeAndBreak/ML/logs/RshortCmanyTmedium_9_DAGGER1_S1_H24_20260822_045444_scenarios.json

  === SIMULATION TRAJECTORY ===
  stop   type    t_arr     soc     cd     sd     sw   y   brk   rst  action
  ───────────────────────────────────────────────────────────────────────────────────────────────
     0   ORIG    8.000   500.0   0.00   0.00   0.00   0     —     —  —
     1     CS    8.238   474.5   0.24   0.24   0.24   0     —     —  —
     2     CS    8.465   447.9   0.46   0.46   0.46   0     —     —  —
     3     CS    8.705   422.5   0.71   0.71   0.71   0     —     —  —
     4     CS    8.979   393.9   0.98   0.98   0.98   0     —     —  —
     5     CS    9.239   364.1   1.24   1.24   1.24   0     —     —  —
     6     CS    9.512   335.4   1.51   1.51   1.51   0     —     —  —
     7     CS    9.864   312.2   1.86   1.86   1.86   0     —     —  —
     8   CUST   10.131   284.6   2.13   2.13   2.13   0     —     —  —
     9     CS   10.940   257.3   2.44   2.44   2.94   0     —     —  —
    10     CS   11.229   228.5   2.73   2.73   3.23   0     —     —  —
    11   CUST   11.476   204.8   2.98   2.98   3.48   0     —     —  —
    12   CUST   12.219   178.5   3.22   3.22   4.22   0     —     —  —
    13     CS   12.808   167.8   3.31   3.31   4.81   1   b45     —  CHARGE, BRK-B45
    14   CUST   14.225   446.5   0.17   3.48   5.24   0     —     —  —
    15     CS   14.966   419.1   0.41   3.72   5.98   0     —     —  —
    16     CS   15.267   395.8   0.71   4.02   6.28   0     —     —  —
    17     CS   15.501   367.8   0.95   4.26   6.51   0     —     —  —
    18     CS   15.787   343.8   1.23   4.54   6.80   0     —     —  —
    19     CS   15.910   330.1   1.36   4.67   6.92   0     —     —  —
    20   CUST   16.401   280.3   1.85   5.16   7.41   0     —     —  —
    21   CUST   17.261   243.3   2.21   5.52   8.27   0     —     —  —
    22     CS   18.058   221.4   2.50   5.81   9.07   0     —     —  —
    23   CUST   18.086   218.0   2.53   5.84   9.10   0     —    r2  REST-R2
    24   CUST   27.984   177.5   0.40   0.40   0.40   0     —     —  —
    25     CS   28.678   155.0   0.59   0.59   1.09   1   b45     —  CHARGE, BRK-B45
    26   CUST   30.069   421.4   0.22   0.81   1.56   0     —     —  —
    27     CS   30.768   398.2   0.42   1.01   2.26   0     —     —  —
    28   CUST   31.108   359.5   0.76   1.35   2.60   0     —     —  —
    29     CS   31.738   344.1   0.89   1.48   3.23   0     —     —  —
    30     CS   31.964   323.8   1.12   1.71   3.45   0     —     —  —
    31     CS   32.200   304.1   1.35   1.95   3.69   0     —     —  —
    32   CUST   32.415   282.9   1.57   2.16   3.90   0     —     —  —
    33   CUST   32.982   276.1   1.63   2.23   4.47   0     —     —  —
    34   CUST   33.548   270.2   1.70   2.29   5.04   0     —     —  —
    35   CUST   34.256   246.6   1.91   2.50   5.75   0     —     —  —
    36     CS   34.768   245.3   1.92   2.51   6.26   0     —     —  —
    37   CUST   35.218   200.0   2.37   2.96   6.71   0     —     —  —
    38     CS   35.978   169.9   2.63   3.22   7.47   0     —     —  —
    39     CS   36.284   143.4   2.94   3.53   7.77   0     —     —  —
    40     CS   36.342   138.0   2.99   3.59   7.83   1   b45     —  CHARGE, BRK-B45
    41     CS   37.614   245.9   0.27   3.86   8.35   0     —     —  —
    42     CS   37.899   214.6   0.56   4.15   8.64   0     —     —  —
    43     CS   38.203   184.8   0.86   4.45   8.94   0     —     —  —
    44     CS   38.520   156.0   1.18   4.77   9.26   1     —     —  CHARGE
    45     CS   39.195   193.0   1.45   5.04   9.94   0     —     —  —
[23/33] RshortCmanyTmedium_9         labelled   16 states in  12.0 min
  ScenarioTracker saved: /mnt/beegfs/users/celinep/ChargeAndBreak/ML/logs/RshortCfewTnone_6_DAGGER1_S1_H24_20260822_050642_scenarios.json

  === SIMULATION TRAJECTORY ===
  stop   type    t_arr     soc     cd     sd     sw   y   brk   rst  action
  ───────────────────────────────────────────────────────────────────────────────────────────────
     0   ORIG    8.000   500.0   0.00   0.00   0.00   0     —     —  —
     1     CS    8.232   473.9   0.23   0.23   0.23   0     —     —  —
     2     CS    8.632   454.7   0.63   0.63   0.63   0     —     —  —
     3     CS    8.858   428.0   0.86   0.86   0.86   0     —     —  —
     4     CS    9.063   405.0   1.06   1.06   1.06   0     —     —  —
     5     CS    9.264   381.6   1.26   1.26   1.26   0     —     —  —
     6     CS    9.494   360.5   1.49   1.49   1.49   0     —     —  —
     7     CS    9.733   341.3   1.73   1.73   1.73   0     —     —  —
     8     CS    9.968   321.8   1.97   1.97   1.97   0     —     —  —
     9     CS   10.159   299.0   2.16   2.16   2.16   0     —     —  —
    10     CS   10.412   268.8   2.41   2.41   2.41   0     —     —  —
    11     CS   10.695   241.3   2.70   2.70   2.70   0     —     —  —
    12     CS   11.090   218.7   3.09   3.09   3.09   0     —     —  —
    13     CS   11.349   189.1   3.35   3.35   3.35   0     —     —  —
    14     CS   11.819   139.8   3.82   3.82   3.82   1   b45     —  CHARGE, BRK-B45
    15     CS   13.175   382.4   0.27   4.09   4.36   0     —     —  —
    16     CS   13.536   356.3   0.64   4.45   4.72   0     —     —  —
    17     CS   13.814   324.9   0.91   4.73   5.00   0     —     —  —
    18     CS   14.266   271.5   1.36   5.18   5.45   0     —     —  —
    19     CS   14.553   245.3   1.65   5.47   5.74   0     —     —  —
    20     CS   14.984   224.1   2.08   5.90   6.17   0     —     —  —
    21     CS   15.262   197.3   2.36   6.18   6.45   1   b45     —  CHARGE, BRK-B45
    22     CS   16.616   437.5   0.24   6.42   6.90   0     —     —  —
    23     CS   17.026   417.8   0.65   6.83   7.31   0     —     —  —
    24     CS   17.263   391.0   0.88   7.06   7.55   0     —     —  —
    25     CS   17.509   365.0   1.13   7.31   7.79   0     —     —  —
    26     CS   17.779   332.9   1.40   7.58   8.06   0     —     —  —
    27   CUST   18.048   300.6   1.67   7.85   8.33   0     —     —  —
    28     CS   18.625   292.3   1.75   7.93   8.91   0     —     —  —
    29     CS   18.878   262.2   2.00   8.18   9.16   0     —     —  —
    30     CS   19.247   238.8   2.37   8.55   9.53   0     —     —  —
    31   CUST   19.503   209.0   2.62   8.80   9.79   0     —    r2  REST-R2
    32     CS   29.391   171.9   0.39   0.39   0.39   0     —     —  —
    33     CS   29.976   138.1   0.97   0.97   0.97   1   b45     —  CHARGE, BRK-B45
    34     CS   31.639   401.2   0.42   1.39   1.65   0     —     —  —
    35     CS   31.921   373.9   0.70   1.67   1.93   0     —     —  —
    36     CS   32.177   344.5   0.95   1.93   2.18   0     —     —  —
    37     CS   32.449   316.5   1.23   2.20   2.46   0     —     —  —
    38     CS   32.688   288.6   1.47   2.44   2.69   0     —     —  —
    39     CS   32.935   261.6   1.71   2.68   2.94   0     —     —  —
    40     CS   33.235   233.4   2.01   2.98   3.24   0     —     —  —
    41     CS   33.507   203.1   2.28   3.26   3.51   0     —     —  —
    42   CUST   33.783   173.1   2.56   3.53   3.79   0     —     —  —
    43     CS   34.300   171.2   2.58   3.55   4.31   1   b45     —  CHARGE, BRK-B45
    44     CS   35.545   386.7   0.28   3.83   4.80   0     —     —  —
    45     CS   35.967   365.1   0.70   4.25   5.22   0     —     —  —
    46     CS   36.222   336.0   0.95   4.50   5.48   0     —     —  —
    47     CS   36.507   302.8   1.24   4.79   5.76   0     —     —  —
    48     CS   36.832   272.9   1.56   5.11   6.09   0     —     —  —
    49     CS   37.159   243.2   1.89   5.44   6.42   0     —     —  —
    50     CS   37.497   207.9   2.23   5.78   6.75   0     —     —  —
    51     CS   37.743   185.8   2.48   6.02   7.00   0     —     —  —
    52     CS   37.963   161.8   2.70   6.24   7.22   0     —     —  —
[24/33] RshortCfewTnone_6            labelled   18 states in  15.1 min
  ScenarioTracker saved: /mnt/beegfs/users/celinep/ChargeAndBreak/ML/logs/RshortCfewTlarge_14_DAGGER1_S1_H24_20260822_052150_scenarios.json

  === SIMULATION TRAJECTORY ===
  stop   type    t_arr     soc     cd     sd     sw   y   brk   rst  action
  ───────────────────────────────────────────────────────────────────────────────────────────────
     0   ORIG    8.000   500.0   0.00   0.00   0.00   0     —     —  —
     1     CS    8.250   475.4   0.25   0.25   0.25   0     —     —  —
     2     CS    8.481   449.2   0.48   0.48   0.48   0     —     —  —
     3     CS    8.708   422.7   0.71   0.71   0.71   0     —     —  —
     4     CS    8.953   394.6   0.95   0.95   0.95   0     —     —  —
     5     CS    9.237   369.5   1.24   1.24   1.24   0     —     —  —
     6     CS    9.479   341.2   1.48   1.48   1.48   0     —     —  —
     7     CS    9.760   308.5   1.76   1.76   1.76   0     —     —  —
     8     CS   10.127   281.5   2.13   2.13   2.13   0     —     —  —
     9     CS   10.424   250.3   2.42   2.42   2.42   0     —     —  —
    10     CS   10.922   200.9   2.92   2.92   2.92   0     —     —  —
    11     CS   11.137   174.8   3.14   3.14   3.14   0     —     —  —
    12     CS   11.363   149.8   3.36   3.36   3.36   0     —     —  —
    13     CS   11.587   124.4   3.59   3.59   3.59   1   b45     —  CHARGE, BRK-B45
    14     CS   12.989   384.5   0.27   3.86   4.15   0     —     —  —
    15     CS   13.248   357.7   0.53   4.12   4.41   0     —     —  —
    16     CS   13.494   329.7   0.78   4.36   4.65   0     —     —  —
    17     CS   13.763   307.0   1.04   4.63   4.92   0     —     —  —
    18     CS   13.992   281.5   1.27   4.86   5.15   0     —     —  —
    19     CS   14.225   256.2   1.51   5.09   5.38   0     —     —  —
    20     CS   14.578   239.3   1.86   5.45   5.74   0     —     —  —
    21     CS   14.794   217.2   2.08   5.66   5.95   0     —     —  —
    22   CUST   15.037   196.9   2.32   5.91   6.20   0     —     —  —
    23     CS   15.885   156.5   2.67   6.25   7.05   1   b45     —  CHARGE, BRK-B45
    24     CS   17.298   384.9   0.31   6.56   7.68   0     —     —  —
    25     CS   17.558   355.8   0.57   6.82   7.94   0     —     —  —
    26     CS   17.817   326.7   0.83   7.08   8.20   0     —     —  —
    27     CS   18.123   301.0   1.13   7.38   8.50   0     —     —  —
    28     CS   18.391   271.9   1.40   7.65   8.77   0     —     —  —
    29     CS   18.705   246.0   1.71   7.97   9.08   0     —     —  —
    30   CUST   18.999   218.9   2.01   8.26   9.38   0     —    r2  REST-R2
    31     CS   28.912   177.3   0.41   0.41   0.41   0     —     —  —
    32     CS   29.159   148.9   0.66   0.66   0.66   1   b45     —  CHARGE, BRK-B45
    33     CS   30.413   338.0   0.26   0.92   1.16   0     —     —  —
    34     CS   30.628   314.3   0.47   1.13   1.38   0     —     —  —
    35     CS   30.853   291.4   0.70   1.36   1.60   0     —     —  —
    36     CS   31.118   262.9   0.96   1.62   1.87   0     —     —  —
    37     CS   31.463   238.9   1.31   1.97   2.21   0     —     —  —
    38     CS   31.717   209.3   1.56   2.22   2.47   0     —     —  —
    39     CS   32.097   190.7   1.94   2.60   2.85   0     —     —  —
    40     CS   32.482   172.3   2.33   2.99   3.23   0     —     —  —
    41     CS   32.701   146.8   2.55   3.21   3.45   0     —     —  —
[25/33] RshortCfewTlarge_14          labelled   11 states in   7.4 min
  ScenarioTracker saved: /mnt/beegfs/users/celinep/ChargeAndBreak/ML/logs/RshortCmanyTnone_11_DAGGER1_S1_H24_20260822_052913_scenarios.json

  === SIMULATION TRAJECTORY ===
  stop   type    t_arr     soc     cd     sd     sw   y   brk   rst  action
  ───────────────────────────────────────────────────────────────────────────────────────────────
     0   ORIG    8.000   500.0   0.00   0.00   0.00   0     —     —  —
     1     CS    8.257   475.9   0.26   0.26   0.26   0     —     —  —
     2     CS    8.487   449.6   0.49   0.49   0.49   0     —     —  —
     3     CS    8.714   423.0   0.71   0.71   0.71   0     —     —  —
     4     CS    9.021   394.0   1.02   1.02   1.02   0     —     —  —
     5     CS    9.416   369.1   1.42   1.42   1.42   0     —     —  —
     6     CS    9.739   341.1   1.74   1.74   1.74   0     —     —  —
     7     CS    9.973   312.9   1.97   1.97   1.97   0     —     —  —
     8     CS   10.219   285.6   2.22   2.22   2.22   0     —     —  —
     9   CUST   10.465   258.4   2.46   2.46   2.46   0     —     —  —
    10     CS   11.268   227.6   2.77   2.77   3.27   0     —     —  —
    11     CS   11.553   195.0   3.05   3.05   3.55   0     —     —  —
    12     CS   11.599   190.9   3.10   3.10   3.60   1   b45     —  CHARGE, BRK-B45
    13     CS   12.936   335.2   0.30   3.40   4.19   0     —     —  —
    14     CS   13.210   306.6   0.58   3.67   4.46   0     —     —  —
    15     CS   13.467   276.4   0.83   3.93   4.72   0     —     —  —
    16     CS   13.876   233.4   1.24   4.34   5.13   0     —     —  —
    17     CS   14.103   208.0   1.47   4.57   5.35   0     —     —  —
    18     CS   14.351   184.3   1.72   4.81   5.60   0     —     —  —
    19     CS   14.587   159.8   1.95   5.05   5.84   0     —     —  —
    20     CS   14.871   138.2   2.24   5.33   6.12   1   b45     —  CHARGE, BRK-B45
    21     CS   16.213   391.5   0.24   5.57   6.62   0     —     —  —
    22   CUST   16.449   363.3   0.48   5.81   6.85   0     —     —  —
    23   CUST   17.219   350.4   0.75   6.08   7.62   0     —    r2  REST-R2
    24     CS   26.845   338.2   0.13   0.13   0.13   0     —     —  —
    25   CUST   27.255   296.3   0.54   0.54   0.54   0     —     —  —
    26     CS   28.292   250.6   1.07   1.07   1.57   0     —     —  —
    27   CUST   28.523   225.6   1.30   1.30   1.80   0     —     —  —
    28   CUST   29.142   215.9   1.42   1.42   2.42   0     —     —  —
    29     CS   29.675   211.9   1.46   1.46   2.96   0     —     —  —
    30     CS   30.015   184.3   1.80   1.80   3.30   0     —     —  —
    31   CUST   30.306   153.6   2.09   2.09   3.59   0     —     —  —
    32   CUST   31.096   122.1   2.38   2.38   4.38   0     —     —  —
    33     CS   31.632   118.3   2.41   2.41   4.91   1   b45     —  CHARGE, BRK-B45
    34     CS   33.344   476.4   0.20   2.62   5.32   0     —     —  —
    35     CS   33.546   452.7   0.41   2.82   5.52   0     —     —  —
    36   CUST   33.786   431.9   0.65   3.06   5.76   0     —     —  —
    37   CUST   34.379   422.6   0.74   3.15   6.35   0     —     —  —
    38     CS   35.254   378.8   1.11   3.53   7.23   0     —     —  —
    39   CUST   35.311   373.3   1.17   3.58   7.29   0     —     —  —
    40   CUST   35.958   357.2   1.32   3.73   7.93   0     —     —  —
    41     CS   36.527   351.5   1.39   3.80   8.50   0     —     —  —
    42     CS   36.766   323.3   1.63   4.04   8.74   0     —     —  —
    43     CS   37.017   296.1   1.88   4.29   8.99   0     —     —  —
    44     CS   37.328   272.8   2.19   4.60   9.30   0     —     —  —
    45     CS   37.829   223.6   2.69   5.10   9.80   0     —     —  —
    46     CS   38.118   192.5   2.98   5.39  10.09   0     —     —  —
    47     CS   38.451   164.5   3.31   5.72  10.43   0     —     —  —
[26/33] RshortCmanyTnone_11          labelled   19 states in  23.8 min
  ScenarioTracker saved: /mnt/beegfs/users/celinep/ChargeAndBreak/ML/logs/RlongCmanyTtight_13_DAGGER1_S1_H24_20260822_055303_scenarios.json

  === SIMULATION TRAJECTORY ===
  stop   type    t_arr     soc     cd     sd     sw   y   brk   rst  action
  ───────────────────────────────────────────────────────────────────────────────────────────────
     0   ORIG    8.000   500.0   0.00   0.00   0.00   0     —     —  —
     1     CS    8.228   473.5   0.23   0.23   0.23   0     —     —  —
     2     CS    8.473   448.5   0.47   0.47   0.47   0     —     —  —
     3     CS    8.710   423.0   0.71   0.71   0.71   0     —     —  —
     4     CS    8.950   400.5   0.95   0.95   0.95   0     —     —  —
     5     CS    9.176   376.9   1.18   1.18   1.18   0     —     —  —
     6     CS    9.385   351.9   1.39   1.39   1.39   0     —     —  —
     7     CS    9.680   324.8   1.68   1.68   1.68   0     —     —  —
     8     CS    9.953   296.1   1.95   1.95   1.95   0     —     —  —
     9     CS   10.213   266.3   2.21   2.21   2.21   0     —     —  —
    10     CS   10.478   244.7   2.48   2.48   2.48   0     —     —  —
    11     CS   10.703   220.3   2.70   2.70   2.70   0     —     —  —
    12     CS   10.935   196.4   2.93   2.93   2.93   1   b45     —  CHARGE, BRK-B45
    13     CS   12.752   411.0   0.37   3.30   4.00   0     —     —  —
    14     CS   13.070   387.0   0.69   3.62   4.32   0     —     —  —
    15     CS   13.339   360.3   0.95   3.89   4.59   0     —     —  —
    16     CS   13.607   330.4   1.22   4.16   4.86   0     —     —  —
    17     CS   13.882   301.1   1.50   4.43   5.13   0     —     —  —
    18     CS   14.123   272.6   1.74   4.67   5.37   0     —     —  —
    19     CS   14.453   249.8   2.07   5.00   5.70   0     —     —  —
    20     CS   14.702   222.1   2.32   5.25   5.95   0     —     —  —
    21     CS   14.990   190.9   2.61   5.54   6.24   0     —     —  —
    22     CS   15.288   160.5   2.90   5.84   6.54   0     —     —  —
    23     CS   15.579   129.5   3.19   6.13   6.83   1   b45     —  CHARGE, BRK-B45
    24     CS   17.352   377.5   0.39   6.52   7.73   0     —     —  —
    25     CS   17.682   352.9   0.72   6.85   8.06   0     —     —  —
    26     CS   17.935   323.2   0.98   7.11   8.32   0     —     —  —
    27     CS   18.187   293.4   1.23   7.36   8.57   0     —     —  —
    28     CS   18.386   270.6   1.43   7.56   8.77   0     —     —  —
    29     CS   18.591   248.3   1.63   7.76   8.97   0     —     —  —
    30     CS   18.810   227.2   1.85   7.98   9.19   0     —     —  —
    31     CS   19.145   207.0   2.19   8.32   9.52   0     —     —  —
    32     CS   19.395   183.0   2.44   8.57   9.78   0     —     —  —
    33     CS   19.640   158.5   2.68   8.81  10.02   0     —     —  —
    34     CS   19.885   134.1   2.93   9.06  10.26   1   b45     —  CHARGE, BRK-B45
    35     CS   21.264   384.1   0.24   9.30  10.83   0     —     —  —
    36     CS   21.494   357.0   0.47   9.53  11.06   0     —     —  —
    37     CS   21.739   331.3   0.71   9.77  11.31   0     —    r2  REST-R2
    38     CS   31.189   303.8   0.28   0.28   0.28   0     —     —  —
    39     CS   31.467   275.9   0.56   0.56   0.56   1     —     —  CHARGE
    40     CS   32.467   389.2   0.90   0.90   1.56   0     —     —  —
    41     CS   32.759   363.4   1.19   1.19   1.85   0     —     —  —
    42   CUST   33.087   339.3   1.52   1.52   2.18   0     —     —  —
    43     CS   33.853   312.1   1.79   1.79   2.95   0     —     —  —
    44   CUST   34.106   283.8   2.04   2.04   3.20   0     —     —  —
    45     CS   34.885   254.9   2.32   2.32   3.98   0     —     —  —
    46   CUST   35.082   231.4   2.51   2.51   4.18   0     —     —  —
    47     CS   35.790   209.1   2.72   2.72   4.88   0     —     —  —
    48     CS   35.991   186.1   2.92   2.92   5.09   0     —     —  —
    49   CUST   36.192   163.0   3.13   3.13   5.29   0     —     —  —
    50   CUST   36.716   160.5   3.15   3.15   5.81   0     —     —  —
    51     CS   37.297   151.3   3.23   3.23   6.39   0     —     —  —
    52     CS   37.305   150.8   3.24   3.24   6.40   1   b45     —  CHARGE, BRK-B45
    53     CS   38.688   419.5   0.23   3.47   6.86   0     —     —  —
    54     CS   38.889   395.3   0.43   3.67   7.06   0     —     —  —
    55     CS   39.108   372.7   0.65   3.89   7.28   0     —     —  —
    56     CS   39.526   351.9   1.07   4.30   7.70   0     —     —  —
    57     CS   39.793   325.4   1.33   4.57   7.97   0     —     —  —
    58     CS   40.042   299.0   1.58   4.82   8.22   0     —     —  —
    59     CS   40.372   277.2   1.91   5.15   8.55   0     —     —  —
    60     CS   40.617   250.4   2.16   5.39   8.79   0     —     —  —
    61     CS   40.851   222.7   2.39   5.63   9.03   0     —     —  —
    62     CS   41.331   178.4   2.87   6.11   9.51   1   b45     —  CHARGE, BRK-B45
    63     CS   42.614   400.8   0.32   6.43  10.04   0     —     —  —
    64     CS   42.854   373.8   0.56   6.67  10.28   0     —     —  —
    65     CS   43.185   352.1   0.89   7.00  10.61   0     —     —  —
    66     CS   43.427   324.5   1.13   7.24  10.85   0     —     —  —
    67     CS   43.670   297.1   1.37   7.48  11.10   0     —     —  —
    68     CS   43.920   270.3   1.62   7.73  11.34   0     —     —  —
    69     CS   44.205   238.4   1.91   8.02  11.63   0     —     —  —
    70     CS   44.519   208.8   2.22   8.33  11.94   0     —     —  —
    71     CS   44.768   181.2   2.47   8.58  12.19   0     —     —  —
    72     CS   45.034   154.8   2.74   8.85  12.46   0     —     —  —
    73     CS   45.285   127.4   2.99   9.10  12.71   1     —    r2  CHARGE, REST-R2
    74     CS   55.619   371.5   0.25   0.25   0.25   0     —     —  —
    75     CS   55.851   345.4   0.48   0.48   0.48   0     —     —  —
    76     CS   56.083   319.3   0.71   0.71   0.71   0     —     —  —
    77     CS   56.310   293.6   0.94   0.94   0.94   0     —     —  —
    78     CS   56.536   267.7   1.17   1.17   1.17   0     —     —  —
    79     CS   56.763   242.0   1.39   1.39   1.39   0     —     —  —
    80     CS   56.994   215.2   1.63   1.63   1.63   0     —     —  —
    81     CS   57.237   189.5   1.87   1.87   1.87   0     —     —  —
    82     CS   57.492   164.7   2.12   2.12   2.12   0     —     —  —
    83   CUST   57.780   141.9   2.41   2.41   2.41   0     —     —  —
    84     CS   58.464   124.3   2.59   2.59   3.09   1   b45     —  CHARGE, BRK-B45
    85   CUST   59.948   355.6   0.46   3.06   3.78   0     —     —  —
    86     CS   60.657   331.0   0.67   3.27   4.49   0     —     —  —
    87   CUST   61.100   287.3   1.12   3.71   4.93   0     —     —  —
    88     CS   61.918   251.2   1.43   4.03   5.75   0     —     —  —
    89     CS   62.318   208.6   1.83   4.43   6.15   0     —     —  —
    90     CS   62.603   176.7   2.12   4.71   6.44   0     —     —  —
    91     CS   62.884   144.4   2.40   4.99   6.72   1   b45     —  CHARGE, BRK-B45
    92     CS   64.313   394.8   0.28   5.27   7.28   0     —     —  —
    93     CS   64.627   364.9   0.59   5.59   7.59   0     —     —  —
    94     CS   64.925   333.7   0.89   5.88   7.89   0     —     —  —
    95     CS   65.427   284.7   1.39   6.39   8.39   0     —     —  —
    96     CS   65.761   255.4   1.73   6.72   8.72   0     —     —  —
    97     CS   66.052   222.9   2.02   7.01   9.02   0     —     —  —
    98     CS   66.364   192.1   2.33   7.32   9.33   1   b45     —  CHARGE, BRK-B45
    99     CS   67.783   434.0   0.26   7.59   9.83   0     —     —  —
   100     CS   68.037   403.5   0.52   7.84  10.09   0     —     —  —
   101     CS   68.301   374.0   0.78   8.10  10.35   0     —     —  —
   102     CS   68.547   344.4   1.03   8.35  10.60   0     —    r2  REST-R2
   103     CS   77.966   315.5   0.25   0.25   0.25   0     —     —  —
   104     CS   78.214   286.1   0.50   0.50   0.50   0     —     —  —
   105     CS   78.570   245.2   0.86   0.86   0.86   0     —     —  —
   106     CS   78.948   219.8   1.23   1.23   1.23   0     —     —  —
   107     CS   79.371   195.7   1.66   1.66   1.66   0     —     —  —
   108     CS   79.681   166.9   1.97   1.97   1.97   1   b45     —  CHARGE, BRK-B45
   109     CS   81.009   331.5   0.36   2.32   2.55   0     —     —  —
   110   CUST   81.301   300.1   0.65   2.62   2.84   0     —     —  —
   111     CS   82.056   270.8   0.90   2.87   3.59   0     —     —  —
   112   CUST   82.413   247.4   1.26   3.23   3.95   0     —     —  —
   113     CS   83.308   226.9   1.66   3.62   4.84   0     —     —  —
   114   CUST   83.361   221.0   1.71   3.68   4.90   0     —     —  —
   115   CUST   83.925   213.9   1.77   3.74   5.46   0     —     —  —
   116   CUST   84.853   167.9   2.20   4.17   6.39   0     —     —  —
   117     CS   85.661   132.1   2.51   4.48   7.20   0     —     —  —
   118     CS   85.769   119.5   2.62   4.58   7.31   1   b45     —  CHARGE, BRK-B45
   119     CS   87.170   383.3   0.27   4.86   7.83   0     —     —  —
   120     CS   87.452   352.3   0.56   5.14   8.11   0     —     —  —
   121     CS   87.713   322.6   0.82   5.40   8.37   0     —     —  —
   122     CS   88.013   295.8   1.12   5.70   8.67   0     —     —  —
   123     CS   88.298   268.1   1.40   5.99   8.96   0     —     —  —
   124     CS   88.507   244.6   1.61   6.20   9.17   0     —     —  —
   125     CS   88.727   222.1   1.83   6.42   9.39   0     —     —  —
   126     CS   88.961   200.6   2.07   6.65   9.62   0     —     —  —
   127     CS   89.207   179.8   2.31   6.90   9.87   0     —    r1  REST-R1
   128     CS  100.581   156.2   0.21   0.21   0.21   0     —     —  —
   129     CS  100.784   132.2   0.41   0.41   0.41   1   b45     —  CHARGE, BRK-B45
   130     CS  102.225   391.0   0.29   0.70   0.97   0     —     —  —
   131     CS  102.547   361.6   0.61   1.02   1.29   0     —     —  —
   132     CS  102.856   331.4   0.92   1.33   1.60   0     —     —  —
   133     CS  103.118   305.5   1.18   1.59   1.86   0     —     —  —
   134     CS  103.362   278.2   1.43   1.84   2.11   0     —     —  —
   135     CS  103.620   248.1   1.68   2.09   2.37   0     —     —  —
   136     CS  103.902   220.1   1.96   2.37   2.65   0     —     —  —
   137     CS  104.161   190.2   2.22   2.63   2.91   0     —     —  —
   138     CS  104.356   167.0   2.42   2.83   3.10   0     —     —  —
   139     CS  104.581   146.3   2.64   3.05   3.33   0     —     —  —
   140     CS  104.793   124.6   2.86   3.27   3.54   1   b45     —  CHARGE, BRK-B45
   141     CS  106.189   384.7   0.30   3.56   4.06   0     —     —  —
   142     CS  106.479   352.1   0.59   3.85   4.35   0     —     —  —
   143     CS  106.769   319.5   0.88   4.14   4.64   0     —     —  —
   144     CS  107.053   293.8   1.16   4.43   4.93   0     —     —  —
   145     CS  107.317   266.6   1.42   4.69   5.19   0     —     —  —
   146     CS  107.568   238.3   1.67   4.94   5.44   0     —     —  —
   147     CS  107.937   203.2   2.04   5.31   5.81   0     —     —  —
   148     CS  108.225   174.2   2.33   5.60   6.10   0     —     —  —
   149     CS  108.488   142.9   2.59   5.86   6.36   0     —     —  —
[27/33] RlongCmanyTtight_13          labelled   51 states in 109.9 min
  ScenarioTracker saved: /mnt/beegfs/users/celinep/ChargeAndBreak/ML/logs/RshortCmediumTmedium_3_DAGGER1_S1_H24_20260822_074259_scenarios.json

  === SIMULATION TRAJECTORY ===
  stop   type    t_arr     soc     cd     sd     sw   y   brk   rst  action
  ───────────────────────────────────────────────────────────────────────────────────────────────
     0   ORIG    8.000   500.0   0.00   0.00   0.00   0     —     —  —
     1     CS    8.239   474.5   0.24   0.24   0.24   0     —     —  —
     2     CS    8.465   447.8   0.46   0.46   0.46   0     —     —  —
     3     CS    8.693   421.4   0.69   0.69   0.69   0     —     —  —
     4     CS    8.904   399.6   0.90   0.90   0.90   0     —     —  —
     5     CS    9.105   377.1   1.11   1.11   1.11   0     —     —  —
     6     CS    9.329   356.2   1.33   1.33   1.33   0     —     —  —
     7     CS    9.638   335.4   1.64   1.64   1.64   0     —     —  —
     8     CS    9.866   309.7   1.87   1.87   1.87   0     —     —  —
     9     CS   10.111   285.4   2.11   2.11   2.11   0     —     —  —
    10     CS   10.356   256.6   2.36   2.36   2.36   0     —     —  —
    11     CS   10.683   233.0   2.68   2.68   2.68   0     —     —  —
    12     CS   10.931   204.4   2.93   2.93   2.93   1   b45     —  CHARGE, BRK-B45
    13     CS   12.227   342.4   0.32   3.25   3.48   0     —     —  —
    14     CS   12.495   311.7   0.59   3.52   3.74   0     —     —  —
    15   CUST   12.770   281.7   0.87   3.80   4.02   0     —     —  —
    16   CUST   13.525   258.5   1.12   4.05   4.77   0     —     —  —
    17     CS   14.299   231.4   1.40   4.33   5.55   0     —     —  —
    18     CS   14.331   228.3   1.43   4.36   5.58   0     —     —  —
    19     CS   14.689   210.2   1.78   4.72   5.94   0     —     —  —
    20     CS   14.915   186.7   2.01   4.94   6.16   0     —     —  —
    21     CS   15.164   164.8   2.26   5.19   6.41   1   b45     —  CHARGE, BRK-B45
    22     CS   16.477   375.7   0.22   5.41   6.98   0     —     —  —
    23     CS   16.706   349.3   0.45   5.64   7.21   0     —     —  —
    24     CS   16.947   324.0   0.69   5.88   7.45   0     —     —  —
    25     CS   17.257   300.0   1.00   6.19   7.76   0     —     —  —
    26     CS   17.504   271.7   1.25   6.44   8.00   0     —     —  —
    27     CS   17.757   244.1   1.50   6.69   8.26   0     —     —  —
    28   CUST   18.059   219.7   1.81   7.00   8.56   0     —     —  —
    29     CS   18.614   214.0   1.86   7.05   9.11   0     —     —  —
    30     CS   18.903   186.4   2.15   7.34   9.40   0     —     —  —
    31     CS   19.184   158.2   2.43   7.62   9.68   1   b45     —  CHARGE, BRK-B45
    32     CS   20.786   439.8   0.29   7.91  10.26   0     —     —  —
    33   CUST   21.050   410.7   0.55   8.17  10.52   0     —    r2  REST-R2
    34     CS   30.973   360.6   0.42   0.42   0.42   0     —     —  —
    35   CUST   31.230   335.4   0.68   0.68   0.68   0     —     —  —
    36     CS   31.995   304.6   0.94   0.94   1.44   0     —     —  —
    37   CUST   32.312   277.8   1.26   1.26   1.76   0     —     —  —
    38     CS   32.894   270.9   1.34   1.34   2.34   0     —     —  —
    39     CS   33.313   220.3   1.76   1.76   2.76   0     —     —  —
    40     CS   33.599   187.3   2.05   2.05   3.05   0     —     —  —
    41     CS   33.884   154.3   2.33   2.33   3.33   1     —     —  CHARGE
    42     CS   34.767   243.4   2.61   2.61   4.22   0     —     —  —
    43     CS   35.038   211.3   2.88   2.88   4.49   0     —     —  —
    44     CS   35.314   179.8   3.16   3.16   4.76   0     —     —  —
[28/33] RshortCmediumTmedium_3       labelled   11 states in   5.7 min
  ScenarioTracker saved: /mnt/beegfs/users/celinep/ChargeAndBreak/ML/logs/RlongCfewTtight_15_DAGGER1_S1_H24_20260822_074844_scenarios.json

  === SIMULATION TRAJECTORY ===
  stop   type    t_arr     soc     cd     sd     sw   y   brk   rst  action
  ───────────────────────────────────────────────────────────────────────────────────────────────
     0   ORIG    8.000   500.0   0.00   0.00   0.00   0     —     —  —
     1     CS    8.244   475.0   0.24   0.24   0.24   0     —     —  —
     2     CS    8.475   448.7   0.47   0.47   0.47   0     —     —  —
     3     CS    8.703   422.3   0.70   0.70   0.70   0     —     —  —
     4     CS    9.001   394.7   1.00   1.00   1.00   0     —     —  —
     5     CS    9.348   369.8   1.35   1.35   1.35   0     —     —  —
     6     CS    9.645   342.1   1.64   1.64   1.64   0     —     —  —
     7     CS    9.885   313.6   1.88   1.88   1.88   0     —     —  —
     8     CS   10.152   287.4   2.15   2.15   2.15   0     —     —  —
     9     CS   10.406   260.1   2.41   2.41   2.41   0     —     —  —
    10     CS   10.617   238.4   2.62   2.62   2.62   0     —     —  —
    11     CS   10.820   216.0   2.82   2.82   2.82   0     —     —  —
    12     CS   11.023   193.5   3.02   3.02   3.02   0     —     —  —
    13     CS   11.467   141.9   3.47   3.47   3.47   1   b45     —  CHARGE, BRK-B45
    14     CS   12.881   398.6   0.23   3.70   4.02   0     —     —  —
    15     CS   13.150   374.8   0.50   3.97   4.29   0     —     —  —
    16     CS   13.387   348.5   0.74   4.21   4.52   0     —     —  —
    17     CS   13.723   327.6   1.08   4.54   4.86   0     —     —  —
    18     CS   13.990   297.6   1.34   4.81   5.13   0     —     —  —
    19     CS   14.281   269.5   1.63   5.10   5.42   0     —     —  —
    20     CS   14.517   241.5   1.87   5.34   5.65   0     —     —  —
    21     CS   14.903   220.7   2.25   5.72   6.04   0     —     —  —
    22     CS   15.144   193.1   2.50   5.96   6.28   0     —     —  —
    23     CS   15.400   166.8   2.75   6.22   6.54   1   b45     —  CHARGE, BRK-B45
    24     CS   16.809   369.8   0.43   6.65   7.20   0     —     —  —
    25     CS   17.025   345.4   0.64   6.86   7.41   0     —     —  —
    26     CS   17.240   320.9   0.86   7.08   7.63   0     —     —  —
    27     CS   17.466   297.4   1.09   7.30   7.85   0     —     —  —
    28     CS   17.690   271.3   1.31   7.53   8.08   0     —     —  —
    29     CS   17.913   245.2   1.53   7.75   8.30   0     —     —  —
    30     CS   18.140   219.4   1.76   7.98   8.53   1   b45     —  CHARGE, BRK-B45
    31     CS   19.411   359.2   0.27   8.24   9.05   0     —     —  —
    32     CS   19.664   328.4   0.52   8.50   9.30   0     —     —  —
    33     CS   20.031   304.6   0.88   8.86   9.67   0     —     —  —
    34     CS   20.317   276.7   1.17   9.15   9.95   0     —     —  —
    35     CS   20.678   236.5   1.53   9.51  10.31   0     —     —  —
    36     CS   20.910   210.9   1.76   9.74  10.55   0     —    r2  REST-R2
    37     CS   30.316   186.1   0.24   0.24   0.24   0     —     —  —
    38     CS   30.544   160.2   0.47   0.47   0.47   0     —     —  —
    39     CS   30.776   134.7   0.70   0.70   0.70   1   b45     —  CHARGE, BRK-B45
    40     CS   32.334   426.7   0.24   0.94   1.26   0     —     —  —
    41     CS   32.551   403.9   0.45   1.15   1.48   0     —     —  —
    42     CS   32.757   380.2   0.66   1.36   1.68   0     —     —  —
    43     CS   32.989   354.9   0.89   1.59   1.91   0     —     —  —
    44     CS   33.382   336.0   1.28   1.98   2.31   0     —     —  —
    45     CS   33.611   310.5   1.51   2.21   2.54   0     —     —  —
    46     CS   33.883   280.1   1.78   2.48   2.81   0     —     —  —
    47     CS   34.171   251.2   2.07   2.77   3.10   0     —     —  —
    48   CUST   34.466   222.7   2.37   3.07   3.39   0     —     —  —
    49     CS   35.430   176.2   2.83   3.53   4.36   1   b45     —  CHARGE, BRK-B45
    50   CUST   36.884   342.2   0.29   3.82   5.06   0     —     —  —
    51     CS   37.979   307.2   0.88   4.42   6.15   0     —     —  —
    52     CS   38.337   267.8   1.24   4.77   6.51   0     —     —  —
    53     CS   38.616   243.1   1.52   5.05   6.79   0     —     —  —
    54     CS   38.859   215.7   1.76   5.30   7.03   0     —     —  —
    55     CS   39.085   193.6   1.99   5.52   7.26   0     —     —  —
    56     CS   39.356   174.1   2.26   5.79   7.53   0     —     —  —
    57     CS   39.571   151.1   2.48   6.01   7.75   1   b45     —  CHARGE, BRK-B45
    58     CS   40.799   383.4   0.27   6.28   8.20   0     —     —  —
    59     CS   41.075   355.7   0.54   6.55   8.48   0     —     —  —
    60     CS   41.350   328.0   0.82   6.83   8.76   0     —     —  —
    61     CS   41.548   305.9   1.02   7.03   8.95   0     —     —  —
    62     CS   41.760   284.9   1.23   7.24   9.17   0     —     —  —
    63     CS   41.957   262.7   1.43   7.44   9.36   0     —     —  —
    64     CS   42.224   237.2   1.69   7.70   9.63   0     —     —  —
    65     CS   42.496   212.1   1.97   7.97   9.90   0     —     —  —
    66     CS   42.762   186.5   2.23   8.24  10.17   0     —     —  —
    67     CS   42.960   164.4   2.43   8.44  10.37   0     —     —  —
    68     CS   43.162   142.6   2.63   8.64  10.57   0     —     —  —
    69     CS   43.369   121.3   2.84   8.85  10.77   1   b45     —  CHARGE, BRK-B45
    70     CS   44.823   402.2   0.30   9.15  11.27   0     —    r2  REST-R2
    71     CS   54.270   369.5   0.28   0.28   0.28   0     —     —  —
    72     CS   54.554   337.1   0.56   0.56   0.56   0     —     —  —
    73     CS   54.768   314.9   0.78   0.78   0.78   0     —     —  —
    74     CS   55.039   295.9   1.05   1.05   1.05   0     —     —  —
    75     CS   55.242   272.7   1.25   1.25   1.25   0     —     —  —
    76     CS   55.506   247.4   1.52   1.52   1.52   0     —     —  —
    77     CS   55.752   220.9   1.76   1.76   1.76   0     —     —  —
    78     CS   55.992   193.8   2.00   2.00   2.00   0     —     —  —
    79     CS   56.290   170.6   2.30   2.30   2.30   1   b45     —  CHARGE, BRK-B45
    80     CS   57.851   412.9   0.27   2.57   2.99   0     —     —  —
    81     CS   58.122   383.3   0.54   2.84   3.26   0     —     —  —
    82     CS   58.340   357.0   0.76   3.06   3.48   0     —     —  —
    83     CS   58.592   333.7   1.01   3.31   3.73   0     —     —  —
    84     CS   58.812   307.6   1.23   3.53   3.95   0     —     —  —
    85     CS   59.059   283.8   1.48   3.78   4.20   0     —     —  —
    86     CS   59.500   234.3   1.92   4.22   4.64   0     —     —  —
    87     CS   59.769   202.0   2.19   4.49   4.91   0     —     —  —
    88     CS   60.064   172.1   2.48   4.78   5.21   0     —     —  —
    89   CUST   60.390   144.3   2.81   5.11   5.53   0     —     —  —
    90     CS   61.054   125.1   2.97   5.27   6.20   1   b45     —  CHARGE, BRK-B45
    91     CS   62.343   378.4   0.26   5.54   6.65   0     —     —  —
    92     CS   62.560   354.8   0.48   5.76   6.87   0     —     —  —
    93     CS   62.791   332.4   0.71   5.99   7.10   0     —     —  —
    94     CS   63.005   308.6   0.93   6.20   7.31   0     —     —  —
    95     CS   63.334   284.6   1.25   6.53   7.64   0     —     —  —
    96     CS   63.620   258.3   1.54   6.81   7.93   0     —     —  —
    97     CS   63.874   229.5   1.79   7.07   8.18   0     —     —  —
    98     CS   64.126   200.5   2.05   7.32   8.43   0     —     —  —
    99     CS   64.402   171.3   2.32   7.60   8.71   0     —     —  —
   100     CS   64.738   145.9   2.66   7.93   9.05   1   b45     —  CHARGE, BRK-B45
   101     CS   66.073   377.0   0.28   8.21   9.61   0     —     —  —
   102     CS   66.357   346.1   0.56   8.50   9.90   0     —     —  —
   103     CS   66.631   316.2   0.84   8.77  10.17   0     —    r2  REST-R2
   104     CS   76.082   287.2   0.29   0.29   0.29   0     —     —  —
   105     CS   76.357   257.3   0.56   0.56   0.56   0     —     —  —
   106     CS   76.630   227.2   0.83   0.83   0.83   0     —     —  —
   107     CS   76.878   200.2   1.08   1.08   1.08   0     —     —  —
   108     CS   77.132   173.7   1.33   1.33   1.33   0     —     —  —
   109     CS   77.421   149.6   1.62   1.62   1.62   1   b45     —  CHARGE, BRK-B45
   110     CS   78.958   395.0   0.39   2.01   2.32   0     —     —  —
   111     CS   79.195   369.4   0.63   2.25   2.56   0     —     —  —
   112     CS   79.434   344.0   0.87   2.49   2.80   0     —     —  —
   113     CS   79.661   317.3   1.09   2.72   3.02   0     —     —  —
   114     CS   79.904   292.2   1.34   2.96   3.27   0     —     —  —
   115     CS   80.232   264.5   1.66   3.29   3.59   0     —     —  —
   116     CS   80.531   234.9   1.96   3.59   3.89   0     —     —  —
   117     CS   80.804   201.9   2.24   3.86   4.17   0     —     —  —
   118     CS   81.099   170.8   2.53   4.16   4.46   1   b45     —  CHARGE, BRK-B45
   119     CS   82.681   373.7   0.23   4.39   5.29   0     —     —  —
   120     CS   82.920   348.2   0.47   4.62   5.53   0     —     —  —
   121     CS   83.168   323.5   0.72   4.87   5.78   0     —     —  —
   122     CS   83.395   297.5   0.94   5.10   6.01   0     —     —  —
   123     CS   83.628   272.1   1.18   5.33   6.24   0     —     —  —
   124     CS   83.867   247.2   1.42   5.57   6.48   0     —     —  —
   125     CS   84.104   222.2   1.65   5.81   6.72   0     —     —  —
   126     CS   84.348   194.9   1.90   6.05   6.96   0     —     —  —
   127     CS   84.587   167.0   2.14   6.29   7.20   0     —     —  —
   128     CS   84.852   141.3   2.40   6.56   7.46   1   b45     —  CHARGE, BRK-B45
   129     CS   86.388   386.9   0.25   6.81   8.19   0     —     —  —
   130     CS   86.719   364.6   0.58   7.14   8.52   0     —    r1  REST-R1
   131     CS   98.310   343.3   0.42   0.42   0.42   0     —     —  —
   132     CS   98.572   315.2   0.69   0.69   0.69   0     —     —  —
   133     CS   98.825   286.3   0.94   0.94   0.94   0     —     —  —
   134     CS   99.087   257.4   1.20   1.20   1.20   0     —     —  —
   135     CS   99.343   228.0   1.46   1.46   1.46   0     —     —  —
   136     CS   99.644   202.0   1.76   1.76   1.76   1   b45     —  CHARGE, BRK-B45
   137     CS  101.038   429.3   0.30   2.05   2.31   0     —     —  —
   138     CS  101.326   402.5   0.58   2.34   2.60   0     —     —  —
   139     CS  101.580   372.9   0.84   2.60   2.85   0     —     —  —
   140     CS  101.850   345.4   1.11   2.87   3.12   0     —     —  —
   141     CS  102.102   316.4   1.36   3.12   3.37   0     —     —  —
   142     CS  102.387   290.1   1.64   3.40   3.66   0     —     —  —
   143     CS  102.710   267.5   1.97   3.73   3.98   0     —     —  —
   144     CS  102.966   241.2   2.22   3.98   4.24   0     —     —  —
   145     CS  103.206   212.7   2.46   4.22   4.48   0     —     —  —
   146     CS  103.489   187.5   2.75   4.50   4.76   0     —     —  —
   147     CS  103.797   163.7   3.05   4.81   5.07   1   b45     —  CHARGE, BRK-B45
   148     CS  105.219   411.6   0.27   5.08   5.62   0     —     —  —
   149     CS  105.513   385.8   0.56   5.37   5.91   0     —     —  —
   150     CS  105.844   361.9   0.89   5.70   6.24   0     —     —  —
   151     CS  106.097   334.6   1.15   5.96   6.50   0     —     —  —
   152     CS  106.408   310.9   1.46   6.27   6.81   0     —     —  —
   153     CS  106.651   282.7   1.70   6.51   7.05   0     —     —  —
   154     CS  107.094   259.7   2.14   6.96   7.49   0     —     —  —
   155     CS  107.366   228.9   2.41   7.23   7.76   0     —     —  —
   156     CS  107.669   205.5   2.72   7.53   8.07   0     —     —  —
   157     CS  107.935   179.9   2.98   7.80   8.33   0     —     —  —
   158     CS  108.177   152.4   3.23   8.04   8.58   1   b45     —  CHARGE, BRK-B45
   159     CS  109.381   375.3   0.24   8.28   9.03   0     —     —  —
   160     CS  109.624   347.8   0.48   8.52   9.27   0     —     —  —
   161     CS  109.880   320.0   0.74   8.78   9.53   0     —    r1  REST-R1
   162     CS  121.322   293.7   0.28   0.28   0.28   0     —     —  —
   163     CS  121.599   267.5   0.55   0.55   0.55   0     —     —  —
   164     CS  121.864   240.2   0.82   0.82   0.82   0     —     —  —
   165     CS  122.154   214.7   1.11   1.11   1.11   0     —     —  —
   166     CS  122.422   187.7   1.37   1.37   1.37   0     —     —  —
[29/33] RlongCfewTtight_15           labelled   57 states in 120.7 min
  ScenarioTracker saved: /mnt/beegfs/users/celinep/ChargeAndBreak/ML/logs/RmediumCfewTmedium_14_DAGGER1_S1_H24_20260822_094925_scenarios.json

  === SIMULATION TRAJECTORY ===
  stop   type    t_arr     soc     cd     sd     sw   y   brk   rst  action
  ───────────────────────────────────────────────────────────────────────────────────────────────
     0   ORIG    8.000   500.0   0.00   0.00   0.00   0     —     —  —
     1     CS    8.317   478.8   0.32   0.32   0.32   0     —     —  —
     2     CS    8.548   452.7   0.55   0.55   0.55   0     —     —  —
     3     CS    8.781   426.6   0.78   0.78   0.78   0     —     —  —
     4     CS    9.051   402.1   1.05   1.05   1.05   0     —     —  —
     5     CS    9.291   375.1   1.29   1.29   1.29   0     —     —  —
     6     CS    9.529   348.1   1.53   1.53   1.53   0     —     —  —
     7     CS    9.934   323.9   1.93   1.93   1.93   0     —     —  —
     8     CS   10.226   294.6   2.23   2.23   2.23   0     —     —  —
     9     CS   10.493   262.9   2.49   2.49   2.49   0     —     —  —
    10     CS   10.725   235.2   2.72   2.72   2.72   0     —     —  —
    11     CS   10.994   210.5   2.99   2.99   2.99   0     —     —  —
    12     CS   11.238   184.0   3.24   3.24   3.24   0     —     —  —
    13     CS   11.692   135.6   3.69   3.69   3.69   1   b45     —  CHARGE, BRK-B45
    14     CS   12.945   385.8   0.25   3.94   4.13   0     —     —  —
    15     CS   13.218   361.4   0.52   4.21   4.40   0     —     —  —
    16     CS   13.488   336.8   0.79   4.48   4.67   0     —     —  —
    17     CS   13.769   305.8   1.07   4.76   4.95   0     —     —  —
    18     CS   14.042   273.9   1.34   5.04   5.23   0     —     —  —
    19     CS   14.319   241.6   1.62   5.31   5.50   0     —     —  —
    20     CS   14.592   209.0   1.89   5.59   5.78   0     —     —  —
    21     CS   14.877   177.5   2.18   5.87   6.06   0     —     —  —
    22     CS   15.157   146.3   2.46   6.15   6.34   0     —     —  —
    23     CS   15.458   116.9   2.76   6.45   6.64   1   b45     —  CHARGE, BRK-B45
    24     CS   16.772   368.5   0.27   6.72   7.15   0     —     —  —
    25     CS   17.049   337.8   0.54   7.00   7.42   0     —     —  —
    26     CS   17.352   309.2   0.85   7.30   7.73   0     —     —  —
    27     CS   17.594   284.7   1.09   7.54   7.97   0     —     —  —
    28     CS   17.825   259.4   1.32   7.77   8.20   0     —     —  —
    29     CS   18.077   235.6   1.57   8.03   8.45   0     —     —  —
    30     CS   18.326   208.6   1.82   8.27   8.70   0     —     —  —
    31     CS   18.584   182.5   2.08   8.53   8.96   0     —     —  —
    32     CS   18.852   157.1   2.35   8.80   9.23   0     —     —  —
    33     CS   19.096   129.7   2.59   9.04   9.47   1   b45     —  CHARGE, BRK-B45
    34     CS   20.769   334.0   0.55   9.60  10.39   0     —     —  —
    35     CS   21.040   309.8   0.82   9.87  10.67   0     —    r2  REST-R2
    36     CS   30.515   287.5   0.31   0.31   0.31   0     —     —  —
    37     CS   30.757   261.2   0.55   0.55   0.55   0     —     —  —
    38     CS   31.001   235.0   0.79   0.79   0.79   0     —     —  —
    39     CS   31.519   191.1   1.31   1.31   1.31   1   b45     —  CHARGE, BRK-B45
    40     CS   32.811   414.4   0.23   1.54   1.81   0     —     —  —
    41     CS   33.038   388.5   0.45   1.77   2.03   0     —     —  —
    42     CS   33.288   364.4   0.70   2.02   2.28   0     —     —  —
    43     CS   33.525   339.3   0.94   2.25   2.52   0     —     —  —
    44     CS   33.834   311.1   1.25   2.56   2.83   0     —     —  —
    45     CS   34.104   279.9   1.52   2.83   3.10   0     —     —  —
    46     CS   34.416   251.9   1.83   3.15   3.41   0     —     —  —
    47   CUST   34.887   200.3   2.30   3.62   3.88   0     —     —  —
    48     CS   35.393   199.7   2.31   3.62   4.39   0     —     —  —
    49     CS   35.746   171.7   2.66   3.97   4.74   0     —     —  —
    50     CS   36.037   139.6   2.95   4.27   5.03   0     —     —  —
    51     CS   36.330   107.7   3.25   4.56   5.32   1   b45     —  CHARGE, BRK-B45
    52     CS   37.723   273.3   0.21   4.77   5.97   0     —     —  —
    53     CS   37.931   249.8   0.42   4.98   6.18   0     —     —  —
    54     CS   38.158   227.8   0.65   5.21   6.40   0     —     —  —
    55     CS   38.585   207.3   1.07   5.63   6.83   0     —     —  —
    56     CS   38.886   183.2   1.38   5.93   7.13   0     —     —  —
    57     CS   39.156   157.2   1.65   6.20   7.40   1   b45     —  CHARGE, BRK-B45
    58     CS   40.630   439.2   0.22   6.43   7.87   0     —     —  —
    59     CS   40.840   415.9   0.43   6.64   8.08   0     —     —  —
    60     CS   41.049   392.3   0.64   6.84   8.29   0     —     —  —
    61     CS   41.308   362.4   0.90   7.10   8.55   0     —     —  —
    62     CS   41.650   337.8   1.24   7.45   8.89   0     —     —  —
    63     CS   41.907   307.7   1.50   7.70   9.15   0     —     —  —
    64     CS   42.186   275.3   1.78   7.98   9.43   0     —     —  —
    65     CS   42.546   248.2   2.14   8.34   9.79   0     —     —  —
    66     CS   42.804   218.1   2.39   8.60  10.05   0     —     —  —
    67     CS   43.067   188.6   2.66   8.86  10.31   0     —     —  —
    68     CS   43.334   159.4   2.92   9.13  10.58   0     —     —  —
    69     CS   43.804   110.0   3.39   9.60  11.05   1     —    r2  CHARGE, REST-R2
    70     CS   54.313   387.5   0.32   0.32   0.32   0     —     —  —
    71     CS   54.603   357.2   0.61   0.61   0.61   0     —     —  —
    72     CS   54.892   326.9   0.90   0.90   0.90   0     —     —  —
    73     CS   55.116   300.8   1.13   1.13   1.13   0     —     —  —
    74     CS   55.341   274.8   1.35   1.35   1.35   0     —     —  —
    75     CS   55.596   251.3   1.61   1.61   1.61   0     —     —  —
    76     CS   55.870   224.1   1.88   1.88   1.88   0     —     —  —
    77     CS   56.118   194.8   2.13   2.13   2.13   0     —     —  —
    78     CS   56.372   165.9   2.38   2.38   2.38   1   b45     —  CHARGE, BRK-B45
    79     CS   57.977   437.8   0.27   2.65   3.00   0     —     —  —
    80     CS   58.234   410.0   0.53   2.91   3.25   0     —     —  —
    81     CS   58.478   381.0   0.77   3.15   3.50   0     —     —  —
    82     CS   58.695   360.4   0.99   3.37   3.71   0     —     —  —
    83     CS   58.908   339.6   1.20   3.58   3.93   0     —     —  —
    84     CS   59.125   319.0   1.42   3.80   4.14   0     —     —  —
    85     CS   59.399   288.1   1.69   4.07   4.42   0     —     —  —
    86     CS   59.696   259.1   1.99   4.37   4.72   0     —     —  —
    87     CS   59.971   228.2   2.26   4.64   4.99   0     —     —  —
    88     CS   60.410   193.3   2.70   5.08   5.43   0     —     —  —
    89     CS   60.635   168.9   2.93   5.31   5.65   0     —     —  —
    90     CS   60.851   143.7   3.14   5.53   5.87   0     —     —  —
[30/33] RmediumCfewTmedium_14        labelled   26 states in  37.2 min
  ScenarioTracker saved: /mnt/beegfs/users/celinep/ChargeAndBreak/ML/logs/RshortCmediumTlarge_1_DAGGER1_S1_H24_20260822_102638_scenarios.json

  === SIMULATION TRAJECTORY ===
  stop   type    t_arr     soc     cd     sd     sw   y   brk   rst  action
  ───────────────────────────────────────────────────────────────────────────────────────────────
     0   ORIG    8.000   500.0   0.00   0.00   0.00   0     —     —  —
     1     CS    8.234   474.1   0.23   0.23   0.23   0     —     —  —
     2     CS    8.470   448.4   0.47   0.47   0.47   0     —     —  —
     3     CS    8.764   426.3   0.76   0.76   0.76   0     —     —  —
     4     CS    8.993   399.9   0.99   0.99   0.99   0     —     —  —
     5     CS    9.222   373.6   1.22   1.22   1.22   0     —     —  —
     6     CS    9.484   349.8   1.48   1.48   1.48   0     —     —  —
     7     CS    9.753   320.8   1.75   1.75   1.75   0     —     —  —
     8     CS   10.012   290.9   2.01   2.01   2.01   0     —     —  —
     9     CS   10.281   261.8   2.28   2.28   2.28   0     —     —  —
    10     CS   10.536   236.1   2.54   2.54   2.54   0     —     —  —
    11     CS   10.768   208.4   2.77   2.77   2.77   0     —     —  —
    12     CS   11.035   183.6   3.04   3.04   3.04   0     —     —  —
    13   CUST   11.450   145.3   3.45   3.45   3.45   0     —     —  —
    14     CS   12.144   124.1   3.64   3.64   4.14   1   b45     —  CHARGE, BRK-B45
    15     CS   13.588   383.9   0.28   3.92   4.71   0     —     —  —
    16     CS   13.883   352.1   0.57   4.22   5.01   0     —     —  —
    17   CUST   14.183   320.7   0.87   4.52   5.31   0     —     —  —
    18     CS   14.749   313.8   0.94   4.58   5.88   0     —     —  —
    19     CS   15.031   283.3   1.22   4.87   6.16   0     —     —  —
    20     CS   15.317   253.3   1.51   5.15   6.44   0     —     —  —
    21     CS   15.583   229.1   1.77   5.42   6.71   0     —     —  —
    22     CS   15.822   202.9   2.01   5.66   6.95   0     —     —  —
    23     CS   16.087   178.7   2.28   5.92   7.21   1   b45     —  CHARGE, BRK-B45
    24     CS   17.371   340.9   0.28   6.21   7.75   0     —     —  —
    25     CS   17.675   313.8   0.59   6.51   8.05   0     —     —  —
    26     CS   17.935   283.1   0.85   6.77   8.31   0     —     —  —
    27     CS   18.268   260.1   1.18   7.10   8.64   0     —     —  —
    28   CUST   18.586   236.5   1.50   7.42   8.96   0     —    r2  REST-R2
    29     CS   28.418   212.1   0.33   0.33   0.33   0     —     —  —
    30     CS   28.680   183.4   0.59   0.59   0.59   0     —     —  —
    31     CS   28.728   179.4   0.64   0.64   0.64   1   b45     —  CHARGE, BRK-B45
    32     CS   29.984   370.9   0.27   0.91   1.15   0     —     —  —
    33     CS   30.272   341.1   0.56   1.20   1.44   0     —     —  —
    34     CS   30.585   313.2   0.87   1.51   1.75   0     —     —  —
    35     CS   30.860   293.8   1.14   1.79   2.02   0     —     —  —
    36     CS   31.072   270.6   1.36   2.00   2.24   0     —     —  —
    37     CS   31.290   247.9   1.57   2.22   2.45   0     —     —  —
    38     CS   31.536   220.0   1.82   2.46   2.70   0     —     —  —
    39     CS   31.778   191.6   2.06   2.70   2.94   0     —     —  —
    40   CUST   32.068   166.9   2.35   2.99   3.23   0     —     —  —
    41     CS   32.827   138.0   2.61   3.25   3.99   0     —     —  —
    42     CS   33.163   113.8   2.95   3.59   4.33   1   b45     —  CHARGE, BRK-B45
    43     CS   34.666   436.7   0.14   3.73   4.75   0     —     —  —
    44     CS   34.972   407.6   0.45   4.04   5.05   0     —     —  —
    45     CS   35.243   375.7   0.72   4.31   5.32   0     —     —  —
    46     CS   35.512   343.4   0.99   4.58   5.59   0     —     —  —
    47     CS   35.969   297.5   1.45   5.04   6.05   0     —     —  —
    48     CS   36.279   266.5   1.76   5.35   6.36   0     —     —  —
    49     CS   36.576   234.5   2.05   5.64   6.66   0     —     —  —
    50     CS   36.881   203.3   2.36   5.95   6.96   0     —     —  —
    51     CS   37.175   171.0   2.65   6.24   7.26   0     —     —  —
    52     CS   37.502   141.3   2.98   6.57   7.58   0     —     —  —
    53     CS   37.859   113.2   3.34   6.93   7.94   1     —     —  CHARGE
    54     CS   38.715   223.2   3.54   7.13   8.80   0     —     —  —
    55     CS   38.921   201.1   3.74   7.33   9.00   0     —     —  —
[31/33] RshortCmediumTlarge_1        labelled   25 states in  23.8 min
    [warn] teacher query failed @12: Solver failed to locate input problem file: /tmp/tmps61_j1hj.pyomo.lp
  ScenarioTracker saved: /mnt/beegfs/users/celinep/ChargeAndBreak/ML/logs/RmediumCmanyTlarge_7_DAGGER1_S1_H24_20260822_105026_scenarios.json

  === SIMULATION TRAJECTORY ===
  stop   type    t_arr     soc     cd     sd     sw   y   brk   rst  action
  ───────────────────────────────────────────────────────────────────────────────────────────────
     0   ORIG    8.000   500.0   0.00   0.00   0.00   0     —     —  —
     1     CS    8.286   477.6   0.29   0.29   0.29   0     —     —  —
     2     CS    8.577   455.4   0.58   0.58   0.58   0     —     —  —
     3     CS    8.804   428.8   0.80   0.80   0.80   0     —     —  —
     4     CS    9.117   405.8   1.12   1.12   1.12   0     —     —  —
     5     CS    9.352   377.7   1.35   1.35   1.35   0     —     —  —
     6     CS    9.599   352.8   1.60   1.60   1.60   0     —     —  —
     7     CS    9.850   328.3   1.85   1.85   1.85   0     —     —  —
     8     CS   10.089   302.8   2.09   2.09   2.09   0     —     —  —
     9     CS   10.361   279.7   2.36   2.36   2.36   0     —     —  —
    10     CS   10.830   230.3   2.83   2.83   2.83   0     —     —  —
    11     CS   11.267   208.8   3.27   3.27   3.27   0     —     —  —
    12     CS   11.660   186.5   3.66   3.66   3.66   0     —     —  —
    13     CS   11.911   156.8   3.91   3.91   3.91   0     —     —  —
    14     CS   12.165   127.4   4.17   4.17   4.17   1   b45     —  CHARGE, BRK-B45
    15     CS   13.487   371.6   0.30   4.47   4.69   0     —     —  —
    16     CS   13.774   338.7   0.59   4.75   4.98   0     —     —  —
    17     CS   14.053   314.9   0.87   5.03   5.26   0     —     —  —
    18     CS   14.301   289.1   1.12   5.28   5.51   0     —     —  —
    19     CS   14.596   258.7   1.41   5.58   5.80   0     —     —  —
    20     CS   14.875   226.9   1.69   5.86   6.08   0     —     —  —
    21     CS   15.148   194.3   1.96   6.13   6.35   0     —     —  —
    22     CS   15.542   169.0   2.36   6.52   6.75   0     —     —  —
    23     CS   15.836   134.4   2.65   6.82   7.04   1   b45     —  CHARGE, BRK-B45
    24     CS   17.289   410.5   0.26   7.07   7.54   0     —     —  —
    25     CS   17.544   381.0   0.51   7.33   7.79   0     —     —  —
    26     CS   17.799   351.5   0.77   7.58   8.05   0     —     —  —
    27     CS   18.097   319.6   1.07   7.88   8.34   0     —     —  —
    28     CS   18.468   292.2   1.44   8.25   8.72   0     —     —  —
    29   CUST   18.905   267.0   1.87   8.69   9.15   0     —     —  —
    30     CS   19.577   250.6   2.04   8.86   9.82   0     —     —  —
    31   CUST   19.932   211.0   2.40   9.22  10.18   0     —     —  —
    32   CUST   20.477   206.8   2.45   9.26  10.72   0     —     —  —
    33     CS   21.241   176.4   2.71   9.53  11.49   1     —    r2  CHARGE, REST-R2
    34     CS   31.629   381.2   0.37   0.37   0.37   0     —     —  —
    35     CS   31.846   358.4   0.59   0.59   0.59   0     —     —  —
    36     CS   32.094   337.7   0.84   0.84   0.84   0     —     —  —
    37     CS   32.306   314.6   1.05   1.05   1.05   0     —     —  —
    38     CS   32.606   287.1   1.35   1.35   1.35   0     —     —  —
    39     CS   32.971   262.8   1.71   1.71   1.71   0     —     —  —
    40     CS   33.240   233.0   1.98   1.98   1.98   0     —     —  —
    41     CS   33.505   209.5   2.25   2.25   2.25   0     —     —  —
    42     CS   33.730   182.7   2.47   2.47   2.47   0     —     —  —
    43     CS   34.041   161.3   2.78   2.78   2.78   0     —     —  —
    44     CS   34.293   136.9   3.04   3.04   3.04   1   b45     —  CHARGE, BRK-B45
    45     CS   35.824   411.4   0.29   3.32   3.60   0     —     —  —
    46     CS   36.117   380.2   0.58   3.62   3.89   0     —     —  —
    47     CS   36.422   350.0   0.89   3.92   4.20   0     —     —  —
    48     CS   36.712   318.5   1.18   4.21   4.49   0     —     —  —
    49     CS   36.952   293.2   1.42   4.45   4.73   0     —     —  —
    50     CS   37.277   272.3   1.74   4.78   5.05   0     —     —  —
    51     CS   37.558   249.6   2.02   5.06   5.33   0     —     —  —
    52   CUST   37.795   224.0   2.26   5.30   5.57   0     —     —  —
    53   CUST   38.535   209.0   2.50   5.54   6.31   0     —     —  —
    54     CS   39.128   200.8   2.59   5.63   6.90   1   b45     —  CHARGE, BRK-B45
    55     CS   40.416   399.1   0.27   5.90   7.44   0     —     —  —
    56     CS   40.699   375.1   0.55   6.18   7.73   0     —     —  —
    57     CS   40.934   347.5   0.79   6.42   7.96   0     —     —  —
    58     CS   41.318   327.1   1.17   6.80   8.34   0     —     —  —
    59   CUST   41.554   299.5   1.41   7.04   8.58   0     —     —  —
    60   CUST   42.143   292.0   1.50   7.13   9.17   0     —     —  —
    61     CS   42.678   288.2   1.53   7.16   9.71   0     —     —  —
    62     CS   43.328   257.0   2.18   7.81  10.36   0     —     —  —
    63     CS   43.615   230.1   2.47   8.10  10.64   0     —     —  —
    64     CS   43.912   203.8   2.77   8.40  10.94   0     —     —  —
    65     CS   44.178   175.4   3.03   8.66  11.21   1   b45     —  CHARGE, BRK-B45
    66     CS   45.940   412.0   0.26   8.93  12.11   0     —    r2  REST-R2
    67     CS   55.414   384.0   0.31   0.31   0.31   0     —     —  —
    68     CS   55.635   359.3   0.53   0.53   0.53   0     —     —  —
    69     CS   55.857   334.7   0.75   0.75   0.75   0     —     —  —
    70   CUST   56.175   315.1   1.07   1.07   1.07   0     —     —  —
    71     CS   56.921   288.8   1.31   1.31   1.81   0     —     —  —
    72     CS   57.163   262.2   1.56   1.56   2.06   0     —     —  —
    73     CS   57.408   235.8   1.80   1.80   2.30   0     —     —  —
    74     CS   57.695   212.3   2.09   2.09   2.59   0     —     —  —
    75   CUST   57.786   204.9   2.18   2.18   2.68   0     —     —  —
    76   CUST   58.629   173.1   2.52   2.52   3.52   0     —     —  —
    77   CUST   59.129   173.1   2.52   2.52   4.02   0     —     —  —
    78     CS   59.726   165.1   2.62   2.62   4.62   0     —     —  —
    79   CUST   59.906   149.3   2.80   2.80   4.80   0     —     —  —
    80     CS   60.548   132.7   2.94   2.94   5.44   1   b45     —  CHARGE, BRK-B45
    81   CUST   62.026   311.7   0.43   3.37   6.17   0     —     —  —
    82     CS   62.590   304.5   0.49   3.43   6.73   0     —     —  —
    83     CS   62.882   272.6   0.78   3.72   7.03   0     —     —  —
    84     CS   63.251   245.6   1.15   4.09   7.39   0     —     —  —
    85     CS   63.509   217.7   1.41   4.35   7.65   0     —     —  —
    86     CS   63.761   189.3   1.66   4.60   7.90   0     —     —  —
    87     CS   64.026   162.0   1.92   4.87   8.17   0     —     —  —
    88     CS   64.278   133.6   2.18   5.12   8.42   1   b45     —  CHARGE, BRK-B45
    89     CS   66.445   381.4   0.23   5.35   9.79   0     —     —  —
    90     CS   66.675   355.9   0.46   5.58  10.03   0     —     —  —
    91     CS   66.902   330.2   0.69   5.81  10.25   0     —     —  —
    92     CS   67.185   299.2   0.97   6.09  10.53   0     —     —  —
    93     CS   67.491   270.2   1.28   6.40  10.84   0     —     —  —
    94     CS   67.778   239.6   1.57   6.69  11.13   0     —     —  —
    95     CS   68.050   207.7   1.84   6.96  11.40   0     —     —  —
    96     CS   68.301   177.8   2.09   7.21  11.65   0     —     —  —
    97     CS   68.557   148.3   2.35   7.46  11.91   0     —     —  —
    98     CS   68.821   119.7   2.61   7.73  12.17   1     —    r2  CHARGE, REST-R2
    99     CS   78.657   222.1   0.22   0.22   0.22   0     —     —  —
   100     CS   78.894   197.9   0.46   0.46   0.46   0     —     —  —
   101     CS   79.119   172.7   0.68   0.68   0.68   1     —     —  CHARGE
   102     CS   79.923   276.9   0.90   0.90   1.49   0     —     —  —
   103     CS   80.168   253.4   1.15   1.15   1.73   0     —     —  —
[32/33] RmediumCmanyTlarge_7         labelled   35 states in  68.3 min
  ScenarioTracker saved: /mnt/beegfs/users/celinep/ChargeAndBreak/ML/logs/RlongCmediumTnone_7_DAGGER1_S1_H24_20260822_115844_scenarios.json

  === SIMULATION TRAJECTORY ===
  stop   type    t_arr     soc     cd     sd     sw   y   brk   rst  action
  ───────────────────────────────────────────────────────────────────────────────────────────────
     0   ORIG    8.000   500.0   0.00   0.00   0.00   0     —     —  —
     1     CS    8.250   475.4   0.25   0.25   0.25   0     —     —  —
     2     CS    8.503   451.0   0.50   0.50   0.50   0     —     —  —
     3     CS    8.791   428.7   0.79   0.79   0.79   0     —     —  —
     4     CS    9.054   398.3   1.05   1.05   1.05   0     —     —  —
     5     CS    9.313   367.6   1.31   1.31   1.31   0     —     —  —
     6     CS    9.572   336.8   1.57   1.57   1.57   0     —     —  —
     7     CS    9.816   315.9   1.82   1.82   1.82   0     —     —  —
     8     CS   10.026   292.5   2.03   2.03   2.03   0     —     —  —
     9     CS   10.231   268.7   2.23   2.23   2.23   0     —     —  —
    10     CS   10.483   244.3   2.48   2.48   2.48   0     —     —  —
    11     CS   10.733   219.7   2.73   2.73   2.73   0     —     —  —
    12     CS   10.969   194.0   2.97   2.97   2.97   0     —     —  —
    13     CS   11.245   165.6   3.25   3.25   3.25   0     —     —  —
    14     CS   11.515   136.6   3.51   3.51   3.51   0     —     —  —
    15     CS   11.795   108.5   3.80   3.80   3.80   1   b45     —  CHARGE, BRK-B45
    16     CS   13.381   391.2   0.25   4.04   4.45   0     —     —  —
    17     CS   13.638   364.2   0.51   4.30   4.71   0     —     —  —
    18     CS   13.889   336.7   0.76   4.55   4.96   0     —     —  —
    19     CS   14.318   288.4   1.19   4.98   5.39   0     —     —  —
    20     CS   14.512   265.9   1.38   5.17   5.58   0     —     —  —
    21     CS   14.703   243.1   1.57   5.37   5.78   0     —     —  —
    22     CS   14.908   221.7   1.78   5.57   5.98   1   b45     —  CHARGE, BRK-B45
    23     CS   16.374   406.6   0.32   5.89   6.70   0     —     —  —
    24     CS   16.672   378.0   0.62   6.19   6.99   0     —     —  —
    25     CS   16.951   347.9   0.90   6.47   7.27   0     —     —  —
    26     CS   17.255   319.7   1.20   6.77   7.58   0     —     —  —
    27     CS   17.633   289.0   1.58   7.15   7.96   0     —     —  —
    28     CS   17.877   264.0   1.82   7.40   8.20   0     —     —  —
    29     CS   18.110   238.0   2.06   7.63   8.43   0     —     —  —
    30     CS   18.375   214.4   2.32   7.89   8.70   0     —     —  —
    31     CS   18.717   188.6   2.66   8.23   9.04   0     —     —  —
    32     CS   19.030   161.4   2.98   8.55   9.35   0     —     —  —
    33     CS   19.292   130.1   3.24   8.81   9.61   1   b45     —  CHARGE, BRK-B45
    34     CS   20.547   383.6   0.25   9.06  10.06   0     —     —  —
    35     CS   20.810   360.6   0.51   9.32  10.32   0     —     —  —
    36     CS   21.089   338.4   0.79   9.60  10.60   0     —     —  —
    37     CS   21.441   313.6   1.14   9.95  10.95   0     —    r2  REST-R2
    38     CS   30.891   285.0   0.28   0.28   0.28   0     —     —  —
    39     CS   31.155   254.8   0.55   0.55   0.55   0     —     —  —
    40     CS   31.406   228.0   0.80   0.80   0.80   0     —     —  —
    41     CS   31.650   200.7   1.04   1.04   1.04   1   b45     —  CHARGE, BRK-B45
    42     CS   32.966   412.1   0.26   1.31   1.57   0     —     —  —
    43     CS   33.432   389.7   0.73   1.77   2.04   0     —     —  —
    44     CS   33.737   362.0   1.04   2.08   2.34   0     —     —  —
    45     CS   33.976   337.2   1.27   2.32   2.58   0     —     —  —
    46     CS   34.204   311.6   1.50   2.54   2.81   0     —     —  —
    47     CS   34.430   285.8   1.73   2.77   3.04   0     —     —  —
    48     CS   34.668   262.4   1.97   3.01   3.28   0     —     —  —
    49     CS   34.906   239.1   2.20   3.25   3.51   0     —     —  —
    50     CS   35.141   215.5   2.44   3.48   3.75   0     —     —  —
    51     CS   35.361   190.8   2.66   3.70   3.97   1   b45     —  CHARGE, BRK-B45
    52   CUST   36.893   356.7   0.47   4.18   4.75   0     —     —  —
    53   CUST   37.844   306.9   0.93   4.63   5.70   0     —     —  —
    54     CS   38.626   282.4   1.21   4.91   6.48   0     —     —  —
    55     CS   38.767   265.7   1.35   5.05   6.62   0     —     —  —
    56     CS   39.121   248.8   1.70   5.40   6.98   0     —     —  —
    57     CS   39.326   225.8   1.91   5.61   7.18   0     —     —  —
    58     CS   39.605   207.1   2.19   5.89   7.46   0     —     —  —
    59     CS   39.860   176.7   2.44   6.14   7.72   0     —     —  —
    60     CS   40.135   148.2   2.72   6.42   7.99   0     —     —  —
    61     CS   40.448   122.2   3.03   6.73   8.31   1   b45     —  CHARGE, BRK-B45
    62     CS   41.917   386.1   0.31   7.04   8.94   0     —     —  —
    63     CS   42.156   359.1   0.55   7.28   9.18   0     —     —  —
    64     CS   42.412   333.5   0.81   7.54   9.43   0     —     —  —
    65     CS   42.821   308.3   1.22   7.95   9.84   0     —     —  —
    66     CS   43.098   275.5   1.49   8.23  10.12   0     —     —  —
    67     CS   43.354   246.9   1.75   8.48  10.37   0     —     —  —
    68     CS   43.601   217.4   2.00   8.73  10.62   0     —     —  —
    69     CS   43.915   192.7   2.31   9.04  10.94   1     —    r2  CHARGE, REST-R2
    70     CS   53.905   343.9   0.29   0.29   0.29   0     —     —  —
    71     CS   54.165   317.9   0.54   0.54   0.54   0     —     —  —
    72     CS   54.406   290.2   0.79   0.79   0.79   0     —     —  —
    73     CS   54.637   265.6   1.02   1.02   1.02   0     —     —  —
    74     CS   54.862   240.4   1.24   1.24   1.24   0     —     —  —
    75     CS   55.092   215.8   1.47   1.47   1.47   0     —     —  —
    76     CS   55.287   192.5   1.67   1.67   1.67   0     —     —  —
    77     CS   55.511   171.7   1.89   1.89   1.89   0     —     —  —
    78     CS   55.715   149.4   2.10   2.10   2.10   1   b45     —  CHARGE, BRK-B45
    79     CS   57.024   392.1   0.24   2.34   2.59   0     —     —  —
    80     CS   57.264   365.2   0.48   2.58   2.83   0     —     —  —
    81     CS   57.506   338.4   0.72   2.82   3.08   0     —     —  —
    82     CS   57.777   313.2   0.99   3.09   3.35   0     —     —  —
    83     CS   58.024   286.1   1.24   3.34   3.59   0     —     —  —
    84   CUST   58.289   260.5   1.51   3.60   3.86   0     —     —  —
    85     CS   59.083   234.2   1.80   3.89   4.65   0     —     —  —
    86     CS   59.336   204.7   2.05   4.15   4.90   0     —     —  —
    87   CUST   59.445   192.2   2.16   4.26   5.01   0     —     —  —
    88     CS   60.089   175.7   2.31   4.40   5.66   1   b45     —  CHARGE, BRK-B45
    89     CS   61.420   396.3   0.33   4.73   6.22   0     —     —  —
    90     CS   61.723   365.3   0.63   5.03   6.52   0     —     —  —
    91     CS   62.016   333.3   0.92   5.32   6.82   0     —     —  —
    92     CS   62.305   302.9   1.21   5.61   7.10   0     —     —  —
    93     CS   62.585   271.7   1.49   5.89   7.38   0     —     —  —
    94     CS   62.857   241.0   1.76   6.16   7.66   0     —     —  —
    95     CS   63.158   212.7   2.07   6.47   7.96   0     —     —  —
    96     CS   63.414   186.3   2.32   6.72   8.21   0     —     —  —
    97     CS   63.649   158.0   2.56   6.96   8.45   0     —     —  —
    98     CS   63.895   130.9   2.80   7.20   8.69   1   b45     —  CHARGE, BRK-B45
    99     CS   65.219   360.1   0.28   7.48   9.27   0     —     —  —
   100     CS   65.496   327.5   0.56   7.76   9.55   0     —     —  —
   101     CS   65.756   302.1   0.82   8.02   9.81   0     —     —  —
   102     CS   65.990   274.3   1.05   8.25  10.04   0     —     —  —
   103     CS   66.257   249.4   1.32   8.52  10.31   0     —     —  —
   104     CS   66.529   224.7   1.59   8.79  10.58   1     —    r2  CHARGE, REST-R2
   105     CS   76.447   377.1   0.21   0.21   0.21   0     —     —  —
   106     CS   76.653   354.1   0.42   0.42   0.42   0     —     —  —
   107     CS   76.857   331.0   0.62   0.62   0.62   0     —     —  —
   108     CS   77.124   299.8   0.89   0.89   0.89   0     —     —  —
   109     CS   77.431   271.8   1.19   1.19   1.19   0     —     —  —
   110     CS   77.682   243.3   1.44   1.44   1.44   0     —     —  —
   111     CS   77.931   214.7   1.69   1.69   1.69   0     —     —  —
   112     CS   78.182   186.1   1.94   1.94   1.94   0     —     —  —
   113     CS   78.556   164.0   2.32   2.32   2.32   1   b45     —  CHARGE, BRK-B45
   114     CS   79.806   392.5   0.24   2.56   2.82   0     —     —  —
   115     CS   80.014   368.9   0.45   2.76   3.03   0     —     —  —
   116     CS   80.222   345.3   0.65   2.97   3.23   0     —     —  —
   117     CS   80.496   317.1   0.93   3.25   3.51   0     —     —  —
   118     CS   80.779   289.6   1.21   3.53   3.79   0     —     —  —
   119     CS   81.174   270.6   1.61   3.92   4.19   0     —     —  —
   120     CS   81.426   246.8   1.86   4.18   4.44   0     —     —  —
   121     CS   81.654   220.8   2.09   4.40   4.67   0     —     —  —
   122     CS   81.876   194.4   2.31   4.63   4.89   0     —     —  —
   123     CS   82.120   170.0   2.55   4.87   5.13   0     —     —  —
   124     CS   82.368   146.1   2.80   5.12   5.38   0     —     —  —
   125     CS   82.592   120.0   3.02   5.34   5.60   1   b45     —  CHARGE, BRK-B45
   126     CS   83.951   389.3   0.25   5.59   6.09   0     —     —  —
   127     CS   84.191   362.8   0.49   5.83   6.33   0     —     —  —
   128     CS   84.430   342.9   0.73   6.07   6.57   0     —     —  —
   129     CS   84.627   320.0   0.92   6.27   6.76   0     —     —  —
   130   CUST   84.823   296.8   1.12   6.46   6.96   0     —     —  —
   131     CS   85.774   244.6   1.57   6.91   7.91   0     —     —  —
   132     CS   86.023   216.5   1.82   7.16   8.16   0     —     —  —
   133     CS   86.408   198.0   2.20   7.55   8.54   0     —     —  —
   134     CS   86.625   172.3   2.42   7.76   8.76   0     —     —  —
   135     CS   86.891   150.2   2.69   8.03   9.03   0     —     —  —
   136     CS   87.109   124.7   2.91   8.25   9.25   1   b45     —  CHARGE, BRK-B45
   137     CS   88.511   392.0   0.24   8.49   9.78   0     —     —  —
   138     CS   88.740   367.4   0.47   8.72  10.01   0     —    r1  REST-R1
   139     CS  100.132   342.5   0.23   0.23   0.23   0     —     —  —
   140     CS  100.437   322.1   0.53   0.53   0.53   0     —     —  —
   141     CS  100.658   301.1   0.75   0.75   0.75   0     —     —  —
   142     CS  100.974   283.9   1.07   1.07   1.07   0     —     —  —
   143     CS  101.204   263.6   1.30   1.30   1.30   0     —     —  —
   144     CS  101.664   213.4   1.76   1.76   1.76   1   b45     —  CHARGE, BRK-B45
   145     CS  102.962   400.9   0.26   2.02   2.31   0     —     —  —
   146     CS  103.257   375.2   0.55   2.31   2.60   0     —     —  —
   147     CS  103.572   350.6   0.87   2.63   2.92   0     —     —  —
   148     CS  103.834   322.5   1.13   2.89   3.18   0     —     —  —
   149     CS  104.106   295.2   1.40   3.16   3.45   0     —     —  —
   150     CS  104.375   267.7   1.67   3.43   3.72   0     —     —  —
   151     CS  104.629   237.6   1.92   3.68   3.97   0     —     —  —
   152     CS  104.911   210.0   2.21   3.97   4.25   1   b45     —  CHARGE, BRK-B45
   153     CS  106.289   417.7   0.28   4.24   4.88   0     —     —  —
   154     CS  106.549   392.7   0.54   4.50   5.14   0     —     —  —
   155     CS  106.793   366.5   0.78   4.75   5.39   0     —     —  —
   156     CS  107.132   345.3   1.12   5.09   5.73   0     —     —  —
   157     CS  107.356   321.6   1.34   5.31   5.95   0     —     —  —
   158     CS  107.576   297.6   1.57   5.53   6.17   0     —     —  —
   159     CS  107.800   273.9   1.79   5.75   6.39   0     —     —  —
   160     CS  108.014   249.2   2.00   5.97   6.61   0     —     —  —
   161     CS  108.229   224.8   2.22   6.18   6.82   0     —     —  —
   162     CS  108.452   201.0   2.44   6.41   7.05   0     —     —  —
   163     CS  108.671   174.5   2.66   6.63   7.26   0     —     —  —
   164     CS  108.894   148.3   2.88   6.85   7.49   0     —     —  —
   165     CS  109.140   124.2   3.13   7.09   7.73   1   b45     —  CHARGE, BRK-B45
   166     CS  110.632   354.1   0.43   7.53   8.48   0     —     —  —
   167     CS  110.936   322.7   0.74   7.83   8.78   0     —     —  —
   168     CS  111.208   296.1   1.01   8.10   9.05   0     —     —  —
   169     CS  111.454   267.4   1.26   8.35   9.30   0     —     —  —
   170     CS  111.700   238.6   1.50   8.60   9.54   0     —     —  —
   171     CS  111.931   214.0   1.73   8.83   9.77   0     —    r1  REST-R1
   172     CS  123.324   189.0   0.23   0.23   0.23   0     —     —  —
[33/33] RlongCmediumTnone_7          labelled   57 states in  96.6 min
