DAgger round 1: 33 instances, label prob 0.35, model policy_K20_seedsplit_seed0_cw0.pt
    [warn] teacher query failed @10: Solver failed to locate input problem file: /tmp/tmp992peoi6.pyomo.lp
  ScenarioTracker saved: /mnt/beegfs/users/celinep/ChargeAndBreak/ML/logs/RshortCmediumTnone_1_DAGGER1_S1_H24_20260821_095130_scenarios.json

  === SIMULATION TRAJECTORY ===
  stop   type    t_arr     soc     cd     sd     sw   y   brk   rst  action
  ───────────────────────────────────────────────────────────────────────────────────────────────
     0   ORIG    8.000   500.0   0.00   0.00   0.00   0     —     —  —
     1     CS    8.236   474.3   0.24   0.24   0.24   0     —     —  —
     2     CS    8.469   448.3   0.47   0.47   0.47   0     —     —  —
     3     CS    8.697   421.8   0.70   0.70   0.70   0     —     —  —
     4     CS    8.903   400.4   0.90   0.90   0.90   0     —     —  —
     5     CS    9.100   378.2   1.10   1.10   1.10   0     —     —  —
     6     CS    9.317   357.6   1.32   1.32   1.32   0     —     —  —
     7     CS    9.551   332.3   1.55   1.55   1.55   0     —     —  —
     8     CS    9.816   309.2   1.82   1.82   1.82   0     —     —  —
     9     CS   10.044   283.3   2.04   2.04   2.04   0     —     —  —
    10     CS   10.269   257.1   2.27   2.27   2.27   0     —     —  —
    11     CS   10.725   204.3   2.73   2.73   2.73   0     —     —  —
    12     CS   10.969   180.3   2.97   2.97   2.97   0     —     —  —
    13     CS   11.232   157.6   3.23   3.23   3.23   0     —     —  —
    14     CS   11.454   131.7   3.45   3.45   3.45   0     —     —  —
    15     CS   11.689   107.1   3.69   3.69   3.69   1   b45     —  CHARGE, BRK-B45
    16     CS   13.128   388.2   0.26   3.94   4.21   0     —     —  —
    17   CUST   13.395   360.6   0.52   4.21   4.47   0     —     —  —
    18   CUST   14.230   321.4   0.86   4.55   5.31   0     —     —  —
    19     CS   14.873   306.1   1.00   4.69   5.95   0     —     —  —
    20   CUST   15.293   255.7   1.42   5.11   6.37   0     —     —  —
    21     CS   16.187   236.1   1.82   5.50   7.27   0     —     —  —
    22     CS   16.419   209.3   2.05   5.74   7.50   0     —     —  —
    23     CS   16.639   188.0   2.27   5.96   7.72   1   b45     —  CHARGE, BRK-B45
    24     CS   17.959   388.0   0.25   6.20   8.29   0     —     —  —
    25     CS   18.210   358.9   0.50   6.46   8.54   0     —     —  —
    26     CS   18.465   330.1   0.75   6.71   8.79   0     —     —  —
    27     CS   18.820   289.3   1.11   7.07   9.15   0     —     —  —
    28     CS   19.058   263.0   1.35   7.30   9.39   0     —     —  —
    29     CS   19.299   236.9   1.59   7.54   9.63   0     —     —  —
    30   CUST   19.542   211.0   1.83   7.79   9.87   0     —    r2  REST-R2
    31     CS   29.359   184.9   0.32   0.32   0.32   0     —     —  —
    32     CS   29.619   154.6   0.58   0.58   0.58   0     —     —  —
    33     CS   29.915   127.3   0.87   0.87   0.87   1   b45     —  CHARGE, BRK-B45
    34     CS   31.164   353.9   0.27   1.14   1.37   0     —     —  —
    35     CS   31.597   306.0   0.70   1.58   1.80   0     —     —  —
    36     CS   31.809   283.6   0.92   1.79   2.02   0     —     —  —
    37     CS   32.048   263.1   1.15   2.03   2.26   0     —     —  —
    38   CUST   32.263   240.9   1.37   2.24   2.47   0     —     —  —
    39   CUST   32.962   217.7   1.57   2.44   3.17   0     —     —  —
    40     CS   34.058   180.5   2.16   3.04   4.27   0     —     —  —
    41     CS   34.288   152.9   2.39   3.27   4.50   1   b45     —  CHARGE, BRK-B45
    42     CS   35.800   397.2   0.28   3.55   5.16   0     —     —  —
    43     CS   36.104   367.3   0.58   3.85   5.46   0     —     —  —
    44     CS   36.382   335.1   0.86   4.13   5.74   0     —     —  —
    45     CS   36.645   308.3   1.13   4.39   6.00   0     —     —  —
    46     CS   36.895   280.2   1.38   4.64   6.25   0     —     —  —
    47     CS   37.117   258.6   1.60   4.86   6.47   0     —     —  —
    48     CS   37.317   235.1   1.80   5.07   6.67   0     —     —  —
    49     CS   37.519   211.8   2.00   5.27   6.88   0     —     —  —
    50     CS   37.728   188.3   2.21   5.48   7.08   0     —     —  —
    51     CS   37.932   164.3   2.41   5.68   7.29   0     —     —  —
[1/33] RshortCmediumTnone_1         labelled   18 states in  18.7 min
  ScenarioTracker saved: /mnt/beegfs/users/celinep/ChargeAndBreak/ML/logs/RlongCfewTmedium_5_DAGGER1_S1_H24_20260821_101013_scenarios.json

  === SIMULATION TRAJECTORY ===
  stop   type    t_arr     soc     cd     sd     sw   y   brk   rst  action
  ───────────────────────────────────────────────────────────────────────────────────────────────
     0   ORIG    8.000   500.0   0.00   0.00   0.00   0     —     —  —
     1     CS    8.255   475.8   0.26   0.26   0.26   0     —     —  —
     2     CS    8.483   449.3   0.48   0.48   0.48   0     —     —  —
     3     CS    8.726   424.1   0.73   0.73   0.73   0     —     —  —
     4     CS    9.013   392.1   1.01   1.01   1.01   0     —     —  —
     5     CS    9.401   365.9   1.40   1.40   1.40   0     —     —  —
     6     CS    9.716   336.0   1.72   1.72   1.72   0     —     —  —
     7     CS    9.980   305.8   1.98   1.98   1.98   0     —     —  —
     8     CS   10.290   279.0   2.29   2.29   2.29   0     —     —  —
     9     CS   10.543   255.4   2.54   2.54   2.54   0     —     —  —
    10     CS   10.937   236.5   2.94   2.94   2.94   0     —     —  —
    11     CS   11.174   211.6   3.17   3.17   3.17   0     —     —  —
    12     CS   11.391   187.3   3.39   3.39   3.39   0     —     —  —
    13     CS   11.607   162.9   3.61   3.61   3.61   0     —     —  —
    14     CS   11.858   141.1   3.86   3.86   3.86   1   b45     —  CHARGE, BRK-B45
    15     CS   13.416   414.5   0.42   4.28   4.50   0     —     —  —
    16     CS   13.669   386.3   0.67   4.53   4.75   0     —     —  —
    17     CS   13.916   357.7   0.92   4.78   5.00   0     —     —  —
    18     CS   14.167   331.7   1.17   5.03   5.25   0     —     —  —
    19     CS   14.403   304.3   1.41   5.27   5.49   0     —     —  —
    20     CS   14.640   277.1   1.65   5.50   5.72   0     —     —  —
    21     CS   14.911   248.3   1.92   5.77   5.99   0     —     —  —
    22     CS   15.210   221.5   2.22   6.07   6.29   0     —     —  —
    23     CS   15.478   192.4   2.48   6.34   6.56   0     —     —  —
    24     CS   15.894   145.2   2.90   6.76   6.98   1   b45     —  CHARGE, BRK-B45
    25     CS   17.386   386.4   0.35   7.11   7.68   0     —     —  —
    26     CS   17.731   360.7   0.69   7.45   8.03   0     —     —  —
    27     CS   18.018   331.7   0.98   7.74   8.31   0     —     —  —
    28     CS   18.247   305.3   1.21   7.97   8.54   0     —     —  —
    29     CS   18.481   279.4   1.45   8.20   8.78   0     —     —  —
    30     CS   18.747   255.9   1.71   8.47   9.04   0     —     —  —
    31     CS   18.976   229.6   1.94   8.70   9.27   0     —     —  —
    32     CS   19.277   207.8   2.24   9.00   9.57   0     —     —  —
    33     CS   19.528   183.3   2.49   9.25   9.82   0     —     —  —
    34     CS   19.762   157.4   2.73   9.48  10.06   0     —     —  —
    35     CS   20.092   118.9   3.06   9.81  10.39   1     —    r2  CHARGE, REST-R2
    36     CS   30.458   375.7   0.26   0.26   0.26   0     —     —  —
    37     CS   30.823   352.5   0.62   0.62   0.62   0     —     —  —
    38     CS   31.091   324.1   0.89   0.89   0.89   0     —     —  —
    39     CS   31.321   298.4   1.12   1.12   1.12   0     —     —  —
    40     CS   31.554   273.0   1.35   1.35   1.35   0     —     —  —
    41     CS   31.782   247.1   1.58   1.58   1.58   0     —     —  —
    42     CS   32.004   220.7   1.80   1.80   1.80   0     —     —  —
    43     CS   32.317   196.5   2.11   2.11   2.11   0     —     —  —
    44     CS   32.571   168.5   2.37   2.37   2.37   0     —     —  —
    45     CS   32.818   139.8   2.62   2.62   2.62   1   b45     —  CHARGE, BRK-B45
    46     CS   34.314   360.8   0.46   3.08   3.32   0     —     —  —
    47     CS   34.594   334.1   0.75   3.36   3.60   0     —     —  —
    48     CS   34.850   305.5   1.00   3.62   3.85   0     —     —  —
    49     CS   35.146   279.8   1.30   3.91   4.15   0     —     —  —
    50     CS   35.433   247.8   1.58   4.20   4.43   0     —     —  —
    51     CS   35.787   220.2   1.94   4.55   4.79   0     —     —  —
    52     CS   36.087   189.2   2.24   4.85   5.09   0     —     —  —
    53     CS   36.409   154.7   2.56   5.17   5.41   1   b45     —  CHARGE, BRK-B45
    54     CS   37.908   376.9   0.29   5.46   6.16   0     —     —  —
    55     CS   38.174   345.1   0.55   5.73   6.42   0     —     —  —
    56     CS   38.475   316.4   0.86   6.03   6.73   0     —     —  —
    57     CS   38.741   290.2   1.12   6.30   6.99   0     —     —  —
    58     CS   39.011   264.2   1.39   6.57   7.26   0     —     —  —
    59     CS   39.282   238.3   1.66   6.84   7.53   0     —     —  —
    60     CS   39.567   206.8   1.95   7.12   7.82   0     —     —  —
    61     CS   39.857   175.7   2.24   7.41   8.11   0     —     —  —
    62     CS   40.146   144.6   2.53   7.70   8.40   1   b45     —  CHARGE, BRK-B45
    63     CS   41.540   386.1   0.26   7.96   8.98   0     —     —  —
    64     CS   41.793   355.9   0.51   8.21   9.24   0     —     —  —
    65     CS   42.206   336.1   0.93   8.63   9.65   0     —     —  —
    66     CS   42.448   309.4   1.17   8.87   9.89   0     —     —  —
    67     CS   42.687   282.3   1.41   9.11  10.13   0     —     —  —
    68     CS   42.960   250.5   1.68   9.38  10.40   0     —     —  —
    69     CS   43.250   220.2   1.97   9.67  10.69   0     —    r2  REST-R2
    70     CS   52.700   189.3   0.28   0.28   0.28   0     —     —  —
    71     CS   53.163   141.7   0.75   0.75   0.75   1   b45     —  CHARGE, BRK-B45
    72     CS   54.798   391.8   0.45   1.20   1.56   0     —     —  —
    73     CS   55.143   363.1   0.80   1.54   1.91   0     —     —  —
    74     CS   55.492   334.7   1.15   1.89   2.25   0     —     —  —
    75     CS   55.943   283.7   1.60   2.34   2.71   0     —     —  —
    76     CS   56.220   252.8   1.87   2.62   2.98   0     —     —  —
    77     CS   56.521   223.9   2.17   2.92   3.28   0     —     —  —
    78     CS   56.869   197.7   2.52   3.27   3.63   0     —     —  —
    79     CS   57.147   166.9   2.80   3.55   3.91   1   b45     —  CHARGE, BRK-B45
    80     CS   58.450   415.5   0.24   3.78   4.35   0     —     —  —
    81     CS   58.677   391.3   0.46   4.01   4.58   0     —     —  —
    82     CS   58.898   366.6   0.68   4.23   4.80   0     —     —  —
    83     CS   59.151   337.7   0.94   4.48   5.05   0     —     —  —
    84     CS   59.426   310.6   1.21   4.76   5.33   0     —     —  —
    85     CS   59.680   281.8   1.46   5.01   5.58   0     —     —  —
    86     CS   59.945   251.6   1.73   5.28   5.85   0     —     —  —
    87   CUST   60.223   222.6   2.01   5.56   6.12   0     —     —  —
    88     CS   60.932   200.3   2.22   5.77   6.83   0     —     —  —
    89     CS   61.130   177.0   2.41   5.96   7.03   0     —     —  —
    90     CS   61.334   154.3   2.62   6.17   7.24   0     —     —  —
    91     CS   61.363   151.0   2.65   6.20   7.26   1   b45     —  CHARGE, BRK-B45
    92     CS   62.814   424.2   0.27   6.47   7.76   0     —     —  —
    93     CS   63.054   396.4   0.51   6.71   8.00   0     —     —  —
    94     CS   63.274   371.6   0.73   6.93   8.22   0     —     —  —
    95     CS   63.563   351.1   1.02   7.21   8.50   0     —     —  —
    96     CS   63.811   328.5   1.27   7.46   8.75   0     —     —  —
    97     CS   64.088   307.4   1.54   7.74   9.03   0     —     —  —
    98     CS   64.318   281.1   1.77   7.97   9.26   0     —     —  —
    99     CS   64.587   257.8   2.04   8.24   9.53   0     —     —  —
   100     CS   64.821   231.9   2.28   8.47   9.76   0     —     —  —
   101     CS   65.050   205.5   2.51   8.70   9.99   0     —    r2  REST-R2
   102     CS   74.442   180.4   0.23   0.23   0.23   0     —     —  —
   103     CS   74.676   156.1   0.46   0.46   0.46   0     —     —  —
   104     CS   74.904   131.2   0.69   0.69   0.69   1   b45     —  CHARGE, BRK-B45
   105     CS   76.397   414.3   0.30   0.99   1.23   0     —     —  —
   106     CS   76.629   387.0   0.54   1.22   1.46   0     —     —  —
   107     CS   76.838   362.8   0.74   1.43   1.67   0     —     —  —
   108     CS   77.051   338.8   0.96   1.64   1.88   0     —     —  —
   109     CS   77.264   315.0   1.17   1.86   2.09   0     —     —  —
   110     CS   77.528   288.5   1.43   2.12   2.36   0     —     —  —
   111     CS   77.803   262.9   1.71   2.40   2.63   0     —     —  —
   112     CS   78.053   235.3   1.96   2.65   2.88   0     —     —  —
   113     CS   78.307   207.3   2.21   2.90   3.14   0     —     —  —
   114     CS   78.558   179.0   2.46   3.15   3.39   0     —     —  —
   115     CS   78.820   151.7   2.73   3.41   3.65   1   b45     —  CHARGE, BRK-B45
   116     CS   80.396   414.0   0.31   3.73   4.31   0     —     —  —
   117     CS   80.669   382.9   0.59   4.00   4.58   0     —     —  —
   118     CS   80.942   352.0   0.86   4.27   4.85   0     —     —  —
   119     CS   81.215   327.5   1.13   4.55   5.13   0     —     —  —
   120     CS   81.454   300.5   1.37   4.79   5.37   0     —     —  —
   121   CUST   81.700   274.1   1.62   5.03   5.61   0     —     —  —
   122     CS   82.585   239.0   2.00   5.42   6.50   0     —     —  —
   123     CS   82.603   237.1   2.02   5.43   6.52   0     —     —  —
   124     CS   82.883   207.1   2.30   5.71   6.80   0     —     —  —
   125     CS   83.205   180.0   2.62   6.04   7.12   0     —     —  —
   126     CS   83.479   149.5   2.90   6.31   7.39   0     —     —  —
   127     CS   83.792   121.8   3.21   6.62   7.70   1   b45     —  CHARGE, BRK-B45
   128     CS   85.259   356.4   0.43   7.05   8.36   0     —     —  —
   129     CS   85.474   332.7   0.64   7.26   8.58   0     —     —  —
   130     CS   85.769   313.5   0.94   7.56   8.87   0     —     —  —
   131     CS   85.989   290.3   1.16   7.78   9.09   1     —    r1  CHARGE, REST-R1
   132     CS   97.822   386.2   0.23   0.23   0.23   0     —     —  —
   133     CS   98.097   365.7   0.51   0.51   0.51   0     —     —  —
   134     CS   98.306   340.6   0.72   0.72   0.72   0     —     —  —
   135     CS   98.563   311.5   0.98   0.98   0.98   0     —     —  —
   136     CS   98.814   281.8   1.23   1.23   1.23   0     —     —  —
   137     CS   99.094   254.5   1.51   1.51   1.51   0     —     —  —
   138     CS   99.438   230.7   1.85   1.85   1.85   0     —     —  —
   139     CS   99.828   185.9   2.24   2.24   2.24   1   b45     —  CHARGE, BRK-B45
   140     CS  101.298   418.1   0.30   2.54   2.89   0     —     —  —
   141     CS  101.617   395.4   0.62   2.86   3.21   0     —     —  —
   142     CS  101.928   372.3   0.93   3.17   3.52   0     —     —  —
   143     CS  102.235   347.9   1.24   3.48   3.83   0     —     —  —
   144     CS  102.493   320.2   1.50   3.74   4.09   0     —     —  —
   145     CS  102.753   292.7   1.76   4.00   4.35   0     —     —  —
   146     CS  103.007   264.7   2.01   4.25   4.60   0     —     —  —
   147     CS  103.265   237.0   2.27   4.51   4.86   0     —     —  —
   148     CS  103.570   212.5   2.57   4.82   5.16   0     —     —  —
   149     CS  103.815   186.5   2.82   5.06   5.41   0     —     —  —
   150     CS  104.052   159.6   3.06   5.30   5.65   1   b45     —  CHARGE, BRK-B45
   151     CS  105.354   399.2   0.26   5.56   6.14   0     —     —  —
   152     CS  105.634   375.2   0.54   5.84   6.42   0     —     —  —
   153     CS  105.876   348.4   0.79   6.08   6.66   0     —     —  —
   154     CS  106.148   320.5   1.06   6.36   6.93   0     —     —  —
   155     CS  106.415   292.4   1.33   6.62   7.20   0     —     —  —
   156     CS  106.665   262.5   1.58   6.87   7.45   0     —     —  —
   157     CS  106.937   234.7   1.85   7.15   7.72   0     —     —  —
   158     CS  107.363   193.0   2.27   7.57   8.15   1     —    r1  CHARGE, REST-R1
   159     CS  119.942   430.2   0.28   0.28   0.28   0     —     —  —
   160     CS  120.220   397.3   0.55   0.55   0.55   0     —     —  —
   161     CS  120.499   364.4   0.83   0.83   0.83   0     —     —  —
   162     CS  120.753   339.3   1.09   1.09   1.09   0     —     —  —
   163     CS  120.985   312.5   1.32   1.32   1.32   0     —     —  —
   164     CS  121.222   286.1   1.56   1.56   1.56   0     —     —  —
   165     CS  121.473   257.7   1.81   1.81   1.81   0     —     —  —
   166     CS  121.715   228.6   2.05   2.05   2.05   0     —     —  —
   167     CS  121.960   199.6   2.29   2.29   2.29   0     —     —  —
   168     CS  122.224   170.6   2.56   2.56   2.56   0     —     —  —
   169     CS  122.517   143.8   2.85   2.85   2.85   1     —     —  CHARGE
   170     CS  123.549   279.4   3.13   3.13   3.88   0     —     —  —
   171     CS  123.824   247.7   3.41   3.41   4.16   0     —     —  —
[2/33] RlongCfewTmedium_5           labelled   62 states in 132.9 min
    [warn] teacher query failed @37: Solver (gurobi) did not exit normally
  ScenarioTracker saved: /mnt/beegfs/users/celinep/ChargeAndBreak/ML/logs/RmediumCfewTmedium_2_DAGGER1_S1_H24_20260821_122306_scenarios.json

  === SIMULATION TRAJECTORY ===
  stop   type    t_arr     soc     cd     sd     sw   y   brk   rst  action
  ───────────────────────────────────────────────────────────────────────────────────────────────
     0   ORIG    8.000   500.0   0.00   0.00   0.00   0     —     —  —
     1     CS    8.258   476.0   0.26   0.26   0.26   0     —     —  —
     2     CS    8.490   449.9   0.49   0.49   0.49   0     —     —  —
     3     CS    8.719   423.5   0.72   0.72   0.72   0     —     —  —
     4     CS    9.017   397.3   1.02   1.02   1.02   0     —     —  —
     5     CS    9.289   369.3   1.29   1.29   1.29   0     —     —  —
     6     CS    9.556   340.9   1.56   1.56   1.56   0     —     —  —
     7     CS   10.105   302.1   2.11   2.11   2.11   0     —     —  —
     8     CS   10.375   278.1   2.37   2.37   2.37   0     —     —  —
     9     CS   10.720   257.3   2.72   2.72   2.72   0     —     —  —
    10     CS   10.949   230.1   2.95   2.95   2.95   0     —     —  —
    11     CS   11.195   200.5   3.19   3.19   3.19   0     —     —  —
    12     CS   11.491   174.8   3.49   3.49   3.49   0     —     —  —
    13     CS   11.756   147.1   3.76   3.76   3.76   1   b45     —  CHARGE, BRK-B45
    14     CS   12.966   385.4   0.23   3.99   4.20   0     —     —  —
    15     CS   13.187   360.0   0.45   4.21   4.42   0     —     —  —
    16     CS   13.406   334.5   0.67   4.43   4.64   0     —     —  —
    17     CS   13.642   310.5   0.91   4.67   4.87   0     —     —  —
    18     CS   14.090   285.6   1.36   5.11   5.32   0     —     —  —
    19     CS   14.374   252.4   1.64   5.40   5.60   0     —     —  —
    20     CS   14.595   229.9   1.86   5.62   5.82   0     —     —  —
    21     CS   14.801   206.2   2.07   5.82   6.03   0     —     —  —
    22     CS   15.161   188.9   2.43   6.18   6.39   1   b45     —  CHARGE, BRK-B45
    23     CS   16.541   390.1   0.30   6.49   7.02   0     —     —  —
    24     CS   16.846   361.7   0.61   6.79   7.33   0     —     —  —
    25     CS   17.128   331.5   0.89   7.07   7.61   0     —     —  —
    26     CS   17.568   279.4   1.33   7.51   8.05   0     —     —  —
    27     CS   17.816   251.8   1.58   7.76   8.30   0     —     —  —
    28     CS   18.068   224.6   1.83   8.01   8.55   0     —     —  —
    29     CS   18.332   198.4   2.09   8.28   8.81   0     —     —  —
    30     CS   18.572   169.9   2.33   8.52   9.05   0     —     —  —
    31     CS   18.991   120.7   2.75   8.94   9.47   1   b45     —  CHARGE, BRK-B45
    32     CS   20.482   384.5   0.27   9.21  10.09   0     —     —  —
    33     CS   20.755   353.2   0.55   9.48  10.36   0     —     —  —
    34     CS   21.039   323.0   0.83   9.77  10.64   0     —    r2  REST-R2
    35     CS   30.524   295.2   0.32   0.32   0.32   0     —     —  —
    36     CS   30.835   259.8   0.63   0.63   0.63   0     —     —  —
    37     CS   31.269   239.1   1.06   1.06   1.06   0     —     —  —
    38     CS   31.521   210.9   1.32   1.32   1.32   0     —     —  —
    39     CS   31.779   183.3   1.57   1.57   1.57   1   b45     —  CHARGE, BRK-B45
    40     CS   33.583   423.9   0.32   1.90   2.52   0     —     —  —
    41     CS   33.882   397.9   0.62   2.20   2.81   0     —     —  —
    42     CS   34.151   369.8   0.89   2.47   3.08   0     —     —  —
    43     CS   34.456   344.1   1.20   2.77   3.39   0     —     —  —
    44     CS   34.715   314.7   1.46   3.03   3.65   0     —     —  —
    45     CS   34.987   286.3   1.73   3.30   3.92   0     —     —  —
    46     CS   35.230   260.0   1.97   3.55   4.16   0     —     —  —
    47     CS   35.476   234.0   2.22   3.79   4.41   0     —     —  —
    48     CS   35.765   208.9   2.51   4.08   4.70   0     —     —  —
    49     CS   36.065   184.4   2.81   4.38   5.00   0     —     —  —
    50     CS   36.323   157.1   3.06   4.64   5.26   0     —     —  —
    51     CS   36.571   128.9   3.31   4.89   5.50   1   b45     —  CHARGE, BRK-B45
    52     CS   38.077   369.7   0.46   5.34   6.17   0     —     —  —
    53     CS   38.324   343.2   0.71   5.59   6.42   0     —     —  —
    54     CS   38.580   317.4   0.96   5.85   6.67   0     —     —  —
    55     CS   38.817   290.0   1.20   6.09   6.91   0     —     —  —
    56     CS   39.058   262.9   1.44   6.33   7.15   0     —     —  —
    57     CS   39.313   235.0   1.69   6.58   7.40   0     —     —  —
    58     CS   39.566   206.9   1.95   6.83   7.66   0     —     —  —
    59     CS   39.821   179.0   2.20   7.09   7.91   0     —     —  —
    60     CS   40.216   134.7   2.60   7.48   8.31   1   b45     —  CHARGE, BRK-B45
    61     CS   41.583   402.4   0.24   7.72   8.77   0     —     —  —
    62     CS   41.816   375.6   0.47   7.96   9.01   0     —     —  —
    63     CS   42.054   349.2   0.71   8.19   9.24   0     —     —  —
    64     CS   42.281   324.3   0.94   8.42   9.47   0     —     —  —
    65     CS   42.668   305.7   1.32   8.81   9.86   0     —     —  —
    66     CS   42.908   281.8   1.56   9.05  10.10   0     —    r2  REST-R2
    67     CS   52.382   252.9   0.31   0.31   0.31   0     —     —  —
    68     CS   52.672   222.6   0.60   0.60   0.60   0     —     —  —
    69     CS   52.943   190.6   0.87   0.87   0.87   0     —     —  —
    70     CS   53.350   170.7   1.28   1.28   1.28   0     —     —  —
    71     CS   53.607   145.2   1.53   1.53   1.53   0     —     —  —
    72     CS   53.854   118.9   1.78   1.78   1.78   1   b45     —  CHARGE, BRK-B45
    73     CS   55.441   390.6   0.29   2.07   2.45   0     —     —  —
    74     CS   55.793   362.9   0.65   2.43   2.80   0     —     —  —
    75     CS   56.089   331.6   0.94   2.72   3.10   0     —     —  —
    76     CS   56.371   299.4   1.22   3.00   3.38   0     —     —  —
    77   CUST   56.755   273.4   1.61   3.39   3.77   0     —     —  —
    78     CS   57.670   227.3   2.02   3.80   4.68   0     —     —  —
    79     CS   58.002   192.6   2.35   4.13   5.01   0     —     —  —
    80     CS   58.324   165.5   2.68   4.46   5.34   0     —     —  —
    81     CS   58.616   136.5   2.97   4.75   5.63   1   b45     —  CHARGE, BRK-B45
    82     CS   60.169   426.3   0.31   5.06   6.17   0     —     —  —
    83     CS   60.512   401.7   0.65   5.40   6.51   0     —     —  —
    84     CS   60.781   372.7   0.92   5.67   6.78   0     —     —  —
    85     CS   60.977   350.4   1.12   5.87   6.97   0     —     —  —
    86     CS   61.170   327.8   1.31   6.06   7.17   0     —     —  —
    87     CS   61.366   305.6   1.51   6.26   7.36   0     —     —  —
    88     CS   61.618   285.1   1.76   6.51   7.62   0     —     —  —
    89     CS   61.912   266.4   2.05   6.80   7.91   0     —     —  —
    90     CS   62.116   242.4   2.26   7.01   8.11   0     —     —  —
    91     CS   62.379   218.2   2.52   7.27   8.38   0     —     —  —
    92     CS   62.613   191.7   2.75   7.50   8.61   0     —     —  —
    93     CS   62.857   166.1   3.00   7.75   8.85   0     —     —  —
    94     CS   63.107   141.0   3.25   8.00   9.10   1     —    r2  CHARGE, REST-R2
    95     CS   73.552   405.4   0.28   0.28   0.28   0     —     —  —
    96     CS   73.833   375.6   0.56   0.56   0.56   0     —     —  —
    97     CS   74.084   347.3   0.81   0.81   0.81   0     —     —  —
    98     CS   74.382   322.3   1.11   1.11   1.11   0     —     —  —
    99     CS   74.651   295.5   1.37   1.37   1.37   0     —     —  —
   100     CS   74.882   271.7   1.60   1.60   1.60   0     —     —  —
   101     CS   75.110   247.6   1.83   1.83   1.83   0     —     —  —
   102     CS   75.347   224.2   2.07   2.07   2.07   0     —     —  —
   103     CS   75.609   193.8   2.33   2.33   2.33   0     —     —  —
   104     CS   75.869   163.1   2.59   2.59   2.59   0     —     —  —
   105     CS   76.179   136.3   2.90   2.90   2.90   1   b45     —  CHARGE, BRK-B45
   106     CS   77.618   289.3   0.40   3.30   3.59   0     —     —  —
   107     CS   77.970   262.2   0.75   3.65   3.94   0     —     —  —
   108     CS   78.248   230.1   1.03   3.93   4.22   0     —     —  —
[3/33] RmediumCfewTmedium_2         labelled   52 states in  86.8 min
    [warn] teacher query failed @83: Solver failed to locate input problem file: /tmp/tmpol2vtkyr.pyomo.lp
  ScenarioTracker saved: /mnt/beegfs/users/celinep/ChargeAndBreak/ML/logs/RlongCmanyTlarge_8_DAGGER1_S1_H24_20260821_134953_scenarios.json

  === SIMULATION TRAJECTORY ===
  stop   type    t_arr     soc     cd     sd     sw   y   brk   rst  action
  ───────────────────────────────────────────────────────────────────────────────────────────────
     0   ORIG    8.000   500.0   0.00   0.00   0.00   0     —     —  —
     1     CS    8.229   473.6   0.23   0.23   0.23   0     —     —  —
     2     CS    8.476   448.8   0.48   0.48   0.48   0     —     —  —
     3     CS    8.711   422.9   0.71   0.71   0.71   0     —     —  —
     4     CS    8.960   398.8   0.96   0.96   0.96   0     —     —  —
     5     CS    9.186   372.8   1.19   1.19   1.19   0     —     —  —
     6     CS    9.500   352.0   1.50   1.50   1.50   0     —     —  —
     7     CS    9.749   327.8   1.75   1.75   1.75   0     —     —  —
     8     CS   10.308   282.3   2.31   2.31   2.31   0     —     —  —
     9     CS   10.511   260.7   2.51   2.51   2.51   0     —     —  —
    10     CS   10.752   241.5   2.75   2.75   2.75   0     —     —  —
    11     CS   10.953   219.7   2.95   2.95   2.95   0     —     —  —
    12     CS   11.282   193.3   3.28   3.28   3.28   0     —     —  —
    13     CS   11.548   162.4   3.55   3.55   3.55   0     —     —  —
    14     CS   12.015   140.0   4.01   4.01   4.01   1   b45     —  CHARGE, BRK-B45
    15     CS   13.435   418.5   0.26   4.28   4.48   0     —     —  —
    16     CS   13.699   393.9   0.53   4.54   4.74   0     —     —  —
    17     CS   13.954   366.3   0.78   4.80   5.00   0     —     —  —
    18     CS   14.204   338.3   1.03   5.05   5.24   0     —     —  —
    19     CS   14.450   309.9   1.28   5.29   5.49   0     —     —  —
    20     CS   14.703   282.2   1.53   5.54   5.74   0     —     —  —
    21     CS   14.919   261.5   1.75   5.76   5.96   0     —     —  —
    22     CS   15.166   242.7   1.99   6.01   6.21   0     —     —  —
    23     CS   15.361   220.2   2.19   6.20   6.40   0     —     —  —
    24     CS   15.587   194.2   2.41   6.43   6.63   0     —     —  —
    25     CS   15.809   167.8   2.64   6.65   6.85   0     —     —  —
    26     CS   16.039   142.1   2.87   6.88   7.08   0     —     —  —
    27     CS   16.265   116.0   3.09   7.11   7.31   1   b45     —  CHARGE, BRK-B45
    28     CS   17.995   390.0   0.28   7.39   8.11   0     —     —  —
    29     CS   18.238   363.3   0.53   7.63   8.35   0     —     —  —
    30     CS   18.484   336.9   0.77   7.88   8.60   0     —     —  —
    31     CS   18.800   314.6   1.09   8.20   8.91   0     —     —  —
    32     CS   19.097   294.4   1.39   8.49   9.21   0     —     —  —
    33     CS   19.317   269.5   1.61   8.71   9.43   0     —     —  —
    34     CS   19.573   247.4   1.86   8.97   9.69   0     —     —  —
    35     CS   19.915   220.5   2.20   9.31  10.03   0     —     —  —
    36     CS   20.212   190.7   2.50   9.61  10.33   0     —     —  —
    37     CS   20.487   159.1   2.78   9.88  10.60   1     —    r2  CHARGE, REST-R2
    38     CS   30.694   388.1   0.21   0.21   0.21   0     —     —  —
    39     CS   30.928   365.9   0.45   0.45   0.45   0     —     —  —
    40   CUST   31.160   343.6   0.68   0.68   0.68   0     —     —  —
    41   CUST   31.764   332.9   0.78   0.78   1.28   0     —     —  —
    42   CUST   32.545   301.9   1.06   1.06   2.06   0     —     —  —
    43     CS   33.059   300.7   1.08   1.08   2.58   0     —     —  —
    44   CUST   33.289   275.6   1.31   1.31   2.81   0     —     —  —
    45   CUST   33.916   262.4   1.43   1.43   3.43   0     —     —  —
    46     CS   34.607   242.0   1.62   1.62   4.12   0     —     —  —
    47     CS   34.892   213.9   1.91   1.91   4.41   0     —     —  —
    48     CS   35.271   190.3   2.29   2.29   4.79   0     —     —  —
    49     CS   35.584   164.0   2.60   2.60   5.10   1   b45     —  CHARGE, BRK-B45
    50     CS   36.934   367.3   0.35   2.95   5.70   0     —     —  —
    51     CS   37.167   339.8   0.58   3.18   5.93   0     —     —  —
    52     CS   37.422   314.1   0.84   3.44   6.19   0     —     —  —
    53     CS   37.703   290.2   1.12   3.72   6.47   0     —     —  —
    54     CS   37.943   262.4   1.36   3.96   6.71   0     —     —  —
    55     CS   38.188   235.2   1.60   4.20   6.96   0     —     —  —
    56     CS   38.461   210.1   1.88   4.48   7.23   0     —     —  —
    57     CS   38.753   186.1   2.17   4.77   7.52   0     —     —  —
    58     CS   39.108   145.2   2.52   5.12   7.88   1   b45     —  CHARGE, BRK-B45
    59     CS   40.573   417.1   0.30   5.43   8.41   0     —     —  —
    60     CS   40.826   391.2   0.56   5.68   8.67   0     —     —  —
    61     CS   41.075   365.1   0.81   5.93   8.92   0     —     —  —
    62     CS   41.345   334.8   1.08   6.20   9.19   0     —     —  —
    63     CS   41.619   304.8   1.35   6.47   9.46   0     —     —  —
    64     CS   41.899   275.4   1.63   6.75   9.74   0     —     —  —
    65     CS   42.217   248.6   1.95   7.07  10.06   0     —     —  —
    66     CS   42.433   225.0   2.16   7.29  10.27   0     —     —  —
    67     CS   42.690   204.2   2.42   7.55  10.53   0     —     —  —
    68     CS   42.909   180.9   2.64   7.76  10.75   0     —     —  —
    69     CS   43.177   161.2   2.91   8.03  11.02   0     —     —  —
    70     CS   43.380   137.1   3.11   8.24  11.22   0     —     —  —
    71     CS   43.590   113.7   3.32   8.44  11.43   1   b45     —  CHARGE, BRK-B45
    72     CS   45.038   351.2   0.44   8.89  12.08   0     —     —  —
    73     CS   45.358   321.0   0.76   9.21  12.40   0     —    r2  REST-R2
    74     CS   54.870   292.4   0.35   0.35   0.35   0     —     —  —
    75   CUST   55.151   258.8   0.63   0.63   0.63   0     —     —  —
    76     CS   55.900   230.1   0.87   0.87   1.37   0     —     —  —
    77     CS   56.162   202.7   1.14   1.14   1.64   0     —     —  —
    78     CS   56.750   159.4   1.73   1.73   2.23   1   b45     —  CHARGE, BRK-B45
    79     CS   58.042   407.3   0.22   1.94   2.68   0     —     —  —
    80     CS   58.259   385.2   0.43   2.16   2.90   0     —     —  —
    81   CUST   58.472   362.9   0.65   2.37   3.11   0     —     —  —
    82   CUST   59.012   358.2   0.69   2.41   3.65   0     —     —  —
    83     CS   59.880   316.2   1.05   2.78   4.52   0     —     —  —
    84     CS   60.226   280.4   1.40   3.13   4.87   0     —     —  —
    85     CS   60.525   248.5   1.70   3.42   5.17   0     —     —  —
    86     CS   60.800   220.4   1.97   3.70   5.44   0     —     —  —
    87     CS   61.066   191.5   2.24   3.97   5.71   0     —     —  —
    88     CS   61.350   164.1   2.52   4.25   5.99   0     —     —  —
    89     CS   61.606   134.2   2.78   4.51   6.25   1   b45     —  CHARGE, BRK-B45
    90     CS   62.977   382.1   0.27   4.78   6.80   0     —     —  —
    91     CS   63.313   356.6   0.61   5.11   7.14   0     —     —  —
    92     CS   63.554   336.8   0.85   5.35   7.38   0     —     —  —
    93     CS   63.798   317.2   1.09   5.60   7.62   0     —     —  —
    94     CS   64.038   297.4   1.33   5.84   7.86   0     —     —  —
    95     CS   64.246   273.0   1.54   6.04   8.07   0     —     —  —
    96     CS   64.475   250.5   1.77   6.27   8.30   0     —     —  —
    97     CS   64.727   229.4   2.02   6.53   8.55   1   b45     —  CHARGE, BRK-B45
    98     CS   65.892   422.3   0.22   6.75   8.97   0     —     —  —
    99     CS   66.143   398.4   0.47   7.00   9.22   0     —     —  —
   100     CS   66.411   375.4   0.74   7.26   9.48   0     —     —  —
   101     CS   66.640   349.6   0.97   7.49   9.71   0     —     —  —
   102     CS   66.987   328.9   1.32   7.84  10.06   0     —     —  —
   103     CS   67.253   304.7   1.58   8.11  10.33   0     —     —  —
   104     CS   67.657   285.2   1.99   8.51  10.73   0     —     —  —
   105     CS   67.881   265.1   2.21   8.73  10.95   0     —    r2  REST-R2
   106     CS   77.241   242.5   0.19   0.19   0.19   0     —     —  —
   107   CUST   77.432   219.8   0.38   0.38   0.38   0     —     —  —
   108     CS   78.384   174.6   0.84   0.84   1.34   0     —     —  —
   109   CUST   78.674   147.5   1.13   1.13   1.63   0     —     —  —
   110   CUST   79.445   116.7   1.40   1.40   2.40   0     —     —  —
   111     CS   80.020   109.4   1.47   1.47   2.97   1   b45     —  CHARGE, BRK-B45
   112     CS   81.612   396.3   0.38   1.85   3.64   0     —     —  —
   113   CUST   81.874   366.4   0.64   2.11   3.90   0     —     —  —
   114     CS   82.672   331.0   0.94   2.41   4.70   0     —     —  —
   115     CS   83.090   282.8   1.36   2.83   5.11   0     —     —  —
   116     CS   83.404   254.3   1.67   3.14   5.43   0     —     —  —
   117     CS   83.746   227.3   2.01   3.48   5.77   1   b45     —  CHARGE, BRK-B45
   118     CS   84.925   422.0   0.23   3.72   6.20   0     —     —  —
   119     CS   85.151   397.2   0.46   3.95   6.42   0     —     —  —
   120     CS   85.424   375.5   0.73   4.22   6.70   0     —     —  —
   121     CS   85.664   351.7   0.97   4.46   6.94   0     —     —  —
   122     CS   85.905   332.0   1.21   4.70   7.18   0     —     —  —
   123     CS   86.104   309.1   1.41   4.90   7.38   0     —     —  —
   124     CS   86.300   286.0   1.61   5.09   7.57   0     —     —  —
   125     CS   86.578   259.9   1.89   5.37   7.85   0     —     —  —
   126     CS   86.829   231.6   2.14   5.62   8.10   0     —     —  —
   127     CS   87.078   203.1   2.39   5.87   8.35   0     —     —  —
   128     CS   87.521   153.8   2.83   6.32   8.79   1     —    r1  CHARGE, REST-R1
   129     CS   99.997   362.1   0.35   0.35   0.35   0     —     —  —
   130     CS  100.291   330.6   0.65   0.65   0.65   0     —     —  —
   131     CS  100.580   298.7   0.94   0.94   0.94   0     —     —  —
   132     CS  100.780   276.8   1.14   1.14   1.14   0     —     —  —
   133     CS  100.971   254.0   1.33   1.33   1.33   0     —     —  —
   134     CS  101.183   233.0   1.54   1.54   1.54   0     —     —  —
   135     CS  101.416   207.7   1.77   1.77   1.77   0     —     —  —
   136     CS  101.662   183.3   2.02   2.02   2.02   0     —     —  —
   137     CS  101.891   157.6   2.25   2.25   2.25   0     —     —  —
   138     CS  102.136   133.1   2.49   2.49   2.49   1   b45     —  CHARGE, BRK-B45
   139     CS  103.752   337.3   0.38   2.87   3.36   0     —     —  —
   140     CS  104.071   311.4   0.70   3.19   3.68   0     —     —  —
   141     CS  104.358   283.7   0.98   3.47   3.96   0     —     —  —
   142     CS  104.627   254.5   1.25   3.74   4.23   0     —     —  —
   143     CS  104.962   229.4   1.59   4.08   4.57   0     —     —  —
   144     CS  105.401   177.3   2.03   4.52   5.01   1     —     —  CHARGE
   145     CS  106.460   293.8   2.31   4.81   6.06   0     —     —  —
   146     CS  106.746   264.7   2.60   5.09   6.35   0     —     —  —
[4/33] RlongCmanyTlarge_8           labelled   51 states in 106.4 min
  ScenarioTracker saved: /mnt/beegfs/users/celinep/ChargeAndBreak/ML/logs/RmediumCmediumTmedium_16_DAGGER1_S1_H24_20260821_153616_scenarios.json

  === SIMULATION TRAJECTORY ===
  stop   type    t_arr     soc     cd     sd     sw   y   brk   rst  action
  ───────────────────────────────────────────────────────────────────────────────────────────────
     0   ORIG    8.000   500.0   0.00   0.00   0.00   0     —     —  —
     1     CS    8.234   474.1   0.23   0.23   0.23   0     —     —  —
     2     CS    8.476   448.9   0.48   0.48   0.48   0     —     —  —
     3     CS    8.876   429.7   0.88   0.88   0.88   0     —     —  —
     4     CS    9.156   403.0   1.16   1.16   1.16   0     —     —  —
     5     CS    9.413   374.5   1.41   1.41   1.41   0     —     —  —
     6     CS    9.650   348.2   1.65   1.65   1.65   0     —     —  —
     7     CS    9.909   323.8   1.91   1.91   1.91   0     —     —  —
     8     CS   10.256   303.2   2.26   2.26   2.26   0     —     —  —
     9     CS   10.520   279.1   2.52   2.52   2.52   0     —     —  —
    10     CS   10.777   250.5   2.78   2.78   2.78   0     —     —  —
    11     CS   11.084   225.4   3.08   3.08   3.08   0     —     —  —
    12     CS   11.338   200.4   3.34   3.34   3.34   0     —     —  —
    13     CS   11.633   177.9   3.63   3.63   3.63   0     —     —  —
    14     CS   11.890   153.1   3.89   3.89   3.89   1   b45     —  CHARGE, BRK-B45
    15     CS   13.772   419.5   0.31   4.20   4.84   0     —     —  —
    16     CS   14.034   391.4   0.57   4.46   5.11   0     —     —  —
    17     CS   14.290   362.8   0.83   4.72   5.36   0     —     —  —
    18     CS   14.550   334.5   1.09   4.98   5.62   0     —     —  —
    19     CS   14.793   305.8   1.33   5.22   5.86   0     —     —  —
    20     CS   15.039   277.5   1.57   5.46   6.11   0     —     —  —
    21     CS   15.265   251.6   1.80   5.69   6.34   0     —     —  —
    22     CS   15.494   226.0   2.03   5.92   6.57   0     —     —  —
    23     CS   15.724   200.6   2.26   6.15   6.80   0     —     —  —
    24     CS   15.941   176.2   2.48   6.37   7.01   0     —     —  —
    25     CS   16.170   152.9   2.71   6.60   7.24   0     —     —  —
    26     CS   16.406   130.2   2.94   6.83   7.48   1   b45     —  CHARGE, BRK-B45
    27     CS   17.929   427.5   0.23   7.06   7.97   0     —     —  —
    28     CS   18.162   403.1   0.46   7.30   8.20   0     —     —  —
    29     CS   18.388   378.0   0.69   7.52   8.43   0     —     —  —
    30     CS   18.651   350.0   0.95   7.78   8.69   0     —     —  —
    31     CS   18.924   322.7   1.22   8.06   8.96   0     —     —  —
    32     CS   19.193   295.3   1.49   8.33   9.23   0     —     —  —
    33     CS   19.413   270.4   1.71   8.55   9.45   0     —     —  —
    34     CS   19.632   245.6   1.93   8.77   9.67   0     —     —  —
    35     CS   19.852   220.6   2.15   8.98   9.89   0     —     —  —
    36     CS   20.086   197.0   2.39   9.22  10.13   1     —    r2  CHARGE, REST-R2
    37   CUST   30.771   382.5   0.58   0.58   0.58   0     —     —  —
    38     CS   31.494   361.9   0.80   0.80   1.30   0     —     —  —
    39     CS   31.697   340.0   1.00   1.00   1.50   0     —     —  —
    40   CUST   31.891   317.0   1.20   1.20   1.70   0     —     —  —
    41   CUST   32.571   300.2   1.38   1.38   2.38   0     —     —  —
    42     CS   33.129   295.7   1.44   1.44   2.94   0     —     —  —
    43     CS   33.247   284.0   1.55   1.55   3.05   0     —     —  —
    44   CUST   33.637   241.6   1.94   1.94   3.44   0     —    r2  REST-R2
    45     CS   43.411   210.5   0.27   0.27   0.27   0     —     —  —
    46     CS   43.709   181.4   0.57   0.57   0.57   0     —     —  —
    47     CS   43.951   152.6   0.81   0.81   0.81   1   b45     —  CHARGE, BRK-B45
    48     CS   45.323   375.1   0.26   1.07   1.44   0     —     —  —
    49     CS   45.566   347.6   0.50   1.31   1.68   0     —     —  —
    50     CS   45.812   320.4   0.75   1.56   1.93   0     —     —  —
    51     CS   46.086   289.9   1.02   1.83   2.20   0     —     —  —
    52     CS   46.359   259.2   1.29   2.11   2.47   0     —     —  —
    53     CS   46.658   229.7   1.59   2.40   2.77   0     —     —  —
    54     CS   46.944   199.1   1.88   2.69   3.06   0     —     —  —
    55     CS   47.241   169.4   2.17   2.99   3.35   1   b45     —  CHARGE, BRK-B45
    56     CS   48.642   414.4   0.21   3.20   3.92   0     —     —  —
    57     CS   48.840   392.4   0.41   3.40   4.12   0     —     —  —
    58   CUST   49.078   373.1   0.65   3.64   4.36   0     —     —  —
    59     CS   49.794   349.0   0.87   3.85   5.07   0     —     —  —
    60     CS   50.026   326.4   1.10   4.09   5.30   0     —     —  —
    61     CS   50.268   304.4   1.34   4.33   5.55   0     —     —  —
    62     CS   50.353   298.5   1.43   4.41   5.63   0     —     —  —
    63     CS   50.585   271.2   1.66   4.65   5.86   0     —     —  —
    64     CS   50.825   244.7   1.90   4.89   6.10   0     —     —  —
    65     CS   51.081   219.4   2.15   5.14   6.36   0     —     —  —
    66     CS   51.320   192.8   2.39   5.38   6.60   1   b45     —  CHARGE, BRK-B45
    67     CS   52.840   400.2   0.44   5.82   7.29   0     —     —  —
    68     CS   53.198   376.9   0.79   6.17   7.64   0     —     —  —
    69     CS   53.483   350.0   1.08   6.46   7.93   0     —     —  —
    70     CS   53.891   328.0   1.49   6.87   8.34   0     —     —  —
    71     CS   54.209   303.0   1.80   7.19   8.66   0     —     —  —
    72     CS   54.446   278.9   2.04   7.42   8.89   0     —     —  —
    73     CS   54.704   256.3   2.30   7.68   9.15   0     —     —  —
    74     CS   54.927   231.0   2.52   7.90   9.37   0     —     —  —
    75     CS   55.168   204.8   2.76   8.14   9.61   0     —     —  —
    76     CS   55.427   180.2   3.02   8.40   9.87   0     —     —  —
    77     CS   55.661   153.5   3.26   8.64  10.11   0     —     —  —
[5/33] RmediumCmediumTmedium_16     labelled   29 states in  45.5 min
  ScenarioTracker saved: /mnt/beegfs/users/celinep/ChargeAndBreak/ML/logs/RshortCmanyTtight_7_DAGGER1_S1_H24_20260821_162147_scenarios.json

  === SIMULATION TRAJECTORY ===
  stop   type    t_arr     soc     cd     sd     sw   y   brk   rst  action
  ───────────────────────────────────────────────────────────────────────────────────────────────
     0   ORIG    8.000   500.0   0.00   0.00   0.00   0     —     —  —
     1     CS    8.230   473.7   0.23   0.23   0.23   0     —     —  —
     2     CS    8.466   448.0   0.47   0.47   0.47   0     —     —  —
     3     CS    8.694   421.5   0.69   0.69   0.69   0     —     —  —
     4     CS    8.950   391.7   0.95   0.95   0.95   0     —     —  —
     5     CS    9.232   364.1   1.23   1.23   1.23   0     —     —  —
     6     CS    9.499   332.8   1.50   1.50   1.50   0     —     —  —
     7     CS    9.791   303.9   1.79   1.79   1.79   0     —     —  —
     8     CS   10.129   277.6   2.13   2.13   2.13   0     —     —  —
     9     CS   10.398   246.6   2.40   2.40   2.40   0     —     —  —
    10     CS   10.638   218.9   2.64   2.64   2.64   0     —     —  —
    11   CUST   10.879   191.3   2.88   2.88   2.88   0     —     —  —
    12   CUST   11.852   147.6   3.35   3.35   3.85   0     —     —  —
    13   CUST   12.618   117.4   3.62   3.62   4.62   0     —     —  —
    14   CUST   13.162   114.1   3.66   3.66   5.16   0     —     —  —
    15   CUST   13.686   111.5   3.69   3.69   5.69   0     —     —  —
    16     CS   14.197   110.2   3.70   3.70   6.20   0     —     —  —
    17     CS   14.285   100.5   3.78   3.78   6.28   1   b45     —  CHARGE, BRK-B45
    18   CUST   15.892   356.2   0.48   4.26   7.00   0     —     —  —
    19     CS   16.809   317.0   0.90   4.68   7.92   0     —     —  —
    20     CS   17.046   292.6   1.13   4.92   8.16   0     —     —  —
    21     CS   17.355   262.2   1.44   5.23   8.46   0     —     —  —
    22     CS   17.647   230.7   1.74   5.52   8.76   0     —     —  —
    23   CUST   17.934   198.5   2.02   5.81   9.04   0     —     —  —
    24     CS   18.748   175.2   2.34   6.12   9.86   0     —     —  —
    25   CUST   19.065   151.9   2.65   6.44  10.17   0     —     —  —
    26     CS   19.846   120.9   2.93   6.72  10.96   1   b45     —  CHARGE, BRK-B45
    27   CUST   21.197   353.3   0.10   6.82  11.56   0     —    r2  REST-R2
    28     CS   30.982   323.7   0.29   0.29   0.29   0     —     —  —
    29   CUST   31.067   313.7   0.37   0.37   0.37   0     —     —  —
    30   CUST   32.019   264.0   0.82   0.82   1.32   0     —     —  —
    31   CUST   32.675   247.5   0.98   0.98   1.98   0     —     —  —
    32     CS   33.222   242.3   1.03   1.03   2.53   0     —     —  —
    33     CS   33.349   229.1   1.15   1.15   2.65   1   b45     —  CHARGE, BRK-B45
    34     CS   34.769   363.3   0.31   1.46   3.32   0     —     —  —
    35     CS   34.992   337.9   0.53   1.68   3.55   0     —     —  —
    36   CUST   35.251   315.3   0.79   1.94   3.80   0     —     —  —
    37     CS   35.971   290.1   1.01   2.16   4.52   0     —     —  —
    38     CS   36.199   265.6   1.24   2.39   4.75   0     —     —  —
    39     CS   36.461   243.5   1.50   2.65   5.01   0     —     —  —
    40     CS   36.781   220.0   1.82   2.97   5.33   0     —     —  —
    41     CS   37.065   189.1   2.10   3.26   5.62   0     —     —  —
    42   CUST   37.337   157.2   2.38   3.53   5.89   0     —     —  —
    43     CS   37.981   148.5   2.52   3.67   6.53   1   b45     —  CHARGE, BRK-B45
    44     CS   39.225   299.0   0.25   3.93   7.03   0     —     —  —
    45     CS   39.479   269.6   0.51   4.18   7.28   0     —     —  —
    46     CS   39.695   245.2   0.72   4.40   7.50   0     —     —  —
    47     CS   39.918   221.5   0.95   4.62   7.72   0     —     —  —
    48     CS   40.137   197.3   1.17   4.84   7.94   0     —     —  —
    49     CS   40.395   174.0   1.42   5.10   8.20   0     —     —  —
    50     CS   40.621   148.1   1.65   5.32   8.42   0     —     —  —
[6/33] RshortCmanyTtight_7          labelled   15 states in  22.8 min
  ScenarioTracker saved: /mnt/beegfs/users/celinep/ChargeAndBreak/ML/logs/RlongCfewTmedium_11_DAGGER1_S1_H24_20260821_164436_scenarios.json

  === SIMULATION TRAJECTORY ===
  stop   type    t_arr     soc     cd     sd     sw   y   brk   rst  action
  ───────────────────────────────────────────────────────────────────────────────────────────────
     0   ORIG    8.000   500.0   0.00   0.00   0.00   0     —     —  —
     1     CS    8.254   475.7   0.25   0.25   0.25   0     —     —  —
     2     CS    8.493   450.2   0.49   0.49   0.49   0     —     —  —
     3     CS    8.725   424.1   0.72   0.72   0.72   0     —     —  —
     4     CS    9.002   391.1   1.00   1.00   1.00   0     —     —  —
     5     CS    9.308   360.5   1.31   1.31   1.31   0     —     —  —
     6     CS    9.602   329.1   1.60   1.60   1.60   0     —     —  —
     7     CS    9.999   289.5   2.00   2.00   2.00   0     —     —  —
     8     CS   10.249   260.3   2.25   2.25   2.25   0     —     —  —
     9     CS   10.505   231.8   2.51   2.51   2.51   0     —     —  —
    10     CS   10.762   203.1   2.76   2.76   2.76   0     —     —  —
    11     CS   11.048   171.7   3.05   3.05   3.05   0     —     —  —
    12     CS   11.353   141.9   3.35   3.35   3.35   0     —     —  —
    13     CS   11.632   109.9   3.63   3.63   3.63   1   b45     —  CHARGE, BRK-B45
    14     CS   13.506   384.5   0.51   4.15   4.53   0     —     —  —
    15     CS   13.738   357.2   0.75   4.38   4.77   0     —     —  —
    16     CS   13.973   330.2   0.98   4.61   5.00   0     —     —  —
    17     CS   14.208   303.2   1.22   4.85   5.24   0     —     —  —
    18     CS   14.444   276.2   1.45   5.08   5.47   0     —     —  —
    19     CS   14.706   249.7   1.71   5.35   5.73   0     —     —  —
    20     CS   14.961   222.6   1.97   5.60   5.99   0     —     —  —
    21     CS   15.202   194.1   2.21   5.84   6.23   1   b45     —  CHARGE, BRK-B45
    22     CS   16.533   403.1   0.27   6.11   6.80   0     —     —  —
    23     CS   16.796   371.9   0.53   6.37   7.07   0     —     —  —
    24     CS   17.085   343.0   0.82   6.66   7.36   0     —     —  —
    25     CS   17.313   316.5   1.05   6.89   7.58   0     —     —  —
    26     CS   17.560   291.7   1.29   7.14   7.83   0     —     —  —
    27     CS   17.815   267.5   1.55   7.39   8.09   0     —     —  —
    28     CS   18.088   235.6   1.82   7.66   8.36   0     —     —  —
    29     CS   18.379   205.4   2.11   7.96   8.65   0     —     —  —
    30     CS   18.602   179.2   2.34   8.18   8.87   0     —     —  —
    31     CS   18.835   154.0   2.57   8.41   9.11   0     —     —  —
    32     CS   19.103   131.3   2.84   8.68   9.37   1   b45     —  CHARGE, BRK-B45
    33     CS   20.348   385.8   0.20   8.88   9.81   0     —     —  —
    34     CS   20.559   364.7   0.41   9.09  10.02   0     —     —  —
    35     CS   20.764   343.3   0.62   9.29  10.23   0     —     —  —
    36     CS   21.155   318.8   1.01   9.69  10.62   0     —    r2  REST-R2
    37     CS   30.640   291.2   0.32   0.32   0.32   0     —     —  —
    38     CS   30.928   261.5   0.61   0.61   0.61   0     —     —  —
    39     CS   31.192   230.4   0.87   0.87   0.87   0     —     —  —
    40     CS   31.477   201.2   1.16   1.16   1.16   0     —     —  —
    41     CS   31.773   172.8   1.45   1.45   1.45   0     —     —  —
    42     CS   32.045   140.9   1.72   1.72   1.72   0     —     —  —
    43     CS   32.348   111.6   2.03   2.03   2.03   1   b45     —  CHARGE, BRK-B45
    44     CS   33.830   387.9   0.26   2.29   2.63   0     —     —  —
    45     CS   34.047   362.8   0.48   2.50   2.85   0     —     —  —
    46     CS   34.276   338.8   0.70   2.73   3.08   0     —     —  —
    47     CS   34.486   315.4   0.92   2.94   3.29   0     —     —  —
    48     CS   34.717   293.7   1.15   3.17   3.52   0     —     —  —
    49     CS   34.925   270.2   1.35   3.38   3.73   0     —     —  —
    50     CS   35.160   244.3   1.59   3.62   3.96   0     —     —  —
    51     CS   35.414   220.0   1.84   3.87   4.22   0     —     —  —
    52     CS   35.653   194.5   2.08   4.11   4.46   1   b45     —  CHARGE, BRK-B45
    53     CS   37.059   381.2   0.31   4.42   5.11   0     —     —  —
    54     CS   37.301   356.0   0.55   4.66   5.36   0     —     —  —
    55   CUST   37.529   329.5   0.78   4.89   5.58   0     —     —  —
    56     CS   38.149   317.9   0.90   5.01   6.20   0     —     —  —
    57     CS   38.383   291.6   1.13   5.24   6.44   0     —     —  —
    58     CS   38.628   266.3   1.38   5.49   6.68   0     —     —  —
    59     CS   38.861   239.9   1.61   5.72   6.92   0     —     —  —
    60     CS   39.114   212.5   1.87   5.97   7.17   0     —     —  —
    61     CS   39.396   187.3   2.15   6.26   7.45   0     —     —  —
    62     CS   39.673   161.9   2.42   6.53   7.73   1   b45     —  CHARGE, BRK-B45
    63     CS   41.057   419.8   0.21   6.75   8.21   0     —     —  —
    64     CS   41.306   398.6   0.46   7.00   8.46   0     —     —  —
    65     CS   41.548   376.9   0.71   7.24   8.70   0     —     —  —
    66     CS   41.821   347.5   0.98   7.51   8.98   0     —     —  —
    67     CS   42.130   320.7   1.29   7.82   9.29   0     —     —  —
    68     CS   42.432   289.1   1.59   8.12   9.59   0     —     —  —
    69     CS   42.714   255.6   1.87   8.40   9.87   0     —     —  —
    70     CS   42.993   226.0   2.15   8.68  10.15   0     —     —  —
    71     CS   43.261   195.3   2.42   8.95  10.42   0     —     —  —
    72     CS   43.531   164.8   2.69   9.22  10.69   1     —    r2  CHARGE, REST-R2
    73     CS   53.759   372.8   0.28   0.28   0.28   0     —     —  —
    74     CS   54.048   341.2   0.57   0.57   0.57   0     —     —  —
    75     CS   54.338   313.2   0.86   0.86   0.86   0     —     —  —
    76     CS   54.597   282.4   1.12   1.12   1.12   0     —     —  —
    77     CS   54.950   257.6   1.47   1.47   1.47   0     —     —  —
    78     CS   55.208   226.8   1.73   1.73   1.73   0     —     —  —
    79     CS   55.428   204.3   1.95   1.95   1.95   0     —     —  —
    80     CS   55.637   180.8   2.16   2.16   2.16   0     —     —  —
    81     CS   55.843   157.1   2.36   2.36   2.36   1   b45     —  CHARGE, BRK-B45
    82     CS   57.403   410.4   0.34   2.70   3.03   0     —     —  —
    83     CS   57.705   378.9   0.64   3.00   3.33   0     —     —  —
    84     CS   57.913   356.9   0.85   3.21   3.54   0     —     —  —
    85     CS   58.108   333.7   1.04   3.40   3.73   0     —     —  —
    86     CS   58.312   311.3   1.25   3.61   3.94   0     —     —  —
    87     CS   58.575   282.7   1.51   3.87   4.20   0     —     —  —
    88     CS   58.827   253.2   1.76   4.12   4.45   0     —     —  —
    89     CS   59.105   225.8   2.04   4.40   4.73   0     —     —  —
    90     CS   59.360   196.4   2.29   4.66   4.99   1   b45     —  CHARGE, BRK-B45
    91     CS   60.625   384.6   0.32   4.97   5.50   0     —     —  —
    92     CS   60.896   358.7   0.59   5.24   5.77   0     —     —  —
    93     CS   61.184   333.9   0.88   5.53   6.06   0     —     —  —
    94     CS   61.429   305.9   1.12   5.78   6.31   0     —     —  —
    95     CS   61.635   281.3   1.33   5.98   6.51   0     —     —  —
    96     CS   61.846   257.2   1.54   6.19   6.72   0     —     —  —
    97   CUST   62.078   234.9   1.77   6.42   6.95   0     —     —  —
    98     CS   62.807   207.8   2.00   6.65   7.68   0     —     —  —
    99     CS   63.040   181.3   2.23   6.89   7.92   0     —     —  —
   100     CS   63.280   154.2   2.47   7.13   8.16   0     —     —  —
   101     CS   63.536   128.4   2.73   7.38   8.41   1   b45     —  CHARGE, BRK-B45
   102     CS   64.924   398.8   0.28   7.66   8.88   0     —     —  —
   103     CS   65.393   376.2   0.75   8.13   9.35   0     —     —  —
   104     CS   65.636   349.5   0.99   8.37   9.59   0     —     —  —
   105     CS   65.871   322.1   1.22   8.61   9.83   0     —     —  —
   106     CS   66.141   297.5   1.49   8.88  10.10   0     —    r1  REST-R1
   107     CS   77.534   274.0   0.23   0.23   0.23   0     —     —  —
   108     CS   77.826   254.1   0.52   0.52   0.52   0     —     —  —
   109     CS   78.060   231.2   0.75   0.75   0.75   0     —     —  —
   110     CS   78.308   205.8   1.00   1.00   1.00   0     —     —  —
   111     CS   78.573   181.6   1.27   1.27   1.27   0     —     —  —
   112     CS   78.822   156.1   1.51   1.51   1.51   1   b45     —  CHARGE, BRK-B45
   113     CS   80.239   393.0   0.28   1.79   2.11   0     —     —  —
   114     CS   80.520   360.7   0.56   2.08   2.39   0     —     —  —
   115     CS   80.771   334.5   0.81   2.33   2.64   0     —     —  —
   116     CS   81.055   310.6   1.10   2.61   2.92   0     —     —  —
   117     CS   81.295   283.5   1.34   2.85   3.16   0     —     —  —
   118     CS   81.543   257.0   1.58   3.10   3.41   0     —     —  —
   119     CS   82.035   209.4   2.08   3.59   3.90   0     —     —  —
   120     CS   82.255   182.8   2.30   3.81   4.12   0     —     —  —
   121     CS   82.492   157.7   2.53   4.05   4.36   0     —     —  —
   122     CS   82.713   131.2   2.75   4.27   4.58   0     —     —  —
   123     CS   82.949   106.0   2.99   4.50   4.82   1   b45     —  CHARGE, BRK-B45
   124     CS   84.494   407.3   0.24   4.74   5.37   0     —     —  —
   125     CS   84.723   383.2   0.47   4.97   5.60   0     —     —  —
   126     CS   84.967   360.4   0.71   5.21   5.84   0     —     —  —
   127     CS   85.247   338.3   0.99   5.49   6.12   0     —     —  —
   128     CS   85.471   312.2   1.21   5.72   6.35   0     —     —  —
   129     CS   85.699   286.5   1.44   5.95   6.57   0     —     —  —
   130     CS   85.936   258.5   1.68   6.18   6.81   0     —     —  —
   131     CS   86.191   232.1   1.93   6.44   7.07   0     —     —  —
   132     CS   86.438   205.0   2.18   6.68   7.31   1     —    r2  CHARGE, REST-R2
   133     CS   96.572   385.6   0.30   0.30   0.30   0     —     —  —
   134     CS   96.835   355.9   0.56   0.56   0.56   0     —     —  —
   135     CS   97.102   326.8   0.83   0.83   0.83   0     —     —  —
   136     CS   97.369   298.3   1.10   1.10   1.10   0     —     —  —
   137     CS   97.644   270.6   1.37   1.37   1.37   0     —     —  —
   138     CS   97.906   241.7   1.64   1.64   1.64   0     —     —  —
   139     CS   98.134   216.0   1.86   1.86   1.86   0     —     —  —
   140     CS   98.354   189.6   2.08   2.08   2.08   0     —     —  —
   141     CS   98.582   163.9   2.31   2.31   2.31   1   b45     —  CHARGE, BRK-B45
   142     CS  100.032   412.4   0.25   2.56   2.90   0     —     —  —
   143     CS  100.380   392.1   0.59   2.91   3.25   0     —     —  —
   144     CS  100.610   365.8   0.82   3.14   3.48   0     —     —  —
   145     CS  100.860   339.8   1.07   3.38   3.73   0     —     —  —
   146     CS  101.109   313.7   1.32   3.63   3.98   0     —     —  —
   147     CS  101.417   291.1   1.63   3.94   4.29   0     —     —  —
   148     CS  101.637   266.2   1.85   4.16   4.51   0     —     —  —
   149     CS  101.917   245.3   2.13   4.44   4.79   0     —     —  —
   150     CS  102.153   221.8   2.37   4.68   5.02   0     —     —  —
   151     CS  102.561   185.2   2.78   5.09   5.43   1     —    r1  CHARGE, REST-R1
   152     CS  114.951   392.7   0.28   0.28   0.28   0     —     —  —
   153     CS  115.208   363.6   0.54   0.54   0.54   0     —     —  —
   154     CS  115.528   338.7   0.86   0.86   0.86   0     —     —  —
   155     CS  115.808   311.5   1.14   1.14   1.14   0     —     —  —
   156     CS  116.066   281.8   1.39   1.39   1.39   0     —     —  —
   157     CS  116.339   253.5   1.67   1.67   1.67   0     —     —  —
   158     CS  116.581   226.0   1.91   1.91   1.91   0     —     —  —
   159     CS  116.820   198.2   2.15   2.15   2.15   0     —     —  —
   160     CS  117.078   172.0   2.41   2.41   2.41   1   b45     —  CHARGE, BRK-B45
   161     CS  118.351   385.1   0.24   2.65   2.93   0     —     —  —
   162     CS  118.581   360.4   0.47   2.87   3.16   0     —     —  —
   163     CS  118.806   335.3   0.69   3.10   3.38   0     —     —  —
   164     CS  119.076   307.8   0.96   3.37   3.65   0     —     —  —
   165     CS  119.343   280.1   1.23   3.64   3.92   0     —     —  —
   166     CS  119.658   256.4   1.55   3.95   4.24   0     —     —  —
   167     CS  119.918   229.2   1.81   4.21   4.50   0     —     —  —
   168     CS  120.183   202.5   2.07   4.48   4.76   0     —     —  —
   169     CS  120.423   173.6   2.31   4.72   5.00   1   b45     —  CHARGE, BRK-B45
   170     CS  121.662   382.7   0.26   4.98   5.49   0     —     —  —
   171     CS  121.947   354.3   0.54   5.26   5.78   0     —     —  —
   172     CS  122.221   324.9   0.82   5.53   6.05   0     —     —  —
   173     CS  122.511   298.9   1.11   5.82   6.34   0     —     —  —
   174     CS  122.763   268.6   1.36   6.08   6.59   0     —     —  —
   175     CS  123.020   238.8   1.62   6.33   6.85   0     —     —  —
   176     CS  123.304   211.4   1.90   6.62   7.13   0     —     —  —
   177     CS  123.572   182.6   2.17   6.88   7.40   0     —     —  —
[7/33] RlongCfewTmedium_11          labelled   71 states in 145.4 min
  ScenarioTracker saved: /mnt/beegfs/users/celinep/ChargeAndBreak/ML/logs/RshortCfewTnone_9_DAGGER1_S1_H24_20260821_190959_scenarios.json

  === SIMULATION TRAJECTORY ===
  stop   type    t_arr     soc     cd     sd     sw   y   brk   rst  action
  ───────────────────────────────────────────────────────────────────────────────────────────────
     0   ORIG    8.000   500.0   0.00   0.00   0.00   0     —     —  —
     1     CS    8.229   473.7   0.23   0.23   0.23   0     —     —  —
     2     CS    8.454   446.8   0.45   0.45   0.45   0     —     —  —
     3     CS    8.738   424.3   0.74   0.74   0.74   0     —     —  —
     4     CS    8.941   402.6   0.94   0.94   0.94   0     —     —  —
     5     CS    9.132   379.9   1.13   1.13   1.13   0     —     —  —
     6     CS    9.334   358.1   1.33   1.33   1.33   0     —     —  —
     7     CS    9.539   335.1   1.54   1.54   1.54   0     —     —  —
     8     CS    9.756   313.1   1.76   1.76   1.76   0     —     —  —
     9     CS    9.972   291.0   1.97   1.97   1.97   0     —     —  —
    10     CS   10.216   263.0   2.22   2.22   2.22   0     —     —  —
    11     CS   10.503   238.3   2.50   2.50   2.50   0     —     —  —
    12     CS   10.749   210.5   2.75   2.75   2.75   0     —     —  —
    13     CS   10.986   181.9   2.99   2.99   2.99   1   b45     —  CHARGE, BRK-B45
    14     CS   12.312   428.3   0.22   3.21   3.42   0     —     —  —
    15     CS   12.541   402.7   0.45   3.44   3.64   0     —     —  —
    16     CS   12.805   379.7   0.71   3.70   3.91   0     —     —  —
    17     CS   13.049   354.7   0.96   3.94   4.15   0     —     —  —
    18     CS   13.289   329.3   1.20   4.18   4.39   0     —     —  —
    19     CS   13.565   306.4   1.47   4.46   4.67   0     —     —  —
    20     CS   13.799   280.4   1.71   4.69   4.90   0     —     —  —
    21     CS   14.135   259.9   2.04   5.03   5.24   0     —     —  —
    22     CS   14.363   233.4   2.27   5.26   5.47   0     —     —  —
    23     CS   14.643   201.0   2.55   5.54   5.75   0     —     —  —
    24     CS   14.951   171.0   2.86   5.85   6.05   1   b45     —  CHARGE, BRK-B45
    25     CS   16.204   367.8   0.22   6.07   6.56   0     —     —  —
    26     CS   16.497   346.8   0.52   6.36   6.85   0     —     —  —
    27     CS   16.748   323.8   0.77   6.61   7.10   0     —     —  —
    28     CS   17.069   293.6   1.09   6.93   7.42   0     —     —  —
    29   CUST   17.353   260.4   1.37   7.22   7.71   0     —    r2  REST-R2
    30     CS   27.084   233.0   0.23   0.23   0.23   0     —     —  —
    31     CS   27.326   206.7   0.47   0.47   0.47   0     —     —  —
    32     CS   27.564   179.9   0.71   0.71   0.71   0     —     —  —
    33     CS   27.829   157.4   0.98   0.98   0.98   0     —     —  —
    34     CS   28.277   112.9   1.42   1.42   1.42   1   b45     —  CHARGE, BRK-B45
    35     CS   29.579   365.0   0.24   1.67   1.94   0     —     —  —
    36     CS   29.803   340.5   0.47   1.89   2.16   0     —     —  —
    37     CS   30.018   315.2   0.68   2.11   2.38   0     —     —  —
    38     CS   30.245   290.9   0.91   2.33   2.61   0     —     —  —
    39     CS   30.510   268.7   1.17   2.60   2.87   0     —     —  —
    40     CS   30.730   243.0   1.39   2.82   3.09   0     —     —  —
    41     CS   30.990   220.5   1.65   3.08   3.35   0     —     —  —
    42     CS   31.237   194.0   1.90   3.33   3.60   0     —     —  —
    43     CS   31.523   170.2   2.19   3.61   3.88   0     —     —  —
    44     CS   31.891   149.4   2.56   3.98   4.25   0     —     —  —
    45     CS   32.145   123.5   2.81   4.23   4.51   1   b45     —  CHARGE, BRK-B45
    46     CS   33.790   451.1   0.23   4.46   4.99   0     —     —  —
    47     CS   34.050   429.1   0.49   4.72   5.25   0     —     —  —
    48   CUST   34.346   408.9   0.78   5.02   5.54   0     —     —  —
    49     CS   34.872   407.3   0.81   5.04   6.07   0     —     —  —
    50     CS   35.202   374.7   1.14   5.37   6.40   0     —     —  —
    51     CS   35.480   348.5   1.42   5.65   6.68   0     —     —  —
    52     CS   35.727   319.9   1.67   5.90   6.92   0     —     —  —
    53     CS   36.047   296.1   1.99   6.22   7.24   0     —     —  —
    54     CS   36.258   271.2   2.20   6.43   7.45   0     —     —  —
    55     CS   36.472   246.6   2.41   6.64   7.67   0     —     —  —
    56     CS   36.684   221.8   2.62   6.86   7.88   0     —     —  —
    57     CS   36.969   195.4   2.91   7.14   8.16   0     —     —  —
    58     CS   37.224   166.7   3.16   7.40   8.42   0     —     —  —
[8/33] RshortCfewTnone_9            labelled   16 states in  13.3 min
    [warn] teacher query failed @55: Solver (gurobi) did not exit normally
  ScenarioTracker saved: /mnt/beegfs/users/celinep/ChargeAndBreak/ML/logs/RlongCmediumTtight_8_DAGGER1_S1_H24_20260821_192318_scenarios.json

  === SIMULATION TRAJECTORY ===
  stop   type    t_arr     soc     cd     sd     sw   y   brk   rst  action
  ───────────────────────────────────────────────────────────────────────────────────────────────
     0   ORIG    8.000   500.0   0.00   0.00   0.00   0     —     —  —
     1     CS    8.247   475.2   0.25   0.25   0.25   0     —     —  —
     2     CS    8.476   448.8   0.48   0.48   0.48   0     —     —  —
     3     CS    8.718   423.6   0.72   0.72   0.72   0     —     —  —
     4     CS    8.974   403.4   0.97   0.97   0.97   0     —     —  —
     5     CS    9.188   380.3   1.19   1.19   1.19   0     —     —  —
     6     CS    9.390   356.2   1.39   1.39   1.39   0     —     —  —
     7     CS    9.620   329.9   1.62   1.62   1.62   0     —     —  —
     8     CS    9.850   303.6   1.85   1.85   1.85   0     —     —  —
     9     CS   10.094   278.6   2.09   2.09   2.09   0     —     —  —
    10     CS   10.323   252.1   2.32   2.32   2.32   0     —     —  —
    11     CS   10.772   201.0   2.77   2.77   2.77   0     —     —  —
    12     CS   11.047   168.5   3.05   3.05   3.05   0     —     —  —
    13     CS   11.321   136.0   3.32   3.32   3.32   0     —     —  —
    14     CS   11.799   112.5   3.80   3.80   3.80   1   b45     —  CHARGE, BRK-B45
    15     CS   13.326   393.7   0.26   4.05   4.39   0     —     —  —
    16     CS   13.580   363.1   0.51   4.31   4.64   0     —     —  —
    17     CS   13.853   334.5   0.78   4.58   4.91   0     —     —  —
    18     CS   14.192   307.3   1.12   4.92   5.25   0     —     —  —
    19     CS   14.490   277.7   1.42   5.22   5.55   0     —     —  —
    20     CS   14.726   254.2   1.65   5.45   5.78   0     —     —  —
    21     CS   14.950   229.8   1.88   5.68   6.01   0     —     —  —
    22     CS   15.182   206.0   2.11   5.91   6.24   1   b45     —  CHARGE, BRK-B45
    23     CS   16.554   398.7   0.23   6.14   6.86   0     —     —  —
    24     CS   16.777   373.0   0.45   6.36   7.09   0     —     —  —
    25     CS   16.998   347.0   0.67   6.58   7.31   0     —     —  —
    26     CS   17.223   321.5   0.90   6.81   7.53   0     —     —  —
    27     CS   17.487   297.8   1.16   7.07   7.80   0     —     —  —
    28     CS   17.736   273.2   1.41   7.32   8.05   0     —     —  —
    29     CS   17.976   247.8   1.65   7.56   8.28   0     —     —  —
    30     CS   18.259   222.3   1.93   7.84   8.57   0     —     —  —
    31     CS   18.521   195.3   2.19   8.10   8.83   0     —     —  —
    32     CS   18.806   165.4   2.48   8.39   9.11   0     —     —  —
    33     CS   19.114   137.1   2.79   8.70   9.42   0     —     —  —
    34     CS   19.507   112.7   3.18   9.09   9.82   1   b45     —  CHARGE, BRK-B45
    35     CS   20.845   383.0   0.23   9.32  10.29   0     —     —  —
    36     CS   21.081   358.0   0.46   9.55  10.53   0     —    r2  REST-R2
    37     CS   30.474   332.1   0.23   0.23   0.23   0     —     —  —
    38     CS   30.763   308.6   0.52   0.52   0.52   0     —     —  —
    39     CS   31.029   283.8   0.78   0.78   0.78   0     —     —  —
    40     CS   31.298   259.1   1.05   1.05   1.05   0     —     —  —
    41     CS   31.542   237.6   1.29   1.29   1.29   0     —     —  —
    42     CS   31.761   214.2   1.51   1.51   1.51   0     —     —  —
    43     CS   31.971   190.1   1.72   1.72   1.72   1   b45     —  CHARGE, BRK-B45
    44     CS   33.370   397.8   0.32   2.04   2.37   0     —     —  —
    45     CS   33.655   367.1   0.61   2.33   2.66   0     —     —  —
    46     CS   33.990   345.8   0.94   2.66   2.99   0     —     —  —
    47     CS   34.262   321.6   1.21   2.94   3.27   0     —     —  —
    48     CS   34.517   296.3   1.47   3.19   3.52   0     —     —  —
    49     CS   34.759   269.9   1.71   3.43   3.76   0     —     —  —
    50     CS   35.032   239.3   1.98   3.71   4.03   0     —     —  —
    51     CS   35.345   211.7   2.30   4.02   4.35   0     —     —  —
    52     CS   35.800   158.7   2.75   4.47   4.80   1   b45     —  CHARGE, BRK-B45
    53     CS   37.562   411.5   0.37   4.84   5.71   0     —     —  —
    54     CS   37.826   385.8   0.63   5.11   5.98   0     —     —  —
    55     CS   38.094   360.4   0.90   5.38   6.24   0     —     —  —
    56     CS   38.349   334.5   1.16   5.63   6.50   0     —     —  —
    57     CS   38.598   308.2   1.41   5.88   6.75   0     —     —  —
    58     CS   38.865   283.2   1.67   6.15   7.01   0     —     —  —
    59     CS   39.126   257.8   1.93   6.41   7.28   0     —     —  —
    60     CS   39.414   238.3   2.22   6.70   7.56   0     —     —  —
    61     CS   39.622   214.0   2.43   6.90   7.77   0     —     —  —
    62     CS   39.884   193.4   2.69   7.17   8.03   1   b45     —  CHARGE, BRK-B45
    63     CS   41.186   387.9   0.25   7.42   8.59   0     —     —  —
    64     CS   41.449   359.2   0.52   7.68   8.85   0     —     —  —
    65     CS   41.761   333.8   0.83   7.99   9.16   0     —     —  —
    66     CS   41.958   311.5   1.02   8.19   9.36   0     —     —  —
    67     CS   42.158   289.6   1.23   8.39   9.56   0     —     —  —
    68     CS   42.414   271.2   1.48   8.65   9.81   0     —     —  —
    69     CS   42.695   251.4   1.76   8.93  10.10   0     —     —  —
    70     CS   42.916   228.2   1.98   9.15  10.32   0     —     —  —
    71     CS   43.146   205.7   2.21   9.38  10.55   0     —     —  —
    72     CS   43.459   176.5   2.53   9.69  10.86   0     —    r2  REST-R2
    73     CS   52.922   145.9   0.30   0.30   0.30   0     —     —  —
    74     CS   53.212   114.9   0.59   0.59   0.59   1   b45     —  CHARGE, BRK-B45
    75     CS   54.705   377.3   0.38   0.97   1.16   0     —     —  —
    76     CS   54.996   352.0   0.68   1.26   1.45   0     —     —  —
    77     CS   55.272   325.7   0.95   1.54   1.73   0     —     —  —
    78     CS   55.535   298.5   1.21   1.80   1.99   0     —     —  —
    79     CS   55.795   272.5   1.48   2.06   2.25   0     —     —  —
    80     CS   56.094   248.9   1.77   2.36   2.55   0     —     —  —
    81     CS   56.350   222.6   2.03   2.62   2.81   0     —     —  —
    82     CS   56.635   194.8   2.31   2.90   3.09   0     —     —  —
    83     CS   56.895   165.0   2.57   3.16   3.35   0     —     —  —
    84     CS   57.161   135.7   2.84   3.43   3.62   1   b45     —  CHARGE, BRK-B45
    85     CS   58.439   389.7   0.24   3.67   4.06   0     —     —  —
    86     CS   58.670   362.7   0.47   3.90   4.30   0     —     —  —
    87     CS   58.929   338.1   0.73   4.16   4.56   0     —     —  —
    88     CS   59.202   312.3   1.01   4.43   4.83   0     —     —  —
    89     CS   59.464   285.6   1.27   4.69   5.09   0     —     —  —
    90     CS   59.719   258.5   1.52   4.95   5.34   0     —     —  —
    91     CS   60.269   212.5   2.07   5.50   5.89   1   b45     —  CHARGE, BRK-B45
    92     CS   61.697   372.4   0.31   5.81   6.57   0     —     —  —
    93     CS   61.985   340.3   0.59   6.09   6.86   0     —     —  —
    94   CUST   62.280   309.0   0.89   6.39   7.16   0     —     —  —
    95   CUST   63.159   277.4   1.27   6.77   8.03   0     —     —  —
    96     CS   63.739   270.4   1.35   6.85   8.61   0     —     —  —
    97   CUST   64.012   242.1   1.62   7.12   8.89   0     —     —  —
    98     CS   64.776   215.2   1.89   7.39   9.65   0     —     —  —
    99     CS   65.062   190.0   2.17   7.67   9.94   0     —     —  —
   100     CS   65.422   167.9   2.53   8.03  10.30   0     —     —  —
   101     CS   65.429   167.3   2.54   8.04  10.30   1   b45     —  CHARGE, BRK-B45
   102     CS   66.612   378.6   0.20   8.24  10.74   0     —     —  —
   103     CS   66.811   355.7   0.40   8.44  10.94   0     —     —  —
   104     CS   67.158   339.1   0.74   8.78  11.28   0     —    r1  REST-R1
   105     CS   78.577   312.5   0.25   0.25   0.25   0     —     —  —
   106     CS   78.833   286.2   0.51   0.51   0.51   0     —     —  —
   107     CS   79.075   258.7   0.75   0.75   0.75   0     —     —  —
   108     CS   79.317   232.9   0.99   0.99   0.99   0     —     —  —
   109     CS   79.552   206.5   1.23   1.23   1.23   0     —     —  —
   110     CS   79.793   180.6   1.47   1.47   1.47   0     —     —  —
   111     CS   80.055   156.3   1.73   1.73   1.73   1   b45     —  CHARGE, BRK-B45
   112     CS   81.429   377.9   0.26   1.99   2.35   0     —     —  —
   113     CS   81.655   352.2   0.48   2.21   2.58   0     —     —  —
   114     CS   81.876   325.7   0.70   2.43   2.80   0     —     —  —
   115     CS   82.112   297.6   0.94   2.67   3.04   0     —     —  —
   116     CS   82.431   274.9   1.26   2.99   3.36   0     —     —  —
   117     CS   82.681   245.6   1.51   3.24   3.61   0     —     —  —
   118     CS   82.950   218.1   1.78   3.51   3.88   0     —     —  —
   119     CS   83.217   190.4   2.04   3.78   4.14   0     —     —  —
   120     CS   83.475   165.0   2.30   4.03   4.40   0     —     —  —
   121     CS   83.709   137.5   2.54   4.27   4.63   0     —     —  —
   122     CS   83.969   112.2   2.80   4.53   4.89   1   b45     —  CHARGE, BRK-B45
   123     CS   85.388   419.1   0.21   4.74   5.29   0     —     —  —
   124     CS   85.583   396.7   0.40   4.93   5.48   0     —     —  —
   125     CS   85.776   374.1   0.60   5.12   5.68   0     —     —  —
   126     CS   86.017   346.5   0.84   5.37   5.92   0     —     —  —
   127     CS   86.270   319.9   1.09   5.62   6.17   0     —     —  —
   128   CUST   86.506   291.8   1.33   5.85   6.41   0     —     —  —
   129     CS   87.313   268.8   1.63   6.16   7.22   0     —     —  —
   130     CS   87.585   244.0   1.91   6.43   7.49   0     —     —  —
   131     CS   87.827   216.9   2.15   6.68   7.73   0     —     —  —
   132     CS   87.915   207.1   2.24   6.76   7.82   1   b45     —  CHARGE, BRK-B45
   133     CS   89.244   390.1   0.27   7.04   8.40   0     —     —  —
   134   CUST   89.496   361.1   0.53   7.29   8.65   0     —    r2  REST-R2
   135     CS   99.319   331.6   0.32   0.32   0.32   0     —     —  —
   136     CS   99.609   299.6   0.61   0.61   0.61   0     —     —  —
   137     CS   99.862   271.9   0.87   0.87   0.87   0     —     —  —
   138     CS  100.464   230.1   1.47   1.47   1.47   0     —     —  —
   139     CS  100.737   198.9   1.74   1.74   1.74   0     —     —  —
   140     CS  101.120   174.0   2.12   2.12   2.12   0     —     —  —
   141     CS  101.389   142.4   2.39   2.39   2.39   0     —     —  —
   142     CS  101.681   112.8   2.69   2.69   2.69   1   b45     —  CHARGE, BRK-B45
   143     CS  103.130   401.7   0.23   2.91   3.20   0     —     —  —
   144     CS  103.356   380.4   0.45   3.14   3.43   0     —     —  —
   145     CS  103.560   357.2   0.66   3.34   3.63   0     —     —  —
   146     CS  104.073   312.9   1.17   3.85   4.14   0     —     —  —
   147     CS  104.334   286.3   1.43   4.12   4.40   0     —     —  —
   148     CS  104.599   260.0   1.70   4.38   4.67   0     —     —  —
   149     CS  104.851   232.5   1.95   4.63   4.92   0     —     —  —
   150     CS  105.082   208.1   2.18   4.86   5.15   0     —     —  —
   151     CS  105.299   182.4   2.40   5.08   5.37   0     —     —  —
   152     CS  105.542   158.9   2.64   5.32   5.61   0     —     —  —
   153     CS  105.789   135.6   2.89   5.57   5.86   1   b45     —  CHARGE, BRK-B45
   154     CS  107.185   386.0   0.24   5.81   6.44   0     —     —  —
   155     CS  107.419   359.3   0.47   6.04   6.67   0     —     —  —
   156     CS  107.649   332.2   0.70   6.27   6.90   0     —     —  —
   157     CS  107.890   303.3   0.94   6.51   7.14   0     —     —  —
   158     CS  108.137   275.0   1.19   6.76   7.39   0     —     —  —
   159     CS  108.409   249.9   1.46   7.03   7.66   0     —     —  —
   160     CS  108.649   222.2   1.70   7.27   7.90   0     —     —  —
   161     CS  108.939   198.1   1.99   7.56   8.19   0     —     —  —
   162     CS  109.240   174.6   2.29   7.86   8.49   1     —    r1  CHARGE, REST-R1
   163     CS  121.477   375.2   0.29   0.29   0.29   0     —     —  —
   164     CS  121.736   349.0   0.55   0.55   0.55   0     —     —  —
   165     CS  122.009   324.0   0.83   0.83   0.83   0     —     —  —
   166     CS  122.249   296.2   1.07   1.07   1.07   0     —     —  —
   167     CS  122.507   270.0   1.32   1.32   1.32   0     —     —  —
   168     CS  122.754   245.2   1.57   1.57   1.57   0     —     —  —
   169     CS  122.998   220.2   1.81   1.81   1.81   0     —     —  —
   170     CS  123.224   193.5   2.04   2.04   2.04   1   b45     —  CHARGE, BRK-B45
   171     CS  124.736   445.6   0.23   2.27   2.60   0     —     —  —
   172     CS  124.965   419.1   0.46   2.50   2.83   0     —     —  —
   173     CS  125.195   392.9   0.69   2.73   3.06   0     —     —  —
   174     CS  125.441   364.1   0.93   2.98   3.31   0     —     —  —
   175     CS  125.693   335.9   1.19   3.23   3.56   0     —     —  —
   176     CS  125.948   308.0   1.44   3.48   3.82   0     —     —  —
   177     CS  126.386   265.0   1.88   3.92   4.25   0     —     —  —
   178     CS  126.635   236.5   2.13   4.17   4.50   0     —     —  —
   179     CS  126.894   208.9   2.39   4.43   4.76   0     —     —  —
   180     CS  127.173   182.9   2.67   4.71   5.04   1     —     —  CHARGE
   181     CS  128.174   320.1   2.93   4.97   6.04   0     —     —  —
   182     CS  128.402   293.6   3.15   5.19   6.27   0     —     —  —
   183     CS  128.694   271.5   3.45   5.49   6.56   0     —     —  —
[9/33] RlongCmediumTtight_8         labelled   60 states in 123.9 min
  ScenarioTracker saved: /mnt/beegfs/users/celinep/ChargeAndBreak/ML/logs/RshortCmanyTlarge_10_DAGGER1_S1_H24_20260821_212713_scenarios.json

  === SIMULATION TRAJECTORY ===
  stop   type    t_arr     soc     cd     sd     sw   y   brk   rst  action
  ───────────────────────────────────────────────────────────────────────────────────────────────
     0   ORIG    8.000   500.0   0.00   0.00   0.00   0     —     —  —
     1     CS    8.231   473.8   0.23   0.23   0.23   0     —     —  —
     2     CS    8.511   451.1   0.51   0.51   0.51   0     —     —  —
     3     CS    8.752   425.8   0.75   0.75   0.75   0     —     —  —
     4     CS    9.052   396.2   1.05   1.05   1.05   0     —     —  —
     5     CS    9.325   364.5   1.33   1.33   1.33   0     —     —  —
     6     CS    9.590   335.9   1.59   1.59   1.59   0     —     —  —
     7     CS    9.895   310.1   1.90   1.90   1.90   0     —     —  —
     8     CS   10.232   285.8   2.23   2.23   2.23   0     —     —  —
     9     CS   10.459   261.6   2.46   2.46   2.46   0     —     —  —
    10     CS   10.673   236.2   2.67   2.67   2.67   0     —     —  —
    11     CS   10.897   211.8   2.90   2.90   2.90   0     —     —  —
    12     CS   11.113   186.5   3.11   3.11   3.11   0     —     —  —
    13     CS   11.480   144.4   3.48   3.48   3.48   1   b45     —  CHARGE, BRK-B45
    14     CS   13.090   447.6   0.26   3.74   3.98   0     —     —  —
    15     CS   13.424   423.2   0.60   4.08   4.31   0     —     —  —
    16   CUST   13.687   394.4   0.86   4.34   4.57   0     —     —  —
    17     CS   14.348   379.4   1.02   4.50   5.24   0     —     —  —
    18     CS   14.838   355.9   1.51   4.99   5.73   0     —     —  —
    19     CS   15.126   324.3   1.80   5.28   6.01   0     —     —  —
    20     CS   15.414   292.7   2.09   5.57   6.30   0     —     —  —
    21     CS   15.621   269.8   2.29   5.77   6.51   0     —     —  —
    22     CS   15.824   246.6   2.50   5.98   6.71   0     —     —  —
    23   CUST   16.043   224.7   2.71   6.19   6.93   0     —     —  —
    24     CS   16.812   195.5   2.98   6.46   7.70   0     —     —  —
    25     CS   17.073   165.5   3.24   6.72   7.96   1   b45     —  CHARGE, BRK-B45
    26   CUST   18.396   418.8   0.20   6.92   8.40   0     —     —  —
    27     CS   19.239   399.2   0.54   7.27   9.25   0     —     —  —
    28     CS   19.703   348.3   1.01   7.73   9.71   0     —     —  —
    29     CS   19.978   320.4   1.28   8.01   9.98   0     —     —  —
    30     CS   20.267   293.7   1.57   8.29  10.27   0     —     —  —
    31   CUST   20.527   264.6   1.83   8.55  10.53   0     —     —  —
    32     CS   21.193   245.5   2.00   8.72  11.20   0     —     —  —
    33   CUST   21.442   219.8   2.25   8.97  11.45   0     —     —  —
    34   CUST   22.177   195.1   2.48   9.20  12.18   0     —    r2  REST-R2
    35     CS   31.969   174.7   0.29   0.29   0.29   1   b45     —  CHARGE, BRK-B45
    36   CUST   33.324   408.1   0.11   0.41   0.90   0     —     —  —
    37     CS   34.028   386.1   0.32   0.61   1.60   0     —     —  —
    38     CS   34.241   364.9   0.53   0.82   1.81   0     —     —  —
    39     CS   34.434   341.9   0.72   1.02   2.01   0     —     —  —
    40     CS   34.537   331.2   0.83   1.12   2.11   0     —     —  —
    41     CS   34.903   308.0   1.19   1.49   2.48   0     —     —  —
    42     CS   35.153   277.9   1.44   1.73   2.73   0     —     —  —
    43     CS   35.458   252.2   1.75   2.04   3.03   0     —     —  —
    44     CS   35.753   233.5   2.04   2.34   3.33   0     —     —  —
    45     CS   35.973   211.0   2.26   2.56   3.55   0     —     —  —
    46     CS   36.260   192.0   2.55   2.84   3.83   0     —     —  —
    47     CS   36.558   165.2   2.85   3.14   4.13   0     —     —  —
    48     CS   36.891   140.2   3.18   3.47   4.46   0     —     —  —
[10/33] RshortCmanyTlarge_10         labelled   19 states in  16.7 min
  ScenarioTracker saved: /mnt/beegfs/users/celinep/ChargeAndBreak/ML/logs/RshortCfewTtight_13_DAGGER1_S1_H24_20260821_214356_scenarios.json

  === SIMULATION TRAJECTORY ===
  stop   type    t_arr     soc     cd     sd     sw   y   brk   rst  action
  ───────────────────────────────────────────────────────────────────────────────────────────────
     0   ORIG    8.000   500.0   0.00   0.00   0.00   0     —     —  —
     1     CS    8.242   474.8   0.24   0.24   0.24   0     —     —  —
     2     CS    8.557   453.6   0.56   0.56   0.56   0     —     —  —
     3     CS    8.791   427.7   0.79   0.79   0.79   0     —     —  —
     4     CS    9.028   399.6   1.03   1.03   1.03   0     —     —  —
     5     CS    9.274   372.4   1.27   1.27   1.27   0     —     —  —
     6     CS    9.585   349.4   1.59   1.59   1.59   0     —     —  —
     7     CS    9.786   326.8   1.79   1.79   1.79   0     —     —  —
     8     CS    9.987   304.1   1.99   1.99   1.99   0     —     —  —
     9     CS   10.214   283.6   2.21   2.21   2.21   1   b45     —  CHARGE, BRK-B45
    10     CS   11.482   439.5   0.30   2.51   2.73   0     —     —  —
    11     CS   11.791   408.4   0.60   2.82   3.04   0     —     —  —
    12   CUST   12.087   376.3   0.90   3.11   3.34   0     —     —  —
    13     CS   12.843   348.9   1.16   3.37   4.09   0     —     —  —
    14     CS   12.962   334.9   1.27   3.49   4.21   0     —     —  —
    15     CS   13.192   309.3   1.50   3.72   4.44   0     —     —  —
    16     CS   13.418   283.2   1.73   3.95   4.67   0     —     —  —
    17     CS   13.657   258.3   1.97   4.18   4.91   0     —     —  —
    18     CS   13.883   232.3   2.20   4.41   5.13   0     —     —  —
    19     CS   14.146   204.2   2.46   4.67   5.40   0     —     —  —
    20     CS   14.396   175.1   2.71   4.92   5.65   0     —     —  —
    21     CS   14.643   145.6   2.96   5.17   5.89   1   b45     —  CHARGE, BRK-B45
    22     CS   16.167   418.9   0.29   5.46   6.43   0     —     —  —
    23     CS   16.458   386.3   0.58   5.75   6.72   0     —     —  —
    24     CS   16.681   361.8   0.80   5.97   6.95   0     —     —  —
    25     CS   16.919   338.5   1.04   6.21   7.18   0     —     —  —
    26     CS   17.153   314.9   1.27   6.44   7.42   0     —     —  —
    27     CS   17.524   296.5   1.64   6.81   7.79   0     —     —  —
    28     CS   17.799   269.4   1.92   7.09   8.06   0     —     —  —
    29     CS   18.060   241.3   2.18   7.35   8.32   0     —     —  —
    30     CS   18.307   211.8   2.43   7.60   8.57   0     —     —  —
    31     CS   18.561   183.0   2.68   7.85   8.83   1   b45     —  CHARGE, BRK-B45
    32     CS   19.793   383.1   0.27   8.12   9.31   0     —     —  —
    33     CS   20.146   359.4   0.62   8.47   9.66   0     —     —  —
    34   CUST   20.424   331.9   0.90   8.75   9.94   0     —    r2  REST-R2
    35     CS   30.223   310.9   0.30   0.30   0.30   0     —     —  —
    36   CUST   30.677   258.9   0.75   0.75   0.75   0     —     —  —
    37     CS   31.569   215.6   1.15   1.15   1.65   0     —     —  —
    38     CS   31.976   171.2   1.55   1.55   2.05   1   b45     —  CHARGE, BRK-B45
    39     CS   33.166   316.0   0.25   1.81   2.49   0     —     —  —
    40     CS   33.423   291.3   0.51   2.06   2.75   0     —     —  —
    41     CS   33.653   264.5   0.74   2.29   2.98   0     —     —  —
    42     CS   33.882   237.5   0.97   2.52   3.21   0     —     —  —
    43     CS   34.093   213.4   1.18   2.73   3.42   0     —     —  —
    44     CS   34.314   190.3   1.40   2.95   3.64   0     —     —  —
    45     CS   34.526   166.3   1.61   3.17   3.85   0     —     —  —
[11/33] RshortCfewTtight_13          labelled    8 states in  12.1 min
  ScenarioTracker saved: /mnt/beegfs/users/celinep/ChargeAndBreak/ML/logs/RlongCmediumTlarge_7_DAGGER1_S1_H24_20260821_215604_scenarios.json

  === SIMULATION TRAJECTORY ===
  stop   type    t_arr     soc     cd     sd     sw   y   brk   rst  action
  ───────────────────────────────────────────────────────────────────────────────────────────────
     0   ORIG    8.000   500.0   0.00   0.00   0.00   0     —     —  —
     1     CS    8.229   473.6   0.23   0.23   0.23   0     —     —  —
     2     CS    8.483   449.3   0.48   0.48   0.48   0     —     —  —
     3     CS    8.728   424.3   0.73   0.73   0.73   0     —     —  —
     4     CS    8.996   401.4   1.00   1.00   1.00   0     —     —  —
     5     CS    9.303   380.3   1.30   1.30   1.30   0     —     —  —
     6     CS    9.536   354.9   1.54   1.54   1.54   0     —     —  —
     7     CS    9.763   329.0   1.76   1.76   1.76   0     —     —  —
     8     CS   10.111   298.5   2.11   2.11   2.11   0     —     —  —
     9     CS   10.367   275.7   2.37   2.37   2.37   0     —     —  —
    10     CS   10.600   251.3   2.60   2.60   2.60   0     —     —  —
    11     CS   10.820   225.6   2.82   2.82   2.82   1   b45     —  CHARGE, BRK-B45
    12     CS   12.561   443.8   0.43   3.25   3.74   0     —     —  —
    13     CS   12.810   415.3   0.68   3.50   3.99   0     —     —  —
    14     CS   13.056   386.6   0.93   3.75   4.23   0     —     —  —
    15     CS   13.301   362.1   1.17   3.99   4.48   0     —     —  —
    16     CS   13.537   337.0   1.41   4.23   4.72   0     —     —  —
    17     CS   13.767   311.3   1.64   4.46   4.95   0     —     —  —
    18     CS   14.007   286.5   1.88   4.70   5.19   0     —     —  —
    19     CS   14.212   262.7   2.08   4.90   5.39   0     —     —  —
    20     CS   14.429   239.9   2.30   5.12   5.61   0     —     —  —
    21     CS   14.638   216.4   2.51   5.33   5.82   0     —     —  —
    22     CS   14.870   188.7   2.74   5.56   6.05   0     —     —  —
    23     CS   15.111   161.8   2.98   5.80   6.29   0     —     —  —
    24     CS   15.376   136.9   3.25   6.07   6.55   1   b45     —  CHARGE, BRK-B45
    25     CS   17.003   374.1   0.45   6.52   7.29   0     —     —  —
    26     CS   17.281   345.7   0.73   6.80   7.57   0     —     —  —
    27     CS   17.626   321.0   1.08   7.14   7.92   0     —     —  —
    28     CS   17.916   293.5   1.37   7.43   8.21   0     —     —  —
    29     CS   18.241   268.0   1.69   7.76   8.53   0     —     —  —
    30     CS   18.717   219.1   2.17   8.23   9.01   0     —     —  —
    31     CS   19.036   196.8   2.49   8.55   9.33   0     —     —  —
    32     CS   19.396   175.8   2.85   8.91   9.69   0     —     —  —
    33     CS   19.680   151.9   3.13   9.20   9.97   0     —     —  —
    34     CS   19.987   129.1   3.44   9.50  10.28   1     —    r2  CHARGE, REST-R2
    35     CS   30.444   299.6   0.45   0.45   0.45   0     —     —  —
    36     CS   30.704   272.8   0.71   0.71   0.71   0     —     —  —
    37     CS   30.953   245.2   0.96   0.96   0.96   0     —     —  —
    38     CS   31.200   217.3   1.20   1.20   1.20   0     —     —  —
    39     CS   31.507   188.3   1.51   1.51   1.51   0     —     —  —
    40     CS   31.786   157.1   1.79   1.79   1.79   1   b45     —  CHARGE, BRK-B45
    41     CS   33.127   398.6   0.25   2.04   2.30   0     —     —  —
    42     CS   33.404   371.6   0.53   2.32   2.57   0     —     —  —
    43     CS   33.650   342.1   0.77   2.56   2.82   0     —     —  —
    44     CS   33.911   313.9   1.04   2.83   3.08   0     —     —  —
    45     CS   34.283   276.7   1.41   3.20   3.45   0     —     —  —
    46     CS   34.531   253.6   1.66   3.45   3.70   0     —     —  —
    47     CS   34.775   230.2   1.90   3.69   3.95   0     —     —  —
    48     CS   35.004   205.6   2.13   3.92   4.17   0     —     —  —
    49   CUST   35.224   180.2   2.35   4.14   4.40   0     —     —  —
    50     CS   36.003   147.1   2.63   4.42   5.17   0     —     —  —
    51     CS   36.298   115.5   2.92   4.71   5.47   1   b45     —  CHARGE, BRK-B45
    52     CS   37.815   407.0   0.09   4.80   6.09   0     —     —  —
    53     CS   38.071   379.2   0.35   5.06   6.35   0     —     —  —
    54     CS   38.324   351.1   0.60   5.31   6.60   0     —     —  —
    55     CS   38.584   323.6   0.86   5.57   6.86   0     —     —  —
    56     CS   38.810   297.7   1.08   5.80   7.08   0     —     —  —
    57     CS   39.034   271.7   1.31   6.02   7.31   0     —     —  —
    58     CS   39.277   247.3   1.55   6.26   7.55   0     —     —  —
    59     CS   39.544   218.5   1.82   6.53   7.82   0     —     —  —
    60     CS   39.806   189.2   2.08   6.79   8.08   0     —     —  —
    61     CS   40.037   163.8   2.31   7.02   8.31   0     —     —  —
    62     CS   40.287   139.9   2.56   7.27   8.56   0     —     —  —
    63     CS   40.541   116.3   2.82   7.53   8.82   1   b45     —  CHARGE, BRK-B45
    64     CS   41.840   353.0   0.28   7.80   9.36   0     —     —  —
    65     CS   42.095   323.1   0.53   8.06   9.61   0     —     —  —
    66     CS   42.354   293.5   0.79   8.32   9.87   0     —     —  —
    67     CS   42.634   265.8   1.07   8.60  10.15   0     —     —  —
    68     CS   42.886   238.0   1.32   8.85  10.41   0     —    r2  REST-R2
    69     CS   52.331   212.2   0.28   0.28   0.28   0     —     —  —
    70     CS   52.620   185.1   0.57   0.57   0.57   0     —     —  —
    71     CS   52.889   156.5   0.84   0.84   0.84   1   b45     —  CHARGE, BRK-B45
    72     CS   54.189   375.2   0.27   1.11   1.39   0     —     —  —
    73     CS   54.488   347.7   0.57   1.41   1.69   0     —     —  —
    74     CS   54.769   318.9   0.85   1.69   1.97   0     —     —  —
    75     CS   55.024   290.2   1.11   1.94   2.22   0     —     —  —
    76     CS   55.287   262.2   1.37   2.21   2.48   0     —     —  —
    77     CS   55.551   234.2   1.63   2.47   2.75   0     —     —  —
    78     CS   55.801   205.1   1.88   2.72   3.00   0     —     —  —
    79     CS   56.453   169.3   2.54   3.37   3.65   1   b45     —  CHARGE, BRK-B45
    80     CS   57.925   410.0   0.28   3.65   4.27   0     —     —  —
    81     CS   58.205   381.1   0.56   3.93   4.55   0     —     —  —
    82     CS   58.475   351.3   0.83   4.20   4.82   0     —     —  —
    83     CS   58.682   326.9   1.03   4.41   5.03   0     —     —  —
    84     CS   58.893   302.8   1.25   4.62   5.24   0     —     —  —
    85   CUST   59.125   280.5   1.48   4.85   5.47   0     —     —  —
    86     CS   59.845   259.8   1.70   5.07   6.19   0     —     —  —
    87     CS   60.045   237.4   1.90   5.27   6.39   0     —     —  —
    88     CS   60.241   214.8   2.09   5.47   6.58   0     —     —  —
    89     CS   60.449   190.0   2.30   5.67   6.79   1   b45     —  CHARGE, BRK-B45
    90     CS   61.910   422.1   0.31   5.98   7.41   0     —     —  —
    91     CS   62.169   392.1   0.56   6.24   7.67   0     —     —  —
    92   CUST   62.433   362.6   0.83   6.50   7.93   0     —     —  —
    93     CS   63.241   333.2   1.14   6.81   8.74   0     —     —  —
    94     CS   63.626   307.5   1.52   7.20   9.13   0     —     —  —
    95     CS   63.726   296.6   1.62   7.30   9.23   0     —     —  —
    96     CS   64.183   246.1   2.08   7.75   9.68   0     —     —  —
    97     CS   64.476   213.8   2.37   8.05   9.98   0     —     —  —
    98     CS   64.795   183.6   2.69   8.36  10.30   1   b45     —  CHARGE, BRK-B45
    99     CS   66.006   392.5   0.25   8.62  10.76   0     —     —  —
   100     CS   66.258   363.5   0.51   8.87  11.01   0     —    r2  REST-R2
   101     CS   75.671   334.0   0.25   0.25   0.25   0     —     —  —
   102     CS   75.929   305.5   0.50   0.50   0.50   0     —     —  —
   103     CS   76.313   264.9   0.89   0.89   0.89   0     —     —  —
   104     CS   76.608   234.4   1.18   1.18   1.18   0     —     —  —
   105     CS   76.901   203.8   1.48   1.48   1.48   0     —     —  —
   106     CS   77.386   180.6   1.96   1.96   1.96   0     —     —  —
   107     CS   77.699   151.5   2.27   2.27   2.27   0     —     —  —
   108     CS   78.186   109.6   2.76   2.76   2.76   1   b45     —  CHARGE, BRK-B45
   109     CS   79.672   399.2   0.29   3.05   3.28   0     —     —  —
   110     CS   79.953   369.3   0.57   3.34   3.56   0     —     —  —
   111     CS   80.205   345.5   0.83   3.59   3.81   0     —     —  —
   112     CS   80.427   319.3   1.05   3.81   4.03   0     —     —  —
   113     CS   80.663   294.4   1.28   4.05   4.27   0     —     —  —
   114     CS   80.900   266.3   1.52   4.28   4.50   0     —     —  —
   115     CS   81.193   242.4   1.81   4.58   4.80   0     —     —  —
   116     CS   81.447   215.9   2.07   4.83   5.05   1   b45     —  CHARGE, BRK-B45
   117     CS   82.812   387.4   0.26   5.09   5.67   0     —     —  —
   118     CS   83.176   365.0   0.62   5.45   6.03   0     —     —  —
   119     CS   83.428   336.5   0.87   5.70   6.28   0     —     —  —
   120     CS   83.672   307.4   1.12   5.95   6.53   0     —     —  —
   121   CUST   84.177   258.6   1.62   6.45   7.03   0     —     —  —
   122   CUST   84.867   249.5   1.81   6.64   7.72   0     —     —  —
   123     CS   85.755   204.5   2.20   7.03   8.61   0     —     —  —
   124   CUST   85.962   186.3   2.41   7.24   8.82   0     —     —  —
   125     CS   86.490   183.0   2.44   7.27   9.34   1     —    r1  CHARGE, REST-R1
   126     CS   98.661   343.5   0.34   0.34   0.34   0     —     —  —
   127     CS   98.931   325.2   0.61   0.61   0.61   0     —     —  —
   128     CS   99.131   302.9   0.81   0.81   0.81   0     —     —  —
   129     CS   99.418   272.4   1.10   1.10   1.10   0     —     —  —
   130     CS   99.730   243.7   1.41   1.41   1.41   0     —     —  —
   131     CS  100.029   214.1   1.71   1.71   1.71   0     —     —  —
   132     CS  100.319   183.8   2.00   2.00   2.00   0     —     —  —
   133     CS  100.596   152.4   2.28   2.28   2.28   1   b45     —  CHARGE, BRK-B45
   134     CS  102.077   416.9   0.31   2.59   2.81   0     —     —  —
   135     CS  102.387   385.9   0.62   2.90   3.12   0     —     —  —
   136     CS  102.676   353.2   0.91   3.19   3.41   0     —     —  —
   137     CS  102.942   327.6   1.17   3.45   3.68   0     —     —  —
   138     CS  103.181   299.8   1.41   3.69   3.92   0     —     —  —
   139     CS  103.425   272.5   1.66   3.94   4.16   0     —     —  —
   140     CS  103.753   242.8   1.99   4.26   4.49   0     —     —  —
   141     CS  104.062   211.8   2.29   4.57   4.80   0     —     —  —
   142     CS  104.357   179.6   2.59   4.87   5.09   0     —     —  —
   143     CS  104.693   139.3   2.93   5.20   5.43   1   b45     —  CHARGE, BRK-B45
   144     CS  105.999   383.7   0.26   5.46   5.93   0     —     —  —
   145     CS  106.249   353.8   0.51   5.71   6.18   0     —     —  —
   146     CS  106.518   325.8   0.78   5.98   6.44   0     —     —  —
   147     CS  106.777   296.8   1.04   6.24   6.70   0     —     —  —
   148     CS  107.184   248.8   1.44   6.65   7.11   0     —     —  —
   149     CS  107.432   221.1   1.69   6.89   7.36   0     —     —  —
   150     CS  107.723   196.4   1.98   7.18   7.65   0     —     —  —
   151     CS  107.963   167.9   2.22   7.43   7.89   1   b45     —  CHARGE, BRK-B45
   152     CS  109.374   376.9   0.27   7.70   8.55   0     —     —  —
   153     CS  109.660   344.7   0.56   7.99   8.84   0     —     —  —
   154     CS  110.006   316.7   0.91   8.33   9.18   0     —     —  —
   155     CS  110.401   279.1   1.30   8.73   9.58   0     —     —  —
   156     CS  110.729   249.4   1.63   9.05   9.91   0     —     —  —
   157     CS  111.093   221.7   1.99   9.42  10.27   0     —    r1  REST-R1
   158     CS  122.580   191.6   0.32   0.32   0.32   0     —     —  —
   159     CS  122.873   159.2   0.61   0.61   0.61   0     —     —  —
   160     CS  123.220   130.6   0.96   0.96   0.96   1   b45     —  CHARGE, BRK-B45
   161     CS  124.612   311.7   0.33   1.29   1.60   0     —     —  —
   162     CS  124.827   286.3   0.54   1.50   1.82   0     —     —  —
   163     CS  125.046   261.4   0.76   1.72   2.04   0     —     —  —
   164     CS  125.308   239.6   1.02   1.98   2.30   0     —     —  —
   165     CS  125.596   208.4   1.31   2.27   2.59   0     —     —  —
   166     CS  125.899   178.4   1.61   2.57   2.89   0     —     —  —
   167     CS  126.184   146.9   1.90   2.86   3.17   1     —     —  CHARGE
   168     CS  127.220   279.1   2.15   3.11   4.21   0     —     —  —
   169     CS  127.463   254.0   2.39   3.35   4.45   0     —     —  —
[12/33] RlongCmediumTlarge_7         labelled   53 states in  95.7 min
  ScenarioTracker saved: /mnt/beegfs/users/celinep/ChargeAndBreak/ML/logs/RshortCmanyTmedium_5_DAGGER1_S1_H24_20260821_233146_scenarios.json

  === SIMULATION TRAJECTORY ===
  stop   type    t_arr     soc     cd     sd     sw   y   brk   rst  action
  ───────────────────────────────────────────────────────────────────────────────────────────────
     0   ORIG    8.000   500.0   0.00   0.00   0.00   0     —     —  —
     1     CS    8.326   479.1   0.33   0.33   0.33   0     —     —  —
     2     CS    8.561   453.4   0.56   0.56   0.56   0     —     —  —
     3     CS    8.795   427.4   0.79   0.79   0.79   0     —     —  —
     4     CS    9.082   401.2   1.08   1.08   1.08   0     —     —  —
     5     CS    9.354   374.0   1.35   1.35   1.35   0     —     —  —
     6     CS    9.612   345.5   1.61   1.61   1.61   0     —     —  —
     7     CS   10.084   298.6   2.08   2.08   2.08   0     —     —  —
     8     CS   10.337   273.5   2.34   2.34   2.34   0     —     —  —
     9     CS   10.590   248.4   2.59   2.59   2.59   0     —     —  —
    10   CUST   10.821   221.4   2.82   2.82   2.82   0     —     —  —
    11   CUST   11.478   203.8   2.98   2.98   3.48   0     —     —  —
    12   CUST   12.137   185.2   3.14   3.14   4.14   0     —     —  —
    13   CUST   12.682   181.9   3.18   3.18   4.68   0     —     —  —
    14     CS   13.578   135.3   3.58   3.58   5.58   1   b45     —  CHARGE, BRK-B45
    15   CUST   14.811   417.2   0.07   3.64   5.93   0     —     —  —
    16     CS   15.555   388.7   0.31   3.89   6.68   0     —     —  —
    17     CS   15.943   342.5   0.70   4.28   7.07   0     —     —  —
    18     CS   16.285   313.6   1.04   4.62   7.41   0     —     —  —
    19     CS   16.733   288.7   1.49   5.07   7.86   0     —     —  —
    20   CUST   17.016   255.4   1.77   5.35   8.14   0     —     —  —
    21     CS   17.815   224.1   2.07   5.65   8.94   0     —     —  —
    22     CS   18.093   190.9   2.35   5.93   9.22   0     —     —  —
    23     CS   18.156   183.7   2.41   5.99   9.28   1   b45     —  CHARGE, BRK-B45
    24     CS   19.365   386.8   0.20   6.19   9.74   0     —     —  —
    25     CS   19.600   366.0   0.44   6.43   9.97   0     —     —  —
    26     CS   19.799   342.4   0.64   6.63  10.17   0     —     —  —
    27     CS   20.092   317.8   0.93   6.92  10.46   0     —     —  —
    28     CS   20.337   289.8   1.18   7.17  10.71   0     —     —  —
    29   CUST   20.591   262.6   1.43   7.42  10.96   0     —    r2  REST-R2
    30     CS   30.336   235.7   0.25   0.25   0.25   0     —     —  —
    31     CS   30.590   209.6   0.50   0.50   0.50   0     —     —  —
    32     CS   30.897   186.6   0.81   0.81   0.81   0     —     —  —
    33   CUST   31.025   173.5   0.93   0.93   0.93   0     —     —  —
    34     CS   31.776   145.5   1.18   1.18   1.68   1   b45     —  CHARGE, BRK-B45
    35   CUST   32.962   329.0   0.25   1.44   2.12   0     —     —  —
    36   CUST   33.722   311.5   0.51   1.70   2.88   0     —     —  —
    37     CS   34.354   297.6   0.64   1.83   3.51   0     —     —  —
    38     CS   34.678   259.8   0.97   2.15   3.84   0     —     —  —
    39     CS   34.938   230.7   1.23   2.41   4.10   0     —     —  —
    40     CS   35.199   201.8   1.49   2.67   4.36   0     —     —  —
    41     CS   35.471   173.7   1.76   2.94   4.63   0     —     —  —
    42     CS   35.767   143.9   2.06   3.24   4.93   0     —     —  —
[13/33] RshortCmanyTmedium_5         labelled   13 states in  11.5 min
    [warn] teacher query failed @18: Solver failed to locate input problem file: /tmp/tmpexb06kzz.pyomo.lp
  ScenarioTracker saved: /mnt/beegfs/users/celinep/ChargeAndBreak/ML/logs/RlongCfewTnone_17_DAGGER1_S1_H24_20260821_234314_scenarios.json

  === SIMULATION TRAJECTORY ===
  stop   type    t_arr     soc     cd     sd     sw   y   brk   rst  action
  ───────────────────────────────────────────────────────────────────────────────────────────────
     0   ORIG    8.000   500.0   0.00   0.00   0.00   0     —     —  —
     1     CS    8.250   475.4   0.25   0.25   0.25   0     —     —  —
     2     CS    8.478   448.9   0.48   0.48   0.48   0     —     —  —
     3     CS    8.745   425.5   0.75   0.75   0.75   0     —     —  —
     4     CS    8.987   398.7   0.99   0.99   0.99   0     —     —  —
     5     CS    9.234   372.4   1.23   1.23   1.23   0     —     —  —
     6     CS    9.472   345.3   1.47   1.47   1.47   0     —     —  —
     7     CS    9.815   325.9   1.82   1.82   1.82   0     —     —  —
     8     CS   10.040   300.7   2.04   2.04   2.04   0     —     —  —
     9     CS   10.273   276.3   2.27   2.27   2.27   0     —     —  —
    10     CS   10.509   252.1   2.51   2.51   2.51   0     —     —  —
    11     CS   10.748   228.1   2.75   2.75   2.75   0     —     —  —
    12     CS   10.976   203.2   2.98   2.98   2.98   0     —     —  —
    13     CS   11.258   171.5   3.26   3.26   3.26   0     —     —  —
    14     CS   11.530   138.6   3.53   3.53   3.53   0     —     —  —
    15     CS   11.802   106.0   3.80   3.80   3.80   1   b45     —  CHARGE, BRK-B45
    16     CS   13.177   383.2   0.30   4.10   4.30   0     —     —  —
    17     CS   13.427   354.8   0.55   4.35   4.55   0     —     —  —
    18     CS   13.677   326.5   0.80   4.60   4.80   0     —     —  —
    19     CS   13.919   300.1   1.04   4.84   5.04   0     —     —  —
    20     CS   14.151   272.8   1.27   5.07   5.27   0     —     —  —
    21     CS   14.415   248.7   1.53   5.34   5.53   0     —     —  —
    22     CS   14.686   224.9   1.80   5.61   5.80   0     —     —  —
    23     CS   14.915   197.9   2.03   5.84   6.03   0     —     —  —
    24     CS   15.172   173.3   2.29   6.09   6.29   1   b45     —  CHARGE, BRK-B45
    25     CS   16.345   386.5   0.23   6.32   6.71   0     —     —  —
    26     CS   16.574   360.9   0.45   6.55   6.94   0     —     —  —
    27     CS   16.824   337.1   0.71   6.80   7.19   0     —     —  —
    28     CS   17.122   308.5   1.00   7.10   7.49   0     —     —  —
    29     CS   17.450   281.7   1.33   7.42   7.82   0     —     —  —
    30     CS   17.679   256.2   1.56   7.65   8.05   0     —     —  —
    31     CS   17.924   231.9   1.81   7.90   8.29   0     —     —  —
    32     CS   18.164   207.2   2.04   8.14   8.53   0     —     —  —
    33     CS   18.380   182.1   2.26   8.35   8.75   0     —     —  —
    34     CS   18.597   157.0   2.48   8.57   8.97   0     —     —  —
    35     CS   18.822   132.6   2.70   8.80   9.19   0     —     —  —
    36     CS   19.043   107.8   2.92   9.02   9.41   1   b45     —  CHARGE, BRK-B45
    37     CS   20.642   407.5   0.29   9.30   9.99   0     —     —  —
    38     CS   20.911   376.5   0.55   9.57  10.26   0     —     —  —
    39     CS   21.191   344.6   0.84   9.85  10.54   0     —    r2  REST-R2
    40     CS   30.635   312.3   0.28   0.28   0.28   0     —     —  —
    41     CS   30.922   281.0   0.56   0.56   0.56   0     —     —  —
    42     CS   31.260   253.9   0.90   0.90   0.90   0     —     —  —
    43     CS   31.538   222.5   1.18   1.18   1.18   0     —     —  —
    44     CS   31.811   190.7   1.45   1.45   1.45   0     —     —  —
    45     CS   32.096   160.0   1.74   1.74   1.74   0     —     —  —
    46     CS   32.372   128.4   2.01   2.01   2.01   1   b45     —  CHARGE, BRK-B45
    47     CS   33.786   403.3   0.26   2.28   2.50   0     —     —  —
    48     CS   34.063   376.4   0.54   2.55   2.77   0     —     —  —
    49     CS   34.408   352.2   0.88   2.90   3.12   0     —     —  —
    50     CS   34.767   328.5   1.24   3.26   3.48   0     —     —  —
    51     CS   34.976   304.2   1.45   3.47   3.69   0     —     —  —
    52     CS   35.214   282.2   1.69   3.70   3.92   0     —     —  —
    53   CUST   35.424   258.1   1.90   3.91   4.13   0     —     —  —
    54     CS   36.051   247.0   2.03   4.04   4.76   0     —     —  —
    55     CS   36.262   222.5   2.24   4.25   4.97   0     —     —  —
    56     CS   36.482   198.8   2.46   4.47   5.19   0     —     —  —
    57   CUST   36.701   175.1   2.68   4.69   5.41   0     —     —  —
    58     CS   37.207   174.5   2.68   4.70   5.92   1   b45     —  CHARGE, BRK-B45
    59     CS   38.484   399.6   0.26   4.95   6.41   0     —     —  —
    60     CS   38.734   371.6   0.51   5.20   6.66   0     —     —  —
    61     CS   38.991   344.2   0.76   5.46   6.92   0     —     —  —
    62     CS   39.227   320.0   1.00   5.70   7.16   0     —     —  —
    63     CS   39.449   294.6   1.22   5.92   7.38   0     —     —  —
    64     CS   39.679   269.9   1.45   6.15   7.61   0     —     —  —
    65     CS   39.915   241.8   1.69   6.39   7.85   0     —     —  —
    66     CS   40.165   215.0   1.94   6.64   8.10   0     —     —  —
    67     CS   40.511   193.2   2.28   6.98   8.44   1   b45     —  CHARGE, BRK-B45
    68     CS   41.961   399.3   0.31   7.29   9.14   0     —     —  —
    69     CS   42.213   374.4   0.56   7.54   9.39   0     —     —  —
    70     CS   42.465   349.4   0.81   7.79   9.64   0     —     —  —
    71     CS   42.699   322.9   1.05   8.03   9.88   0     —     —  —
    72     CS   42.979   299.5   1.33   8.31  10.16   0     —     —  —
    73     CS   43.321   278.7   1.67   8.65  10.50   0     —     —  —
    74     CS   43.550   251.5   1.90   8.88  10.73   0     —     —  —
    75     CS   43.935   208.6   2.28   9.26  11.12   0     —     —  —
    76     CS   44.205   182.6   2.55   9.53  11.38   0     —    r2  REST-R2
    77     CS   53.635   156.2   0.26   0.26   0.26   0     —     —  —
    78     CS   53.888   128.9   0.52   0.52   0.52   1   b45     —  CHARGE, BRK-B45
    79     CS   55.412   419.1   0.29   0.81   1.06   0     —     —  —
    80     CS   55.678   395.6   0.55   1.07   1.32   0     —     —  —
    81     CS   55.906   369.1   0.78   1.30   1.55   0     —     —  —
    82     CS   56.142   344.9   1.02   1.54   1.79   0     —     —  —
    83     CS   56.379   320.8   1.26   1.77   2.03   0     —     —  —
    84     CS   56.635   298.0   1.51   2.03   2.28   0     —     —  —
    85     CS   56.876   272.7   1.75   2.27   2.52   0     —     —  —
    86     CS   57.126   248.1   2.00   2.52   2.77   0     —     —  —
    87     CS   57.354   221.6   2.23   2.75   3.00   0     —     —  —
    88     CS   57.581   197.4   2.46   2.98   3.23   0     —     —  —
    89     CS   57.811   173.5   2.69   3.21   3.46   0     —     —  —
    90     CS   58.064   151.2   2.94   3.46   3.71   0     —     —  —
    91     CS   58.298   127.6   3.18   3.69   3.95   1   b45     —  CHARGE, BRK-B45
    92     CS   59.830   416.0   0.23   3.92   4.52   0     —     —  —
    93     CS   60.033   393.6   0.43   4.13   4.72   0     —     —  —
    94     CS   60.378   376.9   0.78   4.47   5.06   0     —     —  —
    95     CS   60.623   349.7   1.02   4.72   5.31   0     —     —  —
    96     CS   60.878   323.3   1.28   4.97   5.57   0     —     —  —
    97     CS   61.138   297.3   1.54   5.23   5.83   0     —     —  —
    98     CS   61.398   271.2   1.80   5.49   6.08   0     —     —  —
    99     CS   61.694   247.5   2.10   5.79   6.38   0     —     —  —
   100     CS   61.922   222.3   2.32   6.02   6.61   0     —     —  —
   101     CS   62.151   197.1   2.55   6.24   6.84   0     —     —  —
   102     CS   62.389   172.6   2.79   6.48   7.08   0     —     —  —
   103   CUST   62.611   146.8   3.01   6.71   7.30   0     —     —  —
   104     CS   63.438   111.7   3.34   7.03   8.13   1   b45     —  CHARGE, BRK-B45
   105     CS   65.143   409.8   0.24   7.28   8.82   0     —     —  —
   106     CS   65.374   384.2   0.48   7.51   9.05   0     —     —  —
   107     CS   65.601   358.2   0.70   7.73   9.27   0     —     —  —
   108     CS   65.996   339.2   1.10   8.13   9.67   0     —     —  —
   109     CS   66.224   313.4   1.33   8.36   9.90   0     —     —  —
   110     CS   66.426   290.9   1.53   8.56  10.10   0     —     —  —
   111     CS   66.622   267.7   1.72   8.76  10.29   0     —    r2  REST-R2
   112     CS   76.023   247.6   0.23   0.23   0.23   0     —     —  —
   113     CS   76.225   224.2   0.44   0.44   0.44   0     —     —  —
   114     CS   76.425   200.7   0.64   0.64   0.64   0     —     —  —
   115     CS   76.648   179.2   0.86   0.86   0.86   0     —     —  —
   116     CS   76.869   155.3   1.08   1.08   1.08   0     —     —  —
   117     CS   77.086   130.9   1.30   1.30   1.30   0     —     —  —
   118     CS   77.304   106.7   1.52   1.52   1.52   1   b45     —  CHARGE, BRK-B45
   119     CS   78.680   396.0   0.23   1.74   1.94   0     —     —  —
   120     CS   78.936   371.8   0.48   2.00   2.20   0     —     —  —
   121     CS   79.175   346.4   0.72   2.24   2.43   0     —     —  —
   122     CS   79.424   321.7   0.97   2.48   2.68   0     —     —  —
   123     CS   79.651   295.1   1.20   2.71   2.91   0     —     —  —
   124     CS   79.876   268.4   1.42   2.94   3.14   0     —     —  —
   125     CS   80.103   241.7   1.65   3.16   3.36   0     —     —  —
   126     CS   80.479   198.1   2.02   3.54   3.74   1   b45     —  CHARGE, BRK-B45
   127     CS   81.806   423.8   0.26   3.80   4.22   0     —     —  —
   128     CS   82.069   395.3   0.52   4.06   4.49   0     —     —  —
   129     CS   82.335   366.9   0.79   4.33   4.75   0     —     —  —
   130     CS   82.605   338.9   1.06   4.60   5.02   0     —     —  —
   131     CS   82.825   316.4   1.28   4.82   5.24   0     —     —  —
   132     CS   83.032   292.8   1.48   5.02   5.45   0     —     —  —
   133     CS   83.241   269.4   1.69   5.23   5.66   0     —     —  —
   134     CS   83.471   243.8   1.92   5.46   5.89   0     —     —  —
   135     CS   83.707   218.9   2.16   5.70   6.13   0     —     —  —
   136     CS   83.939   193.6   2.39   5.93   6.36   0     —     —  —
   137     CS   84.224   162.8   2.67   6.21   6.64   0     —     —  —
   138     CS   84.508   132.1   2.96   6.50   6.93   1   b45     —  CHARGE, BRK-B45
   139     CS   85.958   404.3   0.30   6.80   7.44   0     —     —  —
   140     CS   86.244   373.7   0.59   7.09   7.73   0     —     —  —
   141     CS   86.514   341.5   0.86   7.36   8.00   0     —     —  —
   142     CS   86.801   311.0   1.14   7.64   8.28   0     —     —  —
   143     CS   87.258   287.6   1.60   8.10   8.74   0     —     —  —
   144     CS   87.541   255.5   1.88   8.38   9.03   0     —     —  —
   145     CS   87.830   224.0   2.17   8.67   9.31   0     —     —  —
   146     CS   88.069   197.4   2.41   8.91   9.55   0     —    r1  REST-R1
   147     CS   99.481   171.3   0.25   0.25   0.25   0     —     —  —
   148     CS   99.736   146.0   0.50   0.50   0.50   0     —     —  —
   149     CS   99.982   119.9   0.75   0.75   0.75   1   b45     —  CHARGE, BRK-B45
   150     CS  101.360   396.2   0.27   1.01   1.23   0     —     —  —
   151     CS  101.615   373.4   0.52   1.27   1.49   0     —     —  —
   152     CS  101.837   347.9   0.74   1.49   1.71   0     —     —  —
   153     CS  102.083   319.2   0.99   1.74   1.96   0     —     —  —
   154     CS  102.429   296.3   1.34   2.08   2.30   0     —     —  —
   155     CS  102.693   269.2   1.60   2.35   2.57   0     —     —  —
   156     CS  102.931   242.5   1.84   2.58   2.80   0     —     —  —
   157     CS  103.191   217.5   2.10   2.84   3.06   1   b45     —  CHARGE, BRK-B45
   158     CS  104.622   425.0   0.45   3.29   3.74   0     —     —  —
   159     CS  104.890   395.9   0.71   3.56   4.01   0     —     —  —
   160     CS  105.223   370.9   1.05   3.89   4.34   0     —     —  —
   161     CS  105.468   351.9   1.29   4.14   4.59   0     —     —  —
   162     CS  105.660   329.2   1.48   4.33   4.78   0     —     —  —
   163     CS  105.903   310.1   1.73   4.57   5.02   0     —     —  —
   164     CS  106.136   282.9   1.96   4.80   5.25   0     —     —  —
   165     CS  106.415   259.2   2.24   5.08   5.53   0     —     —  —
   166     CS  106.653   232.4   2.48   5.32   5.77   0     —     —  —
   167     CS  106.898   206.4   2.72   5.57   6.02   0     —     —  —
   168     CS  107.382   162.4   3.21   6.05   6.50   1   b45     —  CHARGE, BRK-B45
   169     CS  108.817   391.9   0.31   6.36   7.18   0     —     —  —
   170     CS  109.105   366.4   0.60   6.65   7.46   0     —     —  —
   171     CS  109.356   338.1   0.85   6.90   7.71   0     —     —  —
   172     CS  109.591   315.2   1.09   7.14   7.95   0     —     —  —
   173     CS  109.806   290.8   1.30   7.35   8.16   0     —     —  —
   174     CS  110.085   270.4   1.58   7.63   8.44   1     —    r1  CHARGE, REST-R1
   175     CS  122.344   421.5   0.28   0.28   0.28   0     —     —  —
   176     CS  122.631   390.9   0.57   0.57   0.57   0     —     —  —
   177     CS  122.913   359.9   0.85   0.85   0.85   0     —     —  —
   178     CS  123.240   334.7   1.18   1.18   1.18   0     —     —  —
   179     CS  123.526   307.0   1.47   1.47   1.47   0     —     —  —
   180     CS  123.833   280.7   1.77   1.77   1.77   0     —     —  —
   181     CS  124.062   256.7   2.00   2.00   2.00   0     —     —  —
   182     CS  124.293   232.8   2.23   2.23   2.23   0     —     —  —
   183     CS  124.520   208.6   2.46   2.46   2.46   0     —     —  —
   184     CS  124.811   179.1   2.75   2.75   2.75   0     —     —  —
   185     CS  125.090   148.7   3.03   3.03   3.03   0     —     —  —
   186     CS  125.368   118.2   3.31   3.31   3.31   1     —     —  CHARGE
[14/33] RlongCfewTnone_17            labelled   75 states in 142.4 min
  ScenarioTracker saved: /mnt/beegfs/users/celinep/ChargeAndBreak/ML/logs/RlongCmanyTnone_17_DAGGER1_S1_H24_20260822_020541_scenarios.json

  === SIMULATION TRAJECTORY ===
  stop   type    t_arr     soc     cd     sd     sw   y   brk   rst  action
  ───────────────────────────────────────────────────────────────────────────────────────────────
     0   ORIG    8.000   500.0   0.00   0.00   0.00   0     —     —  —
     1     CS    8.312   478.7   0.31   0.31   0.31   0     —     —  —
     2     CS    8.614   457.0   0.61   0.61   0.61   0     —     —  —
     3     CS    8.845   430.8   0.84   0.84   0.84   0     —     —  —
     4     CS    9.115   403.3   1.11   1.11   1.11   0     —     —  —
     5     CS    9.364   374.1   1.36   1.36   1.36   0     —     —  —
     6     CS    9.615   345.0   1.62   1.62   1.62   0     —     —  —
     7     CS    9.831   324.3   1.83   1.83   1.83   0     —     —  —
     8     CS   10.048   303.7   2.05   2.05   2.05   0     —     —  —
     9     CS   10.246   281.6   2.25   2.25   2.25   0     —     —  —
    10     CS   10.580   255.4   2.58   2.58   2.58   0     —     —  —
    11     CS   10.867   226.4   2.87   2.87   2.87   0     —     —  —
    12     CS   11.139   196.1   3.14   3.14   3.14   1   b45     —  CHARGE, BRK-B45
    13     CS   12.460   418.7   0.27   3.40   3.64   0     —     —  —
    14     CS   12.725   389.8   0.53   3.67   3.90   0     —     —  —
    15     CS   12.938   365.1   0.75   3.88   4.12   0     —     —  —
    16     CS   13.195   343.7   1.00   4.14   4.37   0     —     —  —
    17     CS   13.428   320.7   1.23   4.37   4.61   0     —     —  —
    18     CS   13.704   296.8   1.51   4.65   4.88   0     —     —  —
    19     CS   13.935   269.4   1.74   4.88   5.11   0     —     —  —
    20     CS   14.164   241.8   1.97   5.11   5.34   0     —     —  —
    21     CS   14.418   216.4   2.22   5.36   5.60   0     —     —  —
    22     CS   14.630   193.2   2.44   5.58   5.81   0     —     —  —
    23     CS   14.840   169.8   2.65   5.78   6.02   0     —     —  —
    24     CS   15.046   146.1   2.85   5.99   6.23   1   b45     —  CHARGE, BRK-B45
    25     CS   16.629   414.4   0.26   6.25   6.85   0     —     —  —
    26     CS   16.917   385.0   0.55   6.54   7.14   0     —     —  —
    27     CS   17.165   356.9   0.80   6.79   7.39   0     —     —  —
    28     CS   17.405   327.9   1.04   7.03   7.63   0     —     —  —
    29     CS   17.670   301.2   1.30   7.30   7.89   0     —     —  —
    30     CS   17.941   274.9   1.57   7.57   8.16   0     —     —  —
    31     CS   18.162   251.7   1.80   7.79   8.39   0     —     —  —
    32     CS   18.404   230.1   2.04   8.03   8.63   0     —     —  —
    33     CS   18.619   206.4   2.25   8.24   8.84   0     —     —  —
    34     CS   19.332   166.4   2.97   8.96   9.56   1   b45     —  CHARGE, BRK-B45
    35     CS   20.985   440.4   0.24   9.19  10.22   0     —     —  —
    36     CS   21.293   420.1   0.55   9.50  10.53   0     —     —  —
    37     CS   21.519   395.0   0.77   9.73  10.75   0     —    r2  REST-R2
    38     CS   30.926   367.2   0.24   0.24   0.24   0     —     —  —
    39     CS   31.171   339.9   0.48   0.48   0.48   0     —     —  —
    40     CS   31.456   315.6   0.77   0.77   0.77   0     —     —  —
    41     CS   31.730   290.6   1.04   1.04   1.04   0     —     —  —
    42     CS   32.115   250.1   1.43   1.43   1.43   0     —     —  —
    43     CS   32.404   229.0   1.72   1.72   1.72   0     —     —  —
    44     CS   32.655   205.8   1.97   1.97   1.97   0     —     —  —
    45     CS   32.995   186.4   2.31   2.31   2.31   1   b45     —  CHARGE, BRK-B45
    46     CS   34.932   364.9   0.47   2.78   3.50   0     —     —  —
    47     CS   35.240   337.3   0.77   3.08   3.80   0     —     —  —
    48     CS   35.597   312.1   1.13   3.44   4.16   0     —     —  —
    49     CS   35.798   290.3   1.33   3.64   4.36   0     —     —  —
    50     CS   35.994   268.0   1.53   3.84   4.56   0     —     —  —
    51   CUST   36.184   245.2   1.72   4.03   4.75   0     —     —  —
    52   CUST   37.124   194.3   2.16   4.47   5.69   0     —     —  —
    53   CUST   37.730   182.7   2.26   4.57   6.29   0     —     —  —
    54     CS   38.452   162.4   2.49   4.80   7.02   1   b45     —  CHARGE, BRK-B45
    55   CUST   39.673   358.9   0.13   4.93   7.49   0     —     —  —
    56   CUST   40.289   350.8   0.25   5.04   8.10   0     —     —  —
    57   CUST   41.045   322.2   0.51   5.30   8.86   0     —     —  —
    58   CUST   41.654   310.8   0.61   5.41   9.47   0     —     —  —
    59     CS   42.278   296.1   0.74   5.53  10.09   0     —     —  —
    60   CUST   42.441   276.7   0.90   5.70  10.26   0     —     —  —
    61     CS   43.252   251.0   1.21   6.01  11.07   0     —     —  —
    62     CS   43.741   202.0   1.70   6.50  11.55   0     —     —  —
    63     CS   44.229   151.9   2.19   6.98  12.04   1   b45     —  CHARGE, BRK-B45
    64     CS   45.729   395.3   0.27   7.25  12.73   0     —    r2  REST-R2
    65     CS   55.153   369.0   0.26   0.26   0.26   0     —     —  —
    66     CS   55.401   342.1   0.51   0.51   0.51   0     —     —  —
    67     CS   55.659   315.9   0.76   0.76   0.76   0     —     —  —
    68     CS   55.867   294.7   0.97   0.97   0.97   0     —     —  —
    69     CS   56.064   272.4   1.17   1.17   1.17   0     —     —  —
    70     CS   56.261   250.3   1.36   1.36   1.36   1   b45     —  CHARGE, BRK-B45
    71     CS   57.497   404.8   0.27   1.63   1.85   0     —     —  —
    72     CS   57.736   379.4   0.51   1.87   2.09   0     —     —  —
    73     CS   57.975   353.9   0.75   2.11   2.33   0     —     —  —
    74     CS   58.219   328.1   0.99   2.36   2.57   0     —     —  —
    75     CS   58.465   302.4   1.24   2.60   2.82   0     —     —  —
    76     CS   58.702   276.1   1.48   2.84   3.06   0     —     —  —
    77     CS   58.987   246.9   1.76   3.12   3.34   0     —     —  —
    78     CS   59.263   216.9   2.04   3.40   3.62   0     —     —  —
    79     CS   59.536   186.7   2.31   3.67   3.89   1   b45     —  CHARGE, BRK-B45
    80     CS   60.975   363.3   0.39   4.06   4.58   0     —     —  —
    81     CS   61.247   336.0   0.66   4.33   4.85   0     —     —  —
    82     CS   61.508   307.8   0.92   4.60   5.11   0     —     —  —
    83     CS   61.761   279.0   1.17   4.85   5.37   0     —     —  —
    84     CS   62.003   252.2   1.42   5.09   5.61   0     —     —  —
    85     CS   62.271   227.4   1.68   5.36   5.87   0     —     —  —
    86     CS   62.507   200.1   1.92   5.59   6.11   0     —     —  —
    87     CS   62.810   168.7   2.22   5.90   6.41   0     —     —  —
    88     CS   63.121   137.8   2.53   6.21   6.73   1   b45     —  CHARGE, BRK-B45
    89     CS   64.451   388.5   0.24   6.45   7.23   0     —     —  —
    90     CS   64.690   361.4   0.48   6.69   7.47   0     —     —  —
    91     CS   64.926   333.8   0.71   6.92   7.70   0     —     —  —
    92     CS   65.185   308.3   0.97   7.18   7.96   0     —     —  —
    93     CS   65.655   285.7   1.44   7.65   8.43   0     —     —  —
    94     CS   65.944   256.5   1.73   7.94   8.72   0     —     —  —
    95     CS   66.182   229.1   1.97   8.18   8.96   0     —     —  —
    96     CS   66.566   208.7   2.35   8.56   9.34   0     —     —  —
    97     CS   66.823   182.9   2.61   8.82   9.60   0     —     —  —
    98     CS   67.092   158.1   2.88   9.09   9.87   0     —     —  —
    99   CUST   67.513   111.4   3.30   9.51  10.29   0     —     —  —
   100     CS   68.042   108.2   3.33   9.54  10.82   1     —    r2  CHARGE, REST-R2
   101     CS   78.372   364.6   0.22   0.22   0.22   0     —     —  —
   102     CS   78.593   338.6   0.44   0.44   0.44   0     —     —  —
   103     CS   78.820   313.3   0.67   0.67   0.67   0     —     —  —
   104     CS   79.112   288.4   0.96   0.96   0.96   0     —     —  —
   105     CS   79.398   263.1   1.25   1.25   1.25   0     —     —  —
   106     CS   79.657   235.9   1.51   1.51   1.51   0     —     —  —
   107     CS   79.922   209.2   1.77   1.77   1.77   0     —     —  —
   108     CS   80.224   175.3   2.07   2.07   2.07   1   b45     —  CHARGE, BRK-B45
   109     CS   81.480   402.2   0.21   2.29   2.55   0     —     —  —
   110     CS   81.695   376.9   0.43   2.50   2.76   0     —     —  —
   111     CS   81.913   351.8   0.65   2.72   2.98   0     —     —  —
   112     CS   82.143   327.9   0.88   2.95   3.21   0     —     —  —
   113     CS   82.431   299.6   1.16   3.24   3.50   0     —     —  —
   114     CS   82.696   269.5   1.43   3.50   3.77   0     —     —  —
   115     CS   83.030   250.9   1.76   3.84   4.10   0     —     —  —
   116     CS   83.403   233.0   2.14   4.21   4.47   0     —     —  —
   117     CS   83.618   208.5   2.35   4.43   4.69   0     —     —  —
   118     CS   83.896   185.2   2.63   4.70   4.97   0     —     —  —
   119     CS   84.127   158.4   2.86   4.93   5.20   0     —     —  —
   120     CS   84.401   134.9   3.14   5.21   5.47   0     —     —  —
   121     CS   84.642   109.0   3.38   5.45   5.71   1   b45     —  CHARGE, BRK-B45
   122     CS   86.450   450.3   0.23   5.68   6.32   0     —     —  —
   123     CS   86.666   425.0   0.45   5.90   6.53   0     —     —  —
   124     CS   86.920   402.8   0.70   6.15   6.79   0     —     —  —
   125     CS   87.121   379.4   0.90   6.35   6.99   0     —     —  —
   126     CS   87.325   356.2   1.11   6.56   7.19   0     —     —  —
   127     CS   87.565   335.7   1.35   6.80   7.43   0     —     —  —
   128     CS   87.839   309.3   1.62   7.07   7.71   0     —     —  —
   129     CS   88.111   282.8   1.89   7.34   7.98   0     —     —  —
   130   CUST   88.358   254.1   2.14   7.59   8.23   0     —     —  —
   131     CS   89.121   230.7   2.40   7.85   8.99   0     —     —  —
   132     CS   89.357   205.2   2.64   8.09   9.22   0     —     —  —
   133     CS   89.656   183.6   2.94   8.39   9.52   0     —     —  —
   134     CS   89.982   163.0   3.26   8.71   9.85   0     —     —  —
   135   CUST   89.988   162.3   3.27   8.72   9.86   0     —    r1  REST-R1
   136     CS  101.831   121.5   0.34   0.34   0.34   1   b45     —  CHARGE, BRK-B45
   137   CUST  103.159   415.9   0.07   0.42   0.76   0     —     —  —
   138     CS  104.017   374.0   0.43   0.77   1.62   0     —     —  —
   139     CS  104.213   353.0   0.63   0.97   1.82   0     —     —  —
   140     CS  104.530   327.8   0.94   1.29   2.13   0     —     —  —
   141     CS  104.804   300.0   1.22   1.56   2.41   0     —     —  —
   142     CS  105.057   270.2   1.47   1.81   2.66   0     —     —  —
   143     CS  105.307   241.0   1.72   2.06   2.91   0     —     —  —
   144     CS  105.583   214.1   2.00   2.34   3.19   0     —     —  —
   145     CS  105.863   187.4   2.28   2.62   3.47   0     —     —  —
   146     CS  106.110   157.8   2.52   2.87   3.71   1   b45     —  CHARGE, BRK-B45
   147     CS  107.675   418.2   0.26   3.13   4.40   0     —     —  —
   148     CS  107.877   394.9   0.46   3.33   4.60   0     —     —  —
   149     CS  108.146   375.8   0.73   3.60   4.87   0     —     —  —
   150     CS  108.360   352.8   0.95   3.81   5.09   0     —     —  —
   151     CS  108.593   331.2   1.18   4.05   5.32   0     —     —  —
   152     CS  108.795   307.0   1.38   4.25   5.52   0     —     —  —
   153     CS  109.037   285.3   1.62   4.49   5.76   0     —     —  —
   154     CS  109.241   260.6   1.83   4.70   5.97   0     —     —  —
   155     CS  109.466   237.8   2.05   4.92   6.19   0     —     —  —
   156     CS  109.737   205.7   2.32   5.19   6.46   0     —     —  —
   157     CS  110.033   175.9   2.62   5.49   6.76   1   b45     —  CHARGE, BRK-B45
   158     CS  111.490   395.4   0.30   5.79   7.44   0     —     —  —
   159     CS  111.778   363.4   0.59   6.07   7.73   0     —     —  —
   160     CS  112.086   333.0   0.90   6.38   8.04   0     —     —  —
   161     CS  112.335   305.3   1.14   6.63   8.29   0     —     —  —
   162     CS  112.575   276.8   1.38   6.87   8.53   0     —     —  —
   163     CS  112.818   248.5   1.63   7.11   8.77   0     —     —  —
   164     CS  113.067   220.0   1.88   7.36   9.02   0     —     —  —
   165     CS  113.391   196.4   2.20   7.69   9.34   0     —     —  —
   166     CS  113.646   168.4   2.46   7.94   9.60   1   b45     —  CHARGE, BRK-B45
   167     CS  115.057   358.0   0.46   8.40  10.26   0     —    r1  REST-R1
   168     CS  126.475   329.8   0.25   0.25   0.25   0     —     —  —
   169     CS  126.723   301.1   0.50   0.50   0.50   0     —     —  —
   170     CS  127.049   277.6   0.83   0.83   0.83   0     —     —  —
   171     CS  127.417   258.3   1.19   1.19   1.19   0     —     —  —
   172     CS  127.715   236.9   1.49   1.49   1.49   0     —     —  —
   173     CS  127.966   213.2   1.74   1.74   1.74   0     —     —  —
   174     CS  128.250   188.8   2.03   2.03   2.03   0     —     —  —
   175     CS  128.491   161.1   2.27   2.27   2.27   0     —     —  —
   176     CS  128.838   139.4   2.61   2.61   2.61   0     —     —  —
   177     CS  129.084   112.2   2.86   2.86   2.86   1   b45     —  CHARGE, BRK-B45
   178     CS  130.665   386.7   0.35   3.21   3.49   0     —     —  —
   179     CS  130.955   357.1   0.64   3.50   3.78   0     —     —  —
   180     CS  131.403   334.0   1.08   3.94   4.23   0     —     —  —
   181     CS  131.689   304.1   1.37   4.23   4.51   0     —     —  —
   182     CS  131.963   273.6   1.64   4.50   4.79   0     —     —  —
   183     CS  132.341   249.0   2.02   4.88   5.16   0     —     —  —
   184     CS  132.630   220.9   2.31   5.17   5.45   0     —     —  —
   185     CS  132.923   193.0   2.60   5.47   5.75   0     —     —  —
   186     CS  133.213   164.9   2.89   5.75   6.04   0     —     —  —
   187     CS  133.486   135.4   3.17   6.03   6.31   1   b45     —  CHARGE, BRK-B45
   188     CS  134.691   313.1   0.21   6.24   6.77   0     —     —  —
   189     CS  134.917   291.8   0.43   6.46   6.99   0     —     —  —

  [!] TRAJECTORY INFEASIBLE -- 1 violation(s):
     stop 64: spread h=15.043h > 15.0h (daily rest not completed within 24h window)
[15/33] RlongCmanyTnone_17           labelled   63 states in 127.6 min
  ScenarioTracker saved: /mnt/beegfs/users/celinep/ChargeAndBreak/ML/logs/RmediumCmanyTtight_11_DAGGER1_S1_H24_20260822_041316_scenarios.json

  === SIMULATION TRAJECTORY ===
  stop   type    t_arr     soc     cd     sd     sw   y   brk   rst  action
  ───────────────────────────────────────────────────────────────────────────────────────────────
     0   ORIG    8.000   500.0   0.00   0.00   0.00   0     —     —  —
     1     CS    8.234   474.1   0.23   0.23   0.23   0     —     —  —
     2     CS    8.462   447.7   0.46   0.46   0.46   0     —     —  —
     3     CS    8.693   421.5   0.69   0.69   0.69   0     —     —  —
     4     CS    8.969   390.7   0.97   0.97   0.97   0     —     —  —
     5     CS    9.401   367.2   1.40   1.40   1.40   0     —     —  —
     6     CS    9.712   339.2   1.71   1.71   1.71   0     —     —  —
     7     CS   10.110   316.6   2.11   2.11   2.11   0     —     —  —
     8     CS   10.390   288.9   2.39   2.39   2.39   0     —     —  —
     9     CS   10.597   265.3   2.60   2.60   2.60   0     —     —  —
    10     CS   10.805   241.6   2.80   2.80   2.80   0     —     —  —
    11     CS   11.054   221.0   3.05   3.05   3.05   0     —     —  —
    12     CS   11.276   197.9   3.28   3.28   3.28   0     —     —  —
    13     CS   11.506   175.4   3.51   3.51   3.51   0     —     —  —
    14     CS   11.731   152.6   3.73   3.73   3.73   1   b45     —  CHARGE, BRK-B45
    15     CS   13.033   398.6   0.23   3.96   4.20   0     —     —  —
    16     CS   13.368   377.5   0.57   4.30   4.53   0     —     —  —
    17     CS   13.689   356.0   0.89   4.62   4.85   0     —     —  —
    18     CS   13.961   326.4   1.16   4.89   5.13   0     —     —  —
    19     CS   14.226   296.3   1.42   5.16   5.39   0     —     —  —
    20     CS   14.504   267.2   1.70   5.43   5.67   0     —     —  —
    21     CS   14.797   234.9   2.00   5.73   5.96   0     —     —  —
    22     CS   15.085   202.1   2.28   6.01   6.25   1   b45     —  CHARGE, BRK-B45
    23     CS   16.512   427.5   0.27   6.28   6.84   0     —     —  —
    24     CS   16.798   402.6   0.55   6.57   7.13   0     —     —  —
    25     CS   17.109   378.9   0.86   6.88   7.44   0     —     —  —
    26     CS   17.353   359.3   1.11   7.12   7.68   0     —     —  —
    27     CS   17.561   337.3   1.32   7.33   7.89   0     —     —  —
    28     CS   17.789   316.8   1.54   7.56   8.12   0     —     —  —
    29     CS   18.012   292.3   1.77   7.78   8.34   0     —     —  —
    30     CS   18.232   267.4   1.99   8.00   8.56   0     —     —  —
    31     CS   18.500   245.9   2.26   8.27   8.83   0     —     —  —
    32   CUST   18.768   224.4   2.52   8.54   9.10   0     —     —  —
    33     CS   19.693   174.6   2.95   8.96  10.02   1   b45     —  CHARGE, BRK-B45
    34   CUST   20.836   397.7   0.09   9.05  10.42   0     —     —  —
    35   CUST   21.911   362.2   0.67   9.63  11.49   0     —     —  —
    36   CUST   22.448   358.4   0.70   9.66  12.03   0     —     —  —
    37   CUST   23.053   346.7   0.81   9.77  12.63   0     —    r2  REST-R2
    38     CS   32.723   326.7   0.17   0.17   0.17   0     —     —  —
    39     CS   33.017   303.8   0.46   0.46   0.46   0     —     —  —
    40     CS   33.274   274.1   0.72   0.72   0.72   0     —     —  —
    41     CS   33.552   246.2   1.00   1.00   1.00   0     —     —  —
    42     CS   33.767   224.0   1.21   1.21   1.21   0     —     —  —
    43     CS   34.015   204.0   1.46   1.46   1.46   0     —     —  —
    44     CS   34.231   181.9   1.68   1.68   1.68   1   b45     —  CHARGE, BRK-B45
    45     CS   35.575   408.0   0.23   1.91   2.22   0     —     —  —
    46     CS   35.816   381.5   0.47   2.15   2.46   0     —     —  —
    47     CS   36.123   359.1   0.78   2.46   2.77   0     —     —  —
    48     CS   36.402   335.4   1.06   2.73   3.05   0     —     —  —
    49     CS   36.672   311.5   1.33   3.00   3.32   0     —     —  —
    50     CS   36.953   288.2   1.61   3.29   3.60   0     —     —  —
    51     CS   37.202   262.8   1.86   3.53   3.85   0     —     —  —
    52     CS   37.507   236.7   2.16   3.84   4.15   0     —     —  —
    53     CS   37.776   208.0   2.43   4.11   4.42   1   b45     —  CHARGE, BRK-B45
    54     CS   39.070   400.6   0.24   4.35   4.97   0     —     —  —
    55     CS   39.301   376.0   0.47   4.58   5.20   0     —     —  —
    56   CUST   39.541   352.1   0.71   4.82   5.44   0     —     —  —
    57     CS   40.325   327.0   0.99   5.10   6.22   0     —     —  —
    58     CS   40.599   301.2   1.27   5.37   6.50   0     —     —  —
    59     CS   40.850   273.6   1.52   5.63   6.75   0     —     —  —
    60   CUST   41.126   247.9   1.79   5.90   7.02   0     —     —  —
    61     CS   41.649   245.3   1.82   5.92   7.55   0     —     —  —
    62   CUST   41.679   242.1   1.85   5.95   7.58   0     —     —  —
    63     CS   42.482   213.8   2.15   6.26   8.38   0     —     —  —
    64     CS   42.621   201.5   2.29   6.40   8.52   0     —     —  —
    65     CS   42.896   170.6   2.56   6.67   8.79   0     —     —  —
    66     CS   43.208   142.7   2.88   6.98   9.10   0     —     —  —
    67     CS   43.514   114.3   3.18   7.29   9.41   1   b45     —  CHARGE, BRK-B45
    68     CS   44.911   374.4   0.30   7.59   9.98   0     —     —  —
    69     CS   45.303   350.2   0.69   7.98  10.37   0     —     —  —
    70     CS   45.596   323.0   0.98   8.27  10.66   0     —     —  —
    71     CS   45.861   293.6   1.25   8.54  10.93   0     —     —  —
    72     CS   46.122   263.9   1.51   8.80  11.19   0     —     —  —
    73     CS   46.359   239.4   1.75   9.04  11.42   0     —     —  —
    74     CS   46.581   213.6   1.97   9.26  11.65   0     —     —  —
    75     CS   46.803   187.7   2.19   9.48  11.87   0     —     —  —
    76     CS   47.096   166.5   2.48   9.77  12.16   1     —    r2  CHARGE, REST-R2
    77     CS   57.187   272.5   0.22   0.22   0.22   0     —     —  —
    78     CS   57.441   252.1   0.48   0.48   0.48   0     —     —  —
    79     CS   57.661   229.5   0.70   0.70   0.70   0     —     —  —
    80   CUST   58.110   176.0   1.15   1.15   1.15   0     —     —  —
    81     CS   58.864   146.6   1.40   1.40   1.90   0     —     —  —
    82     CS   59.122   117.5   1.66   1.66   2.16   1   b45     —  CHARGE, BRK-B45
    83   CUST   60.693   401.4   0.37   2.02   2.76   0     —     —  —
    84   CUST   61.511   365.5   0.68   2.34   3.58   0     —     —  —
    85   CUST   62.176   347.4   0.85   2.51   4.25   0     —     —  —
    86   CUST   62.810   331.3   0.98   2.64   4.88   0     —     —  —
    87   CUST   63.349   327.7   1.02   2.68   5.42   0     —     —  —
    88     CS   63.849   327.7   1.02   2.68   5.92   0     —     —  —
    89     CS   63.925   319.3   1.10   2.76   6.00   0     —     —  —
    90     CS   64.125   296.5   1.30   2.96   6.19   0     —     —  —
    91     CS   64.348   275.7   1.52   3.18   6.42   0     —     —  —
    92     CS   64.572   254.9   1.74   3.40   6.64   0     —     —  —
    93     CS   64.836   228.4   2.01   3.67   6.91   0     —     —  —
    94     CS   65.178   206.0   2.35   4.01   7.25   0     —     —  —
    95     CS   65.451   180.3   2.62   4.28   7.52   1   b45     —  CHARGE, BRK-B45
    96     CS   66.891   393.2   0.26   4.54   8.21   0     —     —  —
    97     CS   67.138   368.9   0.51   4.79   8.46   0     —     —  —
    98     CS   67.378   344.1   0.75   5.03   8.70   0     —     —  —
    99     CS   67.605   318.1   0.97   5.26   8.93   0     —     —  —
   100     CS   68.057   285.5   1.43   5.71   9.38   0     —     —  —
   101     CS   68.310   255.4   1.68   5.96   9.63   0     —     —  —
   102     CS   68.562   225.2   1.93   6.21   9.88   0     —     —  —
   103     CS   68.840   197.2   2.21   6.49  10.16   0     —     —  —
   104     CS   69.122   169.7   2.49   6.77  10.44   1   b45     —  CHARGE, BRK-B45
   105     CS   70.636   413.4   0.42   7.19  11.12   0     —     —  —
   106     CS   70.903   383.4   0.69   7.46  11.38   0     —     —  —
   107     CS   71.172   352.0   0.96   7.73  11.65   0     —     —  —
   108     CS   71.559   327.4   1.34   8.12  12.04   0     —     —  —
   109     CS   71.861   298.7   1.64   8.42  12.34   0     —    r2  REST-R2
   110     CS   81.317   266.1   0.29   0.29   0.29   0     —     —  —
   111     CS   81.607   233.4   0.58   0.58   0.58   0     —     —  —
   112     CS   81.858   205.1   0.83   0.83   0.83   0     —     —  —
   113     CS   82.104   176.4   1.08   1.08   1.08   0     —     —  —
   114     CS   82.392   150.9   1.36   1.36   1.36   1     —     —  CHARGE

  [!] TRAJECTORY INFEASIBLE -- 1 violation(s):
     stop 37: spread h=15.053h > 15.0h (daily rest not completed within 24h window)
[16/33] RmediumCmanyTtight_11        labelled   31 states in 127.1 min
  ScenarioTracker saved: /mnt/beegfs/users/celinep/ChargeAndBreak/ML/logs/RshortCmanyTlarge_13_DAGGER1_S1_H24_20260822_062021_scenarios.json

  === SIMULATION TRAJECTORY ===
  stop   type    t_arr     soc     cd     sd     sw   y   brk   rst  action
  ───────────────────────────────────────────────────────────────────────────────────────────────
     0   ORIG    8.000   500.0   0.00   0.00   0.00   0     —     —  —
     1     CS    8.232   473.9   0.23   0.23   0.23   0     —     —  —
     2     CS    8.463   447.8   0.46   0.46   0.46   0     —     —  —
     3     CS    8.698   421.9   0.70   0.70   0.70   0     —     —  —
     4     CS    8.932   396.6   0.93   0.93   0.93   0     —     —  —
     5     CS    9.159   370.7   1.16   1.16   1.16   0     —     —  —
     6     CS    9.391   345.1   1.39   1.39   1.39   0     —     —  —
     7     CS    9.682   323.3   1.68   1.68   1.68   0     —     —  —
     8     CS   10.135   270.1   2.13   2.13   2.13   0     —     —  —
     9     CS   10.366   247.0   2.37   2.37   2.37   0     —     —  —
    10     CS   10.582   222.6   2.58   2.58   2.58   0     —     —  —
    11   CUST   10.794   197.8   2.79   2.79   2.79   0     —     —  —
    12     CS   11.581   166.7   3.08   3.08   3.58   0     —     —  —
    13     CS   11.874   136.1   3.37   3.37   3.87   1   b45     —  CHARGE, BRK-B45
    14   CUST   13.267   411.1   0.21   3.58   4.33   0     —     —  —
    15   CUST   13.949   391.1   0.39   3.77   5.02   0     —     —  —
    16   CUST   14.616   375.4   0.56   3.93   5.68   0     —     —  —
    17     CS   15.375   351.5   0.82   4.19   6.44   0     —     —  —
    18   CUST   15.427   345.6   0.87   4.24   6.49   0     —     —  —
    19     CS   16.204   321.8   1.15   4.52   7.27   0     —     —  —
    20     CS   16.566   282.7   1.51   4.88   7.63   0     —     —  —
    21     CS   16.834   259.3   1.78   5.15   7.90   0     —     —  —
    22     CS   17.064   233.0   2.01   5.38   8.13   0     —     —  —
    23   CUST   17.298   207.1   2.24   5.61   8.37   0     —     —  —
    24   CUST   18.132   170.3   2.57   5.95   9.20   0     —     —  —
    25     CS   19.048   120.7   2.99   6.36  10.12   1   b45     —  CHARGE, BRK-B45
    26     CS   20.062   372.9   0.02   6.39  10.38   0     —     —  —
    27     CS   20.297   348.2   0.26   6.62  10.61   0     —     —  —
    28     CS   20.563   325.7   0.52   6.89  10.88   0     —     —  —
    29     CS   20.797   300.9   0.76   7.12  11.11   0     —     —  —
    30   CUST   21.020   275.1   0.98   7.34  11.34   0     —     —  —
    31     CS   21.725   251.0   1.19   7.55  12.04   0     —     —  —
    32     CS   21.947   228.2   1.41   7.77  12.26   0     —     —  —
    33     CS   22.161   204.8   1.62   7.99  12.48   0     —     —  —
    34   CUST   22.167   204.2   1.63   7.99  12.48   0     —     —  —
    35   CUST   22.711   199.9   1.67   8.04  13.03   0     —    r2  REST-R2
    36     CS   32.502   171.9   0.29   0.29   0.29   1   b45     —  CHARGE, BRK-B45
    37     CS   33.808   385.2   0.27   0.56   0.85   0     —     —  —
    38   CUST   34.077   356.0   0.54   0.83   1.12   0     —     —  —
    39   CUST   34.762   342.3   0.72   1.01   1.80   0     —     —  —
    40   CUST   35.342   333.0   0.80   1.09   2.38   0     —     —  —
    41     CS   35.876   329.0   0.84   1.13   2.92   0     —     —  —
    42     CS   36.407   290.3   1.37   1.66   3.45   0     —     —  —
    43     CS   36.705   263.8   1.67   1.96   3.74   0     —     —  —
    44     CS   36.969   234.7   1.93   2.22   4.01   0     —     —  —
    45     CS   37.242   204.4   2.20   2.49   4.28   0     —     —  —
    46     CS   37.513   174.0   2.47   2.76   4.55   0     —     —  —
    47     CS   37.800   145.0   2.76   3.05   4.84   1     —     —  CHARGE
    48     CS   38.701   224.0   3.03   3.32   5.74   0     —     —  —
    49     CS   38.948   194.5   3.28   3.57   5.99   0     —     —  —
[17/33] RshortCmanyTlarge_13         labelled   13 states in  14.8 min
  ScenarioTracker saved: /mnt/beegfs/users/celinep/ChargeAndBreak/ML/logs/RmediumCmanyTmedium_4_DAGGER1_S1_H24_20260822_063506_scenarios.json

  === SIMULATION TRAJECTORY ===
  stop   type    t_arr     soc     cd     sd     sw   y   brk   rst  action
  ───────────────────────────────────────────────────────────────────────────────────────────────
     0   ORIG    8.000   500.0   0.00   0.00   0.00   0     —     —  —
     1     CS    8.225   473.3   0.23   0.23   0.23   0     —     —  —
     2     CS    8.452   446.7   0.45   0.45   0.45   0     —     —  —
     3     CS    8.700   421.9   0.70   0.70   0.70   0     —     —  —
     4     CS    8.941   395.8   0.94   0.94   0.94   0     —     —  —
     5     CS    9.175   369.1   1.17   1.17   1.17   0     —     —  —
     6     CS    9.436   344.6   1.44   1.44   1.44   0     —     —  —
     7     CS    9.688   320.2   1.69   1.69   1.69   0     —     —  —
     8     CS    9.919   294.0   1.92   1.92   1.92   0     —     —  —
     9     CS   10.179   270.1   2.18   2.18   2.18   0     —     —  —
    10     CS   10.383   245.4   2.38   2.38   2.38   0     —     —  —
    11     CS   10.606   222.3   2.61   2.61   2.61   0     —     —  —
    12     CS   10.832   199.5   2.83   2.83   2.83   0     —     —  —
    13     CS   11.064   176.5   3.06   3.06   3.06   0     —     —  —
    14     CS   11.289   152.8   3.29   3.29   3.29   0     —     —  —
    15     CS   11.521   129.8   3.52   3.52   3.52   1   b45     —  CHARGE, BRK-B45
    16     CS   13.011   426.8   0.25   3.77   3.97   0     —     —  —
    17     CS   13.255   400.0   0.49   4.01   4.22   0     —     —  —
    18     CS   13.488   372.2   0.72   4.24   4.45   0     —     —  —
    19     CS   13.733   345.5   0.97   4.49   4.69   0     —     —  —
    20     CS   14.002   327.0   1.24   4.76   4.96   0     —     —  —
    21     CS   14.200   304.0   1.43   4.96   5.16   0     —     —  —
    22     CS   14.402   281.6   1.64   5.16   5.36   0     —     —  —
    23     CS   14.682   255.5   1.92   5.44   5.64   0     —     —  —
    24     CS   14.936   227.6   2.17   5.69   5.90   0     —     —  —
    25   CUST   15.204   200.6   2.44   5.96   6.16   0     —     —  —
    26     CS   15.889   178.6   2.62   6.14   6.85   1   b45     —  CHARGE, BRK-B45
    27   CUST   17.662   442.3   0.37   6.52   7.60   0     —     —  —
    28     CS   18.551   403.2   0.76   6.90   8.49   0     —     —  —
    29     CS   18.804   373.1   1.01   7.16   8.74   0     —     —  —
    30     CS   19.089   340.0   1.30   7.44   9.03   0     —     —  —
    31     CS   19.423   310.7   1.63   7.78   9.36   0     —     —  —
    32     CS   19.763   284.9   1.97   8.12   9.70   0     —     —  —
    33     CS   20.054   256.1   2.26   8.41   9.99   0     —     —  —
    34     CS   20.317   225.0   2.53   8.67  10.25   0     —     —  —
    35     CS   20.656   202.5   2.86   9.01  10.59   0     —    r2  REST-R2
    36     CS   30.064   174.3   0.24   0.24   0.24   0     —     —  —
    37     CS   30.386   151.3   0.56   0.56   0.56   0     —     —  —
    38     CS   30.627   123.1   0.80   0.80   0.80   1   b45     —  CHARGE, BRK-B45
    39     CS   32.283   373.1   0.41   1.22   1.57   0     —     —  —
    40     CS   32.518   346.5   0.65   1.45   1.80   0     —     —  —
    41     CS   32.824   324.4   0.95   1.76   2.11   0     —     —  —
    42     CS   33.096   300.6   1.23   2.03   2.38   0     —     —  —
    43     CS   33.386   268.7   1.52   2.32   2.67   0     —     —  —
    44     CS   33.667   236.1   1.80   2.60   2.95   0     —     —  —
    45   CUST   33.966   205.1   2.10   2.90   3.25   0     —     —  —
    46   CUST   34.762   171.8   2.39   3.20   4.05   0     —     —  —
    47     CS   35.744   121.2   2.87   3.68   5.03   1   b45     —  CHARGE, BRK-B45
    48   CUST   36.756   400.8   0.01   3.69   5.24   0     —     —  —
    49     CS   37.342   393.2   0.10   3.77   5.82   0     —     —  —
    50     CS   37.621   365.9   0.37   4.05   6.10   0     —     —  —
    51     CS   37.910   339.3   0.66   4.34   6.39   0     —     —  —
    52     CS   38.156   311.4   0.91   4.59   6.64   0     —     —  —
    53     CS   38.412   284.3   1.17   4.85   6.89   0     —     —  —
    54     CS   38.668   257.2   1.42   5.10   7.15   0     —     —  —
    55     CS   38.984   230.8   1.74   5.42   7.46   0     —     —  —
    56     CS   39.444   208.7   2.20   5.88   7.92   1   b45     —  CHARGE, BRK-B45
    57     CS   40.705   396.7   0.24   6.12   8.44   0     —     —  —
    58     CS   41.030   373.6   0.57   6.45   8.76   0     —     —  —
    59   CUST   41.304   347.9   0.84   6.72   9.03   0     —    r2  REST-R2
    60     CS   51.056   319.3   0.25   0.25   0.25   0     —     —  —
    61     CS   51.309   290.8   0.50   0.50   0.50   0     —     —  —
    62     CS   51.601   265.3   0.80   0.80   0.80   0     —     —  —
    63   CUST   51.669   258.4   0.87   0.87   0.87   0     —     —  —
    64     CS   52.565   227.7   1.26   1.26   1.76   0     —     —  —
    65     CS   52.767   207.1   1.46   1.46   1.96   1   b45     —  CHARGE, BRK-B45
    66     CS   54.130   380.7   0.23   1.70   2.58   0     —     —  —
    67     CS   54.399   356.9   0.50   1.97   2.84   0     —     —  —
    68     CS   54.628   329.9   0.73   2.19   3.07   0     —     —  —
    69     CS   54.857   302.9   0.96   2.42   3.30   0     —     —  —
    70     CS   55.255   265.5   1.36   2.82   3.70   0     —     —  —
    71     CS   55.486   238.7   1.59   3.05   3.93   0     —     —  —
    72     CS   55.749   214.6   1.85   3.32   4.19   0     —     —  —
    73     CS   56.024   191.1   2.13   3.59   4.47   0     —     —  —
    74     CS   56.429   171.7   2.53   4.00   4.87   1   b45     —  CHARGE, BRK-B45
    75     CS   58.266   452.0   0.30   4.29   5.68   0     —     —  —
    76     CS   58.507   423.6   0.54   4.53   5.92   0     —     —  —
    77     CS   58.753   395.6   0.79   4.78   6.16   0     —     —  —
    78     CS   59.145   353.5   1.18   5.17   6.56   0     —     —  —
    79     CS   59.425   328.8   1.46   5.45   6.84   0     —     —  —
    80     CS   59.696   303.5   1.73   5.72   7.11   0     —     —  —
    81     CS   59.992   279.8   2.02   6.02   7.40   0     —     —  —
    82     CS   60.226   251.5   2.26   6.25   7.64   0     —     —  —
    83     CS   60.520   221.5   2.55   6.55   7.93   0     —     —  —
    84     CS   60.793   189.7   2.83   6.82   8.21   0     —     —  —
    85     CS   61.073   160.8   3.11   7.10   8.48   0     —     —  —
[18/33] RmediumCmanyTmedium_4        labelled   30 states in  37.0 min
  ScenarioTracker saved: /mnt/beegfs/users/celinep/ChargeAndBreak/ML/logs/RmediumCmanyTtight_7_DAGGER1_S1_H24_20260822_071208_scenarios.json

  === SIMULATION TRAJECTORY ===
  stop   type    t_arr     soc     cd     sd     sw   y   brk   rst  action
  ───────────────────────────────────────────────────────────────────────────────────────────────
     0   ORIG    8.000   500.0   0.00   0.00   0.00   0     —     —  —
     1     CS    8.230   473.7   0.23   0.23   0.23   0     —     —  —
     2     CS    8.503   450.6   0.50   0.50   0.50   0     —     —  —
     3     CS    8.735   424.6   0.74   0.74   0.74   0     —     —  —
     4     CS    9.007   396.2   1.01   1.01   1.01   0     —     —  —
     5     CS    9.287   368.4   1.29   1.29   1.29   0     —     —  —
     6     CS    9.598   340.7   1.60   1.60   1.60   0     —     —  —
     7     CS    9.967   315.7   1.97   1.97   1.97   0     —     —  —
     8     CS   10.296   289.0   2.30   2.30   2.30   0     —     —  —
     9     CS   10.572   258.7   2.57   2.57   2.57   1   b45     —  CHARGE, BRK-B45
    10     CS   11.943   449.4   0.35   2.92   3.17   0     —     —  —
    11     CS   12.211   419.5   0.62   3.19   3.44   0     —     —  —
    12     CS   12.486   386.6   0.89   3.47   3.71   0     —     —  —
    13     CS   12.768   354.5   1.18   3.75   3.99   0     —     —  —
    14     CS   13.087   332.9   1.50   4.07   4.31   0     —     —  —
    15     CS   13.315   305.6   1.72   4.30   4.54   0     —     —  —
    16     CS   13.551   279.1   1.96   4.53   4.78   0     —     —  —
    17     CS   13.759   254.7   2.17   4.74   4.98   0     —     —  —
    18     CS   13.969   230.5   2.38   4.95   5.19   0     —     —  —
    19   CUST   14.177   206.1   2.59   5.16   5.40   0     —     —  —
    20     CS   14.947   175.3   2.86   5.43   6.17   0     —     —  —
    21     CS   15.213   143.9   3.12   5.69   6.44   0     —     —  —
    22     CS   15.487   113.4   3.40   5.97   6.71   1   b45     —  CHARGE, BRK-B45
    23   CUST   16.772   403.3   0.16   6.13   7.11   0     —    r2  REST-R2
    24   CUST   26.409   388.6   0.14   0.14   0.14   0     —     —  —
    25   CUST   27.024   375.5   0.25   0.25   0.75   0     —     —  —
    26   CUST   27.561   371.7   0.29   0.29   1.29   0     —     —  —
    27   CUST   28.153   361.2   0.38   0.38   1.88   0     —     —  —
    28     CS   28.665   359.9   0.39   0.39   2.39   0     —     —  —
    29     CS   28.730   352.9   0.46   0.46   2.46   0     —     —  —
    30     CS   29.075   328.4   0.80   0.80   2.80   0     —     —  —
    31     CS   29.353   300.2   1.08   1.08   3.08   0     —     —  —
    32   CUST   29.613   270.2   1.34   1.34   3.34   0     —     —  —
    33     CS   30.165   264.4   1.39   1.39   3.89   0     —     —  —
    34     CS   30.403   242.8   1.63   1.63   4.13   0     —     —  —
    35     CS   30.618   219.5   1.85   1.85   4.35   0     —     —  —
    36     CS   30.823   195.2   2.05   2.05   4.55   1   b45     —  CHARGE, BRK-B45
    37     CS   32.350   442.4   0.29   2.34   5.13   0     —     —  —
    38     CS   32.630   412.0   0.57   2.62   5.41   0     —     —  —
    39     CS   32.912   381.8   0.85   2.90   5.69   0     —     —  —
    40     CS   33.358   330.3   1.29   3.35   6.14   0     —     —  —
    41     CS   33.646   302.6   1.58   3.63   6.43   0     —     —  —
    42     CS   33.906   272.6   1.84   3.89   6.69   0     —     —  —
    43     CS   34.190   244.6   2.13   4.18   6.97   0     —     —  —
    44   CUST   34.473   216.5   2.41   4.46   7.26   0     —     —  —
    45   CUST   35.151   196.0   2.59   4.64   7.93   0     —     —  —
    46     CS   35.814   177.9   2.75   4.80   8.60   0     —     —  —
    47     CS   35.924   165.4   2.86   4.91   8.71   1   b45     —  CHARGE, BRK-B45
    48     CS   37.373   431.7   0.25   5.16   9.20   0     —     —  —
    49     CS   37.609   405.9   0.48   5.40   9.44   0     —     —  —
    50     CS   37.898   383.6   0.77   5.68   9.73   0     —     —  —
    51     CS   38.168   357.6   1.04   5.95  10.00   0     —     —  —
    52     CS   38.406   328.9   1.28   6.19  10.24   0     —     —  —
    53     CS   38.657   301.3   1.53   6.44  10.49   0     —     —  —
    54     CS   38.937   271.4   1.81   6.72  10.77   0     —     —  —
    55     CS   39.200   239.7   2.07   6.99  11.03   1   b45     —  CHARGE, BRK-B45
    56     CS   40.449   404.2   0.24   7.22  11.53   0     —     —  —
    57     CS   40.719   382.9   0.51   7.49  11.80   0     —    r2  REST-R2
    58   CUST   50.103   357.8   0.22   0.22   0.22   0     —     —  —
    59     CS   50.841   330.3   0.46   0.46   0.96   0     —     —  —
    60     CS   51.092   303.9   0.71   0.71   1.21   0     —     —  —
    61   CUST   51.341   277.4   0.96   0.96   1.46   0     —     —  —
    62     CS   52.001   263.3   1.12   1.12   2.12   0     —     —  —
    63   CUST   52.054   257.5   1.17   1.17   2.17   0     —     —  —
    64     CS   52.634   251.4   1.25   1.25   2.75   0     —     —  —
    65     CS   52.897   221.7   1.51   1.51   3.01   0     —     —  —
    66   CUST   53.175   193.2   1.79   1.79   3.29   0     —     —  —
    67     CS   53.935   163.8   2.05   2.05   4.05   1   b45     —  CHARGE, BRK-B45
    68   CUST   55.583   372.8   0.57   2.61   4.95   0     —     —  —
    69     CS   56.138   367.2   0.62   2.67   5.50   0     —     —  —
    70     CS   56.352   342.1   0.83   2.88   5.72   0     —     —  —
    71     CS   56.573   317.7   1.06   3.10   5.94   0     —     —  —
    72     CS   56.812   294.6   1.29   3.34   6.17   0     —     —  —
    73     CS   57.044   271.1   1.53   3.57   6.41   0     —     —  —
    74     CS   57.306   245.3   1.79   3.84   6.67   0     —     —  —
    75     CS   57.615   222.2   2.10   4.15   6.98   0     —     —  —
    76     CS   57.898   191.3   2.38   4.43   7.26   0     —     —  —
    77     CS   58.217   163.1   2.70   4.75   7.58   0     —     —  —
    78     CS   58.500   132.2   2.98   5.03   7.86   1   b45     —  CHARGE, BRK-B45
    79     CS   59.920   216.8   0.42   5.45   8.53   1     —     —  CHARGE
    80     CS   60.689   260.6   0.73   5.77   9.30   0     —     —  —
    81     CS   60.945   231.9   0.99   6.02   9.56   0     —     —  —
    82     CS   61.248   206.7   1.29   6.32   9.86   0     —     —  —
    83     CS   61.498   177.5   1.54   6.57  10.11   0     —     —  —
[19/33] RmediumCmanyTtight_7         labelled   31 states in  89.3 min
  ScenarioTracker saved: /mnt/beegfs/users/celinep/ChargeAndBreak/ML/logs/RmediumCmanyTmedium_9_DAGGER1_S1_H24_20260822_084126_scenarios.json

  === SIMULATION TRAJECTORY ===
  stop   type    t_arr     soc     cd     sd     sw   y   brk   rst  action
  ───────────────────────────────────────────────────────────────────────────────────────────────
     0   ORIG    8.000   500.0   0.00   0.00   0.00   0     —     —  —
     1     CS    8.244   475.0   0.24   0.24   0.24   0     —     —  —
     2     CS    8.493   450.3   0.49   0.49   0.49   0     —     —  —
     3     CS    8.724   424.1   0.72   0.72   0.72   0     —     —  —
     4     CS    8.943   402.2   0.94   0.94   0.94   0     —     —  —
     5     CS    9.176   381.4   1.18   1.18   1.18   0     —     —  —
     6     CS    9.378   358.0   1.38   1.38   1.38   0     —     —  —
     7     CS    9.707   332.2   1.71   1.71   1.71   0     —     —  —
     8     CS    9.998   304.2   2.00   2.00   2.00   0     —     —  —
     9     CS   10.258   273.5   2.26   2.26   2.26   0     —     —  —
    10     CS   10.491   249.2   2.49   2.49   2.49   0     —     —  —
    11     CS   10.760   227.3   2.76   2.76   2.76   0     —     —  —
    12     CS   11.005   204.0   3.01   3.01   3.01   0     —     —  —
    13     CS   11.285   182.6   3.28   3.28   3.28   0     —     —  —
    14     CS   11.512   158.5   3.51   3.51   3.51   0     —     —  —
    15     CS   11.745   134.8   3.75   3.75   3.75   0     —     —  —
    16     CS   11.985   111.5   3.98   3.98   3.98   1   b45     —  CHARGE, BRK-B45
    17     CS   13.827   440.4   0.31   4.29   4.68   0     —     —  —
    18     CS   14.135   415.4   0.62   4.60   4.98   0     —     —  —
    19     CS   14.412   384.0   0.90   4.88   5.26   0     —     —  —
    20     CS   14.682   351.9   1.17   5.15   5.53   0     —     —  —
    21     CS   14.906   326.8   1.39   5.37   5.76   0     —     —  —
    22     CS   15.125   301.3   1.61   5.59   5.97   0     —     —  —
    23     CS   15.347   276.0   1.83   5.81   6.20   0     —     —  —
    24     CS   15.570   250.9   2.05   6.04   6.42   1   b45     —  CHARGE, BRK-B45
    25     CS   16.950   409.4   0.28   6.31   7.05   0     —     —  —
    26   CUST   17.218   379.5   0.54   6.58   7.32   0     —     —  —
    27     CS   17.963   354.8   0.79   6.83   8.06   0     —     —  —
    28     CS   18.196   329.1   1.02   7.06   8.30   0     —     —  —
    29     CS   18.440   304.3   1.27   7.30   8.54   0     —     —  —
    30     CS   18.666   277.9   1.49   7.53   8.77   0     —     —  —
    31   CUST   18.765   266.9   1.59   7.63   8.86   0     —     —  —
    32     CS   19.832   222.7   2.16   8.20   9.93   0     —     —  —
    33     CS   19.917   212.7   2.24   8.28  10.02   0     —     —  —
    34     CS   20.269   185.3   2.59   8.63  10.37   0     —     —  —
    35   CUST   20.573   155.0   2.90   8.94  10.67   0     —    r2  REST-R2
    36     CS   30.114   150.5   0.04   0.04   0.04   1   b45     —  CHARGE, BRK-B45
    37     CS   31.516   402.6   0.29   0.33   0.56   0     —     —  —
    38     CS   31.817   371.6   0.59   0.63   0.86   0     —     —  —
    39     CS   32.035   348.1   0.81   0.85   1.08   0     —     —  —
    40     CS   32.267   325.8   1.04   1.08   1.31   0     —     —  —
    41     CS   32.544   305.9   1.32   1.36   1.58   0     —     —  —
    42     CS   32.788   276.7   1.56   1.60   1.83   0     —     —  —
    43     CS   33.043   248.6   1.82   1.86   2.08   0     —     —  —
    44     CS   33.345   223.8   2.12   2.16   2.39   0     —     —  —
    45     CS   33.602   195.8   2.38   2.42   2.64   1   b45     —  CHARGE, BRK-B45
    46     CS   35.044   419.2   0.27   2.69   3.26   0     —     —  —
    47     CS   35.319   390.7   0.55   2.96   3.54   0     —     —  —
    48     CS   35.584   361.3   0.81   3.23   3.80   0     —     —  —
    49     CS   35.776   338.7   1.00   3.42   3.99   0     —     —  —
    50     CS   35.974   316.6   1.20   3.62   4.19   0     —     —  —
    51   CUST   36.229   298.1   1.46   3.87   4.45   0     —     —  —
    52     CS   36.939   274.3   1.67   4.08   5.16   0     —     —  —
    53     CS   37.174   252.5   1.90   4.32   5.39   0     —     —  —
    54     CS   37.394   229.6   2.12   4.54   5.61   1   b45     —  CHARGE, BRK-B45
    55     CS   38.791   495.1   0.03   4.57   6.03   0     —     —  —
    56     CS   39.047   470.0   0.29   4.83   6.29   0     —     —  —
    57   CUST   39.289   443.6   0.53   5.07   6.53   0     —     —  —
    58   CUST   40.226   407.6   0.97   5.50   7.47   0     —     —  —
    59   CUST   40.750   405.1   0.99   5.53   7.99   0     —     —  —
    60     CS   41.554   383.5   1.29   5.83   8.79   0     —     —  —
    61     CS   41.685   368.2   1.42   5.96   8.92   0     —     —  —
    62     CS   41.961   341.7   1.70   6.24   9.20   0     —     —  —
    63     CS   42.204   312.5   1.94   6.48   9.44   0     —     —  —
    64     CS   42.458   284.3   2.20   6.74   9.70   0     —     —  —
    65     CS   42.736   257.9   2.47   7.01   9.97   0     —     —  —
    66     CS   43.027   226.7   2.77   7.31  10.27   0     —     —  —
    67     CS   43.307   194.3   3.05   7.59  10.55   0     —     —  —
    68     CS   43.534   169.3   3.27   7.81  10.77   0     —     —  —
    69     CS   43.761   144.3   3.50   8.04  11.00   0     —     —  —
    70     CS   43.981   118.7   3.72   8.26  11.22   1     —    r2  CHARGE, REST-R2
    71     CS   54.335   368.0   0.28   0.28   0.28   0     —     —  —
    72     CS   54.613   342.3   0.56   0.56   0.56   0     —     —  —
    73     CS   54.841   317.0   0.79   0.79   0.79   0     —     —  —
    74     CS   55.060   290.8   1.00   1.00   1.00   0     —     —  —
    75     CS   55.279   264.7   1.22   1.22   1.22   0     —     —  —
    76   CUST   55.525   240.9   1.47   1.47   1.47   0     —     —  —
    77     CS   56.303   212.4   1.75   1.75   2.25   0     —     —  —
    78     CS   56.573   183.3   2.02   2.02   2.52   0     —     —  —
    79     CS   56.674   172.4   2.12   2.12   2.62   1   b45     —  CHARGE, BRK-B45
    80     CS   57.913   395.9   0.27   2.39   3.09   0     —     —  —
    81     CS   58.206   370.0   0.57   2.68   3.38   0     —     —  —
    82     CS   58.475   340.8   0.83   2.95   3.65   0     —     —  —
    83     CS   58.745   311.7   1.10   3.22   3.92   0     —     —  —
    84     CS   59.023   283.2   1.38   3.50   4.20   0     —     —  —
    85     CS   59.317   255.9   1.68   3.80   4.50   0     —     —  —
    86     CS   59.540   233.6   1.90   4.02   4.72   0     —     —  —
    87     CS   59.812   214.1   2.17   4.29   4.99   0     —     —  —
    88     CS   60.017   190.3   2.38   4.50   5.20   1   b45     —  CHARGE, BRK-B45
    89     CS   61.393   434.8   0.24   4.73   5.67   0     —     —  —
    90     CS   61.669   411.0   0.52   5.01   5.94   0     —     —  —
    91     CS   61.939   386.3   0.78   5.28   6.21   0     —     —  —
    92     CS   62.173   358.8   1.02   5.51   6.45   0     —     —  —
    93     CS   62.418   332.3   1.26   5.76   6.69   0     —     —  —
    94     CS   62.702   299.9   1.55   6.04   6.97   0     —     —  —
    95     CS   63.034   271.1   1.88   6.38   7.31   0     —     —  —
    96     CS   63.315   238.5   2.16   6.66   7.59   0     —     —  —
    97     CS   63.754   188.7   2.60   7.10   8.03   0     —     —  —
    98     CS   63.997   162.9   2.84   7.34   8.27   0     —     —  —
    99     CS   64.232   136.3   3.08   7.57   8.50   0     —     —  —
[20/33] RmediumCmanyTmedium_9        labelled   39 states in  55.5 min
  ScenarioTracker saved: /mnt/beegfs/users/celinep/ChargeAndBreak/ML/logs/RshortCfewTmedium_7_DAGGER1_S1_H24_20260822_093655_scenarios.json

  === SIMULATION TRAJECTORY ===
  stop   type    t_arr     soc     cd     sd     sw   y   brk   rst  action
  ───────────────────────────────────────────────────────────────────────────────────────────────
     0   ORIG    8.000   500.0   0.00   0.00   0.00   0     —     —  —
     1     CS    8.231   473.8   0.23   0.23   0.23   0     —     —  —
     2     CS    8.462   447.7   0.46   0.46   0.46   0     —     —  —
     3     CS    8.692   421.3   0.69   0.69   0.69   0     —     —  —
     4     CS    8.948   395.0   0.95   0.95   0.95   0     —     —  —
     5     CS    9.198   368.2   1.20   1.20   1.20   0     —     —  —
     6     CS    9.461   342.4   1.46   1.46   1.46   0     —     —  —
     7     CS    9.685   318.0   1.69   1.69   1.69   0     —     —  —
     8     CS    9.901   292.8   1.90   1.90   1.90   0     —     —  —
     9     CS   10.134   269.0   2.13   2.13   2.13   0     —     —  —
    10     CS   10.392   247.0   2.39   2.39   2.39   0     —     —  —
    11     CS   10.765   223.0   2.77   2.77   2.77   0     —     —  —
    12     CS   11.031   194.4   3.03   3.03   3.03   0     —     —  —
    13     CS   11.293   165.6   3.29   3.29   3.29   0     —     —  —
    14     CS   11.571   138.1   3.57   3.57   3.57   1   b45     —  CHARGE, BRK-B45
    15     CS   12.938   409.5   0.24   3.81   4.04   0     —     —  —
    16     CS   13.149   387.7   0.45   4.02   4.25   0     —     —  —
    17     CS   13.347   364.8   0.64   4.22   4.45   0     —     —  —
    18     CS   13.614   332.4   0.91   4.48   4.72   0     —     —  —
    19     CS   13.886   300.4   1.18   4.75   4.99   0     —     —  —
    20     CS   14.156   268.3   1.45   5.03   5.26   0     —     —  —
    21     CS   14.463   239.3   1.76   5.33   5.57   0     —     —  —
    22     CS   14.769   218.3   2.07   5.64   5.87   0     —     —  —
    23     CS   14.994   192.3   2.29   5.86   6.10   0     —     —  —
    24     CS   15.224   166.8   2.52   6.09   6.33   1   b45     —  CHARGE, BRK-B45
    25     CS   16.620   389.7   0.31   6.41   6.93   0     —     —  —
    26     CS   16.866   361.7   0.56   6.65   7.18   0     —     —  —
    27     CS   17.112   333.8   0.80   6.90   7.42   0     —     —  —
    28     CS   17.391   308.4   1.08   7.18   7.70   0     —     —  —
    29     CS   17.620   282.6   1.31   7.41   7.93   0     —     —  —
    30     CS   17.851   257.0   1.54   7.64   8.16   0     —     —  —
    31     CS   18.084   231.6   1.78   7.87   8.40   0     —     —  —
    32   CUST   18.305   205.0   2.00   8.09   8.62   0     —     —  —
    33   CUST   18.969   188.0   2.16   8.25   9.28   0     —    r2  REST-R2
    34     CS   28.637   168.0   0.17   0.17   0.17   1   b45     —  CHARGE, BRK-B45
    35     CS   29.995   377.3   0.33   0.50   0.78   0     —     —  —
    36     CS   30.255   349.1   0.59   0.76   1.04   0     —     —  —
    37     CS   30.512   320.5   0.85   1.02   1.29   0     —     —  —
    38     CS   30.770   292.1   1.11   1.28   1.55   0     —     —  —
    39     CS   31.022   264.6   1.36   1.53   1.80   0     —     —  —
    40     CS   31.286   238.3   1.62   1.79   2.07   0     —     —  —
    41     CS   31.610   215.2   1.95   2.12   2.39   0     —     —  —
    42     CS   32.025   170.3   2.36   2.53   2.81   1   b45     —  CHARGE, BRK-B45
    43     CS   33.392   322.2   0.27   2.80   3.42   0     —     —  —
    44     CS   33.671   293.9   0.55   3.08   3.70   0     —     —  —
    45     CS   33.952   265.7   0.83   3.36   3.98   0     —     —  —
    46     CS   34.213   235.7   1.09   3.62   4.24   0     —     —  —
    47     CS   34.417   211.7   1.29   3.82   4.45   0     —     —  —
    48     CS   34.651   190.2   1.53   4.06   4.68   0     —     —  —
    49     CS   34.857   166.5   1.73   4.26   4.89   0     —     —  —
    50     CS   35.121   137.4   2.00   4.53   5.15   0     —     —  —
[21/33] RshortCfewTmedium_7          labelled   22 states in  20.0 min
  ScenarioTracker saved: /mnt/beegfs/users/celinep/ChargeAndBreak/ML/logs/RshortCmanyTmedium_11_DAGGER1_S1_H24_20260822_095657_scenarios.json

  === SIMULATION TRAJECTORY ===
  stop   type    t_arr     soc     cd     sd     sw   y   brk   rst  action
  ───────────────────────────────────────────────────────────────────────────────────────────────
     0   ORIG    8.000   500.0   0.00   0.00   0.00   0     —     —  —
     1     CS    8.240   474.7   0.24   0.24   0.24   0     —     —  —
     2     CS    8.467   448.1   0.47   0.47   0.47   0     —     —  —
     3     CS    8.729   424.3   0.73   0.73   0.73   0     —     —  —
     4     CS    8.979   396.3   0.98   0.98   0.98   0     —     —  —
     5     CS    9.222   367.7   1.22   1.22   1.22   0     —     —  —
     6     CS    9.496   337.1   1.50   1.50   1.50   0     —     —  —
     7     CS    9.776   307.1   1.78   1.78   1.78   0     —     —  —
     8     CS   10.052   276.7   2.05   2.05   2.05   0     —     —  —
     9     CS   10.317   245.4   2.32   2.32   2.32   0     —     —  —
    10   CUST   10.615   215.7   2.61   2.61   2.61   0     —     —  —
    11     CS   11.359   191.5   2.86   2.86   3.36   0     —     —  —
    12     CS   11.627   168.8   3.13   3.13   3.63   0     —     —  —
    13     CS   11.856   143.4   3.36   3.36   3.86   0     —     —  —
    14     CS   12.096   118.8   3.60   3.60   4.10   1   b45     —  CHARGE, BRK-B45
    15   CUST   13.604   423.2   0.05   3.65   4.65   0     —     —  —
    16     CS   14.470   382.2   0.42   4.01   5.52   0     —     —  —
    17   CUST   14.635   365.3   0.58   4.18   5.69   0     —     —  —
    18     CS   15.417   333.7   0.86   4.46   6.47   0     —     —  —
    19   CUST   15.698   302.1   1.15   4.74   6.75   0     —     —  —
    20   CUST   16.321   295.0   1.27   4.87   7.37   0     —     —  —
    21     CS   16.833   293.7   1.28   4.88   7.88   0     —     —  —
    22     CS   17.302   262.6   1.75   5.35   8.35   0     —     —  —
    23     CS   17.592   235.5   2.04   5.64   8.64   0     —     —  —
    24   CUST   17.857   206.5   2.30   5.90   8.91   0     —     —  —
    25     CS   18.609   180.5   2.56   6.15   9.66   0     —     —  —
    26     CS   18.845   153.0   2.79   6.39   9.90   1   b45     —  CHARGE, BRK-B45
    27   CUST   20.304   379.0   0.33   6.72  10.57   0     —     —  —
    28     CS   21.048   355.0   0.58   6.97  11.31   0     —     —  —
    29   CUST   21.324   324.6   0.85   7.24  11.59   0     —    r2  REST-R2
    30   CUST   31.244   276.7   0.42   0.42   0.42   0     —     —  —
    31   CUST   31.756   275.4   0.43   0.43   0.93   0     —     —  —
    32     CS   32.416   257.0   0.59   0.59   1.59   0     —     —  —
    33   CUST   32.874   231.5   1.05   1.05   2.05   0     —     —  —
    34     CS   33.630   201.7   1.31   1.31   2.81   0     —     —  —
    35     CS   33.886   174.2   1.56   1.56   3.06   1   b45     —  CHARGE, BRK-B45
    36     CS   35.188   419.8   0.19   1.76   3.50   0     —     —  —
    37     CS   35.393   397.6   0.40   1.96   3.71   0     —     —  —
    38     CS   35.592   374.8   0.60   2.16   3.91   0     —     —  —
    39     CS   35.829   348.3   0.84   2.40   4.14   0     —     —  —
    40     CS   36.057   321.0   1.06   2.63   4.37   0     —     —  —
    41     CS   36.293   294.5   1.30   2.86   4.61   0     —     —  —
    42     CS   36.532   266.7   1.54   3.10   4.85   0     —     —  —
    43     CS   36.789   240.5   1.80   3.36   5.10   0     —     —  —
    44     CS   37.053   214.7   2.06   3.62   5.37   0     —     —  —
    45     CS   37.352   186.5   2.36   3.92   5.67   0     —     —  —
    46     CS   37.628   156.7   2.63   4.20   5.94   0     —     —  —
    47     CS   37.906   126.8   2.91   4.47   6.22   1     —     —  CHARGE
    48     CS   38.795   224.5   3.18   4.74   7.11   0     —     —  —
    49     CS   39.054   199.1   3.44   5.00   7.37   0     —     —  —
[22/33] RshortCmanyTmedium_11        labelled   22 states in  19.6 min
  ScenarioTracker saved: /mnt/beegfs/users/celinep/ChargeAndBreak/ML/logs/RmediumCmanyTlarge_2_DAGGER1_S1_H24_20260822_101633_scenarios.json

  === SIMULATION TRAJECTORY ===
  stop   type    t_arr     soc     cd     sd     sw   y   brk   rst  action
  ───────────────────────────────────────────────────────────────────────────────────────────────
     0   ORIG    8.000   500.0   0.00   0.00   0.00   0     —     —  —
     1     CS    8.238   474.5   0.24   0.24   0.24   0     —     —  —
     2     CS    8.497   450.5   0.50   0.50   0.50   0     —     —  —
     3     CS    8.735   424.9   0.74   0.74   0.74   0     —     —  —
     4     CS    9.009   393.2   1.01   1.01   1.01   0     —     —  —
     5     CS    9.335   365.4   1.33   1.33   1.33   0     —     —  —
     6     CS    9.617   342.3   1.62   1.62   1.62   0     —     —  —
     7     CS    9.906   319.6   1.91   1.91   1.91   0     —     —  —
     8     CS   10.163   295.0   2.16   2.16   2.16   0     —     —  —
     9     CS   10.399   268.7   2.40   2.40   2.40   0     —     —  —
    10     CS   10.681   243.5   2.68   2.68   2.68   0     —     —  —
    11     CS   10.921   214.9   2.92   2.92   2.92   0     —     —  —
    12     CS   11.196   189.3   3.20   3.20   3.20   0     —     —  —
    13     CS   11.410   166.3   3.41   3.41   3.41   0     —     —  —
    14     CS   11.675   146.5   3.68   3.68   3.68   0     —     —  —
    15     CS   11.906   124.7   3.91   3.91   3.91   1   b45     —  CHARGE, BRK-B45
    16     CS   13.114   344.9   0.21   4.11   4.36   0     —     —  —
    17     CS   13.370   325.3   0.46   4.37   4.62   0     —     —  —
    18     CS   13.717   308.3   0.81   4.72   4.97   0     —     —  —
    19     CS   13.983   278.2   1.08   4.98   5.23   0     —     —  —
    20     CS   14.268   249.7   1.36   5.27   5.52   0     —     —  —
    21     CS   14.534   219.7   1.63   5.53   5.78   0     —     —  —
    22     CS   14.892   176.6   1.99   5.89   6.14   1   b45     —  CHARGE, BRK-B45
    23     CS   16.344   400.5   0.29   6.18   6.79   0     —     —  —
    24     CS   16.644   368.8   0.59   6.48   7.09   0     —     —  —
    25     CS   16.953   337.8   0.90   6.79   7.40   0     —     —  —
    26     CS   17.326   319.9   1.27   7.16   7.77   0     —     —  —
    27     CS   17.538   295.1   1.48   7.37   7.98   0     —     —  —
    28   CUST   17.760   271.2   1.70   7.59   8.20   0     —     —  —
    29   CUST   18.338   263.0   1.78   7.67   8.78   0     —     —  —
    30   CUST   19.043   243.7   1.99   7.88   9.49   0     —     —  —
    31     CS   19.683   228.1   2.13   8.02  10.13   0     —     —  —
    32   CUST   19.885   205.1   2.33   8.22  10.33   0     —     —  —
    33     CS   20.606   179.2   2.55   8.44  11.05   0     —     —  —
    34     CS   20.938   151.3   2.88   8.77  11.38   0     —     —  —
    35     CS   21.229   120.5   3.17   9.06  11.67   1   b45     —  CHARGE, BRK-B45
    36     CS   22.620   355.9   0.24   9.31  12.31   0     —     —  —
    37     CS   22.858   327.9   0.48   9.54  12.55   0     —    r2  REST-R2
    38     CS   32.270   300.6   0.24   0.24   0.24   0     —     —  —
    39     CS   32.573   269.9   0.55   0.55   0.55   0     —     —  —
    40     CS   32.856   237.4   0.83   0.83   0.83   0     —     —  —
    41     CS   33.173   207.7   1.15   1.15   1.15   0     —     —  —
    42     CS   33.469   175.6   1.44   1.44   1.44   0     —     —  —
    43     CS   33.856   148.9   1.83   1.83   1.83   1   b45     —  CHARGE, BRK-B45
    44     CS   35.077   388.7   0.24   2.07   2.27   0     —     —  —
    45     CS   35.292   363.4   0.46   2.29   2.49   0     —     —  —
    46     CS   35.544   341.0   0.71   2.54   2.74   0     —     —  —
    47   CUST   35.758   315.6   0.92   2.75   2.96   0     —     —  —
    48     CS   36.548   287.0   1.21   3.04   3.75   0     —     —  —
    49     CS   36.817   256.6   1.48   3.31   4.02   0     —     —  —
    50   CUST   36.901   246.5   1.56   3.40   4.10   0     —     —  —
    51     CS   37.776   206.3   1.94   3.77   4.97   1   b45     —  CHARGE, BRK-B45
    52   CUST   38.919   429.4   0.07   3.84   5.37   0     —     —  —
    53   CUST   39.850   382.4   0.50   4.27   6.30   0     —     —  —
    54     CS   40.376   380.0   0.53   4.30   6.82   0     —     —  —
    55   CUST   40.909   344.7   1.06   4.83   7.36   0     —     —  —
    56   CUST   41.486   336.3   1.14   4.91   7.93   0     —     —  —
    57     CS   42.067   331.1   1.22   4.99   8.52   0     —     —  —
    58     CS   42.487   287.9   1.64   5.41   8.94   0     —     —  —
    59     CS   42.741   260.8   1.89   5.66   9.19   0     —     —  —
    60     CS   43.038   236.6   2.19   5.96   9.49   0     —     —  —
    61     CS   43.310   210.9   2.46   6.23   9.76   0     —     —  —
    62     CS   43.570   184.4   2.72   6.49  10.02   1   b45     —  CHARGE, BRK-B45
    63   CUST   44.994   382.3   0.44   6.94  10.69   0     —    r2  REST-R2
    64     CS   54.728   355.6   0.23   0.23   0.23   0     —     —  —
    65     CS   54.962   328.7   0.47   0.47   0.47   0     —     —  —
    66     CS   55.194   301.8   0.70   0.70   0.70   0     —     —  —
    67     CS   55.422   274.4   0.93   0.93   0.93   0     —     —  —
    68     CS   55.606   256.7   1.11   1.11   1.11   0     —     —  —
    69   CUST   56.018   209.3   1.52   1.52   1.52   0     —     —  —
    70   CUST   56.627   196.8   1.63   1.63   2.13   0     —     —  —
    71     CS   57.570   156.2   2.08   2.08   3.08   1   b45     —  CHARGE, BRK-B45
    72   CUST   59.007   392.5   0.38   2.45   3.74   0     —     —  —
    73   CUST   59.513   391.9   0.38   2.46   4.24   0     —     —  —
    74     CS   60.273   363.6   0.64   2.72   5.00   0     —     —  —
    75     CS   60.580   339.5   0.95   3.02   5.31   0     —     —  —
    76     CS   60.860   313.5   1.23   3.30   5.59   0     —     —  —
    77     CS   61.121   286.1   1.49   3.57   5.85   0     —     —  —
    78     CS   61.375   258.0   1.74   3.82   6.11   0     —     —  —
    79     CS   61.681   237.6   2.05   4.13   6.41   0     —     —  —
    80     CS   61.906   212.4   2.27   4.35   6.64   0     —     —  —
    81     CS   62.172   190.2   2.54   4.62   6.90   1   b45     —  CHARGE, BRK-B45
    82     CS   63.700   441.2   0.32   4.93   7.50   0     —     —  —
    83     CS   63.963   411.7   0.58   5.20   7.76   0     —     —  —
    84     CS   64.231   382.6   0.85   5.46   8.03   0     —     —  —
    85     CS   64.506   349.7   1.12   5.74   8.30   0     —     —  —
    86     CS   64.800   318.6   1.42   6.03   8.60   0     —     —  —
    87     CS   65.026   294.3   1.64   6.26   8.82   0     —     —  —
    88     CS   65.256   270.4   1.87   6.49   9.05   0     —     —  —
    89     CS   65.516   248.5   2.13   6.75   9.31   0     —     —  —
    90     CS   65.779   218.1   2.40   7.01   9.58   0     —     —  —
    91     CS   66.082   190.9   2.70   7.31   9.88   0     —     —  —
    92     CS   66.349   160.9   2.96   7.58  10.15   0     —     —  —
[23/33] RmediumCmanyTlarge_2         labelled   26 states in  73.4 min
  ScenarioTracker saved: /mnt/beegfs/users/celinep/ChargeAndBreak/ML/logs/RshortCmanyTlarge_8_DAGGER1_S1_H24_20260822_112957_scenarios.json

  === SIMULATION TRAJECTORY ===
  stop   type    t_arr     soc     cd     sd     sw   y   brk   rst  action
  ───────────────────────────────────────────────────────────────────────────────────────────────
     0   ORIG    8.000   500.0   0.00   0.00   0.00   0     —     —  —
     1     CS    8.260   476.1   0.26   0.26   0.26   0     —     —  —
     2     CS    8.488   449.6   0.49   0.49   0.49   0     —     —  —
     3     CS    8.740   425.2   0.74   0.74   0.74   0     —     —  —
     4     CS    9.033   395.1   1.03   1.03   1.03   0     —     —  —
     5     CS    9.322   364.8   1.32   1.32   1.32   0     —     —  —
     6     CS    9.602   340.6   1.60   1.60   1.60   0     —     —  —
     7     CS    9.946   319.2   1.95   1.95   1.95   0     —     —  —
     8     CS   10.188   292.2   2.19   2.19   2.19   0     —     —  —
     9   CUST   10.431   265.3   2.43   2.43   2.43   0     —     —  —
    10     CS   11.162   238.0   2.66   2.66   3.16   0     —     —  —
    11   CUST   11.413   207.6   2.91   2.91   3.41   0     —     —  —
    12     CS   12.198   177.3   3.20   3.20   4.20   0     —     —  —
    13     CS   12.468   145.6   3.47   3.47   4.47   0     —     —  —
    14     CS   12.762   116.0   3.76   3.76   4.76   1   b45     —  CHARGE, BRK-B45
    15   CUST   13.866   392.2   0.01   3.77   5.08   0     —     —  —
    16   CUST   14.400   389.4   0.04   3.80   5.61   0     —     —  —
    17     CS   15.050   378.5   0.19   3.95   6.26   0     —     —  —
    18   CUST   15.364   342.1   0.50   4.27   6.57   0     —     —  —
    19     CS   15.930   335.1   0.57   4.33   7.14   0     —     —  —
    20     CS   16.178   306.6   0.82   4.58   7.39   0     —     —  —
    21     CS   16.427   278.2   1.07   4.83   7.64   0     —     —  —
    22     CS   16.696   251.5   1.34   5.10   7.91   0     —     —  —
    23   CUST   16.940   222.6   1.58   5.34   8.15   0     —     —  —
    24     CS   17.675   195.6   1.82   5.58   8.88   0     —     —  —
    25   CUST   17.994   162.1   2.13   5.90   9.20   0     —     —  —
    26   CUST   18.564   155.4   2.20   5.97   9.77   0     —    r2  REST-R2
    27     CS   28.312   130.7   0.25   0.25   0.25   1   b45     —  CHARGE, BRK-B45
    28   CUST   29.844   397.2   0.12   0.37   0.95   0     —     —  —
    29     CS   30.477   388.1   0.25   0.50   1.59   0     —     —  —
    30     CS   30.841   366.3   0.61   0.86   1.95   0     —     —  —
    31     CS   31.099   339.3   0.87   1.12   2.21   0     —     —  —
    32     CS   31.348   311.6   1.12   1.37   2.46   0     —     —  —
    33   CUST   31.605   284.5   1.38   1.63   2.72   0     —     —  —
    34     CS   32.341   263.5   1.62   1.86   3.45   0     —     —  —
    35     CS   32.553   240.7   1.83   2.08   3.66   0     —     —  —
    36     CS   32.797   220.1   2.07   2.32   3.91   0     —     —  —
    37     CS   32.803   219.5   2.08   2.33   3.91   1   b45     —  CHARGE, BRK-B45
    38   CUST   34.424   333.5   0.49   2.82   4.78   0     —     —  —
    39   CUST   35.298   297.7   0.86   3.19   5.66   0     —     —  —
    40     CS   36.113   262.6   1.18   3.50   6.47   0     —     —  —
    41     CS   36.340   241.7   1.41   3.73   6.70   0     —     —  —
    42     CS   36.600   211.8   1.67   3.99   6.96   0     —     —  —
    43     CS   36.873   183.1   1.94   4.26   7.23   0     —     —  —
    44     CS   37.143   154.2   2.21   4.53   7.50   1     —     —  CHARGE
    45     CS   38.045   214.6   2.43   4.75   8.41   0     —     —  —
    46     CS   38.258   192.9   2.64   4.97   8.62   0     —     —  —
[24/33] RshortCmanyTlarge_8          labelled   11 states in   5.4 min
  ScenarioTracker saved: /mnt/beegfs/users/celinep/ChargeAndBreak/ML/logs/RmediumCmanyTtight_3_DAGGER1_S1_H24_20260822_113521_scenarios.json

  === SIMULATION TRAJECTORY ===
  stop   type    t_arr     soc     cd     sd     sw   y   brk   rst  action
  ───────────────────────────────────────────────────────────────────────────────────────────────
     0   ORIG    8.000   500.0   0.00   0.00   0.00   0     —     —  —
     1     CS    8.241   474.7   0.24   0.24   0.24   0     —     —  —
     2     CS    8.493   450.3   0.49   0.49   0.49   0     —     —  —
     3     CS    8.720   423.7   0.72   0.72   0.72   0     —     —  —
     4     CS    8.995   392.9   1.00   1.00   1.00   0     —     —  —
     5     CS    9.275   362.5   1.28   1.28   1.28   0     —     —  —
     6     CS    9.547   331.3   1.55   1.55   1.55   0     —     —  —
     7     CS   10.327   294.0   2.33   2.33   2.33   0     —     —  —
     8     CS   10.621   262.5   2.62   2.62   2.62   0     —     —  —
     9     CS   10.905   230.2   2.91   2.91   2.91   0     —     —  —
    10     CS   11.237   201.4   3.24   3.24   3.24   0     —     —  —
    11     CS   11.509   170.7   3.51   3.51   3.51   0     —     —  —
    12     CS   11.782   140.0   3.78   3.78   3.78   1   b45     —  CHARGE, BRK-B45
    13     CS   13.411   429.1   0.24   4.03   4.38   0     —     —  —
    14     CS   13.693   403.5   0.53   4.31   4.66   0     —     —  —
    15     CS   13.953   376.5   0.79   4.57   4.92   0     —     —  —
    16     CS   14.194   347.6   1.03   4.81   5.16   0     —     —  —
    17     CS   14.400   324.7   1.23   5.02   5.37   0     —     —  —
    18     CS   14.633   303.7   1.47   5.25   5.60   0     —     —  —
    19     CS   14.830   279.9   1.66   5.44   5.80   0     —     —  —
    20     CS   15.287   234.0   2.12   5.90   6.26   0     —     —  —
    21     CS   15.588   202.4   2.42   6.20   6.56   0     —     —  —
    22     CS   15.876   169.6   2.71   6.49   6.85   0     —     —  —
    23     CS   16.306   144.2   3.14   6.92   7.27   1   b45     —  CHARGE, BRK-B45
    24   CUST   17.995   359.6   0.49   7.41   8.19   0     —     —  —
    25     CS   18.770   332.1   0.77   7.69   8.96   0     —     —  —
    26     CS   19.024   302.6   1.02   7.94   9.22   0     —     —  —
    27     CS   19.341   271.2   1.34   8.26   9.53   0     —     —  —
    28     CS   19.561   246.4   1.56   8.48   9.75   0     —     —  —
    29     CS   19.793   222.5   1.79   8.71   9.98   0     —     —  —
    30     CS   20.013   197.8   2.01   8.93  10.20   0     —     —  —
    31     CS   20.277   170.6   2.28   9.20  10.47   0     —     —  —
    32     CS   20.591   146.5   2.59   9.51  10.78   0     —     —  —
    33     CS   20.837   117.8   2.84   9.76  11.03   1     —    r2  CHARGE, REST-R2
    34     CS   31.103   383.9   0.22   0.22   0.22   0     —     —  —
    35     CS   31.357   360.2   0.48   0.48   0.48   0     —     —  —
    36     CS   31.600   335.8   0.72   0.72   0.72   0     —     —  —
    37     CS   31.888   304.6   1.01   1.01   1.01   0     —     —  —
    38     CS   32.212   276.1   1.33   1.33   1.33   0     —     —  —
    39     CS   32.492   244.0   1.61   1.61   1.61   0     —     —  —
    40     CS   32.764   212.2   1.88   1.88   1.88   0     —     —  —
    41     CS   33.045   181.1   2.17   2.17   2.17   0     —     —  —
    42     CS   33.343   149.2   2.46   2.46   2.46   0     —     —  —
    43     CS   33.623   115.6   2.74   2.74   2.74   1   b45     —  CHARGE, BRK-B45
    44     CS   35.072   382.8   0.32   3.06   3.33   0     —     —  —
    45     CS   35.331   352.0   0.58   3.32   3.59   0     —     —  —
    46     CS   35.591   321.2   0.84   3.58   3.85   0     —     —  —
    47     CS   35.869   292.3   1.12   3.86   4.13   0     —     —  —
    48     CS   36.137   262.4   1.39   4.13   4.40   0     —     —  —
    49   CUST   36.454   236.0   1.70   4.45   4.72   0     —     —  —
    50     CS   37.196   207.8   1.94   4.69   5.46   0     —     —  —
    51     CS   37.463   181.8   2.21   4.95   5.73   0     —     —  —
    52     CS   37.599   167.0   2.35   5.09   5.86   1   b45     —  CHARGE, BRK-B45
    53     CS   39.093   408.6   0.36   5.45   6.52   0     —     —  —
    54     CS   39.362   377.6   0.63   5.72   6.79   0     —     —  —
    55     CS   39.587   352.5   0.86   5.95   7.02   0     —     —  —
    56     CS   39.857   330.5   1.13   6.22   7.28   0     —     —  —
    57     CS   40.222   311.6   1.49   6.58   7.65   0     —     —  —
    58     CS   40.446   286.5   1.71   6.80   7.87   0     —     —  —
    59     CS   40.674   261.8   1.94   7.03   8.10   0     —     —  —
    60     CS   40.893   236.3   2.16   7.25   8.32   0     —     —  —
    61     CS   41.208   216.3   2.48   7.57   8.64   0     —     —  —
    62     CS   41.465   186.2   2.73   7.82   8.89   0     —     —  —
    63     CS   41.752   158.5   3.02   8.11   9.18   0     —     —  —
    64     CS   42.017   129.2   3.28   8.37   9.44   1   b45     —  CHARGE, BRK-B45
    65     CS   43.664   380.0   0.47   8.84  10.17   0     —     —  —
    66     CS   43.975   349.2   0.78   9.15  10.48   0     —     —  —
    67     CS   44.258   315.9   1.06   9.43  10.76   0     —     —  —
    68     CS   44.736   291.6   1.54   9.91  11.24   0     —    r2  REST-R2
    69     CS   54.147   263.1   0.24   0.24   0.24   0     —     —  —
    70   CUST   54.558   242.2   0.66   0.66   0.66   0     —     —  —
    71     CS   55.288   215.2   0.89   0.89   1.39   0     —     —  —
    72   CUST   55.529   189.3   1.13   1.13   1.63   0     —     —  —
    73     CS   56.129   177.2   1.23   1.23   2.23   1   b45     —  CHARGE, BRK-B45
    74   CUST   57.592   382.2   0.26   1.49   2.94   0     —     —  —
    75   CUST   58.547   356.7   0.72   1.94   3.90   0     —     —  —
    76   CUST   59.129   347.6   0.80   2.03   4.48   0     —     —  —
    77     CS   59.876   320.5   1.05   2.27   5.22   0     —     —  —
    78     CS   60.171   289.5   1.34   2.57   5.52   0     —     —  —
    79     CS   60.513   249.8   1.68   2.91   5.86   0     —     —  —
    80     CS   60.798   220.3   1.97   3.19   6.15   0     —     —  —
    81     CS   61.074   189.9   2.24   3.47   6.42   0     —     —  —
    82     CS   61.364   160.7   2.53   3.76   6.71   0     —     —  —
    83     CS   61.642   130.5   2.81   4.04   6.99   1   b45     —  CHARGE, BRK-B45
    84     CS   63.218   397.7   0.29   4.33   7.66   0     —     —  —
    85     CS   63.492   366.0   0.57   4.61   7.93   0     —     —  —
    86     CS   63.787   333.8   0.86   4.90   8.23   0     —     —  —
    87     CS   64.072   300.7   1.15   5.19   8.51   0     —     —  —
    88     CS   64.395   270.7   1.47   5.51   8.83   0     —     —  —
    89     CS   64.672   241.6   1.75   5.79   9.11   0     —     —  —
    90     CS   64.947   212.3   2.02   6.06   9.39   0     —     —  —
    91     CS   65.209   181.9   2.28   6.32   9.65   0     —     —  —
    92     CS   65.597   158.3   2.67   6.71  10.04   1     —    r2  CHARGE, REST-R2
    93     CS   75.583   251.1   0.28   0.28   0.28   0     —     —  —
    94     CS   75.876   221.0   0.57   0.57   0.57   0     —     —  —
    95     CS   76.271   196.1   0.97   0.97   0.97   1     —     —  CHARGE
    96     CS   77.240   283.8   1.26   1.26   1.94   0     —     —  —
    97     CS   77.525   251.6   1.55   1.55   2.22   0     —     —  —
[25/33] RmediumCmanyTtight_3         labelled   31 states in  49.6 min
  ScenarioTracker saved: /mnt/beegfs/users/celinep/ChargeAndBreak/ML/logs/RmediumCmanyTnone_12_DAGGER1_S1_H24_20260822_122459_scenarios.json

  === SIMULATION TRAJECTORY ===
  stop   type    t_arr     soc     cd     sd     sw   y   brk   rst  action
  ───────────────────────────────────────────────────────────────────────────────────────────────
     0   ORIG    8.000   500.0   0.00   0.00   0.00   0     —     —  —
     1     CS    8.235   474.1   0.23   0.23   0.23   0     —     —  —
     2     CS    8.502   450.7   0.50   0.50   0.50   0     —     —  —
     3     CS    8.739   425.1   0.74   0.74   0.74   0     —     —  —
     4     CS    9.021   392.9   1.02   1.02   1.02   0     —     —  —
     5     CS    9.320   362.3   1.32   1.32   1.32   0     —     —  —
     6     CS    9.574   334.1   1.57   1.57   1.57   0     —     —  —
     7     CS    9.820   305.0   1.82   1.82   1.82   0     —     —  —
     8     CS   10.082   277.5   2.08   2.08   2.08   0     —     —  —
     9     CS   10.332   248.9   2.33   2.33   2.33   0     —     —  —
    10     CS   10.922   213.0   2.92   2.92   2.92   0     —     —  —
    11     CS   11.320   189.7   3.32   3.32   3.32   0     —     —  —
    12     CS   11.600   160.8   3.60   3.60   3.60   0     —     —  —
    13     CS   11.884   132.2   3.88   3.88   3.88   1   b45     —  CHARGE, BRK-B45
    14     CS   13.446   390.4   0.38   4.26   4.60   0     —     —  —
    15     CS   13.721   358.7   0.65   4.54   4.88   0     —     —  —
    16     CS   14.000   330.4   0.93   4.82   5.16   0     —     —  —
    17     CS   14.277   301.8   1.21   5.09   5.43   0     —     —  —
    18     CS   14.552   273.1   1.48   5.37   5.71   0     —     —  —
    19     CS   14.880   247.7   1.81   5.70   6.04   0     —     —  —
    20     CS   15.088   224.1   2.02   5.90   6.24   0     —     —  —
    21     CS   15.351   204.2   2.28   6.17   6.51   0     —     —  —
    22     CS   15.596   183.4   2.53   6.41   6.75   0     —     —  —
    23     CS   15.841   156.1   2.77   6.66   7.00   0     —     —  —
    24     CS   16.107   130.6   3.04   6.92   7.26   1   b45     —  CHARGE, BRK-B45
    25     CS   17.607   403.0   0.28   7.20   7.82   0     —     —  —
    26     CS   17.909   372.9   0.58   7.51   8.12   0     —     —  —
    27   CUST   18.219   343.4   0.89   7.82   8.43   0     —     —  —
    28     CS   19.174   300.6   1.35   8.27   9.39   0     —     —  —
    29     CS   19.283   288.1   1.46   8.38   9.49   0     —     —  —
    30     CS   19.568   254.9   1.74   8.66   9.78   0     —     —  —
    31   CUST   19.883   224.4   2.06   8.98  10.09   0     —     —  —
    32     CS   20.588   203.3   2.26   9.18  10.80   0     —     —  —
    33     CS   20.777   180.7   2.45   9.37  10.99   0     —     —  —
    34     CS   20.966   158.1   2.64   9.56  11.18   1     —    r2  CHARGE, REST-R2
    35     CS   31.288   405.8   0.25   0.25   0.25   0     —     —  —
    36     CS   31.490   382.5   0.45   0.45   0.45   0     —     —  —
    37     CS   31.693   359.2   0.65   0.65   0.65   0     —     —  —
    38     CS   31.921   338.0   0.88   0.88   0.88   0     —     —  —
    39     CS   32.153   311.9   1.11   1.11   1.11   0     —     —  —
    40     CS   32.404   287.4   1.36   1.36   1.36   0     —     —  —
    41     CS   32.711   265.9   1.67   1.67   1.67   0     —     —  —
    42     CS   32.980   236.1   1.94   1.94   1.94   0     —     —  —
    43     CS   33.249   206.2   2.21   2.21   2.21   0     —     —  —
    44     CS   33.508   175.5   2.47   2.47   2.47   1   b45     —  CHARGE, BRK-B45
    45     CS   35.026   418.2   0.30   2.76   3.12   0     —     —  —
    46     CS   35.485   396.1   0.76   3.22   3.57   0     —     —  —
    47   CUST   35.747   365.6   1.02   3.49   3.84   0     —     —  —
    48     CS   36.432   351.9   1.20   3.67   4.52   0     —     —  —
    49   CUST   36.891   311.4   1.66   4.13   4.98   0     —     —  —
    50   CUST   37.701   290.8   1.97   4.44   5.79   0     —     —  —
    51   CUST   38.309   279.4   2.08   4.55   6.40   0     —     —  —
    52   CUST   38.909   274.6   2.18   4.65   7.00   0     —     —  —
    53   CUST   39.507   266.6   2.28   4.75   7.60   0     —     —  —
    54     CS   40.384   227.7   2.65   5.12   8.47   0     —     —  —
    55   CUST   40.482   216.5   2.75   5.22   8.57   0     —     —  —
    56     CS   41.120   201.9   2.89   5.36   9.21   0     —     —  —
    57     CS   41.766   166.7   3.54   6.00   9.86   1   b45     —  CHARGE, BRK-B45
    58     CS   43.289   419.2   0.28   6.28  10.46   0     —     —  —
    59     CS   43.566   387.8   0.55   6.56  10.74   0     —     —  —
    60     CS   43.836   355.6   0.82   6.83  11.01   0     —     —  —
    61     CS   44.072   332.9   1.06   7.06  11.24   0     —     —  —
    62     CS   44.291   308.7   1.28   7.28  11.46   0     —     —  —
    63     CS   44.506   284.2   1.49   7.50  11.67   0     —     —  —
    64     CS   44.760   257.8   1.75   7.75  11.93   0     —     —  —
    65     CS   44.997   229.7   1.98   7.99  12.17   0     —    r2  REST-R2
    66     CS   54.434   200.8   0.27   0.27   0.27   0     —     —  —
    67     CS   54.691   170.7   0.53   0.53   0.53   0     —     —  —
    68     CS   55.003   144.6   0.84   0.84   0.84   1   b45     —  CHARGE, BRK-B45
    69     CS   56.715   412.8   0.40   1.24   1.63   0     —     —  —
    70     CS   57.043   384.5   0.73   1.57   1.96   0     —     —  —
    71   CUST   57.332   353.3   1.02   1.86   2.25   0     —     —  —
    72   CUST   58.031   332.5   1.22   2.06   2.95   0     —     —  —
    73   CUST   58.621   321.8   1.31   2.15   3.54   0     —     —  —
    74     CS   59.192   314.0   1.38   2.22   4.11   0     —     —  —
    75   CUST   59.369   293.6   1.56   2.40   4.29   0     —     —  —
    76   CUST   60.226   251.6   1.92   2.76   5.14   0     —     —  —
    77   CUST   60.898   236.4   2.09   2.93   5.82   0     —     —  —
    78     CS   61.470   228.7   2.16   3.00   6.39   0     —     —  —
    79     CS   61.801   196.1   2.49   3.33   6.72   0     —     —  —
    80     CS   62.142   173.4   2.83   3.67   7.06   0     —     —  —
    81     CS   62.419   147.5   3.11   3.95   7.34   1   b45     —  CHARGE, BRK-B45
    82     CS   63.714   370.5   0.25   4.20   7.88   0     —     —  —
    83     CS   63.972   340.9   0.51   4.46   8.14   0     —     —  —
    84     CS   64.248   310.2   0.79   4.74   8.42   0     —     —  —
    85     CS   64.650   286.0   1.19   5.14   8.82   0     —     —  —
    86     CS   64.924   255.1   1.47   5.41   9.09   0     —     —  —
    87     CS   65.149   235.0   1.69   5.64   9.32   0     —     —  —
    88     CS   65.360   214.0   1.90   5.85   9.53   0     —     —  —
    89     CS   65.552   191.3   2.09   6.04   9.72   1     —    r2  CHARGE, REST-R2
    90     CS   75.912   400.4   0.29   0.29   0.29   0     —     —  —
    91     CS   76.197   368.9   0.57   0.57   0.57   0     —     —  —
    92     CS   76.490   338.2   0.87   0.87   0.87   0     —     —  —
    93     CS   76.724   314.0   1.10   1.10   1.10   0     —     —  —
    94     CS   76.963   290.2   1.34   1.34   1.34   0     —     —  —
    95     CS   77.187   265.2   1.56   1.56   1.56   0     —     —  —
    96     CS   77.405   239.5   1.78   1.78   1.78   0     —     —  —
    97     CS   77.759   203.2   2.14   2.14   2.14   1     —     —  CHARGE
    98     CS   78.598   302.6   2.37   2.37   2.97   0     —     —  —
    99     CS   78.851   277.1   2.62   2.62   3.23   0     —     —  —
   100     CS   79.118   252.7   2.89   2.89   3.49   0     —     —  —
[26/33] RmediumCmanyTnone_12         labelled   32 states in  56.5 min
  ScenarioTracker saved: /mnt/beegfs/users/celinep/ChargeAndBreak/ML/logs/RmediumCmanyTmedium_12_DAGGER1_S1_H24_20260822_132131_scenarios.json

  === SIMULATION TRAJECTORY ===
  stop   type    t_arr     soc     cd     sd     sw   y   brk   rst  action
  ───────────────────────────────────────────────────────────────────────────────────────────────
     0   ORIG    8.000   500.0   0.00   0.00   0.00   0     —     —  —
     1     CS    8.232   473.9   0.23   0.23   0.23   0     —     —  —
     2     CS    8.540   452.4   0.54   0.54   0.54   0     —     —  —
     3     CS    8.782   427.2   0.78   0.78   0.78   0     —     —  —
     4     CS    8.988   404.2   0.99   0.99   0.99   0     —     —  —
     5     CS    9.220   383.3   1.22   1.22   1.22   0     —     —  —
     6     CS    9.436   361.2   1.44   1.44   1.44   0     —     —  —
     7     CS    9.823   342.7   1.82   1.82   1.82   0     —     —  —
     8     CS   10.046   317.3   2.05   2.05   2.05   0     —     —  —
     9     CS   10.272   292.3   2.27   2.27   2.27   0     —     —  —
    10     CS   10.517   266.7   2.52   2.52   2.52   0     —     —  —
    11     CS   10.749   240.1   2.75   2.75   2.75   0     —     —  —
    12     CS   11.009   215.7   3.01   3.01   3.01   0     —     —  —
    13     CS   11.242   189.0   3.24   3.24   3.24   0     —     —  —
    14     CS   11.470   164.2   3.47   3.47   3.47   0     —     —  —
    15     CS   11.691   138.7   3.69   3.69   3.69   0     —     —  —
    16     CS   11.926   114.4   3.93   3.93   3.93   1   b45     —  CHARGE, BRK-B45
    17     CS   13.475   388.7   0.24   4.16   4.58   0     —     —  —
    18     CS   13.760   364.4   0.52   4.45   4.86   0     —     —  —
    19     CS   14.006   342.3   0.77   4.69   5.11   0     —     —  —
    20     CS   14.236   319.0   1.00   4.92   5.34   0     —     —  —
    21     CS   14.467   295.9   1.23   5.16   5.57   0     —     —  —
    22     CS   14.707   267.3   1.47   5.40   5.81   0     —     —  —
    23     CS   14.952   239.3   1.71   5.64   6.05   0     —     —  —
    24     CS   15.239   214.4   2.00   5.93   6.34   1   b45     —  CHARGE, BRK-B45
    25     CS   16.580   402.5   0.20   6.13   6.93   0     —     —  —
    26     CS   16.810   382.0   0.43   6.36   7.16   0     —     —  —
    27     CS   17.005   358.8   0.62   6.55   7.36   0     —     —  —
    28     CS   17.261   328.5   0.88   6.81   7.61   0     —     —  —
    29     CS   17.540   300.3   1.16   7.08   7.89   0     —     —  —
    30   CUST   17.858   274.6   1.48   7.40   8.21   0     —     —  —
    31     CS   18.853   250.9   1.97   7.90   9.20   0     —     —  —
    32     CS   19.142   218.8   2.26   8.19   9.49   0     —     —  —
    33   CUST   19.148   218.2   2.27   8.19   9.50   0     —     —  —
    34     CS   20.076   171.0   2.69   8.62  10.43   0     —     —  —
    35     CS   20.366   140.1   2.98   8.91  10.72   0     —     —  —
    36     CS   20.690   111.7   3.31   9.24  11.04   1   b45     —  CHARGE, BRK-B45
    37     CS   22.076   402.6   0.21   9.45  11.48   0     —    r2  REST-R2
    38     CS   31.468   380.4   0.23   0.23   0.23   0     —     —  —
    39     CS   31.672   356.5   0.43   0.43   0.43   0     —     —  —
    40     CS   31.944   334.6   0.70   0.70   0.70   0     —     —  —
    41     CS   32.167   309.3   0.92   0.92   0.92   0     —     —  —
    42     CS   32.386   283.5   1.14   1.14   1.14   0     —     —  —
    43     CS   32.623   255.5   1.38   1.38   1.38   0     —     —  —
    44     CS   32.964   233.6   1.72   1.72   1.72   0     —     —  —
    45     CS   33.205   205.9   1.96   1.96   1.96   0     —     —  —
    46     CS   33.475   179.9   2.23   2.23   2.23   0     —     —  —
    47     CS   33.737   153.3   2.49   2.49   2.49   0     —     —  —
    48     CS   33.999   126.8   2.76   2.76   2.76   1   b45     —  CHARGE, BRK-B45
    49     CS   35.438   411.0   0.22   2.98   3.23   0     —     —  —
    50     CS   35.671   387.4   0.45   3.21   3.47   0     —     —  —
    51     CS   35.889   362.4   0.67   3.43   3.69   0     —     —  —
    52     CS   36.098   338.9   0.88   3.64   3.90   0     —     —  —
    53     CS   36.321   316.6   1.10   3.86   4.12   0     —     —  —
    54     CS   36.601   297.4   1.38   4.14   4.40   0     —     —  —
    55     CS   36.854   268.5   1.64   4.39   4.65   0     —     —  —
    56     CS   37.107   239.6   1.89   4.65   4.90   0     —     —  —
    57     CS   37.366   211.2   2.15   4.91   5.16   1   b45     —  CHARGE, BRK-B45
    58   CUST   38.757   308.1   0.44   5.34   5.80   0     —     —  —
    59     CS   39.568   279.9   0.75   5.65   6.62   0     —     —  —
    60   CUST   39.847   249.3   1.03   5.93   6.89   0     —     —  —
    61   CUST   40.439   238.8   1.12   6.03   7.49   0     —     —  —
    62     CS   41.104   222.9   1.28   6.19   8.15   0     —     —  —
    63   CUST   41.243   210.5   1.42   6.33   8.29   0     —     —  —
    64     CS   41.997   181.2   1.68   6.58   9.04   0     —     —  —
    65     CS   42.254   152.1   1.93   6.84   9.30   0     —     —  —
    66     CS   42.422   137.4   2.10   7.01   9.47   1   b45     —  CHARGE, BRK-B45
    67     CS   43.734   372.3   0.30   7.31  10.03   0     —     —  —
    68     CS   43.998   345.9   0.57   7.57  10.30   0     —     —  —
    69     CS   44.268   319.8   0.84   7.84  10.57   0     —     —  —
    70     CS   44.580   300.1   1.15   8.16  10.88   0     —     —  —
    71     CS   44.903   280.7   1.47   8.48  11.20   0     —     —  —
    72     CS   45.141   257.4   1.71   8.72  11.44   0     —     —  —
    73     CS   45.374   233.7   1.94   8.95  11.67   0     —    r2  REST-R2
    74     CS   54.913   194.4   0.37   0.37   0.37   0     —     —  —
    75     CS   55.120   170.8   0.58   0.58   0.58   0     —     —  —
    76     CS   55.347   148.7   0.81   0.81   0.81   0     —     —  —
    77     CS   55.707   131.5   1.17   1.17   1.17   1   b45     —  CHARGE, BRK-B45
    78     CS   57.029   394.5   0.26   1.42   1.63   0     —     —  —
    79     CS   57.260   368.3   0.49   1.65   1.86   0     —     —  —
    80     CS   57.496   342.6   0.72   1.89   2.09   0     —     —  —
    81   CUST   57.736   317.2   0.96   2.13   2.34   0     —     —  —
    82     CS   58.450   292.1   1.18   2.34   3.05   0     —     —  —
    83     CS   58.674   267.9   1.40   2.57   3.27   0     —     —  —
    84     CS   58.889   243.0   1.62   2.78   3.49   0     —     —  —
    85     CS   59.140   220.7   1.87   3.03   3.74   0     —     —  —
    86     CS   59.146   220.1   1.87   3.04   3.74   0     —     —  —
    87     CS   59.481   188.8   2.21   3.37   4.08   1   b45     —  CHARGE, BRK-B45
    88     CS   60.714   396.6   0.28   3.66   4.56   0     —     —  —
    89     CS   61.079   368.9   0.65   4.02   4.93   0     —     —  —
    90     CS   61.381   337.4   0.95   4.32   5.23   0     —     —  —
    91     CS   61.642   308.0   1.21   4.59   5.49   0     —     —  —
    92     CS   61.965   282.8   1.53   4.91   5.81   0     —     —  —
    93     CS   62.254   251.7   1.82   5.20   6.10   0     —     —  —
    94     CS   62.532   219.5   2.10   5.48   6.38   0     —     —  —
    95     CS   62.837   189.7   2.41   5.78   6.68   1   b45     —  CHARGE, BRK-B45
    96     CS   64.426   445.0   0.26   6.04   7.32   0     —     —  —
    97     CS   64.678   419.5   0.51   6.29   7.57   0     —     —  —
    98     CS   64.961   396.0   0.80   6.58   7.86   0     —     —  —
    99     CS   65.212   370.4   1.05   6.83   8.11   0     —     —  —
   100     CS   65.438   348.3   1.27   7.05   8.33   0     —     —  —
   101     CS   65.645   324.7   1.48   7.26   8.54   0     —     —  —
   102     CS   65.851   301.0   1.69   7.47   8.75   0     —     —  —
   103     CS   66.332   272.5   2.17   7.95   9.23   0     —     —  —
   104     CS   66.592   247.0   2.43   8.21   9.49   0     —     —  —
   105     CS   66.831   219.8   2.67   8.45   9.73   0     —     —  —
   106     CS   67.103   195.2   2.94   8.72  10.00   0     —     —  —
   107     CS   67.358   169.3   3.19   8.97  10.25   1     —     —  CHARGE
   108     CS   68.322   257.0   3.41   9.19  11.22   0     —     —  —
   109     CS   68.558   233.5   3.65   9.43  11.45   0     —     —  —
[27/33] RmediumCmanyTmedium_12       labelled   40 states in  60.9 min
  ScenarioTracker saved: /mnt/beegfs/users/celinep/ChargeAndBreak/ML/logs/RlongCfewTtight_9_DAGGER1_S1_H24_20260822_142223_scenarios.json

  === SIMULATION TRAJECTORY ===
  stop   type    t_arr     soc     cd     sd     sw   y   brk   rst  action
  ───────────────────────────────────────────────────────────────────────────────────────────────
     0   ORIG    8.000   500.0   0.00   0.00   0.00   0     —     —  —
     1     CS    8.281   477.3   0.28   0.28   0.28   0     —     —  —
     2     CS    8.601   456.3   0.60   0.60   0.60   0     —     —  —
     3     CS    8.847   431.4   0.85   0.85   0.85   0     —     —  —
     4     CS    9.167   403.2   1.17   1.17   1.17   0     —     —  —
     5     CS    9.516   376.6   1.52   1.52   1.52   0     —     —  —
     6     CS    9.801   349.7   1.80   1.80   1.80   0     —     —  —
     7     CS   10.082   322.6   2.08   2.08   2.08   0     —     —  —
     8     CS   10.338   293.4   2.34   2.34   2.34   0     —     —  —
     9     CS   10.603   264.9   2.60   2.60   2.60   0     —     —  —
    10     CS   10.800   242.0   2.80   2.80   2.80   0     —     —  —
    11     CS   11.005   219.7   3.00   3.00   3.00   0     —     —  —
    12     CS   11.209   197.4   3.21   3.21   3.21   0     —     —  —
    13     CS   11.459   169.0   3.46   3.46   3.46   0     —     —  —
    14     CS   11.724   141.9   3.72   3.72   3.72   0     —     —  —
    15     CS   11.971   113.2   3.97   3.97   3.97   1   b45     —  CHARGE, BRK-B45
    16     CS   13.252   374.5   0.22   4.19   4.44   0     —     —  —
    17     CS   13.461   350.9   0.42   4.39   4.65   0     —     —  —
    18     CS   13.699   329.7   0.66   4.63   4.89   0     —     —  —
    19     CS   13.962   299.3   0.92   4.90   5.15   0     —     —  —
    20     CS   14.220   268.4   1.18   5.15   5.41   0     —     —  —
    21     CS   14.457   247.1   1.42   5.39   5.65   0     —     —  —
    22     CS   14.666   223.7   1.63   5.60   5.85   0     —     —  —
    23     CS   14.943   204.3   1.91   5.88   6.13   0     —     —  —
    24     CS   15.225   170.9   2.19   6.16   6.41   0     —     —  —
    25     CS   15.514   138.3   2.48   6.45   6.70   0     —     —  —
    26     CS   15.806   105.8   2.77   6.74   6.99   1   b45     —  CHARGE, BRK-B45
    27     CS   17.386   397.7   0.28   7.02   7.60   0     —     —  —
    28     CS   17.654   368.6   0.55   7.29   7.87   0     —     —  —
    29     CS   17.935   340.5   0.83   7.57   8.15   0     —     —  —
    30     CS   18.322   300.2   1.22   7.95   8.54   0     —     —  —
    31     CS   18.618   268.1   1.51   8.25   8.84   0     —     —  —
    32     CS   19.022   242.0   1.92   8.66   9.24   0     —     —  —
    33     CS   19.312   209.3   2.20   8.94   9.53   0     —     —  —
    34     CS   19.547   181.0   2.44   9.18   9.76   0     —     —  —
    35     CS   19.791   153.7   2.68   9.42  10.01   0     —     —  —
    36     CS   20.042   127.0   2.94   9.67  10.26   1     —    r2  CHARGE, REST-R2
    37     CS   30.476   394.7   0.30   0.30   0.30   0     —     —  —
    38     CS   30.732   364.5   0.55   0.55   0.55   0     —     —  —
    39     CS   30.990   334.4   0.81   0.81   0.81   0     —     —  —
    40     CS   31.245   306.6   1.07   1.07   1.07   0     —     —  —
    41     CS   31.503   278.8   1.32   1.32   1.32   0     —     —  —
    42     CS   31.762   251.2   1.58   1.58   1.58   0     —     —  —
    43     CS   32.035   226.2   1.86   1.86   1.86   0     —     —  —
    44     CS   32.275   198.4   2.10   2.10   2.10   0     —     —  —
    45     CS   32.555   173.8   2.38   2.38   2.38   1   b45     —  CHARGE, BRK-B45
    46     CS   33.939   413.2   0.21   2.59   2.92   0     —     —  —
    47     CS   34.181   390.1   0.45   2.83   3.16   0     —     —  —
    48     CS   34.423   367.1   0.70   3.07   3.40   0     —     —  —
    49     CS   34.766   334.3   1.04   3.42   3.75   0     —     —  —
    50     CS   35.044   304.2   1.32   3.69   4.03   0     —     —  —
    51     CS   35.460   280.6   1.73   4.11   4.44   0     —     —  —
    52     CS   35.739   250.5   2.01   4.39   4.72   0     —     —  —
    53     CS   36.073   224.1   2.35   4.72   5.05   0     —     —  —
    54     CS   36.476   187.0   2.75   5.13   5.46   1   b45     —  CHARGE, BRK-B45
    55     CS   38.059   408.4   0.23   5.36   6.26   0     —     —  —
    56     CS   38.299   383.6   0.47   5.60   6.50   0     —     —  —
    57     CS   38.520   357.0   0.69   5.82   6.72   0     —     —  —
    58     CS   38.753   331.6   0.93   6.05   6.96   0     —     —  —
    59     CS   39.036   305.1   1.21   6.34   7.24   0     —     —  —
    60     CS   39.315   278.4   1.49   6.62   7.52   0     —     —  —
    61     CS   39.594   251.6   1.77   6.89   7.80   0     —     —  —
    62     CS   39.888   224.8   2.06   7.19   8.09   0     —     —  —
    63     CS   40.150   195.6   2.32   7.45   8.35   0     —     —  —
    64     CS   40.435   173.1   2.61   7.74   8.64   0     —     —  —
    65     CS   40.673   147.5   2.85   7.97   8.88   0     —     —  —
    66     CS   40.921   122.8   3.09   8.22   9.12   1   b45     —  CHARGE, BRK-B45
    67     CS   42.418   390.1   0.24   8.46   9.76   0     —     —  —
    68     CS   42.675   366.5   0.50   8.72  10.01   0     —     —  —
    69     CS   42.959   344.4   0.78   9.01  10.30   0     —     —  —
    70     CS   43.249   322.6   1.07   9.30  10.59   0     —     —  —
    71     CS   43.472   297.3   1.30   9.52  10.81   0     —     —  —
    72     CS   43.695   271.9   1.52   9.74  11.03   0     —    r2  REST-R2
    73     CS   53.083   246.4   0.22   0.22   0.22   0     —     —  —
    74     CS   53.368   217.9   0.51   0.51   0.51   0     —     —  —
    75     CS   53.632   187.7   0.77   0.77   0.77   0     —     —  —
    76     CS   53.831   165.7   0.97   0.97   0.97   0     —     —  —
    77     CS   54.023   143.0   1.16   1.16   1.16   0     —     —  —
    78     CS   54.217   120.5   1.36   1.36   1.36   1   b45     —  CHARGE, BRK-B45
    79     CS   55.670   387.5   0.22   1.58   1.95   0     —     —  —
    80     CS   55.902   363.0   0.45   1.81   2.18   0     —     —  —
    81     CS   56.137   338.6   0.69   2.04   2.41   0     —     —  —
    82     CS   56.400   311.4   0.95   2.31   2.68   0     —     —  —
    83     CS   56.661   284.0   1.21   2.57   2.94   0     —     —  —
    84     CS   56.970   259.7   1.52   2.88   3.25   0     —     —  —
    85     CS   57.234   231.0   1.79   3.14   3.51   0     —     —  —
    86     CS   57.487   201.3   2.04   3.40   3.76   0     —     —  —
    87     CS   57.739   171.4   2.29   3.65   4.01   1   b45     —  CHARGE, BRK-B45
    88     CS   59.241   418.9   0.25   3.90   4.64   0     —     —  —
    89     CS   59.486   392.4   0.49   4.14   4.88   0     —     —  —
    90   CUST   59.718   364.6   0.73   4.37   5.11   0     —     —  —
    91     CS   60.418   343.2   0.93   4.57   5.82   0     —     —  —
    92     CS   60.630   322.6   1.14   4.79   6.03   0     —     —  —
    93     CS   60.820   300.0   1.33   4.97   6.22   0     —     —  —
    94   CUST   60.988   281.2   1.50   5.14   6.39   0     —     —  —
    95     CS   61.763   248.2   1.77   5.42   7.16   0     —     —  —
    96     CS   62.088   212.9   2.10   5.74   7.48   0     —     —  —
    97     CS   62.309   188.2   2.32   5.96   7.71   0     —     —  —
    98     CS   62.548   165.0   2.56   6.20   7.95   0     —     —  —
    99     CS   62.774   140.7   2.78   6.43   8.17   1   b45     —  CHARGE, BRK-B45
   100     CS   64.245   390.5   0.29   6.71   8.78   0     —     —  —
   101     CS   64.541   358.4   0.58   7.01   9.08   0     —     —  —
   102     CS   64.826   325.2   0.87   7.29   9.36   0     —     —  —
   103     CS   65.022   302.2   1.06   7.49   9.56   0     —     —  —
   104     CS   65.220   279.3   1.26   7.69   9.76   0     —     —  —
   105     CS   65.436   257.9   1.48   7.90   9.97   0     —     —  —
   106     CS   65.789   241.0   1.83   8.26  10.33   0     —     —  —
   107     CS   66.020   219.9   2.06   8.49  10.56   0     —     —  —
   108     CS   66.224   196.8   2.26   8.69  10.76   1     —    r2  CHARGE, REST-R2
   109     CS   76.356   335.4   0.32   0.32   0.32   0     —     —  —
   110     CS   76.618   306.5   0.58   0.58   0.58   0     —     —  —
   111     CS   76.889   278.5   0.85   0.85   0.85   0     —     —  —
   112     CS   77.130   250.8   1.09   1.09   1.09   0     —     —  —
   113     CS   77.426   227.1   1.39   1.39   1.39   0     —     —  —
   114     CS   77.747   204.4   1.71   1.71   1.71   0     —     —  —
   115     CS   78.062   185.3   2.02   2.02   2.02   0     —     —  —
   116     CS   78.296   162.4   2.26   2.26   2.26   0     —     —  —
   117     CS   78.558   141.2   2.52   2.52   2.52   1   b45     —  CHARGE, BRK-B45
   118     CS   80.044   408.5   0.33   2.85   3.09   0     —     —  —
   119     CS   80.305   377.9   0.59   3.11   3.35   0     —     —  —
   120     CS   80.572   348.6   0.86   3.38   3.62   0     —     —  —
   121     CS   80.931   324.5   1.22   3.74   3.98   0     —     —  —
   122     CS   81.222   297.0   1.51   4.03   4.27   0     —     —  —
   123   CUST   81.496   268.2   1.78   4.30   4.55   0     —     —  —
   124     CS   82.219   244.8   2.01   4.52   5.27   0     —     —  —
   125     CS   82.451   219.9   2.24   4.76   5.50   0     —     —  —
   126     CS   82.717   188.1   2.50   5.02   5.77   0     —     —  —
   127     CS   83.042   160.9   2.83   5.35   6.09   0     —     —  —
   128     CS   83.318   130.2   3.10   5.62   6.37   1   b45     —  CHARGE, BRK-B45
   129     CS   84.866   427.0   0.27   5.89   6.91   0     —     —  —
   130     CS   85.087   403.9   0.49   6.11   7.13   0     —     —  —
   131     CS   85.330   382.2   0.73   6.35   7.37   0     —     —  —
   132     CS   85.584   352.7   0.98   6.61   7.63   0     —     —  —
   133     CS   85.870   325.6   1.27   6.89   7.91   0     —     —  —
   134     CS   86.145   297.9   1.55   7.17   8.19   0     —     —  —
   135     CS   86.378   271.0   1.78   7.40   8.42   0     —     —  —
   136     CS   86.620   245.1   2.02   7.64   8.66   0     —     —  —
   137     CS   86.882   220.7   2.28   7.91   8.92   0     —    r1  REST-R1
   138     CS   98.296   200.6   0.25   0.25   0.25   0     —     —  —
   139     CS   98.499   177.4   0.45   0.45   0.45   0     —     —  —
   140     CS   98.728   156.2   0.68   0.68   0.68   1   b45     —  CHARGE, BRK-B45
   141     CS  100.179   402.9   0.34   1.02   1.30   0     —     —  —
   142     CS  100.430   373.8   0.59   1.27   1.55   0     —     —  —
   143     CS  100.710   341.0   0.87   1.55   1.83   0     —     —  —
   144     CS  101.063   313.4   1.23   1.90   2.19   0     —     —  —
   145     CS  101.402   285.0   1.57   2.24   2.52   0     —     —  —
   146     CS  101.753   262.6   1.92   2.59   2.88   0     —     —  —
   147     CS  102.008   235.1   2.17   2.85   3.13   0     —     —  —
   148     CS  102.274   205.9   2.44   3.12   3.40   0     —     —  —
   149     CS  102.561   178.2   2.72   3.40   3.68   0     —     —  —
   150     CS  102.889   153.0   3.05   3.73   4.01   1   b45     —  CHARGE, BRK-B45
   151     CS  104.249   387.1   0.22   3.95   4.60   0     —     —  —
   152     CS  104.473   361.6   0.45   4.18   4.83   0     —     —  —
   153     CS  104.769   340.4   0.74   4.47   5.12   0     —     —  —
   154     CS  105.000   315.4   0.97   4.70   5.35   0     —     —  —
   155     CS  105.252   286.4   1.22   4.96   5.60   0     —     —  —
   156     CS  105.518   258.6   1.49   5.22   5.87   0     —     —  —
   157     CS  105.766   229.2   1.74   5.47   6.12   0     —     —  —
   158     CS  106.245   180.6   2.22   5.95   6.60   1   b45     —  CHARGE, BRK-B45
   159     CS  107.819   418.7   0.28   6.23   7.29   0     —     —  —
   160     CS  108.136   389.6   0.60   6.55   7.61   0     —     —  —
   161     CS  108.411   357.2   0.88   6.83   7.89   0     —     —  —
   162     CS  108.724   327.5   1.19   7.14   8.20   0     —     —  —
   163     CS  109.030   297.4   1.50   7.44   8.50   0     —     —  —
   164     CS  109.381   272.0   1.85   7.80   8.85   0     —     —  —
   165     CS  109.668   243.0   2.13   8.08   9.14   0     —     —  —
   166     CS  110.027   217.9   2.49   8.44   9.50   0     —     —  —
   167     CS  110.278   189.7   2.74   8.69   9.75   0     —    r1  REST-R1
   168     CS  121.746   165.0   0.30   0.30   0.30   0     —     —  —
[28/33] RlongCfewTtight_9            labelled   62 states in 122.4 min
  ScenarioTracker saved: /mnt/beegfs/users/celinep/ChargeAndBreak/ML/logs/RlongCfewTnone_16_DAGGER1_S1_H24_20260822_162449_scenarios.json

  === SIMULATION TRAJECTORY ===
  stop   type    t_arr     soc     cd     sd     sw   y   brk   rst  action
  ───────────────────────────────────────────────────────────────────────────────────────────────
     0   ORIG    8.000   500.0   0.00   0.00   0.00   0     —     —  —
     1     CS    8.250   475.4   0.25   0.25   0.25   0     —     —  —
     2     CS    8.534   452.9   0.53   0.53   0.53   0     —     —  —
     3     CS    8.794   429.0   0.79   0.79   0.79   0     —     —  —
     4     CS    9.031   405.1   1.03   1.03   1.03   0     —     —  —
     5     CS    9.264   380.8   1.26   1.26   1.26   0     —     —  —
     6     CS    9.501   356.8   1.50   1.50   1.50   0     —     —  —
     7     CS    9.720   331.4   1.72   1.72   1.72   0     —     —  —
     8     CS    9.939   308.0   1.94   1.94   1.94   0     —     —  —
     9     CS   10.147   283.7   2.15   2.15   2.15   0     —     —  —
    10     CS   10.365   260.2   2.37   2.37   2.37   0     —     —  —
    11     CS   10.607   235.7   2.61   2.61   2.61   0     —     —  —
    12     CS   10.832   209.7   2.83   2.83   2.83   0     —     —  —
    13     CS   11.058   183.9   3.06   3.06   3.06   0     —     —  —
    14     CS   11.305   163.8   3.31   3.31   3.31   0     —     —  —
    15     CS   11.503   140.1   3.50   3.50   3.50   0     —     —  —
    16     CS   11.706   116.8   3.71   3.71   3.71   1   b45     —  CHARGE, BRK-B45
    17     CS   13.217   412.3   0.20   3.90   4.23   0     —     —  —
    18     CS   13.416   389.5   0.40   4.10   4.43   0     —     —  —
    19     CS   13.626   367.6   0.61   4.31   4.64   0     —     —  —
    20     CS   13.899   345.2   0.88   4.58   4.91   0     —     —  —
    21     CS   14.146   321.1   1.13   4.83   5.16   0     —     —  —
    22     CS   14.431   299.2   1.41   5.12   5.45   0     —     —  —
    23     CS   14.638   277.2   1.62   5.32   5.65   0     —     —  —
    24     CS   14.870   256.9   1.85   5.56   5.88   0     —     —  —
    25     CS   15.094   236.0   2.07   5.78   6.11   0     —     —  —
    26     CS   15.329   209.4   2.31   6.01   6.34   0     —     —  —
    27     CS   15.565   182.9   2.55   6.25   6.58   0     —     —  —
    28     CS   15.818   157.9   2.80   6.50   6.83   1   b45     —  CHARGE, BRK-B45
    29     CS   17.492   424.7   0.25   6.76   7.55   0     —     —  —
    30     CS   17.779   398.5   0.54   7.04   7.83   0     —     —  —
    31     CS   18.194   377.0   0.96   7.46   8.25   0     —     —  —
    32     CS   18.481   345.7   1.24   7.75   8.54   0     —     —  —
    33     CS   18.755   313.1   1.52   8.02   8.81   0     —     —  —
    34     CS   19.154   287.8   1.91   8.42   9.21   0     —     —  —
    35     CS   19.414   258.8   2.18   8.68   9.47   0     —     —  —
    36     CS   19.672   229.5   2.43   8.94   9.73   0     —     —  —
    37     CS   19.969   203.3   2.73   9.23  10.02   0     —     —  —
    38     CS   20.359   163.1   3.12   9.62  10.41   1     —    r2  CHARGE, REST-R2
    39     CS   30.973   394.7   0.27   0.27   0.27   0     —     —  —
    40     CS   31.217   365.7   0.52   0.52   0.52   0     —     —  —
    41     CS   31.650   344.9   0.95   0.95   0.95   0     —     —  —
    42     CS   31.919   319.6   1.22   1.22   1.22   0     —     —  —
    43     CS   32.174   293.2   1.48   1.48   1.48   0     —     —  —
    44     CS   32.488   270.3   1.79   1.79   1.79   0     —     —  —
    45     CS   32.773   250.1   2.07   2.07   2.07   0     —     —  —
    46     CS   33.007   227.3   2.31   2.31   2.31   0     —     —  —
    47     CS   33.220   202.6   2.52   2.52   2.52   0     —     —  —
    48     CS   33.493   170.7   2.79   2.79   2.79   0     —     —  —
    49     CS   33.942   147.2   3.24   3.24   3.24   0     —     —  —
    50     CS   34.319   121.7   3.62   3.62   3.62   1   b45     —  CHARGE, BRK-B45
    51     CS   35.945   364.9   0.45   4.08   4.36   0     —     —  —
    52     CS   36.230   333.6   0.74   4.36   4.65   0     —     —  —
    53     CS   36.510   301.8   1.02   4.64   4.93   0     —     —  —
    54     CS   36.850   274.3   1.36   4.98   5.27   0     —     —  —
    55     CS   37.121   241.6   1.63   5.25   5.54   0     —     —  —
    56     CS   37.373   212.6   1.88   5.50   5.79   0     —     —  —
    57     CS   37.633   184.3   2.14   5.76   6.05   0     —     —  —
    58     CS   37.863   156.8   2.37   5.99   6.28   0     —     —  —
    59     CS   38.145   133.3   2.66   6.28   6.56   1   b45     —  CHARGE, BRK-B45
    60     CS   39.813   421.0   0.28   6.55   7.21   0     —     —  —
    61     CS   40.105   392.0   0.57   6.84   7.50   0     —     —  —
    62     CS   40.385   362.0   0.85   7.12   7.78   0     —     —  —
    63     CS   40.652   330.8   1.12   7.39   8.05   0     —     —  —
    64     CS   40.945   302.9   1.41   7.68   8.34   0     —     —  —
    65     CS   41.170   277.4   1.63   7.91   8.57   0     —     —  —
    66     CS   41.408   253.0   1.87   8.15   8.81   0     —     —  —
    67     CS   41.655   229.2   2.12   8.39   9.05   0     —     —  —
    68     CS   41.877   203.4   2.34   8.62   9.28   1   b45     —  CHARGE, BRK-B45
    69     CS   43.358   402.9   0.24   8.85  10.01   0     —     —  —
    70     CS   43.588   377.8   0.47   9.08  10.24   0     —     —  —
    71     CS   43.824   353.2   0.70   9.32  10.47   0     —     —  —
    72     CS   44.090   330.7   0.97   9.58  10.74   0     —     —  —
    73     CS   44.322   306.1   1.20   9.82  10.97   0     —    r2  REST-R2
    74     CS   53.716   281.2   0.23   0.23   0.23   0     —     —  —
    75     CS   53.970   258.3   0.48   0.48   0.48   0     —     —  —
    76     CS   54.222   230.5   0.73   0.73   0.73   0     —     —  —
    77     CS   54.465   201.7   0.98   0.98   0.98   1   b45     —  CHARGE, BRK-B45
    78     CS   56.320   383.2   0.22   1.20   2.08   0     —     —  —
    79     CS   56.616   362.0   0.52   1.50   2.38   0     —     —  —
    80     CS   56.844   336.8   0.75   1.72   2.61   0     —     —  —
    81     CS   57.078   312.0   0.98   1.96   2.84   0     —     —  —
    82     CS   57.337   281.3   1.24   2.22   3.10   0     —     —  —
    83     CS   57.627   253.1   1.53   2.51   3.39   0     —     —  —
    84     CS   57.887   223.3   1.79   2.77   3.65   0     —     —  —
    85     CS   58.168   195.3   2.07   3.05   3.93   0     —     —  —
    86     CS   58.471   168.7   2.38   3.35   4.23   0     —     —  —
    87     CS   58.723   143.2   2.63   3.60   4.48   0     —     —  —
    88     CS   58.961   116.5   2.87   3.84   4.72   1   b45     —  CHARGE, BRK-B45
    89     CS   60.435   401.2   0.20   4.04   5.26   0     —     —  —
    90     CS   60.646   377.9   0.41   4.25   5.47   0     —     —  —
    91   CUST   60.862   355.1   0.63   4.47   5.69   0     —     —  —
    92     CS   61.630   327.1   0.90   4.74   6.45   0     —     —  —
    93     CS   61.950   302.4   1.22   5.06   6.77   0     —     —  —
    94     CS   62.226   275.1   1.49   5.33   7.05   0     —     —  —
    95     CS   62.325   264.0   1.59   5.43   7.15   0     —     —  —
    96     CS   62.582   235.5   1.85   5.69   7.41   0     —     —  —
    97     CS   62.890   210.5   2.16   6.00   7.71   1   b45     —  CHARGE, BRK-B45
    98     CS   64.170   382.6   0.26   6.26   8.24   0     —     —  —
    99     CS   64.526   358.3   0.62   6.62   8.60   0     —     —  —
   100     CS   64.827   331.5   0.92   6.92   8.90   0     —     —  —
   101     CS   65.109   303.4   1.20   7.20   9.18   0     —     —  —
   102     CS   65.474   282.1   1.57   7.56   9.55   0     —     —  —
   103     CS   65.734   256.2   1.83   7.82   9.81   0     —     —  —
   104     CS   65.972   228.2   2.07   8.06  10.05   0     —     —  —
   105     CS   66.332   185.4   2.43   8.42  10.41   1   b45     —  CHARGE, BRK-B45
   106     CS   67.588   382.0   0.22   8.64  10.91   0     —     —  —
   107     CS   67.811   356.7   0.44   8.86  11.13   0     —    r1  REST-R1
   108     CS   79.217   332.8   0.24   0.24   0.24   0     —     —  —
   109     CS   79.498   305.1   0.52   0.52   0.52   0     —     —  —
   110     CS   79.754   275.2   0.78   0.78   0.78   0     —     —  —
   111     CS   80.036   247.6   1.06   1.06   1.06   0     —     —  —
   112     CS   80.298   218.4   1.32   1.32   1.32   0     —     —  —
   113     CS   80.530   191.5   1.55   1.55   1.55   0     —     —  —
   114     CS   80.783   166.4   1.81   1.81   1.81   0     —     —  —
   115     CS   81.017   139.7   2.04   2.04   2.04   1   b45     —  CHARGE, BRK-B45
   116     CS   82.299   384.9   0.25   2.29   2.50   0     —     —  —
   117     CS   82.565   356.0   0.52   2.56   2.77   0     —     —  —
   118     CS   82.860   331.5   0.82   2.86   3.06   0     —     —  —
   119     CS   83.107   303.7   1.06   3.10   3.31   0     —     —  —
   120     CS   83.354   275.8   1.31   3.35   3.56   0     —     —  —
   121     CS   83.671   251.3   1.63   3.67   3.88   0     —     —  —
   122     CS   83.946   224.2   1.90   3.94   4.15   0     —     —  —
   123     CS   84.196   195.0   2.15   4.19   4.40   0     —     —  —
   124     CS   84.658   151.6   2.61   4.65   4.86   1   b45     —  CHARGE, BRK-B45
   125     CS   86.011   399.0   0.30   4.96   5.40   0     —     —  —
   126     CS   86.242   372.2   0.53   5.19   5.63   0     —     —  —
   127     CS   86.489   346.9   0.78   5.43   5.88   0     —     —  —
   128     CS   86.800   325.1   1.09   5.75   6.19   0     —     —  —
   129     CS   87.132   295.6   1.42   6.08   6.52   0     —     —  —
   130     CS   87.414   262.3   1.71   6.36   6.80   0     —     —  —
   131     CS   87.732   231.9   2.02   6.68   7.12   0     —     —  —
   132     CS   88.219   207.7   2.51   7.16   7.61   0     —     —  —
   133     CS   88.530   177.6   2.82   7.48   7.92   0     —     —  —
   134     CS   88.831   146.7   3.12   7.78   8.22   0     —     —  —
   135     CS   89.124   115.2   3.42   8.07   8.51   1   b45     —  CHARGE, BRK-B45
   136     CS   90.532   362.2   0.26   8.33   9.16   0     —     —  —
   137     CS   90.739   340.1   0.47   8.54   9.37   0     —     —  —
   138     CS   91.035   322.5   0.76   8.83   9.66   0     —    r1  REST-R1
   139     CS  102.450   296.2   0.25   0.25   0.25   0     —     —  —
   140     CS  102.739   272.8   0.54   0.54   0.54   0     —     —  —
   141     CS  102.979   245.8   0.78   0.78   0.78   0     —     —  —
   142     CS  103.257   216.8   1.06   1.06   1.06   0     —     —  —
   143   CUST  103.514   185.8   1.31   1.31   1.31   0     —     —  —
   144     CS  104.122   173.2   1.42   1.42   1.92   1   b45     —  CHARGE, BRK-B45
   145     CS  105.609   409.0   0.31   1.73   2.57   0     —     —  —
   146     CS  105.933   380.8   0.63   2.05   2.89   0     —     —  —
   147     CS  106.207   348.6   0.90   2.32   3.16   0     —     —  —
   148     CS  106.442   321.2   1.14   2.56   3.40   0     —     —  —
   149     CS  106.722   297.2   1.42   2.84   3.68   0     —     —  —
   150     CS  106.955   269.5   1.65   3.07   3.91   0     —     —  —
   151     CS  107.207   241.7   1.90   3.32   4.16   0     —     —  —
   152     CS  107.462   214.2   2.16   3.58   4.42   0     —     —  —
   153     CS  107.845   193.8   2.54   3.96   4.80   0     —     —  —
   154     CS  108.149   171.1   2.85   4.27   5.11   0     —     —  —
   155     CS  108.421   146.6   3.12   4.54   5.38   1   b45     —  CHARGE, BRK-B45
   156     CS  109.802   397.0   0.30   4.83   5.90   0     —     —  —
   157     CS  110.073   364.9   0.57   5.10   6.17   0     —     —  —
   158     CS  110.350   334.1   0.84   5.38   6.45   0     —     —  —
   159     CS  110.646   304.8   1.14   5.68   6.75   0     —     —  —
   160     CS  110.914   273.2   1.41   5.95   7.01   0     —     —  —
   161     CS  111.183   241.5   1.68   6.21   7.28   0     —     —  —
   162     CS  111.572   203.5   2.07   6.60   7.67   1     —    r1  CHARGE, REST-R1
   163     CS  123.929   371.0   0.22   0.22   0.22   0     —     —  —
   164     CS  124.161   345.7   0.45   0.45   0.45   0     —     —  —
   165     CS  124.392   320.3   0.69   0.69   0.69   0     —     —  —
   166     CS  124.642   291.1   0.94   0.94   0.94   0     —     —  —
   167     CS  124.898   262.5   1.19   1.19   1.19   0     —     —  —
   168     CS  125.153   233.8   1.45   1.45   1.45   0     —     —  —
   169     CS  125.394   207.3   1.69   1.69   1.69   0     —     —  —
   170     CS  125.645   181.7   1.94   1.94   1.94   0     —     —  —
   171     CS  125.899   156.4   2.19   2.19   2.19   0     —     —  —
   172     CS  126.210   134.2   2.50   2.50   2.50   1   b45     —  CHARGE, BRK-B45
   173     CS  127.732   410.8   0.33   2.83   3.03   0     —     —  —
   174     CS  127.984   385.6   0.58   3.09   3.28   0     —     —  —
   175     CS  128.215   358.6   0.81   3.32   3.51   0     —     —  —
   176     CS  128.469   333.6   1.07   3.57   3.77   0     —     —  —
   177     CS  128.818   308.7   1.41   3.92   4.12   0     —     —  —
   178     CS  129.108   280.6   1.70   4.21   4.41   0     —     —  —
   179     CS  129.376   250.7   1.97   4.48   4.68   0     —     —  —
   180     CS  129.647   221.8   2.24   4.75   4.95   0     —     —  —
   181     CS  129.905   191.8   2.50   5.01   5.20   0     —     —  —
   182     CS  130.167   162.1   2.76   5.27   5.47   1     —     —  CHARGE
   183     CS  131.229   294.8   3.04   5.55   6.53   0     —     —  —
   184     CS  131.538   266.6   3.35   5.86   6.84   0     —     —  —
[29/33] RlongCfewTnone_16            labelled   64 states in  92.0 min
    [warn] teacher query failed @13: Solver failed to locate input problem file: /tmp/tmpfiec6_9i.pyomo.lp
  ScenarioTracker saved: /mnt/beegfs/users/celinep/ChargeAndBreak/ML/logs/RshortCfewTmedium_6_DAGGER1_S1_H24_20260822_175649_scenarios.json

  === SIMULATION TRAJECTORY ===
  stop   type    t_arr     soc     cd     sd     sw   y   brk   rst  action
  ───────────────────────────────────────────────────────────────────────────────────────────────
     0   ORIG    8.000   500.0   0.00   0.00   0.00   0     —     —  —
     1     CS    8.226   473.4   0.23   0.23   0.23   0     —     —  —
     2     CS    8.450   446.4   0.45   0.45   0.45   0     —     —  —
     3     CS    8.688   420.9   0.69   0.69   0.69   0     —     —  —
     4     CS    9.006   400.8   1.01   1.01   1.01   0     —     —  —
     5     CS    9.242   376.7   1.24   1.24   1.24   0     —     —  —
     6     CS    9.472   352.0   1.47   1.47   1.47   0     —     —  —
     7     CS    9.764   326.0   1.76   1.76   1.76   0     —     —  —
     8   CUST   10.021   297.5   2.02   2.02   2.02   0     —     —  —
     9     CS   10.810   267.5   2.31   2.31   2.81   0     —     —  —
    10     CS   11.095   237.2   2.59   2.59   3.09   0     —     —  —
    11     CS   11.395   208.0   2.89   2.89   3.39   0     —     —  —
    12     CS   11.675   175.7   3.18   3.18   3.68   0     —     —  —
    13     CS   11.932   145.9   3.43   3.43   3.93   0     —     —  —
    14     CS   12.185   115.8   3.69   3.69   4.19   1   b45     —  CHARGE, BRK-B45
    15     CS   13.914   412.9   0.30   3.99   4.90   0     —     —  —
    16     CS   14.216   385.7   0.61   4.29   5.20   0     —     —  —
    17     CS   14.517   358.3   0.91   4.59   5.50   0     —     —  —
    18     CS   14.746   331.1   1.14   4.82   5.73   0     —     —  —
    19     CS   14.983   304.6   1.37   5.06   5.97   0     —     —  —
    20   CUST   15.251   280.6   1.64   5.33   6.24   0     —     —  —
    21     CS   16.025   252.4   1.92   5.60   7.01   0     —     —  —
    22   CUST   16.206   236.6   2.10   5.78   7.19   0     —     —  —
    23     CS   16.770   229.5   2.16   5.84   7.76   0     —     —  —
    24     CS   17.084   202.4   2.47   6.16   8.07   0     —     —  —
    25     CS   17.379   174.2   2.77   6.45   8.37   1   b45     —  CHARGE, BRK-B45
    26     CS   18.663   329.0   0.25   6.71   8.90   0     —     —  —
    27     CS   18.946   301.5   0.54   6.99   9.18   0     —     —  —
    28     CS   19.206   272.0   0.80   7.25   9.44   0     —     —  —
    29     CS   19.461   242.1   1.05   7.51   9.70   0     —     —  —
    30     CS   19.825   216.1   1.42   7.87  10.06   0     —     —  —
    31     CS   20.104   184.9   1.69   8.15  10.34   0     —     —  —
    32     CS   20.375   152.8   1.97   8.42  10.61   0     —     —  —
    33     CS   20.657   121.9   2.25   8.70  10.89   1   b45     —  CHARGE, BRK-B45
    34     CS   22.056   324.1   0.25   8.95  11.54   0     —     —  —
    35     CS   22.361   298.5   0.55   9.25  11.85   0     —     —  —
    36     CS   22.614   269.0   0.81   9.51  12.10   0     —     —  —
    37     CS   22.867   239.5   1.06   9.76  12.35   0     —    r2  REST-R2
    38     CS   32.271   216.8   0.24   0.24   0.24   0     —     —  —
    39     CS   32.487   192.4   0.45   0.45   0.45   0     —     —  —
    40     CS   32.699   167.6   0.66   0.66   0.66   1     —     —  CHARGE
[30/33] RshortCfewTmedium_6          labelled   14 states in   6.6 min
  ScenarioTracker saved: /mnt/beegfs/users/celinep/ChargeAndBreak/ML/logs/RmediumCmediumTlarge_3_DAGGER1_S1_H24_20260822_180326_scenarios.json

  === SIMULATION TRAJECTORY ===
  stop   type    t_arr     soc     cd     sd     sw   y   brk   rst  action
  ───────────────────────────────────────────────────────────────────────────────────────────────
     0   ORIG    8.000   500.0   0.00   0.00   0.00   0     —     —  —
     1     CS    8.229   473.7   0.23   0.23   0.23   0     —     —  —
     2     CS    8.459   447.4   0.46   0.46   0.46   0     —     —  —
     3     CS    8.706   422.6   0.71   0.71   0.71   0     —     —  —
     4     CS    8.921   400.3   0.92   0.92   0.92   0     —     —  —
     5     CS    9.206   381.8   1.21   1.21   1.21   0     —     —  —
     6     CS    9.448   361.5   1.45   1.45   1.45   0     —     —  —
     7     CS    9.650   338.9   1.65   1.65   1.65   0     —     —  —
     8     CS    9.880   318.5   1.88   1.88   1.88   0     —     —  —
     9     CS   10.082   296.0   2.08   2.08   2.08   0     —     —  —
    10     CS   10.352   272.8   2.35   2.35   2.35   0     —     —  —
    11     CS   10.648   250.8   2.65   2.65   2.65   0     —     —  —
    12     CS   10.891   225.7   2.89   2.89   2.89   0     —     —  —
    13     CS   11.119   199.2   3.12   3.12   3.12   0     —     —  —
    14     CS   11.405   172.9   3.41   3.41   3.41   0     —     —  —
    15     CS   11.678   145.7   3.68   3.68   3.68   1   b45     —  CHARGE, BRK-B45
    16     CS   12.949   382.6   0.24   3.91   4.18   0     —     —  —
    17     CS   13.186   356.2   0.47   4.15   4.41   0     —     —  —
    18     CS   13.419   329.5   0.71   4.38   4.65   0     —     —  —
    19     CS   13.631   308.5   0.92   4.60   4.86   0     —     —  —
    20     CS   13.844   287.6   1.13   4.81   5.07   0     —     —  —
    21     CS   14.136   270.4   1.42   5.10   5.36   0     —     —  —
    22     CS   14.498   244.3   1.78   5.46   5.73   0     —     —  —
    23     CS   14.803   215.2   2.09   5.77   6.03   0     —     —  —
    24     CS   15.085   184.2   2.37   6.05   6.31   0     —     —  —
    25     CS   15.386   154.7   2.67   6.35   6.61   0     —     —  —
    26     CS   15.739   113.7   3.03   6.70   6.97   1   b45     —  CHARGE, BRK-B45
    27     CS   17.108   388.1   0.29   7.00   7.44   0     —     —  —
    28     CS   17.437   363.5   0.62   7.33   7.77   0     —     —  —
    29     CS   17.699   334.6   0.88   7.59   8.04   0     —     —  —
    30     CS   17.938   308.0   1.12   7.83   8.27   0     —     —  —
    31     CS   18.222   284.5   1.41   8.11   8.56   0     —     —  —
    32     CS   18.453   257.1   1.64   8.34   8.79   0     —     —  —
    33     CS   18.683   229.6   1.87   8.57   9.02   0     —     —  —
    34   CUST   19.168   179.2   2.35   9.06   9.50   0     —     —  —
    35     CS   20.095   155.9   2.78   9.48  10.43   1     —    r2  CHARGE, REST-R2
    36     CS   30.256   383.7   0.22   0.22   0.22   0     —     —  —
    37     CS   30.569   366.2   0.53   0.53   0.53   0     —     —  —
    38     CS   30.785   344.5   0.75   0.75   0.75   0     —     —  —
    39     CS   31.026   315.6   0.99   0.99   0.99   0     —     —  —
    40   CUST   31.309   290.1   1.27   1.27   1.27   0     —     —  —
    41     CS   31.921   277.9   1.38   1.38   1.88   0     —     —  —
    42     CS   32.135   253.7   1.60   1.60   2.10   0     —     —  —
    43     CS   32.350   229.6   1.81   1.81   2.31   0     —     —  —
    44     CS   32.576   206.4   2.04   2.04   2.54   0     —     —  —
    45     CS   32.906   180.7   2.37   2.37   2.87   0     —     —  —
    46     CS   33.174   150.8   2.64   2.64   3.14   1   b45     —  CHARGE, BRK-B45
    47     CS   34.537   408.9   0.24   2.88   3.61   0     —     —  —
    48     CS   34.773   382.5   0.47   3.11   3.85   0     —     —  —
    49     CS   35.015   356.7   0.72   3.35   4.09   0     —     —  —
    50     CS   35.317   334.6   1.02   3.66   4.39   0     —     —  —
    51     CS   35.628   308.8   1.33   3.97   4.70   0     —     —  —
    52     CS   35.893   279.8   1.59   4.23   4.97   0     —     —  —
    53     CS   36.119   254.8   1.82   4.46   5.19   0     —     —  —
    54     CS   36.367   231.4   2.07   4.71   5.44   0     —     —  —
    55     CS   36.598   206.8   2.30   4.94   5.67   0     —     —  —
    56     CS   36.828   181.1   2.53   5.17   5.90   0     —     —  —
    57     CS   37.051   154.8   2.75   5.39   6.13   0     —     —  —
    58     CS   37.278   128.8   2.98   5.62   6.35   0     —     —  —
    59     CS   37.520   104.1   3.22   5.86   6.60   1   b45     —  CHARGE, BRK-B45
    60     CS   38.878   377.9   0.25   6.11   7.11   0     —     —  —
    61     CS   39.101   354.9   0.47   6.33   7.33   0     —     —  —
    62     CS   39.317   331.2   0.69   6.55   7.55   0     —     —  —
    63     CS   39.518   308.6   0.89   6.75   7.75   0     —     —  —
    64     CS   39.715   285.6   1.09   6.95   7.95   0     —     —  —
    65     CS   39.921   263.4   1.29   7.15   8.15   0     —     —  —
    66     CS   40.210   230.7   1.58   7.44   8.44   0     —     —  —
    67   CUST   40.512   199.1   1.88   7.74   8.75   0     —     —  —
    68   CUST   41.333   163.5   2.20   8.06   9.57   0     —     —  —
    69     CS   42.092   132.7   2.46   8.32  10.33   0     —     —  —
    70     CS   42.211   118.7   2.58   8.44  10.44   1   b45     —  CHARGE, BRK-B45
    71     CS   43.514   373.8   0.25   8.69  10.94   0     —     —  —
    72     CS   43.759   345.8   0.50   8.94  11.18   0     —     —  —
    73     CS   44.026   319.6   0.77   9.21  11.45   0     —    r2  REST-R2
    74     CS   53.473   294.5   0.28   0.28   0.28   0     —     —  —
    75     CS   53.724   267.1   0.53   0.53   0.53   0     —     —  —
    76     CS   53.965   238.9   0.77   0.77   0.77   0     —     —  —
    77     CS   54.222   212.1   1.03   1.03   1.03   0     —     —  —
    78     CS   54.652   163.9   1.46   1.46   1.46   1   b45     —  CHARGE, BRK-B45
    79     CS   55.997   387.9   0.23   1.69   2.05   0     —     —  —
    80     CS   56.240   362.0   0.47   1.93   2.30   0     —     —  —
    81     CS   56.475   335.4   0.71   2.17   2.53   0     —     —  —
    82     CS   56.741   312.4   0.97   2.43   2.80   0     —     —  —
    83     CS   56.995   288.6   1.23   2.69   3.05   0     —     —  —
    84     CS   57.235   263.8   1.47   2.93   3.29   0     —     —  —
    85     CS   57.480   239.4   1.71   3.17   3.54   0     —     —  —
    86     CS   57.709   213.7   1.94   3.40   3.77   0     —     —  —
    87     CS   57.950   189.2   2.18   3.64   4.01   0     —     —  —
    88     CS   58.206   165.8   2.44   3.90   4.26   0     —     —  —
    89     CS   58.445   139.1   2.68   4.14   4.50   0     —     —  —
    90     CS   58.684   112.5   2.92   4.38   4.74   1   b45     —  CHARGE, BRK-B45
    91     CS   60.108   386.4   0.25   4.63   5.28   0     —     —  —
    92     CS   60.359   360.2   0.50   4.88   5.53   0     —     —  —
    93     CS   60.625   335.2   0.77   5.14   5.80   0     —     —  —
    94     CS   60.864   308.0   1.01   5.38   6.04   0     —     —  —
    95     CS   61.233   274.8   1.38   5.75   6.41   0     —     —  —
    96     CS   61.478   251.3   1.62   6.00   6.65   0     —     —  —
    97     CS   61.694   225.3   1.84   6.21   6.87   0     —     —  —
    98     CS   62.032   205.8   2.17   6.55   7.21   1   b45     —  CHARGE, BRK-B45
    99     CS   63.251   406.9   0.26   6.81   7.67   0     —     —  —
   100     CS   63.531   378.8   0.54   7.09   7.95   0     —     —  —
   101     CS   63.812   350.8   0.82   7.37   8.24   0     —    r1  REST-R1
   102     CS   75.261   325.6   0.28   0.28   0.28   0     —     —  —
   103     CS   75.502   297.2   0.52   0.52   0.52   0     —     —  —
   104     CS   75.745   268.9   0.77   0.77   0.77   0     —     —  —
   105     CS   76.028   236.4   1.05   1.05   1.05   0     —     —  —
   106     CS   76.309   203.7   1.33   1.33   1.33   0     —     —  —
   107     CS   76.625   173.9   1.65   1.65   1.65   0     —     —  —
   108     CS   76.849   152.4   1.87   1.87   1.87   0     —     —  —
   109     CS   77.050   129.0   2.07   2.07   2.07   0     —     —  —
   110     CS   77.354   111.0   2.38   2.38   2.38   1   b45     —  CHARGE, BRK-B45
   111     CS   78.766   406.4   0.20   2.58   2.81   0     —     —  —
   112     CS   78.980   382.6   0.42   2.79   3.02   0     —     —  —
   113     CS   79.204   359.6   0.64   3.02   3.24   0     —     —  —
   114     CS   79.504   328.7   0.94   3.32   3.54   0     —     —  —
   115     CS   79.811   298.3   1.25   3.63   3.85   0     —     —  —
   116     CS   80.241   273.4   1.68   4.06   4.28   0     —     —  —
   117     CS   80.545   250.6   1.98   4.36   4.58   0     —     —  —
   118     CS   80.809   225.6   2.25   4.62   4.85   0     —     —  —
   119     CS   81.069   200.3   2.51   4.88   5.11   0     —     —  —
   120     CS   81.334   173.3   2.77   5.15   5.37   0     —     —  —
   121     CS   81.582   144.7   3.02   5.40   5.62   0     —     —  —
[31/33] RmediumCmediumTlarge_3       labelled   41 states in  50.2 min
  ScenarioTracker saved: /mnt/beegfs/users/celinep/ChargeAndBreak/ML/logs/RshortCfewTnone_15_DAGGER1_S1_H24_20260822_185335_scenarios.json

  === SIMULATION TRAJECTORY ===
  stop   type    t_arr     soc     cd     sd     sw   y   brk   rst  action
  ───────────────────────────────────────────────────────────────────────────────────────────────
     0   ORIG    8.000   500.0   0.00   0.00   0.00   0     —     —  —
     1     CS    8.245   475.0   0.24   0.24   0.24   0     —     —  —
     2     CS    8.518   451.9   0.52   0.52   0.52   0     —     —  —
     3     CS    8.752   426.0   0.75   0.75   0.75   0     —     —  —
     4     CS    8.987   401.9   0.99   0.99   0.99   0     —     —  —
     5     CS    9.204   376.2   1.20   1.20   1.20   0     —     —  —
     6     CS    9.589   357.8   1.59   1.59   1.59   0     —     —  —
     7     CS    9.806   332.0   1.81   1.81   1.81   0     —     —  —
     8     CS   10.081   302.7   2.08   2.08   2.08   0     —     —  —
     9     CS   10.367   274.4   2.37   2.37   2.37   0     —     —  —
    10     CS   10.647   244.3   2.65   2.65   2.65   0     —     —  —
    11     CS   10.917   213.4   2.92   2.92   2.92   0     —     —  —
    12     CS   11.192   190.5   3.19   3.19   3.19   0     —     —  —
    13     CS   11.431   165.0   3.43   3.43   3.43   0     —     —  —
    14     CS   11.660   138.6   3.66   3.66   3.66   0     —     —  —
    15     CS   11.920   114.7   3.92   3.92   3.92   1   b45     —  CHARGE, BRK-B45
    16     CS   13.554   391.3   0.29   4.21   4.65   0     —     —  —
    17     CS   13.833   363.5   0.57   4.49   4.93   0     —     —  —
    18     CS   14.071   338.5   0.80   4.72   5.16   0     —     —  —
    19     CS   14.298   312.6   1.03   4.95   5.39   0     —     —  —
    20     CS   14.532   287.2   1.27   5.19   5.62   0     —     —  —
    21     CS   14.766   261.9   1.50   5.42   5.86   0     —     —  —
    22     CS   14.966   238.4   1.70   5.62   6.06   0     —     —  —
    23     CS   15.167   215.0   1.90   5.82   6.26   0     —     —  —
    24     CS   15.367   191.5   2.10   6.02   6.46   0     —     —  —
    25     CS   15.594   164.9   2.33   6.25   6.69   0     —     —  —
    26     CS   15.823   138.4   2.56   6.48   6.91   0     —     —  —
    27     CS   16.048   111.7   2.78   6.70   7.14   1   b45     —  CHARGE, BRK-B45
    28   CUST   17.595   377.1   0.40   7.10   7.76   0     —     —  —
    29     CS   18.304   356.3   0.61   7.31   8.47   0     —     —  —
    30     CS   18.497   334.2   0.80   7.50   8.66   0     —     —  —
    31     CS   18.701   312.9   1.00   7.71   8.86   0     —     —  —
    32     CS   18.907   290.4   1.21   7.91   9.07   0     —     —  —
    33     CS   19.145   262.5   1.45   8.15   9.31   0     —     —  —
    34     CS   19.404   236.4   1.71   8.41   9.57   0     —     —  —
    35     CS   19.724   213.7   2.03   8.73   9.89   0     —     —  —
    36     CS   19.958   187.2   2.26   8.96  10.12   0     —     —  —
    37     CS   20.194   160.9   2.50   9.20  10.36   0     —     —  —
    38     CS   20.421   133.7   2.73   9.43  10.58   0     —     —  —
    39     CS   20.727   111.7   3.03   9.73  10.89   1     —    r2  CHARGE, REST-R2
    40     CS   31.125   386.8   0.25   0.25   0.25   0     —     —  —
    41   CUST   31.392   361.3   0.52   0.52   0.52   0     —     —  —
    42     CS   32.280   317.6   0.91   0.91   1.41   0     —     —  —
    43     CS   32.606   282.3   1.23   1.23   1.73   0     —     —  —
    44     CS   32.843   258.9   1.47   1.47   1.97   0     —     —  —
    45     CS   33.057   233.6   1.68   1.68   2.18   0     —     —  —
    46     CS   33.284   209.4   1.91   1.91   2.41   0     —     —  —
    47     CS   33.637   186.2   2.26   2.26   2.76   0     —     —  —
    48     CS   33.886   157.0   2.51   2.51   3.01   0     —     —  —
    49     CS   34.152   129.2   2.78   2.78   3.28   1   b45     —  CHARGE, BRK-B45
    50     CS   35.442   352.3   0.28   3.06   3.82   0     —     —  —
    51     CS   35.657   327.8   0.50   3.27   4.03   0     —     —  —
    52     CS   35.901   305.5   0.74   3.52   4.28   0     —     —  —
    53     CS   36.205   276.3   1.04   3.82   4.58   0     —     —  —
    54     CS   36.490   245.6   1.33   4.11   4.87   0     —     —  —
    55     CS   36.813   217.6   1.65   4.43   5.19   0     —     —  —
    56     CS   37.080   189.2   1.92   4.70   5.46   0     —     —  —
    57     CS   37.330   159.2   2.17   4.95   5.71   0     —     —  —
[32/33] RshortCfewTnone_15           labelled   19 states in  21.2 min
  ScenarioTracker saved: /mnt/beegfs/users/celinep/ChargeAndBreak/ML/logs/RshortCmediumTtight_2_DAGGER1_S1_H24_20260822_191450_scenarios.json

  === SIMULATION TRAJECTORY ===
  stop   type    t_arr     soc     cd     sd     sw   y   brk   rst  action
  ───────────────────────────────────────────────────────────────────────────────────────────────
     0   ORIG    8.000   500.0   0.00   0.00   0.00   0     —     —  —
     1     CS    8.233   474.0   0.23   0.23   0.23   0     —     —  —
     2     CS    8.479   449.1   0.48   0.48   0.48   0     —     —  —
     3     CS    8.723   424.1   0.72   0.72   0.72   0     —     —  —
     4     CS    8.983   396.6   0.98   0.98   0.98   0     —     —  —
     5     CS    9.231   367.9   1.23   1.23   1.23   0     —     —  —
     6     CS    9.479   339.4   1.48   1.48   1.48   0     —     —  —
     7     CS    9.825   312.0   1.82   1.82   1.82   0     —     —  —
     8     CS   10.110   280.6   2.11   2.11   2.11   0     —     —  —
     9     CS   10.484   254.4   2.48   2.48   2.48   0     —     —  —
    10     CS   10.753   225.8   2.75   2.75   2.75   0     —     —  —
    11     CS   11.186   204.0   3.19   3.19   3.19   1   b45     —  CHARGE, BRK-B45
    12     CS   12.449   395.1   0.21   3.40   3.70   0     —     —  —
    13     CS   12.693   374.2   0.46   3.64   3.94   0     —     —  —
    14   CUST   12.902   350.8   0.67   3.85   4.15   0     —     —  —
    15     CS   13.719   317.1   0.98   4.17   4.97   0     —     —  —
    16     CS   14.017   286.9   1.28   4.47   5.27   0     —     —  —
    17     CS   14.369   260.0   1.63   4.82   5.62   1   b45     —  CHARGE, BRK-B45
    18   CUST   15.771   356.0   0.44   5.26   6.27   0     —     —  —
    19     CS   16.514   328.2   0.68   5.50   7.01   0     —     —  —
    20     CS   16.764   301.1   0.93   5.75   7.26   0     —     —  —
    21     CS   17.012   273.9   1.18   6.00   7.51   0     —     —  —
    22     CS   17.248   245.4   1.41   6.23   7.75   0     —     —  —
    23     CS   17.278   242.2   1.44   6.26   7.78   0     —     —  —
    24     CS   17.493   216.9   1.66   6.48   7.99   0     —     —  —
    25     CS   17.740   194.2   1.91   6.72   8.24   0     —     —  —
    26   CUST   17.957   169.1   2.12   6.94   8.46   0     —     —  —
    27     CS   18.619   149.6   2.29   7.10   9.12   1   b45     —  CHARGE, BRK-B45
    28   CUST   19.910   430.4   0.15   7.25   9.46   0     —    r2  REST-R2
    29     CS   29.749   407.6   0.34   0.34   0.34   0     —     —  —
    30     CS   30.026   374.3   0.62   0.62   0.62   0     —     —  —
    31     CS   30.311   341.9   0.90   0.90   0.90   0     —     —  —
    32     CS   30.551   317.3   1.14   1.14   1.14   0     —     —  —
    33     CS   30.790   292.5   1.38   1.38   1.38   0     —     —  —
    34     CS   31.031   268.0   1.62   1.62   1.62   0     —     —  —
    35     CS   31.309   235.4   1.90   1.90   1.90   0     —     —  —
    36     CS   31.590   203.2   2.18   2.18   2.18   1   b45     —  CHARGE, BRK-B45
    37     CS   32.907   414.1   0.23   2.41   2.73   0     —     —  —
    38     CS   33.192   391.7   0.52   2.70   3.02   0     —     —  —
    39     CS   33.421   365.2   0.75   2.93   3.25   0     —     —  —
    40     CS   33.683   334.8   1.01   3.19   3.51   0     —     —  —
    41     CS   34.095   311.8   1.42   3.60   3.92   0     —     —  —
    42     CS   34.366   282.3   1.69   3.87   4.19   0     —     —  —
    43     CS   34.598   259.2   1.92   4.10   4.43   0     —     —  —
    44     CS   34.811   234.5   2.14   4.32   4.64   0     —     —  —
    45     CS   35.029   210.2   2.35   4.53   4.86   0     —     —  —
    46     CS   35.271   182.7   2.60   4.78   5.10   0     —     —  —
    47     CS   35.514   155.2   2.84   5.02   5.34   0     —     —  —
[33/33] RshortCmediumTtight_2        labelled   16 states in  11.4 min
