DAgger round 1: 33 instances, label prob 0.35, model policy_K20_seedsplit_seed0_cw0.pt
  ScenarioTracker saved: /mnt/beegfs/users/celinep/ChargeAndBreak/ML/logs/RlongCmediumTlarge_14_DAGGER1_S1_H24_20260821_095130_scenarios.json

  === SIMULATION TRAJECTORY ===
  stop   type    t_arr     soc     cd     sd     sw   y   brk   rst  action
  ───────────────────────────────────────────────────────────────────────────────────────────────
     0   ORIG    8.000   500.0   0.00   0.00   0.00   0     —     —  —
     1     CS    8.234   474.1   0.23   0.23   0.23   0     —     —  —
     2     CS    8.478   449.0   0.48   0.48   0.48   0     —     —  —
     3     CS    8.709   422.8   0.71   0.71   0.71   0     —     —  —
     4     CS    8.938   398.8   0.94   0.94   0.94   0     —     —  —
     5     CS    9.157   373.9   1.16   1.16   1.16   0     —     —  —
     6     CS    9.389   350.1   1.39   1.39   1.39   0     —     —  —
     7     CS    9.607   325.1   1.61   1.61   1.61   0     —     —  —
     8     CS    9.924   295.7   1.92   1.92   1.92   0     —     —  —
     9     CS   10.229   265.5   2.23   2.23   2.23   0     —     —  —
    10     CS   10.640   217.9   2.64   2.64   2.64   0     —     —  —
    11     CS   10.902   190.6   2.90   2.90   2.90   0     —     —  —
    12     CS   11.180   164.5   3.18   3.18   3.18   0     —     —  —
    13     CS   11.447   137.6   3.45   3.45   3.45   1   b45     —  CHARGE, BRK-B45
    14     CS   13.086   416.8   0.47   3.91   4.14   0     —     —  —
    15     CS   13.375   388.2   0.75   4.20   4.43   0     —     —  —
    16     CS   13.670   359.9   1.05   4.50   4.72   0     —     —  —
    17     CS   13.938   329.4   1.32   4.76   4.99   0     —     —  —
    18     CS   14.345   281.3   1.72   5.17   5.40   0     —     —  —
    19     CS   14.774   256.6   2.15   5.60   5.83   0     —     —  —
    20     CS   15.105   228.2   2.48   5.93   6.16   0     —     —  —
    21     CS   15.338   200.9   2.72   6.16   6.39   0     —     —  —
    22     CS   15.660   179.2   3.04   6.49   6.71   0     —     —  —
    23     CS   15.909   153.4   3.29   6.74   6.96   0     —     —  —
    24     CS   16.186   129.5   3.56   7.01   7.24   1   b45     —  CHARGE, BRK-B45
    25     CS   17.505   393.7   0.22   7.23   7.69   0     —     —  —
    26     CS   17.839   374.5   0.55   7.56   8.03   0     —     —  —
    27     CS   18.077   351.2   0.79   7.80   8.27   0     —     —  —
    28     CS   18.471   330.2   1.18   8.20   8.66   0     —     —  —
    29     CS   18.755   305.1   1.47   8.48   8.94   0     —     —  —
    30     CS   19.000   277.1   1.71   8.72   9.19   0     —     —  —
    31     CS   19.244   248.9   1.96   8.97   9.43   0     —     —  —
    32     CS   19.598   226.8   2.31   9.32   9.79   0     —     —  —
    33     CS   19.877   201.5   2.59   9.60  10.07   1     —    r2  CHARGE, REST-R2
    34     CS   30.198   361.5   0.39   0.39   0.39   0     —     —  —
    35     CS   30.445   332.1   0.64   0.64   0.64   0     —     —  —
    36     CS   30.924   307.8   1.12   1.12   1.12   0     —     —  —
    37     CS   31.211   274.8   1.41   1.41   1.41   0     —     —  —
    38     CS   31.570   246.9   1.77   1.77   1.77   0     —     —  —
    39     CS   31.783   222.2   1.98   1.98   1.98   0     —     —  —
    40     CS   32.014   199.1   2.21   2.21   2.21   0     —     —  —
    41     CS   32.230   174.7   2.43   2.43   2.43   1   b45     —  CHARGE, BRK-B45
    42     CS   33.526   391.2   0.22   2.65   2.97   0     —     —  —
    43     CS   33.744   365.4   0.44   2.87   3.19   0     —     —  —
    44     CS   33.972   340.5   0.67   3.09   3.42   0     —     —  —
    45     CS   34.231   311.3   0.93   3.35   3.68   0     —     —  —
    46     CS   34.488   282.0   1.18   3.61   3.93   0     —     —  —
    47     CS   34.819   257.5   1.51   3.94   4.26   0     —     —  —
    48     CS   35.029   233.3   1.72   4.15   4.47   0     —     —  —
    49     CS   35.243   209.5   1.94   4.36   4.69   0     —     —  —
    50   CUST   35.480   187.6   2.18   4.60   4.93   0     —     —  —
    51     CS   36.130   180.4   2.33   4.75   5.58   1   b45     —  CHARGE, BRK-B45
    52     CS   37.480   389.0   0.31   5.07   6.18   0     —     —  —
    53     CS   37.731   361.1   0.57   5.32   6.43   0     —     —  —
    54     CS   37.984   333.3   0.82   5.57   6.68   0     —     —  —
    55     CS   38.206   307.2   1.04   5.79   6.90   0     —     —  —
    56     CS   38.427   280.8   1.26   6.01   7.12   0     —     —  —
    57     CS   38.692   257.9   1.53   6.28   7.39   0     —     —  —
    58     CS   38.939   235.9   1.77   6.52   7.63   0     —     —  —
    59     CS   39.150   211.0   1.98   6.74   7.85   0     —     —  —
    60     CS   39.465   191.8   2.30   7.05   8.16   0     —     —  —
    61     CS   39.863   156.5   2.70   7.45   8.56   1   b45     —  CHARGE, BRK-B45
    62     CS   41.298   386.5   0.46   7.91   9.24   0     —     —  —
    63     CS   41.605   359.5   0.77   8.22   9.55   0     —     —  —
    64     CS   41.885   330.7   1.05   8.50   9.83   0     —     —  —
    65     CS   42.154   300.9   1.32   8.76  10.10   0     —     —  —
    66     CS   42.378   279.4   1.54   8.99  10.32   0     —     —  —
    67     CS   42.731   262.5   1.89   9.34  10.68   0     —     —  —
    68     CS   42.937   239.5   2.10   9.55  10.88   0     —     —  —
    69     CS   43.216   211.3   2.38   9.83  11.16   0     —    r2  REST-R2
    70     CS   52.776   188.4   0.39   0.39   0.39   0     —     —  —
    71     CS   53.036   158.5   0.65   0.65   0.65   1   b45     —  CHARGE, BRK-B45
    72     CS   54.459   361.0   0.44   1.09   1.33   0     —     —  —
    73     CS   54.731   337.3   0.71   1.36   1.60   0     —     —  —
    74     CS   54.959   310.2   0.94   1.59   1.83   0     —     —  —
    75     CS   55.186   283.0   1.16   1.82   2.05   0     —     —  —
    76     CS   55.415   256.0   1.39   2.05   2.28   0     —     —  —
    77     CS   55.634   231.9   1.61   2.26   2.50   0     —     —  —
    78     CS   55.855   207.9   1.83   2.49   2.72   0     —     —  —
    79     CS   56.137   187.7   2.11   2.77   3.00   1   b45     —  CHARGE, BRK-B45
    80     CS   57.500   404.3   0.27   3.03   3.62   0     —     —  —
    81     CS   57.748   378.1   0.51   3.28   3.86   0     —     —  —
    82     CS   57.990   351.3   0.76   3.52   4.10   0     —     —  —
    83     CS   58.225   323.9   0.99   3.76   4.34   0     —     —  —
    84     CS   58.459   296.4   1.22   3.99   4.57   0     —     —  —
    85     CS   58.772   274.0   1.54   4.31   4.89   0     —     —  —
    86     CS   59.075   240.1   1.84   4.61   5.19   0     —     —  —
    87     CS   59.299   213.9   2.06   4.83   5.41   0     —     —  —
    88     CS   59.539   189.0   2.30   5.07   5.65   0     —     —  —
    89     CS   59.782   164.5   2.55   5.31   5.90   0     —     —  —
    90     CS   60.009   138.6   2.77   5.54   6.12   1   b45     —  CHARGE, BRK-B45
    91     CS   61.319   389.6   0.28   5.82   6.59   0     —     —  —
    92     CS   61.594   359.5   0.55   6.09   6.86   0     —     —  —
    93     CS   61.856   328.2   0.81   6.35   7.13   0     —     —  —
    94     CS   62.080   301.3   1.04   6.58   7.35   0     —     —  —
    95     CS   62.306   274.6   1.26   6.80   7.58   0     —     —  —
    96   CUST   62.549   249.5   1.50   7.05   7.82   0     —     —  —
    97   CUST   63.478   202.4   1.93   7.48   8.75   0     —     —  —
    98   CUST   64.175   180.1   2.13   7.67   9.44   0     —     —  —
    99     CS   64.733   173.7   2.19   7.73  10.00   0     —     —  —
   100   CUST   64.751   171.8   2.21   7.75  10.02   0     —     —  —
   101     CS   65.612   134.9   2.57   8.11  10.88   0     —     —  —
   102     CS   65.770   117.4   2.73   8.27  11.04   1   b45     —  CHARGE, BRK-B45
   103     CS   67.146   356.1   0.28   8.55  11.64   0     —    r2  REST-R2
   104     CS   76.589   323.4   0.28   0.28   0.28   0     —     —  —
   105     CS   76.889   293.9   0.58   0.58   0.58   0     —     —  —
   106     CS   77.284   269.0   0.97   0.97   0.97   0     —     —  —
   107     CS   77.611   241.3   1.30   1.30   1.30   0     —     —  —
   108     CS   77.890   210.0   1.58   1.58   1.58   0     —     —  —
   109     CS   78.148   180.4   1.84   1.84   1.84   0     —     —  —
   110     CS   78.405   150.6   2.09   2.09   2.09   1   b45     —  CHARGE, BRK-B45
   111     CS   79.820   406.3   0.25   2.34   2.62   0     —     —  —
   112     CS   80.114   381.5   0.54   2.63   2.92   0     —     —  —
   113     CS   80.349   359.4   0.77   2.87   3.15   0     —     —  —
   114     CS   80.555   334.9   0.98   3.07   3.36   0     —     —  —
   115     CS   80.765   310.7   1.19   3.28   3.57   0     —     —  —
   116     CS   81.057   280.0   1.48   3.58   3.86   0     —     —  —
   117     CS   81.341   248.5   1.77   3.86   4.14   0     —     —  —
   118     CS   81.615   216.3   2.04   4.13   4.42   0     —     —  —
   119     CS   81.895   184.5   2.32   4.41   4.70   0     —     —  —
   120     CS   82.231   151.1   2.66   4.75   5.03   1   b45     —  CHARGE, BRK-B45
   121     CS   83.710   403.1   0.28   5.03   5.63   0     —     —  —
   122     CS   84.135   378.6   0.71   5.46   6.05   0     —     —  —
   123     CS   84.423   347.4   1.00   5.74   6.34   0     —     —  —
   124     CS   84.641   321.8   1.21   5.96   6.56   0     —     —  —
   125     CS   84.878   297.8   1.45   6.20   6.79   0     —     —  —
   126     CS   85.101   272.7   1.67   6.42   7.02   0     —     —  —
   127     CS   85.321   247.2   1.89   6.64   7.24   0     —     —  —
   128     CS   85.754   201.6   2.33   7.07   7.67   1   b45     —  CHARGE, BRK-B45
   129     CS   87.085   383.6   0.23   7.30   8.25   0     —     —  —
   130     CS   87.321   356.7   0.47   7.54   8.49   0     —     —  —
   131     CS   87.554   329.5   0.70   7.77   8.72   0     —     —  —
   132     CS   87.818   304.8   0.96   8.04   8.98   0     —     —  —
   133     CS   88.258   259.8   1.40   8.48   9.42   0     —     —  —
   134     CS   88.569   229.0   1.71   8.79   9.73   0     —    r1  REST-R1
   135     CS  100.114   201.9   0.38   0.38   0.38   0     —     —  —
   136     CS  100.401   169.0   0.67   0.67   0.67   1   b45     —  CHARGE, BRK-B45
   137   CUST  101.812   353.4   0.46   1.13   1.33   0     —     —  —
   138     CS  102.512   330.3   0.66   1.33   2.03   0     —     —  —
   139     CS  102.776   298.8   0.93   1.59   2.29   0     —     —  —
   140     CS  103.050   268.2   1.20   1.87   2.56   0     —     —  —
   141     CS  103.428   243.6   1.58   2.24   2.94   0     —     —  —
   142     CS  103.795   217.7   1.95   2.61   3.31   0     —     —  —
   143     CS  104.128   190.3   2.28   2.94   3.64   0     —     —  —
   144     CS  104.368   166.4   2.52   3.18   3.88   0     —     —  —
   145     CS  104.588   140.8   2.74   3.40   4.10   0     —     —  —
   146     CS  104.813   115.6   2.96   3.63   4.33   1   b45     —  CHARGE, BRK-B45
   147     CS  106.177   386.6   0.26   3.89   4.79   0     —     —  —
   148     CS  106.445   356.6   0.53   4.16   5.06   0     —     —  —
   149     CS  106.714   326.8   0.80   4.43   5.33   0     —     —  —
   150     CS  106.979   300.1   1.07   4.69   5.60   0     —     —  —
   151     CS  107.226   271.8   1.31   4.94   5.84   0     —     —  —
   152     CS  107.517   242.4   1.60   5.23   6.13   0     —     —  —
   153     CS  107.840   215.0   1.93   5.56   6.46   0     —     —  —
   154     CS  108.109   183.7   2.20   5.82   6.73   0     —     —  —
   155     CS  108.343   160.0   2.43   6.06   6.96   0     —     —  —
   156     CS  108.627   139.3   2.71   6.34   7.24   0     —     —  —
   157     CS  108.841   113.9   2.93   6.56   7.46   1   b45     —  CHARGE, BRK-B45
   158     CS  110.198   400.7   0.21   6.77   7.88   0     —     —  —
   159     CS  110.407   378.0   0.42   6.98   8.09   0     —     —  —
   160     CS  110.605   354.4   0.62   7.18   8.29   0     —     —  —
   161     CS  110.864   325.2   0.88   7.43   8.55   0     —     —  —
   162     CS  111.125   296.3   1.14   7.70   8.81   0     —     —  —
   163     CS  111.402   268.7   1.42   7.97   9.09   0     —     —  —
   164     CS  111.643   244.5   1.66   8.21   9.33   0     —     —  —
   165     CS  111.880   220.0   1.89   8.45   9.56   0     —     —  —
   166     CS  112.112   195.0   2.13   8.68   9.80   0     —     —  —
   167     CS  112.364   171.7   2.38   8.94  10.05   1     —    r1  CHARGE, REST-R1
   168     CS  124.501   377.7   0.21   0.21   0.21   0     —     —  —
   169     CS  124.723   356.7   0.43   0.43   0.43   0     —     —  —
   170     CS  124.936   335.2   0.65   0.65   0.65   0     —     —  —
   171     CS  125.151   312.2   0.86   0.86   0.86   0     —     —  —
   172     CS  125.380   290.4   1.09   1.09   1.09   0     —     —  —
   173     CS  125.636   270.1   1.35   1.35   1.35   0     —     —  —
   174     CS  125.942   241.0   1.65   1.65   1.65   0     —     —  —
   175     CS  126.226   210.2   1.94   1.94   1.94   1   b45     —  CHARGE, BRK-B45
   176     CS  127.480   406.3   0.29   2.22   2.44   0     —     —  —
   177     CS  127.780   376.8   0.59   2.52   2.74   0     —     —  —
   178     CS  128.057   345.3   0.87   2.80   3.02   0     —     —  —
   179     CS  128.330   318.1   1.14   3.07   3.29   0     —     —  —
   180     CS  128.586   289.5   1.39   3.33   3.55   0     —     —  —
   181     CS  128.872   257.3   1.68   3.62   3.83   0     —     —  —
   182     CS  129.213   229.1   2.02   3.96   4.17   0     —     —  —
   183     CS  129.512   198.0   2.32   4.26   4.47   0     —     —  —
   184     CS  129.839   169.6   2.65   4.58   4.80   0     —     —  —
   185     CS  130.268   145.1   3.08   5.01   5.23   0     —     —  —
[1/33] RlongCmediumTlarge_14        labelled   65 states in 110.2 min
  ScenarioTracker saved: /mnt/beegfs/users/celinep/ChargeAndBreak/ML/logs/RshortCfewTmedium_15_DAGGER1_S1_H24_20260821_114140_scenarios.json

  === SIMULATION TRAJECTORY ===
  stop   type    t_arr     soc     cd     sd     sw   y   brk   rst  action
  ───────────────────────────────────────────────────────────────────────────────────────────────
     0   ORIG    8.000   500.0   0.00   0.00   0.00   0     —     —  —
     1     CS    8.288   477.7   0.29   0.29   0.29   0     —     —  —
     2     CS    8.517   451.3   0.52   0.52   0.52   0     —     —  —
     3     CS    8.758   425.9   0.76   0.76   0.76   0     —     —  —
     4     CS    8.971   402.9   0.97   0.97   0.97   0     —     —  —
     5     CS    9.177   379.1   1.18   1.18   1.18   0     —     —  —
     6     CS    9.390   356.0   1.39   1.39   1.39   0     —     —  —
     7     CS    9.603   334.5   1.60   1.60   1.60   0     —     —  —
     8     CS    9.834   314.1   1.83   1.83   1.83   0     —     —  —
     9     CS   10.057   293.2   2.06   2.06   2.06   0     —     —  —
    10     CS   10.363   272.8   2.36   2.36   2.36   0     —     —  —
    11     CS   10.582   247.0   2.58   2.58   2.58   0     —     —  —
    12     CS   10.852   225.0   2.85   2.85   2.85   0     —     —  —
    13     CS   11.079   199.7   3.08   3.08   3.08   0     —     —  —
    14     CS   11.312   174.8   3.31   3.31   3.31   0     —     —  —
    15     CS   11.543   149.8   3.54   3.54   3.54   0     —     —  —
    16     CS   11.790   126.1   3.79   3.79   3.79   1   b45     —  CHARGE, BRK-B45
    17     CS   13.011   346.8   0.22   4.01   4.26   0     —     —  —
    18     CS   13.222   325.1   0.43   4.22   4.47   0     —     —  —
    19   CUST   13.416   301.7   0.62   4.41   4.67   0     —     —  —
    20     CS   13.978   294.5   0.68   4.47   5.23   0     —     —  —
    21     CS   14.282   272.0   0.99   4.78   5.53   0     —     —  —
    22     CS   14.542   247.0   1.25   5.04   5.79   0     —     —  —
    23     CS   14.792   221.3   1.50   5.29   6.04   0     —     —  —
    24     CS   15.011   195.8   1.72   5.51   6.26   0     —     —  —
    25     CS   15.266   173.1   1.97   5.76   6.52   0     —     —  —
    26     CS   15.498   148.7   2.20   5.99   6.75   0     —     —  —
    27     CS   15.800   128.3   2.51   6.30   7.05   1   b45     —  CHARGE, BRK-B45
    28     CS   17.402   375.7   0.52   6.82   7.87   0     —     —  —
    29     CS   17.635   350.8   0.75   7.05   8.11   0     —     —  —
    30     CS   17.868   326.0   0.99   7.28   8.34   0     —     —  —
    31     CS   18.095   300.6   1.21   7.51   8.57   0     —     —  —
    32   CUST   18.326   275.7   1.44   7.74   8.80   0     —    r2  REST-R2
    33     CS   28.067   251.4   0.24   0.24   0.24   0     —     —  —
    34     CS   28.356   222.2   0.53   0.53   0.53   1   b45     —  CHARGE, BRK-B45
    35     CS   29.714   381.4   0.27   0.80   1.14   0     —     —  —
    36     CS   30.057   355.9   0.61   1.14   1.48   0     —     —  —
    37     CS   30.344   327.0   0.90   1.43   1.77   0     —     —  —
    38     CS   30.622   297.4   1.18   1.71   2.05   0     —     —  —
    39     CS   30.923   263.4   1.48   2.01   2.35   0     —     —  —
    40     CS   31.153   238.7   1.71   2.24   2.58   0     —     —  —
    41     CS   31.380   213.8   1.93   2.46   2.80   0     —     —  —
    42     CS   31.622   190.0   2.18   2.71   3.05   1     —     —  CHARGE
    43     CS   32.563   291.4   2.49   3.02   3.99   0     —     —  —
    44     CS   32.861   262.8   2.79   3.32   4.28   0     —     —  —
    45     CS   33.138   232.5   3.07   3.60   4.56   0     —     —  —
    46     CS   33.404   201.2   3.33   3.86   4.83   0     —     —  —
    47     CS   33.624   176.4   3.55   4.08   5.05   0     —     —  —
    48     CS   33.839   151.1   3.77   4.30   5.26   0     —     —  —
[2/33] RshortCfewTmedium_15         labelled   14 states in   8.1 min
  ScenarioTracker saved: /mnt/beegfs/users/celinep/ChargeAndBreak/ML/logs/RshortCmanyTtight_5_DAGGER1_S1_H24_20260821_114947_scenarios.json

  === SIMULATION TRAJECTORY ===
  stop   type    t_arr     soc     cd     sd     sw   y   brk   rst  action
  ───────────────────────────────────────────────────────────────────────────────────────────────
     0   ORIG    8.000   500.0   0.00   0.00   0.00   0     —     —  —
     1     CS    8.263   476.3   0.26   0.26   0.26   0     —     —  —
     2     CS    8.498   450.5   0.50   0.50   0.50   0     —     —  —
     3     CS    8.746   425.8   0.75   0.75   0.75   0     —     —  —
     4     CS    9.031   392.6   1.03   1.03   1.03   0     —     —  —
     5     CS    9.357   362.9   1.36   1.36   1.36   0     —     —  —
     6     CS    9.628   339.6   1.63   1.63   1.63   0     —     —  —
     7     CS    9.891   316.0   1.89   1.89   1.89   0     —     —  —
     8     CS   10.156   292.4   2.16   2.16   2.16   0     —     —  —
     9     CS   10.397   264.8   2.40   2.40   2.40   0     —     —  —
    10     CS   10.653   238.4   2.65   2.65   2.65   0     —     —  —
    11   CUST   10.902   211.5   2.90   2.90   2.90   0     —     —  —
    12   CUST   11.637   184.4   3.14   3.14   3.64   0     —     —  —
    13     CS   12.366   158.1   3.37   3.37   4.37   1   b45     —  CHARGE, BRK-B45
    14   CUST   13.787   411.8   0.28   3.65   4.88   0     —     —  —
    15   CUST   14.397   406.6   0.39   3.76   5.49   0     —     —  —
    16     CS   15.306   361.1   0.80   4.16   6.39   0     —     —  —
    17     CS   15.661   321.5   1.15   4.52   6.75   0     —     —  —
    18     CS   15.909   294.5   1.40   4.77   7.00   0     —     —  —
    19   CUST   16.149   266.8   1.64   5.01   7.24   0     —     —  —
    20     CS   16.865   244.3   1.86   5.22   7.95   0     —     —  —
    21     CS   17.087   222.2   2.08   5.45   8.17   0     —     —  —
    22   CUST   17.289   198.5   2.28   5.65   8.38   0     —     —  —
    23     CS   17.834   193.2   2.33   5.69   8.92   0     —     —  —
    24     CS   18.137   158.2   2.63   6.00   9.22   1   b45     —  CHARGE, BRK-B45
    25     CS   19.422   393.4   0.26   6.26   9.70   0     —     —  —
    26   CUST   19.743   367.2   0.58   6.58  10.02   0     —     —  —
    27     CS   20.497   339.0   0.84   6.83  10.77   0     —     —  —
    28     CS   20.756   311.2   1.10   7.09  11.03   0     —     —  —
    29   CUST   20.773   309.2   1.11   7.11  11.05   0     —     —  —
    30   CUST   21.585   275.1   1.42   7.42  11.86   0     —    r2  REST-R2
    31     CS   31.097   273.8   0.01   0.01   0.01   0     —     —  —
    32     CS   31.382   241.3   0.30   0.30   0.30   0     —     —  —
    33   CUST   31.707   212.0   0.62   0.62   0.62   0     —     —  —
    34     CS   32.460   187.0   0.87   0.87   1.37   0     —     —  —
    35   CUST   32.688   159.9   1.10   1.10   1.60   0     —     —  —
    36   CUST   33.354   142.0   1.27   1.27   2.27   0     —     —  —
    37     CS   33.944   131.3   1.36   1.36   2.86   0     —     —  —
    38     CS   34.008   124.1   1.42   1.42   2.92   1   b45     —  CHARGE, BRK-B45
    39     CS   35.252   293.3   0.22   1.64   3.42   0     —     —  —
    40     CS   35.470   268.3   0.44   1.86   3.63   0     —     —  —
    41     CS   35.756   247.6   0.72   2.15   3.92   0     —     —  —
    42     CS   36.170   227.8   1.14   2.56   4.33   0     —     —  —
    43     CS   36.418   201.6   1.39   2.81   4.58   0     —     —  —
    44     CS   36.668   175.5   1.64   3.06   4.83   0     —     —  —
[3/33] RshortCmanyTtight_5          labelled   14 states in  10.8 min
  ScenarioTracker saved: /mnt/beegfs/users/celinep/ChargeAndBreak/ML/logs/RshortCmediumTnone_13_DAGGER1_S1_H24_20260821_120037_scenarios.json

  === SIMULATION TRAJECTORY ===
  stop   type    t_arr     soc     cd     sd     sw   y   brk   rst  action
  ───────────────────────────────────────────────────────────────────────────────────────────────
     0   ORIG    8.000   500.0   0.00   0.00   0.00   0     —     —  —
     1     CS    8.226   473.4   0.23   0.23   0.23   0     —     —  —
     2     CS    8.473   448.5   0.47   0.47   0.47   0     —     —  —
     3     CS    8.712   423.1   0.71   0.71   0.71   0     —     —  —
     4     CS    8.977   392.0   0.98   0.98   0.98   0     —     —  —
     5     CS    9.245   361.4   1.25   1.25   1.25   0     —     —  —
     6     CS    9.548   333.5   1.55   1.55   1.55   0     —     —  —
     7     CS    9.789   308.2   1.79   1.79   1.79   0     —     —  —
     8     CS   10.038   283.5   2.04   2.04   2.04   0     —     —  —
     9     CS   10.274   257.8   2.27   2.27   2.27   0     —     —  —
    10     CS   10.513   230.7   2.51   2.51   2.51   0     —     —  —
    11     CS   10.763   204.7   2.76   2.76   2.76   0     —     —  —
    12   CUST   11.056   181.4   3.06   3.06   3.06   0     —     —  —
    13   CUST   11.707   169.7   3.21   3.21   3.71   0     —     —  —
    14     CS   12.449   140.9   3.45   3.45   4.45   0     —     —  —
    15     CS   12.694   112.4   3.69   3.69   4.69   1   b45     —  CHARGE, BRK-B45
    16     CS   13.885   409.1   0.03   3.72   5.00   0     —     —  —
    17     CS   14.383   359.7   0.53   4.22   5.50   0     —     —  —
    18     CS   14.622   332.7   0.77   4.46   5.74   0     —     —  —
    19     CS   14.864   305.9   1.01   4.70   5.98   0     —     —  —
    20   CUST   15.120   280.3   1.26   4.96   6.24   0     —     —  —
    21     CS   15.761   263.6   1.41   5.10   6.88   0     —     —  —
    22     CS   15.987   237.4   1.63   5.33   7.10   0     —     —  —
    23     CS   16.211   210.9   1.86   5.55   7.33   0     —     —  —
    24     CS   16.441   185.1   2.09   5.78   7.56   1   b45     —  CHARGE, BRK-B45
    25     CS   17.746   398.6   0.30   6.08   8.10   0     —     —  —
    26     CS   18.029   365.4   0.59   6.37   8.38   0     —     —  —
    27     CS   18.319   332.7   0.88   6.66   8.67   0     —     —  —
    28     CS   18.608   308.6   1.16   6.95   8.96   0     —     —  —
    29   CUST   18.853   281.3   1.41   7.19   9.21   0     —     —  —
    30   CUST   19.620   254.8   1.68   7.46   9.97   0     —     —  —
    31     CS   20.512   221.0   2.07   7.85  10.86   0     —     —  —
    32   CUST   20.540   217.8   2.10   7.88  10.89   0     —    r2  REST-R2
    33     CS   30.059   215.9   0.02   0.02   0.02   0     —     —  —
    34     CS   30.354   187.1   0.31   0.31   0.31   0     —     —  —
    35     CS   30.696   161.0   0.66   0.66   0.66   0     —     —  —
    36     CS   31.002   133.0   0.96   0.96   0.96   1   b45     —  CHARGE, BRK-B45
    37     CS   32.418   285.5   0.26   1.22   1.63   0     —     —  —
    38     CS   32.718   259.1   0.56   1.52   1.93   0     —     —  —
    39     CS   32.944   236.3   0.78   1.74   2.15   0     —     —  —
    40     CS   33.160   212.7   1.00   1.96   2.37   0     —     —  —
    41     CS   33.377   189.2   1.22   2.18   2.59   1     —     —  CHARGE
    42     CS   34.537   235.0   1.47   2.44   3.75   0     —     —  —
    43     CS   34.765   208.5   1.70   2.66   3.97   0     —     —  —
    44     CS   34.997   182.5   1.93   2.90   4.21   0     —     —  —
[4/33] RshortCmediumTnone_13        labelled   13 states in  11.9 min
    [warn] teacher query failed @99: Solver failed to locate input problem file: /tmp/tmp_tif1nju.pyomo.lp
  ScenarioTracker saved: /mnt/beegfs/users/celinep/ChargeAndBreak/ML/logs/RlongCmediumTmedium_9_DAGGER1_S1_H24_20260821_121233_scenarios.json

  === SIMULATION TRAJECTORY ===
  stop   type    t_arr     soc     cd     sd     sw   y   brk   rst  action
  ───────────────────────────────────────────────────────────────────────────────────────────────
     0   ORIG    8.000   500.0   0.00   0.00   0.00   0     —     —  —
     1     CS    8.227   473.4   0.23   0.23   0.23   0     —     —  —
     2     CS    8.473   448.6   0.47   0.47   0.47   0     —     —  —
     3     CS    8.699   421.9   0.70   0.70   0.70   0     —     —  —
     4     CS    8.977   395.7   0.98   0.98   0.98   0     —     —  —
     5     CS    9.302   372.1   1.30   1.30   1.30   0     —     —  —
     6     CS    9.570   345.3   1.57   1.57   1.57   0     —     —  —
     7     CS    9.811   316.8   1.81   1.81   1.81   0     —     —  —
     8     CS   10.095   291.7   2.09   2.09   2.09   0     —     —  —
     9     CS   10.354   265.0   2.35   2.35   2.35   0     —     —  —
    10     CS   10.609   235.0   2.61   2.61   2.61   0     —     —  —
    11     CS   10.888   207.2   2.89   2.89   2.89   1   b45     —  CHARGE, BRK-B45
    12     CS   12.314   420.2   0.26   3.15   3.52   0     —     —  —
    13     CS   12.604   393.6   0.55   3.44   3.81   0     —     —  —
    14     CS   12.868   364.9   0.81   3.70   4.07   0     —     —  —
    15     CS   13.131   336.1   1.08   3.96   4.33   0     —     —  —
    16     CS   13.389   306.9   1.33   4.22   4.59   0     —     —  —
    17     CS   13.684   280.5   1.63   4.52   4.89   0     —     —  —
    18     CS   13.902   255.5   1.85   4.74   5.10   0     —     —  —
    19     CS   14.172   234.1   2.12   5.01   5.37   0     —     —  —
    20     CS   14.396   209.7   2.34   5.23   5.60   0     —     —  —
    21     CS   14.642   183.2   2.59   5.48   5.84   0     —     —  —
    22     CS   14.906   158.3   2.85   5.74   6.11   0     —     —  —
    23     CS   15.167   133.1   3.11   6.00   6.37   1   b45     —  CHARGE, BRK-B45
    24     CS   16.668   418.7   0.20   6.20   6.89   0     —     —  —
    25     CS   16.881   395.6   0.41   6.42   7.11   0     —     —  —
    26     CS   17.100   373.0   0.63   6.63   7.33   0     —     —  —
    27     CS   17.424   344.5   0.96   6.96   7.65   0     —     —  —
    28     CS   17.715   313.5   1.25   7.25   7.94   0     —     —  —
    29     CS   17.993   281.4   1.53   7.53   8.22   0     —     —  —
    30     CS   18.236   257.7   1.77   7.77   8.46   0     —     —  —
    31     CS   18.541   237.2   2.08   8.08   8.77   0     —     —  —
    32     CS   18.775   212.7   2.31   8.31   9.00   0     —     —  —
    33     CS   19.025   185.2   2.56   8.56   9.25   0     —     —  —
    34     CS   19.278   157.8   2.81   8.81   9.50   0     —     —  —
    35     CS   19.552   132.1   3.09   9.09   9.78   1   b45     —  CHARGE, BRK-B45
    36     CS   20.997   410.7   0.22   9.31  10.28   0     —     —  —
    37     CS   21.232   386.4   0.46   9.54  10.51   0     —     —  —
    38     CS   21.449   360.5   0.67   9.76  10.73   0     —    r2  REST-R2
    39     CS   31.013   316.4   0.40   0.40   0.40   0     —     —  —
    40     CS   31.293   286.8   0.68   0.68   0.68   0     —     —  —
    41     CS   31.575   257.3   0.96   0.96   0.96   0     —     —  —
    42     CS   31.847   227.0   1.23   1.23   1.23   0     —     —  —
    43     CS   32.079   203.2   1.46   1.46   1.46   0     —     —  —
    44     CS   32.330   180.8   1.71   1.71   1.71   0     —     —  —
    45   CUST   32.544   155.4   1.93   1.93   1.93   0     —     —  —
    46     CS   33.317   131.3   2.20   2.20   2.70   1   b45     —  CHARGE, BRK-B45
    47     CS   34.792   407.8   0.24   2.44   3.26   0     —     —  —
    48     CS   35.034   386.5   0.48   2.68   3.50   0     —     —  —
    49     CS   35.270   364.7   0.72   2.92   3.74   0     —     —  —
    50     CS   35.750   322.5   1.20   3.40   4.22   0     —     —  —
    51     CS   36.049   290.7   1.50   3.70   4.52   0     —     —  —
    52     CS   36.349   259.0   1.80   4.00   4.82   0     —     —  —
    53     CS   36.642   226.6   2.09   4.29   5.11   0     —     —  —
    54     CS   36.867   205.9   2.32   4.52   5.34   0     —     —  —
    55     CS   37.083   184.5   2.53   4.73   5.55   0     —     —  —
    56     CS   37.309   163.9   2.76   4.96   5.78   1   b45     —  CHARGE, BRK-B45
    57     CS   38.930   435.3   0.24   5.19   6.42   0     —     —  —
    58     CS   39.203   412.6   0.51   5.47   6.70   0     —     —  —
    59     CS   39.450   388.4   0.75   5.71   6.94   0     —     —  —
    60     CS   39.696   364.0   1.00   5.96   7.19   0     —     —  —
    61     CS   39.921   338.9   1.23   6.18   7.41   0     —     —  —
    62     CS   40.153   314.4   1.46   6.42   7.65   0     —     —  —
    63     CS   40.380   289.4   1.69   6.64   7.87   0     —     —  —
    64     CS   40.754   250.2   2.06   7.02   8.25   0     —     —  —
    65     CS   40.982   223.1   2.29   7.25   8.48   0     —     —  —
    66     CS   41.292   201.3   2.60   7.56   8.79   0     —     —  —
    67     CS   41.541   176.1   2.85   7.80   9.03   0     —     —  —
    68     CS   41.786   150.5   3.09   8.05   9.28   1   b45     —  CHARGE, BRK-B45
    69     CS   44.174   394.8   0.45   8.50  10.86   0     —     —  —
    70     CS   44.500   365.0   0.78   8.82  11.18   0     —     —  —
    71     CS   44.819   334.7   1.09   9.14  11.50   0     —     —  —
    72     CS   45.185   297.2   1.46   9.51  11.87   0     —    r2  REST-R2
    73     CS   54.575   272.7   0.22   0.22   0.22   0     —     —  —
    74     CS   54.794   247.7   0.44   0.44   0.44   0     —     —  —
    75     CS   55.029   224.2   0.68   0.68   0.68   0     —     —  —
    76     CS   55.274   201.3   0.92   0.92   0.92   0     —     —  —
    77     CS   55.530   171.9   1.18   1.18   1.18   0     —     —  —
    78     CS   55.819   145.1   1.47   1.47   1.47   0     —     —  —
    79     CS   56.126   119.5   1.77   1.77   1.77   1   b45     —  CHARGE, BRK-B45
    80     CS   57.774   429.8   0.22   2.00   2.35   0     —     —  —
    81     CS   58.011   405.6   0.46   2.23   2.58   0     —     —  —
    82     CS   58.239   380.7   0.69   2.46   2.81   0     —     —  —
    83     CS   58.677   337.7   1.13   2.90   3.25   0     —     —  —
    84     CS   59.014   318.2   1.46   3.24   3.59   0     —     —  —
    85     CS   59.269   295.4   1.72   3.49   3.84   0     —     —  —
    86     CS   59.494   270.2   1.94   3.72   4.07   0     —     —  —
    87     CS   59.761   238.5   2.21   3.98   4.33   0     —     —  —
    88     CS   60.033   207.4   2.48   4.26   4.60   0     —     —  —
    89   CUST   60.338   179.0   2.79   4.56   4.91   0     —     —  —
    90     CS   61.006   162.3   2.96   4.73   5.58   1   b45     —  CHARGE, BRK-B45
    91     CS   62.367   391.9   0.25   4.98   6.16   0     —     —  —
    92     CS   62.623   364.5   0.50   5.23   6.41   0     —     —  —
    93     CS   62.870   336.2   0.75   5.48   6.66   0     —     —  —
    94     CS   63.075   312.3   0.95   5.68   6.87   0     —     —  —
    95     CS   63.303   290.4   1.18   5.91   7.09   0     —     —  —
    96     CS   63.521   267.8   1.40   6.13   7.31   0     —     —  —
    97     CS   63.760   239.0   1.64   6.37   7.55   0     —     —  —
    98     CS   64.020   212.3   1.90   6.63   7.81   0     —     —  —
    99     CS   64.261   183.8   2.14   6.87   8.05   0     —     —  —
   100     CS   64.561   163.1   2.44   7.17   8.35   0     —     —  —
   101     CS   64.799   139.1   2.68   7.41   8.59   0     —     —  —
   102     CS   65.062   116.7   2.94   7.67   8.85   1   b45     —  CHARGE, BRK-B45
   103     CS   66.502   407.5   0.22   7.89   9.32   0     —     —  —
   104     CS   66.727   382.3   0.45   8.12   9.54   0     —     —  —
   105     CS   66.945   356.5   0.67   8.34   9.76   0     —     —  —
   106     CS   67.221   323.7   0.94   8.61  10.04   0     —     —  —
   107     CS   67.503   291.6   1.23   8.90  10.32   0     —    r2  REST-R2
   108     CS   76.952   259.8   0.28   0.28   0.28   0     —     —  —
   109     CS   77.282   231.6   0.61   0.61   0.61   0     —     —  —
   110   CUST   77.573   200.6   0.90   0.90   0.90   0     —     —  —
   111     CS   78.497   153.0   1.33   1.33   1.83   1   b45     —  CHARGE, BRK-B45
   112     CS   79.812   419.6   0.14   1.47   2.27   0     —     —  —
   113     CS   80.038   398.2   0.37   1.69   2.49   0     —     —  —
   114     CS   80.257   376.4   0.59   1.91   2.71   0     —     —  —
   115   CUST   80.466   353.6   0.79   2.12   2.92   0     —     —  —
   116   CUST   81.089   340.1   0.92   2.25   3.54   0     —     —  —
   117   CUST   81.650   333.8   0.98   2.31   4.10   0     —     —  —
   118     CS   82.720   288.9   1.55   2.88   5.18   0     —     —  —
   119     CS   82.760   284.2   1.59   2.92   5.21   0     —     —  —
   120     CS   83.136   260.7   1.96   3.29   5.59   0     —     —  —
   121     CS   83.393   230.3   2.22   3.55   5.85   0     —     —  —
   122     CS   83.656   200.6   2.48   3.81   6.11   0     —     —  —
   123     CS   83.935   172.2   2.76   4.09   6.39   0     —     —  —
   124     CS   84.236   140.6   3.06   4.39   6.69   0     —     —  —
   125     CS   84.542   109.4   3.37   4.70   7.00   1   b45     —  CHARGE, BRK-B45
   126     CS   85.978   389.4   0.28   4.98   7.53   0     —     —  —
   127     CS   86.315   366.6   0.62   5.31   7.86   0     —     —  —
   128     CS   86.560   338.1   0.86   5.56   8.11   0     —     —  —
   129     CS   86.862   313.7   1.16   5.86   8.41   0     —     —  —
   130     CS   87.136   287.6   1.44   6.14   8.68   0     —     —  —
   131     CS   87.376   258.7   1.68   6.38   8.93   0     —     —  —
   132     CS   87.744   216.7   2.05   6.74   9.29   1   b45     —  CHARGE, BRK-B45
   133     CS   89.019   406.7   0.33   7.08   9.82   0     —     —  —
   134     CS   89.296   376.0   0.61   7.36  10.09   0     —    r1  REST-R1
   135     CS  100.740   345.4   0.28   0.28   0.28   0     —     —  —
   136     CS  100.962   320.0   0.50   0.50   0.50   0     —     —  —
   137     CS  101.252   298.9   0.79   0.79   0.79   0     —     —  —
   138     CS  101.552   278.2   1.09   1.09   1.09   0     —     —  —
   139     CS  101.818   247.4   1.36   1.36   1.36   0     —     —  —
   140     CS  102.086   216.6   1.62   1.62   1.62   0     —     —  —
   141     CS  102.351   185.6   1.89   1.89   1.89   0     —     —  —
   142     CS  102.811   133.1   2.35   2.35   2.35   1   b45     —  CHARGE, BRK-B45
   143     CS  104.127   378.2   0.27   2.61   2.86   0     —     —  —
   144     CS  104.393   348.1   0.53   2.88   3.13   0     —     —  —
   145     CS  104.660   318.1   0.80   3.15   3.39   0     —     —  —
   146     CS  104.919   288.2   1.06   3.41   3.65   0     —     —  —
   147     CS  105.180   258.4   1.32   3.67   3.91   0     —     —  —
   148     CS  105.454   229.8   1.59   3.94   4.19   0     —     —  —
   149     CS  105.730   204.9   1.87   4.22   4.46   0     —     —  —
   150     CS  106.003   179.8   2.14   4.49   4.74   0     —     —  —
   151     CS  106.296   155.9   2.44   4.78   5.03   1   b45     —  CHARGE, BRK-B45
   152     CS  107.720   354.1   0.39   5.18   5.70   0     —     —  —
   153     CS  107.944   328.1   0.62   5.40   5.93   0     —     —  —
   154     CS  108.172   302.4   0.85   5.63   6.16   0     —     —  —
   155     CS  108.391   278.3   1.06   5.85   6.37   0     —     —  —
   156     CS  108.607   253.8   1.28   6.06   6.59   0     —     —  —
   157     CS  108.864   232.4   1.54   6.32   6.85   0     —     —  —
   158     CS  109.167   204.2   1.84   6.62   7.15   0     —     —  —
[5/33] RlongCmediumTmedium_9        labelled   66 states in 131.2 min
  ScenarioTracker saved: /mnt/beegfs/users/celinep/ChargeAndBreak/ML/logs/RmediumCfewTtight_15_DAGGER1_S1_H24_20260821_142345_scenarios.json

  === SIMULATION TRAJECTORY ===
  stop   type    t_arr     soc     cd     sd     sw   y   brk   rst  action
  ───────────────────────────────────────────────────────────────────────────────────────────────
     0   ORIG    8.000   500.0   0.00   0.00   0.00   0     —     —  —
     1     CS    8.237   474.4   0.24   0.24   0.24   0     —     —  —
     2     CS    8.478   449.0   0.48   0.48   0.48   0     —     —  —
     3     CS    8.730   424.6   0.73   0.73   0.73   0     —     —  —
     4     CS    8.959   403.5   0.96   0.96   0.96   0     —     —  —
     5     CS    9.160   380.1   1.16   1.16   1.16   0     —     —  —
     6     CS    9.366   357.1   1.37   1.37   1.37   0     —     —  —
     7     CS    9.589   334.0   1.59   1.59   1.59   0     —     —  —
     8     CS    9.814   311.3   1.81   1.81   1.81   0     —     —  —
     9     CS   10.145   293.0   2.15   2.15   2.15   0     —     —  —
    10     CS   10.461   265.3   2.46   2.46   2.46   0     —     —  —
    11     CS   10.758   236.2   2.76   2.76   2.76   0     —     —  —
    12     CS   11.110   210.3   3.11   3.11   3.11   1   b45     —  CHARGE, BRK-B45
    13     CS   12.664   459.8   0.25   3.36   3.69   0     —     —  —
    14     CS   12.925   433.8   0.51   3.62   3.95   0     —     —  —
    15     CS   13.201   402.9   0.79   3.90   4.23   0     —     —  —
    16     CS   13.571   377.5   1.16   4.27   4.60   0     —     —  —
    17     CS   13.915   351.1   1.50   4.61   4.94   0     —     —  —
    18     CS   14.189   320.0   1.78   4.89   5.21   0     —     —  —
    19     CS   14.412   294.7   2.00   5.11   5.44   0     —     —  —
    20     CS   14.799   276.2   2.39   5.50   5.82   0     —     —  —
    21     CS   15.025   251.1   2.61   5.72   6.05   0     —     —  —
    22     CS   15.260   227.6   2.85   5.96   6.29   0     —     —  —
    23     CS   15.522   205.8   3.11   6.22   6.55   0     —     —  —
    24     CS   15.747   181.4   3.34   6.44   6.77   1   b45     —  CHARGE, BRK-B45
    25     CS   17.339   369.8   0.25   6.70   7.62   0     —     —  —
    26     CS   17.591   343.9   0.50   6.95   7.87   0     —     —  —
    27     CS   17.845   318.2   0.76   7.20   8.12   0     —     —  —
    28     CS   18.263   285.8   1.17   7.62   8.54   0     —     —  —
    29     CS   18.513   260.7   1.43   7.87   8.79   0     —     —  —
    30     CS   18.757   235.0   1.67   8.11   9.03   0     —     —  —
    31     CS   18.990   208.5   1.90   8.35   9.27   0     —     —  —
    32     CS   19.226   182.2   2.14   8.58   9.50   1   b45     —  CHARGE, BRK-B45
    33     CS   20.526   345.3   0.28   8.87  10.05   0     —     —  —
    34     CS   20.833   316.3   0.59   9.17  10.36   0     —     —  —
    35     CS   21.145   287.6   0.90   9.48  10.67   0     —     —  —
    36     CS   21.377   265.3   1.13   9.72  10.90   0     —    r2  REST-R2
    37     CS   30.765   242.1   0.22   0.22   0.22   0     —     —  —
    38     CS   30.978   218.2   0.43   0.43   0.43   1   b45     —  CHARGE, BRK-B45
    39     CS   32.332   384.9   0.33   0.76   1.04   0     —     —  —
    40   CUST   32.618   351.9   0.61   1.05   1.32   0     —     —  —
    41     CS   33.342   325.4   0.84   1.27   2.05   0     —     —  —
    42     CS   33.577   300.0   1.07   1.51   2.28   0     —     —  —
    43   CUST   33.805   273.9   1.30   1.73   2.51   0     —     —  —
    44     CS   34.316   272.6   1.31   1.75   3.02   0     —     —  —
    45     CS   34.401   262.6   1.40   1.83   3.11   0     —     —  —
    46     CS   34.870   215.4   1.87   2.30   3.58   1   b45     —  CHARGE, BRK-B45
    47     CS   36.165   407.6   0.33   2.63   4.12   0     —     —  —
    48     CS   36.442   376.9   0.60   2.90   4.40   0     —     —  —
    49     CS   36.709   345.3   0.87   3.17   4.66   0     —     —  —
    50     CS   36.961   321.5   1.12   3.42   4.92   0     —     —  —
    51     CS   37.191   296.1   1.35   3.65   5.15   0     —     —  —
    52     CS   37.420   270.5   1.58   3.88   5.38   0     —     —  —
    53     CS   37.671   244.9   1.83   4.13   5.63   0     —     —  —
    54     CS   37.903   217.6   2.06   4.36   5.86   0     —     —  —
    55     CS   38.144   191.1   2.30   4.60   6.10   0     —     —  —
    56     CS   38.476   169.6   2.64   4.94   6.43   1   b45     —  CHARGE, BRK-B45
    57     CS   39.765   389.5   0.25   5.19   6.97   0     —     —  —
    58     CS   39.970   367.1   0.46   5.39   7.18   0     —     —  —
    59     CS   40.172   344.7   0.66   5.60   7.38   0     —     —  —
    60     CS   40.481   320.6   0.97   5.91   7.69   0     —     —  —
    61     CS   40.725   292.1   1.21   6.15   7.93   0     —     —  —
    62     CS   41.158   271.3   1.65   6.58   8.36   0     —     —  —
    63     CS   41.407   242.8   1.89   6.83   8.61   0     —     —  —
    64     CS   41.695   217.3   2.18   7.12   8.90   0     —     —  —
    65     CS   41.912   192.2   2.40   7.34   9.12   0     —     —  —
    66     CS   42.135   167.7   2.62   7.56   9.34   0     —     —  —
    67     CS   42.356   142.9   2.84   7.78   9.56   1   b45     —  CHARGE, BRK-B45
    68     CS   43.582   356.8   0.24   8.02  10.04   0     —     —  —
    69     CS   43.852   333.5   0.51   8.29  10.31   0     —     —  —
    70     CS   44.124   310.3   0.78   8.56  10.58   0     —     —  —
    71     CS   44.357   284.3   1.01   8.79  10.81   0     —     —  —
    72     CS   44.616   257.1   1.27   9.05  11.07   0     —     —  —
    73     CS   44.972   234.9   1.63   9.41  11.43   0     —     —  —
    74     CS   45.274   203.3   1.93   9.71  11.73   0     —    r2  REST-R2
    75     CS   54.760   173.1   0.32   0.32   0.32   0     —     —  —
[6/33] RmediumCfewTtight_15         labelled   26 states in  45.2 min
  ScenarioTracker saved: /mnt/beegfs/users/celinep/ChargeAndBreak/ML/logs/RshortCfewTnone_1_DAGGER1_S1_H24_20260821_150858_scenarios.json

  === SIMULATION TRAJECTORY ===
  stop   type    t_arr     soc     cd     sd     sw   y   brk   rst  action
  ───────────────────────────────────────────────────────────────────────────────────────────────
     0   ORIG    8.000   500.0   0.00   0.00   0.00   0     —     —  —
     1     CS    8.228   473.5   0.23   0.23   0.23   0     —     —  —
     2     CS    8.466   448.0   0.47   0.47   0.47   0     —     —  —
     3     CS    8.695   421.6   0.69   0.69   0.69   0     —     —  —
     4     CS    8.915   395.6   0.92   0.92   0.92   0     —     —  —
     5     CS    9.135   369.5   1.14   1.14   1.14   0     —     —  —
     6     CS    9.400   346.9   1.40   1.40   1.40   0     —     —  —
     7     CS    9.620   320.8   1.62   1.62   1.62   0     —     —  —
     8     CS    9.945   281.9   1.95   1.95   1.95   0     —     —  —
     9     CS   10.165   256.2   2.16   2.16   2.16   0     —     —  —
    10     CS   10.551   237.7   2.55   2.55   2.55   0     —     —  —
    11     CS   10.780   212.9   2.78   2.78   2.78   1   b45     —  CHARGE, BRK-B45
    12     CS   12.026   412.1   0.24   3.02   3.28   0     —     —  —
    13     CS   12.302   389.8   0.52   3.30   3.55   0     —     —  —
    14     CS   12.544   365.3   0.76   3.54   3.79   0     —     —  —
    15     CS   12.817   337.1   1.04   3.82   4.07   0     —     —  —
    16     CS   13.080   307.9   1.30   4.08   4.33   0     —     —  —
    17     CS   13.389   282.0   1.61   4.39   4.64   0     —     —  —
    18     CS   13.721   257.3   1.94   4.72   4.97   0     —     —  —
    19     CS   13.971   230.5   2.19   4.97   5.22   0     —     —  —
    20     CS   14.235   204.8   2.45   5.23   5.49   0     —     —  —
    21     CS   14.479   177.4   2.70   5.48   5.73   0     —     —  —
    22     CS   14.713   150.3   2.93   5.71   5.96   0     —     —  —
    23     CS   14.949   123.3   3.17   5.95   6.20   1   b45     —  CHARGE, BRK-B45
    24     CS   16.168   337.6   0.25   6.19   6.67   0     —     —  —
    25     CS   16.417   309.9   0.49   6.44   6.92   0     —     —  —
    26     CS   16.685   283.8   0.76   6.71   7.18   0     —     —  —
    27     CS   16.960   250.9   1.04   6.99   7.46   0     —     —  —
    28   CUST   17.235   218.1   1.31   7.26   7.74   0     —    r2  REST-R2
    29     CS   27.100   187.6   0.36   0.36   0.36   1   b45     —  CHARGE, BRK-B45
    30     CS   28.405   389.4   0.29   0.65   0.92   0     —     —  —
    31     CS   28.671   358.7   0.55   0.92   1.19   0     —     —  —
    32     CS   28.913   330.3   0.79   1.16   1.43   0     —     —  —
    33     CS   29.178   303.9   1.06   1.42   1.69   0     —     —  —
    34     CS   29.426   276.1   1.31   1.67   1.94   0     —     —  —
    35     CS   29.634   251.7   1.51   1.88   2.15   0     —     —  —
    36     CS   29.854   228.5   1.73   2.10   2.37   0     —     —  —
    37     CS   30.071   205.0   1.95   2.32   2.59   0     —     —  —
    38     CS   30.335   174.7   2.22   2.58   2.85   0     —     —  —
    39     CS   30.620   146.2   2.50   2.86   3.13   0     —     —  —
    40     CS   30.885   116.0   2.76   3.13   3.40   1   b45     —  CHARGE, BRK-B45
    41     CS   32.379   359.1   0.36   3.49   4.07   0     —     —  —
    42     CS   32.646   331.5   0.63   3.76   4.34   0     —     —  —
    43     CS   32.903   303.0   0.89   4.02   4.60   0     —     —  —
    44     CS   33.165   274.9   1.15   4.28   4.86   0     —     —  —
    45     CS   33.415   254.3   1.40   4.53   5.11   0     —     —  —
    46     CS   33.627   231.1   1.61   4.74   5.32   0     —     —  —
    47     CS   33.857   209.3   1.84   4.97   5.55   0     —     —  —
    48     CS   34.155   177.5   2.14   5.27   5.85   0     —     —  —
    49     CS   34.436   144.0   2.42   5.55   6.13   0     —     —  —
    50     CS   34.743   112.8   2.73   5.86   6.44   1   b45     —  CHARGE, BRK-B45
    51     CS   35.980   265.5   0.21   6.07   6.93   0     —     —  —
    52     CS   36.210   244.4   0.44   6.30   7.16   0     —     —  —
    53     CS   36.415   221.3   0.64   6.50   7.36   0     —     —  —
    54     CS   36.709   199.7   0.94   6.79   7.65   0     —     —  —
    55     CS   36.944   174.5   1.17   7.03   7.89   0     —     —  —
    56     CS   37.185   149.8   1.41   7.27   8.13   0     —     —  —
[7/33] RshortCfewTnone_1            labelled   18 states in  24.5 min
  ScenarioTracker saved: /mnt/beegfs/users/celinep/ChargeAndBreak/ML/logs/RmediumCmediumTnone_1_DAGGER1_S1_H24_20260821_153327_scenarios.json

  === SIMULATION TRAJECTORY ===
  stop   type    t_arr     soc     cd     sd     sw   y   brk   rst  action
  ───────────────────────────────────────────────────────────────────────────────────────────────
     0   ORIG    8.000   500.0   0.00   0.00   0.00   0     —     —  —
     1     CS    8.253   475.6   0.25   0.25   0.25   0     —     —  —
     2     CS    8.504   451.1   0.50   0.50   0.50   0     —     —  —
     3     CS    8.780   428.2   0.78   0.78   0.78   0     —     —  —
     4     CS    9.015   403.5   1.01   1.01   1.01   0     —     —  —
     5     CS    9.262   379.8   1.26   1.26   1.26   0     —     —  —
     6     CS    9.538   357.8   1.54   1.54   1.54   0     —     —  —
     7     CS    9.848   337.2   1.85   1.85   1.85   0     —     —  —
     8     CS   10.051   315.5   2.05   2.05   2.05   0     —     —  —
     9     CS   10.260   294.3   2.26   2.26   2.26   0     —     —  —
    10     CS   10.460   272.4   2.46   2.46   2.46   0     —     —  —
    11     CS   10.907   230.1   2.91   2.91   2.91   0     —     —  —
    12     CS   11.171   205.1   3.17   3.17   3.17   0     —     —  —
    13     CS   11.409   177.9   3.41   3.41   3.41   0     —     —  —
    14     CS   11.648   150.9   3.65   3.65   3.65   1   b45     —  CHARGE, BRK-B45
    15     CS   12.930   371.2   0.32   3.97   4.18   0     —     —  —
    16     CS   13.239   340.1   0.63   4.28   4.49   0     —     —  —
    17     CS   13.545   308.9   0.93   4.58   4.80   0     —     —  —
    18     CS   13.814   277.5   1.20   4.85   5.06   0     —     —  —
    19     CS   14.109   248.3   1.50   5.15   5.36   0     —     —  —
    20     CS   14.399   218.7   1.79   5.44   5.65   0     —     —  —
    21     CS   14.798   174.9   2.19   5.84   6.05   0     —     —  —
    22     CS   15.005   150.4   2.39   6.04   6.26   0     —     —  —
    23     CS   15.223   127.0   2.61   6.26   6.47   0     —     —  —
    24     CS   15.438   103.2   2.83   6.48   6.69   1   b45     —  CHARGE, BRK-B45
    25     CS   16.875   382.5   0.23   6.70   7.23   0     —     —  —
    26     CS   17.106   355.7   0.46   6.93   7.46   0     —     —  —
    27     CS   17.358   330.7   0.71   7.19   7.71   0     —     —  —
    28   CUST   17.622   306.5   0.97   7.45   7.98   0     —     —  —
    29     CS   18.428   280.0   1.28   7.76   8.78   0     —     —  —
    30   CUST   18.715   252.2   1.57   8.04   9.07   0     —     —  —
    31     CS   19.252   248.5   1.60   8.08   9.61   0     —     —  —
    32     CS   19.272   246.8   1.62   8.10   9.63   0     —     —  —
    33     CS   19.471   223.9   1.82   8.30   9.82   0     —     —  —
    34     CS   19.683   202.3   2.04   8.51  10.04   0     —     —  —
    35   CUST   19.884   179.6   2.24   8.71  10.24   0     —     —  —
    36     CS   20.650   148.9   2.50   8.98  11.00   0     —     —  —
    37     CS   20.933   119.8   2.79   9.26  11.29   1     —    r2  CHARGE, REST-R2
    38     CS   31.267   387.5   0.22   0.22   0.22   0     —     —  —
    39     CS   31.514   359.8   0.46   0.46   0.46   0     —     —  —
    40     CS   31.758   331.9   0.71   0.71   0.71   0     —     —  —
    41     CS   32.001   303.8   0.95   0.95   0.95   0     —     —  —
    42     CS   32.259   277.1   1.21   1.21   1.21   0     —     —  —
    43     CS   32.659   233.3   1.61   1.61   1.61   0     —     —  —
    44     CS   32.930   202.9   1.88   1.88   1.88   0     —     —  —
    45     CS   33.211   173.3   2.16   2.16   2.16   0     —     —  —
    46     CS   33.538   146.8   2.49   2.49   2.49   1   b45     —  CHARGE, BRK-B45
    47     CS   35.128   404.6   0.34   2.83   3.19   0     —     —  —
    48     CS   35.429   373.0   0.64   3.13   3.49   0     —     —  —
    49     CS   35.716   340.1   0.93   3.42   3.78   0     —     —  —
    50     CS   35.974   309.2   1.19   3.68   4.03   0     —     —  —
    51     CS   36.260   280.8   1.48   3.96   4.32   0     —     —  —
    52     CS   36.510   255.2   1.73   4.21   4.57   0     —     —  —
    53     CS   36.756   229.1   1.97   4.46   4.81   0     —     —  —
    54     CS   37.000   203.0   2.22   4.70   5.06   0     —     —  —
    55     CS   37.297   180.1   2.51   5.00   5.36   0     —     —  —
    56     CS   37.496   158.2   2.71   5.20   5.56   0     —     —  —
    57     CS   37.710   137.4   2.93   5.41   5.77   0     —     —  —
    58     CS   37.933   117.2   3.15   5.64   5.99   1   b45     —  CHARGE, BRK-B45
    59     CS   39.287   372.6   0.27   5.91   6.53   0     —     —  —
    60     CS   39.560   343.2   0.54   6.18   6.80   0     —     —  —
    61     CS   39.821   312.6   0.80   6.44   7.06   0     —     —  —
    62     CS   40.027   289.7   1.01   6.65   7.27   0     —     —  —
    63     CS   40.241   267.4   1.22   6.86   7.48   0     —     —  —
    64     CS   40.445   244.3   1.43   7.06   7.68   0     —     —  —
    65     CS   40.700   219.0   1.68   7.32   7.94   0     —     —  —
    66     CS   40.947   193.1   1.93   7.57   8.19   0     —     —  —
    67     CS   41.217   163.4   2.20   7.84   8.46   0     —     —  —
    68     CS   41.547   137.6   2.53   8.17   8.79   0     —     —  —
    69     CS   41.807   106.9   2.79   8.43   9.05   1   b45     —  CHARGE, BRK-B45
    70     CS   43.412   426.2   0.22   8.65   9.56   0     —     —  —
    71     CS   43.624   401.4   0.43   8.86   9.77   0     —     —  —
    72     CS   43.910   381.3   0.72   9.14  10.06   0     —    r2  REST-R2
    73     CS   53.298   361.0   0.22   0.22   0.22   0     —     —  —
    74     CS   53.508   339.9   0.43   0.43   0.43   0     —     —  —
    75     CS   53.701   317.3   0.62   0.62   0.62   0     —     —  —
    76     CS   53.947   289.5   0.87   0.87   0.87   0     —     —  —
    77     CS   54.201   262.5   1.12   1.12   1.12   0     —     —  —
    78     CS   54.457   235.6   1.38   1.38   1.38   0     —     —  —
    79     CS   54.704   207.9   1.63   1.63   1.63   1   b45     —  CHARGE, BRK-B45
    80     CS   56.203   395.2   0.22   1.85   2.38   0     —     —  —
    81     CS   56.421   371.7   0.44   2.07   2.59   0     —     —  —
    82   CUST   56.638   348.2   0.65   2.28   2.81   0     —     —  —
    83   CUST   57.523   308.8   1.04   2.67   3.70   0     —     —  —
    84     CS   58.543   283.9   1.56   3.19   4.72   0     —     —  —
    85     CS   58.583   279.3   1.60   3.23   4.76   0     —     —  —
    86     CS   58.874   247.9   1.89   3.52   5.05   0     —     —  —
    87     CS   59.151   215.2   2.17   3.79   5.32   0     —     —  —
    88     CS   59.374   189.1   2.39   4.02   5.55   0     —     —  —
    89     CS   59.636   166.0   2.65   4.28   5.81   0     —     —  —
    90     CS   59.864   140.3   2.88   4.51   6.04   1   b45     —  CHARGE, BRK-B45
    91     CS   61.184   397.6   0.23   4.73   6.51   0     —     —  —
    92     CS   61.425   374.5   0.47   4.98   6.75   0     —     —  —
    93     CS   61.642   349.3   0.68   5.19   6.96   0     —     —  —
    94     CS   61.885   326.4   0.93   5.43   7.21   0     —     —  —
    95     CS   62.102   301.3   1.14   5.65   7.42   0     —     —  —
    96     CS   62.320   276.3   1.36   5.87   7.64   0     —     —  —
    97     CS   62.607   250.1   1.65   6.16   7.93   0     —     —  —
    98     CS   62.871   222.1   1.91   6.42   8.19   0     —     —  —
    99     CS   63.140   194.7   2.18   6.69   8.46   0     —     —  —
   100     CS   63.410   167.2   2.45   6.96   8.73   1   b45     —  CHARGE, BRK-B45
   101     CS   65.074   397.8   0.45   7.41   9.51   0     —    r2  REST-R2
   102     CS   74.583   369.0   0.34   0.34   0.34   0     —     —  —
   103     CS   74.898   338.5   0.66   0.66   0.66   0     —     —  —
   104     CS   75.232   309.2   0.99   0.99   0.99   0     —     —  —
   105     CS   75.473   280.3   1.23   1.23   1.23   0     —     —  —
   106     CS   75.796   256.9   1.56   1.56   1.56   0     —     —  —
   107     CS   76.191   238.0   1.95   1.95   1.95   0     —     —  —
   108     CS   76.419   212.1   2.18   2.18   2.18   0     —     —  —
   109     CS   76.658   187.2   2.42   2.42   2.42   0     —     —  —
   110     CS   76.886   161.3   2.65   2.65   2.65   1     —     —  CHARGE
   111     CS   77.796   295.0   2.85   2.85   3.56   0     —     —  —
   112     CS   78.110   277.3   3.16   3.16   3.87   0     —     —  —
[8/33] RmediumCmediumTnone_1        labelled   45 states in  74.9 min
  ScenarioTracker saved: /mnt/beegfs/users/celinep/ChargeAndBreak/ML/logs/RshortCfewTlarge_6_DAGGER1_S1_H24_20260821_164819_scenarios.json

  === SIMULATION TRAJECTORY ===
  stop   type    t_arr     soc     cd     sd     sw   y   brk   rst  action
  ───────────────────────────────────────────────────────────────────────────────────────────────
     0   ORIG    8.000   500.0   0.00   0.00   0.00   0     —     —  —
     1     CS    8.260   476.1   0.26   0.26   0.26   0     —     —  —
     2     CS    8.607   455.9   0.61   0.61   0.61   0     —     —  —
     3     CS    8.843   430.1   0.84   0.84   0.84   0     —     —  —
     4     CS    9.072   402.5   1.07   1.07   1.07   0     —     —  —
     5     CS    9.316   376.3   1.32   1.32   1.32   0     —     —  —
     6     CS    9.639   349.3   1.64   1.64   1.64   0     —     —  —
     7     CS    9.952   321.7   1.95   1.95   1.95   0     —     —  —
     8     CS   10.218   290.4   2.22   2.22   2.22   0     —     —  —
     9     CS   10.525   262.4   2.52   2.52   2.52   0     —     —  —
    10     CS   10.815   236.4   2.82   2.82   2.82   0     —     —  —
    11     CS   11.085   209.0   3.09   3.09   3.09   1   b45     —  CHARGE, BRK-B45
    12     CS   12.401   395.8   0.34   3.42   3.65   0     —     —  —
    13     CS   12.698   365.2   0.63   3.72   3.95   0     —     —  —
    14     CS   12.974   332.9   0.91   3.99   4.22   0     —     —  —
    15     CS   13.348   289.0   1.28   4.37   4.60   0     —     —  —
    16     CS   13.614   264.2   1.55   4.64   4.86   0     —     —  —
    17     CS   13.854   237.2   1.79   4.87   5.10   0     —     —  —
    18     CS   14.103   211.1   2.04   5.12   5.35   0     —     —  —
    19     CS   14.397   181.1   2.33   5.42   5.65   0     —     —  —
    20     CS   14.676   149.9   2.61   5.70   5.93   0     —     —  —
    21     CS   15.002   122.0   2.94   6.02   6.25   1   b45     —  CHARGE, BRK-B45
    22     CS   16.479   394.4   0.28   6.31   6.80   0     —     —  —
    23     CS   16.801   365.7   0.60   6.63   7.13   0     —     —  —
    24   CUST   17.082   333.9   0.89   6.91   7.41   0     —     —  —
    25     CS   17.901   297.9   1.20   7.23   8.23   0     —     —  —
    26     CS   17.986   290.2   1.29   7.31   8.31   0     —     —  —
    27     CS   18.423   268.1   1.73   7.75   8.75   0     —     —  —
    28     CS   18.693   239.0   2.00   8.02   9.02   0     —     —  —
    29     CS   18.959   209.5   2.26   8.29   9.28   0     —     —  —
    30     CS   19.265   182.9   2.57   8.59   9.59   0     —     —  —
    31     CS   19.749   144.7   3.05   9.08  10.07   1   b45     —  CHARGE, BRK-B45
    32     CS   21.240   397.0   0.29   9.36  10.71   0     —     —  —
    33     CS   21.525   368.5   0.57   9.65  10.99   0     —    r2  REST-R2
    34     CS   30.957   338.3   0.27   0.27   0.27   0     —     —  —
    35     CS   31.172   314.6   0.48   0.48   0.48   0     —     —  —
    36     CS   31.389   291.1   0.70   0.70   0.70   0     —     —  —
    37     CS   31.595   266.5   0.90   0.90   0.90   0     —     —  —
    38     CS   31.881   234.3   1.19   1.19   1.19   0     —     —  —
    39     CS   32.172   202.6   1.48   1.48   1.48   0     —     —  —
    40   CUST   32.528   175.1   1.84   1.84   1.84   0     —     —  —
    41     CS   33.413   131.0   2.22   2.22   2.72   1   b45     —  CHARGE, BRK-B45
    42     CS   34.627   328.7   0.25   2.47   3.18   0     —     —  —
    43     CS   34.904   299.6   0.52   2.74   3.46   0     —     —  —
    44     CS   35.173   269.8   0.79   3.01   3.73   0     —     —  —
    45     CS   35.436   239.5   1.06   3.28   3.99   0     —     —  —
    46     CS   35.692   211.7   1.31   3.53   4.25   0     —     —  —
    47     CS   35.980   186.1   1.60   3.82   4.54   0     —     —  —
    48     CS   36.224   157.1   1.84   4.06   4.78   1     —     —  CHARGE
    49     CS   37.312   222.7   2.09   4.31   5.87   0     —     —  —
    50     CS   37.571   200.1   2.35   4.57   6.13   0     —     —  —
[9/33] RshortCfewTlarge_6           labelled   22 states in  22.9 min
    [warn] teacher query failed @100: Solver (gurobi) did not exit normally
  ScenarioTracker saved: /mnt/beegfs/users/celinep/ChargeAndBreak/ML/logs/RmediumCmediumTnone_17_DAGGER1_S1_H24_20260821_171115_scenarios.json

  === SIMULATION TRAJECTORY ===
  stop   type    t_arr     soc     cd     sd     sw   y   brk   rst  action
  ───────────────────────────────────────────────────────────────────────────────────────────────
     0   ORIG    8.000   500.0   0.00   0.00   0.00   0     —     —  —
     1     CS    8.248   475.3   0.25   0.25   0.25   0     —     —  —
     2     CS    8.496   450.5   0.50   0.50   0.50   0     —     —  —
     3     CS    8.772   427.6   0.77   0.77   0.77   0     —     —  —
     4     CS    9.033   405.3   1.03   1.03   1.03   0     —     —  —
     5     CS    9.260   380.4   1.26   1.26   1.26   0     —     —  —
     6     CS    9.484   355.4   1.48   1.48   1.48   0     —     —  —
     7     CS    9.718   331.3   1.72   1.72   1.72   0     —     —  —
     8     CS    9.973   305.6   1.97   1.97   1.97   0     —     —  —
     9     CS   10.205   277.9   2.21   2.21   2.21   0     —     —  —
    10     CS   10.476   253.3   2.48   2.48   2.48   0     —     —  —
    11     CS   10.740   234.0   2.74   2.74   2.74   0     —     —  —
    12     CS   10.996   214.4   3.00   3.00   3.00   0     —     —  —
    13     CS   11.245   194.4   3.24   3.24   3.24   0     —     —  —
    14     CS   11.498   167.9   3.50   3.50   3.50   0     —     —  —
    15     CS   11.754   141.5   3.75   3.75   3.75   1   b45     —  CHARGE, BRK-B45
    16     CS   13.080   394.7   0.23   3.99   4.23   0     —     —  —
    17     CS   13.314   367.6   0.47   4.22   4.47   0     —     —  —
    18     CS   13.545   340.3   0.70   4.45   4.70   0     —     —  —
    19     CS   13.955   320.6   1.11   4.86   5.11   0     —     —  —
    20     CS   14.166   298.8   1.32   5.07   5.32   0     —     —  —
    21     CS   14.366   276.1   1.52   5.27   5.52   0     —     —  —
    22     CS   14.603   256.1   1.76   5.51   5.76   0     —     —  —
    23     CS   14.866   224.6   2.02   5.77   6.02   0     —     —  —
    24     CS   15.142   194.2   2.30   6.05   6.29   0     —     —  —
    25     CS   15.409   163.4   2.56   6.32   6.56   0     —     —  —
    26     CS   15.702   134.8   2.86   6.61   6.85   0     —     —  —
    27     CS   15.987   105.6   3.14   6.90   7.14   1   b45     —  CHARGE, BRK-B45
    28     CS   17.415   379.4   0.30   7.20   7.68   0     —     —  —
    29     CS   17.695   347.5   0.58   7.48   7.96   0     —     —  —
    30   CUST   18.004   317.9   0.89   7.79   8.27   0     —     —  —
    31   CUST   18.617   305.8   1.00   7.90   8.88   0     —     —  —
    32     CS   19.421   274.4   1.31   8.20   9.69   0     —     —  —
    33   CUST   19.528   261.7   1.42   8.31   9.79   0     —     —  —
    34     CS   20.494   225.3   1.88   8.78  10.76   0     —     —  —
    35     CS   20.997   188.8   2.38   9.28  11.26   1     —    r2  CHARGE, REST-R2
    36     CS   31.060   339.2   0.29   0.29   0.29   0     —     —  —
    37     CS   31.357   309.5   0.58   0.58   0.58   0     —     —  —
    38     CS   31.619   282.2   0.85   0.85   0.85   0     —     —  —
    39     CS   31.885   255.1   1.11   1.11   1.11   0     —     —  —
    40     CS   32.133   226.6   1.36   1.36   1.36   0     —     —  —
    41     CS   32.349   202.9   1.58   1.58   1.58   0     —     —  —
    42     CS   32.564   179.2   1.79   1.79   1.79   0     —     —  —
    43     CS   32.799   157.1   2.03   2.03   2.03   1   b45     —  CHARGE, BRK-B45
    44     CS   34.250   408.8   0.29   2.31   2.59   0     —     —  —
    45     CS   34.529   377.5   0.56   2.59   2.86   0     —     —  —
    46     CS   34.835   348.5   0.87   2.90   3.17   0     —     —  —
    47     CS   35.089   320.9   1.12   3.15   3.42   0     —     —  —
    48     CS   35.331   292.1   1.37   3.39   3.67   0     —     —  —
    49     CS   35.580   263.4   1.62   3.64   3.92   0     —     —  —
    50     CS   35.855   236.8   1.89   3.92   4.19   0     —     —  —
    51     CS   36.128   210.3   2.16   4.19   4.46   0     —     —  —
    52     CS   36.378   181.6   2.41   4.44   4.71   1   b45     —  CHARGE, BRK-B45
    53     CS   37.921   386.7   0.31   4.75   5.51   0     —     —  —
    54   CUST   38.230   356.9   0.62   5.06   5.82   0     —     —  —
    55     CS   38.998   328.6   0.89   5.33   6.58   0     —     —  —
    56     CS   39.327   304.2   1.22   5.66   6.91   0     —     —  —
    57   CUST   39.403   295.8   1.30   5.74   6.99   0     —     —  —
    58     CS   40.153   277.9   1.55   5.99   7.74   0     —     —  —
    59     CS   40.416   251.6   1.81   6.25   8.00   0     —     —  —
    60     CS   40.658   223.4   2.05   6.49   8.24   0     —     —  —
    61     CS   41.030   203.4   2.42   6.86   8.62   0     —     —  —
    62     CS   41.318   180.6   2.71   7.15   8.90   0     —     —  —
    63     CS   41.712   161.0   3.10   7.54   9.30   0     —     —  —
    64     CS   42.027   139.4   3.42   7.86   9.61   1   b45     —  CHARGE, BRK-B45
    65     CS   43.434   387.6   0.30   8.16  10.20   0     —     —  —
    66     CS   43.753   360.3   0.62   8.48  10.51   0     —     —  —
    67     CS   44.026   336.6   0.89   8.75  10.79   0     —     —  —
    68     CS   44.275   311.2   1.14   9.00  11.04   0     —     —  —
    69     CS   44.517   285.2   1.38   9.24  11.28   0     —     —  —
    70     CS   44.962   236.0   1.83   9.69  11.72   1     —    r2  CHARGE, REST-R2
    71     CS   54.931   380.0   0.26   0.26   0.26   0     —     —  —
    72     CS   55.185   351.8   0.52   0.52   0.52   0     —     —  —
    73     CS   55.431   322.8   0.77   0.77   0.77   0     —     —  —
    74     CS   55.691   295.1   1.02   1.02   1.02   0     —     —  —
    75     CS   55.898   270.6   1.23   1.23   1.23   0     —     —  —
    76     CS   56.117   247.3   1.45   1.45   1.45   0     —     —  —
    77   CUST   56.370   226.3   1.70   1.70   1.70   0     —     —  —
    78     CS   57.306   179.8   2.14   2.14   2.64   0     —     —  —
    79     CS   57.676   136.7   2.51   2.51   3.01   1   b45     —  CHARGE, BRK-B45
    80     CS   59.155   389.9   0.35   2.86   3.60   0     —     —  —
    81     CS   59.438   368.5   0.63   3.14   3.89   0     —     —  —
    82     CS   59.664   343.4   0.86   3.37   4.11   0     —     —  —
    83     CS   59.883   317.7   1.08   3.59   4.33   0     —     —  —
    84     CS   60.115   290.4   1.31   3.82   4.56   0     —     —  —
    85     CS   60.359   264.3   1.55   4.06   4.81   0     —     —  —
    86     CS   60.602   237.9   1.80   4.31   5.05   0     —     —  —
    87     CS   60.832   210.4   2.03   4.54   5.28   0     —     —  —
    88     CS   61.097   181.4   2.29   4.80   5.55   0     —     —  —
    89     CS   61.368   153.0   2.56   5.07   5.82   1   b45     —  CHARGE, BRK-B45
    90     CS   62.925   420.1   0.26   5.33   6.45   0     —     —  —
    91     CS   63.272   399.3   0.61   5.68   6.79   0     —     —  —
    92     CS   63.529   374.6   0.87   5.94   7.05   0     —     —  —
    93     CS   63.801   348.9   1.14   6.21   7.32   0     —     —  —
    94     CS   64.152   326.9   1.49   6.56   7.67   0     —     —  —
    95     CS   64.397   299.0   1.73   6.81   7.92   0     —     —  —
    96     CS   64.649   271.8   1.99   7.06   8.17   0     —     —  —
    97     CS   64.929   247.8   2.27   7.34   8.45   0     —    r2  REST-R2
    98     CS   74.332   220.5   0.24   0.24   0.24   0     —     —  —
    99     CS   74.562   192.6   0.47   0.47   0.47   0     —     —  —
   100     CS   74.857   170.6   0.76   0.76   0.76   0     —     —  —
   101     CS   75.106   145.9   1.01   1.01   1.01   0     —     —  —
   102     CS   75.333   119.3   1.24   1.24   1.24   1     —     —  CHARGE
   103     CS   76.260   239.7   1.47   1.47   2.16   0     —     —  —
   104     CS   76.600   218.6   1.81   1.81   2.50   0     —     —  —
   105     CS   76.862   199.2   2.07   2.07   2.77   0     —     —  —
   106     CS   77.077   177.0   2.29   2.29   2.98   0     —     —  —
[10/33] RmediumCmediumTnone_17       labelled   34 states in  50.6 min
  ScenarioTracker saved: /mnt/beegfs/users/celinep/ChargeAndBreak/ML/logs/RmediumCfewTlarge_9_DAGGER1_S1_H24_20260821_180149_scenarios.json

  === SIMULATION TRAJECTORY ===
  stop   type    t_arr     soc     cd     sd     sw   y   brk   rst  action
  ───────────────────────────────────────────────────────────────────────────────────────────────
     0   ORIG    8.000   500.0   0.00   0.00   0.00   0     —     —  —
     1     CS    8.226   473.3   0.23   0.23   0.23   0     —     —  —
     2     CS    8.461   447.5   0.46   0.46   0.46   0     —     —  —
     3     CS    8.690   421.1   0.69   0.69   0.69   0     —     —  —
     4     CS    8.983   388.8   0.98   0.98   0.98   0     —     —  —
     5     CS    9.325   360.0   1.33   1.33   1.33   0     —     —  —
     6     CS    9.620   327.8   1.62   1.62   1.62   0     —     —  —
     7     CS    9.836   302.6   1.84   1.84   1.84   0     —     —  —
     8     CS   10.055   277.7   2.06   2.06   2.06   0     —     —  —
     9     CS   10.302   255.0   2.30   2.30   2.30   0     —     —  —
    10     CS   10.881   217.2   2.88   2.88   2.88   0     —     —  —
    11     CS   11.126   189.1   3.13   3.13   3.13   0     —     —  —
    12     CS   11.382   162.0   3.38   3.38   3.38   0     —     —  —
    13     CS   11.635   134.7   3.64   3.64   3.64   1   b45     —  CHARGE, BRK-B45
    14     CS   13.263   426.2   0.39   4.02   4.24   0     —     —  —
    15     CS   13.587   397.3   0.71   4.35   4.57   0     —     —  —
    16     CS   13.811   370.4   0.94   4.57   4.79   0     —     —  —
    17     CS   14.089   347.6   1.22   4.85   5.07   0     —     —  —
    18     CS   14.321   321.5   1.45   5.08   5.30   0     —     —  —
    19     CS   14.610   290.6   1.74   5.37   5.59   0     —     —  —
    20     CS   14.892   259.0   2.02   5.65   5.87   0     —     —  —
    21     CS   15.262   232.9   2.39   6.02   6.24   0     —     —  —
    22     CS   15.589   204.6   2.72   6.35   6.57   1   b45     —  CHARGE, BRK-B45
    23     CS   16.910   421.6   0.28   6.63   7.12   0     —     —  —
    24     CS   17.161   398.5   0.53   6.88   7.37   0     —     —  —
    25     CS   17.492   378.8   0.86   7.21   7.70   0     —     —  —
    26     CS   17.785   346.5   1.16   7.51   7.99   0     —     —  —
    27     CS   18.049   316.2   1.42   7.77   8.26   0     —     —  —
    28     CS   18.310   285.6   1.68   8.03   8.52   0     —     —  —
    29     CS   18.584   256.3   1.95   8.31   8.79   0     —     —  —
    30     CS   18.852   224.8   2.22   8.57   9.06   0     —     —  —
    31     CS   19.158   196.4   2.53   8.88   9.37   0     —     —  —
    32     CS   19.449   166.9   2.82   9.17   9.66   1   b45     —  CHARGE, BRK-B45
    33     CS   20.719   381.1   0.23   9.40  10.18   0     —     —  —
    34     CS   20.916   358.1   0.42   9.59  10.37   0     —     —  —
    35     CS   21.123   336.0   0.63   9.80  10.58   0     —    r2  REST-R2
    36     CS   30.542   311.1   0.25   0.25   0.25   0     —     —  —
    37     CS   30.781   285.0   0.49   0.49   0.49   0     —     —  —
    38     CS   31.016   258.6   0.73   0.73   0.73   0     —     —  —
    39     CS   31.248   231.9   0.96   0.96   0.96   0     —     —  —
    40     CS   31.466   207.7   1.18   1.18   1.18   0     —     —  —
    41     CS   31.700   184.8   1.41   1.41   1.41   0     —     —  —
    42     CS   31.916   160.4   1.63   1.63   1.63   0     —     —  —
    43     CS   32.362   122.0   2.07   2.07   2.07   1   b45     —  CHARGE, BRK-B45
    44     CS   33.913   410.0   0.27   2.34   2.62   0     —     —  —
    45     CS   34.233   382.5   0.59   2.66   2.94   0     —     —  —
    46     CS   34.501   351.0   0.86   2.93   3.21   0     —     —  —
    47     CS   34.733   327.9   1.09   3.16   3.44   0     —     —  —
    48     CS   34.992   306.6   1.35   3.42   3.70   0     —     —  —
    49     CS   35.212   282.5   1.57   3.64   3.92   0     —     —  —
    50     CS   35.462   254.1   1.82   3.89   4.17   0     —     —  —
    51     CS   35.717   226.2   2.07   4.15   4.43   0     —     —  —
    52   CUST   36.003   200.6   2.36   4.43   4.71   0     —     —  —
    53     CS   36.584   192.6   2.44   4.51   5.29   0     —     —  —
    54     CS   36.800   167.1   2.66   4.73   5.51   0     —     —  —
    55     CS   37.059   144.7   2.91   4.99   5.77   0     —     —  —
    56     CS   37.283   119.9   3.14   5.21   5.99   1   b45     —  CHARGE, BRK-B45
    57     CS   38.925   406.6   0.31   5.52   6.65   0     —     —  —
    58     CS   39.202   373.5   0.59   5.80   6.93   0     —     —  —
    59     CS   39.561   346.2   0.94   6.16   7.29   0     —     —  —
    60     CS   39.826   321.9   1.21   6.42   7.55   0     —     —  —
    61     CS   40.060   295.3   1.44   6.66   7.78   0     —     —  —
    62     CS   40.332   271.4   1.72   6.93   8.06   0     —     —  —
    63     CS   40.540   250.2   1.92   7.14   8.26   0     —     —  —
    64     CS   40.735   227.8   2.12   7.33   8.46   0     —     —  —
    65     CS   40.930   205.4   2.31   7.52   8.65   0     —     —  —
    66     CS   41.318   181.3   2.70   7.91   9.04   0     —     —  —
    67     CS   41.633   154.1   3.02   8.23   9.36   0     —     —  —
    68     CS   41.934   126.1   3.32   8.53   9.66   1   b45     —  CHARGE, BRK-B45
    69     CS   43.366   377.7   0.38   8.91  10.24   0     —     —  —
    70     CS   43.637   347.2   0.65   9.18  10.51   0     —    r2  REST-R2
    71     CS   53.073   316.6   0.27   0.27   0.27   0     —     —  —
    72     CS   53.338   285.6   0.53   0.53   0.53   0     —     —  —
    73     CS   53.589   261.8   0.79   0.79   0.79   0     —     —  —
    74     CS   53.827   237.1   1.02   1.02   1.02   0     —     —  —
    75     CS   54.094   214.3   1.29   1.29   1.29   0     —     —  —
    76     CS   54.332   188.7   1.53   1.53   1.53   0     —     —  —
    77     CS   54.611   166.0   1.81   1.81   1.81   0     —     —  —
    78     CS   54.840   139.5   2.04   2.04   2.04   1   b45     —  CHARGE, BRK-B45
    79     CS   56.709   441.5   0.30   2.33   2.84   0     —     —  —
    80     CS   56.951   414.0   0.54   2.57   3.08   0     —     —  —
    81     CS   57.189   386.0   0.78   2.81   3.32   0     —     —  —
    82     CS   57.432   359.7   1.02   3.06   3.56   0     —     —  —
    83     CS   57.715   336.2   1.30   3.34   3.84   0     —     —  —
    84     CS   57.963   310.4   1.55   3.59   4.09   0     —     —  —
    85     CS   58.238   286.4   1.82   3.86   4.36   0     —     —  —
    86     CS   58.489   257.3   2.08   4.11   4.62   0     —     —  —
    87     CS   58.749   229.0   2.34   4.37   4.87   0     —     —  —
    88     CS   59.076   204.1   2.66   4.70   5.20   0     —     —  —
    89     CS   59.356   176.3   2.94   4.98   5.48   1     —     —  CHARGE
    90     CS   60.314   291.1   3.22   5.26   6.44   0     —     —  —
    91     CS   60.550   265.4   3.45   5.49   6.68   0     —     —  —
[11/33] RmediumCfewTlarge_9          labelled   28 states in  37.8 min
  ScenarioTracker saved: /mnt/beegfs/users/celinep/ChargeAndBreak/ML/logs/RlongCmanyTnone_6_DAGGER1_S1_H24_20260821_183937_scenarios.json

  === SIMULATION TRAJECTORY ===
  stop   type    t_arr     soc     cd     sd     sw   y   brk   rst  action
  ───────────────────────────────────────────────────────────────────────────────────────────────
     0   ORIG    8.000   500.0   0.00   0.00   0.00   0     —     —  —
     1     CS    8.233   474.0   0.23   0.23   0.23   0     —     —  —
     2     CS    8.480   449.2   0.48   0.48   0.48   0     —     —  —
     3     CS    8.706   422.5   0.71   0.71   0.71   0     —     —  —
     4     CS    8.931   395.7   0.93   0.93   0.93   0     —     —  —
     5     CS    9.183   371.3   1.18   1.18   1.18   0     —     —  —
     6     CS    9.431   346.5   1.43   1.43   1.43   0     —     —  —
     7     CS    9.686   317.0   1.69   1.69   1.69   0     —     —  —
     8     CS   10.007   292.1   2.01   2.01   2.01   0     —     —  —
     9     CS   10.267   263.0   2.27   2.27   2.27   0     —     —  —
    10     CS   10.480   237.5   2.48   2.48   2.48   0     —     —  —
    11     CS   10.698   212.5   2.70   2.70   2.70   0     —     —  —
    12     CS   10.920   187.8   2.92   2.92   2.92   0     —     —  —
    13     CS   11.241   165.2   3.24   3.24   3.24   0     —     —  —
    14     CS   11.500   139.1   3.50   3.50   3.50   1   b45     —  CHARGE, BRK-B45
    15     CS   13.174   430.1   0.28   3.78   4.13   0     —     —  —
    16     CS   13.436   399.0   0.54   4.04   4.39   0     —     —  —
    17     CS   13.726   370.4   0.83   4.33   4.68   0     —     —  —
    18     CS   14.002   340.6   1.11   4.61   4.96   0     —     —  —
    19     CS   14.237   318.5   1.34   4.84   5.19   0     —     —  —
    20     CS   14.449   294.5   1.55   5.05   5.41   0     —     —  —
    21     CS   14.719   274.3   1.82   5.32   5.68   0     —     —  —
    22     CS   15.010   241.8   2.11   5.61   5.97   0     —     —  —
    23     CS   15.326   211.3   2.43   5.93   6.28   0     —     —  —
    24     CS   15.678   188.9   2.78   6.28   6.63   0     —     —  —
    25     CS   15.920   160.2   3.02   6.52   6.88   1   b45     —  CHARGE, BRK-B45
    26     CS   17.431   416.3   0.29   6.81   7.49   0     —     —  —
    27     CS   17.704   389.9   0.57   7.09   7.77   0     —     —  —
    28     CS   17.978   363.4   0.84   7.36   8.04   0     —     —  —
    29     CS   18.227   335.4   1.09   7.61   8.29   0     —     —  —
    30     CS   18.645   314.6   1.51   8.03   8.71   0     —     —  —
    31     CS   18.906   287.6   1.77   8.29   8.97   0     —     —  —
    32     CS   19.177   261.3   2.04   8.56   9.24   0     —     —  —
    33     CS   19.437   233.1   2.30   8.82   9.50   0     —     —  —
    34     CS   19.689   204.0   2.55   9.07   9.75   0     —     —  —
    35     CS   19.917   178.4   2.78   9.30   9.98   0     —     —  —
    36     CS   20.140   152.3   3.00   9.52  10.20   0     —     —  —
    37     CS   20.370   126.8   3.23   9.75  10.43   1     —    r2  CHARGE, REST-R2
    38     CS   30.666   359.2   0.30   0.30   0.30   0     —     —  —
    39     CS   30.971   331.1   0.61   0.61   0.61   0     —     —  —
    40     CS   31.220   304.9   0.86   0.86   0.86   0     —     —  —
    41     CS   31.479   279.6   1.12   1.12   1.12   0     —     —  —
    42     CS   31.721   252.9   1.36   1.36   1.36   0     —     —  —
    43     CS   31.949   225.5   1.59   1.59   1.59   0     —     —  —
    44     CS   32.191   199.6   1.83   1.83   1.83   0     —     —  —
    45     CS   32.430   173.3   2.07   2.07   2.07   1   b45     —  CHARGE, BRK-B45
    46     CS   34.125   407.9   0.24   2.31   2.93   0     —     —  —
    47     CS   34.404   381.8   0.52   2.59   3.21   0     —     —  —
    48     CS   34.650   353.0   0.77   2.84   3.46   0     —     —  —
    49     CS   35.125   328.6   1.24   3.31   3.93   0     —     —  —
    50   CUST   35.462   299.5   1.58   3.65   4.27   0     —     —  —
    51   CUST   36.025   292.3   1.64   3.71   4.83   0     —     —  —
    52   CUST   36.541   291.2   1.66   3.73   5.35   0     —     —  —
    53     CS   37.486   239.7   2.11   4.17   6.29   0     —     —  —
    54   CUST   37.703   218.0   2.32   4.39   6.51   0     —     —  —
    55   CUST   38.232   214.7   2.35   4.42   7.04   0     —     —  —
    56     CS   38.778   211.5   2.40   4.46   7.58   1   b45     —  CHARGE, BRK-B45
    57     CS   40.086   381.2   0.21   4.68   8.14   0     —     —  —
    58     CS   40.313   358.1   0.44   4.90   8.37   0     —     —  —
    59   CUST   40.538   334.9   0.67   5.13   8.59   0     —     —  —
    60     CS   41.427   303.9   1.05   5.52   9.48   0     —     —  —
    61     CS   41.678   275.4   1.31   5.77   9.73   0     —     —  —
    62     CS   41.926   246.6   1.55   6.02   9.98   0     —     —  —
    63     CS   42.202   216.2   1.83   6.29  10.26   0     —     —  —
    64     CS   42.602   192.3   2.23   6.69  10.66   1   b45     —  CHARGE, BRK-B45
    65     CS   43.843   396.7   0.24   6.94  11.15   0     —     —  —
    66     CS   44.078   369.6   0.48   7.17  11.38   0     —     —  —
    67     CS   44.345   345.2   0.74   7.44  11.65   0     —     —  —
    68     CS   44.598   319.7   1.00   7.69  11.90   0     —     —  —
    69     CS   44.831   298.1   1.23   7.92  12.14   0     —     —  —
    70     CS   45.063   276.5   1.46   8.16  12.37   0     —     —  —
    71     CS   45.272   253.1   1.67   8.36  12.58   1     —    r2  CHARGE, REST-R2
    72     CS   55.232   334.8   0.29   0.29   0.29   0     —     —  —
    73     CS   55.549   305.1   0.60   0.60   0.60   0     —     —  —
    74     CS   55.849   274.1   0.90   0.90   0.90   0     —     —  —
    75     CS   56.094   246.9   1.15   1.15   1.15   0     —     —  —
    76     CS   56.332   218.9   1.39   1.39   1.39   0     —     —  —
    77     CS   56.645   189.6   1.70   1.70   1.70   0     —     —  —
    78     CS   56.924   157.6   1.98   1.98   1.98   0     —     —  —
    79     CS   57.198   125.1   2.25   2.25   2.25   1   b45     —  CHARGE, BRK-B45
    80     CS   58.689   414.0   0.28   2.54   2.74   0     —     —  —
    81     CS   58.969   385.2   0.56   2.82   3.03   0     —     —  —
    82     CS   59.246   353.7   0.84   3.09   3.30   0     —     —  —
    83     CS   59.516   321.5   1.11   3.36   3.57   0     —     —  —
    84     CS   59.800   290.7   1.39   3.65   3.86   0     —     —  —
    85     CS   60.014   265.4   1.61   3.86   4.07   0     —     —  —
    86     CS   60.243   241.3   1.84   4.09   4.30   0     —     —  —
    87     CS   60.502   219.3   2.10   4.35   4.56   0     —     —  —
    88     CS   60.735   195.7   2.33   4.58   4.79   0     —     —  —
    89     CS   61.013   174.7   2.61   4.86   5.07   0     —     —  —
    90     CS   61.236   150.1   2.83   5.08   5.29   1   b45     —  CHARGE, BRK-B45
    91     CS   62.800   408.7   0.28   5.37   5.94   0     —     —  —
    92     CS   63.083   377.0   0.57   5.65   6.22   0     —     —  —
    93     CS   63.361   344.9   0.85   5.93   6.50   0     —     —  —
    94     CS   63.579   319.0   1.06   6.15   6.72   0     —     —  —
    95     CS   63.805   294.0   1.29   6.37   6.95   0     —     —  —
    96     CS   64.026   268.4   1.51   6.59   7.17   0     —     —  —
    97     CS   64.254   242.8   1.74   6.82   7.40   0     —     —  —
    98     CS   64.491   217.9   1.98   7.06   7.63   0     —     —  —
    99     CS   64.714   191.7   2.20   7.28   7.86   1   b45     —  CHARGE, BRK-B45
   100   CUST   66.077   384.0   0.38   7.66   8.47   0     —     —  —
   101   CUST   66.794   360.0   0.59   7.87   9.19   0     —     —  —
   102   CUST   67.379   351.2   0.68   7.96   9.77   0     —     —  —
   103   CUST   68.018   335.5   0.82   8.10  10.41   0     —     —  —
   104     CS   68.880   297.7   1.18   8.46  11.27   0     —     —  —
   105     CS   68.937   292.2   1.23   8.52  11.33   0     —     —  —
   106     CS   69.171   264.6   1.47   8.75  11.56   0     —    r2  REST-R2
   107     CS   78.596   239.2   0.26   0.26   0.26   0     —     —  —
   108     CS   78.838   212.5   0.50   0.50   0.50   0     —     —  —
   109     CS   79.086   186.6   0.75   0.75   0.75   0     —     —  —
   110     CS   79.326   160.1   0.99   0.99   0.99   1   b45     —  CHARGE, BRK-B45
   111     CS   80.589   398.6   0.24   1.22   1.44   0     —     —  —
   112     CS   80.817   372.2   0.46   1.45   1.67   0     —     —  —
   113     CS   81.105   349.9   0.75   1.74   1.96   0     —     —  —
   114     CS   81.334   323.5   0.98   1.97   2.19   0     —     —  —
   115     CS   81.554   298.7   1.20   2.19   2.41   0     —     —  —
   116     CS   81.780   274.4   1.43   2.42   2.64   0     —     —  —
   117     CS   81.996   249.1   1.64   2.63   2.85   0     —     —  —
   118     CS   82.251   219.3   1.90   2.89   3.11   0     —     —  —
   119     CS   82.592   194.9   2.24   3.23   3.45   1   b45     —  CHARGE, BRK-B45
   120     CS   84.054   443.7   0.27   3.50   3.95   0     —     —  —
   121     CS   84.352   415.4   0.57   3.79   4.25   0     —     —  —
   122     CS   84.818   393.0   1.03   4.26   4.72   0     —     —  —
   123     CS   85.083   373.8   1.30   4.52   4.98   0     —     —  —
   124     CS   85.305   352.1   1.52   4.75   5.20   0     —     —  —
   125     CS   85.507   328.8   1.72   4.95   5.40   0     —     —  —
   126     CS   85.764   305.2   1.98   5.20   5.66   0     —     —  —
   127     CS   86.066   283.9   2.28   5.51   5.96   0     —     —  —
   128     CS   86.294   258.0   2.51   5.73   6.19   0     —     —  —
   129     CS   86.562   235.1   2.78   6.00   6.46   1   b45     —  CHARGE, BRK-B45
   130     CS   88.158   337.2   0.27   6.27   7.31   0     —     —  —
   131   CUST   88.433   306.7   0.54   6.54   7.58   0     —     —  —
   132     CS   89.236   280.1   0.85   6.85   8.38   0     —     —  —
   133   CUST   89.508   251.1   1.12   7.12   8.66   0     —     —  —
   134     CS   90.196   230.4   1.30   7.31   9.34   0     —    r1  REST-R1
   135   CUST  101.585   209.1   0.22   0.22   0.22   0     —     —  —
   136   CUST  102.260   193.0   0.40   0.40   0.90   0     —     —  —
   137     CS  103.016   166.7   0.65   0.65   1.65   0     —     —  —
   138     CS  103.296   142.0   0.93   0.93   1.93   1   b45     —  CHARGE, BRK-B45
   139     CS  104.650   442.1   0.05   0.99   2.31   0     —     —  —
   140     CS  104.949   416.6   0.35   1.29   2.61   0     —     —  —
   141     CS  105.209   388.3   0.61   1.55   2.87   0     —     —  —
   142     CS  105.474   360.5   0.88   1.81   3.14   0     —     —  —
   143     CS  105.870   313.9   1.27   2.21   3.53   0     —     —  —
   144     CS  106.342   290.3   1.75   2.68   4.00   0     —     —  —
   145     CS  106.625   258.6   2.03   2.96   4.29   0     —     —  —
   146     CS  107.111   235.3   2.52   3.45   4.77   0     —     —  —
   147     CS  107.354   207.8   2.76   3.69   5.02   0     —     —  —
   148     CS  107.593   179.9   3.00   3.93   5.25   1   b45     —  CHARGE, BRK-B45
   149     CS  109.039   409.5   0.36   4.29   5.90   0     —     —  —
   150     CS  109.298   379.2   0.62   4.55   6.16   0     —     —  —
   151     CS  109.559   349.3   0.88   4.81   6.42   0     —     —  —
   152     CS  109.819   319.3   1.14   5.07   6.68   0     —     —  —
   153     CS  110.226   271.3   1.55   5.48   7.09   0     —     —  —
   154     CS  110.533   242.3   1.86   5.79   7.40   0     —     —  —
   155     CS  110.813   211.1   2.14   6.07   7.68   0     —     —  —
   156     CS  111.105   181.0   2.43   6.36   7.97   0     —     —  —
   157     CS  111.392   148.0   2.72   6.65   8.26   0     —     —  —
   158     CS  111.699   116.9   3.02   6.95   8.56   1   b45     —  CHARGE, BRK-B45
   159     CS  113.117   394.6   0.26   7.21   9.05   0     —     —  —
   160     CS  113.369   364.3   0.51   7.46   9.30   0     —     —  —
   161     CS  113.691   334.3   0.83   7.78   9.63   0     —     —  —
   162     CS  113.977   301.3   1.12   8.07   9.91   0     —     —  —
   163     CS  114.477   277.3   1.62   8.57  10.41   1     —    r1  CHARGE, REST-R1
   164     CS  126.202   353.4   0.22   0.22   0.22   0     —     —  —
   165     CS  126.411   328.3   0.43   0.43   0.43   0     —     —  —
   166     CS  126.721   309.0   0.74   0.74   0.74   0     —     —  —
   167     CS  127.002   282.4   1.02   1.02   1.02   0     —     —  —
   168     CS  127.252   253.2   1.27   1.27   1.27   0     —     —  —
   169     CS  127.566   228.5   1.58   1.58   1.58   0     —     —  —
   170     CS  127.823   202.2   1.84   1.84   1.84   0     —     —  —
   171     CS  128.081   176.1   2.10   2.10   2.10   1   b45     —  CHARGE, BRK-B45
   172     CS  129.402   409.6   0.24   2.33   2.60   0     —     —  —
   173     CS  129.647   383.9   0.48   2.58   2.84   0     —     —  —
   174     CS  129.880   357.0   0.71   2.81   3.08   0     —     —  —
   175     CS  130.120   331.7   0.95   3.05   3.32   0     —     —  —
   176     CS  130.353   305.6   1.19   3.28   3.55   0     —     —  —
   177     CS  130.604   281.1   1.44   3.54   3.80   0     —     —  —
   178     CS  130.832   254.6   1.66   3.76   4.03   0     —     —  —
   179     CS  131.081   226.5   1.91   4.01   4.28   0     —     —  —
   180     CS  131.328   198.3   2.16   4.26   4.52   0     —     —  —
   181     CS  131.569   173.7   2.40   4.50   4.76   0     —     —  —
   182     CS  131.792   147.6   2.62   4.72   4.99   0     —     —  —
   183     CS  132.017   121.6   2.85   4.95   5.21   1   b45     —  CHARGE, BRK-B45
   184     CS  133.252   308.6   0.28   5.23   5.70   0     —     —  —
   185     CS  133.577   282.6   0.61   5.56   6.02   0     —     —  —
   186     CS  133.854   253.5   0.89   5.83   6.30   0     —     —  —
[12/33] RlongCmanyTnone_6            labelled   63 states in  94.6 min
  ScenarioTracker saved: /mnt/beegfs/users/celinep/ChargeAndBreak/ML/logs/RshortCfewTlarge_4_DAGGER1_S1_H24_20260821_201411_scenarios.json

  === SIMULATION TRAJECTORY ===
  stop   type    t_arr     soc     cd     sd     sw   y   brk   rst  action
  ───────────────────────────────────────────────────────────────────────────────────────────────
     0   ORIG    8.000   500.0   0.00   0.00   0.00   0     —     —  —
     1     CS    8.228   473.5   0.23   0.23   0.23   0     —     —  —
     2     CS    8.458   447.2   0.46   0.46   0.46   0     —     —  —
     3     CS    8.700   422.0   0.70   0.70   0.70   0     —     —  —
     4     CS    8.971   390.0   0.97   0.97   0.97   0     —     —  —
     5     CS    9.266   360.1   1.27   1.27   1.27   0     —     —  —
     6     CS    9.502   334.9   1.50   1.50   1.50   0     —     —  —
     7     CS    9.734   309.5   1.73   1.73   1.73   0     —     —  —
     8     CS    9.957   283.1   1.96   1.96   1.96   0     —     —  —
     9     CS   10.193   257.9   2.19   2.19   2.19   0     —     —  —
    10     CS   10.436   229.3   2.44   2.44   2.44   0     —     —  —
    11     CS   10.686   201.2   2.69   2.69   2.69   1   b45     —  CHARGE, BRK-B45
    12     CS   11.902   417.2   0.23   2.92   3.13   0     —     —  —
    13     CS   12.122   391.8   0.45   3.14   3.35   0     —     —  —
    14     CS   12.373   368.8   0.71   3.39   3.60   0     —     —  —
    15     CS   12.610   344.9   0.94   3.63   3.83   0     —     —  —
    16     CS   12.833   321.9   1.17   3.85   4.06   0     —     —  —
    17     CS   13.039   297.3   1.37   4.06   4.26   0     —     —  —
    18     CS   13.282   275.7   1.61   4.30   4.51   0     —     —  —
    19     CS   13.571   247.5   1.90   4.59   4.80   0     —     —  —
    20   CUST   13.836   217.4   2.17   4.85   5.06   0     —     —  —
    21   CUST   14.768   179.2   2.60   5.29   5.99   0     —     —  —
    22     CS   15.466   163.3   2.80   5.48   6.69   0     —     —  —
    23     CS   15.729   134.2   3.06   5.75   6.95   1   b45     —  CHARGE, BRK-B45
    24     CS   17.179   394.4   0.31   6.05   7.52   0     —     —  —
    25     CS   17.508   365.7   0.64   6.38   7.85   0     —     —  —
    26     CS   17.786   334.4   0.91   6.66   8.13   0     —     —  —
    27     CS   18.099   305.8   1.23   6.97   8.44   0     —     —  —
    28     CS   18.390   275.6   1.52   7.26   8.73   0     —     —  —
    29     CS   18.687   245.8   1.81   7.56   9.03   0     —     —  —
    30     CS   19.095   221.3   2.22   7.97   9.44   0     —     —  —
    31     CS   19.392   191.6   2.52   8.27   9.74   0     —     —  —
    32     CS   19.685   164.8   2.81   8.56  10.03   0     —     —  —
    33     CS   19.959   136.5   3.09   8.83  10.30   1     —    r2  CHARGE, REST-R2
    34     CS   29.835   231.8   0.23   0.23   0.23   0     —     —  —
    35     CS   30.088   206.9   0.49   0.49   0.49   0     —     —  —
    36     CS   30.493   187.5   0.89   0.89   0.89   0     —     —  —
    37     CS   30.814   166.1   1.21   1.21   1.21   1     —     —  CHARGE
    38     CS   31.463   208.9   1.46   1.46   1.86   0     —     —  —
[13/33] RshortCfewTlarge_4           labelled   11 states in   7.7 min
  ScenarioTracker saved: /mnt/beegfs/users/celinep/ChargeAndBreak/ML/logs/RmediumCmanyTlarge_4_DAGGER1_S1_H24_20260821_202152_scenarios.json

  === SIMULATION TRAJECTORY ===
  stop   type    t_arr     soc     cd     sd     sw   y   brk   rst  action
  ───────────────────────────────────────────────────────────────────────────────────────────────
     0   ORIG    8.000   500.0   0.00   0.00   0.00   0     —     —  —
     1     CS    8.400   480.8   0.40   0.40   0.40   0     —     —  —
     2     CS    8.634   455.0   0.63   0.63   0.63   0     —     —  —
     3     CS    8.866   428.8   0.87   0.87   0.87   0     —     —  —
     4     CS    9.142   398.8   1.14   1.14   1.14   0     —     —  —
     5     CS    9.439   370.5   1.44   1.44   1.44   0     —     —  —
     6     CS    9.706   339.8   1.71   1.71   1.71   0     —     —  —
     7     CS    9.983   307.1   1.98   1.98   1.98   0     —     —  —
     8     CS   10.262   274.6   2.26   2.26   2.26   1   b45     —  CHARGE, BRK-B45
     9     CS   11.718   467.3   0.28   2.54   2.89   0     —     —  —
    10     CS   11.973   438.5   0.54   2.80   3.14   0     —     —  —
    11     CS   12.249   411.6   0.81   3.07   3.42   0     —     —  —
    12     CS   12.530   381.3   1.09   3.35   3.70   0     —     —  —
    13     CS   13.003   358.6   1.57   3.83   4.18   0     —     —  —
    14     CS   13.299   329.5   1.86   4.12   4.47   0     —     —  —
    15     CS   13.568   297.3   2.13   4.39   4.74   0     —     —  —
    16     CS   13.894   269.5   2.46   4.72   5.07   0     —     —  —
    17     CS   14.163   249.2   2.73   4.99   5.33   0     —     —  —
    18     CS   14.372   225.0   2.94   5.20   5.54   0     —     —  —
    19     CS   14.603   202.6   3.17   5.43   5.78   1   b45     —  CHARGE, BRK-B45
    20     CS   16.039   428.8   0.29   5.72   6.36   0     —     —  —
    21     CS   16.303   397.7   0.55   5.98   6.62   0     —     —  —
    22     CS   16.583   368.1   0.83   6.26   6.90   0     —     —  —
    23     CS   16.817   341.0   1.07   6.49   7.14   0     —     —  —
    24     CS   17.099   317.4   1.35   6.78   7.42   0     —     —  —
    25     CS   17.387   284.7   1.64   7.06   7.71   0     —     —  —
    26     CS   17.671   251.4   1.92   7.35   7.99   0     —     —  —
    27   CUST   17.978   220.3   2.23   7.65   8.30   0     —     —  —
    28     CS   18.810   180.9   2.56   7.99   9.13   1   b45     —  CHARGE, BRK-B45
    29   CUST   20.222   396.6   0.34   8.33   9.74   0     —     —  —
    30   CUST   20.999   368.6   0.62   8.61  10.52   0     —     —  —
    31     CS   21.930   335.1   1.05   9.04  11.45   0     —     —  —
    32     CS   22.093   315.7   1.21   9.20  11.61   0     —    r2  REST-R2
    33     CS   31.471   292.4   0.21   0.21   0.21   0     —     —  —
    34     CS   31.703   270.8   0.44   0.44   0.44   0     —     —  —
    35     CS   31.931   248.9   0.67   0.67   0.67   0     —     —  —
    36     CS   32.208   217.4   0.95   0.95   0.95   0     —     —  —
    37     CS   32.513   188.3   1.25   1.25   1.25   0     —     —  —
    38     CS   32.796   157.4   1.54   1.54   1.54   1   b45     —  CHARGE, BRK-B45
    39     CS   34.197   417.5   0.24   1.77   2.02   0     —     —  —
    40     CS   34.432   390.1   0.47   2.01   2.26   0     —     —  —
    41     CS   34.674   363.4   0.71   2.25   2.50   0     —     —  —
    42     CS   34.990   332.9   1.03   2.57   2.81   0     —     —  —
    43     CS   35.307   302.5   1.35   2.88   3.13   0     —     —  —
    44     CS   35.582   270.9   1.62   3.16   3.41   0     —     —  —
    45     CS   35.890   241.9   1.93   3.47   3.71   1   b45     —  CHARGE, BRK-B45
    46     CS   37.138   399.6   0.23   3.70   4.21   0     —     —  —
    47     CS   37.362   374.6   0.46   3.93   4.44   0     —     —  —
    48     CS   37.606   351.1   0.70   4.17   4.68   0     —     —  —
    49   CUST   37.831   326.2   0.93   4.39   4.90   0     —     —  —
    50     CS   38.651   307.4   1.25   4.71   5.72   0     —     —  —
    51     CS   38.867   283.5   1.46   4.93   5.94   0     —     —  —
    52     CS   39.088   259.9   1.68   5.15   6.16   0     —     —  —
    53     CS   39.185   248.6   1.78   5.25   6.26   0     —     —  —
    54   CUST   39.862   207.7   2.46   5.93   6.94   0     —     —  —
    55     CS   40.598   181.4   2.69   6.16   7.67   0     —     —  —
    56     CS   40.896   159.1   2.99   6.46   7.97   1   b45     —  CHARGE, BRK-B45
    57     CS   42.356   403.5   0.29   6.75   8.56   0     —     —  —
    58     CS   42.702   377.7   0.64   7.10   8.90   0     —     —  —
    59     CS   43.004   349.3   0.94   7.40   9.20   0     —     —  —
    60     CS   43.253   321.6   1.19   7.65   9.45   0     —     —  —
    61     CS   43.500   293.8   1.44   7.90   9.70   0     —     —  —
    62     CS   43.741   265.4   1.68   8.14   9.94   1     —    r2  CHARGE, REST-R2
    63     CS   53.847   426.9   0.24   0.24   0.24   0     —     —  —
    64     CS   54.100   401.4   0.49   0.49   0.49   0     —     —  —
    65     CS   54.344   375.2   0.74   0.74   0.74   0     —     —  —
    66     CS   54.606   350.4   1.00   1.00   1.00   0     —     —  —
    67   CUST   55.085   304.0   1.48   1.48   1.48   0     —     —  —
    68   CUST   55.966   262.0   1.86   1.86   2.36   0     —     —  —
    69   CUST   56.638   246.6   2.03   2.03   3.03   0     —     —  —
    70     CS   57.220   237.5   2.11   2.11   3.61   0     —     —  —
    71     CS   57.337   227.8   2.23   2.23   3.73   0     —     —  —
    72     CS   57.704   210.2   2.60   2.60   4.10   0     —     —  —
    73     CS   58.043   192.2   2.94   2.94   4.44   0     —     —  —
    74     CS   58.255   168.2   3.15   3.15   4.65   1   b45     —  CHARGE, BRK-B45
    75     CS   59.749   403.6   0.27   3.42   5.33   0     —     —  —
    76     CS   59.993   375.5   0.51   3.66   5.58   0     —     —  —
    77     CS   60.346   353.4   0.87   4.02   5.93   0     —     —  —
    78     CS   60.641   325.7   1.16   4.31   6.22   0     —     —  —
    79     CS   60.935   297.9   1.46   4.61   6.52   0     —     —  —
    80     CS   61.312   274.0   1.83   4.98   6.90   0     —     —  —
    81     CS   61.570   243.1   2.09   5.24   7.15   0     —     —  —
    82     CS   61.893   217.0   2.42   5.56   7.48   0     —     —  —
    83     CS   62.175   188.2   2.70   5.85   7.76   0     —     —  —
    84     CS   62.451   156.8   2.97   6.12   8.04   0     —     —  —
    85     CS   62.736   126.0   3.26   6.41   8.32   1   b45     —  CHARGE, BRK-B45
    86     CS   64.273   438.5   0.21   6.62   8.77   0     —     —  —
    87     CS   64.487   416.2   0.42   6.83   8.98   0     —     —  —
    88     CS   64.695   393.5   0.63   7.04   9.19   0     —     —  —
    89     CS   64.985   360.9   0.92   7.33   9.48   0     —     —  —
    90     CS   65.269   327.6   1.21   7.61   9.76   0     —     —  —
    91     CS   65.550   294.1   1.49   7.89  10.04   0     —     —  —
    92     CS   65.829   264.4   1.77   8.17  10.32   0     —     —  —
    93     CS   66.105   234.5   2.04   8.45  10.60   0     —     —  —
    94     CS   66.373   203.8   2.31   8.72  10.87   1     —    r2  CHARGE, REST-R2
    95     CS   76.398   282.1   0.45   0.45   0.45   0     —     —  —
    96     CS   76.691   259.1   0.75   0.75   0.75   0     —     —  —
    97     CS   76.929   232.5   0.99   0.99   0.99   0     —     —  —
    98     CS   77.165   205.5   1.22   1.22   1.22   0     —     —  —
[14/33] RmediumCmanyTlarge_4         labelled   35 states in  56.9 min
  ScenarioTracker saved: /mnt/beegfs/users/celinep/ChargeAndBreak/ML/logs/RshortCfewTlarge_11_DAGGER1_S1_H24_20260821_211847_scenarios.json

  === SIMULATION TRAJECTORY ===
  stop   type    t_arr     soc     cd     sd     sw   y   brk   rst  action
  ───────────────────────────────────────────────────────────────────────────────────────────────
     0   ORIG    8.000   500.0   0.00   0.00   0.00   0     —     —  —
     1     CS    8.231   473.8   0.23   0.23   0.23   0     —     —  —
     2     CS    8.486   449.6   0.49   0.49   0.49   0     —     —  —
     3     CS    8.733   424.8   0.73   0.73   0.73   0     —     —  —
     4     CS    8.932   402.0   0.93   0.93   0.93   0     —     —  —
     5     CS    9.128   378.9   1.13   1.13   1.13   0     —     —  —
     6     CS    9.328   356.1   1.33   1.33   1.33   0     —     —  —
     7     CS    9.589   325.6   1.59   1.59   1.59   0     —     —  —
     8     CS    9.886   298.0   1.89   1.89   1.89   0     —     —  —
     9     CS   10.149   267.6   2.15   2.15   2.15   0     —     —  —
    10     CS   10.369   247.2   2.37   2.37   2.37   0     —     —  —
    11     CS   10.574   225.7   2.57   2.57   2.57   0     —     —  —
    12     CS   10.768   203.2   2.77   2.77   2.77   1   b45     —  CHARGE, BRK-B45
    13     CS   12.208   424.4   0.37   3.14   3.39   0     —     —  —
    14     CS   12.503   392.1   0.66   3.43   3.68   0     —     —  —
    15   CUST   12.798   360.0   0.96   3.73   3.98   0     —     —  —
    16     CS   13.433   345.1   1.09   3.86   4.61   0     —     —  —
    17     CS   13.886   297.8   1.55   4.31   5.06   0     —     —  —
    18     CS   14.242   271.5   1.90   4.67   5.42   0     —     —  —
    19     CS   14.538   241.7   2.20   4.97   5.72   0     —     —  —
    20     CS   14.810   209.7   2.47   5.24   5.99   1   b45     —  CHARGE, BRK-B45
    21   CUST   16.221   356.9   0.40   5.64   6.65   0     —     —  —
    22     CS   16.996   331.0   0.67   5.91   7.42   0     —     —  —
    23     CS   17.260   304.2   0.94   6.17   7.69   0     —     —  —
    24     CS   17.509   276.1   1.18   6.42   7.94   0     —     —  —
    25     CS   17.846   241.8   1.52   6.76   8.28   0     —     —  —
    26     CS   18.051   217.9   1.73   6.97   8.48   0     —     —  —
    27     CS   18.255   194.0   1.93   7.17   8.68   0     —     —  —
    28     CS   18.473   171.3   2.15   7.39   8.90   0     —     —  —
    29     CS   18.730   142.7   2.41   7.64   9.16   0     —     —  —
    30     CS   19.093   119.9   2.77   8.01   9.52   1   b45     —  CHARGE, BRK-B45
    31     CS   20.403   333.5   0.30   8.31  10.08   0     —     —  —
    32     CS   20.655   313.7   0.55   8.56  10.33   0     —     —  —
    33     CS   20.873   291.8   0.77   8.78  10.55   0     —     —  —
    34     CS   21.161   265.0   1.06   9.07  10.84   0     —     —  —
    35     CS   21.424   236.1   1.32   9.33  11.10   0     —     —  —
    36     CS   21.820   213.8   1.72   9.73  11.50   1     —    r2  CHARGE, REST-R2
    37     CS   31.594   250.5   0.25   0.25   0.25   0     —     —  —
    38     CS   31.835   222.9   0.49   0.49   0.49   0     —     —  —
[15/33] RshortCfewTlarge_11          labelled   17 states in  12.1 min
    [warn] teacher query failed @91: Solver failed to locate input problem file: /tmp/tmpoqq3j3q6.pyomo.lp
  ScenarioTracker saved: /mnt/beegfs/users/celinep/ChargeAndBreak/ML/logs/RmediumCmanyTmedium_2_DAGGER1_S1_H24_20260821_213052_scenarios.json

  === SIMULATION TRAJECTORY ===
  stop   type    t_arr     soc     cd     sd     sw   y   brk   rst  action
  ───────────────────────────────────────────────────────────────────────────────────────────────
     0   ORIG    8.000   500.0   0.00   0.00   0.00   0     —     —  —
     1     CS    8.226   473.3   0.23   0.23   0.23   0     —     —  —
     2     CS    8.474   448.6   0.47   0.47   0.47   0     —     —  —
     3     CS    8.711   422.9   0.71   0.71   0.71   0     —     —  —
     4     CS    9.020   394.0   1.02   1.02   1.02   0     —     —  —
     5     CS    9.300   362.9   1.30   1.30   1.30   0     —     —  —
     6     CS    9.587   337.4   1.59   1.59   1.59   0     —     —  —
     7     CS    9.847   309.9   1.85   1.85   1.85   0     —     —  —
     8     CS   10.092   281.0   2.09   2.09   2.09   0     —     —  —
     9     CS   10.328   256.0   2.33   2.33   2.33   0     —     —  —
    10     CS   10.562   230.9   2.56   2.56   2.56   0     —     —  —
    11     CS   10.784   204.6   2.78   2.78   2.78   0     —     —  —
    12     CS   11.013   182.8   3.01   3.01   3.01   0     —     —  —
    13     CS   11.226   159.8   3.23   3.23   3.23   0     —     —  —
    14     CS   11.473   139.0   3.47   3.47   3.47   1   b45     —  CHARGE, BRK-B45
    15     CS   12.725   378.5   0.26   3.74   3.95   0     —     —  —
    16     CS   12.990   350.7   0.53   4.00   4.21   0     —     —  —
    17     CS   13.238   321.3   0.78   4.25   4.46   0     —     —  —
    18     CS   13.509   293.9   1.05   4.52   4.73   0     —     —  —
    19     CS   14.021   251.6   1.56   5.03   5.24   0     —     —  —
    20     CS   14.251   225.3   1.79   5.26   5.47   0     —     —  —
    21     CS   14.477   198.6   2.02   5.49   5.70   0     —     —  —
    22     CS   14.719   173.4   2.26   5.73   5.94   1   b45     —  CHARGE, BRK-B45
    23     CS   15.988   396.6   0.25   5.98   6.45   0     —     —  —
    24     CS   16.247   371.6   0.51   6.24   6.71   0     —     —  —
    25     CS   16.530   348.0   0.79   6.52   6.99   0     —     —  —
    26     CS   16.776   322.0   1.04   6.77   7.24   0     —     —  —
    27     CS   17.033   295.1   1.29   7.03   7.50   0     —     —  —
    28     CS   17.278   267.0   1.54   7.27   7.74   0     —     —  —
    29   CUST   17.519   238.5   1.78   7.51   7.98   0     —     —  —
    30     CS   18.483   205.6   2.25   7.98   8.95   0     —     —  —
    31     CS   18.500   203.6   2.26   7.99   8.96   1   b45     —  CHARGE, BRK-B45
    32     CS   19.962   417.8   0.32   8.31   9.64   0     —     —  —
    33     CS   20.253   388.3   0.61   8.60   9.93   0     —     —  —
    34   CUST   20.544   358.9   0.90   8.89  10.22   0     —     —  —
    35     CS   21.147   350.2   1.00   8.99  10.82   0     —     —  —
    36     CS   21.395   321.2   1.25   9.24  11.07   0     —     —  —
    37     CS   21.646   292.6   1.50   9.49  11.32   0     —     —  —
    38     CS   21.944   267.3   1.80   9.79  11.62   1     —    r2  CHARGE, REST-R2
    39     CS   31.699   353.2   0.22   0.22   0.22   0     —     —  —
    40     CS   31.899   330.4   0.42   0.42   0.42   0     —     —  —
    41     CS   32.102   308.0   0.62   0.62   0.62   0     —     —  —
    42     CS   32.363   279.8   0.88   0.88   0.88   0     —     —  —
    43     CS   32.696   256.0   1.22   1.22   1.22   0     —     —  —
    44     CS   32.964   229.1   1.48   1.48   1.48   0     —     —  —
    45     CS   33.217   201.0   1.74   1.74   1.74   0     —     —  —
    46     CS   33.461   172.0   1.98   1.98   1.98   1   b45     —  CHARGE, BRK-B45
    47     CS   34.753   395.1   0.23   2.21   2.51   0     —     —  —
    48     CS   34.982   367.8   0.46   2.44   2.74   0     —     —  —
    49     CS   35.221   341.6   0.70   2.68   2.98   0     —     —  —
    50     CS   35.505   313.1   0.98   2.96   3.26   0     —     —  —
    51   CUST   35.777   283.6   1.25   3.23   3.53   0     —     —  —
    52   CUST   36.568   249.9   1.54   3.52   4.33   0     —     —  —
    53   CUST   37.356   223.7   1.83   3.81   5.11   0     —     —  —
    54     CS   38.067   208.5   2.04   4.02   5.82   0     —     —  —
    55   CUST   38.072   207.8   2.05   4.03   5.83   0     —     —  —
    56   CUST   38.664   198.4   2.14   4.12   6.42   0     —     —  —
    57   CUST   39.247   191.5   2.22   4.20   7.00   0     —     —  —
    58     CS   40.263   143.5   2.74   4.72   8.02   1   b45     —  CHARGE, BRK-B45
    59   CUST   41.513   358.5   0.27   4.99   8.52   0     —     —  —
    60   CUST   42.298   328.9   0.56   5.28   9.30   0     —     —  —
    61     CS   42.918   316.2   0.68   5.40   9.92   0     —     —  —
    62     CS   43.328   267.2   1.09   5.81  10.33   0     —     —  —
    63     CS   43.597   240.8   1.36   6.08  10.60   0     —     —  —
    64     CS   43.860   214.0   1.62   6.34  10.87   0     —     —  —
    65     CS   44.123   189.8   1.88   6.60  11.13   0     —     —  —
    66     CS   44.354   163.0   2.12   6.83  11.36   0     —     —  —
    67     CS   44.584   136.0   2.35   7.06  11.59   0     —     —  —
    68     CS   44.860   112.7   2.62   7.34  11.87   1   b45     —  CHARGE, BRK-B45
    69     CS   46.647   394.6   0.43   7.77  12.61   0     —    r2  REST-R2
    70     CS   56.085   367.8   0.27   0.27   0.27   0     —     —  —
    71     CS   56.348   340.4   0.53   0.53   0.53   0     —     —  —
    72     CS   56.611   312.9   0.80   0.80   0.80   0     —     —  —
    73     CS   56.931   289.0   1.12   1.12   1.12   0     —     —  —
    74   CUST   57.266   251.0   1.45   1.45   1.45   0     —     —  —
    75   CUST   57.828   243.7   1.51   1.51   2.01   0     —     —  —
    76   CUST   58.468   237.0   1.65   1.65   2.65   0     —     —  —
    77   CUST   59.006   233.3   1.69   1.69   3.19   0     —     —  —
    78     CS   59.865   208.0   2.05   2.05   4.05   0     —     —  —
    79     CS   60.179   180.4   2.37   2.37   4.37   0     —     —  —
    80   CUST   60.314   167.8   2.50   2.50   4.50   0     —     —  —
    81     CS   61.256   121.8   2.94   2.94   5.44   0     —     —  —
    82     CS   61.414   108.5   3.10   3.10   5.60   1   b45     —  CHARGE, BRK-B45
    83     CS   62.770   400.6   0.20   3.30   6.00   0     —     —  —
    84     CS   62.986   378.5   0.42   3.52   6.22   0     —     —  —
    85     CS   63.195   355.8   0.63   3.73   6.43   0     —     —  —
    86     CS   63.477   327.2   0.91   4.01   6.71   0     —     —  —
    87     CS   63.848   303.1   1.28   4.38   7.08   0     —     —  —
    88     CS   64.126   274.0   1.56   4.66   7.36   0     —     —  —
    89     CS   64.363   246.8   1.80   4.90   7.60   0     —     —  —
    90     CS   64.595   219.0   2.03   5.13   7.83   0     —     —  —
    91     CS   64.839   192.5   2.27   5.37   8.07   1   b45     —  CHARGE, BRK-B45
    92     CS   66.359   438.5   0.27   5.64   8.66   0     —     —  —
    93     CS   66.636   408.6   0.54   5.92   8.93   0     —     —  —
    94     CS   66.919   379.2   0.83   6.20   9.22   0     —     —  —
    95     CS   67.203   354.8   1.11   6.48   9.50   0     —     —  —
    96     CS   67.465   329.0   1.37   6.75   9.76   0     —     —  —
    97     CS   67.731   306.1   1.64   7.01  10.03   0     —     —  —
    98     CS   68.017   284.3   1.93   7.30  10.31   0     —     —  —
    99     CS   68.283   261.4   2.19   7.56  10.58   0     —     —  —
   100     CS   68.554   231.8   2.46   7.84  10.85   0     —     —  —
   101     CS   68.815   201.2   2.72   8.10  11.11   0     —     —  —
   102     CS   69.100   172.8   3.01   8.38  11.40   0     —     —  —
   103     CS   69.365   142.6   3.27   8.65  11.66   1     —    r2  CHARGE, REST-R2
   104     CS   79.271   268.0   0.25   0.25   0.25   0     —     —  —
   105     CS   79.497   242.9   0.48   0.48   0.48   0     —     —  —

  [!] TRAJECTORY INFEASIBLE -- 1 violation(s):
     stop 69: spread h=15.167h > 15.0h (daily rest not completed within 24h window)
[16/33] RmediumCmanyTmedium_2        labelled   31 states in  91.0 min
  ScenarioTracker saved: /mnt/beegfs/users/celinep/ChargeAndBreak/ML/logs/RmediumCfewTnone_8_DAGGER1_S1_H24_20260821_230152_scenarios.json

  === SIMULATION TRAJECTORY ===
  stop   type    t_arr     soc     cd     sd     sw   y   brk   rst  action
  ───────────────────────────────────────────────────────────────────────────────────────────────
     0   ORIG    8.000   500.0   0.00   0.00   0.00   0     —     —  —
     1     CS    8.236   474.3   0.24   0.24   0.24   0     —     —  —
     2     CS    8.468   448.2   0.47   0.47   0.47   0     —     —  —
     3     CS    8.700   422.1   0.70   0.70   0.70   0     —     —  —
     4     CS    8.911   398.8   0.91   0.91   0.91   0     —     —  —
     5     CS    9.271   381.6   1.27   1.27   1.27   0     —     —  —
     6     CS    9.478   357.9   1.48   1.48   1.48   0     —     —  —
     7     CS    9.772   325.7   1.77   1.77   1.77   0     —     —  —
     8     CS   10.061   292.9   2.06   2.06   2.06   0     —     —  —
     9     CS   10.300   266.3   2.30   2.30   2.30   0     —     —  —
    10     CS   10.537   239.5   2.54   2.54   2.54   0     —     —  —
    11     CS   10.800   214.8   2.80   2.80   2.80   0     —     —  —
    12     CS   11.033   187.6   3.03   3.03   3.03   0     —     —  —
    13     CS   11.258   163.2   3.26   3.26   3.26   0     —     —  —
    14     CS   11.486   139.1   3.49   3.49   3.49   0     —     —  —
    15     CS   11.704   114.0   3.70   3.70   3.70   1   b45     —  CHARGE, BRK-B45
    16     CS   13.392   358.8   0.45   4.15   4.52   0     —     —  —
    17     CS   13.649   334.0   0.70   4.41   4.78   0     —     —  —
    18     CS   13.891   308.1   0.94   4.65   5.02   0     —     —  —
    19     CS   14.122   281.1   1.18   4.88   5.25   0     —     —  —
    20     CS   14.374   256.7   1.43   5.13   5.51   0     —     —  —
    21     CS   14.618   231.6   1.67   5.38   5.75   0     —     —  —
    22     CS   14.847   205.2   1.90   5.60   5.98   1   b45     —  CHARGE, BRK-B45
    23     CS   16.241   379.5   0.37   5.98   6.62   0     —     —  —
    24     CS   16.531   350.9   0.66   6.27   6.91   0     —     —  —
    25     CS   16.801   320.6   0.93   6.54   7.18   0     —     —  —
    26     CS   17.093   292.1   1.22   6.83   7.47   0     —     —  —
    27     CS   17.450   267.5   1.58   7.19   7.83   0     —     —  —
    28   CUST   17.752   240.3   1.88   7.49   8.13   0     —     —  —
    29     CS   18.491   218.1   2.12   7.73   8.87   0     —     —  —
    30     CS   18.752   188.7   2.38   7.99   9.13   1   b45     —  CHARGE, BRK-B45
    31     CS   20.103   388.1   0.29   8.27   9.73   0     —     —  —
    32     CS   20.467   361.6   0.65   8.64  10.10   0     —     —  —
    33   CUST   20.776   332.0   0.96   8.95  10.41   0     —     —  —
    34     CS   21.671   301.3   1.35   9.34  11.30   0     —     —  —
    35     CS   22.049   261.3   1.73   9.72  11.68   0     —    r2  REST-R2
    36     CS   31.499   232.7   0.28   0.28   0.28   0     —     —  —
    37     CS   31.854   208.0   0.64   0.64   0.64   0     —     —  —
    38     CS   32.074   182.6   0.86   0.86   0.86   0     —     —  —
    39     CS   32.300   157.8   1.08   1.08   1.08   0     —     —  —
    40     CS   32.525   132.8   1.31   1.31   1.31   0     —     —  —
    41     CS   32.779   110.1   1.56   1.56   1.56   1   b45     —  CHARGE, BRK-B45
    42     CS   34.239   390.0   0.28   1.84   2.10   0     —     —  —
    43     CS   34.514   360.0   0.55   2.12   2.37   0     —     —  —
    44     CS   34.874   335.0   0.91   2.48   2.73   0     —     —  —
    45     CS   35.149   306.8   1.19   2.75   3.01   0     —     —  —
    46     CS   35.556   284.5   1.60   3.16   3.41   0     —     —  —
    47     CS   35.831   252.8   1.87   3.43   3.69   0     —     —  —
    48     CS   36.186   226.5   2.23   3.79   4.04   0     —     —  —
    49     CS   36.536   199.9   2.58   4.14   4.39   1   b45     —  CHARGE, BRK-B45
    50     CS   37.750   381.9   0.26   4.40   4.86   0     —     —  —
    51     CS   38.014   352.5   0.53   4.67   5.12   0     —     —  —
    52   CUST   38.289   323.9   0.80   4.94   5.40   0     —     —  —
    53     CS   39.179   278.0   1.19   5.33   6.29   0     —     —  —
    54     CS   39.312   262.9   1.32   5.46   6.42   0     —     —  —
    55     CS   39.724   242.2   1.74   5.88   6.83   0     —     —  —
    56     CS   39.981   215.3   1.99   6.13   7.09   0     —     —  —
    57     CS   40.338   193.3   2.35   6.49   7.45   1   b45     —  CHARGE, BRK-B45
    58     CS   41.606   394.6   0.29   6.78   7.96   0     —     —  —
    59     CS   41.907   363.7   0.59   7.08   8.26   0     —     —  —
    60     CS   42.198   332.0   0.88   7.37   8.56   0     —     —  —
    61     CS   42.459   313.1   1.14   7.63   8.82   0     —     —  —
    62     CS   42.709   293.8   1.39   7.88   9.07   0     —     —  —
    63     CS   42.958   274.4   1.64   8.13   9.32   0     —     —  —
    64     CS   43.198   250.5   1.88   8.37   9.56   0     —     —  —
    65     CS   43.427   225.7   2.11   8.60   9.78   0     —     —  —
    66     CS   43.656   201.0   2.34   8.83  10.01   1     —    r2  CHARGE, REST-R2
    67     CS   53.913   382.6   0.29   0.29   0.29   0     —     —  —
    68     CS   54.206   350.2   0.58   0.58   0.58   0     —     —  —
    69     CS   54.599   323.7   0.97   0.97   0.97   0     —     —  —
    70     CS   54.889   291.1   1.26   1.26   1.26   0     —     —  —
    71     CS   55.173   257.9   1.55   1.55   1.55   0     —     —  —
    72     CS   55.505   234.6   1.88   1.88   1.88   0     —     —  —
    73     CS   55.756   206.3   2.13   2.13   2.13   0     —     —  —
    74     CS   56.020   179.1   2.39   2.39   2.39   0     —     —  —
    75     CS   56.265   156.3   2.64   2.64   2.64   0     —     —  —
    76     CS   56.480   131.0   2.85   2.85   2.85   0     —     —  —
    77     CS   56.860   112.7   3.23   3.23   3.23   1   b45     —  CHARGE, BRK-B45
    78     CS   58.642   422.0   0.34   3.58   3.91   0     —     —  —
    79     CS   58.894   393.7   0.59   3.83   4.16   0     —     —  —
    80     CS   59.141   364.8   0.84   4.07   4.41   0     —     —  —
    81     CS   59.388   335.8   1.09   4.32   4.66   0     —     —  —
    82     CS   59.639   307.4   1.34   4.57   4.91   0     —     —  —
    83     CS   59.917   276.0   1.62   4.85   5.18   0     —     —  —
    84     CS   60.217   246.5   1.92   5.15   5.48   0     —     —  —
    85     CS   60.441   222.8   2.14   5.37   5.71   0     —     —  —
    86     CS   60.666   199.2   2.37   5.60   5.93   0     —     —  —
    87     CS   60.935   178.4   2.64   5.87   6.20   1   b45     —  CHARGE, BRK-B45
    88     CS   62.378   394.1   0.27   6.14   6.90   0     —     —  —
    89     CS   62.704   369.4   0.60   6.47   7.22   0     —     —  —
    90     CS   62.983   341.9   0.88   6.75   7.50   0     —     —  —
    91     CS   63.264   308.4   1.16   7.03   7.78   0     —     —  —
    92     CS   63.764   284.4   1.66   7.53   8.28   1     —    r2  CHARGE, REST-R2
    93     CS   73.660   398.7   0.24   0.24   0.24   0     —     —  —
    94     CS   73.897   371.4   0.47   0.47   0.47   0     —     —  —
    95     CS   74.183   347.7   0.76   0.76   0.76   0     —     —  —
    96     CS   74.400   322.0   0.98   0.98   0.98   0     —     —  —
    97     CS   74.626   297.1   1.20   1.20   1.20   0     —     —  —
    98     CS   74.854   272.4   1.43   1.43   1.43   0     —     —  —
    99     CS   75.069   246.5   1.65   1.65   1.65   0     —     —  —
   100     CS   75.606   201.7   2.18   2.18   2.18   1     —     —  CHARGE
   101     CS   76.499   302.3   2.44   2.44   3.08   0     —     —  —
   102     CS   76.737   274.3   2.68   2.68   3.31   0     —     —  —
   103     CS   76.998   248.3   2.94   2.94   3.57   0     —     —  —
[17/33] RmediumCfewTnone_8           labelled   35 states in  53.5 min
  ScenarioTracker saved: /mnt/beegfs/users/celinep/ChargeAndBreak/ML/logs/RmediumCmanyTnone_15_DAGGER1_S1_H24_20260821_235519_scenarios.json

  === SIMULATION TRAJECTORY ===
  stop   type    t_arr     soc     cd     sd     sw   y   brk   rst  action
  ───────────────────────────────────────────────────────────────────────────────────────────────
     0   ORIG    8.000   500.0   0.00   0.00   0.00   0     —     —  —
     1     CS    8.243   474.8   0.24   0.24   0.24   0     —     —  —
     2     CS    8.468   448.1   0.47   0.47   0.47   0     —     —  —
     3     CS    8.774   426.6   0.77   0.77   0.77   0     —     —  —
     4     CS    9.008   401.4   1.01   1.01   1.01   0     —     —  —
     5     CS    9.243   376.4   1.24   1.24   1.24   0     —     —  —
     6     CS    9.491   352.4   1.49   1.49   1.49   0     —     —  —
     7     CS    9.726   325.8   1.73   1.73   1.73   0     —     —  —
     8     CS    9.979   300.7   1.98   1.98   1.98   0     —     —  —
     9     CS   10.214   274.1   2.21   2.21   2.21   0     —     —  —
    10     CS   10.478   247.3   2.48   2.48   2.48   0     —     —  —
    11     CS   10.752   221.2   2.75   2.75   2.75   0     —     —  —
    12     CS   11.050   198.8   3.05   3.05   3.05   0     —     —  —
    13     CS   11.284   172.1   3.28   3.28   3.28   0     —     —  —
    14     CS   11.521   145.6   3.52   3.52   3.52   1   b45     —  CHARGE, BRK-B45
    15     CS   13.131   430.9   0.24   3.76   4.12   0     —     —  —
    16     CS   13.377   404.9   0.49   4.01   4.36   0     —     —  —
    17     CS   13.611   377.8   0.72   4.24   4.60   0     —     —  —
    18     CS   13.842   350.4   0.95   4.47   4.83   0     —     —  —
    19     CS   14.262   330.3   1.37   4.89   5.25   0     —     —  —
    20     CS   14.515   303.7   1.62   5.15   5.50   0     —     —  —
    21     CS   14.783   273.0   1.89   5.41   5.77   0     —     —  —
    22     CS   15.044   241.6   2.15   5.67   6.03   0     —     —  —
    23     CS   15.309   210.6   2.42   5.94   6.30   0     —     —  —
    24     CS   15.737   188.7   2.85   6.37   6.72   0     —     —  —
    25   CUST   16.061   163.6   3.17   6.69   7.05   0     —     —  —
    26     CS   16.774   139.3   3.38   6.90   7.76   1   b45     —  CHARGE, BRK-B45
    27   CUST   18.369   364.4   0.45   7.35   8.53   0     —     —  —
    28     CS   18.965   353.2   0.55   7.45   9.12   0     —     —  —
    29     CS   19.196   328.9   0.78   7.68   9.35   0     —     —  —
    30     CS   19.435   305.3   1.02   7.92   9.59   0     —     —  —
    31     CS   19.660   280.6   1.24   8.14   9.82   0     —     —  —
    32     CS   19.904   255.5   1.48   8.39  10.06   0     —     —  —
    33     CS   20.131   228.9   1.71   8.62  10.29   0     —     —  —
    34     CS   20.364   203.0   1.94   8.85  10.52   0     —     —  —
    35     CS   20.591   176.3   2.17   9.08  10.75   1   b45     —  CHARGE, BRK-B45
    36     CS   21.889   397.1   0.24   9.31  11.28   0     —     —  —
    37     CS   22.145   370.7   0.49   9.57  11.54   0     —    r2  REST-R2
    38     CS   31.567   344.4   0.26   0.26   0.26   0     —     —  —
    39     CS   31.841   320.3   0.53   0.53   0.53   0     —     —  —
    40   CUST   32.082   293.9   0.77   0.77   0.77   0     —     —  —
    41   CUST   32.755   273.0   0.94   0.94   1.44   0     —     —  —
    42     CS   33.706   222.0   1.39   1.39   2.39   0     —     —  —
    43   CUST   33.819   213.8   1.51   1.51   2.51   0     —     —  —
    44     CS   34.671   188.8   1.86   1.86   3.36   0     —     —  —
    45     CS   35.031   164.0   2.22   2.22   3.72   0     —     —  —
    46     CS   35.353   137.6   2.54   2.54   4.04   0     —     —  —
    47   CUST   35.371   135.7   2.56   2.56   4.06   0     —     —  —
    48     CS   35.878   135.1   2.57   2.57   4.57   1   b45     —  CHARGE, BRK-B45
    49     CS   37.484   390.2   0.43   2.99   5.22   0     —     —  —
    50     CS   37.763   365.5   0.71   3.27   5.49   0     —     —  —
    51     CS   38.029   339.9   0.97   3.54   5.76   0     —     —  —
    52     CS   38.339   316.9   1.28   3.85   6.07   0     —     —  —
    53     CS   38.578   289.8   1.52   4.09   6.31   0     —     —  —
    54     CS   38.815   262.6   1.76   4.32   6.55   0     —     —  —
    55     CS   39.064   236.5   2.01   4.57   6.80   0     —     —  —
    56     CS   39.344   209.1   2.29   4.85   7.08   0     —     —  —
    57     CS   39.623   181.6   2.57   5.13   7.35   0     —     —  —
    58   CUST   39.945   156.7   2.89   5.45   7.68   0     —     —  —
    59   CUST   40.566   142.9   3.01   5.57   8.30   0     —     —  —
    60   CUST   41.257   122.5   3.20   5.77   8.99   0     —     —  —
    61     CS   41.780   119.8   3.22   5.79   9.51   1   b45     —  CHARGE, BRK-B45
    62   CUST   43.292   342.6   0.46   6.25  10.25   0     —     —  —
    63   CUST   44.019   325.5   0.68   6.47  10.98   0     —    r2  REST-R2
    64     CS   53.851   287.3   0.33   0.33   0.33   0     —     —  —
    65     CS   54.011   276.0   0.49   0.49   0.49   0     —     —  —
    66     CS   54.302   249.3   0.78   0.78   0.78   0     —     —  —
    67     CS   54.569   220.9   1.05   1.05   1.05   0     —     —  —
    68     CS   54.827   191.6   1.31   1.31   1.31   0     —     —  —
    69     CS   55.083   161.4   1.56   1.56   1.56   0     —     —  —
    70     CS   55.375   134.2   1.86   1.86   1.86   0     —     —  —
    71     CS   55.686   108.1   2.17   2.17   2.17   1   b45     —  CHARGE, BRK-B45
    72     CS   57.125   278.4   0.42   2.59   2.86   0     —     —  —
    73     CS   57.346   253.1   0.64   2.81   3.08   0     —     —  —
    74     CS   57.572   228.2   0.87   3.03   3.30   0     —     —  —
    75     CS   57.800   203.5   1.10   3.26   3.53   0     —     —  —
    76     CS   58.067   181.5   1.36   3.53   3.80   0     —     —  —
    77     CS   58.392   152.7   1.69   3.85   4.12   0     —     —  —
[18/33] RmediumCmanyTnone_15         labelled   21 states in  27.9 min
  ScenarioTracker saved: /mnt/beegfs/users/celinep/ChargeAndBreak/ML/logs/RshortCfewTmedium_14_DAGGER1_S1_H24_20260822_002315_scenarios.json

  === SIMULATION TRAJECTORY ===
  stop   type    t_arr     soc     cd     sd     sw   y   brk   rst  action
  ───────────────────────────────────────────────────────────────────────────────────────────────
     0   ORIG    8.000   500.0   0.00   0.00   0.00   0     —     —  —
     1     CS    8.240   474.6   0.24   0.24   0.24   0     —     —  —
     2     CS    8.464   447.8   0.46   0.46   0.46   0     —     —  —
     3     CS    8.718   423.4   0.72   0.72   0.72   0     —     —  —
     4     CS    8.972   399.2   0.97   0.97   0.97   0     —     —  —
     5     CS    9.247   376.2   1.25   1.25   1.25   0     —     —  —
     6     CS    9.474   349.6   1.47   1.47   1.47   0     —     —  —
     7     CS    9.750   321.5   1.75   1.75   1.75   0     —     —  —
     8     CS   10.007   291.7   2.01   2.01   2.01   0     —     —  —
     9     CS   10.284   267.9   2.28   2.28   2.28   0     —     —  —
    10     CS   10.526   241.6   2.53   2.53   2.53   0     —     —  —
    11     CS   10.766   215.0   2.77   2.77   2.77   0     —     —  —
    12     CS   11.009   188.8   3.01   3.01   3.01   1   b45     —  CHARGE, BRK-B45
    13   CUST   12.419   347.3   0.42   3.43   3.67   0     —     —  —
    14     CS   13.118   324.0   0.62   3.63   4.37   0     —     —  —
    15     CS   13.361   299.3   0.87   3.87   4.61   0     —     —  —
    16     CS   13.703   279.2   1.21   4.22   4.95   0     —     —  —
    17     CS   13.940   253.9   1.44   4.45   5.19   0     —     —  —
    18     CS   14.211   232.0   1.71   4.72   5.46   0     —     —  —
    19     CS   14.597   213.4   2.10   5.11   5.85   0     —     —  —
    20     CS   14.842   189.9   2.35   5.36   6.09   0     —     —  —
    21     CS   15.092   161.9   2.60   5.61   6.34   0     —     —  —
    22     CS   15.337   133.5   2.84   5.85   6.59   1   b45     —  CHARGE, BRK-B45
    23     CS   16.975   406.3   0.29   6.14   7.27   0     —     —  —
    24     CS   17.272   374.3   0.59   6.44   7.57   0     —     —  —
    25     CS   17.632   346.4   0.95   6.80   7.93   0     —     —  —
    26     CS   17.923   318.4   1.24   7.09   8.22   0     —     —  —
    27     CS   18.198   289.1   1.51   7.36   8.49   0     —     —  —
    28     CS   18.502   261.3   1.82   7.67   8.80   0     —     —  —
    29     CS   18.774   230.9   2.09   7.94   9.07   0     —     —  —
    30     CS   19.050   201.0   2.36   8.22   9.34   1     —    r2  CHARGE, REST-R2
    31     CS   29.515   443.5   0.27   0.27   0.27   0     —     —  —
    32     CS   29.789   411.8   0.55   0.55   0.55   0     —     —  —
    33     CS   30.071   380.8   0.83   0.83   0.83   0     —     —  —
    34     CS   30.296   354.8   1.05   1.05   1.05   0     —     —  —
    35     CS   30.527   329.4   1.28   1.28   1.28   0     —     —  —
    36     CS   30.748   303.1   1.51   1.51   1.51   0     —     —  —
    37     CS   30.997   278.4   1.75   1.75   1.75   0     —     —  —
    38     CS   31.230   252.5   1.99   1.99   1.99   0     —     —  —
    39     CS   31.481   227.9   2.24   2.24   2.24   0     —     —  —
    40     CS   31.756   195.1   2.51   2.51   2.51   0     —     —  —
    41     CS   32.060   164.7   2.82   2.82   2.82   1     —     —  CHARGE
    42     CS   32.977   229.4   3.05   3.05   3.73   0     —     —  —
    43     CS   33.211   204.3   3.29   3.29   3.97   0     —     —  —
[19/33] RshortCfewTmedium_14         labelled   18 states in  18.6 min
  ScenarioTracker saved: /mnt/beegfs/users/celinep/ChargeAndBreak/ML/logs/RmediumCmanyTnone_1_DAGGER1_S1_H24_20260822_004151_scenarios.json

  === SIMULATION TRAJECTORY ===
  stop   type    t_arr     soc     cd     sd     sw   y   brk   rst  action
  ───────────────────────────────────────────────────────────────────────────────────────────────
     0   ORIG    8.000   500.0   0.00   0.00   0.00   0     —     —  —
     1     CS    8.233   474.0   0.23   0.23   0.23   0     —     —  —
     2     CS    8.468   448.2   0.47   0.47   0.47   0     —     —  —
     3     CS    8.720   423.7   0.72   0.72   0.72   0     —     —  —
     4     CS    9.112   403.1   1.11   1.11   1.11   0     —     —  —
     5     CS    9.353   375.5   1.35   1.35   1.35   0     —     —  —
     6     CS    9.597   348.0   1.60   1.60   1.60   0     —     —  —
     7     CS    9.807   323.9   1.81   1.81   1.81   0     —     —  —
     8     CS   10.027   300.6   2.03   2.03   2.03   0     —     —  —
     9     CS   10.232   276.0   2.23   2.23   2.23   0     —     —  —
    10     CS   10.478   248.0   2.48   2.48   2.48   0     —     —  —
    11     CS   10.727   220.3   2.73   2.73   2.73   0     —     —  —
    12     CS   10.967   191.8   2.97   2.97   2.97   1   b45     —  CHARGE, BRK-B45
    13     CS   12.348   417.5   0.31   3.28   3.53   0     —     —  —
    14     CS   12.612   387.2   0.58   3.54   3.80   0     —     —  —
    15     CS   12.871   356.5   0.84   3.80   4.06   0     —     —  —
    16     CS   13.081   333.1   1.05   4.01   4.27   0     —     —  —
    17     CS   13.286   309.2   1.25   4.22   4.47   0     —     —  —
    18     CS   13.494   285.7   1.46   4.43   4.68   0     —     —  —
    19     CS   13.965   262.6   1.93   4.90   5.15   0     —     —  —
    20     CS   14.273   233.7   2.24   5.21   5.46   0     —     —  —
    21     CS   14.555   202.6   2.52   5.49   5.74   0     —     —  —
    22     CS   14.800   176.9   2.76   5.73   5.98   0     —     —  —
    23     CS   15.131   155.7   3.10   6.06   6.32   0     —     —  —
    24     CS   15.365   129.0   3.33   6.30   6.55   1   b45     —  CHARGE, BRK-B45
    25     CS   17.060   399.7   0.45   6.75   7.23   0     —     —  —
    26     CS   17.288   374.9   0.68   6.98   7.46   0     —     —  —
    27     CS   17.510   349.5   0.90   7.20   7.68   0     —     —  —
    28   CUST   17.772   327.0   1.17   7.46   7.94   0     —     —  —
    29   CUST   18.469   306.0   1.36   7.66   8.64   0     —     —  —
    30   CUST   19.030   299.8   1.42   7.72   9.20   0     —     —  —
    31     CS   19.616   291.0   1.51   7.81   9.79   0     —     —  —
    32     CS   19.863   269.3   1.76   8.05  10.03   0     —     —  —
    33     CS   20.233   251.6   2.13   8.42  10.40   0     —     —  —
    34   CUST   20.482   230.0   2.38   8.67  10.65   0     —     —  —
    35   CUST   21.011   226.7   2.41   8.70  11.18   0     —     —  —
    36   CUST   21.858   187.5   2.75   9.05  12.03   0     —     —  —
    37   CUST   22.404   182.2   2.80   9.09  12.57   0     —     —  —
    38   CUST   22.994   171.5   2.89   9.18  13.16   0     —    r2  REST-R2
    39     CS   32.577   162.6   0.08   0.08   0.08   0     —     —  —
    40   CUST   32.662   152.6   0.17   0.17   0.17   0     —     —  —
    41     CS   33.304   138.3   0.31   0.31   0.81   1   b45     —  CHARGE, BRK-B45
    42     CS   34.987   364.9   0.60   0.91   1.71   0     —     —  —
    43     CS   35.201   341.2   0.82   1.13   1.92   0     —     —  —
    44     CS   35.410   316.9   1.03   1.34   2.13   0     —     —  —
    45     CS   35.625   293.2   1.24   1.55   2.35   0     —     —  —
    46     CS   35.855   266.9   1.47   1.78   2.58   0     —     —  —
    47     CS   36.091   241.2   1.71   2.02   2.81   0     —     —  —
    48     CS   36.366   218.2   1.98   2.29   3.09   0     —     —  —
    49     CS   36.716   194.4   2.33   2.64   3.44   0     —     —  —
    50     CS   36.968   164.6   2.58   2.89   3.69   0     —     —  —
    51     CS   37.218   134.5   2.83   3.14   3.94   1   b45     —  CHARGE, BRK-B45
    52     CS   38.486   396.6   0.20   3.35   4.36   0     —     —  —
    53     CS   38.703   376.1   0.42   3.56   4.57   0     —     —  —
    54     CS   38.901   354.0   0.62   3.76   4.77   0     —     —  —
    55     CS   39.244   328.0   0.96   4.11   5.12   0     —     —  —
    56     CS   39.510   296.7   1.23   4.37   5.38   0     —     —  —
    57     CS   39.760   266.9   1.48   4.62   5.63   0     —     —  —
    58     CS   40.021   238.1   1.74   4.88   5.89   0     —     —  —
    59     CS   40.286   209.7   2.00   5.15   6.16   0     —     —  —
    60     CS   40.563   182.2   2.28   5.42   6.43   0     —     —  —
    61     CS   40.916   143.5   2.63   5.78   6.79   1   b45     —  CHARGE, BRK-B45
    62     CS   42.282   393.2   0.27   6.05   7.31   0     —     —  —
    63     CS   42.543   364.2   0.53   6.31   7.58   0     —     —  —
    64   CUST   42.828   337.2   0.82   6.60   7.86   0     —     —  —
    65     CS   43.615   306.2   1.11   6.88   8.65   0     —     —  —
    66     CS   43.892   274.4   1.38   7.16   8.93   0     —     —  —
    67     CS   44.172   242.9   1.66   7.44   9.20   0     —     —  —
    68     CS   44.293   229.1   1.78   7.56   9.33   0     —     —  —
    69     CS   44.507   206.9   2.00   7.78   9.54   0     —     —  —
    70     CS   44.706   183.2   2.20   7.97   9.74   0     —     —  —
    71     CS   44.907   159.7   2.40   8.18   9.94   0     —     —  —
    72     CS   45.158   131.9   2.65   8.43  10.19   0     —     —  —
    73     CS   45.405   103.6   2.90   8.67  10.44   1   b45     —  CHARGE, BRK-B45
    74     CS   47.056   423.7   0.23   8.90  11.01   0     —    r2  REST-R2
    75     CS   56.430   400.1   0.21   0.21   0.21   0     —     —  —
    76     CS   56.638   376.5   0.42   0.42   0.42   0     —     —  —
    77     CS   56.922   348.0   0.70   0.70   0.70   0     —     —  —
    78     CS   57.188   317.9   0.97   0.97   0.97   0     —     —  —
    79     CS   57.448   287.2   1.23   1.23   1.23   0     —     —  —
    80     CS   57.763   260.7   1.54   1.54   1.54   0     —     —  —
    81     CS   58.042   229.4   1.82   1.82   1.82   0     —     —  —
    82     CS   58.329   198.9   2.11   2.11   2.11   1   b45     —  CHARGE, BRK-B45
    83     CS   59.649   427.6   0.25   2.36   2.57   0     —     —  —
    84     CS   59.915   399.9   0.52   2.63   2.84   0     —     —  —
    85     CS   60.302   381.1   0.91   3.01   3.22   0     —     —  —
    86     CS   60.606   360.3   1.21   3.32   3.53   0     —     —  —
    87     CS   60.871   337.8   1.48   3.58   3.79   0     —     —  —
    88   CUST   61.099   312.4   1.70   3.81   4.02   0     —    r2  REST-R2
    89   CUST   70.652   306.7   0.05   0.05   0.05   0     —     —  —
    90   CUST   71.500   269.8   0.40   0.40   0.90   0     —     —  —
    91   CUST   72.035   266.0   0.44   0.44   1.44   0     —     —  —
    92   CUST   72.746   255.3   0.65   0.65   2.15   0     —     —  —
    93     CS   73.257   254.0   0.66   0.66   2.66   0     —     —  —
    94     CS   73.495   229.5   0.90   0.90   2.90   0     —     —  —
    95     CS   73.736   203.1   1.14   1.14   3.14   0     —     —  —
    96     CS   74.029   180.1   1.43   1.43   3.43   1   b45     —  CHARGE, BRK-B45
    97     CS   75.418   400.8   0.24   1.67   4.05   0     —     —  —
    98     CS   75.685   376.6   0.50   1.93   4.32   0     —     —  —
    99     CS   75.912   349.2   0.73   2.16   4.55   0     —     —  —
   100     CS   76.183   318.0   1.00   2.43   4.82   0     —     —  —
   101     CS   76.452   286.6   1.27   2.70   5.09   0     —     —  —
   102     CS   76.725   255.5   1.54   2.97   5.36   0     —     —  —
   103     CS   76.978   227.8   1.79   3.23   5.61   0     —     —  —
   104     CS   77.218   198.8   2.03   3.47   5.85   1   b45     —  CHARGE, BRK-B45
   105     CS   78.661   438.0   0.21   3.67   6.41   0     —     —  —
   106     CS   78.873   414.8   0.42   3.88   6.63   0     —     —  —
   107     CS   79.096   392.5   0.64   4.11   6.85   0     —     —  —
   108     CS   79.379   361.6   0.92   4.39   7.13   0     —     —  —
   109     CS   79.664   330.9   1.21   4.68   7.42   0     —     —  —
   110     CS   79.946   299.9   1.49   4.96   7.70   0     —     —  —
   111     CS   80.236   269.6   1.78   5.25   7.99   0     —     —  —
   112     CS   80.511   238.0   2.06   5.52   8.26   0     —     —  —
   113     CS   80.748   212.3   2.29   5.76   8.50   0     —     —  —
   114     CS   80.978   186.1   2.52   5.99   8.73   0     —     —  —
   115     CS   81.260   163.5   2.81   6.27   9.01   0     —     —  —
   116     CS   81.506   138.6   3.05   6.52   9.26   1     —     —  CHARGE
   117     CS   82.485   280.0   3.29   6.76  10.24   0     —     —  —
   118     CS   82.696   255.0   3.50   6.97  10.45   0     —     —  —
[20/33] RmediumCmanyTnone_1          labelled   43 states in  62.8 min
    [warn] teacher query failed @51: Solver (gurobi) did not exit normally
  ScenarioTracker saved: /mnt/beegfs/users/celinep/ChargeAndBreak/ML/logs/RshortCmanyTtight_16_DAGGER1_S1_H24_20260822_014440_scenarios.json

  === SIMULATION TRAJECTORY ===
  stop   type    t_arr     soc     cd     sd     sw   y   brk   rst  action
  ───────────────────────────────────────────────────────────────────────────────────────────────
     0   ORIG    8.000   500.0   0.00   0.00   0.00   0     —     —  —
     1     CS    8.228   473.5   0.23   0.23   0.23   0     —     —  —
     2     CS    8.459   447.3   0.46   0.46   0.46   0     —     —  —
     3     CS    8.684   420.5   0.68   0.68   0.68   0     —     —  —
     4     CS    8.966   389.5   0.97   0.97   0.97   0     —     —  —
     5     CS    9.287   361.5   1.29   1.29   1.29   0     —     —  —
     6     CS    9.571   328.2   1.57   1.57   1.57   0     —     —  —
     7     CS   10.071   304.3   2.07   2.07   2.07   0     —     —  —
     8     CS   10.358   271.4   2.36   2.36   2.36   0     —     —  —
     9     CS   10.659   241.3   2.66   2.66   2.66   0     —     —  —
    10     CS   11.146   217.9   3.15   3.15   3.15   0     —     —  —
    11     CS   11.426   186.0   3.43   3.43   3.43   0     —     —  —
    12     CS   11.790   154.6   3.79   3.79   3.79   1   b45     —  CHARGE, BRK-B45
    13     CS   13.149   399.1   0.29   4.08   4.35   0     —     —  —
    14     CS   13.388   374.7   0.52   4.31   4.58   0     —     —  —
    15     CS   13.610   349.0   0.75   4.54   4.81   0     —     —  —
    16   CUST   13.845   324.3   0.98   4.77   5.04   0     —     —  —
    17   CUST   14.505   312.9   1.14   4.93   5.70   0     —     —  —
    18     CS   15.143   303.2   1.28   5.07   6.34   0     —     —  —
    19     CS   15.518   267.5   1.66   5.45   6.71   0     —     —  —
    20     CS   15.751   240.6   1.89   5.68   6.95   0     —     —  —
    21     CS   16.005   215.6   2.14   5.93   7.20   0     —     —  —
    22     CS   16.241   189.1   2.38   6.17   7.44   0     —     —  —
    23     CS   16.460   163.4   2.60   6.39   7.66   0     —     —  —
    24     CS   16.680   137.7   2.82   6.61   7.88   0     —     —  —
    25     CS   16.926   114.3   3.06   6.85   8.12   1   b45     —  CHARGE, BRK-B45
    26     CS   18.439   380.1   0.25   7.11   8.77   0     —     —  —
    27     CS   18.790   356.9   0.60   7.46   9.12   0     —     —  —
    28     CS   19.048   328.5   0.86   7.72   9.38   0     —     —  —
    29   CUST   19.309   300.3   1.12   7.98   9.64   0     —     —  —
    30     CS   19.939   285.0   1.25   8.11  10.27   0     —     —  —
    31   CUST   20.139   261.9   1.45   8.31  10.47   0     —     —  —
    32     CS   20.856   236.4   1.67   8.52  11.19   0     —     —  —
    33     CS   21.080   211.5   1.89   8.75  11.41   0     —     —  —
    34   CUST   21.307   186.9   2.12   8.97  11.64   0     —    r2  REST-R2
    35     CS   30.854   181.7   0.05   0.05   0.05   1   b45     —  CHARGE, BRK-B45
    36   CUST   32.113   381.9   0.09   0.13   0.56   0     —     —  —
    37     CS   32.817   357.5   0.29   0.34   1.26   0     —     —  —
    38     CS   33.052   335.8   0.52   0.57   1.49   0     —     —  —
    39     CS   33.270   312.7   0.74   0.79   1.71   0     —     —  —
    40   CUST   33.420   299.0   0.89   0.94   1.86   0     —     —  —
    41     CS   34.255   259.8   1.23   1.27   2.70   0     —     —  —
    42     CS   34.551   233.2   1.52   1.57   2.99   0     —     —  —
    43     CS   34.888   205.9   1.86   1.91   3.33   0     —     —  —
    44     CS   35.187   176.3   2.16   2.21   3.63   0     —     —  —
    45     CS   35.472   145.7   2.44   2.49   3.91   1   b45     —  CHARGE, BRK-B45
    46     CS   36.649   318.5   0.21   2.70   4.34   0     —     —  —
    47     CS   36.870   295.3   0.43   2.92   4.56   0     —     —  —
    48     CS   37.088   271.9   0.64   3.14   4.78   0     —     —  —
    49     CS   37.326   247.0   0.88   3.37   5.02   0     —     —  —
    50     CS   37.547   220.7   1.10   3.60   5.24   0     —     —  —
    51     CS   37.775   195.1   1.33   3.82   5.47   0     —     —  —
    52     CS   37.992   170.7   1.55   4.04   5.69   0     —     —  —
    53     CS   38.202   145.8   1.76   4.25   5.90   0     —     —  —
[21/33] RshortCmanyTtight_16         labelled   19 states in  16.1 min
  ScenarioTracker saved: /mnt/beegfs/users/celinep/ChargeAndBreak/ML/logs/RlongCfewTmedium_17_DAGGER1_S1_H24_20260822_020047_scenarios.json

  === SIMULATION TRAJECTORY ===
  stop   type    t_arr     soc     cd     sd     sw   y   brk   rst  action
  ───────────────────────────────────────────────────────────────────────────────────────────────
     0   ORIG    8.000   500.0   0.00   0.00   0.00   0     —     —  —
     1     CS    8.321   479.0   0.32   0.32   0.32   0     —     —  —
     2     CS    8.571   454.4   0.57   0.57   0.57   0     —     —  —
     3     CS    8.888   433.2   0.89   0.89   0.89   0     —     —  —
     4     CS    9.175   401.6   1.18   1.18   1.18   0     —     —  —
     5     CS    9.453   368.9   1.45   1.45   1.45   0     —     —  —
     6     CS    9.666   344.3   1.67   1.67   1.67   0     —     —  —
     7     CS    9.876   319.3   1.88   1.88   1.88   0     —     —  —
     8     CS   10.166   299.3   2.17   2.17   2.17   0     —     —  —
     9     CS   10.410   271.4   2.41   2.41   2.41   0     —     —  —
    10     CS   10.673   245.1   2.67   2.67   2.67   0     —     —  —
    11     CS   10.990   221.8   2.99   2.99   2.99   0     —     —  —
    12     CS   11.251   195.4   3.25   3.25   3.25   0     —     —  —
    13     CS   11.787   148.6   3.79   3.79   3.79   1   b45     —  CHARGE, BRK-B45
    14     CS   13.353   407.4   0.29   4.08   4.44   0     —     —  —
    15     CS   13.682   378.4   0.62   4.41   4.77   0     —     —  —
    16     CS   14.175   354.8   1.11   4.90   5.26   0     —     —  —
    17     CS   14.414   331.6   1.35   5.14   5.50   0     —     —  —
    18     CS   14.685   310.2   1.62   5.41   5.77   0     —     —  —
    19     CS   14.978   289.8   1.91   5.70   6.06   0     —     —  —
    20     CS   15.220   265.7   2.16   5.94   6.31   0     —     —  —
    21     CS   15.489   243.4   2.43   6.21   6.57   0     —     —  —
    22     CS   15.756   220.9   2.69   6.48   6.84   0     —     —  —
    23     CS   15.982   195.4   2.92   6.71   7.07   0     —     —  —
    24     CS   16.340   175.4   3.28   7.06   7.43   0     —     —  —
    25     CS   16.584   150.4   3.52   7.31   7.67   0     —     —  —
    26     CS   16.811   123.8   3.75   7.53   7.90   1   b45     —  CHARGE, BRK-B45
    27     CS   18.374   409.9   0.29   7.83   8.53   0     —     —  —
    28     CS   18.573   386.3   0.49   8.03   8.73   0     —     —  —
    29     CS   18.783   363.7   0.70   8.24   8.94   0     —     —  —
    30     CS   19.523   328.3   1.44   8.98   9.68   0     —     —  —
    31     CS   19.730   303.8   1.65   9.18   9.89   0     —    r2  REST-R2
    32     CS   29.105   279.5   0.21   0.21   0.21   0     —     —  —
    33     CS   29.318   255.5   0.42   0.42   0.42   0     —     —  —
    34     CS   29.559   227.3   0.66   0.66   0.66   0     —     —  —
    35     CS   29.812   200.1   0.92   0.92   0.92   0     —     —  —
    36     CS   30.052   171.9   1.16   1.16   1.16   0     —     —  —
    37     CS   30.293   143.6   1.40   1.40   1.40   1   b45     —  CHARGE, BRK-B45
    38     CS   31.707   384.1   0.32   1.72   2.03   0     —     —  —
    39     CS   31.984   355.1   0.60   2.00   2.30   0     —     —  —
    40     CS   32.204   330.3   0.82   2.22   2.52   0     —     —  —
    41     CS   32.430   306.0   1.05   2.44   2.75   0     —     —  —
    42     CS   32.710   285.0   1.33   2.72   3.03   0     —     —  —
    43     CS   32.949   261.8   1.57   2.96   3.27   0     —     —  —
    44     CS   33.180   234.4   1.80   3.19   3.50   0     —     —  —
    45     CS   33.506   212.8   2.12   3.52   3.83   0     —     —  —
    46     CS   33.728   186.3   2.34   3.74   4.05   0     —     —  —
    47     CS   33.952   160.0   2.57   3.96   4.27   0     —     —  —
    48     CS   34.181   134.3   2.80   4.19   4.50   0     —     —  —
    49     CS   34.436   110.5   3.05   4.45   4.76   1   b45     —  CHARGE, BRK-B45
    50     CS   35.964   396.7   0.41   4.86   5.38   0     —     —  —
    51     CS   36.229   372.4   0.67   5.12   5.64   0     —     —  —
    52     CS   36.636   352.9   1.08   5.53   6.05   0     —     —  —
    53     CS   36.918   329.0   1.36   5.81   6.33   0     —     —  —
    54     CS   37.180   303.9   1.62   6.07   6.59   0     —     —  —
    55     CS   37.416   276.5   1.86   6.31   6.83   0     —     —  —
    56     CS   37.694   252.8   2.14   6.59   7.11   0     —     —  —
    57     CS   37.930   225.9   2.37   6.82   7.34   0     —     —  —
    58     CS   38.184   204.9   2.63   7.07   7.60   0     —     —  —
    59     CS   38.425   183.1   2.87   7.32   7.84   0     —     —  —
    60     CS   38.634   158.9   3.08   7.53   8.05   1   b45     —  CHARGE, BRK-B45
    61     CS   39.902   394.6   0.23   7.76   8.53   0     —     —  —
    62     CS   40.123   368.3   0.45   7.98   8.75   0     —     —  —
    63     CS   40.377   344.7   0.70   8.23   9.00   0     —     —  —
    64     CS   40.635   324.5   0.96   8.49   9.26   0     —     —  —
    65     CS   40.842   300.8   1.17   8.69   9.46   0     —     —  —
    66     CS   41.107   281.0   1.43   8.96   9.73   0     —     —  —
    67     CS   41.363   257.4   1.69   9.22   9.99   0     —     —  —
    68     CS   41.590   231.4   1.92   9.44  10.21   0     —    r2  REST-R2
    69     CS   50.989   205.9   0.23   0.23   0.23   0     —     —  —
    70     CS   51.221   180.4   0.46   0.46   0.46   0     —     —  —
    71     CS   51.478   153.1   0.72   0.72   0.72   0     —     —  —
    72     CS   51.726   124.9   0.97   0.97   0.97   1   b45     —  CHARGE, BRK-B45
    73     CS   53.144   397.6   0.27   1.24   1.46   0     —     —  —
    74     CS   53.451   370.1   0.58   1.55   1.77   0     —     —  —
    75     CS   53.719   339.6   0.85   1.82   2.04   0     —     —  —
    76     CS   53.990   309.4   1.12   2.09   2.31   0     —     —  —
    77     CS   54.238   284.6   1.37   2.34   2.56   0     —     —  —
    78     CS   54.491   260.3   1.62   2.59   2.81   0     —     —  —
    79     CS   54.739   235.6   1.87   2.84   3.06   0     —     —  —
    80     CS   55.099   201.9   2.23   3.20   3.42   1   b45     —  CHARGE, BRK-B45
    81     CS   57.028   393.0   0.23   3.43   4.60   0     —     —  —
    82     CS   57.274   369.2   0.48   3.67   4.84   0     —     —  —
    83     CS   57.547   347.0   0.75   3.95   5.12   0     —     —  —
    84     CS   57.787   322.7   0.99   4.18   5.36   0     —     —  —
    85     CS   58.033   293.2   1.24   4.43   5.60   0     —     —  —
    86     CS   58.308   266.1   1.51   4.71   5.88   0     —     —  —
    87     CS   58.546   239.0   1.75   4.94   6.12   0     —     —  —
    88     CS   58.780   211.4   1.98   5.18   6.35   0     —     —  —
    89     CS   59.074   188.2   2.28   5.47   6.64   1   b45     —  CHARGE, BRK-B45
    90     CS   60.350   418.4   0.23   5.70   7.09   0     —     —  —
    91     CS   60.589   392.9   0.47   5.94   7.33   0     —     —  —
    92     CS   60.875   370.5   0.75   6.22   7.61   0     —     —  —
    93     CS   61.102   343.9   0.98   6.45   7.84   0     —     —  —
    94     CS   61.361   318.5   1.24   6.71   8.10   0     —     —  —
    95     CS   61.612   292.5   1.49   6.96   8.35   0     —     —  —
    96     CS   61.849   265.3   1.73   7.20   8.59   0     —     —  —
    97     CS   62.170   239.1   2.05   7.52   8.91   0     —     —  —
    98     CS   62.435   209.0   2.31   7.78   9.17   1   b45     —  CHARGE, BRK-B45
    99     CS   63.835   372.4   0.29   8.07   9.82   0     —     —  —
   100   CUST   64.161   344.6   0.62   8.40  10.15   0     —     —  —
   101     CS   65.078   301.1   1.03   8.82  11.07   1     —    r2  CHARGE, REST-R2
   102     CS   74.911   391.5   0.26   0.26   0.26   0     —     —  —
   103     CS   75.157   363.7   0.50   0.50   0.50   0     —     —  —
   104     CS   75.414   332.7   0.76   0.76   0.76   0     —     —  —
   105     CS   75.676   302.2   1.02   1.02   1.02   0     —     —  —
   106     CS   76.073   278.9   1.42   1.42   1.42   0     —     —  —
   107     CS   76.434   243.1   1.78   1.78   1.78   0     —     —  —
   108     CS   76.733   211.3   2.08   2.08   2.08   0     —     —  —
   109     CS   77.026   179.0   2.37   2.37   2.37   0     —     —  —
   110     CS   77.492   154.4   2.84   2.84   2.84   1   b45     —  CHARGE, BRK-B45
   111     CS   78.980   424.8   0.24   3.08   3.36   0     —     —  —
   112     CS   79.250   400.0   0.51   3.35   3.63   0     —     —  —
   113     CS   79.522   375.4   0.78   3.62   3.91   0     —     —  —
   114     CS   79.782   349.9   1.04   3.88   4.17   0     —     —  —
   115     CS   79.993   325.8   1.25   4.09   4.38   0     —     —  —
   116     CS   80.198   301.2   1.46   4.30   4.58   0     —     —  —
   117     CS   80.408   277.1   1.67   4.51   4.79   0     —     —  —
   118     CS   80.613   253.1   1.87   4.71   5.00   0     —     —  —
   119     CS   80.814   229.0   2.08   4.91   5.20   0     —     —  —
   120     CS   81.028   205.9   2.29   5.13   5.41   0     —     —  —
   121     CS   81.270   178.4   2.53   5.37   5.65   0     —     —  —
   122     CS   81.576   155.1   2.84   5.68   5.96   0     —     —  —
   123     CS   81.819   127.6   3.08   5.92   6.20   1   b45     —  CHARGE, BRK-B45
   124     CS   83.303   416.3   0.27   6.18   6.70   0     —     —  —
   125     CS   83.540   389.1   0.50   6.42   6.94   0     —     —  —
   126     CS   83.774   361.5   0.74   6.65   7.17   0     —     —  —
   127     CS   84.062   336.3   1.03   6.94   7.46   0     —     —  —
   128   CUST   84.327   309.7   1.29   7.21   7.73   0     —    r1  REST-R1
   129     CS   96.096   281.0   0.27   0.27   0.27   0     —     —  —
   130     CS   96.330   261.8   0.50   0.50   0.50   0     —     —  —
   131     CS   96.529   240.2   0.70   0.70   0.70   0     —     —  —
   132     CS   96.752   220.4   0.92   0.92   0.92   0     —     —  —
   133     CS   97.106   194.8   1.28   1.28   1.28   0     —     —  —
   134     CS   97.401   166.0   1.57   1.57   1.57   0     —     —  —
   135     CS   97.675   134.3   1.85   1.85   1.85   0     —     —  —
   136     CS   97.972   104.6   2.15   2.15   2.15   1   b45     —  CHARGE, BRK-B45
   137     CS   99.425   404.7   0.25   2.40   2.58   0     —     —  —
   138     CS   99.674   374.8   0.50   2.65   2.83   0     —     —  —
   139     CS   99.925   345.1   0.75   2.90   3.08   0     —     —  —
   140     CS  100.202   317.7   1.03   3.17   3.36   0     —     —  —
   141     CS  100.471   286.6   1.30   3.44   3.63   0     —     —  —
   142     CS  100.757   257.1   1.58   3.73   3.91   0     —     —  —
   143     CS  100.982   232.8   1.81   3.95   4.14   0     —     —  —
   144     CS  101.235   210.5   2.06   4.21   4.39   0     —     —  —
   145     CS  101.451   185.3   2.28   4.42   4.61   0     —     —  —
   146     CS  101.665   159.8   2.49   4.64   4.82   1     —    r1  CHARGE, REST-R1
   147     CS  113.901   385.2   0.25   0.25   0.25   0     —     —  —
   148     CS  114.134   359.2   0.48   0.48   0.48   0     —     —  —
   149     CS  114.406   336.1   0.75   0.75   0.75   0     —     —  —
   150     CS  114.651   308.8   0.99   0.99   0.99   0     —     —  —
   151     CS  114.890   280.9   1.23   1.23   1.23   0     —     —  —
   152     CS  115.161   258.4   1.51   1.51   1.51   0     —     —  —
   153     CS  115.388   232.6   1.73   1.73   1.73   0     —     —  —
   154     CS  115.634   208.4   1.98   1.98   1.98   0     —     —  —
   155     CS  115.959   180.5   2.30   2.30   2.30   0     —     —  —
   156     CS  116.230   148.5   2.57   2.57   2.57   1   b45     —  CHARGE, BRK-B45
   157     CS  117.504   376.8   0.28   2.86   3.10   0     —     —  —
   158     CS  117.740   349.9   0.52   3.09   3.33   0     —     —  —
   159     CS  117.976   322.9   0.75   3.33   3.57   0     —     —  —
   160     CS  118.215   296.4   0.99   3.57   3.81   0     —     —  —
   161     CS  118.453   270.8   1.23   3.80   4.05   0     —     —  —
   162     CS  118.680   244.2   1.46   4.03   4.27   0     —     —  —
   163     CS  118.906   217.5   1.68   4.26   4.50   0     —     —  —
   164     CS  119.151   192.6   1.93   4.50   4.75   0     —     —  —
   165     CS  119.380   166.2   2.16   4.73   4.97   0     —     —  —
   166     CS  119.645   142.6   2.42   5.00   5.24   1   b45     —  CHARGE, BRK-B45
   167     CS  120.933   335.6   0.27   5.26   5.78   0     —     —  —
   168     CS  121.226   307.8   0.56   5.56   6.07   0     —     —  —
   169     CS  121.508   279.0   0.84   5.84   6.35   0     —     —  —
   170     CS  121.747   252.4   1.08   6.08   6.59   0     —     —  —
   171     CS  122.014   228.0   1.35   6.34   6.86   0     —     —  —
   172     CS  122.452   205.5   1.79   6.78   7.30   0     —     —  —
[22/33] RlongCfewTmedium_17          labelled   72 states in 146.1 min
  ScenarioTracker saved: /mnt/beegfs/users/celinep/ChargeAndBreak/ML/logs/RmediumCmediumTtight_17_DAGGER1_S1_H24_20260822_042652_scenarios.json

  === SIMULATION TRAJECTORY ===
  stop   type    t_arr     soc     cd     sd     sw   y   brk   rst  action
  ───────────────────────────────────────────────────────────────────────────────────────────────
     0   ORIG    8.000   500.0   0.00   0.00   0.00   0     —     —  —
     1     CS    8.234   474.1   0.23   0.23   0.23   0     —     —  —
     2     CS    8.464   447.8   0.46   0.46   0.46   0     —     —  —
     3     CS    8.701   422.2   0.70   0.70   0.70   0     —     —  —
     4     CS    8.930   395.7   0.93   0.93   0.93   0     —     —  —
     5     CS    9.170   370.4   1.17   1.17   1.17   0     —     —  —
     6     CS    9.414   345.4   1.41   1.41   1.41   0     —     —  —
     7     CS    9.638   324.5   1.64   1.64   1.64   0     —     —  —
     8     CS    9.849   302.8   1.85   1.85   1.85   0     —     —  —
     9     CS   10.051   280.3   2.05   2.05   2.05   0     —     —  —
    10     CS   10.279   254.7   2.28   2.28   2.28   0     —     —  —
    11     CS   10.508   229.1   2.51   2.51   2.51   0     —     —  —
    12     CS   10.759   205.2   2.76   2.76   2.76   1   b45     —  CHARGE, BRK-B45
    13     CS   12.188   430.1   0.21   2.97   3.36   0     —     —  —
    14     CS   12.404   406.5   0.42   3.18   3.58   0     —     —  —
    15     CS   12.613   382.1   0.63   3.39   3.78   0     —     —  —
    16     CS   12.892   358.1   0.91   3.67   4.06   0     —     —  —
    17     CS   13.127   330.7   1.15   3.91   4.30   0     —     —  —
    18     CS   13.375   304.5   1.40   4.15   4.55   0     —     —  —
    19     CS   13.644   274.6   1.66   4.42   4.82   0     —     —  —
    20     CS   13.959   248.2   1.98   4.74   5.13   0     —     —  —
    21     CS   14.220   217.6   2.24   5.00   5.39   0     —     —  —
    22     CS   14.464   194.7   2.48   5.24   5.64   0     —     —  —
    23     CS   14.723   172.7   2.74   5.50   5.89   0     —     —  —
    24     CS   14.941   147.7   2.96   5.72   6.11   0     —     —  —
    25     CS   15.157   122.5   3.18   5.94   6.33   1   b45     —  CHARGE, BRK-B45
    26     CS   16.668   397.9   0.35   6.28   6.87   0     —     —  —
    27     CS   16.919   372.9   0.60   6.53   7.12   0     —     —  —
    28     CS   17.235   351.3   0.92   6.85   7.44   0     —     —  —
    29     CS   17.484   326.1   1.16   7.10   7.69   0     —     —  —
    30   CUST   17.713   299.1   1.39   7.33   7.92   0     —     —  —
    31     CS   18.718   267.5   1.90   7.83   8.92   0     —     —  —
    32     CS   18.999   239.3   2.18   8.11   9.20   0     —     —  —
    33     CS   19.297   212.3   2.48   8.41   9.50   0     —     —  —
    34     CS   19.575   182.2   2.76   8.69   9.78   0     —     —  —
    35   CUST   19.853   152.0   3.03   8.97  10.06   0     —    r2  REST-R2
    36     CS   29.539   129.9   0.19   0.19   0.19   1   b45     —  CHARGE, BRK-B45
    37     CS   31.214   410.5   0.36   0.55   0.86   0     —     —  —
    38     CS   31.461   382.3   0.61   0.79   1.11   0     —     —  —
    39     CS   31.720   355.0   0.87   1.05   1.37   0     —     —  —
    40     CS   32.021   330.6   1.17   1.35   1.67   0     —     —  —
    41     CS   32.284   303.7   1.43   1.62   1.93   0     —     —  —
    42     CS   32.574   272.3   1.72   1.91   2.22   0     —     —  —
    43     CS   32.853   239.8   2.00   2.19   2.50   0     —     —  —
    44     CS   33.089   214.1   2.24   2.42   2.74   0     —     —  —
    45     CS   33.329   188.8   2.48   2.66   2.98   0     —     —  —
    46     CS   33.554   161.9   2.70   2.89   3.20   1   b45     —  CHARGE, BRK-B45
    47     CS   35.313   424.0   0.28   3.17   4.04   0     —     —  —
    48     CS   35.598   400.3   0.57   3.46   4.33   0     —     —  —
    49     CS   35.840   373.5   0.81   3.70   4.57   0     —     —  —
    50     CS   36.097   345.0   1.07   3.96   4.83   0     —     —  —
    51     CS   36.351   316.1   1.32   4.21   5.08   0     —     —  —
    52     CS   36.603   287.1   1.57   4.46   5.33   0     —     —  —
    53     CS   36.878   259.0   1.85   4.74   5.61   0     —     —  —
    54     CS   37.169   232.0   2.14   5.03   5.90   0     —     —  —
    55     CS   37.469   200.3   2.44   5.33   6.20   0     —     —  —
    56     CS   37.876   174.2   2.85   5.74   6.61   1   b45     —  CHARGE, BRK-B45
    57     CS   39.254   415.0   0.28   6.01   7.15   0     —     —  —
    58     CS   39.518   391.3   0.54   6.28   7.41   0     —     —  —
    59     CS   39.754   365.6   0.78   6.51   7.65   0     —     —  —
    60     CS   39.994   340.2   1.02   6.75   7.89   0     —     —  —
    61     CS   40.210   315.0   1.23   6.97   8.11   0     —     —  —
    62     CS   40.435   290.7   1.46   7.19   8.33   0     —     —  —
    63   CUST   40.663   266.6   1.69   7.42   8.56   0     —     —  —
    64     CS   41.375   242.1   1.90   7.63   9.27   0     —     —  —
    65     CS   41.588   217.8   2.11   7.85   9.48   0     —     —  —
    66     CS   41.804   193.8   2.33   8.06   9.70   0     —     —  —
    67     CS   41.947   177.4   2.47   8.20   9.84   0     —     —  —
    68     CS   42.403   126.8   2.93   8.66  10.30   1   b45     —  CHARGE, BRK-B45
    69     CS   43.854   413.5   0.25   8.91  10.77   0     —     —  —
    70     CS   44.098   387.7   0.49   9.15  11.02   0     —    r2  REST-R2
    71     CS   53.620   367.2   0.36   0.36   0.36   0     —     —  —
    72     CS   53.832   344.1   0.57   0.57   0.57   0     —     —  —
    73     CS   54.185   326.7   0.92   0.92   0.92   0     —     —  —
    74     CS   54.402   304.0   1.14   1.14   1.14   0     —     —  —
    75     CS   54.648   277.3   1.38   1.38   1.38   0     —     —  —
    76     CS   54.881   249.5   1.62   1.62   1.62   0     —     —  —
    77     CS   55.144   224.3   1.88   1.88   1.88   0     —     —  —
    78     CS   55.394   198.0   2.13   2.13   2.13   1   b45     —  CHARGE, BRK-B45
    79     CS   57.189   401.5   0.41   2.54   3.10   0     —     —  —
    80     CS   57.449   370.9   0.67   2.80   3.36   0     —     —  —
    81     CS   57.718   341.1   0.94   3.07   3.63   0     —     —  —
    82     CS   58.001   312.5   1.22   3.35   3.91   0     —     —  —
    83     CS   58.224   288.7   1.44   3.57   4.13   0     —     —  —
    84     CS   58.465   266.3   1.68   3.81   4.38   0     —     —  —
    85     CS   58.698   243.3   1.92   4.05   4.61   0     —     —  —
    86     CS   58.968   217.0   2.19   4.32   4.88   0     —     —  —
    87     CS   59.216   188.8   2.43   4.56   5.13   0     —     —  —
    88     CS   59.460   160.2   2.68   4.81   5.37   0     —     —  —
    89     CS   59.714   132.6   2.93   5.06   5.63   1   b45     —  CHARGE, BRK-B45
    90   CUST   61.220   372.3   0.36   5.42   6.32   0     —     —  —
    91     CS   61.845   358.9   0.48   5.54   6.95   0     —     —  —
    92     CS   62.213   337.5   0.85   5.91   7.32   0     —     —  —
    93     CS   62.508   313.4   1.14   6.21   7.61   0     —     —  —
    94     CS   62.749   285.3   1.38   6.45   7.85   0     —     —  —
    95     CS   63.017   260.9   1.65   6.71   8.12   0     —     —  —
    96     CS   63.250   233.7   1.88   6.95   8.35   0     —     —  —
    97     CS   63.732   210.3   2.37   7.43   8.84   0     —     —  —
    98     CS   64.011   178.2   2.65   7.71   9.12   0     —     —  —
    99     CS   64.321   148.8   2.96   8.02   9.43   1     —    r2  CHARGE, REST-R2
   100     CS   74.829   396.9   0.23   0.23   0.23   0     —     —  —
   101     CS   75.088   372.3   0.49   0.49   0.49   0     —     —  —
   102     CS   75.363   348.6   0.76   0.76   0.76   0     —     —  —
   103     CS   75.629   317.7   1.03   1.03   1.03   0     —     —  —
   104     CS   75.913   288.4   1.31   1.31   1.31   0     —     —  —
   105     CS   76.220   260.8   1.62   1.62   1.62   0     —     —  —
   106     CS   76.529   230.9   1.93   1.93   1.93   0     —     —  —
   107     CS   76.848   201.7   2.25   2.25   2.25   0     —     —  —
   108     CS   77.138   178.8   2.54   2.54   2.54   0     —     —  —
   109     CS   77.382   153.0   2.78   2.78   2.78   0     —     —  —
   110     CS   77.611   125.9   3.01   3.01   3.01   1   b45     —  CHARGE, BRK-B45
   111     CS   78.883   269.5   0.29   3.30   3.53   0     —     —  —
   112     CS   79.139   239.3   0.54   3.56   3.79   0     —     —  —
   113     CS   79.495   215.2   0.90   3.91   4.15   0     —     —  —
   114     CS   79.778   184.3   1.18   4.20   4.43   0     —     —  —
   115     CS   80.087   155.4   1.49   4.50   4.74   0     —     —  —
[23/33] RmediumCmediumTtight_17      labelled   41 states in  72.4 min
  ScenarioTracker saved: /mnt/beegfs/users/celinep/ChargeAndBreak/ML/logs/RlongCfewTlarge_3_DAGGER1_S1_H24_20260822_053915_scenarios.json

  === SIMULATION TRAJECTORY ===
  stop   type    t_arr     soc     cd     sd     sw   y   brk   rst  action
  ───────────────────────────────────────────────────────────────────────────────────────────────
     0   ORIG    8.000   500.0   0.00   0.00   0.00   0     —     —  —
     1     CS    8.234   474.1   0.23   0.23   0.23   0     —     —  —
     2     CS    8.467   448.1   0.47   0.47   0.47   0     —     —  —
     3     CS    8.745   425.3   0.74   0.74   0.74   0     —     —  —
     4     CS    9.000   399.6   1.00   1.00   1.00   0     —     —  —
     5     CS    9.238   372.5   1.24   1.24   1.24   0     —     —  —
     6     CS    9.481   345.8   1.48   1.48   1.48   0     —     —  —
     7     CS    9.755   315.7   1.76   1.76   1.76   0     —     —  —
     8     CS   10.057   287.7   2.06   2.06   2.06   0     —     —  —
     9     CS   10.356   259.6   2.36   2.36   2.36   0     —     —  —
    10     CS   10.631   231.8   2.63   2.63   2.63   0     —     —  —
    11     CS   10.929   205.6   2.93   2.93   2.93   0     —     —  —
    12     CS   11.201   177.6   3.20   3.20   3.20   0     —     —  —
    13     CS   11.476   146.0   3.48   3.48   3.48   1   b45     —  CHARGE, BRK-B45
    14     CS   12.918   399.3   0.33   3.80   4.06   0     —     —  —
    15     CS   13.185   368.6   0.59   4.07   4.33   0     —     —  —
    16     CS   13.537   343.5   0.95   4.42   4.68   0     —     —  —
    17     CS   13.816   314.0   1.22   4.70   4.96   0     —     —  —
    18     CS   14.098   281.8   1.51   4.98   5.24   0     —     —  —
    19     CS   14.421   252.8   1.83   5.31   5.57   0     —     —  —
    20     CS   14.929   212.1   2.34   5.81   6.07   1   b45     —  CHARGE, BRK-B45
    21     CS   16.128   382.2   0.24   6.05   6.52   0     —     —  —
    22     CS   16.374   356.2   0.48   6.29   6.77   0     —     —  —
    23     CS   16.607   329.0   0.71   6.53   7.00   0     —     —  —
    24     CS   16.876   304.7   0.98   6.80   7.27   0     —     —  —
    25     CS   17.102   278.0   1.21   7.02   7.50   0     —     —  —
    26     CS   17.331   251.5   1.44   7.25   7.73   0     —     —  —
    27     CS   17.589   227.5   1.70   7.51   7.98   0     —     —  —
    28     CS   17.855   204.0   1.96   7.78   8.25   0     —     —  —
    29     CS   18.109   179.7   2.22   8.03   8.51   0     —     —  —
    30     CS   18.388   156.9   2.49   8.31   8.78   1   b45     —  CHARGE, BRK-B45
    31     CS   19.820   418.2   0.24   8.55   9.30   0     —     —  —
    32     CS   20.058   391.9   0.48   8.79   9.54   0     —     —  —
    33     CS   20.289   364.9   0.71   9.02   9.77   0     —     —  —
    34   CUST   20.781   319.4   1.20   9.51  10.26   0     —    r2  REST-R2
    35     CS   30.769   270.4   0.49   0.49   0.49   0     —     —  —
    36     CS   30.985   247.1   0.70   0.70   0.70   0     —     —  —
    37     CS   31.201   224.0   0.92   0.92   0.92   0     —     —  —
    38     CS   31.413   200.3   1.13   1.13   1.13   1   b45     —  CHARGE, BRK-B45
    39     CS   32.705   397.8   0.23   1.36   1.67   0     —     —  —
    40     CS   32.920   374.2   0.44   1.58   1.89   0     —     —  —
    41   CUST   33.270   356.3   0.79   1.93   2.24   0     —     —  —
    42   CUST   33.872   345.6   0.90   2.03   2.84   0     —     —  —
    43     CS   34.673   316.1   1.20   2.33   3.64   0     —     —  —
    44     CS   34.831   298.7   1.36   2.49   3.80   0     —     —  —
    45     CS   35.150   277.6   1.67   2.81   4.12   0     —     —  —
    46     CS   35.413   253.9   1.94   3.07   4.38   0     —     —  —
    47     CS   35.718   232.3   2.24   3.37   4.69   0     —     —  —
    48     CS   35.958   206.9   2.48   3.61   4.93   0     —     —  —
    49     CS   36.269   176.1   2.79   3.93   5.24   1   b45     —  CHARGE, BRK-B45
    50     CS   37.703   393.9   0.29   4.21   5.91   0     —     —  —
    51     CS   37.999   364.6   0.58   4.51   6.21   0     —     —  —
    52     CS   38.296   335.5   0.88   4.80   6.51   0     —     —  —
    53     CS   38.583   305.5   1.17   5.09   6.79   0     —     —  —
    54     CS   38.920   267.7   1.50   5.43   7.13   0     —     —  —
    55     CS   39.181   242.4   1.76   5.69   7.39   0     —     —  —
    56     CS   39.431   216.1   2.01   5.94   7.64   0     —     —  —
    57     CS   39.714   192.1   2.30   6.22   7.92   0     —     —  —
    58     CS   39.962   165.7   2.54   6.47   8.17   1   b45     —  CHARGE, BRK-B45
    59     CS   41.332   417.6   0.25   6.72   8.66   0     —     —  —
    60     CS   41.584   393.2   0.50   6.97   8.91   0     —     —  —
    61     CS   41.818   367.3   0.74   7.21   9.15   0     —     —  —
    62     CS   42.045   340.8   0.96   7.44   9.37   0     —     —  —
    63     CS   42.289   315.7   1.21   7.68   9.62   0     —     —  —
    64     CS   42.523   289.8   1.44   7.91   9.85   0     —     —  —
    65     CS   42.792   265.1   1.71   8.18  10.12   0     —     —  —
    66     CS   43.043   239.1   1.96   8.43  10.37   0     —     —  —
    67     CS   43.328   215.4   2.25   8.72  10.66   1     —    r2  CHARGE, REST-R2
    68     CS   53.607   359.1   0.49   0.49   0.49   0     —     —  —
    69     CS   53.873   329.8   0.76   0.76   0.76   0     —     —  —
    70     CS   54.154   301.7   1.04   1.04   1.04   0     —     —  —
    71     CS   54.411   271.5   1.29   1.29   1.29   0     —     —  —
    72     CS   54.631   246.1   1.51   1.51   1.51   0     —     —  —
    73     CS   54.853   220.9   1.74   1.74   1.74   0     —     —  —
    74     CS   55.069   195.0   1.95   1.95   1.95   0     —     —  —
    75     CS   55.287   169.4   2.17   2.17   2.17   1   b45     —  CHARGE, BRK-B45
    76     CS   56.661   380.5   0.24   2.41   2.79   0     —     —  —
    77     CS   56.947   356.8   0.53   2.70   3.08   0     —     —  —
    78     CS   57.178   329.0   0.76   2.93   3.31   0     —     —  —
    79     CS   57.412   303.9   0.99   3.16   3.55   0     —     —  —
    80     CS   57.634   277.6   1.22   3.39   3.77   0     —     —  —
    81     CS   57.858   251.6   1.44   3.61   3.99   0     —     —  —
    82     CS   58.109   223.6   1.69   3.86   4.24   0     —     —  —
    83     CS   58.372   196.7   1.95   4.12   4.50   0     —     —  —
    84     CS   58.597   173.2   2.18   4.35   4.73   0     —     —  —
    85     CS   58.839   150.8   2.42   4.59   4.97   0     —     —  —
    86     CS   59.053   126.2   2.64   4.81   5.19   1   b45     —  CHARGE, BRK-B45
    87     CS   60.915   426.8   0.31   5.12   5.99   0     —     —  —
    88     CS   61.281   400.9   0.68   5.48   6.36   0     —     —  —
    89     CS   61.595   372.3   0.99   5.80   6.67   0     —     —  —
    90     CS   61.845   344.3   1.24   6.05   6.92   0     —     —  —
    91     CS   62.101   316.8   1.50   6.30   7.18   0     —     —  —
    92     CS   62.393   293.5   1.79   6.60   7.47   0     —     —  —
    93     CS   62.635   266.8   2.03   6.84   7.71   0     —     —  —
    94     CS   62.907   242.3   2.31   7.11   7.98   0     —     —  —
    95     CS   63.159   215.6   2.56   7.36   8.23   0     —     —  —
    96     CS   63.399   187.9   2.80   7.60   8.47   0     —     —  —
    97     CS   63.640   160.2   3.04   7.84   8.71   1   b45     —  CHARGE, BRK-B45
    98     CS   64.966   389.4   0.26   8.11   9.26   0     —     —  —
    99     CS   65.235   360.3   0.53   8.38   9.53   0     —     —  —
   100     CS   65.493   330.3   0.79   8.63   9.79   0     —     —  —
   101     CS   65.870   304.2   1.17   9.01  10.17   0     —     —  —
   102     CS   66.151   272.4   1.45   9.29  10.45   0     —     —  —
   103     CS   66.449   242.0   1.75   9.59  10.74   0     —     —  —
   104     CS   66.664   215.9   1.96   9.81  10.96   0     —    r2  REST-R2
   105     CS   76.057   190.8   0.23   0.23   0.23   0     —     —  —
   106     CS   76.286   166.0   0.46   0.46   0.46   0     —     —  —
   107     CS   76.571   134.1   0.74   0.74   0.74   0     —     —  —
   108     CS   76.931   107.1   1.10   1.10   1.10   1   b45     —  CHARGE, BRK-B45
   109     CS   78.526   420.5   0.30   1.40   1.63   0     —     —  —
   110     CS   78.776   392.1   0.55   1.65   1.88   0     —     —  —
   111     CS   79.034   364.5   0.81   1.91   2.14   0     —     —  —
   112     CS   79.310   335.2   1.08   2.18   2.41   0     —     —  —
   113     CS   79.612   308.0   1.38   2.48   2.72   0     —     —  —
   114     CS   79.896   279.4   1.67   2.77   3.00   0     —     —  —
   115     CS   80.223   245.4   1.99   3.09   3.33   1   b45     —  CHARGE, BRK-B45
   116     CS   81.510   393.5   0.28   3.37   3.86   0     —     —  —
   117     CS   81.823   366.4   0.59   3.68   4.18   0     —     —  —
   118     CS   82.198   342.0   0.96   4.06   4.55   0     —     —  —
   119     CS   82.467   311.6   1.23   4.33   4.82   0     —     —  —
   120     CS   82.692   288.8   1.46   4.55   5.05   0     —     —  —
   121     CS   82.950   268.0   1.72   4.81   5.30   0     —     —  —
   122     CS   83.172   244.9   1.94   5.03   5.53   0     —     —  —
   123     CS   83.479   222.6   2.24   5.34   5.83   0     —     —  —
   124     CS   83.769   199.4   2.53   5.63   6.12   1     —    r1  CHARGE, REST-R1
   125     CS   96.029   402.4   0.21   0.21   0.21   0     —     —  —
   126     CS   96.239   379.0   0.42   0.42   0.42   0     —     —  —
   127     CS   96.456   356.3   0.63   0.63   0.63   0     —     —  —
   128     CS   96.708   326.4   0.88   0.88   0.88   0     —     —  —
   129     CS   96.994   299.4   1.17   1.17   1.17   0     —     —  —
   130     CS   97.247   269.7   1.42   1.42   1.42   0     —     —  —
   131     CS   97.506   245.8   1.68   1.68   1.68   0     —     —  —
   132     CS   97.773   222.3   1.95   1.95   1.95   0     —     —  —
   133     CS   98.008   196.5   2.18   2.18   2.18   0     —     —  —
   134     CS   98.262   166.8   2.44   2.44   2.44   0     —     —  —
   135     CS   98.584   142.0   2.76   2.76   2.76   0     —     —  —
   136     CS   98.850   113.4   3.03   3.03   3.03   1   b45     —  CHARGE, BRK-B45
   137     CS  100.471   428.8   0.28   3.30   3.53   0     —     —  —
   138     CS  100.748   397.2   0.55   3.58   3.80   0     —     —  —
   139     CS  101.027   366.0   0.83   3.86   4.08   0     —     —  —
   140     CS  101.278   337.7   1.08   4.11   4.33   0     —     —  —
   141     CS  101.561   311.9   1.37   4.39   4.62   0     —     —  —
   142     CS  101.875   287.8   1.68   4.71   4.93   0     —     —  —
   143     CS  102.292   251.7   2.10   5.12   5.35   0     —     —  —
   144     CS  102.594   225.4   2.40   5.43   5.65   0     —     —  —
   145     CS  102.865   196.9   2.67   5.70   5.92   0     —     —  —
   146     CS  103.131   168.0   2.94   5.96   6.19   0     —     —  —
   147     CS  103.385   137.9   3.19   6.22   6.44   1   b45     —  CHARGE, BRK-B45
[24/33] RlongCfewTlarge_3            labelled   41 states in  73.5 min
  ScenarioTracker saved: /mnt/beegfs/users/celinep/ChargeAndBreak/ML/logs/RmediumCmanyTmedium_16_DAGGER1_S1_H24_20260822_065245_scenarios.json

  === SIMULATION TRAJECTORY ===
  stop   type    t_arr     soc     cd     sd     sw   y   brk   rst  action
  ───────────────────────────────────────────────────────────────────────────────────────────────
     0   ORIG    8.000   500.0   0.00   0.00   0.00   0     —     —  —
     1     CS    8.317   478.9   0.32   0.32   0.32   0     —     —  —
     2     CS    8.549   452.7   0.55   0.55   0.55   0     —     —  —
     3     CS    8.809   428.8   0.81   0.81   0.81   0     —     —  —
     4     CS    9.049   403.5   1.05   1.05   1.05   0     —     —  —
     5     CS    9.312   379.8   1.31   1.31   1.31   0     —     —  —
     6     CS    9.572   355.9   1.57   1.57   1.57   0     —     —  —
     7     CS    9.876   326.7   1.88   1.88   1.88   0     —     —  —
     8     CS   10.157   295.7   2.16   2.16   2.16   0     —     —  —
     9     CS   10.394   269.4   2.39   2.39   2.39   0     —     —  —
    10     CS   10.725   248.3   2.72   2.72   2.72   0     —     —  —
    11     CS   10.973   223.0   2.97   2.97   2.97   0     —     —  —
    12     CS   11.204   196.2   3.20   3.20   3.20   1   b45     —  CHARGE, BRK-B45
    13     CS   12.402   406.6   0.25   3.45   3.65   0     —     —  —
    14     CS   12.632   381.0   0.48   3.68   3.88   0     —     —  —
    15     CS   12.859   355.3   0.71   3.91   4.11   0     —     —  —
    16     CS   13.160   324.8   1.01   4.21   4.41   0     —     —  —
    17     CS   13.434   291.8   1.28   4.48   4.68   0     —     —  —
    18     CS   13.689   263.9   1.54   4.74   4.94   0     —     —  —
    19     CS   13.957   237.1   1.80   5.01   5.21   0     —     —  —
    20     CS   14.211   209.0   2.06   5.26   5.46   0     —     —  —
    21     CS   14.510   178.0   2.36   5.56   5.76   0     —     —  —
    22     CS   14.795   145.6   2.64   5.84   6.04   0     —     —  —
    23     CS   15.071   112.5   2.92   6.12   6.32   1   b45     —  CHARGE, BRK-B45
    24     CS   16.722   372.2   0.44   6.56   7.04   0     —     —  —
    25     CS   17.012   345.5   0.73   6.85   7.33   0     —     —  —
    26     CS   17.289   317.9   1.00   7.12   7.61   0     —     —  —
    27   CUST   17.554   289.3   1.27   7.39   7.87   0     —     —  —
    28     CS   18.363   252.4   1.58   7.70   8.68   0     —     —  —
    29     CS   18.646   224.3   1.86   7.98   8.96   0     —     —  —
    30   CUST   18.917   195.3   2.13   8.25   9.23   0     —     —  —
    31   CUST   19.437   193.5   2.15   8.27   9.76   0     —     —  —
    32   CUST   20.363   153.9   2.58   8.70  10.68   0     —     —  —
    33     CS   20.917   149.3   2.63   8.75  11.23   0     —     —  —
    34     CS   21.202   115.0   2.92   9.04  11.52   1   b45     —  CHARGE, BRK-B45
    35     CS   22.648   373.3   0.33   9.37  12.09   0     —     —  —
    36     CS   22.905   347.7   0.59   9.63  12.35   0     —    r2  REST-R2
    37     CS   32.378   324.8   0.31   0.31   0.31   0     —     —  —
    38     CS   32.648   300.1   0.58   0.58   0.58   0     —     —  —
    39     CS   32.880   272.1   0.81   0.81   0.81   0     —     —  —
    40     CS   33.274   225.3   1.20   1.20   1.20   0     —     —  —
    41     CS   33.514   199.9   1.44   1.44   1.44   0     —     —  —
    42     CS   33.741   173.3   1.67   1.67   1.67   0     —     —  —
    43     CS   33.982   148.1   1.91   1.91   1.91   0     —     —  —
    44     CS   34.230   123.3   2.16   2.16   2.16   1   b45     —  CHARGE, BRK-B45
    45     CS   35.737   363.1   0.46   2.62   2.81   0     —     —  —
    46     CS   35.962   337.9   0.68   2.84   3.03   0     —     —  —
    47     CS   36.271   317.6   0.99   3.15   3.34   0     —     —  —
    48     CS   36.518   294.2   1.24   3.40   3.59   0     —     —  —
    49     CS   36.822   273.1   1.54   3.70   3.89   0     —     —  —
    50     CS   37.052   247.7   1.77   3.93   4.12   0     —     —  —
    51   CUST   37.296   223.3   2.02   4.18   4.37   0     —     —  —
    52   CUST   38.196   178.3   2.42   4.58   5.27   0     —     —  —
    53     CS   38.966   146.2   2.69   4.85   6.04   1   b45     —  CHARGE, BRK-B45
    54   CUST   40.274   432.9   0.12   4.97   6.40   0     —     —  —
    55   CUST   40.887   423.0   0.23   5.08   7.01   0     —     —  —
    56     CS   41.651   399.3   0.50   5.34   7.77   0     —     —  —
    57     CS   41.937   371.5   0.78   5.63   8.06   0     —     —  —
    58   CUST   42.216   343.1   1.06   5.91   8.34   0     —     —  —
    59     CS   42.857   328.8   1.20   6.05   8.98   0     —     —  —
    60     CS   43.139   305.9   1.49   6.33   9.26   0     —     —  —
    61     CS   43.379   280.1   1.73   6.57   9.50   0     —     —  —
    62     CS   43.607   253.1   1.95   6.80   9.73   0     —     —  —
    63     CS   43.904   231.2   2.25   7.10  10.03   0     —     —  —
    64     CS   44.143   205.8   2.49   7.34  10.27   0     —     —  —
    65     CS   44.379   180.0   2.73   7.57  10.50   0     —     —  —
    66     CS   44.621   159.0   2.97   7.81  10.74   0     —     —  —
    67     CS   44.833   135.9   3.18   8.03  10.96   0     —     —  —
    68     CS   45.044   112.5   3.39   8.24  11.17   1   b45     —  CHARGE, BRK-B45
    69     CS   46.853   441.5   0.26   8.50  11.81   0     —    r2  REST-R2
    70     CS   56.293   414.3   0.27   0.27   0.27   0     —     —  —
    71     CS   56.544   385.2   0.52   0.52   0.52   0     —     —  —
    72     CS   56.791   355.7   0.77   0.77   0.77   0     —     —  —
    73     CS   57.068   328.8   1.05   1.05   1.05   0     —     —  —
    74     CS   57.314   299.9   1.29   1.29   1.29   0     —     —  —
    75     CS   57.584   273.3   1.56   1.56   1.56   0     —     —  —
    76   CUST   57.827   244.1   1.81   1.81   1.81   0     —     —  —
    77     CS   58.605   211.6   2.09   2.09   2.59   0     —     —  —
    78   CUST   58.780   193.3   2.26   2.26   2.76   0     —     —  —
    79   CUST   59.308   190.0   2.29   2.29   3.29   0     —     —  —
    80   CUST   60.136   160.3   2.62   2.62   4.12   0     —     —  —
    81     CS   61.064   124.7   3.04   3.04   5.04   1   b45     —  CHARGE, BRK-B45
    82     CS   62.232   415.5   0.02   3.06   5.34   0     —     —  —
    83     CS   62.475   386.5   0.26   3.30   5.58   0     —     —  —
    84     CS   62.816   363.5   0.60   3.65   5.92   0     —     —  —
    85     CS   63.221   342.2   1.01   4.05   6.33   0     —     —  —
    86     CS   63.590   320.0   1.38   4.42   6.70   0     —     —  —
    87     CS   63.887   294.8   1.67   4.72   6.99   0     —     —  —
    88     CS   64.148   267.3   1.93   4.98   7.25   0     —     —  —
    89     CS   64.395   238.3   2.18   5.22   7.50   0     —     —  —
    90     CS   64.642   208.9   2.43   5.47   7.75   0     —     —  —
    91     CS   64.927   182.5   2.71   5.76   8.03   1   b45     —  CHARGE, BRK-B45
    92     CS   66.186   359.8   0.26   6.02   8.54   0     —     —  —
    93     CS   66.456   330.1   0.53   6.29   8.81   0     —     —  —
    94     CS   66.826   306.0   0.90   6.66   9.18   0     —     —  —
    95     CS   67.042   280.8   1.12   6.87   9.40   0     —     —  —
    96     CS   67.270   256.6   1.35   7.10   9.63   0     —     —  —
    97     CS   67.516   233.9   1.59   7.35   9.87   0     —    r2  REST-R2
    98     CS   77.211   190.5   0.53   0.53   0.53   1     —     —  CHARGE
    99     CS   78.179   328.6   0.78   0.78   1.50   0     —     —  —
   100     CS   78.422   302.3   1.02   1.02   1.74   0     —     —  —
   101     CS   78.693   278.1   1.29   1.29   2.01   0     —     —  —
   102     CS   78.943   252.4   1.54   1.54   2.26   0     —     —  —
   103     CS   79.221   233.7   1.82   1.82   2.54   0     —     —  —
   104     CS   79.422   210.2   2.02   2.02   2.74   0     —     —  —
   105     CS   79.628   187.3   2.22   2.22   2.95   0     —     —  —
   106     CS   79.890   162.1   2.49   2.49   3.21   0     —     —  —
   107     CS   80.162   137.7   2.76   2.76   3.48   0     —     —  —
[25/33] RmediumCmanyTmedium_16       labelled   27 states in  45.3 min
  ScenarioTracker saved: /mnt/beegfs/users/celinep/ChargeAndBreak/ML/logs/RshortCmanyTnone_9_DAGGER1_S1_H24_20260822_073802_scenarios.json

  === SIMULATION TRAJECTORY ===
  stop   type    t_arr     soc     cd     sd     sw   y   brk   rst  action
  ───────────────────────────────────────────────────────────────────────────────────────────────
     0   ORIG    8.000   500.0   0.00   0.00   0.00   0     —     —  —
     1     CS    8.250   475.4   0.25   0.25   0.25   0     —     —  —
     2     CS    8.505   451.2   0.50   0.50   0.50   0     —     —  —
     3     CS    8.772   427.7   0.77   0.77   0.77   0     —     —  —
     4     CS    9.033   399.6   1.03   1.03   1.03   0     —     —  —
     5     CS    9.297   371.6   1.30   1.30   1.30   0     —     —  —
     6     CS    9.532   348.1   1.53   1.53   1.53   0     —     —  —
     7     CS    9.896   329.6   1.90   1.90   1.90   0     —     —  —
     8     CS   10.119   305.0   2.12   2.12   2.12   0     —     —  —
     9     CS   10.375   277.2   2.38   2.38   2.38   0     —     —  —
    10     CS   10.632   249.4   2.63   2.63   2.63   0     —     —  —
    11     CS   10.885   221.4   2.89   2.89   2.89   1   b45     —  CHARGE, BRK-B45
    12     CS   12.430   455.4   0.26   3.15   3.49   0     —     —  —
    13     CS   12.698   424.9   0.53   3.42   3.76   0     —     —  —
    14     CS   12.980   395.6   0.81   3.70   4.04   0     —     —  —
    15     CS   13.282   367.9   1.11   4.00   4.34   0     —     —  —
    16     CS   13.561   335.4   1.39   4.28   4.62   0     —     —  —
    17   CUST   13.865   305.1   1.70   4.58   4.92   0     —     —  —
    18   CUST   14.386   303.4   1.72   4.60   5.44   0     —     —  —
    19     CS   15.120   276.3   1.95   4.84   6.18   0     —     —  —
    20     CS   15.359   249.6   2.19   5.08   6.42   0     —     —  —
    21     CS   15.553   228.3   2.39   5.27   6.61   0     —     —  —
    22     CS   15.787   201.7   2.62   5.51   6.84   0     —     —  —
    23     CS   16.060   177.9   2.89   5.78   7.12   0     —     —  —
    24     CS   16.295   151.3   3.13   6.01   7.35   1   b45     —  CHARGE, BRK-B45
    25     CS   17.677   357.9   0.27   6.29   7.98   0     —     —  —
    26     CS   17.978   339.4   0.57   6.59   8.29   0     —     —  —
    27     CS   18.188   316.0   0.78   6.80   8.50   0     —     —  —
    28     CS   18.441   287.9   1.04   7.05   8.75   0     —     —  —
    29     CS   18.704   260.7   1.30   7.31   9.01   0     —     —  —
    30   CUST   18.989   235.0   1.59   7.60   9.30   0     —    r2  REST-R2
    31   CUST   28.666   216.9   0.18   0.18   0.18   0     —     —  —
    32   CUST   29.265   206.9   0.28   0.28   0.78   0     —     —  —
    33     CS   30.113   170.1   0.62   0.62   1.62   1   b45     —  CHARGE, BRK-B45
    34   CUST   31.273   369.3   0.05   0.67   2.03   0     —     —  —
    35   CUST   32.219   325.8   0.50   1.12   2.98   0     —     —  —
    36     CS   32.869   308.8   0.65   1.27   3.63   0     —     —  —
    37     CS   32.951   300.9   0.73   1.35   3.71   0     —     —  —
    38     CS   33.214   271.3   0.99   1.61   3.97   0     —     —  —
    39     CS   33.545   246.2   1.32   1.95   4.31   0     —     —  —
    40     CS   33.923   222.8   1.70   2.32   4.68   0     —     —  —
    41     CS   34.204   189.3   1.98   2.60   4.96   0     —     —  —
    42     CS   34.498   157.1   2.28   2.90   5.26   1   b45     —  CHARGE, BRK-B45
    43     CS   35.900   388.5   0.21   3.11   5.91   0     —     —  —
    44     CS   36.096   365.4   0.40   3.30   6.11   0     —     —  —
    45   CUST   36.298   342.9   0.61   3.51   6.31   0     —     —  —
    46   CUST   37.231   298.4   1.04   3.94   7.24   0     —     —  —
    47   CUST   37.927   282.5   1.23   4.13   7.94   0     —     —  —
    48     CS   38.509   273.4   1.32   4.22   8.52   0     —     —  —
    49   CUST   38.605   264.4   1.41   4.31   8.62   0     —     —  —
    50     CS   39.330   238.8   1.64   4.54   9.34   0     —     —  —
    51     CS   39.595   210.6   1.90   4.80   9.61   0     —     —  —
    52     CS   39.856   182.0   2.16   5.06   9.87   0     —     —  —
    53     CS   40.122   153.9   2.43   5.33  10.13   1   b45     —  CHARGE, BRK-B45
    54     CS   41.385   317.4   0.23   5.56  10.65   0     —     —  —
    55     CS   41.633   294.1   0.48   5.80  10.89   0     —     —  —
    56     CS   41.865   269.6   0.71   6.04  11.13   0     —     —  —
    57     CS   42.128   240.4   0.97   6.30  11.39   0     —     —  —
    58     CS   42.389   211.0   1.23   6.56  11.65   0     —     —  —
    59     CS   42.627   187.2   1.47   6.80  11.89   0     —     —  —
    60     CS   42.872   163.8   1.71   7.04  12.13   0     —     —  —
    61     CS   43.097   138.9   1.94   7.27  12.36   0     —     —  —
[26/33] RshortCmanyTnone_9           labelled   18 states in  19.8 min
  ScenarioTracker saved: /mnt/beegfs/users/celinep/ChargeAndBreak/ML/logs/RlongCmediumTtight_16_DAGGER1_S1_H24_20260822_075752_scenarios.json

  === SIMULATION TRAJECTORY ===
  stop   type    t_arr     soc     cd     sd     sw   y   brk   rst  action
  ───────────────────────────────────────────────────────────────────────────────────────────────
     0   ORIG    8.000   500.0   0.00   0.00   0.00   0     —     —  —
     1     CS    8.232   473.9   0.23   0.23   0.23   0     —     —  —
     2     CS    8.467   448.1   0.47   0.47   0.47   0     —     —  —
     3     CS    8.735   424.7   0.73   0.73   0.73   0     —     —  —
     4     CS    8.995   396.4   0.99   0.99   0.99   0     —     —  —
     5     CS    9.254   368.1   1.25   1.25   1.25   0     —     —  —
     6     CS    9.694   347.0   1.69   1.69   1.69   0     —     —  —
     7     CS    9.960   321.5   1.96   1.96   1.96   0     —     —  —
     8     CS   10.221   295.5   2.22   2.22   2.22   0     —     —  —
     9     CS   10.463   268.0   2.46   2.46   2.46   0     —     —  —
    10     CS   10.659   244.9   2.66   2.66   2.66   0     —     —  —
    11     CS   10.890   224.6   2.89   2.89   2.89   0     —     —  —
    12     CS   11.103   203.0   3.10   3.10   3.10   0     —     —  —
    13     CS   11.372   171.9   3.37   3.37   3.37   0     —     —  —
    14     CS   11.706   145.4   3.71   3.71   3.71   1   b45     —  CHARGE, BRK-B45
    15     CS   13.169   407.0   0.24   3.95   4.29   0     —     —  —
    16     CS   13.403   382.9   0.47   4.18   4.52   0     —     —  —
    17     CS   13.788   364.4   0.86   4.57   4.91   0     —     —  —
    18     CS   14.005   338.6   1.08   4.78   5.12   0     —     —  —
    19     CS   14.198   316.1   1.27   4.98   5.32   0     —     —  —
    20     CS   14.394   293.8   1.47   5.17   5.51   0     —     —  —
    21     CS   14.603   272.6   1.67   5.38   5.72   0     —     —  —
    22     CS   14.887   251.0   1.96   5.66   6.01   0     —     —  —
    23     CS   15.110   225.3   2.18   5.89   6.23   0     —     —  —
    24     CS   15.343   200.4   2.41   6.12   6.46   0     —     —  —
    25     CS   15.581   176.0   2.65   6.36   6.70   1   b45     —  CHARGE, BRK-B45
    26     CS   16.920   379.7   0.31   6.67   7.29   0     —     —  —
    27     CS   17.240   349.5   0.63   6.99   7.61   0     —     —  —
    28     CS   17.491   322.0   0.88   7.24   7.86   0     —     —  —
    29     CS   17.734   293.7   1.12   7.48   8.10   0     —     —  —
    30     CS   17.983   266.1   1.37   7.73   8.35   0     —     —  —
    31     CS   18.318   249.7   1.70   8.06   8.69   0     —     —  —
    32     CS   18.550   230.1   1.94   8.30   8.92   0     —     —  —
    33     CS   18.745   207.7   2.13   8.49   9.11   0     —     —  —
    34     CS   19.057   177.7   2.44   8.80   9.43   0     —     —  —
    35     CS   19.403   149.7   2.79   9.15   9.77   0     —     —  —
    36     CS   19.720   119.9   3.11   9.47  10.09   1     —    r2  CHARGE, REST-R2
    37     CS   30.355   372.1   0.48   0.48   0.48   0     —     —  —
    38     CS   30.635   340.9   0.76   0.76   0.76   0     —     —  —
    39     CS   30.969   313.6   1.10   1.10   1.10   0     —     —  —
    40     CS   31.279   284.8   1.41   1.41   1.41   0     —     —  —
    41     CS   31.508   259.6   1.64   1.64   1.64   0     —     —  —
    42     CS   31.738   234.5   1.87   1.87   1.87   0     —     —  —
    43     CS   31.957   208.3   2.09   2.09   2.09   0     —     —  —
    44     CS   32.221   185.7   2.35   2.35   2.35   1   b45     —  CHARGE, BRK-B45
    45     CS   33.464   401.4   0.28   2.63   2.84   0     —     —  —
    46   CUST   33.735   375.2   0.55   2.90   3.11   0     —     —  —
    47     CS   34.438   352.4   0.75   3.10   3.82   0     —     —  —
    48     CS   34.639   329.4   0.95   3.30   4.02   0     —     —  —
    49     CS   34.845   306.8   1.16   3.51   4.22   0     —     —  —
    50     CS   35.118   278.5   1.43   3.78   4.50   0     —     —  —
    51     CS   35.348   258.1   1.66   4.01   4.73   0     —     —  —
    52     CS   35.558   236.2   1.87   4.22   4.94   0     —     —  —
    53   CUST   35.905   219.6   2.22   4.57   5.28   0     —     —  —
    54     CS   36.470   212.6   2.28   4.63   5.85   0     —     —  —
    55     CS   36.675   190.7   2.49   4.84   6.05   0     —     —  —
    56     CS   36.867   167.6   2.68   5.03   6.25   0     —     —  —
    57     CS   37.073   145.8   2.89   5.24   6.45   1   b45     —  CHARGE, BRK-B45
    58     CS   38.349   381.6   0.27   5.51   6.95   0     —     —  —
    59     CS   38.631   354.4   0.55   5.79   7.23   0     —     —  —
    60     CS   38.890   325.2   0.81   6.05   7.49   0     —     —  —
    61     CS   39.317   276.8   1.24   6.47   7.92   0     —     —  —
    62     CS   39.535   251.7   1.45   6.69   8.14   0     —     —  —
    63     CS   39.770   228.2   1.69   6.93   8.37   0     —     —  —
    64     CS   40.150   210.0   2.07   7.31   8.75   1   b45     —  CHARGE, BRK-B45
    65     CS   41.369   388.6   0.26   7.57   9.22   0     —     —  —
    66     CS   41.627   358.4   0.52   7.82   9.48   0     —     —  —
    67     CS   41.948   332.7   0.84   8.15   9.80   0     —     —  —
    68     CS   42.215   303.3   1.11   8.41  10.07   0     —     —  —
    69     CS   42.519   274.1   1.41   8.72  10.37   0     —     —  —
    70     CS   42.829   245.3   1.72   9.03  10.68   0     —     —  —
    71     CS   43.122   219.5   2.01   9.32  10.98   0     —     —  —
    72     CS   43.391   191.9   2.28   9.59  11.24   1     —    r2  CHARGE, REST-R2
    73     CS   53.572   381.2   0.26   0.26   0.26   0     —     —  —
    74     CS   53.827   354.8   0.52   0.52   0.52   0     —     —  —
    75     CS   54.083   328.4   0.77   0.77   0.77   0     —     —  —
    76     CS   54.384   304.9   1.07   1.07   1.07   0     —     —  —
    77     CS   54.683   277.5   1.37   1.37   1.37   0     —     —  —
    78     CS   54.949   247.3   1.64   1.64   1.64   0     —     —  —
    79     CS   55.170   221.4   1.86   1.86   1.86   0     —     —  —
    80     CS   55.391   195.4   2.08   2.08   2.08   0     —     —  —
    81     CS   55.635   171.5   2.32   2.32   2.32   0     —     —  —
    82     CS   55.856   145.6   2.54   2.54   2.54   1   b45     —  CHARGE, BRK-B45
    83     CS   57.547   388.1   0.46   3.00   3.32   0     —     —  —
    84     CS   57.840   355.7   0.75   3.30   3.61   0     —     —  —
    85     CS   58.123   322.4   1.03   3.58   3.89   0     —     —  —
    86     CS   58.384   294.8   1.30   3.84   4.15   0     —     —  —
    87     CS   58.635   266.4   1.55   4.09   4.40   0     —     —  —
    88     CS   58.891   238.3   1.80   4.35   4.66   0     —     —  —
    89     CS   59.173   212.3   2.08   4.63   4.94   1   b45     —  CHARGE, BRK-B45
    90     CS   60.403   414.8   0.26   4.89   5.42   0     —     —  —
    91     CS   60.663   388.8   0.52   5.15   5.68   0     —     —  —
    92   CUST   60.930   363.3   0.78   5.41   5.95   0     —     —  —
    93     CS   61.868   319.3   1.22   5.85   6.89   0     —     —  —
    94     CS   62.014   303.0   1.37   6.00   7.03   0     —     —  —
    95     CS   62.233   279.0   1.59   6.22   7.25   0     —     —  —
    96     CS   62.456   255.1   1.81   6.44   7.48   0     —     —  —
    97     CS   62.699   232.9   2.05   6.68   7.72   0     —     —  —
    98     CS   63.147   179.1   2.50   7.13   8.17   1   b45     —  CHARGE, BRK-B45
    99     CS   64.657   377.9   0.25   7.38   8.93   0     —     —  —
   100     CS   64.937   353.8   0.53   7.66   9.21   0     —     —  —
   101     CS   65.178   326.7   0.77   7.90   9.45   0     —     —  —
   102     CS   65.413   299.1   1.01   8.14   9.68   0     —     —  —
   103     CS   65.653   277.3   1.25   8.38   9.92   0     —     —  —
   104     CS   65.897   255.7   1.49   8.62  10.17   0     —     —  —
   105     CS   66.103   231.2   1.70   8.83  10.37   0     —    r2  REST-R2
   106     CS   75.586   202.1   0.32   0.32   0.32   0     —     —  —
   107     CS   75.906   173.3   0.64   0.64   0.64   0     —     —  —
   108     CS   76.185   141.2   0.92   0.92   0.92   1   b45     —  CHARGE, BRK-B45
   109     CS   77.629   383.5   0.40   1.31   1.51   0     —     —  —
   110     CS   77.884   356.0   0.65   1.57   1.77   0     —     —  —
   111     CS   78.131   327.7   0.90   1.81   2.02   0     —     —  —
   112     CS   78.401   301.4   1.17   2.08   2.29   0     —     —  —
   113     CS   78.688   276.2   1.45   2.37   2.57   0     —     —  —
   114     CS   78.936   246.7   1.70   2.62   2.82   0     —     —  —
   115     CS   79.195   218.4   1.96   2.88   3.08   0     —     —  —
   116     CS   79.473   191.6   2.24   3.16   3.36   1   b45     —  CHARGE, BRK-B45
   117     CS   80.781   391.1   0.30   3.45   3.92   0     —     —  —
   118     CS   81.084   360.7   0.60   3.76   4.22   0     —     —  —
   119   CUST   81.572   317.0   1.09   4.24   4.71   0     —     —  —
   120     CS   82.351   286.8   1.37   4.52   5.49   0     —     —  —
   121     CS   82.640   257.6   1.66   4.81   5.78   0     —     —  —
   122     CS   83.008   232.6   2.03   5.18   6.14   0     —     —  —
   123     CS   83.160   220.9   2.18   5.33   6.30   0     —     —  —
   124     CS   83.439   189.7   2.46   5.61   6.58   0     —     —  —
   125     CS   83.723   158.8   2.74   5.89   6.86   0     —     —  —
   126   CUST   84.024   129.4   3.04   6.20   7.16   0     —     —  —
   127     CS   84.721   110.6   3.24   6.39   7.86   1   b45     —  CHARGE, BRK-B45
   128     CS   86.332   378.8   0.35   6.74   8.56   0     —     —  —
   129     CS   86.616   346.9   0.63   7.03   8.84   0     —     —  —
   130     CS   86.908   315.6   0.92   7.32   9.13   0     —     —  —
   131     CS   87.194   282.7   1.21   7.60   9.42   0     —     —  —
   132     CS   87.501   251.5   1.52   7.91   9.73   0     —     —  —
   133     CS   87.781   217.9   1.80   8.19  10.01   0     —     —  —
   134     CS   88.248   166.0   2.26   8.66  10.47   1     —    r1  CHARGE, REST-R1
   135     CS  100.402   350.5   0.34   0.34   0.34   0     —     —  —
   136     CS  100.680   319.9   0.62   0.62   0.62   0     —     —  —
   137     CS  100.982   291.3   0.92   0.92   0.92   0     —     —  —
   138     CS  101.269   258.3   1.20   1.20   1.20   0     —     —  —
   139     CS  101.613   229.7   1.55   1.55   1.55   0     —     —  —
   140     CS  101.957   200.9   1.89   1.89   1.89   0     —     —  —
   141     CS  102.263   173.9   2.20   2.20   2.20   0     —     —  —
   142     CS  102.524   143.3   2.46   2.46   2.46   0     —     —  —
   143     CS  102.817   115.5   2.75   2.75   2.75   1   b45     —  CHARGE, BRK-B45
   144     CS  104.365   402.9   0.28   3.04   3.32   0     —     —  —
   145     CS  104.726   380.4   0.64   3.40   3.68   0     —     —  —
   146     CS  104.970   351.2   0.89   3.64   3.92   0     —     —  —
   147     CS  105.226   323.1   1.14   3.90   4.18   0     —     —  —
   148     CS  105.473   294.3   1.39   4.14   4.43   0     —     —  —
   149     CS  105.721   271.0   1.64   4.39   4.68   0     —     —  —
   150     CS  105.955   246.6   1.87   4.63   4.91   0     —     —  —
   151     CS  106.206   223.5   2.12   4.88   5.16   0     —     —  —
   152     CS  106.414   199.9   2.33   5.08   5.37   0     —     —  —
   153     CS  106.625   176.6   2.54   5.30   5.58   0     —     —  —
   154     CS  106.837   153.5   2.75   5.51   5.79   1   b45     —  CHARGE, BRK-B45
   155     CS  108.007   359.9   0.22   5.72   6.21   0     —     —  —
   156     CS  108.238   338.8   0.45   5.95   6.44   0     —     —  —
   157     CS  108.445   316.0   0.65   6.16   6.65   0     —     —  —
   158     CS  108.689   289.4   0.90   6.41   6.89   0     —     —  —
   159     CS  108.929   262.5   1.14   6.65   7.13   0     —     —  —
   160     CS  109.224   239.3   1.43   6.94   7.43   0     —     —  —
   161     CS  109.487   209.0   1.70   7.20   7.69   0     —     —  —
   162     CS  109.745   178.1   1.96   7.46   7.95   0     —     —  —
[27/33] RlongCmediumTtight_16        labelled   64 states in 119.2 min
  ScenarioTracker saved: /mnt/beegfs/users/celinep/ChargeAndBreak/ML/logs/RshortCmanyTlarge_9_DAGGER1_S1_H24_20260822_095704_scenarios.json

  === SIMULATION TRAJECTORY ===
  stop   type    t_arr     soc     cd     sd     sw   y   brk   rst  action
  ───────────────────────────────────────────────────────────────────────────────────────────────
     0   ORIG    8.000   500.0   0.00   0.00   0.00   0     —     —  —
     1     CS    8.228   473.5   0.23   0.23   0.23   0     —     —  —
     2     CS    8.453   446.7   0.45   0.45   0.45   0     —     —  —
     3     CS    8.699   421.8   0.70   0.70   0.70   0     —     —  —
     4     CS    9.014   393.4   1.01   1.01   1.01   0     —     —  —
     5     CS    9.307   363.3   1.31   1.31   1.31   0     —     —  —
     6     CS    9.600   333.3   1.60   1.60   1.60   0     —     —  —
     7   CUST   10.010   292.5   2.01   2.01   2.01   0     —     —  —
     8     CS   10.785   268.6   2.29   2.29   2.79   0     —     —  —
     9     CS   11.033   242.7   2.53   2.53   3.03   0     —     —  —
    10   CUST   11.269   215.8   2.77   2.77   3.27   0     —     —  —
    11     CS   11.795   213.4   2.80   2.80   3.80   0     —     —  —
    12     CS   12.125   176.2   3.12   3.12   4.12   1   b45     —  CHARGE, BRK-B45
    13   CUST   13.533   367.2   0.43   3.55   4.78   0     —     —  —
    14     CS   14.248   344.6   0.64   3.77   5.50   0     —     —  —
    15     CS   14.454   321.3   0.85   3.97   5.70   0     —     —  —
    16     CS   14.667   298.6   1.06   4.19   5.92   0     —     —  —
    17   CUST   14.864   281.8   1.26   4.38   6.11   0     —     —  —
    18     CS   15.552   260.0   1.45   4.57   6.80   0     —     —  —
    19     CS   15.806   233.1   1.70   4.82   7.06   0     —     —  —
    20     CS   16.047   205.1   1.94   5.07   7.30   0     —     —  —
    21     CS   16.333   180.5   2.23   5.35   7.58   0     —     —  —
    22     CS   16.781   144.1   2.67   5.80   8.03   1   b45     —  CHARGE, BRK-B45
    23     CS   18.244   428.2   0.24   6.04   8.49   0     —     —  —
    24     CS   18.490   401.7   0.49   6.29   8.73   0     —     —  —
    25     CS   18.724   373.9   0.72   6.52   8.97   0     —     —  —
    26     CS   19.020   350.6   1.02   6.82   9.26   0     —     —  —
    27     CS   19.252   323.7   1.25   7.05   9.50   0     —     —  —
    28     CS   19.495   297.9   1.50   7.30   9.74   0     —     —  —
    29     CS   19.729   271.1   1.73   7.53   9.97   0     —     —  —
    30   CUST   20.063   233.1   2.06   7.86  10.31   0     —    r2  REST-R2
    31     CS   29.784   213.1   0.22   0.22   0.22   0     —     —  —
    32     CS   29.981   191.3   0.42   0.42   0.42   0     —     —  —
    33   CUST   30.179   169.6   0.62   0.62   0.62   0     —     —  —
    34   CUST   30.716   165.9   0.65   0.65   1.15   0     —     —  —
    35   CUST   31.563   126.6   1.00   1.00   2.00   0     —     —  —
    36     CS   32.111   123.5   1.05   1.05   2.55   0     —     —  —
    37     CS   32.142   120.4   1.08   1.08   2.58   1     —     —  CHARGE
    38     CS   32.973   206.4   1.30   1.30   3.41   0     —     —  —
    39     CS   33.223   183.9   1.55   1.55   3.66   0     —     —  —
    40     CS   33.446   159.3   1.77   1.77   3.88   1     —     —  CHARGE
    41     CS   34.313   221.6   2.04   2.04   4.75   0     —     —  —
    42     CS   34.606   192.3   2.33   2.33   5.04   0     —     —  —
[28/33] RshortCmanyTlarge_9          labelled   15 states in  10.2 min
  ScenarioTracker saved: /mnt/beegfs/users/celinep/ChargeAndBreak/ML/logs/RmediumCmediumTlarge_14_DAGGER1_S1_H24_20260822_100714_scenarios.json

  === SIMULATION TRAJECTORY ===
  stop   type    t_arr     soc     cd     sd     sw   y   brk   rst  action
  ───────────────────────────────────────────────────────────────────────────────────────────────
     0   ORIG    8.000   500.0   0.00   0.00   0.00   0     —     —  —
     1     CS    8.228   473.5   0.23   0.23   0.23   0     —     —  —
     2     CS    8.471   448.4   0.47   0.47   0.47   0     —     —  —
     3     CS    8.744   425.3   0.74   0.74   0.74   0     —     —  —
     4     CS    9.043   396.8   1.04   1.04   1.04   0     —     —  —
     5     CS    9.456   373.1   1.46   1.46   1.46   0     —     —  —
     6     CS    9.714   349.7   1.71   1.71   1.71   0     —     —  —
     7     CS    9.946   324.1   1.95   1.95   1.95   0     —     —  —
     8     CS   10.172   298.1   2.17   2.17   2.17   0     —     —  —
     9     CS   10.412   273.2   2.41   2.41   2.41   0     —     —  —
    10     CS   10.806   226.4   2.81   2.81   2.81   0     —     —  —
    11     CS   11.072   195.2   3.07   3.07   3.07   0     —     —  —
    12     CS   11.363   166.0   3.36   3.36   3.36   0     —     —  —
    13     CS   11.750   141.6   3.75   3.75   3.75   0     —     —  —
    14     CS   12.014   110.1   4.01   4.01   4.01   1   b45     —  CHARGE, BRK-B45
    15     CS   13.525   363.9   0.39   4.40   4.66   0     —     —  —
    16     CS   13.811   341.9   0.67   4.69   4.95   0     —     —  —
    17     CS   14.036   315.7   0.90   4.91   5.18   0     —     —  —
    18     CS   14.272   290.6   1.13   5.15   5.41   0     —     —  —
    19   CUST   14.524   266.7   1.39   5.40   5.66   0     —     —  —
    20     CS   15.233   242.0   1.60   5.61   6.37   0     —     —  —
    21     CS   15.728   203.4   2.09   6.10   6.87   0     —     —  —
    22     CS   15.965   177.0   2.33   6.34   7.10   0     —     —  —
    23     CS   16.372   157.5   2.73   6.75   7.51   0     —     —  —
    24     CS   16.620   132.0   2.98   7.00   7.76   1   b45     —  CHARGE, BRK-B45
    25     CS   17.957   379.6   0.23   7.23   8.30   0     —     —  —
    26     CS   18.232   355.7   0.51   7.51   8.57   0     —     —  —
    27     CS   18.490   325.6   0.77   7.76   8.83   0     —     —  —
    28     CS   18.768   297.4   1.05   8.04   9.11   0     —     —  —
    29     CS   19.045   269.0   1.32   8.32   9.38   0     —     —  —
    30     CS   19.275   243.3   1.55   8.55   9.62   0     —     —  —
    31     CS   19.498   217.0   1.78   8.77   9.84   0     —     —  —
    32     CS   19.893   198.0   2.17   9.17  10.23   0     —     —  —
    33     CS   20.166   175.4   2.44   9.44  10.51   1     —    r2  CHARGE, REST-R2
    34     CS   30.247   356.4   0.29   0.29   0.29   0     —     —  —
    35     CS   30.457   333.0   0.50   0.50   0.50   0     —     —  —
    36     CS   30.667   309.7   0.71   0.71   0.71   0     —     —  —
    37     CS   30.910   281.4   0.95   0.95   0.95   0     —     —  —
    38     CS   31.217   257.6   1.26   1.26   1.26   0     —     —  —
    39   CUST   31.457   228.9   1.50   1.50   1.50   0     —     —  —
    40     CS   32.216   197.6   1.76   1.76   2.26   0     —     —  —
    41     CS   32.479   166.6   2.02   2.02   2.52   1     —     —  CHARGE
    42   CUST   33.313   294.9   2.06   2.06   3.36   0     —     —  —
    43     CS   34.096   264.6   2.34   2.34   4.14   0     —     —  —
    44     CS   34.372   233.6   2.61   2.61   4.42   0     —     —  —
    45   CUST   34.411   228.9   2.65   2.65   4.46   0     —     —  —
    46     CS   35.130   205.1   2.87   2.87   5.17   0     —     —  —
    47     CS   35.324   183.1   3.07   3.07   5.37   0     —     —  —
    48     CS   35.574   164.6   3.32   3.32   5.62   0     —     —  —
    49     CS   35.763   142.1   3.50   3.50   5.81   1   b45     —  CHARGE, BRK-B45
    50     CS   37.199   391.2   0.26   3.77   6.42   0     —     —  —
    51     CS   37.537   368.6   0.60   4.10   6.76   0     —     —  —
    52     CS   37.781   340.4   0.84   4.35   7.00   0     —     —  —
    53     CS   38.041   311.3   1.10   4.61   7.26   0     —     —  —
    54     CS   38.367   286.6   1.43   4.93   7.59   0     —     —  —
    55     CS   38.635   258.3   1.70   5.20   7.85   0     —     —  —
    56     CS   38.882   228.8   1.94   5.45   8.10   0     —     —  —
    57     CS   39.205   204.5   2.27   5.77   8.42   0     —     —  —
    58     CS   39.455   175.3   2.52   6.02   8.67   0     —     —  —
    59     CS   40.015   131.7   3.08   6.58   9.23   1   b45     —  CHARGE, BRK-B45
    60     CS   41.322   383.8   0.27   6.85   9.73   0     —     —  —
    61     CS   41.649   362.1   0.60   7.18  10.06   0     —     —  —
    62     CS   41.879   334.7   0.83   7.41  10.29   0     —     —  —
    63     CS   42.129   309.0   1.08   7.66  10.54   0     —     —  —
    64     CS   42.492   282.1   1.44   8.02  10.90   0     —     —  —
    65   CUST   42.768   249.4   1.71   8.30  11.18   0     —    r2  REST-R2
    66     CS   52.329   244.1   0.06   0.06   0.06   0     —     —  —
    67     CS   52.585   216.7   0.32   0.32   0.32   0     —     —  —
    68     CS   52.914   193.5   0.65   0.65   0.65   0     —     —  —
    69     CS   53.195   167.9   0.93   0.93   0.93   1   b45     —  CHARGE, BRK-B45
    70     CS   54.606   360.2   0.25   1.18   1.59   0     —     —  —
    71     CS   54.833   338.1   0.47   1.40   1.81   0     —     —  —
    72     CS   55.059   316.1   0.70   1.63   2.04   0     —     —  —
    73     CS   55.317   292.8   0.96   1.89   2.30   0     —     —  —
    74     CS   55.544   267.0   1.19   2.11   2.53   0     —     —  —
    75     CS   55.778   241.9   1.42   2.35   2.76   0     —     —  —
    76     CS   55.993   217.4   1.63   2.56   2.97   0     —     —  —
    77     CS   56.227   194.5   1.87   2.80   3.21   0     —     —  —
    78     CS   56.448   170.5   2.09   3.02   3.43   1     —     —  CHARGE
    79     CS   57.356   304.4   2.29   3.21   4.34   0     —     —  —
    80     CS   57.549   281.8   2.48   3.41   4.53   0     —     —  —
    81     CS   57.795   262.9   2.72   3.65   4.78   0     —     —  —
    82     CS   58.036   237.6   2.97   3.89   5.02   0     —     —  —
    83     CS   58.326   215.4   3.26   4.18   5.31   0     —     —  —
    84     CS   58.625   193.5   3.55   4.48   5.61   0     —     —  —
[29/33] RmediumCmediumTlarge_14      labelled   27 states in  32.8 min
    [warn] teacher query failed @38: Solver (gurobi) did not exit normally
  ScenarioTracker saved: /mnt/beegfs/users/celinep/ChargeAndBreak/ML/logs/RshortCmanyTmedium_15_DAGGER1_S1_H24_20260822_104003_scenarios.json

  === SIMULATION TRAJECTORY ===
  stop   type    t_arr     soc     cd     sd     sw   y   brk   rst  action
  ───────────────────────────────────────────────────────────────────────────────────────────────
     0   ORIG    8.000   500.0   0.00   0.00   0.00   0     —     —  —
     1     CS    8.298   478.1   0.30   0.30   0.30   0     —     —  —
     2     CS    8.546   453.4   0.55   0.55   0.55   0     —     —  —
     3     CS    8.846   431.6   0.85   0.85   0.85   0     —     —  —
     4     CS    9.163   408.3   1.16   1.16   1.16   0     —     —  —
     5     CS    9.402   379.6   1.40   1.40   1.40   0     —     —  —
     6     CS    9.649   351.7   1.65   1.65   1.65   0     —     —  —
     7     CS   10.258   308.5   2.26   2.26   2.26   0     —     —  —
     8     CS   10.511   279.6   2.51   2.51   2.51   0     —     —  —
     9     CS   10.769   251.1   2.77   2.77   2.77   0     —     —  —
    10     CS   11.029   222.9   3.03   3.03   3.03   0     —     —  —
    11     CS   11.282   194.0   3.28   3.28   3.28   1   b45     —  CHARGE, BRK-B45
    12     CS   12.801   353.0   0.25   3.54   4.05   0     —     —  —
    13   CUST   13.046   324.5   0.50   3.78   4.30   0     —     —  —
    14   CUST   13.619   315.8   0.57   3.85   4.87   0     —     —  —
    15   CUST   14.227   304.4   0.68   3.96   5.48   0     —     —  —
    16     CS   15.061   280.6   1.01   4.30   6.31   0     —     —  —
    17   CUST   15.299   264.0   1.25   4.53   6.55   0     —     —  —
    18   CUST   15.873   255.3   1.33   4.61   7.12   0     —     —  —
    19     CS   16.753   224.7   1.71   4.99   8.00   0     —     —  —
    20     CS   16.997   195.5   1.95   5.23   8.25   0     —     —  —
    21     CS   17.243   166.6   2.20   5.48   8.49   0     —     —  —
    22     CS   17.492   139.7   2.45   5.73   8.74   0     —     —  —
    23     CS   17.734   112.2   2.69   5.97   8.98   1   b45     —  CHARGE, BRK-B45
    24     CS   19.004   362.3   0.25   6.22   9.46   0     —     —  —
    25     CS   19.275   335.7   0.52   6.49   9.73   0     —     —  —
    26     CS   19.527   307.4   0.77   6.74   9.98   0     —     —  —
    27     CS   19.726   284.6   0.97   6.94  10.18   0     —     —  —
    28     CS   19.942   263.3   1.19   7.16  10.40   0     —     —  —
    29   CUST   20.199   244.3   1.44   7.41  10.65   0     —     —  —
    30   CUST   20.836   231.7   1.58   7.55  11.29   0     —    r2  REST-R2
    31   CUST   30.599   206.0   0.26   0.26   0.26   0     —     —  —
    32   CUST   31.375   176.8   0.54   0.54   1.04   0     —     —  —
    33     CS   31.923   171.7   0.59   0.59   1.59   0     —     —  —
    34   CUST   32.030   159.0   0.69   0.69   1.69   0     —     —  —
    35     CS   32.714   139.2   0.88   0.88   2.38   1   b45     —  CHARGE, BRK-B45
    36     CS   33.971   378.2   0.27   1.15   2.87   0     —     —  —
    37     CS   34.277   355.2   0.57   1.45   3.18   0     —     —  —
    38     CS   34.516   327.7   0.81   1.69   3.42   0     —     —  —
    39     CS   34.762   300.5   1.06   1.94   3.66   0     —     —  —
    40     CS   35.009   273.4   1.30   2.18   3.91   0     —     —  —
    41   CUST   35.261   246.8   1.56   2.43   4.16   0     —     —  —
    42     CS   36.161   201.8   1.96   2.83   5.06   0     —     —  —
    43     CS   36.407   173.4   2.20   3.08   5.31   1   b45     —  CHARGE, BRK-B45
    44     CS   37.611   385.8   0.22   3.30   5.76   0     —     —  —
    45     CS   37.834   361.2   0.44   3.53   5.99   0     —     —  —
    46   CUST   38.114   340.4   0.73   3.81   6.27   0     —     —  —
    47   CUST   38.739   331.0   0.85   3.93   6.89   0     —     —  —
    48     CS   39.262   328.3   0.87   3.95   7.41   0     —     —  —
    49     CS   39.529   297.8   1.14   4.22   7.68   0     —     —  —
    50     CS   39.795   267.1   1.41   4.49   7.95   0     —     —  —
    51     CS   40.258   214.8   1.87   4.95   8.41   0     —     —  —
    52     CS   40.548   183.8   2.16   5.24   8.70   0     —     —  —
    53     CS   40.865   154.7   2.48   5.56   9.02   0     —     —  —
    54     CS   41.157   123.9   2.77   5.85   9.31   1     —     —  CHARGE
    55     CS   42.041   224.9   3.06   6.14  10.19   0     —     —  —
    56     CS   42.327   198.6   3.35   6.43  10.48   0     —     —  —
[30/33] RshortCmanyTmedium_15        labelled   22 states in  22.5 min
  ScenarioTracker saved: /mnt/beegfs/users/celinep/ChargeAndBreak/ML/logs/RshortCmediumTlarge_11_DAGGER1_S1_H24_20260822_110233_scenarios.json

  === SIMULATION TRAJECTORY ===
  stop   type    t_arr     soc     cd     sd     sw   y   brk   rst  action
  ───────────────────────────────────────────────────────────────────────────────────────────────
     0   ORIG    8.000   500.0   0.00   0.00   0.00   0     —     —  —
     1     CS    8.232   473.9   0.23   0.23   0.23   0     —     —  —
     2     CS    8.632   454.7   0.63   0.63   0.63   0     —     —  —
     3     CS    8.887   430.5   0.89   0.89   0.89   0     —     —  —
     4     CS    9.144   403.5   1.14   1.14   1.14   0     —     —  —
     5     CS    9.386   375.1   1.39   1.39   1.39   0     —     —  —
     6     CS    9.637   347.6   1.64   1.64   1.64   0     —     —  —
     7     CS   10.093   299.4   2.09   2.09   2.09   0     —     —  —
     8     CS   10.519   276.7   2.52   2.52   2.52   0     —     —  —
     9     CS   10.791   247.2   2.79   2.79   2.79   0     —     —  —
    10     CS   11.091   219.8   3.09   3.09   3.09   0     —     —  —
    11     CS   11.386   192.0   3.39   3.39   3.39   0     —     —  —
    12   CUST   11.864   155.4   3.86   3.86   3.86   0     —     —  —
    13   CUST   12.639   136.8   4.14   4.14   4.64   0     —     —  —
    14     CS   13.350   115.7   4.35   4.35   5.35   1   b45     —  CHARGE, BRK-B45
    15     CS   14.998   409.0   0.29   4.64   5.97   0     —     —  —
    16     CS   15.238   382.0   0.53   4.88   6.21   0     —     —  —
    17     CS   15.493   356.4   0.79   5.14   6.47   0     —     —  —
    18     CS   15.735   329.6   1.03   5.38   6.71   0     —     —  —
    19     CS   15.964   303.8   1.26   5.61   6.94   0     —     —  —
    20     CS   16.193   278.1   1.49   5.84   7.17   0     —     —  —
    21     CS   16.425   252.6   1.72   6.07   7.40   0     —     —  —
    22   CUST   16.671   228.2   1.97   6.32   7.65   0     —     —  —
    23     CS   17.293   216.8   2.09   6.44   8.27   0     —     —  —
    24   CUST   17.660   178.2   2.46   6.81   8.64   0     —    r2  REST-R2
    25     CS   27.427   147.6   0.27   0.27   0.27   0     —     —  —
    26     CS   27.723   119.4   0.56   0.56   0.56   1   b45     —  CHARGE, BRK-B45
    27     CS   29.420   377.0   0.41   0.97   1.40   0     —     —  —
    28     CS   29.635   353.3   0.63   1.19   1.61   0     —     —  —
    29     CS   29.953   334.7   0.94   1.51   1.93   0     —     —  —
    30     CS   30.179   312.0   1.17   1.73   2.15   0     —     —  —
    31     CS   30.557   292.0   1.55   2.11   2.53   0     —     —  —
    32     CS   30.797   265.9   1.79   2.35   2.77   0     —     —  —
    33     CS   31.028   238.8   2.02   2.58   3.00   0     —     —  —
    34     CS   31.240   214.9   2.23   2.79   3.22   0     —     —  —
    35     CS   31.503   194.3   2.49   3.06   3.48   0     —     —  —
    36     CS   31.723   171.1   2.71   3.28   3.70   1   b45     —  CHARGE, BRK-B45
    37     CS   32.976   336.3   0.27   3.54   4.20   0     —     —  —
    38     CS   33.249   307.6   0.54   3.81   4.47   0     —     —  —
    39     CS   33.541   280.4   0.83   4.11   4.77   0     —     —  —
    40     CS   33.816   251.0   1.10   4.38   5.04   0     —     —  —
    41     CS   34.093   222.0   1.38   4.66   5.32   0     —     —  —
    42     CS   34.359   191.9   1.65   4.92   5.58   0     —     —  —
    43     CS   34.616   166.8   1.91   5.18   5.84   0     —     —  —
[31/33] RshortCmediumTlarge_11       labelled   15 states in  11.4 min
  ScenarioTracker saved: /mnt/beegfs/users/celinep/ChargeAndBreak/ML/logs/RlongCfewTtight_5_DAGGER1_S1_H24_20260822_111357_scenarios.json

  === SIMULATION TRAJECTORY ===
  stop   type    t_arr     soc     cd     sd     sw   y   brk   rst  action
  ───────────────────────────────────────────────────────────────────────────────────────────────
     0   ORIG    8.000   500.0   0.00   0.00   0.00   0     —     —  —
     1     CS    8.228   473.5   0.23   0.23   0.23   0     —     —  —
     2     CS    8.504   450.6   0.50   0.50   0.50   0     —     —  —
     3     CS    8.748   425.6   0.75   0.75   0.75   0     —     —  —
     4     CS    8.988   397.7   0.99   0.99   0.99   0     —     —  —
     5     CS    9.243   371.4   1.24   1.24   1.24   0     —     —  —
     6     CS    9.471   347.2   1.47   1.47   1.47   0     —     —  —
     7     CS    9.711   324.0   1.71   1.71   1.71   0     —     —  —
     8     CS    9.942   300.2   1.94   1.94   1.94   0     —     —  —
     9     CS   10.167   275.8   2.17   2.17   2.17   0     —     —  —
    10     CS   10.464   254.4   2.46   2.46   2.46   0     —     —  —
    11     CS   10.741   231.9   2.74   2.74   2.74   0     —     —  —
    12     CS   10.984   207.4   2.98   2.98   2.98   0     —     —  —
    13     CS   11.229   183.0   3.23   3.23   3.23   0     —     —  —
    14     CS   11.613   142.3   3.61   3.61   3.61   1   b45     —  CHARGE, BRK-B45
    15     CS   12.825   375.5   0.24   3.85   4.07   0     —     —  —
    16     CS   13.079   349.1   0.50   4.11   4.33   0     —     —  —
    17     CS   13.352   324.0   0.77   4.38   4.60   0     —     —  —
    18     CS   13.598   296.8   1.02   4.63   4.85   0     —     —  —
    19     CS   13.801   273.6   1.22   4.83   5.05   0     —     —  —
    20     CS   14.000   250.0   1.42   5.03   5.25   0     —     —  —
    21     CS   14.245   229.7   1.66   5.27   5.49   0     —     —  —
    22     CS   14.471   205.5   1.89   5.50   5.72   0     —     —  —
    23     CS   14.761   185.0   2.18   5.79   6.01   0     —     —  —
    24     CS   14.989   160.9   2.41   6.02   6.24   1   b45     —  CHARGE, BRK-B45
    25     CS   16.405   299.4   0.30   6.32   6.90   0     —     —  —
    26     CS   16.694   266.6   0.58   6.60   7.19   0     —     —  —
    27     CS   16.984   234.0   0.87   6.89   7.48   0     —     —  —
    28     CS   17.243   203.2   1.13   7.15   7.74   1   b45     —  CHARGE, BRK-B45
    29     CS   19.444   386.7   0.35   7.50   9.19   0     —     —  —
    30     CS   19.809   367.2   0.71   7.87   9.56   0     —     —  —
    31     CS   20.042   341.8   0.95   8.10   9.79   0     —     —  —
    32     CS   20.272   316.1   1.17   8.33  10.02   0     —     —  —
    33     CS   20.531   285.3   1.43   8.59  10.28   0     —     —  —
    34     CS   20.854   259.3   1.76   8.91  10.60   0     —     —  —
    35     CS   21.117   228.9   2.02   9.17  10.87   0     —     —  —
    36     CS   21.368   198.9   2.27   9.42  11.12   0     —    r2  REST-R2
    37     CS   30.843   173.3   0.31   0.31   0.31   0     —     —  —
    38     CS   31.099   143.9   0.56   0.56   0.56   1   b45     —  CHARGE, BRK-B45
    39     CS   32.657   397.0   0.34   0.90   1.24   0     —     —  —
    40     CS   32.904   367.6   0.58   1.15   1.49   0     —     —  —
    41     CS   33.156   338.5   0.84   1.40   1.74   0     —     —  —
    42     CS   33.420   310.6   1.10   1.66   2.00   0     —     —  —
    43     CS   33.702   284.1   1.38   1.95   2.28   0     —     —  —
    44     CS   33.922   258.5   1.60   2.17   2.51   0     —     —  —
    45     CS   34.154   233.9   1.83   2.40   2.74   0     —     —  —
    46   CUST   34.402   210.6   2.08   2.65   2.98   0     —     —  —
    47     CS   35.157   192.4   2.34   2.90   3.74   0     —     —  —
    48     CS   35.346   169.8   2.53   3.09   3.93   0     —     —  —
    49     CS   35.543   147.9   2.72   3.29   4.13   1   b45     —  CHARGE, BRK-B45
    50     CS   36.736   434.9   0.05   3.34   4.39   0     —     —  —
    51     CS   37.019   408.4   0.33   3.62   4.68   0     —     —  —
    52     CS   37.267   379.1   0.58   3.87   4.93   0     —     —  —
    53     CS   37.516   357.1   0.83   4.12   5.17   0     —     —  —
    54     CS   37.740   333.4   1.06   4.34   5.40   0     —     —  —
    55     CS   37.961   309.5   1.28   4.56   5.62   0     —     —  —
    56     CS   38.183   284.1   1.50   4.79   5.84   0     —     —  —
    57     CS   38.531   264.8   1.85   5.13   6.19   0     —     —  —
    58     CS   38.760   240.1   2.08   5.36   6.42   0     —     —  —
    59     CS   39.034   211.3   2.35   5.64   6.69   0     —     —  —
    60     CS   39.326   183.8   2.64   5.93   6.98   0     —     —  —
    61     CS   39.660   158.7   2.98   6.26   7.32   0     —     —  —
    62     CS   39.928   129.5   3.24   6.53   7.59   1   b45     —  CHARGE, BRK-B45
    63     CS   41.316   405.5   0.26   6.79   8.04   0     —     —  —
    64     CS   41.563   378.3   0.51   7.04   8.29   0     —     —  —
    65     CS   41.799   350.2   0.74   7.27   8.53   0     —     —  —
    66     CS   42.001   328.4   0.95   7.48   8.73   0     —     —  —
    67     CS   42.197   306.2   1.14   7.67   8.93   0     —     —  —
    68     CS   42.394   284.0   1.34   7.87   9.12   0     —     —  —
    69     CS   42.652   256.3   1.60   8.13   9.38   0     —     —  —
    70     CS   42.904   228.1   1.85   8.38   9.63   0     —     —  —
    71     CS   43.267   205.8   2.21   8.74  10.00   0     —     —  —
    72     CS   43.631   168.1   2.58   9.11  10.36   1   b45     —  CHARGE, BRK-B45
    73     CS   45.085   385.2   0.23   9.34  11.06   0     —    r2  REST-R2
    74     CS   54.478   359.4   0.23   0.23   0.23   0     —     —  —
    75     CS   54.703   333.4   0.45   0.45   0.45   0     —     —  —
    76     CS   54.960   307.2   0.71   0.71   0.71   0     —     —  —
    77     CS   55.201   279.6   0.95   0.95   0.95   0     —     —  —
    78     CS   55.441   251.8   1.19   1.19   1.19   0     —     —  —
    79     CS   55.723   223.8   1.47   1.47   1.47   0     —     —  —
    80     CS   55.979   193.6   1.73   1.73   1.73   0     —     —  —
    81     CS   56.237   163.6   1.99   1.99   1.99   1   b45     —  CHARGE, BRK-B45
    82     CS   57.629   365.0   0.27   2.25   2.63   0     —     —  —
    83     CS   57.949   338.8   0.58   2.57   2.95   0     —     —  —
    84     CS   58.221   309.3   0.86   2.84   3.22   0     —     —  —
    85     CS   58.481   284.0   1.12   3.10   3.48   0     —     —  —
    86     CS   58.720   257.0   1.36   3.34   3.72   0     —     —  —
    87   CUST   58.954   229.4   1.59   3.58   3.95   0     —     —  —
    88     CS   59.692   201.9   1.83   3.81   4.69   0     —     —  —
    89     CS   59.932   174.6   2.07   4.05   4.93   0     —     —  —
    90     CS   60.228   151.1   2.36   4.35   5.23   0     —     —  —
    91     CS   60.389   133.9   2.53   4.51   5.39   1   b45     —  CHARGE, BRK-B45
    92     CS   61.772   377.0   0.33   4.85   5.96   0     —     —  —
    93     CS   62.048   348.4   0.61   5.12   6.23   0     —     —  —
    94     CS   62.319   319.3   0.88   5.39   6.51   0     —     —  —
    95     CS   62.587   290.0   1.15   5.66   6.77   0     —     —  —
    96     CS   62.877   262.4   1.44   5.95   7.06   0     —     —  —
    97     CS   63.103   239.7   1.67   6.18   7.29   0     —     —  —
    98     CS   63.332   217.1   1.89   6.41   7.52   0     —     —  —
    99     CS   63.537   192.5   2.10   6.61   7.72   0     —     —  —
   100     CS   63.937   146.2   2.50   7.01   8.12   1   b45     —  CHARGE, BRK-B45
   101     CS   65.332   394.8   0.29   7.30   8.67   0     —     —  —
   102     CS   65.606   363.0   0.56   7.57   8.94   0     —     —  —
   103     CS   65.875   330.8   0.83   7.84   9.21   0     —     —  —
   104     CS   66.130   306.6   1.09   8.10   9.47   0     —     —  —
   105     CS   66.367   280.9   1.32   8.34   9.70   0     —     —  —
   106     CS   66.691   260.0   1.65   8.66  10.03   0     —     —  —
   107     CS   66.928   234.4   1.89   8.90  10.26   0     —    r2  REST-R2
   108     CS   76.331   211.6   0.24   0.24   0.24   0     —     —  —
   109     CS   76.572   189.2   0.48   0.48   0.48   0     —     —  —
   110     CS   76.794   165.4   0.70   0.70   0.70   1   b45     —  CHARGE, BRK-B45
   111     CS   78.325   412.0   0.34   1.04   1.31   0     —     —  —
   112     CS   78.606   387.5   0.62   1.32   1.60   0     —     —  —
   113     CS   78.887   362.8   0.90   1.60   1.88   0     —     —  —
   114     CS   79.128   335.2   1.15   1.85   2.12   0     —     —  —
   115     CS   79.398   304.7   1.42   2.11   2.39   0     —     —  —
   116     CS   79.678   275.1   1.70   2.39   2.67   0     —     —  —
   117     CS   79.953   245.0   1.97   2.67   2.94   0     —     —  —
   118     CS   80.227   218.7   2.25   2.94   3.22   0     —     —  —
   119     CS   80.489   191.3   2.51   3.21   3.48   0     —     —  —
   120     CS   80.743   163.3   2.76   3.46   3.73   1   b45     —  CHARGE, BRK-B45
   121     CS   82.241   402.0   0.32   3.78   4.39   0     —     —  —
   122     CS   82.539   370.0   0.62   4.08   4.69   0     —     —  —
   123     CS   82.840   338.4   0.92   4.38   4.99   0     —     —  —
   124     CS   83.317   289.7   1.40   4.86   5.47   0     —     —  —
   125     CS   83.549   262.7   1.63   5.09   5.70   0     —     —  —
   126     CS   83.798   237.4   1.88   5.34   5.95   0     —     —  —
   127     CS   84.046   211.9   2.13   5.59   6.20   1     —    r1  CHARGE, REST-R1
   128     CS   96.522   388.8   0.28   0.28   0.28   0     —     —  —
   129     CS   96.802   356.9   0.56   0.56   0.56   0     —     —  —
   130     CS   97.111   327.3   0.87   0.87   0.87   0     —     —  —
   131     CS   97.377   308.7   1.14   1.14   1.14   0     —     —  —
   132     CS   97.583   286.5   1.34   1.34   1.34   0     —     —  —
   133     CS   97.782   263.7   1.54   1.54   1.54   0     —     —  —
   134     CS   98.021   235.9   1.78   1.78   1.78   0     —     —  —
   135     CS   98.279   209.7   2.04   2.04   2.04   0     —     —  —
   136     CS   98.551   184.6   2.31   2.31   2.31   0     —     —  —
   137     CS   98.799   155.2   2.56   2.56   2.56   0     —     —  —
   138     CS   99.055   126.5   2.81   2.81   2.81   1   b45     —  CHARGE, BRK-B45
   139     CS  100.487   392.5   0.24   3.06   3.39   0     —     —  —
   140     CS  100.715   368.4   0.47   3.28   3.62   0     —     —  —
   141     CS  101.072   349.8   0.83   3.64   3.97   0     —     —  —
   142     CS  101.300   324.4   1.05   3.87   4.20   0     —     —  —
   143     CS  101.532   299.6   1.29   4.10   4.43   0     —     —  —
   144     CS  101.762   274.5   1.52   4.33   4.66   0     —     —  —
   145     CS  101.983   248.5   1.74   4.55   4.88   0     —     —  —
   146     CS  102.286   219.9   2.04   4.86   5.19   0     —     —  —
   147     CS  102.581   190.8   2.34   5.15   5.48   0     —     —  —
   148     CS  102.852   159.5   2.61   5.42   5.75   1   b45     —  CHARGE, BRK-B45
   149     CS  104.068   353.4   0.24   5.66   6.22   0     —     —  —
   150     CS  104.313   327.0   0.48   5.90   6.46   0     —     —  —
   151     CS  104.560   300.7   0.73   6.15   6.71   0     —     —  —
   152     CS  104.769   276.4   0.94   6.36   6.92   0     —     —  —
   153     CS  104.976   251.9   1.14   6.56   7.13   0     —     —  —
   154     CS  105.201   229.1   1.37   6.79   7.35   0     —     —  —
[32/33] RlongCfewTtight_5            labelled   54 states in 114.4 min
  ScenarioTracker saved: /mnt/beegfs/users/celinep/ChargeAndBreak/ML/logs/RlongCmediumTnone_6_DAGGER1_S1_H24_20260822_130822_scenarios.json

  === SIMULATION TRAJECTORY ===
  stop   type    t_arr     soc     cd     sd     sw   y   brk   rst  action
  ───────────────────────────────────────────────────────────────────────────────────────────────
     0   ORIG    8.000   500.0   0.00   0.00   0.00   0     —     —  —
     1     CS    8.227   473.4   0.23   0.23   0.23   0     —     —  —
     2     CS    8.468   448.1   0.47   0.47   0.47   0     —     —  —
     3     CS    8.858   428.8   0.86   0.86   0.86   0     —     —  —
     4     CS    9.158   403.4   1.16   1.16   1.16   0     —     —  —
     5     CS    9.426   375.8   1.43   1.43   1.43   0     —     —  —
     6     CS    9.722   347.6   1.72   1.72   1.72   0     —     —  —
     7     CS   10.003   318.2   2.00   2.00   2.00   0     —     —  —
     8     CS   10.293   289.6   2.29   2.29   2.29   0     —     —  —
     9     CS   10.552   258.2   2.55   2.55   2.55   0     —     —  —
    10     CS   10.818   232.6   2.82   2.82   2.82   0     —     —  —
    11     CS   11.060   205.1   3.06   3.06   3.06   0     —     —  —
    12     CS   11.388   179.3   3.39   3.39   3.39   0     —     —  —
    13     CS   11.728   154.0   3.73   3.73   3.73   0     —     —  —
    14     CS   11.990   123.5   3.99   3.99   3.99   1   b45     —  CHARGE, BRK-B45
    15     CS   13.315   395.0   0.23   4.22   4.43   0     —     —  —
    16     CS   13.576   373.8   0.49   4.48   4.69   0     —     —  —
    17     CS   13.786   348.8   0.70   4.69   4.90   0     —     —  —
    18     CS   14.056   316.7   0.97   4.96   5.17   0     —     —  —
    19     CS   14.376   288.5   1.29   5.28   5.49   0     —     —  —
    20     CS   14.646   256.4   1.56   5.55   5.76   0     —     —  —
    21     CS   14.863   232.8   1.78   5.77   5.98   0     —     —  —
    22     CS   15.132   212.6   2.04   6.03   6.25   0     —     —  —
    23     CS   15.345   188.7   2.26   6.25   6.46   0     —     —  —
    24     CS   15.764   144.3   2.68   6.67   6.88   1   b45     —  CHARGE, BRK-B45
    25     CS   17.036   385.8   0.21   6.88   7.37   0     —     —  —
    26     CS   17.287   364.0   0.47   7.13   7.62   0     —     —  —
    27     CS   17.529   341.7   0.71   7.37   7.86   0     —     —  —
    28     CS   17.828   312.9   1.01   7.67   8.16   0     —     —  —
    29     CS   18.099   281.6   1.28   7.94   8.43   0     —     —  —
    30     CS   18.367   250.1   1.55   8.21   8.70   0     —     —  —
    31     CS   18.606   222.9   1.78   8.45   8.94   0     —     —  —
    32     CS   18.865   197.3   2.04   8.71   9.20   0     —     —  —
    33     CS   19.106   170.3   2.28   8.95   9.44   0     —     —  —
    34     CS   19.338   142.4   2.52   9.18   9.67   1   b45     —  CHARGE, BRK-B45
    35     CS   20.696   369.4   0.35   9.53  10.25   0     —    r2  REST-R2
    36     CS   30.308   348.1   0.45   0.45   0.45   0     —     —  —
    37     CS   30.565   319.0   0.70   0.70   0.70   0     —     —  —
    38     CS   30.852   292.3   0.99   0.99   0.99   0     —     —  —
    39     CS   31.128   264.7   1.27   1.27   1.27   0     —     —  —
    40     CS   31.340   242.3   1.48   1.48   1.48   0     —     —  —
    41     CS   31.588   222.3   1.73   1.73   1.73   0     —     —  —
    42     CS   31.801   199.9   1.94   1.94   1.94   0     —     —  —
    43     CS   32.348   157.5   2.49   2.49   2.49   1   b45     —  CHARGE, BRK-B45
    44     CS   33.640   348.3   0.28   2.77   3.03   0     —     —  —
    45     CS   33.907   322.2   0.55   3.03   3.29   0     —     —  —
    46   CUST   34.162   295.0   0.80   3.29   3.55   0     —     —  —
    47     CS   34.969   278.3   1.11   3.60   4.36   0     —     —  —
    48     CS   35.168   256.8   1.31   3.80   4.56   0     —     —  —
    49     CS   35.358   234.3   1.50   3.99   4.75   0     —     —  —
    50     CS   35.781   184.1   1.92   4.41   5.17   0     —     —  —
    51     CS   36.195   155.1   2.34   4.82   5.58   1   b45     —  CHARGE, BRK-B45
    52     CS   37.643   397.7   0.26   5.08   6.19   0     —     —  —
    53     CS   37.928   370.0   0.54   5.36   6.48   0     —     —  —
    54     CS   38.234   343.6   0.85   5.67   6.78   0     —     —  —
    55     CS   38.492   312.7   1.11   5.93   7.04   0     —     —  —
    56     CS   38.767   283.5   1.38   6.20   7.32   0     —     —  —
    57     CS   39.049   254.7   1.66   6.48   7.60   0     —     —  —
    58     CS   39.347   229.9   1.96   6.78   7.90   0     —     —  —
    59     CS   39.671   206.2   2.28   7.11   8.22   0     —     —  —
    60     CS   39.928   178.4   2.54   7.36   8.48   0     —     —  —
    61     CS   40.409   127.8   3.02   7.85   8.96   1   b45     —  CHARGE, BRK-B45
    62     CS   41.838   407.6   0.22   8.06   9.44   0     —     —  —
    63     CS   42.104   386.0   0.48   8.33   9.71   0     —     —  —
    64     CS   42.330   361.7   0.71   8.55   9.94   0     —     —  —
    65     CS   42.581   339.3   0.96   8.80  10.19   0     —     —  —
    66     CS   42.856   310.8   1.23   9.08  10.46   0     —     —  —
    67     CS   43.118   281.2   1.50   9.34  10.72   0     —     —  —
    68     CS   43.374   250.9   1.75   9.60  10.98   0     —     —  —
    69     CS   43.749   228.4   2.13   9.97  11.36   0     —    r2  REST-R2
    70     CS   53.220   203.2   0.30   0.30   0.30   0     —     —  —
    71     CS   53.519   174.4   0.60   0.60   0.60   0     —     —  —
    72     CS   53.802   144.3   0.89   0.89   0.89   0     —     —  —
    73     CS   54.116   116.4   1.20   1.20   1.20   1   b45     —  CHARGE, BRK-B45
    74     CS   56.140   413.0   0.49   1.69   2.12   0     —     —  —
    75     CS   56.520   394.1   0.87   2.07   2.50   0     —     —  —
    76     CS   56.762   370.1   1.11   2.31   2.74   0     —     —  —
    77     CS   57.017   346.9   1.37   2.57   3.00   0     —     —  —
    78     CS   57.244   321.5   1.59   2.80   3.23   0     —     —  —
    79     CS   57.500   292.8   1.85   3.05   3.48   0     —     —  —
    80     CS   57.874   270.4   2.22   3.42   3.85   0     —     —  —
    81     CS   58.159   244.7   2.51   3.71   4.14   0     —     —  —
    82     CS   58.422   217.5   2.77   3.97   4.40   0     —     —  —
    83   CUST   58.727   193.0   3.08   4.28   4.71   0     —     —  —
    84   CUST   59.467   168.7   3.32   4.52   5.45   0     —     —  —
    85     CS   60.095   154.4   3.45   4.65   6.08   1   b45     —  CHARGE, BRK-B45
    86     CS   61.494   401.0   0.26   4.90   6.62   0     —     —  —
    87     CS   61.787   374.6   0.55   5.20   6.92   0     —     —  —
    88     CS   62.066   347.9   0.83   5.48   7.19   0     —     —  —
    89     CS   62.331   320.0   1.09   5.74   7.46   0     —     —  —
    90     CS   62.604   292.9   1.37   6.01   7.73   0     —     —  —
    91     CS   62.940   270.0   1.70   6.35   8.07   0     —     —  —
    92     CS   63.189   241.8   1.95   6.60   8.32   0     —     —  —
    93     CS   63.427   215.1   2.19   6.84   8.56   0     —     —  —
    94     CS   63.739   193.0   2.50   7.15   8.87   0     —     —  —
    95     CS   63.993   167.6   2.76   7.40   9.12   0     —     —  —
    96     CS   64.228   140.6   2.99   7.64   9.36   1   b45     —  CHARGE, BRK-B45
    97     CS   65.691   365.4   0.43   8.07  10.01   0     —     —  —
    98     CS   66.016   339.4   0.75   8.39  10.33   0     —     —  —
    99     CS   66.281   309.3   1.02   8.66  10.60   0     —    r2  REST-R2
   100     CS   75.741   281.4   0.29   0.29   0.29   0     —     —  —
   101     CS   76.218   232.6   0.77   0.77   0.77   0     —     —  —
   102     CS   76.511   200.3   1.06   1.06   1.06   0     —     —  —
   103     CS   76.801   167.7   1.35   1.35   1.35   0     —     —  —
   104     CS   77.117   137.2   1.67   1.67   1.67   1   b45     —  CHARGE, BRK-B45
   105     CS   78.681   398.6   0.22   1.89   2.36   0     —     —  —
   106     CS   78.929   374.6   0.47   2.14   2.61   0     —     —  —
   107     CS   79.194   351.7   0.74   2.41   2.87   0     —     —  —
   108     CS   79.498   322.5   1.04   2.71   3.18   0     —     —  —
   109   CUST   79.777   291.2   1.32   2.99   3.45   0     —     —  —
   110     CS   80.513   267.4   1.55   3.22   4.19   0     —     —  —
   111     CS   80.793   246.2   1.84   3.50   4.47   0     —     —  —
   112     CS   81.022   221.7   2.06   3.73   4.70   0     —     —  —
   113     CS   81.301   201.6   2.34   4.01   4.98   0     —     —  —
   114     CS   81.575   171.5   2.62   4.29   5.25   0     —     —  —
   115     CS   81.875   143.4   2.92   4.59   5.55   0     —     —  —
   116     CS   82.176   115.4   3.22   4.89   5.85   1   b45     —  CHARGE, BRK-B45
   117     CS   83.600   416.9   0.19   5.08   6.27   0     —     —  —
   118     CS   83.804   395.4   0.40   5.29   6.47   0     —     —  —
   119     CS   84.048   376.4   0.64   5.53   6.72   0     —     —  —
   120     CS   84.291   347.6   0.89   5.77   6.96   0     —     —  —
   121     CS   84.537   319.2   1.13   6.02   7.20   0     —     —  —
   122     CS   84.879   295.7   1.47   6.36   7.55   0     —     —  —
   123     CS   85.130   266.7   1.72   6.61   7.80   0     —     —  —
   124     CS   85.398   239.1   1.99   6.88   8.07   0     —     —  —
   125     CS   85.659   209.3   2.25   7.14   8.33   0     —     —  —
   126     CS   86.008   185.0   2.60   7.49   8.68   0     —     —  —
   127     CS   86.299   157.7   2.89   7.78   8.97   1     —    r1  CHARGE, REST-R1
   128     CS   98.581   366.5   0.27   0.27   0.27   0     —     —  —
   129     CS   98.860   338.7   0.55   0.55   0.55   0     —     —  —
   130     CS   99.094   314.3   0.78   0.78   0.78   0     —     —  —
   131     CS   99.322   289.4   1.01   1.01   1.01   0     —     —  —
   132     CS   99.539   263.4   1.22   1.22   1.22   0     —     —  —
   133     CS   99.822   230.2   1.51   1.51   1.51   0     —     —  —
   134     CS  100.111   197.5   1.80   1.80   1.80   0     —     —  —
   135     CS  100.438   167.7   2.12   2.12   2.12   1   b45     —  CHARGE, BRK-B45
   136     CS  102.054   453.8   0.33   2.45   2.68   0     —     —  —
   137     CS  102.346   426.6   0.62   2.74   2.97   0     —     —  —
   138     CS  102.619   398.0   0.89   3.02   3.25   0     —     —  —
   139     CS  102.886   367.9   1.16   3.28   3.51   0     —     —  —
   140     CS  103.194   341.0   1.47   3.59   3.82   0     —     —  —
   141     CS  103.453   310.2   1.73   3.85   4.08   0     —     —  —
   142     CS  103.982   263.0   2.26   4.38   4.61   0     —     —  —
   143     CS  104.277   233.2   2.55   4.68   4.90   0     —     —  —
   144     CS  104.566   202.8   2.84   4.97   5.19   1     —     —  CHARGE
   145     CS  105.465   287.9   3.13   5.26   6.09   0     —     —  —
   146     CS  105.728   257.6   3.40   5.52   6.36   0     —     —  —
   147     CS  105.998   227.8   3.67   5.79   6.62   0     —     —  —
   148     CS  106.308   201.0   3.98   6.10   6.94   0     —     —  —
   149     CS  106.568   175.1   4.24   6.36   7.20   0     —    r1  REST-R1
[33/33] RlongCmediumTnone_6          labelled   60 states in  89.2 min
