DAgger round 1: 33 instances, label prob 0.35, model policy_K20_seedsplit_seed0_cw0.pt
  ScenarioTracker saved: /mnt/beegfs/users/celinep/ChargeAndBreak/ML/logs/RmediumCfewTnone_16_DAGGER1_S1_H24_20260821_095130_scenarios.json

  === SIMULATION TRAJECTORY ===
  stop   type    t_arr     soc     cd     sd     sw   y   brk   rst  action
  ───────────────────────────────────────────────────────────────────────────────────────────────
     0   ORIG    8.000   500.0   0.00   0.00   0.00   0     —     —  —
     1     CS    8.248   475.2   0.25   0.25   0.25   0     —     —  —
     2     CS    8.488   449.9   0.49   0.49   0.49   0     —     —  —
     3     CS    8.718   423.6   0.72   0.72   0.72   0     —     —  —
     4     CS    8.970   394.6   0.97   0.97   0.97   0     —     —  —
     5     CS    9.223   365.7   1.22   1.22   1.22   0     —     —  —
     6     CS    9.511   339.5   1.51   1.51   1.51   0     —     —  —
     7     CS    9.818   308.4   1.82   1.82   1.82   0     —     —  —
     8     CS   10.098   274.8   2.10   2.10   2.10   0     —     —  —
     9     CS   10.375   242.5   2.38   2.38   2.38   0     —     —  —
    10     CS   10.664   211.4   2.66   2.66   2.66   0     —     —  —
    11     CS   11.007   183.8   3.01   3.01   3.01   1   b45     —  CHARGE, BRK-B45
    12     CS   12.330   408.8   0.28   3.29   3.53   0     —     —  —
    13     CS   12.618   380.5   0.57   3.58   3.81   0     —     —  —
    14     CS   12.876   351.3   0.83   3.83   4.07   0     —     —  —
    15     CS   13.133   322.0   1.09   4.09   4.33   0     —     —  —
    16     CS   13.478   298.1   1.43   4.44   4.67   0     —     —  —
    17     CS   13.744   266.8   1.70   4.70   4.94   0     —     —  —
    18     CS   14.053   238.9   2.01   5.01   5.25   0     —     —  —
    19     CS   14.300   213.0   2.25   5.26   5.50   0     —     —  —
    20     CS   14.548   187.1   2.50   5.51   5.74   0     —     —  —
    21     CS   14.795   161.2   2.75   5.75   5.99   0     —     —  —
    22     CS   15.044   135.4   3.00   6.00   6.24   1   b45     —  CHARGE, BRK-B45
    23     CS   16.659   377.4   0.42   6.42   6.96   0     —     —  —
    24     CS   16.900   349.8   0.66   6.66   7.20   0     —     —  —
    25     CS   17.202   326.3   0.96   6.96   7.51   0     —     —  —
    26     CS   17.440   298.4   1.20   7.20   7.74   0     —     —  —
    27     CS   17.697   271.6   1.46   7.46   8.00   0     —     —  —
    28     CS   17.961   245.4   1.72   7.72   8.27   0     —     —  —
    29     CS   18.248   220.6   2.01   8.01   8.55   0     —     —  —
    30   CUST   18.487   192.2   2.24   8.25   8.79   0     —     —  —
    31     CS   19.260   161.0   2.52   8.52   9.56   0     —     —  —
    32     CS   19.583   133.4   2.84   8.84   9.89   0     —     —  —
    33   CUST   19.742   116.1   3.00   9.00  10.05   0     —     —  —
    34     CS   20.285   111.7   3.04   9.05  10.59   1   b45     —  CHARGE, BRK-B45
    35     CS   21.792   385.8   0.28   9.32  11.18   0     —     —  —
    36     CS   22.073   352.9   0.56   9.61  11.46   0     —     —  —
    37     CS   22.300   331.0   0.79   9.83  11.69   0     —    r2  REST-R2
    38     CS   31.681   308.0   0.21   0.21   0.21   0     —     —  —
    39     CS   31.897   285.1   0.43   0.43   0.43   0     —     —  —
    40     CS   32.156   258.3   0.69   0.69   0.69   0     —     —  —
    41     CS   32.411   231.1   0.94   0.94   0.94   0     —     —  —
    42     CS   32.682   205.2   1.21   1.21   1.21   0     —     —  —
    43     CS   32.924   182.9   1.46   1.46   1.46   0     —     —  —
    44     CS   33.156   159.8   1.69   1.69   1.69   0     —     —  —
    45     CS   33.423   138.9   1.96   1.96   1.96   1   b45     —  CHARGE, BRK-B45
    46     CS   34.930   406.8   0.26   2.22   2.53   0     —     —  —
    47     CS   35.192   376.3   0.53   2.48   2.79   0     —     —  —
    48     CS   35.478   347.9   0.81   2.77   3.08   0     —     —  —
    49     CS   35.710   324.9   1.04   3.00   3.31   0     —     —  —
    50     CS   35.925   300.4   1.26   3.21   3.53   0     —     —  —
    51     CS   36.139   275.7   1.47   3.43   3.74   0     —     —  —
    52     CS   36.384   248.5   1.72   3.67   3.99   0     —     —  —
    53     CS   36.646   222.6   1.98   3.93   4.25   1   b45     —  CHARGE, BRK-B45
    54     CS   37.947   388.9   0.25   4.18   4.80   0     —     —  —
    55     CS   38.208   364.0   0.51   4.44   5.06   0     —     —  —
    56     CS   38.442   336.9   0.74   4.68   5.29   0     —     —  —
    57     CS   38.721   313.2   1.02   4.96   5.57   0     —     —  —
    58     CS   38.972   284.1   1.27   5.21   5.82   0     —     —  —
    59     CS   39.258   257.8   1.56   5.49   6.11   0     —     —  —
    60     CS   39.698   236.7   2.00   5.93   6.55   0     —     —  —
    61     CS   39.966   208.0   2.27   6.20   6.82   0     —     —  —
    62     CS   40.233   179.2   2.53   6.47   7.08   1   b45     —  CHARGE, BRK-B45
    63     CS   41.526   386.7   0.25   6.72   7.63   0     —     —  —
    64     CS   41.772   358.8   0.49   6.96   7.87   0     —     —  —
    65     CS   42.016   330.6   0.74   7.21   8.12   0     —     —  —
    66     CS   42.250   303.0   0.97   7.44   8.35   0     —     —  —
    67     CS   42.496   276.6   1.21   7.68   8.60   0     —     —  —
    68     CS   42.761   251.7   1.48   7.95   8.86   0     —     —  —
    69     CS   43.144   228.0   1.86   8.33   9.25   0     —     —  —
    70     CS   43.432   199.8   2.15   8.62   9.53   0     —     —  —
    71     CS   43.713   171.0   2.43   8.90   9.81   1     —    r2  CHARGE, REST-R2
    72     CS   53.986   387.8   0.19   0.19   0.19   0     —     —  —
    73     CS   54.190   365.4   0.40   0.40   0.40   0     —     —  —
    74     CS   54.394   343.2   0.60   0.60   0.60   0     —     —  —
    75     CS   54.651   313.4   0.86   0.86   0.86   0     —     —  —
    76     CS   54.943   286.5   1.15   1.15   1.15   0     —     —  —
    77     CS   55.201   255.7   1.41   1.41   1.41   0     —     —  —
    78     CS   55.470   225.8   1.68   1.68   1.68   0     —     —  —
    79     CS   55.717   198.7   1.93   1.93   1.93   0     —     —  —
    80     CS   55.969   172.1   2.18   2.18   2.18   0     —     —  —
    81     CS   56.213   144.8   2.42   2.42   2.42   1   b45     —  CHARGE, BRK-B45
    82     CS   57.977   422.5   0.28   2.70   3.18   0     —     —  —
    83     CS   58.323   393.9   0.63   3.05   3.52   0     —     —  —
    84     CS   58.608   360.8   0.91   3.33   3.81   0     —     —  —
    85     CS   58.830   334.5   1.14   3.56   4.03   0     —     —  —
    86     CS   59.132   313.4   1.44   3.86   4.33   0     —     —  —
    87     CS   59.364   288.1   1.67   4.09   4.56   0     —     —  —
    88     CS   59.616   261.5   1.92   4.34   4.82   0     —     —  —
    89     CS   59.918   238.0   2.22   4.64   5.12   0     —     —  —
    90     CS   60.166   211.0   2.47   4.89   5.37   1   b45     —  CHARGE, BRK-B45
    91     CS   61.447   410.9   0.25   5.14   5.90   0     —     —  —
    92     CS   61.700   381.9   0.50   5.39   6.15   0     —     —  —
    93     CS   62.070   359.4   0.87   5.76   6.52   0     —     —  —
    94     CS   62.347   331.3   1.15   6.04   6.80   0     —     —  —
    95     CS   62.600   301.2   1.40   6.29   7.05   0     —     —  —
    96     CS   62.940   278.2   1.74   6.63   7.39   0     —     —  —
    97     CS   63.192   250.0   1.99   6.88   7.64   0     —     —  —
    98     CS   63.520   226.5   2.32   7.21   7.97   0     —     —  —
    99     CS   63.795   199.5   2.59   7.49   8.24   0     —    r2  REST-R2
   100     CS   73.211   170.2   0.25   0.25   0.25   1   b45     —  CHARGE, BRK-B45
   101     CS   74.829   332.4   0.31   0.56   1.12   0     —     —  —
   102     CS   75.077   303.0   0.56   0.81   1.37   0     —     —  —
   103     CS   75.352   276.0   0.84   1.09   1.64   0     —     —  —
   104     CS   75.624   248.7   1.11   1.36   1.91   0     —     —  —
   105     CS   75.913   219.5   1.40   1.65   2.20   0     —     —  —
   106     CS   76.179   188.1   1.66   1.91   2.47   1     —     —  CHARGE
   107     CS   77.076   290.7   1.90   2.15   3.36   0     —     —  —
   108     CS   77.310   264.8   2.13   2.38   3.60   0     —     —  —
   109     CS   77.537   238.1   2.36   2.61   3.82   0     —     —  —
[1/33] RmediumCfewTnone_16          labelled   40 states in  74.6 min
  ScenarioTracker saved: /mnt/beegfs/users/celinep/ChargeAndBreak/ML/logs/RmediumCmanyTmedium_17_DAGGER1_S1_H24_20260821_110609_scenarios.json

  === SIMULATION TRAJECTORY ===
  stop   type    t_arr     soc     cd     sd     sw   y   brk   rst  action
  ───────────────────────────────────────────────────────────────────────────────────────────────
     0   ORIG    8.000   500.0   0.00   0.00   0.00   0     —     —  —
     1     CS    8.400   480.8   0.40   0.40   0.40   0     —     —  —
     2     CS    8.644   455.7   0.64   0.64   0.64   0     —     —  —
     3     CS    8.896   431.3   0.90   0.90   0.90   0     —     —  —
     4     CS    9.134   405.8   1.13   1.13   1.13   0     —     —  —
     5     CS    9.361   379.2   1.36   1.36   1.36   0     —     —  —
     6     CS    9.761   360.0   1.76   1.76   1.76   0     —     —  —
     7     CS   10.028   330.1   2.03   2.03   2.03   0     —     —  —
     8     CS   10.306   301.1   2.31   2.31   2.31   0     —     —  —
     9     CS   10.586   275.0   2.59   2.59   2.59   0     —     —  —
    10     CS   10.837   246.8   2.84   2.84   2.84   0     —     —  —
    11     CS   11.138   222.0   3.14   3.14   3.14   1   b45     —  CHARGE, BRK-B45
    12     CS   12.513   442.2   0.20   3.34   3.68   0     —     —  —
    13     CS   12.712   419.4   0.40   3.53   3.88   0     —     —  —
    14     CS   12.966   400.2   0.65   3.79   4.13   0     —     —  —
    15     CS   13.292   373.9   0.98   4.12   4.46   0     —     —  —
    16     CS   13.618   347.5   1.30   4.44   4.78   0     —     —  —
    17     CS   13.897   318.0   1.58   4.72   5.06   0     —     —  —
    18     CS   14.168   287.8   1.85   4.99   5.33   0     —     —  —
    19     CS   14.443   264.8   2.13   5.27   5.61   0     —     —  —
    20     CS   14.691   240.0   2.38   5.51   5.86   0     —     —  —
    21     CS   14.928   214.4   2.61   5.75   6.09   0     —     —  —
    22     CS   15.301   170.3   2.99   6.12   6.47   1   b45     —  CHARGE, BRK-B45
    23     CS   16.863   407.3   0.32   6.44   7.18   0     —     —  —
    24     CS   17.218   379.2   0.67   6.80   7.54   0     —     —  —
    25     CS   17.521   347.7   0.97   7.10   7.84   0     —     —  —
    26     CS   18.011   302.0   1.46   7.59   8.33   1     —    r2  CHARGE, REST-R2
    27     CS   27.802   370.1   0.25   0.25   0.25   0     —     —  —
    28     CS   28.026   345.1   0.48   0.48   0.48   0     —     —  —
    29     CS   28.256   320.6   0.71   0.71   0.71   0     —     —  —
    30   CUST   28.475   295.0   0.93   0.93   0.93   0     —     —  —
    31     CS   29.218   270.7   1.17   1.17   1.67   0     —     —  —
    32     CS   29.545   250.5   1.50   1.50   2.00   0     —     —  —
    33     CS   29.777   225.2   1.73   1.73   2.23   0     —     —  —
    34     CS   30.023   201.2   1.97   1.97   2.47   0     —     —  —
    35     CS   30.029   200.6   1.98   1.98   2.48   0     —     —  —
    36     CS   30.414   155.3   2.36   2.36   2.86   1   b45     —  CHARGE, BRK-B45
    37     CS   31.772   406.6   0.27   2.64   3.39   0     —     —  —
    38     CS   31.979   383.0   0.48   2.84   3.60   0     —     —  —
    39     CS   32.185   359.2   0.68   3.05   3.81   0     —     —  —
    40     CS   32.446   328.7   0.95   3.31   4.07   0     —     —  —
    41     CS   32.708   298.2   1.21   3.57   4.33   0     —     —  —
    42     CS   32.993   269.7   1.49   3.86   4.61   0     —     —  —
    43     CS   33.251   238.9   1.75   4.12   4.87   0     —     —  —
    44     CS   33.578   212.1   2.08   4.44   5.20   0     —     —  —
    45     CS   33.849   181.3   2.35   4.71   5.47   1   b45     —  CHARGE, BRK-B45
    46     CS   35.399   445.3   0.34   5.06   6.04   0     —     —  —
    47     CS   35.675   415.0   0.62   5.33   6.31   0     —     —  —
    48     CS   35.964   382.2   0.91   5.62   6.60   0     —     —  —
    49     CS   36.271   351.1   1.21   5.93   6.91   0     —     —  —
    50   CUST   36.570   319.3   1.51   6.23   7.21   0     —     —  —
    51     CS   37.353   286.6   1.80   6.51   7.99   0     —     —  —
    52     CS   37.665   256.3   2.11   6.82   8.30   0     —     —  —
    53   CUST   37.684   254.5   2.13   6.84   8.32   0     —     —  —
    54     CS   38.318   243.8   2.26   6.97   8.96   0     —     —  —
    55     CS   38.645   221.8   2.59   7.30   9.28   0     —     —  —
    56   CUST   38.887   194.8   2.83   7.54   9.53   0     —    r2  REST-R2
    57   CUST   48.614   169.5   0.23   0.23   0.23   0     —     —  —
    58   CUST   49.426   144.7   0.54   0.54   1.04   0     —     —  —
    59     CS   50.097   124.8   0.71   0.71   1.71   1   b45     —  CHARGE, BRK-B45
    60     CS   51.434   349.8   0.34   1.05   2.30   0     —     —  —
    61     CS   51.671   321.8   0.58   1.29   2.53   0     —     —  —
    62     CS   51.954   297.3   0.86   1.57   2.82   0     —     —  —
    63     CS   52.249   273.5   1.15   1.86   3.11   0     —     —  —
    64     CS   52.470   251.1   1.38   2.09   3.33   0     —     —  —
    65     CS   52.726   230.8   1.63   2.34   3.59   0     —     —  —
    66     CS   52.969   209.9   1.87   2.58   3.83   1   b45     —  CHARGE, BRK-B45
    67     CS   54.204   395.2   0.25   2.83   4.32   0     —     —  —
    68     CS   54.474   369.3   0.52   3.10   4.59   0     —     —  —
    69     CS   54.718   341.1   0.76   3.34   4.83   0     —     —  —
    70     CS   55.012   312.3   1.05   3.64   5.13   0     —     —  —
    71     CS   55.299   282.8   1.34   3.92   5.41   0     —     —  —
    72     CS   55.636   255.0   1.68   4.26   5.75   0     —     —  —
    73     CS   55.937   224.8   1.98   4.56   6.05   0     —     —  —
    74   CUST   56.284   197.5   2.33   4.91   6.40   0     —     —  —
    75   CUST   57.046   165.8   2.59   5.17   7.16   0     —     —  —
    76   CUST   57.557   164.4   2.60   5.18   7.67   0     —     —  —
    77     CS   58.384   130.4   2.93   5.51   8.50   1   b45     —  CHARGE, BRK-B45
    78   CUST   59.486   384.4   0.02   5.53   8.85   0     —     —  —
    79     CS   60.253   352.6   0.28   5.79   9.62   0     —     —  —
    80     CS   60.563   324.3   0.59   6.10   9.93   0     —     —  —
    81     CS   60.616   318.5   0.65   6.16   9.98   0     —     —  —
    82     CS   60.900   286.1   0.93   6.44  10.26   0     —     —  —
    83     CS   61.203   255.3   1.23   6.74  10.57   0     —     —  —
    84     CS   61.485   222.8   1.52   7.03  10.85   0     —     —  —
    85     CS   61.791   198.3   1.82   7.33  11.15   0     —     —  —
    86     CS   62.080   172.9   2.11   7.62  11.44   0     —     —  —
    87     CS   62.336   145.1   2.37   7.88  11.70   1     —    r2  CHARGE, REST-R2
    88     CS   72.657   393.8   0.24   0.24   0.24   0     —     —  —
    89     CS   72.920   368.7   0.50   0.50   0.50   0     —     —  —
    90     CS   73.233   346.3   0.81   0.81   0.81   0     —     —  —
    91     CS   73.485   316.1   1.07   1.07   1.07   0     —     —  —
    92     CS   73.774   289.0   1.36   1.36   1.36   0     —     —  —
    93     CS   74.041   264.9   1.62   1.62   1.62   0     —     —  —
    94     CS   74.273   237.9   1.85   1.85   1.85   0     —     —  —
    95     CS   74.502   210.7   2.08   2.08   2.08   0     —     —  —
    96     CS   74.779   178.1   2.36   2.36   2.36   0     —     —  —
    97     CS   75.067   146.5   2.65   2.65   2.65   1   b45     —  CHARGE, BRK-B45
    98     CS   76.448   320.7   0.24   2.89   3.28   0     —     —  —
    99     CS   76.683   295.5   0.47   3.12   3.51   0     —     —  —
   100     CS   76.904   268.9   0.69   3.34   3.74   0     —     —  —
   101     CS   77.124   242.3   0.91   3.56   3.96   0     —     —  —
   102     CS   77.348   217.0   1.14   3.79   4.18   0     —     —  —
   103     CS   77.565   191.1   1.36   4.00   4.40   0     —     —  —
   104     CS   77.799   166.7   1.59   4.24   4.63   1     —     —  CHARGE
   105     CS   78.678   266.1   1.86   4.51   5.51   0     —     —  —
   106     CS   78.902   242.5   2.09   4.74   5.73   0     —     —  —
[2/33] RmediumCmanyTmedium_17       labelled   32 states in  66.5 min
  ScenarioTracker saved: /mnt/beegfs/users/celinep/ChargeAndBreak/ML/logs/RmediumCfewTnone_15_DAGGER1_S1_H24_20260821_121240_scenarios.json

  === SIMULATION TRAJECTORY ===
  stop   type    t_arr     soc     cd     sd     sw   y   brk   rst  action
  ───────────────────────────────────────────────────────────────────────────────────────────────
     0   ORIG    8.000   500.0   0.00   0.00   0.00   0     —     —  —
     1     CS    8.279   477.2   0.28   0.28   0.28   0     —     —  —
     2     CS    8.507   450.8   0.51   0.51   0.51   0     —     —  —
     3     CS    8.792   428.3   0.79   0.79   0.79   0     —     —  —
     4     CS    9.076   395.1   1.08   1.08   1.08   0     —     —  —
     5     CS    9.374   363.2   1.37   1.37   1.37   0     —     —  —
     6     CS    9.661   330.2   1.66   1.66   1.66   0     —     —  —
     7     CS    9.908   300.7   1.91   1.91   1.91   0     —     —  —
     8     CS   10.164   272.2   2.16   2.16   2.16   0     —     —  —
     9     CS   10.440   253.3   2.44   2.44   2.44   0     —     —  —
    10     CS   10.673   232.4   2.67   2.67   2.67   0     —     —  —
    11     CS   10.882   209.7   2.88   2.88   2.88   0     —     —  —
    12     CS   11.113   183.0   3.11   3.11   3.11   0     —     —  —
    13     CS   11.348   156.5   3.35   3.35   3.35   0     —     —  —
    14     CS   11.617   132.8   3.62   3.62   3.62   0     —     —  —
    15     CS   11.861   107.1   3.86   3.86   3.86   1   b45     —  CHARGE, BRK-B45
    16     CS   13.393   412.9   0.27   4.13   4.40   0     —     —  —
    17     CS   13.616   391.3   0.49   4.35   4.62   0     —     —  —
    18     CS   13.816   367.8   0.69   4.55   4.82   0     —     —  —
    19     CS   14.107   342.5   0.98   4.85   5.11   0     —     —  —
    20     CS   14.369   315.2   1.25   5.11   5.37   0     —     —  —
    21     CS   14.676   290.8   1.55   5.41   5.68   0     —     —  —
    22     CS   14.924   261.3   1.80   5.66   5.93   0     —     —  —
    23     CS   15.190   233.6   2.07   5.93   6.19   0     —     —  —
    24     CS   15.477   207.3   2.35   6.21   6.48   0     —     —  —
    25     CS   15.682   185.2   2.56   6.42   6.69   0     —     —  —
    26     CS   15.913   164.8   2.79   6.65   6.92   0     —     —  —
    27     CS   16.183   146.3   3.06   6.92   7.19   1   b45     —  CHARGE, BRK-B45
    28     CS   17.715   400.1   0.42   7.35   7.88   0     —     —  —
    29   CUST   17.969   370.0   0.68   7.60   8.14   0     —     —  —
    30   CUST   18.784   333.8   0.99   7.91   8.95   0     —     —  —
    31     CS   19.581   299.4   1.29   8.21   9.75   0     —     —  —
    32     CS   19.713   284.3   1.42   8.34   9.88   0     —     —  —
    33     CS   19.931   259.2   1.64   8.56  10.10   0     —     —  —
    34     CS   20.179   236.6   1.89   8.81  10.35   0     —     —  —
    35     CS   20.420   213.5   2.13   9.05  10.59   0     —     —  —
    36     CS   20.661   185.1   2.37   9.29  10.83   0     —    r2  REST-R2
    37     CS   30.121   160.5   0.29   0.29   0.29   0     —     —  —
    38     CS   30.387   134.3   0.56   0.56   0.56   1   b45     —  CHARGE, BRK-B45
    39     CS   31.769   336.5   0.27   0.83   1.19   0     —     —  —
    40     CS   32.037   304.9   0.54   1.10   1.46   0     —     —  —
    41     CS   32.369   278.1   0.87   1.43   1.79   0     —     —  —
    42     CS   32.584   255.9   1.09   1.64   2.01   0     —     —  —
    43     CS   32.857   237.0   1.36   1.92   2.28   0     —     —  —
    44     CS   33.060   213.8   1.56   2.12   2.48   0     —     —  —
    45     CS   33.321   184.4   1.82   2.38   2.74   0     —     —  —
    46     CS   33.771   162.9   2.27   2.83   3.19   1   b45     —  CHARGE, BRK-B45
    47     CS   35.107   401.0   0.24   3.07   3.71   0     —     —  —
    48     CS   35.343   373.7   0.47   3.31   3.95   0     —     —  —
    49     CS   35.646   350.9   0.78   3.61   4.25   0     —     —  —
    50     CS   35.872   328.1   1.00   3.83   4.48   0     —     —  —
    51     CS   36.083   304.1   1.21   4.05   4.69   0     —     —  —
    52     CS   36.301   280.6   1.43   4.26   4.90   0     —     —  —
    53     CS   36.580   247.7   1.71   4.54   5.18   0     —     —  —
    54     CS   36.898   218.1   2.03   4.86   5.50   0     —     —  —
    55     CS   37.185   186.0   2.32   5.15   5.79   1   b45     —  CHARGE, BRK-B45
    56     CS   38.537   417.8   0.22   5.37   6.31   0     —     —  —
    57     CS   38.784   393.5   0.47   5.62   6.56   0     —     —  —
    58     CS   39.017   368.1   0.70   5.85   6.79   0     —     —  —
    59     CS   39.257   343.3   0.94   6.09   7.03   0     —     —  —
    60     CS   39.528   314.8   1.21   6.36   7.30   0     —     —  —
    61     CS   39.787   285.3   1.47   6.62   7.56   0     —     —  —
    62     CS   40.047   257.8   1.73   6.88   7.82   0     —     —  —
    63     CS   40.292   229.0   1.98   7.13   8.06   0     —     —  —
    64     CS   40.549   201.2   2.23   7.38   8.32   1   b45     —  CHARGE, BRK-B45
    65     CS   41.851   388.8   0.32   7.70   8.87   0     —     —  —
    66   CUST   42.120   364.5   0.59   7.97   9.14   0     —    r2  REST-R2
    67     CS   51.941   336.7   0.32   0.32   0.32   0     —     —  —
    68     CS   52.214   305.3   0.59   0.59   0.59   0     —     —  —
    69     CS   52.485   273.7   0.87   0.87   0.87   0     —     —  —
    70     CS   52.689   257.2   1.07   1.07   1.07   0     —     —  —
    71     CS   52.999   221.7   1.38   1.38   1.38   0     —     —  —
    72     CS   53.316   194.7   1.70   1.70   1.70   0     —     —  —
    73     CS   53.577   163.3   1.96   1.96   1.96   0     —     —  —
    74     CS   53.883   135.6   2.26   2.26   2.26   1   b45     —  CHARGE, BRK-B45
    75     CS   55.291   374.4   0.27   2.53   2.90   0     —     —  —
    76     CS   55.549   345.3   0.52   2.79   3.16   0     —     —  —
    77     CS   55.810   316.2   0.78   3.05   3.42   0     —     —  —
    78     CS   56.084   284.6   1.06   3.32   3.69   0     —     —  —
    79     CS   56.393   255.7   1.37   3.63   4.00   0     —     —  —
    80     CS   56.663   223.6   1.64   3.90   4.27   1   b45     —  CHARGE, BRK-B45
    81     CS   58.145   456.8   0.23   4.13   4.83   0     —     —  —
    82     CS   58.396   431.6   0.48   4.38   5.08   0     —     —  —
    83     CS   58.654   406.8   0.74   4.64   5.34   0     —     —  —
    84     CS   59.049   364.9   1.14   5.04   5.74   0     —     —  —
    85     CS   59.356   343.8   1.44   5.35   6.04   0     —     —  —
    86     CS   59.599   319.2   1.69   5.59   6.29   0     —     —  —
    87     CS   59.822   292.8   1.91   5.81   6.51   0     —     —  —
    88     CS   60.075   269.0   2.16   6.06   6.76   0     —     —  —
    89     CS   60.643   225.8   2.73   6.63   7.33   0     —     —  —
    90     CS   60.876   201.5   2.96   6.86   7.56   0     —     —  —
    91     CS   61.102   176.6   3.19   7.09   7.79   0     —     —  —
    92     CS   61.324   151.4   3.41   7.31   8.01   0     —     —  —
[3/33] RmediumCfewTnone_15          labelled   32 states in  50.7 min
  ScenarioTracker saved: /mnt/beegfs/users/celinep/ChargeAndBreak/ML/logs/RmediumCmanyTmedium_1_DAGGER1_S1_H24_20260821_130320_scenarios.json

  === SIMULATION TRAJECTORY ===
  stop   type    t_arr     soc     cd     sd     sw   y   brk   rst  action
  ───────────────────────────────────────────────────────────────────────────────────────────────
     0   ORIG    8.000   500.0   0.00   0.00   0.00   0     —     —  —
     1     CS    8.227   473.5   0.23   0.23   0.23   0     —     —  —
     2     CS    8.464   447.8   0.46   0.46   0.46   0     —     —  —
     3     CS    8.732   424.4   0.73   0.73   0.73   0     —     —  —
     4     CS    8.956   404.3   0.96   0.96   0.96   0     —     —  —
     5     CS    9.151   381.9   1.15   1.15   1.15   0     —     —  —
     6     CS    9.346   359.5   1.35   1.35   1.35   0     —     —  —
     7     CS    9.678   330.1   1.68   1.68   1.68   0     —     —  —
     8     CS   10.068   303.4   2.07   2.07   2.07   0     —     —  —
     9     CS   10.388   273.3   2.39   2.39   2.39   0     —     —  —
    10     CS   10.642   244.4   2.64   2.64   2.64   0     —     —  —
    11     CS   10.915   217.2   2.91   2.91   2.91   0     —     —  —
    12     CS   11.196   190.6   3.20   3.20   3.20   1   b45     —  CHARGE, BRK-B45
    13     CS   12.604   427.4   0.29   3.48   3.72   0     —     —  —
    14     CS   12.936   400.9   0.62   3.81   4.05   0     —     —  —
    15     CS   13.189   374.3   0.87   4.07   4.31   0     —     —  —
    16     CS   13.463   349.3   1.15   4.34   4.58   0     —     —  —
    17     CS   13.741   324.5   1.42   4.62   4.86   0     —     —  —
    18     CS   14.039   294.8   1.72   4.92   5.16   0     —     —  —
    19     CS   14.311   262.9   1.99   5.19   5.43   0     —     —  —
    20   CUST   14.592   231.9   2.27   5.47   5.71   0     —     —  —
    21   CUST   15.368   203.8   2.55   5.75   6.49   0     —     —  —
    22     CS   16.012   192.6   2.69   5.89   7.13   1   b45     —  CHARGE, BRK-B45
    23   CUST   17.351   411.9   0.26   6.15   7.68   0     —     —  —
    24   CUST   17.879   408.5   0.29   6.18   8.21   0     —     —  —
    25   CUST   18.673   378.6   0.58   6.47   9.00   0     —     —  —
    26   CUST   19.302   366.5   0.71   6.60   9.63   0     —     —  —
    27     CS   19.839   362.8   0.75   6.64  10.17   0     —     —  —
    28   CUST   20.158   327.0   1.07   6.96  10.49   0     —     —  —
    29     CS   20.792   312.0   1.20   7.09  11.12   0     —     —  —
    30     CS   21.049   284.1   1.46   7.35  11.38   0     —     —  —
    31     CS   21.310   256.5   1.72   7.61  11.64   0     —     —  —
    32     CS   21.802   208.9   2.21   8.10  12.13   0     —     —  —
    33     CS   22.100   177.7   2.51   8.40  12.43   0     —     —  —
    34     CS   22.430   148.8   2.84   8.73  12.76   0     —     —  —
    35     CS   22.924   125.2   3.33   9.22  13.25   1     —    r2  CHARGE, REST-R2
    36     CS   33.628   438.3   0.24   0.24   0.24   0     —     —  —
    37     CS   33.868   410.6   0.48   0.48   0.48   0     —     —  —
    38     CS   34.130   384.7   0.74   0.74   0.74   0     —     —  —
    39     CS   34.435   357.6   1.05   1.05   1.05   0     —     —  —
    40     CS   34.792   333.0   1.40   1.40   1.40   0     —     —  —
    41     CS   35.103   303.3   1.72   1.72   1.72   0     —     —  —
    42   CUST   35.393   271.9   2.01   2.01   2.01   0     —     —  —
    43     CS   36.310   234.7   2.42   2.42   2.92   1   b45     —  CHARGE, BRK-B45
    44   CUST   37.728   384.8   0.41   2.83   3.59   0     —     —  —
    45     CS   38.512   356.6   0.69   3.12   4.37   0     —     —  —
    46     CS   38.796   328.4   0.98   3.40   4.66   0     —     —  —
    47     CS   39.059   298.5   1.24   3.66   4.92   0     —     —  —
    48     CS   39.284   275.2   1.47   3.89   5.15   0     —     —  —
    49     CS   39.532   247.5   1.71   4.14   5.40   0     —     —  —
    50     CS   39.827   223.0   2.01   4.43   5.69   0     —     —  —
    51     CS   40.073   195.1   2.25   4.68   5.94   1   b45     —  CHARGE, BRK-B45
    52     CS   41.480   367.4   0.44   5.12   6.59   0     —     —  —
    53     CS   41.746   343.3   0.71   5.39   6.86   0     —     —  —
    54     CS   41.999   318.2   0.96   5.64   7.11   0     —     —  —
    55   CUST   42.237   291.8   1.20   5.88   7.35   0     —     —  —
    56   CUST   42.777   287.3   1.24   5.92   7.89   0     —     —  —
    57   CUST   43.691   258.2   1.65   6.33   8.80   0     —     —  —
    58     CS   44.337   243.2   1.80   6.48   9.45   0     —     —  —
    59   CUST   44.771   200.9   2.23   6.91   9.88   0     —    r2  REST-R2
    60     CS   54.336   193.9   0.06   0.06   0.06   0     —     —  —
    61     CS   54.622   162.7   0.35   0.35   0.35   0     —     —  —
    62     CS   54.905   131.2   0.63   0.63   0.63   1   b45     —  CHARGE, BRK-B45
    63     CS   56.305   392.5   0.32   0.96   1.19   0     —     —  —
    64     CS   56.552   366.6   0.57   1.20   1.44   0     —     —  —
    65     CS   56.776   341.0   0.79   1.43   1.67   0     —     —  —
    66     CS   57.058   319.3   1.07   1.71   1.95   0     —     —  —
    67     CS   57.280   293.4   1.30   1.93   2.17   0     —     —  —
    68     CS   57.534   270.1   1.55   2.18   2.42   0     —     —  —
    69     CS   57.761   249.5   1.78   2.41   2.65   0     —     —  —
    70     CS   57.958   226.5   1.97   2.61   2.85   0     —     —  —
    71     CS   58.169   204.8   2.19   2.82   3.06   0     —     —  —
    72     CS   58.565   178.4   2.58   3.22   3.45   0     —     —  —
    73     CS   58.880   147.8   2.90   3.53   3.77   1   b45     —  CHARGE, BRK-B45
    74     CS   60.159   332.1   0.25   3.78   4.30   0     —     —  —
    75     CS   60.417   304.3   0.50   4.03   4.56   0     —     —  —
    76     CS   60.700   278.4   0.79   4.32   4.84   0     —     —  —
    77     CS   60.948   249.5   1.03   4.56   5.09   0     —     —  —
    78     CS   61.175   222.1   1.26   4.79   5.31   0     —     —  —
    79     CS   61.436   197.6   1.52   5.05   5.58   0     —     —  —
    80     CS   61.681   171.9   1.77   5.30   5.82   0     —     —  —
    81     CS   61.974   145.0   2.06   5.59   6.11   0     —     —  —
[4/33] RmediumCmanyTmedium_1        labelled   30 states in  50.4 min
  ScenarioTracker saved: /mnt/beegfs/users/celinep/ChargeAndBreak/ML/logs/RmediumCmediumTnone_3_DAGGER1_S1_H24_20260821_135341_scenarios.json

  === SIMULATION TRAJECTORY ===
  stop   type    t_arr     soc     cd     sd     sw   y   brk   rst  action
  ───────────────────────────────────────────────────────────────────────────────────────────────
     0   ORIG    8.000   500.0   0.00   0.00   0.00   0     —     —  —
     1     CS    8.240   474.6   0.24   0.24   0.24   0     —     —  —
     2     CS    8.485   449.6   0.48   0.48   0.48   0     —     —  —
     3     CS    8.724   424.2   0.72   0.72   0.72   0     —     —  —
     4     CS    8.955   401.1   0.96   0.96   0.96   0     —     —  —
     5     CS    9.234   380.7   1.23   1.23   1.23   0     —     —  —
     6     CS    9.453   356.5   1.45   1.45   1.45   0     —     —  —
     7     CS    9.722   328.3   1.72   1.72   1.72   0     —     —  —
     8     CS    9.991   300.0   1.99   1.99   1.99   0     —     —  —
     9     CS   10.247   270.6   2.25   2.25   2.25   0     —     —  —
    10     CS   10.518   240.2   2.52   2.52   2.52   0     —     —  —
    11     CS   10.783   209.3   2.78   2.78   2.78   0     —     —  —
    12     CS   11.049   178.3   3.05   3.05   3.05   0     —     —  —
    13     CS   11.470   138.4   3.47   3.47   3.47   1   b45     —  CHARGE, BRK-B45
    14     CS   12.998   386.6   0.32   3.79   4.19   0     —     —  —
    15     CS   13.298   359.2   0.62   4.09   4.49   0     —     —  —
    16     CS   13.568   329.5   0.89   4.36   4.76   0     —     —  —
    17     CS   13.862   308.3   1.19   4.66   5.05   0     —     —  —
    18     CS   14.153   287.0   1.48   4.95   5.34   0     —     —  —
    19     CS   14.407   263.7   1.73   5.20   5.60   0     —     —  —
    20     CS   14.646   239.4   1.97   5.44   5.83   0     —     —  —
    21     CS   15.110   205.6   2.43   5.90   6.30   1   b45     —  CHARGE, BRK-B45
    22     CS   16.577   422.5   0.45   6.36   6.99   0     —     —  —
    23     CS   16.877   395.8   0.75   6.66   7.29   0     —     —  —
    24     CS   17.171   368.6   1.05   6.95   7.58   0     —     —  —
    25     CS   17.443   337.5   1.32   7.22   7.86   0     —     —  —
    26     CS   17.745   308.9   1.62   7.53   8.16   0     —     —  —
    27     CS   18.055   280.8   1.93   7.84   8.47   0     —     —  —
    28     CS   18.317   250.3   2.19   8.10   8.73   0     —     —  —
    29     CS   18.587   220.6   2.46   8.37   9.00   0     —     —  —
    30   CUST   18.849   190.1   2.73   8.63   9.26   0     —    r2  REST-R2
    31     CS   28.727   154.5   0.38   0.38   0.38   0     —     —  —
    32     CS   29.048   116.4   0.70   0.70   0.70   1   b45     —  CHARGE, BRK-B45
    33     CS   30.505   399.8   0.25   0.95   1.21   0     —     —  —
    34     CS   30.760   372.3   0.51   1.21   1.46   0     —     —  —
    35     CS   31.009   346.6   0.76   1.46   1.71   0     —     —  —
    36     CS   31.255   320.5   1.01   1.70   1.96   0     —     —  —
    37     CS   31.486   293.1   1.24   1.94   2.19   0     —     —  —
    38     CS   31.726   266.6   1.48   2.18   2.43   0     —     —  —
    39     CS   31.966   238.8   1.72   2.41   2.67   0     —     —  —
    40     CS   32.207   211.2   1.96   2.66   2.91   0     —     —  —
    41     CS   32.446   183.3   2.20   2.90   3.15   0     —     —  —
    42     CS   32.696   154.2   2.45   3.15   3.40   0     —     —  —
    43     CS   32.958   126.1   2.71   3.41   3.66   1   b45     —  CHARGE, BRK-B45
    44     CS   34.624   436.2   0.29   3.70   4.21   0     —     —  —
    45     CS   34.925   406.1   0.60   4.00   4.51   0     —     —  —
    46     CS   35.221   375.6   0.89   4.30   4.81   0     —     —  —
    47     CS   35.436   351.1   1.11   4.51   5.02   0     —     —  —
    48     CS   35.656   327.1   1.33   4.73   5.24   0     —     —  —
    49     CS   35.883   303.6   1.55   4.96   5.47   0     —     —  —
    50     CS   36.124   275.9   1.79   5.20   5.71   0     —     —  —
    51     CS   36.403   251.2   2.07   5.48   5.99   0     —     —  —
    52     CS   36.644   226.5   2.31   5.72   6.23   0     —     —  —
    53     CS   36.892   202.2   2.56   5.97   6.48   0     —     —  —
    54     CS   37.287   183.3   2.96   6.36   6.87   0     —     —  —
    55   CUST   37.555   160.5   3.23   6.63   7.14   0     —     —  —
    56     CS   38.450   117.3   3.62   7.03   8.04   1   b45     —  CHARGE, BRK-B45
    57     CS   39.739   440.4   0.01   7.03   8.31   0     —     —  —
    58     CS   39.997   415.0   0.26   7.29   8.57   0     —     —  —
    59     CS   40.233   387.7   0.50   7.53   8.81   0     —     —  —
    60     CS   40.510   363.5   0.78   7.81   9.08   0     —     —  —
    61     CS   40.802   337.7   1.07   8.10   9.38   0     —     —  —
    62     CS   41.106   312.4   1.37   8.40   9.68   0     —     —  —
    63     CS   41.379   285.2   1.65   8.67   9.95   0     —     —  —
    64     CS   41.599   260.4   1.87   8.89  10.17   0     —     —  —
    65     CS   41.828   236.4   2.10   9.12  10.40   0     —     —  —
    66     CS   42.072   213.5   2.34   9.37  10.65   0     —     —  —
    67     CS   42.304   189.7   2.57   9.60  10.88   0     —     —  —
    68     CS   42.589   163.4   2.86   9.88  11.16   0     —    r2  REST-R2
    69     CS   52.013   134.9   0.26   0.26   0.26   0     —     —  —
    70     CS   52.289   107.9   0.53   0.53   0.53   1   b45     —  CHARGE, BRK-B45
    71     CS   53.755   393.3   0.28   0.81   1.08   0     —     —  —
    72     CS   54.051   369.6   0.58   1.11   1.37   0     —     —  —
    73   CUST   54.343   345.6   0.87   1.40   1.66   0     —     —  —
    74     CS   55.118   316.9   1.14   1.68   2.44   0     —     —  —
    75   CUST   55.381   287.1   1.41   1.94   2.70   0     —     —  —
    76     CS   55.917   283.3   1.44   1.97   3.24   0     —     —  —
    77   CUST   56.030   271.2   1.55   2.09   3.35   0     —     —  —
    78     CS   56.865   238.8   1.89   2.42   4.18   0     —     —  —
    79   CUST   57.058   217.5   2.08   2.62   4.38   0     —     —  —
    80     CS   57.827   190.4   2.35   2.88   5.15   0     —     —  —
    81     CS   58.115   164.5   2.64   3.17   5.43   0     —     —  —
    82     CS   58.364   135.6   2.89   3.42   5.68   1   b45     —  CHARGE, BRK-B45
    83     CS   59.635   408.8   0.14   3.56   6.08   0     —     —  —
    84     CS   59.855   383.3   0.36   3.78   6.30   0     —     —  —
    85     CS   60.149   362.4   0.65   4.07   6.60   0     —     —  —
    86     CS   60.384   338.1   0.88   4.31   6.83   0     —     —  —
    87     CS   60.794   290.3   1.29   4.72   7.24   0     —     —  —
    88     CS   61.095   259.5   1.60   5.02   7.54   0     —     —  —
    89     CS   61.397   228.6   1.90   5.32   7.84   0     —     —  —
    90     CS   61.693   197.3   2.19   5.61   8.14   0     —     —  —
    91     CS   61.922   170.1   2.42   5.84   8.37   0     —     —  —
    92     CS   62.165   144.3   2.67   6.09   8.61   0     —     —  —
    93     CS   62.400   117.7   2.90   6.32   8.85   1   b45     —  CHARGE, BRK-B45
    94     CS   64.278   452.9   0.28   6.60   9.52   0     —     —  —
    95     CS   64.530   423.0   0.53   6.86   9.77   0     —     —  —
    96     CS   64.864   398.6   0.87   7.19  10.10   0     —     —  —
    97     CS   65.145   372.7   1.15   7.47  10.38   0     —    r2  REST-R2
    98     CS   74.613   348.0   0.30   0.30   0.30   0     —     —  —
    99     CS   74.860   319.3   0.55   0.55   0.55   0     —     —  —
   100     CS   75.203   279.7   0.89   0.89   0.89   0     —     —  —
   101     CS   75.478   248.0   1.17   1.17   1.17   0     —     —  —
   102     CS   75.860   222.7   1.55   1.55   1.55   0     —     —  —
   103     CS   76.148   192.3   1.84   1.84   1.84   0     —     —  —
   104     CS   76.399   166.6   2.09   2.09   2.09   0     —     —  —
   105     CS   76.635   139.7   2.32   2.32   2.32   1     —     —  CHARGE
   106     CS   77.658   265.9   2.59   2.59   3.35   0     —     —  —
   107     CS   77.918   236.9   2.85   2.85   3.61   0     —     —  —
[5/33] RmediumCmediumTnone_3        labelled   42 states in  61.8 min
  ScenarioTracker saved: /mnt/beegfs/users/celinep/ChargeAndBreak/ML/logs/RshortCmediumTtight_6_DAGGER1_S1_H24_20260821_145527_scenarios.json

  === SIMULATION TRAJECTORY ===
  stop   type    t_arr     soc     cd     sd     sw   y   brk   rst  action
  ───────────────────────────────────────────────────────────────────────────────────────────────
     0   ORIG    8.000   500.0   0.00   0.00   0.00   0     —     —  —
     1     CS    8.247   475.2   0.25   0.25   0.25   0     —     —  —
     2     CS    8.485   449.7   0.49   0.49   0.49   0     —     —  —
     3     CS    8.726   424.3   0.73   0.73   0.73   0     —     —  —
     4     CS    9.045   397.1   1.05   1.05   1.05   0     —     —  —
     5     CS    9.334   367.8   1.33   1.33   1.33   0     —     —  —
     6     CS    9.593   337.1   1.59   1.59   1.59   0     —     —  —
     7     CS    9.856   306.6   1.86   1.86   1.86   0     —     —  —
     8     CS   10.147   278.7   2.15   2.15   2.15   0     —     —  —
     9     CS   10.556   255.6   2.56   2.56   2.56   0     —     —  —
    10     CS   10.956   214.1   2.96   2.96   2.96   1   b45     —  CHARGE, BRK-B45
    11     CS   12.142   405.8   0.21   3.17   3.39   0     —     —  —
    12     CS   12.380   383.3   0.45   3.41   3.63   0     —     —  —
    13   CUST   12.618   360.6   0.69   3.64   3.87   0     —     —  —
    14     CS   13.356   334.2   0.93   3.88   4.61   0     —     —  —
    15     CS   13.598   308.2   1.17   4.13   4.85   0     —     —  —
    16     CS   13.844   282.4   1.41   4.37   5.09   0     —     —  —
    17   CUST   14.079   255.7   1.65   4.61   5.33   0     —     —  —
    18     CS   14.603   253.2   1.67   4.63   5.85   0     —     —  —
    19     CS   14.667   246.0   1.74   4.69   5.92   0     —     —  —
    20     CS   14.896   221.2   1.97   4.92   6.15   0     —     —  —
    21     CS   15.141   197.7   2.21   5.17   6.39   0     —     —  —
    22     CS   15.361   172.1   2.43   5.39   6.61   1   b45     —  CHARGE, BRK-B45
    23     CS   16.721   399.2   0.30   5.69   7.18   0     —     —  —
    24     CS   17.099   373.8   0.68   6.07   7.55   0     —     —  —
    25     CS   17.352   347.2   0.93   6.32   7.81   0     —     —  —
    26     CS   17.700   325.5   1.28   6.67   8.16   0     —     —  —
    27   CUST   17.985   301.2   1.57   6.95   8.44   0     —     —  —
    28     CS   18.700   277.0   1.78   7.17   9.16   0     —     —  —
    29     CS   18.912   252.7   1.99   7.38   9.37   0     —     —  —
    30     CS   19.129   228.7   2.21   7.60   9.58   0     —     —  —
    31     CS   19.135   228.1   2.22   7.60   9.59   0     —     —  —
    32     CS   19.396   200.0   2.48   7.86   9.85   0     —     —  —
    33     CS   19.653   171.4   2.73   8.12  10.11   0     —     —  —
    34   CUST   19.933   144.7   3.01   8.40  10.39   0     —    r2  REST-R2
    35     CS   29.709   112.0   0.28   0.28   0.28   1   b45     —  CHARGE, BRK-B45
    36     CS   31.291   401.8   0.35   0.63   0.83   0     —     —  —
    37     CS   31.492   379.2   0.55   0.83   1.03   0     —     —  —
    38     CS   31.686   355.9   0.75   1.02   1.22   0     —     —  —
    39     CS   31.884   333.0   0.95   1.22   1.42   0     —     —  —
    40     CS   32.146   301.7   1.21   1.48   1.68   0     —     —  —
    41     CS   32.419   271.4   1.48   1.76   1.95   0     —     —  —
    42     CS   32.682   240.2   1.74   2.02   2.22   1   b45     —  CHARGE, BRK-B45
    43     CS   33.943   360.5   0.26   2.28   2.73   0     —     —  —
    44     CS   34.188   335.6   0.50   2.52   2.97   0     —     —  —
    45   CUST   34.418   309.2   0.73   2.75   3.20   0     —     —  —
    46     CS   35.131   284.2   0.95   2.96   3.92   0     —     —  —
    47     CS   35.362   260.6   1.18   3.20   4.15   0     —     —  —
    48     CS   35.578   235.9   1.39   3.41   4.36   0     —     —  —
    49     CS   35.707   222.8   1.52   3.54   4.49   0     —     —  —
    50     CS   35.964   195.8   1.78   3.80   4.75   0     —     —  —
    51     CS   36.212   168.0   2.03   4.05   5.00   0     —     —  —
    52     CS   36.452   139.4   2.27   4.29   5.24   1     —     —  CHARGE
    53     CS   37.262   217.4   2.49   4.51   6.05   0     —     —  —
    54     CS   37.478   195.3   2.70   4.72   6.26   0     —     —  —
    55     CS   37.696   173.4   2.92   4.94   6.48   0     —     —  —
    56     CS   37.908   152.4   3.13   5.15   6.69   0     —     —  —
    57     CS   38.100   129.7   3.32   5.34   6.88   0     —     —  —
[6/33] RshortCmediumTtight_6        labelled   23 states in  31.0 min
  ScenarioTracker saved: /mnt/beegfs/users/celinep/ChargeAndBreak/ML/logs/RlongCfewTmedium_13_DAGGER1_S1_H24_20260821_152625_scenarios.json

  === SIMULATION TRAJECTORY ===
  stop   type    t_arr     soc     cd     sd     sw   y   brk   rst  action
  ───────────────────────────────────────────────────────────────────────────────────────────────
     0   ORIG    8.000   500.0   0.00   0.00   0.00   0     —     —  —
     1     CS    8.236   474.3   0.24   0.24   0.24   0     —     —  —
     2     CS    8.487   449.8   0.49   0.49   0.49   0     —     —  —
     3     CS    8.770   427.2   0.77   0.77   0.77   0     —     —  —
     4     CS    8.987   401.3   0.99   0.99   0.99   0     —     —  —
     5     CS    9.276   380.2   1.28   1.28   1.28   0     —     —  —
     6     CS    9.606   360.5   1.61   1.61   1.61   0     —     —  —
     7     CS    9.869   338.3   1.87   1.87   1.87   0     —     —  —
     8     CS   10.108   314.5   2.11   2.11   2.11   0     —     —  —
     9     CS   10.376   292.5   2.38   2.38   2.38   0     —     —  —
    10     CS   10.623   269.3   2.62   2.62   2.62   0     —     —  —
    11     CS   11.040   222.3   3.04   3.04   3.04   0     —     —  —
    12     CS   11.287   195.8   3.29   3.29   3.29   0     —     —  —
    13     CS   11.552   170.7   3.55   3.55   3.55   0     —     —  —
    14     CS   11.821   145.9   3.82   3.82   3.82   0     —     —  —
    15     CS   12.061   118.7   4.06   4.06   4.06   1   b45     —  CHARGE, BRK-B45
    16     CS   13.385   398.7   0.21   4.27   4.47   0     —     —  —
    17     CS   13.606   375.5   0.43   4.49   4.69   0     —     —  —
    18     CS   13.826   352.3   0.65   4.71   4.91   0     —     —  —
    19     CS   14.104   320.9   0.93   4.99   5.19   0     —     —  —
    20     CS   14.377   289.1   1.20   5.26   5.46   0     —     —  —
    21     CS   14.691   263.2   1.52   5.58   5.77   0     —     —  —
    22     CS   14.947   233.0   1.77   5.83   6.03   0     —     —  —
    23     CS   15.226   204.7   2.05   6.11   6.31   0     —     —  —
    24     CS   15.517   178.8   2.34   6.40   6.60   0     —     —  —
    25     CS   15.766   149.5   2.59   6.65   6.85   1   b45     —  CHARGE, BRK-B45
    26     CS   17.460   421.1   0.25   6.90   7.59   0     —     —  —
    27     CS   17.717   394.8   0.50   7.16   7.84   0     —     —  —
    28     CS   17.978   368.8   0.77   7.42   8.10   0     —     —  —
    29     CS   18.220   342.5   1.01   7.66   8.35   0     —     —  —
    30     CS   18.493   318.4   1.28   7.93   8.62   0     —     —  —
    31     CS   18.751   293.3   1.54   8.19   8.88   0     —     —  —
    32     CS   18.991   266.8   1.78   8.43   9.12   0     —     —  —
    33     CS   19.245   241.5   2.03   8.69   9.37   0     —     —  —
    34     CS   19.478   214.2   2.27   8.92   9.60   0     —     —  —
    35     CS   19.796   191.9   2.58   9.24   9.92   0     —     —  —
    36     CS   20.027   163.8   2.81   9.47  10.15   0     —     —  —
    37     CS   20.281   137.9   3.07   9.72  10.41   0     —    r2  REST-R2
    38     CS   29.709   112.5   0.26   0.26   0.26   1   b45     —  CHARGE, BRK-B45
    39     CS   31.356   402.9   0.39   0.66   0.86   0     —     —  —
    40     CS   31.612   380.3   0.65   0.91   1.12   0     —     —  —
    41     CS   31.837   355.3   0.88   1.14   1.34   0     —     —  —
    42     CS   32.097   333.0   1.14   1.40   1.60   0     —     —  —
    43     CS   32.319   307.7   1.36   1.62   1.82   0     —     —  —
    44     CS   32.592   277.1   1.63   1.89   2.10   0     —     —  —
    45     CS   32.867   246.7   1.91   2.17   2.37   0     —     —  —
    46     CS   33.159   220.1   2.20   2.46   2.67   0     —     —  —
    47     CS   33.418   191.0   2.46   2.72   2.92   0     —     —  —
    48     CS   33.687   162.7   2.73   2.99   3.19   1   b45     —  CHARGE, BRK-B45
    49     CS   35.325   399.7   0.30   3.28   4.03   0     —     —  —
    50     CS   35.578   372.3   0.55   3.54   4.29   0     —     —  —
    51     CS   35.819   343.9   0.79   3.78   4.53   0     —     —  —
    52     CS   36.024   319.3   1.00   3.98   4.73   0     —     —  —
    53     CS   36.264   297.5   1.24   4.22   4.97   0     —     —  —
    54     CS   36.471   273.0   1.44   4.43   5.18   0     —     —  —
    55     CS   36.739   247.6   1.71   4.70   5.45   0     —     —  —
    56     CS   36.989   220.7   1.96   4.95   5.70   1   b45     —  CHARGE, BRK-B45
    57     CS   38.251   410.0   0.27   5.22   6.21   0     —     —  —
    58     CS   38.510   379.9   0.53   5.48   6.47   0     —     —  —
    59     CS   38.856   355.3   0.87   5.82   6.81   0     —     —  —
    60     CS   39.115   325.2   1.13   6.08   7.07   0     —     —  —
    61     CS   39.340   301.6   1.36   6.31   7.30   0     —     —  —
    62     CS   39.581   279.2   1.60   6.55   7.54   0     —     —  —
    63     CS   39.877   259.5   1.89   6.84   7.84   0     —     —  —
    64     CS   40.101   237.2   2.12   7.07   8.06   0     —     —  —
    65     CS   40.307   213.5   2.33   7.27   8.27   0     —     —  —
    66     CS   40.513   189.8   2.53   7.48   8.47   0     —     —  —
    67     CS   40.737   166.0   2.75   7.70   8.70   0     —     —  —
    68     CS   40.966   142.7   2.98   7.93   8.92   0     —     —  —
    69     CS   41.185   118.7   3.20   8.15   9.14   1   b45     —  CHARGE, BRK-B45
    70     CS   42.434   380.8   0.23   8.38   9.56   0     —     —  —
    71     CS   42.659   356.4   0.45   8.60   9.79   0     —     —  —
    72     CS   42.885   332.1   0.68   8.83  10.02   0     —    r2  REST-R2
    73     CS   52.276   307.6   0.22   0.22   0.22   0     —     —  —
    74     CS   52.654   266.6   0.60   0.60   0.60   0     —     —  —
    75     CS   52.939   234.3   0.89   0.89   0.89   0     —     —  —
    76     CS   53.220   201.6   1.17   1.17   1.17   0     —     —  —
    77     CS   53.510   169.8   1.46   1.46   1.46   1   b45     —  CHARGE, BRK-B45
    78     CS   54.893   410.7   0.21   1.67   2.01   0     —     —  —
    79     CS   55.109   387.1   0.43   1.89   2.23   0     —     —  —
    80     CS   55.329   363.8   0.65   2.11   2.45   0     —     —  —
    81     CS   55.536   342.5   0.85   2.31   2.65   0     —     —  —
    82     CS   55.756   322.1   1.07   2.53   2.87   0     —     —  —
    83     CS   55.974   301.6   1.29   2.75   3.09   0     —     —  —
    84     CS   56.213   276.7   1.53   2.99   3.33   0     —     —  —
    85     CS   56.450   251.7   1.77   3.23   3.57   0     —     —  —
    86     CS   56.717   228.7   2.04   3.49   3.83   0     —     —  —
    87     CS   56.977   205.3   2.30   3.75   4.09   0     —     —  —
    88     CS   57.272   173.1   2.59   4.05   4.39   0     —     —  —
    89   CUST   57.559   140.3   2.88   4.34   4.68   0     —     —  —
    90     CS   58.311   114.7   3.13   4.59   5.43   1   b45     —  CHARGE, BRK-B45
    91     CS   60.343   362.2   0.39   4.98   6.60   0     —     —  —
    92     CS   60.549   340.1   0.60   5.18   6.81   0     —     —  —
    93     CS   60.744   316.9   0.79   5.38   7.00   0     —     —  —
    94     CS   60.944   294.1   0.99   5.58   7.20   0     —     —  —
    95     CS   61.245   270.6   1.29   5.88   7.51   0     —     —  —
    96     CS   61.502   244.3   1.55   6.14   7.76   0     —     —  —
    97     CS   61.867   223.1   1.91   6.50   8.13   0     —     —  —
    98     CS   62.137   197.8   2.18   6.77   8.40   0     —     —  —
    99     CS   62.601   145.6   2.65   7.23   8.86   1   b45     —  CHARGE, BRK-B45
   100     CS   64.100   405.7   0.24   7.48   9.48   0     —     —  —
   101     CS   64.330   378.6   0.47   7.71   9.71   0     —     —  —
   102     CS   64.592   354.2   0.74   7.97   9.97   0     —     —  —
   103     CS   64.810   329.2   0.95   8.19  10.19   0     —     —  —
   104     CS   65.056   306.4   1.20   8.43  10.43   0     —     —  —
   105     CS   65.270   281.0   1.41   8.65  10.65   0     —     —  —
   106     CS   65.525   250.7   1.67   8.90  10.90   0     —     —  —
   107     CS   65.793   221.5   1.94   9.17  11.17   0     —     —  —
   108     CS   66.066   192.9   2.21   9.44  11.44   0     —     —  —
   109     CS   66.274   171.6   2.42   9.65  11.65   0     —     —  —
   110     CS   66.490   150.9   2.63   9.87  11.87   0     —    r2  REST-R2
   111     CS   75.857   129.1   0.20   0.20   0.20   1   b45     —  CHARGE, BRK-B45
   112     CS   77.501   407.4   0.26   0.46   0.88   0     —     —  —
   113     CS   77.772   377.8   0.54   0.74   1.15   0     —     —  —
   114     CS   78.029   346.9   0.79   0.99   1.41   0     —     —  —
   115     CS   78.336   318.5   1.10   1.30   1.72   0     —     —  —
   116     CS   78.610   287.6   1.37   1.57   1.99   0     —     —  —
   117     CS   78.885   256.8   1.65   1.85   2.27   0     —     —  —
   118     CS   79.153   230.7   1.92   2.12   2.53   0     —     —  —
   119     CS   79.393   202.1   2.16   2.36   2.77   0     —     —  —
   120     CS   79.649   175.1   2.41   2.61   3.03   1   b45     —  CHARGE, BRK-B45
   121     CS   81.017   384.9   0.30   2.91   3.65   0     —     —  —
   122     CS   81.277   355.0   0.56   3.17   3.91   0     —     —  —
   123     CS   81.553   326.6   0.83   3.45   4.18   0     —     —  —
   124     CS   81.830   293.9   1.11   3.72   4.46   0     —     —  —
   125   CUST   82.107   261.3   1.39   4.00   4.74   0     —     —  —
   126     CS   82.869   232.8   1.65   4.26   5.50   0     —     —  —
   127     CS   83.129   204.1   1.91   4.52   5.76   0     —     —  —
   128     CS   83.389   175.4   2.17   4.78   6.02   0     —     —  —
   129     CS   83.397   174.9   2.18   4.79   6.03   1   b45     —  CHARGE, BRK-B45
   130     CS   84.703   378.9   0.26   5.05   6.58   0     —     —  —
   131     CS   85.025   356.3   0.58   5.37   6.91   0     —     —  —
   132     CS   85.349   333.8   0.91   5.70   7.23   0     —     —  —
   133     CS   85.887   289.1   1.45   6.24   7.77   0     —     —  —
   134     CS   86.162   257.4   1.72   6.51   8.04   0     —     —  —
   135     CS   86.437   225.8   2.00   6.79   8.32   0     —     —  —
   136     CS   86.723   195.2   2.28   7.07   8.60   0     —     —  —
   137     CS   87.150   146.7   2.71   7.50   9.03   1     —    r1  CHARGE, REST-R1
   138     CS   99.491   387.2   0.23   0.23   0.23   0     —     —  —
   139     CS   99.762   365.3   0.50   0.50   0.50   0     —     —  —
   140     CS   99.987   340.2   0.73   0.73   0.73   0     —     —  —
   141     CS  100.232   311.1   0.97   0.97   0.97   0     —     —  —
   142     CS  100.482   282.4   1.22   1.22   1.22   0     —     —  —
   143     CS  100.758   256.0   1.50   1.50   1.50   0     —     —  —
   144     CS  101.008   227.4   1.75   1.75   1.75   0     —     —  —
   145     CS  101.383   186.0   2.12   2.12   2.12   1   b45     —  CHARGE, BRK-B45
   146     CS  102.793   425.7   0.27   2.40   2.67   0     —     —  —
   147     CS  103.063   401.0   0.54   2.67   2.94   0     —     —  —
   148     CS  103.300   373.8   0.78   2.90   3.18   0     —     —  —
   149     CS  103.525   348.3   1.01   3.13   3.40   0     —     —  —
   150     CS  103.762   323.8   1.24   3.37   3.64   0     —     —  —
   151     CS  104.011   300.2   1.49   3.62   3.89   0     —     —  —
   152     CS  104.229   273.9   1.71   3.83   4.11   0     —     —  —
   153     CS  104.607   248.5   2.09   4.21   4.49   0     —     —  —
   154     CS  104.876   216.3   2.36   4.48   4.76   0     —     —  —
   155     CS  105.161   185.5   2.64   4.76   5.04   1   b45     —  CHARGE, BRK-B45
   156     CS  106.732   397.8   0.23   4.99   5.86   0     —     —  —
   157     CS  106.952   371.4   0.45   5.21   6.08   0     —     —  —
   158     CS  107.216   348.4   0.71   5.48   6.34   0     —     —  —
   159     CS  107.484   317.3   0.98   5.75   6.61   0     —     —  —
   160     CS  107.747   285.7   1.24   6.01   6.88   0     —     —  —
   161     CS  107.984   258.5   1.48   6.25   7.11   0     —     —  —
   162     CS  108.218   230.9   1.71   6.48   7.35   0     —     —  —
   163     CS  108.531   208.6   2.03   6.79   7.66   0     —     —  —
   164     CS  108.807   177.8   2.30   7.07   7.94   0     —     —  —
   165     CS  109.076   146.4   2.57   7.34   8.21   0     —     —  —
[7/33] RlongCfewTmedium_13          labelled   63 states in 133.9 min
  ScenarioTracker saved: /mnt/beegfs/users/celinep/ChargeAndBreak/ML/logs/RlongCmanyTtight_8_DAGGER1_S1_H24_20260821_174020_scenarios.json

  === SIMULATION TRAJECTORY ===
  stop   type    t_arr     soc     cd     sd     sw   y   brk   rst  action
  ───────────────────────────────────────────────────────────────────────────────────────────────
     0   ORIG    8.000   500.0   0.00   0.00   0.00   0     —     —  —
     1     CS    8.292   477.9   0.29   0.29   0.29   0     —     —  —
     2     CS    8.518   451.2   0.52   0.52   0.52   0     —     —  —
     3     CS    8.805   428.8   0.80   0.80   0.80   0     —     —  —
     4     CS    9.022   403.7   1.02   1.02   1.02   0     —     —  —
     5     CS    9.251   379.7   1.25   1.25   1.25   0     —     —  —
     6     CS    9.475   355.2   1.47   1.47   1.47   0     —     —  —
     7     CS    9.708   331.5   1.71   1.71   1.71   0     —     —  —
     8     CS    9.939   306.1   1.94   1.94   1.94   0     —     —  —
     9     CS   10.179   281.5   2.18   2.18   2.18   0     —     —  —
    10     CS   10.415   256.5   2.42   2.42   2.42   0     —     —  —
    11     CS   10.711   224.5   2.71   2.71   2.71   0     —     —  —
    12     CS   11.094   197.5   3.09   3.09   3.09   0     —     —  —
    13     CS   11.353   176.8   3.35   3.35   3.35   0     —     —  —
    14     CS   11.559   152.2   3.56   3.56   3.56   0     —     —  —
    15     CS   11.783   129.3   3.78   3.78   3.78   1   b45     —  CHARGE, BRK-B45
    16     CS   13.283   405.4   0.28   4.06   4.33   0     —     —  —
    17     CS   13.563   374.3   0.56   4.34   4.61   0     —     —  —
    18     CS   13.796   348.3   0.79   4.57   4.84   0     —     —  —
    19     CS   14.019   321.3   1.01   4.80   5.06   0     —     —  —
    20     CS   14.419   302.2   1.41   5.20   5.46   0     —     —  —
    21     CS   14.656   276.5   1.65   5.43   5.70   0     —     —  —
    22     CS   14.932   252.6   1.93   5.71   5.98   0     —     —  —
    23     CS   15.223   229.5   2.22   6.00   6.27   1   b45     —  CHARGE, BRK-B45
    24     CS   16.547   409.8   0.38   6.38   6.84   0     —     —  —
    25     CS   16.790   381.8   0.63   6.63   7.08   0     —     —  —
    26     CS   17.040   354.4   0.88   6.88   7.33   0     —     —  —
    27     CS   17.283   326.4   1.12   7.12   7.58   0     —     —  —
    28     CS   17.710   286.8   1.55   7.55   8.00   0     —     —  —
    29     CS   18.014   259.7   1.85   7.85   8.31   0     —     —  —
    30     CS   18.288   230.3   2.12   8.13   8.58   0     —     —  —
    31     CS   18.573   201.8   2.41   8.41   8.87   0     —     —  —
    32     CS   18.855   179.8   2.69   8.69   9.15   0     —     —  —
    33     CS   19.076   153.5   2.91   8.91   9.37   0     —     —  —
    34     CS   19.319   129.1   3.15   9.16   9.61   1   b45     —  CHARGE, BRK-B45
    35     CS   21.244   443.7   0.31   9.47  10.39   0     —     —  —
    36     CS   21.522   410.7   0.59   9.74  10.67   0     —    r2  REST-R2
    37     CS   30.968   377.8   0.28   0.28   0.28   0     —     —  —
    38     CS   31.251   349.2   0.56   0.56   0.56   0     —     —  —
    39     CS   31.514   318.8   0.83   0.83   0.83   0     —     —  —
    40     CS   31.747   294.4   1.06   1.06   1.06   0     —     —  —
    41     CS   31.968   268.9   1.28   1.28   1.28   0     —     —  —
    42     CS   32.188   243.2   1.50   1.50   1.50   1   b45     —  CHARGE, BRK-B45
    43     CS   33.438   374.1   0.25   1.75   2.00   0     —     —  —
    44     CS   33.698   348.1   0.51   2.01   2.26   0     —     —  —
    45   CUST   33.936   320.1   0.75   2.25   2.50   0     —     —  —
    46   CUST   34.454   318.2   0.77   2.27   3.01   0     —     —  —
    47     CS   35.259   290.1   1.07   2.57   3.82   0     —     —  —
    48     CS   35.650   265.9   1.46   2.96   4.21   0     —     —  —
    49     CS   36.048   229.5   1.86   3.36   4.61   0     —     —  —
    50     CS   36.298   200.3   2.11   3.61   4.86   0     —     —  —
    51     CS   36.549   171.2   2.36   3.86   5.11   0     —     —  —
    52     CS   36.764   149.0   2.58   4.08   5.32   0     —     —  —
    53     CS   37.009   128.8   2.82   4.32   5.57   0     —     —  —
    54     CS   37.211   105.4   3.02   4.52   5.77   1   b45     —  CHARGE, BRK-B45
    55     CS   38.730   407.9   0.25   4.77   6.27   0     —     —  —
    56     CS   39.005   382.3   0.53   5.05   6.55   0     —     —  —
    57     CS   39.250   354.2   0.77   5.29   6.79   0     —     —  —
    58     CS   39.518   333.3   1.04   5.56   7.06   0     —     —  —
    59     CS   39.750   310.3   1.27   5.79   7.29   0     —     —  —
    60     CS   39.968   286.0   1.49   6.01   7.51   0     —     —  —
    61     CS   40.191   265.2   1.71   6.24   7.73   0     —     —  —
    62     CS   40.443   246.0   1.97   6.49   7.99   0     —     —  —
    63     CS   40.660   224.7   2.18   6.70   8.20   0     —     —  —
    64     CS   40.955   197.6   2.48   7.00   8.50   0     —     —  —
    65     CS   41.224   168.6   2.75   7.27   8.77   0     —     —  —
    66     CS   41.477   138.0   3.00   7.52   9.02   1   b45     —  CHARGE, BRK-B45
    67     CS   42.854   402.4   0.24   7.76   9.51   0     —     —  —
    68     CS   43.093   378.4   0.47   8.00   9.75   0     —     —  —
    69     CS   43.310   352.5   0.69   8.21   9.97   0     —     —  —
    70     CS   43.568   322.5   0.95   8.47  10.23   0     —     —  —
    71     CS   43.828   292.6   1.21   8.73  10.49   0     —     —  —
    72     CS   44.129   265.9   1.51   9.03  10.79   1   b45     —  CHARGE, BRK-B45
    73     CS   45.506   385.3   0.40   9.43  11.42   0     —    r2  REST-R2
    74     CS   54.962   358.6   0.29   0.29   0.29   0     —     —  —
    75   CUST   55.322   335.1   0.65   0.65   0.65   0     —     —  —
    76     CS   56.065   309.7   0.89   0.89   1.39   0     —     —  —
    77     CS   56.308   284.2   1.13   1.13   1.63   0     —     —  —
    78     CS   56.543   257.9   1.37   1.37   1.87   0     —     —  —
    79     CS   56.682   243.4   1.51   1.51   2.01   0     —     —  —
    80     CS   57.137   207.4   1.96   1.96   2.46   1   b45     —  CHARGE, BRK-B45
    81     CS   58.387   383.2   0.23   2.19   2.96   0     —     —  —
    82     CS   58.677   362.2   0.52   2.48   3.25   0     —     —  —
    83   CUST   58.899   336.7   0.74   2.70   3.48   0     —     —  —
    84   CUST   59.475   328.3   0.82   2.78   4.05   0     —     —  —
    85     CS   60.173   308.5   1.01   2.98   4.75   0     —     —  —
    86     CS   60.434   281.4   1.27   3.24   5.01   0     —     —  —
    87     CS   60.678   252.9   1.52   3.48   5.25   0     —     —  —
    88     CS   60.932   225.2   1.77   3.74   5.51   0     —     —  —
    89     CS   61.198   198.2   2.04   4.00   5.77   0     —     —  —
    90     CS   61.517   174.4   2.36   4.32   6.09   0     —     —  —
    91     CS   61.852   151.2   2.69   4.66   6.43   0     —     —  —
    92     CS   62.356   112.1   3.20   5.16   6.93   1   b45     —  CHARGE, BRK-B45
    93     CS   63.667   373.9   0.20   5.36   7.43   0     —     —  —
    94     CS   63.862   351.5   0.40   5.56   7.63   0     —     —  —
    95     CS   64.073   330.5   0.61   5.77   7.84   0     —     —  —
    96     CS   64.304   303.5   0.84   6.00   8.07   0     —     —  —
    97     CS   64.661   283.1   1.20   6.36   8.43   0     —     —  —
    98     CS   64.902   256.9   1.44   6.60   8.67   0     —     —  —
    99     CS   65.149   230.5   1.68   6.85   8.92   0     —     —  —
   100     CS   65.382   202.7   1.92   7.08   9.15   0     —     —  —
   101     CS   65.622   175.5   2.16   7.32   9.39   0     —     —  —
   102     CS   65.883   150.1   2.42   7.58   9.65   1   b45     —  CHARGE, BRK-B45
   103     CS   67.616   428.7   0.48   8.06  10.40   0     —     —  —
   104     CS   67.909   396.3   0.78   8.35  10.70   0     —     —  —
   105     CS   68.116   375.0   0.98   8.56  10.90   0     —     —  —
   106     CS   68.327   354.0   1.19   8.77  11.12   0     —    r2  REST-R2
   107     CS   77.699   332.5   0.20   0.20   0.20   0     —     —  —
   108     CS   77.965   300.8   0.47   0.47   0.47   0     —     —  —
   109     CS   78.237   269.8   0.74   0.74   0.74   0     —     —  —
   110   CUST   78.525   240.0   1.03   1.03   1.03   0     —     —  —
   111     CS   79.348   212.5   1.35   1.35   1.85   0     —     —  —
   112     CS   79.634   182.4   1.64   1.64   2.14   0     —     —  —
   113   CUST   79.936   158.1   1.94   1.94   2.44   0     —     —  —
   114   CUST   80.668   133.1   2.17   2.17   3.17   0     —     —  —
   115   CUST   81.204   129.4   2.21   2.21   3.71   0     —     —  —
   116   CUST   81.762   122.9   2.27   2.27   4.27   0     —     —  —
   117     CS   82.288   120.4   2.29   2.29   4.79   1   b45     —  CHARGE, BRK-B45
   118   CUST   83.641   326.0   0.35   2.64   5.40   0     —     —  —
   119   CUST   84.526   290.8   0.73   3.03   6.28   0     —     —  —
   120     CS   85.026   290.8   0.73   3.03   6.78   0     —     —  —
   121     CS   85.236   280.8   0.94   3.24   6.99   0     —     —  —
   122     CS   85.513   251.7   1.22   3.51   7.27   0     —     —  —
   123     CS   85.789   222.5   1.49   3.79   7.54   0     —     —  —
   124     CS   86.056   192.5   1.76   4.05   7.81   0     —     —  —
   125     CS   86.339   169.3   2.05   4.34   8.10   0     —     —  —
   126     CS   86.584   143.6   2.29   4.58   8.34   0     —     —  —
   127     CS   86.818   116.8   2.52   4.82   8.57   1   b45     —  CHARGE, BRK-B45
   128     CS   88.335   412.2   0.29   5.11   9.06   0     —     —  —
   129     CS   88.650   381.6   0.61   5.42   9.37   0     —     —  —
   130     CS   88.907   350.6   0.86   5.68   9.63   0     —     —  —
   131     CS   89.167   319.9   1.12   5.94   9.89   0     —     —  —
   132     CS   89.430   289.6   1.39   6.20  10.15   0     —     —  —
   133     CS   89.635   264.9   1.59   6.41  10.36   0     —     —  —
   134     CS   89.840   240.2   1.80   6.61  10.56   0     —     —  —
   135     CS   90.049   215.9   2.00   6.82  10.77   0     —     —  —
   136     CS   90.357   184.8   2.31   7.13  11.08   0     —     —  —
   137     CS   90.640   151.6   2.60   7.41  11.36   1     —    r1  CHARGE, REST-R1
   138     CS  102.993   367.0   0.29   0.29   0.29   0     —     —  —
   139     CS  103.263   335.5   0.56   0.56   0.56   0     —     —  —
   140     CS  103.555   305.9   0.85   0.85   0.85   0     —     —  —
   141     CS  103.840   275.7   1.14   1.14   1.14   0     —     —  —
   142     CS  104.321   229.4   1.62   1.62   1.62   0     —     —  —
   143     CS  104.617   200.7   1.91   1.91   1.91   0     —     —  —
   144     CS  104.880   169.1   2.18   2.18   2.18   1   b45     —  CHARGE, BRK-B45
   145     CS  106.346   341.1   0.26   2.44   2.89   0     —     —  —
   146     CS  106.600   311.7   0.52   2.70   3.15   0     —     —  —
   147     CS  106.853   282.2   0.77   2.95   3.40   0     —     —  —
   148     CS  107.103   252.3   1.02   3.20   3.65   0     —     —  —
   149     CS  107.542   200.2   1.46   3.64   4.09   1     —     —  CHARGE
   150     CS  108.423   308.6   1.70   3.88   4.97   0     —     —  —
   151     CS  108.671   281.0   1.95   4.13   5.22   0     —     —  —
   152     CS  108.914   253.0   2.19   4.37   5.46   0     —     —  —
[8/33] RlongCmanyTtight_8           labelled   59 states in 131.0 min
  ScenarioTracker saved: /mnt/beegfs/users/celinep/ChargeAndBreak/ML/logs/RlongCmediumTtight_7_DAGGER1_S1_H24_20260821_195117_scenarios.json

  === SIMULATION TRAJECTORY ===
  stop   type    t_arr     soc     cd     sd     sw   y   brk   rst  action
  ───────────────────────────────────────────────────────────────────────────────────────────────
     0   ORIG    8.000   500.0   0.00   0.00   0.00   0     —     —  —
     1     CS    8.243   474.9   0.24   0.24   0.24   0     —     —  —
     2     CS    8.487   449.8   0.49   0.49   0.49   0     —     —  —
     3     CS    8.741   425.5   0.74   0.74   0.74   0     —     —  —
     4     CS    8.964   399.4   0.96   0.96   0.96   0     —     —  —
     5     CS    9.206   374.9   1.21   1.21   1.21   0     —     —  —
     6     CS    9.505   353.6   1.51   1.51   1.51   0     —     —  —
     7     CS    9.758   323.5   1.76   1.76   1.76   0     —     —  —
     8     CS   10.041   296.0   2.04   2.04   2.04   0     —     —  —
     9     CS   10.306   265.8   2.31   2.31   2.31   0     —     —  —
    10     CS   10.564   234.9   2.56   2.56   2.56   0     —     —  —
    11     CS   10.838   205.6   2.84   2.84   2.84   1   b45     —  CHARGE, BRK-B45
    12     CS   12.339   443.9   0.24   3.08   3.45   0     —     —  —
    13     CS   12.585   421.1   0.48   3.32   3.69   0     —     —  —
    14     CS   12.849   399.5   0.75   3.59   3.96   0     —     —  —
    15     CS   13.079   375.5   0.98   3.82   4.19   0     —     —  —
    16     CS   13.272   352.9   1.17   4.01   4.38   0     —     —  —
    17     CS   13.508   333.5   1.41   4.24   4.62   0     —     —  —
    18     CS   13.716   312.2   1.61   4.45   4.82   0     —     —  —
    19     CS   13.998   285.6   1.90   4.73   5.11   0     —     —  —
    20     CS   14.282   259.3   2.18   5.02   5.39   0     —     —  —
    21     CS   14.511   235.2   2.41   5.25   5.62   0     —     —  —
    22     CS   14.766   213.0   2.66   5.50   5.87   0     —     —  —
    23     CS   15.012   190.3   2.91   5.75   6.12   0     —     —  —
    24     CS   15.234   165.7   3.13   5.97   6.34   1   b45     —  CHARGE, BRK-B45
    25     CS   16.632   415.0   0.30   6.27   6.89   0     —     —  —
    26     CS   16.852   389.4   0.52   6.49   7.11   0     —     —  —
    27     CS   17.082   364.7   0.75   6.72   7.34   0     —     —  —
    28     CS   17.287   343.2   0.95   6.92   7.55   0     —     —  —
    29     CS   17.516   323.4   1.18   7.15   7.78   0     —     —  —
    30     CS   17.716   301.5   1.38   7.35   7.98   0     —     —  —
    31     CS   17.959   273.4   1.62   7.59   8.22   0     —     —  —
    32     CS   18.207   245.8   1.87   7.84   8.47   0     —     —  —
    33     CS   18.519   222.4   2.18   8.15   8.78   0     —     —  —
    34     CS   18.774   195.4   2.44   8.41   9.03   0     —     —  —
    35     CS   19.389   157.2   3.05   9.02   9.65   1   b45     —  CHARGE, BRK-B45
    36     CS   20.696   402.3   0.23   9.25  10.12   0     —     —  —
    37     CS   20.921   376.3   0.45   9.48  10.35   0     —    r2  REST-R2
    38     CS   30.327   351.7   0.24   0.24   0.24   0     —     —  —
    39     CS   30.550   326.5   0.46   0.46   0.46   0     —     —  —
    40     CS   30.769   301.0   0.68   0.68   0.68   0     —     —  —
    41     CS   31.013   277.5   0.93   0.93   0.93   0     —     —  —
    42     CS   31.245   253.2   1.16   1.16   1.16   0     —     —  —
    43     CS   31.522   224.9   1.43   1.43   1.43   0     —     —  —
    44     CS   31.793   196.0   1.71   1.71   1.71   0     —     —  —
    45     CS   32.132   171.3   2.04   2.04   2.04   0     —     —  —
    46     CS   32.461   135.1   2.37   2.37   2.37   1   b45     —  CHARGE, BRK-B45
    47     CS   33.933   388.9   0.27   2.64   2.99   0     —     —  —
    48     CS   34.218   358.8   0.56   2.93   3.27   0     —     —  —
    49     CS   34.489   327.4   0.83   3.20   3.54   0     —     —  —
    50     CS   34.808   299.7   1.15   3.52   3.86   0     —     —  —
    51     CS   35.074   269.6   1.41   3.78   4.13   0     —     —  —
    52     CS   35.322   240.2   1.66   4.03   4.38   0     —     —  —
    53     CS   35.574   211.1   1.91   4.28   4.63   0     —     —  —
    54   CUST   35.823   181.9   2.16   4.53   4.88   0     —     —  —
    55     CS   36.705   137.5   2.54   4.92   5.76   1   b45     —  CHARGE, BRK-B45
    56     CS   38.077   388.3   0.27   5.18   6.32   0     —     —  —
    57     CS   38.331   363.5   0.52   5.44   6.57   0     —     —  —
    58     CS   38.805   312.3   0.99   5.91   7.05   0     —     —  —
    59     CS   39.079   288.7   1.27   6.18   7.32   0     —     —  —
    60     CS   39.347   264.8   1.54   6.45   7.59   0     —     —  —
    61     CS   39.579   238.1   1.77   6.68   7.82   0     —     —  —
    62     CS   39.843   214.0   2.03   6.95   8.08   0     —     —  —
    63     CS   40.102   184.5   2.29   7.21   8.34   0     —     —  —
    64     CS   40.356   154.4   2.54   7.46   8.60   1   b45     —  CHARGE, BRK-B45
    65     CS   41.753   415.2   0.21   7.67   9.10   0     —     —  —
    66     CS   41.958   391.3   0.42   7.88   9.31   0     —     —  —
    67     CS   42.166   367.8   0.63   8.09   9.51   0     —     —  —
    68     CS   42.429   339.7   0.89   8.35   9.78   0     —     —  —
    69     CS   42.732   314.5   1.19   8.65  10.08   0     —     —  —
    70     CS   42.984   285.5   1.44   8.90  10.33   0     —    r2  REST-R2
    71     CS   52.393   256.3   0.24   0.24   0.24   0     —     —  —
    72     CS   52.636   227.2   0.49   0.49   0.49   0     —     —  —
    73     CS   52.991   204.7   0.84   0.84   0.84   0     —     —  —
    74     CS   53.248   178.5   1.10   1.10   1.10   0     —     —  —
    75     CS   53.525   153.6   1.37   1.37   1.37   0     —     —  —
    76     CS   53.767   126.0   1.62   1.62   1.62   1   b45     —  CHARGE, BRK-B45
    77     CS   55.154   379.6   0.28   1.90   2.16   0     —     —  —
    78     CS   55.452   348.9   0.58   2.20   2.46   0     —     —  —
    79     CS   55.708   321.8   0.84   2.45   2.72   0     —     —  —
    80     CS   55.973   295.4   1.10   2.72   2.98   0     —     —  —
    81     CS   56.219   267.5   1.35   2.96   3.23   0     —     —  —
    82     CS   56.567   239.6   1.70   3.31   3.57   0     —     —  —
    83     CS   56.883   209.8   2.01   3.63   3.89   0     —     —  —
    84     CS   57.178   178.5   2.31   3.92   4.19   1   b45     —  CHARGE, BRK-B45
    85     CS   58.690   418.7   0.26   4.18   4.85   0     —     —  —
    86     CS   58.931   391.8   0.50   4.42   5.09   0     —     —  —
    87     CS   59.166   364.3   0.74   4.66   5.32   0     —     —  —
    88     CS   59.485   340.8   1.05   4.98   5.64   0     —     —  —
    89     CS   59.748   313.9   1.32   5.24   5.90   0     —     —  —
    90     CS   60.129   286.9   1.70   5.62   6.28   0     —     —  —
    91     CS   60.423   254.7   1.99   5.92   6.58   0     —     —  —
    92     CS   60.923   230.7   2.49   6.42   7.08   0     —     —  —
    93     CS   61.205   199.7   2.77   6.70   7.36   0     —     —  —
    94   CUST   61.479   168.0   3.05   6.97   7.63   0     —     —  —
    95   CUST   62.040   160.6   3.11   7.03   8.20   0     —     —  —
    96     CS   62.999   124.8   3.57   7.49   9.15   1   b45     —  CHARGE, BRK-B45
    97     CS   64.388   382.6   0.28   7.77   9.68   0     —     —  —
    98     CS   64.637   355.7   0.53   8.02   9.93   0     —     —  —
    99     CS   64.884   328.6   0.78   8.27  10.18   0     —     —  —
   100     CS   65.121   300.6   1.02   8.51  10.42   0     —     —  —
   101     CS   65.383   274.7   1.28   8.77  10.68   0     —     —  —
   102     CS   65.691   245.8   1.59   9.08  10.99   0     —     —  —
   103     CS   65.966   214.1   1.86   9.35  11.26   0     —     —  —
   104     CS   66.237   182.1   2.13   9.62  11.53   0     —    r2  REST-R2
   105     CS   75.693   151.8   0.29   0.29   0.29   0     —     —  —
   106     CS   75.977   120.9   0.57   0.57   0.57   1   b45     —  CHARGE, BRK-B45
   107     CS   77.599   395.8   0.30   0.87   1.25   0     —     —  —
   108     CS   77.866   365.3   0.57   1.14   1.52   0     —     —  —
   109     CS   78.143   335.5   0.84   1.42   1.79   0     —     —  —
   110     CS   78.418   305.7   1.12   1.69   2.07   0     —     —  —
   111     CS   78.700   276.4   1.40   1.97   2.35   0     —     —  —
   112     CS   79.146   227.4   1.85   2.42   2.79   0     —     —  —
   113     CS   79.360   205.9   2.06   2.63   3.01   0     —     —  —
   114     CS   79.582   184.9   2.28   2.85   3.23   0     —     —  —
   115     CS   79.805   164.0   2.50   3.08   3.45   1   b45     —  CHARGE, BRK-B45
   116     CS   81.154   407.3   0.26   3.33   3.95   0     —     —  —
   117     CS   81.429   379.7   0.53   3.61   4.22   0     —     —  —
   118     CS   81.681   350.2   0.78   3.86   4.47   0     —     —  —
   119     CS   81.930   320.2   1.03   4.11   4.72   0     —     —  —
   120     CS   82.209   296.5   1.31   4.39   5.00   0     —     —  —
   121     CS   82.451   270.1   1.55   4.63   5.24   0     —     —  —
   122     CS   82.871   250.0   1.97   5.05   5.66   0     —     —  —
   123     CS   83.177   226.7   2.28   5.35   5.97   0     —     —  —
   124     CS   83.446   201.4   2.55   5.62   6.24   0     —     —  —
   125     CS   83.687   173.7   2.79   5.86   6.48   1   b45     —  CHARGE, BRK-B45
   126     CS   84.953   398.0   0.27   6.13   6.98   0     —     —  —
   127     CS   85.205   371.4   0.52   6.38   7.23   0     —     —  —
   128     CS   85.477   338.6   0.79   6.65   7.50   0     —     —  —
   129     CS   85.753   306.3   1.07   6.93   7.78   0     —     —  —
   130     CS   86.067   277.1   1.38   7.25   8.09   0     —     —  —
   131     CS   86.298   249.6   1.61   7.48   8.32   0     —     —  —
   132   CUST   86.536   222.9   1.85   7.71   8.56   0     —     —  —
   133   CUST   87.310   200.8   2.12   7.99   9.34   0     —     —  —
   134     CS   87.908   190.8   2.22   8.09   9.93   0     —     —  —
   135     CS   88.145   164.6   2.46   8.32  10.17   0     —     —  —
   136   CUST   88.406   140.3   2.72   8.58  10.43   0     —     —  —
   137     CS   89.139   113.1   2.95   8.82  11.17   1     —    r1  CHARGE, REST-R1
   138     CS  101.526   374.4   0.28   0.28   0.28   0     —     —  —
   139     CS  101.816   346.8   0.57   0.57   0.57   0     —     —  —
   140     CS  102.298   302.7   1.05   1.05   1.05   0     —     —  —
   141     CS  102.540   280.4   1.30   1.30   1.30   0     —     —  —
   142     CS  102.759   256.2   1.51   1.51   1.51   0     —     —  —
   143     CS  102.981   232.4   1.74   1.74   1.74   0     —     —  —
   144     CS  103.256   202.4   2.01   2.01   2.01   0     —     —  —
   145     CS  103.543   173.3   2.30   2.30   2.30   0     —     —  —
   146     CS  103.806   142.1   2.56   2.56   2.56   1   b45     —  CHARGE, BRK-B45
   147     CS  105.150   413.5   0.22   2.78   2.98   0     —     —  —
   148     CS  105.361   389.4   0.43   2.99   3.19   0     —     —  —
   149     CS  105.592   367.0   0.66   3.22   3.42   0     —     —  —
   150     CS  105.837   342.6   0.90   3.46   3.67   0     —     —  —
   151     CS  106.089   318.7   1.16   3.72   3.92   0     —     —  —
   152     CS  106.330   293.9   1.40   3.96   4.16   0     —     —  —
   153     CS  106.560   268.3   1.63   4.19   4.39   0     —     —  —
   154     CS  106.797   248.9   1.86   4.42   4.63   0     —     —  —
   155     CS  106.993   226.6   2.06   4.62   4.83   0     —     —  —
   156     CS  107.184   203.8   2.25   4.81   5.02   0     —     —  —
   157     CS  107.480   174.0   2.55   5.11   5.31   0     —     —  —
   158     CS  107.757   142.6   2.82   5.38   5.59   0     —     —  —
   159     CS  108.070   114.0   3.14   5.70   5.90   1   b45     —  CHARGE, BRK-B45
   160     CS  109.508   396.8   0.20   5.89   6.42   0     —     —  —
   161     CS  109.708   374.1   0.40   6.09   6.62   0     —     —  —
   162     CS  109.905   351.0   0.59   6.29   6.82   0     —     —  —
   163     CS  110.192   319.4   0.88   6.58   7.11   0     —     —  —
   164     CS  110.472   287.0   1.16   6.86   7.39   0     —     —  —
   165     CS  110.713   260.9   1.40   7.10   7.63   0     —     —  —
   166     CS  110.954   234.8   1.64   7.34   7.87   0     —     —  —
   167     CS  111.210   210.0   1.90   7.60   8.13   1     —    r1  CHARGE, REST-R1
   168     CS  123.786   429.5   0.23   0.23   0.23   0     —     —  —
   169     CS  124.025   404.0   0.47   0.47   0.47   0     —     —  —
   170     CS  124.302   381.1   0.75   0.75   0.75   0     —     —  —
   171     CS  124.553   356.6   1.00   1.00   1.00   0     —     —  —
   172     CS  124.940   320.6   1.39   1.39   1.39   0     —     —  —
   173     CS  125.174   293.0   1.62   1.62   1.62   0     —     —  —
   174     CS  125.408   265.5   1.85   1.85   1.85   0     —     —  —
   175     CS  125.670   240.3   2.12   2.12   2.12   0     —     —  —
   176     CS  125.898   215.1   2.34   2.34   2.34   0     —     —  —
   177     CS  126.120   189.2   2.57   2.57   2.57   0     —     —  —
   178     CS  126.340   163.2   2.79   2.79   2.79   0     —     —  —
   179     CS  126.591   139.8   3.04   3.04   3.04   1     —     —  CHARGE
   180     CS  127.584   282.7   3.25   3.25   4.03   0     —     —  —
   181     CS  127.802   259.2   3.46   3.46   4.25   0     —     —  —
[9/33] RlongCmediumTtight_7         labelled   66 states in 139.5 min
  ScenarioTracker saved: /mnt/beegfs/users/celinep/ChargeAndBreak/ML/logs/RshortCmanyTtight_12_DAGGER1_S1_H24_20260821_221049_scenarios.json

  === SIMULATION TRAJECTORY ===
  stop   type    t_arr     soc     cd     sd     sw   y   brk   rst  action
  ───────────────────────────────────────────────────────────────────────────────────────────────
     0   ORIG    8.000   500.0   0.00   0.00   0.00   0     —     —  —
     1     CS    8.224   473.1   0.22   0.22   0.22   0     —     —  —
     2     CS    8.456   447.1   0.46   0.46   0.46   0     —     —  —
     3     CS    8.681   420.2   0.68   0.68   0.68   0     —     —  —
     4     CS    8.915   395.5   0.92   0.92   0.92   0     —     —  —
     5     CS    9.137   369.7   1.14   1.14   1.14   0     —     —  —
     6     CS    9.373   345.1   1.37   1.37   1.37   0     —     —  —
     7     CS    9.592   318.9   1.59   1.59   1.59   0     —     —  —
     8     CS    9.893   288.4   1.89   1.89   1.89   0     —     —  —
     9     CS   10.172   256.0   2.17   2.17   2.17   0     —     —  —
    10     CS   10.411   228.1   2.41   2.41   2.41   0     —     —  —
    11     CS   10.652   200.5   2.65   2.65   2.65   0     —     —  —
    12     CS   10.942   176.4   2.94   2.94   2.94   0     —     —  —
    13     CS   11.381   129.0   3.38   3.38   3.38   1   b45     —  CHARGE, BRK-B45
    14     CS   13.056   452.4   0.23   3.61   3.91   0     —     —  —
    15     CS   13.286   430.0   0.46   3.84   4.14   0     —     —  —
    16     CS   13.515   407.4   0.69   4.07   4.37   0     —     —  —
    17     CS   13.758   378.1   0.93   4.31   4.61   0     —     —  —
    18     CS   14.034   351.6   1.21   4.59   4.88   0     —     —  —
    19     CS   14.286   323.2   1.46   4.84   5.14   0     —     —  —
    20     CS   14.535   294.6   1.71   5.09   5.39   0     —     —  —
    21     CS   14.800   272.3   1.97   5.35   5.65   0     —     —  —
    22     CS   15.023   247.0   2.20   5.58   5.87   0     —     —  —
    23     CS   15.242   221.2   2.42   5.80   6.09   1   b45     —  CHARGE, BRK-B45
    24   CUST   16.804   319.8   0.39   6.19   6.90   0     —     —  —
    25   CUST   17.660   282.5   0.75   6.54   7.76   0     —     —  —
    26     CS   18.398   255.8   0.98   6.78   8.50   0     —     —  —
    27   CUST   18.658   230.8   1.24   7.04   8.76   0     —     —  —
    28     CS   19.158   230.8   1.24   7.04   9.26   0     —     —  —
    29     CS   19.175   228.9   1.26   7.06   9.28   1     —     —  CHARGE
    30     CS   20.026   342.8   1.50   7.30  10.13   0     —     —  —
    31     CS   20.264   318.7   1.74   7.54  10.37   0     —     —  —
    32   CUST   20.500   294.5   1.98   7.77  10.60   0     —     —  —
    33     CS   21.238   267.0   2.21   8.01  11.34   0     —     —  —
    34     CS   21.489   240.6   2.46   8.26  11.59   0     —     —  —
    35     CS   21.749   215.0   2.73   8.52  11.85   1   b45     —  CHARGE, BRK-B45
    36   CUST   23.095   420.1   0.28   8.80  12.44   0     —    r2  REST-R2
    37   CUST   32.867   389.4   0.27   0.27   0.27   0     —     —  —
    38     CS   33.634   371.3   0.54   0.54   1.04   0     —     —  —
    39   CUST   33.810   350.7   0.71   0.71   1.21   0     —     —  —
    40   CUST   34.583   320.1   0.99   0.99   1.99   0     —     —  —
    41     CS   35.143   313.7   1.05   1.05   2.55   0     —     —  —
    42     CS   35.540   266.0   1.45   1.45   2.95   0     —     —  —
    43     CS   35.899   238.9   1.80   1.80   3.30   0     —     —  —
    44     CS   36.189   207.5   2.09   2.09   3.59   0     —     —  —
    45     CS   36.461   177.2   2.37   2.37   3.87   0     —     —  —
    46     CS   36.742   147.7   2.65   2.65   4.15   0     —     —  —
    47     CS   37.075   121.4   2.98   2.98   4.48   1     —     —  CHARGE

  [!] TRAJECTORY INFEASIBLE -- 1 violation(s):
     stop 36: spread h=15.095h > 15.0h (daily rest not completed within 24h window)
[10/33] RshortCmanyTtight_12         labelled   20 states in  23.5 min
  ScenarioTracker saved: /mnt/beegfs/users/celinep/ChargeAndBreak/ML/logs/RshortCfewTtight_2_DAGGER1_S1_H24_20260821_223419_scenarios.json

  === SIMULATION TRAJECTORY ===
  stop   type    t_arr     soc     cd     sd     sw   y   brk   rst  action
  ───────────────────────────────────────────────────────────────────────────────────────────────
     0   ORIG    8.000   500.0   0.00   0.00   0.00   0     —     —  —
     1     CS    8.233   474.0   0.23   0.23   0.23   0     —     —  —
     2     CS    8.466   448.0   0.47   0.47   0.47   0     —     —  —
     3     CS    8.691   421.2   0.69   0.69   0.69   0     —     —  —
     4     CS    8.943   394.5   0.94   0.94   0.94   0     —     —  —
     5     CS    9.191   367.6   1.19   1.19   1.19   0     —     —  —
     6     CS    9.514   337.6   1.51   1.51   1.51   0     —     —  —
     7     CS    9.815   305.9   1.81   1.81   1.81   0     —     —  —
     8     CS   10.108   273.6   2.11   2.11   2.11   0     —     —  —
     9     CS   10.342   246.1   2.34   2.34   2.34   0     —     —  —
    10     CS   10.703   225.2   2.70   2.70   2.70   0     —     —  —
    11     CS   11.116   205.4   3.12   3.12   3.12   0     —     —  —
    12     CS   11.421   174.1   3.42   3.42   3.42   0     —     —  —
    13     CS   11.702   140.6   3.70   3.70   3.70   1   b45     —  CHARGE, BRK-B45
    14     CS   13.034   393.7   0.25   3.95   4.19   0     —     —  —
    15     CS   13.303   367.8   0.51   4.22   4.45   0     —     —  —
    16     CS   13.583   342.6   0.79   4.50   4.73   0     —     —  —
    17     CS   13.832   315.1   1.04   4.75   4.98   0     —     —  —
    18     CS   14.101   286.6   1.31   5.01   5.25   0     —     —  —
    19     CS   14.364   257.3   1.57   5.28   5.52   0     —     —  —
    20     CS   14.580   233.8   1.79   5.49   5.73   0     —     —  —
    21     CS   14.824   212.2   2.03   5.74   5.98   0     —     —  —
    22     CS   15.030   187.7   2.24   5.94   6.18   1   b45     —  CHARGE, BRK-B45
    23     CS   16.298   377.4   0.24   6.19   6.70   0     —     —  —
    24     CS   16.550   350.0   0.50   6.44   6.95   0     —     —  —
    25   CUST   16.794   321.8   0.74   6.68   7.20   0     —    r2  REST-R2
    26     CS   26.334   317.2   0.04   0.04   0.04   0     —     —  —
    27     CS   26.542   294.0   0.25   0.25   0.25   0     —     —  —
    28     CS   26.750   270.9   0.46   0.46   0.46   0     —     —  —
    29     CS   26.956   247.5   0.66   0.66   0.66   0     —     —  —
    30     CS   27.193   220.3   0.90   0.90   0.90   0     —     —  —
    31     CS   27.434   193.5   1.14   1.14   1.14   0     —     —  —
    32     CS   27.712   169.4   1.42   1.42   1.42   1   b45     —  CHARGE, BRK-B45
    33     CS   28.991   349.6   0.29   1.70   1.95   0     —     —  —
    34   CUST   29.272   317.3   0.57   1.98   2.23   0     —     —  —
    35     CS   29.950   299.2   0.75   2.16   2.91   0     —     —  —
    36     CS   30.204   270.0   1.00   2.42   3.16   0     —     —  —
    37     CS   30.607   248.0   1.40   2.82   3.56   0     —     —  —
    38     CS   30.864   219.0   1.66   3.08   3.82   0     —     —  —
    39     CS   31.306   178.4   2.10   3.52   4.26   1   b45     —  CHARGE, BRK-B45
    40     CS   32.586   295.5   0.33   3.84   4.79   0     —     —  —
    41     CS   32.851   268.2   0.59   4.11   5.06   0     —     —  —
    42     CS   33.111   240.5   0.85   4.37   5.32   0     —     —  —
    43     CS   33.378   213.4   1.12   4.64   5.58   0     —     —  —
    44     CS   33.637   188.1   1.38   4.90   5.84   0     —     —  —
    45     CS   33.889   162.1   1.63   5.15   6.09   0     —     —  —
[11/33] RshortCfewTtight_2           labelled   13 states in  10.7 min
    [warn] teacher query failed @98: Solver failed to locate input problem file: /tmp/tmppz61q64z.pyomo.lp
  ScenarioTracker saved: /mnt/beegfs/users/celinep/ChargeAndBreak/ML/logs/RlongCfewTlarge_16_DAGGER1_S1_H24_20260821_224458_scenarios.json

  === SIMULATION TRAJECTORY ===
  stop   type    t_arr     soc     cd     sd     sw   y   brk   rst  action
  ───────────────────────────────────────────────────────────────────────────────────────────────
     0   ORIG    8.000   500.0   0.00   0.00   0.00   0     —     —  —
     1     CS    8.227   473.5   0.23   0.23   0.23   0     —     —  —
     2     CS    8.461   447.5   0.46   0.46   0.46   0     —     —  —
     3     CS    8.705   422.4   0.70   0.70   0.70   0     —     —  —
     4     CS    9.158   400.7   1.16   1.16   1.16   0     —     —  —
     5     CS    9.424   371.4   1.42   1.42   1.42   0     —     —  —
     6     CS    9.692   342.4   1.69   1.69   1.69   0     —     —  —
     7     CS    9.927   315.3   1.93   1.93   1.93   0     —     —  —
     8     CS   10.167   288.7   2.17   2.17   2.17   0     —     —  —
     9     CS   10.433   259.5   2.43   2.43   2.43   0     —     —  —
    10     CS   10.716   231.6   2.72   2.72   2.72   0     —     —  —
    11     CS   11.037   206.0   3.04   3.04   3.04   0     —     —  —
    12     CS   11.294   175.0   3.29   3.29   3.29   0     —     —  —
    13     CS   11.571   145.9   3.57   3.57   3.57   1   b45     —  CHARGE, BRK-B45
    14     CS   12.970   394.9   0.25   3.82   4.14   0     —     —  —
    15     CS   13.385   375.0   0.66   4.23   4.55   0     —     —  —
    16     CS   13.664   350.7   0.94   4.51   4.83   0     —     —  —
    17     CS   13.942   326.5   1.22   4.79   5.11   0     —     —  —
    18     CS   14.442   279.4   1.72   5.29   5.61   0     —     —  —
    19     CS   14.729   252.5   2.01   5.58   5.90   0     —     —  —
    20     CS   14.986   223.1   2.26   5.84   6.15   0     —     —  —
    21     CS   15.253   194.7   2.53   6.10   6.42   1   b45     —  CHARGE, BRK-B45
    22     CS   16.591   367.9   0.28   6.38   7.01   0     —     —  —
    23     CS   16.910   338.3   0.60   6.70   7.33   0     —     —  —
    24     CS   17.208   307.2   0.90   7.00   7.63   0     —     —  —
    25     CS   17.542   277.9   1.23   7.34   7.96   0     —     —  —
    26     CS   17.838   245.8   1.53   7.63   8.26   0     —     —  —
    27     CS   18.155   221.3   1.85   7.95   8.57   0     —     —  —
    28     CS   18.403   191.8   2.09   8.20   8.82   0     —     —  —
    29     CS   18.681   165.0   2.37   8.48   9.10   1   b45     —  CHARGE, BRK-B45
    30     CS   19.965   369.8   0.29   8.76   9.63   0     —     —  —
    31     CS   20.343   342.7   0.67   9.14  10.01   0     —     —  —
    32     CS   20.643   310.9   0.97   9.44  10.31   0     —     —  —
    33     CS   21.046   276.0   1.37   9.85  10.71   1     —    r2  CHARGE, REST-R2
    34     CS   31.056   398.4   0.26   0.26   0.26   0     —     —  —
    35     CS   31.313   367.4   0.52   0.52   0.52   0     —     —  —
    36     CS   31.581   337.5   0.79   0.79   0.79   0     —     —  —
    37     CS   31.876   309.8   1.08   1.08   1.08   0     —     —  —
    38     CS   32.306   259.1   1.51   1.51   1.51   0     —     —  —
    39     CS   32.553   237.8   1.76   1.76   1.76   0     —     —  —
    40     CS   32.802   216.5   2.01   2.01   2.01   0     —     —  —
    41     CS   33.036   194.4   2.24   2.24   2.24   0     —     —  —
    42     CS   33.246   169.3   2.45   2.45   2.45   0     —     —  —
    43     CS   33.478   146.2   2.69   2.69   2.69   0     —     —  —
    44     CS   33.696   122.0   2.90   2.90   2.90   1   b45     —  CHARGE, BRK-B45
    45     CS   35.181   412.5   0.24   3.14   3.40   0     —     —  —
    46     CS   35.435   386.7   0.49   3.39   3.65   0     —     —  —
    47     CS   35.679   360.1   0.73   3.64   3.89   0     —     —  —
    48     CS   35.956   339.7   1.01   3.91   4.17   0     —     —  —
    49     CS   36.167   314.8   1.22   4.13   4.38   0     —     —  —
    50     CS   36.405   292.2   1.46   4.36   4.62   0     —     —  —
    51     CS   36.713   261.1   1.77   4.67   4.93   0     —     —  —
    52     CS   37.002   228.4   2.06   4.96   5.22   0     —     —  —
    53     CS   37.287   195.3   2.34   5.24   5.50   0     —     —  —
    54     CS   37.525   172.0   2.58   5.48   5.74   0     —     —  —
    55     CS   37.753   147.9   2.81   5.71   5.97   0     —     —  —
    56     CS   37.974   123.1   3.03   5.93   6.19   1   b45     —  CHARGE, BRK-B45
    57     CS   39.517   411.3   0.29   6.22   6.72   0     —     —  —
    58     CS   39.956   386.1   0.73   6.66   7.16   0     —     —  —
    59     CS   40.269   355.5   1.04   6.98   7.47   0     —     —  —
    60     CS   40.465   332.4   1.24   7.17   7.67   0     —     —  —
    61     CS   40.661   309.2   1.44   7.37   7.87   0     —     —  —
    62     CS   40.886   288.5   1.66   7.59   8.09   0     —     —  —
    63     CS   41.090   266.9   1.87   7.80   8.29   0     —     —  —
    64     CS   41.411   250.3   2.19   8.12   8.62   0     —     —  —
    65     CS   41.636   230.2   2.41   8.34   8.84   0     —     —  —
    66     CS   41.860   205.7   2.64   8.57   9.06   0     —     —  —
    67     CS   42.122   184.0   2.90   8.83   9.33   0     —    r2  REST-R2
    68     CS   51.515   159.7   0.23   0.23   0.23   0     —     —  —
    69     CS   51.735   134.8   0.45   0.45   0.45   1   b45     —  CHARGE, BRK-B45
    70     CS   53.389   383.0   0.41   0.86   1.20   0     —     —  —
    71     CS   53.667   353.9   0.69   1.14   1.48   0     —     —  —
    72     CS   53.930   323.5   0.95   1.40   1.74   0     —     —  —
    73   CUST   54.267   298.2   1.29   1.74   2.08   0     —     —  —
    74     CS   55.027   268.1   1.55   2.00   2.84   0     —     —  —
    75     CS   55.298   239.0   1.82   2.27   3.11   0     —     —  —
    76     CS   55.476   218.7   2.00   2.45   3.29   1   b45     —  CHARGE, BRK-B45
    77     CS   56.749   410.6   0.24   2.69   3.81   0     —     —  —
    78     CS   56.988   382.8   0.48   2.93   4.05   0     —     —  —
    79     CS   57.255   357.4   0.75   3.20   4.32   0     —     —  —
    80     CS   57.548   328.0   1.04   3.49   4.61   0     —     —  —
    81     CS   57.819   296.8   1.31   3.76   4.88   0     —     —  —
    82     CS   58.095   266.1   1.59   4.04   5.16   0     —     —  —
    83     CS   58.324   240.5   1.82   4.26   5.39   0     —     —  —
    84     CS   58.564   215.9   2.06   4.50   5.63   0     —     —  —
    85     CS   58.805   191.3   2.30   4.74   5.87   0     —     —  —
    86     CS   59.045   162.7   2.54   4.98   6.11   0     —     —  —
    87     CS   59.309   136.3   2.80   5.25   6.37   0     —     —  —
    88     CS   59.554   108.3   3.05   5.49   6.62   1   b45     —  CHARGE, BRK-B45
    89     CS   60.972   396.1   0.19   5.68   7.11   0     —     —  —
    90     CS   61.165   373.6   0.38   5.88   7.30   0     —     —  —
    91     CS   61.364   351.5   0.58   6.08   7.50   0     —     —  —
    92     CS   61.628   325.1   0.85   6.34   7.76   0     —     —  —
    93     CS   61.893   298.8   1.11   6.61   8.03   0     —     —  —
    94     CS   62.275   277.4   1.49   6.99   8.41   0     —     —  —
    95     CS   62.534   251.4   1.75   7.25   8.67   0     —     —  —
    96     CS   62.773   223.6   1.99   7.49   8.91   0     —     —  —
    97     CS   63.001   196.5   2.22   7.71   9.14   0     —     —  —
    98     CS   63.238   170.3   2.46   7.95   9.37   0     —     —  —
    99     CS   63.482   144.6   2.70   8.19   9.62   0     —     —  —
   100     CS   63.780   122.3   3.00   8.49   9.91   1   b45     —  CHARGE, BRK-B45
   101     CS   65.236   332.7   0.47   8.97  10.62   0     —     —  —
   102     CS   65.480   304.7   0.72   9.21  10.86   0     —     —  —
   103     CS   65.729   277.3   0.97   9.46  11.11   0     —    r2  REST-R2
   104     CS   75.164   251.3   0.27   0.27   0.27   0     —     —  —
   105     CS   75.409   223.5   0.51   0.51   0.51   0     —     —  —
   106     CS   75.774   181.1   0.88   0.88   0.88   1   b45     —  CHARGE, BRK-B45
   107     CS   77.159   365.7   0.25   1.13   1.51   0     —     —  —
   108     CS   77.398   339.5   0.49   1.37   1.75   0     —     —  —
   109     CS   77.631   312.7   0.73   1.60   1.99   0     —     —  —
   110     CS   77.860   287.5   0.95   1.83   2.21   0     —     —  —
   111     CS   78.082   261.7   1.18   2.05   2.44   0     —     —  —
   112     CS   78.303   235.7   1.40   2.28   2.66   0     —     —  —
   113     CS   78.524   209.7   1.62   2.50   2.88   0     —     —  —
   114     CS   78.833   180.9   1.93   2.81   3.19   0     —     —  —
   115     CS   79.157   153.0   2.25   3.13   3.51   0     —     —  —
   116     CS   79.442   122.3   2.54   3.42   3.80   1   b45     —  CHARGE, BRK-B45
   117     CS   81.392   383.9   0.74   4.16   4.86   0     —     —  —
   118     CS   81.675   350.7   1.02   4.44   5.14   0     —     —  —
   119     CS   81.994   320.4   1.34   4.76   5.46   0     —     —  —
   120     CS   82.318   290.5   1.67   5.08   5.78   0     —     —  —
   121     CS   82.513   268.1   1.86   5.28   5.98   0     —     —  —
   122     CS   82.713   246.2   2.06   5.48   6.18   0     —     —  —
   123     CS   82.917   224.6   2.27   5.68   6.38   0     —     —  —
   124     CS   83.239   201.4   2.59   6.00   6.70   0     —     —  —
   125     CS   83.492   174.1   2.84   6.26   6.96   0     —     —  —
   126     CS   83.753   147.5   3.10   6.52   7.22   1   b45     —  CHARGE, BRK-B45
   127     CS   86.808   366.8   0.56   7.07   9.52   0     —    r1  REST-R1
   128     CS   98.216   341.6   0.24   0.24   0.24   0     —     —  —
   129     CS   98.460   316.5   0.49   0.49   0.49   0     —     —  —
   130     CS   98.733   293.4   0.76   0.76   0.76   0     —     —  —
   131     CS   99.008   262.6   1.03   1.03   1.03   0     —     —  —
   132     CS   99.272   230.7   1.30   1.30   1.30   0     —     —  —
   133     CS   99.542   199.4   1.57   1.57   1.57   1     —     —  CHARGE
   134     CS  100.332   299.4   1.79   1.79   2.36   0     —     —  —
   135     CS  100.547   274.1   2.00   2.00   2.57   0     —     —  —
   136     CS  100.772   249.7   2.23   2.23   2.80   0     —     —  —
   137     CS  101.063   226.6   2.52   2.52   3.09   0     —     —  —
   138     CS  101.343   203.0   2.80   2.80   3.37   0     —     —  —
   139     CS  101.600   177.8   3.05   3.05   3.63   0     —     —  —
[12/33] RlongCfewTlarge_16           labelled   51 states in  84.4 min
  ScenarioTracker saved: /mnt/beegfs/users/celinep/ChargeAndBreak/ML/logs/RmediumCfewTlarge_15_DAGGER1_S1_H24_20260822_000925_scenarios.json

  === SIMULATION TRAJECTORY ===
  stop   type    t_arr     soc     cd     sd     sw   y   brk   rst  action
  ───────────────────────────────────────────────────────────────────────────────────────────────
     0   ORIG    8.000   500.0   0.00   0.00   0.00   0     —     —  —
     1     CS    8.270   476.7   0.27   0.27   0.27   0     —     —  —
     2     CS    8.503   450.7   0.50   0.50   0.50   0     —     —  —
     3     CS    8.734   424.5   0.73   0.73   0.73   0     —     —  —
     4     CS    9.030   392.5   1.03   1.03   1.03   0     —     —  —
     5     CS    9.363   363.1   1.36   1.36   1.36   0     —     —  —
     6     CS    9.681   332.8   1.68   1.68   1.68   0     —     —  —
     7     CS   10.104   307.2   2.10   2.10   2.10   0     —     —  —
     8     CS   10.401   275.1   2.40   2.40   2.40   0     —     —  —
     9     CS   10.856   224.5   2.86   2.86   2.86   0     —     —  —
    10     CS   11.080   199.4   3.08   3.08   3.08   0     —     —  —
    11     CS   11.321   175.8   3.32   3.32   3.32   0     —     —  —
    12     CS   11.561   152.1   3.56   3.56   3.56   0     —     —  —
    13     CS   11.793   127.8   3.79   3.79   3.79   1   b45     —  CHARGE, BRK-B45
    14     CS   13.142   382.5   0.26   4.05   4.33   0     —     —  —
    15     CS   13.394   358.1   0.51   4.30   4.58   0     —     —  —
    16     CS   13.623   331.7   0.74   4.53   4.81   0     —     —  —
    17     CS   13.893   304.3   1.01   4.80   5.08   0     —     —  —
    18     CS   14.146   275.4   1.26   5.06   5.34   0     —     —  —
    19     CS   14.413   244.2   1.53   5.32   5.60   0     —     —  —
    20     CS   14.696   214.4   1.81   5.60   5.88   0     —     —  —
    21     CS   14.999   186.2   2.11   5.91   6.19   0     —     —  —
    22     CS   15.330   159.6   2.45   6.24   6.52   0     —     —  —
    23     CS   15.665   124.0   2.78   6.57   6.85   1   b45     —  CHARGE, BRK-B45
    24     CS   17.073   386.6   0.22   6.79   7.41   0     —     —  —
    25     CS   17.327   363.3   0.47   7.05   7.66   0     —     —  —
    26     CS   17.573   339.6   0.72   7.29   7.91   0     —     —  —
    27     CS   17.802   314.3   0.95   7.52   8.14   0     —     —  —
    28     CS   18.063   286.2   1.21   7.78   8.40   0     —     —  —
    29     CS   18.332   258.6   1.48   8.05   8.67   0     —     —  —
    30     CS   18.608   231.6   1.75   8.33   8.94   0     —     —  —
    31     CS   19.051   184.6   2.20   8.77   9.39   0     —     —  —
    32     CS   19.278   158.0   2.42   9.00   9.61   0     —     —  —
    33     CS   19.522   133.0   2.67   9.24   9.86   0     —     —  —
    34     CS   19.775   108.6   2.92   9.49  10.11   1   b45     —  CHARGE, BRK-B45
    35     CS   21.349   406.3   0.38   9.88  10.72   0     —    r2  REST-R2
    36     CS   30.784   382.4   0.27   0.27   0.27   0     —     —  —
    37     CS   31.021   356.1   0.50   0.50   0.50   0     —     —  —
    38   CUST   31.276   331.4   0.76   0.76   0.76   0     —     —  —
    39     CS   31.841   324.3   0.83   0.83   1.33   0     —     —  —
    40     CS   32.261   283.2   1.25   1.25   1.75   0     —     —  —
    41     CS   32.466   260.2   1.45   1.45   1.95   0     —     —  —
    42     CS   32.664   236.5   1.65   1.65   2.15   0     —     —  —
    43     CS   32.935   217.5   1.92   1.92   2.42   1   b45     —  CHARGE, BRK-B45
    44     CS   34.305   376.2   0.27   2.19   3.04   0     —     —  —
    45     CS   34.581   344.7   0.55   2.47   3.32   0     —     —  —
    46     CS   34.894   316.1   0.86   2.78   3.63   0     —     —  —
    47     CS   35.175   285.0   1.14   3.06   3.91   0     —     —  —
    48     CS   35.665   235.1   1.63   3.55   4.40   0     —     —  —
    49     CS   35.867   211.7   1.83   3.75   4.60   0     —     —  —
    50     CS   36.078   189.2   2.05   3.96   4.81   0     —     —  —
    51     CS   36.276   165.5   2.24   4.16   5.01   1   b45     —  CHARGE, BRK-B45
    52     CS   37.619   378.6   0.28   4.44   5.60   0     —     —  —
    53     CS   37.898   347.3   0.56   4.72   5.88   0     —     —  —
    54     CS   38.220   319.2   0.88   5.04   6.20   0     —     —  —
    55     CS   38.438   295.8   1.10   5.26   6.42   0     —     —  —
    56     CS   38.663   273.0   1.32   5.49   6.65   0     —     —  —
    57     CS   38.879   249.3   1.54   5.70   6.86   0     —     —  —
    58     CS   39.141   220.1   1.80   5.97   7.13   0     —     —  —
    59     CS   39.421   192.3   2.08   6.24   7.40   0     —     —  —
    60     CS   39.682   162.6   2.34   6.51   7.67   0     —     —  —
    61     CS   39.948   133.3   2.61   6.77   7.93   0     —     —  —
    62     CS   40.204   103.0   2.87   7.03   8.19   1   b45     —  CHARGE, BRK-B45
    63     CS   41.854   411.8   0.32   7.34   8.81   0     —     —  —
    64     CS   42.110   383.7   0.57   7.60   9.07   0     —     —  —
    65     CS   42.380   356.9   0.84   7.87   9.34   0     —     —  —
    66     CS   42.659   330.6   1.12   8.15   9.61   0     —     —  —
    67     CS   42.957   298.7   1.42   8.45   9.91   0     —     —  —
    68     CS   43.314   270.6   1.78   8.80  10.27   0     —     —  —
    69     CS   43.515   246.4   1.98   9.00  10.47   0     —     —  —
    70     CS   43.754   225.2   2.22   9.24  10.71   0     —     —  —
    71     CS   44.114   208.0   2.58   9.60  11.07   0     —     —  —
    72     CS   44.378   178.5   2.84   9.87  11.33   0     —    r2  REST-R2
    73     CS   53.908   154.7   0.36   0.36   0.36   0     —     —  —
[13/33] RmediumCfewTlarge_15         labelled   26 states in  38.1 min
  ScenarioTracker saved: /mnt/beegfs/users/celinep/ChargeAndBreak/ML/logs/RmediumCmanyTmedium_5_DAGGER1_S1_H24_20260822_004728_scenarios.json

  === SIMULATION TRAJECTORY ===
  stop   type    t_arr     soc     cd     sd     sw   y   brk   rst  action
  ───────────────────────────────────────────────────────────────────────────────────────────────
     0   ORIG    8.000   500.0   0.00   0.00   0.00   0     —     —  —
     1     CS    8.234   474.1   0.23   0.23   0.23   0     —     —  —
     2     CS    8.466   448.0   0.47   0.47   0.47   0     —     —  —
     3     CS    8.761   426.0   0.76   0.76   0.76   0     —     —  —
     4     CS    9.099   401.5   1.10   1.10   1.10   0     —     —  —
     5     CS    9.384   374.1   1.38   1.38   1.38   0     —     —  —
     6     CS    9.674   352.8   1.67   1.67   1.67   0     —     —  —
     7     CS    9.896   326.9   1.90   1.90   1.90   0     —     —  —
     8     CS   10.131   302.2   2.13   2.13   2.13   0     —     —  —
     9     CS   10.356   276.7   2.36   2.36   2.36   0     —     —  —
    10     CS   10.567   251.9   2.57   2.57   2.57   0     —     —  —
    11     CS   10.842   231.3   2.84   2.84   2.84   0     —     —  —
    12     CS   11.062   207.2   3.06   3.06   3.06   0     —     —  —
    13     CS   11.292   181.6   3.29   3.29   3.29   0     —     —  —
    14     CS   11.518   155.5   3.52   3.52   3.52   0     —     —  —
    15     CS   11.758   130.7   3.76   3.76   3.76   0     —     —  —
    16     CS   11.991   105.3   3.99   3.99   3.99   1   b45     —  CHARGE, BRK-B45
    17     CS   13.651   430.1   0.27   4.26   4.54   0     —     —  —
    18     CS   13.915   405.5   0.54   4.53   4.80   0     —     —  —
    19     CS   14.206   381.5   0.83   4.82   5.09   0     —     —  —
    20     CS   14.501   357.6   1.12   5.11   5.39   0     —     —  —
    21     CS   14.818   333.7   1.44   5.43   5.70   0     —     —  —
    22     CS   15.063   304.8   1.68   5.68   5.95   0     —     —  —
    23     CS   15.306   275.7   1.93   5.92   6.19   0     —     —  —
    24     CS   15.556   248.3   2.18   6.17   6.44   0     —     —  —
    25     CS   15.849   224.0   2.47   6.46   6.74   0     —     —  —
    26     CS   16.110   197.5   2.73   6.72   7.00   0     —     —  —
    27     CS   16.428   174.3   3.05   7.04   7.31   1   b45     —  CHARGE, BRK-B45
    28   CUST   17.927   361.0   0.36   7.40   8.06   0     —     —  —
    29     CS   18.683   334.1   0.61   7.66   8.82   0     —     —  —
    30     CS   18.923   305.8   0.86   7.90   9.06   0     —     —  —
    31     CS   19.165   285.1   1.10   8.14   9.30   0     —     —  —
    32     CS   19.374   262.0   1.31   8.35   9.51   0     —     —  —
    33     CS   19.585   239.1   1.52   8.56   9.72   0     —     —  —
    34   CUST   19.995   191.4   1.93   8.97  10.13   0     —     —  —
    35     CS   20.589   182.2   2.02   9.06  10.73   1     —    r2  CHARGE, REST-R2
    36     CS   30.891   380.0   0.29   0.29   0.29   0     —     —  —
    37     CS   31.190   350.0   0.59   0.59   0.59   0     —     —  —
    38     CS   31.475   319.0   0.87   0.87   0.87   0     —     —  —
    39     CS   31.784   290.1   1.18   1.18   1.18   0     —     —  —
    40     CS   32.076   260.0   1.47   1.47   1.47   0     —     —  —
    41     CS   32.274   237.0   1.67   1.67   1.67   0     —     —  —
    42     CS   32.471   214.0   1.87   1.87   1.87   0     —     —  —
    43     CS   32.696   193.3   2.09   2.09   2.09   0     —     —  —
    44     CS   32.977   169.4   2.37   2.37   2.37   0     —     —  —
    45     CS   33.247   144.7   2.64   2.64   2.64   0     —     —  —
    46     CS   33.500   118.9   2.90   2.90   2.90   1   b45     —  CHARGE, BRK-B45
    47     CS   34.970   404.0   0.22   3.11   3.41   0     —     —  —
    48     CS   35.228   381.5   0.47   3.37   3.67   0     —     —  —
    49     CS   35.455   356.7   0.70   3.60   3.90   0     —     —  —
    50   CUST   35.703   333.6   0.95   3.85   4.15   0     —     —  —
    51   CUST   36.594   302.7   1.34   4.24   5.04   0     —     —  —
    52   CUST   37.164   294.8   1.41   4.31   5.61   0     —     —  —
    53     CS   37.726   288.7   1.47   4.37   6.17   0     —     —  —
    54     CS   37.783   283.2   1.53   4.43   6.23   0     —     —  —
    55     CS   38.075   251.9   1.82   4.72   6.52   0     —     —  —
    56   CUST   38.378   221.5   2.12   5.02   6.82   0     —     —  —
    57   CUST   39.086   199.2   2.33   5.23   7.53   0     —     —  —
    58     CS   39.952   156.9   2.70   5.60   8.40   0     —     —  —
    59   CUST   40.057   148.4   2.80   5.70   8.50   0     —     —  —
    60     CS   40.614   142.9   2.86   5.76   9.06   1   b45     —  CHARGE, BRK-B45
    61     CS   41.972   402.5   0.25   6.01   9.55   0     —     —  —
    62     CS   42.201   375.8   0.48   6.24   9.78   0     —     —  —
    63     CS   42.432   349.3   0.71   6.47  10.01   0     —     —  —
    64     CS   42.663   322.9   0.95   6.70  10.24   0     —     —  —
    65     CS   43.102   270.7   1.38   7.14  10.68   0     —     —  —
    66     CS   43.367   245.0   1.65   7.41  10.94   0     —     —  —
    67     CS   43.603   216.9   1.89   7.64  11.18   0     —     —  —
    68     CS   43.837   188.5   2.12   7.88  11.41   0     —     —  —
    69     CS   44.067   168.1   2.35   8.11  11.64   0     —     —  —
    70     CS   44.362   150.4   2.64   8.40  11.94   0     —    r2  REST-R2
    71     CS   53.766   130.5   0.24   0.24   0.24   1   b45     —  CHARGE, BRK-B45
    72     CS   55.080   390.1   0.27   0.50   0.70   0     —     —  —
    73     CS   55.329   363.2   0.51   0.75   0.95   0     —     —  —
    74     CS   55.610   338.6   0.80   1.03   1.23   0     —     —  —
    75     CS   55.846   310.5   1.03   1.27   1.47   0     —     —  —
    76     CS   56.066   288.0   1.25   1.49   1.69   0     —     —  —
    77     CS   56.283   265.2   1.47   1.71   1.91   0     —     —  —
    78   CUST   56.492   241.7   1.68   1.92   2.11   0     —     —  —
    79     CS   57.431   197.7   2.12   2.35   3.05   0     —     —  —
    80     CS   57.565   188.7   2.25   2.49   3.19   0     —     —  —
    81     CS   57.824   162.7   2.51   2.75   3.45   0     —     —  —
    82     CS   58.244   142.6   2.93   3.17   3.87   0     —     —  —
    83     CS   58.494   115.7   3.18   3.42   4.12   1   b45     —  CHARGE, BRK-B45
    84     CS   60.029   409.6   0.24   3.66   4.66   0     —     —  —
    85     CS   60.276   384.8   0.48   3.90   4.91   0     —     —  —
    86     CS   60.573   362.9   0.78   4.20   5.21   0     —     —  —
    87     CS   60.802   336.5   1.01   4.43   5.44   0     —     —  —
    88     CS   61.069   305.3   1.28   4.70   5.70   0     —     —  —
    89     CS   61.334   273.9   1.54   4.96   5.97   0     —     —  —
    90     CS   61.553   252.7   1.76   5.18   6.19   0     —     —  —
    91     CS   61.750   229.7   1.96   5.38   6.38   0     —     —  —
    92     CS   61.956   207.6   2.17   5.58   6.59   1   b45     —  CHARGE, BRK-B45
    93     CS   63.174   414.7   0.22   5.80   7.06   0     —     —  —
    94     CS   63.394   389.2   0.44   6.02   7.28   0     —     —  —
    95     CS   63.634   365.5   0.68   6.26   7.52   0     —     —  —
    96     CS   63.859   340.5   0.90   6.49   7.74   0     —     —  —
    97     CS   64.085   313.9   1.13   6.71   7.97   0     —     —  —
    98     CS   64.316   287.7   1.36   6.94   8.20   0     —     —  —
    99     CS   64.543   261.1   1.59   7.17   8.43   0     —     —  —
   100     CS   64.785   235.1   1.83   7.41   8.67   0     —     —  —
   101     CS   65.020   208.5   2.07   7.65   8.90   0     —     —  —
   102     CS   65.273   183.4   2.32   7.90   9.16   0     —     —  —
   103     CS   65.494   161.0   2.54   8.12   9.38   0     —     —  —
   104     CS   65.726   139.3   2.77   8.35   9.61   0     —     —  —
[14/33] RmediumCmanyTmedium_5        labelled   35 states in  59.4 min
    [warn] teacher query failed @126: Solver (gurobi) did not exit normally
  ScenarioTracker saved: /mnt/beegfs/users/celinep/ChargeAndBreak/ML/logs/RlongCfewTlarge_6_DAGGER1_S1_H24_20260822_014649_scenarios.json

  === SIMULATION TRAJECTORY ===
  stop   type    t_arr     soc     cd     sd     sw   y   brk   rst  action
  ───────────────────────────────────────────────────────────────────────────────────────────────
     0   ORIG    8.000   500.0   0.00   0.00   0.00   0     —     —  —
     1     CS    8.305   478.4   0.31   0.31   0.31   0     —     —  —
     2     CS    8.536   452.2   0.54   0.54   0.54   0     —     —  —
     3     CS    8.763   425.6   0.76   0.76   0.76   0     —     —  —
     4     CS    9.019   402.2   1.02   1.02   1.02   0     —     —  —
     5     CS    9.248   376.5   1.25   1.25   1.25   0     —     —  —
     6     CS    9.518   353.9   1.52   1.52   1.52   0     —     —  —
     7     CS    9.745   328.0   1.74   1.74   1.74   0     —     —  —
     8     CS   10.117   308.6   2.12   2.12   2.12   0     —     —  —
     9     CS   10.349   283.1   2.35   2.35   2.35   0     —     —  —
    10     CS   10.606   259.6   2.61   2.61   2.61   0     —     —  —
    11     CS   10.868   231.4   2.87   2.87   2.87   0     —     —  —
    12     CS   11.174   206.3   3.17   3.17   3.17   0     —     —  —
    13     CS   11.403   184.5   3.40   3.40   3.40   0     —     —  —
    14     CS   11.613   161.1   3.61   3.61   3.61   0     —     —  —
    15     CS   11.837   138.9   3.84   3.84   3.84   1   b45     —  CHARGE, BRK-B45
    16     CS   13.042   381.1   0.20   4.04   4.28   0     —     —  —
    17     CS   13.248   358.9   0.41   4.25   4.48   0     —     —  —
    18     CS   13.453   336.6   0.61   4.45   4.69   0     —     —  —
    19     CS   13.660   312.1   0.82   4.66   4.90   0     —     —  —
    20     CS   13.874   288.3   1.04   4.87   5.11   0     —     —  —
    21     CS   14.099   265.5   1.26   5.10   5.34   0     —     —  —
    22     CS   14.368   237.3   1.53   5.37   5.60   0     —     —  —
    23     CS   14.638   209.1   1.80   5.64   5.87   0     —     —  —
    24     CS   14.896   179.9   2.06   5.89   6.13   1   b45     —  CHARGE, BRK-B45
    25     CS   16.084   379.7   0.24   6.13   6.57   0     —     —  —
    26     CS   16.311   353.8   0.47   6.36   6.80   0     —     —  —
    27     CS   16.573   330.5   0.73   6.62   7.06   0     —     —  —
    28     CS   16.850   308.2   1.01   6.90   7.34   0     —     —  —
    29     CS   17.129   278.0   1.28   7.18   7.62   0     —     —  —
    30     CS   17.420   248.9   1.57   7.47   7.91   0     —     —  —
    31     CS   17.705   220.5   1.86   7.76   8.19   0     —     —  —
    32     CS   17.980   191.2   2.14   8.03   8.47   1   b45     —  CHARGE, BRK-B45
    33     CS   19.248   388.6   0.27   8.30   8.98   0     —     —  —
    34     CS   19.616   367.1   0.64   8.67   9.35   0     —     —  —
    35     CS   19.864   339.5   0.88   8.91   9.60   0     —     —  —
    36     CS   20.207   317.2   1.23   9.26   9.94   0     —     —  —
    37     CS   20.500   288.3   1.52   9.55  10.24   0     —     —  —
    38     CS   20.801   259.9   1.82   9.85  10.54   0     —    r2  REST-R2
    39     CS   30.287   234.9   0.32   0.32   0.32   0     —     —  —
    40     CS   30.551   206.2   0.58   0.58   0.58   0     —     —  —
    41     CS   30.940   183.7   0.97   0.97   0.97   1   b45     —  CHARGE, BRK-B45
    42     CS   32.170   383.5   0.28   1.26   1.45   0     —     —  —
    43     CS   32.434   353.2   0.55   1.52   1.72   0     —     —  —
    44     CS   32.813   329.4   0.93   1.90   2.10   0     —     —  —
    45     CS   33.036   306.4   1.15   2.12   2.32   0     —     —  —
    46     CS   33.250   282.6   1.36   2.34   2.53   0     —     —  —
    47   CUST   33.482   260.2   1.59   2.57   2.76   0     —     —  —
    48     CS   34.233   236.8   1.85   2.82   3.52   0     —     —  —
    49     CS   34.536   209.0   2.15   3.12   3.82   0     —     —  —
    50     CS   34.804   178.5   2.42   3.39   4.09   1   b45     —  CHARGE, BRK-B45
    51     CS   36.208   434.8   0.27   3.66   4.59   0     —     —  —
    52     CS   36.426   412.2   0.49   3.88   4.80   0     —     —  —
    53     CS   36.630   388.2   0.69   4.08   5.01   0     —     —  —
    54     CS   36.871   362.2   0.94   4.32   5.25   0     —     —  —
    55     CS   37.100   335.0   1.16   4.55   5.48   0     —     —  —
    56     CS   37.354   309.9   1.42   4.81   5.73   0     —     —  —
    57     CS   37.639   280.8   1.70   5.09   6.02   0     —     —  —
    58     CS   37.904   249.7   1.97   5.36   6.28   0     —     —  —
    59     CS   38.193   220.9   2.26   5.65   6.57   0     —     —  —
    60     CS   38.434   196.3   2.50   5.89   6.81   0     —     —  —
    61     CS   38.668   171.2   2.73   6.12   7.05   0     —     —  —
    62     CS   38.905   146.3   2.97   6.36   7.28   1   b45     —  CHARGE, BRK-B45
    63     CS   40.303   372.4   0.39   6.75   7.90   0     —     —  —
    64     CS   40.536   347.6   0.63   6.98   8.13   0     —     —  —
    65     CS   40.783   323.8   0.87   7.23   8.37   0     —     —  —
    66     CS   41.000   297.5   1.09   7.45   8.59   0     —     —  —
    67     CS   41.248   273.8   1.34   7.70   8.84   0     —     —  —
    68     CS   41.545   245.2   1.64   7.99   9.14   0     —     —  —
    69     CS   41.862   217.8   1.95   8.31   9.45   0     —     —  —
    70     CS   42.094   191.8   2.19   8.54   9.69   0     —     —  —
    71     CS   42.323   165.4   2.41   8.77   9.92   0     —     —  —
    72     CS   42.548   138.5   2.64   9.00  10.14   0     —     —  —
    73     CS   42.815   115.1   2.91   9.26  10.41   1   b45     —  CHARGE, BRK-B45
    74     CS   44.442   400.4   0.30   9.56  11.06   0     —     —  —
    75     CS   44.873   375.0   0.73   9.99  11.49   0     —    r2  REST-R2
    76     CS   54.293   345.4   0.25   0.25   0.25   0     —     —  —
    77     CS   54.598   319.6   0.56   0.56   0.56   0     —     —  —
    78     CS   54.863   291.0   0.82   0.82   0.82   0     —     —  —
    79     CS   55.139   260.7   1.10   1.10   1.10   0     —     —  —
    80     CS   55.421   230.8   1.38   1.38   1.38   0     —     —  —
    81     CS   55.723   204.2   1.68   1.68   1.68   0     —     —  —
    82     CS   56.004   176.2   1.96   1.96   1.96   0     —     —  —
    83     CS   56.260   145.9   2.22   2.22   2.22   1   b45     —  CHARGE, BRK-B45
    84     CS   57.612   403.8   0.23   2.45   2.70   0     —     —  —
    85     CS   57.854   379.3   0.47   2.69   2.94   0     —     —  —
    86     CS   58.078   353.2   0.70   2.92   3.17   0     —     —  —
    87     CS   58.333   325.3   0.95   3.17   3.42   0     —     —  —
    88     CS   58.576   296.2   1.19   3.42   3.66   0     —     —  —
    89   CUST   58.820   267.2   1.44   3.66   3.91   0     —     —  —
    90     CS   59.540   241.1   1.66   3.88   4.63   0     —     —  —
    91     CS   59.901   210.5   2.02   4.24   4.99   0     —     —  —
    92     CS   60.108   186.1   2.23   4.45   5.20   0     —     —  —
    93     CS   60.318   161.9   2.44   4.66   5.41   0     —     —  —
    94     CS   60.543   139.1   2.66   4.88   5.63   1   b45     —  CHARGE, BRK-B45
    95     CS   62.032   415.2   0.28   5.16   6.13   0     —     —  —
    96     CS   62.348   384.7   0.59   5.48   6.45   0     —     —  —
    97     CS   62.690   355.9   0.94   5.82   6.79   0     —     —  —
    98     CS   63.018   336.6   1.27   6.15   7.12   0     —     —  —
    99     CS   63.236   311.6   1.48   6.37   7.33   0     —     —  —
   100     CS   63.532   291.3   1.78   6.66   7.63   0     —     —  —
   101     CS   63.761   270.1   2.01   6.89   7.86   0     —     —  —
   102     CS   63.967   247.2   2.21   7.10   8.07   0     —     —  —
   103     CS   64.181   225.0   2.43   7.31   8.28   0     —     —  —
   104     CS   64.451   195.3   2.70   7.58   8.55   0     —     —  —
   105     CS   64.726   166.0   2.97   7.86   8.83   0     —     —  —
   106     CS   65.017   137.9   3.26   8.15   9.12   1     —    r1  CHARGE, REST-R1
   107     CS   77.673   356.0   0.49   0.49   0.49   0     —     —  —
   108     CS   77.915   329.6   0.73   0.73   0.73   0     —     —  —
   109     CS   78.146   302.3   0.97   0.97   0.97   0     —     —  —
   110     CS   78.379   275.0   1.20   1.20   1.20   0     —     —  —
   111     CS   78.647   250.6   1.47   1.47   1.47   0     —     —  —
   112     CS   78.904   223.2   1.72   1.72   1.72   0     —     —  —
   113   CUST   79.164   196.2   1.98   1.98   1.98   0     —     —  —
   114     CS   79.802   183.7   2.12   2.12   2.62   1   b45     —  CHARGE, BRK-B45
   115     CS   81.132   406.5   0.31   2.43   3.19   0     —     —  —
   116     CS   81.364   380.1   0.54   2.67   3.43   0     —     —  —
   117     CS   81.616   355.3   0.80   2.92   3.68   0     —     —  —
   118     CS   81.876   328.1   1.06   3.18   3.94   0     —     —  —
   119     CS   82.119   299.4   1.30   3.42   4.18   0     —     —  —
   120     CS   82.355   271.9   1.54   3.66   4.42   0     —     —  —
   121     CS   82.592   244.5   1.77   3.89   4.65   0     —     —  —
   122     CS   82.876   220.6   2.06   4.18   4.94   0     —     —  —
   123     CS   83.117   193.6   2.30   4.42   5.18   1     —    r1  CHARGE, REST-R1
   124     CS   95.348   398.0   0.25   0.25   0.25   0     —     —  —
   125     CS   95.633   371.6   0.53   0.53   0.53   0     —     —  —
   126     CS   95.904   344.3   0.80   0.80   0.80   0     —     —  —
   127     CS   96.209   321.0   1.11   1.11   1.11   0     —     —  —
   128     CS   96.490   296.4   1.39   1.39   1.39   0     —     —  —
   129     CS   96.791   271.6   1.69   1.69   1.69   0     —     —  —
   130     CS   97.037   242.9   1.94   1.94   1.94   0     —     —  —
   131     CS   97.314   216.7   2.21   2.21   2.21   0     —     —  —
   132     CS   97.577   192.5   2.48   2.48   2.48   0     —     —  —
   133     CS   97.835   167.9   2.74   2.74   2.74   0     —     —  —
   134     CS   98.071   141.6   2.97   2.97   2.97   0     —     —  —
   135     CS   98.305   115.1   3.21   3.21   3.21   1   b45     —  CHARGE, BRK-B45
   136     CS   99.938   378.7   0.46   3.66   3.88   0     —     —  —
   137     CS  100.204   355.2   0.73   3.93   4.15   0     —     —  —
   138     CS  100.437   329.2   0.96   4.16   4.38   0     —     —  —
   139     CS  100.664   302.6   1.19   4.39   4.61   0     —     —  —
   140     CS  100.958   280.6   1.48   4.69   4.90   0     —     —  —
   141     CS  101.379   240.6   1.90   5.11   5.32   0     —     —  —
   142     CS  101.644   213.5   2.17   5.37   5.59   0     —     —  —
   143     CS  101.914   186.8   2.44   5.64   5.86   0     —     —  —
   144     CS  102.158   157.8   2.68   5.88   6.10   1   b45     —  CHARGE, BRK-B45
   145     CS  103.568   360.4   0.34   6.23   6.76   0     —     —  —
   146     CS  103.874   331.4   0.65   6.53   7.07   0     —     —  —
   147     CS  104.120   307.6   0.90   6.78   7.31   0     —     —  —
   148     CS  104.339   281.4   1.11   7.00   7.53   0     —     —  —
   149     CS  104.565   256.0   1.34   7.23   7.76   0     —     —  —
   150     CS  104.792   230.5   1.57   7.45   7.98   0     —     —  —
   151     CS  105.054   207.4   1.83   7.71   8.25   0     —     —  —
   152     CS  105.299   183.2   2.07   7.96   8.49   0     —     —  —
[15/33] RlongCfewTlarge_6            labelled   57 states in 138.2 min
  ScenarioTracker saved: /mnt/beegfs/users/celinep/ChargeAndBreak/ML/logs/RlongCmanyTnone_2_DAGGER1_S1_H24_20260822_040500_scenarios.json

  === SIMULATION TRAJECTORY ===
  stop   type    t_arr     soc     cd     sd     sw   y   brk   rst  action
  ───────────────────────────────────────────────────────────────────────────────────────────────
     0   ORIG    8.000   500.0   0.00   0.00   0.00   0     —     —  —
     1     CS    8.246   475.1   0.25   0.25   0.25   0     —     —  —
     2     CS    8.502   451.0   0.50   0.50   0.50   0     —     —  —
     3     CS    8.766   427.3   0.77   0.77   0.77   0     —     —  —
     4     CS    8.975   402.2   0.98   0.98   0.98   0     —     —  —
     5     CS    9.195   378.2   1.19   1.19   1.19   0     —     —  —
     6     CS    9.482   358.1   1.48   1.48   1.48   0     —     —  —
     7     CS    9.766   326.5   1.77   1.77   1.77   0     —     —  —
     8     CS   10.077   297.1   2.08   2.08   2.08   0     —     —  —
     9     CS   10.360   265.4   2.36   2.36   2.36   0     —     —  —
    10     CS   10.584   241.7   2.58   2.58   2.58   0     —     —  —
    11     CS   10.810   218.2   2.81   2.81   2.81   0     —     —  —
    12     CS   11.026   193.8   3.03   3.03   3.03   0     —     —  —
    13     CS   11.222   171.5   3.22   3.22   3.22   0     —     —  —
    14     CS   11.430   150.2   3.43   3.43   3.43   0     —     —  —
    15     CS   11.626   127.9   3.63   3.63   3.63   1   b45     —  CHARGE, BRK-B45
    16     CS   13.211   421.0   0.28   3.91   4.19   0     —     —  —
    17     CS   13.465   391.3   0.54   4.16   4.45   0     —     —  —
    18     CS   13.747   364.1   0.82   4.45   4.73   0     —     —  —
    19     CS   14.017   334.4   1.09   4.72   5.00   0     —     —  —
    20     CS   14.298   305.6   1.37   5.00   5.28   0     —     —  —
    21     CS   14.558   274.9   1.63   5.26   5.54   0     —     —  —
    22     CS   14.754   251.8   1.83   5.45   5.74   0     —     —  —
    23     CS   14.975   230.8   2.05   5.67   5.96   0     —     —  —
    24     CS   15.179   208.4   2.25   5.88   6.16   0     —     —  —
    25     CS   15.450   176.4   2.52   6.15   6.43   0     —     —  —
    26     CS   15.723   144.6   2.80   6.42   6.71   1   b45     —  CHARGE, BRK-B45
    27     CS   17.133   375.6   0.28   6.70   7.35   0     —     —  —
    28     CS   17.427   344.9   0.57   6.99   7.64   0     —     —  —
    29     CS   17.722   314.3   0.87   7.29   7.94   0     —     —  —
    30     CS   17.950   289.4   1.09   7.51   8.16   0     —     —  —
    31     CS   18.170   263.8   1.31   7.73   8.38   0     —     —  —
    32     CS   18.387   237.8   1.53   7.95   8.60   0     —     —  —
    33     CS   18.634   214.4   1.78   8.20   8.85   0     —     —  —
    34     CS   18.856   189.0   2.00   8.42   9.07   0     —     —  —
    35     CS   19.075   163.2   2.22   8.64   9.29   0     —     —  —
    36     CS   19.343   136.8   2.49   8.91   9.56   0     —     —  —
    37     CS   19.590   108.5   2.73   9.16   9.80   1   b45     —  CHARGE, BRK-B45
    38     CS   20.977   398.4   0.22   9.38  10.24   0     —     —  —
    39     CS   21.213   374.9   0.46   9.61  10.48   0     —     —  —
    40     CS   21.426   349.4   0.67   9.82  10.69   0     —    r2  REST-R2
    41     CS   30.808   324.1   0.22   0.22   0.22   0     —     —  —
    42     CS   31.023   298.9   0.43   0.43   0.43   0     —     —  —
    43     CS   31.259   275.4   0.67   0.67   0.67   0     —     —  —
    44     CS   31.479   250.5   0.89   0.89   0.89   0     —     —  —
    45     CS   31.762   223.4   1.17   1.17   1.17   0     —     —  —
    46     CS   32.019   194.1   1.43   1.43   1.43   0     —     —  —
    47     CS   32.279   165.0   1.69   1.69   1.69   1   b45     —  CHARGE, BRK-B45
    48     CS   33.721   312.6   0.29   1.98   2.38   0     —     —  —
    49   CUST   34.201   289.5   0.77   2.46   2.86   0     —     —  —
    50     CS   35.149   239.5   1.22   2.90   3.81   0     —     —  —
    51     CS   35.437   209.6   1.51   3.19   4.09   0     —     —  —
    52     CS   35.708   178.2   1.78   3.46   4.37   1   b45     —  CHARGE, BRK-B45
    53   CUST   37.255   392.1   0.39   3.86   5.12   0     —     —  —
    54   CUST   37.817   384.7   0.45   3.92   5.68   0     —     —  —
    55     CS   38.317   384.7   0.45   3.92   6.18   0     —     —  —
    56     CS   38.630   354.5   0.77   4.23   6.49   0     —     —  —
    57   CUST   38.911   321.7   1.05   4.51   6.78   0     —     —  —
    58     CS   39.430   319.8   1.07   4.53   7.29   0     —     —  —
    59     CS   39.771   297.3   1.41   4.87   7.64   0     —     —  —
    60     CS   40.094   274.1   1.73   5.19   7.96   0     —     —  —
    61     CS   40.347   246.7   1.98   5.45   8.21   0     —     —  —
    62     CS   40.605   219.7   2.24   5.71   8.47   0     —     —  —
    63     CS   40.812   195.2   2.45   5.91   8.68   0     —     —  —
    64     CS   41.019   170.7   2.66   6.12   8.88   0     —     —  —
    65     CS   41.264   149.2   2.90   6.36   9.13   1   b45     —  CHARGE, BRK-B45
    66     CS   42.822   393.4   0.40   6.77   9.78   0     —     —  —
    67     CS   43.095   366.1   0.67   7.04  10.06   0     —     —  —
    68     CS   43.344   336.8   0.92   7.29  10.31   0     —     —  —
    69     CS   43.590   307.1   1.17   7.53  10.55   0     —     —  —
    70     CS   43.842   282.0   1.42   7.79  10.80   0     —     —  —
    71     CS   44.153   260.1   1.73   8.10  11.12   0     —     —  —
    72     CS   44.386   233.4   1.97   8.33  11.35   0     —     —  —
    73     CS   44.645   203.2   2.22   8.59  11.61   0     —     —  —
    74     CS   44.907   173.3   2.49   8.85  11.87   0     —    r2  REST-R2
    75     CS   54.376   146.6   0.30   0.30   0.30   0     —     —  —
    76     CS   54.675   119.6   0.60   0.60   0.60   1   b45     —  CHARGE, BRK-B45
    77     CS   55.996   386.1   0.22   0.82   1.09   0     —     —  —
    78     CS   56.203   364.8   0.42   1.02   1.29   0     —     —  —
    79     CS   56.406   343.1   0.62   1.23   1.50   0     —     —  —
    80     CS   56.674   319.7   0.89   1.49   1.76   0     —     —  —
    81     CS   56.946   296.5   1.16   1.77   2.04   0     —     —  —
    82     CS   57.204   272.5   1.42   2.02   2.30   0     —     —  —
    83     CS   57.650   230.1   1.87   2.47   2.74   1   b45     —  CHARGE, BRK-B45
    84     CS   59.041   416.4   0.28   2.75   3.38   0     —     —  —
    85     CS   59.276   391.4   0.52   2.99   3.62   0     —     —  —
    86     CS   59.501   365.4   0.74   3.21   3.84   0     —     —  —
    87     CS   59.759   335.4   1.00   3.47   4.10   0     —     —  —
    88     CS   60.034   306.9   1.28   3.75   4.38   0     —     —  —
    89   CUST   60.296   277.2   1.54   4.01   4.64   0     —     —  —
    90     CS   61.078   249.6   1.82   4.29   5.42   0     —     —  —
    91     CS   61.381   223.3   2.12   4.59   5.72   0     —     —  —
    92     CS   61.644   194.2   2.39   4.86   5.99   1   b45     —  CHARGE, BRK-B45
    93   CUST   62.887   406.0   0.03   4.89   6.48   0     —     —  —
    94     CS   63.518   390.7   0.16   5.02   7.11   0     —     —  —
    95     CS   63.767   364.4   0.41   5.27   7.36   0     —     —  —
    96   CUST   64.023   338.7   0.67   5.53   7.61   0     —     —  —
    97   CUST   64.541   336.7   0.69   5.54   8.13   0     —     —  —
    98   CUST   65.237   316.7   0.88   5.74   8.83   0     —     —  —
    99     CS   65.979   289.2   1.12   5.98   9.57   0     —     —  —
   100     CS   66.219   261.5   1.36   6.22   9.81   0     —     —  —
   101     CS   66.305   251.6   1.45   6.31   9.90   0     —     —  —
   102     CS   66.598   229.5   1.74   6.60  10.19   0     —     —  —
   103     CS   66.854   205.3   2.00   6.86  10.44   0     —     —  —
   104     CS   67.100   180.4   2.24   7.10  10.69   1   b45     —  CHARGE, BRK-B45
   105     CS   68.256   386.2   0.20   7.30  11.10   0     —     —  —
   106     CS   68.462   363.2   0.41   7.51  11.30   0     —     —  —
   107     CS   68.668   340.3   0.62   7.72  11.51   0     —     —  —
   108     CS   68.963   319.1   0.91   8.01  11.80   0     —    r2  REST-R2
   109     CS   78.355   293.6   0.23   0.23   0.23   0     —     —  —
   110     CS   78.583   268.3   0.45   0.45   0.45   0     —     —  —
   111     CS   78.845   245.6   0.72   0.72   0.72   0     —     —  —
   112     CS   79.124   220.8   0.99   0.99   0.99   0     —     —  —
   113     CS   79.390   195.3   1.26   1.26   1.26   0     —     —  —
   114     CS   79.629   167.4   1.50   1.50   1.50   1   b45     —  CHARGE, BRK-B45
   115     CS   81.013   386.6   0.24   1.74   2.13   0     —     —  —
   116     CS   81.268   362.3   0.49   1.99   2.39   0     —     —  —
   117     CS   81.537   339.0   0.76   2.26   2.66   0     —     —  —
   118     CS   81.960   292.5   1.18   2.68   3.08   0     —     —  —
   119     CS   82.243   260.9   1.47   2.97   3.36   0     —     —  —
   120     CS   82.520   228.7   1.74   3.24   3.64   0     —     —  —
   121     CS   82.799   196.6   2.02   3.52   3.92   0     —     —  —
   122     CS   83.111   169.9   2.34   3.83   4.23   0     —     —  —
   123     CS   83.376   139.7   2.60   4.10   4.50   0     —     —  —
   124     CS   83.836   117.6   3.06   4.56   4.96   1   b45     —  CHARGE, BRK-B45
   125     CS   85.372   383.7   0.35   4.91   5.59   0     —     —  —
   126     CS   85.605   356.6   0.59   5.15   5.82   0     —     —  —
   127     CS   85.873   332.2   0.86   5.41   6.09   0     —     —  —
   128     CS   86.145   308.0   1.13   5.69   6.36   0     —     —  —
   129   CUST   86.400   282.7   1.38   5.94   6.61   0     —     —  —
   130   CUST   87.040   266.0   1.52   6.08   7.25   0     —     —  —
   131     CS   87.821   236.0   1.80   6.36   8.03   0     —     —  —
   132     CS   88.128   208.0   2.11   6.67   8.34   0     —     —  —
   133     CS   88.134   207.4   2.12   6.68   8.35   1   b45     —  CHARGE, BRK-B45
   134     CS   89.413   362.5   0.23   6.90   8.88   0     —     —  —
   135     CS   89.639   337.5   0.45   7.13   9.10   0     —     —  —
   136   CUST   89.871   312.9   0.68   7.36   9.33   0     —     —  —
   137   CUST   90.462   303.5   0.78   7.45   9.93   0     —     —  —
   138     CS   91.421   265.8   1.23   7.91  10.88   0     —     —  —
   139     CS   91.439   263.9   1.25   7.93  10.90   0     —     —  —
   140     CS   91.706   235.5   1.52   8.19  11.17   0     —     —  —
   141     CS   91.975   207.2   1.79   8.46  11.44   0     —     —  —
   142     CS   92.293   182.1   2.11   8.78  11.76   1     —    r1  CHARGE, REST-R1
   143     CS  104.542   376.2   0.30   0.30   0.30   0     —     —  —
   144     CS  104.826   344.6   0.59   0.59   0.59   0     —     —  —
   145     CS  105.157   316.4   0.92   0.92   0.92   0     —     —  —
   146     CS  105.470   292.3   1.23   1.23   1.23   0     —     —  —
   147     CS  105.724   264.3   1.49   1.49   1.49   0     —     —  —
   148     CS  105.982   236.7   1.74   1.74   1.74   0     —     —  —
   149     CS  106.420   189.2   2.18   2.18   2.18   1   b45     —  CHARGE, BRK-B45
   150     CS  107.898   410.6   0.43   2.62   2.90   0     —     —  —
   151     CS  108.149   382.3   0.68   2.87   3.15   0     —     —  —
   152     CS  108.421   355.8   0.96   3.14   3.42   0     —     —  —
   153     CS  108.663   328.9   1.20   3.38   3.67   0     —     —  —
   154     CS  108.922   303.3   1.46   3.64   3.92   0     —     —  —
   155     CS  109.158   275.8   1.69   3.88   4.16   0     —     —  —
   156     CS  109.418   250.3   1.95   4.14   4.42   0     —     —  —
   157     CS  109.801   216.0   2.34   4.52   4.80   1   b45     —  CHARGE, BRK-B45
   158     CS  111.286   433.2   0.22   4.74   5.47   0     —     —  —
   159     CS  111.513   409.1   0.45   4.96   5.70   0     —     —  —
   160     CS  111.741   384.9   0.67   5.19   5.93   0     —     —  —
   161     CS  111.957   359.7   0.89   5.41   6.14   0     —     —  —
   162     CS  112.164   335.2   1.10   5.62   6.35   0     —     —  —
   163     CS  112.381   311.7   1.31   5.83   6.57   0     —     —  —
   164     CS  112.588   287.2   1.52   6.04   6.77   0     —     —  —
   165     CS  112.875   266.0   1.81   6.33   7.06   0     —     —  —
   166     CS  113.109   241.7   2.04   6.56   7.30   0     —     —  —
   167     CS  113.329   216.0   2.26   6.78   7.52   0     —     —  —
   168     CS  113.567   188.1   2.50   7.02   7.75   0     —     —  —
   169     CS  113.846   163.4   2.78   7.30   8.03   0     —     —  —
   170     CS  114.128   138.8   3.06   7.58   8.31   0     —     —  —
   171     CS  114.431   115.4   3.36   7.88   8.62   1   b45     —  CHARGE, BRK-B45
   172     CS  116.077   439.4   0.21   8.09   9.14   0     —     —  —
   173     CS  116.291   417.1   0.43   8.31   9.36   0     —     —  —
   174     CS  116.495   394.0   0.63   8.51   9.56   0     —    r1  REST-R1
   175     CS  128.139   360.7   0.48   0.48   0.48   0     —     —  —
   176     CS  128.380   337.6   0.72   0.72   0.72   0     —     —  —
   177     CS  128.616   314.1   0.95   0.95   0.95   0     —     —  —
   178     CS  128.836   289.3   1.17   1.17   1.17   0     —     —  —
   179     CS  129.115   268.4   1.45   1.45   1.45   0     —     —  —
   180     CS  129.462   244.2   1.80   1.80   1.80   0     —     —  —
   181     CS  129.725   215.0   2.06   2.06   2.06   1     —     —  CHARGE
   182     CS  130.639   311.8   2.34   2.34   2.98   0     —     —  —
   183     CS  130.926   283.5   2.63   2.63   3.26   0     —     —  —
   184     CS  131.222   255.9   2.93   2.93   3.56   0     —     —  —
[16/33] RlongCmanyTnone_2            labelled   67 states in 132.8 min
  ScenarioTracker saved: /mnt/beegfs/users/celinep/ChargeAndBreak/ML/logs/RmediumCmediumTmedium_10_DAGGER1_S1_H24_20260822_061746_scenarios.json

  === SIMULATION TRAJECTORY ===
  stop   type    t_arr     soc     cd     sd     sw   y   brk   rst  action
  ───────────────────────────────────────────────────────────────────────────────────────────────
     0   ORIG    8.000   500.0   0.00   0.00   0.00   0     —     —  —
     1     CS    8.228   473.5   0.23   0.23   0.23   0     —     —  —
     2     CS    8.454   446.8   0.45   0.45   0.45   0     —     —  —
     3     CS    8.779   426.0   0.78   0.78   0.78   0     —     —  —
     4     CS    9.031   404.9   1.03   1.03   1.03   0     —     —  —
     5     CS    9.269   383.0   1.27   1.27   1.27   0     —     —  —
     6     CS    9.489   359.7   1.49   1.49   1.49   0     —     —  —
     7     CS    9.773   329.0   1.77   1.77   1.77   0     —     —  —
     8     CS   10.074   299.5   2.07   2.07   2.07   0     —     —  —
     9     CS   10.386   276.5   2.39   2.39   2.39   0     —     —  —
    10     CS   10.633   249.4   2.63   2.63   2.63   0     —     —  —
    11     CS   10.874   221.7   2.87   2.87   2.87   0     —     —  —
    12     CS   11.136   194.4   3.14   3.14   3.14   0     —     —  —
    13     CS   11.385   165.9   3.39   3.39   3.39   0     —     —  —
    14     CS   11.637   137.7   3.64   3.64   3.64   1   b45     —  CHARGE, BRK-B45
    15     CS   13.085   408.7   0.20   3.84   4.17   0     —     —  —
    16     CS   13.291   384.9   0.41   4.05   4.38   0     —     —  —
    17     CS   13.541   364.4   0.66   4.30   4.63   0     —     —  —
    18     CS   13.819   337.6   0.94   4.57   4.91   0     —     —  —
    19     CS   14.083   309.7   1.20   4.84   5.17   0     —     —  —
    20     CS   14.339   281.1   1.46   5.09   5.43   0     —     —  —
    21     CS   14.622   257.5   1.74   5.38   5.71   0     —     —  —
    22     CS   14.863   231.1   1.98   5.62   5.95   0     —     —  —
    23     CS   15.105   204.8   2.22   5.86   6.19   0     —     —  —
    24     CS   15.342   177.9   2.46   6.10   6.43   0     —     —  —
    25     CS   15.554   157.0   2.67   6.31   6.64   0     —     —  —
    26     CS   15.748   134.5   2.87   6.50   6.83   0     —     —  —
    27     CS   15.992   115.5   3.11   6.75   7.08   1   b45     —  CHARGE, BRK-B45
    28     CS   17.556   413.8   0.29   7.04   7.61   0     —     —  —
    29     CS   17.844   384.5   0.58   7.32   7.90   0     —     —  —
    30     CS   18.074   359.4   0.81   7.56   8.13   0     —     —  —
    31     CS   18.305   334.5   1.04   7.79   8.36   0     —     —  —
    32     CS   18.594   313.0   1.33   8.08   8.65   0     —     —  —
    33     CS   18.984   294.4   1.72   8.47   9.04   0     —     —  —
    34     CS   19.241   265.9   1.98   8.72   9.30   0     —     —  —
    35     CS   19.504   237.8   2.24   8.99   9.56   0     —     —  —
    36     CS   19.774   209.7   2.51   9.26   9.83   0     —     —  —
    37     CS   20.045   181.6   2.78   9.53  10.10   0     —     —  —
    38     CS   20.341   155.3   3.07   9.82  10.40   1     —    r2  CHARGE, REST-R2
    39     CS   30.716   363.1   0.28   0.28   0.28   0     —     —  —
    40     CS   30.999   332.3   0.56   0.56   0.56   0     —     —  —
    41     CS   31.307   303.4   0.87   0.87   0.87   0     —     —  —
    42     CS   31.526   277.6   1.09   1.09   1.09   0     —     —  —
    43     CS   31.759   253.1   1.32   1.32   1.32   0     —     —  —
    44     CS   31.977   227.3   1.54   1.54   1.54   1   b45     —  CHARGE, BRK-B45
    45   CUST   33.372   327.9   0.39   1.93   2.19   0     —     —  —
    46     CS   34.096   302.5   0.61   2.15   2.91   0     —     —  —
    47     CS   34.340   278.8   0.85   2.40   3.15   0     —     —  —
    48     CS   34.566   253.6   1.08   2.62   3.38   0     —     —  —
    49     CS   34.795   228.8   1.31   2.85   3.61   0     —     —  —
    50   CUST   34.924   215.7   1.44   2.98   3.74   0     —     —  —
    51   CUST   35.601   201.6   1.62   3.16   4.42   0     —     —  —
    52     CS   36.204   189.7   1.72   3.26   5.02   1   b45     —  CHARGE, BRK-B45
    53   CUST   37.583   366.5   0.39   3.65   5.65   0     —     —  —
    54     CS   38.488   319.5   0.80   4.06   6.55   0     —     —  —
    55     CS   38.552   312.3   0.86   4.12   6.62   0     —     —  —
    56     CS   38.767   287.0   1.08   4.34   6.83   0     —     —  —
    57     CS   38.984   261.9   1.29   4.55   7.05   0     —     —  —
    58     CS   39.316   242.7   1.63   4.89   7.38   0     —     —  —
    59     CS   39.555   219.5   1.87   5.13   7.62   0     —     —  —
    60     CS   39.811   189.6   2.12   5.38   7.88   0     —     —  —
    61     CS   40.080   161.0   2.39   5.65   8.14   1   b45     —  CHARGE, BRK-B45
    62     CS   41.431   397.4   0.22   5.87   8.71   0     —     —  —
    63     CS   41.680   376.8   0.47   6.12   8.96   0     —     —  —
    64     CS   41.961   357.6   0.75   6.40   9.24   0     —     —  —
    65     CS   42.210   329.0   1.00   6.65   9.49   0     —     —  —
    66     CS   42.479   302.3   1.27   6.92   9.76   0     —     —  —
    67     CS   42.780   277.5   1.57   7.22  10.06   0     —     —  —
    68     CS   43.188   253.0   1.97   7.63  10.47   0     —     —  —
    69     CS   43.462   221.3   2.25   7.90  10.74   0     —     —  —
    70     CS   43.748   190.6   2.53   8.18  11.03   0     —     —  —
    71     CS   43.997   164.5   2.78   8.43  11.28   0     —     —  —
    72     CS   44.271   140.1   3.06   8.71  11.55   0     —     —  —
    73     CS   44.581   117.6   3.37   9.02  11.86   1     —    r2  CHARGE, REST-R2
    74     CS   55.071   413.1   0.23   0.23   0.23   0     —     —  —
    75     CS   55.301   385.6   0.46   0.46   0.46   0     —     —  —
    76     CS   55.586   354.1   0.75   0.75   0.75   0     —     —  —
    77     CS   55.891   324.2   1.05   1.05   1.05   0     —     —  —
    78     CS   56.186   293.6   1.35   1.35   1.35   0     —     —  —
    79     CS   56.485   264.0   1.65   1.65   1.65   0     —     —  —
    80     CS   56.787   234.6   1.95   1.95   1.95   0     —     —  —
    81     CS   57.074   204.2   2.24   2.24   2.24   1   b45     —  CHARGE, BRK-B45
    82     CS   58.544   454.6   0.26   2.49   2.75   0     —     —  —
    83     CS   58.778   427.0   0.49   2.73   2.98   0     —     —  —
    84     CS   59.027   400.9   0.74   2.98   3.23   0     —     —  —
    85     CS   59.265   376.1   0.98   3.21   3.47   0     —     —  —
    86     CS   59.534   353.4   1.25   3.48   3.74   0     —     —  —
    87     CS   59.762   327.7   1.48   3.71   3.96   0     —     —  —
    88     CS   60.008   299.4   1.72   3.96   4.21   0     —     —  —
    89     CS   60.258   271.4   1.97   4.21   4.46   0     —     —  —
    90     CS   60.498   245.4   2.21   4.45   4.70   0     —     —  —
    91     CS   60.747   220.2   2.46   4.70   4.95   0     —     —  —
    92     CS   60.976   193.2   2.69   4.93   5.18   0     —     —  —
    93     CS   61.208   166.5   2.92   5.16   5.41   1     —     —  CHARGE
    94     CS   62.128   294.9   3.19   5.42   6.33   0     —     —  —
    95     CS   62.399   266.0   3.46   5.69   6.60   0     —     —  —
[17/33] RmediumCmediumTmedium_10     labelled   38 states in  50.5 min
  ScenarioTracker saved: /mnt/beegfs/users/celinep/ChargeAndBreak/ML/logs/RlongCmanyTnone_1_DAGGER1_S1_H24_20260822_070815_scenarios.json

  === SIMULATION TRAJECTORY ===
  stop   type    t_arr     soc     cd     sd     sw   y   brk   rst  action
  ───────────────────────────────────────────────────────────────────────────────────────────────
     0   ORIG    8.000   500.0   0.00   0.00   0.00   0     —     —  —
     1     CS    8.229   473.6   0.23   0.23   0.23   0     —     —  —
     2     CS    8.455   446.9   0.45   0.45   0.45   0     —     —  —
     3     CS    8.695   421.6   0.70   0.70   0.70   0     —     —  —
     4     CS    8.927   397.8   0.93   0.93   0.93   0     —     —  —
     5     CS    9.174   375.1   1.17   1.17   1.17   0     —     —  —
     6     CS    9.424   352.6   1.42   1.42   1.42   0     —     —  —
     7     CS    9.693   331.2   1.69   1.69   1.69   0     —     —  —
     8     CS   10.218   285.7   2.22   2.22   2.22   0     —     —  —
     9     CS   10.493   254.8   2.49   2.49   2.49   0     —     —  —
    10     CS   10.796   226.2   2.80   2.80   2.80   0     —     —  —
    11     CS   11.069   195.3   3.07   3.07   3.07   0     —     —  —
    12     CS   11.355   166.8   3.35   3.35   3.35   0     —     —  —
    13     CS   11.620   136.7   3.62   3.62   3.62   0     —     —  —
    14     CS   11.889   106.9   3.89   3.89   3.89   1   b45     —  CHARGE, BRK-B45
    15     CS   13.300   369.0   0.39   4.28   4.49   0     —     —  —
    16     CS   13.544   341.7   0.63   4.52   4.74   0     —     —  —
    17     CS   13.798   315.2   0.89   4.78   4.99   0     —     —  —
    18     CS   14.158   285.4   1.25   5.14   5.35   0     —     —  —
    19     CS   14.400   261.3   1.49   5.38   5.59   0     —     —  —
    20     CS   14.657   238.3   1.75   5.64   5.85   0     —     —  —
    21     CS   14.889   213.3   1.98   5.87   6.08   0     —     —  —
    22     CS   15.113   187.7   2.20   6.09   6.31   1   b45     —  CHARGE, BRK-B45
    23     CS   16.482   402.8   0.29   6.38   6.89   0     —     —  —
    24     CS   16.785   372.1   0.59   6.69   7.20   0     —     —  —
    25     CS   17.093   341.7   0.90   6.99   7.51   0     —     —  —
    26     CS   17.566   290.4   1.38   7.47   7.98   0     —     —  —
    27     CS   17.861   262.6   1.67   7.76   8.27   0     —     —  —
    28     CS   18.129   232.8   1.94   8.03   8.54   0     —     —  —
    29     CS   18.412   204.1   2.22   8.31   8.83   0     —     —  —
    30     CS   18.705   177.6   2.51   8.61   9.12   0     —     —  —
    31     CS   18.973   149.3   2.78   8.87   9.39   0     —     —  —
    32     CS   19.256   122.1   3.07   9.16   9.67   1     —    r2  CHARGE, REST-R2
    33     CS   29.934   372.6   0.46   0.46   0.46   0     —     —  —
    34     CS   30.127   350.0   0.65   0.65   0.65   0     —     —  —
    35     CS   30.326   328.0   0.85   0.85   0.85   0     —     —  —
    36     CS   30.539   307.1   1.07   1.07   1.07   0     —     —  —
    37     CS   30.764   280.3   1.29   1.29   1.29   0     —     —  —
    38     CS   31.044   257.6   1.57   1.57   1.57   0     —     —  —
    39     CS   31.332   235.3   1.86   1.86   1.86   1   b45     —  CHARGE, BRK-B45
    40     CS   32.620   372.4   0.24   2.10   2.40   0     —     —  —
    41     CS   32.917   348.0   0.54   2.40   2.69   0     —     —  —
    42   CUST   33.248   325.2   0.87   2.73   3.03   0     —     —  —
    43     CS   33.980   299.5   1.10   2.96   3.76   0     —     —  —
    44     CS   34.214   274.0   1.34   3.20   3.99   0     —     —  —
    45   CUST   34.465   249.9   1.59   3.45   4.24   0     —     —  —
    46     CS   35.117   233.0   1.74   3.60   4.89   0     —     —  —
    47     CS   35.287   218.5   1.91   3.77   5.07   0     —     —  —
    48     CS   35.486   195.7   2.11   3.97   5.26   0     —     —  —
    49     CS   35.696   173.8   2.32   4.18   5.47   0     —     —  —
    50   CUST   35.905   151.9   2.53   4.39   5.68   0     —     —  —
    51     CS   36.534   138.8   2.66   4.52   6.31   1   b45     —  CHARGE, BRK-B45
    52     CS   38.011   409.6   0.28   4.80   6.86   0     —     —  —
    53     CS   38.266   381.2   0.54   5.05   7.12   0     —     —  —
    54     CS   38.539   354.4   0.81   5.33   7.39   0     —     —  —
    55     CS   38.831   321.9   1.10   5.62   7.68   0     —     —  —
    56     CS   39.185   293.7   1.46   5.97   8.04   0     —     —  —
    57     CS   39.416   266.3   1.69   6.20   8.27   0     —     —  —
    58     CS   39.663   240.3   1.93   6.45   8.52   0     —     —  —
    59     CS   39.955   216.8   2.23   6.74   8.81   0     —     —  —
    60     CS   40.206   190.7   2.48   6.99   9.06   0     —     —  —
    61     CS   40.471   165.6   2.74   7.26   9.32   0     —     —  —
    62     CS   40.728   139.9   3.00   7.51   9.58   1   b45     —  CHARGE, BRK-B45
    63     CS   42.028   379.2   0.29   7.80  10.11   0     —     —  —
    64     CS   42.340   353.8   0.60   8.12  10.42   0     —     —  —
    65     CS   42.683   329.8   0.94   8.46  10.76   0     —     —  —
    66     CS   43.102   289.6   1.36   8.88  11.18   0     —     —  —
    67     CS   43.337   262.1   1.60   9.11  11.42   0     —     —  —
    68     CS   43.575   234.7   1.84   9.35  11.66   0     —    r2  REST-R2
    69     CS   53.009   209.7   0.27   0.27   0.27   0     —     —  —
    70     CS   53.247   182.5   0.51   0.51   0.51   0     —     —  —
    71     CS   53.563   152.0   0.82   0.82   0.82   0     —     —  —
    72     CS   53.850   119.1   1.11   1.11   1.11   1   b45     —  CHARGE, BRK-B45
    73     CS   55.651   369.2   0.45   1.56   2.00   0     —     —  —
    74     CS   55.869   344.2   0.66   1.77   2.22   0     —     —  —
    75     CS   56.131   322.4   0.93   2.04   2.48   0     —     —  —
    76     CS   56.504   304.1   1.30   2.41   2.86   0     —     —  —
    77     CS   56.766   279.8   1.56   2.67   3.12   0     —     —  —
    78     CS   57.010   254.2   1.81   2.91   3.36   0     —     —  —
    79     CS   57.251   228.4   2.05   3.16   3.60   0     —     —  —
    80     CS   57.493   202.6   2.29   3.40   3.85   1   b45     —  CHARGE, BRK-B45
    81     CS   58.803   379.4   0.26   3.66   4.41   0     —     —  —
    82     CS   59.106   354.1   0.56   3.96   4.71   0     —     —  —
    83   CUST   59.360   325.3   0.82   4.22   4.96   0     —     —  —
    84     CS   60.063   310.6   1.02   4.42   5.67   0     —     —  —
    85   CUST   60.386   281.6   1.34   4.74   5.99   0     —     —  —
    86     CS   61.117   258.9   1.58   4.97   6.72   0     —     —  —
    87     CS   61.438   233.2   1.90   5.29   7.04   0     —     —  —
    88     CS   61.708   204.0   2.17   5.56   7.31   0     —     —  —
    89     CS   61.957   174.7   2.42   5.81   7.56   0     —     —  —
    90     CS   62.212   146.0   2.67   6.07   7.81   0     —     —  —
    91     CS   62.515   120.7   2.97   6.37   8.12   1   b45     —  CHARGE, BRK-B45
    92     CS   63.909   390.9   0.25   6.62   8.63   0     —     —  —
    93     CS   64.150   364.0   0.49   6.86   8.87   0     —     —  —
    94     CS   64.389   337.0   0.73   7.10   9.11   0     —     —  —
    95     CS   64.616   310.4   0.95   7.32   9.33   0     —     —  —
    96     CS   64.871   286.2   1.21   7.58   9.59   0     —     —  —
    97     CS   65.098   259.7   1.44   7.81   9.82   0     —     —  —
    98     CS   65.342   234.6   1.68   8.05  10.06   0     —     —  —
    99     CS   65.816   192.0   2.15   8.52  10.53   0     —     —  —
   100     CS   66.059   163.7   2.40   8.77  10.78   0     —    r2  REST-R2
   101     CS   75.493   137.6   0.27   0.27   0.27   0     —     —  —
   102     CS   75.750   110.5   0.52   0.52   0.52   1   b45     —  CHARGE, BRK-B45
   103     CS   77.147   388.1   0.23   0.76   1.02   0     —     —  —
   104     CS   77.407   364.2   0.49   1.02   1.28   0     —     —  —
   105     CS   77.698   342.0   0.78   1.31   1.57   0     —     —  —
   106     CS   77.931   316.0   1.02   1.54   1.81   0     —     —  —
   107     CS   78.173   290.8   1.26   1.78   2.05   0     —     —  —
   108     CS   78.414   265.5   1.50   2.02   2.29   0     —     —  —
   109     CS   78.646   239.4   1.73   2.26   2.52   0     —     —  —
   110     CS   78.867   217.7   1.95   2.48   2.74   0     —     —  —
   111     CS   79.106   197.2   2.19   2.72   2.98   0     —     —  —
   112     CS   79.348   176.8   2.43   2.96   3.22   0     —     —  —
   113     CS   79.543   154.5   2.63   3.15   3.42   0     —     —  —
   114     CS   79.840   137.3   2.93   3.45   3.72   0     —     —  —
   115     CS   80.068   117.4   3.15   3.68   3.94   1   b45     —  CHARGE, BRK-B45
   116     CS   81.345   363.0   0.27   3.94   4.43   0     —     —  —
   117     CS   81.752   339.9   0.67   4.35   4.84   0     —     —  —
   118   CUST   82.017   309.7   0.94   4.62   5.11   0     —     —  —
   119     CS   82.930   265.9   1.35   5.03   6.02   0     —     —  —
   120   CUST   82.937   265.3   1.36   5.04   6.03   0     —     —  —
   121     CS   83.854   237.2   1.78   5.45   6.94   0     —     —  —
   122     CS   84.268   193.4   2.19   5.87   7.36   1   b45     —  CHARGE, BRK-B45
   123     CS   85.543   397.7   0.31   6.18   7.88   0     —     —  —
   124     CS   85.824   365.0   0.59   6.46   8.16   0     —     —  —
   125     CS   86.225   339.2   0.99   6.86   8.56   0     —     —  —
   126     CS   86.444   317.4   1.21   7.08   8.78   0     —     —  —
   127     CS   86.680   296.7   1.45   7.31   9.02   0     —     —  —
   128     CS   86.882   273.4   1.65   7.52   9.22   0     —     —  —
   129     CS   87.135   247.6   1.90   7.77   9.47   0     —     —  —
   130     CS   87.463   225.7   2.23   8.10   9.80   0     —     —  —
   131     CS   87.701   198.6   2.47   8.34  10.04   1   b45     —  CHARGE, BRK-B45
   132     CS   88.955   370.7   0.28   8.62  10.54   0     —    r1  REST-R1
   133     CS  100.469   343.1   0.35   0.35   0.35   0     —     —  —
   134     CS  100.717   317.3   0.60   0.60   0.60   0     —     —  —
   135     CS  100.963   291.2   0.84   0.84   0.84   0     —     —  —
   136     CS  101.193   263.7   1.07   1.07   1.07   0     —     —  —
   137     CS  101.432   237.1   1.31   1.31   1.31   0     —     —  —
   138     CS  101.683   208.8   1.56   1.56   1.56   0     —     —  —
   139     CS  101.949   181.8   1.83   1.83   1.83   0     —     —  —
   140     CS  102.203   153.7   2.08   2.08   2.08   1   b45     —  CHARGE, BRK-B45
   141     CS  103.871   396.8   0.58   2.67   2.89   0     —     —  —
   142     CS  104.120   372.1   0.83   2.91   3.14   0     —     —  —
   143     CS  104.377   348.0   1.09   3.17   3.40   0     —     —  —
   144     CS  104.603   321.3   1.32   3.40   3.62   0     —     —  —
   145     CS  104.842   295.9   1.56   3.64   3.86   0     —     —  —
   146     CS  105.049   272.2   1.76   3.84   4.07   0     —     —  —
   147     CS  105.270   249.8   1.98   4.07   4.29   0     —     —  —
   148     CS  105.502   228.2   2.22   4.30   4.52   0     —     —  —
   149     CS  105.818   201.7   2.53   4.61   4.84   0     —     —  —
   150     CS  106.081   171.3   2.79   4.88   5.10   0     —     —  —
   151     CS  106.399   145.0   3.11   5.19   5.42   1   b45     —  CHARGE, BRK-B45
   152     CS  107.947   452.5   0.22   5.42   5.85   0     —     —  —
   153     CS  108.231   431.2   0.51   5.70   6.13   0     —     —  —
   154     CS  108.467   407.0   0.75   5.94   6.37   0     —     —  —
   155     CS  108.721   378.2   1.00   6.19   6.62   0     —     —  —
   156     CS  109.033   353.4   1.31   6.51   6.93   0     —     —  —
   157     CS  109.319   320.4   1.60   6.79   7.22   0     —     —  —
   158     CS  109.631   289.7   1.91   7.10   7.53   0     —     —  —
   159     CS  110.010   262.6   2.29   7.48   7.91   0     —     —  —
   160     CS  110.297   232.0   2.57   7.77   8.20   0     —     —  —
   161     CS  110.570   200.2   2.85   8.04   8.47   1     —     —  CHARGE
   162     CS  111.691   327.8   3.19   8.38   9.59   0     —     —  —
   163     CS  112.106   307.9   3.60   8.80  10.01   0     —    r1  REST-R1
   164     CS  123.526   281.9   0.25   0.25   0.25   0     —     —  —
[18/33] RlongCmanyTnone_1            labelled   56 states in 106.6 min
  ScenarioTracker saved: /mnt/beegfs/users/celinep/ChargeAndBreak/ML/logs/RlongCmanyTnone_15_DAGGER1_S1_H24_20260822_085448_scenarios.json

  === SIMULATION TRAJECTORY ===
  stop   type    t_arr     soc     cd     sd     sw   y   brk   rst  action
  ───────────────────────────────────────────────────────────────────────────────────────────────
     0   ORIG    8.000   500.0   0.00   0.00   0.00   0     —     —  —
     1     CS    8.294   477.9   0.29   0.29   0.29   0     —     —  —
     2     CS    8.523   451.5   0.52   0.52   0.52   0     —     —  —
     3     CS    8.777   427.3   0.78   0.78   0.78   0     —     —  —
     4     CS    9.059   395.5   1.06   1.06   1.06   0     —     —  —
     5     CS    9.391   367.4   1.39   1.39   1.39   0     —     —  —
     6     CS    9.741   340.2   1.74   1.74   1.74   0     —     —  —
     7     CS    9.963   315.5   1.96   1.96   1.96   0     —     —  —
     8     CS   10.206   292.6   2.21   2.21   2.21   0     —     —  —
     9     CS   10.419   267.1   2.42   2.42   2.42   0     —     —  —
    10     CS   10.624   244.1   2.62   2.62   2.62   0     —     —  —
    11     CS   10.851   222.7   2.85   2.85   2.85   0     —     —  —
    12     CS   11.048   198.9   3.05   3.05   3.05   1   b45     —  CHARGE, BRK-B45
    13     CS   12.578   418.3   0.24   3.28   3.77   0     —     —  —
    14     CS   12.827   392.1   0.48   3.53   4.02   0     —     —  —
    15     CS   13.065   365.1   0.72   3.77   4.26   0     —     —  —
    16     CS   13.304   343.2   0.96   4.01   4.50   0     —     —  —
    17     CS   13.522   319.8   1.18   4.23   4.72   0     —     —  —
    18     CS   13.796   299.8   1.45   4.50   4.99   0     —     —  —
    19     CS   14.010   277.5   1.67   4.72   5.21   0     —     —  —
    20     CS   14.220   254.9   1.88   4.93   5.42   0     —     —  —
    21     CS   14.425   231.9   2.08   5.13   5.62   0     —     —  —
    22     CS   14.640   206.5   2.30   5.35   5.84   0     —     —  —
    23     CS   14.913   185.3   2.57   5.62   6.11   0     —     —  —
    24     CS   15.127   159.9   2.78   5.83   6.32   0     —     —  —
    25     CS   15.349   135.2   3.01   6.05   6.55   1   b45     —  CHARGE, BRK-B45
    26     CS   16.812   365.7   0.43   6.48   7.21   0     —     —  —
    27     CS   17.089   344.6   0.71   6.76   7.48   0     —     —  —
    28     CS   17.376   324.0   0.99   7.05   7.77   0     —     —  —
    29     CS   17.603   299.8   1.22   7.27   8.00   0     —     —  —
    30     CS   17.881   267.3   1.50   7.55   8.27   0     —     —  —
    31     CS   18.228   239.6   1.84   7.90   8.62   0     —     —  —
    32     CS   18.526   208.9   2.14   8.20   8.92   0     —     —  —
    33     CS   18.849   179.9   2.47   8.52   9.24   0     —     —  —
    34     CS   19.128   157.7   2.74   8.80   9.52   0     —     —  —
    35     CS   19.384   134.2   3.00   9.05   9.78   0     —     —  —
    36     CS   19.673   112.6   3.29   9.34  10.07   1   b45     —  CHARGE, BRK-B45
    37     CS   21.606   440.8   0.43   9.77  10.72   0     —    r2  REST-R2
    38     CS   31.082   416.4   0.31   0.31   0.31   0     —     —  —
    39     CS   31.326   387.5   0.55   0.55   0.55   0     —     —  —
    40     CS   31.583   359.8   0.81   0.81   0.81   0     —     —  —
    41     CS   31.822   335.0   1.05   1.05   1.05   0     —     —  —
    42     CS   32.043   308.6   1.27   1.27   1.27   0     —     —  —
    43   CUST   32.276   283.5   1.50   1.50   1.50   0     —     —  —
    44   CUST   32.926   267.6   1.65   1.65   2.15   0     —     —  —
    45   CUST   33.612   246.7   1.84   1.84   2.84   0     —     —  —
    46     CS   34.292   225.4   2.02   2.02   3.52   0     —     —  —
    47   CUST   34.577   195.7   2.30   2.30   3.80   0     —     —  —
    48   CUST   35.286   171.1   2.51   2.51   4.51   0     —     —  —
    49     CS   36.168   130.3   2.90   2.90   5.40   1   b45     —  CHARGE, BRK-B45
    50     CS   37.405   425.1   0.01   2.90   5.73   0     —     —  —
    51     CS   37.700   392.9   0.30   3.20   6.03   0     —     —  —
    52     CS   37.990   360.3   0.59   3.49   6.32   0     —     —  —
    53     CS   38.283   327.9   0.88   3.78   6.61   0     —     —  —
    54     CS   38.546   301.4   1.15   4.04   6.87   0     —     —  —
    55     CS   38.796   273.9   1.40   4.29   7.12   0     —     —  —
    56     CS   39.067   247.9   1.67   4.56   7.39   0     —     —  —
    57     CS   39.297   221.6   1.90   4.79   7.62   0     —     —  —
    58     CS   39.610   200.4   2.21   5.11   7.94   0     —     —  —
    59     CS   39.847   174.7   2.45   5.34   8.18   0     —     —  —
    60     CS   40.465   131.9   3.07   5.96   8.79   1   b45     —  CHARGE, BRK-B45
    61     CS   41.905   388.6   0.31   6.27   9.40   0     —     —  —
    62     CS   42.148   359.9   0.55   6.52   9.65   0     —     —  —
    63     CS   42.424   335.0   0.83   6.79   9.92   0     —     —  —
    64     CS   42.666   307.5   1.07   7.03  10.17   0     —     —  —
    65     CS   42.912   280.3   1.32   7.28  10.41   0     —     —  —
    66     CS   43.154   252.8   1.56   7.52  10.65   0     —     —  —
    67     CS   43.591   200.3   2.00   7.96  11.09   1     —    r2  CHARGE, REST-R2
    68     CS   53.504   306.5   0.26   0.26   0.26   0     —     —  —
    69     CS   53.743   279.3   0.50   0.50   0.50   0     —     —  —
    70     CS   53.977   251.6   0.73   0.73   0.73   0     —     —  —
    71     CS   54.216   224.4   0.97   0.97   0.97   1   b45     —  CHARGE, BRK-B45
    72     CS   55.499   419.5   0.28   1.25   1.50   0     —     —  —
    73   CUST   55.886   397.3   0.67   1.64   1.89   0     —     —  —
    74     CS   56.608   373.1   0.89   1.86   2.61   0     —     —  —
    75     CS   56.838   349.6   1.12   2.09   2.84   0     —     —  —
    76     CS   57.059   325.2   1.34   2.31   3.06   0     —     —  —
    77   CUST   57.209   311.5   1.49   2.46   3.21   0     —     —  —
    78   CUST   57.887   293.4   1.67   2.64   3.89   0     —     —  —
    79   CUST   58.684   274.8   1.97   2.94   4.69   0     —     —  —
    80     CS   59.257   267.2   2.04   3.01   5.26   0     —     —  —
    81   CUST   59.576   235.9   2.36   3.33   5.58   0     —     —  —
    82     CS   60.409   205.6   2.69   3.66   6.41   0     —     —  —
    83     CS   60.799   170.7   3.08   4.05   6.80   1   b45     —  CHARGE, BRK-B45
    84     CS   62.217   412.4   0.26   4.31   7.37   0     —     —  —
    85     CS   62.625   391.4   0.66   4.71   7.77   0     —     —  —
    86     CS   62.889   360.6   0.93   4.98   8.04   0     —     —  —
    87     CS   63.260   336.1   1.30   5.35   8.41   0     —     —  —
    88     CS   63.536   306.4   1.58   5.63   8.69   0     —     —  —
    89     CS   63.800   275.4   1.84   5.89   8.95   0     —     —  —
    90     CS   64.097   246.8   2.14   6.19   9.25   0     —     —  —
    91     CS   64.376   216.7   2.41   6.47   9.53   1   b45     —  CHARGE, BRK-B45
    92     CS   65.629   410.5   0.24   6.71  10.03   0     —     —  —
    93     CS   65.860   385.0   0.47   6.94  10.26   0     —     —  —
    94     CS   66.091   359.6   0.70   7.17  10.49   0     —     —  —
    95     CS   66.317   333.8   0.93   7.39  10.72   0     —     —  —
    96     CS   66.564   309.7   1.17   7.64  10.96   0     —     —  —
    97     CS   66.802   284.9   1.41   7.88  11.20   0     —     —  —
    98     CS   67.104   261.5   1.72   8.18  11.50   0     —     —  —
    99     CS   67.368   235.7   1.98   8.44  11.77   0     —     —  —
   100     CS   67.597   209.3   2.21   8.67  12.00   0     —     —  —
   101     CS   67.836   183.8   2.45   8.91  12.23   0     —     —  —
   102     CS   68.088   159.5   2.70   9.16  12.49   1     —    r2  CHARGE, REST-R2
   103     CS   78.561   398.2   0.24   0.24   0.24   0     —     —  —
   104     CS   78.816   372.6   0.49   0.49   0.49   0     —     —  —
   105   CUST   79.066   346.6   0.74   0.74   0.74   0     —     —  —
   106     CS   79.812   320.8   0.99   0.99   1.49   0     —     —  —
   107     CS   80.055   294.8   1.23   1.23   1.73   0     —     —  —
   108     CS   80.295   268.5   1.47   1.47   1.97   0     —     —  —
   109   CUST   80.532   242.0   1.71   1.71   2.21   0     —     —  —
   110     CS   81.056   239.5   1.73   1.73   2.73   0     —     —  —
   111   CUST   81.121   232.4   1.80   1.80   2.80   0     —     —  —
   112     CS   81.722   221.5   1.90   1.90   3.40   0     —     —  —
   113   CUST   82.087   177.9   2.26   2.26   3.76   0     —     —  —
   114     CS   82.770   160.3   2.45   2.45   4.45   1   b45     —  CHARGE, BRK-B45
   115     CS   84.146   409.2   0.31   2.76   4.96   0     —     —  —
   116     CS   84.457   382.9   0.62   3.07   5.27   0     —     —  —
   117     CS   84.677   357.3   0.84   3.29   5.49   0     —     —  —
   118     CS   84.895   331.5   1.06   3.51   5.71   0     —     —  —
   119     CS   85.123   306.6   1.29   3.73   5.94   0     —     —  —
   120     CS   85.369   276.9   1.53   3.98   6.18   0     —     —  —
   121     CS   85.623   248.1   1.79   4.23   6.44   0     —     —  —
   122     CS   85.877   219.3   2.04   4.49   6.69   0     —     —  —
   123     CS   86.129   190.4   2.29   4.74   6.94   0     —     —  —
   124     CS   86.369   166.4   2.53   4.98   7.18   0     —     —  —
   125     CS   86.598   141.7   2.76   5.21   7.41   0     —     —  —
   126     CS   86.825   116.7   2.99   5.43   7.64   1   b45     —  CHARGE, BRK-B45
   127     CS   88.286   392.9   0.32   5.76   8.19   0     —     —  —
   128     CS   88.556   362.0   0.59   6.03   8.46   0     —    r1  REST-R1
   129     CS   99.942   337.1   0.22   0.22   0.22   0     —     —  —
   130     CS  100.163   312.3   0.44   0.44   0.44   0     —     —  —
   131     CS  100.435   291.1   0.71   0.71   0.71   0     —     —  —
   132     CS  100.715   259.9   0.99   0.99   0.99   0     —     —  —
   133     CS  101.033   231.6   1.31   1.31   1.31   0     —     —  —
   134     CS  101.304   199.6   1.58   1.58   1.58   1   b45     —  CHARGE, BRK-B45
   135     CS  102.530   382.4   0.24   1.82   2.06   0     —     —  —
   136     CS  102.758   359.1   0.47   2.05   2.29   0     —     —  —
   137     CS  102.980   335.2   0.69   2.27   2.51   0     —     —  —
   138     CS  103.251   305.6   0.96   2.54   2.78   0     —     —  —
   139     CS  103.519   275.6   1.23   2.81   3.05   0     —     —  —
   140     CS  103.787   245.7   1.50   3.08   3.31   0     —     —  —
   141     CS  104.047   219.7   1.76   3.34   3.57   0     —     —  —
   142     CS  104.304   193.5   2.01   3.59   3.83   1   b45     —  CHARGE, BRK-B45
   143     CS  105.728   401.3   0.25   3.85   4.50   0     —     —  —
   144     CS  105.993   372.8   0.52   4.11   4.77   0     —     —  —
   145     CS  106.440   351.4   0.96   4.56   5.22   0     —     —  —
   146     CS  106.901   303.6   1.43   5.02   5.68   0     —     —  —
   147     CS  107.194   277.7   1.72   5.31   5.97   0     —     —  —
   148     CS  107.601   256.1   2.13   5.72   6.38   0     —     —  —
   149     CS  107.935   232.2   2.46   6.05   6.71   0     —     —  —
   150     CS  108.190   203.5   2.71   6.31   6.97   0     —     —  —
   151     CS  108.445   182.0   2.97   6.56   7.22   0     —     —  —
   152     CS  108.659   157.3   3.18   6.78   7.44   0     —     —  —
[19/33] RlongCmanyTnone_15           labelled   51 states in 102.9 min
  ScenarioTracker saved: /mnt/beegfs/users/celinep/ChargeAndBreak/ML/logs/RshortCfewTlarge_1_DAGGER1_S1_H24_20260822_103741_scenarios.json

  === SIMULATION TRAJECTORY ===
  stop   type    t_arr     soc     cd     sd     sw   y   brk   rst  action
  ───────────────────────────────────────────────────────────────────────────────────────────────
     0   ORIG    8.000   500.0   0.00   0.00   0.00   0     —     —  —
     1     CS    8.236   474.3   0.24   0.24   0.24   0     —     —  —
     2     CS    8.464   447.8   0.46   0.46   0.46   0     —     —  —
     3     CS    8.688   420.9   0.69   0.69   0.69   0     —     —  —
     4     CS    8.922   400.1   0.92   0.92   0.92   0     —     —  —
     5     CS    9.128   377.1   1.13   1.13   1.13   0     —     —  —
     6     CS    9.334   354.2   1.33   1.33   1.33   0     —     —  —
     7     CS    9.553   333.0   1.55   1.55   1.55   0     —     —  —
     8     CS    9.900   316.4   1.90   1.90   1.90   0     —     —  —
     9     CS   10.099   293.6   2.10   2.10   2.10   0     —     —  —
    10     CS   10.332   266.0   2.33   2.33   2.33   0     —     —  —
    11     CS   10.602   241.4   2.60   2.60   2.60   0     —     —  —
    12     CS   10.839   214.2   2.84   2.84   2.84   0     —     —  —
    13     CS   11.073   188.3   3.07   3.07   3.07   0     —     —  —
    14     CS   11.321   163.5   3.32   3.32   3.32   0     —     —  —
    15     CS   11.553   137.4   3.55   3.55   3.55   1   b45     —  CHARGE, BRK-B45
    16     CS   12.989   407.0   0.25   3.80   4.06   0     —     —  —
    17     CS   13.250   380.3   0.51   4.06   4.32   0     —     —  —
    18     CS   13.507   353.3   0.76   4.32   4.58   0     —     —  —
    19     CS   13.728   329.4   0.98   4.54   4.80   0     —     —  —
    20     CS   13.958   306.2   1.21   4.77   5.03   0     —     —  —
    21   CUST   14.173   281.7   1.43   4.98   5.25   0     —     —  —
    22     CS   14.749   273.3   1.51   5.06   5.82   0     —     —  —
    23     CS   15.053   251.4   1.81   5.36   6.13   0     —     —  —
    24     CS   15.403   231.1   2.16   5.71   6.48   0     —     —  —
    25     CS   15.691   208.5   2.45   6.00   6.77   0     —     —  —
    26     CS   15.926   182.4   2.68   6.23   7.00   0     —     —  —
    27     CS   16.344   133.1   3.10   6.65   7.42   1   b45     —  CHARGE, BRK-B45
    28     CS   17.884   396.8   0.43   7.08   8.09   0     —     —  —
    29     CS   18.208   369.6   0.76   7.41   8.42   0     —     —  —
    30     CS   18.496   339.8   1.04   7.70   8.71   0     —     —  —
    31     CS   18.770   308.1   1.32   7.97   8.98   0     —     —  —
    32     CS   19.052   277.1   1.60   8.25   9.26   0     —     —  —
    33   CUST   19.366   248.6   1.91   8.57   9.58   0     —    r2  REST-R2
    34     CS   29.080   228.9   0.21   0.21   0.21   0     —     —  —
    35     CS   29.216   216.3   0.35   0.35   0.35   0     —     —  —
    36     CS   29.453   192.9   0.59   0.59   0.59   0     —     —  —
    37     CS   29.679   168.6   0.81   0.81   0.81   0     —     —  —
    38     CS   29.913   144.9   1.05   1.05   1.05   0     —     —  —
    39     CS   30.169   122.8   1.30   1.30   1.30   1   b45     —  CHARGE, BRK-B45
    40     CS   31.525   379.6   0.23   1.54   1.84   0     —     —  —
    41     CS   31.762   353.9   0.47   1.77   2.08   0     —     —  —
    42     CS   32.032   330.7   0.74   2.04   2.35   0     —     —  —
    43     CS   32.314   302.7   1.02   2.32   2.63   0     —     —  —
    44     CS   32.605   275.4   1.31   2.62   2.92   0     —     —  —
    45   CUST   32.880   246.9   1.59   2.89   3.19   0     —     —  —
    46     CS   33.702   220.3   1.91   3.21   4.02   0     —     —  —
    47     CS   33.964   189.2   2.17   3.48   4.28   0     —     —  —
    48     CS   34.027   181.9   2.23   3.54   4.34   1   b45     —  CHARGE, BRK-B45
    49     CS   35.420   432.7   0.25   3.78   4.82   0     —     —  —
    50     CS   35.652   405.8   0.48   4.02   5.05   0     —     —  —
    51     CS   35.884   378.9   0.71   4.25   5.28   0     —     —  —
    52     CS   36.103   353.1   0.93   4.47   5.50   0     —     —  —
    53     CS   36.333   328.4   1.16   4.70   5.73   0     —     —  —
    54     CS   36.596   306.0   1.42   4.96   6.00   0     —     —  —
    55     CS   36.860   282.4   1.69   5.22   6.26   0     —     —  —
    56     CS   37.095   256.6   1.92   5.46   6.49   0     —     —  —
    57     CS   37.336   231.3   2.16   5.70   6.74   0     —     —  —
    58     CS   37.602   207.8   2.43   5.97   7.00   0     —     —  —
    59     CS   37.849   181.4   2.68   6.21   7.25   0     —     —  —
    60     CS   38.192   160.1   3.02   6.56   7.59   0     —     —  —
[20/33] RshortCfewTlarge_1           labelled   16 states in  13.8 min
  ScenarioTracker saved: /mnt/beegfs/users/celinep/ChargeAndBreak/ML/logs/RmediumCmanyTnone_14_DAGGER1_S1_H24_20260822_105129_scenarios.json

  === SIMULATION TRAJECTORY ===
  stop   type    t_arr     soc     cd     sd     sw   y   brk   rst  action
  ───────────────────────────────────────────────────────────────────────────────────────────────
     0   ORIG    8.000   500.0   0.00   0.00   0.00   0     —     —  —
     1     CS    8.247   475.2   0.25   0.25   0.25   0     —     —  —
     2     CS    8.564   454.0   0.56   0.56   0.56   0     —     —  —
     3     CS    8.791   427.4   0.79   0.79   0.79   0     —     —  —
     4     CS    9.157   409.8   1.16   1.16   1.16   0     —     —  —
     5     CS    9.368   385.7   1.37   1.37   1.37   0     —     —  —
     6     CS    9.583   362.0   1.58   1.58   1.58   0     —     —  —
     7     CS    9.803   335.4   1.80   1.80   1.80   0     —     —  —
     8     CS   10.044   310.6   2.04   2.04   2.04   0     —     —  —
     9     CS   10.288   286.1   2.29   2.29   2.29   0     —     —  —
    10     CS   10.549   262.8   2.55   2.55   2.55   0     —     —  —
    11     CS   10.786   235.6   2.79   2.79   2.79   0     —     —  —
    12     CS   11.125   214.1   3.12   3.12   3.12   0     —     —  —
    13     CS   11.368   187.5   3.37   3.37   3.37   0     —     —  —
    14     CS   11.589   163.6   3.59   3.59   3.59   0     —     —  —
    15     CS   11.856   142.6   3.86   3.86   3.86   0     —     —  —
    16     CS   12.080   118.9   4.08   4.08   4.08   1   b45     —  CHARGE, BRK-B45
    17     CS   13.649   402.0   0.27   4.35   4.68   0     —     —  —
    18     CS   13.926   370.5   0.55   4.63   4.95   0     —     —  —
    19     CS   14.225   339.9   0.85   4.93   5.25   0     —     —  —
    20   CUST   14.516   308.5   1.14   5.22   5.54   0     —     —  —
    21     CS   15.323   280.5   1.44   5.52   6.35   0     —     —  —
    22     CS   15.602   250.5   1.72   5.80   6.63   0     —     —  —
    23     CS   15.875   219.8   2.00   6.08   6.90   0     —     —  —
    24   CUST   15.950   211.3   2.07   6.15   6.98   0     —     —  —
    25     CS   16.567   199.5   2.19   6.27   7.59   1   b45     —  CHARGE, BRK-B45
    26   CUST   18.075   390.4   0.33   6.60   8.35   0     —     —  —
    27   CUST   18.730   374.9   0.49   6.76   9.01   0     —     —  —
    28   CUST   19.253   372.3   0.51   6.78   9.53   0     —     —  —
    29   CUST   19.878   360.0   0.63   6.90  10.15   0     —     —  —
    30     CS   20.754   316.3   1.01   7.28  11.03   0     —     —  —
    31     CS   21.202   275.0   1.46   7.73  11.48   0     —     —  —
    32     CS   21.469   243.9   1.72   7.99  11.75   0     —     —  —
    33     CS   21.745   213.5   2.00   8.27  12.02   0     —     —  —
    34     CS   22.208   161.2   2.46   8.73  12.48   1     —    r2  CHARGE, REST-R2
    35     CS   32.437   384.9   0.27   0.27   0.27   0     —     —  —
    36     CS   32.703   358.6   0.54   0.54   0.54   0     —     —  —
    37     CS   32.958   331.4   0.79   0.79   0.79   0     —     —  —
    38     CS   33.235   304.5   1.07   1.07   1.07   0     —     —  —
    39     CS   33.527   278.6   1.36   1.36   1.36   0     —     —  —
    40   CUST   33.798   251.3   1.63   1.63   1.63   0     —     —  —
    41   CUST   34.670   226.4   2.01   2.01   2.51   0     —     —  —
    42     CS   35.595   192.6   2.43   2.43   3.43   0     —     —  —
    43   CUST   36.016   153.7   2.85   2.85   3.85   0     —     —  —
    44   CUST   36.683   134.6   3.02   3.02   4.52   0     —     —  —
    45     CS   37.276   124.2   3.11   3.11   5.11   1   b45     —  CHARGE, BRK-B45
    46     CS   38.796   375.5   0.40   3.51   5.77   0     —     —  —
    47     CS   39.050   348.2   0.65   3.76   6.03   0     —     —  —
    48     CS   39.311   321.6   0.91   4.02   6.29   0     —     —  —
    49     CS   39.574   295.1   1.17   4.29   6.55   0     —     —  —
    50     CS   40.024   256.9   1.62   4.74   7.00   1     —     —  CHARGE
    51     CS   41.117   382.4   1.94   5.05   8.10   0     —     —  —
    52     CS   41.427   351.4   2.25   5.36   8.40   0     —     —  —
    53   CUST   41.772   322.8   2.59   5.70   8.75   0     —     —  —
    54   CUST   42.582   292.9   2.90   6.01   9.56   0     —     —  —
    55   CUST   43.111   290.7   2.93   6.04  10.09   0     —     —  —
    56   CUST   43.833   266.0   3.15   6.26  10.81   0     —    r2  REST-R2
    57     CS   53.378   260.7   0.05   0.05   0.05   0     —     —  —
    58     CS   53.692   236.9   0.36   0.36   0.36   0     —     —  —
    59     CS   54.083   194.5   0.75   0.75   0.75   1   b45     —  CHARGE, BRK-B45
    60     CS   55.413   398.4   0.24   0.99   1.33   0     —     —  —
    61     CS   55.651   375.1   0.48   1.23   1.57   0     —     —  —
    62     CS   55.974   355.7   0.80   1.55   1.89   0     —     —  —
    63     CS   56.289   327.9   1.12   1.87   2.21   0     —     —  —
    64     CS   56.598   299.7   1.42   2.17   2.51   0     —     —  —
    65     CS   56.869   268.5   1.70   2.45   2.79   0     —     —  —
    66     CS   57.130   239.2   1.96   2.71   3.05   0     —     —  —
    67     CS   57.388   209.4   2.21   2.96   3.30   0     —     —  —
    68     CS   57.648   179.6   2.47   3.22   3.57   0     —     —  —
    69     CS   57.965   153.9   2.79   3.54   3.88   0     —     —  —
    70     CS   58.247   125.9   3.07   3.82   4.16   1   b45     —  CHARGE, BRK-B45
    71     CS   59.519   295.1   0.24   4.07   4.69   0     —     —  —
    72     CS   59.804   270.2   0.53   4.35   4.97   0     —     —  —
    73     CS   60.046   242.1   0.77   4.60   5.21   0     —     —  —
    74     CS   60.284   213.6   1.01   4.83   5.45   0     —     —  —
    75     CS   60.522   193.6   1.25   5.07   5.69   0     —     —  —
    76     CS   60.724   171.1   1.45   5.27   5.89   0     —     —  —
[21/33] RmediumCmanyTnone_14         labelled   27 states in  48.2 min
  ScenarioTracker saved: /mnt/beegfs/users/celinep/ChargeAndBreak/ML/logs/RshortCmanyTnone_15_DAGGER1_S1_H24_20260822_113940_scenarios.json

  === SIMULATION TRAJECTORY ===
  stop   type    t_arr     soc     cd     sd     sw   y   brk   rst  action
  ───────────────────────────────────────────────────────────────────────────────────────────────
     0   ORIG    8.000   500.0   0.00   0.00   0.00   0     —     —  —
     1     CS    8.240   474.7   0.24   0.24   0.24   0     —     —  —
     2     CS    8.474   448.7   0.47   0.47   0.47   0     —     —  —
     3     CS    8.721   423.9   0.72   0.72   0.72   0     —     —  —
     4     CS    8.952   400.0   0.95   0.95   0.95   0     —     —  —
     5     CS    9.202   377.5   1.20   1.20   1.20   0     —     —  —
     6     CS    9.433   353.7   1.43   1.43   1.43   0     —     —  —
     7     CS    9.653   328.8   1.65   1.65   1.65   0     —     —  —
     8     CS    9.895   304.3   1.89   1.89   1.89   0     —     —  —
     9     CS   10.173   282.1   2.17   2.17   2.17   0     —     —  —
    10     CS   10.396   256.0   2.40   2.40   2.40   0     —     —  —
    11     CS   10.862   232.1   2.86   2.86   2.86   0     —     —  —
    12     CS   11.181   202.9   3.18   3.18   3.18   0     —     —  —
    13   CUST   11.642   155.1   3.64   3.64   3.64   0     —     —  —
    14   CUST   12.333   135.8   3.83   3.83   4.33   0     —     —  —
    15     CS   13.061   111.6   4.06   4.06   5.06   1   b45     —  CHARGE, BRK-B45
    16   CUST   14.611   326.8   0.43   4.49   5.86   0     —     —  —
    17   CUST   15.164   321.0   0.48   4.54   6.41   0     —     —  —
    18     CS   15.864   299.1   0.68   4.74   7.11   0     —     —  —
    19     CS   16.065   277.2   0.88   4.95   7.31   0     —     —  —
    20     CS   16.258   254.7   1.08   5.14   7.50   0     —     —  —
    21     CS   16.400   240.4   1.22   5.28   7.64   0     —     —  —
    22     CS   16.677   212.4   1.50   5.56   7.92   0     —     —  —
    23     CS   16.936   182.9   1.76   5.82   8.18   1   b45     —  CHARGE, BRK-B45
    24     CS   18.278   413.4   0.28   6.10   8.71   0     —     —  —
    25     CS   18.552   389.0   0.56   6.37   8.99   0     —     —  —
    26     CS   18.787   361.3   0.79   6.61   9.22   0     —     —  —
    27     CS   19.093   338.5   1.10   6.91   9.53   0     —     —  —
    28   CUST   19.454   295.7   1.46   7.27   9.89   0     —    r2  REST-R2
    29   CUST   29.315   267.0   0.36   0.36   0.36   0     —     —  —
    30     CS   30.085   238.4   0.63   0.63   1.13   0     —     —  —
    31     CS   30.370   211.0   0.92   0.92   1.42   0     —     —  —
    32     CS   30.412   206.6   0.96   0.96   1.46   1   b45     —  CHARGE, BRK-B45
    33     CS   31.680   383.5   0.22   1.18   1.98   0     —     —  —
    34     CS   31.881   360.9   0.42   1.38   2.18   0     —     —  —
    35   CUST   32.169   343.0   0.71   1.67   2.47   0     —     —  —
    36     CS   32.869   319.9   0.91   1.87   3.17   0     —     —  —
    37     CS   33.074   297.2   1.12   2.07   3.37   0     —     —  —
    38     CS   33.281   274.8   1.32   2.28   3.58   0     —     —  —
    39     CS   33.823   242.8   1.86   2.82   4.12   1   b45     —  CHARGE, BRK-B45
    40     CS   35.359   450.6   0.26   3.08   4.81   0     —     —  —
    41     CS   35.658   425.1   0.56   3.38   5.11   0     —     —  —
    42   CUST   35.918   396.9   0.82   3.64   5.37   0     —     —  —
    43     CS   36.675   366.5   1.08   3.90   6.13   0     —     —  —
    44     CS   37.001   341.1   1.41   4.23   6.45   0     —     —  —
    45     CS   37.164   321.7   1.57   4.39   6.62   0     —     —  —
    46     CS   37.424   293.3   1.83   4.65   6.88   0     —     —  —
    47     CS   37.780   270.3   2.18   5.01   7.23   0     —     —  —
    48     CS   38.105   247.9   2.51   5.33   7.56   0     —     —  —
    49     CS   38.362   221.6   2.77   5.59   7.82   0     —     —  —
    50     CS   38.615   195.1   3.02   5.84   8.07   1     —     —  CHARGE
    51     CS   39.491   256.7   3.34   6.16   8.94   0     —     —  —
    52     CS   39.795   225.3   3.65   6.47   9.25   0     —     —  —
[22/33] RshortCmanyTnone_15          labelled   19 states in  14.2 min
  ScenarioTracker saved: /mnt/beegfs/users/celinep/ChargeAndBreak/ML/logs/RlongCmanyTnone_5_DAGGER1_S1_H24_20260822_115352_scenarios.json

  === SIMULATION TRAJECTORY ===
  stop   type    t_arr     soc     cd     sd     sw   y   brk   rst  action
  ───────────────────────────────────────────────────────────────────────────────────────────────
     0   ORIG    8.000   500.0   0.00   0.00   0.00   0     —     —  —
     1     CS    8.230   473.7   0.23   0.23   0.23   0     —     —  —
     2     CS    8.469   448.2   0.47   0.47   0.47   0     —     —  —
     3     CS    8.721   423.8   0.72   0.72   0.72   0     —     —  —
     4     CS    8.918   401.6   0.92   0.92   0.92   0     —     —  —
     5     CS    9.134   381.0   1.13   1.13   1.13   0     —     —  —
     6     CS    9.370   361.5   1.37   1.37   1.37   0     —     —  —
     7     CS    9.579   338.1   1.58   1.58   1.58   0     —     —  —
     8     CS    9.826   317.4   1.83   1.83   1.83   0     —     —  —
     9     CS   10.054   295.5   2.05   2.05   2.05   0     —     —  —
    10     CS   10.327   272.4   2.33   2.33   2.33   0     —     —  —
    11     CS   10.575   247.7   2.58   2.58   2.58   0     —     —  —
    12     CS   10.814   222.2   2.81   2.81   2.81   0     —     —  —
    13     CS   11.043   195.8   3.04   3.04   3.04   0     —     —  —
    14     CS   11.300   169.6   3.30   3.30   3.30   0     —     —  —
    15     CS   11.579   144.9   3.58   3.58   3.58   1   b45     —  CHARGE, BRK-B45
    16     CS   13.046   418.2   0.25   3.83   4.09   0     —     —  —
    17     CS   13.471   397.8   0.68   4.25   4.51   0     —     —  —
    18     CS   13.727   370.9   0.93   4.51   4.77   0     —     —  —
    19     CS   13.982   344.0   1.19   4.77   5.03   0     —     —  —
    20     CS   14.195   323.1   1.40   4.98   5.24   0     —     —  —
    21     CS   14.392   300.9   1.60   5.17   5.44   0     —     —  —
    22     CS   14.732   284.6   1.94   5.51   5.78   0     —     —  —
    23     CS   14.981   257.7   2.18   5.76   6.02   0     —     —  —
    24     CS   15.333   236.1   2.54   6.12   6.38   0     —     —  —
    25     CS   15.610   211.3   2.81   6.39   6.65   0     —     —  —
    26     CS   15.864   182.4   3.07   6.65   6.91   0     —     —  —
    27     CS   16.135   155.1   3.34   6.92   7.18   1   b45     —  CHARGE, BRK-B45
    28     CS   17.489   388.6   0.28   7.20   7.76   0     —     —  —
    29     CS   17.763   362.0   0.55   7.47   8.03   0     —     —  —
    30     CS   18.040   335.7   0.83   7.75   8.31   0     —     —  —
    31     CS   18.386   312.7   1.18   8.09   8.66   0     —     —  —
    32     CS   18.653   281.5   1.44   8.36   8.92   0     —     —  —
    33     CS   18.962   253.6   1.75   8.67   9.23   0     —     —  —
    34     CS   19.201   228.9   1.99   8.91   9.47   0     —     —  —
    35     CS   19.432   203.5   2.22   9.14   9.70   0     —     —  —
    36     CS   19.665   178.3   2.45   9.37   9.93   1     —    r2  CHARGE, REST-R2
    37     CS   29.736   360.1   0.21   0.21   0.21   0     —     —  —
    38     CS   29.940   336.1   0.41   0.41   0.41   0     —     —  —
    39     CS   30.156   313.2   0.63   0.63   0.63   0     —     —  —
    40     CS   30.447   282.3   0.92   0.92   0.92   0     —     —  —
    41     CS   30.734   251.0   1.21   1.21   1.21   0     —     —  —
    42     CS   31.183   227.0   1.66   1.66   1.66   1   b45     —  CHARGE, BRK-B45
    43     CS   32.591   422.5   0.24   1.89   2.31   0     —     —  —
    44   CUST   32.842   395.8   0.49   2.15   2.56   0     —     —  —
    45     CS   33.611   375.2   0.76   2.41   3.33   0     —     —  —
    46     CS   33.841   352.4   0.99   2.64   3.56   0     —     —  —
    47   CUST   34.051   327.8   1.20   2.85   3.77   0     —     —  —
    48     CS   34.700   316.9   1.35   3.00   4.42   0     —     —  —
    49     CS   34.943   296.9   1.59   3.25   4.67   0     —     —  —
    50     CS   35.275   273.0   1.92   3.58   5.00   0     —     —  —
    51   CUST   35.528   244.2   2.18   3.83   5.25   0     —     —  —
    52   CUST   36.377   208.6   2.52   4.18   6.10   0     —     —  —
    53   CUST   37.019   193.2   2.67   4.32   6.74   0     —     —  —
    54     CS   37.699   184.5   2.85   4.50   7.42   0     —     —  —
    55     CS   38.045   143.9   3.19   4.85   7.77   1   b45     —  CHARGE, BRK-B45
    56     CS   39.570   410.4   0.23   5.08   8.38   0     —     —  —
    57     CS   39.853   387.8   0.51   5.36   8.66   0     —     —  —
    58     CS   40.081   361.4   0.74   5.59   8.89   0     —     —  —
    59     CS   40.497   330.7   1.16   6.01   9.31   0     —     —  —
    60     CS   40.811   310.5   1.47   6.32   9.62   0     —     —  —
    61     CS   41.061   287.3   1.72   6.57   9.87   0     —     —  —
    62     CS   41.316   264.4   1.98   6.82  10.12   0     —     —  —
    63     CS   41.622   240.0   2.28   7.13  10.43   0     —     —  —
    64     CS   41.897   213.7   2.56   7.41  10.71   0     —     —  —
    65     CS   42.140   184.6   2.80   7.65  10.95   1   b45     —  CHARGE, BRK-B45
    66     CS   43.450   388.1   0.25   7.90  11.51   0     —     —  —
    67     CS   43.698   358.6   0.50   8.15  11.76   0     —     —  —
    68     CS   44.005   333.6   0.81   8.46  12.06   0     —     —  —
    69     CS   44.274   306.1   1.08   8.73  12.33   1     —    r2  CHARGE, REST-R2
    70     CS   53.986   364.1   0.22   0.22   0.22   0     —     —  —
    71     CS   54.219   338.9   0.45   0.45   0.45   0     —     —  —
    72     CS   54.478   315.6   0.71   0.71   0.71   0     —     —  —
    73     CS   54.752   290.6   0.99   0.99   0.99   0     —     —  —
    74     CS   55.062   267.5   1.30   1.30   1.30   0     —     —  —
    75     CS   55.281   244.9   1.51   1.51   1.51   0     —     —  —
    76     CS   55.497   222.1   1.73   1.73   1.73   0     —     —  —
    77     CS   55.779   203.0   2.01   2.01   2.01   0     —     —  —
    78     CS   56.087   171.8   2.32   2.32   2.32   0     —     —  —
    79     CS   56.424   142.8   2.66   2.66   2.66   1   b45     —  CHARGE, BRK-B45
    80     CS   57.801   383.8   0.29   2.95   3.23   0     —     —  —
    81     CS   58.078   353.5   0.57   3.22   3.51   0     —     —  —
    82     CS   58.502   330.1   0.99   3.65   3.93   0     —     —  —
    83     CS   58.786   300.5   1.27   3.93   4.22   0     —     —  —
    84     CS   59.135   272.1   1.62   4.28   4.57   0     —     —  —
    85     CS   59.472   248.4   1.96   4.62   4.91   0     —     —  —
    86     CS   59.741   220.9   2.23   4.89   5.17   0     —     —  —
    87     CS   60.002   192.7   2.49   5.15   5.44   0     —     —  —
    88     CS   60.220   170.0   2.71   5.37   5.65   0     —     —  —
    89     CS   60.429   146.6   2.92   5.58   5.86   0     —     —  —
    90     CS   60.635   122.8   3.12   5.78   6.07   1   b45     —  CHARGE, BRK-B45
    91     CS   62.174   418.6   0.30   6.08   6.57   0     —     —  —
    92     CS   62.577   393.6   0.71   6.49   6.98   0     —     —  —
    93     CS   62.871   363.1   1.00   6.78   7.27   0     —     —  —
    94     CS   63.149   331.2   1.28   7.06   7.55   0     —     —  —
    95   CUST   63.569   293.2   1.70   7.48   7.97   0     —     —  —
    96   CUST   64.210   278.8   1.84   7.62   8.61   0     —     —  —
    97   CUST   64.912   254.7   2.04   7.82   9.31   0     —     —  —
    98   CUST   65.600   234.1   2.23   8.01  10.00   0     —     —  —
    99     CS   66.336   210.5   2.46   8.25  10.73   0     —     —  —
   100     CS   66.413   202.2   2.54   8.32  10.81   1     —    r2  CHARGE, REST-R2
   101     CS   76.609   359.7   0.30   0.30   0.30   0     —     —  —
   102     CS   76.895   327.9   0.58   0.58   0.58   0     —     —  —
   103     CS   77.163   303.0   0.85   0.85   0.85   0     —     —  —
   104     CS   77.403   275.8   1.09   1.09   1.09   0     —     —  —
   105     CS   77.646   249.1   1.34   1.34   1.34   0     —     —  —
   106     CS   77.901   223.1   1.59   1.59   1.59   0     —     —  —
   107     CS   78.204   191.7   1.89   1.89   1.89   0     —     —  —
   108     CS   78.487   158.4   2.18   2.18   2.18   1   b45     —  CHARGE, BRK-B45
   109     CS   79.841   391.1   0.27   2.45   2.74   0     —     —  —
   110     CS   80.107   361.8   0.54   2.71   3.01   0     —     —  —
   111     CS   80.445   337.0   0.88   3.05   3.34   0     —     —  —
   112     CS   80.653   315.0   1.08   3.26   3.55   0     —     —  —
   113     CS   81.000   298.4   1.43   3.61   3.90   0     —     —  —
   114     CS   81.217   277.1   1.65   3.82   4.12   0     —     —  —
   115     CS   81.486   246.6   1.92   4.09   4.39   0     —     —  —
   116     CS   81.792   218.9   2.22   4.40   4.69   0     —     —  —
   117     CS   82.084   190.2   2.51   4.69   4.98   0     —     —  —
   118     CS   82.532   138.8   2.96   5.14   5.43   1   b45     —  CHARGE, BRK-B45
   119     CS   83.854   390.9   0.25   5.39   5.91   0     —     —  —
   120     CS   84.119   364.6   0.52   5.65   6.18   0     —     —  —
   121     CS   84.377   337.7   0.77   5.91   6.44   0     —     —  —
   122     CS   84.642   307.5   1.04   6.18   6.70   0     —     —  —
   123     CS   84.923   278.7   1.32   6.46   6.98   0     —     —  —
   124     CS   85.207   250.2   1.60   6.74   7.27   0     —     —  —
   125   CUST   85.644   202.6   2.04   7.18   7.70   0     —     —  —
   126     CS   86.308   183.3   2.21   7.34   8.37   0     —     —  —
   127     CS   86.605   155.2   2.50   7.64   8.67   0     —     —  —
   128   CUST   86.895   126.6   2.79   7.93   8.96   0     —     —  —
   129     CS   87.470   120.2   2.87   8.00   9.53   1   b45     —  CHARGE, BRK-B45
   130     CS   88.871   393.7   0.26   8.26  10.04   0     —     —  —
   131     CS   89.144   369.9   0.53   8.54  10.31   0     —     —  —
   132     CS   89.376   342.9   0.77   8.77  10.55   0     —     —  —
   133     CS   89.622   317.1   1.01   9.02  10.79   0     —     —  —
   134     CS   89.843   294.7   1.23   9.24  11.01   0     —     —  —
   135     CS   90.146   276.2   1.54   9.54  11.32   0     —     —  —
   136     CS   90.358   253.1   1.75   9.75  11.53   1     —    r1  CHARGE, REST-R1
   137     CS  102.169   359.3   0.22   0.22   0.22   0     —     —  —
   138     CS  102.395   335.0   0.44   0.44   0.44   0     —     —  —
   139     CS  102.610   309.7   0.66   0.66   0.66   0     —     —  —
   140     CS  102.867   283.4   0.91   0.91   0.91   0     —     —  —
   141     CS  103.114   256.4   1.16   1.16   1.16   0     —     —  —
   142     CS  103.362   229.4   1.41   1.41   1.41   0     —     —  —
   143     CS  103.564   206.9   1.61   1.61   1.61   0     —     —  —
   144     CS  103.765   184.2   1.81   1.81   1.81   0     —     —  —
   145     CS  103.960   161.0   2.01   2.01   2.01   1   b45     —  CHARGE, BRK-B45
   146     CS  105.560   377.6   0.31   2.32   2.86   0     —     —  —
   147     CS  105.843   347.5   0.60   2.60   3.14   0     —     —  —
   148     CS  106.135   318.1   0.89   2.89   3.43   0     —     —  —
   149     CS  106.405   287.6   1.16   3.16   3.70   0     —     —  —
   150     CS  106.676   257.2   1.43   3.44   3.97   0     —     —  —
   151     CS  106.937   225.8   1.69   3.70   4.23   0     —     —  —
   152     CS  107.170   201.3   1.92   3.93   4.47   0     —     —  —
   153     CS  107.390   175.7   2.14   4.15   4.69   0     —     —  —
   154     CS  107.612   150.3   2.37   4.37   4.91   1   b45     —  CHARGE, BRK-B45
   155     CS  109.210   428.5   0.30   4.67   5.51   0     —     —  —
   156     CS  109.481   397.6   0.57   4.94   5.78   0     —     —  —
   157     CS  109.706   373.3   0.80   5.17   6.00   0     —     —  —
   158     CS  109.926   348.5   1.02   5.39   6.22   0     —     —  —
   159     CS  110.142   323.3   1.23   5.61   6.44   0     —     —  —
   160     CS  110.397   301.1   1.49   5.86   6.70   0     —     —  —
   161     CS  110.694   269.1   1.79   6.16   6.99   0     —     —  —
   162     CS  111.044   240.7   2.14   6.51   7.34   0     —     —  —
   163     CS  111.435   200.6   2.53   6.90   7.73   1   b45     —  CHARGE, BRK-B45
   164     CS  112.846   374.8   0.25   7.15   8.39   0     —     —  —
   165     CS  113.093   346.5   0.49   7.39   8.64   0     —    r1  REST-R1
   166     CS  124.534   320.5   0.27   0.27   0.27   0     —     —  —
   167     CS  124.778   291.9   0.52   0.52   0.52   0     —     —  —
   168     CS  125.232   241.2   0.97   0.97   0.97   0     —     —  —
   169     CS  125.465   216.9   1.21   1.21   1.21   0     —     —  —
   170     CS  125.685   191.4   1.42   1.42   1.42   0     —     —  —
   171     CS  125.981   170.8   1.72   1.72   1.72   0     —     —  —
   172     CS  126.228   147.5   1.97   1.97   1.97   1     —     —  CHARGE
   173     CS  127.368   236.3   2.24   2.24   3.11   0     —     —  —
   174     CS  127.639   204.3   2.51   2.51   3.38   0     —     —  —
   175     CS  127.908   172.1   2.78   2.78   3.65   1     —     —  CHARGE
   176     CS  128.964   282.9   3.02   3.02   4.70   0     —     —  —
   177     CS  129.258   258.5   3.31   3.31   5.00   0     —     —  —
[23/33] RlongCmanyTnone_5            labelled   57 states in  98.6 min
    [warn] teacher query failed @29: Solver (gurobi) did not exit normally
  ScenarioTracker saved: /mnt/beegfs/users/celinep/ChargeAndBreak/ML/logs/RlongCfewTtight_1_DAGGER1_S1_H24_20260822_133231_scenarios.json

  === SIMULATION TRAJECTORY ===
  stop   type    t_arr     soc     cd     sd     sw   y   brk   rst  action
  ───────────────────────────────────────────────────────────────────────────────────────────────
     0   ORIG    8.000   500.0   0.00   0.00   0.00   0     —     —  —
     1     CS    8.225   473.2   0.22   0.22   0.22   0     —     —  —
     2     CS    8.463   447.7   0.46   0.46   0.46   0     —     —  —
     3     CS    8.693   421.4   0.69   0.69   0.69   0     —     —  —
     4     CS    8.951   390.5   0.95   0.95   0.95   0     —     —  —
     5     CS    9.215   360.2   1.21   1.21   1.21   0     —     —  —
     6     CS    9.454   333.6   1.45   1.45   1.45   0     —     —  —
     7     CS    9.685   306.2   1.69   1.69   1.69   0     —     —  —
     8     CS    9.921   279.3   1.92   1.92   1.92   0     —     —  —
     9     CS   10.168   253.4   2.17   2.17   2.17   0     —     —  —
    10     CS   10.446   222.8   2.45   2.45   2.45   0     —     —  —
    11     CS   10.730   192.7   2.73   2.73   2.73   0     —     —  —
    12     CS   11.035   164.3   3.04   3.04   3.04   1   b45     —  CHARGE, BRK-B45
    13     CS   12.583   383.7   0.43   3.47   3.75   0     —     —  —
    14     CS   12.952   357.9   0.80   3.83   4.12   0     —     —  —
    15     CS   13.271   329.7   1.12   4.15   4.44   0     —     —  —
    16     CS   13.540   301.1   1.39   4.42   4.71   0     —     —  —
    17     CS   13.796   271.3   1.64   4.68   4.96   0     —     —  —
    18     CS   14.086   244.2   1.93   4.97   5.25   0     —     —  —
    19     CS   14.536   222.6   2.38   5.42   5.70   0     —     —  —
    20     CS   14.756   197.1   2.60   5.64   5.92   0     —     —  —
    21     CS   14.981   171.9   2.83   5.86   6.15   0     —     —  —
    22     CS   15.201   146.2   3.05   6.08   6.37   0     —     —  —
    23     CS   15.601   104.7   3.45   6.48   6.77   1   b45     —  CHARGE, BRK-B45
    24     CS   17.109   402.9   0.24   6.73   7.28   0     —     —  —
    25     CS   17.367   375.7   0.50   6.99   7.53   0     —     —  —
    26     CS   17.661   350.8   0.80   7.28   7.83   0     —     —  —
    27     CS   17.912   322.9   1.05   7.53   8.08   0     —     —  —
    28     CS   18.174   292.4   1.31   7.79   8.34   0     —     —  —
    29     CS   18.466   264.5   1.60   8.09   8.63   0     —     —  —
    30     CS   18.714   239.7   1.85   8.33   8.88   0     —     —  —
    31     CS   18.960   214.9   2.10   8.58   9.13   0     —     —  —
    32     CS   19.197   189.2   2.33   8.82   9.36   1     —    r2  CHARGE, REST-R2
    33     CS   29.503   384.2   0.29   0.29   0.29   0     —     —  —
    34     CS   29.773   352.0   0.56   0.56   0.56   0     —     —  —
    35     CS   30.060   321.5   0.84   0.84   0.84   0     —     —  —
    36     CS   30.277   300.9   1.06   1.06   1.06   0     —     —  —
    37     CS   30.475   278.8   1.26   1.26   1.26   0     —     —  —
    38     CS   30.676   257.0   1.46   1.46   1.46   0     —     —  —
    39     CS   30.900   236.9   1.68   1.68   1.68   0     —     —  —
    40     CS   31.094   214.4   1.88   1.88   1.88   0     —     —  —
    41     CS   31.426   198.0   2.21   2.21   2.21   1   b45     —  CHARGE, BRK-B45
    42     CS   32.853   397.9   0.29   2.50   2.89   0     —     —  —
    43     CS   33.165   368.6   0.60   2.81   3.20   0     —     —  —
    44     CS   33.458   337.7   0.89   3.10   3.49   0     —     —  —
    45     CS   33.727   319.2   1.16   3.37   3.76   0     —     —  —
    46     CS   33.925   296.3   1.36   3.57   3.96   0     —     —  —
    47     CS   34.146   275.3   1.58   3.79   4.18   0     —     —  —
    48     CS   34.408   245.7   1.84   4.05   4.44   0     —     —  —
    49     CS   34.790   222.4   2.23   4.44   4.82   0     —     —  —
    50     CS   35.051   192.7   2.49   4.70   5.08   1   b45     —  CHARGE, BRK-B45
    51     CS   36.454   400.9   0.28   4.98   5.74   0     —     —  —
    52     CS   36.729   369.3   0.56   5.26   6.01   0     —     —  —
    53     CS   37.026   339.6   0.86   5.55   6.31   0     —     —  —
    54     CS   37.281   316.7   1.11   5.81   6.56   0     —     —  —
    55     CS   37.501   291.1   1.33   6.03   6.78   0     —     —  —
    56     CS   37.739   267.1   1.57   6.27   7.02   0     —     —  —
    57     CS   37.976   239.9   1.81   6.50   7.26   0     —     —  —
    58     CS   38.228   213.9   2.06   6.75   7.51   0     —     —  —
    59     CS   38.641   194.1   2.47   7.17   7.92   1   b45     —  CHARGE, BRK-B45
    60     CS   39.876   391.9   0.27   7.44   8.41   0     —     —  —
    61     CS   40.161   366.6   0.55   7.72   8.69   0     —     —  —
    62     CS   40.378   343.0   0.77   7.94   8.91   0     —     —  —
    63     CS   40.593   319.3   0.98   8.15   9.12   0     —     —  —
    64     CS   40.827   297.2   1.22   8.39   9.36   0     —     —  —
    65     CS   41.172   280.1   1.56   8.73   9.70   0     —     —  —
    66     CS   41.383   257.6   1.78   8.94   9.91   0     —     —  —
    67     CS   41.602   235.8   1.99   9.16  10.13   0     —     —  —
    68     CS   41.851   210.0   2.24   9.41  10.38   0     —     —  —
    69     CS   42.111   185.0   2.50   9.67  10.64   0     —     —  —
    70     CS   42.355   158.9   2.75   9.92  10.89   0     —    r2  REST-R2
    71     CS   51.841   137.0   0.32   0.32   0.32   1   b45     —  CHARGE, BRK-B45
    72     CS   53.310   411.3   0.28   0.60   0.85   0     —     —  —
    73     CS   53.565   382.5   0.53   0.85   1.10   0     —     —  —
    74     CS   53.817   358.6   0.78   1.10   1.35   0     —     —  —
    75     CS   54.076   335.2   1.04   1.36   1.61   0     —     —  —
    76     CS   54.310   309.8   1.28   1.59   1.85   0     —     —  —
    77     CS   54.546   284.7   1.51   1.83   2.08   0     —     —  —
    78     CS   54.808   260.9   1.77   2.09   2.34   0     —     —  —
    79     CS   55.054   236.1   2.02   2.34   2.59   0     —     —  —
    80     CS   55.283   209.7   2.25   2.57   2.82   0     —     —  —
    81     CS   55.521   183.4   2.49   2.81   3.06   0     —     —  —
    82     CS   55.767   157.7   2.73   3.05   3.30   0     —     —  —
    83     CS   56.021   132.6   2.99   3.31   3.56   1   b45     —  CHARGE, BRK-B45
    84     CS   57.617   428.8   0.24   3.55   4.15   0     —     —  —
    85     CS   57.816   406.0   0.44   3.75   4.35   0     —     —  —
    86     CS   58.135   388.9   0.76   4.07   4.66   0     —     —  —
    87     CS   58.706   344.0   1.33   4.64   5.24   0     —     —  —
    88     CS   58.970   316.1   1.59   4.90   5.50   0     —     —  —
    89     CS   59.243   288.9   1.87   5.17   5.77   0     —     —  —
    90     CS   59.511   261.3   2.14   5.44   6.04   0     —     —  —
    91     CS   59.774   233.3   2.40   5.70   6.30   0     —     —  —
    92     CS   60.105   208.5   2.73   6.03   6.63   0     —     —  —
    93     CS   60.358   178.3   2.98   6.29   6.89   1   b45     —  CHARGE, BRK-B45
    94     CS   61.636   330.2   0.22   6.51   7.42   0     —     —  —
    95     CS   61.891   307.5   0.47   6.76   7.67   0     —     —  —
    96     CS   62.113   282.3   0.69   6.98   7.89   0     —     —  —
    97     CS   62.333   256.9   0.91   7.20   8.11   0     —     —  —
    98     CS   62.597   226.6   1.18   7.47   8.38   0     —     —  —
    99   CUST   62.883   198.2   1.46   7.75   8.66   0     —     —  —
   100     CS   63.661   171.9   1.74   8.03   9.44   0     —     —  —
   101     CS   63.915   143.7   2.00   8.28   9.69   0     —     —  —
   102     CS   64.046   130.7   2.13   8.42   9.82   1   b45     —  CHARGE, BRK-B45
   103     CS   65.423   384.3   0.27   8.69  10.35   0     —     —  —
   104     CS   65.721   353.5   0.57   8.99  10.64   0     —     —  —
   105     CS   66.046   328.2   0.90   9.31  10.97   0     —     —  —
   106     CS   66.323   299.8   1.18   9.59  11.25   0     —    r2  REST-R2
   107     CS   75.752   270.2   0.26   0.26   0.26   0     —     —  —
   108     CS   75.982   246.2   0.49   0.49   0.49   0     —     —  —
   109     CS   76.211   222.2   0.72   0.72   0.72   0     —     —  —
   110     CS   76.425   196.8   0.93   0.93   0.93   0     —     —  —
   111     CS   76.678   174.5   1.19   1.19   1.19   1   b45     —  CHARGE, BRK-B45
   112     CS   77.962   406.7   0.24   1.43   1.68   0     —     —  —
   113     CS   78.235   385.5   0.52   1.70   1.95   0     —     —  —
   114     CS   78.467   361.7   0.75   1.94   2.18   0     —     —  —
   115     CS   78.692   341.0   0.97   2.16   2.41   0     —     —  —
   116     CS   78.894   318.5   1.18   2.36   2.61   0     —     —  —
   117     CS   79.087   295.1   1.37   2.56   2.80   0     —     —  —
   118     CS   79.325   268.8   1.61   2.79   3.04   0     —     —  —
   119     CS   79.632   246.7   1.91   3.10   3.35   0     —     —  —
   120     CS   79.919   223.7   2.20   3.39   3.64   0     —     —  —
   121     CS   80.210   193.5   2.49   3.68   3.93   0     —     —  —
   122     CS   80.493   162.6   2.77   3.96   4.21   0     —     —  —
   123     CS   80.766   130.8   3.05   4.23   4.48   1   b45     —  CHARGE, BRK-B45
   124     CS   82.168   396.8   0.23   4.47   5.02   0     —     —  —
   125     CS   82.397   374.3   0.46   4.69   5.25   0     —     —  —
   126     CS   82.607   350.1   0.67   4.90   5.46   0     —     —  —
   127     CS   82.872   324.4   0.93   5.17   5.72   0     —     —  —
   128     CS   83.110   296.5   1.17   5.41   5.96   0     —     —  —
   129     CS   83.364   268.9   1.43   5.66   6.22   0     —     —  —
   130     CS   83.609   240.4   1.67   5.91   6.46   0     —     —  —
   131     CS   83.875   213.7   1.94   6.17   6.73   0     —     —  —
   132     CS   84.158   188.3   2.22   6.45   7.01   1   b45     —  CHARGE, BRK-B45
   133     CS   85.517   381.9   0.23   6.69   7.62   0     —     —  —
   134     CS   85.807   360.2   0.52   6.98   7.91   0     —     —  —
   135     CS   86.044   335.4   0.76   7.21   8.15   0     —     —  —
   136     CS   86.419   298.5   1.13   7.59   8.52   0     —     —  —
   137     CS   86.715   272.2   1.43   7.89   8.82   0     —     —  —
   138     CS   86.977   243.4   1.69   8.15   9.08   0     —     —  —
   139     CS   87.243   214.8   1.96   8.41   9.34   1     —    r1  CHARGE, REST-R1
   140     CS   99.348   387.0   0.25   0.25   0.25   0     —     —  —
   141     CS   99.617   361.0   0.52   0.52   0.52   0     —     —  —
   142     CS   99.864   333.1   0.76   0.76   0.76   0     —     —  —
   143     CS  100.102   305.8   1.00   1.00   1.00   0     —     —  —
   144     CS  100.335   278.0   1.24   1.24   1.24   0     —     —  —
   145     CS  100.576   250.9   1.48   1.48   1.48   0     —     —  —
   146     CS  100.824   224.5   1.72   1.72   1.72   0     —     —  —
   147     CS  101.061   197.7   1.96   1.96   1.96   0     —     —  —
   148     CS  101.304   171.4   2.20   2.20   2.20   1   b45     —  CHARGE, BRK-B45
   149     CS  102.780   361.4   0.26   2.46   2.93   0     —     —  —
   150     CS  103.057   332.3   0.54   2.74   3.21   0     —     —  —
   151     CS  103.318   301.7   0.80   3.00   3.47   0     —     —  —
   152     CS  103.787   250.0   1.27   3.47   3.94   0     —     —  —
   153     CS  104.092   221.5   1.57   3.78   4.24   0     —     —  —
   154     CS  104.370   191.0   1.85   4.05   4.52   0     —     —  —
   155     CS  104.640   159.7   2.12   4.32   4.79   1   b45     —  CHARGE, BRK-B45
   156     CS  106.107   408.8   0.34   4.66   5.38   0     —     —  —
   157     CS  106.395   376.0   0.63   4.95   5.67   0     —     —  —
   158     CS  106.684   343.3   0.92   5.24   5.96   0     —     —  —
   159     CS  106.914   315.8   1.15   5.47   6.19   0     —     —  —
   160     CS  107.182   291.4   1.42   5.74   6.46   0     —     —  —
   161     CS  107.524   264.4   1.76   6.08   6.80   0     —     —  —
   162     CS  107.853   236.8   2.09   6.41   7.13   0     —     —  —
   163     CS  108.082   212.8   2.32   6.64   7.36   0     —     —  —
   164     CS  108.304   188.1   2.54   6.86   7.58   0     —     —  —
   165     CS  108.545   165.0   2.78   7.10   7.82   0     —     —  —
   166     CS  108.770   140.6   3.00   7.33   8.05   1     —    r1  CHARGE, REST-R1
   167     CS  120.965   344.4   0.24   0.24   0.24   0     —     —  —
   168     CS  121.263   322.5   0.54   0.54   0.54   0     —     —  —
   169     CS  121.501   297.0   0.78   0.78   0.78   0     —     —  —
   170     CS  121.750   271.8   1.03   1.03   1.03   0     —     —  —
   171     CS  121.989   245.7   1.26   1.26   1.26   0     —     —  —
   172     CS  122.263   222.1   1.54   1.54   1.54   0     —     —  —
   173     CS  122.491   195.0   1.77   1.77   1.77   0     —     —  —
   174     CS  122.813   158.3   2.09   2.09   2.09   1   b45     —  CHARGE, BRK-B45
   175     CS  124.073   346.5   0.23   2.32   2.60   0     —     —  —
   176     CS  124.303   319.4   0.46   2.55   2.83   0     —     —  —
   177     CS  124.612   297.4   0.77   2.86   3.14   0     —     —  —
   178     CS  124.872   269.9   1.03   3.12   3.40   0     —     —  —
   179     CS  125.146   243.5   1.30   3.39   3.67   0     —     —  —
   180     CS  125.436   218.1   1.59   3.68   3.96   0     —     —  —
   181     CS  125.704   189.1   1.86   3.95   4.23   0     —     —  —
   182     CS  125.958   158.6   2.12   4.21   4.48   0     —     —  —
[24/33] RlongCfewTtight_1            labelled   76 states in 105.4 min
  ScenarioTracker saved: /mnt/beegfs/users/celinep/ChargeAndBreak/ML/logs/RmediumCmanyTtight_4_DAGGER1_S1_H24_20260822_151753_scenarios.json

  === SIMULATION TRAJECTORY ===
  stop   type    t_arr     soc     cd     sd     sw   y   brk   rst  action
  ───────────────────────────────────────────────────────────────────────────────────────────────
     0   ORIG    8.000   500.0   0.00   0.00   0.00   0     —     —  —
     1     CS    8.236   474.3   0.24   0.24   0.24   0     —     —  —
     2     CS    8.503   450.8   0.50   0.50   0.50   0     —     —  —
     3     CS    8.763   426.9   0.76   0.76   0.76   0     —     —  —
     4     CS    9.033   395.6   1.03   1.03   1.03   0     —     —  —
     5     CS    9.355   368.2   1.35   1.35   1.35   0     —     —  —
     6     CS    9.623   336.8   1.62   1.62   1.62   0     —     —  —
     7     CS   10.003   293.4   2.00   2.00   2.00   0     —     —  —
     8     CS   10.312   270.8   2.31   2.31   2.31   0     —     —  —
     9     CS   10.574   245.7   2.57   2.57   2.57   0     —     —  —
    10     CS   10.844   221.1   2.84   2.84   2.84   0     —     —  —
    11     CS   11.079   196.8   3.08   3.08   3.08   0     —     —  —
    12     CS   11.320   173.0   3.32   3.32   3.32   0     —     —  —
    13     CS   11.569   149.8   3.57   3.57   3.57   1   b45     —  CHARGE, BRK-B45
    14     CS   13.085   380.5   0.47   4.04   4.33   0     —     —  —
    15     CS   13.357   350.2   0.74   4.31   4.61   0     —     —  —
    16     CS   13.815   327.7   1.20   4.77   5.07   0     —     —  —
    17     CS   14.052   303.5   1.43   5.00   5.30   0     —     —  —
    18     CS   14.284   279.0   1.67   5.23   5.53   0     —     —  —
    19     CS   14.509   253.9   1.89   5.46   5.76   1     —     —  CHARGE
    20     CS   15.525   389.7   2.10   5.67   6.78   0     —     —  —
    21     CS   15.730   365.8   2.31   5.88   6.98   0     —     —  —
    22   CUST   15.970   344.7   2.55   6.12   7.22   0     —     —  —
    23     CS   16.712   319.2   2.79   6.36   7.96   0     —     —  —
    24     CS   16.944   292.8   3.02   6.59   8.19   0     —     —  —
    25     CS   17.237   270.5   3.31   6.88   8.49   0     —     —  —
    26     CS   17.469   244.1   3.54   7.11   8.72   0     —     —  —
    27   CUST   17.605   231.5   3.68   7.25   8.85   0     —     —  —
    28   CUST   18.229   220.2   3.80   7.37   9.48   0     —     —  —
    29   CUST   19.056   186.2   4.13   7.70  10.31   0     —     —  —
    30   CUST   19.719   168.0   4.30   7.86  10.97   0     —     —  —
    31     CS   20.289   160.2   4.36   7.93  11.54   1   b45     —  CHARGE, BRK-B45
    32     CS   21.262   405.6   0.02   7.95  11.76   0     —     —  —
    33   CUST   21.688   359.4   0.44   8.38  12.19   0     —    r2  REST-R2
    34     CS   31.526   329.3   0.34   0.34   0.34   0     —     —  —
    35     CS   31.824   307.2   0.64   0.64   0.64   0     —     —  —
    36     CS   32.056   280.6   0.87   0.87   0.87   0     —     —  —
    37     CS   32.304   255.5   1.12   1.12   1.12   0     —     —  —
    38     CS   32.514   231.4   1.33   1.33   1.33   0     —     —  —
    39     CS   32.757   209.8   1.57   1.57   1.57   0     —     —  —
    40     CS   32.980   186.8   1.79   1.79   1.79   0     —     —  —
    41     CS   33.225   161.0   2.04   2.04   2.04   0     —     —  —
    42     CS   33.632   141.6   2.44   2.44   2.44   0     —     —  —
    43     CS   33.896   117.2   2.71   2.71   2.71   1   b45     —  CHARGE, BRK-B45
    44     CS   35.428   372.6   0.44   3.15   3.35   0     —     —  —
    45     CS   35.674   346.2   0.68   3.39   3.60   0     —     —  —
    46     CS   35.909   318.7   0.92   3.63   3.83   0     —     —  —
    47     CS   36.172   293.6   1.18   3.89   4.10   0     —     —  —
    48     CS   36.487   269.6   1.50   4.20   4.41   0     —     —  —
    49     CS   36.742   241.7   1.75   4.46   4.67   0     —     —  —
    50     CS   37.027   216.0   2.04   4.74   4.95   1   b45     —  CHARGE, BRK-B45
    51     CS   38.312   380.0   0.24   4.98   5.49   0     —     —  —
    52     CS   38.542   353.8   0.47   5.21   5.72   0     —     —  —
    53     CS   38.772   327.5   0.70   5.44   5.95   0     —     —  —
    54   CUST   39.015   302.4   0.94   5.68   6.19   0     —     —  —
    55   CUST   39.644   289.2   1.07   5.81   6.82   0     —     —  —
    56   CUST   40.527   246.3   1.45   6.19   7.70   0     —     —  —
    57   CUST   41.142   233.2   1.57   6.31   8.32   0     —     —  —
    58     CS   41.678   229.4   1.60   6.35   8.85   0     —     —  —
    59   CUST   41.732   223.6   1.66   6.40   8.91   0     —     —  —
    60     CS   42.327   212.2   1.75   6.49   9.50   0     —     —  —
    61     CS   42.844   165.2   2.27   7.01  10.02   0     —     —  —
    62     CS   43.133   138.1   2.56   7.30  10.31   0     —     —  —
    63     CS   43.410   110.1   2.83   7.58  10.59   1   b45     —  CHARGE, BRK-B45
    64     CS   44.699   365.5   0.22   7.80  11.07   0     —     —  —
    65     CS   44.931   341.6   0.45   8.03  11.31   0     —     —  —
    66     CS   45.160   317.6   0.68   8.26  11.53   0     —     —  —
    67     CS   45.374   292.2   0.89   8.47  11.75   0     —     —  —
    68     CS   45.671   264.6   1.19   8.77  12.05   0     —     —  —
    69     CS   45.936   234.4   1.45   9.03  12.31   1     —    r2  CHARGE, REST-R2
    70     CS   56.012   378.0   0.28   0.28   0.28   0     —     —  —
    71     CS   56.292   344.3   0.56   0.56   0.56   0     —     —  —
    72     CS   56.539   315.7   0.81   0.81   0.81   0     —     —  —
    73     CS   56.791   287.5   1.06   1.06   1.06   0     —     —  —
    74   CUST   57.098   263.1   1.37   1.37   1.37   0     —     —  —
    75     CS   57.977   218.4   1.74   1.74   2.24   0     —     —  —
    76   CUST   58.342   179.6   2.11   2.11   2.61   0     —     —  —
    77   CUST   59.211   145.5   2.48   2.48   3.48   0     —     —  —
    78     CS   59.829   134.8   2.60   2.60   4.10   1   b45     —  CHARGE, BRK-B45
    79     CS   61.174   390.3   0.24   2.83   4.60   0     —     —  —
    80     CS   61.424   364.0   0.49   3.08   4.84   0     —     —  —
    81     CS   61.817   324.2   0.88   3.48   5.24   0     —     —  —
    82     CS   62.105   294.5   1.17   3.76   5.53   0     —     —  —
    83     CS   62.390   264.5   1.45   4.05   5.81   0     —     —  —
    84     CS   62.656   232.8   1.72   4.31   6.08   0     —     —  —
    85     CS   62.911   204.1   1.97   4.57   6.33   0     —     —  —
    86     CS   63.169   175.7   2.23   4.83   6.59   0     —     —  —
    87     CS   63.450   149.1   2.51   5.11   6.87   1   b45     —  CHARGE, BRK-B45
    88     CS   65.118   461.9   0.24   5.35   7.37   0     —     —  —
    89     CS   65.362   434.6   0.48   5.59   7.62   0     —     —  —
    90     CS   65.616   408.1   0.74   5.85   7.87   0     —     —  —
    91     CS   65.843   380.7   0.96   6.07   8.10   0     —     —  —
    92     CS   66.082   354.5   1.20   6.31   8.34   0     —     —  —
    93     CS   66.313   327.5   1.44   6.54   8.57   0     —     —  —
    94     CS   66.600   296.2   1.72   6.83   8.86   0     —     —  —
    95     CS   66.908   266.5   2.03   7.14   9.16   0     —     —  —
    96     CS   67.189   234.6   2.31   7.42   9.44   0     —     —  —
    97     CS   67.452   206.7   2.57   7.68   9.71   0     —     —  —
    98     CS   67.756   181.4   2.88   7.99  10.01   1     —     —  CHARGE
    99     CS   68.744   263.1   3.14   8.25  11.00   0     —     —  —
   100     CS   68.991   234.4   3.39   8.50  11.25   0     —     —  —
[25/33] RmediumCmanyTtight_4         labelled   23 states in  63.3 min
  ScenarioTracker saved: /mnt/beegfs/users/celinep/ChargeAndBreak/ML/logs/RshortCfewTlarge_12_DAGGER1_S1_H24_20260822_162111_scenarios.json

  === SIMULATION TRAJECTORY ===
  stop   type    t_arr     soc     cd     sd     sw   y   brk   rst  action
  ───────────────────────────────────────────────────────────────────────────────────────────────
     0   ORIG    8.000   500.0   0.00   0.00   0.00   0     —     —  —
     1     CS    8.234   474.1   0.23   0.23   0.23   0     —     —  —
     2     CS    8.490   449.9   0.49   0.49   0.49   0     —     —  —
     3     CS    8.725   424.2   0.73   0.73   0.73   0     —     —  —
     4     CS    8.974   403.5   0.97   0.97   0.97   0     —     —  —
     5     CS    9.183   380.0   1.18   1.18   1.18   0     —     —  —
     6     CS    9.407   357.8   1.41   1.41   1.41   0     —     —  —
     7     CS    9.622   333.4   1.62   1.62   1.62   0     —     —  —
     8     CS    9.842   309.3   1.84   1.84   1.84   0     —     —  —
     9     CS   10.058   284.9   2.06   2.06   2.06   0     —     —  —
    10     CS   10.316   254.0   2.32   2.32   2.32   0     —     —  —
    11     CS   10.589   224.6   2.59   2.59   2.59   0     —     —  —
    12     CS   10.849   193.9   2.85   2.85   2.85   0     —     —  —
    13     CS   11.099   167.1   3.10   3.10   3.10   0     —     —  —
    14     CS   11.335   139.0   3.34   3.34   3.34   1   b45     —  CHARGE, BRK-B45
    15     CS   12.652   381.9   0.27   3.61   3.84   0     —     —  —
    16     CS   13.118   358.7   0.74   4.08   4.30   0     —     —  —
    17     CS   13.388   326.6   1.01   4.35   4.57   0     —     —  —
    18     CS   13.617   303.3   1.24   4.58   4.80   0     —     —  —
    19     CS   13.874   281.9   1.50   4.83   5.06   0     —     —  —
    20   CUST   14.098   258.1   1.72   5.06   5.28   0     —     —  —
    21   CUST   14.807   233.5   1.93   5.27   5.99   0     —     —  —
    22     CS   15.442   217.4   2.07   5.40   6.63   0     —     —  —
    23     CS   15.802   178.2   2.42   5.76   6.99   1   b45     —  CHARGE, BRK-B45
    24     CS   17.113   425.3   0.20   5.96   7.43   0     —     —  —
    25     CS   17.329   404.7   0.41   6.17   7.64   0     —     —  —
    26     CS   17.534   383.2   0.62   6.38   7.85   0     —     —  —
    27     CS   17.816   354.5   0.90   6.66   8.13   0     —     —  —
    28     CS   18.076   323.9   1.16   6.92   8.39   0     —     —  —
    29     CS   18.386   297.1   1.47   7.23   8.70   0     —     —  —
    30     CS   18.672   268.7   1.75   7.51   8.99   0     —     —  —
    31     CS   18.961   242.6   2.04   7.80   9.28   0     —     —  —
    32     CS   19.210   213.3   2.29   8.05   9.52   0     —     —  —
    33     CS   19.495   186.9   2.58   8.34   9.81   0     —     —  —
    34     CS   19.818   159.0   2.90   8.66  10.13   0     —     —  —
    35     CS   20.089   126.9   3.17   8.93  10.40   1   b45     —  CHARGE, BRK-B45
    36     CS   21.475   390.2   0.25   9.18  10.91   0     —     —  —
    37     CS   21.735   362.0   0.51   9.44  11.17   0     —     —  —
    38     CS   22.022   335.7   0.80   9.73  11.46   0     —    r2  REST-R2
    39     CS   31.461   309.5   0.27   0.27   0.27   0     —     —  —
    40     CS   31.714   281.8   0.52   0.52   0.52   0     —     —  —
    41     CS   31.972   251.0   0.78   0.78   0.78   0     —     —  —
    42     CS   32.286   224.4   1.10   1.10   1.10   0     —     —  —
    43     CS   32.555   196.3   1.37   1.37   1.37   0     —     —  —
    44     CS   32.829   168.7   1.64   1.64   1.64   0     —     —  —
    45     CS   33.082   139.2   1.89   1.89   1.89   0     —     —  —
    46     CS   33.343   110.4   2.15   2.15   2.15   1   b45     —  CHARGE, BRK-B45
    47     CS   34.889   387.9   0.26   2.41   2.80   0     —     —  —
    48     CS   35.132   359.7   0.50   2.66   3.04   0     —     —  —
    49     CS   35.385   332.3   0.75   2.91   3.29   0     —     —  —
    50     CS   35.619   305.2   0.99   3.14   3.53   0     —     —  —
    51     CS   35.862   278.9   1.23   3.38   3.77   0     —     —  —
    52     CS   36.146   248.1   1.51   3.67   4.06   0     —     —  —
    53     CS   36.445   218.5   1.81   3.97   4.35   0     —     —  —
    54     CS   36.692   192.6   2.06   4.21   4.60   0     —     —  —
    55     CS   36.934   166.3   2.30   4.46   4.84   0     —     —  —
    56     CS   37.196   141.5   2.56   4.72   5.11   0     —     —  —
[26/33] RshortCfewTlarge_12          labelled   18 states in  17.6 min
  ScenarioTracker saved: /mnt/beegfs/users/celinep/ChargeAndBreak/ML/logs/RmediumCmediumTnone_10_DAGGER1_S1_H24_20260822_163846_scenarios.json

  === SIMULATION TRAJECTORY ===
  stop   type    t_arr     soc     cd     sd     sw   y   brk   rst  action
  ───────────────────────────────────────────────────────────────────────────────────────────────
     0   ORIG    8.000   500.0   0.00   0.00   0.00   0     —     —  —
     1     CS    8.240   474.6   0.24   0.24   0.24   0     —     —  —
     2     CS    8.570   453.9   0.57   0.57   0.57   0     —     —  —
     3     CS    8.799   427.6   0.80   0.80   0.80   0     —     —  —
     4     CS    9.060   400.1   1.06   1.06   1.06   0     —     —  —
     5     CS    9.306   371.4   1.31   1.31   1.31   0     —     —  —
     6     CS    9.576   344.7   1.58   1.58   1.58   0     —     —  —
     7     CS   10.071   299.3   2.07   2.07   2.07   0     —     —  —
     8     CS   10.316   272.1   2.32   2.32   2.32   0     —     —  —
     9     CS   10.596   247.4   2.60   2.60   2.60   0     —     —  —
    10     CS   10.842   220.2   2.84   2.84   2.84   0     —     —  —
    11     CS   11.095   192.9   3.10   3.10   3.10   0     —     —  —
    12     CS   11.466   171.4   3.47   3.47   3.47   0     —     —  —
    13     CS   11.715   143.7   3.72   3.72   3.72   1   b45     —  CHARGE, BRK-B45
    14     CS   12.971   391.1   0.22   3.94   4.16   0     —     —  —
    15     CS   13.211   368.6   0.46   4.18   4.40   0     —     —  —
    16     CS   13.425   344.0   0.68   4.39   4.62   0     —     —  —
    17     CS   13.656   319.3   0.91   4.62   4.85   0     —     —  —
    18     CS   13.893   295.2   1.14   4.86   5.09   0     —     —  —
    19     CS   14.120   270.3   1.37   5.09   5.31   0     —     —  —
    20     CS   14.393   244.5   1.64   5.36   5.59   0     —     —  —
    21     CS   14.665   218.7   1.92   5.63   5.86   0     —     —  —
    22     CS   14.921   191.6   2.17   5.89   6.11   1   b45     —  CHARGE, BRK-B45
    23     CS   16.221   402.1   0.24   6.13   6.66   0     —     —  —
    24     CS   16.494   378.6   0.51   6.40   6.94   0     —     —  —
    25     CS   16.879   358.8   0.90   6.78   7.32   0     —     —  —
    26     CS   17.134   334.1   1.15   7.04   7.58   0     —     —  —
    27     CS   17.359   307.3   1.38   7.26   7.80   0     —     —  —
    28     CS   17.586   280.7   1.61   7.49   8.03   0     —     —  —
    29   CUST   17.838   256.3   1.86   7.74   8.28   0     —     —  —
    30   CUST   18.509   239.8   2.03   7.91   8.95   0     —     —  —
    31     CS   19.088   230.4   2.11   7.99   9.53   0     —     —  —
    32     CS   19.418   193.2   2.44   8.32   9.86   1     —    r2  CHARGE, REST-R2
    33     CS   29.736   376.1   0.28   0.28   0.28   0     —     —  —
    34     CS   30.013   343.9   0.56   0.56   0.56   0     —     —  —
    35     CS   30.299   312.5   0.85   0.85   0.85   0     —     —  —
    36     CS   30.747   258.7   1.29   1.29   1.29   0     —     —  —
    37     CS   30.974   231.5   1.52   1.52   1.52   0     —     —  —
    38     CS   31.241   207.5   1.79   1.79   1.79   0     —     —  —
    39     CS   31.471   180.7   2.02   2.02   2.02   0     —     —  —
    40     CS   31.704   154.1   2.25   2.25   2.25   1   b45     —  CHARGE, BRK-B45
    41     CS   33.094   418.1   0.24   2.49   2.72   0     —     —  —
    42     CS   33.334   391.6   0.48   2.73   2.96   0     —     —  —
    43     CS   33.576   367.5   0.72   2.97   3.20   0     —     —  —
    44     CS   33.854   345.5   1.00   3.25   3.48   0     —     —  —
    45     CS   34.079   320.0   1.22   3.48   3.70   0     —     —  —
    46     CS   34.303   294.4   1.45   3.70   3.92   0     —     —  —
    47     CS   34.566   264.0   1.71   3.96   4.19   0     —     —  —
    48     CS   34.830   233.7   1.98   4.23   4.45   0     —     —  —
    49     CS   35.063   209.3   2.21   4.46   4.69   0     —     —  —
    50     CS   35.312   186.0   2.46   4.71   4.93   0     —     —  —
    51   CUST   35.538   161.0   2.68   4.94   5.16   0     —     —  —
    52     CS   36.473   120.9   3.12   5.37   6.09   1   b45     —  CHARGE, BRK-B45
    53     CS   37.878   338.2   0.46   5.83   6.75   0     —     —  —
    54     CS   38.159   305.9   0.74   6.11   7.03   0     —     —  —
    55   CUST   38.476   276.6   1.06   6.43   7.35   0     —     —  —
    56     CS   39.274   250.5   1.35   6.72   8.15   0     —     —  —
    57     CS   39.540   222.2   1.62   6.99   8.41   0     —     —  —
    58     CS   39.744   199.5   1.82   7.19   8.62   0     —     —  —
    59     CS   40.080   182.2   2.16   7.53   8.95   0     —     —  —
    60     CS   40.295   160.1   2.37   7.74   9.17   0     —     —  —
    61     CS   40.510   137.9   2.59   7.96   9.38   1   b45     —  CHARGE, BRK-B45
    62     CS   42.016   414.0   0.23   8.19   9.94   0     —     —  —
    63     CS   42.281   391.1   0.49   8.45  10.21   0     —     —  —
    64     CS   42.530   367.1   0.74   8.70  10.45   0     —     —  —
    65     CS   42.840   342.8   1.05   9.01  10.76   0     —     —  —
    66     CS   43.120   316.8   1.33   9.29  11.04   0     —     —  —
    67     CS   43.368   288.3   1.58   9.54  11.29   0     —     —  —
    68     CS   43.756   265.7   1.97   9.93  11.68   0     —    r2  REST-R2
    69     CS   53.187   237.0   0.26   0.26   0.26   0     —     —  —
    70   CUST   53.446   207.9   0.52   0.52   0.52   0     —     —  —
    71     CS   54.346   165.2   0.92   0.92   1.42   1   b45     —  CHARGE, BRK-B45
    72   CUST   55.824   356.0   0.51   1.43   2.15   0     —     —  —
    73     CS   56.538   338.2   0.73   1.65   2.86   0     —     —  —
    74     CS   56.929   294.7   1.12   2.04   3.26   0     —     —  —
    75     CS   57.167   270.9   1.35   2.28   3.49   0     —     —  —
    76     CS   57.384   245.1   1.57   2.49   3.71   0     —     —  —
    77     CS   57.600   219.3   1.79   2.71   3.93   0     —     —  —
    78     CS   57.816   193.4   2.00   2.93   4.14   0     —     —  —
    79     CS   58.148   172.0   2.34   3.26   4.48   0     —     —  —
    80     CS   58.388   145.4   2.58   3.50   4.71   1   b45     —  CHARGE, BRK-B45
    81     CS   59.765   348.1   0.30   3.80   5.34   0     —     —  —
    82     CS   60.013   319.5   0.55   4.05   5.59   0     —     —  —
    83     CS   60.280   292.6   0.82   4.31   5.86   0     —     —  —
    84     CS   60.571   261.3   1.11   4.61   6.15   0     —     —  —
    85     CS   60.876   231.1   1.41   4.91   6.45   0     —     —  —
    86     CS   61.102   208.2   1.64   5.14   6.68   0     —     —  —
    87     CS   61.310   183.8   1.85   5.34   6.89   0     —     —  —
    88     CS   61.546   161.8   2.08   5.58   7.12   1   b45     —  CHARGE, BRK-B45
    89     CS   62.730   353.6   0.21   5.79   7.56   0     —     —  —
    90     CS   62.941   330.3   0.42   6.00   7.77   0     —     —  —
    91     CS   63.160   307.6   0.64   6.22   7.99   0     —     —  —
    92     CS   63.466   283.8   0.95   6.53   8.29   0     —     —  —
    93     CS   63.732   257.5   1.21   6.79   8.56   0     —     —  —
    94     CS   64.008   231.9   1.49   7.07   8.84   0     —     —  —
    95     CS   64.392   205.1   1.88   7.46   9.22   0     —     —  —
    96     CS   64.714   174.9   2.20   7.78   9.54   0     —     —  —
[27/33] RmediumCmediumTnone_10       labelled   35 states in  37.5 min
  ScenarioTracker saved: /mnt/beegfs/users/celinep/ChargeAndBreak/ML/logs/RmediumCmanyTtight_12_DAGGER1_S1_H24_20260822_171617_scenarios.json

  === SIMULATION TRAJECTORY ===
  stop   type    t_arr     soc     cd     sd     sw   y   brk   rst  action
  ───────────────────────────────────────────────────────────────────────────────────────────────
     0   ORIG    8.000   500.0   0.00   0.00   0.00   0     —     —  —
     1     CS    8.226   473.3   0.23   0.23   0.23   0     —     —  —
     2     CS    8.459   447.3   0.46   0.46   0.46   0     —     —  —
     3     CS    8.719   423.5   0.72   0.72   0.72   0     —     —  —
     4     CS    8.947   396.9   0.95   0.95   0.95   0     —     —  —
     5     CS    9.195   372.2   1.20   1.20   1.20   0     —     —  —
     6     CS    9.444   347.5   1.44   1.44   1.44   0     —     —  —
     7     CS    9.685   321.0   1.68   1.68   1.68   0     —     —  —
     8     CS    9.950   296.5   1.95   1.95   1.95   0     —     —  —
     9     CS   10.256   266.7   2.26   2.26   2.26   0     —     —  —
    10     CS   10.545   235.6   2.55   2.55   2.55   0     —     —  —
    11     CS   10.872   207.2   2.87   2.87   2.87   1   b45     —  CHARGE, BRK-B45
    12     CS   12.454   446.1   0.24   3.11   3.54   0     —     —  —
    13     CS   12.693   419.6   0.48   3.35   3.78   0     —     —  —
    14     CS   12.943   393.9   0.73   3.60   4.03   0     —     —  —
    15     CS   13.203   368.9   0.99   3.86   4.29   0     —     —  —
    16     CS   13.456   343.1   1.24   4.11   4.54   0     —     —  —
    17     CS   13.693   315.9   1.48   4.35   4.78   0     —     —  —
    18     CS   13.946   290.1   1.73   4.60   5.03   0     —     —  —
    19   CUST   14.287   257.2   2.07   4.94   5.37   0     —     —  —
    20     CS   15.053   228.2   2.34   5.21   6.14   0     —     —  —
    21     CS   15.348   201.5   2.63   5.51   6.43   0     —     —  —
    22   CUST   15.613   172.5   2.90   5.77   6.70   0     —     —  —
    23   CUST   16.259   157.5   3.04   5.92   7.34   0     —     —  —
    24     CS   16.782   154.8   3.07   5.94   7.87   0     —     —  —
    25     CS   16.802   153.1   3.09   5.96   7.89   1   b45     —  CHARGE, BRK-B45
    26     CS   18.185   406.3   0.25   6.21   8.40   0     —     —  —
    27     CS   18.428   378.8   0.50   6.46   8.64   0     —     —  —
    28     CS   18.636   356.8   0.70   6.66   8.85   0     —     —  —
    29     CS   18.904   338.3   0.97   6.93   9.12   0     —     —  —
    30     CS   19.134   317.9   1.20   7.16   9.35   0     —     —  —
    31     CS   19.373   294.0   1.44   7.40   9.59   0     —     —  —
    32     CS   19.605   269.7   1.67   7.63   9.82   0     —     —  —
    33     CS   19.861   247.1   1.93   7.89  10.08   0     —     —  —
    34     CS   20.119   224.6   2.19   8.15  10.33   0     —     —  —
    35     CS   20.384   198.2   2.45   8.41  10.60   0     —     —  —
    36     CS   20.643   171.4   2.71   8.67  10.86   0     —     —  —
    37     CS   21.009   149.7   3.08   9.04  11.22   1   b45     —  CHARGE, BRK-B45
    38     CS   22.427   379.5   0.22   9.26  11.89   0     —     —  —
    39     CS   22.654   353.8   0.45   9.49  12.12   0     —    r2  REST-R2
    40     CS   32.052   328.4   0.23   0.23   0.23   0     —     —  —
    41     CS   32.284   304.0   0.46   0.46   0.46   0     —     —  —
    42     CS   32.519   279.9   0.70   0.70   0.70   0     —     —  —
    43     CS   32.749   255.4   0.93   0.93   0.93   0     —     —  —
    44     CS   32.977   230.7   1.16   1.16   1.16   0     —     —  —
    45     CS   33.226   201.4   1.40   1.40   1.40   0     —     —  —
    46     CS   33.490   173.5   1.67   1.67   1.67   1   b45     —  CHARGE, BRK-B45
    47     CS   34.797   400.0   0.23   1.90   2.19   0     —     —  —
    48   CUST   35.066   375.7   0.50   2.17   2.46   0     —     —  —
    49   CUST   35.644   371.1   0.58   2.25   3.04   0     —     —  —
    50     CS   36.321   354.1   0.76   2.43   3.72   0     —     —  —
    51     CS   36.579   326.0   1.01   2.68   3.97   0     —     —  —
    52     CS   36.835   297.7   1.27   2.94   4.23   0     —     —  —
    53     CS   37.084   268.9   1.52   3.19   4.48   0     —     —  —
    54     CS   37.333   243.1   1.77   3.44   4.73   0     —     —  —
    55     CS   37.574   216.7   2.01   3.68   4.97   1   b45     —  CHARGE, BRK-B45
    56     CS   38.991   384.1   0.27   3.95   5.64   0     —     —  —
    57     CS   39.243   354.5   0.52   4.20   5.89   0     —     —  —
    58     CS   39.500   325.3   0.78   4.46   6.15   0     —     —  —
    59     CS   39.783   298.3   1.06   4.74   6.43   0     —     —  —
    60     CS   40.067   270.9   1.35   5.03   6.71   0     —     —  —
    61   CUST   40.355   243.7   1.64   5.32   7.00   0     —     —  —
    62   CUST   40.914   238.4   1.70   5.37   7.56   0     —     —  —
    63     CS   41.426   237.0   1.71   5.39   8.07   0     —     —  —
    64     CS   41.627   213.2   1.91   5.59   8.27   0     —    r2  REST-R2
    65     CS   51.001   190.0   0.21   0.21   0.21   0     —     —  —
    66   CUST   51.209   166.8   0.42   0.42   0.42   0     —     —  —
    67   CUST   51.765   163.2   0.47   0.47   0.97   0     —     —  —
    68   CUST   52.465   143.5   0.67   0.67   1.67   0     —     —  —
    69     CS   53.016   138.6   0.72   0.72   2.22   1   b45     —  CHARGE, BRK-B45
    70   CUST   54.304   332.0   0.27   0.99   2.76   0     —     —  —
    71     CS   55.142   293.1   0.61   1.33   3.60   0     —     —  —
    72     CS   55.356   270.4   0.82   1.55   3.81   0     —     —  —
    73     CS   55.611   250.4   1.08   1.80   4.07   0     —     —  —
    74     CS   55.846   229.3   1.31   2.04   4.30   0     —     —  —
    75     CS   56.084   207.4   1.55   2.27   4.54   0     —     —  —
    76     CS   56.307   184.4   1.77   2.50   4.76   0     —     —  —
    77     CS   56.567   163.8   2.03   2.76   5.02   1   b45     —  CHARGE, BRK-B45
    78     CS   58.168   474.0   0.23   2.98   5.45   0     —     —  —
    79     CS   58.431   451.6   0.49   3.25   5.72   0     —     —  —
    80     CS   58.672   427.8   0.73   3.49   5.96   0     —     —  —
    81     CS   58.902   402.4   0.96   3.72   6.19   0     —     —  —
    82     CS   59.145   378.0   1.20   3.96   6.43   0     —     —  —
    83     CS   59.383   353.2   1.44   4.20   6.67   0     —     —  —
    84     CS   59.658   326.2   1.72   4.48   6.95   0     —     —  —
    85     CS   59.956   300.6   2.02   4.77   7.24   0     —     —  —
    86     CS   60.183   276.4   2.24   5.00   7.47   0     —     —  —
    87     CS   60.403   251.6   2.46   5.22   7.69   0     —     —  —
    88     CS   60.632   227.6   2.69   5.45   7.92   0     —     —  —
    89     CS   60.898   196.7   2.96   5.71   8.19   0     —     —  —
    90     CS   61.166   166.0   3.23   5.98   8.45   0     —     —  —
[28/33] RmediumCmanyTtight_12        labelled   26 states in  63.1 min
  ScenarioTracker saved: /mnt/beegfs/users/celinep/ChargeAndBreak/ML/logs/RshortCfewTmedium_3_DAGGER1_S1_H24_20260822_181920_scenarios.json

  === SIMULATION TRAJECTORY ===
  stop   type    t_arr     soc     cd     sd     sw   y   brk   rst  action
  ───────────────────────────────────────────────────────────────────────────────────────────────
     0   ORIG    8.000   500.0   0.00   0.00   0.00   0     —     —  —
     1     CS    8.250   475.4   0.25   0.25   0.25   0     —     —  —
     2     CS    8.501   450.9   0.50   0.50   0.50   0     —     —  —
     3     CS    8.732   424.7   0.73   0.73   0.73   0     —     —  —
     4     CS    9.027   395.6   1.03   1.03   1.03   0     —     —  —
     5     CS    9.295   364.0   1.29   1.29   1.29   0     —     —  —
     6     CS    9.619   336.7   1.62   1.62   1.62   0     —     —  —
     7     CS    9.877   317.7   1.88   1.88   1.88   0     —     —  —
     8     CS   10.078   295.2   2.08   2.08   2.08   0     —     —  —
     9     CS   10.301   274.3   2.30   2.30   2.30   0     —     —  —
    10     CS   10.589   244.6   2.59   2.59   2.59   0     —     —  —
    11     CS   10.885   215.5   2.88   2.88   2.88   0     —     —  —
    12   CUST   11.153   184.0   3.15   3.15   3.15   0     —     —  —
    13     CS   11.911   154.3   3.41   3.41   3.91   0     —     —  —
    14     CS   12.316   134.9   3.82   3.82   4.32   0     —     —  —
    15     CS   12.545   107.9   4.04   4.04   4.54   1   b45     —  CHARGE, BRK-B45
    16     CS   14.220   393.8   0.32   4.37   5.23   0     —     —  —
    17     CS   14.462   371.5   0.56   4.61   5.47   0     —     —  —
    18     CS   14.675   346.8   0.78   4.82   5.69   0     —     —  —
    19     CS   14.899   323.1   1.00   5.05   5.91   0     —     —  —
    20     CS   15.155   296.0   1.26   5.30   6.17   0     —     —  —
    21     CS   15.394   267.4   1.50   5.54   6.41   0     —     —  —
    22     CS   15.670   241.8   1.77   5.82   6.68   0     —     —  —
    23     CS   16.012   220.4   2.11   6.16   7.02   0     —     —  —
    24     CS   16.264   194.5   2.37   6.41   7.28   0     —     —  —
    25   CUST   16.523   169.2   2.63   6.67   7.54   0     —    r2  REST-R2
    26     CS   26.383   129.9   0.36   0.36   0.36   1   b45     —  CHARGE, BRK-B45
    27     CS   27.788   345.7   0.41   0.77   1.01   0     —     —  —
    28     CS   28.019   319.0   0.64   1.00   1.25   0     —     —  —
    29     CS   28.250   292.2   0.87   1.23   1.48   0     —     —  —
    30     CS   28.499   267.0   1.12   1.48   1.73   0     —     —  —
    31     CS   28.807   245.1   1.43   1.79   2.03   0     —     —  —
    32     CS   29.236   203.6   1.85   2.21   2.46   0     —     —  —
    33     CS   29.499   181.2   2.12   2.48   2.73   0     —     —  —
    34     CS   29.729   156.5   2.35   2.71   2.96   0     —     —  —
    35     CS   29.948   130.8   2.57   2.93   3.18   1   b45     —  CHARGE, BRK-B45
    36     CS   31.387   314.3   0.28   3.20   3.86   0     —     —  —
    37     CS   31.614   290.1   0.50   3.43   4.09   0     —     —  —
    38     CS   31.830   264.9   0.72   3.65   4.31   0     —     —  —
    39     CS   32.090   234.8   0.98   3.91   4.57   0     —     —  —
    40     CS   32.358   205.6   1.25   4.17   4.84   0     —     —  —
    41     CS   32.709   181.2   1.60   4.52   5.19   0     —     —  —
    42     CS   32.988   152.8   1.88   4.80   5.47   0     —     —  —
[29/33] RshortCfewTmedium_3          labelled   14 states in  10.3 min
  ScenarioTracker saved: /mnt/beegfs/users/celinep/ChargeAndBreak/ML/logs/RshortCmediumTtight_8_DAGGER1_S1_H24_20260822_182937_scenarios.json

  === SIMULATION TRAJECTORY ===
  stop   type    t_arr     soc     cd     sd     sw   y   brk   rst  action
  ───────────────────────────────────────────────────────────────────────────────────────────────
     0   ORIG    8.000   500.0   0.00   0.00   0.00   0     —     —  —
     1     CS    8.342   479.6   0.34   0.34   0.34   0     —     —  —
     2     CS    8.636   457.6   0.64   0.64   0.64   0     —     —  —
     3     CS    8.863   431.0   0.86   0.86   0.86   0     —     —  —
     4     CS    9.074   407.7   1.07   1.07   1.07   0     —     —  —
     5     CS    9.285   384.5   1.29   1.29   1.29   0     —     —  —
     6     CS    9.500   361.6   1.50   1.50   1.50   0     —     —  —
     7     CS    9.732   338.5   1.73   1.73   1.73   0     —     —  —
     8     CS    9.956   314.8   1.96   1.96   1.96   0     —     —  —
     9     CS   10.171   290.3   2.17   2.17   2.17   0     —     —  —
    10     CS   10.415   265.2   2.41   2.41   2.41   0     —     —  —
    11     CS   10.648   239.3   2.65   2.65   2.65   0     —     —  —
    12     CS   10.895   214.4   2.89   2.89   2.89   0     —     —  —
    13     CS   11.101   191.5   3.10   3.10   3.10   0     —     —  —
    14     CS   11.347   171.3   3.35   3.35   3.35   0     —     —  —
    15     CS   11.580   150.4   3.58   3.58   3.58   1   b45     —  CHARGE, BRK-B45
    16     CS   12.817   389.8   0.23   3.81   4.03   0     —     —  —
    17     CS   13.120   369.4   0.53   4.11   4.34   0     —     —  —
    18     CS   13.338   343.8   0.75   4.33   4.55   0     —     —  —
    19   CUST   13.563   318.9   0.98   4.56   4.78   0     —     —  —
    20     CS   14.514   283.6   1.43   5.01   5.73   0     —     —  —
    21     CS   14.750   268.5   1.66   5.24   5.97   0     —     —  —
    22     CS   14.997   239.5   1.91   5.49   6.21   0     —     —  —
    23     CS   15.243   210.5   2.16   5.74   6.46   0     —     —  —
    24     CS   15.491   181.8   2.40   5.98   6.71   0     —     —  —
    25     CS   15.744   153.4   2.66   6.24   6.96   1   b45     —  CHARGE, BRK-B45
    26     CS   17.354   394.7   0.47   6.71   7.65   0     —     —  —
    27     CS   17.574   369.9   0.69   6.93   7.87   0     —     —  —
    28     CS   17.826   347.5   0.94   7.18   8.12   0     —     —  —
    29     CS   18.047   322.7   1.16   7.40   8.34   0     —     —  —
    30     CS   18.310   301.0   1.43   7.66   8.60   0     —     —  —
    31     CS   18.653   272.2   1.77   8.01   8.94   0     —     —  —
    32     CS   18.951   240.3   2.07   8.31   9.24   0     —     —  —
    33     CS   19.243   209.1   2.36   8.60   9.53   0     —     —  —
    34     CS   19.537   177.9   2.65   8.89   9.83   1   b45     —  CHARGE, BRK-B45
    35     CS   21.062   442.1   0.31   9.20  10.40   0     —     —  —
    36     CS   21.283   415.8   0.53   9.42  10.63   0     —     —  —
    37   CUST   21.510   390.0   0.76   9.65  10.85   0     —    r2  REST-R2
    38   CUST   31.016   389.3   0.01   0.01   0.01   0     —     —  —
    39     CS   31.852   363.9   0.34   0.34   0.84   0     —     —  —
    40   CUST   32.123   334.3   0.61   0.61   1.11   0     —     —  —
    41   CUST   32.804   322.8   0.79   0.79   1.79   0     —     —  —
    42     CS   33.465   306.7   0.95   0.95   2.45   0     —     —  —
    43     CS   33.767   282.4   1.26   1.26   2.76   0     —     —  —
    44     CS   34.031   254.4   1.52   1.52   3.02   0     —     —  —
    45     CS   34.282   225.4   1.77   1.77   3.27   0     —     —  —
    46     CS   34.571   197.9   2.06   2.06   3.56   0     —     —  —
    47     CS   34.852   169.9   2.34   2.34   3.84   0     —     —  —
    48     CS   35.126   141.2   2.62   2.62   4.12   1     —     —  CHARGE
    49     CS   36.070   246.0   2.96   2.96   5.06   0     —     —  —
    50     CS   36.341   227.0   3.23   3.23   5.33   0     —     —  —
[30/33] RshortCmediumTtight_8        labelled   18 states in  16.0 min
  ScenarioTracker saved: /mnt/beegfs/users/celinep/ChargeAndBreak/ML/logs/RshortCmanyTtight_9_DAGGER1_S1_H24_20260822_184539_scenarios.json

  === SIMULATION TRAJECTORY ===
  stop   type    t_arr     soc     cd     sd     sw   y   brk   rst  action
  ───────────────────────────────────────────────────────────────────────────────────────────────
     0   ORIG    8.000   500.0   0.00   0.00   0.00   0     —     —  —
     1     CS    8.263   476.3   0.26   0.26   0.26   0     —     —  —
     2     CS    8.491   449.8   0.49   0.49   0.49   0     —     —  —
     3     CS    8.724   423.8   0.72   0.72   0.72   0     —     —  —
     4     CS    8.930   400.9   0.93   0.93   0.93   0     —     —  —
     5     CS    9.134   377.7   1.13   1.13   1.13   0     —     —  —
     6     CS    9.345   355.2   1.34   1.34   1.34   0     —     —  —
     7     CS    9.651   332.8   1.65   1.65   1.65   0     —     —  —
     8     CS    9.930   309.1   1.93   1.93   1.93   0     —     —  —
     9     CS   10.166   282.2   2.17   2.17   2.17   0     —     —  —
    10     CS   10.408   255.8   2.41   2.41   2.41   0     —     —  —
    11     CS   10.668   225.1   2.67   2.67   2.67   0     —     —  —
    12     CS   10.981   198.5   2.98   2.98   2.98   1   b45     —  CHARGE, BRK-B45
    13     CS   12.405   411.8   0.32   3.30   3.62   0     —     —  —
    14     CS   12.890   388.0   0.81   3.79   4.11   0     —     —  —
    15   CUST   13.166   354.9   1.08   4.07   4.39   0     —     —  —
    16   CUST   14.096   305.5   1.51   4.50   5.32   0     —     —  —
    17   CUST   14.705   296.2   1.62   4.60   5.92   0     —     —  —
    18     CS   15.296   285.6   1.71   4.70   6.52   0     —     —  —
    19     CS   15.303   285.0   1.72   4.70   6.52   0     —     —  —
    20     CS   15.551   258.1   1.97   4.95   6.77   0     —     —  —
    21     CS   15.787   229.9   2.21   5.19   7.01   0     —     —  —
    22     CS   16.033   202.8   2.45   5.43   7.25   1   b45     —  CHARGE, BRK-B45
    23     CS   17.461   409.5   0.35   5.78   7.87   0     —     —  —
    24     CS   17.690   383.1   0.58   6.01   8.10   0     —     —  —
    25     CS   17.921   356.9   0.81   6.24   8.34   0     —     —  —
    26     CS   18.165   331.8   1.06   6.49   8.58   0     —     —  —
    27     CS   18.406   304.2   1.30   6.73   8.82   0     —     —  —
    28     CS   18.679   279.1   1.57   7.00   9.09   0     —     —  —
    29     CS   18.927   252.2   1.82   7.25   9.34   0     —     —  —
    30   CUST   19.250   229.6   2.14   7.57   9.66   0     —     —  —
    31     CS   20.007   200.6   2.40   7.83  10.42   0     —     —  —
    32     CS   20.265   171.5   2.66   8.09  10.68   0     —     —  —
    33   CUST   20.479   153.7   2.87   8.30  10.89   0     —    r2  REST-R2
    34     CS   30.431   120.2   0.45   0.45   0.45   0     —     —  —
    35     CS   30.482   114.3   0.50   0.50   0.50   1   b45     —  CHARGE, BRK-B45
    36     CS   31.848   387.0   0.23   0.74   0.99   0     —     —  —
    37     CS   32.111   363.3   0.50   1.00   1.25   0     —     —  —
    38     CS   32.354   338.3   0.74   1.24   1.49   0     —     —  —
    39     CS   32.624   306.1   1.01   1.51   1.76   0     —     —  —
    40     CS   32.898   274.3   1.28   1.79   2.04   0     —     —  —
    41     CS   33.267   248.5   1.65   2.16   2.41   0     —     —  —
    42   CUST   33.552   217.8   1.94   2.44   2.69   0     —     —  —
    43     CS   34.357   183.0   2.24   2.74   3.50   0     —     —  —
    44   CUST   34.440   175.2   2.33   2.83   3.58   0     —     —  —
    45     CS   34.960   173.4   2.34   2.85   4.10   1   b45     —  CHARGE, BRK-B45
    46     CS   36.477   429.0   0.25   3.09   4.70   0     —     —  —
    47     CS   36.706   402.9   0.47   3.32   4.93   0     —     —  —
    48     CS   36.995   380.9   0.76   3.61   5.22   0     —     —  —
    49   CUST   37.275   358.4   1.04   3.89   5.50   0     —     —  —
    50     CS   37.850   349.8   1.12   3.97   6.07   0     —     —  —
    51     CS   38.286   301.0   1.55   4.40   6.51   0     —     —  —
    52     CS   38.536   274.2   1.80   4.65   6.76   0     —     —  —
    53     CS   38.780   246.8   2.05   4.90   7.00   0     —     —  —
    54     CS   39.029   219.9   2.30   5.15   7.25   0     —     —  —
    55     CS   39.277   192.9   2.55   5.39   7.50   0     —     —  —
    56     CS   39.519   165.3   2.79   5.64   7.74   0     —     —  —
    57     CS   39.826   142.1   3.09   5.94   8.05   1     —     —  CHARGE
    58     CS   40.819   197.5   3.37   6.22   9.04   0     —     —  —
[31/33] RshortCmanyTtight_9          labelled   23 states in  23.8 min
  ScenarioTracker saved: /mnt/beegfs/users/celinep/ChargeAndBreak/ML/logs/RmediumCmediumTtight_10_DAGGER1_S1_H24_20260822_190924_scenarios.json

  === SIMULATION TRAJECTORY ===
  stop   type    t_arr     soc     cd     sd     sw   y   brk   rst  action
  ───────────────────────────────────────────────────────────────────────────────────────────────
     0   ORIG    8.000   500.0   0.00   0.00   0.00   0     —     —  —
     1     CS    8.226   473.3   0.23   0.23   0.23   0     —     —  —
     2     CS    8.500   450.3   0.50   0.50   0.50   0     —     —  —
     3     CS    8.813   429.0   0.81   0.81   0.81   0     —     —  —
     4     CS    9.085   397.8   1.08   1.08   1.08   0     —     —  —
     5     CS    9.356   366.6   1.36   1.36   1.36   0     —     —  —
     6     CS    9.751   342.3   1.75   1.75   1.75   0     —     —  —
     7     CS    9.968   317.2   1.97   1.97   1.97   0     —     —  —
     8     CS   10.315   298.4   2.31   2.31   2.31   0     —     —  —
     9     CS   10.544   274.4   2.54   2.54   2.54   0     —     —  —
    10     CS   10.951   228.9   2.95   2.95   2.95   0     —     —  —
    11     CS   11.221   202.1   3.22   3.22   3.22   0     —     —  —
    12     CS   11.518   177.2   3.52   3.52   3.52   0     —     —  —
    13     CS   11.821   152.5   3.82   3.82   3.82   1   b45     —  CHARGE, BRK-B45
    14     CS   13.123   392.6   0.26   4.09   4.31   0     —     —  —
    15     CS   13.382   363.0   0.52   4.34   4.57   0     —     —  —
    16     CS   13.638   333.2   0.78   4.60   4.82   0     —     —  —
    17     CS   13.975   308.7   1.12   4.94   5.16   0     —     —  —
    18     CS   14.578   271.7   1.72   5.54   5.76   0     —     —  —
    19     CS   14.826   252.2   1.97   5.79   6.01   0     —     —  —
    20     CS   15.063   232.2   2.20   6.03   6.25   0     —     —  —
    21     CS   15.268   209.9   2.41   6.23   6.45   1   b45     —  CHARGE, BRK-B45
    22     CS   16.476   409.5   0.23   6.46   6.91   0     —     —  —
    23     CS   16.706   382.6   0.46   6.69   7.14   0     —     —  —
    24     CS   16.949   356.9   0.70   6.93   7.38   0     —     —  —
    25     CS   17.190   331.0   0.94   7.17   7.62   0     —     —  —
    26     CS   17.424   304.3   1.18   7.41   7.86   0     —     —  —
    27     CS   17.711   281.3   1.46   7.69   8.15   0     —     —  —
    28     CS   17.962   256.1   1.71   7.94   8.40   0     —     —  —
    29     CS   18.237   226.8   1.99   8.22   8.67   0     —     —  —
    30     CS   18.495   196.0   2.25   8.48   8.93   0     —     —  —
    31     CS   18.805   169.1   2.56   8.79   9.24   0     —     —  —
    32     CS   19.352   128.5   3.10   9.33   9.79   1   b45     —  CHARGE, BRK-B45
    33     CS   20.841   403.4   0.31   9.65  10.34   0     —    r2  REST-R2
    34     CS   30.286   372.1   0.28   0.28   0.28   0     —     —  —
    35     CS   30.540   343.2   0.53   0.53   0.53   0     —     —  —
    36     CS   30.789   314.0   0.78   0.78   0.78   0     —     —  —
    37     CS   31.080   288.1   1.07   1.07   1.07   0     —     —  —
    38     CS   31.341   262.1   1.33   1.33   1.33   0     —     —  —
    39     CS   31.632   238.1   1.62   1.62   1.62   0     —     —  —
    40     CS   31.899   212.6   1.89   1.89   1.89   0     —     —  —
    41     CS   32.149   185.8   2.14   2.14   2.14   0     —     —  —
    42     CS   32.532   151.6   2.52   2.52   2.52   1   b45     —  CHARGE, BRK-B45
    43     CS   33.983   405.9   0.25   2.77   3.10   0     —     —  —
    44     CS   34.313   383.0   0.58   3.10   3.43   0     —     —  —
    45     CS   34.554   354.6   0.82   3.34   3.67   0     —     —  —
    46     CS   34.811   329.0   1.08   3.60   3.92   0     —     —  —
    47     CS   35.055   302.5   1.32   3.84   4.17   0     —     —  —
    48   CUST   35.304   276.4   1.57   4.09   4.42   0     —     —  —
    49     CS   36.055   247.9   1.82   4.35   5.17   0     —     —  —
    50     CS   36.319   220.5   2.08   4.61   5.43   0     —     —  —
    51     CS   36.465   204.3   2.23   4.75   5.58   0     —     —  —
    52     CS   36.704   178.8   2.47   4.99   5.82   0     —     —  —
    53     CS   36.964   155.0   2.73   5.25   6.08   0     —     —  —
    54     CS   37.194   128.7   2.96   5.48   6.31   1   b45     —  CHARGE, BRK-B45
    55     CS   38.808   421.8   0.24   5.73   6.90   0     —     —  —
    56     CS   39.043   394.1   0.48   5.96   7.14   0     —     —  —
    57     CS   39.288   367.4   0.72   6.21   7.38   0     —     —  —
    58     CS   39.519   339.5   0.95   6.44   7.62   0     —     —  —
    59     CS   39.776   310.1   1.21   6.70   7.87   0     —     —  —
    60     CS   40.041   281.5   1.48   6.96   8.14   0     —     —  —
    61     CS   40.326   254.4   1.76   7.25   8.42   0     —     —  —
    62   CUST   40.679   215.8   2.11   7.60   8.78   0     —     —  —
    63     CS   41.461   183.6   2.40   7.88   9.56   0     —     —  —
    64     CS   41.765   153.3   2.70   8.18   9.86   0     —     —  —
    65     CS   42.134   126.7   3.07   8.55  10.23   1     —    r2  CHARGE, REST-R2
    66   CUST   52.404   398.1   0.17   0.17   0.17   0     —     —  —
    67   CUST   53.214   361.3   0.48   0.48   0.98   0     —     —  —
    68     CS   53.851   345.4   0.62   0.62   1.62   0     —     —  —
    69     CS   53.952   334.6   0.72   0.72   1.72   0     —     —  —
    70     CS   54.234   305.9   1.00   1.00   2.00   0     —     —  —
    71     CS   54.492   275.0   1.26   1.26   2.26   0     —     —  —
    72     CS   54.784   247.1   1.55   1.55   2.55   0     —     —  —
    73     CS   55.207   198.2   1.97   1.97   2.97   1   b45     —  CHARGE, BRK-B45
    74     CS   56.599   381.5   0.28   2.26   3.62   0     —     —  —
    75     CS   56.894   351.0   0.58   2.55   3.91   0     —     —  —
    76     CS   57.175   319.4   0.86   2.83   4.19   0     —     —  —
    77     CS   57.451   287.3   1.14   3.11   4.47   0     —     —  —
    78     CS   57.735   255.2   1.42   3.39   4.75   0     —     —  —
    79     CS   58.048   225.6   1.73   3.71   5.07   0     —     —  —
    80     CS   58.309   196.6   1.99   3.97   5.33   0     —     —  —
    81     CS   58.594   169.6   2.28   4.25   5.61   0     —     —  —
    82     CS   58.855   140.7   2.54   4.51   5.87   1   b45     —  CHARGE, BRK-B45
    83     CS   60.235   304.4   0.35   4.87   6.50   0     —     —  —
    84     CS   60.497   275.1   0.61   5.13   6.76   0     —     —  —
    85     CS   60.786   248.0   0.90   5.42   7.05   0     —     —  —
    86     CS   61.056   219.4   1.17   5.69   7.32   0     —     —  —
    87     CS   61.364   193.5   1.48   5.99   7.63   0     —     —  —
    88     CS   61.557   170.9   1.67   6.19   7.82   0     —     —  —
    89     CS   61.890   154.5   2.01   6.52   8.16   0     —     —  —
[32/33] RmediumCmediumTtight_10      labelled   31 states in  34.9 min
  ScenarioTracker saved: /mnt/beegfs/users/celinep/ChargeAndBreak/ML/logs/RlongCfewTnone_9_DAGGER1_S1_H24_20260822_194418_scenarios.json

  === SIMULATION TRAJECTORY ===
  stop   type    t_arr     soc     cd     sd     sw   y   brk   rst  action
  ───────────────────────────────────────────────────────────────────────────────────────────────
     0   ORIG    8.000   500.0   0.00   0.00   0.00   0     —     —  —
     1     CS    8.232   473.9   0.23   0.23   0.23   0     —     —  —
     2     CS    8.458   447.2   0.46   0.46   0.46   0     —     —  —
     3     CS    8.746   424.9   0.75   0.75   0.75   0     —     —  —
     4     CS    8.941   402.5   0.94   0.94   0.94   0     —     —  —
     5     CS    9.219   384.8   1.22   1.22   1.22   0     —     —  —
     6     CS    9.424   363.4   1.42   1.42   1.42   0     —     —  —
     7     CS    9.719   338.3   1.72   1.72   1.72   0     —     —  —
     8     CS    9.968   309.8   1.97   1.97   1.97   0     —     —  —
     9     CS   10.228   282.3   2.23   2.23   2.23   0     —     —  —
    10     CS   10.474   257.4   2.47   2.47   2.47   0     —     —  —
    11     CS   10.705   231.2   2.70   2.70   2.70   0     —     —  —
    12     CS   10.960   207.0   2.96   2.96   2.96   0     —     —  —
    13     CS   11.188   180.5   3.19   3.19   3.19   1   b45     —  CHARGE, BRK-B45
    14     CS   12.663   425.2   0.33   3.52   3.73   0     —     —  —
    15     CS   12.941   397.0   0.61   3.80   4.01   0     —     —  —
    16     CS   13.198   366.8   0.87   4.05   4.26   0     —     —  —
    17     CS   13.498   340.1   1.17   4.35   4.56   0     —     —  —
    18     CS   13.703   318.6   1.37   4.56   4.77   0     —     —  —
    19     CS   13.899   296.3   1.57   4.75   4.97   0     —     —  —
    20     CS   14.093   273.8   1.76   4.95   5.16   0     —     —  —
    21     CS   14.351   245.4   2.02   5.21   5.42   0     —     —  —
    22     CS   14.603   216.3   2.27   5.46   5.67   0     —     —  —
    23     CS   14.943   192.8   2.61   5.80   6.01   0     —     —  —
    24     CS   15.210   165.1   2.88   6.07   6.28   1   b45     —  CHARGE, BRK-B45
    25     CS   16.388   380.4   0.23   6.29   6.70   0     —     —  —
    26     CS   16.628   354.2   0.47   6.53   6.94   0     —     —  —
    27     CS   16.871   328.3   0.71   6.78   7.19   0     —     —  —
    28     CS   17.151   306.9   0.99   7.06   7.47   0     —     —  —
    29     CS   17.377   281.8   1.22   7.28   7.69   0     —     —  —
    30     CS   17.761   263.2   1.60   7.67   8.08   0     —     —  —
    31     CS   17.978   238.9   1.82   7.88   8.29   0     —     —  —
    32     CS   18.297   219.8   2.14   8.20   8.61   0     —     —  —
    33     CS   18.528   196.7   2.37   8.43   8.84   1   b45     —  CHARGE, BRK-B45
    34     CS   19.796   367.9   0.29   8.72   9.36   0     —     —  —
    35     CS   20.091   341.2   0.59   9.02   9.66   0     —     —  —
    36     CS   20.328   313.9   0.82   9.26   9.89   0     —     —  —
    37     CS   20.578   287.9   1.07   9.51  10.14   0     —     —  —
    38   CUST   20.904   266.0   1.40   9.83  10.47   0     —    r2  REST-R2
    39     CS   30.687   234.7   0.28   0.28   0.28   0     —     —  —
    40     CS   30.967   203.1   0.56   0.56   0.56   0     —     —  —
    41     CS   31.251   171.9   0.85   0.85   0.85   0     —     —  —
    42     CS   31.424   155.7   1.02   1.02   1.02   1   b45     —  CHARGE, BRK-B45
    43     CS   33.176   395.3   0.28   1.30   1.94   0     —     —  —
    44     CS   33.478   364.8   0.58   1.60   2.24   0     —     —  —
    45     CS   33.688   339.8   0.79   1.81   2.45   0     —     —  —
    46     CS   33.912   316.1   1.01   2.03   2.67   0     —     —  —
    47     CS   34.210   296.5   1.31   2.33   2.97   0     —     —  —
    48     CS   34.672   244.0   1.77   2.79   3.43   0     —     —  —
    49     CS   34.890   219.0   1.99   3.01   3.65   0     —     —  —
    50     CS   35.107   193.9   2.21   3.23   3.87   0     —     —  —
    51     CS   35.349   170.9   2.45   3.47   4.11   1   b45     —  CHARGE, BRK-B45
    52     CS   36.583   383.4   0.25   3.72   4.59   0     —     —  —
    53     CS   36.949   361.2   0.61   4.09   4.96   0     —     —  —
    54     CS   37.192   332.2   0.86   4.33   5.20   0     —     —  —
    55     CS   37.432   307.3   1.10   4.57   5.44   0     —     —  —
    56     CS   37.666   282.0   1.33   4.80   5.67   0     —     —  —
    57     CS   37.911   257.6   1.58   5.05   5.92   0     —     —  —
    58     CS   38.148   232.5   1.81   5.28   6.16   0     —     —  —
    59     CS   38.417   204.3   2.08   5.55   6.43   0     —     —  —
    60     CS   38.683   175.7   2.35   5.82   6.69   0     —     —  —
    61     CS   38.994   150.3   2.66   6.13   7.00   1   b45     —  CHARGE, BRK-B45
    62     CS   40.257   394.5   0.22   6.35   7.46   0     —     —  —
    63     CS   40.468   369.5   0.43   6.56   7.67   0     —     —  —
    64     CS   40.692   345.9   0.65   6.78   7.89   0     —     —  —
    65     CS   40.942   318.3   0.90   7.03   8.14   0     —     —  —
    66     CS   41.198   291.2   1.16   7.29   8.40   0     —     —  —
    67     CS   41.505   267.4   1.47   7.60   8.71   0     —     —  —
    68     CS   41.802   235.4   1.76   7.89   9.00   0     —     —  —
    69     CS   42.167   207.7   2.13   8.26   9.37   0     —     —  —
    70     CS   42.480   181.1   2.44   8.57   9.68   0     —     —  —
    71     CS   42.741   150.5   2.70   8.83   9.94   1   b45     —  CHARGE, BRK-B45
    72     CS   44.090   407.5   0.25   9.08  10.42   0     —     —  —
    73     CS   44.337   382.7   0.49   9.32  10.66   0     —     —  —
    74     CS   44.591   358.4   0.75   9.58  10.92   0     —     —  —
    75     CS   44.824   332.4   0.98   9.81  11.15   0     —    r2  REST-R2
    76     CS   54.277   307.2   0.29   0.29   0.29   0     —     —  —
    77   CUST   54.520   278.4   0.53   0.53   0.53   0     —     —  —
    78     CS   55.257   256.8   0.77   0.77   1.27   0     —     —  —
    79     CS   55.484   234.5   0.99   0.99   1.49   0     —     —  —
    80     CS   55.724   213.1   1.23   1.23   1.73   0     —     —  —
    81     CS   56.005   183.1   1.51   1.51   2.01   1   b45     —  CHARGE, BRK-B45
    82     CS   57.344   395.2   0.32   1.84   2.60   0     —     —  —
    83     CS   57.629   365.6   0.61   2.12   2.89   0     —     —  —
    84     CS   57.943   336.0   0.92   2.44   3.20   0     —     —  —
    85     CS   58.226   303.9   1.21   2.72   3.49   0     —     —  —
    86     CS   58.576   279.1   1.56   3.07   3.84   0     —     —  —
    87     CS   58.876   251.7   1.86   3.37   4.14   0     —     —  —
    88     CS   59.197   225.5   2.18   3.69   4.46   0     —     —  —
    89     CS   59.438   205.1   2.42   3.93   4.70   0     —     —  —
    90     CS   59.760   187.6   2.74   4.25   5.02   0     —     —  —
    91     CS   60.009   167.6   2.99   4.50   5.27   1   b45     —  CHARGE, BRK-B45
    92     CS   61.409   397.9   0.29   4.79   5.89   0     —     —  —
    93     CS   61.652   369.3   0.53   5.04   6.13   0     —     —  —
    94     CS   61.923   343.0   0.81   5.31   6.40   0     —     —  —
    95     CS   62.189   316.4   1.07   5.58   6.67   0     —     —  —
    96     CS   62.460   291.8   1.34   5.85   6.94   0     —     —  —
    97     CS   62.695   264.3   1.58   6.08   7.18   0     —     —  —
    98     CS   62.931   237.1   1.81   6.32   7.41   0     —     —  —
    99     CS   63.300   195.1   2.18   6.69   7.78   1   b45     —  CHARGE, BRK-B45
   100     CS   64.560   390.0   0.28   6.97   8.29   0     —     —  —
   101     CS   64.813   362.3   0.53   7.22   8.54   0     —     —  —
   102     CS   65.055   333.4   0.77   7.46   8.79   0     —     —  —
   103     CS   65.310   305.9   1.03   7.72   9.04   0     —     —  —
   104     CS   65.552   278.3   1.27   7.96   9.28   0     —     —  —
   105     CS   65.797   251.1   1.52   8.20   9.53   0     —     —  —
   106     CS   66.091   227.2   1.81   8.50   9.82   0     —     —  —
   107     CS   66.378   194.3   2.10   8.78  10.11   1     —    r1  CHARGE, REST-R1
   108     CS   78.695   386.6   0.32   0.32   0.32   0     —     —  —
   109     CS   79.020   366.5   0.64   0.64   0.64   0     —     —  —
   110     CS   79.287   344.1   0.91   0.91   0.91   0     —     —  —
   111     CS   79.521   319.3   1.14   1.14   1.14   0     —     —  —
   112     CS   79.756   291.9   1.38   1.38   1.38   0     —     —  —
   113     CS   80.005   265.7   1.63   1.63   1.63   0     —     —  —
   114     CS   80.268   240.6   1.89   1.89   1.89   0     —     —  —
   115     CS   80.546   208.5   2.17   2.17   2.17   0     —     —  —
   116     CS   80.848   178.4   2.47   2.47   2.47   0     —     —  —
   117     CS   81.150   148.4   2.77   2.77   2.77   1   b45     —  CHARGE, BRK-B45
   118     CS   82.390   387.9   0.20   2.97   3.24   0     —     —  —
   119     CS   82.589   365.1   0.39   3.17   3.44   0     —     —  —
   120     CS   82.785   342.1   0.59   3.36   3.63   0     —     —  —
   121     CS   83.100   320.0   0.90   3.68   3.95   0     —     —  —
   122     CS   83.503   300.2   1.31   4.08   4.35   0     —     —  —
   123     CS   83.712   276.8   1.52   4.29   4.56   0     —     —  —
   124     CS   83.926   253.8   1.73   4.50   4.77   0     —     —  —
   125     CS   84.147   231.3   1.95   4.73   5.00   0     —     —  —
   126     CS   84.391   203.4   2.20   4.97   5.24   0     —     —  —
   127     CS   84.640   175.9   2.44   5.22   5.49   0     —     —  —
   128     CS   84.891   148.6   2.70   5.47   5.74   0     —     —  —
   129     CS   85.145   121.5   2.95   5.72   5.99   1   b45     —  CHARGE, BRK-B45
   130     CS   86.594   411.0   0.31   6.03   6.49   0     —     —  —
   131     CS   86.831   387.6   0.55   6.27   6.73   0     —     —  —
   132     CS   87.062   363.7   0.78   6.50   6.96   0     —     —  —
   133     CS   87.335   333.1   1.05   6.77   7.23   0     —     —  —
   134     CS   87.614   303.0   1.33   7.05   7.51   0     —     —  —
   135     CS   87.895   275.9   1.61   7.33   7.79   0     —     —  —
   136     CS   88.157   247.2   1.87   7.59   8.06   0     —     —  —
   137     CS   88.439   220.1   2.15   7.88   8.34   0     —     —  —
   138     CS   88.690   190.4   2.40   8.13   8.59   1     —    r2  CHARGE, REST-R2
   139     CS   98.609   247.6   0.41   0.41   0.41   0     —     —  —
   140     CS   98.973   227.0   0.78   0.78   0.78   0     —     —  —
   141     CS   99.213   200.5   1.02   1.02   1.02   0     —     —  —
   142     CS   99.541   178.9   1.34   1.34   1.34   0     —     —  —
   143     CS   99.779   152.2   1.58   1.58   1.58   0     —     —  —
[33/33] RlongCfewTnone_9             labelled   49 states in  68.4 min
