DAgger round 1: 33 instances, label prob 0.35, model policy_K20_seedsplit_seed0_cw0.pt
  ScenarioTracker saved: /mnt/beegfs/users/celinep/ChargeAndBreak/ML/logs/RshortCfewTnone_5_DAGGER1_S1_H24_20260821_095130_scenarios.json

  === SIMULATION TRAJECTORY ===
  stop   type    t_arr     soc     cd     sd     sw   y   brk   rst  action
  ───────────────────────────────────────────────────────────────────────────────────────────────
     0   ORIG    8.000   500.0   0.00   0.00   0.00   0     —     —  —
     1     CS    8.235   474.2   0.24   0.24   0.24   0     —     —  —
     2     CS    8.470   448.3   0.47   0.47   0.47   0     —     —  —
     3     CS    8.723   424.0   0.72   0.72   0.72   0     —     —  —
     4     CS    9.014   393.8   1.01   1.01   1.01   0     —     —  —
     5     CS    9.301   363.3   1.30   1.30   1.30   0     —     —  —
     6     CS    9.609   334.3   1.61   1.61   1.61   0     —     —  —
     7     CS    9.894   304.7   1.89   1.89   1.89   0     —     —  —
     8     CS   10.200   276.7   2.20   2.20   2.20   0     —     —  —
     9     CS   10.449   248.6   2.45   2.45   2.45   0     —     —  —
    10   CUST   10.693   220.0   2.69   2.69   2.69   0     —     —  —
    11     CS   11.438   196.1   2.94   2.94   3.44   0     —     —  —
    12     CS   11.662   170.5   3.16   3.16   3.66   0     —     —  —
    13     CS   11.923   147.7   3.42   3.42   3.92   0     —     —  —
    14     CS   12.184   122.8   3.68   3.68   4.18   1   b45     —  CHARGE, BRK-B45
    15     CS   13.564   384.5   0.30   3.98   4.71   0     —     —  —
    16     CS   13.872   356.6   0.61   4.29   5.02   0     —     —  —
    17     CS   14.162   326.3   0.90   4.58   5.31   0     —     —  —
    18     CS   14.491   298.7   1.23   4.91   5.63   0     —     —  —
    19     CS   14.772   267.6   1.51   5.19   5.92   0     —     —  —
    20     CS   15.033   237.0   1.77   5.45   6.18   0     —     —  —
    21     CS   15.293   206.4   2.03   5.71   6.44   0     —     —  —
    22     CS   15.513   181.5   2.25   5.93   6.66   0     —     —  —
    23     CS   15.731   156.6   2.47   6.15   6.87   0     —     —  —
    24     CS   15.970   133.3   2.71   6.39   7.11   0     —     —  —
    25     CS   16.214   110.4   2.95   6.64   7.36   1   b45     —  CHARGE, BRK-B45
    26     CS   17.431   353.3   0.25   6.89   7.80   0     —     —  —
    27     CS   17.679   324.0   0.50   7.14   8.05   0     —     —  —
    28     CS   17.925   300.7   0.75   7.38   8.29   0     —     —  —
    29     CS   18.173   277.5   1.00   7.63   8.54   0     —     —  —
    30     CS   18.558   259.1   1.38   8.02   8.93   0     —     —  —
    31     CS   18.780   233.9   1.60   8.24   9.15   0     —     —  —
    32     CS   19.021   212.8   1.84   8.48   9.39   0     —     —  —
    33     CS   19.236   189.9   2.06   8.69   9.60   0     —     —  —
    34   CUST   19.441   166.0   2.26   8.90   9.81   0     —    r2  REST-R2
    35     CS   29.166   140.5   0.23   0.23   0.23   1   b45     —  CHARGE, BRK-B45
    36     CS   30.861   287.8   0.49   0.72   1.17   0     —     —  —
    37     CS   31.081   262.3   0.71   0.94   1.39   0     —     —  —
    38     CS   31.303   236.8   0.93   1.16   1.61   0     —     —  —
    39     CS   31.519   210.7   1.15   1.37   1.83   0     —     —  —
    40     CS   31.779   180.9   1.41   1.63   2.09   0     —     —  —
    41     CS   32.038   151.0   1.67   1.89   2.35   0     —     —  —
    42     CS   32.296   120.9   1.93   2.15   2.61   1     —     —  CHARGE
    43     CS   33.014   191.3   2.17   2.40   3.32   0     —     —  —
[1/33] RshortCfewTnone_5            labelled   14 states in  11.0 min
  ScenarioTracker saved: /mnt/beegfs/users/celinep/ChargeAndBreak/ML/logs/RshortCmanyTtight_17_DAGGER1_S1_H24_20260821_100232_scenarios.json

  === SIMULATION TRAJECTORY ===
  stop   type    t_arr     soc     cd     sd     sw   y   brk   rst  action
  ───────────────────────────────────────────────────────────────────────────────────────────────
     0   ORIG    8.000   500.0   0.00   0.00   0.00   0     —     —  —
     1     CS    8.262   476.2   0.26   0.26   0.26   0     —     —  —
     2     CS    8.520   452.2   0.52   0.52   0.52   0     —     —  —
     3     CS    8.771   427.7   0.77   0.77   0.77   0     —     —  —
     4     CS    9.001   407.3   1.00   1.00   1.00   0     —     —  —
     5     CS    9.207   385.1   1.21   1.21   1.21   0     —     —  —
     6     CS    9.409   362.6   1.41   1.41   1.41   0     —     —  —
     7     CS    9.651   334.3   1.65   1.65   1.65   0     —     —  —
     8     CS    9.926   308.6   1.93   1.93   1.93   0     —     —  —
     9   CUST   10.183   281.6   2.18   2.18   2.18   0     —     —  —
    10     CS   11.072   262.9   2.57   2.57   3.07   0     —     —  —
    11     CS   11.307   238.2   2.81   2.81   3.31   0     —     —  —
    12     CS   11.564   215.2   3.06   3.06   3.56   0     —     —  —
    13     CS   11.763   191.9   3.26   3.26   3.76   0     —     —  —
    14     CS   11.975   168.8   3.48   3.48   3.98   0     —     —  —
    15     CS   12.181   145.0   3.68   3.68   4.18   0     —     —  —
    16     CS   12.403   122.6   3.90   3.90   4.40   1   b45     —  CHARGE, BRK-B45
    17     CS   13.899   387.1   0.33   4.23   5.02   0     —     —  —
    18   CUST   14.208   356.1   0.64   4.54   5.33   0     —     —  —
    19     CS   14.752   351.9   0.68   4.59   5.88   0     —     —  —
    20     CS   14.962   329.6   0.89   4.80   6.09   0     —     —  —
    21     CS   15.244   311.3   1.18   5.08   6.37   0     —     —  —
    22     CS   15.464   289.8   1.40   5.30   6.59   0     —     —  —
    23     CS   15.710   261.1   1.64   5.54   6.83   0     —     —  —
    24     CS   15.983   234.6   1.92   5.82   7.11   0     —     —  —
    25     CS   16.307   210.9   2.24   6.14   7.43   1   b45     —  CHARGE, BRK-B45
    26     CS   17.632   332.8   0.29   6.44   8.01   0     —     —  —
    27   CUST   17.944   303.1   0.60   6.75   8.32   0     —    r2  REST-R2
    28   CUST   27.541   291.8   0.10   0.10   0.10   0     —     —  —
    29     CS   28.502   243.9   0.56   0.56   1.06   0     —     —  —
    30   CUST   28.959   192.4   1.02   1.02   1.52   0     —     —  —
    31   CUST   29.761   157.3   1.32   1.32   2.32   0     —     —  —
    32     CS   30.320   150.8   1.38   1.38   2.88   1   b45     —  CHARGE, BRK-B45
    33   CUST   31.323   370.5   0.02   1.39   3.13   0     —     —  —
    34     CS   32.122   344.0   0.32   1.69   3.93   0     —     —  —
    35   CUST   32.549   296.8   0.74   2.12   4.36   0     —     —  —
    36     CS   33.369   258.5   1.06   2.44   5.17   0     —     —  —
    37     CS   33.589   232.4   1.28   2.66   5.39   0     —     —  —
    38     CS   33.848   209.5   1.54   2.92   5.65   0     —     —  —
    39     CS   34.073   184.0   1.77   3.14   5.88   0     —     —  —
[2/33] RshortCmanyTtight_17         labelled   14 states in   7.6 min
  ScenarioTracker saved: /mnt/beegfs/users/celinep/ChargeAndBreak/ML/logs/RlongCmediumTnone_10_DAGGER1_S1_H24_20260821_101009_scenarios.json

  === SIMULATION TRAJECTORY ===
  stop   type    t_arr     soc     cd     sd     sw   y   brk   rst  action
  ───────────────────────────────────────────────────────────────────────────────────────────────
     0   ORIG    8.000   500.0   0.00   0.00   0.00   0     —     —  —
     1     CS    8.227   473.5   0.23   0.23   0.23   0     —     —  —
     2     CS    8.457   447.2   0.46   0.46   0.46   0     —     —  —
     3     CS    8.694   421.5   0.69   0.69   0.69   0     —     —  —
     4     CS    8.907   397.6   0.91   0.91   0.91   0     —     —  —
     5     CS    9.115   373.3   1.12   1.12   1.12   0     —     —  —
     6     CS    9.321   348.7   1.32   1.32   1.32   0     —     —  —
     7     CS    9.583   319.8   1.58   1.58   1.58   0     —     —  —
     8     CS    9.852   291.6   1.85   1.85   1.85   0     —     —  —
     9     CS   10.111   262.4   2.11   2.11   2.11   0     —     —  —
    10     CS   10.420   231.4   2.42   2.42   2.42   0     —     —  —
    11     CS   10.707   198.5   2.71   2.71   2.71   0     —     —  —
    12     CS   10.996   165.8   3.00   3.00   3.00   1   b45     —  CHARGE, BRK-B45
    13     CS   12.444   413.0   0.20   3.19   3.60   0     —     —  —
    14     CS   12.637   390.4   0.39   3.38   3.79   0     —     —  —
    15     CS   12.908   372.5   0.66   3.66   4.06   0     —     —  —
    16     CS   13.197   340.9   0.95   3.94   4.35   0     —     —  —
    17     CS   13.494   310.0   1.24   4.24   4.65   0     —     —  —
    18     CS   13.892   285.7   1.64   4.64   5.05   0     —     —  —
    19     CS   14.171   255.3   1.92   4.92   5.32   0     —     —  —
    20     CS   14.458   225.6   2.21   5.21   5.61   0     —     —  —
    21     CS   14.870   178.0   2.62   5.62   6.02   1   b45     —  CHARGE, BRK-B45
    22     CS   16.279   425.1   0.29   5.91   6.53   0     —     —  —
    23     CS   16.552   395.7   0.56   6.18   6.81   0     —     —  —
    24     CS   16.820   365.8   0.83   6.45   7.07   0     —     —  —
    25     CS   17.085   340.2   1.10   6.71   7.34   0     —     —  —
    26     CS   17.346   314.3   1.36   6.97   7.60   0     —     —  —
    27     CS   17.627   289.6   1.64   7.26   7.88   0     —     —  —
    28     CS   17.922   258.6   1.93   7.55   8.18   0     —     —  —
    29     CS   18.241   229.4   2.25   7.87   8.49   0     —     —  —
    30     CS   18.511   198.9   2.52   8.14   8.77   0     —     —  —
    31     CS   18.787   169.0   2.80   8.42   9.04   0     —     —  —
    32     CS   19.058   138.6   3.07   8.69   9.31   1   b45     —  CHARGE, BRK-B45
    33     CS   20.776   399.4   0.33   9.01  10.18   0     —     —  —
    34     CS   21.034   374.8   0.59   9.27  10.44   0     —     —  —
    35     CS   21.262   347.4   0.81   9.50  10.67   0     —     —  —
    36     CS   21.527   318.0   1.08   9.77  10.93   0     —    r2  REST-R2
    37     CS   30.954   288.2   0.26   0.26   0.26   0     —     —  —
    38   CUST   31.231   259.9   0.54   0.54   0.54   0     —     —  —
    39     CS   32.039   225.4   0.85   0.85   1.35   0     —     —  —
    40   CUST   32.485   172.6   1.29   1.29   1.79   0     —     —  —
    41     CS   33.252   141.4   1.56   1.56   2.56   1   b45     —  CHARGE, BRK-B45
    42   CUST   34.712   400.5   0.26   1.82   3.13   0     —     —  —
    43     CS   35.448   375.9   0.50   2.05   3.87   0     —     —  —
    44     CS   35.738   352.8   0.79   2.34   4.16   0     —     —  —
    45     CS   35.985   326.8   1.03   2.59   4.40   0     —     —  —
    46     CS   36.249   302.2   1.30   2.86   4.67   0     —     —  —
    47     CS   36.449   279.5   1.50   3.06   4.87   0     —     —  —
    48     CS   36.672   258.6   1.72   3.28   5.09   0     —     —  —
    49     CS   36.872   235.9   1.92   3.48   5.29   0     —     —  —
    50     CS   37.185   211.2   2.23   3.79   5.60   0     —     —  —
    51     CS   37.458   183.9   2.51   4.06   5.88   1   b45     —  CHARGE, BRK-B45
    52     CS   38.757   414.0   0.26   4.32   6.36   0     —     —  —
    53     CS   39.010   387.9   0.51   4.57   6.61   0     —     —  —
    54     CS   39.254   361.2   0.75   4.82   6.86   0     —     —  —
    55     CS   39.493   333.9   0.99   5.06   7.09   0     —     —  —
    56     CS   39.894   290.1   1.39   5.46   7.50   0     —     —  —
    57     CS   40.147   261.3   1.64   5.71   7.75   0     —     —  —
    58     CS   40.421   234.1   1.92   5.98   8.02   0     —     —  —
    59     CS   40.861   213.0   2.36   6.42   8.46   0     —     —  —
    60     CS   41.130   183.3   2.63   6.69   8.73   0     —     —  —
    61     CS   41.406   154.1   2.90   6.97   9.01   1   b45     —  CHARGE, BRK-B45
    62     CS   42.899   385.5   0.30   7.27   9.74   0     —     —  —
    63     CS   43.156   355.7   0.56   7.53  10.00   0     —     —  —
    64     CS   43.414   326.1   0.82   7.79  10.26   0     —     —  —
    65     CS   43.694   298.3   1.10   8.07  10.54   0     —     —  —
    66     CS   43.975   266.1   1.38   8.35  10.82   0     —     —  —
    67     CS   44.256   233.7   1.66   8.63  11.10   0     —     —  —
    68     CS   44.566   205.0   1.97   8.94  11.41   0     —     —  —
    69     CS   44.849   174.0   2.25   9.22  11.69   1     —    r2  CHARGE, REST-R2
    70     CS   55.128   405.0   0.28   0.28   0.28   0     —     —  —
    71     CS   55.380   376.8   0.53   0.53   0.53   0     —     —  —
    72     CS   55.629   348.4   0.78   0.78   0.78   0     —     —  —
    73     CS   55.872   323.2   1.02   1.02   1.02   0     —     —  —
    74     CS   56.104   297.2   1.25   1.25   1.25   0     —     —  —
    75     CS   56.333   270.8   1.48   1.48   1.48   0     —     —  —
    76   CUST   56.581   246.0   1.73   1.73   1.73   0     —     —  —
    77     CS   57.573   201.5   2.22   2.22   2.72   0     —     —  —
    78   CUST   57.601   200.0   2.25   2.25   2.75   0     —     —  —
    79     CS   58.154   196.2   2.30   2.30   3.30   1   b45     —  CHARGE, BRK-B45
    80     CS   59.335   398.0   0.22   2.52   3.73   0     —     —  —
    81     CS   59.555   372.9   0.44   2.74   3.95   0     —     —  —
    82     CS   59.775   347.8   0.66   2.96   4.17   0     —     —  —
    83     CS   59.994   322.6   0.88   3.18   4.39   0     —     —  —
    84     CS   60.248   293.7   1.13   3.43   4.65   0     —     —  —
    85     CS   60.515   266.1   1.40   3.70   4.91   0     —     —  —
    86     CS   60.737   245.2   1.62   3.92   5.14   0     —     —  —
    87     CS   60.936   222.3   1.82   4.12   5.34   0     —     —  —
    88     CS   61.147   200.6   2.03   4.33   5.55   1   b45     —  CHARGE, BRK-B45
    89     CS   62.515   407.1   0.25   4.58   6.16   0     —     —  —
    90     CS   62.781   380.0   0.51   4.84   6.43   0     —     —  —
    91     CS   63.040   352.2   0.77   5.10   6.69   0     —     —  —
    92     CS   63.292   323.7   1.02   5.35   6.94   0     —     —  —
    93     CS   63.864   282.4   1.59   5.93   7.51   0     —     —  —
    94     CS   64.110   258.1   1.84   6.17   7.76   0     —     —  —
    95     CS   64.379   235.3   2.11   6.44   8.03   0     —     —  —
    96     CS   64.619   210.4   2.35   6.68   8.27   0     —     —  —
    97     CS   64.847   184.6   2.58   6.91   8.50   0     —     —  —
    98     CS   65.060   163.0   2.79   7.12   8.71   0     —     —  —
    99     CS   65.302   143.2   3.03   7.36   8.95   0     —     —  —
   100     CS   65.509   121.2   3.24   7.57   9.16   1   b45     —  CHARGE, BRK-B45
   101     CS   66.966   355.2   0.42   7.99   9.80   0     —     —  —
   102     CS   67.241   324.1   0.69   8.26  10.07   0     —     —  —
   103     CS   67.523   293.7   0.97   8.55  10.35   0     —     —  —
   104     CS   67.812   264.0   1.26   8.84  10.64   0     —    r2  REST-R2
   105     CS   77.254   232.9   0.27   0.27   0.27   0     —     —  —
   106     CS   77.533   202.9   0.55   0.55   0.55   0     —     —  —
   107     CS   77.803   171.9   0.82   0.82   0.82   1   b45     —  CHARGE, BRK-B45
   108     CS   79.138   406.1   0.27   1.10   1.36   0     —     —  —
   109     CS   79.376   379.8   0.51   1.33   1.60   0     —     —  —
   110     CS   79.607   352.9   0.74   1.57   1.83   0     —     —  —
   111     CS   79.876   321.9   1.01   1.84   2.10   0     —     —  —
   112     CS   80.199   294.9   1.33   2.16   2.42   0     —     —  —
   113     CS   80.439   266.5   1.57   2.40   2.66   0     —     —  —
   114     CS   80.694   239.5   1.83   2.65   2.91   0     —     —  —
   115     CS   80.970   214.1   2.11   2.93   3.19   0     —     —  —
   116     CS   81.240   188.3   2.38   3.20   3.46   0     —     —  —
   117     CS   81.619   151.7   2.75   3.58   3.84   1   b45     —  CHARGE, BRK-B45
   118     CS   83.047   404.8   0.24   3.81   4.39   0     —     —  —
   119     CS   83.285   376.8   0.47   4.05   4.63   0     —     —  —
   120     CS   83.526   349.2   0.71   4.29   4.87   0     —     —  —
   121     CS   83.751   324.3   0.94   4.52   5.10   0     —     —  —
   122     CS   83.980   299.6   1.17   4.75   5.33   0     —     —  —
   123     CS   84.230   276.7   1.42   5.00   5.58   0     —     —  —
   124     CS   84.451   251.3   1.64   5.22   5.80   0     —     —  —
   125     CS   84.704   232.1   1.89   5.47   6.05   0     —     —  —
   126     CS   84.914   210.3   2.10   5.68   6.26   0     —     —  —
   127     CS   85.118   188.0   2.31   5.89   6.46   1     —    r1  CHARGE, REST-R1
   128     CS   97.455   421.3   0.24   0.24   0.24   0     —     —  —
   129     CS   97.698   393.9   0.48   0.48   0.48   0     —     —  —
   130     CS   97.961   368.1   0.74   0.74   0.74   0     —     —  —
   131     CS   98.208   341.7   0.99   0.99   0.99   0     —     —  —
   132     CS   98.458   315.7   1.24   1.24   1.24   0     —     —  —
   133     CS   98.734   291.4   1.51   1.51   1.51   0     —     —  —
   134     CS   99.198   241.6   1.98   1.98   1.98   0     —     —  —
   135     CS   99.463   220.0   2.24   2.24   2.24   0     —     —  —
   136     CS   99.678   194.7   2.46   2.46   2.46   0     —     —  —
   137     CS   99.902   170.2   2.68   2.68   2.68   0     —     —  —
   138     CS  100.253   151.5   3.03   3.03   3.03   1   b45     —  CHARGE, BRK-B45
   139     CS  102.032   470.8   0.29   3.33   3.61   0     —     —  —
   140     CS  102.303   440.5   0.56   3.60   3.88   0     —     —  —
   141     CS  102.569   409.6   0.83   3.86   4.14   0     —     —  —
   142     CS  102.796   388.3   1.06   4.09   4.37   0     —     —  —
   143     CS  102.998   365.0   1.26   4.29   4.57   0     —     —  —
   144     CS  103.221   343.4   1.48   4.52   4.79   0     —     —  —
   145     CS  103.504   310.9   1.76   4.80   5.08   0     —     —  —
   146     CS  103.786   278.4   2.05   5.08   5.36   0     —     —  —
   147     CS  104.073   246.3   2.33   5.37   5.65   0     —     —  —
   148     CS  104.344   214.2   2.60   5.64   5.92   0     —     —  —
   149     CS  104.621   182.8   2.88   5.92   6.19   1     —     —  CHARGE
   150     CS  105.787   298.9   3.18   6.22   7.36   0     —     —  —
   151     CS  106.042   272.5   3.44   6.47   7.62   0     —     —  —
[3/33] RlongCmediumTnone_10         labelled   49 states in 102.1 min
  ScenarioTracker saved: /mnt/beegfs/users/celinep/ChargeAndBreak/ML/logs/RshortCmediumTlarge_15_DAGGER1_S1_H24_20260821_115216_scenarios.json

  === SIMULATION TRAJECTORY ===
  stop   type    t_arr     soc     cd     sd     sw   y   brk   rst  action
  ───────────────────────────────────────────────────────────────────────────────────────────────
     0   ORIG    8.000   500.0   0.00   0.00   0.00   0     —     —  —
     1     CS    8.377   480.4   0.38   0.38   0.38   0     —     —  —
     2     CS    8.659   457.8   0.66   0.66   0.66   0     —     —  —
     3     CS    8.945   435.4   0.94   0.94   0.94   0     —     —  —
     4     CS    9.177   407.6   1.18   1.18   1.18   0     —     —  —
     5     CS    9.415   380.6   1.42   1.42   1.42   0     —     —  —
     6     CS    9.649   353.0   1.65   1.65   1.65   0     —     —  —
     7     CS    9.842   330.4   1.84   1.84   1.84   0     —     —  —
     8     CS   10.036   307.9   2.04   2.04   2.04   0     —     —  —
     9     CS   10.286   289.2   2.29   2.29   2.29   0     —     —  —
    10     CS   10.559   257.4   2.56   2.56   2.56   0     —     —  —
    11     CS   10.845   226.8   2.85   2.85   2.85   1   b45     —  CHARGE, BRK-B45
    12     CS   12.163   399.6   0.30   3.14   3.41   0     —     —  —
    13     CS   12.474   370.8   0.61   3.45   3.72   0     —     —  —
    14     CS   12.781   341.9   0.92   3.76   4.03   0     —     —  —
    15     CS   13.063   310.9   1.20   4.04   4.31   0     —     —  —
    16     CS   13.462   267.0   1.60   4.44   4.71   0     —     —  —
    17     CS   13.684   241.7   1.82   4.66   4.93   0     —     —  —
    18     CS   13.912   217.0   2.05   4.89   5.16   0     —     —  —
    19     CS   14.142   192.6   2.28   5.12   5.39   0     —     —  —
    20     CS   14.368   167.6   2.50   5.35   5.62   1   b45     —  CHARGE, BRK-B45
    21     CS   15.632   386.3   0.28   5.63   6.13   0     —     —  —
    22     CS   15.914   360.4   0.57   5.91   6.41   0     —     —  —
    23     CS   16.237   336.8   0.89   6.24   6.74   0     —     —  —
    24     CS   16.514   304.1   1.17   6.51   7.01   0     —     —  —
    25   CUST   16.800   272.3   1.45   6.80   7.30   0     —     —  —
    26     CS   17.419   258.3   1.57   6.92   7.92   0     —     —  —
    27     CS   17.819   210.9   1.97   7.32   8.32   1   b45     —  CHARGE, BRK-B45
    28     CS   19.245   433.4   0.20   7.52   8.92   0     —     —  —
    29     CS   19.465   411.6   0.42   7.74   9.14   0     —     —  —
    30   CUST   19.674   388.9   0.63   7.95   9.35   0     —    r2  REST-R2
    31     CS   29.423   360.8   0.25   0.25   0.25   0     —     —  —
    32     CS   29.703   330.2   0.53   0.53   0.53   0     —     —  —
    33     CS   29.975   298.9   0.80   0.80   0.80   0     —     —  —
    34     CS   30.225   275.0   1.05   1.05   1.05   0     —     —  —
    35     CS   30.450   249.0   1.28   1.28   1.28   0     —     —  —
    36     CS   30.674   223.0   1.50   1.50   1.50   1   b45     —  CHARGE, BRK-B45
    37     CS   31.924   382.2   0.21   1.71   2.00   0     —     —  —
    38     CS   32.170   360.1   0.46   1.96   2.25   0     —     —  —
    39   CUST   32.408   337.5   0.70   2.20   2.48   0     —     —  —
    40   CUST   33.163   307.6   0.95   2.45   3.24   0     —     —  —
    41     CS   34.110   260.9   1.40   2.90   4.19   0     —     —  —
    42     CS   34.281   244.4   1.57   3.07   4.36   0     —     —  —
    43     CS   34.560   215.5   1.85   3.35   4.64   0     —     —  —
    44     CS   34.834   186.1   2.13   3.63   4.91   0     —     —  —
    45     CS   35.116   157.4   2.41   3.91   5.19   1     —     —  CHARGE
    46     CS   35.915   227.2   2.67   4.17   5.99   0     —     —  —
    47     CS   36.221   202.1   2.98   4.48   6.30   0     —     —  —
    48     CS   36.495   174.9   3.25   4.75   6.57   1     —     —  CHARGE
    49     CS   37.276   241.1   3.49   4.99   7.35   0     —     —  —
    50     CS   37.519   214.5   3.73   5.23   7.60   0     —     —  —
[4/33] RshortCmediumTlarge_15       labelled   12 states in  13.7 min
  ScenarioTracker saved: /mnt/beegfs/users/celinep/ChargeAndBreak/ML/logs/RshortCmanyTtight_4_DAGGER1_S1_H24_20260821_120559_scenarios.json

  === SIMULATION TRAJECTORY ===
  stop   type    t_arr     soc     cd     sd     sw   y   brk   rst  action
  ───────────────────────────────────────────────────────────────────────────────────────────────
     0   ORIG    8.000   500.0   0.00   0.00   0.00   0     —     —  —
     1     CS    8.225   473.2   0.23   0.23   0.23   0     —     —  —
     2     CS    8.457   447.1   0.46   0.46   0.46   0     —     —  —
     3     CS    8.703   422.2   0.70   0.70   0.70   0     —     —  —
     4     CS    8.935   401.3   0.93   0.93   0.93   0     —     —  —
     5     CS    9.148   379.0   1.15   1.15   1.15   0     —     —  —
     6     CS    9.349   355.6   1.35   1.35   1.35   0     —     —  —
     7     CS    9.572   330.4   1.57   1.57   1.57   0     —     —  —
     8     CS    9.805   306.1   1.80   1.80   1.80   0     —     —  —
     9     CS   10.037   281.8   2.04   2.04   2.04   0     —     —  —
    10     CS   10.264   257.0   2.26   2.26   2.26   0     —     —  —
    11     CS   10.468   232.2   2.47   2.47   2.47   0     —     —  —
    12     CS   10.693   209.4   2.69   2.69   2.69   0     —     —  —
    13   CUST   10.919   186.6   2.92   2.92   2.92   0     —     —  —
    14     CS   11.638   166.5   3.14   3.14   3.64   0     —     —  —
    15     CS   11.848   145.7   3.35   3.35   3.85   0     —     —  —
    16   CUST   12.184   129.6   3.68   3.68   4.18   0     —     —  —
    17     CS   12.775   119.0   3.78   3.78   4.78   1   b45     —  CHARGE, BRK-B45
    18     CS   14.075   438.1   0.04   3.82   5.06   0     —     —  —
    19     CS   14.345   408.4   0.31   4.09   5.33   0     —     —  —
    20     CS   14.632   380.1   0.60   4.37   5.62   0     —     —  —
    21     CS   14.966   354.6   0.93   4.71   5.95   0     —     —  —
    22   CUST   15.362   307.9   1.33   5.10   6.35   0     —     —  —
    23     CS   16.130   285.5   1.60   5.37   7.11   0     —     —  —
    24     CS   16.379   259.7   1.85   5.62   7.36   0     —     —  —
    25     CS   16.674   236.8   2.14   5.92   7.66   0     —     —  —
    26     CS   16.906   209.4   2.37   6.15   7.89   0     —     —  —
    27     CS   17.113   188.1   2.58   6.35   8.10   0     —     —  —
    28     CS   17.328   167.4   2.79   6.57   8.31   0     —     —  —
    29     CS   17.524   145.1   2.99   6.77   8.51   1   b45     —  CHARGE, BRK-B45
    30     CS   18.954   395.4   0.22   6.99   9.10   0     —     —  —
    31     CS   19.175   369.1   0.44   7.21   9.32   0     —     —  —
    32     CS   19.419   344.7   0.69   7.45   9.57   0     —     —  —
    33     CS   19.721   313.2   0.99   7.76   9.87   0     —     —  —
    34   CUST   20.090   285.7   1.36   8.12  10.24   0     —    r2  REST-R2
    35     CS   29.735   271.6   0.15   0.15   0.15   0     —     —  —
    36     CS   30.051   242.9   0.46   0.46   0.46   0     —     —  —
    37     CS   30.331   211.3   0.74   0.74   0.74   0     —     —  —
    38   CUST   30.691   184.9   1.10   1.10   1.10   0     —     —  —
    39   CUST   31.278   175.1   1.19   1.19   1.69   0     —     —  —
    40     CS   32.077   149.6   1.49   1.49   2.49   0     —     —  —
    41     CS   32.178   138.7   1.59   1.59   2.59   1   b45     —  CHARGE, BRK-B45
    42     CS   33.401   359.4   0.22   1.81   3.06   0     —     —  —
    43     CS   33.619   333.6   0.44   2.03   3.28   0     —     —  —
    44   CUST   33.835   307.5   0.65   2.24   3.49   0     —     —  —
    45     CS   34.587   282.0   0.91   2.49   4.25   0     —     —  —
    46     CS   34.888   250.9   1.21   2.79   4.55   0     —     —  —
    47   CUST   35.200   220.7   1.52   3.11   4.86   0     —     —  —
    48   CUST   36.290   192.4   2.11   3.70   5.95   0     —     —  —
    49     CS   37.116   173.1   2.43   4.02   6.78   1   b45     —  CHARGE, BRK-B45
    50     CS   38.472   410.0   0.30   4.32   7.29   0     —     —  —
    51     CS   38.766   377.8   0.59   4.61   7.58   0     —     —  —
    52     CS   39.123   349.7   0.95   4.97   7.94   0     —     —  —
    53     CS   39.355   322.4   1.18   5.20   8.17   0     —     —  —
    54     CS   39.641   299.1   1.47   5.49   8.46   0     —     —  —
    55     CS   39.894   270.2   1.72   5.74   8.71   0     —     —  —
    56     CS   40.220   246.0   2.05   6.07   9.04   0     —     —  —
    57     CS   40.499   219.3   2.32   6.35   9.32   0     —     —  —
    58     CS   40.756   190.8   2.58   6.60   9.57   0     —     —  —
    59     CS   41.056   163.3   2.88   6.90   9.87   0     —     —  —
[5/33] RshortCmanyTtight_4          labelled   21 states in  26.4 min
  ScenarioTracker saved: /mnt/beegfs/users/celinep/ChargeAndBreak/ML/logs/RlongCfewTlarge_12_DAGGER1_S1_H24_20260821_123226_scenarios.json

  === SIMULATION TRAJECTORY ===
  stop   type    t_arr     soc     cd     sd     sw   y   brk   rst  action
  ───────────────────────────────────────────────────────────────────────────────────────────────
     0   ORIG    8.000   500.0   0.00   0.00   0.00   0     —     —  —
     1     CS    8.270   476.7   0.27   0.27   0.27   0     —     —  —
     2     CS    8.510   451.3   0.51   0.51   0.51   0     —     —  —
     3     CS    8.745   425.5   0.74   0.74   0.74   0     —     —  —
     4     CS    8.961   402.7   0.96   0.96   0.96   0     —     —  —
     5     CS    9.211   382.2   1.21   1.21   1.21   0     —     —  —
     6     CS    9.457   361.4   1.46   1.46   1.46   0     —     —  —
     7     CS    9.766   342.1   1.77   1.77   1.77   0     —     —  —
     8     CS   10.005   319.6   2.01   2.01   2.01   0     —     —  —
     9     CS   10.238   296.6   2.24   2.24   2.24   0     —     —  —
    10     CS   10.475   273.2   2.47   2.47   2.47   0     —     —  —
    11     CS   10.707   249.4   2.71   2.71   2.71   0     —     —  —
    12     CS   10.945   226.1   2.95   2.95   2.95   0     —     —  —
    13     CS   11.195   203.6   3.19   3.19   3.19   0     —     —  —
    14     CS   11.475   179.9   3.47   3.47   3.47   0     —     —  —
    15     CS   11.772   157.1   3.77   3.77   3.77   1   b45     —  CHARGE, BRK-B45
    16     CS   13.130   402.2   0.28   4.06   4.30   0     —     —  —
    17     CS   13.385   375.8   0.54   4.31   4.56   0     —     —  —
    18     CS   13.624   348.0   0.78   4.55   4.80   0     —     —  —
    19     CS   13.863   320.1   1.02   4.79   5.04   0     —     —  —
    20     CS   14.276   272.7   1.43   5.20   5.45   0     —     —  —
    21     CS   14.586   250.2   1.74   5.51   5.76   0     —     —  —
    22     CS   14.823   223.0   1.98   5.75   6.00   0     —     —  —
    23     CS   15.074   197.0   2.23   6.00   6.25   1   b45     —  CHARGE, BRK-B45
    24     CS   16.386   428.5   0.23   6.23   6.71   0     —     —  —
    25     CS   16.622   403.4   0.47   6.47   6.94   0     —     —  —
    26     CS   16.860   378.4   0.71   6.71   7.18   0     —     —  —
    27     CS   17.123   355.2   0.97   6.97   7.45   0     —     —  —
    28     CS   17.415   329.3   1.26   7.26   7.74   0     —     —  —
    29     CS   17.767   306.1   1.61   7.61   8.09   0     —     —  —
    30     CS   18.017   276.9   1.86   7.86   8.34   0     —     —  —
    31     CS   18.337   253.1   2.18   8.18   8.66   0     —     —  —
    32     CS   18.587   224.8   2.43   8.43   8.91   0     —     —  —
    33     CS   18.881   199.6   2.73   8.73   9.20   0     —     —  —
    34     CS   19.088   175.2   2.93   8.93   9.41   0     —     —  —
    35     CS   19.315   152.5   3.16   9.16   9.64   0     —     —  —
    36     CS   19.529   128.7   3.37   9.37   9.85   1     —    r2  CHARGE, REST-R2
    37     CS   29.896   342.3   0.27   0.27   0.27   0     —     —  —
    38     CS   30.136   314.6   0.51   0.51   0.51   0     —     —  —
    39     CS   30.378   287.0   0.75   0.75   0.75   0     —     —  —
    40     CS   30.715   249.2   1.09   1.09   1.09   0     —     —  —
    41     CS   30.957   220.5   1.33   1.33   1.33   0     —     —  —
    42     CS   31.204   192.2   1.58   1.58   1.58   0     —     —  —
    43     CS   31.634   171.6   2.01   2.01   2.01   0     —     —  —
    44     CS   31.890   144.1   2.27   2.27   2.27   1   b45     —  CHARGE, BRK-B45
    45     CS   33.258   388.9   0.28   2.55   2.82   0     —     —  —
    46     CS   33.568   363.5   0.59   2.86   3.13   0     —     —  —
    47     CS   33.830   334.5   0.85   3.12   3.39   0     —     —  —
    48     CS   34.101   310.4   1.12   3.39   3.66   0     —     —  —
    49     CS   34.340   283.7   1.36   3.63   3.90   0     —     —  —
    50     CS   34.609   254.0   1.63   3.90   4.17   0     —     —  —
    51     CS   34.935   228.0   1.96   4.22   4.50   0     —     —  —
    52     CS   35.201   197.9   2.22   4.49   4.76   1   b45     —  CHARGE, BRK-B45
    53     CS   36.446   395.7   0.25   4.74   5.26   0     —     —  —
    54     CS   36.681   371.3   0.49   4.98   5.49   0     —     —  —
    55   CUST   36.900   345.6   0.71   5.20   5.71   0     —     —  —
    56     CS   37.611   322.8   0.92   5.41   6.42   0     —     —  —
    57     CS   37.816   299.3   1.12   5.61   6.63   0     —     —  —
    58     CS   38.040   277.5   1.35   5.84   6.85   0     —     —  —
    59     CS   38.208   258.5   1.52   6.01   7.02   0     —     —  —
    60     CS   38.520   227.7   1.83   6.32   7.33   0     —     —  —
    61     CS   38.816   195.6   2.12   6.61   7.63   1   b45     —  CHARGE, BRK-B45
    62     CS   40.103   402.4   0.28   6.89   8.16   0     —     —  —
    63     CS   40.401   371.6   0.58   7.19   8.46   0     —     —  —
    64     CS   40.625   345.9   0.80   7.41   8.68   0     —     —  —
    65     CS   40.894   323.6   1.07   7.68   8.95   0     —     —  —
    66     CS   41.122   298.3   1.30   7.91   9.18   0     —     —  —
    67     CS   41.344   272.5   1.52   8.13   9.40   0     —     —  —
    68     CS   41.607   243.3   1.78   8.40   9.66   0     —     —  —
    69     CS   41.951   219.1   2.13   8.74  10.01   0     —     —  —
    70     CS   42.223   189.5   2.40   9.01  10.28   0     —     —  —
    71     CS   42.566   164.4   2.74   9.35  10.62   1   b45     —  CHARGE, BRK-B45
    72     CS   43.926   410.2   0.23   9.58  11.12   0     —    r2  REST-R2
    73     CS   53.322   383.8   0.23   0.23   0.23   0     —     —  —
    74     CS   53.548   357.1   0.45   0.45   0.45   0     —     —  —
    75     CS   53.764   331.1   0.67   0.67   0.67   0     —     —  —
    76     CS   53.980   305.0   0.89   0.89   0.89   0     —     —  —
    77     CS   54.198   279.3   1.11   1.11   1.11   0     —     —  —
    78     CS   54.475   247.8   1.38   1.38   1.38   0     —     —  —
    79     CS   54.774   218.2   1.68   1.68   1.68   0     —     —  —
    80     CS   55.085   189.5   1.99   1.99   1.99   1   b45     —  CHARGE, BRK-B45
    81     CS   56.675   411.9   0.30   2.29   2.79   0     —     —  —
    82     CS   56.944   384.5   0.57   2.56   3.06   0     —     —  —
    83     CS   57.194   355.2   0.82   2.81   3.31   0     —     —  —
    84     CS   57.447   329.4   1.07   3.06   3.57   0     —     —  —
    85     CS   57.743   306.3   1.37   3.36   3.86   0     —     —  —
    86     CS   58.131   286.0   1.75   3.75   4.25   0     —     —  —
    87     CS   58.370   264.2   1.99   3.99   4.49   0     —     —  —
    88     CS   58.580   240.0   2.20   4.20   4.70   0     —     —  —
    89     CS   58.813   217.7   2.44   4.43   4.93   0     —     —  —
    90     CS   59.062   189.3   2.69   4.68   5.18   0     —     —  —
    91     CS   59.311   160.7   2.93   4.93   5.43   0     —     —  —
    92     CS   59.568   133.0   3.19   5.18   5.69   1   b45     —  CHARGE, BRK-B45
    93     CS   60.872   382.6   0.25   5.44   6.16   0     —     —  —
    94     CS   61.139   353.7   0.52   5.70   6.43   0     —     —  —
    95     CS   61.363   330.8   0.74   5.93   6.66   0     —     —  —
    96     CS   61.585   307.7   0.97   6.15   6.88   0     —     —  —
    97   CUST   61.801   284.1   1.18   6.37   7.09   0     —     —  —
    98     CS   62.420   272.4   1.30   6.48   7.71   0     —     —  —
    99     CS   62.680   242.1   1.56   6.74   7.97   0     —     —  —
   100     CS   62.943   212.2   1.82   7.01   8.24   0     —     —  —
   101     CS   63.209   182.5   2.09   7.27   8.50   1   b45     —  CHARGE, BRK-B45
   102     CS   64.421   382.0   0.24   7.51   8.96   0     —     —  —
   103     CS   64.646   355.3   0.46   7.74   9.19   0     —     —  —
   104     CS   64.894   330.5   0.71   7.98   9.44   0     —     —  —
   105     CS   65.160   307.0   0.98   8.25   9.70   0     —     —  —
   106     CS   65.542   266.3   1.36   8.63  10.08   0     —     —  —
   107     CS   65.745   243.8   1.56   8.84  10.29   0     —    r2  REST-R2
   108     CS   75.127   222.4   0.21   0.21   0.21   0     —     —  —
   109     CS   75.341   200.8   0.43   0.43   0.43   0     —     —  —
   110     CS   75.661   172.0   0.75   0.75   0.75   0     —     —  —
   111     CS   75.941   140.1   1.03   1.03   1.03   0     —     —  —
   112     CS   76.217   107.8   1.31   1.31   1.31   1   b45     —  CHARGE, BRK-B45
   113     CS   77.740   407.5   0.28   1.58   1.80   0     —     —  —
   114     CS   78.018   376.2   0.55   1.86   2.08   0     —     —  —
   115     CS   78.264   351.8   0.80   2.11   2.32   0     —     —  —
   116     CS   78.515   327.8   1.05   2.36   2.57   0     —     —  —
   117     CS   78.810   306.3   1.35   2.65   2.87   0     —     —  —
   118     CS   79.036   280.2   1.57   2.88   3.09   0     —     —  —
   119     CS   79.271   254.3   1.81   3.11   3.33   0     —     —  —
   120     CS   79.671   235.2   2.21   3.51   3.73   0     —     —  —
   121     CS   79.896   208.4   2.43   3.74   3.95   0     —     —  —
   122     CS   80.100   184.4   2.64   3.94   4.16   0     —     —  —
   123     CS   80.303   160.4   2.84   4.14   4.36   0     —     —  —
   124     CS   80.514   137.2   3.05   4.36   4.57   1   b45     —  CHARGE, BRK-B45
   125     CS   81.941   380.6   0.25   4.60   5.20   0     —     —  —
   126     CS   82.190   352.1   0.50   4.85   5.45   0     —     —  —
   127     CS   82.443   324.0   0.75   5.11   5.70   0     —     —  —
   128     CS   82.685   296.4   0.99   5.35   5.95   0     —     —  —
   129     CS   82.936   269.6   1.24   5.60   6.20   0     —     —  —
   130     CS   83.176   242.0   1.48   5.84   6.44   0     —     —  —
   131     CS   83.493   219.1   1.80   6.16   6.75   0     —     —  —
   132     CS   83.739   192.0   2.05   6.40   7.00   1   b45     —  CHARGE, BRK-B45
   133     CS   84.998   379.7   0.23   6.63   7.51   0     —     —  —
   134     CS   85.227   353.3   0.46   6.86   7.74   0     —     —  —
   135     CS   85.477   328.7   0.71   7.11   7.99   0     —     —  —
   136     CS   85.746   305.3   0.98   7.38   8.26   0     —     —  —
   137     CS   85.961   281.6   1.19   7.59   8.47   0     —     —  —
   138     CS   86.167   257.1   1.40   7.80   8.68   0     —     —  —
   139     CS   86.384   233.6   1.61   8.02   8.90   0     —     —  —
   140     CS   86.598   209.7   1.83   8.23   9.11   0     —     —  —
   141     CS   86.809   185.7   2.04   8.44   9.32   0     —     —  —
   142     CS   87.024   162.0   2.25   8.66   9.54   1     —    r1  CHARGE, REST-R1
   143     CS   99.426   401.3   0.25   0.25   0.25   0     —     —  —
   144     CS   99.701   373.1   0.53   0.53   0.53   0     —     —  —
   145     CS   99.968   347.6   0.80   0.80   0.80   0     —     —  —
   146     CS  100.203   319.3   1.03   1.03   1.03   0     —     —  —
   147     CS  100.441   291.4   1.27   1.27   1.27   0     —     —  —
   148     CS  100.726   258.3   1.55   1.55   1.55   0     —     —  —
   149     CS  101.060   229.0   1.89   1.89   1.89   0     —     —  —
   150     CS  101.421   201.2   2.25   2.25   2.25   0     —     —  —
   151     CS  101.715   182.4   2.54   2.54   2.54   0     —     —  —
   152     CS  101.982   162.7   2.81   2.81   2.81   0     —     —  —
   153     CS  102.207   140.5   3.04   3.04   3.04   1   b45     —  CHARGE, BRK-B45
   154     CS  103.958   435.4   0.45   3.48   3.76   0     —     —  —
   155     CS  104.268   409.9   0.76   3.79   4.07   0     —     —  —
   156     CS  104.541   381.9   1.03   4.06   4.34   0     —     —  —
   157     CS  104.801   351.2   1.29   4.32   4.60   0     —     —  —
   158     CS  105.114   324.6   1.60   4.64   4.92   0     —     —  —
   159     CS  105.405   296.6   1.89   4.93   5.21   0     —     —  —
   160     CS  105.731   271.6   2.22   5.26   5.53   0     —     —  —
   161     CS  106.030   245.1   2.52   5.55   5.83   0     —    r1  REST-R1
   162     CS  117.442   221.6   0.25   0.25   0.25   0     —     —  —
   163     CS  117.697   198.7   0.50   0.50   0.50   0     —     —  —
   164     CS  118.083   180.2   0.89   0.89   0.89   1   b45     —  CHARGE, BRK-B45
   165     CS  119.480   326.4   0.30   1.18   1.53   0     —     —  —
   166     CS  119.744   294.5   0.56   1.45   1.80   0     —     —  —
   167     CS  120.014   263.2   0.83   1.72   2.07   0     —     —  —
   168     CS  120.325   234.5   1.14   2.03   2.38   0     —     —  —
   169     CS  120.607   203.5   1.43   2.31   2.66   0     —     —  —
   170     CS  120.842   179.9   1.66   2.55   2.89   0     —     —  —
   171     CS  121.059   154.8   1.88   2.76   3.11   0     —     —  —
   172     CS  121.292   131.1   2.11   3.00   3.34   0     —     —  —
   173     CS  121.505   105.6   2.32   3.21   3.56   1   b45     —  CHARGE, BRK-B45
   174     CS  122.764   320.4   0.27   3.48   4.07   0     —     —  —
   175     CS  123.152   299.3   0.66   3.87   4.46   0     —     —  —
   176     CS  123.398   271.3   0.91   4.12   4.70   0     —     —  —
   177     CS  123.702   248.8   1.21   4.42   5.01   0     —     —  —
   178     CS  124.057   228.0   1.57   4.78   5.36   0     —     —  —
   179     CS  124.262   205.7   1.77   4.98   5.56   0     —     —  —
   180     CS  124.475   184.2   1.99   5.20   5.78   0     —     —  —
[6/33] RlongCfewTlarge_12           labelled   63 states in 131.8 min
  ScenarioTracker saved: /mnt/beegfs/users/celinep/ChargeAndBreak/ML/logs/RlongCmediumTmedium_4_DAGGER1_S1_H24_20260821_144417_scenarios.json

  === SIMULATION TRAJECTORY ===
  stop   type    t_arr     soc     cd     sd     sw   y   brk   rst  action
  ───────────────────────────────────────────────────────────────────────────────────────────────
     0   ORIG    8.000   500.0   0.00   0.00   0.00   0     —     —  —
     1     CS    8.232   473.9   0.23   0.23   0.23   0     —     —  —
     2     CS    8.468   448.1   0.47   0.47   0.47   0     —     —  —
     3     CS    8.694   421.5   0.69   0.69   0.69   0     —     —  —
     4     CS    8.956   391.1   0.96   0.96   0.96   0     —     —  —
     5     CS    9.215   360.3   1.22   1.22   1.22   0     —     —  —
     6     CS    9.494   331.4   1.49   1.49   1.49   0     —     —  —
     7     CS    9.728   305.5   1.73   1.73   1.73   0     —     —  —
     8     CS    9.952   278.6   1.95   1.95   1.95   0     —     —  —
     9     CS   10.192   253.2   2.19   2.19   2.19   0     —     —  —
    10     CS   10.412   230.6   2.41   2.41   2.41   0     —     —  —
    11     CS   10.622   207.3   2.62   2.62   2.62   0     —     —  —
    12     CS   10.837   184.3   2.84   2.84   2.84   0     —     —  —
    13     CS   11.110   156.0   3.11   3.11   3.11   0     —     —  —
    14     CS   11.381   127.6   3.38   3.38   3.38   1   b45     —  CHARGE, BRK-B45
    15     CS   12.832   388.0   0.26   3.64   4.00   0     —     —  —
    16     CS   13.158   367.9   0.59   3.97   4.33   0     —     —  —
    17     CS   13.394   343.4   0.82   4.21   4.56   0     —     —  —
    18     CS   13.615   317.5   1.05   4.43   4.78   0     —     —  —
    19     CS   14.013   271.0   1.44   4.83   5.18   0     —     —  —
    20     CS   14.262   244.1   1.69   5.07   5.43   0     —     —  —
    21     CS   14.627   222.8   2.06   5.44   5.79   0     —     —  —
    22     CS   14.897   197.5   2.33   5.71   6.06   0     —     —  —
    23     CS   15.142   170.3   2.57   5.95   6.31   1   b45     —  CHARGE, BRK-B45
    24     CS   16.534   387.6   0.23   6.18   6.95   0     —     —  —
    25     CS   16.755   362.0   0.45   6.40   7.17   0     —     —  —
    26     CS   16.977   336.6   0.67   6.62   7.39   0     —     —  —
    27     CS   17.193   311.4   0.89   6.84   7.61   0     —     —  —
    28     CS   17.408   286.1   1.10   7.06   7.83   0     —     —  —
    29     CS   17.644   262.7   1.34   7.29   8.06   0     —     —  —
    30     CS   17.887   234.3   1.58   7.53   8.30   0     —     —  —
    31     CS   18.163   208.7   1.86   7.81   8.58   0     —     —  —
    32     CS   18.407   180.6   2.10   8.05   8.82   0     —     —  —
    33     CS   18.690   161.0   2.38   8.34   9.11   0     —     —  —
    34     CS   18.902   137.0   2.60   8.55   9.32   0     —     —  —
    35     CS   19.110   112.6   2.80   8.76   9.53   1   b45     —  CHARGE, BRK-B45
    36     CS   20.320   360.7   0.23   8.99   9.96   0     —     —  —
    37     CS   20.553   336.3   0.46   9.22  10.19   0     —     —  —
    38     CS   20.822   314.2   0.73   9.49  10.46   0     —     —  —
    39     CS   21.108   285.9   1.02   9.77  10.75   0     —    r2  REST-R2
    40     CS   30.540   255.7   0.27   0.27   0.27   0     —     —  —
    41     CS   30.977   233.3   0.70   0.70   0.70   0     —     —  —
    42     CS   31.404   182.3   1.13   1.13   1.13   1   b45     —  CHARGE, BRK-B45
    43     CS   32.761   380.3   0.26   1.39   1.74   0     —     —  —
    44     CS   33.005   352.1   0.50   1.63   1.98   0     —     —  —
    45     CS   33.269   325.7   0.77   1.90   2.24   0     —     —  —
    46     CS   33.531   300.4   1.03   2.16   2.51   0     —     —  —
    47     CS   33.764   272.5   1.26   2.39   2.74   0     —     —  —
    48     CS   34.046   248.5   1.54   2.67   3.02   0     —     —  —
    49   CUST   34.297   222.3   1.80   2.92   3.27   0     —     —  —
    50     CS   35.083   204.1   2.08   3.21   4.06   0     —     —  —
    51     CS   35.365   174.8   2.36   3.49   4.34   0     —     —  —
    52     CS   35.630   144.1   2.63   3.76   4.61   0     —     —  —
    53     CS   35.967   106.3   2.97   4.09   4.94   1   b45     —  CHARGE, BRK-B45
    54     CS   37.288   369.5   0.24   4.33   5.43   0     —     —  —
    55     CS   37.542   343.0   0.49   4.58   5.68   0     —     —  —
    56     CS   37.798   316.6   0.75   4.84   5.94   0     —     —  —
    57     CS   38.140   292.3   1.09   5.18   6.28   0     —     —  —
    58     CS   38.415   264.2   1.36   5.46   6.56   0     —     —  —
    59     CS   38.725   238.4   1.67   5.77   6.87   0     —     —  —
    60     CS   39.020   211.7   1.97   6.06   7.16   0     —     —  —
    61     CS   39.231   186.7   2.18   6.27   7.37   0     —     —  —
    62     CS   39.469   164.1   2.42   6.51   7.61   0     —     —  —
    63     CS   39.705   141.4   2.65   6.75   7.85   1   b45     —  CHARGE, BRK-B45
    64     CS   41.131   363.8   0.40   7.15   8.50   0     —     —  —
    65     CS   41.371   341.3   0.64   7.38   8.74   0     —     —  —
    66     CS   41.589   317.1   0.86   7.60   8.95   0     —     —  —
    67     CS   41.826   294.4   1.09   7.84   9.19   0     —     —  —
    68     CS   42.121   262.9   1.39   8.13   9.48   0     —     —  —
    69     CS   42.412   231.2   1.68   8.43   9.78   0     —     —  —
    70     CS   42.700   199.3   1.97   8.71  10.06   1     —    r2  CHARGE, REST-R2
    71     CS   52.740   377.4   0.22   0.22   0.22   0     —     —  —
    72     CS   52.957   352.3   0.44   0.44   0.44   0     —     —  —
    73     CS   53.184   328.2   0.67   0.67   0.67   0     —     —  —
    74     CS   53.434   305.6   0.92   0.92   0.92   0     —     —  —
    75     CS   53.775   282.6   1.26   1.26   1.26   0     —     —  —
    76     CS   54.018   253.6   1.50   1.50   1.50   0     —     —  —
    77     CS   54.278   226.1   1.76   1.76   1.76   0     —     —  —
    78     CS   54.544   195.9   2.03   2.03   2.03   1   b45     —  CHARGE, BRK-B45
    79     CS   55.755   393.3   0.24   2.26   2.49   0     —     —  —
    80     CS   55.992   366.5   0.47   2.50   2.73   0     —     —  —
    81     CS   56.238   340.4   0.72   2.75   2.97   0     —     —  —
    82     CS   56.482   314.3   0.96   2.99   3.22   0     —     —  —
    83     CS   56.738   285.7   1.22   3.25   3.47   0     —     —  —
    84     CS   56.983   255.9   1.47   3.49   3.72   0     —     —  —
    85     CS   57.253   228.5   1.73   3.76   3.99   0     —     —  —
    86     CS   57.663   180.8   2.15   4.17   4.40   1   b45     —  CHARGE, BRK-B45
    87     CS   58.952   371.1   0.23   4.40   4.94   0     —     —  —
    88     CS   59.196   344.5   0.48   4.65   5.18   0     —     —  —
    89     CS   59.441   318.1   0.72   4.89   5.42   0     —     —  —
    90     CS   59.655   293.5   0.94   5.11   5.64   0     —     —  —
    91     CS   59.922   272.6   1.20   5.38   5.91   0     —     —  —
    92   CUST   60.137   248.0   1.42   5.59   6.12   0     —     —  —
    93   CUST   60.783   231.8   1.56   5.74   6.77   0     —     —  —
    94     CS   61.658   207.0   1.94   6.11   7.64   0     —     —  —
    95     CS   61.944   177.6   2.22   6.40   7.93   0     —     —  —
    96   CUST   62.318   134.9   2.60   6.77   8.30   0     —     —  —
    97     CS   62.825   134.3   2.61   6.78   8.81   1   b45     —  CHARGE, BRK-B45
    98     CS   64.613   380.5   0.50   7.28   9.77   0     —     —  —
    99     CS   64.891   348.4   0.78   7.55  10.05   0     —     —  —
   100     CS   65.174   316.8   1.06   7.84  10.33   0     —     —  —
   101     CS   65.473   286.5   1.36   8.14  10.63   0     —     —  —
   102     CS   65.758   254.5   1.64   8.42  10.91   0     —    r2  REST-R2
   103     CS   75.210   222.7   0.29   0.29   0.29   0     —     —  —
   104     CS   75.480   195.3   0.56   0.56   0.56   0     —     —  —
   105     CS   75.731   166.1   0.81   0.81   0.81   0     —     —  —
   106     CS   76.065   142.3   1.14   1.14   1.14   0     —     —  —
   107     CS   76.325   114.0   1.40   1.40   1.40   1   b45     —  CHARGE, BRK-B45
   108     CS   77.998   429.0   0.23   1.63   1.98   0     —     —  —
   109     CS   78.227   403.5   0.46   1.86   2.21   0     —     —  —
   110     CS   78.466   378.7   0.70   2.10   2.45   0     —     —  —
   111     CS   78.709   357.1   0.94   2.34   2.69   0     —     —  —
   112     CS   78.942   334.9   1.17   2.57   2.93   0     —     —  —
   113     CS   79.249   316.0   1.48   2.88   3.23   0     —     —  —
   114     CS   79.524   291.1   1.76   3.16   3.51   0     —     —  —
   115     CS   79.777   264.5   2.01   3.41   3.76   0     —     —  —
   116     CS   80.023   237.3   2.25   3.66   4.01   0     —     —  —
   117     CS   80.296   206.7   2.53   3.93   4.28   0     —     —  —
   118     CS   80.562   175.4   2.79   4.19   4.55   0     —     —  —
   119     CS   80.766   153.9   3.00   4.40   4.75   0     —     —  —
   120     CS   80.994   133.9   3.23   4.63   4.98   0     —     —  —
   121     CS   81.211   113.4   3.44   4.84   5.20   1   b45     —  CHARGE, BRK-B45
   122     CS   82.874   432.3   0.30   5.14   5.74   0     —     —  —
   123     CS   83.304   408.8   0.73   5.57   6.17   0     —     —  —
   124     CS   83.569   377.0   0.99   5.84   6.43   0     —     —  —
   125     CS   83.821   348.8   1.25   6.09   6.68   0     —     —  —
   126     CS   84.092   322.2   1.52   6.36   6.95   0     —     —  —
   127     CS   84.351   294.6   1.78   6.62   7.21   0     —     —  —
   128     CS   84.584   269.3   2.01   6.85   7.44   0     —     —  —
   129     CS   84.816   244.1   2.24   7.09   7.68   0     —     —  —
   130   CUST   85.051   219.0   2.48   7.32   7.91   0     —     —  —
   131     CS   85.786   199.3   2.71   7.56   8.65   0     —     —  —
   132     CS   85.984   176.7   2.91   7.75   8.85   0     —     —  —
   133     CS   86.198   155.6   3.12   7.97   9.06   0     —     —  —
   134     CS   86.402   135.1   3.33   8.17   9.26   1   b45     —  CHARGE, BRK-B45
   135     CS   87.830   363.4   0.41   8.58   9.88   0     —     —  —
   136     CS   88.047   339.2   0.63   8.80  10.10   0     —     —  —
   137     CS   88.287   316.7   0.87   9.04  10.34   0     —     —  —
   138     CS   88.540   295.0   1.12   9.29  10.59   0     —     —  —
   139     CS   88.819   266.8   1.40   9.57  10.87   0     —     —  —
   140     CS   89.088   237.8   1.67   9.84  11.14   0     —    r1  REST-R1
   141     CS  100.516   208.0   0.26   0.26   0.26   0     —     —  —
   142     CS  100.882   190.5   0.63   0.63   0.63   0     —     —  —
   143     CS  101.087   165.8   0.83   0.83   0.83   0     —     —  —
   144     CS  101.297   141.6   1.04   1.04   1.04   1   b45     —  CHARGE, BRK-B45
   145     CS  102.638   381.2   0.30   1.34   1.59   0     —     —  —
   146     CS  102.930   351.1   0.59   1.63   1.88   0     —     —  —
   147     CS  103.227   321.4   0.89   1.93   2.18   0     —     —  —
   148     CS  103.502   289.7   1.16   2.20   2.45   0     —     —  —
   149     CS  103.971   266.5   1.63   2.67   2.92   0     —     —  —
   150     CS  104.310   238.8   1.97   3.01   3.26   0     —     —  —
   151     CS  104.645   210.9   2.30   3.35   3.60   0     —     —  —
   152     CS  104.926   179.0   2.58   3.63   3.88   1   b45     —  CHARGE, BRK-B45
   153     CS  106.174   391.4   0.24   3.87   4.38   0     —     —  —
   154     CS  106.428   364.2   0.49   4.12   4.63   0     —     —  —
   155     CS  106.679   336.6   0.74   4.37   4.88   0     —     —  —
   156     CS  106.983   311.4   1.05   4.67   5.18   0     —     —  —
   157     CS  107.241   283.0   1.31   4.93   5.44   0     —     —  —
   158     CS  107.509   255.4   1.57   5.20   5.71   0     —     —  —
   159     CS  107.786   222.8   1.85   5.48   5.99   0     —     —  —
   160     CS  108.075   191.2   2.14   5.77   6.28   0     —     —  —
   161     CS  108.344   164.4   2.41   6.04   6.55   0     —     —  —
   162     CS  108.594   136.0   2.66   6.29   6.80   0     —     —  —
   163     CS  108.935   113.1   3.00   6.63   7.14   1   b45     —  CHARGE, BRK-B45
   164     CS  110.411   395.0   0.27   6.90   7.66   0     —     —  —
   165     CS  110.715   365.8   0.57   7.20   7.96   0     —     —  —
   166     CS  110.936   339.5   0.79   7.42   8.18   0     —     —  —
   167     CS  111.166   314.1   1.03   7.65   8.41   0     —     —  —
   168     CS  111.415   290.1   1.27   7.90   8.66   0     —    r1  REST-R1
   169     CS  122.849   260.9   0.27   0.27   0.27   0     —     —  —
   170     CS  123.114   231.5   0.53   0.53   0.53   0     —     —  —
   171     CS  123.376   201.9   0.79   0.79   0.79   0     —     —  —
   172     CS  123.622   182.4   1.04   1.04   1.04   0     —     —  —
   173     CS  123.828   160.2   1.25   1.25   1.25   0     —     —  —
   174     CS  124.081   141.0   1.50   1.50   1.50   1     —     —  CHARGE
   175     CS  125.048   263.5   1.78   1.78   2.47   0     —     —  —
   176     CS  125.319   231.4   2.05   2.05   2.74   0     —     —  —
   177     CS  125.603   200.6   2.33   2.33   3.02   0     —     —  —
   178     CS  125.857   173.1   2.59   2.59   3.28   0     —     —  —
[7/33] RlongCmediumTmedium_4        labelled   61 states in 100.5 min
  ScenarioTracker saved: /mnt/beegfs/users/celinep/ChargeAndBreak/ML/logs/RlongCmediumTlarge_8_DAGGER1_S1_H24_20260821_162449_scenarios.json

  === SIMULATION TRAJECTORY ===
  stop   type    t_arr     soc     cd     sd     sw   y   brk   rst  action
  ───────────────────────────────────────────────────────────────────────────────────────────────
     0   ORIG    8.000   500.0   0.00   0.00   0.00   0     —     —  —
     1     CS    8.231   473.8   0.23   0.23   0.23   0     —     —  —
     2     CS    8.473   448.6   0.47   0.47   0.47   0     —     —  —
     3     CS    8.697   421.7   0.70   0.70   0.70   0     —     —  —
     4     CS    8.974   391.1   0.97   0.97   0.97   0     —     —  —
     5     CS    9.245   359.9   1.24   1.24   1.24   0     —     —  —
     6     CS    9.529   329.8   1.53   1.53   1.53   0     —     —  —
     7     CS    9.775   301.4   1.77   1.77   1.77   0     —     —  —
     8     CS   10.038   274.6   2.04   2.04   2.04   0     —     —  —
     9     CS   10.276   247.2   2.28   2.28   2.28   0     —     —  —
    10     CS   10.511   219.6   2.51   2.51   2.51   0     —     —  —
    11     CS   10.773   194.3   2.77   2.77   2.77   0     —     —  —
    12     CS   11.013   167.2   3.01   3.01   3.01   1   b45     —  CHARGE, BRK-B45
    13     CS   12.466   431.7   0.25   3.26   3.53   0     —     —  —
    14     CS   12.714   408.4   0.50   3.51   3.77   0     —     —  —
    15     CS   12.935   382.8   0.72   3.73   4.00   0     —     —  —
    16     CS   13.166   360.4   0.95   3.96   4.23   0     —     —  —
    17     CS   13.394   337.7   1.18   4.19   4.45   0     —     —  —
    18     CS   13.604   313.6   1.39   4.40   4.66   0     —     —  —
    19     CS   13.819   288.3   1.60   4.62   4.88   0     —     —  —
    20     CS   14.093   267.1   1.88   4.89   5.15   0     —     —  —
    21     CS   14.313   242.3   2.10   5.11   5.37   0     —     —  —
    22     CS   14.524   221.3   2.31   5.32   5.58   0     —     —  —
    23     CS   14.716   198.6   2.50   5.51   5.78   0     —     —  —
    24     CS   14.920   177.0   2.70   5.72   5.98   0     —     —  —
    25     CS   15.133   152.3   2.92   5.93   6.19   0     —     —  —
    26     CS   15.343   127.3   3.13   6.14   6.40   0     —     —  —
    27     CS   15.583   104.8   3.37   6.38   6.64   1   b45     —  CHARGE, BRK-B45
    28     CS   16.977   383.6   0.24   6.62   7.14   0     —     —  —
    29     CS   17.238   357.6   0.50   6.88   7.40   0     —     —  —
    30     CS   17.483   330.3   0.75   7.13   7.64   0     —     —  —
    31     CS   17.762   304.9   1.03   7.41   7.92   0     —     —  —
    32     CS   18.022   278.2   1.29   7.67   8.18   0     —     —  —
    33     CS   18.278   251.1   1.54   7.92   8.44   0     —     —  —
    34     CS   18.554   224.2   1.82   8.20   8.72   0     —     —  —
    35     CS   18.836   197.6   2.10   8.48   9.00   1   b45     —  CHARGE, BRK-B45
    36     CS   20.279   411.5   0.22   8.70   9.68   0     —     —  —
    37     CS   20.536   388.8   0.48   8.96   9.94   0     —     —  —
    38     CS   20.756   363.2   0.70   9.18  10.16   0     —     —  —
    39     CS   21.014   335.5   0.96   9.44  10.41   0     —    r2  REST-R2
    40     CS   30.434   307.4   0.25   0.25   0.25   0     —     —  —
    41     CS   30.682   278.8   0.50   0.50   0.50   0     —     —  —
    42     CS   30.975   254.9   0.79   0.79   0.79   0     —     —  —
    43     CS   31.210   226.6   1.03   1.03   1.03   0     —     —  —
    44     CS   31.452   199.1   1.27   1.27   1.27   0     —     —  —
    45     CS   31.693   171.5   1.51   1.51   1.51   1   b45     —  CHARGE, BRK-B45
    46   CUST   33.205   384.1   0.48   1.99   2.21   0     —     —  —
    47     CS   33.908   360.5   0.68   2.19   2.91   0     —     —  —
    48     CS   34.120   337.6   0.89   2.40   3.12   0     —     —  —
    49     CS   34.339   315.4   1.11   2.62   3.34   0     —     —  —
    50     CS   34.668   275.6   1.44   2.95   3.67   0     —     —  —
    51     CS   34.929   250.4   1.70   3.21   3.93   0     —     —  —
    52     CS   35.169   223.4   1.94   3.45   4.17   0     —     —  —
    53   CUST   35.407   196.3   2.18   3.69   4.41   0     —     —  —
    54     CS   36.029   182.6   2.30   3.81   5.03   0     —     —  —
    55     CS   36.291   157.3   2.56   4.08   5.29   0     —     —  —
    56     CS   36.536   130.6   2.81   4.32   5.54   1   b45     —  CHARGE, BRK-B45
    57     CS   37.961   413.9   0.19   4.51   6.01   0     —     —  —
    58     CS   38.183   393.6   0.42   4.74   6.23   0     —     —  —
    59     CS   38.381   371.5   0.61   4.93   6.43   0     —     —  —
    60     CS   38.587   348.6   0.82   5.14   6.64   0     —     —  —
    61     CS   38.798   326.0   1.03   5.35   6.85   0     —     —  —
    62     CS   39.002   303.0   1.24   5.56   7.05   0     —     —  —
    63     CS   39.247   273.8   1.48   5.80   7.30   0     —     —  —
    64     CS   39.493   244.8   1.73   6.05   7.54   0     —     —  —
    65     CS   39.750   216.9   1.98   6.30   7.80   0     —     —  —
    66     CS   39.994   187.7   2.23   6.55   8.05   0     —     —  —
    67     CS   40.220   161.0   2.45   6.77   8.27   0     —     —  —
    68     CS   40.480   137.1   2.71   7.03   8.53   0     —     —  —
    69     CS   40.741   113.3   2.97   7.29   8.79   1   b45     —  CHARGE, BRK-B45
    70     CS   42.251   363.7   0.45   7.74   9.48   0     —     —  —
    71     CS   42.545   332.3   0.74   8.04   9.78   0     —     —  —
    72     CS   42.831   300.0   1.03   8.32  10.06   0     —     —  —
    73     CS   43.278   275.5   1.47   8.77  10.51   0     —     —  —
    74     CS   43.478   252.0   1.67   8.97  10.71   0     —     —  —
    75     CS   43.717   231.5   1.91   9.21  10.95   0     —     —  —
    76     CS   43.940   209.9   2.14   9.43  11.17   1     —    r2  CHARGE, REST-R2
    77     CS   53.906   359.2   0.23   0.23   0.23   0     —     —  —
    78     CS   54.154   335.9   0.48   0.48   0.48   0     —     —  —
    79     CS   54.373   310.1   0.70   0.70   0.70   0     —     —  —
    80     CS   54.658   279.4   0.98   0.98   0.98   0     —     —  —
    81     CS   54.927   247.3   1.25   1.25   1.25   0     —     —  —
    82     CS   55.208   216.2   1.53   1.53   1.53   0     —     —  —
    83     CS   55.475   186.2   1.80   1.80   1.80   0     —     —  —
    84   CUST   55.736   155.7   2.06   2.06   2.06   0     —     —  —
    85     CS   56.672   113.6   2.50   2.50   3.00   1   b45     —  CHARGE, BRK-B45
    86     CS   58.189   401.0   0.31   2.81   3.55   0     —     —  —
    87     CS   58.461   369.7   0.59   3.08   3.82   0     —     —  —
    88     CS   58.751   339.4   0.88   3.37   4.11   0     —     —  —
    89     CS   59.045   309.4   1.17   3.67   4.40   0     —     —  —
    90     CS   59.372   286.2   1.50   3.99   4.73   0     —     —  —
    91     CS   59.664   261.3   1.79   4.28   5.02   0     —     —  —
    92     CS   59.913   232.8   2.04   4.53   5.27   0     —     —  —
    93     CS   60.160   204.1   2.28   4.78   5.52   0     —     —  —
    94     CS   60.406   175.3   2.53   5.03   5.77   1   b45     —  CHARGE, BRK-B45
    95     CS   61.682   378.9   0.23   5.26   6.29   0     —     —  —
    96     CS   61.915   352.9   0.46   5.49   6.52   0     —     —  —
    97     CS   62.161   328.0   0.71   5.74   6.77   0     —     —  —
    98     CS   62.410   299.4   0.96   5.99   7.02   0     —     —  —
    99     CS   62.666   271.3   1.22   6.24   7.28   0     —     —  —
   100     CS   62.913   242.4   1.46   6.49   7.52   0     —     —  —
   101     CS   63.162   213.8   1.71   6.74   7.77   0     —     —  —
   102     CS   63.353   191.0   1.90   6.93   7.96   0     —     —  —
   103     CS   63.572   170.5   2.12   7.15   8.18   0     —     —  —
   104     CS   63.769   148.3   2.32   7.34   8.38   1   b45     —  CHARGE, BRK-B45
   105     CS   65.328   304.9   0.47   7.81   9.19   0     —     —  —
   106     CS   65.571   282.0   0.71   8.06   9.43   0     —     —  —
   107     CS   65.868   261.7   1.01   8.35   9.73   0     —     —  —
   108     CS   66.106   238.4   1.25   8.59   9.97   1     —    r1  CHARGE, REST-R1
   109     CS   78.584   343.3   0.31   0.31   0.31   0     —     —  —
   110     CS   78.935   316.2   0.66   0.66   0.66   0     —     —  —
   111   CUST   79.215   284.2   0.94   0.94   0.94   0     —     —  —
   112   CUST   79.835   270.3   1.06   1.06   1.56   0     —     —  —
   113     CS   80.776   225.4   1.51   1.51   2.51   0     —     —  —
   114   CUST   80.862   215.5   1.59   1.59   2.59   0     —     —  —
   115     CS   81.583   190.4   1.81   1.81   3.31   0     —     —  —
   116     CS   81.803   165.1   2.03   2.03   3.53   0     —     —  —
   117     CS   82.057   142.5   2.29   2.29   3.79   0     —     —  —
   118     CS   82.170   130.4   2.40   2.40   3.90   1   b45     —  CHARGE, BRK-B45
   119     CS   83.645   402.1   0.24   2.64   4.47   0     —     —  —
   120     CS   83.999   382.1   0.60   2.99   4.82   0     —     —  —
   121     CS   84.260   358.2   0.86   3.26   5.08   0     —     —  —
   122     CS   84.541   333.6   1.14   3.54   5.36   0     —     —  —
   123     CS   84.837   309.9   1.43   3.83   5.66   0     —     —  —
   124     CS   85.093   284.3   1.69   4.09   5.91   0     —     —  —
   125     CS   85.327   256.8   1.92   4.32   6.15   0     —     —  —
   126     CS   85.569   230.0   2.17   4.56   6.39   0     —     —  —
   127     CS   85.822   201.1   2.42   4.82   6.64   0     —     —  —
   128     CS   86.087   173.3   2.68   5.08   6.91   0     —     —  —
   129     CS   86.342   144.5   2.94   5.34   7.16   1   b45     —  CHARGE, BRK-B45
   130     CS   87.791   394.3   0.32   5.65   7.79   0     —     —  —
   131     CS   88.035   365.0   0.56   5.90   8.03   0     —     —  —
   132     CS   88.287   336.6   0.81   6.15   8.29   0     —     —  —
   133     CS   88.565   310.4   1.09   6.43   8.57   0     —     —  —
   134     CS   88.847   283.8   1.37   6.71   8.85   0     —     —  —
   135     CS   89.108   255.7   1.63   6.97   9.11   0     —     —  —
   136     CS   89.364   230.4   1.89   7.23   9.36   0     —     —  —
   137     CS   89.605   203.9   2.13   7.47   9.60   1     —    r2  CHARGE, REST-R2
   138     CS   99.726   378.5   0.24   0.24   0.24   0     —     —  —
   139     CS  100.028   355.0   0.54   0.54   0.54   0     —     —  —
   140     CS  100.330   331.5   0.84   0.84   0.84   0     —     —  —
   141     CS  100.568   303.6   1.08   1.08   1.08   0     —     —  —
   142     CS  100.843   277.3   1.36   1.36   1.36   0     —     —  —
   143     CS  101.105   250.0   1.62   1.62   1.62   0     —     —  —
   144     CS  101.394   224.5   1.91   1.91   1.91   0     —     —  —
   145     CS  101.658   195.5   2.17   2.17   2.17   0     —     —  —
   146     CS  101.977   170.1   2.49   2.49   2.49   1   b45     —  CHARGE, BRK-B45
   147     CS  103.654   460.0   0.27   2.76   3.06   0     —     —  —
   148     CS  103.939   430.8   0.56   3.05   3.34   0     —     —  —
   149     CS  104.203   399.7   0.82   3.31   3.61   0     —     —  —
   150     CS  104.502   367.8   1.12   3.61   3.91   0     —     —  —
   151     CS  104.816   337.2   1.43   3.92   4.22   0     —     —  —
   152     CS  105.097   306.9   1.72   4.20   4.50   0     —     —  —
   153     CS  105.415   279.3   2.03   4.52   4.82   0     —     —  —
   154     CS  105.708   250.0   2.33   4.82   5.11   0     —     —  —
   155     CS  105.904   227.7   2.52   5.01   5.31   0     —     —  —
   156     CS  106.096   204.9   2.71   5.20   5.50   0     —     —  —
   157     CS  106.292   182.7   2.91   5.40   5.70   0     —     —  —
   158     CS  106.499   159.0   3.12   5.61   5.90   0     —     —  —
   159     CS  106.718   136.4   3.34   5.82   6.12   0     —     —  —
[8/33] RlongCmediumTlarge_8         labelled   61 states in 125.5 min
  ScenarioTracker saved: /mnt/beegfs/users/celinep/ChargeAndBreak/ML/logs/RshortCmanyTlarge_11_DAGGER1_S1_H24_20260821_183020_scenarios.json

  === SIMULATION TRAJECTORY ===
  stop   type    t_arr     soc     cd     sd     sw   y   brk   rst  action
  ───────────────────────────────────────────────────────────────────────────────────────────────
     0   ORIG    8.000   500.0   0.00   0.00   0.00   0     —     —  —
     1     CS    8.234   474.1   0.23   0.23   0.23   0     —     —  —
     2     CS    8.485   449.5   0.48   0.48   0.48   0     —     —  —
     3     CS    8.730   424.6   0.73   0.73   0.73   0     —     —  —
     4     CS    8.964   397.1   0.96   0.96   0.96   0     —     —  —
     5     CS    9.230   372.2   1.23   1.23   1.23   0     —     —  —
     6     CS    9.468   345.1   1.47   1.47   1.47   0     —     —  —
     7     CS    9.698   318.0   1.70   1.70   1.70   0     —     —  —
     8     CS    9.943   292.3   1.94   1.94   1.94   0     —     —  —
     9     CS   10.179   265.8   2.18   2.18   2.18   0     —     —  —
    10     CS   10.652   216.7   2.65   2.65   2.65   1   b45     —  CHARGE, BRK-B45
    11     CS   12.082   435.4   0.27   2.92   3.23   0     —     —  —
    12     CS   12.417   409.0   0.61   3.26   3.56   0     —     —  —
    13     CS   12.707   379.8   0.90   3.55   3.85   0     —     —  —
    14   CUST   13.013   351.8   1.20   3.85   4.16   0     —     —  —
    15     CS   13.643   336.5   1.33   3.99   4.79   0     —     —  —
    16   CUST   14.047   296.3   1.74   4.39   5.19   0     —     —  —
    17     CS   15.003   244.5   2.19   4.84   6.15   0     —     —  —
    18     CS   15.147   232.5   2.34   4.99   6.29   0     —     —  —
    19     CS   15.393   202.9   2.58   5.23   6.54   0     —     —  —
    20     CS   15.641   173.5   2.83   5.48   6.79   0     —     —  —
    21     CS   15.894   144.5   3.08   5.74   7.04   1   b45     —  CHARGE, BRK-B45
    22     CS   17.414   419.5   0.32   6.06   7.58   0     —     —  —
    23     CS   17.707   387.2   0.61   6.35   7.87   0     —     —  —
    24   CUST   17.999   354.7   0.90   6.64   8.17   0     —     —  —
    25     CS   18.670   336.1   1.08   6.81   8.84   0     —     —  —
    26   CUST   18.992   298.0   1.40   7.13   9.16   0     —     —  —
    27     CS   19.728   270.6   1.63   7.37   9.90   0     —     —  —
    28     CS   19.964   243.0   1.87   7.60  10.13   0     —     —  —
    29   CUST   20.193   220.1   2.10   7.83  10.36   0     —    r2  REST-R2
    30   CUST   29.711   218.2   0.02   0.02   0.02   0     —     —  —
    31     CS   30.302   207.5   0.11   0.11   0.61   0     —     —  —
    32     CS   30.570   178.1   0.38   0.38   0.88   0     —     —  —
    33     CS   30.849   149.5   0.66   0.66   1.16   0     —     —  —
    34     CS   31.115   119.8   0.92   0.92   1.42   1   b45     —  CHARGE, BRK-B45
    35     CS   32.494   354.9   0.27   1.19   2.04   0     —     —  —
    36   CUST   32.815   327.8   0.59   1.51   2.36   0     —     —  —
    37   CUST   33.416   316.9   0.69   1.61   2.96   0     —     —  —
    38     CS   34.053   305.4   0.83   1.75   3.60   0     —     —  —
    39     CS   34.323   278.5   1.10   2.02   3.87   0     —     —  —
    40   CUST   34.595   251.8   1.37   2.29   4.14   0     —     —  —
    41   CUST   35.248   233.8   1.52   2.45   4.80   0     —     —  —
    42     CS   35.825   226.5   1.60   2.52   5.37   0     —     —  —
    43     CS   36.067   197.8   1.84   2.76   5.61   0     —     —  —
    44     CS   36.384   169.4   2.16   3.08   5.93   0     —     —  —
    45     CS   36.654   137.3   2.43   3.35   6.20   0     —     —  —
    46     CS   36.962   108.4   2.74   3.66   6.51   1   b45     —  CHARGE, BRK-B45
    47     CS   38.317   245.8   0.29   3.94   7.11   0     —     —  —
    48     CS   38.603   215.1   0.57   4.23   7.40   0     —     —  —
    49     CS   38.951   188.5   0.92   4.58   7.75   0     —     —  —
[9/33] RshortCmanyTlarge_11         labelled   16 states in  11.8 min
  ScenarioTracker saved: /mnt/beegfs/users/celinep/ChargeAndBreak/ML/logs/RmediumCmediumTlarge_16_DAGGER1_S1_H24_20260821_184210_scenarios.json

  === SIMULATION TRAJECTORY ===
  stop   type    t_arr     soc     cd     sd     sw   y   brk   rst  action
  ───────────────────────────────────────────────────────────────────────────────────────────────
     0   ORIG    8.000   500.0   0.00   0.00   0.00   0     —     —  —
     1     CS    8.243   474.9   0.24   0.24   0.24   0     —     —  —
     2     CS    8.529   452.5   0.53   0.53   0.53   0     —     —  —
     3     CS    8.777   427.7   0.78   0.78   0.78   0     —     —  —
     4     CS    9.070   408.4   1.07   1.07   1.07   0     —     —  —
     5     CS    9.283   384.5   1.28   1.28   1.28   0     —     —  —
     6     CS    9.512   362.0   1.51   1.51   1.51   0     —     —  —
     7     CS    9.764   343.3   1.76   1.76   1.76   0     —     —  —
     8     CS    9.979   322.6   1.98   1.98   1.98   0     —     —  —
     9     CS   10.180   300.8   2.18   2.18   2.18   0     —     —  —
    10     CS   10.412   274.7   2.41   2.41   2.41   0     —     —  —
    11     CS   10.646   248.8   2.65   2.65   2.65   0     —     —  —
    12     CS   10.880   222.9   2.88   2.88   2.88   0     —     —  —
    13     CS   11.135   198.6   3.13   3.13   3.13   1   b45     —  CHARGE, BRK-B45
    14     CS   12.416   421.3   0.21   3.35   3.63   0     —     —  —
    15     CS   12.676   403.0   0.47   3.61   3.89   0     —     —  —
    16     CS   12.885   381.9   0.68   3.82   4.10   0     —     —  —
    17     CS   13.100   360.4   0.90   4.03   4.31   0     —     —  —
    18     CS   13.302   337.8   1.10   4.23   4.52   0     —     —  —
    19     CS   13.510   315.9   1.31   4.44   4.72   0     —     —  —
    20     CS   13.752   287.5   1.55   4.68   4.97   0     —     —  —
    21     CS   13.998   259.5   1.79   4.93   5.21   0     —     —  —
    22     CS   14.254   232.5   2.05   5.19   5.47   0     —     —  —
    23     CS   14.550   200.4   2.35   5.48   5.76   0     —     —  —
    24     CS   14.925   173.2   2.72   5.86   6.14   1   b45     —  CHARGE, BRK-B45
    25     CS   16.417   440.7   0.23   6.09   6.65   0     —     —  —
    26     CS   16.648   413.9   0.46   6.32   6.88   0     —     —  —
    27     CS   16.879   387.1   0.69   6.55   7.11   0     —     —  —
    28     CS   17.121   361.3   0.94   6.79   7.35   0     —     —  —
    29     CS   17.401   328.5   1.22   7.07   7.63   0     —     —  —
    30     CS   17.684   296.0   1.50   7.35   7.91   0     —     —  —
    31     CS   17.962   263.1   1.78   7.63   8.19   0     —     —  —
    32     CS   18.279   228.2   2.09   7.95   8.51   1   b45     —  CHARGE, BRK-B45
    33     CS   19.603   402.2   0.28   8.23   9.08   0     —     —  —
    34     CS   19.861   373.8   0.54   8.49   9.34   0     —     —  —
    35   CUST   20.128   346.1   0.81   8.76   9.61   0     —     —  —
    36     CS   20.893   316.5   1.07   9.02  10.37   0     —     —  —
    37   CUST   21.157   286.9   1.33   9.28  10.64   0     —     —  —
    38     CS   21.742   278.1   1.42   9.37  11.22   0     —    r2  REST-R2
    39     CS   31.212   253.7   0.30   0.30   0.30   0     —     —  —
    40     CS   31.460   226.8   0.55   0.55   0.55   0     —     —  —
    41     CS   31.762   203.3   0.85   0.85   0.85   1   b45     —  CHARGE, BRK-B45
    42     CS   33.139   396.3   0.27   1.12   1.48   0     —     —  —
    43     CS   33.408   370.4   0.54   1.39   1.75   0     —     —  —
    44     CS   33.698   345.9   0.83   1.68   2.04   0     —     —  —
    45     CS   33.943   318.0   1.07   1.92   2.28   0     —     —  —
    46     CS   34.360   271.0   1.49   2.34   2.70   0     —     —  —
    47     CS   34.644   247.8   1.77   2.63   2.98   0     —     —  —
    48     CS   34.882   221.5   2.01   2.86   3.22   0     —     —  —
    49     CS   35.127   195.9   2.26   3.11   3.47   0     —     —  —
    50     CS   35.492   172.1   2.62   3.47   3.83   0     —     —  —
    51     CS   35.751   142.2   2.88   3.73   4.09   0     —     —  —
    52     CS   36.043   114.9   3.17   4.02   4.38   1   b45     —  CHARGE, BRK-B45
    53     CS   37.540   405.6   0.24   4.26   4.91   0     —     —  —
    54     CS   37.771   379.4   0.47   4.49   5.14   0     —     —  —
    55     CS   37.997   352.7   0.69   4.72   5.37   0     —     —  —
    56     CS   38.237   327.4   0.94   4.96   5.61   0     —     —  —
    57     CS   38.574   287.2   1.27   5.30   5.94   1   b45     —  CHARGE, BRK-B45
    58     CS   39.894   437.5   0.30   5.59   6.51   0     —     —  —
    59     CS   40.153   406.8   0.55   5.85   6.77   0     —     —  —
    60     CS   40.463   379.9   0.86   6.16   7.08   0     —     —  —
    61   CUST   40.742   351.0   1.14   6.44   7.36   0     —     —  —
    62     CS   41.455   328.3   1.36   6.65   8.08   0     —     —  —
    63     CS   41.659   304.8   1.56   6.86   8.28   0     —     —  —
    64     CS   41.883   282.9   1.78   7.08   8.50   0     —     —  —
    65     CS   41.900   281.0   1.80   7.10   8.52   0     —     —  —
    66     CS   42.279   237.5   2.18   7.48   8.90   0     —     —  —
    67     CS   42.566   209.7   2.47   7.76   9.19   0     —     —  —
    68     CS   42.855   182.1   2.76   8.05   9.48   0     —     —  —
    69     CS   43.143   154.4   3.04   8.34   9.76   0     —     —  —
    70     CS   43.410   125.0   3.31   8.61  10.03   1   b45     —  CHARGE, BRK-B45
    71     CS   44.763   380.6   0.29   8.90  10.52   0     —     —  —
    72     CS   45.037   356.1   0.57   9.17  10.79   0     —    r2  REST-R2
    73     CS   54.445   329.1   0.24   0.24   0.24   0     —     —  —
    74     CS   54.685   302.0   0.48   0.48   0.48   0     —     —  —
    75     CS   54.933   275.5   0.73   0.73   0.73   0     —     —  —
    76     CS   55.169   250.6   0.97   0.97   0.97   0     —     —  —
    77     CS   55.398   225.0   1.19   1.19   1.19   0     —     —  —
    78     CS   55.635   200.1   1.43   1.43   1.43   0     —     —  —
    79     CS   56.122   176.8   1.92   1.92   1.92   0     —     —  —
    80     CS   56.436   147.6   2.23   2.23   2.23   0     —     —  —
    81     CS   56.729   116.8   2.53   2.53   2.53   1   b45     —  CHARGE, BRK-B45
    82     CS   58.258   383.8   0.40   2.92   3.15   0     —     —  —
    83     CS   58.490   362.2   0.63   3.16   3.38   0     —     —  —
    84     CS   58.698   338.7   0.84   3.36   3.59   0     —     —  —
    85   CUST   58.916   316.0   1.06   3.58   3.81   0     —     —  —
    86     CS   59.586   299.5   1.23   3.75   4.48   0     —     —  —
    87     CS   59.816   272.0   1.46   3.98   4.71   0     —     —  —
    88     CS   60.109   249.0   1.75   4.28   5.00   0     —     —  —
    89     CS   60.477   228.5   2.12   4.64   5.37   0     —     —  —
    90     CS   60.717   206.1   2.36   4.88   5.61   0     —     —  —
    91     CS   60.935   181.9   2.58   5.10   5.83   0     —     —  —
    92     CS   61.167   158.8   2.81   5.33   6.06   1   b45     —  CHARGE, BRK-B45
    93     CS   62.578   378.3   0.27   5.60   6.72   0     —     —  —
    94     CS   62.846   348.4   0.54   5.87   6.99   0     —     —  —
    95     CS   63.119   319.0   0.81   6.14   7.26   0     —     —  —
    96     CS   63.575   270.7   1.27   6.60   7.72   0     —     —  —
    97     CS   63.850   245.3   1.54   6.87   7.99   0     —     —  —
    98     CS   64.100   217.9   1.79   7.12   8.24   0     —     —  —
    99     CS   64.340   189.5   2.03   7.36   8.48   0     —     —  —
   100     CS   64.611   163.8   2.30   7.63   8.75   1   b45     —  CHARGE, BRK-B45
   101     CS   66.179   366.8   0.39   8.02   9.57   0     —    r2  REST-R2
   102     CS   75.628   333.4   0.28   0.28   0.28   0     —     —  —
   103     CS   75.891   303.1   0.55   0.55   0.55   0     —     —  —
   104     CS   76.154   272.7   0.81   0.81   0.81   0     —     —  —
   105     CS   76.455   245.4   1.11   1.11   1.11   0     —     —  —
   106     CS   76.741   225.3   1.39   1.39   1.39   0     —     —  —
   107     CS   76.967   201.8   1.62   1.62   1.62   0     —     —  —
   108     CS   77.340   183.9   1.99   1.99   1.99   1   b45     —  CHARGE, BRK-B45
   109     CS   78.641   318.3   0.25   2.24   2.55   0     —     —  —
   110     CS   78.889   291.3   0.50   2.49   2.79   0     —     —  —
   111     CS   79.309   271.2   0.92   2.91   3.21   0     —     —  —
   112     CS   79.769   225.5   1.38   3.37   3.67   0     —     —  —
   113     CS   80.036   199.0   1.65   3.64   3.94   0     —     —  —
   114     CS   80.285   170.9   1.90   3.89   4.19   0     —     —  —
   115     CS   80.537   143.0   2.15   4.14   4.44   0     —     —  —
[10/33] RmediumCmediumTlarge_16      labelled   38 states in  53.4 min
  ScenarioTracker saved: /mnt/beegfs/users/celinep/ChargeAndBreak/ML/logs/RmediumCfewTtight_17_DAGGER1_S1_H24_20260821_193535_scenarios.json

  === SIMULATION TRAJECTORY ===
  stop   type    t_arr     soc     cd     sd     sw   y   brk   rst  action
  ───────────────────────────────────────────────────────────────────────────────────────────────
     0   ORIG    8.000   500.0   0.00   0.00   0.00   0     —     —  —
     1     CS    8.235   474.2   0.23   0.23   0.23   0     —     —  —
     2     CS    8.514   451.4   0.51   0.51   0.51   0     —     —  —
     3     CS    8.742   425.0   0.74   0.74   0.74   0     —     —  —
     4     CS    9.012   393.6   1.01   1.01   1.01   0     —     —  —
     5     CS    9.283   362.4   1.28   1.28   1.28   0     —     —  —
     6     CS    9.663   337.6   1.66   1.66   1.66   0     —     —  —
     7     CS    9.945   306.5   1.94   1.94   1.94   0     —     —  —
     8     CS   10.213   274.2   2.21   2.21   2.21   0     —     —  —
     9     CS   10.421   251.5   2.42   2.42   2.42   0     —     —  —
    10     CS   10.642   229.8   2.64   2.64   2.64   0     —     —  —
    11     CS   10.842   206.2   2.84   2.84   2.84   1   b45     —  CHARGE, BRK-B45
    12     CS   12.426   419.9   0.29   3.14   3.65   0     —     —  —
    13     CS   12.668   392.4   0.54   3.38   3.90   0     —     —  —
    14     CS   12.907   364.5   0.78   3.62   4.13   0     —     —  —
    15     CS   13.161   338.0   1.03   3.87   4.39   0     —     —  —
    16     CS   13.409   309.9   1.28   4.12   4.64   0     —     —  —
    17     CS   13.668   282.7   1.54   4.38   4.90   0     —     —  —
    18     CS   13.939   261.3   1.81   4.65   5.17   0     —     —  —
    19     CS   14.156   236.2   2.02   4.87   5.38   0     —     —  —
    20     CS   14.374   211.2   2.24   5.08   5.60   0     —     —  —
    21     CS   14.616   188.1   2.48   5.33   5.84   0     —     —  —
    22     CS   14.920   152.0   2.79   5.63   6.15   1   b45     —  CHARGE, BRK-B45
    23     CS   16.478   393.1   0.28   5.91   6.90   0     —     —  —
    24     CS   16.717   364.4   0.52   6.15   7.14   0     —     —  —
    25     CS   16.956   335.8   0.76   6.39   7.38   0     —     —  —
    26     CS   17.165   311.5   0.96   6.60   7.59   0     —     —  —
    27     CS   17.379   287.7   1.18   6.81   7.81   0     —     —  —
    28     CS   17.587   263.4   1.39   7.02   8.01   0     —     —  —
    29     CS   17.936   235.8   1.74   7.37   8.36   0     —     —  —
    30     CS   18.257   206.7   2.06   7.69   8.68   0     —     —  —
    31     CS   18.546   175.2   2.35   7.98   8.97   0     —     —  —
    32     CS   18.838   143.9   2.64   8.27   9.26   1   b45     —  CHARGE, BRK-B45
    33     CS   20.196   412.1   0.23   8.49   9.70   0     —     —  —
    34     CS   20.438   388.4   0.47   8.74   9.95   0     —     —  —
    35     CS   20.655   362.4   0.68   8.95  10.16   0     —     —  —
    36     CS   20.941   329.4   0.97   9.24  10.45   0     —     —  —
    37     CS   21.220   295.7   1.25   9.52  10.73   0     —     —  —
    38     CS   21.503   262.5   1.53   9.80  11.01   0     —    r2  REST-R2
    39     CS   30.951   229.0   0.28   0.28   0.28   0     —     —  —
    40     CS   31.232   206.3   0.56   0.56   0.56   0     —     —  —
    41     CS   31.504   183.2   0.83   0.83   0.83   0     —     —  —
    42     CS   31.732   156.7   1.06   1.06   1.06   0     —     —  —
    43     CS   31.959   130.1   1.29   1.29   1.29   1   b45     —  CHARGE, BRK-B45
    44     CS   33.565   377.0   0.42   1.70   2.00   0     —     —  —
    45     CS   33.798   351.5   0.65   1.94   2.24   0     —     —  —
    46     CS   34.033   326.3   0.88   2.17   2.47   0     —     —  —
    47     CS   34.289   302.6   1.14   2.43   2.73   0     —     —  —
    48     CS   34.528   277.8   1.38   2.67   2.97   0     —     —  —
    49     CS   34.792   247.5   1.64   2.93   3.23   0     —     —  —
    50     CS   35.061   217.7   1.91   3.20   3.50   0     —     —  —
    51     CS   35.328   186.9   2.18   3.47   3.77   0     —     —  —
    52     CS   35.607   157.2   2.46   3.75   4.05   0     —     —  —
    53   CUST   35.880   127.0   2.73   4.02   4.32   0     —     —  —
    54     CS   36.397   125.0   2.75   4.04   4.83   1   b45     —  CHARGE, BRK-B45
    55     CS   37.883   395.9   0.26   4.29   5.42   0     —     —  —
    56     CS   38.134   367.2   0.51   4.54   5.67   0     —     —  —
    57     CS   38.487   344.4   0.86   4.90   6.02   0     —     —  —
    58     CS   38.705   320.9   1.08   5.11   6.24   0     —     —  —
    59     CS   38.964   300.2   1.34   5.37   6.50   0     —     —  —
    60     CS   39.200   278.1   1.57   5.61   6.73   0     —     —  —
    61     CS   39.520   251.0   1.89   5.93   7.05   0     —     —  —
    62     CS   39.828   223.0   2.20   6.24   7.36   0     —     —  —
    63     CS   40.112   197.3   2.49   6.52   7.64   0     —     —  —
    64     CS   40.376   170.1   2.75   6.79   7.91   0     —     —  —
    65     CS   40.740   147.9   3.11   7.15   8.27   1   b45     —  CHARGE, BRK-B45
    66     CS   42.160   376.7   0.26   7.41   8.94   0     —     —  —
    67     CS   42.443   352.9   0.54   7.69   9.22   0     —     —  —
    68     CS   42.694   326.8   0.79   7.94   9.48   0     —     —  —
    69     CS   42.976   294.7   1.07   8.22   9.76   0     —     —  —
    70     CS   43.252   261.9   1.35   8.50  10.03   0     —     —  —
    71     CS   43.532   230.7   1.63   8.78  10.31   0     —     —  —
    72   CUST   43.814   199.8   1.91   9.06  10.60   0     —     —  —
    73   CUST   44.402   194.0   2.00   9.15  11.18   0     —    r2  REST-R2
    74     CS   53.926   191.5   0.02   0.02   0.02   0     —     —  —
    75     CS   54.149   167.3   0.25   0.25   0.25   0     —     —  —
    76     CS   54.388   144.4   0.49   0.49   0.49   0     —     —  —
    77     CS   54.605   119.7   0.70   0.70   0.70   1   b45     —  CHARGE, BRK-B45
    78     CS   56.104   411.3   0.24   0.95   1.21   0     —     —  —
    79     CS   56.334   383.8   0.47   1.18   1.44   0     —     —  —
    80     CS   56.618   360.3   0.76   1.46   1.73   0     —     —  —
    81     CS   56.886   335.9   1.03   1.73   2.00   0     —     —  —
    82     CS   57.077   313.1   1.22   1.92   2.19   0     —     —  —
    83     CS   57.297   292.8   1.44   2.14   2.41   0     —     —  —
    84     CS   57.495   270.7   1.64   2.34   2.60   0     —     —  —
    85     CS   57.732   242.7   1.87   2.58   2.84   0     —     —  —
    86     CS   57.970   214.7   2.11   2.81   3.08   0     —     —  —
    87     CS   58.211   187.0   2.35   3.05   3.32   1   b45     —  CHARGE, BRK-B45
    88     CS   59.498   379.8   0.27   3.32   3.86   0     —     —  —
    89     CS   59.754   351.2   0.52   3.58   4.11   0     —     —  —
    90     CS   60.011   322.6   0.78   3.83   4.37   0     —     —  —
    91     CS   60.268   293.3   1.04   4.09   4.63   0     —     —  —
    92     CS   60.530   264.4   1.30   4.35   4.89   0     —     —  —
    93     CS   60.803   236.5   1.57   4.63   5.16   0     —     —  —
    94     CS   61.150   199.6   1.92   4.97   5.51   0     —     —  —
    95     CS   61.389   170.9   2.16   5.21   5.75   0     —     —  —
    96     CS   61.639   143.3   2.41   5.46   6.00   0     —     —  —
    97     CS   61.897   116.4   2.67   5.72   6.26   1   b45     —  CHARGE, BRK-B45
    98     CS   63.168   346.1   0.27   5.99   6.78   0     —     —  —
    99     CS   63.404   320.3   0.50   6.22   7.01   0     —     —  —
   100     CS   63.639   294.5   0.74   6.46   7.25   0     —     —  —
   101     CS   63.931   267.3   1.03   6.75   7.54   0     —     —  —
   102     CS   64.206   238.8   1.31   7.03   7.82   0     —     —  —
   103     CS   64.468   209.1   1.57   7.29   8.08   0     —     —  —
   104     CS   64.697   185.1   1.80   7.52   8.31   0     —     —  —
   105     CS   64.932   161.6   2.03   7.75   8.54   0     —     —  —
   106     CS   65.156   137.0   2.25   7.98   8.77   0     —     —  —
[11/33] RmediumCfewTtight_17         labelled   42 states in  78.4 min
  ScenarioTracker saved: /mnt/beegfs/users/celinep/ChargeAndBreak/ML/logs/RmediumCfewTtight_16_DAGGER1_S1_H24_20260821_205401_scenarios.json

  === SIMULATION TRAJECTORY ===
  stop   type    t_arr     soc     cd     sd     sw   y   brk   rst  action
  ───────────────────────────────────────────────────────────────────────────────────────────────
     0   ORIG    8.000   500.0   0.00   0.00   0.00   0     —     —  —
     1     CS    8.228   473.5   0.23   0.23   0.23   0     —     —  —
     2     CS    8.484   449.4   0.48   0.48   0.48   0     —     —  —
     3     CS    8.884   430.2   0.88   0.88   0.88   0     —     —  —
     4     CS    9.096   405.4   1.10   1.10   1.10   0     —     —  —
     5     CS    9.353   384.0   1.35   1.35   1.35   0     —     —  —
     6     CS    9.569   359.5   1.57   1.57   1.57   0     —     —  —
     7     CS    9.824   335.3   1.82   1.82   1.82   0     —     —  —
     8     CS   10.139   314.1   2.14   2.14   2.14   0     —     —  —
     9     CS   10.367   287.7   2.37   2.37   2.37   0     —     —  —
    10     CS   10.592   260.9   2.59   2.59   2.59   0     —     —  —
    11     CS   10.852   234.9   2.85   2.85   2.85   0     —     —  —
    12     CS   11.101   208.0   3.10   3.10   3.10   0     —     —  —
    13     CS   11.401   177.4   3.40   3.40   3.40   0     —     —  —
    14     CS   11.676   144.5   3.68   3.68   3.68   1   b45     —  CHARGE, BRK-B45
    15     CS   13.036   389.4   0.23   3.91   4.24   0     —     —  —
    16     CS   13.273   366.0   0.47   4.14   4.48   0     —     —  —
    17     CS   13.501   341.9   0.70   4.37   4.70   0     —     —  —
    18     CS   13.727   317.6   0.92   4.60   4.93   0     —     —  —
    19     CS   13.938   292.7   1.13   4.81   5.14   0     —     —  —
    20     CS   14.177   270.2   1.37   5.05   5.38   0     —     —  —
    21   CUST   14.406   246.9   1.60   5.28   5.61   0     —     —  —
    22     CS   15.103   223.5   1.80   5.47   6.31   0     —     —  —
    23     CS   15.313   201.3   2.01   5.68   6.52   0     —     —  —
    24     CS   15.514   178.2   2.21   5.88   6.72   0     —     —  —
    25     CS   15.599   172.3   2.29   5.97   6.80   0     —     —  —
    26     CS   15.848   143.1   2.54   6.22   7.05   0     —     —  —
    27     CS   16.099   114.0   2.79   6.47   7.30   1   b45     —  CHARGE, BRK-B45
    28     CS   17.458   390.6   0.22   6.69   7.77   0     —     —  —
    29     CS   17.688   366.7   0.45   6.92   8.00   0     —     —  —
    30     CS   17.902   341.2   0.66   7.13   8.21   0     —     —  —
    31     CS   18.133   317.4   0.90   7.37   8.44   0     —     —  —
    32     CS   18.405   286.7   1.17   7.64   8.71   0     —     —  —
    33     CS   18.677   255.9   1.44   7.91   8.99   0     —     —  —
    34     CS   18.938   231.6   1.70   8.17   9.25   0     —     —  —
    35     CS   19.175   205.3   1.94   8.41   9.48   0     —     —  —
    36     CS   19.408   178.8   2.17   8.64   9.72   0     —     —  —
    37     CS   19.648   152.8   2.41   8.88   9.96   1   b45     —  CHARGE, BRK-B45
    38     CS   21.081   433.6   0.25   9.13  10.42   0     —     —  —
    39     CS   21.282   410.2   0.45   9.33  10.62   0     —     —  —
    40     CS   21.485   387.0   0.65   9.53  10.82   0     —     —  —
    41     CS   21.795   356.1   0.96   9.84  11.13   0     —    r2  REST-R2
    42     CS   31.281   325.8   0.32   0.32   0.32   0     —     —  —
    43     CS   31.530   296.5   0.57   0.57   0.57   0     —     —  —
    44     CS   31.787   268.0   0.83   0.83   0.83   0     —     —  —
    45     CS   32.045   239.5   1.08   1.08   1.08   0     —     —  —
    46     CS   32.306   211.3   1.34   1.34   1.34   0     —     —  —
    47     CS   32.562   185.0   1.60   1.60   1.60   0     —     —  —
    48     CS   32.816   158.5   1.85   1.85   1.85   0     —     —  —
    49     CS   33.058   131.0   2.10   2.10   2.10   0     —     —  —
    50     CS   33.325   101.0   2.36   2.36   2.36   1   b45     —  CHARGE, BRK-B45
    51     CS   34.691   388.6   0.22   2.58   2.80   0     —     —  —
    52     CS   35.036   368.7   0.57   2.93   3.14   0     —     —  —
    53     CS   35.265   342.9   0.80   3.16   3.37   0     —     —  —
    54     CS   35.503   318.0   1.03   3.40   3.61   0     —     —  —
    55     CS   35.793   289.9   1.32   3.69   3.90   0     —     —  —
    56     CS   36.132   264.5   1.66   4.03   4.24   0     —     —  —
    57     CS   36.419   236.8   1.95   4.31   4.53   0     —     —  —
    58     CS   36.681   206.9   2.21   4.57   4.79   0     —     —  —
    59     CS   36.948   177.5   2.48   4.84   5.06   0     —     —  —
    60   CUST   37.225   149.0   2.76   5.12   5.33   0     —    r2  REST-R2
    61     CS   46.979   121.3   0.25   0.25   0.25   1   b45     —  CHARGE, BRK-B45
    62     CS   48.225   364.2   0.20   0.46   0.74   0     —     —  —
    63     CS   48.426   341.6   0.40   0.66   0.94   0     —     —  —
    64     CS   48.657   321.3   0.63   0.89   1.17   0     —     —  —
    65     CS   48.867   299.5   0.84   1.10   1.38   0     —     —  —
    66     CS   49.134   272.4   1.11   1.37   1.65   0     —     —  —
    67     CS   49.384   243.7   1.36   1.61   1.90   0     —     —  —
    68     CS   49.641   215.8   1.62   1.87   2.16   0     —     —  —
    69     CS   49.886   186.7   1.86   2.12   2.40   0     —     —  —
    70     CS   50.196   153.5   2.17   2.43   2.71   1   b45     —  CHARGE, BRK-B45
    71     CS   51.430   340.9   0.23   2.66   3.20   0     —     —  —
    72     CS   51.695   316.8   0.50   2.92   3.46   0     —     —  —
    73     CS   51.944   291.6   0.74   3.17   3.71   0     —     —  —
    74     CS   52.220   268.2   1.02   3.45   3.99   0     —     —  —
    75     CS   52.481   243.3   1.28   3.71   4.25   0     —     —  —
    76     CS   52.731   217.6   1.53   3.96   4.50   0     —     —  —
    77     CS   53.004   185.8   1.80   4.23   4.77   0     —     —  —
    78     CS   53.276   153.8   2.08   4.50   5.04   0     —     —  —
[12/33] RmediumCfewTtight_16         labelled   21 states in  29.9 min
    [warn] teacher query failed @101: Solver failed to locate input problem file: /tmp/tmpy2seiw4c.pyomo.lp
  ScenarioTracker saved: /mnt/beegfs/users/celinep/ChargeAndBreak/ML/logs/RlongCmanyTmedium_15_DAGGER1_S1_H24_20260821_212353_scenarios.json

  === SIMULATION TRAJECTORY ===
  stop   type    t_arr     soc     cd     sd     sw   y   brk   rst  action
  ───────────────────────────────────────────────────────────────────────────────────────────────
     0   ORIG    8.000   500.0   0.00   0.00   0.00   0     —     —  —
     1     CS    8.330   479.3   0.33   0.33   0.33   0     —     —  —
     2     CS    8.574   454.2   0.57   0.57   0.57   0     —     —  —
     3     CS    8.811   428.6   0.81   0.81   0.81   0     —     —  —
     4     CS    9.061   398.6   1.06   1.06   1.06   0     —     —  —
     5     CS    9.387   373.8   1.39   1.39   1.39   0     —     —  —
     6     CS    9.677   347.1   1.68   1.68   1.68   0     —     —  —
     7     CS   10.126   293.5   2.13   2.13   2.13   0     —     —  —
     8     CS   10.382   264.8   2.38   2.38   2.38   0     —     —  —
     9     CS   10.646   236.9   2.65   2.65   2.65   0     —     —  —
    10     CS   10.902   208.3   2.90   2.90   2.90   0     —     —  —
    11     CS   11.156   181.8   3.16   3.16   3.16   0     —     —  —
    12     CS   11.420   156.1   3.42   3.42   3.42   0     —     —  —
    13     CS   11.671   129.4   3.67   3.67   3.67   1   b45     —  CHARGE, BRK-B45
    14     CS   13.138   414.2   0.26   3.93   4.16   0     —     —  —
    15     CS   13.408   387.5   0.53   4.20   4.43   0     —     —  —
    16     CS   13.752   364.6   0.87   4.54   4.77   0     —     —  —
    17     CS   14.037   342.1   1.16   4.83   5.05   0     —     —  —
    18     CS   14.282   317.1   1.40   5.07   5.30   0     —     —  —
    19     CS   14.522   291.8   1.64   5.31   5.54   0     —     —  —
    20     CS   14.797   270.7   1.92   5.59   5.82   0     —     —  —
    21     CS   15.011   245.2   2.13   5.80   6.03   0     —     —  —
    22     CS   15.230   220.3   2.35   6.02   6.25   0     —     —  —
    23     CS   15.491   189.7   2.61   6.28   6.51   0     —     —  —
    24     CS   15.762   160.1   2.88   6.55   6.78   0     —     —  —
    25     CS   16.178   137.2   3.30   6.97   7.20   1   b45     —  CHARGE, BRK-B45
    26     CS   17.694   400.0   0.27   7.24   7.81   0     —     —  —
    27     CS   17.984   370.5   0.56   7.53   8.10   0     —     —  —
    28     CS   18.321   343.9   0.90   7.87   8.43   0     —     —  —
    29     CS   18.766   305.5   1.34   8.31   8.88   0     —     —  —
    30     CS   19.036   275.0   1.61   8.58   9.15   0     —     —  —
    31     CS   19.305   244.4   1.88   8.85   9.42   0     —     —  —
    32     CS   19.572   213.6   2.15   9.12   9.68   0     —     —  —
    33     CS   19.841   184.5   2.42   9.39   9.95   0     —     —  —
    34     CS   20.104   155.0   2.68   9.65  10.22   0     —    r2  REST-R2
    35     CS   29.550   126.8   0.28   0.28   0.28   1   b45     —  CHARGE, BRK-B45
    36     CS   31.018   351.9   0.41   0.69   0.99   0     —     —  —
    37     CS   31.304   322.9   0.70   0.98   1.27   0     —     —  —
    38     CS   31.570   292.2   0.96   1.24   1.54   0     —     —  —
    39     CS   31.861   263.7   1.26   1.54   1.83   0     —     —  —
    40     CS   32.169   236.3   1.56   1.84   2.14   1   b45     —  CHARGE, BRK-B45
    41   CUST   33.508   388.6   0.31   2.15   2.73   0     —     —  —
    42   CUST   34.361   353.3   0.66   2.50   3.58   0     —     —  —
    43   CUST   35.193   319.7   0.99   2.83   4.41   0     —     —  —
    44   CUST   35.898   300.3   1.20   3.04   5.12   0     —     —  —
    45     CS   36.433   296.4   1.23   3.07   5.65   0     —     —  —
    46     CS   36.530   285.2   1.33   3.17   5.75   0     —     —  —
    47     CS   36.784   256.4   1.58   3.42   6.00   0     —     —  —
    48     CS   37.064   229.7   1.86   3.70   6.28   0     —     —  —
    49     CS   37.316   201.9   2.11   3.96   6.54   0     —     —  —
    50     CS   37.573   174.5   2.37   4.21   6.79   0     —     —  —
    51     CS   37.817   145.9   2.61   4.46   7.04   0     —     —  —
    52     CS   38.087   119.6   2.89   4.73   7.31   1   b45     —  CHARGE, BRK-B45
    53     CS   39.843   386.3   0.44   5.17   8.10   0     —     —  —
    54     CS   40.101   361.2   0.69   5.42   8.36   0     —     —  —
    55     CS   40.342   334.7   0.94   5.66   8.60   0     —     —  —
    56     CS   40.580   308.0   1.17   5.90   8.84   0     —     —  —
    57     CS   40.852   283.9   1.45   6.17   9.11   0     —     —  —
    58     CS   41.174   247.1   1.77   6.50   9.44   0     —     —  —
    59     CS   41.401   221.7   1.99   6.72   9.66   0     —     —  —
    60     CS   41.629   196.5   2.22   6.95   9.89   0     —     —  —
    61     CS   41.847   170.3   2.44   7.17  10.11   0     —     —  —
    62     CS   42.097   146.7   2.69   7.42  10.36   1   b45     —  CHARGE, BRK-B45
    63     CS   43.508   392.1   0.27   7.69  10.94   0     —     —  —
    64     CS   43.769   361.6   0.53   7.95  11.20   0     —     —  —
    65     CS   44.043   332.2   0.81   8.23  11.47   0     —    r2  REST-R2
    66     CS   53.719   295.1   0.51   0.51   0.51   0     —     —  —
    67     CS   53.993   263.4   0.78   0.78   0.78   0     —     —  —
    68     CS   54.292   233.8   1.08   1.08   1.08   0     —     —  —
    69     CS   54.578   203.2   1.37   1.37   1.37   0     —     —  —
    70     CS   54.868   172.8   1.66   1.66   1.66   1   b45     —  CHARGE, BRK-B45
    71     CS   56.201   358.5   0.27   1.93   2.24   0     —     —  —
    72     CS   56.456   331.1   0.53   2.18   2.50   0     —     —  —
    73     CS   56.748   304.5   0.82   2.48   2.79   0     —     —  —
    74     CS   57.015   276.1   1.09   2.74   3.06   0     —     —  —
    75     CS   57.269   246.4   1.34   3.00   3.31   0     —     —  —
    76     CS   57.560   220.5   1.63   3.29   3.60   0     —     —  —
    77     CS   57.811   191.4   1.88   3.54   3.85   0     —     —  —
    78     CS   58.067   162.7   2.14   3.79   4.11   1   b45     —  CHARGE, BRK-B45
    79     CS   59.685   423.3   0.28   4.07   4.77   0     —     —  —
    80     CS   59.960   390.5   0.55   4.35   5.04   0     —     —  —
    81     CS   60.158   367.6   0.75   4.54   5.24   0     —     —  —
    82     CS   60.356   344.7   0.95   4.74   5.44   0     —     —  —
    83     CS   60.635   326.5   1.23   5.02   5.72   0     —     —  —
    84     CS   60.853   302.3   1.44   5.24   5.93   0     —     —  —
    85     CS   61.066   277.6   1.66   5.45   6.15   0     —     —  —
    86   CUST   61.277   252.7   1.87   5.66   6.36   0     —     —  —
    87   CUST   61.896   241.0   1.99   5.78   6.98   0     —     —  —
    88     CS   62.741   210.4   2.33   6.13   7.82   0     —     —  —
    89     CS   63.019   180.3   2.61   6.40   8.10   1   b45     —  CHARGE, BRK-B45
    90     CS   64.252   395.7   0.21   6.62   8.58   0     —     —  —
    91     CS   64.473   371.0   0.44   6.84   8.80   0     —     —  —
    92     CS   64.696   346.5   0.66   7.06   9.03   0     —     —  —
    93     CS   64.954   324.4   0.92   7.32   9.29   0     —     —  —
    94     CS   65.197   298.2   1.16   7.56   9.53   0     —     —  —
    95     CS   65.466   273.8   1.43   7.83   9.80   0     —     —  —
    96     CS   65.741   244.6   1.70   8.11  10.07   0     —     —  —
    97     CS   66.038   217.0   2.00   8.41  10.37   0     —     —  —
    98     CS   66.303   186.8   2.27   8.67  10.63   0     —     —  —
    99     CS   66.539   159.4   2.50   8.91  10.87   0     —     —  —
   100     CS   66.781   132.7   2.74   9.15  11.11   0     —     —  —
   101     CS   67.045   107.7   3.01   9.41  11.38   1     —    r2  CHARGE, REST-R2
   102     CS   77.588   407.6   0.24   0.24   0.24   0     —     —  —
   103     CS   77.860   383.1   0.51   0.51   0.51   0     —     —  —
   104     CS   78.236   362.6   0.89   0.89   0.89   0     —     —  —
   105     CS   78.460   336.4   1.11   1.11   1.11   0     —     —  —
   106     CS   78.688   310.6   1.34   1.34   1.34   0     —     —  —
   107     CS   78.915   284.5   1.57   1.57   1.57   0     —     —  —
   108     CS   79.161   260.2   1.81   1.81   1.81   0     —     —  —
   109     CS   79.543   236.4   2.19   2.19   2.19   0     —     —  —
   110     CS   79.827   207.9   2.48   2.48   2.48   0     —     —  —
   111     CS   80.100   178.5   2.75   2.75   2.75   0     —     —  —
   112     CS   80.358   147.6   3.01   3.01   3.01   0     —     —  —
   113     CS   80.639   118.8   3.29   3.29   3.29   1   b45     —  CHARGE, BRK-B45
   114     CS   82.261   379.9   0.38   3.67   4.00   0     —     —  —
   115     CS   82.524   351.9   0.64   3.93   4.27   0     —     —  —
   116     CS   82.794   324.4   0.91   4.20   4.54   0     —     —  —
   117     CS   83.052   296.0   1.17   4.46   4.79   0     —     —  —
   118   CUST   83.300   266.6   1.41   4.70   5.04   0     —     —  —
   119   CUST   84.018   242.8   1.63   4.92   5.76   0     —     —  —
   120     CS   84.609   234.4   1.72   5.01   6.35   0     —     —  —
   121   CUST   84.800   215.1   1.91   5.20   6.54   0     —     —  —
   122   CUST   85.356   209.6   1.97   5.26   7.10   0     —     —  —
   123     CS   86.111   180.9   2.23   5.52   7.85   1   b45     —  CHARGE, BRK-B45
   124     CS   87.370   392.6   0.27   5.79   8.36   0     —     —  —
   125     CS   87.651   362.1   0.55   6.07   8.64   0     —     —  —
   126     CS   87.902   335.3   0.80   6.32   8.89   0     —     —  —
   127     CS   88.160   309.1   1.06   6.58   9.15   0     —     —  —
   128     CS   88.410   282.3   1.31   6.83   9.40   0     —     —  —
   129     CS   88.640   255.2   1.54   7.06   9.63   0     —     —  —
   130     CS   88.881   229.1   1.78   7.30   9.87   0     —     —  —
   131     CS   89.122   203.1   2.02   7.54  10.11   0     —     —  —
   132     CS   89.582   150.5   2.48   8.00  10.57   1     —    r1  CHARGE, REST-R1
   133     CS  101.978   380.8   0.26   0.26   0.26   0     —     —  —
   134     CS  102.280   355.5   0.56   0.56   0.56   0     —     —  —
   135     CS  102.588   330.5   0.87   0.87   0.87   0     —     —  —
   136     CS  102.894   301.3   1.18   1.18   1.18   0     —     —  —
   137     CS  103.204   272.6   1.49   1.49   1.49   0     —     —  —
   138     CS  103.448   249.7   1.73   1.73   1.73   0     —     —  —
   139     CS  103.667   224.8   1.95   1.95   1.95   0     —     —  —
   140     CS  103.890   200.2   2.17   2.17   2.17   1   b45     —  CHARGE, BRK-B45
   141     CS  105.150   393.2   0.22   2.39   2.68   0     —     —  —
   142     CS  105.388   368.7   0.46   2.63   2.92   0     —     —  —
   143     CS  105.621   343.9   0.69   2.87   3.15   0     —     —  —
   144     CS  105.864   319.9   0.94   3.11   3.40   0     —     —  —
   145     CS  106.340   271.1   1.41   3.58   3.87   0     —     —  —
   146     CS  106.609   240.1   1.68   3.85   4.14   0     —     —  —
   147     CS  106.892   210.3   1.96   4.14   4.42   0     —     —  —
   148     CS  107.196   182.2   2.27   4.44   4.73   0     —     —  —
   149     CS  107.563   157.1   2.64   4.81   5.10   1   b45     —  CHARGE, BRK-B45
   150     CS  109.321   423.6   0.41   5.21   5.85   0     —     —  —
   151     CS  109.585   396.3   0.67   5.48   6.11   0     —     —  —
   152     CS  109.852   369.1   0.94   5.74   6.38   0     —     —  —
   153     CS  110.102   340.6   1.19   5.99   6.63   0     —     —  —
   154     CS  110.366   313.2   1.45   6.26   6.89   0     —     —  —
   155     CS  110.713   276.4   1.80   6.61   7.24   0     —     —  —
   156     CS  110.943   252.4   2.03   6.84   7.47   0     —     —  —
   157     CS  111.170   228.2   2.26   7.06   7.70   0     —     —  —
   158     CS  111.387   203.1   2.47   7.28   7.91   0     —     —  —
   159     CS  111.608   178.4   2.69   7.50   8.13   0     —     —  —
   160     CS  111.829   152.8   2.91   7.72   8.35   0     —     —  —
   161     CS  112.072   129.1   3.16   7.96   8.60   0     —     —  —
[13/33] RlongCmanyTmedium_15         labelled   58 states in 117.2 min
  ScenarioTracker saved: /mnt/beegfs/users/celinep/ChargeAndBreak/ML/logs/RmediumCmediumTmedium_6_DAGGER1_S1_H24_20260821_232106_scenarios.json

  === SIMULATION TRAJECTORY ===
  stop   type    t_arr     soc     cd     sd     sw   y   brk   rst  action
  ───────────────────────────────────────────────────────────────────────────────────────────────
     0   ORIG    8.000   500.0   0.00   0.00   0.00   0     —     —  —
     1     CS    8.266   476.5   0.27   0.27   0.27   0     —     —  —
     2     CS    8.495   450.1   0.49   0.49   0.49   0     —     —  —
     3     CS    8.721   423.4   0.72   0.72   0.72   0     —     —  —
     4     CS    8.992   396.1   0.99   0.99   0.99   0     —     —  —
     5     CS    9.239   366.5   1.24   1.24   1.24   0     —     —  —
     6     CS    9.493   337.7   1.49   1.49   1.49   0     —     —  —
     7     CS   10.030   294.8   2.03   2.03   2.03   0     —     —  —
     8     CS   10.311   267.1   2.31   2.31   2.31   0     —     —  —
     9     CS   10.577   238.2   2.58   2.58   2.58   0     —     —  —
    10     CS   10.857   210.5   2.86   2.86   2.86   0     —     —  —
    11     CS   11.136   182.7   3.14   3.14   3.14   0     —     —  —
    12     CS   11.380   155.3   3.38   3.38   3.38   0     —     —  —
    13     CS   11.639   129.2   3.64   3.64   3.64   1   b45     —  CHARGE, BRK-B45
    14     CS   13.032   406.6   0.25   3.89   4.13   0     —     —  —
    15     CS   13.364   389.3   0.58   4.22   4.46   0     —     —  —
    16     CS   13.653   370.9   0.87   4.51   4.75   0     —     —  —
    17     CS   13.888   343.9   1.10   4.74   4.98   0     —     —  —
    18     CS   14.180   320.9   1.40   5.03   5.27   0     —     —  —
    19     CS   14.521   299.7   1.74   5.38   5.61   0     —     —  —
    20     CS   14.764   273.4   1.98   5.62   5.86   0     —     —  —
    21     CS   15.200   236.4   2.42   6.05   6.29   0     —     —  —
    22     CS   15.487   208.7   2.70   6.34   6.58   0     —     —  —
    23     CS   15.744   178.3   2.96   6.60   6.84   0     —     —  —
    24     CS   16.005   148.3   3.22   6.86   7.10   0     —     —  —
    25     CS   16.394   125.1   3.61   7.25   7.49   1   b45     —  CHARGE, BRK-B45
    26     CS   17.855   386.2   0.27   7.52   8.13   0     —     —  —
    27     CS   18.080   362.6   0.50   7.74   8.35   0     —     —  —
    28     CS   18.307   339.2   0.72   7.97   8.58   0     —     —  —
    29     CS   18.569   314.4   0.99   8.23   8.84   0     —     —  —
    30     CS   18.887   292.5   1.30   8.55   9.16   0     —     —  —
    31     CS   19.155   268.4   1.57   8.82   9.43   0     —     —  —
    32     CS   19.413   243.7   1.83   9.08   9.69   0     —     —  —
    33     CS   19.720   221.7   2.14   9.38   9.99   0     —     —  —
    34     CS   19.954   195.8   2.37   9.62  10.23   0     —     —  —
    35     CS   20.193   170.2   2.61   9.86  10.47   0     —    r2  REST-R2
    36     CS   29.598   144.8   0.24   0.24   0.24   1   b45     —  CHARGE, BRK-B45
    37     CS   30.989   415.0   0.23   0.47   0.69   0     —     —  —
    38     CS   31.219   387.9   0.46   0.70   0.92   0     —     —  —
    39     CS   31.455   361.4   0.70   0.94   1.16   0     —     —  —
    40     CS   31.653   338.5   0.90   1.14   1.36   0     —     —  —
    41     CS   31.857   316.1   1.10   1.34   1.56   0     —     —  —
    42     CS   32.090   295.9   1.33   1.57   1.79   0     —     —  —
    43     CS   32.313   271.4   1.56   1.80   2.02   0     —     —  —
    44     CS   32.538   247.0   1.78   2.02   2.24   0     —     —  —
    45     CS   32.762   222.5   2.01   2.24   2.46   0     —     —  —
    46     CS   33.015   193.7   2.26   2.50   2.72   0     —     —  —
    47     CS   33.355   170.1   2.60   2.84   3.06   0     —     —  —
    48     CS   33.611   141.4   2.86   3.09   3.31   0     —     —  —
    49     CS   33.926   116.8   3.17   3.41   3.63   1   b45     —  CHARGE, BRK-B45
    50     CS   35.477   356.1   0.51   3.92   4.39   0     —     —  —
    51     CS   35.707   329.0   0.74   4.15   4.62   0     —     —  —
    52     CS   35.953   303.5   0.99   4.39   4.87   0     —     —  —
    53     CS   36.261   281.4   1.29   4.70   5.17   0     —     —  —
    54     CS   36.515   254.9   1.55   4.96   5.43   0     —     —  —
    55     CS   36.769   228.4   1.80   5.21   5.68   0     —     —  —
    56     CS   37.082   205.5   2.11   5.52   6.00   0     —     —  —
    57     CS   37.328   178.2   2.36   5.77   6.24   1   b45     —  CHARGE, BRK-B45
    58     CS   38.768   386.1   0.29   6.06   6.93   0     —     —  —
    59     CS   39.030   361.6   0.55   6.32   7.19   0     —     —  —
    60   CUST   39.294   337.3   0.81   6.58   7.46   0     —     —  —
    61   CUST   40.182   306.2   1.20   6.97   8.34   0     —     —  —
    62     CS   40.845   290.3   1.36   7.13   9.01   0     —     —  —
    63   CUST   40.958   278.1   1.48   7.24   9.12   0     —     —  —
    64     CS   41.474   276.1   1.49   7.26   9.64   0     —     —  —
    65     CS   41.723   251.8   1.74   7.51   9.89   0     —     —  —
    66     CS   41.950   225.6   1.97   7.74  10.11   0     —     —  —
    67     CS   42.220   202.7   2.24   8.01  10.38   0     —     —  —
    68     CS   42.490   174.1   2.51   8.28  10.65   0     —     —  —
    69     CS   42.754   145.1   2.77   8.54  10.92   1     —    r2  CHARGE, REST-R2
    70     CS   53.065   387.7   0.25   0.25   0.25   0     —     —  —
    71     CS   53.306   363.1   0.49   0.49   0.49   0     —     —  —
    72     CS   53.636   342.9   0.82   0.82   0.82   0     —     —  —
    73     CS   53.896   315.3   1.08   1.08   1.08   0     —     —  —
    74     CS   54.145   286.6   1.33   1.33   1.33   0     —     —  —
    75     CS   54.389   257.4   1.58   1.58   1.58   0     —     —  —
    76     CS   54.645   229.3   1.83   1.83   1.83   1   b45     —  CHARGE, BRK-B45
    77     CS   55.884   367.8   0.23   2.06   2.32   0     —     —  —
    78     CS   56.108   341.6   0.45   2.29   2.55   0     —     —  —
    79   CUST   56.338   316.2   0.68   2.52   2.78   0     —     —  —
    80   CUST   57.123   286.6   0.97   2.80   3.56   0     —     —  —
    81     CS   57.889   256.5   1.23   3.07   4.33   0     —     —  —
    82     CS   57.967   248.3   1.31   3.15   4.41   0     —     —  —
    83     CS   58.250   224.8   1.60   3.43   4.69   0     —     —  —
    84   CUST   58.568   202.8   1.91   3.75   5.01   0     —     —  —
    85     CS   59.272   184.5   2.12   3.95   5.71   0     —     —  —
    86     CS   59.490   161.4   2.34   4.17   5.93   0     —     —  —
    87     CS   59.714   138.9   2.56   4.39   6.15   0     —     —  —
    88     CS   59.922   115.0   2.77   4.60   6.36   1   b45     —  CHARGE, BRK-B45
    89     CS   61.488   405.4   0.33   4.93   6.94   0     —     —  —
    90     CS   61.780   373.0   0.62   5.22   7.23   0     —     —  —
    91     CS   62.056   349.4   0.89   5.50   7.50   0     —     —  —
    92     CS   62.291   322.8   1.13   5.73   7.74   0     —     —  —
    93     CS   62.528   296.3   1.37   5.97   7.98   0     —     —  —
    94     CS   62.794   272.2   1.63   6.24   8.24   0     —     —  —
    95     CS   63.201   252.7   2.04   6.64   8.65   0     —     —  —
    96     CS   63.444   226.8   2.28   6.88   8.89   0     —     —  —
    97     CS   63.713   197.0   2.55   7.15   9.16   0     —     —  —
    98     CS   63.977   166.7   2.82   7.42   9.42   0     —     —  —
    99     CS   64.419   144.4   3.26   7.86   9.87   0     —     —  —
   100     CS   64.726   117.5   3.57   8.17  10.17   1     —    r2  CHARGE, REST-R2
   101     CS   75.400   403.4   0.29   0.29   0.29   0     —     —  —
   102     CS   75.653   374.4   0.55   0.55   0.55   0     —     —  —
   103     CS   75.910   345.9   0.80   0.80   0.80   0     —     —  —
   104     CS   76.176   318.1   1.07   1.07   1.07   0     —     —  —
   105     CS   76.377   294.8   1.27   1.27   1.27   0     —     —  —
   106     CS   76.592   272.5   1.48   1.48   1.48   0     —     —  —
   107     CS   76.897   254.6   1.79   1.79   1.79   0     —     —  —
   108     CS   77.222   231.7   2.11   2.11   2.11   0     —     —  —
   109     CS   77.490   205.7   2.38   2.38   2.38   0     —     —  —
   110     CS   77.761   180.0   2.65   2.65   2.65   0     —     —  —
   111     CS   78.001   151.7   2.89   2.89   2.89   1     —     —  CHARGE
   112     CS   78.914   275.4   3.09   3.09   3.81   0     —     —  —
   113     CS   79.126   253.0   3.30   3.30   4.02   0     —     —  —
[14/33] RmediumCmediumTmedium_6      labelled   42 states in  86.0 min
  ScenarioTracker saved: /mnt/beegfs/users/celinep/ChargeAndBreak/ML/logs/RmediumCfewTtight_8_DAGGER1_S1_H24_20260822_004704_scenarios.json

  === SIMULATION TRAJECTORY ===
  stop   type    t_arr     soc     cd     sd     sw   y   brk   rst  action
  ───────────────────────────────────────────────────────────────────────────────────────────────
     0   ORIG    8.000   500.0   0.00   0.00   0.00   0     —     —  —
     1     CS    8.238   474.5   0.24   0.24   0.24   0     —     —  —
     2     CS    8.470   448.4   0.47   0.47   0.47   0     —     —  —
     3     CS    8.711   423.1   0.71   0.71   0.71   0     —     —  —
     4     CS    8.968   394.5   0.97   0.97   0.97   0     —     —  —
     5     CS    9.224   365.9   1.22   1.22   1.22   0     —     —  —
     6     CS    9.461   340.3   1.46   1.46   1.46   0     —     —  —
     7     CS    9.760   318.4   1.76   1.76   1.76   0     —     —  —
     8     CS    9.993   292.5   1.99   1.99   1.99   0     —     —  —
     9     CS   10.226   266.4   2.23   2.23   2.23   0     —     —  —
    10     CS   10.507   234.5   2.51   2.51   2.51   0     —     —  —
    11     CS   10.788   202.7   2.79   2.79   2.79   0     —     —  —
    12     CS   11.072   171.1   3.07   3.07   3.07   0     —     —  —
    13     CS   11.272   148.4   3.27   3.27   3.27   0     —     —  —
    14     CS   11.478   126.2   3.48   3.48   3.48   0     —     —  —
    15     CS   11.708   105.8   3.71   3.71   3.71   1   b45     —  CHARGE, BRK-B45
    16     CS   13.374   370.3   0.59   4.30   4.51   0     —     —  —
    17     CS   13.613   344.9   0.83   4.54   4.75   0     —     —  —
    18     CS   13.843   318.6   1.06   4.77   4.98   0     —     —  —
    19     CS   14.069   291.9   1.29   4.99   5.21   0     —     —  —
    20     CS   14.298   267.3   1.51   5.22   5.43   0     —     —  —
    21     CS   14.533   243.2   1.75   5.46   5.67   0     —     —  —
    22     CS   14.753   217.8   1.97   5.68   5.89   0     —     —  —
    23     CS   14.985   193.4   2.20   5.91   6.12   1   b45     —  CHARGE, BRK-B45
    24     CS   16.275   385.7   0.27   6.18   6.66   0     —     —  —
    25     CS   16.559   354.9   0.56   6.47   6.95   0     —     —  —
    26     CS   16.841   323.9   0.84   6.75   7.23   0     —     —  —
    27   CUST   17.397   283.6   1.40   7.31   7.78   0     —     —  —
    28   CUST   18.100   260.8   1.60   7.51   8.49   0     —     —  —
    29     CS   18.818   238.1   1.82   7.73   9.20   0     —     —  —
    30     CS   19.081   207.1   2.08   7.99   9.47   0     —     —  —
    31     CS   19.345   176.3   2.34   8.25   9.73   0     —     —  —
    32     CS   19.541   154.0   2.54   8.45   9.93   0     —     —  —
    33     CS   19.786   135.0   2.78   8.69  10.17   0     —     —  —
    34     CS   19.989   113.3   2.99   8.90  10.37   1   b45     —  CHARGE, BRK-B45
    35     CS   21.367   389.9   0.24   9.13  10.86   0     —     —  —
    36     CS   21.639   366.7   0.51   9.41  11.13   0     —     —  —
    37     CS   21.865   340.0   0.74   9.63  11.35   1     —    r2  CHARGE, REST-R2
    38     CS   31.671   403.9   0.25   0.25   0.25   0     —     —  —
    39     CS   31.938   376.1   0.52   0.52   0.52   0     —     —  —
    40     CS   32.301   355.2   0.88   0.88   0.88   0     —     —  —
    41     CS   32.590   331.6   1.17   1.17   1.17   0     —     —  —
    42     CS   32.846   305.8   1.42   1.42   1.42   0     —     —  —
    43     CS   33.091   279.1   1.67   1.67   1.67   0     —     —  —
    44     CS   33.393   247.5   1.97   1.97   1.97   0     —     —  —
    45     CS   33.699   216.3   2.28   2.28   2.28   0     —     —  —
    46     CS   33.972   186.1   2.55   2.55   2.55   0     —     —  —
    47     CS   34.256   156.8   2.83   2.83   2.83   0     —     —  —
    48     CS   34.520   125.7   3.10   3.10   3.10   1   b45     —  CHARGE, BRK-B45
    49     CS   35.970   413.4   0.21   3.31   3.59   0     —     —  —
    50     CS   36.171   389.9   0.41   3.51   3.79   0     —     —  —
    51     CS   36.422   370.0   0.66   3.76   4.04   0     —     —  —
    52     CS   36.656   341.7   0.90   4.00   4.27   0     —     —  —
    53     CS   36.914   315.5   1.16   4.25   4.53   0     —     —  —
    54     CS   37.158   289.7   1.40   4.50   4.77   0     —     —  —
    55     CS   37.398   263.6   1.64   4.74   5.01   0     —     —  —
    56     CS   37.653   238.6   1.89   4.99   5.27   0     —     —  —
    57     CS   37.905   209.6   2.15   5.25   5.52   0     —     —  —
    58     CS   38.168   181.6   2.41   5.51   5.78   0     —     —  —
    59     CS   38.417   152.3   2.66   5.76   6.03   0     —     —  —
    60     CS   38.666   123.0   2.91   6.01   6.28   1   b45     —  CHARGE, BRK-B45
    61     CS   40.336   381.8   0.45   6.46   7.07   0     —     —  —
    62     CS   40.640   354.1   0.75   6.76   7.37   0     —     —  —
    63     CS   40.906   323.5   1.02   7.03   7.64   0     —     —  —
    64     CS   41.184   293.8   1.30   7.30   7.92   0     —     —  —
    65     CS   41.534   268.6   1.65   7.65   8.27   0     —     —  —
    66     CS   41.767   244.1   1.88   7.89   8.50   0     —     —  —
    67     CS   41.985   218.3   2.10   8.11   8.72   0     —     —  —
    68     CS   42.372   199.8   2.49   8.49   9.11   0     —     —  —
    69     CS   42.578   177.6   2.69   8.70   9.31   0     —     —  —
    70     CS   42.784   155.4   2.90   8.90   9.52   0     —     —  —
    71     CS   42.979   132.3   3.09   9.10   9.71   1     —    r2  CHARGE, REST-R2
    72     CS   53.563   363.2   0.44   0.44   0.44   0     —     —  —
    73     CS   53.800   337.0   0.67   0.67   0.67   0     —     —  —
    74     CS   54.043   311.2   0.91   0.91   0.91   0     —     —  —
    75     CS   54.280   285.0   1.15   1.15   1.15   0     —     —  —
    76     CS   54.529   259.8   1.40   1.40   1.40   0     —     —  —
    77     CS   54.782   231.7   1.65   1.65   1.65   0     —     —  —
    78     CS   55.060   205.5   1.93   1.93   1.93   0     —     —  —
    79     CS   55.318   177.9   2.19   2.19   2.19   1   b45     —  CHARGE, BRK-B45
    80     CS   56.595   328.7   0.24   2.43   2.72   0     —     —  —
    81     CS   56.817   302.4   0.46   2.65   2.94   0     —     —  —
    82     CS   57.140   282.0   0.78   2.97   3.26   0     —     —  —
    83     CS   57.358   258.5   1.00   3.19   3.48   0     —     —  —
    84     CS   57.675   240.0   1.32   3.51   3.80   0     —     —  —
    85     CS   57.913   218.0   1.56   3.75   4.04   0     —     —  —
    86     CS   58.143   198.3   1.79   3.98   4.27   0     —     —  —
    87     CS   58.359   177.6   2.00   4.19   4.48   0     —     —  —
[15/33] RmediumCfewTtight_8          labelled   28 states in  48.7 min
  ScenarioTracker saved: /mnt/beegfs/users/celinep/ChargeAndBreak/ML/logs/RmediumCmediumTmedium_9_DAGGER1_S1_H24_20260822_013545_scenarios.json

  === SIMULATION TRAJECTORY ===
  stop   type    t_arr     soc     cd     sd     sw   y   brk   rst  action
  ───────────────────────────────────────────────────────────────────────────────────────────────
     0   ORIG    8.000   500.0   0.00   0.00   0.00   0     —     —  —
     1     CS    8.284   477.5   0.28   0.28   0.28   0     —     —  —
     2     CS    8.524   452.1   0.52   0.52   0.52   0     —     —  —
     3     CS    8.753   425.7   0.75   0.75   0.75   0     —     —  —
     4     CS    8.960   402.1   0.96   0.96   0.96   0     —     —  —
     5     CS    9.169   378.6   1.17   1.17   1.17   0     —     —  —
     6     CS    9.389   356.1   1.39   1.39   1.39   0     —     —  —
     7     CS    9.673   322.9   1.67   1.67   1.67   0     —     —  —
     8     CS    9.960   290.0   1.96   1.96   1.96   0     —     —  —
     9     CS   10.253   262.1   2.25   2.25   2.25   0     —     —  —
    10     CS   10.548   234.4   2.55   2.55   2.55   0     —     —  —
    11     CS   10.890   209.2   2.89   2.89   2.89   0     —     —  —
    12     CS   11.189   181.7   3.19   3.19   3.19   1   b45     —  CHARGE, BRK-B45
    13     CS   12.411   396.9   0.22   3.41   3.66   0     —     —  —
    14     CS   12.620   373.4   0.43   3.62   3.87   0     —     —  —
    15     CS   12.825   349.6   0.63   3.82   4.08   0     —     —  —
    16     CS   13.099   322.4   0.91   4.10   4.35   0     —     —  —
    17     CS   13.388   296.4   1.19   4.38   4.64   0     —     —  —
    18     CS   13.660   269.1   1.47   4.66   4.91   0     —     —  —
    19     CS   13.904   242.9   1.71   4.90   5.15   0     —     —  —
    20     CS   14.189   219.5   2.00   5.19   5.44   0     —     —  —
    21     CS   14.410   194.2   2.22   5.41   5.66   0     —     —  —
    22     CS   14.699   173.2   2.51   5.70   5.95   0     —     —  —
    23     CS   14.959   150.8   2.77   5.96   6.21   0     —     —  —
    24     CS   15.200   127.2   3.01   6.20   6.45   1   b45     —  CHARGE, BRK-B45
    25     CS   16.596   376.1   0.24   6.43   7.05   0     —     —  —
    26     CS   16.826   348.6   0.47   6.66   7.28   0     —     —  —
    27     CS   17.062   322.3   0.70   6.90   7.52   0     —     —  —
    28     CS   17.298   295.9   0.94   7.13   7.75   0     —     —  —
    29     CS   17.539   270.1   1.18   7.38   7.99   0     —     —  —
    30     CS   17.784   244.6   1.42   7.62   8.24   0     —     —  —
    31     CS   18.012   218.9   1.65   7.85   8.47   0     —     —  —
    32     CS   18.238   193.0   1.88   8.07   8.69   0     —     —  —
    33   CUST   18.482   168.7   2.12   8.32   8.94   0     —     —  —
    34     CS   19.093   156.4   2.23   8.43   9.55   0     —     —  —
    35     CS   19.349   129.0   2.49   8.69   9.80   1   b45     —  CHARGE, BRK-B45
    36     CS   20.695   375.1   0.30   8.99  10.35   0     —     —  —
    37     CS   21.037   347.0   0.64   9.33  10.69   0     —     —  —
    38     CS   21.336   315.9   0.94   9.63  10.99   0     —    r2  REST-R2
    39     CS   30.820   287.6   0.32   0.32   0.32   0     —     —  —
    40     CS   31.103   256.7   0.60   0.60   0.60   0     —     —  —
    41     CS   31.391   226.3   0.89   0.89   0.89   0     —     —  —
    42     CS   31.879   180.5   1.38   1.38   1.38   1   b45     —  CHARGE, BRK-B45
    43     CS   33.218   415.8   0.23   1.61   1.88   0     —     —  —
    44     CS   33.448   389.5   0.46   1.84   2.11   0     —     —  —
    45     CS   33.686   364.0   0.70   2.07   2.35   0     —     —  —
    46     CS   33.931   339.0   0.94   2.32   2.59   0     —     —  —
    47     CS   34.396   286.9   1.41   2.78   3.06   0     —     —  —
    48     CS   34.646   257.7   1.66   3.03   3.30   0     —     —  —
    49     CS   34.895   228.4   1.91   3.28   3.55   0     —     —  —
    50     CS   35.166   201.0   2.18   3.55   3.82   0     —     —  —
    51     CS   35.485   172.8   2.50   3.87   4.14   0     —     —  —
    52     CS   35.836   146.3   2.85   4.22   4.50   0     —     —  —
    53     CS   36.126   116.0   3.14   4.51   4.79   1   b45     —  CHARGE, BRK-B45
    54     CS   37.606   415.9   0.19   4.71   5.26   0     —     —  —
    55     CS   37.824   394.7   0.41   4.93   5.48   0     —     —  —
    56     CS   38.031   372.6   0.62   5.13   5.68   0     —     —  —
    57     CS   38.248   349.8   0.84   5.35   5.90   0     —     —  —
    58     CS   38.451   325.8   1.04   5.55   6.10   0     —     —  —
    59   CUST   38.684   304.2   1.27   5.79   6.34   0     —     —  —
    60     CS   39.461   275.5   1.55   6.06   7.11   0     —     —  —
    61     CS   39.725   245.6   1.81   6.33   7.38   0     —     —  —
    62     CS   40.080   221.2   2.17   6.68   7.73   0     —     —  —
    63     CS   40.233   203.3   2.32   6.84   7.88   0     —     —  —
    64     CS   40.470   175.2   2.56   7.07   8.12   0     —     —  —
    65     CS   40.708   147.3   2.80   7.31   8.36   0     —     —  —
    66     CS   40.983   122.3   3.07   7.58   8.63   1   b45     —  CHARGE, BRK-B45
    67     CS   42.539   417.4   0.22   7.81   9.19   0     —     —  —
    68     CS   42.781   395.0   0.47   8.05   9.43   0     —     —  —
    69     CS   43.010   371.7   0.69   8.28   9.66   0     —     —  —
    70     CS   43.209   348.1   0.89   8.48   9.86   0     —     —  —
    71     CS   43.423   325.8   1.11   8.69  10.08   0     —     —  —
    72     CS   43.631   303.1   1.32   8.90  10.28   0     —    r2  REST-R2
    73     CS   53.314   255.0   0.52   0.52   0.52   0     —     —  —
    74     CS   53.562   232.4   0.76   0.76   0.76   0     —     —  —
    75     CS   53.872   212.6   1.07   1.07   1.07   0     —     —  —
    76     CS   54.088   187.5   1.29   1.29   1.29   0     —     —  —
    77     CS   54.372   166.7   1.57   1.57   1.57   1   b45     —  CHARGE, BRK-B45
    78     CS   55.614   385.3   0.26   1.84   2.07   0     —     —  —
    79     CS   55.870   356.8   0.52   2.10   2.32   0     —     —  —
    80     CS   56.130   328.5   0.78   2.35   2.58   0     —     —  —
    81     CS   56.510   308.3   1.16   2.73   2.96   0     —     —  —
    82     CS   56.739   280.7   1.39   2.96   3.19   0     —     —  —
    83     CS   56.973   253.0   1.62   3.20   3.43   0     —     —  —
    84     CS   57.222   226.7   1.87   3.45   3.67   0     —     —  —
    85     CS   57.457   199.0   2.11   3.68   3.91   0     —     —  —
    86   CUST   57.701   172.2   2.35   3.93   4.15   0     —     —  —
    87   CUST   58.285   166.3   2.44   4.01   4.74   0     —     —  —
    88     CS   59.001   152.9   2.65   4.23   5.45   1   b45     —  CHARGE, BRK-B45
    89     CS   60.351   433.6   0.13   4.36   5.87   0     —     —  —
    90     CS   60.626   401.9   0.41   4.63   6.14   0     —     —  —
    91     CS   60.910   371.1   0.69   4.92   6.42   0     —     —  —
    92     CS   61.236   343.3   1.02   5.24   6.75   0     —     —  —
    93     CS   61.532   313.5   1.31   5.54   7.05   0     —     —  —
    94     CS   61.817   282.7   1.60   5.83   7.33   0     —     —  —
    95     CS   62.101   259.6   1.88   6.11   7.62   0     —     —  —
    96     CS   62.338   233.2   2.12   6.35   7.85   0     —     —  —
    97     CS   62.579   207.1   2.36   6.59   8.09   0     —     —  —
    98     CS   62.814   182.5   2.60   6.82   8.33   0     —     —  —
    99     CS   63.041   157.1   2.82   7.05   8.56   0     —     —  —
   100     CS   63.297   134.0   3.08   7.31   8.81   0     —     —  —
   101     CS   63.562   111.4   3.34   7.57   9.08   1   b45     —  CHARGE, BRK-B45
   102     CS   65.065   422.8   0.24   7.81   9.52   0     —     —  —
   103     CS   65.293   398.7   0.46   8.04   9.75   0     —    r2  REST-R2
   104     CS   74.695   375.1   0.24   0.24   0.24   0     —     —  —
   105     CS   74.948   352.8   0.49   0.49   0.49   0     —     —  —
   106     CS   75.364   310.3   0.90   0.90   0.90   0     —     —  —
   107     CS   75.583   285.4   1.12   1.12   1.12   0     —     —  —
   108     CS   75.804   260.7   1.34   1.34   1.34   0     —     —  —
   109     CS   76.020   235.4   1.56   1.56   1.56   0     —     —  —
   110     CS   76.282   211.2   1.82   1.82   1.82   0     —     —  —
   111     CS   76.529   185.8   2.07   2.07   2.07   0     —     —  —
   112     CS   76.814   162.9   2.35   2.35   2.35   0     —     —  —
   113     CS   77.060   137.5   2.60   2.60   2.60   1     —     —  CHARGE
[16/33] RmediumCmediumTmedium_9      labelled   44 states in  74.2 min
  ScenarioTracker saved: /mnt/beegfs/users/celinep/ChargeAndBreak/ML/logs/RlongCmediumTlarge_6_DAGGER1_S1_H24_20260822_024956_scenarios.json

  === SIMULATION TRAJECTORY ===
  stop   type    t_arr     soc     cd     sd     sw   y   brk   rst  action
  ───────────────────────────────────────────────────────────────────────────────────────────────
     0   ORIG    8.000   500.0   0.00   0.00   0.00   0     —     —  —
     1     CS    8.233   474.0   0.23   0.23   0.23   0     —     —  —
     2     CS    8.480   449.2   0.48   0.48   0.48   0     —     —  —
     3     CS    8.710   422.9   0.71   0.71   0.71   0     —     —  —
     4     CS    8.915   400.6   0.91   0.91   0.91   0     —     —  —
     5     CS    9.124   378.7   1.12   1.12   1.12   0     —     —  —
     6     CS    9.344   357.7   1.34   1.34   1.34   0     —     —  —
     7     CS    9.563   331.5   1.56   1.56   1.56   0     —     —  —
     8     CS    9.785   305.6   1.78   1.78   1.78   0     —     —  —
     9     CS   10.040   282.5   2.04   2.04   2.04   0     —     —  —
    10     CS   10.324   260.8   2.32   2.32   2.32   0     —     —  —
    11     CS   10.567   237.2   2.57   2.57   2.57   0     —     —  —
    12     CS   10.803   213.0   2.80   2.80   2.80   0     —     —  —
    13     CS   11.036   188.5   3.04   3.04   3.04   0     —     —  —
    14     CS   11.239   166.8   3.24   3.24   3.24   0     —     —  —
    15     CS   11.444   145.3   3.44   3.44   3.44   0     —     —  —
    16     CS   11.645   123.6   3.65   3.65   3.65   1   b45     —  CHARGE, BRK-B45
    17     CS   12.907   361.0   0.29   3.93   4.14   0     —     —  —
    18     CS   13.269   334.9   0.65   4.29   4.50   0     —     —  —
    19     CS   13.490   310.2   0.87   4.51   4.72   0     —     —  —
    20     CS   13.760   288.8   1.14   4.78   4.99   0     —     —  —
    21     CS   13.984   264.4   1.36   5.01   5.22   0     —     —  —
    22     CS   14.232   241.8   1.61   5.26   5.47   0     —     —  —
    23     CS   14.521   211.4   1.90   5.54   5.75   0     —     —  —
    24     CS   14.821   181.9   2.20   5.85   6.06   0     —     —  —
    25     CS   15.040   161.4   2.42   6.06   6.27   0     —     —  —
    26     CS   15.267   141.5   2.65   6.29   6.50   0     —     —  —
    27     CS   15.470   119.9   2.85   6.49   6.70   1   b45     —  CHARGE, BRK-B45
    28     CS   16.818   378.9   0.28   6.78   7.21   0     —     —  —
    29     CS   17.096   349.8   0.56   7.05   7.49   0     —     —  —
    30     CS   17.354   319.0   0.82   7.31   7.75   0     —     —  —
    31     CS   17.697   293.8   1.16   7.65   8.09   0     —     —  —
    32     CS   18.029   257.9   1.49   7.99   8.42   0     —     —  —
    33     CS   18.304   226.3   1.77   8.26   8.70   0     —     —  —
    34     CS   18.640   199.1   2.10   8.60   9.04   0     —     —  —
    35     CS   18.922   168.1   2.39   8.88   9.32   1   b45     —  CHARGE, BRK-B45
    36     CS   20.403   405.8   0.28   9.16   9.96   0     —     —  —
    37     CS   20.666   374.6   0.55   9.43  10.22   0     —     —  —
    38     CS   20.946   345.0   0.83   9.71  10.50   0     —    r2  REST-R2
    39     CS   30.386   316.3   0.27   0.27   0.27   0     —     —  —
    40     CS   30.668   288.3   0.55   0.55   0.55   0     —     —  —
    41     CS   30.960   261.1   0.85   0.85   0.85   0     —     —  —
    42     CS   31.270   239.7   1.16   1.16   1.16   0     —     —  —
    43     CS   31.517   214.9   1.40   1.40   1.40   0     —     —  —
    44     CS   31.802   192.4   1.69   1.69   1.69   1   b45     —  CHARGE, BRK-B45
    45   CUST   33.799   321.5   0.39   2.08   2.94   0     —     —  —
    46     CS   34.542   298.9   0.63   2.32   3.68   0     —     —  —
    47     CS   34.771   275.2   0.86   2.55   3.91   0     —     —  —
    48     CS   34.986   250.4   1.07   2.76   4.12   0     —     —  —
    49   CUST   35.189   227.5   1.28   2.97   4.33   0     —     —  —
    50     CS   35.892   206.2   1.48   3.17   5.03   0     —     —  —
    51     CS   36.096   185.0   1.68   3.37   5.23   0     —     —  —
    52     CS   36.311   164.6   1.90   3.59   5.45   0     —     —  —
    53     CS   36.339   161.3   1.93   3.62   5.48   1   b45     —  CHARGE, BRK-B45
    54     CS   37.659   413.5   0.22   3.84   5.93   0     —     —  —
    55     CS   37.915   393.3   0.48   4.09   6.19   0     —     —  —
    56     CS   38.140   371.1   0.70   4.32   6.41   0     —     —  —
    57     CS   38.418   345.7   0.98   4.59   6.69   0     —     —  —
    58     CS   38.666   318.0   1.23   4.84   6.94   0     —     —  —
    59     CS   38.916   290.3   1.48   5.09   7.19   0     —     —  —
    60     CS   39.234   265.8   1.80   5.41   7.51   0     —     —  —
    61     CS   39.565   241.9   2.13   5.74   7.84   0     —     —  —
    62     CS   39.812   212.4   2.37   5.99   8.09   0     —     —  —
    63     CS   40.053   189.3   2.61   6.23   8.33   0     —     —  —
    64     CS   40.276   164.8   2.84   6.45   8.55   0     —     —  —
    65     CS   40.489   139.2   3.05   6.67   8.76   1   b45     —  CHARGE, BRK-B45
    66     CS   41.815   382.7   0.29   6.96   9.29   0     —     —  —
    67     CS   42.081   351.8   0.56   7.22   9.55   0     —     —  —
    68     CS   42.364   322.5   0.84   7.51   9.84   0     —     —  —
    69     CS   42.647   290.8   1.12   7.79  10.12   0     —     —  —
    70     CS   42.936   259.6   1.41   8.08  10.41   0     —     —  —
    71     CS   43.422   236.3   1.90   8.57  10.90   0     —     —  —
    72     CS   43.662   209.3   2.14   8.80  11.14   0     —     —  —
    73     CS   43.899   182.1   2.38   9.04  11.37   0     —     —  —
    74     CS   44.147   155.9   2.62   9.29  11.62   1     —    r2  CHARGE, REST-R2
    75     CS   54.307   354.3   0.25   0.25   0.25   0     —     —  —
    76     CS   54.558   325.1   0.50   0.50   0.50   0     —     —  —
    77     CS   54.883   297.9   0.83   0.83   0.83   0     —     —  —
    78     CS   55.166   267.8   1.11   1.11   1.11   0     —     —  —
    79     CS   55.537   242.6   1.48   1.48   1.48   0     —     —  —
    80     CS   55.800   218.2   1.74   1.74   1.74   0     —     —  —
    81     CS   56.086   195.2   2.03   2.03   2.03   0     —     —  —
    82     CS   56.394   173.2   2.34   2.34   2.34   1   b45     —  CHARGE, BRK-B45
    83     CS   57.626   402.5   0.21   2.55   2.79   0     —     —  —
    84     CS   57.829   378.4   0.41   2.75   2.99   0     —     —  —
    85   CUST   58.061   356.8   0.64   2.98   3.23   0     —     —  —
    86     CS   58.826   327.8   0.91   3.25   3.99   0     —     —  —
    87     CS   59.088   298.6   1.17   3.51   4.25   0     —     —  —
    88     CS   59.358   270.0   1.44   3.78   4.52   0     —     —  —
    89     CS   59.400   265.6   1.48   3.82   4.57   0     —     —  —
    90     CS   59.600   243.6   1.68   4.02   4.77   0     —     —  —
    91     CS   59.796   221.3   1.88   4.22   4.96   0     —     —  —
    92   CUST   59.991   198.9   2.07   4.41   5.16   0     —     —  —
    93     CS   60.614   185.3   2.20   4.53   5.78   0     —     —  —
    94   CUST   61.051   134.2   2.63   4.97   6.22   0     —     —  —
    95     CS   61.617   129.2   2.70   5.04   6.78   1   b45     —  CHARGE, BRK-B45
    96     CS   63.084   405.5   0.25   5.29   7.34   0     —     —  —
    97     CS   63.344   383.3   0.51   5.55   7.59   0     —     —  —
    98     CS   63.575   359.2   0.74   5.78   7.83   0     —     —  —
    99     CS   63.795   334.1   0.96   6.00   8.05   0     —     —  —
   100     CS   64.087   305.1   1.25   6.29   8.34   0     —     —  —
   101     CS   64.370   275.3   1.54   6.57   8.62   0     —     —  —
   102     CS   64.665   244.7   1.83   6.87   8.92   0     —     —  —
   103     CS   64.953   213.5   2.12   7.16   9.20   0     —     —  —
   104     CS   65.239   182.1   2.41   7.44   9.49   0     —     —  —
   105     CS   65.728   136.4   2.90   7.93   9.98   1   b45     —  CHARGE, BRK-B45
   106     CS   67.005   389.1   0.23   8.16  10.45   0     —     —  —
   107     CS   67.212   364.6   0.44   8.37  10.65   0     —     —  —
   108     CS   67.425   340.7   0.65   8.58  10.87   0     —     —  —
   109     CS   67.667   316.6   0.89   8.83  11.11   0     —    r2  REST-R2
   110     CS   77.075   292.5   0.24   0.24   0.24   0     —     —  —
   111     CS   77.363   271.0   0.53   0.53   0.53   0     —     —  —
   112     CS   77.601   246.6   0.77   0.77   0.77   0     —     —  —
   113     CS   77.837   220.9   1.00   1.00   1.00   0     —     —  —
   114     CS   78.084   196.1   1.25   1.25   1.25   0     —     —  —
   115     CS   78.312   169.5   1.48   1.48   1.48   1   b45     —  CHARGE, BRK-B45
   116     CS   79.529   392.5   0.25   1.73   1.94   0     —     —  —
   117     CS   79.790   365.9   0.51   1.99   2.20   0     —     —  —
   118     CS   80.043   338.5   0.76   2.24   2.45   0     —     —  —
   119     CS   80.511   297.5   1.23   2.71   2.92   0     —     —  —
   120     CS   80.759   270.5   1.48   2.96   3.17   0     —     —  —
   121     CS   81.042   246.0   1.76   3.24   3.45   0     —     —  —
   122     CS   81.291   219.1   2.01   3.49   3.70   0     —     —  —
   123     CS   81.549   193.0   2.27   3.75   3.96   0     —     —  —
   124     CS   81.804   164.3   2.53   4.00   4.21   0     —     —  —
   125     CS   82.058   135.4   2.78   4.26   4.47   1   b45     —  CHARGE, BRK-B45
   126     CS   83.584   412.9   0.27   4.52   5.04   0     —     —  —
   127     CS   84.004   392.8   0.69   4.94   5.46   0     —     —  —
   128     CS   84.258   366.3   0.94   5.20   5.72   0     —     —  —
   129     CS   84.489   340.9   1.17   5.43   5.95   0     —     —  —
   130     CS   84.780   319.2   1.46   5.72   6.24   0     —     —  —
   131     CS   85.013   294.1   1.69   5.95   6.47   0     —     —  —
   132     CS   85.354   268.8   2.04   6.29   6.81   0     —     —  —
   133     CS   85.620   238.8   2.30   6.56   7.08   0     —     —  —
   134     CS   85.890   206.6   2.57   6.83   7.35   0     —     —  —
   135     CS   86.165   175.0   2.85   7.10   7.62   0     —     —  —
   136     CS   86.446   143.9   3.13   7.39   7.91   1   b45     —  CHARGE, BRK-B45
   137     CS   87.916   414.4   0.20   7.59   8.46   0     —     —  —
   138     CS   88.121   392.8   0.41   7.79   8.67   0     —     —  —
   139     CS   88.317   370.6   0.60   7.99   8.86   0     —     —  —
   140     CS   88.577   342.3   0.86   8.25   9.12   0     —     —  —
   141     CS   88.831   313.5   1.12   8.50   9.38   0     —     —  —
   142     CS   89.110   286.7   1.39   8.78   9.66   0     —    r1  REST-R1
   143     CS  100.541   258.8   0.26   0.26   0.26   0     —     —  —
   144     CS  100.817   229.7   0.54   0.54   0.54   0     —     —  —
   145     CS  101.086   199.8   0.81   0.81   0.81   0     —     —  —
   146     CS  101.284   176.9   1.01   1.01   1.01   0     —     —  —
   147     CS  101.518   156.8   1.24   1.24   1.24   0     —     —  —
   148     CS  101.723   134.5   1.45   1.45   1.45   1   b45     —  CHARGE, BRK-B45
   149     CS  103.182   413.8   0.26   1.70   1.95   0     —     —  —
   150     CS  103.472   389.8   0.55   1.99   2.24   0     —     —  —
   151     CS  103.735   363.9   0.81   2.26   2.50   0     —     —  —
   152     CS  103.925   341.1   1.00   2.45   2.69   0     —     —  —
   153     CS  104.128   319.5   1.20   2.65   2.89   0     —     —  —
   154     CS  104.323   297.1   1.40   2.84   3.09   0     —     —  —
   155     CS  104.550   272.3   1.62   3.07   3.31   0     —     —  —
   156     CS  104.848   251.7   1.92   3.37   3.61   0     —     —  —
   157     CS  105.082   227.5   2.16   3.60   3.85   0     —     —  —
   158     CS  105.318   203.5   2.39   3.84   4.08   0     —     —  —
   159     CS  105.601   171.4   2.67   4.12   4.37   0     —     —  —
   160     CS  105.891   139.9   2.96   4.41   4.66   1   b45     —  CHARGE, BRK-B45
   161     CS  107.290   389.1   0.28   4.69   5.23   0     —     —  —
   162     CS  107.545   359.5   0.53   4.94   5.48   0     —     —  —
   163     CS  107.806   330.5   0.79   5.21   5.74   0     —     —  —
   164     CS  108.077   302.4   1.06   5.48   6.02   0     —     —  —
   165     CS  108.348   274.4   1.34   5.75   6.29   0     —     —  —
   166     CS  108.611   245.6   1.60   6.01   6.55   0     —     —  —
   167     CS  108.852   218.7   1.84   6.25   6.79   0     —     —  —
   168     CS  109.091   191.7   2.08   6.49   7.03   0     —     —  —
   169     CS  109.369   167.6   2.36   6.77   7.31   0     —     —  —
   170     CS  109.660   135.0   2.65   7.06   7.60   0     —     —  —
   171     CS  109.980   104.9   2.97   7.38   7.92   1   b45     —  CHARGE, BRK-B45
   172     CS  111.297   279.2   0.28   7.66   8.49   0     —     —  —
   173     CS  111.557   251.7   0.54   7.92   8.75   0     —     —  —
   174     CS  111.837   225.7   0.82   8.20   9.03   0     —     —  —
   175     CS  112.047   201.5   1.03   8.41   9.24   0     —     —  —
   176     CS  112.259   177.6   1.25   8.63   9.45   0     —     —  —
[17/33] RlongCmediumTlarge_6         labelled   72 states in 158.6 min
  ScenarioTracker saved: /mnt/beegfs/users/celinep/ChargeAndBreak/ML/logs/RlongCmanyTmedium_12_DAGGER1_S1_H24_20260822_052835_scenarios.json

  === SIMULATION TRAJECTORY ===
  stop   type    t_arr     soc     cd     sd     sw   y   brk   rst  action
  ───────────────────────────────────────────────────────────────────────────────────────────────
     0   ORIG    8.000   500.0   0.00   0.00   0.00   0     —     —  —
     1     CS    8.233   474.0   0.23   0.23   0.23   0     —     —  —
     2     CS    8.475   448.8   0.48   0.48   0.48   0     —     —  —
     3     CS    8.711   423.0   0.71   0.71   0.71   0     —     —  —
     4     CS    8.939   397.4   0.94   0.94   0.94   0     —     —  —
     5     CS    9.326   378.4   1.33   1.33   1.33   0     —     —  —
     6     CS    9.572   354.2   1.57   1.57   1.57   0     —     —  —
     7     CS    9.897   329.5   1.90   1.90   1.90   0     —     —  —
     8     CS   10.149   299.6   2.15   2.15   2.15   0     —     —  —
     9     CS   10.405   270.2   2.41   2.41   2.41   0     —     —  —
    10     CS   10.657   243.6   2.66   2.66   2.66   0     —     —  —
    11     CS   10.897   215.8   2.90   2.90   2.90   1   b45     —  CHARGE, BRK-B45
    12     CS   12.208   433.2   0.25   3.15   3.37   0     —     —  —
    13     CS   12.540   408.9   0.58   3.48   3.70   0     —     —  —
    14     CS   12.808   380.7   0.85   3.75   3.97   0     —     —  —
    15     CS   13.097   354.1   1.14   4.04   4.26   0     —     —  —
    16     CS   13.291   330.8   1.33   4.23   4.45   0     —     —  —
    17     CS   13.521   310.4   1.56   4.46   4.68   0     —     —  —
    18     CS   13.717   287.3   1.76   4.66   4.88   0     —     —  —
    19     CS   14.161   238.0   2.20   5.10   5.32   0     —     —  —
    20     CS   14.452   212.0   2.50   5.39   5.61   0     —     —  —
    21     CS   14.739   185.8   2.78   5.68   5.90   0     —     —  —
    22     CS   15.000   157.7   3.04   5.94   6.16   0     —     —  —
    23     CS   15.254   128.8   3.30   6.19   6.41   1   b45     —  CHARGE, BRK-B45
    24     CS   16.570   389.3   0.25   6.44   6.89   0     —     —  —
    25     CS   16.788   363.5   0.46   6.66   7.11   0     —     —  —
    26     CS   17.016   338.6   0.69   6.89   7.34   0     —     —  —
    27     CS   17.223   316.6   0.90   7.09   7.54   0     —     —  —
    28     CS   17.421   293.6   1.10   7.29   7.74   0     —     —  —
    29     CS   17.627   271.5   1.30   7.50   7.95   0     —     —  —
    30     CS   17.873   243.0   1.55   7.74   8.19   0     —     —  —
    31     CS   18.124   215.1   1.80   7.99   8.44   0     —     —  —
    32     CS   18.380   188.1   2.06   8.25   8.70   0     —     —  —
    33     CS   18.622   159.8   2.30   8.49   8.94   0     —     —  —
    34     CS   18.866   131.5   2.54   8.74   9.19   1   b45     —  CHARGE, BRK-B45
    35     CS   20.447   415.9   0.28   9.02   9.76   0     —     —  —
    36   CUST   20.755   385.9   0.59   9.33  10.07   0     —     —  —
    37     CS   21.494   357.7   0.83   9.57  10.81   0     —     —  —
    38     CS   21.743   330.4   1.08   9.81  11.06   0     —    r2  REST-R2
    39   CUST   31.152   302.5   0.24   0.24   0.24   0     —     —  —
    40   CUST   31.789   289.0   0.38   0.38   0.88   0     —     —  —
    41   CUST   32.416   276.8   0.51   0.51   1.51   0     —     —  —
    42   CUST   32.952   273.0   0.54   0.54   2.04   0     —     —  —
    43     CS   33.486   269.0   0.58   0.58   2.58   0     —     —  —
    44   CUST   33.537   265.1   0.63   0.63   2.63   0     —     —  —
    45     CS   34.329   233.9   0.92   0.92   3.42   0     —     —  —
    46   CUST   34.603   203.3   1.19   1.19   3.69   0     —     —  —
    47     CS   35.146   198.9   1.24   1.24   4.24   0     —     —  —
    48     CS   35.636   150.1   1.73   1.73   4.73   1   b45     —  CHARGE, BRK-B45
    49     CS   36.920   382.9   0.28   2.01   5.26   0     —     —  —
    50     CS   37.164   356.2   0.53   2.25   5.50   0     —     —  —
    51     CS   37.404   329.1   0.77   2.49   5.74   0     —     —  —
    52     CS   37.641   301.6   1.00   2.73   5.98   0     —     —  —
    53     CS   38.073   260.3   1.44   3.16   6.41   0     —     —  —
    54     CS   38.358   230.2   1.72   3.45   6.70   0     —     —  —
    55     CS   38.661   201.4   2.02   3.75   7.00   0     —     —  —
    56     CS   38.950   171.6   2.31   4.04   7.29   0     —     —  —
    57     CS   39.222   140.3   2.58   4.31   7.56   1   b45     —  CHARGE, BRK-B45
    58     CS   40.675   364.0   0.36   4.67   8.25   0     —     —  —
    59     CS   40.908   336.2   0.59   4.90   8.48   0     —     —  —
    60     CS   41.142   308.4   0.83   5.14   8.72   0     —     —  —
    61     CS   41.471   286.5   1.16   5.47   9.05   0     —     —  —
    62     CS   41.711   259.4   1.40   5.71   9.29   0     —     —  —
    63     CS   41.957   230.9   1.64   5.95   9.53   0     —     —  —
    64     CS   42.204   202.7   1.89   6.20   9.78   0     —     —  —
    65     CS   42.453   176.6   2.14   6.45  10.03   0     —     —  —
    66     CS   42.701   150.3   2.39   6.70  10.28   0     —     —  —
    67     CS   42.943   123.5   2.63   6.94  10.52   1   b45     —  CHARGE, BRK-B45
    68     CS   44.468   422.8   0.26   7.19  11.04   0     —     —  —
    69     CS   44.785   404.2   0.57   7.51  11.35   0     —     —  —
    70     CS   45.000   380.5   0.79   7.73  11.57   0     —     —  —
    71     CS   45.224   356.0   1.01   7.95  11.79   0     —     —  —
    72     CS   45.472   333.4   1.26   8.20  12.04   0     —    r2  REST-R2
    73     CS   54.854   308.0   0.21   0.21   0.21   0     —     —  —
    74     CS   55.158   282.2   0.52   0.52   0.52   0     —     —  —
    75     CS   55.413   252.6   0.77   0.77   0.77   0     —     —  —
    76   CUST   55.739   227.9   1.10   1.10   1.10   0     —     —  —
    77   CUST   56.425   208.2   1.29   1.29   1.79   0     —     —  —
    78     CS   57.195   176.2   1.56   1.56   2.56   0     —     —  —
    79     CS   57.497   146.8   1.86   1.86   2.86   1   b45     —  CHARGE, BRK-B45
    80   CUST   58.738   405.5   0.17   2.03   3.25   0     —     —  —
    81     CS   59.360   391.9   0.29   2.15   3.88   0     —     —  —
    82   CUST   59.728   348.6   0.66   2.52   4.24   0     —     —  —
    83     CS   60.297   341.9   0.73   2.59   4.81   0     —     —  —
    84     CS   60.640   314.6   1.07   2.93   5.16   0     —     —  —
    85     CS   60.923   283.4   1.36   3.21   5.44   0     —     —  —
    86     CS   61.218   253.1   1.65   3.51   5.73   0     —     —  —
    87     CS   61.453   226.5   1.88   3.74   5.97   0     —     —  —
    88     CS   61.694   200.5   2.13   3.98   6.21   0     —     —  —
    89     CS   61.926   173.6   2.36   4.22   6.44   1   b45     —  CHARGE, BRK-B45
    90     CS   63.369   398.9   0.35   4.57   7.04   0     —     —  —
    91     CS   63.635   367.2   0.62   4.84   7.31   0     —     —  —
    92     CS   63.905   335.9   0.89   5.11   7.58   0     —     —  —
    93     CS   64.198   306.6   1.18   5.40   7.87   0     —     —  —
    94     CS   64.514   276.1   1.50   5.72   8.18   0     —     —  —
    95     CS   64.795   242.7   1.78   6.00   8.47   0     —     —  —
    96     CS   65.079   209.4   2.07   6.28   8.75   0     —     —  —
    97     CS   65.328   180.1   2.31   6.53   9.00   0     —     —  —
    98     CS   65.575   150.6   2.56   6.78   9.24   0     —     —  —
    99     CS   65.842   122.9   2.83   7.04   9.51   1   b45     —  CHARGE, BRK-B45
   100     CS   67.373   433.9   0.23   7.28   9.98   0     —     —  —
   101     CS   67.597   413.8   0.46   7.50  10.21   0     —     —  —
   102     CS   67.815   393.3   0.68   7.72  10.43   0     —     —  —
   103     CS   68.192   349.7   1.05   8.10  10.80   0     —     —  —
   104     CS   68.528   326.5   1.39   8.43  11.14   0     —     —  —
   105     CS   68.904   304.6   1.77   8.81  11.52   0     —    r2  REST-R2
   106     CS   78.316   275.8   0.25   0.25   0.25   0     —     —  —
   107     CS   78.611   255.0   0.54   0.54   0.54   0     —     —  —
   108     CS   78.838   230.0   0.77   0.77   0.77   0     —     —  —
   109   CUST   79.095   207.2   1.02   1.02   1.02   0     —     —  —
   110     CS   79.919   178.3   1.35   1.35   1.85   0     —     —  —
   111     CS   80.196   145.6   1.63   1.63   2.13   0     —     —  —
   112     CS   80.480   113.7   1.91   1.91   2.41   1   b45     —  CHARGE, BRK-B45
   113     CS   81.804   399.1   0.19   2.10   2.81   0     —     —  —
   114   CUST   82.251   354.6   0.64   2.55   3.26   0     —     —  —
   115     CS   83.081   324.1   0.97   2.88   4.09   0     —     —  —
   116     CS   83.406   288.7   1.30   3.21   4.42   0     —     —  —
   117     CS   83.739   267.6   1.63   3.54   4.75   0     —     —  —
   118     CS   83.978   241.3   1.87   3.78   4.99   0     —     —  —
   119     CS   84.223   215.6   2.11   4.02   5.23   0     —     —  —
   120     CS   84.508   193.2   2.40   4.31   5.52   0     —     —  —
   121     CS   84.743   167.3   2.63   4.54   5.75   0     —     —  —
   122     CS   84.980   141.7   2.87   4.78   5.99   1   b45     —  CHARGE, BRK-B45
   123     CS   86.399   406.1   0.25   5.03   6.49   0     —     —  —
   124     CS   86.659   377.3   0.51   5.29   6.75   0     —     —  —
   125     CS   86.921   348.6   0.78   5.56   7.02   0     —     —  —
   126     CS   87.183   319.9   1.04   5.82   7.28   0     —     —  —
   127     CS   87.494   284.4   1.35   6.13   7.59   0     —     —  —
   128     CS   87.791   253.3   1.65   6.43   7.89   0     —     —  —
   129     CS   88.107   223.5   1.96   6.74   8.20   0     —     —  —
   130     CS   88.403   192.2   2.26   7.04   8.50   0     —     —  —
   131     CS   88.623   169.6   2.48   7.26   8.72   0     —     —  —
   132     CS   88.877   149.3   2.73   7.51   8.97   0     —     —  —
   133     CS   89.082   125.4   2.94   7.72   9.18   1   b45     —  CHARGE, BRK-B45
   134     CS   90.658   417.8   0.28   8.00   9.73   0     —     —  —
   135     CS   90.979   390.3   0.60   8.32  10.05   0     —     —  —
   136     CS   91.261   360.1   0.88   8.60  10.33   0     —    r1  REST-R1
   137     CS  102.721   330.0   0.29   0.29   0.29   0     —     —  —
   138     CS  103.025   300.8   0.60   0.60   0.60   0     —     —  —
   139     CS  103.302   269.4   0.87   0.87   0.87   0     —     —  —
   140     CS  103.606   247.2   1.18   1.18   1.18   0     —     —  —
   141     CS  103.854   221.7   1.43   1.43   1.43   0     —     —  —
   142     CS  104.089   195.1   1.66   1.66   1.66   0     —     —  —
   143     CS  104.583   153.7   2.16   2.16   2.16   1     —     —  CHARGE
   144     CS  105.540   289.2   2.37   2.37   3.11   0     —     —  —
   145     CS  105.768   265.1   2.60   2.60   3.34   0     —     —  —
   146     CS  106.008   241.9   2.84   2.84   3.58   0     —     —  —
[18/33] RlongCmanyTmedium_12         labelled   56 states in 115.9 min
  ScenarioTracker saved: /mnt/beegfs/users/celinep/ChargeAndBreak/ML/logs/RshortCmediumTnone_12_DAGGER1_S1_H24_20260822_072428_scenarios.json

  === SIMULATION TRAJECTORY ===
  stop   type    t_arr     soc     cd     sd     sw   y   brk   rst  action
  ───────────────────────────────────────────────────────────────────────────────────────────────
     0   ORIG    8.000   500.0   0.00   0.00   0.00   0     —     —  —
     1     CS    8.228   473.5   0.23   0.23   0.23   0     —     —  —
     2     CS    8.498   450.2   0.50   0.50   0.50   0     —     —  —
     3     CS    8.725   423.6   0.72   0.72   0.72   0     —     —  —
     4     CS    8.984   394.5   0.98   0.98   0.98   0     —     —  —
     5     CS    9.254   366.3   1.25   1.25   1.25   0     —     —  —
     6     CS    9.520   337.8   1.52   1.52   1.52   0     —     —  —
     7     CS    9.939   288.5   1.94   1.94   1.94   1   b45     —  CHARGE, BRK-B45
     8     CS   11.381   372.7   0.25   2.19   2.63   0     —     —  —
     9     CS   11.727   350.1   0.59   2.53   2.98   0     —     —  —
    10     CS   12.012   324.8   0.88   2.82   3.26   0     —     —  —
    11   CUST   12.282   298.4   1.15   3.09   3.53   0     —     —  —
    12     CS   13.022   275.6   1.39   3.33   4.27   0     —     —  —
    13     CS   13.265   253.0   1.63   3.57   4.52   0     —     —  —
    14     CS   13.483   228.3   1.85   3.79   4.73   0     —     —  —
    15     CS   13.489   227.7   1.85   3.79   4.74   0     —     —  —
    16     CS   13.725   199.6   2.09   4.03   4.98   0     —     —  —
    17     CS   13.962   171.5   2.33   4.27   5.21   1   b45     —  CHARGE, BRK-B45
    18     CS   15.501   414.2   0.27   4.54   5.90   0     —     —  —
    19     CS   15.741   385.9   0.51   4.78   6.14   0     —     —  —
    20     CS   16.021   360.8   0.79   5.06   6.42   0     —     —  —
    21     CS   16.309   336.1   1.08   5.35   6.71   0     —     —  —
    22     CS   16.827   297.6   1.60   5.86   7.22   0     —     —  —
    23     CS   17.081   268.9   1.85   6.12   7.48   0     —     —  —
    24     CS   17.355   241.7   2.13   6.39   7.75   0     —     —  —
    25     CS   17.605   212.5   2.38   6.64   8.00   0     —     —  —
    26     CS   17.859   183.7   2.63   6.90   8.26   1   b45     —  CHARGE, BRK-B45
    27   CUST   19.273   324.0   0.32   7.21   8.92   0     —    r2  REST-R2
    28   CUST   29.043   293.1   0.27   0.27   0.27   0     —     —  —
    29     CS   29.801   264.7   0.53   0.53   1.03   0     —     —  —
    30     CS   30.214   216.0   0.94   0.94   1.44   1   b45     —  CHARGE, BRK-B45
    31     CS   31.649   350.6   0.29   1.23   2.13   0     —     —  —
    32     CS   32.045   325.7   0.69   1.63   2.52   0     —     —  —
    33   CUST   32.366   297.6   1.01   1.95   2.84   0     —     —  —
    34     CS   33.108   275.6   1.25   2.19   3.58   0     —     —  —
    35     CS   33.429   246.5   1.57   2.51   3.91   0     —     —  —
    36     CS   33.660   222.7   1.80   2.74   4.14   0     —     —  —
    37     CS   33.900   199.4   2.04   2.98   4.38   0     —     —  —
    38   CUST   34.114   174.1   2.26   3.20   4.59   0     —     —  —
    39     CS   35.037   126.4   2.68   3.62   5.51   1   b45     —  CHARGE, BRK-B45
    40     CS   36.327   369.9   0.25   3.87   6.03   0     —     —  —
    41     CS   36.627   346.7   0.55   4.17   6.33   0     —     —  —
    42     CS   37.020   309.0   0.94   4.56   6.73   0     —     —  —
    43     CS   37.317   282.1   1.24   4.86   7.02   0     —     —  —
    44     CS   37.596   253.9   1.52   5.14   7.30   0     —     —  —
    45     CS   37.860   224.4   1.78   5.40   7.57   0     —     —  —
    46     CS   38.124   192.9   2.04   5.67   7.83   0     —     —  —
[19/33] RshortCmediumTnone_12        labelled   15 states in  15.0 min
  ScenarioTracker saved: /mnt/beegfs/users/celinep/ChargeAndBreak/ML/logs/RshortCmediumTmedium_6_DAGGER1_S1_H24_20260822_073926_scenarios.json

  === SIMULATION TRAJECTORY ===
  stop   type    t_arr     soc     cd     sd     sw   y   brk   rst  action
  ───────────────────────────────────────────────────────────────────────────────────────────────
     0   ORIG    8.000   500.0   0.00   0.00   0.00   0     —     —  —
     1     CS    8.264   476.3   0.26   0.26   0.26   0     —     —  —
     2     CS    8.503   450.9   0.50   0.50   0.50   0     —     —  —
     3     CS    8.734   424.7   0.73   0.73   0.73   0     —     —  —
     4     CS    8.994   401.3   0.99   0.99   0.99   0     —     —  —
     5     CS    9.215   374.8   1.22   1.22   1.22   0     —     —  —
     6     CS    9.474   351.4   1.47   1.47   1.47   0     —     —  —
     7     CS    9.707   325.9   1.71   1.71   1.71   0     —     —  —
     8     CS    9.969   295.5   1.97   1.97   1.97   0     —     —  —
     9     CS   10.256   267.2   2.26   2.26   2.26   0     —     —  —
    10     CS   10.509   243.5   2.51   2.51   2.51   0     —     —  —
    11     CS   10.738   217.9   2.74   2.74   2.74   0     —     —  —
    12   CUST   10.966   192.2   2.97   2.97   2.97   0     —     —  —
    13     CS   11.846   150.1   3.35   3.35   3.85   1   b45     —  CHARGE, BRK-B45
    14   CUST   13.264   431.3   0.17   3.52   4.30   0     —     —  —
    15   CUST   13.862   420.2   0.27   3.62   4.90   0     —     —  —
    16   CUST   14.594   394.1   0.50   3.85   5.63   0     —     —  —
    17     CS   15.416   357.3   0.83   4.17   6.45   0     —     —  —
    18   CUST   15.744   326.6   1.16   4.50   6.78   0     —     —  —
    19     CS   16.275   323.5   1.19   4.53   7.31   0     —     —  —
    20     CS   16.495   299.9   1.41   4.75   7.53   0     —     —  —
    21     CS   16.749   278.6   1.66   5.01   7.79   0     —     —  —
    22     CS   16.973   255.2   1.88   5.23   8.01   0     —     —  —
    23     CS   17.273   229.9   2.18   5.53   8.31   0     —     —  —
    24     CS   17.523   200.6   2.43   5.78   8.56   1   b45     —  CHARGE, BRK-B45
    25     CS   18.844   385.6   0.27   6.05   9.13   0     —     —  —
    26     CS   19.118   357.0   0.54   6.32   9.41   0     —     —  —
    27   CUST   19.373   326.7   0.80   6.58   9.66   0     —    r2  REST-R2
    28     CS   28.999   315.5   0.13   0.13   0.13   0     —     —  —
    29     CS   29.212   291.2   0.34   0.34   0.34   0     —     —  —
    30     CS   29.478   270.6   0.61   0.61   0.61   0     —     —  —
    31     CS   29.699   247.0   0.83   0.83   0.83   0     —     —  —
    32     CS   29.958   219.8   1.09   1.09   1.09   0     —     —  —
    33     CS   30.201   191.1   1.33   1.33   1.33   1   b45     —  CHARGE, BRK-B45
    34     CS   31.895   444.1   0.27   1.60   2.09   0     —     —  —
    35     CS   32.130   417.8   0.51   1.84   2.32   0     —     —  —
    36     CS   32.356   390.5   0.73   2.06   2.55   0     —     —  —
    37     CS   32.615   366.0   0.99   2.32   2.81   0     —     —  —
    38     CS   32.869   339.5   1.25   2.58   3.06   0     —     —  —
    39     CS   33.114   312.3   1.49   2.82   3.31   0     —     —  —
    40     CS   33.362   285.9   1.74   3.07   3.55   0     —     —  —
    41     CS   33.597   258.2   1.98   3.30   3.79   0     —     —  —
    42     CS   33.855   232.6   2.23   3.56   4.05   0     —     —  —
    43     CS   34.091   205.1   2.47   3.80   4.28   0     —     —  —
    44     CS   34.349   175.4   2.73   4.05   4.54   0     —     —  —
    45     CS   34.637   148.2   3.02   4.34   4.83   1     —     —  CHARGE
    46     CS   35.459   243.4   3.30   4.63   5.65   0     —     —  —
    47     CS   35.738   220.0   3.58   4.91   5.93   0     —     —  —
[20/33] RshortCmediumTmedium_6       labelled   15 states in  12.0 min
  ScenarioTracker saved: /mnt/beegfs/users/celinep/ChargeAndBreak/ML/logs/RshortCmediumTtight_4_DAGGER1_S1_H24_20260822_075126_scenarios.json

  === SIMULATION TRAJECTORY ===
  stop   type    t_arr     soc     cd     sd     sw   y   brk   rst  action
  ───────────────────────────────────────────────────────────────────────────────────────────────
     0   ORIG    8.000   500.0   0.00   0.00   0.00   0     —     —  —
     1     CS    8.292   477.9   0.29   0.29   0.29   0     —     —  —
     2     CS    8.535   452.8   0.54   0.54   0.54   0     —     —  —
     3     CS    8.778   427.6   0.78   0.78   0.78   0     —     —  —
     4     CS    9.048   402.3   1.05   1.05   1.05   0     —     —  —
     5     CS    9.294   375.1   1.29   1.29   1.29   0     —     —  —
     6     CS    9.563   344.6   1.56   1.56   1.56   0     —     —  —
     7     CS    9.834   314.1   1.83   1.83   1.83   0     —     —  —
     8     CS   10.137   286.2   2.14   2.14   2.14   0     —     —  —
     9     CS   10.385   258.1   2.38   2.38   2.38   0     —     —  —
    10     CS   10.633   229.9   2.63   2.63   2.63   0     —     —  —
    11     CS   10.922   204.8   2.92   2.92   2.92   0     —     —  —
    12     CS   11.169   176.6   3.17   3.17   3.17   0     —     —  —
    13     CS   11.397   152.4   3.40   3.40   3.40   0     —     —  —
    14     CS   11.621   127.9   3.62   3.62   3.62   0     —     —  —
    15     CS   11.882   106.1   3.88   3.88   3.88   1   b45     —  CHARGE, BRK-B45
    16     CS   13.267   371.4   0.29   4.18   4.41   0     —     —  —
    17     CS   13.573   340.2   0.60   4.48   4.71   0     —     —  —
    18     CS   13.797   316.5   0.82   4.71   4.94   0     —     —  —
    19     CS   14.006   291.4   1.03   4.92   5.15   0     —     —  —
    20   CUST   14.220   266.8   1.25   5.13   5.36   0     —     —  —
    21   CUST   14.986   240.2   1.51   5.40   6.13   0     —     —  —
    22   CUST   15.615   225.9   1.64   5.52   6.76   0     —     —  —
    23     CS   16.164   221.0   1.69   5.57   7.31   0     —     —  —
    24   CUST   16.418   193.3   1.94   5.83   7.56   0     —     —  —
    25     CS   17.029   181.0   2.06   5.94   8.17   0     —     —  —
    26     CS   17.217   158.3   2.24   6.13   8.36   0     —     —  —
    27     CS   17.411   136.2   2.44   6.32   8.55   0     —     —  —
    28     CS   17.603   114.0   2.63   6.51   8.75   1   b45     —  CHARGE, BRK-B45
    29     CS   19.628   429.5   0.36   6.87   9.68   0     —     —  —
    30     CS   19.917   400.6   0.64   7.16   9.97   0     —     —  —
    31     CS   20.210   372.0   0.94   7.45  10.26   0     —     —  —
    32     CS   20.407   348.1   1.13   7.65  10.46   0     —     —  —
    33     CS   20.608   324.7   1.34   7.85  10.66   0     —     —  —
    34     CS   20.829   303.0   1.56   8.07  10.88   0     —     —  —
    35     CS   21.034   279.2   1.76   8.27  11.09   0     —     —  —
    36     CS   21.241   255.5   1.97   8.48  11.29   0     —     —  —
    37     CS   21.446   231.7   2.17   8.69  11.50   0     —     —  —
    38     CS   21.659   210.8   2.39   8.90  11.71   0     —     —  —
    39     CS   21.852   188.3   2.58   9.09  11.90   0     —     —  —
    40     CS   22.076   168.2   2.80   9.32  12.13   1     —    r2  CHARGE, REST-R2
    41     CS   32.051   218.5   0.24   0.24   0.24   0     —     —  —
    42     CS   32.287   192.8   0.48   0.48   0.48   0     —     —  —
[21/33] RshortCmediumTtight_4        labelled   11 states in   8.3 min
    [warn] teacher query failed @4: Solver failed to locate input problem file: /tmp/tmp68hiam0d.pyomo.lp
  ScenarioTracker saved: /mnt/beegfs/users/celinep/ChargeAndBreak/ML/logs/RmediumCfewTnone_2_DAGGER1_S1_H24_20260822_075945_scenarios.json

  === SIMULATION TRAJECTORY ===
  stop   type    t_arr     soc     cd     sd     sw   y   brk   rst  action
  ───────────────────────────────────────────────────────────────────────────────────────────────
     0   ORIG    8.000   500.0   0.00   0.00   0.00   0     —     —  —
     1     CS    8.296   478.1   0.30   0.30   0.30   0     —     —  —
     2     CS    8.537   452.7   0.54   0.54   0.54   0     —     —  —
     3     CS    8.792   428.5   0.79   0.79   0.79   0     —     —  —
     4     CS    8.996   404.6   1.00   1.00   1.00   0     —     —  —
     5     CS    9.197   380.3   1.20   1.20   1.20   0     —     —  —
     6     CS    9.423   358.3   1.42   1.42   1.42   0     —     —  —
     7     CS    9.739   333.0   1.74   1.74   1.74   0     —     —  —
     8     CS    9.992   303.3   1.99   1.99   1.99   0     —     —  —
     9     CS   10.243   273.4   2.24   2.24   2.24   0     —     —  —
    10     CS   10.478   249.9   2.48   2.48   2.48   0     —     —  —
    11     CS   10.789   230.1   2.79   2.79   2.79   0     —     —  —
    12     CS   11.006   205.0   3.01   3.01   3.01   0     —     —  —
    13     CS   11.266   175.6   3.27   3.27   3.27   0     —     —  —
    14     CS   11.571   149.5   3.57   3.57   3.57   1   b45     —  CHARGE, BRK-B45
    15     CS   13.056   392.9   0.29   3.86   4.24   0     —     —  —
    16     CS   13.375   367.1   0.61   4.18   4.56   0     —     —  —
    17     CS   13.689   341.0   0.92   4.50   4.87   0     —     —  —
    18     CS   14.062   317.4   1.30   4.87   5.24   0     —     —  —
    19     CS   14.286   296.6   1.52   5.09   5.47   0     —     —  —
    20     CS   14.555   278.0   1.79   5.36   5.74   0     —     —  —
    21     CS   14.761   255.8   2.00   5.57   5.94   0     —     —  —
    22     CS   14.976   234.4   2.21   5.78   6.16   0     —     —  —
    23     CS   15.206   214.0   2.44   6.01   6.39   0     —     —  —
    24     CS   15.406   191.3   2.64   6.21   6.59   0     —     —  —
    25     CS   15.702   159.2   2.94   6.51   6.88   0     —     —  —
    26     CS   16.022   129.0   3.26   6.83   7.20   1   b45     —  CHARGE, BRK-B45
    27     CS   17.377   373.3   0.26   7.09   7.77   0     —     —  —
    28     CS   17.662   346.3   0.54   7.37   8.06   0     —     —  —
    29     CS   17.939   318.7   0.82   7.65   8.33   0     —     —  —
    30     CS   18.195   290.1   1.08   7.91   8.59   0     —     —  —
    31     CS   18.479   263.6   1.36   8.19   8.87   0     —     —  —
    32     CS   18.777   238.1   1.66   8.49   9.17   0     —     —  —
    33     CS   19.098   213.1   1.98   8.81   9.49   0     —     —  —
    34     CS   19.412   187.8   2.29   9.12   9.81   0     —     —  —
    35     CS   19.757   163.9   2.64   9.47  10.15   1     —    r2  CHARGE, REST-R2
    36     CS   30.021   381.1   0.33   0.33   0.33   0     —     —  —
    37     CS   30.282   351.8   0.59   0.59   0.59   0     —     —  —
    38     CS   30.487   327.9   0.80   0.80   0.80   0     —     —  —
    39     CS   30.695   304.3   1.00   1.00   1.00   0     —     —  —
    40     CS   30.901   280.6   1.21   1.21   1.21   0     —     —  —
    41     CS   31.170   253.0   1.48   1.48   1.48   0     —     —  —
    42     CS   31.482   228.2   1.79   1.79   1.79   0     —     —  —
    43     CS   31.759   201.4   2.07   2.07   2.07   1   b45     —  CHARGE, BRK-B45
    44     CS   33.018   413.5   0.27   2.33   2.57   0     —     —  —
    45     CS   33.247   386.4   0.49   2.56   2.80   0     —     —  —
    46     CS   33.475   359.4   0.72   2.79   3.03   0     —     —  —
    47     CS   33.713   333.2   0.96   3.03   3.27   0     —     —  —
    48     CS   33.935   307.0   1.18   3.25   3.49   0     —     —  —
    49     CS   34.164   281.3   1.41   3.48   3.72   0     —     —  —
    50     CS   34.446   259.3   1.69   3.76   4.00   0     —     —  —
    51     CS   34.867   210.3   2.11   4.18   4.42   0     —     —  —
    52     CS   35.150   178.7   2.40   4.47   4.70   0     —     —  —
    53     CS   35.447   148.1   2.69   4.76   5.00   0     —     —  —
    54     CS   35.768   119.4   3.02   5.08   5.32   1   b45     —  CHARGE, BRK-B45
    55     CS   37.073   377.4   0.25   5.34   5.79   0     —     —  —
    56     CS   37.335   349.3   0.51   5.60   6.06   0     —     —  —
    57     CS   37.595   325.9   0.78   5.86   6.32   0     —     —  —
    58     CS   37.843   301.7   1.02   6.11   6.56   0     —     —  —
    59     CS   38.067   275.5   1.25   6.33   6.79   0     —     —  —
    60     CS   38.299   250.0   1.48   6.56   7.02   0     —     —  —
    61     CS   38.512   226.9   1.69   6.78   7.23   0     —     —  —
    62     CS   38.727   204.0   1.91   6.99   7.45   0     —     —  —
    63     CS   38.942   181.0   2.12   7.21   7.66   0     —     —  —
    64     CS   39.226   147.8   2.41   7.49   7.95   0     —     —  —
    65     CS   39.593   120.2   2.77   7.86   8.31   1   b45     —  CHARGE, BRK-B45
    66     CS   40.946   391.6   0.22   8.08   8.79   0     —     —  —
    67     CS   41.183   369.0   0.46   8.31   9.03   0     —     —  —
    68   CUST   41.413   345.7   0.69   8.54   9.26   0     —    r2  REST-R2
    69     CS   51.168   315.8   0.26   0.26   0.26   0     —     —  —
    70     CS   51.421   285.7   0.51   0.51   0.51   0     —     —  —
    71     CS   51.752   260.9   0.84   0.84   0.84   0     —     —  —
    72     CS   51.994   234.5   1.08   1.08   1.08   0     —     —  —
    73     CS   52.312   205.2   1.40   1.40   1.40   0     —     —  —
    74     CS   52.590   172.7   1.68   1.68   1.68   1   b45     —  CHARGE, BRK-B45
    75     CS   53.923   370.8   0.21   1.88   2.26   0     —     —  —
    76     CS   54.189   350.5   0.47   2.15   2.53   0     —     —  —
    77     CS   54.462   330.4   0.75   2.42   2.80   0     —     —  —
    78     CS   54.656   307.1   0.94   2.62   2.99   0     —     —  —
    79     CS   54.896   287.3   1.18   2.86   3.23   0     —     —  —
    80     CS   55.095   264.4   1.38   3.06   3.43   0     —     —  —
    81     CS   55.313   238.9   1.60   3.27   3.65   0     —     —  —
    82     CS   55.698   220.4   1.98   3.66   4.04   0     —     —  —
    83     CS   55.916   194.8   2.20   3.88   4.25   0     —     —  —
    84     CS   56.142   169.9   2.43   4.10   4.48   1   b45     —  CHARGE, BRK-B45
    85     CS   57.622   313.3   0.53   4.63   5.21   0     —     —  —
    86     CS   57.862   288.6   0.77   4.87   5.45   0     —     —  —
    87     CS   58.089   262.9   0.99   5.10   5.68   0     —     —  —
    88     CS   58.332   238.5   1.24   5.34   5.92   0     —     —  —
    89     CS   58.569   211.7   1.48   5.58   6.16   0     —     —  —
    90     CS   58.799   184.2   1.71   5.81   6.39   0     —     —  —
    91     CS   59.037   157.4   1.94   6.05   6.62   0     —     —  —
[22/33] RmediumCfewTnone_2           labelled   29 states in  35.3 min
  ScenarioTracker saved: /mnt/beegfs/users/celinep/ChargeAndBreak/ML/logs/RlongCfewTmedium_7_DAGGER1_S1_H24_20260822_083504_scenarios.json

  === SIMULATION TRAJECTORY ===
  stop   type    t_arr     soc     cd     sd     sw   y   brk   rst  action
  ───────────────────────────────────────────────────────────────────────────────────────────────
     0   ORIG    8.000   500.0   0.00   0.00   0.00   0     —     —  —
     1     CS    8.239   474.6   0.24   0.24   0.24   0     —     —  —
     2     CS    8.481   449.3   0.48   0.48   0.48   0     —     —  —
     3     CS    8.726   424.3   0.73   0.73   0.73   0     —     —  —
     4     CS    8.983   395.8   0.98   0.98   0.98   0     —     —  —
     5     CS    9.235   366.8   1.23   1.23   1.23   0     —     —  —
     6     CS    9.484   337.5   1.48   1.48   1.48   0     —     —  —
     7     CS    9.808   311.4   1.81   1.81   1.81   0     —     —  —
     8     CS   10.176   287.2   2.18   2.18   2.18   0     —     —  —
     9     CS   10.405   263.3   2.41   2.41   2.41   0     —     —  —
    10     CS   10.629   238.8   2.63   2.63   2.63   0     —     —  —
    11     CS   10.845   213.6   2.85   2.85   2.85   1   b45     —  CHARGE, BRK-B45
    12     CS   12.122   385.2   0.28   3.13   3.37   0     —     —  —
    13     CS   12.373   356.1   0.54   3.38   3.62   0     —     —  —
    14     CS   12.813   335.0   0.98   3.82   4.06   0     —     —  —
    15     CS   13.104   309.0   1.27   4.11   4.35   0     —     —  —
    16     CS   13.369   288.0   1.53   4.38   4.62   0     —     —  —
    17     CS   13.649   267.6   1.81   4.66   4.90   0     —     —  —
    18     CS   13.879   244.5   2.04   4.89   5.13   0     —     —  —
    19     CS   14.202   207.8   2.36   5.21   5.45   0     —     —  —
    20     CS   14.487   184.7   2.65   5.50   5.74   0     —     —  —
    21     CS   14.741   159.6   2.90   5.75   5.99   0     —     —  —
    22     CS   14.977   133.2   3.14   5.99   6.23   1   b45     —  CHARGE, BRK-B45
    23     CS   16.222   385.2   0.22   6.21   6.65   0     —     —  —
    24     CS   16.446   358.9   0.45   6.43   6.88   0     —     —  —
    25     CS   16.690   334.4   0.69   6.68   7.12   0     —     —  —
    26     CS   17.085   315.5   1.09   7.07   7.52   0     —     —  —
    27     CS   17.341   286.1   1.34   7.33   7.77   0     —     —  —
    28     CS   17.620   258.6   1.62   7.61   8.05   0     —     —  —
    29     CS   17.904   231.5   1.91   7.89   8.33   0     —     —  —
    30     CS   18.140   204.1   2.14   8.13   8.57   0     —     —  —
    31     CS   18.494   183.1   2.50   8.48   8.93   0     —     —  —
    32     CS   18.730   155.7   2.73   8.72   9.16   1   b45     —  CHARGE, BRK-B45
    33     CS   20.101   375.5   0.31   9.03   9.78   0     —     —  —
    34     CS   20.364   348.6   0.58   9.29  10.05   0     —     —  —
    35     CS   20.629   319.2   0.84   9.56  10.31   0     —    r2  REST-R2
    36     CS   30.056   289.4   0.26   0.26   0.26   0     —     —  —
    37     CS   30.358   262.8   0.56   0.56   0.56   0     —     —  —
    38     CS   30.640   230.6   0.84   0.84   0.84   0     —     —  —
    39     CS   30.954   201.0   1.16   1.16   1.16   0     —     —  —
    40     CS   31.184   174.7   1.39   1.39   1.39   0     —     —  —
    41     CS   31.415   148.6   1.62   1.62   1.62   0     —     —  —
    42     CS   31.643   122.0   1.85   1.85   1.85   1   b45     —  CHARGE, BRK-B45
    43     CS   32.995   383.0   0.25   2.10   2.34   0     —     —  —
    44     CS   33.285   356.5   0.54   2.39   2.63   0     —     —  —
    45     CS   33.545   327.7   0.80   2.65   2.89   0     —     —  —
    46     CS   33.797   298.0   1.06   2.90   3.14   0     —     —  —
    47     CS   34.375   260.2   1.63   3.48   3.72   0     —     —  —
    48     CS   34.782   240.7   2.04   3.89   4.13   0     —     —  —
    49     CS   35.052   216.8   2.31   4.16   4.40   0     —     —  —
    50     CS   35.295   190.9   2.55   4.40   4.64   1   b45     —  CHARGE, BRK-B45
    51     CS   36.606   423.0   0.24   4.64   5.13   0     —     —  —
    52     CS   36.838   399.9   0.47   4.87   5.36   0     —     —  —
    53     CS   37.141   380.4   0.77   5.18   5.66   0     —     —  —
    54     CS   37.417   356.8   1.05   5.45   5.94   0     —     —  —
    55     CS   37.657   330.7   1.29   5.69   6.18   0     —     —  —
    56     CS   37.905   305.2   1.54   5.94   6.43   0     —     —  —
    57     CS   38.233   284.8   1.87   6.27   6.76   0     —     —  —
    58     CS   38.462   259.0   2.10   6.50   6.99   0     —     —  —
    59     CS   38.690   233.2   2.32   6.72   7.21   0     —     —  —
    60     CS   38.936   208.8   2.57   6.97   7.46   0     —     —  —
    61     CS   39.271   186.7   2.90   7.31   7.79   0     —     —  —
    62     CS   39.532   160.8   3.17   7.57   8.06   0     —     —  —
    63     CS   39.794   134.9   3.43   7.83   8.32   1   b45     —  CHARGE, BRK-B45
    64     CS   41.352   377.0   0.37   8.20   9.01   0     —     —  —
    65     CS   41.660   356.3   0.68   8.51   9.32   0     —     —  —
    66     CS   41.955   335.2   0.98   8.81   9.62   0     —     —  —
    67     CS   42.222   312.7   1.24   9.07   9.88   0     —     —  —
    68     CS   42.457   288.1   1.48   9.31  10.12   0     —     —  —
    69     CS   42.717   258.6   1.74   9.57  10.38   0     —     —  —
    70     CS   42.983   229.7   2.01   9.83  10.64   0     —    r2  REST-R2
    71     CS   52.446   199.2   0.30   0.30   0.30   0     —     —  —
    72     CS   52.727   167.3   0.58   0.58   0.58   0     —     —  —
    73     CS   53.035   137.7   0.89   0.89   0.89   1   b45     —  CHARGE, BRK-B45
    74     CS   54.845   366.1   0.66   1.55   1.92   0     —     —  —
    75     CS   55.148   338.9   0.96   1.85   2.22   0     —     —  —
    76     CS   55.430   310.3   1.25   2.13   2.50   0     —     —  —
    77     CS   55.751   284.0   1.57   2.45   2.82   0     —     —  —
    78     CS   56.069   257.7   1.88   2.77   3.14   0     —     —  —
    79   CUST   56.576   211.1   2.39   3.28   3.65   0     —     —  —
    80     CS   57.239   196.2   2.55   3.44   4.31   0     —     —  —
    81     CS   57.573   170.2   2.89   3.77   4.64   0     —     —  —
    82     CS   57.850   140.6   3.17   4.05   4.92   1   b45     —  CHARGE, BRK-B45
    83     CS   59.266   397.8   0.24   4.29   5.47   0     —     —  —
    84     CS   59.499   371.2   0.47   4.52   5.71   0     —     —  —
    85     CS   59.751   346.2   0.72   4.77   5.96   0     —     —  —
    86     CS   59.980   319.3   0.95   5.00   6.19   0     —     —  —
    87     CS   60.498   288.8   1.47   5.52   6.71   0     —     —  —
    88     CS   60.763   265.3   1.73   5.78   6.97   0     —     —  —
    89     CS   61.040   242.4   2.01   6.06   7.25   0     —     —  —
    90     CS   61.299   218.5   2.27   6.32   7.51   0     —     —  —
    91     CS   61.566   195.7   2.54   6.59   7.77   0     —     —  —
    92     CS   61.793   169.9   2.76   6.81   8.00   0     —     —  —
    93     CS   62.015   143.6   2.98   7.03   8.22   1   b45     —  CHARGE, BRK-B45
    94     CS   63.318   381.7   0.29   7.32   8.73   0     —     —  —
    95     CS   63.617   351.4   0.59   7.62   9.03   0     —     —  —
    96     CS   63.899   319.7   0.87   7.90   9.31   0     —     —  —
    97     CS   64.179   290.9   1.15   8.18   9.59   0     —     —  —
    98     CS   64.464   262.4   1.43   8.47   9.87   0     —     —  —
    99     CS   64.729   233.0   1.70   8.73  10.14   0     —    r2  REST-R2
   100     CS   74.160   203.5   0.26   0.26   0.26   0     —     —  —
   101     CS   74.415   173.2   0.52   0.52   0.52   1   b45     —  CHARGE, BRK-B45
   102     CS   75.989   390.1   0.24   0.76   1.34   0     —     —  —
   103     CS   76.237   362.3   0.49   1.01   1.59   0     —     —  —
   104     CS   76.507   336.3   0.76   1.28   1.86   0     —     —  —
   105     CS   76.731   309.5   0.99   1.50   2.09   0     —     —  —
   106     CS   77.023   287.3   1.28   1.80   2.38   0     —     —  —
   107   CUST   77.247   260.4   1.50   2.02   2.60   0     —     —  —
   108     CS   77.810   253.2   1.56   2.08   3.16   0     —     —  —
   109     CS   78.123   224.9   1.88   2.40   3.48   0     —     —  —
   110     CS   78.438   196.7   2.19   2.71   3.79   0     —     —  —
   111     CS   78.724   166.5   2.48   3.00   4.08   0     —     —  —
   112     CS   78.984   138.3   2.74   3.26   4.34   0     —     —  —
   113     CS   79.283   112.8   3.04   3.56   4.64   1   b45     —  CHARGE, BRK-B45
   114     CS   80.940   423.9   0.28   3.83   5.22   0     —     —  —
   115     CS   81.212   395.9   0.55   4.10   5.49   0     —     —  —
   116     CS   81.594   373.1   0.93   4.49   5.87   0     —     —  —
   117     CS   81.794   350.5   1.13   4.69   6.07   0     —     —  —
   118     CS   82.061   331.9   1.40   4.95   6.34   0     —     —  —
   119     CS   82.267   309.7   1.60   5.16   6.54   0     —     —  —
   120     CS   82.544   278.3   1.88   5.44   6.82   0     —     —  —
   121     CS   82.856   249.6   2.19   5.75   7.13   0     —     —  —
   122     CS   83.143   226.0   2.48   6.03   7.42   0     —     —  —
   123     CS   83.374   198.2   2.71   6.27   7.65   0     —     —  —
   124     CS   83.696   176.2   3.03   6.59   7.97   1     —    r1  CHARGE, REST-R1
   125     CS   96.648   324.8   0.23   0.23   0.23   0     —     —  —
   126     CS   96.878   298.5   0.46   0.46   0.46   0     —     —  —
   127     CS   97.166   276.2   0.75   0.75   0.75   0     —     —  —
   128     CS   97.436   253.0   1.02   1.02   1.02   0     —     —  —
   129     CS   97.650   232.2   1.23   1.23   1.23   0     —     —  —
   130     CS   97.841   209.4   1.42   1.42   1.42   0     —     —  —
   131     CS   98.058   188.8   1.64   1.64   1.64   0     —     —  —
   132     CS   98.369   158.0   1.95   1.95   1.95   0     —     —  —
   133     CS   98.775   131.9   2.36   2.36   2.36   1   b45     —  CHARGE, BRK-B45
   134     CS  100.448   437.7   0.22   2.58   2.95   0     —     —  —
   135     CS  100.665   412.5   0.44   2.79   3.17   0     —     —  —
   136     CS  100.880   387.3   0.65   3.01   3.38   0     —     —  —
   137     CS  101.100   362.4   0.87   3.23   3.60   0     —     —  —
   138     CS  101.428   332.7   1.20   3.55   3.93   0     —     —  —
   139     CS  101.723   300.6   1.49   3.85   4.22   0     —     —  —
   140     CS  102.005   267.2   1.78   4.13   4.51   0     —     —  —
   141     CS  102.515   218.8   2.29   4.64   5.02   0     —     —  —
   142     CS  102.769   193.7   2.54   4.90   5.27   0     —     —  —
   143     CS  103.002   166.9   2.77   5.13   5.50   0     —     —  —
   144     CS  103.240   140.7   3.01   5.37   5.74   1     —     —  CHARGE
   145     CS  104.358   292.6   3.29   5.65   6.86   0     —     —  —
   146     CS  104.662   264.8   3.60   5.95   7.16   0     —     —  —
[23/33] RlongCfewTmedium_7           labelled   49 states in  90.6 min
  ScenarioTracker saved: /mnt/beegfs/users/celinep/ChargeAndBreak/ML/logs/RshortCmediumTnone_17_DAGGER1_S1_H24_20260822_100543_scenarios.json

  === SIMULATION TRAJECTORY ===
  stop   type    t_arr     soc     cd     sd     sw   y   brk   rst  action
  ───────────────────────────────────────────────────────────────────────────────────────────────
     0   ORIG    8.000   500.0   0.00   0.00   0.00   0     —     —  —
     1     CS    8.238   474.4   0.24   0.24   0.24   0     —     —  —
     2     CS    8.463   447.7   0.46   0.46   0.46   0     —     —  —
     3     CS    8.706   422.5   0.71   0.71   0.71   0     —     —  —
     4     CS    9.044   395.4   1.04   1.04   1.04   0     —     —  —
     5     CS    9.319   363.7   1.32   1.32   1.32   0     —     —  —
     6     CS    9.540   338.2   1.54   1.54   1.54   0     —     —  —
     7     CS    9.787   314.8   1.79   1.79   1.79   0     —     —  —
     8     CS   10.025   290.7   2.02   2.02   2.02   0     —     —  —
     9     CS   10.257   264.1   2.26   2.26   2.26   0     —     —  —
    10     CS   10.509   239.1   2.51   2.51   2.51   0     —     —  —
    11     CS   10.744   212.7   2.74   2.74   2.74   0     —     —  —
    12     CS   11.001   188.1   3.00   3.00   3.00   0     —     —  —
    13     CS   11.229   168.2   3.23   3.23   3.23   0     —     —  —
    14     CS   11.442   147.3   3.44   3.44   3.44   0     —     —  —
    15     CS   11.657   126.6   3.66   3.66   3.66   1   b45     —  CHARGE, BRK-B45
    16     CS   13.039   402.0   0.25   3.90   4.12   0     —     —  —
    17     CS   13.293   377.2   0.50   4.16   4.37   0     —     —  —
    18     CS   13.534   351.3   0.74   4.40   4.62   0     —     —  —
    19     CS   13.802   327.4   1.01   4.66   4.88   0     —     —  —
    20     CS   14.282   304.4   1.49   5.14   5.36   0     —     —  —
    21     CS   14.616   282.8   1.82   5.48   5.70   0     —     —  —
    22     CS   14.876   257.5   2.08   5.74   5.96   0     —     —  —
    23   CUST   15.165   234.0   2.37   6.03   6.25   0     —     —  —
    24     CS   15.963   204.7   2.67   6.33   7.04   0     —     —  —
    25     CS   16.276   176.5   2.98   6.64   7.36   0     —     —  —
    26   CUST   16.552   145.3   3.26   6.92   7.63   0     —    r2  REST-R2
    27     CS   26.064   144.1   0.01   0.01   0.01   0     —     —  —
    28     CS   26.307   125.9   0.26   0.26   0.26   1   b45     —  CHARGE, BRK-B45
    29     CS   27.638   382.4   0.29   0.54   0.74   0     —     —  —
    30     CS   27.913   352.0   0.56   0.82   1.02   0     —     —  —
    31     CS   28.183   321.0   0.83   1.09   1.29   0     —     —  —
    32     CS   28.478   292.3   1.13   1.38   1.58   0     —     —  —
    33     CS   28.714   266.0   1.36   1.62   1.82   0     —     —  —
    34     CS   28.953   239.9   1.60   1.86   2.06   0     —     —  —
    35     CS   29.197   214.3   1.85   2.10   2.30   0     —     —  —
    36     CS   29.479   191.2   2.13   2.38   2.58   1   b45     —  CHARGE, BRK-B45
    37     CS   30.696   394.4   0.25   2.63   3.05   0     —     —  —
    38     CS   30.982   371.4   0.53   2.92   3.34   0     —     —  —
    39     CS   31.252   347.4   0.80   3.19   3.61   0     —     —  —
    40     CS   31.524   318.7   1.07   3.46   3.88   0     —     —  —
    41     CS   31.789   289.3   1.34   3.72   4.14   0     —     —  —
    42   CUST   32.059   260.3   1.61   3.99   4.41   0     —     —  —
    43     CS   32.910   220.3   1.96   4.34   5.27   0     —     —  —
    44   CUST   33.102   206.8   2.15   4.54   5.46   0     —     —  —
    45     CS   33.850   194.8   2.40   4.78   6.21   1   b45     —  CHARGE, BRK-B45
    46     CS   35.158   365.8   0.34   5.12   6.76   0     —     —  —
    47     CS   35.426   338.8   0.61   5.39   7.03   0     —     —  —
    48     CS   35.693   311.8   0.87   5.66   7.30   0     —     —  —
    49     CS   35.944   283.2   1.12   5.91   7.55   0     —     —  —
    50     CS   36.238   257.9   1.42   6.20   7.84   0     —     —  —
    51     CS   36.498   228.5   1.68   6.46   8.10   0     —     —  —
    52     CS   36.752   198.4   1.93   6.72   8.36   0     —     —  —
    53     CS   37.022   173.1   2.20   6.99   8.63   0     —     —  —
    54     CS   37.273   146.4   2.45   7.24   8.88   0     —     —  —
[24/33] RshortCmediumTnone_17        labelled   17 states in  16.2 min
  ScenarioTracker saved: /mnt/beegfs/users/celinep/ChargeAndBreak/ML/logs/RmediumCmediumTmedium_7_DAGGER1_S1_H24_20260822_102154_scenarios.json

  === SIMULATION TRAJECTORY ===
  stop   type    t_arr     soc     cd     sd     sw   y   brk   rst  action
  ───────────────────────────────────────────────────────────────────────────────────────────────
     0   ORIG    8.000   500.0   0.00   0.00   0.00   0     —     —  —
     1     CS    8.283   477.4   0.28   0.28   0.28   0     —     —  —
     2     CS    8.509   450.8   0.51   0.51   0.51   0     —     —  —
     3     CS    8.733   423.9   0.73   0.73   0.73   0     —     —  —
     4     CS    9.029   397.6   1.03   1.03   1.03   0     —     —  —
     5     CS    9.289   368.6   1.29   1.29   1.29   0     —     —  —
     6     CS    9.570   341.2   1.57   1.57   1.57   0     —     —  —
     7     CS    9.842   315.3   1.84   1.84   1.84   0     —     —  —
     8     CS   10.110   289.3   2.11   2.11   2.11   0     —     —  —
     9     CS   10.355   261.1   2.35   2.35   2.35   0     —     —  —
    10     CS   10.722   219.0   2.72   2.72   2.72   0     —     —  —
    11     CS   11.011   187.1   3.01   3.01   3.01   0     —     —  —
    12     CS   11.320   156.8   3.32   3.32   3.32   0     —     —  —
    13     CS   11.600   124.0   3.60   3.60   3.60   1   b45     —  CHARGE, BRK-B45
    14     CS   13.131   411.8   0.25   3.85   4.18   0     —     —  —
    15     CS   13.346   387.4   0.47   4.07   4.39   0     —     —  —
    16     CS   13.558   362.5   0.68   4.28   4.60   0     —     —  —
    17     CS   13.768   338.3   0.89   4.49   4.81   0     —     —  —
    18     CS   14.066   319.2   1.19   4.79   5.11   0     —     —  —
    19     CS   14.281   295.4   1.40   5.00   5.32   0     —     —  —
    20     CS   14.526   272.6   1.65   5.25   5.57   0     —     —  —
    21     CS   14.751   248.2   1.87   5.47   5.80   0     —     —  —
    22     CS   15.016   226.6   2.14   5.74   6.06   0     —     —  —
    23     CS   15.230   201.2   2.35   5.95   6.27   0     —     —  —
    24     CS   15.486   174.1   2.61   6.21   6.53   0     —     —  —
    25     CS   15.725   145.5   2.85   6.45   6.77   0     —     —  —
    26     CS   15.969   117.3   3.09   6.69   7.01   1   b45     —  CHARGE, BRK-B45
    27     CS   17.201   366.2   0.21   6.90   7.47   0     —     —  —
    28     CS   17.414   343.9   0.42   7.12   7.68   0     —     —  —
    29   CUST   17.613   320.3   0.62   7.32   7.88   0     —     —  —
    30     CS   18.404   294.8   0.91   7.61   8.67   0     —     —  —
    31   CUST   18.653   266.1   1.16   7.86   8.92   0     —     —  —
    32     CS   19.235   257.1   1.25   7.94   9.50   0     —     —  —
    33     CS   19.562   221.9   1.57   8.26   9.83   0     —     —  —
    34     CS   19.778   197.5   1.79   8.48  10.05   0     —     —  —
    35     CS   19.987   172.4   2.00   8.69  10.26   0     —     —  —
    36     CS   20.217   149.2   2.23   8.92  10.49   0     —     —  —
    37     CS   20.589   105.1   2.60   9.29  10.86   1   b45     —  CHARGE, BRK-B45
    38     CS   22.109   405.3   0.25   9.54  11.38   0     —     —  —
    39     CS   22.347   379.2   0.48   9.78  11.62   0     —    r2  REST-R2
    40     CS   31.753   353.1   0.24   0.24   0.24   0     —     —  —
    41     CS   32.021   329.3   0.51   0.51   0.51   0     —     —  —
    42     CS   32.260   302.2   0.75   0.75   0.75   0     —     —  —
    43     CS   32.498   275.1   0.98   0.98   0.98   0     —     —  —
    44     CS   32.762   250.1   1.25   1.25   1.25   0     —     —  —
    45     CS   33.028   221.2   1.51   1.51   1.51   0     —     —  —
    46     CS   33.284   191.4   1.77   1.77   1.77   1   b45     —  CHARGE, BRK-B45
    47     CS   34.773   382.7   0.26   2.03   2.51   0     —     —  —
    48     CS   35.001   356.8   0.49   2.26   2.74   0     —     —  —
    49     CS   35.234   331.4   0.72   2.49   2.97   0     —     —  —
    50   CUST   35.501   308.5   0.99   2.76   3.24   0     —     —  —
    51     CS   36.427   258.6   1.41   3.18   4.16   0     —     —  —
    52     CS   36.445   256.7   1.43   3.20   4.18   0     —     —  —
    53     CS   36.726   227.2   1.71   3.48   4.46   0     —     —  —
    54     CS   37.003   197.4   1.99   3.76   4.74   0     —     —  —
    55     CS   37.370   172.6   2.36   4.13   5.11   1   b45     —  CHARGE, BRK-B45
    56     CS   38.679   373.0   0.30   4.42   5.66   0     —     —  —
    57     CS   38.976   342.5   0.59   4.72   5.96   0     —     —  —
    58     CS   39.255   310.4   0.87   5.00   6.24   0     —     —  —
    59     CS   39.463   286.8   1.08   5.21   6.45   0     —     —  —
    60     CS   39.695   265.2   1.31   5.44   6.68   0     —     —  —
    61     CS   39.969   245.8   1.59   5.71   6.96   0     —     —  —
    62     CS   40.212   218.3   1.83   5.96   7.20   0     —     —  —
    63   CUST   40.462   191.5   2.08   6.21   7.45   0     —    r2  REST-R2
    64     CS   50.221   163.7   0.26   0.26   0.26   0     —     —  —
    65     CS   50.473   135.3   0.51   0.51   0.51   1   b45     —  CHARGE, BRK-B45
    66     CS   52.089   387.4   0.37   0.88   1.22   0     —     —  —
    67     CS   52.349   358.0   0.63   1.14   1.48   0     —     —  —
    68   CUST   52.713   334.5   0.99   1.50   1.84   0     —     —  —
    69     CS   53.438   309.7   1.22   1.73   2.57   0     —     —  —
    70     CS   53.711   288.2   1.49   2.00   2.84   0     —     —  —
    71     CS   53.928   262.6   1.71   2.22   3.06   0     —     —  —
    72     CS   54.130   247.9   1.91   2.42   3.26   0     —     —  —
    73     CS   54.610   203.6   2.39   2.90   3.74   0     —     —  —
    74     CS   54.858   178.9   2.64   3.15   3.99   0     —     —  —
    75     CS   55.089   152.7   2.87   3.38   4.22   0     —     —  —
    76     CS   55.334   127.7   3.11   3.63   4.46   1   b45     —  CHARGE, BRK-B45
    77     CS   57.218   448.7   0.33   3.96   5.19   0     —     —  —
    78     CS   57.555   421.0   0.67   4.29   5.52   0     —     —  —
    79     CS   57.835   389.3   0.95   4.57   5.80   0     —     —  —
    80     CS   58.120   357.9   1.23   4.86   6.09   0     —     —  —
    81     CS   58.403   329.3   1.52   5.14   6.37   0     —     —  —
    82     CS   58.693   301.2   1.81   5.43   6.66   0     —     —  —
    83     CS   58.988   272.8   2.10   5.73   6.96   0     —     —  —
    84     CS   59.255   241.9   2.37   5.99   7.22   0     —     —  —
    85     CS   59.596   216.1   2.71   6.33   7.56   0     —     —  —
    86     CS   59.812   193.3   2.93   6.55   7.78   0     —     —  —
    87     CS   60.015   169.3   3.13   6.75   7.98   0     —     —  —
    88     CS   60.280   149.5   3.39   7.02   8.25   1     —     —  CHARGE
    89     CS   61.336   219.2   3.67   7.29   9.30   0     —     —  —
[25/33] RmediumCmediumTmedium_7      labelled   36 states in  62.6 min
  ScenarioTracker saved: /mnt/beegfs/users/celinep/ChargeAndBreak/ML/logs/RlongCmanyTmedium_7_DAGGER1_S1_H24_20260822_112430_scenarios.json

  === SIMULATION TRAJECTORY ===
  stop   type    t_arr     soc     cd     sd     sw   y   brk   rst  action
  ───────────────────────────────────────────────────────────────────────────────────────────────
     0   ORIG    8.000   500.0   0.00   0.00   0.00   0     —     —  —
     1     CS    8.239   474.5   0.24   0.24   0.24   0     —     —  —
     2     CS    8.473   448.6   0.47   0.47   0.47   0     —     —  —
     3     CS    8.837   428.8   0.84   0.84   0.84   0     —     —  —
     4     CS    9.117   401.4   1.12   1.12   1.12   0     —     —  —
     5     CS    9.373   371.9   1.37   1.37   1.37   0     —     —  —
     6     CS    9.629   342.6   1.63   1.63   1.63   0     —     —  —
     7     CS    9.897   316.4   1.90   1.90   1.90   0     —     —  —
     8     CS   10.139   288.0   2.14   2.14   2.14   0     —     —  —
     9     CS   10.397   261.1   2.40   2.40   2.40   0     —     —  —
    10     CS   10.794   223.7   2.79   2.79   2.79   0     —     —  —
    11     CS   11.267   201.0   3.27   3.27   3.27   0     —     —  —
    12     CS   11.543   170.2   3.54   3.54   3.54   0     —     —  —
    13     CS   11.811   138.7   3.81   3.81   3.81   1   b45     —  CHARGE, BRK-B45
    14     CS   13.237   422.7   0.22   4.03   4.25   0     —     —  —
    15     CS   13.462   396.8   0.45   4.26   4.47   0     —     —  —
    16     CS   13.697   371.7   0.68   4.49   4.71   0     —     —  —
    17     CS   13.961   344.4   0.95   4.76   4.97   0     —     —  —
    18     CS   14.242   318.3   1.23   5.04   5.25   0     —     —  —
    19     CS   14.494   289.9   1.48   5.29   5.50   0     —     —  —
    20     CS   14.775   263.8   1.76   5.57   5.78   0     —     —  —
    21     CS   15.016   240.0   2.00   5.81   6.03   0     —     —  —
    22     CS   15.247   215.4   2.23   6.05   6.26   0     —     —  —
    23     CS   15.494   192.0   2.48   6.29   6.50   0     —     —  —
    24     CS   15.762   167.3   2.75   6.56   6.77   0     —     —  —
    25     CS   15.998   140.0   2.99   6.80   7.01   0     —     —  —
    26     CS   16.252   114.1   3.24   7.05   7.26   1   b45     —  CHARGE, BRK-B45
    27     CS   17.644   394.0   0.24   7.29   7.73   0     —     —  —
    28     CS   17.893   367.1   0.49   7.54   7.98   0     —     —  —
    29     CS   18.174   334.8   0.77   7.82   8.26   0     —     —  —
    30     CS   18.481   304.7   1.08   8.12   8.56   0     —     —  —
    31     CS   18.740   278.6   1.33   8.38   8.82   0     —     —  —
    32     CS   19.058   255.9   1.65   8.70   9.14   0     —     —  —
    33     CS   19.315   229.6   1.91   8.96   9.40   0     —     —  —
    34     CS   19.575   198.9   2.17   9.22   9.66   0     —     —  —
    35     CS   19.838   168.6   2.43   9.48   9.92   0     —     —  —
    36     CS   20.298   146.5   2.89   9.94  10.38   1     —    r2  CHARGE, REST-R2
    37     CS   30.782   390.1   0.20   0.20   0.20   0     —     —  —
    38     CS   30.979   367.1   0.40   0.40   0.40   0     —     —  —
    39     CS   31.173   343.8   0.59   0.59   0.59   0     —     —  —
    40     CS   31.451   311.2   0.87   0.87   0.87   0     —     —  —
    41     CS   31.731   278.8   1.15   1.15   1.15   0     —     —  —
    42     CS   31.999   251.2   1.42   1.42   1.42   0     —     —  —
    43     CS   32.257   222.8   1.67   1.67   1.67   0     —     —  —
    44     CS   32.518   194.6   1.94   1.94   1.94   1   b45     —  CHARGE, BRK-B45
    45     CS   33.912   447.4   0.23   2.17   2.37   0     —     —  —
    46     CS   34.139   420.9   0.46   2.39   2.60   0     —     —  —
    47     CS   34.422   398.3   0.74   2.68   2.88   0     —     —  —
    48   CUST   34.658   372.6   0.98   2.91   3.12   0     —     —  —
    49   CUST   35.668   325.2   1.49   3.42   4.13   0     —     —  —
    50     CS   36.301   311.2   1.62   3.56   4.76   0     —     —  —
    51   CUST   36.486   291.6   1.81   3.74   4.95   0     —     —  —
    52     CS   37.441   248.7   2.26   4.20   5.90   0     —     —  —
    53     CS   37.526   238.7   2.35   4.28   5.99   1   b45     —  CHARGE, BRK-B45
    54     CS   38.792   386.1   0.25   4.53   6.50   0     —     —  —
    55     CS   39.057   357.5   0.52   4.80   6.77   0     —     —  —
    56     CS   39.311   327.9   0.77   5.05   7.02   0     —     —  —
    57     CS   39.570   298.8   1.03   5.31   7.28   0     —     —  —
    58     CS   39.831   269.7   1.29   5.57   7.54   0     —     —  —
    59     CS   40.098   241.3   1.56   5.84   7.81   0     —     —  —
    60     CS   40.335   217.9   1.80   6.08   8.05   0     —     —  —
    61     CS   40.565   194.0   2.03   6.31   8.28   0     —     —  —
    62     CS   40.781   168.7   2.24   6.52   8.49   1   b45     —  CHARGE, BRK-B45
    63     CS   42.022   373.8   0.20   6.72   8.99   0     —     —  —
    64     CS   42.218   351.5   0.39   6.91   9.18   0     —     —  —
    65     CS   42.412   329.0   0.59   7.11   9.37   0     —     —  —
    66     CS   42.668   300.4   0.84   7.36   9.63   0     —     —  —
    67     CS   42.932   272.4   1.11   7.63   9.89   0     —     —  —
    68     CS   43.186   243.7   1.36   7.88  10.15   0     —     —  —
    69     CS   43.456   216.2   1.63   8.15  10.42   0     —     —  —
    70     CS   43.729   189.1   1.90   8.42  10.69   0     —     —  —
    71     CS   44.000   161.7   2.17   8.70  10.96   1   b45     —  CHARGE, BRK-B45
    72     CS   45.250   400.9   0.23   8.92  11.42   0     —     —  —
    73     CS   45.463   378.6   0.44   9.14  11.63   0     —    r2  REST-R2
    74     CS   54.843   356.3   0.21   0.21   0.21   0     —     —  —
    75     CS   55.109   327.0   0.48   0.48   0.48   0     —     —  —
    76     CS   55.383   298.4   0.75   0.75   0.75   0     —     —  —
    77     CS   55.656   269.7   1.03   1.03   1.03   0     —     —  —
    78     CS   55.912   241.8   1.28   1.28   1.28   0     —     —  —
    79     CS   56.173   214.5   1.54   1.54   1.54   0     —     —  —
    80     CS   56.439   187.5   1.81   1.81   1.81   0     —     —  —
    81     CS   56.874   137.3   2.24   2.24   2.24   1   b45     —  CHARGE, BRK-B45
    82     CS   58.386   408.9   0.34   2.59   2.86   0     —     —  —
    83     CS   58.603   383.2   0.56   2.80   3.08   0     —     —  —
    84     CS   58.880   361.7   0.84   3.08   3.36   0     —     —  —
    85     CS   59.189   341.5   1.15   3.39   3.67   0     —     —  —
    86     CS   59.434   313.0   1.39   3.64   3.91   0     —     —  —
    87   CUST   59.703   286.5   1.66   3.90   4.18   0     —     —  —
    88     CS   60.622   240.9   2.08   4.32   5.10   0     —     —  —
    89   CUST   60.850   217.9   2.31   4.55   5.33   0     —     —  —
    90   CUST   61.367   215.9   2.32   4.57   5.85   0     —     —  —
    91     CS   62.221   185.8   2.68   4.92   6.70   1   b45     —  CHARGE, BRK-B45
    92     CS   63.519   375.1   0.25   5.17   7.25   0     —     —  —
    93     CS   63.792   347.4   0.52   5.45   7.52   0     —     —  —
    94     CS   64.033   319.8   0.76   5.69   7.76   0     —     —  —
    95   CUST   64.307   294.7   1.04   5.96   8.04   0     —     —  —
    96   CUST   64.905   283.6   1.14   6.06   8.63   0     —     —  —
    97     CS   65.482   276.4   1.21   6.14   9.21   0     —     —  —
    98     CS   65.735   246.8   1.47   6.39   9.46   0     —     —  —
    99     CS   66.048   221.6   1.78   6.70   9.78   0     —     —  —
   100     CS   66.287   193.1   2.02   6.94  10.02   0     —     —  —
   101     CS   66.529   165.0   2.26   7.18  10.26   0     —     —  —
   102     CS   66.939   144.4   2.67   7.59  10.67   0     —     —  —
   103     CS   67.203   118.2   2.93   7.86  10.93   1   b45     —  CHARGE, BRK-B45
   104     CS   68.764   396.0   0.33   8.18  11.60   0     —     —  —
   105     CS   69.009   369.9   0.57   8.43  11.84   0     —     —  —
   106     CS   69.308   345.7   0.87   8.73  12.14   0     —    r2  REST-R2
   107     CS   78.716   317.3   0.24   0.24   0.24   0     —     —  —
   108     CS   78.977   290.6   0.50   0.50   0.50   0     —     —  —
   109     CS   79.219   262.5   0.74   0.74   0.74   0     —     —  —
   110     CS   79.462   234.3   0.99   0.99   0.99   0     —     —  —
   111     CS   79.708   206.6   1.23   1.23   1.23   0     —     —  —
   112     CS   79.963   179.7   1.49   1.49   1.49   1   b45     —  CHARGE, BRK-B45
   113     CS   81.416   383.3   0.43   1.92   2.19   0     —     —  —
   114     CS   81.629   359.4   0.65   2.13   2.40   0     —     —  —
   115     CS   81.842   335.5   0.86   2.35   2.61   0     —     —  —
   116     CS   82.071   313.0   1.09   2.58   2.84   0     —     —  —
   117     CS   82.296   286.2   1.31   2.80   3.07   0     —     —  —
   118     CS   82.536   260.8   1.55   3.04   3.31   0     —     —  —
   119     CS   82.764   234.3   1.78   3.27   3.54   0     —     —  —
   120     CS   82.997   209.2   2.01   3.50   3.77   0     —     —  —
   121     CS   83.281   187.2   2.30   3.79   4.05   0     —     —  —
   122     CS   83.504   161.0   2.52   4.01   4.28   1   b45     —  CHARGE, BRK-B45
   123     CS   85.100   441.0   0.27   4.27   4.83   0     —     —  —
   124     CS   85.433   414.8   0.60   4.61   5.16   0     —     —  —
   125     CS   85.728   386.3   0.89   4.90   5.46   0     —     —  —
   126     CS   85.955   359.8   1.12   5.13   5.69   0     —     —  —
   127     CS   86.202   335.0   1.37   5.38   5.93   0     —     —  —
   128     CS   86.459   310.9   1.62   5.63   6.19   0     —     —  —
   129     CS   86.699   285.5   1.86   5.87   6.43   0     —     —  —
   130     CS   87.114   238.3   2.28   6.29   6.84   1   b45     —  CHARGE, BRK-B45
   131     CS   88.457   370.2   0.26   6.55   7.44   0     —     —  —
   132     CS   88.725   344.8   0.53   6.81   7.70   0     —     —  —
   133   CUST   88.964   316.9   0.76   7.05   7.94   0     —     —  —
   134   CUST   89.492   313.6   0.79   7.08   8.47   0     —     —  —
   135   CUST   90.208   295.0   1.01   7.30   9.19   0     —     —  —
   136   CUST   90.790   286.0   1.09   7.38   9.77   0     —    r1  REST-R1
   137     CS  102.725   238.2   0.43   0.43   0.43   0     —     —  —
   138     CS  102.854   222.8   0.56   0.56   0.56   0     —     —  —
   139     CS  103.096   195.2   0.81   0.81   0.81   0     —     —  —
   140     CS  103.344   168.2   1.05   1.05   1.05   1   b45     —  CHARGE, BRK-B45
   141     CS  104.722   410.4   0.24   1.29   1.60   0     —     —  —
   142     CS  104.950   386.4   0.47   1.52   1.83   0     —     —  —
   143     CS  105.164   360.9   0.68   1.73   2.04   0     —     —  —
   144     CS  105.458   330.2   0.98   2.03   2.34   0     —     —  —
   145     CS  105.821   303.7   1.34   2.39   2.70   0     —     —  —
   146     CS  106.096   271.1   1.61   2.67   2.97   0     —     —  —
   147     CS  106.324   245.5   1.84   2.89   3.20   0     —     —  —
   148     CS  106.552   219.8   2.07   3.12   3.43   0     —     —  —
   149     CS  106.789   195.0   2.31   3.36   3.67   1   b45     —  CHARGE, BRK-B45
   150     CS  108.110   394.0   0.35   3.71   4.24   0     —     —  —
   151     CS  108.451   368.7   0.69   4.05   4.58   0     —     —  —
   152     CS  108.708   337.8   0.95   4.31   4.84   0     —     —  —
   153     CS  108.918   313.6   1.16   4.52   5.05   0     —     —  —
   154     CS  109.134   289.9   1.37   4.73   5.26   0     —     —  —
   155     CS  109.346   266.0   1.58   4.94   5.47   0     —     —  —
   156     CS  109.658   243.0   1.90   5.26   5.79   0     —     —  —
   157     CS  109.918   217.0   2.16   5.52   6.05   0     —     —  —
   158     CS  110.153   194.1   2.39   5.75   6.28   0     —     —  —
   159     CS  110.404   172.3   2.64   6.00   6.53   0     —     —  —
   160     CS  110.614   147.4   2.85   6.21   6.74   1   b45     —  CHARGE, BRK-B45
   161     CS  111.874   380.9   0.26   6.47   7.22   0     —     —  —
   162     CS  112.147   351.4   0.53   6.74   7.50   0     —     —  —
   163     CS  112.406   320.7   0.79   7.00   7.76   0     —     —  —
   164     CS  112.671   290.5   1.06   7.27   8.02   0     —     —  —
   165     CS  112.952   261.7   1.34   7.55   8.30   0     —     —  —
   166     CS  113.228   232.5   1.61   7.83   8.58   0     —    r1  REST-R1
   167     CS  124.629   207.5   0.23   0.23   0.23   0     —     —  —
   168     CS  124.900   184.9   0.51   0.51   0.51   0     —     —  —
   169     CS  125.122   158.6   0.73   0.73   0.73   1   b45     —  CHARGE, BRK-B45
   170     CS  126.366   292.5   0.21   0.94   1.22   0     —     —  —
   171     CS  126.580   269.5   0.42   1.15   1.44   0     —     —  —
   172     CS  126.782   245.4   0.62   1.35   1.64   0     —     —  —
   173     CS  127.023   217.7   0.87   1.59   1.88   0     —     —  —
   174     CS  127.292   192.3   1.13   1.86   2.15   0     —     —  —
   175     CS  127.529   164.3   1.37   2.10   2.38   0     —     —  —
   176     CS  127.768   136.4   1.61   2.34   2.62   1     —     —  CHARGE
[26/33] RlongCmanyTmedium_7          labelled   59 states in 149.3 min
  ScenarioTracker saved: /mnt/beegfs/users/celinep/ChargeAndBreak/ML/logs/RmediumCmediumTmedium_2_DAGGER1_S1_H24_20260822_135350_scenarios.json

  === SIMULATION TRAJECTORY ===
  stop   type    t_arr     soc     cd     sd     sw   y   brk   rst  action
  ───────────────────────────────────────────────────────────────────────────────────────────────
     0   ORIG    8.000   500.0   0.00   0.00   0.00   0     —     —  —
     1     CS    8.269   476.7   0.27   0.27   0.27   0     —     —  —
     2     CS    8.511   451.4   0.51   0.51   0.51   0     —     —  —
     3     CS    8.744   425.4   0.74   0.74   0.74   0     —     —  —
     4     CS    9.077   398.0   1.08   1.08   1.08   0     —     —  —
     5     CS    9.486   373.5   1.49   1.49   1.49   0     —     —  —
     6     CS    9.796   344.8   1.80   1.80   1.80   0     —     —  —
     7     CS   10.073   322.5   2.07   2.07   2.07   0     —     —  —
     8     CS   10.301   296.8   2.30   2.30   2.30   0     —     —  —
     9     CS   10.525   270.8   2.53   2.53   2.53   0     —     —  —
    10     CS   10.890   250.1   2.89   2.89   2.89   0     —     —  —
    11     CS   11.139   223.9   3.14   3.14   3.14   0     —     —  —
    12     CS   11.420   200.0   3.42   3.42   3.42   1   b45     —  CHARGE, BRK-B45
    13     CS   12.836   408.7   0.26   3.68   4.08   0     —     —  —
    14     CS   13.081   379.9   0.51   3.93   4.33   0     —     —  —
    15     CS   13.334   351.8   0.76   4.18   4.58   0     —     —  —
    16     CS   13.552   329.1   0.98   4.40   4.80   0     —     —  —
    17     CS   13.758   305.4   1.19   4.61   5.01   0     —     —  —
    18     CS   13.982   283.2   1.41   4.83   5.23   0     —     —  —
    19     CS   14.312   262.5   1.74   5.16   5.56   0     —     —  —
    20     CS   14.545   236.4   1.97   5.39   5.79   0     —     —  —
    21   CUST   14.787   211.2   2.22   5.64   6.04   0     —     —  —
    22     CS   15.573   179.4   2.50   5.92   6.82   0     —     —  —
    23     CS   15.643   172.7   2.57   5.99   6.89   1   b45     —  CHARGE, BRK-B45
    24     CS   16.851   391.6   0.25   6.24   7.35   0     —     —  —
    25     CS   17.095   364.1   0.49   6.48   7.59   0     —     —  —
    26     CS   17.329   335.8   0.72   6.72   7.83   0     —     —  —
    27     CS   17.568   307.9   0.96   6.95   8.07   0     —     —  —
    28     CS   17.877   285.7   1.27   7.26   8.38   0     —     —  —
    29     CS   18.109   258.3   1.50   7.49   8.61   0     —     —  —
    30     CS   18.387   234.0   1.78   7.77   8.89   0     —     —  —
    31     CS   18.627   206.9   2.02   8.01   9.13   0     —     —  —
    32     CS   19.030   186.8   2.43   8.42   9.53   0     —     —  —
    33     CS   19.317   163.1   2.71   8.70   9.82   1   b45     —  CHARGE, BRK-B45
    34     CS   20.963   374.8   0.45   9.15  10.71   0     —     —  —
    35     CS   21.231   344.3   0.72   9.42  10.98   0     —     —  —
    36     CS   21.520   315.6   1.01   9.71  11.27   0     —    r2  REST-R2
    37     CS   30.950   284.7   0.26   0.26   0.26   0     —     —  —
    38     CS   31.285   258.7   0.60   0.60   0.60   0     —     —  —
    39     CS   31.533   234.0   0.85   0.85   0.85   0     —     —  —
    40     CS   31.812   211.2   1.13   1.13   1.13   0     —     —  —
    41     CS   32.104   189.1   1.42   1.42   1.42   0     —     —  —
    42     CS   32.376   159.5   1.69   1.69   1.69   0     —     —  —
    43     CS   32.670   131.8   1.98   1.98   1.98   1   b45     —  CHARGE, BRK-B45
    44     CS   34.021   377.7   0.26   2.24   2.54   0     —     —  —
    45   CUST   34.297   351.7   0.53   2.52   2.82   0     —     —  —
    46   CUST   35.088   318.1   0.83   2.81   3.61   0     —     —  —
    47   CUST   35.810   297.8   1.05   3.03   4.33   0     —     —  —
    48     CS   36.610   283.4   1.35   3.33   5.13   0     —     —  —
    49     CS   36.763   271.8   1.50   3.48   5.29   0     —     —  —
    50     CS   36.996   245.8   1.73   3.72   5.52   0     —     —  —
    51     CS   37.244   221.0   1.98   3.97   5.77   0     —     —  —
    52     CS   37.504   197.2   2.24   4.23   6.03   0     —     —  —
    53     CS   37.793   166.8   2.53   4.51   6.32   0     —     —  —
    54     CS   38.237   143.1   2.97   4.96   6.76   1   b45     —  CHARGE, BRK-B45
    55     CS   39.843   425.3   0.33   5.29   7.37   0     —     —  —
    56     CS   40.111   394.7   0.59   5.55   7.64   0     —     —  —
    57     CS   40.382   364.5   0.87   5.82   7.91   0     —     —  —
    58     CS   40.641   333.2   1.12   6.08   8.17   0     —     —  —
    59     CS   40.921   302.0   1.40   6.36   8.45   0     —     —  —
    60     CS   41.202   270.9   1.69   6.64   8.73   0     —     —  —
    61     CS   41.405   249.3   1.89   6.85   8.94   0     —     —  —
    62     CS   41.620   228.6   2.10   7.06   9.15   0     —     —  —
    63     CS   41.893   210.7   2.38   7.34   9.42   0     —    r2  REST-R2
    64     CS   51.300   185.3   0.24   0.24   0.24   0     —     —  —
    65     CS   51.527   158.8   0.47   0.47   0.47   0     —     —  —
    66     CS   51.769   133.6   0.71   0.71   0.71   1   b45     —  CHARGE, BRK-B45
    67     CS   53.248   380.2   0.24   0.95   1.41   0     —     —  —
    68     CS   53.467   354.8   0.46   1.17   1.63   0     —     —  —
    69     CS   53.704   330.8   0.70   1.41   1.86   0     —     —  —
    70     CS   53.943   307.0   0.94   1.64   2.10   0     —     —  —
    71     CS   54.207   280.3   1.20   1.91   2.37   0     —     —  —
    72     CS   54.458   252.4   1.45   2.16   2.62   0     —     —  —
    73     CS   54.707   223.9   1.70   2.41   2.87   0     —     —  —
    74     CS   54.974   196.9   1.97   2.68   3.13   0     —     —  —
    75     CS   55.215   167.6   2.21   2.92   3.37   0     —     —  —
    76     CS   55.495   134.0   2.49   3.20   3.65   0     —     —  —
    77     CS   55.795   102.2   2.79   3.50   3.95   1   b45     —  CHARGE, BRK-B45
    78     CS   57.043   251.5   0.25   3.74   4.45   0     —     —  —
    79     CS   57.353   227.3   0.56   4.06   4.76   0     —     —  —
    80     CS   57.611   199.6   0.82   4.31   5.02   0     —     —  —
    81     CS   57.875   169.3   1.08   4.58   5.28   0     —     —  —
    82     CS   58.177   142.0   1.38   4.88   5.59   0     —     —  —
[27/33] RmediumCmediumTmedium_2      labelled   29 states in  31.8 min
  ScenarioTracker saved: /mnt/beegfs/users/celinep/ChargeAndBreak/ML/logs/RshortCmediumTmedium_1_DAGGER1_S1_H24_20260822_142535_scenarios.json

  === SIMULATION TRAJECTORY ===
  stop   type    t_arr     soc     cd     sd     sw   y   brk   rst  action
  ───────────────────────────────────────────────────────────────────────────────────────────────
     0   ORIG    8.000   500.0   0.00   0.00   0.00   0     —     —  —
     1     CS    8.226   473.4   0.23   0.23   0.23   0     —     —  —
     2     CS    8.489   449.6   0.49   0.49   0.49   0     —     —  —
     3     CS    8.721   423.5   0.72   0.72   0.72   0     —     —  —
     4     CS    9.042   394.1   1.04   1.04   1.04   0     —     —  —
     5     CS    9.334   362.5   1.33   1.33   1.33   0     —     —  —
     6     CS    9.615   329.8   1.62   1.62   1.62   0     —     —  —
     7     CS    9.856   308.1   1.86   1.86   1.86   0     —     —  —
     8     CS   10.069   284.2   2.07   2.07   2.07   0     —     —  —
     9     CS   10.282   260.3   2.28   2.28   2.28   0     —     —  —
    10     CS   10.497   235.8   2.50   2.50   2.50   0     —     —  —
    11     CS   10.710   211.0   2.71   2.71   2.71   0     —     —  —
    12   CUST   10.947   188.4   2.95   2.95   2.95   0     —     —  —
    13   CUST   11.743   159.7   3.24   3.24   3.74   0     —     —  —
    14     CS   12.448   135.8   3.45   3.45   4.45   0     —     —  —
    15     CS   12.524   127.4   3.52   3.52   4.52   1   b45     —  CHARGE, BRK-B45
    16     CS   14.016   410.4   0.25   3.78   5.04   0     —     —  —
    17     CS   14.332   385.8   0.57   4.09   5.36   0     —     —  —
    18     CS   14.585   356.9   0.82   4.35   5.61   0     —     —  —
    19     CS   14.802   333.4   1.04   4.56   5.83   0     —     —  —
    20     CS   15.169   315.8   1.41   4.93   6.19   0     —     —  —
    21     CS   15.384   292.1   1.62   5.14   6.41   0     —     —  —
    22     CS   15.750   270.9   1.99   5.51   6.77   0     —     —  —
    23     CS   16.001   244.2   2.24   5.76   7.03   0     —     —  —
    24   CUST   16.258   217.9   2.49   6.02   7.28   0     —     —  —
    25   CUST   16.815   212.5   2.55   6.08   7.84   0     —    r2  REST-R2
    26     CS   26.610   180.3   0.29   0.29   0.29   0     —     —  —
    27     CS   27.022   134.0   0.71   0.71   0.71   1   b45     —  CHARGE, BRK-B45
    28     CS   28.307   382.7   0.19   0.90   1.21   0     —     —  —
    29     CS   28.549   363.6   0.44   1.14   1.45   0     —     —  —
    30     CS   28.746   341.4   0.63   1.34   1.64   0     —     —  —
    31     CS   29.088   314.4   0.97   1.68   1.99   0     —     —  —
    32   CUST   29.366   283.0   1.25   1.96   2.26   0     —     —  —
    33     CS   30.119   253.5   1.51   2.21   3.02   0     —     —  —
    34   CUST   30.390   225.7   1.78   2.48   3.29   0     —     —  —
    35     CS   31.110   203.1   2.00   2.70   4.01   0     —     —  —
    36     CS   31.339   184.3   2.23   2.93   4.24   1   b45     —  CHARGE, BRK-B45
    37     CS   32.783   421.5   0.22   3.15   4.83   0     —     —  —
    38     CS   33.023   397.8   0.46   3.39   5.07   0     —     —  —
    39     CS   33.276   375.0   0.71   3.64   5.32   0     —     —  —
    40     CS   33.509   350.7   0.94   3.87   5.56   0     —     —  —
    41     CS   33.997   304.9   1.43   4.36   6.04   0     —     —  —
    42     CS   34.247   279.2   1.68   4.61   6.29   0     —     —  —
    43     CS   34.488   252.8   1.92   4.85   6.53   0     —     —  —
    44     CS   34.722   225.7   2.15   5.09   6.77   0     —     —  —
    45     CS   34.993   201.4   2.43   5.36   7.04   0     —     —  —
    46     CS   35.230   175.0   2.66   5.59   7.28   0     —     —  —
    47     CS   35.462   148.2   2.89   5.83   7.51   0     —     —  —
[28/33] RshortCmediumTmedium_1       labelled   18 states in  18.2 min
  ScenarioTracker saved: /mnt/beegfs/users/celinep/ChargeAndBreak/ML/logs/RlongCmanyTmedium_16_DAGGER1_S1_H24_20260822_144348_scenarios.json

  === SIMULATION TRAJECTORY ===
  stop   type    t_arr     soc     cd     sd     sw   y   brk   rst  action
  ───────────────────────────────────────────────────────────────────────────────────────────────
     0   ORIG    8.000   500.0   0.00   0.00   0.00   0     —     —  —
     1     CS    8.245   475.1   0.25   0.25   0.25   0     —     —  —
     2     CS    8.475   448.7   0.48   0.48   0.48   0     —     —  —
     3     CS    8.700   422.0   0.70   0.70   0.70   0     —     —  —
     4     CS    8.961   390.6   0.96   0.96   0.96   0     —     —  —
     5     CS    9.249   361.6   1.25   1.25   1.25   0     —     —  —
     6     CS    9.522   331.4   1.52   1.52   1.52   0     —     —  —
     7     CS    9.781   303.0   1.78   1.78   1.78   0     —     —  —
     8     CS   10.061   276.3   2.06   2.06   2.06   0     —     —  —
     9     CS   10.284   251.8   2.28   2.28   2.28   0     —     —  —
    10     CS   10.664   233.6   2.66   2.66   2.66   0     —     —  —
    11     CS   10.888   209.1   2.89   2.89   2.89   1   b45     —  CHARGE, BRK-B45
    12     CS   12.373   449.0   0.26   3.15   3.47   0     —     —  —
    13     CS   12.626   426.7   0.52   3.40   3.73   0     —     —  —
    14     CS   12.850   402.2   0.74   3.63   3.95   0     —     —  —
    15     CS   13.091   379.1   0.98   3.87   4.19   0     —     —  —
    16     CS   13.554   329.1   1.44   4.33   4.66   0     —     —  —
    17     CS   13.797   301.7   1.69   4.58   4.90   0     —     —  —
    18     CS   14.043   274.5   1.93   4.82   5.14   0     —     —  —
    19     CS   14.463   254.4   2.35   5.24   5.56   0     —     —  —
    20     CS   14.751   226.9   2.64   5.53   5.85   0     —     —  —
    21     CS   15.053   200.2   2.94   5.83   6.15   0     —     —  —
    22     CS   15.309   170.0   3.20   6.09   6.41   1   b45     —  CHARGE, BRK-B45
    23     CS   16.512   405.7   0.20   6.29   6.81   0     —     —  —
    24     CS   16.714   383.2   0.40   6.49   7.02   0     —     —  —
    25     CS   16.947   363.0   0.64   6.72   7.25   0     —     —  —
    26     CS   17.234   330.9   0.92   7.01   7.54   0     —     —  —
    27     CS   17.522   298.8   1.21   7.30   7.82   0     —     —  —
    28     CS   17.832   268.6   1.52   7.61   8.13   0     —     —  —
    29     CS   18.128   237.3   1.82   7.90   8.43   0     —     —  —
    30     CS   18.407   204.5   2.10   8.18   8.71   0     —     —  —
    31     CS   18.685   171.5   2.37   8.46   8.99   0     —     —  —
    32     CS   19.106   124.8   2.79   8.88   9.41   1   b45     —  CHARGE, BRK-B45
    33     CS   20.510   386.5   0.31   9.19   9.96   0     —     —  —
    34     CS   20.957   364.2   0.76   9.64  10.41   0     —    r2  REST-R2
    35     CS   30.386   333.7   0.26   0.26   0.26   0     —     —  —
    36     CS   30.613   309.0   0.49   0.49   0.49   0     —     —  —
    37     CS   30.851   285.2   0.73   0.73   0.73   0     —     —  —
    38     CS   31.097   261.8   0.97   0.97   0.97   0     —     —  —
    39     CS   31.313   236.0   1.19   1.19   1.19   0     —     —  —
    40   CUST   31.682   196.5   1.56   1.56   1.56   0     —     —  —
    41     CS   32.437   166.5   1.81   1.81   2.31   0     —     —  —
    42     CS   32.697   137.0   2.07   2.07   2.57   0     —     —  —
    43     CS   32.993   110.4   2.37   2.37   2.87   1   b45     —  CHARGE, BRK-B45
    44   CUST   34.330   410.1   0.07   2.44   3.29   0     —     —  —
    45     CS   35.090   383.8   0.33   2.70   4.05   0     —     —  —
    46     CS   35.391   359.9   0.64   3.00   4.35   0     —     —  —
    47     CS   35.645   333.1   0.89   3.26   4.60   0     —     —  —
    48     CS   35.673   329.8   0.92   3.29   4.63   0     —     —  —
    49     CS   36.094   287.7   1.34   3.71   5.05   0     —     —  —
    50     CS   36.358   263.4   1.60   3.97   5.31   0     —     —  —
    51     CS   36.662   241.1   1.91   4.28   5.62   0     —     —  —
    52     CS   36.908   215.5   2.15   4.52   5.86   0     —     —  —
    53     CS   37.157   187.9   2.40   4.77   6.11   0     —     —  —
    54     CS   37.398   159.4   2.64   5.01   6.35   0     —     —  —
    55     CS   37.651   132.0   2.90   5.26   6.61   1   b45     —  CHARGE, BRK-B45
    56     CS   39.331   408.8   0.26   5.53   7.34   0     —     —  —
    57     CS   39.623   384.0   0.55   5.82   7.63   0     —     —  —
    58     CS   39.915   359.0   0.85   6.11   7.93   0     —     —  —
    59     CS   40.171   331.6   1.10   6.37   8.18   0     —     —  —
    60     CS   40.559   286.6   1.49   6.75   8.57   0     —     —  —
    61     CS   40.805   258.6   1.74   7.00   8.82   0     —     —  —
    62     CS   41.046   230.2   1.98   7.24   9.06   0     —     —  —
    63     CS   41.394   208.0   2.33   7.59   9.40   1   b45     —  CHARGE, BRK-B45
    64     CS   42.623   426.0   0.24   7.83   9.83   0     —     —  —
    65     CS   42.848   400.4   0.46   8.05  10.06   0     —     —  —
    66     CS   43.086   376.0   0.70   8.29  10.30   0     —     —  —
    67     CS   43.307   350.0   0.92   8.51  10.52   0     —     —  —
    68     CS   43.559   326.3   1.17   8.76  10.77   0     —     —  —
    69     CS   43.807   302.3   1.42   9.01  11.02   0     —    r2  REST-R2
    70     CS   53.289   281.6   0.31   0.31   0.31   0     —     —  —
    71     CS   53.930   244.1   0.96   0.96   0.96   0     —     —  —
    72     CS   54.138   220.6   1.16   1.16   1.16   0     —     —  —
    73     CS   54.345   197.0   1.37   1.37   1.37   0     —     —  —
    74     CS   54.546   172.7   1.57   1.57   1.57   1   b45     —  CHARGE, BRK-B45
    75     CS   56.348   453.9   0.28   1.85   2.33   0     —     —  —
    76     CS   56.640   429.9   0.57   2.14   2.62   0     —     —  —
    77     CS   56.890   403.1   0.82   2.39   2.87   0     —     —  —
    78     CS   57.148   375.2   1.08   2.65   3.13   0     —     —  —
    79     CS   57.490   352.2   1.42   2.99   3.47   0     —     —  —
    80     CS   57.741   323.6   1.67   3.24   3.72   0     —     —  —
    81     CS   57.991   295.1   1.92   3.50   3.98   0     —     —  —
    82     CS   58.238   266.8   2.17   3.74   4.22   0     —     —  —
    83   CUST   58.488   238.8   2.42   3.99   4.47   0     —     —  —
    84     CS   59.226   211.3   2.66   4.23   5.21   0     —     —  —
    85     CS   59.469   184.2   2.90   4.47   5.45   0     —     —  —
    86   CUST   59.768   160.9   3.20   4.77   5.75   0     —     —  —
    87     CS   60.445   141.6   3.38   4.95   6.43   0     —     —  —
    88   CUST   60.451   141.0   3.38   4.95   6.43   0     —     —  —
    89     CS   61.058   128.3   3.49   5.06   7.04   1   b45     —  CHARGE, BRK-B45
    90     CS   62.399   389.9   0.25   5.31   7.51   0     —     —  —
    91     CS   62.670   362.0   0.52   5.58   7.78   0     —     —  —
    92     CS   62.874   340.5   0.72   5.79   7.98   0     —     —  —
    93     CS   63.069   318.1   0.92   5.98   8.18   0     —     —  —
    94     CS   63.406   301.7   1.26   6.32   8.51   0     —     —  —
    95     CS   63.671   273.9   1.52   6.58   8.78   0     —     —  —
    96     CS   63.940   246.4   1.79   6.85   9.05   0     —     —  —
    97     CS   64.188   217.0   2.04   7.10   9.30   0     —     —  —
    98     CS   64.387   193.3   2.24   7.30   9.49   0     —     —  —
    99     CS   64.595   170.6   2.44   7.51   9.70   0     —     —  —
   100     CS   64.810   148.4   2.66   7.72   9.92   1   b45     —  CHARGE, BRK-B45
   101     CS   66.488   407.0   0.39   8.11  10.75   0     —     —  —
   102     CS   66.750   383.7   0.66   8.38  11.01   0     —     —  —
   103     CS   66.978   357.9   0.88   8.61  11.24   0     —     —  —
   104     CS   67.217   333.0   1.12   8.84  11.48   0     —    r2  REST-R2
   105     CS   76.746   297.4   0.36   0.36   0.36   0     —     —  —
   106     CS   77.045   266.3   0.66   0.66   0.66   0     —     —  —
   107     CS   77.331   234.1   0.95   0.95   0.95   0     —     —  —
   108     CS   77.636   203.5   1.25   1.25   1.25   1   b45     —  CHARGE, BRK-B45
   109     CS   79.036   362.1   0.28   1.54   1.90   0     —     —  —
   110   CUST   79.353   331.7   0.60   1.85   2.22   0     —     —  —
   111   CUST   80.040   316.3   0.79   2.04   2.91   0     —     —  —
   112     CS   80.858   292.9   1.11   2.36   3.72   0     —     —  —
   113     CS   81.114   265.9   1.36   2.62   3.98   0     —     —  —
   114     CS   81.362   238.1   1.61   2.86   4.23   0     —     —  —
   115   CUST   81.487   224.7   1.74   2.99   4.35   0     —     —  —
   116     CS   82.081   215.5   1.83   3.08   4.95   0     —     —  —
   117     CS   82.513   173.1   2.26   3.51   5.38   1   b45     —  CHARGE, BRK-B45
   118     CS   83.716   393.3   0.25   3.77   5.82   0     —     —  —
   119     CS   84.008   366.7   0.54   4.06   6.11   0     —     —  —
   120     CS   84.279   338.7   0.81   4.33   6.38   0     —     —  —
   121     CS   84.557   305.6   1.09   4.61   6.66   0     —     —  —
   122     CS   84.856   274.6   1.39   4.91   6.96   0     —     —  —
   123     CS   85.138   242.1   1.67   5.19   7.24   0     —     —  —
   124     CS   85.336   218.3   1.87   5.39   7.44   0     —     —  —
   125     CS   85.537   194.9   2.07   5.59   7.64   0     —     —  —
   126     CS   85.737   171.3   2.27   5.79   7.84   0     —     —  —
   127     CS   86.082   132.0   2.62   6.13   8.18   1   b45     —  CHARGE, BRK-B45
   128     CS   87.528   395.0   0.33   6.46   8.76   0     —    r1  REST-R1
   129     CS   99.017   369.5   0.32   0.32   0.32   0     —     —  —
   130     CS   99.272   339.1   0.58   0.58   0.58   0     —     —  —
   131     CS   99.476   314.4   0.78   0.78   0.78   0     —     —  —
   132     CS   99.682   289.8   0.99   0.99   0.99   0     —     —  —
   133     CS   99.895   265.9   1.20   1.20   1.20   0     —     —  —
   134     CS  100.167   243.4   1.47   1.47   1.47   0     —     —  —
   135     CS  100.405   218.5   1.71   1.71   1.71   0     —     —  —
   136     CS  100.640   193.5   1.95   1.95   1.95   1   b45     —  CHARGE, BRK-B45
   137     CS  102.337   454.1   0.32   2.26   2.64   0     —     —  —
   138     CS  102.611   423.0   0.59   2.54   2.92   0     —     —  —
   139     CS  102.894   392.7   0.87   2.82   3.20   0     —     —  —
   140     CS  103.185   363.0   1.17   3.11   3.49   0     —     —  —
   141     CS  103.544   342.4   1.52   3.47   3.85   0     —     —  —
   142     CS  103.879   321.0   1.86   3.80   4.18   0     —     —  —
   143     CS  104.131   292.0   2.11   4.06   4.44   0     —     —  —
   144     CS  104.378   262.5   2.36   4.30   4.68   0     —     —  —
   145     CS  104.643   234.1   2.62   4.57   4.95   0     —     —  —
   146     CS  104.896   204.6   2.88   4.82   5.20   0     —     —  —
   147     CS  105.154   175.5   3.13   5.08   5.46   0     —     —  —
   148     CS  105.411   146.4   3.39   5.34   5.72   1     —     —  CHARGE
   149     CS  106.485   302.4   3.64   5.59   6.79   0     —     —  —
   150     CS  106.695   277.5   3.85   5.80   7.00   0     —     —  —
[29/33] RlongCmanyTmedium_16         labelled   55 states in 101.4 min
    [warn] teacher query failed @63: Solver (gurobi) did not exit normally
  ScenarioTracker saved: /mnt/beegfs/users/celinep/ChargeAndBreak/ML/logs/RmediumCmediumTnone_7_DAGGER1_S1_H24_20260822_162511_scenarios.json

  === SIMULATION TRAJECTORY ===
  stop   type    t_arr     soc     cd     sd     sw   y   brk   rst  action
  ───────────────────────────────────────────────────────────────────────────────────────────────
     0   ORIG    8.000   500.0   0.00   0.00   0.00   0     —     —  —
     1     CS    8.236   474.3   0.24   0.24   0.24   0     —     —  —
     2     CS    8.475   448.8   0.48   0.48   0.48   0     —     —  —
     3     CS    8.703   422.3   0.70   0.70   0.70   0     —     —  —
     4     CS    8.913   399.8   0.91   0.91   0.91   0     —     —  —
     5     CS    9.131   377.8   1.13   1.13   1.13   0     —     —  —
     6     CS    9.341   355.2   1.34   1.34   1.34   0     —     —  —
     7     CS    9.622   324.1   1.62   1.62   1.62   0     —     —  —
     8     CS    9.987   298.2   1.99   1.99   1.99   0     —     —  —
     9     CS   10.271   267.4   2.27   2.27   2.27   0     —     —  —
    10     CS   10.587   236.9   2.59   2.59   2.59   0     —     —  —
    11     CS   10.867   203.3   2.87   2.87   2.87   0     —     —  —
    12     CS   11.137   175.2   3.14   3.14   3.14   0     —     —  —
    13     CS   11.473   150.9   3.47   3.47   3.47   0     —     —  —
    14     CS   11.744   122.7   3.74   3.74   3.74   1   b45     —  CHARGE, BRK-B45
    15     CS   13.117   376.7   0.26   4.00   4.29   0     —     —  —
    16     CS   13.390   347.2   0.53   4.28   4.56   0     —     —  —
    17     CS   13.594   323.3   0.74   4.48   4.76   0     —     —  —
    18     CS   13.801   299.6   0.94   4.69   4.97   0     —     —  —
    19     CS   14.044   278.7   1.19   4.93   5.21   0     —     —  —
    20     CS   14.301   253.0   1.44   5.19   5.47   0     —     —  —
    21     CS   14.593   229.5   1.73   5.48   5.76   0     —     —  —
    22     CS   14.839   202.9   1.98   5.73   6.01   0     —     —  —
    23   CUST   15.087   176.5   2.23   5.97   6.26   0     —     —  —
    24     CS   16.042   133.6   2.68   6.43   7.21   1   b45     —  CHARGE, BRK-B45
    25     CS   17.161   424.5   0.01   6.43   7.44   0     —     —  —
    26     CS   17.434   393.9   0.28   6.71   7.72   0     —     —  —
    27     CS   17.829   369.7   0.67   7.10   8.11   0     —     —  —
    28     CS   18.115   340.2   0.96   7.39   8.40   0     —     —  —
    29   CUST   18.405   311.0   1.25   7.68   8.69   0     —     —  —
    30     CS   18.978   304.6   1.32   7.75   9.26   0     —     —  —
    31     CS   19.255   280.3   1.60   8.03   9.54   0     —     —  —
    32     CS   19.502   253.8   1.85   8.27   9.79   0     —     —  —
    33     CS   19.827   229.6   2.17   8.60  10.11   0     —     —  —
    34     CS   20.076   200.3   2.42   8.85  10.36   0     —     —  —
    35     CS   20.336   172.0   2.68   9.11  10.62   1     —    r2  CHARGE, REST-R2
    36     CS   30.540   386.4   0.22   0.22   0.22   0     —     —  —
    37     CS   30.741   364.6   0.42   0.42   0.42   0     —     —  —
    38     CS   30.969   344.7   0.65   0.65   0.65   0     —     —  —
    39     CS   31.215   315.2   0.89   0.89   0.89   0     —     —  —
    40     CS   31.475   286.9   1.15   1.15   1.15   0     —     —  —
    41     CS   31.724   257.5   1.40   1.40   1.40   0     —     —  —
    42     CS   31.999   230.5   1.68   1.68   1.68   0     —     —  —
    43     CS   32.267   202.9   1.95   1.95   1.95   0     —     —  —
    44     CS   32.523   174.2   2.20   2.20   2.20   1   b45     —  CHARGE, BRK-B45
    45     CS   34.083   428.4   0.23   2.43   2.84   0     —     —  —
    46     CS   34.446   408.5   0.59   2.80   3.21   0     —     —  —
    47     CS   34.846   389.3   0.99   3.20   3.61   0     —     —  —
    48     CS   35.092   361.0   1.24   3.44   3.85   0     —     —  —
    49     CS   35.336   332.5   1.49   3.69   4.10   0     —     —  —
    50     CS   35.633   311.0   1.78   3.98   4.39   0     —     —  —
    51     CS   35.878   286.5   2.03   4.23   4.64   0     —     —  —
    52     CS   36.128   262.5   2.28   4.48   4.89   0     —     —  —
    53   CUST   36.358   236.8   2.51   4.71   5.12   0     —     —  —
    54     CS   37.061   214.0   2.71   4.91   5.82   0     —     —  —
    55     CS   37.443   188.3   3.09   5.29   6.21   0     —     —  —
    56   CUST   37.723   156.5   3.37   5.57   6.48   0     —     —  —
    57     CS   38.377   138.7   3.53   5.73   7.14   1   b45     —  CHARGE, BRK-B45
    58     CS   39.902   335.0   0.40   6.13   7.91   0     —     —  —
    59     CS   40.433   291.8   0.93   6.66   8.44   0     —     —  —
    60     CS   40.720   261.9   1.22   6.95   8.73   0     —     —  —
    61     CS   40.987   230.1   1.49   7.21   9.00   0     —     —  —
    62     CS   41.260   198.9   1.76   7.49   9.27   0     —     —  —
    63     CS   41.620   173.1   2.12   7.85   9.63   1   b45     —  CHARGE, BRK-B45
    64     CS   42.977   384.3   0.22   8.07  10.24   0     —     —  —
    65     CS   43.240   363.2   0.48   8.33  10.50   0     —     —  —
    66     CS   43.465   339.6   0.71   8.55  10.73   0     —     —  —
    67     CS   43.715   312.0   0.96   8.80  10.98   0     —     —  —
    68     CS   43.977   285.3   1.22   9.07  11.24   0     —     —  —
    69   CUST   44.218   256.9   1.46   9.31  11.48   0     —    r2  REST-R2
    70     CS   53.897   236.6   0.18   0.18   0.18   0     —     —  —
    71   CUST   54.294   191.3   0.58   0.58   0.58   0     —     —  —
    72     CS   55.064   159.8   0.85   0.85   1.35   0     —     —  —
    73     CS   55.432   134.4   1.21   1.21   1.71   0     —     —  —
    74     CS   55.520   124.6   1.30   1.30   1.80   1   b45     —  CHARGE, BRK-B45
    75     CS   56.858   364.5   0.31   1.62   2.37   0     —     —  —
    76     CS   57.145   331.6   0.60   1.90   2.65   0     —     —  —
    77     CS   57.460   301.0   0.92   2.22   2.97   0     —     —  —
    78     CS   57.871   264.5   1.33   2.63   3.38   0     —     —  —
    79     CS   58.074   240.5   1.53   2.83   3.58   0     —     —  —
    80     CS   58.360   221.5   1.82   3.12   3.87   0     —     —  —
    81     CS   58.576   198.7   2.03   3.33   4.09   1   b45     —  CHARGE, BRK-B45
    82     CS   60.065   443.1   0.25   3.58   4.64   0     —     —  —
    83     CS   60.335   416.2   0.52   3.85   4.91   0     —     —  —
    84     CS   60.621   390.4   0.80   4.14   5.20   0     —     —  —
    85     CS   60.911   364.9   1.09   4.43   5.48   0     —     —  —
    86     CS   61.206   335.0   1.39   4.72   5.78   0     —     —  —
    87     CS   61.509   305.7   1.69   5.02   6.08   0     —     —  —
    88     CS   61.826   282.4   2.01   5.34   6.40   0     —     —  —
    89     CS   62.076   254.7   2.26   5.59   6.65   0     —     —  —
    90     CS   62.357   229.5   2.54   5.87   6.93   0     —     —  —
    91     CS   62.654   200.5   2.83   6.17   7.23   0     —     —  —
    92     CS   62.962   172.3   3.14   6.48   7.54   0     —     —  —
    93     CS   63.231   140.8   3.41   6.75   7.81   1   b45     —  CHARGE, BRK-B45
    94     CS   64.472   295.7   0.26   7.01   8.30   0     —     —  —
    95     CS   64.785   270.3   0.57   7.32   8.61   0     —     —  —
[30/33] RmediumCmediumTnone_7        labelled   32 states in  39.0 min
  ScenarioTracker saved: /mnt/beegfs/users/celinep/ChargeAndBreak/ML/logs/RlongCfewTnone_14_DAGGER1_S1_H24_20260822_170408_scenarios.json

  === SIMULATION TRAJECTORY ===
  stop   type    t_arr     soc     cd     sd     sw   y   brk   rst  action
  ───────────────────────────────────────────────────────────────────────────────────────────────
     0   ORIG    8.000   500.0   0.00   0.00   0.00   0     —     —  —
     1     CS    8.240   474.6   0.24   0.24   0.24   0     —     —  —
     2     CS    8.470   448.3   0.47   0.47   0.47   0     —     —  —
     3     CS    8.724   424.0   0.72   0.72   0.72   0     —     —  —
     4     CS    8.930   400.3   0.93   0.93   0.93   0     —     —  —
     5     CS    9.138   376.7   1.14   1.14   1.14   0     —     —  —
     6     CS    9.388   356.2   1.39   1.39   1.39   0     —     —  —
     7     CS    9.642   327.4   1.64   1.64   1.64   0     —     —  —
     8     CS   10.012   304.8   2.01   2.01   2.01   0     —     —  —
     9     CS   10.274   276.7   2.27   2.27   2.27   0     —     —  —
    10     CS   10.575   250.0   2.58   2.58   2.58   0     —     —  —
    11     CS   10.834   220.1   2.83   2.83   2.83   0     —     —  —
    12     CS   11.100   190.8   3.10   3.10   3.10   1   b45     —  CHARGE, BRK-B45
    13     CS   12.387   410.3   0.23   3.33   3.60   0     —     —  —
    14     CS   12.673   387.2   0.52   3.62   3.89   0     —     —  —
    15     CS   12.910   360.8   0.76   3.86   4.13   0     —     —  —
    16     CS   13.327   311.3   1.17   4.27   4.54   0     —     —  —
    17     CS   13.586   281.4   1.43   4.53   4.80   0     —     —  —
    18     CS   13.896   255.3   1.74   4.84   5.11   0     —     —  —
    19     CS   14.159   225.7   2.00   5.11   5.38   0     —     —  —
    20     CS   14.487   201.1   2.33   5.43   5.70   0     —     —  —
    21     CS   14.741   171.4   2.59   5.69   5.96   0     —     —  —
    22     CS   14.992   141.5   2.84   5.94   6.21   1   b45     —  CHARGE, BRK-B45
    23     CS   16.242   391.4   0.20   6.13   6.65   0     —     —  —
    24     CS   16.442   368.7   0.40   6.34   6.85   0     —     —  —
    25     CS   16.637   345.4   0.59   6.53   7.04   0     —     —  —
    26     CS   16.882   319.0   0.84   6.77   7.29   0     —     —  —
    27     CS   17.141   293.6   1.10   7.03   7.55   0     —     —  —
    28     CS   17.380   266.5   1.33   7.27   7.79   0     —     —  —
    29     CS   17.663   238.7   1.62   7.56   8.07   0     —     —  —
    30     CS   17.929   209.4   1.88   7.82   8.34   0     —     —  —
    31     CS   18.190   179.6   2.14   8.08   8.60   0     —     —  —
    32     CS   18.410   154.0   2.37   8.30   8.82   0     —     —  —
    33     CS   18.630   128.4   2.59   8.52   9.04   0     —     —  —
    34     CS   18.890   105.8   2.85   8.78   9.30   1   b45     —  CHARGE, BRK-B45
    35     CS   20.223   375.7   0.24   9.03   9.77   0     —     —  —
    36     CS   20.497   350.0   0.52   9.30  10.04   0     —     —  —
    37     CS   20.737   321.5   0.76   9.54  10.28   0     —     —  —
    38     CS   21.035   290.3   1.06   9.84  10.58   0     —    r2  REST-R2
    39     CS   30.508   259.8   0.31   0.31   0.31   0     —     —  —
    40     CS   30.815   229.4   0.61   0.61   0.61   0     —     —  —
    41     CS   31.097   200.7   0.89   0.89   0.89   1   b45     —  CHARGE, BRK-B45
    42     CS   32.444   405.8   0.27   1.17   1.49   0     —     —  —
    43     CS   32.726   379.3   0.55   1.45   1.77   0     —     —  —
    44     CS   32.990   351.4   0.82   1.71   2.04   0     —     —  —
    45     CS   33.237   321.9   1.06   1.96   2.29   0     —     —  —
    46     CS   33.471   296.7   1.30   2.19   2.52   0     —     —  —
    47     CS   33.745   274.3   1.57   2.47   2.79   0     —     —  —
    48     CS   33.984   249.6   1.81   2.71   3.03   0     —     —  —
    49     CS   34.216   227.9   2.04   2.94   3.26   0     —     —  —
    50     CS   34.464   207.3   2.29   3.19   3.51   0     —     —  —
    51     CS   34.687   185.0   2.51   3.41   3.74   1   b45     —  CHARGE, BRK-B45
    52     CS   35.971   382.0   0.26   3.66   4.27   0     —     —  —
    53     CS   36.264   354.8   0.55   3.96   4.56   0     —     —  —
    54     CS   36.544   326.7   0.83   4.24   4.84   0     —     —  —
    55     CS   36.870   303.7   1.15   4.56   5.17   0     —     —  —
    56     CS   37.124   276.5   1.41   4.82   5.42   0     —     —  —
    57     CS   37.366   248.1   1.65   5.06   5.66   0     —     —  —
    58     CS   37.710   215.4   1.99   5.40   6.01   0     —     —  —
    59     CS   37.954   189.6   2.24   5.65   6.25   0     —     —  —
    60     CS   38.187   162.8   2.47   5.88   6.49   0     —     —  —
    61     CS   38.426   136.5   2.71   6.12   6.72   1   b45     —  CHARGE, BRK-B45
    62     CS   39.709   370.2   0.22   6.34   7.26   0     —     —  —
    63     CS   39.979   348.2   0.49   6.61   7.53   0     —     —  —
    64     CS   40.199   322.5   0.71   6.83   7.75   0     —     —  —
    65     CS   40.488   292.2   1.00   7.12   8.04   0     —     —  —
    66     CS   40.766   260.8   1.28   7.39   8.31   0     —     —  —
    67     CS   41.048   229.9   1.56   7.68   8.60   0     —     —  —
    68     CS   41.367   201.6   1.88   8.00   8.92   0     —     —  —
    69     CS   41.594   178.2   2.10   8.22   9.14   0     —     —  —
    70     CS   41.808   153.6   2.32   8.44   9.36   0     —     —  —
    71     CS   42.037   130.3   2.55   8.67   9.59   1   b45     —  CHARGE, BRK-B45
    72     CS   43.517   368.7   0.44   9.11  10.22   0     —     —  —
    73     CS   43.839   338.6   0.76   9.43  10.54   0     —     —  —
    74     CS   44.166   308.8   1.09   9.76  10.86   0     —    r2  REST-R2
    75     CS   53.618   275.8   0.29   0.29   0.29   0     —     —  —
    76     CS   53.912   247.3   0.58   0.58   0.58   0     —     —  —
    77     CS   54.179   216.5   0.85   0.85   0.85   0     —     —  —
    78     CS   54.487   189.0   1.15   1.15   1.15   0     —     —  —
    79     CS   54.699   164.9   1.37   1.37   1.37   0     —     —  —
    80     CS   54.912   141.1   1.58   1.58   1.58   0     —     —  —
    81     CS   55.123   117.0   1.79   1.79   1.79   1   b45     —  CHARGE, BRK-B45
    82     CS   56.538   409.4   0.26   2.05   2.24   0     —     —  —
    83     CS   56.751   384.7   0.47   2.26   2.46   0     —     —  —
    84     CS   56.969   360.5   0.69   2.48   2.67   0     —     —  —
    85     CS   57.274   336.6   0.99   2.78   2.98   0     —     —  —
    86     CS   57.529   309.4   1.25   3.04   3.23   0     —     —  —
    87     CS   57.787   282.6   1.51   3.30   3.49   0     —     —  —
    88     CS   58.063   257.0   1.78   3.57   3.77   0     —     —  —
    89     CS   58.315   229.5   2.03   3.82   4.02   0     —     —  —
    90     CS   58.555   201.0   2.27   4.07   4.26   0     —     —  —
    91     CS   58.874   170.8   2.59   4.38   4.58   0     —     —  —
    92   CUST   59.155   137.2   2.87   4.66   4.86   0     —     —  —
    93     CS   59.813   122.0   3.03   4.82   5.52   1   b45     —  CHARGE, BRK-B45
    94     CS   61.277   423.4   0.20   5.02   5.95   0     —     —  —
    95     CS   61.515   403.2   0.44   5.26   6.19   0     —     —  —
    96     CS   61.715   380.1   0.64   5.46   6.39   0     —     —  —
    97     CS   61.917   355.9   0.84   5.66   6.59   0     —     —  —
    98     CS   62.120   331.9   1.04   5.87   6.80   0     —     —  —
    99     CS   62.377   311.7   1.30   6.12   7.05   0     —     —  —
   100     CS   62.707   284.1   1.63   6.45   7.38   0     —     —  —
   101     CS   63.001   254.1   1.92   6.75   7.68   0     —     —  —
   102     CS   63.303   228.8   2.23   7.05   7.98   0     —     —  —
   103     CS   63.571   201.2   2.49   7.32   8.25   0     —     —  —
   104     CS   63.859   175.1   2.78   7.60   8.54   0     —     —  —
   105     CS   64.128   147.5   3.05   7.87   8.81   1   b45     —  CHARGE, BRK-B45
   106     CS   65.461   378.4   0.25   8.12   9.39   0     —     —  —
   107     CS   65.695   351.3   0.48   8.35   9.62   0     —     —  —
   108     CS   65.960   324.6   0.75   8.62   9.89   0     —     —  —
   109     CS   66.202   295.8   0.99   8.86  10.13   0     —    r2  REST-R2
   110     CS   75.625   267.3   0.26   0.26   0.26   0     —     —  —
   111     CS   75.935   242.4   0.57   0.57   0.57   0     —     —  —
   112     CS   76.218   215.9   0.85   0.85   0.85   0     —     —  —
   113     CS   76.428   191.7   1.06   1.06   1.06   0     —     —  —
   114     CS   76.656   169.1   1.29   1.29   1.29   0     —     —  —
   115     CS   76.865   144.8   1.50   1.50   1.50   1   b45     —  CHARGE, BRK-B45
   116     CS   78.200   407.2   0.23   1.73   1.93   0     —     —  —
   117     CS   78.430   381.0   0.46   1.96   2.16   0     —     —  —
   118     CS   78.659   354.5   0.69   2.18   2.39   0     —     —  —
   119     CS   78.889   328.2   0.92   2.41   2.62   0     —     —  —
   120     CS   79.144   301.8   1.17   2.67   2.88   0     —     —  —
   121     CS   79.384   274.1   1.41   2.91   3.12   0     —     —  —
   122     CS   79.644   248.1   1.67   3.17   3.38   0     —     —  —
   123     CS   79.865   224.9   1.89   3.39   3.60   0     —     —  —
   124     CS   80.086   201.8   2.12   3.61   3.82   0     —     —  —
   125     CS   80.323   179.8   2.35   3.85   4.06   1   b45     —  CHARGE, BRK-B45
   126     CS   81.707   419.5   0.33   4.18   4.58   0     —     —  —
   127     CS   81.992   390.3   0.62   4.47   4.87   0     —     —  —
   128     CS   82.272   360.7   0.90   4.75   5.15   0     —     —  —
   129     CS   82.514   335.5   1.14   4.99   5.39   0     —     —  —
   130     CS   82.775   311.6   1.40   5.25   5.65   0     —     —  —
   131     CS   83.013   286.1   1.64   5.49   5.89   0     —     —  —
   132     CS   83.284   259.8   1.91   5.76   6.16   0     —     —  —
   133     CS   83.540   232.3   2.17   6.02   6.42   0     —     —  —
   134     CS   83.784   205.6   2.41   6.26   6.66   0     —     —  —
   135     CS   84.029   178.9   2.66   6.51   6.91   0     —     —  —
   136     CS   84.269   151.8   2.90   6.75   7.15   0     —     —  —
   137     CS   84.503   124.1   3.13   6.98   7.38   1   b45     —  CHARGE, BRK-B45
   138     CS   86.069   393.3   0.21   7.19   8.07   0     —     —  —
   139     CS   86.299   370.8   0.44   7.42   8.30   0     —     —  —
   140     CS   86.666   353.2   0.81   7.78   8.67   0     —     —  —
   141     CS   87.118   307.0   1.26   8.24   9.12   0     —    r1  REST-R1
   142     CS   98.523   280.7   0.24   0.24   0.24   0     —     —  —
   143     CS   98.759   254.2   0.47   0.47   0.47   0     —     —  —
   144     CS   99.028   230.2   0.74   0.74   0.74   0     —     —  —
   145     CS   99.261   204.2   0.98   0.98   0.98   0     —     —  —
   146     CS   99.495   178.3   1.21   1.21   1.21   0     —     —  —
   147     CS   99.749   154.0   1.47   1.47   1.47   1   b45     —  CHARGE, BRK-B45
   148     CS  101.208   434.1   0.19   1.66   1.94   0     —     —  —
   149     CS  101.414   412.7   0.40   1.86   2.14   0     —     —  —
   150     CS  101.609   390.3   0.59   2.06   2.34   0     —     —  —
   151     CS  101.879   358.9   0.86   2.33   2.61   0     —     —  —
   152     CS  102.150   327.7   1.14   2.60   2.88   0     —     —  —
   153     CS  102.419   296.3   1.40   2.87   3.15   0     —     —  —
   154     CS  102.651   269.4   1.64   3.10   3.38   0     —     —  —
   155     CS  102.896   243.6   1.88   3.35   3.63   0     —     —  —
   156     CS  103.134   217.3   2.12   3.58   3.86   0     —     —  —
   157     CS  103.392   189.6   2.38   3.84   4.12   0     —     —  —
   158     CS  103.639   161.0   2.62   4.09   4.37   0     —     —  —
   159     CS  103.914   134.6   2.90   4.36   4.64   1   b45     —  CHARGE, BRK-B45
   160     CS  105.345   391.4   0.29   4.66   5.20   0     —     —  —
   161     CS  105.638   359.0   0.58   4.95   5.49   0     —     —  —
   162     CS  105.838   336.3   0.78   5.15   5.69   0     —     —  —
   163     CS  106.082   316.7   1.03   5.39   5.93   0     —     —  —
   164     CS  106.286   294.3   1.23   5.60   6.14   0     —     —  —
   165     CS  106.536   267.5   1.48   5.85   6.39   0     —     —  —
   166     CS  106.775   239.6   1.72   6.08   6.63   0     —     —  —
   167     CS  107.021   212.5   1.97   6.33   6.87   0     —     —  —
   168     CS  107.330   189.4   2.28   6.64   7.18   0     —     —  —
   169     CS  107.785   143.3   2.73   7.10   7.64   1   b45     —  CHARGE, BRK-B45
   170     CS  109.212   404.3   0.27   7.36   8.16   0     —     —  —
   171     CS  109.502   375.6   0.56   7.65   8.45   0     —     —  —
   172     CS  109.766   344.4   0.82   7.92   8.71   0     —     —  —
   173     CS  110.055   317.7   1.11   8.21   9.00   0     —     —  —
   174     CS  110.377   292.8   1.43   8.53   9.32   0     —     —  —
   175     CS  110.644   264.3   1.70   8.80   9.59   0     —    r1  REST-R1
   176     CS  122.085   236.2   0.28   0.28   0.28   0     —     —  —
   177     CS  122.345   206.7   0.53   0.53   0.53   0     —     —  —
   178     CS  122.637   182.7   0.83   0.83   0.83   0     —     —  —
   179     CS  122.872   154.5   1.06   1.06   1.06   0     —     —  —
[31/33] RlongCfewTnone_14            labelled   61 states in  88.5 min
  ScenarioTracker saved: /mnt/beegfs/users/celinep/ChargeAndBreak/ML/logs/RmediumCmanyTnone_10_DAGGER1_S1_H24_20260822_183235_scenarios.json

  === SIMULATION TRAJECTORY ===
  stop   type    t_arr     soc     cd     sd     sw   y   brk   rst  action
  ───────────────────────────────────────────────────────────────────────────────────────────────
     0   ORIG    8.000   500.0   0.00   0.00   0.00   0     —     —  —
     1     CS    8.234   474.1   0.23   0.23   0.23   0     —     —  —
     2     CS    8.466   448.0   0.47   0.47   0.47   0     —     —  —
     3     CS    8.691   421.2   0.69   0.69   0.69   0     —     —  —
     4     CS    8.924   397.5   0.92   0.92   0.92   0     —     —  —
     5     CS    9.142   372.5   1.14   1.14   1.14   0     —     —  —
     6     CS    9.401   350.5   1.40   1.40   1.40   0     —     —  —
     7     CS    9.623   325.9   1.62   1.62   1.62   0     —     —  —
     8     CS    9.841   304.7   1.84   1.84   1.84   0     —     —  —
     9     CS   10.056   283.3   2.06   2.06   2.06   0     —     —  —
    10     CS   10.264   261.3   2.26   2.26   2.26   0     —     —  —
    11     CS   10.503   234.2   2.50   2.50   2.50   0     —     —  —
    12     CS   10.739   207.0   2.74   2.74   2.74   0     —     —  —
    13     CS   11.001   181.8   3.00   3.00   3.00   1   b45     —  CHARGE, BRK-B45
    14     CS   12.335   395.3   0.24   3.24   3.59   0     —     —  —
    15     CS   12.575   366.7   0.48   3.48   3.82   0     —     —  —
    16     CS   12.843   340.6   0.75   3.75   4.09   0     —     —  —
    17     CS   13.094   311.5   1.00   4.00   4.34   0     —     —  —
    18     CS   13.345   282.3   1.25   4.25   4.59   0     —     —  —
    19     CS   13.597   253.4   1.50   4.50   4.85   0     —     —  —
    20     CS   13.862   225.5   1.77   4.77   5.11   0     —     —  —
    21     CS   14.077   199.6   1.98   4.98   5.33   0     —     —  —
    22     CS   14.315   175.7   2.22   5.22   5.57   0     —     —  —
    23     CS   14.538   150.6   2.44   5.44   5.79   0     —     —  —
    24     CS   14.755   124.8   2.66   5.66   6.00   1   b45     —  CHARGE, BRK-B45
    25     CS   16.509   415.6   0.30   5.96   6.75   0     —     —  —
    26     CS   16.773   384.5   0.57   6.23   7.02   0     —     —  —
    27   CUST   17.104   358.3   0.90   6.56   7.35   0     —     —  —
    28     CS   17.862   330.3   1.15   6.82   8.11   0     —     —  —
    29     CS   18.119   302.4   1.41   7.07   8.36   0     —     —  —
    30   CUST   18.162   298.1   1.46   7.12   8.41   0     —     —  —
    31   CUST   18.716   292.4   1.51   7.17   8.96   0     —     —  —
    32     CS   19.508   259.9   1.80   7.46   9.75   0     —     —  —
    33   CUST   19.850   223.8   2.14   7.80  10.10   0     —     —  —
    34     CS   20.658   193.3   2.45   8.11  10.90   0     —     —  —
    35     CS   20.954   161.7   2.75   8.41  11.20   1     —    r2  CHARGE, REST-R2
    36     CS   31.450   392.0   0.41   0.41   0.41   0     —     —  —
    37     CS   31.757   361.9   0.72   0.72   0.72   0     —     —  —
    38     CS   32.035   329.4   1.00   1.00   1.00   0     —     —  —
    39     CS   32.306   298.1   1.27   1.27   1.27   0     —     —  —
    40     CS   32.613   269.8   1.58   1.58   1.58   0     —     —  —
    41     CS   32.890   239.2   1.85   1.85   1.85   0     —     —  —
    42     CS   33.113   214.6   2.08   2.08   2.08   0     —     —  —
    43     CS   33.352   191.4   2.32   2.32   2.32   0     —     —  —
    44     CS   33.581   167.4   2.55   2.55   2.55   1   b45     —  CHARGE, BRK-B45
    45     CS   34.973   415.3   0.27   2.81   3.08   0     —     —  —
    46     CS   35.204   388.3   0.50   3.04   3.31   0     —     —  —
    47     CS   35.437   361.5   0.73   3.28   3.54   0     —     —  —
    48     CS   35.667   335.2   0.96   3.51   3.77   0     —     —  —
    49     CS   35.892   308.4   1.19   3.73   3.99   0     —     —  —
    50     CS   36.124   282.3   1.42   3.96   4.23   0     —     —  —
    51     CS   36.396   262.3   1.69   4.24   4.50   0     —     —  —
    52     CS   36.607   238.2   1.90   4.45   4.71   0     —     —  —
    53     CS   36.813   213.5   2.11   4.65   4.91   0     —     —  —
    54     CS   37.012   190.7   2.31   4.85   5.11   0     —     —  —
    55     CS   37.214   168.3   2.51   5.05   5.32   0     —     —  —
    56   CUST   37.416   145.7   2.71   5.26   5.52   0     —     —  —
    57     CS   38.049   130.6   2.84   5.39   6.15   1   b45     —  CHARGE, BRK-B45
    58     CS   39.610   398.2   0.38   5.77   6.75   0     —     —  —
    59     CS   39.865   370.7   0.64   6.02   7.01   0     —     —  —
    60     CS   40.147   345.1   0.92   6.31   7.29   0     —     —  —
    61     CS   40.445   320.6   1.22   6.60   7.59   0     —     —  —
    62     CS   40.712   294.0   1.48   6.87   7.85   0     —     —  —
    63     CS   40.934   268.5   1.70   7.09   8.08   0     —     —  —
    64     CS   41.182   245.2   1.95   7.34   8.32   0     —     —  —
    65     CS   41.411   220.4   2.18   7.57   8.55   1   b45     —  CHARGE, BRK-B45
    66     CS   42.674   381.3   0.29   7.86   9.07   0     —     —  —
    67   CUST   43.056   356.0   0.67   8.24   9.45   0     —    r2  REST-R2
    68   CUST   52.889   316.6   0.33   0.33   0.33   0     —     —  —
    69     CS   53.620   290.4   0.56   0.56   1.06   0     —     —  —
    70     CS   53.741   278.9   0.69   0.69   1.19   0     —     —  —
    71     CS   54.048   247.8   0.99   0.99   1.49   0     —     —  —
    72   CUST   54.359   216.9   1.30   1.30   1.80   0     —     —  —
    73     CS   55.124   185.5   1.57   1.57   2.57   0     —     —  —
    74     CS   55.388   157.0   1.83   1.83   2.83   0     —     —  —
    75     CS   55.663   129.4   2.11   2.11   3.11   1   b45     —  CHARGE, BRK-B45
    76     CS   57.086   377.6   0.21   2.31   3.75   0     —     —  —
    77     CS   57.312   354.9   0.43   2.54   3.97   0     —     —  —
    78     CS   57.556   333.3   0.68   2.78   4.22   0     —     —  —
    79     CS   57.775   308.4   0.90   3.00   4.43   0     —     —  —
    80     CS   58.020   285.5   1.14   3.25   4.68   0     —     —  —
    81     CS   58.263   262.6   1.38   3.49   4.92   0     —     —  —
    82     CS   58.522   237.9   1.64   3.75   5.18   0     —     —  —
    83     CS   58.759   211.5   1.88   3.99   5.42   0     —     —  —
    84     CS   59.054   188.9   2.17   4.28   5.71   1   b45     —  CHARGE, BRK-B45
    85     CS   60.416   412.0   0.29   4.57   6.25   0     —     —  —
    86     CS   60.715   380.2   0.59   4.87   6.55   0     —     —  —
    87     CS   61.003   347.4   0.88   5.16   6.84   0     —     —  —
    88     CS   61.280   317.1   1.16   5.44   7.11   0     —     —  —
    89     CS   61.582   288.8   1.46   5.74   7.42   0     —     —  —
    90     CS   61.869   259.0   1.75   6.03   7.70   0     —     —  —
    91     CS   62.212   232.7   2.09   6.37   8.05   0     —     —  —
    92     CS   62.510   203.8   2.39   6.67   8.35   0     —     —  —
    93     CS   62.756   181.7   2.63   6.91   8.59   0     —     —  —
    94     CS   62.975   157.6   2.85   7.13   8.81   0     —     —  —
[32/33] RmediumCmanyTnone_10         labelled   35 states in  44.5 min
  ScenarioTracker saved: /mnt/beegfs/users/celinep/ChargeAndBreak/ML/logs/RmediumCmanyTlarge_8_DAGGER1_S1_H24_20260822_191706_scenarios.json

  === SIMULATION TRAJECTORY ===
  stop   type    t_arr     soc     cd     sd     sw   y   brk   rst  action
  ───────────────────────────────────────────────────────────────────────────────────────────────
     0   ORIG    8.000   500.0   0.00   0.00   0.00   0     —     —  —
     1     CS    8.228   473.5   0.23   0.23   0.23   0     —     —  —
     2     CS    8.464   447.8   0.46   0.46   0.46   0     —     —  —
     3     CS    8.695   421.6   0.70   0.70   0.70   0     —     —  —
     4     CS    8.918   395.3   0.92   0.92   0.92   0     —     —  —
     5     CS    9.142   369.0   1.14   1.14   1.14   0     —     —  —
     6     CS    9.391   344.9   1.39   1.39   1.39   0     —     —  —
     7     CS    9.627   319.7   1.63   1.63   1.63   0     —     —  —
     8     CS   10.092   267.6   2.09   2.09   2.09   0     —     —  —
     9     CS   10.374   237.8   2.37   2.37   2.37   0     —     —  —
    10     CS   10.665   208.7   2.67   2.67   2.67   0     —     —  —
    11     CS   10.964   186.3   2.96   2.96   2.96   0     —     —  —
    12     CS   11.222   161.6   3.22   3.22   3.22   0     —     —  —
    13     CS   11.487   137.4   3.49   3.49   3.49   1   b45     —  CHARGE, BRK-B45
    14     CS   13.022   401.9   0.23   3.72   4.15   0     —     —  —
    15     CS   13.236   378.1   0.44   3.93   4.36   0     —     —  —
    16     CS   13.494   357.3   0.70   4.19   4.62   0     —     —  —
    17     CS   13.732   328.8   0.94   4.43   4.86   0     —     —  —
    18     CS   13.971   300.3   1.18   4.67   5.10   0     —     —  —
    19     CS   14.215   272.4   1.42   4.91   5.34   0     —     —  —
    20     CS   14.452   243.8   1.66   5.15   5.58   0     —     —  —
    21     CS   14.721   216.3   1.93   5.42   5.85   0     —     —  —
    22   CUST   14.971   187.0   2.18   5.67   6.10   0     —     —  —
    23     CS   15.780   159.7   2.49   5.97   6.91   0     —     —  —
    24   CUST   16.052   129.6   2.76   6.25   7.18   0     —     —  —
    25   CUST   16.563   128.2   2.77   6.26   7.69   0     —     —  —
    26     CS   17.087   125.6   2.79   6.28   8.21   1   b45     —  CHARGE, BRK-B45
    27     CS   18.275   398.3   0.09   6.37   8.58   0     —     —  —
    28     CS   18.549   373.3   0.36   6.65   8.85   0     —     —  —
    29     CS   18.789   345.5   0.60   6.89   9.09   0     —     —  —
    30   CUST   19.053   319.9   0.87   7.15   9.36   0     —     —  —
    31   CUST   19.721   303.2   1.04   7.32  10.03   0     —     —  —
    32     CS   20.486   281.6   1.30   7.58  10.79   0     —     —  —
    33     CS   20.729   259.6   1.54   7.83  11.03   0     —     —  —
    34     CS   20.997   238.1   1.81   8.09  11.30   0     —     —  —
    35     CS   21.228   214.3   2.04   8.33  11.53   0     —     —  —
    36     CS   21.451   189.7   2.27   8.55  11.76   0     —     —  —
    37     CS   21.680   165.7   2.50   8.78  11.98   1     —    r2  CHARGE, REST-R2
    38     CS   31.763   326.5   0.26   0.26   0.26   0     —     —  —
    39     CS   32.008   300.8   0.51   0.51   0.51   0     —     —  —
    40     CS   32.242   274.1   0.74   0.74   0.74   0     —     —  —
    41     CS   32.451   249.9   0.95   0.95   0.95   0     —     —  —
    42     CS   32.661   225.7   1.16   1.16   1.16   0     —     —  —
    43     CS   32.873   201.7   1.37   1.37   1.37   1   b45     —  CHARGE, BRK-B45
    44     CS   34.114   373.0   0.22   1.59   1.86   0     —     —  —
    45     CS   34.375   351.2   0.48   1.85   2.12   0     —     —  —
    46     CS   34.616   328.1   0.72   2.09   2.37   0     —     —  —
    47   CUST   34.851   304.6   0.95   2.33   2.60   0     —     —  —
    48   CUST   35.357   303.9   0.96   2.33   3.11   0     —     —  —
    49     CS   36.290   270.5   1.39   2.77   4.04   0     —     —  —
    50     CS   36.810   236.3   1.91   3.29   4.56   0     —     —  —
    51   CUST   37.260   182.7   2.36   3.74   5.01   0     —     —  —
    52     CS   37.921   165.5   2.52   3.90   5.67   1   b45     —  CHARGE, BRK-B45
    53     CS   39.205   394.5   0.33   4.22   6.19   0     —     —  —
    54     CS   39.459   366.9   0.58   4.48   6.45   0     —     —  —
    55     CS   39.727   340.4   0.85   4.74   6.72   0     —     —  —
    56     CS   40.034   321.5   1.15   5.05   7.02   0     —     —  —
    57     CS   40.246   297.6   1.37   5.26   7.24   0     —     —  —
    58     CS   40.467   274.4   1.59   5.48   7.46   0     —     —  —
    59     CS   40.731   245.7   1.85   5.75   7.72   0     —     —  —
    60     CS   41.117   223.0   2.24   6.13   8.11   0     —     —  —
    61     CS   41.461   199.0   2.58   6.48   8.45   0     —     —  —
    62     CS   41.697   172.6   2.82   6.71   8.69   0     —     —  —
    63     CS   41.925   145.3   3.05   6.94   8.92   0     —     —  —
    64     CS   42.168   119.3   3.29   7.19   9.16   1   b45     —  CHARGE, BRK-B45
    65     CS   43.594   360.2   0.40   7.58   9.76   0     —     —  —
    66     CS   43.792   336.5   0.60   7.78   9.96   0     —     —  —
    67     CS   43.993   313.1   0.80   7.98  10.16   0     —     —  —
    68     CS   44.201   290.3   1.00   8.19  10.37   0     —     —  —
    69     CS   44.467   258.9   1.27   8.46  10.63   0     —     —  —
    70     CS   44.738   228.1   1.54   8.73  10.90   0     —     —  —
    71     CS   45.019   198.2   1.82   9.01  11.19   0     —     —  —
    72     CS   45.294   167.8   2.10   9.28  11.46   1     —    r2  CHARGE, REST-R2
    73     CS   55.355   342.2   0.26   0.26   0.26   0     —     —  —
    74     CS   55.627   319.6   0.53   0.53   0.53   0     —     —  —
    75     CS   55.852   293.7   0.75   0.75   0.75   0     —     —  —
    76     CS   56.098   270.3   1.00   1.00   1.00   0     —     —  —
    77     CS   56.324   245.2   1.23   1.23   1.23   0     —     —  —
    78     CS   56.541   219.3   1.44   1.44   1.44   0     —     —  —
    79     CS   56.757   195.6   1.66   1.66   1.66   0     —     —  —
    80     CS   56.963   171.0   1.87   1.87   1.87   0     —     —  —
    81     CS   57.179   147.5   2.08   2.08   2.08   1   b45     —  CHARGE, BRK-B45
    82     CS   58.814   251.1   0.44   2.52   2.97   0     —     —  —
    83     CS   59.085   221.6   0.71   2.79   3.24   0     —     —  —
    84     CS   59.366   192.8   0.99   3.07   3.52   0     —     —  —
    85     CS   59.631   162.6   1.25   3.33   3.78   0     —     —  —
    86     CS   59.915   134.0   1.54   3.62   4.07   1     —     —  CHARGE
    87     CS   60.796   208.6   1.81   3.89   4.95   0     —     —  —
[33/33] RmediumCmanyTlarge_8         labelled   30 states in  36.0 min
