DAgger round 1: 34 instances, label prob 0.35, model policy_K20_seedsplit_seed0_cw0.pt
    [warn] teacher query failed @8: Solver (gurobi) did not exit normally
  ScenarioTracker saved: /mnt/beegfs/users/celinep/ChargeAndBreak/ML/logs/RshortCmanyTnone_5_DAGGER1_S1_H24_20260821_095130_scenarios.json

  === SIMULATION TRAJECTORY ===
  stop   type    t_arr     soc     cd     sd     sw   y   brk   rst  action
  ───────────────────────────────────────────────────────────────────────────────────────────────
     0   ORIG    8.000   500.0   0.00   0.00   0.00   0     —     —  —
     1     CS    8.305   478.4   0.30   0.30   0.30   0     —     —  —
     2     CS    8.566   454.6   0.57   0.57   0.57   0     —     —  —
     3     CS    8.920   434.5   0.92   0.92   0.92   0     —     —  —
     4     CS    9.169   406.4   1.17   1.17   1.17   0     —     —  —
     5     CS    9.411   377.6   1.41   1.41   1.41   0     —     —  —
     6     CS    9.705   349.8   1.71   1.71   1.71   0     —     —  —
     7     CS   10.016   323.1   2.02   2.02   2.02   0     —     —  —
     8     CS   10.293   294.0   2.29   2.29   2.29   0     —     —  —
     9     CS   10.560   264.0   2.56   2.56   2.56   0     —     —  —
    10     CS   10.855   244.8   2.86   2.86   2.86   0     —     —  —
    11     CS   11.064   220.5   3.06   3.06   3.06   0     —     —  —
    12     CS   11.279   196.8   3.28   3.28   3.28   1   b45     —  CHARGE, BRK-B45
    13     CS   12.670   433.4   0.25   3.53   3.78   0     —     —  —
    14     CS   12.926   404.7   0.51   3.79   4.04   0     —     —  —
    15   CUST   13.197   377.4   0.78   4.06   4.31   0     —     —  —
    16     CS   14.076   349.5   1.16   4.44   5.19   0     —     —  —
    17     CS   14.233   331.9   1.32   4.60   5.34   0     —     —  —
    18     CS   14.445   309.4   1.53   4.81   5.55   0     —     —  —
    19     CS   14.647   286.1   1.73   5.01   5.76   0     —     —  —
    20   CUST   14.851   262.9   1.94   5.21   5.96   0     —     —  —
    21     CS   15.530   244.9   2.11   5.39   6.64   0     —     —  —
    22     CS   15.754   220.8   2.34   5.62   6.86   0     —     —  —
    23     CS   16.006   198.6   2.59   5.87   7.11   0     —     —  —
    24     CS   16.233   174.8   2.82   6.10   7.34   0     —     —  —
    25     CS   16.452   150.1   3.04   6.32   7.56   1   b45     —  CHARGE, BRK-B45
    26     CS   17.755   394.1   0.24   6.55   8.06   0     —     —  —
    27     CS   18.002   371.5   0.48   6.80   8.31   0     —     —  —
    28     CS   18.244   348.4   0.73   7.04   8.55   0     —     —  —
    29     CS   18.471   321.8   0.95   7.27   8.78   0     —     —  —
    30     CS   18.717   296.9   1.20   7.51   9.02   0     —     —  —
    31   CUST   18.953   271.3   1.44   7.75   9.26   0     —     —  —
    32   CUST   19.529   262.8   1.51   7.83   9.84   0     —     —  —
    33   CUST   20.267   243.5   1.75   8.06  10.57   0     —     —  —
    34     CS   20.778   242.1   1.76   8.08  11.09   0     —     —  —
    35     CS   21.042   210.7   2.02   8.34  11.35   1     —    r2  CHARGE, REST-R2
    36     CS   31.435   409.8   0.32   0.32   0.32   0     —     —  —
    37     CS   31.694   379.0   0.58   0.58   0.58   0     —     —  —
    38     CS   31.945   355.9   0.83   0.83   0.83   0     —     —  —
    39     CS   32.171   330.9   1.06   1.06   1.06   0     —     —  —
    40   CUST   32.411   307.0   1.30   1.30   1.30   0     —     —  —
    41     CS   33.170   282.7   1.56   1.56   2.06   0     —     —  —
    42     CS   33.434   258.7   1.82   1.82   2.32   0     —     —  —
    43   CUST   33.725   236.2   2.11   2.11   2.61   0     —     —  —
    44     CS   34.318   225.8   2.20   2.20   3.20   0     —     —  —
    45     CS   34.554   198.9   2.44   2.44   3.44   1   b45     —  CHARGE, BRK-B45
    46   CUST   35.993   373.6   0.30   2.74   4.13   0     —     —  —
    47   CUST   36.774   350.0   0.58   3.02   4.91   0     —     —  —
    48   CUST   37.361   341.3   0.67   3.11   5.50   0     —     —  —
    49     CS   38.099   328.5   0.91   3.35   6.23   0     —     —  —
    50     CS   38.359   299.6   1.17   3.61   6.49   0     —     —  —
    51   CUST   38.626   271.4   1.44   3.88   6.76   0     —     —  —
    52   CUST   39.165   266.7   1.48   3.91   7.30   0     —     —  —
    53     CS   39.689   264.1   1.50   3.94   7.82   0     —     —  —
    54     CS   39.903   238.3   1.71   4.15   8.04   0     —     —  —
    55     CS   40.133   214.0   1.94   4.38   8.27   0     —     —  —
    56     CS   40.381   191.0   2.19   4.63   8.52   0     —     —  —
    57     CS   40.640   161.9   2.45   4.89   8.77   0     —     —  —
    58     CS   40.898   132.7   2.71   5.15   9.03   0     —     —  —
    59     CS   41.195   106.4   3.01   5.44   9.33   1     —     —  CHARGE
    60     CS   42.229   184.2   3.36   5.80  10.36   0     —     —  —
[1/34] RshortCmanyTnone_5           labelled   21 states in  26.7 min
  ScenarioTracker saved: /mnt/beegfs/users/celinep/ChargeAndBreak/ML/logs/RshortCfewTlarge_3_DAGGER1_S1_H24_20260821_101813_scenarios.json

  === SIMULATION TRAJECTORY ===
  stop   type    t_arr     soc     cd     sd     sw   y   brk   rst  action
  ───────────────────────────────────────────────────────────────────────────────────────────────
     0   ORIG    8.000   500.0   0.00   0.00   0.00   0     —     —  —
     1     CS    8.270   476.7   0.27   0.27   0.27   0     —     —  —
     2     CS    8.500   450.4   0.50   0.50   0.50   0     —     —  —
     3     CS    8.725   423.7   0.72   0.72   0.72   0     —     —  —
     4     CS    9.011   393.0   1.01   1.01   1.01   0     —     —  —
     5     CS    9.317   363.9   1.32   1.32   1.32   0     —     —  —
     6     CS    9.596   332.8   1.60   1.60   1.60   0     —     —  —
     7     CS    9.929   305.3   1.93   1.93   1.93   0     —     —  —
     8     CS   10.209   274.1   2.21   2.21   2.21   0     —     —  —
     9     CS   10.452   248.3   2.45   2.45   2.45   0     —     —  —
    10     CS   10.697   222.6   2.70   2.70   2.70   0     —     —  —
    11     CS   10.934   196.1   2.93   2.93   2.93   0     —     —  —
    12     CS   11.253   173.4   3.25   3.25   3.25   0     —     —  —
    13     CS   11.587   151.3   3.59   3.59   3.59   1   b45     —  CHARGE, BRK-B45
    14     CS   13.039   389.8   0.28   3.87   4.24   0     —     —  —
    15     CS   13.318   360.8   0.56   4.15   4.52   0     —     —  —
    16     CS   13.594   331.6   0.84   4.43   4.79   0     —     —  —
    17     CS   13.850   304.2   1.10   4.68   5.05   0     —     —  —
    18     CS   14.093   275.5   1.34   4.93   5.29   0     —     —  —
    19     CS   14.353   248.3   1.60   5.19   5.55   0     —     —  —
    20     CS   14.658   224.1   1.90   5.49   5.86   0     —     —  —
    21     CS   14.885   200.0   2.13   5.72   6.08   0     —     —  —
    22     CS   15.102   174.8   2.35   5.93   6.30   0     —     —  —
    23     CS   15.321   149.9   2.57   6.15   6.52   0     —     —  —
    24     CS   15.624   113.6   2.87   6.46   6.82   1   b45     —  CHARGE, BRK-B45
    25     CS   17.219   393.7   0.26   6.72   7.50   0     —     —  —
    26     CS   17.475   366.3   0.52   6.97   7.75   0     —     —  —
    27     CS   17.737   339.3   0.78   7.24   8.01   0     —     —  —
    28   CUST   17.980   310.6   1.02   7.48   8.26   0     —    r2  REST-R2
    29     CS   27.555   302.1   0.08   0.08   0.08   0     —     —  —
    30     CS   27.770   276.4   0.29   0.29   0.29   0     —     —  —
    31     CS   28.082   256.4   0.60   0.60   0.60   0     —     —  —
    32     CS   28.304   231.4   0.82   0.82   0.82   0     —     —  —
    33     CS   28.715   192.8   1.24   1.24   1.24   1   b45     —  CHARGE, BRK-B45
    34     CS   30.092   395.3   0.26   1.50   1.86   0     —     —  —
    35     CS   30.345   369.8   0.51   1.75   2.12   0     —     —  —
    36     CS   30.609   345.2   0.78   2.01   2.38   0     —     —  —
    37     CS   30.867   320.1   1.03   2.27   2.64   0     —     —  —
    38     CS   31.129   292.0   1.30   2.53   2.90   0     —     —  —
    39     CS   31.402   264.8   1.57   2.81   3.17   0     —     —  —
    40     CS   31.665   236.8   1.83   3.07   3.44   0     —     —  —
    41     CS   31.918   207.0   2.09   3.32   3.69   0     —     —  —
    42     CS   32.193   179.3   2.36   3.60   3.96   0     —     —  —
    43     CS   32.508   154.0   2.68   3.91   4.28   1   b45     —  CHARGE, BRK-B45
    44     CS   33.805   355.0   0.21   4.12   4.83   0     —     —  —
    45     CS   34.020   332.0   0.42   4.33   5.04   0     —     —  —
    46     CS   34.222   307.9   0.62   4.54   5.24   0     —     —  —
    47     CS   34.506   280.5   0.91   4.82   5.53   0     —     —  —
    48     CS   34.760   250.4   1.16   5.07   5.78   0     —     —  —
    49     CS   35.027   221.2   1.43   5.34   6.05   0     —     —  —
    50     CS   35.290   191.6   1.69   5.60   6.31   0     —     —  —
    51     CS   35.559   162.5   1.96   5.87   6.58   1     —     —  CHARGE
[2/34] RshortCfewTlarge_3           labelled   20 states in  21.5 min
  ScenarioTracker saved: /mnt/beegfs/users/celinep/ChargeAndBreak/ML/logs/RlongCmanyTmedium_11_DAGGER1_S1_H24_20260821_103942_scenarios.json

  === SIMULATION TRAJECTORY ===
  stop   type    t_arr     soc     cd     sd     sw   y   brk   rst  action
  ───────────────────────────────────────────────────────────────────────────────────────────────
     0   ORIG    8.000   500.0   0.00   0.00   0.00   0     —     —  —
     1     CS    8.229   473.7   0.23   0.23   0.23   0     —     —  —
     2     CS    8.531   451.9   0.53   0.53   0.53   0     —     —  —
     3     CS    8.772   426.7   0.77   0.77   0.77   0     —     —  —
     4     CS    9.044   400.5   1.04   1.04   1.04   0     —     —  —
     5     CS    9.287   371.8   1.29   1.29   1.29   0     —     —  —
     6     CS    9.578   343.2   1.58   1.58   1.58   0     —     —  —
     7     CS    9.838   311.9   1.84   1.84   1.84   0     —     —  —
     8     CS   10.117   282.4   2.12   2.12   2.12   0     —     —  —
     9     CS   10.393   252.6   2.39   2.39   2.39   0     —     —  —
    10     CS   10.857   200.5   2.86   2.86   2.86   0     —     —  —
    11     CS   11.190   171.8   3.19   3.19   3.19   0     —     —  —
    12     CS   11.516   142.6   3.52   3.52   3.52   0     —     —  —
    13     CS   11.818   111.9   3.82   3.82   3.82   1   b45     —  CHARGE, BRK-B45
    14     CS   13.321   399.4   0.25   4.07   4.36   0     —     —  —
    15     CS   13.596   372.3   0.53   4.35   4.63   0     —     —  —
    16     CS   13.862   344.6   0.79   4.61   4.90   0     —     —  —
    17     CS   14.089   318.0   1.02   4.84   5.12   0     —     —  —
    18     CS   14.330   292.7   1.26   5.08   5.37   0     —     —  —
    19     CS   14.677   272.5   1.61   5.43   5.71   0     —     —  —
    20     CS   14.928   253.2   1.86   5.68   5.96   0     —     —  —
    21     CS   15.132   230.9   2.06   5.88   6.17   0     —     —  —
    22     CS   15.343   209.1   2.27   6.09   6.38   0     —     —  —
    23     CS   16.103   172.7   3.03   6.85   7.14   1   b45     —  CHARGE, BRK-B45
    24     CS   17.458   357.6   0.25   7.10   7.74   0     —     —  —
    25     CS   17.706   328.1   0.50   7.35   7.99   0     —     —  —
    26     CS   17.959   299.3   0.75   7.60   8.24   0     —     —  —
    27     CS   18.180   273.9   0.97   7.83   8.47   0     —     —  —
    28     CS   18.398   248.3   1.19   8.04   8.68   0     —     —  —
    29     CS   18.615   222.6   1.41   8.26   8.90   0     —     —  —
    30     CS   18.839   197.5   1.63   8.48   9.12   0     —     —  —
    31     CS   19.135   169.2   1.93   8.78   9.42   0     —     —  —
    32     CS   19.412   139.3   2.21   9.06   9.70   0     —     —  —
    33     CS   19.685   109.1   2.48   9.33   9.97   1   b45     —  CHARGE, BRK-B45
    34     CS   21.183   382.0   0.27   9.60  10.58   0     —     —  —
    35     CS   21.430   357.8   0.52   9.85  10.83   0     —    r2  REST-R2
    36     CS   30.873   335.3   0.28   0.28   0.28   0     —     —  —
    37     CS   31.097   309.0   0.50   0.50   0.50   0     —     —  —
    38   CUST   31.331   283.7   0.73   0.73   0.73   0     —     —  —
    39   CUST   31.905   275.1   0.81   0.81   1.31   0     —     —  —
    40   CUST   32.531   260.6   0.93   0.93   1.93   0     —     —  —
    41     CS   33.150   247.9   1.05   1.05   2.55   0     —     —  —
    42   CUST   33.295   231.5   1.20   1.20   2.70   0     —     —  —
    43     CS   34.067   205.3   1.47   1.47   3.47   0     —     —  —
    44     CS   34.270   181.7   1.67   1.67   3.67   0     —     —  —
    45     CS   34.539   162.3   1.94   1.94   3.94   0     —     —  —
    46     CS   34.823   143.5   2.23   2.23   4.23   1   b45     —  CHARGE, BRK-B45
    47     CS   36.188   394.9   0.30   2.52   4.73   0     —     —  —
    48     CS   36.500   365.2   0.61   2.83   5.04   0     —     —  —
    49     CS   36.719   339.5   0.83   3.05   5.26   0     —     —  —
    50     CS   36.939   313.8   1.05   3.27   5.48   0     —     —  —
    51     CS   37.167   288.9   1.27   3.50   5.71   0     —     —  —
    52     CS   37.602   266.0   1.71   3.93   6.14   0     —     —  —
    53     CS   38.006   242.4   2.11   4.34   6.55   0     —     —  —
    54     CS   38.278   212.0   2.38   4.61   6.82   0     —     —  —
    55     CS   38.500   186.2   2.61   4.83   7.04   0     —     —  —
    56     CS   38.750   162.7   2.86   5.08   7.29   0     —     —  —
    57     CS   38.974   137.0   3.08   5.31   7.51   0     —     —  —
    58     CS   39.364   118.3   3.47   5.70   7.90   1   b45     —  CHARGE, BRK-B45
    59     CS   40.810   322.5   0.38   6.08   8.60   0     —     —  —
    60     CS   41.074   294.6   0.64   6.34   8.87   0     —     —  —
    61     CS   41.347   267.4   0.92   6.61   9.14   0     —     —  —
    62     CS   41.607   239.2   1.18   6.87   9.40   0     —     —  —
    63     CS   41.855   209.7   1.42   7.12   9.65   0     —     —  —
    64     CS   42.259   163.9   1.83   7.53  10.05   1   b45     —  CHARGE, BRK-B45
    65     CS   43.672   405.7   0.25   7.78  10.62   0     —     —  —
    66     CS   43.920   377.0   0.50   8.03  10.87   0     —     —  —
    67     CS   44.189   350.0   0.77   8.30  11.14   0     —     —  —
    68     CS   44.440   321.5   1.02   8.55  11.39   0     —     —  —
    69     CS   44.749   297.2   1.33   8.86  11.70   0     —    r2  REST-R2
    70     CS   54.161   268.4   0.25   0.25   0.25   0     —     —  —
    71     CS   54.423   241.0   0.51   0.51   0.51   0     —     —  —
    72   CUST   54.727   207.4   0.81   0.81   0.81   0     —     —  —
    73     CS   55.551   176.4   1.14   1.14   1.64   1   b45     —  CHARGE, BRK-B45
    74     CS   57.087   420.4   0.27   1.41   2.31   0     —     —  —
    75   CUST   57.395   398.5   0.58   1.72   2.62   0     —     —  —
    76   CUST   57.996   387.6   0.68   1.82   3.22   0     —     —  —
    77     CS   58.775   359.8   0.96   2.10   4.00   0     —     —  —
    78     CS   59.171   337.2   1.36   2.49   4.40   0     —     —  —
    79     CS   59.237   330.2   1.42   2.56   4.46   0     —     —  —
    80     CS   59.512   297.8   1.70   2.84   4.74   0     —     —  —
    81     CS   59.788   265.3   1.98   3.11   5.01   0     —     —  —
    82     CS   60.068   233.4   2.26   3.39   5.29   0     —     —  —
    83     CS   60.312   209.8   2.50   3.64   5.54   0     —     —  —
    84     CS   60.547   185.5   2.73   3.87   5.77   0     —     —  —
    85     CS   60.769   160.1   2.96   4.09   5.99   1   b45     —  CHARGE, BRK-B45
    86     CS   62.072   405.6   0.25   4.34   6.47   0     —     —  —
    87     CS   62.296   380.0   0.47   4.57   6.69   0     —     —  —
    88     CS   62.519   354.2   0.70   4.79   6.91   0     —     —  —
    89     CS   62.790   332.0   0.97   5.06   7.18   0     —     —  —
    90     CS   63.058   303.3   1.24   5.33   7.45   0     —     —  —
    91     CS   63.312   273.2   1.49   5.58   7.71   0     —     —  —
    92     CS   63.562   246.3   1.74   5.83   7.96   0     —     —  —
    93     CS   63.797   218.2   1.98   6.07   8.19   0     —     —  —
    94     CS   64.044   189.9   2.22   6.31   8.44   0     —     —  —
    95     CS   64.286   161.1   2.46   6.56   8.68   0     —     —  —
    96     CS   64.529   132.4   2.71   6.80   8.92   0     —     —  —
    97     CS   64.792   105.5   2.97   7.06   9.19   1   b45     —  CHARGE, BRK-B45
    98     CS   66.281   393.6   0.28   7.34   9.73   0     —     —  —
    99     CS   66.527   364.0   0.52   7.58   9.98   0     —     —  —
   100     CS   66.774   339.2   0.77   7.83  10.22   0     —     —  —
   101     CS   67.017   314.1   1.01   8.07  10.47   0     —     —  —
   102     CS   67.321   292.5   1.32   8.38  10.77   0     —     —  —
   103     CS   67.583   264.4   1.58   8.64  11.03   0     —     —  —
   104     CS   67.844   236.2   1.84   8.90  11.29   0     —    r2  REST-R2
   105   CUST   77.263   207.2   0.25   0.25   0.25   0     —     —  —
   106   CUST   78.076   170.8   0.57   0.57   1.07   0     —     —  —
   107     CS   78.780   146.9   0.77   0.77   1.77   0     —     —  —
   108   CUST   78.921   132.5   0.91   0.91   1.91   0     —     —  —
   109     CS   79.669   104.3   1.16   1.16   2.66   1   b45     —  CHARGE, BRK-B45
   110     CS   81.145   365.9   0.24   1.39   3.33   0     —     —  —
   111     CS   81.350   342.5   0.44   1.60   3.53   0     —     —  —
   112     CS   81.686   325.1   0.78   1.94   3.87   0     —     —  —
   113     CS   82.010   290.8   1.10   2.26   4.19   0     —     —  —
   114     CS   82.239   264.5   1.33   2.49   4.42   0     —     —  —
   115     CS   82.471   238.3   1.56   2.72   4.65   0     —     —  —
   116     CS   82.756   215.9   1.85   3.01   4.94   0     —     —  —
   117     CS   83.033   193.0   2.13   3.28   5.21   0     —     —  —
   118     CS   83.365   171.3   2.46   3.61   5.55   0     —     —  —
   119     CS   83.604   144.3   2.70   3.85   5.79   0     —     —  —
   120     CS   83.847   117.7   2.94   4.10   6.03   1   b45     —  CHARGE, BRK-B45
   121     CS   85.344   400.9   0.23   4.33   6.58   0     —     —  —
   122     CS   85.642   379.0   0.53   4.63   6.88   0     —     —  —
   123     CS   85.867   352.3   0.75   4.85   7.11   0     —     —  —
   124     CS   86.127   324.8   1.01   5.11   7.37   0     —     —  —
   125     CS   86.440   300.6   1.33   5.42   7.68   0     —     —  —
   126     CS   86.689   272.1   1.57   5.67   7.93   0     —     —  —
   127     CS   87.122   224.2   2.01   6.11   8.36   0     —     —  —
   128     CS   87.382   193.6   2.27   6.37   8.62   0     —     —  —
   129     CS   87.650   163.6   2.53   6.63   8.89   0     —     —  —
   130     CS   87.934   135.1   2.82   6.92   9.17   1   b45     —  CHARGE, BRK-B45
   131     CS   89.241   377.6   0.23   7.15   9.71   0     —     —  —
   132     CS   89.479   352.1   0.47   7.39   9.94   0     —     —  —
   133     CS   89.713   326.1   0.71   7.62  10.18   0     —     —  —
   134     CS   90.017   306.1   1.01   7.93  10.48   0     —     —  —
   135     CS   90.241   281.7   1.23   8.15  10.71   0     —     —  —
   136     CS   90.508   260.2   1.50   8.42  10.97   0     —     —  —
   137     CS   90.747   236.9   1.74   8.66  11.21   0     —     —  —
   138     CS   91.197   192.6   2.19   9.11  11.66   1     —    r1  CHARGE, REST-R1
   139     CS  103.259   370.2   0.27   0.27   0.27   0     —     —  —
   140     CS  103.517   340.1   0.53   0.53   0.53   0     —     —  —
   141     CS  103.821   313.6   0.83   0.83   0.83   0     —     —  —
   142     CS  104.054   289.4   1.07   1.07   1.07   0     —     —  —
   143     CS  104.294   265.7   1.30   1.30   1.30   0     —     —  —
   144     CS  104.521   240.9   1.53   1.53   1.53   0     —     —  —
   145     CS  104.758   217.0   1.77   1.77   1.77   0     —     —  —
   146     CS  105.380   174.3   2.39   2.39   2.39   1     —     —  CHARGE
   147     CS  106.492   288.2   2.63   2.63   3.50   0     —     —  —
   148     CS  106.732   262.2   2.87   2.87   3.74   0     —     —  —
   149     CS  106.990   237.7   3.13   3.13   4.00   0     —     —  —
[3/34] RlongCmanyTmedium_11         labelled   52 states in 117.7 min
  ScenarioTracker saved: /mnt/beegfs/users/celinep/ChargeAndBreak/ML/logs/RmediumCmediumTlarge_10_DAGGER1_S1_H24_20260821_123721_scenarios.json

  === SIMULATION TRAJECTORY ===
  stop   type    t_arr     soc     cd     sd     sw   y   brk   rst  action
  ───────────────────────────────────────────────────────────────────────────────────────────────
     0   ORIG    8.000   500.0   0.00   0.00   0.00   0     —     —  —
     1     CS    8.230   473.8   0.23   0.23   0.23   0     —     —  —
     2     CS    8.465   447.9   0.47   0.47   0.47   0     —     —  —
     3     CS    8.703   422.4   0.70   0.70   0.70   0     —     —  —
     4     CS    8.994   389.9   0.99   0.99   0.99   0     —     —  —
     5     CS    9.293   358.0   1.29   1.29   1.29   0     —     —  —
     6     CS    9.643   329.6   1.64   1.64   1.64   0     —     —  —
     7     CS    9.920   300.5   1.92   1.92   1.92   0     —     —  —
     8     CS   10.286   276.3   2.29   2.29   2.29   0     —     —  —
     9     CS   10.588   244.7   2.59   2.59   2.59   0     —     —  —
    10     CS   10.868   211.1   2.87   2.87   2.87   0     —     —  —
    11     CS   11.166   179.3   3.17   3.17   3.17   1   b45     —  CHARGE, BRK-B45
    12     CS   12.673   432.0   0.23   3.40   3.75   0     —     —  —
    13     CS   12.956   408.8   0.52   3.68   4.03   0     —     —  —
    14     CS   13.363   389.3   0.92   4.09   4.44   0     —     —  —
    15     CS   13.717   364.6   1.28   4.44   4.79   0     —     —  —
    16     CS   14.005   336.4   1.57   4.73   5.08   0     —     —  —
    17     CS   14.219   310.9   1.78   4.95   5.29   0     —     —  —
    18     CS   14.448   286.9   2.01   5.17   5.52   0     —     —  —
    19     CS   14.742   266.5   2.30   5.47   5.82   0     —     —  —
    20     CS   14.963   240.2   2.52   5.69   6.04   0     —     —  —
    21     CS   15.221   216.9   2.78   5.95   6.30   0     —     —  —
    22     CS   15.447   191.0   3.01   6.17   6.52   0     —     —  —
    23     CS   15.709   162.9   3.27   6.44   6.78   0     —     —  —
    24     CS   15.988   136.2   3.55   6.72   7.06   0     —     —  —
    25     CS   16.250   108.1   3.81   6.98   7.33   1   b45     —  CHARGE, BRK-B45
    26     CS   17.667   398.0   0.22   7.20   7.80   0     —     —  —
    27     CS   17.898   374.1   0.45   7.43   8.03   0     —     —  —
    28   CUST   18.126   350.0   0.68   7.66   8.26   0     —     —  —
    29     CS   18.892   321.1   0.95   7.93   9.02   0     —     —  —
    30     CS   19.196   294.9   1.25   8.23   9.33   0     —     —  —
    31     CS   19.451   264.9   1.51   8.48   9.58   0     —     —  —
    32     CS   19.539   260.6   1.60   8.57   9.67   0     —     —  —
    33     CS   19.827   240.0   1.88   8.86   9.96   0     —     —  —
    34     CS   20.088   218.2   2.14   9.12  10.22   0     —     —  —
    35     CS   20.322   194.5   2.38   9.36  10.45   1     —    r2  CHARGE, REST-R2
    36     CS   30.636   421.8   0.26   0.26   0.26   0     —     —  —
    37     CS   30.862   397.5   0.49   0.49   0.49   0     —     —  —
    38     CS   31.086   373.0   0.71   0.71   0.71   0     —     —  —
    39     CS   31.359   351.1   0.99   0.99   0.99   0     —     —  —
    40     CS   31.586   326.2   1.21   1.21   1.21   0     —     —  —
    41     CS   31.807   300.7   1.44   1.44   1.44   0     —     —  —
    42     CS   32.117   282.9   1.75   1.75   1.75   0     —     —  —
    43     CS   32.318   259.4   1.95   1.95   1.95   0     —     —  —
    44     CS   32.532   237.1   2.16   2.16   2.16   0     —     —  —
    45     CS   32.750   214.5   2.38   2.38   2.38   0     —     —  —
    46     CS   32.953   190.5   2.58   2.58   2.58   0     —     —  —
    47     CS   33.171   167.8   2.80   2.80   2.80   1   b45     —  CHARGE, BRK-B45
    48     CS   34.665   407.2   0.22   3.02   3.48   0     —     —  —
    49     CS   34.884   383.9   0.44   3.24   3.70   0     —     —  —
    50     CS   35.098   360.1   0.65   3.45   3.91   0     —     —  —
    51     CS   35.378   328.1   0.93   3.73   4.19   0     —     —  —
    52     CS   35.670   297.2   1.22   4.02   4.48   0     —     —  —
    53   CUST   35.949   265.2   1.50   4.30   4.76   0     —     —  —
    54     CS   36.549   256.4   1.60   4.40   5.36   0     —     —  —
    55     CS   36.813   226.7   1.87   4.67   5.63   0     —     —  —
    56   CUST   37.073   196.7   2.13   4.93   5.89   0     —     —  —
    57     CS   37.855   165.0   2.41   5.21   6.67   0     —     —  —
    58     CS   38.139   133.7   2.69   5.49   6.95   1   b45     —  CHARGE, BRK-B45
    59     CS   39.711   367.6   0.31   5.80   7.75   0     —     —  —
    60     CS   39.980   337.8   0.58   6.07   8.02   0     —     —  —
    61     CS   40.265   309.3   0.86   6.35   8.31   0     —     —  —
    62     CS   40.525   278.7   1.12   6.61   8.57   0     —     —  —
    63     CS   40.756   257.0   1.35   6.85   8.80   0     —     —  —
    64     CS   40.971   234.0   1.57   7.06   9.01   0     —     —  —
    65     CS   41.185   211.0   1.78   7.27   9.23   0     —     —  —
    66     CS   41.419   183.9   2.02   7.51   9.46   0     —     —  —
    67     CS   41.681   159.1   2.28   7.77   9.72   1   b45     —  CHARGE, BRK-B45
    68     CS   42.941   401.9   0.22   7.99  10.17   0     —     —  —
    69     CS   43.152   377.9   0.44   8.21  10.38   0     —     —  —
    70     CS   43.424   357.8   0.71   8.48  10.65   0     —     —  —
    71     CS   43.646   332.5   0.93   8.70  10.87   0     —     —  —
    72     CS   43.887   308.9   1.17   8.94  11.12   0     —     —  —
    73     CS   44.125   285.1   1.41   9.18  11.35   0     —     —  —
    74     CS   44.345   259.6   1.63   9.40  11.57   0     —     —  —
    75     CS   44.605   234.7   1.89   9.66  11.83   0     —    r2  REST-R2
    76   CUST   54.028   209.5   0.26   0.26   0.26   0     —     —  —
    77   CUST   54.645   197.6   0.37   0.37   0.87   0     —     —  —
    78     CS   55.554   164.9   0.78   0.78   1.78   0     —     —  —
    79     CS   55.810   135.0   1.04   1.04   2.04   1   b45     —  CHARGE, BRK-B45
    80     CS   57.133   362.8   0.32   1.36   2.61   0     —     —  —
    81     CS   57.451   333.1   0.64   1.68   2.93   0     —     —  —
    82     CS   57.767   303.3   0.95   1.99   3.24   0     —     —  —
    83     CS   58.005   280.0   1.19   2.23   3.48   0     —     —  —
    84     CS   58.274   258.6   1.46   2.50   3.75   0     —     —  —
    85     CS   58.496   234.0   1.68   2.72   3.97   0     —     —  —
    86     CS   58.757   212.1   1.94   2.98   4.24   0     —     —  —
    87     CS   58.990   187.7   2.18   3.21   4.47   0     —     —  —
    88     CS   59.213   162.4   2.40   3.44   4.69   0     —     —  —
    89     CS   59.464   139.3   2.65   3.69   4.94   1   b45     —  CHARGE, BRK-B45
    90     CS   61.091   372.7   0.42   4.11   5.71   0     —     —  —
    91     CS   61.352   346.7   0.68   4.37   5.98   0     —     —  —
    92     CS   61.589   318.7   0.92   4.61   6.21   0     —     —  —
    93     CS   61.860   293.4   1.19   4.88   6.48   0     —     —  —
    94     CS   62.103   266.0   1.43   5.12   6.73   0     —     —  —
    95     CS   62.362   236.5   1.69   5.38   6.99   0     —     —  —
    96     CS   62.674   210.7   2.00   5.69   7.30   0     —     —  —
    97     CS   62.903   188.9   2.23   5.92   7.53   0     —     —  —
    98     CS   63.108   165.0   2.43   6.12   7.73   0     —     —  —
    99     CS   63.375   145.3   2.70   6.39   8.00   1     —    r2  CHARGE, REST-R2
   100     CS   73.268   272.0   0.21   0.21   0.21   0     —     —  —
   101     CS   73.641   254.1   0.59   0.59   0.59   0     —     —  —
   102     CS   73.856   229.5   0.80   0.80   0.80   0     —     —  —
   103     CS   74.063   206.7   1.01   1.01   1.01   0     —     —  —
   104     CS   74.315   186.9   1.26   1.26   1.26   0     —     —  —
[4/34] RmediumCmediumTlarge_10      labelled   41 states in  74.7 min
    [warn] teacher query failed @77: Solver (gurobi) did not exit normally
  ScenarioTracker saved: /mnt/beegfs/users/celinep/ChargeAndBreak/ML/logs/RlongCmanyTnone_9_DAGGER1_S1_H24_20260821_135203_scenarios.json

  === SIMULATION TRAJECTORY ===
  stop   type    t_arr     soc     cd     sd     sw   y   brk   rst  action
  ───────────────────────────────────────────────────────────────────────────────────────────────
     0   ORIG    8.000   500.0   0.00   0.00   0.00   0     —     —  —
     1     CS    8.259   476.1   0.26   0.26   0.26   0     —     —  —
     2     CS    8.489   449.8   0.49   0.49   0.49   0     —     —  —
     3     CS    8.753   426.2   0.75   0.75   0.75   0     —     —  —
     4     CS    9.038   395.4   1.04   1.04   1.04   0     —     —  —
     5     CS    9.518   372.4   1.52   1.52   1.52   0     —     —  —
     6     CS    9.767   344.7   1.77   1.77   1.77   0     —     —  —
     7     CS   10.014   316.9   2.01   2.01   2.01   0     —     —  —
     8     CS   10.276   290.3   2.28   2.28   2.28   0     —     —  —
     9     CS   10.538   260.6   2.54   2.54   2.54   0     —     —  —
    10     CS   10.797   230.7   2.80   2.80   2.80   0     —     —  —
    11     CS   11.066   201.6   3.07   3.07   3.07   0     —     —  —
    12     CS   11.317   174.1   3.32   3.32   3.32   0     —     —  —
    13     CS   11.578   147.4   3.58   3.58   3.58   0     —     —  —
    14     CS   11.836   120.5   3.84   3.84   3.84   1   b45     —  CHARGE, BRK-B45
    15     CS   13.508   416.6   0.36   4.20   4.50   0     —     —  —
    16     CS   13.772   385.4   0.62   4.46   4.77   0     —     —  —
    17     CS   14.033   354.1   0.88   4.72   5.03   0     —     —  —
    18     CS   14.285   331.7   1.14   4.97   5.28   0     —     —  —
    19     CS   14.516   307.8   1.37   5.20   5.51   0     —     —  —
    20     CS   14.736   283.0   1.59   5.42   5.73   0     —     —  —
    21     CS   15.083   243.8   1.93   5.77   6.08   0     —     —  —
    22     CS   15.362   218.4   2.21   6.05   6.36   0     —     —  —
    23     CS   15.650   193.5   2.50   6.34   6.64   0     —     —  —
    24     CS   16.076   173.1   2.93   6.76   7.07   1   b45     —  CHARGE, BRK-B45
    25     CS   17.711   425.7   0.34   7.10   7.82   0     —     —  —
    26     CS   17.947   397.6   0.57   7.34   8.05   0     —     —  —
    27     CS   18.195   370.5   0.82   7.58   8.30   0     —     —  —
    28     CS   18.434   342.7   1.06   7.82   8.54   0     —     —  —
    29     CS   18.681   314.8   1.31   8.07   8.79   0     —     —  —
    30     CS   18.934   287.5   1.56   8.32   9.04   0     —     —  —
    31     CS   19.173   258.8   1.80   8.56   9.28   0     —     —  —
    32     CS   19.434   232.9   2.06   8.82   9.54   0     —     —  —
    33     CS   19.780   211.1   2.41   9.17   9.89   0     —     —  —
    34     CS   20.139   189.7   2.77   9.53  10.25   0     —     —  —
    35     CS   20.359   167.3   2.99   9.75  10.47   0     —    r2  REST-R2
    36     CS   29.731   143.4   0.20   0.20   0.20   0     —     —  —
    37     CS   29.943   120.2   0.42   0.42   0.42   1   b45     —  CHARGE, BRK-B45
    38     CS   31.816   399.7   0.43   0.85   1.26   0     —     —  —
    39     CS   32.083   371.4   0.70   1.11   1.53   0     —     —  —
    40     CS   32.528   350.1   1.14   1.56   1.97   0     —     —  —
    41     CS   32.789   321.4   1.40   1.82   2.24   0     —     —  —
    42   CUST   33.051   292.7   1.66   2.08   2.50   0     —     —  —
    43   CUST   33.557   292.0   1.67   2.09   3.00   0     —     —  —
    44     CS   34.222   274.0   1.84   2.25   3.67   0     —     —  —
    45   CUST   34.693   230.2   2.31   2.72   4.14   0     —     —  —
    46   CUST   35.301   217.6   2.41   2.83   4.75   0     —     —  —
    47   CUST   35.873   210.0   2.49   2.90   5.32   0     —     —  —
    48     CS   36.564   187.2   2.68   3.10   6.01   0     —     —  —
    49   CUST   36.707   170.7   2.82   3.24   6.15   0     —     —  —
    50   CUST   37.213   170.1   2.83   3.24   6.66   0     —     —  —
    51     CS   38.023   136.8   3.14   3.55   7.47   1   b45     —  CHARGE, BRK-B45
    52     CS   39.369   396.3   0.26   3.82   7.96   0     —     —  —
    53     CS   39.605   368.9   0.50   4.05   8.19   0     —     —  —
    54     CS   39.880   342.5   0.77   4.33   8.47   0     —     —  —
    55     CS   40.155   316.2   1.05   4.60   8.74   0     —     —  —
    56     CS   40.447   290.9   1.34   4.89   9.03   0     —     —  —
    57     CS   40.803   265.2   1.70   5.25   9.39   0     —     —  —
    58     CS   41.077   234.2   1.97   5.52   9.66   0     —     —  —
    59     CS   41.382   205.8   2.28   5.83   9.97   0     —     —  —
    60     CS   41.707   183.3   2.60   6.15  10.29   0     —     —  —
    61     CS   41.957   156.5   2.85   6.40  10.54   1   b45     —  CHARGE, BRK-B45
    62     CS   43.482   408.7   0.28   6.68  11.18   0     —     —  —
    63     CS   43.743   378.2   0.54   6.94  11.45   0     —     —  —
    64     CS   43.970   353.4   0.77   7.17  11.67   0     —     —  —
    65     CS   44.195   328.4   0.99   7.39  11.90   0     —     —  —
    66     CS   44.456   306.1   1.25   7.66  12.16   0     —    r2  REST-R2
    67     CS   53.843   280.7   0.22   0.22   0.22   0     —     —  —
    68     CS   54.175   251.9   0.55   0.55   0.55   0     —     —  —
    69     CS   54.466   220.2   0.84   0.84   0.84   0     —     —  —
    70     CS   54.748   187.6   1.13   1.13   1.13   1   b45     —  CHARGE, BRK-B45
    71     CS   56.047   382.8   0.24   1.36   1.67   0     —     —  —
    72     CS   56.282   354.6   0.47   1.60   1.91   0     —     —  —
    73     CS   56.553   329.3   0.74   1.87   2.18   0     —     —  —
    74     CS   56.777   303.3   0.97   2.09   2.40   0     —     —  —
    75     CS   57.040   280.3   1.23   2.36   2.67   0     —     —  —
    76     CS   57.280   255.7   1.47   2.60   2.91   0     —     —  —
    77     CS   57.613   222.1   1.80   2.93   3.24   0     —     —  —
    78     CS   57.890   195.2   2.08   3.21   3.52   0     —     —  —
    79     CS   58.169   168.4   2.36   3.48   3.80   0     —     —  —
    80     CS   58.443   141.4   2.63   3.76   4.07   1   b45     —  CHARGE, BRK-B45
    81     CS   59.917   424.6   0.23   3.99   4.58   0     —     —  —
    82     CS   60.136   402.8   0.45   4.21   4.80   0     —     —  —
    83   CUST   60.348   380.3   0.66   4.42   5.01   0     —     —  —
    84     CS   61.068   354.3   0.88   4.64   5.73   0     —     —  —
    85     CS   61.300   329.4   1.12   4.87   5.96   0     —     —  —
    86     CS   61.528   304.1   1.34   5.10   6.19   0     —     —  —
    87   CUST   61.603   295.6   1.42   5.18   6.26   0     —     —  —
    88     CS   62.496   256.8   1.81   5.57   7.16   0     —     —  —
    89   CUST   62.773   228.8   2.09   5.85   7.43   0     —     —  —
    90   CUST   63.315   224.4   2.13   5.89   7.98   0     —     —  —
    91     CS   64.088   197.2   2.40   6.16   8.75   0     —     —  —
    92     CS   64.334   167.6   2.65   6.41   9.00   1   b45     —  CHARGE, BRK-B45
    93     CS   65.796   415.9   0.28   6.69   9.55   0     —     —  —
    94     CS   66.085   383.7   0.57   6.98   9.84   0     —     —  —
    95     CS   66.348   360.7   0.83   7.24  10.10   0     —     —  —
    96     CS   66.613   337.8   1.10   7.51  10.37   0     —     —  —
    97     CS   66.854   313.2   1.34   7.75  10.61   0     —     —  —
    98     CS   67.153   285.8   1.64   8.05  10.91   0     —     —  —
    99     CS   67.414   255.2   1.90   8.31  11.17   0     —     —  —
   100     CS   67.663   227.1   2.15   8.56  11.42   0     —     —  —
   101     CS   67.917   199.5   2.40   8.81  11.67   0     —     —  —
   102     CS   68.149   173.4   2.64   9.04  11.90   0     —     —  —
   103     CS   68.377   146.9   2.86   9.27  12.13   0     —    r2  REST-R2
   104     CS   77.803   123.0   0.26   0.26   0.26   1   b45     —  CHARGE, BRK-B45
   105     CS   79.161   395.8   0.23   0.49   0.72   0     —     —  —
   106     CS   79.413   372.4   0.48   0.74   0.97   0     —     —  —
   107     CS   79.663   348.8   0.73   0.99   1.22   0     —     —  —
   108     CS   79.889   323.4   0.96   1.22   1.45   0     —     —  —
   109     CS   80.272   298.1   1.34   1.60   1.83   0     —     —  —
   110     CS   80.633   272.0   1.70   1.96   2.19   0     —     —  —
   111     CS   81.014   246.7   2.08   2.34   2.58   0     —     —  —
   112     CS   81.596   204.1   2.67   2.93   3.16   0     —     —  —
   113     CS   81.850   174.4   2.92   3.18   3.41   0     —     —  —
   114     CS   82.113   145.6   3.18   3.44   3.67   0     —     —  —
   115     CS   82.381   117.3   3.45   3.71   3.94   1   b45     —  CHARGE, BRK-B45
   116     CS   83.861   402.7   0.27   3.98   4.48   0     —     —  —
   117     CS   84.113   376.0   0.52   4.23   4.73   0     —     —  —
   118     CS   84.381   348.5   0.79   4.50   5.00   0     —     —  —
   119     CS   84.637   319.8   1.05   4.76   5.25   0     —     —  —
   120     CS   84.888   290.6   1.30   5.01   5.50   0     —     —  —
   121     CS   85.136   261.3   1.55   5.26   5.75   0     —     —  —
   122     CS   85.410   242.9   1.82   5.53   6.02   0     —     —  —
   123     CS   85.618   220.9   2.03   5.74   6.23   0     —     —  —
   124   CUST   85.877   202.0   2.29   6.00   6.49   0     —     —  —
   125   CUST   86.430   198.2   2.34   6.05   7.04   0     —     —  —
   126     CS   87.271   173.0   2.68   6.39   7.89   0     —     —  —
   127   CUST   87.518   147.1   2.93   6.64   8.13   0     —     —  —
   128     CS   88.088   140.4   3.00   6.71   8.70   1   b45     —  CHARGE, BRK-B45
   129     CS   89.501   397.3   0.27   6.98   9.25   0     —     —  —
   130     CS   89.763   370.4   0.53   7.24   9.52   0     —    r1  REST-R1
   131     CS  101.173   341.8   0.24   0.24   0.24   0     —     —  —
   132     CS  101.457   313.2   0.53   0.53   0.53   0     —     —  —
   133     CS  101.731   283.9   0.80   0.80   0.80   0     —     —  —
   134     CS  102.005   251.3   1.08   1.08   1.08   0     —     —  —
   135     CS  102.287   219.6   1.36   1.36   1.36   0     —     —  —
   136     CS  102.564   187.3   1.63   1.63   1.63   1   b45     —  CHARGE, BRK-B45
   137     CS  104.064   423.2   0.34   1.98   2.27   0     —     —  —
   138     CS  104.354   391.3   0.63   2.27   2.56   0     —     —  —
   139     CS  104.643   359.4   0.92   2.56   2.85   0     —     —  —
   140     CS  104.871   335.3   1.15   2.78   3.08   0     —     —  —
   141     CS  105.086   310.0   1.36   3.00   3.29   0     —     —  —
   142     CS  105.313   285.8   1.59   3.23   3.52   0     —     —  —
   143     CS  105.583   253.7   1.86   3.50   3.79   0     —     —  —
   144     CS  105.856   221.8   2.13   3.77   4.06   0     —     —  —
   145     CS  106.252   201.3   2.53   4.16   4.46   0     —     —  —
   146     CS  106.491   173.4   2.77   4.40   4.70   1   b45     —  CHARGE, BRK-B45
   147     CS  107.751   377.7   0.26   4.67   5.21   0     —     —  —
   148     CS  108.075   356.8   0.59   4.99   5.53   0     —     —  —
   149     CS  108.313   331.3   0.82   5.23   5.77   0     —     —  —
   150     CS  108.549   305.5   1.06   5.46   6.00   0     —     —  —
   151     CS  108.769   279.9   1.28   5.68   6.23   0     —     —  —
   152     CS  108.995   254.8   1.51   5.91   6.45   0     —     —  —
   153     CS  109.277   233.4   1.79   6.19   6.73   0     —     —  —
   154     CS  109.539   204.6   2.05   6.45   7.00   0     —     —  —
   155     CS  109.810   176.4   2.32   6.72   7.27   0     —     —  —
   156     CS  110.065   146.9   2.57   6.98   7.52   1   b45     —  CHARGE, BRK-B45
   157     CS  111.527   354.4   0.31   7.28   8.23   0     —     —  —
   158     CS  111.774   326.5   0.55   7.53   8.48   0     —     —  —
   159     CS  112.056   301.4   0.84   7.81   8.76   0     —     —  —
   160     CS  112.313   273.6   1.09   8.07   9.02   0     —     —  —
   161     CS  112.567   245.6   1.35   8.32   9.27   0     —     —  —
   162     CS  112.903   222.4   1.68   8.66   9.61   0     —    r1  REST-R1
[5/34] RlongCmanyTnone_9            labelled   61 states in 114.5 min
  ScenarioTracker saved: /mnt/beegfs/users/celinep/ChargeAndBreak/ML/logs/RlongCmanyTlarge_6_DAGGER1_S1_H24_20260821_154633_scenarios.json

  === SIMULATION TRAJECTORY ===
  stop   type    t_arr     soc     cd     sd     sw   y   brk   rst  action
  ───────────────────────────────────────────────────────────────────────────────────────────────
     0   ORIG    8.000   500.0   0.00   0.00   0.00   0     —     —  —
     1     CS    8.257   475.9   0.26   0.26   0.26   0     —     —  —
     2     CS    8.484   449.3   0.48   0.48   0.48   0     —     —  —
     3     CS    8.718   423.5   0.72   0.72   0.72   0     —     —  —
     4     CS    9.018   391.7   1.02   1.02   1.02   0     —     —  —
     5     CS    9.324   360.4   1.32   1.32   1.32   0     —     —  —
     6     CS    9.619   328.3   1.62   1.62   1.62   0     —     —  —
     7     CS    9.843   303.0   1.84   1.84   1.84   0     —     —  —
     8     CS   10.080   278.9   2.08   2.08   2.08   0     —     —  —
     9     CS   10.322   255.2   2.32   2.32   2.32   1   b45     —  CHARGE, BRK-B45
    10     CS   11.640   390.1   0.34   2.66   2.89   0     —     —  —
    11     CS   11.917   359.9   0.62   2.94   3.17   0     —     —  —
    12     CS   12.198   329.9   0.90   3.22   3.45   0     —     —  —
    13     CS   12.470   299.2   1.17   3.49   3.72   0     —     —  —
    14     CS   12.795   272.3   1.49   3.82   4.05   0     —     —  —
    15     CS   13.068   250.5   1.77   4.09   4.32   0     —     —  —
    16     CS   13.297   225.7   2.00   4.32   4.55   0     —     —  —
    17     CS   13.535   201.7   2.23   4.56   4.79   0     —     —  —
    18     CS   13.772   173.6   2.47   4.79   5.02   0     —     —  —
    19     CS   14.032   147.6   2.73   5.05   5.28   0     —     —  —
    20     CS   14.272   119.8   2.97   5.29   5.52   1   b45     —  CHARGE, BRK-B45
    21     CS   15.666   390.5   0.29   5.59   6.02   0     —     —  —
    22     CS   15.967   362.1   0.59   5.89   6.32   0     —     —  —
    23     CS   16.404   312.1   1.03   6.32   6.76   0     —     —  —
    24     CS   16.730   286.8   1.36   6.65   7.08   0     —     —  —
    25     CS   17.018   259.3   1.65   6.94   7.37   0     —     —  —
    26     CS   17.293   230.8   1.92   7.21   7.65   0     —     —  —
    27     CS   17.517   205.7   2.14   7.44   7.87   0     —     —  —
    28     CS   17.766   182.6   2.39   7.69   8.12   0     —     —  —
    29     CS   18.003   158.7   2.63   7.92   8.36   0     —     —  —
    30     CS   18.234   134.3   2.86   8.15   8.59   1   b45     —  CHARGE, BRK-B45
    31     CS   19.449   273.0   0.26   8.41   9.05   0     —     —  —
    32     CS   19.735   248.7   0.54   8.70   9.34   0     —     —  —
    33     CS   19.997   222.9   0.81   8.96   9.60   1   b45     —  CHARGE, BRK-B45
    34   CUST   21.419   376.7   0.35   9.31  10.27   0     —    r2  REST-R2
    35     CS   31.198   348.2   0.28   0.28   0.28   0     —     —  —
    36     CS   31.506   321.6   0.59   0.59   0.59   0     —     —  —
    37     CS   31.822   295.5   0.90   0.90   0.90   0     —     —  —
    38   CUST   32.020   274.5   1.10   1.10   1.10   0     —     —  —
    39   CUST   33.016   228.2   1.60   1.60   2.10   0     —     —  —
    40   CUST   33.528   226.9   1.61   1.61   2.61   0     —     —  —
    41     CS   34.141   213.6   1.72   1.72   3.22   0     —     —  —
    42   CUST   34.215   205.0   1.80   1.80   3.30   0     —     —  —
    43   CUST   34.789   196.4   1.87   1.87   3.87   0     —     —  —
    44     CS   35.642   160.0   2.22   2.22   4.72   0     —     —  —
    45     CS   35.888   131.6   2.47   2.47   4.97   1   b45     —  CHARGE, BRK-B45
    46     CS   37.368   390.3   0.34   2.81   5.59   0     —     —  —
    47     CS   37.711   361.5   0.69   3.16   5.93   0     —     —  —
    48     CS   38.020   330.5   1.00   3.47   6.24   0     —     —  —
    49     CS   38.376   296.6   1.35   3.82   6.60   0     —     —  —
    50     CS   38.598   271.3   1.57   4.04   6.82   0     —     —  —
    51     CS   38.838   247.6   1.81   4.28   7.06   0     —     —  —
    52     CS   39.063   222.6   2.04   4.51   7.28   0     —     —  —
    53     CS   39.289   197.7   2.26   4.73   7.51   0     —     —  —
    54     CS   39.573   169.2   2.55   5.02   7.79   0     —     —  —
    55     CS   39.844   139.6   2.82   5.29   8.06   0     —     —  —
    56     CS   40.127   110.9   3.10   5.57   8.35   1   b45     —  CHARGE, BRK-B45
    57     CS   41.580   403.6   0.24   5.81   8.82   0     —     —  —
    58     CS   41.835   378.8   0.50   6.07   9.08   0     —     —  —
    59     CS   42.147   356.9   0.81   6.38   9.39   0     —     —  —
    60     CS   42.504   331.4   1.16   6.74   9.75   0     —     —  —
    61     CS   42.814   303.7   1.47   7.05  10.06   0     —     —  —
    62     CS   43.108   271.5   1.77   7.34  10.35   0     —     —  —
    63     CS   43.445   242.3   2.11   7.68  10.69   0     —     —  —
    64     CS   43.682   218.9   2.34   7.91  10.93   0     —     —  —
    65     CS   43.903   194.2   2.56   8.14  11.15   0     —     —  —
    66     CS   44.121   169.1   2.78   8.35  11.36   1   b45     —  CHARGE, BRK-B45
    67     CS   45.517   375.7   0.22   8.57  12.01   0     —     —  —
    68     CS   45.729   350.1   0.43   8.78  12.22   0     —    r2  REST-R2
    69     CS   55.110   324.6   0.21   0.21   0.21   0     —     —  —
    70     CS   55.352   301.7   0.46   0.46   0.46   0     —     —  —
    71     CS   55.681   275.9   0.79   0.79   0.79   0     —     —  —
    72     CS   55.966   247.4   1.07   1.07   1.07   0     —     —  —
    73   CUST   56.236   217.7   1.34   1.34   1.34   0     —     —  —
    74     CS   56.809   209.0   1.41   1.41   1.91   0     —     —  —
    75     CS   57.034   185.8   1.64   1.64   2.14   0     —     —  —
    76     CS   57.274   163.6   1.88   1.88   2.38   0     —     —  —
    77     CS   57.509   141.2   2.11   2.11   2.61   1   b45     —  CHARGE, BRK-B45
    78     CS   58.885   407.1   0.21   2.32   3.09   0     —     —  —
    79     CS   59.131   385.0   0.46   2.57   3.34   0     —     —  —
    80     CS   59.348   360.7   0.67   2.79   3.55   0     —     —  —
    81     CS   59.643   330.8   0.97   3.08   3.85   0     —     —  —
    82     CS   59.995   304.3   1.32   3.43   4.20   0     —     —  —
    83     CS   60.275   273.9   1.60   3.71   4.48   0     —     —  —
    84     CS   60.543   242.4   1.87   3.98   4.75   0     —     —  —
    85     CS   60.822   212.0   2.15   4.26   5.03   0     —     —  —
    86     CS   61.077   181.6   2.40   4.52   5.28   0     —     —  —
    87     CS   61.334   151.5   2.66   4.77   5.54   0     —     —  —
    88     CS   61.595   121.7   2.92   5.03   5.80   1   b45     —  CHARGE, BRK-B45
    89     CS   62.985   400.0   0.23   5.27   6.26   0     —     —  —
    90     CS   63.264   376.0   0.51   5.55   6.53   0     —     —  —
    91     CS   63.499   348.6   0.75   5.78   6.77   0     —     —  —
    92     CS   63.764   323.7   1.01   6.05   7.04   0     —     —  —
    93     CS   64.031   298.9   1.28   6.31   7.30   0     —     —  —
    94     CS   64.293   273.8   1.54   6.58   7.56   0     —     —  —
    95     CS   64.504   249.7   1.75   6.79   7.78   0     —     —  —
    96     CS   64.720   226.0   1.97   7.00   7.99   0     —     —  —
    97     CS   64.955   203.9   2.20   7.24   8.23   0     —     —  —
    98     CS   65.405   155.2   2.65   7.69   8.68   1   b45     —  CHARGE, BRK-B45
    99     CS   66.929   397.9   0.25   7.94   9.37   0     —     —  —
   100     CS   67.189   370.2   0.51   8.20   9.63   0     —     —  —
   101     CS   67.453   342.8   0.78   8.47   9.89   0     —     —  —
   102     CS   67.705   314.4   1.03   8.72  10.15   0     —     —  —
   103     CS   68.156   265.8   1.48   9.17  10.60   0     —     —  —
   104     CS   68.482   237.0   1.81   9.49  10.92   0     —    r2  REST-R2
   105   CUST   77.949   206.5   0.30   0.30   0.30   0     —     —  —
   106     CS   78.668   180.3   0.52   0.52   1.02   1   b45     —  CHARGE, BRK-B45
   107     CS   80.157   400.9   0.24   0.76   1.76   0     —     —  —
   108     CS   80.379   377.4   0.46   0.98   1.98   0     —     —  —
   109   CUST   80.587   352.6   0.67   1.19   2.19   0     —     —  —
   110     CS   81.200   340.4   0.78   1.30   2.80   0     —     —  —
   111     CS   81.456   312.2   1.04   1.56   3.06   0     —     —  —
   112     CS   81.721   284.8   1.30   1.82   3.32   0     —     —  —
   113     CS   81.992   257.8   1.57   2.09   3.59   0     —     —  —
   114     CS   82.218   231.1   1.80   2.32   3.82   0     —     —  —
   115     CS   82.447   204.7   2.03   2.55   4.05   0     —     —  —
   116     CS   82.690   179.6   2.27   2.79   4.29   0     —     —  —
   117     CS   83.109   135.1   2.69   3.21   4.71   1   b45     —  CHARGE, BRK-B45
   118     CS   84.681   408.4   0.23   3.44   5.36   0     —     —  —
   119     CS   84.947   385.6   0.50   3.71   5.62   0     —     —  —
   120     CS   85.173   359.7   0.72   3.93   5.85   0     —     —  —
   121     CS   85.418   332.4   0.97   4.18   6.09   0     —     —  —
   122     CS   85.667   305.5   1.22   4.43   6.34   0     —     —  —
   123     CS   86.022   284.0   1.57   4.78   6.70   0     —     —  —
   124     CS   86.252   258.9   1.80   5.01   6.93   0     —     —  —
   125     CS   86.519   236.5   2.07   5.28   7.19   0     —     —  —
   126     CS   86.825   215.7   2.37   5.58   7.50   0     —     —  —
   127     CS   87.070   191.9   2.62   5.83   7.75   0     —     —  —
   128     CS   87.466   145.2   3.01   6.22   8.14   1   b45     —  CHARGE, BRK-B45
   129     CS   88.737   395.0   0.24   6.46   8.58   0     —     —  —
   130     CS   88.985   369.1   0.49   6.71   8.82   0     —     —  —
   131     CS   89.395   349.5   0.90   7.12   9.23   0     —     —  —
   132     CS   89.635   323.0   1.14   7.36   9.47   1     —    r1  CHARGE, REST-R1
   133     CS  101.658   399.6   0.26   0.26   0.26   0     —     —  —
   134     CS  101.914   369.4   0.51   0.51   0.51   0     —     —  —
   135     CS  102.302   346.3   0.90   0.90   0.90   0     —     —  —
   136     CS  102.511   322.9   1.11   1.11   1.11   0     —     —  —
   137     CS  102.728   300.1   1.33   1.33   1.33   0     —     —  —
   138     CS  102.933   276.3   1.53   1.53   1.53   0     —     —  —
   139     CS  103.174   247.7   1.77   1.77   1.77   0     —     —  —
   140     CS  103.421   219.9   2.02   2.02   2.02   0     —     —  —
   141     CS  103.675   192.6   2.27   2.27   2.27   0     —     —  —
   142     CS  103.914   165.6   2.51   2.51   2.51   0     —     —  —
   143     CS  104.181   140.8   2.78   2.78   2.78   0     —     —  —
[6/34] RlongCmanyTlarge_6           labelled   54 states in  95.1 min
    [warn] teacher query failed @39: Solver (gurobi) did not exit normally
  ScenarioTracker saved: /mnt/beegfs/users/celinep/ChargeAndBreak/ML/logs/RmediumCmanyTtight_10_DAGGER1_S1_H24_20260821_172138_scenarios.json

  === SIMULATION TRAJECTORY ===
  stop   type    t_arr     soc     cd     sd     sw   y   brk   rst  action
  ───────────────────────────────────────────────────────────────────────────────────────────────
     0   ORIG    8.000   500.0   0.00   0.00   0.00   0     —     —  —
     1     CS    8.285   477.5   0.29   0.29   0.29   0     —     —  —
     2     CS    8.554   454.2   0.55   0.55   0.55   0     —     —  —
     3     CS    8.954   435.0   0.95   0.95   0.95   0     —     —  —
     4     CS    9.189   407.6   1.19   1.19   1.19   0     —     —  —
     5     CS    9.426   380.4   1.43   1.43   1.43   0     —     —  —
     6     CS    9.660   352.9   1.66   1.66   1.66   0     —     —  —
     7     CS    9.860   331.0   1.86   1.86   1.86   0     —     —  —
     8     CS   10.055   308.5   2.05   2.05   2.05   0     —     —  —
     9     CS   10.246   285.8   2.25   2.25   2.25   0     —     —  —
    10     CS   10.525   256.1   2.53   2.53   2.53   0     —     —  —
    11     CS   10.794   225.5   2.79   2.79   2.79   0     —     —  —
    12     CS   11.063   194.9   3.06   3.06   3.06   0     —     —  —
    13     CS   11.321   164.8   3.32   3.32   3.32   0     —     —  —
    14     CS   11.774   143.1   3.77   3.77   3.77   0     —     —  —
    15     CS   12.028   112.7   4.03   4.03   4.03   1   b45     —  CHARGE, BRK-B45
    16     CS   14.176   418.4   0.40   4.43   5.03   0     —     —  —
    17     CS   14.475   390.2   0.70   4.73   5.33   0     —     —  —
    18     CS   14.776   362.1   1.00   5.03   5.63   0     —     —  —
    19     CS   15.144   337.4   1.37   5.40   6.00   0     —     —  —
    20     CS   15.379   309.8   1.60   5.63   6.24   0     —     —  —
    21     CS   15.641   284.5   1.87   5.89   6.50   0     —     —  —
    22     CS   15.901   259.1   2.13   6.15   6.76   0     —     —  —
    23   CUST   16.147   232.5   2.37   6.40   7.00   0     —     —  —
    24     CS   16.799   216.7   2.52   6.55   7.66   0     —     —  —
    25   CUST   17.061   197.7   2.79   6.81   7.92   0     —     —  —
    26   CUST   17.687   184.3   2.91   6.94   8.54   0     —     —  —
    27   CUST   18.402   161.4   3.13   7.15   9.26   0     —     —  —
    28   CUST   19.027   149.1   3.25   7.28   9.88   0     —     —  —
    29   CUST   19.700   129.5   3.43   7.45  10.56   0     —     —  —
    30     CS   20.303   119.8   3.53   7.56  11.16   1   b45     —  CHARGE, BRK-B45
    31   CUST   21.430   329.3   0.13   7.69  11.54   0     —     —  —
    32   CUST   22.111   311.5   0.31   7.87  12.22   0     —     —  —
    33     CS   22.661   306.5   0.36   7.92  12.77   0     —     —  —
    34     CS   22.860   284.2   0.56   8.12  12.97   0     —    r2  REST-R2
    35     CS   32.219   261.1   0.19   0.19   0.19   0     —     —  —
    36     CS   32.415   238.4   0.39   0.39   0.39   0     —     —  —
    37     CS   32.635   213.6   0.61   0.61   0.61   0     —     —  —
    38     CS   32.850   188.2   0.82   0.82   0.82   0     —     —  —
    39     CS   33.105   166.0   1.08   1.08   1.08   0     —     —  —
    40     CS   33.349   139.9   1.32   1.32   1.32   0     —     —  —
    41     CS   33.582   112.6   1.56   1.56   1.56   1   b45     —  CHARGE, BRK-B45
    42     CS   34.841   357.4   0.29   1.85   2.05   0     —     —  —
    43     CS   35.188   336.1   0.64   2.19   2.39   0     —     —  —
    44     CS   35.459   311.6   0.91   2.46   2.67   0     —     —  —
    45     CS   35.729   280.2   1.18   2.73   2.94   0     —     —  —
    46     CS   36.043   252.4   1.49   3.05   3.25   0     —     —  —
    47     CS   36.340   223.3   1.79   3.34   3.55   0     —     —  —
    48     CS   36.715   196.1   2.16   3.72   3.92   0     —     —  —
    49     CS   37.001   163.1   2.45   4.01   4.21   1   b45     —  CHARGE, BRK-B45
    50     CS   38.441   385.5   0.29   4.29   4.88   0     —     —  —
    51     CS   38.774   356.2   0.62   4.63   5.21   0     —     —  —
    52   CUST   39.069   324.0   0.92   4.92   5.51   0     —     —  —
    53     CS   39.648   315.8   1.00   5.00   6.09   0     —     —  —
    54     CS   39.875   288.8   1.22   5.23   6.31   0     —     —  —
    55     CS   40.119   263.4   1.47   5.47   6.56   0     —     —  —
    56     CS   40.379   239.2   1.73   5.73   6.82   0     —     —  —
    57     CS   40.599   214.3   1.95   5.95   7.04   0     —     —  —
    58     CS   40.853   192.1   2.20   6.21   7.29   0     —     —  —
    59     CS   41.100   169.4   2.45   6.45   7.54   1   b45     —  CHARGE, BRK-B45
    60     CS   42.556   381.2   0.42   6.87   8.18   0     —     —  —
    61     CS   42.866   354.4   0.73   7.18   8.49   0     —     —  —
    62     CS   43.164   326.9   1.03   7.48   8.79   0     —     —  —
    63     CS   43.444   298.0   1.31   7.76   9.07   0     —     —  —
    64     CS   43.685   271.2   1.55   8.00   9.31   0     —     —  —
    65     CS   43.945   245.9   1.81   8.26   9.57   0     —     —  —
    66   CUST   44.265   223.8   2.13   8.58   9.89   0     —    r2  REST-R2
    67     CS   53.998   201.2   0.23   0.23   0.23   1     —     —  CHARGE
    68   CUST   55.117   321.3   0.69   0.69   1.35   0     —     —  —
    69     CS   55.884   293.1   0.95   0.95   2.12   0     —     —  —
    70   CUST   56.160   265.5   1.23   1.23   2.39   0     —     —  —
    71     CS   56.714   260.9   1.28   1.28   2.95   0     —     —  —
    72   CUST   56.881   249.8   1.45   1.45   3.12   0     —     —  —
    73   CUST   57.386   249.1   1.46   1.46   3.62   0     —     —  —
    74   CUST   57.939   244.4   1.51   1.51   4.17   0     —     —  —
    75     CS   58.507   236.4   1.58   1.58   4.74   0     —     —  —
    76     CS   58.749   217.0   1.82   1.82   4.98   0     —     —  —
    77     CS   58.952   195.0   2.02   2.02   5.19   0     —     —  —
    78     CS   59.149   172.3   2.22   2.22   5.38   1   b45     —  CHARGE, BRK-B45
    79     CS   60.454   382.5   0.23   2.45   5.94   0     —     —  —
    80     CS   60.672   358.2   0.45   2.67   6.16   0     —     —  —
    81     CS   60.897   334.6   0.67   2.89   6.38   0     —     —  —
    82     CS   61.183   309.6   0.96   3.18   6.67   0     —     —  —
    83     CS   61.458   284.0   1.24   3.45   6.94   0     —     —  —
    84     CS   61.737   258.6   1.52   3.73   7.22   0     —     —  —
    85     CS   61.996   232.5   1.77   3.99   7.48   0     —     —  —
    86     CS   62.277   208.0   2.05   4.27   7.76   0     —     —  —
    87     CS   62.569   184.0   2.35   4.56   8.05   0     —     —  —
    88     CS   62.798   159.2   2.58   4.79   8.28   0     —     —  —
    89     CS   63.026   134.3   2.80   5.02   8.51   0     —     —  —
    90     CS   63.413   115.8   3.19   5.41   8.90   1   b45     —  CHARGE, BRK-B45
    91     CS   64.680   299.5   0.28   5.69   9.42   0     —     —  —
    92     CS   64.934   270.0   0.53   5.94   9.67   0     —     —  —
    93     CS   65.198   241.5   0.80   6.21   9.93   0     —     —  —
    94     CS   65.450   212.0   1.05   6.46  10.18   0     —     —  —
    95     CS   65.674   186.7   1.27   6.68  10.41   0     —     —  —
    96     CS   65.948   164.9   1.55   6.96  10.68   0     —     —  —
[7/34] RmediumCmanyTtight_10        labelled   26 states in  68.1 min
  ScenarioTracker saved: /mnt/beegfs/users/celinep/ChargeAndBreak/ML/logs/RmediumCmediumTlarge_7_DAGGER1_S1_H24_20260821_182947_scenarios.json

  === SIMULATION TRAJECTORY ===
  stop   type    t_arr     soc     cd     sd     sw   y   brk   rst  action
  ───────────────────────────────────────────────────────────────────────────────────────────────
     0   ORIG    8.000   500.0   0.00   0.00   0.00   0     —     —  —
     1     CS    8.238   474.4   0.24   0.24   0.24   0     —     —  —
     2     CS    8.527   452.1   0.53   0.53   0.53   0     —     —  —
     3     CS    8.774   427.4   0.77   0.77   0.77   0     —     —  —
     4     CS    9.061   395.3   1.06   1.06   1.06   0     —     —  —
     5     CS    9.379   365.6   1.38   1.38   1.38   0     —     —  —
     6     CS    9.728   337.8   1.73   1.73   1.73   0     —     —  —
     7     CS    9.945   312.7   1.95   1.95   1.95   0     —     —  —
     8     CS   10.321   294.4   2.32   2.32   2.32   0     —     —  —
     9     CS   10.541   269.6   2.54   2.54   2.54   0     —     —  —
    10     CS   10.844   239.2   2.84   2.84   2.84   0     —     —  —
    11     CS   11.186   211.3   3.19   3.19   3.19   0     —     —  —
    12     CS   11.429   186.8   3.43   3.43   3.43   0     —     —  —
    13     CS   11.661   161.3   3.66   3.66   3.66   0     —     —  —
    14     CS   11.935   138.7   3.93   3.93   3.93   0     —     —  —
    15     CS   12.166   113.1   4.17   4.17   4.17   1   b45     —  CHARGE, BRK-B45
    16     CS   13.980   442.4   0.21   4.38   4.83   0     —     —  —
    17     CS   14.184   419.3   0.41   4.58   5.04   0     —     —  —
    18     CS   14.401   397.3   0.63   4.80   5.26   0     —     —  —
    19     CS   14.663   373.6   0.89   5.06   5.52   0     —     —  —
    20     CS   14.888   346.8   1.12   5.28   5.74   0     —     —  —
    21     CS   15.123   321.0   1.35   5.52   5.98   0     —     —  —
    22     CS   15.505   277.8   1.74   5.90   6.36   0     —     —  —
    23     CS   15.762   252.1   1.99   6.16   6.62   0     —     —  —
    24     CS   16.020   226.6   2.25   6.42   6.88   0     —     —  —
    25     CS   16.288   201.7   2.52   6.68   7.14   0     —     —  —
    26   CUST   16.536   175.2   2.77   6.93   7.39   0     —     —  —
    27     CS   17.383   149.4   3.11   7.28   8.24   1   b45     —  CHARGE, BRK-B45
    28     CS   18.803   407.1   0.27   7.55   8.77   0     —     —  —
    29     CS   19.084   380.0   0.55   7.83   9.05   0     —     —  —
    30     CS   19.376   345.1   0.84   8.12   9.34   0     —     —  —
    31     CS   19.597   319.7   1.06   8.34   9.56   0     —     —  —
    32     CS   19.982   301.3   1.45   8.73   9.95   0     —     —  —
    33     CS   20.207   276.4   1.67   8.95  10.17   0     —     —  —
    34     CS   20.422   250.4   1.89   9.17  10.39   0     —     —  —
    35     CS   20.648   223.7   2.11   9.39  10.61   0     —    r2  REST-R2
    36     CS   30.056   198.4   0.24   0.24   0.24   0     —     —  —
    37     CS   30.326   175.2   0.51   0.51   0.51   1   b45     —  CHARGE, BRK-B45
    38     CS   31.861   395.6   0.41   0.92   1.30   0     —     —  —
    39     CS   32.105   367.4   0.65   1.16   1.54   0     —     —  —
    40     CS   32.352   339.6   0.90   1.41   1.79   0     —     —  —
    41     CS   32.606   311.6   1.15   1.66   2.04   0     —     —  —
    42     CS   32.968   289.3   1.51   2.03   2.40   0     —     —  —
    43     CS   33.220   261.0   1.77   2.28   2.66   0     —     —  —
    44     CS   33.467   234.7   2.01   2.52   2.90   0     —     —  —
    45     CS   33.701   207.2   2.25   2.76   3.14   0     —     —  —
    46     CS   33.943   180.4   2.49   3.00   3.38   1   b45     —  CHARGE, BRK-B45
    47     CS   35.299   398.2   0.26   3.26   3.97   0     —     —  —
    48   CUST   35.589   370.0   0.55   3.55   4.26   0     —     —  —
    49     CS   36.322   350.8   0.79   3.79   4.99   0     —     —  —
    50     CS   36.517   328.8   0.98   3.98   5.18   0     —     —  —
    51     CS   36.711   306.7   1.18   4.18   5.38   0     —     —  —
    52     CS   36.729   304.8   1.19   4.19   5.39   0     —     —  —
    53     CS   36.933   281.6   1.40   4.40   5.60   0     —     —  —
    54     CS   37.161   260.4   1.63   4.63   5.83   0     —     —  —
    55     CS   37.365   237.3   1.83   4.83   6.03   0     —     —  —
    56     CS   37.643   205.1   2.11   5.11   6.31   0     —     —  —
    57     CS   38.054   180.2   2.52   5.52   6.72   0     —     —  —
    58     CS   38.349   149.5   2.81   5.81   7.01   1   b45     —  CHARGE, BRK-B45
    59     CS   39.850   408.5   0.38   6.19   7.63   0     —     —  —
    60     CS   40.132   377.5   0.66   6.48   7.91   0     —     —  —
    61     CS   40.458   347.7   0.99   6.80   8.24   0     —     —  —
    62     CS   40.743   314.6   1.27   7.09   8.52   0     —     —  —
    63     CS   41.069   284.8   1.60   7.41   8.85   0     —     —  —
    64     CS   41.306   261.4   1.84   7.65   9.09   0     —     —  —
    65     CS   41.530   237.0   2.06   7.87   9.31   0     —     —  —
    66     CS   41.760   212.9   2.29   8.10   9.54   0     —     —  —
    67     CS   41.998   189.6   2.53   8.34   9.78   1   b45     —  CHARGE, BRK-B45
    68     CS   43.528   414.0   0.28   8.62  10.48   0     —     —  —
    69   CUST   43.828   384.5   0.58   8.92  10.78   0     —    r2  REST-R2
    70   CUST   53.693   343.4   0.37   0.37   0.37   0     —     —  —
    71   CUST   54.393   325.7   0.57   0.57   1.07   0     —     —  —
    72     CS   55.144   299.0   0.82   0.82   1.82   0     —     —  —
    73     CS   55.310   287.9   0.98   0.98   1.98   0     —     —  —
    74     CS   55.585   258.7   1.26   1.26   2.26   0     —     —  —
    75     CS   55.844   227.8   1.52   1.52   2.52   0     —     —  —
    76     CS   56.044   204.3   1.72   1.72   2.72   0     —     —  —
    77     CS   56.250   181.4   1.92   1.92   2.92   0     —     —  —
    78     CS   56.473   159.8   2.14   2.14   3.14   1   b45     —  CHARGE, BRK-B45
    79     CS   57.686   353.7   0.23   2.37   3.61   0     —     —  —
    80     CS   57.925   329.7   0.47   2.61   3.85   0     —     —  —
    81     CS   58.146   304.1   0.69   2.83   4.07   0     —     —  —
    82     CS   58.337   281.4   0.88   3.02   4.26   0     —     —  —
    83     CS   58.532   259.0   1.07   3.22   4.45   0     —     —  —
    84     CS   58.747   238.3   1.29   3.43   4.67   1   b45     —  CHARGE, BRK-B45
    85     CS   60.114   397.6   0.35   3.78   5.29   0     —     —  —
    86     CS   60.401   367.7   0.63   4.06   5.57   0     —     —  —
    87     CS   60.696   338.6   0.93   4.36   5.87   0     —     —  —
    88     CS   60.949   308.9   1.18   4.61   6.12   0     —     —  —
    89     CS   61.205   279.4   1.44   4.87   6.38   0     —     —  —
    90     CS   61.486   252.1   1.72   5.15   6.66   0     —     —  —
    91     CS   62.031   209.6   2.26   5.69   7.20   1     —     —  CHARGE
    92     CS   62.865   289.9   2.54   5.97   8.04   0     —     —  —
    93     CS   63.119   259.9   2.79   6.23   8.29   0     —     —  —
    94     CS   63.371   229.6   3.04   6.48   8.54   0     —     —  —
[8/34] RmediumCmediumTlarge_7       labelled   38 states in  66.9 min
  ScenarioTracker saved: /mnt/beegfs/users/celinep/ChargeAndBreak/ML/logs/RshortCfewTnone_7_DAGGER1_S1_H24_20260821_193641_scenarios.json

  === SIMULATION TRAJECTORY ===
  stop   type    t_arr     soc     cd     sd     sw   y   brk   rst  action
  ───────────────────────────────────────────────────────────────────────────────────────────────
     0   ORIG    8.000   500.0   0.00   0.00   0.00   0     —     —  —
     1     CS    8.232   473.9   0.23   0.23   0.23   0     —     —  —
     2     CS    8.477   448.9   0.48   0.48   0.48   0     —     —  —
     3     CS    8.800   428.0   0.80   0.80   0.80   0     —     —  —
     4     CS    9.030   400.9   1.03   1.03   1.03   0     —     —  —
     5     CS    9.295   376.7   1.30   1.30   1.30   0     —     —  —
     6     CS    9.525   349.6   1.53   1.53   1.53   0     —     —  —
     7     CS    9.765   323.4   1.76   1.76   1.76   0     —     —  —
     8     CS   10.003   297.1   2.00   2.00   2.00   0     —     —  —
     9     CS   10.244   271.0   2.24   2.24   2.24   0     —     —  —
    10     CS   10.498   248.2   2.50   2.50   2.50   0     —     —  —
    11     CS   10.789   227.4   2.79   2.79   2.79   0     —     —  —
    12     CS   11.012   202.2   3.01   3.01   3.01   0     —     —  —
    13     CS   11.238   177.4   3.24   3.24   3.24   1   b45     —  CHARGE, BRK-B45
    14     CS   12.783   409.8   0.36   3.60   3.90   0     —     —  —
    15     CS   13.045   383.4   0.62   3.86   4.16   0     —     —  —
    16     CS   13.284   354.9   0.86   4.10   4.40   0     —     —  —
    17     CS   13.628   332.7   1.21   4.45   4.74   0     —     —  —
    18     CS   13.895   306.7   1.47   4.71   5.01   0     —     —  —
    19     CS   14.242   287.9   1.82   5.06   5.36   0     —     —  —
    20     CS   14.478   264.3   2.06   5.30   5.59   0     —     —  —
    21     CS   14.802   245.0   2.38   5.62   5.92   0     —     —  —
    22     CS   14.999   222.8   2.58   5.82   6.11   0     —     —  —
    23     CS   15.238   203.5   2.82   6.06   6.35   0     —     —  —
    24     CS   15.439   181.7   3.02   6.26   6.55   1   b45     —  CHARGE, BRK-B45
    25     CS   17.134   378.1   0.30   6.55   7.50   0     —     —  —
    26     CS   17.425   351.5   0.59   6.84   7.79   0     —     —  —
    27     CS   17.698   323.6   0.86   7.12   8.06   0     —     —  —
    28     CS   18.133   278.1   1.30   7.55   8.50   0     —     —  —
    29     CS   18.352   252.4   1.51   7.77   8.72   0     —     —  —
    30     CS   18.586   228.0   1.75   8.01   8.95   0     —     —  —
    31     CS   18.833   204.7   2.00   8.25   9.20   1     —    r2  CHARGE, REST-R2
    32     CS   29.062   402.6   0.26   0.26   0.26   0     —     —  —
    33     CS   29.355   374.8   0.56   0.56   0.56   0     —     —  —
    34     CS   29.639   346.3   0.84   0.84   0.84   0     —     —  —
    35   CUST   29.954   319.7   1.16   1.16   1.16   0     —     —  —
    36     CS   30.672   297.4   1.37   1.37   1.87   0     —     —  —
    37     CS   30.912   276.7   1.61   1.61   2.11   0     —     —  —
    38     CS   31.116   253.1   1.82   1.82   2.32   0     —     —  —
    39   CUST   31.152   250.3   1.85   1.85   2.35   0     —     —  —
    40     CS   32.094   199.6   2.29   2.29   3.29   0     —     —  —
    41     CS   32.349   169.7   2.55   2.55   3.55   0     —     —  —
    42     CS   32.704   128.8   2.90   2.90   3.90   1     —     —  CHARGE
    43     CS   33.765   217.4   3.18   3.18   4.97   0     —     —  —
    44     CS   34.033   187.5   3.44   3.44   5.23   0     —     —  —
[9/34] RshortCfewTnone_7            labelled   15 states in  12.5 min
    [warn] teacher query failed @9: Solver (gurobi) did not exit normally
  ScenarioTracker saved: /mnt/beegfs/users/celinep/ChargeAndBreak/ML/logs/RmediumCfewTmedium_12_DAGGER1_S1_H24_20260821_194910_scenarios.json

  === SIMULATION TRAJECTORY ===
  stop   type    t_arr     soc     cd     sd     sw   y   brk   rst  action
  ───────────────────────────────────────────────────────────────────────────────────────────────
     0   ORIG    8.000   500.0   0.00   0.00   0.00   0     —     —  —
     1     CS    8.281   477.3   0.28   0.28   0.28   0     —     —  —
     2     CS    8.607   456.5   0.61   0.61   0.61   0     —     —  —
     3     CS    8.834   429.9   0.83   0.83   0.83   0     —     —  —
     4     CS    9.125   398.1   1.12   1.12   1.12   0     —     —  —
     5     CS    9.432   367.8   1.43   1.43   1.43   0     —     —  —
     6     CS    9.723   336.0   1.72   1.72   1.72   0     —     —  —
     7     CS    9.940   310.0   1.94   1.94   1.94   0     —     —  —
     8     CS   10.164   284.8   2.16   2.16   2.16   0     —     —  —
     9     CS   10.388   259.5   2.39   2.39   2.39   1   b45     —  CHARGE, BRK-B45
    10     CS   11.771   419.6   0.37   2.75   3.02   0     —     —  —
    11     CS   12.075   390.9   0.67   3.06   3.32   0     —     —  —
    12     CS   12.357   360.4   0.95   3.34   3.61   0     —     —  —
    13     CS   12.625   328.8   1.22   3.61   3.88   0     —     —  —
    14     CS   12.901   297.8   1.50   3.88   4.15   0     —     —  —
    15     CS   13.228   261.5   1.82   4.21   4.48   0     —     —  —
    16     CS   13.445   238.0   2.04   4.43   4.70   0     —     —  —
    17     CS   13.659   214.2   2.25   4.64   4.91   0     —     —  —
    18   CUST   13.866   189.8   2.46   4.85   5.12   0     —     —  —
    19     CS   14.623   162.4   2.72   5.11   5.87   0     —     —  —
    20     CS   14.873   134.4   2.97   5.36   6.12   0     —     —  —
    21     CS   15.122   106.3   3.22   5.61   6.37   1   b45     —  CHARGE, BRK-B45
    22     CS   16.567   393.7   0.17   5.77   6.91   0     —     —  —
    23     CS   17.011   372.0   0.61   6.22   7.36   0     —     —  —
    24     CS   17.284   343.7   0.89   6.49   7.63   0     —     —  —
    25     CS   17.545   313.1   1.15   6.75   7.89   0     —     —  —
    26     CS   17.818   283.6   1.42   7.02   8.17   0     —     —  —
    27     CS   18.099   254.9   1.70   7.31   8.45   0     —     —  —
    28     CS   18.370   225.2   1.97   7.58   8.72   0     —     —  —
    29     CS   18.682   189.9   2.28   7.89   9.03   1   b45     —  CHARGE, BRK-B45
    30     CS   20.026   393.0   0.25   8.14   9.62   0     —     —  —
    31     CS   20.268   369.3   0.49   8.38   9.87   0     —     —  —
    32     CS   20.598   349.6   0.82   8.71  10.20   0     —     —  —
    33     CS   21.013   329.7   1.24   9.12  10.61   0     —     —  —
    34     CS   21.247   302.0   1.47   9.36  10.84   0     —     —  —
    35     CS   21.481   274.3   1.71   9.59  11.08   0     —     —  —
    36     CS   21.734   248.2   1.96   9.85  11.33   0     —    r2  REST-R2
    37     CS   31.447   207.6   0.55   0.55   0.55   0     —     —  —
    38     CS   31.755   178.6   0.85   0.85   0.85   0     —     —  —
    39     CS   32.036   147.6   1.14   1.14   1.14   0     —     —  —
    40     CS   32.337   118.1   1.44   1.44   1.44   1   b45     —  CHARGE, BRK-B45
    41     CS   33.700   374.8   0.29   1.72   1.97   0     —     —  —
    42     CS   33.966   343.6   0.55   1.99   2.24   0     —     —  —
    43     CS   34.245   316.7   0.83   2.27   2.52   0     —     —  —
    44     CS   34.532   290.6   1.12   2.55   2.80   0     —     —  —
    45     CS   34.847   265.9   1.43   2.87   3.12   0     —     —  —
    46     CS   35.112   238.1   1.70   3.13   3.38   0     —     —  —
    47     CS   35.537   196.3   2.12   3.56   3.81   1   b45     —  CHARGE, BRK-B45
    48     CS   36.939   408.9   0.29   3.84   4.44   0     —     —  —
    49     CS   37.206   379.5   0.55   4.11   4.71   0     —     —  —
    50     CS   37.472   350.1   0.82   4.38   4.98   0     —     —  —
    51     CS   37.757   322.2   1.10   4.66   5.26   0     —     —  —
    52     CS   38.229   281.4   1.58   5.13   5.73   0     —     —  —
    53     CS   38.451   256.8   1.80   5.36   5.96   0     —     —  —
    54     CS   38.694   233.8   2.04   5.60   6.20   0     —     —  —
    55   CUST   38.914   209.0   2.26   5.82   6.42   0     —    r2  REST-R2
    56     CS   48.680   182.9   0.27   0.27   0.27   0     —     —  —
    57     CS   48.993   159.5   0.58   0.58   0.58   0     —     —  —
    58     CS   49.140   143.4   0.73   0.73   0.73   1   b45     —  CHARGE, BRK-B45
    59     CS   50.544   376.6   0.27   1.00   1.36   0     —     —  —
    60     CS   50.813   345.2   0.54   1.27   1.63   0     —     —  —
    61     CS   51.081   313.8   0.81   1.54   1.90   0     —     —  —
    62     CS   51.395   283.1   1.12   1.85   2.21   0     —     —  —
    63     CS   51.689   250.9   1.42   2.14   2.50   0     —     —  —
    64     CS   51.976   218.0   1.71   2.43   2.79   0     —     —  —
    65     CS   52.266   188.8   2.00   2.72   3.08   0     —     —  —
    66     CS   52.736   166.3   2.47   3.19   3.55   1   b45     —  CHARGE, BRK-B45
    67     CS   54.205   441.7   0.22   3.41   4.01   0     —     —  —
    68     CS   54.447   417.6   0.47   3.66   4.26   0     —     —  —
    69     CS   54.667   391.6   0.69   3.88   4.48   0     —     —  —
    70     CS   54.894   366.2   0.91   4.10   4.70   0     —     —  —
    71     CS   55.294   326.9   1.31   4.50   5.10   0     —     —  —
    72     CS   55.545   300.8   1.56   4.75   5.35   0     —     —  —
    73     CS   55.780   273.5   1.80   4.99   5.59   0     —     —  —
    74     CS   56.017   246.3   2.04   5.23   5.83   0     —     —  —
    75     CS   56.311   219.8   2.33   5.52   6.12   0     —     —  —
    76     CS   56.661   196.0   2.68   5.87   6.47   0     —     —  —
    77     CS   56.922   167.1   2.94   6.13   6.73   1     —     —  CHARGE
    78     CS   57.852   288.3   3.22   6.41   7.66   0     —     —  —
    79     CS   58.119   263.9   3.49   6.68   7.93   0     —     —  —
    80     CS   58.382   239.1   3.75   6.94   8.19   0     —     —  —
[10/34] RmediumCfewTmedium_12        labelled   23 states in  34.6 min
  ScenarioTracker saved: /mnt/beegfs/users/celinep/ChargeAndBreak/ML/logs/RlongCmediumTnone_17_DAGGER1_S1_H24_20260821_202343_scenarios.json

  === SIMULATION TRAJECTORY ===
  stop   type    t_arr     soc     cd     sd     sw   y   brk   rst  action
  ───────────────────────────────────────────────────────────────────────────────────────────────
     0   ORIG    8.000   500.0   0.00   0.00   0.00   0     —     —  —
     1     CS    8.234   474.1   0.23   0.23   0.23   0     —     —  —
     2     CS    8.634   454.9   0.63   0.63   0.63   0     —     —  —
     3     CS    8.869   429.1   0.87   0.87   0.87   0     —     —  —
     4     CS    9.144   403.4   1.14   1.14   1.14   0     —     —  —
     5     CS    9.396   376.1   1.40   1.40   1.40   0     —     —  —
     6     CS    9.656   349.3   1.66   1.66   1.66   0     —     —  —
     7     CS    9.982   319.5   1.98   1.98   1.98   0     —     —  —
     8     CS   10.269   286.7   2.27   2.27   2.27   0     —     —  —
     9     CS   10.554   253.6   2.55   2.55   2.55   0     —     —  —
    10     CS   10.778   228.3   2.78   2.78   2.78   0     —     —  —
    11     CS   11.001   203.0   3.00   3.00   3.00   0     —     —  —
    12     CS   11.235   178.6   3.24   3.24   3.24   1   b45     —  CHARGE, BRK-B45
    13     CS   12.566   420.0   0.22   3.45   3.71   0     —     —  —
    14     CS   12.784   395.0   0.44   3.67   3.93   0     —     —  —
    15     CS   13.007   370.4   0.66   3.90   4.15   0     —     —  —
    16     CS   13.257   344.7   0.91   4.15   4.40   0     —     —  —
    17     CS   13.502   318.6   1.16   4.39   4.64   0     —     —  —
    18     CS   13.937   296.2   1.59   4.83   5.08   0     —     —  —
    19     CS   14.212   266.9   1.87   5.10   5.36   0     —     —  —
    20     CS   14.454   242.7   2.11   5.34   5.60   0     —     —  —
    21     CS   14.678   217.1   2.33   5.57   5.82   0     —     —  —
    22     CS   14.908   192.0   2.56   5.80   6.05   0     —     —  —
    23     CS   15.158   168.5   2.81   6.05   6.30   1   b45     —  CHARGE, BRK-B45
    24     CS   16.426   397.5   0.26   6.30   6.79   0     —     —  —
    25     CS   16.693   372.0   0.52   6.57   7.06   0     —     —  —
    26     CS   16.925   344.7   0.76   6.80   7.29   0     —     —  —
    27     CS   17.155   317.2   0.99   7.03   7.52   0     —     —  —
    28     CS   17.395   290.7   1.23   7.27   7.76   0     —     —  —
    29     CS   17.636   264.2   1.47   7.51   8.00   0     —     —  —
    30     CS   17.928   240.3   1.76   7.80   8.29   0     —     —  —
    31     CS   18.162   211.9   1.99   8.04   8.52   0     —     —  —
    32     CS   18.404   184.4   2.23   8.28   8.77   1   b45     —  CHARGE, BRK-B45
    33     CS   19.698   382.9   0.28   8.56   9.31   0     —     —  —
    34     CS   19.960   354.8   0.54   8.83   9.57   0     —     —  —
    35     CS   20.230   324.3   0.81   9.09   9.84   0     —     —  —
    36     CS   20.503   294.1   1.09   9.37  10.12   0     —     —  —
    37     CS   20.792   265.2   1.38   9.66  10.40   1     —    r2  CHARGE, REST-R2
    38     CS   30.874   405.7   0.25   0.25   0.25   0     —     —  —
    39   CUST   31.117   378.3   0.49   0.49   0.49   0     —     —  —
    40     CS   31.861   350.3   0.74   0.74   1.24   0     —     —  —
    41     CS   32.110   322.9   0.99   0.99   1.49   0     —     —  —
    42     CS   32.349   296.8   1.22   1.22   1.72   0     —     —  —
    43   CUST   32.587   270.7   1.46   1.46   1.96   0     —     —  —
    44     CS   33.449   231.6   1.82   1.82   2.82   0     —     —  —
    45     CS   33.767   193.2   2.14   2.14   3.14   0     —     —  —
    46     CS   34.025   166.3   2.40   2.40   3.40   0     —     —  —
    47     CS   34.291   140.0   2.67   2.67   3.67   0     —     —  —
    48     CS   34.562   114.1   2.94   2.94   3.94   1   b45     —  CHARGE, BRK-B45
    49     CS   36.066   410.8   0.27   3.21   4.46   0     —     —  —
    50     CS   36.370   389.8   0.57   3.51   4.76   0     —     —  —
    51     CS   36.610   365.1   0.81   3.75   5.00   0     —     —  —
    52     CS   36.853   336.8   1.06   3.99   5.24   0     —     —  —
    53     CS   37.093   308.4   1.30   4.23   5.48   0     —     —  —
    54     CS   37.340   280.4   1.54   4.48   5.73   0     —     —  —
    55     CS   37.688   238.8   1.89   4.83   6.08   0     —     —  —
    56     CS   37.943   209.3   2.15   5.08   6.33   0     —     —  —
    57     CS   38.267   184.5   2.47   5.41   6.66   0     —     —  —
    58     CS   38.528   155.6   2.73   5.67   6.92   1   b45     —  CHARGE, BRK-B45
    59     CS   39.820   394.5   0.30   5.97   7.43   0     —     —  —
    60     CS   40.069   368.8   0.55   6.22   7.68   0     —     —  —
    61     CS   40.301   341.4   0.78   6.45   7.91   0     —     —  —
    62     CS   40.533   314.1   1.02   6.69   8.14   0     —     —  —
    63     CS   40.745   289.3   1.23   6.90   8.35   0     —     —  —
    64     CS   40.982   266.7   1.47   7.13   8.59   0     —     —  —
    65     CS   41.197   242.1   1.68   7.35   8.80   0     —     —  —
    66     CS   41.444   220.1   1.93   7.60   9.05   0     —     —  —
    67     CS   41.661   195.9   2.14   7.81   9.27   0     —     —  —
    68     CS   41.876   171.4   2.36   8.03   9.48   1   b45     —  CHARGE, BRK-B45
    69     CS   43.220   387.9   0.31   8.34  10.08   0     —     —  —
    70     CS   43.479   358.0   0.57   8.60  10.34   0     —     —  —
    71     CS   43.760   329.9   0.85   8.88  10.62   0     —    r2  REST-R2
    72   CUST   53.359   279.6   0.43   0.43   0.43   0     —     —  —
    73     CS   54.170   245.3   0.74   0.74   1.24   0     —     —  —
    74     CS   54.585   196.9   1.16   1.16   1.66   0     —     —  —
    75     CS   54.827   170.9   1.40   1.40   1.90   0     —     —  —
    76     CS   55.078   145.7   1.65   1.65   2.15   0     —     —  —
    77     CS   55.306   118.4   1.88   1.88   2.38   1   b45     —  CHARGE, BRK-B45
    78     CS   56.755   374.9   0.35   2.23   3.01   0     —     —  —
    79     CS   57.041   342.7   0.63   2.51   3.30   0     —     —  —
    80     CS   57.330   310.8   0.92   2.80   3.58   0     —     —  —
    81     CS   57.745   268.2   1.34   3.22   4.00   0     —     —  —
    82     CS   57.974   243.0   1.57   3.45   4.23   0     —     —  —
    83     CS   58.197   217.3   1.79   3.67   4.45   0     —     —  —
    84     CS   58.444   193.6   2.04   3.92   4.70   0     —     —  —
    85     CS   58.668   167.9   2.26   4.14   4.92   1   b45     —  CHARGE, BRK-B45
    86     CS   60.083   399.2   0.28   4.42   5.53   0     —     —  —
    87     CS   60.355   368.1   0.55   4.69   5.80   0     —     —  —
    88     CS   60.655   339.3   0.85   4.99   6.10   0     —     —  —
    89     CS   61.086   293.5   1.28   5.42   6.53   0     —     —  —
    90     CS   61.323   267.1   1.52   5.66   6.77   0     —     —  —
    91     CS   61.560   240.6   1.75   5.90   7.00   0     —     —  —
    92     CS   61.793   213.8   1.99   6.13   7.24   0     —     —  —
    93     CS   62.146   192.8   2.34   6.48   7.59   0     —     —  —
    94     CS   62.464   170.6   2.66   6.80   7.91   0     —     —  —
    95     CS   62.726   145.5   2.92   7.06   8.17   1   b45     —  CHARGE, BRK-B45
    96     CS   64.025   384.9   0.26   7.32   8.67   0     —     —  —
    97     CS   64.385   361.5   0.61   7.68   9.03   0     —     —  —
    98     CS   64.646   332.6   0.88   7.94   9.29   0     —     —  —
    99     CS   64.862   309.0   1.09   8.15   9.51   0     —     —  —
   100     CS   65.161   289.9   1.39   8.45   9.80   0     —     —  —
   101   CUST   65.376   266.2   1.61   8.67  10.02   0     —    r2  REST-R2
   102     CS   75.135   240.9   0.26   0.26   0.26   0     —     —  —
   103     CS   75.402   216.2   0.53   0.53   0.53   0     —     —  —
   104     CS   75.638   188.9   0.76   0.76   0.76   0     —     —  —
   105     CS   75.885   162.7   1.01   1.01   1.01   0     —     —  —
   106     CS   75.908   161.1   1.03   1.03   1.03   1   b45     —  CHARGE, BRK-B45
   107     CS   77.380   382.1   0.38   1.42   1.70   0     —     —  —
   108     CS   77.658   356.0   0.66   1.69   1.97   0     —     —  —
   109     CS   77.904   327.1   0.91   1.94   2.22   0     —     —  —
   110     CS   78.158   299.1   1.16   2.19   2.47   0     —     —  —
   111     CS   78.388   273.6   1.39   2.42   2.70   0     —     —  —
   112     CS   78.630   249.2   1.63   2.67   2.95   0     —     —  —
   113     CS   78.851   222.8   1.85   2.89   3.17   0     —     —  —
   114     CS   79.093   197.6   2.10   3.13   3.41   0     —     —  —
   115     CS   79.322   171.2   2.32   3.36   3.64   0     —     —  —
   116     CS   79.557   145.4   2.56   3.59   3.87   1   b45     —  CHARGE, BRK-B45
   117     CS   81.008   405.5   0.22   3.82   4.44   0     —     —  —
   118     CS   81.328   385.2   0.54   4.14   4.76   0     —     —  —
   119     CS   81.586   362.2   0.80   4.39   5.02   0     —     —  —
   120     CS   81.874   340.8   1.09   4.68   5.31   0     —     —  —
   121     CS   82.101   314.1   1.32   4.91   5.53   0     —     —  —
   122     CS   82.328   287.6   1.54   5.14   5.76   0     —     —  —
   123     CS   82.610   265.0   1.82   5.42   6.04   0     —     —  —
   124     CS   82.997   226.8   2.21   5.80   6.43   0     —     —  —
   125     CS   83.267   197.7   2.48   6.07   6.70   0     —     —  —
   126     CS   83.526   167.6   2.74   6.33   6.96   0     —     —  —
   127     CS   83.808   139.5   3.02   6.62   7.24   0     —     —  —
   128     CS   84.091   111.4   3.31   6.90   7.52   1   b45     —  CHARGE, BRK-B45
   129     CS   85.773   387.6   0.45   7.35   8.20   0     —     —  —
   130     CS   86.029   364.5   0.70   7.60   8.45   0     —     —  —
   131     CS   86.258   339.3   0.93   7.83   8.68   0     —     —  —
   132     CS   86.479   313.3   1.15   8.05   8.90   0     —     —  —
   133     CS   86.734   290.1   1.41   8.31   9.16   0     —     —  —
   134     CS   87.035   262.1   1.71   8.61   9.46   0     —     —  —
   135     CS   87.304   231.5   1.98   8.88   9.73   0     —     —  —
   136     CS   87.576   201.2   2.25   9.15  10.00   0     —     —  —
   137     CS   87.770   178.7   2.44   9.34  10.19   0     —     —  —
   138     CS   87.964   156.2   2.64   9.54  10.39   0     —     —  —
   139     CS   88.177   135.3   2.85   9.75  10.60   1     —    r1  CHARGE, REST-R1
   140     CS  100.334   286.2   0.28   0.28   0.28   0     —     —  —
   141     CS  100.623   253.6   0.57   0.57   0.57   0     —     —  —
   142     CS  100.870   226.5   0.82   0.82   0.82   0     —     —  —
[11/34] RlongCmediumTnone_17         labelled   54 states in  84.2 min
  ScenarioTracker saved: /mnt/beegfs/users/celinep/ChargeAndBreak/ML/logs/RlongCfewTlarge_7_DAGGER1_S1_H24_20260821_214757_scenarios.json

  === SIMULATION TRAJECTORY ===
  stop   type    t_arr     soc     cd     sd     sw   y   brk   rst  action
  ───────────────────────────────────────────────────────────────────────────────────────────────
     0   ORIG    8.000   500.0   0.00   0.00   0.00   0     —     —  —
     1     CS    8.231   473.8   0.23   0.23   0.23   0     —     —  —
     2     CS    8.501   450.6   0.50   0.50   0.50   0     —     —  —
     3     CS    8.764   426.8   0.76   0.76   0.76   0     —     —  —
     4     CS    9.011   404.8   1.01   1.01   1.01   0     —     —  —
     5     CS    9.256   382.7   1.26   1.26   1.26   0     —     —  —
     6     CS    9.482   359.1   1.48   1.48   1.48   0     —     —  —
     7     CS    9.704   333.7   1.70   1.70   1.70   0     —     —  —
     8     CS    9.925   308.2   1.92   1.92   1.92   0     —     —  —
     9     CS   10.227   287.6   2.23   2.23   2.23   0     —     —  —
    10     CS   10.427   264.0   2.43   2.43   2.43   0     —     —  —
    11     CS   10.664   243.4   2.66   2.66   2.66   0     —     —  —
    12     CS   10.878   221.1   2.88   2.88   2.88   0     —     —  —
    13     CS   11.099   195.8   3.10   3.10   3.10   0     —     —  —
    14     CS   11.326   171.1   3.33   3.33   3.33   0     —     —  —
    15     CS   11.577   148.1   3.58   3.58   3.58   0     —     —  —
    16     CS   11.794   122.4   3.79   3.79   3.79   1   b45     —  CHARGE, BRK-B45
    17     CS   13.097   397.2   0.21   4.01   4.21   0     —     —  —
    18     CS   13.298   374.6   0.41   4.21   4.41   0     —     —  —
    19     CS   13.502   352.2   0.62   4.41   4.61   0     —     —  —
    20     CS   13.713   329.8   0.83   4.62   4.83   0     —     —  —
    21     CS   13.935   308.1   1.05   4.85   5.05   0     —     —  —
    22     CS   14.178   287.8   1.29   5.09   5.29   0     —     —  —
    23     CS   14.452   256.1   1.57   5.36   5.57   0     —     —  —
    24     CS   14.756   226.9   1.87   5.67   5.87   0     —     —  —
    25     CS   15.071   198.5   2.19   5.98   6.18   1   b45     —  CHARGE, BRK-B45
    26     CS   16.391   411.5   0.26   6.24   6.75   0     —     —  —
    27     CS   16.618   386.1   0.49   6.47   6.98   0     —     —  —
    28     CS   16.864   362.3   0.73   6.71   7.23   0     —     —  —
    29     CS   17.097   337.5   0.97   6.95   7.46   0     —     —  —
    30     CS   17.425   307.8   1.29   7.28   7.79   0     —     —  —
    31     CS   17.716   281.4   1.59   7.57   8.08   0     —     —  —
    32     CS   17.978   252.7   1.85   7.83   8.34   0     —     —  —
    33     CS   18.237   223.7   2.11   8.09   8.60   0     —     —  —
    34     CS   18.496   194.8   2.37   8.35   8.86   0     —     —  —
    35     CS   18.705   171.3   2.57   8.56   9.07   0     —     —  —
    36     CS   18.917   148.1   2.79   8.77   9.28   0     —     —  —
    37     CS   19.147   126.3   3.02   9.00   9.51   1   b45     —  CHARGE, BRK-B45
    38     CS   20.856   353.9   0.56   9.56  10.47   0     —     —  —
    39     CS   21.111   325.2   0.82   9.81  10.72   0     —    r2  REST-R2
    40     CS   30.535   296.7   0.26   0.26   0.26   0     —     —  —
    41     CS   30.799   268.7   0.52   0.52   0.52   0     —     —  —
    42     CS   31.033   244.0   0.75   0.75   0.75   0     —     —  —
    43     CS   31.296   221.3   1.02   1.02   1.02   0     —     —  —
    44     CS   31.522   195.9   1.24   1.24   1.24   0     —     —  —
    45     CS   31.761   171.5   1.48   1.48   1.48   0     —     —  —
    46     CS   32.235   120.3   1.96   1.96   1.96   1   b45     —  CHARGE, BRK-B45
    47     CS   33.863   434.9   0.28   2.24   2.49   0     —     —  —
    48     CS   34.115   407.6   0.53   2.49   2.74   0     —     —  —
    49     CS   34.366   380.3   0.78   2.74   2.99   0     —     —  —
    50     CS   34.606   351.9   1.02   2.98   3.23   0     —     —  —
    51     CS   34.904   331.2   1.32   3.28   3.53   0     —     —  —
    52     CS   35.130   306.1   1.54   3.50   3.75   0     —     —  —
    53   CUST   35.355   281.0   1.77   3.73   3.98   0     —     —  —
    54     CS   36.146   252.4   2.06   4.02   4.77   0     —     —  —
    55     CS   36.413   221.8   2.33   4.29   5.04   0     —     —  —
    56   CUST   36.579   202.7   2.49   4.45   5.20   0     —     —  —
    57     CS   37.292   181.5   2.71   4.66   5.91   0     —     —  —
    58     CS   37.496   159.6   2.91   4.87   6.12   0     —     —  —
    59     CS   37.691   136.7   3.11   5.06   6.31   1   b45     —  CHARGE, BRK-B45
    60     CS   39.110   451.2   0.14   5.20   6.65   0     —     —  —
    61     CS   39.415   427.3   0.44   5.51   6.96   0     —     —  —
    62     CS   39.691   401.7   0.72   5.78   7.23   0     —     —  —
    63     CS   39.944   374.4   0.97   6.04   7.49   0     —     —  —
    64     CS   40.152   353.2   1.18   6.25   7.69   0     —     —  —
    65     CS   40.347   330.7   1.38   6.44   7.89   0     —     —  —
    66     CS   40.574   310.8   1.60   6.67   8.12   0     —     —  —
    67     CS   40.839   285.9   1.87   6.93   8.38   0     —     —  —
    68     CS   41.110   261.3   2.14   7.20   8.65   0     —     —  —
    69     CS   41.523   241.5   2.55   7.62   9.07   0     —     —  —
    70     CS   41.797   218.5   2.83   7.89   9.34   0     —     —  —
    71     CS   42.033   192.7   3.06   8.13   9.58   0     —     —  —
    72     CS   42.275   167.5   3.31   8.37   9.82   0     —     —  —
    73     CS   42.525   140.7   3.55   8.62  10.07   0     —     —  —
    74     CS   42.822   117.0   3.85   8.91  10.36   1     —    r2  CHARGE, REST-R2
    75     CS   53.088   383.0   0.20   0.20   0.20   0     —     —  —
    76     CS   53.308   361.9   0.42   0.42   0.42   0     —     —  —
    77     CS   53.540   341.6   0.65   0.65   0.65   0     —     —  —
    78     CS   53.779   315.6   0.89   0.89   0.89   0     —     —  —
    79     CS   54.009   288.7   1.12   1.12   1.12   0     —     —  —
    80     CS   54.274   264.6   1.39   1.39   1.39   0     —     —  —
    81     CS   54.504   237.8   1.62   1.62   1.62   0     —     —  —
    82     CS   54.738   212.6   1.85   1.85   1.85   0     —     —  —
    83     CS   55.062   192.3   2.18   2.18   2.18   0     —     —  —
    84     CS   55.314   168.5   2.43   2.43   2.43   1   b45     —  CHARGE, BRK-B45
    85     CS   56.688   410.8   0.28   2.71   2.93   0     —     —  —
    86     CS   57.154   387.6   0.74   3.17   3.40   0     —     —  —
    87     CS   57.427   355.7   1.02   3.44   3.67   0     —     —  —
    88     CS   57.640   334.9   1.23   3.66   3.88   0     —     —  —
    89     CS   57.850   313.8   1.44   3.87   4.09   0     —     —  —
    90     CS   58.049   291.7   1.64   4.07   4.29   0     —     —  —
    91     CS   58.302   263.6   1.89   4.32   4.54   0     —     —  —
    92     CS   58.569   236.7   2.16   4.59   4.81   0     —     —  —
    93     CS   58.824   208.8   2.41   4.84   5.07   0     —     —  —
    94     CS   59.106   178.9   2.70   5.12   5.35   0     —     —  —
    95     CS   59.380   148.5   2.97   5.40   5.62   1   b45     —  CHARGE, BRK-B45
    96     CS   60.818   414.2   0.23   5.62   6.15   0     —     —  —
    97     CS   61.041   390.4   0.45   5.85   6.37   0     —     —  —
    98     CS   61.254   365.7   0.66   6.06   6.59   0     —     —  —
    99     CS   61.522   345.4   0.93   6.33   6.86   0     —     —  —
   100     CS   61.741   322.1   1.15   6.55   7.07   0     —     —  —
   101     CS   61.982   300.3   1.39   6.79   7.32   0     —     —  —
   102     CS   62.219   273.5   1.63   7.02   7.55   0     —     —  —
   103     CS   62.449   246.1   1.86   7.25   7.78   0     —     —  —
   104     CS   62.683   218.9   2.09   7.49   8.02   0     —     —  —
   105   CUST   62.915   191.6   2.32   7.72   8.25   0     —     —  —
   106     CS   63.698   165.6   2.60   8.00   9.03   0     —     —  —
   107     CS   63.942   136.5   2.85   8.25   9.28   1   b45     —  CHARGE, BRK-B45
   108     CS   65.208   397.9   0.17   8.42   9.71   0     —     —  —
   109     CS   65.432   371.7   0.40   8.64   9.93   0     —     —  —
   110     CS   65.670   346.9   0.64   8.88  10.17   0     —     —  —
   111     CS   65.894   320.9   0.86   9.11  10.39   0     —     —  —
   112     CS   66.134   297.7   1.10   9.35  10.63   0     —     —  —
   113     CS   66.354   272.9   1.32   9.57  10.85   0     —     —  —
   114     CS   66.581   248.7   1.55   9.79  11.08   0     —    r2  REST-R2
   115     CS   76.169   199.7   0.42   0.42   0.42   1   b45     —  CHARGE, BRK-B45
   116     CS   77.653   432.3   0.24   0.66   1.04   0     —     —  —
   117     CS   77.889   406.6   0.47   0.89   1.28   0     —     —  —
   118     CS   78.150   382.8   0.73   1.15   1.54   0     —     —  —
   119     CS   78.376   356.1   0.96   1.38   1.77   0     —     —  —
   120     CS   78.736   338.8   1.32   1.74   2.13   0     —     —  —
   121     CS   79.021   319.8   1.60   2.03   2.41   0     —     —  —
   122     CS   79.229   296.2   1.81   2.23   2.62   0     —     —  —
   123     CS   79.506   272.7   2.09   2.51   2.90   0     —     —  —
   124     CS   79.743   246.2   2.32   2.75   3.13   0     —     —  —
   125     CS   80.037   223.6   2.62   3.04   3.43   0     —     —  —
   126     CS   80.269   196.3   2.85   3.27   3.66   0     —     —  —
   127     CS   80.521   170.7   3.10   3.52   3.91   0     —     —  —
   128     CS   80.765   144.6   3.35   3.77   4.16   0     —     —  —
   129     CS   81.017   119.0   3.60   4.02   4.41   1   b45     —  CHARGE, BRK-B45
   130     CS   82.563   383.4   0.34   4.36   5.06   0     —     —  —
   131     CS   82.818   358.7   0.59   4.61   5.31   0     —     —  —
   132     CS   83.054   332.4   0.83   4.85   5.55   0     —     —  —
   133     CS   83.317   308.2   1.09   5.11   5.81   0     —     —  —
   134     CS   83.596   285.0   1.37   5.39   6.09   0     —     —  —
   135     CS   83.812   262.9   1.59   5.61   6.31   0     —     —  —
   136     CS   84.047   242.1   1.82   5.84   6.54   0     —     —  —
   137     CS   84.283   221.3   2.06   6.08   6.78   0     —     —  —
   138     CS   84.707   198.7   2.48   6.50   7.20   0     —     —  —
   139     CS   85.150   176.3   2.93   6.95   7.64   1   b45     —  CHARGE, BRK-B45
   140     CS   86.448   389.8   0.27   7.22   8.19   0     —     —  —
   141     CS   86.789   364.5   0.61   7.56   8.53   0     —    r1  REST-R1
   142     CS   98.219   334.2   0.26   0.26   0.26   0     —     —  —
   143     CS   98.555   308.8   0.60   0.60   0.60   0     —     —  —
   144     CS   98.806   287.0   0.85   0.85   0.85   0     —     —  —
   145     CS   99.036   263.8   1.08   1.08   1.08   0     —     —  —
   146     CS   99.296   242.5   1.34   1.34   1.34   0     —     —  —
   147     CS   99.631   216.1   1.68   1.68   1.68   0     —     —  —
   148     CS   99.899   185.0   1.94   1.94   1.94   0     —     —  —
   149     CS  100.136   157.0   2.18   2.18   2.18   0     —     —  —
   150     CS  100.409   131.9   2.45   2.45   2.45   1   b45     —  CHARGE, BRK-B45
   151     CS  101.918   404.0   0.27   2.72   3.05   0     —     —  —
   152     CS  102.162   377.3   0.51   2.96   3.30   0     —     —  —
   153     CS  102.396   349.6   0.75   3.20   3.53   0     —     —  —
   154     CS  102.692   326.3   1.04   3.49   3.83   0     —     —  —
   155     CS  102.950   300.1   1.30   3.75   4.08   0     —     —  —
   156     CS  103.192   272.6   1.54   4.00   4.33   0     —     —  —
   157     CS  103.530   250.6   1.88   4.33   4.66   0     —     —  —
   158     CS  104.130   210.3   2.48   4.93   5.26   1     —    r1  CHARGE, REST-R1
   159     CS  116.482   419.7   0.31   0.31   0.31   0     —     —  —
   160     CS  116.788   390.6   0.61   0.61   0.61   0     —     —  —
   161     CS  117.070   359.6   0.90   0.90   0.90   0     —     —  —
   162     CS  117.300   333.3   1.13   1.13   1.13   0     —     —  —
   163     CS  117.541   308.0   1.37   1.37   1.37   0     —     —  —
   164     CS  117.846   286.4   1.67   1.67   1.67   0     —     —  —
   165     CS  118.126   254.5   1.95   1.95   1.95   0     —     —  —
   166     CS  118.401   222.0   2.23   2.23   2.23   0     —     —  —
   167     CS  118.677   189.7   2.50   2.50   2.50   0     —     —  —
   168     CS  118.904   165.5   2.73   2.73   2.73   0     —     —  —
   169     CS  119.133   141.5   2.96   2.96   2.96   0     —     —  —
   170     CS  119.376   118.5   3.20   3.20   3.20   1   b45     —  CHARGE, BRK-B45
   171     CS  120.948   370.7   0.45   3.65   3.90   0     —     —  —
   172     CS  121.167   345.7   0.67   3.87   4.11   0     —     —  —
   173     CS  121.415   323.1   0.92   4.12   4.36   0     —     —  —
   174     CS  121.696   302.3   1.20   4.40   4.64   0     —     —  —
   175     CS  121.912   277.0   1.41   4.62   4.86   0     —     —  —
   176     CS  122.111   255.0   1.61   4.82   5.06   0     —     —  —
   177     CS  122.305   232.5   1.81   5.01   5.25   0     —     —  —
   178     CS  122.499   210.0   2.00   5.20   5.45   0     —     —  —
   179     CS  122.854   182.8   2.36   5.56   5.80   0     —     —  —
   180     CS  123.145   151.4   2.65   5.85   6.09   1   b45     —  CHARGE, BRK-B45
   181     CS  124.572   389.9   0.27   6.12   6.71   0     —     —  —
   182     CS  124.833   358.7   0.53   6.38   6.97   0     —     —  —
   183     CS  125.116   329.5   0.81   6.66   7.25   0     —     —  —
   184     CS  125.383   299.0   1.08   6.93   7.52   0     —     —  —
   185     CS  125.676   273.1   1.37   7.22   7.81   0     —     —  —
   186     CS  126.052   250.7   1.75   7.60   8.19   0     —     —  —
   187     CS  126.347   220.0   2.04   7.89   8.48   0     —     —  —
   188     CS  126.691   192.6   2.39   8.24   8.83   0     —     —  —
   189     CS  126.966   160.2   2.66   8.51   9.10   1     —    r1  CHARGE, REST-R1
[12/34] RlongCfewTlarge_7            labelled   68 states in 116.3 min
  ScenarioTracker saved: /mnt/beegfs/users/celinep/ChargeAndBreak/ML/logs/RmediumCmediumTtight_1_DAGGER1_S1_H24_20260821_234417_scenarios.json

  === SIMULATION TRAJECTORY ===
  stop   type    t_arr     soc     cd     sd     sw   y   brk   rst  action
  ───────────────────────────────────────────────────────────────────────────────────────────────
     0   ORIG    8.000   500.0   0.00   0.00   0.00   0     —     —  —
     1     CS    8.266   476.5   0.27   0.27   0.27   0     —     —  —
     2     CS    8.496   450.2   0.50   0.50   0.50   0     —     —  —
     3     CS    8.726   423.9   0.73   0.73   0.73   0     —     —  —
     4     CS    9.010   390.8   1.01   1.01   1.01   0     —     —  —
     5     CS    9.320   359.8   1.32   1.32   1.32   0     —     —  —
     6     CS    9.652   330.4   1.65   1.65   1.65   0     —     —  —
     7     CS    9.946   295.8   1.95   1.95   1.95   0     —     —  —
     8     CS   10.202   265.5   2.20   2.20   2.20   0     —     —  —
     9     CS   10.461   235.5   2.46   2.46   2.46   0     —     —  —
    10     CS   10.795   210.6   2.80   2.80   2.80   0     —     —  —
    11     CS   11.022   183.2   3.02   3.02   3.02   0     —     —  —
    12     CS   11.267   157.5   3.27   3.27   3.27   0     —     —  —
    13     CS   11.497   130.3   3.50   3.50   3.50   1   b45     —  CHARGE, BRK-B45
    14     CS   12.925   419.2   0.19   3.69   3.95   0     —     —  —
    15     CS   13.130   397.7   0.40   3.90   4.15   0     —     —  —
    16     CS   13.354   377.6   0.62   4.12   4.37   0     —     —  —
    17     CS   13.616   348.7   0.88   4.38   4.64   0     —     —  —
    18     CS   13.932   323.5   1.20   4.70   4.95   0     —     —  —
    19   CUST   14.193   294.6   1.46   4.96   5.21   0     —     —  —
    20   CUST   14.869   278.5   1.64   5.14   5.89   0     —     —  —
    21     CS   15.534   260.5   1.80   5.30   6.56   0     —     —  —
    22     CS   15.819   229.1   2.09   5.58   6.84   0     —     —  —
    23   CUST   16.156   201.5   2.43   5.92   7.18   0     —     —  —
    24     CS   16.848   182.2   2.62   6.11   7.87   1   b45     —  CHARGE, BRK-B45
    25   CUST   18.351   360.8   0.42   6.53   8.62   0     —     —  —
    26     CS   19.049   337.6   0.61   6.73   9.32   0     —     —  —
    27     CS   19.286   314.5   0.85   6.96   9.56   0     —     —  —
    28     CS   19.511   290.5   1.08   7.19   9.78   0     —     —  —
    29     CS   19.729   265.9   1.29   7.41  10.00   0     —     —  —
    30     CS   19.985   238.8   1.55   7.66  10.26   0     —     —  —
    31     CS   20.255   212.9   1.82   7.93  10.53   0     —     —  —
    32     CS   20.502   185.0   2.07   8.18  10.77   1   b45     —  CHARGE, BRK-B45
    33     CS   21.787   395.7   0.25   8.44  11.31   0     —    r2  REST-R2
    34     CS   31.322   372.1   0.37   0.37   0.37   0     —     —  —
    35     CS   31.581   342.1   0.63   0.63   0.63   0     —     —  —
    36     CS   32.060   317.8   1.11   1.11   1.11   0     —     —  —
    37     CS   32.332   289.7   1.38   1.38   1.38   0     —     —  —
    38     CS   32.638   264.0   1.69   1.69   1.69   0     —     —  —
    39     CS   32.898   235.0   1.95   1.95   1.95   0     —     —  —
    40     CS   33.129   213.2   2.18   2.18   2.18   0     —     —  —
    41     CS   33.365   191.8   2.41   2.41   2.41   0     —     —  —
    42     CS   33.574   168.4   2.62   2.62   2.62   1   b45     —  CHARGE, BRK-B45
    43     CS   35.021   427.3   0.23   2.85   3.13   0     —     —  —
    44     CS   35.248   399.9   0.46   3.08   3.36   0     —     —  —
    45     CS   35.481   373.1   0.69   3.31   3.59   0     —     —  —
    46     CS   35.719   347.5   0.93   3.55   3.83   0     —     —  —
    47     CS   35.971   323.1   1.18   3.80   4.08   0     —     —  —
    48     CS   36.371   303.9   1.58   4.20   4.48   0     —     —  —
    49     CS   36.623   279.5   1.83   4.45   4.74   0     —     —  —
    50     CS   36.890   247.8   2.10   4.72   5.00   0     —     —  —
    51     CS   37.156   216.1   2.37   4.99   5.27   0     —     —  —
    52     CS   37.495   189.6   2.71   5.33   5.61   0     —     —  —
    53     CS   37.757   163.8   2.97   5.59   5.87   0     —     —  —
    54     CS   38.006   136.9   3.22   5.84   6.12   0     —     —  —
    55     CS   38.254   109.9   3.46   6.09   6.37   1   b45     —  CHARGE, BRK-B45
    56   CUST   39.759   366.3   0.36   6.44   7.03   0     —     —  —
    57     CS   40.585   333.3   0.68   6.77   7.86   0     —     —  —
    58     CS   40.843   305.4   0.94   7.02   8.12   0     —     —  —
    59     CS   41.090   276.6   1.19   7.27   8.36   0     —     —  —
    60     CS   41.301   253.3   1.40   7.48   8.57   0     —     —  —
    61     CS   41.541   232.2   1.64   7.72   8.81   0     —     —  —
    62     CS   41.759   209.5   1.86   7.94   9.03   0     —     —  —
    63     CS   42.031   179.2   2.13   8.21   9.30   0     —     —  —
    64     CS   42.326   150.7   2.42   8.51   9.60   0     —     —  —
    65     CS   42.694   126.0   2.79   8.88   9.97   1   b45     —  CHARGE, BRK-B45
    66     CS   44.080   415.4   0.20   9.08  10.38   0     —     —  —
    67     CS   44.274   392.1   0.40   9.27  10.57   0     —     —  —
    68     CS   44.470   369.0   0.59   9.47  10.77   0     —     —  —
    69     CS   44.763   340.4   0.89   9.76  11.06   0     —    r2  REST-R2
    70     CS   54.202   310.1   0.27   0.27   0.27   0     —     —  —
    71     CS   54.492   281.3   0.56   0.56   0.56   0     —     —  —
    72     CS   54.779   257.0   0.85   0.85   0.85   0     —     —  —
    73     CS   55.040   231.1   1.11   1.11   1.11   0     —     —  —
    74     CS   55.371   208.9   1.44   1.44   1.44   0     —     —  —
    75     CS   55.582   184.7   1.65   1.65   1.65   0     —     —  —
    76     CS   55.801   161.4   1.87   1.87   1.87   0     —     —  —
[13/34] RmediumCmediumTtight_1       labelled   32 states in  39.7 min
  ScenarioTracker saved: /mnt/beegfs/users/celinep/ChargeAndBreak/ML/logs/RmediumCmanyTnone_17_DAGGER1_S1_H24_20260822_002402_scenarios.json

  === SIMULATION TRAJECTORY ===
  stop   type    t_arr     soc     cd     sd     sw   y   brk   rst  action
  ───────────────────────────────────────────────────────────────────────────────────────────────
     0   ORIG    8.000   500.0   0.00   0.00   0.00   0     —     —  —
     1     CS    8.228   473.5   0.23   0.23   0.23   0     —     —  —
     2     CS    8.456   447.0   0.46   0.46   0.46   0     —     —  —
     3     CS    8.784   426.3   0.78   0.78   0.78   0     —     —  —
     4     CS    9.147   401.3   1.15   1.15   1.15   0     —     —  —
     5     CS    9.419   371.1   1.42   1.42   1.42   0     —     —  —
     6     CS    9.706   342.0   1.71   1.71   1.71   0     —     —  —
     7     CS    9.938   317.5   1.94   1.94   1.94   0     —     —  —
     8     CS   10.165   292.4   2.16   2.16   2.16   0     —     —  —
     9     CS   10.396   267.9   2.40   2.40   2.40   0     —     —  —
    10     CS   10.790   247.7   2.79   2.79   2.79   0     —     —  —
    11     CS   11.039   221.6   3.04   3.04   3.04   0     —     —  —
    12     CS   11.273   194.0   3.27   3.27   3.27   0     —     —  —
    13     CS   11.656   148.5   3.66   3.66   3.66   1   b45     —  CHARGE, BRK-B45
    14     CS   13.144   416.8   0.23   3.89   4.22   0     —     —  —
    15     CS   13.377   392.3   0.47   4.12   4.45   0     —     —  —
    16     CS   13.624   368.9   0.71   4.37   4.70   0     —     —  —
    17     CS   13.914   338.1   1.00   4.66   4.99   0     —     —  —
    18     CS   14.202   307.1   1.29   4.95   5.28   0     —     —  —
    19     CS   14.542   279.5   1.63   5.29   5.62   0     —     —  —
    20   CUST   14.816   247.2   1.91   5.56   5.89   0     —     —  —
    21     CS   15.386   243.8   1.98   5.63   6.46   0     —     —  —
    22   CUST   15.662   219.9   2.25   5.91   6.74   0     —     —  —
    23     CS   16.574   188.2   2.66   6.32   7.65   0     —     —  —
    24     CS   16.803   163.0   2.89   6.55   7.88   0     —     —  —
    25     CS   17.033   137.9   3.12   6.78   8.11   0     —     —  —
    26     CS   17.266   113.1   3.36   7.01   8.34   1   b45     —  CHARGE, BRK-B45
    27     CS   18.713   399.8   0.24   7.26   8.83   0     —     —  —
    28     CS   18.977   372.6   0.51   7.52   9.09   0     —     —  —
    29     CS   19.233   344.8   0.76   7.78   9.35   0     —     —  —
    30     CS   19.623   316.5   1.15   8.17   9.74   0     —     —  —
    31     CS   19.870   287.0   1.40   8.41   9.98   0     —     —  —
    32     CS   20.127   258.5   1.66   8.67  10.24   0     —     —  —
    33     CS   20.455   234.4   1.99   9.00  10.57   1     —    r2  CHARGE, REST-R2
    34     CS   30.272   324.2   0.22   0.22   0.22   0     —     —  —
    35     CS   30.493   299.5   0.44   0.44   0.44   0     —     —  —
    36   CUST   30.721   275.4   0.67   0.67   0.67   0     —     —  —
    37     CS   31.418   252.8   0.86   0.86   1.36   0     —     —  —
    38     CS   31.622   230.8   1.07   1.07   1.57   0     —     —  —
    39     CS   31.831   209.3   1.28   1.28   1.78   0     —     —  —
    40   CUST   32.192   167.8   1.64   1.64   2.14   0     —     —  —
    41     CS   32.766   159.2   1.71   1.71   2.71   1   b45     —  CHARGE, BRK-B45
    42     CS   34.036   375.1   0.25   1.96   3.23   0     —     —  —
    43   CUST   34.274   347.7   0.48   2.20   3.47   0     —     —  —
    44     CS   35.193   297.3   0.90   2.62   4.39   0     —     —  —
    45     CS   35.622   250.1   1.33   3.04   4.82   0     —     —  —
    46     CS   35.922   218.4   1.63   3.34   5.12   0     —     —  —
    47     CS   36.269   189.8   1.98   3.69   5.46   1   b45     —  CHARGE, BRK-B45
    48     CS   37.934   337.3   0.30   3.99   6.38   0     —     —  —
    49     CS   38.213   306.1   0.58   4.27   6.66   0     —     —  —
    50   CUST   38.510   276.3   0.88   4.57   6.96   0     —     —  —
    51   CUST   39.187   262.2   1.06   4.75   7.63   0     —    r2  REST-R2
    52     CS   49.027   222.3   0.34   0.34   0.34   1     —     —  CHARGE
    53   CUST   49.807   343.3   0.41   0.41   1.12   0     —     —  —
    54     CS   50.543   315.7   0.64   0.64   1.86   0     —     —  —
    55     CS   50.783   288.6   0.88   0.88   2.10   0     —     —  —
    56     CS   51.072   265.4   1.17   1.17   2.38   0     —     —  —
    57     CS   51.371   241.8   1.47   1.47   2.68   0     —     —  —
    58     CS   51.609   213.9   1.71   1.71   2.92   1   b45     —  CHARGE, BRK-B45
    59     CS   54.473   396.7   0.29   2.00   5.04   0     —     —  —
    60     CS   54.762   367.4   0.58   2.29   5.32   0     —     —  —
    61     CS   55.067   339.3   0.88   2.59   5.63   0     —     —  —
    62     CS   55.398   312.7   1.21   2.92   5.96   0     —     —  —
    63     CS   55.639   283.8   1.45   3.16   6.20   0     —     —  —
    64     CS   55.894   256.3   1.71   3.42   6.46   0     —     —  —
    65     CS   56.108   230.8   1.92   3.63   6.67   0     —     —  —
    66     CS   56.370   209.0   2.19   3.90   6.93   0     —     —  —
    67     CS   56.586   183.9   2.40   4.11   7.15   1     —     —  CHARGE
    68     CS   57.721   230.8   2.67   4.38   8.28   0     —     —  —
    69     CS   58.007   199.4   2.96   4.67   8.57   0     —     —  —
    70     CS   58.297   168.4   3.25   4.96   8.86   0     —     —  —
    71     CS   58.553   142.1   3.51   5.22   9.12   0     —     —  —
[14/34] RmediumCmanyTnone_17         labelled   25 states in  30.6 min
  ScenarioTracker saved: /mnt/beegfs/users/celinep/ChargeAndBreak/ML/logs/RlongCfewTmedium_4_DAGGER1_S1_H24_20260822_005437_scenarios.json

  === SIMULATION TRAJECTORY ===
  stop   type    t_arr     soc     cd     sd     sw   y   brk   rst  action
  ───────────────────────────────────────────────────────────────────────────────────────────────
     0   ORIG    8.000   500.0   0.00   0.00   0.00   0     —     —  —
     1     CS    8.234   474.1   0.23   0.23   0.23   0     —     —  —
     2     CS    8.466   448.0   0.47   0.47   0.47   0     —     —  —
     3     CS    8.716   423.4   0.72   0.72   0.72   0     —     —  —
     4     CS    9.097   400.4   1.10   1.10   1.10   0     —     —  —
     5     CS    9.357   370.9   1.36   1.36   1.36   0     —     —  —
     6     CS    9.593   344.4   1.59   1.59   1.59   0     —     —  —
     7     CS    9.821   317.1   1.82   1.82   1.82   0     —     —  —
     8     CS   10.074   292.1   2.07   2.07   2.07   0     —     —  —
     9     CS   10.339   268.5   2.34   2.34   2.34   0     —     —  —
    10     CS   10.635   246.5   2.64   2.64   2.64   0     —     —  —
    11     CS   10.918   223.9   2.92   2.92   2.92   0     —     —  —
    12     CS   11.195   201.1   3.20   3.20   3.20   1   b45     —  CHARGE, BRK-B45
    13     CS   12.783   443.8   0.30   3.49   3.88   0     —     —  —
    14     CS   13.019   416.9   0.53   3.73   4.12   0     —     —  —
    15     CS   13.264   393.0   0.78   3.97   4.36   0     —     —  —
    16     CS   13.484   367.0   1.00   4.19   4.58   0     —     —  —
    17     CS   13.720   342.4   1.23   4.43   4.82   0     —     —  —
    18     CS   13.946   316.9   1.46   4.65   5.04   0     —     —  —
    19     CS   14.168   292.3   1.68   4.88   5.27   0     —     —  —
    20     CS   14.385   267.2   1.90   5.09   5.48   0     —     —  —
    21     CS   14.613   243.1   2.13   5.32   5.71   0     —     —  —
    22     CS   14.817   221.5   2.33   5.53   5.92   0     —     —  —
    23     CS   15.014   199.3   2.53   5.72   6.11   0     —     —  —
    24     CS   15.206   176.6   2.72   5.91   6.30   0     —     —  —
    25     CS   15.461   156.3   2.97   6.17   6.56   0     —     —  —
    26     CS   15.688   134.4   3.20   6.40   6.79   0     —     —  —
    27     CS   15.894   110.6   3.41   6.60   6.99   1   b45     —  CHARGE, BRK-B45
    28     CS   17.334   394.4   0.25   6.85   7.48   0     —     —  —
    29     CS   17.589   365.1   0.51   7.11   7.74   0     —     —  —
    30     CS   17.868   337.8   0.78   7.39   8.02   0     —     —  —
    31     CS   18.119   308.1   1.04   7.64   8.27   0     —     —  —
    32     CS   18.409   282.1   1.33   7.93   8.56   0     —     —  —
    33     CS   18.664   253.4   1.58   8.18   8.81   0     —     —  —
    34     CS   18.893   226.2   1.81   8.41   9.04   0     —     —  —
    35     CS   19.156   201.8   2.07   8.68   9.31   0     —     —  —
    36     CS   19.390   175.1   2.31   8.91   9.54   0     —     —  —
    37     CS   19.637   153.7   2.55   9.16   9.79   0     —     —  —
    38     CS   19.903   133.3   2.82   9.42  10.05   0     —     —  —
    39     CS   20.270   115.8   3.19   9.79  10.42   1     —    r2  CHARGE, REST-R2
    40     CS   30.658   400.4   0.23   0.23   0.23   0     —     —  —
    41     CS   30.895   375.2   0.46   0.46   0.46   0     —     —  —
    42     CS   31.122   349.3   0.69   0.69   0.69   0     —     —  —
    43     CS   31.461   329.3   1.03   1.03   1.03   0     —     —  —
    44     CS   31.727   298.0   1.30   1.30   1.30   0     —     —  —
    45     CS   32.141   274.3   1.71   1.71   1.71   0     —     —  —
    46     CS   32.422   247.7   1.99   1.99   1.99   0     —     —  —
    47     CS   32.684   219.6   2.25   2.25   2.25   0     —     —  —
    48   CUST   32.986   194.3   2.55   2.55   2.55   0     —     —  —
    49     CS   33.796   160.0   2.86   2.86   3.36   1   b45     —  CHARGE, BRK-B45
    50     CS   35.146   452.1   0.09   2.95   3.72   0     —     —  —
    51     CS   35.465   423.2   0.41   3.27   4.04   0     —     —  —
    52     CS   35.761   392.7   0.70   3.57   4.33   0     —     —  —
    53     CS   36.046   361.2   0.99   3.85   4.62   0     —     —  —
    54     CS   36.418   334.9   1.36   4.22   4.99   0     —     —  —
    55     CS   36.703   303.5   1.65   4.51   5.28   0     —     —  —
    56     CS   37.015   274.1   1.96   4.82   5.59   0     —     —  —
    57     CS   37.317   248.8   2.26   5.12   5.89   0     —     —  —
    58     CS   37.595   222.0   2.54   5.40   6.17   0     —     —  —
    59     CS   37.900   196.8   2.84   5.71   6.47   0     —     —  —
    60     CS   38.187   171.3   3.13   5.99   6.76   0     —     —  —
    61     CS   38.446   143.6   3.39   6.25   7.02   0     —     —  —
    62     CS   38.807   121.3   3.75   6.61   7.38   1   b45     —  CHARGE, BRK-B45
    63     CS   40.333   407.4   0.25   6.87   7.94   0     —     —  —
    64     CS   40.715   385.8   0.64   7.25   8.32   0     —     —  —
    65     CS   41.006   363.6   0.93   7.54   8.61   0     —     —  —
    66     CS   41.312   342.1   1.23   7.85   8.91   0     —     —  —
    67     CS   41.557   317.1   1.48   8.09   9.16   0     —     —  —
    68     CS   41.817   292.5   1.74   8.35   9.42   0     —     —  —
    69     CS   42.052   265.9   1.97   8.59   9.65   0     —     —  —
    70     CS   42.286   239.2   2.21   8.82   9.89   0     —     —  —
    71     CS   42.530   217.7   2.45   9.06  10.13   0     —     —  —
    72     CS   42.746   194.1   2.67   9.28  10.35   0     —     —  —
    73     CS   42.961   170.4   2.88   9.50  10.56   1     —    r2  CHARGE, REST-R2
    74     CS   53.199   379.9   0.27   0.27   0.27   0     —     —  —
    75     CS   53.469   349.3   0.54   0.54   0.54   0     —     —  —
    76     CS   53.796   322.9   0.87   0.87   0.87   0     —     —  —
    77     CS   54.093   290.9   1.17   1.17   1.17   0     —     —  —
    78     CS   54.406   260.2   1.48   1.48   1.48   0     —     —  —
    79     CS   54.651   234.4   1.73   1.73   1.73   0     —     —  —
    80     CS   54.880   207.3   1.95   1.95   1.95   0     —     —  —
    81     CS   55.119   181.0   2.19   2.19   2.19   1   b45     —  CHARGE, BRK-B45
    82     CS   56.728   399.1   0.24   2.44   3.04   0     —     —  —
    83     CS   56.984   372.0   0.50   2.69   3.30   0     —     —  —
    84     CS   57.271   347.1   0.79   2.98   3.58   0     —     —  —
    85     CS   57.538   317.1   1.05   3.25   3.85   0     —     —  —
    86     CS   57.802   286.9   1.32   3.51   4.12   0     —     —  —
    87     CS   58.079   257.7   1.59   3.79   4.39   0     —     —  —
    88     CS   58.286   236.4   1.80   4.00   4.60   0     —     —  —
    89     CS   58.582   219.2   2.10   4.29   4.90   0     —     —  —
    90     CS   58.802   198.9   2.32   4.51   5.12   0     —     —  —
    91   CUST   59.338   154.0   2.85   5.05   5.65   0     —     —  —
    92     CS   59.904   147.1   2.92   5.11   6.22   1   b45     —  CHARGE, BRK-B45
    93     CS   61.389   396.1   0.24   5.36   6.87   0     —     —  —
    94     CS   61.666   372.5   0.52   5.63   7.15   0     —     —  —
    95     CS   61.920   347.4   0.77   5.89   7.40   0     —     —  —
    96     CS   62.157   320.9   1.01   6.12   7.64   0     —     —  —
    97     CS   62.572   276.1   1.42   6.54   8.05   0     —     —  —
    98     CS   62.863   247.3   1.72   6.83   8.34   0     —     —  —
    99     CS   63.130   216.5   1.98   7.10   8.61   0     —     —  —
   100     CS   63.404   186.4   2.26   7.37   8.88   0     —     —  —
   101     CS   63.660   162.2   2.51   7.63   9.14   0     —     —  —
   102     CS   63.958   140.4   2.81   7.92   9.44   0     —     —  —
   103     CS   64.210   115.9   3.06   8.18   9.69   1   b45     —  CHARGE, BRK-B45
   104     CS   65.825   391.3   0.45   8.63  10.43   0     —     —  —
   105     CS   66.112   363.7   0.74   8.92  10.71   0     —    r2  REST-R2
   106     CS   75.558   335.5   0.28   0.28   0.28   0     —     —  —
   107     CS   75.840   303.3   0.56   0.56   0.56   0     —     —  —
   108     CS   76.129   271.9   0.85   0.85   0.85   0     —     —  —
   109     CS   76.373   243.2   1.09   1.09   1.09   0     —     —  —
   110     CS   76.624   215.4   1.35   1.35   1.35   0     —     —  —
   111     CS   76.886   188.4   1.61   1.61   1.61   0     —     —  —
   112     CS   77.128   159.6   1.85   1.85   1.85   0     —     —  —
   113     CS   77.516   114.6   2.24   2.24   2.24   1   b45     —  CHARGE, BRK-B45
   114     CS   79.076   421.4   0.24   2.48   2.76   0     —     —  —
   115     CS   79.310   397.7   0.48   2.71   2.99   0     —     —  —
   116     CS   79.533   373.2   0.70   2.94   3.22   0     —     —  —
   117     CS   79.764   349.4   0.93   3.17   3.45   0     —     —  —
   118     CS   79.966   326.0   1.13   3.37   3.65   0     —     —  —
   119     CS   80.194   304.8   1.36   3.60   3.88   0     —     —  —
   120     CS   80.397   281.5   1.56   3.80   4.08   0     —     —  —
   121     CS   80.647   255.9   1.81   4.05   4.33   0     —     —  —
   122     CS   80.883   229.0   2.05   4.29   4.57   0     —     —  —
   123     CS   81.183   202.1   2.35   4.59   4.87   0     —     —  —
   124     CS   81.441   171.8   2.61   4.85   5.13   0     —     —  —
   125     CS   81.697   141.3   2.86   5.10   5.38   0     —     —  —
   126     CS   81.992   114.1   3.16   5.40   5.68   1   b45     —  CHARGE, BRK-B45
   127     CS   83.423   363.0   0.33   5.73   6.28   0     —     —  —
   128     CS   83.692   334.9   0.60   6.00   6.55   0     —     —  —
   129     CS   83.954   306.2   0.86   6.26   6.82   0     —     —  —
   130     CS   84.226   278.4   1.13   6.53   7.09   0     —     —  —
   131     CS   84.504   251.0   1.41   6.81   7.37   0     —     —  —
   132     CS   84.772   222.3   1.68   7.08   7.63   0     —     —  —
   133     CS   85.039   193.5   1.95   7.34   7.90   0     —     —  —
   134     CS   85.307   162.4   2.22   7.61   8.17   0     —     —  —
   135     CS   85.638   135.8   2.55   7.94   8.50   1   b45     —  CHARGE, BRK-B45
   136     CS   86.981   387.8   0.29   8.23   9.01   0     —     —  —
   137     CS   87.274   359.9   0.58   8.53   9.30   0     —    r1  REST-R1
   138     CS   98.701   329.3   0.26   0.26   0.26   0     —     —  —
   139     CS   98.935   304.5   0.49   0.49   0.49   0     —     —  —
   140     CS   99.174   280.3   0.73   0.73   0.73   0     —     —  —
   141     CS   99.506   260.4   1.07   1.07   1.07   0     —     —  —
   142     CS   99.755   236.7   1.31   1.31   1.31   0     —     —  —
   143     CS  100.012   209.0   1.57   1.57   1.57   0     —     —  —
   144     CS  100.303   183.7   1.86   1.86   1.86   0     —     —  —
   145     CS  100.582   157.6   2.14   2.14   2.14   1   b45     —  CHARGE, BRK-B45
   146     CS  102.230   412.2   0.41   2.56   2.87   0     —     —  —
   147     CS  102.498   385.8   0.68   2.82   3.14   0     —     —  —
   148     CS  102.751   358.0   0.93   3.08   3.39   0     —     —  —
   149     CS  103.015   331.3   1.20   3.34   3.66   0     —     —  —
   150     CS  103.257   302.5   1.44   3.58   3.90   0     —     —  —
   151     CS  103.637   261.5   1.82   3.96   4.28   0     —     —  —
   152     CS  103.867   235.2   2.05   4.19   4.51   0     —     —  —
   153     CS  104.110   210.1   2.29   4.44   4.75   0     —     —  —
   154     CS  104.348   184.5   2.53   4.67   4.99   0     —     —  —
   155     CS  104.579   158.4   2.76   4.90   5.22   1   b45     —  CHARGE, BRK-B45
   156     CS  106.475   433.6   0.28   5.18   6.14   0     —     —  —
   157     CS  106.703   407.2   0.50   5.41   6.37   0     —     —  —
   158     CS  106.931   380.6   0.73   5.64   6.60   0     —     —  —
   159     CS  107.208   352.6   1.01   5.91   6.88   0     —     —  —
   160     CS  107.483   324.5   1.28   6.19   7.15   0     —     —  —
   161     CS  107.765   296.6   1.57   6.47   7.44   0     —     —  —
   162     CS  108.024   266.7   1.82   6.73   7.69   0     —     —  —
   163     CS  108.297   238.0   2.10   7.00   7.97   0     —     —  —
   164     CS  108.529   212.4   2.33   7.23   8.20   0     —     —  —
   165     CS  108.752   186.1   2.55   7.46   8.42   0     —     —  —
   166     CS  108.975   159.7   2.78   7.68   8.65   0     —     —  —
   167     CS  109.198   133.4   3.00   7.90   8.87   1     —    r1  CHARGE, REST-R1
   168     CS  121.493   274.4   0.43   0.43   0.43   0     —     —  —
   169     CS  121.788   242.3   0.73   0.73   0.73   0     —     —  —
   170     CS  122.113   212.4   1.06   1.06   1.06   0     —     —  —
[15/34] RlongCfewTmedium_4           labelled   60 states in 107.7 min
  ScenarioTracker saved: /mnt/beegfs/users/celinep/ChargeAndBreak/ML/logs/RmediumCmanyTnone_16_DAGGER1_S1_H24_20260822_024217_scenarios.json

  === SIMULATION TRAJECTORY ===
  stop   type    t_arr     soc     cd     sd     sw   y   brk   rst  action
  ───────────────────────────────────────────────────────────────────────────────────────────────
     0   ORIG    8.000   500.0   0.00   0.00   0.00   0     —     —  —
     1     CS    8.253   475.6   0.25   0.25   0.25   0     —     —  —
     2     CS    8.482   449.3   0.48   0.48   0.48   0     —     —  —
     3     CS    8.766   426.7   0.77   0.77   0.77   0     —     —  —
     4     CS    9.044   395.4   1.04   1.04   1.04   0     —     —  —
     5     CS    9.333   365.0   1.33   1.33   1.33   0     —     —  —
     6     CS    9.567   340.7   1.57   1.57   1.57   0     —     —  —
     7     CS    9.789   315.2   1.79   1.79   1.79   0     —     —  —
     8     CS   10.035   291.8   2.04   2.04   2.04   0     —     —  —
     9     CS   10.323   269.9   2.32   2.32   2.32   0     —     —  —
    10     CS   10.576   246.0   2.58   2.58   2.58   0     —     —  —
    11     CS   10.804   220.2   2.80   2.80   2.80   0     —     —  —
    12     CS   11.032   194.4   3.03   3.03   3.03   0     —     —  —
    13     CS   11.249   169.2   3.25   3.25   3.25   0     —     —  —
    14     CS   11.575   149.9   3.58   3.58   3.58   0     —     —  —
    15     CS   11.865   129.3   3.86   3.86   3.86   1   b45     —  CHARGE, BRK-B45
    16     CS   13.310   391.1   0.27   4.13   4.43   0     —     —  —
    17     CS   13.697   367.0   0.65   4.52   4.81   0     —     —  —
    18     CS   13.982   337.9   0.94   4.80   5.10   0     —     —  —
    19     CS   14.319   314.2   1.27   5.14   5.44   0     —     —  —
    20     CS   14.571   285.2   1.53   5.39   5.69   0     —     —  —
    21     CS   14.950   262.9   1.91   5.77   6.07   0     —     —  —
    22     CS   15.390   213.3   2.35   6.21   6.51   1   b45     —  CHARGE, BRK-B45
    23     CS   16.849   430.6   0.41   6.62   7.16   0     —     —  —
    24     CS   17.125   399.1   0.68   6.89   7.43   0     —     —  —
    25   CUST   17.412   368.6   0.97   7.18   7.72   0     —     —  —
    26     CS   18.034   357.1   1.09   7.30   8.34   0     —     —  —
    27     CS   18.421   313.3   1.48   7.69   8.73   0     —     —  —
    28     CS   18.675   283.6   1.73   7.94   8.98   0     —     —  —
    29     CS   18.957   256.4   2.01   8.22   9.26   0     —     —  —
    30     CS   19.320   233.1   2.38   8.59   9.63   0     —     —  —
    31     CS   19.660   206.9   2.72   8.93   9.97   0     —     —  —
    32     CS   19.940   176.9   3.00   9.21  10.25   1     —    r2  CHARGE, REST-R2
    33     CS   30.224   397.2   0.25   0.25   0.25   0     —     —  —
    34     CS   30.460   370.9   0.48   0.48   0.48   0     —     —  —
    35     CS   30.698   344.8   0.72   0.72   0.72   0     —     —  —
    36     CS   30.927   317.8   0.95   0.95   0.95   0     —     —  —
    37     CS   31.275   292.0   1.30   1.30   1.30   0     —     —  —
    38     CS   31.676   268.1   1.70   1.70   1.70   0     —     —  —
    39     CS   31.933   242.3   1.96   1.96   1.96   0     —     —  —
    40     CS   32.184   216.2   2.21   2.21   2.21   0     —     —  —
    41     CS   32.432   189.8   2.46   2.46   2.46   0     —     —  —
    42     CS   32.699   164.8   2.72   2.72   2.72   1   b45     —  CHARGE, BRK-B45
    43     CS   34.185   383.8   0.45   3.17   3.41   0     —     —  —
    44     CS   34.468   361.8   0.73   3.45   3.69   0     —     —  —
    45     CS   34.709   337.3   0.97   3.69   3.93   0     —     —  —
    46   CUST   34.931   311.0   1.19   3.92   4.15   0     —     —  —
    47     CS   35.656   287.8   1.42   4.14   4.88   0     —     —  —
    48     CS   35.883   267.5   1.65   4.37   5.10   0     —     —  —
    49     CS   36.113   247.4   1.88   4.60   5.33   0     —     —  —
    50     CS   36.322   225.9   2.09   4.81   5.54   0     —     —  —
    51     CS   36.562   200.5   2.33   5.05   5.78   0     —     —  —
    52     CS   36.791   174.2   2.55   5.28   6.01   0     —     —  —
    53   CUST   37.014   147.2   2.78   5.50   6.24   0     —     —  —
    54     CS   38.084   119.9   3.35   6.07   7.31   1   b45     —  CHARGE, BRK-B45
    55     CS   39.772   374.0   0.45   6.52   8.10   0     —     —  —
    56     CS   40.014   344.9   0.69   6.76   8.34   0     —     —  —
    57     CS   40.281   318.0   0.96   7.03   8.61   0     —     —  —
    58     CS   40.706   297.1   1.39   7.46   9.03   0     —     —  —
    59     CS   40.944   270.7   1.62   7.69   9.27   0     —     —  —
    60     CS   41.187   244.9   1.87   7.94   9.51   0     —     —  —
    61     CS   41.434   219.3   2.11   8.18   9.76   1   b45     —  CHARGE, BRK-B45
    62     CS   42.754   370.7   0.28   8.46  10.33   0     —     —  —
    63   CUST   43.002   342.5   0.53   8.71  10.58   0     —    r2  REST-R2
    64     CS   52.794   312.9   0.29   0.29   0.29   0     —     —  —
    65     CS   53.080   282.9   0.58   0.58   0.58   0     —     —  —
    66   CUST   53.156   274.5   0.65   0.65   0.65   0     —     —  —
    67   CUST   54.033   236.6   1.03   1.03   1.53   0     —     —  —
    68     CS   54.660   226.4   1.16   1.16   2.16   1   b45     —  CHARGE, BRK-B45
    69   CUST   55.869   411.5   0.17   1.33   2.62   0     —     —  —
    70     CS   56.610   384.4   0.41   1.57   3.36   0     —     —  —
    71   CUST   56.967   363.4   0.77   1.93   3.72   0     —     —  —
    72   CUST   57.785   328.6   1.09   2.25   4.53   0     —     —  —
    73     CS   58.298   327.4   1.10   2.26   5.05   0     —     —  —
    74     CS   58.597   292.0   1.40   2.56   5.35   0     —     —  —
    75     CS   58.973   252.9   1.78   2.94   5.72   0     —     —  —
    76     CS   59.207   227.7   2.01   3.17   5.96   0     —     —  —
    77     CS   59.438   202.0   2.24   3.40   6.19   0     —     —  —
    78     CS   59.663   175.9   2.47   3.63   6.41   0     —     —  —
    79     CS   59.897   150.6   2.70   3.86   6.65   1   b45     —  CHARGE, BRK-B45
    80     CS   61.131   389.4   0.22   4.08   7.09   0     —     —  —
    81     CS   61.406   366.4   0.50   4.36   7.36   0     —     —  —
    82     CS   61.662   342.2   0.75   4.61   7.62   0     —     —  —
    83     CS   61.859   318.4   0.95   4.81   7.81   0     —     —  —
    84     CS   62.068   295.8   1.16   5.02   8.02   0     —     —  —
    85     CS   62.289   274.1   1.38   5.24   8.24   0     —     —  —
    86     CS   62.564   244.7   1.66   5.52   8.52   0     —     —  —
    87     CS   62.853   216.6   1.95   5.81   8.81   0     —     —  —
    88     CS   63.071   191.0   2.16   6.02   9.03   0     —     —  —
    89     CS   63.303   166.6   2.40   6.26   9.26   0     —     —  —
    90     CS   63.536   142.4   2.63   6.49   9.49   0     —     —  —
    91     CS   63.788   119.5   2.88   6.74   9.74   1   b45     —  CHARGE, BRK-B45
    92     CS   65.066   279.8   0.30   7.04  10.27   0     —     —  —
    93     CS   65.336   250.2   0.57   7.31  10.54   0     —     —  —
    94     CS   65.620   221.6   0.85   7.59  10.82   0     —     —  —
[16/34] RmediumCmanyTnone_16         labelled   32 states in  44.6 min
  ScenarioTracker saved: /mnt/beegfs/users/celinep/ChargeAndBreak/ML/logs/RshortCmediumTmedium_15_DAGGER1_S1_H24_20260822_032651_scenarios.json

  === SIMULATION TRAJECTORY ===
  stop   type    t_arr     soc     cd     sd     sw   y   brk   rst  action
  ───────────────────────────────────────────────────────────────────────────────────────────────
     0   ORIG    8.000   500.0   0.00   0.00   0.00   0     —     —  —
     1     CS    8.238   474.5   0.24   0.24   0.24   0     —     —  —
     2     CS    8.486   449.7   0.49   0.49   0.49   0     —     —  —
     3     CS    8.715   423.3   0.71   0.71   0.71   0     —     —  —
     4     CS    9.011   391.3   1.01   1.01   1.01   0     —     —  —
     5     CS    9.322   360.4   1.32   1.32   1.32   0     —     —  —
     6     CS    9.564   331.7   1.56   1.56   1.56   0     —     —  —
     7     CS    9.812   303.4   1.81   1.81   1.81   0     —     —  —
     8     CS   10.051   274.4   2.05   2.05   2.05   0     —     —  —
     9     CS   10.313   247.4   2.31   2.31   2.31   1   b45     —  CHARGE, BRK-B45
    10     CS   11.638   373.2   0.33   2.64   2.89   0     —     —  —
    11   CUST   11.952   342.6   0.64   2.95   3.20   0     —     —  —
    12   CUST   12.560   334.2   0.75   3.06   3.81   0     —     —  —
    13     CS   13.320   308.2   1.01   3.32   4.57   0     —     —  —
    14     CS   13.568   281.2   1.26   3.57   4.82   0     —     —  —
    15     CS   13.829   255.3   1.52   3.83   5.08   0     —     —  —
    16   CUST   13.865   252.5   1.55   3.87   5.12   0     —     —  —
    17     CS   14.555   243.4   1.74   4.06   5.81   0     —     —  —
    18     CS   14.826   213.1   2.01   4.33   6.08   0     —     —  —
    19     CS   15.092   182.4   2.28   4.59   6.34   0     —     —  —
    20     CS   15.476   146.2   2.66   4.98   6.73   1   b45     —  CHARGE, BRK-B45
    21     CS   16.953   408.0   0.32   5.29   7.29   0     —     —  —
    22     CS   17.248   375.9   0.61   5.59   7.58   0     —     —  —
    23   CUST   17.548   344.2   0.91   5.89   7.88   0     —    r2  REST-R2
    24     CS   27.166   330.2   0.12   0.12   0.12   0     —     —  —
    25     CS   27.415   302.6   0.37   0.37   0.37   0     —     —  —
    26     CS   27.661   274.8   0.61   0.61   0.61   0     —     —  —
    27     CS   27.891   253.8   0.84   0.84   0.84   0     —     —  —
    28     CS   28.089   230.1   1.04   1.04   1.04   0     —     —  —
    29     CS   28.344   210.4   1.30   1.30   1.30   0     —     —  —
    30     CS   28.591   187.0   1.54   1.54   1.54   0     —     —  —
    31     CS   28.828   162.8   1.78   1.78   1.78   0     —     —  —
    32     CS   29.074   139.4   2.03   2.03   2.03   1   b45     —  CHARGE, BRK-B45
    33     CS   30.622   382.5   0.26   2.29   2.78   0     —     —  —
    34     CS   30.893   356.3   0.53   2.56   3.05   0     —     —  —
    35     CS   31.139   327.9   0.78   2.81   3.30   0     —     —  —
    36     CS   31.381   299.2   1.02   3.05   3.54   0     —     —  —
    37     CS   31.779   257.4   1.42   3.45   3.94   0     —     —  —
    38     CS   32.068   232.8   1.71   3.73   4.23   0     —     —  —
    39     CS   32.326   206.1   1.97   3.99   4.49   0     —     —  —
    40     CS   32.602   180.7   2.24   4.27   4.76   0     —     —  —
    41     CS   32.868   154.6   2.51   4.54   5.03   0     —     —  —
[17/34] RshortCmediumTmedium_15      labelled   11 states in  10.1 min
  ScenarioTracker saved: /mnt/beegfs/users/celinep/ChargeAndBreak/ML/logs/RmediumCfewTlarge_17_DAGGER1_S1_H24_20260822_033654_scenarios.json

  === SIMULATION TRAJECTORY ===
  stop   type    t_arr     soc     cd     sd     sw   y   brk   rst  action
  ───────────────────────────────────────────────────────────────────────────────────────────────
     0   ORIG    8.000   500.0   0.00   0.00   0.00   0     —     —  —
     1     CS    8.231   473.8   0.23   0.23   0.23   0     —     —  —
     2     CS    8.517   451.4   0.52   0.52   0.52   0     —     —  —
     3     CS    8.747   425.1   0.75   0.75   0.75   0     —     —  —
     4     CS    9.113   400.8   1.11   1.11   1.11   0     —     —  —
     5     CS    9.380   370.8   1.38   1.38   1.38   0     —     —  —
     6     CS    9.655   341.6   1.65   1.65   1.65   0     —     —  —
     7     CS   10.094   291.9   2.09   2.09   2.09   0     —     —  —
     8     CS   10.361   261.1   2.36   2.36   2.36   0     —     —  —
     9     CS   10.643   231.6   2.64   2.64   2.64   0     —     —  —
    10     CS   10.905   200.3   2.90   2.90   2.90   1   b45     —  CHARGE, BRK-B45
    11     CS   12.264   415.1   0.27   3.17   3.50   0     —     —  —
    12     CS   12.509   389.0   0.52   3.42   3.74   0     —     —  —
    13     CS   12.764   363.7   0.77   3.68   4.00   0     —     —  —
    14     CS   13.026   338.9   1.03   3.94   4.26   0     —     —  —
    15     CS   13.254   316.3   1.26   4.17   4.49   0     —     —  —
    16     CS   13.461   291.8   1.47   4.37   4.69   0     —     —  —
    17     CS   13.675   268.0   1.68   4.59   4.91   0     —     —  —
    18     CS   14.133   220.0   2.14   5.04   5.37   0     —     —  —
    19     CS   14.359   195.6   2.37   5.27   5.59   0     —     —  —
    20     CS   14.573   170.3   2.58   5.48   5.81   0     —     —  —
    21     CS   14.905   151.1   2.91   5.82   6.14   1   b45     —  CHARGE, BRK-B45
    22     CS   16.353   398.9   0.28   6.10   6.72   0     —     —  —
    23     CS   16.638   368.2   0.56   6.38   7.01   0     —     —  —
    24     CS   16.966   340.5   0.89   6.71   7.34   0     —     —  —
    25     CS   17.182   315.3   1.11   6.92   7.55   0     —     —  —
    26     CS   17.406   290.8   1.33   7.15   7.78   0     —     —  —
    27     CS   17.627   266.1   1.55   7.37   8.00   0     —     —  —
    28     CS   17.847   241.2   1.77   7.59   8.22   0     —     —  —
    29     CS   18.143   209.2   2.07   7.89   8.51   1   b45     —  CHARGE, BRK-B45
    30     CS   19.493   438.1   0.28   8.17   9.00   0     —     —  —
    31     CS   19.791   413.0   0.58   8.47   9.30   0     —     —  —
    32     CS   20.044   384.7   0.83   8.72   9.55   0     —     —  —
    33     CS   20.288   355.5   1.08   8.96   9.79   0     —     —  —
    34     CS   20.584   332.4   1.37   9.26  10.09   0     —     —  —
    35     CS   20.860   308.1   1.65   9.54  10.37   0     —     —  —
    36     CS   21.093   280.6   1.88   9.77  10.60   1     —    r2  CHARGE, REST-R2
    37     CS   31.047   380.5   0.24   0.24   0.24   0     —     —  —
    38     CS   31.278   355.0   0.47   0.47   0.47   0     —     —  —
    39     CS   31.524   330.9   0.71   0.71   0.71   0     —     —  —
    40     CS   31.920   284.3   1.11   1.11   1.11   0     —     —  —
    41     CS   32.201   261.0   1.39   1.39   1.39   0     —     —  —
    42     CS   32.431   233.9   1.62   1.62   1.62   0     —     —  —
    43     CS   32.690   209.3   1.88   1.88   1.88   1   b45     —  CHARGE, BRK-B45
    44     CS   34.022   389.3   0.26   2.14   2.46   0     —     —  —
    45     CS   34.277   360.6   0.52   2.40   2.72   0     —     —  —
    46     CS   34.530   331.7   0.77   2.65   2.97   0     —     —  —
    47   CUST   34.808   304.8   1.05   2.93   3.25   0     —     —  —
    48     CS   35.565   277.4   1.31   3.19   4.00   0     —     —  —
    49   CUST   35.852   245.7   1.59   3.47   4.29   0     —     —  —
    50     CS   36.394   241.3   1.64   3.51   4.83   0     —     —  —
    51     CS   36.695   212.2   1.94   3.82   5.13   0     —     —  —
    52     CS   37.018   184.6   2.26   4.14   5.46   0     —     —  —
    53     CS   37.343   157.1   2.59   4.46   5.78   1   b45     —  CHARGE, BRK-B45
    54     CS   38.644   391.0   0.22   4.69   6.31   0     —     —  —
    55     CS   38.863   366.9   0.44   4.91   6.53   0     —     —  —
    56     CS   39.081   342.7   0.66   5.12   6.75   0     —     —  —
    57     CS   39.332   314.8   0.91   5.37   7.00   0     —     —  —
    58     CS   39.591   287.6   1.17   5.63   7.26   0     —     —  —
    59     CS   39.791   265.7   1.37   5.83   7.46   0     —     —  —
    60     CS   39.984   243.1   1.56   6.03   7.65   0     —     —  —
    61     CS   40.186   221.4   1.76   6.23   7.86   0     —     —  —
    62     CS   40.500   197.6   2.08   6.54   8.17   0     —     —  —
    63     CS   40.775   171.6   2.35   6.82   8.44   0     —     —  —
    64     CS   41.033   144.3   2.61   7.08   8.70   0     —     —  —
    65     CS   41.278   115.9   2.86   7.32   8.95   1   b45     —  CHARGE, BRK-B45
    66   CUST   42.690   360.1   0.37   7.69   9.55   0     —    r2  REST-R2
    67     CS   52.275   350.1   0.08   0.08   0.08   0     —     —  —
    68     CS   52.520   321.7   0.33   0.33   0.33   0     —     —  —
    69     CS   52.811   296.7   0.62   0.62   0.62   0     —     —  —
    70     CS   53.055   268.1   0.86   0.86   0.86   0     —     —  —
    71     CS   53.288   241.5   1.10   1.10   1.10   0     —     —  —
    72     CS   53.554   217.5   1.36   1.36   1.36   0     —     —  —
    73     CS   53.834   194.3   1.64   1.64   1.64   0     —     —  —
    74     CS   54.106   170.7   1.92   1.92   1.92   0     —     —  —
    75     CS   54.358   142.8   2.17   2.17   2.17   0     —     —  —
    76     CS   54.642   117.4   2.45   2.45   2.45   1   b45     —  CHARGE, BRK-B45
    77     CS   55.998   404.2   0.20   2.66   2.86   0     —     —  —
    78     CS   56.201   380.9   0.41   2.86   3.07   0     —     —  —
    79     CS   56.413   358.6   0.62   3.07   3.28   0     —     —  —
    80     CS   56.821   338.2   1.03   3.48   3.69   0     —     —  —
    81     CS   57.099   313.4   1.30   3.76   3.96   0     —     —  —
    82     CS   57.347   286.5   1.55   4.00   4.21   0     —     —  —
    83     CS   57.586   257.7   1.79   4.24   4.45   0     —     —  —
    84     CS   57.827   229.3   2.03   4.48   4.69   0     —     —  —
    85     CS   58.082   202.1   2.29   4.74   4.95   0     —     —  —
    86     CS   58.410   175.4   2.62   5.07   5.28   0     —     —  —
    87     CS   58.880   152.9   3.09   5.54   5.75   1   b45     —  CHARGE, BRK-B45
    88     CS   60.119   350.1   0.24   5.78   6.23   0     —     —  —
    89     CS   60.337   325.1   0.46   6.00   6.45   0     —     —  —
    90     CS   60.599   303.3   0.72   6.26   6.71   0     —     —  —
    91     CS   60.915   277.3   1.04   6.57   7.03   0     —     —  —
    92     CS   61.218   250.6   1.34   6.88   7.33   0     —     —  —
    93     CS   61.488   221.5   1.61   7.15   7.60   0     —     —  —
    94     CS   61.761   192.7   1.88   7.42   7.88   0     —     —  —
    95     CS   62.012   165.2   2.13   7.67   8.13   0     —     —  —
    96     CS   62.265   137.8   2.39   7.92   8.38   0     —     —  —
[18/34] RmediumCfewTlarge_17         labelled   30 states in  50.9 min
  ScenarioTracker saved: /mnt/beegfs/users/celinep/ChargeAndBreak/ML/logs/RshortCfewTnone_4_DAGGER1_S1_H24_20260822_042748_scenarios.json

  === SIMULATION TRAJECTORY ===
  stop   type    t_arr     soc     cd     sd     sw   y   brk   rst  action
  ───────────────────────────────────────────────────────────────────────────────────────────────
     0   ORIG    8.000   500.0   0.00   0.00   0.00   0     —     —  —
     1     CS    8.231   473.8   0.23   0.23   0.23   0     —     —  —
     2     CS    8.486   449.5   0.49   0.49   0.49   0     —     —  —
     3     CS    8.802   428.4   0.80   0.80   0.80   0     —     —  —
     4     CS    9.035   404.7   1.04   1.04   1.04   0     —     —  —
     5     CS    9.253   379.7   1.25   1.25   1.25   0     —     —  —
     6     CS    9.481   355.6   1.48   1.48   1.48   0     —     —  —
     7     CS    9.766   323.7   1.77   1.77   1.77   0     —     —  —
     8     CS   10.052   291.9   2.05   2.05   2.05   0     —     —  —
     9     CS   10.332   263.6   2.33   2.33   2.33   0     —     —  —
    10     CS   10.633   236.7   2.63   2.63   2.63   0     —     —  —
    11     CS   10.902   207.5   2.90   2.90   2.90   0     —     —  —
    12     CS   11.166   177.9   3.17   3.17   3.17   1   b45     —  CHARGE, BRK-B45
    13     CS   12.726   346.8   0.45   3.62   3.98   0     —     —  —
    14     CS   12.931   323.8   0.66   3.82   4.18   0     —     —  —
    15     CS   13.130   300.2   0.86   4.02   4.38   0     —     —  —
    16     CS   13.370   279.7   1.10   4.26   4.62   0     —     —  —
    17     CS   13.591   258.0   1.32   4.48   4.84   0     —     —  —
    18     CS   13.793   234.6   1.52   4.69   5.04   0     —     —  —
    19     CS   13.996   211.5   1.72   4.89   5.25   0     —     —  —
    20     CS   14.276   179.5   2.00   5.17   5.53   0     —     —  —
    21     CS   14.559   147.8   2.29   5.45   5.81   0     —     —  —
    22     CS   14.837   115.6   2.56   5.73   6.09   1   b45     —  CHARGE, BRK-B45
    23     CS   16.168   349.7   0.30   6.03   6.66   0     —     —  —
    24     CS   16.463   318.3   0.60   6.33   6.96   0     —     —  —
    25     CS   16.760   287.1   0.90   6.63   7.25   0     —     —  —
    26     CS   16.999   259.2   1.14   6.87   7.49   0     —     —  —
    27     CS   17.249   232.4   1.39   7.12   7.74   0     —     —  —
    28   CUST   17.498   205.5   1.63   7.36   7.99   0     —    r2  REST-R2
    29     CS   27.105   195.1   0.11   0.11   0.11   0     —     —  —
    30     CS   27.551   142.3   0.55   0.55   0.55   1   b45     —  CHARGE, BRK-B45
    31     CS   28.884   337.2   0.23   0.78   1.14   0     —     —  —
    32     CS   29.129   312.2   0.47   1.03   1.38   0     —     —  —
    33     CS   29.357   285.8   0.70   1.25   1.61   0     —     —  —
    34     CS   29.632   260.1   0.98   1.53   1.88   0     —     —  —
    35     CS   29.888   233.1   1.23   1.79   2.14   0     —     —  —
    36     CS   30.174   208.1   1.52   2.07   2.43   0     —     —  —
    37     CS   30.433   178.1   1.78   2.33   2.68   0     —     —  —
    38     CS   30.689   147.9   2.03   2.59   2.94   0     —     —  —
    39     CS   31.065   124.5   2.41   2.96   3.32   1     —     —  CHARGE
[19/34] RshortCfewTnone_4            labelled   12 states in   9.0 min
  ScenarioTracker saved: /mnt/beegfs/users/celinep/ChargeAndBreak/ML/logs/RlongCmanyTnone_12_DAGGER1_S1_H24_20260822_043648_scenarios.json

  === SIMULATION TRAJECTORY ===
  stop   type    t_arr     soc     cd     sd     sw   y   brk   rst  action
  ───────────────────────────────────────────────────────────────────────────────────────────────
     0   ORIG    8.000   500.0   0.00   0.00   0.00   0     —     —  —
     1     CS    8.244   474.9   0.24   0.24   0.24   0     —     —  —
     2     CS    8.473   448.5   0.47   0.47   0.47   0     —     —  —
     3     CS    8.708   422.7   0.71   0.71   0.71   0     —     —  —
     4     CS    9.012   392.1   1.01   1.01   1.01   0     —     —  —
     5     CS    9.291   359.2   1.29   1.29   1.29   0     —     —  —
     6     CS    9.596   328.7   1.60   1.60   1.60   0     —     —  —
     7     CS    9.846   302.6   1.85   1.85   1.85   0     —     —  —
     8     CS   10.119   278.2   2.12   2.12   2.12   0     —     —  —
     9     CS   10.481   257.3   2.48   2.48   2.48   0     —     —  —
    10     CS   10.868   221.3   2.87   2.87   2.87   0     —     —  —
    11     CS   11.173   190.8   3.17   3.17   3.17   0     —     —  —
    12     CS   11.593   165.6   3.59   3.59   3.59   0     —     —  —
    13     CS   11.888   134.2   3.89   3.89   3.89   1   b45     —  CHARGE, BRK-B45
    14     CS   13.379   415.4   0.23   4.12   4.43   0     —     —  —
    15     CS   13.612   393.9   0.46   4.35   4.67   0     —     —  —
    16     CS   13.842   372.1   0.69   4.58   4.90   0     —     —  —
    17     CS   14.216   347.6   1.07   4.96   5.27   0     —     —  —
    18     CS   14.556   321.7   1.41   5.30   5.61   0     —     —  —
    19     CS   14.909   296.5   1.76   5.65   5.96   0     —     —  —
    20     CS   15.135   270.6   1.99   5.87   6.19   0     —     —  —
    21     CS   15.355   244.1   2.21   6.09   6.41   0     —     —  —
    22     CS   15.612   220.7   2.46   6.35   6.67   1   b45     —  CHARGE, BRK-B45
    23     CS   16.874   394.7   0.28   6.63   7.18   0     —     —  —
    24     CS   17.151   363.2   0.56   6.91   7.46   0     —     —  —
    25     CS   17.400   338.5   0.81   7.16   7.70   0     —     —  —
    26     CS   17.631   312.3   1.04   7.39   7.94   0     —     —  —
    27     CS   17.867   286.6   1.27   7.62   8.17   0     —     —  —
    28     CS   18.103   260.9   1.51   7.86   8.41   0     —     —  —
    29     CS   18.381   231.8   1.79   8.14   8.69   0     —     —  —
    30     CS   18.648   201.9   2.05   8.41   8.95   0     —     —  —
    31     CS   18.848   179.2   2.25   8.61   9.15   0     —     —  —
    32     CS   19.054   157.0   2.46   8.81   9.36   0     —     —  —
    33     CS   19.258   134.7   2.66   9.02   9.56   1   b45     —  CHARGE, BRK-B45
    34     CS   20.844   427.8   0.39   9.41  10.16   0     —     —  —
    35     CS   21.109   405.3   0.66   9.67  10.42   0     —     —  —
    36     CS   21.346   380.8   0.89   9.91  10.66   0     —    r2  REST-R2
    37     CS   30.773   357.9   0.26   0.26   0.26   0     —     —  —
    38     CS   30.987   333.3   0.47   0.47   0.47   0     —     —  —
    39     CS   31.217   310.1   0.70   0.70   0.70   0     —     —  —
    40     CS   31.508   290.2   1.00   1.00   1.00   0     —     —  —
    41     CS   31.796   258.9   1.28   1.28   1.28   0     —     —  —
    42     CS   32.070   226.4   1.56   1.56   1.56   0     —     —  —
    43     CS   32.346   194.1   1.83   1.83   1.83   1   b45     —  CHARGE, BRK-B45
    44     CS   33.805   367.5   0.41   2.24   2.54   0     —     —  —
    45   CUST   34.068   337.1   0.67   2.51   2.81   0     —     —  —
    46     CS   34.822   307.1   0.93   2.76   3.56   0     —     —  —
    47     CS   35.099   279.1   1.20   3.04   3.84   0     —     —  —
    48     CS   35.444   254.9   1.55   3.38   4.18   0     —     —  —
    49     CS   35.510   249.9   1.61   3.45   4.25   0     —     —  —
    50   CUST   35.965   210.1   2.07   3.90   4.70   0     —     —  —
    51   CUST   36.909   159.7   2.51   4.35   5.65   0     —     —  —
    52     CS   37.578   139.5   2.68   4.51   6.31   1   b45     —  CHARGE, BRK-B45
    53   CUST   39.301   369.7   0.12   4.64   7.29   0     —     —  —
    54     CS   39.913   359.7   0.23   4.75   7.90   0     —     —  —
    55     CS   40.194   330.3   0.52   5.03   8.18   0     —     —  —
    56     CS   40.474   300.9   0.80   5.31   8.46   0     —     —  —
    57     CS   40.780   272.5   1.10   5.62   8.77   0     —     —  —
    58     CS   41.101   245.1   1.42   5.94   9.09   0     —     —  —
    59     CS   41.397   216.0   1.72   6.23   9.38   0     —     —  —
    60     CS   41.634   189.8   1.96   6.47   9.62   0     —     —  —
    61     CS   41.865   163.0   2.19   6.70   9.85   0     —     —  —
    62     CS   42.105   137.0   2.43   6.94  10.09   0     —     —  —
    63     CS   42.336   110.2   2.66   7.17  10.32   1   b45     —  CHARGE, BRK-B45
    64     CS   43.720   395.1   0.21   7.38  10.79   0     —     —  —
    65     CS   44.029   377.2   0.52   7.69  11.10   0     —     —  —
    66     CS   44.273   357.0   0.76   7.93  11.34   0     —     —  —
    67     CS   44.605   318.7   1.09   8.27  11.68   0     —    r2  REST-R2
    68     CS   54.053   288.5   0.28   0.28   0.28   0     —     —  —
    69     CS   54.324   257.3   0.55   0.55   0.55   0     —     —  —
    70     CS   54.634   229.2   0.86   0.86   0.86   0     —     —  —
    71     CS   54.896   200.3   1.12   1.12   1.12   0     —     —  —
    72     CS   55.155   171.1   1.38   1.38   1.38   0     —     —  —
    73     CS   55.410   141.6   1.64   1.64   1.64   1   b45     —  CHARGE, BRK-B45
    74     CS   56.778   409.9   0.22   1.86   2.09   0     —     —  —
    75     CS   57.005   385.7   0.44   2.08   2.32   0     —     —  —
    76     CS   57.232   361.5   0.67   2.31   2.55   0     —     —  —
    77     CS   57.476   338.6   0.91   2.55   2.79   0     —     —  —
    78     CS   57.705   316.0   1.14   2.78   3.02   0     —     —  —
    79     CS   57.933   293.4   1.37   3.01   3.25   0     —     —  —
    80     CS   58.142   269.2   1.58   3.22   3.46   0     —     —  —
    81     CS   58.386   241.8   1.82   3.46   3.70   0     —     —  —
    82     CS   58.631   214.6   2.07   3.71   3.95   0     —     —  —
    83     CS   58.858   191.1   2.30   3.93   4.17   0     —     —  —
    84     CS   59.094   168.3   2.53   4.17   4.41   0     —     —  —
    85     CS   59.321   144.9   2.76   4.40   4.64   1   b45     —  CHARGE, BRK-B45
    86     CS   60.807   408.4   0.29   4.69   5.23   0     —     —  —
    87     CS   61.048   381.6   0.53   4.93   5.47   0     —     —  —
    88     CS   61.302   355.9   0.78   5.18   5.73   0     —     —  —
    89     CS   61.541   331.0   1.02   5.42   5.97   0     —     —  —
    90     CS   61.816   308.4   1.30   5.69   6.24   0     —     —  —
    91     CS   62.041   282.3   1.52   5.92   6.47   0     —     —  —
    92   CUST   62.266   256.2   1.75   6.15   6.69   0     —     —  —
    93   CUST   63.129   221.6   2.11   6.51   7.56   0     —     —  —
    94     CS   63.701   214.0   2.18   6.58   8.13   0     —     —  —
    95   CUST   63.763   206.6   2.24   6.64   8.19   0     —     —  —
    96     CS   64.334   200.1   2.32   6.71   8.76   0     —     —  —
    97     CS   64.532   177.5   2.51   6.91   8.96   0     —     —  —
    98     CS   64.758   157.2   2.74   7.14   9.18   0     —     —  —
    99   CUST   64.964   135.4   2.95   7.34   9.39   0     —     —  —
   100     CS   65.743   111.7   3.22   7.62  10.17   1   b45     —  CHARGE, BRK-B45
   101     CS   67.231   410.9   0.24   7.86  10.65   0     —     —  —
   102     CS   67.464   385.4   0.48   8.10  10.89   0     —     —  —
   103     CS   67.714   361.1   0.72   8.35  11.14   0     —     —  —
   104     CS   67.973   332.8   0.98   8.61  11.40   0     —    r2  REST-R2
   105     CS   77.388   303.4   0.25   0.25   0.25   0     —     —  —
   106     CS   77.614   277.6   0.47   0.47   0.47   0     —     —  —
   107     CS   77.840   251.7   0.70   0.70   0.70   0     —     —  —
   108     CS   78.183   231.8   1.04   1.04   1.04   0     —     —  —
   109     CS   78.486   207.0   1.35   1.35   1.35   0     —     —  —
   110     CS   78.824   183.8   1.68   1.68   1.68   0     —     —  —
   111     CS   79.135   159.5   2.00   2.00   2.00   0     —     —  —
   112     CS   79.385   130.8   2.25   2.25   2.25   1   b45     —  CHARGE, BRK-B45
   113     CS   80.845   342.2   0.42   2.66   2.96   0     —     —  —
   114     CS   81.163   315.9   0.73   2.98   3.27   0     —     —  —
   115     CS   81.434   286.2   1.00   3.25   3.54   0     —     —  —
   116     CS   81.700   256.2   1.27   3.52   3.81   1     —     —  CHARGE
   117     CS   82.823   380.9   1.47   3.72   4.93   0     —     —  —
   118     CS   83.034   357.7   1.69   3.93   5.14   0     —     —  —
   119   CUST   83.239   333.8   1.89   4.14   5.35   0     —     —  —
   120     CS   83.984   306.1   2.14   4.38   6.09   0     —     —  —
   121     CS   84.223   277.8   2.37   4.62   6.33   0     —     —  —
   122     CS   84.478   251.1   2.63   4.87   6.59   0     —     —  —
   123   CUST   84.593   241.2   2.74   4.99   6.70   0     —     —  —
   124     CS   85.099   240.5   2.75   5.00   7.21   0     —     —  —
   125     CS   85.516   192.3   3.17   5.41   7.63   1   b45     —  CHARGE, BRK-B45
   126     CS   86.772   407.4   0.22   5.64   8.12   0     —     —  —
   127     CS   86.990   381.2   0.44   5.85   8.34   0     —     —  —
   128     CS   87.218   355.9   0.67   6.08   8.57   0     —     —  —
   129     CS   87.562   336.3   1.01   6.43   8.91   0     —     —  —
   130     CS   87.823   305.7   1.27   6.69   9.17   0     —     —  —
   131     CS   88.229   282.6   1.68   7.09   9.58   0     —     —  —
   132     CS   88.500   253.0   1.95   7.36   9.85   0     —     —  —
   133     CS   88.747   225.9   2.20   7.61  10.10   0     —     —  —
   134     CS   88.987   198.2   2.44   7.85  10.34   0     —     —  —
   135     CS   89.257   172.9   2.71   8.12  10.61   0     —     —  —
   136     CS   89.648   142.9   3.10   8.51  11.00   1     —    r1  CHARGE, REST-R1
   137     CS  101.961   386.8   0.23   0.23   0.23   0     —     —  —
   138     CS  102.187   361.9   0.46   0.46   0.46   0     —     —  —
   139     CS  102.408   336.5   0.68   0.68   0.68   0     —     —  —
   140     CS  102.659   313.6   0.93   0.93   0.93   0     —     —  —
   141     CS  102.930   284.0   1.20   1.20   1.20   0     —     —  —
   142     CS  103.191   253.5   1.46   1.46   1.46   0     —     —  —
   143     CS  103.478   229.2   1.75   1.75   1.75   0     —     —  —
   144     CS  103.715   201.2   1.98   1.98   1.98   0     —     —  —
   145     CS  103.987   176.0   2.26   2.26   2.26   1   b45     —  CHARGE, BRK-B45
   146     CS  105.356   405.6   0.25   2.51   2.85   0     —     —  —
   147     CS  105.581   381.1   0.48   2.73   3.07   0     —     —  —
   148     CS  105.796   355.8   0.69   2.95   3.29   0     —     —  —
   149     CS  106.012   330.7   0.91   3.17   3.50   0     —     —  —
   150     CS  106.326   300.7   1.22   3.48   3.82   0     —     —  —
   151     CS  106.603   267.7   1.50   3.76   4.09   0     —     —  —
   152     CS  106.882   234.8   1.78   4.04   4.37   0     —     —  —
   153     CS  107.201   213.7   2.10   4.35   4.69   0     —     —  —
   154     CS  107.441   188.3   2.34   4.60   4.93   0     —     —  —
   155     CS  107.736   166.3   2.63   4.89   5.23   1   b45     —  CHARGE, BRK-B45
   156     CS  109.108   392.1   0.28   5.17   5.83   0     —     —  —
   157     CS  109.366   362.5   0.54   5.43   6.09   0     —     —  —
   158     CS  109.614   335.5   0.78   5.67   6.34   0     —     —  —
   159     CS  109.867   309.0   1.04   5.93   6.59   0     —     —  —
   160     CS  110.129   283.1   1.30   6.19   6.85   0     —     —  —
   161     CS  110.408   261.0   1.58   6.47   7.13   0     —     —  —
   162     CS  110.639   235.5   1.81   6.70   7.36   0     —     —  —
   163     CS  110.925   213.7   2.09   6.98   7.65   1     —    r1  CHARGE, REST-R1
   164     CS  123.147   416.0   0.26   0.26   0.26   0     —     —  —
   165     CS  123.397   389.2   0.51   0.51   0.51   0     —     —  —
   166     CS  123.656   363.1   0.76   0.76   0.76   0     —     —  —
   167     CS  123.913   333.4   1.02   1.02   1.02   0     —     —  —
   168     CS  124.169   303.6   1.28   1.28   1.28   0     —     —  —
   169     CS  124.465   275.9   1.57   1.57   1.57   0     —     —  —
   170     CS  124.782   249.5   1.89   1.89   1.89   0     —     —  —
   171     CS  125.042   218.8   2.15   2.15   2.15   0     —     —  —
   172     CS  125.336   186.6   2.45   2.45   2.45   0     —     —  —
   173     CS  125.628   154.1   2.74   2.74   2.74   0     —     —  —
[20/34] RlongCmanyTnone_12           labelled   59 states in  91.2 min
  ScenarioTracker saved: /mnt/beegfs/users/celinep/ChargeAndBreak/ML/logs/RlongCmanyTtight_1_DAGGER1_S1_H24_20260822_060800_scenarios.json

  === SIMULATION TRAJECTORY ===
  stop   type    t_arr     soc     cd     sd     sw   y   brk   rst  action
  ───────────────────────────────────────────────────────────────────────────────────────────────
     0   ORIG    8.000   500.0   0.00   0.00   0.00   0     —     —  —
     1     CS    8.238   474.4   0.24   0.24   0.24   0     —     —  —
     2     CS    8.463   447.7   0.46   0.46   0.46   0     —     —  —
     3     CS    8.788   426.8   0.79   0.79   0.79   0     —     —  —
     4     CS    9.044   400.6   1.04   1.04   1.04   0     —     —  —
     5     CS    9.301   374.3   1.30   1.30   1.30   0     —     —  —
     6     CS    9.540   346.5   1.54   1.54   1.54   0     —     —  —
     7     CS    9.783   319.0   1.78   1.78   1.78   0     —     —  —
     8     CS   10.041   292.8   2.04   2.04   2.04   0     —     —  —
     9     CS   10.397   267.6   2.40   2.40   2.40   0     —     —  —
    10     CS   10.670   237.4   2.67   2.67   2.67   0     —     —  —
    11     CS   10.932   206.1   2.93   2.93   2.93   1   b45     —  CHARGE, BRK-B45
    12     CS   12.337   435.1   0.26   3.19   3.49   0     —     —  —
    13     CS   12.571   410.0   0.49   3.43   3.73   0     —     —  —
    14     CS   12.870   388.7   0.79   3.73   4.03   0     —     —  —
    15     CS   13.118   365.0   1.04   3.97   4.27   0     —     —  —
    16     CS   13.351   340.2   1.27   4.21   4.51   0     —     —  —
    17     CS   13.571   314.1   1.49   4.43   4.73   0     —     —  —
    18     CS   13.791   288.1   1.71   4.65   4.95   0     —     —  —
    19     CS   14.065   260.2   1.99   4.92   5.22   0     —     —  —
    20     CS   14.341   232.6   2.27   5.20   5.50   0     —     —  —
    21     CS   14.631   205.8   2.55   5.49   5.79   0     —     —  —
    22     CS   14.864   182.1   2.79   5.72   6.02   0     —     —  —
    23     CS   15.091   157.9   3.01   5.95   6.25   0     —     —  —
    24     CS   15.316   133.6   3.24   6.17   6.47   1   b45     —  CHARGE, BRK-B45
    25     CS   16.905   411.3   0.21   6.38   7.13   0     —     —  —
    26     CS   17.110   388.3   0.41   6.59   7.33   0     —     —  —
    27     CS   17.334   366.8   0.64   6.81   7.56   0     —     —  —
    28     CS   17.648   340.3   0.95   7.12   7.87   0     —     —  —
    29     CS   17.920   310.7   1.22   7.40   8.14   0     —     —  —
    30     CS   18.189   280.9   1.49   7.66   8.41   0     —     —  —
    31     CS   18.532   250.2   1.84   8.01   8.76   0     —     —  —
    32     CS   18.800   219.4   2.10   8.28   9.02   0     —     —  —
    33     CS   19.131   193.1   2.43   8.61   9.35   0     —     —  —
    34     CS   19.447   166.1   2.75   8.92   9.67   1   b45     —  CHARGE, BRK-B45
    35     CS   20.888   415.8   0.23   9.16  10.24   0     —     —  —
    36     CS   21.131   391.3   0.48   9.40  10.48   0     —     —  —
    37     CS   21.354   364.9   0.70   9.62  10.70   0     —     —  —
    38     CS   21.598   340.4   0.94   9.86  10.95   1     —    r2  CHARGE, REST-R2
    39     CS   31.326   391.6   0.24   0.24   0.24   0     —     —  —
    40     CS   31.557   364.6   0.47   0.47   0.47   0     —     —  —
    41     CS   31.806   339.2   0.72   0.72   0.72   0     —     —  —
    42     CS   32.082   312.3   1.00   1.00   1.00   0     —     —  —
    43   CUST   32.337   283.5   1.25   1.25   1.25   0     —     —  —
    44   CUST   33.166   252.9   1.58   1.58   2.08   0     —     —  —
    45     CS   33.991   230.4   1.90   1.90   2.90   0     —     —  —
    46   CUST   34.297   200.3   2.21   2.21   3.21   0     —     —  —
    47     CS   34.868   193.7   2.28   2.28   3.78   0     —     —  —
    48   CUST   35.243   153.5   2.66   2.66   4.16   0     —     —  —
    49     CS   35.993   125.5   2.91   2.91   4.91   1   b45     —  CHARGE, BRK-B45
    50     CS   37.548   415.3   0.29   3.20   5.46   0     —     —  —
    51     CS   37.845   388.2   0.59   3.49   5.76   0     —     —  —
    52     CS   38.292   366.8   1.03   3.94   6.21   0     —     —  —
    53     CS   38.547   337.3   1.29   4.20   6.46   0     —     —  —
    54     CS   38.823   309.6   1.57   4.47   6.74   0     —     —  —
    55     CS   39.108   282.2   1.85   4.76   7.02   0     —     —  —
    56     CS   39.363   252.2   2.11   5.01   7.28   0     —     —  —
    57     CS   39.625   224.8   2.37   5.27   7.54   0     —     —  —
    58     CS   39.903   198.5   2.65   5.55   7.82   0     —     —  —
    59     CS   40.157   170.2   2.90   5.81   8.07   0     —     —  —
    60     CS   40.417   142.5   3.16   6.07   8.33   1   b45     —  CHARGE, BRK-B45
    61     CS   41.896   403.2   0.26   6.32   8.93   0     —     —  —
    62     CS   42.176   378.5   0.54   6.60   9.21   0     —     —  —
    63     CS   42.419   351.1   0.78   6.85   9.45   0     —     —  —
    64     CS   42.804   310.6   1.16   7.23   9.84   0     —     —  —
    65     CS   43.087   278.9   1.45   7.51  10.12   0     —     —  —
    66     CS   43.416   250.6   1.78   7.84  10.45   0     —     —  —
    67     CS   43.752   222.7   2.11   8.18  10.78   0     —     —  —
    68     CS   44.016   192.4   2.38   8.44  11.05   0     —     —  —
    69     CS   44.307   164.4   2.67   8.73  11.34   0     —    r2  REST-R2
    70     CS   53.811   139.0   0.34   0.34   0.34   1   b45     —  CHARGE, BRK-B45
    71     CS   55.604   405.3   0.24   0.57   1.22   0     —     —  —
    72     CS   55.841   378.5   0.47   0.81   1.46   0     —     —  —
    73     CS   56.140   350.4   0.77   1.11   1.76   0     —     —  —
    74     CS   56.529   326.3   1.16   1.50   2.15   0     —     —  —
    75     CS   56.792   295.1   1.42   1.76   2.41   0     —     —  —
    76     CS   57.048   268.0   1.68   2.02   2.67   0     —     —  —
    77     CS   57.353   244.1   1.99   2.32   2.97   0     —     —  —
    78     CS   57.609   217.0   2.24   2.58   3.23   0     —     —  —
    79   CUST   58.052   165.3   2.69   3.02   3.67   0     —     —  —
    80     CS   58.843   131.5   2.98   3.31   4.46   1   b45     —  CHARGE, BRK-B45
    81     CS   60.352   424.6   0.21   3.52   4.97   0     —     —  —
    82     CS   60.556   402.7   0.41   3.73   5.18   0     —     —  —
    83     CS   60.766   381.3   0.62   3.94   5.39   0     —     —  —
    84     CS   60.995   355.7   0.85   4.17   5.62   0     —     —  —
    85     CS   61.226   330.3   1.08   4.40   5.85   0     —     —  —
    86   CUST   61.459   305.1   1.32   4.63   6.08   0     —     —  —
    87     CS   62.058   294.0   1.42   4.73   6.68   0     —     —  —
    88     CS   62.520   242.8   1.88   5.19   7.14   0     —     —  —
    89     CS   62.818   210.9   2.18   5.49   7.44   0     —     —  —
    90     CS   63.143   181.1   2.50   5.82   7.77   0     —     —  —
    91     CS   63.534   154.5   2.89   6.21   8.16   1   b45     —  CHARGE, BRK-B45
    92     CS   65.172   403.8   0.28   6.49   8.94   0     —     —  —
    93     CS   65.462   378.4   0.57   6.78   9.23   0     —     —  —
    94     CS   65.707   349.6   0.82   7.02   9.48   0     —     —  —
    95     CS   65.943   323.0   1.05   7.26   9.71   0     —     —  —
    96     CS   66.210   298.9   1.32   7.53   9.98   0     —     —  —
    97     CS   66.469   274.3   1.58   7.79  10.24   0     —     —  —
    98     CS   66.675   249.7   1.78   7.99  10.45   0     —     —  —
    99     CS   66.883   225.3   1.99   8.20  10.66   0     —     —  —
   100     CS   67.091   200.9   2.20   8.41  10.86   0     —     —  —
   101     CS   67.339   174.0   2.45   8.66  11.11   0     —    r2  REST-R2
   102     CS   76.781   149.0   0.27   0.27   0.27   1   b45     —  CHARGE, BRK-B45
   103     CS   78.391   413.1   0.25   0.52   0.98   0     —     —  —
   104     CS   78.616   386.9   0.47   0.75   1.21   0     —     —  —
   105     CS   78.849   361.6   0.70   0.98   1.44   0     —     —  —
   106     CS   79.114   338.4   0.97   1.24   1.70   0     —     —  —
   107   CUST   79.583   289.0   1.44   1.71   2.17   0     —     —  —
   108   CUST   80.240   273.8   1.60   1.87   2.83   0     —     —  —
   109   CUST   80.798   267.2   1.65   1.93   3.39   0     —     —  —
   110     CS   81.702   223.7   2.06   2.33   4.29   0     —     —  —
   111   CUST   81.846   209.6   2.20   2.48   4.44   0     —     —  —
   112     CS   82.775   162.5   2.63   2.90   5.36   1   b45     —  CHARGE, BRK-B45
   113     CS   84.108   389.4   0.36   3.26   5.95   0     —     —  —
   114     CS   84.374   358.7   0.62   3.53   6.21   0     —     —  —
   115     CS   84.619   334.5   0.87   3.77   6.46   0     —     —  —
   116     CS   84.870   310.7   1.12   4.02   6.71   0     —     —  —
   117     CS   85.114   286.3   1.36   4.27   6.95   0     —     —  —
   118     CS   85.336   262.5   1.58   4.49   7.17   0     —     —  —
   119     CS   85.636   242.9   1.88   4.79   7.47   0     —     —  —
   120     CS   85.848   218.1   2.10   5.00   7.69   0     —     —  —
   121     CS   86.088   189.6   2.34   5.24   7.93   0     —     —  —
   122     CS   86.332   161.4   2.58   5.49   8.17   0     —     —  —
   123     CS   86.596   134.9   2.84   5.75   8.43   1   b45     —  CHARGE, BRK-B45
   124     CS   87.815   386.0   0.21   5.96   8.84   0     —     —  —
   125     CS   88.047   363.0   0.44   6.19   9.07   0     —     —  —
   126     CS   88.421   345.2   0.82   6.57   9.45   0     —     —  —
   127     CS   88.915   297.7   1.31   7.06   9.94   0     —     —  —
   128     CS   89.198   269.0   1.59   7.34  10.22   0     —     —  —
   129     CS   89.463   238.9   1.86   7.61  10.49   0     —     —  —
   130     CS   89.728   208.7   2.12   7.87  10.75   0     —     —  —
   131     CS   90.001   179.3   2.40   8.15  11.03   1     —    r1  CHARGE, REST-R1
   132     CS  102.374   402.0   0.26   0.26   0.26   0     —     —  —
   133     CS  102.646   376.1   0.53   0.53   0.53   0     —     —  —
   134     CS  102.888   347.8   0.77   0.77   0.77   0     —     —  —
   135     CS  103.090   324.4   0.98   0.98   0.98   0     —     —  —
   136     CS  103.315   303.1   1.20   1.20   1.20   0     —     —  —
   137     CS  103.536   281.3   1.42   1.42   1.42   0     —     —  —
   138     CS  103.956   232.2   1.84   1.84   1.84   0     —     —  —
   139     CS  104.195   205.5   2.08   2.08   2.08   0     —     —  —
   140     CS  104.428   178.3   2.31   2.31   2.31   0     —     —  —
   141     CS  104.660   151.0   2.55   2.55   2.55   0     —     —  —
   142     CS  104.895   124.0   2.78   2.78   2.78   1   b45     —  CHARGE, BRK-B45
   143     CS  106.145   372.3   0.23   3.02   3.24   0     —     —  —
   144     CS  106.383   345.6   0.47   3.25   3.48   0     —     —  —
   145     CS  106.684   317.5   0.77   3.55   3.78   0     —     —  —
   146     CS  106.963   287.9   1.05   3.83   4.06   0     —     —  —
   147     CS  107.239   257.9   1.33   4.11   4.34   0     —     —  —
   148     CS  107.605   235.2   1.69   4.48   4.71   0     —     —  —
   149     CS  107.912   210.2   2.00   4.78   5.01   0     —     —  —
   150     CS  108.190   183.4   2.28   5.06   5.29   0     —     —  —
   151     CS  108.429   155.5   2.52   5.30   5.53   0     —     —  —
[21/34] RlongCmanyTtight_1           labelled   53 states in 110.3 min
  ScenarioTracker saved: /mnt/beegfs/users/celinep/ChargeAndBreak/ML/logs/RshortCfewTmedium_10_DAGGER1_S1_H24_20260822_075820_scenarios.json

  === SIMULATION TRAJECTORY ===
  stop   type    t_arr     soc     cd     sd     sw   y   brk   rst  action
  ───────────────────────────────────────────────────────────────────────────────────────────────
     0   ORIG    8.000   500.0   0.00   0.00   0.00   0     —     —  —
     1     CS    8.238   474.5   0.24   0.24   0.24   0     —     —  —
     2     CS    8.469   448.3   0.47   0.47   0.47   0     —     —  —
     3     CS    8.695   421.6   0.70   0.70   0.70   0     —     —  —
     4     CS    9.063   396.6   1.06   1.06   1.06   0     —     —  —
     5     CS    9.438   371.8   1.44   1.44   1.44   0     —     —  —
     6     CS    9.696   343.4   1.70   1.70   1.70   0     —     —  —
     7     CS    9.944   314.0   1.94   1.94   1.94   0     —     —  —
     8     CS   10.217   286.8   2.22   2.22   2.22   0     —     —  —
     9     CS   10.530   259.5   2.53   2.53   2.53   0     —     —  —
    10     CS   10.917   235.4   2.92   2.92   2.92   0     —     —  —
    11     CS   11.189   205.0   3.19   3.19   3.19   0     —     —  —
    12     CS   11.669   182.0   3.67   3.67   3.67   0     —     —  —
    13     CS   11.961   151.9   3.96   3.96   3.96   1   b45     —  CHARGE, BRK-B45
    14     CS   13.247   386.4   0.28   4.24   4.44   0     —     —  —
    15     CS   13.546   355.4   0.58   4.54   4.74   0     —     —  —
    16     CS   13.830   323.0   0.86   4.82   5.02   0     —     —  —
    17     CS   14.085   294.3   1.12   5.08   5.28   0     —     —  —
    18     CS   14.344   265.9   1.38   5.34   5.54   0     —     —  —
    19     CS   14.623   239.2   1.66   5.62   5.82   0     —     —  —
    20     CS   14.899   207.6   1.93   5.89   6.09   0     —     —  —
    21     CS   15.203   178.4   2.24   6.20   6.40   1   b45     —  CHARGE, BRK-B45
    22     CS   16.519   372.2   0.33   6.53   6.96   0     —     —  —
    23     CS   16.819   341.3   0.63   6.83   7.26   0     —     —  —
    24     CS   17.114   309.9   0.93   7.13   7.56   0     —     —  —
    25     CS   17.404   279.5   1.22   7.42   7.85   0     —     —  —
    26   CUST   17.728   251.6   1.54   7.74   8.17   0     —     —  —
    27     CS   18.293   244.6   1.61   7.81   8.74   0     —     —  —
    28     CS   18.607   220.8   1.92   8.12   9.05   0     —     —  —
    29     CS   18.874   194.2   2.19   8.39   9.32   0     —     —  —
    30     CS   19.126   166.4   2.44   8.64   9.57   0     —     —  —
    31     CS   19.356   139.0   2.67   8.87   9.80   0     —     —  —
    32     CS   19.601   112.8   2.92   9.11  10.05   1   b45     —  CHARGE, BRK-B45
    33     CS   20.987   391.8   0.23   9.34  10.53   0     —     —  —
    34     CS   21.231   367.2   0.47   9.59  10.77   0     —     —  —
    35     CS   21.487   343.7   0.73   9.84  11.03   0     —    r2  REST-R2
    36     CS   30.882   317.8   0.23   0.23   0.23   0     —     —  —
    37     CS   31.119   297.8   0.46   0.46   0.46   0     —     —  —
    38     CS   31.321   275.3   0.67   0.67   0.67   0     —     —  —
    39     CS   31.541   254.2   0.89   0.89   0.89   0     —     —  —
    40     CS   32.014   205.1   1.36   1.36   1.36   0     —     —  —
    41     CS   32.250   177.8   1.60   1.60   1.60   0     —     —  —
    42     CS   32.521   153.2   1.87   1.87   1.87   0     —     —  —
    43     CS   32.766   126.8   2.11   2.11   2.11   1   b45     —  CHARGE, BRK-B45
    44     CS   34.206   407.3   0.26   2.37   2.61   0     —     —  —
    45     CS   34.452   381.6   0.50   2.61   2.86   0     —     —  —
    46     CS   34.679   354.3   0.73   2.84   3.08   0     —     —  —
    47     CS   34.927   327.2   0.98   3.09   3.33   0     —     —  —
    48     CS   35.165   299.2   1.21   3.33   3.57   0     —     —  —
    49     CS   35.423   273.1   1.47   3.58   3.83   0     —     —  —
    50     CS   35.662   245.3   1.71   3.82   4.07   0     —     —  —
    51     CS   35.940   218.5   1.99   4.10   4.34   0     —     —  —
    52     CS   36.236   192.8   2.28   4.40   4.64   0     —     —  —
    53     CS   36.493   166.5   2.54   4.65   4.90   0     —     —  —
    54     CS   36.736   139.1   2.79   4.90   5.14   0     —     —  —
[22/34] RshortCfewTmedium_10         labelled   24 states in  22.5 min
  ScenarioTracker saved: /mnt/beegfs/users/celinep/ChargeAndBreak/ML/logs/RlongCfewTmedium_10_DAGGER1_S1_H24_20260822_082048_scenarios.json

  === SIMULATION TRAJECTORY ===
  stop   type    t_arr     soc     cd     sd     sw   y   brk   rst  action
  ───────────────────────────────────────────────────────────────────────────────────────────────
     0   ORIG    8.000   500.0   0.00   0.00   0.00   0     —     —  —
     1     CS    8.243   474.9   0.24   0.24   0.24   0     —     —  —
     2     CS    8.476   448.9   0.48   0.48   0.48   0     —     —  —
     3     CS    8.703   422.2   0.70   0.70   0.70   0     —     —  —
     4     CS    8.923   395.8   0.92   0.92   0.92   0     —     —  —
     5     CS    9.175   372.1   1.17   1.17   1.17   0     —     —  —
     6     CS    9.414   347.4   1.41   1.41   1.41   0     —     —  —
     7     CS    9.673   320.5   1.67   1.67   1.67   0     —     —  —
     8     CS    9.923   293.0   1.92   1.92   1.92   0     —     —  —
     9     CS   10.187   266.5   2.19   2.19   2.19   0     —     —  —
    10     CS   10.441   236.9   2.44   2.44   2.44   0     —     —  —
    11     CS   10.702   207.9   2.70   2.70   2.70   0     —     —  —
    12     CS   10.962   178.9   2.96   2.96   2.96   1   b45     —  CHARGE, BRK-B45
    13     CS   12.383   396.8   0.29   3.25   3.63   0     —     —  —
    14     CS   12.688   374.1   0.59   3.55   3.94   0     —     —  —
    15     CS   12.933   347.6   0.84   3.80   4.18   0     —     —  —
    16     CS   13.215   320.0   1.12   4.08   4.46   0     —     —  —
    17     CS   13.665   298.4   1.57   4.53   4.91   0     —     —  —
    18     CS   13.872   274.0   1.78   4.74   5.12   0     —     —  —
    19     CS   14.124   252.9   2.03   4.99   5.37   0     —     —  —
    20     CS   14.341   229.4   2.25   5.21   5.59   0     —     —  —
    21     CS   14.609   199.5   2.51   5.48   5.86   0     —     —  —
    22     CS   14.867   168.6   2.77   5.73   6.12   0     —     —  —
    23     CS   15.170   141.4   3.07   6.04   6.42   1   b45     —  CHARGE, BRK-B45
    24     CS   16.580   402.5   0.31   6.35   6.93   0     —     —  —
    25     CS   16.879   372.2   0.61   6.65   7.23   0     —     —  —
    26     CS   17.162   340.5   0.90   6.93   7.51   0     —     —  —
    27     CS   17.602   290.8   1.33   7.37   7.95   0     —     —  —
    28     CS   17.888   257.9   1.62   7.66   8.24   0     —     —  —
    29     CS   18.220   228.4   1.95   7.99   8.57   0     —     —  —
    30     CS   18.507   195.6   2.24   8.28   8.86   0     —     —  —
    31     CS   18.751   170.5   2.48   8.52   9.10   0     —     —  —
    32     CS   19.009   146.5   2.74   8.78   9.36   0     —     —  —
    33     CS   19.258   121.8   2.99   9.03   9.61   1   b45     —  CHARGE, BRK-B45
    34     CS   20.530   372.4   0.20   9.23  10.10   0     —     —  —
    35     CS   20.749   350.6   0.42   9.45  10.32   0     —    r2  REST-R2
    36     CS   30.130   328.3   0.21   0.21   0.21   0     —     —  —
    37     CS   30.418   296.7   0.50   0.50   0.50   0     —     —  —
    38     CS   30.718   266.1   0.80   0.80   0.80   0     —     —  —
    39     CS   30.993   245.0   1.08   1.08   1.08   0     —     —  —
    40     CS   31.212   220.0   1.30   1.30   1.30   0     —     —  —
    41     CS   31.428   194.8   1.51   1.51   1.51   1   b45     —  CHARGE, BRK-B45
    42     CS   32.702   413.4   0.22   1.73   2.01   0     —     —  —
    43     CS   32.960   392.1   0.48   1.99   2.27   0     —     —  —
    44     CS   33.286   373.3   0.80   2.31   2.60   0     —     —  —
    45     CS   33.529   348.7   1.04   2.56   2.84   0     —     —  —
    46     CS   33.751   322.3   1.27   2.78   3.06   0     —     —  —
    47     CS   33.973   295.8   1.49   3.00   3.28   0     —     —  —
    48     CS   34.318   275.8   1.83   3.35   3.63   0     —     —  —
    49     CS   34.529   251.8   2.05   3.56   3.84   0     —     —  —
    50     CS   34.756   229.1   2.27   3.78   4.07   0     —     —  —
    51   CUST   34.981   206.3   2.50   4.01   4.29   0     —     —  —
    52     CS   35.794   176.6   2.81   4.32   5.10   0     —     —  —
    53     CS   36.099   146.4   3.12   4.63   5.41   0     —     —  —
    54     CS   36.509   121.2   3.52   5.04   5.82   0     —     —  —
    55     CS   36.627   109.4   3.64   5.15   5.94   1   b45     —  CHARGE, BRK-B45
    56     CS   38.151   368.8   0.35   5.51   6.61   0     —     —  —
    57     CS   38.420   340.1   0.62   5.78   6.87   0     —     —  —
    58     CS   38.697   312.1   0.90   6.05   7.15   0     —     —  —
    59     CS   38.970   283.8   1.17   6.33   7.42   0     —     —  —
    60     CS   39.224   253.8   1.43   6.58   7.68   0     —     —  —
    61     CS   39.474   227.0   1.68   6.83   7.93   0     —     —  —
    62     CS   39.747   201.9   1.95   7.10   8.20   0     —     —  —
    63     CS   40.005   176.8   2.21   7.36   8.46   0     —     —  —
    64     CS   40.251   150.8   2.45   7.61   8.70   1   b45     —  CHARGE, BRK-B45
    65     CS   41.730   382.7   0.27   7.87   9.40   0     —     —  —
    66     CS   41.999   352.1   0.54   8.14   9.67   0     —     —  —
    67     CS   42.385   328.0   0.92   8.53  10.06   0     —     —  —
    68     CS   42.618   305.7   1.16   8.76  10.29   0     —     —  —
    69     CS   42.841   282.7   1.38   8.99  10.52   0     —     —  —
    70     CS   43.071   260.2   1.61   9.22  10.74   0     —     —  —
    71     CS   43.414   234.5   1.95   9.56  11.09   0     —     —  —
    72     CS   43.680   203.6   2.22   9.83  11.35   0     —    r2  REST-R2
    73     CS   53.126   173.9   0.28   0.28   0.28   1   b45     —  CHARGE, BRK-B45
    74     CS   54.377   401.2   0.28   0.56   0.78   0     —     —  —
    75     CS   54.578   377.7   0.48   0.76   0.98   0     —     —  —
    76     CS   54.780   354.4   0.68   0.96   1.18   0     —     —  —
    77     CS   55.003   329.3   0.91   1.18   1.41   0     —     —  —
    78     CS   55.294   308.4   1.20   1.48   1.70   0     —     —  —
    79     CS   55.556   286.1   1.46   1.74   1.96   0     —     —  —
    80     CS   55.801   262.8   1.70   1.98   2.20   0     —     —  —
    81     CS   56.031   237.3   1.93   2.21   2.43   0     —     —  —
    82     CS   56.292   214.2   2.19   2.47   2.70   0     —     —  —
    83     CS   56.519   188.3   2.42   2.70   2.92   1   b45     —  CHARGE, BRK-B45
    84     CS   58.030   443.6   0.25   2.95   3.48   0     —     —  —
    85     CS   58.275   417.9   0.49   3.19   3.73   0     —     —  —
    86     CS   58.529   392.8   0.75   3.45   3.98   0     —     —  —
    87     CS   58.739   367.8   0.96   3.66   4.19   0     —     —  —
    88     CS   58.953   343.3   1.17   3.87   4.41   0     —     —  —
    89     CS   59.168   318.8   1.39   4.09   4.62   0     —     —  —
    90     CS   59.456   287.2   1.68   4.38   4.91   0     —     —  —
    91     CS   59.748   255.9   1.97   4.67   5.20   0     —     —  —
    92     CS   60.028   225.5   2.25   4.95   5.48   0     —     —  —
    93     CS   60.327   196.6   2.55   5.25   5.78   0     —     —  —
    94   CUST   60.608   166.4   2.83   5.53   6.06   0     —     —  —
    95     CS   61.408   140.5   3.13   5.83   6.86   0     —     —  —
    96     CS   61.659   110.7   3.38   6.08   7.11   1   b45     —  CHARGE, BRK-B45
    97     CS   62.954   437.7   0.02   6.10   7.38   0     —     —  —
    98     CS   63.217   410.4   0.28   6.36   7.65   0     —     —  —
    99     CS   63.466   382.0   0.53   6.61   7.90   0     —     —  —
   100     CS   63.716   353.6   0.78   6.86   8.15   0     —     —  —
   101     CS   64.017   324.1   1.08   7.16   8.45   0     —     —  —
   102     CS   64.314   294.4   1.38   7.46   8.74   0     —     —  —
   103     CS   64.556   268.4   1.62   7.70   8.99   0     —     —  —
   104     CS   64.794   242.1   1.86   7.94   9.22   0     —     —  —
   105     CS   65.044   216.8   2.11   8.19   9.47   1   b45     —  CHARGE, BRK-B45
   106     CS   66.295   401.2   0.26   8.45   9.97   0     —     —  —
   107     CS   66.619   378.6   0.58   8.77  10.30   0     —    r1  REST-R1
   108     CS   78.167   357.8   0.38   0.38   0.38   0     —     —  —
   109     CS   78.437   332.5   0.65   0.65   0.65   0     —     —  —
   110     CS   78.680   310.2   0.89   0.89   0.89   0     —     —  —
   111     CS   78.987   290.8   1.20   1.20   1.20   0     —     —  —
   112     CS   79.200   266.1   1.41   1.41   1.41   0     —     —  —
   113     CS   79.518   238.8   1.73   1.73   1.73   0     —     —  —
   114     CS   79.786   207.7   2.00   2.00   2.00   0     —     —  —
   115     CS   80.050   188.4   2.26   2.26   2.26   0     —     —  —
   116     CS   80.256   165.4   2.47   2.47   2.47   0     —     —  —
   117     CS   80.468   143.0   2.68   2.68   2.68   1   b45     —  CHARGE, BRK-B45
   118     CS   81.813   397.1   0.26   2.94   3.17   0     —     —  —
   119     CS   82.069   368.5   0.52   3.20   3.42   0     —     —  —
   120     CS   82.325   339.9   0.77   3.45   3.68   0     —     —  —
   121     CS   82.553   315.0   1.00   3.68   3.91   0     —     —  —
   122     CS   82.940   296.5   1.39   4.07   4.29   0     —     —  —
   123     CS   83.217   274.8   1.66   4.35   4.57   0     —     —  —
   124     CS   83.442   248.1   1.89   4.57   4.79   0     —     —  —
   125     CS   83.768   227.2   2.21   4.90   5.12   0     —     —  —
   126     CS   83.997   200.8   2.44   5.12   5.35   0     —     —  —
   127     CS   84.264   177.4   2.71   5.39   5.62   0     —     —  —
   128     CS   84.696   129.4   3.14   5.82   6.05   1   b45     —  CHARGE, BRK-B45
   129     CS   86.220   390.7   0.42   6.24   6.74   0     —     —  —
   130     CS   86.516   366.3   0.71   6.54   7.04   0     —     —  —
   131   CUST   86.767   338.8   0.96   6.79   7.29   0     —     —  —
   132     CS   87.339   334.0   1.04   6.86   7.86   0     —     —  —
   133     CS   87.589   309.8   1.29   7.11   8.11   0     —     —  —
   134     CS   87.833   285.1   1.53   7.35   8.36   0     —     —  —
   135     CS   88.059   258.9   1.76   7.58   8.58   0     —     —  —
   136     CS   88.273   233.4   1.97   7.79   8.80   0     —     —  —
   137     CS   88.541   212.0   2.24   8.06   9.06   0     —     —  —
   138     CS   88.762   187.2   2.46   8.28   9.29   0     —     —  —
   139     CS   89.001   164.0   2.70   8.52   9.52   1   b45     —  CHARGE, BRK-B45
   140     CS   90.284   392.9   0.26   8.78  10.02   0     —    r1  REST-R1
   141     CS  101.735   365.5   0.28   0.28   0.28   0     —     —  —
   142     CS  101.967   340.0   0.52   0.52   0.52   0     —     —  —
   143     CS  102.207   315.2   0.76   0.76   0.76   0     —     —  —
   144     CS  102.437   289.5   0.99   0.99   0.99   0     —     —  —
   145     CS  102.728   267.7   1.28   1.28   1.28   0     —     —  —
   146     CS  103.032   236.3   1.58   1.58   1.58   0     —     —  —
   147     CS  103.373   207.4   1.92   1.92   1.92   0     —     —  —
   148     CS  103.669   177.7   2.22   2.22   2.22   0     —     —  —
   149     CS  103.947   146.3   2.50   2.50   2.50   0     —     —  —
   150     CS  104.241   116.3   2.79   2.79   2.79   1   b45     —  CHARGE, BRK-B45
   151     CS  105.815   427.4   0.21   3.00   3.30   0     —     —  —
   152     CS  106.028   404.3   0.42   3.21   3.51   0     —     —  —
   153     CS  106.285   384.1   0.68   3.47   3.77   0     —     —  —
   154     CS  106.565   350.6   0.96   3.75   4.05   0     —     —  —
   155     CS  106.854   317.8   1.25   4.04   4.34   0     —     —  —
   156     CS  107.138   284.6   1.53   4.32   4.62   0     —     —  —
   157     CS  107.497   256.7   1.89   4.68   4.98   0     —     —  —
   158     CS  107.726   233.4   2.12   4.91   5.21   0     —     —  —
   159     CS  108.059   214.7   2.45   5.24   5.54   0     —     —  —
   160     CS  108.279   190.7   2.67   5.46   5.76   1   b45     —  CHARGE, BRK-B45
   161     CS  109.526   382.1   0.29   5.75   6.26   0     —     —  —
   162     CS  109.798   350.1   0.56   6.03   6.53   0     —     —  —
   163     CS  110.084   319.5   0.85   6.31   6.82   0     —     —  —
   164     CS  110.358   287.8   1.12   6.59   7.09   0     —     —  —
   165     CS  110.774   238.2   1.54   7.00   7.51   0     —     —  —
   166     CS  111.012   212.1   1.78   7.24   7.75   0     —     —  —
   167     CS  111.251   186.0   2.02   7.48   7.99   0     —     —  —
   168     CS  111.486   159.6   2.25   7.71   8.22   0     —     —  —
   169     CS  111.719   133.0   2.49   7.95   8.45   1     —    r2  CHARGE, REST-R2
   170     CS  121.701   243.0   0.31   0.31   0.31   0     —     —  —
   171     CS  121.974   213.0   0.58   0.58   0.58   0     —     —  —
   172     CS  122.251   183.3   0.86   0.86   0.86   0     —     —  —
   173     CS  122.522   153.1   1.13   1.13   1.13   0     —     —  —
   174     CS  122.837   126.0   1.44   1.44   1.44   1     —     —  CHARGE
[23/34] RlongCfewTmedium_10          labelled   68 states in 160.8 min
  ScenarioTracker saved: /mnt/beegfs/users/celinep/ChargeAndBreak/ML/logs/RmediumCfewTnone_3_DAGGER1_S1_H24_20260822_110138_scenarios.json

  === SIMULATION TRAJECTORY ===
  stop   type    t_arr     soc     cd     sd     sw   y   brk   rst  action
  ───────────────────────────────────────────────────────────────────────────────────────────────
     0   ORIG    8.000   500.0   0.00   0.00   0.00   0     —     —  —
     1     CS    8.254   475.7   0.25   0.25   0.25   0     —     —  —
     2     CS    8.523   452.4   0.52   0.52   0.52   0     —     —  —
     3     CS    8.759   426.6   0.76   0.76   0.76   0     —     —  —
     4     CS    8.999   397.7   1.00   1.00   1.00   0     —     —  —
     5     CS    9.311   373.8   1.31   1.31   1.31   0     —     —  —
     6     CS    9.555   347.6   1.56   1.56   1.56   0     —     —  —
     7     CS    9.843   324.4   1.84   1.84   1.84   0     —     —  —
     8     CS   10.086   298.1   2.09   2.09   2.09   0     —     —  —
     9     CS   10.341   272.8   2.34   2.34   2.34   0     —     —  —
    10     CS   10.570   249.5   2.57   2.57   2.57   0     —     —  —
    11     CS   10.807   226.8   2.81   2.81   2.81   0     —     —  —
    12     CS   11.019   202.0   3.02   3.02   3.02   1   b45     —  CHARGE, BRK-B45
    13     CS   12.303   431.0   0.23   3.24   3.45   0     —     —  —
    14     CS   12.696   412.2   0.62   3.64   3.85   0     —     —  —
    15     CS   12.932   387.2   0.85   3.87   4.08   0     —     —  —
    16     CS   13.256   360.2   1.18   4.20   4.41   0     —     —  —
    17     CS   13.556   331.8   1.48   4.50   4.71   0     —     —  —
    18     CS   13.847   300.0   1.77   4.79   5.00   0     —     —  —
    19     CS   14.183   271.5   2.11   5.13   5.33   0     —     —  —
    20     CS   14.470   239.4   2.39   5.41   5.62   0     —     —  —
    21     CS   14.780   215.1   2.70   5.72   5.93   0     —     —  —
    22     CS   15.045   188.0   2.97   5.99   6.20   0     —     —  —
    23     CS   15.293   159.5   3.22   6.24   6.44   1   b45     —  CHARGE, BRK-B45
    24     CS   16.836   387.7   0.43   6.67   7.12   0     —     —  —
    25     CS   17.094   359.9   0.69   6.93   7.38   0     —     —  —
    26     CS   17.351   332.0   0.95   7.18   7.63   0     —     —  —
    27     CS   17.604   303.6   1.20   7.44   7.89   0     —     —  —
    28     CS   17.857   275.3   1.45   7.69   8.14   0     —     —  —
    29     CS   18.116   248.1   1.71   7.95   8.40   0     —     —  —
    30     CS   18.368   220.4   1.96   8.20   8.65   0     —     —  —
    31     CS   18.708   204.1   2.30   8.54   8.99   0     —     —  —
    32     CS   19.043   187.7   2.64   8.87   9.33   0     —     —  —
    33     CS   19.282   168.4   2.88   9.11   9.57   1     —    r2  CHARGE, REST-R2
    34     CS   29.511   378.5   0.27   0.27   0.27   0     —     —  —
    35     CS   29.776   350.7   0.53   0.53   0.53   0     —     —  —
    36     CS   30.040   322.8   0.80   0.80   0.80   0     —     —  —
    37     CS   30.300   292.9   1.06   1.06   1.06   0     —     —  —
    38     CS   30.671   269.4   1.43   1.43   1.43   0     —     —  —
    39     CS   30.959   241.8   1.72   1.72   1.72   0     —     —  —
    40     CS   31.227   210.7   1.98   1.98   1.98   0     —     —  —
    41     CS   31.491   179.2   2.25   2.25   2.25   1   b45     —  CHARGE, BRK-B45
    42     CS   32.788   412.9   0.22   2.47   2.73   0     —     —  —
    43     CS   33.023   390.2   0.46   2.71   2.97   0     —     —  —
    44     CS   33.233   365.1   0.67   2.91   3.17   0     —     —  —
    45     CS   33.493   335.3   0.93   3.17   3.43   0     —     —  —
    46     CS   33.750   305.2   1.18   3.43   3.69   0     —     —  —
    47     CS   34.007   275.0   1.44   3.69   3.95   0     —     —  —
    48     CS   34.270   246.2   1.70   3.95   4.21   0     —     —  —
    49     CS   34.550   218.8   1.98   4.23   4.49   0     —     —  —
    50     CS   34.806   189.4   2.24   4.49   4.75   0     —     —  —
    51     CS   35.084   158.1   2.52   4.77   5.03   0     —     —  —
    52     CS   35.357   126.3   2.79   5.04   5.30   1   b45     —  CHARGE, BRK-B45
    53     CS   36.957   401.1   0.28   5.32   5.95   0     —     —  —
    54     CS   37.240   368.6   0.56   5.60   6.23   0     —     —  —
    55     CS   37.522   336.1   0.85   5.89   6.51   0     —     —  —
    56     CS   37.813   303.5   1.14   6.18   6.80   0     —     —  —
    57     CS   38.100   270.7   1.42   6.46   7.09   0     —     —  —
    58     CS   38.414   240.0   1.74   6.78   7.41   0     —     —  —
    59     CS   38.784   219.6   2.11   7.15   7.77   0     —     —  —
    60   CUST   39.064   195.9   2.39   7.43   8.05   0     —    r2  REST-R2
    61     CS   48.616   190.0   0.05   0.05   0.05   0     —     —  —
    62     CS   48.890   162.6   0.33   0.33   0.33   0     —     —  —
    63     CS   49.150   134.0   0.59   0.59   0.59   0     —     —  —
    64     CS   49.417   105.9   0.85   0.85   0.85   1   b45     —  CHARGE, BRK-B45
    65     CS   50.772   378.0   0.27   1.12   1.32   0     —     —  —
    66     CS   51.054   348.2   0.55   1.40   1.60   0     —     —  —
    67     CS   51.266   327.3   0.76   1.61   1.82   0     —     —  —
    68     CS   51.513   308.4   1.01   1.86   2.06   0     —     —  —
    69     CS   51.734   288.1   1.23   2.08   2.28   0     —     —  —
    70     CS   51.979   263.7   1.47   2.32   2.53   0     —     —  —
    71     CS   52.215   238.5   1.71   2.56   2.76   0     —     —  —
    72     CS   52.467   214.6   1.96   2.81   3.02   0     —     —  —
    73     CS   52.696   188.8   2.19   3.04   3.24   1   b45     —  CHARGE, BRK-B45
    74     CS   54.185   394.7   0.28   3.32   3.98   0     —     —  —
    75     CS   54.458   363.7   0.55   3.59   4.26   0     —     —  —
    76     CS   54.734   333.0   0.83   3.87   4.53   0     —     —  —
    77     CS   54.989   303.0   1.08   4.13   4.79   0     —     —  —
    78     CS   55.266   275.0   1.36   4.40   5.07   0     —     —  —
    79     CS   55.546   242.7   1.64   4.68   5.35   0     —     —  —
    80     CS   55.845   211.9   1.94   4.98   5.64   0     —     —  —
    81     CS   56.107   190.8   2.20   5.24   5.91   0     —     —  —
    82     CS   56.319   166.0   2.41   5.46   6.12   0     —     —  —
    83     CS   56.575   144.5   2.67   5.71   6.37   1   b45     —  CHARGE, BRK-B45
    84     CS   58.053   399.8   0.32   6.03   6.98   0     —     —  —
    85     CS   58.395   373.5   0.66   6.37   7.33   0     —     —  —
    86     CS   58.681   343.5   0.94   6.66   7.61   0     —     —  —
    87     CS   58.939   313.5   1.20   6.91   7.87   0     —     —  —
    88     CS   59.340   290.8   1.60   7.32   8.27   0     —     —  —
    89     CS   59.706   267.0   1.97   7.68   8.64   0     —    r2  REST-R2
    90     CS   69.118   238.2   0.25   0.25   0.25   0     —     —  —
    91     CS   69.367   209.8   0.50   0.50   0.50   0     —     —  —
    92     CS   69.617   181.3   0.74   0.74   0.74   0     —     —  —
    93     CS   69.930   159.2   1.06   1.06   1.06   0     —     —  —
    94     CS   70.175   133.1   1.30   1.30   1.30   1   b45     —  CHARGE, BRK-B45
    95     CS   71.566   313.8   0.37   1.67   1.94   0     —     —  —
    96     CS   71.799   287.2   0.60   1.91   2.18   0     —     —  —
    97     CS   72.034   260.8   0.84   2.14   2.41   0     —     —  —
    98     CS   72.270   234.5   1.08   2.38   2.65   0     —     —  —
    99     CS   72.546   201.7   1.35   2.65   2.92   0     —     —  —
   100     CS   72.849   171.3   1.65   2.96   3.23   1     —     —  CHARGE
   101     CS   73.839   264.4   1.87   3.17   4.22   0     —     —  —
   102     CS   74.041   240.2   2.07   3.37   4.42   0     —     —  —
[24/34] RmediumCfewTnone_3           labelled   34 states in  52.3 min
  ScenarioTracker saved: /mnt/beegfs/users/celinep/ChargeAndBreak/ML/logs/RmediumCfewTnone_11_DAGGER1_S1_H24_20260822_115356_scenarios.json

  === SIMULATION TRAJECTORY ===
  stop   type    t_arr     soc     cd     sd     sw   y   brk   rst  action
  ───────────────────────────────────────────────────────────────────────────────────────────────
     0   ORIG    8.000   500.0   0.00   0.00   0.00   0     —     —  —
     1     CS    8.238   474.4   0.24   0.24   0.24   0     —     —  —
     2     CS    8.473   448.6   0.47   0.47   0.47   0     —     —  —
     3     CS    8.737   425.0   0.74   0.74   0.74   0     —     —  —
     4     CS    8.992   402.8   0.99   0.99   0.99   0     —     —  —
     5     CS    9.244   380.4   1.24   1.24   1.24   0     —     —  —
     6     CS    9.463   355.5   1.46   1.46   1.46   0     —     —  —
     7     CS    9.721   333.5   1.72   1.72   1.72   0     —     —  —
     8     CS    9.937   310.6   1.94   1.94   1.94   0     —     —  —
     9     CS   10.185   290.0   2.19   2.19   2.19   0     —     —  —
    10     CS   10.397   266.7   2.40   2.40   2.40   0     —     —  —
    11     CS   10.593   243.6   2.59   2.59   2.59   0     —     —  —
    12     CS   10.801   221.6   2.80   2.80   2.80   0     —     —  —
    13     CS   11.001   199.0   3.00   3.00   3.00   0     —     —  —
    14     CS   11.281   167.8   3.28   3.28   3.28   0     —     —  —
    15     CS   11.563   136.8   3.56   3.56   3.56   1   b45     —  CHARGE, BRK-B45
    16     CS   12.959   393.9   0.28   3.84   4.12   0     —     —  —
    17     CS   13.197   368.3   0.52   4.08   4.36   0     —     —  —
    18     CS   13.450   343.9   0.77   4.33   4.61   0     —     —  —
    19     CS   13.683   317.9   1.00   4.56   4.85   0     —     —  —
    20     CS   13.945   289.1   1.26   4.83   5.11   0     —     —  —
    21     CS   14.203   259.8   1.52   5.08   5.37   0     —     —  —
    22     CS   14.485   232.6   1.80   5.37   5.65   0     —     —  —
    23     CS   14.860   191.2   2.18   5.74   6.02   1   b45     —  CHARGE, BRK-B45
    24     CS   16.125   403.6   0.23   5.97   6.54   0     —     —  —
    25     CS   16.351   378.1   0.45   6.19   6.77   0     —     —  —
    26     CS   16.741   359.4   0.84   6.58   7.16   0     —     —  —
    27     CS   16.964   333.6   1.07   6.81   7.38   0     —     —  —
    28     CS   17.207   307.0   1.31   7.05   7.62   0     —     —  —
    29     CS   17.443   279.7   1.54   7.29   7.86   0     —     —  —
    30     CS   17.797   258.6   1.90   7.64   8.21   0     —     —  —
    31     CS   18.089   227.4   2.19   7.93   8.50   0     —     —  —
    32     CS   18.434   199.6   2.54   8.28   8.85   0     —     —  —
    33     CS   18.696   175.9   2.80   8.54   9.11   0     —     —  —
    34     CS   18.928   149.8   3.03   8.77   9.34   0     —     —  —
    35     CS   19.152   123.0   3.25   9.00   9.57   1   b45     —  CHARGE, BRK-B45
    36     CS   20.364   352.7   0.22   9.21  10.03   0     —     —  —
    37     CS   20.583   327.0   0.44   9.43  10.25   0     —     —  —
    38     CS   20.826   303.3   0.68   9.68  10.49   0     —     —  —
    39     CS   21.062   277.0   0.92   9.91  10.73   0     —    r2  REST-R2
    40     CS   30.465   250.7   0.24   0.24   0.24   0     —     —  —
    41     CS   30.698   224.1   0.47   0.47   0.47   0     —     —  —
    42     CS   30.944   198.7   0.72   0.72   0.72   0     —     —  —
    43     CS   31.134   175.8   0.91   0.91   0.91   0     —     —  —
    44     CS   31.331   153.6   1.10   1.10   1.10   0     —     —  —
    45     CS   31.528   131.3   1.30   1.30   1.30   1   b45     —  CHARGE, BRK-B45
    46     CS   32.919   389.7   0.25   1.55   1.83   0     —     —  —
    47     CS   33.172   360.9   0.51   1.81   2.08   0     —     —  —
    48     CS   33.440   333.3   0.78   2.07   2.35   0     —     —  —
    49     CS   33.728   309.1   1.06   2.36   2.64   0     —     —  —
    50     CS   33.968   281.4   1.30   2.60   2.88   0     —     —  —
    51     CS   34.211   255.1   1.55   2.85   3.12   0     —     —  —
    52     CS   34.443   227.8   1.78   3.08   3.35   0     —     —  —
    53     CS   34.757   205.7   2.09   3.39   3.67   0     —     —  —
    54     CS   34.992   178.6   2.33   3.63   3.90   1   b45     —  CHARGE, BRK-B45
    55   CUST   36.502   405.8   0.45   4.07   4.58   0     —     —  —
    56     CS   37.259   377.8   0.70   4.33   5.34   0     —     —  —
    57     CS   37.514   349.7   0.96   4.59   5.59   0     —     —  —
    58   CUST   37.727   331.8   1.17   4.80   5.80   0     —     —  —
    59     CS   38.646   283.8   1.59   5.22   6.72   0     —     —  —
    60     CS   38.951   253.6   1.90   5.52   7.03   0     —     —  —
    61     CS   39.234   222.7   2.18   5.81   7.31   0     —     —  —
    62     CS   39.528   192.7   2.47   6.10   7.60   0     —     —  —
    63     CS   39.799   160.7   2.74   6.37   7.88   0     —     —  —
    64     CS   40.035   133.8   2.98   6.61   8.11   0     —     —  —
    65     CS   40.286   108.2   3.23   6.86   8.36   1   b45     —  CHARGE, BRK-B45
    66     CS   41.816   415.2   0.26   7.12   8.84   0     —     —  —
    67     CS   42.074   385.9   0.52   7.37   9.10   0     —     —  —
    68     CS   42.348   358.1   0.79   7.65   9.37   0     —     —  —
    69     CS   42.565   333.0   1.01   7.87   9.59   0     —     —  —
    70     CS   42.789   308.5   1.23   8.09   9.81   0     —     —  —
    71     CS   43.006   283.4   1.45   8.31  10.03   0     —     —  —
    72     CS   43.228   258.7   1.67   8.53  10.25   0     —     —  —
    73     CS   43.478   231.9   1.92   8.78  10.50   0     —     —  —
    74     CS   43.744   206.4   2.19   9.04  10.77   0     —     —  —
    75     CS   44.013   181.0   2.46   9.31  11.03   1     —    r2  CHARGE, REST-R2
    76     CS   54.574   397.9   0.28   0.28   0.28   0     —     —  —
    77     CS   54.833   375.3   0.54   0.54   0.54   0     —     —  —
    78   CUST   55.056   350.0   0.76   0.76   0.76   0     —     —  —
    79     CS   55.772   326.0   0.98   0.98   1.48   0     —     —  —
    80     CS   55.989   302.8   1.19   1.19   1.69   0     —     —  —
    81     CS   56.204   279.5   1.41   1.41   1.91   0     —     —  —
    82     CS   56.413   255.7   1.62   1.62   2.12   0     —     —  —
    83     CS   56.707   226.8   1.91   1.91   2.41   0     —     —  —
    84     CS   57.058   201.1   2.26   2.26   2.76   0     —     —  —
    85     CS   57.260   177.7   2.46   2.46   2.96   0     —     —  —
    86     CS   57.519   158.2   2.72   2.72   3.22   0     —     —  —
    87     CS   57.752   137.4   2.96   2.96   3.46   1   b45     —  CHARGE, BRK-B45
    88     CS   59.285   407.4   0.30   3.26   4.05   0     —     —  —
    89     CS   59.575   376.0   0.59   3.55   4.34   0     —     —  —
    90     CS   59.816   348.4   0.83   3.79   4.58   0     —     —  —
    91     CS   60.086   323.0   1.10   4.06   4.85   0     —     —  —
    92     CS   60.503   302.9   1.52   4.47   5.27   0     —     —  —
    93     CS   60.782   274.7   1.80   4.75   5.55   0     —     —  —
    94     CS   61.073   247.3   2.09   5.04   5.84   0     —     —  —
    95     CS   61.356   219.5   2.37   5.33   6.12   0     —     —  —
    96     CS   61.601   191.4   2.62   5.57   6.36   0     —     —  —
    97     CS   61.858   164.4   2.87   5.83   6.62   0     —     —  —
    98     CS   62.183   141.3   3.20   6.15   6.95   1   b45     —  CHARGE, BRK-B45
    99     CS   63.439   360.5   0.22   6.37   7.45   0     —     —  —
   100     CS   63.666   336.2   0.45   6.60   7.68   0     —     —  —
   101     CS   63.885   311.3   0.67   6.82   7.90   0     —     —  —
   102     CS   64.143   281.7   0.92   7.08   8.16   0     —     —  —
   103     CS   64.402   252.2   1.18   7.34   8.42   0     —     —  —
   104     CS   64.681   223.8   1.46   7.62   8.69   0     —     —  —
   105     CS   64.965   195.8   1.75   7.90   8.98   0     —     —  —
   106     CS   65.283   169.9   2.06   8.22   9.30   0     —     —  —
[25/34] RmediumCfewTnone_11          labelled   37 states in  57.6 min
  ScenarioTracker saved: /mnt/beegfs/users/celinep/ChargeAndBreak/ML/logs/RshortCmanyTnone_16_DAGGER1_S1_H24_20260822_125130_scenarios.json

  === SIMULATION TRAJECTORY ===
  stop   type    t_arr     soc     cd     sd     sw   y   brk   rst  action
  ───────────────────────────────────────────────────────────────────────────────────────────────
     0   ORIG    8.000   500.0   0.00   0.00   0.00   0     —     —  —
     1     CS    8.259   476.0   0.26   0.26   0.26   0     —     —  —
     2     CS    8.486   449.5   0.49   0.49   0.49   0     —     —  —
     3     CS    8.741   425.2   0.74   0.74   0.74   0     —     —  —
     4     CS    9.010   397.0   1.01   1.01   1.01   0     —     —  —
     5     CS    9.269   367.9   1.27   1.27   1.27   0     —     —  —
     6     CS    9.577   342.2   1.58   1.58   1.58   0     —     —  —
     7     CS    9.867   314.2   1.87   1.87   1.87   0     —     —  —
     8     CS   10.152   285.7   2.15   2.15   2.15   0     —     —  —
     9     CS   10.586   263.2   2.59   2.59   2.59   0     —     —  —
    10     CS   10.796   240.5   2.80   2.80   2.80   0     —     —  —
    11     CS   11.097   222.5   3.10   3.10   3.10   0     —     —  —
    12     CS   11.309   200.1   3.31   3.31   3.31   1   b45     —  CHARGE, BRK-B45
    13   CUST   12.990   407.5   0.46   3.77   4.13   0     —     —  —
    14     CS   13.769   378.0   0.74   4.05   4.91   0     —     —  —
    15     CS   14.139   353.5   1.11   4.42   5.28   0     —     —  —
    16   CUST   14.410   325.0   1.38   4.69   5.55   0     —     —  —
    17   CUST   15.006   313.7   1.48   4.79   6.15   0     —     —  —
    18   CUST   15.544   310.0   1.51   4.82   6.68   0     —     —  —
    19     CS   16.133   299.3   1.60   4.91   7.27   0     —     —  —
    20     CS   16.482   277.2   1.95   5.26   7.62   0     —     —  —
    21   CUST   16.818   254.7   2.29   5.60   7.96   0     —     —  —
    22     CS   17.608   223.8   2.58   5.89   8.75   0     —     —  —
    23     CS   17.889   192.2   2.86   6.17   9.03   1   b45     —  CHARGE, BRK-B45
    24     CS   19.182   420.3   0.28   6.45   9.52   0     —     —  —
    25     CS   19.485   389.9   0.58   6.75   9.82   0     —     —  —
    26     CS   19.790   359.7   0.89   7.05  10.13   0     —     —  —
    27     CS   20.051   330.0   1.15   7.32  10.39   0     —     —  —
    28     CS   20.504   308.2   1.60   7.77  10.84   0     —     —  —
    29   CUST   20.838   283.3   1.93   8.10  11.17   0     —     —  —
    30   CUST   21.428   273.8   2.02   8.19  11.76   0     —    r2  REST-R2
    31     CS   31.146   253.2   0.22   0.22   0.22   0     —     —  —
    32     CS   31.384   233.9   0.46   0.46   0.46   0     —     —  —
    33     CS   31.583   211.9   0.65   0.65   0.65   0     —     —  —
    34   CUST   31.613   208.7   0.68   0.68   0.68   0     —     —  —
    35   CUST   32.502   162.7   1.07   1.07   1.57   0     —     —  —
    36     CS   33.120   149.8   1.19   1.19   2.19   0     —     —  —
    37   CUST   33.152   146.7   1.22   1.22   2.22   0     —     —  —
    38     CS   33.892   122.5   1.46   1.46   2.96   1   b45     —  CHARGE, BRK-B45
    39     CS   35.168   380.8   0.24   1.70   3.41   0     —     —  —
    40     CS   35.465   358.6   0.53   2.00   3.71   0     —     —  —
    41   CUST   35.716   333.7   0.78   2.25   3.96   0     —     —  —
    42     CS   36.460   305.2   1.03   2.49   4.71   0     —     —  —
    43   CUST   36.683   279.4   1.25   2.72   4.93   0     —     —  —
    44   CUST   37.250   272.5   1.32   2.78   5.49   0     —     —  —
    45   CUST   37.774   270.0   1.34   2.81   6.02   0     —     —  —
    46     CS   38.477   254.4   1.55   3.01   6.72   0     —     —  —
    47     CS   38.908   207.4   1.98   3.44   7.15   0     —     —  —
    48     CS   39.185   176.0   2.25   3.72   7.43   0     —     —  —
    49     CS   39.465   144.8   2.53   4.00   7.71   0     —     —  —
    50     CS   39.763   115.2   2.83   4.30   8.01   1   b45     —  CHARGE, BRK-B45
    51     CS   41.280   372.1   0.40   4.70   8.72   0     —     —  —
    52     CS   41.549   339.9   0.67   4.97   8.99   0     —     —  —
    53     CS   41.910   313.8   1.03   5.33   9.35   0     —     —  —
    54     CS   42.213   284.5   1.34   5.63   9.65   0     —     —  —
    55     CS   42.501   254.0   1.63   5.92   9.94   0     —     —  —
    56     CS   42.726   232.6   1.85   6.15  10.17   0     —     —  —
    57     CS   42.989   213.3   2.11   6.41  10.43   0     —     —  —
    58     CS   43.192   190.1   2.32   6.61  10.63   0     —     —  —
    59     CS   43.448   160.2   2.57   6.87  10.89   0     —     —  —
[26/34] RshortCmanyTnone_16          labelled   13 states in  12.7 min
  ScenarioTracker saved: /mnt/beegfs/users/celinep/ChargeAndBreak/ML/logs/RshortCmediumTlarge_12_DAGGER1_S1_H24_20260822_130413_scenarios.json

  === SIMULATION TRAJECTORY ===
  stop   type    t_arr     soc     cd     sd     sw   y   brk   rst  action
  ───────────────────────────────────────────────────────────────────────────────────────────────
     0   ORIG    8.000   500.0   0.00   0.00   0.00   0     —     —  —
     1     CS    8.293   477.9   0.29   0.29   0.29   0     —     —  —
     2     CS    8.534   452.6   0.53   0.53   0.53   0     —     —  —
     3     CS    8.767   426.7   0.77   0.77   0.77   0     —     —  —
     4     CS    9.063   400.3   1.06   1.06   1.06   0     —     —  —
     5     CS    9.323   371.3   1.32   1.32   1.32   0     —     —  —
     6     CS    9.577   341.7   1.58   1.58   1.58   0     —     —  —
     7     CS    9.811   314.1   1.81   1.81   1.81   0     —     —  —
     8     CS   10.055   287.5   2.05   2.05   2.05   0     —     —  —
     9   CUST   10.293   260.4   2.29   2.29   2.29   0     —     —  —
    10   CUST   11.012   236.7   2.51   2.51   3.01   0     —     —  —
    11     CS   12.016   187.8   3.02   3.02   4.02   0     —     —  —
    12   CUST   12.022   187.2   3.02   3.02   4.02   0     —     —  —
    13     CS   12.732   162.5   3.23   3.23   4.73   0     —     —  —
    14     CS   12.954   143.3   3.45   3.45   4.95   1   b45     —  CHARGE, BRK-B45
    15     CS   14.265   396.5   0.24   3.69   5.41   0     —     —  —
    16     CS   14.514   369.7   0.49   3.94   5.66   0     —     —  —
    17     CS   14.835   347.0   0.81   4.26   5.98   0     —     —  —
    18     CS   15.083   320.1   1.06   4.51   6.23   0     —     —  —
    19     CS   15.350   293.5   1.33   4.78   6.50   0     —     —  —
    20   CUST   15.613   266.6   1.59   5.04   6.76   0     —     —  —
    21     CS   16.437   228.8   1.91   5.37   7.58   0     —     —  —
    22   CUST   16.776   190.0   2.25   5.71   7.92   0     —     —  —
    23     CS   17.506   163.3   2.48   5.94   8.65   0     —     —  —
    24     CS   17.738   136.8   2.71   6.17   8.88   0     —     —  —
    25     CS   17.984   111.5   2.96   6.41   9.13   1   b45     —  CHARGE, BRK-B45
    26     CS   19.444   378.7   0.35   6.76   9.68   0     —     —  —
    27     CS   19.803   340.5   0.71   7.12  10.04   0     —     —  —
    28     CS   20.036   312.7   0.94   7.35  10.27   0     —     —  —
    29     CS   20.268   284.8   1.17   7.59  10.51   0     —     —  —
    30     CS   20.556   261.0   1.46   7.87  10.79   0     —     —  —
    31     CS   20.820   235.9   1.72   8.14  11.06   0     —     —  —
    32     CS   21.202   192.8   2.11   8.52  11.44   1     —    r2  CHARGE, REST-R2
    33     CS   31.029   253.0   0.24   0.24   0.24   0     —     —  —
    34     CS   31.280   225.8   0.49   0.49   0.49   0     —     —  —
    35     CS   31.534   198.7   0.74   0.74   0.74   0     —     —  —
    36     CS   31.783   171.2   0.99   0.99   0.99   1     —     —  CHARGE
    37     CS   32.584   206.7   1.30   1.30   1.79   0     —     —  —
[27/34] RshortCmediumTlarge_12       labelled   15 states in   8.9 min
  ScenarioTracker saved: /mnt/beegfs/users/celinep/ChargeAndBreak/ML/logs/RshortCmanyTnone_14_DAGGER1_S1_H24_20260822_131310_scenarios.json

  === SIMULATION TRAJECTORY ===
  stop   type    t_arr     soc     cd     sd     sw   y   brk   rst  action
  ───────────────────────────────────────────────────────────────────────────────────────────────
     0   ORIG    8.000   500.0   0.00   0.00   0.00   0     —     —  —
     1     CS    8.245   475.0   0.25   0.25   0.25   0     —     —  —
     2     CS    8.545   453.3   0.55   0.55   0.55   0     —     —  —
     3     CS    8.770   426.4   0.77   0.77   0.77   0     —     —  —
     4     CS    9.043   394.6   1.04   1.04   1.04   0     —     —  —
     5     CS    9.412   368.8   1.41   1.41   1.41   0     —     —  —
     6     CS    9.710   339.2   1.71   1.71   1.71   0     —     —  —
     7     CS   10.051   299.4   2.05   2.05   2.05   0     —     —  —
     8     CS   10.315   270.7   2.31   2.31   2.31   0     —     —  —
     9     CS   10.580   242.1   2.58   2.58   2.58   0     —     —  —
    10   CUST   10.882   216.1   2.88   2.88   2.88   0     —     —  —
    11   CUST   11.486   205.5   2.99   2.99   3.49   0     —     —  —
    12   CUST   12.199   188.6   3.20   3.20   4.20   0     —     —  —
    13     CS   12.931   167.0   3.43   3.43   4.93   1   b45     —  CHARGE, BRK-B45
    14   CUST   14.210   374.0   0.29   3.72   5.46   0     —     —  —
    15   CUST   15.006   352.9   0.59   4.02   6.26   0     —     —  —
    16     CS   15.689   331.9   0.77   4.20   6.94   0     —     —  —
    17   CUST   15.803   319.8   0.89   4.32   7.05   0     —     —  —
    18   CUST   16.421   308.1   1.00   4.43   7.67   0     —     —  —
    19     CS   17.058   292.1   1.14   4.57   8.31   0     —     —  —
    20     CS   17.369   265.9   1.45   4.88   8.62   0     —     —  —
    21   CUST   17.648   237.5   1.73   5.16   8.90   0     —     —  —
    22     CS   18.411   209.0   1.99   5.42   9.66   0     —     —  —
    23     CS   18.666   179.6   2.25   5.68   9.92   0     —     —  —
    24     CS   18.815   163.7   2.40   5.83  10.07   1   b45     —  CHARGE, BRK-B45
    25     CS   20.266   404.5   0.32   6.15  10.67   0     —     —  —
    26     CS   20.585   374.3   0.64   6.47  10.99   0     —     —  —
    27     CS   20.874   341.5   0.93   6.76  11.28   0     —     —  —
    28     CS   21.146   316.4   1.20   7.03  11.55   0     —     —  —
    29     CS   21.412   290.8   1.47   7.30  11.81   0     —     —  —
    30     CS   21.661   263.9   1.72   7.54  12.06   0     —     —  —
    31     CS   21.898   239.0   1.95   7.78  12.30   0     —     —  —
    32     CS   22.166   216.3   2.22   8.05  12.57   0     —     —  —
    33     CS   22.441   193.9   2.50   8.32  12.84   1     —    r2  CHARGE, REST-R2
    34     CS   32.705   422.1   0.23   0.23   0.23   0     —     —  —
    35     CS   32.920   399.2   0.45   0.45   0.45   0     —     —  —
    36   CUST   33.150   377.5   0.68   0.68   0.68   0     —     —  —
    37     CS   33.920   346.0   0.95   0.95   1.45   0     —     —  —
    38     CS   34.185   313.9   1.21   1.21   1.71   0     —     —  —
    39     CS   34.270   304.0   1.30   1.30   1.80   0     —     —  —
    40     CS   34.491   278.0   1.52   1.52   2.02   0     —     —  —
    41     CS   34.725   253.3   1.75   1.75   2.25   0     —     —  —
    42     CS   34.962   228.7   1.99   1.99   2.49   0     —     —  —
    43     CS   35.189   203.4   2.22   2.22   2.72   0     —     —  —
    44     CS   35.579   182.3   2.61   2.61   3.11   0     —     —  —
    45     CS   35.824   154.2   2.85   2.85   3.35   0     —     —  —
[28/34] RshortCmanyTnone_14          labelled   17 states in  10.7 min
  ScenarioTracker saved: /mnt/beegfs/users/celinep/ChargeAndBreak/ML/logs/RshortCmanyTnone_7_DAGGER1_S1_H24_20260822_132351_scenarios.json

  === SIMULATION TRAJECTORY ===
  stop   type    t_arr     soc     cd     sd     sw   y   brk   rst  action
  ───────────────────────────────────────────────────────────────────────────────────────────────
     0   ORIG    8.000   500.0   0.00   0.00   0.00   0     —     —  —
     1     CS    8.225   473.2   0.22   0.22   0.22   0     —     —  —
     2     CS    8.457   447.1   0.46   0.46   0.46   0     —     —  —
     3     CS    8.697   421.8   0.70   0.70   0.70   0     —     —  —
     4     CS    8.941   393.6   0.94   0.94   0.94   0     —     —  —
     5     CS    9.188   365.7   1.19   1.19   1.19   0     —     —  —
     6     CS    9.440   338.3   1.44   1.44   1.44   0     —     —  —
     7     CS    9.751   310.6   1.75   1.75   1.75   0     —     —  —
     8     CS   10.014   278.9   2.01   2.01   2.01   0     —     —  —
     9     CS   10.239   252.8   2.24   2.24   2.24   0     —     —  —
    10     CS   10.514   230.3   2.51   2.51   2.51   0     —     —  —
    11     CS   10.748   204.9   2.75   2.75   2.75   0     —     —  —
    12     CS   10.972   178.7   2.97   2.97   2.97   1   b45     —  CHARGE, BRK-B45
    13     CS   12.184   396.0   0.24   3.22   3.43   0     —     —  —
    14     CS   12.432   369.8   0.49   3.46   3.68   0     —     —  —
    15   CUST   12.702   345.2   0.76   3.73   3.95   0     —     —  —
    16     CS   13.356   331.7   0.91   3.89   4.61   0     —     —  —
    17     CS   13.731   289.1   1.29   4.26   4.98   0     —     —  —
    18     CS   14.005   260.6   1.56   4.54   5.26   0     —     —  —
    19     CS   14.266   230.8   1.82   4.80   5.52   0     —     —  —
    20     CS   14.536   201.8   2.09   5.07   5.79   1   b45     —  CHARGE, BRK-B45
    21     CS   15.796   375.6   0.26   5.33   6.30   0     —     —  —
    22     CS   16.060   346.2   0.52   5.59   6.56   0     —     —  —
    23   CUST   16.354   319.1   0.82   5.89   6.85   0     —     —  —
    24   CUST   16.963   306.6   0.93   5.99   7.46   0     —     —  —
    25     CS   17.612   291.7   1.08   6.14   8.11   0     —     —  —
    26   CUST   18.058   241.4   1.52   6.59   8.56   0     —     —  —
    27     CS   19.016   194.6   1.98   7.05   9.52   0     —     —  —
    28     CS   19.243   171.5   2.21   7.27   9.74   1   b45     —  CHARGE, BRK-B45
    29     CS   20.598   344.0   0.24   7.52  10.35   0     —     —  —
    30     CS   20.833   319.7   0.48   7.75  10.58   0     —     —  —
    31     CS   21.110   298.1   0.75   8.03  10.86   0     —     —  —
    32   CUST   21.520   252.8   1.16   8.44  11.27   0     —     —  —
    33   CUST   22.112   243.4   1.26   8.53  11.86   0     —    r2  REST-R2
    34   CUST   31.847   215.2   0.24   0.24   0.24   0     —     —  —
    35     CS   32.453   203.5   0.34   0.34   0.84   0     —     —  —
    36   CUST   32.871   157.8   0.76   0.76   1.26   0     —     —  —
    37     CS   33.490   143.8   0.88   0.88   1.88   1   b45     —  CHARGE, BRK-B45
    38     CS   34.709   300.8   0.25   1.12   2.35   0     —     —  —
    39     CS   34.958   274.5   0.50   1.37   2.60   0     —     —  —
    40     CS   35.221   253.3   0.76   1.64   2.86   0     —     —  —
    41     CS   35.431   228.4   0.97   1.85   3.07   0     —     —  —
    42     CS   35.655   204.7   1.19   2.07   3.29   1     —     —  CHARGE
    43     CS   36.341   251.7   1.44   2.32   3.98   0     —     —  —
    44     CS   36.583   224.1   1.69   2.56   4.22   0     —     —  —
[29/34] RshortCmanyTnone_7           labelled    8 states in   6.4 min
  ScenarioTracker saved: /mnt/beegfs/users/celinep/ChargeAndBreak/ML/logs/RmediumCfewTmedium_10_DAGGER1_S1_H24_20260822_133018_scenarios.json

  === SIMULATION TRAJECTORY ===
  stop   type    t_arr     soc     cd     sd     sw   y   brk   rst  action
  ───────────────────────────────────────────────────────────────────────────────────────────────
     0   ORIG    8.000   500.0   0.00   0.00   0.00   0     —     —  —
     1     CS    8.233   474.0   0.23   0.23   0.23   0     —     —  —
     2     CS    8.469   448.3   0.47   0.47   0.47   0     —     —  —
     3     CS    8.703   422.4   0.70   0.70   0.70   0     —     —  —
     4     CS    8.982   392.7   0.98   0.98   0.98   0     —     —  —
     5     CS    9.297   365.5   1.30   1.30   1.30   0     —     —  —
     6     CS    9.590   336.9   1.59   1.59   1.59   0     —     —  —
     7     CS    9.823   310.1   1.82   1.82   1.82   0     —     —  —
     8     CS   10.052   283.0   2.05   2.05   2.05   0     —     —  —
     9     CS   10.308   258.1   2.31   2.31   2.31   0     —     —  —
    10     CS   10.760   218.1   2.76   2.76   2.76   0     —     —  —
    11     CS   11.050   185.5   3.05   3.05   3.05   0     —     —  —
    12     CS   11.366   155.0   3.37   3.37   3.37   0     —     —  —
    13     CS   11.674   124.0   3.67   3.67   3.67   1   b45     —  CHARGE, BRK-B45
    14     CS   13.126   393.8   0.24   3.91   4.22   0     —     —  —
    15     CS   13.422   369.1   0.54   4.21   4.52   0     —     —  —
    16     CS   13.685   346.0   0.80   4.47   4.78   0     —     —  —
    17     CS   13.914   320.4   1.03   4.70   5.01   0     —     —  —
    18     CS   14.141   294.6   1.26   4.93   5.24   0     —     —  —
    19     CS   14.393   265.1   1.51   5.18   5.49   0     —     —  —
    20     CS   14.659   236.8   1.77   5.45   5.76   0     —     —  —
    21     CS   15.040   214.1   2.15   5.83   6.14   0     —     —  —
    22     CS   15.399   190.8   2.51   6.19   6.50   0     —     —  —
    23     CS   15.813   141.0   2.93   6.60   6.91   1   b45     —  CHARGE, BRK-B45
    24     CS   17.224   401.2   0.33   6.94   7.45   0     —     —  —
    25     CS   17.500   372.6   0.61   7.21   7.73   0     —     —  —
    26     CS   17.758   342.4   0.87   7.47   7.98   0     —     —  —
    27     CS   18.016   312.1   1.13   7.73   8.24   0     —     —  —
    28     CS   18.466   265.6   1.58   8.18   8.69   0     —     —  —
    29     CS   18.685   239.1   1.80   8.40   8.91   0     —     —  —
    30     CS   18.930   214.8   2.04   8.64   9.16   0     —     —  —
    31     CS   19.165   189.8   2.28   8.88   9.39   1   b45     —  CHARGE, BRK-B45
    32     CS   20.419   415.3   0.23   9.11   9.84   0     —    r2  REST-R2
    33     CS   29.814   388.8   0.23   0.23   0.23   0     —     —  —
    34     CS   30.063   364.1   0.48   0.48   0.48   0     —     —  —
    35     CS   30.287   341.2   0.70   0.70   0.70   0     —     —  —
    36     CS   30.499   317.2   0.91   0.91   0.91   0     —     —  —
    37     CS   30.728   294.6   1.14   1.14   1.14   0     —     —  —
    38     CS   30.994   266.9   1.41   1.41   1.41   0     —     —  —
    39     CS   31.280   240.7   1.69   1.69   1.69   0     —     —  —
    40     CS   31.565   214.3   1.98   1.98   1.98   0     —     —  —
    41     CS   31.825   186.0   2.24   2.24   2.24   0     —     —  —
    42     CS   32.094   158.5   2.51   2.51   2.51   0     —     —  —
    43     CS   32.395   133.1   2.81   2.81   2.81   1   b45     —  CHARGE, BRK-B45
    44     CS   34.141   439.2   0.29   3.10   3.48   0     —     —  —
    45     CS   34.410   414.8   0.56   3.37   3.75   0     —     —  —
    46     CS   34.750   387.8   0.90   3.71   4.09   0     —     —  —
    47     CS   35.023   356.0   1.17   3.98   4.36   0     —     —  —
    48     CS   35.299   324.4   1.45   4.26   4.64   0     —     —  —
    49     CS   35.507   300.8   1.66   4.46   4.85   0     —     —  —
    50     CS   35.737   279.1   1.89   4.69   5.08   0     —     —  —
    51     CS   35.944   255.4   2.09   4.90   5.28   0     —     —  —
    52     CS   36.226   228.9   2.37   5.18   5.57   0     —     —  —
    53     CS   36.521   203.2   2.67   5.48   5.86   0     —     —  —
    54     CS   36.772   174.1   2.92   5.73   6.11   0     —     —  —
    55     CS   37.049   147.2   3.20   6.01   6.39   1   b45     —  CHARGE, BRK-B45
    56     CS   38.490   408.5   0.28   6.29   6.94   0     —     —  —
    57     CS   38.769   383.8   0.56   6.57   7.22   0     —     —  —
    58     CS   39.027   356.1   0.82   6.83   7.48   0     —     —  —
    59     CS   39.313   330.5   1.11   7.11   7.77   0     —     —  —
    60     CS   39.561   301.9   1.35   7.36   8.01   0     —     —  —
    61     CS   39.828   271.9   1.62   7.63   8.28   0     —     —  —
    62     CS   40.131   244.7   1.92   7.93   8.58   0     —     —  —
    63   CUST   40.443   218.0   2.24   8.24   8.90   0     —     —  —
    64     CS   41.217   185.7   2.51   8.52   9.67   0     —     —  —
    65     CS   41.511   155.1   2.80   8.81   9.96   1   b45     —  CHARGE, BRK-B45
    66   CUST   42.634   372.9   0.13   8.94  10.34   0     —     —  —
    67   CUST   43.197   367.7   0.19   9.00  10.90   0     —    r2  REST-R2
    68     CS   52.943   344.3   0.25   0.25   0.25   0     —     —  —
    69     CS   53.163   318.7   0.47   0.47   0.47   0     —     —  —
    70     CS   53.389   293.6   0.69   0.69   0.69   0     —     —  —
    71     CS   53.418   290.4   0.72   0.72   0.72   0     —     —  —
    72     CS   53.635   266.9   0.94   0.94   0.94   0     —     —  —
    73     CS   53.886   245.7   1.19   1.19   1.19   0     —     —  —
    74     CS   54.155   225.5   1.46   1.46   1.46   0     —     —  —
    75     CS   54.442   192.5   1.74   1.74   1.74   0     —     —  —
    76     CS   54.734   160.1   2.04   2.04   2.04   1   b45     —  CHARGE, BRK-B45
    77     CS   56.143   399.2   0.27   2.31   2.61   0     —     —  —
    78     CS   56.409   368.3   0.54   2.57   2.88   0     —     —  —
    79     CS   56.730   341.5   0.86   2.89   3.20   0     —     —  —
    80     CS   57.170   310.1   1.30   3.33   3.64   0     —     —  —
    81     CS   57.421   281.6   1.55   3.59   3.89   0     —     —  —
    82     CS   57.666   252.5   1.79   3.83   4.14   0     —     —  —
    83     CS   57.949   226.5   2.08   4.11   4.42   0     —     —  —
    84     CS   58.199   198.0   2.33   4.36   4.67   0     —     —  —
    85     CS   58.469   172.6   2.60   4.63   4.94   0     —     —  —
    86     CS   58.716   145.5   2.84   4.88   5.19   0     —     —  —
    87     CS   58.977   119.7   3.11   5.14   5.45   1   b45     —  CHARGE, BRK-B45
    88     CS   60.304   276.3   0.28   5.42   6.02   0     —     —  —
    89     CS   60.551   247.6   0.52   5.67   6.27   0     —     —  —
    90     CS   60.793   218.5   0.77   5.91   6.51   0     —     —  —
    91     CS   61.053   193.6   1.03   6.17   6.77   0     —     —  —
[30/34] RmediumCfewTmedium_10        labelled   36 states in  43.1 min
  ScenarioTracker saved: /mnt/beegfs/users/celinep/ChargeAndBreak/ML/logs/RshortCfewTnone_10_DAGGER1_S1_H24_20260822_141323_scenarios.json

  === SIMULATION TRAJECTORY ===
  stop   type    t_arr     soc     cd     sd     sw   y   brk   rst  action
  ───────────────────────────────────────────────────────────────────────────────────────────────
     0   ORIG    8.000   500.0   0.00   0.00   0.00   0     —     —  —
     1     CS    8.233   474.0   0.23   0.23   0.23   0     —     —  —
     2     CS    8.466   448.0   0.47   0.47   0.47   0     —     —  —
     3     CS    8.698   421.9   0.70   0.70   0.70   0     —     —  —
     4     CS    8.986   400.5   0.99   0.99   0.99   0     —     —  —
     5     CS    9.241   377.3   1.24   1.24   1.24   0     —     —  —
     6     CS    9.517   355.3   1.52   1.52   1.52   0     —     —  —
     7     CS    9.738   329.3   1.74   1.74   1.74   0     —     —  —
     8     CS   10.058   292.3   2.06   2.06   2.06   0     —     —  —
     9     CS   10.295   266.7   2.30   2.30   2.30   0     —     —  —
    10     CS   10.538   241.6   2.54   2.54   2.54   0     —     —  —
    11     CS   10.772   215.6   2.77   2.77   2.77   0     —     —  —
    12     CS   11.158   196.2   3.16   3.16   3.16   1   b45     —  CHARGE, BRK-B45
    13     CS   12.926   429.6   0.33   3.49   4.05   0     —     —  —
    14   CUST   13.210   396.4   0.62   3.78   4.33   0     —     —  —
    15     CS   13.931   371.3   0.84   4.00   5.05   0     —     —  —
    16     CS   14.165   347.3   1.07   4.23   5.29   0     —     —  —
    17     CS   14.384   322.0   1.29   4.45   5.51   0     —     —  —
    18     CS   14.700   292.5   1.61   4.77   5.82   0     —     —  —
    19     CS   14.926   265.9   1.83   4.99   6.05   0     —     —  —
    20     CS   15.169   240.7   2.08   5.24   6.29   0     —     —  —
    21     CS   15.413   215.7   2.32   5.48   6.54   0     —     —  —
    22     CS   15.622   190.6   2.53   5.69   6.75   0     —     —  —
    23     CS   15.848   167.0   2.76   5.91   6.97   0     —     —  —
    24     CS   16.078   143.8   2.99   6.14   7.20   1   b45     —  CHARGE, BRK-B45
    25     CS   17.359   374.1   0.23   6.38   7.73   0     —     —  —
    26     CS   17.630   352.2   0.50   6.65   8.00   0     —     —  —
    27     CS   17.847   326.2   0.72   6.86   8.22   0     —     —  —
    28     CS   18.057   302.1   0.93   7.07   8.43   0     —     —  —
    29     CS   18.263   277.5   1.14   7.28   8.64   0     —     —  —
    30     CS   18.542   257.7   1.41   7.56   8.92   0     —     —  —
    31     CS   18.847   229.6   1.72   7.86   9.22   0     —     —  —
    32     CS   19.115   198.4   1.99   8.13   9.49   0     —     —  —
    33     CS   19.368   168.7   2.24   8.38   9.74   0     —     —  —
    34     CS   19.645   141.1   2.52   8.66  10.02   0     —     —  —
    35     CS   20.092   119.7   2.96   9.11  10.46   1   b45     —  CHARGE, BRK-B45
    36     CS   21.608   401.9   0.34   9.45  11.04   0     —     —  —
    37     CS   21.880   370.0   0.61   9.72  11.31   0     —    r2  REST-R2
    38     CS   31.320   344.2   0.27   0.27   0.27   0     —     —  —
    39     CS   31.577   317.3   0.53   0.53   0.53   0     —     —  —
    40   CUST   31.824   289.4   0.78   0.78   0.78   0     —     —  —
    41     CS   32.754   237.6   1.21   1.21   1.71   0     —     —  —
    42     CS   33.183   190.4   1.64   1.64   2.14   1   b45     —  CHARGE, BRK-B45
    43     CS   34.555   439.9   0.22   1.85   2.59   0     —     —  —
    44     CS   34.778   416.2   0.44   2.08   2.81   0     —     —  —
    45     CS   34.994   391.8   0.66   2.29   3.03   0     —     —  —
    46     CS   35.233   363.9   0.89   2.53   3.27   0     —     —  —
    47     CS   35.483   337.1   1.15   2.78   3.52   0     —     —  —
    48     CS   35.838   319.3   1.50   3.14   3.87   0     —     —  —
    49     CS   36.069   297.0   1.73   3.37   4.10   0     —     —  —
    50     CS   36.297   274.3   1.96   3.59   4.33   0     —     —  —
    51     CS   36.575   241.8   2.24   3.87   4.61   0     —     —  —
    52     CS   36.856   209.5   2.52   4.15   4.89   0     —     —  —
    53     CS   37.145   177.9   2.81   4.44   5.18   0     —     —  —
    54     CS   37.422   145.3   3.08   4.72   5.46   1     —     —  CHARGE
[31/34] RshortCfewTnone_10           labelled   19 states in  21.1 min
  ScenarioTracker saved: /mnt/beegfs/users/celinep/ChargeAndBreak/ML/logs/RmediumCmediumTtight_4_DAGGER1_S1_H24_20260822_143429_scenarios.json

  === SIMULATION TRAJECTORY ===
  stop   type    t_arr     soc     cd     sd     sw   y   brk   rst  action
  ───────────────────────────────────────────────────────────────────────────────────────────────
     0   ORIG    8.000   500.0   0.00   0.00   0.00   0     —     —  —
     1     CS    8.230   473.7   0.23   0.23   0.23   0     —     —  —
     2     CS    8.459   447.3   0.46   0.46   0.46   0     —     —  —
     3     CS    8.748   425.1   0.75   0.75   0.75   0     —     —  —
     4     CS    9.010   394.6   1.01   1.01   1.01   0     —     —  —
     5     CS    9.371   370.2   1.37   1.37   1.37   0     —     —  —
     6     CS    9.665   342.4   1.67   1.67   1.67   0     —     —  —
     7     CS    9.886   319.2   1.89   1.89   1.89   0     —     —  —
     8     CS   10.096   295.0   2.10   2.10   2.10   0     —     —  —
     9     CS   10.390   275.7   2.39   2.39   2.39   0     —     —  —
    10     CS   10.690   248.3   2.69   2.69   2.69   0     —     —  —
    11     CS   10.953   218.0   2.95   2.95   2.95   0     —     —  —
    12     CS   11.246   190.1   3.25   3.25   3.25   0     —     —  —
    13     CS   11.471   163.3   3.47   3.47   3.47   0     —     —  —
    14     CS   11.722   138.8   3.72   3.72   3.72   0     —     —  —
    15     CS   11.948   112.1   3.95   3.95   3.95   1   b45     —  CHARGE, BRK-B45
    16     CS   13.516   375.3   0.42   4.37   4.62   0     —     —  —
    17     CS   13.757   347.7   0.67   4.61   4.86   0     —     —  —
    18     CS   14.011   321.2   0.92   4.87   5.11   0     —     —  —
    19     CS   14.257   294.1   1.17   5.11   5.36   0     —     —  —
    20     CS   14.577   271.4   1.49   5.43   5.68   0     —     —  —
    21     CS   15.008   220.9   1.92   5.87   6.11   0     —     —  —
    22     CS   15.267   190.9   2.18   6.12   6.37   0     —     —  —
    23     CS   15.579   164.9   2.49   6.44   6.68   0     —     —  —
    24     CS   15.869   137.5   2.78   6.73   6.97   1   b45     —  CHARGE, BRK-B45
    25     CS   17.192   390.6   0.28   7.01   7.49   0     —     —  —
    26     CS   17.412   367.3   0.50   7.23   7.71   0     —     —  —
    27     CS   17.634   344.2   0.72   7.45   7.93   0     —     —  —
    28     CS   17.869   317.2   0.96   7.68   8.17   0     —     —  —
    29     CS   18.099   289.7   1.19   7.91   8.40   0     —     —  —
    30     CS   18.340   263.2   1.43   8.15   8.64   0     —     —  —
    31     CS   18.571   235.8   1.66   8.39   8.87   0     —     —  —
    32     CS   18.906   200.2   1.99   8.72   9.21   0     —     —  —
    33     CS   19.163   176.0   2.25   8.98   9.46   0     —     —  —
    34     CS   19.410   151.3   2.50   9.22   9.71   0     —     —  —
    35     CS   19.693   128.7   2.78   9.51   9.99   1   b45     —  CHARGE, BRK-B45
    36     CS   21.080   393.7   0.27   9.78  10.49   0     —    r2  REST-R2
    37     CS   30.508   363.8   0.26   0.26   0.26   0     —     —  —
    38     CS   30.763   333.2   0.52   0.52   0.52   0     —     —  —
    39     CS   31.023   303.2   0.78   0.78   0.78   0     —     —  —
    40     CS   31.271   278.4   1.02   1.02   1.02   0     —     —  —
    41     CS   31.500   252.1   1.25   1.25   1.25   0     —     —  —
    42     CS   31.757   228.0   1.51   1.51   1.51   0     —     —  —
    43     CS   32.033   204.4   1.79   1.79   1.79   0     —     —  —
    44     CS   32.283   179.1   2.04   2.04   2.04   0     —     —  —
    45     CS   32.518   152.5   2.27   2.27   2.27   1   b45     —  CHARGE, BRK-B45
    46     CS   34.164   432.9   0.21   2.48   2.93   0     —     —  —
    47     CS   34.369   410.6   0.41   2.68   3.14   0     —     —  —
    48     CS   34.595   389.9   0.64   2.91   3.37   0     —     —  —
    49     CS   34.818   363.9   0.86   3.13   3.59   0     —     —  —
    50     CS   35.043   337.9   1.09   3.36   3.81   0     —     —  —
    51     CS   35.266   311.7   1.31   3.58   4.04   0     —     —  —
    52     CS   35.531   284.6   1.57   3.84   4.30   0     —     —  —
    53     CS   35.793   257.3   1.84   4.11   4.56   0     —     —  —
    54     CS   36.063   230.6   2.10   4.38   4.83   0     —     —  —
    55   CUST   36.460   184.1   2.50   4.77   5.23   0     —    r2  REST-R2
    56     CS   46.257   160.9   0.30   0.30   0.30   0     —     —  —
    57     CS   46.489   132.9   0.53   0.53   0.53   1   b45     —  CHARGE, BRK-B45
    58   CUST   47.955   386.1   0.32   0.85   1.14   0     —     —  —
    59   CUST   48.570   374.1   0.43   0.96   1.76   0     —     —  —
    60     CS   49.288   349.8   0.65   1.18   2.48   0     —     —  —
    61     CS   49.502   325.3   0.86   1.39   2.69   0     —     —  —
    62     CS   49.715   300.5   1.08   1.61   2.90   0     —     —  —
    63     CS   49.890   286.3   1.25   1.78   3.08   0     —     —  —
    64     CS   50.287   239.8   1.65   2.18   3.48   0     —     —  —
    65     CS   50.508   214.3   1.87   2.40   3.70   0     —     —  —
    66     CS   50.796   193.1   2.16   2.69   3.98   0     —     —  —
    67     CS   51.023   168.1   2.38   2.91   4.21   1   b45     —  CHARGE, BRK-B45
    68     CS   52.550   397.0   0.29   3.20   4.93   0     —     —  —
    69     CS   52.849   366.0   0.59   3.50   5.23   0     —     —  —
    70   CUST   53.127   332.9   0.86   3.78   5.51   0     —     —  —
    71     CS   53.909   301.6   1.15   4.06   6.29   0     —     —  —
    72     CS   54.209   271.7   1.45   4.36   6.59   0     —     —  —
    73     CS   54.480   239.2   1.72   4.63   6.86   0     —     —  —
    74     CS   54.604   225.7   1.84   4.76   6.99   0     —     —  —
    75     CS   54.909   192.1   2.15   5.06   7.29   0     —     —  —
    76     CS   55.154   167.2   2.39   5.31   7.54   0     —     —  —
    77     CS   55.404   142.6   2.64   5.56   7.79   0     —     —  —
    78     CS   55.680   119.7   2.92   5.83   8.06   1   b45     —  CHARGE, BRK-B45
    79     CS   57.234   389.3   0.42   6.25   8.75   0     —     —  —
    80     CS   57.602   365.1   0.79   6.62   9.12   0     —     —  —
    81     CS   57.873   335.5   1.06   6.89   9.39   0     —     —  —
    82     CS   58.164   307.5   1.35   7.18   9.68   0     —     —  —
    83     CS   58.549   285.3   1.73   7.56  10.07   0     —     —  —
    84     CS   58.823   258.1   2.01   7.84  10.34   0     —     —  —
    85     CS   59.045   235.8   2.23   8.06  10.56   0     —     —  —
    86     CS   59.258   212.7   2.44   8.27  10.78   0     —     —  —
    87     CS   59.482   190.5   2.67   8.50  11.00   1     —    r2  CHARGE, REST-R2
    88     CS   69.557   347.1   0.26   0.26   0.26   0     —     —  —
    89     CS   69.822   323.1   0.52   0.52   0.52   0     —     —  —
    90     CS   70.054   296.4   0.76   0.76   0.76   0     —     —  —
    91     CS   70.308   271.5   1.01   1.01   1.01   0     —     —  —
    92     CS   70.515   247.9   1.22   1.22   1.22   0     —     —  —
    93     CS   70.785   228.2   1.49   1.49   1.49   0     —     —  —
    94     CS   71.025   207.1   1.73   1.73   1.73   0     —     —  —
    95     CS   71.276   179.6   1.98   1.98   1.98   0     —     —  —
    96     CS   71.578   155.5   2.28   2.28   2.28   0     —     —  —
    97     CS   71.853   129.9   2.55   2.55   2.55   1   b45     —  CHARGE, BRK-B45
    98     CS   73.399   287.1   0.53   3.09   3.35   0     —     —  —
    99     CS   73.746   268.0   0.88   3.44   3.70   0     —     —  —
   100     CS   74.079   248.5   1.21   3.77   4.03   0     —     —  —
   101     CS   74.298   222.9   1.43   3.99   4.25   0     —     —  —
   102     CS   74.536   199.1   1.67   4.23   4.49   0     —     —  —
   103     CS   74.848   169.4   1.98   4.54   4.80   0     —     —  —
[32/34] RmediumCmediumTtight_4       labelled   33 states in  57.0 min
  ScenarioTracker saved: /mnt/beegfs/users/celinep/ChargeAndBreak/ML/logs/RlongCmediumTtight_6_DAGGER1_S1_H24_20260822_153128_scenarios.json

  === SIMULATION TRAJECTORY ===
  stop   type    t_arr     soc     cd     sd     sw   y   brk   rst  action
  ───────────────────────────────────────────────────────────────────────────────────────────────
     0   ORIG    8.000   500.0   0.00   0.00   0.00   0     —     —  —
     1     CS    8.392   480.7   0.39   0.39   0.39   0     —     —  —
     2     CS    8.640   456.0   0.64   0.64   0.64   0     —     —  —
     3     CS    8.883   430.8   0.88   0.88   0.88   0     —     —  —
     4     CS    9.169   403.5   1.17   1.17   1.17   0     —     —  —
     5     CS    9.430   374.2   1.43   1.43   1.43   0     —     —  —
     6     CS    9.702   344.0   1.70   1.70   1.70   0     —     —  —
     7     CS   10.069   319.4   2.07   2.07   2.07   0     —     —  —
     8     CS   10.334   288.6   2.33   2.33   2.33   0     —     —  —
     9     CS   10.606   258.5   2.61   2.61   2.61   0     —     —  —
    10     CS   11.041   213.0   3.04   3.04   3.04   1   b45     —  CHARGE, BRK-B45
    11     CS   12.408   427.7   0.30   3.34   3.62   0     —     —  —
    12     CS   12.675   402.9   0.56   3.60   3.89   0     —     —  —
    13     CS   12.921   376.5   0.81   3.85   4.13   0     —     —  —
    14     CS   13.212   349.5   1.10   4.14   4.42   0     —     —  —
    15     CS   13.478   320.6   1.37   4.41   4.69   0     —     —  —
    16     CS   13.732   293.0   1.62   4.66   4.94   0     —     —  —
    17     CS   13.988   265.5   1.88   4.92   5.20   0     —     —  —
    18     CS   14.235   237.3   2.12   5.16   5.45   0     —     —  —
    19     CS   14.483   209.0   2.37   5.41   5.69   0     —     —  —
    20     CS   14.732   182.9   2.62   5.66   5.94   0     —     —  —
    21     CS   14.969   155.7   2.86   5.90   6.18   0     —     —  —
    22     CS   15.215   129.3   3.10   6.14   6.43   1   b45     —  CHARGE, BRK-B45
    23     CS   16.607   399.7   0.24   6.39   6.92   0     —     —  —
    24     CS   16.846   374.3   0.48   6.63   7.16   0     —     —  —
    25     CS   17.089   349.2   0.73   6.87   7.40   0     —     —  —
    26     CS   17.343   320.3   0.98   7.12   7.66   0     —     —  —
    27     CS   17.604   292.2   1.24   7.39   7.92   0     —     —  —
    28     CS   17.851   262.7   1.49   7.63   8.17   0     —     —  —
    29     CS   18.352   228.6   1.99   8.13   8.67   0     —     —  —
    30     CS   18.669   202.9   2.31   8.45   8.98   0     —     —  —
    31     CS   18.927   172.8   2.57   8.71   9.24   0     —     —  —
    32     CS   19.191   143.3   2.83   8.97   9.51   1   b45     —  CHARGE, BRK-B45
    33     CS   20.560   402.1   0.24   9.21  10.00   0     —     —  —
    34     CS   20.796   375.8   0.47   9.45  10.24   0     —     —  —
    35     CS   21.043   350.4   0.72   9.69  10.48   0     —    r2  REST-R2
    36     CS   30.444   323.9   0.23   0.23   0.23   0     —     —  —
    37     CS   30.719   291.0   0.51   0.51   0.51   0     —     —  —
    38     CS   31.067   263.5   0.86   0.86   0.86   0     —     —  —
    39     CS   31.495   217.5   1.29   1.29   1.29   1   b45     —  CHARGE, BRK-B45
    40     CS   32.784   393.3   0.29   1.58   1.82   0     —     —  —
    41     CS   33.078   366.0   0.59   1.87   2.12   0     —     —  —
    42     CS   33.349   336.9   0.86   2.14   2.39   0     —     —  —
    43     CS   33.622   308.1   1.13   2.42   2.66   0     —     —  —
    44     CS   33.843   287.8   1.35   2.64   2.88   0     —     —  —
    45     CS   34.039   265.5   1.55   2.83   3.08   0     —     —  —
    46     CS   34.231   242.8   1.74   3.03   3.27   0     —     —  —
    47     CS   34.481   213.6   1.99   3.28   3.52   0     —     —  —
    48     CS   34.731   184.4   2.24   3.53   3.77   0     —     —  —
    49     CS   35.006   157.3   2.52   3.80   4.05   1   b45     —  CHARGE, BRK-B45
    50     CS   36.460   410.2   0.23   4.04   4.66   0     —     —  —
    51     CS   36.697   390.1   0.47   4.27   4.89   0     —     —  —
    52     CS   36.933   370.1   0.71   4.51   5.13   0     —     —  —
    53     CS   37.201   341.7   0.97   4.78   5.40   0     —     —  —
    54     CS   37.483   314.5   1.26   5.06   5.68   0     —     —  —
    55     CS   37.742   285.4   1.52   5.32   5.94   0     —     —  —
    56     CS   37.999   255.2   1.77   5.57   6.19   0     —     —  —
    57     CS   38.261   225.6   2.04   5.84   6.46   0     —     —  —
    58     CS   38.525   196.1   2.30   6.10   6.72   0     —     —  —
    59     CS   38.967   146.6   2.74   6.54   7.16   1   b45     —  CHARGE, BRK-B45
    60     CS   40.312   381.5   0.28   6.82   7.73   0     —     —  —
    61     CS   40.589   352.3   0.55   7.10   8.01   0     —     —  —
    62     CS   41.045   330.2   1.01   7.55   8.46   0     —     —  —
    63     CS   41.277   303.0   1.24   7.78   8.70   0     —     —  —
    64     CS   41.534   277.8   1.50   8.04   8.95   0     —     —  —
    65     CS   41.773   250.0   1.74   8.28   9.19   0     —     —  —
    66     CS   42.130   228.5   2.10   8.64   9.55   0     —     —  —
    67     CS   42.381   201.9   2.35   8.89   9.80   0     —     —  —
    68     CS   42.717   179.8   2.68   9.22  10.14   0     —     —  —
    69     CS   43.196   141.3   3.16   9.70  10.61   1     —    r2  CHARGE, REST-R2
    70     CS   53.536   390.6   0.23   0.23   0.23   0     —     —  —
    71     CS   53.941   371.2   0.63   0.63   0.63   0     —     —  —
    72     CS   54.168   344.0   0.86   0.86   0.86   0     —     —  —
    73     CS   54.394   316.7   1.09   1.09   1.09   0     —     —  —
    74     CS   54.687   284.4   1.38   1.38   1.38   0     —     —  —
    75     CS   55.059   257.0   1.75   1.75   1.75   0     —     —  —
    76     CS   55.341   224.4   2.03   2.03   2.03   0     —     —  —
    77     CS   55.627   192.3   2.32   2.32   2.32   0     —     —  —
    78     CS   55.903   159.0   2.60   2.60   2.60   1   b45     —  CHARGE, BRK-B45
    79     CS   57.589   378.0   0.26   2.85   3.53   0     —     —  —
    80     CS   57.886   351.7   0.55   3.15   3.83   0     —     —  —
    81     CS   58.255   328.6   0.92   3.52   4.20   0     —     —  —
    82     CS   58.515   301.5   1.18   3.78   4.46   0     —     —  —
    83   CUST   58.771   274.0   1.44   4.03   4.71   0     —     —  —
    84   CUST   59.288   272.1   1.46   4.05   5.23   0     —     —  —
    85   CUST   60.164   237.3   1.83   4.43   6.11   0     —     —  —
    86     CS   60.800   221.4   1.97   4.56   6.74   0     —     —  —
    87     CS   60.898   210.2   2.07   4.66   6.84   0     —     —  —
    88     CS   61.137   184.2   2.30   4.90   7.08   0     —     —  —
    89     CS   61.524   164.5   2.69   5.29   7.47   0     —     —  —
    90     CS   61.756   137.8   2.92   5.52   7.70   0     —     —  —
    91     CS   62.005   112.6   3.17   5.77   7.95   1   b45     —  CHARGE, BRK-B45
    92     CS   63.676   403.5   0.26   6.02   8.64   0     —     —  —
    93     CS   63.936   375.3   0.52   6.28   8.90   0     —     —  —
    94     CS   64.221   348.9   0.80   6.57   9.18   0     —     —  —
    95     CS   64.576   327.4   1.16   6.93   9.54   0     —     —  —
    96     CS   64.816   299.6   1.40   7.16   9.78   0     —     —  —
    97     CS   65.088   268.5   1.67   7.44  10.05   0     —     —  —
    98     CS   65.361   237.5   1.94   7.71  10.32   0     —     —  —
    99     CS   65.639   206.9   2.22   7.99  10.60   0     —     —  —
   100     CS   66.054   162.1   2.63   8.40  11.01   1     —    r2  CHARGE, REST-R2
   101     CS   76.305   377.9   0.26   0.26   0.26   0     —     —  —
   102     CS   76.531   351.2   0.49   0.49   0.49   0     —     —  —
   103     CS   76.796   327.7   0.75   0.75   0.75   0     —     —  —
   104     CS   77.086   297.9   1.04   1.04   1.04   0     —     —  —
   105     CS   77.390   269.2   1.34   1.34   1.34   0     —     —  —
   106     CS   77.682   239.7   1.64   1.64   1.64   0     —     —  —
   107     CS   78.076   215.1   2.03   2.03   2.03   0     —     —  —
   108     CS   78.468   168.1   2.42   2.42   2.42   1   b45     —  CHARGE, BRK-B45
   109     CS   79.978   451.5   0.20   2.63   2.90   0     —     —  —
   110     CS   80.185   428.6   0.41   2.83   3.10   0     —     —  —
   111     CS   80.394   405.9   0.62   3.04   3.31   0     —     —  —
   112     CS   80.656   376.2   0.88   3.30   3.57   0     —     —  —
   113     CS   81.109   354.5   1.33   3.76   4.03   0     —     —  —
   114     CS   81.368   324.5   1.59   4.02   4.29   0     —     —  —
   115     CS   81.673   293.2   1.90   4.32   4.59   0     —     —  —
   116   CUST   82.065   266.7   2.29   4.71   4.98   0     —     —  —
   117   CUST   82.895   229.4   2.62   5.04   5.81   0     —     —  —
   118   CUST   83.456   223.1   2.68   5.10   6.37   0     —     —  —
   119     CS   84.101   208.0   2.83   5.25   7.02   0     —     —  —
   120     CS   84.411   171.3   3.14   5.56   7.33   0     —     —  —
   121     CS   84.703   138.8   3.43   5.85   7.62   0     —     —  —
   122     CS   85.077   111.5   3.80   6.22   8.00   1   b45     —  CHARGE, BRK-B45
   123     CS   86.588   417.4   0.25   6.47   8.48   0     —     —  —
   124     CS   86.961   399.5   0.62   6.84   8.86   0     —     —  —
   125     CS   87.191   376.3   0.85   7.07   9.09   0     —    r1  REST-R1
   126     CS   98.625   344.5   0.27   0.27   0.27   0     —     —  —
   127     CS   98.987   318.9   0.63   0.63   0.63   0     —     —  —
   128     CS   99.280   289.4   0.92   0.92   0.92   0     —     —  —
   129     CS   99.642   263.7   1.28   1.28   1.28   0     —     —  —
   130     CS   99.967   241.2   1.61   1.61   1.61   0     —     —  —
   131     CS  100.219   214.6   1.86   1.86   1.86   0     —     —  —
   132     CS  100.505   182.4   2.15   2.15   2.15   0     —     —  —
   133     CS  100.784   149.5   2.43   2.43   2.43   0     —     —  —
   134     CS  101.074   117.7   2.72   2.72   2.72   1   b45     —  CHARGE, BRK-B45
   135     CS  102.638   378.5   0.36   3.07   3.42   0     —     —  —
   136     CS  102.920   349.8   0.64   3.36   3.70   0     —     —  —
   137     CS  103.180   319.2   0.90   3.62   3.96   0     —     —  —
   138     CS  103.464   290.7   1.18   3.90   4.25   0     —     —  —
   139     CS  103.736   261.1   1.46   4.17   4.52   0     —     —  —
   140     CS  103.970   237.5   1.69   4.41   4.75   0     —     —  —
   141     CS  104.199   213.4   1.92   4.63   4.98   0     —     —  —
   142     CS  104.453   191.2   2.17   4.89   5.24   0     —     —  —
   143     CS  104.690   168.5   2.41   5.13   5.47   0     —     —  —
   144     CS  104.901   143.6   2.62   5.34   5.69   0     —     —  —
   145     CS  105.111   118.6   2.83   5.55   5.89   1   b45     —  CHARGE, BRK-B45
   146     CS  106.336   341.0   0.25   5.80   6.37   0     —     —  —
   147     CS  106.583   313.1   0.50   6.05   6.62   0     —     —  —
   148     CS  106.826   284.9   0.74   6.29   6.86   0     —     —  —
   149     CS  107.083   255.1   1.00   6.55   7.12   0     —     —  —
   150     CS  107.371   228.0   1.29   6.84   7.41   0     —     —  —
   151     CS  107.691   200.4   1.61   7.16   7.72   0     —     —  —
   152     CS  107.965   169.5   1.88   7.43   8.00   0     —     —  —
[33/34] RlongCmediumTtight_6         labelled   52 states in  87.4 min
  ScenarioTracker saved: /mnt/beegfs/users/celinep/ChargeAndBreak/ML/logs/RshortCmanyTmedium_6_DAGGER1_S1_H24_20260822_165855_scenarios.json

  === SIMULATION TRAJECTORY ===
  stop   type    t_arr     soc     cd     sd     sw   y   brk   rst  action
  ───────────────────────────────────────────────────────────────────────────────────────────────
     0   ORIG    8.000   500.0   0.00   0.00   0.00   0     —     —  —
     1     CS    8.296   478.0   0.30   0.30   0.30   0     —     —  —
     2     CS    8.523   451.5   0.52   0.52   0.52   0     —     —  —
     3     CS    8.751   425.0   0.75   0.75   0.75   0     —     —  —
     4     CS    9.120   398.1   1.12   1.12   1.12   0     —     —  —
     5     CS    9.418   366.9   1.42   1.42   1.42   0     —     —  —
     6     CS    9.835   341.7   1.83   1.83   1.83   0     —     —  —
     7     CS   10.088   315.1   2.09   2.09   2.09   0     —     —  —
     8     CS   10.491   294.7   2.49   2.49   2.49   0     —     —  —
     9     CS   10.738   267.6   2.74   2.74   2.74   0     —     —  —
    10     CS   11.012   237.0   3.01   3.01   3.01   0     —     —  —
    11     CS   11.281   206.1   3.28   3.28   3.28   1   b45     —  CHARGE, BRK-B45
    12   CUST   12.945   388.0   0.59   3.87   4.19   0     —     —  —
    13     CS   13.643   366.3   0.79   4.07   4.89   0     —     —  —
    14     CS   13.846   345.1   0.99   4.27   5.10   0     —     —  —
    15   CUST   14.043   323.3   1.19   4.47   5.29   0     —     —  —
    16   CUST   14.740   301.0   1.39   4.67   5.99   0     —     —  —
    17     CS   15.275   297.2   1.42   4.70   6.52   0     —     —  —
    18   CUST   15.523   271.3   1.67   4.95   6.77   0     —     —  —
    19     CS   16.408   227.2   2.06   5.34   7.66   0     —     —  —
    20     CS   16.778   188.9   2.43   5.71   8.03   0     —     —  —
    21     CS   16.999   164.9   2.65   5.93   8.25   0     —     —  —
    22     CS   17.210   140.1   2.86   6.14   8.46   0     —     —  —
    23     CS   17.422   115.3   3.07   6.35   8.67   1   b45     —  CHARGE, BRK-B45
    24     CS   18.706   331.8   0.24   6.59   9.21   0     —     —  —
    25     CS   18.934   307.7   0.46   6.81   9.43   0     —     —  —
    26   CUST   19.164   283.8   0.69   7.04   9.66   0     —    r2  REST-R2
    27     CS   28.896   257.1   0.23   0.23   0.23   0     —     —  —
    28     CS   29.127   230.3   0.46   0.46   0.46   1     —     —  CHARGE
    29   CUST   30.169   372.5   0.70   0.70   1.51   0     —     —  —
    30     CS   30.873   351.2   0.91   0.91   2.21   0     —     —  —
    31     CS   31.092   331.1   1.12   1.12   2.43   0     —     —  —
    32     CS   31.342   312.7   1.37   1.37   2.68   0     —     —  —
    33   CUST   31.532   291.1   1.57   1.57   2.87   0     —     —  —
    34   CUST   32.222   273.8   1.75   1.75   3.56   0     —     —  —
    35     CS   32.900   256.8   1.93   1.93   4.24   0     —     —  —
    36     CS   32.906   256.2   1.94   1.94   4.24   1   b45     —  CHARGE, BRK-B45
    37     CS   34.396   376.2   0.28   2.22   4.98   0     —     —  —
    38     CS   34.694   347.3   0.58   2.51   5.28   0     —     —  —
    39   CUST   34.969   316.5   0.85   2.79   5.55   0     —     —  —
    40     CS   35.716   290.6   1.10   3.04   6.30   0     —     —  —
    41     CS   35.961   264.5   1.34   3.28   6.55   0     —     —  —
    42     CS   36.217   239.3   1.60   3.54   6.80   1   b45     —  CHARGE, BRK-B45
    43     CS   37.385   441.4   0.18   3.72   7.20   0     —     —  —
    44     CS   37.650   416.8   0.45   3.98   7.47   0     —     —  —
    45   CUST   37.895   390.8   0.69   4.23   7.71   0     —     —  —
    46     CS   38.813   347.3   1.11   4.65   8.63   0     —     —  —
    47     CS   39.065   318.9   1.36   4.90   8.88   0     —     —  —
    48     CS   39.360   293.6   1.66   5.19   9.18   0     —     —  —
    49     CS   39.647   276.2   1.94   5.48   9.47   0     —     —  —
    50     CS   39.841   253.7   2.14   5.67   9.66   0     —     —  —
    51     CS   40.053   232.8   2.35   5.89   9.87   0     —     —  —
    52     CS   40.363   204.6   2.66   6.20  10.18   0     —     —  —
    53     CS   40.667   176.1   2.96   6.50  10.49   0     —     —  —
    54     CS   40.961   146.9   3.26   6.79  10.78   0     —     —  —
[34/34] RshortCmanyTmedium_6         labelled   22 states in  15.2 min
