[la_mixed] train: 31 routes (slice 2/4), outputs under /mnt/beegfs/users/celinep/ChargeAndBreak/ML/la_mixed
  ScenarioTracker saved: /mnt/beegfs/users/celinep/ChargeAndBreak/ML/la_mixed/logs/sensitivity/RmediumCmanyTnone_1__mix_LA_S25_H24_20261004_133550_scenarios.json

  === SIMULATION TRAJECTORY ===
  stop   type    t_arr     soc     cd     sd     sw   y   brk   rst  action
  ───────────────────────────────────────────────────────────────────────────────────────────────
     0   ORIG    8.000   500.0   0.00   0.00   0.00   0     —     —  —
     1     CS    8.233   474.0   0.23   0.23   0.23   0     0     0  BRK-0, REST-0
     2     CS    8.468   448.2   0.47   0.47   0.47   0     0     0  BRK-0, REST-0
     3     CS    8.720   423.7   0.72   0.72   0.72   0     0     0  BRK-0, REST-0
     4     CS    9.112   403.1   1.11   1.11   1.11   0     0     0  BRK-0, REST-0
     5     CS    9.353   375.5   1.35   1.35   1.35   0     0     0  BRK-0, REST-0
     6     CS    9.597   348.0   1.60   1.60   1.60   0     0     0  BRK-0, REST-0
     7     CS    9.807   323.9   1.81   1.81   1.81   0     0     0  BRK-0, REST-0
     8     CS   10.027   300.6   2.03   2.03   2.03   0     0     0  BRK-0, REST-0
     9     CS   10.232   276.0   2.23   2.23   2.23   0     0     0  BRK-0, REST-0
    10     CS   10.478   248.0   2.48   2.48   2.48   0     0     0  BRK-0, REST-0
    11     CS   10.727   220.3   2.73   2.73   2.73   0     0     0  BRK-0, REST-0
    12     CS   10.967   191.8   2.97   2.97   2.97   0     0     0  BRK-0, REST-0
    13     CS   11.280   165.1   3.28   3.28   3.28   0     0     0  BRK-0, REST-0
    14     CS   11.544   134.9   3.54   3.54   3.54   0     0     0  BRK-0, REST-0
    15     CS   11.803   104.1   3.80   3.80   3.80   1   b45     0  CHARGE, BRK-B45, REST-0
    16     CS   12.998   442.1   0.21   4.01   4.25   0     0     0  BRK-0, REST-0
    17     CS   13.202   418.2   0.42   4.22   4.45   0     0     0  BRK-0, REST-0
    18     CS   13.411   394.7   0.62   4.43   4.66   0     0     0  BRK-0, REST-0
    19     CS   13.881   371.6   1.09   4.90   5.13   0     0     0  BRK-0, REST-0
    20     CS   14.190   342.7   1.40   5.21   5.44   0     0     0  BRK-0, REST-0
    21     CS   14.471   311.6   1.68   5.49   5.72   0     0     0  BRK-0, REST-0
    22     CS   14.717   285.9   1.93   5.73   5.97   0     0     0  BRK-0, REST-0
    23     CS   15.048   264.7   2.26   6.06   6.30   0     0     0  BRK-0, REST-0
    24     CS   15.282   238.0   2.49   6.30   6.53   0     0     0  BRK-0, REST-0
    25     CS   15.736   189.6   2.95   6.75   6.99   1   b45     0  CHARGE, BRK-B45, REST-0
    26     CS   16.944   405.0   0.23   6.98   7.44   0     0     0  BRK-0, REST-0
    27     CS   17.166   379.5   0.45   7.20   7.67   0     0     0  BRK-0, REST-0
    28   CUST   17.428   357.1   0.71   7.46   7.93   0     0     0  BRK-0, REST-0
    29   CUST   18.125   336.0   0.91   7.66   8.62   0     0     0  BRK-0, REST-0
    30   CUST   18.686   329.8   0.97   7.72   9.19   0     0     0  BRK-0, REST-0
    31     CS   19.272   321.1   1.06   7.81   9.77   0     0     0  BRK-0, REST-0
    32     CS   19.519   299.4   1.30   8.05  10.02   0     0     0  BRK-0, REST-0
    33     CS   19.889   281.6   1.67   8.42  10.39   0     0     0  BRK-0, REST-0
    34   CUST   20.138   260.1   1.92   8.67  10.64   0     0     0  BRK-0, REST-0
    35   CUST   20.666   256.8   1.95   8.70  11.17   0     0     0  BRK-0, REST-0
    36   CUST   21.513   217.6   2.30   9.05  12.01   0     0    r2  BRK-0, REST-R2
    37   CUST   31.059   212.3   0.05   0.05   0.05   0     0     0  BRK-0, REST-0
    38   CUST   31.649   201.5   0.14   0.14   0.64   0     0     0  BRK-0, REST-0
    39     CS   32.233   192.7   0.22   0.22   1.22   0     0     0  BRK-0, REST-0
    40   CUST   32.317   182.6   0.30   0.30   1.30   0     0     0  BRK-0, REST-0
    41     CS   32.960   168.4   0.45   0.45   1.95   0     0     0  BRK-0, REST-0
    42     CS   33.563   125.8   1.05   1.05   2.55   1   b15     0  CHARGE, BRK-B15, REST-0
    43     CS   34.239   352.0   1.26   1.26   2.98   0     0     0  BRK-0, REST-0
    44     CS   34.448   327.7   1.47   1.47   3.18   0     0     0  BRK-0, REST-0
    45     CS   34.663   304.0   1.69   1.69   3.40   0     0     0  BRK-0, REST-0
    46     CS   34.893   277.7   1.92   1.92   3.63   0     0     0  BRK-0, REST-0
    47     CS   35.129   252.0   2.15   2.15   3.87   0     0     0  BRK-0, REST-0
    48     CS   35.405   229.0   2.43   2.43   4.14   1   b30     0  CHARGE, BRK-B30, REST-0
    49     CS   36.518   442.0   0.35   2.78   4.75   0     0     0  BRK-0, REST-0
    50     CS   36.769   412.2   0.60   3.03   5.01   0     0     0  BRK-0, REST-0
    51     CS   37.019   382.1   0.85   3.28   5.26   0     0     0  BRK-0, REST-0
    52     CS   37.222   360.5   1.05   3.48   5.46   0     0     0  BRK-0, REST-0
    53     CS   37.439   339.9   1.27   3.70   5.68   0     0     0  BRK-0, REST-0
    54     CS   37.638   317.8   1.47   3.90   5.87   0     0     0  BRK-0, REST-0
    55     CS   37.980   291.8   1.81   4.24   6.22   0     0     0  BRK-0, REST-0
    56     CS   38.247   260.5   2.08   4.51   6.48   0     0     0  BRK-0, REST-0
    57     CS   38.497   230.7   2.33   4.76   6.73   0     0     0  BRK-0, REST-0
    58     CS   38.758   201.9   2.59   5.02   6.99   0     0     0  BRK-0, REST-0
    59     CS   39.023   173.5   2.85   5.28   7.26   0     0     0  BRK-0, REST-0
    60     CS   39.299   146.1   3.13   5.56   7.54   1   b45     0  CHARGE, BRK-B45, REST-0
    61     CS   40.715   438.7   0.35   5.91   8.20   0     0     0  BRK-0, REST-0
    62     CS   40.988   410.8   0.63   6.19   8.47   0     0     0  BRK-0, REST-0
    63     CS   41.249   381.9   0.89   6.45   8.74   0     0     0  BRK-0, REST-0
    64   CUST   41.535   354.9   1.17   6.73   9.02   0     0     0  BRK-0, REST-0
    65     CS   42.321   323.9   1.46   7.02   9.81   0     0     0  BRK-0, REST-0
    66     CS   42.599   292.1   1.74   7.30  10.09   0     0     0  BRK-0, REST-0
    67     CS   42.878   260.5   2.02   7.58  10.36   1   b15     0  CHARGE, BRK-B15, REST-0
    68     CS   43.481   408.3   2.14   7.70  10.72   0     0     0  BRK-0, REST-0
    69     CS   43.696   386.1   2.35   7.91  10.93   0     0     0  BRK-0, REST-0
    70     CS   43.894   362.4   2.55   8.11  11.13   0     0     0  BRK-0, REST-0
    71     CS   44.095   339.0   2.75   8.31  11.33   0     0     0  BRK-0, REST-0
    72     CS   44.346   311.1   3.00   8.56  11.58   0     0     0  BRK-0, REST-0
    73     CS   44.593   282.8   3.25   8.81  11.83   0     0    r2  BRK-0, REST-R2
    74     CS   53.985   260.7   0.23   0.23   0.23   0     0     0  BRK-0, REST-0
    75     CS   54.193   237.1   0.43   0.43   0.43   0     0     0  BRK-0, REST-0
    76     CS   54.401   213.6   0.64   0.64   0.64   1   b15     0  CHARGE, BRK-B15, REST-0
    77     CS   55.463   272.5   0.92   0.92   1.45   0     0     0  BRK-0, REST-0
    78     CS   55.729   242.5   1.19   1.19   1.72   0     0     0  BRK-0, REST-0
    79     CS   55.988   211.7   1.45   1.45   1.98   0     0     0  BRK-0, REST-0
    80     CS   56.304   185.3   1.77   1.77   2.29   0     0     0  BRK-0, REST-0
    81     CS   56.582   154.0   2.04   2.04   2.57   0     0     0  BRK-0, REST-0
    82     CS   56.870   123.5   2.33   2.33   2.86   1   b30     0  CHARGE, BRK-B30, REST-0
    83     CS   57.833   392.1   0.25   2.59   3.32   0     0     0  BRK-0, REST-0
    84     CS   58.099   364.4   0.52   2.85   3.59   0     0     0  BRK-0, REST-0
    85     CS   58.486   345.7   0.91   3.24   3.98   0     0     0  BRK-0, REST-0
    86     CS   58.790   324.9   1.21   3.54   4.28   0     0     0  BRK-0, REST-0
    87     CS   59.055   302.3   1.48   3.81   4.55   0     0     0  BRK-0, REST-0
    88   CUST   59.283   277.0   1.70   4.04   4.77   0     0     0  BRK-0, REST-0
    89   CUST   59.836   271.2   1.76   4.09   5.33   0     0     0  BRK-0, REST-0
    90   CUST   60.684   234.4   2.10   4.44   6.17   0     0    r2  BRK-0, REST-R2
    91   CUST   70.219   230.5   0.04   0.04   0.04   0     0     0  BRK-0, REST-0
    92   CUST   70.930   219.8   0.25   0.25   0.75   0     0     0  BRK-0, REST-0
    93     CS   71.442   218.5   0.26   0.26   1.26   0     0     0  BRK-0, REST-0
    94     CS   71.679   194.1   0.50   0.50   1.50   0     0     0  BRK-0, REST-0
    95     CS   71.921   167.7   0.74   0.74   1.74   0     0     0  BRK-0, REST-0
    96     CS   72.214   144.7   1.03   1.03   2.03   0     0     0  BRK-0, REST-0
    97     CS   72.449   118.1   1.27   1.27   2.27   1   b15     0  CHARGE, BRK-B15, REST-0
    98     CS   73.355   375.8   1.53   1.53   2.89   0     0     0  BRK-0, REST-0
    99     CS   73.582   348.4   1.76   1.76   3.12   0     0     0  BRK-0, REST-0
   100     CS   73.854   317.3   2.03   2.03   3.39   0     0     0  BRK-0, REST-0
   101     CS   74.122   285.8   2.30   2.30   3.66   0     0     0  BRK-0, REST-0
   102     CS   74.395   254.8   2.57   2.57   3.93   0     0     0  BRK-0, REST-0
   103     CS   74.648   227.0   2.82   2.82   4.18   0     0     0  BRK-0, REST-0
   104     CS   74.888   198.1   3.06   3.06   4.42   0     0     0  BRK-0, REST-0
   105     CS   75.095   174.4   3.27   3.27   4.63   1   b30     0  CHARGE, BRK-B30, REST-0
   106     CS   76.537   437.4   0.21   3.48   5.45   0     0     0  BRK-0, REST-0
   107     CS   76.759   415.1   0.44   3.71   5.67   0     0     0  BRK-0, REST-0
   108     CS   77.042   384.1   0.72   3.99   5.95   0     0     0  BRK-0, REST-0
   109     CS   77.327   353.4   1.00   4.27   6.24   0     0     0  BRK-0, REST-0
   110     CS   77.609   322.5   1.29   4.56   6.52   0     0     0  BRK-0, REST-0
   111     CS   77.899   292.2   1.58   4.85   6.81   0     0     0  BRK-0, REST-0
   112     CS   78.174   260.5   1.85   5.12   7.08   1   b15     0  CHARGE, BRK-B15, REST-0
   113     CS   78.890   396.4   2.09   5.36   7.55   0     0     0  BRK-0, REST-0
   114     CS   79.121   370.2   2.32   5.59   7.78   0     0     0  BRK-0, REST-0
   115     CS   79.403   347.6   2.60   5.87   8.06   0     0     0  BRK-0, REST-0
   116     CS   79.648   322.7   2.85   6.12   8.31   0     0     0  BRK-0, REST-0
   117     CS   79.889   300.3   3.09   6.36   8.55   0     0     0  BRK-0, REST-0
   118     CS   80.100   275.4   3.30   6.57   8.76   0     0     0  BRK-0, REST-0
  RmediumCmanyTnone_1__mix: duration None h  infeasible=False  tw=0  80 min
  ScenarioTracker saved: /mnt/beegfs/users/celinep/ChargeAndBreak/ML/la_mixed/logs/sensitivity/RshortCmanyTnone_1__mix_LA_S25_H24_20261004_145559_scenarios.json

  === SIMULATION TRAJECTORY ===
  stop   type    t_arr     soc     cd     sd     sw   y   brk   rst  action
  ───────────────────────────────────────────────────────────────────────────────────────────────
     0   ORIG    8.000   500.0   0.00   0.00   0.00   0     —     —  —
     1     CS    8.253   475.6   0.25   0.25   0.25   0     0     0  BRK-0, REST-0
     2     CS    8.508   451.4   0.51   0.51   0.51   0     0     0  BRK-0, REST-0
     3     CS    8.772   427.7   0.77   0.77   0.77   0     0     0  BRK-0, REST-0
     4     CS    9.052   405.7   1.05   1.05   1.05   0     0     0  BRK-0, REST-0
     5     CS    9.279   379.9   1.28   1.28   1.28   0     0     0  BRK-0, REST-0
     6     CS    9.501   353.6   1.50   1.50   1.50   0     0     0  BRK-0, REST-0
     7     CS    9.781   320.8   1.78   1.78   1.78   0     0     0  BRK-0, REST-0
     8     CS   10.077   289.6   2.08   2.08   2.08   0     0     0  BRK-0, REST-0
     9     CS   10.372   258.2   2.37   2.37   2.37   0     0     0  BRK-0, REST-0
    10     CS   10.660   228.8   2.66   2.66   2.66   0     0     0  BRK-0, REST-0
    11   CUST   10.929   197.9   2.93   2.93   2.93   0     0     0  BRK-0, REST-0
    12     CS   11.893   159.5   3.39   3.39   3.89   1   b15     0  CHARGE, BRK-B15, REST-0
    13   CUST   12.815   178.1   3.56   3.56   4.57   0     0     0  BRK-0, REST-0
    14     CS   13.873   147.9   4.12   4.12   5.62   1   b30     0  CHARGE, BRK-B30, REST-0
    15     CS   14.931   421.4   0.23   4.35   6.10   0     0     0  BRK-0, REST-0
    16     CS   15.141   396.8   0.44   4.56   6.31   0     0     0  BRK-0, REST-0
    17     CS   15.355   372.6   0.65   4.77   6.52   0     0     0  BRK-0, REST-0
    18     CS   15.831   330.2   1.13   5.25   7.00   1   b15     0  CHARGE, BRK-B15, REST-0
    19     CS   17.009   430.5   1.37   5.49   7.82   0     0     0  BRK-0, REST-0
    20     CS   17.247   402.5   1.61   5.73   8.06   0     0     0  BRK-0, REST-0
    21     CS   17.486   374.7   1.85   5.97   8.30   0     0    r2  BRK-0, REST-R2
    22     CS   26.938   342.5   0.29   0.29   0.29   0     0     0  BRK-0, REST-0
    23     CS   27.225   310.3   0.57   0.57   0.57   0     0     0  BRK-0, REST-0
    24   CUST   27.511   278.1   0.86   0.86   0.86   0     0     0  BRK-0, REST-0
    25   CUST   28.066   272.5   0.91   0.91   1.41   0   b15     0  BRK-B15, REST-0
    26   CUST   29.073   246.3   1.17   1.17   2.17   0     0     0  BRK-0, REST-0
    27     CS   29.922   221.4   1.52   1.52   3.02   1   b30     0  CHARGE, BRK-B30, REST-0
    28     CS   31.037   444.5   0.28   1.80   3.58   0     0     0  BRK-0, REST-0
    29   CUST   31.529   396.8   0.78   2.29   4.08   0     0     0  BRK-0, REST-0
    30     CS   32.759   361.8   1.51   3.02   5.31   0     0     0  BRK-0, REST-0
    31   CUST   33.032   341.5   1.78   3.30   5.58   0     0     0  BRK-0, REST-0
    32   CUST   33.584   335.6   1.83   3.35   6.13   0     0     0  BRK-0, REST-0
    33     CS   34.331   307.7   2.08   3.60   6.88   0     0     0  BRK-0, REST-0
    34     CS   34.624   283.2   2.37   3.89   7.17   0     0     0  BRK-0, REST-0
    35     CS   34.953   260.3   2.70   4.22   7.50   0     0     0  BRK-0, REST-0
    36     CS   35.132   244.4   2.88   4.40   7.68   0     0     0  BRK-0, REST-0
    37     CS   35.605   193.0   3.35   4.87   8.15   0     0     0  BRK-0, REST-0
    38     CS   35.846   164.6   3.59   5.11   8.39   0     0     0  BRK-0, REST-0
    39     CS   36.087   136.1   3.83   5.35   8.63   0     0     0  BRK-0, REST-0
  RshortCmanyTnone_1__mix: duration None h  infeasible=False  tw=0  7 min
  ScenarioTracker saved: /mnt/beegfs/users/celinep/ChargeAndBreak/ML/la_mixed/logs/sensitivity/RmediumCmanyTnone_2__mix_LA_S25_H24_20261004_150244_scenarios.json

  === SIMULATION TRAJECTORY ===
  stop   type    t_arr     soc     cd     sd     sw   y   brk   rst  action
  ───────────────────────────────────────────────────────────────────────────────────────────────
     0   ORIG    8.000   500.0   0.00   0.00   0.00   0     —     —  —
     1     CS    8.289   477.7   0.29   0.29   0.29   0     0     0  BRK-0, REST-0
     2     CS    8.536   452.9   0.54   0.54   0.54   0     0     0  BRK-0, REST-0
     3     CS    8.778   427.7   0.78   0.78   0.78   0     0     0  BRK-0, REST-0
     4     CS    9.207   406.4   1.21   1.21   1.21   0     0     0  BRK-0, REST-0
     5     CS    9.467   378.2   1.47   1.47   1.47   0     0     0  BRK-0, REST-0
     6     CS    9.708   349.7   1.71   1.71   1.71   0     0     0  BRK-0, REST-0
     7     CS    9.956   321.9   1.96   1.96   1.96   0     0     0  BRK-0, REST-0
     8     CS   10.199   293.7   2.20   2.20   2.20   0     0     0  BRK-0, REST-0
     9     CS   10.492   271.6   2.49   2.49   2.49   0     0     0  BRK-0, REST-0
    10     CS   10.720   245.2   2.72   2.72   2.72   0     0     0  BRK-0, REST-0
    11     CS   10.953   219.1   2.95   2.95   2.95   0     0     0  BRK-0, REST-0
    12     CS   11.209   193.4   3.21   3.21   3.21   0     0     0  BRK-0, REST-0
    13     CS   11.483   168.9   3.48   3.48   3.48   0     0     0  BRK-0, REST-0
    14     CS   11.728   142.2   3.73   3.73   3.73   0     0     0  BRK-0, REST-0
    15     CS   11.967   114.9   3.97   3.97   3.97   1   b45     0  CHARGE, BRK-B45, REST-0
    16     CS   13.649   445.1   0.21   4.18   4.50   0     0     0  BRK-0, REST-0
    17     CS   13.854   422.0   0.42   4.39   4.70   0     0     0  BRK-0, REST-0
    18     CS   14.060   399.2   0.63   4.59   4.91   0     0     0  BRK-0, REST-0
    19     CS   14.407   372.4   0.97   4.94   5.26   0     0     0  BRK-0, REST-0
    20     CS   14.676   340.2   1.24   5.21   5.52   0     0     0  BRK-0, REST-0
    21     CS   14.970   310.2   1.53   5.50   5.82   1   b15     0  CHARGE, BRK-B15, REST-0
    22     CS   16.100   393.7   1.79   5.76   6.70   0     0     0  BRK-0, REST-0
    23     CS   16.360   363.0   2.05   6.02   6.96   0     0     0  BRK-0, REST-0
    24     CS   16.644   331.0   2.34   6.31   7.24   0     0     0  BRK-0, REST-0
    25   CUST   16.921   298.3   2.62   6.58   7.52   0     0     0  BRK-0, REST-0
    26     CS   17.701   265.2   2.90   6.86   8.30   0     0     0  BRK-0, REST-0
    27     CS   18.008   234.3   3.20   7.17   8.61   0     0     0  BRK-0, REST-0
    28     CS   18.317   203.8   3.51   7.48   8.92   1   b30     0  CHARGE, BRK-B30, REST-0
    29     CS   19.255   460.8   0.06   7.54   9.23   0     0     0  BRK-0, REST-0
    30     CS   19.590   431.6   0.40   7.88   9.57   0     0     0  BRK-0, REST-0
    31   CUST   19.888   399.6   0.70   8.18   9.87   0     0     0  BRK-0, REST-0
    32     CS   20.662   366.6   0.97   8.45  10.64   0     0     0  BRK-0, REST-0
    33     CS   20.927   338.3   1.24   8.71  10.91   0     0     0  BRK-0, REST-0
    34   CUST   21.190   309.6   1.50   8.98  11.17   0     0    r2  BRK-0, REST-R2
    35     CS   30.858   293.0   0.17   0.17   0.17   0     0     0  BRK-0, REST-0
    36     CS   31.164   268.4   0.47   0.47   0.47   0     0     0  BRK-0, REST-0
    37     CS   31.432   241.3   0.74   0.74   0.74   0     0     0  BRK-0, REST-0
    38     CS   31.732   209.6   1.04   1.04   1.04   0     0     0  BRK-0, REST-0
    39     CS   32.016   176.4   1.33   1.33   1.33   0     0     0  BRK-0, REST-0
    40     CS   32.301   149.1   1.61   1.61   1.61   0     0     0  BRK-0, REST-0
    41     CS   32.565   120.0   1.88   1.88   1.88   1   b45     0  CHARGE, BRK-B45, REST-0
    42     CS   33.948   368.8   0.23   2.11   2.47   0     0     0  BRK-0, REST-0
    43     CS   34.265   347.6   0.55   2.43   2.79   0     0     0  BRK-0, REST-0
    44     CS   34.500   321.8   0.79   2.66   3.03   0     0     0  BRK-0, REST-0
    45     CS   34.797   298.1   1.08   2.96   3.32   0     0     0  BRK-0, REST-0
    46     CS   35.052   271.7   1.34   3.21   3.58   0     0     0  BRK-0, REST-0
    47     CS   35.288   243.6   1.57   3.45   3.81   0     0     0  BRK-0, REST-0
    48     CS   35.579   219.6   1.86   3.74   4.10   0     0     0  BRK-0, REST-0
    49     CS   35.897   196.8   2.18   4.06   4.42   0     0     0  BRK-0, REST-0
    50     CS   36.132   168.6   2.42   4.29   4.66   0     0     0  BRK-0, REST-0
    51     CS   36.413   150.0   2.70   4.57   4.94   0     0     0  BRK-0, REST-0
    52     CS   36.626   127.6   2.91   4.79   5.15   0     0     0  BRK-0, REST-0
    53     CS   36.829   104.4   3.12   4.99   5.35   1   b45     0  CHARGE, BRK-B45, REST-0
    54     CS   38.118   465.1   0.24   5.24   5.89   0     0     0  BRK-0, REST-0
    55     CS   38.352   438.4   0.48   5.47   6.13   0     0     0  BRK-0, REST-0
    56     CS   38.583   411.4   0.71   5.70   6.36   0     0     0  BRK-0, REST-0
    57     CS   38.831   386.6   0.96   5.95   6.61   0     0     0  BRK-0, REST-0
    58     CS   39.066   360.8   1.19   6.18   6.84   0     0     0  BRK-0, REST-0
    59     CS   39.298   334.7   1.42   6.42   7.07   0     0     0  BRK-0, REST-0
    60   CUST   39.555   310.6   1.68   6.67   7.33   0     0     0  BRK-0, REST-0
    61     CS   40.297   283.7   1.92   6.91   8.07   0     0     0  BRK-0, REST-0
    62   CUST   40.543   257.1   2.17   7.16   8.32   0     0     0  BRK-0, REST-0
    63     CS   41.455   218.6   2.58   7.57   9.23   0     0     0  BRK-0, REST-0
    64   CUST   41.472   216.6   2.60   7.59   9.25   0     0     0  BRK-0, REST-0
    65   CUST   42.149   196.1   2.77   7.77   9.92   0     0     0  BRK-0, REST-0
    66     CS   42.685   192.3   2.81   7.80  10.46   0     0     0  BRK-0, REST-0
    67   CUST   42.894   167.7   3.02   8.01  10.67   0     0     0  BRK-0, REST-0
    68     CS   43.422   164.3   3.05   8.04  11.20   0     0     0  BRK-0, REST-0
    69     CS   43.653   137.7   3.28   8.27  11.43   0     0     0  BRK-0, REST-0
    70     CS   43.912   113.5   3.54   8.53  11.69   1   b15     0  CHARGE, BRK-B15, REST-0
    71     CS   44.821   208.0   3.78   8.77  12.25   0     0    r2  BRK-0, REST-R2
    72     CS   54.220   181.6   0.23   0.23   0.23   0     0     0  BRK-0, REST-0
    73     CS   54.555   148.3   0.57   0.57   0.57   1   b30     0  CHARGE, BRK-B30, REST-0
    74     CS   55.646   203.8   0.80   0.80   1.11   0     0     0  BRK-0, REST-0
    75     CS   55.886   178.5   1.04   1.04   1.35   0     0     0  BRK-0, REST-0
    76     CS   56.286   159.3   1.44   1.44   1.75   0     0     0  BRK-0, REST-0
    77     CS   56.517   133.0   1.67   1.67   1.98   0     0     0  BRK-0, REST-0
    78     CS   56.838   104.3   1.99   1.99   2.31   1   b30     0  CHARGE, BRK-B30, REST-0
    79     CS   57.835   384.2   0.29   2.28   2.80   0     0     0  BRK-0, REST-0
    80     CS   58.186   357.1   0.64   2.63   3.15   0     0     0  BRK-0, REST-0
    81     CS   58.597   311.9   1.05   3.04   3.56   0     0     0  BRK-0, REST-0
    82     CS   58.856   288.6   1.31   3.30   3.82   0     0     0  BRK-0, REST-0
    83     CS   59.098   264.1   1.55   3.54   4.07   0     0     0  BRK-0, REST-0
    84     CS   59.334   239.2   1.79   3.78   4.30   1   b15     0  CHARGE, BRK-B15, REST-0
    85     CS   60.192   254.1   2.06   4.05   4.91   0     0     0  BRK-0, REST-0
    86     CS   60.417   228.1   2.28   4.27   5.14   0     0     0  BRK-0, REST-0
    87   CUST   60.648   202.7   2.51   4.50   5.37   0     0     0  BRK-0, REST-0
    88   CUST   61.496   167.0   2.86   4.85   6.21   0     0     0  BRK-0, REST-0
    89     CS   62.368   141.3   3.23   5.22   7.09   0     0     0  BRK-0, REST-0
    90     CS   62.385   139.4   3.25   5.24   7.10   1     0    r2  CHARGE, BRK-0, REST-R2
    91     CS   72.323   373.3   0.32   0.32   0.32   0     0     0  BRK-0, REST-0
    92     CS   72.605   344.1   0.60   0.60   0.60   0     0     0  BRK-0, REST-0
    93     CS   72.920   317.0   0.92   0.92   0.92   0     0     0  BRK-0, REST-0
    94     CS   73.186   286.4   1.18   1.18   1.18   0     0     0  BRK-0, REST-0
    95     CS   73.417   258.9   1.41   1.41   1.41   0     0     0  BRK-0, REST-0
    96     CS   73.660   232.7   1.66   1.66   1.66   0     0     0  BRK-0, REST-0
    97     CS   73.915   205.5   1.91   1.91   1.91   0     0     0  BRK-0, REST-0
    98     CS   74.191   179.9   2.19   2.19   2.19   0     0     0  BRK-0, REST-0
    99     CS   74.466   154.3   2.46   2.46   2.46   1   b15     0  CHARGE, BRK-B15, REST-0
   100     CS   75.240   372.0   2.72   2.72   2.99   0     0     0  BRK-0, REST-0
   101     CS   75.492   343.0   2.97   2.97   3.24   0     0     0  BRK-0, REST-0
   102     CS   75.758   315.2   3.23   3.23   3.50   0     0     0  BRK-0, REST-0
   103     CS   76.039   284.9   3.52   3.52   3.79   0     0     0  BRK-0, REST-0
   104     CS   76.339   256.1   3.82   3.82   4.09   0     0     0  BRK-0, REST-0
   105     CS   76.615   225.4   4.09   4.09   4.36   1   b30     0  CHARGE, BRK-B30, REST-0
   106     CS   77.852   427.7   0.38   4.47   5.00   0     0     0  BRK-0, REST-0
   107     CS   78.051   405.6   0.57   4.67   5.20   0     0     0  BRK-0, REST-0
   108     CS   78.259   384.3   0.78   4.87   5.41   0     0     0  BRK-0, REST-0
   109     CS   78.456   362.2   0.98   5.07   5.61   0     0     0  BRK-0, REST-0
   110     CS   78.672   337.0   1.20   5.29   5.82   0     0     0  BRK-0, REST-0
   111     CS   78.893   312.2   1.42   5.51   6.05   0     0     0  BRK-0, REST-0
   112     CS   79.115   287.5   1.64   5.73   6.27   0     0     0  BRK-0, REST-0
   113     CS   79.356   264.5   1.88   5.97   6.51   0     0     0  BRK-0, REST-0
   114     CS   79.622   236.7   2.15   6.24   6.77   0     0     0  BRK-0, REST-0
   115     CS   79.884   208.6   2.41   6.50   7.04   1   b15     0  CHARGE, BRK-B15, REST-0
   116     CS   80.746   264.6   2.68   6.77   7.65   0     0     0  BRK-0, REST-0
   117     CS   81.062   236.2   3.00   7.09   7.96   0     0     0  BRK-0, REST-0
   118     CS   81.521   212.8   3.46   7.55   8.42   0     0     0  BRK-0, REST-0
  RmediumCmanyTnone_2__mix: duration None h  infeasible=False  tw=0  103 min
  ScenarioTracker saved: /mnt/beegfs/users/celinep/ChargeAndBreak/ML/la_mixed/logs/sensitivity/RshortCmanyTnone_2__mix_LA_S25_H24_20261004_164516_scenarios.json

  === SIMULATION TRAJECTORY ===
  stop   type    t_arr     soc     cd     sd     sw   y   brk   rst  action
  ───────────────────────────────────────────────────────────────────────────────────────────────
     0   ORIG    8.000   500.0   0.00   0.00   0.00   0     —     —  —
     1     CS    8.240   474.6   0.24   0.24   0.24   0     0     0  BRK-0, REST-0
     2     CS    8.466   448.0   0.47   0.47   0.47   0     0     0  BRK-0, REST-0
     3     CS    8.707   422.7   0.71   0.71   0.71   0     0     0  BRK-0, REST-0
     4     CS    8.969   397.5   0.97   0.97   0.97   0     0     0  BRK-0, REST-0
     5     CS    9.201   369.8   1.20   1.20   1.20   0     0     0  BRK-0, REST-0
     6     CS    9.467   344.9   1.47   1.47   1.47   0     0     0  BRK-0, REST-0
     7     CS    9.767   321.4   1.77   1.77   1.77   0     0     0  BRK-0, REST-0
     8     CS   10.006   293.5   2.01   2.01   2.01   0     0     0  BRK-0, REST-0
     9   CUST   10.268   267.7   2.27   2.27   2.27   0     0     0  BRK-0, REST-0
    10   CUST   11.215   219.8   2.71   2.71   3.21   0     0     0  BRK-0, REST-0
    11   CUST   11.715   219.8   2.71   2.71   3.71   0     0     0  BRK-0, REST-0
    12   CUST   12.437   199.5   2.94   2.94   4.44   0     0     0  BRK-0, REST-0
    13     CS   12.971   195.6   2.97   2.97   4.97   0     0     0  BRK-0, REST-0
    14   CUST   13.113   181.3   3.11   3.11   5.11   0     0    r2  BRK-0, REST-R2
    15     CS   23.023   139.4   0.41   0.41   0.41   1   b30     0  CHARGE, BRK-B30, REST-0
    16   CUST   23.964   448.7   0.53   0.53   0.79   0     0     0  BRK-0, REST-0
    17   CUST   24.664   425.5   0.73   0.73   1.49   0     0     0  BRK-0, REST-0
    18     CS   25.583   378.7   1.15   1.15   2.41   0     0     0  BRK-0, REST-0
    19     CS   25.674   369.3   1.24   1.24   2.50   0     0     0  BRK-0, REST-0
    20     CS   25.972   339.6   1.54   1.54   2.80   0     0     0  BRK-0, REST-0
    21     CS   26.249   308.2   1.81   1.81   3.07   0     0     0  BRK-0, REST-0
    22   CUST   26.525   276.7   2.09   2.09   3.35   0     0     0  BRK-0, REST-0
    23     CS   27.385   246.0   2.45   2.45   4.21   0     0     0  BRK-0, REST-0
    24   CUST   27.784   207.6   2.85   2.85   4.61   0     0     0  BRK-0, REST-0
    25     CS   28.554   181.8   3.12   3.12   5.38   1     0     0  CHARGE, BRK-0, REST-0
    26     CS   29.277   330.4   3.38   3.38   6.10   0     0     0  BRK-0, REST-0
    27   CUST   29.319   326.0   3.42   3.42   6.14   0     0     0  BRK-0, REST-0
    28   CUST   30.157   287.2   3.76   3.76   6.98   0     0     0  BRK-0, REST-0
    29     CS   30.831   267.6   3.93   3.93   7.66   1   b30     0  CHARGE, BRK-B30, REST-0
    30   CUST   32.088   416.6   0.39   4.33   8.41   0     0     0  BRK-0, REST-0
    31     CS   32.761   400.3   0.57   4.50   9.08   0     0     0  BRK-0, REST-0
    32     CS   33.021   375.9   0.83   4.76   9.34   0     0     0  BRK-0, REST-0
    33   CUST   33.253   349.2   1.06   4.99   9.58   0     0     0  BRK-0, REST-0
    34     CS   34.005   319.6   1.31   5.25  10.33   0     0     0  BRK-0, REST-0
    35     CS   34.274   291.5   1.58   5.52  10.60   0     0     0  BRK-0, REST-0
    36     CS   34.280   290.9   1.59   5.52  10.60   0     0     0  BRK-0, REST-0
    37     CS   34.548   261.0   1.85   5.79  10.87   0     0     0  BRK-0, REST-0
    38     CS   34.809   230.4   2.12   6.05  11.13   0     0     0  BRK-0, REST-0
    39     CS   35.069   199.8   2.38   6.31  11.39   0     0     0  BRK-0, REST-0
    40     CS   35.427   174.7   2.73   6.67  11.75   0     0     0  BRK-0, REST-0
    41     CS   35.727   146.6   3.03   6.97  12.05   0     0     0  BRK-0, REST-0
  RshortCmanyTnone_2__mix: duration None h  infeasible=False  tw=0  9 min
  ScenarioTracker saved: /mnt/beegfs/users/celinep/ChargeAndBreak/ML/la_mixed/logs/sensitivity/RmediumCmanyTnone_3__mix_LA_S25_H24_20261004_165350_scenarios.json

  === SIMULATION TRAJECTORY ===
  stop   type    t_arr     soc     cd     sd     sw   y   brk   rst  action
  ───────────────────────────────────────────────────────────────────────────────────────────────
     0   ORIG    8.000   500.0   0.00   0.00   0.00   0     —     —  —
     1     CS    8.298   478.1   0.30   0.30   0.30   0     0     0  BRK-0, REST-0
     2     CS    8.566   454.8   0.57   0.57   0.57   0     0     0  BRK-0, REST-0
     3     CS    8.791   427.9   0.79   0.79   0.79   0     0     0  BRK-0, REST-0
     4     CS    9.033   405.6   1.03   1.03   1.03   0     0     0  BRK-0, REST-0
     5     CS    9.264   382.5   1.26   1.26   1.26   0     0     0  BRK-0, REST-0
     6     CS    9.491   359.0   1.49   1.49   1.49   0     0     0  BRK-0, REST-0
     7     CS    9.741   332.9   1.74   1.74   1.74   0     0     0  BRK-0, REST-0
     8     CS   10.154   313.1   2.15   2.15   2.15   0     0     0  BRK-0, REST-0
     9     CS   10.391   285.9   2.39   2.39   2.39   0     0     0  BRK-0, REST-0
    10     CS   10.628   260.8   2.63   2.63   2.63   0     0     0  BRK-0, REST-0
    11     CS   10.858   235.2   2.86   2.86   2.86   0     0     0  BRK-0, REST-0
    12     CS   11.081   208.8   3.08   3.08   3.08   0     0     0  BRK-0, REST-0
    13     CS   11.336   185.1   3.34   3.34   3.34   1   b15     0  CHARGE, BRK-B15, REST-0
    14     CS   12.251   367.6   3.71   3.71   4.00   1   b30     0  CHARGE, BRK-B30, REST-0
    15     CS   13.186   413.5   0.25   3.96   4.44   0     0     0  BRK-0, REST-0
    16     CS   13.444   385.1   0.51   4.22   4.69   0     0     0  BRK-0, REST-0
    17     CS   13.702   356.6   0.77   4.47   4.95   0     0     0  BRK-0, REST-0
    18     CS   13.932   335.6   1.00   4.71   5.18   0     0     0  BRK-0, REST-0
    19     CS   14.131   311.9   1.20   4.90   5.38   0     0     0  BRK-0, REST-0
    20     CS   14.358   290.6   1.42   5.13   5.61   0     0     0  BRK-0, REST-0
    21     CS   14.669   263.2   1.73   5.44   5.92   0     0     0  BRK-0, REST-0
    22     CS   14.936   232.5   2.00   5.71   6.19   0     0     0  BRK-0, REST-0
    23     CS   15.204   201.8   2.27   5.98   6.45   1   b45     0  CHARGE, BRK-B45, REST-0
    24     CS   16.639   468.8   0.20   6.18   6.86   0     0     0  BRK-0, REST-0
    25     CS   16.857   446.9   0.42   6.40   7.08   0     0     0  BRK-0, REST-0
    26   CUST   17.079   425.2   0.64   6.62   7.30   0     0     0  BRK-0, REST-0
    27   CUST   17.607   421.9   0.67   6.65   7.83   0     0     0  BRK-0, REST-0
    28     CS   18.121   420.8   0.68   6.66   8.34   0     0     0  BRK-0, REST-0
    29     CS   18.361   395.7   0.92   6.90   8.58   0     0     0  BRK-0, REST-0
    30     CS   18.594   370.0   1.16   7.13   8.82   0     0     0  BRK-0, REST-0
    31     CS   18.894   348.4   1.46   7.43   9.12   0     0     0  BRK-0, REST-0
    32   CUST   19.120   322.1   1.68   7.66   9.34   0     0     0  BRK-0, REST-0
    33     CS   19.838   300.5   1.90   7.88  10.06   0     0     0  BRK-0, REST-0
    34   CUST   20.136   269.8   2.20   8.18  10.36   0     0     0  BRK-0, REST-0
    35     CS   20.735   258.7   2.30   8.27  10.96   1   b15     0  CHARGE, BRK-B15, REST-0
    36     CS   21.721   251.8   2.82   8.80  11.69   0     0     0  BRK-0, REST-0
    37     CS   22.008   223.4   3.11   9.09  11.98   0     0     0  BRK-0, REST-0
    38     CS   22.320   196.8   3.42   9.40  12.29   0     0    r2  BRK-0, REST-R2
    39     CS   31.762   167.5   0.28   0.28   0.28   0     0     0  BRK-0, REST-0
    40     CS   32.044   138.8   0.56   0.56   0.56   1   b15     0  CHARGE, BRK-B15, REST-0
    41     CS   33.172   393.9   0.76   0.76   1.24   0     0     0  BRK-0, REST-0
    42     CS   33.374   372.2   0.97   0.97   1.44   0     0     0  BRK-0, REST-0
    43     CS   33.609   352.7   1.20   1.20   1.67   0     0     0  BRK-0, REST-0
    44     CS   33.934   331.2   1.53   1.53   2.00   0     0     0  BRK-0, REST-0
    45     CS   34.161   303.8   1.75   1.75   2.22   0     0     0  BRK-0, REST-0
    46     CS   34.411   278.6   2.00   2.00   2.48   1     0     0  CHARGE, BRK-0, REST-0
    47     CS   35.224   397.4   2.25   2.25   3.29   0     0     0  BRK-0, REST-0
    48   CUST   35.501   371.6   2.53   2.53   3.57   0     0     0  BRK-0, REST-0
    49     CS   36.283   348.7   2.81   2.81   4.35   0     0     0  BRK-0, REST-0
    50     CS   36.598   327.2   3.12   3.12   4.66   0     0     0  BRK-0, REST-0
    51     CS   36.861   303.2   3.39   3.39   4.92   0     0     0  BRK-0, REST-0
    52   CUST   36.882   301.5   3.41   3.41   4.95   0     0     0  BRK-0, REST-0
    53   CUST   37.779   258.5   3.81   3.81   5.84   0     0     0  BRK-0, REST-0
    54     CS   38.302   255.9   3.83   3.83   6.37   1   b30     0  CHARGE, BRK-B30, REST-0
    55   CUST   39.293   440.6   0.27   4.10   6.86   0     0     0  BRK-0, REST-0
    56   CUST   39.821   437.4   0.30   4.13   7.39   0     0     0  BRK-0, REST-0
    57     CS   40.636   408.9   0.62   4.45   8.20   0     0     0  BRK-0, REST-0
    58     CS   40.913   377.4   0.89   4.72   8.48   0     0     0  BRK-0, REST-0
    59     CS   41.288   339.4   1.27   5.10   8.85   0     0     0  BRK-0, REST-0
    60     CS   41.515   315.3   1.50   5.33   9.08   0     0     0  BRK-0, REST-0
    61     CS   41.734   290.3   1.71   5.54   9.30   0     0     0  BRK-0, REST-0
    62     CS   41.964   266.4   1.95   5.77   9.53   0     0     0  BRK-0, REST-0
    63     CS   42.433   214.6   2.41   6.24  10.00   0     0     0  BRK-0, REST-0
    64     CS   42.667   188.8   2.65   6.48  10.23   0     0     0  BRK-0, REST-0
    65     CS   42.897   162.4   2.88   6.71  10.46   0     0     0  BRK-0, REST-0
    66     CS   43.134   136.8   3.11   6.94  10.70   0     0     0  BRK-0, REST-0
    67     CS   43.362   110.3   3.34   7.17  10.93   1   b15     0  CHARGE, BRK-B15, REST-0
    68     CS   44.483   348.4   3.81   7.64  11.76   0     0     0  BRK-0, REST-0
    69     CS   44.710   324.3   4.04   7.87  11.98   0     0     0  BRK-0, REST-0
    70     CS   44.934   299.8   4.26   8.09  12.21   0     0    r2  BRK-0, REST-R2
    71     CS   54.321   275.0   0.22   0.22   0.22   0     0     0  BRK-0, REST-0
    72   CUST   54.537   249.8   0.44   0.44   0.44   0     0     0  BRK-0, REST-0
    73   CUST   55.054   247.8   0.45   0.45   0.95   0     0     0  BRK-0, REST-0
    74     CS   55.640   241.1   0.54   0.54   1.54   0     0     0  BRK-0, REST-0
    75   CUST   55.988   200.8   0.89   0.89   1.89   0     0     0  BRK-0, REST-0
    76   CUST   56.662   182.3   1.06   1.06   2.56   0     0     0  BRK-0, REST-0
    77     CS   57.332   162.4   1.23   1.23   3.23   1   b15     0  CHARGE, BRK-B15, REST-0
    78     CS   58.423   357.0   1.71   1.71   3.98   0     0     0  BRK-0, REST-0
    79     CS   58.816   333.5   2.11   2.11   4.38   0     0     0  BRK-0, REST-0
    80     CS   59.084   303.6   2.37   2.37   4.64   0     0     0  BRK-0, REST-0
    81     CS   59.352   273.7   2.64   2.64   4.91   0     0     0  BRK-0, REST-0
    82     CS   59.610   242.8   2.90   2.90   5.17   0     0     0  BRK-0, REST-0
    83     CS   59.874   212.6   3.16   3.16   5.43   0     0     0  BRK-0, REST-0
    84     CS   60.185   185.9   3.48   3.48   5.75   0     0     0  BRK-0, REST-0
    85     CS   60.437   157.7   3.73   3.73   6.00   1   b45     0  CHARGE, BRK-B45, REST-0
    86     CS   62.033   402.0   0.25   3.98   6.75   0     0     0  BRK-0, REST-0
    87     CS   62.295   374.7   0.51   4.24   7.01   0     0     0  BRK-0, REST-0
    88     CS   62.540   346.2   0.76   4.48   7.26   0     0     0  BRK-0, REST-0
    89     CS   62.784   317.6   1.00   4.73   7.50   1   b15     0  CHARGE, BRK-B15, REST-0
    90     CS   63.483   400.9   1.24   4.97   7.95   0     0     0  BRK-0, REST-0
    91     CS   63.709   374.2   1.46   5.19   8.17   0     0     0  BRK-0, REST-0
    92     CS   63.955   349.4   1.71   5.44   8.42   0     0     0  BRK-0, REST-0
    93     CS   64.200   324.4   1.96   5.68   8.67   0     0     0  BRK-0, REST-0
    94     CS   64.447   295.7   2.20   5.93   8.91   0     0     0  BRK-0, REST-0
    95     CS   64.718   269.1   2.47   6.20   9.18   0     0     0  BRK-0, REST-0
    96     CS   64.975   241.3   2.73   6.46   9.44   0     0     0  BRK-0, REST-0
  RmediumCmanyTnone_3__mix: duration None h  infeasible=False  tw=0  70 min
  ScenarioTracker saved: /mnt/beegfs/users/celinep/ChargeAndBreak/ML/la_mixed/logs/sensitivity/RshortCmanyTnone_3__mix_LA_S25_H24_20261004_180402_scenarios.json

  === SIMULATION TRAJECTORY ===
  stop   type    t_arr     soc     cd     sd     sw   y   brk   rst  action
  ───────────────────────────────────────────────────────────────────────────────────────────────
     0   ORIG    8.000   500.0   0.00   0.00   0.00   0     —     —  —
     1     CS    8.255   475.8   0.26   0.26   0.26   0     0     0  BRK-0, REST-0
     2     CS    8.481   449.1   0.48   0.48   0.48   0     0     0  BRK-0, REST-0
     3     CS    8.717   423.4   0.72   0.72   0.72   0     0     0  BRK-0, REST-0
     4     CS    8.975   402.0   0.97   0.97   0.97   0     0     0  BRK-0, REST-0
     5     CS    9.199   378.3   1.20   1.20   1.20   0     0     0  BRK-0, REST-0
     6     CS    9.432   355.3   1.43   1.43   1.43   0     0     0  BRK-0, REST-0
     7     CS    9.660   330.1   1.66   1.66   1.66   0     0     0  BRK-0, REST-0
     8     CS    9.897   305.5   1.90   1.90   1.90   0     0     0  BRK-0, REST-0
     9     CS   10.116   279.4   2.12   2.12   2.12   0     0     0  BRK-0, REST-0
    10     CS   10.337   253.5   2.34   2.34   2.34   0     0     0  BRK-0, REST-0
    11     CS   10.609   221.5   2.61   2.61   2.61   0     0     0  BRK-0, REST-0
    12     CS   10.889   190.4   2.89   2.89   2.89   1   b45     0  CHARGE, BRK-B45, REST-0
    13     CS   12.211   400.4   0.31   3.20   3.46   0     0     0  BRK-0, REST-0
    14     CS   12.493   368.6   0.59   3.48   3.74   0     0     0  BRK-0, REST-0
    15     CS   12.775   336.9   0.87   3.76   4.03   0     0     0  BRK-0, REST-0
    16     CS   13.020   309.6   1.11   4.00   4.27   0     0     0  BRK-0, REST-0
    17     CS   13.277   283.3   1.37   4.26   4.53   0     0     0  BRK-0, REST-0
    18   CUST   13.543   257.8   1.64   4.53   4.79   0     0     0  BRK-0, REST-0
    19     CS   14.377   231.3   1.97   4.86   5.63   1   b15     0  CHARGE, BRK-B15, REST-0
    20     CS   14.940   395.3   2.09   4.98   5.94   0     0     0  BRK-0, REST-0
    21     CS   15.161   372.2   2.31   5.20   6.16   0     0     0  BRK-0, REST-0
    22     CS   15.397   350.1   2.55   5.44   6.40   0     0     0  BRK-0, REST-0
    23     CS   15.636   328.3   2.78   5.67   6.64   0     0     0  BRK-0, REST-0
    24     CS   15.897   304.4   3.05   5.94   6.90   0     0     0  BRK-0, REST-0
    25     CS   16.125   278.0   3.27   6.16   7.13   0     0     0  BRK-0, REST-0
    26     CS   16.380   253.7   3.53   6.42   7.38   0     0     0  BRK-0, REST-0
    27   CUST   16.620   228.4   3.77   6.66   7.62   0     0    r2  BRK-0, REST-R2
    28   CUST   26.551   197.4   0.43   0.43   0.43   0     0     0  BRK-0, REST-0
    29   CUST   27.075   194.9   0.45   0.45   0.95   0     0     0  BRK-0, REST-0
    30     CS   27.633   188.4   0.51   0.51   1.51   0     0     0  BRK-0, REST-0
    31   CUST   27.763   173.1   0.64   0.64   1.64   0     0     0  BRK-0, REST-0
    32     CS   28.529   154.2   0.91   0.91   2.41   1   b15     0  CHARGE, BRK-B15, REST-0
    33   CUST   29.726   378.1   1.31   1.31   3.13   0     0     0  BRK-0, REST-0
    34   CUST   30.246   376.4   1.33   1.33   3.65   0     0     0  BRK-0, REST-0
    35     CS   30.770   373.8   1.36   1.36   4.17   0     0     0  BRK-0, REST-0
    36     CS   31.012   348.2   1.60   1.60   4.42   0     0     0  BRK-0, REST-0
    37     CS   31.243   321.6   1.83   1.83   4.65   0     0     0  BRK-0, REST-0
    38     CS   31.490   296.5   2.08   2.08   4.89   0     0     0  BRK-0, REST-0
    39     CS   31.753   270.7   2.34   2.34   5.16   0     0     0  BRK-0, REST-0
    40     CS   32.013   244.7   2.60   2.60   5.42   1   b30     0  CHARGE, BRK-B30, REST-0
    41   CUST   33.193   448.8   0.42   3.02   6.10   0     0     0  BRK-0, REST-0
    42     CS   34.068   403.8   0.80   3.40   6.97   0     0     0  BRK-0, REST-0
    43   CUST   34.483   355.3   1.21   3.81   7.39   0     0     0  BRK-0, REST-0
    44     CS   35.401   323.8   1.63   4.23   8.30   0     0     0  BRK-0, REST-0
    45     CS   35.899   281.7   2.13   4.73   8.80   0     0     0  BRK-0, REST-0
    46     CS   36.378   235.2   2.60   5.21   9.28   0     0     0  BRK-0, REST-0
    47     CS   36.660   204.3   2.89   5.49   9.56   0     0     0  BRK-0, REST-0
    48     CS   36.982   176.2   3.21   5.81   9.89   0     0     0  BRK-0, REST-0
    49     CS   37.253   144.2   3.48   6.08  10.16   0     0     0  BRK-0, REST-0
    50     CS   37.528   112.5   3.75   6.36  10.43   1   b15     0  CHARGE, BRK-B15, REST-0
    51     CS   38.303   168.5   4.06   6.66  10.96   1   b30     0  CHARGE, BRK-B30, REST-0
  RshortCmanyTnone_3__mix: duration None h  infeasible=False  tw=0  17 min
  ScenarioTracker saved: /mnt/beegfs/users/celinep/ChargeAndBreak/ML/la_mixed/logs/sensitivity/RmediumCmanyTnone_4__mix_LA_S25_H24_20261004_182051_scenarios.json

  === SIMULATION TRAJECTORY ===
  stop   type    t_arr     soc     cd     sd     sw   y   brk   rst  action
  ───────────────────────────────────────────────────────────────────────────────────────────────
     0   ORIG    8.000   500.0   0.00   0.00   0.00   0     —     —  —
     1     CS    8.238   474.5   0.24   0.24   0.24   0     0     0  BRK-0, REST-0
     2     CS    8.467   448.1   0.47   0.47   0.47   0     0     0  BRK-0, REST-0
     3     CS    8.692   421.3   0.69   0.69   0.69   0     0     0  BRK-0, REST-0
     4     CS    8.888   398.2   0.89   0.89   0.89   0     0     0  BRK-0, REST-0
     5     CS    9.091   375.7   1.09   1.09   1.09   0     0     0  BRK-0, REST-0
     6     CS    9.289   352.9   1.29   1.29   1.29   0     0     0  BRK-0, REST-0
     7     CS    9.572   320.7   1.57   1.57   1.57   0     0     0  BRK-0, REST-0
     8     CS   10.062   297.2   2.06   2.06   2.06   0     0     0  BRK-0, REST-0
     9     CS   10.414   272.1   2.41   2.41   2.41   0     0     0  BRK-0, REST-0
    10     CS   10.686   241.9   2.69   2.69   2.69   0     0     0  BRK-0, REST-0
    11     CS   10.960   212.0   2.96   2.96   2.96   0     0     0  BRK-0, REST-0
    12     CS   11.225   181.2   3.22   3.22   3.22   1   b45     0  CHARGE, BRK-B45, REST-0
    13     CS   12.457   460.7   0.24   3.47   3.71   0     0     0  BRK-0, REST-0
    14     CS   12.691   433.2   0.48   3.70   3.94   0     0     0  BRK-0, REST-0
    15     CS   12.926   405.7   0.71   3.94   4.18   0     0     0  BRK-0, REST-0
    16     CS   13.179   379.2   0.96   4.19   4.43   0     0     0  BRK-0, REST-0
    17     CS   13.471   355.2   1.26   4.48   4.72   0     0     0  BRK-0, REST-0
    18     CS   13.798   329.3   1.58   4.81   5.05   0     0     0  BRK-0, REST-0
    19     CS   14.090   301.3   1.87   5.10   5.34   0     0     0  BRK-0, REST-0
    20     CS   14.352   271.0   2.14   5.36   5.60   1   b15     0  CHARGE, BRK-B15, REST-0
    21     CS   15.462   387.4   2.41   5.63   6.25   0     0     0  BRK-0, REST-0
    22     CS   15.733   355.4   2.68   5.91   6.52   0     0     0  BRK-0, REST-0
    23     CS   15.975   326.2   2.92   6.15   6.76   0     0     0  BRK-0, REST-0
    24     CS   16.222   297.5   3.17   6.39   7.01   0     0     0  BRK-0, REST-0
    25     CS   16.479   269.7   3.43   6.65   7.26   0     0     0  BRK-0, REST-0
    26     CS   16.788   242.8   3.74   6.96   7.57   0     0     0  BRK-0, REST-0
    27   CUST   17.076   214.6   4.02   7.25   7.86   0     0     0  BRK-0, REST-0
    28   CUST   17.844   183.5   4.29   7.52   8.63   0   b30     0  BRK-B30, REST-0
    29     CS   19.012   163.3   0.17   7.68   9.30   1   b15     0  CHARGE, BRK-B15, REST-0
    30     CS   20.474   264.9   0.68   8.20  10.34   0     0     0  BRK-0, REST-0
    31     CS   20.750   237.9   0.96   8.47  10.62   0     0     0  BRK-0, REST-0
    32     CS   21.019   210.4   1.23   8.74  10.88   0     0     0  BRK-0, REST-0
    33     CS   21.273   181.6   1.48   9.00  11.14   0     0     0  BRK-0, REST-0
    34     CS   21.537   154.4   1.75   9.26  11.40   0     0     0  BRK-0, REST-0
    35     CS   21.784   125.8   1.99   9.51  11.65   1     0    r2  CHARGE, BRK-0, REST-R2
    36     CS   31.616   134.7   0.25   0.25   0.25   1   b15     0  CHARGE, BRK-B15, REST-0
    37     CS   32.401   351.7   0.53   0.53   0.78   0     0     0  BRK-0, REST-0
    38     CS   32.767   324.1   0.90   0.90   1.15   0     0     0  BRK-0, REST-0
    39     CS   32.973   300.3   1.11   1.11   1.35   0     0     0  BRK-0, REST-0
    40     CS   33.191   277.7   1.32   1.32   1.57   0     0     0  BRK-0, REST-0
    41     CS   33.420   255.8   1.55   1.55   1.80   0     0     0  BRK-0, REST-0
    42     CS   33.734   236.1   1.87   1.87   2.12   0     0     0  BRK-0, REST-0
    43     CS   33.967   212.4   2.10   2.10   2.35   0     0     0  BRK-0, REST-0
    44     CS   34.242   191.3   2.38   2.38   2.62   0     0     0  BRK-0, REST-0
    45     CS   34.456   165.9   2.59   2.59   2.84   0     0     0  BRK-0, REST-0
    46     CS   34.663   143.0   2.80   2.80   3.04   1   b30     0  CHARGE, BRK-B30, REST-0
    47     CS   35.831   470.2   0.21   3.01   3.49   0     0     0  BRK-0, REST-0
    48     CS   36.033   446.9   0.41   3.21   3.69   0     0     0  BRK-0, REST-0
    49     CS   36.256   422.3   0.63   3.43   3.92   0     0     0  BRK-0, REST-0
    50     CS   36.543   401.7   0.92   3.72   4.20   0     0     0  BRK-0, REST-0
    51   CUST   36.757   376.3   1.14   3.93   4.42   0     0     0  BRK-0, REST-0
    52   CUST   37.553   340.6   1.43   4.23   5.21   0     0     0  BRK-0, REST-0
    53     CS   38.137   335.4   1.52   4.31   5.80   0     0     0  BRK-0, REST-0
    54   CUST   38.598   284.2   1.98   4.77   6.26   0     0     0  BRK-0, REST-0
    55   CUST   39.199   275.4   2.08   4.87   6.86   0     0     0  BRK-0, REST-0
    56     CS   39.970   245.8   2.35   5.14   7.63   0     0     0  BRK-0, REST-0
    57     CS   40.010   241.2   2.39   5.18   7.67   0     0     0  BRK-0, REST-0
    58     CS   40.233   215.8   2.61   5.41   7.89   0     0     0  BRK-0, REST-0
    59     CS   40.450   189.9   2.83   5.62   8.11   0     0     0  BRK-0, REST-0
    60     CS   40.670   164.2   3.05   5.84   8.33   0     0     0  BRK-0, REST-0
    61     CS   40.940   139.0   3.32   6.11   8.60   1   b15     0  CHARGE, BRK-B15, REST-0
    62     CS   41.762   362.4   3.56   6.35   9.17   0     0     0  BRK-0, REST-0
    63     CS   42.012   335.5   3.81   6.60   9.42   0     0     0  BRK-0, REST-0
    64     CS   42.283   305.1   4.08   6.87   9.69   1   b30     0  CHARGE, BRK-B30, REST-0
    65     CS   43.520   425.1   0.41   7.29  10.42   0     0     0  BRK-0, REST-0
    66     CS   43.926   401.5   0.82   7.69  10.82   0     0     0  BRK-0, REST-0
    67     CS   44.231   370.2   1.12   8.00  11.13   0     0     0  BRK-0, REST-0
    68     CS   44.525   338.0   1.42   8.29  11.42   0     0     0  BRK-0, REST-0
    69     CS   44.806   306.1   1.70   8.57  11.70   0     0     0  BRK-0, REST-0
    70     CS   45.083   273.8   1.97   8.85  11.98   0     0    r2  BRK-0, REST-R2
    71     CS   54.527   241.6   0.28   0.28   0.28   1   b15     0  CHARGE, BRK-B15, REST-0
    72     CS   55.288   250.0   0.52   0.52   0.79   0     0     0  BRK-0, REST-0
    73     CS   55.550   222.7   0.78   0.78   1.05   0     0     0  BRK-0, REST-0
    74   CUST   55.838   197.2   1.07   1.07   1.34   0     0     0  BRK-0, REST-0
    75     CS   56.629   163.5   1.36   1.36   2.13   0     0     0  BRK-0, REST-0
    76     CS   56.885   133.7   1.62   1.62   2.39   1     0     0  CHARGE, BRK-0, REST-0
    77     CS   58.079   370.3   1.92   1.92   3.58   0     0     0  BRK-0, REST-0
    78     CS   58.352   338.5   2.19   2.19   3.85   0     0     0  BRK-0, REST-0
    79     CS   58.788   314.7   2.63   2.63   4.29   0     0     0  BRK-0, REST-0
    80     CS   59.074   286.3   2.91   2.91   4.57   0     0     0  BRK-0, REST-0
    81     CS   59.335   255.7   3.17   3.17   4.84   0     0     0  BRK-0, REST-0
    82     CS   59.620   227.2   3.46   3.46   5.12   1   b30     0  CHARGE, BRK-B30, REST-0
    83     CS   60.618   446.9   0.24   3.70   5.59   0     0     0  BRK-0, REST-0
    84     CS   60.901   425.0   0.52   3.98   5.87   0     0     0  BRK-0, REST-0
    85     CS   61.145   400.6   0.77   4.22   6.11   0     0     0  BRK-0, REST-0
    86     CS   61.558   353.3   1.18   4.64   6.53   1   b15     0  CHARGE, BRK-B15, REST-0
    87     CS   62.243   366.4   1.40   4.85   6.96   0     0     0  BRK-0, REST-0
    88     CS   62.477   343.5   1.63   5.09   7.20   0     0     0  BRK-0, REST-0
    89     CS   62.700   319.7   1.85   5.31   7.42   0     0     0  BRK-0, REST-0
    90     CS   63.026   291.9   2.18   5.64   7.75   0     0     0  BRK-0, REST-0
    91     CS   63.305   260.6   2.46   5.91   8.02   0     0     0  BRK-0, REST-0
    92     CS   63.573   228.3   2.73   6.18   8.29   0     0     0  BRK-0, REST-0
    93     CS   63.799   204.0   2.95   6.41   8.52   0     0     0  BRK-0, REST-0
    94     CS   64.064   182.4   3.22   6.67   8.78   0     0     0  BRK-0, REST-0
    95     CS   64.286   157.7   3.44   6.90   9.01   0     0     0  BRK-0, REST-0
  RmediumCmanyTnone_4__mix: duration None h  infeasible=False  tw=0  86 min
  ScenarioTracker saved: /mnt/beegfs/users/celinep/ChargeAndBreak/ML/la_mixed/logs/sensitivity/RshortCmanyTnone_4__mix_LA_S25_H24_20261004_194657_scenarios.json

  === SIMULATION TRAJECTORY ===
  stop   type    t_arr     soc     cd     sd     sw   y   brk   rst  action
  ───────────────────────────────────────────────────────────────────────────────────────────────
     0   ORIG    8.000   500.0   0.00   0.00   0.00   0     —     —  —
     1     CS    8.241   474.7   0.24   0.24   0.24   0     0     0  BRK-0, REST-0
     2     CS    8.527   452.3   0.53   0.53   0.53   0     0     0  BRK-0, REST-0
     3     CS    8.755   425.7   0.75   0.75   0.75   0     0     0  BRK-0, REST-0
     4     CS    9.069   396.5   1.07   1.07   1.07   0     0     0  BRK-0, REST-0
     5     CS    9.343   364.0   1.34   1.34   1.34   0     0     0  BRK-0, REST-0
     6     CS    9.639   333.5   1.64   1.64   1.64   0     0     0  BRK-0, REST-0
     7     CS    9.984   296.4   1.98   1.98   1.98   0     0     0  BRK-0, REST-0
     8     CS   10.260   266.0   2.26   2.26   2.26   0     0     0  BRK-0, REST-0
     9     CS   10.528   234.9   2.53   2.53   2.53   0     0     0  BRK-0, REST-0
    10     CS   10.822   206.1   2.82   2.82   2.82   1   b15     0  CHARGE, BRK-B15, REST-0
    11     CS   11.574   380.1   3.09   3.09   3.32   0     0     0  BRK-0, REST-0
    12     CS   11.818   353.5   3.33   3.33   3.57   0     0     0  BRK-0, REST-0
    13     CS   12.082   328.5   3.60   3.60   3.83   0     0     0  BRK-0, REST-0
    14     CS   12.313   300.6   3.83   3.83   4.06   0     0     0  BRK-0, REST-0
    15     CS   12.622   270.7   4.14   4.14   4.37   1   b30     0  CHARGE, BRK-B30, REST-0
    16   CUST   13.671   432.5   0.30   4.44   4.92   0     0     0  BRK-0, REST-0
    17     CS   14.645   384.6   0.77   4.91   5.89   0     0     0  BRK-0, REST-0
    18     CS   14.685   379.9   0.81   4.95   5.93   0     0     0  BRK-0, REST-0
    19     CS   14.952   357.0   1.08   5.22   6.20   0     0     0  BRK-0, REST-0
    20     CS   15.179   331.0   1.31   5.45   6.43   0     0     0  BRK-0, REST-0
    21     CS   15.412   305.6   1.54   5.68   6.66   0     0     0  BRK-0, REST-0
    22     CS   15.660   281.4   1.79   5.93   6.91   0     0     0  BRK-0, REST-0
    23     CS   15.914   251.4   2.04   6.18   7.16   0     0     0  BRK-0, REST-0
    24     CS   16.318   228.9   2.45   6.58   7.57   0     0     0  BRK-0, REST-0
    25     CS   16.527   206.2   2.66   6.79   7.78   0     0     0  BRK-0, REST-0
    26     CS   16.741   184.0   2.87   7.01   7.99   0   b15     0  BRK-B15, REST-0
    27     CS   17.365   161.2   3.08   7.21   8.37   1     0     0  CHARGE, BRK-0, REST-0
    28     CS   18.159   373.4   3.37   7.50   9.16   0     0     0  BRK-0, REST-0
    29     CS   18.451   344.7   3.66   7.80   9.45   0     0     0  BRK-0, REST-0
    30   CUST   18.807   319.6   4.01   8.15   9.81   0     0    r2  BRK-0, REST-R2
    31   CUST   28.347   315.0   0.04   0.04   0.04   0     0     0  BRK-0, REST-0
    32   CUST   29.130   288.5   0.32   0.32   0.82   0     0     0  BRK-0, REST-0
    33   CUST   29.913   257.7   0.61   0.61   1.61   0     0     0  BRK-0, REST-0
    34     CS   30.538   243.0   0.73   0.73   2.23   0     0     0  BRK-0, REST-0
    35     CS   30.761   217.3   0.95   0.95   2.45   0     0     0  BRK-0, REST-0
    36     CS   31.190   171.4   1.38   1.38   2.88   0     0     0  BRK-0, REST-0
    37     CS   31.392   148.8   1.59   1.59   3.09   0     0     0  BRK-0, REST-0
    38     CS   31.591   126.0   1.78   1.78   3.28   0     0     0  BRK-0, REST-0
    39     CS   31.800   104.1   1.99   1.99   3.49   1   b15     0  CHARGE, BRK-B15, REST-0
    40     CS   32.604   250.2   2.30   2.30   4.05   0     0     0  BRK-0, REST-0
    41     CS   32.905   220.8   2.60   2.60   4.35   0     0     0  BRK-0, REST-0
    42   CUST   33.220   192.4   2.92   2.92   4.66   0     0     0  BRK-0, REST-0
    43   CUST   33.837   182.6   3.04   3.04   5.28   0     0     0  BRK-0, REST-0
    44     CS   34.518   161.2   3.22   3.22   5.96   0     0     0  BRK-0, REST-0
    45   CUST   34.800   133.7   3.50   3.50   6.24   0     0     0  BRK-0, REST-0
    46     CS   35.332   130.6   3.53   3.53   6.78   1   b30     0  CHARGE, BRK-B30, REST-0
    47     CS   36.320   394.6   0.25   3.78   7.26   0     0     0  BRK-0, REST-0
    48     CS   36.566   365.2   0.50   4.03   7.51   0     0     0  BRK-0, REST-0
    49     CS   36.838   338.3   0.77   4.30   7.78   0     0     0  BRK-0, REST-0
    50     CS   37.150   313.7   1.08   4.62   8.09   0     0     0  BRK-0, REST-0
    51     CS   37.562   270.8   1.50   5.03   8.51   0     0     0  BRK-0, REST-0
    52     CS   37.865   239.4   1.80   5.33   8.81   0     0     0  BRK-0, REST-0
    53     CS   38.148   206.1   2.08   5.61   9.09   0     0     0  BRK-0, REST-0
    54     CS   38.467   175.8   2.40   5.93   9.41   0     0     0  BRK-0, REST-0
    55     CS   38.746   142.2   2.68   6.21   9.69   0     0     0  BRK-0, REST-0
  RshortCmanyTnone_4__mix: duration None h  infeasible=False  tw=0  17 min
  ScenarioTracker saved: /mnt/beegfs/users/celinep/ChargeAndBreak/ML/la_mixed/logs/sensitivity/RmediumCmanyTnone_5__mix_LA_S25_H24_20261004_200337_scenarios.json

  === SIMULATION TRAJECTORY ===
  stop   type    t_arr     soc     cd     sd     sw   y   brk   rst  action
  ───────────────────────────────────────────────────────────────────────────────────────────────
     0   ORIG    8.000   500.0   0.00   0.00   0.00   0     —     —  —
     1     CS    8.238   474.4   0.24   0.24   0.24   0     0     0  BRK-0, REST-0
     2     CS    8.474   448.7   0.47   0.47   0.47   0     0     0  BRK-0, REST-0
     3     CS    8.721   423.9   0.72   0.72   0.72   0     0     0  BRK-0, REST-0
     4     CS    8.987   392.2   0.99   0.99   0.99   0     0     0  BRK-0, REST-0
     5     CS    9.287   363.4   1.29   1.29   1.29   0     0     0  BRK-0, REST-0
     6     CS    9.658   338.2   1.66   1.66   1.66   0     0     0  BRK-0, REST-0
     7     CS    9.888   315.0   1.89   1.89   1.89   0     0     0  BRK-0, REST-0
     8     CS   10.133   292.9   2.13   2.13   2.13   0     0     0  BRK-0, REST-0
     9     CS   10.361   269.5   2.36   2.36   2.36   0     0     0  BRK-0, REST-0
    10     CS   10.770   224.1   2.77   2.77   2.77   0     0     0  BRK-0, REST-0
    11     CS   11.034   201.4   3.03   3.03   3.03   0     0     0  BRK-0, REST-0
    12     CS   11.268   176.7   3.27   3.27   3.27   0     0     0  BRK-0, REST-0
    13     CS   11.496   151.5   3.50   3.50   3.50   0     0     0  BRK-0, REST-0
    14     CS   11.721   125.9   3.72   3.72   3.72   1   b45     0  CHARGE, BRK-B45, REST-0
    15     CS   13.089   446.8   0.28   4.00   4.34   0     0     0  BRK-0, REST-0
    16     CS   13.404   423.9   0.59   4.31   4.65   0     0     0  BRK-0, REST-0
    17     CS   13.641   396.0   0.83   4.55   4.89   0     0     0  BRK-0, REST-0
    18     CS   13.887   369.6   1.07   4.80   5.14   0     0     0  BRK-0, REST-0
    19     CS   14.127   342.6   1.31   5.04   5.38   0     0     0  BRK-0, REST-0
    20     CS   14.371   316.0   1.56   5.28   5.62   0     0     0  BRK-0, REST-0
    21     CS   14.626   293.8   1.81   5.53   5.88   0     0     0  BRK-0, REST-0
    22     CS   14.869   270.9   2.06   5.78   6.12   0     0     0  BRK-0, REST-0
    23     CS   15.106   247.5   2.29   6.01   6.36   0     0     0  BRK-0, REST-0
    24     CS   15.317   222.6   2.50   6.23   6.57   0     0     0  BRK-0, REST-0
    25     CS   15.552   199.8   2.74   6.46   6.80   0     0     0  BRK-0, REST-0
    26     CS   15.778   176.2   2.97   6.69   7.03   1   b15     0  CHARGE, BRK-B15, REST-0
    27     CS   16.648   385.4   3.26   6.98   7.65   0     0     0  BRK-0, REST-0
    28     CS   16.882   362.5   3.49   7.21   7.88   0     0     0  BRK-0, REST-0
    29     CS   17.097   337.9   3.71   7.43   8.10   0     0     0  BRK-0, REST-0
    30     CS   17.325   313.1   3.93   7.66   8.33   0     0     0  BRK-0, REST-0
    31     CS   17.543   287.3   4.15   7.87   8.54   0   b30     0  BRK-B30, REST-0
    32   CUST   18.440   262.6   0.23   8.10   8.94   0     0     0  BRK-0, REST-0
    33     CS   19.046   255.8   0.34   8.21   9.55   1   b15     0  CHARGE, BRK-B15, REST-0
    34     CS   19.834   383.7   0.62   8.49  10.08   0     0     0  BRK-0, REST-0
    35     CS   20.192   362.1   0.97   8.85  10.44   0     0     0  BRK-0, REST-0
    36   CUST   20.428   333.5   1.21   9.08  10.68   0     0     0  BRK-0, REST-0
    37   CUST   21.024   322.2   1.30   9.18  11.27   0     0     0  BRK-0, REST-0
    38     CS   21.639   309.0   1.42   9.29  11.89   0     0     0  BRK-0, REST-0
    39     CS   22.145   274.4   1.93   9.80  12.40   0     0    r2  BRK-0, REST-R2
    40     CS   31.663   254.6   0.35   0.35   0.35   0     0     0  BRK-0, REST-0
    41     CS   31.887   228.3   0.58   0.58   0.58   0     0     0  BRK-0, REST-0
    42     CS   32.118   202.7   0.81   0.81   0.81   0     0     0  BRK-0, REST-0
    43     CS   32.356   177.7   1.04   1.04   1.04   0     0     0  BRK-0, REST-0
    44     CS   32.616   159.4   1.30   1.30   1.30   0     0     0  BRK-0, REST-0
    45     CS   32.816   137.5   1.50   1.50   1.50   0     0     0  BRK-0, REST-0
    46     CS   33.016   115.6   1.70   1.70   1.70   1   b15     0  CHARGE, BRK-B15, REST-0
    47     CS   33.831   368.7   1.99   1.99   2.23   0     0     0  BRK-0, REST-0
    48     CS   34.126   338.1   2.29   2.29   2.53   0     0     0  BRK-0, REST-0
    49     CS   34.404   305.9   2.56   2.56   2.81   0     0     0  BRK-0, REST-0
    50     CS   34.630   283.2   2.79   2.79   3.03   0     0     0  BRK-0, REST-0
    51     CS   34.842   259.1   3.00   3.00   3.25   0     0     0  BRK-0, REST-0
    52     CS   35.048   234.6   3.21   3.21   3.45   0     0     0  BRK-0, REST-0
    53     CS   35.292   208.8   3.45   3.45   3.70   0     0     0  BRK-0, REST-0
    54     CS   35.540   183.4   3.70   3.70   3.94   0     0     0  BRK-0, REST-0
    55     CS   35.947   163.9   4.11   4.11   4.35   1   b30     0  CHARGE, BRK-B30, REST-0
    56     CS   37.231   194.4   0.54   4.65   5.13   1   b15     0  CHARGE, BRK-B15, REST-0
    57     CS   38.064   354.3   0.79   4.90   5.70   0     0     0  BRK-0, REST-0
    58     CS   38.303   329.4   1.03   5.14   5.94   0     0     0  BRK-0, REST-0
    59     CS   38.531   303.5   1.26   5.37   6.17   0     0     0  BRK-0, REST-0
    60   CUST   38.757   277.5   1.49   5.59   6.40   0     0     0  BRK-0, REST-0
    61     CS   39.465   255.1   1.69   5.80   7.11   0     0     0  BRK-0, REST-0
    62     CS   39.677   233.0   1.91   6.01   7.32   0     0     0  BRK-0, REST-0
    63     CS   39.930   213.5   2.16   6.27   7.57   0     0     0  BRK-0, REST-0
    64     CS   40.106   193.0   2.34   6.44   7.75   1     0     0  CHARGE, BRK-0, REST-0
    65   CUST   40.867   338.6   2.61   6.72   8.51   0     0     0  BRK-0, REST-0
    66   CUST   41.662   311.9   2.90   7.01   9.30   0     0     0  BRK-0, REST-0
    67     CS   42.399   283.9   3.14   7.25  10.04   0     0     0  BRK-0, REST-0
    68   CUST   42.663   258.1   3.41   7.51  10.30   0     0     0  BRK-0, REST-0
    69     CS   43.198   254.2   3.44   7.55  10.84   0     0     0  BRK-0, REST-0
    70     CS   43.338   239.8   3.58   7.69  10.98   0     0     0  BRK-0, REST-0
    71     CS   43.662   213.8   3.90   8.01  11.30   0     0     0  BRK-0, REST-0
    72     CS   43.929   183.8   4.17   8.28  11.57   0   b30     0  BRK-B30, REST-0
    73     CS   44.883   152.5   0.29   8.57  12.02   1   b15     0  CHARGE, BRK-B15, REST-0
    74     CS   45.750   372.4   0.62   8.90  12.64   0     0    r2  BRK-0, REST-R2
    75     CS   55.196   340.4   0.28   0.28   0.28   0     0     0  BRK-0, REST-0
    76     CS   55.547   315.0   0.63   0.63   0.63   0     0     0  BRK-0, REST-0
    77     CS   55.827   285.3   0.91   0.91   0.91   0     0     0  BRK-0, REST-0
    78     CS   56.093   254.5   1.18   1.18   1.18   0     0     0  BRK-0, REST-0
    79     CS   56.566   203.1   1.65   1.65   1.65   0     0     0  BRK-0, REST-0
    80     CS   56.800   178.9   1.88   1.88   1.88   0     0     0  BRK-0, REST-0
    81     CS   57.041   155.3   2.12   2.12   2.12   1   b15     0  CHARGE, BRK-B15, REST-0
    82     CS   58.103   376.9   2.37   2.37   2.84   0     0     0  BRK-0, REST-0
    83     CS   58.347   353.5   2.62   2.62   3.08   0     0     0  BRK-0, REST-0
    84     CS   58.586   333.0   2.86   2.86   3.32   0     0     0  BRK-0, REST-0
    85     CS   58.788   309.6   3.06   3.06   3.52   0     0     0  BRK-0, REST-0
    86   CUST   59.016   288.4   3.29   3.29   3.75   0     0     0  BRK-0, REST-0
    87     CS   59.850   262.4   3.62   3.62   4.58   0     0     0  BRK-0, REST-0
    88   CUST   60.135   233.5   3.91   3.91   4.87   0     0     0  BRK-0, REST-0
    89     CS   60.703   225.5   3.97   3.97   5.44   0     0     0  BRK-0, REST-0
    90   CUST   60.721   223.5   3.99   3.99   5.45   0     0    r2  BRK-0, REST-R2
    91     CS   70.714   174.9   0.49   0.49   0.49   0     0     0  BRK-0, REST-0
    92     CS   70.937   149.2   0.72   0.72   0.72   1   b45     0  CHARGE, BRK-B45, REST-0
    93     CS   72.174   458.4   0.22   0.93   1.18   0     0     0  BRK-0, REST-0
    94     CS   72.391   433.2   0.43   1.15   1.39   0     0     0  BRK-0, REST-0
    95     CS   72.645   411.0   0.69   1.40   1.65   0     0     0  BRK-0, REST-0
    96     CS   72.866   385.0   0.91   1.62   1.87   0     0     0  BRK-0, REST-0
    97     CS   73.113   361.3   1.16   1.87   2.12   0     0     0  BRK-0, REST-0
    98     CS   73.334   335.3   1.38   2.09   2.34   0     0     0  BRK-0, REST-0
    99     CS   73.558   309.7   1.60   2.32   2.56   0     0     0  BRK-0, REST-0
   100     CS   73.809   281.4   1.85   2.57   2.81   0     0     0  BRK-0, REST-0
   101     CS   74.099   256.1   2.14   2.86   3.10   0     0     0  BRK-0, REST-0
   102     CS   74.350   227.8   2.39   3.11   3.35   1   b15     0  CHARGE, BRK-B15, REST-0
   103     CS   75.046   376.0   2.63   3.35   3.80   0     0     0  BRK-0, REST-0
   104     CS   75.320   353.5   2.90   3.62   4.07   0     0     0  BRK-0, REST-0
   105     CS   75.566   329.4   3.15   3.87   4.32   0     0     0  BRK-0, REST-0
   106     CS   75.767   307.5   3.35   4.07   4.52   0     0     0  BRK-0, REST-0
   107     CS   75.972   286.0   3.56   4.27   4.72   0     0     0  BRK-0, REST-0
   108     CS   76.211   266.8   3.80   4.51   4.96   1   b30     0  CHARGE, BRK-B30, REST-0
   109     CS   77.316   458.0   0.24   4.75   5.51   0     0     0  BRK-0, REST-0
   110     CS   77.565   431.1   0.49   5.00   5.76   1   b15     0  CHARGE, BRK-B15, REST-0
   111     CS   78.379   441.2   0.85   5.36   6.32   0     0     0  BRK-0, REST-0
   112     CS   78.655   408.1   1.13   5.64   6.60   0     0     0  BRK-0, REST-0
   113     CS   78.938   375.6   1.41   5.92   6.88   0     0     0  BRK-0, REST-0
   114     CS   79.151   352.5   1.62   6.13   7.09   0     0     0  BRK-0, REST-0
   115     CS   79.418   332.8   1.89   6.40   7.36   0     0     0  BRK-0, REST-0
   116     CS   79.649   311.0   2.12   6.63   7.59   0     0     0  BRK-0, REST-0
   117     CS   79.886   287.1   2.36   6.87   7.83   0     0     0  BRK-0, REST-0
   118     CS   80.122   263.0   2.59   7.11   8.06   0     0     0  BRK-0, REST-0
   119     CS   80.366   239.7   2.84   7.35   8.31   0     0     0  BRK-0, REST-0
   120     CS   80.591   214.6   3.06   7.57   8.53   0     0     0  BRK-0, REST-0
   121     CS   80.869   188.6   3.34   7.85   8.81   0     0     0  BRK-0, REST-0
   122     CS   81.125   160.7   3.60   8.11   9.07   0     0     0  BRK-0, REST-0
  RmediumCmanyTnone_5__mix: duration None h  infeasible=False  tw=0  100 min
  ScenarioTracker saved: /mnt/beegfs/users/celinep/ChargeAndBreak/ML/la_mixed/logs/sensitivity/RshortCmanyTnone_5__mix_LA_S25_H24_20261004_214348_scenarios.json

  === SIMULATION TRAJECTORY ===
  stop   type    t_arr     soc     cd     sd     sw   y   brk   rst  action
  ───────────────────────────────────────────────────────────────────────────────────────────────
     0   ORIG    8.000   500.0   0.00   0.00   0.00   0     —     —  —
     1     CS    8.305   478.4   0.30   0.30   0.30   0     0     0  BRK-0, REST-0
     2     CS    8.566   454.6   0.57   0.57   0.57   0     0     0  BRK-0, REST-0
     3     CS    8.920   434.5   0.92   0.92   0.92   0     0     0  BRK-0, REST-0
     4     CS    9.169   406.4   1.17   1.17   1.17   0     0     0  BRK-0, REST-0
     5     CS    9.411   377.6   1.41   1.41   1.41   0     0     0  BRK-0, REST-0
     6     CS    9.705   349.8   1.71   1.71   1.71   0     0     0  BRK-0, REST-0
     7     CS   10.016   323.1   2.02   2.02   2.02   0     0     0  BRK-0, REST-0
     8     CS   10.293   294.0   2.29   2.29   2.29   0     0     0  BRK-0, REST-0
     9     CS   10.560   264.0   2.56   2.56   2.56   1   b15     0  CHARGE, BRK-B15, REST-0
    10     CS   11.362   282.3   2.86   2.86   3.11   0     0     0  BRK-0, REST-0
    11     CS   11.570   258.0   3.06   3.06   3.32   0     0     0  BRK-0, REST-0
    12     CS   11.786   234.3   3.28   3.28   3.54   0     0     0  BRK-0, REST-0
    13     CS   12.041   205.6   3.53   3.53   3.79   0     0     0  BRK-0, REST-0
    14     CS   12.297   176.9   3.79   3.79   4.05   0     0     0  BRK-0, REST-0
    15   CUST   12.567   149.6   4.06   4.06   4.32   0   b30     0  BRK-B30, REST-0
    16     CS   13.947   121.7   0.38   4.44   5.20   1   b30     0  CHARGE, BRK-B30, REST-0
    17     CS   14.902   300.2   0.54   4.60   5.59   0     0     0  BRK-0, REST-0
    18     CS   15.114   277.8   0.75   4.81   5.80   0     0     0  BRK-0, REST-0
    19     CS   15.316   254.5   0.95   5.01   6.01   0     0     0  BRK-0, REST-0
    20   CUST   15.520   231.3   1.15   5.21   6.21   0     0     0  BRK-0, REST-0
    21     CS   16.199   213.3   1.33   5.39   6.89   0     0     0  BRK-0, REST-0
    22     CS   16.423   189.2   1.56   5.62   7.11   0     0     0  BRK-0, REST-0
    23     CS   16.675   167.0   1.81   5.87   7.36   1     0     0  CHARGE, BRK-0, REST-0
    24     CS   17.609   383.6   2.04   6.10   8.30   0     0     0  BRK-0, REST-0
    25     CS   17.828   358.9   2.26   6.32   8.52   0     0     0  BRK-0, REST-0
    26     CS   18.064   335.5   2.49   6.55   8.75   0     0     0  BRK-0, REST-0
    27     CS   18.312   312.8   2.74   6.80   9.00   0     0     0  BRK-0, REST-0
    28     CS   18.553   289.8   2.98   7.04   9.24   0     0     0  BRK-0, REST-0
    29     CS   18.780   263.2   3.21   7.27   9.47   0     0     0  BRK-0, REST-0
    30     CS   19.026   238.3   3.45   7.51   9.72   0     0     0  BRK-0, REST-0
    31   CUST   19.263   212.6   3.69   7.75   9.95   0     0    r2  BRK-0, REST-R2
    32   CUST   28.839   204.2   0.08   0.08   0.08   0     0     0  BRK-0, REST-0
    33   CUST   29.576   184.8   0.31   0.31   0.81   0     0     0  BRK-0, REST-0
    34     CS   30.087   183.5   0.32   0.32   1.32   1   b15     0  CHARGE, BRK-B15, REST-0
    35     CS   31.039   310.5   0.59   0.59   1.82   0     0     0  BRK-0, REST-0
    36     CS   31.359   284.2   0.91   0.91   2.14   0     0     0  BRK-0, REST-0
    37     CS   31.618   253.5   1.17   1.17   2.40   1     0     0  CHARGE, BRK-0, REST-0
    38     CS   32.456   385.0   1.42   1.42   3.24   0     0     0  BRK-0, REST-0
    39     CS   32.683   360.0   1.65   1.65   3.47   0     0     0  BRK-0, REST-0
    40   CUST   32.922   336.1   1.88   1.88   3.71   0     0     0  BRK-0, REST-0
    41     CS   33.682   311.8   2.14   2.14   4.47   0     0     0  BRK-0, REST-0
    42     CS   33.946   287.8   2.41   2.41   4.73   0     0     0  BRK-0, REST-0
    43   CUST   34.237   265.3   2.70   2.70   5.02   0     0     0  BRK-0, REST-0
    44     CS   34.829   254.9   2.79   2.79   5.61   0     0     0  BRK-0, REST-0
    45     CS   35.066   228.0   3.03   3.03   5.85   0     0     0  BRK-0, REST-0
    46   CUST   35.369   194.2   3.33   3.33   6.15   0     0     0  BRK-0, REST-0
    47   CUST   36.150   170.6   3.61   3.61   6.93   0     0     0  BRK-0, REST-0
    48   CUST   36.737   162.0   3.70   3.70   7.52   0     0     0  BRK-0, REST-0
    49     CS   37.475   149.1   3.94   3.94   8.26   1   b30     0  CHARGE, BRK-B30, REST-0
    50     CS   38.479   399.4   0.26   4.20   8.76   0     0     0  BRK-0, REST-0
    51   CUST   38.746   371.2   0.53   4.46   9.03   0     0     0  BRK-0, REST-0
    52   CUST   39.286   366.6   0.57   4.50   9.57   0     0     0  BRK-0, REST-0
    53     CS   39.809   363.9   0.59   4.53  10.09   0     0     0  BRK-0, REST-0
    54     CS   40.023   338.2   0.80   4.74  10.31   0     0     0  BRK-0, REST-0
    55     CS   40.253   313.8   1.03   4.97  10.54   0     0     0  BRK-0, REST-0
    56     CS   40.501   290.8   1.28   5.22  10.79   0     0     0  BRK-0, REST-0
    57     CS   40.760   261.7   1.54   5.48  11.04   0     0     0  BRK-0, REST-0
    58     CS   41.019   232.5   1.80   5.74  11.30   0     0     0  BRK-0, REST-0
    59     CS   41.315   206.3   2.10   6.03  11.60   0     0     0  BRK-0, REST-0
    60     CS   41.669   180.7   2.45   6.39  11.95   0     0     0  BRK-0, REST-0
  RshortCmanyTnone_5__mix: duration None h  infeasible=False  tw=0  24 min
  ScenarioTracker saved: /mnt/beegfs/users/celinep/ChargeAndBreak/ML/la_mixed/logs/sensitivity/RmediumCmanyTnone_6__mix_LA_S25_H24_20261004_220755_scenarios.json

  === SIMULATION TRAJECTORY ===
  stop   type    t_arr     soc     cd     sd     sw   y   brk   rst  action
  ───────────────────────────────────────────────────────────────────────────────────────────────
     0   ORIG    8.000   500.0   0.00   0.00   0.00   0     —     —  —
     1     CS    8.229   473.6   0.23   0.23   0.23   0     0     0  BRK-0, REST-0
     2     CS    8.472   448.5   0.47   0.47   0.47   0     0     0  BRK-0, REST-0
     3     CS    8.750   425.7   0.75   0.75   0.75   0     0     0  BRK-0, REST-0
     4     CS    9.014   396.2   1.01   1.01   1.01   0     0     0  BRK-0, REST-0
     5     CS    9.292   367.9   1.29   1.29   1.29   0     0     0  BRK-0, REST-0
     6     CS    9.562   339.0   1.56   1.56   1.56   0     0     0  BRK-0, REST-0
     7     CS    9.982   294.5   1.98   1.98   1.98   0     0     0  BRK-0, REST-0
     8     CS   10.276   266.0   2.28   2.28   2.28   0     0     0  BRK-0, REST-0
     9     CS   10.547   235.7   2.55   2.55   2.55   0     0     0  BRK-0, REST-0
    10     CS   10.836   206.7   2.84   2.84   2.84   1   b45     0  CHARGE, BRK-B45, REST-0
    11     CS   12.062   468.8   0.24   3.08   3.31   0     0     0  BRK-0, REST-0
    12     CS   12.291   441.8   0.47   3.30   3.54   0     0     0  BRK-0, REST-0
    13     CS   12.549   417.2   0.73   3.56   3.80   0     0     0  BRK-0, REST-0
    14     CS   12.794   391.7   0.97   3.81   4.04   0     0     0  BRK-0, REST-0
    15     CS   13.024   366.2   1.20   4.04   4.27   0     0     0  BRK-0, REST-0
    16     CS   13.258   341.1   1.44   4.27   4.51   0     0     0  BRK-0, REST-0
    17     CS   13.482   315.1   1.66   4.50   4.73   0     0     0  BRK-0, REST-0
    18     CS   13.784   295.5   1.96   4.80   5.03   0     0     0  BRK-0, REST-0
    19     CS   13.999   271.1   2.18   5.01   5.25   0     0     0  BRK-0, REST-0
    20     CS   14.217   246.8   2.39   5.23   5.47   0     0     0  BRK-0, REST-0
    21     CS   14.480   218.8   2.66   5.49   5.73   0     0     0  BRK-0, REST-0
    22     CS   14.738   190.4   2.92   5.75   5.99   0     0     0  BRK-0, REST-0
    23     CS   14.956   166.1   3.13   5.97   6.21   0     0     0  BRK-0, REST-0
    24     CS   15.320   148.1   3.50   6.33   6.57   1   b45     0  CHARGE, BRK-B45, REST-0
    25   CUST   16.559   453.5   0.21   6.55   7.06   0     0     0  BRK-0, REST-0
    26     CS   17.327   424.7   0.48   6.82   7.83   0     0     0  BRK-0, REST-0
    27     CS   17.582   394.8   0.74   7.07   8.08   0     0     0  BRK-0, REST-0
    28   CUST   18.032   373.3   1.19   7.52   8.53   0     0     0  BRK-0, REST-0
    29     CS   18.569   369.5   1.22   7.56   9.07   0     0     0  BRK-0, REST-0
    30   CUST   18.625   364.0   1.28   7.61   9.13   0     0     0  BRK-0, REST-0
    31     CS   19.375   334.1   1.53   7.86   9.87   0     0     0  BRK-0, REST-0
    32     CS   19.723   310.4   1.88   8.21  10.22   0     0     0  BRK-0, REST-0
    33     CS   19.940   288.9   2.10   8.43  10.44   0     0     0  BRK-0, REST-0
    34     CS   20.393   240.4   2.55   8.88  10.89   0     0     0  BRK-0, REST-0
    35     CS   20.668   209.9   2.82   9.16  11.17   0     0    r2  BRK-0, REST-R2
    36     CS   30.148   182.4   0.31   0.31   0.31   1   b15     0  CHARGE, BRK-B15, REST-0
    37     CS   31.025   385.8   0.60   0.60   0.80   0     0     0  BRK-0, REST-0
    38     CS   31.384   360.5   0.96   0.96   1.16   0     0     0  BRK-0, REST-0
    39     CS   31.810   314.2   1.38   1.38   1.59   0     0     0  BRK-0, REST-0
    40     CS   32.093   281.8   1.67   1.67   1.87   0     0     0  BRK-0, REST-0
    41     CS   32.478   255.5   2.05   2.05   2.25   0     0     0  BRK-0, REST-0
    42     CS   32.768   223.7   2.34   2.34   2.54   1     0     0  CHARGE, BRK-0, REST-0
    43     CS   33.485   237.1   2.56   2.56   3.26   0     0     0  BRK-0, REST-0
    44     CS   33.709   213.4   2.78   2.78   3.49   0     0     0  BRK-0, REST-0
    45     CS   33.955   191.2   3.03   3.03   3.73   0     0     0  BRK-0, REST-0
    46     CS   34.195   163.5   3.27   3.27   3.97   0     0     0  BRK-0, REST-0
    47     CS   34.463   138.1   3.54   3.54   4.24   1   b30     0  CHARGE, BRK-B30, REST-0
    48     CS   35.649   445.0   0.26   3.80   4.80   0     0     0  BRK-0, REST-0
    49     CS   35.921   417.2   0.54   4.07   5.07   0     0     0  BRK-0, REST-0
    50     CS   36.212   390.8   0.83   4.36   5.36   0     0     0  BRK-0, REST-0
    51     CS   36.537   366.1   1.15   4.69   5.68   0     0     0  BRK-0, REST-0
    52     CS   36.981   323.6   1.60   5.13   6.13   1   b15     0  CHARGE, BRK-B15, REST-0
    53     CS   37.974   409.4   1.91   5.44   6.87   0     0     0  BRK-0, REST-0
    54     CS   38.232   380.4   2.17   5.70   7.13   0     0     0  BRK-0, REST-0
    55     CS   38.498   352.1   2.43   5.97   7.40   0     0     0  BRK-0, REST-0
    56   CUST   38.797   326.1   2.73   6.27   7.69   0     0     0  BRK-0, REST-0
    57     CS   39.422   312.7   2.86   6.39   8.32   0     0     0  BRK-0, REST-0
    58   CUST   39.616   297.6   3.05   6.59   8.51   0     0     0  BRK-0, REST-0
    59     CS   40.365   267.7   3.30   6.84   9.26   0     0     0  BRK-0, REST-0
    60   CUST   40.638   240.0   3.57   7.11   9.54   0     0     0  BRK-0, REST-0
    61     CS   41.340   215.8   3.77   7.31  10.24   1   b30     0  CHARGE, BRK-B30, REST-0
    62     CS   42.569   437.9   0.23   7.54  10.89   0     0     0  BRK-0, REST-0
    63     CS   42.841   407.2   0.50   7.81  11.16   0     0     0  BRK-0, REST-0
    64     CS   43.134   378.2   0.79   8.11  11.45   0     0     0  BRK-0, REST-0
    65     CS   43.479   350.2   1.14   8.45  11.80   0     0     0  BRK-0, REST-0
    66     CS   43.842   323.0   1.50   8.81  12.16   0     0    r2  BRK-0, REST-R2
    67     CS   53.288   290.2   0.28   0.28   0.28   0     0     0  BRK-0, REST-0
    68     CS   53.717   241.9   0.71   0.71   0.71   1   b15     0  CHARGE, BRK-B15, REST-0
    69     CS   54.635   388.4   0.98   0.98   1.38   0     0     0  BRK-0, REST-0
    70     CS   54.925   360.3   1.27   1.27   1.67   0     0     0  BRK-0, REST-0
    71     CS   55.236   333.6   1.58   1.58   1.98   0     0     0  BRK-0, REST-0
    72   CUST   55.515   304.6   1.86   1.86   2.26   0     0     0  BRK-0, REST-0
    73     CS   56.338   277.6   2.18   2.18   3.08   0     0     0  BRK-0, REST-0
    74   CUST   56.617   245.1   2.46   2.46   3.36   0     0    r2  BRK-0, REST-R2
    75     CS   66.300   229.5   0.18   0.18   0.18   0     0     0  BRK-0, REST-0
    76     CS   66.513   205.3   0.40   0.40   0.40   0     0     0  BRK-0, REST-0
    77     CS   66.744   182.5   0.63   0.63   0.63   0     0     0  BRK-0, REST-0
    78     CS   66.957   158.2   0.84   0.84   0.84   1   b30     0  CHARGE, BRK-B30, REST-0
    79     CS   68.299   375.4   1.13   1.13   1.46   0     0     0  BRK-0, REST-0
    80     CS   68.589   345.1   1.42   1.42   1.75   0     0     0  BRK-0, REST-0
    81     CS   68.916   325.8   1.75   1.75   2.08   0     0     0  BRK-0, REST-0
    82     CS   69.150   302.2   1.98   1.98   2.31   0     0     0  BRK-0, REST-0
    83     CS   69.390   279.0   2.22   2.22   2.55   0     0     0  BRK-0, REST-0
    84     CS   69.610   254.1   2.44   2.44   2.77   0     0     0  BRK-0, REST-0
    85     CS   69.802   231.5   2.63   2.63   2.97   0     0     0  BRK-0, REST-0
    86     CS   70.016   210.7   2.85   2.85   3.18   0     0     0  BRK-0, REST-0
    87     CS   70.275   192.3   3.11   3.11   3.44   1     0     0  CHARGE, BRK-0, REST-0
    88     CS   71.157   249.8   3.40   3.40   4.32   0     0     0  BRK-0, REST-0
    89     CS   71.428   217.7   3.67   3.67   4.59   0     0     0  BRK-0, REST-0
    90     CS   71.697   185.4   3.94   3.94   4.86   0     0     0  BRK-0, REST-0
    91     CS   72.022   161.3   4.26   4.26   5.19   1   b45     0  CHARGE, BRK-B45, REST-0
    92     CS   73.433   459.6   0.27   4.53   5.85   0     0     0  BRK-0, REST-0
    93     CS   73.660   434.2   0.50   4.76   6.07   0     0     0  BRK-0, REST-0
    94     CS   73.883   408.4   0.72   4.98   6.30   0     0     0  BRK-0, REST-0
    95     CS   74.124   384.3   0.96   5.22   6.54   0     0     0  BRK-0, REST-0
    96     CS   74.411   352.5   1.25   5.51   6.82   0     0     0  BRK-0, REST-0
    97     CS   74.878   328.6   1.71   5.98   7.29   0     0     0  BRK-0, REST-0
    98     CS   75.127   299.9   1.96   6.22   7.54   0     0     0  BRK-0, REST-0
    99     CS   75.374   271.1   2.21   6.47   7.79   0     0     0  BRK-0, REST-0
   100     CS   75.621   242.2   2.46   6.72   8.03   0     0     0  BRK-0, REST-0
   101     CS   75.870   213.5   2.71   6.97   8.28   0     0     0  BRK-0, REST-0
   102     CS   76.165   182.5   3.00   7.26   8.58   0     0     0  BRK-0, REST-0
   103     CS   76.441   149.7   3.28   7.54   8.85   1   b15     0  CHARGE, BRK-B15, REST-0
   104     CS   77.257   371.5   3.55   7.81   9.42   0     0     0  BRK-0, REST-0
  RmediumCmanyTnone_6__mix: duration None h  infeasible=False  tw=0  55 min
  ScenarioTracker saved: /mnt/beegfs/users/celinep/ChargeAndBreak/ML/la_mixed/logs/sensitivity/RshortCmanyTnone_6__mix_LA_S25_H24_20261004_230249_scenarios.json

  === SIMULATION TRAJECTORY ===
  stop   type    t_arr     soc     cd     sd     sw   y   brk   rst  action
  ───────────────────────────────────────────────────────────────────────────────────────────────
     0   ORIG    8.000   500.0   0.00   0.00   0.00   0     —     —  —
     1     CS    8.270   476.7   0.27   0.27   0.27   0     0     0  BRK-0, REST-0
     2     CS    8.545   453.7   0.54   0.54   0.54   0     0     0  BRK-0, REST-0
     3     CS    8.778   427.7   0.78   0.78   0.78   0     0     0  BRK-0, REST-0
     4     CS    9.053   397.7   1.05   1.05   1.05   0     0     0  BRK-0, REST-0
     5     CS    9.315   366.4   1.32   1.32   1.32   0     0     0  BRK-0, REST-0
     6     CS    9.586   336.0   1.59   1.59   1.59   0     0     0  BRK-0, REST-0
     7     CS    9.875   311.2   1.87   1.87   1.87   0     0     0  BRK-0, REST-0
     8     CS   10.118   282.9   2.12   2.12   2.12   0     0     0  BRK-0, REST-0
     9     CS   10.413   258.5   2.41   2.41   2.41   0     0     0  BRK-0, REST-0
    10     CS   10.716   234.5   2.72   2.72   2.72   0     0     0  BRK-0, REST-0
    11     CS   10.975   207.7   2.97   2.97   2.97   0     0     0  BRK-0, REST-0
    12   CUST   11.272   183.4   3.27   3.27   3.27   0     0     0  BRK-0, REST-0
    13     CS   12.041   159.6   3.54   3.54   4.04   0     0     0  BRK-0, REST-0
    14     CS   12.285   134.0   3.79   3.79   4.29   1   b45     0  CHARGE, BRK-B45, REST-0
    15   CUST   13.326   494.9   0.02   3.80   4.58   0     0     0  BRK-0, REST-0
    16   CUST   14.011   475.2   0.20   3.99   5.26   0     0     0  BRK-0, REST-0
    17   CUST   14.535   472.6   0.23   4.01   5.78   0     0     0  BRK-0, REST-0
    18   CUST   15.203   452.5   0.40   4.18   6.45   0     0     0  BRK-0, REST-0
    19     CS   16.058   413.9   0.75   4.54   7.31   0     0     0  BRK-0, REST-0
    20     CS   16.063   413.3   0.76   4.54   7.31   0     0     0  BRK-0, REST-0
    21     CS   16.381   392.2   1.07   4.86   7.63   0     0     0  BRK-0, REST-0
    22     CS   16.617   366.5   1.31   5.09   7.87   0     0     0  BRK-0, REST-0
    23     CS   16.939   345.5   1.63   5.42   8.19   0     0     0  BRK-0, REST-0
    24     CS   17.370   295.0   2.06   5.85   8.62   1   b15     0  CHARGE, BRK-B15, REST-0
    25     CS   18.104   399.5   2.34   6.12   9.10   0     0     0  BRK-0, REST-0
    26     CS   18.457   374.8   2.69   6.47   9.46   0     0     0  BRK-0, REST-0
    27     CS   18.749   346.9   2.98   6.77   9.75   0     0     0  BRK-0, REST-0
    28   CUST   19.020   317.2   3.25   7.04  10.02   0     0     0  BRK-0, REST-0
    29   CUST   19.984   289.1   3.72   7.50  10.98   0     0     0  BRK-0, REST-0
    30   CUST   20.626   273.6   3.86   7.64  11.63   0     0     0  BRK-0, REST-0
    31   CUST   21.295   253.5   4.03   7.81  12.29   0     0    r2  BRK-0, REST-R2
    32     CS   30.929   243.7   0.13   0.13   0.13   1   b15     0  CHARGE, BRK-B15, REST-0
    33     CS   31.457   418.1   0.14   0.14   0.41   0     0     0  BRK-0, REST-0
    34     CS   31.771   396.3   0.45   0.45   0.73   0     0     0  BRK-0, REST-0
    35     CS   32.023   371.1   0.71   0.71   0.98   0     0     0  BRK-0, REST-0
    36   CUST   32.255   344.2   0.94   0.94   1.21   0     0     0  BRK-0, REST-0
    37   CUST   32.931   328.1   1.11   1.11   1.89   0     0     0  BRK-0, REST-0
    38   CUST   33.590   314.0   1.27   1.27   2.55   0     0     0  BRK-0, REST-0
    39   CUST   34.147   307.4   1.33   1.33   3.10   0     0     0  BRK-0, REST-0
    40     CS   34.717   299.6   1.40   1.40   3.67   0     0     0  BRK-0, REST-0
    41   CUST   34.882   280.3   1.56   1.56   3.84   0     0     0  BRK-0, REST-0
    42     CS   35.686   245.5   1.87   1.87   4.64   0     0     0  BRK-0, REST-0
    43   CUST   35.848   228.3   2.03   2.03   4.80   0     0     0  BRK-0, REST-0
    44     CS   36.586   201.0   2.27   2.27   5.54   0     0     0  BRK-0, REST-0
    45     CS   36.823   173.6   2.51   2.51   5.78   1   b30     0  CHARGE, BRK-B30, REST-0
    46     CS   37.885   426.8   0.27   2.78   6.34   0     0     0  BRK-0, REST-0
    47     CS   38.186   401.0   0.57   3.08   6.64   0     0     0  BRK-0, REST-0
    48     CS   38.541   362.4   0.93   3.43   7.00   0     0     0  BRK-0, REST-0
    49     CS   38.763   336.0   1.15   3.66   7.22   0     0     0  BRK-0, REST-0
    50     CS   39.011   311.8   1.40   3.90   7.47   0     0     0  BRK-0, REST-0
    51     CS   39.247   286.7   1.63   4.14   7.70   0     0     0  BRK-0, REST-0
    52     CS   39.484   261.6   1.87   4.38   7.94   0     0     0  BRK-0, REST-0
  RshortCmanyTnone_6__mix: duration None h  infeasible=False  tw=0  23 min
  ScenarioTracker saved: /mnt/beegfs/users/celinep/ChargeAndBreak/ML/la_mixed/logs/sensitivity/RmediumCmanyTnone_7__mix_LA_S25_H24_20261004_232603_scenarios.json

  === SIMULATION TRAJECTORY ===
  stop   type    t_arr     soc     cd     sd     sw   y   brk   rst  action
  ───────────────────────────────────────────────────────────────────────────────────────────────
     0   ORIG    8.000   500.0   0.00   0.00   0.00   0     —     —  —
     1     CS    8.227   473.5   0.23   0.23   0.23   0     0     0  BRK-0, REST-0
     2     CS    8.471   448.4   0.47   0.47   0.47   0     0     0  BRK-0, REST-0
     3     CS    8.768   426.5   0.77   0.77   0.77   0     0     0  BRK-0, REST-0
     4     CS    9.026   397.2   1.03   1.03   1.03   0     0     0  BRK-0, REST-0
     5     CS    9.289   368.4   1.29   1.29   1.29   0     0     0  BRK-0, REST-0
     6     CS    9.541   338.7   1.54   1.54   1.54   0     0     0  BRK-0, REST-0
     7     CS    9.819   308.1   1.82   1.82   1.82   0     0     0  BRK-0, REST-0
     8     CS   10.112   278.7   2.11   2.11   2.11   0     0     0  BRK-0, REST-0
     9     CS   10.424   250.8   2.42   2.42   2.42   0     0     0  BRK-0, REST-0
    10     CS   10.668   222.2   2.67   2.67   2.67   0     0     0  BRK-0, REST-0
    11     CS   11.012   199.6   3.01   3.01   3.01   0     0     0  BRK-0, REST-0
    12     CS   11.264   171.4   3.26   3.26   3.26   0     0     0  BRK-0, REST-0
    13     CS   11.543   145.3   3.54   3.54   3.54   0     0     0  BRK-0, REST-0
    14     CS   11.820   119.1   3.82   3.82   3.82   1   b45     0  CHARGE, BRK-B45, REST-0
    15     CS   13.184   443.7   0.29   4.11   4.43   0     0     0  BRK-0, REST-0
    16     CS   13.474   417.7   0.58   4.40   4.72   0     0     0  BRK-0, REST-0
    17     CS   13.711   393.6   0.82   4.64   4.96   0     0     0  BRK-0, REST-0
    18     CS   13.930   367.8   1.04   4.86   5.18   0     0     0  BRK-0, REST-0
    19     CS   14.241   347.6   1.35   5.17   5.49   0     0     0  BRK-0, REST-0
    20     CS   14.580   324.0   1.69   5.51   5.83   0     0     0  BRK-0, REST-0
    21     CS   14.837   295.4   1.94   5.76   6.09   0     0     0  BRK-0, REST-0
    22     CS   15.087   266.2   2.19   6.01   6.34   0     0     0  BRK-0, REST-0
    23     CS   15.319   240.7   2.43   6.24   6.57   0     0     0  BRK-0, REST-0
    24     CS   15.545   214.7   2.65   6.47   6.80   0     0     0  BRK-0, REST-0
    25     CS   15.769   188.4   2.88   6.69   7.02   0     0     0  BRK-0, REST-0
    26     CS   15.991   161.9   3.10   6.92   7.24   1   b15     0  CHARGE, BRK-B15, REST-0
    27     CS   16.642   226.5   3.29   7.11   7.64   0     0     0  BRK-0, REST-0
    28     CS   16.845   204.0   3.50   7.32   7.84   0     0     0  BRK-0, REST-0
    29   CUST   17.068   183.1   3.72   7.54   8.07   0     0     0  BRK-0, REST-0
    30     CS   17.830   154.5   3.98   7.80   8.83   0     0     0  BRK-0, REST-0
    31     CS   18.083   124.9   4.24   8.06   9.08   1   b30     0  CHARGE, BRK-B30, REST-0
    32   CUST   19.026   437.8   0.06   8.12   9.53   0     0     0  BRK-0, REST-0
    33     CS   19.580   432.1   0.12   8.17  10.08   0     0     0  BRK-0, REST-0
    34     CS   19.822   404.1   0.36   8.41  10.32   0     0     0  BRK-0, REST-0
    35     CS   20.072   376.9   0.61   8.66  10.57   0     0     0  BRK-0, REST-0
    36   CUST   20.319   349.4   0.86   8.91  10.82   0     0    r2  BRK-0, REST-R2
    37     CS   29.968   333.4   0.15   0.15   0.15   0     0     0  BRK-0, REST-0
    38     CS   30.231   306.1   0.41   0.41   0.41   0     0     0  BRK-0, REST-0
    39     CS   30.496   278.8   0.68   0.68   0.68   0     0     0  BRK-0, REST-0
    40     CS   30.765   247.7   0.95   0.95   0.95   0     0     0  BRK-0, REST-0
    41     CS   31.034   216.8   1.21   1.21   1.21   0     0     0  BRK-0, REST-0
    42     CS   31.322   193.5   1.50   1.50   1.50   0     0     0  BRK-0, REST-0
    43     CS   31.573   167.9   1.75   1.75   1.75   0     0     0  BRK-0, REST-0
    44     CS   31.808   140.9   1.99   1.99   1.99   0     0     0  BRK-0, REST-0
    45     CS   32.090   117.3   2.27   2.27   2.27   1   b45     0  CHARGE, BRK-B45, REST-0
    46     CS   33.525   380.3   0.19   2.46   2.88   0     0     0  BRK-0, REST-0
    47     CS   33.753   360.4   0.42   2.69   3.11   0     0     0  BRK-0, REST-0
    48     CS   33.950   338.2   0.62   2.89   3.31   0     0     0  BRK-0, REST-0
    49     CS   34.181   312.0   0.85   3.12   3.54   0     0     0  BRK-0, REST-0
    50     CS   34.435   287.7   1.10   3.37   3.79   0     0     0  BRK-0, REST-0
    51     CS   34.673   262.1   1.34   3.61   4.03   0     0     0  BRK-0, REST-0
    52     CS   34.918   237.1   1.58   3.85   4.28   1   b15     0  CHARGE, BRK-B15, REST-0
    53     CS   35.684   248.3   1.85   4.12   4.79   0     0     0  BRK-0, REST-0
    54     CS   35.945   221.2   2.11   4.38   5.05   0     0     0  BRK-0, REST-0
    55     CS   36.220   192.8   2.39   4.66   5.33   0     0     0  BRK-0, REST-0
    56     CS   36.496   164.3   2.67   4.94   5.60   0     0     0  BRK-0, REST-0
    57     CS   36.770   135.7   2.94   5.21   5.88   1   b45     0  CHARGE, BRK-B45, REST-0
    58   CUST   38.305   363.4   0.45   5.66   6.60   0     0     0  BRK-0, REST-0
    59     CS   38.846   358.9   0.49   5.70   7.14   0     0     0  BRK-0, REST-0
    60     CS   39.109   329.7   0.75   5.96   7.40   0     0     0  BRK-0, REST-0
    61     CS   39.373   300.7   1.02   6.23   7.67   0     0     0  BRK-0, REST-0
    62   CUST   39.631   270.9   1.28   6.49   7.92   0     0     0  BRK-0, REST-0
    63   CUST   40.337   252.7   1.48   6.69   8.63   0     0     0  BRK-0, REST-0
    64     CS   41.068   234.9   1.71   6.92   9.36   1   b15     0  CHARGE, BRK-B15, REST-0
    65     CS   41.776   253.3   1.88   7.09   9.82   0     0     0  BRK-0, REST-0
    66     CS   42.058   223.5   2.16   7.37  10.10   0     0     0  BRK-0, REST-0
    67     CS   42.396   197.2   2.50   7.71  10.44   0     0     0  BRK-0, REST-0
    68     CS   42.705   169.4   2.81   8.02  10.75   0     0     0  BRK-0, REST-0
    69     CS   42.969   137.9   3.07   8.28  11.01   1   b45     0  CHARGE, BRK-B45, REST-0
    70     CS   44.450   388.8   0.37   8.65  11.60   0     0    r2  BRK-0, REST-R2
    71     CS   53.855   365.5   0.24   0.24   0.24   0     0     0  BRK-0, REST-0
    72     CS   54.141   344.9   0.52   0.52   0.52   0     0     0  BRK-0, REST-0
    73     CS   54.439   324.7   0.82   0.82   0.82   0     0     0  BRK-0, REST-0
    74     CS   54.703   295.9   1.09   1.09   1.09   0     0     0  BRK-0, REST-0
    75     CS   54.962   266.8   1.35   1.35   1.35   0     0     0  BRK-0, REST-0
    76     CS   55.227   238.3   1.61   1.61   1.61   0     0     0  BRK-0, REST-0
    77     CS   55.446   213.3   1.83   1.83   1.83   0     0     0  BRK-0, REST-0
    78     CS   55.661   188.0   2.04   2.04   2.04   0     0     0  BRK-0, REST-0
    79   CUST   55.890   164.0   2.27   2.27   2.27   0     0     0  BRK-0, REST-0
    80     CS   56.678   134.1   2.56   2.56   3.06   0     0     0  BRK-0, REST-0
    81     CS   57.015   107.3   2.90   2.90   3.40   0     0     0  BRK-0, REST-0
    82     CS   57.067   101.5   2.95   2.95   3.45   1   b45     0  CHARGE, BRK-B45, REST-0
    83     CS   58.403   449.5   0.31   3.26   3.97   0     0     0  BRK-0, REST-0
    84     CS   58.664   418.1   0.57   3.52   4.23   0     0     0  BRK-0, REST-0
    85   CUST   58.948   388.8   0.85   3.80   4.52   0     0     0  BRK-0, REST-0
    86   CUST   59.719   364.6   1.12   4.07   5.29   0     0     0  BRK-0, REST-0
    87   CUST   60.277   358.1   1.18   4.13   5.85   0     0     0  BRK-0, REST-0
    88   CUST   60.932   345.6   1.33   4.29   6.50   0     0     0  BRK-0, REST-0
    89     CS   61.659   319.1   1.56   4.51   7.23   0     0     0  BRK-0, REST-0
    90     CS   61.953   285.6   1.86   4.81   7.52   0     0     0  BRK-0, REST-0
    91     CS   62.257   256.5   2.16   5.11   7.83   0     0     0  BRK-0, REST-0
    92     CS   62.595   229.3   2.50   5.45   8.17   0     0     0  BRK-0, REST-0
    93     CS   62.809   206.2   2.71   5.66   8.38   1   b15     0  CHARGE, BRK-B15, REST-0
    94     CS   63.459   220.3   2.92   5.87   8.78   0     0     0  BRK-0, REST-0
    95     CS   63.665   196.6   3.13   6.08   8.99   0     0     0  BRK-0, REST-0
    96     CS   63.902   176.6   3.36   6.32   9.22   0     0     0  BRK-0, REST-0
    97     CS   64.103   154.0   3.57   6.52   9.42   0     0     0  BRK-0, REST-0
    98     CS   64.298   130.8   3.76   6.71   9.62   1   b30     0  CHARGE, BRK-B30, REST-0
    99     CS   65.324   418.8   0.27   6.98  10.15   0     0     0  BRK-0, REST-0
   100     CS   65.590   391.0   0.54   7.25  10.41   0     0     0  BRK-0, REST-0
   101     CS   65.839   361.8   0.79   7.50  10.66   0     0     0  BRK-0, REST-0
   102     CS   66.177   336.4   1.12   7.84  11.00   0     0     0  BRK-0, REST-0
   103     CS   66.456   307.5   1.40   8.11  11.28   0     0     0  BRK-0, REST-0
   104     CS   66.693   281.2   1.64   8.35  11.51   0     0     0  BRK-0, REST-0
   105     CS   66.929   254.9   1.88   8.59  11.75   0     0     0  BRK-0, REST-0
   106     CS   67.164   228.5   2.11   8.82  11.98   0     0     0  BRK-0, REST-0
   107     CS   67.390   201.3   2.34   9.05  12.21   0     0     0  BRK-0, REST-0
   108     CS   67.626   173.9   2.57   9.28  12.45   0     0     0  BRK-0, REST-0
   109     CS   67.862   146.5   2.81   9.52  12.68   0     0     0  BRK-0, REST-0
  RmediumCmanyTnone_7__mix: duration None h  infeasible=False  tw=0  52 min
  ScenarioTracker saved: /mnt/beegfs/users/celinep/ChargeAndBreak/ML/la_mixed/logs/sensitivity/RshortCmanyTnone_7__mix_LA_S25_H24_20261005_001802_scenarios.json

  === SIMULATION TRAJECTORY ===
  stop   type    t_arr     soc     cd     sd     sw   y   brk   rst  action
  ───────────────────────────────────────────────────────────────────────────────────────────────
     0   ORIG    8.000   500.0   0.00   0.00   0.00   0     —     —  —
     1     CS    8.225   473.2   0.22   0.22   0.22   0     0     0  BRK-0, REST-0
     2     CS    8.457   447.1   0.46   0.46   0.46   0     0     0  BRK-0, REST-0
     3     CS    8.697   421.8   0.70   0.70   0.70   1   b15     0  CHARGE, BRK-B15, REST-0
     4     CS    9.471   431.1   0.94   0.94   1.22   0     0     0  BRK-0, REST-0
     5     CS    9.718   403.2   1.19   1.19   1.47   0     0     0  BRK-0, REST-0
     6     CS    9.970   375.8   1.44   1.44   1.72   0     0     0  BRK-0, REST-0
     7     CS   10.282   348.1   1.75   1.75   2.03   0     0     0  BRK-0, REST-0
     8     CS   10.544   316.4   2.01   2.01   2.29   0     0     0  BRK-0, REST-0
     9     CS   10.769   290.3   2.24   2.24   2.52   0     0     0  BRK-0, REST-0
    10     CS   11.045   267.8   2.51   2.51   2.79   0     0     0  BRK-0, REST-0
    11     CS   11.278   242.4   2.75   2.75   3.03   0     0     0  BRK-0, REST-0
    12     CS   11.503   216.2   2.97   2.97   3.25   0     0     0  BRK-0, REST-0
    13     CS   11.745   189.5   3.22   3.22   3.50   0     0     0  BRK-0, REST-0
    14     CS   11.994   163.3   3.46   3.46   3.74   0     0     0  BRK-0, REST-0
    15   CUST   12.263   138.7   3.73   3.73   4.01   0     0     0  BRK-0, REST-0
    16     CS   12.917   125.2   3.89   3.89   4.67   1   b30     0  CHARGE, BRK-B30, REST-0
    17     CS   14.037   385.8   0.37   4.26   5.25   0     0     0  BRK-0, REST-0
    18     CS   14.312   357.2   0.65   4.54   5.53   0     0     0  BRK-0, REST-0
    19     CS   14.573   327.5   0.91   4.80   5.79   0     0     0  BRK-0, REST-0
    20     CS   14.842   298.5   1.18   5.07   6.06   1   b15     0  CHARGE, BRK-B15, REST-0
    21     CS   15.602   391.2   1.44   5.33   6.57   0     0     0  BRK-0, REST-0
    22     CS   15.867   361.8   1.70   5.59   6.83   0     0     0  BRK-0, REST-0
    23   CUST   16.161   334.6   2.00   5.89   7.13   0     0     0  BRK-0, REST-0
    24   CUST   16.769   322.1   2.11   5.99   7.73   0     0     0  BRK-0, REST-0
    25     CS   17.418   307.3   2.26   6.14   8.38   0     0     0  BRK-0, REST-0
    26   CUST   17.864   257.0   2.70   6.59   8.83   0     0     0  BRK-0, REST-0
    27     CS   18.823   210.1   3.16   7.05   9.79   0     0     0  BRK-0, REST-0
    28     CS   19.050   187.0   3.39   7.27  10.02   0     0     0  BRK-0, REST-0
    29     CS   19.291   163.2   3.63   7.52  10.26   0     0     0  BRK-0, REST-0
    30     CS   19.526   138.9   3.86   7.75  10.49   0     0     0  BRK-0, REST-0
    31     CS   19.803   117.3   4.14   8.03  10.77   1   b30     0  CHARGE, BRK-B30, REST-0
    32   CUST   21.446   400.8   0.41   8.44  11.78   0     0    r2  BRK-0, REST-R2
    33   CUST   31.038   391.4   0.09   0.09   0.09   0     0     0  BRK-0, REST-0
    34   CUST   31.774   363.2   0.33   0.33   0.83   0     0     0  BRK-0, REST-0
    35     CS   32.379   351.6   0.43   0.43   1.43   0     0     0  BRK-0, REST-0
    36   CUST   32.797   305.8   0.85   0.85   1.85   0     0     0  BRK-0, REST-0
    37     CS   33.416   291.9   0.97   0.97   2.47   0     0     0  BRK-0, REST-0
    38     CS   33.662   265.3   1.22   1.22   2.72   0     0     0  BRK-0, REST-0
    39     CS   33.911   238.9   1.47   1.47   2.97   0     0     0  BRK-0, REST-0
    40     CS   34.173   217.8   1.73   1.73   3.23   0     0     0  BRK-0, REST-0
    41     CS   34.384   192.8   1.94   1.94   3.44   0     0     0  BRK-0, REST-0
    42     CS   34.608   169.2   2.16   2.16   3.66   1   b15     0  CHARGE, BRK-B15, REST-0
    43     CS   35.334   317.6   2.41   2.41   4.14   0     0     0  BRK-0, REST-0
    44     CS   35.575   290.0   2.66   2.66   4.38   0     0     0  BRK-0, REST-0
  RshortCmanyTnone_7__mix: duration None h  infeasible=False  tw=0  12 min
  ScenarioTracker saved: /mnt/beegfs/users/celinep/ChargeAndBreak/ML/la_mixed/logs/sensitivity/RmediumCmanyTnone_8__mix_LA_S25_H24_20261005_002936_scenarios.json

  === SIMULATION TRAJECTORY ===
  stop   type    t_arr     soc     cd     sd     sw   y   brk   rst  action
  ───────────────────────────────────────────────────────────────────────────────────────────────
     0   ORIG    8.000   500.0   0.00   0.00   0.00   0     —     —  —
     1     CS    8.230   473.7   0.23   0.23   0.23   0     0     0  BRK-0, REST-0
     2     CS    8.457   447.1   0.46   0.46   0.46   0     0     0  BRK-0, REST-0
     3     CS    8.713   422.9   0.71   0.71   0.71   0     0     0  BRK-0, REST-0
     4     CS    8.983   390.9   0.98   0.98   0.98   0     0     0  BRK-0, REST-0
     5     CS    9.263   359.7   1.26   1.26   1.26   0     0     0  BRK-0, REST-0
     6     CS    9.513   329.9   1.51   1.51   1.51   0     0     0  BRK-0, REST-0
     7     CS    9.761   299.8   1.76   1.76   1.76   0     0     0  BRK-0, REST-0
     8     CS   10.029   271.6   2.03   2.03   2.03   0     0     0  BRK-0, REST-0
     9     CS   10.302   243.9   2.30   2.30   2.30   0     0     0  BRK-0, REST-0
    10     CS   10.533   219.3   2.53   2.53   2.53   1   b15     0  CHARGE, BRK-B15, REST-0
    11     CS   11.223   389.4   2.77   2.77   2.97   0     0     0  BRK-0, REST-0
    12     CS   11.469   365.9   3.01   3.01   3.22   0     0     0  BRK-0, REST-0
    13     CS   11.719   344.1   3.26   3.26   3.47   0     0     0  BRK-0, REST-0
    14     CS   11.932   319.4   3.47   3.47   3.68   0     0     0  BRK-0, REST-0
    15     CS   12.146   294.8   3.69   3.69   3.90   0     0     0  BRK-0, REST-0
    16     CS   12.500   270.1   4.04   4.04   4.25   1   b30     0  CHARGE, BRK-B30, REST-0
    17     CS   13.526   435.9   0.31   4.35   4.78   0     0     0  BRK-0, REST-0
    18     CS   13.821   405.3   0.60   4.64   5.07   0     0     0  BRK-0, REST-0
    19     CS   14.248   380.8   1.03   5.07   5.50   0     0     0  BRK-0, REST-0
    20     CS   14.535   349.5   1.32   5.36   5.78   0     0     0  BRK-0, REST-0
    21     CS   14.800   319.3   1.58   5.62   6.05   0     0     0  BRK-0, REST-0
    22     CS   15.057   288.4   1.84   5.88   6.31   0     0     0  BRK-0, REST-0
    23     CS   15.311   262.4   2.09   6.13   6.56   0     0     0  BRK-0, REST-0
    24     CS   15.554   235.6   2.33   6.38   6.80   0     0     0  BRK-0, REST-0
    25     CS   15.800   209.0   2.58   6.62   7.05   0     0     0  BRK-0, REST-0
    26     CS   16.041   181.9   2.82   6.86   7.29   0     0     0  BRK-0, REST-0
    27     CS   16.279   155.2   3.06   7.10   7.53   0     0     0  BRK-0, REST-0
    28     CS   16.526   129.3   3.31   7.35   7.78   1   b45     0  CHARGE, BRK-B45, REST-0
    29     CS   17.762   464.0   0.28   7.63   8.26   0     0     0  BRK-0, REST-0
    30     CS   18.068   434.2   0.59   7.94   8.57   0     0     0  BRK-0, REST-0
    31   CUST   18.366   403.8   0.89   8.23   8.87   0     0     0  BRK-0, REST-0
    32   CUST   19.006   387.0   1.02   8.37   9.51   0     0     0  BRK-0, REST-0
    33     CS   19.540   383.0   1.06   8.41  10.04   0     0     0  BRK-0, REST-0
    34   CUST   19.929   341.7   1.45   8.80  10.43   0     0     0  BRK-0, REST-0
    35   CUST   20.673   317.7   1.69   9.04  11.17   0     0     0  BRK-0, REST-0
    36   CUST   21.232   311.3   1.75   9.10  11.73   0     0     0  BRK-0, REST-0
    37   CUST   21.904   296.0   1.92   9.27  12.40   0     0    r2  BRK-0, REST-R2
    38     CS   31.485   286.8   0.08   0.08   0.08   0     0     0  BRK-0, REST-0
    39   CUST   31.671   264.8   0.27   0.27   0.27   0     0     0  BRK-0, REST-0
    40     CS   32.409   238.0   0.50   0.50   1.00   1   b15     0  CHARGE, BRK-B15, REST-0
    41     CS   33.218   363.6   0.85   0.85   1.56   0     0     0  BRK-0, REST-0
    42     CS   33.474   339.9   1.11   1.11   1.82   0     0     0  BRK-0, REST-0
    43     CS   33.715   315.2   1.35   1.35   2.06   0     0     0  BRK-0, REST-0
    44     CS   33.937   288.7   1.57   1.57   2.28   0     0     0  BRK-0, REST-0
    45     CS   34.213   266.3   1.85   1.85   2.56   0     0     0  BRK-0, REST-0
    46     CS   34.506   233.9   2.14   2.14   2.85   0     0     0  BRK-0, REST-0
    47     CS   34.840   204.6   2.48   2.48   3.19   0     0     0  BRK-0, REST-0
    48     CS   35.076   176.4   2.71   2.71   3.42   0     0     0  BRK-0, REST-0
    49     CS   35.321   149.2   2.96   2.96   3.67   1   b30     0  CHARGE, BRK-B30, REST-0
    50     CS   36.411   397.9   0.26   3.22   4.26   0     0     0  BRK-0, REST-0
    51     CS   36.683   368.3   0.53   3.49   4.53   0     0     0  BRK-0, REST-0
    52     CS   36.967   339.8   0.82   3.78   4.81   0     0     0  BRK-0, REST-0
    53     CS   37.285   314.7   1.14   4.09   5.13   0     0     0  BRK-0, REST-0
    54     CS   37.551   286.2   1.40   4.36   5.40   0     0     0  BRK-0, REST-0
    55     CS   37.805   256.5   1.66   4.61   5.65   1   b15     0  CHARGE, BRK-B15, REST-0
    56     CS   38.610   383.7   2.02   4.97   6.21   0     0     0  BRK-0, REST-0
    57     CS   38.874   352.3   2.28   5.24   6.47   0     0     0  BRK-0, REST-0
    58     CS   39.100   328.7   2.51   5.46   6.70   0     0     0  BRK-0, REST-0
    59     CS   39.309   303.6   2.71   5.67   6.91   0     0     0  BRK-0, REST-0
    60   CUST   39.538   280.4   2.94   5.90   7.13   0     0     0  BRK-0, REST-0
    61   CUST   40.232   259.0   3.14   6.09   7.83   0     0     0  BRK-0, REST-0
    62   CUST   41.045   234.3   3.45   6.41   8.64   0     0     0  BRK-0, REST-0
    63     CS   41.804   215.9   3.71   6.67   9.40   0     0     0  BRK-0, REST-0
    64     CS   42.318   174.6   4.22   7.18   9.91   1   b30     0  CHARGE, BRK-B30, REST-0
    65     CS   43.405   428.5   0.24   7.42  10.50   0     0     0  BRK-0, REST-0
    66     CS   43.655   402.8   0.49   7.67  10.75   0     0     0  BRK-0, REST-0
    67     CS   43.891   379.3   0.73   7.91  10.99   0     0     0  BRK-0, REST-0
    68     CS   44.234   360.4   1.07   8.25  11.33   0     0     0  BRK-0, REST-0
    69     CS   44.466   336.6   1.30   8.48  11.56   0     0     0  BRK-0, REST-0
    70     CS   44.693   310.9   1.53   8.71  11.79   0     0     0  BRK-0, REST-0
    71     CS   44.931   286.0   1.77   8.95  12.03   0     0     0  BRK-0, REST-0
    72     CS   45.158   260.3   1.99   9.17  12.25   0     0     0  BRK-0, REST-0
    73     CS   45.403   232.5   2.24   9.42  12.50   0     0     0  BRK-0, REST-0
    74     CS   45.668   206.3   2.50   9.69  12.76   0     0    r2  BRK-0, REST-R2
    75     CS   55.093   179.6   0.26   0.26   0.26   0     0     0  BRK-0, REST-0
    76     CS   55.364   153.8   0.53   0.53   0.53   1   b15     0  CHARGE, BRK-B15, REST-0
    77     CS   56.378   324.8   0.98   0.98   1.26   1     0     0  CHARGE, BRK-0, REST-0
    78     CS   57.284   338.4   1.21   1.21   2.16   0     0     0  BRK-0, REST-0
    79     CS   57.512   314.3   1.44   1.44   2.39   0     0     0  BRK-0, REST-0
    80     CS   57.757   291.4   1.68   1.68   2.64   0     0     0  BRK-0, REST-0
    81   CUST   57.995   268.2   1.92   1.92   2.88   0     0     0  BRK-0, REST-0
    82   CUST   58.657   253.2   2.08   2.08   3.54   0     0     0  BRK-0, REST-0
    83   CUST   59.383   231.2   2.31   2.31   4.26   0     0     0  BRK-0, REST-0
    84     CS   60.311   187.4   2.74   2.74   5.19   0     0     0  BRK-0, REST-0
    85   CUST   60.374   182.3   2.80   2.80   5.26   0     0    r2  BRK-0, REST-R2
    86     CS   70.293   145.2   0.42   0.42   0.42   1   b45     0  CHARGE, BRK-B45, REST-0
    87   CUST   71.612   467.0   0.28   0.70   0.99   0     0     0  BRK-0, REST-0
    88     CS   72.325   442.7   0.50   0.91   1.70   0     0     0  BRK-0, REST-0
    89     CS   72.673   409.2   0.84   1.26   2.05   0     0     0  BRK-0, REST-0
    90     CS   73.173   385.3   1.34   1.76   2.55   0     0     0  BRK-0, REST-0
    91     CS   73.491   354.9   1.66   2.08   2.87   0     0     0  BRK-0, REST-0
    92     CS   73.717   328.9   1.89   2.31   3.09   0     0     0  BRK-0, REST-0
    93     CS   73.948   303.3   2.12   2.54   3.32   0     0     0  BRK-0, REST-0
    94     CS   74.187   278.4   2.36   2.78   3.56   0     0     0  BRK-0, REST-0
    95     CS   74.438   254.4   2.61   3.03   3.81   1   b15     0  CHARGE, BRK-B15, REST-0
    96     CS   75.177   264.3   2.88   3.30   4.30   0     0     0  BRK-0, REST-0
    97     CS   75.434   235.8   3.13   3.55   4.56   0     0     0  BRK-0, REST-0
    98     CS   75.693   207.4   3.39   3.81   4.82   0     0     0  BRK-0, REST-0
    99     CS   75.904   182.5   3.60   4.02   5.03   0     0     0  BRK-0, REST-0
   100     CS   76.158   160.9   3.86   4.28   5.28   0     0     0  BRK-0, REST-0
   101     CS   76.378   136.8   4.08   4.50   5.50   1   b30     0  CHARGE, BRK-B30, REST-0
   102     CS   77.373   430.6   0.21   4.71   5.96   0     0     0  BRK-0, REST-0
   103     CS   77.610   408.6   0.44   4.94   6.20   0     0     0  BRK-0, REST-0
   104     CS   77.826   385.0   0.66   5.16   6.41   0     0     0  BRK-0, REST-0
   105     CS   78.068   364.7   0.90   5.40   6.66   0     0     0  BRK-0, REST-0
   106     CS   78.269   341.3   1.10   5.60   6.86   0     0     0  BRK-0, REST-0
   107     CS   78.482   318.9   1.32   5.81   7.07   0     0     0  BRK-0, REST-0
   108     CS   78.814   299.3   1.65   6.15   7.40   0     0     0  BRK-0, REST-0
   109     CS   79.079   277.0   1.91   6.41   7.67   0     0     0  BRK-0, REST-0
   110     CS   79.302   251.6   2.14   6.63   7.89   0     0     0  BRK-0, REST-0
   111     CS   79.555   223.9   2.39   6.89   8.14   0     0     0  BRK-0, REST-0
   112     CS   79.817   196.9   2.65   7.15   8.40   0     0     0  BRK-0, REST-0
   113     CS   80.063   168.6   2.90   7.40   8.65   0     0     0  BRK-0, REST-0
   114     CS   80.321   141.3   3.16   7.65   8.91   1   b15     0  CHARGE, BRK-B15, REST-0
  RmediumCmanyTnone_8__mix: duration None h  infeasible=False  tw=0  103 min
  ScenarioTracker saved: /mnt/beegfs/users/celinep/ChargeAndBreak/ML/la_mixed/logs/sensitivity/RshortCmanyTnone_8__mix_LA_S25_H24_20261005_021238_scenarios.json

  === SIMULATION TRAJECTORY ===
  stop   type    t_arr     soc     cd     sd     sw   y   brk   rst  action
  ───────────────────────────────────────────────────────────────────────────────────────────────
     0   ORIG    8.000   500.0   0.00   0.00   0.00   0     —     —  —
     1     CS    8.228   473.5   0.23   0.23   0.23   0     0     0  BRK-0, REST-0
     2     CS    8.465   447.9   0.46   0.46   0.46   0     0     0  BRK-0, REST-0
     3     CS    8.691   421.2   0.69   0.69   0.69   0     0     0  BRK-0, REST-0
     4     CS    9.003   392.5   1.00   1.00   1.00   0     0     0  BRK-0, REST-0
     5     CS    9.276   360.7   1.28   1.28   1.28   0     0     0  BRK-0, REST-0
     6     CS    9.514   333.4   1.51   1.51   1.51   0     0     0  BRK-0, REST-0
     7     CS    9.801   309.6   1.80   1.80   1.80   0     0     0  BRK-0, REST-0
     8     CS   10.075   285.1   2.08   2.08   2.08   0     0     0  BRK-0, REST-0
     9     CS   10.319   258.3   2.32   2.32   2.32   0     0     0  BRK-0, REST-0
    10     CS   10.790   211.3   2.79   2.79   2.79   0     0     0  BRK-0, REST-0
    11     CS   11.056   182.0   3.06   3.06   3.06   0     0     0  BRK-0, REST-0
    12     CS   11.347   154.7   3.35   3.35   3.35   0     0     0  BRK-0, REST-0
    13     CS   11.608   124.9   3.61   3.61   3.61   1   b45     0  CHARGE, BRK-B45, REST-0
    14     CS   12.858   467.8   0.26   3.86   4.11   0     0     0  BRK-0, REST-0
    15     CS   13.099   439.4   0.50   4.10   4.35   0     0     0  BRK-0, REST-0
    16   CUST   13.344   411.3   0.74   4.35   4.59   0     0     0  BRK-0, REST-0
    17     CS   14.092   386.0   0.99   4.60   5.34   0     0     0  BRK-0, REST-0
    18     CS   14.330   359.8   1.23   4.83   5.58   0     0     0  BRK-0, REST-0
    19   CUST   14.336   359.2   1.23   4.84   5.59   0     0     0  BRK-0, REST-0
    20     CS   14.956   349.6   1.35   4.96   6.21   0     0     0  BRK-0, REST-0
    21     CS   15.203   322.9   1.60   5.21   6.45   0     0     0  BRK-0, REST-0
    22     CS   15.442   295.5   1.84   5.45   6.69   0     0     0  BRK-0, REST-0
    23     CS   15.691   269.0   2.09   5.70   6.94   1   b15     0  CHARGE, BRK-B15, REST-0
    24     CS   16.438   396.6   2.33   5.93   7.44   0     0     0  BRK-0, REST-0
    25     CS   16.669   368.8   2.56   6.16   7.67   0     0     0  BRK-0, REST-0
    26     CS   16.930   343.5   2.82   6.42   7.93   0     0     0  BRK-0, REST-0
    27     CS   17.130   321.6   3.02   6.62   8.13   0     0     0  BRK-0, REST-0
    28     CS   17.320   298.8   3.21   6.82   8.32   0     0     0  BRK-0, REST-0
    29   CUST   17.538   278.3   3.43   7.03   8.54   0     0    r2  BRK-0, REST-R2
    30   CUST   27.254   256.5   0.22   0.22   0.22   0     0     0  BRK-0, REST-0
    31     CS   27.940   240.0   0.40   0.40   0.90   1   b15     0  CHARGE, BRK-B15, REST-0
    32   CUST   29.291   341.2   0.85   0.85   1.81   0     0     0  BRK-0, REST-0
    33     CS   30.075   311.6   1.14   1.14   2.60   0     0     0  BRK-0, REST-0
    34     CS   30.342   281.0   1.40   1.40   2.87   0     0     0  BRK-0, REST-0
    35     CS   30.728   257.0   1.79   1.79   3.25   0     0     0  BRK-0, REST-0
    36     CS   30.950   230.7   2.01   2.01   3.47   0     0     0  BRK-0, REST-0
    37     CS   31.181   205.4   2.24   2.24   3.70   0     0     0  BRK-0, REST-0
    38   CUST   31.419   180.6   2.48   2.48   3.94   0     0     0  BRK-0, REST-0
    39   CUST   32.215   149.7   2.78   2.78   4.74   0     0     0  BRK-0, REST-0
    40     CS   32.727   148.4   2.79   2.79   5.25   1   b30     0  CHARGE, BRK-B30, REST-0
    41   CUST   34.086   282.5   0.61   3.39   6.11   0     0     0  BRK-0, REST-0
    42     CS   34.615   279.3   0.64   3.42   6.64   0     0     0  BRK-0, REST-0
    43     CS   34.914   254.1   0.93   3.72   6.94   0     0     0  BRK-0, REST-0
    44     CS   35.193   227.8   1.21   4.00   7.22   0     0     0  BRK-0, REST-0
    45     CS   35.445   199.2   1.47   4.25   7.47   1   b15     0  CHARGE, BRK-B15, REST-0
    46     CS   36.181   382.6   1.69   4.48   7.95   0     0     0  BRK-0, REST-0
    47     CS   36.435   357.7   1.95   4.74   8.21   0     0     0  BRK-0, REST-0
    48     CS   36.726   334.9   2.24   5.03   8.50   0     0     0  BRK-0, REST-0
    49     CS   36.995   312.2   2.51   5.30   8.77   0     0     0  BRK-0, REST-0
    50     CS   37.308   291.4   2.82   5.61   9.08   0     0     0  BRK-0, REST-0
    51     CS   37.549   266.9   3.06   5.85   9.32   0     0     0  BRK-0, REST-0
    52     CS   37.969   246.8   3.48   6.27   9.74   0     0     0  BRK-0, REST-0
    53     CS   38.258   222.7   3.77   6.56  10.03   0     0     0  BRK-0, REST-0
    54     CS   38.537   198.0   4.05   6.84  10.31   0   b30     0  BRK-B30, REST-0
    55     CS   39.484   173.3   0.28   7.12  10.76   0     0     0  BRK-0, REST-0
  RshortCmanyTnone_8__mix: duration None h  infeasible=False  tw=0  19 min
  ScenarioTracker saved: /mnt/beegfs/users/celinep/ChargeAndBreak/ML/la_mixed/logs/sensitivity/RmediumCmanyTnone_9__mix_LA_S25_H24_20261005_023138_scenarios.json

  === SIMULATION TRAJECTORY ===
  stop   type    t_arr     soc     cd     sd     sw   y   brk   rst  action
  ───────────────────────────────────────────────────────────────────────────────────────────────
     0   ORIG    8.000   500.0   0.00   0.00   0.00   0     —     —  —
     1     CS    8.250   475.4   0.25   0.25   0.25   0     0     0  BRK-0, REST-0
     2     CS    8.512   451.6   0.51   0.51   0.51   0     0     0  BRK-0, REST-0
     3     CS    8.745   425.7   0.75   0.75   0.75   0     0     0  BRK-0, REST-0
     4     CS    8.969   400.0   0.97   0.97   0.97   0     0     0  BRK-0, REST-0
     5     CS    9.204   375.4   1.20   1.20   1.20   0     0     0  BRK-0, REST-0
     6     CS    9.465   352.5   1.47   1.47   1.47   0     0     0  BRK-0, REST-0
     7     CS    9.701   327.9   1.70   1.70   1.70   0     0     0  BRK-0, REST-0
     8     CS   10.038   294.7   2.04   2.04   2.04   0     0     0  BRK-0, REST-0
     9     CS   10.280   267.2   2.28   2.28   2.28   0     0     0  BRK-0, REST-0
    10     CS   10.552   242.0   2.55   2.55   2.55   0     0     0  BRK-0, REST-0
    11     CS   10.822   216.7   2.82   2.82   2.82   0     0     0  BRK-0, REST-0
    12     CS   11.079   188.2   3.08   3.08   3.08   0     0     0  BRK-0, REST-0
    13     CS   11.331   159.2   3.33   3.33   3.33   0     0     0  BRK-0, REST-0
    14     CS   11.589   130.7   3.59   3.59   3.59   1   b45     0  CHARGE, BRK-B45, REST-0
    15     CS   12.812   471.4   0.22   3.81   4.06   0     0     0  BRK-0, REST-0
    16     CS   13.030   446.4   0.44   4.03   4.28   0     0     0  BRK-0, REST-0
    17     CS   13.259   422.3   0.67   4.26   4.51   0     0     0  BRK-0, REST-0
    18     CS   13.536   401.3   0.95   4.53   4.79   0     0     0  BRK-0, REST-0
    19     CS   13.817   380.4   1.23   4.81   5.07   0     0     0  BRK-0, REST-0
    20     CS   14.048   356.5   1.46   5.05   5.30   0     0     0  BRK-0, REST-0
    21   CUST   14.310   334.8   1.72   5.31   5.56   0     0     0  BRK-0, REST-0
    22     CS   15.071   311.9   1.98   5.57   6.32   0     0     0  BRK-0, REST-0
    23     CS   15.321   288.4   2.23   5.82   6.57   0     0     0  BRK-0, REST-0
    24     CS   15.565   264.4   2.47   6.06   6.82   0     0     0  BRK-0, REST-0
    25     CS   15.737   248.1   2.65   6.23   6.99   0     0     0  BRK-0, REST-0
    26   CUST   16.067   222.4   2.98   6.56   7.32   0     0    r2  BRK-0, REST-R2
    27     CS   25.790   196.3   0.22   0.22   0.22   0     0     0  BRK-0, REST-0
    28     CS   26.182   177.5   0.62   0.62   0.62   0     0     0  BRK-0, REST-0
    29     CS   26.426   153.2   0.86   0.86   0.86   0     0     0  BRK-0, REST-0
    30     CS   26.653   127.5   1.09   1.09   1.09   0     0     0  BRK-0, REST-0
    31     CS   26.705   121.6   1.14   1.14   1.14   1   b15     0  CHARGE, BRK-B15, REST-0
    32     CS   27.693   373.2   1.39   1.39   1.73   0     0     0  BRK-0, REST-0
    33     CS   27.938   345.9   1.63   1.63   1.97   0     0     0  BRK-0, REST-0
    34     CS   28.176   318.0   1.87   1.87   2.21   0     0     0  BRK-0, REST-0
    35     CS   28.416   294.1   2.11   2.11   2.45   0     0     0  BRK-0, REST-0
    36     CS   28.652   269.8   2.35   2.35   2.69   0     0     0  BRK-0, REST-0
    37     CS   28.875   244.5   2.57   2.57   2.91   1   b30     0  CHARGE, BRK-B30, REST-0
    38     CS   29.995   396.3   0.29   2.86   3.47   0     0     0  BRK-0, REST-0
    39     CS   30.249   366.2   0.54   3.11   3.72   0     0     0  BRK-0, REST-0
    40     CS   30.478   341.4   0.77   3.34   3.95   0     0     0  BRK-0, REST-0
    41     CS   30.712   317.1   1.01   3.58   4.19   0     0     0  BRK-0, REST-0
    42     CS   30.947   292.8   1.24   3.81   4.42   1   b15     0  CHARGE, BRK-B15, REST-0
    43     CS   31.875   302.7   1.47   4.04   5.10   0     0     0  BRK-0, REST-0
    44     CS   32.232   281.7   1.83   4.40   5.46   0     0     0  BRK-0, REST-0
    45     CS   32.574   260.4   2.17   4.74   5.80   0     0     0  BRK-0, REST-0
    46     CS   32.818   234.7   2.42   4.99   6.04   0     0     0  BRK-0, REST-0
    47     CS   33.115   212.4   2.71   5.28   6.34   0     0     0  BRK-0, REST-0
    48     CS   33.366   187.3   2.96   5.53   6.59   0     0     0  BRK-0, REST-0
    49   CUST   33.601   160.9   3.20   5.77   6.82   0     0     0  BRK-0, REST-0
    50     CS   34.266   144.0   3.36   5.93   7.49   1   b30     0  CHARGE, BRK-B30, REST-0
    51   CUST   35.514   393.3   0.38   6.32   8.21   0     0     0  BRK-0, REST-0
    52   CUST   36.418   350.9   0.79   6.72   9.11   0     0     0  BRK-0, REST-0
    53     CS   36.930   349.6   0.80   6.73   9.62   0     0     0  BRK-0, REST-0
    54     CS   37.220   326.0   1.09   7.02   9.91   0     0     0  BRK-0, REST-0
    55   CUST   37.462   299.1   1.33   7.26  10.16   0     0     0  BRK-0, REST-0
    56     CS   38.133   280.4   1.50   7.44  10.83   0     0     0  BRK-0, REST-0
    57     CS   38.408   250.6   1.78   7.71  11.10   0     0     0  BRK-0, REST-0
    58     CS   38.685   220.9   2.05   7.99  11.38   0     0     0  BRK-0, REST-0
    59     CS   39.017   187.3   2.39   8.32  11.71   1   b15     0  CHARGE, BRK-B15, REST-0
    60     CS   39.902   332.3   2.67   8.60  12.35   0     0    r2  BRK-0, REST-R2
    61     CS   49.358   302.7   0.29   0.29   0.29   0     0     0  BRK-0, REST-0
    62     CS   49.701   276.4   0.63   0.63   0.63   0     0     0  BRK-0, REST-0
    63     CS   49.991   243.8   0.92   0.92   0.92   0     0     0  BRK-0, REST-0
    64   CUST   50.328   214.6   1.26   1.26   1.26   0     0     0  BRK-0, REST-0
    65     CS   51.030   190.9   1.46   1.46   1.96   0     0     0  BRK-0, REST-0
    66     CS   51.290   171.1   1.72   1.72   2.22   0     0     0  BRK-0, REST-0
    67   CUST   51.490   147.2   1.92   1.92   2.42   0     0     0  BRK-0, REST-0
    68   CUST   51.990   147.2   1.92   1.92   2.92   0     0     0  BRK-0, REST-0
    69     CS   52.662   131.9   2.09   2.09   3.59   1   b15     0  CHARGE, BRK-B15, REST-0
    70   CUST   53.229   326.5   2.10   2.10   3.88   0     0     0  BRK-0, REST-0
    71     CS   54.201   284.7   2.57   2.57   4.85   0     0     0  BRK-0, REST-0
    72     CS   54.490   257.1   2.86   2.86   5.14   0     0     0  BRK-0, REST-0
    73   CUST   54.762   228.1   3.13   3.13   5.41   0     0     0  BRK-0, REST-0
    74   CUST   55.290   224.8   3.16   3.16   5.94   0     0     0  BRK-0, REST-0
    75   CUST   55.903   211.5   3.27   3.27   6.56   0     0     0  BRK-0, REST-0
    76     CS   56.483   202.2   3.35   3.35   7.13   0     0     0  BRK-0, REST-0
    77     CS   56.767   172.5   3.64   3.64   7.42   1   b30     0  CHARGE, BRK-B30, REST-0
    78     CS   58.182   459.3   0.23   3.87   8.09   0     0     0  BRK-0, REST-0
    79     CS   58.413   433.8   0.46   4.10   8.32   0     0     0  BRK-0, REST-0
    80     CS   58.678   411.0   0.73   4.36   8.58   0     0     0  BRK-0, REST-0
    81     CS   58.930   387.2   0.98   4.61   8.83   0     0     0  BRK-0, REST-0
    82     CS   59.163   362.0   1.21   4.85   9.07   0     0     0  BRK-0, REST-0
    83     CS   59.410   337.9   1.46   5.09   9.31   0     0     0  BRK-0, REST-0
    84     CS   59.647   312.8   1.69   5.33   9.55   0     0     0  BRK-0, REST-0
    85     CS   59.869   286.3   1.92   5.55   9.77   0     0     0  BRK-0, REST-0
    86     CS   60.094   260.2   2.14   5.78  10.00   0     0     0  BRK-0, REST-0
    87     CS   60.320   234.2   2.37   6.00  10.22   0     0     0  BRK-0, REST-0
    88     CS   60.568   206.3   2.61   6.25  10.47   0     0     0  BRK-0, REST-0
    89     CS   60.826   179.5   2.87   6.51  10.73   0     0     0  BRK-0, REST-0
    90     CS   61.080   152.2   3.13   6.76  10.98   1   b15     0  CHARGE, BRK-B15, REST-0
    91     CS   62.005   368.1   3.42   7.06  11.66   0     0     0  BRK-0, REST-0
  RmediumCmanyTnone_9__mix: duration None h  infeasible=False  tw=0  44 min
  ScenarioTracker saved: /mnt/beegfs/users/celinep/ChargeAndBreak/ML/la_mixed/logs/sensitivity/RshortCmanyTnone_9__mix_LA_S25_H24_20261005_031558_scenarios.json

  === SIMULATION TRAJECTORY ===
  stop   type    t_arr     soc     cd     sd     sw   y   brk   rst  action
  ───────────────────────────────────────────────────────────────────────────────────────────────
     0   ORIG    8.000   500.0   0.00   0.00   0.00   0     —     —  —
     1     CS    8.250   475.4   0.25   0.25   0.25   0     0     0  BRK-0, REST-0
     2     CS    8.505   451.2   0.50   0.50   0.50   0     0     0  BRK-0, REST-0
     3     CS    8.772   427.7   0.77   0.77   0.77   0     0     0  BRK-0, REST-0
     4     CS    9.033   399.6   1.03   1.03   1.03   0     0     0  BRK-0, REST-0
     5     CS    9.297   371.6   1.30   1.30   1.30   0     0     0  BRK-0, REST-0
     6     CS    9.532   348.1   1.53   1.53   1.53   0     0     0  BRK-0, REST-0
     7     CS    9.896   329.6   1.90   1.90   1.90   0     0     0  BRK-0, REST-0
     8     CS   10.119   305.0   2.12   2.12   2.12   0     0     0  BRK-0, REST-0
     9     CS   10.375   277.2   2.38   2.38   2.38   0     0     0  BRK-0, REST-0
    10     CS   10.632   249.4   2.63   2.63   2.63   0     0     0  BRK-0, REST-0
    11     CS   10.885   221.4   2.89   2.89   2.89   1   b45     0  CHARGE, BRK-B45, REST-0
    12     CS   12.238   468.0   0.26   3.15   3.49   0     0     0  BRK-0, REST-0
    13     CS   12.505   437.4   0.53   3.42   3.76   0     0     0  BRK-0, REST-0
    14     CS   12.787   408.2   0.81   3.70   4.04   0     0     0  BRK-0, REST-0
    15     CS   13.090   380.4   1.11   4.00   4.34   0     0     0  BRK-0, REST-0
    16     CS   13.368   347.9   1.39   4.28   4.62   0     0     0  BRK-0, REST-0
    17   CUST   13.673   317.7   1.70   4.58   4.92   0     0     0  BRK-0, REST-0
    18   CUST   14.194   316.0   1.72   4.60   5.44   0     0     0  BRK-0, REST-0
    19     CS   14.928   288.9   1.95   4.84   6.18   0     0     0  BRK-0, REST-0
    20     CS   15.166   262.2   2.19   5.08   6.42   0     0     0  BRK-0, REST-0
    21     CS   15.360   240.9   2.39   5.27   6.61   0     0     0  BRK-0, REST-0
    22     CS   15.595   214.2   2.62   5.51   6.84   0     0     0  BRK-0, REST-0
    23     CS   15.868   190.5   2.89   5.78   7.12   0     0     0  BRK-0, REST-0
    24     CS   16.103   163.9   3.13   6.01   7.35   0     0     0  BRK-0, REST-0
    25     CS   16.376   144.4   3.40   6.29   7.63   0     0     0  BRK-0, REST-0
    26     CS   16.677   125.9   3.70   6.59   7.93   1   b45     0  CHARGE, BRK-B45, REST-0
    27     CS   18.204   471.8   0.21   6.80   8.70   0     0     0  BRK-0, REST-0
    28     CS   18.457   443.6   0.46   7.05   8.96   0     0     0  BRK-0, REST-0
    29     CS   18.720   416.4   0.73   7.31   9.22   0     0     0  BRK-0, REST-0
    30   CUST   19.005   390.8   1.01   7.60   9.51   0     0    r2  BRK-0, REST-R2
    31   CUST   28.682   372.6   0.18   0.18   0.18   0     0     0  BRK-0, REST-0
    32   CUST   29.281   362.7   0.28   0.28   0.78   0     0     0  BRK-0, REST-0
    33     CS   30.129   325.9   0.62   0.62   1.62   0     0     0  BRK-0, REST-0
    34   CUST   30.180   319.9   0.67   0.67   1.67   0     0     0  BRK-0, REST-0
    35   CUST   31.125   276.3   1.12   1.12   2.62   0     0     0  BRK-0, REST-0
    36     CS   31.775   259.4   1.27   1.27   3.27   0     0     0  BRK-0, REST-0
    37     CS   31.857   251.4   1.35   1.35   3.35   0     0     0  BRK-0, REST-0
    38     CS   32.120   221.8   1.61   1.61   3.61   0     0     0  BRK-0, REST-0
    39     CS   32.452   196.8   1.95   1.95   3.95   0     0     0  BRK-0, REST-0
    40     CS   32.829   173.4   2.32   2.32   4.32   0     0     0  BRK-0, REST-0
    41     CS   33.110   139.9   2.60   2.60   4.60   1   b30     0  CHARGE, BRK-B30, REST-0
    42     CS   34.396   419.2   2.90   2.90   5.26   0     0     0  BRK-0, REST-0
    43     CS   34.604   397.2   3.11   3.11   5.47   0     0     0  BRK-0, REST-0
    44     CS   34.800   374.2   3.30   3.30   5.67   0     0     0  BRK-0, REST-0
    45   CUST   35.002   351.6   3.51   3.51   5.87   0     0     0  BRK-0, REST-0
    46   CUST   35.935   307.1   3.94   3.94   6.80   0     0     0  BRK-0, REST-0
    47   CUST   36.631   291.2   4.13   4.13   7.50   0     0     0  BRK-0, REST-0
    48     CS   37.212   282.1   4.22   4.22   8.08   0     0     0  BRK-0, REST-0
    49   CUST   37.309   273.1   4.31   4.31   8.17   0   b30     0  BRK-B30, REST-0
    50     CS   38.533   247.5   0.22   4.54   8.90   1   b45     0  CHARGE, BRK-B45, REST-0
    51     CS   40.288   380.2   0.27   4.80   9.58   0     0     0  BRK-0, REST-0
    52     CS   40.549   351.6   0.53   5.06   9.84   0     0     0  BRK-0, REST-0
    53     CS   40.815   323.5   0.79   5.33  10.11   0     0     0  BRK-0, REST-0
    54     CS   41.043   298.5   1.02   5.56  10.34   0     0     0  BRK-0, REST-0
    55     CS   41.290   275.2   1.27   5.80  10.58   0     0     0  BRK-0, REST-0
    56     CS   41.523   250.7   1.50   6.04  10.82   1     0    r2  CHARGE, BRK-0, REST-R2
    57     CS   51.703   378.1   0.26   0.26   0.26   0     0     0  BRK-0, REST-0
    58     CS   51.965   348.8   0.52   0.52   0.52   0     0     0  BRK-0, REST-0
    59     CS   52.202   324.9   0.76   0.76   0.76   0     0     0  BRK-0, REST-0
    60     CS   52.448   301.6   1.01   1.01   1.01   0     0     0  BRK-0, REST-0
    61     CS   52.673   276.6   1.23   1.23   1.23   0     0     0  BRK-0, REST-0
  RshortCmanyTnone_9__mix: duration None h  infeasible=False  tw=0  34 min
  ScenarioTracker saved: /mnt/beegfs/users/celinep/ChargeAndBreak/ML/la_mixed/logs/sensitivity/RmediumCmanyTnone_10__mix_LA_S25_H24_20261005_035020_scenarios.json

  === SIMULATION TRAJECTORY ===
  stop   type    t_arr     soc     cd     sd     sw   y   brk   rst  action
  ───────────────────────────────────────────────────────────────────────────────────────────────
     0   ORIG    8.000   500.0   0.00   0.00   0.00   0     —     —  —
     1     CS    8.234   474.1   0.23   0.23   0.23   0     0     0  BRK-0, REST-0
     2     CS    8.466   448.0   0.47   0.47   0.47   0     0     0  BRK-0, REST-0
     3     CS    8.691   421.2   0.69   0.69   0.69   0     0     0  BRK-0, REST-0
     4     CS    8.924   397.5   0.92   0.92   0.92   0     0     0  BRK-0, REST-0
     5     CS    9.142   372.5   1.14   1.14   1.14   0     0     0  BRK-0, REST-0
     6     CS    9.401   350.5   1.40   1.40   1.40   0     0     0  BRK-0, REST-0
     7     CS    9.623   325.9   1.62   1.62   1.62   0     0     0  BRK-0, REST-0
     8     CS    9.841   304.7   1.84   1.84   1.84   0     0     0  BRK-0, REST-0
     9     CS   10.056   283.3   2.06   2.06   2.06   0     0     0  BRK-0, REST-0
    10     CS   10.264   261.3   2.26   2.26   2.26   0     0     0  BRK-0, REST-0
    11     CS   10.503   234.2   2.50   2.50   2.50   1   b15     0  CHARGE, BRK-B15, REST-0
    12     CS   11.376   389.6   2.74   2.74   3.13   0     0     0  BRK-0, REST-0
    13     CS   11.637   364.4   3.00   3.00   3.39   0     0     0  BRK-0, REST-0
    14     CS   11.878   335.9   3.24   3.24   3.63   0     0     0  BRK-0, REST-0
    15     CS   12.117   307.3   3.48   3.48   3.87   0     0     0  BRK-0, REST-0
    16     CS   12.385   281.2   3.75   3.75   4.14   0     0     0  BRK-0, REST-0
    17     CS   12.637   252.1   4.00   4.00   4.39   0     0     0  BRK-0, REST-0
    18     CS   12.887   223.0   4.25   4.25   4.64   1   b30     0  CHARGE, BRK-B30, REST-0
    19     CS   13.945   369.0   0.25   4.50   5.20   0     0     0  BRK-0, REST-0
    20     CS   14.210   341.2   0.52   4.77   5.46   0     0     0  BRK-0, REST-0
    21     CS   14.425   315.2   0.73   4.98   5.67   0     0     0  BRK-0, REST-0
    22     CS   14.663   291.4   0.97   5.22   5.91   0     0     0  BRK-0, REST-0
    23     CS   14.886   266.2   1.19   5.44   6.14   0     0     0  BRK-0, REST-0
    24     CS   15.102   240.4   1.41   5.66   6.35   0     0     0  BRK-0, REST-0
    25     CS   15.404   212.5   1.71   5.96   6.65   0     0     0  BRK-0, REST-0
    26     CS   15.668   181.4   1.98   6.23   6.92   0     0     0  BRK-0, REST-0
    27   CUST   16.000   155.1   2.31   6.56   7.25   0     0     0  BRK-0, REST-0
    28     CS   16.757   127.2   2.56   6.82   8.01   1   b15     0  CHARGE, BRK-B15, REST-0
    29     CS   17.579   349.2   2.82   7.07   8.58   0     0     0  BRK-0, REST-0
    30   CUST   17.623   344.9   2.87   7.12   8.62   0     0     0  BRK-0, REST-0
    31   CUST   18.176   339.2   2.92   7.17   9.18   0     0     0  BRK-0, REST-0
    32     CS   18.968   306.8   3.21   7.46   9.97   0     0     0  BRK-0, REST-0
    33   CUST   19.310   270.6   3.55   7.80  10.31   0     0     0  BRK-0, REST-0
    34     CS   20.119   240.1   3.86   8.11  11.12   0     0     0  BRK-0, REST-0
    35     CS   20.414   208.6   4.16   8.41  11.41   1   b30     0  CHARGE, BRK-B30, REST-0
    36     CS   21.551   401.6   0.41   8.82  12.05   0     0     0  BRK-0, REST-0
    37     CS   21.858   371.5   0.72   9.13  12.36   0     0     0  BRK-0, REST-0
    38     CS   22.136   338.9   1.00   9.41  12.64   0     0     0  BRK-0, REST-0
    39     CS   22.407   307.7   1.27   9.68  12.91   0     0    r2  BRK-0, REST-R2
    40     CS   31.880   279.4   0.31   0.31   0.31   0     0     0  BRK-0, REST-0
    41     CS   32.157   248.8   0.58   0.58   0.58   0     0     0  BRK-0, REST-0
    42     CS   32.380   224.2   0.81   0.81   0.81   0     0     0  BRK-0, REST-0
    43     CS   32.619   200.9   1.05   1.05   1.05   0     0     0  BRK-0, REST-0
    44     CS   32.848   176.9   1.28   1.28   1.28   1   b15     0  CHARGE, BRK-B15, REST-0
    45     CS   33.785   294.9   1.54   1.54   1.81   0     0     0  BRK-0, REST-0
    46     CS   34.015   267.8   1.77   1.77   2.04   0     0     0  BRK-0, REST-0
    47     CS   34.249   241.1   2.01   2.01   2.27   0     0     0  BRK-0, REST-0
    48     CS   34.478   214.7   2.24   2.24   2.50   0     0     0  BRK-0, REST-0
    49     CS   34.703   188.0   2.46   2.46   2.72   0     0     0  BRK-0, REST-0
    50     CS   34.935   161.9   2.69   2.69   2.96   1   b30     0  CHARGE, BRK-B30, REST-0
    51     CS   36.099   372.4   0.27   2.97   3.46   0     0     0  BRK-0, REST-0
    52     CS   36.310   348.3   0.48   3.18   3.67   0     0     0  BRK-0, REST-0
    53     CS   36.516   323.7   0.69   3.38   3.88   1   b15     0  CHARGE, BRK-B15, REST-0
    54     CS   37.327   411.9   0.89   3.58   4.44   0     0     0  BRK-0, REST-0
    55     CS   37.529   389.5   1.09   3.78   4.64   0     0     0  BRK-0, REST-0
    56   CUST   37.731   366.9   1.29   3.99   4.84   0     0     0  BRK-0, REST-0
    57     CS   38.363   351.8   1.42   4.12   5.48   0     0     0  BRK-0, REST-0
    58     CS   38.743   312.0   1.80   4.50   5.86   0     0     0  BRK-0, REST-0
    59     CS   38.999   284.5   2.06   4.75   6.11   0     0     0  BRK-0, REST-0
    60     CS   39.281   259.0   2.34   5.03   6.39   0     0     0  BRK-0, REST-0
    61     CS   39.579   234.4   2.64   5.33   6.69   0     0     0  BRK-0, REST-0
    62     CS   39.845   207.8   2.91   5.60   6.96   0     0     0  BRK-0, REST-0
    63     CS   40.067   182.4   3.13   5.82   7.18   0     0     0  BRK-0, REST-0
    64     CS   40.315   159.0   3.38   6.07   7.43   0     0     0  BRK-0, REST-0
    65     CS   40.544   134.2   3.61   6.30   7.66   1   b30     0  CHARGE, BRK-B30, REST-0
    66     CS   41.557   416.4   0.29   6.59   8.17   0     0     0  BRK-0, REST-0
    67   CUST   41.939   391.1   0.67   6.97   8.55   0     0     0  BRK-0, REST-0
    68   CUST   42.772   351.7   1.00   7.30   9.38   0     0     0  BRK-0, REST-0
    69     CS   43.504   325.6   1.23   7.53  10.12   0     0     0  BRK-0, REST-0
    70     CS   43.624   314.0   1.36   7.65  10.24   0     0     0  BRK-0, REST-0
    71     CS   43.932   282.9   1.66   7.96  10.54   0     0     0  BRK-0, REST-0
    72   CUST   44.242   252.0   1.97   8.27  10.85   0     0    r2  BRK-0, REST-R2
    73     CS   54.008   220.7   0.27   0.27   0.27   0     0     0  BRK-0, REST-0
    74     CS   54.271   192.1   0.53   0.53   0.53   0     0     0  BRK-0, REST-0
    75     CS   54.546   164.5   0.80   0.80   0.80   1   b15     0  CHARGE, BRK-B15, REST-0
    76     CS   55.469   385.1   1.01   1.01   1.44   0     0     0  BRK-0, REST-0
    77     CS   55.695   362.3   1.24   1.24   1.67   0     0     0  BRK-0, REST-0
    78     CS   55.939   340.8   1.48   1.48   1.91   0     0     0  BRK-0, REST-0
    79     CS   56.158   315.8   1.70   1.70   2.13   0     0     0  BRK-0, REST-0
    80     CS   56.403   293.0   1.94   1.94   2.38   0     0     0  BRK-0, REST-0
    81     CS   56.646   270.1   2.19   2.19   2.62   1     0     0  CHARGE, BRK-0, REST-0
    82     CS   57.686   282.9   2.45   2.45   3.66   0     0     0  BRK-0, REST-0
    83     CS   57.924   256.5   2.68   2.68   3.90   0     0     0  BRK-0, REST-0
    84     CS   58.218   233.9   2.98   2.98   4.19   0     0     0  BRK-0, REST-0
    85     CS   58.511   201.5   3.27   3.27   4.49   0     0     0  BRK-0, REST-0
    86     CS   58.810   169.7   3.57   3.57   4.78   0     0     0  BRK-0, REST-0
    87     CS   59.098   136.9   3.86   3.86   5.07   1   b30     0  CHARGE, BRK-B30, REST-0
    88     CS   60.151   288.6   0.28   4.13   5.61   0     0     0  BRK-0, REST-0
    89     CS   60.453   260.3   0.58   4.44   5.91   0     0     0  BRK-0, REST-0
    90     CS   60.740   230.5   0.87   4.72   6.19   0     0     0  BRK-0, REST-0
    91     CS   61.084   204.3   1.21   5.07   6.54   0     0     0  BRK-0, REST-0
    92     CS   61.382   175.3   1.51   5.36   6.84   0     0     0  BRK-0, REST-0
    93     CS   61.627   153.2   1.75   5.61   7.08   0     0     0  BRK-0, REST-0
    94     CS   61.847   129.1   1.97   5.83   7.30   0     0     0  BRK-0, REST-0
  RmediumCmanyTnone_10__mix: duration None h  infeasible=False  tw=0  56 min
  ScenarioTracker saved: /mnt/beegfs/users/celinep/ChargeAndBreak/ML/la_mixed/logs/sensitivity/RshortCmanyTnone_10__mix_LA_S25_H24_20261005_044609_scenarios.json

  === SIMULATION TRAJECTORY ===
  stop   type    t_arr     soc     cd     sd     sw   y   brk   rst  action
  ───────────────────────────────────────────────────────────────────────────────────────────────
     0   ORIG    8.000   500.0   0.00   0.00   0.00   0     —     —  —
     1     CS    8.278   477.2   0.28   0.28   0.28   0     0     0  BRK-0, REST-0
     2     CS    8.509   451.0   0.51   0.51   0.51   0     0     0  BRK-0, REST-0
     3     CS    8.743   425.1   0.74   0.74   0.74   0     0     0  BRK-0, REST-0
     4     CS    8.968   398.3   0.97   0.97   0.97   0     0     0  BRK-0, REST-0
     5     CS    9.216   373.6   1.22   1.22   1.22   0     0     0  BRK-0, REST-0
     6     CS    9.481   350.0   1.48   1.48   1.48   0     0     0  BRK-0, REST-0
     7     CS    9.753   318.9   1.75   1.75   1.75   0     0     0  BRK-0, REST-0
     8     CS   10.052   290.0   2.05   2.05   2.05   0     0     0  BRK-0, REST-0
     9   CUST   10.386   263.3   2.39   2.39   2.39   0     0     0  BRK-0, REST-0
    10     CS   11.248   221.9   2.75   2.75   3.25   1   b15     0  CHARGE, BRK-B15, REST-0
    11   CUST   12.103   239.4   2.93   2.93   3.85   0     0     0  BRK-0, REST-0
    12     CS   12.901   212.4   3.23   3.23   4.65   0     0     0  BRK-0, REST-0
    13   CUST   13.183   184.2   3.51   3.51   4.93   0     0     0  BRK-0, REST-0
    14     CS   13.718   180.3   3.55   3.55   5.47   0     0     0  BRK-0, REST-0
    15     CS   14.111   141.5   3.94   3.94   5.86   1   b30     0  CHARGE, BRK-B30, REST-0
    16     CS   15.280   396.3   0.27   4.21   6.53   0     0     0  BRK-0, REST-0
    17     CS   15.541   365.7   0.53   4.47   6.79   0     0     0  BRK-0, REST-0
    18     CS   15.750   344.5   0.74   4.68   7.00   0     0     0  BRK-0, REST-0
    19     CS   15.946   322.2   0.93   4.87   7.20   0     0     0  BRK-0, REST-0
    20     CS   16.155   301.1   1.14   5.08   7.41   0     0     0  BRK-0, REST-0
    21     CS   16.441   268.1   1.43   5.37   7.69   0     0     0  BRK-0, REST-0
    22   CUST   16.797   240.0   1.78   5.72   8.05   0     0     0  BRK-0, REST-0
    23   CUST   17.378   232.0   1.87   5.80   8.63   0     0     0  BRK-0, REST-0
    24   CUST   18.159   200.9   2.15   6.09   9.41   0     0     0  BRK-0, REST-0
    25     CS   18.914   173.3   2.40   6.34  10.16   0     0     0  BRK-0, REST-0
    26     CS   19.172   146.1   2.66   6.60  10.42   1   b15     0  CHARGE, BRK-B15, REST-0
    27   CUST   19.907   397.8   2.81   6.75  10.85   0     0     0  BRK-0, REST-0
    28   CUST   20.413   397.1   2.82   6.75  11.35   0     0     0  BRK-0, REST-0
    29     CS   21.090   382.1   2.99   6.93  12.03   0     0     0  BRK-0, REST-0
    30     CS   21.286   359.3   3.19   7.13  12.22   0     0     0  BRK-0, REST-0
    31     CS   21.487   337.1   3.39   7.33  12.43   0     0     0  BRK-0, REST-0
    32   CUST   21.685   314.6   3.59   7.53  12.62   0     0    r2  BRK-0, REST-R2
    33     CS   31.587   280.5   0.40   0.40   0.40   0     0     0  BRK-0, REST-0
    34   CUST   31.741   264.9   0.56   0.56   0.56   0     0     0  BRK-0, REST-0
    35   CUST   32.586   233.4   0.90   0.90   1.40   0     0     0  BRK-0, REST-0
    36   CUST   33.201   220.2   1.02   1.02   2.02   0     0     0  BRK-0, REST-0
    37     CS   34.067   182.6   1.38   1.38   2.88   0     0     0  BRK-0, REST-0
    38     CS   34.164   171.3   1.48   1.48   2.98   0     0     0  BRK-0, REST-0
    39     CS   34.393   145.8   1.71   1.71   3.21   1   b15     0  CHARGE, BRK-B15, REST-0
    40     CS   35.129   294.8   1.93   1.93   3.69   0     0     0  BRK-0, REST-0
    41     CS   35.413   272.9   2.22   2.22   3.98   0     0     0  BRK-0, REST-0
    42     CS   35.852   230.0   2.66   2.66   4.42   0     0     0  BRK-0, REST-0
    43     CS   36.096   202.7   2.90   2.90   4.66   0     0     0  BRK-0, REST-0
    44     CS   36.386   178.6   3.19   3.19   4.95   0     0     0  BRK-0, REST-0
    45     CS   36.622   150.5   3.43   3.43   5.19   0     0     0  BRK-0, REST-0
  RshortCmanyTnone_10__mix: duration None h  infeasible=False  tw=0  9 min
  ScenarioTracker saved: /mnt/beegfs/users/celinep/ChargeAndBreak/ML/la_mixed/logs/sensitivity/RmediumCmanyTnone_11__mix_LA_S25_H24_20261005_045523_scenarios.json

  === SIMULATION TRAJECTORY ===
  stop   type    t_arr     soc     cd     sd     sw   y   brk   rst  action
  ───────────────────────────────────────────────────────────────────────────────────────────────
     0   ORIG    8.000   500.0   0.00   0.00   0.00   0     —     —  —
     1     CS    8.268   476.6   0.27   0.27   0.27   0     0     0  BRK-0, REST-0
     2     CS    8.534   453.1   0.53   0.53   0.53   0     0     0  BRK-0, REST-0
     3     CS    8.761   426.5   0.76   0.76   0.76   0     0     0  BRK-0, REST-0
     4     CS    9.172   404.0   1.17   1.17   1.17   0     0     0  BRK-0, REST-0
     5     CS    9.431   374.1   1.43   1.43   1.43   0     0     0  BRK-0, REST-0
     6     CS    9.702   345.3   1.70   1.70   1.70   0     0     0  BRK-0, REST-0
     7     CS    9.930   321.9   1.93   1.93   1.93   0     0     0  BRK-0, REST-0
     8     CS   10.159   298.6   2.16   2.16   2.16   0     0     0  BRK-0, REST-0
     9     CS   10.369   273.6   2.37   2.37   2.37   0     0     0  BRK-0, REST-0
    10     CS   10.607   250.3   2.61   2.61   2.61   0     0     0  BRK-0, REST-0
    11     CS   10.836   226.2   2.84   2.84   2.84   0     0     0  BRK-0, REST-0
    12     CS   11.070   202.6   3.07   3.07   3.07   0     0     0  BRK-0, REST-0
    13     CS   11.286   178.2   3.29   3.29   3.29   0     0     0  BRK-0, REST-0
    14     CS   11.542   156.7   3.54   3.54   3.54   0     0     0  BRK-0, REST-0
    15     CS   11.757   132.3   3.76   3.76   3.76   1   b45     0  CHARGE, BRK-B45, REST-0
    16     CS   13.268   403.6   0.33   4.09   4.34   0     0     0  BRK-0, REST-0
    17     CS   13.555   372.3   0.62   4.38   4.63   0     0     0  BRK-0, REST-0
    18     CS   13.835   340.4   0.90   4.66   4.91   0     0     0  BRK-0, REST-0
    19     CS   14.088   312.6   1.15   4.91   5.16   0     0     0  BRK-0, REST-0
    20     CS   14.365   286.8   1.43   5.19   5.44   0     0     0  BRK-0, REST-0
    21     CS   14.598   259.0   1.66   5.42   5.67   0     0     0  BRK-0, REST-0
    22     CS   14.836   231.6   1.90   5.66   5.91   1   b15     0  CHARGE, BRK-B15, REST-0
    23     CS   15.847   410.1   2.14   5.90   6.50   0     0     0  BRK-0, REST-0
    24     CS   16.120   385.5   2.42   6.17   6.77   0     0     0  BRK-0, REST-0
    25     CS   16.549   339.5   2.85   6.60   7.20   0     0     0  BRK-0, REST-0
    26     CS   16.765   318.9   3.06   6.82   7.42   0     0     0  BRK-0, REST-0
    27     CS   17.035   300.9   3.33   7.09   7.69   1   b30     0  CHARGE, BRK-B30, REST-0
    28   CUST   17.978   459.4   0.21   7.30   8.13   0     0     0  BRK-0, REST-0
    29   CUST   19.088   430.2   0.82   7.91   9.24   0     0     0  BRK-0, REST-0
    30     CS   19.848   401.9   1.08   8.17  10.00   0     0     0  BRK-0, REST-0
    31   CUST   20.279   355.0   1.51   8.60  10.43   0     0     0  BRK-0, REST-0
    32     CS   21.021   326.2   1.76   8.85  11.17   0     0     0  BRK-0, REST-0
    33     CS   21.400   281.6   2.14   9.23  11.55   0     0     0  BRK-0, REST-0
    34     CS   21.690   251.3   2.43   9.52  11.84   0     0     0  BRK-0, REST-0
    35     CS   21.969   220.0   2.70   9.79  12.12   0     0    r2  BRK-0, REST-R2
    36     CS   31.422   189.4   0.29   0.29   0.29   0     0     0  BRK-0, REST-0
    37     CS   31.699   158.0   0.56   0.56   0.56   1   b15     0  CHARGE, BRK-B15, REST-0
    38     CS   32.642   307.8   0.81   0.81   1.26   0     0     0  BRK-0, REST-0
    39     CS   32.876   281.9   1.04   1.04   1.49   0     0     0  BRK-0, REST-0
    40     CS   33.137   258.1   1.30   1.30   1.75   0     0     0  BRK-0, REST-0
    41     CS   33.363   231.4   1.53   1.53   1.98   0     0     0  BRK-0, REST-0
    42     CS   33.571   210.1   1.74   1.74   2.19   0     0     0  BRK-0, REST-0
    43     CS   33.769   188.0   1.93   1.93   2.38   0     0     0  BRK-0, REST-0
    44     CS   34.051   170.4   2.21   2.21   2.67   1   b30     0  CHARGE, BRK-B30, REST-0
    45     CS   35.034   431.7   0.21   2.43   3.15   0     0     0  BRK-0, REST-0
    46     CS   35.281   411.6   0.46   2.67   3.40   0     0     0  BRK-0, REST-0
    47     CS   35.482   388.2   0.66   2.87   3.60   0     0     0  BRK-0, REST-0
    48     CS   35.757   358.1   0.94   3.15   3.87   0     0     0  BRK-0, REST-0
    49     CS   36.105   332.6   1.28   3.50   4.22   0     0     0  BRK-0, REST-0
    50     CS   36.371   301.8   1.55   3.76   4.49   0     0     0  BRK-0, REST-0
    51     CS   36.660   275.7   1.84   4.05   4.78   0     0     0  BRK-0, REST-0
    52     CS   36.933   248.5   2.11   4.33   5.05   0     0     0  BRK-0, REST-0
    53     CS   37.172   221.5   2.35   4.57   5.29   0     0     0  BRK-0, REST-0
    54     CS   37.422   195.4   2.60   4.81   5.54   0     0     0  BRK-0, REST-0
    55   CUST   37.679   169.9   2.86   5.07   5.79   0     0     0  BRK-0, REST-0
    56   CUST   38.375   148.8   3.05   5.27   6.49   0     0     0  BRK-0, REST-0
    57     CS   39.052   131.7   3.23   5.44   7.17   1   b45     0  CHARGE, BRK-B45, REST-0
    58   CUST   40.558   438.8   0.56   6.00   7.92   0     0     0  BRK-0, REST-0
    59     CS   41.209   420.7   0.71   6.15   8.57   0     0     0  BRK-0, REST-0
    60     CS   41.412   398.6   0.91   6.36   8.78   0     0     0  BRK-0, REST-0
    61     CS   41.606   375.7   1.11   6.55   8.97   0     0     0  BRK-0, REST-0
    62     CS   41.799   352.7   1.30   6.74   9.16   0     0     0  BRK-0, REST-0
    63     CS   42.125   325.5   1.63   7.07   9.49   0     0     0  BRK-0, REST-0
    64     CS   42.401   294.9   1.90   7.35   9.77   0     0     0  BRK-0, REST-0
    65     CS   42.681   264.4   2.18   7.63  10.05   0     0     0  BRK-0, REST-0
    66     CS   42.891   241.9   2.39   7.84  10.26   0     0     0  BRK-0, REST-0
    67     CS   43.096   218.8   2.60   8.04  10.46   0     0     0  BRK-0, REST-0
    68     CS   43.296   195.3   2.80   8.24  10.66   1   b15     0  CHARGE, BRK-B15, REST-0
    69     CS   44.318   338.2   3.08   8.52  11.43   0     0     0  BRK-0, REST-0
    70     CS   44.592   305.6   3.35   8.79  11.71   0     0     0  BRK-0, REST-0
    71     CS   44.878   274.2   3.64   9.08  11.99   0     0     0  BRK-0, REST-0
    72     CS   45.193   254.6   3.95   9.40  12.31   0     0     0  BRK-0, REST-0
    73     CS   45.413   229.8   4.17   9.62  12.53   0     0    r2  BRK-0, REST-R2
    74     CS   54.803   205.2   0.22   0.22   0.22   1   b15     0  CHARGE, BRK-B15, REST-0
    75     CS   55.642   384.9   0.45   0.45   0.81   0     0     0  BRK-0, REST-0
    76     CS   55.919   362.6   0.72   0.72   1.09   0     0     0  BRK-0, REST-0
    77   CUST   56.149   337.2   0.95   0.95   1.32   0     0     0  BRK-0, REST-0
    78     CS   57.065   288.8   1.37   1.37   2.23   0     0     0  BRK-0, REST-0
    79     CS   57.242   268.3   1.54   1.54   2.41   0     0     0  BRK-0, REST-0
    80     CS   57.519   236.8   1.82   1.82   2.69   0     0     0  BRK-0, REST-0
    81     CS   57.795   205.3   2.10   2.10   2.96   0     0     0  BRK-0, REST-0
    82     CS   58.027   180.9   2.33   2.33   3.20   0     0     0  BRK-0, REST-0
    83     CS   58.266   157.2   2.57   2.57   3.44   0     0     0  BRK-0, REST-0
    84     CS   58.535   135.3   2.84   2.84   3.71   0     0     0  BRK-0, REST-0
    85     CS   58.753   109.6   3.06   3.06   3.92   1     0     0  CHARGE, BRK-0, REST-0
    86     CS   59.558   251.0   3.34   3.34   4.73   0     0     0  BRK-0, REST-0
    87     CS   59.917   223.0   3.69   3.69   5.09   0     0     0  BRK-0, REST-0
    88     CS   60.417   199.0   4.19   4.19   5.59   0   b30     0  BRK-B30, REST-0
    89     CS   61.443   156.2   0.36   4.55   6.11   1   b15     0  CHARGE, BRK-B15, REST-0
    90     CS   62.436   388.8   0.58   4.77   6.70   0     0     0  BRK-0, REST-0
    91     CS   62.642   364.3   0.79   4.98   6.90   0     0     0  BRK-0, REST-0
    92     CS   62.851   340.1   1.00   5.19   7.11   0     0     0  BRK-0, REST-0
    93     CS   63.158   311.7   1.30   5.50   7.42   0     0     0  BRK-0, REST-0
    94     CS   63.437   281.3   1.58   5.77   7.70   0     0     0  BRK-0, REST-0
    95     CS   63.745   253.0   1.89   6.08   8.01   0     0     0  BRK-0, REST-0
    96     CS   63.979   225.4   2.12   6.32   8.24   0     0     0  BRK-0, REST-0
    97     CS   64.219   198.2   2.36   6.56   8.48   0     0     0  BRK-0, REST-0
    98     CS   64.463   171.4   2.61   6.80   8.72   0     0     0  BRK-0, REST-0
    99     CS   64.707   144.7   2.85   7.04   8.97   1     0     0  CHARGE, BRK-0, REST-0
   100     CS   65.497   204.6   3.11   7.30   9.76   0     0     0  BRK-0, REST-0
  RmediumCmanyTnone_11__mix: duration None h  infeasible=False  tw=0  48 min
  ScenarioTracker saved: /mnt/beegfs/users/celinep/ChargeAndBreak/ML/la_mixed/logs/sensitivity/RshortCmanyTnone_11__mix_LA_S25_H24_20261005_054316_scenarios.json

  === SIMULATION TRAJECTORY ===
  stop   type    t_arr     soc     cd     sd     sw   y   brk   rst  action
  ───────────────────────────────────────────────────────────────────────────────────────────────
     0   ORIG    8.000   500.0   0.00   0.00   0.00   0     —     —  —
     1     CS    8.257   475.9   0.26   0.26   0.26   0     0     0  BRK-0, REST-0
     2     CS    8.487   449.6   0.49   0.49   0.49   0     0     0  BRK-0, REST-0
     3     CS    8.714   423.0   0.71   0.71   0.71   0     0     0  BRK-0, REST-0
     4     CS    9.021   394.0   1.02   1.02   1.02   0     0     0  BRK-0, REST-0
     5     CS    9.416   369.1   1.42   1.42   1.42   0     0     0  BRK-0, REST-0
     6     CS    9.739   341.1   1.74   1.74   1.74   0     0     0  BRK-0, REST-0
     7     CS    9.973   312.9   1.97   1.97   1.97   0     0     0  BRK-0, REST-0
     8     CS   10.219   285.6   2.22   2.22   2.22   0     0     0  BRK-0, REST-0
     9   CUST   10.465   258.4   2.46   2.46   2.46   0     0     0  BRK-0, REST-0
    10     CS   11.268   227.6   2.77   2.77   3.27   0     0     0  BRK-0, REST-0
    11     CS   11.553   195.0   3.05   3.05   3.55   1   b15     0  CHARGE, BRK-B15, REST-0
    12     CS   12.077   404.9   3.10   3.10   3.83   0     0     0  BRK-0, REST-0
    13     CS   12.378   378.2   3.40   3.40   4.13   0     0     0  BRK-0, REST-0
    14     CS   12.652   349.6   3.67   3.67   4.40   0     0     0  BRK-0, REST-0
    15     CS   12.908   319.4   3.93   3.93   4.66   0     0     0  BRK-0, REST-0
    16     CS   13.318   276.4   4.34   4.34   5.07   1   b30     0  CHARGE, BRK-B30, REST-0
    17     CS   14.416   449.9   0.23   4.57   5.67   0     0     0  BRK-0, REST-0
    18     CS   14.664   426.2   0.47   4.81   5.91   0     0     0  BRK-0, REST-0
    19     CS   14.901   401.7   0.71   5.05   6.15   0     0     0  BRK-0, REST-0
    20     CS   15.184   380.1   0.99   5.33   6.43   0     0     0  BRK-0, REST-0
    21     CS   15.423   352.2   1.23   5.57   6.67   0     0     0  BRK-0, REST-0
    22   CUST   15.659   324.1   1.47   5.81   6.91   0     0     0  BRK-0, REST-0
    23   CUST   16.429   311.1   1.74   6.08   7.68   0     0     0  BRK-0, REST-0
    24     CS   17.055   298.9   1.87   6.21   8.30   0     0     0  BRK-0, REST-0
    25   CUST   17.465   257.0   2.28   6.62   8.71   0     0     0  BRK-0, REST-0
    26     CS   18.502   211.3   2.81   7.15   9.75   1   b15     0  CHARGE, BRK-B15, REST-0
    27   CUST   19.231   375.0   3.04   7.38  10.21   0     0     0  BRK-0, REST-0
    28   CUST   19.850   365.3   3.16   7.50  10.83   0     0     0  BRK-0, REST-0
    29     CS   20.384   361.3   3.20   7.54  11.36   0     0     0  BRK-0, REST-0
    30     CS   20.724   333.8   3.54   7.88  11.70   0     0     0  BRK-0, REST-0
    31   CUST   21.015   303.0   3.83   8.17  12.00   0     0     0  BRK-0, REST-0
    32   CUST   21.805   271.6   4.12   8.46  12.78   0     0    r2  BRK-0, REST-R2
    33     CS   31.340   267.8   0.04   0.04   0.04   0     0     0  BRK-0, REST-0
    34     CS   31.543   244.1   0.24   0.24   0.24   0     0     0  BRK-0, REST-0
    35     CS   31.746   220.4   0.44   0.44   0.44   0     0     0  BRK-0, REST-0
    36   CUST   31.986   199.6   0.68   0.68   0.68   0     0     0  BRK-0, REST-0
    37   CUST   32.578   190.3   0.77   0.77   1.27   0     0     0  BRK-0, REST-0
    38     CS   33.454   146.6   1.15   1.15   2.15   0     0     0  BRK-0, REST-0
    39   CUST   33.511   141.1   1.21   1.21   2.21   0     0     0  BRK-0, REST-0
    40   CUST   34.158   125.0   1.35   1.35   2.85   0     0     0  BRK-0, REST-0
    41     CS   34.727   119.2   1.42   1.42   3.42   1   b15     0  CHARGE, BRK-B15, REST-0
    42     CS   35.709   341.0   1.66   1.66   4.15   0     0     0  BRK-0, REST-0
    43     CS   35.960   313.9   1.91   1.91   4.41   0     0     0  BRK-0, REST-0
    44     CS   36.270   290.5   2.22   2.22   4.72   0     0     0  BRK-0, REST-0
    45     CS   36.771   241.4   2.72   2.72   5.22   0     0     0  BRK-0, REST-0
    46     CS   37.060   210.3   3.01   3.01   5.51   0     0     0  BRK-0, REST-0
    47     CS   37.393   182.2   3.35   3.35   5.84   0     0     0  BRK-0, REST-0
  RshortCmanyTnone_11__mix: duration None h  infeasible=False  tw=0  14 min
  ScenarioTracker saved: /mnt/beegfs/users/celinep/ChargeAndBreak/ML/la_mixed/logs/sensitivity/RmediumCmanyTnone_12__mix_LA_S25_H24_20261005_055710_scenarios.json

  === SIMULATION TRAJECTORY ===
  stop   type    t_arr     soc     cd     sd     sw   y   brk   rst  action
  ───────────────────────────────────────────────────────────────────────────────────────────────
     0   ORIG    8.000   500.0   0.00   0.00   0.00   0     —     —  —
     1     CS    8.235   474.1   0.23   0.23   0.23   0     0     0  BRK-0, REST-0
     2     CS    8.502   450.7   0.50   0.50   0.50   0     0     0  BRK-0, REST-0
     3     CS    8.739   425.1   0.74   0.74   0.74   0     0     0  BRK-0, REST-0
     4     CS    9.021   392.9   1.02   1.02   1.02   0     0     0  BRK-0, REST-0
     5     CS    9.320   362.3   1.32   1.32   1.32   0     0     0  BRK-0, REST-0
     6     CS    9.574   334.1   1.57   1.57   1.57   0     0     0  BRK-0, REST-0
     7     CS    9.820   305.0   1.82   1.82   1.82   0     0     0  BRK-0, REST-0
     8     CS   10.082   277.5   2.08   2.08   2.08   0     0     0  BRK-0, REST-0
     9     CS   10.332   248.9   2.33   2.33   2.33   0     0     0  BRK-0, REST-0
    10     CS   10.922   213.0   2.92   2.92   2.92   0     0     0  BRK-0, REST-0
    11     CS   11.320   189.7   3.32   3.32   3.32   0     0     0  BRK-0, REST-0
    12     CS   11.600   160.8   3.60   3.60   3.60   0     0     0  BRK-0, REST-0
    13     CS   11.884   132.2   3.88   3.88   3.88   1   b45     0  CHARGE, BRK-B45, REST-0
    14     CS   13.867   474.6   0.38   4.26   4.60   0     0     0  BRK-0, REST-0
    15     CS   14.141   442.9   0.65   4.54   4.88   0     0     0  BRK-0, REST-0
    16     CS   14.421   414.5   0.93   4.82   5.16   0     0     0  BRK-0, REST-0
    17     CS   14.698   386.0   1.21   5.09   5.43   0     0     0  BRK-0, REST-0
    18     CS   14.973   357.2   1.48   5.37   5.71   0     0     0  BRK-0, REST-0
    19     CS   15.301   331.9   1.81   5.70   6.04   1   b15     0  CHARGE, BRK-B15, REST-0
    20     CS   16.017   345.8   2.02   5.90   6.50   0     0     0  BRK-0, REST-0
    21     CS   16.280   325.9   2.28   6.17   6.77   0     0     0  BRK-0, REST-0
    22     CS   16.525   305.1   2.53   6.41   7.01   0     0     0  BRK-0, REST-0
    23     CS   16.770   277.7   2.77   6.66   7.25   0     0     0  BRK-0, REST-0
    24     CS   17.036   252.2   3.04   6.92   7.52   1   b30     0  CHARGE, BRK-B30, REST-0
    25     CS   18.092   295.3   0.28   7.20   8.08   0     0     0  BRK-0, REST-0
    26     CS   18.394   265.2   0.58   7.51   8.38   0     0     0  BRK-0, REST-0
    27   CUST   18.703   235.7   0.89   7.82   8.69   0     0     0  BRK-0, REST-0
    28     CS   19.659   192.9   1.35   8.27   9.64   0     0     0  BRK-0, REST-0
    29     CS   19.768   180.3   1.46   8.38   9.75   1   b15     0  CHARGE, BRK-B15, REST-0
    30     CS   20.544   372.9   1.74   8.66  10.28   0     0     0  BRK-0, REST-0
    31   CUST   20.860   342.4   2.06   8.98  10.59   0     0     0  BRK-0, REST-0
    32     CS   21.564   321.3   2.26   9.18  11.30   0     0     0  BRK-0, REST-0
    33     CS   21.753   298.7   2.45   9.37  11.49   0     0     0  BRK-0, REST-0
    34     CS   21.943   276.1   2.64   9.56  11.68   0     0     0  BRK-0, REST-0
    35     CS   22.190   250.3   2.89   9.81  11.93   0     0    r2  BRK-0, REST-R2
    36     CS   31.559   226.9   0.20   0.20   0.20   0     0     0  BRK-0, REST-0
    37     CS   31.761   203.6   0.40   0.40   0.40   0     0     0  BRK-0, REST-0
    38     CS   31.990   182.5   0.63   0.63   0.63   0     0     0  BRK-0, REST-0
    39     CS   32.222   156.3   0.86   0.86   0.86   0     0     0  BRK-0, REST-0
    40     CS   32.473   131.8   1.12   1.12   1.12   0     0     0  BRK-0, REST-0
    41     CS   32.780   110.3   1.42   1.42   1.42   1   b15     0  CHARGE, BRK-B15, REST-0
    42     CS   33.573   330.5   1.69   1.69   1.97   0     0     0  BRK-0, REST-0
    43     CS   33.841   300.7   1.96   1.96   2.23   0     0     0  BRK-0, REST-0
    44     CS   34.101   270.0   2.22   2.22   2.49   0     0     0  BRK-0, REST-0
    45     CS   34.398   242.4   2.52   2.52   2.79   0     0     0  BRK-0, REST-0
    46     CS   34.856   220.3   2.98   2.98   3.25   1   b30     0  CHARGE, BRK-B30, REST-0
    47   CUST   36.006   433.6   0.26   3.24   3.90   0     0     0  BRK-0, REST-0
    48     CS   36.692   419.9   0.45   3.42   4.58   0     0     0  BRK-0, REST-0
    49   CUST   37.151   379.3   0.91   3.88   5.04   0     0     0  BRK-0, REST-0
    50   CUST   37.961   358.8   1.22   4.19   5.85   0     0     0  BRK-0, REST-0
    51   CUST   38.569   347.4   1.32   4.30   6.46   0     0     0  BRK-0, REST-0
    52   CUST   39.169   342.6   1.42   4.40   7.06   0     0     0  BRK-0, REST-0
    53   CUST   39.767   334.6   1.52   4.50   7.66   0     0     0  BRK-0, REST-0
    54     CS   40.644   295.7   1.90   4.87   8.54   0     0     0  BRK-0, REST-0
    55   CUST   40.742   284.5   2.00   4.97   8.63   0     0     0  BRK-0, REST-0
    56     CS   41.379   269.9   2.13   5.11   9.27   0     0     0  BRK-0, REST-0
    57     CS   42.026   234.7   2.78   5.76   9.92   0     0     0  BRK-0, REST-0
    58     CS   42.301   203.1   3.06   6.03  10.19   0     0     0  BRK-0, REST-0
    59     CS   42.578   171.7   3.33   6.31  10.47   0     0     0  BRK-0, REST-0
    60     CS   42.848   139.5   3.60   6.58  10.74   0     0     0  BRK-0, REST-0
    61     CS   43.084   116.7   3.84   6.81  10.98   1   b15     0  CHARGE, BRK-B15, REST-0
    62     CS   43.855   385.8   4.06   7.03  11.41   0     0     0  BRK-0, REST-0
    63     CS   44.070   361.3   4.27   7.25  11.63   1   b30     0  CHARGE, BRK-B30, REST-0
    64     CS   45.101   409.9   0.25   7.50  12.16   0     0     0  BRK-0, REST-0
    65     CS   45.338   381.8   0.49   7.74  12.40   0     0     0  BRK-0, REST-0
    66     CS   45.609   352.9   0.76   8.01  12.67   0     0     0  BRK-0, REST-0
    67     CS   45.866   322.8   1.02   8.27  12.93   0     0    r2  BRK-0, REST-R2
    68     CS   55.344   296.7   0.31   0.31   0.31   0     0     0  BRK-0, REST-0
    69     CS   55.749   271.6   0.72   0.72   0.72   0     0     0  BRK-0, REST-0
    70     CS   56.077   243.3   1.04   1.04   1.04   0     0     0  BRK-0, REST-0
    71   CUST   56.366   212.1   1.33   1.33   1.33   0     0     0  BRK-0, REST-0
    72   CUST   57.065   191.3   1.53   1.53   2.03   0     0     0  BRK-0, REST-0
    73   CUST   57.655   180.6   1.62   1.62   2.62   0     0     0  BRK-0, REST-0
    74     CS   58.226   172.9   1.69   1.69   3.19   1   b15     0  CHARGE, BRK-B15, REST-0
    75   CUST   58.951   384.1   1.87   1.87   3.67   0     0     0  BRK-0, REST-0
    76   CUST   59.808   342.2   2.23   2.23   4.53   0     0     0  BRK-0, REST-0
    77   CUST   60.481   326.9   2.40   2.40   5.20   0     0     0  BRK-0, REST-0
    78     CS   61.053   319.2   2.47   2.47   5.77   0     0     0  BRK-0, REST-0
    79     CS   61.384   286.7   2.80   2.80   6.10   0     0     0  BRK-0, REST-0
    80     CS   61.725   263.9   3.14   3.14   6.44   0     0     0  BRK-0, REST-0
    81     CS   62.001   238.1   3.42   3.42   6.72   0     0     0  BRK-0, REST-0
    82     CS   62.256   208.1   3.68   3.68   6.97   0     0     0  BRK-0, REST-0
    83     CS   62.514   178.5   3.93   3.93   7.23   1   b30     0  CHARGE, BRK-B30, REST-0
    84     CS   63.589   322.8   0.28   4.21   7.81   0     0     0  BRK-0, REST-0
    85     CS   63.991   298.6   0.68   4.61   8.21   0     0     0  BRK-0, REST-0
    86     CS   64.265   267.7   0.95   4.89   8.48   0     0     0  BRK-0, REST-0
    87     CS   64.489   247.6   1.18   5.11   8.71   0     0     0  BRK-0, REST-0
    88     CS   64.700   226.6   1.39   5.32   8.92   0     0     0  BRK-0, REST-0
    89     CS   64.893   203.9   1.58   5.51   9.11   0     0     0  BRK-0, REST-0
    90     CS   65.180   172.6   1.87   5.80   9.40   0     0     0  BRK-0, REST-0
    91     CS   65.465   141.2   2.15   6.09   9.68   0     0     0  BRK-0, REST-0
    92     CS   65.759   110.4   2.45   6.38   9.98   1   b45     0  CHARGE, BRK-B45, REST-0
    93     CS   66.961   467.9   0.23   6.61  10.43   0     0     0  BRK-0, REST-0
    94     CS   67.200   444.1   0.47   6.85  10.67   0     0     0  BRK-0, REST-0
    95     CS   67.424   419.0   0.70   7.08  10.89   0     0     0  BRK-0, REST-0
    96     CS   67.642   393.4   0.91   7.29  11.11   0     0     0  BRK-0, REST-0
    97     CS   67.996   357.1   1.27   7.65  11.46   0     0     0  BRK-0, REST-0
    98     CS   68.227   329.7   1.50   7.88  11.69   0     0     0  BRK-0, REST-0
    99     CS   68.479   304.2   1.75   8.13  11.95   0     0     0  BRK-0, REST-0
   100     CS   68.747   279.8   2.02   8.40  12.21   0     0     0  BRK-0, REST-0
  RmediumCmanyTnone_12__mix: duration None h  infeasible=False  tw=0  96 min
  ScenarioTracker saved: /mnt/beegfs/users/celinep/ChargeAndBreak/ML/la_mixed/logs/sensitivity/RshortCmanyTnone_12__mix_LA_S25_H24_20261005_073305_scenarios.json

  === SIMULATION TRAJECTORY ===
  stop   type    t_arr     soc     cd     sd     sw   y   brk   rst  action
  ───────────────────────────────────────────────────────────────────────────────────────────────
     0   ORIG    8.000   500.0   0.00   0.00   0.00   0     —     —  —
     1     CS    8.239   474.5   0.24   0.24   0.24   0     0     0  BRK-0, REST-0
     2     CS    8.559   453.5   0.56   0.56   0.56   0     0     0  BRK-0, REST-0
     3     CS    8.836   430.6   0.84   0.84   0.84   0     0     0  BRK-0, REST-0
     4     CS    9.148   404.9   1.15   1.15   1.15   0     0     0  BRK-0, REST-0
     5     CS    9.445   378.3   1.45   1.45   1.45   0     0     0  BRK-0, REST-0
     6     CS    9.674   351.3   1.67   1.67   1.67   0     0     0  BRK-0, REST-0
     7     CS    9.905   324.5   1.91   1.91   1.91   0     0     0  BRK-0, REST-0
     8     CS   10.150   299.0   2.15   2.15   2.15   0     0     0  BRK-0, REST-0
     9     CS   10.418   275.1   2.42   2.42   2.42   1   b15     0  CHARGE, BRK-B15, REST-0
    10     CS   11.221   385.8   2.72   2.72   2.97   0     0     0  BRK-0, REST-0
    11     CS   11.514   356.9   3.01   3.01   3.26   0     0     0  BRK-0, REST-0
    12     CS   11.842   329.8   3.34   3.34   3.59   0     0     0  BRK-0, REST-0
    13     CS   12.121   299.4   3.62   3.62   3.87   0     0     0  BRK-0, REST-0
    14   CUST   12.389   267.8   3.89   3.89   4.14   0     0     0  BRK-0, REST-0
    15     CS   13.184   236.8   4.18   4.18   4.93   1   b30     0  CHARGE, BRK-B30, REST-0
    16   CUST   14.145   384.6   0.21   4.39   5.39   0     0     0  BRK-0, REST-0
    17     CS   14.929   355.5   0.49   4.67   6.18   0     0     0  BRK-0, REST-0
    18   CUST   15.198   325.1   0.76   4.94   6.45   0     0     0  BRK-0, REST-0
    19   CUST   15.968   293.0   1.03   5.21   7.22   0     0     0  BRK-0, REST-0
    20     CS   16.663   272.9   1.23   5.41   7.91   0     0     0  BRK-0, REST-0
    21     CS   16.702   270.2   1.27   5.45   7.95   0     0     0  BRK-0, REST-0
    22     CS   16.938   243.8   1.50   5.68   8.19   0     0     0  BRK-0, REST-0
    23     CS   17.168   216.6   1.73   5.91   8.42   0     0     0  BRK-0, REST-0
    24     CS   17.403   190.1   1.97   6.15   8.65   0     0     0  BRK-0, REST-0
    25     CS   17.616   166.9   2.18   6.36   8.87   0     0     0  BRK-0, REST-0
    26     CS   17.852   145.6   2.42   6.60   9.10   0     0     0  BRK-0, REST-0
    27     CS   18.067   122.6   2.63   6.81   9.32   1   b15     0  CHARGE, BRK-B15, REST-0
    28   CUST   19.028   323.4   3.13   7.31  10.03   0     0     0  BRK-0, REST-0
    29     CS   19.673   307.1   3.28   7.46  10.67   0     0     0  BRK-0, REST-0
    30     CS   19.871   284.6   3.48   7.66  10.87   0     0     0  BRK-0, REST-0
    31     CS   20.074   262.6   3.68   7.86  11.07   0     0     0  BRK-0, REST-0
    32   CUST   20.275   240.3   3.88   8.06  11.27   0     0     0  BRK-0, REST-0
    33   CUST   20.918   223.9   4.02   8.20  11.92   0     0    r2  BRK-0, REST-R2
    34     CS   30.866   177.2   0.45   0.45   0.45   1   b15     0  CHARGE, BRK-B15, REST-0
    35     CS   31.867   367.9   0.82   0.82   1.17   0     0     0  BRK-0, REST-0
    36     CS   32.209   332.8   1.16   1.16   1.52   0     0     0  BRK-0, REST-0
    37     CS   32.448   305.8   1.40   1.40   1.75   0     0     0  BRK-0, REST-0
    38     CS   32.708   280.5   1.66   1.66   2.01   0     0     0  BRK-0, REST-0
    39   CUST   32.950   253.8   1.90   1.90   2.26   0     0     0  BRK-0, REST-0
    40   CUST   33.458   253.2   1.91   1.91   2.76   0     0     0  BRK-0, REST-0
    41   CUST   33.970   251.9   1.92   1.92   3.28   0     0     0  BRK-0, REST-0
    42     CS   34.702   231.0   2.16   2.16   4.01   0     0     0  BRK-0, REST-0
    43     CS   34.947   210.8   2.40   2.40   4.25   0     0     0  BRK-0, REST-0
    44     CS   35.174   189.5   2.63   2.63   4.48   0     0     0  BRK-0, REST-0
    45   CUST   35.360   167.5   2.81   2.81   4.67   0     0     0  BRK-0, REST-0
    46     CS   35.879   165.6   2.83   2.83   5.18   1   b30     0  CHARGE, BRK-B30, REST-0
    47     CS   37.008   447.8   0.23   3.07   5.72   0     0     0  BRK-0, REST-0
    48     CS   37.224   423.0   0.45   3.28   5.94   0     0     0  BRK-0, REST-0
    49     CS   37.462   400.0   0.69   3.52   6.18   0     0     0  BRK-0, REST-0
    50     CS   37.830   372.4   1.05   3.89   6.55   0     0     0  BRK-0, REST-0
    51     CS   38.130   340.8   1.36   4.19   6.85   0     0     0  BRK-0, REST-0
    52     CS   38.434   309.3   1.66   4.49   7.15   0     0     0  BRK-0, REST-0
    53     CS   38.691   280.8   1.92   4.75   7.41   0     0     0  BRK-0, REST-0
    54     CS   38.945   252.0   2.17   5.00   7.66   0     0     0  BRK-0, REST-0
    55     CS   39.206   228.9   2.43   5.26   7.92   0     0     0  BRK-0, REST-0
    56     CS   39.430   202.8   2.66   5.49   8.15   0     0     0  BRK-0, REST-0
  RshortCmanyTnone_12__mix: duration None h  infeasible=False  tw=0  28 min
  ScenarioTracker saved: /mnt/beegfs/users/celinep/ChargeAndBreak/ML/la_mixed/logs/sensitivity/RshortCmanyTnone_13__mix_LA_S25_H24_20261005_080037_scenarios.json

  === SIMULATION TRAJECTORY ===
  stop   type    t_arr     soc     cd     sd     sw   y   brk   rst  action
  ───────────────────────────────────────────────────────────────────────────────────────────────
     0   ORIG    8.000   500.0   0.00   0.00   0.00   0     —     —  —
     1     CS    8.276   477.1   0.28   0.28   0.28   0     0     0  BRK-0, REST-0
     2     CS    8.511   451.2   0.51   0.51   0.51   0     0     0  BRK-0, REST-0
     3     CS    8.735   424.3   0.73   0.73   0.73   0     0     0  BRK-0, REST-0
     4     CS    9.005   393.1   1.01   1.01   1.01   0     0     0  BRK-0, REST-0
     5     CS    9.290   363.1   1.29   1.29   1.29   0     0     0  BRK-0, REST-0
     6     CS    9.590   334.3   1.59   1.59   1.59   0     0     0  BRK-0, REST-0
     7     CS    9.950   296.3   1.95   1.95   1.95   1   b15     0  CHARGE, BRK-B15, REST-0
     8     CS   10.644   355.6   2.19   2.19   2.39   0     0     0  BRK-0, REST-0
     9     CS   10.889   327.7   2.44   2.44   2.64   0     0     0  BRK-0, REST-0
    10     CS   11.201   304.3   2.75   2.75   2.95   0     0     0  BRK-0, REST-0
    11   CUST   11.448   276.6   3.00   3.00   3.20   0     0     0  BRK-0, REST-0
    12   CUST   12.087   262.1   3.14   3.14   3.84   0     0     0  BRK-0, REST-0
    13     CS   12.613   259.8   3.16   3.16   4.36   0     0     0  BRK-0, REST-0
    14     CS   12.821   235.0   3.37   3.37   4.57   0     0     0  BRK-0, REST-0
    15     CS   13.085   214.2   3.63   3.63   4.84   0     0     0  BRK-0, REST-0
    16   CUST   13.294   189.4   3.84   3.84   5.04   0     0     0  BRK-0, REST-0
    17   CUST   13.846   183.6   3.89   3.89   5.60   0     0    r2  BRK-0, REST-R2
    18     CS   23.428   176.6   0.08   0.08   0.08   1   b15     0  CHARGE, BRK-B15, REST-0
    19   CUST   24.417   354.8   0.55   0.55   0.82   0     0     0  BRK-0, REST-0
    20     CS   24.963   350.7   0.60   0.60   1.37   0     0     0  BRK-0, REST-0
    21     CS   25.268   326.0   0.90   0.90   1.67   0     0     0  BRK-0, REST-0
    22   CUST   25.641   303.9   1.28   1.28   2.05   0     0     0  BRK-0, REST-0
    23     CS   26.418   277.3   1.55   1.55   2.82   0     0     0  BRK-0, REST-0
    24     CS   26.672   248.9   1.81   1.81   3.08   0     0     0  BRK-0, REST-0
    25     CS   26.942   221.8   2.08   2.08   3.35   0     0     0  BRK-0, REST-0
    26   CUST   27.134   200.4   2.27   2.27   3.54   0     0     0  BRK-0, REST-0
    27     CS   27.886   174.8   2.52   2.52   4.29   0     0     0  BRK-0, REST-0
    28   CUST   28.039   156.8   2.67   2.67   4.44   0     0     0  BRK-0, REST-0
    29   CUST   28.580   152.3   2.71   2.71   4.98   0     0     0  BRK-0, REST-0
    30     CS   29.147   146.5   2.78   2.78   5.55   1   b30     0  CHARGE, BRK-B30, REST-0
    31     CS   30.129   403.8   0.23   3.01   6.03   0     0     0  BRK-0, REST-0
    32     CS   30.369   380.9   0.47   3.25   6.27   0     0     0  BRK-0, REST-0
    33     CS   30.606   357.9   0.70   3.49   6.51   0     0     0  BRK-0, REST-0
    34     CS   30.800   335.5   0.90   3.68   6.70   0     0     0  BRK-0, REST-0
    35     CS   30.991   312.6   1.09   3.87   6.89   0     0     0  BRK-0, REST-0
    36   CUST   31.190   290.7   1.29   4.07   7.09   0     0     0  BRK-0, REST-0
    37     CS   31.860   271.8   1.46   4.24   7.76   0     0     0  BRK-0, REST-0
    38     CS   32.068   251.0   1.67   4.45   7.97   0     0     0  BRK-0, REST-0
    39     CS   32.257   228.4   1.86   4.64   8.16   1   b15     0  CHARGE, BRK-B15, REST-0
    40   CUST   33.104   328.3   2.06   4.84   8.66   0     0     0  BRK-0, REST-0
    41   CUST   33.753   312.3   2.21   4.99   9.31   0     0     0  BRK-0, REST-0
    42   CUST   34.720   275.1   2.67   5.46  10.28   0     0     0  BRK-0, REST-0
    43   CUST   35.303   266.2   2.76   5.54  10.86   0     0     0  BRK-0, REST-0
    44     CS   36.125   238.1   3.08   5.86  11.68   0     0     0  BRK-0, REST-0
    45     CS   36.132   237.5   3.09   5.87  11.69   0     0     0  BRK-0, REST-0
    46     CS   36.584   193.4   3.54   6.32  12.14   0     0     0  BRK-0, REST-0
    47     CS   36.863   163.7   3.82   6.60  12.42   0     0     0  BRK-0, REST-0
    48     CS   37.143   134.1   4.10   6.88  12.70   0   b30     0  BRK-B30, REST-0
  RshortCmanyTnone_13__mix: duration None h  infeasible=False  tw=0  14 min
  ScenarioTracker saved: /mnt/beegfs/users/celinep/ChargeAndBreak/ML/la_mixed/logs/sensitivity/RshortCmanyTnone_14__mix_LA_S25_H24_20261005_081412_scenarios.json

  === SIMULATION TRAJECTORY ===
  stop   type    t_arr     soc     cd     sd     sw   y   brk   rst  action
  ───────────────────────────────────────────────────────────────────────────────────────────────
     0   ORIG    8.000   500.0   0.00   0.00   0.00   0     —     —  —
     1     CS    8.245   475.0   0.25   0.25   0.25   0     0     0  BRK-0, REST-0
     2     CS    8.545   453.3   0.55   0.55   0.55   0     0     0  BRK-0, REST-0
     3     CS    8.770   426.4   0.77   0.77   0.77   0     0     0  BRK-0, REST-0
     4     CS    9.043   394.6   1.04   1.04   1.04   0     0     0  BRK-0, REST-0
     5     CS    9.412   368.8   1.41   1.41   1.41   0     0     0  BRK-0, REST-0
     6     CS    9.710   339.2   1.71   1.71   1.71   0     0     0  BRK-0, REST-0
     7     CS   10.051   299.4   2.05   2.05   2.05   0     0     0  BRK-0, REST-0
     8     CS   10.315   270.7   2.31   2.31   2.31   0     0     0  BRK-0, REST-0
     9     CS   10.580   242.1   2.58   2.58   2.58   0     0     0  BRK-0, REST-0
    10   CUST   10.882   216.1   2.88   2.88   2.88   0     0     0  BRK-0, REST-0
    11   CUST   11.486   205.5   2.99   2.99   3.49   0     0     0  BRK-0, REST-0
    12   CUST   12.199   188.6   3.20   3.20   4.20   0     0     0  BRK-0, REST-0
    13     CS   12.931   167.0   3.43   3.43   4.93   1   b45     0  CHARGE, BRK-B45, REST-0
    14   CUST   14.210   449.8   0.29   3.72   5.46   0     0     0  BRK-0, REST-0
    15   CUST   15.006   428.7   0.59   4.02   6.26   0     0     0  BRK-0, REST-0
    16     CS   15.689   407.7   0.77   4.20   6.94   0     0     0  BRK-0, REST-0
    17   CUST   15.803   395.6   0.89   4.32   7.05   0     0     0  BRK-0, REST-0
    18   CUST   16.421   383.8   1.00   4.43   7.67   0     0     0  BRK-0, REST-0
    19     CS   17.058   367.9   1.14   4.57   8.31   0     0     0  BRK-0, REST-0
    20     CS   17.369   341.7   1.45   4.88   8.62   0     0     0  BRK-0, REST-0
    21   CUST   17.648   313.3   1.73   5.16   8.90   0     0     0  BRK-0, REST-0
    22     CS   18.411   284.8   1.99   5.42   9.66   0     0     0  BRK-0, REST-0
    23     CS   18.666   255.4   2.25   5.68   9.92   0     0     0  BRK-0, REST-0
    24     CS   18.815   239.5   2.40   5.83  10.07   0     0     0  BRK-0, REST-0
    25     CS   19.136   209.3   2.72   6.15  10.39   0     0     0  BRK-0, REST-0
    26     CS   19.455   179.1   3.04   6.47  10.71   0     0     0  BRK-0, REST-0
    27     CS   19.744   146.3   3.33   6.76  10.99   1   b15     0  CHARGE, BRK-B15, REST-0
    28     CS   20.593   374.9   3.60   7.03  11.59   0     0     0  BRK-0, REST-0
    29     CS   20.858   349.3   3.86   7.30  11.85   0     0     0  BRK-0, REST-0
    30     CS   21.107   322.4   4.11   7.54  12.10   0     0     0  BRK-0, REST-0
    31     CS   21.344   297.5   4.35   7.78  12.34   0     0    r2  BRK-0, REST-R2
    32     CS   30.779   274.8   0.27   0.27   0.27   0     0     0  BRK-0, REST-0
    33     CS   31.054   252.4   0.54   0.54   0.54   0     0     0  BRK-0, REST-0
    34     CS   31.288   230.9   0.78   0.78   0.78   0     0     0  BRK-0, REST-0
    35     CS   31.503   208.0   0.99   0.99   0.99   0     0     0  BRK-0, REST-0
    36   CUST   31.733   186.2   1.22   1.22   1.22   0     0     0  BRK-0, REST-0
    37     CS   32.503   154.7   1.49   1.49   1.99   0     0     0  BRK-0, REST-0
    38     CS   32.768   122.7   1.76   1.76   2.26   0     0     0  BRK-0, REST-0
    39     CS   32.853   112.7   1.84   1.84   2.34   1   b15     0  CHARGE, BRK-B15, REST-0
    40     CS   33.600   261.7   2.06   2.06   2.84   0     0     0  BRK-0, REST-0
    41     CS   33.835   237.0   2.30   2.30   3.07   0     0     0  BRK-0, REST-0
    42     CS   34.071   212.5   2.53   2.53   3.31   0     0     0  BRK-0, REST-0
    43     CS   34.299   187.1   2.76   2.76   3.54   0     0     0  BRK-0, REST-0
    44     CS   34.689   166.0   3.15   3.15   3.93   0     0     0  BRK-0, REST-0
    45     CS   34.934   138.0   3.40   3.40   4.17   0     0     0  BRK-0, REST-0
  RshortCmanyTnone_14__mix: duration None h  infeasible=False  tw=0  12 min
  ScenarioTracker saved: /mnt/beegfs/users/celinep/ChargeAndBreak/ML/la_mixed/logs/sensitivity/RshortCmanyTnone_15__mix_LA_S25_H24_20261005_082639_scenarios.json

  === SIMULATION TRAJECTORY ===
  stop   type    t_arr     soc     cd     sd     sw   y   brk   rst  action
  ───────────────────────────────────────────────────────────────────────────────────────────────
     0   ORIG    8.000   500.0   0.00   0.00   0.00   0     —     —  —
     1     CS    8.240   474.7   0.24   0.24   0.24   0     0     0  BRK-0, REST-0
     2     CS    8.474   448.7   0.47   0.47   0.47   0     0     0  BRK-0, REST-0
     3     CS    8.721   423.9   0.72   0.72   0.72   0     0     0  BRK-0, REST-0
     4     CS    8.952   400.0   0.95   0.95   0.95   0     0     0  BRK-0, REST-0
     5     CS    9.202   377.5   1.20   1.20   1.20   0     0     0  BRK-0, REST-0
     6     CS    9.433   353.7   1.43   1.43   1.43   0     0     0  BRK-0, REST-0
     7     CS    9.653   328.8   1.65   1.65   1.65   0     0     0  BRK-0, REST-0
     8     CS    9.895   304.3   1.89   1.89   1.89   0     0     0  BRK-0, REST-0
     9     CS   10.173   282.1   2.17   2.17   2.17   0     0     0  BRK-0, REST-0
    10     CS   10.396   256.0   2.40   2.40   2.40   0     0     0  BRK-0, REST-0
    11     CS   10.862   232.1   2.86   2.86   2.86   0     0     0  BRK-0, REST-0
    12     CS   11.181   202.9   3.18   3.18   3.18   1   b15     0  CHARGE, BRK-B15, REST-0
    13   CUST   12.253   362.8   3.64   3.64   4.00   0     0     0  BRK-0, REST-0
    14   CUST   12.944   343.5   3.83   3.83   4.69   0   b30     0  BRK-B30, REST-0
    15     CS   14.171   319.3   0.23   4.06   5.42   0     0     0  BRK-0, REST-0
    16   CUST   14.603   270.0   0.66   4.49   5.85   0     0     0  BRK-0, REST-0
    17   CUST   15.155   264.2   0.71   4.54   6.41   0     0     0  BRK-0, REST-0
    18     CS   15.855   242.3   0.91   4.74   7.11   0     0     0  BRK-0, REST-0
    19     CS   16.056   220.4   1.11   4.95   7.31   0     0     0  BRK-0, REST-0
    20     CS   16.250   197.9   1.31   5.14   7.50   1   b15     0  CHARGE, BRK-B15, REST-0
    21     CS   16.838   395.3   1.45   5.28   7.84   0     0     0  BRK-0, REST-0
    22     CS   17.115   367.3   1.72   5.56   8.11   0     0     0  BRK-0, REST-0
    23     CS   17.374   337.7   1.98   5.82   8.37   1     0     0  CHARGE, BRK-0, REST-0
    24     CS   18.158   390.4   2.27   6.10   9.16   0     0     0  BRK-0, REST-0
    25     CS   18.432   365.9   2.54   6.37   9.43   0     0     0  BRK-0, REST-0
    26     CS   18.667   338.2   2.77   6.61   9.67   0     0     0  BRK-0, REST-0
    27     CS   18.973   315.4   3.08   6.91   9.97   0     0     0  BRK-0, REST-0
    28   CUST   19.334   272.7   3.44   7.27  10.33   0     0     0  BRK-0, REST-0
    29   CUST   20.195   243.9   3.80   7.64  11.19   0     0    r2  BRK-0, REST-R2
    30     CS   29.965   215.4   0.27   0.27   0.27   0     0     0  BRK-0, REST-0
    31     CS   30.250   188.0   0.56   0.56   0.56   1   b30     0  CHARGE, BRK-B30, REST-0
    32     CS   31.111   380.7   0.60   0.60   0.85   0     0     0  BRK-0, REST-0
    33     CS   31.332   359.7   0.82   0.82   1.07   0     0     0  BRK-0, REST-0
    34     CS   31.533   337.1   1.02   1.02   1.27   0     0     0  BRK-0, REST-0
    35   CUST   31.821   319.2   1.31   1.31   1.56   0     0     0  BRK-0, REST-0
    36     CS   32.521   296.1   1.51   1.51   2.26   0     0     0  BRK-0, REST-0
    37     CS   32.726   273.4   1.71   1.71   2.47   0     0     0  BRK-0, REST-0
    38     CS   32.933   251.0   1.92   1.92   2.67   0     0     0  BRK-0, REST-0
    39     CS   33.475   219.0   2.46   2.46   3.22   0     0     0  BRK-0, REST-0
    40     CS   33.738   191.0   2.72   2.72   3.48   0     0     0  BRK-0, REST-0
    41     CS   34.036   165.5   3.02   3.02   3.78   0     0     0  BRK-0, REST-0
    42   CUST   34.297   137.3   3.28   3.28   4.04   0     0     0  BRK-0, REST-0
    43     CS   35.054   106.9   3.54   3.54   4.80   1   b30     0  CHARGE, BRK-B30, REST-0
    44     CS   36.129   415.9   0.33   3.87   5.37   0     0     0  BRK-0, REST-0
    45     CS   36.292   396.5   0.49   4.03   5.53   0     0     0  BRK-0, REST-0
    46     CS   36.551   368.2   0.75   4.29   5.79   0     0     0  BRK-0, REST-0
    47     CS   36.907   345.2   1.10   4.64   6.15   0     0     0  BRK-0, REST-0
    48     CS   37.232   322.7   1.43   4.97   6.47   0     0     0  BRK-0, REST-0
    49     CS   37.489   296.5   1.69   5.23   6.73   0     0     0  BRK-0, REST-0
    50     CS   37.743   269.9   1.94   5.48   6.98   0     0     0  BRK-0, REST-0
    51     CS   38.066   240.0   2.26   5.80   7.31   0     0     0  BRK-0, REST-0
    52     CS   38.370   208.5   2.57   6.11   7.61   0     0     0  BRK-0, REST-0
  RshortCmanyTnone_15__mix: duration None h  infeasible=False  tw=0  16 min
  ScenarioTracker saved: /mnt/beegfs/users/celinep/ChargeAndBreak/ML/la_mixed/logs/sensitivity/RshortCmanyTnone_16__mix_LA_S25_H24_20261005_084301_scenarios.json

  === SIMULATION TRAJECTORY ===
  stop   type    t_arr     soc     cd     sd     sw   y   brk   rst  action
  ───────────────────────────────────────────────────────────────────────────────────────────────
     0   ORIG    8.000   500.0   0.00   0.00   0.00   0     —     —  —
     1     CS    8.259   476.0   0.26   0.26   0.26   0     0     0  BRK-0, REST-0
     2     CS    8.486   449.5   0.49   0.49   0.49   0     0     0  BRK-0, REST-0
     3     CS    8.741   425.2   0.74   0.74   0.74   0     0     0  BRK-0, REST-0
     4     CS    9.010   397.0   1.01   1.01   1.01   0     0     0  BRK-0, REST-0
     5     CS    9.269   367.9   1.27   1.27   1.27   0     0     0  BRK-0, REST-0
     6     CS    9.577   342.2   1.58   1.58   1.58   0     0     0  BRK-0, REST-0
     7     CS    9.867   314.2   1.87   1.87   1.87   0     0     0  BRK-0, REST-0
     8     CS   10.152   285.7   2.15   2.15   2.15   0     0     0  BRK-0, REST-0
     9     CS   10.586   263.2   2.59   2.59   2.59   0     0     0  BRK-0, REST-0
    10     CS   10.796   240.5   2.80   2.80   2.80   0     0     0  BRK-0, REST-0
    11     CS   11.097   222.5   3.10   3.10   3.10   0     0     0  BRK-0, REST-0
    12     CS   11.309   200.1   3.31   3.31   3.31   0     0     0  BRK-0, REST-0
    13   CUST   11.770   150.0   3.77   3.77   3.77   0     0     0  BRK-0, REST-0
    14     CS   12.548   120.4   4.05   4.05   4.55   1   b45     0  CHARGE, BRK-B45, REST-0
    15     CS   13.982   375.5   0.37   4.42   5.18   0     0     0  BRK-0, REST-0
    16   CUST   14.253   347.0   0.64   4.69   5.45   0     0     0  BRK-0, REST-0
    17   CUST   14.849   335.7   0.74   4.79   6.05   0     0     0  BRK-0, REST-0
    18   CUST   15.386   332.0   0.77   4.82   6.59   0     0     0  BRK-0, REST-0
    19     CS   15.976   321.3   0.86   4.91   7.18   0     0     0  BRK-0, REST-0
    20     CS   16.324   299.2   1.21   5.26   7.53   0     0     0  BRK-0, REST-0
    21   CUST   16.660   276.7   1.55   5.60   7.86   0     0     0  BRK-0, REST-0
    22     CS   17.451   245.9   1.84   5.89   8.65   0     0     0  BRK-0, REST-0
    23     CS   17.732   214.2   2.12   6.17   8.93   1   b15     0  CHARGE, BRK-B15, REST-0
    24     CS   18.582   318.7   2.40   6.45   9.42   0     0     0  BRK-0, REST-0
    25     CS   18.884   288.3   2.70   6.75   9.72   0     0     0  BRK-0, REST-0
    26     CS   19.189   258.1   3.01   7.05  10.03   1     0     0  CHARGE, BRK-0, REST-0
    27     CS   20.095   265.9   3.27   7.32  10.94   0     0     0  BRK-0, REST-0
    28     CS   20.548   244.1   3.72   7.77  11.39   0     0     0  BRK-0, REST-0
    29   CUST   20.882   219.2   4.05   8.10  11.72   0     0    r2  BRK-0, REST-R2
    30   CUST   30.472   209.7   0.09   0.09   0.09   0     0     0  BRK-0, REST-0
    31     CS   31.190   189.1   0.31   0.31   0.81   0     0     0  BRK-0, REST-0
    32     CS   31.428   169.8   0.55   0.55   1.05   0     0     0  BRK-0, REST-0
    33     CS   31.627   147.8   0.74   0.74   1.24   1   b15     0  CHARGE, BRK-B15, REST-0
    34   CUST   32.213   396.8   0.77   0.77   1.58   0     0     0  BRK-0, REST-0
    35   CUST   33.102   350.7   1.16   1.16   2.47   0     0     0  BRK-0, REST-0
    36     CS   33.720   337.9   1.28   1.28   3.09   0     0     0  BRK-0, REST-0
    37   CUST   33.752   334.8   1.31   1.31   3.12   0     0     0  BRK-0, REST-0
    38     CS   34.492   310.6   1.55   1.55   3.86   0     0     0  BRK-0, REST-0
    39     CS   34.729   284.6   1.79   1.79   4.09   0     0     0  BRK-0, REST-0
    40     CS   35.026   262.4   2.09   2.09   4.39   0     0     0  BRK-0, REST-0
    41   CUST   35.277   237.5   2.34   2.34   4.64   0     0     0  BRK-0, REST-0
    42     CS   36.021   208.9   2.58   2.58   5.39   1   b45     0  CHARGE, BRK-B45, REST-0
    43   CUST   37.282   416.8   0.22   2.81   5.89   0     0     0  BRK-0, REST-0
    44   CUST   37.848   409.9   0.29   2.87   6.46   0     0     0  BRK-0, REST-0
    45   CUST   38.373   407.4   0.31   2.90   6.98   0     0     0  BRK-0, REST-0
    46     CS   39.076   391.8   0.52   3.10   7.68   0     0     0  BRK-0, REST-0
    47     CS   39.506   344.8   0.95   3.53   8.11   0     0     0  BRK-0, REST-0
    48     CS   39.784   313.4   1.22   3.81   8.39   0     0     0  BRK-0, REST-0
    49     CS   40.063   282.2   1.50   4.09   8.67   0     0     0  BRK-0, REST-0
    50     CS   40.361   252.6   1.80   4.39   8.97   0     0     0  BRK-0, REST-0
    51     CS   40.766   228.0   2.21   4.79   9.37   0     0     0  BRK-0, REST-0
    52     CS   41.035   195.7   2.48   5.06   9.64   0     0     0  BRK-0, REST-0
    53     CS   41.396   169.6   2.84   5.42  10.00   1   b45     0  CHARGE, BRK-B45, REST-0
    54     CS   42.723   254.5   0.30   5.72  10.57   0     0     0  BRK-0, REST-0
    55     CS   43.011   224.0   0.59   6.01  10.86   0     0     0  BRK-0, REST-0
    56     CS   43.237   202.6   0.82   6.24  11.08   0     0     0  BRK-0, REST-0
    57     CS   43.499   183.3   1.08   6.50  11.34   0     0     0  BRK-0, REST-0
    58     CS   43.703   160.1   1.28   6.70  11.55   0     0     0  BRK-0, REST-0
    59     CS   43.958   130.2   1.54   6.96  11.80   0     0     0  BRK-0, REST-0
  RshortCmanyTnone_16__mix: duration None h  infeasible=True  tw=0  14 min
  ScenarioTracker saved: /mnt/beegfs/users/celinep/ChargeAndBreak/ML/la_mixed/logs/sensitivity/RshortCmanyTnone_17__mix_LA_S25_H24_20261005_085727_scenarios.json

  === SIMULATION TRAJECTORY ===
  stop   type    t_arr     soc     cd     sd     sw   y   brk   rst  action
  ───────────────────────────────────────────────────────────────────────────────────────────────
     0   ORIG    8.000   500.0   0.00   0.00   0.00   0     —     —  —
     1     CS    8.243   474.9   0.24   0.24   0.24   0     0     0  BRK-0, REST-0
     2     CS    8.467   448.0   0.47   0.47   0.47   0     0     0  BRK-0, REST-0
     3     CS    8.737   424.7   0.74   0.74   0.74   0     0     0  BRK-0, REST-0
     4     CS    9.002   392.9   1.00   1.00   1.00   0     0     0  BRK-0, REST-0
     5     CS    9.270   361.4   1.27   1.27   1.27   0     0     0  BRK-0, REST-0
     6     CS    9.561   331.9   1.56   1.56   1.56   0     0     0  BRK-0, REST-0
     7     CS    9.819   306.5   1.82   1.82   1.82   0     0     0  BRK-0, REST-0
     8     CS   10.054   279.0   2.05   2.05   2.05   0     0     0  BRK-0, REST-0
     9     CS   10.305   253.1   2.31   2.31   2.31   0     0     0  BRK-0, REST-0
    10     CS   10.526   228.4   2.53   2.53   2.53   0     0     0  BRK-0, REST-0
    11     CS   10.743   203.2   2.74   2.74   2.74   0     0     0  BRK-0, REST-0
    12     CS   10.962   178.3   2.96   2.96   2.96   0     0     0  BRK-0, REST-0
    13     CS   11.232   148.6   3.23   3.23   3.23   1   b30     0  CHARGE, BRK-B30, REST-0
    14     CS   12.325   410.2   3.56   3.56   3.79   0     0     0  BRK-0, REST-0
    15     CS   12.598   380.8   3.83   3.83   4.06   0     0     0  BRK-0, REST-0
    16     CS   12.795   357.7   4.03   4.03   4.26   0     0     0  BRK-0, REST-0
    17     CS   12.992   334.7   4.23   4.23   4.45   0     0    r2  BRK-0, REST-R2
    18   CUST   22.352   311.4   0.19   0.19   0.19   0     0     0  BRK-0, REST-0
    19     CS   22.955   300.6   0.30   0.30   0.80   0     0     0  BRK-0, REST-0
    20     CS   23.169   276.5   0.51   0.51   1.01   0     0     0  BRK-0, REST-0
    21     CS   23.381   252.1   0.72   0.72   1.22   0     0     0  BRK-0, REST-0
    22     CS   23.602   228.5   0.94   0.94   1.44   1   b15     0  CHARGE, BRK-B15, REST-0
    23     CS   24.307   240.6   1.18   1.18   1.90   0     0     0  BRK-0, REST-0
    24     CS   24.562   216.4   1.44   1.44   2.15   0     0     0  BRK-0, REST-0
    25   CUST   24.804   191.1   1.68   1.68   2.40   0     0     0  BRK-0, REST-0
    26   CUST   25.630   156.0   2.01   2.01   3.22   0     0     0  BRK-0, REST-0
    27     CS   26.142   154.7   2.02   2.02   3.73   0     0     0  BRK-0, REST-0
    28   CUST   26.160   152.8   2.04   2.04   3.75   0     0     0  BRK-0, REST-0
    29     CS   26.925   128.2   2.30   2.30   4.52   1     0     0  CHARGE, BRK-0, REST-0
    30   CUST   28.073   262.2   2.86   2.86   5.66   0     0     0  BRK-0, REST-0
    31   CUST   28.827   236.8   3.11   3.11   6.42   0     0     0  BRK-0, REST-0
    32   CUST   29.434   225.3   3.22   3.22   7.03   0     0     0  BRK-0, REST-0
    33     CS   30.063   213.3   3.35   3.35   7.65   0     0     0  BRK-0, REST-0
    34     CS   30.270   190.0   3.56   3.56   7.86   0     0     0  BRK-0, REST-0
    35     CS   30.471   166.2   3.76   3.76   8.06   0     0     0  BRK-0, REST-0
    36     CS   30.682   143.3   3.97   3.97   8.27   1   b30     0  CHARGE, BRK-B30, REST-0
    37     CS   31.909   428.4   0.41   4.38   9.00   0     0     0  BRK-0, REST-0
    38   CUST   32.154   401.1   0.66   4.63   9.25   0     0     0  BRK-0, REST-0
    39   CUST   32.697   396.8   0.70   4.67   9.79   0     0     0  BRK-0, REST-0
    40     CS   33.457   367.7   0.96   4.93  10.55   0     0     0  BRK-0, REST-0
    41     CS   33.734   340.0   1.24   5.21  10.83   0     0     0  BRK-0, REST-0
    42     CS   34.093   316.6   1.60   5.57  11.18   0     0     0  BRK-0, REST-0
    43   CUST   34.219   303.3   1.72   5.69  11.31   0     0     0  BRK-0, REST-0
    44     CS   34.900   285.4   1.90   5.87  11.99   0     0     0  BRK-0, REST-0
    45     CS   35.399   237.2   2.40   6.37  12.49   0     0     0  BRK-0, REST-0
    46     CS   35.682   210.8   2.68   6.65  12.77   0     0     0  BRK-0, REST-0
    47     CS   35.936   181.9   2.94   6.91  13.03   0     0     0  BRK-0, REST-0
    48     CS   36.220   155.5   3.22   7.19  13.31   0     0     0  BRK-0, REST-0
  RshortCmanyTnone_17__mix: duration None h  infeasible=False  tw=0  11 min
  ScenarioTracker saved: /mnt/beegfs/users/celinep/ChargeAndBreak/ML/la_mixed/logs/sensitivity/RshortCmanyTnone_18__mix_LA_S25_H24_20261005_090822_scenarios.json

  === SIMULATION TRAJECTORY ===
  stop   type    t_arr     soc     cd     sd     sw   y   brk   rst  action
  ───────────────────────────────────────────────────────────────────────────────────────────────
     0   ORIG    8.000   500.0   0.00   0.00   0.00   0     —     —  —
     1     CS    8.237   474.4   0.24   0.24   0.24   0     0     0  BRK-0, REST-0
     2     CS    8.571   453.8   0.57   0.57   0.57   0     0     0  BRK-0, REST-0
     3     CS    8.826   429.5   0.83   0.83   0.83   0     0     0  BRK-0, REST-0
     4     CS    9.114   399.1   1.11   1.11   1.11   0     0     0  BRK-0, REST-0
     5     CS    9.383   366.9   1.38   1.38   1.38   0     0     0  BRK-0, REST-0
     6     CS    9.662   343.6   1.66   1.66   1.66   0     0     0  BRK-0, REST-0
     7     CS    9.891   316.6   1.89   1.89   1.89   0     0     0  BRK-0, REST-0
     8     CS   10.126   290.3   2.13   2.13   2.13   0     0     0  BRK-0, REST-0
     9     CS   10.380   265.4   2.38   2.38   2.38   0     0     0  BRK-0, REST-0
    10     CS   10.816   212.9   2.82   2.82   2.82   0     0     0  BRK-0, REST-0
    11     CS   11.116   185.5   3.12   3.12   3.12   0     0     0  BRK-0, REST-0
    12     CS   11.386   155.8   3.39   3.39   3.39   0     0     0  BRK-0, REST-0
    13     CS   11.673   127.5   3.67   3.67   3.67   1   b45     0  CHARGE, BRK-B45, REST-0
    14     CS   13.104   464.0   0.29   3.96   4.35   0     0     0  BRK-0, REST-0
    15   CUST   13.385   431.8   0.57   4.24   4.64   0     0     0  BRK-0, REST-0
    16   CUST   14.112   408.7   0.80   4.47   5.36   0     0     0  BRK-0, REST-0
    17   CUST   14.690   399.3   0.88   4.55   5.94   0     0     0  BRK-0, REST-0
    18     CS   15.602   351.8   1.29   4.96   6.85   0     0     0  BRK-0, REST-0
    19   CUST   15.977   318.0   1.66   5.34   7.23   0     0     0  BRK-0, REST-0
    20     CS   16.618   305.7   1.80   5.48   7.87   0     0     0  BRK-0, REST-0
    21     CS   17.208   277.5   2.39   6.07   8.46   0     0     0  BRK-0, REST-0
    22     CS   17.402   255.0   2.59   6.26   8.65   0     0     0  BRK-0, REST-0
    23     CS   17.600   232.9   2.79   6.46   8.85   0     0     0  BRK-0, REST-0
    24     CS   17.803   211.3   2.99   6.66   9.05   0     0     0  BRK-0, REST-0
    25     CS   18.106   190.7   3.29   6.97   9.36   0     0    r2  BRK-0, REST-R2
    26     CS   27.621   171.5   0.35   0.35   0.35   0     0     0  BRK-0, REST-0
    27     CS   27.842   145.9   0.57   0.57   0.57   0     0     0  BRK-0, REST-0
    28     CS   28.124   115.7   0.85   0.85   0.85   1   b15     0  CHARGE, BRK-B15, REST-0
    29     CS   29.111   399.6   1.14   1.14   1.41   0     0     0  BRK-0, REST-0
    30   CUST   29.378   368.1   1.41   1.41   1.68   0     0     0  BRK-0, REST-0
    31   CUST   29.960   360.1   1.49   1.49   2.26   0     0     0  BRK-0, REST-0
    32     CS   30.778   327.6   1.81   1.81   3.08   1     0     0  CHARGE, BRK-0, REST-0
    33   CUST   31.442   409.7   2.00   2.00   3.74   0     0     0  BRK-0, REST-0
    34     CS   32.354   368.0   2.41   2.41   4.65   0     0     0  BRK-0, REST-0
    35   CUST   32.764   321.5   2.82   2.82   5.06   0     0     0  BRK-0, REST-0
    36   CUST   33.711   275.9   3.26   3.26   6.01   0     0     0  BRK-0, REST-0
    37     CS   34.395   254.9   3.45   3.45   6.69   0     0     0  BRK-0, REST-0
    38   CUST   34.437   250.4   3.49   3.49   6.73   0     0     0  BRK-0, REST-0
    39     CS   35.238   222.5   3.79   3.79   7.54   0     0     0  BRK-0, REST-0
    40     CS   35.501   191.6   4.05   4.05   7.80   1   b30     0  CHARGE, BRK-B30, REST-0
    41   CUST   36.370   433.0   0.09   4.15   8.17   0     0     0  BRK-0, REST-0
    42   CUST   37.220   416.3   0.44   4.50   9.02   0     0     0  BRK-0, REST-0
    43     CS   38.223   371.5   0.94   5.00  10.02   0     0     0  BRK-0, REST-0
    44     CS   38.345   360.0   1.07   5.12  10.14   0     0     0  BRK-0, REST-0
    45     CS   38.591   335.1   1.31   5.37  10.39   0     0     0  BRK-0, REST-0
    46     CS   38.816   308.4   1.54   5.59  10.61   0     0     0  BRK-0, REST-0
    47     CS   39.109   286.3   1.83   5.88  10.91   0     0     0  BRK-0, REST-0
    48     CS   39.349   261.0   2.07   6.12  11.15   0     0     0  BRK-0, REST-0
    49     CS   39.636   230.4   2.36   6.41  11.43   0     0     0  BRK-0, REST-0
    50     CS   39.937   200.9   2.66   6.71  11.73   0     0     0  BRK-0, REST-0
    51     CS   40.240   171.7   2.96   7.02  12.04   0     0     0  BRK-0, REST-0
  RshortCmanyTnone_18__mix: duration None h  infeasible=False  tw=0  21 min
  ScenarioTracker saved: /mnt/beegfs/users/celinep/ChargeAndBreak/ML/la_mixed/logs/sensitivity/RshortCmanyTnone_19__mix_LA_S25_H24_20261005_092920_scenarios.json

  === SIMULATION TRAJECTORY ===
  stop   type    t_arr     soc     cd     sd     sw   y   brk   rst  action
  ───────────────────────────────────────────────────────────────────────────────────────────────
     0   ORIG    8.000   500.0   0.00   0.00   0.00   0     —     —  —
     1     CS    8.232   473.9   0.23   0.23   0.23   0     0     0  BRK-0, REST-0
     2     CS    8.475   448.7   0.47   0.47   0.47   0     0     0  BRK-0, REST-0
     3     CS    8.732   424.6   0.73   0.73   0.73   0     0     0  BRK-0, REST-0
     4     CS    9.024   395.3   1.02   1.02   1.02   0     0     0  BRK-0, REST-0
     5     CS    9.290   363.6   1.29   1.29   1.29   0     0     0  BRK-0, REST-0
     6     CS    9.572   333.4   1.57   1.57   1.57   0     0     0  BRK-0, REST-0
     7     CS    9.861   308.3   1.86   1.86   1.86   0     0     0  BRK-0, REST-0
     8     CS   10.103   279.5   2.10   2.10   2.10   0     0     0  BRK-0, REST-0
     9     CS   10.352   252.6   2.35   2.35   2.35   0     0     0  BRK-0, REST-0
    10     CS   10.592   224.9   2.59   2.59   2.59   0     0     0  BRK-0, REST-0
    11     CS   10.832   197.1   2.83   2.83   2.83   0     0     0  BRK-0, REST-0
    12   CUST   11.163   174.8   3.16   3.16   3.16   0     0     0  BRK-0, REST-0
    13   CUST   11.729   167.9   3.23   3.23   3.73   0     0     0  BRK-0, REST-0
    14     CS   12.700   127.1   3.70   3.70   4.70   1   b45     0  CHARGE, BRK-B45, REST-0
    15   CUST   13.764   385.0   0.04   3.74   5.01   0     0     0  BRK-0, REST-0
    16   CUST   14.305   380.4   0.08   3.78   5.55   0     0     0  BRK-0, REST-0
    17   CUST   14.834   378.2   0.11   3.81   6.08   0     0     0  BRK-0, REST-0
    18   CUST   15.488   363.8   0.26   3.96   6.74   0     0     0  BRK-0, REST-0
    19     CS   16.376   327.8   0.65   4.35   7.63   0     0     0  BRK-0, REST-0
    20   CUST   16.393   325.8   0.67   4.37   7.64   0     0     0  BRK-0, REST-0
    21   CUST   16.993   314.9   0.77   4.47   8.24   0     0     0  BRK-0, REST-0
    22     CS   17.853   297.6   1.13   4.83   9.10   0     0     0  BRK-0, REST-0
    23     CS   18.074   274.8   1.35   5.05   9.32   0     0     0  BRK-0, REST-0
    24     CS   18.294   251.9   1.57   5.27   9.54   0     0     0  BRK-0, REST-0
    25     CS   18.503   228.0   1.78   5.48   9.75   0     0     0  BRK-0, REST-0
    26     CS   18.850   203.1   2.13   5.83  10.10   0     0     0  BRK-0, REST-0
    27     CS   19.119   173.2   2.39   6.10  10.37   0     0     0  BRK-0, REST-0
    28     CS   19.391   147.0   2.67   6.37  10.64   0     0     0  BRK-0, REST-0
    29     CS   19.637   118.6   2.91   6.61  10.89   1   b15     0  CHARGE, BRK-B15, REST-0
    30     CS   20.472   371.3   3.21   6.91  11.44   0     0     0  BRK-0, REST-0
    31     CS   20.736   339.3   3.48   7.18  11.70   0     0     0  BRK-0, REST-0
    32   CUST   21.166   315.9   3.91   7.61  12.13   0     0     0  BRK-0, REST-0
    33   CUST   21.741   307.3   3.98   7.68  12.71   0     0    r2  BRK-0, REST-R2
    34     CS   31.533   274.8   0.29   0.29   0.29   0     0     0  BRK-0, REST-0
    35   CUST   31.822   242.2   0.58   0.58   0.58   0     0     0  BRK-0, REST-0
    36   CUST   32.515   226.1   0.77   0.77   1.27   0     0     0  BRK-0, REST-0
    37     CS   33.071   219.4   0.83   0.83   1.83   0     0     0  BRK-0, REST-0
    38     CS   33.284   208.1   1.04   1.04   2.04   1   b15     0  CHARGE, BRK-B15, REST-0
    39     CS   34.157   376.6   1.36   1.36   2.67   0     0     0  BRK-0, REST-0
    40     CS   34.380   352.0   1.58   1.58   2.89   0     0     0  BRK-0, REST-0
    41     CS   34.596   326.8   1.80   1.80   3.10   0     0     0  BRK-0, REST-0
    42     CS   34.824   302.7   2.03   2.03   3.33   0     0     0  BRK-0, REST-0
    43   CUST   35.041   277.5   2.24   2.24   3.55   0     0     0  BRK-0, REST-0
    44     CS   35.741   264.4   2.44   2.44   4.25   1   b30     0  CHARGE, BRK-B30, REST-0
    45     CS   37.240   430.2   0.34   2.78   5.21   0     0     0  BRK-0, REST-0
    46     CS   37.488   404.7   0.59   3.03   5.46   0     0     0  BRK-0, REST-0
    47     CS   37.721   377.8   0.82   3.26   5.69   0     0     0  BRK-0, REST-0
    48   CUST   37.953   351.0   1.05   3.49   5.92   0     0     0  BRK-0, REST-0
    49   CUST   38.501   346.9   1.10   3.54   6.47   0     0     0  BRK-0, REST-0
    50     CS   39.243   318.2   1.34   3.78   7.21   0     0     0  BRK-0, REST-0
    51     CS   39.495   290.4   1.59   4.04   7.47   0     0     0  BRK-0, REST-0
    52     CS   39.625   277.4   1.72   4.17   7.60   0     0     0  BRK-0, REST-0
    53     CS   39.916   247.7   2.01   4.46   7.89   0     0     0  BRK-0, REST-0
    54     CS   40.202   217.7   2.30   4.74   8.17   0     0     0  BRK-0, REST-0
    55     CS   40.470   185.9   2.57   5.01   8.44   0     0     0  BRK-0, REST-0
    56     CS   40.739   154.3   2.84   5.28   8.71   1     0     0  CHARGE, BRK-0, REST-0
    57     CS   41.511   376.2   3.03   5.48   9.48   0     0     0  BRK-0, REST-0
    58     CS   41.720   353.6   3.24   5.69   9.69   0     0     0  BRK-0, REST-0
  RshortCmanyTnone_19__mix: duration None h  infeasible=False  tw=0  23 min
