[la_mixed] train: 31 routes (slice 3/4), outputs under /mnt/beegfs/users/celinep/ChargeAndBreak/ML/la_mixed
  ScenarioTracker saved: /mnt/beegfs/users/celinep/ChargeAndBreak/ML/la_mixed/logs/sensitivity/RmediumCmanyTtight_1__mix_LA_S25_H24_20261004_133550_scenarios.json

  === SIMULATION TRAJECTORY ===
  stop   type    t_arr     soc     cd     sd     sw   y   brk   rst  action
  ───────────────────────────────────────────────────────────────────────────────────────────────
     0   ORIG    8.000   500.0   0.00   0.00   0.00   0     —     —  —
     1     CS    8.228   473.5   0.23   0.23   0.23   0     0     0  BRK-0, REST-0
     2     CS    8.460   447.5   0.46   0.46   0.46   0     0     0  BRK-0, REST-0
     3     CS    8.706   422.6   0.71   0.71   0.71   0     0     0  BRK-0, REST-0
     4     CS    8.985   398.8   0.98   0.98   0.98   0     0     0  BRK-0, REST-0
     5     CS    9.232   372.9   1.23   1.23   1.23   0     0     0  BRK-0, REST-0
     6     CS    9.485   347.1   1.48   1.48   1.48   0     0     0  BRK-0, REST-0
     7     CS    9.751   322.2   1.75   1.75   1.75   0     0     0  BRK-0, REST-0
     8     CS   10.058   299.6   2.06   2.06   2.06   0     0     0  BRK-0, REST-0
     9     CS   10.303   276.1   2.30   2.30   2.30   0     0     0  BRK-0, REST-0
    10     CS   10.569   253.8   2.57   2.57   2.57   0     0     0  BRK-0, REST-0
    11     CS   10.788   228.1   2.79   2.79   2.79   0     0     0  BRK-0, REST-0
    12     CS   11.037   201.2   3.04   3.04   3.04   0     0     0  BRK-0, REST-0
    13     CS   11.295   175.0   3.29   3.29   3.29   0     0     0  BRK-0, REST-0
    14     CS   11.655   153.7   3.66   3.66   3.66   1   b45     0  CHARGE, BRK-B45, REST-0
    15     CS   13.211   275.6   0.29   3.95   4.26   0     0     0  BRK-0, REST-0
    16     CS   13.442   251.0   0.52   4.18   4.49   0     0     0  BRK-0, REST-0
    17     CS   13.659   225.1   0.74   4.40   4.71   0     0     0  BRK-0, REST-0
    18     CS   13.888   200.5   0.97   4.62   4.93   0     0     0  BRK-0, REST-0
    19     CS   14.123   176.3   1.20   4.86   5.17   0     0     0  BRK-0, REST-0
    20     CS   14.446   156.6   1.53   5.18   5.49   0     0     0  BRK-0, REST-0
    21     CS   14.697   133.6   1.78   5.43   5.74   1   b15     0  CHARGE, BRK-B15, REST-0
    22     CS   15.635   374.3   2.12   5.78   6.42   0     0     0  BRK-0, REST-0
    23     CS   15.906   343.9   2.39   6.05   6.69   0     0     0  BRK-0, REST-0
    24     CS   16.169   312.7   2.65   6.31   6.95   0     0     0  BRK-0, REST-0
    25   CUST   16.592   263.9   3.08   6.73   7.37   0     0     0  BRK-0, REST-0
    26   CUST   17.177   256.1   3.16   6.82   7.96   0     0     0  BRK-0, REST-0
    27   CUST   17.816   242.7   3.30   6.96   8.60   0     0     0  BRK-0, REST-0
    28   CUST   18.435   232.1   3.42   7.08   9.22   0     0     0  BRK-0, REST-0
    29     CS   19.051   221.2   3.54   7.19   9.83   0     0     0  BRK-0, REST-0
    30     CS   19.556   181.3   4.04   7.70  10.34   1   b30     0  CHARGE, BRK-B30, REST-0
    31     CS   20.766   460.5   0.26   7.95  10.91   0     0     0  BRK-0, REST-0
    32     CS   21.008   437.0   0.50   8.20  11.15   0     0     0  BRK-0, REST-0
    33     CS   21.243   412.8   0.73   8.43  11.39   0     0     0  BRK-0, REST-0
    34     CS   21.500   390.3   0.99   8.69  11.65   0     0     0  BRK-0, REST-0
    35     CS   21.785   361.8   1.28   8.97  11.93   0     0     0  BRK-0, REST-0
    36     CS   22.094   335.0   1.58   9.28  12.24   0     0     0  BRK-0, REST-0
    37     CS   22.379   304.3   1.87   9.57  12.53   0     0    r2  BRK-0, REST-R2
    38     CS   31.854   275.4   0.31   0.31   0.31   1   b15     0  CHARGE, BRK-B15, REST-0
    39     CS   32.733   388.5   0.59   0.59   0.94   0     0     0  BRK-0, REST-0
    40     CS   32.976   359.4   0.83   0.83   1.18   0     0     0  BRK-0, REST-0
    41     CS   33.253   333.2   1.11   1.11   1.46   0     0     0  BRK-0, REST-0
    42     CS   33.634   307.3   1.49   1.49   1.84   0     0     0  BRK-0, REST-0
    43     CS   33.918   275.7   1.77   1.77   2.12   0     0     0  BRK-0, REST-0
    44     CS   34.199   243.9   2.06   2.06   2.40   1     0     0  CHARGE, BRK-0, REST-0
    45     CS   35.010   394.7   2.35   2.35   3.21   0     0     0  BRK-0, REST-0
    46     CS   35.251   367.0   2.59   2.59   3.45   0     0     0  BRK-0, REST-0
    47     CS   35.502   340.3   2.84   2.84   3.71   0     0     0  BRK-0, REST-0
    48     CS   35.774   315.1   3.11   3.11   3.98   0     0     0  BRK-0, REST-0
    49     CS   36.026   288.5   3.36   3.36   4.23   0     0     0  BRK-0, REST-0
    50   CUST   36.280   262.1   3.62   3.62   4.48   0     0     0  BRK-0, REST-0
    51   CUST   37.025   235.9   3.86   3.86   5.23   0     0     0  BRK-0, REST-0
    52     CS   37.724   213.9   4.06   4.06   5.93   0     0     0  BRK-0, REST-0
    53   CUST   37.847   200.4   4.18   4.18   6.05   0   b30     0  BRK-B30, REST-0
    54     CS   39.183   168.1   0.34   4.52   6.89   0     0     0  BRK-0, REST-0
    55     CS   39.425   139.9   0.58   4.76   7.13   0     0     0  BRK-0, REST-0
    56     CS   39.687   113.5   0.84   5.02   7.39   1   b15     0  CHARGE, BRK-B15, REST-0
    57     CS   40.722   272.1   1.25   5.43   8.14   0     0     0  BRK-0, REST-0
    58     CS   40.951   245.1   1.48   5.66   8.37   0     0     0  BRK-0, REST-0
    59     CS   41.337   225.4   1.86   6.05   8.75   0     0     0  BRK-0, REST-0
    60     CS   41.580   199.7   2.11   6.29   9.00   0     0     0  BRK-0, REST-0
    61     CS   41.809   172.7   2.34   6.52   9.23   0     0     0  BRK-0, REST-0
    62     CS   42.025   148.3   2.55   6.74   9.44   1   b30     0  CHARGE, BRK-B30, REST-0
    63     CS   43.027   310.6   0.26   6.99   9.92   0     0     0  BRK-0, REST-0
    64     CS   43.246   286.5   0.48   7.21  10.14   0     0     0  BRK-0, REST-0
    65     CS   43.493   262.7   0.72   7.46  10.38   0     0     0  BRK-0, REST-0
    66     CS   43.719   237.3   0.95   7.69  10.61   0     0    r2  BRK-0, REST-R2
    67     CS   53.119   212.5   0.23   0.23   0.23   0     0     0  BRK-0, REST-0
    68     CS   53.429   191.9   0.54   0.54   0.54   0     0     0  BRK-0, REST-0
    69     CS   53.722   160.7   0.84   0.84   0.84   0     0     0  BRK-0, REST-0
    70     CS   54.022   130.1   1.14   1.14   1.14   1   b15     0  CHARGE, BRK-B15, REST-0
    71     CS   54.920   334.8   1.40   1.40   1.70   0     0     0  BRK-0, REST-0
    72     CS   55.224   307.6   1.70   1.70   2.00   0     0     0  BRK-0, REST-0
    73     CS   55.482   280.9   1.96   1.96   2.26   0     0     0  BRK-0, REST-0
    74     CS   55.724   252.8   2.20   2.20   2.50   0     0     0  BRK-0, REST-0
    75     CS   55.965   224.5   2.44   2.44   2.74   0     0     0  BRK-0, REST-0
    76     CS   56.210   196.6   2.69   2.69   2.99   0     0     0  BRK-0, REST-0
    77     CS   56.457   167.1   2.94   2.94   3.24   0     0     0  BRK-0, REST-0
    78     CS   56.711   138.3   3.19   3.19   3.49   1   b30     0  CHARGE, BRK-B30, REST-0
    79     CS   58.395   404.9   0.49   3.68   4.53   0     0     0  BRK-0, REST-0
    80     CS   58.667   373.0   0.77   3.96   4.80   0     0     0  BRK-0, REST-0
    81     CS   58.976   344.1   1.07   4.26   5.11   0     0     0  BRK-0, REST-0
    82     CS   59.261   313.4   1.36   4.55   5.39   0     0     0  BRK-0, REST-0
    83     CS   59.511   285.8   1.61   4.80   5.64   0     0     0  BRK-0, REST-0
    84     CS   59.765   258.6   1.86   5.05   5.90   0     0     0  BRK-0, REST-0
    85     CS   60.014   230.9   2.11   5.30   6.15   0     0     0  BRK-0, REST-0
    86     CS   60.237   205.5   2.34   5.52   6.37   0     0     0  BRK-0, REST-0
    87     CS   60.469   181.0   2.57   5.76   6.60   1   b15     0  CHARGE, BRK-B15, REST-0
    88     CS   61.220   331.5   2.80   5.99   7.10   0     0     0  BRK-0, REST-0
    89     CS   61.443   309.9   3.02   6.21   7.32   0     0     0  BRK-0, REST-0
    90     CS   61.649   287.0   3.23   6.42   7.53   0     0     0  BRK-0, REST-0
  RmediumCmanyTtight_1__mix: duration None h  infeasible=False  tw=1  69 min
  ScenarioTracker saved: /mnt/beegfs/users/celinep/ChargeAndBreak/ML/la_mixed/logs/sensitivity/RshortCmanyTtight_1__mix_LA_S25_H24_20261004_144506_scenarios.json

  === SIMULATION TRAJECTORY ===
  stop   type    t_arr     soc     cd     sd     sw   y   brk   rst  action
  ───────────────────────────────────────────────────────────────────────────────────────────────
     0   ORIG    8.000   500.0   0.00   0.00   0.00   0     —     —  —
     1     CS    8.225   473.3   0.23   0.23   0.23   0     0     0  BRK-0, REST-0
     2     CS    8.470   448.3   0.47   0.47   0.47   0     0     0  BRK-0, REST-0
     3     CS    8.720   423.7   0.72   0.72   0.72   0     0     0  BRK-0, REST-0
     4     CS    9.022   392.1   1.02   1.02   1.02   0     0     0  BRK-0, REST-0
     5     CS    9.339   361.7   1.34   1.34   1.34   0     0     0  BRK-0, REST-0
     6     CS    9.839   337.8   1.84   1.84   1.84   0     0     0  BRK-0, REST-0
     7   CUST   10.252   297.2   2.25   2.25   2.25   0     0     0  BRK-0, REST-0
     8     CS   10.990   273.5   2.49   2.49   2.99   0     0     0  BRK-0, REST-0
     9     CS   11.216   248.8   2.72   2.72   3.22   0     0     0  BRK-0, REST-0
    10   CUST   11.459   225.6   2.96   2.96   3.46   0     0     0  BRK-0, REST-0
    11     CS   12.026   219.7   3.03   3.03   4.03   0     0     0  BRK-0, REST-0
    12     CS   12.269   193.4   3.27   3.27   4.27   1   b15     0  CHARGE, BRK-B15, REST-0
    13   CUST   13.223   361.6   3.63   3.63   4.93   0     0     0  BRK-0, REST-0
    14     CS   14.015   329.8   3.92   3.92   5.72   0     0     0  BRK-0, REST-0
    15   CUST   14.304   297.6   4.21   4.21   6.01   0     0    r2  BRK-0, REST-R2
    16     CS   23.840   295.6   0.04   0.04   0.04   0     0     0  BRK-0, REST-0
    17     CS   24.107   266.2   0.30   0.30   0.30   0     0     0  BRK-0, REST-0
    18     CS   24.399   238.8   0.60   0.60   0.60   0     0     0  BRK-0, REST-0
    19     CS   24.652   209.9   0.85   0.85   0.85   0     0     0  BRK-0, REST-0
    20   CUST   24.903   180.8   1.10   1.10   1.10   0     0     0  BRK-0, REST-0
    21     CS   25.637   158.2   1.33   1.33   1.83   0     0     0  BRK-0, REST-0
    22     CS   25.923   138.4   1.62   1.62   2.12   0     0     0  BRK-0, REST-0
    23     CS   26.139   114.4   1.83   1.83   2.33   0     0     0  BRK-0, REST-0
    24     CS   26.145   113.8   1.84   1.84   2.34   1   b30     0  CHARGE, BRK-B30, REST-0
    25     CS   27.127   271.5   2.11   2.11   2.80   0     0     0  BRK-0, REST-0
    26   CUST   27.386   243.1   2.37   2.37   3.05   0     0     0  BRK-0, REST-0
    27   CUST   28.317   196.2   2.80   2.80   3.98   0     0     0  BRK-0, REST-0
    28   CUST   28.907   185.4   2.89   2.89   4.57   0     0     0  BRK-0, REST-0
    29     CS   29.447   183.5   2.93   2.93   5.11   1   b30     0  CHARGE, BRK-B30, REST-0
    30   CUST   30.476   232.1   0.27   3.20   5.64   0     0     0  BRK-0, REST-0
    31     CS   31.280   204.4   0.57   3.51   6.45   0     0     0  BRK-0, REST-0
    32     CS   31.569   175.7   0.86   3.79   6.74   1   b15     0  CHARGE, BRK-B15, REST-0
    33   CUST   32.208   242.7   1.04   3.97   7.13   0     0     0  BRK-0, REST-0
    34   CUST   33.258   216.4   1.59   4.52   8.18   0     0     0  BRK-0, REST-0
    35     CS   33.920   200.4   1.75   4.68   8.84   0     0     0  BRK-0, REST-0
    36     CS   34.203   171.2   2.03   4.97   9.12   0     0     0  BRK-0, REST-0
    37     CS   34.589   147.2   2.42   5.35   9.51   1   b30     0  CHARGE, BRK-B30, REST-0
    38     CS   35.691   414.9   0.32   5.67  10.11   0     0     0  BRK-0, REST-0
    39     CS   35.981   386.1   0.61   5.96  10.40   0     0     0  BRK-0, REST-0
    40     CS   36.277   357.8   0.91   6.26  10.70   0     0     0  BRK-0, REST-0
    41     CS   36.585   330.2   1.21   6.57  11.00   0     0     0  BRK-0, REST-0
    42     CS   36.865   306.9   1.49   6.85  11.28   0     0     0  BRK-0, REST-0
    43     CS   37.153   284.2   1.78   7.14  11.57   0     0     0  BRK-0, REST-0
    44     CS   37.409   259.5   2.04   7.39  11.83   0     0     0  BRK-0, REST-0
  RshortCmanyTtight_1__mix: duration None h  infeasible=False  tw=0  11 min
  ScenarioTracker saved: /mnt/beegfs/users/celinep/ChargeAndBreak/ML/la_mixed/logs/sensitivity/RmediumCmanyTtight_2__mix_LA_S25_H24_20261004_145622_scenarios.json

  === SIMULATION TRAJECTORY ===
  stop   type    t_arr     soc     cd     sd     sw   y   brk   rst  action
  ───────────────────────────────────────────────────────────────────────────────────────────────
     0   ORIG    8.000   500.0   0.00   0.00   0.00   0     —     —  —
     1     CS    8.231   473.8   0.23   0.23   0.23   0     0     0  BRK-0, REST-0
     2     CS    8.475   448.8   0.48   0.48   0.48   0     0     0  BRK-0, REST-0
     3     CS    8.706   422.5   0.71   0.71   0.71   0     0     0  BRK-0, REST-0
     4     CS    8.987   395.3   0.99   0.99   0.99   0     0     0  BRK-0, REST-0
     5     CS    9.353   372.0   1.35   1.35   1.35   0     0     0  BRK-0, REST-0
     6     CS    9.662   346.4   1.66   1.66   1.66   0     0     0  BRK-0, REST-0
     7     CS    9.875   320.9   1.87   1.87   1.87   0     0     0  BRK-0, REST-0
     8     CS   10.093   296.0   2.09   2.09   2.09   0     0     0  BRK-0, REST-0
     9     CS   10.311   270.9   2.31   2.31   2.31   0     0     0  BRK-0, REST-0
    10     CS   10.596   242.5   2.60   2.60   2.60   0     0     0  BRK-0, REST-0
    11     CS   10.865   212.6   2.86   2.86   2.86   0     0     0  BRK-0, REST-0
    12     CS   11.105   189.5   3.10   3.10   3.10   0     0     0  BRK-0, REST-0
    13     CS   11.342   166.1   3.34   3.34   3.34   0     0     0  BRK-0, REST-0
    14     CS   11.616   144.9   3.62   3.62   3.62   1   b45     0  CHARGE, BRK-B45, REST-0
    15     CS   12.897   374.9   0.25   3.87   4.15   0     0     0  BRK-0, REST-0
    16     CS   13.219   350.1   0.58   4.19   4.47   0     0     0  BRK-0, REST-0
    17     CS   13.483   321.6   0.84   4.46   4.73   0     0     0  BRK-0, REST-0
    18     CS   13.739   292.4   1.10   4.71   4.99   0     0     0  BRK-0, REST-0
    19     CS   13.954   267.9   1.31   4.93   5.20   0     0     0  BRK-0, REST-0
    20     CS   14.194   245.4   1.55   5.17   5.44   0     0     0  BRK-0, REST-0
    21     CS   14.411   221.1   1.77   5.38   5.66   1   b15     0  CHARGE, BRK-B15, REST-0
    22     CS   15.413   369.6   2.21   5.83   6.41   0     0     0  BRK-0, REST-0
    23     CS   15.688   341.2   2.49   6.11   6.69   0     0     0  BRK-0, REST-0
    24     CS   15.955   312.0   2.76   6.37   6.96   0     0     0  BRK-0, REST-0
    25     CS   16.209   281.5   3.01   6.63   7.21   0     0     0  BRK-0, REST-0
    26     CS   16.411   258.1   3.21   6.83   7.41   0     0     0  BRK-0, REST-0
    27     CS   16.652   237.8   3.45   7.07   7.65   0     0     0  BRK-0, REST-0
    28     CS   16.855   214.5   3.66   7.27   7.86   0     0     0  BRK-0, REST-0
    29     CS   17.150   183.9   3.95   7.57   8.15   0     0     0  BRK-0, REST-0
    30     CS   17.427   151.7   4.23   7.85   8.43   1   b30     0  CHARGE, BRK-B30, REST-0
    31     CS   18.560   444.7   0.28   8.13   8.93   1   b15     0  CHARGE, BRK-B15, REST-0
    32     CS   19.399   455.1   0.62   8.47   9.50   0     0     0  BRK-0, REST-0
    33   CUST   19.667   422.8   0.89   8.74   9.77   0     0     0  BRK-0, REST-0
    34     CS   20.431   396.0   1.15   9.00  10.53   0     0     0  BRK-0, REST-0
    35     CS   20.686   369.1   1.41   9.25  10.79   0     0     0  BRK-0, REST-0
    36   CUST   20.926   340.7   1.65   9.49  11.03   0     0     0  BRK-0, REST-0
    37   CUST   21.530   330.1   1.75   9.60  11.63   0     0    r2  BRK-0, REST-R2
    38     CS   31.156   322.7   0.08   0.08   0.08   0     0     0  BRK-0, REST-0
    39     CS   31.397   295.7   0.32   0.32   0.32   0     0     0  BRK-0, REST-0
    40     CS   31.639   268.7   0.56   0.56   0.56   0     0     0  BRK-0, REST-0
    41     CS   31.938   244.2   0.86   0.86   0.86   0     0     0  BRK-0, REST-0
    42     CS   32.190   216.3   1.11   1.11   1.11   0     0     0  BRK-0, REST-0
    43     CS   32.461   190.1   1.38   1.38   1.38   0     0     0  BRK-0, REST-0
    44     CS   32.763   165.8   1.68   1.68   1.68   0     0     0  BRK-0, REST-0
    45     CS   33.088   131.5   2.01   2.01   2.01   1   b15     0  CHARGE, BRK-B15, REST-0
    46     CS   33.893   373.2   2.24   2.24   2.54   0     0     0  BRK-0, REST-0
    47     CS   34.129   346.7   2.48   2.48   2.78   0     0     0  BRK-0, REST-0
    48     CS   34.364   320.0   2.71   2.71   3.01   1   b30     0  CHARGE, BRK-B30, REST-0
    49     CS   35.503   458.3   0.25   2.96   3.65   0     0     0  BRK-0, REST-0
    50     CS   35.740   431.9   0.48   3.19   3.89   0     0     0  BRK-0, REST-0
    51     CS   35.995   407.0   0.74   3.45   4.15   0     0     0  BRK-0, REST-0
    52     CS   36.305   378.2   1.05   3.76   4.46   0     0     0  BRK-0, REST-0
    53     CS   36.607   348.9   1.35   4.06   4.76   0     0     0  BRK-0, REST-0
    54     CS   36.897   318.6   1.64   4.35   5.05   0     0     0  BRK-0, REST-0
    55     CS   37.132   292.1   1.87   4.59   5.28   0     0     0  BRK-0, REST-0
    56     CS   37.370   266.0   2.11   4.82   5.52   0     0     0  BRK-0, REST-0
    57     CS   37.605   239.6   2.35   5.06   5.76   0     0     0  BRK-0, REST-0
    58     CS   37.832   212.4   2.58   5.29   5.98   1   b45     0  CHARGE, BRK-B45, REST-0
    59     CS   39.165   477.6   0.23   5.52   6.44   0     0     0  BRK-0, REST-0
    60     CS   39.380   453.9   0.45   5.73   6.66   0     0     0  BRK-0, REST-0
    61   CUST   39.595   430.2   0.66   5.95   6.87   0     0     0  BRK-0, REST-0
    62   CUST   40.341   401.8   0.91   6.19   7.62   0     0     0  BRK-0, REST-0
    63     CS   41.030   381.2   1.10   6.38   8.31   0     0     0  BRK-0, REST-0
    64   CUST   41.262   354.0   1.33   6.61   8.54   0     0     0  BRK-0, REST-0
    65   CUST   41.908   342.0   1.47   6.76   9.19   0     0     0  BRK-0, REST-0
    66   CUST   42.576   321.8   1.64   6.93   9.85   0     0     0  BRK-0, REST-0
    67     CS   43.147   316.2   1.71   7.00  10.43   0     0     0  BRK-0, REST-0
    68   CUST   43.366   290.0   1.93   7.22  10.64   0     0     0  BRK-0, REST-0
    69     CS   43.946   281.9   2.01   7.30  11.22   1   b15     0  CHARGE, BRK-B15, REST-0
    70     CS   44.981   377.9   2.43   7.71  11.91   0     0     0  BRK-0, REST-0
    71     CS   45.361   352.9   2.81   8.09  12.29   0     0     0  BRK-0, REST-0
    72     CS   45.658   323.7   3.10   8.39  12.59   0     0    r2  BRK-0, REST-R2
    73     CS   55.108   293.4   0.28   0.28   0.28   0     0     0  BRK-0, REST-0
    74     CS   55.398   263.7   0.57   0.57   0.57   0     0     0  BRK-0, REST-0
    75     CS   55.657   243.6   0.83   0.83   0.83   0     0     0  BRK-0, REST-0
    76     CS   55.870   220.5   1.05   1.05   1.05   0     0     0  BRK-0, REST-0
    77     CS   56.081   197.2   1.26   1.26   1.26   0     0     0  BRK-0, REST-0
    78     CS   56.319   173.2   1.49   1.49   1.49   0     0     0  BRK-0, REST-0
    79     CS   56.545   148.1   1.72   1.72   1.72   0     0     0  BRK-0, REST-0
    80     CS   56.765   122.4   1.94   1.94   1.94   1   b30     0  CHARGE, BRK-B30, REST-0
    81     CS   58.007   432.6   2.19   2.19   2.61   0     0     0  BRK-0, REST-0
    82     CS   58.415   412.3   2.60   2.60   3.02   0     0     0  BRK-0, REST-0
    83     CS   58.632   386.3   2.82   2.82   3.23   0     0     0  BRK-0, REST-0
    84     CS   58.854   360.9   3.04   3.04   3.46   0     0     0  BRK-0, REST-0
    85   CUST   59.112   338.2   3.30   3.30   3.71   0     0     0  BRK-0, REST-0
    86   CUST   59.906   304.8   3.59   3.59   4.51   0     0     0  BRK-0, REST-0
    87   CUST   60.418   303.5   3.60   3.60   5.02   0     0     0  BRK-0, REST-0
    88   CUST   61.162   287.9   3.85   3.85   5.76   0     0    r2  BRK-0, REST-R2
    89     CS   70.739   280.6   0.08   0.08   0.08   0     0     0  BRK-0, REST-0
    90   CUST   71.389   249.4   0.73   0.73   0.73   0     0     0  BRK-0, REST-0
    91     CS   72.103   225.2   0.94   0.94   1.44   1   b15     0  CHARGE, BRK-B15, REST-0
    92     CS   72.949   376.7   1.14   1.14   2.04   0     0     0  BRK-0, REST-0
    93     CS   73.163   352.1   1.35   1.35   2.25   0     0     0  BRK-0, REST-0
    94     CS   73.537   334.2   1.72   1.72   2.62   0     0     0  BRK-0, REST-0
    95     CS   73.786   312.3   1.97   1.97   2.87   0     0     0  BRK-0, REST-0
    96     CS   74.051   284.5   2.24   2.24   3.14   0     0     0  BRK-0, REST-0
    97     CS   74.399   261.2   2.59   2.59   3.49   0     0     0  BRK-0, REST-0
    98     CS   74.701   235.9   2.89   2.89   3.79   0     0     0  BRK-0, REST-0
    99     CS   75.021   214.0   3.21   3.21   4.11   0     0     0  BRK-0, REST-0
   100     CS   75.275   188.6   3.46   3.46   4.36   0     0     0  BRK-0, REST-0
   101     CS   75.545   164.4   3.73   3.73   4.63   0     0     0  BRK-0, REST-0
   102     CS   75.781   137.5   3.97   3.97   4.87   1   b30     0  CHARGE, BRK-B30, REST-0
   103     CS   77.241   377.1   0.49   4.46   5.83   0     0     0  BRK-0, REST-0
   104     CS   77.531   351.7   0.78   4.75   6.12   0     0     0  BRK-0, REST-0
   105     CS   77.788   324.0   1.04   5.00   6.38   0     0     0  BRK-0, REST-0
   106     CS   78.031   294.9   1.28   5.25   6.62   0     0     0  BRK-0, REST-0
   107     CS   78.306   266.5   1.55   5.52   6.89   0     0     0  BRK-0, REST-0
   108     CS   78.574   237.3   1.82   5.79   7.16   0     0     0  BRK-0, REST-0
   109     CS   78.859   209.6   2.11   6.08   7.45   0     0     0  BRK-0, REST-0
   110     CS   79.126   179.6   2.37   6.34   7.71   0     0     0  BRK-0, REST-0
   111     CS   79.403   150.5   2.65   6.62   7.99   1   b45     0  CHARGE, BRK-B45, REST-0
   112     CS   80.650   378.9   0.24   6.86   8.49   0     0     0  BRK-0, REST-0
   113     CS   80.897   351.0   0.49   7.11   8.73   0     0     0  BRK-0, REST-0
   114     CS   81.136   322.4   0.73   7.35   8.97   0     0     0  BRK-0, REST-0
   115     CS   81.394   292.3   0.98   7.60   9.23   0     0     0  BRK-0, REST-0
   116     CS   81.649   262.0   1.24   7.86   9.49   0     0     0  BRK-0, REST-0
   117     CS   81.928   233.8   1.52   8.14   9.77   0     0     0  BRK-0, REST-0
   118     CS   82.234   213.9   1.82   8.44  10.07   0     0     0  BRK-0, REST-0
   119     CS   82.456   189.2   2.05   8.67  10.29   0     0     0  BRK-0, REST-0
   120     CS   82.668   163.6   2.26   8.88  10.51   0     0     0  BRK-0, REST-0
  RmediumCmanyTtight_2__mix: duration None h  infeasible=False  tw=0  110 min
  ScenarioTracker saved: /mnt/beegfs/users/celinep/ChargeAndBreak/ML/la_mixed/logs/sensitivity/RshortCmanyTtight_2__mix_LA_S25_H24_20261004_164642_scenarios.json

  === SIMULATION TRAJECTORY ===
  stop   type    t_arr     soc     cd     sd     sw   y   brk   rst  action
  ───────────────────────────────────────────────────────────────────────────────────────────────
     0   ORIG    8.000   500.0   0.00   0.00   0.00   0     —     —  —
     1     CS    8.251   475.5   0.25   0.25   0.25   0     0     0  BRK-0, REST-0
     2     CS    8.535   453.0   0.53   0.53   0.53   0     0     0  BRK-0, REST-0
     3     CS    8.773   427.5   0.77   0.77   0.77   0     0     0  BRK-0, REST-0
     4     CS    9.056   398.1   1.06   1.06   1.06   0     0     0  BRK-0, REST-0
     5     CS    9.363   370.5   1.36   1.36   1.36   0     0     0  BRK-0, REST-0
     6     CS    9.680   343.4   1.68   1.68   1.68   0     0     0  BRK-0, REST-0
     7     CS    9.930   314.2   1.93   1.93   1.93   0     0     0  BRK-0, REST-0
     8     CS   10.178   284.8   2.18   2.18   2.18   0     0     0  BRK-0, REST-0
     9     CS   10.393   259.5   2.39   2.39   2.39   0     0     0  BRK-0, REST-0
    10     CS   10.624   235.6   2.62   2.62   2.62   0     0     0  BRK-0, REST-0
    11     CS   10.844   210.8   2.84   2.84   2.84   1   b15     0  CHARGE, BRK-B15, REST-0
    12     CS   11.563   357.6   3.10   3.10   3.31   0     0     0  BRK-0, REST-0
    13     CS   11.827   330.5   3.36   3.36   3.58   0     0     0  BRK-0, REST-0
    14   CUST   12.073   301.6   3.61   3.61   3.82   0     0     0  BRK-0, REST-0
    15     CS   12.955   268.3   3.99   3.99   4.70   1   b30     0  CHARGE, BRK-B30, REST-0
    16   CUST   13.959   447.9   0.28   4.27   5.21   0     0     0  BRK-0, REST-0
    17   CUST   14.928   397.4   0.75   4.74   6.18   0     0     0  BRK-0, REST-0
    18   CUST   15.829   358.1   1.15   5.14   7.08   0     0     0  BRK-0, REST-0
    19     CS   16.352   355.5   1.17   5.16   7.60   0     0     0  BRK-0, REST-0
    20   CUST   16.413   350.3   1.23   5.22   7.66   0     0     0  BRK-0, REST-0
    21   CUST   16.941   346.9   1.26   5.25   8.19   0     0     0  BRK-0, REST-0
    22   CUST   17.626   328.3   1.45   5.43   8.88   0     0     0  BRK-0, REST-0
    23     CS   18.195   320.4   1.52   5.50   9.45   0     0     0  BRK-0, REST-0
    24     CS   18.428   295.5   1.75   5.74   9.68   0     0     0  BRK-0, REST-0
    25     CS   18.741   271.7   2.06   6.05   9.99   0     0     0  BRK-0, REST-0
    26     CS   19.004   244.8   2.32   6.31  10.25   0     0     0  BRK-0, REST-0
    27     CS   19.310   220.7   2.63   6.62  10.56   0     0     0  BRK-0, REST-0
    28   CUST   19.581   194.4   2.90   6.89  10.83   0     0     0  BRK-0, REST-0
    29   CUST   20.255   173.6   3.07   7.06  11.51   0     0    r2  BRK-0, REST-R2
    30     CS   29.852   163.5   0.10   0.10   0.10   0     0     0  BRK-0, REST-0
    31     CS   30.090   137.4   0.33   0.33   0.33   0     0     0  BRK-0, REST-0
    32     CS   30.334   111.8   0.58   0.58   0.58   1   b30     0  CHARGE, BRK-B30, REST-0
    33     CS   31.612   425.6   1.01   1.01   1.21   0     0     0  BRK-0, REST-0
    34     CS   31.843   400.5   1.24   1.24   1.44   0     0     0  BRK-0, REST-0
    35     CS   32.105   377.8   1.50   1.50   1.70   0     0     0  BRK-0, REST-0
    36     CS   32.353   354.1   1.75   1.75   1.95   0     0     0  BRK-0, REST-0
    37     CS   32.614   331.3   2.01   2.01   2.21   0     0     0  BRK-0, REST-0
    38     CS   32.849   306.2   2.24   2.24   2.45   0     0     0  BRK-0, REST-0
    39     CS   33.085   281.2   2.48   2.48   2.68   0     0     0  BRK-0, REST-0
    40   CUST   33.462   262.1   2.86   2.86   3.06   0     0     0  BRK-0, REST-0
    41     CS   34.204   233.4   3.10   3.10   3.80   1   b30     0  CHARGE, BRK-B30, REST-0
    42   CUST   35.170   393.4   0.12   3.22   4.27   0     0     0  BRK-0, REST-0
    43     CS   35.868   370.0   0.32   3.42   4.97   0     0     0  BRK-0, REST-0
    44     CS   36.101   344.3   0.55   3.65   5.20   0     0     0  BRK-0, REST-0
    45     CS   36.349   319.8   0.80   3.90   5.45   0     0     0  BRK-0, REST-0
    46     CS   36.588   294.7   1.04   4.14   5.69   0     0     0  BRK-0, REST-0
    47     CS   36.816   268.5   1.27   4.37   5.92   0     0     0  BRK-0, REST-0
    48     CS   37.098   239.8   1.55   4.65   6.20   0     0     0  BRK-0, REST-0
    49     CS   37.398   208.8   1.85   4.95   6.50   0     0     0  BRK-0, REST-0
    50     CS   37.756   181.4   2.21   5.31   6.85   0     0     0  BRK-0, REST-0
    51     CS   38.053   150.2   2.51   5.60   7.15   1   b15     0  CHARGE, BRK-B15, REST-0
    52     CS   38.802   375.5   2.77   5.86   7.65   0     0     0  BRK-0, REST-0
    53     CS   39.037   348.9   3.00   6.10   7.89   0     0     0  BRK-0, REST-0
    54     CS   39.277   322.7   3.24   6.34   8.13   0     0     0  BRK-0, REST-0
    55     CS   39.708   297.8   3.67   6.77   8.56   0     0     0  BRK-0, REST-0
    56     CS   40.020   267.8   3.98   7.08   8.87   0     0     0  BRK-0, REST-0
  RshortCmanyTtight_2__mix: duration None h  infeasible=False  tw=0  20 min
  ScenarioTracker saved: /mnt/beegfs/users/celinep/ChargeAndBreak/ML/la_mixed/logs/sensitivity/RmediumCmanyTtight_3__mix_LA_S25_H24_20261004_170627_scenarios.json

  === SIMULATION TRAJECTORY ===
  stop   type    t_arr     soc     cd     sd     sw   y   brk   rst  action
  ───────────────────────────────────────────────────────────────────────────────────────────────
     0   ORIG    8.000   500.0   0.00   0.00   0.00   0     —     —  —
     1     CS    8.241   474.7   0.24   0.24   0.24   0     0     0  BRK-0, REST-0
     2     CS    8.493   450.3   0.49   0.49   0.49   0     0     0  BRK-0, REST-0
     3     CS    8.720   423.7   0.72   0.72   0.72   0     0     0  BRK-0, REST-0
     4     CS    8.995   392.9   1.00   1.00   1.00   0     0     0  BRK-0, REST-0
     5     CS    9.275   362.5   1.28   1.28   1.28   0     0     0  BRK-0, REST-0
     6     CS    9.547   331.3   1.55   1.55   1.55   0     0     0  BRK-0, REST-0
     7     CS   10.327   294.0   2.33   2.33   2.33   0     0     0  BRK-0, REST-0
     8     CS   10.621   262.5   2.62   2.62   2.62   0     0     0  BRK-0, REST-0
     9     CS   10.905   230.2   2.91   2.91   2.91   0     0     0  BRK-0, REST-0
    10     CS   11.237   201.4   3.24   3.24   3.24   0     0     0  BRK-0, REST-0
    11     CS   11.509   170.7   3.51   3.51   3.51   0     0     0  BRK-0, REST-0
    12     CS   11.782   140.0   3.78   3.78   3.78   1   b45     0  CHARGE, BRK-B45, REST-0
    13     CS   13.130   469.4   0.24   4.03   4.38   0     0     0  BRK-0, REST-0
    14     CS   13.411   443.9   0.53   4.31   4.66   0     0     0  BRK-0, REST-0
    15     CS   13.672   416.8   0.79   4.57   4.92   0     0     0  BRK-0, REST-0
    16     CS   13.913   387.9   1.03   4.81   5.16   0     0     0  BRK-0, REST-0
    17     CS   14.119   365.0   1.23   5.02   5.37   0     0     0  BRK-0, REST-0
    18     CS   14.352   344.1   1.47   5.25   5.60   0     0     0  BRK-0, REST-0
    19     CS   14.549   320.2   1.66   5.44   5.80   0     0     0  BRK-0, REST-0
    20     CS   15.006   274.4   2.12   5.90   6.26   1   b15     0  CHARGE, BRK-B15, REST-0
    21     CS   15.771   330.2   2.42   6.20   6.77   0     0     0  BRK-0, REST-0
    22     CS   16.059   297.4   2.71   6.49   7.06   0     0     0  BRK-0, REST-0
    23     CS   16.489   272.0   3.14   6.92   7.49   0     0     0  BRK-0, REST-0
    24   CUST   16.983   222.4   3.63   7.41   7.98   0     0     0  BRK-0, REST-0
    25     CS   17.758   194.8   3.91   7.69   8.76   1   b30     0  CHARGE, BRK-B30, REST-0
    26     CS   18.829   370.6   0.25   7.94   9.24   0     0     0  BRK-0, REST-0
    27     CS   19.146   339.1   0.57   8.26   9.56   0     0     0  BRK-0, REST-0
    28     CS   19.367   314.3   0.79   8.48   9.78   0     0     0  BRK-0, REST-0
    29     CS   19.598   290.5   1.02   8.71  10.01   0     0     0  BRK-0, REST-0
    30     CS   19.819   265.7   1.24   8.93  10.23   1   b15     0  CHARGE, BRK-B15, REST-0
    31     CS   20.696   375.9   1.51   9.20  10.71   0     0     0  BRK-0, REST-0
    32     CS   21.009   351.8   1.82   9.51  11.02   0     0    r2  BRK-0, REST-R2
    33     CS   30.423   323.1   0.25   0.25   0.25   1   b15     0  CHARGE, BRK-B15, REST-0
    34     CS   32.029   334.4   0.47   0.47   0.66   0     0     0  BRK-0, REST-0
    35     CS   32.283   310.8   0.72   0.72   0.91   0     0     0  BRK-0, REST-0
    36     CS   32.526   286.4   0.97   0.97   1.15   0     0     0  BRK-0, REST-0
    37     CS   32.814   255.2   1.25   1.25   1.44   0     0     0  BRK-0, REST-0
    38     CS   33.138   226.6   1.58   1.58   1.77   0     0     0  BRK-0, REST-0
    39     CS   33.418   194.6   1.86   1.86   2.04   0     0     0  BRK-0, REST-0
    40     CS   33.690   162.7   2.13   2.13   2.32   0     0     0  BRK-0, REST-0
    41     CS   33.971   131.7   2.41   2.41   2.60   1   b30     0  CHARGE, BRK-B30, REST-0
    42     CS   35.057   425.5   0.30   2.71   3.13   0     0     0  BRK-0, REST-0
    43     CS   35.338   391.9   0.58   2.99   3.41   0     0     0  BRK-0, REST-0
    44     CS   35.658   365.7   0.90   3.31   3.73   0     0     0  BRK-0, REST-0
    45     CS   35.917   334.9   1.16   3.57   3.99   0     0     0  BRK-0, REST-0
    46     CS   36.176   304.2   1.42   3.83   4.25   0     0     0  BRK-0, REST-0
    47     CS   36.455   275.3   1.70   4.11   4.53   1   b15     0  CHARGE, BRK-B15, REST-0
    48     CS   37.192   282.9   1.96   4.38   5.01   0     0     0  BRK-0, REST-0
    49   CUST   37.508   256.4   2.28   4.69   5.33   0     0     0  BRK-0, REST-0
    50     CS   38.251   228.3   2.52   4.93   6.07   0     0     0  BRK-0, REST-0
    51     CS   38.517   202.2   2.79   5.20   6.34   0     0     0  BRK-0, REST-0
    52     CS   38.653   187.5   2.92   5.34   6.47   0     0     0  BRK-0, REST-0
    53     CS   39.014   162.2   3.29   5.70   6.84   0     0     0  BRK-0, REST-0
    54     CS   39.283   131.2   3.55   5.97   7.10   1   b30     0  CHARGE, BRK-B30, REST-0
    55     CS   40.218   421.2   0.23   6.19   7.54   0     0     0  BRK-0, REST-0
    56     CS   40.488   399.2   0.50   6.46   7.81   0     0     0  BRK-0, REST-0
    57     CS   40.853   380.3   0.86   6.83   8.17   0     0     0  BRK-0, REST-0
    58     CS   41.076   355.2   1.08   7.05   8.40   0     0     0  BRK-0, REST-0
    59     CS   41.304   330.5   1.31   7.28   8.63   0     0     0  BRK-0, REST-0
    60     CS   41.524   305.0   1.53   7.50   8.85   0     0     0  BRK-0, REST-0
    61     CS   41.839   285.0   1.85   7.81   9.16   0     0     0  BRK-0, REST-0
    62     CS   42.096   254.8   2.10   8.07   9.42   0     0     0  BRK-0, REST-0
    63     CS   42.382   227.2   2.39   8.36   9.70   0     0     0  BRK-0, REST-0
    64     CS   42.647   197.8   2.66   8.62   9.97   0     0     0  BRK-0, REST-0
    65     CS   43.113   148.1   3.12   9.09  10.43   1   b15     0  CHARGE, BRK-B15, REST-0
    66     CS   43.925   369.2   3.43   9.40  10.99   0     0     0  BRK-0, REST-0
    67     CS   44.208   336.0   3.72   9.68  11.28   0     0    r2  BRK-0, REST-R2
    68     CS   53.852   311.6   0.48   0.48   0.48   1   b15     0  CHARGE, BRK-B15, REST-0
    69     CS   54.824   370.6   0.72   0.72   1.20   0     0     0  BRK-0, REST-0
    70   CUST   55.235   349.7   1.13   1.13   1.61   0     0     0  BRK-0, REST-0
    71     CS   55.964   322.7   1.36   1.36   2.34   0     0     0  BRK-0, REST-0
    72   CUST   56.205   296.9   1.60   1.60   2.58   0     0     0  BRK-0, REST-0
    73     CS   56.806   284.8   1.70   1.70   3.18   0     0     0  BRK-0, REST-0
    74   CUST   57.067   260.0   1.97   1.97   3.44   0     0     0  BRK-0, REST-0
    75   CUST   58.022   234.5   2.42   2.42   4.40   0     0     0  BRK-0, REST-0
    76   CUST   58.604   225.4   2.50   2.50   4.98   0     0     0  BRK-0, REST-0
    77     CS   59.351   198.3   2.75   2.75   5.73   1   b30     0  CHARGE, BRK-B30, REST-0
    78     CS   60.482   433.4   0.30   3.04   6.25   0     0     0  BRK-0, REST-0
    79     CS   60.824   393.7   0.64   3.39   6.59   0     0     0  BRK-0, REST-0
    80     CS   61.109   364.1   0.92   3.67   6.87   0     0     0  BRK-0, REST-0
    81     CS   61.385   333.8   1.20   3.95   7.15   0     0     0  BRK-0, REST-0
    82     CS   61.675   304.6   1.49   4.24   7.44   0     0     0  BRK-0, REST-0
    83     CS   61.953   274.4   1.77   4.52   7.72   0     0     0  BRK-0, REST-0
    84     CS   62.246   244.4   2.06   4.81   8.01   0     0     0  BRK-0, REST-0
    85     CS   62.520   212.7   2.33   5.08   8.29   1   b15     0  CHARGE, BRK-B15, REST-0
    86     CS   63.412   268.0   2.63   5.38   8.93   0     0     0  BRK-0, REST-0
    87     CS   63.697   234.9   2.91   5.66   9.21   0     0     0  BRK-0, REST-0
    88     CS   64.019   204.9   3.24   5.99   9.53   0     0     0  BRK-0, REST-0
    89     CS   64.296   175.8   3.51   6.26   9.81   1   b30     0  CHARGE, BRK-B30, REST-0
    90     CS   65.267   406.7   0.27   6.54  10.28   0     0     0  BRK-0, REST-0
    91     CS   65.530   376.2   0.54   6.80  10.55   0     0     0  BRK-0, REST-0
    92     CS   65.917   352.6   0.92   7.19  10.93   0     0     0  BRK-0, REST-0
    93     CS   66.198   321.5   1.21   7.47  11.21   0     0     0  BRK-0, REST-0
    94     CS   66.490   291.4   1.50   7.76  11.51   0     0     0  BRK-0, REST-0
    95     CS   66.885   266.5   1.89   8.16  11.90   0     0     0  BRK-0, REST-0
    96     CS   67.180   235.2   2.19   8.45  12.20   0     0    r2  BRK-0, REST-R2
    97     CS   76.632   202.9   0.29   0.29   0.29   0     0     0  BRK-0, REST-0
  RmediumCmanyTtight_3__mix: duration None h  infeasible=False  tw=3  68 min
  ScenarioTracker saved: /mnt/beegfs/users/celinep/ChargeAndBreak/ML/la_mixed/logs/sensitivity/RshortCmanyTtight_3__mix_LA_S25_H24_20261004_181410_scenarios.json

  === SIMULATION TRAJECTORY ===
  stop   type    t_arr     soc     cd     sd     sw   y   brk   rst  action
  ───────────────────────────────────────────────────────────────────────────────────────────────
     0   ORIG    8.000   500.0   0.00   0.00   0.00   0     —     —  —
     1     CS    8.227   473.4   0.23   0.23   0.23   0     0     0  BRK-0, REST-0
     2     CS    8.457   447.1   0.46   0.46   0.46   0     0     0  BRK-0, REST-0
     3     CS    8.687   420.9   0.69   0.69   0.69   0     0     0  BRK-0, REST-0
     4     CS    8.967   388.5   0.97   0.97   0.97   0     0     0  BRK-0, REST-0
     5     CS    9.457   365.0   1.46   1.46   1.46   0     0     0  BRK-0, REST-0
     6     CS    9.736   341.8   1.74   1.74   1.74   0     0     0  BRK-0, REST-0
     7     CS    9.976   315.8   1.98   1.98   1.98   0     0     0  BRK-0, REST-0
     8     CS   10.210   289.3   2.21   2.21   2.21   0     0     0  BRK-0, REST-0
     9     CS   10.458   264.0   2.46   2.46   2.46   0     0     0  BRK-0, REST-0
    10     CS   10.676   242.0   2.68   2.68   2.68   0     0     0  BRK-0, REST-0
    11     CS   10.883   219.2   2.88   2.88   2.88   0     0     0  BRK-0, REST-0
    12   CUST   11.110   197.9   3.11   3.11   3.11   0     0     0  BRK-0, REST-0
    13   CUST   11.676   191.0   3.18   3.18   3.68   0     0     0  BRK-0, REST-0
    14   CUST   12.328   176.4   3.33   3.33   4.33   0     0     0  BRK-0, REST-0
    15   CUST   12.952   161.6   3.45   3.45   4.95   0     0     0  BRK-0, REST-0
    16   CUST   13.511   155.2   3.51   3.51   5.51   0     0     0  BRK-0, REST-0
    17   CUST   14.026   154.1   3.53   3.53   6.03   0     0     0  BRK-0, REST-0
    18     CS   14.683   137.7   3.68   3.68   6.68   0     0     0  BRK-0, REST-0
    19     CS   14.772   128.1   3.77   3.77   6.77   1   b45     0  CHARGE, BRK-B45, REST-0
    20     CS   16.082   375.5   0.29   4.06   7.29   0     0     0  BRK-0, REST-0
    21     CS   16.349   345.6   0.55   4.33   7.55   0     0     0  BRK-0, REST-0
    22   CUST   16.621   316.0   0.82   4.60   7.82   0     0     0  BRK-0, REST-0
    23     CS   17.217   304.6   0.92   4.69   8.42   0     0     0  BRK-0, REST-0
    24     CS   17.437   283.9   1.14   4.91   8.64   0     0     0  BRK-0, REST-0
    25     CS   17.630   260.9   1.33   5.11   8.83   0     0     0  BRK-0, REST-0
    26     CS   17.832   238.8   1.54   5.31   9.04   1   b15     0  CHARGE, BRK-B15, REST-0
    27     CS   18.965   297.3   1.84   5.61   9.92   0     0     0  BRK-0, REST-0
    28   CUST   19.261   267.4   2.14   5.91  10.21   0     0     0  BRK-0, REST-0
    29   CUST   20.102   250.5   2.48   6.25  11.06   0     0     0  BRK-0, REST-0
    30     CS   20.901   218.8   2.78   6.55  11.86   0     0     0  BRK-0, REST-0
    31     CS   21.213   187.9   3.09   6.86  12.17   0     0     0  BRK-0, REST-0
    32   CUST   21.266   182.1   3.14   6.92  12.22   0     0    r2  BRK-0, REST-R2
    33     CS   31.341   141.8   0.58   0.58   0.58   1   b15     0  CHARGE, BRK-B15, REST-0
    34   CUST   32.027   300.4   0.72   0.72   1.01   0     0     0  BRK-0, REST-0
    35     CS   32.759   275.5   0.95   0.95   1.74   0     0     0  BRK-0, REST-0
    36     CS   32.979   249.4   1.17   1.17   1.96   0     0     0  BRK-0, REST-0
    37     CS   33.224   225.6   1.42   1.42   2.21   0     0     0  BRK-0, REST-0
    38     CS   33.514   196.4   1.71   1.71   2.50   0     0     0  BRK-0, REST-0
    39   CUST   33.972   143.6   2.16   2.16   2.96   0     0     0  BRK-0, REST-0
    40     CS   34.612   129.2   2.30   2.30   3.60   1   b30     0  CHARGE, BRK-B30, REST-0
    41   CUST   35.909   384.8   0.47   2.78   4.39   0     0     0  BRK-0, REST-0
    42     CS   36.497   375.1   0.56   2.87   4.98   0     0     0  BRK-0, REST-0
    43     CS   36.756   347.9   0.82   3.13   5.24   0     0     0  BRK-0, REST-0
    44     CS   37.059   323.6   1.12   3.43   5.54   0     0     0  BRK-0, REST-0
    45     CS   37.308   295.5   1.37   3.68   5.79   0     0     0  BRK-0, REST-0
    46     CS   37.608   271.4   1.67   3.98   6.09   0     0     0  BRK-0, REST-0
    47     CS   37.858   243.8   1.92   4.23   6.34   0     0     0  BRK-0, REST-0
    48     CS   38.104   215.7   2.17   4.47   6.59   0     0     0  BRK-0, REST-0
    49     CS   38.443   188.7   2.51   4.81   6.93   0     0     0  BRK-0, REST-0
    50     CS   38.765   160.6   2.83   5.13   7.25   0     0     0  BRK-0, REST-0
  RshortCmanyTtight_3__mix: duration None h  infeasible=False  tw=2  16 min
  ScenarioTracker saved: /mnt/beegfs/users/celinep/ChargeAndBreak/ML/la_mixed/logs/sensitivity/RmediumCmanyTtight_4__mix_LA_S25_H24_20261004_182949_scenarios.json

  === SIMULATION TRAJECTORY ===
  stop   type    t_arr     soc     cd     sd     sw   y   brk   rst  action
  ───────────────────────────────────────────────────────────────────────────────────────────────
     0   ORIG    8.000   500.0   0.00   0.00   0.00   0     —     —  —
     1     CS    8.236   474.3   0.24   0.24   0.24   0     0     0  BRK-0, REST-0
     2     CS    8.503   450.8   0.50   0.50   0.50   0     0     0  BRK-0, REST-0
     3     CS    8.763   426.9   0.76   0.76   0.76   0     0     0  BRK-0, REST-0
     4     CS    9.033   395.6   1.03   1.03   1.03   0     0     0  BRK-0, REST-0
     5     CS    9.355   368.2   1.35   1.35   1.35   0     0     0  BRK-0, REST-0
     6     CS    9.623   336.8   1.62   1.62   1.62   0     0     0  BRK-0, REST-0
     7     CS   10.003   293.4   2.00   2.00   2.00   0     0     0  BRK-0, REST-0
     8     CS   10.312   270.8   2.31   2.31   2.31   0     0     0  BRK-0, REST-0
     9     CS   10.574   245.7   2.57   2.57   2.57   0     0     0  BRK-0, REST-0
    10     CS   10.844   221.1   2.84   2.84   2.84   0     0     0  BRK-0, REST-0
    11     CS   11.079   196.8   3.08   3.08   3.08   0     0     0  BRK-0, REST-0
    12     CS   11.320   173.0   3.32   3.32   3.32   0     0     0  BRK-0, REST-0
    13     CS   11.569   149.8   3.57   3.57   3.57   1   b45     0  CHARGE, BRK-B45, REST-0
    14     CS   13.085   456.1   0.47   4.04   4.33   0     0     0  BRK-0, REST-0
    15     CS   13.357   425.8   0.74   4.31   4.61   0     0     0  BRK-0, REST-0
    16     CS   13.815   403.3   1.20   4.77   5.07   0     0     0  BRK-0, REST-0
    17     CS   14.052   379.2   1.43   5.00   5.30   0     0     0  BRK-0, REST-0
    18     CS   14.284   354.6   1.67   5.23   5.53   0     0     0  BRK-0, REST-0
    19     CS   14.509   329.5   1.89   5.46   5.76   1   b15     0  CHARGE, BRK-B15, REST-0
    20     CS   15.293   412.5   2.10   5.67   6.29   0     0     0  BRK-0, REST-0
    21     CS   15.497   388.7   2.31   5.88   6.50   0     0     0  BRK-0, REST-0
    22   CUST   15.737   367.5   2.55   6.12   6.74   0     0     0  BRK-0, REST-0
    23     CS   16.480   342.1   2.79   6.36   7.48   0     0     0  BRK-0, REST-0
    24     CS   16.712   315.7   3.02   6.59   7.71   0     0     0  BRK-0, REST-0
    25     CS   17.004   293.3   3.31   6.88   8.00   0     0     0  BRK-0, REST-0
    26     CS   17.236   267.0   3.54   7.11   8.24   0     0     0  BRK-0, REST-0
    27   CUST   17.372   254.4   3.68   7.25   8.37   0     0     0  BRK-0, REST-0
    28   CUST   17.996   243.1   3.80   7.37   9.00   0     0     0  BRK-0, REST-0
    29   CUST   18.823   209.0   4.13   7.70   9.82   0     0     0  BRK-0, REST-0
    30   CUST   19.487   190.9   4.30   7.86  10.49   0     0     0  BRK-0, REST-0
    31     CS   20.056   183.1   4.36   7.93  11.06   1   b30     0  CHARGE, BRK-B30, REST-0
    32     CS   20.780   256.2   0.02   7.95  11.28   0     0     0  BRK-0, REST-0
    33   CUST   21.206   210.0   0.44   8.38  11.71   0     0     0  BRK-0, REST-0
    34     CS   22.043   180.0   0.78   8.72  12.54   0     0    r2  BRK-0, REST-R2
    35     CS   31.508   157.8   0.30   0.30   0.30   0     0     0  BRK-0, REST-0
    36     CS   31.739   131.3   0.53   0.53   0.53   0     0     0  BRK-0, REST-0
    37     CS   31.988   106.2   0.78   0.78   0.78   1   b15     0  CHARGE, BRK-B15, REST-0
    38     CS   32.867   375.8   0.99   0.99   1.36   0     0     0  BRK-0, REST-0
    39     CS   33.111   354.2   1.23   1.23   1.61   0     0     0  BRK-0, REST-0
    40     CS   33.334   331.2   1.45   1.45   1.83   0     0     0  BRK-0, REST-0
    41     CS   33.579   305.5   1.70   1.70   2.07   0     0     0  BRK-0, REST-0
    42     CS   33.985   286.0   2.11   2.11   2.48   0     0     0  BRK-0, REST-0
    43     CS   34.249   261.7   2.37   2.37   2.75   0     0     0  BRK-0, REST-0
    44     CS   34.687   218.7   2.81   2.81   3.18   0     0     0  BRK-0, REST-0
    45     CS   34.933   192.3   3.05   3.05   3.43   0     0     0  BRK-0, REST-0
    46     CS   35.168   164.9   3.29   3.29   3.66   0     0     0  BRK-0, REST-0
    47     CS   35.431   139.8   3.55   3.55   3.93   1   b30     0  CHARGE, BRK-B30, REST-0
    48     CS   36.496   406.7   0.32   3.87   4.47   0     0     0  BRK-0, REST-0
    49     CS   36.751   378.7   0.57   4.12   4.72   0     0     0  BRK-0, REST-0
    50     CS   37.036   353.1   0.86   4.41   5.01   0     0     0  BRK-0, REST-0
    51     CS   37.271   327.3   1.09   4.64   5.24   0     0     0  BRK-0, REST-0
    52     CS   37.502   301.0   1.32   4.87   5.47   0     0     0  BRK-0, REST-0
    53     CS   37.732   274.7   1.55   5.10   5.70   0     0     0  BRK-0, REST-0
    54   CUST   37.975   249.6   1.79   5.35   5.95   0     0     0  BRK-0, REST-0
    55   CUST   38.603   236.5   1.92   5.47   6.57   0     0     0  BRK-0, REST-0
    56   CUST   39.487   193.5   2.31   5.86   7.46   0     0     0  BRK-0, REST-0
    57   CUST   40.102   180.4   2.42   5.97   8.07   0     0     0  BRK-0, REST-0
    58     CS   40.638   176.6   2.46   6.01   8.61   1   b45     0  CHARGE, BRK-B45, REST-0
    59   CUST   41.676   480.4   0.05   6.06   8.90   0     0     0  BRK-0, REST-0
    60     CS   42.272   469.0   0.15   6.16   9.49   0     0     0  BRK-0, REST-0
    61     CS   42.789   422.0   0.67   6.67  10.01   0     0     0  BRK-0, REST-0
    62     CS   43.077   394.9   0.95   6.96  10.30   0     0     0  BRK-0, REST-0
    63     CS   43.355   367.0   1.23   7.24  10.58   0     0     0  BRK-0, REST-0
    64     CS   43.572   341.9   1.45   7.46  10.79   0     0     0  BRK-0, REST-0
    65     CS   43.804   318.1   1.68   7.69  11.02   0     0     0  BRK-0, REST-0
    66     CS   44.033   294.0   1.91   7.92  11.25   0     0     0  BRK-0, REST-0
    67     CS   44.246   268.6   2.12   8.13  11.47   0     0     0  BRK-0, REST-0
    68     CS   44.544   241.0   2.42   8.43  11.76   0     0     0  BRK-0, REST-0
    69     CS   44.809   210.9   2.69   8.69  12.03   0     0     0  BRK-0, REST-0
    70     CS   45.090   177.3   2.97   8.98  12.31   0     0     0  BRK-0, REST-0
    71     CS   45.369   143.6   3.25   9.25  12.59   1     0    r2  CHARGE, BRK-0, REST-R2
    72     CS   55.399   371.4   0.25   0.25   0.25   0     0     0  BRK-0, REST-0
    73     CS   55.651   343.2   0.50   0.50   0.50   1   b15     0  CHARGE, BRK-B15, REST-0
    74   CUST   56.600   445.7   0.81   0.81   1.04   0     0     0  BRK-0, REST-0
    75     CS   57.479   401.0   1.19   1.19   1.92   0     0     0  BRK-0, REST-0
    76   CUST   57.844   362.3   1.55   1.55   2.29   0     0     0  BRK-0, REST-0
    77   CUST   58.713   328.1   1.92   1.92   3.15   0     0     0  BRK-0, REST-0
    78     CS   59.331   317.4   2.04   2.04   3.77   0     0     0  BRK-0, REST-0
    79     CS   59.567   289.9   2.27   2.27   4.01   0     0     0  BRK-0, REST-0
    80     CS   59.817   263.6   2.52   2.52   4.26   0     0     0  BRK-0, REST-0
    81     CS   60.211   223.8   2.92   2.92   4.65   0     0     0  BRK-0, REST-0
    82     CS   60.498   194.1   3.20   3.20   4.94   0     0     0  BRK-0, REST-0
    83     CS   60.783   164.1   3.49   3.49   5.22   0     0     0  BRK-0, REST-0
    84     CS   61.049   132.4   3.76   3.76   5.49   0     0     0  BRK-0, REST-0
    85     CS   61.304   103.7   4.01   4.01   5.75   1   b30     0  CHARGE, BRK-B30, REST-0
    86     CS   62.297   255.0   0.26   4.27   6.23   0     0     0  BRK-0, REST-0
    87     CS   62.578   228.4   0.54   4.55   6.51   0     0     0  BRK-0, REST-0
    88     CS   62.818   200.6   0.78   4.79   6.75   0     0     0  BRK-0, REST-0
    89     CS   63.063   173.3   1.02   5.03   6.99   0     0     0  BRK-0, REST-0
    90     CS   63.316   146.8   1.28   5.29   7.24   1   b15     0  CHARGE, BRK-B15, REST-0
    91     CS   64.175   156.9   1.50   5.51   7.85   0     0     0  BRK-0, REST-0
    92     CS   64.415   130.7   1.74   5.75   8.09   1     0     0  CHARGE, BRK-0, REST-0
    93     CS   65.114   353.7   1.97   5.99   8.79   0     0     0  BRK-0, REST-0
    94     CS   65.400   322.3   2.26   6.27   9.08   0     0     0  BRK-0, REST-0
    95     CS   65.708   292.7   2.57   6.58   9.39   0     0     0  BRK-0, REST-0
    96     CS   65.989   260.8   2.85   6.86   9.67   0     0     0  BRK-0, REST-0
    97     CS   66.252   232.9   3.11   7.12   9.93   0     0     0  BRK-0, REST-0
    98     CS   66.556   207.6   3.42   7.43  10.23   0     0     0  BRK-0, REST-0
    99     CS   66.818   180.3   3.68   7.69  10.50   0     0     0  BRK-0, REST-0
   100     CS   67.065   151.6   3.93   7.94  10.74   0     0     0  BRK-0, REST-0
  RmediumCmanyTtight_4__mix: duration None h  infeasible=False  tw=0  63 min
  ScenarioTracker saved: /mnt/beegfs/users/celinep/ChargeAndBreak/ML/la_mixed/logs/sensitivity/RshortCmanyTtight_4__mix_LA_S25_H24_20261004_193224_scenarios.json

  === SIMULATION TRAJECTORY ===
  stop   type    t_arr     soc     cd     sd     sw   y   brk   rst  action
  ───────────────────────────────────────────────────────────────────────────────────────────────
     0   ORIG    8.000   500.0   0.00   0.00   0.00   0     —     —  —
     1     CS    8.225   473.2   0.23   0.23   0.23   0     0     0  BRK-0, REST-0
     2     CS    8.457   447.1   0.46   0.46   0.46   0     0     0  BRK-0, REST-0
     3     CS    8.703   422.2   0.70   0.70   0.70   0     0     0  BRK-0, REST-0
     4     CS    8.935   401.3   0.93   0.93   0.93   0     0     0  BRK-0, REST-0
     5     CS    9.148   379.0   1.15   1.15   1.15   0     0     0  BRK-0, REST-0
     6     CS    9.349   355.6   1.35   1.35   1.35   0     0     0  BRK-0, REST-0
     7     CS    9.572   330.4   1.57   1.57   1.57   0     0     0  BRK-0, REST-0
     8     CS    9.805   306.1   1.80   1.80   1.80   0     0     0  BRK-0, REST-0
     9     CS   10.037   281.8   2.04   2.04   2.04   0     0     0  BRK-0, REST-0
    10     CS   10.264   257.0   2.26   2.26   2.26   0     0     0  BRK-0, REST-0
    11     CS   10.468   232.2   2.47   2.47   2.47   0     0     0  BRK-0, REST-0
    12     CS   10.693   209.4   2.69   2.69   2.69   0     0     0  BRK-0, REST-0
    13   CUST   10.919   186.6   2.92   2.92   2.92   0     0     0  BRK-0, REST-0
    14     CS   11.638   166.5   3.14   3.14   3.64   0     0     0  BRK-0, REST-0
    15     CS   11.848   145.7   3.35   3.35   3.85   0     0     0  BRK-0, REST-0
    16   CUST   12.184   129.6   3.68   3.68   4.18   0     0     0  BRK-0, REST-0
    17     CS   12.775   119.0   3.78   3.78   4.78   1   b45     0  CHARGE, BRK-B45, REST-0
    18     CS   13.809   465.2   0.04   3.82   5.06   0     0     0  BRK-0, REST-0
    19     CS   14.079   435.5   0.31   4.09   5.33   0     0     0  BRK-0, REST-0
    20     CS   14.366   407.2   0.60   4.37   5.62   0     0     0  BRK-0, REST-0
    21     CS   14.700   381.7   0.93   4.71   5.95   0     0     0  BRK-0, REST-0
    22   CUST   15.096   335.0   1.33   5.10   6.35   0     0     0  BRK-0, REST-0
    23     CS   15.864   312.6   1.60   5.37   7.11   0     0     0  BRK-0, REST-0
    24     CS   16.113   286.8   1.85   5.62   7.36   0     0     0  BRK-0, REST-0
    25     CS   16.408   263.9   2.14   5.92   7.66   0     0     0  BRK-0, REST-0
    26     CS   16.640   236.5   2.37   6.15   7.89   0     0     0  BRK-0, REST-0
    27     CS   16.847   215.2   2.58   6.35   8.10   0     0     0  BRK-0, REST-0
    28     CS   17.062   194.5   2.79   6.57   8.31   0     0     0  BRK-0, REST-0
    29     CS   17.258   172.2   2.99   6.77   8.51   1   b15     0  CHARGE, BRK-B15, REST-0
    30     CS   18.294   373.9   3.21   6.99   9.10   0     0     0  BRK-0, REST-0
    31     CS   18.516   347.5   3.43   7.21   9.32   0     0     0  BRK-0, REST-0
    32     CS   18.759   323.2   3.68   7.45   9.57   0     0     0  BRK-0, REST-0
    33     CS   19.061   291.6   3.98   7.76   9.87   0     0     0  BRK-0, REST-0
    34   CUST   19.430   264.1   4.35   8.12  10.24   0     0    r2  BRK-0, REST-R2
    35     CS   29.083   250.1   0.15   0.15   0.15   1   b30     0  CHARGE, BRK-B30, REST-0
    36     CS   30.112   428.8   0.46   0.46   0.67   0     0     0  BRK-0, REST-0
    37     CS   30.392   397.2   0.74   0.74   0.95   0     0     0  BRK-0, REST-0
    38   CUST   30.752   370.8   1.10   1.10   1.31   0     0     0  BRK-0, REST-0
    39   CUST   31.338   361.0   1.19   1.19   1.90   0     0     0  BRK-0, REST-0
    40     CS   32.138   335.5   1.49   1.49   2.70   0     0     0  BRK-0, REST-0
    41     CS   32.239   324.6   1.59   1.59   2.80   0     0     0  BRK-0, REST-0
    42     CS   32.458   298.9   1.81   1.81   3.02   0     0     0  BRK-0, REST-0
    43     CS   32.676   273.1   2.03   2.03   3.24   0     0     0  BRK-0, REST-0
    44   CUST   32.892   247.0   2.24   2.24   3.45   0     0     0  BRK-0, REST-0
    45     CS   33.645   221.6   2.49   2.49   4.21   0     0     0  BRK-0, REST-0
    46     CS   33.945   190.4   2.79   2.79   4.51   1     0     0  CHARGE, BRK-0, REST-0
    47   CUST   34.927   247.7   3.11   3.11   5.49   0     0     0  BRK-0, REST-0
    48   CUST   36.017   219.4   3.70   3.70   6.58   0     0     0  BRK-0, REST-0
    49     CS   36.843   200.1   4.02   4.02   7.40   1   b30     0  CHARGE, BRK-B30, REST-0
    50     CS   37.858   414.3   0.30   4.32   7.92   0     0     0  BRK-0, REST-0
    51     CS   38.152   382.0   0.59   4.61   8.21   0     0     0  BRK-0, REST-0
    52     CS   38.509   354.0   0.95   4.97   8.57   0     0     0  BRK-0, REST-0
    53     CS   38.741   326.6   1.18   5.20   8.80   0     0     0  BRK-0, REST-0
    54     CS   39.027   303.3   1.47   5.49   9.09   0     0     0  BRK-0, REST-0
    55     CS   39.280   274.4   1.72   5.74   9.34   0     0     0  BRK-0, REST-0
    56     CS   39.606   250.3   2.05   6.07   9.67   0     0     0  BRK-0, REST-0
    57     CS   39.885   223.5   2.32   6.35   9.95   0     0     0  BRK-0, REST-0
    58     CS   40.142   195.0   2.58   6.60  10.20   0     0     0  BRK-0, REST-0
    59     CS   40.442   167.6   2.88   6.90  10.50   0     0     0  BRK-0, REST-0
  RshortCmanyTtight_4__mix: duration None h  infeasible=False  tw=0  20 min
  ScenarioTracker saved: /mnt/beegfs/users/celinep/ChargeAndBreak/ML/la_mixed/logs/sensitivity/RmediumCmanyTtight_5__mix_LA_S25_H24_20261004_195157_scenarios.json

  === SIMULATION TRAJECTORY ===
  stop   type    t_arr     soc     cd     sd     sw   y   brk   rst  action
  ───────────────────────────────────────────────────────────────────────────────────────────────
     0   ORIG    8.000   500.0   0.00   0.00   0.00   0     —     —  —
     1     CS    8.234   474.1   0.23   0.23   0.23   0     0     0  BRK-0, REST-0
     2     CS    8.512   451.3   0.51   0.51   0.51   0     0     0  BRK-0, REST-0
     3     CS    8.754   426.1   0.75   0.75   0.75   0     0     0  BRK-0, REST-0
     4     CS    8.999   401.8   1.00   1.00   1.00   0     0     0  BRK-0, REST-0
     5     CS    9.281   379.8   1.28   1.28   1.28   0     0     0  BRK-0, REST-0
     6     CS    9.534   356.2   1.53   1.53   1.53   0     0     0  BRK-0, REST-0
     7     CS    9.866   326.8   1.87   1.87   1.87   0     0     0  BRK-0, REST-0
     8     CS   10.148   293.3   2.15   2.15   2.15   0     0     0  BRK-0, REST-0
     9     CS   10.401   264.4   2.40   2.40   2.40   0     0     0  BRK-0, REST-0
    10     CS   10.706   239.3   2.71   2.71   2.71   0     0     0  BRK-0, REST-0
    11     CS   10.989   212.8   2.99   2.99   2.99   0     0     0  BRK-0, REST-0
    12     CS   11.262   183.4   3.26   3.26   3.26   0     0     0  BRK-0, REST-0
    13     CS   11.536   154.0   3.54   3.54   3.54   1   b45     0  CHARGE, BRK-B45, REST-0
    14     CS   12.795   453.8   0.22   3.76   4.04   0     0     0  BRK-0, REST-0
    15     CS   13.049   430.6   0.48   4.01   4.30   0     0     0  BRK-0, REST-0
    16     CS   13.277   405.4   0.70   4.24   4.53   0     0     0  BRK-0, REST-0
    17     CS   13.510   380.5   0.94   4.47   4.76   0     0     0  BRK-0, REST-0
    18     CS   13.924   356.6   1.35   4.89   5.17   0     0     0  BRK-0, REST-0
    19     CS   14.210   326.8   1.64   5.17   5.46   0     0     0  BRK-0, REST-0
    20     CS   14.492   296.6   1.92   5.45   5.74   0     0     0  BRK-0, REST-0
    21     CS   14.737   267.7   2.16   5.70   5.99   0     0     0  BRK-0, REST-0
    22     CS   15.022   242.0   2.45   5.98   6.27   0     0     0  BRK-0, REST-0
    23     CS   15.279   214.2   2.71   6.24   6.53   1   b15     0  CHARGE, BRK-B15, REST-0
    24   CUST   16.111   214.6   3.08   6.61   7.11   0     0     0  BRK-0, REST-0
    25   CUST   17.032   164.3   3.50   7.03   8.03   0     0     0  BRK-0, REST-0
    26     CS   17.861   125.8   3.83   7.36   8.86   0     0     0  BRK-0, REST-0
    27     CS   18.046   106.0   4.01   7.55   9.05   1   b30     0  CHARGE, BRK-B30, REST-0
    28     CS   19.034   417.0   0.29   7.84   9.53   0     0     0  BRK-0, REST-0
    29     CS   19.274   389.3   0.53   8.08   9.77   0     0     0  BRK-0, REST-0
    30     CS   19.527   362.7   0.78   8.33  10.03   0     0     0  BRK-0, REST-0
    31     CS   19.745   339.3   1.00   8.55  10.25   0     0     0  BRK-0, REST-0
    32     CS   19.982   317.3   1.24   8.78  10.48   0     0     0  BRK-0, REST-0
    33     CS   20.190   292.9   1.44   8.99  10.69   0     0     0  BRK-0, REST-0
    34     CS   20.638   241.7   1.89   9.44  11.14   0     0     0  BRK-0, REST-0
    35     CS   20.878   213.9   2.13   9.68  11.38   1     0    r2  CHARGE, BRK-0, REST-R2
    36     CS   30.771   391.6   0.24   0.24   0.24   0     0     0  BRK-0, REST-0
    37     CS   31.052   367.0   0.52   0.52   0.52   0     0     0  BRK-0, REST-0
    38     CS   31.333   337.5   0.80   0.80   0.80   0     0     0  BRK-0, REST-0
    39     CS   31.598   306.5   1.07   1.07   1.07   0     0     0  BRK-0, REST-0
    40     CS   31.864   275.7   1.33   1.33   1.33   0     0     0  BRK-0, REST-0
    41     CS   32.168   244.2   1.64   1.64   1.64   0     0     0  BRK-0, REST-0
    42   CUST   32.515   215.7   1.98   1.98   1.98   0   b15     0  BRK-B15, REST-0
    43     CS   33.533   191.7   2.21   2.21   2.71   0     0     0  BRK-0, REST-0
    44     CS   33.821   171.4   2.50   2.50   3.00   0     0     0  BRK-0, REST-0
    45   CUST   34.036   146.5   2.71   2.71   3.21   0     0     0  BRK-0, REST-0
    46   CUST   34.548   145.2   2.72   2.72   3.72   0     0     0  BRK-0, REST-0
    47     CS   35.276   121.2   2.95   2.95   4.45   1     0     0  CHARGE, BRK-0, REST-0
    48     CS   36.096   380.7   3.14   3.14   5.27   0     0     0  BRK-0, REST-0
    49     CS   36.395   351.2   3.44   3.44   5.57   1   b30     0  CHARGE, BRK-B30, REST-0
    50     CS   37.427   447.7   0.30   3.74   6.08   0     0    r2  BRK-0, REST-R2
    51     CS   46.885   419.0   0.29   0.29   0.29   0     0     0  BRK-0, REST-0
    52     CS   47.147   387.7   0.55   0.55   0.55   0     0     0  BRK-0, REST-0
    53     CS   47.429   358.3   0.84   0.84   0.84   0     0     0  BRK-0, REST-0
    54     CS   47.639   334.9   1.05   1.05   1.05   0     0     0  BRK-0, REST-0
    55     CS   47.858   312.3   1.26   1.26   1.26   0     0     0  BRK-0, REST-0
    56   CUST   48.068   289.0   1.47   1.47   1.47   0     0     0  BRK-0, REST-0
    57     CS   48.784   263.3   1.69   1.69   2.19   0     0     0  BRK-0, REST-0
    58     CS   49.007   238.4   1.91   1.91   2.41   0     0     0  BRK-0, REST-0
    59     CS   49.227   213.2   2.13   2.13   2.63   0     0     0  BRK-0, REST-0
    60   CUST   49.245   211.2   2.15   2.15   2.65   0     0     0  BRK-0, REST-0
    61   CUST   50.151   166.8   2.56   2.56   3.56   0     0     0  BRK-0, REST-0
    62     CS   50.780   156.7   2.69   2.69   4.19   1   b15     0  CHARGE, BRK-B15, REST-0
    63     CS   51.626   211.5   2.96   2.96   4.78   0     0     0  BRK-0, REST-0
    64     CS   51.985   171.0   3.32   3.32   5.14   1   b45     0  CHARGE, BRK-B45, REST-0
    65     CS   53.525   438.8   0.26   3.58   5.70   0     0     0  BRK-0, REST-0
    66     CS   53.791   412.2   0.52   3.85   5.96   0     0     0  BRK-0, REST-0
    67     CS   54.037   383.8   0.77   4.09   6.21   0     0     0  BRK-0, REST-0
    68     CS   54.295   356.6   1.03   4.35   6.47   0     0     0  BRK-0, REST-0
    69     CS   54.534   336.0   1.27   4.59   6.71   0     0     0  BRK-0, REST-0
    70     CS   54.741   313.2   1.47   4.80   6.91   0     0     0  BRK-0, REST-0
    71     CS   54.949   290.4   1.68   5.00   7.12   0     0     0  BRK-0, REST-0
    72     CS   55.170   264.9   1.90   5.23   7.34   0     0     0  BRK-0, REST-0
    73     CS   55.398   240.0   2.13   5.45   7.57   0     0     0  BRK-0, REST-0
    74     CS   55.617   214.2   2.35   5.67   7.79   0     0     0  BRK-0, REST-0
    75     CS   55.832   192.0   2.56   5.89   8.00   0     0     0  BRK-0, REST-0
    76     CS   56.039   169.2   2.77   6.09   8.21   0     0     0  BRK-0, REST-0
    77     CS   56.272   148.3   3.00   6.33   8.44   1   b15     0  CHARGE, BRK-B15, REST-0
    78     CS   57.014   296.7   3.27   6.59   8.94   0     0     0  BRK-0, REST-0
  RmediumCmanyTtight_5__mix: duration None h  infeasible=False  tw=0  67 min
  ScenarioTracker saved: /mnt/beegfs/users/celinep/ChargeAndBreak/ML/la_mixed/logs/sensitivity/RshortCmanyTtight_5__mix_LA_S25_H24_20261004_205831_scenarios.json

  === SIMULATION TRAJECTORY ===
  stop   type    t_arr     soc     cd     sd     sw   y   brk   rst  action
  ───────────────────────────────────────────────────────────────────────────────────────────────
     0   ORIG    8.000   500.0   0.00   0.00   0.00   0     —     —  —
     1     CS    8.263   476.3   0.26   0.26   0.26   0     0     0  BRK-0, REST-0
     2     CS    8.498   450.5   0.50   0.50   0.50   0     0     0  BRK-0, REST-0
     3     CS    8.746   425.8   0.75   0.75   0.75   0     0     0  BRK-0, REST-0
     4     CS    9.031   392.6   1.03   1.03   1.03   0     0     0  BRK-0, REST-0
     5     CS    9.357   362.9   1.36   1.36   1.36   0     0     0  BRK-0, REST-0
     6     CS    9.628   339.6   1.63   1.63   1.63   0     0     0  BRK-0, REST-0
     7     CS    9.891   316.0   1.89   1.89   1.89   0     0     0  BRK-0, REST-0
     8     CS   10.156   292.4   2.16   2.16   2.16   1   b15     0  CHARGE, BRK-B15, REST-0
     9     CS   10.932   400.9   2.40   2.40   2.68   0     0     0  BRK-0, REST-0
    10     CS   11.188   374.5   2.65   2.65   2.94   0     0     0  BRK-0, REST-0
    11   CUST   11.438   347.7   2.90   2.90   3.19   0     0     0  BRK-0, REST-0
    12   CUST   12.172   320.6   3.14   3.14   3.92   0     0     0  BRK-0, REST-0
    13     CS   12.901   294.3   3.37   3.37   4.65   0     0     0  BRK-0, REST-0
    14   CUST   13.181   261.9   3.65   3.65   4.93   0     0     0  BRK-0, REST-0
    15   CUST   13.791   256.6   3.76   3.76   5.54   0     0     0  BRK-0, REST-0
    16     CS   14.699   211.1   4.16   4.16   6.45   1   b30     0  CHARGE, BRK-B30, REST-0
    17     CS   15.843   346.5   0.36   4.52   7.09   0     0     0  BRK-0, REST-0
    18     CS   16.091   319.5   0.60   4.77   7.34   0     0     0  BRK-0, REST-0
    19   CUST   16.332   291.8   0.84   5.01   7.58   0     0     0  BRK-0, REST-0
    20     CS   17.047   269.3   1.06   5.22   8.30   0     0     0  BRK-0, REST-0
    21     CS   17.269   247.3   1.28   5.45   8.52   0     0     0  BRK-0, REST-0
    22   CUST   17.471   223.6   1.48   5.65   8.72   0     0     0  BRK-0, REST-0
    23     CS   18.017   218.3   1.53   5.69   9.27   0     0     0  BRK-0, REST-0
    24     CS   18.319   183.2   1.83   6.00   9.57   1   b15     0  CHARGE, BRK-B15, REST-0
    25     CS   19.103   369.4   2.09   6.26  10.04   0     0     0  BRK-0, REST-0
    26   CUST   19.425   343.3   2.41   6.58  10.37   0     0     0  BRK-0, REST-0
    27     CS   20.178   315.0   2.67   6.83  11.12   0     0     0  BRK-0, REST-0
    28     CS   20.437   287.3   2.93   7.09  11.38   0     0     0  BRK-0, REST-0
    29   CUST   20.455   285.3   2.94   7.11  11.40   0     0     0  BRK-0, REST-0
    30   CUST   21.267   251.2   3.26   7.42  12.21   0     0    r2  BRK-0, REST-R2
    31     CS   30.779   249.9   0.01   0.01   0.01   0     0     0  BRK-0, REST-0
    32     CS   31.063   217.4   0.30   0.30   0.30   0     0     0  BRK-0, REST-0
    33   CUST   31.389   188.0   0.62   0.62   0.62   0     0     0  BRK-0, REST-0
    34     CS   32.141   163.1   0.87   0.87   1.37   0     0     0  BRK-0, REST-0
    35   CUST   32.369   136.0   1.10   1.10   1.60   0     0     0  BRK-0, REST-0
    36   CUST   33.036   118.1   1.27   1.27   2.27   0     0     0  BRK-0, REST-0
    37     CS   33.625   107.4   1.36   1.36   2.86   0     0     0  BRK-0, REST-0
    38     CS   33.689   100.2   1.42   1.42   2.92   1   b15     0  CHARGE, BRK-B15, REST-0
    39     CS   34.465   271.8   1.64   1.64   3.42   0     0     0  BRK-0, REST-0
    40     CS   34.682   246.8   1.86   1.86   3.63   0     0     0  BRK-0, REST-0
    41     CS   34.969   226.1   2.15   2.15   3.92   0     0     0  BRK-0, REST-0
    42     CS   35.382   206.3   2.56   2.56   4.33   0     0     0  BRK-0, REST-0
    43     CS   35.630   180.2   2.81   2.81   4.58   0     0     0  BRK-0, REST-0
    44     CS   35.880   154.0   3.06   3.06   4.83   0     0     0  BRK-0, REST-0
  RshortCmanyTtight_5__mix: duration None h  infeasible=False  tw=0  10 min
  ScenarioTracker saved: /mnt/beegfs/users/celinep/ChargeAndBreak/ML/la_mixed/logs/sensitivity/RmediumCmanyTtight_6__mix_LA_S25_H24_20261004_210859_scenarios.json

  === SIMULATION TRAJECTORY ===
  stop   type    t_arr     soc     cd     sd     sw   y   brk   rst  action
  ───────────────────────────────────────────────────────────────────────────────────────────────
     0   ORIG    8.000   500.0   0.00   0.00   0.00   0     —     —  —
     1     CS    8.228   473.5   0.23   0.23   0.23   0     0     0  BRK-0, REST-0
     2     CS    8.487   449.6   0.49   0.49   0.49   0     0     0  BRK-0, REST-0
     3     CS    8.716   423.1   0.72   0.72   0.72   0     0     0  BRK-0, REST-0
     4     CS    8.989   394.9   0.99   0.99   0.99   0     0     0  BRK-0, REST-0
     5     CS    9.268   367.1   1.27   1.27   1.27   0     0     0  BRK-0, REST-0
     6     CS    9.539   337.4   1.54   1.54   1.54   0     0     0  BRK-0, REST-0
     7     CS    9.808   307.6   1.81   1.81   1.81   0     0     0  BRK-0, REST-0
     8     CS   10.084   278.4   2.08   2.08   2.08   0     0     0  BRK-0, REST-0
     9     CS   10.360   249.2   2.36   2.36   2.36   0     0     0  BRK-0, REST-0
    10     CS   10.824   211.8   2.82   2.82   2.82   0     0     0  BRK-0, REST-0
    11     CS   11.059   183.6   3.06   3.06   3.06   0     0     0  BRK-0, REST-0
    12     CS   11.294   155.3   3.29   3.29   3.29   0     0     0  BRK-0, REST-0
    13     CS   11.567   130.3   3.57   3.57   3.57   1   b45     0  CHARGE, BRK-B45, REST-0
    14     CS   12.995   406.6   0.24   3.81   4.07   0     0     0  BRK-0, REST-0
    15     CS   13.226   380.4   0.48   4.04   4.30   0     0     0  BRK-0, REST-0
    16     CS   13.485   356.5   0.74   4.30   4.56   0     0     0  BRK-0, REST-0
    17     CS   13.752   333.0   1.00   4.57   4.82   0     0     0  BRK-0, REST-0
    18     CS   14.077   296.5   1.33   4.89   5.15   1   b15     0  CHARGE, BRK-B15, REST-0
    19     CS   15.152   361.6   1.59   5.15   5.97   0     0     0  BRK-0, REST-0
    20     CS   15.368   335.8   1.80   5.37   6.19   0     0     0  BRK-0, REST-0
    21     CS   15.596   311.1   2.03   5.60   6.42   0     0     0  BRK-0, REST-0
    22     CS   15.822   286.2   2.26   5.82   6.64   0     0     0  BRK-0, REST-0
    23     CS   16.056   259.7   2.49   6.06   6.88   0     0     0  BRK-0, REST-0
    24     CS   16.316   235.3   2.75   6.32   7.14   0     0     0  BRK-0, REST-0
    25     CS   16.558   209.5   2.99   6.56   7.38   0     0     0  BRK-0, REST-0
    26     CS   16.809   184.5   3.24   6.81   7.63   1   b30     0  CHARGE, BRK-B30, REST-0
    27   CUST   17.793   426.9   0.27   7.08   8.11   0     0     0  BRK-0, REST-0
    28     CS   18.507   402.8   0.48   7.29   8.83   0     0     0  BRK-0, REST-0
    29     CS   18.722   378.6   0.70   7.51   9.04   0     0     0  BRK-0, REST-0
    30     CS   18.929   353.7   0.90   7.71   9.25   0     0     0  BRK-0, REST-0
    31     CS   19.155   328.3   1.13   7.94   9.48   0     0     0  BRK-0, REST-0
    32     CS   19.446   299.6   1.42   8.23   9.77   0     0     0  BRK-0, REST-0
    33     CS   19.713   268.8   1.69   8.50  10.03   0     0     0  BRK-0, REST-0
    34     CS   20.016   240.8   1.99   8.80  10.34   0     0     0  BRK-0, REST-0
    35     CS   20.257   213.3   2.23   9.04  10.58   0     0     0  BRK-0, REST-0
    36     CS   20.521   187.5   2.49   9.31  10.84   0     0    r2  BRK-0, REST-R2
    37     CS   29.926   162.0   0.24   0.24   0.24   0     0     0  BRK-0, REST-0
    38     CS   30.153   135.4   0.47   0.47   0.47   0     0     0  BRK-0, REST-0
    39     CS   30.445   113.3   0.76   0.76   0.76   1   b45     0  CHARGE, BRK-B45, REST-0
    40     CS   31.989   460.6   0.28   1.04   1.29   0     0     0  BRK-0, REST-0
    41     CS   32.269   429.5   0.56   1.32   1.57   0     0     0  BRK-0, REST-0
    42     CS   32.559   399.2   0.85   1.61   1.86   0     0     0  BRK-0, REST-0
    43     CS   32.805   370.8   1.10   1.86   2.11   0     0     0  BRK-0, REST-0
    44     CS   33.046   341.9   1.34   2.10   2.35   0     0     0  BRK-0, REST-0
    45     CS   33.331   318.2   1.62   2.38   2.64   0     0     0  BRK-0, REST-0
    46     CS   33.575   291.6   1.87   2.63   2.88   0     0     0  BRK-0, REST-0
    47     CS   33.818   265.0   2.11   2.87   3.12   0     0     0  BRK-0, REST-0
    48     CS   34.120   242.1   2.41   3.17   3.42   0     0     0  BRK-0, REST-0
    49     CS   34.461   220.7   2.76   3.51   3.77   0     0     0  BRK-0, REST-0
    50     CS   34.695   193.2   2.99   3.75   4.00   1   b45     0  CHARGE, BRK-B45, REST-0
    51     CS   35.959   464.7   0.25   4.00   4.51   0     0     0  BRK-0, REST-0
    52     CS   36.221   439.3   0.51   4.26   4.78   0     0     0  BRK-0, REST-0
    53     CS   36.465   412.6   0.76   4.50   5.02   0     0     0  BRK-0, REST-0
    54     CS   36.720   386.7   1.01   4.76   5.27   0     0     0  BRK-0, REST-0
    55     CS   36.961   359.1   1.25   5.00   5.52   0     0     0  BRK-0, REST-0
    56     CS   37.226   333.4   1.52   5.26   5.78   0     0     0  BRK-0, REST-0
    57     CS   37.467   305.8   1.76   5.50   6.02   0     0     0  BRK-0, REST-0
    58     CS   37.827   272.1   2.12   5.86   6.38   1   b15     0  CHARGE, BRK-B15, REST-0
    59     CS   38.661   401.7   2.35   6.10   6.92   0     0     0  BRK-0, REST-0
    60     CS   38.944   378.7   2.63   6.38   7.20   0     0     0  BRK-0, REST-0
    61     CS   39.205   354.3   2.90   6.64   7.46   0     0     0  BRK-0, REST-0
    62   CUST   39.446   328.5   3.14   6.88   7.70   0     0     0  BRK-0, REST-0
    63   CUST   40.335   307.1   3.53   7.27   8.59   0     0     0  BRK-0, REST-0
    64   CUST   40.847   305.8   3.54   7.28   9.10   0     0     0  BRK-0, REST-0
    65     CS   41.534   291.3   3.72   7.47   9.79   0     0     0  BRK-0, REST-0
    66   CUST   41.978   251.8   4.17   7.91  10.23   0   b30     0  BRK-B30, REST-0
    67     CS   43.341   212.9   0.36   8.28  11.10   0     0     0  BRK-0, REST-0
    68   CUST   43.347   212.2   0.37   8.28  11.10   0     0     0  BRK-0, REST-0
    69     CS   43.876   209.0   0.40   8.31  11.63   0     0     0  BRK-0, REST-0
    70     CS   44.137   185.4   0.66   8.57  11.89   0     0     0  BRK-0, REST-0
    71     CS   44.385   161.0   0.91   8.82  12.14   0     0    r2  BRK-0, REST-R2
    72     CS   53.788   135.5   0.24   0.24   0.24   0     0     0  BRK-0, REST-0
    73     CS   54.025   110.2   0.47   0.47   0.47   1   b15     0  CHARGE, BRK-B15, REST-0
    74     CS   54.959   374.0   0.73   0.73   1.12   0     0     0  BRK-0, REST-0
    75     CS   55.232   348.9   1.01   1.01   1.39   0     0     0  BRK-0, REST-0
    76     CS   55.505   317.0   1.28   1.28   1.66   0     0     0  BRK-0, REST-0
    77     CS   55.782   285.7   1.56   1.56   1.94   0     0     0  BRK-0, REST-0
    78     CS   56.062   254.5   1.84   1.84   2.22   0     0     0  BRK-0, REST-0
    79     CS   56.283   232.7   2.06   2.06   2.44   0     0     0  BRK-0, REST-0
    80     CS   56.615   215.4   2.39   2.39   2.77   0     0     0  BRK-0, REST-0
    81     CS   56.826   193.0   2.60   2.60   2.98   0     0     0  BRK-0, REST-0
    82     CS   57.030   171.4   2.80   2.80   3.19   0     0     0  BRK-0, REST-0
    83     CS   57.225   149.0   3.00   3.00   3.38   1     0     0  CHARGE, BRK-0, REST-0
    84   CUST   57.919   378.4   3.22   3.22   4.08   0     0     0  BRK-0, REST-0
    85     CS   58.700   350.0   3.50   3.50   4.86   0     0     0  BRK-0, REST-0
    86     CS   59.006   323.3   3.80   3.80   5.16   0     0     0  BRK-0, REST-0
    87     CS   59.265   292.9   4.06   4.06   5.42   0     0     0  BRK-0, REST-0
    88   CUST   59.364   281.9   4.16   4.16   5.52   0     0    r2  BRK-0, REST-R2
    89   CUST   69.204   253.9   0.34   0.34   0.34   0     0     0  BRK-0, REST-0
    90     CS   70.051   217.0   0.69   0.69   1.19   0     0     0  BRK-0, REST-0
    91   CUST   70.333   197.0   0.97   0.97   1.47   0     0     0  BRK-0, REST-0
    92   CUST   71.059   173.8   1.19   1.19   2.19   0     0     0  BRK-0, REST-0
    93     CS   71.761   149.7   1.40   1.40   2.90   1   b15     0  CHARGE, BRK-B15, REST-0
    94     CS   72.475   394.3   1.45   1.45   3.25   0     0     0  BRK-0, REST-0
    95     CS   72.770   372.3   1.75   1.75   3.55   0     0     0  BRK-0, REST-0
    96     CS   72.997   345.8   1.97   1.97   3.78   0     0     0  BRK-0, REST-0
    97     CS   73.252   321.5   2.23   2.23   4.03   0     0     0  BRK-0, REST-0
    98     CS   73.491   295.3   2.47   2.47   4.27   0     0     0  BRK-0, REST-0
    99     CS   73.724   268.5   2.70   2.70   4.50   0     0     0  BRK-0, REST-0
   100     CS   73.996   244.7   2.97   2.97   4.77   0     0     0  BRK-0, REST-0
   101     CS   74.194   222.6   3.17   3.17   4.97   0     0     0  BRK-0, REST-0
   102     CS   74.397   200.9   3.37   3.37   5.18   0     0     0  BRK-0, REST-0
   103     CS   74.601   179.3   3.58   3.58   5.38   0     0     0  BRK-0, REST-0
   104     CS   74.849   156.0   3.83   3.83   5.63   0     0     0  BRK-0, REST-0
   105     CS   75.104   133.2   4.08   4.08   5.88   0     0     0  BRK-0, REST-0
   106     CS   75.333   108.3   4.31   4.31   6.11   1   b45     0  CHARGE, BRK-B45, REST-0
   107     CS   76.738   450.8   0.23   4.54   6.71   0     0     0  BRK-0, REST-0
   108     CS   76.987   426.1   0.48   4.79   6.96   0     0     0  BRK-0, REST-0
   109     CS   77.227   400.8   0.72   5.03   7.20   0     0     0  BRK-0, REST-0
   110     CS   77.479   375.2   0.97   5.28   7.46   0     0     0  BRK-0, REST-0
   111     CS   77.748   350.9   1.24   5.55   7.72   0     0     0  BRK-0, REST-0
   112     CS   78.092   329.9   1.58   5.89   8.07   0     0     0  BRK-0, REST-0
   113     CS   78.332   303.4   1.83   6.13   8.31   0     0     0  BRK-0, REST-0
   114     CS   78.615   271.3   2.11   6.42   8.59   0     0     0  BRK-0, REST-0
   115     CS   78.890   238.4   2.38   6.69   8.87   1   b15     0  CHARGE, BRK-B15, REST-0
   116     CS   79.635   247.1   2.68   6.99   9.36   0     0     0  BRK-0, REST-0
   117     CS   79.904   215.7   2.95   7.26   9.63   0     0     0  BRK-0, REST-0
   118     CS   80.170   183.9   3.22   7.53   9.90   0     0     0  BRK-0, REST-0
   119     CS   80.421   154.8   3.47   7.78  10.15   0     0     0  BRK-0, REST-0
  RmediumCmanyTtight_6__mix: duration None h  infeasible=False  tw=5  116 min
  ScenarioTracker saved: /mnt/beegfs/users/celinep/ChargeAndBreak/ML/la_mixed/logs/sensitivity/RshortCmanyTtight_6__mix_LA_S25_H24_20261004_230450_scenarios.json

  === SIMULATION TRAJECTORY ===
  stop   type    t_arr     soc     cd     sd     sw   y   brk   rst  action
  ───────────────────────────────────────────────────────────────────────────────────────────────
     0   ORIG    8.000   500.0   0.00   0.00   0.00   0     —     —  —
     1     CS    8.251   475.5   0.25   0.25   0.25   0     0     0  BRK-0, REST-0
     2     CS    8.513   451.7   0.51   0.51   0.51   0     0     0  BRK-0, REST-0
     3     CS    8.757   426.7   0.76   0.76   0.76   0     0     0  BRK-0, REST-0
     4     CS    9.044   401.1   1.04   1.04   1.04   0     0     0  BRK-0, REST-0
     5     CS    9.292   372.5   1.29   1.29   1.29   0     0     0  BRK-0, REST-0
     6     CS    9.567   346.2   1.57   1.57   1.57   0     0     0  BRK-0, REST-0
     7     CS    9.790   324.6   1.79   1.79   1.79   0     0     0  BRK-0, REST-0
     8     CS   10.038   304.6   2.04   2.04   2.04   0     0     0  BRK-0, REST-0
     9     CS   10.241   281.4   2.24   2.24   2.24   0     0     0  BRK-0, REST-0
    10     CS   10.520   251.7   2.52   2.52   2.52   0     0     0  BRK-0, REST-0
    11     CS   10.856   225.6   2.86   2.86   2.86   0     0     0  BRK-0, REST-0
    12     CS   11.123   194.8   3.12   3.12   3.12   0     0     0  BRK-0, REST-0
    13     CS   11.386   165.7   3.39   3.39   3.39   0     0     0  BRK-0, REST-0
    14   CUST   11.645   136.1   3.64   3.64   3.64   0     0     0  BRK-0, REST-0
    15   CUST   12.163   134.2   3.66   3.66   4.16   0     0     0  BRK-0, REST-0
    16   CUST   12.663   134.2   3.66   3.66   4.66   0     0     0  BRK-0, REST-0
    17   CUST   13.320   115.4   3.82   3.82   5.32   0     0     0  BRK-0, REST-0
    18     CS   13.893   107.8   3.89   3.89   5.89   1   b45     0  CHARGE, BRK-B45, REST-0
    19     CS   15.179   466.2   0.28   4.18   6.43   0     0     0  BRK-0, REST-0
    20     CS   15.439   439.0   0.54   4.44   6.69   0     0     0  BRK-0, REST-0
    21   CUST   15.699   411.9   0.80   4.70   6.95   0     0     0  BRK-0, REST-0
    22     CS   16.466   387.5   1.07   4.96   7.72   1   b30     0  CHARGE, BRK-B30, REST-0
    23   CUST   17.289   495.4   1.11   5.01   8.03   0     0     0  BRK-0, REST-0
    24   CUST   17.864   486.8   1.19   5.08   8.60   0     0     0  BRK-0, REST-0
    25   CUST   18.510   469.4   1.33   5.23   9.25   0     0     0  BRK-0, REST-0
    26     CS   19.077   461.3   1.40   5.29   9.82   0     0     0  BRK-0, REST-0
    27     CS   19.554   421.8   1.88   5.77  10.29   0     0     0  BRK-0, REST-0
    28     CS   19.999   398.6   2.32   6.22  10.74   0     0     0  BRK-0, REST-0
    29     CS   20.379   373.8   2.70   6.60  11.12   0     0     0  BRK-0, REST-0
    30   CUST   20.781   349.6   3.10   7.00  11.52   0     0     0  BRK-0, REST-0
    31     CS   21.556   319.7   3.38   7.27  12.29   0     0     0  BRK-0, REST-0
    32   CUST   21.822   289.1   3.65   7.54  12.56   0     0    r2  BRK-0, REST-R2
    33   CUST   31.322   289.1   0.00   0.00   0.00   0     0     0  BRK-0, REST-0
    34     CS   31.849   286.7   0.03   0.03   0.53   0     0     0  BRK-0, REST-0
    35   CUST   32.031   266.7   0.21   0.21   0.71   0     0     0  BRK-0, REST-0
    36     CS   32.819   241.1   0.50   0.50   1.50   0     0     0  BRK-0, REST-0
    37     CS   33.077   213.2   0.75   0.75   1.75   1   b15     0  CHARGE, BRK-B15, REST-0
    38     CS   34.058   230.4   1.19   1.19   2.38   0     0     0  BRK-0, REST-0
    39   CUST   34.503   183.5   1.63   1.63   2.82   0     0     0  BRK-0, REST-0
    40     CS   35.244   156.3   1.87   1.87   3.57   0     0     0  BRK-0, REST-0
    41     CS   35.486   129.1   2.12   2.12   3.81   0     0     0  BRK-0, REST-0
    42     CS   35.722   101.5   2.35   2.35   4.04   1   b30     0  CHARGE, BRK-B30, REST-0
    43   CUST   36.941   445.3   0.26   2.61   4.60   0     0     0  BRK-0, REST-0
    44     CS   37.713   419.2   0.53   2.88   5.37   0     0     0  BRK-0, REST-0
    45   CUST   37.878   402.3   0.70   3.05   5.54   0     0     0  BRK-0, REST-0
    46     CS   38.711   367.7   1.03   3.38   6.37   0     0     0  BRK-0, REST-0
    47     CS   38.961   341.2   1.28   3.63   6.62   0     0     0  BRK-0, REST-0
    48     CS   39.221   315.5   1.54   3.89   6.88   0     0     0  BRK-0, REST-0
    49     CS   39.458   287.9   1.78   4.13   7.12   0     0     0  BRK-0, REST-0
    50     CS   39.737   256.7   2.06   4.41   7.40   0     0     0  BRK-0, REST-0
    51     CS   39.986   231.3   2.30   4.66   7.65   0     0     0  BRK-0, REST-0
    52     CS   40.287   208.9   2.61   4.96   7.95   0     0     0  BRK-0, REST-0
    53     CS   40.542   184.0   2.86   5.21   8.20   1   b15     0  CHARGE, BRK-B15, REST-0
    54     CS   41.393   370.7   3.14   5.50   8.75   0     0     0  BRK-0, REST-0
    55     CS   41.662   340.0   3.41   5.76   9.01   0     0     0  BRK-0, REST-0
  RshortCmanyTtight_6__mix: duration None h  infeasible=False  tw=4  23 min
  ScenarioTracker saved: /mnt/beegfs/users/celinep/ChargeAndBreak/ML/la_mixed/logs/sensitivity/RmediumCmanyTtight_7__mix_LA_S25_H24_20261004_232806_scenarios.json

  === SIMULATION TRAJECTORY ===
  stop   type    t_arr     soc     cd     sd     sw   y   brk   rst  action
  ───────────────────────────────────────────────────────────────────────────────────────────────
     0   ORIG    8.000   500.0   0.00   0.00   0.00   0     —     —  —
     1     CS    8.230   473.7   0.23   0.23   0.23   0     0     0  BRK-0, REST-0
     2     CS    8.503   450.6   0.50   0.50   0.50   0     0     0  BRK-0, REST-0
     3     CS    8.735   424.6   0.74   0.74   0.74   0     0     0  BRK-0, REST-0
     4     CS    9.007   396.2   1.01   1.01   1.01   0     0     0  BRK-0, REST-0
     5     CS    9.287   368.4   1.29   1.29   1.29   0     0     0  BRK-0, REST-0
     6     CS    9.598   340.7   1.60   1.60   1.60   0     0     0  BRK-0, REST-0
     7     CS    9.967   315.7   1.97   1.97   1.97   0     0     0  BRK-0, REST-0
     8     CS   10.296   289.0   2.30   2.30   2.30   0     0     0  BRK-0, REST-0
     9     CS   10.572   258.7   2.57   2.57   2.57   0     0     0  BRK-0, REST-0
    10     CS   10.924   233.9   2.92   2.92   2.92   0     0     0  BRK-0, REST-0
    11     CS   11.192   204.0   3.19   3.19   3.19   0     0     0  BRK-0, REST-0
    12     CS   11.467   171.1   3.47   3.47   3.47   0     0     0  BRK-0, REST-0
    13     CS   11.750   139.1   3.75   3.75   3.75   1   b45     0  CHARGE, BRK-B45, REST-0
    14     CS   13.400   478.4   0.32   4.07   4.64   0     0     0  BRK-0, REST-0
    15     CS   13.628   451.1   0.55   4.30   4.87   0     0     0  BRK-0, REST-0
    16     CS   13.864   424.5   0.78   4.53   5.10   0     0     0  BRK-0, REST-0
    17     CS   14.072   400.2   0.99   4.74   5.31   0     0     0  BRK-0, REST-0
    18     CS   14.282   376.0   1.20   4.95   5.52   0     0     0  BRK-0, REST-0
    19   CUST   14.490   351.6   1.41   5.16   5.73   0     0     0  BRK-0, REST-0
    20     CS   15.260   320.7   1.68   5.43   6.50   0     0     0  BRK-0, REST-0
    21     CS   15.526   289.4   1.94   5.69   6.76   0     0     0  BRK-0, REST-0
    22     CS   15.800   258.9   2.22   5.97   7.04   1   b15     0  CHARGE, BRK-B15, REST-0
    23   CUST   16.443   398.4   2.38   6.13   7.43   0     0    r2  BRK-0, REST-R2
    24   CUST   26.081   383.8   0.14   0.14   0.14   0     0     0  BRK-0, REST-0
    25   CUST   26.695   370.6   0.25   0.25   0.75   0     0     0  BRK-0, REST-0
    26   CUST   27.232   366.9   0.29   0.29   1.29   0     0     0  BRK-0, REST-0
    27   CUST   27.824   356.4   0.38   0.38   1.88   0     0     0  BRK-0, REST-0
    28     CS   28.336   355.1   0.39   0.39   2.39   0     0     0  BRK-0, REST-0
    29     CS   28.402   348.1   0.46   0.46   2.46   0     0     0  BRK-0, REST-0
    30     CS   28.747   323.6   0.80   0.80   2.80   0     0     0  BRK-0, REST-0
    31     CS   29.025   295.3   1.08   1.08   3.08   0     0     0  BRK-0, REST-0
    32   CUST   29.284   265.4   1.34   1.34   3.34   0   b15     0  BRK-B15, REST-0
    33     CS   30.087   259.5   1.39   1.39   3.89   1   b30     0  CHARGE, BRK-B30, REST-0
    34     CS   31.654   478.4   0.24   1.63   4.76   0     0     0  BRK-0, REST-0
    35     CS   31.869   455.1   0.45   1.85   4.98   0     0     0  BRK-0, REST-0
    36     CS   32.074   430.8   0.66   2.05   5.18   0     0     0  BRK-0, REST-0
    37     CS   32.361   401.0   0.94   2.34   5.47   0     0     0  BRK-0, REST-0
    38     CS   32.641   370.7   1.22   2.62   5.75   0     0     0  BRK-0, REST-0
    39     CS   32.922   340.4   1.51   2.90   6.03   0     0     0  BRK-0, REST-0
    40     CS   33.368   288.9   1.95   3.35   6.47   0     0     0  BRK-0, REST-0
    41     CS   33.657   261.2   2.24   3.63   6.76   0     0     0  BRK-0, REST-0
    42     CS   33.917   231.2   2.50   3.89   7.02   0     0     0  BRK-0, REST-0
    43     CS   34.201   203.2   2.78   4.18   7.31   0     0     0  BRK-0, REST-0
    44   CUST   34.484   175.1   3.07   4.46   7.59   0     0     0  BRK-0, REST-0
    45   CUST   35.161   154.7   3.24   4.64   8.27   0     0     0  BRK-0, REST-0
    46     CS   35.825   136.5   3.41   4.80   8.93   1   b45     0  CHARGE, BRK-B45, REST-0
    47     CS   38.700   474.1   0.11   4.91   9.47   0     0     0  BRK-0, REST-0
    48     CS   38.948   449.4   0.36   5.16   9.72   0     0     0  BRK-0, REST-0
    49     CS   39.184   423.6   0.59   5.40   9.96   0     0     0  BRK-0, REST-0
    50     CS   39.473   401.3   0.88   5.68  10.25   0     0     0  BRK-0, REST-0
    51     CS   39.743   375.3   1.15   5.95  10.52   0     0     0  BRK-0, REST-0
    52     CS   39.982   346.6   1.39   6.19  10.75   0     0     0  BRK-0, REST-0
    53     CS   40.232   319.0   1.64   6.44  11.00   0     0     0  BRK-0, REST-0
    54     CS   40.512   289.1   1.92   6.72  11.28   0     0    r2  BRK-0, REST-R2
    55     CS   49.941   257.4   0.26   0.26   0.26   0     0     0  BRK-0, REST-0
    56     CS   50.178   234.0   0.50   0.50   0.50   0     0     0  BRK-0, REST-0
    57     CS   50.448   212.6   0.77   0.77   0.77   0     0     0  BRK-0, REST-0
    58   CUST   50.665   187.5   0.99   0.99   0.99   0     0     0  BRK-0, REST-0
    59     CS   51.403   160.0   1.22   1.22   1.72   1   b15     0  CHARGE, BRK-B15, REST-0
    60     CS   52.138   171.1   1.48   1.48   2.21   0     0     0  BRK-0, REST-0
    61   CUST   52.387   144.6   1.72   1.72   2.46   0     0     0  BRK-0, REST-0
    62     CS   53.047   130.5   1.88   1.88   3.12   1     0     0  CHARGE, BRK-0, REST-0
    63   CUST   53.623   394.2   1.94   1.94   3.69   0     0     0  BRK-0, REST-0
    64     CS   54.202   388.1   2.02   2.02   4.27   0     0     0  BRK-0, REST-0
    65     CS   54.466   358.4   2.28   2.28   4.54   0     0     0  BRK-0, REST-0
    66   CUST   54.743   329.9   2.56   2.56   4.81   0     0     0  BRK-0, REST-0
    67     CS   55.503   300.5   2.82   2.82   5.57   0     0     0  BRK-0, REST-0
    68   CUST   56.069   258.0   3.38   3.38   6.14   0     0     0  BRK-0, REST-0
    69     CS   56.623   252.3   3.44   3.44   6.69   0     0     0  BRK-0, REST-0
    70     CS   56.838   227.2   3.65   3.65   6.91   0     0     0  BRK-0, REST-0
    71     CS   57.058   202.8   3.87   3.87   7.13   0     0     0  BRK-0, REST-0
    72     CS   57.297   179.8   4.11   4.11   7.37   0     0     0  BRK-0, REST-0
    73     CS   57.529   156.3   4.34   4.34   7.60   1   b30     0  CHARGE, BRK-B30, REST-0
    74     CS   58.643   409.2   0.26   4.61   8.19   0     0     0  BRK-0, REST-0
    75     CS   58.951   386.0   0.57   4.91   8.50   0     0     0  BRK-0, REST-0
    76     CS   59.235   355.1   0.85   5.20   8.78   0     0     0  BRK-0, REST-0
    77     CS   59.554   326.9   1.17   5.52   9.10   0     0     0  BRK-0, REST-0
    78     CS   59.837   296.0   1.46   5.80   9.39   0     0     0  BRK-0, REST-0
    79     CS   60.256   246.8   1.88   6.22   9.80   0     0     0  BRK-0, REST-0
    80     CS   60.571   222.1   2.19   6.53  10.12   0     0     0  BRK-0, REST-0
    81     CS   60.827   193.5   2.45   6.79  10.37   0     0     0  BRK-0, REST-0
    82     CS   61.130   168.3   2.75   7.09  10.68   0     0     0  BRK-0, REST-0
    83     CS   61.380   139.0   3.00   7.34  10.93   1   b15     0  CHARGE, BRK-B15, REST-0
  RmediumCmanyTtight_7__mix: duration None h  infeasible=False  tw=5  67 min
  ScenarioTracker saved: /mnt/beegfs/users/celinep/ChargeAndBreak/ML/la_mixed/logs/sensitivity/RshortCmanyTtight_7__mix_LA_S25_H24_20261005_003515_scenarios.json

  === SIMULATION TRAJECTORY ===
  stop   type    t_arr     soc     cd     sd     sw   y   brk   rst  action
  ───────────────────────────────────────────────────────────────────────────────────────────────
     0   ORIG    8.000   500.0   0.00   0.00   0.00   0     —     —  —
     1     CS    8.230   473.7   0.23   0.23   0.23   0     0     0  BRK-0, REST-0
     2     CS    8.466   448.0   0.47   0.47   0.47   0     0     0  BRK-0, REST-0
     3     CS    8.694   421.5   0.69   0.69   0.69   0     0     0  BRK-0, REST-0
     4     CS    8.950   391.7   0.95   0.95   0.95   0     0     0  BRK-0, REST-0
     5     CS    9.232   364.1   1.23   1.23   1.23   0     0     0  BRK-0, REST-0
     6     CS    9.499   332.8   1.50   1.50   1.50   0     0     0  BRK-0, REST-0
     7     CS    9.791   303.9   1.79   1.79   1.79   0     0     0  BRK-0, REST-0
     8     CS   10.129   277.6   2.13   2.13   2.13   0     0     0  BRK-0, REST-0
     9     CS   10.398   246.6   2.40   2.40   2.40   1   b15     0  CHARGE, BRK-B15, REST-0
    10     CS   11.528   392.3   2.64   2.64   3.27   0     0     0  BRK-0, REST-0
    11   CUST   11.769   364.7   2.88   2.88   3.52   0     0     0  BRK-0, REST-0
    12   CUST   12.742   321.0   3.35   3.35   4.49   0     0     0  BRK-0, REST-0
    13   CUST   13.507   290.9   3.62   3.62   5.25   0     0     0  BRK-0, REST-0
    14   CUST   14.052   287.6   3.66   3.66   5.80   0     0     0  BRK-0, REST-0
    15   CUST   14.575   285.0   3.69   3.69   6.32   0     0     0  BRK-0, REST-0
    16     CS   15.086   283.6   3.70   3.70   6.83   0     0     0  BRK-0, REST-0
    17     CS   15.174   273.9   3.78   3.78   6.92   0     0     0  BRK-0, REST-0
    18   CUST   15.655   223.2   4.26   4.26   7.40   0   b30     0  BRK-B30, REST-0
    19     CS   17.071   184.0   0.42   4.68   8.32   0     0     0  BRK-0, REST-0
    20     CS   17.308   159.5   0.65   4.92   8.55   0     0     0  BRK-0, REST-0
    21     CS   17.617   129.2   0.96   5.23   8.86   1   b15     0  CHARGE, BRK-B15, REST-0
    22     CS   18.491   328.7   1.26   5.52   9.41   1     0     0  CHARGE, BRK-0, REST-0
    23   CUST   19.221   403.6   1.54   5.81  10.14   0     0     0  BRK-0, REST-0
    24     CS   20.035   380.3   1.86   6.12  10.95   0     0     0  BRK-0, REST-0
    25   CUST   20.352   357.0   2.17   6.44  11.27   0     0     0  BRK-0, REST-0
    26     CS   21.133   326.0   2.45   6.72  12.05   0     0     0  BRK-0, REST-0
    27   CUST   21.231   314.9   2.55   6.82  12.15   0     0    r2  BRK-0, REST-R2
    28     CS   31.017   285.3   0.29   0.29   0.29   0     0     0  BRK-0, REST-0
    29   CUST   31.101   275.3   0.37   0.37   0.37   0     0     0  BRK-0, REST-0
    30   CUST   32.053   225.6   0.82   0.82   1.32   0     0     0  BRK-0, REST-0
    31   CUST   32.709   209.1   0.98   0.98   1.98   0     0     0  BRK-0, REST-0
    32     CS   33.257   203.9   1.03   1.03   2.53   1   b15     0  CHARGE, BRK-B15, REST-0
    33     CS   33.870   397.6   1.15   1.15   2.89   0     0     0  BRK-0, REST-0
    34     CS   34.178   377.2   1.46   1.46   3.20   0     0     0  BRK-0, REST-0
    35     CS   34.401   351.8   1.68   1.68   3.42   0     0     0  BRK-0, REST-0
    36   CUST   34.660   329.3   1.94   1.94   3.68   0     0     0  BRK-0, REST-0
    37     CS   35.380   304.0   2.16   2.16   4.40   0     0     0  BRK-0, REST-0
    38     CS   35.608   279.5   2.39   2.39   4.63   0     0     0  BRK-0, REST-0
    39     CS   35.870   257.4   2.65   2.65   4.89   0     0     0  BRK-0, REST-0
    40     CS   36.190   233.9   2.97   2.97   5.21   1   b30     0  CHARGE, BRK-B30, REST-0
    41     CS   37.159   374.2   0.28   3.26   5.68   0     0     0  BRK-0, REST-0
    42   CUST   37.431   342.3   0.56   3.53   5.95   0     0     0  BRK-0, REST-0
    43     CS   38.075   333.6   0.70   3.67   6.59   0     0     0  BRK-0, REST-0
    44     CS   38.328   304.1   0.95   3.93   6.85   0     0     0  BRK-0, REST-0
    45     CS   38.582   274.7   1.21   4.18   7.10   0     0     0  BRK-0, REST-0
    46     CS   38.798   250.3   1.42   4.40   7.32   0     0     0  BRK-0, REST-0
    47     CS   39.022   226.5   1.65   4.62   7.54   0     0     0  BRK-0, REST-0
    48     CS   39.240   202.4   1.86   4.84   7.76   0     0     0  BRK-0, REST-0
    49     CS   39.498   179.0   2.12   5.10   8.02   0     0     0  BRK-0, REST-0
    50     CS   39.725   153.2   2.35   5.32   8.24   0     0     0  BRK-0, REST-0
  RshortCmanyTtight_7__mix: duration None h  infeasible=False  tw=2  17 min
  ScenarioTracker saved: /mnt/beegfs/users/celinep/ChargeAndBreak/ML/la_mixed/logs/sensitivity/RmediumCmanyTtight_8__mix_LA_S25_H24_20261005_005151_scenarios.json

  === SIMULATION TRAJECTORY ===
  stop   type    t_arr     soc     cd     sd     sw   y   brk   rst  action
  ───────────────────────────────────────────────────────────────────────────────────────────────
     0   ORIG    8.000   500.0   0.00   0.00   0.00   0     —     —  —
     1     CS    8.259   476.1   0.26   0.26   0.26   0     0     0  BRK-0, REST-0
     2     CS    8.500   450.8   0.50   0.50   0.50   0     0     0  BRK-0, REST-0
     3     CS    8.733   424.7   0.73   0.73   0.73   0     0     0  BRK-0, REST-0
     4     CS    8.961   400.6   0.96   0.96   0.96   0     0     0  BRK-0, REST-0
     5     CS    9.203   377.6   1.20   1.20   1.20   0     0     0  BRK-0, REST-0
     6     CS    9.421   352.6   1.42   1.42   1.42   0     0     0  BRK-0, REST-0
     7     CS    9.722   332.5   1.72   1.72   1.72   0     0     0  BRK-0, REST-0
     8     CS    9.960   309.2   1.96   1.96   1.96   0     0     0  BRK-0, REST-0
     9     CS   10.175   283.9   2.17   2.17   2.17   0     0     0  BRK-0, REST-0
    10     CS   10.411   257.4   2.41   2.41   2.41   0     0     0  BRK-0, REST-0
    11     CS   10.659   231.9   2.66   2.66   2.66   0     0     0  BRK-0, REST-0
    12     CS   11.027   211.7   3.03   3.03   3.03   0     0     0  BRK-0, REST-0
    13     CS   11.266   184.6   3.27   3.27   3.27   0     0     0  BRK-0, REST-0
    14     CS   11.504   157.5   3.50   3.50   3.50   0     0     0  BRK-0, REST-0
    15     CS   11.788   133.7   3.79   3.79   3.79   1   b45     0  CHARGE, BRK-B45, REST-0
    16     CS   13.033   446.9   0.23   4.02   4.28   0     0     0  BRK-0, REST-0
    17     CS   13.266   420.3   0.46   4.25   4.52   0     0     0  BRK-0, REST-0
    18     CS   13.497   393.5   0.69   4.48   4.75   0     0     0  BRK-0, REST-0
    19     CS   13.738   367.6   0.93   4.72   4.99   0     0     0  BRK-0, REST-0
    20     CS   14.082   332.8   1.28   5.07   5.33   0     0     0  BRK-0, REST-0
    21     CS   14.302   307.9   1.50   5.29   5.55   0     0     0  BRK-0, REST-0
    22     CS   14.550   285.3   1.75   5.53   5.80   0     0     0  BRK-0, REST-0
    23     CS   14.771   260.6   1.97   5.76   6.02   0     0     0  BRK-0, REST-0
    24     CS   14.988   235.5   2.18   5.97   6.24   0     0     0  BRK-0, REST-0
    25     CS   15.232   209.2   2.43   6.22   6.48   0     0     0  BRK-0, REST-0
    26     CS   15.498   184.7   2.69   6.48   6.75   1   b45     0  CHARGE, BRK-B45, REST-0
    27     CS   17.058   413.9   0.32   6.80   7.52   0     0     0  BRK-0, REST-0
    28     CS   17.317   389.4   0.58   7.06   7.78   0     0     0  BRK-0, REST-0
    29     CS   17.551   362.9   0.81   7.29   8.01   0     0     0  BRK-0, REST-0
    30     CS   17.791   337.0   1.05   7.53   8.25   0     0     0  BRK-0, REST-0
    31     CS   18.065   308.3   1.33   7.81   8.52   0     0     0  BRK-0, REST-0
    32     CS   18.461   285.5   1.72   8.20   8.92   0     0     0  BRK-0, REST-0
    33     CS   18.721   255.6   1.98   8.46   9.18   0     0     0  BRK-0, REST-0
    34     CS   19.151   209.7   2.41   8.89   9.61   1   b15     0  CHARGE, BRK-B15, REST-0
    35     CS   19.968   357.9   2.67   9.15  10.18   0     0     0  BRK-0, REST-0
    36     CS   20.205   329.3   2.91   9.39  10.41   0     0     0  BRK-0, REST-0
    37     CS   20.498   304.9   3.20   9.68  10.71   0     0    r2  BRK-0, REST-R2
    38     CS   29.924   278.3   0.26   0.26   0.26   0     0     0  BRK-0, REST-0
    39     CS   30.369   229.1   0.70   0.70   0.70   1   b30     0  CHARGE, BRK-B30, REST-0
    40     CS   31.419   437.6   1.00   1.00   1.25   0     0     0  BRK-0, REST-0
    41     CS   31.709   407.3   1.29   1.29   1.54   0     0     0  BRK-0, REST-0
    42     CS   32.029   379.1   1.61   1.61   1.86   0     0     0  BRK-0, REST-0
    43     CS   32.259   354.5   1.84   1.84   2.09   0     0     0  BRK-0, REST-0
    44     CS   32.479   328.8   2.06   2.06   2.31   0     0     0  BRK-0, REST-0
    45     CS   32.732   305.9   2.31   2.31   2.56   0     0     0  BRK-0, REST-0
    46     CS   32.951   280.9   2.53   2.53   2.78   0     0     0  BRK-0, REST-0
    47     CS   33.174   256.3   2.76   2.76   3.00   0     0     0  BRK-0, REST-0
    48     CS   33.395   231.6   2.98   2.98   3.22   0     0     0  BRK-0, REST-0
    49     CS   33.687   211.2   3.27   3.27   3.52   1   b30     0  CHARGE, BRK-B30, REST-0
    50     CS   34.662   442.5   0.24   3.51   3.99   0     0     0  BRK-0, REST-0
    51     CS   34.859   419.5   0.44   3.71   4.19   0     0     0  BRK-0, REST-0
    52     CS   35.070   397.7   0.65   3.92   4.40   0     0     0  BRK-0, REST-0
    53     CS   35.547   346.7   1.13   4.40   4.87   0     0     0  BRK-0, REST-0
    54     CS   35.836   315.6   1.42   4.69   5.16   0     0     0  BRK-0, REST-0
    55     CS   36.128   284.8   1.71   4.98   5.46   0     0     0  BRK-0, REST-0
    56   CUST   36.423   254.1   2.00   5.27   5.75   0     0     0  BRK-0, REST-0
    57     CS   37.249   224.8   2.33   5.60   6.58   0     0     0  BRK-0, REST-0
    58     CS   37.531   192.0   2.61   5.88   6.86   1   b15     0  CHARGE, BRK-B15, REST-0
    59     CS   38.423   339.1   2.74   6.01   7.26   0     0     0  BRK-0, REST-0
    60     CS   38.667   315.7   2.99   6.26   7.50   0     0     0  BRK-0, REST-0
    61     CS   38.931   293.6   3.25   6.52   7.77   0     0     0  BRK-0, REST-0
    62     CS   39.155   268.5   3.48   6.75   7.99   0     0    r2  BRK-0, REST-R2
    63   CUST   48.542   243.1   0.22   0.22   0.22   0     0     0  BRK-0, REST-0
    64     CS   49.249   228.5   0.43   0.43   0.93   0     0     0  BRK-0, REST-0
    65   CUST   49.571   197.5   0.75   0.75   1.25   0     0     0  BRK-0, REST-0
    66   CUST   50.190   183.4   0.87   0.87   1.87   0     0     0  BRK-0, REST-0
    67     CS   50.753   177.3   0.93   0.93   2.43   0     0     0  BRK-0, REST-0
    68     CS   51.009   151.4   1.19   1.19   2.69   0     0     0  BRK-0, REST-0
    69     CS   51.320   128.7   1.50   1.50   3.00   0     0     0  BRK-0, REST-0
    70     CS   51.584   103.3   1.76   1.76   3.26   1     0     0  CHARGE, BRK-0, REST-0
    71     CS   52.475   357.8   1.97   1.97   4.15   0     0     0  BRK-0, REST-0
    72     CS   52.688   333.0   2.18   2.18   4.37   0     0     0  BRK-0, REST-0
    73     CS   52.933   310.9   2.43   2.43   4.61   0     0     0  BRK-0, REST-0
    74     CS   53.266   272.8   2.76   2.76   4.94   0     0     0  BRK-0, REST-0
    75     CS   53.520   248.4   3.02   3.02   5.20   0     0     0  BRK-0, REST-0
    76     CS   53.749   222.1   3.24   3.24   5.43   0     0     0  BRK-0, REST-0
    77     CS   54.045   200.1   3.54   3.54   5.72   1   b45     0  CHARGE, BRK-B45, REST-0
    78     CS   55.419   416.4   0.30   3.84   6.31   0     0     0  BRK-0, REST-0
    79     CS   55.683   386.2   0.56   4.10   6.57   0     0     0  BRK-0, REST-0
    80     CS   55.943   355.5   0.82   4.36   6.83   0     0     0  BRK-0, REST-0
    81   CUST   56.386   333.1   1.26   4.81   7.27   0     0     0  BRK-0, REST-0
    82     CS   57.154   308.2   1.53   5.07   8.04   0     0     0  BRK-0, REST-0
    83   CUST   57.424   283.4   1.80   5.34   8.31   0     0     0  BRK-0, REST-0
    84   CUST   58.045   270.8   1.92   5.46   8.93   0     0     0  BRK-0, REST-0
    85     CS   58.558   269.6   1.94   5.48   9.44   0     0     0  BRK-0, REST-0
    86   CUST   58.622   262.5   2.00   5.54   9.51   0     0    r2  BRK-0, REST-R2
    87     CS   68.163   258.0   0.04   0.04   0.04   1   b15     0  CHARGE, BRK-B15, REST-0
    88   CUST   69.083   376.7   0.40   0.40   0.71   0     0     0  BRK-0, REST-0
    89   CUST   69.612   373.5   0.43   0.43   1.24   0     0     0  BRK-0, REST-0
    90   CUST   70.213   361.4   0.53   0.53   1.84   0     0     0  BRK-0, REST-0
    91   CUST   70.747   357.4   0.56   0.56   2.37   0     0     0  BRK-0, REST-0
    92   CUST   71.609   327.8   0.93   0.93   3.24   0     0     0  BRK-0, REST-0
    93   CUST   72.573   284.5   1.39   1.39   4.20   0     0     0  BRK-0, REST-0
    94     CS   73.099   282.1   1.42   1.42   4.73   0     0     0  BRK-0, REST-0
    95   CUST   73.245   268.1   1.56   1.56   4.87   0     0     0  BRK-0, REST-0
    96     CS   73.785   263.4   1.60   1.60   5.41   1     0     0  CHARGE, BRK-0, REST-0
    97     CS   74.480   396.3   1.84   1.84   6.11   0     0     0  BRK-0, REST-0
    98     CS   74.766   373.5   2.12   2.12   6.39   0     0     0  BRK-0, REST-0
    99     CS   74.995   347.0   2.35   2.35   6.62   0     0     0  BRK-0, REST-0
   100     CS   75.254   323.1   2.61   2.61   6.88   0     0     0  BRK-0, REST-0
   101     CS   75.487   297.1   2.84   2.84   7.11   0     0     0  BRK-0, REST-0
   102     CS   75.792   275.5   3.15   3.15   7.42   0     0     0  BRK-0, REST-0
   103     CS   76.097   244.2   3.45   3.45   7.72   0     0     0  BRK-0, REST-0
   104     CS   76.528   218.8   3.89   3.89   8.16   0     0     0  BRK-0, REST-0
   105     CS   76.730   196.3   4.09   4.09   8.36   0     0     0  BRK-0, REST-0
   106     CS   76.932   173.8   4.29   4.29   8.56   0   b30     0  BRK-B30, REST-0
   107     CS   77.807   151.8   0.21   4.50   8.93   1   b15     0  CHARGE, BRK-B15, REST-0
   108     CS   78.721   367.1   0.48   4.77   9.50   0     0     0  BRK-0, REST-0
   109     CS   79.017   338.0   0.78   5.07   9.79   0     0     0  BRK-0, REST-0
   110     CS   79.303   308.2   1.06   5.35  10.08   0     0     0  BRK-0, REST-0
   111     CS   79.571   284.8   1.33   5.62  10.35   0     0     0  BRK-0, REST-0
   112     CS   79.831   260.9   1.59   5.88  10.61   0     0     0  BRK-0, REST-0
   113     CS   80.064   234.9   1.82   6.11  10.84   1     0     0  CHARGE, BRK-0, REST-0
   114     CS   80.991   387.7   2.10   6.39  11.77   0     0     0  BRK-0, REST-0
   115     CS   81.293   360.4   2.40   6.69  12.07   0     0     0  BRK-0, REST-0
   116     CS   81.551   329.6   2.66   6.95  12.33   0     0     0  BRK-0, REST-0
  RmediumCmanyTtight_8__mix: duration None h  infeasible=False  tw=0  143 min
  ScenarioTracker saved: /mnt/beegfs/users/celinep/ChargeAndBreak/ML/la_mixed/logs/sensitivity/RshortCmanyTtight_8__mix_LA_S25_H24_20261005_031453_scenarios.json

  === SIMULATION TRAJECTORY ===
  stop   type    t_arr     soc     cd     sd     sw   y   brk   rst  action
  ───────────────────────────────────────────────────────────────────────────────────────────────
     0   ORIG    8.000   500.0   0.00   0.00   0.00   0     —     —  —
     1     CS    8.273   476.9   0.27   0.27   0.27   0     0     0  BRK-0, REST-0
     2     CS    8.510   451.2   0.51   0.51   0.51   0     0     0  BRK-0, REST-0
     3     CS    8.738   424.8   0.74   0.74   0.74   0     0     0  BRK-0, REST-0
     4     CS    9.012   394.3   1.01   1.01   1.01   0     0     0  BRK-0, REST-0
     5     CS    9.352   368.1   1.35   1.35   1.35   0     0     0  BRK-0, REST-0
     6     CS    9.570   343.1   1.57   1.57   1.57   0     0     0  BRK-0, REST-0
     7     CS    9.792   318.4   1.79   1.79   1.79   0     0     0  BRK-0, REST-0
     8     CS   10.014   293.8   2.01   2.01   2.01   1   b15     0  CHARGE, BRK-B15, REST-0
     9     CS   10.843   392.0   2.26   2.26   2.59   0     0     0  BRK-0, REST-0
    10     CS   11.082   364.2   2.49   2.49   2.83   0     0     0  BRK-0, REST-0
    11     CS   11.370   340.0   2.78   2.78   3.12   0     0     0  BRK-0, REST-0
    12     CS   11.724   317.7   3.14   3.14   3.47   0     0     0  BRK-0, REST-0
    13     CS   11.968   289.1   3.38   3.38   3.72   0     0     0  BRK-0, REST-0
    14     CS   12.284   265.5   3.70   3.70   4.03   0     0     0  BRK-0, REST-0
    15   CUST   12.536   237.6   3.95   3.95   4.29   0     0     0  BRK-0, REST-0
    16     CS   13.160   228.2   4.07   4.07   4.91   1   b30     0  CHARGE, BRK-B30, REST-0
    17     CS   14.294   443.1   0.36   4.43   5.50   0     0     0  BRK-0, REST-0
    18   CUST   14.573   416.8   0.64   4.71   5.78   0     0     0  BRK-0, REST-0
    19     CS   15.312   390.3   0.88   4.95   6.52   0     0     0  BRK-0, REST-0
    20   CUST   15.508   371.4   1.07   5.14   6.72   0     0     0  BRK-0, REST-0
    21   CUST   16.133   360.1   1.20   5.27   7.34   0     0     0  BRK-0, REST-0
    22   CUST   16.906   337.0   1.47   5.54   8.11   0     0     0  BRK-0, REST-0
    23     CS   17.501   326.8   1.56   5.64   8.71   0     0     0  BRK-0, REST-0
    24     CS   17.907   294.7   1.97   6.04   9.11   0     0     0  BRK-0, REST-0
    25     CS   18.234   272.3   2.30   6.37   9.44   0     0     0  BRK-0, REST-0
    26     CS   18.525   248.3   2.59   6.66   9.73   0     0     0  BRK-0, REST-0
    27   CUST   18.777   221.7   2.84   6.91   9.99   0     0    r2  BRK-0, REST-R2
    28     CS   28.530   194.5   0.25   0.25   0.25   0     0     0  BRK-0, REST-0
    29     CS   28.795   168.4   0.52   0.52   0.52   0     0     0  BRK-0, REST-0
    30     CS   28.954   153.2   0.68   0.68   0.68   1   b30     0  CHARGE, BRK-B30, REST-0
    31     CS   29.959   431.2   0.93   0.93   1.14   0     0     0  BRK-0, REST-0
    32     CS   30.251   406.3   1.22   1.22   1.43   0     0     0  BRK-0, REST-0
    33     CS   30.511   379.2   1.48   1.48   1.69   0     0     0  BRK-0, REST-0
    34   CUST   30.770   352.0   1.74   1.74   1.95   0     0     0  BRK-0, REST-0
    35   CUST   31.421   336.2   1.89   1.89   2.60   0     0     0  BRK-0, REST-0
    36     CS   32.015   325.9   1.98   1.98   3.20   0     0     0  BRK-0, REST-0
    37     CS   32.449   276.8   2.42   2.42   3.63   0     0     0  BRK-0, REST-0
    38     CS   32.755   245.6   2.72   2.72   3.93   0     0     0  BRK-0, REST-0
    39   CUST   33.140   218.8   3.11   3.11   4.32   0     0     0  BRK-0, REST-0
    40   CUST   33.775   203.9   3.24   3.24   4.95   0     0     0  BRK-0, REST-0
    41     CS   34.407   194.0   3.37   3.37   5.59   0     0     0  BRK-0, REST-0
    42     CS   34.630   168.2   3.60   3.60   5.81   0     0     0  BRK-0, REST-0
    43     CS   34.861   143.3   3.83   3.83   6.04   1   b30     0  CHARGE, BRK-B30, REST-0
    44   CUST   35.870   422.9   0.22   4.05   6.55   0     0     0  BRK-0, REST-0
    45     CS   36.571   404.3   0.42   4.25   7.25   0     0     0  BRK-0, REST-0
    46   CUST   36.906   381.4   0.76   4.59   7.59   0     0     0  BRK-0, REST-0
    47     CS   37.412   380.7   0.76   4.59   8.09   1   b15     0  CHARGE, BRK-B15, REST-0
    48     CS   38.146   409.4   1.03   4.86   8.58   0     0     0  BRK-0, REST-0
    49     CS   38.402   378.7   1.29   5.12   8.83   0     0     0  BRK-0, REST-0
    50     CS   38.683   350.3   1.57   5.40   9.11   0     0     0  BRK-0, REST-0
    51     CS   38.957   318.6   1.84   5.67   9.39   0     0     0  BRK-0, REST-0
    52     CS   39.247   288.2   2.13   5.96   9.68   0     0     0  BRK-0, REST-0
    53     CS   39.482   261.8   2.37   6.20   9.91   0     0     0  BRK-0, REST-0
    54     CS   39.717   235.4   2.60   6.43  10.15   0     0     0  BRK-0, REST-0
    55     CS   39.953   209.1   2.84   6.67  10.38   0     0     0  BRK-0, REST-0
    56     CS   40.180   181.9   3.06   6.89  10.61   0     0     0  BRK-0, REST-0
    57     CS   40.394   158.9   3.28   7.11  10.82   0     0     0  BRK-0, REST-0
    58     CS   40.607   135.9   3.49   7.32  11.04   0     0     0  BRK-0, REST-0
  RshortCmanyTtight_8__mix: duration None h  infeasible=False  tw=2  27 min
  ScenarioTracker saved: /mnt/beegfs/users/celinep/ChargeAndBreak/ML/la_mixed/logs/sensitivity/RmediumCmanyTtight_9__mix_LA_S25_H24_20261005_034143_scenarios.json

  === SIMULATION TRAJECTORY ===
  stop   type    t_arr     soc     cd     sd     sw   y   brk   rst  action
  ───────────────────────────────────────────────────────────────────────────────────────────────
     0   ORIG    8.000   500.0   0.00   0.00   0.00   0     —     —  —
     1     CS    8.234   474.1   0.23   0.23   0.23   0     0     0  BRK-0, REST-0
     2     CS    8.498   450.5   0.50   0.50   0.50   0     0     0  BRK-0, REST-0
     3     CS    8.726   424.0   0.73   0.73   0.73   1   b15     0  CHARGE, BRK-B15, REST-0
     4     CS    9.498   436.5   0.99   0.99   1.25   0     0     0  BRK-0, REST-0
     5     CS    9.742   410.0   1.23   1.23   1.49   0     0     0  BRK-0, REST-0
     6     CS   10.066   388.0   1.56   1.56   1.82   0     0     0  BRK-0, REST-0
     7     CS   10.362   357.0   1.85   1.85   2.11   0     0     0  BRK-0, REST-0
     8     CS   10.664   326.7   2.16   2.16   2.41   0     0     0  BRK-0, REST-0
     9     CS   10.914   298.1   2.41   2.41   2.66   0     0     0  BRK-0, REST-0
    10     CS   11.182   271.0   2.67   2.67   2.93   0     0     0  BRK-0, REST-0
    11     CS   11.440   243.1   2.93   2.93   3.19   0     0     0  BRK-0, REST-0
    12     CS   11.700   215.4   3.19   3.19   3.45   1   b30     0  CHARGE, BRK-B30, REST-0
    13     CS   12.653   437.4   0.23   3.42   3.90   0     0     0  BRK-0, REST-0
    14     CS   12.881   411.8   0.46   3.65   4.13   0     0     0  BRK-0, REST-0
    15     CS   13.140   388.5   0.71   3.91   4.39   0     0     0  BRK-0, REST-0
    16     CS   13.351   366.0   0.93   4.12   4.60   0     0     0  BRK-0, REST-0
    17     CS   13.560   343.3   1.13   4.33   4.81   0     0     0  BRK-0, REST-0
    18     CS   13.867   325.4   1.44   4.63   5.12   0     0     0  BRK-0, REST-0
    19     CS   14.067   302.8   1.64   4.84   5.32   0     0     0  BRK-0, REST-0
    20     CS   14.268   280.2   1.84   5.04   5.52   0     0     0  BRK-0, REST-0
    21   CUST   14.474   258.0   2.05   5.24   5.72   0     0     0  BRK-0, REST-0
    22   CUST   15.260   226.1   2.33   5.53   6.51   0     0     0  BRK-0, REST-0
    23     CS   15.809   221.2   2.38   5.58   7.06   0     0     0  BRK-0, REST-0
    24   CUST   16.017   198.8   2.59   5.78   7.27   0     0     0  BRK-0, REST-0
    25     CS   16.718   175.7   2.79   5.99   7.97   0     0     0  BRK-0, REST-0
    26     CS   16.951   155.2   3.03   6.22   8.20   0     0     0  BRK-0, REST-0
    27     CS   17.163   133.2   3.24   6.43   8.41   1   b15     0  CHARGE, BRK-B15, REST-0
    28     CS   17.770   291.8   3.38   6.58   8.77   0     0     0  BRK-0, REST-0
    29     CS   18.002   265.7   3.61   6.81   9.00   0     0     0  BRK-0, REST-0
    30     CS   18.257   241.4   3.87   7.06   9.26   0     0     0  BRK-0, REST-0
    31     CS   18.507   216.9   4.12   7.31   9.51   0     0     0  BRK-0, REST-0
    32     CS   18.798   194.7   4.41   7.60   9.80   1   b30     0  CHARGE, BRK-B30, REST-0
    33     CS   19.780   419.5   0.21   7.81  10.28   0     0     0  BRK-0, REST-0
    34     CS   20.044   400.8   0.47   8.08  10.54   0     0     0  BRK-0, REST-0
    35     CS   20.252   378.7   0.68   8.29  10.75   0     0     0  BRK-0, REST-0
    36     CS   20.551   346.9   0.98   8.58  11.05   0     0     0  BRK-0, REST-0
    37     CS   20.852   315.3   1.28   8.89  11.35   0     0     0  BRK-0, REST-0
    38     CS   21.090   290.9   1.52   9.12  11.59   0     0     0  BRK-0, REST-0
    39     CS   21.313   265.1   1.74   9.35  11.81   0     0     0  BRK-0, REST-0
    40     CS   21.665   245.7   2.09   9.70  12.16   0     0    r2  BRK-0, REST-R2
    41     CS   31.134   224.9   0.30   0.30   0.30   0     0     0  BRK-0, REST-0
    42     CS   31.334   201.4   0.50   0.50   0.50   0     0     0  BRK-0, REST-0
    43     CS   31.570   180.7   0.74   0.74   0.74   0     0     0  BRK-0, REST-0
    44     CS   31.776   157.7   0.94   0.94   0.94   1   b45     0  CHARGE, BRK-B45, REST-0
    45     CS   33.099   384.8   0.25   1.19   1.51   0     0     0  BRK-0, REST-0
    46     CS   33.449   362.1   0.60   1.54   1.86   0     0     0  BRK-0, REST-0
    47     CS   33.739   336.8   0.89   1.83   2.15   0     0     0  BRK-0, REST-0
    48   CUST   34.248   296.1   1.39   2.34   2.66   0     0     0  BRK-0, REST-0
    49   CUST   34.873   282.7   1.52   2.46   3.28   0     0     0  BRK-0, REST-0
    50   CUST   35.413   279.2   1.56   2.50   3.82   0     0     0  BRK-0, REST-0
    51     CS   35.957   273.8   1.60   2.55   4.37   0     0     0  BRK-0, REST-0
    52   CUST   36.387   226.7   2.03   2.98   4.80   0     0     0  BRK-0, REST-0
    53   CUST   36.985   215.6   2.13   3.08   5.39   0     0     0  BRK-0, REST-0
    54   CUST   37.684   198.0   2.33   3.28   6.09   0     0     0  BRK-0, REST-0
    55     CS   38.429   169.5   2.58   3.52   6.84   0     0     0  BRK-0, REST-0
    56     CS   38.676   141.1   2.82   3.77   7.08   0     0     0  BRK-0, REST-0
    57     CS   39.044   104.8   3.19   4.14   7.45   1   b45     0  CHARGE, BRK-B45, REST-0
    58     CS   40.429   345.6   0.24   4.37   8.07   0     0     0  BRK-0, REST-0
    59     CS   40.709   321.6   0.52   4.65   8.35   0     0     0  BRK-0, REST-0
    60     CS   41.038   299.8   0.85   4.98   8.68   0     0     0  BRK-0, REST-0
    61     CS   41.337   269.1   1.14   5.28   8.98   0     0     0  BRK-0, REST-0
    62   CUST   41.674   241.0   1.48   5.62   9.32   0     0     0  BRK-0, REST-0
    63   CUST   42.396   217.5   1.70   5.84  10.04   0     0     0  BRK-0, REST-0
    64     CS   43.044   200.3   1.85   5.99  10.69   0     0     0  BRK-0, REST-0
    65   CUST   43.286   171.5   2.09   6.23  10.93   0     0    r2  BRK-0, REST-R2
    66   CUST   53.113   140.7   0.33   0.33   0.33   0     0     0  BRK-0, REST-0
    67   CUST   53.636   138.1   0.35   0.35   0.85   0     0     0  BRK-0, REST-0
    68   CUST   54.343   120.9   0.56   0.56   1.56   0     0     0  BRK-0, REST-0
    69     CS   55.032   111.1   0.75   0.75   2.25   0     0     0  BRK-0, REST-0
    70     CS   55.038   110.5   0.75   0.75   2.25   1   b45     0  CHARGE, BRK-B45, REST-0
    71     CS   56.816   464.6   0.26   1.01   3.28   0     0     0  BRK-0, REST-0
    72     CS   57.065   436.1   0.51   1.26   3.53   0     0     0  BRK-0, REST-0
    73     CS   57.324   408.6   0.77   1.52   3.79   0     0     0  BRK-0, REST-0
    74     CS   57.523   386.5   0.97   1.72   3.99   0     0     0  BRK-0, REST-0
    75     CS   57.729   365.2   1.17   1.93   4.19   0     0     0  BRK-0, REST-0
    76     CS   57.926   343.0   1.37   2.12   4.39   0     0     0  BRK-0, REST-0
    77     CS   58.176   313.7   1.62   2.37   4.64   0     0     0  BRK-0, REST-0
    78     CS   58.426   284.6   1.87   2.62   4.89   0     0     0  BRK-0, REST-0
    79     CS   58.724   259.0   2.17   2.92   5.19   0     0     0  BRK-0, REST-0
    80     CS   58.974   229.8   2.42   3.17   5.44   0     0     0  BRK-0, REST-0
    81     CS   59.327   188.7   2.77   3.52   5.79   1   b15     0  CHARGE, BRK-B15, REST-0
    82     CS   60.010   199.9   2.99   3.75   6.22   0     0     0  BRK-0, REST-0
    83     CS   60.309   178.5   3.29   4.05   6.52   0     0     0  BRK-0, REST-0
    84     CS   60.543   153.2   3.53   4.28   6.76   0     0     0  BRK-0, REST-0
    85     CS   60.776   127.8   3.76   4.51   6.99   1   b30     0  CHARGE, BRK-B30, REST-0
    86     CS   61.947   306.4   0.25   4.76   7.59   0     0     0  BRK-0, REST-0
    87     CS   62.205   285.1   0.50   5.02   7.85   0     0     0  BRK-0, REST-0
    88     CS   62.436   261.9   0.73   5.25   8.08   0     0     0  BRK-0, REST-0
    89     CS   62.730   237.4   1.03   5.54   8.37   0     0     0  BRK-0, REST-0
    90     CS   63.018   212.6   1.32   5.83   8.66   0     0     0  BRK-0, REST-0
    91     CS   63.258   184.1   1.56   6.07   8.90   1   b15     0  CHARGE, BRK-B15, REST-0
    92     CS   64.570   373.4   1.82   6.33   9.90   0     0     0  BRK-0, REST-0
    93     CS   64.825   346.2   2.07   6.59  10.16   0     0     0  BRK-0, REST-0
  RmediumCmanyTtight_9__mix: duration None h  infeasible=False  tw=0  59 min
  ScenarioTracker saved: /mnt/beegfs/users/celinep/ChargeAndBreak/ML/la_mixed/logs/sensitivity/RshortCmanyTtight_9__mix_LA_S25_H24_20261005_044051_scenarios.json

  === SIMULATION TRAJECTORY ===
  stop   type    t_arr     soc     cd     sd     sw   y   brk   rst  action
  ───────────────────────────────────────────────────────────────────────────────────────────────
     0   ORIG    8.000   500.0   0.00   0.00   0.00   0     —     —  —
     1     CS    8.263   476.3   0.26   0.26   0.26   0     0     0  BRK-0, REST-0
     2     CS    8.491   449.8   0.49   0.49   0.49   0     0     0  BRK-0, REST-0
     3     CS    8.724   423.8   0.72   0.72   0.72   0     0     0  BRK-0, REST-0
     4     CS    8.930   400.9   0.93   0.93   0.93   0     0     0  BRK-0, REST-0
     5     CS    9.134   377.7   1.13   1.13   1.13   0     0     0  BRK-0, REST-0
     6     CS    9.345   355.2   1.34   1.34   1.34   0     0     0  BRK-0, REST-0
     7     CS    9.651   332.8   1.65   1.65   1.65   0     0     0  BRK-0, REST-0
     8     CS    9.930   309.1   1.93   1.93   1.93   0     0     0  BRK-0, REST-0
     9     CS   10.166   282.2   2.17   2.17   2.17   0     0     0  BRK-0, REST-0
    10     CS   10.408   255.8   2.41   2.41   2.41   0     0     0  BRK-0, REST-0
    11     CS   10.668   225.1   2.67   2.67   2.67   0     0     0  BRK-0, REST-0
    12     CS   10.981   198.5   2.98   2.98   2.98   0     0     0  BRK-0, REST-0
    13     CS   11.304   169.2   3.30   3.30   3.30   1   b15     0  CHARGE, BRK-B15, REST-0
    14     CS   12.606   376.2   3.79   3.79   4.28   0     0     0  BRK-0, REST-0
    15   CUST   12.882   343.1   4.07   4.07   4.55   0   b30     0  BRK-B30, REST-0
    16   CUST   14.312   293.7   0.43   4.50   5.48   0     0     0  BRK-0, REST-0
    17   CUST   14.921   284.5   0.54   4.60   6.09   0     0     0  BRK-0, REST-0
    18     CS   15.512   273.9   0.63   4.70   6.68   0     0     0  BRK-0, REST-0
    19     CS   15.519   273.3   0.64   4.70   6.69   0     0     0  BRK-0, REST-0
    20     CS   15.767   246.3   0.88   4.95   6.94   0     0     0  BRK-0, REST-0
    21     CS   16.003   218.2   1.12   5.19   7.17   0     0     0  BRK-0, REST-0
    22     CS   16.249   191.0   1.37   5.43   7.42   1   b15     0  CHARGE, BRK-B15, REST-0
    23     CS   17.303   387.7   1.72   5.78   8.04   0     0     0  BRK-0, REST-0
    24     CS   17.532   361.3   1.95   6.01   8.27   0     0     0  BRK-0, REST-0
    25     CS   17.763   335.1   2.18   6.24   8.50   0     0     0  BRK-0, REST-0
    26     CS   18.006   310.0   2.42   6.49   8.75   0     0     0  BRK-0, REST-0
    27     CS   18.248   282.4   2.66   6.73   8.99   0     0     0  BRK-0, REST-0
    28     CS   18.521   257.3   2.94   7.00   9.26   0     0     0  BRK-0, REST-0
    29     CS   18.769   230.4   3.19   7.25   9.51   0     0     0  BRK-0, REST-0
    30   CUST   19.091   207.8   3.51   7.57   9.83   0     0     0  BRK-0, REST-0
    31     CS   19.849   178.8   3.77   7.83  10.59   0     0     0  BRK-0, REST-0
    32     CS   20.107   149.7   4.02   8.09  10.85   1     0     0  CHARGE, BRK-0, REST-0
    33   CUST   21.068   169.4   4.24   8.30  11.81   0     0    r2  BRK-0, REST-R2
    34     CS   31.020   135.9   0.45   0.45   0.45   1   b30     0  CHARGE, BRK-B30, REST-0
    35     CS   31.970   439.7   0.50   0.50   0.80   0     0     0  BRK-0, REST-0
    36     CS   32.202   413.7   0.74   0.74   1.03   0     0     0  BRK-0, REST-0
    37     CS   32.466   390.0   1.00   1.00   1.29   0     0     0  BRK-0, REST-0
    38     CS   32.709   364.9   1.24   1.24   1.54   0     0     0  BRK-0, REST-0
    39     CS   32.979   332.8   1.51   1.51   1.81   0     0     0  BRK-0, REST-0
    40     CS   33.253   301.0   1.79   1.79   2.08   0     0     0  BRK-0, REST-0
    41     CS   33.622   275.2   2.16   2.16   2.45   0     0     0  BRK-0, REST-0
    42   CUST   33.907   244.5   2.44   2.44   2.73   0     0     0  BRK-0, REST-0
    43     CS   34.712   209.7   2.74   2.74   3.54   1     0     0  CHARGE, BRK-0, REST-0
    44   CUST   35.305   289.3   2.83   2.83   4.13   0     0     0  BRK-0, REST-0
    45     CS   35.824   287.5   2.85   2.85   4.65   0     0     0  BRK-0, REST-0
    46     CS   36.070   262.9   3.09   3.09   4.90   0     0     0  BRK-0, REST-0
    47     CS   36.298   236.8   3.32   3.32   5.13   0     0     0  BRK-0, REST-0
    48     CS   36.588   214.7   3.61   3.61   5.41   0     0     0  BRK-0, REST-0
    49   CUST   36.868   192.3   3.89   3.89   5.69   0     0     0  BRK-0, REST-0
    50     CS   37.443   183.7   3.97   3.97   6.27   1   b30     0  CHARGE, BRK-B30, REST-0
    51     CS   38.652   389.4   0.44   4.40   6.98   0     0     0  BRK-0, REST-0
    52     CS   38.903   362.6   0.69   4.65   7.23   0     0     0  BRK-0, REST-0
    53     CS   39.146   335.2   0.93   4.90   7.47   0     0     0  BRK-0, REST-0
    54     CS   39.396   308.3   1.18   5.15   7.72   0     0     0  BRK-0, REST-0
    55     CS   39.643   281.3   1.43   5.39   7.97   0     0     0  BRK-0, REST-0
    56     CS   39.885   253.7   1.67   5.64   8.21   0     0     0  BRK-0, REST-0
    57     CS   40.193   230.5   1.98   5.94   8.52   0     0     0  BRK-0, REST-0
    58     CS   40.472   200.4   2.26   6.22   8.80   0     0     0  BRK-0, REST-0
  RshortCmanyTtight_9__mix: duration None h  infeasible=False  tw=1  23 min
  ScenarioTracker saved: /mnt/beegfs/users/celinep/ChargeAndBreak/ML/la_mixed/logs/sensitivity/RmediumCmanyTtight_10__mix_LA_S25_H24_20261005_050326_scenarios.json

  === SIMULATION TRAJECTORY ===
  stop   type    t_arr     soc     cd     sd     sw   y   brk   rst  action
  ───────────────────────────────────────────────────────────────────────────────────────────────
     0   ORIG    8.000   500.0   0.00   0.00   0.00   0     —     —  —
     1     CS    8.285   477.5   0.29   0.29   0.29   0     0     0  BRK-0, REST-0
     2     CS    8.554   454.2   0.55   0.55   0.55   0     0     0  BRK-0, REST-0
     3     CS    8.954   435.0   0.95   0.95   0.95   0     0     0  BRK-0, REST-0
     4     CS    9.189   407.6   1.19   1.19   1.19   0     0     0  BRK-0, REST-0
     5     CS    9.426   380.4   1.43   1.43   1.43   0     0     0  BRK-0, REST-0
     6     CS    9.660   352.9   1.66   1.66   1.66   0     0     0  BRK-0, REST-0
     7     CS    9.860   331.0   1.86   1.86   1.86   0     0     0  BRK-0, REST-0
     8     CS   10.055   308.5   2.05   2.05   2.05   0     0     0  BRK-0, REST-0
     9     CS   10.246   285.8   2.25   2.25   2.25   0     0     0  BRK-0, REST-0
    10     CS   10.525   256.1   2.53   2.53   2.53   0     0     0  BRK-0, REST-0
    11     CS   10.794   225.5   2.79   2.79   2.79   0     0     0  BRK-0, REST-0
    12     CS   11.063   194.9   3.06   3.06   3.06   1   b15     0  CHARGE, BRK-B15, REST-0
    13     CS   11.835   252.3   3.32   3.32   3.58   0     0     0  BRK-0, REST-0
    14     CS   12.288   230.6   3.77   3.77   4.04   0     0     0  BRK-0, REST-0
    15     CS   12.542   200.2   4.03   4.03   4.29   1   b45     0  CHARGE, BRK-B45, REST-0
    16     CS   14.343   399.0   0.40   4.43   5.30   0     0     0  BRK-0, REST-0
    17     CS   14.642   370.8   0.70   4.73   5.60   0     0     0  BRK-0, REST-0
    18     CS   14.943   342.8   1.00   5.03   5.90   0     0     0  BRK-0, REST-0
    19     CS   15.311   318.0   1.37   5.40   6.26   0     0     0  BRK-0, REST-0
    20     CS   15.546   290.5   1.60   5.63   6.50   0     0     0  BRK-0, REST-0
    21     CS   15.808   265.1   1.87   5.89   6.76   0     0     0  BRK-0, REST-0
    22     CS   16.068   239.7   2.13   6.15   7.02   0     0     0  BRK-0, REST-0
    23   CUST   16.314   213.1   2.37   6.40   7.27   0     0     0  BRK-0, REST-0
    24     CS   16.966   197.3   2.52   6.55   7.92   1   b15     0  CHARGE, BRK-B15, REST-0
    25   CUST   18.206   340.3   2.79   6.81   8.70   0     0     0  BRK-0, REST-0
    26   CUST   18.832   327.0   2.91   6.94   9.32   0     0     0  BRK-0, REST-0
    27   CUST   19.546   304.0   3.13   7.15  10.04   0     0     0  BRK-0, REST-0
    28   CUST   20.172   291.8   3.25   7.28  10.66   0     0     0  BRK-0, REST-0
    29   CUST   20.845   272.1   3.43   7.45  11.34   0     0     0  BRK-0, REST-0
    30     CS   21.447   262.5   3.53   7.56  11.94   0     0     0  BRK-0, REST-0
    31   CUST   21.578   251.5   3.66   7.69  12.07   0     0    r2  BRK-0, REST-R2
    32   CUST   31.260   233.7   0.18   0.18   0.18   0     0     0  BRK-0, REST-0
    33     CS   31.809   228.8   0.23   0.23   0.73   1   b15     0  CHARGE, BRK-B15, REST-0
    34     CS   32.563   293.9   0.43   0.43   1.24   0     0     0  BRK-0, REST-0
    35     CS   32.755   270.8   0.62   0.62   1.43   0     0     0  BRK-0, REST-0
    36     CS   32.951   248.1   0.82   0.82   1.62   0     0     0  BRK-0, REST-0
    37     CS   33.171   223.3   1.04   1.04   1.84   0     0     0  BRK-0, REST-0
    38     CS   33.386   198.0   1.25   1.25   2.06   0     0     0  BRK-0, REST-0
    39     CS   33.641   175.8   1.51   1.51   2.31   0     0     0  BRK-0, REST-0
    40     CS   33.885   149.6   1.75   1.75   2.56   0     0     0  BRK-0, REST-0
    41     CS   34.118   122.4   1.99   1.99   2.79   1   b30     0  CHARGE, BRK-B30, REST-0
    42     CS   35.162   407.4   0.29   2.28   3.28   0     0     0  BRK-0, REST-0
    43     CS   35.509   386.2   0.64   2.62   3.63   0     0     0  BRK-0, REST-0
    44     CS   35.780   361.7   0.91   2.89   3.90   0     0     0  BRK-0, REST-0
    45     CS   36.049   330.3   1.18   3.16   4.17   0     0     0  BRK-0, REST-0
    46     CS   36.364   302.4   1.49   3.48   4.49   0     0     0  BRK-0, REST-0
    47     CS   36.660   273.4   1.79   3.77   4.78   0     0     0  BRK-0, REST-0
    48     CS   37.035   246.2   2.16   4.15   5.16   0     0     0  BRK-0, REST-0
    49     CS   37.322   213.2   2.45   4.44   5.44   0     0     0  BRK-0, REST-0
    50     CS   37.610   180.4   2.74   4.72   5.73   0     0     0  BRK-0, REST-0
    51     CS   37.943   151.1   3.07   5.06   6.06   0     0     0  BRK-0, REST-0
    52   CUST   38.238   118.9   3.37   5.35   6.36   0     0     0  BRK-0, REST-0
    53     CS   38.817   110.7   3.45   5.43   6.94   1   b45     0  CHARGE, BRK-B45, REST-0
    54     CS   40.036   346.2   0.23   5.66   7.41   0     0     0  BRK-0, REST-0
    55     CS   40.281   320.8   0.47   5.90   7.65   0     0     0  BRK-0, REST-0
    56     CS   40.541   296.6   0.73   6.16   7.91   0     0     0  BRK-0, REST-0
    57     CS   40.760   271.7   0.95   6.38   8.13   0     0     0  BRK-0, REST-0
    58     CS   41.014   249.5   1.20   6.64   8.39   0     0     0  BRK-0, REST-0
    59     CS   41.262   226.8   1.45   6.88   8.63   1   b15     0  CHARGE, BRK-B15, REST-0
    60     CS   42.156   351.1   1.87   7.30   9.28   0     0     0  BRK-0, REST-0
    61     CS   42.466   324.4   2.18   7.61   9.59   0     0     0  BRK-0, REST-0
    62     CS   42.764   296.8   2.48   7.91   9.89   0     0     0  BRK-0, REST-0
    63     CS   43.044   268.0   2.76   8.19  10.17   0     0     0  BRK-0, REST-0
    64     CS   43.285   241.1   3.00   8.43  10.41   0     0     0  BRK-0, REST-0
    65     CS   43.545   215.9   3.26   8.69  10.67   0     0     0  BRK-0, REST-0
    66   CUST   43.865   193.7   3.58   9.01  10.99   0     0    r2  BRK-0, REST-R2
    67     CS   53.598   171.1   0.23   0.23   0.23   1   b15     0  CHARGE, BRK-B15, REST-0
    68   CUST   54.557   375.9   0.69   0.69   0.91   0     0     0  BRK-0, REST-0
    69     CS   55.325   347.7   0.95   0.95   1.68   0     0     0  BRK-0, REST-0
    70   CUST   55.600   320.1   1.23   1.23   1.95   0     0     0  BRK-0, REST-0
    71     CS   56.155   315.5   1.28   1.28   2.51   0     0     0  BRK-0, REST-0
    72   CUST   56.321   304.4   1.45   1.45   2.67   0     0     0  BRK-0, REST-0
    73   CUST   56.827   303.7   1.46   1.46   3.18   0     0     0  BRK-0, REST-0
    74   CUST   57.379   299.0   1.51   1.51   3.73   0     0     0  BRK-0, REST-0
    75     CS   57.947   291.0   1.58   1.58   4.30   0     0     0  BRK-0, REST-0
    76     CS   58.190   271.6   1.82   1.82   4.54   0     0     0  BRK-0, REST-0
    77     CS   58.393   249.6   2.02   2.02   4.74   0     0     0  BRK-0, REST-0
    78     CS   58.589   226.9   2.22   2.22   4.94   0     0     0  BRK-0, REST-0
    79     CS   58.821   203.9   2.45   2.45   5.17   0     0     0  BRK-0, REST-0
    80     CS   59.039   179.6   2.67   2.67   5.39   0     0     0  BRK-0, REST-0
    81     CS   59.264   156.0   2.89   2.89   5.61   1   b30     0  CHARGE, BRK-B30, REST-0
    82     CS   60.331   405.3   0.29   3.18   6.18   0     0     0  BRK-0, REST-0
    83     CS   60.606   379.7   0.56   3.45   6.46   0     0     0  BRK-0, REST-0
    84     CS   60.885   354.4   0.84   3.73   6.74   0     0     0  BRK-0, REST-0
    85     CS   61.144   328.2   1.10   3.99   6.99   1   b15     0  CHARGE, BRK-B15, REST-0
    86     CS   61.887   404.9   1.38   4.27   7.49   0     0     0  BRK-0, REST-0
    87     CS   62.178   380.9   1.67   4.56   7.78   0     0     0  BRK-0, REST-0
    88     CS   62.408   356.2   1.90   4.79   8.01   0     0     0  BRK-0, REST-0
    89     CS   62.635   331.3   2.13   5.02   8.24   0     0     0  BRK-0, REST-0
    90     CS   63.022   312.8   2.52   5.41   8.62   0     0     0  BRK-0, REST-0
    91     CS   63.302   285.5   2.80   5.69   8.90   0     0     0  BRK-0, REST-0
    92     CS   63.555   256.0   3.05   5.94   9.16   0     0     0  BRK-0, REST-0
    93     CS   63.819   227.6   3.31   6.21   9.42   0     0     0  BRK-0, REST-0
    94     CS   64.071   198.0   3.57   6.46   9.67   0     0     0  BRK-0, REST-0
    95     CS   64.295   172.7   3.79   6.68   9.90   0     0     0  BRK-0, REST-0
    96     CS   64.569   150.9   4.06   6.96  10.17   0     0     0  BRK-0, REST-0
  RmediumCmanyTtight_10__mix: duration None h  infeasible=False  tw=7  62 min
  ScenarioTracker saved: /mnt/beegfs/users/celinep/ChargeAndBreak/ML/la_mixed/logs/sensitivity/RshortCmanyTtight_10__mix_LA_S25_H24_20261005_060550_scenarios.json

  === SIMULATION TRAJECTORY ===
  stop   type    t_arr     soc     cd     sd     sw   y   brk   rst  action
  ───────────────────────────────────────────────────────────────────────────────────────────────
     0   ORIG    8.000   500.0   0.00   0.00   0.00   0     —     —  —
     1     CS    8.239   474.5   0.24   0.24   0.24   0     0     0  BRK-0, REST-0
     2     CS    8.525   452.1   0.52   0.52   0.52   0     0     0  BRK-0, REST-0
     3     CS    8.754   425.8   0.75   0.75   0.75   0     0     0  BRK-0, REST-0
     4     CS    9.006   399.1   1.01   1.01   1.01   0     0     0  BRK-0, REST-0
     5     CS    9.360   377.6   1.36   1.36   1.36   0     0     0  BRK-0, REST-0
     6     CS    9.611   350.3   1.61   1.61   1.61   0     0     0  BRK-0, REST-0
     7     CS    9.867   323.4   1.87   1.87   1.87   0     0     0  BRK-0, REST-0
     8     CS   10.106   294.9   2.11   2.11   2.11   0     0     0  BRK-0, REST-0
     9     CS   10.385   269.7   2.38   2.38   2.38   0     0     0  BRK-0, REST-0
    10     CS   10.652   242.0   2.65   2.65   2.65   0     0     0  BRK-0, REST-0
    11   CUST   10.909   213.5   2.91   2.91   2.91   0     0     0  BRK-0, REST-0
    12   CUST   11.479   206.8   2.98   2.98   3.48   0     0     0  BRK-0, REST-0
    13   CUST   12.072   196.4   3.07   3.07   4.07   0     0     0  BRK-0, REST-0
    14   CUST   12.718   181.3   3.22   3.22   4.72   0     0     0  BRK-0, REST-0
    15     CS   13.278   175.0   3.28   3.28   5.28   0     0     0  BRK-0, REST-0
    16   CUST   13.587   145.0   3.59   3.59   5.59   0     0     0  BRK-0, REST-0
    17     CS   14.150   140.0   3.65   3.65   6.15   1   b15     0  CHARGE, BRK-B15, REST-0
    18     CS   15.052   346.3   3.91   3.91   6.72   0     0     0  BRK-0, REST-0
    19     CS   15.299   319.7   4.16   4.16   6.97   0     0     0  BRK-0, REST-0
    20   CUST   15.551   293.4   4.41   4.41   7.22   0     0    r2  BRK-0, REST-R2
    21     CS   25.097   289.2   0.05   0.05   0.05   1   b15     0  CHARGE, BRK-B15, REST-0
    22     CS   26.014   297.4   0.36   0.36   0.71   0     0     0  BRK-0, REST-0
    23     CS   26.394   271.6   0.74   0.74   1.09   0     0     0  BRK-0, REST-0
    24     CS   26.616   245.9   0.96   0.96   1.32   0     0     0  BRK-0, REST-0
    25     CS   26.851   221.1   1.19   1.19   1.55   0     0     0  BRK-0, REST-0
    26     CS   27.079   195.9   1.42   1.42   1.78   0     0     0  BRK-0, REST-0
    27   CUST   27.345   173.4   1.69   1.69   2.04   0     0     0  BRK-0, REST-0
    28     CS   28.205   142.6   2.05   2.05   2.90   1     0     0  CHARGE, BRK-0, REST-0
    29     CS   29.305   269.7   2.55   2.55   4.00   0     0     0  BRK-0, REST-0
    30     CS   29.522   247.7   2.77   2.77   4.22   0     0     0  BRK-0, REST-0
    31     CS   29.731   225.0   2.97   2.97   4.43   0     0     0  BRK-0, REST-0
    32     CS   29.940   202.3   3.18   3.18   4.64   0     0     0  BRK-0, REST-0
    33     CS   30.208   174.8   3.45   3.45   4.91   0     0     0  BRK-0, REST-0
    34     CS   30.463   146.1   3.71   3.71   5.16   1   b30     0  CHARGE, BRK-B30, REST-0
    35     CS   31.644   450.2   0.28   3.99   5.68   0     0     0  BRK-0, REST-0
    36     CS   31.928   418.6   0.57   4.28   5.96   0     0     0  BRK-0, REST-0
    37     CS   32.414   395.3   1.05   4.76   6.45   0     0     0  BRK-0, REST-0
    38     CS   32.687   368.8   1.33   5.03   6.72   0     0     0  BRK-0, REST-0
    39     CS   32.955   341.9   1.60   5.30   6.99   0     0     0  BRK-0, REST-0
    40   CUST   33.250   316.9   1.89   5.60   7.29   0     0     0  BRK-0, REST-0
    41     CS   34.168   268.7   2.31   6.02   8.20   0     0     0  BRK-0, REST-0
    42     CS   34.558   222.8   2.70   6.41   8.59   0     0     0  BRK-0, REST-0
    43     CS   34.910   190.5   3.05   6.76   8.95   1   b15     0  CHARGE, BRK-B15, REST-0
    44     CS   35.711   370.6   3.35   7.06   9.45   0     0     0  BRK-0, REST-0
    45     CS   36.005   340.6   3.65   7.35   9.74   0     0     0  BRK-0, REST-0
  RshortCmanyTtight_10__mix: duration None h  infeasible=False  tw=0  10 min
  ScenarioTracker saved: /mnt/beegfs/users/celinep/ChargeAndBreak/ML/la_mixed/logs/sensitivity/RmediumCmanyTtight_11__mix_LA_S25_H24_20261005_061540_scenarios.json

  === SIMULATION TRAJECTORY ===
  stop   type    t_arr     soc     cd     sd     sw   y   brk   rst  action
  ───────────────────────────────────────────────────────────────────────────────────────────────
     0   ORIG    8.000   500.0   0.00   0.00   0.00   0     —     —  —
     1     CS    8.234   474.1   0.23   0.23   0.23   0     0     0  BRK-0, REST-0
     2     CS    8.462   447.7   0.46   0.46   0.46   0     0     0  BRK-0, REST-0
     3     CS    8.693   421.5   0.69   0.69   0.69   0     0     0  BRK-0, REST-0
     4     CS    8.969   390.7   0.97   0.97   0.97   0     0     0  BRK-0, REST-0
     5     CS    9.401   367.2   1.40   1.40   1.40   0     0     0  BRK-0, REST-0
     6     CS    9.712   339.2   1.71   1.71   1.71   0     0     0  BRK-0, REST-0
     7     CS   10.110   316.6   2.11   2.11   2.11   0     0     0  BRK-0, REST-0
     8     CS   10.390   288.9   2.39   2.39   2.39   0     0     0  BRK-0, REST-0
     9     CS   10.597   265.3   2.60   2.60   2.60   0     0     0  BRK-0, REST-0
    10     CS   10.805   241.6   2.80   2.80   2.80   0     0     0  BRK-0, REST-0
    11     CS   11.054   221.0   3.05   3.05   3.05   0     0     0  BRK-0, REST-0
    12     CS   11.276   197.9   3.28   3.28   3.28   0     0     0  BRK-0, REST-0
    13     CS   11.506   175.4   3.51   3.51   3.51   0     0     0  BRK-0, REST-0
    14     CS   11.731   152.6   3.73   3.73   3.73   1   b45     0  CHARGE, BRK-B45, REST-0
    15     CS   12.950   238.4   0.23   3.96   4.20   0     0     0  BRK-0, REST-0
    16     CS   13.286   217.3   0.57   4.30   4.53   0     0     0  BRK-0, REST-0
    17     CS   13.606   195.8   0.89   4.62   4.85   0     0     0  BRK-0, REST-0
    18     CS   13.878   166.2   1.16   4.89   5.13   0     0     0  BRK-0, REST-0
    19     CS   14.143   136.1   1.42   5.16   5.39   0     0     0  BRK-0, REST-0
    20     CS   14.421   107.0   1.70   5.43   5.67   1   b15     0  CHARGE, BRK-B15, REST-0
    21     CS   15.290   356.8   2.00   5.73   6.26   0     0     0  BRK-0, REST-0
    22     CS   15.578   324.0   2.28   6.01   6.54   0     0     0  BRK-0, REST-0
    23     CS   15.845   297.8   2.55   6.28   6.81   0     0     0  BRK-0, REST-0
    24     CS   16.131   272.9   2.84   6.57   7.10   0     0     0  BRK-0, REST-0
    25     CS   16.442   249.3   3.15   6.88   7.41   1   b30     0  CHARGE, BRK-B30, REST-0
    26     CS   17.467   456.2   0.24   7.12   7.90   0     0     0  BRK-0, REST-0
    27     CS   17.675   434.2   0.45   7.33   8.11   0     0     0  BRK-0, REST-0
    28     CS   17.903   413.7   0.68   7.56   8.34   0     0     0  BRK-0, REST-0
    29     CS   18.127   389.2   0.90   7.78   8.56   0     0     0  BRK-0, REST-0
    30     CS   18.346   364.3   1.12   8.00   8.78   0     0     0  BRK-0, REST-0
    31     CS   18.614   342.8   1.39   8.27   9.05   0     0     0  BRK-0, REST-0
    32   CUST   18.882   321.4   1.66   8.54   9.32   0     0     0  BRK-0, REST-0
    33     CS   19.807   271.5   2.08   8.96  10.24   0     0     0  BRK-0, REST-0
    34   CUST   19.897   262.0   2.17   9.05  10.33   0     0     0  BRK-0, REST-0
    35   CUST   20.973   226.4   2.75   9.63  11.41   0     0    r2  BRK-0, REST-R2
    36   CUST   30.510   222.7   0.04   0.04   0.04   0     0     0  BRK-0, REST-0
    37   CUST   31.115   211.0   0.14   0.14   0.64   0     0     0  BRK-0, REST-0
    38     CS   31.784   191.0   0.31   0.31   1.31   0     0     0  BRK-0, REST-0
    39     CS   32.078   168.0   0.61   0.61   1.61   0     0     0  BRK-0, REST-0
    40     CS   32.336   138.3   0.86   0.86   1.86   0     0     0  BRK-0, REST-0
    41     CS   32.614   110.4   1.14   1.14   2.14   1   b15     0  CHARGE, BRK-B15, REST-0
    42     CS   33.427   320.3   1.36   1.36   2.62   0     0     0  BRK-0, REST-0
    43     CS   33.674   300.2   1.60   1.60   2.87   0     0     0  BRK-0, REST-0
    44     CS   33.891   278.2   1.82   1.82   3.09   0     0     0  BRK-0, REST-0
    45     CS   34.120   250.6   2.05   2.05   3.32   0     0     0  BRK-0, REST-0
    46     CS   34.361   224.2   2.29   2.29   3.56   0     0     0  BRK-0, REST-0
    47     CS   34.668   201.8   2.60   2.60   3.86   0     0     0  BRK-0, REST-0
    48     CS   34.947   178.1   2.88   2.88   4.14   1   b30     0  CHARGE, BRK-B30, REST-0
    49     CS   35.987   412.7   0.27   3.15   4.68   0     0     0  BRK-0, REST-0
    50     CS   36.268   389.4   0.55   3.43   4.96   0     0     0  BRK-0, REST-0
    51     CS   36.517   364.0   0.80   3.68   5.21   0     0     0  BRK-0, REST-0
    52     CS   36.822   337.9   1.11   3.98   5.52   0     0     0  BRK-0, REST-0
    53     CS   37.090   309.2   1.37   4.25   5.79   0     0     0  BRK-0, REST-0
    54     CS   37.328   285.1   1.61   4.49   6.02   0     0     0  BRK-0, REST-0
    55     CS   37.558   260.5   1.84   4.72   6.25   0     0     0  BRK-0, REST-0
    56   CUST   37.799   236.6   2.08   4.96   6.49   0     0     0  BRK-0, REST-0
    57     CS   38.583   211.5   2.37   5.24   7.28   0     0     0  BRK-0, REST-0
    58     CS   38.857   185.7   2.64   5.52   7.55   0     0     0  BRK-0, REST-0
    59     CS   39.108   158.1   2.89   5.77   7.80   0     0     0  BRK-0, REST-0
    60   CUST   39.384   132.4   3.17   6.04   8.08   0     0     0  BRK-0, REST-0
    61     CS   39.907   129.8   3.19   6.07   8.60   1   b45     0  CHARGE, BRK-B45, REST-0
    62   CUST   40.930   469.6   0.03   6.10   8.88   0     0     0  BRK-0, REST-0
    63     CS   41.732   441.3   0.33   6.40   9.68   0     0     0  BRK-0, REST-0
    64     CS   41.871   429.0   0.47   6.54   9.82   0     0     0  BRK-0, REST-0
    65     CS   42.146   398.1   0.75   6.81  10.09   0     0     0  BRK-0, REST-0
    66     CS   42.459   370.2   1.06   7.13  10.40   0     0     0  BRK-0, REST-0
    67     CS   42.764   341.7   1.36   7.43  10.71   0     0     0  BRK-0, REST-0
    68     CS   43.063   313.2   1.66   7.73  11.01   0     0     0  BRK-0, REST-0
    69     CS   43.455   289.0   2.06   8.12  11.40   0     0     0  BRK-0, REST-0
    70     CS   43.748   261.8   2.35   8.41  11.69   0     0     0  BRK-0, REST-0
    71     CS   44.013   232.4   2.61   8.68  11.96   0     0     0  BRK-0, REST-0
    72     CS   44.274   202.7   2.87   8.94  12.22   0     0     0  BRK-0, REST-0
    73     CS   44.511   178.2   3.11   9.18  12.46   0     0     0  BRK-0, REST-0
    74     CS   44.733   152.4   3.33   9.40  12.68   0     0     0  BRK-0, REST-0
    75     CS   44.955   126.5   3.56   9.62  12.90   0     0    r2  BRK-0, REST-R2
    76     CS   54.415   105.3   0.29   0.29   0.29   1   b15     0  CHARGE, BRK-B15, REST-0
    77     CS   55.434   377.8   0.52   0.52   1.02   0     0     0  BRK-0, REST-0
    78     CS   55.688   357.4   0.77   0.77   1.27   0     0     0  BRK-0, REST-0
    79     CS   55.908   334.9   0.99   0.99   1.49   0     0     0  BRK-0, REST-0
    80   CUST   56.357   281.3   1.44   1.44   1.94   0     0     0  BRK-0, REST-0
    81     CS   57.111   251.9   1.69   1.69   2.69   0     0     0  BRK-0, REST-0
    82     CS   57.369   222.8   1.95   1.95   2.95   1   b30     0  CHARGE, BRK-B30, REST-0
    83   CUST   58.678   459.8   0.37   2.32   3.56   0     0    r2  BRK-0, REST-R2
    84   CUST   68.496   423.8   0.32   0.32   0.32   0     0     0  BRK-0, REST-0
    85   CUST   69.160   405.8   0.48   0.48   0.98   0     0     0  BRK-0, REST-0
    86   CUST   69.795   389.6   0.62   0.62   1.62   0     0     0  BRK-0, REST-0
    87   CUST   70.333   386.0   0.66   0.66   2.16   0     0     0  BRK-0, REST-0
    88     CS   70.833   386.0   0.66   0.66   2.66   0     0     0  BRK-0, REST-0
    89     CS   70.910   377.7   0.73   0.73   2.73   0     0     0  BRK-0, REST-0
    90     CS   71.109   354.9   0.93   0.93   2.93   0     0     0  BRK-0, REST-0
    91     CS   71.332   334.0   1.15   1.15   3.15   0     0     0  BRK-0, REST-0
    92     CS   71.556   313.2   1.38   1.38   3.38   0     0     0  BRK-0, REST-0
    93     CS   71.820   286.8   1.64   1.64   3.64   0     0     0  BRK-0, REST-0
    94     CS   72.162   264.4   1.98   1.98   3.98   0     0     0  BRK-0, REST-0
    95     CS   72.436   238.6   2.26   2.26   4.26   0     0     0  BRK-0, REST-0
    96     CS   72.695   215.2   2.52   2.52   4.52   0     0     0  BRK-0, REST-0
    97     CS   72.942   190.9   2.76   2.76   4.76   0     0     0  BRK-0, REST-0
    98     CS   73.182   166.1   3.00   3.00   5.00   0     0     0  BRK-0, REST-0
    99     CS   73.409   140.2   3.23   3.23   5.23   0     0     0  BRK-0, REST-0
   100     CS   73.861   107.5   3.68   3.68   5.68   1   b45     0  CHARGE, BRK-B45, REST-0
   101     CS   75.262   461.4   0.25   3.94   6.33   0     0     0  BRK-0, REST-0
   102     CS   75.514   431.1   0.51   4.19   6.59   0     0     0  BRK-0, REST-0
   103     CS   75.792   403.2   0.78   4.47   6.86   0     0     0  BRK-0, REST-0
   104     CS   76.075   375.6   1.07   4.75   7.15   1   b15     0  CHARGE, BRK-B15, REST-0
   105     CS   77.000   413.3   1.49   5.17   7.82   0     0     0  BRK-0, REST-0
   106     CS   77.266   383.3   1.75   5.44   8.09   0     0     0  BRK-0, REST-0
   107     CS   77.536   351.9   2.02   5.71   8.36   0     0     0  BRK-0, REST-0
   108     CS   77.922   327.3   2.41   6.09   8.74   0     0     0  BRK-0, REST-0
   109     CS   78.224   298.6   2.71   6.39   9.05   0     0     0  BRK-0, REST-0
   110     CS   78.514   266.0   3.00   6.68   9.34   0     0     0  BRK-0, REST-0
   111     CS   78.804   233.4   3.29   6.97   9.63   0     0     0  BRK-0, REST-0
   112     CS   79.055   205.0   3.54   7.22   9.88   0     0     0  BRK-0, REST-0
   113     CS   79.301   176.3   3.79   7.47  10.12   0     0     0  BRK-0, REST-0
   114     CS   79.589   150.8   4.07   7.76  10.41   0   b30     0  BRK-B30, REST-0
  RmediumCmanyTtight_11__mix: duration None h  infeasible=False  tw=3  144 min
  ScenarioTracker saved: /mnt/beegfs/users/celinep/ChargeAndBreak/ML/la_mixed/logs/sensitivity/RshortCmanyTtight_11__mix_LA_S25_H24_20261005_084004_scenarios.json

  === SIMULATION TRAJECTORY ===
  stop   type    t_arr     soc     cd     sd     sw   y   brk   rst  action
  ───────────────────────────────────────────────────────────────────────────────────────────────
     0   ORIG    8.000   500.0   0.00   0.00   0.00   0     —     —  —
     1     CS    8.237   474.4   0.24   0.24   0.24   0     0     0  BRK-0, REST-0
     2     CS    8.462   447.6   0.46   0.46   0.46   0     0     0  BRK-0, REST-0
     3     CS    8.719   423.5   0.72   0.72   0.72   0     0     0  BRK-0, REST-0
     4     CS    9.001   395.5   1.00   1.00   1.00   0     0     0  BRK-0, REST-0
     5     CS    9.272   366.7   1.27   1.27   1.27   0     0     0  BRK-0, REST-0
     6     CS    9.532   336.8   1.53   1.53   1.53   0     0     0  BRK-0, REST-0
     7     CS    9.893   311.3   1.89   1.89   1.89   0     0     0  BRK-0, REST-0
     8     CS   10.175   281.0   2.18   2.18   2.18   0     0     0  BRK-0, REST-0
     9     CS   10.457   250.8   2.46   2.46   2.46   1   b15     0  CHARGE, BRK-B15, REST-0
    10     CS   11.412   385.7   2.76   2.76   3.11   0     0     0  BRK-0, REST-0
    11     CS   11.678   355.7   3.03   3.03   3.38   0   b30     0  BRK-B30, REST-0
    12   CUST   12.794   309.2   0.45   3.48   3.99   0     0     0  BRK-0, REST-0
    13     CS   13.597   286.4   0.75   3.78   4.79   0     0     0  BRK-0, REST-0
    14     CS   13.841   259.9   1.00   4.02   5.04   0     0     0  BRK-0, REST-0
    15     CS   14.092   234.0   1.25   4.27   5.29   0     0     0  BRK-0, REST-0
    16     CS   14.338   207.7   1.49   4.52   5.54   0     0     0  BRK-0, REST-0
    17   CUST   14.404   200.8   1.56   4.59   5.60   0     0     0  BRK-0, REST-0
    18   CUST   14.958   195.0   1.61   4.64   6.16   0     0     0  BRK-0, REST-0
    19   CUST   15.494   191.3   1.65   4.68   6.69   0     0     0  BRK-0, REST-0
    20     CS   16.176   172.3   1.83   4.86   7.37   0     0     0  BRK-0, REST-0
    21     CS   16.517   131.3   2.17   5.20   7.71   0     0     0  BRK-0, REST-0
    22     CS   16.790   101.9   2.45   5.47   7.99   1   b45     0  CHARGE, BRK-B45, REST-0
    23     CS   18.102   435.9   0.28   5.75   8.55   0     0     0  BRK-0, REST-0
    24     CS   18.473   408.5   0.65   6.12   8.92   0     0     0  BRK-0, REST-0
    25     CS   18.809   379.3   0.99   6.46   9.26   0     0     0  BRK-0, REST-0
    26     CS   19.101   346.8   1.28   6.75   9.55   0     0     0  BRK-0, REST-0
    27   CUST   19.812   310.9   1.99   7.46  10.26   0     0     0  BRK-0, REST-0
    28     CS   20.584   284.1   2.26   7.73  11.03   0     0     0  BRK-0, REST-0
    29     CS   20.834   255.5   2.51   7.98  11.28   0     0     0  BRK-0, REST-0
    30   CUST   21.163   218.2   2.84   8.31  11.61   0     0    r2  BRK-0, REST-R2
    31     CS   30.931   186.5   0.27   0.27   0.27   0     0     0  BRK-0, REST-0
    32     CS   31.213   156.1   0.55   0.55   0.55   0     0     0  BRK-0, REST-0
    33     CS   31.472   128.9   0.81   0.81   0.81   1   b15     0  CHARGE, BRK-B15, REST-0
    34     CS   32.613   382.5   1.21   1.21   1.64   0     0     0  BRK-0, REST-0
    35     CS   32.917   353.2   1.52   1.52   1.95   0     0     0  BRK-0, REST-0
    36     CS   33.231   324.7   1.83   1.83   2.26   0     0     0  BRK-0, REST-0
    37     CS   33.445   300.9   2.04   2.04   2.48   0     0     0  BRK-0, REST-0
    38     CS   33.654   276.6   2.25   2.25   2.68   0     0     0  BRK-0, REST-0
    39   CUST   33.863   252.4   2.46   2.46   2.89   0     0     0  BRK-0, REST-0
    40   CUST   34.414   246.4   2.51   2.51   3.44   0     0     0  BRK-0, REST-0
    41   CUST   34.941   244.1   2.54   2.54   3.97   0     0     0  BRK-0, REST-0
    42     CS   35.575   228.0   2.67   2.67   4.61   0     0     0  BRK-0, REST-0
    43   CUST   35.890   198.4   2.99   2.99   4.92   0     0     0  BRK-0, REST-0
    44     CS   36.639   172.7   3.24   3.24   5.67   0     0     0  BRK-0, REST-0
    45     CS   36.910   148.5   3.51   3.51   5.94   0     0     0  BRK-0, REST-0
    46   CUST   37.143   121.2   3.74   3.74   6.17   0     0     0  BRK-0, REST-0
    47     CS   37.712   113.4   3.81   3.81   6.74   1   b45     0  CHARGE, BRK-B45, REST-0
    48     CS   38.982   393.4   0.13   3.94   7.15   0     0     0  BRK-0, REST-0
    49     CS   39.231   364.1   0.38   4.19   7.40   0     0     0  BRK-0, REST-0
    50     CS   39.558   340.0   0.71   4.52   7.73   0     0     0  BRK-0, REST-0
    51     CS   39.835   313.1   0.99   4.80   8.00   0     0     0  BRK-0, REST-0
    52     CS   40.105   280.9   1.26   5.07   8.27   0     0     0  BRK-0, REST-0
    53     CS   40.399   251.0   1.55   5.36   8.57   0     0     0  BRK-0, REST-0
    54     CS   40.743   224.7   1.89   5.70   8.91   0     0     0  BRK-0, REST-0
    55     CS   41.019   194.0   2.17   5.98   9.19   0     0     0  BRK-0, REST-0
    56     CS   41.290   162.8   2.44   6.25   9.46   1   b15     0  CHARGE, BRK-B15, REST-0
    57     CS   42.278   227.6   2.66   6.47  10.20   0     0     0  BRK-0, REST-0
    58     CS   42.484   203.8   2.86   6.67  10.40   0     0     0  BRK-0, REST-0
  RshortCmanyTtight_11__mix: duration None h  infeasible=False  tw=0  26 min
  ScenarioTracker saved: /mnt/beegfs/users/celinep/ChargeAndBreak/ML/la_mixed/logs/sensitivity/RmediumCmanyTtight_12__mix_LA_S25_H24_20261005_090613_scenarios.json

  === SIMULATION TRAJECTORY ===
  stop   type    t_arr     soc     cd     sd     sw   y   brk   rst  action
  ───────────────────────────────────────────────────────────────────────────────────────────────
     0   ORIG    8.000   500.0   0.00   0.00   0.00   0     —     —  —
     1     CS    8.226   473.3   0.23   0.23   0.23   0     0     0  BRK-0, REST-0
     2     CS    8.459   447.3   0.46   0.46   0.46   0     0     0  BRK-0, REST-0
     3     CS    8.719   423.5   0.72   0.72   0.72   0     0     0  BRK-0, REST-0
     4     CS    8.947   396.9   0.95   0.95   0.95   0     0     0  BRK-0, REST-0
     5     CS    9.195   372.2   1.20   1.20   1.20   0     0     0  BRK-0, REST-0
     6     CS    9.444   347.5   1.44   1.44   1.44   0     0     0  BRK-0, REST-0
     7     CS    9.685   321.0   1.68   1.68   1.68   0     0     0  BRK-0, REST-0
     8     CS    9.950   296.5   1.95   1.95   1.95   0     0     0  BRK-0, REST-0
     9     CS   10.256   266.7   2.26   2.26   2.26   0     0     0  BRK-0, REST-0
    10     CS   10.545   235.6   2.55   2.55   2.55   0     0     0  BRK-0, REST-0
    11     CS   10.872   207.2   2.87   2.87   2.87   0     0     0  BRK-0, REST-0
    12     CS   11.111   180.6   3.11   3.11   3.11   0     0     0  BRK-0, REST-0
    13     CS   11.351   154.0   3.35   3.35   3.35   1   b45     0  CHARGE, BRK-B45, REST-0
    14     CS   12.904   410.9   0.25   3.60   4.02   0     0     0  BRK-0, REST-0
    15     CS   13.164   385.9   0.51   3.86   4.28   0     0     0  BRK-0, REST-0
    16     CS   13.416   360.1   0.76   4.11   4.53   0     0     0  BRK-0, REST-0
    17     CS   13.654   332.9   1.00   4.35   4.77   0     0     0  BRK-0, REST-0
    18     CS   13.907   307.1   1.25   4.60   5.02   0     0     0  BRK-0, REST-0
    19   CUST   14.248   274.1   1.59   4.94   5.36   0     0     0  BRK-0, REST-0
    20     CS   15.014   245.2   1.86   5.21   6.13   0     0     0  BRK-0, REST-0
    21     CS   15.309   218.5   2.15   5.51   6.42   0     0     0  BRK-0, REST-0
    22   CUST   15.574   189.5   2.42   5.77   6.69   0     0     0  BRK-0, REST-0
    23   CUST   16.220   174.5   2.57   5.92   7.33   0     0     0  BRK-0, REST-0
    24     CS   16.743   171.8   2.59   5.94   7.86   0     0     0  BRK-0, REST-0
    25     CS   16.763   170.1   2.61   5.96   7.88   1   b15     0  CHARGE, BRK-B15, REST-0
    26     CS   17.605   373.4   2.86   6.21   8.39   0     0     0  BRK-0, REST-0
    27     CS   17.848   346.0   3.10   6.46   8.63   0     0     0  BRK-0, REST-0
    28     CS   18.056   324.0   3.31   6.66   8.84   1   b30     0  CHARGE, BRK-B30, REST-0
    29     CS   19.083   466.2   0.27   6.93   9.37   0     0     0  BRK-0, REST-0
    30     CS   19.313   445.8   0.50   7.16   9.60   1   b15     0  CHARGE, BRK-B15, REST-0
    31     CS   20.086   472.0   0.74   7.40  10.12   0     0     0  BRK-0, REST-0
    32     CS   20.318   447.7   0.97   7.63  10.35   0     0     0  BRK-0, REST-0
    33     CS   20.574   425.1   1.22   7.89  10.61   0     0     0  BRK-0, REST-0
    34     CS   20.832   402.5   1.48   8.15  10.87   0     0     0  BRK-0, REST-0
    35     CS   21.097   376.2   1.75   8.41  11.13   0     0     0  BRK-0, REST-0
    36     CS   21.356   349.4   2.01   8.67  11.39   0     0     0  BRK-0, REST-0
    37     CS   21.722   327.7   2.37   9.04  11.76   0     0     0  BRK-0, REST-0
    38     CS   21.945   301.4   2.60   9.26  11.98   0     0     0  BRK-0, REST-0
    39     CS   22.172   275.7   2.82   9.49  12.21   0     0     0  BRK-0, REST-0
    40     CS   22.403   250.3   3.05   9.72  12.44   0     0    r2  BRK-0, REST-R2
    41     CS   31.801   225.9   0.23   0.23   0.23   0     0     0  BRK-0, REST-0
    42     CS   32.036   201.8   0.47   0.47   0.47   0     0     0  BRK-0, REST-0
    43     CS   32.266   177.3   0.70   0.70   0.70   0   b15     0  BRK-B15, REST-0
    44     CS   32.911   152.6   0.92   0.92   1.09   1   b30     0  CHARGE, BRK-B30, REST-0
    45     CS   34.086   442.7   0.25   1.17   1.66   0     0     0  BRK-0, REST-0
    46     CS   34.350   414.8   0.51   1.44   1.92   0     0     0  BRK-0, REST-0
    47     CS   34.582   387.5   0.75   1.67   2.15   0   b15     0  BRK-B15, REST-0
    48   CUST   35.268   363.2   1.02   1.94   2.59   0     0     0  BRK-0, REST-0
    49   CUST   35.846   358.7   1.09   2.02   3.17   0     0     0  BRK-0, REST-0
    50     CS   36.523   341.6   1.27   2.19   3.85   0     0     0  BRK-0, REST-0
    51     CS   36.781   313.5   1.53   2.45   4.10   0     0     0  BRK-0, REST-0
    52     CS   37.036   285.3   1.78   2.71   4.36   0     0     0  BRK-0, REST-0
    53     CS   37.286   256.4   2.03   2.96   4.61   0     0     0  BRK-0, REST-0
    54     CS   37.535   230.7   2.28   3.21   4.86   0     0     0  BRK-0, REST-0
    55     CS   37.776   204.2   2.52   3.45   5.10   1     0     0  CHARGE, BRK-0, REST-0
    56     CS   38.693   213.9   2.80   3.72   6.02   0     0     0  BRK-0, REST-0
    57     CS   38.945   184.4   3.05   3.97   6.27   0     0     0  BRK-0, REST-0
    58     CS   39.202   155.2   3.30   4.23   6.52   0     0     0  BRK-0, REST-0
    59     CS   39.485   128.2   3.59   4.51   6.81   1     0     0  CHARGE, BRK-0, REST-0
    60     CS   40.407   231.4   3.87   4.80   7.73   0     0     0  BRK-0, REST-0
    61   CUST   40.694   204.2   4.16   5.08   8.02   0     0    r2  BRK-0, REST-R2
    62   CUST   50.254   198.9   0.06   0.06   0.06   0     0     0  BRK-0, REST-0
    63     CS   50.765   197.6   0.07   0.07   0.57   1   b45     0  CHARGE, BRK-B45, REST-0
    64     CS   52.419   474.1   0.20   0.27   1.16   0     0     0  BRK-0, REST-0
    65     CS   52.627   450.9   0.41   0.48   1.36   0     0     0  BRK-0, REST-0
    66   CUST   52.835   427.7   0.62   0.69   1.57   0     0     0  BRK-0, REST-0
    67   CUST   53.391   424.1   0.67   0.74   2.13   0     0     0  BRK-0, REST-0
    68   CUST   54.091   404.4   0.87   0.94   2.83   0     0     0  BRK-0, REST-0
    69     CS   54.641   399.5   0.92   0.99   3.38   0     0     0  BRK-0, REST-0
    70   CUST   54.913   368.8   1.20   1.27   3.65   0     0     0  BRK-0, REST-0
    71     CS   55.751   329.9   1.53   1.60   4.49   0     0     0  BRK-0, REST-0
    72     CS   55.965   307.2   1.75   1.82   4.70   0     0     0  BRK-0, REST-0
    73     CS   56.220   287.2   2.00   2.07   4.96   0     0     0  BRK-0, REST-0
    74     CS   56.454   266.1   2.24   2.31   5.19   0     0     0  BRK-0, REST-0
    75     CS   56.693   244.2   2.47   2.55   5.43   0     0     0  BRK-0, REST-0
    76     CS   56.916   221.2   2.70   2.77   5.65   0     0     0  BRK-0, REST-0
    77     CS   57.176   200.6   2.96   3.03   5.91   1   b45     0  CHARGE, BRK-B45, REST-0
    78     CS   58.545   448.8   0.23   3.26   6.34   0     0     0  BRK-0, REST-0
    79     CS   58.808   426.4   0.49   3.52   6.61   0     0     0  BRK-0, REST-0
    80     CS   59.049   402.6   0.73   3.76   6.85   0     0     0  BRK-0, REST-0
    81     CS   59.280   377.1   0.96   3.99   7.08   0     0     0  BRK-0, REST-0
    82     CS   59.523   352.8   1.20   4.23   7.32   0     0     0  BRK-0, REST-0
    83     CS   59.761   328.0   1.44   4.47   7.56   0     0     0  BRK-0, REST-0
    84     CS   60.036   300.9   1.72   4.75   7.84   0     0     0  BRK-0, REST-0
    85     CS   60.333   275.4   2.02   5.04   8.13   0     0     0  BRK-0, REST-0
    86     CS   60.561   251.2   2.24   5.27   8.36   0     0     0  BRK-0, REST-0
    87     CS   60.780   226.3   2.46   5.49   8.58   0     0     0  BRK-0, REST-0
    88     CS   61.010   202.3   2.69   5.72   8.81   0     0     0  BRK-0, REST-0
    89     CS   61.276   171.5   2.96   5.99   9.07   0     0     0  BRK-0, REST-0
    90     CS   61.544   140.8   3.23   6.25   9.34   0     0     0  BRK-0, REST-0
  RmediumCmanyTtight_12__mix: duration None h  infeasible=False  tw=5  62 min
  ScenarioTracker saved: /mnt/beegfs/users/celinep/ChargeAndBreak/ML/la_mixed/logs/sensitivity/RshortCmanyTtight_12__mix_LA_S25_H24_20261005_100823_scenarios.json

  === SIMULATION TRAJECTORY ===
  stop   type    t_arr     soc     cd     sd     sw   y   brk   rst  action
  ───────────────────────────────────────────────────────────────────────────────────────────────
     0   ORIG    8.000   500.0   0.00   0.00   0.00   0     —     —  —
     1     CS    8.224   473.1   0.22   0.22   0.22   0     0     0  BRK-0, REST-0
     2     CS    8.456   447.1   0.46   0.46   0.46   0     0     0  BRK-0, REST-0
     3     CS    8.681   420.2   0.68   0.68   0.68   0     0     0  BRK-0, REST-0
     4     CS    8.915   395.5   0.92   0.92   0.92   0     0     0  BRK-0, REST-0
     5     CS    9.137   369.7   1.14   1.14   1.14   0     0     0  BRK-0, REST-0
     6     CS    9.373   345.1   1.37   1.37   1.37   0     0     0  BRK-0, REST-0
     7     CS    9.592   318.9   1.59   1.59   1.59   0     0     0  BRK-0, REST-0
     8     CS    9.893   288.4   1.89   1.89   1.89   0     0     0  BRK-0, REST-0
     9     CS   10.172   256.0   2.17   2.17   2.17   0     0     0  BRK-0, REST-0
    10     CS   10.411   228.1   2.41   2.41   2.41   0     0     0  BRK-0, REST-0
    11     CS   10.652   200.5   2.65   2.65   2.65   0     0     0  BRK-0, REST-0
    12     CS   10.942   176.4   2.94   2.94   2.94   0     0     0  BRK-0, REST-0
    13     CS   11.381   129.0   3.38   3.38   3.38   1   b45     0  CHARGE, BRK-B45, REST-0
    14     CS   12.672   476.4   0.23   3.61   3.91   0     0     0  BRK-0, REST-0
    15     CS   12.903   453.9   0.46   3.84   4.14   0     0     0  BRK-0, REST-0
    16     CS   13.131   431.3   0.69   4.07   4.37   0     0     0  BRK-0, REST-0
    17     CS   13.374   402.0   0.93   4.31   4.61   0     0     0  BRK-0, REST-0
    18     CS   13.650   375.6   1.21   4.59   4.88   0     0     0  BRK-0, REST-0
    19     CS   13.902   347.2   1.46   4.84   5.14   0     0     0  BRK-0, REST-0
    20     CS   14.151   318.5   1.71   5.09   5.39   0     0     0  BRK-0, REST-0
    21     CS   14.416   296.2   1.97   5.35   5.65   0     0     0  BRK-0, REST-0
    22     CS   14.639   270.9   2.20   5.58   5.87   0     0     0  BRK-0, REST-0
    23     CS   14.858   245.2   2.42   5.80   6.09   1   b15     0  CHARGE, BRK-B15, REST-0
    24   CUST   15.921   361.0   2.81   6.19   6.90   0     0     0  BRK-0, REST-0
    25   CUST   16.776   323.7   3.16   6.54   7.76   0     0     0  BRK-0, REST-0
    26     CS   17.514   297.0   3.40   6.78   8.50   0     0     0  BRK-0, REST-0
    27   CUST   17.774   272.1   3.66   7.04   8.76   0   b30     0  BRK-B30, REST-0
    28     CS   18.774   272.1   0.00   7.04   9.26   0     0     0  BRK-0, REST-0
    29     CS   18.791   270.1   0.02   7.06   9.28   0     0     0  BRK-0, REST-0
    30     CS   19.032   246.3   0.26   7.30   9.52   0     0     0  BRK-0, REST-0
    31     CS   19.270   222.2   0.50   7.54   9.75   0     0     0  BRK-0, REST-0
    32   CUST   19.506   198.0   0.73   7.77   9.99   0     0     0  BRK-0, REST-0
    33     CS   20.244   170.5   0.97   8.01  10.73   0     0     0  BRK-0, REST-0
    34     CS   20.494   144.1   1.22   8.26  10.98   0     0     0  BRK-0, REST-0
    35     CS   20.755   118.5   1.48   8.52  11.24   1   b30     0  CHARGE, BRK-B30, REST-0
    36   CUST   21.995   448.3   1.76   8.80  11.83   0     0    r2  BRK-0, REST-R2
    37   CUST   31.766   417.5   0.27   0.27   0.27   0     0     0  BRK-0, REST-0
    38     CS   32.534   399.5   0.54   0.54   1.04   0     0     0  BRK-0, REST-0
    39   CUST   32.709   378.8   0.71   0.71   1.21   0     0     0  BRK-0, REST-0
    40   CUST   33.483   348.3   0.99   0.99   1.99   0     0     0  BRK-0, REST-0
    41     CS   34.043   341.9   1.05   1.05   2.55   0     0     0  BRK-0, REST-0
    42     CS   34.440   294.2   1.45   1.45   2.95   0     0     0  BRK-0, REST-0
    43     CS   34.799   267.1   1.80   1.80   3.30   0     0     0  BRK-0, REST-0
    44     CS   35.089   235.7   2.09   2.09   3.59   1   b15     0  CHARGE, BRK-B15, REST-0
    45     CS   35.879   386.8   2.37   2.37   4.13   0     0     0  BRK-0, REST-0
    46     CS   36.160   357.3   2.65   2.65   4.42   0     0     0  BRK-0, REST-0
    47     CS   36.493   331.1   2.98   2.98   4.75   0     0     0  BRK-0, REST-0
  RshortCmanyTtight_12__mix: duration None h  infeasible=False  tw=0  21 min
  ScenarioTracker saved: /mnt/beegfs/users/celinep/ChargeAndBreak/ML/la_mixed/logs/sensitivity/RshortCmanyTtight_13__mix_LA_S25_H24_20261005_102856_scenarios.json

  === SIMULATION TRAJECTORY ===
  stop   type    t_arr     soc     cd     sd     sw   y   brk   rst  action
  ───────────────────────────────────────────────────────────────────────────────────────────────
     0   ORIG    8.000   500.0   0.00   0.00   0.00   0     —     —  —
     1     CS    8.241   474.7   0.24   0.24   0.24   0     0     0  BRK-0, REST-0
     2     CS    8.522   452.0   0.52   0.52   0.52   0     0     0  BRK-0, REST-0
     3     CS    8.757   426.2   0.76   0.76   0.76   0     0     0  BRK-0, REST-0
     4     CS    9.018   401.3   1.02   1.02   1.02   0     0     0  BRK-0, REST-0
     5     CS    9.253   374.3   1.25   1.25   1.25   0     0     0  BRK-0, REST-0
     6     CS    9.538   346.4   1.54   1.54   1.54   0     0     0  BRK-0, REST-0
     7     CS    9.799   316.4   1.80   1.80   1.80   0     0     0  BRK-0, REST-0
     8     CS   10.060   286.5   2.06   2.06   2.06   0     0     0  BRK-0, REST-0
     9     CS   10.317   256.2   2.32   2.32   2.32   0     0     0  BRK-0, REST-0
    10     CS   10.546   229.7   2.55   2.55   2.55   0     0     0  BRK-0, REST-0
    11     CS   10.789   204.7   2.79   2.79   2.79   0     0     0  BRK-0, REST-0
    12   CUST   11.034   179.7   3.03   3.03   3.03   0     0     0  BRK-0, REST-0
    13     CS   11.799   151.2   3.30   3.30   3.80   1   b15     0  CHARGE, BRK-B15, REST-0
    14   CUST   12.715   373.7   3.59   3.59   4.36   0   b30     0  BRK-B30, REST-0
    15     CS   13.791   366.4   0.08   3.67   4.94   0     0     0  BRK-0, REST-0
    16     CS   13.966   345.7   0.25   3.84   5.11   0     0     0  BRK-0, REST-0
    17     CS   14.221   315.8   0.51   4.10   5.37   0     0     0  BRK-0, REST-0
    18   CUST   14.483   286.5   0.77   4.36   5.63   0     0     0  BRK-0, REST-0
    19   CUST   15.261   256.3   1.05   4.64   6.41   0     0     0  BRK-0, REST-0
    20     CS   16.045   229.9   1.33   4.92   7.19   1   b30     0  CHARGE, BRK-B30, REST-0
    21     CS   17.102   448.1   1.50   5.09   7.68   0     0     0  BRK-0, REST-0
    22     CS   17.374   417.0   1.78   5.37   7.95   0     0     0  BRK-0, REST-0
    23     CS   17.648   386.0   2.05   5.64   8.23   0     0     0  BRK-0, REST-0
    24     CS   17.932   356.0   2.33   5.92   8.51   1     0     0  CHARGE, BRK-0, REST-0
    25     CS   18.675   367.5   2.59   6.18   9.25   0     0     0  BRK-0, REST-0
    26   CUST   18.916   339.9   2.83   6.43   9.50   0     0     0  BRK-0, REST-0
    27     CS   19.524   327.3   2.94   6.53  10.10   0     0     0  BRK-0, REST-0
    28     CS   19.768   300.5   3.19   6.78  10.35   0     0     0  BRK-0, REST-0
    29   CUST   20.001   272.7   3.42   7.01  10.58   0     0     0  BRK-0, REST-0
    30   CUST   20.762   245.6   3.68   7.27  11.34   0     0    r2  BRK-0, REST-R2
    31     CS   30.364   233.6   0.10   0.10   0.10   0     0     0  BRK-0, REST-0
    32   CUST   30.665   203.1   0.40   0.40   0.40   0     0     0  BRK-0, REST-0
    33     CS   31.457   177.8   0.70   0.70   1.20   0     0     0  BRK-0, REST-0
    34     CS   31.726   150.8   0.96   0.96   1.46   0     0     0  BRK-0, REST-0
    35     CS   31.934   128.4   1.17   1.17   1.67   1   b15     0  CHARGE, BRK-B15, REST-0
    36     CS   32.782   372.1   1.40   1.40   2.25   0     0     0  BRK-0, REST-0
    37     CS   33.006   347.0   1.62   1.62   2.48   0     0     0  BRK-0, REST-0
    38     CS   33.236   322.5   1.85   1.85   2.71   0     0     0  BRK-0, REST-0
    39   CUST   33.455   297.0   2.07   2.07   2.92   0     0     0  BRK-0, REST-0
    40   CUST   33.962   296.4   2.08   2.08   3.43   0     0     0  BRK-0, REST-0
    41   CUST   34.866   250.5   2.48   2.48   4.34   0     0     0  BRK-0, REST-0
    42   CUST   35.496   236.4   2.61   2.61   4.97   0     0     0  BRK-0, REST-0
    43     CS   36.231   208.2   2.85   2.85   5.70   1   b30     0  CHARGE, BRK-B30, REST-0
    44     CS   37.049   384.0   0.04   2.89   6.00   0     0     0  BRK-0, REST-0
    45     CS   37.409   341.1   0.40   3.25   6.36   0     0     0  BRK-0, REST-0
    46     CS   37.645   316.6   0.64   3.48   6.60   0     0     0  BRK-0, REST-0
    47     CS   37.881   292.0   0.87   3.72   6.84   0     0     0  BRK-0, REST-0
    48     CS   38.101   265.9   1.09   3.94   7.06   0     0     0  BRK-0, REST-0
    49     CS   38.351   242.4   1.34   4.19   7.31   1   b15     0  CHARGE, BRK-B15, REST-0
    50     CS   39.157   378.8   1.62   4.47   7.86   0     0     0  BRK-0, REST-0
    51     CS   39.409   350.6   1.87   4.72   8.11   0     0     0  BRK-0, REST-0
    52     CS   39.672   323.3   2.14   4.98   8.38   0     0     0  BRK-0, REST-0
    53     CS   39.881   298.2   2.35   5.19   8.59   0     0     0  BRK-0, REST-0
    54     CS   40.092   273.3   2.56   5.40   8.80   0     0     0  BRK-0, REST-0
  RshortCmanyTtight_13__mix: duration None h  infeasible=False  tw=1  23 min
  ScenarioTracker saved: /mnt/beegfs/users/celinep/ChargeAndBreak/ML/la_mixed/logs/sensitivity/RshortCmanyTtight_14__mix_LA_S25_H24_20261005_105148_scenarios.json

  === SIMULATION TRAJECTORY ===
  stop   type    t_arr     soc     cd     sd     sw   y   brk   rst  action
  ───────────────────────────────────────────────────────────────────────────────────────────────
     0   ORIG    8.000   500.0   0.00   0.00   0.00   0     —     —  —
     1     CS    8.240   474.7   0.24   0.24   0.24   0     0     0  BRK-0, REST-0
     2     CS    8.482   449.4   0.48   0.48   0.48   0     0     0  BRK-0, REST-0
     3     CS    8.728   424.5   0.73   0.73   0.73   0     0     0  BRK-0, REST-0
     4     CS    9.000   398.3   1.00   1.00   1.00   0     0     0  BRK-0, REST-0
     5     CS    9.270   372.0   1.27   1.27   1.27   0     0     0  BRK-0, REST-0
     6     CS    9.539   341.4   1.54   1.54   1.54   0     0     0  BRK-0, REST-0
     7     CS    9.805   310.5   1.81   1.81   1.81   0     0     0  BRK-0, REST-0
     8     CS   10.071   279.6   2.07   2.07   2.07   1   b45     0  CHARGE, BRK-B45, REST-0
     9     CS   11.399   459.7   0.21   2.29   2.65   0     0     0  BRK-0, REST-0
    10     CS   11.612   438.2   0.43   2.50   2.86   0     0     0  BRK-0, REST-0
    11     CS   11.807   414.9   0.62   2.69   3.06   0     0     0  BRK-0, REST-0
    12     CS   12.070   384.5   0.89   2.96   3.32   0     0     0  BRK-0, REST-0
    13     CS   12.350   355.7   1.17   3.24   3.60   0     0     0  BRK-0, REST-0
    14   CUST   12.650   328.3   1.47   3.54   3.90   0   b15     0  BRK-B15, REST-0
    15   CUST   13.608   315.1   1.59   3.66   4.53   0     0     0  BRK-0, REST-0
    16     CS   14.547   270.0   2.03   4.10   5.47   0     0     0  BRK-0, REST-0
    17   CUST   14.622   261.4   2.11   4.18   5.54   0     0     0  BRK-0, REST-0
    18   CUST   15.728   218.9   2.71   4.78   6.65   0     0     0  BRK-0, REST-0
    19     CS   16.228   218.9   2.71   4.78   7.15   0     0     0  BRK-0, REST-0
    20     CS   16.505   188.1   2.99   5.06   7.42   0     0     0  BRK-0, REST-0
    21   CUST   16.872   162.6   3.36   5.43   7.79   0     0     0  BRK-0, REST-0
    22     CS   17.505   147.6   3.49   5.56   8.42   1   b30     0  CHARGE, BRK-B30, REST-0
    23     CS   18.532   423.6   0.24   5.80   8.95   0     0     0  BRK-0, REST-0
    24     CS   18.791   399.1   0.50   6.06   9.21   0     0     0  BRK-0, REST-0
    25     CS   19.058   372.9   0.77   6.33   9.48   0     0     0  BRK-0, REST-0
    26     CS   19.328   346.9   1.04   6.60   9.75   0     0     0  BRK-0, REST-0
    27   CUST   19.584   319.8   1.29   6.85  10.00   0     0     0  BRK-0, REST-0
    28     CS   20.351   294.7   1.56   7.12  10.77   0     0     0  BRK-0, REST-0
    29     CS   20.586   267.0   1.79   7.36  11.01   0     0     0  BRK-0, REST-0
    30   CUST   20.852   241.7   2.06   7.62  11.27   0     0     0  BRK-0, REST-0
    31     CS   21.420   235.9   2.13   7.69  11.84   0     0     0  BRK-0, REST-0
    32   CUST   21.438   234.0   2.15   7.71  11.86   0     0     0  BRK-0, REST-0
    33     CS   21.968   230.8   2.18   7.74  12.39   0     0     0  BRK-0, REST-0
    34   CUST   22.224   201.0   2.43   7.99  12.64   0     0    r2  BRK-0, REST-R2
    35   CUST   31.827   195.6   0.10   0.10   0.10   0     0     0  BRK-0, REST-0
    36   CUST   32.490   177.4   0.27   0.27   0.77   0     0     0  BRK-0, REST-0
    37   CUST   33.014   174.8   0.29   0.29   1.29   0     0     0  BRK-0, REST-0
    38     CS   33.877   134.7   0.65   0.65   2.15   1   b15     0  CHARGE, BRK-B15, REST-0
    39     CS   34.542   315.7   0.74   0.74   2.55   0     0     0  BRK-0, REST-0
    40     CS   34.883   295.8   1.08   1.08   2.89   0     0     0  BRK-0, REST-0
    41     CS   35.114   270.4   1.31   1.31   3.12   0     0     0  BRK-0, REST-0
    42     CS   35.380   247.5   1.58   1.58   3.38   0     0     0  BRK-0, REST-0
    43     CS   35.626   221.2   1.83   1.83   3.63   0     0     0  BRK-0, REST-0
    44     CS   35.951   199.2   2.15   2.15   3.95   0     0     0  BRK-0, REST-0
    45   CUST   36.363   179.4   2.56   2.56   4.37   0     0     0  BRK-0, REST-0
    46     CS   37.070   157.6   2.77   2.77   5.07   0     0     0  BRK-0, REST-0
    47     CS   37.271   135.4   2.97   2.97   5.27   0     0     0  BRK-0, REST-0
    48   CUST   37.517   116.2   3.22   3.22   5.52   0     0     0  BRK-0, REST-0
    49     CS   38.054   112.5   3.25   3.25   6.06   1   b30     0  CHARGE, BRK-B30, REST-0
    50   CUST   38.981   393.0   0.21   3.46   6.48   0     0     0  BRK-0, REST-0
    51     CS   39.573   383.6   0.30   3.55   7.08   0     0     0  BRK-0, REST-0
    52     CS   39.846   354.8   0.57   3.83   7.35   0     0     0  BRK-0, REST-0
    53     CS   40.106   324.7   0.83   4.09   7.61   0     0     0  BRK-0, REST-0
    54     CS   40.408   300.1   1.14   4.39   7.91   0     0     0  BRK-0, REST-0
    55     CS   40.677   273.3   1.40   4.66   8.18   0     0     0  BRK-0, REST-0
    56     CS   40.990   249.1   1.72   4.97   8.49   0     0     0  BRK-0, REST-0
    57     CS   41.318   220.8   2.04   5.30   8.82   0     0     0  BRK-0, REST-0
    58     CS   41.602   189.2   2.33   5.58   9.11   1   b15     0  CHARGE, BRK-B15, REST-0
    59     CS   42.377   334.0   2.63   5.88   9.63   0     0     0  BRK-0, REST-0
    60     CS   42.644   304.0   2.90   6.15   9.90   0     0     0  BRK-0, REST-0
    61     CS   42.920   274.8   3.17   6.42  10.17   0     0     0  BRK-0, REST-0
    62     CS   43.179   244.1   3.43   6.68  10.43   0     0     0  BRK-0, REST-0
    63     CS   43.445   212.7   3.70   6.95  10.70   0     0     0  BRK-0, REST-0
  RshortCmanyTtight_14__mix: duration None h  infeasible=False  tw=0  29 min
  ScenarioTracker saved: /mnt/beegfs/users/celinep/ChargeAndBreak/ML/la_mixed/logs/sensitivity/RshortCmanyTtight_15__mix_LA_S25_H24_20261005_112108_scenarios.json

  === SIMULATION TRAJECTORY ===
  stop   type    t_arr     soc     cd     sd     sw   y   brk   rst  action
  ───────────────────────────────────────────────────────────────────────────────────────────────
     0   ORIG    8.000   500.0   0.00   0.00   0.00   0     —     —  —
     1     CS    8.227   473.4   0.23   0.23   0.23   0   b15     0  BRK-B15, REST-0
     2     CS    8.954   447.5   0.46   0.46   0.63   0     0     0  BRK-0, REST-0
     3     CS    9.196   422.3   0.70   0.70   0.87   0     0     0  BRK-0, REST-0
     4     CS    9.495   390.5   1.00   1.00   1.17   0     0     0  BRK-0, REST-0
     5     CS    9.788   358.1   1.29   1.29   1.46   0     0     0  BRK-0, REST-0
     6     CS   10.121   328.8   1.63   1.63   1.79   0     0     0  BRK-0, REST-0
     7     CS   10.313   306.1   1.82   1.82   1.99   0     0     0  BRK-0, REST-0
     8     CS   10.505   283.4   2.01   2.01   2.18   0     0     0  BRK-0, REST-0
     9     CS   10.710   261.9   2.22   2.22   2.38   0     0     0  BRK-0, REST-0
    10     CS   10.968   234.3   2.48   2.48   2.64   0     0     0  BRK-0, REST-0
    11     CS   11.228   206.8   2.74   2.74   2.90   0     0     0  BRK-0, REST-0
    12     CS   11.483   178.9   2.99   2.99   3.16   1   b30     0  CHARGE, BRK-B30, REST-0
    13     CS   12.637   427.7   0.36   3.35   3.81   0     0     0  BRK-0, REST-0
    14     CS   12.935   395.8   0.65   3.65   4.11   0     0     0  BRK-0, REST-0
    15     CS   13.207   365.1   0.93   3.92   4.38   0     0     0  BRK-0, REST-0
    16   CUST   13.486   335.0   1.21   4.20   4.66   0     0     0  BRK-0, REST-0
    17     CS   14.218   309.3   1.44   4.43   5.39   0     0     0  BRK-0, REST-0
    18     CS   14.454   284.0   1.67   4.66   5.63   0     0     0  BRK-0, REST-0
    19     CS   14.693   258.9   1.91   4.90   5.87   0     0     0  BRK-0, REST-0
    20   CUST   14.990   236.1   2.21   5.20   6.16   0     0     0  BRK-0, REST-0
    21     CS   15.851   194.6   2.57   5.56   7.03   1   b45     0  CHARGE, BRK-B45, REST-0
    22     CS   16.961   483.8   0.13   5.69   7.35   0     0     0  BRK-0, REST-0
    23     CS   17.163   459.6   0.34   5.90   7.55   0     0     0  BRK-0, REST-0
    24     CS   17.380   436.8   0.55   6.11   7.77   0     0     0  BRK-0, REST-0
    25     CS   17.584   413.0   0.76   6.32   7.97   0     0     0  BRK-0, REST-0
    26     CS   17.852   382.4   1.02   6.59   8.24   0     0     0  BRK-0, REST-0
    27     CS   18.142   353.8   1.31   6.88   8.53   0     0     0  BRK-0, REST-0
    28     CS   18.486   328.3   1.66   7.22   8.88   0     0     0  BRK-0, REST-0
    29   CUST   18.766   298.8   1.94   7.50   9.16   0     0     0  BRK-0, REST-0
    30     CS   19.501   271.9   2.17   7.73   9.89   0     0     0  BRK-0, REST-0
    31   CUST   19.769   243.1   2.44   8.00  10.16   0     0    r2  BRK-0, REST-R2
    32     CS   29.441   226.8   0.17   0.17   0.17   0     0     0  BRK-0, REST-0
    33     CS   29.715   196.8   0.45   0.45   0.45   0     0     0  BRK-0, REST-0
    34     CS   29.997   167.5   0.73   0.73   0.73   1   b15     0  CHARGE, BRK-B15, REST-0
    35     CS   30.746   379.1   0.94   0.94   1.23   0     0     0  BRK-0, REST-0
    36     CS   30.973   355.7   1.17   1.17   1.45   0     0     0  BRK-0, REST-0
    37   CUST   31.218   333.5   1.42   1.42   1.70   0     0     0  BRK-0, REST-0
    38     CS   31.992   306.0   1.69   1.69   2.47   0     0     0  BRK-0, REST-0
    39     CS   32.243   276.5   1.94   1.94   2.72   0     0     0  BRK-0, REST-0
    40     CS   32.495   247.1   2.19   2.19   2.98   1   b30     0  CHARGE, BRK-B30, REST-0
    41   CUST   33.365   441.1   0.13   2.32   3.35   0     0     0  BRK-0, REST-0
    42   CUST   33.894   437.8   0.16   2.35   3.88   0     0     0  BRK-0, REST-0
    43     CS   34.842   395.5   0.61   2.80   4.82   0     0     0  BRK-0, REST-0
    44   CUST   34.882   391.0   0.65   2.84   4.86   0     0     0  BRK-0, REST-0
    45   CUST   35.497   379.0   0.76   2.96   5.48   0     0     0  BRK-0, REST-0
    46     CS   36.301   342.8   1.07   3.26   6.28   0     0     0  BRK-0, REST-0
    47     CS   36.681   300.7   1.45   3.64   6.66   0     0     0  BRK-0, REST-0
    48     CS   36.951   270.2   1.72   3.91   6.93   0     0     0  BRK-0, REST-0
    49     CS   37.233   240.8   2.00   4.19   7.21   0     0     0  BRK-0, REST-0
    50     CS   37.514   211.3   2.28   4.47   7.50   1   b15     0  CHARGE, BRK-B15, REST-0
    51     CS   38.303   219.7   2.56   4.75   8.03   0     0     0  BRK-0, REST-0
    52     CS   38.739   197.2   2.99   5.19   8.47   0     0     0  BRK-0, REST-0
    53     CS   39.039   168.8   3.29   5.49   8.77   0     0     0  BRK-0, REST-0
  RshortCmanyTtight_15__mix: duration None h  infeasible=False  tw=0  25 min
  ScenarioTracker saved: /mnt/beegfs/users/celinep/ChargeAndBreak/ML/la_mixed/logs/sensitivity/RshortCmanyTtight_16__mix_LA_S25_H24_20261005_114605_scenarios.json

  === SIMULATION TRAJECTORY ===
  stop   type    t_arr     soc     cd     sd     sw   y   brk   rst  action
  ───────────────────────────────────────────────────────────────────────────────────────────────
     0   ORIG    8.000   500.0   0.00   0.00   0.00   0     —     —  —
     1     CS    8.228   473.5   0.23   0.23   0.23   0     0     0  BRK-0, REST-0
     2     CS    8.459   447.3   0.46   0.46   0.46   0     0     0  BRK-0, REST-0
     3     CS    8.684   420.5   0.68   0.68   0.68   0     0     0  BRK-0, REST-0
     4     CS    8.966   389.5   0.97   0.97   0.97   0     0     0  BRK-0, REST-0
     5     CS    9.287   361.5   1.29   1.29   1.29   0     0     0  BRK-0, REST-0
     6     CS    9.571   328.2   1.57   1.57   1.57   0     0     0  BRK-0, REST-0
     7     CS   10.071   304.3   2.07   2.07   2.07   0     0     0  BRK-0, REST-0
     8     CS   10.358   271.4   2.36   2.36   2.36   0     0     0  BRK-0, REST-0
     9     CS   10.659   241.3   2.66   2.66   2.66   0     0     0  BRK-0, REST-0
    10     CS   11.146   217.9   3.15   3.15   3.15   0     0     0  BRK-0, REST-0
    11     CS   11.426   186.0   3.43   3.43   3.43   0     0     0  BRK-0, REST-0
    12     CS   11.790   154.6   3.79   3.79   3.79   0     0     0  BRK-0, REST-0
    13     CS   12.077   133.1   4.08   4.08   4.08   0     0     0  BRK-0, REST-0
    14     CS   12.315   108.6   4.31   4.31   4.31   1   b45     0  CHARGE, BRK-B45, REST-0
    15     CS   13.706   456.0   0.22   4.54   4.88   0     0     0  BRK-0, REST-0
    16   CUST   13.941   431.3   0.46   4.77   5.12   0     0     0  BRK-0, REST-0
    17   CUST   14.601   420.0   0.62   4.93   5.78   0   b15     0  BRK-B15, REST-0
    18     CS   15.488   410.3   0.75   5.07   6.41   0     0     0  BRK-0, REST-0
    19     CS   15.864   374.5   1.13   5.45   6.79   0     0     0  BRK-0, REST-0
    20     CS   16.097   347.7   1.36   5.68   7.02   0     0     0  BRK-0, REST-0
    21     CS   16.350   322.6   1.62   5.93   7.28   0     0     0  BRK-0, REST-0
    22     CS   16.586   296.1   1.85   6.17   7.51   0     0     0  BRK-0, REST-0
    23     CS   16.806   270.4   2.07   6.39   7.73   0     0     0  BRK-0, REST-0
    24     CS   17.025   244.7   2.29   6.61   7.95   0     0     0  BRK-0, REST-0
    25     CS   17.272   221.3   2.54   6.85   8.20   1   b30     0  CHARGE, BRK-B30, REST-0
    26     CS   18.424   435.4   0.25   7.11   8.85   0     0     0  BRK-0, REST-0
    27     CS   18.774   412.2   0.60   7.46   9.20   0     0     0  BRK-0, REST-0
    28     CS   19.032   383.8   0.86   7.72   9.46   0     0     0  BRK-0, REST-0
    29   CUST   19.294   355.6   1.12   7.98   9.72   0     0     0  BRK-0, REST-0
    30     CS   19.924   340.3   1.25   8.11  10.35   0     0     0  BRK-0, REST-0
    31   CUST   20.123   317.2   1.45   8.31  10.55   0     0     0  BRK-0, REST-0
    32     CS   20.841   291.7   1.67   8.52  11.27   0     0     0  BRK-0, REST-0
    33     CS   21.065   266.8   1.89   8.75  11.49   0     0     0  BRK-0, REST-0
    34   CUST   21.292   242.2   2.12   8.97  11.72   0     0     0  BRK-0, REST-0
    35     CS   21.838   237.0   2.17   9.02  12.26   0     0     0  BRK-0, REST-0
    36   CUST   21.924   227.1   2.25   9.11  12.35   0     0    r2  BRK-0, REST-R2
    37     CS   31.627   202.7   0.20   0.20   0.20   0     0     0  BRK-0, REST-0
    38     CS   31.863   180.9   0.44   0.44   0.44   0     0     0  BRK-0, REST-0
    39     CS   32.080   157.9   0.66   0.66   0.66   1   b45     0  CHARGE, BRK-B45, REST-0
    40   CUST   33.228   467.1   0.15   0.81   1.05   0     0     0  BRK-0, REST-0
    41     CS   34.063   427.9   0.49   1.14   1.89   0     0     0  BRK-0, REST-0
    42     CS   34.360   401.3   0.78   1.44   2.19   0     0     0  BRK-0, REST-0
    43     CS   34.696   374.1   1.12   1.77   2.52   0     0     0  BRK-0, REST-0
    44     CS   34.995   344.5   1.42   2.07   2.82   0     0     0  BRK-0, REST-0
    45     CS   35.281   313.8   1.70   2.36   3.11   0     0     0  BRK-0, REST-0
    46     CS   35.486   289.2   1.91   2.56   3.31   0     0     0  BRK-0, REST-0
    47     CS   35.707   266.0   2.13   2.79   3.53   0     0     0  BRK-0, REST-0
    48     CS   35.926   242.6   2.35   3.00   3.75   1   b15     0  CHARGE, BRK-B15, REST-0
    49     CS   36.594   393.7   2.58   3.24   4.17   0     0     0  BRK-0, REST-0
    50     CS   36.816   367.4   2.81   3.46   4.39   0     0     0  BRK-0, REST-0
    51     CS   37.044   341.7   3.03   3.69   4.62   0     0     0  BRK-0, REST-0
    52     CS   37.261   317.4   3.25   3.91   4.84   0     0     0  BRK-0, REST-0
    53     CS   37.471   292.4   3.46   4.12   5.05   0     0     0  BRK-0, REST-0
  RshortCmanyTtight_16__mix: duration None h  infeasible=False  tw=0  18 min
  ScenarioTracker saved: /mnt/beegfs/users/celinep/ChargeAndBreak/ML/la_mixed/logs/sensitivity/RshortCmanyTtight_17__mix_LA_S25_H24_20261005_120409_scenarios.json

  === SIMULATION TRAJECTORY ===
  stop   type    t_arr     soc     cd     sd     sw   y   brk   rst  action
  ───────────────────────────────────────────────────────────────────────────────────────────────
     0   ORIG    8.000   500.0   0.00   0.00   0.00   0     —     —  —
     1     CS    8.262   476.2   0.26   0.26   0.26   0     0     0  BRK-0, REST-0
     2     CS    8.520   452.2   0.52   0.52   0.52   0     0     0  BRK-0, REST-0
     3     CS    8.771   427.7   0.77   0.77   0.77   0     0     0  BRK-0, REST-0
     4     CS    9.001   407.3   1.00   1.00   1.00   0     0     0  BRK-0, REST-0
     5     CS    9.207   385.1   1.21   1.21   1.21   0     0     0  BRK-0, REST-0
     6     CS    9.409   362.6   1.41   1.41   1.41   0     0     0  BRK-0, REST-0
     7     CS    9.651   334.3   1.65   1.65   1.65   0     0     0  BRK-0, REST-0
     8     CS    9.926   308.6   1.93   1.93   1.93   0     0     0  BRK-0, REST-0
     9   CUST   10.183   281.6   2.18   2.18   2.18   0     0     0  BRK-0, REST-0
    10     CS   11.072   262.9   2.57   2.57   3.07   0     0     0  BRK-0, REST-0
    11     CS   11.307   238.2   2.81   2.81   3.31   0     0     0  BRK-0, REST-0
    12     CS   11.564   215.2   3.06   3.06   3.56   0     0     0  BRK-0, REST-0
    13     CS   11.763   191.9   3.26   3.26   3.76   0     0     0  BRK-0, REST-0
    14     CS   11.975   168.8   3.48   3.48   3.98   0     0     0  BRK-0, REST-0
    15     CS   12.181   145.0   3.68   3.68   4.18   0     0     0  BRK-0, REST-0
    16     CS   12.403   122.6   3.90   3.90   4.40   1   b15     0  CHARGE, BRK-B15, REST-0
    17     CS   13.273   130.7   4.23   4.23   5.02   1   b30     0  CHARGE, BRK-B30, REST-0
    18   CUST   14.670   454.4   0.31   4.54   5.72   0     0     0  BRK-0, REST-0
    19     CS   15.214   450.2   0.35   4.59   6.27   0     0     0  BRK-0, REST-0
    20     CS   15.423   427.9   0.56   4.80   6.48   0     0     0  BRK-0, REST-0
    21     CS   15.706   409.6   0.85   5.08   6.76   0     0     0  BRK-0, REST-0
    22     CS   15.925   388.1   1.06   5.30   6.98   0     0     0  BRK-0, REST-0
    23     CS   16.171   359.3   1.31   5.54   7.22   0     0     0  BRK-0, REST-0
    24     CS   16.444   332.9   1.58   5.82   7.50   0     0     0  BRK-0, REST-0
    25     CS   16.769   309.2   1.91   6.14   7.82   0     0     0  BRK-0, REST-0
    26     CS   17.062   278.0   2.20   6.44   8.12   0     0     0  BRK-0, REST-0
    27   CUST   17.373   248.3   2.51   6.75   8.43   0     0    r2  BRK-0, REST-R2
    28   CUST   26.970   237.0   0.10   0.10   0.10   0     0     0  BRK-0, REST-0
    29     CS   27.931   189.2   0.56   0.56   1.06   1   b30     0  CHARGE, BRK-B30, REST-0
    30   CUST   29.367   365.6   1.02   1.02   1.81   0     0     0  BRK-0, REST-0
    31   CUST   30.169   330.5   1.32   1.32   2.61   0     0     0  BRK-0, REST-0
    32     CS   30.728   324.0   1.38   1.38   3.17   0     0     0  BRK-0, REST-0
    33   CUST   30.745   322.0   1.39   1.39   3.18   0     0     0  BRK-0, REST-0
    34     CS   31.544   295.6   1.69   1.69   3.98   0     0     0  BRK-0, REST-0
    35   CUST   31.972   248.3   2.12   2.12   4.41   0     0     0  BRK-0, REST-0
    36     CS   32.791   210.1   2.44   2.44   5.23   0     0     0  BRK-0, REST-0
    37     CS   33.011   184.0   2.66   2.66   5.45   0     0     0  BRK-0, REST-0
    38     CS   33.270   161.1   2.92   2.92   5.71   0     0     0  BRK-0, REST-0
    39     CS   33.495   135.5   3.14   3.14   5.93   1     0     0  CHARGE, BRK-0, REST-0
  RshortCmanyTtight_17__mix: duration None h  infeasible=False  tw=1  7 min
  ScenarioTracker saved: /mnt/beegfs/users/celinep/ChargeAndBreak/ML/la_mixed/logs/sensitivity/RshortCmanyTtight_18__mix_LA_S25_H24_20261005_121105_scenarios.json

  === SIMULATION TRAJECTORY ===
  stop   type    t_arr     soc     cd     sd     sw   y   brk   rst  action
  ───────────────────────────────────────────────────────────────────────────────────────────────
     0   ORIG    8.000   500.0   0.00   0.00   0.00   0     —     —  —
     1     CS    8.224   473.1   0.22   0.22   0.22   0     0     0  BRK-0, REST-0
     2     CS    8.467   448.0   0.47   0.47   0.47   0     0     0  BRK-0, REST-0
     3     CS    8.787   427.0   0.79   0.79   0.79   0     0     0  BRK-0, REST-0
     4     CS    9.125   408.9   1.13   1.13   1.13   0     0     0  BRK-0, REST-0
     5     CS    9.344   385.5   1.34   1.34   1.34   0     0     0  BRK-0, REST-0
     6     CS    9.550   360.9   1.55   1.55   1.55   0     0     0  BRK-0, REST-0
     7     CS    9.826   335.4   1.83   1.83   1.83   0     0     0  BRK-0, REST-0
     8     CS   10.071   307.3   2.07   2.07   2.07   0     0     0  BRK-0, REST-0
     9     CS   10.426   285.3   2.43   2.43   2.43   0     0     0  BRK-0, REST-0
    10     CS   10.735   256.4   2.73   2.73   2.73   0     0     0  BRK-0, REST-0
    11   CUST   11.106   230.7   3.11   3.11   3.11   0   b15     0  BRK-B15, REST-0
    12     CS   12.118   199.0   3.37   3.37   3.87   0     0     0  BRK-0, REST-0
    13     CS   12.428   171.2   3.68   3.68   4.18   1   b30     0  CHARGE, BRK-B30, REST-0
    14     CS   13.603   427.4   0.33   4.00   4.85   0     0     0  BRK-0, REST-0
    15   CUST   13.620   425.5   0.34   4.02   4.87   0     0     0  BRK-0, REST-0
    16   CUST   14.415   400.7   0.64   4.32   5.67   0     0     0  BRK-0, REST-0
    17     CS   15.281   365.3   1.00   4.68   6.53   0     0     0  BRK-0, REST-0
    18   CUST   15.322   360.8   1.05   4.72   6.57   0     0     0  BRK-0, REST-0
    19   CUST   16.062   334.2   1.29   4.96   7.31   0     0     0  BRK-0, REST-0
    20   CUST   16.943   297.8   1.67   5.34   8.19   0     0     0  BRK-0, REST-0
    21     CS   17.546   285.9   1.77   5.45   8.80   0     0     0  BRK-0, REST-0
    22     CS   17.802   256.1   2.03   5.70   9.05   1   b15     0  CHARGE, BRK-B15, REST-0
    23   CUST   18.679   324.7   2.34   6.02   9.63   0     0     0  BRK-0, REST-0
    24     CS   19.460   301.1   2.62   6.30  10.41   0     0     0  BRK-0, REST-0
    25     CS   19.700   274.5   2.86   6.54  10.65   0     0     0  BRK-0, REST-0
    26     CS   20.110   254.9   3.27   6.95  11.06   0     0     0  BRK-0, REST-0
    27   CUST   20.493   217.5   3.66   7.34  11.44   0     0     0  BRK-0, REST-0
    28     CS   21.000   216.9   3.66   7.34  11.95   0     0     0  BRK-0, REST-0
    29   CUST   21.451   167.2   4.11   7.79  12.40   0     0     0  BRK-0, REST-0
    30   CUST   22.005   161.4   4.17   7.85  12.95   0     0    r2  BRK-0, REST-R2
    31     CS   31.662   145.1   0.16   0.16   0.16   1   b30     0  CHARGE, BRK-B30, REST-0
    32     CS   32.983   341.4   0.58   0.58   0.80   0     0     0  BRK-0, REST-0
    33     CS   33.291   316.4   0.89   0.89   1.11   0     0     0  BRK-0, REST-0
    34     CS   33.538   286.9   1.13   1.13   1.36   0     0     0  BRK-0, REST-0
    35     CS   33.791   257.9   1.39   1.39   1.61   0     0     0  BRK-0, REST-0
    36   CUST   34.056   230.1   1.65   1.65   1.87   0     0     0  BRK-0, REST-0
    37     CS   34.850   198.4   1.95   1.95   2.67   0     0     0  BRK-0, REST-0
    38     CS   35.128   165.3   2.22   2.22   2.95   1   b30     0  CHARGE, BRK-B30, REST-0
    39   CUST   36.130   341.0   0.01   2.23   3.44   0     0     0  BRK-0, REST-0
    40   CUST   36.790   327.8   0.17   2.39   4.10   0     0     0  BRK-0, REST-0
    41   CUST   37.394   316.1   0.27   2.50   4.71   0     0     0  BRK-0, REST-0
    42     CS   38.103   292.6   0.48   2.70   5.42   0     0     0  BRK-0, REST-0
    43     CS   38.331   269.6   0.71   2.93   5.64   1   b15     0  CHARGE, BRK-B15, REST-0
    44     CS   39.106   384.1   0.97   3.20   6.15   0     0     0  BRK-0, REST-0
    45   CUST   39.430   357.1   1.30   3.52   6.48   0     0     0  BRK-0, REST-0
    46     CS   39.936   356.5   1.30   3.53   6.99   0     0     0  BRK-0, REST-0
    47     CS   40.206   328.2   1.57   3.80   7.26   0     0     0  BRK-0, REST-0
    48     CS   40.464   298.9   1.83   4.05   7.51   0     0     0  BRK-0, REST-0
    49     CS   40.739   271.0   2.10   4.33   7.79   0     0     0  BRK-0, REST-0
    50     CS   41.028   244.2   2.39   4.62   8.08   1     0     0  CHARGE, BRK-0, REST-0
    51     CS   41.879   389.4   2.72   4.95   8.93   0     0     0  BRK-0, REST-0
    52     CS   42.230   361.1   3.08   5.30   9.28   0     0     0  BRK-0, REST-0
    53     CS   42.528   336.2   3.37   5.60   9.58   0     0     0  BRK-0, REST-0
    54     CS   42.801   309.7   3.65   5.87   9.85   0     0     0  BRK-0, REST-0
  RshortCmanyTtight_18__mix: duration None h  infeasible=False  tw=4  17 min
  ScenarioTracker saved: /mnt/beegfs/users/celinep/ChargeAndBreak/ML/la_mixed/logs/sensitivity/RshortCmanyTtight_19__mix_LA_S25_H24_20261005_122807_scenarios.json

  === SIMULATION TRAJECTORY ===
  stop   type    t_arr     soc     cd     sd     sw   y   brk   rst  action
  ───────────────────────────────────────────────────────────────────────────────────────────────
     0   ORIG    8.000   500.0   0.00   0.00   0.00   0     —     —  —
     1     CS    8.261   476.2   0.26   0.26   0.26   0     0     0  BRK-0, REST-0
     2     CS    8.492   450.0   0.49   0.49   0.49   0     0     0  BRK-0, REST-0
     3     CS    8.721   423.6   0.72   0.72   0.72   0     0     0  BRK-0, REST-0
     4     CS    8.964   395.4   0.96   0.96   0.96   0     0     0  BRK-0, REST-0
     5     CS    9.246   370.1   1.25   1.25   1.25   0     0     0  BRK-0, REST-0
     6     CS    9.492   342.2   1.49   1.49   1.49   0     0     0  BRK-0, REST-0
     7   CUST    9.963   297.3   1.96   1.96   1.96   0     0     0  BRK-0, REST-0
     8     CS   10.670   274.9   2.17   2.17   2.67   0     0     0  BRK-0, REST-0
     9     CS   11.020   258.1   2.52   2.52   3.02   0     0     0  BRK-0, REST-0
    10     CS   11.225   235.4   2.72   2.72   3.22   1   b15     0  CHARGE, BRK-B15, REST-0
    11   CUST   12.064   287.4   3.02   3.02   3.81   0     0     0  BRK-0, REST-0
    12     CS   12.866   271.1   3.33   3.33   4.62   0     0     0  BRK-0, REST-0
    13   CUST   13.351   228.2   3.81   3.81   5.10   0     0    r2  BRK-0, REST-R2
    14     CS   23.302   182.9   0.45   0.45   0.45   0     0     0  BRK-0, REST-0
    15     CS   23.711   149.2   0.86   0.86   0.86   1   b15     0  CHARGE, BRK-B15, REST-0
    16     CS   24.633   329.8   1.12   1.12   1.49   0     0     0  BRK-0, REST-0
    17     CS   24.864   304.2   1.35   1.35   1.72   0     0     0  BRK-0, REST-0
    18     CS   25.134   281.4   1.62   1.62   1.99   0     0     0  BRK-0, REST-0
    19     CS   25.363   255.6   1.85   1.85   2.22   0     0     0  BRK-0, REST-0
    20     CS   25.605   231.9   2.09   2.09   2.46   0     0     0  BRK-0, REST-0
    21     CS   25.833   207.0   2.32   2.32   2.69   0     0     0  BRK-0, REST-0
    22     CS   26.055   181.5   2.54   2.54   2.91   1   b30     0  CHARGE, BRK-B30, REST-0
    23     CS   27.048   410.6   0.26   2.81   3.41   0     0     0  BRK-0, REST-0
    24   CUST   27.338   385.6   0.55   3.10   3.70   0     0     0  BRK-0, REST-0
    25     CS   28.116   353.0   0.83   3.37   4.47   0     0     0  BRK-0, REST-0
    26     CS   28.380   324.5   1.09   3.64   4.74   0     0     0  BRK-0, REST-0
    27     CS   28.633   295.0   1.35   3.89   4.99   0     0     0  BRK-0, REST-0
    28     CS   28.931   267.5   1.65   4.19   5.29   0     0     0  BRK-0, REST-0
    29   CUST   29.381   245.3   2.10   4.64   5.74   0     0     0  BRK-0, REST-0
    30   CUST   30.035   229.7   2.25   4.79   6.39   0     0     0  BRK-0, REST-0
    31     CS   30.642   218.2   2.36   4.90   7.00   0     0     0  BRK-0, REST-0
    32     CS   30.886   192.8   2.60   5.14   7.24   0     0     0  BRK-0, REST-0
    33     CS   31.153   169.0   2.87   5.41   7.51   0     0     0  BRK-0, REST-0
    34   CUST   31.445   146.6   3.16   5.70   7.80   0     0     0  BRK-0, REST-0
    35     CS   32.156   124.5   3.37   5.91   8.51   1   b45     0  CHARGE, BRK-B45, REST-0
    36     CS   33.386   360.0   0.24   6.15   8.99   0     0     0  BRK-0, REST-0
    37     CS   33.633   333.4   0.49   6.40   9.24   0     0     0  BRK-0, REST-0
    38     CS   34.017   301.2   0.87   6.79   9.62   0     0     0  BRK-0, REST-0
    39     CS   34.297   275.5   1.15   7.07   9.90   0     0     0  BRK-0, REST-0
    40     CS   34.549   247.7   1.40   7.32  10.16   0     0     0  BRK-0, REST-0
    41     CS   34.834   222.4   1.69   7.60  10.44   0     0     0  BRK-0, REST-0
  RshortCmanyTtight_19__mix: duration None h  infeasible=False  tw=0  9 min
