[la_mixed] train: 41 routes (slice 1/3), outputs under /mnt/beegfs/users/celinep/ChargeAndBreak/ML/la_mixed
  ScenarioTracker saved: /mnt/beegfs/users/celinep/ChargeAndBreak/ML/la_mixed/logs/sensitivity/RmediumCfewTtight_1__pmix_LA_S25_H24_20261002_221848_scenarios.json

  === SIMULATION TRAJECTORY ===
  stop   type    t_arr     soc     cd     sd     sw   y   brk   rst  action
  ───────────────────────────────────────────────────────────────────────────────────────────────
     0   ORIG    8.000   500.0   0.00   0.00   0.00   0     —     —  —
     1     CS    8.228   473.5   0.23   0.23   0.23   0     0     0  BRK-0, REST-0
     2     CS    8.472   448.4   0.47   0.47   0.47   0     0     0  BRK-0, REST-0
     3     CS    8.704   422.4   0.70   0.70   0.70   0     0     0  BRK-0, REST-0
     4     CS    8.949   395.1   0.95   0.95   0.95   0     0     0  BRK-0, REST-0
     5     CS    9.202   368.5   1.20   1.20   1.20   0     0     0  BRK-0, REST-0
     6     CS    9.468   345.7   1.47   1.47   1.47   0     0     0  BRK-0, REST-0
     7     CS    9.695   319.9   1.69   1.69   1.69   0     0     0  BRK-0, REST-0
     8     CS    9.916   293.5   1.92   1.92   1.92   0     0     0  BRK-0, REST-0
     9     CS   10.185   263.8   2.19   2.19   2.19   0     0     0  BRK-0, REST-0
    10     CS   10.455   234.0   2.45   2.45   2.45   0     0     0  BRK-0, REST-0
    11     CS   10.715   203.4   2.71   2.71   2.71   1   b45     0  CHARGE, BRK-B45, REST-0
    12     CS   11.940   469.0   0.27   2.98   3.19   0     0     0  BRK-0, REST-0
    13     CS   12.172   441.1   0.50   3.22   3.42   0     0     0  BRK-0, REST-0
    14     CS   12.430   415.4   0.76   3.47   3.68   0     0     0  BRK-0, REST-0
    15     CS   12.687   389.7   1.02   3.73   3.94   0     0     0  BRK-0, REST-0
    16     CS   13.088   348.3   1.42   4.13   4.34   0     0     0  BRK-0, REST-0
    17     CS   13.355   320.6   1.68   4.40   4.61   0     0     0  BRK-0, REST-0
    18     CS   13.624   293.1   1.95   4.67   4.87   0     0     0  BRK-0, REST-0
    19     CS   13.882   264.7   2.21   4.93   5.13   0     0     0  BRK-0, REST-0
    20     CS   14.129   235.1   2.46   5.17   5.38   0     0     0  BRK-0, REST-0
    21     CS   14.374   207.8   2.70   5.42   5.62   0     0     0  BRK-0, REST-0
    22     CS   14.609   179.6   2.94   5.65   5.86   0     0     0  BRK-0, REST-0
    23     CS   14.847   151.7   3.18   5.89   6.10   0     0     0  BRK-0, REST-0
    24     CS   15.175   117.8   3.50   6.22   6.42   1   b45     0  CHARGE, BRK-B45, REST-0
    25     CS   16.465   465.2   0.27   6.48   6.97   0     0     0  BRK-0, REST-0
    26     CS   16.732   436.9   0.53   6.75   7.23   0     0     0  BRK-0, REST-0
    27     CS   17.050   412.0   0.85   7.07   7.55   0     0     0  BRK-0, REST-0
    28     CS   17.461   390.0   1.26   7.48   7.96   0     0     0  BRK-0, REST-0
    29     CS   17.791   361.5   1.59   7.81   8.29   0     0     0  BRK-0, REST-0
    30     CS   18.093   331.1   1.89   8.11   8.59   0     0     0  BRK-0, REST-0
    31     CS   18.358   302.1   2.16   8.38   8.86   0     0     0  BRK-0, REST-0
    32     CS   18.610   271.8   2.41   8.63   9.11   0     0    r2  BRK-0, REST-R2
    33     CS   28.064   250.1   0.29   0.29   0.29   0     0     0  BRK-0, REST-0
    34     CS   28.320   226.6   0.54   0.54   0.54   0     0     0  BRK-0, REST-0
    35     CS   28.543   200.4   0.77   0.77   0.77   0     0     0  BRK-0, REST-0
    36     CS   28.765   176.6   0.99   0.99   0.99   0     0     0  BRK-0, REST-0
    37     CS   28.980   152.0   1.20   1.20   1.20   0     0     0  BRK-0, REST-0
    38     CS   29.223   129.8   1.45   1.45   1.45   1   b15     0  CHARGE, BRK-B15, REST-0
    39     CS   30.111   368.8   1.71   1.71   2.06   0     0     0  BRK-0, REST-0
    40     CS   30.427   341.7   2.03   2.03   2.38   0     0     0  BRK-0, REST-0
    41     CS   30.693   310.8   2.29   2.29   2.65   1   b30     0  CHARGE, BRK-B30, REST-0
    42     CS   31.754   436.4   0.30   2.59   3.16   0     0     0  BRK-0, REST-0
    43     CS   31.985   409.5   0.53   2.82   3.39   0     0     0  BRK-0, REST-0
    44     CS   32.250   385.5   0.79   3.08   3.65   0     0     0  BRK-0, REST-0
    45   CUST   32.539   362.8   1.08   3.37   3.94   0     0     0  BRK-0, REST-0
    46     CS   33.045   362.1   1.09   3.38   4.45   0     0     0  BRK-0, REST-0
    47     CS   33.277   334.7   1.32   3.61   4.68   0     0     0  BRK-0, REST-0
    48     CS   33.557   311.1   1.60   3.89   4.96   0     0     0  BRK-0, REST-0
    49   CUST   33.790   284.0   1.83   4.12   5.20   0     0     0  BRK-0, REST-0
    50     CS   34.354   278.9   1.90   4.19   5.76   0     0     0  BRK-0, REST-0
    51     CS   34.762   243.2   2.30   4.60   6.17   0     0     0  BRK-0, REST-0
    52     CS   35.035   215.2   2.58   4.87   6.44   0     0     0  BRK-0, REST-0
    53     CS   35.286   185.3   2.83   5.12   6.69   0     0     0  BRK-0, REST-0
    54     CS   35.547   156.4   3.09   5.38   6.95   1   b45     0  CHARGE, BRK-B45, REST-0
    55     CS   36.882   458.6   0.35   5.73   7.53   0     0     0  BRK-0, REST-0
    56     CS   37.131   429.2   0.60   5.98   7.78   0     0     0  BRK-0, REST-0
    57     CS   37.405   398.3   0.87   6.25   8.05   0     0     0  BRK-0, REST-0
    58     CS   37.682   367.7   1.15   6.53   8.33   0     0     0  BRK-0, REST-0
    59     CS   38.001   340.1   1.47   6.85   8.65   0     0     0  BRK-0, REST-0
    60     CS   38.349   312.8   1.82   7.20   9.00   0     0     0  BRK-0, REST-0
    61     CS   38.627   280.7   2.10   7.48   9.28   0     0     0  BRK-0, REST-0
    62     CS   38.910   249.0   2.38   7.76   9.56   1     0    r2  CHARGE, BRK-0, REST-R2
    63     CS   48.683   258.0   0.24   0.24   0.24   0     0     0  BRK-0, REST-0
    64     CS   48.950   231.8   0.51   0.51   0.51   0     0     0  BRK-0, REST-0
    65     CS   49.191   203.3   0.75   0.75   0.75   0     0     0  BRK-0, REST-0
    66     CS   49.413   178.6   0.97   0.97   0.97   0     0     0  BRK-0, REST-0
    67     CS   49.626   153.1   1.18   1.18   1.18   0     0     0  BRK-0, REST-0
    68     CS   49.856   129.2   1.41   1.41   1.41   1   b30     0  CHARGE, BRK-B30, REST-0
    69     CS   51.328   397.4   1.83   1.83   2.38   0     0     0  BRK-0, REST-0
    70     CS   51.561   372.9   2.06   2.06   2.61   0     0     0  BRK-0, REST-0
    71     CS   51.825   350.6   2.33   2.33   2.88   0     0     0  BRK-0, REST-0
    72     CS   52.053   325.7   2.55   2.55   3.10   1   b30     0  CHARGE, BRK-B30, REST-0
    73     CS   53.073   427.5   0.27   2.82   3.62   0     0     0  BRK-0, REST-0
    74     CS   53.377   400.4   0.57   3.12   3.93   0     0     0  BRK-0, REST-0
    75     CS   53.665   372.2   0.86   3.41   4.22   0     0     0  BRK-0, REST-0
    76     CS   53.927   341.7   1.12   3.67   4.48   0     0     0  BRK-0, REST-0
    77     CS   54.132   318.6   1.33   3.88   4.68   0     0     0  BRK-0, REST-0
    78     CS   54.342   296.0   1.54   4.09   4.89   0     0     0  BRK-0, REST-0
    79     CS   54.552   273.4   1.75   4.30   5.10   0     0     0  BRK-0, REST-0
    80     CS   54.868   246.3   2.06   4.61   5.42   0     0     0  BRK-0, REST-0
    81     CS   55.145   216.5   2.34   4.89   5.70   0     0     0  BRK-0, REST-0
    82     CS   55.454   189.0   2.65   5.20   6.01   0     0     0  BRK-0, REST-0
    83     CS   55.774   167.4   2.97   5.52   6.33   0     0     0  BRK-0, REST-0
    84     CS   56.020   141.8   3.21   5.77   6.57   0     0     0  BRK-0, REST-0
  RmediumCfewTtight_1__pmix: duration None h  infeasible=False  tw=0  41 min
  [skip] RshortCfewTnone_1__pmix
  [skip] RshortCmanyTtight_1__pmix
  ScenarioTracker saved: /mnt/beegfs/users/celinep/ChargeAndBreak/ML/la_mixed/logs/sensitivity/RmediumCmanyTnone_2__pmix_LA_S25_H24_20261002_230006_scenarios.json

  === SIMULATION TRAJECTORY ===
  stop   type    t_arr     soc     cd     sd     sw   y   brk   rst  action
  ───────────────────────────────────────────────────────────────────────────────────────────────
     0   ORIG    8.000   500.0   0.00   0.00   0.00   0     —     —  —
     1     CS    8.289   477.7   0.29   0.29   0.29   0     0     0  BRK-0, REST-0
     2     CS    8.536   452.9   0.54   0.54   0.54   0     0     0  BRK-0, REST-0
     3     CS    8.778   427.7   0.78   0.78   0.78   0     0     0  BRK-0, REST-0
     4     CS    9.207   406.4   1.21   1.21   1.21   0     0     0  BRK-0, REST-0
     5     CS    9.467   378.2   1.47   1.47   1.47   0     0     0  BRK-0, REST-0
     6     CS    9.708   349.7   1.71   1.71   1.71   0     0     0  BRK-0, REST-0
     7     CS    9.956   321.9   1.96   1.96   1.96   0     0     0  BRK-0, REST-0
     8     CS   10.199   293.7   2.20   2.20   2.20   0     0     0  BRK-0, REST-0
     9     CS   10.492   271.6   2.49   2.49   2.49   0     0     0  BRK-0, REST-0
    10     CS   10.720   245.2   2.72   2.72   2.72   0     0     0  BRK-0, REST-0
    11     CS   10.953   219.1   2.95   2.95   2.95   0     0     0  BRK-0, REST-0
    12     CS   11.209   193.4   3.21   3.21   3.21   0     0     0  BRK-0, REST-0
    13     CS   11.483   168.9   3.48   3.48   3.48   0     0     0  BRK-0, REST-0
    14     CS   11.728   142.2   3.73   3.73   3.73   0     0     0  BRK-0, REST-0
    15     CS   11.967   114.9   3.97   3.97   3.97   1   b45     0  CHARGE, BRK-B45, REST-0
    16     CS   13.248   355.2   0.21   4.18   4.50   0     0     0  BRK-0, REST-0
    17     CS   13.452   332.1   0.42   4.39   4.70   0     0     0  BRK-0, REST-0
    18     CS   13.659   309.2   0.63   4.59   4.91   0     0     0  BRK-0, REST-0
    19     CS   14.006   282.5   0.97   4.94   5.26   0     0     0  BRK-0, REST-0
    20     CS   14.275   250.3   1.24   5.21   5.52   0     0     0  BRK-0, REST-0
    21     CS   14.568   220.2   1.53   5.50   5.82   0     0     0  BRK-0, REST-0
    22     CS   14.828   189.6   1.79   5.76   6.08   0     0     0  BRK-0, REST-0
    23     CS   15.088   158.9   2.05   6.02   6.34   1   b15     0  CHARGE, BRK-B15, REST-0
    24     CS   15.904   369.8   2.34   6.31   6.90   0     0     0  BRK-0, REST-0
    25   CUST   16.180   337.1   2.62   6.58   7.18   0     0     0  BRK-0, REST-0
    26     CS   16.961   304.0   2.90   6.86   7.96   0     0     0  BRK-0, REST-0
    27     CS   17.267   273.1   3.20   7.17   8.27   0     0     0  BRK-0, REST-0
    28     CS   17.577   242.6   3.51   7.48   8.58   1   b30     0  CHARGE, BRK-B30, REST-0
    29     CS   18.395   461.4   0.06   7.54   8.90   0     0     0  BRK-0, REST-0
    30     CS   18.730   432.1   0.40   7.88   9.23   0     0     0  BRK-0, REST-0
    31   CUST   19.028   400.2   0.70   8.18   9.53   0     0     0  BRK-0, REST-0
    32     CS   19.802   367.2   0.97   8.45  10.30   0     0     0  BRK-0, REST-0
    33     CS   20.067   338.9   1.24   8.71  10.57   0     0     0  BRK-0, REST-0
    34   CUST   20.330   310.2   1.50   8.98  10.83   0     0     0  BRK-0, REST-0
    35     CS   20.998   293.6   1.67   9.15  11.50   0     0     0  BRK-0, REST-0
    36     CS   21.304   269.0   1.97   9.45  11.80   0     0     0  BRK-0, REST-0
    37     CS   21.571   241.9   2.24   9.72  12.07   0     0    r2  BRK-0, REST-R2
    38     CS   31.039   210.2   0.30   0.30   0.30   0     0     0  BRK-0, REST-0
    39     CS   31.322   177.0   0.58   0.58   0.58   0     0     0  BRK-0, REST-0
    40     CS   31.608   149.6   0.87   0.87   0.87   0     0     0  BRK-0, REST-0
    41     CS   31.872   120.6   1.13   1.13   1.13   1   b15     0  CHARGE, BRK-B15, REST-0
    42     CS   32.749   374.1   1.37   1.37   1.73   0     0     0  BRK-0, REST-0
    43     CS   33.066   352.9   1.68   1.68   2.05   0     0     0  BRK-0, REST-0
    44     CS   33.301   327.1   1.92   1.92   2.28   0     0     0  BRK-0, REST-0
    45     CS   33.598   303.4   2.22   2.22   2.58   0     0     0  BRK-0, REST-0
    46     CS   33.853   277.0   2.47   2.47   2.84   0     0     0  BRK-0, REST-0
    47     CS   34.089   248.9   2.71   2.71   3.07   0     0     0  BRK-0, REST-0
    48     CS   34.380   224.9   3.00   3.00   3.36   0     0     0  BRK-0, REST-0
    49     CS   34.698   202.1   3.32   3.32   3.68   0     0     0  BRK-0, REST-0
    50     CS   34.934   173.9   3.55   3.55   3.92   0     0     0  BRK-0, REST-0
    51     CS   35.215   155.3   3.83   3.83   4.20   0     0     0  BRK-0, REST-0
    52     CS   35.427   132.9   4.05   4.05   4.41   0     0     0  BRK-0, REST-0
    53     CS   35.631   109.7   4.25   4.25   4.61   1   b30     0  CHARGE, BRK-B30, REST-0
    54     CS   36.669   391.3   0.24   4.49   5.15   0     0     0  BRK-0, REST-0
    55     CS   36.904   364.6   0.48   4.73   5.39   0     0     0  BRK-0, REST-0
    56     CS   37.135   337.6   0.71   4.96   5.62   0     0     0  BRK-0, REST-0
    57     CS   37.382   312.8   0.96   5.21   5.86   0     0     0  BRK-0, REST-0
    58     CS   37.617   287.0   1.19   5.44   6.10   0     0     0  BRK-0, REST-0
    59     CS   37.850   260.9   1.42   5.67   6.33   0     0     0  BRK-0, REST-0
    60   CUST   38.106   236.8   1.68   5.93   6.59   0     0     0  BRK-0, REST-0
    61     CS   38.849   209.9   1.92   6.17   7.33   0     0     0  BRK-0, REST-0
    62   CUST   39.094   183.3   2.17   6.42   7.58   0     0     0  BRK-0, REST-0
    63     CS   40.006   144.8   2.58   6.83   8.49   1   b15     0  CHARGE, BRK-B15, REST-0
    64   CUST   40.632   281.5   2.60   6.85   8.72   0     0     0  BRK-0, REST-0
    65   CUST   41.308   260.9   2.77   7.02   9.39   0     0     0  BRK-0, REST-0
    66     CS   41.844   257.1   2.81   7.06   9.93   0     0     0  BRK-0, REST-0
    67   CUST   42.054   232.5   3.02   7.27  10.14   0     0     0  BRK-0, REST-0
    68     CS   42.582   229.2   3.05   7.30  10.67   0     0     0  BRK-0, REST-0
    69     CS   42.812   202.6   3.28   7.53  10.90   0     0     0  BRK-0, REST-0
    70     CS   43.071   178.4   3.54   7.79  11.16   0     0     0  BRK-0, REST-0
    71     CS   43.313   152.8   3.78   8.03  11.40   0     0     0  BRK-0, REST-0
    72     CS   43.545   126.5   4.01   8.26  11.63   1   b30     0  CHARGE, BRK-B30, REST-0
    73     CS   44.896   404.7   0.34   8.60  12.40   0     0     0  BRK-0, REST-0
    74     CS   45.127   378.5   0.57   8.83  12.63   0     0    r2  BRK-0, REST-R2
    75     CS   54.535   353.1   0.24   0.24   0.24   0     0     0  BRK-0, REST-0
    76     CS   54.935   334.0   0.64   0.64   0.64   0     0     0  BRK-0, REST-0
    77     CS   55.165   307.7   0.87   0.87   0.87   1   b15     0  CHARGE, BRK-B15, REST-0
    78     CS   56.139   418.6   1.19   1.19   1.48   0     0     0  BRK-0, REST-0
    79     CS   56.427   387.3   1.48   1.48   1.76   0     0     0  BRK-0, REST-0
    80     CS   56.779   360.2   1.83   1.83   2.12   0     0     0  BRK-0, REST-0
    81     CS   57.189   314.9   2.24   2.24   2.53   0     0     0  BRK-0, REST-0
    82     CS   57.449   291.7   2.50   2.50   2.79   0     0     0  BRK-0, REST-0
    83     CS   57.690   267.2   2.74   2.74   3.03   0     0     0  BRK-0, REST-0
    84     CS   57.926   242.3   2.98   2.98   3.26   1   b30     0  CHARGE, BRK-B30, REST-0
    85     CS   59.195   464.5   0.27   3.25   3.87   0     0     0  BRK-0, REST-0
    86     CS   59.420   438.5   0.50   3.47   4.10   0     0     0  BRK-0, REST-0
    87   CUST   59.651   413.1   0.73   3.71   4.33   0     0     0  BRK-0, REST-0
    88   CUST   60.499   377.4   1.07   4.05   5.18   0     0     0  BRK-0, REST-0
    89     CS   61.371   351.7   1.45   4.42   6.05   0     0     0  BRK-0, REST-0
    90     CS   61.388   349.8   1.46   4.44   6.06   0     0     0  BRK-0, REST-0
    91     CS   61.708   323.1   1.78   4.76   6.38   0     0    r2  BRK-0, REST-R2
    92     CS   71.157   293.8   0.28   0.28   0.28   0     0     0  BRK-0, REST-0
    93     CS   71.471   266.8   0.60   0.60   0.60   0     0     0  BRK-0, REST-0
    94     CS   71.738   236.2   0.86   0.86   0.86   0     0     0  BRK-0, REST-0
    95     CS   71.968   208.7   1.09   1.09   1.09   0     0     0  BRK-0, REST-0
    96     CS   72.212   182.5   1.34   1.34   1.34   1   b15     0  CHARGE, BRK-B15, REST-0
    97     CS   73.139   372.8   1.59   1.59   1.95   0     0     0  BRK-0, REST-0
    98     CS   73.415   347.2   1.87   1.87   2.23   0     0     0  BRK-0, REST-0
    99     CS   73.691   321.6   2.14   2.14   2.50   0     0     0  BRK-0, REST-0
   100     CS   73.944   292.7   2.40   2.40   2.76   0     0     0  BRK-0, REST-0
   101     CS   74.196   263.8   2.65   2.65   3.01   0     0     0  BRK-0, REST-0
   102     CS   74.462   236.0   2.91   2.91   3.28   0     0     0  BRK-0, REST-0
   103     CS   74.743   205.7   3.19   3.19   3.56   0     0     0  BRK-0, REST-0
   104     CS   75.043   176.9   3.50   3.50   3.86   0     0     0  BRK-0, REST-0
   105     CS   75.318   146.1   3.77   3.77   4.13   0     0     0  BRK-0, REST-0
   106     CS   75.694   104.8   4.15   4.15   4.51   1   b30     0  CHARGE, BRK-B30, REST-0
   107     CS   76.761   418.9   0.20   4.35   5.07   0     0     0  BRK-0, REST-0
   108     CS   76.968   397.6   0.41   4.55   5.28   0     0     0  BRK-0, REST-0
   109     CS   77.166   375.5   0.60   4.75   5.48   0     0     0  BRK-0, REST-0
   110     CS   77.382   350.3   0.82   4.97   5.70   0     0     0  BRK-0, REST-0
   111     CS   77.603   325.5   1.04   5.19   5.92   0     0     0  BRK-0, REST-0
   112     CS   77.824   300.9   1.26   5.41   6.14   0     0     0  BRK-0, REST-0
   113     CS   78.065   277.8   1.50   5.65   6.38   0     0     0  BRK-0, REST-0
   114     CS   78.331   250.0   1.77   5.92   6.65   0     0     0  BRK-0, REST-0
   115     CS   78.593   221.9   2.03   6.18   6.91   1     0     0  CHARGE, BRK-0, REST-0
   116     CS   79.456   277.9   2.31   6.45   7.77   0     0     0  BRK-0, REST-0
   117     CS   79.772   249.5   2.62   6.77   8.09   0     0     0  BRK-0, REST-0
   118     CS   80.231   226.1   3.08   7.23   8.54   0     0     0  BRK-0, REST-0
  RmediumCmanyTnone_2__pmix: duration None h  infeasible=False  tw=0  59 min
  [skip] RshortCfewTtight_2__pmix
  ScenarioTracker saved: /mnt/beegfs/users/celinep/ChargeAndBreak/ML/la_mixed/logs/sensitivity/RmediumCfewTnone_3__pmix_LA_S25_H24_20261002_235856_scenarios.json

  === SIMULATION TRAJECTORY ===
  stop   type    t_arr     soc     cd     sd     sw   y   brk   rst  action
  ───────────────────────────────────────────────────────────────────────────────────────────────
     0   ORIG    8.000   500.0   0.00   0.00   0.00   0     —     —  —
     1     CS    8.254   475.7   0.25   0.25   0.25   0     0     0  BRK-0, REST-0
     2     CS    8.523   452.4   0.52   0.52   0.52   0     0     0  BRK-0, REST-0
     3     CS    8.759   426.6   0.76   0.76   0.76   0     0     0  BRK-0, REST-0
     4     CS    8.999   397.7   1.00   1.00   1.00   0     0     0  BRK-0, REST-0
     5     CS    9.311   373.8   1.31   1.31   1.31   0     0     0  BRK-0, REST-0
     6     CS    9.555   347.6   1.56   1.56   1.56   0     0     0  BRK-0, REST-0
     7     CS    9.843   324.4   1.84   1.84   1.84   0     0     0  BRK-0, REST-0
     8     CS   10.086   298.1   2.09   2.09   2.09   0     0     0  BRK-0, REST-0
     9     CS   10.341   272.8   2.34   2.34   2.34   0     0     0  BRK-0, REST-0
    10     CS   10.570   249.5   2.57   2.57   2.57   0     0     0  BRK-0, REST-0
    11     CS   10.807   226.8   2.81   2.81   2.81   0     0     0  BRK-0, REST-0
    12     CS   11.019   202.0   3.02   3.02   3.02   1   b45     0  CHARGE, BRK-B45, REST-0
    13     CS   12.203   411.0   0.23   3.24   3.45   0     0     0  BRK-0, REST-0
    14     CS   12.596   392.2   0.62   3.64   3.85   0     0     0  BRK-0, REST-0
    15     CS   12.831   367.2   0.85   3.87   4.08   0     0     0  BRK-0, REST-0
    16     CS   13.156   340.2   1.18   4.20   4.41   0     0     0  BRK-0, REST-0
    17     CS   13.456   311.8   1.48   4.50   4.71   0     0     0  BRK-0, REST-0
    18     CS   13.747   280.0   1.77   4.79   5.00   0     0     0  BRK-0, REST-0
    19     CS   14.083   251.5   2.11   5.13   5.33   0     0     0  BRK-0, REST-0
    20     CS   14.369   219.3   2.39   5.41   5.62   0     0     0  BRK-0, REST-0
    21     CS   14.680   195.1   2.70   5.72   5.93   0     0     0  BRK-0, REST-0
    22     CS   14.945   168.0   2.97   5.99   6.20   0     0     0  BRK-0, REST-0
    23     CS   15.193   139.5   3.22   6.24   6.44   1   b45     0  CHARGE, BRK-B45, REST-0
    24     CS   16.619   449.8   0.43   6.67   7.12   0     0     0  BRK-0, REST-0
    25     CS   16.878   422.0   0.69   6.93   7.38   0     0     0  BRK-0, REST-0
    26     CS   17.135   394.1   0.95   7.18   7.63   0     0     0  BRK-0, REST-0
    27     CS   17.388   365.7   1.20   7.44   7.89   0     0     0  BRK-0, REST-0
    28     CS   17.641   337.4   1.45   7.69   8.14   0     0     0  BRK-0, REST-0
    29     CS   17.900   310.2   1.71   7.95   8.40   0     0     0  BRK-0, REST-0
    30     CS   18.152   282.5   1.96   8.20   8.65   0     0     0  BRK-0, REST-0
    31     CS   18.492   266.2   2.30   8.54   8.99   0     0     0  BRK-0, REST-0
    32     CS   18.827   249.8   2.64   8.87   9.33   0     0     0  BRK-0, REST-0
    33     CS   19.065   230.5   2.88   9.11   9.57   0     0     0  BRK-0, REST-0
    34     CS   19.333   202.9   3.15   9.38   9.83   0     0     0  BRK-0, REST-0
    35     CS   19.598   175.1   3.41   9.65  10.10   0     0    r2  BRK-0, REST-R2
    36     CS   29.029   147.1   0.26   0.26   0.26   1   b15     0  CHARGE, BRK-B15, REST-0
    37     CS   29.761   214.4   0.52   0.52   0.72   0     0     0  BRK-0, REST-0
    38     CS   30.132   190.9   0.90   0.90   1.09   0     0     0  BRK-0, REST-0
    39     CS   30.419   163.3   1.18   1.18   1.38   0     0     0  BRK-0, REST-0
    40     CS   30.688   132.2   1.45   1.45   1.64   0     0     0  BRK-0, REST-0
    41     CS   30.952   100.7   1.72   1.72   1.91   1   b45     0  CHARGE, BRK-B45, REST-0
    42     CS   32.297   463.3   0.22   1.94   2.39   0     0     0  BRK-0, REST-0
    43     CS   32.533   440.5   0.46   2.17   2.63   0     0     0  BRK-0, REST-0
    44     CS   32.742   415.4   0.67   2.38   2.84   0     0     0  BRK-0, REST-0
    45     CS   33.002   385.6   0.93   2.64   3.10   0     0     0  BRK-0, REST-0
    46     CS   33.260   355.5   1.18   2.90   3.35   0     0     0  BRK-0, REST-0
    47     CS   33.516   325.4   1.44   3.16   3.61   1   b15     0  CHARGE, BRK-B15, REST-0
    48     CS   34.257   334.1   1.70   3.42   4.10   0     0     0  BRK-0, REST-0
    49     CS   34.536   306.7   1.98   3.70   4.38   0     0     0  BRK-0, REST-0
    50     CS   34.792   277.3   2.24   3.96   4.64   0     0     0  BRK-0, REST-0
    51     CS   35.070   245.9   2.52   4.23   4.91   0     0     0  BRK-0, REST-0
    52     CS   35.344   214.1   2.79   4.51   5.19   0     0     0  BRK-0, REST-0
    53     CS   35.624   181.4   3.07   4.79   5.47   0     0     0  BRK-0, REST-0
    54     CS   35.907   148.9   3.36   5.07   5.75   0     0     0  BRK-0, REST-0
    55     CS   36.190   116.4   3.64   5.35   6.03   1   b30     0  CHARGE, BRK-B30, REST-0
    56     CS   37.488   421.0   0.29   5.64   6.78   0     0     0  BRK-0, REST-0
    57     CS   37.775   388.1   0.58   5.93   7.07   0     0     0  BRK-0, REST-0
    58     CS   38.089   357.5   0.89   6.24   7.38   0     0     0  BRK-0, REST-0
    59     CS   38.459   337.1   1.26   6.61   7.75   0     0     0  BRK-0, REST-0
    60   CUST   38.739   313.4   1.54   6.89   8.03   0     0     0  BRK-0, REST-0
    61     CS   39.291   307.5   1.59   6.95   8.58   0     0     0  BRK-0, REST-0
    62     CS   39.565   280.1   1.87   7.22   8.86   0     0     0  BRK-0, REST-0
    63     CS   39.825   251.5   2.13   7.48   9.12   0     0     0  BRK-0, REST-0
    64     CS   40.092   223.4   2.39   7.75   9.38   0     0     0  BRK-0, REST-0
    65     CS   40.357   192.0   2.66   8.01   9.65   0     0     0  BRK-0, REST-0
    66     CS   40.638   162.1   2.94   8.29   9.93   1   b15     0  CHARGE, BRK-B15, REST-0
    67     CS   41.336   228.7   3.15   8.51  10.38   0     0     0  BRK-0, REST-0
    68     CS   41.583   209.8   3.40   8.75  10.63   0     0     0  BRK-0, REST-0
    69     CS   41.804   189.5   3.62   8.97  10.85   1     0    r2  CHARGE, BRK-0, REST-R2
    70     CS   51.731   383.5   0.24   0.24   0.24   0     0     0  BRK-0, REST-0
    71     CS   51.967   358.3   0.48   0.48   0.48   0     0     0  BRK-0, REST-0
    72     CS   52.219   334.4   0.73   0.73   0.73   0     0     0  BRK-0, REST-0
    73     CS   52.448   308.6   0.96   0.96   0.96   0     0     0  BRK-0, REST-0
    74     CS   52.728   278.2   1.24   1.24   1.24   0     0     0  BRK-0, REST-0
    75     CS   53.001   247.2   1.51   1.51   1.51   0     0     0  BRK-0, REST-0
    76     CS   53.277   216.5   1.79   1.79   1.79   0     0     0  BRK-0, REST-0
    77     CS   53.532   186.5   2.05   2.05   2.05   0     0     0  BRK-0, REST-0
    78     CS   53.809   158.6   2.32   2.32   2.32   1   b15     0  CHARGE, BRK-B15, REST-0
    79     CS   55.024   369.7   2.60   2.60   3.29   0     0     0  BRK-0, REST-0
    80     CS   55.322   339.0   2.90   2.90   3.58   0     0     0  BRK-0, REST-0
    81     CS   55.585   317.8   3.16   3.16   3.85   0     0     0  BRK-0, REST-0
    82     CS   55.797   293.0   3.38   3.38   4.06   0     0     0  BRK-0, REST-0
    83     CS   56.053   271.5   3.63   3.63   4.32   0     0     0  BRK-0, REST-0
    84     CS   56.369   243.8   3.95   3.95   4.63   0     0     0  BRK-0, REST-0
    85     CS   56.711   217.4   4.29   4.29   4.97   0   b30     0  BRK-B30, REST-0
    86     CS   57.663   187.5   0.29   4.58   5.43   1   b15     0  CHARGE, BRK-B15, REST-0
    87     CS   58.534   377.5   0.54   4.83   6.05   0     0     0  BRK-0, REST-0
    88     CS   58.935   354.8   0.94   5.24   6.45   0     0     0  BRK-0, REST-0
    89     CS   59.300   331.0   1.31   5.60   6.81   1   b30     0  CHARGE, BRK-B30, REST-0
    90     CS   60.249   457.4   0.25   5.85   7.26   0     0     0  BRK-0, REST-0
    91     CS   60.499   428.9   0.50   6.10   7.51   0     0     0  BRK-0, REST-0
    92     CS   60.748   400.5   0.74   6.35   7.76   0     0     0  BRK-0, REST-0
    93     CS   61.062   378.4   1.06   6.66   8.07   0     0     0  BRK-0, REST-0
    94     CS   61.306   352.3   1.30   6.90   8.32   0     0     0  BRK-0, REST-0
    95     CS   61.678   332.2   1.67   7.28   8.69   0     0     0  BRK-0, REST-0
    96     CS   61.911   305.6   1.91   7.51   8.92   0     0     0  BRK-0, REST-0
    97     CS   62.146   279.3   2.14   7.74   9.16   0     0     0  BRK-0, REST-0
    98     CS   62.382   252.9   2.38   7.98   9.39   0     0     0  BRK-0, REST-0
    99     CS   62.658   220.1   2.65   8.25   9.67   0     0     0  BRK-0, REST-0
   100     CS   62.961   189.8   2.96   8.56   9.97   0     0     0  BRK-0, REST-0
   101     CS   63.176   166.9   3.17   8.77  10.19   0     0     0  BRK-0, REST-0
   102     CS   63.378   142.7   3.37   8.98  10.39   0     0     0  BRK-0, REST-0
  RmediumCfewTnone_3__pmix: duration None h  infeasible=False  tw=0  50 min
  ScenarioTracker saved: /mnt/beegfs/users/celinep/ChargeAndBreak/ML/la_mixed/logs/sensitivity/RmediumCmanyTtight_3__pmix_LA_S25_H24_20261003_004834_scenarios.json

  === SIMULATION TRAJECTORY ===
  stop   type    t_arr     soc     cd     sd     sw   y   brk   rst  action
  ───────────────────────────────────────────────────────────────────────────────────────────────
     0   ORIG    8.000   500.0   0.00   0.00   0.00   0     —     —  —
     1     CS    8.241   474.7   0.24   0.24   0.24   0     0     0  BRK-0, REST-0
     2     CS    8.493   450.3   0.49   0.49   0.49   0     0     0  BRK-0, REST-0
     3     CS    8.720   423.7   0.72   0.72   0.72   0     0     0  BRK-0, REST-0
     4     CS    8.995   392.9   1.00   1.00   1.00   0     0     0  BRK-0, REST-0
     5     CS    9.275   362.5   1.28   1.28   1.28   0     0     0  BRK-0, REST-0
     6     CS    9.547   331.3   1.55   1.55   1.55   0     0     0  BRK-0, REST-0
     7     CS   10.327   294.0   2.33   2.33   2.33   0     0     0  BRK-0, REST-0
     8     CS   10.621   262.5   2.62   2.62   2.62   0     0     0  BRK-0, REST-0
     9     CS   10.905   230.2   2.91   2.91   2.91   0     0     0  BRK-0, REST-0
    10     CS   11.237   201.4   3.24   3.24   3.24   0     0     0  BRK-0, REST-0
    11     CS   11.509   170.7   3.51   3.51   3.51   0     0     0  BRK-0, REST-0
    12     CS   11.782   140.0   3.78   3.78   3.78   1   b45     0  CHARGE, BRK-B45, REST-0
    13     CS   13.130   447.1   0.24   4.03   4.38   0     0     0  BRK-0, REST-0
    14     CS   13.411   421.6   0.53   4.31   4.66   0     0     0  BRK-0, REST-0
    15     CS   13.672   394.5   0.79   4.57   4.92   0     0     0  BRK-0, REST-0
    16     CS   13.913   365.6   1.03   4.81   5.16   0     0     0  BRK-0, REST-0
    17     CS   14.119   342.7   1.23   5.02   5.37   0     0     0  BRK-0, REST-0
    18     CS   14.352   321.8   1.47   5.25   5.60   0     0     0  BRK-0, REST-0
    19     CS   14.549   298.0   1.66   5.44   5.80   0     0     0  BRK-0, REST-0
    20     CS   15.006   252.1   2.12   5.90   6.26   0     0     0  BRK-0, REST-0
    21     CS   15.307   220.4   2.42   6.20   6.56   0     0     0  BRK-0, REST-0
    22     CS   15.595   187.6   2.71   6.49   6.85   0     0     0  BRK-0, REST-0
    23     CS   16.025   162.2   3.14   6.92   7.27   1   b15     0  CHARGE, BRK-B15, REST-0
    24   CUST   17.186   352.8   3.63   7.41   8.19   0     0     0  BRK-0, REST-0
    25     CS   17.961   325.2   3.91   7.69   8.96   0     0     0  BRK-0, REST-0
    26     CS   18.215   295.8   4.16   7.94   9.22   1   b30     0  CHARGE, BRK-B30, REST-0
    27     CS   19.430   339.3   0.32   8.26   9.93   0     0     0  BRK-0, REST-0
    28     CS   19.650   314.6   0.54   8.48  10.15   0     0     0  BRK-0, REST-0
    29     CS   19.882   290.7   0.77   8.71  10.38   0     0     0  BRK-0, REST-0
    30     CS   20.102   265.9   0.99   8.93  10.60   0     0     0  BRK-0, REST-0
    31     CS   20.366   238.8   1.25   9.20  10.87   0     0    r2  BRK-0, REST-R2
    32     CS   29.846   214.6   0.31   0.31   0.31   0     0     0  BRK-0, REST-0
    33     CS   30.093   186.0   0.56   0.56   0.56   1   b15     0  CHARGE, BRK-B15, REST-0
    34     CS   31.055   197.3   0.78   0.78   0.97   0     0     0  BRK-0, REST-0
    35     CS   31.309   173.7   1.04   1.04   1.22   0     0     0  BRK-0, REST-0
    36     CS   31.551   149.3   1.28   1.28   1.47   1   b30     0  CHARGE, BRK-B30, REST-0
    37     CS   32.583   397.2   0.29   1.57   1.96   0     0     0  BRK-0, REST-0
    38     CS   32.907   368.6   0.61   1.89   2.28   0     0     0  BRK-0, REST-0
    39     CS   33.187   336.6   0.89   2.17   2.56   0     0     0  BRK-0, REST-0
    40     CS   33.459   304.7   1.16   2.44   2.84   0     0     0  BRK-0, REST-0
    41     CS   33.740   273.6   1.45   2.73   3.12   1   b15     0  CHARGE, BRK-B15, REST-0
    42     CS   34.520   381.9   1.74   3.02   3.65   0     0     0  BRK-0, REST-0
    43     CS   34.801   348.4   2.02   3.30   3.93   0     0     0  BRK-0, REST-0
    44     CS   35.122   322.2   2.34   3.62   4.25   0     0     0  BRK-0, REST-0
    45     CS   35.380   291.4   2.60   3.88   4.51   0     0     0  BRK-0, REST-0
    46     CS   35.640   260.7   2.86   4.14   4.77   0     0     0  BRK-0, REST-0
    47     CS   35.919   231.7   3.14   4.42   5.05   0     0     0  BRK-0, REST-0
    48     CS   36.187   201.8   3.41   4.69   5.31   0     0     0  BRK-0, REST-0
    49   CUST   36.503   175.4   3.73   5.01   5.63   0     0     0  BRK-0, REST-0
    50     CS   37.245   147.3   3.97   5.25   6.37   0     0     0  BRK-0, REST-0
    51     CS   37.512   121.2   4.23   5.51   6.64   0     0     0  BRK-0, REST-0
    52     CS   37.648   106.5   4.37   5.65   6.77   1   b30     0  CHARGE, BRK-B30, REST-0
    53     CS   38.807   390.8   0.36   6.01   7.43   0     0     0  BRK-0, REST-0
    54     CS   39.076   359.8   0.63   6.28   7.70   0     0     0  BRK-0, REST-0
    55     CS   39.302   334.8   0.86   6.51   7.93   0     0     0  BRK-0, REST-0
    56     CS   39.572   312.8   1.13   6.78   8.20   0     0     0  BRK-0, REST-0
    57     CS   39.936   293.9   1.49   7.14   8.56   0     0     0  BRK-0, REST-0
    58     CS   40.160   268.8   1.71   7.36   8.79   0     0     0  BRK-0, REST-0
    59     CS   40.388   244.1   1.94   7.59   9.01   0     0     0  BRK-0, REST-0
    60     CS   40.608   218.6   2.16   7.81   9.23   0     0     0  BRK-0, REST-0
    61     CS   40.922   198.6   2.48   8.13   9.55   0     0     0  BRK-0, REST-0
    62     CS   41.179   168.4   2.73   8.38   9.81   0     0     0  BRK-0, REST-0
    63     CS   41.466   140.8   3.02   8.67  10.09   0     0     0  BRK-0, REST-0
    64     CS   41.731   111.4   3.28   8.93  10.36   1   b15     0  CHARGE, BRK-B15, REST-0
    65     CS   42.706   311.8   3.75   9.40  11.08   0     0     0  BRK-0, REST-0
    66     CS   43.017   280.9   4.06   9.71  11.39   0     0    r2  BRK-0, REST-R2
    67     CS   52.467   247.6   0.28   0.28   0.28   0     0     0  BRK-0, REST-0
    68     CS   52.944   223.3   0.76   0.76   0.76   1   b15     0  CHARGE, BRK-B15, REST-0
    69     CS   53.916   386.2   1.01   1.01   1.48   0     0     0  BRK-0, REST-0
    70   CUST   54.327   365.3   1.42   1.42   1.89   0     0     0  BRK-0, REST-0
    71     CS   55.056   338.3   1.65   1.65   2.62   0     0     0  BRK-0, REST-0
    72   CUST   55.297   312.4   1.89   1.89   2.86   0     0     0  BRK-0, REST-0
    73     CS   55.898   300.3   1.99   1.99   3.46   0     0     0  BRK-0, REST-0
    74   CUST   56.160   275.5   2.25   2.25   3.73   0     0     0  BRK-0, REST-0
    75   CUST   57.115   250.0   2.70   2.70   4.68   0     0     0  BRK-0, REST-0
    76   CUST   57.696   240.9   2.79   2.79   5.26   0     0    r2  BRK-0, REST-R2
    77     CS   67.443   213.8   0.25   0.25   0.25   1   b15     0  CHARGE, BRK-B15, REST-0
    78     CS   68.214   357.8   0.54   0.54   0.77   0     0     0  BRK-0, REST-0
    79     CS   68.556   318.1   0.88   0.88   1.11   0     0     0  BRK-0, REST-0
    80     CS   68.841   288.5   1.17   1.17   1.39   0     0     0  BRK-0, REST-0
    81     CS   69.117   258.2   1.45   1.45   1.67   0     0     0  BRK-0, REST-0
    82     CS   69.407   229.0   1.74   1.74   1.96   0     0     0  BRK-0, REST-0
    83     CS   69.685   198.8   2.01   2.01   2.24   0     0     0  BRK-0, REST-0
    84     CS   69.979   168.8   2.31   2.31   2.53   0     0     0  BRK-0, REST-0
    85     CS   70.253   137.1   2.58   2.58   2.81   1   b45     0  CHARGE, BRK-B45, REST-0
    86     CS   71.710   455.8   0.30   2.88   3.45   0     0     0  BRK-0, REST-0
    87     CS   71.994   422.7   0.58   3.16   3.73   0     0     0  BRK-0, REST-0
    88     CS   72.317   392.7   0.90   3.48   4.06   0     0     0  BRK-0, REST-0
    89     CS   72.594   363.6   1.18   3.76   4.33   1   b15     0  CHARGE, BRK-B15, REST-0
    90     CS   73.315   399.9   1.45   4.04   4.80   0     0     0  BRK-0, REST-0
    91     CS   73.578   369.5   1.72   4.30   5.07   0     0     0  BRK-0, REST-0
    92     CS   73.965   345.9   2.10   4.69   5.45   0     0     0  BRK-0, REST-0
    93     CS   74.246   314.8   2.38   4.97   5.73   0     0     0  BRK-0, REST-0
    94     CS   74.538   284.7   2.68   5.26   6.03   0     0     0  BRK-0, REST-0
    95     CS   74.933   259.8   3.07   5.65   6.42   0     0     0  BRK-0, REST-0
    96     CS   75.228   228.4   3.37   5.95   6.72   0     0     0  BRK-0, REST-0
    97     CS   75.514   196.2   3.65   6.23   7.00   0     0     0  BRK-0, REST-0
  RmediumCmanyTtight_3__pmix: duration None h  infeasible=False  tw=0  46 min
  [skip] RshortCmanyTnone_3__pmix
  ScenarioTracker saved: /mnt/beegfs/users/celinep/ChargeAndBreak/ML/la_mixed/logs/sensitivity/RmediumCfewTtight_4__pmix_LA_S25_H24_20261003_013427_scenarios.json

  === SIMULATION TRAJECTORY ===
  stop   type    t_arr     soc     cd     sd     sw   y   brk   rst  action
  ───────────────────────────────────────────────────────────────────────────────────────────────
     0   ORIG    8.000   500.0   0.00   0.00   0.00   0     —     —  —
     1     CS    8.233   474.0   0.23   0.23   0.23   0     0     0  BRK-0, REST-0
     2     CS    8.466   448.0   0.47   0.47   0.47   0     0     0  BRK-0, REST-0
     3     CS    8.720   423.7   0.72   0.72   0.72   0     0     0  BRK-0, REST-0
     4     CS    9.005   393.0   1.01   1.01   1.01   0     0     0  BRK-0, REST-0
     5     CS    9.285   361.9   1.29   1.29   1.29   0     0     0  BRK-0, REST-0
     6     CS    9.576   331.6   1.58   1.58   1.58   0     0     0  BRK-0, REST-0
     7     CS    9.844   306.9   1.84   1.84   1.84   0     0     0  BRK-0, REST-0
     8     CS   10.079   279.4   2.08   2.08   2.08   0     0     0  BRK-0, REST-0
     9     CS   10.321   252.7   2.32   2.32   2.32   1   b15     0  CHARGE, BRK-B15, REST-0
    10     CS   11.120   400.4   2.65   2.65   2.87   0     0     0  BRK-0, REST-0
    11     CS   11.359   375.7   2.89   2.89   3.11   0     0     0  BRK-0, REST-0
    12     CS   11.598   351.0   3.13   3.13   3.35   0     0     0  BRK-0, REST-0
    13     CS   11.941   316.1   3.47   3.47   3.69   0     0     0  BRK-0, REST-0
    14     CS   12.204   288.7   3.74   3.74   3.95   0     0     0  BRK-0, REST-0
    15     CS   12.458   260.4   3.99   3.99   4.21   0     0     0  BRK-0, REST-0
    16     CS   12.706   231.6   4.24   4.24   4.46   0   b30     0  BRK-B30, REST-0
    17     CS   13.633   203.9   0.26   4.50   4.88   1   b15     0  CHARGE, BRK-B15, REST-0
    18     CS   14.606   348.1   0.70   4.94   5.58   0     0     0  BRK-0, REST-0
    19     CS   14.838   321.4   0.93   5.17   5.81   0     0     0  BRK-0, REST-0
    20     CS   15.077   295.3   1.17   5.41   6.05   0     0     0  BRK-0, REST-0
    21     CS   15.313   269.0   1.41   5.65   6.28   0     0     0  BRK-0, REST-0
    22     CS   15.561   243.7   1.66   5.90   6.53   0     0     0  BRK-0, REST-0
    23     CS   15.824   212.5   1.92   6.16   6.79   0     0     0  BRK-0, REST-0
    24     CS   16.090   181.6   2.18   6.42   7.06   0     0     0  BRK-0, REST-0
    25     CS   16.378   152.6   2.47   6.71   7.35   0     0     0  BRK-0, REST-0
    26     CS   16.814   100.1   2.91   7.15   7.78   1   b30     0  CHARGE, BRK-B30, REST-0
    27     CS   17.915   387.0   0.32   7.47   8.38   0     0     0  BRK-0, REST-0
    28     CS   18.189   356.1   0.60   7.75   8.66   0     0     0  BRK-0, REST-0
    29     CS   18.469   325.7   0.88   8.03   8.94   0     0     0  BRK-0, REST-0
    30     CS   18.738   297.5   1.15   8.30   9.21   0     0     0  BRK-0, REST-0
    31     CS   19.084   273.6   1.49   8.64   9.55   0     0     0  BRK-0, REST-0
    32     CS   19.351   245.2   1.76   8.91   9.82   0     0    r2  BRK-0, REST-R2
    33     CS   28.999   202.3   0.38   0.38   0.38   1   b15     0  CHARGE, BRK-B15, REST-0
    34     CS   29.894   396.8   0.64   0.64   0.88   0     0     0  BRK-0, REST-0
    35     CS   30.243   375.2   0.99   0.99   1.23   0     0     0  BRK-0, REST-0
    36     CS   30.489   348.0   1.23   1.23   1.48   0     0     0  BRK-0, REST-0
    37   CUST   30.736   320.9   1.48   1.48   1.72   0     0     0  BRK-0, REST-0
    38     CS   31.475   295.0   1.72   1.72   2.46   0     0     0  BRK-0, REST-0
    39     CS   31.709   268.7   1.95   1.95   2.70   0     0     0  BRK-0, REST-0
    40     CS   31.940   242.1   2.18   2.18   2.93   0     0     0  BRK-0, REST-0
    41     CS   31.981   237.6   2.22   2.22   2.97   0     0     0  BRK-0, REST-0
    42     CS   32.199   213.4   2.44   2.44   3.19   0     0     0  BRK-0, REST-0
    43     CS   32.413   188.8   2.66   2.66   3.40   0     0     0  BRK-0, REST-0
    44     CS   32.631   164.6   2.87   2.87   3.62   1   b30     0  CHARGE, BRK-B30, REST-0
    45     CS   33.996   411.3   0.24   3.11   4.48   0     0     0  BRK-0, REST-0
    46     CS   34.203   387.7   0.44   3.32   4.69   0     0     0  BRK-0, REST-0
    47     CS   34.417   364.6   0.66   3.53   4.90   0     0     0  BRK-0, REST-0
    48     CS   34.648   340.0   0.89   3.76   5.13   0     0     0  BRK-0, REST-0
    49     CS   35.024   321.3   1.26   4.14   5.51   0     0     0  BRK-0, REST-0
    50     CS   35.256   296.7   1.49   4.37   5.74   0     0     0  BRK-0, REST-0
    51     CS   35.551   265.3   1.79   4.66   6.04   0     0     0  BRK-0, REST-0
    52     CS   35.841   233.5   2.08   4.96   6.33   0     0     0  BRK-0, REST-0
    53     CS   36.137   202.2   2.38   5.25   6.62   0     0     0  BRK-0, REST-0
    54     CS   36.439   174.9   2.68   5.55   6.93   1   b15     0  CHARGE, BRK-B15, REST-0
    55     CS   37.408   323.4   3.01   5.89   7.60   0     0     0  BRK-0, REST-0
    56     CS   37.673   292.0   3.28   6.15   7.86   0     0     0  BRK-0, REST-0
    57     CS   37.969   263.3   3.57   6.45   8.16   0     0     0  BRK-0, REST-0
    58   CUST   38.256   233.9   3.86   6.73   8.45   0     0    r2  BRK-0, REST-R2
    59     CS   47.913   216.3   0.16   0.16   0.16   0     0     0  BRK-0, REST-0
    60     CS   48.331   179.2   0.57   0.57   0.57   0     0     0  BRK-0, REST-0
    61     CS   48.550   155.2   0.79   0.79   0.79   0     0     0  BRK-0, REST-0
    62     CS   48.775   131.6   1.02   1.02   1.02   0     0     0  BRK-0, REST-0
    63     CS   48.997   107.7   1.24   1.24   1.24   1   b45     0  CHARGE, BRK-B45, REST-0
    64     CS   50.244   465.3   0.30   1.54   1.74   0     0     0  BRK-0, REST-0
    65     CS   50.617   442.3   0.67   1.91   2.11   0     0     0  BRK-0, REST-0
    66     CS   50.878   413.3   0.93   2.17   2.37   0     0     0  BRK-0, REST-0
    67     CS   51.133   385.8   1.19   2.43   2.63   0     0     0  BRK-0, REST-0
    68     CS   51.413   360.1   1.47   2.71   2.91   0     0     0  BRK-0, REST-0
    69     CS   51.668   332.2   1.72   2.96   3.16   0     0     0  BRK-0, REST-0
    70     CS   51.972   307.7   2.03   3.27   3.47   0     0     0  BRK-0, REST-0
    71     CS   52.217   278.8   2.27   3.51   3.71   0     0     0  BRK-0, REST-0
    72     CS   52.503   250.4   2.56   3.80   4.00   0     0     0  BRK-0, REST-0
    73     CS   52.963   228.3   3.02   4.26   4.46   0     0     0  BRK-0, REST-0
    74     CS   53.321   203.8   3.37   4.62   4.82   0     0     0  BRK-0, REST-0
    75     CS   53.541   178.2   3.59   4.84   5.04   0     0     0  BRK-0, REST-0
    76     CS   53.762   152.6   3.81   5.06   5.26   0     0     0  BRK-0, REST-0
  RmediumCfewTtight_4__pmix: duration None h  infeasible=False  tw=0  36 min
  [skip] RshortCfewTnone_4__pmix
  [skip] RshortCmanyTtight_4__pmix
  ScenarioTracker saved: /mnt/beegfs/users/celinep/ChargeAndBreak/ML/la_mixed/logs/sensitivity/RmediumCmanyTnone_5__pmix_LA_S25_H24_20261003_021013_scenarios.json

  === SIMULATION TRAJECTORY ===
  stop   type    t_arr     soc     cd     sd     sw   y   brk   rst  action
  ───────────────────────────────────────────────────────────────────────────────────────────────
     0   ORIG    8.000   500.0   0.00   0.00   0.00   0     —     —  —
     1     CS    8.238   474.4   0.24   0.24   0.24   0     0     0  BRK-0, REST-0
     2     CS    8.474   448.7   0.47   0.47   0.47   0     0     0  BRK-0, REST-0
     3     CS    8.721   423.9   0.72   0.72   0.72   0     0     0  BRK-0, REST-0
     4     CS    8.987   392.2   0.99   0.99   0.99   0     0     0  BRK-0, REST-0
     5     CS    9.287   363.4   1.29   1.29   1.29   0     0     0  BRK-0, REST-0
     6     CS    9.658   338.2   1.66   1.66   1.66   0     0     0  BRK-0, REST-0
     7     CS    9.888   315.0   1.89   1.89   1.89   0     0     0  BRK-0, REST-0
     8     CS   10.133   292.9   2.13   2.13   2.13   0     0     0  BRK-0, REST-0
     9     CS   10.361   269.5   2.36   2.36   2.36   1   b15     0  CHARGE, BRK-B15, REST-0
    10     CS   11.254   367.3   2.77   2.77   3.00   0     0     0  BRK-0, REST-0
    11     CS   11.518   344.7   3.03   3.03   3.27   0     0     0  BRK-0, REST-0
    12     CS   11.752   319.9   3.27   3.27   3.50   0     0     0  BRK-0, REST-0
    13     CS   11.981   294.7   3.50   3.50   3.73   0     0     0  BRK-0, REST-0
    14     CS   12.205   269.1   3.72   3.72   3.96   0     0     0  BRK-0, REST-0
    15     CS   12.482   244.3   4.00   4.00   4.23   0     0     0  BRK-0, REST-0
    16     CS   12.796   221.4   4.31   4.31   4.55   0   b30     0  BRK-B30, REST-0
    17     CS   13.701   193.4   0.24   4.55   4.95   0     0     0  BRK-0, REST-0
    18     CS   13.947   167.0   0.48   4.80   5.20   0     0     0  BRK-0, REST-0
    19     CS   14.187   140.1   0.72   5.04   5.44   0     0     0  BRK-0, REST-0
    20     CS   14.430   113.5   0.97   5.28   5.68   1   b45     0  CHARGE, BRK-B45, REST-0
    21     CS   15.837   367.3   0.25   5.53   6.30   0     0     0  BRK-0, REST-0
    22     CS   16.080   344.3   0.50   5.78   6.54   0     0     0  BRK-0, REST-0
    23     CS   16.317   321.0   0.74   6.01   6.78   0     0     0  BRK-0, REST-0
    24     CS   16.528   296.1   0.95   6.23   6.99   0     0     0  BRK-0, REST-0
    25     CS   16.763   273.2   1.18   6.46   7.22   0     0     0  BRK-0, REST-0
    26     CS   16.989   249.7   1.41   6.69   7.45   0     0     0  BRK-0, REST-0
    27     CS   17.282   229.8   1.70   6.98   7.74   0     0     0  BRK-0, REST-0
    28     CS   17.515   206.9   1.93   7.21   7.98   0     0     0  BRK-0, REST-0
    29     CS   17.730   182.4   2.15   7.43   8.19   1   b15     0  CHARGE, BRK-B15, REST-0
    30     CS   18.524   245.0   2.38   7.66   8.74   0     0     0  BRK-0, REST-0
    31     CS   18.742   219.2   2.59   7.87   8.95   0     0     0  BRK-0, REST-0
    32   CUST   18.972   194.5   2.82   8.10   9.18   0     0     0  BRK-0, REST-0
    33     CS   19.578   187.8   2.93   8.21   9.79   1     0     0  CHARGE, BRK-0, REST-0
    34     CS   20.366   382.5   3.21   8.49  10.58   0     0     0  BRK-0, REST-0
    35     CS   20.724   360.8   3.57   8.85  10.93   0     0     0  BRK-0, REST-0
    36   CUST   20.960   332.3   3.80   9.08  11.17   0     0     0  BRK-0, REST-0
    37   CUST   21.556   320.9   3.90   9.18  11.77   0     0    r2  BRK-0, REST-R2
    38     CS   31.171   307.8   0.11   0.11   0.11   0     0     0  BRK-0, REST-0
    39     CS   31.677   273.1   0.62   0.62   0.62   0     0     0  BRK-0, REST-0
    40     CS   32.029   253.3   0.97   0.97   0.97   0     0     0  BRK-0, REST-0
    41     CS   32.253   227.1   1.20   1.20   1.20   0     0     0  BRK-0, REST-0
    42     CS   32.483   201.4   1.43   1.43   1.43   0     0     0  BRK-0, REST-0
    43     CS   32.721   176.5   1.67   1.67   1.67   1   b15     0  CHARGE, BRK-B15, REST-0
    44     CS   33.475   333.2   1.93   1.93   2.17   0     0     0  BRK-0, REST-0
    45     CS   33.675   311.2   2.12   2.12   2.37   0     0     0  BRK-0, REST-0
    46     CS   33.875   289.3   2.33   2.33   2.57   0     0     0  BRK-0, REST-0
    47     CS   34.163   258.1   2.61   2.61   2.86   0     0     0  BRK-0, REST-0
    48     CS   34.458   227.5   2.91   2.91   3.15   0     0     0  BRK-0, REST-0
    49     CS   34.735   195.2   3.19   3.19   3.43   0     0     0  BRK-0, REST-0
    50     CS   34.962   172.5   3.41   3.41   3.66   0     0     0  BRK-0, REST-0
    51     CS   35.173   148.5   3.62   3.62   3.87   0     0     0  BRK-0, REST-0
    52     CS   35.380   124.0   3.83   3.83   4.07   1   b30     0  CHARGE, BRK-B30, REST-0
    53     CS   36.451   395.3   0.24   4.07   4.64   0     0     0  BRK-0, REST-0
    54     CS   36.699   369.9   0.49   4.32   4.89   0     0     0  BRK-0, REST-0
    55     CS   37.106   350.4   0.90   4.73   5.30   0     0     0  BRK-0, REST-0
    56     CS   37.649   305.9   1.44   5.27   5.84   0     0     0  BRK-0, REST-0
    57     CS   37.899   281.9   1.69   5.52   6.09   0     0     0  BRK-0, REST-0
    58     CS   38.139   257.0   1.93   5.76   6.33   0     0     0  BRK-0, REST-0
    59     CS   38.367   231.2   2.16   5.99   6.56   0     0     0  BRK-0, REST-0
    60   CUST   38.593   205.1   2.39   6.22   6.79   0     0     0  BRK-0, REST-0
    61     CS   39.300   182.7   2.59   6.42   7.49   0     0     0  BRK-0, REST-0
    62     CS   39.513   160.7   2.81   6.64   7.71   0     0     0  BRK-0, REST-0
    63     CS   39.765   141.1   3.06   6.89   7.96   1   b45     0  CHARGE, BRK-B45, REST-0
    64     CS   41.201   456.9   0.18   7.06   8.64   0     0     0  BRK-0, REST-0
    65   CUST   41.475   427.5   0.45   7.34   8.91   0     0     0  BRK-0, REST-0
    66   CUST   42.270   400.8   0.75   7.63   9.71   0     0     0  BRK-0, REST-0
    67     CS   43.008   372.8   0.98   7.87  10.44   0     0     0  BRK-0, REST-0
    68   CUST   43.272   347.1   1.25   8.13  10.71   0     0     0  BRK-0, REST-0
    69     CS   43.806   343.1   1.28   8.17  11.24   0     0     0  BRK-0, REST-0
    70     CS   43.947   328.8   1.42   8.31  11.38   0     0     0  BRK-0, REST-0
    71     CS   44.270   302.7   1.75   8.63  11.71   0     0     0  BRK-0, REST-0
    72     CS   44.537   272.7   2.01   8.90  11.97   0     0    r2  BRK-0, REST-R2
    73     CS   53.992   241.5   0.29   0.29   0.29   0     0     0  BRK-0, REST-0
    74     CS   54.323   213.3   0.62   0.62   0.62   0     0     0  BRK-0, REST-0
    75     CS   54.603   181.4   0.90   0.90   0.90   1   b15     0  CHARGE, BRK-B15, REST-0
    76     CS   55.508   380.9   1.25   1.25   1.55   0     0     0  BRK-0, REST-0
    77     CS   55.788   351.2   1.53   1.53   1.83   0     0     0  BRK-0, REST-0
    78     CS   56.054   320.4   1.80   1.80   2.10   0     0     0  BRK-0, REST-0
    79     CS   56.527   269.0   2.27   2.27   2.57   0     0     0  BRK-0, REST-0
    80     CS   56.761   244.8   2.50   2.50   2.81   0     0     0  BRK-0, REST-0
    81     CS   57.001   221.2   2.74   2.74   3.05   0     0     0  BRK-0, REST-0
    82     CS   57.251   198.1   2.99   2.99   3.30   0     0     0  BRK-0, REST-0
    83     CS   57.495   174.7   3.24   3.24   3.54   1     0     0  CHARGE, BRK-0, REST-0
    84     CS   58.536   384.4   3.48   3.48   4.58   0     0     0  BRK-0, REST-0
    85     CS   58.737   361.0   3.68   3.68   4.78   0     0     0  BRK-0, REST-0
    86   CUST   58.966   339.8   3.91   3.91   5.01   0     0     0  BRK-0, REST-0
    87     CS   59.800   313.8   4.24   4.24   5.85   0     0    r2  BRK-0, REST-R2
    88   CUST   69.252   284.9   0.29   0.29   0.29   0     0     0  BRK-0, REST-0
    89     CS   69.820   276.9   0.35   0.35   0.85   0     0     0  BRK-0, REST-0
    90   CUST   69.838   274.9   0.37   0.37   0.87   0     0     0  BRK-0, REST-0
    91     CS   70.830   226.3   0.86   0.86   1.86   0     0     0  BRK-0, REST-0
    92     CS   71.053   200.6   1.09   1.09   2.09   1   b15     0  CHARGE, BRK-B15, REST-0
    93     CS   71.819   395.7   1.30   1.30   2.55   0     0     0  BRK-0, REST-0
    94     CS   72.035   370.5   1.52   1.52   2.76   0     0     0  BRK-0, REST-0
    95     CS   72.289   348.3   1.77   1.77   3.02   0     0     0  BRK-0, REST-0
    96     CS   72.510   322.3   1.99   1.99   3.24   0     0     0  BRK-0, REST-0
    97     CS   72.757   298.6   2.24   2.24   3.49   0     0     0  BRK-0, REST-0
    98     CS   72.978   272.6   2.46   2.46   3.71   0     0     0  BRK-0, REST-0
    99     CS   73.202   247.0   2.69   2.69   3.93   0     0     0  BRK-0, REST-0
   100     CS   73.453   218.7   2.94   2.94   4.18   0     0     0  BRK-0, REST-0
   101     CS   73.743   193.4   3.23   3.23   4.47   0     0     0  BRK-0, REST-0
   102     CS   73.995   165.1   3.48   3.48   4.72   1   b30     0  CHARGE, BRK-B30, REST-0
   103     CS   74.940   315.2   0.24   3.72   5.17   0     0     0  BRK-0, REST-0
   104     CS   75.214   292.8   0.51   3.99   5.44   0     0     0  BRK-0, REST-0
   105     CS   75.460   268.7   0.76   4.24   5.69   0     0     0  BRK-0, REST-0
   106     CS   75.661   246.8   0.96   4.44   5.89   0     0     0  BRK-0, REST-0
   107     CS   75.866   225.3   1.16   4.64   6.10   0     0     0  BRK-0, REST-0
   108     CS   76.105   206.1   1.40   4.88   6.34   0     0     0  BRK-0, REST-0
   109     CS   76.349   178.7   1.65   5.13   6.58   0     0     0  BRK-0, REST-0
   110     CS   76.599   151.8   1.90   5.38   6.83   1   b45     0  CHARGE, BRK-B45, REST-0
   111     CS   78.342   466.7   0.36   5.73   7.39   0     0     0  BRK-0, REST-0
   112     CS   78.618   433.6   0.63   6.01   7.67   0     0     0  BRK-0, REST-0
   113     CS   78.901   401.1   0.92   6.29   7.95   0     0     0  BRK-0, REST-0
   114     CS   79.114   378.0   1.13   6.51   8.16   0     0     0  BRK-0, REST-0
   115     CS   79.381   358.2   1.40   6.77   8.43   0     0     0  BRK-0, REST-0
   116     CS   79.612   336.5   1.63   7.00   8.66   0     0     0  BRK-0, REST-0
   117     CS   79.849   312.6   1.87   7.24   8.90   0     0     0  BRK-0, REST-0
   118     CS   80.085   288.5   2.10   7.48   9.13   0     0     0  BRK-0, REST-0
   119     CS   80.329   265.2   2.35   7.72   9.38   0     0     0  BRK-0, REST-0
   120     CS   80.554   240.1   2.57   7.95   9.60   0     0     0  BRK-0, REST-0
   121     CS   80.832   214.1   2.85   8.22   9.88   0     0     0  BRK-0, REST-0
   122     CS   81.088   186.2   3.10   8.48  10.14   0     0     0  BRK-0, REST-0
  RmediumCmanyTnone_5__pmix: duration None h  infeasible=False  tw=0  53 min
  [skip] RshortCfewTtight_5__pmix
  ScenarioTracker saved: /mnt/beegfs/users/celinep/ChargeAndBreak/ML/la_mixed/logs/sensitivity/RmediumCfewTnone_6__pmix_LA_S25_H24_20261003_030318_scenarios.json

  === SIMULATION TRAJECTORY ===
  stop   type    t_arr     soc     cd     sd     sw   y   brk   rst  action
  ───────────────────────────────────────────────────────────────────────────────────────────────
     0   ORIG    8.000   500.0   0.00   0.00   0.00   0     —     —  —
     1     CS    8.240   474.6   0.24   0.24   0.24   0     0     0  BRK-0, REST-0
     2     CS    8.465   447.9   0.47   0.47   0.47   0     0     0  BRK-0, REST-0
     3     CS    8.696   421.7   0.70   0.70   0.70   0     0     0  BRK-0, REST-0
     4     CS    8.955   390.8   0.95   0.95   0.95   0     0     0  BRK-0, REST-0
     5     CS    9.241   362.5   1.24   1.24   1.24   0     0     0  BRK-0, REST-0
     6     CS    9.499   331.6   1.50   1.50   1.50   0     0     0  BRK-0, REST-0
     7     CS    9.794   299.5   1.79   1.79   1.79   0     0     0  BRK-0, REST-0
     8     CS   10.079   266.3   2.08   2.08   2.08   0     0     0  BRK-0, REST-0
     9     CS   10.333   246.0   2.33   2.33   2.33   0     0     0  BRK-0, REST-0
    10     CS   10.552   223.4   2.55   2.55   2.55   0     0     0  BRK-0, REST-0
    11     CS   10.755   199.3   2.75   2.75   2.75   0     0     0  BRK-0, REST-0
    12     CS   11.043   173.9   3.04   3.04   3.04   0     0     0  BRK-0, REST-0
    13     CS   11.288   145.0   3.29   3.29   3.29   0     0     0  BRK-0, REST-0
    14     CS   11.540   116.7   3.54   3.54   3.54   1   b45     0  CHARGE, BRK-B45, REST-0
    15     CS   13.098   442.6   0.37   3.91   4.35   0     0     0  BRK-0, REST-0
    16     CS   13.544   418.3   0.82   4.36   4.79   0     0     0  BRK-0, REST-0
    17     CS   13.825   388.0   1.10   4.64   5.08   0     0     0  BRK-0, REST-0
    18     CS   14.126   359.3   1.40   4.94   5.38   0     0     0  BRK-0, REST-0
    19     CS   14.466   332.8   1.74   5.28   5.72   0     0     0  BRK-0, REST-0
    20     CS   14.788   307.6   2.06   5.60   6.04   0     0     0  BRK-0, REST-0
    21     CS   15.041   277.5   2.32   5.86   6.29   0     0     0  BRK-0, REST-0
    22     CS   15.290   251.7   2.56   6.10   6.54   0     0     0  BRK-0, REST-0
    23     CS   15.647   231.0   2.92   6.46   6.90   0     0     0  BRK-0, REST-0
    24     CS   15.884   204.1   3.16   6.70   7.13   0     0     0  BRK-0, REST-0
    25     CS   16.124   177.6   3.40   6.94   7.37   0     0     0  BRK-0, REST-0
    26     CS   16.595   130.6   3.87   7.41   7.84   1   b45     0  CHARGE, BRK-B45, REST-0
    27     CS   17.971   472.1   0.30   7.71   8.47   0     0     0  BRK-0, REST-0
    28     CS   18.222   444.6   0.55   7.96   8.72   0     0     0  BRK-0, REST-0
    29     CS   18.491   418.6   0.82   8.23   8.99   0     0     0  BRK-0, REST-0
    30     CS   18.715   394.1   1.05   8.46   9.22   0     0     0  BRK-0, REST-0
    31     CS   18.937   369.5   1.27   8.68   9.44   0     0     0  BRK-0, REST-0
    32     CS   19.161   345.0   1.49   8.90   9.66   0     0     0  BRK-0, REST-0
    33     CS   19.415   320.7   1.75   9.16   9.91   0     0     0  BRK-0, REST-0
    34     CS   19.677   296.9   2.01   9.42  10.18   0     0     0  BRK-0, REST-0
    35     CS   19.925   272.2   2.26   9.67  10.42   0     0    r2  BRK-0, REST-R2
    36     CS   29.408   251.0   0.32   0.32   0.32   0     0     0  BRK-0, REST-0
    37     CS   29.612   227.9   0.52   0.52   0.52   0     0     0  BRK-0, REST-0
    38     CS   29.824   205.5   0.73   0.73   0.73   0     0     0  BRK-0, REST-0
    39     CS   30.023   181.9   0.93   0.93   0.93   1   b15     0  CHARGE, BRK-B15, REST-0
    40     CS   30.829   383.9   1.18   1.18   1.49   0     0     0  BRK-0, REST-0
    41     CS   31.117   363.3   1.47   1.47   1.78   0     0     0  BRK-0, REST-0
    42     CS   31.341   338.9   1.69   1.69   2.00   0     0     0  BRK-0, REST-0
    43     CS   31.558   313.7   1.91   1.91   2.22   0     0     0  BRK-0, REST-0
    44     CS   31.848   281.1   2.20   2.20   2.51   0     0     0  BRK-0, REST-0
    45     CS   32.193   252.4   2.55   2.55   2.85   0     0     0  BRK-0, REST-0
    46     CS   32.390   230.2   2.74   2.74   3.05   0     0     0  BRK-0, REST-0
    47     CS   32.590   208.3   2.94   2.94   3.25   0     0     0  BRK-0, REST-0
    48     CS   32.789   186.3   3.14   3.14   3.45   1   b30     0  CHARGE, BRK-B30, REST-0
    49     CS   33.733   432.9   0.22   3.36   3.89   0     0     0  BRK-0, REST-0
    50     CS   33.945   408.2   0.43   3.57   4.10   0     0     0  BRK-0, REST-0
    51   CUST   34.156   383.3   0.64   3.78   4.31   0     0     0  BRK-0, REST-0
    52     CS   34.852   361.4   0.84   3.98   5.01   0     0     0  BRK-0, REST-0
    53     CS   35.052   339.8   1.04   4.18   5.21   0     0     0  BRK-0, REST-0
    54   CUST   35.313   321.8   1.30   4.44   5.47   0     0     0  BRK-0, REST-0
    55     CS   35.813   321.8   1.30   4.44   5.97   0     0     0  BRK-0, REST-0
    56     CS   36.101   300.4   1.59   4.73   6.26   0     0     0  BRK-0, REST-0
    57     CS   36.379   267.8   1.86   5.00   6.54   0     0     0  BRK-0, REST-0
    58     CS   36.655   235.0   2.14   5.28   6.81   0     0     0  BRK-0, REST-0
    59     CS   36.872   210.0   2.36   5.50   7.03   0     0     0  BRK-0, REST-0
    60     CS   37.115   187.0   2.60   5.74   7.27   0     0     0  BRK-0, REST-0
    61     CS   37.342   162.8   2.83   5.97   7.50   1   b15     0  CHARGE, BRK-B15, REST-0
    62     CS   38.152   379.3   3.11   6.25   8.06   0     0     0  BRK-0, REST-0
    63     CS   38.451   357.0   3.41   6.55   8.36   0     0     0  BRK-0, REST-0
    64     CS   38.688   330.5   3.64   6.79   8.60   0     0     0  BRK-0, REST-0
    65     CS   38.957   300.7   3.91   7.05   8.87   0     0     0  BRK-0, REST-0
    66     CS   39.248   272.6   4.20   7.35   9.16   0     0    r2  BRK-0, REST-R2
    67     CS   48.713   245.1   0.30   0.30   0.30   0     0     0  BRK-0, REST-0
    68     CS   48.978   221.6   0.56   0.56   0.56   0     0     0  BRK-0, REST-0
    69     CS   49.222   196.6   0.81   0.81   0.81   0     0     0  BRK-0, REST-0
    70     CS   49.470   171.8   1.06   1.06   1.06   0     0     0  BRK-0, REST-0
    71     CS   49.698   145.3   1.28   1.28   1.28   1   b15     0  CHARGE, BRK-B15, REST-0
    72     CS   50.521   298.4   1.52   1.52   1.86   0     0     0  BRK-0, REST-0
    73     CS   50.753   276.0   1.75   1.75   2.09   0     0     0  BRK-0, REST-0
    74     CS   50.967   252.2   1.97   1.97   2.30   0     0     0  BRK-0, REST-0
    75     CS   51.414   205.5   2.41   2.41   2.75   0     0     0  BRK-0, REST-0
    76     CS   51.697   174.6   2.70   2.70   3.03   0     0     0  BRK-0, REST-0
    77     CS   51.985   144.2   2.99   2.99   3.32   0     0     0  BRK-0, REST-0
    78     CS   52.301   115.8   3.30   3.30   3.64   1   b30     0  CHARGE, BRK-B30, REST-0
    79     CS   53.375   416.6   0.29   3.59   4.21   0     0     0  BRK-0, REST-0
    80     CS   53.635   387.5   0.55   3.85   4.47   0     0     0  BRK-0, REST-0
    81     CS   53.914   360.0   0.83   4.13   4.75   0     0     0  BRK-0, REST-0
    82     CS   54.156   332.5   1.07   4.37   4.99   0     0     0  BRK-0, REST-0
    83     CS   54.399   305.0   1.31   4.62   5.23   0     0     0  BRK-0, REST-0
    84     CS   54.648   276.4   1.56   4.87   5.48   0     0     0  BRK-0, REST-0
    85     CS   54.918   249.4   1.83   5.14   5.75   0     0     0  BRK-0, REST-0
    86     CS   55.181   222.0   2.10   5.40   6.02   0     0     0  BRK-0, REST-0
    87     CS   55.530   199.2   2.45   5.75   6.37   0     0     0  BRK-0, REST-0
    88     CS   55.840   168.2   2.76   6.06   6.68   0     0     0  BRK-0, REST-0
    89     CS   56.155   137.7   3.07   6.37   6.99   1   b45     0  CHARGE, BRK-B45, REST-0
    90     CS   57.598   442.0   0.29   6.66   7.68   0     0     0  BRK-0, REST-0
    91     CS   57.890   409.6   0.58   6.95   7.98   0     0     0  BRK-0, REST-0
    92     CS   58.221   383.9   0.91   7.28   8.31   0     0     0  BRK-0, REST-0
    93     CS   58.542   357.7   1.23   7.60   8.63   0     0     0  BRK-0, REST-0
    94     CS   58.763   333.1   1.45   7.82   8.85   0     0     0  BRK-0, REST-0
    95     CS   58.993   309.1   1.68   8.05   9.08   0     0     0  BRK-0, REST-0
    96     CS   59.272   288.1   1.96   8.33   9.36   0     0     0  BRK-0, REST-0
    97     CS   59.508   264.7   2.20   8.57   9.59   0     0     0  BRK-0, REST-0
    98     CS   59.804   234.9   2.49   8.86   9.89   0     0     0  BRK-0, REST-0
    99     CS   60.080   203.3   2.77   9.14  10.17   0     0     0  BRK-0, REST-0
  RmediumCfewTnone_6__pmix: duration None h  infeasible=False  tw=0  47 min
  ScenarioTracker saved: /mnt/beegfs/users/celinep/ChargeAndBreak/ML/la_mixed/logs/sensitivity/RmediumCmanyTtight_6__pmix_LA_S25_H24_20261003_035021_scenarios.json

  === SIMULATION TRAJECTORY ===
  stop   type    t_arr     soc     cd     sd     sw   y   brk   rst  action
  ───────────────────────────────────────────────────────────────────────────────────────────────
     0   ORIG    8.000   500.0   0.00   0.00   0.00   0     —     —  —
     1     CS    8.228   473.5   0.23   0.23   0.23   0     0     0  BRK-0, REST-0
     2     CS    8.487   449.6   0.49   0.49   0.49   0     0     0  BRK-0, REST-0
     3     CS    8.716   423.1   0.72   0.72   0.72   0     0     0  BRK-0, REST-0
     4     CS    8.989   394.9   0.99   0.99   0.99   0     0     0  BRK-0, REST-0
     5     CS    9.268   367.1   1.27   1.27   1.27   0     0     0  BRK-0, REST-0
     6     CS    9.539   337.4   1.54   1.54   1.54   0     0     0  BRK-0, REST-0
     7     CS    9.808   307.6   1.81   1.81   1.81   0     0     0  BRK-0, REST-0
     8     CS   10.084   278.4   2.08   2.08   2.08   0     0     0  BRK-0, REST-0
     9     CS   10.360   249.2   2.36   2.36   2.36   0     0     0  BRK-0, REST-0
    10     CS   10.824   211.8   2.82   2.82   2.82   1   b45     0  CHARGE, BRK-B45, REST-0
    11     CS   12.150   414.2   0.23   3.06   3.40   0     0     0  BRK-0, REST-0
    12     CS   12.385   386.0   0.47   3.29   3.64   0     0     0  BRK-0, REST-0
    13     CS   12.658   360.9   0.74   3.57   3.91   0     0     0  BRK-0, REST-0
    14     CS   12.903   335.9   0.99   3.81   4.15   0     0     0  BRK-0, REST-0
    15     CS   13.134   309.7   1.22   4.04   4.38   0     0     0  BRK-0, REST-0
    16     CS   13.394   285.8   1.48   4.30   4.64   0     0     0  BRK-0, REST-0
    17     CS   13.660   262.3   1.74   4.57   4.91   0     0     0  BRK-0, REST-0
    18     CS   13.985   225.8   2.07   4.89   5.24   0     0     0  BRK-0, REST-0
    19     CS   14.245   203.4   2.33   5.15   5.49   0     0     0  BRK-0, REST-0
    20     CS   14.461   177.6   2.55   5.37   5.71   0     0     0  BRK-0, REST-0
    21     CS   14.688   152.8   2.77   5.60   5.94   0     0     0  BRK-0, REST-0
    22     CS   14.915   128.0   3.00   5.82   6.16   1   b45     0  CHARGE, BRK-B45, REST-0
    23     CS   16.124   469.1   0.23   6.06   6.62   0     0     0  BRK-0, REST-0
    24     CS   16.384   444.7   0.49   6.32   6.88   0     0     0  BRK-0, REST-0
    25     CS   16.626   418.9   0.74   6.56   7.13   0     0     0  BRK-0, REST-0
    26     CS   16.877   393.9   0.99   6.81   7.38   0     0     0  BRK-0, REST-0
    27   CUST   17.144   363.9   1.25   7.08   7.64   0     0     0  BRK-0, REST-0
    28     CS   17.858   339.8   1.47   7.29   8.36   0     0     0  BRK-0, REST-0
    29     CS   18.073   315.6   1.68   7.51   8.57   0     0     0  BRK-0, REST-0
    30     CS   18.279   290.7   1.89   7.71   8.78   0     0     0  BRK-0, REST-0
    31     CS   18.506   265.3   2.12   7.94   9.01   0     0     0  BRK-0, REST-0
    32     CS   18.797   236.6   2.41   8.23   9.30   0     0     0  BRK-0, REST-0
    33     CS   19.064   205.8   2.68   8.50   9.56   0     0     0  BRK-0, REST-0
    34     CS   19.367   177.8   2.98   8.80   9.87   1   b15     0  CHARGE, BRK-B15, REST-0
    35     CS   20.254   372.4   3.22   9.04  10.44   0     0     0  BRK-0, REST-0
    36     CS   20.517   346.7   3.48   9.31  10.70   0     0    r2  BRK-0, REST-R2
    37     CS   29.922   321.1   0.24   0.24   0.24   0     0     0  BRK-0, REST-0
    38     CS   30.149   294.6   0.47   0.47   0.47   0     0     0  BRK-0, REST-0
    39     CS   30.442   272.4   0.76   0.76   0.76   1   b15     0  CHARGE, BRK-B15, REST-0
    40     CS   31.819   289.7   1.04   1.04   1.29   0     0     0  BRK-0, REST-0
    41     CS   32.099   258.6   1.32   1.32   1.57   0     0     0  BRK-0, REST-0
    42     CS   32.389   228.3   1.61   1.61   1.86   0     0     0  BRK-0, REST-0
    43     CS   32.635   199.9   1.86   1.86   2.11   0     0     0  BRK-0, REST-0
    44     CS   32.876   171.0   2.10   2.10   2.35   1     0     0  CHARGE, BRK-0, REST-0
    45     CS   33.619   380.5   2.38   2.38   3.09   0     0     0  BRK-0, REST-0
    46     CS   33.862   353.9   2.63   2.63   3.34   0     0     0  BRK-0, REST-0
    47     CS   34.106   327.2   2.87   2.87   3.58   1   b30     0  CHARGE, BRK-B30, REST-0
    48     CS   35.110   456.3   0.30   3.17   4.08   0     0     0  BRK-0, REST-0
    49     CS   35.451   435.0   0.64   3.51   4.43   0     0     0  BRK-0, REST-0
    50     CS   35.685   407.4   0.88   3.75   4.66   0     0     0  BRK-0, REST-0
    51     CS   35.935   381.2   1.13   4.00   4.91   0     0     0  BRK-0, REST-0
    52     CS   36.197   355.8   1.39   4.26   5.17   0     0     0  BRK-0, REST-0
    53     CS   36.441   329.1   1.63   4.50   5.42   0     0     0  BRK-0, REST-0
    54     CS   36.696   303.2   1.89   4.76   5.67   0     0     0  BRK-0, REST-0
    55     CS   36.937   275.6   2.13   5.00   5.91   0     0     0  BRK-0, REST-0
    56     CS   37.202   249.9   2.39   5.26   6.18   0     0     0  BRK-0, REST-0
    57     CS   37.443   222.3   2.63   5.50   6.42   0     0     0  BRK-0, REST-0
    58     CS   37.803   188.6   3.00   5.86   6.78   1   b15     0  CHARGE, BRK-B15, REST-0
    59     CS   38.587   337.0   3.23   6.10   7.31   0     0     0  BRK-0, REST-0
    60     CS   38.870   314.0   3.51   6.38   7.59   0     0     0  BRK-0, REST-0
    61     CS   39.131   289.6   3.77   6.64   7.86   0     0     0  BRK-0, REST-0
    62   CUST   39.372   263.8   4.01   6.88   8.10   0     0     0  BRK-0, REST-0
    63   CUST   40.261   242.4   4.40   7.27   8.99   0     0     0  BRK-0, REST-0
    64   CUST   40.773   241.1   4.42   7.28   9.50   0   b30     0  BRK-B30, REST-0
    65     CS   41.960   226.6   0.19   7.47  10.18   0     0     0  BRK-0, REST-0
    66   CUST   42.404   187.1   0.63   7.91  10.63   0     0     0  BRK-0, REST-0
    67     CS   43.267   148.2   0.99   8.28  11.49   1   b15     0  CHARGE, BRK-B15, REST-0
    68   CUST   43.772   397.5   1.00   8.28  11.75   0     0     0  BRK-0, REST-0
    69     CS   44.301   394.3   1.03   8.31  12.28   0     0    r2  BRK-0, REST-R2
    70     CS   53.729   370.7   0.26   0.26   0.26   0     0     0  BRK-0, REST-0
    71     CS   53.977   346.3   0.51   0.51   0.51   0     0     0  BRK-0, REST-0
    72     CS   54.213   320.8   0.75   0.75   0.75   0     0     0  BRK-0, REST-0
    73     CS   54.451   295.5   0.98   0.98   0.98   0     0     0  BRK-0, REST-0
    74     CS   54.711   269.5   1.24   1.24   1.24   0     0     0  BRK-0, REST-0
    75     CS   54.984   244.4   1.52   1.52   1.52   0     0     0  BRK-0, REST-0
    76     CS   55.256   212.6   1.79   1.79   1.79   0     0     0  BRK-0, REST-0
    77     CS   55.534   181.2   2.07   2.07   2.07   0     0     0  BRK-0, REST-0
    78     CS   55.814   150.0   2.35   2.35   2.35   1   b15     0  CHARGE, BRK-B15, REST-0
    79     CS   56.735   339.0   2.57   2.57   2.97   0     0     0  BRK-0, REST-0
    80     CS   57.067   321.7   2.90   2.90   3.30   0     0     0  BRK-0, REST-0
    81     CS   57.279   299.2   3.11   3.11   3.51   0     0     0  BRK-0, REST-0
    82     CS   57.483   277.6   3.31   3.31   3.71   0     0     0  BRK-0, REST-0
    83     CS   57.678   255.3   3.51   3.51   3.91   0     0     0  BRK-0, REST-0
    84   CUST   57.894   234.6   3.73   3.73   4.13   0     0    r2  BRK-0, REST-R2
    85     CS   67.675   206.2   0.28   0.28   0.28   0     0     0  BRK-0, REST-0
    86     CS   67.981   179.5   0.59   0.59   0.59   0     0     0  BRK-0, REST-0
    87     CS   68.240   149.2   0.85   0.85   0.85   1   b15     0  CHARGE, BRK-B15, REST-0
    88   CUST   68.871   240.9   0.94   0.94   1.18   0     0     0  BRK-0, REST-0
    89   CUST   69.710   212.9   1.28   1.28   2.02   0     0     0  BRK-0, REST-0
    90     CS   70.557   176.0   1.63   1.63   2.87   0     0     0  BRK-0, REST-0
    91   CUST   70.840   156.1   1.91   1.91   3.15   0     0     0  BRK-0, REST-0
    92   CUST   71.565   132.9   2.14   2.14   3.88   0     0     0  BRK-0, REST-0
    93     CS   72.267   108.8   2.34   2.34   4.58   0     0     0  BRK-0, REST-0
    94     CS   72.322   103.1   2.40   2.40   4.63   1   b30     0  CHARGE, BRK-B30, REST-0
    95     CS   73.346   399.6   0.29   2.69   5.13   0     0     0  BRK-0, REST-0
    96     CS   73.574   373.0   0.52   2.92   5.35   0     0     0  BRK-0, REST-0
    97     CS   73.828   348.8   0.78   3.17   5.61   1   b15     0  CHARGE, BRK-B15, REST-0
    98     CS   74.515   360.1   1.02   3.41   6.04   0     0     0  BRK-0, REST-0
    99     CS   74.748   333.3   1.25   3.64   6.28   0     0     0  BRK-0, REST-0
   100     CS   75.020   309.5   1.52   3.92   6.55   0     0     0  BRK-0, REST-0
   101     CS   75.218   287.4   1.72   4.12   6.75   0     0     0  BRK-0, REST-0
   102     CS   75.421   265.7   1.92   4.32   6.95   0     0     0  BRK-0, REST-0
   103     CS   75.625   244.1   2.13   4.52   7.15   1   b30     0  CHARGE, BRK-B30, REST-0
   104     CS   76.659   445.5   0.25   4.77   7.69   0     0     0  BRK-0, REST-0
   105     CS   76.914   422.7   0.50   5.03   7.94   0     0     0  BRK-0, REST-0
   106     CS   77.143   397.8   0.73   5.25   8.17   0     0     0  BRK-0, REST-0
   107     CS   77.373   371.6   0.96   5.48   8.40   0     0     0  BRK-0, REST-0
   108     CS   77.622   346.9   1.21   5.73   8.65   0     0     0  BRK-0, REST-0
   109     CS   77.863   321.6   1.45   5.97   8.89   0     0     0  BRK-0, REST-0
   110     CS   78.114   296.0   1.70   6.23   9.14   0     0     0  BRK-0, REST-0
   111     CS   78.384   271.7   1.97   6.49   9.41   0     0     0  BRK-0, REST-0
   112     CS   78.727   250.7   2.32   6.84   9.76   0     0     0  BRK-0, REST-0
   113     CS   78.968   224.2   2.56   7.08  10.00   0     0     0  BRK-0, REST-0
   114     CS   79.251   192.1   2.84   7.36  10.28   0     0     0  BRK-0, REST-0
   115     CS   79.525   159.2   3.11   7.64  10.56   1   b15     0  CHARGE, BRK-B15, REST-0
   116     CS   80.271   373.0   3.41   7.94  11.05   0     0     0  BRK-0, REST-0
   117     CS   80.540   341.6   3.68   8.21  11.32   0     0     0  BRK-0, REST-0
   118     CS   80.805   309.8   3.95   8.47  11.59   0     0     0  BRK-0, REST-0
   119     CS   81.056   280.7   4.20   8.72  11.84   0   b30     0  BRK-B30, REST-0
  RmediumCmanyTtight_6__pmix: duration None h  infeasible=False  tw=6  82 min
  [skip] RshortCmanyTnone_6__pmix
  ScenarioTracker saved: /mnt/beegfs/users/celinep/ChargeAndBreak/ML/la_mixed/logs/sensitivity/RmediumCfewTtight_7__pmix_LA_S25_H24_20261003_051200_scenarios.json

  === SIMULATION TRAJECTORY ===
  stop   type    t_arr     soc     cd     sd     sw   y   brk   rst  action
  ───────────────────────────────────────────────────────────────────────────────────────────────
     0   ORIG    8.000   500.0   0.00   0.00   0.00   0     —     —  —
     1     CS    8.256   475.8   0.26   0.26   0.26   0     0     0  BRK-0, REST-0
     2     CS    8.482   449.2   0.48   0.48   0.48   0     0     0  BRK-0, REST-0
     3     CS    8.752   425.9   0.75   0.75   0.75   0     0     0  BRK-0, REST-0
     4     CS    8.980   401.8   0.98   0.98   0.98   0     0     0  BRK-0, REST-0
     5     CS    9.197   376.7   1.20   1.20   1.20   0     0     0  BRK-0, REST-0
     6     CS    9.413   351.5   1.41   1.41   1.41   0     0     0  BRK-0, REST-0
     7     CS    9.615   329.7   1.61   1.61   1.61   0     0     0  BRK-0, REST-0
     8     CS    9.806   306.9   1.81   1.81   1.81   0     0     0  BRK-0, REST-0
     9     CS   10.007   285.1   2.01   2.01   2.01   0     0     0  BRK-0, REST-0
    10     CS   10.358   263.5   2.36   2.36   2.36   0     0     0  BRK-0, REST-0
    11     CS   10.609   236.7   2.61   2.61   2.61   0     0     0  BRK-0, REST-0
    12     CS   10.890   212.1   2.89   2.89   2.89   0     0     0  BRK-0, REST-0
    13     CS   11.097   190.0   3.10   3.10   3.10   0     0     0  BRK-0, REST-0
    14     CS   11.316   168.9   3.32   3.32   3.32   0     0     0  BRK-0, REST-0
    15     CS   11.550   148.7   3.55   3.55   3.55   1   b45     0  CHARGE, BRK-B45, REST-0
    16     CS   12.881   470.7   0.25   3.80   4.13   0     0     0  BRK-0, REST-0
    17     CS   13.157   444.3   0.52   4.07   4.41   0     0     0  BRK-0, REST-0
    18     CS   13.592   423.5   0.96   4.51   4.84   0     0     0  BRK-0, REST-0
    19     CS   13.881   397.8   1.25   4.80   5.13   0     0     0  BRK-0, REST-0
    20     CS   14.097   377.2   1.46   5.01   5.35   0     0     0  BRK-0, REST-0
    21     CS   14.292   354.8   1.66   5.21   5.54   0     0     0  BRK-0, REST-0
    22     CS   14.488   332.5   1.85   5.40   5.74   0     0     0  BRK-0, REST-0
    23     CS   14.730   307.3   2.09   5.64   5.98   0     0     0  BRK-0, REST-0
    24     CS   14.989   283.3   2.35   5.90   6.24   0     0     0  BRK-0, REST-0
    25   CUST   15.217   256.9   2.58   6.13   6.47   0     0     0  BRK-0, REST-0
    26     CS   15.934   233.0   2.80   6.35   7.18   0     0     0  BRK-0, REST-0
    27     CS   16.232   201.7   3.10   6.65   7.48   0     0     0  BRK-0, REST-0
    28     CS   16.522   169.7   3.39   6.94   7.77   0     0     0  BRK-0, REST-0
    29     CS   16.780   140.0   3.65   7.20   8.03   0     0     0  BRK-0, REST-0
    30     CS   17.039   110.5   3.90   7.45   8.29   1   b45     0  CHARGE, BRK-B45, REST-0
    31     CS   18.313   442.8   0.22   7.67   8.81   0     0     0  BRK-0, REST-0
    32     CS   18.526   418.0   0.43   7.88   9.03   0     0     0  BRK-0, REST-0
    33     CS   18.751   394.4   0.65   8.11   9.25   0     0     0  BRK-0, REST-0
    34     CS   19.031   365.6   0.93   8.39   9.53   0     0     0  BRK-0, REST-0
    35     CS   19.340   338.8   1.24   8.70   9.84   0     0     0  BRK-0, REST-0
    36     CS   19.606   308.7   1.51   8.96  10.11   0     0    r2  BRK-0, REST-R2
    37     CS   29.092   281.2   0.32   0.32   0.32   0     0     0  BRK-0, REST-0
    38     CS   29.454   255.7   0.68   0.68   0.68   0     0     0  BRK-0, REST-0
    39     CS   29.730   224.9   0.96   0.96   0.96   0     0     0  BRK-0, REST-0
    40     CS   29.985   194.9   1.21   1.21   1.21   0     0     0  BRK-0, REST-0
    41     CS   30.264   167.1   1.49   1.49   1.49   1   b15     0  CHARGE, BRK-B15, REST-0
    42     CS   31.068   372.5   1.78   1.78   2.05   0     0     0  BRK-0, REST-0
    43     CS   31.376   342.9   2.09   2.09   2.35   0     0     0  BRK-0, REST-0
    44   CUST   31.653   310.6   2.37   2.37   2.63   0     0     0  BRK-0, REST-0
    45     CS   32.520   269.7   2.73   2.73   3.50   0     0     0  BRK-0, REST-0
    46     CS   32.940   232.7   3.15   3.15   3.92   0     0     0  BRK-0, REST-0
    47     CS   33.142   211.0   3.36   3.36   4.12   0     0     0  BRK-0, REST-0
    48     CS   33.343   189.2   3.56   3.56   4.32   0     0     0  BRK-0, REST-0
    49   CUST   33.534   166.4   3.75   3.75   4.51   0     0     0  BRK-0, REST-0
    50     CS   34.310   136.0   4.02   4.02   5.29   1   b30     0  CHARGE, BRK-B30, REST-0
    51     CS   35.367   283.0   0.26   4.28   5.84   0     0     0  BRK-0, REST-0
    52     CS   35.655   257.3   0.54   4.57   6.13   0     0     0  BRK-0, REST-0
    53     CS   35.897   229.7   0.79   4.81   6.37   0     0     0  BRK-0, REST-0
    54     CS   36.145   202.8   1.03   5.06   6.62   0     0     0  BRK-0, REST-0
    55     CS   36.438   171.9   1.33   5.35   6.91   0     0     0  BRK-0, REST-0
    56     CS   36.718   140.0   1.61   5.63   7.20   0     0     0  BRK-0, REST-0
    57     CS   36.997   107.9   1.89   5.91   7.47   1   b15     0  CHARGE, BRK-B15, REST-0
    58     CS   37.995   376.0   2.18   6.20   8.06   0     0     0  BRK-0, REST-0
    59     CS   38.243   349.0   2.42   6.45   8.30   0     0     0  BRK-0, REST-0
    60     CS   38.502   322.9   2.68   6.71   8.56   0     0     0  BRK-0, REST-0
    61     CS   38.963   272.8   3.14   7.17   9.02   0     0     0  BRK-0, REST-0
    62     CS   39.220   247.6   3.40   7.43   9.28   0     0     0  BRK-0, REST-0
    63     CS   39.477   222.4   3.66   7.68   9.54   0     0     0  BRK-0, REST-0
    64     CS   39.748   198.2   3.93   7.95   9.81   0     0     0  BRK-0, REST-0
    65     CS   39.996   172.4   4.18   8.20  10.06   1   b30     0  CHARGE, BRK-B30, REST-0
    66     CS   40.961   408.6   0.24   8.44  10.52   0     0     0  BRK-0, REST-0
    67     CS   41.204   382.4   0.49   8.69  10.76   0     0     0  BRK-0, REST-0
    68     CS   41.458   360.2   0.74   8.94  11.02   0     0     0  BRK-0, REST-0
    69     CS   41.692   336.5   0.97   9.18  11.25   0     0     0  BRK-0, REST-0
    70     CS   41.924   312.7   1.21   9.41  11.48   0     0    r2  BRK-0, REST-R2
    71     CS   51.324   287.4   0.23   0.23   0.23   0     0     0  BRK-0, REST-0
    72     CS   51.575   263.4   0.48   0.48   0.48   0     0     0  BRK-0, REST-0
    73     CS   51.826   239.4   0.74   0.74   0.74   0     0     0  BRK-0, REST-0
    74     CS   52.060   214.0   0.97   0.97   0.97   0     0     0  BRK-0, REST-0
    75     CS   52.300   185.5   1.21   1.21   1.21   0     0     0  BRK-0, REST-0
    76     CS   52.727   165.1   1.64   1.64   1.64   0     0     0  BRK-0, REST-0
    77     CS   52.978   137.6   1.89   1.89   1.89   1   b15     0  CHARGE, BRK-B15, REST-0
    78     CS   53.768   359.9   2.13   2.13   2.43   0     0     0  BRK-0, REST-0
    79     CS   54.018   333.1   2.38   2.38   2.68   0     0     0  BRK-0, REST-0
    80     CS   54.329   309.6   2.69   2.69   2.99   0     0     0  BRK-0, REST-0
    81     CS   54.589   283.0   2.95   2.95   3.25   0     0     0  BRK-0, REST-0
    82     CS   54.858   257.1   3.22   3.22   3.52   0     0     0  BRK-0, REST-0
  RmediumCfewTtight_7__pmix: duration None h  infeasible=False  tw=0  30 min
  [skip] RshortCfewTnone_7__pmix
  [skip] RshortCmanyTtight_7__pmix
  ScenarioTracker saved: /mnt/beegfs/users/celinep/ChargeAndBreak/ML/la_mixed/logs/sensitivity/RmediumCmanyTnone_8__pmix_LA_S25_H24_20261003_054134_scenarios.json

  === SIMULATION TRAJECTORY ===
  stop   type    t_arr     soc     cd     sd     sw   y   brk   rst  action
  ───────────────────────────────────────────────────────────────────────────────────────────────
     0   ORIG    8.000   500.0   0.00   0.00   0.00   0     —     —  —
     1     CS    8.230   473.7   0.23   0.23   0.23   0     0     0  BRK-0, REST-0
     2     CS    8.457   447.1   0.46   0.46   0.46   0     0     0  BRK-0, REST-0
     3     CS    8.713   422.9   0.71   0.71   0.71   0     0     0  BRK-0, REST-0
     4     CS    8.983   390.9   0.98   0.98   0.98   0     0     0  BRK-0, REST-0
     5     CS    9.263   359.7   1.26   1.26   1.26   0     0     0  BRK-0, REST-0
     6     CS    9.513   329.9   1.51   1.51   1.51   0     0     0  BRK-0, REST-0
     7     CS    9.761   299.8   1.76   1.76   1.76   0     0     0  BRK-0, REST-0
     8     CS   10.029   271.6   2.03   2.03   2.03   0     0     0  BRK-0, REST-0
     9     CS   10.302   243.9   2.30   2.30   2.30   0     0     0  BRK-0, REST-0
    10     CS   10.533   219.3   2.53   2.53   2.53   0     0     0  BRK-0, REST-0
    11     CS   10.765   194.8   2.77   2.77   2.77   0     0     0  BRK-0, REST-0
    12     CS   11.011   171.3   3.01   3.01   3.01   1   b15     0  CHARGE, BRK-B15, REST-0
    13     CS   11.892   382.4   3.26   3.26   3.64   0     0     0  BRK-0, REST-0
    14     CS   12.105   357.8   3.47   3.47   3.86   0     0     0  BRK-0, REST-0
    15     CS   12.319   333.2   3.69   3.69   4.07   0     0     0  BRK-0, REST-0
    16     CS   12.674   308.5   4.04   4.04   4.42   0     0     0  BRK-0, REST-0
    17     CS   12.981   281.5   4.35   4.35   4.73   1   b30     0  CHARGE, BRK-B30, REST-0
    18     CS   14.096   401.7   0.30   4.64   5.35   0     0     0  BRK-0, REST-0
    19     CS   14.522   377.1   0.72   5.07   5.77   0     0     0  BRK-0, REST-0
    20     CS   14.809   345.9   1.01   5.36   6.06   0     0     0  BRK-0, REST-0
    21     CS   15.074   315.7   1.27   5.62   6.32   0     0     0  BRK-0, REST-0
    22     CS   15.332   284.7   1.53   5.88   6.58   0     0     0  BRK-0, REST-0
    23     CS   15.585   258.8   1.78   6.13   6.84   0     0     0  BRK-0, REST-0
    24     CS   15.828   231.9   2.03   6.38   7.08   0     0     0  BRK-0, REST-0
    25     CS   16.075   205.4   2.27   6.62   7.32   0     0     0  BRK-0, REST-0
    26     CS   16.315   178.3   2.51   6.86   7.56   1   b45     0  CHARGE, BRK-B45, REST-0
    27     CS   17.688   396.6   0.24   7.10   8.19   0     0     0  BRK-0, REST-0
    28     CS   17.935   370.7   0.49   7.35   8.43   0     0     0  BRK-0, REST-0
    29     CS   18.216   338.8   0.77   7.63   8.72   0     0     0  BRK-0, REST-0
    30     CS   18.522   309.1   1.07   7.94   9.02   0     0     0  BRK-0, REST-0
    31   CUST   18.820   278.7   1.37   8.23   9.32   0     0     0  BRK-0, REST-0
    32   CUST   19.460   261.8   1.51   8.37   9.96   0     0     0  BRK-0, REST-0
    33     CS   19.993   257.8   1.54   8.41  10.49   0     0     0  BRK-0, REST-0
    34   CUST   20.383   216.5   1.93   8.80  10.88   0     0     0  BRK-0, REST-0
    35   CUST   21.126   192.5   2.18   9.04  11.63   0     0    r2  BRK-0, REST-R2
    36   CUST   30.686   186.1   0.06   0.06   0.06   0     0     0  BRK-0, REST-0
    37   CUST   31.358   170.8   0.23   0.23   0.73   0     0     0  BRK-0, REST-0
    38     CS   31.938   161.6   0.31   0.31   1.31   0     0     0  BRK-0, REST-0
    39   CUST   32.125   139.6   0.50   0.50   1.50   0     0     0  BRK-0, REST-0
    40     CS   32.862   112.8   0.74   0.74   2.24   1   b15     0  CHARGE, BRK-B15, REST-0
    41     CS   33.878   393.7   1.09   1.09   2.80   0     0     0  BRK-0, REST-0
    42     CS   34.134   370.1   1.34   1.34   3.05   0     0     0  BRK-0, REST-0
    43     CS   34.375   345.3   1.58   1.58   3.29   0     0     0  BRK-0, REST-0
    44     CS   34.597   318.9   1.81   1.81   3.51   0     0     0  BRK-0, REST-0
    45     CS   34.873   296.4   2.08   2.08   3.79   0     0     0  BRK-0, REST-0
    46     CS   35.166   264.0   2.37   2.37   4.08   0     0     0  BRK-0, REST-0
    47     CS   35.500   234.8   2.71   2.71   4.42   0     0     0  BRK-0, REST-0
    48     CS   35.736   206.6   2.94   2.94   4.65   0     0     0  BRK-0, REST-0
    49     CS   35.981   179.3   3.19   3.19   4.90   1     0     0  CHARGE, BRK-0, REST-0
    50     CS   36.821   236.4   3.45   3.45   5.74   0     0     0  BRK-0, REST-0
    51     CS   37.093   206.8   3.72   3.72   6.01   0     0     0  BRK-0, REST-0
    52     CS   37.377   178.3   4.01   4.01   6.29   1   b30     0  CHARGE, BRK-B30, REST-0
    53     CS   38.505   450.3   0.32   4.33   6.82   0     0     0  BRK-0, REST-0
    54     CS   38.771   421.7   0.58   4.59   7.09   0     0     0  BRK-0, REST-0
    55     CS   39.025   392.1   0.84   4.84   7.34   0     0     0  BRK-0, REST-0
    56     CS   39.384   366.7   1.20   5.20   7.70   0     0     0  BRK-0, REST-0
    57     CS   39.649   335.3   1.46   5.47   7.97   0     0     0  BRK-0, REST-0
    58     CS   39.874   311.7   1.69   5.69   8.19   0     0     0  BRK-0, REST-0
    59     CS   40.084   286.7   1.90   5.90   8.40   0     0     0  BRK-0, REST-0
    60   CUST   40.313   263.4   2.13   6.13   8.63   0     0     0  BRK-0, REST-0
    61   CUST   41.006   242.1   2.32   6.33   9.32   0     0     0  BRK-0, REST-0
    62   CUST   41.819   217.4   2.63   6.64  10.14   0   b15     0  BRK-B15, REST-0
    63     CS   42.828   199.0   2.89   6.90  10.90   1   b30     0  CHARGE, BRK-B30, REST-0
    64     CS   44.249   435.8   0.51   7.41  11.73   0     0     0  BRK-0, REST-0
    65     CS   44.490   409.4   0.76   7.65  11.97   0     0     0  BRK-0, REST-0
    66     CS   44.740   383.7   1.00   7.90  12.22   0     0     0  BRK-0, REST-0
    67     CS   44.976   360.2   1.24   8.14  12.46   0     0     0  BRK-0, REST-0
    68     CS   45.319   341.3   1.58   8.48  12.80   0     0    r2  BRK-0, REST-R2
    69     CS   54.717   317.5   0.23   0.23   0.23   0     0     0  BRK-0, REST-0
    70     CS   54.944   291.8   0.46   0.46   0.46   0     0     0  BRK-0, REST-0
    71     CS   55.182   266.9   0.70   0.70   0.70   0     0     0  BRK-0, REST-0
    72     CS   55.409   241.2   0.92   0.92   0.92   0     0     0  BRK-0, REST-0
    73     CS   55.654   213.4   1.17   1.17   1.17   0     0     0  BRK-0, REST-0
    74     CS   55.920   187.2   1.43   1.43   1.43   0     0     0  BRK-0, REST-0
    75     CS   56.178   160.5   1.69   1.69   1.69   0     0     0  BRK-0, REST-0
    76     CS   56.448   134.7   1.96   1.96   1.96   1   b15     0  CHARGE, BRK-B15, REST-0
    77     CS   57.429   144.4   2.41   2.41   2.69   1     0     0  CHARGE, BRK-0, REST-0
    78     CS   58.395   387.0   2.65   2.65   3.66   0     0     0  BRK-0, REST-0
    79     CS   58.623   362.9   2.87   2.87   3.89   0     0     0  BRK-0, REST-0
    80     CS   58.867   340.1   3.12   3.12   4.13   0     0     0  BRK-0, REST-0
    81   CUST   59.106   316.8   3.36   3.36   4.37   0     0     0  BRK-0, REST-0
    82   CUST   59.768   301.8   3.52   3.52   5.03   0     0     0  BRK-0, REST-0
    83   CUST   60.494   279.8   3.74   3.74   5.76   0     0     0  BRK-0, REST-0
    84     CS   61.422   236.0   4.17   4.17   6.69   1     0     0  CHARGE, BRK-0, REST-0
    85   CUST   61.936   412.1   4.24   4.24   7.20   0     0    r2  BRK-0, REST-R2
    86     CS   71.855   375.1   0.42   0.42   0.42   0     0     0  BRK-0, REST-0
    87   CUST   72.138   343.0   0.70   0.70   0.70   0     0     0  BRK-0, REST-0
    88     CS   72.851   318.7   0.91   0.91   1.41   0     0     0  BRK-0, REST-0
    89     CS   73.200   285.2   1.26   1.26   1.76   0     0     0  BRK-0, REST-0
    90     CS   73.700   261.3   1.76   1.76   2.26   0     0     0  BRK-0, REST-0
    91     CS   74.017   230.9   2.08   2.08   2.58   0     0     0  BRK-0, REST-0
    92     CS   74.244   204.9   2.31   2.31   2.81   0     0     0  BRK-0, REST-0
    93     CS   74.474   179.3   2.54   2.54   3.04   0     0     0  BRK-0, REST-0
    94     CS   74.713   154.4   2.78   2.78   3.28   0     0     0  BRK-0, REST-0
    95     CS   74.964   130.4   3.03   3.03   3.53   1   b15     0  CHARGE, BRK-B15, REST-0
    96     CS   75.723   372.5   3.30   3.30   4.02   0     0     0  BRK-0, REST-0
    97     CS   75.980   343.9   3.55   3.55   4.27   0     0     0  BRK-0, REST-0
    98     CS   76.239   315.5   3.81   3.81   4.53   0     0     0  BRK-0, REST-0
    99     CS   76.450   290.6   4.02   4.02   4.74   0     0     0  BRK-0, REST-0
   100     CS   76.704   269.1   4.28   4.28   5.00   0   b30     0  BRK-B30, REST-0
   101     CS   77.590   245.0   0.22   4.50   5.38   1   b15     0  CHARGE, BRK-B15, REST-0
   102     CS   78.466   428.4   0.43   4.71   5.84   0     0     0  BRK-0, REST-0
   103     CS   78.703   406.4   0.66   4.94   6.08   0     0     0  BRK-0, REST-0
   104     CS   78.919   382.8   0.88   5.16   6.29   0     0     0  BRK-0, REST-0
   105     CS   79.161   362.4   1.12   5.40   6.54   0     0     0  BRK-0, REST-0
   106     CS   79.363   339.1   1.32   5.60   6.74   0     0     0  BRK-0, REST-0
   107     CS   79.575   316.6   1.54   5.81   6.95   1     0     0  CHARGE, BRK-0, REST-0
   108     CS   80.384   334.5   1.87   6.15   7.76   0     0     0  BRK-0, REST-0
   109     CS   80.649   312.3   2.13   6.41   8.02   0     0     0  BRK-0, REST-0
   110     CS   80.871   286.8   2.36   6.63   8.25   0     0     0  BRK-0, REST-0
   111     CS   81.124   259.2   2.61   6.89   8.50   0     0     0  BRK-0, REST-0
   112     CS   81.386   232.2   2.87   7.15   8.76   0     0     0  BRK-0, REST-0
   113     CS   81.633   203.9   3.12   7.40   9.01   0     0     0  BRK-0, REST-0
   114     CS   81.890   176.5   3.38   7.65   9.27   0     0     0  BRK-0, REST-0
  RmediumCmanyTnone_8__pmix: duration None h  infeasible=False  tw=0  57 min
  [skip] RshortCfewTtight_8__pmix
  ScenarioTracker saved: /mnt/beegfs/users/celinep/ChargeAndBreak/ML/la_mixed/logs/sensitivity/RmediumCfewTnone_9__pmix_LA_S25_H24_20261003_063825_scenarios.json

  === SIMULATION TRAJECTORY ===
  stop   type    t_arr     soc     cd     sd     sw   y   brk   rst  action
  ───────────────────────────────────────────────────────────────────────────────────────────────
     0   ORIG    8.000   500.0   0.00   0.00   0.00   0     —     —  —
     1     CS    8.236   474.2   0.24   0.24   0.24   0     0     0  BRK-0, REST-0
     2     CS    8.465   447.9   0.46   0.46   0.46   0     0     0  BRK-0, REST-0
     3     CS    8.703   422.3   0.70   0.70   0.70   0     0     0  BRK-0, REST-0
     4     CS    8.965   395.0   0.97   0.97   0.97   0     0     0  BRK-0, REST-0
     5     CS    9.234   368.2   1.23   1.23   1.23   0     0     0  BRK-0, REST-0
     6     CS    9.556   344.5   1.56   1.56   1.56   0     0     0  BRK-0, REST-0
     7     CS    9.851   321.3   1.85   1.85   1.85   0     0     0  BRK-0, REST-0
     8     CS   10.083   293.6   2.08   2.08   2.08   0     0     0  BRK-0, REST-0
     9     CS   10.374   270.2   2.37   2.37   2.37   0     0     0  BRK-0, REST-0
    10     CS   10.635   242.8   2.64   2.64   2.64   0     0     0  BRK-0, REST-0
    11     CS   10.982   220.0   2.98   2.98   2.98   0     0     0  BRK-0, REST-0
    12     CS   11.255   193.6   3.26   3.26   3.26   0     0     0  BRK-0, REST-0
    13     CS   11.469   171.3   3.47   3.47   3.47   0     0     0  BRK-0, REST-0
    14     CS   11.677   148.5   3.68   3.68   3.68   0     0     0  BRK-0, REST-0
    15     CS   11.912   127.8   3.91   3.91   3.91   1   b45     0  CHARGE, BRK-B45, REST-0
    16     CS   13.144   469.3   0.27   4.18   4.39   0     0     0  BRK-0, REST-0
    17     CS   13.389   441.2   0.51   4.42   4.64   0     0     0  BRK-0, REST-0
    18     CS   13.631   412.8   0.75   4.66   4.88   0     0     0  BRK-0, REST-0
    19     CS   13.869   384.8   0.99   4.90   5.12   0     0     0  BRK-0, REST-0
    20     CS   14.109   357.1   1.23   5.14   5.36   0     0     0  BRK-0, REST-0
    21     CS   14.348   329.3   1.47   5.38   5.60   0     0     0  BRK-0, REST-0
    22     CS   14.679   291.0   1.80   5.71   5.93   0     0     0  BRK-0, REST-0
    23     CS   14.939   264.4   2.06   5.97   6.19   0     0     0  BRK-0, REST-0
    24     CS   15.190   237.1   2.31   6.22   6.44   0     0     0  BRK-0, REST-0
    25     CS   15.449   210.5   2.57   6.48   6.70   0     0     0  BRK-0, REST-0
    26   CUST   15.696   182.7   2.82   6.73   6.95   0     0     0  BRK-0, REST-0
    27     CS   16.465   154.1   3.09   7.00   7.71   1   b15     0  CHARGE, BRK-B15, REST-0
    28     CS   17.286   363.2   3.44   7.35   8.29   0     0     0  BRK-0, REST-0
    29     CS   17.489   339.2   3.64   7.55   8.49   0     0     0  BRK-0, REST-0
    30     CS   17.730   318.1   3.88   7.79   8.73   0     0     0  BRK-0, REST-0
    31     CS   17.983   297.7   4.14   8.05   8.98   1   b30     0  CHARGE, BRK-B30, REST-0
    32     CS   19.020   450.0   0.33   8.38   9.52   0     0     0  BRK-0, REST-0
    33     CS   19.331   419.1   0.64   8.69   9.83   0     0     0  BRK-0, REST-0
    34     CS   19.613   385.7   0.92   8.97  10.11   0     0     0  BRK-0, REST-0
    35     CS   19.915   354.2   1.22   9.27  10.42   0     0     0  BRK-0, REST-0
    36     CS   20.236   324.0   1.55   9.59  10.74   0     0    r2  BRK-0, REST-R2
    37     CS   29.737   296.7   0.33   0.33   0.33   0     0     0  BRK-0, REST-0
    38     CS   30.017   265.5   0.61   0.61   0.61   0     0     0  BRK-0, REST-0
    39     CS   30.291   233.8   0.89   0.89   0.89   0     0     0  BRK-0, REST-0
    40     CS   30.510   211.9   1.11   1.11   1.11   0     0     0  BRK-0, REST-0
    41     CS   30.728   190.0   1.33   1.33   1.33   0     0     0  BRK-0, REST-0
    42     CS   30.927   166.3   1.52   1.52   1.52   1   b15     0  CHARGE, BRK-B15, REST-0
    43     CS   31.741   224.3   1.79   1.79   2.09   0     0     0  BRK-0, REST-0
    44     CS   32.024   196.4   2.07   2.07   2.37   0     0     0  BRK-0, REST-0
    45     CS   32.314   169.0   2.36   2.36   2.66   0     0     0  BRK-0, REST-0
    46     CS   32.613   139.4   2.66   2.66   2.96   0     0     0  BRK-0, REST-0
    47     CS   32.927   110.9   2.97   2.97   3.27   1   b30     0  CHARGE, BRK-B30, REST-0
    48     CS   34.063   432.5   0.30   3.27   3.81   0     0     0  BRK-0, REST-0
    49     CS   34.381   404.2   0.62   3.59   4.13   0     0     0  BRK-0, REST-0
    50     CS   34.702   376.1   0.94   3.91   4.45   0     0     0  BRK-0, REST-0
    51     CS   35.279   331.5   1.51   4.49   5.03   0     0     0  BRK-0, REST-0
    52     CS   35.551   301.9   1.79   4.76   5.30   0     0     0  BRK-0, REST-0
    53     CS   35.840   273.8   2.08   5.05   5.59   0     0     0  BRK-0, REST-0
    54     CS   36.102   243.3   2.34   5.31   5.85   0     0     0  BRK-0, REST-0
    55     CS   36.387   212.6   2.62   5.60   6.13   0     0    r2  BRK-0, REST-R2
    56     CS   45.856   183.3   0.30   0.30   0.30   0     0     0  BRK-0, REST-0
    57     CS   46.135   152.0   0.58   0.58   0.58   1   b15     0  CHARGE, BRK-B15, REST-0
    58     CS   47.101   190.1   1.05   1.05   1.30   1     0     0  CHARGE, BRK-0, REST-0
    59     CS   48.044   378.0   1.35   1.35   2.24   0     0     0  BRK-0, REST-0
    60     CS   48.343   347.6   1.65   1.65   2.54   0     0     0  BRK-0, REST-0
    61     CS   48.617   315.1   1.93   1.93   2.81   0     0     0  BRK-0, REST-0
    62     CS   48.868   287.2   2.18   2.18   3.06   0     0     0  BRK-0, REST-0
    63     CS   49.115   258.9   2.42   2.42   3.31   1   b30     0  CHARGE, BRK-B30, REST-0
    64     CS   50.176   404.9   0.24   2.67   3.80   0     0     0  BRK-0, REST-0
    65     CS   50.426   377.4   0.49   2.91   4.05   0     0     0  BRK-0, REST-0
    66     CS   50.683   350.6   0.75   3.17   4.31   0     0     0  BRK-0, REST-0
    67     CS   50.922   322.2   0.99   3.41   4.55   0     0     0  BRK-0, REST-0
    68     CS   51.209   289.3   1.27   3.70   4.84   0     0     0  BRK-0, REST-0
    69     CS   51.493   256.1   1.56   3.98   5.12   1   b30     0  CHARGE, BRK-B30, REST-0
    70     CS   52.487   305.6   1.81   4.24   5.61   0     0     0  BRK-0, REST-0
    71     CS   52.727   277.0   2.05   4.48   5.84   0     0     0  BRK-0, REST-0
    72     CS   52.969   248.7   2.30   4.72   6.09   0     0     0  BRK-0, REST-0
    73     CS   53.233   218.3   2.56   4.98   6.35   0     0     0  BRK-0, REST-0
    74     CS   53.523   190.3   2.85   5.27   6.64   0     0     0  BRK-0, REST-0
    75     CS   53.804   161.5   3.13   5.56   6.92   1   b30     0  CHARGE, BRK-B30, REST-0
    76     CS   55.068   336.6   0.22   5.77   7.62   0     0     0  BRK-0, REST-0
    77     CS   55.270   312.5   0.42   5.98   7.82   0     0     0  BRK-0, REST-0
    78     CS   55.485   289.6   0.64   6.19   8.04   0     0     0  BRK-0, REST-0
    79     CS   55.711   264.5   0.86   6.42   8.26   0     0     0  BRK-0, REST-0
    80     CS   55.935   239.3   1.09   6.64   8.49   0     0     0  BRK-0, REST-0
    81     CS   56.258   219.4   1.41   6.96   8.81   0     0     0  BRK-0, REST-0
    82     CS   56.796   180.1   1.95   7.50   9.35   1   b15     0  CHARGE, BRK-B15, REST-0
    83     CS   57.646   374.8   2.20   7.75   9.88   0     0     0  BRK-0, REST-0
    84     CS   57.895   349.4   2.45   8.00  10.13   0     0     0  BRK-0, REST-0
  RmediumCfewTnone_9__pmix: duration None h  infeasible=False  tw=0  26 min
  ScenarioTracker saved: /mnt/beegfs/users/celinep/ChargeAndBreak/ML/la_mixed/logs/sensitivity/RmediumCmanyTtight_9__pmix_LA_S25_H24_20261003_070419_scenarios.json

  === SIMULATION TRAJECTORY ===
  stop   type    t_arr     soc     cd     sd     sw   y   brk   rst  action
  ───────────────────────────────────────────────────────────────────────────────────────────────
     0   ORIG    8.000   500.0   0.00   0.00   0.00   0     —     —  —
     1     CS    8.234   474.1   0.23   0.23   0.23   0     0     0  BRK-0, REST-0
     2     CS    8.498   450.5   0.50   0.50   0.50   0     0     0  BRK-0, REST-0
     3     CS    8.726   424.0   0.73   0.73   0.73   1   b15     0  CHARGE, BRK-B15, REST-0
     4     CS    9.522   453.9   0.99   0.99   1.25   0     0     0  BRK-0, REST-0
     5     CS    9.766   427.4   1.23   1.23   1.49   0     0     0  BRK-0, REST-0
     6     CS   10.090   405.4   1.56   1.56   1.82   0     0     0  BRK-0, REST-0
     7     CS   10.386   374.4   1.85   1.85   2.11   0     0     0  BRK-0, REST-0
     8     CS   10.689   344.0   2.16   2.16   2.41   0     0     0  BRK-0, REST-0
     9     CS   10.939   315.4   2.41   2.41   2.66   0     0     0  BRK-0, REST-0
    10     CS   11.206   288.3   2.67   2.67   2.93   0     0     0  BRK-0, REST-0
    11     CS   11.464   260.5   2.93   2.93   3.19   0     0     0  BRK-0, REST-0
    12     CS   11.724   232.8   3.19   3.19   3.45   1   b30     0  CHARGE, BRK-B30, REST-0
    13     CS   12.677   426.6   0.23   3.42   3.90   0     0     0  BRK-0, REST-0
    14     CS   12.906   401.0   0.46   3.65   4.13   0     0     0  BRK-0, REST-0
    15     CS   13.164   377.6   0.71   3.91   4.39   0     0     0  BRK-0, REST-0
    16     CS   13.376   355.2   0.93   4.12   4.60   0     0     0  BRK-0, REST-0
    17     CS   13.584   332.4   1.13   4.33   4.81   0     0     0  BRK-0, REST-0
    18     CS   13.891   314.6   1.44   4.63   5.12   0     0     0  BRK-0, REST-0
    19     CS   14.092   291.9   1.64   4.84   5.32   0     0     0  BRK-0, REST-0
    20     CS   14.293   269.3   1.84   5.04   5.52   0     0     0  BRK-0, REST-0
    21   CUST   14.499   247.1   2.05   5.24   5.72   0     0     0  BRK-0, REST-0
    22   CUST   15.284   215.3   2.33   5.53   6.51   0     0     0  BRK-0, REST-0
    23     CS   15.833   210.3   2.38   5.58   7.06   0     0     0  BRK-0, REST-0
    24   CUST   16.041   188.0   2.59   5.78   7.27   0     0     0  BRK-0, REST-0
    25     CS   16.742   164.9   2.79   5.99   7.97   0     0     0  BRK-0, REST-0
    26     CS   16.976   144.4   3.03   6.22   8.20   0     0     0  BRK-0, REST-0
    27     CS   17.188   122.3   3.24   6.43   8.41   1   b45     0  CHARGE, BRK-B45, REST-0
    28     CS   18.294   478.1   0.14   6.58   8.77   0     0     0  BRK-0, REST-0
    29     CS   18.526   452.0   0.38   6.81   9.00   0     0     0  BRK-0, REST-0
    30     CS   18.781   427.7   0.63   7.06   9.26   0     0     0  BRK-0, REST-0
    31     CS   19.031   403.2   0.88   7.31   9.51   0     0     0  BRK-0, REST-0
    32     CS   19.323   381.0   1.17   7.60   9.80   0     0     0  BRK-0, REST-0
    33     CS   19.533   359.2   1.38   7.81  10.01   0     0     0  BRK-0, REST-0
    34     CS   19.797   340.5   1.65   8.08  10.27   0     0     0  BRK-0, REST-0
    35     CS   20.004   318.4   1.85   8.29  10.48   0     0     0  BRK-0, REST-0
    36     CS   20.304   286.6   2.15   8.58  10.78   0     0     0  BRK-0, REST-0
    37     CS   20.604   254.9   2.45   8.89  11.08   0     0     0  BRK-0, REST-0
    38     CS   20.843   230.6   2.69   9.12  11.32   0     0     0  BRK-0, REST-0
    39     CS   21.066   204.8   2.92   9.35  11.54   0     0     0  BRK-0, REST-0
    40     CS   21.417   185.4   3.27   9.70  11.89   0     0    r2  BRK-0, REST-R2
    41     CS   30.886   164.5   0.30   0.30   0.30   1   b15     0  CHARGE, BRK-B15, REST-0
    42     CS   31.634   228.5   0.50   0.50   0.80   0     0     0  BRK-0, REST-0
    43     CS   31.870   207.8   0.74   0.74   1.04   0     0     0  BRK-0, REST-0
    44     CS   32.077   184.9   0.94   0.94   1.24   1     0     0  CHARGE, BRK-0, REST-0
    45     CS   32.889   193.6   1.19   1.19   2.05   0     0     0  BRK-0, REST-0
    46     CS   33.239   170.9   1.54   1.54   2.40   0     0     0  BRK-0, REST-0
    47     CS   33.529   145.6   1.83   1.83   2.70   1   b30     0  CHARGE, BRK-B30, REST-0
    48   CUST   34.829   386.6   0.51   2.34   3.49   0     0     0  BRK-0, REST-0
    49   CUST   35.454   373.3   0.63   2.46   4.12   0     0     0  BRK-0, REST-0
    50   CUST   35.994   369.7   0.67   2.50   4.66   0     0     0  BRK-0, REST-0
    51     CS   36.538   364.3   0.72   2.55   5.20   0     0     0  BRK-0, REST-0
    52   CUST   36.968   317.3   1.15   2.98   5.63   0     0     0  BRK-0, REST-0
    53   CUST   37.566   306.1   1.25   3.08   6.23   0     0     0  BRK-0, REST-0
    54   CUST   38.265   288.5   1.45   3.28   6.93   0     0     0  BRK-0, REST-0
    55     CS   39.011   260.0   1.69   3.52   7.68   0     0     0  BRK-0, REST-0
    56     CS   39.257   231.7   1.94   3.77   7.92   0     0     0  BRK-0, REST-0
    57     CS   39.625   195.3   2.30   4.14   8.29   0     0     0  BRK-0, REST-0
    58     CS   39.862   168.2   2.54   4.37   8.53   0     0     0  BRK-0, REST-0
    59     CS   40.141   144.1   2.82   4.65   8.81   0     0     0  BRK-0, REST-0
    60     CS   40.471   122.4   3.15   4.98   9.14   1   b15     0  CHARGE, BRK-B15, REST-0
    61     CS   41.245   266.6   3.45   5.28   9.66   0     0     0  BRK-0, REST-0
    62   CUST   41.582   238.5   3.79   5.62  10.00   0     0     0  BRK-0, REST-0
    63   CUST   42.304   215.0   4.01   5.84  10.72   0     0     0  BRK-0, REST-0
    64     CS   42.952   197.8   4.16   5.99  11.37   0     0     0  BRK-0, REST-0
    65   CUST   43.193   169.0   4.40   6.23  11.61   0     0    r2  BRK-0, REST-R2
    66   CUST   53.021   138.2   0.33   0.33   0.33   0     0     0  BRK-0, REST-0
    67   CUST   53.544   135.6   0.35   0.35   0.85   0     0     0  BRK-0, REST-0
    68   CUST   54.250   118.4   0.56   0.56   1.56   0     0     0  BRK-0, REST-0
    69     CS   54.940   108.6   0.75   0.75   2.25   1   b15     0  CHARGE, BRK-B15, REST-0
    70     CS   55.562   399.3   0.75   0.75   2.58   0     0     0  BRK-0, REST-0
    71     CS   55.823   371.9   1.01   1.01   2.84   0     0     0  BRK-0, REST-0
    72     CS   56.071   343.4   1.26   1.26   3.09   0     0     0  BRK-0, REST-0
    73     CS   56.331   315.8   1.52   1.52   3.35   0     0     0  BRK-0, REST-0
    74     CS   56.530   293.8   1.72   1.72   3.55   0     0     0  BRK-0, REST-0
    75     CS   56.736   272.4   1.93   1.93   3.75   0     0     0  BRK-0, REST-0
    76     CS   56.933   250.2   2.12   2.12   3.95   0     0     0  BRK-0, REST-0
    77     CS   57.183   221.0   2.37   2.37   4.20   0     0     0  BRK-0, REST-0
    78     CS   57.433   191.8   2.62   2.62   4.45   0     0     0  BRK-0, REST-0
    79     CS   57.731   166.3   2.92   2.92   4.75   0     0     0  BRK-0, REST-0
    80     CS   57.981   137.0   3.17   3.17   5.00   1   b30     0  CHARGE, BRK-B30, REST-0
    81     CS   59.339   421.7   0.35   3.52   5.66   1   b15     0  CHARGE, BRK-B15, REST-0
    82     CS   60.023   445.4   0.58   3.75   6.10   0     0     0  BRK-0, REST-0
    83     CS   60.322   424.0   0.88   4.05   6.40   0     0     0  BRK-0, REST-0
    84     CS   60.556   398.7   1.11   4.28   6.63   0     0     0  BRK-0, REST-0
    85     CS   60.789   373.3   1.34   4.51   6.86   0     0     0  BRK-0, REST-0
    86     CS   61.034   351.1   1.59   4.76   7.11   0     0     0  BRK-0, REST-0
    87     CS   61.292   329.7   1.85   5.02   7.37   0     0     0  BRK-0, REST-0
    88     CS   61.522   306.6   2.08   5.25   7.60   0     0     0  BRK-0, REST-0
    89     CS   61.816   282.1   2.37   5.54   7.89   0     0     0  BRK-0, REST-0
    90     CS   62.104   257.2   2.66   5.83   8.18   0     0     0  BRK-0, REST-0
    91     CS   62.345   228.8   2.90   6.07   8.42   0     0     0  BRK-0, REST-0
    92     CS   62.606   202.1   3.16   6.33   8.68   0     0     0  BRK-0, REST-0
    93     CS   62.861   174.9   3.41   6.59   8.94   0     0     0  BRK-0, REST-0
  RmediumCmanyTtight_9__pmix: duration None h  infeasible=False  tw=0  58 min
  [skip] RshortCmanyTnone_9__pmix
  ScenarioTracker saved: /mnt/beegfs/users/celinep/ChargeAndBreak/ML/la_mixed/logs/sensitivity/RmediumCfewTtight_10__pmix_LA_S25_H24_20261003_080218_scenarios.json

  === SIMULATION TRAJECTORY ===
  stop   type    t_arr     soc     cd     sd     sw   y   brk   rst  action
  ───────────────────────────────────────────────────────────────────────────────────────────────
     0   ORIG    8.000   500.0   0.00   0.00   0.00   0     —     —  —
     1     CS    8.244   475.0   0.24   0.24   0.24   0     0     0  BRK-0, REST-0
     2     CS    8.486   449.7   0.49   0.49   0.49   0     0     0  BRK-0, REST-0
     3     CS    8.711   422.9   0.71   0.71   0.71   0     0     0  BRK-0, REST-0
     4     CS    8.971   392.3   0.97   0.97   0.97   0     0     0  BRK-0, REST-0
     5     CS    9.251   363.4   1.25   1.25   1.25   0     0     0  BRK-0, REST-0
     6     CS    9.564   336.8   1.56   1.56   1.56   0     0     0  BRK-0, REST-0
     7     CS    9.878   306.2   1.88   1.88   1.88   0     0     0  BRK-0, REST-0
     8     CS   10.176   274.3   2.18   2.18   2.18   0     0     0  BRK-0, REST-0
     9     CS   10.452   247.3   2.45   2.45   2.45   0     0     0  BRK-0, REST-0
    10     CS   10.712   219.1   2.71   2.71   2.71   1   b45     0  CHARGE, BRK-B45, REST-0
    11     CS   12.024   467.8   0.28   2.99   3.27   0     0     0  BRK-0, REST-0
    12     CS   12.327   439.0   0.58   3.30   3.58   0     0     0  BRK-0, REST-0
    13     CS   12.613   409.0   0.87   3.58   3.86   0     0     0  BRK-0, REST-0
    14     CS   12.896   378.6   1.15   3.86   4.15   0     0     0  BRK-0, REST-0
    15     CS   13.157   351.6   1.41   4.12   4.41   0     0     0  BRK-0, REST-0
    16     CS   13.406   323.5   1.66   4.37   4.66   0     0     0  BRK-0, REST-0
    17     CS   13.765   300.1   2.02   4.73   5.01   0     0     0  BRK-0, REST-0
    18     CS   14.015   270.1   2.27   4.98   5.27   0     0     0  BRK-0, REST-0
    19     CS   14.458   248.6   2.71   5.43   5.71   0     0     0  BRK-0, REST-0
    20     CS   14.943   200.5   3.20   5.91   6.19   1   b45     0  CHARGE, BRK-B45, REST-0
    21     CS   16.284   411.3   0.21   6.12   6.78   0     0     0  BRK-0, REST-0
    22     CS   16.504   387.3   0.43   6.34   7.00   0     0     0  BRK-0, REST-0
    23   CUST   16.717   362.5   0.65   6.56   7.22   0     0     0  BRK-0, REST-0
    24     CS   17.517   332.5   0.95   6.86   8.02   0     0     0  BRK-0, REST-0
    25     CS   17.831   303.4   1.26   7.17   8.33   0     0     0  BRK-0, REST-0
    26     CS   18.075   277.8   1.50   7.41   8.57   0     0     0  BRK-0, REST-0
    27     CS   18.312   251.6   1.74   7.65   8.81   0     0     0  BRK-0, REST-0
    28     CS   18.630   226.2   2.06   7.97   9.13   0     0     0  BRK-0, REST-0
    29     CS   18.881   195.9   2.31   8.22   9.38   1   b15     0  CHARGE, BRK-B15, REST-0
    30     CS   19.926   384.8   2.56   8.47  10.18   0     0     0  BRK-0, REST-0
    31     CS   20.190   361.7   2.82   8.73  10.44   0     0     0  BRK-0, REST-0
    32     CS   20.423   336.3   3.05   8.96  10.67   0     0     0  BRK-0, REST-0
    33     CS   20.649   310.2   3.28   9.19  10.90   0     0    r2  BRK-0, REST-R2
    34     CS   30.132   275.3   0.32   0.32   0.32   1   b15     0  CHARGE, BRK-B15, REST-0
    35     CS   31.039   375.8   0.60   0.60   0.83   0     0     0  BRK-0, REST-0
    36     CS   31.343   345.2   0.91   0.91   1.13   0     0     0  BRK-0, REST-0
    37     CS   31.837   321.6   1.40   1.40   1.62   0     0     0  BRK-0, REST-0
    38     CS   32.041   298.4   1.60   1.60   1.83   0     0     0  BRK-0, REST-0
    39     CS   32.258   276.4   1.82   1.82   2.05   0     0     0  BRK-0, REST-0
    40     CS   32.464   253.5   2.03   2.03   2.25   0     0     0  BRK-0, REST-0
    41     CS   32.716   230.6   2.28   2.28   2.50   0     0     0  BRK-0, REST-0
    42     CS   32.932   204.8   2.50   2.50   2.72   0     0     0  BRK-0, REST-0
    43     CS   33.158   180.0   2.72   2.72   2.95   0     0     0  BRK-0, REST-0
    44     CS   33.374   154.1   2.94   2.94   3.16   1   b30     0  CHARGE, BRK-B30, REST-0
    45     CS   34.530   300.4   0.25   3.19   3.82   0     0     0  BRK-0, REST-0
    46     CS   34.776   270.7   0.50   3.44   4.06   0     0     0  BRK-0, REST-0
    47     CS   35.013   246.6   0.74   3.68   4.30   0     0     0  BRK-0, REST-0
    48     CS   35.231   220.8   0.96   3.89   4.52   0     0     0  BRK-0, REST-0
    49     CS   35.460   196.0   1.18   4.12   4.75   0     0     0  BRK-0, REST-0
    50     CS   35.682   171.3   1.41   4.34   4.97   0     0     0  BRK-0, REST-0
    51     CS   35.987   151.4   1.71   4.65   5.28   0     0     0  BRK-0, REST-0
    52     CS   36.202   126.1   1.93   4.86   5.49   1   b15     0  CHARGE, BRK-B15, REST-0
    53     CS   37.016   368.6   2.21   5.15   6.03   0     0     0  BRK-0, REST-0
    54     CS   37.294   336.4   2.49   5.43   6.31   0     0     0  BRK-0, REST-0
    55     CS   37.646   309.4   2.84   5.78   6.66   0     0     0  BRK-0, REST-0
    56     CS   37.867   283.7   3.06   6.00   6.88   0     0     0  BRK-0, REST-0
    57     CS   38.110   260.1   3.31   6.24   7.12   0     0     0  BRK-0, REST-0
    58     CS   38.343   235.6   3.54   6.48   7.36   1   b30     0  CHARGE, BRK-B30, REST-0
    59     CS   39.586   451.3   0.27   6.75   8.03   0     0     0  BRK-0, REST-0
    60     CS   40.031   429.5   0.71   7.19   8.48   0     0     0  BRK-0, REST-0
    61     CS   40.335   402.9   1.02   7.49   8.78   0     0     0  BRK-0, REST-0
    62     CS   40.799   359.7   1.48   7.96   9.25   0     0     0  BRK-0, REST-0
    63     CS   41.051   332.5   1.73   8.21   9.50   0     0     0  BRK-0, REST-0
    64     CS   41.325   307.0   2.01   8.49   9.77   0     0     0  BRK-0, REST-0
    65     CS   41.580   280.0   2.26   8.74  10.03   0     0     0  BRK-0, REST-0
    66     CS   41.833   252.8   2.52   8.99  10.28   0     0     0  BRK-0, REST-0
    67     CS   42.141   222.8   2.82   9.30  10.59   0     0     0  BRK-0, REST-0
    68     CS   42.453   193.1   3.14   9.61  10.90   0     0    r2  BRK-0, REST-R2
    69     CS   51.881   162.6   0.26   0.26   0.26   0     0     0  BRK-0, REST-0
    70     CS   52.340   140.6   0.72   0.72   0.72   0     0     0  BRK-0, REST-0
    71     CS   52.608   110.7   0.99   0.99   0.99   1   b15     0  CHARGE, BRK-B15, REST-0
    72     CS   53.538   377.6   1.27   1.27   1.58   0     0     0  BRK-0, REST-0
    73     CS   53.830   346.0   1.56   1.56   1.87   0     0     0  BRK-0, REST-0
    74     CS   54.114   313.6   1.84   1.84   2.15   0     0     0  BRK-0, REST-0
    75     CS   54.395   284.8   2.12   2.12   2.43   0     0     0  BRK-0, REST-0
    76     CS   54.638   257.4   2.37   2.37   2.68   0     0     0  BRK-0, REST-0
    77     CS   54.900   231.5   2.63   2.63   2.94   0     0     0  BRK-0, REST-0
    78     CS   55.191   207.5   2.92   2.92   3.23   1     0     0  CHARGE, BRK-0, REST-0
    79     CS   56.020   357.1   3.24   3.24   4.06   0     0     0  BRK-0, REST-0
    80     CS   56.287   328.3   3.51   3.51   4.33   0     0     0  BRK-0, REST-0
    81     CS   56.710   306.3   3.93   3.93   4.75   0     0     0  BRK-0, REST-0
  RmediumCfewTtight_10__pmix: duration None h  infeasible=False  tw=1  34 min
  [skip] RshortCfewTnone_10__pmix
  [skip] RshortCmanyTtight_10__pmix
  ScenarioTracker saved: /mnt/beegfs/users/celinep/ChargeAndBreak/ML/la_mixed/logs/sensitivity/RmediumCmanyTnone_11__pmix_LA_S25_H24_20261003_083631_scenarios.json

  === SIMULATION TRAJECTORY ===
  stop   type    t_arr     soc     cd     sd     sw   y   brk   rst  action
  ───────────────────────────────────────────────────────────────────────────────────────────────
     0   ORIG    8.000   500.0   0.00   0.00   0.00   0     —     —  —
     1     CS    8.268   476.6   0.27   0.27   0.27   0     0     0  BRK-0, REST-0
     2     CS    8.534   453.1   0.53   0.53   0.53   0     0     0  BRK-0, REST-0
     3     CS    8.761   426.5   0.76   0.76   0.76   0     0     0  BRK-0, REST-0
     4     CS    9.172   404.0   1.17   1.17   1.17   0     0     0  BRK-0, REST-0
     5     CS    9.431   374.1   1.43   1.43   1.43   0     0     0  BRK-0, REST-0
     6     CS    9.702   345.3   1.70   1.70   1.70   0     0     0  BRK-0, REST-0
     7     CS    9.930   321.9   1.93   1.93   1.93   0     0     0  BRK-0, REST-0
     8     CS   10.159   298.6   2.16   2.16   2.16   0     0     0  BRK-0, REST-0
     9     CS   10.369   273.6   2.37   2.37   2.37   0     0     0  BRK-0, REST-0
    10     CS   10.607   250.3   2.61   2.61   2.61   0     0     0  BRK-0, REST-0
    11     CS   10.836   226.2   2.84   2.84   2.84   0     0     0  BRK-0, REST-0
    12     CS   11.070   202.6   3.07   3.07   3.07   0     0     0  BRK-0, REST-0
    13     CS   11.286   178.2   3.29   3.29   3.29   0     0     0  BRK-0, REST-0
    14     CS   11.542   156.7   3.54   3.54   3.54   0     0     0  BRK-0, REST-0
    15     CS   11.757   132.3   3.76   3.76   3.76   1   b45     0  CHARGE, BRK-B45, REST-0
    16     CS   13.094   445.4   0.33   4.09   4.34   0     0     0  BRK-0, REST-0
    17     CS   13.382   414.1   0.62   4.38   4.63   0     0     0  BRK-0, REST-0
    18     CS   13.662   382.1   0.90   4.66   4.91   0     0     0  BRK-0, REST-0
    19     CS   13.914   354.4   1.15   4.91   5.16   0     0     0  BRK-0, REST-0
    20     CS   14.191   328.5   1.43   5.19   5.44   0     0     0  BRK-0, REST-0
    21     CS   14.424   300.7   1.66   5.42   5.67   0     0     0  BRK-0, REST-0
    22     CS   14.662   273.3   1.90   5.66   5.91   0     0     0  BRK-0, REST-0
    23     CS   14.907   246.6   2.14   5.90   6.16   0     0     0  BRK-0, REST-0
    24     CS   15.179   222.0   2.42   6.17   6.43   1   b15     0  CHARGE, BRK-B15, REST-0
    25     CS   16.138   351.1   2.85   6.60   7.14   0     0     0  BRK-0, REST-0
    26     CS   16.354   330.4   3.06   6.82   7.35   0     0     0  BRK-0, REST-0
    27     CS   16.623   312.5   3.33   7.09   7.62   0     0     0  BRK-0, REST-0
    28   CUST   16.838   291.7   3.55   7.30   7.84   0     0     0  BRK-0, REST-0
    29   CUST   17.948   262.5   4.16   7.91   8.95   0   b30     0  BRK-B30, REST-0
    30     CS   19.207   234.2   0.26   8.17   9.71   0     0     0  BRK-0, REST-0
    31   CUST   19.638   187.3   0.69   8.60  10.14   0     0     0  BRK-0, REST-0
    32     CS   20.381   158.5   0.93   8.85  10.88   0     0     0  BRK-0, REST-0
    33     CS   20.760   113.9   1.31   9.23  11.26   1   b15     0  CHARGE, BRK-B15, REST-0
    34     CS   21.640   369.7   1.60   9.52  11.85   0     0     0  BRK-0, REST-0
    35     CS   21.918   338.4   1.88   9.79  12.13   0     0    r2  BRK-0, REST-R2
    36     CS   31.372   307.8   0.29   0.29   0.29   0     0     0  BRK-0, REST-0
    37     CS   31.649   276.4   0.56   0.56   0.56   0     0     0  BRK-0, REST-0
    38     CS   31.891   251.2   0.81   0.81   0.81   0     0     0  BRK-0, REST-0
    39     CS   32.125   225.3   1.04   1.04   1.04   0     0     0  BRK-0, REST-0
    40     CS   32.386   201.5   1.30   1.30   1.30   0     0     0  BRK-0, REST-0
    41     CS   32.612   174.8   1.53   1.53   1.53   0     0     0  BRK-0, REST-0
    42     CS   32.820   153.5   1.74   1.74   1.74   0     0     0  BRK-0, REST-0
    43     CS   33.018   131.4   1.93   1.93   1.93   0     0     0  BRK-0, REST-0
    44     CS   33.299   113.8   2.21   2.21   2.21   1   b15     0  CHARGE, BRK-B15, REST-0
    45     CS   34.059   285.2   2.43   2.43   2.70   0     0     0  BRK-0, REST-0
    46     CS   34.306   265.1   2.67   2.67   2.94   0     0     0  BRK-0, REST-0
    47     CS   34.507   241.6   2.87   2.87   3.15   0     0     0  BRK-0, REST-0
    48     CS   34.782   211.6   3.15   3.15   3.42   0     0     0  BRK-0, REST-0
    49     CS   35.130   186.1   3.50   3.50   3.77   0     0     0  BRK-0, REST-0
    50     CS   35.397   155.3   3.76   3.76   4.04   1   b30     0  CHARGE, BRK-B30, REST-0
    51     CS   36.369   425.0   0.29   4.05   4.51   0     0     0  BRK-0, REST-0
    52     CS   36.643   397.8   0.56   4.33   4.78   0     0     0  BRK-0, REST-0
    53     CS   36.881   370.7   0.80   4.57   5.02   0     0     0  BRK-0, REST-0
    54     CS   37.131   344.6   1.05   4.81   5.27   0     0     0  BRK-0, REST-0
    55   CUST   37.388   319.1   1.31   5.07   5.53   0     0     0  BRK-0, REST-0
    56   CUST   38.084   298.1   1.50   5.27   6.22   0     0     0  BRK-0, REST-0
    57     CS   38.761   281.0   1.68   5.44   6.90   0     0     0  BRK-0, REST-0
    58   CUST   39.320   246.4   2.24   6.00   7.46   0     0     0  BRK-0, REST-0
    59     CS   39.971   228.3   2.39   6.15   8.11   0     0     0  BRK-0, REST-0
    60     CS   40.174   206.3   2.59   6.36   8.31   0     0     0  BRK-0, REST-0
    61     CS   40.368   183.3   2.79   6.55   8.51   0     0     0  BRK-0, REST-0
    62     CS   40.561   160.3   2.98   6.74   8.70   1   b15     0  CHARGE, BRK-B15, REST-0
    63     CS   41.380   374.9   3.31   7.07   9.27   0     0     0  BRK-0, REST-0
    64     CS   41.657   344.2   3.58   7.35   9.55   0     0     0  BRK-0, REST-0
    65     CS   41.936   313.8   3.86   7.63   9.82   0     0     0  BRK-0, REST-0
    66     CS   42.147   291.2   4.07   7.84  10.03   0     0     0  BRK-0, REST-0
    67     CS   42.351   268.2   4.28   8.04  10.24   0     0    r2  BRK-0, REST-R2
    68     CS   51.718   244.7   0.20   0.20   0.20   1   b15     0  CHARGE, BRK-B15, REST-0
    69     CS   52.740   386.9   0.48   0.48   0.97   0     0     0  BRK-0, REST-0
    70     CS   53.014   354.3   0.75   0.75   1.25   0     0     0  BRK-0, REST-0
    71     CS   53.299   322.8   1.04   1.04   1.53   0     0     0  BRK-0, REST-0
    72     CS   53.615   303.2   1.35   1.35   1.85   0     0     0  BRK-0, REST-0
    73     CS   53.835   278.5   1.57   1.57   2.07   0     0     0  BRK-0, REST-0
    74     CS   54.058   253.9   1.80   1.80   2.29   0     0     0  BRK-0, REST-0
    75     CS   54.281   227.7   2.02   2.02   2.51   0     0     0  BRK-0, REST-0
    76     CS   54.557   205.4   2.30   2.30   2.79   0     0     0  BRK-0, REST-0
    77   CUST   54.787   180.0   2.53   2.53   3.02   0     0     0  BRK-0, REST-0
    78     CS   55.703   131.6   2.94   2.94   3.93   0     0     0  BRK-0, REST-0
    79     CS   55.880   111.1   3.12   3.12   4.11   1   b30     0  CHARGE, BRK-B30, REST-0
    80     CS   57.114   254.6   0.28   3.40   4.85   0     0     0  BRK-0, REST-0
    81     CS   57.390   223.1   0.55   3.67   5.12   0     0     0  BRK-0, REST-0
    82     CS   57.622   198.8   0.79   3.90   5.35   0     0     0  BRK-0, REST-0
    83     CS   57.861   175.0   1.02   4.14   5.59   0     0     0  BRK-0, REST-0
    84     CS   58.130   153.1   1.29   4.41   5.86   0     0     0  BRK-0, REST-0
    85     CS   58.348   127.4   1.51   4.63   6.08   1   b15     0  CHARGE, BRK-B15, REST-0
    86     CS   59.154   268.8   1.79   4.91   6.64   0     0     0  BRK-0, REST-0
    87     CS   59.512   240.8   2.15   5.27   6.99   0     0     0  BRK-0, REST-0
    88     CS   60.012   216.8   2.65   5.77   7.49   0     0     0  BRK-0, REST-0
    89     CS   60.372   174.0   3.01   6.13   7.85   0     0     0  BRK-0, REST-0
    90     CS   60.591   150.7   3.23   6.35   8.07   0     0     0  BRK-0, REST-0
    91     CS   60.798   126.1   3.43   6.55   8.28   0     0     0  BRK-0, REST-0
    92     CS   61.007   101.9   3.64   6.76   8.49   1   b30     0  CHARGE, BRK-B30, REST-0
    93     CS   62.015   386.5   0.31   7.07   9.00   0     0     0  BRK-0, REST-0
    94     CS   62.295   356.0   0.59   7.35   9.28   0     0     0  BRK-0, REST-0
    95     CS   62.602   327.8   0.89   7.66   9.58   0     0     0  BRK-0, REST-0
    96     CS   62.837   300.1   1.13   7.89   9.82   0     0     0  BRK-0, REST-0
    97     CS   63.076   272.9   1.37   8.13  10.06   0     0     0  BRK-0, REST-0
    98     CS   63.321   246.2   1.61   8.37  10.30   0     0     0  BRK-0, REST-0
    99     CS   63.565   219.4   1.86   8.62  10.55   0     0     0  BRK-0, REST-0
   100     CS   63.819   191.8   2.11   8.87  10.80   0     0     0  BRK-0, REST-0
  RmediumCmanyTnone_11__pmix: duration None h  infeasible=False  tw=0  43 min
  [skip] RshortCfewTtight_11__pmix
  ScenarioTracker saved: /mnt/beegfs/users/celinep/ChargeAndBreak/ML/la_mixed/logs/sensitivity/RmediumCfewTnone_12__pmix_LA_S25_H24_20261003_091929_scenarios.json

  === SIMULATION TRAJECTORY ===
  stop   type    t_arr     soc     cd     sd     sw   y   brk   rst  action
  ───────────────────────────────────────────────────────────────────────────────────────────────
     0   ORIG    8.000   500.0   0.00   0.00   0.00   0     —     —  —
     1     CS    8.228   473.5   0.23   0.23   0.23   0     0     0  BRK-0, REST-0
     2     CS    8.463   447.7   0.46   0.46   0.46   0     0     0  BRK-0, REST-0
     3     CS    8.693   421.4   0.69   0.69   0.69   0     0     0  BRK-0, REST-0
     4     CS    8.953   393.2   0.95   0.95   0.95   0     0     0  BRK-0, REST-0
     5     CS    9.393   372.1   1.39   1.39   1.39   0     0     0  BRK-0, REST-0
     6     CS    9.651   343.6   1.65   1.65   1.65   0     0     0  BRK-0, REST-0
     7     CS    9.945   314.7   1.94   1.94   1.94   0     0     0  BRK-0, REST-0
     8     CS   10.292   288.9   2.29   2.29   2.29   0     0     0  BRK-0, REST-0
     9     CS   10.575   258.8   2.57   2.57   2.57   0     0     0  BRK-0, REST-0
    10     CS   10.991   235.0   2.99   2.99   2.99   0     0     0  BRK-0, REST-0
    11     CS   11.258   203.3   3.26   3.26   3.26   0     0     0  BRK-0, REST-0
    12     CS   11.517   173.9   3.52   3.52   3.52   0     0     0  BRK-0, REST-0
    13     CS   11.773   144.0   3.77   3.77   3.77   1   b45     0  CHARGE, BRK-B45, REST-0
    14     CS   12.990   376.4   0.24   4.01   4.24   0     0     0  BRK-0, REST-0
    15     CS   13.253   351.3   0.50   4.27   4.50   0     0     0  BRK-0, REST-0
    16     CS   13.502   325.2   0.75   4.52   4.75   0     0     0  BRK-0, REST-0
    17     CS   13.704   301.8   0.95   4.72   4.95   0     0     0  BRK-0, REST-0
    18     CS   13.929   280.4   1.18   4.95   5.18   0     0     0  BRK-0, REST-0
    19     CS   14.157   259.2   1.40   5.18   5.41   0     0     0  BRK-0, REST-0
    20     CS   14.379   232.8   1.63   5.40   5.63   0     0     0  BRK-0, REST-0
    21     CS   14.691   211.9   1.94   5.71   5.94   0     0     0  BRK-0, REST-0
    22     CS   15.086   192.9   2.33   6.11   6.34   0     0     0  BRK-0, REST-0
    23     CS   15.313   167.0   2.56   6.33   6.56   1   b15     0  CHARGE, BRK-B15, REST-0
    24     CS   16.202   292.3   3.00   6.77   7.20   0     0     0  BRK-0, REST-0
    25     CS   16.468   261.1   3.27   7.04   7.47   0     0     0  BRK-0, REST-0
    26     CS   16.830   235.9   3.63   7.40   7.83   0     0     0  BRK-0, REST-0
    27     CS   17.096   204.5   3.89   7.67   8.10   0     0     0  BRK-0, REST-0
    28     CS   17.367   173.7   4.16   7.94   8.37   1   b30     0  CHARGE, BRK-B30, REST-0
    29     CS   18.375   428.5   0.24   8.18   8.87   0     0     0  BRK-0, REST-0
    30     CS   18.623   402.6   0.49   8.43   9.12   0     0     0  BRK-0, REST-0
    31     CS   18.941   375.3   0.81   8.75   9.44   0     0     0  BRK-0, REST-0
    32     CS   19.210   344.3   1.08   9.02   9.71   0     0     0  BRK-0, REST-0
    33     CS   19.449   316.5   1.32   9.26   9.95   0     0     0  BRK-0, REST-0
    34     CS   19.698   289.6   1.57   9.50  10.20   0     0    r2  BRK-0, REST-R2
    35     CS   29.103   261.7   0.24   0.24   0.24   0     0     0  BRK-0, REST-0
    36     CS   29.368   230.7   0.50   0.50   0.50   0     0     0  BRK-0, REST-0
    37     CS   29.631   199.6   0.77   0.77   0.77   0     0     0  BRK-0, REST-0
    38   CUST   29.936   171.8   1.07   1.07   1.07   0     0     0  BRK-0, REST-0
    39     CS   30.841   124.8   1.48   1.48   1.98   0     0     0  BRK-0, REST-0
    40     CS   31.007   105.7   1.64   1.64   2.14   1   b15     0  CHARGE, BRK-B15, REST-0
    41     CS   31.775   328.2   1.90   1.90   2.66   0     0     0  BRK-0, REST-0
    42     CS   32.065   303.1   2.19   2.19   2.95   0     0     0  BRK-0, REST-0
    43     CS   32.318   275.5   2.44   2.44   3.20   0     0     0  BRK-0, REST-0
    44     CS   32.613   250.7   2.74   2.74   3.50   0     0     0  BRK-0, REST-0
    45     CS   32.895   222.0   3.02   3.02   3.78   0     0     0  BRK-0, REST-0
    46     CS   33.154   191.2   3.28   3.28   4.04   0     0     0  BRK-0, REST-0
    47     CS   33.399   163.9   3.52   3.52   4.28   0     0     0  BRK-0, REST-0
    48     CS   33.667   138.5   3.79   3.79   4.55   0     0     0  BRK-0, REST-0
    49     CS   33.921   112.0   4.04   4.04   4.81   1   b30     0  CHARGE, BRK-B30, REST-0
    50     CS   34.900   418.1   0.21   4.25   5.28   0     0     0  BRK-0, REST-0
    51     CS   35.116   394.5   0.42   4.47   5.50   0     0     0  BRK-0, REST-0
    52     CS   35.331   370.8   0.64   4.68   5.72   0     0     0  BRK-0, REST-0
    53     CS   35.611   340.4   0.92   4.96   6.00   0     0     0  BRK-0, REST-0
    54     CS   35.910   311.6   1.22   5.26   6.30   0     0     0  BRK-0, REST-0
    55     CS   36.180   280.3   1.49   5.53   6.57   1   b15     0  CHARGE, BRK-B15, REST-0
    56     CS   36.959   387.1   1.79   5.83   7.09   0     0     0  BRK-0, REST-0
    57     CS   37.224   355.8   2.05   6.09   7.36   0     0     0  BRK-0, REST-0
    58     CS   37.457   328.9   2.28   6.33   7.59   0     0     0  BRK-0, REST-0
    59     CS   37.703   303.3   2.53   6.57   7.84   0     0     0  BRK-0, REST-0
    60     CS   37.976   279.5   2.80   6.85   8.11   0     0     0  BRK-0, REST-0
    61     CS   38.239   260.8   3.07   7.11   8.37   0     0     0  BRK-0, REST-0
    62     CS   38.445   238.6   3.27   7.32   8.58   0     0     0  BRK-0, REST-0
    63     CS   38.661   217.3   3.49   7.53   8.80   0     0     0  BRK-0, REST-0
    64     CS   38.931   191.3   3.76   7.80   9.07   0     0     0  BRK-0, REST-0
    65     CS   39.188   164.3   4.02   8.06   9.32   0     0     0  BRK-0, REST-0
    66     CS   39.474   139.3   4.30   8.34   9.61   1     0    r2  CHARGE, BRK-0, REST-R2
    67     CS   49.265   368.8   0.26   0.26   0.26   0     0     0  BRK-0, REST-0
    68     CS   49.518   347.7   0.51   0.51   0.51   0     0     0  BRK-0, REST-0
    69     CS   49.728   323.5   0.72   0.72   0.72   0     0     0  BRK-0, REST-0
    70     CS   49.974   295.7   0.97   0.97   0.97   0     0     0  BRK-0, REST-0
    71     CS   50.237   269.5   1.23   1.23   1.23   0     0     0  BRK-0, REST-0
    72     CS   50.655   249.0   1.65   1.65   1.65   0     0     0  BRK-0, REST-0
    73     CS   50.904   221.5   1.90   1.90   1.90   0     0     0  BRK-0, REST-0
    74     CS   51.172   197.1   2.17   2.17   2.17   0     0     0  BRK-0, REST-0
  RmediumCfewTnone_12__pmix: duration None h  infeasible=False  tw=0  29 min
  ScenarioTracker saved: /mnt/beegfs/users/celinep/ChargeAndBreak/ML/la_mixed/logs/sensitivity/RmediumCmanyTtight_12__pmix_LA_S25_H24_20261003_094841_scenarios.json

  === SIMULATION TRAJECTORY ===
  stop   type    t_arr     soc     cd     sd     sw   y   brk   rst  action
  ───────────────────────────────────────────────────────────────────────────────────────────────
     0   ORIG    8.000   500.0   0.00   0.00   0.00   0     —     —  —
     1     CS    8.226   473.3   0.23   0.23   0.23   0     0     0  BRK-0, REST-0
     2     CS    8.459   447.3   0.46   0.46   0.46   0     0     0  BRK-0, REST-0
     3     CS    8.719   423.5   0.72   0.72   0.72   0     0     0  BRK-0, REST-0
     4     CS    8.947   396.9   0.95   0.95   0.95   0     0     0  BRK-0, REST-0
     5     CS    9.195   372.2   1.20   1.20   1.20   0     0     0  BRK-0, REST-0
     6     CS    9.444   347.5   1.44   1.44   1.44   0     0     0  BRK-0, REST-0
     7     CS    9.685   321.0   1.68   1.68   1.68   0     0     0  BRK-0, REST-0
     8     CS    9.950   296.5   1.95   1.95   1.95   0     0     0  BRK-0, REST-0
     9     CS   10.256   266.7   2.26   2.26   2.26   0     0     0  BRK-0, REST-0
    10     CS   10.545   235.6   2.55   2.55   2.55   0     0     0  BRK-0, REST-0
    11     CS   10.872   207.2   2.87   2.87   2.87   1   b45     0  CHARGE, BRK-B45, REST-0
    12     CS   12.314   468.3   0.24   3.11   3.54   0     0     0  BRK-0, REST-0
    13     CS   12.554   441.7   0.48   3.35   3.78   0     0     0  BRK-0, REST-0
    14     CS   12.804   416.0   0.73   3.60   4.03   0     0     0  BRK-0, REST-0
    15     CS   13.064   391.1   0.99   3.86   4.29   0     0     0  BRK-0, REST-0
    16     CS   13.316   365.2   1.24   4.11   4.54   0     0     0  BRK-0, REST-0
    17     CS   13.554   338.1   1.48   4.35   4.78   0     0     0  BRK-0, REST-0
    18     CS   13.807   312.2   1.73   4.60   5.03   0     0     0  BRK-0, REST-0
    19   CUST   14.148   279.3   2.07   4.94   5.37   0   b15     0  BRK-B15, REST-0
    20     CS   15.163   250.4   2.34   5.21   6.14   0     0     0  BRK-0, REST-0
    21     CS   15.459   223.7   2.63   5.51   6.43   0     0     0  BRK-0, REST-0
    22   CUST   15.723   194.7   2.90   5.77   6.70   0     0     0  BRK-0, REST-0
    23   CUST   16.370   179.6   3.04   5.92   7.34   0     0     0  BRK-0, REST-0
    24     CS   16.893   177.0   3.07   5.94   7.87   0     0     0  BRK-0, REST-0
    25     CS   16.913   175.2   3.09   5.96   7.89   1   b30     0  CHARGE, BRK-B30, REST-0
    26     CS   17.967   436.7   0.25   6.21   8.40   0     0     0  BRK-0, REST-0
    27     CS   18.210   409.2   0.50   6.46   8.64   0     0     0  BRK-0, REST-0
    28     CS   18.418   387.2   0.70   6.66   8.85   0     0     0  BRK-0, REST-0
    29     CS   18.686   368.6   0.97   6.93   9.12   0     0     0  BRK-0, REST-0
    30     CS   18.916   348.2   1.20   7.16   9.35   0     0     0  BRK-0, REST-0
    31     CS   19.154   324.4   1.44   7.40   9.59   0     0     0  BRK-0, REST-0
    32     CS   19.387   300.1   1.67   7.63   9.82   0     0     0  BRK-0, REST-0
    33     CS   19.643   277.5   1.93   7.89  10.08   0     0     0  BRK-0, REST-0
    34     CS   19.901   255.0   2.19   8.15  10.33   0     0     0  BRK-0, REST-0
    35     CS   20.166   228.6   2.45   8.41  10.60   0     0     0  BRK-0, REST-0
    36     CS   20.425   201.8   2.71   8.67  10.86   0     0     0  BRK-0, REST-0
    37     CS   20.791   180.1   3.08   9.04  11.22   0     0     0  BRK-0, REST-0
    38     CS   21.013   153.9   3.30   9.26  11.45   0     0     0  BRK-0, REST-0
    39     CS   21.240   128.1   3.53   9.49  11.67   0     0     0  BRK-0, REST-0
    40     CS   21.472   102.8   3.76   9.72  11.91   1     0    r2  CHARGE, BRK-0, REST-R2
    41     CS   31.250   253.3   0.23   0.23   0.23   0     0     0  BRK-0, REST-0
    42     CS   31.485   229.3   0.47   0.47   0.47   0     0     0  BRK-0, REST-0
    43     CS   31.715   204.8   0.70   0.70   0.70   0     0     0  BRK-0, REST-0
    44     CS   31.943   180.0   0.92   0.92   0.92   0     0     0  BRK-0, REST-0
    45     CS   32.192   150.7   1.17   1.17   1.17   0     0     0  BRK-0, REST-0
    46     CS   32.456   122.8   1.44   1.44   1.44   1   b45     0  CHARGE, BRK-B45, REST-0
    47     CS   33.757   472.7   0.23   1.67   1.96   0     0     0  BRK-0, REST-0
    48   CUST   34.026   448.4   0.50   1.94   2.23   0     0     0  BRK-0, REST-0
    49   CUST   34.604   443.9   0.58   2.02   2.81   0     0     0  BRK-0, REST-0
    50     CS   35.281   426.8   0.76   2.19   3.49   0     0     0  BRK-0, REST-0
    51     CS   35.538   398.7   1.01   2.45   3.74   0     0     0  BRK-0, REST-0
    52     CS   35.794   370.5   1.27   2.71   4.00   0     0     0  BRK-0, REST-0
    53     CS   36.043   341.6   1.52   2.96   4.25   0     0     0  BRK-0, REST-0
    54     CS   36.293   315.9   1.77   3.21   4.50   0     0     0  BRK-0, REST-0
    55     CS   36.534   289.4   2.01   3.45   4.74   0     0     0  BRK-0, REST-0
    56     CS   36.806   261.6   2.28   3.72   5.01   0     0     0  BRK-0, REST-0
    57     CS   37.059   232.1   2.53   3.97   5.26   0     0     0  BRK-0, REST-0
    58     CS   37.316   202.9   2.79   4.23   5.52   0     0     0  BRK-0, REST-0
    59     CS   37.598   175.9   3.07   4.51   5.80   1   b45     0  CHARGE, BRK-B45, REST-0
    60     CS   39.284   436.8   0.28   4.80   6.35   0     0     0  BRK-0, REST-0
    61   CUST   39.572   409.6   0.57   5.08   6.64   0     0    r2  BRK-0, REST-R2
    62   CUST   49.203   404.3   0.06   0.06   0.06   0     0     0  BRK-0, REST-0
    63     CS   49.715   402.9   0.07   0.07   0.57   0     0     0  BRK-0, REST-0
    64     CS   49.915   379.1   0.27   0.27   0.77   0     0     0  BRK-0, REST-0
    65     CS   50.124   355.9   0.48   0.48   0.98   0     0     0  BRK-0, REST-0
    66   CUST   50.331   332.7   0.69   0.69   1.19   0   b15     0  BRK-B15, REST-0
    67   CUST   51.138   329.1   0.74   0.74   1.74   0     0     0  BRK-0, REST-0
    68   CUST   51.837   309.4   0.94   0.94   2.44   0     0     0  BRK-0, REST-0
    69     CS   52.388   304.5   0.99   0.99   2.99   0     0     0  BRK-0, REST-0
    70   CUST   52.660   273.8   1.27   1.27   3.27   0     0     0  BRK-0, REST-0
    71     CS   53.498   234.9   1.60   1.60   4.10   0     0     0  BRK-0, REST-0
    72     CS   53.711   212.2   1.82   1.82   4.32   0     0     0  BRK-0, REST-0
    73     CS   53.967   192.2   2.07   2.07   4.57   0     0     0  BRK-0, REST-0
    74     CS   54.201   171.1   2.31   2.31   4.81   1     0     0  CHARGE, BRK-0, REST-0
    75     CS   55.038   236.7   2.55   2.55   5.64   0     0     0  BRK-0, REST-0
    76     CS   55.261   213.7   2.77   2.77   5.87   0     0     0  BRK-0, REST-0
    77     CS   55.521   193.1   3.03   3.03   6.13   1   b30     0  CHARGE, BRK-B30, REST-0
    78     CS   56.530   431.6   0.23   3.26   6.56   0     0     0  BRK-0, REST-0
    79     CS   56.793   409.2   0.49   3.52   6.82   0     0     0  BRK-0, REST-0
    80     CS   57.034   385.4   0.73   3.76   7.06   0     0     0  BRK-0, REST-0
    81     CS   57.264   359.9   0.96   3.99   7.29   0     0     0  BRK-0, REST-0
    82     CS   57.508   335.5   1.20   4.23   7.54   0     0     0  BRK-0, REST-0
    83     CS   57.746   310.7   1.44   4.47   7.77   0     0     0  BRK-0, REST-0
    84     CS   58.021   283.7   1.72   4.75   8.05   0     0     0  BRK-0, REST-0
    85     CS   58.318   258.1   2.02   5.04   8.35   0     0     0  BRK-0, REST-0
    86     CS   58.546   234.0   2.24   5.27   8.57   0     0     0  BRK-0, REST-0
    87     CS   58.765   209.1   2.46   5.49   8.79   0     0     0  BRK-0, REST-0
    88     CS   58.994   185.1   2.69   5.72   9.02   1   b15     0  CHARGE, BRK-B15, REST-0
    89     CS   60.055   369.1   2.96   5.99   9.78   0     0     0  BRK-0, REST-0
    90     CS   60.323   338.4   3.23   6.25  10.04   0     0     0  BRK-0, REST-0
  RmediumCmanyTtight_12__pmix: duration None h  infeasible=False  tw=0  78 min
  [skip] RshortCmanyTnone_12__pmix
  ScenarioTracker saved: /mnt/beegfs/users/celinep/ChargeAndBreak/ML/la_mixed/logs/sensitivity/RshortCfewTtight_13__pmix_LA_S25_H24_20261003_110642_scenarios.json

  === SIMULATION TRAJECTORY ===
  stop   type    t_arr     soc     cd     sd     sw   y   brk   rst  action
  ───────────────────────────────────────────────────────────────────────────────────────────────
     0   ORIG    8.000   500.0   0.00   0.00   0.00   0     —     —  —
     1     CS    8.242   474.8   0.24   0.24   0.24   0     0     0  BRK-0, REST-0
     2     CS    8.557   453.6   0.56   0.56   0.56   0     0     0  BRK-0, REST-0
     3     CS    8.791   427.7   0.79   0.79   0.79   0     0     0  BRK-0, REST-0
     4     CS    9.028   399.6   1.03   1.03   1.03   0     0     0  BRK-0, REST-0
     5     CS    9.274   372.4   1.27   1.27   1.27   0     0     0  BRK-0, REST-0
     6     CS    9.585   349.4   1.59   1.59   1.59   0     0     0  BRK-0, REST-0
     7     CS    9.786   326.8   1.79   1.79   1.79   0     0     0  BRK-0, REST-0
     8     CS    9.987   304.1   1.99   1.99   1.99   0     0     0  BRK-0, REST-0
     9     CS   10.214   283.6   2.21   2.21   2.21   0     0     0  BRK-0, REST-0
    10     CS   10.509   251.4   2.51   2.51   2.51   0     0     0  BRK-0, REST-0
    11     CS   10.818   220.4   2.82   2.82   2.82   0     0     0  BRK-0, REST-0
    12   CUST   11.114   188.3   3.11   3.11   3.11   0   b15     0  BRK-B15, REST-0
    13     CS   12.120   160.8   3.37   3.37   3.87   1   b30     0  CHARGE, BRK-B30, REST-0
    14     CS   13.245   438.2   0.12   3.49   4.49   0     0     0  BRK-0, REST-0
    15     CS   13.475   412.5   0.35   3.72   4.72   0     0     0  BRK-0, REST-0
    16     CS   13.701   386.5   0.58   3.95   4.95   0     0     0  BRK-0, REST-0
    17     CS   13.940   361.6   0.81   4.18   5.19   0     0     0  BRK-0, REST-0
    18     CS   14.166   335.6   1.04   4.41   5.42   0     0     0  BRK-0, REST-0
    19     CS   14.429   307.5   1.30   4.67   5.68   0     0     0  BRK-0, REST-0
    20     CS   14.679   278.3   1.55   4.92   5.93   0     0     0  BRK-0, REST-0
    21     CS   14.926   248.8   1.80   5.17   6.18   0     0     0  BRK-0, REST-0
    22     CS   15.213   215.9   2.09   5.46   6.46   0     0     0  BRK-0, REST-0
    23     CS   15.503   183.4   2.38   5.75   6.75   1   b45     0  CHARGE, BRK-B45, REST-0
    24     CS   16.806   463.6   0.22   5.97   7.23   0     0     0  BRK-0, REST-0
    25     CS   17.044   440.3   0.46   6.21   7.47   0     0     0  BRK-0, REST-0
    26     CS   17.277   416.6   0.69   6.44   7.70   0     0     0  BRK-0, REST-0
    27     CS   17.649   398.3   1.07   6.81   8.07   0     0     0  BRK-0, REST-0
    28     CS   17.924   371.2   1.34   7.09   8.35   0     0     0  BRK-0, REST-0
    29     CS   18.185   343.0   1.60   7.35   8.61   0     0     0  BRK-0, REST-0
    30     CS   18.432   313.5   1.85   7.60   8.86   0     0     0  BRK-0, REST-0
    31     CS   18.686   284.7   2.10   7.85   9.11   0     0     0  BRK-0, REST-0
    32     CS   18.951   256.2   2.37   8.12   9.38   0     0     0  BRK-0, REST-0
    33     CS   19.304   232.5   2.72   8.47   9.73   0     0     0  BRK-0, REST-0
    34   CUST   19.582   204.9   3.00   8.75  10.01   0     0    r2  BRK-0, REST-R2
    35     CS   29.381   184.0   0.30   0.30   0.30   1   b30     0  CHARGE, BRK-B30, REST-0
    36   CUST   30.621   398.4   0.75   0.75   0.98   0     0     0  BRK-0, REST-0
    37     CS   31.514   355.1   1.15   1.15   1.87   0     0     0  BRK-0, REST-0
    38     CS   31.920   310.7   1.55   1.55   2.28   1     0     0  CHARGE, BRK-0, REST-0
    39     CS   32.611   399.6   1.81   1.81   2.97   0     0     0  BRK-0, REST-0
    40     CS   32.867   374.9   2.06   2.06   3.22   0     0     0  BRK-0, REST-0
    41     CS   33.098   348.1   2.29   2.29   3.46   0     0     0  BRK-0, REST-0
    42     CS   33.327   321.1   2.52   2.52   3.68   0     0     0  BRK-0, REST-0
    43     CS   33.538   297.0   2.73   2.73   3.90   0     0     0  BRK-0, REST-0
    44     CS   33.759   273.9   2.95   2.95   4.12   0     0     0  BRK-0, REST-0
    45     CS   33.971   249.9   3.17   3.17   4.33   0     0     0  BRK-0, REST-0
  RshortCfewTtight_13__pmix: duration None h  infeasible=False  tw=0  18 min
  ScenarioTracker saved: /mnt/beegfs/users/celinep/ChargeAndBreak/ML/la_mixed/logs/sensitivity/RshortCfewTnone_14__pmix_LA_S25_H24_20261003_112432_scenarios.json

  === SIMULATION TRAJECTORY ===
  stop   type    t_arr     soc     cd     sd     sw   y   brk   rst  action
  ───────────────────────────────────────────────────────────────────────────────────────────────
     0   ORIG    8.000   500.0   0.00   0.00   0.00   0     —     —  —
     1     CS    8.274   477.0   0.27   0.27   0.27   0     0     0  BRK-0, REST-0
     2     CS    8.503   450.6   0.50   0.50   0.50   0     0     0  BRK-0, REST-0
     3     CS    8.734   424.4   0.73   0.73   0.73   0     0     0  BRK-0, REST-0
     4     CS    8.966   398.9   0.97   0.97   0.97   0     0     0  BRK-0, REST-0
     5     CS    9.200   373.6   1.20   1.20   1.20   0     0     0  BRK-0, REST-0
     6     CS    9.439   348.7   1.44   1.44   1.44   0     0     0  BRK-0, REST-0
     7     CS    9.714   326.2   1.71   1.71   1.71   0     0     0  BRK-0, REST-0
     8     CS    9.989   303.2   1.99   1.99   1.99   0     0     0  BRK-0, REST-0
     9     CS   10.231   278.0   2.23   2.23   2.23   0     0     0  BRK-0, REST-0
    10     CS   10.471   252.6   2.47   2.47   2.47   0     0     0  BRK-0, REST-0
    11     CS   10.864   222.6   2.86   2.86   2.86   0     0     0  BRK-0, REST-0
    12     CS   11.087   198.1   3.09   3.09   3.09   0     0     0  BRK-0, REST-0
    13     CS   11.306   173.2   3.31   3.31   3.31   0     0     0  BRK-0, REST-0
    14   CUST   11.535   149.1   3.53   3.53   3.53   0     0     0  BRK-0, REST-0
    15     CS   12.315   116.8   3.81   3.81   4.31   1   b45     0  CHARGE, BRK-B45, REST-0
    16     CS   13.648   466.7   0.26   4.07   4.90   0     0     0  BRK-0, REST-0
    17     CS   13.894   439.1   0.50   4.32   5.14   0     0     0  BRK-0, REST-0
    18     CS   14.138   411.4   0.75   4.56   5.39   0     0     0  BRK-0, REST-0
    19     CS   14.408   380.5   1.02   4.83   5.66   0     0     0  BRK-0, REST-0
    20     CS   14.697   351.2   1.31   5.12   5.95   0     0     0  BRK-0, REST-0
    21     CS   14.917   325.5   1.53   5.34   6.17   0     0     0  BRK-0, REST-0
    22     CS   15.166   302.3   1.77   5.59   6.42   0     0     0  BRK-0, REST-0
    23     CS   15.553   283.8   2.16   5.98   6.80   1   b30     0  CHARGE, BRK-B30, REST-0
    24     CS   16.825   452.9   2.47   6.29   7.50   0     0     0  BRK-0, REST-0
    25     CS   17.105   421.7   2.75   6.56   7.78   0     0     0  BRK-0, REST-0
    26     CS   17.411   392.6   3.06   6.87   8.09   0     0     0  BRK-0, REST-0
    27     CS   17.627   370.5   3.27   7.09   8.30   0     0     0  BRK-0, REST-0
    28     CS   17.881   350.8   3.53   7.34   8.56   0     0     0  BRK-0, REST-0
    29   CUST   18.098   328.8   3.74   7.56   8.77   0     0    r2  BRK-0, REST-R2
    30     CS   27.788   306.4   0.19   0.19   0.19   0     0     0  BRK-0, REST-0
    31     CS   27.977   283.7   0.38   0.38   0.38   0     0     0  BRK-0, REST-0
    32     CS   28.167   261.3   0.57   0.57   0.57   0     0     0  BRK-0, REST-0
    33     CS   28.207   256.6   0.61   0.61   0.61   1   b15     0  CHARGE, BRK-B15, REST-0
    34     CS   28.889   320.8   0.83   0.83   1.04   0     0     0  BRK-0, REST-0
    35     CS   29.105   297.1   1.04   1.04   1.26   0     0     0  BRK-0, REST-0
    36     CS   29.321   273.5   1.26   1.26   1.47   0     0     0  BRK-0, REST-0
    37     CS   29.636   243.7   1.57   1.57   1.79   0     0     0  BRK-0, REST-0
    38     CS   29.933   212.5   1.87   1.87   2.09   0     0     0  BRK-0, REST-0
    39     CS   30.227   180.9   2.17   2.17   2.38   1     0     0  CHARGE, BRK-0, REST-0
    40     CS   30.907   380.5   2.39   2.39   3.06   0     0     0  BRK-0, REST-0
    41     CS   31.129   354.2   2.61   2.61   3.28   0     0     0  BRK-0, REST-0
    42     CS   31.436   333.3   2.92   2.92   3.59   0     0     0  BRK-0, REST-0
    43     CS   31.635   309.7   3.12   3.12   3.79   0     0     0  BRK-0, REST-0
    44     CS   31.870   288.9   3.36   3.36   4.02   0     0     0  BRK-0, REST-0
    45   CUST   32.079   266.2   3.56   3.56   4.23   0     0     0  BRK-0, REST-0
    46     CS   32.697   254.5   3.68   3.68   4.85   1   b30     0  CHARGE, BRK-B30, REST-0
    47     CS   33.901   416.9   0.26   3.95   5.40   0     0     0  BRK-0, REST-0
    48     CS   34.183   387.8   0.54   4.23   5.68   0     0     0  BRK-0, REST-0
    49     CS   34.445   356.9   0.80   4.49   5.94   0     0     0  BRK-0, REST-0
    50     CS   34.678   330.1   1.04   4.72   6.18   0     0     0  BRK-0, REST-0
    51     CS   34.976   307.6   1.34   5.02   6.47   0     0     0  BRK-0, REST-0
    52     CS   35.382   288.2   1.74   5.43   6.88   0     0     0  BRK-0, REST-0
    53     CS   35.657   263.8   2.02   5.70   7.15   0     0     0  BRK-0, REST-0
    54     CS   35.903   237.4   2.26   5.95   7.40   0     0     0  BRK-0, REST-0
    55     CS   36.194   214.1   2.55   6.24   7.69   0     0     0  BRK-0, REST-0
    56     CS   36.481   182.3   2.84   6.52   7.98   0     0     0  BRK-0, REST-0
    57     CS   36.761   149.9   3.12   6.80   8.26   1   b15     0  CHARGE, BRK-B15, REST-0
  RshortCfewTnone_14__pmix: duration None h  infeasible=False  tw=0  17 min
  ScenarioTracker saved: /mnt/beegfs/users/celinep/ChargeAndBreak/ML/la_mixed/logs/sensitivity/RshortCmanyTtight_14__pmix_LA_S25_H24_20261003_114116_scenarios.json

  === SIMULATION TRAJECTORY ===
  stop   type    t_arr     soc     cd     sd     sw   y   brk   rst  action
  ───────────────────────────────────────────────────────────────────────────────────────────────
     0   ORIG    8.000   500.0   0.00   0.00   0.00   0     —     —  —
     1     CS    8.240   474.7   0.24   0.24   0.24   0     0     0  BRK-0, REST-0
     2     CS    8.482   449.4   0.48   0.48   0.48   0     0     0  BRK-0, REST-0
     3     CS    8.728   424.5   0.73   0.73   0.73   0     0     0  BRK-0, REST-0
     4     CS    9.000   398.3   1.00   1.00   1.00   0     0     0  BRK-0, REST-0
     5     CS    9.270   372.0   1.27   1.27   1.27   0     0     0  BRK-0, REST-0
     6     CS    9.539   341.4   1.54   1.54   1.54   0     0     0  BRK-0, REST-0
     7     CS    9.805   310.5   1.81   1.81   1.81   0     0     0  BRK-0, REST-0
     8     CS   10.071   279.6   2.07   2.07   2.07   1   b15     0  CHARGE, BRK-B15, REST-0
     9     CS   10.899   295.6   2.29   2.29   2.65   0     0     0  BRK-0, REST-0
    10     CS   11.112   274.1   2.50   2.50   2.86   0     0     0  BRK-0, REST-0
    11     CS   11.307   250.8   2.69   2.69   3.06   0     0     0  BRK-0, REST-0
    12     CS   11.570   220.4   2.96   2.96   3.32   0     0     0  BRK-0, REST-0
    13     CS   11.850   191.6   3.24   3.24   3.60   0     0     0  BRK-0, REST-0
    14   CUST   12.150   164.2   3.54   3.54   3.90   0     0     0  BRK-0, REST-0
    15   CUST   12.777   151.0   3.66   3.66   4.53   0     0     0  BRK-0, REST-0
    16     CS   13.716   105.8   4.10   4.10   5.47   1   b30     0  CHARGE, BRK-B30, REST-0
    17   CUST   14.627   407.4   0.07   4.18   5.88   0     0     0  BRK-0, REST-0
    18   CUST   15.733   364.9   0.68   4.78   6.98   0     0     0  BRK-0, REST-0
    19     CS   16.233   364.9   0.68   4.78   7.48   0     0     0  BRK-0, REST-0
    20     CS   16.510   334.1   0.96   5.06   7.76   0     0     0  BRK-0, REST-0
    21   CUST   16.877   308.6   1.32   5.43   8.13   0     0     0  BRK-0, REST-0
    22     CS   17.511   293.6   1.46   5.56   8.76   0     0     0  BRK-0, REST-0
    23     CS   17.751   267.7   1.70   5.80   9.00   0     0     0  BRK-0, REST-0
    24     CS   18.010   243.3   1.96   6.06   9.26   1   b15     0  CHARGE, BRK-B15, REST-0
    25     CS   18.751   379.0   2.22   6.33   9.75   0     0     0  BRK-0, REST-0
    26     CS   19.021   353.0   2.49   6.60  10.02   0     0     0  BRK-0, REST-0
    27   CUST   19.277   325.9   2.75   6.85  10.28   0     0     0  BRK-0, REST-0
    28     CS   20.044   300.8   3.02   7.12  11.04   0     0     0  BRK-0, REST-0
    29     CS   20.280   273.0   3.25   7.36  11.28   0     0     0  BRK-0, REST-0
    30   CUST   20.545   247.8   3.52   7.62  11.55   0     0     0  BRK-0, REST-0
    31     CS   21.113   242.0   3.59   7.69  12.11   0     0     0  BRK-0, REST-0
    32   CUST   21.131   240.0   3.60   7.71  12.13   0     0     0  BRK-0, REST-0
    33     CS   21.661   236.9   3.63   7.74  12.66   0     0     0  BRK-0, REST-0
    34   CUST   21.917   207.1   3.89   7.99  12.92   0     0    r2  BRK-0, REST-R2
    35   CUST   31.521   201.7   0.10   0.10   0.10   0     0     0  BRK-0, REST-0
    36   CUST   32.183   183.4   0.27   0.27   0.77   0     0     0  BRK-0, REST-0
    37   CUST   32.707   180.9   0.29   0.29   1.29   0     0     0  BRK-0, REST-0
    38     CS   33.570   140.8   0.65   0.65   2.15   0     0     0  BRK-0, REST-0
    39     CS   33.659   131.2   0.74   0.74   2.24   1   b15     0  CHARGE, BRK-B15, REST-0
    40     CS   34.665   380.1   1.08   1.08   2.95   0     0     0  BRK-0, REST-0
    41     CS   34.896   354.7   1.31   1.31   3.19   0     0     0  BRK-0, REST-0
    42     CS   35.162   331.8   1.58   1.58   3.45   0     0     0  BRK-0, REST-0
    43     CS   35.408   305.5   1.83   1.83   3.70   0     0     0  BRK-0, REST-0
    44     CS   35.733   283.5   2.15   2.15   4.02   0     0     0  BRK-0, REST-0
    45   CUST   36.145   263.7   2.56   2.56   4.44   0     0     0  BRK-0, REST-0
    46     CS   36.852   242.0   2.77   2.77   5.14   0     0     0  BRK-0, REST-0
    47     CS   37.053   219.7   2.97   2.97   5.34   0     0     0  BRK-0, REST-0
    48   CUST   37.299   200.5   3.22   3.22   5.59   0     0     0  BRK-0, REST-0
    49     CS   37.836   196.8   3.25   3.25   6.13   1     0     0  CHARGE, BRK-0, REST-0
    50   CUST   38.582   219.8   3.46   3.46   6.87   0     0     0  BRK-0, REST-0
    51     CS   39.174   210.5   3.55   3.55   7.46   1   b30     0  CHARGE, BRK-B30, REST-0
    52     CS   40.341   441.3   0.27   3.83   8.01   0     0     0  BRK-0, REST-0
    53     CS   40.601   411.3   0.53   4.09   8.27   0     0     0  BRK-0, REST-0
    54     CS   40.904   386.6   0.84   4.39   8.57   0     0     0  BRK-0, REST-0
    55     CS   41.173   359.8   1.10   4.66   8.84   0     0     0  BRK-0, REST-0
    56     CS   41.485   335.7   1.42   4.97   9.15   0     0     0  BRK-0, REST-0
    57     CS   41.813   307.3   1.74   5.30   9.48   0     0     0  BRK-0, REST-0
    58     CS   42.097   275.8   2.03   5.58   9.77   0     0     0  BRK-0, REST-0
    59     CS   42.398   245.5   2.33   5.88  10.07   0     0     0  BRK-0, REST-0
    60     CS   42.664   215.5   2.60   6.15  10.33   0     0     0  BRK-0, REST-0
    61     CS   42.940   186.3   2.87   6.42  10.61   0     0     0  BRK-0, REST-0
    62     CS   43.200   155.6   3.13   6.68  10.87   1   b15     0  CHARGE, BRK-B15, REST-0
    63     CS   43.975   161.7   3.40   6.95  11.39   0     0     0  BRK-0, REST-0
  RshortCmanyTtight_14__pmix: duration None h  infeasible=False  tw=1  25 min
  ScenarioTracker saved: /mnt/beegfs/users/celinep/ChargeAndBreak/ML/la_mixed/logs/sensitivity/RshortCmanyTnone_15__pmix_LA_S25_H24_20261003_120630_scenarios.json

  === SIMULATION TRAJECTORY ===
  stop   type    t_arr     soc     cd     sd     sw   y   brk   rst  action
  ───────────────────────────────────────────────────────────────────────────────────────────────
     0   ORIG    8.000   500.0   0.00   0.00   0.00   0     —     —  —
     1     CS    8.240   474.7   0.24   0.24   0.24   0     0     0  BRK-0, REST-0
     2     CS    8.474   448.7   0.47   0.47   0.47   0     0     0  BRK-0, REST-0
     3     CS    8.721   423.9   0.72   0.72   0.72   0     0     0  BRK-0, REST-0
     4     CS    8.952   400.0   0.95   0.95   0.95   0     0     0  BRK-0, REST-0
     5     CS    9.202   377.5   1.20   1.20   1.20   0     0     0  BRK-0, REST-0
     6     CS    9.433   353.7   1.43   1.43   1.43   0     0     0  BRK-0, REST-0
     7     CS    9.653   328.8   1.65   1.65   1.65   0     0     0  BRK-0, REST-0
     8     CS    9.895   304.3   1.89   1.89   1.89   0     0     0  BRK-0, REST-0
     9     CS   10.173   282.1   2.17   2.17   2.17   0     0     0  BRK-0, REST-0
    10     CS   10.396   256.0   2.40   2.40   2.40   0     0     0  BRK-0, REST-0
    11     CS   10.862   232.1   2.86   2.86   2.86   0     0     0  BRK-0, REST-0
    12     CS   11.181   202.9   3.18   3.18   3.18   0     0     0  BRK-0, REST-0
    13   CUST   11.642   155.1   3.64   3.64   3.64   0     0     0  BRK-0, REST-0
    14   CUST   12.333   135.8   3.83   3.83   4.33   0     0     0  BRK-0, REST-0
    15     CS   13.061   111.6   4.06   4.06   5.06   1   b45     0  CHARGE, BRK-B45, REST-0
    16   CUST   14.606   418.3   0.43   4.49   5.86   0     0     0  BRK-0, REST-0
    17   CUST   15.158   412.5   0.48   4.54   6.41   0     0     0  BRK-0, REST-0
    18     CS   15.858   390.6   0.68   4.74   7.11   0     0     0  BRK-0, REST-0
    19     CS   16.059   368.7   0.88   4.95   7.31   0     0     0  BRK-0, REST-0
    20     CS   16.253   346.2   1.08   5.14   7.50   0     0     0  BRK-0, REST-0
    21     CS   16.394   331.9   1.22   5.28   7.64   0     0     0  BRK-0, REST-0
    22     CS   16.671   303.9   1.50   5.56   7.92   0     0     0  BRK-0, REST-0
    23     CS   16.930   274.4   1.76   5.82   8.18   1   b15     0  CHARGE, BRK-B15, REST-0
    24     CS   17.714   400.8   2.04   6.10   8.71   0     0     0  BRK-0, REST-0
    25     CS   17.989   376.4   2.31   6.37   8.99   0     0     0  BRK-0, REST-0
    26     CS   18.223   348.7   2.55   6.61   9.22   0     0     0  BRK-0, REST-0
    27     CS   18.530   325.9   2.85   6.91   9.53   0     0     0  BRK-0, REST-0
    28   CUST   18.891   283.1   3.21   7.27   9.89   0     0    r2  BRK-0, REST-R2
    29   CUST   28.751   254.4   0.36   0.36   0.36   0     0     0  BRK-0, REST-0
    30     CS   29.522   225.8   0.63   0.63   1.13   0     0     0  BRK-0, REST-0
    31     CS   29.807   198.4   0.92   0.92   1.42   1   b15     0  CHARGE, BRK-B15, REST-0
    32     CS   30.435   404.3   0.96   0.96   1.71   0     0     0  BRK-0, REST-0
    33     CS   30.657   383.3   1.18   1.18   1.93   0     0     0  BRK-0, REST-0
    34     CS   30.858   360.7   1.38   1.38   2.14   0     0     0  BRK-0, REST-0
    35   CUST   31.146   342.8   1.67   1.67   2.42   0     0     0  BRK-0, REST-0
    36     CS   31.846   319.7   1.87   1.87   3.12   0     0     0  BRK-0, REST-0
    37     CS   32.051   297.0   2.07   2.07   3.33   0     0     0  BRK-0, REST-0
    38     CS   32.258   274.5   2.28   2.28   3.54   0     0     0  BRK-0, REST-0
    39     CS   32.799   242.5   2.82   2.82   4.08   1   b30     0  CHARGE, BRK-B30, REST-0
    40     CS   34.135   455.4   0.26   3.08   4.77   0     0     0  BRK-0, REST-0
    41     CS   34.434   429.9   0.56   3.38   5.07   0     0     0  BRK-0, REST-0
    42   CUST   34.694   401.7   0.82   3.64   5.33   0     0     0  BRK-0, REST-0
    43     CS   35.451   371.3   1.08   3.90   6.09   0     0     0  BRK-0, REST-0
    44     CS   35.777   345.8   1.41   4.23   6.41   0     0     0  BRK-0, REST-0
    45     CS   35.941   326.4   1.57   4.39   6.58   0     0     0  BRK-0, REST-0
    46     CS   36.200   298.1   1.83   4.65   6.84   0     0     0  BRK-0, REST-0
    47     CS   36.556   275.1   2.18   5.01   7.19   0     0     0  BRK-0, REST-0
    48     CS   36.881   252.6   2.51   5.33   7.52   0     0     0  BRK-0, REST-0
    49     CS   37.138   226.4   2.77   5.59   7.77   0     0     0  BRK-0, REST-0
    50     CS   37.391   199.9   3.02   5.84   8.03   1   b15     0  CHARGE, BRK-B15, REST-0
    51     CS   38.256   257.4   3.34   6.16   8.64   0     0     0  BRK-0, REST-0
    52     CS   38.559   226.0   3.65   6.47   8.94   0     0     0  BRK-0, REST-0
  RshortCmanyTnone_15__pmix: duration None h  infeasible=False  tw=0  17 min
  ScenarioTracker saved: /mnt/beegfs/users/celinep/ChargeAndBreak/ML/la_mixed/logs/sensitivity/RshortCfewTtight_16__pmix_LA_S25_H24_20261003_122330_scenarios.json

  === SIMULATION TRAJECTORY ===
  stop   type    t_arr     soc     cd     sd     sw   y   brk   rst  action
  ───────────────────────────────────────────────────────────────────────────────────────────────
     0   ORIG    8.000   500.0   0.00   0.00   0.00   0     —     —  —
     1     CS    8.234   474.1   0.23   0.23   0.23   0     0     0  BRK-0, REST-0
     2     CS    8.473   448.7   0.47   0.47   0.47   0     0     0  BRK-0, REST-0
     3     CS    8.707   422.7   0.71   0.71   0.71   0     0     0  BRK-0, REST-0
     4     CS    8.907   400.8   0.91   0.91   0.91   0     0     0  BRK-0, REST-0
     5     CS    9.118   379.8   1.12   1.12   1.12   0     0     0  BRK-0, REST-0
     6     CS    9.322   358.2   1.32   1.32   1.32   0     0     0  BRK-0, REST-0
     7     CS    9.573   329.9   1.57   1.57   1.57   0     0     0  BRK-0, REST-0
     8     CS    9.973   308.5   1.97   1.97   1.97   0     0     0  BRK-0, REST-0
     9     CS   10.223   280.1   2.22   2.22   2.22   0     0     0  BRK-0, REST-0
    10     CS   10.583   253.9   2.58   2.58   2.58   0     0     0  BRK-0, REST-0
    11     CS   10.985   229.3   2.99   2.99   2.99   0     0     0  BRK-0, REST-0
    12     CS   11.267   198.3   3.27   3.27   3.27   0     0     0  BRK-0, REST-0
    13     CS   11.890   155.6   3.89   3.89   3.89   1   b45     0  CHARGE, BRK-B45, REST-0
    14     CS   13.130   387.5   0.25   4.14   4.38   0     0     0  BRK-0, REST-0
    15     CS   13.358   362.8   0.48   4.37   4.61   0     0     0  BRK-0, REST-0
    16     CS   13.584   338.0   0.71   4.60   4.83   0     0     0  BRK-0, REST-0
    17     CS   13.847   315.8   0.97   4.86   5.10   0     0     0  BRK-0, REST-0
    18     CS   14.117   286.1   1.24   5.13   5.37   0     0     0  BRK-0, REST-0
    19     CS   14.399   257.4   1.52   5.41   5.65   0     0     0  BRK-0, REST-0
    20     CS   14.644   228.9   1.77   5.66   5.89   0     0     0  BRK-0, REST-0
    21     CS   14.906   202.0   2.03   5.92   6.16   0     0     0  BRK-0, REST-0
    22     CS   15.255   179.5   2.38   6.27   6.51   0     0     0  BRK-0, REST-0
    23     CS   15.502   151.2   2.63   6.52   6.75   1   b15     0  CHARGE, BRK-B15, REST-0
    24     CS   16.674   350.0   3.08   6.98   7.67   0     0     0  BRK-0, REST-0
    25     CS   16.975   323.3   3.39   7.28   7.97   0     0     0  BRK-0, REST-0
    26     CS   17.228   292.8   3.64   7.53   8.23   0     0     0  BRK-0, REST-0
    27     CS   17.486   262.8   3.90   7.79   8.49   0     0     0  BRK-0, REST-0
    28     CS   17.795   237.8   4.21   8.10   8.80   0     0    r2  BRK-0, REST-R2
    29     CS   27.233   210.5   0.27   0.27   0.27   1   b15     0  CHARGE, BRK-B15, REST-0
    30     CS   28.146   384.5   0.52   0.52   0.93   0     0     0  BRK-0, REST-0
    31     CS   28.390   356.6   0.76   0.76   1.18   0     0     0  BRK-0, REST-0
    32     CS   28.657   330.5   1.03   1.03   1.44   0     0     0  BRK-0, REST-0
    33     CS   28.902   302.7   1.27   1.27   1.69   0     0     0  BRK-0, REST-0
    34     CS   29.309   267.9   1.68   1.68   2.10   0     0     0  BRK-0, REST-0
    35     CS   29.607   238.3   1.98   1.98   2.40   0     0     0  BRK-0, REST-0
    36     CS   29.884   206.8   2.26   2.26   2.67   0     0     0  BRK-0, REST-0
    37     CS   30.191   177.8   2.56   2.56   2.98   0     0     0  BRK-0, REST-0
    38     CS   30.481   147.5   2.85   2.85   3.27   1   b45     0  CHARGE, BRK-B45, REST-0
    39   CUST   32.096   423.0   0.33   3.18   3.85   0     0     0  BRK-0, REST-0
    40     CS   32.829   396.5   0.56   3.41   4.59   0     0     0  BRK-0, REST-0
    41     CS   33.081   371.5   0.81   3.67   4.84   0     0     0  BRK-0, REST-0
    42     CS   33.367   339.6   1.10   3.95   5.12   0     0     0  BRK-0, REST-0
    43     CS   33.685   315.1   1.41   4.27   5.44   0     0     0  BRK-0, REST-0
    44     CS   33.932   285.6   1.66   4.52   5.69   0     0     0  BRK-0, REST-0
    45     CS   34.187   256.9   1.92   4.77   5.94   0     0     0  BRK-0, REST-0
    46     CS   34.448   230.2   2.18   5.03   6.20   0     0     0  BRK-0, REST-0
    47     CS   34.874   209.8   2.60   5.46   6.63   0     0     0  BRK-0, REST-0
    48     CS   35.121   181.8   2.85   5.70   6.88   1   b15     0  CHARGE, BRK-B15, REST-0
    49     CS   36.075   371.6   3.13   5.98   7.52   0     0     0  BRK-0, REST-0
    50     CS   36.347   342.8   3.40   6.25   7.79   0     0     0  BRK-0, REST-0
  RshortCfewTtight_16__pmix: duration None h  infeasible=False  tw=0  16 min
  ScenarioTracker saved: /mnt/beegfs/users/celinep/ChargeAndBreak/ML/la_mixed/logs/sensitivity/RshortCfewTnone_17__pmix_LA_S25_H24_20261003_123900_scenarios.json

  === SIMULATION TRAJECTORY ===
  stop   type    t_arr     soc     cd     sd     sw   y   brk   rst  action
  ───────────────────────────────────────────────────────────────────────────────────────────────
     0   ORIG    8.000   500.0   0.00   0.00   0.00   0     —     —  —
     1     CS    8.233   474.0   0.23   0.23   0.23   0     0     0  BRK-0, REST-0
     2     CS    8.633   454.8   0.63   0.63   0.63   0     0     0  BRK-0, REST-0
     3     CS    8.956   433.9   0.96   0.96   0.96   0     0     0  BRK-0, REST-0
     4     CS    9.234   402.6   1.23   1.23   1.23   0     0     0  BRK-0, REST-0
     5     CS    9.521   372.0   1.52   1.52   1.52   0     0     0  BRK-0, REST-0
     6     CS    9.792   344.1   1.79   1.79   1.79   0     0     0  BRK-0, REST-0
     7     CS   10.050   315.1   2.05   2.05   2.05   0     0     0  BRK-0, REST-0
     8     CS   10.306   285.8   2.31   2.31   2.31   0     0     0  BRK-0, REST-0
     9     CS   10.623   260.8   2.62   2.62   2.62   0     0     0  BRK-0, REST-0
    10     CS   10.866   235.7   2.87   2.87   2.87   0     0     0  BRK-0, REST-0
    11     CS   11.115   211.0   3.11   3.11   3.11   0     0     0  BRK-0, REST-0
    12     CS   11.348   185.0   3.35   3.35   3.35   1   b15     0  CHARGE, BRK-B15, REST-0
    13     CS   12.284   420.8   3.57   3.57   3.83   0     0     0  BRK-0, REST-0
    14     CS   12.512   395.2   3.80   3.80   4.06   0     0     0  BRK-0, REST-0
    15     CS   12.749   370.3   4.04   4.04   4.30   0     0    r2  BRK-0, REST-R2
    16     CS   22.309   338.6   0.39   0.39   0.39   0     0     0  BRK-0, REST-0
    17     CS   22.618   312.4   0.70   0.70   0.70   0     0     0  BRK-0, REST-0
    18     CS   22.882   282.9   0.97   0.97   0.97   0     0     0  BRK-0, REST-0
    19     CS   23.196   256.9   1.28   1.28   1.28   0     0     0  BRK-0, REST-0
    20     CS   23.479   225.3   1.56   1.56   1.56   0     0     0  BRK-0, REST-0
    21     CS   23.831   198.2   1.92   1.92   1.92   0     0     0  BRK-0, REST-0
    22     CS   24.108   165.9   2.19   2.19   2.19   1   b15     0  CHARGE, BRK-B15, REST-0
    23     CS   24.848   231.7   2.40   2.40   2.68   0     0     0  BRK-0, REST-0
    24     CS   25.053   209.5   2.61   2.61   2.89   0     0     0  BRK-0, REST-0
    25     CS   25.298   189.9   2.85   2.85   3.13   1   b30     0  CHARGE, BRK-B30, REST-0
    26     CS   26.277   411.4   0.28   3.14   3.61   0     0     0  BRK-0, REST-0
    27   CUST   26.547   381.8   0.55   3.41   3.88   0     0     0  BRK-0, REST-0
    28     CS   27.341   350.1   0.85   3.70   4.68   0     0     0  BRK-0, REST-0
    29     CS   27.623   317.2   1.13   3.98   4.96   0     0     0  BRK-0, REST-0
    30     CS   27.880   287.0   1.39   4.24   5.21   0     0     0  BRK-0, REST-0
    31     CS   28.142   257.1   1.65   4.50   5.48   0     0     0  BRK-0, REST-0
    32     CS   28.394   228.1   1.90   4.76   5.73   0     0     0  BRK-0, REST-0
    33     CS   28.663   200.6   2.17   5.02   6.00   0     0     0  BRK-0, REST-0
    34     CS   28.910   171.9   2.42   5.27   6.24   0     0     0  BRK-0, REST-0
    35     CS   29.164   143.9   2.67   5.53   6.50   0     0     0  BRK-0, REST-0
    36   CUST   29.408   114.9   2.92   5.77   6.74   0     0     0  BRK-0, REST-0
    37     CS   29.960   109.0   2.97   5.82   7.29   1   b45     0  CHARGE, BRK-B45, REST-0
    38   CUST   31.719   399.1   0.46   6.29   8.01   0     0     0  BRK-0, REST-0
    39     CS   32.476   369.9   0.72   6.54   8.76   0     0     0  BRK-0, REST-0
    40     CS   32.756   342.8   1.00   6.82   9.04   0     0     0  BRK-0, REST-0
    41     CS   33.067   308.5   1.31   7.13   9.35   0     0     0  BRK-0, REST-0
    42     CS   33.339   276.6   1.58   7.41   9.63   0     0     0  BRK-0, REST-0
    43     CS   33.642   247.3   1.89   7.71   9.93   0     0     0  BRK-0, REST-0
    44     CS   33.948   218.2   2.19   8.02  10.23   0     0     0  BRK-0, REST-0
    45     CS   34.232   187.4   2.48   8.30  10.52   0     0     0  BRK-0, REST-0
    46     CS   34.557   159.5   2.80   8.62  10.84   1   b15     0  CHARGE, BRK-B15, REST-0
    47     CS   35.437   370.9   3.10   8.92  11.47   0     0     0  BRK-0, REST-0
  RshortCfewTnone_17__pmix: duration None h  infeasible=False  tw=0  15 min
  ScenarioTracker saved: /mnt/beegfs/users/celinep/ChargeAndBreak/ML/la_mixed/logs/sensitivity/RshortCmanyTtight_17__pmix_LA_S25_H24_20261003_125409_scenarios.json

  === SIMULATION TRAJECTORY ===
  stop   type    t_arr     soc     cd     sd     sw   y   brk   rst  action
  ───────────────────────────────────────────────────────────────────────────────────────────────
     0   ORIG    8.000   500.0   0.00   0.00   0.00   0     —     —  —
     1     CS    8.262   476.2   0.26   0.26   0.26   0     0     0  BRK-0, REST-0
     2     CS    8.520   452.2   0.52   0.52   0.52   0     0     0  BRK-0, REST-0
     3     CS    8.771   427.7   0.77   0.77   0.77   0     0     0  BRK-0, REST-0
     4     CS    9.001   407.3   1.00   1.00   1.00   0     0     0  BRK-0, REST-0
     5     CS    9.207   385.1   1.21   1.21   1.21   0     0     0  BRK-0, REST-0
     6     CS    9.409   362.6   1.41   1.41   1.41   0     0     0  BRK-0, REST-0
     7     CS    9.651   334.3   1.65   1.65   1.65   0     0     0  BRK-0, REST-0
     8     CS    9.926   308.6   1.93   1.93   1.93   0     0     0  BRK-0, REST-0
     9   CUST   10.183   281.6   2.18   2.18   2.18   0     0     0  BRK-0, REST-0
    10     CS   11.072   262.9   2.57   2.57   3.07   0     0     0  BRK-0, REST-0
    11     CS   11.307   238.2   2.81   2.81   3.31   0     0     0  BRK-0, REST-0
    12     CS   11.564   215.2   3.06   3.06   3.56   0     0     0  BRK-0, REST-0
    13     CS   11.763   191.9   3.26   3.26   3.76   0     0     0  BRK-0, REST-0
    14     CS   11.975   168.8   3.48   3.48   3.98   0     0     0  BRK-0, REST-0
    15     CS   12.181   145.0   3.68   3.68   4.18   0     0     0  BRK-0, REST-0
    16     CS   12.403   122.6   3.90   3.90   4.40   1   b45     0  CHARGE, BRK-B45, REST-0
    17     CS   13.965   400.4   0.33   4.23   5.02   0     0     0  BRK-0, REST-0
    18   CUST   14.274   369.5   0.64   4.54   5.33   0     0     0  BRK-0, REST-0
    19     CS   14.819   365.2   0.68   4.59   5.88   0     0     0  BRK-0, REST-0
    20     CS   15.028   342.9   0.89   4.80   6.09   0     0     0  BRK-0, REST-0
    21     CS   15.310   324.6   1.18   5.08   6.37   0     0     0  BRK-0, REST-0
    22     CS   15.530   303.1   1.40   5.30   6.59   0     0     0  BRK-0, REST-0
    23     CS   15.776   274.4   1.64   5.54   6.83   0     0     0  BRK-0, REST-0
    24     CS   16.049   247.9   1.92   5.82   7.11   0     0     0  BRK-0, REST-0
    25     CS   16.374   224.3   2.24   6.14   7.43   1   b15     0  CHARGE, BRK-B15, REST-0
    26     CS   17.199   280.6   2.53   6.44   8.01   0     0     0  BRK-0, REST-0
    27   CUST   17.511   250.9   2.84   6.75   8.32   0     0    r2  BRK-0, REST-R2
    28   CUST   27.107   239.6   0.10   0.10   0.10   0     0     0  BRK-0, REST-0
    29     CS   28.068   191.7   0.56   0.56   1.06   1   b15     0  CHARGE, BRK-B15, REST-0
    30   CUST   29.200   365.6   1.02   1.02   1.81   0     0     0  BRK-0, REST-0
    31   CUST   30.002   330.5   1.32   1.32   2.61   0     0     0  BRK-0, REST-0
    32     CS   30.561   324.0   1.38   1.38   3.17   0     0     0  BRK-0, REST-0
    33   CUST   30.578   322.0   1.39   1.39   3.18   0     0     0  BRK-0, REST-0
    34     CS   31.377   295.6   1.69   1.69   3.98   0     0     0  BRK-0, REST-0
    35   CUST   31.804   248.3   2.12   2.12   4.41   0     0     0  BRK-0, REST-0
    36     CS   32.624   210.1   2.44   2.44   5.23   0     0     0  BRK-0, REST-0
    37     CS   32.844   184.0   2.66   2.66   5.45   0     0     0  BRK-0, REST-0
    38     CS   33.103   161.1   2.92   2.92   5.71   0     0     0  BRK-0, REST-0
    39     CS   33.328   135.5   3.14   3.14   5.93   1     0     0  CHARGE, BRK-0, REST-0
  RshortCmanyTtight_17__pmix: duration None h  infeasible=False  tw=1  10 min
  ScenarioTracker saved: /mnt/beegfs/users/celinep/ChargeAndBreak/ML/la_mixed/logs/sensitivity/RshortCmanyTnone_18__pmix_LA_S25_H24_20261003_130345_scenarios.json

  === SIMULATION TRAJECTORY ===
  stop   type    t_arr     soc     cd     sd     sw   y   brk   rst  action
  ───────────────────────────────────────────────────────────────────────────────────────────────
     0   ORIG    8.000   500.0   0.00   0.00   0.00   0     —     —  —
     1     CS    8.237   474.4   0.24   0.24   0.24   0     0     0  BRK-0, REST-0
     2     CS    8.571   453.8   0.57   0.57   0.57   0     0     0  BRK-0, REST-0
     3     CS    8.826   429.5   0.83   0.83   0.83   0     0     0  BRK-0, REST-0
     4     CS    9.114   399.1   1.11   1.11   1.11   0     0     0  BRK-0, REST-0
     5     CS    9.383   366.9   1.38   1.38   1.38   0     0     0  BRK-0, REST-0
     6     CS    9.662   343.6   1.66   1.66   1.66   0     0     0  BRK-0, REST-0
     7     CS    9.891   316.6   1.89   1.89   1.89   0     0     0  BRK-0, REST-0
     8     CS   10.126   290.3   2.13   2.13   2.13   0     0     0  BRK-0, REST-0
     9     CS   10.380   265.4   2.38   2.38   2.38   0     0     0  BRK-0, REST-0
    10     CS   10.816   212.9   2.82   2.82   2.82   0     0     0  BRK-0, REST-0
    11     CS   11.116   185.5   3.12   3.12   3.12   0     0     0  BRK-0, REST-0
    12     CS   11.386   155.8   3.39   3.39   3.39   0     0     0  BRK-0, REST-0
    13     CS   11.673   127.5   3.67   3.67   3.67   1   b15     0  CHARGE, BRK-B15, REST-0
    14     CS   12.626   368.5   3.96   3.96   4.35   0     0     0  BRK-0, REST-0
    15   CUST   12.908   336.3   4.24   4.24   4.64   0   b30     0  BRK-B30, REST-0
    16   CUST   14.134   313.2   0.23   4.47   5.36   0     0     0  BRK-0, REST-0
    17   CUST   14.713   303.8   0.30   4.55   5.94   0     0     0  BRK-0, REST-0
    18     CS   15.625   256.3   0.72   4.96   6.85   0     0     0  BRK-0, REST-0
    19   CUST   15.999   222.5   1.09   5.34   7.23   0     0     0  BRK-0, REST-0
    20     CS   16.640   210.3   1.23   5.48   7.87   0     0     0  BRK-0, REST-0
    21     CS   17.230   182.0   1.82   6.07   8.46   0     0     0  BRK-0, REST-0
    22     CS   17.424   159.5   2.02   6.26   8.65   0     0     0  BRK-0, REST-0
    23     CS   17.622   137.4   2.21   6.46   8.85   0     0     0  BRK-0, REST-0
    24     CS   17.826   115.8   2.42   6.66   9.05   1   b15     0  CHARGE, BRK-B15, REST-0
    25     CS   18.694   280.4   2.72   6.97   9.66   0     0     0  BRK-0, REST-0
    26     CS   19.042   261.2   3.07   7.31  10.01   0     0     0  BRK-0, REST-0
    27     CS   19.263   235.7   3.29   7.53  10.23   0     0     0  BRK-0, REST-0
    28     CS   19.545   205.4   3.57   7.82  10.51   0     0     0  BRK-0, REST-0
    29     CS   19.837   176.0   3.86   8.11  10.80   0     0     0  BRK-0, REST-0
    30   CUST   20.104   144.4   4.13   8.38  11.07   0     0     0  BRK-0, REST-0
    31   CUST   20.685   136.5   4.21   8.46  11.65   0     0    r2  BRK-0, REST-R2
    32     CS   30.503   104.0   0.32   0.32   0.32   1   b15     0  CHARGE, BRK-B15, REST-0
    33   CUST   31.168   334.3   0.50   0.50   0.73   0     0     0  BRK-0, REST-0
    34     CS   32.080   292.6   0.92   0.92   1.64   0     0     0  BRK-0, REST-0
    35   CUST   32.490   246.1   1.33   1.33   2.05   0     0     0  BRK-0, REST-0
    36   CUST   33.437   200.5   1.77   1.77   3.00   0     0     0  BRK-0, REST-0
    37     CS   34.121   179.5   1.96   1.96   3.69   0     0     0  BRK-0, REST-0
    38   CUST   34.163   175.0   2.00   2.00   3.73   0     0     0  BRK-0, REST-0
    39     CS   34.964   147.2   2.30   2.30   4.53   0     0     0  BRK-0, REST-0
    40     CS   35.227   116.2   2.56   2.56   4.79   1   b30     0  CHARGE, BRK-B30, REST-0
    41   CUST   36.095   435.8   0.09   2.65   5.16   0     0     0  BRK-0, REST-0
    42   CUST   36.945   419.1   0.44   3.00   6.01   0     0     0  BRK-0, REST-0
    43     CS   37.949   374.3   0.94   3.51   7.01   0     0     0  BRK-0, REST-0
    44     CS   38.071   362.8   1.07   3.63   7.14   0     0     0  BRK-0, REST-0
    45     CS   38.317   337.9   1.31   3.88   7.38   0     0     0  BRK-0, REST-0
    46     CS   38.542   311.2   1.54   4.10   7.61   0     0     0  BRK-0, REST-0
    47     CS   38.835   289.1   1.83   4.39   7.90   0     0     0  BRK-0, REST-0
    48     CS   39.075   263.8   2.07   4.63   8.14   0     0     0  BRK-0, REST-0
    49     CS   39.362   233.2   2.36   4.92   8.43   0     0     0  BRK-0, REST-0
    50     CS   39.663   203.7   2.66   5.22   8.73   0     0     0  BRK-0, REST-0
    51     CS   39.966   174.4   2.96   5.52   9.03   0     0     0  BRK-0, REST-0
  RshortCmanyTnone_18__pmix: duration None h  infeasible=False  tw=0  20 min
  ScenarioTracker saved: /mnt/beegfs/users/celinep/ChargeAndBreak/ML/la_mixed/logs/sensitivity/RshortCfewTtight_19__pmix_LA_S25_H24_20261003_132326_scenarios.json

  === SIMULATION TRAJECTORY ===
  stop   type    t_arr     soc     cd     sd     sw   y   brk   rst  action
  ───────────────────────────────────────────────────────────────────────────────────────────────
     0   ORIG    8.000   500.0   0.00   0.00   0.00   0     —     —  —
     1     CS    8.243   474.9   0.24   0.24   0.24   0     0     0  BRK-0, REST-0
     2     CS    8.490   450.1   0.49   0.49   0.49   0     0     0  BRK-0, REST-0
     3     CS    8.720   423.8   0.72   0.72   0.72   0     0     0  BRK-0, REST-0
     4     CS    9.042   393.7   1.04   1.04   1.04   0     0     0  BRK-0, REST-0
     5     CS    9.325   360.4   1.32   1.32   1.32   0     0     0  BRK-0, REST-0
     6     CS    9.553   335.5   1.55   1.55   1.55   0     0     0  BRK-0, REST-0
     7     CS    9.789   311.3   1.79   1.79   1.79   0     0     0  BRK-0, REST-0
     8     CS   10.018   286.5   2.02   2.02   2.02   0     0     0  BRK-0, REST-0
     9     CS   10.283   262.9   2.28   2.28   2.28   0     0     0  BRK-0, REST-0
    10     CS   10.636   242.8   2.64   2.64   2.64   0     0     0  BRK-0, REST-0
    11     CS   10.903   219.4   2.90   2.90   2.90   0     0     0  BRK-0, REST-0
    12     CS   11.153   191.8   3.15   3.15   3.15   0     0     0  BRK-0, REST-0
    13     CS   11.395   163.4   3.40   3.40   3.40   0     0     0  BRK-0, REST-0
    14     CS   11.637   135.1   3.64   3.64   3.64   1   b45     0  CHARGE, BRK-B45, REST-0
    15     CS   12.965   378.5   0.24   3.87   4.18   0     0     0  BRK-0, REST-0
    16     CS   13.221   352.9   0.49   4.13   4.44   0     0     0  BRK-0, REST-0
    17     CS   13.457   325.6   0.73   4.37   4.67   0     0     0  BRK-0, REST-0
    18     CS   13.728   293.5   1.00   4.64   4.94   0     0     0  BRK-0, REST-0
    19     CS   14.020   263.4   1.29   4.93   5.23   0     0     0  BRK-0, REST-0
    20     CS   14.290   231.3   1.56   5.20   5.50   1   b15     0  CHARGE, BRK-B15, REST-0
    21     CS   15.022   247.4   1.80   5.44   5.99   0     0     0  BRK-0, REST-0
    22     CS   15.234   224.2   2.01   5.65   6.20   0     0     0  BRK-0, REST-0
    23   CUST   15.485   203.7   2.26   5.90   6.45   0     0     0  BRK-0, REST-0
    24   CUST   16.398   157.5   2.67   6.31   7.36   0     0     0  BRK-0, REST-0
    25     CS   17.176   128.5   2.95   6.59   8.14   1   b30     0  CHARGE, BRK-B30, REST-0
    26     CS   18.108   406.1   0.17   6.76   8.57   0     0     0  BRK-0, REST-0
    27   CUST   18.487   362.7   0.55   7.14   8.95   0     0    r2  BRK-0, REST-R2
    28     CS   28.393   315.8   0.41   0.41   0.41   0     0     0  BRK-0, REST-0
    29     CS   28.625   289.2   0.64   0.64   0.64   0     0     0  BRK-0, REST-0
    30     CS   28.858   262.6   0.87   0.87   0.87   0     0     0  BRK-0, REST-0
    31     CS   29.191   240.4   1.20   1.20   1.20   0     0     0  BRK-0, REST-0
    32     CS   29.456   214.8   1.47   1.47   1.47   0     0     0  BRK-0, REST-0
    33     CS   29.732   189.9   1.74   1.74   1.74   0     0     0  BRK-0, REST-0
    34     CS   30.022   163.2   2.03   2.03   2.03   0     0     0  BRK-0, REST-0
    35     CS   30.273   133.2   2.29   2.29   2.29   0     0     0  BRK-0, REST-0
    36     CS   30.533   104.2   2.55   2.55   2.55   1   b45     0  CHARGE, BRK-B45, REST-0
    37     CS   31.865   366.8   0.26   2.80   3.05   0     0     0  BRK-0, REST-0
    38     CS   32.136   341.5   0.53   3.07   3.32   0     0     0  BRK-0, REST-0
    39     CS   32.405   311.7   0.79   3.34   3.59   0     0     0  BRK-0, REST-0
    40     CS   32.679   282.4   1.07   3.61   3.87   0     0     0  BRK-0, REST-0
    41     CS   32.942   252.0   1.33   3.88   4.13   1   b15     0  CHARGE, BRK-B15, REST-0
    42     CS   33.670   397.2   1.56   4.11   4.61   0     0     0  BRK-0, REST-0
    43     CS   33.891   373.2   1.78   4.33   4.83   0     0     0  BRK-0, REST-0
    44     CS   34.110   349.1   2.00   4.55   5.05   0     0     0  BRK-0, REST-0
    45     CS   34.385   319.0   2.28   4.82   5.32   0     0     0  BRK-0, REST-0
    46     CS   34.655   288.5   2.55   5.09   5.59   0     0     0  BRK-0, REST-0
  RshortCfewTtight_19__pmix: duration None h  infeasible=False  tw=0  13 min
