
Gurobi 9.5.2 (linux64) logging started Thu Aug 13 01:21:38 2026

Set parameter LogFile to value "/mnt/beegfs/users/celinep/ChargeAndBreak/logs/oracle_RmediumCmanyTtight_14__kwh300_gurobi.log"
Gurobi Optimizer version 9.5.2 build v9.5.2rc0 (linux64)
Thread count: 16 physical cores, 32 logical processors, using up to 32 threads
Optimize a model with 5444 rows, 2866 columns and 63153 nonzeros
Model fingerprint: 0xfe4401ab
Variable types: 1807 continuous, 1059 integer (1059 binary)
Coefficient statistics:
  Matrix range     [4e-02, 1e+03]
  Objective range  [5e-01, 1e+00]
  Bounds range     [1e+00, 4e+01]
  RHS range        [2e-02, 3e+02]

User MIP start did not produce a new incumbent solution

Presolve removed 1874 rows and 668 columns
Presolve time: 0.62s
Presolved: 3570 rows, 2198 columns, 53028 nonzeros
Variable types: 1308 continuous, 890 integer (890 binary)
Found heuristic solution: objective 1147.8216628
Found heuristic solution: objective 793.2684853
Root relaxation presolve removed 134 rows and 44 columns
Root relaxation presolved: 3436 rows, 2154 columns, 31294 nonzeros


Root relaxation: objective 6.673148e+01, 2654 iterations, 0.48 seconds (0.25 work units)
Another try with MIP start

    Nodes    |    Current Node    |     Objective Bounds      |     Work
 Expl Unexpl |  Obj  Depth IntInf | Incumbent    BestBd   Gap | It/Node Time

H    0     0                      78.9590836   66.73148  15.5%     -    3s
     0     0   66.73148    0  137   78.95908   66.73148  15.5%     -    3s
     0     0   68.30885    0  109   78.95908   68.30885  13.5%     -    4s
     0     0   68.32176    0  107   78.95908   68.32176  13.5%     -    4s
     0     0   68.32324    0  107   78.95908   68.32324  13.5%     -    4s
     0     0   68.32352    0  108   78.95908   68.32352  13.5%     -    4s
     0     0   68.53089    0  173   78.95908   68.53089  13.2%     -    5s
     0     0   68.53111    0  168   78.95908   68.53111  13.2%     -    5s
     0     0   68.61155    0  137   78.95908   68.61155  13.1%     -    5s
     0     0   68.61510    0  170   78.95908   68.61510  13.1%     -    5s
     0     0   68.63092    0  171   78.95908   68.63092  13.1%     -    5s
     0     0   68.63240    0  173   78.95908   68.63240  13.1%     -    5s
     0     0   68.63240    0  171   78.95908   68.63240  13.1%     -    5s
     0     0   68.82088    0  193   78.95908   68.82088  12.8%     -    7s
     0     0   68.84213    0  212   78.95908   68.84213  12.8%     -    7s
     0     0   68.84273    0  210   78.95908   68.84273  12.8%     -    7s
     0     0   68.84378    0  218   78.95908   68.84378  12.8%     -    7s
     0     0   68.84379    0  218   78.95908   68.84379  12.8%     -    7s
     0     0   68.88466    0  239   78.95908   68.88466  12.8%     -    8s
     0     0   68.89854    0  242   78.95908   68.89854  12.7%     -    8s
     0     0   68.90015    0  246   78.95908   68.90015  12.7%     -    8s
     0     0   68.90118    0  244   78.95908   68.90118  12.7%     -    8s
     0     0   68.90120    0  244   78.95908   68.90120  12.7%     -    8s
     0     0   68.99013    0  263   78.95908   68.99013  12.6%     -    9s
     0     0   69.00064    0  280   78.95908   69.00064  12.6%     -   10s
     0     0   69.00095    0  279   78.95908   69.00095  12.6%     -   10s
     0     0   69.01372    0  247   78.95908   69.01372  12.6%     -   11s
     0     0   69.01584    0  230   78.95908   69.01584  12.6%     -   11s
     0     0   69.01607    0  248   78.95908   69.01607  12.6%     -   11s
     0     0   69.02921    0  243   78.95908   69.02921  12.6%     -   12s
     0     0   69.03500    0  245   78.95908   69.03500  12.6%     -   12s
     0     0   69.03517    0  243   78.95908   69.03517  12.6%     -   12s
     0     0   69.05472    0  223   78.95908   69.05472  12.5%     -   13s
     0     0   69.05723    0  227   78.95908   69.05723  12.5%     -   13s
     0     0   69.05724    0  227   78.95908   69.05724  12.5%     -   13s
     0     0   69.09582    0  222   78.95908   69.09582  12.5%     -   14s
     0     0   69.09725    0  220   78.95908   69.09725  12.5%     -   14s
     0     0   69.09727    0  224   78.95908   69.09727  12.5%     -   14s
     0     0   69.12765    0  206   78.95908   69.12765  12.5%     -   16s
     0     0   69.12765    0  209   78.95908   69.12765  12.5%     -   16s
     0     0   69.13606    0  226   78.95908   69.13606  12.4%     -   17s
     0     0   69.13606    0  232   78.95908   69.13606  12.4%     -   17s
     0     0   69.15146    0  222   78.95908   69.15146  12.4%     -   19s
     0     0   69.15333    0  206   78.95908   69.15333  12.4%     -   20s
     0     2   69.15333    0  198   78.95908   69.15333  12.4%     -   21s
H   75    75                      78.6511599   69.41897  11.7%   248   25s
H  133   100                      78.4094811   69.49450  11.4%   216   27s
   625   389   69.75507   49  191   78.40948   69.75507  11.0%  87.0   30s
  2007  1076     cutoff   77        78.40948   69.98788  10.7%  43.8   35s
H 2701  1229                      78.3714406   70.05095  10.6%  36.9   38s
H 2711  1223                      78.2242989   70.05095  10.4%  36.9   38s
  2769  1291   70.06800   43   99   78.22430   70.06800  10.4%  36.6   40s
H 2809  1291                      78.2242978   70.06934  10.4%  36.3   40s
H 2902  1291                      78.1835889   70.06934  10.4%  35.7   40s
H 4329  1890                      78.0964732   70.21676  10.1%  31.0   44s
  4330  1891   71.02197   40  206   78.09647   70.21676  10.1%  31.0   47s
  4333  1893   71.23358   30  142   78.09647   70.21676  10.1%  31.0   51s
  4337  1896   71.02197   40  211   78.09647   70.21676  10.1%  30.9   55s
  4340  1898   76.51826   19  193   78.09647   70.21676  10.1%  30.9   60s
  4343  1900   71.06293   53  191   78.09647   70.21676  10.1%  30.9   65s
  4346  1902   71.37112   68  186   78.09647   70.21676  10.1%  30.9   70s
  4349  1904   71.81194   14  232   78.09647   70.21676  10.1%  30.8   76s
H 4349  1808                      78.0312265   70.21676  10.0%  30.8   77s
  4351  1812   70.21676   10  214   78.03123   70.21676  10.0%  33.4   82s
  4364  1830   70.21676   13  162   78.03123   70.21676  10.0%  34.8   85s
H 4426  1766                      78.0071188   70.21676  10.0%  37.7   86s
H 4428  1679                      77.8502555   70.21676  9.81%  37.8   86s
H 4491  1617                      77.8502544   70.21676  9.81%  40.1   87s
  4578  1691   70.21676   25  219   77.85025   70.21676  9.81%  42.4   90s
  5384  2118   70.33570   31  115   77.85025   70.21676  9.81%  52.6   95s
  6004  2541   70.21818   34  171   77.85025   70.21676  9.81%  54.8  100s
  7165  3057   70.21676   31  146   77.85025   70.21676  9.81%  53.3  105s
 10367  4890   70.33398   35   47   77.85025   70.23014  9.79%  49.5  110s
 13352  6736     cutoff   41        77.85025   70.28102  9.72%  46.8  117s
 15020  8492     cutoff   30        77.85025   70.30957  9.69%  45.5  120s
 18260 10158   70.79480   35   88   77.85025   70.34179  9.64%  43.2  126s
 20759 12104   70.93083   31   85   77.85025   70.37132  9.61%  42.3  131s
 24075 14708   72.39083   38   81   77.85025   70.40188  9.57%  41.2  135s
 28571 17388   71.50226   35  103   77.85025   70.45235  9.50%  40.2  140s
 32154 19688     cutoff   63        77.85025   70.49618  9.45%  39.8  146s
 34806 22090 infeasible   41        77.85025   70.55147  9.38%  39.6  150s
 39053 24786   70.66361   44   72   77.85025   70.62070  9.29%  38.6  155s
 45481 29126 infeasible   40        77.85025   70.71898  9.16%  37.4  161s
 50073 32698     cutoff   44        77.85025   70.78283  9.08%  36.6  165s
 54091 35388   71.17162   72   35   77.85025   70.82379  9.03%  36.3  171s
 59279 37903   71.01003   38   75   77.85025   70.85960  8.98%  35.6  176s
 62431 40658   70.87342   40   69   77.85025   70.87342  8.96%  35.2  180s
 66652 43523   71.90225   41   92   77.85025   70.89617  8.93%  34.8  186s
 69282 44820     cutoff   50        77.85025   70.90909  8.92%  34.5  190s
 75291 47761     cutoff   52        77.85025   70.92835  8.89%  33.9  195s
 80414 50779     cutoff   58        77.85025   70.94805  8.87%  33.5  200s
 84058 53489 infeasible   74        77.85025   70.96178  8.85%  33.4  205s
 88621 55976   71.13492   44   69   77.85025   70.97813  8.83%  33.1  210s
 92354 58707   71.23960   47  102   77.85025   70.99189  8.81%  33.1  215s
H94385 58867                      77.6886558   71.00157  8.61%  33.0  217s
 96493 60086     cutoff   36        77.68866   71.00743  8.60%  33.0  222s
 97675 61896 infeasible   45        77.68866   71.01421  8.59%  33.0  225s
 103576 64783     cutoff   40        77.68866   71.02868  8.57%  32.9  231s
 106649 67521   71.38272   48   99   77.68866   71.03810  8.56%  32.8  236s
 111420 69747     cutoff   56        77.68866   71.05304  8.54%  32.7  240s
 116126 72629     cutoff   51        77.68866   71.06749  8.52%  32.7  246s
 121189 75297     cutoff   45        77.68866   71.08144  8.50%  32.6  251s
H123549 75695                      77.6886554   71.08660  8.50%  32.5  253s
 124171 77204     cutoff   58        77.68866   71.08816  8.50%  32.5  255s
 127948 79250   71.48199   37   99   77.68866   71.09749  8.48%  32.4  260s
 133410 82099     cutoff   52        77.68866   71.10941  8.47%  32.4  265s
 138650 85495 infeasible   48        77.68866   71.11988  8.46%  32.3  271s
 141964 87152 infeasible   38        77.68866   71.12696  8.45%  32.3  275s
 148607 90519   71.21594   43   61   77.68866   71.13823  8.43%  32.1  282s
 149671 93125   71.53456   61  110   77.68866   71.14036  8.43%  32.1  287s
 154259 94524   71.17063   40   66   77.68866   71.14716  8.42%  32.0  290s
 159465 96229   71.19356   55   36   77.68866   71.15742  8.41%  31.9  295s
H161529 97304                      77.6886547   71.16438  8.40%  31.9  298s
 162232 98606 infeasible   51        77.68865   71.16638  8.40%  31.9  301s
 167197 100683     cutoff   51        77.68865   71.17318  8.39%  31.8  305s
 170579 102490   71.26437   47   33   77.68865   71.18022  8.38%  31.8  310s
 175745 105499   71.28251   72   67   77.68865   71.18700  8.37%  31.8  315s
 179949 107525   71.44227   52   68   77.68865   71.19761  8.36%  31.7  320s
 183367 109925     cutoff   57        77.68865   71.20431  8.35%  31.8  325s
 188275 112661   71.44958   49   60   77.68865   71.21412  8.33%  31.8  331s
 193401 115755     cutoff   48        77.68865   71.22076  8.33%  31.7  336s
 196548 117454   71.89070   45   80   77.68865   71.22721  8.32%  31.8  341s
 200676 119481   71.25870   46  112   77.68865   71.23345  8.31%  31.8  346s
 204108 121458     cutoff   52        77.68865   71.23922  8.30%  31.8  351s
 208683 123652   71.71363   38  106   77.68865   71.24459  8.29%  31.8  356s
 211989 125478   71.25013   43   39   77.68865   71.25013  8.29%  31.8  361s
 216562 128212   71.25600   54   58   77.68865   71.25600  8.28%  31.8  366s
 219698 129937   71.45631   50   83   77.68865   71.26096  8.27%  31.9  370s
 222978 131661     cutoff   45        77.68865   71.26650  8.27%  31.9  375s
 228959 134764   71.93054   45   93   77.68865   71.27613  8.25%  32.0  382s
 233282 137146     cutoff   62        77.68865   71.28218  8.25%  32.1  386s
 235331 137730   71.48171   45   68   77.68865   71.28536  8.24%  32.1  390s
 240106 140536     cutoff   63        77.68865   71.29365  8.23%  32.3  397s
 243543 142231   71.41981   37  109   77.68865   71.30016  8.22%  32.5  402s
 245993 143126     cutoff   43        77.68865   71.30451  8.22%  32.6  406s
 249133 144887   72.25424   56   78   77.68865   71.31072  8.21%  32.7  412s
 252024 146026   71.81972   40   85   77.68865   71.31445  8.20%  32.8  416s
 256305 147622   71.64643   38   95   77.68865   71.32030  8.20%  32.9  422s
 258047 148797   72.99507   49   87   77.68865   71.32406  8.19%  32.9  425s
 262765 150486     cutoff   58        77.68865   71.33027  8.18%  33.1  431s
 266439 151748   71.33736   41   43   77.68865   71.33736  8.18%  33.2  440s
 270332 153184   72.05542   43   49   77.68865   71.34122  8.17%  33.3  447s
 271716 154561   71.81193   51   60   77.68865   71.34438  8.17%  33.3  451s
 277083 156380 infeasible   46        77.68865   71.35223  8.16%  33.5  457s
 278596 156996     cutoff   50        77.68865   71.35505  8.15%  33.5  460s
 280046 159160   71.54813   45   58   77.68865   71.35861  8.15%  33.6  465s
 286681 160933   71.40569   59  105   77.68865   71.36919  8.13%  33.7  472s
 290439 163214   72.00223   56   81   77.68865   71.37634  8.13%  33.9  478s
 292972 164168     cutoff   57        77.68865   71.37941  8.12%  34.0  480s
 296583 165885   71.88451   64   71   77.68865   71.38732  8.11%  34.0  487s
 300959 167856     cutoff   75        77.68865   71.39537  8.10%  34.2  492s
 303348 168239   72.63314   48  107   77.68865   71.39958  8.10%  34.2  496s
 304640 169341   72.14574   54   55   77.68865   71.40165  8.09%  34.3  500s
 309042 171025   71.67114   44   67   77.68865   71.40986  8.08%  34.4  505s
 312962 173287     cutoff   41        77.68865   71.41559  8.07%  34.5  511s
 316442 175025   71.42183   48   25   77.68865   71.42183  8.07%  34.7  517s
 319089 176106     cutoff   57        77.68865   71.42745  8.06%  34.7  520s
 323305 177410   74.90661   42   89   77.68865   71.43467  8.05%  34.8  526s
 327897 179434     cutoff   52        77.68865   71.44232  8.04%  34.9  532s
 329285 180492     cutoff   64        77.68865   71.44602  8.04%  35.0  535s
 333141 182131     cutoff   41        77.68865   71.45237  8.03%  35.1  540s
 338126 183665   71.82622   66   85   77.68865   71.46132  8.02%  35.2  546s
 341577 185637   71.95810   45   42   77.68865   71.46720  8.01%  35.3  553s
 343764 186054     cutoff   49        77.68865   71.47105  8.00%  35.4  556s
 344956 187977   71.65420   60   33   77.68865   71.47416  8.00%  35.4  561s
 348686 188561     cutoff   47        77.68865   71.47994  7.99%  35.5  565s
 353074 190880   71.64633   44  153   77.68865   71.48710  7.98%  35.6  573s
 355621 191467 infeasible   51        77.68865   71.49204  7.98%  35.6  577s
 356818 192461     cutoff   52        77.68865   71.49505  7.97%  35.7  581s
 359032 193486   71.83591   46  101   77.68865   71.49769  7.97%  35.7  585s
 362996 195234     cutoff   52        77.68865   71.50576  7.96%  35.8  592s
 365674 196163     cutoff   64        77.68865   71.50967  7.95%  35.9  597s
 367728 196995   71.98422   37   63   77.68865   71.51356  7.95%  35.9  600s
 371191 198542     cutoff   38        77.68865   71.51918  7.94%  36.0  607s
 373606 199142   72.25926   54   87   77.68865   71.52360  7.94%  36.1  610s
 378145 201594     cutoff   55        77.68865   71.53086  7.93%  36.1  616s
 382421 202809 infeasible   60        77.68865   71.53686  7.92%  36.2  622s
 383921 203965   71.70202   42   82   77.68865   71.54028  7.91%  36.3  625s
 387994 205899   71.88681   52   30   77.68865   71.54727  7.91%  36.4  634s
 392028 206984     cutoff   50        77.68865   71.55255  7.90%  36.4  638s
 394885 207489   71.63204   56   74   77.68865   71.55676  7.89%  36.5  641s
 396375 208732 infeasible   45        77.68865   71.55948  7.89%  36.5  645s
 399048 209593   71.57825   68   49   77.68865   71.56316  7.88%  36.5  650s
 402482 211483     cutoff   55        77.68865   71.56876  7.88%  36.6  658s
 405424 212579   71.81536   48   30   77.68865   71.57266  7.87%  36.7  662s
 408105 213434   72.05146   43   85   77.68865   71.57704  7.87%  36.7  666s
 410398 213962     cutoff   50        77.68865   71.58030  7.86%  36.8  670s
 414943 215930     cutoff   50        77.68865   71.58715  7.85%  36.8  678s
 416753 217060     cutoff   44        77.68865   71.59010  7.85%  36.8  682s
 419632 217761   71.59404   53   72   77.68865   71.59404  7.84%  36.9  686s
 421403 218624   72.09090   46   83   77.68865   71.59780  7.84%  36.9  690s
 425086 220496   72.65613   58  122   77.68865   71.60402  7.83%  36.9  698s
 427957 221742   72.31855   46   78   77.68865   71.60805  7.83%  37.0  702s
 430791 222249 infeasible   41        77.68865   71.61115  7.82%  37.0  706s
 432123 224018 infeasible   72        77.68865   71.61358  7.82%  37.0  711s
 436299 224542   71.88484   56   40   77.68865   71.61940  7.81%  37.0  715s
 440703 226856   71.63927   44  102   77.68865   71.62547  7.80%  37.1  722s
 443353 227527   72.65958   49  100   77.68865   71.62886  7.80%  37.1  725s
 447735 230013   76.69293   45   77   77.68865   71.63494  7.79%  37.2  731s
 451379 230618 infeasible   58        77.68865   71.63936  7.79%  37.2  735s
 453986 232652 infeasible   62        77.68865   71.64430  7.78%  37.2  742s
 459009 234326 infeasible   72        77.68865   71.64987  7.77%  37.2  748s
 460533 235545     cutoff   53        77.68865   71.65202  7.77%  37.3  751s
 463177 236217     cutoff   57        77.68865   71.65546  7.77%  37.3  755s
 466410 238324     cutoff   60        77.68865   71.65993  7.76%  37.3  761s
 469485 238908   71.83399   48  112   77.68865   71.66293  7.76%  37.3  765s
 473811 241137     cutoff   43        77.68865   71.66876  7.75%  37.3  772s
 476286 241868     cutoff   48        77.68865   71.67223  7.74%  37.3  775s
 480581 243995   71.94582   56   26   77.68865   71.67684  7.74%  37.4  782s
 483461 244549     cutoff   49        77.68865   71.68118  7.73%  37.4  785s
 487768 246506   71.96445   50   60   77.68865   71.68645  7.73%  37.5  794s
 490033 247169   72.45044   50   54   77.68865   71.68936  7.72%  37.5  797s
 491724 248147   72.46066   60   65   77.68865   71.69147  7.72%  37.5  802s
 494041 249511     cutoff   51        77.68865   71.69453  7.72%  37.5  805s
 498659 252041     cutoff   62        77.68865   71.69983  7.71%  37.6  814s
 503099 252598 infeasible   44        77.68865   71.70401  7.70%  37.6  817s
 504489 253761   71.71544   45   89   77.68865   71.70677  7.70%  37.6  821s
 507555 254882     cutoff   53        77.68865   71.71020  7.70%  37.6  825s
 511878 256337 infeasible   53        77.68865   71.71622  7.69%  37.6  832s
 514086 257515     cutoff   42        77.68865   71.71864  7.68%  37.6  835s
 519832 259445     cutoff   62        77.68865   71.72522  7.68%  37.7  842s
 521349 261115     cutoff   56        77.68865   71.72735  7.67%  37.7  847s
 525271 262372     cutoff   49        77.68865   71.73125  7.67%  37.7  851s
 529696 264422     cutoff   59        77.68865   71.73629  7.66%  37.7  858s
 532746 265681   72.11466   60   59   77.68865   71.73987  7.66%  37.7  861s
 535464 266892     cutoff   57        77.68865   71.74219  7.65%  37.8  865s
 539447 268455 infeasible   31        77.68865   71.74664  7.65%  37.8  871s
 542238 269084   72.29477   43   92   77.68865   71.74943  7.64%  37.8  875s
 543764 270750   73.18430   50  130   77.68865   71.75184  7.64%  37.8  880s
 550658 272957   71.76331   52   40   77.68865   71.75876  7.63%  37.8  887s
 552364 273975   71.90982   50   32   77.68865   71.76107  7.63%  37.9  891s
 557774 275741 infeasible   61        77.68865   71.76655  7.62%  37.9  898s
 559199 277080 infeasible   76        77.68865   71.76926  7.62%  37.9  901s
 564989 279005     cutoff   74        77.68865   71.77501  7.61%  37.9  908s
 566368 280881   72.24309   69   36   77.68865   71.77688  7.61%  38.0  913s
 570861 281918     cutoff   54        77.68865   71.78114  7.60%  38.0  917s
 573436 282423   71.88467   46  114   77.68865   71.78353  7.60%  38.0  920s
 577924 284822     cutoff   53        77.68865   71.78792  7.60%  38.0  927s
 580910 285330   72.12846   59  131   77.68865   71.79114  7.59%  38.0  930s
 585234 287538   72.14971   46   15   77.68865   71.79621  7.58%  38.0  937s
 587783 288269 infeasible   84        77.68865   71.79886  7.58%  38.1  941s
 589552 289034 infeasible   48        77.68865   71.80099  7.58%  38.1  945s
 595397 291369     cutoff   65        77.68865   71.80677  7.57%  38.1  954s
 597274 292138   71.92218   37   98   77.68865   71.80874  7.57%  38.1  958s
 599034 293607   71.94936   50   27   77.68865   71.81069  7.57%  38.2  962s
 602450 294870     cutoff   52        77.68865   71.81415  7.56%  38.2  966s
 607483 296716     cutoff   57        77.68865   71.82007  7.55%  38.2  974s
 610512 297095   72.30518   49  132   77.68865   71.82312  7.55%  38.2  977s
 611842 298876   72.60567   50  128   77.68865   71.82488  7.55%  38.3  983s
 616359 299476     cutoff   59        77.68865   71.82943  7.54%  38.3  986s
 617957 300667     cutoff   59        77.68865   71.83114  7.54%  38.3  990s
 623966 302438 infeasible   52        77.68865   71.83738  7.53%  38.3  997s
 625446 303458     cutoff   49        77.68865   71.83939  7.53%  38.3 1001s
 629746 305253   73.00660   62   84   77.68865   71.84336  7.52%  38.4 1009s
 632657 305753   76.57401   41   97   77.68865   71.84650  7.52%  38.4 1013s
 634100 307212     cutoff   64        77.68865   71.84842  7.52%  38.4 1017s
 637865 307944   74.77310   36   71   77.68865   71.85285  7.51%  38.5 1021s
 639978 308846     cutoff   69        77.68865   71.85511  7.51%  38.5 1025s
 644236 310643   72.53652   50   27   77.68865   71.85957  7.50%  38.6 1033s
 647436 311494     cutoff   54        77.68865   71.86313  7.50%  38.6 1037s
 650074 312035   74.68984   40   90   77.68865   71.86632  7.49%  38.6 1040s
 651892 313321 infeasible   40        77.68865   71.86886  7.49%  38.6 1045s
 655138 314137   71.90860   48   81   77.68865   71.87294  7.49%  38.6 1050s
 658977 315889   72.16089   61   60   77.68865   71.87768  7.48%  38.6 1058s
 662156 316854     cutoff   40        77.68865   71.88071  7.48%  38.7 1062s
 665067 317533   72.37084   50  103   77.68865   71.88386  7.47%  38.7 1066s
 667179 318487     cutoff   66        77.68865   71.88656  7.47%  38.8 1070s
 671463 320048 infeasible   58        77.68865   71.89159  7.46%  38.8 1077s
 674588 320576   72.79897   67  105   77.68865   71.89458  7.46%  38.8 1081s
 676282 321248   71.90862   45   55   77.68865   71.89712  7.45%  38.9 1085s
 680999 323063     cutoff   59        77.68865   71.90252  7.45%  38.9 1092s
 683285 323625 infeasible   73        77.68865   71.90424  7.45%  38.9 1096s
 685030 324478   72.18409   61  119   77.68865   71.90671  7.44%  39.0 1100s
 690524 325982     cutoff   52        77.68865   71.91332  7.43%  39.0 1107s
 691827 326915   72.12623   56  129   77.68865   71.91495  7.43%  39.0 1111s
 697026 328199     cutoff   65        77.68865   71.92077  7.42%  39.1 1117s
 698475 329897     cutoff   51        77.68865   71.92324  7.42%  39.2 1123s
 702767 330328 infeasible   77        77.68865   71.92706  7.42%  39.2 1127s
 704189 331181   72.24504   50  124   77.68865   71.92910  7.41%  39.2 1131s
 706778 331698 infeasible   76        77.68865   71.93212  7.41%  39.3 1135s
 711772 333337   71.98041   50   68   77.68865   71.93759  7.40%  39.4 1144s
 713355 333964   72.18185   51   94   77.68865   71.93960  7.40%  39.4 1148s
 715304 335137     cutoff   59        77.68865   71.94202  7.40%  39.4 1152s
 718587 335856   72.24427   37  153   77.68865   71.94616  7.39%  39.5 1156s
 720698 336322 infeasible   49        77.68865   71.94831  7.39%  39.5 1160s
 726139 338385     cutoff   53        77.68865   71.95410  7.38%  39.5 1168s
 728429 338886     cutoff   67        77.68865   71.95741  7.38%  39.6 1171s
 730188 339755   72.89840   54   88   77.68865   71.95937  7.37%  39.6 1176s
 733234 340762     cutoff   52        77.68865   71.96258  7.37%  39.6 1180s
 737734 342404     cutoff   45        77.68865   71.96765  7.36%  39.7 1188s
 740756 343112 infeasible   64        77.68865   71.97025  7.36%  39.7 1192s
 743005 343494     cutoff   60        77.68865   71.97336  7.36%  39.7 1195s
 744387 344610   72.09490   60   57   77.68865   71.97486  7.35%  39.7 1200s
 749471 346081 infeasible   63        77.68865   71.98048  7.35%  39.8 1208s
 752422 346982     cutoff   53        77.68865   71.98402  7.34%  39.8 1213s
 755154 347433     cutoff   54        77.68865   71.98757  7.34%  39.8 1216s
 756705 348373 infeasible   47        77.68865   71.98923  7.34%  39.8 1221s
 759808 348757     cutoff   46        77.68865   71.99134  7.33%  39.9 1225s
 764276 350770     cutoff   52        77.68865   71.99716  7.33%  39.9 1233s
 766654 351131   72.76294   48   74   77.68865   71.99929  7.32%  39.9 1237s
 768100 352064   73.04830   59   60   77.68865   72.00163  7.32%  39.9 1241s
 771023 352535 infeasible   60        77.68865   72.00350  7.32%  40.0 1245s
 775996 354088     cutoff   49        77.68865   72.00979  7.31%  40.0 1253s
 778692 355021     cutoff   63        77.68865   72.01356  7.30%  40.0 1257s
 781665 355303 infeasible   47        77.68865   72.01674  7.30%  40.1 1261s
 783196 356296   72.56049   54   91   77.68865   72.01981  7.30%  40.1 1265s
 786218 356709     cutoff   65        77.68865   72.02269  7.29%  40.1 1270s
 787804 358285   74.28453   59   62   77.68865   72.02448  7.29%  40.1 1277s
 792133 358586 infeasible   43        77.68865   72.02901  7.29%  40.1 1281s
 793358 359256     cutoff   55        77.68865   72.03030  7.28%  40.1 1285s
 795864 359709   72.35513   52   35   77.68865   72.03276  7.28%  40.2 1290s
 798681 360885     cutoff   53        77.68865   72.03533  7.28%  40.2 1295s
 801122 361758   72.49659   31  109   77.68865   72.03842  7.27%  40.2 1300s
 805795 362889     cutoff   60        77.68865   72.04440  7.27%  40.3 1308s
 808666 363305     cutoff   69        77.68865   72.04732  7.26%  40.3 1312s
 810138 364572 infeasible   62        77.68865   72.04916  7.26%  40.3 1318s
 814944 365045   72.08799   46   81   77.68865   72.05331  7.25%  40.3 1322s
 816420 365880     cutoff   68        77.68865   72.05472  7.25%  40.3 1327s
 819009 366363     cutoff   77        77.68865   72.05758  7.25%  40.3 1331s
 821772 366770     cutoff   54        77.68865   72.06044  7.24%  40.4 1336s
 823364 367469   73.22641   45   90   77.68865   72.06285  7.24%  40.4 1340s
 826252 367717   72.57783   47   77   77.68865   72.06668  7.24%  40.4 1346s
 827341 368519     cutoff   62        77.68865   72.06780  7.24%  40.4 1351s
 830346 368796 infeasible   49        77.68865   72.07096  7.23%  40.5 1356s
 831746 369820 infeasible   51        77.68865   72.07401  7.23%  40.5 1363s
 836171 370197     cutoff   49        77.68865   72.07850  7.22%  40.5 1367s
 837830 370948   72.25423   55   87   77.68865   72.07999  7.22%  40.5 1372s
 840622 371722   72.26168   51   96   77.68865   72.08325  7.22%  40.5 1378s
 843751 372026 infeasible   56        77.68865   72.08734  7.21%  40.6 1382s
 845547 372717   72.97071   49  117   77.68865   72.08980  7.21%  40.6 1387s
 848384 373550     cutoff   57        77.68865   72.09336  7.20%  40.6 1392s
 851387 373917     cutoff   45        77.68865   72.09696  7.20%  40.6 1397s
 852728 375430   72.41345   61   67   77.68865   72.09897  7.19%  40.6 1403s
 857834 375764     cutoff   53        77.68865   72.10365  7.19%  40.7 1407s
 859372 376526 infeasible   53        77.68865   72.10442  7.19%  40.7 1412s
 862388 376932   72.58406   56   71   77.68865   72.10803  7.18%  40.7 1417s
 864245 377603 infeasible   65        77.68865   72.11005  7.18%  40.7 1422s
 867333 378382     cutoff   58        77.68865   72.11342  7.18%  40.7 1428s
 870579 378791     cutoff   46        77.68865   72.11803  7.17%  40.8 1432s
 872321 379286 infeasible   51        77.68865   72.11968  7.17%  40.8 1437s
 874664 380034   72.16143   45   87   77.68865   72.12230  7.16%  40.8 1442s
 877758 380435   72.18531   46   58   77.68865   72.12671  7.16%  40.9 1446s
 879546 381295     cutoff   58        77.68865   72.12916  7.16%  40.9 1451s
 882677 381943     cutoff   53        77.68865   72.13294  7.15%  40.9 1455s
 885780 382298   72.62404   74   55   77.68865   72.13710  7.15%  40.9 1460s
 887499 383119     cutoff   62        77.68865   72.13894  7.14%  41.0 1465s
 890758 383298     cutoff   55        77.68865   72.14321  7.14%  41.0 1470s
 895864 384586     cutoff   46        77.68865   72.15062  7.13%  41.0 1479s
 897820 385065 infeasible   57        77.68865   72.15293  7.13%  41.1 1484s
 900299 385821   73.27221   51   98   77.68865   72.15606  7.12%  41.1 1491s
 904258 386321     cutoff   55        77.68865   72.15957  7.12%  41.1 1495s
 907095 386648     cutoff   74        77.68865   72.16318  7.11%  41.1 1501s
 909361 387315 infeasible   56        77.68865   72.16619  7.11%  41.1 1507s
 912663 387975     cutoff   59        77.68865   72.17112  7.10%  41.2 1512s
 915294 388241   72.51674   51   80   77.68865   72.17348  7.10%  41.2 1516s
 917331 388749     cutoff   52        77.68865   72.17788  7.09%  41.2 1521s
 919925 389057     cutoff   46        77.68865   72.18124  7.09%  41.2 1525s
 921920 389599     cutoff   53        77.68865   72.18321  7.09%  41.2 1530s
 925350 390161     cutoff   53        77.68865   72.18690  7.08%  41.2 1535s
 930234 391088 infeasible   52        77.68865   72.19456  7.07%  41.3 1544s
 933328 391377     cutoff   39        77.68865   72.19718  7.07%  41.3 1548s
 935145 391925     cutoff   51        77.68865   72.20076  7.06%  41.3 1552s
 938431 392425 infeasible   66        77.68865   72.20584  7.06%  41.4 1557s
 941016 392739   76.34233   55   25   77.68865   72.20862  7.05%  41.4 1561s
 942959 393359 infeasible   74        77.68865   72.20999  7.05%  41.4 1566s
 946354 393765   73.81666   54  143   77.68865   72.21587  7.04%  41.4 1571s
 948834 394401     cutoff   46        77.68865   72.21893  7.04%  41.4 1576s
 951819 394608     cutoff   55        77.68865   72.22278  7.04%  41.4 1582s
 953482 395481     cutoff   55        77.68865   72.22473  7.03%  41.5 1588s
 957453 395972     cutoff   65        77.68865   72.22913  7.03%  41.5 1594s
 959836 396545     cutoff   51        77.68865   72.23222  7.02%  41.5 1598s
 962489 397243     cutoff   64        77.68865   72.23511  7.02%  41.5 1602s
 965501 397585   72.32516   67   63   77.68865   72.23934  7.01%  41.5 1607s
 967607 398248     cutoff   59        77.68865   72.24245  7.01%  41.5 1613s
 970946 398727 infeasible   74        77.68865   72.24576  7.01%  41.6 1618s
 973519 399103     cutoff   60        77.68865   72.24905  7.00%  41.6 1623s
 975652 399943   72.89036   46   62   77.68865   72.25194  7.00%  41.6 1628s
 979516 400401   72.27947   46   54   77.68865   72.25612  6.99%  41.6 1633s
 982208 400707   73.01418   40  127   77.68865   72.25984  6.99%  41.6 1638s
 983894 401735   73.47065   65   96   77.68865   72.26238  6.98%  41.7 1645s
 988921 402370     cutoff   62        77.68865   72.26776  6.98%  41.7 1650s
 991848 402757   73.26374   51   74   77.68865   72.26990  6.97%  41.7 1655s
 993982 403439 infeasible   59        77.68865   72.27260  6.97%  41.7 1660s
 997649 403961     cutoff   50        77.68865   72.27749  6.97%  41.7 1665s
 1000808 404263     cutoff   54        77.68865   72.28048  6.96%  41.7 1670s
 1005475 405134     cutoff   50        77.68865   72.28663  6.95%  41.8 1679s
 1007311 405701   75.92068   59   94   77.68865   72.28880  6.95%  41.8 1684s
 1010634 406465   73.47020   44   77   77.68865   72.29273  6.95%  41.8 1688s
 1014323 406698     cutoff   56        77.68865   72.29680  6.94%  41.8 1693s
 1016309 407323     cutoff   51        77.68865   72.29933  6.94%  41.9 1698s
 1019682 407625     cutoff   54        77.68865   72.30313  6.93%  41.9 1703s
 1021762 408346     cutoff   49        77.68865   72.30660  6.93%  41.9 1708s
 1025129 408656     cutoff   59        77.68865   72.31034  6.92%  41.9 1712s
 1027002 409374     cutoff   55        77.68865   72.31255  6.92%  41.9 1719s
 1031470 409710 infeasible   54        77.68865   72.31802  6.91%  41.9 1724s
 1033434 410405     cutoff   43        77.68865   72.31899  6.91%  42.0 1729s
 1037167 410841     cutoff   40        77.68865   72.32430  6.90%  42.0 1734s
 1039295 411513     cutoff   53        77.68865   72.32504  6.90%  42.0 1739s
 1042546 412314   73.28000   63   28   77.68865   72.33016  6.90%  42.0 1744s
 1045536 412602     cutoff   44        77.68865   72.33380  6.89%  42.1 1749s
 1047425 413645     cutoff   72        77.68865   72.33634  6.89%  42.1 1756s
 1052609 413859 infeasible   49        77.68865   72.34181  6.88%  42.1 1761s
 1054488 414011 infeasible   92        77.68865   72.34463  6.88%  42.1 1766s
 1057114 414041     cutoff   38        77.68865   72.34831  6.87%  42.1 1771s
 1059300 414632     cutoff   47        77.68865   72.35103  6.87%  42.2 1777s
 1063023 415228     cutoff   56        77.68865   72.35612  6.86%  42.2 1782s
 1066557 415281   73.50415   50   97   77.68865   72.36112  6.86%  42.2 1787s
 1068450 416037     cutoff   43        77.68865   72.36310  6.85%  42.2 1793s
 1073255 416342   72.44960   55   78   77.68865   72.36898  6.85%  42.3 1800s
 1075566 416832 infeasible   46        77.68865   72.37198  6.84%  42.3 1806s
 1079639 417258   72.71843   45   75   77.68865   72.37765  6.84%  42.3 1810s
 1081914 417980     cutoff   59        77.68865   72.37997  6.83%  42.3 1816s
 1085913 418147 infeasible   55        77.68865   72.38534  6.83%  42.4 1822s
 1088142 418529     cutoff   53        77.68865   72.38854  6.82%  42.4 1827s
 1090787 418823 infeasible   70        77.68865   72.39137  6.82%  42.4 1832s
 1092937 419349     cutoff   50        77.68865   72.39430  6.81%  42.4 1839s
 1097112 419650 infeasible   80        77.68865   72.39969  6.81%  42.5 1845s
 1099272 420264 infeasible   54        77.68865   72.40252  6.80%  42.5 1850s
 1103612 420454 infeasible   85        77.68865   72.40802  6.80%  42.5 1855s
 1105813 420865     cutoff   60        77.68865   72.41071  6.79%  42.6 1862s
 1109313 420934     cutoff   71        77.68865   72.41561  6.79%  42.6 1869s
 1110655 421182   76.38694   54   43   77.68865   72.41682  6.79%  42.6 1877s
 1115089 421790     cutoff   47        77.68865   72.42387  6.78%  42.6 1884s
 1120318 422071 infeasible   72        77.68865   72.43035  6.77%  42.7 1891s
 1123940 422253   72.53649   44  102   77.68865   72.43554  6.76%  42.7 1897s
 1126575 422781 infeasible   52        77.68865   72.43828  6.76%  42.7 1903s
 1130597 423031     cutoff   51        77.68865   72.44423  6.75%  42.7 1908s
 1132711 423380     cutoff   49        77.68865   72.44735  6.75%  42.7 1915s
 1136187 423995   76.03631   48  142   77.68865   72.45180  6.74%  42.8 1922s
 1140857 424091     cutoff   56        77.68865   72.45785  6.73%  42.8 1928s
 1143508 424268     cutoff   51        77.68865   72.46128  6.73%  42.8 1934s
 1146678 424383     cutoff   56        77.68865   72.46634  6.72%  42.9 1941s
 1149333 424977     cutoff   61        77.68865   72.46953  6.72%  42.9 1947s
 1153763 425125     cutoff   58        77.68865   72.47556  6.71%  42.9 1953s
 1155804 425468     cutoff   56        77.68865   72.47886  6.71%  42.9 1961s
 1160321 425625     cutoff   74        77.68865   72.48489  6.70%  43.0 1967s
 1163075 425883     cutoff   59        77.68865   72.48823  6.69%  43.0 1972s
 1167012 426165     cutoff   63        77.68865   72.49448  6.69%  43.0 1978s
 1169329 426519     cutoff   61        77.68865   72.49772  6.68%  43.0 1985s
 1173665 426468     cutoff   47        77.68865   72.50314  6.67%  43.1 1990s
 1176150 426624     cutoff   59        77.68865   72.50769  6.67%  43.1 1995s
 1178305 427125 infeasible   59        77.68865   72.51028  6.67%  43.1 2002s
 1183245 427496   72.82368   55  121   77.68865   72.51618  6.66%  43.1 2009s
 1185634 428026     cutoff   60        77.68865   72.51876  6.65%  43.2 2014s
 1189564 428139 infeasible   73        77.68865   72.52357  6.65%  43.2 2020s
 1191653 428321     cutoff   61        77.68865   72.52746  6.64%  43.2 2026s
 1194064 428696     cutoff   57        77.68865   72.53023  6.64%  43.2 2034s
 1197420 428881     cutoff   54        77.68865   72.53524  6.63%  43.3 2038s
 1199575 429608     cutoff   47        77.68865   72.53835  6.63%  43.3 2046s
 1204646 429987     cutoff   53        77.68865   72.54353  6.62%  43.3 2052s
 1207001 430631     cutoff   54        77.68865   72.54734  6.62%  43.3 2058s
 1211319 430642 infeasible   42        77.68865   72.55229  6.61%  43.3 2064s
 1213422 430902     cutoff   55        77.68865   72.55598  6.61%  43.3 2070s
 1216361 431477     cutoff   78        77.68865   72.55834  6.60%  43.4 2076s
 1220482 431673   72.69239   72   29   77.68865   72.56285  6.60%  43.4 2081s
 1222403 432397     cutoff   53        77.68865   72.56660  6.59%  43.4 2089s
 1228576 432612   72.98713   48  119   77.68865   72.57325  6.58%  43.4 2095s
 1230919 432675   72.74304   55   87   77.68865   72.57554  6.58%  43.5 2100s
 1233396 433120 infeasible   53        77.68865   72.57927  6.58%  43.5 2106s
 1237735 433499 infeasible   62        77.68865   72.58495  6.57%  43.5 2113s
 1240397 434178   72.86572   51   71   77.68865   72.58817  6.57%  43.5 2120s
 1245136 434556 infeasible   69        77.68865   72.59326  6.56%  43.5 2125s
 1247331 435477 infeasible   46        77.68865   72.59598  6.56%  43.5 2134s
 1253121 435665 infeasible   53        77.68865   72.60239  6.55%  43.6 2141s
 1254949 435830     cutoff   58        77.68865   72.60406  6.54%  43.6 2148s
 1257668 436069     cutoff   54        77.68865   72.60766  6.54%  43.6 2156s
 1261130 436610     cutoff   80        77.68865   72.61072  6.54%  43.6 2162s
 1265636 436592   74.05361   49   83   77.68865   72.61679  6.53%  43.6 2168s
 1267701 436812   74.81192   58  113   77.68865   72.61878  6.53%  43.6 2174s
 1267853 436812     cutoff   65        77.68865   72.61889  6.53%  43.7 2175s
 1270371 437102     cutoff   66        77.68865   72.62274  6.52%  43.7 2182s
 1275240 436965     cutoff   57        77.68865   72.63108  6.51%  43.7 2188s
 1278114 437327     cutoff   64        77.68865   72.63445  6.51%  43.7 2195s
 1282745 437439 infeasible   48        77.68865   72.64015  6.50%  43.7 2201s
 1285128 437837   73.30623   51   80   77.68865   72.64303  6.49%  43.8 2208s
 1288463 438050   72.65171   64   40   77.68865   72.64811  6.49%  43.8 2213s
 1290700 438709     cutoff   58        77.68865   72.65147  6.48%  43.8 2221s
 1296038 438720     cutoff   57        77.68865   72.65743  6.48%  43.8 2228s
 1298171 438877 infeasible   57        77.68865   72.66093  6.47%  43.8 2235s
 1301522 439001     cutoff   58        77.68865   72.66481  6.47%  43.9 2240s
 1303788 439179     cutoff   52        77.68865   72.66797  6.46%  43.9 2248s
 1306531 439770   73.62409   89  104   77.68865   72.67157  6.46%  43.9 2255s
 1311299 439793     cutoff   50        77.68865   72.67810  6.45%  44.0 2260s
 1313350 439932   73.33471   48  110   77.68865   72.68080  6.45%  44.0 2268s
 1317259 440024     cutoff   46        77.68865   72.68541  6.44%  44.0 2276s
 1322444 440128   76.77232   64   41   77.68865   72.69248  6.43%  44.1 2282s
 1325377 440679     cutoff   59        77.68865   72.69688  6.43%  44.1 2289s
 1330401 440683     cutoff   73        77.68865   72.70272  6.42%  44.1 2295s
 1332989 440657     cutoff   57        77.68865   72.70595  6.41%  44.1 2301s
 1335197 440948     cutoff   55        77.68865   72.70926  6.41%  44.2 2308s
 1339663 440868     cutoff   45        77.68865   72.71590  6.40%  44.2 2316s
 1342110 440852   72.98528   34   63   77.68865   72.71943  6.40%  44.2 2323s
 1345253 440883     cutoff   46        77.68865   72.72366  6.39%  44.3 2331s
 1348434 441371     cutoff   54        77.68865   72.72775  6.39%  44.3 2338s
 1352935 441354   73.17828   60   52   77.68865   72.73380  6.38%  44.3 2345s
 1355640 441512 infeasible   64        77.68865   72.73783  6.37%  44.4 2350s
 1358127 441606   72.94506   64  121   77.68865   72.74083  6.37%  44.4 2357s
 1360061 442043   72.80729   54   71   77.68865   72.74371  6.37%  44.4 2365s
 1365622 442162     cutoff   60        77.68865   72.75127  6.36%  44.4 2371s
 1368206 442459 infeasible   65        77.68865   72.75512  6.35%  44.4 2378s
 1371232 442992     cutoff   43        77.68865   72.75794  6.35%  44.5 2385s
 1374951 443134     cutoff   45        77.68865   72.76281  6.34%  44.5 2391s
 1377569 443534     cutoff   59        77.68865   72.76786  6.33%  44.5 2398s
 1381244 443688     cutoff   47        77.68865   72.77246  6.33%  44.5 2403s
 1384150 443826 infeasible   64        77.68865   72.77563  6.32%  44.6 2409s
 1386547 444107     cutoff   55        77.68865   72.77819  6.32%  44.6 2416s
 1390884 444226     cutoff   45        77.68865   72.78440  6.31%  44.6 2422s
 1393514 444914     cutoff   53        77.68865   72.78783  6.31%  44.6 2429s
 1394626 444914   72.94063   59   72   77.68865   72.78795  6.31%  44.6 2430s
 1397991 444932 infeasible   53        77.68865   72.79256  6.30%  44.6 2435s
 1399994 445110     cutoff   50        77.68865   72.79568  6.30%  44.7 2442s
 1403538 445393     cutoff   54        77.68865   72.80080  6.29%  44.7 2451s
 1409214 445532   72.84102   62  122   77.68865   72.80646  6.28%  44.7 2456s
 1411578 446124     cutoff   65        77.68865   72.81067  6.28%  44.7 2462s
 1415994 446031     cutoff   56        77.68865   72.81681  6.27%  44.7 2468s
 1418355 446047 infeasible   66        77.68865   72.81905  6.27%  44.8 2475s
 1421021 446444 infeasible   61        77.68865   72.82404  6.26%  44.8 2482s
 1425331 446805   73.89845   55  112   77.68865   72.83020  6.25%  44.8 2488s
 1427532 447411     cutoff   62        77.68865   72.83261  6.25%  44.8 2497s
 1433450 447335     cutoff   60        77.68865   72.83920  6.24%  44.8 2503s
 1435401 447767     cutoff   44        77.68865   72.84051  6.24%  44.8 2509s
 1439185 447960     cutoff   50        77.68865   72.84710  6.23%  44.8 2515s
 1441569 448482     cutoff   54        77.68865   72.84867  6.23%  44.9 2522s
 1445347 448688   74.50967   60  105   77.68865   72.85511  6.22%  44.9 2528s
 1448090 449040   72.85860   56   46   77.68865   72.85860  6.22%  44.9 2535s
 1451891 449036   76.18077   49  111   77.68865   72.86329  6.21%  44.9 2540s
 1453907 449227     cutoff   46        77.68865   72.86659  6.21%  44.9 2548s
 1456798 449752     cutoff   58        77.68865   72.87002  6.20%  44.9 2555s
 1461384 449874     cutoff   65        77.68865   72.87547  6.20%  45.0 2561s
 1463759 450275     cutoff   57        77.68865   72.87932  6.19%  45.0 2568s
 1468251 450212   73.71007   52   92   77.68865   72.88501  6.18%  45.0 2574s
 1470289 450322   74.05957   73   61   77.68865   72.88765  6.18%  45.0 2582s
 1472877 450444   74.49759   40   98   77.68865   72.89196  6.17%  45.0 2588s
 1476564 450493   75.15374   68   83   77.68865   72.89688  6.17%  45.1 2593s
 1478838 450685   75.57906   56   86   77.68865   72.89951  6.16%  45.1 2599s
 1482609 450626     cutoff   55        77.68865   72.90429  6.16%  45.1 2605s
 1485008 450838     cutoff   55        77.68865   72.90670  6.16%  45.1 2611s
 1488747 450864   74.63257   47  105   77.68865   72.91326  6.15%  45.1 2617s
 1490903 450748 infeasible   59        77.68865   72.91707  6.14%  45.1 2623s
 1493621 451339   74.19594   44  135   77.68865   72.92096  6.14%  45.2 2629s
 1497328 451323     cutoff   72        77.68865   72.92578  6.13%  45.2 2635s
 1499251 451548     cutoff   48        77.68865   72.92848  6.13%  45.2 2642s
 1501813 452163     cutoff   48        77.68865   72.93096  6.12%  45.2 2648s
 1506145 452291 infeasible   55        77.68865   72.93694  6.12%  45.2 2654s
 1508324 452673   73.14932   51   86   77.68865   72.93988  6.11%  45.2 2661s
 1512585 452653   74.78950   63  105   77.68865   72.94364  6.11%  45.2 2667s
 1514838 453375     cutoff   62        77.68865   72.94875  6.10%  45.3 2674s
 1519240 453462     cutoff   63        77.68865   72.95351  6.10%  45.3 2680s
 1521567 453456     cutoff   57        77.68865   72.95656  6.09%  45.3 2687s
 1524512 454091     cutoff   57        77.68865   72.96013  6.09%  45.3 2696s
 1530113 454339     cutoff   61        77.68865   72.96863  6.08%  45.3 2703s
 1533083 454689     cutoff   67        77.68865   72.97146  6.07%  45.3 2710s
 1537368 454987     cutoff   50        77.68865   72.97720  6.06%  45.3 2717s
 1541132 454855 infeasible   52        77.68865   72.98284  6.06%  45.3 2723s
 1543555 455183   73.19548   64   74   77.68865   72.98595  6.05%  45.3 2731s
 1547687 455369     cutoff   76        77.68865   72.99018  6.05%  45.4 2738s
 1550324 455938     cutoff   50        77.68865   72.99471  6.04%  45.4 2746s
 1555776 455819     cutoff   51        77.68865   73.00194  6.03%  45.4 2753s
 1558801 456062     cutoff   52        77.68865   73.00566  6.03%  45.4 2759s
 1563400 456166     cutoff   60        77.68865   73.01177  6.02%  45.4 2765s
 1564984 458149     cutoff   54        77.68865   73.01335  6.02%  45.4 2779s
 1573798 458322   73.13145   57   78   77.68865   73.02157  6.01%  45.4 2785s
 1575981 458805     cutoff   57        77.68865   73.02435  6.00%  45.4 2791s
 1580262 458897     cutoff   68        77.68865   73.03021  6.00%  45.4 2797s
 1582427 459337 infeasible   68        77.68865   73.03215  5.99%  45.4 2802s
 1585513 459501 infeasible   60        77.68865   73.03643  5.99%  45.4 2808s
 1587711 460188     cutoff   54        77.68865   73.03946  5.98%  45.4 2816s
 1593737 460250 infeasible   54        77.68865   73.04621  5.98%  45.4 2822s
 1595975 460226   73.71738   46  122   77.68865   73.05016  5.97%  45.4 2828s
 1598893 460685     cutoff   51        77.68865   73.05339  5.97%  45.4 2835s
 1603275 460930 infeasible   56        77.68865   73.05865  5.96%  45.4 2842s
 1605582 461331     cutoff   54        77.68865   73.06223  5.96%  45.4 2848s
 1610095 461409     cutoff   64        77.68865   73.06850  5.95%  45.5 2855s
 1612868 461674     cutoff   55        77.68865   73.07206  5.94%  45.5 2861s
 1616628 462078     cutoff   51        77.68865   73.07650  5.94%  45.5 2868s
 1620847 462206     cutoff   46        77.68865   73.08188  5.93%  45.5 2874s
 1622349 462206 infeasible   73        77.68865   73.08219  5.93%  45.5 2875s
 1623442 462801 infeasible   61        77.68865   73.08562  5.92%  45.5 2881s
 1628838 463025   73.12439   51   42   77.68865   73.09146  5.92%  45.5 2887s
 1631167 463401 infeasible   55        77.68865   73.09380  5.91%  45.5 2893s
 1634375 463518 infeasible   42        77.68865   73.09875  5.91%  45.5 2898s
 1636964 463857     cutoff   60        77.68865   73.10134  5.90%  45.5 2906s
 1641379 463844     cutoff   52        77.68865   73.10569  5.90%  45.5 2911s
 1643673 464138     cutoff   62        77.68865   73.10999  5.89%  45.5 2918s
 1646542 464011     cutoff   52        77.68865   73.11438  5.89%  45.5 2924s
 1649528 464139     cutoff   53        77.68865   73.11800  5.88%  45.5 2932s
 1654721 464212     cutoff   54        77.68865   73.12387  5.88%  45.5 2938s
 1657245 464671 infeasible   54        77.68865   73.12686  5.87%  45.5 2944s
 1661845 464824     cutoff   49        77.68865   73.13253  5.86%  45.5 2950s
 1664323 465175     cutoff   57        77.68865   73.13540  5.86%  45.5 2958s
 1669313 465381     cutoff   51        77.68865   73.14118  5.85%  45.5 2964s
 1671910 465910   73.14407   69    1   77.68865   73.14407  5.85%  45.5 2971s
 1677063 466098   77.47604   54   43   77.68865   73.14983  5.84%  45.5 2978s
 1679979 466275     cutoff   55        77.68865   73.15330  5.84%  45.5 2984s
 1682324 466623     cutoff   70        77.68865   73.15640  5.83%  45.6 2990s
 1686261 466588     cutoff   66        77.68865   73.16135  5.83%  45.6 2995s
 1688358 467134     cutoff   55        77.68865   73.16421  5.82%  45.6 3000s
 1692640 466993     cutoff   60        77.68865   73.16939  5.82%  45.6 3005s
 1694882 467327 infeasible   51        77.68865   73.17167  5.81%  45.6 3010s
 1698529 467130     cutoff   51        77.68865   73.17759  5.81%  45.6 3015s
 1701179 467335   73.62390   51   58   77.68865   73.18021  5.80%  45.6 3022s
 1705334 467327   74.05097   47  122   77.68865   73.18576  5.80%  45.6 3028s
 1707595 467989     cutoff   71        77.68865   73.18915  5.79%  45.6 3037s
 1714220 467949     cutoff   52        77.68865   73.19681  5.78%  45.6 3043s
H1715097 467949                      77.6886547   73.19715  5.78%  45.6 3043s
 1715889 468079     cutoff   53        77.68865   73.19977  5.78%  45.6 3049s
 1718663 468599     cutoff   61        77.68865   73.20281  5.77%  45.6 3057s
 1723779 469433   73.74388   53   97   77.68865   73.20849  5.77%  45.6 3063s
 1728368 469510   73.26864   42   70   77.68865   73.21388  5.76%  45.6 3069s
 1730703 470012   74.03138   60   57   77.68865   73.21646  5.76%  45.6 3080s
 1737547 469879     cutoff   39        77.68865   73.22405  5.75%  45.6 3086s
 1739706 469995 infeasible   77        77.68865   73.22690  5.74%  45.6 3092s
 1742066 470352   73.67955   58   61   77.68865   73.23015  5.74%  45.6 3098s
 1747287 470459     cutoff   63        77.68865   73.23653  5.73%  45.6 3106s
 1749836 470898   73.24005   64   68   77.68865   73.24005  5.73%  45.6 3114s
 1754167 471385 infeasible   62        77.68865   73.24538  5.72%  45.6 3119s
 1758235 471513     cutoff   56        77.68865   73.24997  5.71%  45.6 3124s
 1759818 472145   74.11121   51   49   77.68865   73.25183  5.71%  45.6 3130s
 1764259 472409   76.89116   43   96   77.68865   73.25655  5.70%  45.6 3136s
 1766610 472851     cutoff   65        77.68865   73.25897  5.70%  45.6 3143s
 1770927 473225   76.67334   51  101   77.68865   73.26423  5.70%  45.6 3149s
 1775416 473326   74.74039   52   48   77.68865   73.26956  5.69%  45.6 3155s
 1777683 473918     cutoff   59        77.68865   73.27171  5.69%  45.6 3162s
 1781657 473809 infeasible   61        77.68865   73.27592  5.68%  45.6 3168s
 1783878 474157     cutoff   62        77.68865   73.27969  5.68%  45.6 3174s
 1788432 474250     cutoff   62        77.68865   73.28513  5.67%  45.6 3180s
 1790715 474539   73.42573   42   51   77.68865   73.28770  5.66%  45.6 3187s
 1794170 474616   73.38001   72   58   77.68865   73.29187  5.66%  45.6 3193s
 1796443 475966     cutoff   50        77.68865   73.29492  5.66%  45.6 3203s
 1803503 476016     cutoff   69        77.68865   73.30104  5.65%  45.6 3209s
 1805551 476596   77.13082   57   37   77.68865   73.30397  5.64%  45.6 3216s
 1810103 476569     cutoff   65        77.68865   73.30927  5.64%  45.6 3221s
 1812453 477524     cutoff   46        77.68865   73.31166  5.63%  45.6 3227s
 1817198 477491     cutoff   59        77.68865   73.31785  5.63%  45.6 3234s
 1819445 478712     cutoff   45        77.68865   73.32052  5.62%  45.6 3244s
 1822261 478712   73.59310   49   52   77.68865   73.32070  5.62%  45.6 3245s
 1826649 478732     cutoff   61        77.68865   73.32829  5.61%  45.6 3251s
 1829121 479372     cutoff   59        77.68865   73.33072  5.61%  45.6 3258s
 1833973 479493     cutoff   69        77.68865   73.33644  5.60%  45.6 3264s
 1836145 480261   74.02134   62  111   77.68865   73.33827  5.60%  45.6 3270s
 1840973 480320     cutoff   49        77.68865   73.34417  5.59%  45.6 3276s
 1843463 481135     cutoff   68        77.68865   73.34746  5.59%  45.6 3284s
 1849991 481248   74.29208   48   84   77.68865   73.35495  5.58%  45.5 3290s
 1852119 482224     cutoff   49        77.68865   73.35775  5.57%  45.5 3297s
 1857166 482349     cutoff   55        77.68865   73.36160  5.57%  45.5 3302s
 1859105 482711 infeasible   56        77.68865   73.36556  5.56%  45.5 3308s
 1863910 482686     cutoff   62        77.68865   73.37064  5.56%  45.5 3314s
 1866494 483333     cutoff   67        77.68865   73.37327  5.55%  45.5 3322s
 1872397 483543   75.66924   48   95   77.68865   73.38098  5.54%  45.5 3329s
 1874849 484361     cutoff   66        77.68865   73.38319  5.54%  45.5 3335s
 1879848 484725     cutoff   57        77.68865   73.38869  5.53%  45.5 3341s
 1882546 485346   73.45139   51   67   77.68865   73.39235  5.53%  45.5 3348s
 1887387 485383     cutoff   49        77.68865   73.39777  5.52%  45.5 3354s
 1889848 486326     cutoff   56        77.68865   73.40003  5.52%  45.5 3361s
 1896174 486381     cutoff   63        77.68865   73.40702  5.51%  45.5 3367s
 1897846 487337     cutoff   48        77.68865   73.40975  5.51%  45.5 3373s
 1902940 487411     cutoff   86        77.68865   73.41441  5.50%  45.5 3379s
 1905167 488233   73.51740   46  101   77.68865   73.41768  5.50%  45.5 3385s
 1910026 488162     cutoff   66        77.68865   73.42225  5.49%  45.4 3392s
 1912112 488485 infeasible   47        77.68865   73.42448  5.49%  45.4 3401s
 1915389 489599     cutoff   37        77.68865   73.42963  5.48%  45.5 3412s
H1918862 489599                      77.6886545   73.42974  5.48%  45.4 3413s
 1922347 489637     cutoff   58        77.68865   73.43680  5.47%  45.4 3420s
 1924639 490529 infeasible   48        77.68865   73.43938  5.47%  45.4 3428s
 1930552 490426     cutoff   53        77.68865   73.44562  5.46%  45.4 3434s
 1932718 490887     cutoff   47        77.68865   73.44868  5.46%  45.4 3443s
 1937247 491574     cutoff   65        77.68865   73.45454  5.45%  45.4 3452s
 1943044 491614   73.50324   58   98   77.68865   73.46112  5.44%  45.4 3458s
 1945294 491635     cutoff   49        77.68865   73.46510  5.44%  45.4 3465s
 1948389 492620     cutoff   58        77.68865   73.46928  5.43%  45.5 3472s
 1953905 492654     cutoff   59        77.68865   73.47535  5.42%  45.4 3479s
 1956372 493433     cutoff   60        77.68865   73.47865  5.42%  45.4 3489s
 1963026 493545   74.05253   48  160   77.68865   73.48565  5.41%  45.4 3494s
 1964873 494077     cutoff   72        77.68865   73.48826  5.41%  45.4 3501s
 1969523 494093     cutoff   56        77.68865   73.49319  5.40%  45.4 3507s
 1971686 494414   75.27656   52   92   77.68865   73.49568  5.40%  45.4 3513s
 1974588 494990     cutoff   52        77.68865   73.50066  5.39%  45.4 3519s
 1975801 494990 infeasible   85        77.68865   73.50074  5.39%  45.4 3520s
 1979368 495113   73.54409   43   93   77.68865   73.50604  5.38%  45.4 3526s
 1981100 495435   73.60173   36   53   77.68865   73.50805  5.38%  45.4 3532s
 1985631 495478     cutoff   52        77.68865   73.51366  5.37%  45.4 3537s
 1987659 496353     cutoff   56        77.68865   73.51643  5.37%  45.4 3543s
 1992309 496500     cutoff   80        77.68865   73.52167  5.36%  45.4 3549s
 1994347 497090   73.62240   62   69   77.68865   73.52496  5.36%  45.4 3555s
 1999129 497277     cutoff   59        77.68865   73.52972  5.35%  45.4 3561s
 2001558 497985   76.69963   71  104   77.68865   73.53291  5.35%  45.4 3570s
 2008444 497875     cutoff   55        77.68865   73.54088  5.34%  45.4 3576s
 2010817 498276     cutoff   59        77.68865   73.54382  5.34%  45.4 3582s
 2015282 498413   76.58466   55   75   77.68865   73.54940  5.33%  45.4 3588s
 2017736 498715   74.77776   50   85   77.68865   73.55213  5.32%  45.4 3594s
 2022306 499182   74.17167   45  101   77.68865   73.55811  5.32%  45.3 3601s
 2026846 499059 infeasible   51        77.68865   73.56384  5.31%  45.3 3605s
 2028963 499602     cutoff   54        77.68865   73.56630  5.31%  45.3 3611s
 2033163 499571 infeasible   58        77.68865   73.57121  5.30%  45.3 3617s
 2035226 499566     cutoff   55        77.68865   73.57354  5.30%  45.3 3623s
 2038120 499938     cutoff   59        77.68865   73.57740  5.29%  45.3 3631s
 2043105 500057 infeasible   51        77.68865   73.58364  5.28%  45.3 3638s
 2045671 500790     cutoff   62        77.68865   73.58710  5.28%  45.3 3647s
 2052610 500579     cutoff   62        77.68865   73.59506  5.27%  45.3 3654s
 2055139 501039   73.85847   50  117   77.68865   73.59853  5.26%  45.3 3661s
 2060035 500899     cutoff   61        77.68865   73.60463  5.26%  45.3 3667s
 2062644 501506     cutoff   70        77.68865   73.60677  5.25%  45.3 3674s
 2066803 501606     cutoff   58        77.68865   73.61225  5.25%  45.2 3680s
 2069341 501991   74.92034   48  100   77.68865   73.61529  5.24%  45.2 3687s
 2073652 501938     cutoff   67        77.68865   73.62047  5.24%  45.2 3692s
 2075816 502191     cutoff   59        77.68865   73.62395  5.23%  45.2 3699s
 2080996 501721     cutoff   52        77.68865   73.62945  5.22%  45.2 3705s
 2083445 501259     cutoff   47        77.68865   73.63314  5.22%  45.2 3711s
 2086076 501094     cutoff   58        77.68865   73.63811  5.21%  45.2 3717s
 2091032 500833     cutoff   53        77.68865   73.64420  5.21%  45.2 3724s
 2093310 500716   76.74666   38  119   77.68865   73.64834  5.20%  45.2 3734s
 2100204 500138     cutoff   57        77.68865   73.65827  5.19%  45.2 3740s
 2102995 499835     cutoff   55        77.68865   73.66138  5.18%  45.2 3747s
 2107421 499334     cutoff   63        77.68865   73.66809  5.18%  45.2 3753s
 2109826 498834     cutoff   57        77.68865   73.67198  5.17%  45.2 3760s
 2113393 498088     cutoff   47        77.68865   73.67836  5.16%  45.2 3766s
 2116349 497738     cutoff   55        77.68865   73.68260  5.16%  45.2 3772s
 2120348 497409     cutoff   59        77.68865   73.68974  5.15%  45.2 3778s
 2122563 496991 infeasible   62        77.68865   73.69322  5.14%  45.2 3784s
 2125484 496289   73.71505   54   47   77.68865   73.69814  5.14%  45.2 3792s
 2130549 495583 infeasible   84        77.68865   73.70627  5.13%  45.2 3799s
 2133445 495010     cutoff   61        77.68865   73.71085  5.12%  45.2 3807s
 2138181 494466     cutoff   43        77.68865   73.71852  5.11%  45.2 3813s
 2140679 493692     cutoff   79        77.68865   73.72278  5.10%  45.2 3819s
 2143677 493224   77.00464   47   69   77.68865   73.72718  5.10%  45.2 3825s
 2147914 492745   77.28236   60   66   77.68865   73.73513  5.09%  45.2 3831s
 2150408 492335     cutoff   51        77.68865   73.73955  5.08%  45.2 3838s
 2154696 491789   73.78240   48   57   77.68865   73.74654  5.07%  45.2 3845s
 2156734 491047 infeasible   67        77.68865   73.74879  5.07%  45.2 3852s
 2160898 490340     cutoff   59        77.68865   73.75763  5.06%  45.2 3859s
 2163755 490108 infeasible   58        77.68865   73.76120  5.06%  45.2 3865s
 2166006 489565     cutoff   62        77.68865   73.76606  5.05%  45.2 3872s
 2171527 488831   76.76816   38  101   77.68865   73.77409  5.04%  45.2 3878s
 2174361 487933     cutoff   65        77.68865   73.77946  5.03%  45.2 3885s
 2179287 487145     cutoff   56        77.68865   73.78738  5.02%  45.2 3892s
 2182078 486352     cutoff   59        77.68865   73.79202  5.02%  45.2 3897s
 2185044 485820     cutoff   48        77.68865   73.79685  5.01%  45.2 3904s
 2189366 485820   73.80309   75   59   77.68865   73.80309  5.00%  45.2 3905s
 2189420 485273   74.61579   65   51   77.68865   73.80480  5.00%  45.2 3911s
 2192101 484327   73.81213   56  120   77.68865   73.80909  4.99%  45.2 3917s
 2195113 483555     cutoff   68        77.68865   73.81514  4.99%  45.2 3923s
 2197595 482754   73.99070   53   74   77.68865   73.81837  4.98%  45.2 3928s
 2200120 481830   74.71343   44   69   77.68865   73.82491  4.97%  45.2 3935s
 2204561 481111     cutoff   65        77.68865   73.83280  4.96%  45.2 3941s
 2207292 480459     cutoff   45        77.68865   73.83834  4.96%  45.2 3948s
 2211612 479805   74.02370   46  102   77.68865   73.84515  4.95%  45.2 3954s
 2214170 479030     cutoff   86        77.68865   73.84776  4.94%  45.2 3960s
 2217379 478111     cutoff   59        77.68865   73.85452  4.94%  45.2 3965s
 2220433 477227     cutoff   55        77.68865   73.86138  4.93%  45.2 3972s
 2223841 476564     cutoff   54        77.68865   73.86649  4.92%  45.2 3980s
 2228760 475795     cutoff   39        77.68865   73.87469  4.91%  45.2 3987s
 2231623 474982 infeasible   77        77.68865   73.88022  4.90%  45.2 3995s
 2235248 474343   76.11536   55   51   77.68865   73.88686  4.89%  45.2 4001s
 2238124 473505     cutoff   39        77.68865   73.89201  4.89%  45.2 4009s
 2242860 472899     cutoff   61        77.68865   73.89902  4.88%  45.2 4015s
 2245545 472105     cutoff   56        77.68865   73.90497  4.87%  45.2 4023s
 2250465 471644     cutoff   60        77.68865   73.91129  4.86%  45.2 4030s
 2252418 471069     cutoff   58        77.68865   73.91560  4.86%  45.2 4039s
 2254882 470376     cutoff   69        77.68865   73.91865  4.85%  45.2 4046s
 2257999 469883   74.26461   59  125   77.68865   73.92514  4.84%  45.2 4054s
 2261411 469074   74.16257   65   51   77.68865   73.92997  4.84%  45.2 4062s
 2266411 468282     cutoff   54        77.68865   73.93851  4.83%  45.2 4070s
 2269448 467635     cutoff   49        77.68865   73.94479  4.82%  45.2 4077s
 2273612 466912     cutoff   62        77.68865   73.95180  4.81%  45.2 4084s
 2276725 466338 infeasible   46        77.68865   73.95518  4.81%  45.2 4090s
 2280782 465343   74.42161   53   98   77.68865   73.96317  4.80%  45.2 4096s
 2283765 464615   76.93345   52   57   77.68865   73.96801  4.79%  45.2 4103s
 2287859 464117     cutoff   58        77.68865   73.97633  4.78%  45.2 4109s
 2290442 463542     cutoff   56        77.68865   73.97970  4.77%  45.2 4116s
 2295018 462880     cutoff   50        77.68865   73.98670  4.77%  45.2 4121s
 2297483 462164     cutoff   70        77.68865   73.99075  4.76%  45.2 4128s
 2301120 461286     cutoff   72        77.68865   73.99772  4.75%  45.2 4134s
 2304069 460369     cutoff   93        77.68865   74.00188  4.75%  45.2 4139s
 2307337 459643     cutoff   87        77.68865   74.00875  4.74%  45.2 4146s
 2309711 458941     cutoff   86        77.68865   74.01252  4.73%  45.2 4153s
 2313312 458091     cutoff   57        77.68865   74.01842  4.72%  45.2 4160s
 2316270 457221     cutoff   58        77.68865   74.02478  4.72%  45.2 4169s
 2321454 456608     cutoff   77        77.68865   74.03267  4.71%  45.2 4176s
 2323908 456005     cutoff   57        77.68865   74.03593  4.70%  45.2 4183s
 2326565 455104     cutoff   50        77.68865   74.04178  4.69%  45.2 4190s
 2331646 454437     cutoff   63        77.68865   74.04959  4.68%  45.1 4197s
 2334372 453574 infeasible   68        77.68865   74.05426  4.68%  45.1 4204s
 2335887 453574     cutoff   69        77.68865   74.05449  4.68%  45.1 4205s
 2339289 452966     cutoff   49        77.68865   74.06257  4.67%  45.1 4211s
 2341823 452329   77.26813   50   67   77.68865   74.06651  4.66%  45.1 4219s
 2343107 452329     cutoff   64        77.68865   74.06659  4.66%  45.1 4220s
 2346964 451810   76.16899   38   85   77.68865   74.07490  4.65%  45.1 4228s
 2349648 450947     cutoff   73        77.68865   74.07832  4.65%  45.1 4234s
 2354183 450118     cutoff   60        77.68865   74.08644  4.64%  45.1 4241s
 2357189 449184   75.99169   58   53   77.68865   74.09055  4.63%  45.1 4248s
 2361568 448212   76.18213   38   41   77.68865   74.09946  4.62%  45.1 4254s
 2364732 447459 infeasible   52        77.68865   74.10363  4.61%  45.1 4260s
 2369130 446528     cutoff   68        77.68865   74.11195  4.60%  45.1 4267s
 2372069 445989     cutoff   74        77.68865   74.11535  4.60%  45.1 4272s
 2375760 445223   75.03721   54   93   77.68865   74.12295  4.59%  45.1 4280s
 2378478 444387     cutoff   64        77.68865   74.12685  4.58%  45.1 4287s
 2382842 443354   77.00016   60   85   77.68865   74.13444  4.57%  45.0 4292s
 2386027 442329     cutoff   59        77.68865   74.13893  4.57%  45.0 4299s
 2390348 441803     cutoff   58        77.68865   74.14789  4.56%  45.0 4306s
 2392245 440953   74.99882   67  139   77.68865   74.14925  4.56%  45.0 4311s
 2394895 440405     cutoff   74        77.68865   74.15565  4.55%  45.0 4320s
 2399778 439849     cutoff   72        77.68865   74.16369  4.54%  45.0 4327s
 2402149 439170     cutoff   65        77.68865   74.16593  4.53%  45.0 4332s
 2404713 438529     cutoff   69        77.68865   74.17243  4.53%  45.0 4339s
 2409841 437876     cutoff   53        77.68865   74.17959  4.52%  45.0 4345s
 2413598 437359   74.38124   68   97   77.68865   74.18340  4.51%  45.0 4350s
 2414601 436596 infeasible   85        77.68865   74.18887  4.50%  45.0 4357s
 2418924 435672     cutoff   62        77.68865   74.19621  4.50%  45.0 4363s
 2422000 435172   75.14883   51   60   77.68865   74.20144  4.49%  45.0 4370s
 2427035 434559   77.62268   74   51   77.68865   74.20878  4.48%  44.9 4377s
 2429713 433669     cutoff   86        77.68865   74.21204  4.48%  44.9 4384s
 2434139 432771     cutoff   93        77.68865   74.22029  4.46%  44.9 4390s
 2437143 432005 infeasible   56        77.68865   74.22482  4.46%  44.9 4398s
 2441024 431495   77.34622   48  118   77.68865   74.23152  4.45%  44.9 4405s
 2443577 430503 infeasible   53        77.68865   74.23615  4.44%  44.9 4412s
 2448668 430271   74.27590   56  142   77.68865   74.24441  4.43%  44.9 4419s
 2450441 429648     cutoff   45        77.68865   74.24606  4.43%  44.9 4425s
 2455001 429010   74.73572   56  107   77.68865   74.25391  4.42%  44.8 4431s
 2457966 428197     cutoff   77        77.68865   74.25811  4.42%  44.8 4438s
 2462442 427618     cutoff   70        77.68865   74.26547  4.41%  44.8 4444s
 2466336 426989     cutoff   60        77.68865   74.27119  4.40%  44.8 4449s
 2468675 426532     cutoff   54        77.68865   74.27536  4.39%  44.8 4455s
 2471435 425628   76.73617   51   50   77.68865   74.28168  4.39%  44.8 4462s
 2476388 425282     cutoff   60        77.68865   74.28804  4.38%  44.8 4468s
 2478304 424822     cutoff   68        77.68865   74.29120  4.37%  44.8 4475s
 2482826 423984   77.37746   60   49   77.68865   74.29913  4.36%  44.7 4481s
 2485714 423390 infeasible   69        77.68865   74.30332  4.36%  44.7 4486s
 2489529 422942     cutoff   52        77.68865   74.31132  4.35%  44.7 4493s
 2492400 422461     cutoff   59        77.68865   74.31408  4.34%  44.7 4499s
 2492698 422461     cutoff   49        77.68865   74.31412  4.34%  44.7 4500s
 2496808 421875     cutoff   57        77.68865   74.32191  4.33%  44.7 4506s
 2500590 421296     cutoff   47        77.68865   74.32630  4.33%  44.7 4511s
 2502895 420773     cutoff   33        77.68865   74.33164  4.32%  44.7 4517s
 2507317 420222     cutoff   72        77.68865   74.33943  4.31%  44.6 4523s
 2510041 419494     cutoff   49        77.68865   74.34294  4.31%  44.6 4529s
 2513969 418932     cutoff   60        77.68865   74.35084  4.30%  44.6 4535s
 2516309 418499     cutoff   64        77.68865   74.35415  4.29%  44.6 4541s
 2520524 417508     cutoff   66        77.68865   74.36035  4.28%  44.6 4546s
 2524596 417192   74.77575   67  150   77.68865   74.36838  4.27%  44.6 4551s
 2527146 416954     cutoff   63        77.68865   74.37226  4.27%  44.6 4558s
H2527413 416954                      77.6886545   74.37230  4.27%  44.6 4558s
 2529665 416794     cutoff   67        77.68865   74.37471  4.27%  44.6 4564s
 2533240 416574   75.94928   66   70   77.68865   74.38075  4.26%  44.5 4569s
 2535632 416322     cutoff   51        77.68865   74.38350  4.25%  44.5 4575s
 2539750 415815     cutoff   56        77.68865   74.39073  4.25%  44.5 4582s
 2542569 414985     cutoff   60        77.68865   74.39678  4.24%  44.5 4589s
 2546915 414257     cutoff   85        77.68865   74.40476  4.23%  44.5 4595s
 2549488 413484     cutoff   60        77.68865   74.40937  4.22%  44.5 4602s
 2553781 412829     cutoff   61        77.68865   74.41751  4.21%  44.5 4609s
 2556260 412369     cutoff   95        77.68865   74.42049  4.21%  44.5 4614s
 2559841 411646     cutoff   63        77.68865   74.42788  4.20%  44.5 4621s
 2562534 410916     cutoff   75        77.68865   74.43309  4.19%  44.5 4627s
 2566689 410415     cutoff   63        77.68865   74.44049  4.18%  44.5 4633s
 2568962 409858     cutoff   76        77.68865   74.44488  4.18%  44.5 4639s
 2573357 409142     cutoff   52        77.68865   74.45167  4.17%  44.5 4645s
 2575765 408629     cutoff   58        77.68865   74.45747  4.16%  44.4 4651s
 2578183 408127     cutoff   85        77.68865   74.46236  4.15%  44.4 4657s
 2582700 407653     cutoff   48        77.68865   74.47073  4.14%  44.4 4663s
 2585386 406926     cutoff   43        77.68865   74.47571  4.14%  44.4 4670s
 2589448 406116     cutoff   58        77.68865   74.48314  4.13%  44.4 4676s
 2592046 405411     cutoff  101        77.68865   74.48814  4.12%  44.4 4682s
 2594607 404770     cutoff   65        77.68865   74.49251  4.11%  44.4 4688s
 2598324 404057     cutoff   62        77.68865   74.50085  4.10%  44.4 4693s
 2600893 403591     cutoff   56        77.68865   74.50609  4.10%  44.4 4699s
 2605006 403002 infeasible   54        77.68865   74.51412  4.09%  44.4 4705s
 2607383 402447     cutoff   54        77.68865   74.51836  4.08%  44.4 4710s
 2609927 401511   76.95380   56   81   77.68865   74.52517  4.07%  44.4 4716s
 2614146 400566     cutoff   82        77.68865   74.53411  4.06%  44.4 4721s
 2616886 399909     cutoff   74        77.68865   74.53878  4.05%  44.4 4726s
 2619483 399318     cutoff   99        77.68865   74.54536  4.05%  44.4 4732s
 2623447 398612     cutoff   44        77.68865   74.55428  4.03%  44.4 4738s
 2625876 397946     cutoff   72        77.68865   74.55852  4.03%  44.4 4743s
 2628520 397057   77.16362   58   33   77.68865   74.56470  4.02%  44.4 4749s
 2632570 396380     cutoff   64        77.68865   74.57385  4.01%  44.4 4756s
 2634971 395711   75.31078   68  103   77.68865   74.57860  4.00%  44.4 4761s
 2637574 394882   74.75367   69   28   77.68865   74.58498  4.00%  44.4 4767s
 2642090 394225   75.26229   72   68   77.68865   74.59415  3.98%  44.3 4772s
 2644346 393461   74.89949   72  100   77.68865   74.59940  3.98%  44.3 4777s
 2647118 392550     cutoff   62        77.68865   74.60371  3.97%  44.3 4783s
 2650712 391919     cutoff   71        77.68865   74.61342  3.96%  44.3 4788s
 2653049 391529     cutoff   71        77.68865   74.61637  3.95%  44.3 4793s
 2656441 390926   75.69455   51  102   77.68865   74.62578  3.94%  44.3 4799s
 2658899 390461     cutoff   81        77.68865   74.62887  3.94%  44.3 4803s
 2660877 389803     cutoff   51        77.68865   74.63584  3.93%  44.3 4809s
 2663689 389059   75.04187   57   99   77.68865   74.64276  3.92%  44.3 4815s
 2667069 388388     cutoff   66        77.68865   74.64937  3.91%  44.3 4821s
 2669583 387500     cutoff   51        77.68865   74.65569  3.90%  44.3 4827s
 2672549 386650     cutoff   54        77.68865   74.66251  3.90%  44.3 4833s
 2676790 385973   74.67225   50   98   77.68865   74.67225  3.88%  44.3 4839s
 2678953 385223     cutoff   49        77.68865   74.67683  3.88%  44.3 4845s
 2682505 384690   75.03755   66   76   77.68865   74.68576  3.87%  44.3 4851s
 2684809 383764   76.86513   50  124   77.68865   74.69062  3.86%  44.2 4857s
 2688610 383035     cutoff   53        77.68865   74.69991  3.85%  44.2 4861s
 2691105 382241     cutoff   58        77.68865   74.70569  3.84%  44.2 4867s
 2694814 381782     cutoff   73        77.68865   74.71479  3.83%  44.2 4872s
 2696699 380907     cutoff   50        77.68865   74.71812  3.82%  44.2 4876s
 2699956 380181     cutoff   71        77.68865   74.72848  3.81%  44.2 4882s
 2702386 379523 infeasible   70        77.68865   74.73220  3.81%  44.2 4886s
 2705387 378837     cutoff   57        77.68865   74.74181  3.79%  44.2 4891s
 2707957 378296     cutoff   75        77.68865   74.74628  3.79%  44.2 4896s
 2711830 377677     cutoff   58        77.68865   74.75476  3.78%  44.2 4901s
 2714018 376831     cutoff   51        77.68865   74.76023  3.77%  44.1 4906s
 2716838 375940     cutoff   68        77.68865   74.76701  3.76%  44.1 4911s
 2719423 375236     cutoff   71        77.68865   74.77407  3.75%  44.1 4916s
 2721315 374609   74.89623   71   54   77.68865   74.77822  3.75%  44.1 4921s
 2723490 373802     cutoff   47        77.68865   74.78366  3.74%  44.1 4926s
 2727434 373246   76.25813   59   85   77.68865   74.79405  3.73%  44.1 4931s
 2729734 372541   74.96007   83  108   77.68865   74.79909  3.72%  44.1 4937s
 2733868 371508 infeasible   67        77.68865   74.80786  3.71%  44.1 4942s
 2736446 370961     cutoff   65        77.68865   74.81380  3.70%  44.1 4946s
 2738323 370048     cutoff   59        77.68865   74.81883  3.69%  44.0 4951s
 2742088 369116   77.57775   53  119   77.68865   74.82882  3.68%  44.0 4956s
 2744591 368457     cutoff   66        77.68865   74.83504  3.67%  44.0 4961s
 2746820 367698   75.63998   35   91   77.68865   74.84115  3.67%  44.0 4966s
 2750968 366703     cutoff   84        77.68865   74.85129  3.65%  44.0 4971s
 2753706 366037     cutoff   78        77.68865   74.85596  3.65%  44.0 4975s
 2755522 365147     cutoff   87        77.68865   74.86388  3.64%  44.0 4981s
 2759598 364409     cutoff   58        77.68865   74.87311  3.62%  44.0 4986s
 2762067 363936   74.90803   54   86   77.68865   74.87816  3.62%  44.0 4991s
 2763611 363214     cutoff   63        77.68865   74.88283  3.61%  43.9 4996s
 2766982 362502     cutoff   73        77.68865   74.89189  3.60%  43.9 5001s
 2769439 361746 infeasible   76        77.68865   74.89517  3.60%  43.9 5006s
 2772491 361207   76.94977   74   67   77.68865   74.90527  3.58%  43.9 5012s
 2774061 360489     cutoff   59        77.68865   74.90900  3.58%  43.9 5016s
 2776420 359903     cutoff   72        77.68865   74.91407  3.57%  43.9 5022s
 2780167 359242 infeasible   93        77.68865   74.92378  3.56%  43.9 5027s
 2782717 358484     cutoff   74        77.68865   74.92921  3.55%  43.9 5033s
 2786474 357821 infeasible   46        77.68865   74.93894  3.54%  43.8 5038s
 2788646 356878     cutoff   56        77.68865   74.94422  3.53%  43.8 5043s
 2791957 356351     cutoff   52        77.68865   74.95348  3.52%  43.8 5047s
 2794347 355728     cutoff   73        77.68865   74.95816  3.51%  43.8 5052s
 2797760 355099     cutoff   65        77.68865   74.96855  3.50%  43.8 5057s
 2800160 354468     cutoff   70        77.68865   74.97270  3.50%  43.8 5062s
 2803931 353932     cutoff   47        77.68865   74.98192  3.48%  43.8 5067s
 2806024 353223     cutoff   49        77.68865   74.98616  3.48%  43.8 5071s
 2808283 352664     cutoff   68        77.68865   74.99179  3.47%  43.8 5076s
 2810473 352109 infeasible   59        77.68865   74.99757  3.46%  43.7 5081s
 2814150 351519   75.06423   50  156   77.68865   75.00714  3.45%  43.7 5086s
 2816293 350888   77.34394   64   53   77.68865   75.01144  3.45%  43.7 5090s
 2819688 350390   77.49377   47  100   77.68865   75.01950  3.44%  43.7 5095s
 2824978 348892     cutoff   33        77.68865   75.03427  3.42%  43.7 5104s
 2827489 347946 infeasible   67        77.68865   75.04062  3.41%  43.7 5108s
 2831280 347350 infeasible   81        77.68865   75.05025  3.40%  43.6 5112s
 2833539 346837     cutoff   54        77.68865   75.05477  3.39%  43.6 5117s
 2835367 346089     cutoff  101        77.68865   75.05956  3.38%  43.6 5120s
 2837644 345532   75.82147   78   46   77.68865   75.06567  3.38%  43.6 5126s
 2841042 345024   75.21805   52   83   77.68865   75.07559  3.36%  43.6 5131s
 2843244 344496     cutoff   49        77.68865   75.08004  3.36%  43.6 5137s
 2847257 343942     cutoff   63        77.68865   75.09009  3.34%  43.6 5143s
 2849526 343406   75.09364   76   78   77.68865   75.09364  3.34%  43.6 5148s
 2852769 342684 infeasible   85        77.68865   75.10201  3.33%  43.5 5153s
 2855104 342090     cutoff  103        77.68865   75.10794  3.32%  43.5 5159s
 2857279 341524     cutoff   76        77.68865   75.11441  3.31%  43.5 5164s
 2861079 341043     cutoff   67        77.68865   75.12343  3.30%  43.5 5168s
 2862989 340350     cutoff   91        77.68865   75.12764  3.30%  43.5 5172s
 2865603 339436     cutoff   63        77.68865   75.13492  3.29%  43.5 5177s
 2868576 338947   75.39671   54  128   77.68865   75.14307  3.28%  43.5 5182s
 2871118 338130     cutoff   66        77.68865   75.14866  3.27%  43.5 5188s
 2875185 337514 infeasible   29        77.68865   75.15549  3.26%  43.4 5192s
 2876985 337065     cutoff   40        77.68865   75.16273  3.25%  43.4 5197s
 2878807 336268     cutoff   65        77.68865   75.16713  3.25%  43.4 5203s
 2882283 335658   75.39758   70   56   77.68865   75.17755  3.23%  43.4 5208s
 2884402 335045     cutoff   65        77.68865   75.18305  3.23%  43.4 5214s
 2887855 334625   75.89028   57   53   77.68865   75.19160  3.21%  43.4 5218s
 2889907 334127     cutoff   46        77.68865   75.19687  3.21%  43.4 5225s
 2893631 333690   76.76812   45   63   77.68865   75.20351  3.20%  43.4 5230s
 2895456 333300   76.51082   48   91   77.68865   75.20912  3.19%  43.3 5235s
 2897334 332744     cutoff   49        77.68865   75.21433  3.18%  43.3 5242s
 2901427 332201   76.20922   60   87   77.68865   75.22274  3.17%  43.3 5246s
 2903198 331645     cutoff   76        77.68865   75.22875  3.17%  43.3 5251s
 2905203 331195     cutoff   52        77.68865   75.23399  3.16%  43.3 5257s
 2908940 330601     cutoff   51        77.68865   75.24316  3.15%  43.3 5264s
 2910862 330238   76.01904   56  105   77.68865   75.24798  3.14%  43.3 5268s
 2913019 329805     cutoff   60        77.68865   75.25194  3.14%  43.3 5273s
 2916556 329249   76.91654   58   56   77.68865   75.26107  3.12%  43.2 5279s
 2918875 328695 infeasible   82        77.68865   75.26629  3.12%  43.2 5285s
 2920944 328090 infeasible   82        77.68865   75.27244  3.11%  43.2 5291s
 2924714 327671     cutoff   46        77.68865   75.28131  3.10%  43.2 5297s
 2926563 327400     cutoff   76        77.68865   75.28565  3.09%  43.2 5303s
 2929171 326942     cutoff   52        77.68865   75.29242  3.08%  43.2 5308s
 2931482 326664   75.31409   65   80   77.68865   75.29688  3.08%  43.2 5314s
 2935154 326193     cutoff   84        77.68865   75.30636  3.07%  43.2 5320s
 2937514 325439   76.80370   46   88   77.68865   75.31130  3.06%  43.2 5327s
 2941305 324747     cutoff   62        77.68865   75.32086  3.05%  43.1 5332s
 2943370 324013     cutoff   87        77.68865   75.32668  3.04%  43.1 5338s
 2945668 323387   75.48793   65   80   77.68865   75.33207  3.03%  43.1 5344s
 2947745 322750     cutoff   67        77.68865   75.33683  3.03%  43.1 5350s
 2951161 322157   75.76262   67   66   77.68865   75.34699  3.01%  43.1 5355s
 2953329 321653   75.66297   56  102   77.68865   75.35127  3.01%  43.1 5361s
 2956840 321160     cutoff   83        77.68865   75.36129  3.00%  43.1 5366s
 2958839 320612     cutoff   97        77.68865   75.36505  2.99%  43.1 5371s
 2961481 320019     cutoff   51        77.68865   75.37425  2.98%  43.0 5376s
 2963568 319310     cutoff   55        77.68865   75.37937  2.97%  43.0 5382s
 2967450 318850     cutoff   63        77.68865   75.38823  2.96%  43.0 5387s
 2969021 318267   76.95075   71  128   77.68865   75.39381  2.95%  43.0 5393s
 2971057 317428   75.82758   67   99   77.68865   75.39896  2.95%  43.0 5398s
 2973447 316892     cutoff   68        77.68865   75.40674  2.94%  43.0 5403s
 2975373 316446     cutoff   73        77.68865   75.41257  2.93%  43.0 5410s
 2978646 315709     cutoff   54        77.68865   75.41965  2.92%  43.0 5415s
 2980861 315202   75.96166   65   73   77.68865   75.42419  2.91%  43.0 5420s
 2982549 314417 infeasible   91        77.68865   75.43198  2.90%  43.0 5426s
 2986241 313904     cutoff   59        77.68865   75.44112  2.89%  42.9 5431s
 2988155 313165     cutoff   68        77.68865   75.44684  2.89%  42.9 5436s
 2990361 312437 infeasible   53        77.68865   75.45408  2.88%  42.9 5441s
 2993977 311915     cutoff   65        77.68865   75.46466  2.86%  42.9 5446s
 2995928 311457     cutoff   68        77.68865   75.46937  2.86%  42.9 5451s
 2999170 310961   75.54512   70   49   77.68865   75.47883  2.84%  42.9 5456s
 3001293 310467     cutoff   67        77.68865   75.48204  2.84%  42.9 5461s
 3003640 309812   77.27020   69   90   77.68865   75.48854  2.83%  42.9 5465s
 3005919 309240     cutoff   98        77.68865   75.49498  2.82%  42.9 5470s
 3009547 308746     cutoff   74        77.68865   75.50488  2.81%  42.8 5475s
 3011252 308140   76.57649   43  137   77.68865   75.50929  2.81%  42.8 5481s
 3013532 307727     cutoff   66        77.68865   75.51552  2.80%  42.8 5486s
 3017209 307188 infeasible   65        77.68865   75.52491  2.79%  42.8 5491s
 3019230 306727     cutoff   71        77.68865   75.52999  2.78%  42.8 5495s
 3024875 305894     cutoff   63        77.68865   75.54436  2.76%  42.8 5504s
 3026625 305263     cutoff   77        77.68865   75.54827  2.76%  42.8 5508s
 3029818 304854   76.92952   57   72   77.68865   75.55831  2.74%  42.8 5513s
 3031309 304221 infeasible   51        77.68865   75.56132  2.74%  42.8 5517s
 3033420 303719   75.56552   69  139   77.68865   75.56552  2.73%  42.7 5521s
 3035445 303182     cutoff   65        77.68865   75.57337  2.72%  42.7 5526s
 3037678 302521     cutoff   71        77.68865   75.57792  2.72%  42.7 5530s
 3040981 302003   75.58832   52   98   77.68865   75.58832  2.70%  42.7 5535s
 3043002 301437     cutoff   70        77.68865   75.59459  2.70%  42.7 5541s
 3047028 300960   75.65596   67   81   77.68865   75.60469  2.68%  42.7 5545s
 3048778 300541 infeasible   50        77.68865   75.60887  2.68%  42.7 5551s
H3050312 300541                      77.6886541   75.60926  2.68%  42.7 5551s
 3050608 300111     cutoff   77        77.68865   75.61282  2.67%  42.7 5563s
 3052251 299598   75.61409   87  102   77.68865   75.61409  2.67%  42.7 5566s
 3054041 298891     cutoff   61        77.68865   75.62253  2.66%  42.7 5572s
 3056456 298188     cutoff   54        77.68865   75.62812  2.65%  42.6 5578s
 3059399 297483     cutoff   62        77.68865   75.63714  2.64%  42.6 5583s
 3061932 296848     cutoff   53        77.68865   75.64128  2.64%  42.6 5589s
 3065912 296221 infeasible   44        77.68865   75.65399  2.62%  42.6 5596s
 3068194 295602   76.15081   52  110   77.68865   75.65897  2.61%  42.6 5602s
 3072454 295101     cutoff   58        77.68865   75.66977  2.60%  42.6 5607s
 3074551 294567     cutoff   41        77.68865   75.67429  2.59%  42.6 5612s
 3076487 294207     cutoff   60        77.68865   75.67778  2.59%  42.6 5616s
 3078306 293489 infeasible   79        77.68865   75.68501  2.58%  42.6 5622s
 3082752 292962     cutoff   70        77.68865   75.69361  2.57%  42.5 5626s
 3084544 292395     cutoff   50        77.68865   75.70074  2.56%  42.5 5630s
 3086675 291903   75.73185   56   70   77.68865   75.70542  2.55%  42.5 5635s
 3088591 291380     cutoff   61        77.68865   75.71089  2.55%  42.5 5641s
 3091181 290658     cutoff   77        77.68865   75.71813  2.54%  42.5 5647s
 3093811 290124     cutoff   73        77.68865   75.72485  2.53%  42.5 5655s
 3098677 289668   76.82363   54   77   77.68865   75.73507  2.51%  42.5 5662s
 3100607 288974     cutoff   53        77.68865   75.73938  2.51%  42.5 5668s
 3102668 288352     cutoff   57        77.68865   75.74591  2.50%  42.5 5675s
 3104879 287866     cutoff   64        77.68865   75.75119  2.49%  42.4 5680s
 3107078 287651     cutoff   50        77.68865   75.75532  2.49%  42.4 5687s
 3109962 287161     cutoff   64        77.68865   75.76277  2.48%  42.4 5694s
 3112021 286599     cutoff   83        77.68865   75.76728  2.47%  42.4 5700s
 3115499 286126     cutoff   57        77.68865   75.77712  2.46%  42.4 5707s
 3117559 285394   75.78170   73   52   77.68865   75.78170  2.45%  42.4 5715s
 3121718 285020     cutoff   31        77.68865   75.79127  2.44%  42.4 5720s
 3123571 284480   75.79656   50   81   77.68865   75.79656  2.44%  42.4 5726s
 3125556 283655   76.21779   66   95   77.68865   75.80187  2.43%  42.4 5733s
 3129625 283007   77.20185   72  134   77.68865   75.81216  2.42%  42.3 5739s
 3131841 282537   76.01603   43  123   77.68865   75.81611  2.41%  42.3 5745s
 3133621 281989 infeasible   90        77.68865   75.82191  2.40%  42.3 5751s
 3137135 281436     cutoff   62        77.68865   75.83029  2.39%  42.3 5758s
 3139167 281032   76.89634   56   84   77.68865   75.83617  2.38%  42.3 5764s
 3141102 280404   76.37708   79   67   77.68865   75.84110  2.38%  42.3 5770s
 3143355 279858     cutoff   43        77.68865   75.84603  2.37%  42.3 5775s
 3145599 279320     cutoff   61        77.68865   75.85214  2.36%  42.3 5781s
 3147653 278729     cutoff   65        77.68865   75.85938  2.35%  42.3 5789s
 3151725 278305     cutoff   72        77.68865   75.86530  2.35%  42.3 5793s
 3153610 277937     cutoff   75        77.68865   75.87239  2.34%  42.2 5800s
 3158407 277626     cutoff   49        77.68865   75.88083  2.33%  42.2 5805s
 3160229 277062     cutoff   51        77.68865   75.88625  2.32%  42.2 5811s
 3162794 276287     cutoff   59        77.68865   75.89181  2.31%  42.2 5816s
 3166981 275814   76.13781   47  107   77.68865   75.90145  2.30%  42.2 5821s
 3168925 275267   76.98561   48   92   77.68865   75.90567  2.30%  42.2 5826s
 3170981 274634     cutoff   55        77.68865   75.90892  2.29%  42.2 5830s
 3174157 274260     cutoff   53        77.68865   75.91924  2.28%  42.2 5835s
H3175181 274260                      77.6886539   75.91996  2.28%  42.2 5835s
 3175508 273810   75.96069   64   88   77.68865   75.92143  2.27%  42.2 5840s
 3177463 273229     cutoff   63        77.68865   75.92699  2.27%  42.1 5846s
 3179764 272587     cutoff   89        77.68865   75.93419  2.26%  42.1 5852s
 3184046 272039     cutoff   60        77.68865   75.94465  2.24%  42.1 5857s
 3186072 271526     cutoff   50        77.68865   75.94984  2.24%  42.1 5862s
 3188301 270877   75.95461   49   84   77.68865   75.95461  2.23%  42.1 5867s
 3192197 270262     cutoff   54        77.68865   75.96414  2.22%  42.1 5873s
 3194344 269635     cutoff   71        77.68865   75.96911  2.21%  42.1 5878s
 3196391 269107 infeasible   63        77.68865   75.97478  2.21%  42.1 5883s
 3198485 268550     cutoff   81        77.68865   75.97936  2.20%  42.1 5888s
 3200485 267903 infeasible   81        77.68865   75.98541  2.19%  42.1 5893s
 3204183 267209     cutoff   76        77.68865   75.99607  2.18%  42.1 5898s
 3206728 266439     cutoff   73        77.68865   76.00077  2.17%  42.0 5904s
 3210752 266045     cutoff   63        77.68865   76.01174  2.16%  42.0 5909s
 3212709 265341     cutoff   51        77.68865   76.01523  2.15%  42.0 5914s
 3214868 264712     cutoff   75        77.68865   76.01830  2.15%  42.0 5917s
 3216656 263941     cutoff   43        77.68865   76.02622  2.14%  42.0 5922s
 3219012 263476     cutoff   66        77.68865   76.03200  2.13%  42.0 5926s
 3220817 262774     cutoff   58        77.68865   76.03854  2.12%  42.0 5932s
 3225046 261993     cutoff   62        77.68865   76.04920  2.11%  42.0 5937s
 3227420 261378 infeasible   67        77.68865   76.05523  2.10%  42.0 5942s
 3229665 260768     cutoff   76        77.68865   76.06190  2.09%  42.0 5948s
 3231940 259887     cutoff   56        77.68865   76.06589  2.09%  41.9 5954s
 3235654 259026     cutoff   59        77.68865   76.07836  2.07%  41.9 5959s
 3235964 259026   76.18433   78  124   77.68865   76.07840  2.07%  41.9 5960s
 3240174 257549     cutoff   57        77.68865   76.09053  2.06%  41.9 5970s
 3242727 256738     cutoff   62        77.68865   76.09765  2.05%  41.9 5976s
 3244918 256072     cutoff   59        77.68865   76.10360  2.04%  41.9 5980s
 3247097 255164     cutoff   52        77.68865   76.10997  2.03%  41.9 5985s
 3250755 254362     cutoff   59        77.68865   76.12182  2.02%  41.9 5990s
 3253218 253830     cutoff   52        77.68865   76.12640  2.01%  41.9 5995s
 3255105 253204     cutoff   56        77.68865   76.13340  2.00%  41.9 6000s
 3257304 252348     cutoff   61        77.68865   76.14036  1.99%  41.9 6005s
 3259978 251631     cutoff   61        77.68865   76.14858  1.98%  41.9 6012s
 3263586 250938     cutoff   69        77.68865   76.15558  1.97%  41.8 6017s
 3265687 249983   76.28562   76  105   77.68865   76.16310  1.96%  41.8 6023s
 3268111 249337     cutoff   59        77.68865   76.17131  1.95%  41.8 6029s
 3269831 248661 infeasible   52        77.68865   76.17443  1.95%  41.8 6033s
 3272072 247785     cutoff   48        77.68865   76.18094  1.94%  41.8 6038s
 3274493 247211     cutoff   48        77.68865   76.18793  1.93%  41.8 6043s
 3276213 246067   76.26933   54  104   77.68865   76.19485  1.92%  41.8 6049s
 3279157 245140     cutoff   65        77.68865   76.20314  1.91%  41.8 6055s
 3281720 244296   77.46339   72   53   77.68865   76.21171  1.90%  41.8 6061s
 3284604 243482     cutoff   56        77.68865   76.21818  1.89%  41.8 6067s
 3287366 242590     cutoff   48        77.68865   76.22703  1.88%  41.8 6072s
 3290185 241378     cutoff   57        77.68865   76.23538  1.87%  41.7 6078s
 3293050 240615     cutoff   62        77.68865   76.24386  1.86%  41.7 6083s
 3295130 239553     cutoff   45        77.68865   76.25066  1.85%  41.7 6089s
 3296056 239553 infeasible   85        77.68865   76.25101  1.85%  41.7 6090s
 3298083 238866     cutoff   54        77.68865   76.25891  1.84%  41.7 6095s
 3299860 237796     cutoff   56        77.68865   76.26431  1.83%  41.7 6100s
 3302728 236945 infeasible   66        77.68865   76.27336  1.82%  41.7 6106s
 3305589 236226     cutoff   49        77.68865   76.27920  1.81%  41.7 6110s
 3307841 235239 infeasible   73        77.68865   76.28786  1.80%  41.7 6116s
 3310565 234144   77.58405   45  107   77.68865   76.29629  1.79%  41.7 6122s
 3313393 233270   76.46310   75  134   77.68865   76.30446  1.78%  41.7 6128s
 3315939 232186     cutoff   57        77.68865   76.31207  1.77%  41.7 6133s
 3318576 231369 infeasible   45        77.68865   76.31973  1.76%  41.7 6138s
 3320950 230455     cutoff   73        77.68865   76.32865  1.75%  41.7 6143s
 3323671 229685     cutoff   70        77.68865   76.33359  1.74%  41.6 6148s
 3325897 228573     cutoff   39        77.68865   76.34240  1.73%  41.6 6153s
 3328581 227717     cutoff   65        77.68865   76.35186  1.72%  41.6 6158s
 3331071 226764   77.19017   48  105   77.68865   76.35740  1.71%  41.6 6163s
 3333641 225982   77.27189   49  130   77.68865   76.36483  1.70%  41.6 6168s
 3336044 225029     cutoff   64        77.68865   76.37230  1.69%  41.6 6173s
 3338595 223949 infeasible   46        77.68865   76.38101  1.68%  41.6 6179s
 3341654 222913     cutoff   70        77.68865   76.38985  1.67%  41.6 6185s
 3344547 221917     cutoff   48        77.68865   76.39721  1.66%  41.6 6190s
 3347144 220961   76.51168   75   64   77.68865   76.40546  1.65%  41.6 6196s
 3350000 220283     cutoff   55        77.68865   76.41257  1.64%  41.6 6202s
 3352191 219333     cutoff   68        77.68865   76.41703  1.64%  41.6 6207s
 3355838 218556   76.42670   76   75   77.68865   76.42670  1.62%  41.5 6212s
 3358027 217753   76.53618   47  100   77.68865   76.43481  1.61%  41.5 6217s
 3360353 217025   76.44134   69   85   77.68865   76.44134  1.61%  41.5 6223s
 3362861 216298   77.32585   54   58   77.68865   76.44665  1.60%  41.5 6228s
 3365244 215284     cutoff   56        77.68865   76.45346  1.59%  41.5 6232s
 3367827 214517     cutoff   60        77.68865   76.46095  1.58%  41.5 6238s
 3370163 213584   76.68196   52  109   77.68865   76.46836  1.57%  41.5 6243s
 3374143 212648     cutoff   60        77.68865   76.47934  1.56%  41.5 6249s
 3376748 212192     cutoff   59        77.68865   76.48517  1.55%  41.5 6254s
 3377285 212192     cutoff   41        77.68865   76.48537  1.55%  41.5 6255s
 3381117 210700     cutoff   39        77.68865   76.49758  1.53%  41.5 6265s
 3383646 209613 infeasible   44        77.68865   76.50433  1.52%  41.5 6271s
 3386715 208960     cutoff   66        77.68865   76.51331  1.51%  41.4 6277s
 3388473 208287 infeasible   63        77.68865   76.51587  1.51%  41.4 6282s
 3390603 207417   76.53184   69   60   77.68865   76.52341  1.50%  41.4 6288s
 3393276 206764   76.57404   67  106   77.68865   76.52846  1.49%  41.4 6292s
 3395448 205967     cutoff   51        77.68865   76.53651  1.48%  41.4 6298s
 3397567 204744 infeasible   75        77.68865   76.54154  1.48%  41.4 6303s
 3400420 203770 infeasible   69        77.68865   76.54987  1.47%  41.4 6309s
 3403020 203070   76.81565   37  123   77.68865   76.55762  1.46%  41.4 6314s
 3405375 202212     cutoff   53        77.68865   76.56548  1.45%  41.4 6320s
 3408000 201226 infeasible   69        77.68865   76.57347  1.44%  41.4 6326s
 3410724 200564     cutoff   47        77.68865   76.57880  1.43%  41.4 6331s
 3412920 199535     cutoff   46        77.68865   76.58788  1.42%  41.4 6338s
 3415774 198847     cutoff   81        77.68865   76.59408  1.41%  41.3 6343s
 3418189 197969 infeasible   65        77.68865   76.60283  1.40%  41.3 6349s
 3420979 197145     cutoff   70        77.68865   76.60842  1.39%  41.3 6355s
 3423465 196151     cutoff   46        77.68865   76.61725  1.38%  41.3 6361s
 3426438 195504 infeasible   59        77.68865   76.62281  1.37%  41.3 6365s
 3428715 194748     cutoff   88        77.68865   76.63095  1.36%  41.3 6371s
 3431221 193688     cutoff   47        77.68865   76.63737  1.35%  41.3 6377s
 3434157 193026   76.92091   62   69   77.68865   76.64508  1.34%  41.3 6382s
 3436138 192430     cutoff   64        77.68865   76.64949  1.34%  41.3 6387s
 3438046 191548     cutoff   89        77.68865   76.65495  1.33%  41.3 6392s
 3440673 190847   76.94865   68   88   77.68865   76.66430  1.32%  41.3 6397s
 3443238 189932   77.27738   55  105   77.68865   76.67085  1.31%  41.3 6404s
 3446109 188837     cutoff   64        77.68865   76.67941  1.30%  41.2 6410s
 3450343 187867     cutoff   37        77.68865   76.69038  1.28%  41.2 6415s
 3453423 187137     cutoff   66        77.68865   76.69769  1.28%  41.2 6421s
 3456180 186202     cutoff   43        77.68865   76.70323  1.27%  41.2 6427s
 3458989 185683 infeasible   63        77.68865   76.70978  1.26%  41.2 6431s
 3461065 185090   76.71416   63   83   77.68865   76.71416  1.25%  41.2 6436s
 3464679 184311   76.96129   82   66   77.68865   76.72466  1.24%  41.2 6442s
 3467065 183478     cutoff   48        77.68865   76.73067  1.23%  41.2 6447s
 3469874 182618     cutoff   49        77.68865   76.73712  1.22%  41.2 6452s
 3472486 181918   76.76944   64   56   77.68865   76.74299  1.22%  41.1 6457s
 3474712 180941     cutoff   45        77.68865   76.74996  1.21%  41.1 6463s
 3477532 180095     cutoff   53        77.68865   76.75823  1.20%  41.1 6469s
 3480451 179337     cutoff   67        77.68865   76.76447  1.19%  41.1 6474s
 3483167 179337   76.76500   62   89   77.68865   76.76500  1.19%  41.1 6475s
 3483298 178726     cutoff   63        77.68865   76.77085  1.18%  41.1 6480s
 3486144 177956     cutoff   79        77.68865   76.77709  1.17%  41.1 6486s
 3488826 177159     cutoff   66        77.68865   76.78338  1.17%  41.1 6492s
 3491719 176220     cutoff   57        77.68865   76.78978  1.16%  41.1 6498s
 3495812 175362   77.30021   59   40   77.68865   76.80025  1.14%  41.1 6503s
 3498306 174719     cutoff   50        77.68865   76.80612  1.14%  41.0 6508s
 3500544 174026   76.85312   50   46   77.68865   76.81154  1.13%  41.0 6513s
 3502922 173421   76.81836   69   59   77.68865   76.81836  1.12%  41.0 6518s
 3505481 172481 infeasible   83        77.68865   76.82494  1.11%  41.0 6524s
 3508139 172481   76.82973   91   42   77.68865   76.82538  1.11%  41.0 6525s
 3510073 171909   76.85316   64   72   77.68865   76.83393  1.10%  41.0 6530s
 3511695 170969     cutoff   40        77.68865   76.83836  1.09%  41.0 6536s
 3514536 170265     cutoff   54        77.68865   76.84380  1.09%  41.0 6541s
 3516888 169300     cutoff   94        77.68865   76.85130  1.08%  41.0 6546s
 3519908 168494     cutoff   58        77.68865   76.85837  1.07%  41.0 6551s
 3522615 167875   76.91017   58  104   77.68865   76.86384  1.06%  41.0 6557s
 3524884 167142     cutoff   65        77.68865   76.87048  1.05%  41.0 6562s
 3527829 166314     cutoff   50        77.68865   76.87644  1.05%  40.9 6567s
 3530438 165712     cutoff   56        77.68865   76.88414  1.04%  40.9 6575s
 3532820 164860     cutoff   37        77.68865   76.88688  1.03%  40.9 6580s
 3535450 163919     cutoff   58        77.68865   76.89637  1.02%  40.9 6586s
 3538701 162913     cutoff   58        77.68865   76.90221  1.01%  40.9 6591s
 3542724 162253     cutoff   36        77.68865   76.91263  1.00%  40.9 6596s
 3545429 161685   76.92631   34   84   77.68865   76.91779  0.99%  40.9 6601s
 3547851 160975     cutoff   58        77.68865   76.92323  0.99%  40.9 6607s
 3551391 160205     cutoff   49        77.68865   76.93114  0.98%  40.9 6612s
 3554053 159501     cutoff   79        77.68865   76.93781  0.97%  40.9 6618s
 3556660 158807   76.94268   39   68   77.68865   76.94268  0.96%  40.8 6624s
 3560564 158093     cutoff   40        77.68865   76.95273  0.95%  40.8 6630s
 3563258 157520     cutoff   46        77.68865   76.95802  0.94%  40.8 6635s
 3565488 156861   77.05937   52   39   77.68865   76.96232  0.93%  40.8 6640s
 3568021 156076     cutoff   93        77.68865   76.96843  0.93%  40.8 6646s
 3570570 155532     cutoff   64        77.68865   76.97417  0.92%  40.8 6651s
 3572560 154992   77.04474   48  137   77.68865   76.97522  0.92%  40.8 6655s
 3574600 153896   76.98409   33   98   77.68865   76.98409  0.91%  40.8 6662s
 3577875 153007     cutoff   45        77.68865   76.99162  0.90%  40.8 6668s
 3580747 152222   77.47278   77   81   77.68865   76.99839  0.89%  40.8 6673s
 3583582 151415   77.04634   47   61   77.68865   77.00474  0.88%  40.8 6678s
 3586216 150585     cutoff   53        77.68865   77.01154  0.87%  40.7 6684s
 3589100 149693   77.05529   55   44   77.68865   77.01813  0.86%  40.7 6689s
 3591802 148961     cutoff   77        77.68865   77.02529  0.85%  40.7 6695s
 3594154 147952 infeasible   69        77.68865   77.03077  0.85%  40.7 6700s
 3597175 147081     cutoff   70        77.68865   77.03870  0.84%  40.7 6706s
 3600124 146069   77.04642   38   97   77.68865   77.04642  0.83%  40.7 6713s
 3603319 145236   77.11066   67   78   77.68865   77.05233  0.82%  40.7 6719s
 3605666 144511   77.29737   52   90   77.68865   77.05910  0.81%  40.7 6726s
 3607875 143476     cutoff   55        77.68865   77.06539  0.80%  40.7 6731s
 3611319 142526   77.07300   63   39   77.68865   77.07300  0.79%  40.7 6737s
 3614220 141465     cutoff   52        77.68865   77.08169  0.78%  40.6 6744s
 3617656 140550   77.32319   48  150   77.68865   77.08887  0.77%  40.6 6750s
 3620788 139719   77.12447   81   97   77.68865   77.09651  0.76%  40.6 6756s
 3623331 138853     cutoff   82        77.68865   77.10162  0.76%  40.6 6761s
 3625940 137714     cutoff   69        77.68865   77.10995  0.74%  40.6 6768s
 3629465 136602     cutoff   76        77.68865   77.11728  0.74%  40.6 6774s
 3632485 135540     cutoff   57        77.68865   77.12482  0.73%  40.6 6779s
 3635771 134430 infeasible   65        77.68865   77.13261  0.72%  40.6 6786s
 3638930 133463   77.38777   64   70   77.68865   77.14028  0.71%  40.6 6792s
 3641796 132391     cutoff   70        77.68865   77.14712  0.70%  40.6 6797s
 3644849 131378   77.15563   43   78   77.68865   77.15563  0.69%  40.5 6803s
 3647932 130269   77.16261   41   71   77.68865   77.16261  0.68%  40.5 6809s
 3650519 130269   77.26848   73   91   77.68865   77.16323  0.68%  40.5 6810s
 3651009 128400   77.24298   65   73   77.68865   77.16897  0.67%  40.5 6815s
 3654255 124558     cutoff   45        77.68865   77.17564  0.66%  40.5 6820s
 3662339 118018 infeasible   62        77.68865   77.17713  0.66%  40.4 6831s
 3666513 117042     cutoff   55        77.68865   77.18091  0.65%  40.4 6836s
 3669062 116162     cutoff   66        77.68865   77.18803  0.64%  40.4 6842s
 3671734 115369   77.29563   62   91   77.68865   77.19420  0.64%  40.4 6847s
 3674317 114373     cutoff   71        77.68865   77.19991  0.63%  40.4 6852s
 3676871 113396     cutoff   72        77.68865   77.20608  0.62%  40.4 6858s
 3679909 112480   77.64477   75  113   77.68865   77.21295  0.61%  40.4 6864s
 3682657 111332     cutoff   83        77.68865   77.21924  0.60%  40.4 6870s
 3687594 110314     cutoff  111        77.68865   77.22638  0.60%  40.4 6875s
 3688688 109408     cutoff   71        77.68865   77.23176  0.59%  40.3 6880s
 3690985 108810     cutoff   72        77.68865   77.23923  0.58%  40.3 6886s
 3692729 107742     cutoff   42        77.68865   77.24200  0.57%  40.3 6892s
 3695777 106675     cutoff   45        77.68865   77.24888  0.57%  40.3 6897s
 3698769 105532     cutoff   38        77.68865   77.25823  0.55%  40.3 6903s
 3702003 104617   77.51331   67   54   77.68865   77.26339  0.55%  40.3 6908s
 3704612 103492     cutoff   72        77.68865   77.27087  0.54%  40.3 6915s
 3707706 102432     cutoff   55        77.68865   77.27676  0.53%  40.3 6921s
 3710569 101363     cutoff   52        77.68865   77.28441  0.52%  40.3 6926s
 3713643 100557     cutoff   81        77.68865   77.29243  0.51%  40.3 6932s
 3716226 99536   77.30299   66  130   77.68865   77.29781  0.50%  40.3 6938s

Cutting planes:
  Learned: 16
  Gomory: 99
  Lift-and-project: 22
  Cover: 1784
  Implied bound: 781
  Clique: 4
  MIR: 637
  StrongCG: 6
  Flow cover: 1060
  GUB cover: 12
  Inf proof: 145
  Zero half: 37
  Network: 2
  RLT: 88
  Relax-and-lift: 55
  BQP: 2
  PSD: 2

Explored 3719324 nodes (149673537 simplex iterations) in 6938.68 seconds (3873.09 work units)
Thread count was 32 (of 32 available processors)

Solution count 10: 77.6887 77.6887 77.6887 ... 77.8503

Optimal solution found (tolerance 5.00e-03)
Best objective 7.768865583256e+01, best bound 7.730400394384e+01, gap 0.4951%
