
Gurobi 9.5.2 (linux64) logging started Wed Jul 29 03:47:49 2026

Set parameter LogFile to value "logs/oracle_RlongCmanyTlarge_18_gurobi.log"
Gurobi Optimizer version 9.5.2 build v9.5.2rc0 (linux64)
Thread count: 16 physical cores, 32 logical processors, using up to 32 threads
Optimize a model with 9330 rows, 5087 columns and 165463 nonzeros
Model fingerprint: 0x5e506522
Variable types: 3172 continuous, 1915 integer (1915 binary)
Coefficient statistics:
  Matrix range     [3e-02, 2e+03]
  Objective range  [1e+00, 1e+00]
  Bounds range     [1e+00, 6e+01]
  RHS range        [2e-02, 5e+02]

User MIP start did not produce a new incumbent solution

Presolve removed 2720 rows and 902 columns
Presolve time: 0.48s
Presolved: 6610 rows, 4185 columns, 149713 nonzeros
Variable types: 2479 continuous, 1706 integer (1706 binary)
Root relaxation presolve removed 176 rows and 113 columns
Root relaxation presolved: 6434 rows, 4072 columns, 115326 nonzeros

Extra simplex iterations after uncrush: 4

Root relaxation: objective 1.065687e+02, 6264 iterations, 0.69 seconds (1.43 work units)
Another try with MIP start

    Nodes    |    Current Node    |     Objective Bounds      |     Work
 Expl Unexpl |  Obj  Depth IntInf | Incumbent    BestBd   Gap | It/Node Time

     0     0  106.56866    0  623          -  106.56866      -     -    3s
     0     0  111.85094    0  621          -  111.85094      -     -    4s
     0     0  112.37915    0  518          -  112.37915      -     -    5s
     0     0  112.41697    0  536          -  112.41697      -     -    5s
     0     0  112.47384    0  553          -  112.47384      -     -    5s
     0     0  112.47401    0  559          -  112.47401      -     -    5s
     0     0  113.95163    0  612          -  113.95163      -     -    6s
     0     0  113.98952    0  640          -  113.98952      -     -    6s
     0     0  113.99653    0  639          -  113.99653      -     -    6s
     0     0  113.99708    0  647          -  113.99708      -     -    6s
     0     0  114.65512    0  550          -  114.65512      -     -    7s
     0     0  114.68633    0  605          -  114.68633      -     -    7s
     0     0  114.68744    0  642          -  114.68744      -     -    7s
     0     0  114.94839    0  630          -  114.94839      -     -    7s
     0     0  114.96506    0  623          -  114.96506      -     -    8s
     0     0  114.96709    0  633          -  114.96709      -     -    8s
     0     0  114.96746    0  598          -  114.96746      -     -    8s
     0     0  115.17008    0  670          -  115.17008      -     -    8s
     0     0  115.19109    0  674          -  115.19109      -     -    8s
     0     0  115.19332    0  675          -  115.19332      -     -    9s
     0     0  115.19418    0  667          -  115.19418      -     -    9s
     0     0  115.44472    0  507          -  115.44472      -     -   10s
     0     0  115.46953    0  599          -  115.46953      -     -   10s
     0     0  115.47768    0  613          -  115.47768      -     -   10s
     0     0  115.48069    0  598          -  115.48069      -     -   10s
     0     0  115.48168    0  600          -  115.48168      -     -   10s
     0     0  115.67720    0  644          -  115.67720      -     -   12s
     0     0  115.71276    0  671          -  115.71276      -     -   12s
     0     0  115.72364    0  673          -  115.72364      -     -   12s
     0     0  115.72440    0  678          -  115.72440      -     -   12s
     0     0  115.85480    0  675          -  115.85480      -     -   13s
     0     0  115.88479    0  686          -  115.88479      -     -   13s
     0     0  115.88983    0  688          -  115.88983      -     -   13s
     0     0  115.89230    0  691          -  115.89230      -     -   13s
     0     0  116.00983    0  595          -  116.00983      -     -   14s
     0     0  116.02344    0  622          -  116.02344      -     -   14s
     0     0  116.02504    0  612          -  116.02504      -     -   14s
     0     0  116.12625    0  643          -  116.12625      -     -   15s
     0     0  116.13794    0  663          -  116.13794      -     -   15s
     0     0  116.13836    0  661          -  116.13836      -     -   15s
     0     0  116.21575    0  628          -  116.21575      -     -   16s
     0     0  116.23890    0  621          -  116.23890      -     -   16s
     0     0  116.24144    0  655          -  116.24144      -     -   16s
     0     0  116.30773    0  624          -  116.30773      -     -   17s
     0     0  116.34736    0  615          -  116.34736      -     -   17s
     0     0  116.34897    0  644          -  116.34897      -     -   17s
     0     0  116.44157    0  572          -  116.44157      -     -   18s
     0     0  116.45112    0  616          -  116.45112      -     -   18s
     0     0  116.45397    0  597          -  116.45397      -     -   18s
     0     0  116.45440    0  617          -  116.45440      -     -   18s
     0     0  116.52273    0  599          -  116.52273      -     -   19s
     0     0  116.53260    0  607          -  116.53260      -     -   19s
     0     0  116.53371    0  607          -  116.53371      -     -   19s
     0     0  116.58533    0  557          -  116.58533      -     -   20s
     0     0  116.61242    0  595          -  116.61242      -     -   21s
     0     0  116.61498    0  625          -  116.61498      -     -   21s
     0     0  116.65773    0  639          -  116.65773      -     -   21s
     0     0  116.66287    0  565          -  116.66287      -     -   22s
     0     0  116.66333    0  536          -  116.66333      -     -   22s
     0     0  116.70401    0  558          -  116.70401      -     -   22s
     0     0  116.71267    0  639          -  116.71267      -     -   23s
     0     0  116.71450    0  641          -  116.71450      -     -   23s
     0     0  116.78829    0  618          -  116.78829      -     -   23s
     0     0  116.80214    0  589          -  116.80214      -     -   24s
     0     0  116.80297    0  637          -  116.80297      -     -   24s
     0     0  116.85856    0  622          -  116.85856      -     -   25s
     0     0  116.86562    0  543          -  116.86562      -     -   25s
     0     0  116.86749    0  552          -  116.86749      -     -   25s
     0     0  116.88980    0  596          -  116.88980      -     -   26s
     0     0  116.89870    0  647          -  116.89870      -     -   26s
     0     0  116.89971    0  653          -  116.89971      -     -   26s
     0     0  116.90960    0  572          -  116.90960      -     -   27s
     0     0  116.90960    0  393          -  116.90960      -     -   27s
     0     2  116.90960    0  393          -  116.90960      -     -   29s
    15    32  116.92674    4  634          -  116.92086      -   394   30s
   401   435  117.71698   38  564          -  117.44496      -   575   35s
  1731  1882  117.77762   38  597          -  117.72925      -   349   40s
  2193  2193  118.48655   36  371          -  117.74599      -   311   45s
  2203  2200  122.99548   50  623          -  117.74599      -   309   50s
  2208  2203  125.53307   27  610          -  118.00131      -   309   55s
  2213  2206  118.37103    7  353          -  118.29942      -   308   61s
  2219  2210  118.47897   34  495          -  118.47897      -   307   65s
  2224  2214  119.11930   28  384          -  118.58023      -   306   72s
  2230  2218  119.25785   25  357          -  118.65975      -   305   75s
  2234  2220  118.69223   30  397          -  118.69223      -   305   80s
  2237  2222  118.70621   38  421          -  118.70621      -   305   86s
  2240  2227  118.95737   12  445          -  118.95737      -  24.3   95s
  2242  2231  119.32205   13  445          -  119.32205      -  25.6  101s
H 2270  2149                     219.1289040  120.15976  45.2%  37.4  104s
H 2286  2053                     170.1151775  120.58235  29.1%  45.2  105s
H 2334  1984                     158.7432598  120.93711  23.8%  79.6  110s
H 2336  1887                     149.9361631  120.94686  19.3%  80.8  110s
H 2375  1818                     149.7986742  120.96557  19.2%  99.3  113s
H 2376  1731                     148.6041670  120.97380  18.6%   100  113s
H 2381  1647                     147.7819233  121.45866  17.8%   113  113s
H 2382  1569                     147.4097756  121.45866  17.6%   113  113s
H 2386  1493                     147.0830383  121.45866  17.4%   113  113s
H 2391  1421                     146.8801151  121.45866  17.3%   120  113s
H 2392  1354                     146.5549474  121.45866  17.1%   122  113s
H 2421  1320                     146.3049474  121.88370  16.7%   142  118s
H 2421  1259                     145.3916450  121.88370  16.2%   142  118s
H 2422  1202                     145.2120215  121.88864  16.1%   142  118s
H 2483  1216                     145.2094429  121.89718  16.1%   154  119s
H 2484  1164                     134.9931600  121.90019  9.70%   155  119s
H 2488  1114                     134.8821803  121.90019  9.62%   155  119s
H 2492  1065                     134.3010165  121.90019  9.23%   155  119s
H 2575   943                     133.9171053  121.92617  8.95%   163  122s
H 2654   951                     133.9171053  121.95352  8.93%   176  124s
H 2656   910                     133.8767034  121.96066  8.90%   177  124s
H 2659   871                     133.8337720  121.96197  8.87%   178  124s
H 2664   833                     133.8067804  121.96197  8.85%   180  124s
  2669   900  121.97094   41  555  133.80678  121.96400  8.85%   182  125s
  3631  1486  122.14405   71  446  133.80678  122.08322  8.76%   225  130s
H 3789  1597                     133.7933701  122.09445  8.74%   231  134s
  3843  1800  122.17214   57  455  133.79337  122.09780  8.74%   235  135s
H 4646  2288                     133.7583285  122.10986  8.71%   242  139s
H 4662  2288                     133.7504386  122.11095  8.70%   244  139s
  5004  2845  122.80665   55  377  133.75044  122.11714  8.70%   242  140s
  6438  4180  122.13142   60  452  133.75044  122.13142  8.69%   237  145s
  8758  6733  122.18667   63  412  133.75044  122.14494  8.68%   221  151s
 10067  7409  122.58114   75  426  133.75044  122.14842  8.67%   215  157s
H10070  7407                     133.7388765  122.14864  8.67%   216  157s
H10071  7402                     133.6690887  122.14867  8.62%   216  157s
 10633  8459  122.29471   65  390  133.66909  122.15081  8.62%   217  160s
 12090  9269  123.17205   69  367  133.66909  122.15415  8.61%   211  165s
 13575 11468  124.56197   68  392  133.66909  122.15787  8.61%   210  170s
 16444 14127  131.79385   63  413  133.66909  122.16313  8.61%   207  176s
 18116 15968  124.34653   63  337  133.66909  122.16698  8.60%   206  180s
 20221 18019  124.01543   79  427  133.66909  122.16963  8.60%   203  185s
 23059 20765  130.81813   73  355  133.66909  122.17322  8.60%   204  191s
 24410 20786  122.21050   72  386  133.66909  122.17662  8.60%   201  195s
 26109 23523  122.25447   53  459  133.66909  122.18008  8.60%   203  202s
 27403 24542  126.27558   77  447  133.66909  122.18145  8.59%   203  205s
 30181 27970  123.26714   86  389  133.66909  122.18512  8.59%   201  212s
 32248 29196  122.54065   72  301  133.66909  122.18749  8.59%   198  215s
 34982 31848  123.76007   60  305  133.66909  122.19099  8.59%   200  221s
 36458 32301  123.46119   82  384  133.66909  122.19303  8.59%   201  225s
 38830 35706  122.61708   88  417  133.66909  122.19578  8.58%   202  233s
 41051 36559  122.38903   61  372  133.66909  122.19915  8.58%   201  236s
 42034 38780  125.83579   42  379  133.66909  122.20038  8.58%   202  242s
 44461 40345  125.31530   77  403  133.66909  122.20211  8.58%   202  247s
 46393 42169  125.81715   85  496  133.66909  122.20460  8.58%   204  251s
 48695 43285  123.32423   63  327  133.66909  122.20710  8.57%   204  255s
 50069 45507  122.87822   97  434  133.66909  122.20900  8.57%   205  260s
 52551 46689  123.57707   78  375  133.66909  122.21255  8.57%   204  265s
 53911 48249  122.81635   53  333  133.66909  122.21378  8.57%   205  270s
 55997 50289  122.21639   60  404  133.66909  122.21567  8.57%   204  275s
 60700 54121  123.78058   68  437  133.66909  122.21946  8.57%   203  284s
 63017 56418  122.33892   68  392  133.66909  122.22094  8.56%   203  290s
 65581 56574  122.31710   76  423  133.66909  122.22339  8.56%   203  295s
 65749 58177  123.34441   96  396  133.66909  122.22449  8.56%   203  300s
 67628 60428  122.30866  103  366  133.66909  122.22585  8.56%   203  305s
 70293 62374  123.35053  111  339  133.66909  122.22743  8.56%   203  310s
 72400 64463  122.88642   74  357  133.66909  122.22887  8.56%   204  315s
 76403 68417  122.27165   99  433  133.66909  122.23259  8.56%   205  325s
 81812 72197  122.68731   99  411  133.66909  122.23621  8.55%   203  333s
 84198 73830  125.55921   75  449  133.66909  122.23673  8.55%   203  340s
H84350 73830                     133.6690886  122.23673  8.55%   202  340s
 86018 75550  124.39811  110  412  133.66909  122.23871  8.55%   203  345s
 87913 78336  123.23605  106  379  133.66909  122.23970  8.55%   202  351s
 91047 80088  123.32559   69  357  133.66909  122.24145  8.55%   202  356s
 93136 81448  123.80034  113  410  133.66909  122.24389  8.55%   202  362s
 94651 83553  124.63146   91  434  133.66909  122.24597  8.55%   202  367s
 97023 85728  122.32697   74  414  133.66909  122.24774  8.54%   202  372s
 99688 87495  123.87127  115  323  133.66909  122.24973  8.54%   201  377s
 101694 89072  122.76070  103  486  133.66909  122.25154  8.54%   202  382s
 103748 90303  122.88794   85  385  133.66909  122.25359  8.54%   202  386s
 105332 92941  122.74367   54  399  133.66909  122.25525  8.54%   201  392s
 108540 94587  123.90314  104  352  133.66909  122.25683  8.54%   200  396s
 110513 96392  122.69307  101  429  133.66909  122.25724  8.54%   200  400s
 114445 99687  122.38315   85  330  133.66909  122.26031  8.54%   199  408s
 116585 101176  122.61549  103  402  133.66909  122.26116  8.53%   199  412s
 118641 102811  123.75803   65  361  133.66909  122.26284  8.53%   199  416s
 120617 104865  123.01693   93  376  133.66909  122.26457  8.53%   198  421s
 122920 106568  123.88655  116  405  133.66909  122.26537  8.53%   198  425s
 127067 111112  122.26801  111  579  133.66909  122.26801  8.53%   198  435s
 131936 114456  122.95591   79  315  133.66909  122.27074  8.53%   197  443s
 133802 116312  122.32906  101  381  133.66909  122.27196  8.53%   196  447s
 136140 118119  124.33321   71  328  133.66909  122.27422  8.52%   196  451s
 138228 119444  124.42069   73  463  133.66909  122.27613  8.52%   196  455s
 139717 121093  125.16905  128  473  133.66909  122.27732  8.52%   196  460s
 143934 124778  126.02979  108  366  133.66909  122.28009  8.52%   197  469s
 146178 126284  124.14505   77  392  133.66909  122.28105  8.52%   197  473s
 148409 127995  122.28583  114  401  133.66909  122.28273  8.52%   197  480s
 150609 129720  127.81667   88  410  133.66909  122.28393  8.52%   197  485s
 152665 131160  122.49473   66  386  133.66909  122.28468  8.52%   196  504s
H154286 131160                     133.6690885  122.28590  8.52%   197  504s
 154361 134208  123.00816  111  457  133.66909  122.28624  8.52%   197  511s
 157792 136221  126.38062   81  469  133.66909  122.28894  8.51%   196  517s
 160186 138098  122.90488  117  392  133.66909  122.29085  8.51%   197  523s
 162345 140504  123.85920   99  365  133.66909  122.29232  8.51%   197  529s
 165051 143228  123.38122  103  384  133.66909  122.29396  8.51%   197  535s
 168236 146135  122.60406  105  435  133.66909  122.29519  8.51%   197  541s
 171415 148116  122.63610   83  378  133.66909  122.29701  8.51%   197  547s
 173672 149986  122.94827  120  405  133.66909  122.29815  8.51%   197  553s
 176023 152505  122.43816  126  413  133.66909  122.29930  8.51%   198  559s
 178960 154551  122.64578   94  434  133.66909  122.30068  8.50%   197  564s
 181352 156635  125.93886  105  368  133.66909  122.30208  8.50%   197  569s
 183729 158647  123.86283  100  397  133.66909  122.30329  8.50%   197  574s
 186201 160785  123.88683   79  317  133.66909  122.30478  8.50%   197  579s
 188580 162620  122.84599  105  347  133.66909  122.30611  8.50%   197  584s
 190576 164709  125.02105   64  369  133.66909  122.30766  8.50%   198  589s
 193195 166541  123.82566  102  424  133.66909  122.30926  8.50%   197  595s
 195612 167950  125.07235  118  403  133.66909  122.31040  8.50%   198  600s
 197189 170224  124.98044  103  365  133.66909  122.31160  8.50%   198  605s
 199980 172170  125.65773   97  465  133.66909  122.31317  8.50%   198  610s
 202295 174241  123.30524   96  394  133.66909  122.31517  8.49%   198  616s
 204762 175784  123.51590   84  287  133.66909  122.31655  8.49%   198  621s
 206943 178107  122.36963   48  433  133.66909  122.31809  8.49%   198  626s
 209639 179434  122.57900   72  354  133.66909  122.31936  8.49%   198  632s
H211212 179434                     133.6690884  122.32028  8.49%   198  632s
 211335 181453  123.81588  112  303  133.66909  122.32071  8.49%   198  637s
 213705 183958  123.45804   73  374  133.66909  122.32207  8.49%   198  644s
 216611 185409  124.97464   81  373  133.66909  122.32360  8.49%   198  648s
 218516 186772  123.56281  108  376  133.66909  122.32452  8.49%   198  653s
 220871 188701  123.27525   93  354  133.66909  122.32601  8.49%   198  658s
 223112 190289  124.37261   96  365  133.66909  122.32730  8.48%   198  662s
 225056 192427  123.88988  115  451  133.66909  122.32864  8.48%   198  667s
 227461 194528  122.73103  102  441  133.66909  122.32952  8.48%   198  672s
 229852 196687  124.90316  126  486  133.66909  122.33076  8.48%   198  677s
 232270 198231  123.00741   97  387  133.66909  122.33204  8.48%   198  682s
 234177 200578  122.95450  106  424  133.66909  122.33295  8.48%   198  688s
 236814 202035  122.83064   62  337  133.66909  122.33482  8.48%   198  692s
 238748 203620  123.13095  104  421  133.66909  122.33586  8.48%   198  697s
 240524 205808  123.41205  114  365  133.66909  122.33698  8.48%   198  702s
 243040 206987  123.17143   86  357  133.66909  122.33876  8.48%   198  708s
 244367 208360  122.41323   80  378  133.66909  122.34030  8.48%   198  714s
 246146 209701  122.41255   63  361  133.66909  122.34162  8.47%   198  719s
 248123 211571  122.58307   86  365  133.66909  122.34267  8.47%   199  725s
 250432 213536  122.59738  133  507  133.66909  122.34353  8.47%   199  730s
 252856 215017  122.35141  111  382  133.66909  122.34581  8.47%   200  736s
 254795 215487  124.56227  129  354  133.66909  122.34661  8.47%   200  740s
 255312 224399  123.62535   53  320  133.66909  122.34736  8.47%   200  760s
 265626 225110  122.40388  109  387  133.66909  122.35224  8.47%   200  765s
 266935 228071  125.48191   99  332  133.66909  122.35579  8.46%   201  774s
 269900 230386  122.57200   66  312  133.66909  122.35793  8.46%   200  780s
 272625 232541  122.81542  111  367  133.66909  122.35990  8.46%   200  785s
 274929 234249  126.41274   79  312  133.66909  122.36113  8.46%   200  791s
 276824 236250  122.92997   99  373  133.66909  122.36219  8.46%   200  797s
 279395 238259  124.66621  123  300  133.66909  122.36387  8.46%   200  802s
 281720 240246  123.28093   92  426  133.66909  122.36517  8.46%   200  807s
 283963 241957  123.05118   55  306  133.66909  122.36647  8.46%   200  812s
 285866 243913  123.94974  141  333  133.66909  122.36738  8.45%   200  817s
 288057 245561  124.13458   98  462  133.66909  122.36888  8.45%   201  822s
 290001 247506  124.66103   72  422  133.66909  122.37054  8.45%   201  828s
 292432 249288  123.26063   95  348  133.66909  122.37169  8.45%   201  833s
 294570 251852     cutoff   72       133.66909  122.37344  8.45%   201  839s
 297439 253640  126.94178  124  470  133.66909  122.37459  8.45%   201  845s
 299647 255975  125.63501  100  450  133.66909  122.37595  8.45%   201  851s
 302397 258087  124.18593   76  284  133.66909  122.37728  8.45%   201  857s
 304826 260242  123.20486   89  343  133.66909  122.37816  8.45%   202  862s
 307411 261679  122.77344  104  411  133.66909  122.37992  8.45%   201  871s
 309324 263873  125.29623  101  321  133.66909  122.38108  8.44%   202  876s
 312006 265599  122.96666   97  344  133.66909  122.38241  8.44%   202  882s
 314276 267574  125.78064   98  305  133.66909  122.38382  8.44%   202  887s
 316449 270253  123.68693  111  343  133.66909  122.38507  8.44%   202  893s
 319456 272411  123.14874   81  325  133.66909  122.38668  8.44%   202  899s
 321937 274462  122.40257   90  407  133.66909  122.38810  8.44%   202  905s
 324216 276353  122.97344   62  314  133.66909  122.38929  8.44%   202  910s
 326548 278179  123.53341   47  343  133.66909  122.39076  8.44%   202  916s
 328681 280178  122.55154   93  290  133.66909  122.39260  8.44%   202  922s
 330999 282546  124.39371  105  394  133.66909  122.39357  8.44%   202  928s
 333609 284582  123.02439   69  299  133.66909  122.39479  8.43%   202  933s
 335920 286414  122.87707   87  461  133.66909  122.39634  8.43%   203  939s
 338342 287707  123.99932   84  270  133.66909  122.39685  8.43%   203  944s
 339797 290146  123.54870  120  304  133.66909  122.39785  8.43%   203  951s
 342663 291844  124.12657   71  288  133.66909  122.39952  8.43%   203  958s
 344554 294392  123.15204  101  411  133.66909  122.40006  8.43%   203  965s
 347762 296617  122.68793  129  414  133.66909  122.40149  8.43%   203  971s
 350273 298405  123.54370  109  388  133.66909  122.40313  8.43%   203  977s
 352199 300174  122.93592   79  337  133.66909  122.40428  8.43%   204  984s
 354762 302541  123.32781   58  376  133.66909  122.40538  8.43%   204  990s
 357446 304640  122.81025   86  394  133.66909  122.40705  8.43%   204  996s
 360034 306789  122.47463  100  463  133.66909  122.40850  8.42%   204 1001s
 362456 309179  123.26939   94  326  133.66909  122.40943  8.42%   204 1008s
 365171 310952  125.73488   97  458  133.66909  122.41062  8.42%   204 1014s
 367175 313389  125.73626   82  433  133.66909  122.41160  8.42%   204 1020s
 370053 314970  122.48458   95  492  133.66909  122.41324  8.42%   204 1026s
 372126 317155  122.47308   83  401  133.66909  122.41413  8.42%   204 1032s
 374587 318022  125.88589   81  466  133.66909  122.41548  8.42%   204 1039s
 375655 320364  125.03568  121  459  133.66909  122.41599  8.42%   205 1046s
 378299 322753  122.91704   72  389  133.66909  122.41761  8.42%   205 1053s
 380954 324203  124.33878  135  455  133.66909  122.41913  8.42%   205 1061s
 383042 326406  123.79232   80  454  133.66909  122.42021  8.42%   205 1068s
 385828 328410  126.00956   84  364  133.66909  122.42100  8.41%   205 1074s
 388085 330542  125.64003   82  402  133.66909  122.42233  8.41%   206 1080s
 390496 332775  122.47710   97  430  133.66909  122.42375  8.41%   206 1086s
 393230 334931  123.97447  111  464  133.66909  122.42480  8.41%   206 1092s
 396239 336495  123.75468   68  347  133.66909  122.42650  8.41%   205 1098s
 398320 338798  122.80265   92  411  133.66909  122.42756  8.41%   206 1104s
 401015 340590  122.71319  102  380  133.66909  122.42865  8.41%   206 1109s
 403474 342854  125.04983   80  399  133.66909  122.42963  8.41%   206 1115s
 406169 344175  123.05295  122  390  133.66909  122.43095  8.41%   206 1121s
 407611 345660  122.54036   93  331  133.66909  122.43210  8.41%   206 1127s
 409369 348611  123.75464  114  409  133.66909  122.43281  8.41%   206 1134s
 412937 350744  124.40512   77  331  133.66909  122.43452  8.40%   206 1141s
 415665 353118  123.20299  101  341  133.66909  122.43633  8.40%   206 1146s
 418406 355351  125.30512   61  431  133.66909  122.43790  8.40%   206 1152s
 420965 357557  123.90979   81  350  133.66909  122.43908  8.40%   206 1158s
 423627 359872  123.50601  100  310  133.66909  122.44037  8.40%   206 1163s
 426244 361969  122.44305   82  354  133.66909  122.44152  8.40%   206 1169s
 428719 364076  122.57023  108  415  133.66909  122.44308  8.40%   206 1175s
 431060 366296  122.50168   85  321  133.66909  122.44413  8.40%   205 1181s
 433905 367052  125.89086  104  378  133.66909  122.44579  8.40%   205 1191s
 434743 369236  123.69697  104  373  133.66909  122.44646  8.40%   205 1197s
 437184 371203  122.53060   80  409  133.66909  122.44779  8.39%   205 1203s
 439775 373231  125.85225  105  386  133.66909  122.44898  8.39%   205 1210s
 441998 375240  122.45160   58  450  133.66909  122.45036  8.39%   205 1216s
 444527 377505  122.57697  115  332  133.66909  122.45141  8.39%   205 1223s
 447541 379599  122.55459  121  432  133.66909  122.45303  8.39%   205 1229s
 449829 381624  123.38870  111  313  133.66909  122.45418  8.39%   205 1235s
 452501 383377  122.47964  111  431  133.66909  122.45496  8.39%   205 1240s
 454538 385187  124.42510  121  433  133.66909  122.45603  8.39%   205 1246s
 457181 386727  133.42259   88  321  133.66909  122.45719  8.39%   206 1251s
 459328 388359  123.69477  130  445  133.66909  122.45791  8.39%   206 1256s
 461284 390675  124.52548   96  367  133.66909  122.45954  8.39%   206 1263s
 464079 392971  123.06110   73  342  133.66909  122.46079  8.39%   206 1268s
 466789 394516  125.13764   93  443  133.66909  122.46255  8.38%   206 1273s
 469100 396590  123.76420  122  406  133.66909  122.46344  8.38%   206 1279s
 471546 399279  122.52516   78  383  133.66909  122.46486  8.38%   206 1285s
 474544 400725  124.12981  116  469  133.66909  122.46665  8.38%   205 1290s
 476635 401888  124.18329   74  393  133.66909  122.46789  8.38%   205 1296s
H476959 401888                     133.6690878  122.46798  8.38%   205 1296s
 478176 403371  122.54390   61  378  133.66909  122.46880  8.38%   205 1301s
 480098 405660  124.00223   99  302  133.66909  122.46954  8.38%   205 1308s
 483166 407910  122.53179  121  331  133.66909  122.47026  8.38%   205 1313s
 485877 410270  124.48033  104  362  133.66909  122.47149  8.38%   205 1319s
 488580 411938  123.16284  111  325  133.66909  122.47276  8.38%   205 1324s
 491119 413830  124.38862  113  497  133.66909  122.47413  8.38%   205 1330s
 493266 414936  124.86325   96  398  133.66909  122.47464  8.37%   205 1337s
H493624 414936                     133.6690878  122.47512  8.37%   205 1337s
 494588 419120  122.54002   92  296  133.66909  122.47594  8.37%   205 1348s
 499348 420700  122.96919  117  439  133.66909  122.47768  8.37%   205 1355s
 501391 422479  125.59878  102  377  133.66909  122.47860  8.37%   205 1361s
 503854 424499  123.60680   74  370  133.66909  122.47970  8.37%   205 1367s
 506369 426849  122.54981   83  398  133.66909  122.48046  8.37%   205 1374s
 509152 429615  124.52344  103  404  133.66909  122.48163  8.37%   205 1380s
 512425 431038  123.56464   78  346  133.66909  122.48333  8.37%   205 1385s
 514689 438927  126.60838   81  426  133.66909  122.48493  8.37%   205 1410s
 524361 441573  124.47717   74  426  133.66909  122.48745  8.37%   205 1417s
 527554 443908  123.16367  103  386  133.66909  122.48948  8.36%   204 1423s
 530456 446231  122.49382   70  396  133.66909  122.49142  8.36%   204 1428s
 533125 448299  122.96867   81  387  133.66909  122.49335  8.36%   204 1433s
 535518 450026  124.02236   90  309  133.66909  122.49395  8.36%   204 1439s
 537712 452091  125.36725   97  399  133.66909  122.49543  8.36%   204 1446s
 540491 454364  122.96487   83  265  133.66909  122.49686  8.36%   204 1452s
 543337 456697  122.51783   80  401  133.66909  122.49823  8.36%   204 1458s
 546042 458838  122.65061  106  410  133.66909  122.49911  8.36%   204 1463s
 548473 461169  123.21599   59  368  133.66909  122.50038  8.36%   204 1469s
 551012 463256  132.30481   73  450  133.66909  122.50120  8.35%   204 1474s
 553302 465707  123.29559  113  339  133.66909  122.50270  8.35%   204 1480s
 556109 467728  125.89399  111  372  133.66909  122.50373  8.35%   203 1486s
 558495 469756  123.03499   84  362  133.66909  122.50491  8.35%   203 1493s
 560944 471738  125.58669   80  291  133.66909  122.50594  8.35%   203 1498s
 563173 474071  124.24238   99  521  133.66909  122.50759  8.35%   203 1504s
 565737 476168  123.54966   97  385  133.66909  122.50878  8.35%   203 1510s
 568094 478118  124.05394  112  331  133.66909  122.50990  8.35%   203 1515s
 570705 479840  123.47082   85  319  133.66909  122.51157  8.35%   203 1521s
 572963 481918  124.11397   78  353  133.66909  122.51291  8.35%   203 1527s
 575389 483717  122.64833   83  421  133.66909  122.51439  8.35%   203 1533s
 577492 485452  124.26867   65  424  133.66909  122.51562  8.34%   203 1539s
 579601 487534  122.99765  116  442  133.66909  122.51671  8.34%   203 1545s
 582552 489702  122.53512   82  418  133.66909  122.51866  8.34%   203 1551s
 585192 490799  122.67584   50  328  133.66909  122.51955  8.34%   203 1557s
 586501 491426  124.11878  126  454  133.66909  122.52044  8.34%   203 1561s
 587321 494441  127.14188   82  410  133.66909  122.52128  8.34%   203 1568s
 590886 496435  122.55344  112  416  133.66909  122.52252  8.34%   203 1574s
 593512 497856  124.21133  101  339  133.66909  122.52410  8.34%   203 1581s
 595350 500530  122.60720   94  411  133.66909  122.52496  8.34%   203 1588s
 598557 502652  123.05372   66  424  133.66909  122.52668  8.34%   203 1594s
 601085 504407  123.08183   90  419  133.66909  122.52788  8.33%   203 1599s
 603458 506875  124.79255   82  430  133.66909  122.52965  8.33%   203 1605s
 606280 508558  125.78166   99  432  133.66909  122.53113  8.33%   203 1611s
 608505 511138  125.47481   97  427  133.66909  122.53274  8.33%   203 1616s
 611517 512755  122.77763  106  344  133.66909  122.53423  8.33%   203 1621s
 613408 514093  123.37671  128  414  133.66909  122.53508  8.33%   203 1627s
 615361 515957  122.54489   67  265  133.66909  122.53671  8.33%   203 1632s
 617882 518141  122.78845   96  465  133.66909  122.53816  8.33%   203 1638s
 620421 520216  122.58803  120  320  133.66909  122.53973  8.33%   203 1644s
 622741 522722  122.84554  103  451  133.66909  122.54102  8.33%   203 1650s
 625682 523856  123.51262   94  341  133.66909  122.54238  8.32%   203 1656s
 627151 526121  122.57339  106  420  133.66909  122.54338  8.32%   203 1663s
 629837 528216  123.16493   92  460  133.66909  122.54469  8.32%   203 1669s
 632509 530629  133.45625   70  282  133.66909  122.54553  8.32%   203 1675s
 635218 532334  123.57228   99  344  133.66909  122.54679  8.32%   203 1681s
 637568 534507  125.56470   93  328  133.66909  122.54837  8.32%   203 1686s
 640024 536236  122.68560   82  433  133.66909  122.55015  8.32%   203 1692s
 642276 538231  122.75703   90  302  133.66909  122.55129  8.32%   203 1698s
 644702 540445  122.82539   69  290  133.66909  122.55211  8.32%   203 1703s
 647186 542565  123.51596   95  361  133.66909  122.55387  8.32%   203 1709s
 649745 544364  123.08087  108  353  133.66909  122.55514  8.31%   203 1715s
 652288 547064  126.78131   52  326  133.66909  122.55690  8.31%   203 1721s
 655385 548922  123.40712   71  329  133.66909  122.55791  8.31%   202 1727s
 657666 550418  122.87542   94  304  133.66909  122.55926  8.31%   202 1732s
 659529 552439  123.54024   59  402  133.66909  122.56038  8.31%   203 1737s
 661948 553827  122.67478   84  320  133.66909  122.56167  8.31%   202 1743s
 663538 555826  133.26713   66  258  133.66909  122.56243  8.31%   202 1750s
 666123 557859  126.62956   86  323  133.66909  122.56367  8.31%   202 1755s
 668956 559941  125.32549   84  443  133.66909  122.56446  8.31%   202 1760s
 671279 561591  125.08957   97  373  133.66909  122.56623  8.31%   202 1767s
H671353 561132                     133.6587256  122.56623  8.30%   202 1767s
 673412 562507  122.74237  110  320  133.65873  122.56716  8.30%   202 1774s
 675062 564694  122.67616   99  398  133.65873  122.56855  8.30%   202 1779s
 677526 567008  122.59389   45  385  133.65873  122.56978  8.30%   202 1785s
 680245 568994  122.77572  129  400  133.65873  122.57099  8.30%   202 1791s
 682559 570696  123.24352  113  452  133.65873  122.57242  8.29%   202 1796s
 684745 572792  133.36507   75  289  133.65873  122.57386  8.29%   202 1802s
 687244 574743  122.62660   63  291  133.65873  122.57506  8.29%   202 1808s
 689991 576052  123.28699  106  333  133.65873  122.57658  8.29%   202 1813s
 691733 578348  133.32472   50  285  133.65873  122.57745  8.29%   202 1819s
 694655 580646  123.57472   86  304  133.65873  122.57914  8.29%   202 1824s
 697210 582760  122.84835  127  324  133.65873  122.58024  8.29%   202 1829s
 699647 585036  125.58773   86  501  133.65873  122.58164  8.29%   202 1835s
 702336 587500  123.36874  129  374  133.65873  122.58311  8.29%   202 1840s
 705152 589521  127.09425   96  401  133.65873  122.58443  8.29%   201 1847s
 707602 591892  123.02878  123  355  133.65873  122.58576  8.28%   201 1853s
 710368 593476  123.26044   87  357  133.65873  122.58718  8.28%   201 1858s
 712577 595070  126.19858   95  334  133.65873  122.58854  8.28%   201 1863s
 714899 597340  125.68880   95  424  133.65873  122.58938  8.28%   201 1869s
H715338 597340                     133.6587256  122.58943  8.28%   201 1869s
 716087 597340  122.68275   92  429  133.65873  122.58974  8.28%   201 1870s
 717562 598494  124.37818  124  339  133.65873  122.59067  8.28%   201 1876s
H718393 598494                     133.6587256  122.59106  8.28%   201 1876s
 719013 600669  124.07115  109  345  133.65873  122.59132  8.28%   201 1882s
 721458 602616  124.69960  113  360  133.65873  122.59245  8.28%   201 1888s
 723883 604874  122.63651   91  368  133.65873  122.59372  8.28%   201 1894s
 726538 607890  122.60691   80  392  133.65873  122.59506  8.28%   201 1901s
 730017 609834  123.77777   99  406  133.65873  122.59667  8.28%   201 1905s
 732234 611690  124.04945  114  433  133.65873  122.59751  8.28%   201 1910s
 734525 613421  123.30180  110  323  133.65873  122.59822  8.28%   201 1915s
 738540 616453  124.55434   86  378  133.65873  122.59996  8.27%   201 1924s
 740549 618716  124.14356  114  421  133.65873  122.60082  8.27%   200 1929s
 743242 620655  123.87259  114  318  133.65873  122.60171  8.27%   200 1934s
 745780 622010  123.26273   72  364  133.65873  122.60258  8.27%   200 1939s
H746367 621979                     133.6581141  122.60288  8.27%   200 1940s
 747594 622038  123.86853  118  385  133.65811  122.60336  8.27%   200 1957s
H747595 622038                     133.6581140  122.60336  8.27%   200 1957s
 747667 634482  123.16243   70  376  133.65811  122.60372  8.27%   200 1994s
 762682 634482  122.82752   76  462  133.65811  122.60914  8.27%   200 1995s
 764255 637273  123.45090   89  349  133.65811  122.61027  8.27%   200 2004s
 767559 639365  126.76380  124  424  133.65811  122.61166  8.26%   200 2010s
 770405 641013  123.34740  118  330  133.65811  122.61283  8.26%   199 2016s
 772969 643108  123.53208   71  382  133.65811  122.61420  8.26%   199 2022s
 775845 645300 infeasible  105       133.65811  122.61515  8.26%   199 2028s
 778467 646906  123.49394   96  396  133.65811  122.61651  8.26%   199 2034s
 780763 648751  124.05226   91  286  133.65811  122.61770  8.26%   199 2038s
 782910 650697  125.84463   99  472  133.65811  122.61859  8.26%   199 2043s
 785129 653015     cutoff   76       133.65811  122.61948  8.26%   199 2049s
 787825 655348  122.70389  103  417  133.65811  122.62059  8.26%   199 2054s
 790507 657364  123.48390   83  334  133.65811  122.62132  8.26%   199 2059s
 792911 659614  123.55368  122  358  133.65811  122.62262  8.26%   199 2065s
 795889 661246  126.17289  110  397  133.65811  122.62374  8.26%   199 2075s
H797644 661246                     133.6581139  122.62432  8.26%   199 2075s
 797765 663501  122.77490  124  342  133.65811  122.62476  8.25%   199 2081s
 800495 665679  123.23145  125  361  133.65811  122.62603  8.25%   199 2087s
 803341 667965  133.63489   69  232  133.65811  122.62707  8.25%   198 2092s
 806034 670174  129.99337  133  327  133.65811  122.62818  8.25%   198 2098s
 808911 672202  122.68986  120  423  133.65811  122.62922  8.25%   198 2103s
 811412 674128  122.65629   67  311  133.65811  122.63025  8.25%   198 2108s
 813595 676397  133.55612   89  306  133.65811  122.63164  8.25%   198 2115s
 816116 678857  123.54630  105  316  133.65811  122.63241  8.25%   198 2120s
 819192 680697  125.99408  141  474  133.65811  122.63399  8.25%   198 2126s
 821729 683039  133.30564   59  269  133.65811  122.63497  8.25%   198 2131s
 824580 685008  123.29864   79  377  133.65811  122.63573  8.25%   198 2137s
 826805 687089  123.15338   65  224  133.65811  122.63661  8.25%   197 2142s
 829355 688890  123.11722   64  373  133.65811  122.63772  8.25%   197 2146s
 831481 690696  122.83508  122  365  133.65811  122.63892  8.24%   197 2151s
 833715 692348  123.57732  107  352  133.65811  122.63969  8.24%   197 2156s
 835688 694483 infeasible   80       133.65811  122.64022  8.24%   197 2163s
 838453 695860  122.70390   88  367  133.65811  122.64122  8.24%   197 2170s
 840138 698167  133.59582   80  303  133.65811  122.64240  8.24%   197 2176s
 842943 701425  123.36021   81  405  133.65811  122.64336  8.24%   197 2181s
 846729 702863  122.83337  103  455  133.65811  122.64480  8.24%   197 2186s
 848466 703737  123.64242   80  392  133.65811  122.64551  8.24%   197 2190s
 849467 706025     cutoff   68       133.65811  122.64649  8.24%   197 2195s
 852092 708127  124.69540  141  444  133.65811  122.64748  8.24%   196 2201s
 854620 710262  122.96584   93  403  133.65811  122.64890  8.24%   196 2206s
 857304 712729 infeasible   81       133.65811  122.65016  8.24%   196 2213s
 860429 714687  123.08488  126  389  133.65811  122.65127  8.24%   196 2218s
 862783 716590  123.94872  108  376  133.65811  122.65219  8.23%   196 2222s
 865014 718581  127.72132   95  401  133.65811  122.65276  8.23%   196 2227s
 867370 720618  122.66234   70  242  133.65811  122.65369  8.23%   196 2233s
 869827 722928  123.95841   85  334  133.65811  122.65482  8.23%   196 2238s
 872671 724809  125.25910  159  607  133.65811  122.65611  8.23%   196 2243s
 875130 726426  122.99114  126  377  133.65811  122.65695  8.23%   196 2248s
 877289 728384  125.15103   81  351  133.65811  122.65772  8.23%   195 2254s
H879090 728383                     133.6581109  122.65825  8.23%   195 2255s
 879588 730783  123.43787  114  302  133.65811  122.65896  8.23%   195 2261s
 882571 732404  125.52677   92  380  133.65811  122.65974  8.23%   195 2266s
 884587 734630  122.66354   65  300  133.65811  122.66070  8.23%   195 2271s
 887250 736735  122.79270  110  397  133.65811  122.66168  8.23%   195 2277s
 889804 738377  124.37769   71  363  133.65811  122.66259  8.23%   195 2282s
 892206 740557  125.04460  116  459  133.65811  122.66385  8.23%   195 2287s
 894730 742586  123.02076   85  270  133.65811  122.66453  8.23%   195 2292s
 897547 744745  122.92359   78  451  133.65811  122.66578  8.22%   195 2297s
 900129 746928  123.66955  113  358  133.65811  122.66672  8.22%   195 2304s
 902916 748701  125.53734  107  366  133.65811  122.66776  8.22%   194 2309s
 904965 749736  122.70434   99  327  133.65811  122.66884  8.22%   194 2313s
 906261 752219  133.39760   81  361  133.65811  122.66955  8.22%   194 2320s
 909232 754171  123.36130   98  404  133.65811  122.67043  8.22%   194 2326s
 911794 756115  124.13740   73  406  133.65811  122.67135  8.22%   194 2333s
 914419 758338  133.60119  101  284  133.65811  122.67241  8.22%   194 2339s
 917212 760190  123.27809   72  297  133.65811  122.67337  8.22%   194 2345s
 921155 762773     cutoff   87       133.65811  122.67500  8.22%   194 2355s
 922704 766436  122.99478  114  386  133.65811  122.67578  8.22%   194 2364s
 927225 769311     cutoff  106       133.65811  122.67726  8.22%   194 2371s
 930509 770951  122.90054  121  483  133.65811  122.67893  8.21%   194 2376s
 933071 772691  123.39683   95  291  133.65811  122.67957  8.21%   194 2381s
 935489 774297  124.17658   73  322  133.65811  122.68086  8.21%   193 2386s
 937583 775719  125.51717   92  350  133.65811  122.68146  8.21%   193 2391s
 939368 778119  124.77074   81  372  133.65811  122.68244  8.21%   193 2397s
 942441 780928  133.65561  121  296  133.65811  122.68349  8.21%   193 2403s
 945781 782744  124.65989   82  362  133.65811  122.68487  8.21%   193 2408s
 947947 784522     cutoff  104       133.65811  122.68578  8.21%   193 2412s
 950117 785872  124.52923  120  309  133.65811  122.68648  8.21%   193 2418s
 951767 787969  122.98972  124  420  133.65811  122.68729  8.21%   193 2423s
 954310 789900  124.75811   63  410  133.65811  122.68847  8.21%   193 2428s
 956636 792337     cutoff   88       133.65811  122.68905  8.21%   193 2433s
 959634 794027  124.70508  130  313  133.65811  122.69004  8.21%   192 2438s
 961669 795717  123.04541  125  449  133.65811  122.69056  8.21%   192 2443s
 964029 798131  123.09010   67  372  133.65811  122.69129  8.21%   192 2450s
 968404 800935  122.85219  127  358  133.65811  122.69303  8.20%   192 2459s
 970876 803626  123.58890   87  320  133.65811  122.69381  8.20%   192 2465s
 974003 805627  122.71441   73  282  133.65811  122.69485  8.20%   192 2470s
 976455 807752  127.39371   76  381  133.65811  122.69570  8.20%   192 2475s
 978992 809560  125.59348   65  329  133.65811  122.69669  8.20%   192 2480s
 981298 811428  131.40121  114  459  133.65811  122.69742  8.20%   192 2485s
 983850 813124  133.54351   72  282  133.65811  122.69847  8.20%   192 2490s
 986008 815614  122.98504   79  411  133.65811  122.69922  8.20%   192 2497s
 989212 817601  127.34779  109  379  133.65811  122.70022  8.20%   191 2501s
 991712 818503  122.83085   62  351  133.65811  122.70161  8.20%   191 2506s
 992740 820238  122.73099   79  316  133.65811  122.70212  8.20%   191 2511s
 995390 822199  125.30138   94  311  133.65811  122.70277  8.20%   191 2517s
 997970 823842  124.37827  111  328  133.65811  122.70401  8.20%   191 2522s
 1000193 825677  133.48908   74  254  133.65811  122.70467  8.20%   191 2527s
 1002388 827933  123.40207   75  231  133.65811  122.70536  8.19%   191 2533s
 1004967 829872     cutoff   89       133.65811  122.70608  8.19%   191 2538s
 1007267 831654  132.62358   83  366  133.65811  122.70743  8.19%   191 2544s
 1009493 832156     cutoff   71       133.65811  122.70779  8.19%   191 2548s
 1010089 835889  122.73488   64  312  133.65811  122.70853  8.19%   191 2557s
 1015155 837853  123.42813   80  384  133.65811  122.70953  8.19%   191 2562s
 1017925 840083  122.74111   56  426  133.65811  122.71022  8.19%   190 2568s
 1020587 842043  123.23490   88  396  133.65811  122.71087  8.19%   190 2573s
 1023393 844239  125.46288   98  395  133.65811  122.71197  8.19%   190 2578s
 1026145 846301  123.60994   81  349  133.65811  122.71276  8.19%   190 2583s
 1028906 849002  123.55243   88  342  133.65811  122.71404  8.19%   190 2590s
 1032042 851026  124.05235   90  322  133.65811  122.71523  8.19%   190 2595s
 1037046 854806     cutoff   66       133.65811  122.71702  8.19%   190 2604s
 1039595 856703     cutoff   69       133.65811  122.71756  8.19%   190 2609s
 1041734 858764  123.29484   70  253  133.65811  122.71815  8.19%   189 2614s
 1044218 859778  123.33583  101  292  133.65811  122.71951  8.18%   189 2619s
 1045590 861941     cutoff   79       133.65811  122.71992  8.18%   189 2624s
 1048357 864174     cutoff  113       133.65811  122.72123  8.18%   189 2629s
 1051492 866883  126.18320   96  406  133.65811  122.72201  8.18%   189 2636s
 1055177 869118  122.79166  122  470  133.65811  122.72319  8.18%   189 2640s
 1060287 872319  122.90412   75  348  133.65811  122.72475  8.18%   188 2648s
 1062234 873915  129.16912  162  465  133.65811  122.72546  8.18%   188 2652s
 1064535 875751  125.89156  111  311  133.65811  122.72607  8.18%   188 2656s
 1066819 877149  124.79918  113  428  133.65811  122.72688  8.18%   188 2660s
 1068667 878837  133.30685   56  292  133.65811  122.72771  8.18%   188 2665s
 1070881 880944  122.95088   91  402  133.65811  122.72852  8.18%   188 2670s
 1073460 884162  122.99811  121  361  133.65811  122.72910  8.18%   188 2677s
 1077450 886051     cutoff   94       133.65811  122.73005  8.18%   188 2681s
 1081708 888542  133.65221   82  284  133.65811  122.73152  8.18%   187 2688s
 1083617 889621     cutoff   65       133.65811  122.73218  8.17%   187 2692s
 1085184 891363 infeasible   82       133.65811  122.73251  8.17%   187 2696s
 1087291 892913  124.66492   90  441  133.65811  122.73341  8.17%   187 2701s
 1089591 894366  130.23398  106  388  133.65811  122.73397  8.17%   187 2705s
 1091546 895918  127.71231  158  445  133.65811  122.73484  8.17%   187 2710s
 1093536 897651     cutoff  121       133.65811  122.73540  8.17%   187 2715s
 1096105 899247  124.99574   81  362  133.65811  122.73616  8.17%   187 2721s
 1098368 901067  125.73189   74  359  133.65811  122.73720  8.17%   187 2727s
 1100809 903211  126.06868  105  489  133.65811  122.73783  8.17%   187 2734s
 1104013 905458  123.17829   94  314  133.65811  122.73905  8.17%   187 2739s
 1106869 906556  126.47088   90  324  133.65811  122.73999  8.17%   187 2745s
 1108923 908856  123.25833   94  458  133.65811  122.74116  8.17%   187 2754s
 1109122 908856     cutoff  106       133.65811  122.74124  8.17%   187 2755s
 1111851 910882  123.88554  131  405  133.65811  122.74197  8.17%   187 2761s
 1114696 912947  123.40760   71  373  133.65811  122.74265  8.17%   187 2766s
 1117393 915536  122.75773   96  394  133.65811  122.74372  8.17%   187 2773s
 1120554 916886  124.50480  102  415  133.65811  122.74484  8.17%   187 2778s
 1122427 919053     cutoff   83       133.65811  122.74555  8.16%   187 2783s
 1125356 920890  127.47141  106  406  133.65811  122.74609  8.16%   187 2788s
 1127927 922774  124.30320   68  205  133.65811  122.74729  8.16%   186 2792s
 1130344 924646  124.12667   79  351  133.65811  122.74794  8.16%   186 2797s
 1132876 926534  125.07460   86  447  133.65811  122.74904  8.16%   186 2802s
 1135411 928395  133.50509   85  307  133.65811  122.74986  8.16%   186 2807s
 1137849 930352  123.17056  130  230  133.65811  122.75104  8.16%   186 2814s
 1140504 932532     cutoff   63       133.65811  122.75179  8.16%   186 2819s
 1143211 935039  122.85006   99  430  133.65811  122.75275  8.16%   186 2825s
 1146189 936812  122.79312   82  293  133.65811  122.75365  8.16%   186 2830s
 1150635 940251  124.42511   95  392  133.65811  122.75549  8.16%   186 2839s
 1153395 941511  124.28977   68  232  133.65811  122.75656  8.16%   186 2846s
 1155014 942345  123.94248   71  370  133.65811  122.75717  8.16%   186 2850s
 1157798 945631  122.86248   76  364  133.65811  122.75821  8.16%   185 2860s
 1160498 947603     cutoff   86       133.65811  122.75895  8.15%   185 2866s
 1163462 949235  123.16404  114  375  133.65811  122.75982  8.15%   185 2871s
 1165809 951278  123.74950  145  410  133.65811  122.76090  8.15%   185 2876s
 1168466 952926  122.93454   75  268  133.65811  122.76155  8.15%   185 2881s
 1170919 954649  123.92265   73  265  133.65811  122.76232  8.15%   185 2886s
 1173302 956433  124.10497   71  313  133.65811  122.76326  8.15%   185 2890s
 1175587 958048  124.80517   67  433  133.65811  122.76401  8.15%   185 2895s
 1177977 959974  122.89993   60  330  133.65811  122.76452  8.15%   185 2900s
 1180457 961606  123.99834   72  253  133.65811  122.76512  8.15%   185 2906s
 1182404 964006  126.85956   90  462  133.65811  122.76593  8.15%   185 2912s
 1185317 965781  123.93463   71  268  133.65811  122.76678  8.15%   185 2917s
 1187790 967629     cutoff   85       133.65811  122.76815  8.15%   185 2922s
 1190047 969538  133.30853   85  271  133.65811  122.76875  8.15%   185 2927s
 1192474 971834  122.94436   85  257  133.65811  122.76955  8.15%   185 2932s
 1195727 973508  124.46093  132  278  133.65811  122.77092  8.15%   184 2937s
 1198090 975355  125.08570   90  365  133.65811  122.77131  8.15%   184 2942s
 1200464 977386  124.72350   97  385  133.65811  122.77195  8.14%   184 2946s
 1202846 979022  123.83374   98  393  133.65811  122.77311  8.14%   184 2952s
 1205085 980747  122.92505  131  390  133.65811  122.77383  8.14%   184 2959s
 1207409 982729  133.40875   73  263  133.65811  122.77468  8.14%   184 2965s
 1210245 985082     cutoff  123       133.65811  122.77532  8.14%   184 2972s
 1213185 987445  123.96662   70  359  133.65811  122.77643  8.14%   184 2978s
 1216186 989670  122.82490   82  315  133.65811  122.77696  8.14%   184 2983s
 1218886 991435  122.83726   89  402  133.65811  122.77828  8.14%   184 2989s
 1221184 993724     cutoff   71       133.65811  122.77898  8.14%   184 2994s
 1223936 995971  123.30346  130  363  133.65811  122.77997  8.14%   184 3000s
 1226770 998882 infeasible  102       133.65811  122.78088  8.14%   184 3006s
 1230327 1000730  123.98340   86  359  133.65811  122.78167  8.14%   183 3010s
 1232528 1002553  122.84593   79  335  133.65811  122.78278  8.14%   183 3015s
 1237220 1005492  122.92971   80  268  133.65811  122.78402  8.14%   183 3023s
 1238821 1007169  124.25630   88  347  133.65811  122.78440  8.14%   183 3028s
 1241198 1009054  122.98369  115  373  133.65811  122.78482  8.14%   183 3033s
 1243722 1011243  125.05259   90  406  133.65811  122.78571  8.13%   183 3037s
 1246382 1013441  122.85523   80  332  133.65811  122.78660  8.13%   183 3044s
 1249249 1015276  125.18784   64  285  133.65811  122.78752  8.13%   183 3049s
 1251852 1016905     cutoff   89       133.65811  122.78808  8.13%   183 3054s
 1253882 1018865     cutoff   77       133.65811  122.78883  8.13%   183 3059s
 1256456 1021431     cutoff  104       133.65811  122.78951  8.13%   183 3064s
 1259578 1023510  122.91118  100  279  133.65811  122.79028  8.13%   183 3069s
 1262224 1024385 infeasible   91       133.65811  122.79096  8.13%   182 3074s
 1263511 1026317  133.63742  112  272  133.65811  122.79151  8.13%   182 3079s
 1266108 1027194     cutoff   83       133.65811  122.79223  8.13%   182 3084s
 1267517 1027674  123.36246   77  453  133.65811  122.79279  8.13%   182 3089s
 1268092 1037150     cutoff   81       133.65811  122.79296  8.13%   182 3111s
 1280942 1039005  126.17595   98  329  133.65811  122.79553  8.13%   182 3117s
 1283237 1041249  123.66577   99  296  133.65811  122.79624  8.13%   182 3122s
 1285840 1043455  122.81004  139  438  133.65811  122.79728  8.13%   182 3127s
 1288694 1045657  125.06850   68  365  133.65811  122.79801  8.13%   182 3133s
 1291608 1047724  133.58440   97  300  133.65811  122.79895  8.12%   182 3138s
 1294404 1049548  133.64568   97  301  133.65811  122.79985  8.12%   182 3142s
 1296921 1051757  123.00606   95  252  133.65811  122.80092  8.12%   182 3147s
 1299624 1053344  122.86896   66  309  133.65811  122.80185  8.12%   181 3152s
 1301757 1054694     cutoff   88       133.65811  122.80233  8.12%   181 3157s
 1303408 1056142  133.40405   82  367  133.65811  122.80284  8.12%   181 3161s
 1305367 1058609     cutoff   82       133.65811  122.80340  8.12%   181 3167s
 1308392 1060916  122.84728   76  333  133.65811  122.80403  8.12%   181 3172s
 1311271 1063553  123.19784   56  292  133.65811  122.80468  8.12%   181 3178s
 1314845 1065233  123.08000  135  346  133.65811  122.80587  8.12%   181 3182s
 1317007 1066117  122.94265   85  370  133.65811  122.80657  8.12%   181 3186s
 1318341 1067928  122.94264   98  241  133.65811  122.80728  8.12%   181 3191s
 1320647 1070313  123.90882   98  327  133.65811  122.80786  8.12%   181 3196s
 1324016 1070382  122.83003   40  374  133.65811  122.80888  8.12%   181 3219s
 1324108 1072342  122.81865   87  244  133.65811  122.80910  8.12%   181 3224s
 1326586 1073743 infeasible   83       133.65811  122.80960  8.12%   181 3228s
 1328318 1075789  123.66816  114  389  133.65811  122.81014  8.12%   181 3233s
 1330850 1077468  133.45199   71  260  133.65811  122.81101  8.12%   180 3237s
 1333057 1079623  123.20913   85  455  133.65811  122.81172  8.12%   180 3244s
 1335931 1081542  124.68163   91  329  133.65811  122.81257  8.11%   180 3249s
 1338447 1082696  123.86738   76  308  133.65811  122.81345  8.11%   180 3254s
 1339986 1085166  123.12930   71  409  133.65811  122.81383  8.11%   180 3260s
 1344762 1088148     cutoff   93       133.65811  122.81514  8.11%   180 3269s
 1347570 1089847  123.99516   85  283  133.65811  122.81591  8.11%   180 3274s
 1350021 1092130  123.05493  110  425  133.65811  122.81674  8.11%   180 3279s
 1353016 1093984  123.56794   69  342  133.65811  122.81755  8.11%   180 3284s
 1355304 1096278  124.19324   71  202  133.65811  122.81816  8.11%   180 3291s
 1358309 1098678 infeasible   82       133.65811  122.81897  8.11%   180 3296s
 1361584 1100066  123.77180   78  429  133.65811  122.81987  8.11%   180 3300s
 1365656 1102071  125.08247   68  336  133.65811  122.82091  8.11%   179 3305s
 1368385 1105336     cutoff   92       133.65811  122.82205  8.11%   179 3313s
 1370056 1105659  123.01336   65  311  133.65811  122.82256  8.11%   179 3316s
 1370472 1107645  133.58133  105  298  133.65811  122.82290  8.11%   179 3321s
 1373126 1109729  123.44511   80  430  133.65811  122.82337  8.11%   179 3326s
 1375753 1112262     cutoff   97       133.65811  122.82411  8.11%   179 3332s
 1378877 1114321  123.22933   95  382  133.65811  122.82462  8.11%   179 3337s
 1381655 1116052  122.86353   92  272  133.65811  122.82545  8.10%   179 3341s
 1383772 1118171  128.00016  105  411  133.65811  122.82593  8.10%   179 3346s
 1386395 1119371  133.30255   64  264  133.65811  122.82674  8.10%   179 3351s
 1387997 1121417  122.92220   66  370  133.65811  122.82743  8.10%   179 3355s
 1392126 1123933  133.37002   80  396  133.65811  122.82840  8.10%   179 3363s
 1394352 1126059  123.89896   93  310  133.65811  122.82912  8.10%   179 3368s
 1397025 1127581  127.62124   83  448  133.65811  122.82958  8.10%   179 3374s
 1399037 1129974  122.87966   74  355  133.65811  122.83030  8.10%   179 3381s
 1402733 1131627     cutoff   99       133.65811  122.83096  8.10%   178 3386s
 1404900 1134196     cutoff   79       133.65811  122.83170  8.10%   178 3391s
 1408100 1136604  122.96383   91  284  133.65811  122.83246  8.10%   178 3396s
 1411000 1138531  126.31830   92  386  133.65811  122.83334  8.10%   178 3401s
 1413715 1140121  132.11972   84  429  133.65811  122.83417  8.10%   178 3406s
 1415707 1142173  133.45382   93  334  133.65811  122.83462  8.10%   178 3411s
 1418508 1144197     cutoff  120       133.65811  122.83515  8.10%   178 3417s
 1421205 1146658  133.43235   66  283  133.65811  122.83567  8.10%   178 3423s
 1424601 1148037  122.96958   94  322  133.65811  122.83633  8.10%   178 3428s
 1426361 1150085  133.61443   73  244  133.65811  122.83728  8.10%   178 3432s
 1428898 1151552     cutoff   76       133.65811  122.83795  8.10%   178 3436s
 1430757 1153530     cutoff   71       133.65811  122.83859  8.09%   178 3442s
 1433195 1155993  124.32251  134  336  133.65811  122.83896  8.09%   177 3447s
 1436316 1158142  122.92469  133  356  133.65811  122.83956  8.09%   177 3452s
 1439113 1160610  128.16750   94  338  133.65811  122.84040  8.09%   177 3458s
 1442417 1162675  123.26672  103  301  133.65811  122.84106  8.09%   177 3463s
 1444991 1164239  123.40898   76  281  133.65811  122.84181  8.09%   177 3467s
 1447082 1166058  123.74990  125  323  133.65811  122.84228  8.09%   177 3471s
 1449614 1167851  128.61838  111  393  133.65811  122.84296  8.09%   177 3476s
 1451810 1169497  123.56959   77  276  133.65811  122.84376  8.09%   177 3480s
 1454341 1171275  124.51290   69  255  133.65811  122.84461  8.09%   177 3485s
 1458469 1174686  122.89156   83  264  133.65811  122.84579  8.09%   177 3494s
 1461356 1176293  122.90983   78  276  133.65811  122.84654  8.09%   177 3499s
 1463546 1178324  122.89916   92  297  133.65811  122.84699  8.09%   177 3506s
 1466435 1180369     cutoff   87       133.65811  122.84766  8.09%   176 3512s
 1469381 1181936     cutoff  125       133.65811  122.84892  8.09%   176 3517s
 1471445 1182579  122.85350   77  325  133.65811  122.84943  8.09%   176 3521s
 1472211 1185120 infeasible   68       133.65811  122.84987  8.09%   176 3527s
 1475522 1186806  123.38585  110  248  133.65811  122.85080  8.09%   176 3532s
 1477806 1189084  125.74143  149  510  133.65811  122.85134  8.09%   176 3538s
 1481052 1191441  123.21111   92  246  133.65811  122.85212  8.08%   176 3544s
 1484252 1193669  123.81258  102  364  133.65811  122.85300  8.08%   176 3550s
 1487144 1195967  122.97157   85  298  133.65811  122.85392  8.08%   176 3555s
 1491891 1199106  123.37779  104  470  133.65811  122.85501  8.08%   176 3564s
 1494181 1201259  123.98152  120  359  133.65811  122.85551  8.08%   176 3569s
 1496984 1202987     cutoff   95       133.65811  122.85620  8.08%   176 3574s
 1499269 1204209  123.15001  141  346  133.65811  122.85663  8.08%   176 3579s
 1500858 1205977 infeasible  102       133.65811  122.85708  8.08%   176 3584s
 1503164 1208077  122.90995   78  354  133.65811  122.85743  8.08%   176 3590s
 1506024 1209852  124.37567   70  454  133.65811  122.85823  8.08%   176 3596s
 1508423 1211469  130.01584  115  334  133.65811  122.85876  8.08%   176 3601s
 1510468 1214158  123.19018  101  323  133.65811  122.85948  8.08%   176 3607s
 1514018 1216280  126.60341  105  441  133.65811  122.86044  8.08%   175 3613s
 1516879 1217908  132.34677  113  416  133.65811  122.86117  8.08%   175 3617s
 1519157 1220275  123.12559  121  326  133.65811  122.86172  8.08%   175 3623s
 1522189 1222415  124.87986   60  353  133.65811  122.86235  8.08%   175 3628s
 1525090 1224217  123.30448   91  312  133.65811  122.86287  8.08%   175 3633s
 1527567 1226394     cutoff  105       133.65811  122.86337  8.08%   175 3639s
 1530389 1228152  133.39199   91  333  133.65811  122.86409  8.08%   175 3644s
 1532601 1228591     cutoff   75       133.65811  122.86463  8.08%   175 3648s
 1533125 1231211  122.87549   86  284  133.65811  122.86517  8.08%   175 3654s
 1536435 1233418     cutoff   75       133.65811  122.86576  8.07%   175 3659s
 1539394 1235041  123.27150   71  420  133.65811  122.86644  8.07%   175 3664s
 1541677 1236936  131.36105  135  364  133.65811  122.86707  8.07%   175 3670s
 1544070 1238673  133.36036  111  298  133.65811  122.86780  8.07%   175 3675s
 1546544 1240847  125.79800  114  458  133.65811  122.86828  8.07%   175 3680s
 1549423 1242415  133.46241   69  259  133.65811  122.86881  8.07%   175 3687s
 1551476 1245206  125.11579  105  340  133.65811  122.86954  8.07%   175 3694s
 1555178 1247389  126.15648   82  297  133.65811  122.87033  8.07%   175 3699s
 1557997 1249196  132.38337  118  349  133.65811  122.87105  8.07%   175 3704s
 1560449 1250668     cutoff  116       133.65811  122.87164  8.07%   175 3709s
 1562556 1252819  125.97243  103  367  133.65811  122.87217  8.07%   175 3714s
 1565321 1255228     cutoff  108       133.65811  122.87303  8.07%   174 3719s
 1568280 1256884  133.45389  107  288  133.65811  122.87370  8.07%   174 3724s
 1570436 1259401     cutoff   99       133.65811  122.87451  8.07%   174 3730s
 1573607 1261110     cutoff   95       133.65811  122.87518  8.07%   174 3735s
 1578753 1264942  124.04920  103  359  133.65811  122.87645  8.07%   174 3743s
 1581208 1266199     cutoff   87       133.65811  122.87698  8.07%   174 3748s
 1582816 1268017  124.95135   60  316  133.65811  122.87748  8.07%   174 3752s
 1585159 1269719  123.96122  100  343  133.65811  122.87796  8.07%   174 3757s
 1587473 1271389  133.44659   88  327  133.65811  122.87845  8.07%   174 3761s
 1589774 1272822     cutoff   74       133.65811  122.87922  8.06%   174 3766s
 1591641 1275423  124.01172   67  284  133.65811  122.87949  8.06%   174 3772s
 1594893 1277224  133.64012   77  217  133.65811  122.88043  8.06%   174 3777s
 1597217 1278308  122.90459  128  331  133.65811  122.88112  8.06%   174 3782s
 1598645 1280495  124.09558  104  387  133.65811  122.88151  8.06%   174 3787s
 1601610 1282619     cutoff   90       133.65811  122.88222  8.06%   174 3792s
 1604309 1284841     cutoff  125       133.65811  122.88279  8.06%   174 3796s
 1607034 1286096  126.75979  127  292  133.65811  122.88365  8.06%   173 3801s
 1608819 1287736  122.98334  102  289  133.65811  122.88408  8.06%   173 3805s
 1610901 1289792  133.64182   51  250  133.65811  122.88470  8.06%   173 3810s
 1613599 1291697     cutoff   86       133.65811  122.88528  8.06%   173 3816s
 1616097 1293812  124.55634   87  350  133.65811  122.88591  8.06%   173 3821s
 1618734 1295300  123.01619  125  260  133.65811  122.88645  8.06%   173 3826s
 1620681 1297668  123.17216   86  370  133.65811  122.88698  8.06%   173 3832s
 1623647 1299510     cutoff   74       133.65811  122.88762  8.06%   173 3837s
 1626053 1301416     cutoff   76       133.65811  122.88819  8.06%   173 3842s
 1628697 1302906  128.46689   73  426  133.65811  122.88893  8.06%   173 3847s
 1630659 1303366     cutoff   77       133.65811  122.88940  8.06%   173 3851s
 1631269 1305760  125.91590  103  364  133.65811  122.88975  8.06%   173 3857s
 1634219 1307855  133.49111   75  277  133.65811  122.89032  8.06%   173 3863s
 1637103 1309469  123.04144  100  410  133.65811  122.89115  8.06%   173 3868s
 1639433 1311495  127.98889   93  340  133.65811  122.89157  8.06%   173 3873s
 1642078 1313397 infeasible  104       133.65811  122.89216  8.05%   173 3878s
 1644617 1314643     cutoff  101       133.65811  122.89281  8.05%   173 3883s
 1646268 1316097  122.99678   80  367  133.65811  122.89332  8.05%   173 3888s
 1648319 1316554  123.85526   94  253  133.65811  122.89376  8.05%   173 3891s
 1648942 1319236  130.59644   87  331  133.65811  122.89411  8.05%   173 3897s
 1652402 1321344     cutoff   89       133.65811  122.89477  8.05%   173 3902s
 1655223 1323511  122.96522  101  323  133.65811  122.89543  8.05%   173 3908s
 1657950 1325416     cutoff   93       133.65811  122.89625  8.05%   173 3913s
 1660346 1327203  124.54764   75  403  133.65811  122.89708  8.05%   173 3918s
 1662806 1329219  122.98532  113  343  133.65811  122.89739  8.05%   173 3923s
 1665739 1331226 infeasible   71       133.65811  122.89839  8.05%   172 3929s
 1668443 1332081  122.92394   78  380  133.65811  122.89891  8.05%   172 3933s
 1669677 1334230  123.42137   93  283  133.65811  122.89936  8.05%   172 3938s
 1672556 1336014  122.92994   87  275  133.65811  122.89975  8.05%   172 3943s
 1674976 1337608  122.91789  103  369  133.65811  122.90046  8.05%   172 3948s
 1677328 1340253  123.59497   57  300  133.65811  122.90112  8.05%   172 3954s
 1680801 1341406  133.32600   83  365  133.65811  122.90197  8.05%   172 3958s
 1682519 1343227     cutoff  106       133.65811  122.90243  8.05%   172 3963s
 1685022 1344502  124.06987   75  385  133.65811  122.90297  8.05%   172 3968s
 1686677 1346084  122.99256   86  270  133.65811  122.90370  8.05%   172 3973s
 1689115 1347621  124.20309  103  341  133.65811  122.90409  8.05%   172 3978s
 1691356 1349199  124.80584   54  284  133.65811  122.90444  8.05%   172 3983s
 1693472 1351159  124.49657   65  207  133.65811  122.90510  8.05%   172 3988s
 1696072 1353564     cutoff   85       133.65811  122.90564  8.04%   172 3993s
 1699083 1355571  123.11403  102  442  133.65811  122.90628  8.04%   172 3999s
 1701782 1356648  122.96203   88  285  133.65811  122.90686  8.04%   172 4003s
 1703181 1358785  122.95050   89  349  133.65811  122.90735  8.04%   172 4009s
 1706196 1360900     cutoff   88       133.65811  122.90793  8.04%   172 4015s
 1708941 1362624  133.34745   82  413  133.65811  122.90864  8.04%   172 4020s
 1711330 1364921     cutoff   77       133.65811  122.90944  8.04%   172 4026s
 1714395 1366878  124.24236   83  440  133.65811  122.91016  8.04%   172 4031s
 1716866 1368676     cutoff  112       133.65811  122.91097  8.04%   172 4036s
 1719476 1370648     cutoff   94       133.65811  122.91138  8.04%   172 4041s
 1721986 1373088  125.76971  115  397  133.65811  122.91216  8.04%   172 4048s
 1725070 1374088  128.52583  105  249  133.65811  122.91251  8.04%   172 4052s
 1726505 1376088  123.54722  133  342  133.65811  122.91322  8.04%   172 4057s
 1729088 1378561  125.93153  114  363  133.65811  122.91374  8.04%   171 4063s
 1732387 1380366     cutoff  100       133.65811  122.91456  8.04%   171 4068s
 1734701 1381911     cutoff   91       133.65811  122.91520  8.04%   171 4073s
 1736998 1383432  123.43124  132  352  133.65811  122.91575  8.04%   171 4077s
 1739246 1385073  133.41231  139  335  133.65811  122.91633  8.04%   171 4082s
 1741476 1386650  124.28492   71  216  133.65811  122.91687  8.04%   171 4087s
 1744046 1388785  125.83643  116  360  133.65811  122.91757  8.04%   171 4093s
 1746846 1390573  124.81282  105  388  133.65811  122.91804  8.04%   171 4098s
 1749094 1392730  123.84281  106  321  133.65811  122.91885  8.03%   171 4103s
 1752040 1394064  132.47922   98  400  133.65811  122.91924  8.03%   171 4108s
 1753921 1396278  133.51959   68  270  133.65811  122.91990  8.03%   171 4113s
 1756783 1397525  123.79954   70  294  133.65811  122.92061  8.03%   171 4119s
 1758717 1399678     cutoff   65       133.65811  122.92140  8.03%   171 4124s
 1761565 1401291  126.52777   88  364  133.65811  122.92189  8.03%   171 4128s
 1763544 1401666     cutoff  163       133.65811  122.92251  8.03%   171 4132s
 1764203 1403400  123.87542  106  371  133.65811  122.92285  8.03%   171 4138s
 1766568 1405422     cutoff   93       133.65811  122.92340  8.03%   171 4144s
 1769357 1407365     cutoff  128       133.65811  122.92413  8.03%   171 4149s
 1772023 1409338 infeasible  103       133.65811  122.92462  8.03%   171 4154s
 1774898 1411070  122.93547  102  234  133.65811  122.92510  8.03%   171 4158s
 1777228 1412733     cutoff  128       133.65811  122.92593  8.03%   171 4163s
 1779600 1414180     cutoff   95       133.65811  122.92645  8.03%   171 4168s
 1781695 1415980  132.30408   81  253  133.65811  122.92684  8.03%   171 4173s
 1784199 1417401  125.64075   53  356  133.65811  122.92765  8.03%   171 4177s
 1786107 1419276 infeasible  104       133.65811  122.92825  8.03%   171 4182s
 1788729 1421919  123.54390  118  358  133.65811  122.92878  8.03%   171 4188s
 1792063 1423367  125.99573   79  290  133.65811  122.92928  8.03%   170 4193s
 1794048 1425231     cutoff   82       133.65811  122.93010  8.03%   170 4197s
 1796584 1427046  123.16169   96  451  133.65811  122.93061  8.03%   170 4202s
 1798900 1428530  123.01553   88  294  133.65811  122.93088  8.03%   170 4206s
 1800914 1430316     cutoff  104       133.65811  122.93141  8.03%   170 4211s
 1803809 1431799  133.52183   87  279  133.65811  122.93187  8.03%   170 4215s
 1806315 1433765  127.89040   87  445  133.65811  122.93242  8.02%   170 4220s
 1810836 1438030     cutoff  102       133.65811  122.93324  8.02%   170 4231s
 1814011 1439153  123.30357  124  345  133.65811  122.93425  8.02%   170 4236s
 1815465 1440216     cutoff   73       133.65811  122.93456  8.02%   170 4240s
 1816849 1442569  124.74209   70  320  133.65811  122.93506  8.02%   170 4246s
 1819837 1444414  124.36861   65  292  133.65811  122.93571  8.02%   170 4251s
 1822242 1447000  123.70340  138  366  133.65811  122.93636  8.02%   170 4257s
 1825680 1448909  123.04598   97  234  133.65811  122.93704  8.02%   170 4263s
 1828366 1450896  128.44770   78  374  133.65811  122.93770  8.02%   170 4268s
 1831004 1452636  127.99349   81  334  133.65811  122.93822  8.02%   170 4272s
 1833857 1454848     cutoff  126       133.65811  122.93891  8.02%   170 4278s
 1836843 1456716  123.33628   98  341  133.65811  122.93956  8.02%   170 4283s
 1839306 1458830     cutoff   68       133.65811  122.94014  8.02%   170 4288s
 1842127 1460747  123.23727  107  389  133.65811  122.94083  8.02%   170 4292s
 1844501 1461685     cutoff   78       133.65811  122.94124  8.02%   170 4296s
 1845917 1463473  126.06680  120  414  133.65811  122.94203  8.02%   170 4301s
 1848414 1465418     cutoff  105       133.65811  122.94241  8.02%   169 4306s
 1850895 1467395  124.35112  119  332  133.65811  122.94301  8.02%   169 4311s
 1853593 1469095  122.97240   80  333  133.65811  122.94368  8.02%   169 4316s
 1856021 1471248  125.45254   72  347  133.65811  122.94427  8.02%   169 4322s
 1858888 1472636  123.03920   60  369  133.65811  122.94502  8.02%   169 4327s
 1860714 1474718     cutoff  105       133.65811  122.94546  8.01%   169 4332s
 1863757 1476884  123.58759   78  311  133.65811  122.94590  8.01%   169 4338s
 1866501 1478047     cutoff  101       133.65811  122.94662  8.01%   169 4342s
 1868030 1479626     cutoff   78       133.65811  122.94702  8.01%   169 4347s
 1870380 1481476  123.03216   90  325  133.65811  122.94765  8.01%   169 4352s
 1873184 1483446     cutoff  144       133.65811  122.94794  8.01%   169 4357s
 1875761 1485485     cutoff   91       133.65811  122.94908  8.01%   169 4362s
 1878630 1487058  127.71038  156  429  133.65811  122.94960  8.01%   169 4368s
 1880973 1489731     cutoff  108       133.65811  122.95021  8.01%   169 4374s
 1884508 1491592  133.59638  103  256  133.65811  122.95103  8.01%   169 4379s
 1886824 1493597     cutoff   82       133.65811  122.95170  8.01%   169 4383s
 1889545 1494853  123.06887   83  360  133.65811  122.95227  8.01%   169 4388s
 1891383 1496560     cutoff   89       133.65811  122.95258  8.01%   169 4393s
 1893768 1497185     cutoff   75       133.65811  122.95328  8.01%   169 4398s
 1894683 1498992     cutoff   97       133.65811  122.95359  8.01%   169 4404s
 1897173 1500324  123.66059  123  442  133.65811  122.95408  8.01%   169 4409s
 1899053 1500871     cutoff  113       133.65811  122.95473  8.01%   169 4413s
 1899747 1509103     cutoff  125       133.65811  122.95515  8.01%   169 4432s
 1910876 1510564  125.85967   89  362  133.65811  122.95666  8.01%   168 4436s
 1912958 1512445     cutoff   94       133.65811  122.95736  8.01%   168 4441s
 1915776 1514204 infeasible   72       133.65811  122.95800  8.01%   168 4446s
 1918252 1516288     cutoff   73       133.65811  122.95868  8.01%   168 4451s
 1921003 1518584     cutoff   87       133.65811  122.95926  8.00%   168 4458s
 1923929 1520642  124.47904   71  224  133.65811  122.95980  8.00%   168 4463s
 1926558 1521873     cutoff   73       133.65811  122.96038  8.00%   168 4468s
 1928151 1523712  123.51162   86  468  133.65811  122.96081  8.00%   168 4473s
 1930783 1525316  122.96125  110  399  133.65811  122.96125  8.00%   168 4478s
 1933245 1527337  123.05017   97  194  133.65811  122.96186  8.00%   168 4483s
 1936017 1528831 infeasible   90       133.65811  122.96259  8.00%   168 4488s
 1938151 1530521     cutoff   67       133.65811  122.96310  8.00%   168 4493s
 1940347 1532600  133.65386   85  340  133.65811  122.96351  8.00%   168 4498s
 1943100 1534539  123.02464   93  337  133.65811  122.96412  8.00%   168 4504s
 1945692 1536983     cutoff  117       133.65811  122.96474  8.00%   168 4509s
 1946015 1536983  133.45792   73  288  133.65811  122.96476  8.00%   168 4510s
 1950752 1540450     cutoff  104       133.65811  122.96533  8.00%   168 4519s
 1953442 1541648     cutoff   96       133.65811  122.96580  8.00%   168 4525s
 1955054 1543089     cutoff  109       133.65811  122.96621  8.00%   168 4530s
 1956978 1544941 infeasible   87       133.65811  122.96671  8.00%   168 4535s
 1959666 1546904  125.12246  124  380  133.65811  122.96740  8.00%   168 4540s
 1962406 1548781  122.98406  119  259  133.65811  122.96771  8.00%   168 4545s
 1965116 1550545  133.40726   84  257  133.65811  122.96832  8.00%   168 4552s
 1967402 1553048     cutoff   81       133.65811  122.96860  8.00%   168 4558s
 1970867 1554623  123.08761  135  496  133.65811  122.96939  8.00%   167 4563s
 1973118 1556478     cutoff   84       133.65811  122.96977  8.00%   167 4568s
 1975840 1558321  123.05327  100  412  133.65811  122.97051  8.00%   167 4573s
 1978526 1560007  125.79986   99  352  133.65811  122.97096  8.00%   167 4577s
 1980904 1561471  127.78025   68  351  133.65811  122.97151  8.00%   167 4582s
 1982828 1562319  123.56932  102  239  133.65811  122.97202  8.00%   167 4586s
 1984036 1564131     cutoff   96       133.65811  122.97245  7.99%   167 4591s
 1986605 1566401  126.33883  105  314  133.65811  122.97275  7.99%   167 4597s
 1989657 1568213     cutoff  103       133.65811  122.97366  7.99%   167 4602s
 1992048 1570084     cutoff  110       133.65811  122.97410  7.99%   167 4607s
 1994668 1571082  123.36725   93  396  133.65811  122.97451  7.99%   167 4611s
 1996121 1572575  123.74364   72  259  133.65811  122.97498  7.99%   167 4616s
 1998137 1574698     cutoff  103       133.65811  122.97528  7.99%   167 4621s
 2000989 1576485     cutoff  112       133.65811  122.97599  7.99%   167 4626s
 2003466 1577923     cutoff  125       133.65811  122.97644  7.99%   167 4631s
 2005510 1579235     cutoff  110       133.65811  122.97685  7.99%   167 4636s
 2007392 1581388     cutoff  114       133.65811  122.97740  7.99%   167 4642s
 2010460 1583145  133.53480   71  262  133.65811  122.97792  7.99%   167 4647s
 2012925 1584891     cutoff   88       133.65811  122.97863  7.99%   167 4651s
 2015289 1586648     cutoff   72       133.65811  122.97886  7.99%   167 4656s
 2017762 1588156  123.00310  103  368  133.65811  122.97966  7.99%   167 4660s
 2020182 1590733  124.52423   95  361  133.65811  122.98022  7.99%   167 4669s
 2023144 1592470  131.71134   91  333  133.65811  122.98072  7.99%   167 4674s
 2025570 1594453  123.91665   86  360  133.65811  122.98116  7.99%   167 4679s
 2028584 1596494  126.38532  108  326  133.65811  122.98179  7.99%   167 4685s
 2031201 1598088     cutoff   77       133.65811  122.98223  7.99%   167 4690s
 2033473 1600147  133.52457   80  265  133.65811  122.98272  7.99%   167 4695s
 2036497 1602129     cutoff   75       133.65811  122.98338  7.99%   167 4701s
 2039141 1603272  125.67135   70  459  133.65811  122.98400  7.99%   167 4706s
 2040784 1604989     cutoff   75       133.65811  122.98451  7.99%   167 4711s
 2043106 1606828  133.42808  131  302  133.65811  122.98497  7.99%   167 4716s
 2045689 1608609  124.45115   79  263  133.65811  122.98536  7.99%   166 4721s
 2048315 1610437  125.21326  102  333  133.65811  122.98616  7.98%   166 4726s
 2050813 1612382     cutoff   62       133.65811  122.98670  7.98%   166 4732s
 2053442 1614391  124.39663   73  232  133.65811  122.98737  7.98%   166 4738s
 2056357 1615857     cutoff  120       133.65811  122.98796  7.98%   166 4742s
 2058561 1617601     cutoff   97       133.65811  122.98823  7.98%   166 4747s
 2060965 1619620     cutoff  114       133.65811  122.98883  7.98%   166 4752s
 2063709 1620904  133.43934   84  303  133.65811  122.98962  7.98%   166 4757s
 2066027 1622533 infeasible   66       133.65811  122.98998  7.98%   166 4762s
 2068796 1624153     cutoff   92       133.65811  122.99050  7.98%   166 4766s
 2070956 1626234  133.50275   80  211  133.65811  122.99110  7.98%   166 4771s
 2073946 1627675 infeasible  111       133.65811  122.99153  7.98%   166 4777s
 2075797 1628217     cutoff  105       133.65811  122.99189  7.98%   166 4795s
 2076505 1630151     cutoff   84       133.65811  122.99212  7.98%   166 4805s
 2079033 1634451  124.26788   60  439  133.65811  122.99240  7.98%   166 4816s
 2085030 1637331     cutoff  115       133.65811  122.99354  7.98%   166 4823s
 2088839 1639798  123.53330   89  458  133.65811  122.99450  7.98%   166 4829s
 2092248 1641807  123.02659   84  414  133.65811  122.99502  7.98%   166 4835s
 2095065 1643946     cutoff   98       133.65811  122.99558  7.98%   166 4841s
 2097870 1645965     cutoff  110       133.65811  122.99617  7.98%   166 4846s
 2100599 1647946     cutoff  104       133.65811  122.99682  7.98%   166 4851s
 2103330 1649527     cutoff   74       133.65811  122.99759  7.98%   166 4856s
 2105485 1651517     cutoff  141       133.65811  122.99796  7.98%   166 4860s
 2108352 1653335  133.38330  120  303  133.65811  122.99857  7.98%   166 4865s
 2111215 1655082     cutoff   98       133.65811  122.99917  7.97%   166 4870s
 2115421 1657935     cutoff   82       133.65811  122.99993  7.97%   166 4879s
 2117251 1660146     cutoff   96       133.65811  123.00061  7.97%   166 4885s
 2120497 1661963     cutoff  118       133.65811  123.00137  7.97%   165 4890s
 2123054 1663617     cutoff  110       133.65811  123.00195  7.97%   165 4895s
 2127734 1667081     cutoff  122       133.65811  123.00274  7.97%   165 4903s
 2130116 1668801  133.41762   58  337  133.65811  123.00337  7.97%   165 4908s
 2132500 1670222  123.01640   93  264  133.65811  123.00386  7.97%   165 4913s
 2134503 1672150  123.14269   81  274  133.65811  123.00429  7.97%   165 4918s
 2137056 1673546     cutoff   95       133.65811  123.00458  7.97%   165 4922s
 2139075 1675265  123.00589   84  321  133.65811  123.00506  7.97%   165 4928s
 2141488 1676561     cutoff   82       133.65811  123.00582  7.97%   165 4933s
 2143493 1678895  123.41747   91  300  133.65811  123.00617  7.97%   165 4939s
 2146702 1680858     cutoff   48       133.65811  123.00728  7.97%   165 4945s
 2149538 1682722  133.53843  141  327  133.65811  123.00763  7.97%   165 4950s
 2152447 1684071  124.56060  106  401  133.65811  123.00839  7.97%   165 4956s
 2154517 1685402  123.12235   88  233  133.65811  123.00877  7.97%   165 4960s
 2156395 1686289     cutoff  100       133.65811  123.00927  7.97%   165 4965s
 2158768 1689685  123.64209   96  363  133.65811  123.00986  7.97%   165 4975s
 2162246 1691632     cutoff   91       133.65811  123.01007  7.97%   165 4981s
 2165107 1693697     cutoff  126       133.65811  123.01091  7.97%   165 4986s
 2167884 1695513  123.80272   96  338  133.65811  123.01155  7.97%   165 4991s
 2170308 1697374  123.04678   92  357  133.65811  123.01204  7.97%   165 4996s
 2172733 1698753  127.33789  120  328  133.65811  123.01254  7.96%   165 5000s
 2174652 1700351  128.14795  118  421  133.65811  123.01278  7.96%   165 5005s
 2177065 1702251 infeasible   99       133.65811  123.01341  7.96%   165 5010s
 2179921 1704119     cutoff   89       133.65811  123.01388  7.96%   165 5015s
 2184924 1707596  125.24394   56  297  133.65811  123.01487  7.96%   164 5026s
 2187992 1707967     cutoff  116       133.65811  123.01556  7.96%   164 5030s
 2188646 1710529  123.87517   96  394  133.65811  123.01586  7.96%   164 5036s
 2192156 1712328  123.04266   99  368  133.65811  123.01632  7.96%   164 5041s
 2194846 1713875  133.54298  118  285  133.65811  123.01685  7.96%   164 5046s
 2197266 1715294 infeasible  114       133.65811  123.01720  7.96%   164 5050s
 2199359 1716633  123.03768   85  381  133.65811  123.01780  7.96%   164 5055s
 2201253 1718702     cutoff  114       133.65811  123.01817  7.96%   164 5061s
 2204023 1720445     cutoff   70       133.65811  123.01859  7.96%   164 5066s
 2206314 1723085  132.72753   85  349  133.65811  123.01886  7.96%   164 5072s
 2209797 1723711     cutoff   92       133.65811  123.01963  7.96%   164 5075s
 2210709 1725551  123.02009  103  244  133.65811  123.01987  7.96%   164 5080s
 2213279 1727307     cutoff   87       133.65811  123.02028  7.96%   164 5085s
 2215635 1728701  125.51616   68  289  133.65811  123.02078  7.96%   164 5090s
 2217911 1730700  124.56832   67  243  133.65811  123.02118  7.96%   164 5095s
 2222533 1733391  127.66425  117  358  133.65811  123.02208  7.96%   164 5104s
 2224521 1734878     cutoff  111       133.65811  123.02247  7.96%   164 5109s
 2226667 1737006  124.39915   98  284  133.65811  123.02282  7.96%   164 5114s
 2229682 1738976     cutoff  118       133.65811  123.02339  7.96%   164 5120s
 2232847 1740005  123.34585  110  443  133.65811  123.02397  7.96%   164 5125s
 2234283 1741735     cutoff   99       133.65811  123.02429  7.96%   164 5130s
 2236864 1743841     cutoff   78       133.65811  123.02467  7.96%   164 5136s
 2239740 1745028  133.63133  114  259  133.65811  123.02522  7.96%   164 5140s
 2241242 1746848     cutoff  125       133.65811  123.02576  7.95%   164 5145s
 2243893 1748942     cutoff  126       133.65811  123.02620  7.95%   164 5150s
 2249622 1752857  133.47284   84  325  133.65811  123.02724  7.95%   164 5159s
 2252176 1754790  123.63310   97  329  133.65811  123.02746  7.95%   164 5165s
 2254794 1756757     cutoff   91       133.65811  123.02813  7.95%   164 5170s
 2257667 1758719     cutoff   92       133.65811  123.02863  7.95%   164 5175s
 2260562 1760538     cutoff  112       133.65811  123.02925  7.95%   163 5180s
 2264329 1763189  128.41566  123  397  133.65811  123.03003  7.95%   163 5189s
 2266790 1765310  133.49703  119  232  133.65811  123.03043  7.95%   163 5194s
 2269690 1766663     cutoff   91       133.65811  123.03088  7.95%   163 5198s
 2271386 1768635 infeasible  117       133.65811  123.03115  7.95%   163 5203s
 2274226 1770930  124.18333   92  246  133.65811  123.03182  7.95%   163 5209s
 2277338 1772729     cutoff   77       133.65811  123.03224  7.95%   163 5214s
 2279955 1774607  131.66260  111  259  133.65811  123.03265  7.95%   163 5218s
 2282338 1775647     cutoff  139       133.65811  123.03299  7.95%   163 5223s
 2283769 1777620     cutoff   96       133.65811  123.03326  7.95%   163 5228s
 2286500 1778170     cutoff  107       133.65811  123.03382  7.95%   163 5232s
 2287262 1778608  124.24202   90  346  133.65811  123.03413  7.95%   163 5235s
 2288583 1781599  123.04456   87  282  133.65811  123.03458  7.95%   163 5244s
 2292220 1783492  126.45247  106  353  133.65811  123.03504  7.95%   163 5249s
 2293457 1783492  132.17764   84  270  133.65811  123.03517  7.95%   163 5250s
 2295226 1785461  123.97883  117  357  133.65811  123.03533  7.95%   163 5256s
 2298004 1786913  123.84048  114  390  133.65811  123.03594  7.95%   163 5261s
 2300437 1788322  124.55790  103  401  133.65811  123.03644  7.95%   163 5266s
 2302373 1790506  133.49032   73  331  133.65811  123.03676  7.95%   163 5271s
 2305347 1792250 infeasible  105       133.65811  123.03726  7.95%   163 5276s
 2307843 1793027  125.70684   78  233  133.65811  123.03776  7.95%   163 5280s
 2308876 1794780  133.28224   75  336  133.65811  123.03807  7.95%   163 5285s
 2311458 1797056     cutoff  130       133.65811  123.03832  7.95%   163 5291s
 2314461 1799183     cutoff   99       133.65811  123.03883  7.95%   163 5296s
 2317499 1801544  133.55009   61  288  133.65811  123.03934  7.94%   163 5303s
 2320968 1802969  128.63145  102  291  133.65811  123.03996  7.94%   163 5308s
 2323151 1804791  125.75402  127  366  133.65811  123.04033  7.94%   163 5312s
 2325691 1805789     cutoff   91       133.65811  123.04058  7.94%   163 5316s
 2327097 1807546  130.91986  120  396  133.65811  123.04104  7.94%   163 5321s
 2329376 1809719  124.14349  103  290  133.65811  123.04144  7.94%   163 5326s
 2332459 1811370  123.23833  101  310  133.65811  123.04183  7.94%   162 5331s
 2334866 1813548  123.53879  125  229  133.65811  123.04212  7.94%   162 5335s
 2338707 1814493  123.13060   86  300  133.65811  123.04283  7.94%   162 5343s
 2339312 1823775     cutoff  127       133.65811  123.04299  7.94%   162 5363s
 2352498 1824227     cutoff   85       133.65811  123.04440  7.94%   162 5368s
 2353139 1826016  123.51623   94  299  133.65811  123.04477  7.94%   162 5373s
 2355883 1827856  123.24182  127  317  133.65811  123.04510  7.94%   162 5378s
 2358444 1829610  123.24981   90  304  133.65811  123.04550  7.94%   162 5382s
 2361136 1831232     cutoff  101       133.65811  123.04591  7.94%   162 5389s
 2363338 1833876     cutoff  131       133.65811  123.04625  7.94%   162 5395s
 2366970 1835960     cutoff  103       133.65811  123.04688  7.94%   162 5400s
 2369854 1837781     cutoff   78       133.65811  123.04738  7.94%   162 5405s
 2374988 1841677  133.59852  121  360  133.65811  123.04819  7.94%   162 5414s
 2377885 1843351  123.12897   90  307  133.65811  123.04849  7.94%   162 5419s
 2380321 1845273  125.12632   86  419  133.65811  123.04886  7.94%   162 5424s
 2382790 1847427     cutoff  105       133.65811  123.04921  7.94%   162 5430s
 2387491 1849142     cutoff  108       133.65811  123.04971  7.94%   161 5435s
 2389436 1851711     cutoff   76       133.65811  123.05026  7.94%   161 5443s
 2392052 1853853  123.07304   97  290  133.65811  123.05066  7.94%   161 5448s
 2395255 1855671     cutoff   89       133.65811  123.05112  7.94%   161 5453s
 2397948 1857396     cutoff   72       133.65811  123.05153  7.94%   161 5457s
 2400346 1858961     cutoff  107       133.65811  123.05197  7.94%   161 5462s
 2402806 1860763  133.44857  112  276  133.65811  123.05236  7.93%   161 5466s
 2405343 1863014  123.07220   56  402  133.65811  123.05263  7.93%   161 5472s
 2408353 1864949     cutoff   91       133.65811  123.05312  7.93%   161 5477s
 2410869 1866648     cutoff  113       133.65811  123.05345  7.93%   161 5482s
 2413245 1868669  124.20611   96  394  133.65811  123.05372  7.93%   161 5486s
 2416130 1869149     cutoff  104       133.65811  123.05410  7.93%   161 5491s
 2416778 1870848  133.42231  122  352  133.65811  123.05427  7.93%   161 5496s
 2419071 1872381  123.23191  114  301  133.65811  123.05453  7.93%   161 5501s
 2421524 1874146     cutoff  102       133.65811  123.05489  7.93%   161 5506s
 2424186 1875927  124.79831   89  375  133.65811  123.05524  7.93%   161 5510s
 2426740 1878145  124.87562   80  445  133.65811  123.05568  7.93%   161 5517s
 2429737 1878728     cutoff  107       133.65811  123.05598  7.93%   161 5520s
 2430574 1880847     cutoff  106       133.65811  123.05641  7.93%   161 5526s
 2433337 1883295  124.12988  101  312  133.65811  123.05679  7.93%   161 5531s
 2436757 1884600  133.43529  105  308  133.65811  123.05757  7.93%   161 5537s
 2438545 1886784  133.45154   99  336  133.65811  123.05789  7.93%   161 5542s
 2441476 1888837  123.17523   75  223  133.65811  123.05826  7.93%   161 5547s
 2444355 1890876     cutoff  116       133.65811  123.05856  7.93%   161 5552s
 2447140 1892928     cutoff   93       133.65811  123.05906  7.93%   161 5557s
 2450166 1895625  133.44606   82  350  133.65811  123.05950  7.93%   161 5564s
 2453934 1896888     cutoff  107       133.65811  123.06017  7.93%   160 5567s
 2455745 1898491  126.98848  108  270  133.65811  123.06048  7.93%   160 5572s
 2458063 1899533     cutoff   99       133.65811  123.06088  7.93%   160 5575s
 2459515 1901295  124.53489   57  290  133.65811  123.06113  7.93%   160 5580s
 2462339 1902535  123.09564  131  393  133.65811  123.06154  7.93%   160 5585s
 2464037 1904289     cutoff  126       133.65811  123.06176  7.93%   160 5590s
 2469214 1908277     cutoff  106       133.65811  123.06260  7.93%   160 5599s
 2471948 1910271  124.50487   96  243  133.65811  123.06309  7.93%   160 5605s
 2474826 1912176     cutoff   97       133.65811  123.06342  7.93%   160 5610s
 2478978 1914360     cutoff   97       133.65811  123.06388  7.93%   160 5615s
 2483400 1917341     cutoff   85       133.65811  123.06450  7.93%   160 5623s
 2484758 1919168  123.07989   87  287  133.65811  123.06474  7.93%   160 5628s
 2487289 1920855 infeasible  100       133.65811  123.06514  7.93%   160 5632s
 2489778 1922284     cutoff  129       133.65811  123.06543  7.93%   160 5636s
 2491663 1924435     cutoff   91       133.65811  123.06598  7.92%   160 5641s
 2494702 1926652  123.60932   94  344  133.65811  123.06638  7.92%   160 5647s
 2497872 1928532  133.59059  109  403  133.65811  123.06679  7.92%   160 5652s
 2500625 1930301     cutoff   99       133.65811  123.06706  7.92%   160 5656s
 2502927 1931991  124.19630   77  334  133.65811  123.06751  7.92%   160 5661s
 2505422 1933753     cutoff  129       133.65811  123.06790  7.92%   160 5665s
 2509826 1937010  123.15442  124  232  133.65811  123.06863  7.92%   160 5674s
 2512499 1937335  133.47730  104  361  133.65811  123.06898  7.92%   159 5678s
 2512948 1939019  123.28764  121  375  133.65811  123.06915  7.92%   159 5683s
 2515345 1940587  133.24630  131  415  133.65811  123.06948  7.92%   159 5689s
 2517867 1942685     cutoff   95       133.65811  123.06990  7.92%   159 5694s
 2521081 1944596  126.04459  118  415  133.65811  123.07021  7.92%   159 5699s
 2523630 1946093     cutoff   73       133.65811  123.07060  7.92%   159 5703s
 2526000 1948165  123.13932   97  269  133.65811  123.07122  7.92%   159 5708s
 2528741 1949014  133.15817   92  420  133.65811  123.07173  7.92%   159 5712s
 2529893 1949362  123.32190   85  334  133.65811  123.07199  7.92%   159 5715s
 2530491 1951919  123.08594   90  233  133.65811  123.07215  7.92%   159 5721s
 2534232 1954146  124.93059   70  300  133.65811  123.07261  7.92%   159 5726s
 2537252 1956830  129.44822  127  435  133.65811  123.07304  7.92%   159 5732s
 2540878 1957979  133.41050  118  310  133.65811  123.07350  7.92%   159 5736s
 2542515 1959431  123.53852   85  295  133.65811  123.07369  7.92%   159 5740s
 2544499 1961312  126.33203  144  420  133.65811  123.07416  7.92%   159 5745s
 2548057 1963224  123.13151   89  264  133.65811  123.07451  7.92%   159 5750s
 2551501 1966339  123.70528  124  401  133.65811  123.07520  7.92%   159 5758s
 2554078 1967966  123.25168   95  417  133.65811  123.07561  7.92%   159 5763s
 2556425 1969438  123.39340   81  231  133.65811  123.07580  7.92%   159 5768s
 2558430 1971641  123.33830   91  240  133.65811  123.07612  7.92%   159 5774s
 2561701 1973490  123.25573   93  238  133.65811  123.07659  7.92%   159 5778s
 2564221 1975179  124.07587   96  400  133.65811  123.07702  7.92%   159 5783s
 2566554 1976812  123.46624  124  368  133.65811  123.07722  7.92%   159 5787s
 2568771 1977879  126.05602   98  194  133.65811  123.07769  7.92%   159 5791s
 2570883 1980298     cutoff   68       133.65811  123.07806  7.92%   159 5799s
 2573776 1982464     cutoff   98       133.65811  123.07831  7.92%   159 5804s
 2576809 1984133  123.48112   89  307  133.65811  123.07881  7.92%   158 5809s
 2579225 1986457  125.67477   81  258  133.65811  123.07916  7.91%   158 5815s
 2585330 1989642     cutoff   91       133.65811  123.08022  7.91%   158 5823s
 2587127 1990987     cutoff   91       133.65811  123.08036  7.91%   158 5827s
 2589061 1992668  125.00430   90  382  133.65811  123.08070  7.91%   158 5832s
 2591373 1994358  123.10180   94  239  133.65811  123.08104  7.91%   158 5836s
 2593860 1995950     cutoff   94       133.65811  123.08135  7.91%   158 5841s
 2596067 1997029  123.45177  108  308  133.65811  123.08168  7.91%   158 5845s
 2597604 1998266     cutoff  104       133.65811  123.08200  7.91%   158 5850s
 2599370 2000139  127.15294  114  398  133.65811  123.08231  7.91%   158 5855s
 2601916 2002714  123.28668   91  277  133.65811  123.08264  7.91%   158 5861s
 2605578 2003967     cutoff  100       133.65811  123.08313  7.91%   158 5865s
 2607655 2005867     cutoff  135       133.65811  123.08333  7.91%   158 5870s
 2612432 2008994  123.19059  104  325  133.65811  123.08412  7.91%   158 5878s
 2614579 2010879  123.22259   84  442  133.65811  123.08429  7.91%   158 5882s
 2617193 2012116  124.03947   73  410  133.65811  123.08479  7.91%   158 5886s
 2619027 2013987     cutoff   96       133.65811  123.08506  7.91%   158 5890s
 2621719 2015743     cutoff   52       133.65811  123.08546  7.91%   158 5895s
 2624110 2018158     cutoff  100       133.65811  123.08571  7.91%   158 5902s
 2627524 2019903  133.42514  135  361  133.65811  123.08608  7.91%   158 5906s
 2630116 2021305  123.09012  120  472  133.65811  123.08654  7.91%   158 5910s
 2634015 2023792     cutoff   94       133.65811  123.08723  7.91%   158 5918s
 2635866 2025601  123.19023  131  237  133.65811  123.08747  7.91%   158 5923s
 2638495 2027276     cutoff  110       133.65811  123.08774  7.91%   157 5927s
 2640875 2028861     cutoff  139       133.65811  123.08814  7.91%   157 5932s
 2643459 2030373  123.44623  111  351  133.65811  123.08859  7.91%   157 5936s
 2645563 2032775     cutoff   96       133.65811  123.08893  7.91%   157 5943s
 2648935 2033148  126.45801   73  340  133.65811  123.08917  7.91%   157 5947s
H2649075 2033147                     133.6581087  123.08931  7.91%   157 5947s
 2649462 2035151  127.72167   99  249  133.65811  123.08951  7.91%   157 5952s
 2652238 2036455     cutoff  132       133.65811  123.08977  7.91%   157 5957s
 2654171 2037897  133.17437   82  316  133.65811  123.09000  7.91%   157 5962s
 2656357 2039438  123.65478   96  403  133.65811  123.09030  7.91%   157 5967s
 2658592 2040093     cutoff   99       133.65811  123.09074  7.91%   157 5971s
 2659532 2041611  123.32925   86  330  133.65811  123.09091  7.91%   157 5976s
 2662035 2044077  123.62693   91  263  133.65811  123.09114  7.91%   157 5982s
 2665384 2046153  133.53444   63  308  133.65811  123.09161  7.91%   157 5987s
 2668078 2048539  127.19548   94  495  133.65811  123.09196  7.91%   157 5993s
 2671244 2050373  124.93823  144  421  133.65811  123.09234  7.91%   157 5998s
 2673753 2052226     cutoff   89       133.65811  123.09258  7.90%   157 6002s
 2676196 2053875     cutoff   71       133.65811  123.09306  7.90%   157 6007s
 2678569 2055637  123.12168   92  321  133.65811  123.09334  7.90%   157 6012s
 2680877 2057571  133.24992   76  368  133.65811  123.09371  7.90%   157 6016s
 2683381 2059368 infeasible  109       133.65811  123.09397  7.90%   157 6021s
 2686107 2061257     cutoff  133       133.65811  123.09429  7.90%   157 6025s
 2688604 2062828     cutoff  106       133.65811  123.09486  7.90%   157 6032s
 2690590 2065234     cutoff   96       133.65811  123.09495  7.90%   157 6039s
 2694002 2066421     cutoff  124       133.65811  123.09542  7.90%   157 6044s
 2695697 2068868     cutoff  102       133.65811  123.09572  7.90%   157 6050s
 2699131 2070920     cutoff   97       133.65811  123.09617  7.90%   157 6055s
 2702063 2072868  123.22399  103  265  133.65811  123.09672  7.90%   157 6060s
 2704834 2074330  123.32618  134  337  133.65811  123.09710  7.90%   157 6065s
 2707113 2076433  133.52834   97  259  133.65811  123.09751  7.90%   157 6070s
 2710388 2078465     cutoff  109       133.65811  123.09791  7.90%   157 6077s
 2713307 2080362     cutoff  121       133.65811  123.09815  7.90%   156 6082s
 2716059 2081970     cutoff   93       133.65811  123.09840  7.90%   156 6087s
 2718652 2083693  133.42385   88  312  133.65811  123.09891  7.90%   156 6091s
 2721160 2085567     cutoff  130       133.65811  123.09915  7.90%   156 6096s
 2725162 2087960     cutoff   90       133.65811  123.09975  7.90%   156 6104s
 2727002 2089939  123.10138  106  307  133.65811  123.10009  7.90%   156 6109s
 2729668 2091926     cutoff  102       133.65811  123.10029  7.90%   156 6114s
 2732494 2093790  124.55492   92  347  133.65811  123.10031  7.90%   156 6120s
 2734937 2096142  133.52378  140  291  133.65811  123.10084  7.90%   156 6126s
 2738524 2098102  133.47586   63  258  133.65811  123.10110  7.90%   156 6130s
 2741104 2099934  123.36741  100  184  133.65811  123.10166  7.90%   156 6135s
 2746441 2103529  133.50988  105  292  133.65811  123.10227  7.90%   156 6144s
 2748713 2105290     cutoff   69       133.65811  123.10260  7.90%   156 6148s
 2751055 2106760     cutoff  116       133.65811  123.10293  7.90%   156 6152s
 2753217 2109597  124.10631  111  335  133.65811  123.10319  7.90%   156 6159s
 2757023 2110038     cutoff   95       133.65811  123.10369  7.90%   156 6162s
 2757740 2111370     cutoff   99       133.65811  123.10385  7.90%   156 6166s
 2759984 2113112     cutoff  133       133.65811  123.10408  7.90%   156 6171s
 2762544 2114972     cutoff  105       133.65811  123.10440  7.90%   156 6176s
 2765147 2116470 infeasible  137       133.65811  123.10484  7.90%   156 6180s
 2767279 2118126  123.11428  108  225  133.65811  123.10505  7.90%   156 6185s
 2769457 2119502     cutoff   69       133.65811  123.10534  7.90%   156 6190s
 2771485 2121122     cutoff  119       133.65811  123.10553  7.90%   156 6195s
 2773742 2122523  123.88513  110  390  133.65811  123.10583  7.89%   156 6200s
 2775836 2125552  123.20914  121  271  133.65811  123.10620  7.89%   156 6207s
 2779848 2127580  126.19755   99  332  133.65811  123.10655  7.89%   156 6211s
 2782725 2129412  123.11623   95  299  133.65811  123.10690  7.89%   156 6216s
 2785269 2131060  123.57729  136  391  133.65811  123.10730  7.89%   155 6221s
 2787729 2132917     cutoff   92       133.65811  123.10749  7.89%   155 6225s
 2793015 2134771  133.34490  111  323  133.65811  123.10823  7.89%   155 6230s
 2795309 2136537  133.44640   97  291  133.65811  123.10852  7.89%   155 6254s
 2795661 2147905  123.26937   85  328  133.65811  123.10865  7.89%   155 6285s
 2811677 2147975     cutoff  109       133.65811  123.10976  7.89%   155 6290s
 2812130 2148549  133.49242  112  319  133.65811  123.11003  7.89%   155 6297s
 2812679 2150746     cutoff  116       133.65811  123.11007  7.89%   155 6302s
 2815594 2152571     cutoff   64       133.65811  123.11026  7.89%   155 6307s
 2818326 2154707  125.38316  104  367  133.65811  123.11062  7.89%   155 6313s
 2821363 2156421     cutoff  111       133.65811  123.11096  7.89%   155 6318s
 2823796 2158260  123.19095   98  245  133.65811  123.11128  7.89%   155 6323s
 2826421 2160084     cutoff  103       133.65811  123.11171  7.89%   155 6327s
 2829172 2161675  127.17592  103  261  133.65811  123.11187  7.89%   155 6332s
 2831349 2163050  124.37992   85  456  133.65811  123.11231  7.89%   155 6336s
 2833450 2164904  124.87980   83  273  133.65811  123.11256  7.89%   155 6341s
 2837466 2167867     cutoff  116       133.65811  123.11300  7.89%   155 6349s
 2840166 2170521  123.45379   79  325  133.65811  123.11330  7.89%   155 6355s
 2846183 2172412  127.99850   80  299  133.65811  123.11405  7.89%   155 6364s
 2847116 2174110     cutoff  124       133.65811  123.11421  7.89%   155 6368s
 2849544 2176002  123.15346  124  432  133.65811  123.11458  7.89%   155 6372s
 2852011 2177769     cutoff  121       133.65811  123.11483  7.89%   155 6376s
 2854288 2179466     cutoff  109       133.65811  123.11517  7.89%   154 6381s
 2856909 2181010  124.06986  105  422  133.65811  123.11539  7.89%   154 6385s
 2861801 2185316     cutoff  106       133.65811  123.11595  7.89%   154 6396s
 2866543 2188202  123.54423   73  384  133.65811  123.11662  7.89%   154 6404s
 2869395 2189236  123.24022   92  274  133.65811  123.11685  7.89%   154 6408s
 2870888 2189656  126.27788   97  396  133.65811  123.11726  7.89%   154 6411s
 2871518 2191838  123.50258  109  276  133.65811  123.11743  7.89%   154 6416s
 2874694 2194016     cutoff   89       133.65811  123.11771  7.89%   154 6421s
 2877628 2195805  123.35726   91  278  133.65811  123.11798  7.89%   154 6426s
 2880070 2197914  125.74721   81  256  133.65811  123.11829  7.89%   154 6431s
 2883101 2200230  123.88838   67  383  133.65811  123.11874  7.89%   154 6438s
 2886260 2202055  123.42044  120  459  133.65811  123.11897  7.89%   154 6442s
 2888718 2203215  124.40427   85  430  133.65811  123.11927  7.88%   154 6446s
 2890555 2204983     cutoff  112       133.65811  123.11943  7.88%   154 6451s
 2893188 2206816     cutoff  124       133.65811  123.11966  7.88%   154 6455s
 2895816 2208575  123.15978   89  283  133.65811  123.12020  7.88%   154 6460s
 2898304 2210130     cutoff  104       133.65811  123.12054  7.88%   154 6466s
 2900529 2212027  123.30321   85  259  133.65811  123.12078  7.88%   154 6471s
 2903121 2213655  133.06458  115  321  133.65811  123.12101  7.88%   154 6476s
 2905700 2214993  123.81575  131  295  133.65811  123.12125  7.88%   154 6481s
 2907700 2217530  130.77811  125  396  133.65811  123.12160  7.88%   154 6488s
 2911282 2219111     cutoff   93       133.65811  123.12199  7.88%   154 6493s
 2913628 2221270     cutoff   97       133.65811  123.12232  7.88%   154 6498s
 2916626 2223243     cutoff  104       133.65811  123.12256  7.88%   154 6503s
 2919415 2225402  123.32612   89  292  133.65811  123.12305  7.88%   154 6508s
 2922363 2226182     cutoff   89       133.65811  123.12338  7.88%   154 6512s
 2923518 2228371  123.45865   90  471  133.65811  123.12362  7.88%   154 6517s
 2926504 2230774  133.43529  109  296  133.65811  123.12391  7.88%   154 6524s
 2929896 2232488  123.18507   95  277  133.65811  123.12426  7.88%   153 6528s
 2932215 2234139  123.88344  107  441  133.65811  123.12448  7.88%   153 6532s
 2934625 2235526     cutoff   94       133.65811  123.12480  7.88%   153 6536s
 2936686 2236770  123.32805   94  337  133.65811  123.12507  7.88%   153 6541s
 2938331 2238813     cutoff  113       133.65811  123.12532  7.88%   153 6546s
 2941049 2240727  133.56815  109  240  133.65811  123.12560  7.88%   153 6550s
 2943906 2242497     cutoff  116       133.65811  123.12587  7.88%   153 6555s
 2948795 2245472  123.31034   82  342  133.65811  123.12646  7.88%   153 6564s
 2950925 2247921  123.65637  105  382  133.65811  123.12671  7.88%   153 6570s
 2954459 2249999     cutoff   77       133.65811  123.12717  7.88%   153 6575s
 2957180 2251982  133.34530   75  283  133.65811  123.12752  7.88%   153 6580s
 2960080 2253642     cutoff  146       133.65811  123.12788  7.88%   153 6585s
 2963818 2255650  123.43583   84  377  133.65811  123.12813  7.88%   153 6590s
 2967433 2259124     cutoff   95       133.65811  123.12881  7.88%   153 6599s
 2970048 2261348  133.50718  117  399  133.65811  123.12912  7.88%   153 6605s
 2972998 2263030  124.31689  139  367  133.65811  123.12948  7.88%   153 6610s
 2976053 2264821     cutoff  141       133.65811  123.12975  7.88%   153 6615s
 2978779 2266043  126.20418   93  339  133.65811  123.13012  7.88%   153 6620s
 2982526 2269538     cutoff   65       133.65811  123.13046  7.88%   153 6629s
 2984978 2270981  127.04746   78  383  133.65811  123.13087  7.88%   153 6633s
 2987019 2272102  123.38195   88  324  133.65811  123.13108  7.88%   153 6638s
 2988715 2274470  123.16036   92  342  133.65811  123.13133  7.88%   153 6643s
 2992134 2276784     cutoff  104       133.65811  123.13170  7.88%   153 6649s
 2995480 2278416     cutoff  112       133.65811  123.13210  7.88%   153 6653s
 2997852 2279864     cutoff   49       133.65811  123.13239  7.88%   153 6658s
 3000291 2281682     cutoff   82       133.65811  123.13261  7.87%   153 6663s
 3002930 2283210  133.47125  104  286  133.65811  123.13296  7.87%   153 6667s
 3005371 2284515     cutoff  106       133.65811  123.13327  7.87%   152 6671s
 3007318 2286717     cutoff  133       133.65811  123.13355  7.87%   152 6675s
 3012786 2290043  123.42754  103  251  133.65811  123.13404  7.87%   152 6685s
 3014815 2290544  124.29171  117  288  133.65811  123.13434  7.87%   152 6690s
 3015487 2293839  132.30076   79  317  133.65811  123.13449  7.87%   152 6698s
 3020261 2296533  133.38859   91  284  133.65811  123.13494  7.87%   152 6705s
 3024096 2298646     cutoff  101       133.65811  123.13540  7.87%   152 6710s
 3029780 2302554  123.17500   90  226  133.65811  123.13601  7.87%   152 6719s
 3032795 2304255  123.22597   78  246  133.65811  123.13649  7.87%   152 6724s
 3035214 2306502     cutoff   88       133.65811  123.13672  7.87%   152 6730s
 3038492 2308294  123.20312  131  370  133.65811  123.13713  7.87%   152 6735s
 3044032 2312184  133.41236   84  271  133.65811  123.13778  7.87%   152 6743s
 3046404 2313868     cutoff   88       133.65811  123.13814  7.87%   152 6747s
 3048875 2314799     cutoff   92       133.65811  123.13831  7.87%   152 6751s
 3050209 2316442  123.22499  104  330  133.65811  123.13856  7.87%   152 6755s
 3052599 2318121  124.71719   41  458  133.65811  123.13884  7.87%   152 6760s
 3057313 2321875  124.22412   67  405  133.65811  123.13931  7.87%   152 6771s
 3060075 2324052     cutoff  132       133.65811  123.13968  7.87%   152 6776s
 3064082 2327090  123.26647  118  352  133.65811  123.14015  7.87%   152 6785s
 3067481 2329280  133.61265   90  269  133.65811  123.14046  7.87%   152 6790s
 3072882 2333034  126.33756   64  406  133.65811  123.14111  7.87%   152 6799s
 3075564 2334973     cutoff  102       133.65811  123.14133  7.87%   152 6803s
 3078085 2337491     cutoff   84       133.65811  123.14165  7.87%   151 6810s
 3084031 2340735     cutoff  102       133.65811  123.14226  7.87%   151 6818s
 3086469 2342523     cutoff  106       133.65811  123.14252  7.87%   151 6822s
 3088862 2344472     cutoff  113       133.65811  123.14275  7.87%   151 6826s
 3091651 2345504  128.80532  117  269  133.65811  123.14311  7.87%   151 6830s
 3095270 2348979     cutoff   98       133.65811  123.14359  7.87%   151 6838s
 3098001 2351145     cutoff  106       133.65811  123.14379  7.87%   151 6842s
 3100836 2352293  123.63530  113  429  133.65811  123.14420  7.87%   151 6848s
 3102508 2356534  133.56569  115  356  133.65811  123.14436  7.87%   151 6856s
 3108237 2358177  123.14480   59  433  133.65811  123.14480  7.87%   151 6861s
 3110526 2360167  123.24095   99  308  133.65811  123.14503  7.87%   151 6866s
 3113112 2362118     cutoff  123       133.65811  123.14533  7.87%   151 6870s
 3115850 2363291     cutoff   95       133.65811  123.14568  7.87%   151 6875s
 3119898 2366858  133.45789   75  245  133.65811  123.14614  7.86%   151 6883s
 3122609 2368759  123.66105  132  429  133.65811  123.14648  7.86%   151 6889s
 3125005 2371452  133.59646   69  457  133.65811  123.14657  7.86%   151 6895s
 3131387 2374836     cutoff   62       133.65811  123.14739  7.86%   151 6903s
 3133712 2376181     cutoff  126       133.65811  123.14769  7.86%   151 6908s
 3135773 2377948  123.22763  122  239  133.65811  123.14788  7.86%   151 6912s
 3138232 2379934     cutoff   96       133.65811  123.14826  7.86%   151 6917s
 3140840 2381649     cutoff  111       133.65811  123.14848  7.86%   151 6921s
 3143399 2383669     cutoff  125       133.65811  123.14892  7.86%   151 6928s
 3146429 2385369  133.42563  120  243  133.65811  123.14917  7.86%   150 6932s
 3149206 2386271     cutoff  131       133.65811  123.14949  7.86%   150 6936s
 3150470 2388352  123.27209   99  321  133.65811  123.14971  7.86%   150 6941s
 3153404 2390633  125.10831  129  447  133.65811  123.14997  7.86%   150 6946s
 3156512 2392519     cutoff   77       133.65811  123.15025  7.86%   150 6950s
 3161368 2394154  123.92270  113  312  133.65811  123.15069  7.86%   150 6955s
 3164544 2398519  124.39914   70  364  133.65811  123.15111  7.86%   150 6965s
 3170477 2401792  133.35525   83  371  133.65811  123.15165  7.86%   150 6973s
 3172490 2403517     cutoff   76       133.65811  123.15193  7.86%   150 6977s
 3175106 2405232  123.19059   93  244  133.65811  123.15216  7.86%   150 6981s
 3177572 2407089     cutoff  104       133.65811  123.15233  7.86%   150 6985s
 3180025 2409105  125.70292  153  549  133.65811  123.15273  7.86%   150 6990s
 3185505 2413832  131.77206  147  437  133.65811  123.15323  7.86%   150 7000s
 3189968 2416021     cutoff  113       133.65811  123.15371  7.86%   150 7008s
 3192790 2417394  123.18431   95  331  133.65811  123.15397  7.86%   150 7013s
 3194777 2417757  123.26968   74  291  133.65811  123.15422  7.86%   150 7016s
 3195223 2419620  133.46505  113  376  133.65811  123.15435  7.86%   150 7020s
 3197892 2421715  124.57917  112  361  133.65811  123.15459  7.86%   150 7025s
 3200882 2423550     cutoff  114       133.65811  123.15480  7.86%   150 7030s
 3206134 2427985 infeasible   74       133.65811  123.15552  7.86%   150 7040s
 3209429 2430074     cutoff  112       133.65811  123.15587  7.86%   150 7045s
 3213953 2432996     cutoff  118       133.65811  123.15620  7.86%   149 7053s
 3216426 2434758  123.27094   87  248  133.65811  123.15644  7.86%   149 7057s
 3219006 2436062  132.36426  108  393  133.65811  123.15671  7.86%   149 7061s
 3220833 2437493 infeasible  126       133.65811  123.15687  7.86%   149 7065s
 3223102 2439090     cutoff  106       133.65811  123.15721  7.86%   149 7070s
 3227157 2442276  123.17767  114  288  133.65811  123.15771  7.86%   149 7079s
 3229273 2442276     cutoff  110       133.65811  123.15776  7.86%   149 7080s
 3232020 2445467     cutoff  101       133.65811  123.15820  7.86%   149 7089s
 3235074 2447228  123.79208   99  261  133.65811  123.15848  7.86%   149 7094s
 3237739 2448815     cutoff  137       133.65811  123.15878  7.86%   149 7098s
 3239982 2450253  123.75219  105  251  133.65811  123.15899  7.86%   149 7102s
 3242174 2451083     cutoff  138       133.65811  123.15942  7.85%   149 7107s
 3243567 2452694  133.49931   78  324  133.65811  123.15961  7.85%   149 7111s
 3246095 2454243  123.55083   99  274  133.65811  123.15980  7.85%   149 7116s
 3248362 2456025  123.18276  113  219  133.65811  123.16002  7.85%   149 7122s
 3251032 2456436  133.55151   73  315  133.65811  123.16027  7.85%   149 7125s
 3251621 2458737  133.39813   97  322  133.65811  123.16046  7.85%   149 7131s
 3255135 2460628 infeasible  103       133.65811  123.16070  7.85%   149 7137s
 3257877 2462080     cutoff   99       133.65811  123.16113  7.85%   149 7141s
 3260059 2464123  133.41803   78  407  133.65811  123.16148  7.85%   149 7147s
 3262998 2465222     cutoff   93       133.65811  123.16176  7.85%   149 7152s
 3264653 2467318  129.98431  137  296  133.65811  123.16196  7.85%   149 7157s
 3267525 2469103     cutoff  108       133.65811  123.16225  7.85%   149 7162s
 3270157 2470986     cutoff   92       133.65811  123.16266  7.85%   149 7168s
 3272878 2472596     cutoff   95       133.65811  123.16284  7.85%   149 7173s
 3275119 2474069     cutoff   90       133.65811  123.16309  7.85%   149 7178s
 3277491 2475744     cutoff  126       133.65811  123.16342  7.85%   149 7183s
 3280088 2477433     cutoff  100       133.65811  123.16380  7.85%   149 7188s
 3282509 2479325  123.19952  138  315  133.65811  123.16414  7.85%   149 7193s
 3285278 2481281     cutoff  117       133.65811  123.16445  7.85%   149 7198s
 3288181 2481820  123.40943  111  217  133.65811  123.16476  7.85%   149 7200s

Cutting planes:
  Learned: 5
  Gomory: 316
  Lift-and-project: 9
  Cover: 663
  Implied bound: 1672
  Projected implied bound: 39
  Clique: 1
  MIR: 2235
  StrongCG: 7
  Flow cover: 3726
  GUB cover: 3
  Inf proof: 214
  Zero half: 18
  Network: 1
  RLT: 180
  Relax-and-lift: 239

Explored 3288914 nodes (490412251 simplex iterations) in 7200.10 seconds (16276.50 work units)
Thread count was 32 (of 32 available processors)

Solution count 10: 133.658 133.658 133.658 ... 133.669

Time limit reached
Best objective 1.336581086858e+02, best bound 1.231649109936e+02, gap 7.8508%
