
Gurobi 9.5.2 (linux64) logging started Wed Jul 29 04:54:22 2026

Set parameter LogFile to value "logs/oracle_RlongCfewTlarge_18_gurobi.log"
Gurobi Optimizer version 9.5.2 build v9.5.2rc0 (linux64)
Thread count: 16 physical cores, 32 logical processors, using up to 32 threads
Optimize a model with 9688 rows, 5280 columns and 178542 nonzeros
Model fingerprint: 0xbbd808f5
Variable types: 3297 continuous, 1983 integer (1983 binary)
Coefficient statistics:
  Matrix range     [3e-02, 2e+03]
  Objective range  [1e+00, 1e+00]
  Bounds range     [1e+00, 6e+01]
  RHS range        [3e-02, 5e+02]

User MIP start did not produce a new incumbent solution

Presolve removed 2816 rows and 925 columns
Presolve time: 0.59s
Presolved: 6872 rows, 4355 columns, 161118 nonzeros
Variable types: 2582 continuous, 1773 integer (1773 binary)
Root relaxation presolve removed 180 rows and 116 columns
Root relaxation presolved: 6692 rows, 4239 columns, 124486 nonzeros

Extra simplex iterations after uncrush: 3

Root relaxation: objective 1.010203e+02, 6989 iterations, 0.82 seconds (1.73 work units)
Another try with MIP start

    Nodes    |    Current Node    |     Objective Bounds      |     Work
 Expl Unexpl |  Obj  Depth IntInf | Incumbent    BestBd   Gap | It/Node Time

     0     0  101.02025    0  612          -  101.02025      -     -    3s
     0     0  106.15287    0  492          -  106.15287      -     -    4s
     0     0  106.63329    0  537          -  106.63329      -     -    4s
     0     0  106.69977    0  536          -  106.69977      -     -    4s
     0     0  106.71034    0  536          -  106.71034      -     -    4s
     0     0  106.71293    0  541          -  106.71293      -     -    4s
     0     0  106.71293    0  542          -  106.71293      -     -    4s
     0     0  107.69737    0  612          -  107.69737      -     -    5s
     0     0  107.73718    0  652          -  107.73718      -     -    5s
     0     0  107.75788    0  640          -  107.75788      -     -    5s
     0     0  107.75902    0  644          -  107.75902      -     -    5s
     0     0  108.53023    0  626          -  108.53023      -     -    6s
     0     0  108.58315    0  647          -  108.58315      -     -    6s
     0     0  108.58601    0  635          -  108.58601      -     -    6s
     0     0  108.58644    0  634          -  108.58644      -     -    6s
     0     0  109.02973    0  624          -  109.02973      -     -    7s
     0     0  109.09355    0  619          -  109.09355      -     -    7s
     0     0  109.10629    0  632          -  109.10629      -     -    7s
     0     0  109.10695    0  636          -  109.10695      -     -    7s
     0     0  109.47424    0  587          -  109.47424      -     -    8s
     0     0  109.52208    0  629          -  109.52208      -     -    8s
     0     0  109.53063    0  638          -  109.53063      -     -    8s
     0     0  109.53150    0  642          -  109.53150      -     -    8s
     0     0  109.99343    0  587          -  109.99343      -     -    9s
     0     0  110.06864    0  633          -  110.06864      -     -    9s
     0     0  110.08930    0  632          -  110.08930      -     -    9s
     0     0  110.09263    0  634          -  110.09263      -     -    9s
     0     0  110.09267    0  638          -  110.09267      -     -    9s
     0     0  110.30162    0  645          -  110.30162      -     -   10s
     0     0  110.32040    0  635          -  110.32040      -     -   10s
     0     0  110.32605    0  620          -  110.32605      -     -   10s
     0     0  110.32668    0  623          -  110.32668      -     -   10s
     0     0  110.48628    0  543          -  110.48628      -     -   11s
     0     0  110.50346    0  627          -  110.50346      -     -   11s
     0     0  110.50773    0  639          -  110.50773      -     -   11s
     0     0  110.50818    0  642          -  110.50818      -     -   11s
     0     0  110.61474    0  543          -  110.61474      -     -   12s
     0     0  110.63767    0  606          -  110.63767      -     -   12s
     0     0  110.64109    0  633          -  110.64109      -     -   12s
     0     0  110.64140    0  637          -  110.64140      -     -   12s
     0     0  110.75808    0  594          -  110.75808      -     -   13s
     0     0  110.76931    0  599          -  110.76931      -     -   13s
     0     0  110.77043    0  607          -  110.77043      -     -   13s
     0     0  110.82960    0  474          -  110.82960      -     -   14s
     0     0  110.84811    0  601          -  110.84811      -     -   14s
     0     0  110.84935    0  606          -  110.84935      -     -   14s
     0     0  110.91075    0  596          -  110.91075      -     -   15s
     0     0  110.91973    0  595          -  110.91973      -     -   15s
     0     0  110.92179    0  602          -  110.92179      -     -   15s
     0     0  110.97809    0  595          -  110.97809      -     -   16s
     0     0  110.99786    0  599          -  110.99786      -     -   16s
     0     0  111.00011    0  603          -  111.00011      -     -   16s
     0     0  111.02760    0  584          -  111.02760      -     -   16s
     0     0  111.03407    0  592          -  111.03407      -     -   17s
     0     0  111.03508    0  577          -  111.03508      -     -   17s
     0     0  111.07701    0  637          -  111.07701      -     -   17s
     0     0  111.08721    0  535          -  111.08721      -     -   18s
     0     0  111.09123    0  624          -  111.09123      -     -   18s
     0     0  111.09232    0  637          -  111.09232      -     -   18s
     0     0  111.13101    0  553          -  111.13101      -     -   19s
     0     0  111.13737    0  571          -  111.13737      -     -   19s
     0     0  111.13885    0  573          -  111.13885      -     -   19s
     0     0  111.19406    0  605          -  111.19406      -     -   20s
     0     0  111.20000    0  616          -  111.20000      -     -   20s
     0     0  111.20113    0  604          -  111.20113      -     -   20s
     0     0  111.22016    0  449          -  111.22016      -     -   21s
     0     0  111.22439    0  550          -  111.22439      -     -   21s
     0     0  111.22615    0  552          -  111.22615      -     -   21s
     0     0  111.23403    0  561          -  111.23403      -     -   21s
     0     0  111.24224    0  560          -  111.24224      -     -   21s
     0     0  111.24393    0  510          -  111.24393      -     -   22s
     0     0  111.26334    0  605          -  111.26334      -     -   22s
     0     0  111.26598    0  613          -  111.26598      -     -   22s
     0     0  111.27935    0  552          -  111.27935      -     -   23s
     0     0  111.28244    0  560          -  111.28244      -     -   23s
     0     0  111.28419    0  570          -  111.28419      -     -   23s
     0     0  111.29514    0  610          -  111.29514      -     -   24s
H    0     0                     550.9954049  111.29514  79.8%     -   24s
     0     0  111.29514    0  477  550.99540  111.29514  79.8%     -   25s
     0     2  111.29514    0  452  550.99540  111.29514  79.8%     -   25s
H   38    48                     179.4628692  111.48404  37.9%   770   27s
H   79    96                     168.0689995  111.51022  33.7%   702   29s
H   94    96                     165.9037313  111.53428  32.8%   724   29s
    95   112  111.54158    9  622  165.90373  111.53521  32.8%   734   30s
H  127   144                     164.1118935  111.54424  32.0%   697   32s
H  127   144                     162.3301836  111.54424  31.3%   697   32s
H  128   144                     161.4623646  111.54566  30.9%   697   32s
H  133   144                     161.1833678  111.55383  30.8%   693   33s
H  141   144                     157.4007066  111.55383  29.1%   699   33s
H  179   196                     156.1198908  111.55931  28.5%   675   34s
H  184   196                     154.3293488  111.56088  27.7%   671   34s
H  221   243                     154.2283933  111.56353  27.7%   662   35s
H  224   243                     151.6380738  111.56553  26.4%   667   35s
H  284   301                     151.2329016  111.56915  26.2%   676   40s
H  284   301                     150.4737561  111.56915  25.9%   676   40s
H  285   301                     149.6457468  111.57270  25.4%   679   40s
H  295   301                     140.9985510  111.57958  20.9%   702   40s
H  295   301                     139.3158229  111.57958  19.9%   702   40s
H  332   349                     138.9984352  111.59372  19.7%   719   42s
H  334   349                     138.8904446  111.59500  19.7%   718   42s
H  335   349                     125.8401761  111.59568  11.3%   724   42s
H  411   429                     125.8086220  111.60976  11.3%   723   44s
H  412   429                     125.0007260  111.60986  10.7%   727   44s
H  413   429                     124.9791898  111.61016  10.7%   726   44s
H  416   429                     124.9073397  111.61066  10.6%   731   44s
H  422   429                     124.8898063  111.61252  10.6%   740   44s
   507   544  111.63480   22  591  124.88981  111.61655  10.6%   673   45s
H  547   584                     124.7308525  111.61791  10.5%   650   45s
H  641   653                     124.7208345  111.62681  10.5%   653   47s
H  649   653                     124.6475191  111.63027  10.4%   660   47s
H  713   728                     124.6375011  111.63582  10.4%   660   49s
H  722   728                     124.2752252  111.64014  10.2%   668   49s
   727   858  111.93703   22  448  124.27523  111.64043  10.2%   674   50s
H 1418  1460                     124.2652073  111.65454  10.1%   490   53s
  1783  1998  113.70756   21  497  124.26521  111.65855  10.1%   432   55s
H 2005  2036                     124.2652072  111.66193  10.1%   412   58s
H 2006  2036                     124.2439005  111.66227  10.1%   412   58s
H 2010  2036                     124.2235521  111.66261  10.1%   412   58s
H 2020  2036                     124.2082093  111.66268  10.1%   415   58s
H 2022  2036                     124.1194437  111.66268  10.0%   416   58s
H 2292  2289                     124.0976417  111.66397  10.0%   404   67s
  2293  2290  112.15596   24  477  124.09764  111.66397  10.0%   404   72s
  2296  2292  112.09677   31  370  124.09764  111.66397  10.0%   403   75s
  2305  2298  111.77177   47  391  124.09764  111.77177  9.93%   402   80s
  2312  2303  112.41288   15  558  124.09764  112.10365  9.66%   401   85s
  2316  2305  112.44152   18  512  124.09764  112.28653  9.52%   400   90s
  2321  2309  113.39785   13  441  124.09764  112.38506  9.44%   399   98s
  2323  2310  113.29899   17  548  124.09764  112.38993  9.43%   399  100s
  2326  2312  112.42608   22  415  124.09764  112.42608  9.41%   398  105s
H 2328  2196                     124.0143084  112.44119  9.33%   398  107s
  2333  2200  112.58124   19  526  124.01431  112.45229  9.32%   397  111s
  2336  2202  112.45604   34  422  124.01431  112.45604  9.32%   397  118s
  2338  2203  112.46144   27  411  124.01431  112.46144  9.32%   396  120s
  2339  2206  112.46144   11  411  124.01431  112.46144  9.32%   422  128s
  2341  2207  113.48510   12  420  124.01431  113.26210  8.67%   423  136s
  2349  2213  113.29522   14  559  124.01431  113.29522  8.64%   424  140s
H 2420  2139                     123.9909012  113.30894  8.62%   437  143s
H 2425  2032                     123.8392819  113.31063  8.50%   438  143s
H 2429  1931                     123.8225649  113.31063  8.49%   438  143s
  2483  1966  115.08425   23  359  123.82256  113.31064  8.49%   446  145s
H 2561  1921                     123.7488489  113.32666  8.42%   455  148s
  2690  2014  119.08622   41  455  123.74885  113.33877  8.41%   464  150s
  3161  2397  115.39559   67  443  123.74885  113.68232  8.13%   452  155s
H 3206  2291                     123.7488488  113.68771  8.13%   448  155s
H 3256  2188                     123.7061819  113.68771  8.10%   447  155s
H 3434  2213                     123.7061815  113.70381  8.09%   436  156s
H 3438  2133                     123.6655156  113.70381  8.06%   436  156s
H 3862  2367                     123.6141607  113.71913  8.00%   416  158s
  4083  2475  116.49847   39  418  123.61416  113.72532  8.00%   409  160s
  5083  3316  113.85140   38  422  123.61416  113.74805  7.98%   384  165s
  5631  3567  113.75916   60  406  123.61416  113.75916  7.97%   371  170s
H 5642  3494                     123.6141607  113.75931  7.97%   371  170s
H 7065  4523                     123.6141607  113.78220  7.95%   339  174s
  7126  4663  113.83503   58  486  123.61416  113.78499  7.95%   339  175s
  9527  7380  113.92500   49  506  123.61416  113.80611  7.93%   292  180s
 10804  8015  118.41340   44  428  123.61416  113.81304  7.93%   275  185s
 11800  9328     cutoff   44       123.61416  113.82357  7.92%   270  191s
 13573 10933  119.19951   26  498  123.61416  113.83437  7.91%   262  195s
 15597 12696  118.91640   54  417  123.61416  113.84397  7.90%   253  200s
 17285 15096  114.03360   61  411  123.61416  113.85675  7.89%   247  205s
 20871 17574     cutoff   73       123.61416  113.86584  7.89%   227  213s
 21354 21054  113.91743   75  357  123.61416  113.86811  7.88%   228  218s
 25047 21766  119.29184   84  472  123.61416  113.87637  7.88%   210  220s
 25839 22763  114.00978   85  346  123.61416  113.88275  7.87%   208  226s
 28700 24662  113.98301   64  411  123.61416  113.89028  7.87%   203  231s
 30405 27416  113.89963   53  413  123.61416  113.89394  7.86%   199  236s
 33601 30375  116.13802   85  431  123.61416  113.89934  7.86%   191  241s
 36639 32684  113.96359   81  464  123.61416  113.90457  7.85%   186  246s
 39339 34998  113.91767   71  421  123.61416  113.91114  7.85%   183  251s
 42587 40689  113.91561   59  504  123.61416  113.91547  7.85%   178  259s
 44954 40689  114.01570   43  499  123.61416  113.91749  7.84%   174  260s
 47607 43549  120.31464   85  352  123.61416  113.92290  7.84%   172  265s
 51381 45524  114.55303   76  424  123.61416  113.92757  7.84%   168  270s
 53653 49194  120.17543   83  343  123.61416  113.93187  7.83%   166  276s
 57449 52345     cutoff   79       123.61416  113.93651  7.83%   164  281s
 60496 54612  119.47623   58  374  123.61416  113.94207  7.82%   163  287s
 61513 56652  115.79264   55  425  123.61416  113.94332  7.82%   162  290s
 63671 59735  113.94683   88  400  123.61416  113.94588  7.82%   161  295s
 68963 62476  114.93240   86  513  123.61416  113.95005  7.82%   157  300s
 72062 65853     cutoff   62       123.61416  113.95276  7.82%   156  306s
 74274 65904  115.77520  113  391  123.61416  113.95410  7.81%   155  310s
 76791 69077     cutoff   64       123.61416  113.95692  7.81%   153  316s
H77395 69077                     123.6141607  113.95745  7.81%   153  316s
 79460 72647  114.19507   76  375  123.61416  113.96006  7.81%   153  322s
 81705 74591  113.96295   71  306  123.61416  113.96186  7.81%   152  325s
 85500 77806  116.88414   65  445  123.61416  113.96515  7.81%   150  333s
 87365 80313  114.70427   86  424  123.61416  113.96674  7.80%   149  338s
 90291 82143  114.02189   88  411  123.61416  113.96828  7.80%   149  342s
 92534 83917  114.70630   88  460  123.61416  113.97076  7.80%   148  345s
 97210 88229  117.48410   85  409  123.61416  113.97333  7.80%   147  352s
 99530 90272     cutoff   89       123.61416  113.97494  7.80%   147  356s
 104335 94567  118.83057   85  472  123.61416  113.97834  7.80%   145  362s
 106487 96360  114.29982   88  524  123.61416  113.97995  7.79%   144  367s
 108376 99221  123.54381   54  427  123.61416  113.98167  7.79%   144  371s
 112071 100068  114.04999   78  414  123.61416  113.98558  7.79%   143  375s
 114728 103971  114.31620   90  358  123.61416  113.98825  7.79%   144  383s
 116887 105896  117.83451   80  333  123.61416  113.98919  7.79%   143  387s
 119195 108487  114.25241   93  428  123.61416  113.99089  7.78%   144  391s
 122007 110476     cutoff   69       123.61416  113.99256  7.78%   143  395s
 126730 115479  118.14224   78  364  123.61416  113.99514  7.78%   142  402s
 129484 116786  118.63884   61  509  123.61416  113.99658  7.78%   141  407s
 131584 117440  115.50767   82  396  123.61416  113.99730  7.78%   142  411s
 132271 121250  117.14586   76  369  123.61416  113.99768  7.78%   142  418s
 136715 122336  114.05367   60  464  123.61416  113.99888  7.78%   141  421s
 137970 124985  114.70047   71  287  123.61416  114.00035  7.78%   141  425s
H142456 126765                     123.6141606  114.00249  7.78%   140  430s
 145932 131226     cutoff   82       123.61416  114.00406  7.77%   139  437s
H146769 131226                     123.6141604  114.00523  7.77%   139  437s
 147888 131553  115.72458  100  367  123.61416  114.00654  7.77%   139  440s
H148172 131553                     123.6141604  114.00707  7.77%   139  440s
 151021 135842     cutoff   79       123.61416  114.00849  7.77%   139  450s
H152155 135842                     123.6141601  114.00898  7.77%   139  450s
 156262 141054  114.49409   75  446  123.61416  114.01115  7.77%   138  458s
 158798 143207  114.21058   81  391  123.61416  114.01248  7.77%   138  462s
 161119 144991  114.48164   82  560  123.61416  114.01381  7.77%   137  465s
 165520 147906  120.28893   71  349  123.61416  114.01641  7.76%   137  472s
 166552 148546  116.94474   77  361  123.61416  114.01732  7.76%   137  476s
H167006 148546                     123.6141598  114.01787  7.76%   137  476s
H167052 148546                     123.6141595  114.01792  7.76%   137  476s
 167275 150382     cutoff   62       123.61416  114.01852  7.76%   137  480s
 172398 154952  114.54787   70  401  123.61416  114.02167  7.76%   137  489s
 174312 157731  114.03372   87  485  123.61416  114.02226  7.76%   137  494s
 177520 160055     cutoff   90       123.61416  114.02465  7.76%   136  498s
 180170 162100  114.08286   77  355  123.61416  114.02581  7.76%   136  501s
 182472 164543  119.24576   72  338  123.61416  114.02669  7.76%   136  505s
 186853 168322     cutoff   49       123.61416  114.02938  7.75%   136  512s
 189470 170554  115.75497   88  324  123.61416  114.03072  7.75%   136  516s
 191930 172675  114.11017   65  453  123.61416  114.03215  7.75%   136  520s
 194240 174848  114.83291   79  255  123.61416  114.03351  7.75%   136  525s
 196772 176923     cutoff   68       123.61416  114.03510  7.75%   136  530s
 201286 180617  115.73018  110  311  123.61416  114.03704  7.75%   136  540s
 206739 185662     cutoff   74       123.61416  114.03969  7.75%   135  548s
 209121 188121  114.71035   64  371  123.61416  114.04099  7.74%   135  552s
 211874 189284  115.76193   67  381  123.61416  114.04213  7.74%   135  556s
 213201 190909  116.08643   78  374  123.61416  114.04346  7.74%   135  560s
 215460 193353  119.89668   61  393  123.61416  114.04436  7.74%   135  565s
 220464 197475     cutoff   60       123.61416  114.04688  7.74%   135  573s
 222795 199117  114.71488   78  369  123.61416  114.04805  7.74%   135  577s
 224682 201496  116.29157   83  341  123.61416  114.04884  7.74%   135  581s
 227473 203602  115.27943   72  379  123.61416  114.05022  7.74%   134  585s
 232639 208194  115.23799  126  285  123.61416  114.05321  7.73%   134  594s
 235408 209793  114.06399   95  347  123.61416  114.05433  7.73%   134  598s
 237168 210609  114.47891   76  320  123.61416  114.05515  7.73%   134  602s
 238089 217758  114.18463   98  310  123.61416  114.05593  7.73%   134  614s
H243772 217758                     123.6141589  114.05627  7.73%   134  614s
 244248 217758  119.44616   87  303  123.61416  114.05628  7.73%   134  615s
 249481 221341     cutoff  112       123.61416  114.05972  7.73%   133  622s
 250204 222014  114.09951   66  422  123.61416  114.06063  7.73%   133  625s
 251885 223459  122.11343   74  412  123.61416  114.06138  7.73%   133  633s
 252797 226530  119.37808   96  406  123.61416  114.06221  7.73%   133  638s
 256607 227735  114.32925   79  302  123.61416  114.06373  7.73%   133  642s
 257977 230077  114.27870   95  411  123.61416  114.06458  7.73%   133  647s
 260770 232984     cutoff   91       123.61416  114.06575  7.72%   133  652s
 264055 234727     cutoff   76       123.61416  114.06669  7.72%   133  656s
 266310 236427     cutoff  105       123.61416  114.06765  7.72%   133  660s
 270376 240757     cutoff   70       123.61416  114.06930  7.72%   133  668s
 272969 242611     cutoff   58       123.61416  114.07035  7.72%   133  671s
 275110 244754  114.36089   84  359  123.61416  114.07210  7.72%   133  675s
 280306 249988  116.75003   90  270  123.61416  114.07426  7.72%   133  684s
 283627 252172  114.09589   88  369  123.61416  114.07505  7.72%   132  688s
 286097 253296  115.33071   92  381  123.61416  114.07649  7.72%   132  691s
 288123 255981  117.11823   73  337  123.61416  114.07863  7.71%   132  699s
 290411 258688  115.95228   66  336  123.61416  114.07955  7.71%   132  704s
 293784 259674 infeasible  101       123.61416  114.08091  7.71%   132  707s
 294857 262029  114.12740   77  318  123.61416  114.08141  7.71%   132  712s
 297571 263351  114.09748   83  444  123.61416  114.08244  7.71%   132  720s
 299080 265986  114.08269   97  342  123.61416  114.08269  7.71%   132  725s
 302189 268286  117.59086   72  338  123.61416  114.08435  7.71%   132  730s
 306332 270379  114.14832  100  324  123.61416  114.08632  7.71%   132  739s
 307293 273155  115.47480   65  443  123.61416  114.08684  7.71%   132  744s
 310559 275884     cutoff   64       123.61416  114.08816  7.71%   132  750s
 316074 281070  114.88391   79  389  123.61416  114.09105  7.70%   132  759s
 319603 281828  118.03810  101  345  123.61416  114.09242  7.70%   132  763s
 320490 283865  115.88101   73  430  123.61416  114.09338  7.70%   132  768s
 323279 286319  114.25002   95  479  123.61416  114.09487  7.70%   131  773s
 326100 287795 infeasible   80       123.61416  114.09519  7.70%   132  777s
 328209 289812  114.14088  103  407  123.61416  114.09671  7.70%   132  781s
 330546 292155     cutoff   88       123.61416  114.09718  7.70%   132  785s
 336066 296556  120.20472   71  253  123.61416  114.09947  7.70%   132  793s
 338407 297253  114.11260   97  451  123.61416  114.10050  7.70%   132  797s
 339243 299184  118.97820   99  280  123.61416  114.10094  7.70%   132  801s
 341649 300852  114.34892   79  305  123.61416  114.10202  7.70%   132  806s
 343515 301637  118.77160   66  450  123.61416  114.10299  7.69%   132  810s
 344408 304374  114.54051   75  350  123.61416  114.10363  7.69%   132  815s
 349579 307687  116.18826   85  367  123.61416  114.10623  7.69%   132  823s
 351817 309698  115.66855   74  337  123.61416  114.10823  7.69%   132  827s
 354328 311412  115.00057   83  282  123.61416  114.10856  7.69%   132  831s
 356300 313601  115.25972   86  352  123.61416  114.11064  7.69%   132  835s
 361520 318048  118.84789   75  362  123.61416  114.11251  7.69%   131  843s
 363940 318836  121.86320  106  359  123.61416  114.11321  7.69%   131  847s
 364884 321067  118.88172   53  455  123.61416  114.11429  7.69%   131  852s
 367937 322633  114.30340   81  313  123.61416  114.11529  7.68%   131  856s
 369908 324210  114.29568  102  370  123.61416  114.11579  7.68%   131  860s
 373413 327045  114.28790   82  421  123.61416  114.11733  7.68%   131  869s
 375863 329001  114.12219  131  399  123.61416  114.11869  7.68%   132  873s
 378405 331127  114.53725   84  314  123.61416  114.11936  7.68%   132  878s
 380902 331850     cutoff   85       123.61416  114.12009  7.68%   132  881s
 381786 334108  117.92818   83  357  123.61416  114.12088  7.68%   132  886s
 384500 335803  114.47285   64  332  123.61416  114.12215  7.68%   132  890s
 386701 337168  114.58164   91  270  123.61416  114.12320  7.68%   132  895s
 388799 339543  114.36250   78  388  123.61416  114.12409  7.68%   132  901s
 392136 341551  116.49561  106  216  123.61416  114.12514  7.68%   132  906s
 394600 344082  116.42793  104  236  123.61416  114.12619  7.68%   132  911s
 397429 345001  117.66343  100  302  123.61416  114.12806  7.67%   132  915s
 401299 348074     cutoff   86       123.61416  114.12977  7.67%   132  924s
 402399 350335  115.54637   86  279  123.61416  114.13078  7.67%   132  928s
 405295 351115  114.31154  103  346  123.61416  114.13190  7.67%   132  932s
 406288 353778  118.60131   94  406  123.61416  114.13247  7.67%   132  937s
 409452 355864  115.02376   92  340  123.61416  114.13341  7.67%   132  942s
 411789 358167  114.99777   70  457  123.61416  114.13450  7.67%   132  947s
 414913 360412  115.26425   75  275  123.61416  114.13560  7.67%   132  952s
 417582 361257     cutoff   99       123.61416  114.13675  7.67%   132  955s
 418541 363363     cutoff  109       123.61416  114.13723  7.67%   132  960s
 423855 367438  115.13593   59  401  123.61416  114.13913  7.67%   132  968s
 426362 369246     cutoff   51       123.61416  114.14067  7.66%   132  972s
 428747 371321  115.79823   56  339  123.61416  114.14131  7.66%   132  977s
 431264 372012  119.06022  104  385  123.61416  114.14239  7.66%   132  981s
 432183 376867     cutoff  112       123.61416  114.14327  7.66%   132  993s
 438743 379264     cutoff   75       123.61416  114.14433  7.66%   132  998s
 441933 380823  114.64648   93  353  123.61416  114.14635  7.66%   132 1003s
 443917 381507  114.75886   87  397  123.61416  114.14773  7.66%   132 1007s
 444712 383637  115.02833  114  253  123.61416  114.14815  7.66%   133 1012s
 447799 384669     cutoff  105       123.61416  114.14889  7.66%   133 1017s
 449049 387491     cutoff   78       123.61416  114.14949  7.66%   133 1022s
 452715 389593  114.54126  114  343  123.61416  114.15061  7.66%   132 1027s
 455389 391243  115.67563   96  280  123.61416  114.15154  7.65%   133 1032s
 457468 392972     cutoff  103       123.61416  114.15282  7.65%   133 1037s
 459462 395089  119.36359   67  380  123.61416  114.15353  7.65%   133 1041s
 461989 397156  115.25139  112  446  123.61416  114.15426  7.65%   133 1046s
 464760 399394  115.66484  116  369  123.61416  114.15527  7.65%   133 1051s
 467515 400543  117.04276  102  286  123.61416  114.15595  7.65%   133 1055s
 471669 405138     cutoff   60       123.61416  114.15790  7.65%   133 1064s
 474332 406116     cutoff   71       123.61416  114.15894  7.65%   133 1068s
 475401 410785  114.33124  101  326  123.61416  114.15945  7.65%   133 1078s
 481855 412833  115.25734   74  358  123.61416  114.16062  7.65%   133 1083s
 484397 414845  115.00404   84  332  123.61416  114.16205  7.65%   133 1088s
 486936 416741  115.49256  110  359  123.61416  114.16290  7.65%   133 1092s
 489107 417726  117.37981  105  330  123.61416  114.16360  7.65%   133 1097s
 490504 418868  114.68406   98  448  123.61416  114.16445  7.64%   133 1101s
 491879 419755     cutoff  112       123.61416  114.16503  7.64%   133 1105s
 492943 423007  114.49330   73  399  123.61416  114.16543  7.64%   133 1111s
 496776 423832 infeasible  116       123.61416  114.16611  7.64%   133 1116s
 497944 425644  117.74448   82  329  123.61416  114.16748  7.64%   133 1124s
 500372 430036  115.40751   95  356  123.61416  114.16811  7.64%   133 1134s
 506074 431502 infeasible   71       123.61416  114.16944  7.64%   133 1139s
 507792 433077     cutoff  105       123.61416  114.17064  7.64%   133 1145s
 509753 433853  114.69365   70  352  123.61416  114.17160  7.64%   133 1151s
 510710 434834  114.51611   64  342  123.61416  114.17227  7.64%   133 1156s
 512011 437902  114.39817   91  339  123.61416  114.17327  7.64%   133 1163s
 516302 439533     cutoff   59       123.61416  114.17446  7.64%   133 1169s
 518375 440268  114.48643   92  269  123.61416  114.17557  7.64%   133 1174s
 519380 442129  114.19284   66  464  123.61416  114.17615  7.64%   133 1183s
 521674 447022  114.21610  103  259  123.61416  114.17719  7.63%   133 1194s
 527980 450063  114.34064   79  406  123.61416  114.17928  7.63%   133 1201s
 531598 452756     cutoff   72       123.61416  114.18100  7.63%   133 1206s
 534977 455211  116.26851   77  416  123.61416  114.18226  7.63%   133 1211s
 538002 457331  114.19453   50  490  123.61416  114.18300  7.63%   133 1216s
 540696 458804  116.82613   92  363  123.61416  114.18359  7.63%   133 1221s
 542352 462159  114.83846   73  318  123.61416  114.18486  7.63%   133 1228s
 546549 462915  114.47763   93  352  123.61416  114.18567  7.63%   133 1233s
 547483 465470  118.41564   81  258  123.61416  114.18661  7.63%   133 1238s
 550841 466306  114.40730   53  397  123.61416  114.18770  7.63%   133 1244s
 551835 468940  117.95404   84  323  123.61416  114.18824  7.63%   133 1249s
 555110 470252  114.47703  108  327  123.61416  114.18960  7.62%   133 1253s
 556755 471178  114.22235   69  301  123.61416  114.19029  7.62%   133 1259s
 557912 473514  123.55311  102  412  123.61416  114.19089  7.62%   133 1264s
 560929 474347  114.37498   94  340  123.61416  114.19161  7.62%   133 1269s
 561953 476283     cutoff   88       123.61416  114.19233  7.62%   133 1275s
 566750 480085  115.46928   68  434  123.61416  114.19413  7.62%   134 1284s
 569807 480687  115.88870   98  287  123.61416  114.19468  7.62%   134 1288s
 570533 483336  116.13281  107  308  123.61416  114.19538  7.62%   134 1293s
 573657 485403  114.25412  102  407  123.61416  114.19623  7.62%   133 1297s
 576206 486161  117.73256   80  335  123.61416  114.19774  7.62%   133 1301s
 577152 488239  115.45365   70  324  123.61416  114.19811  7.62%   133 1306s
 579665 490243  116.55987   95  337  123.61416  114.19899  7.62%   133 1311s
 582567 492572  114.74711   66  289  123.61416  114.19985  7.62%   133 1316s
 585361 493871     cutoff  129       123.61416  114.20110  7.61%   133 1321s
 587073 494565  114.80099   70  394  123.61416  114.20165  7.61%   133 1325s
 587970 496455  114.31645   50  431  123.61416  114.20250  7.61%   133 1331s
 590360 497440  119.69824   90  409  123.61416  114.20343  7.61%   133 1336s
 591518 500235  117.65778   80  315  123.61416  114.20394  7.61%   134 1342s
 595013 502237  115.27942   96  364  123.61416  114.20548  7.61%   134 1348s
 597772 503744  123.60460   87  364  123.61416  114.20662  7.61%   134 1353s
 599569 504489  114.39240   70  404  123.61416  114.20800  7.61%   134 1358s
 600465 507808  118.95687   85  352  123.61416  114.20827  7.61%   134 1364s
 604506 508659     cutoff   75       123.61416  114.20908  7.61%   134 1369s
 605549 513888  115.33369   92  344  123.61416  114.21001  7.61%   134 1380s
 611936 515590  119.50742  100  357  123.61416  114.21109  7.61%   134 1385s
 613844 516365  119.35182   63  534  123.61416  114.21271  7.61%   134 1390s
 614781 518985     cutoff   84       123.61416  114.21317  7.61%   134 1395s
 618106 519558  117.65662  120  263  123.61416  114.21404  7.60%   134 1405s
 618763 520497     cutoff   94       123.61416  114.21445  7.60%   134 1410s
 620017 521576 infeasible   62       123.61416  114.21482  7.60%   134 1416s
 621351 525429  117.13909  117  295  123.61416  114.21550  7.60%   134 1422s
 625847 528146  114.25563   69  340  123.61416  114.21666  7.60%   134 1428s
 629178 528977     cutoff   92       123.61416  114.21769  7.60%   134 1431s
 630327 529487  114.63004  112  354  123.61416  114.21864  7.60%   134 1435s
 631121 530035  114.44437   71  388  123.61416  114.21908  7.60%   134 1441s
 631838 532383 infeasible   96       123.61416  114.21941  7.60%   134 1447s
 635094 533539  118.41964  124  240  123.61416  114.22008  7.60%   134 1452s
 636376 536284     cutoff   93       123.61416  114.22058  7.60%   134 1458s
 639674 538199     cutoff   71       123.61416  114.22146  7.60%   134 1464s
 642712 540511  115.53100   98  365  123.61416  114.22204  7.60%   134 1469s
 645643 543329  120.54324   98  330  123.61416  114.22343  7.60%   134 1474s
 649010 543972     cutoff   72       123.61416  114.22426  7.60%   134 1479s
 649914 546661  114.41581   75  321  123.61416  114.22476  7.60%   134 1491s
 653110 551783     cutoff   86       123.61416  114.22553  7.60%   135 1501s
 659276 554712  117.62949  101  383  123.61416  114.22730  7.59%   135 1507s
 663110 557207     cutoff   96       123.61416  114.22816  7.59%   134 1512s
 666190 557979     cutoff   89       123.61416  114.22939  7.59%   134 1517s
 667139 560632     cutoff   94       123.61416  114.23002  7.59%   134 1522s
 670243 563093  115.36341  129  268  123.61416  114.23079  7.59%   134 1528s
 673318 563435  114.45398   73  368  123.61416  114.23191  7.59%   134 1532s
 673741 564245     cutoff   86       123.61416  114.23216  7.59%   134 1536s
 674792 566911 infeasible   81       123.61416  114.23268  7.59%   134 1542s
 678131 569596  114.33862   89  380  123.61416  114.23359  7.59%   134 1547s
 681388 570420  118.87305   80  297  123.61416  114.23431  7.59%   134 1551s
 682329 572759  116.13051  101  297  123.61416  114.23491  7.59%   134 1556s
 685481 574864  115.83146   81  489  123.61416  114.23542  7.59%   134 1561s
 688067 576589     cutoff   92       123.61416  114.23660  7.59%   134 1566s
 690439 578793  120.26761  101  293  123.61416  114.23706  7.59%   134 1571s
 693012 579524  115.71192   91  277  123.61416  114.23758  7.59%   134 1576s
 693910 585584  121.17784  110  367  123.61416  114.23840  7.58%   135 1588s
 701860 586163  119.87593   98  297  123.61416  114.24049  7.58%   134 1593s
 702599 588387  115.77659  107  278  123.61416  114.24119  7.58%   134 1598s
 705328 589135  117.46876   98  283  123.61416  114.24206  7.58%   135 1602s
 706282 591563     cutoff  119       123.61416  114.24285  7.58%   135 1607s
 709510 593996  114.38510  106  284  123.61416  114.24362  7.58%   135 1612s
 712403 594613  119.10506   81  346  123.61416  114.24422  7.58%   135 1617s
 713255 596990  114.35340   72  445  123.61416  114.24496  7.58%   135 1622s
 716491 597884  115.86781   78  353  123.61416  114.24591  7.58%   135 1627s
 717686 599581  116.31087   99  336  123.61416  114.24687  7.58%   135 1636s
 719841 604674  114.72275  111  337  123.61416  114.24757  7.58%   135 1647s
 726626 607300  115.70499   59  391  123.61416  114.24960  7.58%   135 1653s
 730094 609535 infeasible   93       123.61416  114.25026  7.58%   135 1658s
 733281 610222     cutoff  108       123.61416  114.25184  7.57%   135 1663s
 734270 612341     cutoff  133       123.61416  114.25272  7.57%   135 1668s
 737385 614448     cutoff   62       123.61416  114.25375  7.57%   135 1673s
 740519 616037  114.25479   76  290  123.61416  114.25479  7.57%   135 1678s
H742699 616037                     123.6141587  114.25585  7.57%   135 1678s
 742866 616449  116.18324   98  242  123.61416  114.25600  7.57%   135 1683s
 743477 618192 infeasible   59       123.61416  114.25660  7.57%   135 1688s
 746209 619976     cutoff  113       123.61416  114.25770  7.57%   135 1692s
 748839 620485     cutoff   90       123.61416  114.25980  7.57%   135 1696s
 749725 622230 infeasible  100       123.61416  114.26047  7.57%   135 1701s
 752723 623168     cutoff   80       123.61416  114.26139  7.57%   135 1705s
 754033 625036     cutoff   69       123.61416  114.26245  7.57%   135 1710s
 757950 627774     cutoff   86       123.61416  114.26473  7.56%   135 1719s
 760967 629632     cutoff   77       123.61416  114.26573  7.56%   135 1724s
 763536 631410  115.01858   95  340  123.61416  114.26700  7.56%   135 1728s
 766040 631909     cutoff   65       123.61416  114.26826  7.56%   135 1731s
 766793 633324 infeasible  120       123.61416  114.26931  7.56%   135 1735s
 771803 636851  116.33775  108  344  123.61416  114.27188  7.56%   135 1743s
 774263 637334  115.56301   86  351  123.61416  114.27341  7.56%   135 1747s
 774989 639417  114.62338  109  223  123.61416  114.27428  7.56%   135 1752s
 777931 639888  115.18256   87  396  123.61416  114.27522  7.55%   135 1756s
 778562 641554  120.25923  122  231  123.61416  114.27596  7.55%   135 1761s
 780976 642728 infeasible   95       123.61416  114.27682  7.55%   135 1767s
 782455 643654     cutoff  102       123.61416  114.27791  7.55%   135 1772s
 783751 646616 infeasible   73       123.61416  114.27877  7.55%   135 1779s
 788166 648391     cutoff   81       123.61416  114.28017  7.55%   135 1785s
 790925 649282     cutoff   55       123.61416  114.28185  7.55%   135 1790s
 792321 651960  115.25430   84  344  123.61416  114.28294  7.55%   135 1796s
 795908 652562  114.41089  120  400  123.61416  114.28481  7.55%   135 1801s
 796807 654354  116.30559   84  272  123.61416  114.28551  7.55%   135 1806s
 799662 655183  115.74148   97  413  123.61416  114.28652  7.55%   135 1812s
 800899 659602     cutoff  124       123.61416  114.28760  7.54%   135 1822s
 807004 660155  115.33626   86  358  123.61416  114.28963  7.54%   135 1826s
 807784 662148 infeasible   94       123.61416  114.29047  7.54%   135 1831s
 810538 662606     cutoff   94       123.61416  114.29209  7.54%   135 1836s
 811354 663184 infeasible   80       123.61416  114.29317  7.54%   135 1841s
 812272 665410 infeasible  103       123.61416  114.29415  7.54%   136 1847s
 815407 665766 infeasible   66       123.61416  114.29607  7.54%   136 1853s
 815889 666875     cutoff   85       123.61416  114.29660  7.54%   136 1859s
 817542 669586     cutoff   62       123.61416  114.29756  7.54%   136 1865s
 821239 670187  114.48256  110  302  123.61416  114.29889  7.54%   136 1870s
 822109 675875  115.34552  102  229  123.61416  114.29959  7.54%   136 1883s
 830090 676515 infeasible   66       123.61416  114.30238  7.53%   136 1887s
 830983 678658 infeasible   99       123.61416  114.30371  7.53%   136 1893s
 834067 680197  117.67489   70  314  123.61416  114.30499  7.53%   136 1898s
 836549 680811  114.71231   56  312  123.61416  114.30662  7.53%   136 1902s
 837384 682661 infeasible  105       123.61416  114.30758  7.53%   136 1907s
 840226 683286 infeasible   46       123.61416  114.30871  7.53%   136 1912s
 841260 684066  116.64654   95  255  123.61416  114.30977  7.53%   136 1917s
 842348 685815 infeasible   57       123.61416  114.31074  7.53%   136 1923s
 845104 687777     cutoff   72       123.61416  114.31204  7.53%   136 1928s
 847689 688305  115.35820   99  202  123.61416  114.31330  7.52%   136 1932s
 848508 690211     cutoff   87       123.61416  114.31375  7.52%   136 1937s
 851318 690889  115.86520   89  291  123.61416  114.31483  7.52%   136 1942s
 852288 692914  115.53954   71  246  123.61416  114.31540  7.52%   136 1947s
 855498 695012     cutoff   84       123.61416  114.31667  7.52%   136 1952s
 858492 695644  118.38444   98  450  123.61416  114.31845  7.52%   136 1957s
 859460 697949 infeasible   97       123.61416  114.31947  7.52%   136 1962s
 862555 698581  115.91741  104  230  123.61416  114.32048  7.52%   136 1966s
 863424 700857  115.48729   85  314  123.61416  114.32186  7.52%   137 1972s
 866379 701327     cutoff  145       123.61416  114.32326  7.52%   136 1976s
 867066 703826  114.35277   72  302  123.61416  114.32393  7.52%   137 1981s
 870572 705480     cutoff  101       123.61416  114.32517  7.51%   136 1986s
 872935 706039 infeasible   86       123.61416  114.32662  7.51%   137 1990s
 873817 707860 infeasible  122       123.61416  114.32711  7.51%   137 1995s
 876679 708616     cutoff  117       123.61416  114.32802  7.51%   137 2000s
 877854 711086  114.93956   90  426  123.61416  114.32894  7.51%   137 2005s
 882123 713401  116.95227  105  367  123.61416  114.33137  7.51%   137 2014s
 884873 715398     cutoff  117       123.61416  114.33272  7.51%   137 2020s
 888768 717978 infeasible   87       123.61416  114.33510  7.51%   137 2030s
 892754 720380  114.43416  103  253  123.61416  114.33789  7.50%   137 2039s
 895605 722315  120.45139  124  434  123.61416  114.33914  7.50%   137 2044s
 898453 723019  118.00979   93  285  123.61416  114.34107  7.50%   137 2048s
 899510 724986 infeasible   69       123.61416  114.34172  7.50%   137 2053s
 902506 727287  114.78918  100  363  123.61416  114.34317  7.50%   137 2059s
 905623 728613  115.49532   76  338  123.61416  114.34430  7.50%   137 2064s
 907375 731930     cutoff   99       123.61416  114.34539  7.50%   137 2072s
 912115 732689     cutoff  114       123.61416  114.34712  7.50%   137 2076s
 913173 734514     cutoff   74       123.61416  114.34848  7.50%   137 2081s
 915804 736568  115.27905  121  252  123.61416  114.34990  7.49%   137 2086s
 918683 737171     cutoff  130       123.61416  114.35119  7.49%   137 2090s
 919691 739141     cutoff   80       123.61416  114.35239  7.49%   137 2095s
 922877 739708  119.82377   60  333  123.61416  114.35415  7.49%   137 2100s
 923815 741796  114.35485  108  411  123.61416  114.35485  7.49%   137 2105s
 926786 743292 infeasible   76       123.61416  114.35636  7.49%   137 2111s
 929497 743903  114.77308   96  344  123.61416  114.35867  7.49%   137 2116s
 930579 745996     cutoff  126       123.61416  114.35950  7.49%   137 2122s
 933667 748177     cutoff   97       123.61416  114.36138  7.49%   137 2127s
 936692 748957 infeasible   88       123.61416  114.36328  7.48%   137 2132s
 937940 751523     cutoff  149       123.61416  114.36426  7.48%   137 2138s
 941427 752232  114.42008  122  424  123.61416  114.36543  7.48%   137 2142s
 942476 754494     cutoff   92       123.61416  114.36649  7.48%   137 2148s
 945480 756640     cutoff   78       123.61416  114.36749  7.48%   137 2154s
 948665 757322     cutoff   94       123.61416  114.36864  7.48%   137 2159s
 949721 762298  114.56484  138  373  123.61416  114.36959  7.48%   137 2172s
 957732 762884 infeasible   92       123.61416  114.37155  7.48%   136 2176s
 958635 764711  116.83189  129  227  123.61416  114.37296  7.48%   136 2181s
 961638 766526     cutoff  107       123.61416  114.37548  7.47%   136 2185s
 964176 767752     cutoff   87       123.61416  114.37622  7.47%   136 2190s
 966901 770125  119.30904   94  355  123.61416  114.37928  7.47%   136 2199s
 969133 770125     cutoff  101       123.61416  114.37968  7.47%   136 2200s
 969810 770731 infeasible   78       123.61416  114.38039  7.47%   136 2205s
 970761 776247     cutoff   91       123.61416  114.38147  7.47%   136 2219s
 979073 776984  114.55268   95  419  123.61416  114.38487  7.47%   136 2223s
 980191 778708  115.64194  129  303  123.61416  114.38587  7.47%   136 2227s
 983098 780195 infeasible  115       123.61416  114.38715  7.46%   136 2232s
 985621 781387     cutoff   80       123.61416  114.38800  7.46%   136 2237s
 987570 781959 infeasible  140       123.61416  114.38873  7.46%   136 2241s
 988573 784081  118.34978   79  316  123.61416  114.39074  7.46%   136 2247s
 991802 784903  115.52898  109  296  123.61416  114.39175  7.46%   136 2252s
 993184 788550     cutoff   77       123.61416  114.39303  7.46%   136 2261s
 998830 789297  119.15117   87  339  123.61416  114.39459  7.46%   136 2266s
 999895 791457     cutoff   81       123.61416  114.39573  7.46%   136 2271s
 1003039 792269 infeasible  107       123.61416  114.39769  7.46%   136 2276s
 1004369 794326     cutoff  105       123.61416  114.39886  7.45%   136 2282s
 1007545 795129  114.51934   55  271  123.61416  114.40033  7.45%   136 2287s
 1008646 797493  117.73322   63  352  123.61416  114.40088  7.45%   136 2293s
 1012016 799229  116.78008  106  316  123.61416  114.40239  7.45%   136 2298s
 1014966 801826     cutoff  105       123.61416  114.40435  7.45%   136 2304s
 1018558 802250  114.67926   74  415  123.61416  114.40545  7.45%   136 2308s
 1019296 804129  116.39914  100  244  123.61416  114.40630  7.45%   136 2312s
 1021954 805814  114.64413   93  344  123.61416  114.40728  7.45%   136 2316s
 1024674 806333     cutoff  101       123.61416  114.40895  7.45%   136 2320s
 1028119 809995 infeasible   72       123.61416  114.41131  7.44%   136 2329s
 1030730 810773  114.41238  101  297  123.61416  114.41238  7.44%   136 2333s
 1031953 812201     cutoff   90       123.61416  114.41291  7.44%   136 2338s
 1034538 813812     cutoff   98       123.61416  114.41405  7.44%   136 2343s
 1037234 814437  116.61892   79  294  123.61416  114.41585  7.44%   136 2348s
 1038361 819683     cutoff   70       123.61416  114.41671  7.44%   136 2359s
 1039266 819683 infeasible  115       123.61416  114.41680  7.44%   136 2360s
 1046804 822055     cutoff  104       123.61416  114.42021  7.44%   136 2368s
 1049612 822691 infeasible   74       123.61416  114.42118  7.44%   136 2372s
 1050609 825184  115.41992  116  306  123.61416  114.42243  7.44%   136 2378s
 1054001 825523 infeasible   75       123.61416  114.42404  7.43%   136 2382s
 1054650 826237  114.85450   74  429  123.61416  114.42486  7.43%   136 2386s
 1055701 828266  114.65186  112  336  123.61416  114.42526  7.43%   136 2391s
 1058788 830348     cutoff   86       123.61416  114.42654  7.43%   136 2397s
 1062023 830645 infeasible   77       123.61416  114.42752  7.43%   136 2401s
 1062643 831492  114.52027   79  410  123.61416  114.42797  7.43%   136 2406s
 1064057 832397 infeasible   85       123.61416  114.42884  7.43%   136 2411s
 1065454 835254 infeasible  118       123.61416  114.42962  7.43%   136 2417s
 1069654 837255  117.14770  110  424  123.61416  114.43136  7.43%   136 2422s
 1072599 837962 infeasible   97       123.61416  114.43260  7.43%   136 2427s
 1073684 840028 infeasible   73       123.61416  114.43308  7.43%   136 2433s
 1076784 840745  114.75986   82  244  123.61416  114.43460  7.43%   136 2437s
 1077860 842881     cutoff   96       123.61416  114.43518  7.43%   136 2443s
 1080868 843901     cutoff   86       123.61416  114.43649  7.42%   136 2448s
 1082376 847804     cutoff  109       123.61416  114.43763  7.42%   136 2457s
 1088022 848355  114.64031  116  249  123.61416  114.43993  7.42%   136 2462s
 1088982 850415  121.38019  128  219  123.61416  114.44046  7.42%   136 2467s
 1091941 851095     cutoff  124       123.61416  114.44123  7.42%   136 2472s
 1092993 852792     cutoff   88       123.61416  114.44248  7.42%   136 2478s
 1095705 853879  115.70441  116  265  123.61416  114.44313  7.42%   136 2483s
 1097405 854503     cutoff  115       123.61416  114.44416  7.42%   136 2487s
 1098544 855362 infeasible   80       123.61416  114.44500  7.42%   136 2492s
 1099910 858004  114.46250   73  227  123.61416  114.44597  7.42%   136 2499s
 1104101 858700 infeasible  116       123.61416  114.44729  7.42%   136 2504s
 1105128 863465     cutoff   73       123.61416  114.44799  7.42%   136 2517s
 1112773 864065     cutoff   96       123.61416  114.44974  7.41%   136 2521s
 1113774 866378 infeasible  111       123.61416  114.45105  7.41%   136 2526s
 1117290 866748 infeasible  128       123.61416  114.45177  7.41%   136 2531s
 1117999 868763     cutoff   84       123.61416  114.45266  7.41%   136 2536s
 1121127 869385 infeasible   76       123.61416  114.45373  7.41%   135 2540s
 1122125 871563  118.43026  120  393  123.61416  114.45453  7.41%   136 2545s
 1125132 873710 infeasible   94       123.61416  114.45568  7.41%   135 2551s
 1128311 874178  115.91576   99  391  123.61416  114.45662  7.41%   135 2555s
 1129112 876364     cutoff   80       123.61416  114.45751  7.41%   135 2560s
 1133286 878674  114.47277   89  296  123.61416  114.45925  7.41%   135 2570s
 1135866 879595  117.23144   57  337  123.61416  114.46026  7.41%   135 2575s
 1137237 882197     cutoff   81       123.61416  114.46165  7.40%   135 2581s
 1141113 883152     cutoff   72       123.61416  114.46246  7.40%   135 2585s
 1142497 883974 infeasible   98       123.61416  114.46359  7.40%   135 2590s
 1143800 886811     cutoff  100       123.61416  114.46415  7.40%   135 2596s
 1147830 888871     cutoff  100       123.61416  114.46563  7.40%   135 2602s
 1150820 889482     cutoff  100       123.61416  114.46651  7.40%   135 2606s
 1151727 891790 infeasible   87       123.61416  114.46715  7.40%   135 2611s
 1155410 893578     cutoff   70       123.61416  114.46847  7.40%   135 2616s
 1157987 894187     cutoff   77       123.61416  114.47006  7.40%   135 2621s
 1159078 896470  114.52489   83  231  123.61416  114.47057  7.40%   135 2626s
 1162431 897015  114.80371   94  401  123.61416  114.47155  7.40%   135 2631s
 1163401 897675 infeasible   90       123.61416  114.47248  7.40%   135 2635s
 1164602 899577     cutoff   48       123.61416  114.47318  7.39%   135 2641s
 1167226 901780     cutoff   91       123.61416  114.47497  7.39%   135 2646s
 1170429 903086     cutoff  111       123.61416  114.47549  7.39%   135 2652s
 1172301 905548     cutoff  125       123.61416  114.47712  7.39%   135 2659s
 1175960 906154 infeasible  118       123.61416  114.47842  7.39%   135 2663s
 1177009 908353  114.56913   90  173  123.61416  114.47950  7.39%   135 2670s
 1181748 910520 infeasible  124       123.61416  114.48135  7.39%   135 2681s
 1183842 913024 infeasible   99       123.61416  114.48211  7.39%   135 2687s
 1187619 914424     cutoff   92       123.61416  114.48417  7.39%   135 2692s
 1189564 916026     cutoff   89       123.61416  114.48502  7.39%   135 2698s
 1192314 916478     cutoff  137       123.61416  114.48549  7.38%   135 2703s
 1193281 918361  115.13511   47  408  123.61416  114.48634  7.38%   135 2713s
 1196307 923136     cutoff  133       123.61416  114.48788  7.38%   135 2724s
 1203427 925007     cutoff   52       123.61416  114.48997  7.38%   135 2730s
 1206558 927485     cutoff  100       123.61416  114.49162  7.38%   135 2735s
 1210508 929606     cutoff   85       123.61416  114.49268  7.38%   135 2740s
 1213584 931702     cutoff   96       123.61416  114.49341  7.38%   135 2746s
 1216934 932188 infeasible  129       123.61416  114.49513  7.38%   135 2750s
 1217781 934216     cutoff   97       123.61416  114.49582  7.38%   135 2755s
 1221891 936764  114.94161  114  310  123.61416  114.49772  7.37%   135 2764s
 1224647 937783  119.62651   68  279  123.61416  114.49852  7.37%   135 2768s
 1226192 938504     cutoff   65       123.61416  114.49946  7.37%   135 2773s
 1227469 940949     cutoff  122       123.61416  114.50015  7.37%   135 2778s
 1231048 942728 infeasible   97       123.61416  114.50125  7.37%   134 2784s
 1234030 945236     cutoff   52       123.61416  114.50192  7.37%   134 2790s
 1238626 947544     cutoff   97       123.61416  114.50424  7.37%   134 2797s
 1241324 949133  114.92559  117  320  123.61416  114.50554  7.37%   134 2802s
 1243626 949616     cutoff   93       123.61416  114.50654  7.37%   134 2806s
 1244502 951145     cutoff  106       123.61416  114.50746  7.37%   134 2810s
 1247804 954054 infeasible  105       123.61416  114.50891  7.37%   134 2819s
 1251588 954611  116.73277  117  204  123.61416  114.51003  7.36%   134 2824s
 1252472 956662     cutoff  148       123.61416  114.51051  7.36%   134 2829s
 1255912 957416 infeasible  103       123.61416  114.51153  7.36%   134 2835s
 1257227 961487  114.77821  125  402  123.61416  114.51247  7.36%   134 2845s
 1263861 962209  118.55977  110  347  123.61416  114.51393  7.36%   134 2850s
 1265000 964236     cutoff   72       123.61416  114.51471  7.36%   134 2855s
 1268098 966723  114.85398   69  206  123.61416  114.51548  7.36%   134 2860s
 1272383 969265  117.92192   74  339  123.61416  114.51700  7.36%   134 2868s
 1275223 971491     cutoff  101       123.61416  114.51790  7.36%   134 2872s
 1278380 972360     cutoff  114       123.61416  114.51861  7.36%   134 2878s
 1279686 977464     cutoff   67       123.61416  114.51974  7.36%   134 2888s
 1286983 979279  114.90742   78  337  123.61416  114.52140  7.36%   133 2893s
 1289559 980595     cutoff   77       123.61416  114.52234  7.35%   133 2897s
 1291535 980927     cutoff   92       123.61416  114.52306  7.35%   133 2901s
 1292431 982034  116.79547   87  378  123.61416  114.52370  7.35%   133 2906s
 1294170 983730 infeasible   87       123.61416  114.52432  7.35%   133 2910s
 1297124 984724  120.01318  111  356  123.61416  114.52531  7.35%   133 2915s
H1297699 984724                     123.6141586  114.52551  7.35%   133 2915s
 1298547 986493 infeasible   63       123.61416  114.52604  7.35%   133 2920s
 1301179 987906  117.79593   99  287  123.61416  114.52668  7.35%   133 2925s
H1301806 987906                     123.6141585  114.52675  7.35%   133 2926s
 1303677 988688     cutoff  142       123.61416  114.52759  7.35%   133 2930s
 1304894 991734  118.81556   64  324  123.61416  114.52807  7.35%   133 2937s
 1309414 993705  115.49477  101  344  123.61416  114.52899  7.35%   133 2942s
 1312538 994191     cutoff   72       123.61416  114.53021  7.35%   133 2946s
 1313413 995969 infeasible   92       123.61416  114.53079  7.35%   133 2950s
 1316129 997698     cutoff  106       123.61416  114.53132  7.35%   133 2955s
 1319954 1000624     cutoff   62       123.61416  114.53281  7.35%   133 2965s
 1323124 1003166     cutoff  125       123.61416  114.53387  7.35%   133 2971s
 1327871 1004584  114.57142  107  320  123.61416  114.53530  7.34%   133 2979s
 1329146 1006569  114.93911  113  336  123.61416  114.53572  7.34%   133 2983s
 1332369 1007244     cutoff  176       123.61416  114.53630  7.34%   133 2987s
 1333430 1009264     cutoff   98       123.61416  114.53673  7.34%   133 2992s
 1336405 1011735  118.58839  123  251  123.61416  114.53781  7.34%   133 2997s
 1340083 1013064     cutoff   65       123.61416  114.53876  7.34%   132 3001s
 1342196 1013604     cutoff  132       123.61416  114.53933  7.34%   132 3005s
 1346179 1016826  118.82301  107  328  123.61416  114.54103  7.34%   132 3015s
 1347937 1020192  114.62006   70  252  123.61416  114.54171  7.34%   132 3023s
 1353072 1021164     cutoff  158       123.61416  114.54291  7.34%   132 3027s
 1354476 1022948  117.66212  113  216  123.61416  114.54364  7.34%   132 3033s
 1357296 1023466 infeasible   87       123.61416  114.54434  7.34%   132 3037s
 1358245 1025663  115.24328   85  289  123.61416  114.54486  7.34%   132 3042s
 1361516 1026356     cutoff  148       123.61416  114.54591  7.34%   132 3046s
 1362615 1027868 infeasible   89       123.61416  114.54637  7.34%   132 3051s
 1365176 1029557     cutoff  112       123.61416  114.54735  7.33%   132 3056s
 1367855 1030606  115.67869  131  245  123.61416  114.54794  7.33%   132 3061s
 1369512 1033562 infeasible   83       123.61416  114.54877  7.33%   132 3069s
 1373869 1034524  117.54235  107  494  123.61416  114.54952  7.33%   132 3073s
 1375386 1036761     cutoff  115       123.61416  114.55025  7.33%   132 3079s
 1378775 1037492  117.79716  106  267  123.61416  114.55193  7.33%   132 3083s
 1380050 1039728     cutoff   74       123.61416  114.55242  7.33%   132 3088s
 1383312 1042166     cutoff   92       123.61416  114.55315  7.33%   132 3093s
 1386862 1043381     cutoff   78       123.61416  114.55428  7.33%   132 3098s
 1388839 1043862  114.74538   84  273  123.61416  114.55480  7.33%   132 3103s
 1389827 1049757     cutoff  113       123.61416  114.55563  7.33%   132 3117s
 1399019 1050239 infeasible  110       123.61416  114.55720  7.33%   132 3121s
 1399991 1051762  115.00351  135  202  123.61416  114.55838  7.33%   132 3125s
 1403296 1053686 infeasible  115       123.61416  114.55964  7.32%   132 3134s
 1405955 1054288  116.45382   92  421  123.61416  114.56039  7.32%   132 3139s
 1407022 1056063     cutoff  107       123.61416  114.56126  7.32%   132 3143s
 1410065 1057667     cutoff   92       123.61416  114.56245  7.32%   132 3149s
 1413099 1057978 infeasible  103       123.61416  114.56334  7.32%   132 3153s
 1413826 1059858 infeasible   93       123.61416  114.56374  7.32%   132 3159s
 1417211 1060363 infeasible   75       123.61416  114.56517  7.32%   132 3163s
 1418026 1061688 infeasible  102       123.61416  114.56551  7.32%   132 3168s
 1420665 1063338 infeasible   75       123.61416  114.56682  7.32%   132 3173s
 1423399 1064061  114.71786  105  418  123.61416  114.56769  7.32%   132 3178s
 1424537 1065841  121.69336   82  310  123.61416  114.56826  7.32%   132 3183s
 1427356 1068021     cutoff   85       123.61416  114.56928  7.32%   132 3188s
 1430603 1069003     cutoff  153       123.61416  114.57032  7.32%   132 3194s
 1432090 1070038 infeasible   87       123.61416  114.57108  7.32%   132 3201s
 1433795 1073737     cutoff  102       123.61416  114.57189  7.31%   132 3210s
 1439997 1075841  114.98126   97  394  123.61416  114.57329  7.31%   132 3216s
 1443186 1077199 infeasible  103       123.61416  114.57456  7.31%   132 3221s
 1445576 1077956     cutoff   97       123.61416  114.57562  7.31%   132 3226s
 1446867 1079842     cutoff  126       123.61416  114.57663  7.31%   132 3231s
 1449913 1081721     cutoff  140       123.61416  114.57731  7.31%   132 3237s
 1453388 1082605 infeasible  101       123.61416  114.57845  7.31%   132 3242s
 1455185 1083846     cutoff   95       123.61416  114.57960  7.31%   132 3248s
 1457537 1085908  115.30914  102  319  123.61416  114.58022  7.31%   132 3255s
 1461362 1086543     cutoff   71       123.61416  114.58137  7.31%   132 3260s
 1462807 1088836     cutoff   91       123.61416  114.58245  7.31%   132 3266s
 1466538 1090966  114.62757  100  177  123.61416  114.58358  7.31%   132 3272s
 1469960 1091721     cutoff   72       123.61416  114.58471  7.30%   132 3277s
 1471148 1093659     cutoff  137       123.61416  114.58538  7.30%   132 3282s
 1474188 1095311     cutoff  104       123.61416  114.58642  7.30%   132 3288s
 1477081 1095936     cutoff   98       123.61416  114.58745  7.30%   132 3292s
 1478319 1098119  114.72731  109  300  123.61416  114.58802  7.30%   132 3297s
 1481697 1099211     cutoff  116       123.61416  114.58892  7.30%   132 3302s
 1483615 1099617     cutoff   74       123.61416  114.58964  7.30%   132 3306s
 1484564 1101220 infeasible  132       123.61416  114.59041  7.30%   132 3312s
 1487486 1103081     cutoff   83       123.61416  114.59136  7.30%   132 3317s
 1490513 1103650 infeasible   96       123.61416  114.59229  7.30%   132 3322s
 1491654 1105754  118.19529   90  378  123.61416  114.59309  7.30%   132 3327s
 1494811 1107504 infeasible   93       123.61416  114.59399  7.30%   132 3333s
 1497606 1108218     cutoff   71       123.61416  114.59493  7.30%   132 3337s
 1498950 1110356     cutoff   97       123.61416  114.59560  7.30%   132 3342s
 1502337 1111076     cutoff   78       123.61416  114.59706  7.29%   132 3346s
 1503538 1113180     cutoff   90       123.61416  114.59760  7.29%   132 3352s
 1506641 1115167     cutoff   69       123.61416  114.59852  7.29%   132 3356s
 1509669 1116907  120.17020   82  302  123.61416  114.60006  7.29%   132 3361s
 1512629 1117654     cutoff   70       123.61416  114.60068  7.29%   132 3366s
 1514077 1118194     cutoff  104       123.61416  114.60125  7.29%   132 3370s
 1515078 1119976  117.67762  187  367  123.61416  114.60210  7.29%   132 3376s
 1518191 1121839 infeasible  104       123.61416  114.60303  7.29%   132 3382s
 1521226 1122365     cutoff   69       123.61416  114.60392  7.29%   132 3386s
 1522109 1124105 infeasible  103       123.61416  114.60447  7.29%   132 3391s
 1524861 1125664  116.45296   71  307  123.61416  114.60529  7.29%   132 3396s
 1527595 1126239  114.71757   73  395  123.61416  114.60650  7.29%   132 3400s
 1528481 1127940     cutoff  126       123.61416  114.60693  7.29%   132 3406s
 1531153 1130170  118.74946  102  324  123.61416  114.60772  7.29%   132 3411s
 1534506 1130904  115.57871   81  317  123.61416  114.60864  7.29%   132 3415s
 1535742 1132477     cutoff  105       123.61416  114.60933  7.28%   132 3421s
 1538667 1134109     cutoff  110       123.61416  114.61036  7.28%   132 3427s
 1541126 1135657  117.10973   89  246  123.61416  114.61137  7.28%   132 3432s
 1543592 1136261  119.85149   51  348  123.61416  114.61179  7.28%   132 3437s
 1544679 1138502 infeasible  112       123.61416  114.61256  7.28%   132 3443s
 1548570 1139037  115.91963  114  347  123.61416  114.61338  7.28%   132 3448s
 1549541 1141010 infeasible   96       123.61416  114.61404  7.28%   132 3453s
 1552880 1141650  118.02439   56  363  123.61416  114.61491  7.28%   132 3457s
 1553992 1143352     cutoff  107       123.61416  114.61568  7.28%   132 3463s
 1556838 1144628     cutoff   63       123.61416  114.61678  7.28%   132 3468s
 1559835 1145220 infeasible  107       123.61416  114.61716  7.28%   132 3473s
 1561119 1148719     cutoff  108       123.61416  114.61796  7.28%   132 3483s
 1567523 1150318 infeasible   87       123.61416  114.61985  7.28%   132 3488s
 1570065 1150766 infeasible  113       123.61416  114.62069  7.28%   132 3492s
 1571064 1152179  117.37437   52  341  123.61416  114.62149  7.27%   132 3496s
 1573422 1153766 infeasible  104       123.61416  114.62223  7.27%   132 3501s
 1576172 1154386     cutoff  104       123.61416  114.62294  7.27%   132 3505s
 1577429 1156273     cutoff   92       123.61416  114.62321  7.27%   132 3511s
 1580411 1157832  119.73701  111  298  123.61416  114.62451  7.27%   132 3516s
 1583165 1159404     cutoff   82       123.61416  114.62558  7.27%   132 3521s
 1585710 1159793     cutoff   90       123.61416  114.62621  7.27%   132 3525s
 1586685 1161125  115.00306   83  329  123.61416  114.62710  7.27%   132 3530s
 1589033 1162754     cutoff  109       123.61416  114.62813  7.27%   132 3536s
 1591830 1163266     cutoff   86       123.61416  114.62920  7.27%   132 3540s
 1593057 1164992 infeasible  110       123.61416  114.62970  7.27%   132 3547s
 1596179 1165658  116.83846  101  191  123.61416  114.63075  7.27%   132 3552s
 1597597 1166320     cutoff  103       123.61416  114.63161  7.27%   132 3557s
 1598954 1168472 infeasible  105       123.61416  114.63205  7.27%   132 3563s
 1602593 1170378  118.35822   88  350  123.61416  114.63338  7.27%   132 3569s
 1605775 1171798 infeasible   85       123.61416  114.63436  7.26%   132 3573s
 1608227 1172330  119.15561  110  313  123.61416  114.63519  7.26%   132 3577s
 1609332 1173796 infeasible  140       123.61416  114.63588  7.26%   132 3582s
 1611841 1175118     cutoff  106       123.61416  114.63683  7.26%   132 3587s
 1614338 1175764     cutoff  134       123.61416  114.63744  7.26%   132 3591s
 1615632 1177387  117.49140  123  245  123.61416  114.63784  7.26%   132 3597s
 1618696 1179521  114.65967  115  313  123.61416  114.63923  7.26%   132 3602s
 1621920 1181161  117.06644  124  233  123.61416  114.64017  7.26%   132 3607s
 1624725 1181778  118.89168   84  364  123.61416  114.64124  7.26%   132 3612s
 1625930 1186105  115.59516  110  163  123.61416  114.64184  7.26%   132 3623s
 1632732 1186588     cutoff  153       123.61416  114.64316  7.26%   132 3628s
 1633752 1187770     cutoff  111       123.61416  114.64374  7.26%   132 3633s
 1636008 1188717     cutoff  119       123.61416  114.64431  7.26%   132 3639s
 1637634 1189600     cutoff  135       123.61416  114.64531  7.26%   132 3644s
 1639287 1191557     cutoff  150       123.61416  114.64609  7.25%   132 3650s
 1642678 1193879     cutoff   99       123.61416  114.64723  7.25%   132 3656s
 1646664 1194451     cutoff   78       123.61416  114.64839  7.25%   132 3662s
 1647894 1198488 infeasible   78       123.61416  114.64904  7.25%   132 3674s
 1654468 1198961     cutoff  135       123.61416  114.65016  7.25%   132 3680s
 1655847 1199700     cutoff  120       123.61416  114.65097  7.25%   132 3685s
 1657438 1201611     cutoff   81       123.61416  114.65218  7.25%   132 3692s
 1660941 1203750  114.80286  109  274  123.61416  114.65366  7.25%   132 3698s
 1664502 1204315     cutoff  129       123.61416  114.65483  7.25%   132 3703s
 1665853 1206758  115.76086  115  388  123.61416  114.65545  7.25%   132 3710s
 1670074 1208356 infeasible  135       123.61416  114.65662  7.25%   132 3717s
 1673569 1208776     cutoff  134       123.61416  114.65786  7.25%   132 3721s
 1674484 1210224 infeasible  120       123.61416  114.65827  7.25%   132 3727s
 1677321 1210812 infeasible   87       123.61416  114.65933  7.24%   132 3732s
 1678607 1212778     cutoff   83       123.61416  114.66003  7.24%   132 3739s
 1682285 1214014  114.98855   93  269  123.61416  114.66114  7.24%   132 3744s
 1684870 1214736     cutoff  118       123.61416  114.66177  7.24%   132 3749s
 1686290 1216487 infeasible   83       123.61416  114.66227  7.24%   132 3755s
 1689274 1218404 infeasible  115       123.61416  114.66330  7.24%   132 3761s
 1692495 1220492     cutoff  118       123.61416  114.66458  7.24%   132 3767s
 1695968 1221114     cutoff   94       123.61416  114.66543  7.24%   132 3771s
 1696980 1223025 infeasible  127       123.61416  114.66563  7.24%   132 3777s
 1700251 1224659     cutoff   77       123.61416  114.66690  7.24%   132 3782s
 1702810 1225379 infeasible  105       123.61416  114.66783  7.24%   132 3787s
 1704014 1227269     cutoff  158       123.61416  114.66817  7.24%   132 3792s
 1707014 1228864     cutoff   80       123.61416  114.66946  7.24%   132 3798s
 1710081 1230656  115.13117   86  276  123.61416  114.67045  7.24%   132 3803s
 1713209 1231396     cutoff   99       123.61416  114.67103  7.23%   132 3808s
 1714637 1234169  116.89267   75  257  123.61416  114.67168  7.23%   132 3818s
 1720116 1234858     cutoff   90       123.61416  114.67287  7.23%   132 3823s
 1721364 1236635     cutoff   91       123.61416  114.67323  7.23%   132 3830s
 1724330 1238604 infeasible  127       123.61416  114.67429  7.23%   132 3836s
 1728024 1239354 infeasible   79       123.61416  114.67559  7.23%   132 3841s
 1729533 1241804  114.75741   60  323  123.61416  114.67625  7.23%   132 3847s
 1733472 1243423     cutoff   99       123.61416  114.67668  7.23%   132 3853s
 1736432 1244131     cutoff  120       123.61416  114.67782  7.23%   132 3858s
 1737630 1248904  115.87327  127  293  123.61416  114.67832  7.23%   132 3871s
 1745170 1249693 infeasible  113       123.61416  114.68000  7.23%   132 3875s
 1746451 1251775     cutoff  137       123.61416  114.68063  7.23%   132 3881s
 1749870 1253423 infeasible  120       123.61416  114.68139  7.23%   132 3886s
 1752566 1255149 infeasible   88       123.61416  114.68190  7.23%   132 3891s
 1755460 1255677     cutoff  113       123.61416  114.68263  7.23%   132 3895s
 1756427 1257918     cutoff  139       123.61416  114.68330  7.22%   132 3900s
 1759681 1259235     cutoff  147       123.61416  114.68393  7.22%   132 3906s
 1761700 1261984     cutoff  118       123.61416  114.68459  7.22%   132 3913s
 1766374 1262412     cutoff   87       123.61416  114.68566  7.22%   131 3917s
 1767542 1264136     cutoff   80       123.61416  114.68604  7.22%   132 3923s
 1770401 1264802     cutoff  136       123.61416  114.68701  7.22%   132 3927s
 1771666 1266898     cutoff  124       123.61416  114.68757  7.22%   132 3933s
 1775257 1267349  116.80891   39  271  123.61416  114.68844  7.22%   131 3939s
 1776256 1269656 infeasible   77       123.61416  114.68888  7.22%   131 3945s
 1779901 1270267     cutoff   98       123.61416  114.69019  7.22%   131 3950s
 1781029 1271865 infeasible   93       123.61416  114.69052  7.22%   131 3956s
 1783964 1273417  114.99905  123  344  123.61416  114.69123  7.22%   131 3961s
 1786863 1274074 infeasible  133       123.61416  114.69233  7.22%   131 3965s
 1788076 1275870     cutoff   96       123.61416  114.69263  7.22%   131 3970s
 1791217 1277608     cutoff   98       123.61416  114.69342  7.22%   131 3975s
 1794076 1279421     cutoff  104       123.61416  114.69437  7.22%   131 3981s
 1796852 1279775     cutoff   95       123.61416  114.69526  7.22%   131 3985s
 1797686 1280563  115.18512   56  270  123.61416  114.69554  7.21%   131 3990s
 1798954 1282636     cutoff  105       123.61416  114.69598  7.21%   131 3996s
 1802243 1285030     cutoff   96       123.61416  114.69680  7.21%   131 4002s
 1805736 1285570  115.42143   71  273  123.61416  114.69739  7.21%   131 4006s
 1806681 1287623  114.90790  124  306  123.61416  114.69772  7.21%   131 4010s
 1809737 1288342  114.73854  102  343  123.61416  114.69825  7.21%   131 4015s
 1810973 1290035     cutoff  136       123.61416  114.69867  7.21%   131 4020s
 1813942 1291970     cutoff  105       123.61416  114.69935  7.21%   131 4025s
 1817064 1292623  116.65520   96  176  123.61416  114.70027  7.21%   131 4030s
 1818402 1294796 infeasible  115       123.61416  114.70076  7.21%   131 4036s
 1821674 1296860  114.70842   65  386  123.61416  114.70169  7.21%   131 4041s
 1824809 1297972     cutoff  101       123.61416  114.70224  7.21%   131 4046s
 1826551 1299659  115.90903   66  438  123.61416  114.70271  7.21%   131 4054s
 1829450 1300587     cutoff   77       123.61416  114.70346  7.21%   131 4060s
 1830983 1303795     cutoff  129       123.61416  114.70371  7.21%   131 4068s
 1836488 1305883 infeasible  107       123.61416  114.70462  7.21%   131 4074s
 1839676 1308030     cutoff   93       123.61416  114.70540  7.21%   131 4080s
 1843157 1308529     cutoff   99       123.61416  114.70609  7.21%   131 4085s
 1844342 1310775  116.35158  124  199  123.61416  114.70645  7.21%   131 4090s
 1847810 1311848 infeasible  111       123.61416  114.70776  7.20%   131 4096s
 1849536 1314690 infeasible  115       123.61416  114.70802  7.20%   131 4104s
 1854127 1316891  115.46790  117  197  123.61416  114.70887  7.20%   131 4109s
 1857577 1317460     cutoff   79       123.61416  114.70955  7.20%   131 4113s
 1858728 1319566 infeasible  112       123.61416  114.70997  7.20%   131 4119s
 1862093 1321510     cutoff  127       123.61416  114.71064  7.20%   131 4124s
 1865209 1322103  114.78110   97  279  123.61416  114.71115  7.20%   131 4128s
 1866277 1323508  114.83590  112  435  123.61416  114.71162  7.20%   131 4134s
 1868721 1325823  118.79702   47  386  123.61416  114.71243  7.20%   131 4139s
 1872501 1326299  118.69237  110  376  123.61416  114.71332  7.20%   131 4145s
 1876300 1329898 infeasible   59       123.61416  114.71426  7.20%   131 4154s
 1879077 1330314     cutoff   93       123.61416  114.71481  7.20%   131 4158s
 1880096 1332112     cutoff   90       123.61416  114.71532  7.20%   131 4163s
 1883031 1332933     cutoff   99       123.61416  114.71601  7.20%   131 4167s
 1884458 1334147  116.82193  122  211  123.61416  114.71655  7.20%   131 4171s
 1886709 1334628 infeasible  129       123.61416  114.71735  7.20%   131 4175s
 1887843 1336674     cutoff  120       123.61416  114.71765  7.20%   131 4181s
 1890955 1338705  119.06891   65  345  123.61416  114.71828  7.20%   131 4187s
 1894247 1339546     cutoff   98       123.61416  114.71911  7.20%   131 4192s
 1895713 1341010  114.89721  113  225  123.61416  114.71949  7.20%   131 4197s
 1898336 1341444  116.61342   81  341  123.61416  114.72002  7.20%   131 4201s
 1899319 1343055 infeasible   80       123.61416  114.72029  7.19%   131 4207s
 1901922 1345164 infeasible  101       123.61416  114.72105  7.19%   131 4212s
 1905382 1345792     cutoff   83       123.61416  114.72193  7.19%   131 4219s
 1906515 1347879 infeasible  131       123.61416  114.72210  7.19%   131 4224s
 1909974 1348668     cutoff  103       123.61416  114.72247  7.19%   131 4229s
 1911487 1350561  117.76014  117  269  123.61416  114.72328  7.19%   131 4235s
 1914913 1352074  122.07992  113  318  123.61416  114.72404  7.19%   131 4240s
 1919531 1354104  115.69718  108  276  123.61416  114.72525  7.19%   131 4248s
 1920649 1355613 infeasible  110       123.61416  114.72541  7.19%   131 4252s
 1923188 1356921 infeasible  120       123.61416  114.72586  7.19%   131 4256s
 1925094 1357656  116.87534   82  285  123.61416  114.72637  7.19%   131 4260s
 1926484 1359586  114.89472  124  360  123.61416  114.72673  7.19%   131 4265s
 1929413 1361246 infeasible  113       123.61416  114.72737  7.19%   131 4271s
 1931982 1362001     cutoff   74       123.61416  114.72794  7.19%   131 4276s
 1933492 1365143  117.54351  129  276  123.61416  114.72833  7.19%   131 4285s
 1940452 1367711 infeasible   70       123.61416  114.72994  7.19%   131 4294s
 1943049 1369872  117.04516  115  247  123.61416  114.73042  7.19%   131 4300s
 1946352 1371868     cutoff   79       123.61416  114.73117  7.19%   130 4305s
 1950901 1373211     cutoff  146       123.61416  114.73239  7.19%   130 4313s
 1952014 1374730 infeasible  115       123.61416  114.73253  7.18%   130 4318s
 1954675 1376457 infeasible  106       123.61416  114.73301  7.18%   130 4324s
 1957698 1377017  120.63731  139  113  123.61416  114.73377  7.18%   130 4328s
 1958791 1379098  115.23056   72  320  123.61416  114.73397  7.18%   130 4334s
 1962366 1380678     cutoff   79       123.61416  114.73467  7.18%   130 4339s
 1965328 1381294  116.96486   95  257  123.61416  114.73510  7.18%   130 4343s
 1966368 1382715     cutoff  105       123.61416  114.73554  7.18%   130 4348s
 1968996 1384312     cutoff  138       123.61416  114.73571  7.18%   130 4353s
 1971632 1386289     cutoff   85       123.61416  114.73638  7.18%   130 4357s
 1974555 1386931  115.18896   98  250  123.61416  114.73692  7.18%   130 4361s
 1975752 1389000     cutoff   56       123.61416  114.73747  7.18%   130 4367s
 1979152 1390301     cutoff  115       123.61416  114.73801  7.18%   130 4372s
 1981318 1390780  116.97935   88  281  123.61416  114.73865  7.18%   130 4375s
 1982205 1392527  114.83509  124  330  123.61416  114.73890  7.18%   130 4380s
 1984877 1394336  114.88549   64  345  123.61416  114.73953  7.18%   130 4385s
 1988854 1396755     cutoff  104       123.61416  114.74051  7.18%   130 4394s
 1991447 1398475     cutoff  106       123.61416  114.74091  7.18%   130 4399s
 1994265 1400098  120.46532   83  383  123.61416  114.74156  7.18%   130 4403s
 1996993 1400724 infeasible   92       123.61416  114.74219  7.18%   130 4408s
 1998211 1405013     cutoff  118       123.61416  114.74234  7.18%   130 4419s
 2000512 1405013     cutoff  111       123.61416  114.74245  7.18%   130 4420s
 2006034 1407190  114.80674   95  454  123.61416  114.74367  7.18%   130 4429s
 2008592 1409228  115.98623  113  312  123.61416  114.74422  7.18%   130 4434s
 2011932 1409723  115.36787  107  420  123.61416  114.74499  7.17%   130 4438s
 2012784 1411247     cutoff  140       123.61416  114.74531  7.17%   130 4443s
 2015441 1412232 infeasible   87       123.61416  114.74571  7.17%   130 4447s
 2017076 1414298  114.77041   89  420  123.61416  114.74628  7.17%   130 4452s
 2020314 1414933     cutoff  101       123.61416  114.74688  7.17%   130 4458s
 2021532 1419492  117.10209   97  302  123.61416  114.74709  7.17%   130 4469s
 2028731 1419520     cutoff   78       123.61416  114.74827  7.17%   130 4473s
 2029095 1420139     cutoff  106       123.61416  114.74863  7.17%   130 4477s
 2030216 1422096  118.83979   96  317  123.61416  114.74900  7.17%   130 4482s
 2033388 1423740  114.77444   98  489  123.61416  114.74957  7.17%   130 4486s
 2036144 1424378 infeasible  122       123.61416  114.74996  7.17%   130 4491s
 2037351 1426134     cutoff   75       123.61416  114.75075  7.17%   130 4496s
 2040116 1427401     cutoff  114       123.61416  114.75123  7.17%   130 4501s
 2042456 1427980 infeasible   87       123.61416  114.75162  7.17%   130 4506s
 2043626 1432545 infeasible   76       123.61416  114.75209  7.17%   130 4517s
 2050729 1433238     cutoff  117       123.61416  114.75307  7.17%   130 4521s
 2051812 1435103  114.90172   96  239  123.61416  114.75342  7.17%   130 4526s
 2054840 1436567  120.45513  105  183  123.61416  114.75397  7.17%   130 4531s
 2057172 1438230  114.81162  132  351  123.61416  114.75439  7.17%   130 4535s
 2060020 1438684     cutoff  124       123.61416  114.75510  7.17%   130 4540s
 2060932 1440587     cutoff   76       123.61416  114.75542  7.17%   130 4545s
 2063997 1442430 infeasible  128       123.61416  114.75594  7.17%   130 4551s
 2068080 1444951     cutoff  131       123.61416  114.75684  7.17%   130 4559s
 2071190 1445488     cutoff   96       123.61416  114.75718  7.17%   130 4564s
 2072217 1446945     cutoff  133       123.61416  114.75757  7.16%   130 4568s
 2074856 1449135     cutoff  118       123.61416  114.75834  7.16%   130 4573s
 2078233 1449765     cutoff   42       123.61416  114.75903  7.16%   130 4577s
 2079230 1451325     cutoff   91       123.61416  114.75933  7.16%   130 4582s
 2081785 1452952     cutoff  129       123.61416  114.75995  7.16%   130 4587s
 2084557 1453446     cutoff  113       123.61416  114.76039  7.16%   130 4595s
 2085795 1458225  116.23270   99  212  123.61416  114.76074  7.16%   130 4607s
 2093205 1458670 infeasible  129       123.61416  114.76157  7.16%   129 4611s
 2093900 1460492  114.95653  139  232  123.61416  114.76208  7.16%   129 4616s
 2096850 1461103     cutoff  109       123.61416  114.76251  7.16%   129 4621s
 2098110 1463212  116.92000   77  296  123.61416  114.76283  7.16%   129 4626s
 2101222 1464952     cutoff   52       123.61416  114.76350  7.16%   129 4630s
 2104102 1465744     cutoff  101       123.61416  114.76414  7.16%   129 4635s
 2105527 1467604  118.47462  111  348  123.61416  114.76468  7.16%   129 4641s
 2108695 1469146 infeasible  114       123.61416  114.76521  7.16%   129 4645s
 2111148 1469682     cutoff  109       123.61416  114.76568  7.16%   129 4650s
 2112144 1471697 infeasible  120       123.61416  114.76585  7.16%   129 4655s
 2115374 1473461     cutoff  130       123.61416  114.76651  7.16%   129 4660s
 2119318 1475876  114.81422  128  145  123.61416  114.76739  7.16%   129 4669s
 2122248 1477603     cutoff  107       123.61416  114.76792  7.16%   129 4674s
 2125012 1478099     cutoff   70       123.61416  114.76849  7.16%   129 4678s
 2126097 1479781     cutoff   96       123.61416  114.76874  7.16%   129 4684s
 2129242 1481376     cutoff  106       123.61416  114.76927  7.16%   129 4688s
 2131843 1481777  116.88793  149  328  123.61416  114.76997  7.15%   129 4693s
 2132548 1483630     cutoff  141       123.61416  114.77018  7.15%   129 4698s
 2135476 1484143  116.49715  105  293  123.61416  114.77076  7.15%   129 4703s
 2136605 1486219     cutoff  111       123.61416  114.77128  7.15%   129 4709s
 2139527 1486858  116.91377   79  344  123.61416  114.77172  7.15%   129 4713s
 2140772 1488581  115.10614   87  371  123.61416  114.77194  7.15%   129 4719s
 2143501 1490687     cutoff  133       123.61416  114.77232  7.15%   129 4724s
 2146848 1491379 infeasible   95       123.61416  114.77313  7.15%   129 4729s
 2148171 1495087     cutoff  109       123.61416  114.77340  7.15%   129 4739s
 2154191 1496882 infeasible   84       123.61416  114.77413  7.15%   129 4745s
 2158397 1499027     cutoff  138       123.61416  114.77500  7.15%   129 4754s
 2160988 1501053     cutoff   90       123.61416  114.77575  7.15%   129 4759s
 2164207 1501533     cutoff   74       123.61416  114.77636  7.15%   129 4763s
 2165118 1503070  116.94060   80  304  123.61416  114.77654  7.15%   129 4768s
 2168031 1505169     cutoff  132       123.61416  114.77710  7.15%   129 4774s
 2171250 1505676     cutoff  144       123.61416  114.77777  7.15%   129 4777s
 2172058 1507177     cutoff  109       123.61416  114.77796  7.15%   129 4783s
 2174651 1509129     cutoff  113       123.61416  114.77838  7.15%   129 4787s
 2177726 1509709 infeasible  110       123.61416  114.77886  7.15%   129 4792s
 2178780 1511205     cutoff  119       123.61416  114.77931  7.15%   129 4796s
 2181444 1512900     cutoff  154       123.61416  114.77991  7.15%   129 4802s
 2184183 1513361     cutoff  125       123.61416  114.78039  7.15%   129 4806s
 2185252 1515014     cutoff   81       123.61416  114.78073  7.15%   129 4812s
 2187878 1515820 infeasible  146       123.61416  114.78113  7.15%   129 4817s
 2189197 1517696  116.47895  112  323  123.61416  114.78151  7.15%   129 4823s
 2192341 1518967     cutoff  140       123.61416  114.78200  7.14%   129 4827s
 2194691 1519835     cutoff  132       123.61416  114.78248  7.14%   129 4831s
 2196134 1521582 infeasible  104       123.61416  114.78288  7.14%   129 4836s
 2198902 1522131 infeasible   90       123.61416  114.78346  7.14%   129 4840s
 2199938 1523485     cutoff   93       123.61416  114.78378  7.14%   129 4845s
 2202365 1525182  114.93876  105  364  123.61416  114.78430  7.14%   129 4850s
 2205008 1526110     cutoff  113       123.61416  114.78472  7.14%   129 4855s
 2206635 1528030  114.87528   61  312  123.61416  114.78503  7.14%   129 4860s
 2210653 1530771 infeasible   87       123.61416  114.78579  7.14%   129 4870s
 2213915 1531991  122.10192   96  240  123.61416  114.78633  7.14%   129 4875s
 2216768 1533987     cutoff   89       123.61416  114.78699  7.14%   129 4884s
 2219251 1535732  114.88482   90  325  123.61416  114.78742  7.14%   129 4889s
 2222196 1536387 infeasible  140       123.61416  114.78780  7.14%   129 4893s
 2223374 1537981 infeasible  118       123.61416  114.78815  7.14%   129 4898s
 2226048 1540044 infeasible  106       123.61416  114.78870  7.14%   129 4902s
 2229054 1541478 infeasible  106       123.61416  114.78890  7.14%   129 4907s
 2231266 1542061     cutoff  124       123.61416  114.78928  7.14%   129 4912s
 2232430 1546624 infeasible   86       123.61416  114.78981  7.14%   129 4923s
 2240132 1547283  114.85069  132  359  123.61416  114.79077  7.14%   129 4927s
 2241197 1548793 infeasible  111       123.61416  114.79103  7.14%   129 4932s
 2243770 1550220     cutoff   80       123.61416  114.79153  7.14%   129 4936s
 2246020 1551852  115.02554  119  381  123.61416  114.79201  7.14%   129 4941s
 2248833 1552519  117.07395   76  298  123.61416  114.79262  7.14%   129 4945s
 2252286 1555871     cutoff  136       123.61416  114.79330  7.14%   129 4955s
 2256551 1557196     cutoff  112       123.61416  114.79415  7.14%   129 4964s
 2257613 1558088  115.22952   92  292  123.61416  114.79435  7.13%   129 4969s
 2259008 1560692     cutoff   87       123.61416  114.79459  7.13%   129 4976s
 2263357 1562313  116.80160  102  205  123.61416  114.79513  7.13%   129 4982s
 2266048 1564209 infeasible   74       123.61416  114.79567  7.13%   129 4987s
 2269154 1564776  115.62956   71  269  123.61416  114.79607  7.13%   129 4992s
 2270427 1566919     cutoff  127       123.61416  114.79658  7.13%   129 4998s
 2273744 1569048     cutoff   72       123.61416  114.79715  7.13%   129 5004s
 2277157 1569604 infeasible  135       123.61416  114.79772  7.13%   129 5007s
 2278087 1570919     cutoff   79       123.61416  114.79800  7.13%   129 5012s
 2280465 1572393  114.84764  107  275  123.61416  114.79834  7.13%   129 5017s
 2282904 1574273     cutoff   80       123.61416  114.79882  7.13%   129 5021s
 2285738 1574760 infeasible   80       123.61416  114.79925  7.13%   129 5025s
 2286823 1576429  116.27240  122  373  123.61416  114.79956  7.13%   129 5030s
 2292498 1579898  117.03257  107  245  123.61416  114.80040  7.13%   129 5039s
 2294837 1580581     cutoff  137       123.61416  114.80086  7.13%   129 5044s
 2296085 1584595     cutoff   93       123.61416  114.80112  7.13%   129 5054s
 2302383 1586096     cutoff  119       123.61416  114.80191  7.13%   129 5059s
 2304733 1586717  114.87326   96  276  123.61416  114.80249  7.13%   129 5062s
 2305768 1588546 infeasible  137       123.61416  114.80254  7.13%   129 5067s
 2308566 1590102  117.48236  125  334  123.61416  114.80300  7.13%   129 5072s
 2311059 1590635  117.06053  131  211  123.61416  114.80361  7.13%   129 5077s
 2312102 1592843     cutoff  105       123.61416  114.80391  7.13%   129 5082s
 2315373 1594717  114.96011   99  293  123.61416  114.80428  7.13%   129 5088s
 2318502 1595177 infeasible  101       123.61416  114.80501  7.13%   129 5092s
 2319497 1597190     cutoff  134       123.61416  114.80524  7.13%   129 5097s
 2322827 1598470 infeasible   67       123.61416  114.80572  7.13%   129 5102s
 2324954 1599000  116.82946  175  214  123.61416  114.80604  7.13%   129 5106s
 2325972 1600742  118.25031   96  249  123.61416  114.80644  7.13%   129 5112s
 2329096 1601446     cutoff   73       123.61416  114.80686  7.12%   129 5117s
 2330381 1603394  116.54522  128  278  123.61416  114.80704  7.12%   129 5122s
 2333810 1604750     cutoff  140       123.61416  114.80745  7.12%   129 5127s
 2336345 1606779     cutoff  159       123.61416  114.80821  7.12%   129 5133s
 2339496 1607375     cutoff  159       123.61416  114.80848  7.12%   128 5137s
 2340432 1609354     cutoff   84       123.61416  114.80881  7.12%   129 5142s
 2343628 1611410     cutoff  107       123.61416  114.80908  7.12%   128 5147s
 2346996 1611972     cutoff  130       123.61416  114.80991  7.12%   128 5152s
 2347888 1613504  117.30965  150  262  123.61416  114.81012  7.12%   128 5157s
 2350495 1614770  114.86102  107  217  123.61416  114.81059  7.12%   128 5161s
 2352517 1615248  117.60248  141  152  123.61416  114.81101  7.12%   128 5165s
 2353737 1617390     cutoff  111       123.61416  114.81129  7.12%   128 5171s
 2357202 1619302     cutoff   89       123.61416  114.81173  7.12%   128 5177s
 2360597 1619751     cutoff  174       123.61416  114.81244  7.12%   128 5181s
 2361507 1621858  121.32691  134  125  123.61416  114.81264  7.12%   128 5186s
 2364633 1622512  115.65692  142  305  123.61416  114.81318  7.12%   128 5190s
 2365690 1624322  116.56257   93  347  123.61416  114.81343  7.12%   128 5195s
 2368492 1625909 infeasible  122       123.61416  114.81375  7.12%   128 5200s
 2371133 1627406  119.38164  126  355  123.61416  114.81453  7.12%   128 5205s
 2374591 1629674  115.12888  159  150  123.61416  114.81521  7.12%   128 5213s
 2377039 1631294  115.60387   87  351  123.61416  114.81563  7.12%   128 5219s
 2379804 1631673  114.85539   98  256  123.61416  114.81602  7.12%   128 5224s
 2380682 1639045     cutoff  150       123.61416  114.81631  7.12%   128 5240s
 2392384 1639798     cutoff   73       123.61416  114.81758  7.12%   128 5247s
 2393396 1641207 infeasible   87       123.61416  114.81780  7.12%   128 5252s
 2396072 1642305 infeasible  139       123.61416  114.81823  7.12%   128 5257s
 2398114 1642813     cutoff  169       123.61416  114.81854  7.12%   128 5261s
 2398982 1644479 infeasible   70       123.61416  114.81882  7.12%   128 5266s
 2401708 1646691  121.16721   84  260  123.61416  114.81911  7.11%   128 5271s
 2404852 1646873     cutoff  125       123.61416  114.81958  7.11%   128 5277s
 2405449 1647906 infeasible  113       123.61416  114.81977  7.11%   128 5282s
 2407183 1649730 infeasible  125       123.61416  114.82005  7.11%   128 5287s
 2410172 1650178     cutoff   79       123.61416  114.82074  7.11%   128 5292s
 2411192 1650879  115.81979  114  326  123.61416  114.82105  7.11%   128 5297s
 2412399 1653483  116.07633  104  390  123.61416  114.82128  7.11%   128 5303s
 2416372 1655660     cutoff  116       123.61416  114.82199  7.11%   128 5309s
 2419816 1656289  117.61603  116  319  123.61416  114.82251  7.11%   128 5314s
 2421024 1658186  116.88918   87  235  123.61416  114.82278  7.11%   128 5319s
 2424370 1658702     cutoff   88       123.61416  114.82346  7.11%   128 5325s
 2425496 1663628     cutoff   85       123.61416  114.82365  7.11%   128 5336s
 2433220 1664022     cutoff   98       123.61416  114.82442  7.11%   128 5340s
 2434888 1664720     cutoff  106       123.61416  114.82495  7.11%   128 5345s
 2435642 1666560     cutoff  120       123.61416  114.82508  7.11%   128 5350s
 2438808 1668562 infeasible  104       123.61416  114.82567  7.11%   128 5355s
 2441732 1669174  117.13260  105  317  123.61416  114.82604  7.11%   128 5360s
 2442754 1670945     cutoff  103       123.61416  114.82635  7.11%   128 5365s
 2445502 1673185  116.97337  109  359  123.61416  114.82687  7.11%   128 5371s
 2449027 1674494  115.49943   92  440  123.61416  114.82729  7.11%   128 5375s
 2452020 1675510  119.27242  131  288  123.61416  114.82796  7.11%   128 5384s
 2453181 1677426  114.84138   93  140  123.61416  114.82824  7.11%   128 5389s
 2456216 1678043  117.17557  112  314  123.61416  114.82861  7.11%   128 5393s
 2457225 1679983  114.92254   63  311  123.61416  114.82880  7.11%   128 5399s
 2460327 1681743     cutoff  106       123.61416  114.82936  7.11%   128 5405s
 2464298 1684526  115.24013  140  293  123.61416  114.82994  7.11%   128 5414s
 2464465 1684526     cutoff  111       123.61416  114.82996  7.11%   128 5415s
 2467884 1686302  117.41784   80  305  123.61416  114.83063  7.11%   128 5421s
 2470698 1686988 infeasible   57       123.61416  114.83097  7.11%   128 5425s
 2472092 1689349  114.84885  127  317  123.61416  114.83121  7.11%   128 5431s
 2475631 1691109     cutoff   75       123.61416  114.83180  7.10%   128 5436s
 2478523 1691743  116.61601  103  327  123.61416  114.83203  7.10%   128 5441s
 2479572 1693694  121.30353  134  383  123.61416  114.83256  7.10%   128 5446s
 2482847 1695290  117.17794   91  224  123.61416  114.83307  7.10%   128 5451s
 2485407 1695906     cutoff   89       123.61416  114.83351  7.10%   128 5455s
 2486472 1698023  119.64014  101  285  123.61416  114.83382  7.10%   128 5460s
 2489547 1700119  116.86736  115  178  123.61416  114.83418  7.10%   128 5466s
 2492821 1700589  117.91804  130  277  123.61416  114.83454  7.10%   128 5470s
 2493834 1701453  115.29818   99  303  123.61416  114.83483  7.10%   128 5475s
 2495632 1702091  120.25618  128  208  123.61416  114.83524  7.10%   128 5480s
 2497010 1704312  114.95245  112  232  123.61416  114.83558  7.10%   128 5486s
 2500715 1705249 infeasible  130       123.61416  114.83594  7.10%   128 5491s
 2502635 1706011     cutoff  119       123.61416  114.83631  7.10%   128 5496s
 2504174 1708134  119.12485  165  308  123.61416  114.83671  7.10%   128 5502s
 2507770 1709769     cutoff   98       123.61416  114.83712  7.10%   128 5508s
 2510810 1710331     cutoff  115       123.61416  114.83783  7.10%   128 5514s
 2512043 1714964  117.41463  126  237  123.61416  114.83831  7.10%   128 5526s
 2519513 1715247  116.79977   85  276  123.61416  114.83899  7.10%   128 5531s
 2520054 1715648  116.68957   89  211  123.61416  114.83917  7.10%   128 5535s
 2520981 1717478     cutoff  114       123.61416  114.83947  7.10%   128 5540s
 2524085 1717995     cutoff  164       123.61416  114.84002  7.10%   128 5545s
 2525154 1720064     cutoff  118       123.61416  114.84030  7.10%   128 5551s
 2528573 1720611  119.43832  119  218  123.61416  114.84087  7.10%   128 5556s
 2529836 1722286     cutoff   82       123.61416  114.84114  7.10%   128 5562s
 2532839 1723019  114.96700  110  296  123.61416  114.84152  7.10%   128 5567s
 2534301 1724530     cutoff  100       123.61416  114.84187  7.10%   128 5576s
 2537026 1727352     cutoff  125       123.61416  114.84267  7.10%   128 5585s
 2542010 1728150     cutoff   79       123.61416  114.84322  7.10%   128 5591s
 2543930 1730516     cutoff   91       123.61416  114.84373  7.09%   128 5598s
 2547585 1731017     cutoff  103       123.61416  114.84412  7.09%   128 5603s
 2548872 1733626  116.10664   64  309  123.61416  114.84446  7.09%   128 5609s
 2552826 1734558 infeasible  104       123.61416  114.84494  7.09%   128 5615s
 2554808 1735280  121.18003  103  390  123.61416  114.84533  7.09%   128 5620s
 2556241 1738361  114.85222  103  285  123.61416  114.84562  7.09%   128 5631s
 2561539 1738957     cutoff  133       123.61416  114.84618  7.09%   128 5636s
 2562789 1740875     cutoff   68       123.61416  114.84667  7.09%   128 5641s
 2566001 1741859     cutoff  134       123.61416  114.84714  7.09%   128 5646s
 2567808 1743919     cutoff  135       123.61416  114.84754  7.09%   128 5652s
 2571435 1744531     cutoff   90       123.61416  114.84813  7.09%   128 5658s
 2572625 1746419 infeasible   91       123.61416  114.84842  7.09%   128 5664s
 2575714 1748442  115.37364   98  358  123.61416  114.84872  7.09%   128 5670s
 2579918 1750735  114.88352   80  294  123.61416  114.84961  7.09%   128 5679s
 2583076 1751336 infeasible  135       123.61416  114.85015  7.09%   128 5683s
 2584028 1753462  115.23768  100  235  123.61416  114.85028  7.09%   128 5689s
 2587270 1754906  117.19927  106  215  123.61416  114.85069  7.09%   128 5693s
 2589923 1755495  115.63506   87  313  123.61416  114.85101  7.09%   128 5698s
 2591118 1757126     cutoff   85       123.61416  114.85130  7.09%   128 5703s
 2594074 1758253     cutoff  145       123.61416  114.85175  7.09%   128 5709s
 2596151 1760433  114.88954   98  320  123.61416  114.85200  7.09%   128 5715s
 2600575 1762520  123.14830  108  351  123.61416  114.85271  7.09%   128 5724s
 2603278 1764216 infeasible  119       123.61416  114.85315  7.09%   128 5729s
 2605960 1764798     cutoff   78       123.61416  114.85364  7.09%   128 5733s
 2606983 1766093     cutoff  106       123.61416  114.85390  7.09%   128 5739s
 2609704 1767915     cutoff   93       123.61416  114.85424  7.09%   128 5744s
 2612608 1768364     cutoff  105       123.61416  114.85473  7.09%   128 5749s
 2613549 1770217  115.03271  145  228  123.61416  114.85491  7.09%   128 5753s
 2616582 1772161     cutoff   79       123.61416  114.85531  7.09%   128 5760s
 2620878 1773933     cutoff  122       123.61416  114.85586  7.09%   128 5769s
 2623422 1774326     cutoff   88       123.61416  114.85633  7.08%   128 5774s
 2624365 1775374  114.95715  137  310  123.61416  114.85659  7.08%   128 5779s
 2626295 1775936  115.00251  115  279  123.61416  114.85691  7.08%   128 5784s
 2627488 1776758     cutoff  131       123.61416  114.85721  7.08%   128 5790s
 2629165 1778868     cutoff  137       123.61416  114.85778  7.08%   128 5796s
 2632696 1780696     cutoff  120       123.61416  114.85814  7.08%   128 5802s
 2635985 1781115  114.93760  142  272  123.61416  114.85854  7.08%   128 5808s
 2637196 1782715 infeasible  113       123.61416  114.85875  7.08%   128 5813s
 2640075 1783144     cutoff  140       123.61416  114.85946  7.08%   128 5817s
 2641267 1785142  114.94832  116  358  123.61416  114.85975  7.08%   128 5824s
 2644725 1786909 infeasible   86       123.61416  114.86024  7.08%   128 5829s
 2647878 1787344     cutoff  107       123.61416  114.86063  7.08%   128 5834s
 2648919 1788974 infeasible  127       123.61416  114.86078  7.08%   128 5839s
 2652044 1789497     cutoff  114       123.61416  114.86138  7.08%   128 5844s
 2653071 1791470     cutoff  124       123.61416  114.86148  7.08%   128 5850s
 2656406 1791997 infeasible   98       123.61416  114.86211  7.08%   128 5855s
 2657585 1793960  117.06534  130  227  123.61416  114.86235  7.08%   128 5860s
 2660775 1794566  115.09383  142  301  123.61416  114.86292  7.08%   128 5866s
 2661941 1799219     cutoff  100       123.61416  114.86309  7.08%   128 5878s
 2670193 1799588  116.81119   98  284  123.61416  114.86392  7.08%   128 5883s
 2671084 1801288  115.18148  117  315  123.61416  114.86424  7.08%   128 5887s
 2673926 1801843     cutoff   78       123.61416  114.86464  7.08%   128 5892s
 2674946 1803146     cutoff   99       123.61416  114.86477  7.08%   128 5897s
 2677354 1804461     cutoff   79       123.61416  114.86507  7.08%   128 5901s
 2680067 1804865  116.91107  135  311  123.61416  114.86552  7.08%   128 5906s
 2681074 1806780     cutoff   86       123.61416  114.86580  7.08%   128 5912s
 2684521 1807240     cutoff  104       123.61416  114.86635  7.08%   128 5918s
 2685598 1812704 infeasible  109       123.61416  114.86670  7.08%   128 5932s
 2693908 1813157 infeasible  144       123.61416  114.86747  7.08%   128 5936s
 2694915 1814821     cutoff   87       123.61416  114.86788  7.08%   128 5941s
 2697626 1815365  117.33624  132  208  123.61416  114.86815  7.08%   128 5946s
 2698596 1817141  116.96684   76  316  123.61416  114.86837  7.08%   128 5951s
 2701741 1817723 infeasible  107       123.61416  114.86885  7.07%   128 5955s
 2702898 1819797  117.68738  111  175  123.61416  114.86920  7.07%   128 5961s
 2705920 1821813  118.26342   86  336  123.61416  114.86946  7.07%   128 5967s
 2709214 1822425     cutoff   98       123.61416  114.86995  7.07%   128 5971s
 2710229 1824013     cutoff   99       123.61416  114.87025  7.07%   128 5976s
 2712840 1824738     cutoff  110       123.61416  114.87062  7.07%   128 5981s
 2714337 1826570     cutoff  107       123.61416  114.87096  7.07%   128 5987s
 2717352 1828767 infeasible  116       123.61416  114.87137  7.07%   128 5993s
 2720678 1829333  114.99281  105  304  123.61416  114.87181  7.07%   128 5997s
 2721784 1830885  115.13049   91  351  123.61416  114.87201  7.07%   128 6002s
 2724776 1832523  114.95148  117  311  123.61416  114.87241  7.07%   128 6008s
 2727550 1833076     cutoff   91       123.61416  114.87286  7.07%   128 6014s
 2728572 1838336 infeasible  126       123.61416  114.87308  7.07%   128 6027s
 2736980 1838891     cutoff  112       123.61416  114.87382  7.07%   128 6031s
 2738225 1839493  115.18424   88  276  123.61416  114.87403  7.07%   128 6035s
 2739228 1841167  121.67721  133  300  123.61416  114.87422  7.07%   128 6041s
 2742369 1841698  119.04351   92  257  123.61416  114.87450  7.07%   128 6045s
 2743469 1843906 infeasible   92       123.61416  114.87481  7.07%   128 6052s
 2746863 1845637 infeasible   54       123.61416  114.87523  7.07%   128 6056s
 2749485 1846157     cutoff  140       123.61416  114.87558  7.07%   128 6062s
 2750653 1850758     cutoff  167       123.61416  114.87577  7.07%   128 6074s
 2757799 1851129     cutoff   51       123.61416  114.87648  7.07%   128 6079s
 2758628 1852334  117.26621   96  236  123.61416  114.87687  7.07%   128 6084s
 2760914 1852859     cutoff  109       123.61416  114.87722  7.07%   128 6090s
 2762138 1854681 infeasible   83       123.61416  114.87751  7.07%   128 6096s
 2765611 1855215  117.26505   96  324  123.61416  114.87800  7.07%   128 6100s
 2766686 1857079  115.00011  113  192  123.61416  114.87822  7.07%   128 6106s
 2769866 1857526  116.73057  110  113  123.61416  114.87875  7.07%   128 6111s
 2770968 1859459  119.18676   97  307  123.61416  114.87889  7.07%   128 6118s
 2774255 1859798 infeasible  129       123.61416  114.87934  7.07%   128 6122s
 2775270 1861172     cutoff  153       123.61416  114.87949  7.07%   128 6127s
 2777981 1862679     cutoff  133       123.61416  114.87994  7.07%   128 6132s
 2780632 1862959  120.56602  119  288  123.61416  114.88034  7.07%   128 6136s
 2781466 1863571 infeasible  161       123.61416  114.88051  7.07%   128 6142s
 2782696 1865655     cutoff  102       123.61416  114.88078  7.07%   128 6148s
 2786144 1867604     cutoff   98       123.61416  114.88117  7.06%   128 6153s
 2789142 1868015     cutoff  158       123.61416  114.88168  7.06%   128 6158s
 2790109 1870018  120.03320   87  196  123.61416  114.88191  7.06%   128 6163s
 2793440 1870584     cutoff  155       123.61416  114.88242  7.06%   128 6169s
 2794633 1874954  117.52055  100  187  123.61416  114.88268  7.06%   128 6180s
 2803067 1876789  117.00442  119  236  123.61416  114.88363  7.06%   128 6189s
 2805646 1877433  115.37808   84  290  123.61416  114.88404  7.06%   128 6194s
 2806897 1878064  118.15090  122  236  123.61416  114.88424  7.06%   128 6198s
 2808390 1878806  117.31510   86  309  123.61416  114.88456  7.06%   128 6203s
 2809941 1879430  116.07096   87  343  123.61416  114.88487  7.06%   128 6208s
 2811238 1881441  114.91920  102  262  123.61416  114.88518  7.06%   128 6214s
 2814681 1882670  114.97902  110  288  123.61416  114.88558  7.06%   128 6220s
 2817210 1883125     cutoff   99       123.61416  114.88605  7.06%   128 6226s
 2818437 1885227  115.04869  126  264  123.61416  114.88623  7.06%   128 6233s
 2821978 1885531     cutoff  114       123.61416  114.88682  7.06%   128 6240s
 2822585 1886303  115.04986  108  244  123.61416  114.88703  7.06%   128 6245s
 2823917 1888958  116.77301   98  313  123.61416  114.88719  7.06%   128 6252s
 2828225 1889849     cutoff   79       123.61416  114.88782  7.06%   128 6257s
 2829930 1891576     cutoff  103       123.61416  114.88815  7.06%   128 6264s
 2832836 1893428     cutoff  183       123.61416  114.88850  7.06%   128 6270s
 2836072 1893957     cutoff   87       123.61416  114.88904  7.06%   128 6275s
 2837330 1897746     cutoff  136       123.61416  114.88932  7.06%   128 6285s
 2843667 1898084     cutoff  138       123.61416  114.88998  7.06%   128 6290s
 2844586 1898771     cutoff   73       123.61416  114.89027  7.06%   128 6295s
 2845928 1900649  115.04311  116  298  123.61416  114.89059  7.06%   128 6301s
 2849210 1901406 infeasible   97       123.61416  114.89111  7.06%   128 6306s
 2850761 1903365  117.38306  143  268  123.61416  114.89144  7.06%   128 6312s
 2853961 1903722 infeasible  116       123.61416  114.89188  7.06%   128 6317s
 2855137 1906095     cutoff  116       123.61416  114.89210  7.06%   128 6323s
 2858750 1906521  115.41589  166  206  123.61416  114.89268  7.06%   128 6329s
 2859956 1907878 infeasible  110       123.61416  114.89273  7.06%   128 6339s
 2863069 1910986     cutoff  151       123.61416  114.89355  7.05%   128 6350s
 2868697 1911636     cutoff   82       123.61416  114.89449  7.05%   128 6356s
 2870184 1912225     cutoff  116       123.61416  114.89480  7.05%   128 6363s
 2871584 1914871     cutoff  100       123.61416  114.89518  7.05%   128 6370s
 2876059 1915356     cutoff  140       123.61416  114.89572  7.05%   128 6376s
 2877194 1917672     cutoff  109       123.61416  114.89598  7.05%   128 6383s
 2881179 1918100     cutoff  134       123.61416  114.89647  7.05%   128 6388s
 2882425 1921908     cutoff   68       123.61416  114.89666  7.05%   128 6400s
 2890300 1923268     cutoff  142       123.61416  114.89783  7.05%   128 6409s
 2892036 1923852     cutoff  111       123.61416  114.89801  7.05%   128 6415s
 2893276 1925949  116.90587  107  157  123.61416  114.89832  7.05%   128 6421s
 2896660 1927277     cutoff   93       123.61416  114.89887  7.05%   128 6427s
 2899414 1927809     cutoff  112       123.61416  114.89927  7.05%   128 6432s
 2900822 1929790  115.00353  114  254  123.61416  114.89960  7.05%   128 6438s
 2904082 1930292 infeasible   98       123.61416  114.89989  7.05%   128 6443s
 2905212 1934770     cutoff  115       123.61416  114.90028  7.05%   128 6456s
 2913203 1934988     cutoff   93       123.61416  114.90114  7.05%   128 6460s
 2913902 1935423     cutoff  106       123.61416  114.90135  7.05%   128 6465s
 2915070 1936984 infeasible  114       123.61416  114.90159  7.05%   128 6470s
 2919052 1939269  117.12370   82  247  123.61416  114.90222  7.05%   128 6480s
 2922362 1939955  120.42937   99  308  123.61416  114.90240  7.05%   128 6485s
 2923754 1940422  122.02063  121  239  123.61416  114.90303  7.05%   128 6490s
 2924929 1942296  117.05982  102  275  123.61416  114.90332  7.05%   128 6496s
 2928105 1942692 infeasible  105       123.61416  114.90383  7.05%   128 6500s
 2929083 1944670  116.84939  132  410  123.61416  114.90398  7.05%   128 6505s
 2932414 1945097     cutoff  147       123.61416  114.90441  7.05%   128 6510s
 2933592 1947013 infeasible  140       123.61416  114.90480  7.05%   128 6516s
 2936999 1947235  117.12079  118  215  123.61416  114.90536  7.05%   128 6520s
 2937895 1948685     cutoff  189       123.61416  114.90550  7.05%   128 6526s
 2940416 1949033     cutoff  145       123.61416  114.90591  7.04%   128 6531s
 2941588 1949512     cutoff  116       123.61416  114.90620  7.04%   128 6536s
 2942665 1951425     cutoff   82       123.61416  114.90642  7.04%   128 6543s
 2946057 1951877     cutoff  133       123.61416  114.90707  7.04%   128 6548s
 2947252 1956307     cutoff   95       123.61416  114.90731  7.04%   128 6561s
 2955057 1956548  118.77834  140  315  123.61416  114.90830  7.04%   128 6565s
 2955589 1956990     cutoff   77       123.61416  114.90842  7.04%   128 6570s
 2956690 1957479 infeasible  170       123.61416  114.90855  7.04%   128 6575s
 2957894 1959598     cutoff   90       123.61416  114.90891  7.04%   128 6581s
 2961455 1960129     cutoff   82       123.61416  114.90934  7.04%   128 6586s
 2962708 1961978     cutoff  146       123.61416  114.90947  7.04%   128 6592s
 2966357 1962964     cutoff  130       123.61416  114.90995  7.04%   128 6598s
 2968191 1965020     cutoff  124       123.61416  114.91042  7.04%   128 6604s
 2971555 1965440 infeasible  119       123.61416  114.91092  7.04%   128 6609s
 2972457 1967815 infeasible  112       123.61416  114.91101  7.04%   128 6614s
 2976106 1969039     cutoff  108       123.61416  114.91143  7.04%   128 6618s
 2978525 1969469  117.68767  139  244  123.61416  114.91194  7.04%   128 6623s
 2979606 1971395  114.93739  105  231  123.61416  114.91222  7.04%   128 6627s
 2982733 1971938  117.21901  118  326  123.61416  114.91255  7.04%   128 6633s
 2983822 1973193     cutoff  154       123.61416  114.91271  7.04%   128 6639s
 2986284 1975030  116.92399   75  270  123.61416  114.91302  7.04%   128 6644s
 2989638 1975584 infeasible  136       123.61416  114.91349  7.04%   128 6650s
 2990983 1979310 infeasible  135       123.61416  114.91388  7.04%   128 6660s
 2997484 1979621     cutoff  104       123.61416  114.91448  7.04%   128 6666s
 2998238 1979942 infeasible   69       123.61416  114.91471  7.04%   128 6671s
 2999436 1982277     cutoff  118       123.61416  114.91502  7.04%   128 6677s
 3003324 1982753     cutoff  105       123.61416  114.91546  7.04%   128 6682s
 3004431 1984867     cutoff  144       123.61416  114.91564  7.04%   128 6688s
 3007902 1985754     cutoff  127       123.61416  114.91610  7.04%   128 6693s
 3009540 1987462     cutoff  138       123.61416  114.91636  7.04%   128 6699s
 3012480 1988109 infeasible  128       123.61416  114.91680  7.04%   128 6704s
 3013844 1991474 infeasible  115       123.61416  114.91709  7.04%   128 6715s
 3019631 1992003     cutoff  111       123.61416  114.91738  7.04%   128 6720s
 3020841 1993864 infeasible  126       123.61416  114.91804  7.03%   128 6726s
 3023942 1994573     cutoff  109       123.61416  114.91840  7.03%   128 6731s
 3025135 1996229     cutoff  131       123.61416  114.91870  7.03%   128 6737s
 3027841 1998465     cutoff  160       123.61416  114.91905  7.03%   128 6744s
 3031677 1998952     cutoff  141       123.61416  114.91952  7.03%   128 6749s
 3032851 2000424     cutoff  106       123.61416  114.91980  7.03%   128 6755s
 3035616 2002175     cutoff  159       123.61416  114.92015  7.03%   128 6761s
 3039892 2003815     cutoff   83       123.61416  114.92082  7.03%   128 6770s
 3043231 2006166 infeasible  114       123.61416  114.92128  7.03%   128 6780s
 3046674 2006565  118.36174  108  433  123.61416  114.92192  7.03%   128 6786s
 3047703 2007263     cutoff  118       123.61416  114.92205  7.03%   128 6791s
 3049296 2009261     cutoff  114       123.61416  114.92242  7.03%   128 6797s
 3053129 2009776     cutoff  140       123.61416  114.92286  7.03%   128 6802s
 3054395 2011705  118.09797  112  302  123.61416  114.92319  7.03%   128 6808s
 3057949 2012185     cutoff  108       123.61416  114.92375  7.03%   128 6813s
 3059145 2016095 infeasible  129       123.61416  114.92391  7.03%   128 6825s
 3067421 2018145     cutoff  180       123.61416  114.92489  7.03%   128 6835s
 3071463 2020461  117.18253   63  356  123.61416  114.92551  7.03%   128 6845s
 3074697 2021834     cutoff   94       123.61416  114.92570  7.03%   128 6850s
 3078315 2024026 infeasible  107       123.61416  114.92651  7.03%   128 6860s
 3081875 2024387  117.81993  121  322  123.61416  114.92710  7.03%   128 6866s
 3083003 2029117  115.03710  119  228  123.61416  114.92730  7.03%   128 6879s
 3091594 2029708     cutoff  121       123.61416  114.92836  7.03%   128 6883s
 3092606 2030782  115.05796  124  172  123.61416  114.92840  7.03%   128 6888s
 3094760 2031262  120.10277  126   93  123.61416  114.92878  7.03%   128 6893s
 3095860 2033022  115.49675  143  423  123.61416  114.92895  7.03%   128 6898s
 3099169 2033288  115.07472  100  437  123.61416  114.92946  7.03%   128 6904s
 3100016 2033617     cutoff  108       123.61416  114.92961  7.03%   128 6910s
 3101231 2034209     cutoff  107       123.61416  114.93001  7.03%   128 6916s
 3102659 2035862 infeasible  109       123.61416  114.93019  7.03%   128 6922s
 3105365 2036498  114.94632  102  235  123.61416  114.93066  7.02%   128 6927s
 3106872 2036923  115.76260  108  186  123.61416  114.93099  7.02%   128 6932s
 3108110 2037712 infeasible   81       123.61416  114.93120  7.02%   128 6939s
 3109822 2040594     cutoff  136       123.61416  114.93152  7.02%   128 6947s
 3114868 2042432 infeasible   90       123.61416  114.93219  7.02%   128 6954s
 3118284 2042850     cutoff  112       123.61416  114.93269  7.02%   128 6959s
 3119554 2044624     cutoff  161       123.61416  114.93295  7.02%   128 6966s
 3123017 2045206     cutoff   98       123.61416  114.93323  7.02%   128 6971s
 3124348 2046720     cutoff  184       123.61416  114.93354  7.02%   128 6977s
 3127182 2047063  115.73369  121  306  123.61416  114.93406  7.02%   128 6982s
 3128216 2047527  115.08853  171  313  123.61416  114.93434  7.02%   129 6988s
 3129651 2050170     cutoff   84       123.61416  114.93459  7.02%   129 6995s
 3134421 2050714  114.99536  127  339  123.61416  114.93533  7.02%   129 7001s
 3135716 2052319     cutoff  144       123.61416  114.93553  7.02%   129 7008s
 3138377 2053017 infeasible  132       123.61416  114.93582  7.02%   129 7015s
 3139886 2054989     cutoff  141       123.61416  114.93621  7.02%   129 7022s
 3144027 2055727  117.13311   93  204  123.61416  114.93661  7.02%   129 7028s
 3145488 2056119     cutoff  128       123.61416  114.93696  7.02%   129 7033s
 3146570 2057575  117.29090   96  187  123.61416  114.93717  7.02%   129 7045s
 3149944 2061818  114.98897  107  301  123.61416  114.93771  7.02%   129 7057s
 3157046 2063976     cutoff   80       123.61416  114.93864  7.02%   129 7064s
 3160855 2064385     cutoff   79       123.61416  114.93911  7.02%   129 7070s
 3162264 2064962     cutoff   74       123.61416  114.93957  7.02%   129 7076s
 3163720 2067435     cutoff  135       123.61416  114.93982  7.02%   129 7084s
 3167895 2067773  114.95760  126  311  123.61416  114.94033  7.02%   129 7090s
 3169013 2069251     cutoff  115       123.61416  114.94048  7.02%   129 7102s
 3172360 2073820  115.33690   87  266  123.61416  114.94101  7.02%   129 7116s
 3180740 2074193 infeasible  118       123.61416  114.94184  7.02%   129 7122s
 3181621 2075078     cutoff   96       123.61416  114.94217  7.02%   129 7128s
 3183401 2077897     cutoff  135       123.61416  114.94246  7.02%   129 7136s
 3188223 2079336     cutoff  114       123.61416  114.94311  7.01%   129 7143s
 3191340 2079782  115.02710  140  209  123.61416  114.94353  7.01%   129 7150s
 3192535 2081291 infeasible   94       123.61416  114.94374  7.01%   129 7163s
 3195875 2085800  115.08257  110  236  123.61416  114.94423  7.01%   129 7177s
 3203760 2086205  117.40006   93  313  123.61416  114.94508  7.01%   129 7184s
 3205093 2087064 infeasible   90       123.61416  114.94521  7.01%   129 7190s
 3206968 2089450 infeasible   93       123.61416  114.94566  7.01%   129 7200s

Cutting planes:
  Learned: 3
  Gomory: 298
  Lift-and-project: 9
  Cover: 672
  Implied bound: 1687
  Projected implied bound: 28
  MIR: 2062
  StrongCG: 10
  Flow cover: 3994
  GUB cover: 1
  Inf proof: 174
  Zero half: 59
  Mod-K: 2
  RLT: 240
  Relax-and-lift: 196

Explored 3210917 nodes (413719724 simplex iterations) in 7200.18 seconds (15099.54 work units)
Thread count was 32 (of 32 available processors)

Solution count 10: 123.614 123.614 123.614 ... 123.614

Time limit reached
Best objective 1.236141585256e+02, best bound 1.149459574272e+02, gap 7.0123%
