
Gurobi 9.5.2 (linux64) logging started Tue Jul 28 18:45:40 2026

Set parameter LogFile to value "logs/oracle_RmediumCfewTtight_3_gurobi.log"
Gurobi Optimizer version 9.5.2 build v9.5.2rc0 (linux64)
Thread count: 16 physical cores, 32 logical processors, using up to 32 threads
Optimize a model with 6075 rows, 3506 columns and 21178 nonzeros
Model fingerprint: 0x1ddeb311
Variable types: 2192 continuous, 1314 integer (1314 binary)
Coefficient statistics:
  Matrix range     [4e-02, 1e+03]
  Objective range  [1e+00, 1e+00]
  Bounds range     [1e+00, 1e+00]
  RHS range        [1e-01, 5e+02]
Presolve removed 1856 rows and 661 columns
Presolve time: 0.55s
Presolved: 4219 rows, 2845 columns, 18812 nonzeros
Variable types: 1694 continuous, 1151 integer (1151 binary)

Root relaxation: objective 6.366396e+01, 4309 iterations, 1.53 seconds (0.21 work units)

    Nodes    |    Current Node    |     Objective Bounds      |     Work
 Expl Unexpl |  Obj  Depth IntInf | Incumbent    BestBd   Gap | It/Node Time

     0     0   63.66449    0  401          -   63.66449      -     -    2s
     0     0   64.53245    0  385          -   64.53245      -     -    4s
     0     0   64.60877    0  392          -   64.60877      -     -    5s
     0     0   64.60930    0  392          -   64.60930      -     -    5s
     0     0   65.37816    0  398          -   65.37816      -     -    6s
     0     0   65.50481    0  394          -   65.50481      -     -    7s
     0     0   65.50775    0  389          -   65.50775      -     -    7s
     0     0   65.51095    0  388          -   65.51095      -     -    7s
     0     0   65.51109    0  392          -   65.51109      -     -    7s
     0     0   66.39419    0  370          -   66.39419      -     -    9s
     0     0   66.54217    0  393          -   66.54217      -     -   10s
     0     0   66.55716    0  404          -   66.55716      -     -   10s
     0     0   66.55855    0  403          -   66.55855      -     -   10s
     0     0   66.55862    0  397          -   66.55862      -     -   10s
     0     0   66.95230    0  387          -   66.95230      -     -   11s
     0     0   67.00723    0  435          -   67.00723      -     -   12s
     0     0   67.01002    0  435          -   67.01002      -     -   12s
     0     0   67.01142    0  436          -   67.01142      -     -   12s
     0     0   67.01142    0  434          -   67.01142      -     -   12s
     0     0   67.13995    0  427          -   67.13995      -     -   13s
     0     0   67.17539    0  436          -   67.17539      -     -   13s
     0     0   67.18034    0  431          -   67.18034      -     -   13s
     0     0   67.18314    0  415          -   67.18314      -     -   14s
     0     0   67.18314    0  415          -   67.18314      -     -   14s
     0     0   67.29121    0  434          -   67.29121      -     -   14s
     0     0   67.30053    0  437          -   67.30053      -     -   14s
     0     0   67.30097    0  435          -   67.30097      -     -   15s
     0     0   67.40787    0  427          -   67.40787      -     -   15s
     0     0   67.44024    0  438          -   67.44024      -     -   16s
     0     0   67.44636    0  443          -   67.44636      -     -   16s
     0     0   67.44699    0  440          -   67.44699      -     -   16s
     0     0   67.57255    0  407          -   67.57255      -     -   16s
     0     0   67.58608    0  415          -   67.58608      -     -   17s
     0     0   67.58885    0  421          -   67.58885      -     -   17s
     0     0   67.58885    0  420          -   67.58885      -     -   17s
     0     0   67.65013    0  416          -   67.65013      -     -   17s
     0     0   67.66372    0  416          -   67.66372      -     -   18s
     0     0   67.66436    0  413          -   67.66436      -     -   18s
     0     0   67.69934    0  415          -   67.69934      -     -   18s
     0     0   67.70662    0  426          -   67.70662      -     -   19s
     0     0   67.70699    0  428          -   67.70699      -     -   19s
     0     0   67.73125    0  416          -   67.73125      -     -   19s
     0     0   67.73144    0  422          -   67.73144      -     -   20s
     0     0   67.79472    0  430          -   67.79472      -     -   20s
     0     0   67.79736    0  433          -   67.79736      -     -   21s
     0     0   67.79758    0  436          -   67.79758      -     -   21s
     0     0   67.85320    0  412          -   67.85320      -     -   21s
     0     0   67.85662    0  408          -   67.85662      -     -   22s
     0     0   67.85764    0  419          -   67.85764      -     -   22s
     0     0   67.86436    0  413          -   67.86436      -     -   22s
     0     0   67.86712    0  420          -   67.86712      -     -   23s
     0     0   67.86734    0  422          -   67.86734      -     -   23s
     0     0   67.87686    0  419          -   67.87686      -     -   23s
     0     0   67.87686    0  382          -   67.87686      -     -   24s
H    0     0                     152.1986310   67.87686  55.4%     -   36s
H    0     0                     124.4463935   67.87686  45.5%     -   36s
     0     2   67.87686    0  380  124.44639   67.87686  45.5%     -   37s
H   37    48                     109.8205425   67.91298  38.2%   149   38s
H   39    48                     102.3262797   67.91298  33.6%   146   38s
H   42    48                      99.4096130   67.91298  31.7%   143   38s
H   79    96                      99.3485249   67.91298  31.6%   104   39s
H   80    96                      99.2947611   67.91298  31.6%   104   39s
H   82    96                      99.2638068   67.91298  31.6%   102   39s
H   85    96                      98.9642121   67.91298  31.4%  99.4   39s
H   87    96                      98.5506331   67.91298  31.1%   100   39s
H  126   143                      97.8513448   67.91298  30.6%  82.4   41s
H  127   143                      97.8358266   67.91298  30.6%  81.9   41s
H  128   143                      97.4194451   67.91298  30.3%  81.4   41s
H  132   143                      96.5915707   67.91298  29.7%  79.5   41s
H  174   189                      95.8532704   67.91298  29.1%  67.2   47s
H  174   189                      95.5907868   67.91298  29.0%  67.2   47s
H  175   189                      94.8291312   67.91298  28.4%  67.7   47s
H  176   189                      85.2137005   67.91298  20.3%  67.3   47s
H  225   218                      82.4600406   67.91298  17.6%  59.2   48s
H  227   218                      81.7509829   67.91298  16.9%  59.0   48s
H  229   218                      81.6789734   67.91298  16.9%  58.8   48s
H  232   218                      81.5843162   67.91298  16.8%  58.6   48s
H  294   267                      81.4759675   67.91298  16.6%  55.2   49s
H  368   325                      80.6051671   67.91298  15.7%  49.1   51s
H  369   325                      80.5687233   67.91298  15.7%  49.0   51s
H  378   325                      80.5593008   67.91298  15.7%  48.7   51s
H  436   382                      80.5254448   67.91298  15.7%  46.9   52s
H  448   382                      80.3926342   67.91298  15.5%  46.4   52s
H  518   455                      79.5556484   67.91298  14.6%  44.7   57s
H  520   455                      79.3363651   67.91298  14.4%  44.9   57s
H  522   455                      79.3028078   67.91298  14.4%  44.9   57s
   534   462   68.98629   38  314   79.30281   67.91298  14.4%  44.9   67s
H  537   462                      79.2941032   67.91298  14.4%  44.9   67s
H  540   462                      79.2087589   67.91298  14.3%  44.8   67s
H  560   490                      79.1084605   67.91298  14.2%  44.8   69s
   676   578   68.98870   49  318   79.10846   67.91298  14.2%  42.2   72s
   794   676   69.09912   59  332   79.10846   67.91298  14.2%  40.4   84s
H  796   676                      79.1084605   67.91298  14.2%  40.3   84s
H  797   676                      79.0997559   67.91298  14.1%  40.4   84s
   931   790   69.10283   68  325   79.09976   67.91298  14.1%  39.2   91s
   948   806   69.10283   69  325   79.09976   67.91298  14.1%  39.4  116s
H  949   806                      79.0997553   67.91298  14.1%  39.3  116s
H  950   806                      79.0249181   67.91298  14.1%  39.3  116s
   964   888   69.10283   70  325   79.02492   67.91298  14.1%  39.0  128s
  1083   871   69.10283   81  324   79.02492   67.91298  14.1%  38.1  137s
H 1084   871                      79.0249180   67.91298  14.1%  38.0  137s
  1291  1021     cutoff   94        79.02492   67.91986  14.1%  35.1  148s
  1470  1141   70.86075   10  393   79.02492   67.91986  14.1%  36.0  157s
  2133  1668   68.89640   21  382   79.02492   67.91986  14.1%  32.4  175s
  2135  1669   70.32831   14  353   79.02492   67.91986  14.1%  32.4  180s
  2137  1671   69.29570   41  398   79.02492   68.21863  13.7%  32.3  185s
  2142  1674   69.92014   67  361   79.02492   69.02099  12.7%  32.3  190s
  2148  1678   71.18074   51  313   79.02492   69.66782  11.8%  32.2  195s
  2155  1683   71.44073   97  283   79.02492   70.17436  11.2%  32.1  201s
  2162  1687   71.43503   32  241   79.02492   70.35315  11.0%  32.0  207s
  2167  1691   70.41451   24  331   79.02492   70.41451  10.9%  31.9  210s
  2169  1692   74.14208   55  234   79.02492   70.58814  10.7%  31.9  215s
  2175  1696   77.24093  141  271   79.02492   70.64754  10.6%  31.8  220s
  2181  1700   72.55852   10  191   79.02492   70.68282  10.6%  31.7  225s
  2186  1703   77.04571   37  340   79.02492   70.72042  10.5%  31.6  230s
  2192  1707   70.88822   68  218   79.02492   70.74739  10.5%  31.5  235s
  2201  1713   70.78443   22  246   79.02492   70.78443  10.4%  31.4  241s
  2206  1717   70.80662   30  301   79.02492   70.80662  10.4%  31.3  247s
  2212  1721   70.85439   74  295   79.02492   70.85439  10.3%  31.2  252s
  2218  1725   73.63668   27  299   79.02492   70.89096  10.3%  31.2  258s
  2220  1726   72.58384   21  352   79.02492   70.91432  10.3%  31.1  260s
  2227  1731   70.93369   69  335   79.02492   70.93369  10.2%  31.0  265s
  2233  1735   70.95086   21  246   79.02492   70.95086  10.2%  30.9  271s
  2244  1742   78.36260   19  332   79.02492   70.97269  10.2%  30.8  275s
  2249  1745   74.21168   80  244   79.02492   71.02613  10.1%  30.7  281s
  2255  1749   71.44073   97  314   79.02492   71.11459  10.0%  30.6  285s
  2264  1755   74.26963   41  232   79.02492   71.22704  9.87%  30.5  291s
  2279  1765   71.28805   18  357   79.02492   71.28805  9.79%  30.3  295s
  2288  1771   71.89974   13  332   79.02492   71.34687  9.72%  30.2  300s
  2300  1779   73.76141   22  289   79.02492   71.36922  9.69%  30.0  305s
  2310  1786   74.25061   74  213   79.02492   71.40218  9.65%  29.9  310s
  2319  1792   71.92891   29  297   79.02492   71.41789  9.63%  29.8  316s
  2328  1798   71.44766   23  317   79.02492   71.44766  9.59%  29.7  320s
  2332  1801   71.46447   47  335   79.02492   71.46447  9.57%  29.6  328s
  2338  1805   72.66389    7  289   79.02492   71.47153  9.56%  29.6  330s
  2345  1809   72.96700  110  352   79.02492   71.48363  9.54%  29.5  335s
  2357  1817   75.57190  125  405   79.02492   71.49375  9.53%  29.3  340s
  2363  1821   71.50253   12  410   79.02492   71.50253  9.52%  29.2  345s
  2367  1824   71.50883   24  336   79.02492   71.50883  9.51%  29.2  350s
  2372  1827   71.51157   44  292   79.02492   71.51157  9.51%  29.1  356s
  2377  1831   71.51304    5  287   79.02492   71.51304  9.51%  29.1  360s
  2382  1835   71.51304   28   98   79.02492   71.51304  9.51%  57.5  369s
  2383  1836   71.51304   55  201   79.02492   71.51304  9.51%  57.5  374s
  2384  1837   71.51304   17  266   79.02492   71.51304  9.51%  57.5  375s
  2399  1847   73.13240  118  255   79.02492   71.51304  9.51%  57.1  380s
  2404  1850   73.08444   84  324   79.02492   71.51475  9.50%  57.0  385s
  2410  1854   74.25061   74  269   79.02492   71.54748  9.46%  56.8  392s
  2413  1856   71.55611   12  279   79.02492   71.55611  9.45%  56.8  398s
  2417  1859   71.56525   69  261   79.02492   71.56525  9.44%  56.7  404s
  2421  1861   71.56803   36  325   79.02492   71.56803  9.44%  56.6  405s
  2427  1865   71.59353   69  313   79.02492   71.59353  9.40%  56.4  410s
  2434  1870   71.61906   97  254   79.02492   71.61906  9.37%  56.3  416s
  2443  1876   73.10304   74  265   79.02492   71.62702  9.36%  56.1  420s
  2446  1878   75.49468  119  265   79.02492   71.62902  9.36%  56.0  425s
  2450  1881   74.14183   57  292   79.02492   71.62969  9.36%  55.9  430s
  2455  1884   71.63341   97  208   79.02492   71.63341  9.35%  55.8  436s
  2460  1887   71.64009   53  275   79.02492   71.64009  9.34%  55.7  440s
  2466  1891   71.65954   37  244   79.02492   71.65954  9.32%  55.5  445s
  2480  1901   77.99539   18  264   79.02492   71.70148  9.27%  55.2  450s
  2485  1904   71.70371   61  249   79.02492   71.70371  9.26%  55.1  455s
  2490  1907   71.70588   92  301   79.02492   71.70588  9.26%  55.0  460s
  2493  1909   71.74034   17  254   79.02492   71.74034  9.22%  54.9  467s
  2494  1912   71.74034   26  311   79.02492   71.74034  9.22%  68.1  482s
  2496  1912   71.74034   27  276   79.02492   71.74034  9.22%  68.3  487s
  2499  1914   71.75186   28  272   79.02492   71.75186  9.20%  68.4  492s
  2503  1914   71.75400   29  278   79.02492   71.75400  9.20%  68.5  496s
  2532  1928   71.85368   32  281   79.02492   71.76667  9.18%  70.5  501s
  2586  1956   71.96994   34  297   79.02492   71.79107  9.15%  73.3  511s
  2738  2006   73.17129   36  236   79.02492   71.79130  9.15%  75.1  531s
  2967  2030   72.07943   40  322   79.02492   71.79130  9.15%  75.9  540s
  3160  2097   72.09236   42  308   79.02492   71.79130  9.15%  76.9  546s
  3267  2080   72.09583   43  302   79.02492   71.79130  9.15%  77.2  552s
  3430  2145   72.10260   44  316   79.02492   71.79130  9.15%  77.7  560s
  3686  2160   72.10578   46  306   79.02492   71.79130  9.15%  78.3  565s
  3949  2217   76.16223   48  267   79.02492   71.79130  9.15%  80.6  570s
  4280  2276   72.11426   51  307   79.02492   71.79130  9.15%  81.4  575s
  4837  2269   72.11475   54  291   79.02492   71.79130  9.15%  83.3  583s
  5117  2293   72.12187   55  289   79.02492   71.79130  9.15%  83.0  587s
  5393  2398   72.13256   56  303   79.02492   71.79130  9.15%  83.9  591s
  5789  2330   72.33052   59  269   79.02492   71.79130  9.15%  84.7  597s
H 5817  2222                      79.0249178   71.79130  9.15%  85.0  597s
  6069  2290   72.39363   62  270   79.02492   71.79130  9.15%  86.1  602s
  6298  2210   72.43884   64  280   79.02492   71.79130  9.15%  86.8  611s
H 6346  2102                      79.0249175   71.79130  9.15%  86.7  611s
  6680  2280   72.62287   67  232   79.02492   71.79130  9.15%  85.8  617s
  6962  2337     cutoff   69        79.02492   71.79130  9.15%  85.7  620s
  7532  2315   72.64423   76  235   79.02492   71.79130  9.15%  84.8  635s
H 7567  2275                      79.0249171   71.79130  9.15%  84.9  635s
  7962  2642     cutoff   79        79.02492   71.85526  9.07%  84.5  642s
  8672  2863   73.08594   45  228   79.02492   71.85568  9.07%  84.9  651s
  8876  2853   73.99210   54  285   79.02492   71.85568  9.07%  85.5  663s
  8948  3077   73.99608   55  294   79.02492   71.85568  9.07%  85.6  665s
  9822  3540     cutoff   67        79.02492   71.90987  9.00%  84.8  672s
 10254  3526   73.37463   42  235   79.02492   71.90987  9.00%  85.1  681s
 10323  3716 infeasible   43        79.02492   71.90987  9.00%  86.3  685s
 11128  4100   74.71352   49  230   79.02492   71.94389  8.96%  87.8  691s
 11533  4264   73.23612   38  236   79.02492   71.94389  8.96%  89.1  701s
 11895  4346   73.38679   54  247   79.02492   71.94389  8.96%  91.0  711s
 12163  4546   74.36370   62  243   79.02492   71.94389  8.96%  92.0  717s
 12641  4627   74.78653   75  210   79.02492   72.08510  8.78%  93.0  723s
 13076  4798     cutoff   40        79.02492   72.77451  7.91%  94.8  728s
 13552  4978   75.19294   52  273   79.02492   72.78301  7.90%  95.9  734s
 14051  5090 infeasible   53        79.02492   72.78301  7.90%  97.0  742s
 14613  5279   75.83221   89  207   79.02492   73.31003  7.23%  97.1  747s
 15174  5451   77.82781   78  255   79.02492   73.33087  7.21%  98.1  752s
 15817  5478   74.60233   62  231   79.02492   73.33087  7.21%  98.6  756s
 16513  5413     cutoff   89        79.02492   73.68223  6.76%  98.9  760s
 17250  5506   75.01696   81  267   79.02492   73.99737  6.36%  98.7  765s
 18091  5610     cutoff   38        79.02492   74.22299  6.08%  98.3  770s
 19157  5762   74.98892   78  269   79.02492   74.22351  6.08%  97.1  777s
 20158  5856     cutoff  121        79.02492   74.23808  6.06%  96.5  782s
 21059  5952   75.46747   57  177   79.02492   74.23808  6.06%  96.8  788s
 21584  5949 infeasible   74        79.02492   74.23808  6.06%  97.9  811s
 21640  5864   76.88841   75  206   79.02492   74.49643  5.73%  98.0  816s
 22857  5683   75.58078   60  203   79.02492   74.84295  5.29%  97.9  821s
 24015  5452     cutoff   73        79.02492   74.92034  5.19%  98.0  826s
 25242  5227   78.62444   51  246   79.02492   75.08866  4.98%  98.0  831s
 26493  4868   77.08522   75  288   79.02492   75.25762  4.77%  98.1  838s
 27917  4123 infeasible   80        79.02492   75.65148  4.27%  98.0  843s
 29543  3558     cutoff  167        79.02492   75.84668  4.02%  97.7  849s
 30906  3181 infeasible   94        79.02492   76.13892  3.65%  98.9  859s
 31952  2855 infeasible   76        79.02492   76.41326  3.30%   102  868s
 32870  2537     cutoff   92        79.02492   76.45737  3.25%   105  875s
 33659  2225     cutoff  104        79.02492   76.64696  3.01%   110  883s
 34841  1851   78.98592   71  123   79.02492   76.64696  3.01%   113  892s
 35611  1342   78.72971   98  229   79.02492   76.64696  3.01%   117  901s
 37400  1429 infeasible  101        79.02492   76.71403  2.92%   118  913s
 40600  1346 infeasible   95        79.02492   77.64696  1.74%   114  928s
 46753  1201   78.99583   69  108   79.02492   77.77530  1.58%   106  933s

Cutting planes:
  Learned: 2
  Gomory: 117
  Cover: 129
  Implied bound: 247
  Projected implied bound: 12
  Clique: 4
  MIR: 393
  StrongCG: 2
  Flow cover: 929
  GUB cover: 1
  Inf proof: 3
  Zero half: 11
  RLT: 56
  Relax-and-lift: 119
  PSD: 1

Explored 48296 nodes (5060699 simplex iterations) in 933.90 seconds (117.92 work units)
Thread count was 32 (of 32 available processors)

Solution count 10: 79.0249 79.0249 79.0249 ... 79.1085

Optimal solution found (tolerance 5.00e-03)
Best objective 7.902491813042e+01, best bound 7.865437637931e+01, gap 0.4689%

Gurobi 9.5.2 (linux64) logging started Wed Jul 29 13:59:47 2026

Set parameter LogFile to value "logs/oracle_RmediumCfewTtight_3_gurobi.log"
Gurobi Optimizer version 9.5.2 build v9.5.2rc0 (linux64)
Thread count: 16 physical cores, 32 logical processors, using up to 32 threads
Optimize a model with 6428 rows, 3506 columns and 83841 nonzeros
Model fingerprint: 0xc3c637b6
Variable types: 2192 continuous, 1314 integer (1314 binary)
Coefficient statistics:
  Matrix range     [4e-02, 1e+03]
  Objective range  [1e+00, 1e+00]
  Bounds range     [1e+00, 4e+01]
  RHS range        [1e-01, 5e+02]

User MIP start did not produce a new incumbent solution

Presolve removed 1957 rows and 660 columns
Presolve time: 0.29s
Presolved: 4471 rows, 2846 columns, 73406 nonzeros
Variable types: 1695 continuous, 1151 integer (1151 binary)
Root relaxation presolve removed 200 rows and 77 columns
Root relaxation presolved: 4271 rows, 2769 columns, 41013 nonzeros

Extra simplex iterations after uncrush: 1

Root relaxation: objective 7.174691e+01, 4186 iterations, 0.40 seconds (0.60 work units)
Another try with MIP start

    Nodes    |    Current Node    |     Objective Bounds      |     Work
 Expl Unexpl |  Obj  Depth IntInf | Incumbent    BestBd   Gap | It/Node Time

H    0     0                      85.8915627   71.74691  16.5%     -    1s
     0     0   71.74691    0  366   85.89156   71.74691  16.5%     -    1s
     0     0   76.90297    0  247   85.89156   76.90297  10.5%     -    2s
     0     0   77.18362    0  279   85.89156   77.18362  10.1%     -    2s
     0     0   77.26034    0  285   85.89156   77.26034  10.0%     -    2s
     0     0   77.26288    0  295   85.89156   77.26288  10.0%     -    2s
     0     0   77.26301    0  278   85.89156   77.26301  10.0%     -    2s
     0     0   77.81628    0  238   85.89156   77.81628  9.40%     -    3s
     0     0   77.88144    0  278   85.89156   77.88144  9.33%     -    3s
     0     0   77.88345    0  278   85.89156   77.88345  9.32%     -    3s
     0     0   77.88476    0  275   85.89156   77.88476  9.32%     -    3s
     0     0   78.19914    0  301   85.89156   78.19914  8.96%     -    3s
     0     0   78.25158    0  303   85.89156   78.25158  8.89%     -    3s
     0     0   78.25249    0  309   85.89156   78.25249  8.89%     -    3s
     0     0   78.49817    0  310   85.89156   78.49817  8.61%     -    4s
     0     0   78.58706    0  306   85.89156   78.58706  8.50%     -    4s
     0     0   78.60551    0  305   85.89156   78.60551  8.48%     -    4s
     0     0   78.60998    0  308   85.89156   78.60998  8.48%     -    4s
     0     0   78.60998    0  308   85.89156   78.60998  8.48%     -    4s
     0     0   78.75832    0  308   85.89156   78.75832  8.30%     -    4s
     0     0   78.78650    0  330   85.89156   78.78650  8.27%     -    4s
     0     0   78.79119    0  328   85.89156   78.79119  8.27%     -    4s
     0     0   78.79143    0  332   85.89156   78.79143  8.27%     -    4s
     0     0   79.20442    0  325   85.89156   79.20442  7.79%     -    5s
     0     0   79.23733    0  336   85.89156   79.23733  7.75%     -    5s
     0     0   79.23976    0  356   85.89156   79.23976  7.74%     -    5s
     0     0   79.24026    0  354   85.89156   79.24026  7.74%     -    5s
     0     0   79.48517    0  321   85.89156   79.48517  7.46%     -    6s
     0     0   79.51217    0  291   85.89156   79.51217  7.43%     -    6s
     0     0   79.51734    0  286   85.89156   79.51734  7.42%     -    6s
     0     0   79.52058    0  306   85.89156   79.52058  7.42%     -    6s
     0     0   79.52112    0  307   85.89156   79.52112  7.42%     -    6s
     0     0   79.64743    0  295   85.89156   79.64743  7.27%     -    6s
     0     0   79.66291    0  295   85.89156   79.66291  7.25%     -    7s
     0     0   79.66721    0  298   85.89156   79.66721  7.25%     -    7s
     0     0   79.66784    0  298   85.89156   79.66784  7.25%     -    7s
     0     0   79.69970    0  291   85.89156   79.69970  7.21%     -    7s
     0     0   79.70683    0  289   85.89156   79.70683  7.20%     -    7s
     0     0   79.70853    0  293   85.89156   79.70853  7.20%     -    7s
     0     0   79.80895    0  280   85.89156   79.80895  7.08%     -    8s
     0     0   79.83462    0  299   85.89156   79.83462  7.05%     -    8s
     0     0   79.83575    0  284   85.89156   79.83575  7.05%     -    8s
     0     0   79.89490    0  262   85.89156   79.89490  6.98%     -    8s
     0     0   79.91807    0  276   85.89156   79.91807  6.95%     -    8s
     0     0   79.92154    0  279   85.89156   79.92154  6.95%     -    9s
     0     0   79.92169    0  283   85.89156   79.92169  6.95%     -    9s
     0     0   80.00753    0  267   85.89156   80.00753  6.85%     -    9s
     0     0   80.01630    0  273   85.89156   80.01630  6.84%     -    9s
     0     0   80.01915    0  285   85.89156   80.01915  6.84%     -    9s
     0     0   80.01955    0  295   85.89156   80.01955  6.84%     -    9s
     0     0   80.04420    0  297   85.89156   80.04420  6.81%     -   10s
     0     0   80.04867    0  315   85.89156   80.04867  6.80%     -   10s
     0     0   80.05172    0  306   85.89156   80.05172  6.80%     -   10s
     0     0   80.05196    0  324   85.89156   80.05196  6.80%     -   10s
     0     0   80.14153    0  326   85.89156   80.14153  6.69%     -   11s
     0     0   80.18427    0  316   85.89156   80.18427  6.64%     -   11s
     0     0   80.18859    0  310   85.89156   80.18859  6.64%     -   11s
     0     0   80.18945    0  320   85.89156   80.18945  6.64%     -   11s
     0     0   80.28122    0  310   85.89156   80.28122  6.53%     -   11s
     0     0   80.29114    0  315   85.89156   80.29114  6.52%     -   11s
     0     0   80.29425    0  307   85.89156   80.29425  6.52%     -   11s
     0     0   80.29468    0  308   85.89156   80.29468  6.52%     -   11s
     0     0   80.36403    0  292   85.89156   80.36403  6.44%     -   12s
     0     0   80.39894    0  321   85.89156   80.39894  6.39%     -   12s
     0     0   80.40805    0  336   85.89156   80.40805  6.38%     -   12s
     0     0   80.40922    0  346   85.89156   80.40922  6.38%     -   12s
     0     0   80.47673    0  286   85.89156   80.47673  6.30%     -   12s
     0     0   80.52494    0  277   85.89156   80.52494  6.25%     -   12s
     0     0   80.52903    0  291   85.89156   80.52903  6.24%     -   12s
     0     0   80.53010    0  290   85.89156   80.53010  6.24%     -   13s
     0     0   80.57041    0  289   85.89156   80.57041  6.20%     -   13s
     0     0   80.58158    0  297   85.89156   80.58158  6.18%     -   13s
     0     0   80.59113    0  299   85.89156   80.59113  6.17%     -   13s
     0     0   80.59233    0  304   85.89156   80.59233  6.17%     -   13s
     0     0   80.63567    0  291   85.89156   80.63567  6.12%     -   14s
     0     0   80.64582    0  307   85.89156   80.64582  6.11%     -   14s
     0     0   80.64698    0  311   85.89156   80.64698  6.11%     -   14s
     0     0   80.67313    0  308   85.89156   80.67313  6.08%     -   14s
H    0     0                      85.8296937   80.67313  6.01%     -   14s
     0     0   80.68467    0  303   85.82969   80.68467  5.99%     -   14s
     0     0   80.68561    0  306   85.82969   80.68561  5.99%     -   14s
     0     0   80.73063    0  300   85.82969   80.73063  5.94%     -   15s
     0     0   80.73181    0  299   85.82969   80.73181  5.94%     -   15s
     0     0   80.74257    0  309   85.82969   80.74257  5.93%     -   15s
     0     0   80.74257    0  287   85.82969   80.74257  5.93%     -   16s
H    0     0                      84.8104888   80.74257  4.80%     -   16s
     0     2   80.74257    0  287   84.81049   80.74257  4.80%     -   16s
H   31    44                      84.7193413   80.82166  4.60%   259   17s
H   32    44                      84.6706614   80.82245  4.54%   259   17s
H   38    44                      84.5663439   80.86759  4.37%   280   17s
H   41    44                      84.4616354   80.86759  4.26%   280   17s
H   79    88                      84.3203307   80.88912  4.07%   252   19s
H   79    88                      83.8891230   80.88912  3.58%   252   19s
H   80    88                      83.7790118   80.89018  3.45%   253   19s
H   81    88                      83.6752038   80.91473  3.30%   257   19s
H   88    88                      83.3299378   80.91473  2.90%   252   19s
   187   194   80.94955   15  371   83.32994   80.94955  2.86%   231   20s
H  279   274                      83.1940657   80.98723  2.65%   217   20s
H  640   630                      83.1909103   81.04831  2.58%   209   26s
H  649   630                      82.2041942   81.04831  1.41%   209   26s
H  734   707                      82.1679634   81.04840  1.36%   203   30s
H  735   707                      81.9511868   81.04840  1.10%   203   30s
H  740   707                      81.8898158   81.04840  1.03%   204   30s
  1456  1367   81.23244   22  287   81.88982   81.09968  0.96%   186   35s
  1470  1376   81.34003   15  234   81.88982   81.21182  0.83%   184   41s
  1478  1382   81.47011   25  186   81.88982   81.47011  0.51%   183   45s

Cutting planes:
  Learned: 2
  Gomory: 72
  Lift-and-project: 11
  Cover: 33
  Implied bound: 43
  Projected implied bound: 2
  Clique: 2
  MIR: 243
  StrongCG: 1
  Flow cover: 566
  GUB cover: 2
  Inf proof: 2
  Zero half: 1
  RLT: 17
  Relax-and-lift: 38

Explored 1478 nodes (311528 simplex iterations) in 45.12 seconds (51.88 work units)
Thread count was 32 (of 32 available processors)

Solution count 10: 81.8898 81.8898 81.9512 ... 83.779

Optimal solution found (tolerance 5.00e-03)
Best objective 8.188981576827e+01, best bound 8.148368894202e+01, gap 0.4959%

Gurobi 9.5.2 (linux64) logging started Wed Jul 29 14:34:32 2026

Set parameter LogFile to value "logs/oracle_RmediumCfewTtight_3_gurobi.log"
Gurobi Optimizer version 9.5.2 build v9.5.2rc0 (linux64)
Thread count: 16 physical cores, 32 logical processors, using up to 32 threads
Optimize a model with 7488 rows, 4216 columns and 86619 nonzeros
Model fingerprint: 0x6811d763
Variable types: 2557 continuous, 1659 integer (1659 binary)
Coefficient statistics:
  Matrix range     [3e-02, 1e+03]
  Objective range  [1e+00, 1e+00]
  Bounds range     [1e+00, 4e+01]
  RHS range        [6e-03, 5e+02]

User MIP start did not produce a new incumbent solution

Presolve removed 1983 rows and 728 columns
Presolve time: 0.27s
Presolved: 5505 rows, 3488 columns, 72806 nonzeros
Variable types: 2088 continuous, 1400 integer (1400 binary)
Root relaxation presolve removed 278 rows and 160 columns
Root relaxation presolved: 5227 rows, 3328 columns, 42969 nonzeros

Extra simplex iterations after uncrush: 9

Root relaxation: objective 7.070680e+01, 6274 iterations, 0.48 seconds (0.55 work units)
Another try with MIP start

    Nodes    |    Current Node    |     Objective Bounds      |     Work
 Expl Unexpl |  Obj  Depth IntInf | Incumbent    BestBd   Gap | It/Node Time

     0     0   70.70680    0  377          -   70.70680      -     -    1s
     0     0   70.82703    0  555          -   70.82703      -     -    2s
     0     0   70.91697    0  577          -   70.91697      -     -    3s
     0     0   71.15275    0  574          -   71.15275      -     -    4s
     0     0   71.16838    0  599          -   71.16838      -     -    4s
     0     0   71.17098    0  608          -   71.17098      -     -    4s
     0     0   71.17208    0  595          -   71.17208      -     -    4s
     0     0   71.17210    0  627          -   71.17210      -     -    4s
     0     0   71.36848    0  595          -   71.36848      -     -    5s
     0     0   71.38546    0  604          -   71.38546      -     -    5s
     0     0   71.38955    0  622          -   71.38955      -     -    5s
     0     0   71.38968    0  616          -   71.38968      -     -    5s
     0     0   71.54114    0  592          -   71.54114      -     -    7s
     0     0   71.54731    0  615          -   71.54731      -     -    7s
     0     0   71.54815    0  624          -   71.54815      -     -    7s
     0     0   71.54848    0  620          -   71.54848      -     -    7s
     0     0   71.54851    0  622          -   71.54851      -     -    7s
     0     0   71.64846    0  606          -   71.64846      -     -    8s
     0     0   71.66139    0  606          -   71.66139      -     -    9s
     0     0   71.66295    0  616          -   71.66295      -     -    9s
     0     0   71.66319    0  617          -   71.66319      -     -    9s
     0     0   71.80833    0  628          -   71.80833      -     -   10s
     0     0   71.84639    0  633          -   71.84639      -     -   10s
     0     0   71.85352    0  630          -   71.85352      -     -   10s
     0     0   71.85393    0  640          -   71.85393      -     -   11s
     0     0   71.85397    0  636          -   71.85397      -     -   11s
     0     0   72.12656    0  592          -   72.12656      -     -   12s
     0     0   72.16819    0  558          -   72.16819      -     -   13s
     0     0   72.17967    0  581          -   72.17967      -     -   13s
     0     0   72.18158    0  616          -   72.18158      -     -   13s
     0     0   72.18190    0  624          -   72.18190      -     -   13s
     0     0   72.31119    0  575          -   72.31119      -     -   14s
     0     0   72.33037    0  593          -   72.33037      -     -   14s
     0     0   72.33244    0  591          -   72.33244      -     -   14s
     0     0   72.33341    0  593          -   72.33341      -     -   14s
     0     0   72.33341    0  594          -   72.33341      -     -   14s
     0     0   72.44994    0  564          -   72.44994      -     -   15s
     0     0   72.47058    0  593          -   72.47058      -     -   15s
     0     0   72.47364    0  622          -   72.47364      -     -   15s
     0     0   72.47454    0  630          -   72.47454      -     -   15s
     0     0   72.47459    0  625          -   72.47459      -     -   15s
     0     0   72.65853    0  597          -   72.65853      -     -   16s
     0     0   72.69470    0  613          -   72.69470      -     -   16s
     0     0   72.69963    0  608          -   72.69963      -     -   16s
     0     0   72.69982    0  611          -   72.69982      -     -   16s
     0     0   72.91372    0  598          -   72.91372      -     -   17s
     0     0   72.93679    0  613          -   72.93679      -     -   18s
     0     0   72.94065    0  612          -   72.94065      -     -   18s
     0     0   72.94186    0  618          -   72.94186      -     -   18s
     0     0   72.94186    0  620          -   72.94186      -     -   18s
     0     0   73.16400    0  610          -   73.16400      -     -   19s
     0     0   73.21141    0  634          -   73.21141      -     -   19s
     0     0   73.21933    0  635          -   73.21933      -     -   19s
     0     0   73.22137    0  646          -   73.22137      -     -   19s
     0     0   73.22151    0  650          -   73.22151      -     -   19s
     0     0   73.44832    0  578          -   73.44832      -     -   20s
     0     0   73.47843    0  598          -   73.47843      -     -   20s
     0     0   73.48206    0  584          -   73.48206      -     -   20s
     0     0   73.48340    0  585          -   73.48340      -     -   21s
     0     0   73.48341    0  589          -   73.48341      -     -   21s
     0     0   73.61861    0  592          -   73.61861      -     -   22s
     0     0   73.64542    0  587          -   73.64542      -     -   22s
     0     0   73.64995    0  592          -   73.64995      -     -   22s
     0     0   73.65087    0  596          -   73.65087      -     -   22s
     0     0   73.86309    0  568          -   73.86309      -     -   23s
     0     0   73.91516    0  584          -   73.91516      -     -   23s
     0     0   73.92201    0  592          -   73.92201      -     -   23s
     0     0   73.92277    0  589          -   73.92277      -     -   23s
     0     0   74.13053    0  564          -   74.13053      -     -   24s
     0     0   74.16920    0  593          -   74.16920      -     -   24s
     0     0   74.17567    0  579          -   74.17567      -     -   24s
     0     0   74.17587    0  591          -   74.17587      -     -   24s
     0     0   74.29701    0  562          -   74.29701      -     -   25s
     0     0   74.31072    0  602          -   74.31072      -     -   25s
     0     0   74.31127    0  599          -   74.31127      -     -   25s
     0     0   74.42266    0  551          -   74.42266      -     -   26s
     0     0   74.43391    0  552          -   74.43391      -     -   26s
     0     0   74.43569    0  565          -   74.43569      -     -   26s
     0     0   74.43577    0  564          -   74.43577      -     -   26s
     0     0   74.48816    0  567          -   74.48816      -     -   27s
     0     0   74.49492    0  559          -   74.49492      -     -   27s
     0     0   74.49681    0  594          -   74.49681      -     -   27s
     0     0   74.49698    0  583          -   74.49698      -     -   27s
     0     0   74.56700    0  553          -   74.56700      -     -   28s
     0     0   74.58243    0  571          -   74.58243      -     -   29s
     0     0   74.58354    0  580          -   74.58354      -     -   29s
     0     0   74.67525    0  557          -   74.67525      -     -   30s
     0     0   74.69730    0  555          -   74.69730      -     -   30s
     0     0   74.70096    0  568          -   74.70096      -     -   30s
     0     0   74.70249    0  566          -   74.70249      -     -   30s
     0     0   74.78545    0  566          -   74.78545      -     -   31s
     0     0   74.80323    0  588          -   74.80323      -     -   31s
     0     0   74.80432    0  579          -   74.80432      -     -   31s
     0     0   74.89271    0  569          -   74.89271      -     -   32s
     0     0   74.90510    0  593          -   74.90510      -     -   32s
     0     0   74.90610    0  603          -   74.90610      -     -   32s
     0     0   74.95968    0  567          -   74.95968      -     -   33s
     0     0   74.97091    0  574          -   74.97091      -     -   33s
     0     0   74.97476    0  573          -   74.97476      -     -   33s
     0     0   74.97627    0  590          -   74.97627      -     -   33s
     0     0   75.12854    0  557          -   75.12854      -     -   34s
     0     0   75.15093    0  566          -   75.15093      -     -   34s
     0     0   75.15302    0  576          -   75.15302      -     -   34s
     0     0   75.15343    0  580          -   75.15343      -     -   34s
     0     0   75.24414    0  539          -   75.24414      -     -   35s
     0     0   75.27072    0  575          -   75.27072      -     -   36s
     0     0   75.27400    0  570          -   75.27400      -     -   36s
     0     0   75.27534    0  568          -   75.27534      -     -   36s
     0     0   75.33626    0  591          -   75.33626      -     -   37s
     0     0   75.35727    0  582          -   75.35727      -     -   37s
     0     0   75.36248    0  590          -   75.36248      -     -   37s
     0     0   75.36308    0  590          -   75.36308      -     -   37s
     0     0   75.40818    0  574          -   75.40818      -     -   38s
     0     0   75.41718    0  585          -   75.41718      -     -   38s
     0     0   75.41780    0  592          -   75.41780      -     -   38s
     0     0   75.51722    0  582          -   75.51722      -     -   39s
     0     0   75.54029    0  608          -   75.54029      -     -   39s
     0     0   75.54419    0  601          -   75.54419      -     -   39s
     0     0   75.54457    0  590          -   75.54457      -     -   39s
     0     0   75.61267    0  589          -   75.61267      -     -   40s
     0     0   75.62287    0  604          -   75.62287      -     -   40s
     0     0   75.62569    0  595          -   75.62569      -     -   40s
     0     0   75.62582    0  592          -   75.62582      -     -   40s
     0     0   75.72416    0  554          -   75.72416      -     -   41s
     0     0   75.74024    0  578          -   75.74024      -     -   41s
     0     0   75.74210    0  600          -   75.74210      -     -   41s
     0     0   75.80513    0  582          -   75.80513      -     -   42s
     0     0   75.81359    0  565          -   75.81359      -     -   42s
     0     0   75.81463    0  576          -   75.81463      -     -   42s
     0     0   75.86803    0  574          -   75.86803      -     -   42s
     0     0   75.87360    0  579          -   75.87360      -     -   43s
     0     0   75.87452    0  584          -   75.87452      -     -   43s
     0     0   75.93286    0  561          -   75.93286      -     -   43s
     0     0   75.94515    0  588          -   75.94515      -     -   44s
     0     0   75.94758    0  598          -   75.94758      -     -   44s
     0     0   75.94771    0  601          -   75.94771      -     -   44s
     0     0   76.00557    0  575          -   76.00557      -     -   44s
     0     0   76.01640    0  572          -   76.01640      -     -   44s
     0     0   76.01710    0  576          -   76.01710      -     -   44s
     0     0   76.05862    0  556          -   76.05862      -     -   45s
     0     0   76.07821    0  573          -   76.07821      -     -   45s
     0     0   76.08215    0  579          -   76.08215      -     -   45s
     0     0   76.08274    0  591          -   76.08274      -     -   45s
     0     0   76.13234    0  556          -   76.13234      -     -   45s
     0     0   76.14725    0  541          -   76.14725      -     -   45s
     0     0   76.14768    0  544          -   76.14768      -     -   45s
     0     0   76.17854    0  586          -   76.17854      -     -   46s
     0     0   76.18784    0  616          -   76.18784      -     -   47s
     0     0   76.19007    0  588          -   76.19007      -     -   47s
     0     0   76.21868    0  536          -   76.21868      -     -   47s
     0     0   76.22198    0  614          -   76.22198      -     -   47s
     0     0   76.22252    0  630          -   76.22252      -     -   47s
     0     0   76.26876    0  612          -   76.26876      -     -   47s
     0     0   76.27165    0  570          -   76.27165      -     -   48s
     0     0   76.27240    0  608          -   76.27240      -     -   48s
     0     0   76.29762    0  518          -   76.29762      -     -   49s
     0     0   76.30140    0  546          -   76.30140      -     -   49s
     0     0   76.30147    0  568          -   76.30147      -     -   49s
     0     0   76.30827    0  541          -   76.30827      -     -   49s
     0     0   76.30827    0  475          -   76.30827      -     -   49s
     0     2   76.30827    0  469          -   76.30827      -     -   50s
   388   405   82.10780   28  492          -   76.41793      -   285   55s
  1314  1458   82.39621   20  509          -   76.50004      -   244   60s
  2096  2096   76.83443   39  136          -   76.50976      -   199   65s
  2098  2097   79.24759   29  515          -   76.50976      -   199   70s
  2108  2104   80.76024   29  563          -   76.74292      -   198   75s
  2117  2110   77.01179   31  519          -   77.01179      -   197   80s
  2122  2113   77.34742   21  461          -   77.11310      -   196   85s
  2130  2119   90.76812   23  478          -   77.19110      -   196   91s
  2138  2124   78.28165    5  521          -   77.28104      -   195   97s
  2143  2127   77.32547   25  533          -   77.32547      -   194  100s
  2154  2135   82.05168   22  527          -   77.39323      -   193  105s
  2170  2145   77.47061   35  383          -   77.47061      -   192  110s
H 2175  2040                     487.0213456   77.47527  84.1%   192  111s
  2182  2046   82.08474   27  119  487.02135   77.47527  84.1%   222  115s
H 2188  1947                     120.3563226   77.47771  35.6%   221  119s
  2190  1948   77.48671   19  388  120.35632   77.48671  35.6%   221  121s
  2196  1952   77.53361   39  417  120.35632   77.53361  35.6%   221  125s
H 2197  1855                     119.1432822   77.53600  34.9%   221  126s
  2205  1860   77.57679   28  395  119.14328   77.57679  34.9%   220  130s
H 2213  1772                     108.6205515   77.59034  28.6%   219  133s
  2215  1775   77.62874   27  427  108.62055   77.62874  28.5%   235  139s
  2217  1777   77.66611   28  426  108.62055   77.66611  28.5%   235  145s
  2270  1823   77.71588   33  336  108.62055   77.71588  28.5%   238  150s
H 2302  1755                     107.0982242   77.76705  27.4%   239  151s
H 2305  1669                     104.9451163   77.76895  25.9%   238  151s
H 2316  1584                      94.1197503   77.76946  17.4%   239  152s
H 2345  1545                      93.4849835   77.77653  16.8%   239  154s
H 2392  1500                      93.3750576   77.78206  16.7%   240  159s
H 2392  1431                      92.7453242   77.78206  16.1%   240  159s
H 2393  1366                      82.6412196   77.78206  5.88%   240  159s
H 2400  1300                      81.4033199   77.78329  4.45%   240  159s
  2408  1327   77.78685   40  369   81.40332   77.78502  4.44%   241  161s
H 2445  1283                      81.3307577   77.79521  4.35%   240  162s
H 2450  1226                      81.3044042   77.85291  4.25%   240  162s
H 2452  1172                      79.0748302   77.85470  1.54%   240  162s
H 2455  1120                      78.8541758   77.85701  1.26%   240  162s
  2565  1201   77.93478   47  309   78.85418   77.88678  1.23%   241  165s
  2708  1327   77.97032   44  291   78.85418   77.92753  1.18%   240  171s
  2891  1465   78.03507   44  371   78.85418   77.94844  1.15%   239  175s
  3210  1683   78.02356   43  320   78.85418   77.97866  1.11%   240  182s
  3468  1950   77.99218   48  286   78.85418   77.99218  1.09%   240  185s
H 3553  1872                      78.8209099   78.00002  1.04%   240  185s
  4146  2445   78.07693   47  246   78.82091   78.02322  1.01%   239  190s
H 4727  2448                      78.5506844   78.04108  0.65%   233  194s
  4809  2804   78.11385   46  248   78.55068   78.04225  0.65%   232  195s
H 5299  3038                      78.5169615   78.05322  0.59%   226  198s
H 5386  2940                      78.4624200   78.05544  0.52%   226  198s
  5501  3152   78.34912   47  250   78.46242   78.05728  0.52%   226  200s
H 5727  3520                      78.4435496   78.06109  0.49%   225  201s

Cutting planes:
  Gomory: 148
  Lift-and-project: 3
  Cover: 41
  Implied bound: 142
  Projected implied bound: 36
  Clique: 1
  MIR: 557
  StrongCG: 2
  Flow cover: 1171
  GUB cover: 2
  Zero half: 2
  RLT: 55
  Relax-and-lift: 43

Explored 6168 nodes (1422951 simplex iterations) in 201.75 seconds (255.07 work units)
Thread count was 32 (of 32 available processors)

Solution count 10: 78.4435 78.4624 78.517 ... 81.4033

Optimal solution found (tolerance 5.00e-03)
Best objective 7.844354957459e+01, best bound 7.806893704402e+01, gap 0.4776%

Gurobi 9.5.2 (linux64) logging started Wed Jul 29 18:14:28 2026

Set parameter LogFile to value "logs/oracle_RmediumCfewTtight_3_gurobi.log"
Gurobi Optimizer version 9.5.2 build v9.5.2rc0 (linux64)
Thread count: 16 physical cores, 32 logical processors, using up to 32 threads
Optimize a model with 5847 rows, 3148 columns and 77074 nonzeros
Model fingerprint: 0xc5eaa24e
Variable types: 1992 continuous, 1156 integer (1156 binary)
Coefficient statistics:
  Matrix range     [5e-02, 1e+03]
  Objective range  [1e+00, 1e+00]
  Bounds range     [1e+00, 4e+01]
  RHS range        [2e-01, 5e+02]

User MIP start produced solution with objective 86.313 (0.01s)
Loaded user MIP start with objective 86.313

Presolve removed 1941 rows and 671 columns
Presolve time: 0.25s
Presolved: 3906 rows, 2477 columns, 67163 nonzeros
Variable types: 1477 continuous, 1000 integer (1000 binary)
Found heuristic solution: objective 85.3130148
Root relaxation presolve removed 156 rows and 41 columns
Root relaxation presolved: 3750 rows, 2436 columns, 37561 nonzeros


Root relaxation: objective 7.561006e+01, 3052 iterations, 0.26 seconds (0.46 work units)

    Nodes    |    Current Node    |     Objective Bounds      |     Work
 Expl Unexpl |  Obj  Depth IntInf | Incumbent    BestBd   Gap | It/Node Time

     0     0   75.61006    0  123   85.31301   75.61006  11.4%     -    0s
     0     0   77.33326    0  162   85.31301   77.33326  9.35%     -    0s
     0     0   77.33326    0  163   85.31301   77.33326  9.35%     -    0s
     0     0   78.19200    0  178   85.31301   78.19200  8.35%     -    1s
     0     0   78.24826    0  167   85.31301   78.24826  8.28%     -    1s
     0     0   78.26086    0  176   85.31301   78.26086  8.27%     -    1s
     0     0   78.26352    0  174   85.31301   78.26352  8.26%     -    1s
     0     0   78.26366    0  176   85.31301   78.26366  8.26%     -    1s
     0     0   78.51519    0  142   85.31301   78.51519  7.97%     -    1s
     0     0   78.52855    0  134   85.31301   78.52855  7.95%     -    1s
     0     0   78.53387    0  159   85.31301   78.53387  7.95%     -    1s
     0     0   78.53404    0  160   85.31301   78.53404  7.95%     -    1s
     0     0   78.64280    0  109   85.31301   78.64280  7.82%     -    1s
     0     0   78.65380    0  159   85.31301   78.65380  7.81%     -    1s
     0     0   78.65424    0  165   85.31301   78.65424  7.81%     -    1s
     0     0   78.65941    0  194   85.31301   78.65941  7.80%     -    2s
     0     0   78.66477    0  172   85.31301   78.66477  7.79%     -    2s
     0     0   78.66893    0  181   85.31301   78.66893  7.79%     -    2s
     0     0   78.67016    0  185   85.31301   78.67016  7.79%     -    2s
     0     0   78.67167    0  185   85.31301   78.67167  7.78%     -    2s
     0     0   78.67172    0  186   85.31301   78.67172  7.78%     -    2s
     0     0   78.69430    0  154   85.31301   78.69430  7.76%     -    2s
     0     0   78.69941    0  174   85.31301   78.69941  7.75%     -    2s
     0     0   78.70011    0  177   85.31301   78.70011  7.75%     -    2s
     0     0   78.70100    0  184   85.31301   78.70100  7.75%     -    2s
     0     0   78.70177    0  184   85.31301   78.70177  7.75%     -    2s
     0     0   78.72093    0  150   85.31301   78.72093  7.73%     -    2s
     0     0   78.72971    0  151   85.31301   78.72971  7.72%     -    2s
     0     0   78.73013    0  121   85.31301   78.73013  7.72%     -    2s
     0     0   78.73356    0  132   85.31301   78.73356  7.71%     -    3s
     0     0   78.73687    0  198   85.31301   78.73687  7.71%     -    3s
     0     0   78.73756    0  176   85.31301   78.73756  7.71%     -    3s
     0     0   78.73808    0  198   85.31301   78.73808  7.71%     -    3s
     0     0   78.74770    0  180   85.31301   78.74770  7.70%     -    3s
     0     0   78.75091    0  177   85.31301   78.75091  7.69%     -    3s
     0     0   78.75157    0  165   85.31301   78.75157  7.69%     -    3s
     0     0   78.75349    0  177   85.31301   78.75349  7.69%     -    3s
     0     0   78.75368    0  198   85.31301   78.75368  7.69%     -    3s
H    0     0                      83.7184091   78.75368  5.93%     -    3s
H    0     0                      82.9920413   78.75368  5.11%     -    3s
H    0     0                      82.9323417   78.75368  5.04%     -    3s
H    0     0                      82.9225065   78.75368  5.03%     -    3s
     0     0   78.78974    0  197   82.92251   78.78974  4.98%     -    4s
     0     0   78.82512    0  210   82.92251   78.82512  4.94%     -    4s
     0     0   78.83258    0  175   82.92251   78.83258  4.93%     -    4s
     0     0   78.83461    0  181   82.92251   78.83461  4.93%     -    4s
     0     0   78.83467    0  203   82.92251   78.83467  4.93%     -    4s
H    0     0                      82.9124933   78.83467  4.92%     -    4s
     0     0   78.84243    0  214   82.91249   78.84243  4.91%     -    4s
H    0     0                      80.1296589   78.84243  1.61%     -    4s
     0     0   78.84266    0  212   80.12966   78.84266  1.61%     -    4s
     0     0   78.85432    0  178   80.12966   78.85432  1.59%     -    4s
H    0     0                      79.9357206   78.85432  1.35%     -    4s
H    0     0                      79.8657794   78.85871  1.26%     -    4s
     0     0   78.85871    0  185   79.86578   78.85871  1.26%     -    4s
     0     0   78.86151    0  184   79.86578   78.86151  1.26%     -    4s
     0     0   78.86157    0  186   79.86578   78.86157  1.26%     -    4s
     0     0   78.86161    0  186   79.86578   78.86161  1.26%     -    4s
     0     0   78.86161    0  185   79.86578   78.86161  1.26%     -    4s
     0     0   78.86161    0  187   79.86578   78.86161  1.26%     -    5s
     0     0   78.86161    0  160   79.86578   78.86161  1.26%     -    5s
H    0     0                      79.7209130   78.86161  1.08%     -    5s
     0     0   78.86161    0   54   79.72091   78.86161  1.08%     -    5s
     0     0   78.86161    0  174   79.72091   78.86161  1.08%     -    5s
     0     0   78.86161    0  154   79.72091   78.86161  1.08%     -    6s
     0     0   78.86161    0  153   79.72091   78.86161  1.08%     -    6s
     0     0   78.86445    0  155   79.72091   78.86445  1.07%     -    6s
     0     0   78.86769    0  164   79.72091   78.86769  1.07%     -    6s
     0     0   78.86769    0  165   79.72091   78.86769  1.07%     -    6s
     0     0   78.86983    0  170   79.72091   78.86983  1.07%     -    6s
     0     0   78.87066    0  172   79.72091   78.87066  1.07%     -    6s
     0     0   78.87367    0  165   79.72091   78.87367  1.06%     -    6s
     0     0   78.87390    0  168   79.72091   78.87390  1.06%     -    6s
     0     0   78.89121    0  163   79.72091   78.89121  1.04%     -    7s
     0     0   78.89924    0  162   79.72091   78.89924  1.03%     -    7s
     0     0   78.89953    0  173   79.72091   78.89953  1.03%     -    7s
     0     0   78.91171    0  142   79.72091   78.91171  1.02%     -    7s
     0     0   78.91281    0  147   79.72091   78.91281  1.01%     -    7s
     0     0   78.91448    0  143   79.72091   78.91448  1.01%     -    7s
     0     0   78.91448    0  145   79.72091   78.91448  1.01%     -    7s
     0     0   78.91645    0  146   79.72091   78.91645  1.01%     -    7s
     0     0   78.91650    0  136   79.72091   78.91650  1.01%     -    8s
     0     0   78.91650    0  135   79.72091   78.91650  1.01%     -    8s
H    0     0                      79.3263478   78.91650  0.52%     -    8s
H    0     0                      79.0904698   78.91650  0.22%     -    8s

Cutting planes:
  Learned: 2
  Gomory: 6
  Lift-and-project: 25
  Cover: 31
  Implied bound: 20
  Clique: 2
  MIR: 50
  Flow cover: 342
  Inf proof: 1
  Zero half: 4
  RLT: 8
  Relax-and-lift: 1

Explored 1 nodes (14097 simplex iterations) in 8.16 seconds (9.91 work units)
Thread count was 32 (of 32 available processors)

Solution count 10: 79.0905 79.3263 79.7209 ... 82.992

Optimal solution found (tolerance 5.00e-03)
Best objective 7.909046980620e+01, best bound 7.891649759211e+01, gap 0.2200%

Gurobi 9.5.2 (linux64) logging started Wed Jul 29 18:57:03 2026

Set parameter LogFile to value "logs/oracle_RmediumCfewTtight_3_gurobi.log"
Gurobi Optimizer version 9.5.2 build v9.5.2rc0 (linux64)
Thread count: 16 physical cores, 32 logical processors, using up to 32 threads
Optimize a model with 7488 rows, 4216 columns and 86619 nonzeros
Model fingerprint: 0x6811d763
Variable types: 2557 continuous, 1659 integer (1659 binary)
Coefficient statistics:
  Matrix range     [3e-02, 1e+03]
  Objective range  [1e+00, 1e+00]
  Bounds range     [1e+00, 4e+01]
  RHS range        [6e-03, 5e+02]

User MIP start did not produce a new incumbent solution

Presolve removed 1983 rows and 728 columns
Presolve time: 1.15s
Presolved: 5505 rows, 3488 columns, 72806 nonzeros
Variable types: 2088 continuous, 1400 integer (1400 binary)
Root relaxation presolve removed 278 rows and 160 columns
Root relaxation presolved: 5227 rows, 3328 columns, 42969 nonzeros

Extra simplex iterations after uncrush: 9

Root relaxation: objective 7.070680e+01, 6274 iterations, 1.52 seconds (0.55 work units)
Another try with MIP start

    Nodes    |    Current Node    |     Objective Bounds      |     Work
 Expl Unexpl |  Obj  Depth IntInf | Incumbent    BestBd   Gap | It/Node Time

     0     0   70.70680    0  377          -   70.70680      -     -    3s
     0     0   70.82703    0  555          -   70.82703      -     -    6s
     0     0   70.91697    0  577          -   70.91697      -     -    6s
     0     0   71.15275    0  574          -   71.15275      -     -    9s
     0     0   71.16838    0  599          -   71.16838      -     -    9s
     0     0   71.17098    0  608          -   71.17098      -     -   10s
     0     0   71.17208    0  595          -   71.17208      -     -   10s
     0     0   71.17210    0  627          -   71.17210      -     -   10s
     0     0   71.36848    0  595          -   71.36848      -     -   13s
     0     0   71.38546    0  604          -   71.38546      -     -   14s
     0     0   71.38955    0  622          -   71.38955      -     -   14s
     0     0   71.38968    0  616          -   71.38968      -     -   14s
     0     0   71.54114    0  592          -   71.54114      -     -   16s
     0     0   71.54731    0  615          -   71.54731      -     -   17s
     0     0   71.54815    0  624          -   71.54815      -     -   17s
     0     0   71.54848    0  620          -   71.54848      -     -   17s
     0     0   71.54851    0  622          -   71.54851      -     -   17s
     0     0   71.64846    0  606          -   71.64846      -     -   20s
     0     0   71.66139    0  606          -   71.66139      -     -   20s
     0     0   71.66295    0  616          -   71.66295      -     -   20s
     0     0   71.66319    0  617          -   71.66319      -     -   21s
     0     0   71.80833    0  628          -   71.80833      -     -   24s
     0     0   71.84639    0  633          -   71.84639      -     -   24s
     0     0   71.85352    0  630          -   71.85352      -     -   24s
     0     0   71.85393    0  640          -   71.85393      -     -   24s
     0     0   71.85397    0  636          -   71.85397      -     -   24s
     0     0   72.12656    0  592          -   72.12656      -     -   28s
     0     0   72.16819    0  558          -   72.16819      -     -   29s
     0     0   72.17967    0  581          -   72.17967      -     -   29s
     0     0   72.18158    0  616          -   72.18158      -     -   29s
     0     0   72.18190    0  624          -   72.18190      -     -   30s
     0     0   72.31119    0  575          -   72.31119      -     -   32s
     0     0   72.33037    0  593          -   72.33037      -     -   32s
     0     0   72.33244    0  591          -   72.33244      -     -   32s
     0     0   72.33341    0  593          -   72.33341      -     -   32s
     0     0   72.33341    0  594          -   72.33341      -     -   32s
     0     0   72.44994    0  564          -   72.44994      -     -   34s
     0     0   72.47058    0  593          -   72.47058      -     -   34s
     0     0   72.47364    0  622          -   72.47364      -     -   34s
     0     0   72.47454    0  630          -   72.47454      -     -   34s
     0     0   72.47459    0  625          -   72.47459      -     -   34s
     0     0   72.65853    0  597          -   72.65853      -     -   36s
     0     0   72.69470    0  613          -   72.69470      -     -   37s
     0     0   72.69963    0  608          -   72.69963      -     -   37s
     0     0   72.69982    0  611          -   72.69982      -     -   37s
     0     0   72.91372    0  598          -   72.91372      -     -   39s
     0     0   72.93679    0  613          -   72.93679      -     -   39s
     0     0   72.94065    0  612          -   72.94065      -     -   39s
     0     0   72.94186    0  618          -   72.94186      -     -   39s
     0     0   72.94186    0  620          -   72.94186      -     -   40s
     0     0   73.16400    0  610          -   73.16400      -     -   43s
     0     0   73.21141    0  634          -   73.21141      -     -   43s
     0     0   73.21933    0  635          -   73.21933      -     -   43s
     0     0   73.22137    0  646          -   73.22137      -     -   44s
     0     0   73.22151    0  650          -   73.22151      -     -   44s
     0     0   73.44832    0  578          -   73.44832      -     -   46s
     0     0   73.47843    0  598          -   73.47843      -     -   46s
     0     0   73.48206    0  584          -   73.48206      -     -   46s
     0     0   73.48340    0  585          -   73.48340      -     -   46s
     0     0   73.48341    0  589          -   73.48341      -     -   46s
     0     0   73.61861    0  592          -   73.61861      -     -   49s
     0     0   73.64542    0  587          -   73.64542      -     -   49s
     0     0   73.64995    0  592          -   73.64995      -     -   49s
     0     0   73.65087    0  596          -   73.65087      -     -   49s
     0     0   73.86309    0  568          -   73.86309      -     -   51s
     0     0   73.91516    0  584          -   73.91516      -     -   52s
     0     0   73.92201    0  592          -   73.92201      -     -   52s
     0     0   73.92277    0  589          -   73.92277      -     -   52s
     0     0   74.13053    0  564          -   74.13053      -     -   54s
     0     0   74.16920    0  593          -   74.16920      -     -   54s
     0     0   74.17567    0  579          -   74.17567      -     -   54s
     0     0   74.17587    0  591          -   74.17587      -     -   54s
     0     0   74.29701    0  562          -   74.29701      -     -   57s
     0     0   74.31072    0  602          -   74.31072      -     -   57s
     0     0   74.31127    0  599          -   74.31127      -     -   58s
     0     0   74.42266    0  551          -   74.42266      -     -   59s
     0     0   74.43391    0  552          -   74.43391      -     -   60s
     0     0   74.43569    0  565          -   74.43569      -     -   60s
     0     0   74.43577    0  564          -   74.43577      -     -   60s
     0     0   74.48816    0  567          -   74.48816      -     -   63s
     0     0   74.49492    0  559          -   74.49492      -     -   63s
     0     0   74.49681    0  594          -   74.49681      -     -   63s
     0     0   74.49698    0  583          -   74.49698      -     -   63s
     0     0   74.56700    0  553          -   74.56700      -     -   66s
     0     0   74.58243    0  571          -   74.58243      -     -   67s
     0     0   74.58354    0  580          -   74.58354      -     -   67s
     0     0   74.67525    0  557          -   74.67525      -     -   69s
     0     0   74.69730    0  555          -   74.69730      -     -   70s
     0     0   74.70096    0  568          -   74.70096      -     -   70s
     0     0   74.70249    0  566          -   74.70249      -     -   70s
     0     0   74.78545    0  566          -   74.78545      -     -   73s
     0     0   74.80323    0  588          -   74.80323      -     -   73s
     0     0   74.80432    0  579          -   74.80432      -     -   73s
     0     0   74.89271    0  569          -   74.89271      -     -   78s
     0     0   74.90510    0  593          -   74.90510      -     -   79s
     0     0   74.90610    0  603          -   74.90610      -     -   79s
     0     0   74.95968    0  567          -   74.95968      -     -   82s
     0     0   74.97091    0  574          -   74.97091      -     -   83s
     0     0   74.97476    0  573          -   74.97476      -     -   83s
     0     0   74.97627    0  590          -   74.97627      -     -   83s
     0     0   75.12854    0  557          -   75.12854      -     -   86s
     0     0   75.15093    0  566          -   75.15093      -     -   86s
     0     0   75.15302    0  576          -   75.15302      -     -   86s
     0     0   75.15343    0  580          -   75.15343      -     -   86s
     0     0   75.24414    0  539          -   75.24414      -     -   89s
     0     0   75.27072    0  575          -   75.27072      -     -   90s
     0     0   75.27400    0  570          -   75.27400      -     -   90s
     0     0   75.27534    0  568          -   75.27534      -     -   90s
     0     0   75.33626    0  591          -   75.33626      -     -   93s
     0     0   75.35727    0  582          -   75.35727      -     -   94s
     0     0   75.36248    0  590          -   75.36248      -     -   94s
     0     0   75.36308    0  590          -   75.36308      -     -   94s
     0     0   75.40818    0  574          -   75.40818      -     -   96s
     0     0   75.41718    0  585          -   75.41718      -     -   96s
     0     0   75.41780    0  592          -   75.41780      -     -   97s
     0     0   75.51722    0  582          -   75.51722      -     -   98s
     0     0   75.54029    0  608          -   75.54029      -     -   99s
     0     0   75.54419    0  601          -   75.54419      -     -   99s
     0     0   75.54457    0  590          -   75.54457      -     -   99s
     0     0   75.61267    0  589          -   75.61267      -     -   99s
     0     0   75.62287    0  604          -   75.62287      -     -  100s
     0     0   75.62569    0  595          -   75.62569      -     -  100s
     0     0   75.62582    0  592          -   75.62582      -     -  100s
     0     0   75.72416    0  554          -   75.72416      -     -  103s
     0     0   75.74024    0  578          -   75.74024      -     -  103s
     0     0   75.74210    0  600          -   75.74210      -     -  103s
     0     0   75.80513    0  582          -   75.80513      -     -  105s
     0     0   75.81359    0  565          -   75.81359      -     -  105s
     0     0   75.81463    0  576          -   75.81463      -     -  105s
     0     0   75.86803    0  574          -   75.86803      -     -  106s
     0     0   75.87360    0  579          -   75.87360      -     -  107s
     0     0   75.87452    0  584          -   75.87452      -     -  107s
     0     0   75.93286    0  561          -   75.93286      -     -  109s
     0     0   75.94515    0  588          -   75.94515      -     -  109s
     0     0   75.94758    0  598          -   75.94758      -     -  109s
     0     0   75.94771    0  601          -   75.94771      -     -  109s
     0     0   76.00557    0  575          -   76.00557      -     -  110s
     0     0   76.01640    0  572          -   76.01640      -     -  111s
     0     0   76.01710    0  576          -   76.01710      -     -  111s
     0     0   76.05862    0  556          -   76.05862      -     -  112s
     0     0   76.07821    0  573          -   76.07821      -     -  112s
     0     0   76.08215    0  579          -   76.08215      -     -  112s
     0     0   76.08274    0  591          -   76.08274      -     -  112s
     0     0   76.13234    0  556          -   76.13234      -     -  113s
     0     0   76.14725    0  541          -   76.14725      -     -  113s
     0     0   76.14768    0  544          -   76.14768      -     -  113s
     0     0   76.17854    0  586          -   76.17854      -     -  115s
     0     0   76.18784    0  616          -   76.18784      -     -  116s
     0     0   76.19007    0  588          -   76.19007      -     -  116s
     0     0   76.21868    0  536          -   76.21868      -     -  117s
     0     0   76.22198    0  614          -   76.22198      -     -  117s
     0     0   76.22252    0  630          -   76.22252      -     -  117s
     0     0   76.26876    0  612          -   76.26876      -     -  119s
     0     0   76.27165    0  570          -   76.27165      -     -  119s
     0     0   76.27240    0  608          -   76.27240      -     -  119s
     0     0   76.29762    0  518          -   76.29762      -     -  122s
     0     0   76.30140    0  546          -   76.30140      -     -  122s
     0     0   76.30147    0  568          -   76.30147      -     -  122s
     0     0   76.30827    0  541          -   76.30827      -     -  124s
     0     0   76.30827    0  475          -   76.30827      -     -  125s
     0     2   76.30827    0  469          -   76.30827      -     -  127s
   114   136   76.33743   10  483          -   76.33743      -   151  130s
   287   307   76.38162   21  500          -   76.37648      -   248  135s
   421   439   76.43742   31  503          -   76.43742      -   298  140s
   594   637   76.56980   27  454          -   76.47506      -   306  145s
   884   960   76.49050   53  569          -   76.48800      -   270  150s
  1210  1315   82.02661   19  491          -   76.49795      -   253  155s
  1726  1929   76.73500   13  482          -   76.50718      -   217  160s
  2095  2095   77.17043   30  118          -   76.50976      -   199  166s
  2096  2096   76.83443   39  136          -   76.50976      -   199  170s
  2098  2097   79.24759   29  515          -   76.50976      -   199  182s
  2103  2101   83.26014   21  552          -   76.50976      -   198  185s
  2104  2101   76.71202   26  493          -   76.71202      -   198  191s
  2109  2105   81.39711   27  437          -   76.87373      -   198  199s
  2113  2107   76.89002   20  467          -   76.89002      -   197  202s
  2117  2110   77.01179   31  519          -   77.01179      -   197  205s
  2118  2111   77.04680   16  457          -   77.04680      -   197  210s
  2122  2113   77.34742   21  461          -   77.11310      -   196  217s
  2125  2115   81.10224   23  445          -   77.15846      -   196  225s
  2130  2119   90.76812   23  478          -   77.19110      -   196  236s
  2133  2121   77.20120   27  516          -   77.20120      -   195  240s
  2134  2121   77.43566   26  444          -   77.23934      -   195  245s
  2138  2124   78.28165    5  521          -   77.28104      -   195  255s
  2141  2126   77.32038   23  498          -   77.32038      -   195  264s
  2143  2127   77.32547   25  533          -   77.32547      -   194  268s
  2144  2128   80.25868   31  514          -   77.33513      -   194  271s
  2147  2130   80.37321   36  489          -   77.36094      -   194  276s
  2150  2132   82.14149   48  485          -   77.37821      -   194  281s
  2152  2133   90.16704   23  480          -   77.38853      -   194  286s
  2160  2139   77.40983   26  532          -   77.40983      -   193  290s
  2167  2143   77.62174    8  416          -   77.45949      -   192  297s
  2170  2145   77.47061   35  383          -   77.47061      -   192  300s
H 2175  2040                     487.0213456   77.47527  84.1%   192  305s
  2182  2046   82.08474   27  119  487.02135   77.47527  84.1%   222  313s
  2183  2047   81.29132   25  325  487.02135   77.47527  84.1%   222  315s
  2184  2047   77.47527   24  327  487.02135   77.47527  84.1%   222  323s
H 2188  1947                     120.3563226   77.47771  35.6%   221  325s
  2190  1948   77.48671   19  388  120.35632   77.48671  35.6%   221  330s
  2193  1950   77.51865   27  375  120.35632   77.51865  35.6%   221  335s
H 2197  1855                     119.1432822   77.53600  34.9%   221  341s
  2201  1858   77.55608   29  406  119.14328   77.55608  34.9%   220  346s
  2204  1860   77.56372   26  412  119.14328   77.56372  34.9%   220  351s
  2208  1862   80.76024   29  413  119.14328   77.58468  34.9%   219  355s
  2212  1865   77.59034   21  403  119.14328   77.59034  34.9%   219  361s
H 2213  1772                     108.6205515   77.59034  28.6%   219  364s
  2214  1772   77.62874   43  391  108.62055   77.62874  28.5%   219  366s
  2215  1775   77.62874   27  427  108.62055   77.62874  28.5%   235  380s
  2217  1777   77.66611   28  426  108.62055   77.66611  28.5%   235  394s
  2220  1782   77.71170   29  429  108.62055   77.71170  28.5%   235  395s
  2238  1804   77.71578   31  385  108.62055   77.71578  28.5%   236  400s
  2270  1823   77.71588   33  336  108.62055   77.71588  28.5%   238  405s
H 2302  1755                     107.0982242   77.76705  27.4%   239  407s
H 2305  1669                     104.9451163   77.76895  25.9%   238  407s
H 2316  1584                      94.1197503   77.76946  17.4%   239  407s
  2318  1611   77.78590   36  320   94.11975   77.77042  17.4%   239  410s
H 2345  1545                      93.4849835   77.77653  16.8%   239  412s
H 2392  1500                      93.3750576   77.78206  16.7%   240  426s
H 2392  1431                      92.7453242   77.78206  16.1%   240  426s
H 2393  1366                      82.6412196   77.78206  5.88%   240  426s
H 2400  1300                      81.4033199   77.78329  4.45%   240  426s
  2426  1321   77.90494   41  291   81.40332   77.79521  4.43%   240  430s
H 2445  1283                      81.3307577   77.79521  4.35%   240  431s
H 2450  1226                      81.3044042   77.85291  4.25%   240  431s
H 2452  1172                      79.0748302   77.85470  1.54%   240  431s
H 2455  1120                      78.8541758   77.85701  1.26%   240  431s
  2473  1145   78.08633   43  305   78.85418   77.87180  1.25%   240  435s
  2565  1201   77.93478   47  309   78.85418   77.88678  1.23%   241  442s
  2614  1201   77.91410   46  295   78.85418   77.90811  1.20%   240  446s
  2630  1274   78.01261   47  305   78.85418   77.91633  1.19%   241  453s
  2708  1327   77.97032   44  291   78.85418   77.92753  1.18%   240  463s
  2787  1404   78.05044   47  307   78.85418   77.93682  1.16%   239  471s
  2891  1465   78.03507   44  371   78.85418   77.94844  1.15%   239  479s
  2986  1544   78.05142   43  329   78.85418   77.95862  1.14%   240  487s
  3099  1617   77.99760   46  341   78.85418   77.96658  1.13%   240  492s
  3210  1683   78.02356   43  320   78.85418   77.97866  1.11%   240  499s
  3318  1795   78.03439   47  290   78.85418   77.98523  1.10%   241  505s
H 3553  1872                      78.8209099   78.00002  1.04%   240  507s
  3679  1962   78.05624   49  244   78.82091   78.00518  1.03%   239  511s
  3814  2058   78.12715   40  365   78.82091   78.01409  1.02%   240  515s
  4146  2445   78.07693   47  246   78.82091   78.02322  1.01%   239  521s
  4460  2516   78.11435   44  253   78.82091   78.02811  1.01%   234  525s
  4639  2624   78.05927   50  233   78.82091   78.03623  1.00%   234  530s
H 4727  2448                      78.5506844   78.04108  0.65%   233  530s
  5207  2880   78.11230   51  312   78.55068   78.04921  0.64%   227  535s
H 5299  3038                      78.5169615   78.05322  0.59%   226  538s
H 5386  2940                      78.4624200   78.05544  0.52%   226  538s
  5501  3152   78.34912   47  250   78.46242   78.05728  0.52%   226  545s
H 5727  3520                      78.4435496   78.06109  0.49%   225  547s

Cutting planes:
  Gomory: 148
  Lift-and-project: 3
  Cover: 41
  Implied bound: 142
  Projected implied bound: 36
  Clique: 1
  MIR: 557
  StrongCG: 2
  Flow cover: 1171
  GUB cover: 2
  Zero half: 2
  RLT: 55
  Relax-and-lift: 43

Explored 6168 nodes (1422951 simplex iterations) in 547.82 seconds (255.07 work units)
Thread count was 32 (of 32 available processors)

Solution count 10: 78.4435 78.4624 78.517 ... 81.4033

Optimal solution found (tolerance 5.00e-03)
Best objective 7.844354957459e+01, best bound 7.806893704402e+01, gap 0.4776%

Gurobi 9.5.2 (linux64) logging started Wed Jul 29 21:25:23 2026

Set parameter LogFile to value "logs/oracle_RmediumCfewTtight_3_gurobi.log"
Gurobi Optimizer version 9.5.2 build v9.5.2rc0 (linux64)
Thread count: 16 physical cores, 32 logical processors, using up to 32 threads
Optimize a model with 5847 rows, 3148 columns and 77074 nonzeros
Model fingerprint: 0xc5eaa24e
Variable types: 1992 continuous, 1156 integer (1156 binary)
Coefficient statistics:
  Matrix range     [5e-02, 1e+03]
  Objective range  [1e+00, 1e+00]
  Bounds range     [1e+00, 4e+01]
  RHS range        [2e-01, 5e+02]

User MIP start produced solution with objective 86.313 (0.02s)
Loaded user MIP start with objective 86.313

Presolve removed 1941 rows and 671 columns
Presolve time: 0.30s
Presolved: 3906 rows, 2477 columns, 67163 nonzeros
Variable types: 1477 continuous, 1000 integer (1000 binary)
Found heuristic solution: objective 85.3130148
Root relaxation presolve removed 156 rows and 41 columns
Root relaxation presolved: 3750 rows, 2436 columns, 37561 nonzeros


Root relaxation: objective 7.561006e+01, 3052 iterations, 0.43 seconds (0.46 work units)

    Nodes    |    Current Node    |     Objective Bounds      |     Work
 Expl Unexpl |  Obj  Depth IntInf | Incumbent    BestBd   Gap | It/Node Time

     0     0   75.61006    0  123   85.31301   75.61006  11.4%     -    0s
     0     0   77.33326    0  162   85.31301   77.33326  9.35%     -    1s
     0     0   77.33326    0  163   85.31301   77.33326  9.35%     -    1s
     0     0   78.19200    0  178   85.31301   78.19200  8.35%     -    2s
     0     0   78.24826    0  167   85.31301   78.24826  8.28%     -    2s
     0     0   78.26086    0  176   85.31301   78.26086  8.27%     -    2s
     0     0   78.26352    0  174   85.31301   78.26352  8.26%     -    2s
     0     0   78.26366    0  176   85.31301   78.26366  8.26%     -    2s
     0     0   78.51519    0  142   85.31301   78.51519  7.97%     -    2s
     0     0   78.52855    0  134   85.31301   78.52855  7.95%     -    2s
     0     0   78.53387    0  159   85.31301   78.53387  7.95%     -    2s
     0     0   78.53404    0  160   85.31301   78.53404  7.95%     -    2s
     0     0   78.64280    0  109   85.31301   78.64280  7.82%     -    3s
     0     0   78.65380    0  159   85.31301   78.65380  7.81%     -    3s
     0     0   78.65424    0  165   85.31301   78.65424  7.81%     -    3s
     0     0   78.65941    0  194   85.31301   78.65941  7.80%     -    3s
     0     0   78.66477    0  172   85.31301   78.66477  7.79%     -    3s
     0     0   78.66893    0  181   85.31301   78.66893  7.79%     -    3s
     0     0   78.67016    0  185   85.31301   78.67016  7.79%     -    3s
     0     0   78.67167    0  185   85.31301   78.67167  7.78%     -    3s
     0     0   78.67172    0  186   85.31301   78.67172  7.78%     -    3s
     0     0   78.69430    0  154   85.31301   78.69430  7.76%     -    4s
     0     0   78.69941    0  174   85.31301   78.69941  7.75%     -    4s
     0     0   78.70011    0  177   85.31301   78.70011  7.75%     -    4s
     0     0   78.70100    0  184   85.31301   78.70100  7.75%     -    4s
     0     0   78.70177    0  184   85.31301   78.70177  7.75%     -    4s
     0     0   78.72093    0  150   85.31301   78.72093  7.73%     -    4s
     0     0   78.72971    0  151   85.31301   78.72971  7.72%     -    4s
     0     0   78.73013    0  121   85.31301   78.73013  7.72%     -    4s
     0     0   78.73356    0  132   85.31301   78.73356  7.71%     -    5s
     0     0   78.73687    0  198   85.31301   78.73687  7.71%     -    5s
     0     0   78.73756    0  176   85.31301   78.73756  7.71%     -    5s
     0     0   78.73808    0  198   85.31301   78.73808  7.71%     -    5s
     0     0   78.74770    0  180   85.31301   78.74770  7.70%     -    5s
     0     0   78.75091    0  177   85.31301   78.75091  7.69%     -    5s
     0     0   78.75157    0  165   85.31301   78.75157  7.69%     -    5s
     0     0   78.75349    0  177   85.31301   78.75349  7.69%     -    6s
     0     0   78.75368    0  198   85.31301   78.75368  7.69%     -    6s
H    0     0                      83.7184091   78.75368  5.93%     -    6s
H    0     0                      82.9920413   78.75368  5.11%     -    6s
H    0     0                      82.9323417   78.75368  5.04%     -    6s
H    0     0                      82.9225065   78.75368  5.03%     -    6s
     0     0   78.78974    0  197   82.92251   78.78974  4.98%     -    6s
     0     0   78.82512    0  210   82.92251   78.82512  4.94%     -    7s
     0     0   78.83258    0  175   82.92251   78.83258  4.93%     -    7s
     0     0   78.83461    0  181   82.92251   78.83461  4.93%     -    7s
     0     0   78.83467    0  203   82.92251   78.83467  4.93%     -    7s
H    0     0                      82.9124933   78.83467  4.92%     -    7s
     0     0   78.84243    0  214   82.91249   78.84243  4.91%     -    7s
H    0     0                      80.1296589   78.84243  1.61%     -    7s
     0     0   78.84266    0  212   80.12966   78.84266  1.61%     -    7s
     0     0   78.85432    0  178   80.12966   78.85432  1.59%     -    8s
H    0     0                      79.9357206   78.85432  1.35%     -    8s
H    0     0                      79.8657794   78.85871  1.26%     -    8s
     0     0   78.85871    0  185   79.86578   78.85871  1.26%     -    8s
     0     0   78.86151    0  184   79.86578   78.86151  1.26%     -    8s
     0     0   78.86157    0  186   79.86578   78.86157  1.26%     -    8s
     0     0   78.86161    0  186   79.86578   78.86161  1.26%     -    8s
     0     0   78.86161    0  185   79.86578   78.86161  1.26%     -    8s
     0     0   78.86161    0  187   79.86578   78.86161  1.26%     -    8s
     0     0   78.86161    0  160   79.86578   78.86161  1.26%     -    9s
H    0     0                      79.7209130   78.86161  1.08%     -    9s
     0     0   78.86161    0   54   79.72091   78.86161  1.08%     -   10s
     0     0   78.86161    0  174   79.72091   78.86161  1.08%     -   10s
     0     0   78.86161    0  154   79.72091   78.86161  1.08%     -   10s
     0     0   78.86161    0  153   79.72091   78.86161  1.08%     -   11s
     0     0   78.86445    0  155   79.72091   78.86445  1.07%     -   11s
     0     0   78.86769    0  164   79.72091   78.86769  1.07%     -   11s
     0     0   78.86769    0  165   79.72091   78.86769  1.07%     -   11s
     0     0   78.86983    0  170   79.72091   78.86983  1.07%     -   12s
     0     0   78.87066    0  172   79.72091   78.87066  1.07%     -   12s
     0     0   78.87367    0  165   79.72091   78.87367  1.06%     -   13s
     0     0   78.87390    0  168   79.72091   78.87390  1.06%     -   13s
     0     0   78.89121    0  163   79.72091   78.89121  1.04%     -   13s
     0     0   78.89924    0  162   79.72091   78.89924  1.03%     -   13s
     0     0   78.89953    0  173   79.72091   78.89953  1.03%     -   13s
     0     0   78.91171    0  142   79.72091   78.91171  1.02%     -   15s
     0     0   78.91281    0  147   79.72091   78.91281  1.01%     -   15s
     0     0   78.91448    0  143   79.72091   78.91448  1.01%     -   15s
     0     0   78.91448    0  145   79.72091   78.91448  1.01%     -   15s
     0     0   78.91645    0  146   79.72091   78.91645  1.01%     -   16s
     0     0   78.91650    0  136   79.72091   78.91650  1.01%     -   16s
     0     0   78.91650    0  135   79.72091   78.91650  1.01%     -   17s
H    0     0                      79.3263478   78.91650  0.52%     -   17s
H    0     0                      79.0904698   78.91650  0.22%     -   17s

Cutting planes:
  Learned: 2
  Gomory: 6
  Lift-and-project: 25
  Cover: 31
  Implied bound: 20
  Clique: 2
  MIR: 50
  Flow cover: 342
  Inf proof: 1
  Zero half: 4
  RLT: 8
  Relax-and-lift: 1

Explored 1 nodes (14097 simplex iterations) in 17.72 seconds (9.91 work units)
Thread count was 32 (of 32 available processors)

Solution count 10: 79.0905 79.3263 79.7209 ... 82.992

Optimal solution found (tolerance 5.00e-03)
Best objective 7.909046980620e+01, best bound 7.891649759211e+01, gap 0.2200%

Gurobi 9.5.2 (linux64) logging started Wed Jul 29 23:28:55 2026

Set parameter LogFile to value "logs/oracle_RmediumCfewTtight_3_gurobi.log"
Gurobi Optimizer version 9.5.2 build v9.5.2rc0 (linux64)
Thread count: 16 physical cores, 32 logical processors, using up to 32 threads
Optimize a model with 6428 rows, 3506 columns and 83841 nonzeros
Model fingerprint: 0xc3c637b6
Variable types: 2192 continuous, 1314 integer (1314 binary)
Coefficient statistics:
  Matrix range     [4e-02, 1e+03]
  Objective range  [1e+00, 1e+00]
  Bounds range     [1e+00, 4e+01]
  RHS range        [1e-01, 5e+02]

User MIP start did not produce a new incumbent solution

Presolve removed 1957 rows and 660 columns
Presolve time: 0.49s
Presolved: 4471 rows, 2846 columns, 73406 nonzeros
Variable types: 1695 continuous, 1151 integer (1151 binary)
Root relaxation presolve removed 200 rows and 77 columns
Root relaxation presolved: 4271 rows, 2769 columns, 41013 nonzeros

Extra simplex iterations after uncrush: 1

Root relaxation: objective 7.174691e+01, 4186 iterations, 0.62 seconds (0.60 work units)
Another try with MIP start

    Nodes    |    Current Node    |     Objective Bounds      |     Work
 Expl Unexpl |  Obj  Depth IntInf | Incumbent    BestBd   Gap | It/Node Time

H    0     0                      85.8915627   71.74691  16.5%     -    2s
     0     0   71.74691    0  366   85.89156   71.74691  16.5%     -    2s
     0     0   76.90297    0  247   85.89156   76.90297  10.5%     -    4s
     0     0   77.18362    0  279   85.89156   77.18362  10.1%     -    4s
     0     0   77.26034    0  285   85.89156   77.26034  10.0%     -    4s
     0     0   77.26288    0  295   85.89156   77.26288  10.0%     -    4s
     0     0   77.26301    0  278   85.89156   77.26301  10.0%     -    4s
     0     0   77.81628    0  238   85.89156   77.81628  9.40%     -    5s
     0     0   77.88144    0  278   85.89156   77.88144  9.33%     -    5s
     0     0   77.88345    0  278   85.89156   77.88345  9.32%     -    5s
     0     0   77.88476    0  275   85.89156   77.88476  9.32%     -    5s
     0     0   78.19914    0  301   85.89156   78.19914  8.96%     -    6s
     0     0   78.25158    0  303   85.89156   78.25158  8.89%     -    6s
     0     0   78.25249    0  309   85.89156   78.25249  8.89%     -    6s
     0     0   78.49817    0  310   85.89156   78.49817  8.61%     -    7s
     0     0   78.58706    0  306   85.89156   78.58706  8.50%     -    8s
     0     0   78.60551    0  305   85.89156   78.60551  8.48%     -    8s
     0     0   78.60998    0  308   85.89156   78.60998  8.48%     -    8s
     0     0   78.60998    0  308   85.89156   78.60998  8.48%     -    8s
     0     0   78.75832    0  308   85.89156   78.75832  8.30%     -    9s
     0     0   78.78650    0  330   85.89156   78.78650  8.27%     -    9s
     0     0   78.79119    0  328   85.89156   78.79119  8.27%     -    9s
     0     0   78.79143    0  332   85.89156   78.79143  8.27%     -    9s
     0     0   79.20442    0  325   85.89156   79.20442  7.79%     -   10s
     0     0   79.23733    0  336   85.89156   79.23733  7.75%     -   10s
     0     0   79.23976    0  356   85.89156   79.23976  7.74%     -   10s
     0     0   79.24026    0  354   85.89156   79.24026  7.74%     -   11s
     0     0   79.48517    0  321   85.89156   79.48517  7.46%     -   12s
     0     0   79.51217    0  291   85.89156   79.51217  7.43%     -   12s
     0     0   79.51734    0  286   85.89156   79.51734  7.42%     -   12s
     0     0   79.52058    0  306   85.89156   79.52058  7.42%     -   13s
     0     0   79.52112    0  307   85.89156   79.52112  7.42%     -   13s
     0     0   79.64743    0  295   85.89156   79.64743  7.27%     -   14s
     0     0   79.66291    0  295   85.89156   79.66291  7.25%     -   14s
     0     0   79.66721    0  298   85.89156   79.66721  7.25%     -   14s
     0     0   79.66784    0  298   85.89156   79.66784  7.25%     -   15s
     0     0   79.69970    0  291   85.89156   79.69970  7.21%     -   16s
     0     0   79.70683    0  289   85.89156   79.70683  7.20%     -   16s
     0     0   79.70853    0  293   85.89156   79.70853  7.20%     -   16s
     0     0   79.80895    0  280   85.89156   79.80895  7.08%     -   17s
     0     0   79.83462    0  299   85.89156   79.83462  7.05%     -   17s
     0     0   79.83575    0  284   85.89156   79.83575  7.05%     -   18s
     0     0   79.89490    0  262   85.89156   79.89490  6.98%     -   18s
     0     0   79.91807    0  276   85.89156   79.91807  6.95%     -   19s
     0     0   79.92154    0  279   85.89156   79.92154  6.95%     -   19s
     0     0   79.92169    0  283   85.89156   79.92169  6.95%     -   19s
     0     0   80.00753    0  267   85.89156   80.00753  6.85%     -   20s
     0     0   80.01630    0  273   85.89156   80.01630  6.84%     -   20s
     0     0   80.01915    0  285   85.89156   80.01915  6.84%     -   21s
     0     0   80.01955    0  295   85.89156   80.01955  6.84%     -   21s
     0     0   80.04420    0  297   85.89156   80.04420  6.81%     -   22s
     0     0   80.04867    0  315   85.89156   80.04867  6.80%     -   22s
     0     0   80.05172    0  306   85.89156   80.05172  6.80%     -   22s
     0     0   80.05196    0  324   85.89156   80.05196  6.80%     -   22s
     0     0   80.14153    0  326   85.89156   80.14153  6.69%     -   23s
     0     0   80.18427    0  316   85.89156   80.18427  6.64%     -   24s
     0     0   80.18859    0  310   85.89156   80.18859  6.64%     -   24s
     0     0   80.18945    0  320   85.89156   80.18945  6.64%     -   24s
     0     0   80.28122    0  310   85.89156   80.28122  6.53%     -   24s
     0     0   80.29114    0  315   85.89156   80.29114  6.52%     -   25s
     0     0   80.29425    0  307   85.89156   80.29425  6.52%     -   25s
     0     0   80.29468    0  308   85.89156   80.29468  6.52%     -   25s
     0     0   80.36403    0  292   85.89156   80.36403  6.44%     -   26s
     0     0   80.39894    0  321   85.89156   80.39894  6.39%     -   26s
     0     0   80.40805    0  336   85.89156   80.40805  6.38%     -   26s
     0     0   80.40922    0  346   85.89156   80.40922  6.38%     -   27s
     0     0   80.47673    0  286   85.89156   80.47673  6.30%     -   27s
     0     0   80.52494    0  277   85.89156   80.52494  6.25%     -   28s
     0     0   80.52903    0  291   85.89156   80.52903  6.24%     -   28s
     0     0   80.53010    0  290   85.89156   80.53010  6.24%     -   28s
     0     0   80.57041    0  289   85.89156   80.57041  6.20%     -   28s
     0     0   80.58158    0  297   85.89156   80.58158  6.18%     -   29s
     0     0   80.59113    0  299   85.89156   80.59113  6.17%     -   29s
     0     0   80.59233    0  304   85.89156   80.59233  6.17%     -   29s
     0     0   80.63567    0  291   85.89156   80.63567  6.12%     -   29s
     0     0   80.64582    0  307   85.89156   80.64582  6.11%     -   30s
     0     0   80.64698    0  311   85.89156   80.64698  6.11%     -   30s
     0     0   80.67313    0  308   85.89156   80.67313  6.08%     -   31s
H    0     0                      85.8296937   80.67313  6.01%     -   32s
     0     0   80.68467    0  303   85.82969   80.68467  5.99%     -   32s
     0     0   80.68561    0  306   85.82969   80.68561  5.99%     -   32s
     0     0   80.73063    0  300   85.82969   80.73063  5.94%     -   33s
     0     0   80.73181    0  299   85.82969   80.73181  5.94%     -   34s
     0     0   80.74257    0  309   85.82969   80.74257  5.93%     -   36s
     0     0   80.74257    0  287   85.82969   80.74257  5.93%     -   37s
H    0     0                      84.8104888   80.74257  4.80%     -   37s
     0     2   80.74257    0  287   84.81049   80.74257  4.80%     -   37s
     7    16   80.78795    3  319   84.81049   80.75683  4.78%   299   40s
H   31    44                      84.7193413   80.82166  4.60%   259   42s
H   32    44                      84.6706614   80.82245  4.54%   259   42s
H   38    44                      84.5663439   80.86759  4.37%   280   42s
H   41    44                      84.4616354   80.86759  4.26%   280   42s
H   79    88                      84.3203307   80.88912  4.07%   252   48s
H   79    88                      83.8891230   80.88912  3.58%   252   48s
H   80    88                      83.7790118   80.89018  3.45%   253   48s
H   81    88                      83.6752038   80.91473  3.30%   257   48s
H   88    88                      83.3299378   80.91473  2.90%   252   48s
   131   138   80.94107   11  365   83.32994   80.94107  2.87%   243   50s
H  279   274                      83.1940657   80.98723  2.65%   217   53s
   334   327   81.14744   20  324   83.19407   81.02325  2.61%   221   55s
H  640   630                      83.1909103   81.04831  2.58%   209   63s
H  649   630                      82.2041942   81.04831  1.41%   209   63s
H  734   707                      82.1679634   81.04840  1.36%   203   74s
H  735   707                      81.9511868   81.04840  1.10%   203   74s
   738   707   81.25850   19  320   81.95119   81.04840  1.10%   204   75s
H  740   707                      81.8898158   81.04840  1.03%   204   75s
  1038  1053   81.07969   16  356   81.88982   81.07969  0.99%   195   80s
  1456  1367   81.23244   22  287   81.88982   81.09968  0.96%   186   95s
  1465  1373   81.11675   21  231   81.88982   81.09968  0.96%   185  101s
  1473  1378   81.26924   18  299   81.88982   81.23242  0.80%   184  105s
  1477  1381   81.43232   19  277   81.88982   81.43232  0.56%   183  112s
  1478  1382   81.47011   25  186   81.88982   81.47011  0.51%   183  115s

Cutting planes:
  Learned: 2
  Gomory: 72
  Lift-and-project: 11
  Cover: 33
  Implied bound: 43
  Projected implied bound: 2
  Clique: 2
  MIR: 243
  StrongCG: 1
  Flow cover: 566
  GUB cover: 2
  Inf proof: 2
  Zero half: 1
  RLT: 17
  Relax-and-lift: 38

Explored 1478 nodes (311528 simplex iterations) in 115.33 seconds (51.88 work units)
Thread count was 32 (of 32 available processors)

Solution count 10: 81.8898 81.8898 81.9512 ... 83.779

Optimal solution found (tolerance 5.00e-03)
Best objective 8.188981576827e+01, best bound 8.148368894202e+01, gap 0.4959%

Gurobi 9.5.2 (linux64) logging started Thu Jul 30 03:31:55 2026

Set parameter LogFile to value "logs/oracle_RmediumCfewTtight_3_gurobi.log"
Gurobi Optimizer version 9.5.2 build v9.5.2rc0 (linux64)
Thread count: 16 physical cores, 32 logical processors, using up to 32 threads
Optimize a model with 6428 rows, 3506 columns and 83841 nonzeros
Model fingerprint: 0x94976e33
Variable types: 2192 continuous, 1314 integer (1314 binary)
Coefficient statistics:
  Matrix range     [4e-02, 1e+03]
  Objective range  [1e+00, 1e+00]
  Bounds range     [1e+00, 4e+01]
  RHS range        [1e-01, 5e+02]

User MIP start did not produce a new incumbent solution

Presolve removed 1957 rows and 660 columns
Presolve time: 0.74s
Presolved: 4471 rows, 2846 columns, 73421 nonzeros
Variable types: 1695 continuous, 1151 integer (1151 binary)
Root relaxation presolve removed 200 rows and 77 columns
Root relaxation presolved: 4271 rows, 2769 columns, 41028 nonzeros

Extra simplex iterations after uncrush: 5

Root relaxation: objective 7.136871e+01, 4549 iterations, 0.66 seconds (0.65 work units)
Another try with MIP start

    Nodes    |    Current Node    |     Objective Bounds      |     Work
 Expl Unexpl |  Obj  Depth IntInf | Incumbent    BestBd   Gap | It/Node Time

H    0     0                      80.8438782   71.36871  11.7%     -    4s
     0     0   71.36871    0  330   80.84388   71.36871  11.7%     -    4s
     0     0   72.38094    0  376   80.84388   72.38094  10.5%     -    7s
     0     0   72.47816    0  431   80.84388   72.47816  10.3%     -    7s
     0     0   72.49842    0  425   80.84388   72.49842  10.3%     -    7s
     0     0   72.49858    0  422   80.84388   72.49858  10.3%     -    7s
     0     0   72.99402    0  369   80.84388   72.99402  9.71%     -    8s
     0     0   73.01991    0  355   80.84388   73.01991  9.68%     -    9s
     0     0   73.02426    0  358   80.84388   73.02426  9.67%     -    9s
     0     0   73.02597    0  357   80.84388   73.02597  9.67%     -    9s
     0     0   73.02673    0  353   80.84388   73.02673  9.67%     -    9s
     0     0   73.02673    0  353   80.84388   73.02673  9.67%     -    9s
     0     0   73.21199    0  354   80.84388   73.21199  9.44%     -   11s
     0     0   73.22135    0  369   80.84388   73.22135  9.43%     -   11s
     0     0   73.22236    0  370   80.84388   73.22236  9.43%     -   12s
     0     0   73.22236    0  370   80.84388   73.22236  9.43%     -   12s
     0     0   73.36587    0  368   80.84388   73.36587  9.25%     -   14s
     0     0   73.38094    0  375   80.84388   73.38094  9.23%     -   14s
     0     0   73.38148    0  375   80.84388   73.38148  9.23%     -   14s
     0     0   73.38150    0  375   80.84388   73.38150  9.23%     -   14s
     0     0   73.46895    0  363   80.84388   73.46895  9.12%     -   15s
     0     0   73.48377    0  366   80.84388   73.48377  9.10%     -   15s
     0     0   73.48525    0  370   80.84388   73.48525  9.10%     -   15s
     0     0   73.48554    0  372   80.84388   73.48554  9.10%     -   15s
     0     0   73.68096    0  328   80.84388   73.68096  8.86%     -   16s
     0     0   73.69714    0  338   80.84388   73.69714  8.84%     -   17s
     0     0   73.70191    0  338   80.84388   73.70191  8.83%     -   17s
     0     0   73.70272    0  346   80.84388   73.70272  8.83%     -   17s
     0     0   73.70279    0  334   80.84388   73.70279  8.83%     -   17s
     0     0   73.86726    0  354   80.84388   73.86726  8.63%     -   18s
     0     0   73.88812    0  355   80.84388   73.88812  8.60%     -   18s
     0     0   73.88985    0  366   80.84388   73.88985  8.60%     -   18s
     0     0   73.89006    0  370   80.84388   73.89006  8.60%     -   18s
     0     0   73.94185    0  366   80.84388   73.94185  8.54%     -   19s
     0     0   73.94401    0  366   80.84388   73.94401  8.53%     -   19s
     0     0   73.94488    0  366   80.84388   73.94488  8.53%     -   19s
     0     0   73.94535    0  366   80.84388   73.94535  8.53%     -   19s
     0     0   73.97267    0  380   80.84388   73.97267  8.50%     -   20s
     0     0   73.98088    0  392   80.84388   73.98088  8.49%     -   20s
     0     0   73.98157    0  376   80.84388   73.98157  8.49%     -   20s
     0     0   73.98166    0  384   80.84388   73.98166  8.49%     -   20s
     0     0   74.04268    0  366   80.84388   74.04268  8.41%     -   21s
     0     0   74.05793    0  365   80.84388   74.05793  8.39%     -   21s
     0     0   74.05858    0  366   80.84388   74.05858  8.39%     -   21s
     0     0   74.08911    0  373   80.84388   74.08911  8.36%     -   22s
     0     0   74.09340    0  383   80.84388   74.09340  8.35%     -   23s
     0     0   74.09389    0  386   80.84388   74.09389  8.35%     -   23s
     0     0   74.11847    0  385   80.84388   74.11847  8.32%     -   24s
     0     0   74.12818    0  384   80.84388   74.12818  8.31%     -   24s
     0     0   74.12898    0  373   80.84388   74.12898  8.31%     -   24s
     0     0   74.12914    0  373   80.84388   74.12914  8.31%     -   24s
     0     0   74.16955    0  358   80.84388   74.16955  8.26%     -   26s
     0     0   74.18871    0  347   80.84388   74.18871  8.23%     -   26s
     0     0   74.18944    0  354   80.84388   74.18944  8.23%     -   26s
     0     0   74.21296    0  384   80.84388   74.21296  8.20%     -   28s
     0     0   74.22033    0  381   80.84388   74.22033  8.19%     -   29s
     0     0   74.22338    0  386   80.84388   74.22338  8.19%     -   29s
     0     0   74.22371    0  370   80.84388   74.22371  8.19%     -   29s
     0     0   74.24756    0  391   80.84388   74.24756  8.16%     -   30s
     0     0   74.25630    0  393   80.84388   74.25630  8.15%     -   31s
     0     0   74.25671    0  399   80.84388   74.25671  8.15%     -   31s
     0     0   74.27559    0  403   80.84388   74.27559  8.12%     -   32s
     0     0   74.27845    0  391   80.84388   74.27845  8.12%     -   32s
     0     0   74.27883    0  398   80.84388   74.27883  8.12%     -   32s
     0     0   74.30385    0  407   80.84388   74.30385  8.09%     -   34s
H    0     0                      79.3507725   74.30385  6.36%     -   34s
     0     0   74.30987    0  400   79.35077   74.30987  6.35%     -   34s
     0     0   74.31157    0  392   79.35077   74.31157  6.35%     -   34s
     0     0   74.31189    0  406   79.35077   74.31189  6.35%     -   34s
     0     0   74.34297    0  363   79.35077   74.34297  6.31%     -   35s
     0     0   74.35311    0  378   79.35077   74.35311  6.30%     -   36s
     0     0   74.35807    0  384   79.35077   74.35807  6.29%     -   36s
     0     0   74.35825    0  387   79.35077   74.35825  6.29%     -   36s
     0     0   74.37756    0  385   79.35077   74.37756  6.27%     -   38s
     0     0   74.37959    0  387   79.35077   74.37959  6.26%     -   38s
     0     0   74.38014    0  391   79.35077   74.38014  6.26%     -   38s
     0     0   74.40114    0  375   79.35077   74.40114  6.24%     -   39s
     0     0   74.40383    0  371   79.35077   74.40383  6.23%     -   40s
     0     0   74.40490    0  385   79.35077   74.40490  6.23%     -   40s
     0     0   74.40490    0  369   79.35077   74.40490  6.23%     -   40s
     0     0   74.43381    0  376   79.35077   74.43381  6.20%     -   41s
     0     0   74.44317    0  403   79.35077   74.44317  6.18%     -   42s
     0     0   74.44439    0  425   79.35077   74.44439  6.18%     -   42s
     0     0   74.44455    0  432   79.35077   74.44455  6.18%     -   42s
     0     0   74.46010    0  408   79.35077   74.46010  6.16%     -   43s
     0     0   74.46462    0  404   79.35077   74.46462  6.16%     -   43s
     0     0   74.46519    0  384   79.35077   74.46519  6.16%     -   43s
     0     0   74.47858    0  365   79.35077   74.47858  6.14%     -   44s
H    0     0                      79.2278891   74.47858  5.99%     -   44s
     0     0   74.48017    0  377   79.22789   74.48017  5.99%     -   44s
     0     0   74.48069    0  375   79.22789   74.48069  5.99%     -   44s
     0     0   74.49127    0  362   79.22789   74.49127  5.98%     -   46s
H    0     0                      79.1035510   74.49127  5.83%     -   46s
     0     0   74.49612    0  384   79.10355   74.49612  5.82%     -   47s
     0     0   74.49654    0  390   79.10355   74.49654  5.82%     -   47s
     0     0   74.51662    0  379   79.10355   74.51662  5.80%     -   48s
     0     0   74.52522    0  372   79.10355   74.52522  5.79%     -   49s
     0     0   74.52542    0  381   79.10355   74.52542  5.79%     -   49s
     0     0   74.52864    0  368   79.10355   74.52864  5.78%     -   50s
     0     0   74.52864    0  326   79.10355   74.52864  5.78%     -   51s
H    0     0                      79.0454540   74.52864  5.71%     -   52s
H    0     0                      79.0047150   74.52864  5.67%     -   52s
     0     2   74.52864    0  323   79.00472   74.52864  5.67%     -   52s
     7    14   74.55206    3  351   79.00472   74.54359  5.65%   369   55s
H   29    40                      78.9106464   74.55345  5.52%   324   57s
H   43    40                      77.8974800   74.57090  4.27%   340   57s
    77    84   74.81406    8  339   77.89748   74.62021  4.21%   332   61s
H   80    84                      77.5847689   74.64639  3.79%   322   61s
H   86    84                      76.8395190   74.64639  2.85%   317   61s
   128   128   74.71908   11  361   76.83952   74.68727  2.80%   298   74s
H  129   128                      76.4333640   74.68727  2.28%   296   74s
H  130   128                      76.0190212   74.68902  1.75%   295   74s
H  145   143                      76.0190212   74.68980  1.75%   290   75s
   201   196   74.72402   15  385   76.01902   74.69153  1.75%   291   81s
H  205   196                      76.0190212   74.69153  1.75%   287   81s
H  215   196                      75.9545990   74.69153  1.66%   288   81s
   399   412   74.85434   14  342   75.95460   74.76305  1.57%   262   85s
H  741   705                      75.7750584   74.79363  1.30%   231   96s
   742   706   74.97238   23  326   75.77506   74.79363  1.30%   231  100s
   745   708   74.98195   18  319   75.77506   74.79363  1.30%   230  105s
   752   713   74.86461   22  356   75.77506   74.79363  1.30%   228  114s
   755   715   74.95284   16  357   75.77506   74.79363  1.30%   227  118s
   756   715   74.90876   10  360   75.77506   74.79363  1.30%   227  122s
   760   718   74.90628   21  293   75.77506   74.84484  1.23%   225  128s
   763   720   74.88656   15  367   75.77506   74.88656  1.17%   225  130s
   768   723   74.99664    7  378   75.77506   74.99664  1.03%   223  138s
   771   725   75.03448   25  402   75.77506   75.01016  1.01%   222  140s
   776   729   75.03638    7  354   75.77506   75.03638  0.97%   221  145s
   779   731   75.05241   21  360   75.77506   75.05241  0.95%   220  150s
   780   731   75.06868   16  314   75.77506   75.06868  0.93%   220  156s
   784   734   75.08535   12  376   75.77506   75.08535  0.91%   218  163s
   788   737   75.11153   10  387   75.77506   75.11153  0.88%   217  168s
   791   739   75.14134   10  403   75.77506   75.12062  0.86%   217  171s
   792   739   75.12758   24  406   75.77506   75.12758  0.85%   216  175s
   796   742   75.14377   24  409   75.77506   75.14377  0.83%   215  187s
   797   743   75.14501   14  443   75.77506   75.14501  0.83%   215  191s
   798   743   75.15020   24  412   75.77506   75.15020  0.82%   215  195s
   800   745   75.15625    6  428   75.77506   75.15625  0.82%   214  200s
   806   750   75.16971   21   96   75.77506   75.16971  0.80%   256  206s
   815   756   75.16971   14  394   75.77506   75.16971  0.80%   253  210s
   819   759   75.17551   18  342   75.77506   75.17551  0.79%   252  216s
   821   760   75.19429   10  345   75.77506   75.19429  0.77%   251  220s
   825   763   75.19819   10  371   75.77506   75.19819  0.76%   250  225s
   827   764   75.20147   13  375   75.77506   75.20147  0.76%   250  232s
   831   768   75.21399   10   92   75.77506   75.21399  0.74%   271  236s
   834   770   75.21399   18  112   75.77506   75.21399  0.74%   270  246s
   835   771   75.21399   22  199   75.77506   75.21399  0.74%   269  250s
   836   772   75.21399   21  107   75.77506   75.21399  0.74%   269  255s
   838   773   75.21399   25  198   75.77506   75.21399  0.74%   268  261s
   841   778   75.21399   38  175   75.77506   75.21399  0.74%   305  270s
   843   779   75.21399   39  283   75.77506   75.21399  0.74%   308  278s
   847   782   75.22082   40  325   75.77506   75.21399  0.74%   315  280s
H  947   825                      75.7438744   75.24244  0.66%   309  287s
H  960   783                      75.7328543   75.24743  0.64%   307  287s
  1011   828   75.24910   47  297   75.73285   75.24822  0.64%   298  305s
H 1018   791                      75.7328543   75.24926  0.64%   297  305s
H 1035   751                      75.7081268   75.24926  0.61%   295  305s
H 1044   749                      75.6700800   75.24978  0.56%   293  306s
  1304   936   75.30657   55  207   75.67008   75.29478  0.50%   260  310s

Cutting planes:
  Learned: 2
  Gomory: 131
  Lift-and-project: 3
  Cover: 87
  Implied bound: 282
  Projected implied bound: 17
  Clique: 10
  MIR: 553
  StrongCG: 6
  Flow cover: 993
  Flow path: 64
  Zero half: 36
  Network: 1
  RLT: 96
  Relax-and-lift: 91
  PSD: 1

Explored 1374 nodes (370793 simplex iterations) in 310.14 seconds (131.62 work units)
Thread count was 32 (of 32 available processors)

Solution count 10: 75.6701 75.7081 75.7329 ... 76.019

Optimal solution found (tolerance 5.00e-03)
Best objective 7.567007998261e+01, best bound 7.535546288352e+01, gap 0.4158%

Gurobi 9.5.2 (linux64) logging started Thu Jul 30 06:27:58 2026

Set parameter LogFile to value "logs/oracle_RmediumCfewTtight_3_gurobi.log"
Gurobi Optimizer version 9.5.2 build v9.5.2rc0 (linux64)
Thread count: 16 physical cores, 32 logical processors, using up to 32 threads
Optimize a model with 6428 rows, 3506 columns and 83841 nonzeros
Model fingerprint: 0xb6e7c93b
Variable types: 2192 continuous, 1314 integer (1314 binary)
Coefficient statistics:
  Matrix range     [4e-02, 1e+03]
  Objective range  [1e+00, 1e+00]
  Bounds range     [1e+00, 4e+01]
  RHS range        [1e-01, 5e+02]

User MIP start did not produce a new incumbent solution

Presolve removed 1979 rows and 673 columns
Presolve time: 0.98s
Presolved: 4449 rows, 2833 columns, 73450 nonzeros
Variable types: 1687 continuous, 1146 integer (1146 binary)
Root relaxation presolve removed 196 rows and 73 columns
Root relaxation presolved: 4253 rows, 2760 columns, 41065 nonzeros

Extra simplex iterations after uncrush: 1

Root relaxation: objective 7.112147e+01, 5083 iterations, 0.72 seconds (0.73 work units)
Another try with MIP start

    Nodes    |    Current Node    |     Objective Bounds      |     Work
 Expl Unexpl |  Obj  Depth IntInf | Incumbent    BestBd   Gap | It/Node Time

     0     0   71.12147    0  273          -   71.12147      -     -    2s
     0     0   71.28161    0  330          -   71.28161      -     -    3s
     0     0   71.40223    0  318          -   71.40223      -     -    4s
     0     0   71.66416    0  342          -   71.66416      -     -    6s
     0     0   71.68295    0  349          -   71.68295      -     -    6s
     0     0   71.68523    0  358          -   71.68523      -     -    6s
     0     0   71.68523    0  359          -   71.68523      -     -    6s
     0     0   71.89253    0  366          -   71.89253      -     -    8s
     0     0   71.92504    0  397          -   71.92504      -     -    8s
     0     0   71.92974    0  384          -   71.92974      -     -    8s
     0     0   71.93004    0  387          -   71.93004      -     -    8s
     0     0   71.93014    0  386          -   71.93014      -     -    8s
     0     0   72.05613    0  320          -   72.05613      -     -   10s
     0     0   72.06326    0  321          -   72.06326      -     -   10s
     0     0   72.06373    0  324          -   72.06373      -     -   10s
     0     0   72.06374    0  328          -   72.06374      -     -   11s
     0     0   72.20939    0  385          -   72.20939      -     -   12s
     0     0   72.22057    0  387          -   72.22057      -     -   12s
     0     0   72.22283    0  386          -   72.22283      -     -   13s
     0     0   72.22310    0  390          -   72.22310      -     -   13s
     0     0   72.45036    0  323          -   72.45036      -     -   15s
     0     0   72.52359    0  321          -   72.52359      -     -   16s
     0     0   72.54173    0  343          -   72.54173      -     -   16s
     0     0   72.54595    0  361          -   72.54595      -     -   16s
     0     0   72.54784    0  365          -   72.54784      -     -   17s
     0     0   72.54792    0  378          -   72.54792      -     -   17s
     0     0   72.62729    0  378          -   72.62729      -     -   19s
     0     0   72.64495    0  397          -   72.64495      -     -   19s
     0     0   72.65286    0  346          -   72.65286      -     -   19s
     0     0   72.65439    0  341          -   72.65439      -     -   19s
     0     0   72.65477    0  348          -   72.65477      -     -   19s
     0     0   72.69727    0  301          -   72.69727      -     -   21s
     0     0   72.70601    0  352          -   72.70601      -     -   22s
     0     0   72.70660    0  384          -   72.70660      -     -   22s
     0     0   72.70727    0  385          -   72.70727      -     -   22s
     0     0   72.70733    0  392          -   72.70733      -     -   22s
     0     0   72.73656    0  309          -   72.73656      -     -   24s
     0     0   72.75133    0  345          -   72.75133      -     -   24s
     0     0   72.75341    0  368          -   72.75341      -     -   24s
     0     0   72.75401    0  371          -   72.75401      -     -   24s
     0     0   72.76746    0  353          -   72.76746      -     -   26s
     0     0   72.77009    0  346          -   72.77009      -     -   26s
     0     0   72.77279    0  372          -   72.77279      -     -   26s
     0     0   72.77408    0  380          -   72.77408      -     -   27s
     0     0   72.77442    0  402          -   72.77442      -     -   27s
     0     0   72.83567    0  350          -   72.83567      -     -   29s
     0     0   72.84175    0  324          -   72.84175      -     -   30s
     0     0   72.84198    0  333          -   72.84198      -     -   30s
     0     0   72.86595    0  400          -   72.86595      -     -   32s
     0     0   72.86947    0  351          -   72.86947      -     -   32s
     0     0   72.87035    0  349          -   72.87035      -     -   32s
     0     0   72.87036    0  358          -   72.87036      -     -   32s
     0     0   72.88782    0  373          -   72.88782      -     -   35s
     0     0   72.89082    0  382          -   72.89082      -     -   35s
     0     0   72.89262    0  388          -   72.89262      -     -   35s
     0     0   72.89267    0  382          -   72.89267      -     -   36s
     0     0   72.91088    0  359          -   72.91088      -     -   37s
     0     0   72.91395    0  334          -   72.91395      -     -   38s
     0     0   72.91539    0  367          -   72.91539      -     -   38s
     0     0   72.91602    0  368          -   72.91602      -     -   38s
     0     0   72.93077    0  346          -   72.93077      -     -   40s
     0     0   72.93180    0  364          -   72.93180      -     -   40s
     0     0   72.93203    0  362          -   72.93203      -     -   40s
     0     0   72.96605    0  356          -   72.96605      -     -   41s
     0     0   72.97045    0  375          -   72.97045      -     -   42s
     0     0   72.97197    0  391          -   72.97197      -     -   42s
     0     0   72.97197    0  390          -   72.97197      -     -   42s
     0     0   73.00711    0  404          -   73.00711      -     -   43s
     0     0   73.01402    0  382          -   73.01402      -     -   44s
     0     0   73.01535    0  387          -   73.01535      -     -   44s
     0     0   73.01551    0  391          -   73.01551      -     -   44s
     0     0   73.05926    0  356          -   73.05926      -     -   45s
     0     0   73.06339    0  390          -   73.06339      -     -   46s
     0     0   73.06471    0  410          -   73.06471      -     -   46s
     0     0   73.06497    0  394          -   73.06497      -     -   46s
     0     0   73.11590    0  337          -   73.11590      -     -   49s
     0     0   73.12557    0  366          -   73.12557      -     -   49s
     0     0   73.12782    0  366          -   73.12782      -     -   50s
     0     0   73.12864    0  380          -   73.12864      -     -   50s
     0     0   73.12866    0  380          -   73.12866      -     -   50s
     0     0   73.18061    0  352          -   73.18061      -     -   51s
     0     0   73.18591    0  426          -   73.18591      -     -   52s
     0     0   73.18649    0  410          -   73.18649      -     -   52s
     0     0   73.20346    0  298          -   73.20346      -     -   55s
     0     0   73.21099    0  388          -   73.21099      -     -   56s
     0     0   73.21371    0  395          -   73.21371      -     -   56s
     0     0   73.21465    0  409          -   73.21465      -     -   56s
     0     0   73.21496    0  426          -   73.21496      -     -   56s
     0     0   73.27111    0  339          -   73.27111      -     -   59s
     0     0   73.27697    0  388          -   73.27697      -     -   60s
     0     0   73.27864    0  375          -   73.27864      -     -   60s
     0     0   73.27873    0  380          -   73.27873      -     -   60s
     0     0   73.28546    0  356          -   73.28546      -     -   63s
     0     0   73.29030    0  355          -   73.29030      -     -   63s
     0     0   73.29167    0  367          -   73.29167      -     -   63s
     0     0   73.29194    0  372          -   73.29194      -     -   63s
     0     0   73.30993    0  357          -   73.30993      -     -   66s
     0     0   73.31288    0  368          -   73.31288      -     -   66s
     0     0   73.31341    0  384          -   73.31341      -     -   66s
     0     0   73.31903    0  356          -   73.31903      -     -   69s
     0     0   73.31903    0  327          -   73.31903      -     -   71s
     0     2   73.31903    0  325          -   73.31903      -     -   75s
    47    64   73.32416    6  361          -   73.32416      -   405   80s
   132   149   73.37487   11  338          -   73.33142      -   467   85s
   203   221   73.41200   16  343          -   73.35518      -   492   91s
   276   288   75.16355   22  359          -   73.36815      -   491   95s
   407   433   73.43735   33  383          -   73.39403      -   506  101s
   494   531   73.41341   29  370          -   73.41341      -   507  105s
   766   833   73.45702   16  318          -   73.43200      -   463  110s
  1025  1112   73.55298   31  365          -   73.43665      -   414  115s
  1495  1659   73.55523   35  330          -   73.44234      -   348  120s
  2093  2086   73.86503   20  327          -   73.44623      -   293  130s
  2096  2088   75.36231   49  297          -   73.44623      -   292  136s
  2105  2094   75.23366   45  321          -   73.44623      -   291  146s
  2108  2096   73.47098   21  383          -   73.44623      -   291  152s
  2109  2097   73.73603   16  344          -   73.44623      -   290  163s
  2112  2099   73.50677   22  375          -   73.44623      -   290  168s
  2113  2099   73.51110   18  359          -   73.44796      -   290  173s
  2118  2103   73.47017   37  430          -   73.45890      -   289  175s
  2119  2103   74.32757   29  350          -   73.50731      -   289  181s
  2123  2106   75.31903   25  391          -   73.52282      -   288  185s
  2124  2107   73.54458   19  353          -   73.54458      -   288  196s
  2129  2110   73.60686    7  353          -   73.60686      -   288  210s
  2134  2113   73.86736   24  355          -   73.70127      -   287  216s
  2140  2117   75.31903   47  385          -   73.78083      -   286  223s
  2144  2120   74.30785   50  395          -   73.80628      -   286  226s
  2145  2121   76.07669   30  365          -   73.83356      -   286  232s
  2148  2123   73.84323   29  388          -   73.84323      -   285  235s
  2153  2126   73.86604   13  358          -   73.86604      -   284  243s
  2155  2127   73.86705   30  375          -   73.86705      -   284  246s
  2159  2130   73.87304   20  380          -   73.87304      -   284  251s
  2161  2131   73.87854   18  371          -   73.87854      -   283  256s
  2162  2132   73.88254   34  356          -   73.88254      -   283  262s
  2165  2134   76.92754    9  389          -   73.88503      -   283  265s
  2170  2137   73.92622   20  362          -   73.92622      -   282  270s
  2172  2139   73.93941   16  367          -   73.93941      -   282  275s
  2176  2141   73.94390   41  382          -   73.94390      -   281  281s
  2178  2143   73.94526   26  390          -   73.94526      -   281  286s
  2179  2143   73.94608   25  377          -   73.94608      -   281  292s
  2180  2144   77.65360   27  377          -   73.94608      -   281  296s
  2182  2148   73.94758   15  377          -   73.94758      -  22.9  318s
  2184  2152   73.96872   16  334          -   73.96325      -  23.2  338s
  2188  2155   73.96683   17  306          -   73.96683      -  23.5  340s
  2209  2177   73.97212   19  315          -   73.97009      -  25.5  346s
  2241  2198   73.99866   21  290          -   73.97330      -  31.0  350s
H 2243  2088                     101.1136645   73.98204  26.8%  31.3  350s
H 2257  1996                      88.4969616   73.98895  16.4%  34.6  351s
H 2257  1897                      88.3376461   73.98895  16.2%  34.6  351s
H 2307  1842                      87.4931626   73.99935  15.4%  47.6  356s
H 2311  1752                      87.2723859   74.00521  15.2%  48.4  356s
H 2380  1722                      75.4249362   74.00822  1.88%  58.7  360s
H 2381  1642                      75.3594172   74.00962  1.79%  59.1  360s
H 2386  1564                      75.1348120   74.02926  1.47%  60.7  360s
H 2402  1487                      74.5809592   74.03219  0.74%  62.4  360s
H 2441  1419                      74.5454032   74.03426  0.69%  67.7  364s
H 2454  1350                      74.4142925   74.04245  0.50%  68.8  364s

Cutting planes:
  Learned: 3
  Gomory: 102
  Lift-and-project: 6
  Cover: 65
  Implied bound: 185
  Projected implied bound: 12
  Clique: 1
  MIR: 521
  StrongCG: 20
  Flow cover: 989
  Zero half: 16
  Network: 2
  RLT: 43
  Relax-and-lift: 61

Explored 2459 nodes (829017 simplex iterations) in 364.79 seconds (162.37 work units)
Thread count was 32 (of 32 available processors)

Solution count 10: 74.4143 74.5454 74.581 ... 88.497

Optimal solution found (tolerance 5.00e-03)
Best objective 7.441429254249e+01, best bound 7.404244896581e+01, gap 0.4997%
