
Gurobi 9.5.2 (linux64) logging started Tue Jul 28 18:03:12 2026

Set parameter LogFile to value "logs/oracle_RmediumCfewTtight_2_gurobi.log"
Gurobi Optimizer version 9.5.2 build v9.5.2rc0 (linux64)
Thread count: 16 physical cores, 32 logical processors, using up to 32 threads
Optimize a model with 5463 rows, 3152 columns and 19050 nonzeros
Model fingerprint: 0x885e928d
Variable types: 1972 continuous, 1180 integer (1180 binary)
Coefficient statistics:
  Matrix range     [3e-02, 1e+03]
  Objective range  [1e+00, 1e+00]
  Bounds range     [1e+00, 1e+00]
  RHS range        [2e-01, 5e+02]
Presolve removed 1690 rows and 614 columns
Presolve time: 0.55s
Presolved: 3773 rows, 2538 columns, 16845 nonzeros
Variable types: 1515 continuous, 1023 integer (1023 binary)

Root relaxation: objective 5.793255e+01, 4183 iterations, 1.50 seconds (0.22 work units)

    Nodes    |    Current Node    |     Objective Bounds      |     Work
 Expl Unexpl |  Obj  Depth IntInf | Incumbent    BestBd   Gap | It/Node Time

     0     0   57.93255    0  345          -   57.93255      -     -    2s
     0     0   58.79610    0  335          -   58.79610      -     -    4s
     0     0   58.81702    0  335          -   58.81702      -     -    5s
     0     0   59.72723    0  374          -   59.72723      -     -    6s
     0     0   59.78529    0  379          -   59.78529      -     -    7s
     0     0   59.78679    0  380          -   59.78679      -     -    7s
     0     0   59.78681    0  379          -   59.78681      -     -    7s
     0     0   60.48824    0  341          -   60.48824      -     -    9s
     0     0   60.54368    0  314          -   60.54368      -     -   10s
     0     0   60.54689    0  318          -   60.54689      -     -   10s
     0     0   60.54692    0  320          -   60.54692      -     -   10s
H    0     0                      90.6373436   61.04374  32.7%     -   11s
H    0     0                      89.1357630   61.04374  31.5%     -   11s
     0     0   61.04374    0  323   89.13576   61.04374  31.5%     -   11s
     0     0   61.11731    0  377   89.13576   61.11731  31.4%     -   12s
     0     0   61.12656    0  373   89.13576   61.12656  31.4%     -   12s
     0     0   61.12807    0  370   89.13576   61.12807  31.4%     -   12s
     0     0   61.12811    0  367   89.13576   61.12811  31.4%     -   12s
     0     0   61.24714    0  362   89.13576   61.24714  31.3%     -   13s
H    0     0                      89.0829636   61.24714  31.2%     -   13s
     0     0   61.25489    0  396   89.08296   61.25489  31.2%     -   13s
     0     0   61.25674    0  377   89.08296   61.25674  31.2%     -   13s
     0     0   61.25700    0  374   89.08296   61.25700  31.2%     -   13s
     0     0   61.34178    0  361   89.08296   61.34178  31.1%     -   14s
     0     0   61.34380    0  371   89.08296   61.34380  31.1%     -   14s
     0     0   61.34505    0  372   89.08296   61.34505  31.1%     -   14s
     0     0   61.34505    0  355   89.08296   61.34505  31.1%     -   15s
     0     0   61.37651    0  362   89.08296   61.37651  31.1%     -   15s
H    0     0                      89.0064506   61.37651  31.0%     -   15s
     0     0   61.38123    0  379   89.00645   61.38123  31.0%     -   15s
     0     0   61.38304    0  386   89.00645   61.38304  31.0%     -   15s
     0     0   61.38304    0  377   89.00645   61.38304  31.0%     -   15s
     0     0   61.40721    0  361   89.00645   61.40721  31.0%     -   16s
     0     0   61.40975    0  383   89.00645   61.40975  31.0%     -   16s
H    0     0                      88.3302889   61.40997  30.5%     -   16s
     0     0   61.40997    0  377   88.33029   61.40997  30.5%     -   16s
     0     0   61.41832    0  385   88.33029   61.41832  30.5%     -   17s
     0     0   61.42092    0  385   88.33029   61.42092  30.5%     -   17s
     0     0   61.42097    0  386   88.33029   61.42097  30.5%     -   17s
     0     0   61.42764    0  386   88.33029   61.42764  30.5%     -   18s
     0     0   61.42898    0  395   88.33029   61.42898  30.5%     -   18s
     0     0   61.42898    0  392   88.33029   61.42898  30.5%     -   18s
     0     0   61.46185    0  403   88.33029   61.46185  30.4%     -   19s
     0     0   61.46547    0  405   88.33029   61.46547  30.4%     -   19s
     0     0   61.46560    0  403   88.33029   61.46560  30.4%     -   19s
     0     0   61.47435    0  399   88.33029   61.47435  30.4%     -   20s
     0     0   61.47472    0  393   88.33029   61.47472  30.4%     -   20s
     0     0   61.47959    0  404   88.33029   61.47959  30.4%     -   20s
     0     0   61.48000    0  400   88.33029   61.48000  30.4%     -   21s
     0     0   61.49149    0  400   88.33029   61.49149  30.4%     -   21s
     0     0   61.49267    0  403   88.33029   61.49267  30.4%     -   21s
     0     0   61.49267    0  405   88.33029   61.49267  30.4%     -   21s
     0     0   61.49639    0  409   88.33029   61.49639  30.4%     -   22s
     0     0   61.49842    0  407   88.33029   61.49842  30.4%     -   22s
     0     0   61.49845    0  407   88.33029   61.49845  30.4%     -   22s
     0     0   61.51319    0  393   88.33029   61.51319  30.4%     -   23s
     0     0   61.51329    0  401   88.33029   61.51329  30.4%     -   23s
     0     0   61.51710    0  406   88.33029   61.51710  30.4%     -   23s
     0     0   61.51710    0  406   88.33029   61.51710  30.4%     -   24s
     0     0   61.52625    0  404   88.33029   61.52625  30.3%     -   24s
     0     0   61.52625    0  387   88.33029   61.52625  30.3%     -   25s
H    0     0                      88.2231631   61.60809  30.2%     -   26s
     0     2   61.60809    0  384   88.22316   61.60809  30.2%     -   27s
    63    80   61.60809    7  390   88.22316   61.60809  30.2%  88.1   31s
H  127   139                      88.1381743   61.60809  30.1%  56.0   42s
H  128   139                      88.1126369   61.60809  30.1%  55.9   42s
H  129   139                      88.0998874   61.60809  30.1%  55.5   42s
H  130   139                      77.0925547   61.60809  20.1%  55.1   42s
H  131   139                      77.0471618   61.60809  20.0%  54.7   42s
H  139   139                      76.9076833   61.60809  19.9%  52.6   42s
H  140   139                      76.9041134   61.60809  19.9%  52.4   42s
H  141   139                      76.8005668   61.60809  19.8%  52.2   42s
   176   179   61.62745   14  351   76.80057   61.60809  19.8%  45.0   52s
H  178   179                      76.7556877   61.60809  19.7%  44.7   52s
H  180   179                      76.6838646   61.60809  19.7%  44.4   52s
H  183   179                      76.6347070   61.60809  19.6%  43.9   52s
H  256   246                      76.2377079   61.60809  19.2%  39.6   81s
H  268   246                      75.9769392   61.60809  18.9%  38.6   81s
H  273   261                      75.9351284   61.60809  18.9%  38.2   88s
H  278   261                      75.8405091   61.60809  18.8%  37.8   88s
   328   309   61.66337   22  345   75.84051   61.60809  18.8%  35.5   90s
H  330   309                      75.7903776   61.60809  18.7%  35.4   90s
H  343   309                      75.7571757   61.60809  18.7%  34.8   90s
H  423   390                      75.7070443   61.60809  18.6%  32.5   93s
   527   483   62.29037   31  351   75.70704   61.60809  18.6%  29.7   97s
H  532   483                      75.6634836   61.60809  18.6%  29.6   97s
   638   580   62.69645   35  390   75.66348   61.60809  18.6%  27.8  104s
   720   648   62.74069   38  368   75.66348   61.60809  18.6%  27.1  108s
   846   761   62.82222   45  374   75.66348   61.60809  18.6%  26.4  114s
H  849   761                      75.5995464   61.60809  18.5%  26.4  114s
   863   885   62.86622   46  371   75.59955   61.60809  18.5%  26.6  115s
  1101  1000   63.20153   52  369   75.59955   61.60809  18.5%  24.5  125s
  1646  1428   65.05977   65  314   75.59955   61.60809  18.5%  22.8  133s
H 1650  1427                      75.5447150   61.60809  18.4%  22.8  133s
  2079  1753   66.22493   24  387   75.54471   61.60809  18.4%  21.4  147s
  2081  1754   73.34118   54  105   75.54471   61.60809  18.4%  21.4  152s
  2082  1755   70.71411   48  281   75.54471   61.60809  18.4%  21.4  156s
  2093  1762   66.18679   17  322   75.54471   63.02210  16.6%  21.3  160s
  2099  1766   70.50471   89  159   75.54471   64.20832  15.0%  21.2  165s
  2115  1777   64.64308   71  288   75.54471   64.64308  14.4%  21.1  170s
  2130  1787   65.50833   22  269   75.54471   64.89618  14.1%  20.9  175s
  2140  1794   72.62428   50  336   75.54471   64.95363  14.0%  20.8  180s
  2148  1799   67.73349   45  287   75.54471   64.97593  14.0%  20.7  187s
  2154  1803   75.25746   13  301   75.54471   64.98914  14.0%  20.7  191s
  2158  1806   68.19527   21  250   75.54471   65.00821  13.9%  20.6  196s
  2162  1808   65.01765   22  264   75.54471   65.01765  13.9%  20.6  200s
  2170  1814   67.89886  100  227   75.54471   65.06108  13.9%  20.5  205s
  2174  1816   74.80680   28  273   75.54471   65.06854  13.9%  20.5  210s
  2179  1820   66.22493   24  260   75.54471   65.07497  13.9%  20.4  215s
  2183  1822   68.28226   35  247   75.54471   65.08850  13.8%  20.4  220s
  2187  1825   74.27853   36  294   75.54471   65.09952  13.8%  20.4  226s
  2190  1827   67.91824   23  309   75.54471   65.10113  13.8%  20.3  230s
  2195  1830   68.04923   46  288   75.54471   65.10585  13.8%  20.3  236s
  2198  1832   68.17614   16  275   75.54471   65.11535  13.8%  20.3  241s
  2203  1836   72.92709   21  279   75.54471   65.11893  13.8%  20.2  245s
  2206  1838   65.12029   51  264   75.54471   65.12029  13.8%  20.2  250s
  2208  1839   65.12141   33  278   75.54471   65.12141  13.8%  20.2  255s
  2213  1843   69.65461  107  112   75.54471   65.12141  13.8%  42.5  261s
  2214  1844   67.40575   29   78   75.54471   65.12141  13.8%  42.5  265s
  2216  1845   65.12141   16  272   75.54471   65.12141  13.8%  42.4  270s
  2225  1851   65.16933   64  248   75.54471   65.16933  13.7%  42.3  275s
  2233  1857   65.19690   56  260   75.54471   65.19690  13.7%  42.1  282s
  2236  1859   65.19949   67  256   75.54471   65.19949  13.7%  42.1  285s
  2242  1863   66.51148   71  299   75.54471   65.20794  13.7%  41.9  290s
  2249  1867   68.24299   22  331   75.54471   65.21652  13.7%  41.8  295s
  2252  1869   68.29089   44  324   75.54471   65.21892  13.7%  41.8  300s
  2259  1874   65.29398   28  340   75.54471   65.22477  13.7%  41.6  305s
  2262  1876   65.22708   22  338   75.54471   65.22708  13.7%  41.6  311s
  2267  1879   65.68527   74  315   75.54471   65.22975  13.7%  41.5  316s
  2269  1881   67.90309   12  282   75.54471   65.22984  13.7%  41.4  321s
  2271  1884   65.45096   23  263   75.54471   65.45096  13.4%  54.1  342s
  2273  1885   66.12753   24  250   75.54471   65.84680  12.8%  54.6  350s
  2289  1903   66.27268   27  238   75.54471   65.86617  12.8%  55.5  356s
  2331  1946   66.42992   29  200   75.54471   65.87905  12.8%  58.2  360s
  2363  1966   66.43675   30  214   75.54471   65.88168  12.8%  60.6  371s
H 2370  1868                      75.5049423   65.88206  12.7%  60.6  371s
H 2390  1771                      75.4671114   65.88206  12.7%  61.0  371s
  2427  1813   66.44245   32  190   75.46711   65.88245  12.7%  61.8  392s
  2459  1828   66.44480   33  188   75.46711   65.88930  12.7%  62.2  406s
H 2468  1739                      75.4671114   65.88930  12.7%  62.3  407s
  2534  1787   66.44716   35  164   75.46711   65.89107  12.7%  62.7  412s
  2734  1911   66.45976   41  161   75.46711   65.92386  12.6%  61.5  415s
  3394  2243   66.51858   58  209   75.46711   65.92974  12.6%  58.0  420s
  4223  2511   67.02646   77  143   75.46711   65.92974  12.6%  54.0  425s
  4810  2761   67.03717   90  172   75.46711   65.92974  12.6%  53.9  431s
  5292  2907   67.17027  111   86   75.46711   65.92974  12.6%  53.9  436s
  5965  3192   67.27085  144   84   75.46711   65.92974  12.6%  53.4  440s
  6697  3356   66.73791   47  216   75.46711   65.92974  12.6%  55.3  449s
  6736  3489   66.74304   48  197   75.46711   65.92974  12.6%  55.5  450s
  7374  3883   70.65254   62  233   75.46711   65.92974  12.6%  56.0  455s
  8736  4995   69.43335   41  227   75.46711   65.94220  12.6%  54.0  460s
  9270  5573   69.53532   48  190   75.46711   65.94220  12.6%  54.6  465s
 10769  6659   69.99854   75  180   75.46711   65.94220  12.6%  53.0  470s
 11888  7258   68.38149  111  118   75.46711   65.94220  12.6%  52.5  475s
 12365  8123   68.60025   46  209   75.46711   65.94220  12.6%  52.4  480s
 13231  8574   69.02405   67  184   75.46711   65.94220  12.6%  52.1  486s
 14402  9510   67.92827   40  178   75.46711   65.97715  12.6%  51.5  492s
 15431 10084   73.51622  111  136   75.46711   65.97715  12.6%  51.8  504s
 15468 10123   73.51998  112  110   75.46711   66.03559  12.5%  52.0  512s
 15523 10151   68.99900   43  239   75.46711   66.03559  12.5%  52.3  540s
H15530 10151                      75.4671113   66.03559  12.5%  52.3  540s
 15960 10816   69.06996   52  192   75.46711   66.03559  12.5%  52.5  545s
 16735 11320   69.37914   66  213   75.46711   66.03559  12.5%  53.4  559s
 16966 11730   69.46049   70  188   75.46711   66.03559  12.5%  53.5  562s
 17480 12437   69.60210   85  180   75.46711   66.03608  12.5%  53.5  565s
 18793 12699   70.85024   39  179   75.46711   66.03608  12.5%  54.4  605s
H18804 12699                      75.4671112   66.03608  12.5%  54.4  605s
 19318 13221   67.01730   37  240   75.46711   66.11958  12.4%  55.4  613s
 19806 13483   67.75189   55  216   75.46711   66.11958  12.4%  56.3  621s
 20184 13814   67.90247   69  272   75.46711   66.11958  12.4%  56.7  625s
 20863 14124   68.52243   85  283   75.46711   66.11958  12.4%  57.2  630s
 22803 15281     cutoff   68        75.46711   66.30084  12.1%  57.7  638s
 23654 15640   66.79966   54  266   75.46711   66.30084  12.1%  58.0  643s
 24241 16466   67.11765   68  263   75.46711   66.30084  12.1%  58.8  647s
 25773 16857   70.06697  109  200   75.46711   66.30084  12.1%  58.2  654s
 26534 17692   70.48723  140  189   75.46711   66.30737  12.1%  58.5  658s
 27932 18261     cutoff   55        75.46711   66.34239  12.1%  58.3  664s
 28758 19400   70.26650   70  191   75.46711   66.37362  12.0%  58.3  668s
 30254 21582   70.59196   63  129   75.46711   66.37410  12.0%  58.2  677s
 32960 22152   67.62898   70  201   75.46711   66.42319  12.0%  57.6  682s
 33655 23389   67.93181   86  275   75.46711   66.42319  12.0%  57.8  687s
 35218 23730   70.54772  132  186   75.46711   66.42319  12.0%  57.7  692s
 35757 24389   71.63106  164  155   75.46711   66.44412  12.0%  57.4  702s
 36653 25222   68.07281   57  276   75.46711   66.45188  11.9%  57.9  709s
 37759 26375   68.79551   82  305   75.46711   66.48401  11.9%  57.8  716s
 39912 27276   74.59361   55  159   75.46711   66.49168  11.9%  57.5  723s
 42377 28009   67.47386   59  213   75.46711   66.53685  11.8%  56.8  731s
 43509 28933   67.04008   44  261   75.46711   66.53685  11.8%  57.0  739s
 44782 31080 infeasible   55        75.46711   66.56508  11.8%  57.2  746s
 47410 33355   72.65341   59  197   75.46711   66.59545  11.8%  56.5  752s
 50248 34287   69.70695   50  227   75.46711   66.61363  11.7%  55.7  760s
 51448 36444   68.22987   68  179   75.46711   66.63274  11.7%  55.9  765s
 54212 37460   68.29801  104   95   75.46711   66.63376  11.7%  55.4  774s
 55640 38608   67.96261   54  222   75.46711   66.66956  11.7%  55.4  782s
 57599 39491   69.50008   79  205   75.46711   66.67296  11.7%  54.9  791s
 59195 39492   73.74309   70  387   75.46711   66.67296  11.7%  55.1  960s
 59197 39493   69.43445   83   86   75.46711   66.67296  11.7%  55.1  966s
 59198 39494   69.53538  126  104   75.46711   66.67296  11.7%  55.1  975s
 59200 39495   68.00797   56  241   75.46711   66.67296  11.7%  55.1  980s
 59207 39500   70.02686   92   90   75.46711   66.67296  11.7%  55.1  993s
 59208 39501   68.57609   94  130   75.46711   66.67296  11.7%  55.1 1000s
 59209 39501   72.59410   72  103   75.46711   66.67296  11.7%  55.1 1011s
 59210 39502   72.56632   55  119   75.46711   66.67296  11.7%  55.1 1019s
 59211 39503   66.76105   51   47   75.46711   66.67296  11.7%  55.1 1038s
 59212 39503   71.27471   96  100   75.46711   66.67296  11.7%  55.1 1048s
 59213 39504   75.03141   73   37   75.46711   66.67296  11.7%  55.1 1060s
 59214 39505   69.05794  128   65   75.46711   66.67296  11.7%  55.1 1071s
 59215 39505   71.44739  155   65   75.46711   66.67296  11.7%  55.1 1089s
 59216 39506   67.11603   93   85   75.46711   66.67296  11.7%  55.1 1101s
 59217 39507   68.52033  100   42   75.46711   66.67296  11.7%  55.1 1115s
 59218 39507   69.39527   81   38   75.46711   66.67296  11.7%  55.1 1121s
 59220 39512   66.67296   38   16   75.46711   66.67296  11.7%  55.8 1128s
 59222 39515   66.67296   39  133   75.46711   66.67296  11.7%  55.8 1136s
 59226 39521   66.67296   40  103   75.46711   66.67296  11.7%  55.8 1150s
 59234 39531   66.67296   41  148   75.46711   66.67296  11.7%  56.0 1164s
 59249 39547   66.67296   42  166   75.46711   66.67296  11.7%  56.1 1184s
H59258 37568                      75.4671112   66.67296  11.7%  56.2 1184s
H59273 35686                      75.4671105   66.67296  11.7%  56.3 1185s
 59277 35710   66.67296   43  148   75.46711   66.67296  11.7%  56.4 1190s
 59309 35725   66.67296   44  185   75.46711   66.67296  11.7%  56.6 1212s
 59373 35755   66.67296   45  173   75.46711   66.67296  11.7%  56.8 1231s
 59460 35787   66.67296   46  159   75.46711   66.67296  11.7%  57.2 1316s
 59495 35825   68.87440   46  131   75.46711   66.67296  11.7%  57.3 1321s
 59556 35834   70.23843   47  173   75.46711   66.67296  11.7%  57.6 1334s
 59589 35890   68.50868   48  171   75.46711   66.67296  11.7%  57.7 1336s
 59679 35887   66.67296   49  143   75.46711   66.67296  11.7%  57.8 1352s
 59837 35937   69.34269   50  147   75.46711   66.67296  11.7%  57.9 1376s
 60024 35992   66.67296   52  164   75.46711   66.67296  11.7%  58.0 1394s
 60057 36084   71.25304   52  189   75.46711   66.67296  11.7%  58.0 1395s
 60234 36048   66.67296   54  134   75.46711   66.67296  11.7%  58.1 1413s
 60476 36098   68.02580   55  205   75.46711   66.67296  11.7%  58.1 1430s
 60513 36135   66.67296   56  198   75.46711   66.67296  11.7%  58.2 1441s
 60625 36115   67.74435   56  178   75.46711   66.67296  11.7%  58.2 1457s
 60664 36117   66.68842   57  212   75.46711   66.67296  11.7%  58.3 1525s
 60702 36123   67.02827   57  197   75.46711   66.67296  11.7%  58.3 1543s
 60737 36241   66.68842   58  216   75.46711   66.67296  11.7%  58.3 1546s
 61018 36168   67.01212   61  210   75.46711   66.67296  11.7%  58.3 1572s
 61061 36313   67.31512   61  260   75.46711   66.67296  11.7%  58.4 1577s
 61360 36237   67.05351   64  248   75.46711   66.67296  11.7%  58.5 1598s
 61395 36342   69.16582   64  223   75.46711   66.67296  11.7%  58.5 1600s
 61626 36288   67.43164   66  196   75.46711   66.67296  11.7%  58.6 1618s
 61664 36518   69.11572   66  209   75.46711   66.67296  11.7%  58.6 1621s
 62060 36411   67.72817   69  287   75.46711   66.67296  11.7%  58.8 1644s
 62096 36726   69.33092   69  217   75.46711   66.67296  11.7%  58.9 1649s
 62508 36620   67.74880   72  283   75.46711   66.67296  11.7%  59.0 1671s
 63016 37196   67.78552   75  306   75.46711   66.67296  11.7%  59.1 1680s
 64101 37556     cutoff   80        75.46711   66.67296  11.7%  59.4 1686s
 64584 37410     cutoff   83        75.46711   66.67296  11.7%  59.7 1710s
 64630 37522   70.33266   84  221   75.46711   66.67296  11.7%  59.9 1725s
 65317 37632   68.11933   89  305   75.46711   66.67296  11.7%  60.2 1832s
 65354 37860 infeasible   89        75.46711   66.67296  11.7%  60.3 1844s
 65810 37727   68.12946   97  293   75.46711   66.67296  11.7%  60.7 1863s
 65854 38023   74.80315   97  198   75.46711   66.67296  11.7%  60.9 1872s
 66343 37887   68.32188  104  259   75.46711   66.67296  11.7%  61.3 1884s
 66380 38222     cutoff  104        75.46711   66.67296  11.7%  61.4 1898s
 66917 38067     cutoff  118        75.46711   66.67296  11.7%  61.8 1917s
 66955 38481     cutoff  119        75.46711   66.67296  11.7%  61.9 1933s
 67501 38611   66.96153   44  212   75.46711   66.67296  11.7%  62.2 1947s
 67961 38971   69.70409   60   86   75.46711   66.67296  11.7%  62.4 1962s
 68727 39226 infeasible   84        75.46711   66.67296  11.7%  62.6 1976s
 69406 39042   72.08864   61  149   75.46711   66.67296  11.7%  62.8 1987s
 69479 39488   73.42650   63  147   75.46711   66.67296  11.7%  62.8 2008s
 70279 39571     cutoff   75        75.46711   66.67296  11.7%  63.1 2025s
 70808 39405   72.04292   92  149   75.46711   66.67296  11.7%  63.2 2046s
 70867 40032   72.09169   97  160   75.46711   66.67296  11.7%  63.2 2053s
 72093 40326   71.08756   78  201   75.46711   66.67296  11.7%  63.5 2058s
 73285 39952   67.81913   56  187   75.46711   66.69540  11.6%  63.7 2096s
 73325 40260     cutoff   57        75.46711   66.69540  11.6%  63.7 2187s
 74082 40017   68.43969   81  159   75.46711   66.69540  11.6%  64.1 2208s
 74136 40396   69.61454   82  159   75.46711   66.69662  11.6%  64.1 2237s
 74964 40675   71.44632   77  186   75.46711   66.88458  11.4%  64.4 2242s
 76402 40453 infeasible   55        75.46711   66.93970  11.3%  64.7 2248s
 77487 40627   68.30094   61  229   75.46711   66.96826  11.3%  64.9 2254s
 79103 40732   68.62627   63  229   75.46711   66.97896  11.2%  65.2 2259s
 80629 40918   71.55343   86  219   75.46711   67.01863  11.2%  65.6 2265s
 82118 40842   70.33853   63  201   75.46711   67.09722  11.1%  65.9 2270s
 84904 41121     cutoff   86        75.46711   67.22690  10.9%  66.9 2281s
 86393 41163   67.91067   64  102   75.46711   67.24325  10.9%  67.2 2289s
 87362 40840   68.72499   59  219   75.46711   67.32537  10.8%  67.4 2290s
 87892 40793   68.97153   66  205   75.46711   67.33853  10.8%  67.5 2298s
 89397 40777     cutoff  109        75.46711   67.38377  10.7%  68.0 2321s
 94672 39044   74.04827   75  126   75.46711   67.48551  10.6%  69.0 2329s
 95647 38616     cutoff   80        75.46711   67.53479  10.5%  69.2 2337s
 97221 38239   73.08772   52  163   75.46711   67.64595  10.4%  69.5 2347s
 99016 37653     cutoff   59        75.46711   67.81759  10.1%  69.6 2356s
 100718 36995   70.48438   97  121   75.46711   67.92031  10.0%  69.8 2368s
 102511 36338   68.84270   76  223   75.46711   68.01605  9.87%  70.0 2377s
 104411 35486   68.78136   85  123   75.46711   68.07245  9.80%  70.2 2384s
 106526 34703     cutoff   80        75.46711   68.14438  9.70%  70.4 2389s
 107656 34326   70.24065   72  202   75.46711   68.21159  9.61%  70.5 2390s
 108662 34072   71.34243   98  191   75.46711   68.22111  9.60%  70.5 2398s
 110815 33434   69.30231   79   91   75.46711   68.38662  9.38%  70.6 2405s
 113118 32362   68.89549   83  174   75.46711   68.47484  9.27%  70.7 2414s
 115527 31147     cutoff   73        75.46711   68.59526  9.11%  70.8 2428s
 116027 29709   70.03075   60  234   75.46711   68.62190  9.07%  70.9 2437s
 118739 27947     cutoff  132        75.46711   68.70520  8.96%  71.0 2444s
 118798 27927   70.71066   76  212   75.46711   68.70826  8.96%  71.0 2445s
 121158 26495   69.29374   62  211   75.46711   68.87471  8.74%  71.2 2454s
 123494 24952   69.89821   75  152   75.46711   68.98924  8.58%  71.5 2464s
 125955 23249   69.59315   78  124   75.46711   69.03768  8.52%  71.7 2479s
 128634 19989   70.17711   61  268   75.46711   69.36544  8.09%  71.9 2492s
 132546 16546 infeasible   90        75.46711   69.61090  7.76%  71.6 2508s
 136317 13178     cutoff   90        75.46711   70.15173  7.04%  71.3 2521s
 139955 10041 infeasible   99        75.46711   70.60334  6.44%  71.2 2532s
 143855  7977   73.20577   90  153   75.46711   71.08562  5.81%  71.0 2544s

Cutting planes:
  Learned: 2
  Gomory: 162
  Cover: 216
  Implied bound: 360
  Projected implied bound: 10
  Clique: 3
  MIR: 521
  StrongCG: 4
  Flow cover: 1383
  GUB cover: 2
  Inf proof: 19
  Zero half: 11
  RLT: 62
  Relax-and-lift: 126

Explored 148653 nodes (10445325 simplex iterations) in 2544.51 seconds (335.64 work units)
Thread count was 32 (of 32 available processors)

Solution count 10: 75.4671 75.4671 75.4671 ... 75.5995

Optimal solution found (tolerance 5.00e-03)
Best objective 7.546711137065e+01, best bound 7.531828402966e+01, gap 0.1972%

Gurobi 9.5.2 (linux64) logging started Wed Jul 29 13:38:47 2026

Set parameter LogFile to value "logs/oracle_RmediumCfewTtight_2_gurobi.log"
Gurobi Optimizer version 9.5.2 build v9.5.2rc0 (linux64)
Thread count: 16 physical cores, 32 logical processors, using up to 32 threads
Optimize a model with 5781 rows, 3152 columns and 69505 nonzeros
Model fingerprint: 0xdfb55b7e
Variable types: 1972 continuous, 1180 integer (1180 binary)
Coefficient statistics:
  Matrix range     [3e-02, 1e+03]
  Objective range  [1e+00, 1e+00]
  Bounds range     [1e+00, 4e+01]
  RHS range        [2e-01, 5e+02]

User MIP start produced solution with objective 84.2515 (0.02s)
Loaded user MIP start with objective 84.2515

Presolve removed 1789 rows and 612 columns
Presolve time: 0.21s
Presolved: 3992 rows, 2540 columns, 59735 nonzeros
Variable types: 1516 continuous, 1024 integer (1024 binary)
Root relaxation presolve removed 171 rows and 69 columns
Root relaxation presolved: 3821 rows, 2471 columns, 34792 nonzeros

Extra simplex iterations after uncrush: 1

Root relaxation: objective 5.933997e+01, 3614 iterations, 0.30 seconds (0.46 work units)

    Nodes    |    Current Node    |     Objective Bounds      |     Work
 Expl Unexpl |  Obj  Depth IntInf | Incumbent    BestBd   Gap | It/Node Time

     0     0   59.33997    0  342   84.25146   59.33997  29.6%     -    0s
H    0     0                      83.8736198   59.44613  29.1%     -    1s
     0     0   63.45335    0  250   83.87362   63.45335  24.3%     -    1s
     0     0   63.71019    0  244   83.87362   63.71019  24.0%     -    1s
     0     0   63.71211    0  241   83.87362   63.71211  24.0%     -    1s
     0     0   63.71211    0  238   83.87362   63.71211  24.0%     -    1s
     0     0   64.43028    0  320   83.87362   64.43028  23.2%     -    2s
     0     0   64.58092    0  309   83.87362   64.58092  23.0%     -    2s
     0     0   64.61352    0  303   83.87362   64.61352  23.0%     -    2s
     0     0   64.61356    0  310   83.87362   64.61356  23.0%     -    2s
     0     0   65.14811    0  370   83.87362   65.14811  22.3%     -    2s
     0     0   65.19625    0  378   83.87362   65.19625  22.3%     -    2s
     0     0   65.20580    0  371   83.87362   65.20580  22.3%     -    2s
     0     0   65.20647    0  368   83.87362   65.20647  22.3%     -    2s
     0     0   65.67236    0  307   83.87362   65.67236  21.7%     -    3s
     0     0   65.70005    0  358   83.87362   65.70005  21.7%     -    3s
     0     0   65.70122    0  337   83.87362   65.70122  21.7%     -    3s
     0     0   66.09305    0  365   83.87362   66.09305  21.2%     -    3s
     0     0   66.12059    0  369   83.87362   66.12059  21.2%     -    3s
     0     0   66.12497    0  371   83.87362   66.12497  21.2%     -    3s
     0     0   66.12554    0  374   83.87362   66.12554  21.2%     -    3s
     0     0   66.46495    0  322   83.87362   66.46495  20.8%     -    4s
     0     0   66.51185    0  342   83.87362   66.51185  20.7%     -    4s
     0     0   66.53105    0  342   83.87362   66.53105  20.7%     -    4s
     0     0   66.53580    0  347   83.87362   66.53580  20.7%     -    4s
     0     0   66.53704    0  352   83.87362   66.53704  20.7%     -    4s
H    0     0                      83.7101220   66.86298  20.1%     -    5s
     0     0   66.86298    0  317   83.71012   66.86298  20.1%     -    5s
     0     0   66.90267    0  304   83.71012   66.90267  20.1%     -    5s
     0     0   66.90379    0  331   83.71012   66.90379  20.1%     -    5s
H    0     0                      83.5592754   66.90379  19.9%     -    6s
H    0     0                      83.1353485   66.90379  19.5%     -    6s
     0     0   67.04850    0  290   83.13535   67.04850  19.4%     -    6s
     0     0   67.07118    0  336   83.13535   67.07118  19.3%     -    6s
     0     0   67.07465    0  347   83.13535   67.07465  19.3%     -    6s
H    0     0                      82.6869445   67.07490  18.9%     -    6s
     0     0   67.07490    0  331   82.68694   67.07490  18.9%     -    6s
H    0     0                      81.9885527   67.07490  18.2%     -    6s
H    0     0                      81.9345174   67.07490  18.1%     -    6s
H    0     0                      81.3829080   67.07490  17.6%     -    6s
     0     0   67.17677    0  328   81.38291   67.17677  17.5%     -    6s
H    0     0                      81.3583231   67.18173  17.4%     -    6s
     0     0   67.18173    0  343   81.35832   67.18173  17.4%     -    6s
H    0     0                      80.5770590   67.18271  16.6%     -    6s
     0     0   67.18271    0  337   80.57706   67.18271  16.6%     -    6s
H    0     0                      80.5213767   67.18271  16.6%     -    7s
H    0     0                      80.2534061   67.28958  16.2%     -    7s
     0     0   67.28958    0  289   80.25341   67.28958  16.2%     -    7s
     0     0   67.29615    0  293   80.25341   67.29615  16.1%     -    7s
     0     0   67.29667    0  293   80.25341   67.29667  16.1%     -    7s
H    0     0                      80.1415879   67.29667  16.0%     -    7s
     0     0   67.34040    0  284   80.14159   67.34040  16.0%     -    7s
H    0     0                      79.0491387   67.34892  14.8%     -    7s
     0     0   67.34892    0  320   79.04914   67.34892  14.8%     -    7s
     0     0   67.35023    0  318   79.04914   67.35023  14.8%     -    7s
     0     0   67.40733    0  314   79.04914   67.40733  14.7%     -    8s
     0     0   67.41600    0  321   79.04914   67.41600  14.7%     -    8s
     0     0   67.41862    0  298   79.04914   67.41862  14.7%     -    8s
     0     0   67.43663    0  333   79.04914   67.43663  14.7%     -    8s
     0     0   67.43806    0  331   79.04914   67.43806  14.7%     -    8s
     0     0   67.48836    0  315   79.04914   67.48836  14.6%     -    9s
     0     0   67.51539    0  336   79.04914   67.51539  14.6%     -    9s
     0     0   67.51988    0  319   79.04914   67.51988  14.6%     -    9s
     0     0   67.52085    0  328   79.04914   67.52085  14.6%     -    9s
     0     0   67.55076    0  294   79.04914   67.55076  14.5%     -   10s
     0     0   67.55184    0  326   79.04914   67.55184  14.5%     -   10s
     0     0   67.56219    0  303   79.04914   67.56219  14.5%     -   10s
H    0     0                      78.9658054   67.56219  14.4%     -   10s
     0     0   67.56219    0  303   78.96581   67.56219  14.4%     -   10s
     0     2   67.56219    0  303   78.96581   67.56219  14.4%     -   11s
H   77    90                      78.9333905   67.62434  14.3%   245   13s
H   78    90                      78.7669916   67.62598  14.1%   248   13s
H   84    90                      78.6331831   67.64469  14.0%   251   13s
H  129   142                      78.3500371   67.66363  13.6%   249   15s
H  185   198                      78.3471046   68.01021  13.2%   245   21s
H  186   198                      78.3471045   68.01096  13.2%   246   21s
H  188   198                      78.2480496   68.06244  13.0%   246   21s
H  189   198                      78.1988343   68.08634  12.9%   249   21s
H  591   610                      78.1155009   68.62300  12.2%   190   24s
  1084  1161   77.55735   71  283   78.11550   68.66694  12.1%   146   25s
H 2066  1945                      78.0148522   68.93197  11.6%   129   29s
  2067  1946   77.10948   52  303   78.01485   68.93197  11.6%   129   30s
  2073  1950   77.07323   90  159   78.01485   68.93197  11.6%   129   35s
  2076  1952   69.66872   11  104   78.01485   68.93197  11.6%   129   41s
  2079  1957   68.93197   12  136   78.01485   68.93197  11.6%   146   45s
  2085  1964   69.07747   14  271   78.01485   68.93197  11.6%   150   50s
  2195  2029   74.91197   21  267   78.01485   68.93197  11.6%   183   55s
H 2202  1929                      77.9702106   68.93197  11.6%   192   55s
H 2241  1862                      77.9702105   68.93197  11.6%   195   58s
  2273  1898   69.05607   25  259   77.97021   68.93197  11.6%   200   60s
  2304  1904   69.00561   26  274   77.97021   68.93197  11.6%   207   65s
  2336  1954   74.13612   28  312   77.97021   68.93197  11.6%   211   70s
  2730  2146   69.29244   34  194   77.97021   69.10122  11.4%   200   75s
  2901  2297   69.24100   56  325   77.97021   69.24100  11.2%   196   80s
  3161  2460     cutoff   65        77.97021   69.28249  11.1%   189   85s
  4933  3703     cutoff   39        77.97021   69.38321  11.0%   140   90s
  6462  4546   69.89337   33  174   77.97021   69.43835  10.9%   120   95s
  8187  6024   70.08471   33  283   77.97021   69.49283  10.9%   107  100s
 11296  8759   69.56076   37  148   77.97021   69.53280  10.8%  88.4  105s
 15198 12565   70.29373   38  275   77.97021   69.56128  10.8%  76.3  110s
 15619 12572   69.69509   37  235   77.97021   69.56808  10.8%  75.7  115s
 17157 14317   69.67345   32  189   77.97021   69.58787  10.8%  73.9  120s
 19892 17316   70.29946   37  230   77.97021   69.60607  10.7%  70.8  126s
 22155 19406   70.51593   39  170   77.97021   69.61845  10.7%  68.2  131s
 25537 22272   69.68491   34  129   77.97021   69.63663  10.7%  65.0  136s
 29745 25743   69.80284   40  154   77.97021   69.65722  10.7%  61.4  141s
 32699 28677   70.22662   37  298   77.97021   69.67183  10.6%  60.2  146s
 34374 30223   70.49281   37  158   77.97021   69.68028  10.6%  59.5  150s
 37837 33307   70.09258   47  117   77.97021   69.69434  10.6%  57.8  155s
 41117 36212   69.84041   30  177   77.97021   69.70402  10.6%  56.7  160s
 44887 39918   69.77649   44  118   77.97021   69.71517  10.6%  55.8  167s
 45988 40853     cutoff   33        77.97021   69.71997  10.6%  55.7  170s
 50356 44779   69.77783   55   87   77.97021   69.73092  10.6%  54.5  176s
 52861 47048   70.07066   30  216   77.97021   69.73746  10.6%  54.3  181s
 54622 48540     cutoff   52        77.97021   69.74241  10.6%  54.4  186s
 58792 52410   70.51923   64   53   77.97021   69.75128  10.5%  53.6  191s
 63189 55835   69.83127   31  154   77.97021   69.75813  10.5%  52.5  202s
 63892 60613     cutoff   46        77.97021   69.76147  10.5%  52.4  212s
 69297 65162     cutoff   39        77.97021   69.77285  10.5%  52.0  216s
 76888 69962   69.89760   38  112   77.97021   69.78595  10.5%  50.1  221s
 83844 74898   69.82365   35  144   77.97021   69.79593  10.5%  48.7  227s
 85208 79316   70.23564   66   87   77.97021   69.79970  10.5%  48.8  232s
 90896 81970   70.55189   65  208   77.97021   69.80927  10.5%  47.9  235s
 96376 85805   69.82505   45  170   77.97021   69.81589  10.5%  47.3  241s
 98164 89289   69.99647   49   63   77.97021   69.82009  10.5%  47.4  246s
 102147 93000   70.63962   44  204   77.97021   69.82509  10.4%  46.9  250s
 106492 98111   69.93026   65   24   77.97021   69.83163  10.4%  46.6  257s
 111486 100416   70.03760   40   98   77.97021   69.83637  10.4%  46.0  261s
 114034 103592   70.01937   80   60   77.97021   69.84018  10.4%  45.9  266s
 117670 106306   70.41060   69  106   77.97021   69.84414  10.4%  45.7  270s
 123598 111415   70.17175   33  133   77.97021   69.85245  10.4%  45.2  276s
 127202 116524   69.94276   47  169   77.97021   69.85670  10.4%  45.1  283s
 131794 117306   70.15060   52   67   77.97021   69.86021  10.4%  44.7  285s
 136418 122459   69.98086   50  213   77.97021   69.86707  10.4%  44.5  291s
 141193 125772   69.92507   29  209   77.97021   69.87146  10.4%  44.2  295s
 145825 129882   69.97840   39  140   77.97021   69.87793  10.4%  43.9  301s
 151298 134388   70.04353   52  111   77.97021   69.88421  10.4%  43.5  306s
 154036 138011   70.09515   65   75   77.97021   69.88873  10.4%  43.5  310s
 158800 142211   70.00119   43  155   77.97021   69.89418  10.4%  43.2  315s
 165766 147350   69.98040   56   74   77.97021   69.90186  10.3%  42.9  321s
 168505 153066   69.94801   48  123   77.97021   69.90539  10.3%  42.8  326s
 174020 156270   70.19277   48  184   77.97021   69.91081  10.3%  42.6  331s
 178621 158922   70.09483   61  123   77.97021   69.91578  10.3%  42.5  336s
 182009 163554   70.09935   43  150   77.97021   69.92008  10.3%  42.5  342s
 185243 166718   70.79790   47  112   77.97021   69.92313  10.3%  42.5  346s
 190821 169984 infeasible   74        77.97021   69.92763  10.3%  42.2  350s
 193337 174600   70.07212   62   57   77.97021   69.93160  10.3%  42.3  355s
 200384 178302 infeasible   62        77.97021   69.93909  10.3%  42.0  361s
 203464 181054   70.00792   45  152   77.97021   69.94218  10.3%  42.0  366s
 205986 183307   70.04839   32  189   77.97021   69.94601  10.3%  42.0  370s
 210705 188550   70.94860   74  183   77.97021   69.95108  10.3%  41.9  376s
 213618 189802   70.17153   47  127   77.97021   69.95379  10.3%  42.0  380s
 218417 194166   70.03982   44  199   77.97021   69.95775  10.3%  41.8  386s
 222326 197821   70.58564   62  106   77.97021   69.96158  10.3%  41.8  390s
 226152 201209   70.86287   43  122   77.97021   69.96537  10.3%  41.7  395s
 230643 206665   70.68167   45  211   77.97021   69.96969  10.3%  41.7  401s
 234602 211134   70.21197   44  167   77.97021   69.97268  10.3%  41.6  406s
 240803 215483   70.37748   40  130   77.97021   69.97863  10.2%  41.5  411s
 245702 219765   70.79413   39  164   77.97021   69.98233  10.2%  41.4  416s
 248886 223023   70.05608   50  108   77.97021   69.98480  10.2%  41.3  420s
 254555 228096   69.99004   98   36   77.97021   69.98994  10.2%  41.2  425s
 258560 231247   70.70564   51  195   77.97021   69.99313  10.2%  41.1  431s
 260497 235233   70.06752   66   90   77.97021   69.99495  10.2%  41.2  435s
 269272 240049     cutoff   70        77.97021   70.00066  10.2%  41.0  441s
 272820 244246   70.27849   52  138   77.97021   70.00390  10.2%  41.0  446s
 278345 250009   70.81096   32  188   77.97021   70.00934  10.2%  41.0  452s
 282194 252874   70.11754   49   91   77.97021   70.01298  10.2%  40.9  456s
 287580 257539 infeasible   48        77.97021   70.01731  10.2%  40.9  461s
 291119 260663   70.12556   65   83   77.97021   70.02028  10.2%  40.9  465s
 297210 266729   70.15752   41  122   77.97021   70.02474  10.2%  40.8  472s
 301365 272883   70.27887   69  187   77.97021   70.02737  10.2%  40.7  478s
 306934 273706   71.02510   38  233   77.97021   70.03051  10.2%  40.6  481s
 309001 276988   70.33479   30  168   77.97021   70.03296  10.2%  40.7  485s
 314339 279964   70.18543   45  139   77.97021   70.03618  10.2%  40.6  490s
 319374 284614   70.23199   33  228   77.97021   70.03972  10.2%  40.5  496s
 322963 288657   70.14933   33  166   77.97021   70.04230  10.2%  40.5  501s
 328354 293826   70.23672   49   83   77.97021   70.04547  10.2%  40.5  506s
 331786 297278   70.83112   52   68   77.97021   70.04889  10.2%  40.5  510s
 337806 302602   70.08895   39  127   77.97021   70.05312  10.2%  40.4  516s
 341445 306030   70.23472   68   65   77.97021   70.05606  10.2%  40.4  520s
 345587 310270   70.37987   46  129   77.97021   70.05906  10.1%  40.3  526s
 352676 314722   70.21682   35  134   77.97021   70.06265  10.1%  40.2  531s
 356177 319432   70.84234   37  168   77.97021   70.06549  10.1%  40.2  535s
 362965 323957   70.16137   38   94   77.97021   70.06945  10.1%  40.1  541s
 366872 328804   70.09991   35  151   77.97021   70.07178  10.1%  40.1  546s
 370702 331636   71.23459   42  171   77.97021   70.07484  10.1%  40.1  550s
 375897 334982   70.37613   53  387   77.97021   70.07744  10.1%  40.1  555s
 379938 338592   71.05120   35  267   77.97021   70.08134  10.1%  40.1  561s
 383697 341831   70.72187   43  262   77.97021   70.08379  10.1%  40.1  566s
 387317 345459   70.28211   61  186   77.97021   70.08602  10.1%  40.1  570s
 393071 350524   70.24458   38  261   77.97021   70.08955  10.1%  40.1  576s
 396341 354300   70.72585   43  133   77.97021   70.09143  10.1%  40.1  580s
 399841 357987   70.44364   51  162   77.97021   70.09410  10.1%  40.1  585s
 404842 361707 infeasible   66        77.97021   70.09730  10.1%  40.1  590s
 409427 364933   70.42052   80  159   77.97021   70.10008  10.1%  40.1  595s
 415803 369847   70.96004   58  139   77.97021   70.10343  10.1%  40.1  602s
 417429 373326   70.31372   45  183   77.97021   70.10496  10.1%  40.1  607s
 421068 377329   70.52753   48   82   77.97021   70.10714  10.1%  40.2  612s
 425663 379760   70.25516   46  175   77.97021   70.10985  10.1%  40.1  617s
 427341 380871   70.21882   60  110   77.97021   70.11049  10.1%  40.2  620s
 431592 385154   71.69186   79   70   77.97021   70.11322  10.1%  40.2  625s
 435443 388544   70.49452   61   83   77.97021   70.11506  10.1%  40.3  630s
 441294 393145   70.60714   56   91   77.97021   70.11806  10.1%  40.3  635s
 445782 397269   70.16501   52  108   77.97021   70.12086  10.1%  40.3  641s
 450172 401957 infeasible   70        77.97021   70.12376  10.1%  40.3  646s
 453529 403900     cutoff   38        77.97021   70.12629  10.1%  40.3  661s
H453532 403900                      77.9702101   70.12632  10.1%  40.3  661s
 454470 407738   70.28864   48   96   77.97021   70.12666  10.1%  40.3  668s
 458800 412963   70.21204   43   95   77.97021   70.12916  10.1%  40.4  672s
 464644 415998   70.42689   82  189   77.97021   70.13182  10.1%  40.3  676s
 469583 420402   70.43380   41  134   77.97021   70.13482  10.0%  40.3  681s
 476546 424538   70.38927   38  182   77.97021   70.13829  10.0%  40.3  686s
 479602 427130   70.22247   49  143   77.97021   70.14022  10.0%  40.2  690s
 483972 432716   70.75798   56  226   77.97021   70.14291  10.0%  40.3  696s
 488039 435923 infeasible   85        77.97021   70.14532  10.0%  40.3  701s
 492957 439009   70.16618   38  121   77.97021   70.14751  10.0%  40.2  705s
 497257 442679   70.30927   46  149   77.97021   70.14965  10.0%  40.3  710s
 501178 446351     cutoff   48        77.97021   70.15212  10.0%  40.3  715s
 506445 451093   70.28566   29  226   77.97021   70.15463  10.0%  40.3  722s
 510967 455119   70.61342   47  150   77.97021   70.15678  10.0%  40.3  727s
 515042 459940   70.28111   46  168   77.97021   70.15923  10.0%  40.3  732s
 517819 461179   70.27106   43  205   77.97021   70.16093  10.0%  40.3  735s
 522221 464917   70.51760   36  153   77.97021   70.16314  10.0%  40.3  740s
 526137 468017     cutoff   35        77.97021   70.16498  10.0%  40.3  745s
 530145 471971   70.56926   39  124   77.97021   70.16745  10.0%  40.3  750s
 534291 475696   70.34802   54  244   77.97021   70.16983  10.0%  40.3  755s
 541053 481321   70.51828   52   99   77.97021   70.17362  10.0%  40.3  761s
 544153 483874   70.41546   49  110   77.97021   70.17577  10.0%  40.3  765s
 550152 489060   70.66285   71  128   77.97021   70.17873  10.0%  40.3  772s
 553328 492151   71.17262   37  174   77.97021   70.18059  10.0%  40.3  776s
 557601 496389   70.32921   46  121   77.97021   70.18283  10.0%  40.3  782s
 559441 499824   70.47391   46  146   77.97021   70.18344  10.0%  40.3  785s
 564605 504018   70.30560   42  186   77.97021   70.18603  10.0%  40.3  790s
 569624 508239   70.28882   56   92   77.97021   70.18834  10.0%  40.2  795s
 573901 511764   70.80765   36  138   77.97021   70.19034  10.0%  40.2  800s
 578064 515872   70.46642   37  150   77.97021   70.19250  10.0%  40.2  806s
 583829 519177   70.27370   45   89   77.97021   70.19527  10.0%  40.2  810s
 590279 524931   70.42213   58   88   77.97021   70.19812  10.0%  40.1  817s
 593966 528122   70.42397   34  202   77.97021   70.20012  10.0%  40.1  821s
 597240 531221   70.37514   48  126   77.97021   70.20160  10.0%  40.1  826s
 602229 535064   70.32198   39  218   77.97021   70.20412  10.0%  40.1  831s
 605512 538265   70.42959   37  170   77.97021   70.20570  10.0%  40.1  837s
 609542 543914   70.48107   43  176   77.97021   70.20755  10.0%  40.1  842s
 613985 546448 infeasible   64        77.97021   70.20929  10.0%  40.1  846s
 617630 549101   70.55961   66  156   77.97021   70.21126  10.0%  40.1  851s
 622213 553255   70.45025   42   56   77.97021   70.21315  9.95%  40.1  856s
 623569 558856   70.22106   56  153   77.97021   70.21406  9.95%  40.1  861s
 630915 560743   71.85926   36   97   77.97021   70.21731  9.94%  40.1  866s
 634376 565821   73.77955   90   51   77.97021   70.21885  9.94%  40.1  871s
 638790 569465   70.52625   38  159   77.97021   70.22088  9.94%  40.1  876s
 643302 573679 infeasible  113        77.97021   70.22279  9.94%  40.1  881s
 648146 577760   70.99231   59  123   77.97021   70.22494  9.93%  40.1  886s
 652370 581564   71.12442   43   95   77.97021   70.22671  9.93%  40.1  891s
 656685 585337   70.40546   50  112   77.97021   70.22815  9.93%  40.1  896s
 662246 588664   73.67953  100   96   77.97021   70.23012  9.93%  40.0  900s
 666439 591848 infeasible   69        77.97021   70.23184  9.92%  40.0  906s
H666593 591848                      77.9702096   70.23199  9.92%  40.0  907s
 667107 598140   70.63082   45  149   77.97021   70.23233  9.92%  40.0  916s
 674407 599769   70.98005   52  106   77.97021   70.23492  9.92%  40.1  920s
 680543 607149   70.36826   33  215   77.97021   70.23718  9.92%  40.1  927s
 684653 608508   70.52046   41  183   77.97021   70.23940  9.92%  40.0  930s
 689405 612687     cutoff   52        77.97021   70.24149  9.91%  40.0  936s
 690874 617399   71.83118   74  120   77.97021   70.24219  9.91%  40.1  941s
 697289 619790   70.84599   66  123   77.97021   70.24458  9.91%  40.1  947s
 699004 622805   70.77579   88  174   77.97021   70.24560  9.91%  40.1  950s
 705457 626389   74.87035   63  171   77.97021   70.24826  9.90%  40.0  955s
 709903 631177   71.12050   34  186   77.97021   70.25036  9.90%  40.1  961s
 715392 636803     cutoff   58        77.97021   70.25248  9.90%  40.1  967s
 718434 637978     cutoff   48        77.97021   70.25399  9.90%  40.1  970s
 722356 641469   70.25582   44  130   77.97021   70.25582  9.89%  40.1  975s
 726931 646093   70.42799   58   82   77.97021   70.25816  9.89%  40.1  980s
 730917 649829   71.66904   67  123   77.97021   70.25979  9.89%  40.1  986s
 736474 653307   70.83209   46   98   77.97021   70.26174  9.89%  40.1  991s
 740237 656813   70.36074   40  187   77.97021   70.26294  9.88%  40.1  996s
 744443 661733 infeasible   79        77.97021   70.26512  9.88%  40.1 1002s
 747158 663022   70.35245   43  122   77.97021   70.26590  9.88%  40.1 1005s
 751671 668473   71.19430   45  191   77.97021   70.26805  9.88%  40.1 1011s
 755912 672384   70.31712   54   64   77.97021   70.27007  9.88%  40.1 1015s
 760822 675771   70.63035   49  106   77.97021   70.27168  9.87%  40.1 1020s
 764522 679646   70.32132   43  182   77.97021   70.27365  9.87%  40.1 1026s
 770279 683249   70.76854   38  151   77.97021   70.27590  9.87%  40.1 1030s
 774464 688042   74.61997   94   64   77.97021   70.27779  9.87%  40.1 1036s
 778829 692358   70.38842   42  134   77.97021   70.27957  9.86%  40.2 1041s
 784515 695451   70.40713   45   67   77.97021   70.28194  9.86%  40.1 1046s
 788424 699028   74.93402   46  113   77.97021   70.28349  9.86%  40.2 1052s
 789737 701548   70.39460   41  204   77.97021   70.28425  9.86%  40.2 1055s
 795647 705163     cutoff   71        77.97021   70.28630  9.85%  40.2 1060s
 797093 709937   70.60667   64  202   77.97021   70.28696  9.85%  40.2 1066s
 803786 713506   70.56144   39  224   77.97021   70.28978  9.85%  40.2 1072s
 806678 715185   71.78627   53   49   77.97021   70.29081  9.85%  40.2 1075s
 810627 720199   70.37494   59  108   77.97021   70.29221  9.85%  40.2 1081s
 815688 724077   70.45663   41  111   77.97021   70.29398  9.85%  40.2 1087s
 818698 726772   70.39264   39  167   77.97021   70.29533  9.84%  40.2 1090s
 822889 730654   70.43257   43   83   77.97021   70.29720  9.84%  40.2 1095s
 827272 734241   70.54702   59  132   77.97021   70.29860  9.84%  40.2 1100s
 831592 737568   70.55304   49  168   77.97021   70.30036  9.84%  40.2 1106s
 835402 741432 infeasible   42        77.97021   70.30169  9.84%  40.2 1112s
 838455 742803   71.45440   55  117   77.97021   70.30295  9.83%  40.2 1115s
 843343 746929 infeasible   94        77.97021   70.30455  9.83%  40.2 1120s
 845969 750453   70.98058   53  148   77.97021   70.30623  9.83%  40.2 1125s
 852085 754465   71.33822   49  176   77.97021   70.30814  9.83%  40.2 1131s
 855904 758260     cutoff   80        77.97021   70.30966  9.82%  40.2 1136s
 859990 761878   70.43421   42  183   77.97021   70.31114  9.82%  40.2 1142s
 864811 766684   70.48292   32  173   77.97021   70.31263  9.82%  40.2 1146s
 868437 770026     cutoff   58        77.97021   70.31404  9.82%  40.3 1152s
 873886 773814   70.37629   67   52   77.97021   70.31577  9.82%  40.2 1156s
 877866 778556   70.33166   68   80   77.97021   70.31734  9.82%  40.2 1161s
 881739 782084   71.81300   57   60   77.97021   70.31871  9.81%  40.3 1166s
 886270 787255 infeasible   99        77.97021   70.32024  9.81%  40.3 1173s
 890259 790059   70.43853   42  101   77.97021   70.32165  9.81%  40.3 1176s
 894820 794297 infeasible   55        77.97021   70.32318  9.81%  40.3 1182s
 898078 796797   71.40993   40  115   77.97021   70.32383  9.81%  40.2 1185s
 902497 800512   70.37290   38  219   77.97021   70.32574  9.80%  40.2 1190s
 907469 804119   73.46410   52  137   77.97021   70.32705  9.80%  40.2 1196s
 912750 810082   71.12086   78  178   77.97021   70.32899  9.80%  40.2 1202s
 915812 811449   71.39528   57  218   77.97021   70.33027  9.80%  40.2 1205s
 920483 816486   70.90667   42  240   77.97021   70.33179  9.80%  40.2 1210s
 924410 820492   71.18613   51  168   77.97021   70.33321  9.79%  40.3 1215s
 929249 825874   70.57543   54  117   77.97021   70.33512  9.79%  40.3 1222s
 933668 827094   70.35153   49  126   77.97021   70.33628  9.79%  40.2 1225s
 937701 831088   70.95523   47  104   77.97021   70.33784  9.79%  40.3 1231s
 942818 836400   70.82180   46  112   77.97021   70.33958  9.79%  40.3 1237s
 948318 839929   70.67178   61  137   77.97021   70.34192  9.78%  40.2 1242s
 949871 843587     cutoff   64        77.97021   70.34257  9.78%  40.3 1246s
 956003 848111 infeasible   92        77.97021   70.34501  9.78%  40.3 1252s
 959440 850753     cutoff   55        77.97021   70.34652  9.78%  40.3 1255s
 967134 856794   71.58529   57   89   77.97021   70.34932  9.77%  40.3 1261s
 971030 862317     cutoff   62        77.97021   70.35187  9.77%  40.3 1266s
 977598 866176   72.15464   57  185   77.97021   70.35404  9.77%  40.3 1270s
 984710 871924   71.20471   69  126   77.97021   70.35670  9.76%  40.3 1276s
 989845 876726   70.65993   87  114   77.97021   70.35888  9.76%  40.3 1281s
 994342 878977   75.46155   40  141   77.97021   70.36049  9.76%  40.3 1293s
 995342 882196 infeasible   52        77.97021   70.36083  9.76%  40.3 1297s
 999103 886253   76.24817   46  147   77.97021   70.36195  9.76%  40.3 1301s
 1008195 893690     cutoff   64        77.97021   70.36483  9.75%  40.3 1306s
 1013729 897749     cutoff   61        77.97021   70.36706  9.75%  40.3 1310s
 1021290 902625 infeasible   54        77.97021   70.36952  9.75%  40.3 1316s
 1025400 906962     cutoff   48        77.97021   70.37154  9.75%  40.3 1320s
 1031491 911497     cutoff   35        77.97021   70.37386  9.74%  40.3 1326s
 1035831 916724 infeasible   51        77.97021   70.37573  9.74%  40.3 1330s
 1043210 922521   70.65154   38  176   77.97021   70.37875  9.74%  40.3 1336s
 1046677 925830   74.62274   39  142   77.97021   70.38052  9.73%  40.3 1340s
 1053923 932027   70.99377   36  152   77.97021   70.38269  9.73%  40.3 1345s
 1058422 937453   71.79990   70  135   77.97021   70.38426  9.73%  40.3 1350s
 1067143 943697   70.67607   33  163   77.97021   70.38762  9.72%  40.3 1355s
 1072373 947767     cutoff   42        77.97021   70.38944  9.72%  40.3 1360s
 1076221 951534 infeasible   48        77.97021   70.39072  9.72%  40.3 1365s
 1083611 955674     cutoff   42        77.97021   70.39346  9.72%  40.3 1370s
 1086852 956080     cutoff   52        77.97021   70.39786  9.71%  40.3 1375s
 1092168 956915     cutoff   48        77.97021   70.41008  9.70%  40.4 1382s
 1094905 956968 infeasible   43        77.97021   70.41296  9.69%  40.5 1385s
 1098098 956869     cutoff   93        77.97021   70.42205  9.68%  40.6 1390s
 1102009 957738     cutoff   80        77.97021   70.43154  9.67%  40.6 1396s
 1107234 958000     cutoff   55        77.97021   70.44165  9.66%  40.7 1403s
 1109681 958541     cutoff   63        77.97021   70.44535  9.65%  40.8 1406s
 1115091 959213   70.80459   47  212   77.97021   70.45533  9.64%  40.9 1412s
 1117447 959424     cutoff   44        77.97021   70.45940  9.63%  40.9 1415s
 1121762 959919     cutoff   48        77.97021   70.46704  9.62%  41.0 1420s
 1125810 960813 infeasible   87        77.97021   70.47674  9.61%  41.0 1428s
 1128608 961195     cutoff   52        77.97021   70.48106  9.61%  41.1 1432s
 1131791 961603     cutoff   48        77.97021   70.48586  9.60%  41.1 1435s
 1136643 962358     cutoff   57        77.97021   70.49441  9.59%  41.2 1440s
 1140565 963450     cutoff   61        77.97021   70.50089  9.58%  41.3 1446s
 1143514 963492     cutoff   52        77.97021   70.50702  9.57%  41.3 1458s
 1144813 963733 infeasible   81        77.97021   70.50839  9.57%  41.4 1460s
 1149388 965998     cutoff   39        77.97021   70.51726  9.56%  41.4 1469s
 1153860 966629     cutoff   91        77.97021   70.52275  9.55%  41.5 1473s
 1155979 967642     cutoff   37        77.97021   70.52774  9.55%  41.5 1476s
 1159640 968111     cutoff   67        77.97021   70.53247  9.54%  41.6 1480s
 1164645 969511     cutoff   50        77.97021   70.54084  9.53%  41.6 1486s
 1168568 970843     cutoff   38        77.97021   70.54706  9.52%  41.7 1493s
 1172446 971567     cutoff   43        77.97021   70.55271  9.51%  41.7 1497s
 1174951 973002     cutoff   46        77.97021   70.55537  9.51%  41.8 1501s
 1180723 974394     cutoff   56        77.97021   70.56364  9.50%  41.8 1507s
 1183785 975065     cutoff   37        77.97021   70.56789  9.49%  41.9 1510s
 1188886 975815     cutoff   47        77.97021   70.57476  9.48%  41.9 1515s
 1193671 978045     cutoff   49        77.97021   70.58220  9.48%  42.0 1522s
 1197226 979329     cutoff   50        77.97021   70.58668  9.47%  42.0 1525s
 1202833 980771     cutoff   37        77.97021   70.59600  9.46%  42.0 1531s
 1205984 981473 infeasible   54        77.97021   70.60050  9.45%  42.1 1535s
 1208302 982993 infeasible   63        77.97021   70.60271  9.45%  42.1 1540s
 1213766 985138     cutoff   56        77.97021   70.60982  9.44%  42.1 1547s
 1217071 986215     cutoff   45        77.97021   70.61271  9.44%  42.1 1550s
 1223496 988884     cutoff   54        77.97021   70.62090  9.43%  42.2 1556s
 1229248 990981     cutoff   59        77.97021   70.62768  9.42%  42.2 1562s
 1234169 993513     cutoff   62        77.97021   70.63435  9.41%  42.3 1569s
 1238430 994772     cutoff   58        77.97021   70.63840  9.40%  42.3 1572s
 1240813 996587     cutoff   37        77.97021   70.64169  9.40%  42.3 1577s
 1244691 997560 infeasible   42        77.97021   70.64526  9.39%  42.3 1580s
 1249291 999773   71.28275   90  105   77.97021   70.65046  9.39%  42.3 1587s
 1252701 1000641     cutoff   55        77.97021   70.65392  9.38%  42.4 1590s
 1257714 1003344 infeasible   45        77.97021   70.65988  9.38%  42.4 1596s
 1262763 1005376     cutoff   57        77.97021   70.66612  9.37%  42.4 1603s
 1266146 1006489     cutoff   42        77.97021   70.66944  9.36%  42.5 1607s
 1268374 1007986     cutoff   44        77.97021   70.67185  9.36%  42.5 1611s
 1275153 1010911     cutoff   47        77.97021   70.67924  9.35%  42.5 1617s
 1277390 1012455     cutoff   53        77.97021   70.68141  9.35%  42.5 1621s
 1282854 1015555 infeasible   84        77.97021   70.68566  9.34%  42.5 1628s
 1286435 1017461     cutoff   44        77.97021   70.68967  9.34%  42.5 1632s
 1290146 1018676     cutoff   52        77.97021   70.69237  9.33%  42.5 1636s
 1292198 1020801     cutoff   59        77.97021   70.69467  9.33%  42.5 1640s
 1298170 1023627 infeasible   67        77.97021   70.69944  9.33%  42.6 1648s
 1301205 1025783     cutoff   49        77.97021   70.70209  9.32%  42.6 1651s
 1304909 1027218   70.72435   31  212   77.97021   70.70559  9.32%  42.6 1655s
 1310948 1030881     cutoff   59        77.97021   70.71005  9.31%  42.6 1663s
 1313813 1032154     cutoff   61        77.97021   70.71245  9.31%  42.6 1666s
 1315900 1034356   70.75478   48  209   77.97021   70.71432  9.31%  42.6 1670s
 1322182 1036717     cutoff   49        77.97021   70.71851  9.30%  42.6 1677s
 1323660 1039367 infeasible   41        77.97021   70.72023  9.30%  42.7 1681s
 1327810 1040772   70.75625   35  178   77.97021   70.72331  9.29%  42.7 1685s
 1330084 1043506 infeasible   57        77.97021   70.72525  9.29%  42.7 1690s
 1337903 1047186     cutoff   81        77.97021   70.73003  9.29%  42.7 1697s
 1340033 1049116   70.96443   57  283   77.97021   70.73244  9.28%  42.7 1701s
 1343214 1051337     cutoff   53        77.97021   70.73475  9.28%  42.7 1705s
 1348961 1054632     cutoff   40        77.97021   70.73898  9.27%  42.7 1712s
 1352232 1056147 infeasible   81        77.97021   70.74108  9.27%  42.7 1716s
 1354507 1058683     cutoff   54        77.97021   70.74265  9.27%  42.7 1720s
 1361997 1062749   72.58484   64  269   77.97021   70.74750  9.26%  42.7 1728s
 1364557 1066293     cutoff   53        77.97021   70.74923  9.26%  42.7 1734s
 1369584 1068756     cutoff   75        77.97021   70.75148  9.26%  42.7 1737s
 1373353 1069699   70.75535   56  141   77.97021   70.75407  9.25%  42.7 1741s
 1378760 1074531   70.84050   59  103   77.97021   70.75814  9.25%  42.7 1748s
 1381720 1077284     cutoff   64        77.97021   70.75924  9.25%  42.7 1752s
 1385586 1079043   70.94506   56  108   77.97021   70.76170  9.25%  42.7 1756s
 1388055 1083209 infeasible   56        77.97021   70.76275  9.24%  42.7 1761s
 1393746 1085721     cutoff   42        77.97021   70.76529  9.24%  42.7 1766s
 1399324 1089682     cutoff   56        77.97021   70.76846  9.24%  42.7 1773s
 1403325 1092180     cutoff   39        77.97021   70.77046  9.23%  42.7 1777s
 1406841 1093649     cutoff   57        77.97021   70.77308  9.23%  42.7 1781s
 1408854 1098121   70.78871   43  146   77.97021   70.77417  9.23%  42.7 1789s
 1415090 1101210   70.78715   53   78   77.97021   70.77650  9.23%  42.7 1793s
 1419277 1102783   70.78821   75  132   77.97021   70.77905  9.22%  42.7 1796s
 1421464 1105724 infeasible   49        77.97021   70.78027  9.22%  42.8 1800s
 1428984 1108321     cutoff   67        77.97021   70.78321  9.22%  42.7 1805s
 1431838 1113683 infeasible   63        77.97021   70.78534  9.21%  42.7 1814s
 1436732 1116507     cutoff   53        77.97021   70.78723  9.21%  42.7 1818s
 1440467 1118089     cutoff   47        77.97021   70.78872  9.21%  42.7 1822s
 1442770 1121018   71.89686   50  147   77.97021   70.78997  9.21%  42.7 1825s
 1451001 1127229     cutoff   36        77.97021   70.79352  9.20%  42.7 1831s
 1457090 1131481   70.79640   71   74   77.97021   70.79640  9.20%  42.7 1838s
 1461253 1134081   70.82418   58   68   77.97021   70.79856  9.20%  42.7 1842s
 1464574 1135455     cutoff   61        77.97021   70.79998  9.20%  42.7 1845s
 1470959 1141432 infeasible   46        77.97021   70.80242  9.19%  42.7 1852s
 1474569 1143913     cutoff   81        77.97021   70.80436  9.19%  42.7 1856s
 1477848 1146429     cutoff   42        77.97021   70.80540  9.19%  42.7 1860s
 1483970 1151873     cutoff   62        77.97021   70.80743  9.19%  42.7 1869s
 1488613 1154811     cutoff   45        77.97021   70.80998  9.18%  42.7 1872s
 1492721 1157445   70.87708   40  177   77.97021   70.81210  9.18%  42.7 1876s
 1496249 1159200   71.04005   63  109   77.97021   70.81315  9.18%  42.7 1880s
 1498916 1162736     cutoff   52        77.97021   70.81476  9.18%  42.7 1885s
 1507759 1166910 infeasible   77        77.97021   70.81887  9.17%  42.6 1893s
 1509606 1169894     cutoff   51        77.97021   70.81985  9.17%  42.6 1897s
 1513651 1172781     cutoff   46        77.97021   70.82198  9.17%  42.6 1901s
 1517421 1174613     cutoff   84        77.97021   70.82334  9.17%  42.6 1905s
 1519856 1178866     cutoff   46        77.97021   70.82420  9.17%  42.6 1911s
 1529144 1183181     cutoff   55        77.97021   70.82816  9.16%  42.6 1916s
 1531394 1185617 infeasible   45        77.97021   70.82921  9.16%  42.6 1920s
 1538465 1191388     cutoff   61        77.97021   70.83214  9.15%  42.6 1929s
 1542446 1193063 infeasible   54        77.97021   70.83323  9.15%  42.6 1932s
 1544643 1195761     cutoff   38        77.97021   70.83447  9.15%  42.6 1936s
 1548295 1198413   70.85055   36  162   77.97021   70.83634  9.15%  42.6 1940s
 1554220 1203744     cutoff   43        77.97021   70.83842  9.15%  42.6 1947s
 1558573 1205889     cutoff   50        77.97021   70.83960  9.15%  42.6 1951s
 1561380 1209204   70.86513   69  101   77.97021   70.84023  9.14%  42.6 1955s
 1567605 1213292     cutoff   56        77.97021   70.84289  9.14%  42.6 1960s
 1574686 1217962     cutoff   33        77.97021   70.84558  9.14%  42.6 1965s
 1580771 1223999   74.19793   61  173   77.97021   70.84738  9.14%  42.6 1972s
 1584375 1226933     cutoff   50        77.97021   70.84833  9.13%  42.6 1976s
 1588085 1228279   71.08010   60  145   77.97021   70.85000  9.13%  42.6 1980s
 1589885 1231793   71.05026   73  141   77.97021   70.85046  9.13%  42.6 1985s
 1598064 1236208 infeasible   41        77.97021   70.85333  9.13%  42.5 1992s
 1599994 1239055     cutoff   56        77.97021   70.85437  9.13%  42.6 1996s
 1607249 1243634     cutoff   34        77.97021   70.85646  9.12%  42.5 2003s
 1609545 1248247     cutoff   53        77.97021   70.85716  9.12%  42.6 2009s
 1615232 1250977   71.18766   53   63   77.97021   70.85869  9.12%  42.5 2013s
 1618607 1252641     cutoff   57        77.97021   70.86007  9.12%  42.5 2016s
 1620648 1256130   72.13870   60  219   77.97021   70.86085  9.12%  42.5 2020s
 1628410 1261582   71.07546   53  108   77.97021   70.86319  9.12%  42.5 2028s
 1632341 1263084     cutoff   46        77.97021   70.86433  9.11%  42.5 2032s
 1634379 1265688     cutoff   46        77.97021   70.86524  9.11%  42.5 2035s
 1639913 1269939   70.94351   53  191   77.97021   70.86693  9.11%  42.6 2043s
 1643485 1271775     cutoff   52        77.97021   70.86793  9.11%  42.6 2047s
 1645882 1274805 infeasible   55        77.97021   70.86883  9.11%  42.6 2051s
 1649724 1277506 infeasible   43        77.97021   70.86995  9.11%  42.6 2055s
 1655506 1281588     cutoff   51        77.97021   70.87218  9.10%  42.6 2062s
 1659086 1283541     cutoff   73        77.97021   70.87310  9.10%  42.6 2066s
 1661829 1285390     cutoff   97        77.97021   70.87384  9.10%  42.6 2070s
 1668323 1291107     cutoff   51        77.97021   70.87601  9.10%  42.6 2078s
 1671701 1293053   71.31482   56  125   77.97021   70.87704  9.10%  42.6 2082s
 1674219 1296454     cutoff   69        77.97021   70.87803  9.10%  42.6 2087s
 1678574 1299680 infeasible   87        77.97021   70.87900  9.09%  42.6 2091s
 1682953 1301034     cutoff   53        77.97021   70.88001  9.09%  42.6 2095s
 1688435 1305964     cutoff   72        77.97021   70.88246  9.09%  42.6 2102s
 1691499 1307616     cutoff   66        77.97021   70.88304  9.09%  42.6 2106s
 1693694 1310378   70.88597   40  150   77.97021   70.88423  9.09%  42.6 2110s
 1700677 1315705     cutoff   37        77.97021   70.88593  9.09%  42.6 2117s
 1704043 1317293   71.14244   55   99   77.97021   70.88713  9.08%  42.6 2121s
 1709500 1322383     cutoff   55        77.97021   70.88849  9.08%  42.6 2127s
 1712757 1324102 infeasible   50        77.97021   70.88945  9.08%  42.6 2131s
 1715173 1326853     cutoff   44        77.97021   70.89063  9.08%  42.6 2135s
 1718790 1326815 infeasible  128        77.97021   70.89140  9.08%  42.6 2151s
 1718861 1328325     cutoff   77        77.97021   70.89169  9.08%  42.6 2155s
 1723260 1332722   70.91194   59   74   77.97021   70.89333  9.08%  42.6 2164s
 1726703 1335931     cutoff   62        77.97021   70.89389  9.08%  42.6 2169s
 1730761 1337827 infeasible   67        77.97021   70.89488  9.07%  42.7 2173s
 1733242 1340755 infeasible   65        77.97021   70.89569  9.07%  42.7 2177s
 1737000 1343865   70.93004   44  190   77.97021   70.89702  9.07%  42.7 2181s
 1742566 1347884     cutoff   49        77.97021   70.89855  9.07%  42.7 2188s
 1746135 1350381     cutoff   40        77.97021   70.89936  9.07%  42.7 2192s
 1749573 1351858   74.46315   70  167   77.97021   70.90005  9.07%  42.7 2196s
 1751543 1354291 infeasible   69        77.97021   70.90065  9.07%  42.7 2200s
 1758004 1358465     cutoff   76        77.97021   70.90260  9.06%  42.7 2207s
 1760167 1362747   71.48157   63   89   77.97021   70.90346  9.06%  42.7 2213s
 1765591 1365507   71.02581   39  228   77.97021   70.90494  9.06%  42.7 2218s
 1769191 1367038     cutoff   52        77.97021   70.90567  9.06%  42.7 2221s
 1771250 1369814 infeasible   81        77.97021   70.90661  9.06%  42.7 2226s
 1778484 1374320     cutoff   60        77.97021   70.90839  9.06%  42.7 2234s
 1780768 1378625     cutoff   37        77.97021   70.90915  9.06%  42.7 2239s
 1786199 1380203   71.91764   56  161   77.97021   70.91064  9.05%  42.7 2243s
 1788182 1382909   71.07177   74  195   77.97021   70.91125  9.05%  42.7 2246s
 1791725 1386168     cutoff   60        77.97021   70.91217  9.05%  42.7 2250s
 1797671 1390418   70.91576   65   98   77.97021   70.91356  9.05%  42.7 2255s
 1805090 1395805     cutoff   54        77.97021   70.91536  9.05%  42.7 2261s
 1809637 1399814     cutoff   55        77.97021   70.91670  9.05%  42.7 2267s
 1812872 1402777     cutoff   49        77.97021   70.91723  9.05%  42.7 2271s
 1816633 1404039     cutoff   53        77.97021   70.91828  9.04%  42.7 2275s
 1821344 1409230     cutoff   65        77.97021   70.91962  9.04%  42.7 2282s
 1824867 1410839 infeasible   47        77.97021   70.92017  9.04%  42.7 2286s
 1827071 1414748 infeasible   79        77.97021   70.92100  9.04%  42.8 2292s
 1832028 1417928 infeasible   59        77.97021   70.92223  9.04%  42.8 2296s
 1836038 1417954     cutoff   75        77.97021   70.92331  9.04%  42.8 2305s
 1838335 1422681 infeasible   48        77.97021   70.92387  9.04%  42.8 2313s
 1841996 1424363   70.96676   66  100   77.97021   70.92483  9.04%  42.8 2317s
 1844197 1427439     cutoff   43        77.97021   70.92550  9.04%  42.8 2320s
 1851552 1431848     cutoff   87        77.97021   70.92739  9.03%  42.8 2328s
 1853572 1434656   71.06997   70   68   77.97021   70.92781  9.03%  42.8 2332s
 1856949 1437823   71.84818   67   38   77.97021   70.92841  9.03%  42.8 2336s
 1863108 1442343   71.01695   63  131   77.97021   70.92985  9.03%  42.8 2343s
 1866588 1445241   71.19087   35  167   77.97021   70.93039  9.03%  42.8 2347s
 1870193 1448035     cutoff   49        77.97021   70.93155  9.03%  42.8 2351s
 1875478 1452266 infeasible   66        77.97021   70.93265  9.03%  42.8 2358s
 1879170 1453803     cutoff   44        77.97021   70.93382  9.02%  42.8 2362s
 1881125 1456714   71.03543   38  176   77.97021   70.93439  9.02%  42.8 2366s
 1884757 1459647     cutoff   45        77.97021   70.93530  9.02%  42.8 2370s
 1890700 1464167   71.72837   53  149   77.97021   70.93684  9.02%  42.8 2377s
 1894341 1466673 infeasible   54        77.97021   70.93786  9.02%  42.8 2381s
 1900094 1470078     cutoff   61        77.97021   70.93940  9.02%  42.8 2387s
 1901962 1472594   71.19748   57  118   77.97021   70.93975  9.02%  42.8 2391s
 1905195 1475088 infeasible   69        77.97021   70.94040  9.02%  42.8 2395s
 1910934 1479536     cutoff   65        77.97021   70.94174  9.01%  42.8 2402s
 1913900 1482371   71.12693   61  129   77.97021   70.94243  9.01%  42.8 2406s
 1918083 1483741     cutoff   50        77.97021   70.94326  9.01%  42.8 2410s
 1922520 1488927   70.95737   51  157   77.97021   70.94436  9.01%  42.8 2417s
 1925542 1490454   71.84348   49  154   77.97021   70.94507  9.01%  42.8 2421s
 1927636 1493240     cutoff   51        77.97021   70.94559  9.01%  42.8 2425s
 1934517 1497371     cutoff   63        77.97021   70.94729  9.01%  42.8 2433s
 1936363 1501307   71.37016   52  142   77.97021   70.94774  9.01%  42.8 2439s
 1941440 1502429     cutoff   86        77.97021   70.94903  9.00%  42.9 2442s
 1943170 1504214 infeasible   53        77.97021   70.95010  9.00%  42.9 2446s
 1947708 1506634   71.63310   72   88   77.97021   70.95283  9.00%  42.9 2452s
 1949749 1508412   71.77448   68  143   77.97021   70.95427  9.00%  43.0 2456s
 1952539 1510025     cutoff   50        77.97021   70.95578  9.00%  43.0 2461s
 1957069 1513062     cutoff   39        77.97021   70.95910  8.99%  43.1 2467s
 1959458 1512430     cutoff   41        77.97021   70.96031  8.99%  43.1 2470s
 1963904 1509875 infeasible   56        77.97021   70.96650  8.98%  43.1 2478s
 1966149 1508417 infeasible   66        77.97021   70.97208  8.98%  43.1 2482s
 1968353 1507144     cutoff   73        77.97021   70.97687  8.97%  43.1 2487s
 1971009 1505680     cutoff   83        77.97021   70.97968  8.97%  43.1 2490s
 1974489 1503670 infeasible   48        77.97021   70.98873  8.95%  43.1 2495s
 1977628 1502020 infeasible   55        77.97021   70.99458  8.95%  43.2 2501s
 1980995 1499718     cutoff   46        77.97021   70.99849  8.94%  43.2 2507s
 1984122 1498194 infeasible   60        77.97021   71.00445  8.93%  43.2 2512s
 1986641 1496204     cutoff   36        77.97021   71.01094  8.93%  43.2 2518s
 1989309 1494281 infeasible   69        77.97021   71.01670  8.92%  43.3 2523s
 1992262 1492679 infeasible   48        77.97021   71.02066  8.91%  43.3 2528s
 1994691 1491483 infeasible   97        77.97021   71.02569  8.91%  43.3 2531s
 1996712 1489528 infeasible   71        77.97021   71.03149  8.90%  43.4 2535s
 2002514 1484927     cutoff   53        77.97021   71.04429  8.88%  43.4 2543s
 2005499 1483444 infeasible   75        77.97021   71.04844  8.88%  43.4 2547s
 2007737 1481688     cutoff   56        77.97021   71.05512  8.87%  43.5 2551s
 2010338 1479969     cutoff   61        77.97021   71.06042  8.86%  43.5 2555s
 2015633 1476161     cutoff   67        77.97021   71.07189  8.85%  43.5 2562s
 2018288 1474637     cutoff   89        77.97021   71.07896  8.84%  43.6 2566s
 2021632 1473616     cutoff  108        77.97021   71.08338  8.83%  43.6 2570s
 2026052 1469751 infeasible   67        77.97021   71.09443  8.82%  43.6 2579s
 2029542 1468311     cutoff   49        77.97021   71.10123  8.81%  43.6 2583s
 2032528 1466384     cutoff   37        77.97021   71.10683  8.80%  43.6 2588s
 2035506 1464902     cutoff   58        77.97021   71.11300  8.79%  43.7 2591s
 2040467 1461975 infeasible   53        77.97021   71.12267  8.78%  43.7 2597s
 2043145 1460684     cutoff  109        77.97021   71.12749  8.78%  43.7 2601s
 2045646 1459088 infeasible   55        77.97021   71.13391  8.77%  43.7 2606s
 2048582 1457292     cutoff   73        77.97021   71.13949  8.76%  43.8 2612s
 2051704 1455675     cutoff   77        77.97021   71.14518  8.75%  43.8 2618s
 2054234 1454651     cutoff   54        77.97021   71.14983  8.75%  43.8 2623s
 2056800 1453082 infeasible   54        77.97021   71.15437  8.74%  43.9 2628s
 2060315 1451311     cutoff   77        77.97021   71.16249  8.73%  43.9 2632s
 2063440 1450415     cutoff   56        77.97021   71.16879  8.72%  43.9 2635s
 2069412 1447477     cutoff   88        77.97021   71.18089  8.71%  43.9 2643s
 2072239 1445803 infeasible   61        77.97021   71.18599  8.70%  43.9 2647s
 2076405 1444922     cutoff   40        77.97021   71.19258  8.69%  44.0 2650s
 2081117 1442601     cutoff   56        77.97021   71.20268  8.68%  44.0 2657s
 2085248 1441560     cutoff  103        77.97021   71.20832  8.67%  44.0 2660s
 2089148 1439692     cutoff   55        77.97021   71.21728  8.66%  44.0 2668s
 2091910 1438240 infeasible   77        77.97021   71.22223  8.65%  44.0 2672s
 2096084 1437578 infeasible   65        77.97021   71.23105  8.64%  44.1 2677s
 2098613 1436428     cutoff   64        77.97021   71.23297  8.64%  44.1 2680s
 2104050 1434549     cutoff   96        77.97021   71.24435  8.63%  44.1 2687s
 2107793 1433876     cutoff   48        77.97021   71.25128  8.62%  44.1 2691s
 2110050 1433338     cutoff   52        77.97021   71.25565  8.61%  44.1 2695s
 2115825 1432449 infeasible  134        77.97021   71.26516  8.60%  44.1 2703s
 2120128 1432324     cutoff   65        77.97021   71.26997  8.59%  44.1 2706s
 2124461 1431799     cutoff   51        77.97021   71.27815  8.58%  44.2 2712s
 2126248 1431605     cutoff   59        77.97021   71.28021  8.58%  44.2 2717s
 2129674 1430609     cutoff   53        77.97021   71.28533  8.57%  44.2 2722s
 2132387 1429807     cutoff   68        77.97021   71.29011  8.57%  44.2 2725s
 2138532 1429315 infeasible   87        77.97021   71.29943  8.56%  44.2 2733s
 2142355 1428924     cutoff   59        77.97021   71.30510  8.55%  44.2 2736s
 2148335 1428959     cutoff   57        77.97021   71.31437  8.54%  44.2 2742s
 2150048 1428892 infeasible   69        77.97021   71.31697  8.53%  44.2 2748s
 2155671 1428584     cutoff   56        77.97021   71.32180  8.53%  44.2 2751s
 2157031 1428623     cutoff   41        77.97021   71.32589  8.52%  44.2 2755s
 2159159 1428526     cutoff   74        77.97021   71.32910  8.52%  44.2 2760s
 2167778 1428531     cutoff   56        77.97021   71.33955  8.50%  44.2 2768s
 2169892 1428247     cutoff   42        77.97021   71.34367  8.50%  44.2 2773s
 2173445 1428076 infeasible   57        77.97021   71.34774  8.49%  44.2 2776s
 2175596 1428460 infeasible   59        77.97021   71.35197  8.49%  44.2 2780s
 2181712 1429154     cutoff   62        77.97021   71.35956  8.48%  44.3 2789s
 2187576 1429328 infeasible   85        77.97021   71.36573  8.47%  44.3 2793s
 2189465 1429988 infeasible   71        77.97021   71.36803  8.47%  44.3 2798s
 2193554 1429884 infeasible   92        77.97021   71.37280  8.46%  44.3 2802s
 2195860 1430544   73.84419   58  159   77.97021   71.37651  8.46%  44.3 2806s
 2200128 1431448     cutoff   85        77.97021   71.37961  8.45%  44.3 2810s
 2205696 1432304     cutoff   60        77.97021   71.38634  8.44%  44.3 2819s
 2210039 1432610     cutoff   78        77.97021   71.39018  8.44%  44.3 2824s
 2212340 1433376     cutoff   52        77.97021   71.39342  8.43%  44.3 2830s
 2217098 1433476     cutoff   57        77.97021   71.39812  8.43%  44.3 2835s
 2219478 1434331     cutoff   54        77.97021   71.40122  8.42%  44.3 2842s
 2224200 1434536     cutoff  113        77.97021   71.40540  8.42%  44.3 2846s
 2225869 1435523     cutoff   45        77.97021   71.40823  8.42%  44.4 2851s
 2229165 1436309     cutoff   54        77.97021   71.41198  8.41%  44.3 2855s
 2234238 1437606     cutoff   54        77.97021   71.41709  8.40%  44.4 2864s
 2238008 1437946     cutoff   50        77.97021   71.42029  8.40%  44.3 2868s
 2240278 1439039     cutoff   74        77.97021   71.42300  8.40%  44.4 2874s
 2244685 1439102     cutoff   55        77.97021   71.42700  8.39%  44.4 2878s
 2246618 1439844     cutoff   61        77.97021   71.43000  8.39%  44.4 2883s
 2250116 1440711     cutoff  103        77.97021   71.43320  8.38%  44.4 2888s
 2253743 1440945     cutoff   60        77.97021   71.43665  8.38%  44.4 2893s
 2255170 1442050     cutoff   58        77.97021   71.43790  8.38%  44.4 2898s
 2259081 1442456 infeasible   66        77.97021   71.44194  8.37%  44.4 2903s
 2261040 1443686 infeasible   39        77.97021   71.44401  8.37%  44.4 2910s
 2265554 1444985 infeasible   98        77.97021   71.44666  8.37%  44.4 2915s
 2271211 1448036     cutoff   74        77.97021   71.45223  8.36%  44.4 2930s
 2278681 1448481     cutoff   51        77.97021   71.45775  8.35%  44.4 2935s
 2280550 1450422     cutoff  102        77.97021   71.45968  8.35%  44.4 2942s
 2285530 1450952     cutoff   63        77.97021   71.46320  8.35%  44.4 2947s
 2287845 1452245     cutoff   50        77.97021   71.46504  8.34%  44.4 2954s
 2291470 1453105     cutoff   54        77.97021   71.46871  8.34%  44.4 2959s
 2293999 1454865     cutoff   65        77.97021   71.47062  8.34%  44.4 2966s
 2298573 1455483     cutoff   68        77.97021   71.47318  8.33%  44.4 2971s
 2300526 1457155     cutoff   51        77.97021   71.47497  8.33%  44.4 2978s
 2305397 1458864     cutoff   91        77.97021   71.47894  8.33%  44.4 2984s
 2309461 1459257     cutoff   80        77.97021   71.48179  8.32%  44.4 2989s
 2311567 1461147     cutoff   40        77.97021   71.48362  8.32%  44.4 2995s
 2316393 1462719   71.75368   68  229   77.97021   71.48718  8.31%  44.4 3001s
 2319953 1463217     cutoff   64        77.97021   71.48954  8.31%  44.4 3005s
 2321462 1464622 infeasible  164        77.97021   71.49098  8.31%  44.4 3011s
 2325023 1466263     cutoff   53        77.97021   71.49317  8.31%  44.4 3018s
 2329441 1466767     cutoff   62        77.97021   71.49593  8.30%  44.4 3023s
 2331662 1469112   71.74744   74  195   77.97021   71.49793  8.30%  44.4 3029s
 2336370 1471171   71.62271   71  183   77.97021   71.50142  8.30%  44.4 3035s
 2340760 1471737 infeasible   60        77.97021   71.50382  8.29%  44.4 3040s
 2342381 1475332     cutoff   83        77.97021   71.50513  8.29%  44.4 3051s
 2350161 1476074 infeasible   91        77.97021   71.51009  8.29%  44.4 3056s
 2351904 1478457     cutoff   87        77.97021   71.51130  8.28%  44.4 3062s
 2356959 1480466 infeasible   71        77.97021   71.51438  8.28%  44.4 3068s
 2361364 1480745     cutoff   63        77.97021   71.51665  8.28%  44.4 3073s
 2362445 1486001     cutoff   91        77.97021   71.51757  8.28%  44.4 3087s
 2373244 1486643 infeasible   67        77.97021   71.52324  8.27%  44.4 3092s
 2375002 1488836     cutoff   43        77.97021   71.52541  8.27%  44.4 3098s
 2379585 1489489   71.59350   54  148   77.97021   71.52856  8.26%  44.4 3104s
 2381710 1491164     cutoff   39        77.97021   71.53032  8.26%  44.4 3110s
 2388373 1492514     cutoff   85        77.97021   71.53265  8.26%  44.4 3115s
 2388752 1493123     cutoff   84        77.97021   71.53451  8.25%  44.4 3120s
 2390462 1495470     cutoff   77        77.97021   71.53617  8.25%  44.4 3127s
 2395646 1497561     cutoff   50        77.97021   71.53913  8.25%  44.4 3133s
 2399978 1498070     cutoff   48        77.97021   71.54190  8.24%  44.4 3139s
 2401372 1498724     cutoff   50        77.97021   71.54268  8.24%  44.4 3154s
 2402241 1498724   71.55946   62  153   77.97021   71.54307  8.24%  44.4 3155s
 2402905 1499754     cutoff   52        77.97021   71.54334  8.24%  44.4 3162s
 2405466 1502429     cutoff   79        77.97021   71.54487  8.24%  44.4 3170s
 2411127 1504257   72.87378   48  203   77.97021   71.54906  8.24%  44.4 3176s
 2414797 1504989 infeasible   72        77.97021   71.55066  8.23%  44.4 3181s
 2416351 1507363 infeasible   54        77.97021   71.55201  8.23%  44.4 3188s
 2421474 1509140     cutoff   59        77.97021   71.55465  8.23%  44.4 3194s
 2423610 1509140     cutoff   87        77.97021   71.55504  8.23%  44.4 3195s
 2425259 1509946     cutoff   48        77.97021   71.55663  8.23%  44.4 3201s
 2427372 1512494   71.60772   58  171   77.97021   71.55815  8.22%  44.4 3210s
 2432490 1514122   71.97621   48  199   77.97021   71.56026  8.22%  44.4 3216s
 2435781 1514780 infeasible   60        77.97021   71.56242  8.22%  44.4 3221s

Gurobi 9.5.2 (linux64) logging started Wed Jul 29 14:32:30 2026

Set parameter LogFile to value "logs/oracle_RmediumCfewTtight_2_gurobi.log"
Gurobi Optimizer version 9.5.2 build v9.5.2rc0 (linux64)
Thread count: 16 physical cores, 32 logical processors, using up to 32 threads
Optimize a model with 6636 rows, 3740 columns and 69783 nonzeros
Model fingerprint: 0x308ca6a5
Variable types: 2267 continuous, 1473 integer (1473 binary)
Coefficient statistics:
  Matrix range     [2e-02, 1e+03]
  Objective range  [1e+00, 1e+00]
  Bounds range     [1e+00, 4e+01]
  RHS range        [6e-02, 5e+02]

User MIP start did not produce a new incumbent solution

Presolve removed 1796 rows and 677 columns
Presolve time: 0.24s
Presolved: 4840 rows, 3063 columns, 57111 nonzeros
Variable types: 1838 continuous, 1225 integer (1224 binary)
Root relaxation presolve removed 236 rows and 142 columns
Root relaxation presolved: 4604 rows, 2921 columns, 35425 nonzeros

Extra simplex iterations after uncrush: 3

Root relaxation: objective 5.836094e+01, 5617 iterations, 0.58 seconds (0.76 work units)
Another try with MIP start

    Nodes    |    Current Node    |     Objective Bounds      |     Work
 Expl Unexpl |  Obj  Depth IntInf | Incumbent    BestBd   Gap | It/Node Time

H    0     0                      76.0593351   58.36094  23.3%     -    2s
     0     0   58.36094    0  272   76.05934   58.36094  23.3%     -    2s
     0     0   58.87155    0  417   76.05934   58.87155  22.6%     -    3s
     0     0   58.87948    0  398   76.05934   58.87948  22.6%     -    3s
     0     0   59.05957    0  429   76.05934   59.05957  22.4%     -    4s
     0     0   59.06910    0  447   76.05934   59.06910  22.3%     -    4s
     0     0   59.06946    0  448   76.05934   59.06946  22.3%     -    4s
     0     0   59.06950    0  452   76.05934   59.06950  22.3%     -    4s
     0     0   59.23561    0  465   76.05934   59.23561  22.1%     -    5s
     0     0   59.24869    0  485   76.05934   59.24869  22.1%     -    5s
     0     0   59.24985    0  488   76.05934   59.24985  22.1%     -    5s
     0     0   59.25007    0  497   76.05934   59.25007  22.1%     -    5s
     0     0   59.34884    0  495   76.05934   59.34884  22.0%     -    6s
     0     0   59.37695    0  544   76.05934   59.37695  21.9%     -    6s
     0     0   59.37751    0  525   76.05934   59.37751  21.9%     -    6s
     0     0   59.37751    0  527   76.05934   59.37751  21.9%     -    6s
 2437514 1517077     cutoff   59        77.97021   71.56346  8.22%  44.4 3229s
     0     0   59.46893    0  482   76.05934   59.46893  21.8%     -    7s
     0     0   59.48744    0  515   76.05934   59.48744  21.8%     -    7s
     0     0   59.49155    0  523   76.05934   59.49155  21.8%     -    7s
     0     0   59.49159    0  524   76.05934   59.49159  21.8%     -    7s
     0     0   59.97055    0  475   76.05934   59.97055  21.2%     -    8s
     0     0   59.98567    0  461   76.05934   59.98567  21.1%     -    9s
     0     0   59.98857    0  462   76.05934   59.98857  21.1%     -    9s
     0     0   59.98972    0  463   76.05934   59.98972  21.1%     -    9s
     0     0   59.98987    0  471   76.05934   59.98987  21.1%     -    9s
     0     0   60.21125    0  499   76.05934   60.21125  20.8%     -   10s
     0     0   60.22352    0  511   76.05934   60.22352  20.8%     -   10s
     0     0   60.22509    0  522   76.05934   60.22509  20.8%     -   10s
     0     0   60.22515    0  532   76.05934   60.22515  20.8%     -   10s
     0     0   60.35197    0  576   76.05934   60.35197  20.7%     -   11s
     0     0   60.35528    0  541   76.05934   60.35528  20.6%     -   11s
     0     0   60.35656    0  584   76.05934   60.35656  20.6%     -   11s
     0     0   60.35666    0  585   76.05934   60.35666  20.6%     -   11s
     0     0   60.44022    0  552   76.05934   60.44022  20.5%     -   12s
     0     0   60.44239    0  579   76.05934   60.44239  20.5%     -   12s
     0     0   60.44254    0  574   76.05934   60.44254  20.5%     -   12s
     0     0   60.46587    0  573   76.05934   60.46587  20.5%     -   13s
 2441777 1519459     cutoff  104        77.97021   71.56540  8.21%  44.4 3236s
     0     0   60.46824    0  563   76.05934   60.46824  20.5%     -   13s
     0     0   60.46895    0  588   76.05934   60.46895  20.5%     -   13s
     0     0   60.49654    0  594   76.05934   60.49654  20.5%     -   14s
     0     0   60.50048    0  595   76.05934   60.50048  20.5%     -   14s
     0     0   60.50154    0  607   76.05934   60.50154  20.5%     -   14s
     0     0   60.50183    0  615   76.05934   60.50183  20.5%     -   14s
     0     0   60.52160    0  569   76.05934   60.52160  20.4%     -   15s
     0     0   60.52546    0  563   76.05934   60.52546  20.4%     -   15s
     0     0   60.52674    0  572   76.05934   60.52674  20.4%     -   15s
     0     0   60.52724    0  579   76.05934   60.52724  20.4%     -   15s
     0     0   60.56657    0  605   76.05934   60.56657  20.4%     -   16s
     0     0   60.57065    0  612   76.05934   60.57065  20.4%     -   16s
     0     0   60.57189    0  629   76.05934   60.57189  20.4%     -   16s
     0     0   60.57190    0  630   76.05934   60.57190  20.4%     -   16s
     0     0   60.61856    0  617   76.05934   60.61856  20.3%     -   17s
     0     0   60.62457    0  609   76.05934   60.62457  20.3%     -   17s
     0     0   60.62646    0  630   76.05934   60.62646  20.3%     -   17s
     0     0   60.62647    0  633   76.05934   60.62647  20.3%     -   17s
     0     0   60.67283    0  574   76.05934   60.67283  20.2%     -   19s
     0     0   60.67802    0  570   76.05934   60.67802  20.2%     -   19s
     0     0   60.67879    0  575   76.05934   60.67879  20.2%     -   19s
     0     0   60.75241    0  535   76.05934   60.75241  20.1%     -   20s
 2446311 1520382   72.20484   50  196   77.97021   71.56809  8.21%  44.5 3243s
     0     0   60.78319    0  542   76.05934   60.78319  20.1%     -   20s
     0     0   60.79242    0  574   76.05934   60.79242  20.1%     -   20s
     0     0   60.79274    0  578   76.05934   60.79274  20.1%     -   20s
     0     0   60.96816    0  533   76.05934   60.96816  19.8%     -   21s
     0     0   60.98317    0  542   76.05934   60.98317  19.8%     -   21s
     0     0   60.98526    0  547   76.05934   60.98526  19.8%     -   21s
     0     0   60.98598    0  552   76.05934   60.98598  19.8%     -   21s
     0     0   61.13603    0  536   76.05934   61.13603  19.6%     -   22s
     0     0   61.16969    0  533   76.05934   61.16969  19.6%     -   22s
     0     0   61.17360    0  552   76.05934   61.17360  19.6%     -   22s
     0     0   61.17393    0  547   76.05934   61.17393  19.6%     -   22s
     0     0   61.30446    0  525   76.05934   61.30446  19.4%     -   23s
     0     0   61.32131    0  542   76.05934   61.32131  19.4%     -   23s
     0     0   61.32272    0  538   76.05934   61.32272  19.4%     -   23s
     0     0   61.32287    0  542   76.05934   61.32287  19.4%     -   23s
     0     0   61.48198    0  530   76.05934   61.48198  19.2%     -   24s
     0     0   61.52665    0  542   76.05934   61.52665  19.1%     -   24s
     0     0   61.53557    0  564   76.05934   61.53557  19.1%     -   24s
     0     0   61.53769    0  567   76.05934   61.53769  19.1%     -   25s
     0     0   61.53774    0  579   76.05934   61.53774  19.1%     -   25s
     0     0   61.64678    0  516   76.05934   61.64678  18.9%     -   25s
     0     0   61.65998    0  525   76.05934   61.65998  18.9%     -   26s
     0     0   61.66502    0  535   76.05934   61.66502  18.9%     -   26s
     0     0   61.66532    0  535   76.05934   61.66532  18.9%     -   26s
     0     0   61.86831    0  550   76.05934   61.86831  18.7%     -   27s
     0     0   61.89568    0  550   76.05934   61.89568  18.6%     -   27s
     0     0   61.90174    0  552   76.05934   61.90174  18.6%     -   27s
     0     0   61.90274    0  552   76.05934   61.90274  18.6%     -   27s
 2448368 1523090     cutoff   39        77.97021   71.56936  8.21%  44.5 3251s
     0     0   62.09853    0  522   76.05934   62.09853  18.4%     -   28s
     0     0   62.13075    0  496   76.05934   62.13075  18.3%     -   28s
     0     0   62.13434    0  535   76.05934   62.13434  18.3%     -   28s
     0     0   62.13543    0  505   76.05934   62.13543  18.3%     -   28s
     0     0   62.22205    0  472   76.05934   62.22205  18.2%     -   29s
     0     0   62.25352    0  502   76.05934   62.25352  18.2%     -   29s
     0     0   62.25689    0  538   76.05934   62.25689  18.1%     -   29s
     0     0   62.25732    0  508   76.05934   62.25732  18.1%     -   29s
     0     0   62.39579    0  500   76.05934   62.39579  18.0%     -   30s
     0     0   62.42240    0  523   76.05934   62.42240  17.9%     -   31s
     0     0   62.43384    0  529   76.05934   62.43384  17.9%     -   31s
     0     0   62.43419    0  540   76.05934   62.43419  17.9%     -   31s
     0     0   62.53603    0  474   76.05934   62.53603  17.8%     -   31s
     0     0   62.55086    0  486   76.05934   62.55086  17.8%     -   31s
     0     0   62.55186    0  483   76.05934   62.55186  17.8%     -   31s
     0     0   62.63318    0  541   76.05934   62.63318  17.7%     -   32s
     0     0   62.63960    0  537   76.05934   62.63960  17.6%     -   32s
     0     0   62.64222    0  540   76.05934   62.64222  17.6%     -   32s
     0     0   62.64277    0  536   76.05934   62.64277  17.6%     -   33s
     0     0   62.71016    0  505   76.05934   62.71016  17.6%     -   33s
     0     0   62.71996    0  534   76.05934   62.71996  17.5%     -   33s
     0     0   62.72682    0  545   76.05934   62.72682  17.5%     -   34s
     0     0   62.72759    0  545   76.05934   62.72759  17.5%     -   34s
     0     0   62.84824    0  500   76.05934   62.84824  17.4%     -   34s
     0     0   62.86582    0  551   76.05934   62.86582  17.3%     -   34s
     0     0   62.86909    0  548   76.05934   62.86909  17.3%     -   35s
     0     0   62.87076    0  542   76.05934   62.87076  17.3%     -   35s
     0     0   63.02048    0  520   76.05934   63.02048  17.1%     -   35s
     0     0   63.02982    0  531   76.05934   63.02982  17.1%     -   35s
     0     0   63.03101    0  531   76.05934   63.03101  17.1%     -   35s
     0     0   63.15035    0  462   76.05934   63.15035  17.0%     -   36s
     0     0   63.15735    0  466   76.05934   63.15735  17.0%     -   36s
     0     0   63.15856    0  496   76.05934   63.15856  17.0%     -   36s
     0     0   63.30454    0  490   76.05934   63.30454  16.8%     -   36s
     0     0   63.31300    0  484   76.05934   63.31300  16.8%     -   37s
     0     0   63.31847    0  495   76.05934   63.31847  16.8%     -   37s
     0     0   63.31856    0  495   76.05934   63.31856  16.8%     -   37s
     0     0   63.39340    0  447   76.05934   63.39340  16.7%     -   37s
     0     0   63.40864    0  461   76.05934   63.40864  16.6%     -   37s
     0     0   63.40879    0  470   76.05934   63.40879  16.6%     -   37s
     0     0   63.45841    0  467   76.05934   63.45841  16.6%     -   37s
     0     0   63.46019    0  479   76.05934   63.46019  16.6%     -   37s
     0     0   63.53637    0  486   76.05934   63.53637  16.5%     -   38s
     0     0   63.55147    0  457   76.05934   63.55147  16.4%     -   38s
     0     0   63.55172    0  478   76.05934   63.55172  16.4%     -   38s
     0     0   63.58041    0  491   76.05934   63.58041  16.4%     -   39s
H    0     0                      76.0066030   63.58041  16.3%     -   39s
     0     0   63.59438    0  497   76.00660   63.59438  16.3%     -   39s
     0     0   63.59711    0  465   76.00660   63.59711  16.3%     -   39s
     0     0   63.59746    0  503   76.00660   63.59746  16.3%     -   39s
     0     0   63.62219    0  408   76.00660   63.62219  16.3%     -   40s
H    0     0                      75.8589915   63.62219  16.1%     -   40s
     0     0   63.62353    0  441   75.85899   63.62353  16.1%     -   40s
     0     0   63.63923    0  444   75.85899   63.63923  16.1%     -   40s
     0     0   63.63923    0  377   75.85899   63.63923  16.1%     -   41s
H    0     0                      75.7838298   63.63923  16.0%     -   41s
H    0     0                      74.7264907   63.63923  14.8%     -   41s
     0     2   63.63923    0  359   74.72649   63.63923  14.8%     -   42s
H   31    47                      74.5335992   63.77141  14.4%   434   43s
H   33    47                      74.2082304   63.78797  14.0%   430   43s
H   35    47                      74.1794375   63.78797  14.0%   424   43s
H   40    47                      74.1680510   63.78797  14.0%   414   43s
 2453936 1523051     cutoff   45        77.97021   71.57099  8.21%  44.5 3267s
    63    79   63.86601    7  436   74.16805   63.86259  13.9%   420   45s
H   83    95                      74.1560938   63.90005  13.8%   391   45s
H  139   154                      74.1068477   63.91509  13.8%   353   48s
H  202   218                      74.1068477   63.92749  13.7%   344   49s
H  216   218                      73.7409804   63.92750  13.3%   356   49s
H  248   267                      73.6734606   63.94921  13.2%   346   49s
H  258   267                      73.5865312   63.94930  13.1%   338   50s
H  260   267                      73.3243137   63.94930  12.8%   342   50s
H  311   331                      73.2567939   63.94952  12.7%   322   50s
H  379   390                      73.2567939   63.95110  12.7%   300   51s
H  396   380                      73.1021459   63.95110  12.5%   295   51s
H  461   406                      73.0825591   63.95116  12.5%   271   57s
H  463   405                      65.9158042   63.95116  2.98%   270   57s
H  466   405                      65.6752237   63.95116  2.63%   268   57s
   828   634   64.11752   18  382   65.67522   64.11752  2.37%   251   60s
H 1505  1196                      65.6752237   64.18465  2.27%   208   62s
  1883  1457   65.62036   50  377   65.67522   64.20607  2.24%   199   68s
  1887  1460   64.36377   18  303   65.67522   64.20607  2.24%   199   70s
  1890  1462   64.51290   20  374   65.67522   64.20607  2.24%   198   75s
  1901  1469   64.33564   17  364   65.67522   64.30208  2.09%   197   80s
  1910  1475   64.49469   12  330   65.67522   64.49469  1.80%   196   85s
  1919  1484   64.54792   11  292   65.67522   64.54792  1.72%   218   91s
  1964  1521   64.65701   16  229   65.67522   64.57228  1.68%   218   95s
H 1997  1466                      65.6109019   64.59489  1.55%   217   95s
H 2028  1416                      65.5633547   64.59489  1.48%   215   96s
H 2032  1347                      65.3702906   64.59836  1.18%   215   96s
H 2034  1283                      65.2931959   64.59836  1.06%   215   96s
H 2041  1219                      65.2599487   64.59836  1.01%   215   96s
 2454042 1530209     cutoff   62        77.97021   71.57144  8.21%  44.5 3321s
H 2061  1175                      65.2599486   64.59836  1.01%   215   99s
H 2062  1119                      65.2307793   64.59866  0.97%   215   99s
H 2067  1066                      65.1507448   64.59866  0.85%   215   99s
  2092  1081   64.67374   20  284   65.15074   64.60192  0.84%   214  100s
  2889  1652   64.73376   38  159   65.15074   64.73376  0.64%   188  105s
  5011  3127   64.90341   27  199   65.15074   64.76853  0.59%   153  110s
 2470058 1533707     cutoff   37        77.97021   71.57901  8.20%  44.5 3335s
  8056  5855   64.80632   36  134   65.15074   64.80632  0.53%   140  115s
 2476253 1535461     cutoff   41        77.97021   71.58368  8.19%  44.5 3340s
  8748  6146   64.81736   36  150   65.15074   64.81736  0.51%   139  120s

Cutting planes:
  Learned: 1
  Gomory: 220
  Lift-and-project: 20
  Cover: 48
  Implied bound: 150
  Projected implied bound: 43
  Clique: 2
  MIR: 628
  StrongCG: 3
  Flow cover: 1303
  Flow path: 2
  Zero half: 5
  RLT: 101
  Relax-and-lift: 48
  BQP: 1
  PSD: 1

Explored 9683 nodes (1384007 simplex iterations) in 121.80 seconds (113.31 work units)
Thread count was 32 (of 32 available processors)

Solution count 10: 65.1507 65.2308 65.2599 ... 65.6752

Optimal solution found (tolerance 5.00e-03)
Best objective 6.515074483840e+01, best bound 6.482532600355e+01, gap 0.4995%
 2479536 1537264     cutoff   71        77.97021   71.58438  8.19%  44.6 3345s
 2483423 1539361     cutoff   50        77.97021   71.58727  8.19%  44.6 3350s
 2487216 1541667     cutoff   56        77.97021   71.58908  8.18%  44.6 3356s
 2491378 1543941     cutoff   33        77.97021   71.59085  8.18%  44.6 3362s
 2495206 1545950     cutoff   39        77.97021   71.59228  8.18%  44.6 3368s
 2499203 1547970     cutoff   52        77.97021   71.59447  8.18%  44.6 3374s
 2502940 1550468 infeasible   82        77.97021   71.59571  8.18%  44.6 3381s
 2507146 1552033 infeasible   57        77.97021   71.59765  8.17%  44.6 3387s
H2509534 1552033                      77.9702046   71.59803  8.17%  44.6 3388s
 2510098 1554609     cutoff   54        77.97020   71.59913  8.17%  44.6 3395s
 2514621 1556591     cutoff   76        77.97020   71.60067  8.17%  44.6 3401s
 2518172 1558931   73.05129   56  200   77.97020   71.60245  8.17%  44.6 3408s
 2522819 1560783     cutoff   86        77.97020   71.60455  8.16%  44.6 3414s
 2525991 1563520   71.73862   70  194   77.97020   71.60593  8.16%  44.6 3421s
 2530808 1566014     cutoff   69        77.97020   71.60744  8.16%  44.6 3427s
 2535168 1568078 infeasible   83        77.97020   71.60918  8.16%  44.6 3434s
 2539039 1568936     cutoff  105        77.97020   71.61080  8.16%  44.6 3439s
 2540854 1571351   72.05686   66  222   77.97020   71.61191  8.15%  44.6 3446s
 2545402 1573339     cutoff   61        77.97020   71.61363  8.15%  44.6 3451s
 2548710 1574274     cutoff   49        77.97020   71.61538  8.15%  44.6 3457s
 2550514 1577378 infeasible   99        77.97020   71.61605  8.15%  44.6 3465s
 2556050 1579697     cutoff   50        77.97020   71.61818  8.15%  44.6 3472s
 2560255 1580637     cutoff   46        77.97020   71.61981  8.14%  44.6 3478s
 2562289 1583779 infeasible   79        77.97020   71.62107  8.14%  44.6 3485s
 2568042 1586006   72.90093   49  233   77.97020   71.62335  8.14%  44.6 3491s
 2571742 1585891   75.72489   52  211   77.97020   71.62482  8.14%  44.6 3498s
 2574022 1585641   73.97795   59  211   77.97020   71.62653  8.14%  44.6 3503s
 2576297 1585315     cutoff   59        77.97020   71.62928  8.13%  44.7 3510s
 2578807 1584818     cutoff   53        77.97020   71.63376  8.13%  44.7 3517s
 2581857 1584502   75.00639   66  183   77.97020   71.63836  8.12%  44.8 3524s
 2584776 1584032     cutoff   79        77.97020   71.64264  8.12%  44.8 3533s
 2587706 1583597     cutoff   50        77.97020   71.64717  8.11%  44.9 3542s
 2591422 1583096 infeasible   52        77.97020   71.65103  8.10%  44.9 3551s
 2594632 1582363 infeasible   80        77.97020   71.65671  8.10%  45.0 3560s
 2598114 1582038   75.10254   47  175   77.97020   71.66129  8.09%  45.0 3570s
 2601320 1581662     cutoff   41        77.97020   71.66580  8.09%  45.1 3578s
 2604688 1581258     cutoff   64        77.97020   71.67224  8.08%  45.1 3590s
 2608913 1580992     cutoff   72        77.97020   71.67694  8.07%  45.2 3600s
 2612187 1580406   75.45741   55  177   77.97020   71.68158  8.07%  45.2 3610s
 2615963 1580041     cutoff   53        77.97020   71.68754  8.06%  45.3 3621s
 2619946 1579576     cutoff   44        77.97020   71.69169  8.05%  45.4 3630s
 2623449 1579231     cutoff   67        77.97020   71.69713  8.05%  45.4 3639s
 2626928 1578944     cutoff   44        77.97020   71.70199  8.04%  45.5 3644s
 2628203 1578741 infeasible  107        77.97020   71.70485  8.04%  45.5 3659s
 2633401 1578468     cutoff   34        77.97020   71.71050  8.03%  45.6 3670s
 2637216 1578062     cutoff   51        77.97020   71.71622  8.02%  45.6 3680s
 2641148 1577675     cutoff   68        77.97020   71.72164  8.01%  45.7 3690s
 2644791 1577495     cutoff   62        77.97020   71.72571  8.01%  45.8 3699s
 2648584 1577369     cutoff   61        77.97020   71.73034  8.00%  45.8 3710s
 2652130 1577319   75.06802   57  110   77.97020   71.73532  8.00%  45.9 3720s
 2656086 1577012     cutoff   68        77.97020   71.74072  7.99%  45.9 3731s
 2659657 1576525     cutoff   48        77.97020   71.74442  7.98%  46.0 3739s
 2663045 1576584     cutoff   65        77.97020   71.75045  7.98%  46.0 3750s
 2667001 1576118 infeasible   46        77.97020   71.75535  7.97%  46.1 3761s
 2670845 1575366   75.45990   54  131   77.97020   71.76011  7.96%  46.1 3773s
 2674526 1574891     cutoff  104        77.97020   71.76585  7.96%  46.2 3786s
 2678777 1574762     cutoff   69        77.97020   71.77045  7.95%  46.3 3796s
 2682396 1574393   72.37211   69  227   77.97020   71.77583  7.94%  46.3 3809s
 2686254 1573889   75.01025   41  219   77.97020   71.78080  7.94%  46.4 3820s
 2690018 1573467     cutoff   78        77.97020   71.78579  7.93%  46.4 3832s
 2693906 1572868   75.45494   53  219   77.97020   71.78945  7.93%  46.5 3841s
 2697062 1572536     cutoff   63        77.97020   71.79468  7.92%  46.6 3852s
 2700782 1572110   73.69084   55  176   77.97020   71.80001  7.91%  46.6 3863s
 2704668 1571194   75.35518   57  180   77.97020   71.80486  7.91%  46.7 3873s
 2708505 1570433     cutoff   55        77.97020   71.80942  7.90%  46.8 3882s
 2712039 1569835     cutoff   82        77.97020   71.81513  7.89%  46.8 3893s
 2715485 1569229     cutoff  100        77.97020   71.81983  7.89%  46.9 3903s
 2718883 1568712     cutoff  110        77.97020   71.82479  7.88%  46.9 3911s
 2722553 1568139     cutoff   56        77.97020   71.82937  7.88%  47.0 3922s
 2726081 1567487 infeasible   57        77.97020   71.83436  7.87%  47.0 3932s
 2729309 1566725     cutoff   62        77.97020   71.83835  7.86%  47.1 3942s
 2733128 1566084     cutoff   73        77.97020   71.84334  7.86%  47.2 3951s
 2736485 1565712     cutoff   81        77.97020   71.84941  7.85%  47.2 3963s
 2740199 1565251     cutoff   95        77.97020   71.85469  7.84%  47.3 3975s
 2744328 1564732     cutoff   70        77.97020   71.85943  7.84%  47.3 3986s
 2748300 1564051   76.20821   51  210   77.97020   71.86521  7.83%  47.4 3998s
 2752502 1563743     cutoff   55        77.97020   71.87020  7.82%  47.4 4009s
 2755988 1563305   76.20927   58  196   77.97020   71.87499  7.82%  47.5 4020s
 2759808 1562882     cutoff   67        77.97020   71.87886  7.81%  47.5 4030s
 2763314 1562193     cutoff   59        77.97020   71.88475  7.80%  47.6 4042s
 2767335 1561728     cutoff   63        77.97020   71.88900  7.80%  47.7 4053s
 2771209 1561658     cutoff   87        77.97020   71.89419  7.79%  47.7 4070s
 2772897 1561629     cutoff   89        77.97020   71.89490  7.79%  47.7 4080s
 2776412 1561137     cutoff   47        77.97020   71.90065  7.78%  47.8 4093s
 2780896 1560735     cutoff   69        77.97020   71.90453  7.78%  47.8 4104s
 2784563 1560305     cutoff   71        77.97020   71.90921  7.77%  47.9 4114s
 2787991 1559769     cutoff   74        77.97020   71.91512  7.77%  47.9 4126s
 2791896 1559299     cutoff   75        77.97020   71.91974  7.76%  48.0 4135s
 2795484 1558726     cutoff   62        77.97020   71.92547  7.75%  48.0 4148s
 2799479 1558180     cutoff   49        77.97020   71.93122  7.75%  48.1 4160s
 2804041 1557989 infeasible   61        77.97020   71.93585  7.74%  48.1 4171s
 2807345 1557563 infeasible   75        77.97020   71.94007  7.73%  48.2 4182s
 2810828 1557105     cutoff   46        77.97020   71.94582  7.73%  48.2 4196s
 2814885 1556582     cutoff   67        77.97020   71.94971  7.72%  48.3 4206s
 2818605 1556037     cutoff   37        77.97020   71.95563  7.71%  48.3 4217s
 2822210 1555569     cutoff   70        77.97020   71.96109  7.71%  48.4 4229s
 2826465 1555376     cutoff   62        77.97020   71.96609  7.70%  48.4 4240s
 2830157 1555114     cutoff   84        77.97020   71.97022  7.70%  48.5 4252s
 2833500 1554497     cutoff   48        77.97020   71.97505  7.69%  48.5 4263s
 2837618 1554067   72.17090   82  212   77.97020   71.97909  7.68%  48.6 4272s
 2841027 1553866     cutoff   49        77.97020   71.98540  7.68%  48.6 4284s
 2844592 1553572   73.99866   60  185   77.97020   71.98917  7.67%  48.7 4294s
 2848273 1553130     cutoff   65        77.97020   71.99341  7.67%  48.7 4305s
 2851700 1552487     cutoff   63        77.97020   71.99924  7.66%  48.8 4318s
 2855693 1552232 infeasible   80        77.97020   72.00273  7.65%  48.8 4327s
 2858590 1551780     cutoff   56        77.97020   72.00803  7.65%  48.9 4339s
 2862633 1551407   72.10689   64  246   77.97020   72.01348  7.64%  48.9 4350s
 2866539 1550743   76.03567   56  145   77.97020   72.01854  7.63%  49.0 4362s
 2870589 1550496     cutoff   48        77.97020   72.02395  7.63%  49.0 4372s
 2874229 1550041   75.51334   56  191   77.97020   72.02909  7.62%  49.0 4384s
 2878255 1549771     cutoff   52        77.97020   72.03286  7.61%  49.1 4393s
 2881345 1549383     cutoff   43        77.97020   72.03854  7.61%  49.1 4405s
 2885514 1549059     cutoff   73        77.97020   72.04268  7.60%  49.2 4415s
 2888698 1548572   76.00828   52  189   77.97020   72.04654  7.60%  49.2 4425s
 2892288 1548633     cutoff   73        77.97020   72.05243  7.59%  49.3 4436s
 2896088 1548523 infeasible   76        77.97020   72.05663  7.58%  49.3 4447s
 2899542 1548520 infeasible   37        77.97020   72.05917  7.58%  49.3 4456s
 2902542 1548265   72.10084   78  202   77.97020   72.06545  7.57%  49.4 4468s
 2906725 1548332     cutoff  100        77.97020   72.06904  7.57%  49.4 4479s
 2910137 1548319     cutoff   46        77.97020   72.07361  7.56%  49.4 4490s
 2913943 1548503     cutoff   69        77.97020   72.07828  7.56%  49.5 4501s
 2917687 1548426   74.31195   54  135   77.97020   72.08267  7.55%  49.5 4512s
 2921103 1548305     cutoff   76        77.97020   72.08618  7.55%  49.5 4522s
 2924754 1548258   76.44167   63  138   77.97020   72.09053  7.54%  49.6 4533s
 2928293 1548273     cutoff   75        77.97020   72.09461  7.54%  49.6 4542s
 2931643 1548104     cutoff   68        77.97020   72.10022  7.53%  49.6 4554s
 2935180 1547863     cutoff   74        77.97020   72.10332  7.52%  49.7 4564s
 2938576 1547416     cutoff   62        77.97020   72.10721  7.52%  49.7 4574s
 2941775 1547234     cutoff   47        77.97020   72.11161  7.51%  49.8 4583s
 2945038 1547309     cutoff   43        77.97020   72.11664  7.51%  49.8 4596s
 2948336 1547194 infeasible   72        77.97020   72.12121  7.50%  49.8 4601s
 2950063 1547095   72.43018   81  154   77.97020   72.12440  7.50%  49.9 4613s
 2953982 1547132     cutoff   91        77.97020   72.12740  7.49%  49.9 4622s
 2957217 1547079     cutoff   85        77.97020   72.13248  7.49%  49.9 4634s
 2960608 1547414     cutoff   68        77.97020   72.13660  7.48%  50.0 4646s
 2964422 1547729   72.39855   76  162   77.97020   72.14040  7.48%  50.0 4657s
 2968249 1548094   74.32490   57  185   77.97020   72.14509  7.47%  50.0 4669s
 2971840 1548069   72.31780   75  219   77.97020   72.14948  7.47%  50.1 4675s
 2973573 1547806     cutoff   54        77.97020   72.15197  7.46%  50.1 4686s
 2977648 1547803   76.69541   62  141   77.97020   72.15670  7.46%  50.1 4698s
 2981345 1547496     cutoff   75        77.97020   72.16170  7.45%  50.2 4708s
 2984741 1547227     cutoff   54        77.97020   72.16694  7.44%  50.2 4719s
 2988692 1546558   73.20976   69  244   77.97020   72.17141  7.44%  50.3 4729s
 2992182 1546133 infeasible   81        77.97020   72.17669  7.43%  50.3 4738s
 2995561 1545683     cutoff   78        77.97020   72.18289  7.42%  50.3 4749s
 2998964 1545338     cutoff   77        77.97020   72.18754  7.42%  50.4 4760s
 3002749 1545214     cutoff   80        77.97020   72.19330  7.41%  50.4 4771s
 3006413 1544634     cutoff   89        77.97020   72.19771  7.40%  50.4 4780s
 3009826 1544280   76.18029   66  266   77.97020   72.20309  7.40%  50.5 4791s
 3013057 1543983     cutoff   65        77.97020   72.20824  7.39%  50.5 4803s
 3016733 1543528     cutoff   64        77.97020   72.21332  7.38%  50.5 4812s
 3020313 1543071 infeasible   47        77.97020   72.21872  7.38%  50.6 4822s
 3024053 1543003     cutoff   78        77.97020   72.22371  7.37%  50.6 4832s
 3027257 1542960     cutoff   63        77.97020   72.22965  7.36%  50.6 4844s
 3031219 1542573   76.49529   66  181   77.97020   72.23340  7.36%  50.7 4853s
 3034794 1542324     cutoff   51        77.97020   72.23838  7.35%  50.7 4863s
 3037865 1542273 infeasible   62        77.97020   72.24407  7.34%  50.7 4873s
 3041922 1542146   76.13487   50  220   77.97020   72.24949  7.34%  50.8 4885s
 3045632 1541940     cutoff   78        77.97020   72.25351  7.33%  50.8 4895s
 3049282 1541880     cutoff   70        77.97020   72.25783  7.33%  50.8 4904s
 3052370 1541620     cutoff   59        77.97020   72.26248  7.32%  50.8 4913s
 3055912 1541155     cutoff   74        77.97020   72.26736  7.31%  50.9 4923s
 3059485 1540473     cutoff   84        77.97020   72.27250  7.31%  50.9 4932s
 3062846 1539932     cutoff   38        77.97020   72.27843  7.30%  50.9 4943s
 3066014 1539361     cutoff   69        77.97020   72.28403  7.29%  51.0 4953s
 3069867 1538736 infeasible   61        77.97020   72.28850  7.29%  51.0 4964s
 3073314 1538089 infeasible   86        77.97020   72.29255  7.28%  51.0 4972s
 3076136 1537314     cutoff  107        77.97020   72.29968  7.27%  51.0 4984s
 3079473 1536644 infeasible   77        77.97020   72.30501  7.27%  51.1 4995s
 3083196 1536093     cutoff   70        77.97020   72.31017  7.26%  51.1 5004s
 3084365 1536093     cutoff   82        77.97020   72.31037  7.26%  51.1 5005s
 3086428 1535216     cutoff   69        77.97020   72.31609  7.25%  51.2 5015s
 3089780 1534290     cutoff   53        77.97020   72.32222  7.24%  51.2 5028s
 3093550 1533924     cutoff   70        77.97020   72.32746  7.24%  51.2 5037s
 3096674 1533015     cutoff   69        77.97020   72.33220  7.23%  51.2 5047s
 3100050 1532067     cutoff   96        77.97020   72.33768  7.22%  51.3 5057s
 3103290 1528989     cutoff   47        77.97020   72.34379  7.22%  51.3 5066s
 3107516 1525523     cutoff   75        77.97020   72.35518  7.20%  51.3 5076s
 3112253 1523639     cutoff   71        77.97020   72.36597  7.19%  51.4 5093s
 3114889 1521704     cutoff   86        77.97020   72.36706  7.19%  51.4 5101s
 3117574 1518468     cutoff   98        77.97020   72.37915  7.17%  51.4 5112s
 3122088 1515316     cutoff   73        77.97020   72.39047  7.16%  51.5 5126s
 3126420 1512720     cutoff   59        77.97020   72.40205  7.14%  51.5 5138s
 3130217 1510512     cutoff   59        77.97020   72.41146  7.13%  51.6 5146s
 3133500 1508079   76.81390  100   87   77.97020   72.42064  7.12%  51.6 5156s
 3137071 1505845     cutoff   55        77.97020   72.43070  7.10%  51.6 5165s
 3140464 1503597     cutoff   70        77.97020   72.44043  7.09%  51.7 5175s
 3143835 1501409 infeasible  107        77.97020   72.44966  7.08%  51.7 5186s
 3147114 1501043     cutoff   68        77.97020   72.45886  7.07%  51.8 5200s
 3147621 1498876   76.56636   65  161   77.97020   72.46018  7.07%  51.8 5209s
 3150901 1496422     cutoff   71        77.97020   72.47230  7.05%  51.8 5221s
 3154513 1494144     cutoff   80        77.97020   72.48251  7.04%  51.9 5232s
 3158027 1491974     cutoff   51        77.97020   72.49304  7.02%  51.9 5243s
 3161369 1490211     cutoff   52        77.97020   72.50351  7.01%  51.9 5254s
 3164151 1488027 infeasible   70        77.97020   72.51237  7.00%  52.0 5266s
 3167584 1486226     cutoff   91        77.97020   72.52254  6.99%  52.0 5273s
 3170489 1484352     cutoff   75        77.97020   72.53220  6.97%  52.1 5283s
 3173507 1482501     cutoff   85        77.97020   72.54345  6.96%  52.1 5294s
 3176583 1480483     cutoff   76        77.97020   72.55297  6.95%  52.1 5304s
 3179892 1478417     cutoff   89        77.97020   72.56446  6.93%  52.2 5312s
 3183228 1476589     cutoff   68        77.97020   72.57489  6.92%  52.2 5321s
 3186149 1474748   77.24417   74  158   77.97020   72.58597  6.91%  52.3 5330s
 3188995 1472780   76.70088   63  115   77.97020   72.59511  6.89%  52.3 5338s
 3192004 1470794     cutoff   69        77.97020   72.60662  6.88%  52.3 5348s
 3195091 1469300     cutoff   79        77.97020   72.61688  6.87%  52.4 5355s
 3197402 1467551     cutoff   99        77.97020   72.62555  6.85%  52.4 5365s
 3200293 1465674   76.11255   54  189   77.97020   72.63683  6.84%  52.5 5375s
 3203178 1463639   76.39496   79  195   77.97020   72.64748  6.83%  52.5 5384s
 3206401 1461669 infeasible   93        77.97020   72.65939  6.81%  52.5 5393s
 3209546 1459824     cutoff   79        77.97020   72.67009  6.80%  52.6 5400s
 3212474 1458120     cutoff   73        77.97020   72.68149  6.78%  52.6 5407s
 3215067 1456532     cutoff   83        77.97020   72.69121  6.77%  52.6 5417s
 3217864 1454691 infeasible   84        77.97020   72.70200  6.76%  52.7 5426s
 3220917 1452801     cutoff   70        77.97020   72.71318  6.74%  52.7 5434s
 3223907 1451279     cutoff   65        77.97020   72.72266  6.73%  52.8 5440s
 3226415 1449671 infeasible   63        77.97020   72.73260  6.72%  52.8 5449s
 3228885 1447960 infeasible   82        77.97020   72.74297  6.70%  52.8 5459s
 3231798 1446045     cutoff   82        77.97020   72.75445  6.69%  52.9 5469s
 3234692 1446045   75.98373   69  254   77.97020   72.75668  6.69%  52.9 5470s
 3234891 1444420   77.21330   82  188   77.97020   72.76529  6.68%  52.9 5479s
 3237649 1442786     cutoff   83        77.97020   72.77583  6.66%  53.0 5486s
 3240399 1441059   76.31898   69  161   77.97020   72.78731  6.65%  53.0 5494s
 3243220 1439261     cutoff   63        77.97020   72.79726  6.63%  53.0 5501s
 3246068 1437515     cutoff  113        77.97020   72.80942  6.62%  53.1 5511s
 3249037 1435972     cutoff   80        77.97020   72.81925  6.61%  53.1 5520s
 3251600 1434159     cutoff   78        77.97020   72.83103  6.59%  53.2 5529s
 3254395 1432777     cutoff   95        77.97020   72.84057  6.58%  53.2 5538s
 3256618 1431006     cutoff   67        77.97020   72.85005  6.57%  53.2 5549s
 3259590 1429121     cutoff   83        77.97020   72.86170  6.55%  53.3 5557s
 3262677 1427237     cutoff   82        77.97020   72.87367  6.54%  53.3 5568s
 3265767 1425553   77.27098   90  146   77.97020   72.88435  6.52%  53.4 5577s
 3268637 1423887   77.07729   67  152   77.97020   72.89463  6.51%  53.4 5586s
 3271357 1421962 infeasible   89        77.97020   72.90658  6.49%  53.5 5595s
 3274403 1420426   77.36559   75  244   77.97020   72.91742  6.48%  53.5 5605s
 3276815 1418800 infeasible   84        77.97020   72.92797  6.47%  53.6 5612s
 3279626 1416924     cutoff   73        77.97020   72.93954  6.45%  53.6 5618s
 3282412 1414919   76.60306   60  251   77.97020   72.95491  6.43%  53.6 5625s
 3285501 1413099     cutoff   90        77.97020   72.96674  6.42%  53.7 5632s
 3288147 1411608     cutoff   73        77.97020   72.98035  6.40%  53.7 5639s
 3290515 1409984     cutoff   80        77.97020   72.99042  6.39%  53.7 5646s
 3292917 1408310     cutoff   64        77.97020   73.00389  6.37%  53.7 5652s
 3295425 1406471     cutoff   86        77.97020   73.01830  6.35%  53.8 5658s
 3298235 1404572     cutoff   82        77.97020   73.03232  6.33%  53.8 5664s
 3300942 1402784     cutoff   71        77.97020   73.04811  6.31%  53.8 5670s
 3303459 1400949     cutoff   75        77.97020   73.06143  6.30%  53.8 5675s
 3306104 1399279     cutoff  113        77.97020   73.07584  6.28%  53.8 5680s
 3308499 1397488     cutoff   74        77.97020   73.09066  6.26%  53.9 5685s
 3311067 1395808 infeasible   42        77.97020   73.10669  6.24%  53.9 5690s
 3313520 1394284     cutoff   83        77.97020   73.12109  6.22%  53.9 5695s
 3315788 1392991     cutoff   88        77.97020   73.13560  6.20%  53.9 5700s
 3317626 1391285     cutoff   87        77.97020   73.14704  6.19%  53.9 5705s
 3320122 1389527     cutoff   82        77.97020   73.16285  6.17%  53.9 5711s
 3322644 1388128     cutoff   96        77.97020   73.17764  6.15%  53.9 5716s
 3324660 1386651     cutoff   86        77.97020   73.19057  6.13%  53.9 5720s
 3328897 1383564     cutoff   98        77.97020   73.21974  6.09%  54.0 5729s
 3330971 1382381     cutoff   82        77.97020   73.22980  6.08%  54.0 5733s
 3332707 1380839     cutoff   82        77.97020   73.24721  6.06%  54.0 5737s
 3334949 1379612     cutoff   89        77.97020   73.25633  6.05%  54.0 5740s
 3336642 1378209     cutoff   77        77.97020   73.27536  6.02%  54.0 5746s
 3340826 1375038     cutoff   76        77.97020   73.30367  5.99%  54.0 5754s
 3343028 1373600     cutoff   91        77.97020   73.31975  5.96%  54.0 5758s
 3345214 1372496     cutoff   85        77.97020   73.33164  5.95%  54.0 5762s
 3346939 1371397   75.73319   81  220   77.97020   73.34256  5.94%  54.0 5766s
 3348673 1370000   77.56972   54  167   77.97020   73.35762  5.92%  54.0 5770s
 3352700 1367488     cutoff  103        77.97020   73.38665  5.88%  54.1 5778s
 3354606 1366296     cutoff   84        77.97020   73.39818  5.86%  54.1 5781s
 3356417 1365413     cutoff   85        77.97020   73.41550  5.84%  54.1 5786s
 3359664 1364070     cutoff   86        77.97020   73.43964  5.81%  54.1 5806s
 3359811 1362599     cutoff   82        77.97020   73.44211  5.81%  54.1 5810s
 3363863 1360238   77.82799   62  174   77.97020   73.46978  5.77%  54.1 5819s
 3365929 1358977   75.71442   89  200   77.97020   73.48689  5.75%  54.1 5823s
 3368084 1357685     cutoff   94        77.97020   73.50303  5.73%  54.1 5827s
 3370183 1356585     cutoff   85        77.97020   73.51982  5.71%  54.1 5831s
 3372182 1355346     cutoff   66        77.97020   73.53685  5.69%  54.1 5835s
 3375615 1353495     cutoff   98        77.97020   73.56025  5.66%  54.1 5842s
 3377398 1352363     cutoff   85        77.97020   73.57993  5.63%  54.1 5846s
 3379275 1351259 infeasible  152        77.97020   73.59207  5.62%  54.1 5850s
 3383062 1348968     cutoff   94        77.97020   73.62804  5.57%  54.1 5857s
 3384923 1347909     cutoff   87        77.97020   73.64896  5.54%  54.1 5860s
 3388656 1345646     cutoff   86        77.97020   73.68779  5.49%  54.1 5868s
 3390430 1344807     cutoff   84        77.97020   73.70785  5.47%  54.1 5871s
 3391971 1343798   73.77703   64  322   77.97020   73.72246  5.45%  54.1 5875s
 3394948 1342224     cutoff   80        77.97020   73.75964  5.40%  54.1 5883s
 3396956 1340919   77.67009   18  272   77.97020   73.77804  5.38%  54.1 5886s
 3398776 1339665     cutoff   74        77.97020   73.80267  5.35%  54.1 5890s
 3402148 1337489     cutoff   75        77.97020   73.84987  5.28%  54.2 5897s
 3403734 1336264     cutoff   81        77.97020   73.86971  5.26%  54.2 5901s
 3405483 1335194     cutoff   74        77.97020   73.89996  5.22%  54.2 5905s
 3408791 1333032   74.14499   82  230   77.97020   73.94233  5.17%  54.2 5913s
 3410460 1332049     cutoff   76        77.97020   73.96706  5.13%  54.2 5916s
 3412052 1331024     cutoff   90        77.97020   73.98613  5.11%  54.2 5920s
 3415286 1329195   74.27293   58  166   77.97020   74.03627  5.05%  54.2 5928s
 3416547 1328182   75.20275   84  204   77.97020   74.06267  5.01%  54.2 5932s
 3418263 1327135   77.33499   81  202   77.97020   74.08660  4.98%  54.2 5935s
 3421896 1324829     cutoff   90        77.97020   74.14877  4.90%  54.2 5943s
 3423752 1323707     cutoff   80        77.97020   74.18352  4.86%  54.2 5947s
 3425631 1322663     cutoff   40        77.97020   74.21088  4.82%  54.2 5950s
 3429215 1320551     cutoff   57        77.97020   74.27463  4.74%  54.2 5958s
 3430995 1319688 infeasible  119        77.97020   74.30186  4.70%  54.2 5961s
 3432553 1318800     cutoff   97        77.97020   74.33004  4.67%  54.2 5965s
 3435792 1317045     cutoff   86        77.97020   74.38145  4.60%  54.3 5972s
 3437459 1315992 infeasible   81        77.97020   74.42248  4.55%  54.3 5976s
 3439295 1315313     cutoff   75        77.97020   74.45854  4.50%  54.3 5980s
 3442297 1313582     cutoff   75        77.97020   74.50776  4.44%  54.3 5987s
 3444021 1312641   77.55716   81  218   77.97020   74.53915  4.40%  54.3 5991s
 3446155 1311834     cutoff   53        77.97020   74.57250  4.36%  54.3 5995s
 3449153 1310233     cutoff   81        77.97020   74.63731  4.27%  54.3 6002s
 3450565 1309432     cutoff   79        77.97020   74.65774  4.25%  54.3 6005s
 3453912 1307836     cutoff   61        77.97020   74.72234  4.17%  54.3 6013s
 3455481 1307144 infeasible   73        77.97020   74.74918  4.13%  54.3 6016s
 3457095 1306403   74.87115   63  226   77.97020   74.77901  4.09%  54.3 6020s
 3460089 1305399   75.15602   90  232   77.97020   74.82738  4.03%  54.3 6028s
 3461286 1304426     cutoff   99        77.97020   74.84233  4.01%  54.3 6032s
 3462952 1303556     cutoff  102        77.97020   74.86554  3.98%  54.3 6036s
 3464615 1302522     cutoff   72        77.97020   74.89858  3.94%  54.3 6040s
 3468013 1299946     cutoff   63        77.97020   74.95153  3.87%  54.4 6047s
 3469953 1298448     cutoff   83        77.97020   74.99035  3.82%  54.4 6050s
 3473786 1295222   75.64353   84  215   77.97020   75.06346  3.73%  54.4 6057s
 3475743 1293455 infeasible   72        77.97020   75.09867  3.68%  54.4 6060s
 3480972 1285229     cutoff   54        77.97020   75.13754  3.63%  54.3 6068s
 3486077 1279615     cutoff   68        77.97020   75.13754  3.63%  54.3 6074s
 3491691 1273441     cutoff   66        77.97020   75.13754  3.63%  54.3 6083s
 3497865 1266651     cutoff   80        77.97020   75.13754  3.63%  54.2 6092s
 3504655 1259183     cutoff   51        77.97020   75.13754  3.63%  54.2 6103s
 3512123 1255847     cutoff   40        77.97020   75.13754  3.63%  54.2 6110s
 3517325 1250236     cutoff   81        77.97020   75.15874  3.61%  54.1 6127s
 3521567 1242496     cutoff  119        77.97020   75.15874  3.61%  54.2 6146s
 3529356 1234543     cutoff   77        77.97020   75.15875  3.61%  54.2 6163s
 3537374 1226582 infeasible   77        77.97020   75.16200  3.60%  54.2 6178s
 3545392 1218566     cutoff   70        77.97020   75.16296  3.60%  54.2 6187s
 3553408 1210550 infeasible   49        77.97020   75.16296  3.60%  54.1 6198s
 3561424 1202534     cutoff   53        77.97020   75.16296  3.60%  54.0 6210s
 3569440 1194518     cutoff   50        77.97020   75.16296  3.60%  54.0 6221s
 3577456 1186502     cutoff   53        77.97020   75.16296  3.60%  54.0 6233s
 3585472 1178486     cutoff   69        77.97020   75.16296  3.60%  53.9 6243s
 3593488 1171017     cutoff   69        77.97020   75.16296  3.60%  53.9 6256s
 3600958 1164071     cutoff   61        77.97020   75.16296  3.60%  53.8 6269s
 3607907 1156248     cutoff   58        77.97020   75.16296  3.60%  53.8 6286s
 3615734 1148615 infeasible   69        77.97020   75.16296  3.60%  53.8 6301s
 3623379 1140601     cutoff   63        77.97020   75.16296  3.60%  53.8 6316s
 3631395 1132586     cutoff   39        77.97020   75.16296  3.60%  53.8 6329s
 3639411 1124874     cutoff   80        77.97020   75.16296  3.60%  53.7 6345s
 3647146 1116862     cutoff   41        77.97020   75.16296  3.60%  53.7 6359s
 3655162 1109237     cutoff   61        77.97020   75.16296  3.60%  53.7 6375s
 3662798 1101224     cutoff   54        77.97020   75.16296  3.60%  53.6 6391s
 3670814 1093213 infeasible   75        77.97020   75.16296  3.60%  53.6 6408s
 3678830 1085411     cutoff   41        77.97020   75.16296  3.60%  53.6 6424s
 3686633 1077395 infeasible   74        77.97020   75.16296  3.60%  53.6 6435s
 3694649 1069701     cutoff   48        77.97020   75.16297  3.60%  53.5 6451s
 3702343 1061687     cutoff   74        77.97020   75.16297  3.60%  53.5 6466s
 3710359 1053671     cutoff   76        77.97020   75.16319  3.60%  53.5 6475s
 3718375 1045758     cutoff   77        77.97020   75.16319  3.60%  53.4 6488s
 3726288 1037873 infeasible   81        77.97020   75.16319  3.60%  53.4 6499s
 3727290 1037873     cutoff   71        77.97020   75.16319  3.60%  53.4 6500s
 3735364 1035559     cutoff   65        77.97020   75.16530  3.60%  53.3 6508s
 3736710 1034518     cutoff   76        77.97020   75.17926  3.58%  53.3 6511s
 3740051 1024496 infeasible   81        77.97020   75.21398  3.53%  53.3 6528s
 3748073 1023063   76.13349   76  197   77.97020   75.21911  3.53%  53.3 6532s
 3749699 1021791   77.42105   57  226   77.97020   75.23649  3.51%  53.3 6535s
 3752519 1019364 infeasible   74        77.97020   75.27155  3.46%  53.3 6540s
 3755174 1016676     cutoff   64        77.97020   75.30631  3.42%  53.3 6545s
 3756943 1008694     cutoff   87        77.97020   75.33076  3.39%  53.3 6551s
 3764960 1000678     cutoff   89        77.97020   75.33747  3.38%  53.2 6558s
 3772976 992662     cutoff   63        77.97020   75.33747  3.38%  53.1 6565s
 3780992 984646     cutoff   63        77.97020   75.33747  3.38%  53.1 6572s
 3789008 976630     cutoff  102        77.97020   75.33747  3.38%  53.0 6579s
 3797024 968614     cutoff   76        77.97020   75.33747  3.38%  52.9 6586s
 3805040 960598     cutoff  100        77.97020   75.33747  3.38%  52.9 6593s
 3813056 952582     cutoff   91        77.97020   75.33747  3.38%  52.8 6599s
 3821072 944566     cutoff   75        77.97020   75.33747  3.38%  52.8 6606s
 3829088 936550     cutoff   74        77.97020   75.33747  3.38%  52.7 6613s
 3837104 928534     cutoff   73        77.97020   75.33747  3.38%  52.6 6620s
 3845120 920518     cutoff   70        77.97020   75.33747  3.38%  52.6 6627s
 3853136 912502     cutoff   59        77.97020   75.33747  3.38%  52.5 6634s
 3861152 904486     cutoff   62        77.97020   75.33747  3.38%  52.5 6641s
 3869168 896470     cutoff   78        77.97020   75.33747  3.38%  52.4 6648s
 3877184 888454     cutoff   73        77.97020   75.33747  3.38%  52.3 6657s
 3885200 880438     cutoff   68        77.97020   75.33747  3.38%  52.3 6666s
 3893216 872422     cutoff   60        77.97020   75.33747  3.38%  52.2 6675s
 3901232 864406     cutoff   73        77.97020   75.33747  3.38%  52.2 6683s
 3909248 856390     cutoff   59        77.97020   75.33747  3.38%  52.1 6692s
 3917264 848374     cutoff   86        77.97020   75.33747  3.38%  52.1 6701s
 3925280 840358     cutoff   53        77.97020   75.33747  3.38%  52.0 6710s
 3933296 832342     cutoff   84        77.97020   75.33747  3.38%  52.0 6718s
 3941312 824326     cutoff   65        77.97020   75.33747  3.38%  51.9 6728s
 3949328 816310     cutoff   82        77.97020   75.33747  3.38%  51.9 6736s
 3957344 808294     cutoff   65        77.97020   75.33747  3.38%  51.8 6746s
 3965360 800278     cutoff   64        77.97020   75.33747  3.38%  51.8 6755s
 3973376 792262     cutoff   74        77.97020   75.33747  3.38%  51.7 6764s
 3981392 784246     cutoff   69        77.97020   75.33747  3.38%  51.7 6773s
 3989408 776230     cutoff   74        77.97020   75.33747  3.38%  51.6 6782s
 3997424 768214     cutoff  124        77.97020   75.33747  3.38%  51.6 6791s
 4005440 760198     cutoff   61        77.97020   75.33747  3.38%  51.5 6802s
 4013456 752182     cutoff   63        77.97020   75.33747  3.38%  51.5 6812s
 4021472 744166     cutoff   70        77.97020   75.33747  3.38%  51.4 6822s
 4029488 736150     cutoff   58        77.97020   75.33747  3.38%  51.4 6833s
 4037504 728134     cutoff   74        77.97020   75.33747  3.38%  51.3 6842s
 4045520 720118     cutoff   60        77.97020   75.33747  3.38%  51.3 6853s
 4053536 712102     cutoff   63        77.97020   75.33747  3.38%  51.2 6862s
 4061552 704086     cutoff   90        77.97020   75.33747  3.38%  51.2 6872s
 4069568 696070     cutoff   83        77.97020   75.33747  3.38%  51.1 6883s
 4077584 688060     cutoff   84        77.97020   75.33747  3.38%  51.1 6895s
 4085594 680044     cutoff   52        77.97020   75.33747  3.38%  51.0 6907s
 4093610 672028     cutoff   70        77.97020   75.33747  3.38%  51.0 6919s
 4101626 664012     cutoff   56        77.97020   75.33747  3.38%  51.0 6931s
 4109642 655996     cutoff   55        77.97020   75.33747  3.38%  50.9 6943s
 4117658 647980     cutoff   57        77.97020   75.33747  3.38%  50.9 6955s
 4125674 639964     cutoff   69        77.97020   75.33747  3.38%  50.9 6967s
 4133690 631948     cutoff  109        77.97020   75.33747  3.38%  50.8 6979s
 4141706 623932     cutoff   55        77.97020   75.33747  3.38%  50.8 6990s
 4149722 615916     cutoff   79        77.97020   75.33747  3.38%  50.8 7002s
 4157738 607900     cutoff   61        77.97020   75.33747  3.38%  50.7 7014s
 4165754 599884     cutoff   76        77.97020   75.33747  3.38%  50.7 7026s
 4173770 591868     cutoff  108        77.97020   75.33747  3.38%  50.6 7038s
 4181786 583852     cutoff   82        77.97020   75.33747  3.38%  50.6 7049s
 4189802 575836     cutoff   84        77.97020   75.33747  3.38%  50.6 7059s
 4197818 567820     cutoff   74        77.97020   75.33747  3.38%  50.5 7069s
 4205834 559804     cutoff   62        77.97020   75.33747  3.38%  50.5 7078s
 4213850 551788     cutoff   77        77.97020   75.33747  3.38%  50.4 7088s
 4221866 543772     cutoff   82        77.97020   75.33747  3.38%  50.4 7098s
 4229882 535826     cutoff   70        77.97020   75.33747  3.38%  50.3 7108s
 4237828 527841     cutoff   68        77.97020   75.33747  3.38%  50.3 7119s
 4245813 520347     cutoff   67        77.97020   75.33747  3.38%  50.2 7136s
 4253308 512331     cutoff   81        77.97020   75.33770  3.38%  50.2 7145s
 4261324 504315     cutoff   74        77.97020   75.33770  3.38%  50.1 7155s
 4269340 496299     cutoff   62        77.97020   75.33770  3.38%  50.1 7164s
 4277356 488283     cutoff   77        77.97020   75.33770  3.38%  50.0 7174s
 4285372 480267     cutoff   98        77.97020   75.33770  3.38%  50.0 7184s
 4293388 472281     cutoff   80        77.97020   75.33770  3.38%  50.0 7196s
 4301374 469046     cutoff   67        77.97020   75.33770  3.38%  49.9 7200s

Cutting planes:
  Learned: 2
  Gomory: 469
  Lift-and-project: 21
  Cover: 1788
  Implied bound: 1583
  Projected implied bound: 36
  Clique: 3
  MIR: 1971
  StrongCG: 4
  Flow cover: 3186
  GUB cover: 3
  Inf proof: 185
  Zero half: 13
  Network: 3
  RLT: 252
  Relax-and-lift: 182

Explored 4304609 nodes (214901903 simplex iterations) in 7200.08 seconds (9186.77 work units)
Thread count was 32 (of 32 available processors)

Solution count 10: 77.9702 77.9702 77.9702 ... 78.3471

Time limit reached
Best objective 7.797020461407e+01, best bound 7.533769822610e+01, gap 3.3763%

Gurobi 9.5.2 (linux64) logging started Wed Jul 29 18:00:20 2026

Set parameter LogFile to value "logs/oracle_RmediumCfewTtight_2_gurobi.log"
Gurobi Optimizer version 9.5.2 build v9.5.2rc0 (linux64)
Thread count: 16 physical cores, 32 logical processors, using up to 32 threads
Optimize a model with 5183 rows, 2790 columns and 62120 nonzeros
Model fingerprint: 0x9fd52bfa
Variable types: 1767 continuous, 1023 integer (1023 binary)
Coefficient statistics:
  Matrix range     [3e-02, 1e+03]
  Objective range  [1e+00, 1e+00]
  Bounds range     [1e+00, 4e+01]
  RHS range        [1e-01, 5e+02]

User MIP start produced solution with objective 79.7671 (0.01s)
Loaded user MIP start with objective 79.7671

Presolve removed 1745 rows and 611 columns
Presolve time: 0.20s
Presolved: 3438 rows, 2179 columns, 53534 nonzeros
Variable types: 1304 continuous, 875 integer (875 binary)
Root relaxation presolve removed 136 rows and 40 columns
Root relaxation presolved: 3302 rows, 2139 columns, 31146 nonzeros

Extra simplex iterations after uncrush: 1

Root relaxation: objective 6.296807e+01, 2715 iterations, 0.23 seconds (0.33 work units)

    Nodes    |    Current Node    |     Objective Bounds      |     Work
 Expl Unexpl |  Obj  Depth IntInf | Incumbent    BestBd   Gap | It/Node Time

     0     0   62.96807    0  116   79.76712   62.96807  21.1%     -    0s
     0     0   64.85212    0  170   79.76712   64.85212  18.7%     -    0s
     0     0   64.87971    0  163   79.76712   64.87971  18.7%     -    0s
     0     0   64.88776    0  186   79.76712   64.88776  18.7%     -    0s
     0     0   64.88906    0  183   79.76712   64.88906  18.7%     -    0s
     0     0   64.88906    0  182   79.76712   64.88906  18.7%     -    0s
     0     0   65.47506    0  171   79.76712   65.47506  17.9%     -    1s
     0     0   65.54799    0  129   79.76712   65.54799  17.8%     -    1s
     0     0   65.54976    0  132   79.76712   65.54976  17.8%     -    1s
     0     0   65.55107    0  152   79.76712   65.55107  17.8%     -    1s
     0     0   65.55107    0  153   79.76712   65.55107  17.8%     -    1s
     0     0   65.68439    0  158   79.76712   65.68439  17.7%     -    1s
H    0     0                      78.3397024   65.68439  16.2%     -    1s
     0     0   65.75142    0  144   78.33970   65.75142  16.1%     -    1s
     0     0   65.75183    0  169   78.33970   65.75183  16.1%     -    1s
     0     0   65.85605    0  174   78.33970   65.85605  15.9%     -    2s
     0     0   65.86272    0  158   78.33970   65.86272  15.9%     -    2s
     0     0   65.86646    0  152   78.33970   65.86646  15.9%     -    2s
H    0     0                      77.8452507   65.86709  15.4%     -    2s
     0     0   65.86709    0  200   77.84525   65.86709  15.4%     -    2s
     0     0   65.86716    0  200   77.84525   65.86716  15.4%     -    2s
H    0     0                      77.7243548   65.86716  15.3%     -    2s
H    0     0                      77.2671292   65.91955  14.7%     -    2s
     0     0   65.91955    0  243   77.26713   65.91955  14.7%     -    2s
H    0     0                      77.0047083   65.93979  14.4%     -    2s
     0     0   65.93979    0  238   77.00471   65.93979  14.4%     -    2s
     0     0   65.94105    0  269   77.00471   65.94105  14.4%     -    2s
     0     0   65.94105    0  268   77.00471   65.94105  14.4%     -    2s
H    0     0                      76.8294766   65.94105  14.2%     -    3s
     0     0   65.99804    0  186   76.82948   65.99804  14.1%     -    3s
     0     0   66.01711    0  250   76.82948   66.01711  14.1%     -    3s
     0     0   66.02115    0  253   76.82948   66.02115  14.1%     -    3s
     0     0   66.02191    0  241   76.82948   66.02191  14.1%     -    3s
     0     0   66.02191    0  241   76.82948   66.02191  14.1%     -    3s
     0     0   66.06686    0  202   76.82948   66.06686  14.0%     -    3s
     0     0   66.07845    0  225   76.82948   66.07845  14.0%     -    3s
     0     0   66.08033    0  241   76.82948   66.08033  14.0%     -    3s
     0     0   66.08051    0  241   76.82948   66.08051  14.0%     -    3s
     0     0   66.11001    0  222   76.82948   66.11001  14.0%     -    3s
     0     0   66.11407    0  223   76.82948   66.11407  13.9%     -    3s
     0     0   66.11652    0  223   76.82948   66.11652  13.9%     -    4s
     0     0   66.11675    0  224   76.82948   66.11675  13.9%     -    4s
H    0     0                      76.7984799   66.12086  13.9%     -    4s
     0     0   66.12086    0  225   76.79848   66.12086  13.9%     -    4s
     0     0   66.12124    0  231   76.79848   66.12124  13.9%     -    4s
     0     0   66.15884    0  221   76.79848   66.15884  13.9%     -    4s
     0     0   66.17397    0  227   76.79848   66.17397  13.8%     -    4s
     0     0   66.17577    0  228   76.79848   66.17577  13.8%     -    4s
     0     0   66.17609    0  184   76.79848   66.17609  13.8%     -    4s
     0     0   66.19111    0  238   76.79848   66.19111  13.8%     -    5s
     0     0   66.19401    0  242   76.79848   66.19401  13.8%     -    5s
     0     0   66.19415    0  243   76.79848   66.19415  13.8%     -    5s
H    0     0                      76.6318133   66.19415  13.6%     -    5s
     0     0   66.21044    0  257   76.63181   66.21044  13.6%     -    5s
     0     0   66.21739    0  264   76.63181   66.21739  13.6%     -    5s
     0     0   66.21778    0  268   76.63181   66.21778  13.6%     -    5s
     0     0   66.22966    0  266   76.63181   66.22966  13.6%     -    5s
     0     0   66.23011    0  268   76.63181   66.23011  13.6%     -    6s
     0     0   66.23546    0  248   76.63181   66.23546  13.6%     -    6s
     0     0   66.23729    0  249   76.63181   66.23729  13.6%     -    6s
     0     0   66.23729    0  252   76.63181   66.23729  13.6%     -    6s
     0     0   66.24465    0  283   76.63181   66.24465  13.6%     -    6s
     0     0   66.24570    0  285   76.63181   66.24570  13.6%     -    6s
     0     0   66.24575    0  287   76.63181   66.24575  13.6%     -    6s
     0     0   66.25370    0  242   76.63181   66.25370  13.5%     -    7s
     0     0   66.25420    0  256   76.63181   66.25420  13.5%     -    7s
     0     0   66.27421    0  262   76.63181   66.27421  13.5%     -    7s
     0     0   66.27660    0  277   76.63181   66.27660  13.5%     -    7s
     0     0   66.27732    0  272   76.63181   66.27732  13.5%     -    7s
     0     0   66.28850    0  264   76.63181   66.28850  13.5%     -    7s
     0     0   66.28865    0  262   76.63181   66.28865  13.5%     -    7s
     0     0   66.29613    0  269   76.63181   66.29613  13.5%     -    8s
     0     0   66.29613    0  208   76.63181   66.29613  13.5%     -    8s
     0     2   66.29613    0  194   76.63181   66.29613  13.5%     -    8s
H   78    93                      76.5981579   66.61041  13.0%   206   10s
H   78    93                      76.5727555   66.61041  13.0%   206   10s
H   80    93                      76.5508073   66.61100  13.0%   205   10s
H   82    93                      76.4865364   66.61391  12.9%   207   10s
H   85    93                      76.4088468   66.61482  12.8%   212   10s
  1145  1119   67.42717   46  152   76.40885   67.42717  11.8%  93.6   17s
H 1147  1117                      76.3973836   67.42717  11.7%  93.7   17s
H 1157  1086                      76.2695238   67.42717  11.6%  93.6   17s
  2115  1883   72.01187   32  208   76.26952   67.59279  11.4%  79.1   20s
  2122  1888   74.60229   29   41   76.26952   67.59279  11.4%  78.8   25s
  2129  1897   67.62094   14  188   76.26952   67.59279  11.4%  91.1   31s
  2247  2063   67.59279   22   22   76.26952   67.59279  11.4%   122   35s
  2953  2391   67.59279   25   23   76.26952   67.59279  11.4%   126   45s
H 2961  2293                      76.2579079   67.59279  11.4%   127   45s
H 2979  2213                      76.2579076   67.59279  11.4%   131   47s
  3988  2882   67.62414   25   50   76.25791   67.59279  11.4%   124   50s
H 4627  3174                      76.2474780   67.59279  11.4%   120   52s
H 4635  3090                      76.1876615   67.59279  11.3%   122   52s
  4853  3351   68.03128   28   91   76.18766   67.59279  11.3%   125   55s
  6470  4553   67.69289   32  130   76.18766   67.59279  11.3%   117   60s
H 6797  4486                      76.1112329   67.59279  11.2%   116   62s
  7700  5555   67.59279   21  136   76.11123   67.59279  11.2%   115   65s
  8343  6139   69.49045   28  223   76.11123   67.59279  11.2%   118   70s
  8634  6291   68.23483   24  167   76.11123   67.59279  11.2%   120   75s
H 8641  6291                      76.1112324   67.59279  11.2%   121   75s
 11251  9128   67.68160   20  158   76.11123   67.60611  11.2%   101   85s
 16156 14994   67.69904   28  100   76.11123   67.63442  11.1%  77.2   90s
 24021 21246   67.89476   32   94   76.11123   67.65873  11.1%  59.2   95s
H24425 21258                      76.1043282   67.66263  11.1%  58.6   97s
 27191 25230   67.69018   35   39   76.10433   67.66971  11.1%  54.9  100s
 29789 27772   67.68018   33  111   76.10433   67.67717  11.1%  51.9  105s
 37746 35263   69.27686   44    4   76.10433   67.69294  11.1%  45.2  110s
 47279 43508     cutoff   32        76.10433   67.70414  11.0%  40.1  115s
 56680 53132   67.74570   42  159   76.10433   67.71810  11.0%  36.9  120s
 66973 62015   68.28302   56    5   76.10433   67.72670  11.0%  34.7  125s
 72057 68732   68.54449   30   99   76.10433   67.73317  11.0%  33.7  130s
 82607 78273   68.01387   52   55   76.10433   67.74192  11.0%  32.1  135s
 91717 84764   70.98577   37   80   76.10433   67.74883  11.0%  31.0  140s
 99552 92897   67.79410   44   30   76.10433   67.75478  11.0%  30.2  145s
 105910 100491   67.76264   55    1   76.10433   67.76004  11.0%  29.7  150s
 115021 108450   67.81511   34   68   76.10433   67.76562  11.0%  29.1  156s
 122644 114960   67.77446   42   32   76.10433   67.77183  10.9%  28.8  160s
 128207 122018   67.77598   29  130   76.10433   67.77595  10.9%  28.5  165s
 135644 128112   68.10277   37   36   76.10433   67.78152  10.9%  28.2  170s
 144098 135736   68.22928   41   96   76.10433   67.78663  10.9%  28.0  175s
 151764 142181   68.67244   56   14   76.10433   67.79090  10.9%  27.7  180s
 158782 148847     cutoff   52        76.10433   67.79544  10.9%  27.5  185s
 167249 156961   68.53739   61   11   76.10433   67.80026  10.9%  27.3  190s
 172543 162497   68.97310   67   82   76.10433   67.80333  10.9%  27.2  195s
 179777 169141   67.90282   39   75   76.10433   67.80683  10.9%  27.1  200s
 182413 169218 infeasible   72        76.10433   67.80872  10.9%  27.0  210s
H182415 169218                      76.1043281   67.80872  10.9%  27.0  210s
 182647 170231   68.86071   48   14   76.10433   67.80944  10.9%  27.0  215s
 190579 179262   68.45865   55   32   76.10433   67.81318  10.9%  26.9  222s
 195055 183018   67.88789   44   94   76.10433   67.81565  10.9%  26.8  225s
 202304 189058   67.96125   43   25   76.10433   67.81897  10.9%  26.7  230s
 210471 196654   68.36264   32  151   76.10433   67.82279  10.9%  26.6  236s
 213913 202087   67.95727   46   16   76.10433   67.82461  10.9%  26.6  240s
 224719 209998   67.84594   38   92   76.10433   67.82980  10.9%  26.5  245s
 233252 218521   67.90960   41   82   76.10433   67.83422  10.9%  26.4  251s
 239244 223579   67.93186   45   72   76.10433   67.83706  10.9%  26.3  255s
 248271 231631   67.86490   63   79   76.10433   67.84100  10.9%  26.3  261s
 253179 236248     cutoff   31        76.10433   67.84330  10.9%  26.2  265s
H258221 240444                      76.1043275   67.84530  10.9%  26.2  269s
 259655 242587   67.85252   45  149   76.10433   67.84632  10.9%  26.2  270s
 266924 248774   69.18504   62   31   76.10433   67.84977  10.8%  26.2  275s
 272406 252537   68.10408   37   78   76.10433   67.85203  10.8%  26.1  280s
 276274 258699   68.02802   45  157   76.10433   67.85376  10.8%  26.1  285s
 283094 264060   67.95069   44  147   76.10433   67.85633  10.8%  26.1  290s
 289967 269671   68.06458   38   38   76.10433   67.85899  10.8%  26.1  296s
 296226 276253     cutoff   34        76.10433   67.86180  10.8%  26.0  300s
 303213 282412   72.14995   41  112   76.10433   67.86498  10.8%  26.0  305s
 311082 288479   67.96729   39   26   76.10433   67.86791  10.8%  26.0  311s
 316151 295069     cutoff   40        76.10433   67.87011  10.8%  26.0  316s
 321015 298038   74.08724   49   74   76.10433   67.87239  10.8%  26.0  320s
 328028 305736   69.46560   43   19   76.10433   67.87536  10.8%  26.0  326s
H328156 305736                      76.1043273   67.87536  10.8%  26.0  326s
 335063 312091     cutoff   43        76.10433   67.87803  10.8%  25.9  331s
 339568 317313     cutoff   38        76.10433   67.88001  10.8%  25.9  335s
 348013 324815   68.17466   49  187   76.10433   67.88332  10.8%  25.9  341s
 354960 331098   67.93274   27   82   76.10433   67.88569  10.8%  25.9  345s
 357436 331204   67.96373   44  172   76.10433   67.88700  10.8%  25.9  350s
 362163 336478   68.14604   40  165   76.10433   67.88901  10.8%  25.9  356s
 368380 341761   68.73838   46   94   76.10433   67.89092  10.8%  25.9  361s
 372344 347930   68.46747   52   49   76.10433   67.89295  10.8%  25.9  365s
 380572 354623   67.99140   40   92   76.10433   67.89552  10.8%  25.8  370s
 383033 354636     cutoff   65        76.10433   67.89628  10.8%  25.8  378s
 383064 369187   67.92311   42   46   76.10433   67.89673  10.8%  25.8  398s
 399080 369444   68.28192   47   47   76.10433   67.90131  10.8%  25.9  406s
 399362 370021   67.98526   44   40   76.10433   67.90179  10.8%  25.9  412s
 400005 374424   68.79650   43   31   76.10433   67.90208  10.8%  25.9  415s
 410194 381287   69.17138   52   71   76.10433   67.90533  10.8%  25.9  420s
 414975 385841     cutoff   35        76.10433   67.90694  10.8%  25.9  425s
 421238 391646   68.82238   50   61   76.10433   67.90904  10.8%  25.9  430s
 427868 399764   69.15287   72   92   76.10433   67.91117  10.8%  25.9  437s
 435022 404077   73.58388   45  109   76.10433   67.91318  10.8%  25.9  440s
 442792 411251   67.98381   37  122   76.10433   67.91614  10.8%  25.9  446s
 448440 417237   68.05207   29   66   76.10433   67.91812  10.8%  25.9  451s
 453364 421315   68.05992   40  104   76.10433   67.91924  10.8%  25.9  455s
 461229 428782   67.99258   41   67   76.10433   67.92201  10.8%  25.9  461s
 466979 433837   71.69731   42   68   76.10433   67.92324  10.7%  25.9  465s
 474636 440490 infeasible   49        76.10433   67.92541  10.7%  25.9  470s
 482190 447561   68.58976   58   13   76.10433   67.92774  10.7%  25.9  476s
 485171 451101   67.93255   43   59   76.10433   67.92885  10.7%  25.9  480s
 493464 458358   67.93667   48  128   76.10433   67.93105  10.7%  25.9  485s
 500796 465176     cutoff   47        76.10433   67.93313  10.7%  25.9  491s
 507808 470095   67.95690   37  133   76.10433   67.93566  10.7%  25.9  496s
 511823 474832   68.03852   39   47   76.10433   67.93661  10.7%  25.9  500s
 519704 482080   69.25761   42   39   76.10433   67.93917  10.7%  25.9  506s
 525806 486177   67.98564   74   25   76.10433   67.94064  10.7%  25.9  510s
 530761 491780   68.02451   51  114   76.10433   67.94272  10.7%  25.9  515s
 533211 492161   69.36667   46   36   76.10433   67.94330  10.7%  25.9  526s
 533624 506313   68.36188   30   83   76.10433   67.94379  10.7%  25.9  551s
 549567 511547   67.94869   71   98   76.10433   67.94814  10.7%  26.0  555s
 558304 516123   68.25130   58    3   76.10433   67.95095  10.7%  26.0  560s
 565177 522744   71.44839   56  105   76.10433   67.95297  10.7%  26.0  565s
 572071 529009   68.54287   58  128   76.10433   67.95521  10.7%  26.0  571s
 577119 533433   71.64781   45  171   76.10433   67.95674  10.7%  26.1  575s
 585321 540599 infeasible   77        76.10433   67.95887  10.7%  26.1  581s
 592567 547285   68.56924   54   33   76.10433   67.96122  10.7%  26.1  586s
 597553 552260   68.25358   44   92   76.10433   67.96270  10.7%  26.1  590s
 605452 558721   73.78784   53   97   76.10433   67.96495  10.7%  26.1  596s
 608012 561628   68.26914   38  102   76.10433   67.96594  10.7%  26.1  600s
 615527 569001   68.67227   50  118   76.10433   67.96825  10.7%  26.1  606s
 621193 572007   68.52752   35   34   76.10433   67.96990  10.7%  26.1  610s
 625084 577457   67.98380   40  144   76.10433   67.97129  10.7%  26.2  615s
 633434 584701   68.51251   58   36   76.10433   67.97384  10.7%  26.2  621s
 637151 588050   68.96603   47   65   76.10433   67.97488  10.7%  26.2  625s
 645029 594531     cutoff   46        76.10433   67.97740  10.7%  26.2  631s
 649725 596828     cutoff   51        76.10433   67.97880  10.7%  26.2  639s
 649757 597581   68.06857   50  165   76.10433   67.97903  10.7%  26.2  641s
 652834 602002 infeasible   55        76.10433   67.97980  10.7%  26.2  645s
 660320 609342   72.80216   44  115   76.10433   67.98210  10.7%  26.2  652s
 664102 612047   73.30792   43  114   76.10433   67.98326  10.7%  26.2  655s
 671188 618736   68.03901   50  101   76.10433   67.98530  10.7%  26.3  661s
 674823 621858   74.62622   50  106   76.10433   67.98642  10.7%  26.3  665s
 682703 629001   68.00013   33  117   76.10433   67.98890  10.7%  26.3  671s
 688874 634514   69.45724   58   12   76.10433   67.99099  10.7%  26.3  676s
 694373 639006   68.04458   42   16   76.10433   67.99246  10.7%  26.3  680s
 702114 645718   67.99999   53   54   76.10433   67.99422  10.7%  26.3  685s
 706035 650911   68.02435   38   86   76.10433   67.99553  10.7%  26.3  690s
 715055 655460   68.20471   48  112   76.10433   67.99784  10.7%  26.3  705s
 719365 661818     cutoff   55        76.10433   67.99922  10.6%  26.3  712s
 724294 666562   68.41487   53   81   76.10433   68.00083  10.6%  26.3  716s
 728369 674280   71.42911   46   97   76.10433   68.00224  10.6%  26.3  723s
 736032 676489   68.09536   50   91   76.10433   68.00396  10.6%  26.3  726s
 742045 682314   68.06793   60   65   76.10433   68.00598  10.6%  26.3  731s
 747770 687273   68.04459   46  167   76.10433   68.00749  10.6%  26.3  735s
 755426 693894   68.69454   46   98   76.10433   68.00964  10.6%  26.3  741s
 760280 698033   71.50608   50   66   76.10433   68.01101  10.6%  26.3  745s
 766091 703792   68.10365   34   87   76.10433   68.01268  10.6%  26.3  751s
 771317 708769   68.40977   48  101   76.10433   68.01390  10.6%  26.3  755s
 778634 714767   68.02198   65  129   76.10433   68.01614  10.6%  26.3  760s
 785295 718503   68.54695   37   53   76.10433   68.01789  10.6%  26.3  773s
 785316 719310   68.43194   57   50   76.10433   68.01807  10.6%  26.3  775s
 791617 726468     cutoff   76        76.10433   68.01914  10.6%  26.3  781s
 797273 731151     cutoff   44        76.10433   68.02058  10.6%  26.3  785s
 803314 736892   68.07183   31  136   76.10433   68.02230  10.6%  26.3  790s
 811154 743995   68.97242   43   26   76.10433   68.02437  10.6%  26.3  796s
 815489 747916   69.19650   54   58   76.10433   68.02561  10.6%  26.3  800s
 822325 754440   69.19103   48   95   76.10433   68.02723  10.6%  26.3  806s
 828199 759177   73.46030   45  138   76.10433   68.02852  10.6%  26.3  810s
 834767 765010 infeasible   44        76.10433   68.03041  10.6%  26.3  816s
 840255 769796   68.03393   41   81   76.10433   68.03165  10.6%  26.3  820s
 847568 775405   68.46692   55  103   76.10433   68.03321  10.6%  26.3  825s
 852402 780813   68.12083   43   86   76.10433   68.03461  10.6%  26.4  831s
 855933 783980   68.50324   51   87   76.10433   68.03559  10.6%  26.4  835s
 864134 790743   69.84636   40  103   76.10433   68.03754  10.6%  26.4  841s
 870786 796900     cutoff   49        76.10433   68.03916  10.6%  26.4  845s

Cutting planes:
  Learned: 12
  Gomory: 242
  Lift-and-project: 26
  Cover: 207
  Implied bound: 1006
  Projected implied bound: 7
  Clique: 6
  MIR: 1376
  StrongCG: 2
  Flow cover: 2368
  GUB cover: 3
  Inf proof: 50
  Zero half: 48
  RLT: 148
  Relax-and-lift: 183
  BQP: 1
  PSD: 1

Explored 875550 nodes (23113552 simplex iterations) in 847.58 seconds (1134.34 work units)
Thread count was 32 (of 32 available processors)

Solution count 10: 76.1043 76.1043 76.1043 ... 76.2579

Solve interrupted
Best objective 7.610432733730e+01, best bound 6.804003229586e+01, gap 10.5964%

Gurobi 9.5.2 (linux64) logging started Wed Jul 29 18:57:00 2026

Set parameter LogFile to value "logs/oracle_RmediumCfewTtight_2_gurobi.log"
Gurobi Optimizer version 9.5.2 build v9.5.2rc0 (linux64)
Thread count: 16 physical cores, 32 logical processors, using up to 32 threads
Optimize a model with 6636 rows, 3740 columns and 69783 nonzeros
Model fingerprint: 0x308ca6a5
Variable types: 2267 continuous, 1473 integer (1473 binary)
Coefficient statistics:
  Matrix range     [2e-02, 1e+03]
  Objective range  [1e+00, 1e+00]
  Bounds range     [1e+00, 4e+01]
  RHS range        [6e-02, 5e+02]

User MIP start did not produce a new incumbent solution

Presolve removed 1796 rows and 677 columns
Presolve time: 0.70s
Presolved: 4840 rows, 3063 columns, 57111 nonzeros
Variable types: 1838 continuous, 1225 integer (1224 binary)
Root relaxation presolve removed 236 rows and 142 columns
Root relaxation presolved: 4604 rows, 2921 columns, 35425 nonzeros

Extra simplex iterations after uncrush: 3

Root relaxation: objective 5.836094e+01, 5617 iterations, 1.11 seconds (0.76 work units)
Another try with MIP start

    Nodes    |    Current Node    |     Objective Bounds      |     Work
 Expl Unexpl |  Obj  Depth IntInf | Incumbent    BestBd   Gap | It/Node Time

H    0     0                      76.0593351   58.36094  23.3%     -    4s
     0     0   58.36094    0  272   76.05934   58.36094  23.3%     -    4s
     0     0   58.87155    0  417   76.05934   58.87155  22.6%     -    6s
     0     0   58.87948    0  398   76.05934   58.87948  22.6%     -    6s
     0     0   59.05957    0  429   76.05934   59.05957  22.4%     -    7s
     0     0   59.06910    0  447   76.05934   59.06910  22.3%     -    7s
     0     0   59.06946    0  448   76.05934   59.06946  22.3%     -    8s
     0     0   59.06950    0  452   76.05934   59.06950  22.3%     -    8s
     0     0   59.23561    0  465   76.05934   59.23561  22.1%     -    9s
     0     0   59.24869    0  485   76.05934   59.24869  22.1%     -   10s
     0     0   59.24985    0  488   76.05934   59.24985  22.1%     -   10s
     0     0   59.25007    0  497   76.05934   59.25007  22.1%     -   10s
     0     0   59.34884    0  495   76.05934   59.34884  22.0%     -   12s
     0     0   59.37695    0  544   76.05934   59.37695  21.9%     -   12s
     0     0   59.37751    0  525   76.05934   59.37751  21.9%     -   12s
     0     0   59.37751    0  527   76.05934   59.37751  21.9%     -   12s
     0     0   59.46893    0  482   76.05934   59.46893  21.8%     -   15s
     0     0   59.48744    0  515   76.05934   59.48744  21.8%     -   15s
     0     0   59.49155    0  523   76.05934   59.49155  21.8%     -   15s
     0     0   59.49159    0  524   76.05934   59.49159  21.8%     -   15s
     0     0   59.97055    0  475   76.05934   59.97055  21.2%     -   19s
     0     0   59.98567    0  461   76.05934   59.98567  21.1%     -   19s
     0     0   59.98857    0  462   76.05934   59.98857  21.1%     -   19s
     0     0   59.98972    0  463   76.05934   59.98972  21.1%     -   19s
     0     0   59.98987    0  471   76.05934   59.98987  21.1%     -   19s
     0     0   60.21125    0  499   76.05934   60.21125  20.8%     -   22s
     0     0   60.22352    0  511   76.05934   60.22352  20.8%     -   23s
     0     0   60.22509    0  522   76.05934   60.22509  20.8%     -   23s
     0     0   60.22515    0  532   76.05934   60.22515  20.8%     -   23s
     0     0   60.35197    0  576   76.05934   60.35197  20.7%     -   25s
     0     0   60.35528    0  541   76.05934   60.35528  20.6%     -   25s
     0     0   60.35656    0  584   76.05934   60.35656  20.6%     -   26s
     0     0   60.35666    0  585   76.05934   60.35666  20.6%     -   26s
     0     0   60.44022    0  552   76.05934   60.44022  20.5%     -   27s
     0     0   60.44239    0  579   76.05934   60.44239  20.5%     -   27s
     0     0   60.44254    0  574   76.05934   60.44254  20.5%     -   27s
     0     0   60.46587    0  573   76.05934   60.46587  20.5%     -   30s
     0     0   60.46824    0  563   76.05934   60.46824  20.5%     -   30s
     0     0   60.46895    0  588   76.05934   60.46895  20.5%     -   30s
     0     0   60.49654    0  594   76.05934   60.49654  20.5%     -   32s
     0     0   60.50048    0  595   76.05934   60.50048  20.5%     -   33s
     0     0   60.50154    0  607   76.05934   60.50154  20.5%     -   33s
     0     0   60.50183    0  615   76.05934   60.50183  20.5%     -   33s
     0     0   60.52160    0  569   76.05934   60.52160  20.4%     -   34s
     0     0   60.52546    0  563   76.05934   60.52546  20.4%     -   34s
     0     0   60.52674    0  572   76.05934   60.52674  20.4%     -   35s
     0     0   60.52724    0  579   76.05934   60.52724  20.4%     -   35s
     0     0   60.56657    0  605   76.05934   60.56657  20.4%     -   36s
     0     0   60.57065    0  612   76.05934   60.57065  20.4%     -   36s
     0     0   60.57189    0  629   76.05934   60.57189  20.4%     -   36s
     0     0   60.57190    0  630   76.05934   60.57190  20.4%     -   37s
     0     0   60.61856    0  617   76.05934   60.61856  20.3%     -   39s
     0     0   60.62457    0  609   76.05934   60.62457  20.3%     -   39s
     0     0   60.62646    0  630   76.05934   60.62646  20.3%     -   39s
     0     0   60.62647    0  633   76.05934   60.62647  20.3%     -   39s
     0     0   60.67283    0  574   76.05934   60.67283  20.2%     -   41s
     0     0   60.67802    0  570   76.05934   60.67802  20.2%     -   42s
     0     0   60.67879    0  575   76.05934   60.67879  20.2%     -   42s
     0     0   60.75241    0  535   76.05934   60.75241  20.1%     -   44s
     0     0   60.78319    0  542   76.05934   60.78319  20.1%     -   44s
     0     0   60.79242    0  574   76.05934   60.79242  20.1%     -   44s
     0     0   60.79274    0  578   76.05934   60.79274  20.1%     -   44s
     0     0   60.96816    0  533   76.05934   60.96816  19.8%     -   47s
     0     0   60.98317    0  542   76.05934   60.98317  19.8%     -   47s
     0     0   60.98526    0  547   76.05934   60.98526  19.8%     -   47s
     0     0   60.98598    0  552   76.05934   60.98598  19.8%     -   48s
     0     0   61.13603    0  536   76.05934   61.13603  19.6%     -   49s
     0     0   61.16969    0  533   76.05934   61.16969  19.6%     -   50s
     0     0   61.17360    0  552   76.05934   61.17360  19.6%     -   50s
     0     0   61.17393    0  547   76.05934   61.17393  19.6%     -   50s
     0     0   61.30446    0  525   76.05934   61.30446  19.4%     -   53s
     0     0   61.32131    0  542   76.05934   61.32131  19.4%     -   53s
     0     0   61.32272    0  538   76.05934   61.32272  19.4%     -   53s
     0     0   61.32287    0  542   76.05934   61.32287  19.4%     -   53s
     0     0   61.48198    0  530   76.05934   61.48198  19.2%     -   55s
     0     0   61.52665    0  542   76.05934   61.52665  19.1%     -   56s
     0     0   61.53557    0  564   76.05934   61.53557  19.1%     -   56s
     0     0   61.53769    0  567   76.05934   61.53769  19.1%     -   56s
     0     0   61.53774    0  579   76.05934   61.53774  19.1%     -   56s
     0     0   61.64678    0  516   76.05934   61.64678  18.9%     -   57s
     0     0   61.65998    0  525   76.05934   61.65998  18.9%     -   58s
     0     0   61.66502    0  535   76.05934   61.66502  18.9%     -   58s
     0     0   61.66532    0  535   76.05934   61.66532  18.9%     -   58s
     0     0   61.86831    0  550   76.05934   61.86831  18.7%     -   61s
     0     0   61.89568    0  550   76.05934   61.89568  18.6%     -   62s
     0     0   61.90174    0  552   76.05934   61.90174  18.6%     -   62s
     0     0   61.90274    0  552   76.05934   61.90274  18.6%     -   62s
     0     0   62.09853    0  522   76.05934   62.09853  18.4%     -   64s
     0     0   62.13075    0  496   76.05934   62.13075  18.3%     -   64s
     0     0   62.13434    0  535   76.05934   62.13434  18.3%     -   65s
     0     0   62.13543    0  505   76.05934   62.13543  18.3%     -   65s
     0     0   62.22205    0  472   76.05934   62.22205  18.2%     -   68s
     0     0   62.25352    0  502   76.05934   62.25352  18.2%     -   68s
     0     0   62.25689    0  538   76.05934   62.25689  18.1%     -   69s
     0     0   62.25732    0  508   76.05934   62.25732  18.1%     -   69s
     0     0   62.39579    0  500   76.05934   62.39579  18.0%     -   72s
     0     0   62.42240    0  523   76.05934   62.42240  17.9%     -   72s
     0     0   62.43384    0  529   76.05934   62.43384  17.9%     -   72s
     0     0   62.43419    0  540   76.05934   62.43419  17.9%     -   72s
     0     0   62.53603    0  474   76.05934   62.53603  17.8%     -   74s
     0     0   62.55086    0  486   76.05934   62.55086  17.8%     -   74s
     0     0   62.55186    0  483   76.05934   62.55186  17.8%     -   74s
     0     0   62.63318    0  541   76.05934   62.63318  17.7%     -   77s
     0     0   62.63960    0  537   76.05934   62.63960  17.6%     -   77s
     0     0   62.64222    0  540   76.05934   62.64222  17.6%     -   78s
     0     0   62.64277    0  536   76.05934   62.64277  17.6%     -   78s
     0     0   62.71016    0  505   76.05934   62.71016  17.6%     -   81s
     0     0   62.71996    0  534   76.05934   62.71996  17.5%     -   82s
     0     0   62.72682    0  545   76.05934   62.72682  17.5%     -   82s
     0     0   62.72759    0  545   76.05934   62.72759  17.5%     -   82s
     0     0   62.84824    0  500   76.05934   62.84824  17.4%     -   86s
     0     0   62.86582    0  551   76.05934   62.86582  17.3%     -   86s
     0     0   62.86909    0  548   76.05934   62.86909  17.3%     -   86s
     0     0   62.87076    0  542   76.05934   62.87076  17.3%     -   86s
     0     0   63.02048    0  520   76.05934   63.02048  17.1%     -   87s
     0     0   63.02982    0  531   76.05934   63.02982  17.1%     -   88s
     0     0   63.03101    0  531   76.05934   63.03101  17.1%     -   88s
     0     0   63.15035    0  462   76.05934   63.15035  17.0%     -   89s
     0     0   63.15735    0  466   76.05934   63.15735  17.0%     -   89s
     0     0   63.15856    0  496   76.05934   63.15856  17.0%     -   90s
     0     0   63.30454    0  490   76.05934   63.30454  16.8%     -   92s
     0     0   63.31300    0  484   76.05934   63.31300  16.8%     -   93s
     0     0   63.31847    0  495   76.05934   63.31847  16.8%     -   93s
     0     0   63.31856    0  495   76.05934   63.31856  16.8%     -   93s
     0     0   63.39340    0  447   76.05934   63.39340  16.7%     -   94s
     0     0   63.40864    0  461   76.05934   63.40864  16.6%     -   95s
     0     0   63.40879    0  470   76.05934   63.40879  16.6%     -   95s
     0     0   63.45841    0  467   76.05934   63.45841  16.6%     -   96s
     0     0   63.46019    0  479   76.05934   63.46019  16.6%     -   96s
     0     0   63.53637    0  486   76.05934   63.53637  16.5%     -   97s
     0     0   63.55147    0  457   76.05934   63.55147  16.4%     -   97s
     0     0   63.55172    0  478   76.05934   63.55172  16.4%     -   97s
     0     0   63.58041    0  491   76.05934   63.58041  16.4%     -   99s
H    0     0                      76.0066030   63.58041  16.3%     -   99s
     0     0   63.59438    0  497   76.00660   63.59438  16.3%     -   99s
     0     0   63.59711    0  465   76.00660   63.59711  16.3%     -   99s
     0     0   63.59746    0  503   76.00660   63.59746  16.3%     -   99s
     0     0   63.62219    0  408   76.00660   63.62219  16.3%     -  100s
H    0     0                      75.8589915   63.62219  16.1%     -  100s
     0     0   63.62353    0  441   75.85899   63.62353  16.1%     -  100s
     0     0   63.63923    0  444   75.85899   63.63923  16.1%     -  101s
     0     0   63.63923    0  377   75.85899   63.63923  16.1%     -  101s
H    0     0                      75.7838298   63.63923  16.0%     -  102s
H    0     0                      74.7264907   63.63923  14.8%     -  102s
     0     2   63.63923    0  359   74.72649   63.63923  14.8%     -  103s
     7    16   63.66540    3  401   74.72649   63.65114  14.8%   293  105s
H   31    47                      74.5335992   63.77141  14.4%   434  107s
H   33    47                      74.2082304   63.78797  14.0%   430  107s
H   35    47                      74.1794375   63.78797  14.0%   424  107s
H   40    47                      74.1680510   63.78797  14.0%   414  107s
    63    79   63.86601    7  436   74.16805   63.86259  13.9%   420  110s
H   83    95                      74.1560938   63.90005  13.8%   391  110s
   138   154   63.91710   11  448   74.15609   63.91509  13.8%   356  115s
H  139   154                      74.1068477   63.91509  13.8%   353  115s
H  202   218                      74.1068477   63.92749  13.7%   344  118s
H  216   218                      73.7409804   63.92750  13.3%   356  118s
H  248   267                      73.6734606   63.94921  13.2%   346  119s
H  258   267                      73.5865312   63.94930  13.1%   338  119s
H  260   267                      73.3243137   63.94930  12.8%   342  119s
   269   309   63.94930   26  403   73.32431   63.94930  12.8%   342  120s
H  311   331                      73.2567939   63.94952  12.7%   322  122s
H  379   390                      73.2567939   63.95110  12.7%   300  124s
H  396   380                      73.1021459   63.95110  12.5%   295  124s
   400   390   63.95110   43  403   73.10215   63.95110  12.5%   294  125s
H  461   406                      73.0825591   63.95116  12.5%   271  134s
H  463   405                      65.9158042   63.95116  2.98%   270  134s
H  466   405                      65.6752237   63.95116  2.63%   268  134s
   477   297 infeasible   50        65.67522   64.00460  2.54%   267  135s
   697   523   64.57683   10  323   65.67522   64.09583  2.40%   257  140s
  1092   862   64.15789   13  302   65.67522   64.15789  2.31%   229  146s
  1384  1131   64.19057   12  332   65.67522   64.17861  2.28%   213  150s
H 1505  1196                      65.6752237   64.18465  2.27%   208  151s
  1759  1366   64.31423   15  292   65.67522   64.19974  2.25%   201  155s
  1883  1457   65.62036   50  377   65.67522   64.20607  2.24%   199  169s
  1885  1458   64.26393   22   98   65.67522   64.20607  2.24%   199  171s
  1888  1460   64.49565   23  106   65.67522   64.20607  2.24%   199  179s
  1889  1461   64.59053   10  297   65.67522   64.20607  2.24%   199  182s
  1890  1462   64.51290   20  374   65.67522   64.20607  2.24%   198  188s
  1894  1464   64.29304   14  392   65.67522   64.20607  2.24%   198  190s
  1898  1467   64.29886   14  369   65.67522   64.20607  2.24%   198  195s
  1902  1470   64.46524   21  321   65.67522   64.37448  1.98%   197  201s
  1907  1473   65.62897   47  333   65.67522   64.44310  1.88%   197  206s
  1912  1476   64.50289   16  379   65.67522   64.50289  1.79%   196  210s
  1917  1480   64.53266   16  341   65.67522   64.53266  1.74%   196  216s
  1919  1484   64.54792   11  292   65.67522   64.54792  1.72%   218  221s
  1921  1486   64.55982   12  336   65.67522   64.55982  1.70%   218  228s
  1944  1509   64.57210   15  266   65.67522   64.57210  1.68%   218  230s
H 1997  1466                      65.6109019   64.59489  1.55%   217  232s
H 2028  1416                      65.5633547   64.59489  1.48%   215  234s
H 2032  1347                      65.3702906   64.59836  1.18%   215  234s
H 2034  1283                      65.2931959   64.59836  1.06%   215  234s
H 2041  1219                      65.2599487   64.59836  1.01%   215  234s
  2060  1233   64.61231   19  280   65.25995   64.59836  1.01%   215  240s
H 2061  1175                      65.2599486   64.59836  1.01%   215  240s
H 2062  1119                      65.2307793   64.59866  0.97%   215  240s
H 2067  1066                      65.1507448   64.59866  0.85%   215  240s
  2423  1310   64.69883   28  206   65.15074   64.66131  0.75%   203  245s
  2889  1652   64.73376   38  159   65.15074   64.73376  0.64%   188  250s
  3462  1937   64.89534   24  193   65.15074   64.74813  0.62%   174  255s
  4437  2715   64.76294   37  156   65.15074   64.76294  0.60%   158  260s
  6011  3996   65.04857   30  150   65.15074   64.78124  0.57%   146  265s
  7135  5053   65.06418   35  120   65.15074   64.79477  0.55%   142  270s
  8381  6111   64.89173   37  105   65.15074   64.80994  0.52%   139  275s
  8748  6146   64.81736   36  150   65.15074   64.81736  0.51%   139  281s
  9245  6915   64.98480   33  128   65.15074   64.82169  0.51%   138  286s

Cutting planes:
  Learned: 1
  Gomory: 220
  Lift-and-project: 20
  Cover: 48
  Implied bound: 150
  Projected implied bound: 43
  Clique: 2
  MIR: 628
  StrongCG: 3
  Flow cover: 1303
  Flow path: 2
  Zero half: 5
  RLT: 101
  Relax-and-lift: 48
  BQP: 1
  PSD: 1

Explored 9683 nodes (1384007 simplex iterations) in 286.41 seconds (113.31 work units)
Thread count was 32 (of 32 available processors)

Solution count 10: 65.1507 65.2308 65.2599 ... 65.6752

Optimal solution found (tolerance 5.00e-03)
Best objective 6.515074483840e+01, best bound 6.482532600355e+01, gap 0.4995%

Gurobi 9.5.2 (linux64) logging started Wed Jul 29 21:25:22 2026

Set parameter LogFile to value "logs/oracle_RmediumCfewTtight_2_gurobi.log"
Gurobi Optimizer version 9.5.2 build v9.5.2rc0 (linux64)
Thread count: 16 physical cores, 32 logical processors, using up to 32 threads
Optimize a model with 5183 rows, 2790 columns and 62120 nonzeros
Model fingerprint: 0x9fd52bfa
Variable types: 1767 continuous, 1023 integer (1023 binary)
Coefficient statistics:
  Matrix range     [3e-02, 1e+03]
  Objective range  [1e+00, 1e+00]
  Bounds range     [1e+00, 4e+01]
  RHS range        [1e-01, 5e+02]

User MIP start produced solution with objective 79.7671 (0.07s)
Loaded user MIP start with objective 79.7671

Presolve removed 1745 rows and 611 columns
Presolve time: 0.34s
Presolved: 3438 rows, 2179 columns, 53534 nonzeros
Variable types: 1304 continuous, 875 integer (875 binary)
Root relaxation presolve removed 136 rows and 40 columns
Root relaxation presolved: 3302 rows, 2139 columns, 31146 nonzeros

Extra simplex iterations after uncrush: 1

Root relaxation: objective 6.296807e+01, 2715 iterations, 0.27 seconds (0.33 work units)

    Nodes    |    Current Node    |     Objective Bounds      |     Work
 Expl Unexpl |  Obj  Depth IntInf | Incumbent    BestBd   Gap | It/Node Time

     0     0   62.96807    0  116   79.76712   62.96807  21.1%     -    0s
     0     0   64.85212    0  170   79.76712   64.85212  18.7%     -    1s
     0     0   64.87971    0  163   79.76712   64.87971  18.7%     -    1s
     0     0   64.88776    0  186   79.76712   64.88776  18.7%     -    1s
     0     0   64.88906    0  183   79.76712   64.88906  18.7%     -    1s
     0     0   64.88906    0  182   79.76712   64.88906  18.7%     -    1s
     0     0   65.47506    0  171   79.76712   65.47506  17.9%     -    1s
     0     0   65.54799    0  129   79.76712   65.54799  17.8%     -    1s
     0     0   65.54976    0  132   79.76712   65.54976  17.8%     -    1s
     0     0   65.55107    0  152   79.76712   65.55107  17.8%     -    1s
     0     0   65.55107    0  153   79.76712   65.55107  17.8%     -    1s
     0     0   65.68439    0  158   79.76712   65.68439  17.7%     -    2s
H    0     0                      78.3397024   65.68439  16.2%     -    2s
     0     0   65.75142    0  144   78.33970   65.75142  16.1%     -    2s
     0     0   65.75183    0  169   78.33970   65.75183  16.1%     -    2s
     0     0   65.85605    0  174   78.33970   65.85605  15.9%     -    2s
     0     0   65.86272    0  158   78.33970   65.86272  15.9%     -    2s
     0     0   65.86646    0  152   78.33970   65.86646  15.9%     -    2s
H    0     0                      77.8452507   65.86709  15.4%     -    2s
     0     0   65.86709    0  200   77.84525   65.86709  15.4%     -    2s
     0     0   65.86716    0  200   77.84525   65.86716  15.4%     -    2s
H    0     0                      77.7243548   65.86716  15.3%     -    3s
H    0     0                      77.2671292   65.91955  14.7%     -    3s
     0     0   65.91955    0  243   77.26713   65.91955  14.7%     -    3s
H    0     0                      77.0047083   65.93979  14.4%     -    3s
     0     0   65.93979    0  238   77.00471   65.93979  14.4%     -    3s
     0     0   65.94105    0  269   77.00471   65.94105  14.4%     -    3s
     0     0   65.94105    0  268   77.00471   65.94105  14.4%     -    3s
H    0     0                      76.8294766   65.94105  14.2%     -    4s
     0     0   65.99804    0  186   76.82948   65.99804  14.1%     -    4s
     0     0   66.01711    0  250   76.82948   66.01711  14.1%     -    4s
     0     0   66.02115    0  253   76.82948   66.02115  14.1%     -    4s
     0     0   66.02191    0  241   76.82948   66.02191  14.1%     -    4s
     0     0   66.02191    0  241   76.82948   66.02191  14.1%     -    4s
     0     0   66.06686    0  202   76.82948   66.06686  14.0%     -    4s
     0     0   66.07845    0  225   76.82948   66.07845  14.0%     -    5s
     0     0   66.08033    0  241   76.82948   66.08033  14.0%     -    5s
     0     0   66.08051    0  241   76.82948   66.08051  14.0%     -    5s
     0     0   66.11001    0  222   76.82948   66.11001  14.0%     -    5s
     0     0   66.11407    0  223   76.82948   66.11407  13.9%     -    5s
     0     0   66.11652    0  223   76.82948   66.11652  13.9%     -    5s
     0     0   66.11675    0  224   76.82948   66.11675  13.9%     -    5s
H    0     0                      76.7984799   66.12086  13.9%     -    5s
     0     0   66.12086    0  225   76.79848   66.12086  13.9%     -    5s
     0     0   66.12124    0  231   76.79848   66.12124  13.9%     -    5s
     0     0   66.15884    0  221   76.79848   66.15884  13.9%     -    6s
     0     0   66.17397    0  227   76.79848   66.17397  13.8%     -    6s
     0     0   66.17577    0  228   76.79848   66.17577  13.8%     -    6s
     0     0   66.17609    0  184   76.79848   66.17609  13.8%     -    6s
     0     0   66.19111    0  238   76.79848   66.19111  13.8%     -    7s
     0     0   66.19401    0  242   76.79848   66.19401  13.8%     -    7s
     0     0   66.19415    0  243   76.79848   66.19415  13.8%     -    7s
H    0     0                      76.6318133   66.19415  13.6%     -    7s
     0     0   66.21044    0  257   76.63181   66.21044  13.6%     -    7s
     0     0   66.21739    0  264   76.63181   66.21739  13.6%     -    7s
     0     0   66.21778    0  268   76.63181   66.21778  13.6%     -    7s
     0     0   66.22966    0  266   76.63181   66.22966  13.6%     -    8s
     0     0   66.23011    0  268   76.63181   66.23011  13.6%     -    8s
     0     0   66.23546    0  248   76.63181   66.23546  13.6%     -    8s
     0     0   66.23729    0  249   76.63181   66.23729  13.6%     -    8s
     0     0   66.23729    0  252   76.63181   66.23729  13.6%     -    8s
     0     0   66.24465    0  283   76.63181   66.24465  13.6%     -    9s
     0     0   66.24570    0  285   76.63181   66.24570  13.6%     -    9s
     0     0   66.24575    0  287   76.63181   66.24575  13.6%     -    9s
     0     0   66.25370    0  242   76.63181   66.25370  13.5%     -    9s
     0     0   66.25420    0  256   76.63181   66.25420  13.5%     -    9s
     0     0   66.27421    0  262   76.63181   66.27421  13.5%     -   10s
     0     0   66.27660    0  277   76.63181   66.27660  13.5%     -   10s
     0     0   66.27732    0  272   76.63181   66.27732  13.5%     -   10s
     0     0   66.28850    0  264   76.63181   66.28850  13.5%     -   11s
     0     0   66.28865    0  262   76.63181   66.28865  13.5%     -   11s
     0     0   66.29613    0  269   76.63181   66.29613  13.5%     -   11s
     0     0   66.29613    0  208   76.63181   66.29613  13.5%     -   11s
     0     2   66.29613    0  194   76.63181   66.29613  13.5%     -   11s
H   78    93                      76.5981579   66.61041  13.0%   206   15s
H   78    93                      76.5727555   66.61041  13.0%   206   15s
H   80    93                      76.5508073   66.61100  13.0%   205   15s
H   82    93                      76.4865364   66.61391  12.9%   207   15s
H   85    93                      76.4088468   66.61482  12.8%   212   15s
   520   593   67.07842   45  172   76.40885   67.07842  12.2%   130   20s
  1145  1119   67.42717   46  152   76.40885   67.42717  11.8%  93.6   28s
H 1147  1117                      76.3973836   67.42717  11.7%  93.7   28s
H 1157  1086                      76.2695238   67.42717  11.6%  93.6   28s
  1735  1661   67.57126   64  145   76.26952   67.54409  11.4%  76.8   30s
  2117  1884   72.01187   26   66   76.26952   67.59279  11.4%  79.0   35s
  2122  1888   74.60229   29   41   76.26952   67.59279  11.4%  78.8   42s
  2124  1889   72.01187   11  119   76.26952   67.59279  11.4%  78.8   49s
  2125  1890   76.11311   86   86   76.26952   67.59279  11.4%  78.7   51s
  2129  1897   67.62094   14  188   76.26952   67.59279  11.4%  91.1   56s
  2204  1977   67.59279   20   92   76.26952   67.59279  11.4%   113   60s
  2412  2407   67.59279   30  102   76.26952   67.59279  11.4%   133   65s
  2812  2427   67.60100   40   46   76.26952   67.59279  11.4%   127   70s
  2953  2391   67.59279   25   23   76.26952   67.59279  11.4%   126   81s
H 2961  2293                      76.2579079   67.59279  11.4%   127   81s
  2969  2306   67.75597   26   92   76.25791   67.59279  11.4%   129   86s
H 2979  2213                      76.2579076   67.59279  11.4%   131   86s
  3193  2629   67.63049   35   55   76.25791   67.59279  11.4%   135   90s
  4037  3142   68.51454   35   77   76.25791   67.59279  11.4%   126   95s
  4626  3260   67.82458   37  139   76.25791   67.59279  11.4%   120  100s
H 4627  3174                      76.2474780   67.59279  11.4%   120  100s
H 4635  3090                      76.1876615   67.59279  11.3%   122  100s
  4853  3351   68.03128   28   91   76.18766   67.59279  11.3%   125  105s
  5178  3567   67.80732   21   83   76.18766   67.59279  11.3%   128  110s
  6036  4396   67.62025   30   51   76.18766   67.59279  11.3%   121  115s
  6786  4486   68.01474   23  135   76.18766   67.59279  11.3%   116  126s
H 6797  4486                      76.1112329   67.59279  11.2%   116  126s
  7031  5074   67.59279   25  241   76.11123   67.59279  11.2%   117  131s
  7700  5555   67.59279   21  136   76.11123   67.59279  11.2%   115  136s
  8189  5854   67.59279   27  206   76.11123   67.59279  11.2%   115  141s
  8498  6275   67.59279   25  125   76.11123   67.59279  11.2%   119  147s
  8634  6291   68.23483   24  167   76.11123   67.59279  11.2%   120  152s
H 8641  6291                      76.1112324   67.59279  11.2%   121  152s
  9017  7700   67.85034   30   69   76.11123   67.59279  11.2%   119  156s
 11251  9128   67.68160   20  158   76.11123   67.60611  11.2%   101  175s
 12438 11393     cutoff   24        76.11123   67.61605  11.2%  93.6  183s
 13999 12931   67.77554   33   10   76.11123   67.62463  11.2%  85.8  186s
 15602 13412   68.28017   35   43   76.11123   67.62935  11.1%  79.2  190s
 17837 16247   67.67277   39   51   76.11123   67.63889  11.1%  71.9  195s
 20634 20861   68.34040   22   86   76.11123   67.64906  11.1%  65.3  204s
 24021 21246   67.89476   32   94   76.11123   67.65873  11.1%  59.2  206s
 24411 21258     cutoff   24        76.11123   67.66197  11.1%  58.6  211s
H24425 21258                      76.1043282   67.66263  11.1%  58.6  211s
 24827 22869     cutoff   31        76.10433   67.66263  11.1%  58.2  215s
 27191 25230   67.69018   35   39   76.10433   67.66971  11.1%  54.9  220s
 29771 26375   67.99450   24  110   76.10433   67.67584  11.1%  51.9  234s
 29789 27772   67.68018   33  111   76.10433   67.67717  11.1%  51.9  236s
 32280 30392   67.68279   51   65   76.10433   67.68265  11.1%  49.5  240s
 35681 32203   68.55424   37  162   76.10433   67.68851  11.1%  46.6  245s
 37746 35263   69.27686   44    4   76.10433   67.69294  11.1%  45.2  250s
 41348 42875   67.84659   36   77   76.10433   67.69728  11.0%  43.0  264s
 47279 43508     cutoff   32        76.10433   67.70414  11.0%  40.1  266s
 49719 46968   67.80405   44   64   76.10433   67.70973  11.0%  39.2  271s
 53240 50340   69.01561   53    8   76.10433   67.71163  11.0%  37.9  276s
 56680 53132   67.74570   42  159   76.10433   67.71810  11.0%  36.9  280s
 59841 56352   67.81865   33  166   76.10433   67.72122  11.0%  36.2  285s
 62810 61565   68.43077   27   78   76.10433   67.72468  11.0%  35.5  291s
 67565 63920   67.82712   41  111   76.10433   67.72871  11.0%  34.5  296s
 69566 65171   67.75475   28  132   76.10433   67.73070  11.0%  34.2  300s
 74621 70817   68.57549   63    7   76.10433   67.73560  11.0%  33.2  307s
 76785 72533   68.94793   60   18   76.10433   67.73741  11.0%  32.8  310s
 82607 78273   68.01387   52   55   76.10433   67.74192  11.0%  32.1  315s
 88240 82809   71.16497   37   84   76.10433   67.74559  11.0%  31.4  321s
 94254 87946   68.58640   66   13   76.10433   67.75133  11.0%  30.7  326s
 97388 91951   67.83455   55  124   76.10433   67.75336  11.0%  30.4  330s
 101645 96003   71.97765   41   49   76.10433   67.75693  11.0%  30.1  335s
 105910 100491   67.76264   55    1   76.10433   67.76004  11.0%  29.7  340s
 109844 104860   67.77207   68    1   76.10433   67.76233  11.0%  29.4  345s
 116884 110359   67.77134   36   63   76.10433   67.76707  11.0%  29.0  351s
 120814 113819   67.87318   30  127   76.10433   67.77056  11.0%  28.8  355s
 126132 119078   68.01583   33   58   76.10433   67.77417  10.9%  28.6  361s
 131327 122615   68.44710   54  156   76.10433   67.77837  10.9%  28.4  365s
 132997 126005   67.83219   57    1   76.10433   67.77999  10.9%  28.3  370s
 138080 130111   67.78640   72   12   76.10433   67.78304  10.9%  28.1  375s
 144098 135736   68.22928   41   96   76.10433   67.78663  10.9%  28.0  381s
 147051 137975   67.79559   42   91   76.10433   67.78874  10.9%  27.9  385s
 151764 142181   68.67244   56   14   76.10433   67.79090  10.9%  27.7  390s
 156550 147130   68.80266   50   66   76.10433   67.79407  10.9%  27.6  397s
 160636 150654   68.68047   61   28   76.10433   67.79666  10.9%  27.5  401s
 165067 155053   67.80244   33  123   76.10433   67.79942  10.9%  27.4  405s
 169297 159293   67.80530   71   32   76.10433   67.80142  10.9%  27.2  410s
 172543 162497   68.97310   67   82   76.10433   67.80333  10.9%  27.2  416s
 177760 166677     cutoff   69        76.10433   67.80571  10.9%  27.1  420s
 182413 169218 infeasible   72        76.10433   67.80872  10.9%  27.0  440s
H182415 169218                      76.1043281   67.80872  10.9%  27.0  440s
 182647 170231   68.86071   48   14   76.10433   67.80944  10.9%  27.0  446s
 186029 174271   67.90585   49   73   76.10433   67.81090  10.9%  26.9  451s
 190579 179262   68.45865   55   32   76.10433   67.81318  10.9%  26.9  456s
 195055 183018   67.88789   44   94   76.10433   67.81565  10.9%  26.8  461s
 199647 186604   67.85667   31   84   76.10433   67.81753  10.9%  26.7  465s
 202304 189058   67.96125   43   25   76.10433   67.81897  10.9%  26.7  470s
 205529 192592     cutoff   47        76.10433   67.82084  10.9%  26.7  475s
 212488 198018   67.91708   34   98   76.10433   67.82375  10.9%  26.6  482s
 213913 202087   67.95727   46   16   76.10433   67.82461  10.9%  26.6  486s
 220213 205899   67.84153   39  117   76.10433   67.82781  10.9%  26.5  491s
 224719 209998   67.84594   38   92   76.10433   67.82980  10.9%  26.5  495s
 231228 215797   67.96266   50  142   76.10433   67.83321  10.9%  26.4  502s
 233252 218521   67.90960   41   82   76.10433   67.83422  10.9%  26.4  505s
 236830 221428   69.24499   41   35   76.10433   67.83565  10.9%  26.4  510s
 243895 227720     cutoff   52        76.10433   67.83903  10.9%  26.3  517s
 245868 229976   69.03469   40  121   76.10433   67.83993  10.9%  26.3  520s
 250115 232314   67.95146   31  108   76.10433   67.84182  10.9%  26.3  525s
 253179 236248     cutoff   31        76.10433   67.84330  10.9%  26.2  530s
 258013 240444   67.89373   37   59   76.10433   67.84509  10.9%  26.2  536s
H258221 240444                      76.1043275   67.84530  10.9%  26.2  537s
 259655 242587   67.85252   45  149   76.10433   67.84632  10.9%  26.2  540s
 266924 248774   69.18504   62   31   76.10433   67.84977  10.8%  26.2  546s
 270164 252334   68.24556   40   54   76.10433   67.85122  10.8%  26.1  550s
 272406 252537   68.10408   37   78   76.10433   67.85203  10.8%  26.1  555s
 275160 255907   68.51914   61   52   76.10433   67.85286  10.8%  26.1  560s
 279245 260664   67.94965   38   24   76.10433   67.85420  10.8%  26.1  565s
 283094 264060   67.95069   44  147   76.10433   67.85633  10.8%  26.1  570s
 288120 268579   67.85833   37   85   76.10433   67.85833  10.8%  26.1  577s
 289967 269671   68.06458   38   38   76.10433   67.85899  10.8%  26.1  580s
 293570 274408   68.59860   47   78   76.10433   67.86077  10.8%  26.0  585s
 298187 278899 infeasible   73        76.10433   67.86268  10.8%  26.0  590s
 303213 282412   72.14995   41  112   76.10433   67.86498  10.8%  26.0  595s
 309525 288008   69.06779   42  103   76.10433   67.86714  10.8%  26.0  601s
 311599 290575   69.56499   46   46   76.10433   67.86841  10.8%  26.0  606s
 316151 295069     cutoff   40        76.10433   67.87011  10.8%  26.0  611s
 321015 298038   74.08724   49   74   76.10433   67.87239  10.8%  26.0  617s
 321901 301116   68.94263   44  108   76.10433   67.87317  10.8%  26.0  620s
 328028 305736   69.46560   43   19   76.10433   67.87536  10.8%  26.0  626s
H328156 305736                      76.1043273   67.87536  10.8%  26.0  626s
 332393 310458   68.69282   32   10   76.10433   67.87707  10.8%  26.0  631s
 335063 312091     cutoff   43        76.10433   67.87803  10.8%  25.9  635s
 339568 317313     cutoff   38        76.10433   67.88001  10.8%  25.9  640s
 344371 320030   68.27136   54   88   76.10433   67.88192  10.8%  25.9  645s
 348013 324815   68.17466   49  187   76.10433   67.88332  10.8%  25.9  650s
 352637 328844   68.74105   30  129   76.10433   67.88485  10.8%  25.9  656s
 357436 331204   67.96373   44  172   76.10433   67.88700  10.8%  25.9  666s
 359783 335342   68.97646   66   36   76.10433   67.88793  10.8%  25.9  671s
 363370 340992   68.47435   53   61   76.10433   67.88965  10.8%  25.9  680s
 369188 344733   67.89166   46   24   76.10433   67.89166  10.8%  25.9  686s
 375747 349955   69.20996   70   28   76.10433   67.89418  10.8%  25.8  692s
 377962 352370   72.56752   61   36   76.10433   67.89483  10.8%  25.8  695s
 383033 354636     cutoff   65        76.10433   67.89628  10.8%  25.8  709s
 383064 369187   67.92311   42   46   76.10433   67.89673  10.8%  25.8  747s
 399080 369444   68.28192   47   47   76.10433   67.90131  10.8%  25.9  758s
 399362 370021   67.98526   44   40   76.10433   67.90179  10.8%  25.9  767s
 400005 374424   68.79650   43   31   76.10433   67.90208  10.8%  25.9  772s
 404890 377375   68.03250   41   27   76.10433   67.90293  10.8%  25.9  776s
 410194 381287   69.17138   52   71   76.10433   67.90533  10.8%  25.9  780s
 412969 383635   73.25982   42  140   76.10433   67.90635  10.8%  25.9  785s
 419810 389288     cutoff   46        76.10433   67.90850  10.8%  25.9  792s
 421238 391646   68.82238   50   61   76.10433   67.90904  10.8%  25.9  795s
 426373 395340   69.18723   65   41   76.10433   67.91063  10.8%  25.9  801s
 427868 399764   69.15287   72   92   76.10433   67.91117  10.8%  25.9  806s
 435022 404077   73.58388   45  109   76.10433   67.91318  10.8%  25.9  811s
 437366 405877   67.94987   50  147   76.10433   67.91412  10.8%  25.9  815s
 442792 411251   67.98381   37  122   76.10433   67.91614  10.8%  25.9  821s
 445835 414335     cutoff   33        76.10433   67.91732  10.8%  25.9  826s
 448440 417237   68.05207   29   66   76.10433   67.91812  10.8%  25.9  830s
 453364 421315   68.05992   40  104   76.10433   67.91924  10.8%  25.9  835s
 458502 425566   68.00787   39   54   76.10433   67.92060  10.8%  25.9  840s
 461229 428782   67.99258   41   67   76.10433   67.92201  10.8%  25.9  846s
 466979 433837   71.69731   42   68   76.10433   67.92324  10.7%  25.9  851s
 469400 436157   68.03869   43  140   76.10433   67.92403  10.7%  25.9  855s
 474636 440490 infeasible   49        76.10433   67.92541  10.7%  25.9  860s
 479503 445640   67.92693   64    2   76.10433   67.92693  10.7%  25.9  866s
 484342 448327   67.95005   42   70   76.10433   67.92821  10.7%  25.9  871s
 485171 451101   67.93255   43   59   76.10433   67.92885  10.7%  25.9  875s
 490834 455959   67.96459   45   25   76.10433   67.93044  10.7%  25.9  881s
 495995 461113   71.55104   51  133   76.10433   67.93188  10.7%  25.9  886s
 500796 465176     cutoff   47        76.10433   67.93313  10.7%  25.9  891s
 506154 469091   69.41953   76   40   76.10433   67.93487  10.7%  25.9  897s
 507808 470095   67.95690   37  133   76.10433   67.93566  10.7%  25.9  900s
 511823 474832   68.03852   39   47   76.10433   67.93661  10.7%  25.9  907s
 516812 479749   68.28271   47  114   76.10433   67.93847  10.7%  25.9  912s
 519704 482080   69.25761   42   39   76.10433   67.93917  10.7%  25.9  915s
 524518 486177   70.58208   47  127   76.10433   67.94051  10.7%  25.9  921s
 528188 489605   68.06349   40  123   76.10433   67.94183  10.7%  25.9  927s
 530761 491780   68.02451   51  114   76.10433   67.94272  10.7%  25.9  930s
 533211 492161   69.36667   46   36   76.10433   67.94330  10.7%  25.9  947s
 533624 506313   68.36188   30   83   76.10433   67.94379  10.7%  25.9  983s
 549567 511547   67.94869   71   98   76.10433   67.94814  10.7%  26.0  989s
 555434 514093   68.65315   32  142   76.10433   67.94968  10.7%  26.0  993s
 558304 516123   68.25130   58    3   76.10433   67.95095  10.7%  26.0  996s
 562777 520516   68.01413   37   93   76.10433   67.95232  10.7%  26.0 1002s
 567688 524656   67.95387   44   11   76.10433   67.95387  10.7%  26.0 1007s
 569839 526725   69.10351   43   82   76.10433   67.95458  10.7%  26.0 1010s
 574561 531364   69.26218   50   15   76.10433   67.95609  10.7%  26.1 1016s
 579373 536461   68.01194   34  114   76.10433   67.95739  10.7%  26.1 1023s
 582674 538689   71.17535   44  140   76.10433   67.95841  10.7%  26.1 1025s
 587337 543177   68.23732   40  159   76.10433   67.95971  10.7%  26.1 1031s
 592567 547285   68.56924   54   33   76.10433   67.96122  10.7%  26.1 1037s
 594788 549844   68.03716   51   76   76.10433   67.96177  10.7%  26.1 1040s
 600232 554164   67.97758   39  159   76.10433   67.96345  10.7%  26.1 1046s
 605452 558721   73.78784   53   97   76.10433   67.96495  10.7%  26.1 1051s
 608012 561628   68.26914   38  102   76.10433   67.96594  10.7%  26.1 1057s
 610514 564069   68.01759   46  134   76.10433   67.96670  10.7%  26.1 1061s
 615257 566126   73.15243   35   97   76.10433   67.96800  10.7%  26.1 1065s
 618645 571303   68.08111   75   53   76.10433   67.96921  10.7%  26.1 1071s
 621193 572007   68.52752   35   34   76.10433   67.96990  10.7%  26.1 1075s
 625084 577457   67.98380   40  144   76.10433   67.97129  10.7%  26.2 1082s
 628191 579557 infeasible   53        76.10433   67.97221  10.7%  26.2 1086s
 633434 584701   68.51251   58   36   76.10433   67.97384  10.7%  26.2 1092s
 636270 585531   68.80630   56   80   76.10433   67.97448  10.7%  26.2 1095s
 639912 590762   68.01606   40  164   76.10433   67.97582  10.7%  26.2 1102s
 642813 592698     cutoff   36        76.10433   67.97665  10.7%  26.2 1105s
 647098 596804   68.54040   41   75   76.10433   67.97786  10.7%  26.2 1110s
 649725 596828     cutoff   51        76.10433   67.97880  10.7%  26.2 1120s
 650577 599636   71.35295   78   60   76.10433   67.97921  10.7%  26.2 1127s
 652834 602002 infeasible   55        76.10433   67.97980  10.7%  26.2 1130s
 658077 606395   68.31400   43   70   76.10433   67.98157  10.7%  26.2 1137s
 660320 609342   72.80216   44  115   76.10433   67.98210  10.7%  26.2 1141s
 664102 612047   73.30792   43  114   76.10433   67.98326  10.7%  26.2 1147s
 666641 614062   67.98399   38   63   76.10433   67.98399  10.7%  26.2 1150s
 671188 618736   68.03901   50  101   76.10433   67.98530  10.7%  26.3 1156s
 674823 621858   74.62622   50  106   76.10433   67.98642  10.7%  26.3 1163s
 677465 624213   68.02698   38  105   76.10433   67.98723  10.7%  26.3 1166s
 682703 629001   68.00013   33  117   76.10433   67.98890  10.7%  26.3 1172s
 685461 631274   69.92767   59   87   76.10433   67.98966  10.7%  26.3 1175s
 688874 634514   69.45724   58   12   76.10433   67.99099  10.7%  26.3 1182s
 691675 636779   68.08933   43   39   76.10433   67.99176  10.7%  26.3 1185s
 696777 641342   68.18715   50   89   76.10433   67.99310  10.7%  26.3 1192s
 699347 643650   73.52655   39  174   76.10433   67.99368  10.7%  26.3 1195s
 704374 647240 infeasible   57        76.10433   67.99516  10.7%  26.3 1201s
 706035 650911   68.02435   38   86   76.10433   67.99553  10.7%  26.3 1205s
 711599 655378   68.60511   47   40   76.10433   67.99702  10.7%  26.3 1211s
 715055 655460   68.20471   48  112   76.10433   67.99784  10.7%  26.3 1229s
 715159 656443   72.17017   46   94   76.10433   67.99826  10.7%  26.3 1232s
 716306 659251     cutoff   34        76.10433   67.99852  10.7%  26.3 1237s
 719365 661818     cutoff   55        76.10433   67.99922  10.6%  26.3 1241s
 722299 663666   68.01626   42   90   76.10433   68.00028  10.6%  26.3 1245s
 727464 667418   69.39926   65   63   76.10433   68.00163  10.6%  26.3 1251s
 728369 674280   71.42911   46   97   76.10433   68.00224  10.6%  26.3 1259s
 736032 676489   68.09536   50   91   76.10433   68.00396  10.6%  26.3 1262s
 738432 678965   68.42199   52   35   76.10433   68.00487  10.6%  26.3 1266s
 742045 682314   68.06793   60   65   76.10433   68.00598  10.6%  26.3 1271s
 745066 684686   68.08627   46  188   76.10433   68.00666  10.6%  26.3 1275s
 750566 689836   68.28097   38   95   76.10433   68.00837  10.6%  26.3 1282s
 753459 691666   68.03424   33   63   76.10433   68.00922  10.6%  26.3 1285s
 757843 696052   68.76459   56   69   76.10433   68.01033  10.6%  26.3 1291s
 760280 698033   71.50608   50   66   76.10433   68.01101  10.6%  26.3 1295s
 763486 701141     cutoff   53        76.10433   68.01198  10.6%  26.3 1302s
 766091 703792   68.10365   34   87   76.10433   68.01268  10.6%  26.3 1305s
 771317 708769   68.40977   48  101   76.10433   68.01390  10.6%  26.3 1312s
 774446 710856   68.39458   58  121   76.10433   68.01491  10.6%  26.3 1315s
 778634 714767   68.02198   65  129   76.10433   68.01614  10.6%  26.3 1321s
 782774 718492   68.62147   43   82   76.10433   68.01712  10.6%  26.3 1327s
 785295 718503   68.54695   37   53   76.10433   68.01789  10.6%  26.3 1340s
 786234 721534   68.13179   35   44   76.10433   68.01824  10.6%  26.3 1346s
 788892 723972   69.95506   49  161   76.10433   68.01866  10.6%  26.3 1350s
 794301 729069   68.04307   48  180   76.10433   68.02004  10.6%  26.3 1357s
 797273 731151     cutoff   44        76.10433   68.02058  10.6%  26.3 1360s
 800549 734651     cutoff   43        76.10433   68.02174  10.6%  26.3 1366s
 805876 739560   68.14314   38   80   76.10433   68.02287  10.6%  26.3 1373s
 808814 741736   68.65319   47   67   76.10433   68.02360  10.6%  26.3 1377s
 813776 745553   68.09656   31  126   76.10433   68.02491  10.6%  26.3 1382s
 815489 747916   69.19650   54   58   76.10433   68.02561  10.6%  26.3 1386s
 819318 751499   68.93525   32   96   76.10433   68.02674  10.6%  26.3 1393s
 822325 754440   69.19103   48   95   76.10433   68.02723  10.6%  26.3 1397s
 825519 756835   68.14513   34   61   76.10433   68.02812  10.6%  26.3 1400s
 830754 761536     cutoff   36        76.10433   68.02918  10.6%  26.3 1406s
 834767 765010 infeasible   44        76.10433   68.03041  10.6%  26.3 1413s
 837337 767507   71.18858   33  171   76.10433   68.03092  10.6%  26.3 1417s
 840255 769796   68.03393   41   81   76.10433   68.03165  10.6%  26.3 1420s
 845086 774069 infeasible   84        76.10433   68.03259  10.6%  26.3 1425s
 849057 777383   68.05273   57  105   76.10433   68.03377  10.6%  26.4 1432s
 852402 780813   68.12083   43   86   76.10433   68.03461  10.6%  26.4 1438s
 855011 781620   68.16633   39   60   76.10433   68.03528  10.6%  26.4 1441s
 855933 783980   68.50324   51   87   76.10433   68.03559  10.6%  26.4 1445s
 861801 788813   68.76458   42  113   76.10433   68.03717  10.6%  26.4 1452s
 866320 792702   68.15080   41   79   76.10433   68.03802  10.6%  26.4 1458s
 868608 794666     cutoff   41        76.10433   68.03852  10.6%  26.4 1461s
 873223 798960   68.19816   44   67   76.10433   68.03974  10.6%  26.4 1466s
 876236 801706   68.08637   46  101   76.10433   68.04046  10.6%  26.4 1471s
 881343 806490   68.04194   33  111   76.10433   68.04173  10.6%  26.4 1478s
 884032 808779   68.16513   44  113   76.10433   68.04223  10.6%  26.4 1482s
 887982 812374   68.96781   49   28   76.10433   68.04328  10.6%  26.4 1488s
 890607 814525   68.90569   49   43   76.10433   68.04378  10.6%  26.4 1491s
 895832 819480   68.10421   29  107   76.10433   68.04512  10.6%  26.4 1497s
 898529 821475     cutoff   44        76.10433   68.04577  10.6%  26.4 1500s
 901556 824597   69.13871   49  145   76.10433   68.04641  10.6%  26.5 1506s
 904220 826875   68.10332   49   45   76.10433   68.04723  10.6%  26.5 1510s
 909548 831691   68.45233   44   25   76.10433   68.04843  10.6%  26.5 1517s
 913931 833726 infeasible   52        76.10433   68.04929  10.6%  26.5 1520s
 916968 838057   68.79231   42   51   76.10433   68.05028  10.6%  26.5 1525s
 921999 841306   68.83128   46  164   76.10433   68.05165  10.6%  26.5 1530s
 925490 846158   68.58739   33   76   76.10433   68.05259  10.6%  26.5 1536s
 930597 850011     cutoff   57        76.10433   68.05359  10.6%  26.5 1541s
 934998 852692   68.88584   30   94   76.10433   68.05480  10.6%  26.5 1547s
 935950 854996   68.23473   43   63   76.10433   68.05506  10.6%  26.5 1550s
 941239 859765   70.77175   92   39   76.10433   68.05624  10.6%  26.5 1556s
 944972 863159     cutoff   64        76.10433   68.05740  10.6%  26.5 1562s
 947593 865448   68.12185   39   91   76.10433   68.05808  10.6%  26.5 1566s
 950999 869224   68.15001   38   14   76.10433   68.05884  10.6%  26.6 1573s
 954405 871897   68.20652   64   34   76.10433   68.05954  10.6%  26.6 1577s
 957401 874541     cutoff   46        76.10433   68.06023  10.6%  26.6 1580s
 962830 879240   68.67150   60   93   76.10433   68.06151  10.6%  26.6 1586s
 968016 884024   68.07001   43   35   76.10433   68.06284  10.6%  26.6 1594s
 970755 886268     cutoff   33        76.10433   68.06343  10.6%  26.6 1596s
 973251 886853   69.12635   52   38   76.10433   68.06415  10.6%  26.6 1600s
 976205 891024   68.31862   55  136   76.10433   68.06485  10.6%  26.6 1606s
 981457 895739   68.13562   39   90   76.10433   68.06611  10.6%  26.6 1612s
 986624 900329   68.14370   34  143   76.10433   68.06729  10.6%  26.6 1617s
 989281 902780     cutoff   47        76.10433   68.06789  10.6%  26.6 1621s
 994478 907206     cutoff   36        76.10433   68.06912  10.6%  26.6 1627s
 997071 907908   68.08182   39   68   76.10433   68.06982  10.6%  26.6 1630s
 1000313 912806   68.42947   43  127   76.10433   68.07081  10.6%  26.6 1636s
 1005373 917026   72.55272   50   81   76.10433   68.07193  10.6%  26.7 1642s
 1007637 918622   68.78972   45  134   76.10433   68.07253  10.6%  26.7 1645s
 1010210 921706   71.85249   59  165   76.10433   68.07322  10.6%  26.7 1652s
 1012863 923570   69.07247   70   14   76.10433   68.07382  10.6%  26.7 1655s
 1015560 926804   68.77638   59  201   76.10433   68.07450  10.6%  26.7 1661s
 1018542 929414   68.83524   65   64   76.10433   68.07518  10.6%  26.7 1665s
 1024506 934352   68.09743   36   95   76.10433   68.07653  10.5%  26.7 1671s
 1029337 938614   68.14459   46  112   76.10433   68.07773  10.5%  26.7 1678s
 1031805 940976   68.53114   50    5   76.10433   68.07842  10.5%  26.7 1682s
 1034453 943023   68.13436   46  144   76.10433   68.07913  10.5%  26.7 1685s
 1037561 945639   68.08650   39  105   76.10433   68.07986  10.5%  26.7 1691s
 1039924 948156     cutoff   37        76.10433   68.08041  10.5%  26.7 1695s
 1045595 952915   68.08149   79    2   76.10433   68.08149  10.5%  26.8 1702s
 1048111 955493   69.08271   54  153   76.10433   68.08218  10.5%  26.8 1705s
 1052394 959251   74.05934   65   97   76.10433   68.08312  10.5%  26.8 1712s
 1055142 961332   68.24356   39  146   76.10433   68.08382  10.5%  26.8 1715s
 1059930 965513   68.16374   40   72   76.10433   68.08488  10.5%  26.8 1721s
 1064974 968484   68.57628   63   81   76.10433   68.08595  10.5%  26.8 1727s
 1065842 970591 infeasible   64        76.10433   68.08632  10.5%  26.8 1731s
 1070903 975263   68.46359   50   29   76.10433   68.08742  10.5%  26.8 1737s
 1073414 978012   68.12569   50  164   76.10433   68.08798  10.5%  26.8 1741s
 1078583 981445   68.61803   41   15   76.10433   68.08913  10.5%  26.8 1746s
 1080542 983632   69.00919   40  112   76.10433   68.08957  10.5%  26.8 1750s
 1085409 986576     cutoff   74        76.10433   68.09083  10.5%  26.8 1756s
 1088644 990533   68.37498   39   78   76.10433   68.09189  10.5%  26.8 1762s
 1091021 992659   68.11618   42   43   76.10433   68.09258  10.5%  26.8 1765s
 1095039 994610   68.13097   37   77   76.10433   68.09361  10.5%  26.9 1772s
 1095825 1001569     cutoff   44        76.10433   68.09397  10.5%  26.9 1781s
 1106851 1006183   73.92118   38  130   76.10433   68.09649  10.5%  26.9 1787s
 1109278 1008258     cutoff   39        76.10433   68.09723  10.5%  26.9 1790s
 1114569 1011316     cutoff   46        76.10433   68.09834  10.5%  26.9 1796s
 1117950 1015820   68.10484   44   85   76.10433   68.09918  10.5%  26.9 1803s
 1120530 1017847   68.58634   66  130   76.10433   68.09990  10.5%  26.9 1806s
 1125391 1021917   68.21481   44   52   76.10433   68.10136  10.5%  26.9 1812s
 1127629 1024296   68.18770   39   54   76.10433   68.10192  10.5%  26.9 1815s
 1131475 1027731   68.10365   40   99   76.10433   68.10309  10.5%  26.9 1822s
 1134206 1029793     cutoff   74        76.10433   68.10371  10.5%  26.9 1826s
 1139162 1032806   69.36004   66   11   76.10433   68.10496  10.5%  26.9 1833s
 1140095 1039109   72.54206   40   79   76.10433   68.10567  10.5%  26.9 1841s
 1147389 1041217   69.61048   43  133   76.10433   68.10717  10.5%  27.0 1845s
 1152516 1045358   71.80136   46  138   76.10433   68.10905  10.5%  27.0 1851s
 1154958 1047611   68.41627   47   16   76.10433   68.10957  10.5%  27.0 1855s
 1158435 1050515   68.15011   38  115   76.10433   68.11079  10.5%  27.0 1862s
 1160945 1052915   69.31441   60    5   76.10433   68.11143  10.5%  27.0 1865s
 1168139 1057776   69.05600   64  140   76.10433   68.11341  10.5%  27.0 1870s
 1172398 1062588     cutoff   51        76.10433   68.11448  10.5%  27.0 1876s
 1177737 1066137   68.15392   37   59   76.10433   68.11605  10.5%  27.0 1880s
 1184389 1072163   72.12606   52   95   76.10433   68.11788  10.5%  27.0 1886s
 1187285 1075109   68.23413   35  173   76.10433   68.11876  10.5%  27.1 1891s
 1190671 1078439   68.72104   51   45   76.10433   68.11986  10.5%  27.1 1896s
 1196499 1083102   68.12819   49   21   76.10433   68.12113  10.5%  27.1 1901s
 1202127 1087732   72.07388   40  107   76.10433   68.12292  10.5%  27.1 1906s
 1207047 1091713     cutoff   37        76.10433   68.12408  10.5%  27.1 1910s
 1210424 1094755   69.85542   54   93   76.10433   68.12507  10.5%  27.1 1915s
 1215877 1099298   68.97179   41  120   76.10433   68.12659  10.5%  27.1 1920s
 1223384 1104368     cutoff   60        76.10433   68.12817  10.5%  27.2 1927s
 1224228 1110727   73.21052   44  150   76.10433   68.12863  10.5%  27.2 1933s
 1231685 1112506   68.15460   72  182   76.10433   68.13065  10.5%  27.2 1935s
 1234618 1115949   70.04294   41  113   76.10433   68.13162  10.5%  27.2 1940s
 1240474 1120824   69.52612   43  218   76.10433   68.13302  10.5%  27.2 1945s
 1244692 1124181     cutoff   58        76.10433   68.13409  10.5%  27.2 1950s
 1251744 1130336   68.38163   54  127   76.10433   68.13597  10.5%  27.3 1956s
 1256739 1134567   68.29584   45   69   76.10433   68.13725  10.5%  27.3 1961s
 1262237 1138966   74.03120   73  108   76.10433   68.13882  10.5%  27.3 1965s
 1265437 1139697   68.13962   44   28   76.10433   68.13962  10.5%  27.3 1974s
 1265471 1153305 infeasible   62        76.10433   68.13984  10.5%  27.3 1988s
 1281487 1154191   68.17445   43   53   76.10433   68.14250  10.5%  27.3 1990s
 1285194 1158920 infeasible   48        76.10433   68.14363  10.5%  27.3 1995s
 1291561 1164390   68.29881   36   76   76.10433   68.14529  10.5%  27.3 2001s
 1297302 1169169   68.16413   45  132   76.10433   68.14689  10.5%  27.3 2005s
 1302380 1173255   74.00403   53  107   76.10433   68.14823  10.5%  27.3 2010s
 1308267 1178701   71.91858   51  105   76.10433   68.14969  10.5%  27.3 2016s
 1313440 1182857   68.33811   29   89   76.10433   68.15087  10.5%  27.3 2020s
 1320164 1188497   68.17515   43   83   76.10433   68.15267  10.4%  27.3 2026s
 1323605 1191558   68.91900   81   10   76.10433   68.15334  10.4%  27.4 2031s
 1328790 1195976   68.16269   43   67   76.10433   68.15462  10.4%  27.4 2035s
 1336498 1202177   70.00233   74  179   76.10433   68.15650  10.4%  27.4 2041s
 1340609 1206162   69.46711   46  148   76.10433   68.15742  10.4%  27.4 2046s
 1343951 1209152   68.15814   41   18   76.10433   68.15814  10.4%  27.4 2050s
 1349134 1213588     cutoff   48        76.10433   68.15927  10.4%  27.4 2055s
 1356508 1220082   68.42251   47   49   76.10433   68.16104  10.4%  27.4 2061s
 1361488 1223081   68.16217   48  106   76.10433   68.16217  10.4%  27.4 2065s
 1365131 1227218   74.64331   62  118   76.10433   68.16320  10.4%  27.4 2070s
 1371448 1232667     cutoff   74        76.10433   68.16466  10.4%  27.4 2076s
 1376919 1236886   68.82370   76   64   76.10433   68.16583  10.4%  27.4 2080s
 1383870 1241695   68.22696   43   69   76.10433   68.16712  10.4%  27.4 2086s
 1389745 1246399   68.18003   40   76   76.10433   68.16873  10.4%  27.5 2091s
 1393055 1250927   68.19304   43   41   76.10433   68.16955  10.4%  27.5 2096s
 1398059 1255307     cutoff   60        76.10433   68.17082  10.4%  27.5 2101s
 1403258 1259589     cutoff   70        76.10433   68.17200  10.4%  27.5 2105s
 1408560 1264303   70.32773   75   91   76.10433   68.17333  10.4%  27.5 2111s
 1412450 1267971   69.81981   58  152   76.10433   68.17438  10.4%  27.5 2116s
 1418107 1272875   68.59824   45   20   76.10433   68.17578  10.4%  27.5 2121s
 1425366 1278547 infeasible   57        76.10433   68.17740  10.4%  27.5 2126s
 1430254 1282642   68.58575   53   35   76.10433   68.17852  10.4%  27.5 2130s
 1433275 1285509   69.02061   26  134   76.10433   68.17919  10.4%  27.5 2135s
 1439526 1290902   68.37786   34   63   76.10433   68.18055  10.4%  27.5 2142s
 1442784 1292525     cutoff   63        76.10433   68.18132  10.4%  27.5 2146s
 1445382 1296075 infeasible  105        76.10433   68.18164  10.4%  27.5 2150s
 1451169 1300975   68.30498   46  147   76.10433   68.18315  10.4%  27.6 2155s
 1459434 1307780   68.30696   39   80   76.10433   68.18472  10.4%  27.6 2161s
 1464649 1311238   68.26973   43   38   76.10433   68.18584  10.4%  27.6 2166s
 1469323 1315949   68.58523   45   46   76.10433   68.18696  10.4%  27.6 2171s
 1474496 1319257     cutoff   69        76.10433   68.18802  10.4%  27.6 2175s
 1478286 1324114   68.23931   37  130   76.10433   68.18878  10.4%  27.6 2180s
 1483623 1326724   68.30895   52   63   76.10433   68.18972  10.4%  27.6 2185s
 1484448 1332861     cutoff   47        76.10433   68.19000  10.4%  27.6 2191s
 1493868 1337220   71.14028   53  110   76.10433   68.19171  10.4%  27.6 2196s
 1498525 1341077     cutoff   72        76.10433   68.19272  10.4%  27.6 2201s
 1504428 1345055     cutoff   45        76.10433   68.19394  10.4%  27.6 2206s
 1507308 1350147   68.25462   38   99   76.10433   68.19471  10.4%  27.6 2213s
 1512218 1352899   68.22430   32   76   76.10433   68.19562  10.4%  27.6 2216s
 1518703 1356684   69.32553   59   15   76.10433   68.19701  10.4%  27.6 2220s
 1522634 1361644   68.23122   49   51   76.10433   68.19802  10.4%  27.6 2225s
 1528123 1365701   68.24014   30   58   76.10433   68.19881  10.4%  27.6 2230s
 1535695 1371305   74.28627   53   87   76.10433   68.20073  10.4%  27.6 2237s
 1539342 1375806   68.84998   38   82   76.10433   68.20141  10.4%  27.6 2242s
 1544905 1380252   68.48038   48   32   76.10433   68.20241  10.4%  27.7 2246s
 1550554 1383397   68.29278   36   65   76.10433   68.20360  10.4%  27.7 2250s
 1553918 1387815   68.71689   44   35   76.10433   68.20436  10.4%  27.7 2255s
 1561928 1393392     cutoff   62        76.10433   68.20591  10.4%  27.7 2261s
 1565885 1397986   68.29006   32  111   76.10433   68.20695  10.4%  27.7 2266s
 1571566 1402526   68.21739   64   41   76.10433   68.20810  10.4%  27.7 2270s
 1577147 1407474   68.22096   31   71   76.10433   68.20929  10.4%  27.7 2276s
 1581734 1411206   68.82570   42   54   76.10433   68.20993  10.4%  27.7 2280s
 1587745 1416265     cutoff   51        76.10433   68.21139  10.4%  27.7 2286s
 1592641 1420601     cutoff   42        76.10433   68.21237  10.4%  27.7 2291s
 1597301 1424672     cutoff   56        76.10433   68.21321  10.4%  27.7 2295s
 1603598 1430202   74.23692   69  125   76.10433   68.21463  10.4%  27.7 2301s
 1608886 1434543     cutoff   36        76.10433   68.21541  10.4%  27.7 2306s
 1613626 1437907   68.47192   44   71   76.10433   68.21634  10.4%  27.7 2311s
 1618822 1442966   68.74635   57   36   76.10433   68.21748  10.4%  27.7 2316s
 1623420 1446964     cutoff   54        76.10433   68.21821  10.4%  27.7 2320s
 1629161 1451366     cutoff   84        76.10433   68.21935  10.4%  27.7 2325s
 1635451 1459714     cutoff   68        76.10433   68.22045  10.4%  27.7 2335s
 1643285 1462235   69.06099   54   31   76.10433   68.22206  10.4%  27.7 2340s
 1648072 1467481   68.73151   54   80   76.10433   68.22284  10.4%  27.7 2345s
 1653698 1472083   72.23153   55  122   76.10433   68.22381  10.4%  27.7 2350s
 1658663 1475877   72.45085   68  118   76.10433   68.22467  10.4%  27.7 2355s
 1662257 1479816     cutoff   71        76.10433   68.22542  10.4%  27.7 2360s
 1668247 1484292   68.31927   44   83   76.10433   68.22636  10.4%  27.7 2365s
 1674390 1487910   69.00760   51   37   76.10433   68.22775  10.3%  27.7 2371s
 1678339 1492842   73.73252   50  136   76.10433   68.22857  10.3%  27.7 2376s
 1683046 1496680   68.26634   34   67   76.10433   68.22942  10.3%  27.7 2380s
 1690141 1502575   71.95539   39  175   76.10433   68.23054  10.3%  27.7 2386s
 1694512 1504589   68.24306   36   95   76.10433   68.23127  10.3%  27.7 2390s
 1697554 1509125   68.41670   41   80   76.10433   68.23187  10.3%  27.7 2395s
 1702836 1513168   72.14713   39   62   76.10433   68.23280  10.3%  27.7 2400s
 1709173 1519329   68.32660   51  160   76.10433   68.23412  10.3%  27.7 2407s
 1714704 1523420   68.23509   38   34   76.10433   68.23509  10.3%  27.7 2411s
 1718875 1527513   69.21439   61   51   76.10433   68.23587  10.3%  27.7 2416s
 1723493 1532649     cutoff   55        76.10433   68.23665  10.3%  27.7 2423s
 1728272 1534607   68.85488   46  166   76.10433   68.23746  10.3%  27.7 2425s
 1733430 1538146     cutoff   38        76.10433   68.23823  10.3%  27.7 2430s
 1737518 1542932   68.83471   49   33   76.10433   68.23898  10.3%  27.7 2435s
 1745080 1549079   68.37798   48   50   76.10433   68.24021  10.3%  27.7 2442s
 1749803 1551970     cutoff   44        76.10433   68.24109  10.3%  27.7 2446s
 1753994 1557089     cutoff   65        76.10433   68.24184  10.3%  27.7 2451s
 1759479 1561214   68.86213   63   59   76.10433   68.24258  10.3%  27.7 2455s
 1765747 1566399 infeasible   53        76.10433   68.24370  10.3%  27.8 2462s
 1768035 1568936     cutoff   50        76.10433   68.24405  10.3%  27.8 2465s
 1773724 1571759   68.25453   48   98   76.10433   68.24519  10.3%  27.8 2480s
 1777713 1575399     cutoff   51        76.10433   68.24593  10.3%  27.8 2486s
 1782131 1581068   68.64326   46   59   76.10433   68.24668  10.3%  27.8 2492s
 1788254 1584321   68.53685   50  144   76.10433   68.24740  10.3%  27.8 2496s
 1789129 1590365   69.32971   63   40   76.10433   68.24781  10.3%  27.8 2502s
 1796276 1592866   68.47337   39   55   76.10433   68.24891  10.3%  27.8 2505s
 1800041 1596407   69.01211   66   71   76.10433   68.24942  10.3%  27.8 2510s
 1806713 1601763   68.86593   31   67   76.10433   68.25047  10.3%  27.8 2517s
 1812707 1604924   68.32200   45   79   76.10433   68.25135  10.3%  27.8 2521s
 1816030 1609572   68.60683   44   99   76.10433   68.25201  10.3%  27.8 2526s
 1821280 1612626   68.27134   58   84   76.10433   68.25277  10.3%  27.8 2530s
 1828124 1618985   70.11544   68   61   76.10433   68.25399  10.3%  27.8 2537s
 1832199 1621723   68.87159   56    7   76.10433   68.25457  10.3%  27.8 2542s
 1833617 1625228   68.25804   48   78   76.10433   68.25497  10.3%  27.8 2545s
 1840808 1630832   68.27633   47   42   76.10433   68.25600  10.3%  27.8 2550s
 1847107 1634337   68.27019   43   59   76.10433   68.25717  10.3%  27.8 2555s
 1851674 1639499   69.15189   55  129   76.10433   68.25782  10.3%  27.8 2560s
 1858611 1644700   68.35046   45   34   76.10433   68.25887  10.3%  27.8 2566s
 1862619 1646991   68.25964   37   78   76.10433   68.25963  10.3%  27.8 2571s
 1866544 1651430   72.10854   54   77   76.10433   68.26016  10.3%  27.8 2576s
 1870488 1655087   68.46395   44   51   76.10433   68.26077  10.3%  27.8 2580s
 1876700 1658750     cutoff   56        76.10433   68.26148  10.3%  27.8 2585s
 1880542 1662283   72.25816   43   78   76.10433   68.26211  10.3%  27.8 2590s
 1884825 1666846 infeasible   69        76.10433   68.26288  10.3%  27.8 2595s
 1888238 1670084   68.30163   53   81   76.10433   68.26345  10.3%  27.8 2601s
 1893964 1674615   68.37597   45  100   76.10433   68.26451  10.3%  27.8 2606s
 1899282 1678843   68.31003   58  152   76.10433   68.26512  10.3%  27.8 2610s
 1905283 1684288     cutoff   59        76.10433   68.26621  10.3%  27.8 2617s
 1910820 1687656     cutoff   52        76.10433   68.26698  10.3%  27.8 2621s
 1914374 1691188     cutoff   37        76.10433   68.26757  10.3%  27.8 2625s
 1918660 1694572   68.76511   54  111   76.10433   68.26825  10.3%  27.8 2630s
 1925124 1699850     cutoff   50        76.10433   68.26905  10.3%  27.8 2636s
 1929132 1704576   74.32000   38   89   76.10433   68.26981  10.3%  27.8 2641s
 1934168 1709069   68.85828   44  134   76.10433   68.27050  10.3%  27.8 2646s
 1939781 1712131   72.14765   48  101   76.10433   68.27143  10.3%  27.8 2651s
 1945394 1716709   68.59410   83   73   76.10433   68.27223  10.3%  27.8 2657s
 1946720 1719368     cutoff   50        76.10433   68.27248  10.3%  27.8 2660s
 1952669 1723014   68.43375   41   84   76.10433   68.27330  10.3%  27.8 2665s
 1959443 1730329   68.27434   51   50   76.10433   68.27434  10.3%  27.8 2672s
 1965204 1732722     cutoff   57        76.10433   68.27499  10.3%  27.8 2675s
 1968367 1737524     cutoff   53        76.10433   68.27578  10.3%  27.8 2681s
 1974010 1741572   68.47913   62   61   76.10433   68.27656  10.3%  27.8 2685s
 1978843 1746105   68.28873   42   54   76.10433   68.27728  10.3%  27.8 2690s
H1983385 1747701                      76.1043273   68.27792  10.3%  27.8 2693s
 1983486 1748390   68.33993   42   62   76.10433   68.27796  10.3%  27.8 2695s
 1984329 1754647   68.29073   35   39   76.10433   68.27807  10.3%  27.8 2701s
 1993963 1759001   68.76454   70   72   76.10433   68.27943  10.3%  27.8 2706s
 1998039 1762694   68.27997   39   74   76.10433   68.27997  10.3%  27.8 2711s
 2003599 1767418   68.29619   41   85   76.10433   68.28081  10.3%  27.8 2715s
 2007636 1773911   68.42327   43   84   76.10433   68.28135  10.3%  27.8 2723s
 2014324 1776028     cutoff   83        76.10433   68.28222  10.3%  27.8 2725s
 2017959 1779356   70.26499   65  102   76.10433   68.28295  10.3%  27.8 2730s
 2023805 1783728   69.14878   47   61   76.10433   68.28382  10.3%  27.8 2735s
 2031546 1788385     cutoff   65        76.10433   68.28480  10.3%  27.8 2753s
 2031575 1789339   68.28500   53  153   76.10433   68.28500  10.3%  27.8 2755s
 2033840 1793623     cutoff   53        76.10433   68.28531  10.3%  27.8 2761s
 2037923 1795687   68.29381   47   54   76.10433   68.28577  10.3%  27.8 2765s
 2043865 1801477   68.67216   40   41   76.10433   68.28672  10.3%  27.8 2770s
 2048052 1804297   68.28733   47   24   76.10433   68.28733  10.3%  27.8 2775s
 2054301 1810080   68.29450   43   68   76.10433   68.28827  10.3%  27.8 2782s
 2057748 1812412   68.28925   51   71   76.10433   68.28880  10.3%  27.8 2785s
 2063195 1816727   68.34887   39   56   76.10433   68.28950  10.3%  27.8 2790s
 2069584 1822137   69.19545   90  137   76.10433   68.29049  10.3%  27.8 2796s
 2075066 1826492   68.69798   62  138   76.10433   68.29147  10.3%  27.8 2801s
 2079876 1829368   68.61367   40   31   76.10433   68.29219  10.3%  27.8 2805s
 2085878 1835732   68.30364   43  113   76.10433   68.29311  10.3%  27.8 2811s
 2091408 1839898   68.30709   46  136   76.10433   68.29390  10.3%  27.8 2816s
 2096415 1844142     cutoff   74        76.10433   68.29455  10.3%  27.8 2821s
 2099724 1847142   68.73420   54   56   76.10433   68.29503  10.3%  27.8 2825s
 2107511 1853560   68.67744   61   39   76.10433   68.29600  10.3%  27.8 2832s
 2111729 1856402     cutoff   63        76.10433   68.29657  10.3%  27.8 2836s
 2114576 1859542     cutoff   41        76.10433   68.29704  10.3%  27.8 2841s
 2121950 1865637     cutoff   59        76.10433   68.29813  10.3%  27.8 2847s
 2125476 1868798     cutoff   77        76.10433   68.29861  10.3%  27.8 2850s
 2130640 1871180   69.22965   42   88   76.10433   68.29931  10.3%  27.8 2861s
 2132288 1873080   68.31250   55   32   76.10433   68.29956  10.3%  27.8 2865s
 2136315 1877904   69.84231   44   29   76.10433   68.30025  10.3%  27.8 2871s
 2139915 1881321   69.87452   64  125   76.10433   68.30082  10.3%  27.8 2875s
 2146318 1886160   68.52332   43  148   76.10433   68.30164  10.3%  27.8 2880s
 2154003 1891596   68.31663   43   37   76.10433   68.30266  10.3%  27.8 2887s
 2157528 1894295   69.64709   48   80   76.10433   68.30320  10.3%  27.8 2892s
 2158519 1900142   68.31473   31   79   76.10433   68.30331  10.3%  27.8 2897s
 2166877 1903295     cutoff   46        76.10433   68.30454  10.2%  27.8 2902s
 2172474 1907678     cutoff   51        76.10433   68.30515  10.2%  27.8 2907s
 2177582 1910657     cutoff   65        76.10433   68.30569  10.2%  27.8 2911s
 2180779 1915055     cutoff   57        76.10433   68.30621  10.2%  27.8 2916s
 2184396 1918214   68.98737   64   57   76.10433   68.30675  10.2%  27.8 2920s
 2190095 1922749   68.33513   42   58   76.10433   68.30744  10.2%  27.8 2925s
 2195276 1927367     cutoff   59        76.10433   68.30815  10.2%  27.8 2932s
 2197962 1929315   68.76130   60   63   76.10433   68.30858  10.2%  27.8 2935s
 2202825 1933703   72.56896   50  148   76.10433   68.30915  10.2%  27.8 2940s
 2207732 1936537   68.42948   41   21   76.10433   68.30969  10.2%  27.8 2945s
 2214532 1943071 infeasible   42        76.10433   68.31077  10.2%  27.8 2951s
 2219163 1947233     cutoff   65        76.10433   68.31133  10.2%  27.8 2956s
 2222418 1954190 infeasible   58        76.10433   68.31190  10.2%  27.8 2965s
 2233696 1958293   68.41773   50   41   76.10433   68.31321  10.2%  27.8 2970s
 2238746 1963783   68.39861   45   90   76.10433   68.31399  10.2%  27.8 2977s
 2243802 1967982   70.75446   72   70   76.10433   68.31466  10.2%  27.8 2981s
 2248851 1971308     cutoff   31        76.10433   68.31536  10.2%  27.8 2986s
 2253171 1974553     cutoff   79        76.10433   68.31600  10.2%  27.8 2990s
 2256807 1979216   69.75830   51  136   76.10433   68.31646  10.2%  27.8 2995s
 2262621 1983387     cutoff   47        76.10433   68.31718  10.2%  27.8 3000s
H2262963 1983387                      76.1043270   68.31718  10.2%  27.8 3001s
 2267514 1986299     cutoff   62        76.10433   68.31785  10.2%  27.8 3006s
 2271822 1991027   68.34507   52   21   76.10433   68.31863  10.2%  27.8 3012s
 2277235 1994751     cutoff   62        76.10433   68.31926  10.2%  27.8 3016s
 2280418 1997735     cutoff   69        76.10433   68.31970  10.2%  27.8 3021s
 2286220 2002814     cutoff   37        76.10433   68.32049  10.2%  27.8 3026s
 2290974 2006554   68.35835   43   77   76.10433   68.32120  10.2%  27.8 3030s
 2295205 2010437     cutoff   74        76.10433   68.32166  10.2%  27.8 3035s
 2299371 2013114     cutoff   60        76.10433   68.32229  10.2%  27.8 3040s
 2306583 2018624   70.36604   61  120   76.10433   68.32311  10.2%  27.8 3046s
 2310570 2022631   68.55207   49   88   76.10433   68.32364  10.2%  27.8 3051s
 2314987 2026319     cutoff   79        76.10433   68.32428  10.2%  27.8 3055s
 2319761 2029360   68.63857   42   96   76.10433   68.32507  10.2%  27.8 3060s
 2326163 2035835     cutoff   43        76.10433   68.32589  10.2%  27.8 3066s
 2329573 2041933   68.36537   35  106   76.10433   68.32637  10.2%  27.8 3074s
 2336030 2044069   68.50918   65   31   76.10433   68.32715  10.2%  27.8 3077s
 2339800 2047456   70.81450   86  105   76.10433   68.32778  10.2%  27.8 3082s
 2345473 2052254   68.83929   38   47   76.10433   68.32864  10.2%  27.8 3086s
 2350206 2055786   68.40040   45   46   76.10433   68.32922  10.2%  27.8 3091s
 2353563 2059518   68.47598   76   42   76.10433   68.32969  10.2%  27.8 3097s
 2356855 2062347     cutoff   85        76.10433   68.33002  10.2%  27.8 3100s
 2363587 2066727   68.92404   70   92   76.10433   68.33088  10.2%  27.8 3105s
 2367609 2069399   68.38123   43   61   76.10433   68.33145  10.2%  27.8 3110s
 2371484 2074160   68.48222   39   76   76.10433   68.33206  10.2%  27.8 3115s
 2377802 2079703   68.36255   36  125   76.10433   68.33290  10.2%  27.8 3122s
 2383112 2083866   69.10314   51   43   76.10433   68.33349  10.2%  27.8 3126s
 2386805 2087239     cutoff   35        76.10433   68.33402  10.2%  27.9 3131s
 2392107 2091457   68.33473   43   71   76.10433   68.33464  10.2%  27.9 3136s
 2397221 2095053   68.33526   52   74   76.10433   68.33526  10.2%  27.8 3140s
 2402500 2100293   68.44172   35   93   76.10433   68.33606  10.2%  27.9 3146s
 2407455 2104338     cutoff   59        76.10433   68.33660  10.2%  27.9 3151s
 2411368 2107784   68.57688   44   54   76.10433   68.33723  10.2%  27.9 3155s
 2416471 2112190   68.70828   45   42   76.10433   68.33794  10.2%  27.9 3160s
 2421992 2115050   68.35976   60   77   76.10433   68.33872  10.2%  27.9 3165s
 2425708 2119540   68.45847   46   26   76.10433   68.33924  10.2%  27.9 3170s
 2429156 2122548     cutoff   62        76.10433   68.33981  10.2%  27.9 3175s
 2434673 2126791   68.36965   42   81   76.10433   68.34052  10.2%  27.9 3180s
 2440531 2132078   68.34516   41   54   76.10433   68.34129  10.2%  27.9 3187s
 2443373 2134240     cutoff   56        76.10433   68.34170  10.2%  27.9 3190s
 2451718 2140520   68.34441   40  116   76.10433   68.34289  10.2%  27.9 3197s
 2454575 2143629   69.17624   57   78   76.10433   68.34325  10.2%  27.9 3202s
 2460026 2147685     cutoff   44        76.10433   68.34397  10.2%  27.9 3206s
 2464590 2151890     cutoff   64        76.10433   68.34464  10.2%  27.9 3210s
 2468013 2154661   69.37429   65   68   76.10433   68.34517  10.2%  27.9 3215s
 2475255 2160826   68.36477   48   60   76.10433   68.34625  10.2%  27.9 3222s
 2477982 2163247   68.71213   48   91   76.10433   68.34652  10.2%  27.9 3225s
 2484284 2168682     cutoff   57        76.10433   68.34741  10.2%  27.9 3232s
 2489304 2172391     cutoff   61        76.10433   68.34798  10.2%  27.9 3236s
 2492947 2175558   69.04655   49   76   76.10433   68.34854  10.2%  27.9 3241s
 2498087 2179758   69.21521   71   98   76.10433   68.34911  10.2%  27.9 3246s
 2503467 2183503   70.41364   64  129   76.10433   68.34978  10.2%  27.9 3251s
 2506539 2187111   69.30848   47   50   76.10433   68.35022  10.2%  27.9 3255s
 2512304 2191331     cutoff   59        76.10433   68.35087  10.2%  27.9 3260s
 2517425 2195501     cutoff   32        76.10433   68.35169  10.2%  27.9 3265s
 2520211 2196973   74.12111   45  195   76.10433   68.35212  10.2%  27.9 3270s
 2521926 2197645     cutoff   53        76.10433   68.35236  10.2%  27.9 3275s
 2522346 2205622   69.13520   67   52   76.10433   68.35241  10.2%  27.9 3283s
 2532089 2206356   68.52433   39   57   76.10433   68.35347  10.2%  27.9 3286s
 2536305 2210007   68.36765   72  142   76.10433   68.35416  10.2%  27.9 3291s
 2540474 2214606   68.45720   56   63   76.10433   68.35466  10.2%  27.9 3296s
 2544368 2219193   68.35515   44   50   76.10433   68.35515  10.2%  27.9 3302s
 2548272 2221405   69.08788   55   17   76.10433   68.35560  10.2%  27.9 3305s
 2553890 2224792     cutoff   77        76.10433   68.35635  10.2%  27.9 3310s
 2560455 2231702   69.12031   53   62   76.10433   68.35714  10.2%  27.9 3316s
 2566035 2235583   68.65552   61   73   76.10433   68.35795  10.2%  27.9 3321s
 2570467 2238517     cutoff  103        76.10433   68.35859  10.2%  27.9 3325s
 2574053 2242667   68.38939   41  100   76.10433   68.35901  10.2%  27.9 3330s
 2579261 2246100   68.52159   42  105   76.10433   68.35976  10.2%  27.9 3335s
 2583406 2250517     cutoff   66        76.10433   68.36040  10.2%  27.9 3340s
 2590686 2255684   68.47762   36   52   76.10433   68.36139  10.2%  27.9 3346s
 2594669 2260500     cutoff   47        76.10433   68.36190  10.2%  27.9 3350s
 2599789 2264714     cutoff   77        76.10433   68.36252  10.2%  27.9 3355s
 2604113 2268335   68.73409   48   85   76.10433   68.36304  10.2%  27.9 3360s
 2607501 2275479     cutoff   47        76.10433   68.36362  10.2%  27.9 3369s
 2615224 2277580   70.19045   46  121   76.10433   68.36444  10.2%  27.9 3371s
 2618542 2280938   69.39333   42  159   76.10433   68.36492  10.2%  27.9 3376s
 2624306 2284743   68.43683   52   60   76.10433   68.36578  10.2%  27.9 3380s
 2628571 2288110   68.86658   62   43   76.10433   68.36625  10.2%  28.0 3385s
 2631700 2291701   68.48225   51  152   76.10433   68.36678  10.2%  28.0 3392s
 2635245 2293558     cutoff   35        76.10433   68.36749  10.2%  28.0 3395s
 2641132 2297340   68.80309   32   90   76.10433   68.36921  10.2%  28.0 3401s
 2644749 2300020     cutoff   73        76.10433   68.37025  10.2%  28.0 3407s
 2647697 2301052   68.56301   53  114   76.10433   68.37107  10.2%  28.0 3410s
 2650927 2303588     cutoff   44        76.10433   68.37195  10.2%  28.0 3415s
 2656152 2305225   70.48932   44  133   76.10433   68.37336  10.2%  28.0 3432s
 2656227 2306223     cutoff   45        76.10433   68.37355  10.2%  28.0 3435s
 2660521 2310101 infeasible   69        76.10433   68.37478  10.2%  28.0 3441s
 2665781 2312764     cutoff   40        76.10433   68.37602  10.2%  28.1 3447s
 2667272 2314455     cutoff   71        76.10433   68.37657  10.2%  28.1 3450s
 2671147 2318121   69.53446   51   71   76.10433   68.37769  10.2%  28.1 3458s
 2675830 2319714     cutoff   72        76.10433   68.37857  10.2%  28.1 3461s
 2679568 2322376 infeasible   42        76.10433   68.38018  10.1%  28.1 3466s
 2682499 2324048     cutoff   56        76.10433   68.38076  10.1%  28.1 3470s
 2686122 2326353     cutoff   76        76.10433   68.38185  10.1%  28.2 3476s
 2690019 2329166   70.37340   47  168   76.10433   68.38302  10.1%  28.2 3482s
 2692886 2330497   69.06353   37   94   76.10433   68.38374  10.1%  28.2 3485s
 2695991 2333434   68.99316   37  112   76.10433   68.38482  10.1%  28.2 3491s
 2700586 2336219   68.48397   58   51   76.10433   68.38592  10.1%  28.2 3498s
 2703504 2337992 infeasible   43        76.10433   68.38658  10.1%  28.2 3501s
 2708531 2341347   68.83299   37  102   76.10433   68.38803  10.1%  28.3 3507s
 2712462 2343876     cutoff   53        76.10433   68.38912  10.1%  28.3 3512s
 2715166 2344896 infeasible   49        76.10433   68.38984  10.1%  28.3 3515s
 2718144 2348225     cutoff   61        76.10433   68.39108  10.1%  28.3 3522s
 2722043 2350174   69.58246   47   79   76.10433   68.39197  10.1%  28.3 3525s
 2726356 2351682   68.91403   46  195   76.10433   68.39296  10.1%  28.3 3531s
 2727755 2353698   69.16525   58   40   76.10433   68.39358  10.1%  28.4 3535s
 2733636 2357274   69.60817   61  126   76.10433   68.39537  10.1%  28.4 3542s
 2737596 2361625   71.49169   45  134   76.10433   68.39646  10.1%  28.4 3549s
 2742744 2362095   69.00169   63   24   76.10433   68.39781  10.1%  28.4 3552s
 2743648 2363851 infeasible   46        76.10433   68.39828  10.1%  28.4 3555s
 2747634 2365644   72.12458   44   83   76.10433   68.39924  10.1%  28.4 3561s
 2749086 2368017     cutoff   33        76.10433   68.39975  10.1%  28.4 3565s
 2755702 2372171     cutoff   54        76.10433   68.40129  10.1%  28.5 3571s
 2759395 2376371     cutoff   44        76.10433   68.40257  10.1%  28.5 3580s
 2766137 2379277   68.92697   47   68   76.10433   68.40419  10.1%  28.5 3587s
 2769100 2381171     cutoff   65        76.10433   68.40509  10.1%  28.5 3590s
 2772994 2383898   68.72419   38   45   76.10433   68.40612  10.1%  28.5 3597s
 2776008 2385673 infeasible   46        76.10433   68.40709  10.1%  28.6 3600s
 2780068 2387699   68.77113   66   66   76.10433   68.40831  10.1%  28.6 3606s
 2784552 2389936   72.01000   47  101   76.10433   68.40978  10.1%  28.6 3611s
 2785600 2391764     cutoff   62        76.10433   68.41010  10.1%  28.6 3615s
 2789611 2394844     cutoff   44        76.10433   68.41107  10.1%  28.6 3621s
 2795373 2397732   73.08181   39   72   76.10433   68.41262  10.1%  28.6 3627s
 2797143 2399683     cutoff   73        76.10433   68.41311  10.1%  28.7 3630s
 2801381 2401891   70.49496   40   94   76.10433   68.41419  10.1%  28.7 3636s
 2805344 2404688 infeasible   59        76.10433   68.41536  10.1%  28.7 3642s
 2807963 2405380     cutoff   55        76.10433   68.41599  10.1%  28.7 3645s
 2811864 2408667   69.20671   43   53   76.10433   68.41704  10.1%  28.7 3651s
 2815639 2410300 infeasible   51        76.10433   68.41814  10.1%  28.7 3657s
 2816908 2411413   73.19047   54  101   76.10433   68.41858  10.1%  28.8 3660s
 2822056 2415183     cutoff   49        76.10433   68.42002  10.1%  28.8 3667s
 2823851 2415803   69.08916   45  148   76.10433   68.42046  10.1%  28.8 3670s
 2826948 2420053     cutoff   47        76.10433   68.42140  10.1%  28.8 3677s
 2831180 2421852     cutoff   53        76.10433   68.42233  10.1%  28.8 3681s
 2836832 2424663   69.44394   57  109   76.10433   68.42404  10.1%  28.8 3688s
 2838401 2426800   70.01267   42  126   76.10433   68.42442  10.1%  28.8 3691s
 2842866 2428948     cutoff   42        76.10433   68.42566  10.1%  28.9 3697s
 2844963 2429877     cutoff   43        76.10433   68.42617  10.1%  28.9 3700s
 2849112 2433196   69.57392   41  100   76.10433   68.42710  10.1%  28.9 3706s
 2852944 2436076   68.42919   51   60   76.10433   68.42816  10.1%  28.9 3713s
 2855661 2436944   69.13994   47  110   76.10433   68.42895  10.1%  28.9 3716s
 2859070 2439630   69.06804   54   99   76.10433   68.42992  10.1%  28.9 3723s
 2861045 2440613 infeasible   68        76.10433   68.43057  10.1%  29.0 3727s
 2862717 2442951 infeasible   50        76.10433   68.43106  10.1%  29.0 3731s
 2867797 2445053 infeasible   87        76.10433   68.43248  10.1%  29.0 3736s
 2869613 2447393   69.07458   48  111   76.10433   68.43314  10.1%  29.0 3740s
 2874800 2451092     cutoff   62        76.10433   68.43448  10.1%  29.0 3748s
 2878613 2452134   68.44053   54   23   76.10433   68.43535  10.1%  29.0 3751s
 2882772 2454711     cutoff   80        76.10433   68.43657  10.1%  29.1 3758s
 2884228 2456568   68.54694   56   57   76.10433   68.43699  10.1%  29.1 3761s
 2887262 2456602 infeasible   43        76.10433   68.43788  10.1%  29.1 3769s
 2887367 2469319   75.72127   65   55   76.10433   68.43800  10.1%  29.1 3807s
 2903383 2471323 infeasible   52        76.10433   68.43986  10.1%  29.1 3812s
 2906353 2473549     cutoff   54        76.10433   68.44028  10.1%  29.1 3815s
 2911276 2476579     cutoff   51        76.10433   68.44158  10.1%  29.1 3821s
 2916423 2479683   68.94492   33  169   76.10433   68.44295  10.1%  29.2 3827s
 2918669 2481321   71.83397   44  128   76.10433   68.44365  10.1%  29.2 3830s
 2923266 2483393     cutoff   63        76.10433   68.44484  10.1%  29.2 3835s
 2927263 2487021     cutoff   62        76.10433   68.44604  10.1%  29.2 3841s
 2932156 2488688   69.95848   80   22   76.10433   68.44724  10.1%  29.2 3847s
 2935161 2489682 infeasible   60        76.10433   68.44763  10.1%  29.2 3851s
 2940539 2492133     cutoff   70        76.10433   68.44878  10.1%  29.3 3857s
 2941917 2493237   68.53179  107   84   76.10433   68.44905  10.1%  29.3 3860s
 2946202 2496279     cutoff   73        76.10433   68.45032  10.1%  29.3 3866s
 2951356 2499121   68.97059   57  112   76.10433   68.45168  10.1%  29.3 3872s
 2952620 2500859     cutoff   44        76.10433   68.45223  10.1%  29.3 3876s
 2955195 2503672     cutoff   49        76.10433   68.45292  10.1%  29.3 3880s
 2962680 2506841 infeasible   61        76.10433   68.45485  10.1%  29.4 3887s
 2964780 2508885 infeasible   49        76.10433   68.45526  10.1%  29.4 3891s
 2971170 2512046   69.53700   66  160   76.10433   68.45685  10.0%  29.4 3898s
 2972866 2512792     cutoff   72        76.10433   68.45737  10.0%  29.4 3900s
 2974111 2515609 infeasible   48        76.10433   68.45797  10.0%  29.4 3905s
 2979783 2518937 infeasible   57        76.10433   68.45934  10.0%  29.5 3911s
 2985085 2522751   68.99482   36  108   76.10433   68.46096  10.0%  29.5 3918s
 2988622 2524830     cutoff   58        76.10433   68.46171  10.0%  29.5 3921s
 2993423 2527178     cutoff   71        76.10433   68.46306  10.0%  29.5 3927s
 2995450 2528433     cutoff   50        76.10433   68.46359  10.0%  29.5 3930s
 2999218 2531193     cutoff   58        76.10433   68.46474  10.0%  29.5 3937s
 3001675 2532393 infeasible   54        76.10433   68.46545  10.0%  29.6 3941s
 3003618 2534954   69.13103   41  120   76.10433   68.46608  10.0%  29.6 3945s
 3009396 2538848   69.77093   85   12   76.10433   68.46759  10.0%  29.6 3952s
 3012901 2539946   68.49762   52   51   76.10433   68.46848  10.0%  29.6 3955s
 3016636 2543093   70.22596   69   84   76.10433   68.46966  10.0%  29.6 3961s
 3020673 2545102     cutoff   73        76.10433   68.47096  10.0%  29.7 3967s
 3022489 2546051   68.48433   58  133   76.10433   68.47130  10.0%  29.7 3971s
 3028903 2548419 infeasible   45        76.10433   68.47235  10.0%  29.7 3977s
 3030293 2549501 infeasible   44        76.10433   68.47278  10.0%  29.7 3980s
 3033846 2553284     cutoff   45        76.10433   68.47383  10.0%  29.7 3987s
 3039802 2556939 infeasible   54        76.10433   68.47530  10.0%  29.7 3992s
 3043525 2558338 infeasible   66        76.10433   68.47657  10.0%  29.7 3997s
 3044830 2559454     cutoff   64        76.10433   68.47696  10.0%  29.7 4001s
 3048404 2562661   68.47794   75    7   76.10433   68.47794  10.0%  29.8 4008s
 3051726 2563865   68.55395   49  125   76.10433   68.47896  10.0%  29.8 4012s
 3053677 2565348   68.72957   37  101   76.10433   68.47961  10.0%  29.8 4016s
 3055894 2566662     cutoff   57        76.10433   68.48028  10.0%  29.8 4020s
 3060379 2569436 infeasible   42        76.10433   68.48159  10.0%  29.8 4026s
 3065131 2573953 infeasible   62        76.10433   68.48274  10.0%  29.9 4033s
 3068284 2574987     cutoff   71        76.10433   68.48363  10.0%  29.9 4036s
 3072648 2577546 infeasible   51        76.10433   68.48498  10.0%  29.9 4042s
 3073992 2578319 infeasible   56        76.10433   68.48547  10.0%  29.9 4045s
 3077218 2580137     cutoff   61        76.10433   68.48686  10.0%  29.9 4053s
 3079024 2580546 infeasible   48        76.10433   68.48749  10.0%  30.0 4056s
 3080009 2581716 infeasible   43        76.10433   68.48815  10.0%  30.0 4062s
 3082669 2582713     cutoff   44        76.10433   68.48940  10.0%  30.0 4068s
 3085139 2583761     cutoff   70        76.10433   68.49051  10.0%  30.0 4074s
 3086219 2583761     cutoff   44        76.10433   68.49073  10.0%  30.1 4075s
 3087886 2584868   69.18120   48   94   76.10433   68.49243  10.0%  30.1 4081s
 3090613 2585971     cutoff   49        76.10433   68.49349  10.0%  30.1 4088s
 3093342 2586814     cutoff   47        76.10433   68.49512  10.0%  30.1 4094s
 3096128 2587802     cutoff   55        76.10433   68.49612  10.0%  30.2 4101s
 3099023 2588846   69.89200   58   49   76.10433   68.49754  10.0%  30.2 4108s
 3101902 2589110     cutoff   79        76.10433   68.49974  10.0%  30.3 4111s
 3102843 2590399     cutoff   39        76.10433   68.50037  10.0%  30.3 4118s
 3106108 2591618     cutoff   60        76.10433   68.50174  10.0%  30.3 4125s
 3109116 2592720     cutoff   93        76.10433   68.50346  10.0%  30.3 4132s
 3111937 2593922 infeasible   35        76.10433   68.50464  10.0%  30.4 4138s
 3115047 2595319     cutoff   62        76.10433   68.50647  10.0%  30.4 4145s
 3118081 2596646     cutoff   73        76.10433   68.50798  10.0%  30.4 4152s
 3120955 2597678 infeasible   55        76.10433   68.50947  10.0%  30.5 4158s
 3123802 2598232 infeasible   43        76.10433   68.51091  10.0%  30.5 4161s
 3125011 2599162     cutoff   63        76.10433   68.51186  10.0%  30.5 4167s
 3127497 2600371     cutoff   63        76.10433   68.51320  10.0%  30.6 4173s
 3130272 2601542     cutoff   45        76.10433   68.51440  10.0%  30.6 4180s
 3133167 2602862 infeasible   45        76.10433   68.51579  10.0%  30.6 4187s
 3136111 2603932     cutoff   44        76.10433   68.51775  10.0%  30.7 4193s
 3138933 2604829     cutoff   70        76.10433   68.51908  10.0%  30.7 4200s
 3141468 2605816     cutoff   64        76.10433   68.52065  10.0%  30.7 4207s
 3144058 2606894 infeasible   49        76.10433   68.52180  10.0%  30.8 4215s
 3148220 2608486 infeasible   43        76.10433   68.52437  10.0%  30.8 4224s
 3151111 2609382     cutoff   65        76.10433   68.52585  10.0%  30.8 4231s
 3153768 2610572 infeasible   58        76.10433   68.52731  10.0%  30.9 4238s
 3156770 2611834     cutoff   57        76.10433   68.52855  10.0%  30.9 4245s
 3159771 2613003     cutoff   77        76.10433   68.53045  10.0%  30.9 4252s
 3162908 2614216     cutoff   51        76.10433   68.53209  9.95%  31.0 4259s
 3165669 2614608 infeasible   42        76.10433   68.53352  9.95%  31.0 4266s
 3168996 2613763 infeasible   61        76.10433   68.53466  9.95%  31.0 4270s
 3172653 2615355 infeasible   83        76.10433   68.53579  9.94%  31.1 4280s
 3175005 2616217     cutoff   34        76.10433   68.53677  9.94%  31.1 4286s
 3177461 2617011     cutoff   45        76.10433   68.53828  9.94%  31.1 4292s
 3180418 2617969 infeasible   54        76.10433   68.53962  9.94%  31.2 4299s
 3183195 2619008 infeasible   45        76.10433   68.54139  9.94%  31.2 4307s
 3186230 2620203     cutoff   44        76.10433   68.54301  9.94%  31.2 4314s
 3189100 2621600     cutoff   56        76.10433   68.54432  9.93%  31.3 4322s
 3192317 2621908     cutoff   41        76.10433   68.54648  9.93%  31.3 4326s
 3193487 2623142 infeasible   65        76.10433   68.54727  9.93%  31.3 4334s
 3196999 2624781     cutoff   37        76.10433   68.54879  9.93%  31.4 4341s
 3200689 2625903 infeasible   68        76.10433   68.55068  9.93%  31.4 4348s
 3203784 2627191     cutoff   45        76.10433   68.55238  9.92%  31.4 4356s
 3206829 2628549 infeasible   65        76.10433   68.55400  9.92%  31.5 4364s
 3209819 2629962     cutoff   54        76.10433   68.55539  9.92%  31.5 4371s
 3212970 2630442 infeasible   64        76.10433   68.55748  9.92%  31.5 4375s
 3214100 2631971 infeasible   59        76.10433   68.55810  9.92%  31.5 4383s
 3217713 2633277 infeasible   51        76.10433   68.55970  9.91%  31.6 4390s
 3221107 2634706 infeasible   47        76.10433   68.56177  9.91%  31.6 4398s
 3224337 2635852 infeasible   47        76.10433   68.56353  9.91%  31.7 4405s
 3227440 2636830 infeasible  100        76.10433   68.56549  9.91%  31.7 4412s
 3230441 2638134     cutoff   52        76.10433   68.56692  9.90%  31.7 4419s
 3233728 2638616 infeasible   73        76.10433   68.56860  9.90%  31.8 4423s
 3234957 2639648   69.47131   52   94   76.10433   68.56987  9.90%  31.8 4430s
 3238091 2640973     cutoff   64        76.10433   68.57115  9.90%  31.8 4438s
 3241423 2642296     cutoff   46        76.10433   68.57338  9.90%  31.8 4446s
 3244724 2643425     cutoff   44        76.10433   68.57458  9.89%  31.9 4454s
 3247951 2644402     cutoff   69        76.10433   68.57752  9.89%  31.9 4461s
 3250910 2645574   69.13695   42  186   76.10433   68.57907  9.89%  32.0 4469s
 3253909 2646807     cutoff   75        76.10433   68.58019  9.89%  32.0 4477s
 3257088 2647105 infeasible   88        76.10433   68.58228  9.88%  32.0 4481s
 3258292 2648372   68.78265   48   92   76.10433   68.58320  9.88%  32.1 4489s
 3261464 2649297   75.88432   50  145   76.10433   68.58493  9.88%  32.1 4496s
 3264590 2650651   73.19153   49   58   76.10433   68.58684  9.88%  32.1 4504s
 3268126 2651680 infeasible  131        76.10433   68.58810  9.88%  32.2 4513s
 3271336 2652879     cutoff   68        76.10433   68.59027  9.87%  32.2 4520s
 3274627 2654116 infeasible   43        76.10433   68.59215  9.87%  32.2 4528s
 3277967 2654500   69.03249   60  152   76.10433   68.59448  9.87%  32.3 4531s
 3279156 2655906     cutoff   52        76.10433   68.59516  9.87%  32.3 4539s
 3282561 2657154 infeasible   48        76.10433   68.59654  9.87%  32.3 4547s
 3285784 2658255   73.01165   63   45   76.10433   68.59827  9.86%  32.4 4554s
 3288709 2659691     cutoff   58        76.10433   68.60021  9.86%  32.4 4562s
 3292052 2660744     cutoff   65        76.10433   68.60142  9.86%  32.4 4570s
 3295111 2661409     cutoff   51        76.10433   68.60368  9.86%  32.5 4579s
 3297042 2662550     cutoff   66        76.10433   68.60440  9.85%  32.5 4587s
 3300476 2662843     cutoff   37        76.10433   68.60647  9.85%  32.5 4591s
 3301639 2663916     cutoff   69        76.10433   68.60769  9.85%  32.5 4599s
 3304893 2665195 infeasible   69        76.10433   68.60921  9.85%  32.6 4607s
 3308456 2666219 infeasible   57        76.10433   68.61141  9.85%  32.6 4615s
 3311430 2667598   72.79386   53   86   76.10433   68.61195  9.84%  32.6 4623s
 3314616 2668850   71.09620   40  141   76.10433   68.61482  9.84%  32.7 4631s
 3317877 2669782 infeasible   68        76.10433   68.61662  9.84%  32.7 4639s
 3321029 2670288     cutoff   60        76.10433   68.61833  9.84%  32.7 4642s
 3322355 2671245   72.74631   47   48   76.10433   68.61937  9.84%  32.8 4649s
 3325278 2672504   73.03671   52  122   76.10433   68.62048  9.83%  32.8 4657s
 3328459 2673792     cutoff   62        76.10433   68.62270  9.83%  32.8 4665s
 3331566 2675213 infeasible   76        76.10433   68.62415  9.83%  32.9 4673s
 3334937 2676089     cutoff   59        76.10433   68.62603  9.83%  32.9 4680s
 3337819 2677251 infeasible   50        76.10433   68.62781  9.82%  32.9 4688s
 3341214 2678087     cutoff   65        76.10433   68.62975  9.82%  33.0 4695s
 3345667 2679791 infeasible   77        76.10433   68.63276  9.82%  33.0 4706s
 3348414 2680745     cutoff   59        76.10433   68.63420  9.82%  33.0 4714s
 3351518 2681639 infeasible   61        76.10433   68.63578  9.81%  33.1 4721s
 3354442 2682892   68.77024   38  101   76.10433   68.63748  9.81%  33.1 4728s
 3357624 2684024     cutoff   54        76.10433   68.63908  9.81%  33.1 4736s
 3360857 2685104 infeasible   40        76.10433   68.64089  9.81%  33.2 4743s
 3363939 2686196 infeasible   51        76.10433   68.64280  9.80%  33.2 4750s
 3368502 2687451   73.17629   48   70   76.10433   68.64548  9.80%  33.2 4761s
 3371813 2688725   70.40178   85   79   76.10433   68.64771  9.80%  33.3 4769s
 3375201 2689685 infeasible   64        76.10433   68.64940  9.80%  33.3 4776s
 3378372 2690903 infeasible   96        76.10433   68.65168  9.79%  33.3 4784s
 3381681 2691888   74.47537   49   49   76.10433   68.65337  9.79%  33.4 4791s
 3385077 2692912     cutoff   73        76.10433   68.65569  9.79%  33.4 4798s
 3388055 2693544   71.02581   48  109   76.10433   68.65742  9.79%  33.4 4802s
 3389384 2694712   69.38046   52  143   76.10433   68.65855  9.78%  33.4 4809s
 3392621 2695976   69.12561   32  127   76.10433   68.66041  9.78%  33.5 4817s
 3395810 2697123     cutoff   62        76.10433   68.66199  9.78%  33.5 4824s
 3398947 2698303 infeasible   51        76.10433   68.66385  9.78%  33.5 4831s
 3402248 2699217     cutoff   57        76.10433   68.66552  9.77%  33.5 4838s
 3405254 2700695   69.92359   82   49   76.10433   68.66730  9.77%  33.6 4845s
 3409695 2702321     cutoff   53        76.10433   68.66983  9.77%  33.6 4857s
 3413222 2703304 infeasible   47        76.10433   68.67187  9.77%  33.6 4865s
 3416628 2704609   73.17833   49   50   76.10433   68.67342  9.76%  33.7 4872s
 3419884 2705669     cutoff   50        76.10433   68.67554  9.76%  33.7 4879s
 3422838 2706931   72.93989   53   64   76.10433   68.67746  9.76%  33.7 4887s
 3426112 2708098     cutoff   64        76.10433   68.67845  9.76%  33.7 4894s
 3429019 2708531 infeasible   90        76.10433   68.68052  9.75%  33.8 4897s
 3430350 2709484   73.22316   42  123   76.10433   68.68157  9.75%  33.8 4905s
 3433346 2710768     cutoff   70        76.10433   68.68324  9.75%  33.8 4913s
 3436412 2712040   74.33738   55   61   76.10433   68.68480  9.75%  33.8 4921s
 3439817 2713021     cutoff   65        76.10433   68.68685  9.75%  33.9 4928s
 3442923 2714371     cutoff   38        76.10433   68.68830  9.74%  33.9 4936s
 3446177 2715010     cutoff   47        76.10433   68.69031  9.74%  33.9 4943s
 3448903 2715980     cutoff   59        76.10433   68.69237  9.74%  34.0 4951s
 3452006 2716371     cutoff   58        76.10433   68.69398  9.74%  34.0 4955s
 3453237 2717701     cutoff   48        76.10433   68.69531  9.74%  34.0 4962s
 3456689 2719028     cutoff   58        76.10433   68.69730  9.73%  34.0 4970s
 3460024 2720185     cutoff   56        76.10433   68.69903  9.73%  34.1 4978s
 3463114 2721298     cutoff   84        76.10433   68.70093  9.73%  34.1 4985s
 3466364 2722686     cutoff   49        76.10433   68.70316  9.73%  34.1 4992s
 3469613 2723983 infeasible   45        76.10433   68.70506  9.72%  34.2 5000s
 3474215 2725575   69.45035   57   95   76.10433   68.70768  9.72%  34.2 5010s
 3477249 2727037     cutoff   47        76.10433   68.70937  9.72%  34.2 5018s
 3480747 2728352     cutoff   68        76.10433   68.71106  9.71%  34.2 5026s
 3483915 2729648 infeasible   65        76.10433   68.71267  9.71%  34.3 5033s
 3487188 2730823     cutoff   73        76.10433   68.71461  9.71%  34.3 5040s
 3490377 2732150     cutoff   51        76.10433   68.71654  9.71%  34.3 5048s
 3493622 2732747     cutoff   68        76.10433   68.71873  9.70%  34.3 5052s
 3495208 2733866     cutoff   65        76.10433   68.71973  9.70%  34.4 5059s
 3498184 2735337 infeasible   68        76.10433   68.72142  9.70%  34.4 5066s
 3501558 2736778   70.72607   85   73   76.10433   68.72330  9.70%  34.4 5073s
 3504870 2737919 infeasible   53        76.10433   68.72497  9.70%  34.4 5080s
 3507926 2739264     cutoff   60        76.10433   68.72680  9.69%  34.5 5088s
 3511092 2740479     cutoff   44        76.10433   68.72869  9.69%  34.5 5095s
 3514187 2741118 infeasible   79        76.10433   68.72986  9.69%  34.5 5100s
 3515713 2742245 infeasible   61        76.10433   68.73107  9.69%  34.5 5109s
 3518873 2743721     cutoff   71        76.10433   68.73260  9.69%  34.5 5117s
 3522191 2745110     cutoff   63        76.10433   68.73439  9.68%  34.6 5125s
 3525473 2746482   68.78915   59   12   76.10433   68.73646  9.68%  34.6 5133s
 3528620 2747846     cutoff   73        76.10433   68.73782  9.68%  34.6 5142s
 3531909 2748760     cutoff   53        76.10433   68.73972  9.68%  34.6 5151s
 3534829 2749280 infeasible   74        76.10433   68.74111  9.68%  34.7 5156s
 3536300 2750976     cutoff   70        76.10433   68.74243  9.67%  34.7 5167s
 3539890 2751730 infeasible   59        76.10433   68.74382  9.67%  34.7 5177s
 3542605 2752714     cutoff   76        76.10433   68.74541  9.67%  34.7 5187s
 3545465 2754165     cutoff   79        76.10433   68.74682  9.67%  34.7 5198s
 3548928 2755660 infeasible   45        76.10433   68.74933  9.66%  34.8 5210s
 3552271 2756830     cutoff   75        76.10433   68.75078  9.66%  34.8 5221s
 3555460 2757229   68.83223   54   68   76.10433   68.75232  9.66%  34.8 5227s
 3556921 2758744     cutoff   68        76.10433   68.75317  9.66%  34.8 5239s
 3560243 2759982     cutoff   88        76.10433   68.75510  9.66%  34.8 5250s
 3563426 2761406 infeasible   52        76.10433   68.75724  9.65%  34.9 5261s
 3566886 2762835 infeasible  104        76.10433   68.75865  9.65%  34.9 5271s
 3570313 2763267     cutoff   38        76.10433   68.76032  9.65%  34.9 5285s
 3571421 2764773 infeasible   93        76.10433   68.76090  9.65%  34.9 5297s
 3575101 2766159   73.06738   67  119   76.10433   68.76333  9.65%  34.9 5308s
 3578438 2766685   68.86650   82  146   76.10433   68.76525  9.64%  35.0 5314s
 3579964 2768024     cutoff   69        76.10433   68.76642  9.64%  35.0 5326s
 3582993 2769596 infeasible   90        76.10433   68.76777  9.64%  35.0 5337s
 3586580 2770998     cutoff   64        76.10433   68.76952  9.64%  35.0 5348s
 3589794 2772331   71.32278   59   97   76.10433   68.77134  9.64%  35.0 5358s
 3592878 2773639   69.38542   41  180   76.10433   68.77256  9.63%  35.1 5368s
 3596218 2774916 infeasible   67        76.10433   68.77450  9.63%  35.1 5379s
 3599412 2775752 infeasible   67        76.10433   68.77617  9.63%  35.1 5385s
 3601077 2776748   68.86594   69   12   76.10433   68.77733  9.63%  35.1 5395s
 3603778 2778457 infeasible   74        76.10433   68.77838  9.63%  35.1 5405s
 3607444 2780080     cutoff   54        76.10433   68.78034  9.62%  35.2 5415s
 3610852 2781399 infeasible   54        76.10433   68.78166  9.62%  35.2 5424s
 3613585 2781399 infeasible   74        76.10433   68.78199  9.62%  35.2 5425s
 3614008 2782872     cutoff   66        76.10433   68.78351  9.62%  35.2 5434s
 3617102 2784334 infeasible   53        76.10433   68.78498  9.62%  35.2 5444s
 3619213 2784334     cutoff   76        76.10433   68.78509  9.62%  35.2 5445s
 3620399 2785020 infeasible   70        76.10433   68.78658  9.62%  35.2 5451s
 3622056 2786878     cutoff   69        76.10433   68.78740  9.61%  35.2 5461s
 3625668 2787882     cutoff   56        76.10433   68.78877  9.61%  35.2 5470s
 3628149 2789060   70.68414   59   74   76.10433   68.78940  9.61%  35.3 5480s
 3631153 2790582 infeasible   72        76.10433   68.79025  9.61%  35.3 5490s
 3634304 2792004 infeasible   56        76.10433   68.79279  9.61%  35.3 5500s
 3637426 2793500     cutoff   41        76.10433   68.79424  9.61%  35.3 5510s
 3640542 2794771     cutoff   61        76.10433   68.79579  9.60%  35.3 5517s
 3643451 2795414   69.35958   54   60   76.10433   68.79726  9.60%  35.3 5521s
 3645030 2797118   69.68984   55  134   76.10433   68.79855  9.60%  35.4 5528s
 3648193 2798498 infeasible   74        76.10433   68.79956  9.60%  35.4 5535s
 3651542 2799856     cutoff   59        76.10433   68.80117  9.60%  35.4 5542s
 3654744 2801089   69.44372   57  100   76.10433   68.80282  9.59%  35.4 5548s
 3657845 2802462     cutoff   47        76.10433   68.80439  9.59%  35.4 5555s
 3661246 2804222     cutoff   70        76.10433   68.80625  9.59%  35.4 5562s
 3664746 2804691   68.82743   54   84   76.10433   68.80837  9.59%  35.5 5566s
 3666216 2806153 infeasible   48        76.10433   68.80942  9.59%  35.5 5573s
 3669591 2807517     cutoff   52        76.10433   68.81043  9.58%  35.5 5581s
 3672795 2809039     cutoff   71        76.10433   68.81192  9.58%  35.5 5589s
 3676291 2810303 infeasible   62        76.10433   68.81381  9.58%  35.5 5596s
 3679427 2811659 infeasible   61        76.10433   68.81511  9.58%  35.5 5603s
 3682577 2812889 infeasible   56        76.10433   68.81660  9.58%  35.6 5610s
 3685753 2813637   73.35398   83  102   76.10433   68.81821  9.57%  35.6 5615s
 3687435 2814937     cutoff   42        76.10433   68.81910  9.57%  35.6 5622s
 3690460 2816359     cutoff   69        76.10433   68.82077  9.57%  35.6 5629s
 3693841 2817531   68.92385   69   87   76.10433   68.82219  9.57%  35.6 5636s
 3696485 2819086 infeasible   99        76.10433   68.82340  9.57%  35.6 5642s
 3699658 2820585 infeasible   91        76.10433   68.82526  9.56%  35.6 5649s
 3702851 2821925     cutoff   85        76.10433   68.82698  9.56%  35.7 5657s
 3705799 2823225 infeasible   62        76.10433   68.82814  9.56%  35.7 5663s
 3709038 2823819 infeasible   57        76.10433   68.83000  9.56%  35.7 5668s
 3710602 2825261   69.47243   61  153   76.10433   68.83090  9.56%  35.7 5674s
 3712119 2825261     cutoff   44        76.10433   68.83106  9.56%  35.7 5675s
 3713868 2826573 infeasible   74        76.10433   68.83250  9.56%  35.7 5682s
 3716607 2828318     cutoff   77        76.10433   68.83370  9.55%  35.7 5689s
 3720170 2829920   69.85638   80   70   76.10433   68.83508  9.55%  35.7 5696s
 3723439 2831284     cutoff   57        76.10433   68.83631  9.55%  35.8 5703s
 3726324 2832852 infeasible   85        76.10433   68.83785  9.55%  35.8 5710s
 3729667 2833469     cutoff   46        76.10433   68.83922  9.55%  35.8 5715s
 3731122 2835099 infeasible   49        76.10433   68.83985  9.55%  35.8 5723s
 3734560 2836544     cutoff   73        76.10433   68.84137  9.54%  35.8 5730s
 3737946 2837877 infeasible   50        76.10433   68.84281  9.54%  35.8 5737s
 3741002 2839423   73.87487   65   67   76.10433   68.84438  9.54%  35.8 5743s
 3744469 2840772     cutoff   78        76.10433   68.84621  9.54%  35.9 5750s
 3747500 2842164     cutoff   52        76.10433   68.84750  9.54%  35.9 5757s
 3750612 2842875   68.95217   69  115   76.10433   68.84910  9.53%  35.9 5761s
 3752188 2844533 infeasible   56        76.10433   68.84989  9.53%  35.9 5767s
 3755658 2845591     cutoff   70        76.10433   68.85125  9.53%  35.9 5774s
 3758283 2847017   70.92407   61   96   76.10433   68.85264  9.53%  35.9 5781s
 3761595 2848423     cutoff   49        76.10433   68.85384  9.53%  35.9 5788s
 3764917 2849766 infeasible   51        76.10433   68.85556  9.52%  36.0 5794s
 3767922 2851316 infeasible   54        76.10433   68.85726  9.52%  36.0 5801s
 3771221 2852153   69.30772   56  136   76.10433   68.85858  9.52%  36.0 5805s
 3773054 2853831     cutoff   56        76.10433   68.85956  9.52%  36.0 5810s
 3776155 2854921     cutoff   57        76.10433   68.86031  9.52%  36.0 5816s
 3778545 2856254     cutoff   50        76.10433   68.86165  9.52%  36.0 5823s
 3781446 2857423     cutoff   73        76.10433   68.86303  9.51%  36.0 5829s
 3784135 2859033 infeasible   87        76.10433   68.86396  9.51%  36.0 5836s
 3787452 2860501   70.39988   52  123   76.10433   68.86524  9.51%  36.1 5843s
 3790756 2861849 infeasible   82        76.10433   68.86682  9.51%  36.1 5850s
 3795551 2863882 infeasible   59        76.10433   68.86909  9.51%  36.1 5860s
 3798278 2865489     cutoff   55        76.10433   68.87065  9.50%  36.1 5867s
 3801472 2866828     cutoff   49        76.10433   68.87188  9.50%  36.1 5874s
 3804143 2868441     cutoff   85        76.10433   68.87309  9.50%  36.1 5878s
 3807393 2869732     cutoff   68        76.10433   68.87442  9.50%  36.1 5883s
 3810422 2871037   68.88059   64   58   76.10433   68.87570  9.50%  36.2 5886s
 3813058 2872496     cutoff   46        76.10433   68.87680  9.50%  36.2 5891s
 3817919 2874473     cutoff   86        76.10433   68.87907  9.49%  36.2 5897s
 3820633 2876383     cutoff   99        76.10433   68.88027  9.49%  36.2 5901s
 3824333 2877809     cutoff   53        76.10433   68.88159  9.49%  36.2 5905s
 3830062 2880707     cutoff   67        76.10433   68.88413  9.49%  36.2 5912s
 3833013 2882021 infeasible   40        76.10433   68.88525  9.49%  36.3 5916s
 3836045 2883740 infeasible   33        76.10433   68.88669  9.48%  36.3 5920s
 3840988 2886261   69.69974   59   98   76.10433   68.88861  9.48%  36.3 5927s
 3843995 2887753     cutoff   74        76.10433   68.88946  9.48%  36.3 5930s
 3847039 2889272   69.02590   49   70   76.10433   68.89072  9.48%  36.3 5935s
 3853149 2892135     cutoff   41        76.10433   68.89313  9.48%  36.3 5942s
 3856111 2893745     cutoff   44        76.10433   68.89450  9.47%  36.3 5946s
 3859243 2895296   69.45510   37  143   76.10433   68.89571  9.47%  36.3 5950s
 3864048 2897978   68.91539   52   47   76.10433   68.89774  9.47%  36.4 5956s
 3867200 2899381 infeasible   73        76.10433   68.89893  9.47%  36.4 5960s
 3873000 2902289 infeasible   72        76.10433   68.90125  9.46%  36.4 5967s
 3875717 2903431     cutoff   67        76.10433   68.90240  9.46%  36.4 5971s
 3878383 2905025     cutoff   55        76.10433   68.90328  9.46%  36.4 5975s
 3884657 2907947 infeasible   62        76.10433   68.90598  9.46%  36.4 5982s
 3886514 2909741     cutoff   50        76.10433   68.90681  9.46%  36.4 5986s
 3892541 2913150   69.43784   57   76   76.10433   68.90876  9.45%  36.5 5993s
 3895845 2914389   69.02568   52   40   76.10433   68.90951  9.45%  36.5 5996s
 3898493 2915867     cutoff   73        76.10433   68.91110  9.45%  36.5 6000s
 3903926 2918757     cutoff   81        76.10433   68.91272  9.45%  36.5 6007s
 3906804 2919507     cutoff   36        76.10433   68.91354  9.45%  36.5 6011s
 3908448 2920944   69.09838   47   58   76.10433   68.91458  9.45%  36.5 6015s
 3914758 2924533   70.49684   87  130   76.10433   68.91726  9.44%  36.5 6023s
 3918205 2926269   69.45994   53   50   76.10433   68.91819  9.44%  36.5 6027s
 3921370 2927885   69.21453   53   69   76.10433   68.91921  9.44%  36.5 6031s
 3924445 2929124     cutoff   85        76.10433   68.92058  9.44%  36.6 6035s
 3930144 2931722   71.25797   68   56   76.10433   68.92264  9.44%  36.6 6041s
 3932203 2933066 infeasible   75        76.10433   68.92310  9.44%  36.6 6045s
 3937483 2936059 infeasible   79        76.10433   68.92506  9.43%  36.6 6052s
 3940643 2937558   74.80182   54  104   76.10433   68.92610  9.43%  36.6 6055s
 3946127 2940276 infeasible   56        76.10433   68.92846  9.43%  36.6 6063s
 3948664 2941801     cutoff   64        76.10433   68.92919  9.43%  36.6 6067s
 3951602 2942784 infeasible   47        76.10433   68.92978  9.43%  36.6 6070s
 3956406 2945769     cutoff   87        76.10433   68.93173  9.42%  36.6 6077s
 3958870 2947331     cutoff   46        76.10433   68.93276  9.42%  36.7 6081s
 3961750 2948930   69.01844   39  134   76.10433   68.93333  9.42%  36.7 6085s
 3967963 2953427   70.37087   48   90   76.10433   68.93590  9.42%  36.7 6093s
 3972856 2954398     cutoff   71        76.10433   68.93726  9.42%  36.7 6096s
 3977698 2958940     cutoff   55        76.10433   68.93884  9.42%  36.7 6103s
 3982405 2960401     cutoff   50        76.10433   68.94010  9.41%  36.7 6106s
 3987379 2963025     cutoff   68        76.10433   68.94181  9.41%  36.7 6113s
 3989686 2965473     cutoff   40        76.10433   68.94258  9.41%  36.7 6116s
 3995721 2968304     cutoff   57        76.10433   68.94466  9.41%  36.7 6123s
 3998862 2970846     cutoff   55        76.10433   68.94540  9.41%  36.7 6126s
 4002916 2972300 infeasible   65        76.10433   68.94666  9.41%  36.7 6130s
 4009452 2975962     cutoff   57        76.10433   68.94876  9.40%  36.7 6136s
 4014482 2979345     cutoff   62        76.10433   68.95031  9.40%  36.7 6141s
 4019215 2982446     cutoff   76        76.10433   68.95177  9.40%  36.8 6147s
 4024546 2984469     cutoff   75        76.10433   68.95339  9.40%  36.8 6152s
 4026646 2987010     cutoff   71        76.10433   68.95408  9.40%  36.8 6155s
 4032811 2989478     cutoff   59        76.10433   68.95566  9.39%  36.8 6161s
 4038230 2992071 infeasible   80        76.10433   68.95762  9.39%  36.8 6166s
 4042249 2995168 infeasible   69        76.10433   68.95880  9.39%  36.8 6171s
 4047929 2997714     cutoff   44        76.10433   68.96055  9.39%  36.8 6177s
 4050018 3000493     cutoff   41        76.10433   68.96127  9.39%  36.8 6180s
 4056380 3002747     cutoff   65        76.10433   68.96294  9.38%  36.8 6186s
 4061197 3007186 infeasible   68        76.10433   68.96445  9.38%  36.8 6192s
 4065534 3008639   73.60554   89   23   76.10433   68.96555  9.38%  36.8 6195s
 4072061 3011140   69.03330   48   58   76.10433   68.96743  9.38%  36.8 6205s
 4074281 3013803     cutoff   64        76.10433   68.96792  9.38%  36.8 6212s
 4076575 3015204 infeasible   57        76.10433   68.96846  9.38%  36.8 6215s
 4080325 3019401   69.52105   42  110   76.10433   68.96963  9.37%  36.8 6221s
 4087485 3021627   69.03849   46   92   76.10433   68.97203  9.37%  36.8 6227s
 4089531 3023452 infeasible   76        76.10433   68.97266  9.37%  36.8 6230s
 4096190 3027060 infeasible   71        76.10433   68.97447  9.37%  36.8 6236s
 4102759 3030539     cutoff   65        76.10433   68.97642  9.37%  36.8 6241s
 4104084 3033056     cutoff   33        76.10433   68.97686  9.37%  36.9 6246s
 4107927 3036513   70.30031   43  139   76.10433   68.97770  9.36%  36.9 6250s
 4115882 3039676     cutoff   91        76.10433   68.97999  9.36%  36.9 6256s
 4122245 3043324 infeasible   62        76.10433   68.98161  9.36%  36.9 6262s
 4127300 3046122 infeasible   55        76.10433   68.98313  9.36%  36.9 6267s
 4129097 3048628 infeasible   49        76.10433   68.98370  9.36%  36.9 6270s
 4135158 3051891     cutoff   56        76.10433   68.98504  9.35%  36.9 6275s
 4140176 3054935     cutoff   43        76.10433   68.98644  9.35%  36.9 6280s
 4144940 3057066 infeasible   87        76.10433   68.98785  9.35%  36.9 6285s
 4151622 3061545   72.13661  102   41   76.10433   68.98944  9.35%  36.9 6291s
 4155404 3065030   70.02059   53   40   76.10433   68.99042  9.35%  36.9 6297s
 4161041 3068763   69.58225   58   18   76.10433   68.99203  9.35%  36.9 6302s
 4164766 3070122     cutoff   45        76.10433   68.99291  9.34%  36.9 6305s
 4169036 3072762     cutoff   42        76.10433   68.99389  9.34%  36.9 6310s
 4175660 3077227   69.19890   56   85   76.10433   68.99543  9.34%  36.9 6316s
 4180080 3080901     cutoff   47        76.10433   68.99661  9.34%  36.9 6322s
 4183813 3082097 infeasible   66        76.10433   68.99771  9.34%  36.9 6325s
 4189341 3085537     cutoff   36        76.10433   68.99911  9.34%  36.9 6330s
 4195642 3089452     cutoff   80        76.10433   69.00044  9.33%  36.9 6336s
 4197490 3089483     cutoff   39        76.10433   69.00117  9.33%  36.9 6342s
H4197658 3089483                      76.1043266   69.00129  9.33%  36.9 6344s
 4197765 3090812   69.28464   59  117   76.10433   69.00132  9.33%  36.9 6346s
 4201682 3093429 infeasible  113        76.10433   69.00244  9.33%  36.9 6353s
 4204511 3094773   73.93832   50  104   76.10433   69.00320  9.33%  36.9 6356s
H4205052 3094773                      76.1043233   69.00330  9.33%  36.9 6357s
 4206831 3096059   69.00493   43   92   76.10432   69.00389  9.33%  36.9 6362s
 4209178 3097782   69.08612   88   62   76.10432   69.00437  9.33%  36.9 6365s
 4214685 3101594   70.17464   40  151   76.10432   69.00607  9.33%  36.9 6370s
 4220228 3104503   70.57639   47  188   76.10432   69.00736  9.33%  36.9 6375s
 4225145 3108452     cutoff   53        76.10432   69.00875  9.32%  36.9 6381s
 4230951 3112016   69.19416   50   89   76.10432   69.01023  9.32%  36.9 6386s
 4236305 3114865     cutoff   53        76.10432   69.01174  9.32%  36.9 6392s
 4239295 3118071     cutoff   88        76.10432   69.01244  9.32%  37.0 6396s
 4246601 3122282 infeasible   49        76.10432   69.01410  9.32%  36.9 6402s
 4250656 3123544     cutoff   48        76.10432   69.01496  9.32%  36.9 6405s
 4256621 3127233   69.50743   35  129   76.10432   69.01651  9.31%  36.9 6410s
 4261248 3130624   73.43557   68   57   76.10432   69.01763  9.31%  37.0 6416s
 4266656 3133789     cutoff   61        76.10432   69.01840  9.31%  37.0 6420s
 4270975 3137622     cutoff   81        76.10432   69.02007  9.31%  37.0 6425s
 4276885 3141117     cutoff   40        76.10432   69.02151  9.31%  37.0 6431s
 4282092 3145180 infeasible   60        76.10432   69.02274  9.31%  37.0 6437s
 4288384 3147547 infeasible   82        76.10432   69.02416  9.30%  37.0 6442s
 4293297 3149584 infeasible   61        76.10432   69.02489  9.30%  37.0 6445s
 4296045 3153170 infeasible   78        76.10432   69.02624  9.30%  37.0 6450s
 4301591 3156096     cutoff   63        76.10432   69.02746  9.30%  37.0 6455s
 4306444 3159134     cutoff   73        76.10432   69.02872  9.30%  37.0 6460s
 4311294 3161620   69.63581   48   64   76.10432   69.02978  9.30%  37.0 6465s
 4317192 3164931 infeasible   53        76.10432   69.03119  9.29%  37.0 6470s
 4321078 3167872   69.41537   63   65   76.10432   69.03229  9.29%  37.0 6476s
 4325657 3170699   72.04190   52  105   76.10432   69.03343  9.29%  37.0 6482s
 4328830 3174113     cutoff   54        76.10432   69.03413  9.29%  37.0 6486s
 4333991 3175078     cutoff   62        76.10432   69.03516  9.29%  37.0 6490s
 4337990 3179069     cutoff   68        76.10432   69.03624  9.29%  37.0 6495s
 4343947 3182816 infeasible   92        76.10432   69.03768  9.29%  37.0 6501s
 4349413 3185746     cutoff   60        76.10432   69.03918  9.28%  37.0 6507s
 4352359 3188734     cutoff   51        76.10432   69.03980  9.28%  37.0 6511s
 4359466 3192512   69.13250   67   31   76.10432   69.04118  9.28%  37.0 6516s
 4365545 3195447     cutoff   61        76.10432   69.04275  9.28%  37.0 6521s
 4369810 3198488   69.40199   55  101   76.10432   69.04368  9.28%  37.0 6527s
 4374458 3201398   69.15465   50   80   76.10432   69.04487  9.28%  37.0 6531s
 4379510 3204474 infeasible   62        76.10432   69.04584  9.27%  37.0 6536s
 4384574 3207859   70.90634   53  115   76.10432   69.04713  9.27%  37.0 6541s
 4389580 3210059 infeasible   95        76.10432   69.04814  9.27%  37.0 6546s
 4393564 3214011     cutoff   64        76.10432   69.04904  9.27%  37.0 6551s
 4399697 3216078 infeasible   69        76.10432   69.05046  9.27%  37.0 6557s
 4401350 3217164 infeasible   69        76.10432   69.05081  9.27%  37.0 6560s
 4406029 3220393 infeasible   74        76.10432   69.05178  9.27%  37.0 6565s
 4412426 3224180     cutoff   49        76.10432   69.05313  9.27%  37.0 6571s
 4413966 3225979     cutoff   48        76.10432   69.05361  9.26%  37.0 6575s
 4421386 3230283 infeasible   76        76.10432   69.05513  9.26%  37.0 6581s
 4425878 3234480     cutoff   49        76.10432   69.05621  9.26%  37.0 6588s
 4429768 3235798 infeasible   66        76.10432   69.05705  9.26%  37.0 6590s
 4434268 3239262   69.05806   55  124   76.10432   69.05806  9.26%  37.0 6596s
 4438544 3241126   69.13025   54   11   76.10432   69.05901  9.26%  37.0 6601s
 4444208 3244707 infeasible   51        76.10432   69.06016  9.26%  37.0 6606s
 4447787 3248066 infeasible   46        76.10432   69.06104  9.25%  37.0 6611s
 4452640 3250446     cutoff   42        76.10432   69.06180  9.25%  37.0 6617s
 4457363 3253331     cutoff   80        76.10432   69.06293  9.25%  37.0 6621s
 4462367 3256879     cutoff   76        76.10432   69.06384  9.25%  37.0 6627s
 4468000 3260238     cutoff   51        76.10432   69.06501  9.25%  37.0 6632s
 4473368 3264027 infeasible  136        76.10432   69.06609  9.25%  37.0 6636s
 4478476 3266810   70.32930   45  128   76.10432   69.06723  9.25%  37.0 6641s
 4482014 3270495     cutoff   47        76.10432   69.06797  9.25%  37.0 6646s
 4488437 3273901 infeasible   63        76.10432   69.06920  9.24%  37.0 6651s
 4492485 3277374     cutoff   66        76.10432   69.07000  9.24%  37.0 6656s
 4497275 3280417     cutoff   72        76.10432   69.07078  9.24%  37.0 6662s
 4500655 3283422   73.60809   93   73   76.10432   69.07141  9.24%  37.0 6666s
 4509135 3286905     cutoff   61        76.10432   69.07322  9.24%  37.0 6671s
 4513011 3290799     cutoff   37        76.10432   69.07413  9.24%  37.0 6676s
H4516957 3291745                      76.1043203   69.07479  9.24%  37.0 6681s
 4518859 3293458   69.77766   52  117   76.10432   69.07508  9.24%  37.0 6685s
 4526096 3297713   69.36251   53   91   76.10432   69.07661  9.23%  37.0 6691s
 4529663 3300653     cutoff   59        76.10432   69.07733  9.23%  37.0 6697s
 4531765 3304072   69.13382   65   59   76.10432   69.07771  9.23%  37.0 6700s
 4538392 3306765     cutoff   53        76.10432   69.07888  9.23%  37.0 6705s
 4544516 3311203   69.07974   58   15   76.10432   69.07974  9.23%  37.0 6710s
 4549463 3314548 infeasible   77        76.10432   69.08094  9.23%  37.0 6715s
 4554902 3317854     cutoff   44        76.10432   69.08209  9.23%  37.0 6720s
 4558777 3321270   70.77604   50  127   76.10432   69.08293  9.23%  37.0 6725s
 4566454 3326666     cutoff   71        76.10432   69.08438  9.22%  37.0 6731s
 4569580 3327097   69.08500   44  166   76.10432   69.08479  9.22%  37.0 6737s
 4570286 3328051     cutoff   50        76.10432   69.08499  9.22%  37.0 6740s
 4574128 3330851   70.10462   48   74   76.10432   69.08586  9.22%  37.0 6745s
 4579765 3334692     cutoff   43        76.10432   69.08681  9.22%  37.0 6750s
 4584643 3337770 infeasible   55        76.10432   69.08780  9.22%  37.0 6755s
 4590693 3341846     cutoff   78        76.10432   69.08901  9.22%  37.0 6761s
 4594456 3345633 infeasible   95        76.10432   69.08981  9.22%  37.0 6766s
 4600223 3349487     cutoff   42        76.10432   69.09060  9.22%  37.0 6771s
 4605969 3352475 infeasible   81        76.10432   69.09188  9.21%  37.0 6776s
 4610249 3356104     cutoff   50        76.10432   69.09260  9.21%  37.0 6782s
 4615616 3358622 infeasible   68        76.10432   69.09368  9.21%  37.0 6786s
 4620652 3362419 infeasible   53        76.10432   69.09463  9.21%  37.0 6792s
 4626396 3365784   69.09553   52   52   76.10432   69.09553  9.21%  37.0 6796s
 4628077 3369028     cutoff   38        76.10432   69.09581  9.21%  37.0 6800s
 4637905 3373741   69.22331   45  195   76.10432   69.09760  9.21%  37.0 6807s
 4641493 3376002     cutoff   49        76.10432   69.09816  9.21%  37.0 6811s
 4644833 3379758     cutoff   59        76.10432   69.09893  9.20%  37.0 6816s
 4649907 3382536     cutoff   92        76.10432   69.09997  9.20%  37.0 6822s
 4652376 3385764     cutoff   68        76.10432   69.10026  9.20%  37.0 6826s
 4659012 3388837 infeasible   74        76.10432   69.10139  9.20%  37.0 6831s
 4665266 3392247     cutoff   53        76.10432   69.10274  9.20%  37.0 6836s
 4668621 3394539     cutoff   47        76.10432   69.10344  9.20%  37.0 6841s
 4673625 3397321 infeasible   64        76.10432   69.10431  9.20%  37.0 6845s
 4676952 3400073     cutoff   45        76.10432   69.10507  9.20%  37.0 6850s
 4682453 3403469   71.42044   48  121   76.10432   69.10592  9.20%  37.0 6855s
 4689095 3407884 infeasible   63        76.10432   69.10725  9.19%  37.0 6862s
 4694074 3411341 infeasible   55        76.10432   69.10816  9.19%  37.0 6867s
 4695762 3412856     cutoff   69        76.10432   69.10845  9.19%  37.0 6870s
 4702787 3417383     cutoff   58        76.10432   69.10960  9.19%  37.0 6876s
 4707567 3420364     cutoff   63        76.10432   69.11059  9.19%  37.0 6882s
 4711360 3424261   69.11694   70   29   76.10432   69.11122  9.19%  37.0 6887s
 4716201 3426995   69.11500   76   27   76.10432   69.11213  9.19%  37.0 6893s
 4719071 3430047     cutoff   48        76.10432   69.11268  9.19%  37.0 6896s
 4725374 3432520     cutoff   55        76.10432   69.11382  9.19%  37.0 6902s
 4731339 3436654     cutoff   58        76.10432   69.11473  9.18%  37.0 6907s
 4736583 3440225 infeasible   59        76.10432   69.11579  9.18%  37.0 6912s
 4738049 3442331     cutoff   46        76.10432   69.11607  9.18%  37.0 6915s
 4745602 3446613     cutoff   60        76.10432   69.11716  9.18%  37.0 6921s
 4749348 3449397 infeasible   60        76.10432   69.11793  9.18%  37.0 6926s
 4754922 3452858     cutoff   76        76.10432   69.11876  9.18%  37.0 6932s
 4758519 3455030     cutoff   65        76.10432   69.11953  9.18%  37.0 6937s
 4759898 3458207     cutoff   67        76.10432   69.11979  9.18%  37.0 6940s
 4766464 3461204   75.08765   45   54   76.10432   69.12095  9.18%  37.0 6945s
 4772027 3464547   69.20472   50  109   76.10432   69.12183  9.17%  37.0 6950s
 4775402 3467177   69.12959   51   13   76.10432   69.12249  9.17%  37.0 6956s
 4779609 3470563   69.69548   42  168   76.10432   69.12317  9.17%  37.0 6961s
 4783811 3473471     cutoff   57        76.10432   69.12397  9.17%  37.0 6965s
 4788423 3476648     cutoff   55        76.10432   69.12467  9.17%  37.0 6970s
 4792640 3480107   69.49169   47   91   76.10432   69.12546  9.17%  37.0 6975s
 4800586 3484496   69.26932   58   75   76.10432   69.12666  9.17%  37.0 6982s
 4802119 3486416     cutoff   42        76.10432   69.12692  9.17%  37.0 6985s
 4809006 3490406   69.12802   59   28   76.10432   69.12802  9.17%  37.0 6991s
 4812887 3494068     cutoff   71        76.10432   69.12869  9.17%  37.0 6996s
 4818110 3498013   69.27789   28  212   76.10432   69.12965  9.16%  37.0 7001s
 4823290 3502018   69.15084   44   57   76.10432   69.13048  9.16%  37.0 7007s
 4828774 3503695   69.19596   43   40   76.10432   69.13127  9.16%  37.0 7012s
 4832026 3507628     cutoff   47        76.10432   69.13194  9.16%  37.0 7017s
 4835655 3508981     cutoff   66        76.10432   69.13249  9.16%  37.0 7020s
 4841207 3512808     cutoff   67        76.10432   69.13346  9.16%  37.0 7025s
 4844641 3516868   69.52654   54   69   76.10432   69.13399  9.16%  37.0 7030s
 4850457 3520076 infeasible   48        76.10432   69.13498  9.16%  37.0 7035s
 4853264 3520081     cutoff   50        76.10432   69.13557  9.16%  36.9 7042s
 4854033 3521070 infeasible   88        76.10432   69.13572  9.16%  36.9 7045s
 4856558 3523666     cutoff   75        76.10432   69.13622  9.16%  36.9 7051s
 4862150 3527143   69.31875   47   82   76.10432   69.13711  9.15%  36.9 7056s
 4866514 3530152     cutoff   75        76.10432   69.13784  9.15%  36.9 7060s
 4872178 3534260 infeasible   77        76.10432   69.13879  9.15%  36.9 7066s
 4876648 3537382   69.32472   35  135   76.10432   69.13954  9.15%  36.9 7071s
 4881554 3540681   69.17828   47   86   76.10432   69.14033  9.15%  36.9 7075s
 4885167 3544018 infeasible   56        76.10432   69.14089  9.15%  36.9 7080s
 4890890 3546624   69.18632   42  107   76.10432   69.14171  9.15%  36.9 7085s
 4895676 3550564     cutoff   47        76.10432   69.14263  9.15%  36.9 7091s
 4900898 3554266   69.61388   50   31   76.10432   69.14354  9.15%  36.9 7096s
 4905180 3557458 infeasible   65        76.10432   69.14428  9.15%  36.9 7102s
 4907039 3559335 infeasible   57        76.10432   69.14458  9.15%  36.9 7105s
 4912629 3563872     cutoff   48        76.10432   69.14540  9.14%  36.9 7112s
 4917826 3567253     cutoff   42        76.10432   69.14623  9.14%  36.9 7117s
 4922846 3570858     cutoff   50        76.10432   69.14696  9.14%  36.9 7121s
 4927803 3572973 infeasible   53        76.10432   69.14770  9.14%  36.9 7126s
 4931688 3577776     cutoff   53        76.10432   69.14841  9.14%  36.9 7132s
 4936118 3579389 infeasible   85        76.10432   69.14894  9.14%  36.9 7135s
 4941765 3583058   73.65883   73   68   76.10432   69.14988  9.14%  36.9 7140s
 4946331 3586426 infeasible   95        76.10432   69.15052  9.14%  36.9 7146s
 4950033 3589588     cutoff   70        76.10432   69.15121  9.14%  36.9 7151s
 4954011 3591576   69.42894   59   52   76.10432   69.15185  9.14%  36.9 7155s
 4958795 3594691 infeasible   83        76.10432   69.15262  9.13%  36.9 7160s
 4962224 3596906     cutoff   81        76.10432   69.15320  9.13%  36.9 7165s
 4966782 3600741     cutoff   79        76.10432   69.15390  9.13%  36.9 7171s
 4972301 3604387   69.34577   55   34   76.10432   69.15469  9.13%  36.9 7176s
 4976328 3607859   69.51707   55   92   76.10432   69.15540  9.13%  36.9 7182s
 4978896 3610526   69.19380   51  129   76.10432   69.15572  9.13%  36.9 7185s
 4984555 3614348     cutoff   72        76.10432   69.15659  9.13%  36.9 7190s
 4989822 3617660   70.85921   63   54   76.10432   69.15739  9.13%  36.9 7195s
 4994281 3619758   69.15987   54   57   76.10432   69.15806  9.13%  36.9 7200s

Cutting planes:
  Learned: 12
  Gomory: 257
  Lift-and-project: 26
  Cover: 2157
  Implied bound: 1360
  Projected implied bound: 7
  Clique: 7
  MIR: 1492
  StrongCG: 2
  Flow cover: 2550
  GUB cover: 3
  Inf proof: 174
  Zero half: 50
  RLT: 162
  Relax-and-lift: 204
  BQP: 1
  PSD: 1

Explored 4995888 nodes (184448944 simplex iterations) in 7200.10 seconds (9894.70 work units)
Thread count was 32 (of 32 available processors)

Solution count 10: 76.1043 76.1043 76.1043 ... 76.1112

Time limit reached
Best objective 7.610432025110e+01, best bound 6.915833521240e+01, gap 9.1269%

Gurobi 9.5.2 (linux64) logging started Wed Jul 29 23:28:43 2026

Set parameter LogFile to value "logs/oracle_RmediumCfewTtight_2_gurobi.log"
Gurobi Optimizer version 9.5.2 build v9.5.2rc0 (linux64)
Thread count: 16 physical cores, 32 logical processors, using up to 32 threads
Optimize a model with 5781 rows, 3152 columns and 69505 nonzeros
Model fingerprint: 0xdfb55b7e
Variable types: 1972 continuous, 1180 integer (1180 binary)
Coefficient statistics:
  Matrix range     [3e-02, 1e+03]
  Objective range  [1e+00, 1e+00]
  Bounds range     [1e+00, 4e+01]
  RHS range        [2e-01, 5e+02]

User MIP start produced solution with objective 84.2515 (0.06s)
Loaded user MIP start with objective 84.2515

Presolve removed 1789 rows and 612 columns
Presolve time: 0.85s
Presolved: 3992 rows, 2540 columns, 59735 nonzeros
Variable types: 1516 continuous, 1024 integer (1024 binary)
Root relaxation presolve removed 171 rows and 69 columns
Root relaxation presolved: 3821 rows, 2471 columns, 34792 nonzeros

Extra simplex iterations after uncrush: 1

Root relaxation: objective 5.933997e+01, 3614 iterations, 0.76 seconds (0.46 work units)

    Nodes    |    Current Node    |     Objective Bounds      |     Work
 Expl Unexpl |  Obj  Depth IntInf | Incumbent    BestBd   Gap | It/Node Time

     0     0   59.33997    0  342   84.25146   59.33997  29.6%     -    2s
H    0     0                      83.8736198   59.44613  29.1%     -    4s
     0     0   63.45335    0  250   83.87362   63.45335  24.3%     -    4s
     0     0   63.71019    0  244   83.87362   63.71019  24.0%     -    5s
     0     0   63.71211    0  241   83.87362   63.71211  24.0%     -    5s
     0     0   63.71211    0  238   83.87362   63.71211  24.0%     -    5s
     0     0   64.43028    0  320   83.87362   64.43028  23.2%     -    5s
     0     0   64.58092    0  309   83.87362   64.58092  23.0%     -    6s
     0     0   64.61352    0  303   83.87362   64.61352  23.0%     -    6s
     0     0   64.61356    0  310   83.87362   64.61356  23.0%     -    6s
     0     0   65.14811    0  370   83.87362   65.14811  22.3%     -    6s
     0     0   65.19625    0  378   83.87362   65.19625  22.3%     -    7s
     0     0   65.20580    0  371   83.87362   65.20580  22.3%     -    7s
     0     0   65.20647    0  368   83.87362   65.20647  22.3%     -    7s
     0     0   65.67236    0  307   83.87362   65.67236  21.7%     -    8s
     0     0   65.70005    0  358   83.87362   65.70005  21.7%     -    8s
     0     0   65.70122    0  337   83.87362   65.70122  21.7%     -    8s
     0     0   66.09305    0  365   83.87362   66.09305  21.2%     -    8s
     0     0   66.12059    0  369   83.87362   66.12059  21.2%     -    8s
     0     0   66.12497    0  371   83.87362   66.12497  21.2%     -    8s
     0     0   66.12554    0  374   83.87362   66.12554  21.2%     -    9s
     0     0   66.46495    0  322   83.87362   66.46495  20.8%     -   10s
     0     0   66.51185    0  342   83.87362   66.51185  20.7%     -   10s
     0     0   66.53105    0  342   83.87362   66.53105  20.7%     -   10s
     0     0   66.53580    0  347   83.87362   66.53580  20.7%     -   10s
     0     0   66.53704    0  352   83.87362   66.53704  20.7%     -   10s
H    0     0                      83.7101220   66.86298  20.1%     -   12s
     0     0   66.86298    0  317   83.71012   66.86298  20.1%     -   12s
     0     0   66.90267    0  304   83.71012   66.90267  20.1%     -   12s
     0     0   66.90379    0  331   83.71012   66.90379  20.1%     -   12s
H    0     0                      83.5592754   66.90379  19.9%     -   12s
H    0     0                      83.1353485   66.90379  19.5%     -   12s
     0     0   67.04850    0  290   83.13535   67.04850  19.4%     -   12s
     0     0   67.07118    0  336   83.13535   67.07118  19.3%     -   13s
     0     0   67.07465    0  347   83.13535   67.07465  19.3%     -   13s
H    0     0                      82.6869445   67.07490  18.9%     -   13s
     0     0   67.07490    0  331   82.68694   67.07490  18.9%     -   13s
H    0     0                      81.9885527   67.07490  18.2%     -   13s
H    0     0                      81.9345174   67.07490  18.1%     -   13s
H    0     0                      81.3829080   67.07490  17.6%     -   13s
     0     0   67.17677    0  328   81.38291   67.17677  17.5%     -   13s
H    0     0                      81.3583231   67.18173  17.4%     -   13s
     0     0   67.18173    0  343   81.35832   67.18173  17.4%     -   14s
H    0     0                      80.5770590   67.18271  16.6%     -   14s
     0     0   67.18271    0  337   80.57706   67.18271  16.6%     -   14s
H    0     0                      80.5213767   67.18271  16.6%     -   14s
H    0     0                      80.2534061   67.28958  16.2%     -   14s
     0     0   67.28958    0  289   80.25341   67.28958  16.2%     -   14s
     0     0   67.29615    0  293   80.25341   67.29615  16.1%     -   15s
     0     0   67.29667    0  293   80.25341   67.29667  16.1%     -   15s
H    0     0                      80.1415879   67.29667  16.0%     -   15s
     0     0   67.34040    0  284   80.14159   67.34040  16.0%     -   15s
H    0     0                      79.0491387   67.34892  14.8%     -   15s
     0     0   67.34892    0  320   79.04914   67.34892  14.8%     -   15s
     0     0   67.35023    0  318   79.04914   67.35023  14.8%     -   15s
     0     0   67.40733    0  314   79.04914   67.40733  14.7%     -   16s
     0     0   67.41600    0  321   79.04914   67.41600  14.7%     -   16s
     0     0   67.41862    0  298   79.04914   67.41862  14.7%     -   16s
     0     0   67.43663    0  333   79.04914   67.43663  14.7%     -   17s
     0     0   67.43806    0  331   79.04914   67.43806  14.7%     -   17s
     0     0   67.48836    0  315   79.04914   67.48836  14.6%     -   19s
     0     0   67.51539    0  336   79.04914   67.51539  14.6%     -   19s
     0     0   67.51988    0  319   79.04914   67.51988  14.6%     -   19s
     0     0   67.52085    0  328   79.04914   67.52085  14.6%     -   19s
     0     0   67.55076    0  294   79.04914   67.55076  14.5%     -   20s
     0     0   67.55184    0  326   79.04914   67.55184  14.5%     -   20s
     0     0   67.56219    0  303   79.04914   67.56219  14.5%     -   21s
H    0     0                      78.9658054   67.56219  14.4%     -   21s
     0     0   67.56219    0  303   78.96581   67.56219  14.4%     -   21s
     0     2   67.56219    0  303   78.96581   67.56219  14.4%     -   21s
    45    58   67.61813    6  345   78.96581   67.61459  14.4%   269   25s
H   77    90                      78.9333905   67.62434  14.3%   245   26s
H   78    90                      78.7669916   67.62598  14.1%   248   26s
H   84    90                      78.6331831   67.64469  14.0%   251   26s
H  129   142                      78.3500371   67.66363  13.6%   249   31s
H  185   198                      78.3471046   68.01021  13.2%   245   41s
H  186   198                      78.3471045   68.01096  13.2%   246   41s
H  188   198                      78.2480496   68.06244  13.0%   246   41s
H  189   198                      78.1988343   68.08634  12.9%   249   41s
   235   246   69.96279   17  284   78.19883   68.16807  12.8%   267   45s
   452   495   68.57887   37  291   78.19883   68.57887  12.3%   216   50s
H  591   610                      78.1155009   68.62300  12.2%   190   52s
   814   865   68.63121   70  295   78.11550   68.63121  12.1%   160   55s
  1317  1371   68.70830  118  260   78.11550   68.70830  12.0%   131   60s
  1925  1869   77.67903   16  255   78.11550   68.91535  11.8%   123   65s
H 2066  1945                      78.0148522   68.93197  11.6%   129   71s
  2069  1947   75.06542   21   68   78.01485   68.93197  11.6%   129   76s
  2072  1949   69.72334   28   81   78.01485   68.93197  11.6%   129   84s
  2073  1950   77.07323   90  159   78.01485   68.93197  11.6%   129   87s
  2074  1951   77.06542   57   94   78.01485   68.93197  11.6%   129   94s
  2075  1951   77.42101   29  234   78.01485   68.93197  11.6%   129   97s
  2076  1952   69.66872   11  104   78.01485   68.93197  11.6%   129  105s
  2078  1953   75.06542   40  104   78.01485   68.93197  11.6%   129  110s
  2081  1960   68.93197   13  231   78.01485   68.93197  11.6%   147  121s
  2085  1964   69.07747   14  271   78.01485   68.93197  11.6%   150  125s
  2122  1994   71.60558   17  250   78.01485   68.93197  11.6%   166  130s
  2195  2029   74.91197   21  267   78.01485   68.93197  11.6%   183  138s
H 2202  1929                      77.9702106   68.93197  11.6%   192  138s
H 2241  1862                      77.9702105   68.93197  11.6%   195  146s
  2273  1898   69.05607   25  259   77.97021   68.93197  11.6%   200  151s
  2304  1904   69.00561   26  274   77.97021   68.93197  11.6%   207  163s
  2320  1915   71.45858   27  259   77.97021   68.93197  11.6%   209  172s
  2336  1954   74.13612   28  312   77.97021   68.93197  11.6%   211  179s
  2384  1985   69.48630   29  302   77.97021   68.93197  11.6%   211  180s
  2483  2058   68.98088   31  364   77.97021   68.98088  11.5%   209  186s
  2600  2127   69.28211   35  291   77.97021   69.08276  11.4%   205  191s
  2737  2226   70.35840   39  303   77.97021   69.11483  11.4%   200  195s
  2838  2262   69.18509   52  336   77.97021   69.14445  11.3%   198  205s
  2901  2297   69.24100   56  325   77.97021   69.24100  11.2%   196  210s
  3056  2428 infeasible   61        77.97021   69.28235  11.1%   192  219s
  3161  2460     cutoff   65        77.97021   69.28249  11.1%   189  226s
  3239  2571   69.28572   70  251   77.97021   69.28572  11.1%   187  230s
  3943  3115   69.45357   91  236   77.97021   69.35540  11.0%   163  235s
  4933  3703     cutoff   39        77.97021   69.38321  11.0%   140  240s
  5170  3742     cutoff   39        77.97021   69.39471  11.0%   136  245s
  6049  4543   77.79027   28  267   77.97021   69.42925  11.0%   125  251s
  6608  4981   69.88864   27  235   77.97021   69.44949  10.9%   119  256s
  7542  5170   72.58062   43  201   77.97021   69.45591  10.9%   110  264s
  7635  5524   69.52032   72  217   77.97021   69.46954  10.9%   110  267s
  8187  6024   70.08471   33  283   77.97021   69.49283  10.9%   107  270s
  9535  7650   77.84700   36  235   77.97021   69.51514  10.8%  98.5  277s
 10649  8493   69.64070   45  144   77.97021   69.52584  10.8%  91.8  280s
 11577  9682   69.60942   49  180   77.97021   69.53697  10.8%  87.7  287s
 13461 10804     cutoff   28        77.97021   69.55083  10.8%  80.2  293s
 13753 11264   69.62212   38  240   77.97021   69.55438  10.8%  80.2  297s
 14231 12167     cutoff   49        77.97021   69.55776  10.8%  78.9  300s
 15198 12565   70.29373   38  275   77.97021   69.56128  10.8%  76.3  305s
 15619 12572   69.69509   37  235   77.97021   69.56808  10.8%  75.7  320s
 16205 13618     cutoff   47        77.97021   69.57756  10.8%  74.8  328s
 16758 13938     cutoff   96        77.97021   69.58085  10.8%  74.1  333s
 17157 14317   69.67345   32  189   77.97021   69.58787  10.8%  73.9  339s
 17562 14782   70.19898   38  185   77.97021   69.59284  10.7%  73.8  344s
 18052 15327   70.43694   31  243   77.97021   69.59597  10.7%  73.3  350s
 19892 17316   70.29946   37  230   77.97021   69.60607  10.7%  70.8  357s
 20952 18379   69.68454   37  163   77.97021   69.61270  10.7%  69.3  367s
 22155 19406   70.51593   39  170   77.97021   69.61845  10.7%  68.2  372s
 23506 20462   69.65891   45  168   77.97021   69.62218  10.7%  66.5  378s
 24718 21215   70.19917   44  243   77.97021   69.63002  10.7%  65.4  383s
 25537 22272   69.68491   34  129   77.97021   69.63663  10.7%  65.0  391s
 26696 23734   69.78464   45  146   77.97021   69.64337  10.7%  63.9  398s
 28271 25085   69.77714   34   92   77.97021   69.65039  10.7%  62.5  403s
 29745 25743   69.80284   40  154   77.97021   69.65722  10.7%  61.4  410s
 30482 26884   69.86942   46  240   77.97021   69.66084  10.7%  61.3  417s
 31660 27825   69.76859   51  266   77.97021   69.66510  10.7%  60.5  423s
 32699 28677   70.22662   37  298   77.97021   69.67183  10.6%  60.2  430s
 33591 29326   69.67470   61   37   77.97021   69.67470  10.6%  60.0  435s
 34374 30223   70.49281   37  158   77.97021   69.68028  10.6%  59.5  444s
 35386 32447   69.99046   41  166   77.97021   69.68630  10.6%  59.3  452s
 37837 33307   70.09258   47  117   77.97021   69.69434  10.6%  57.8  462s
 38784 35421   72.59401   53  210   77.97021   69.69707  10.6%  57.8  467s
 41117 36212   69.84041   30  177   77.97021   69.70402  10.6%  56.7  474s
 41958 38917   69.79465   34  161   77.97021   69.70741  10.6%  56.7  488s
 44887 39918   69.77649   44  118   77.97021   69.71517  10.6%  55.8  498s
 45988 40853     cutoff   33        77.97021   69.71997  10.6%  55.7  508s
 47076 43838   69.80807   31  168   77.97021   69.72504  10.6%  55.8  516s
 50356 44779   69.77783   55   87   77.97021   69.73092  10.6%  54.5  526s
 51429 46061   69.82543   31  268   77.97021   69.73368  10.6%  54.5  538s
 52861 47048   70.07066   30  216   77.97021   69.73746  10.6%  54.3  547s
 54028 47592   70.66679   46  232   77.97021   69.74097  10.6%  54.4  555s
 54622 48540     cutoff   52        77.97021   69.74241  10.6%  54.4  565s
 55667 51320   70.52308   31  164   77.97021   69.74569  10.5%  54.5  575s
 58792 52410   70.51923   64   53   77.97021   69.75128  10.5%  53.6  585s
 59972 55232   69.79139   38  150   77.97021   69.75356  10.5%  53.5  593s
 63189 55835   69.83127   31  154   77.97021   69.75813  10.5%  52.5  622s
 63892 60613     cutoff   46        77.97021   69.76147  10.5%  52.4  660s
 69297 65162     cutoff   39        77.97021   69.77285  10.5%  52.0  672s
 74575 67245   70.51610   82   82   77.97021   69.78194  10.5%  50.6  682s
 76888 69962   69.89760   38  112   77.97021   69.78595  10.5%  50.1  694s
 79792 72295   70.79956   51  125   77.97021   69.78991  10.5%  49.5  703s
 82339 73706   70.50151   32  257   77.97021   69.79326  10.5%  49.0  711s
 83844 74898   69.82365   35  144   77.97021   69.79593  10.5%  48.7  725s
 85208 79316   70.23564   66   87   77.97021   69.79970  10.5%  48.8  742s
 90020 80111   70.18830   37   94   77.97021   69.80600  10.5%  47.9  751s
 90896 81970   70.55189   65  208   77.97021   69.80927  10.5%  47.9  759s
 93018 82782     cutoff   59        77.97021   69.81149  10.5%  47.6  767s
 93920 85127   69.98222   40   69   77.97021   69.81342  10.5%  47.6  774s
 94526 85127   69.89535   36  168   77.97021   69.81375  10.5%  47.5  775s
 96376 85805   69.82505   45  170   77.97021   69.81589  10.5%  47.3  782s
 97131 86745   69.90839   35  159   77.97021   69.81822  10.5%  47.3  790s
 98164 89289   69.99647   49   63   77.97021   69.82009  10.5%  47.4  800s
 100859 90471   70.37117   67   74   77.97021   69.82295  10.4%  47.0  810s
 102147 93000   70.63962   44  204   77.97021   69.82509  10.4%  46.9  817s
 104833 94459   70.79341   60   76   77.97021   69.82839  10.4%  46.6  831s
 106492 98111   69.93026   65   24   77.97021   69.83163  10.4%  46.6  845s
 110426 99061   69.95435   37  130   77.97021   69.83382  10.4%  46.0  853s
 111486 100416   70.03760   40   98   77.97021   69.83637  10.4%  46.0  862s
 113204 101159   69.90823   47  122   77.97021   69.83845  10.4%  45.8  874s
 114034 103592   70.01937   80   60   77.97021   69.84018  10.4%  45.9  884s
 116810 104377   69.84334   40  111   77.97021   69.84255  10.4%  45.6  895s
 117670 106306   70.41060   69  106   77.97021   69.84414  10.4%  45.7  903s
 120212 108596   69.94578   37  259   77.97021   69.84748  10.4%  45.5  912s
 122767 109324   69.97610   47  102   77.97021   69.84965  10.4%  45.2  920s
 123598 111415   70.17175   33  133   77.97021   69.85245  10.4%  45.2  927s
 125865 112600   69.89391   65  239   77.97021   69.85506  10.4%  45.0  939s
 127202 116524   69.94276   47  169   77.97021   69.85670  10.4%  45.1  954s
 131794 117306   70.15060   52   67   77.97021   69.86021  10.4%  44.7  964s
 132651 119944   69.88260   51  258   77.97021   69.86202  10.4%  44.7  971s
 135461 120796   70.05469   34  153   77.97021   69.86499  10.4%  44.5  978s
 136418 122459   69.98086   50  213   77.97021   69.86707  10.4%  44.5  985s
 138582 124851   70.00972   35  122   77.97021   69.86876  10.4%  44.4  993s
 141193 125772   69.92507   29  209   77.97021   69.87146  10.4%  44.2 1001s
 142196 128031   69.93063   57  161   77.97021   69.87302  10.4%  44.2 1009s
 144628 128993   69.91640   99   20   77.97021   69.87612  10.4%  44.0 1015s
 145825 129882   69.97840   39  140   77.97021   69.87793  10.4%  43.9 1023s
 146816 133944   70.58905   37  143   77.97021   69.87961  10.4%  43.9 1036s
 151298 134388   70.04353   52  111   77.97021   69.88421  10.4%  43.5 1042s
 151787 135895   69.94949   39  106   77.97021   69.88557  10.4%  43.5 1047s
 153457 136375   70.78537   30  180   77.97021   69.88740  10.4%  43.4 1053s
 154036 138011   70.09515   65   75   77.97021   69.88873  10.4%  43.5 1059s
 155855 138804   69.98483   71   40   77.97021   69.89038  10.4%  43.4 1065s
 156715 140562   70.24115   44  195   77.97021   69.89251  10.4%  43.4 1072s
 158800 142211   70.00119   43  155   77.97021   69.89418  10.4%  43.2 1078s
 160667 142998   70.04587   48  287   77.97021   69.89602  10.4%  43.1 1085s
 161537 144855   69.96205   29  133   77.97021   69.89719  10.4%  43.2 1092s
 163641 146739   69.92426   93   44   77.97021   69.89900  10.4%  43.0 1098s
 165766 147350   69.98040   56   74   77.97021   69.90186  10.3%  42.9 1106s
 166464 149220   69.98117   38  175   77.97021   69.90308  10.3%  42.9 1114s
 168505 153066   69.94801   48  123   77.97021   69.90539  10.3%  42.8 1124s
 171499 153066 infeasible   70        77.97021   69.90563  10.3%  42.6 1125s
 172664 153667   69.90884   48   99   77.97021   69.90811  10.3%  42.5 1130s
 173300 154281   69.91685   36  102   77.97021   69.90945  10.3%  42.5 1138s
 174020 156270   70.19277   48  184   77.97021   69.91081  10.3%  42.6 1146s
 176260 156835   70.03696   48  131   77.97021   69.91242  10.3%  42.5 1152s
 176876 158385   69.94786   37  106   77.97021   69.91372  10.3%  42.5 1159s
 178492 158385   69.93702   39  154   77.97021   69.91482  10.3%  42.5 1160s
 178621 158922   70.09483   61  123   77.97021   69.91578  10.3%  42.5 1170s
 179263 160559   70.40897   42  294   77.97021   69.91724  10.3%  42.6 1177s
 181055 161426   70.19489   37  126   77.97021   69.91845  10.3%  42.5 1184s
 182009 163554   70.09935   43  150   77.97021   69.92008  10.3%  42.5 1192s
 184379 164305   70.02410   50  198   77.97021   69.92215  10.3%  42.4 1201s
 185243 166718   70.79790   47  112   77.97021   69.92313  10.3%  42.5 1209s
 187810 167610   70.94397   30  214   77.97021   69.92560  10.3%  42.3 1216s
 188798 169984   70.41071   60   50   77.97021   69.92678  10.3%  42.4 1223s
 191599 171528   69.96449   34  192   77.97021   69.92973  10.3%  42.2 1236s
 193337 174600   70.07212   62   57   77.97021   69.93160  10.3%  42.3 1249s
 196953 175350   72.37809   58  144   77.97021   69.93541  10.3%  42.1 1259s
 197795 177684   69.95496   32  140   77.97021   69.93730  10.3%  42.1 1266s
 200384 178302 infeasible   62        77.97021   69.93909  10.3%  42.0 1274s
 201077 180409   70.00490   45  106   77.97021   69.94008  10.3%  42.0 1281s
 203464 181054   70.00792   45  152   77.97021   69.94218  10.3%  42.0 1292s
 204178 182540   70.13804   33  187   77.97021   69.94381  10.3%  42.0 1301s
 205986 183307   70.04839   32  189   77.97021   69.94601  10.3%  42.0 1308s
 206851 185573   70.47713   42  112   77.97021   69.94704  10.3%  42.0 1320s
 209418 186745   69.98426   47  133   77.97021   69.94969  10.3%  41.9 1329s
 210705 188550   70.94860   74  183   77.97021   69.95108  10.3%  41.9 1340s
 212888 189802   70.04767   34  159   77.97021   69.95298  10.3%  41.9 1353s
 214262 193408   70.10125   53  112   77.97021   69.95524  10.3%  42.0 1374s
 218417 194166   70.03982   44  199   77.97021   69.95775  10.3%  41.8 1387s
 219275 196921     cutoff   67        77.97021   69.95921  10.3%  41.9 1397s
 222326 197821   70.58564   62  106   77.97021   69.96158  10.3%  41.8 1408s
 223322 200426   70.74595   38  188   77.97021   69.96328  10.3%  41.8 1421s
 226152 201209   70.86287   43  122   77.97021   69.96537  10.3%  41.7 1432s
 227019 203738     cutoff   72        77.97021   69.96695  10.3%  41.8 1441s
 229911 204382   70.16397   51  104   77.97021   69.96858  10.3%  41.6 1450s
 230643 206665   70.68167   45  211   77.97021   69.96969  10.3%  41.7 1460s
 233186 207980   70.07414   43  116   77.97021   69.97125  10.3%  41.6 1471s
 234602 211134   70.21197   44  167   77.97021   69.97268  10.3%  41.6 1486s
 238031 212905   70.23268   52   94   77.97021   69.97506  10.3%  41.5 1492s
 240066 213554   70.73947   46  285   77.97021   69.97697  10.3%  41.4 1500s
 240803 215483   70.37748   40  130   77.97021   69.97863  10.2%  41.5 1509s
 243015 216280   70.14741   38  165   77.97021   69.98019  10.2%  41.4 1516s
 243908 217916   70.59150   41  350   77.97021   69.98108  10.2%  41.4 1523s
 245702 219765   70.79413   39  164   77.97021   69.98233  10.2%  41.4 1531s
 247767 220783   69.98574   79   22   77.97021   69.98377  10.2%  41.3 1539s
 248886 223023   70.05608   50  108   77.97021   69.98480  10.2%  41.3 1548s
 251426 225042   70.30756   37  257   77.97021   69.98723  10.2%  41.2 1555s
 253625 225866   70.09396   39  201   77.97021   69.98900  10.2%  41.2 1564s
 254555 228096   69.99004   98   36   77.97021   69.98994  10.2%  41.2 1572s
 256964 229510   70.89606   52  125   77.97021   69.99193  10.2%  41.1 1589s
 258560 231247   70.70564   51  195   77.97021   69.99313  10.2%  41.1 1605s
 260497 235233   70.06752   66   90   77.97021   69.99495  10.2%  41.2 1623s
 265030 236222   70.02490   38  180   77.97021   69.99759  10.2%  41.0 1635s
 266175 239056   70.13575   54   89   77.97021   69.99893  10.2%  41.1 1648s
 269272 240049     cutoff   70        77.97021   70.00066  10.2%  41.0 1661s
 270377 242166   70.07526   85   85   77.97021   70.00249  10.2%  41.0 1670s
 272820 244246   70.27849   52  138   77.97021   70.00390  10.2%  41.0 1677s
 275163 245274   70.01326   41   88   77.97021   70.00626  10.2%  41.0 1688s
 276261 247173   70.48115   49  259   77.97021   70.00762  10.2%  41.0 1697s
 278345 250009   70.81096   32  188   77.97021   70.00934  10.2%  41.0 1713s
 281468 250641   70.10298   57   54   77.97021   70.01178  10.2%  40.9 1721s
 282194 252874   70.11754   49   91   77.97021   70.01298  10.2%  40.9 1730s
 284646 253658   70.06403   58   96   77.97021   70.01439  10.2%  40.9 1737s
 285525 255431   70.60880   56  103   77.97021   70.01523  10.2%  40.9 1746s
 287580 257539 infeasible   48        77.97021   70.01731  10.2%  40.9 1755s
 290003 258531   70.11275   70   68   77.97021   70.01906  10.2%  40.8 1765s
 291119 260663   70.12556   65   83   77.97021   70.02028  10.2%  40.9 1773s
 293521 263013 infeasible   75        77.97021   70.02159  10.2%  40.8 1783s
 296183 263940   70.41189   82  129   77.97021   70.02385  10.2%  40.7 1792s
 297210 266729   70.15752   41  122   77.97021   70.02474  10.2%  40.8 1801s
 300209 267725   72.37949   56  216   77.97021   70.02643  10.2%  40.7 1816s
 301365 272883   70.27887   69  187   77.97021   70.02737  10.2%  40.7 1835s
 306934 273706   71.02510   38  233   77.97021   70.03051  10.2%  40.6 1844s
 307874 274752   70.22501   40  200   77.97021   70.03184  10.2%  40.7 1854s
 309001 276988   70.33479   30  168   77.97021   70.03296  10.2%  40.7 1863s
 311664 279055   70.22845   39  191   77.97021   70.03454  10.2%  40.7 1874s
 314119 279964   70.55102   58  149   77.97021   70.03585  10.2%  40.6 1884s
 315141 282475   70.16242   45  161   77.97021   70.03693  10.2%  40.6 1892s
 317912 283689 infeasible   57        77.97021   70.03826  10.2%  40.6 1905s
 319374 284614   70.23199   33  228   77.97021   70.03972  10.2%  40.5 1917s
 320418 286957   70.51703   65   40   77.97021   70.04063  10.2%  40.6 1927s
 322963 288657   70.14933   33  166   77.97021   70.04230  10.2%  40.5 1942s
 324840 291830     cutoff   63        77.97021   70.04360  10.2%  40.6 1950s
 328354 293826   70.23672   49   83   77.97021   70.04547  10.2%  40.5 1958s
 330571 294929   70.13599   43   82   77.97021   70.04788  10.2%  40.4 1966s
 331786 297278   70.83112   52   68   77.97021   70.04889  10.2%  40.5 1974s
 334335 299489   70.05059   55   49   77.97021   70.05059  10.2%  40.4 1981s
 336784 300343   70.94079   37  138   77.97021   70.05226  10.2%  40.4 1990s
 337806 302602   70.08895   39  127   77.97021   70.05312  10.2%  40.4 1999s
 340289 303577   71.31560   53  133   77.97021   70.05453  10.2%  40.3 2010s
 341445 306030   70.23472   68   65   77.97021   70.05606  10.2%  40.4 2021s
 344160 307306   70.36371   39  132   77.97021   70.05753  10.1%  40.3 2033s
 345587 310270   70.37987   46  129   77.97021   70.05906  10.1%  40.3 2049s
 348915 313669   70.97749   36  151   77.97021   70.06070  10.1%  40.3 2059s
 352676 314722   70.21682   35  134   77.97021   70.06265  10.1%  40.2 2067s
 353863 316771   70.15070   30  208   77.97021   70.06418  10.1%  40.2 2077s
 356177 319432   70.84234   37  168   77.97021   70.06549  10.1%  40.2 2084s
 357919 319432   70.13328   57   39   77.97021   70.06582  10.1%  40.2 2085s
 359165 320344   71.16638   45  246   77.97021   70.06708  10.1%  40.1 2095s
 360204 322817   70.31285   35  138   77.97021   70.06765  10.1%  40.2 2103s
 362965 323957   70.16137   38   94   77.97021   70.06945  10.1%  40.1 2115s
 364238 326346   70.11270   35  155   77.97021   70.07021  10.1%  40.1 2124s
 366199 326346   70.28815   46  103   77.97021   70.07080  10.1%  40.1 2125s
 366872 328804   70.09991   35  151   77.97021   70.07178  10.1%  40.1 2139s
 369769 329648   71.67892   46  243   77.97021   70.07364  10.1%  40.0 2146s
 370702 331636   71.23459   42  171   77.97021   70.07484  10.1%  40.1 2155s
 373195 332547   70.22113   59   26   77.97021   70.07598  10.1%  40.1 2164s
 374230 334982   70.77522   37  114   77.97021   70.07716  10.1%  40.1 2174s
 376917 335927   70.09546   31  142   77.97021   70.07806  10.1%  40.0 2183s
 378033 337635   70.37001   44  160   77.97021   70.07928  10.1%  40.1 2193s
 379938 338592   71.05120   35  267   77.97021   70.08134  10.1%  40.1 2208s
 381064 341047     cutoff   46        77.97021   70.08213  10.1%  40.1 2221s
 383697 341831   70.72187   43  262   77.97021   70.08379  10.1%  40.1 2232s
 384660 344142   70.29330   53   92   77.97021   70.08473  10.1%  40.1 2244s
 387317 345459   70.28211   61  186   77.97021   70.08602  10.1%  40.1 2256s
 388744 349371   71.62731   60  176   77.97021   70.08707  10.1%  40.1 2270s
 393071 350524   70.24458   38  261   77.97021   70.08955  10.1%  40.1 2281s
 394333 352358   70.81848   42  134   77.97021   70.09063  10.1%  40.1 2291s
 396341 354300   70.72585   43  133   77.97021   70.09143  10.1%  40.1 2301s
 398709 355320   70.82465   46  143   77.97021   70.09312  10.1%  40.1 2315s
 399841 357987   70.44364   51  162   77.97021   70.09410  10.1%  40.1 2325s
 402833 359134   70.77541   36  178   77.97021   70.09573  10.1%  40.1 2336s
 404092 361707   70.72176   55   95   77.97021   70.09721  10.1%  40.1 2346s
 406957 363756   70.55907   39  114   77.97021   70.09867  10.1%  40.1 2358s
 409427 364933   70.42052   80  159   77.97021   70.10008  10.1%  40.1 2374s
 410757 369495   70.70337   38  158   77.97021   70.10115  10.1%  40.1 2393s
 415803 369847   70.96004   58  139   77.97021   70.10343  10.1%  40.1 2407s
 416190 370921   71.05148   59  184   77.97021   70.10407  10.1%  40.1 2419s
 417429 373326   70.31372   45  183   77.97021   70.10496  10.1%  40.1 2429s
 420170 374087   70.53406   52  122   77.97021   70.10604  10.1%  40.1 2441s
 421068 377329   70.52753   48   82   77.97021   70.10714  10.1%  40.2 2455s
 424601 378284   70.24715   45  116   77.97021   70.10877  10.1%  40.1 2469s
 425622 378284   70.56737   52  173   77.97021   70.10982  10.1%  40.1 2470s
 425663 379760   70.25516   46  175   77.97021   70.10985  10.1%  40.1 2483s
 427341 380871   70.21882   60  110   77.97021   70.11049  10.1%  40.2 2495s
 428596 383453   70.76173   42  146   77.97021   70.11152  10.1%  40.2 2508s
 431592 385154   71.69186   79   70   77.97021   70.11322  10.1%  40.2 2525s
 433409 386944   70.61458   48  141   77.97021   70.11416  10.1%  40.2 2540s
 435443 388544   70.49452   61   83   77.97021   70.11506  10.1%  40.3 2561s
 437197 392121   70.37890   30  200   77.97021   70.11647  10.1%  40.3 2579s
 441294 393145   70.60714   56   91   77.97021   70.11806  10.1%  40.3 2593s
 442429 396100 infeasible   74        77.97021   70.11904  10.1%  40.3 2605s
 445782 397269   70.16501   52  108   77.97021   70.12086  10.1%  40.3 2618s
 447124 400090   70.42575   35  122   77.97021   70.12226  10.1%  40.3 2630s
 450172 401957 infeasible   70        77.97021   70.12376  10.1%  40.3 2645s
 452253 403100 infeasible   40        77.97021   70.12513  10.1%  40.3 2659s
 453529 403900     cutoff   38        77.97021   70.12629  10.1%  40.3 2722s
H453532 403900                      77.9702101   70.12632  10.1%  40.3 2723s
 454470 407738   70.28864   48   96   77.97021   70.12666  10.1%  40.3 2765s
 458800 412963   70.21204   43   95   77.97021   70.12916  10.1%  40.4 2791s
 464644 415998   70.42689   82  189   77.97021   70.13182  10.1%  40.3 2811s
 467942 417510 infeasible   60        77.97021   70.13381  10.1%  40.3 2825s
 469583 420402   70.43380   41  134   77.97021   70.13482  10.0%  40.3 2842s
 472874 423733   70.17614   48  213   77.97021   70.13645  10.0%  40.3 2859s
 476546 424538   70.38927   38  182   77.97021   70.13829  10.0%  40.3 2868s
 477444 426437   70.17748   33  210   77.97021   70.13964  10.0%  40.3 2877s
 479602 427130   70.22247   49  143   77.97021   70.14022  10.0%  40.2 2887s
 480405 429306   70.21906   40  159   77.97021   70.14093  10.0%  40.3 2896s
 482948 430200   70.55939   41  132   77.97021   70.14208  10.0%  40.2 2906s
 483972 432716   70.75798   56  226   77.97021   70.14291  10.0%  40.3 2919s
 486825 433819   70.96407   48  163   77.97021   70.14462  10.0%  40.2 2932s
 488039 435923 infeasible   85        77.97021   70.14532  10.0%  40.3 2944s
 490574 438065   70.22250   55  136   77.97021   70.14644  10.0%  40.3 2955s
 492957 439009   70.16618   38  121   77.97021   70.14751  10.0%  40.2 2966s
 494017 441832   70.49993   36  159   77.97021   70.14858  10.0%  40.3 2979s
 496417 441832   70.26464   42  225   77.97021   70.14896  10.0%  40.3 2980s
 497257 442679   70.30927   46  149   77.97021   70.14965  10.0%  40.3 2991s
 498251 445256   70.33065   40  161   77.97021   70.15049  10.0%  40.3 3002s
 501178 446351     cutoff   48        77.97021   70.15212  10.0%  40.3 3014s
 502410 448121   70.43928   39  137   77.97021   70.15288  10.0%  40.3 3026s
 504459 449906   70.29077   65   80   77.97021   70.15345  10.0%  40.3 3038s
 506445 451093   70.28566   29  226   77.97021   70.15463  10.0%  40.3 3052s
 507773 453972     cutoff   44        77.97021   70.15526  10.0%  40.3 3064s
 510967 455119   70.61342   47  150   77.97021   70.15678  10.0%  40.3 3078s
 512270 457490   70.32596   26  259   77.97021   70.15799  10.0%  40.3 3090s
 515042 459940   70.28111   46  168   77.97021   70.15923  10.0%  40.3 3104s
 517819 461179   70.27106   43  205   77.97021   70.16093  10.0%  40.3 3116s
 519167 463837   70.31064   44  177   77.97021   70.16180  10.0%  40.3 3130s
 522221 464917   70.51760   36  153   77.97021   70.16314  10.0%  40.3 3143s
 523480 467185   70.96462   37  114   77.97021   70.16387  10.0%  40.3 3154s
 526137 468017     cutoff   35        77.97021   70.16498  10.0%  40.3 3168s
 527060 470829   70.52928   37  150   77.97021   70.16619  10.0%  40.3 3181s
 530145 471971   70.56926   39  124   77.97021   70.16745  10.0%  40.3 3195s
 531403 474514   70.40062   43  108   77.97021   70.16856  10.0%  40.3 3208s
 534291 475696   70.34802   54  244   77.97021   70.16983  10.0%  40.3 3221s
 535634 478804     cutoff  100        77.97021   70.17069  10.0%  40.3 3237s
 539085 480491   70.33206   41  162   77.97021   70.17177  10.0%  40.3 3246s
 541053 481321   70.51828   52   99   77.97021   70.17362  10.0%  40.3 3257s
 541981 482939   72.75846   85   82   77.97021   70.17470  10.0%  40.3 3267s
 544153 483874   70.41546   49  110   77.97021   70.17577  10.0%  40.3 3279s
 545187 485998 infeasible   45        77.97021   70.17624  10.0%  40.3 3293s
 547597 488329   70.77588   35  131   77.97021   70.17731  10.0%  40.3 3305s
 550152 489060   70.66285   71  128   77.97021   70.17873  10.0%  40.3 3318s
 551013 490963   70.36852   57  135   77.97021   70.17958  10.0%  40.3 3331s
 553328 492151   71.17262   37  174   77.97021   70.18059  10.0%  40.3 3345s
 554654 494751   70.65946   89   73   77.97021   70.18129  10.0%  40.3 3358s
 557601 496389   70.32921   46  121   77.97021   70.18283  10.0%  40.3 3373s
 559441 499824   70.47391   46  146   77.97021   70.18344  10.0%  40.3 3391s
 563368 500926   70.94887   42  135   77.97021   70.18456  10.0%  40.3 3403s
 564605 504018   70.30560   42  186   77.97021   70.18603  10.0%  40.3 3418s
 568025 505473     cutoff   49        77.97021   70.18745  10.0%  40.2 3428s
 569624 508239   70.28882   56   92   77.97021   70.18834  10.0%  40.2 3442s
 572744 509303   70.30594   30  199   77.97021   70.18983  10.0%  40.2 3454s
 573357 509303   70.21220   45   90   77.97021   70.19005  10.0%  40.2 3455s
 573901 511764   70.80765   36  138   77.97021   70.19034  10.0%  40.2 3469s
 576734 512913 infeasible   69        77.97021   70.19140  10.0%  40.2 3485s
 578064 515872   70.46642   37  150   77.97021   70.19250  10.0%  40.2 3503s
 581317 518175   70.31797   35  153   77.97021   70.19407  10.0%  40.2 3514s
 583829 519177   70.27370   45   89   77.97021   70.19527  10.0%  40.2 3524s
 584924 521705   70.31963   51  164   77.97021   70.19591  10.0%  40.2 3536s
 587697 524019   70.30730   47   82   77.97021   70.19690  10.0%  40.2 3549s
 590279 524931   70.42213   58   88   77.97021   70.19812  10.0%  40.1 3564s
 591338 527186   70.27294   40  162   77.97021   70.19922  10.0%  40.1 3576s
 593966 528122   70.42397   34  202   77.97021   70.20012  10.0%  40.1 3588s
 595084 530032   70.51640   57   89   77.97021   70.20087  10.0%  40.2 3600s
 597240 531221   70.37514   48  126   77.97021   70.20160  10.0%  40.1 3612s
 598607 534263   70.45153   40  162   77.97021   70.20249  10.0%  40.1 3627s
 602229 535064   70.32198   39  218   77.97021   70.20412  10.0%  40.1 3638s
 603158 537123   70.38516   59  170   77.97021   70.20449  10.0%  40.1 3651s
 605512 538265   70.42959   37  170   77.97021   70.20570  10.0%  40.1 3663s
 606757 540829   70.37865   53  117   77.97021   70.20635  10.0%  40.1 3677s
 609542 543914   70.48107   43  176   77.97021   70.20755  10.0%  40.1 3689s
 611478 543914   70.31358   52  164   77.97021   70.20792  10.0%  40.1 3690s
 612886 544911   72.37285   77   73   77.97021   70.20865  10.0%  40.1 3701s
 613985 546448 infeasible   64        77.97021   70.20929  10.0%  40.1 3710s
 615870 547994   70.54421   55  126   77.97021   70.21052  10.0%  40.1 3722s
 617630 549101   70.55961   66  156   77.97021   70.21126  10.0%  40.1 3735s
 618888 552078   71.03349   38  206   77.97021   70.21203  10.0%  40.1 3746s
 622213 553255   70.45025   42   56   77.97021   70.21315  9.95%  40.1 3766s
 623569 558856   70.22106   56  153   77.97021   70.21406  9.95%  40.1 3787s
 629858 559809   70.96987   36  171   77.97021   70.21578  9.95%  40.1 3801s
 630915 560743   71.85926   36   97   77.97021   70.21731  9.94%  40.1 3813s
 632003 562871   70.70783   54  134   77.97021   70.21802  9.94%  40.1 3827s
 634376 565821   73.77955   90   51   77.97021   70.21885  9.94%  40.1 3840s
 637659 566803     cutoff   48        77.97021   70.22019  9.94%  40.1 3853s
 638790 569465   70.52625   38  159   77.97021   70.22088  9.94%  40.1 3865s
 641832 570765     cutoff   53        77.97021   70.22173  9.94%  40.1 3878s
 643302 573679 infeasible  113        77.97021   70.22279  9.94%  40.1 3895s
 646623 575042     cutoff   49        77.97021   70.22375  9.94%  40.1 3907s
 648146 577760   70.99231   59  123   77.97021   70.22494  9.93%  40.1 3916s
 651157 578829   70.50585   62  134   77.97021   70.22576  9.93%  40.1 3925s
 652370 581564   71.12442   43   95   77.97021   70.22671  9.93%  40.1 3939s
 655413 582664   70.36269   54  127   77.97021   70.22742  9.93%  40.0 3950s
 656685 585337   70.40546   50  112   77.97021   70.22815  9.93%  40.1 3961s
 659790 587502   70.38038   47  155   77.97021   70.22912  9.93%  40.0 3974s
 662246 588664   73.67953  100   96   77.97021   70.23012  9.93%  40.0 3986s
 663551 591245   70.31457   48  105   77.97021   70.23072  9.93%  40.0 3997s
 666439 591848 infeasible   69        77.97021   70.23184  9.92%  40.0 4012s
H666593 591848                      77.9702096   70.23199  9.92%  40.0 4013s
 667107 598140   70.63082   45  149   77.97021   70.23233  9.92%  40.0 4061s
 674407 599769   70.98005   52  106   77.97021   70.23492  9.92%  40.1 4083s
 676203 603475   70.43466   49  119   77.97021   70.23550  9.92%  40.1 4101s
 680543 607149   70.36826   33  215   77.97021   70.23718  9.92%  40.1 4114s
 684653 608508   70.52046   41  183   77.97021   70.23940  9.92%  40.0 4127s
 686133 611416   70.94722   54  120   77.97021   70.24015  9.91%  40.0 4141s
 689405 612687     cutoff   52        77.97021   70.24149  9.91%  40.0 4155s
 690874 617399   71.83118   74  120   77.97021   70.24219  9.91%  40.1 4171s
 696225 618308   70.98609   87   62   77.97021   70.24410  9.91%  40.0 4185s
 697289 619790   70.84599   66  123   77.97021   70.24458  9.91%  40.1 4202s
 699004 622805   70.77579   88  174   77.97021   70.24560  9.91%  40.1 4216s
 702583 625325   70.78609   42  152   77.97021   70.24691  9.91%  40.1 4228s
 705457 626389   74.87035   63  171   77.97021   70.24826  9.90%  40.0 4239s
 706685 629249   73.35151   91   97   77.97021   70.24909  9.90%  40.1 4252s
 709903 631177   71.12050   34  186   77.97021   70.25036  9.90%  40.1 4270s
 712061 634129   70.34058   40  227   77.97021   70.25128  9.90%  40.1 4283s
 715392 636803     cutoff   58        77.97021   70.25248  9.90%  40.1 4296s
 718434 637978     cutoff   48        77.97021   70.25399  9.90%  40.1 4309s
 719828 640225 infeasible   52        77.97021   70.25501  9.90%  40.1 4320s
 722356 641469   70.25582   44  130   77.97021   70.25582  9.89%  40.1 4333s
 723797 644084   70.53107   42  130   77.97021   70.25683  9.89%  40.1 4345s
 726931 646093   70.42799   58   82   77.97021   70.25816  9.89%  40.1 4361s
 729381 647441 infeasible   36        77.97021   70.25867  9.89%  40.1 4377s
 730917 649829   71.66904   67  123   77.97021   70.25979  9.89%  40.1 4394s
 733740 652300   70.39874   43   86   77.97021   70.26076  9.89%  40.1 4406s
 736474 653307   70.83209   46   98   77.97021   70.26174  9.89%  40.1 4417s
 737637 655586   70.40642   62  181   77.97021   70.26230  9.89%  40.1 4428s
 740237 656813   70.36074   40  187   77.97021   70.26294  9.88%  40.1 4443s
 741579 659347 infeasible   46        77.97021   70.26378  9.88%  40.1 4457s
 744443 661733 infeasible   79        77.97021   70.26512  9.88%  40.1 4471s
 747158 663022   70.35245   43  122   77.97021   70.26590  9.88%  40.1 4482s
 748612 665738     cutoff   69        77.97021   70.26694  9.88%  40.1 4495s
 751671 668473   71.19430   45  191   77.97021   70.26805  9.88%  40.1 4511s
 754741 669507   71.78088   73  105   77.97021   70.26931  9.88%  40.1 4524s
 755912 672384   70.31712   54   64   77.97021   70.27007  9.88%  40.1 4536s
 759111 673941   70.60957   40  144   77.97021   70.27114  9.87%  40.1 4550s
 760822 675771   70.63035   49  106   77.97021   70.27168  9.87%  40.1 4564s
 763010 677080   70.45616   45  126   77.97021   70.27266  9.87%  40.1 4579s
 764522 679646   70.32132   43  182   77.97021   70.27365  9.87%  40.1 4591s
 767477 681951   71.09663   63  129   77.97021   70.27468  9.87%  40.1 4604s
 767812 681951   70.82895   48  164   77.97021   70.27485  9.87%  40.1 4605s
 770279 683249   70.76854   38  151   77.97021   70.27590  9.87%  40.1 4617s
 771775 685578     cutoff   90        77.97021   70.27649  9.87%  40.1 4630s
 774464 688042   74.61997   94   64   77.97021   70.27779  9.87%  40.1 4646s
 777300 689387   70.33326   58  122   77.97021   70.27878  9.86%  40.1 4659s
 778829 692358   70.38842   42  134   77.97021   70.27957  9.86%  40.2 4672s
 782143 694408   71.52701   69  126   77.97021   70.28080  9.86%  40.1 4683s
 784515 695451   70.40713   45   67   77.97021   70.28194  9.86%  40.1 4696s
 785690 697893   70.36791   41  194   77.97021   70.28258  9.86%  40.2 4709s
 788424 699028   74.93402   46  113   77.97021   70.28349  9.86%  40.2 4721s
 789737 701548   70.39460   41  204   77.97021   70.28425  9.86%  40.2 4733s
 792837 703915   70.52510   52  127   77.97021   70.28523  9.86%  40.2 4744s
 795647 705163     cutoff   71        77.97021   70.28630  9.85%  40.2 4757s
 797093 709937   70.60667   64  202   77.97021   70.28696  9.85%  40.2 4781s
 802465 711056   71.11943   37  214   77.97021   70.28892  9.85%  40.2 4794s
 803395 711056   70.28926   45   74   77.97021   70.28926  9.85%  40.2 4795s
 803786 713506   70.56144   39  224   77.97021   70.28978  9.85%  40.2 4808s
 806678 715185   71.78627   53   49   77.97021   70.29081  9.85%  40.2 4820s
 808495 717086   70.38918   49   69   77.97021   70.29170  9.85%  40.2 4834s
 810627 720199   70.37494   59  108   77.97021   70.29221  9.85%  40.2 4847s
 814169 721492     cutoff   50        77.97021   70.29340  9.85%  40.2 4861s
 815688 724077   70.45663   41  111   77.97021   70.29398  9.85%  40.2 4873s
 818698 726772   70.39264   39  167   77.97021   70.29533  9.84%  40.2 4885s
 821779 727717   70.89806   46  151   77.97021   70.29635  9.84%  40.2 4898s
 822889 730654   70.43257   43   83   77.97021   70.29720  9.84%  40.2 4913s
 826161 731608   71.16601   42  150   77.97021   70.29805  9.84%  40.2 4926s
 827272 734241   70.54702   59  132   77.97021   70.29860  9.84%  40.2 4939s
 830327 735359   70.37602   45   67   77.97021   70.29953  9.84%  40.2 4953s
 831592 737568   70.55304   49  168   77.97021   70.30036  9.84%  40.2 4972s
 834135 738688   70.38423   43  151   77.97021   70.30099  9.84%  40.2 4986s
 835402 741432 infeasible   42        77.97021   70.30169  9.84%  40.2 4999s
 838455 742803   71.45440   55  117   77.97021   70.30295  9.83%  40.2 5015s
 840036 745707     cutoff   45        77.97021   70.30388  9.83%  40.2 5027s
 843343 746929 infeasible   94        77.97021   70.30455  9.83%  40.2 5038s
 844729 747990   74.10422   62  125   77.97021   70.30552  9.83%  40.2 5047s
 845969 750453   70.98058   53  148   77.97021   70.30623  9.83%  40.2 5058s
 848793 753358   70.44826   81   98   77.97021   70.30711  9.83%  40.2 5067s
 852085 754465   71.33822   49  176   77.97021   70.30814  9.83%  40.2 5077s
 853320 756738   70.41394   54  118   77.97021   70.30863  9.83%  40.2 5087s
 855904 758260     cutoff   80        77.97021   70.30966  9.82%  40.2 5097s
 857609 760369   77.10643   49  138   77.97021   70.31036  9.82%  40.2 5110s
 859990 761878   70.43421   42  183   77.97021   70.31114  9.82%  40.2 5122s
 861722 764572   70.50409   51  222   77.97021   70.31154  9.82%  40.2 5133s
 864811 766684   70.48292   32  173   77.97021   70.31263  9.82%  40.2 5143s
 867186 767781   70.71969   42  200   77.97021   70.31358  9.82%  40.2 5154s
 868437 770026     cutoff   58        77.97021   70.31404  9.82%  40.3 5162s
 870958 772700   70.45057   44   77   77.97021   70.31499  9.82%  40.3 5171s
 873886 773814   70.37629   67   52   77.97021   70.31577  9.82%  40.2 5180s
 875181 776094     cutoff   76        77.97021   70.31653  9.82%  40.3 5190s
 877866 778556   70.33166   68   80   77.97021   70.31734  9.82%  40.2 5200s
 880638 779565   70.46311   48  130   77.97021   70.31827  9.81%  40.2 5212s
 881739 782084   71.81300   57   60   77.97021   70.31871  9.81%  40.3 5223s
 884542 783643     cutoff   64        77.97021   70.31966  9.81%  40.2 5240s
 886270 787255 infeasible   99        77.97021   70.32024  9.81%  40.3 5257s
 890259 790059   70.43853   42  101   77.97021   70.32165  9.81%  40.3 5273s
 893342 791394   74.58096   63   41   77.97021   70.32268  9.81%  40.2 5284s
 894820 794297 infeasible   55        77.97021   70.32318  9.81%  40.3 5294s
 898078 796797   71.40993   40  115   77.97021   70.32383  9.81%  40.2 5304s
 900885 798269   70.60138   52   96   77.97021   70.32515  9.81%  40.2 5314s
 902497 800512   70.37290   38  219   77.97021   70.32574  9.80%  40.2 5323s
 905131 802579 infeasible   56        77.97021   70.32644  9.80%  40.2 5336s
 907469 804119   73.46410   52  137   77.97021   70.32705  9.80%  40.2 5348s
 909212 807272   70.89164  103   93   77.97021   70.32796  9.80%  40.3 5360s
 912750 810082   71.12086   78  178   77.97021   70.32899  9.80%  40.2 5373s
 915812 811449   71.39528   57  218   77.97021   70.33027  9.80%  40.2 5383s
 917348 814228 infeasible   51        77.97021   70.33087  9.80%  40.2 5394s
 920483 816486   70.90667   42  240   77.97021   70.33179  9.80%  40.2 5405s
 923042 817655   70.33261   59   96   77.97021   70.33261  9.80%  40.2 5416s
 924410 820492   71.18613   51  168   77.97021   70.33321  9.79%  40.3 5425s
 927533 821955   71.60586   44  151   77.97021   70.33461  9.79%  40.2 5440s
 929249 825874   70.57543   54  117   77.97021   70.33512  9.79%  40.3 5457s
 933668 827094   70.35153   49  126   77.97021   70.33628  9.79%  40.2 5469s
 935019 827094     cutoff   52        77.97021   70.33711  9.79%  40.3 5470s
 935097 829409   71.07630   91  161   77.97021   70.33719  9.79%  40.3 5482s
 937701 831088   70.95523   47  104   77.97021   70.33784  9.79%  40.3 5493s
 939616 833853   70.36255   51  104   77.97021   70.33866  9.79%  40.3 5506s
 942818 836400   70.82180   46  112   77.97021   70.33958  9.79%  40.3 5516s
 945772 838610     cutoff   40        77.97021   70.34064  9.79%  40.2 5527s
 948318 839929   70.67178   61  137   77.97021   70.34192  9.78%  40.2 5538s
 949871 843587     cutoff   64        77.97021   70.34257  9.78%  40.3 5555s
 954149 845116   70.54319   47   83   77.97021   70.34382  9.78%  40.3 5568s
 956003 848111 infeasible   92        77.97021   70.34501  9.78%  40.3 5580s
 959440 850753     cutoff   55        77.97021   70.34652  9.78%  40.3 5592s
 962429 852127   71.10312   56  106   77.97021   70.34732  9.78%  40.3 5600s
 964040 854710   74.52381   74   87   77.97021   70.34850  9.78%  40.3 5612s
 967134 856794   71.58529   57   89   77.97021   70.34932  9.77%  40.3 5628s
 969518 858030 infeasible   54        77.97021   70.35048  9.77%  40.3 5641s
 971030 862317     cutoff   62        77.97021   70.35187  9.77%  40.3 5655s
 975969 863692   70.75068   67   91   77.97021   70.35218  9.77%  40.3 5668s
 977598 866176   72.15464   57  185   77.97021   70.35404  9.77%  40.3 5679s
 980487 868395   70.55880   55  156   77.97021   70.35498  9.77%  40.3 5688s
 983063 869812     cutoff   44        77.97021   70.35590  9.77%  40.3 5697s
 984710 871924   71.20471   69  126   77.97021   70.35670  9.76%  40.3 5707s
 987113 874276 infeasible   51        77.97021   70.35753  9.76%  40.3 5715s
 989845 876726   70.65993   87  114   77.97021   70.35888  9.76%  40.3 5725s
 992707 878140     cutoff   65        77.97021   70.35959  9.76%  40.3 5736s
 994342 878977   75.46155   40  141   77.97021   70.36049  9.76%  40.3 5770s
 995342 882196 infeasible   52        77.97021   70.36083  9.76%  40.3 5798s
 999103 886253   76.24817   46  147   77.97021   70.36195  9.76%  40.3 5819s
 1003864 890058   70.84112   28  207   77.97021   70.36353  9.76%  40.3 5833s
 1008195 893690     cutoff   64        77.97021   70.36483  9.75%  40.3 5846s
 1012214 894974     cutoff   36        77.97021   70.36589  9.75%  40.3 5859s
 1013729 897749     cutoff   61        77.97021   70.36706  9.75%  40.3 5872s
 1016869 899046 infeasible   68        77.97021   70.36801  9.75%  40.3 5882s
 1018391 901491   70.52900   42  118   77.97021   70.36877  9.75%  40.3 5891s
 1021290 902625 infeasible   54        77.97021   70.36952  9.75%  40.3 5903s
 1022649 905015     cutoff   37        77.97021   70.37061  9.75%  40.3 5912s
 1025400 906962     cutoff   48        77.97021   70.37154  9.75%  40.3 5923s
 1027750 908041   70.73466   46   95   77.97021   70.37250  9.74%  40.3 5934s
 1029000 910212 infeasible   47        77.97021   70.37308  9.74%  40.3 5945s
 1031491 911497     cutoff   35        77.97021   70.37386  9.74%  40.3 5954s
 1033039 913877     cutoff   54        77.97021   70.37456  9.74%  40.3 5965s
 1035831 916724 infeasible   51        77.97021   70.37573  9.74%  40.3 5976s
 1039062 917895   70.37683   58  117   77.97021   70.37683  9.74%  40.3 5985s
 1040413 920313   70.60933   55  127   77.97021   70.37767  9.74%  40.3 5995s
 1043210 922521   70.65154   38  176   77.97021   70.37875  9.74%  40.3 6003s
 1045803 923229     cutoff   42        77.97021   70.38003  9.73%  40.3 6011s
 1046677 925830   74.62274   39  142   77.97021   70.38052  9.73%  40.3 6021s
 1049597 927223 infeasible   64        77.97021   70.38114  9.73%  40.3 6030s
 1051144 929665     cutoff   50        77.97021   70.38181  9.73%  40.3 6039s
 1053923 932027   70.99377   36  152   77.97021   70.38269  9.73%  40.3 6047s
 1056658 933520     cutoff   39        77.97021   70.38358  9.73%  40.3 6061s
 1058422 937453   71.79990   70  135   77.97021   70.38426  9.73%  40.3 6074s
 1062893 939855     cutoff   56        77.97021   70.38576  9.73%  40.3 6085s
 1065638 941137   70.81854   44  139   77.97021   70.38675  9.73%  40.3 6094s
 1067143 943697   70.67607   33  163   77.97021   70.38762  9.72%  40.3 6103s
 1070045 945790     cutoff   40        77.97021   70.38850  9.72%  40.3 6112s
 1072373 947767     cutoff   42        77.97021   70.38944  9.72%  40.3 6121s
 1074714 949012     cutoff   58        77.97021   70.38982  9.72%  40.3 6129s
 1076221 951534 infeasible   48        77.97021   70.39072  9.72%  40.3 6139s
 1079155 954141   70.75500   48  147   77.97021   70.39171  9.72%  40.3 6149s
 1082245 955268   70.39952   55  104   77.97021   70.39282  9.72%  40.3 6155s
 1083611 955674     cutoff   42        77.97021   70.39346  9.72%  40.3 6164s
 1085497 955898     cutoff   50        77.97021   70.39593  9.71%  40.3 6172s
 1086852 956080     cutoff   52        77.97021   70.39786  9.71%  40.3 6183s
 1088373 956441 infeasible   42        77.97021   70.40054  9.71%  40.4 6195s
 1090470 956362     cutoff   48        77.97021   70.40579  9.70%  40.4 6205s
 1092168 956915     cutoff   48        77.97021   70.41008  9.70%  40.4 6218s
 1094905 956968 infeasible   43        77.97021   70.41296  9.69%  40.5 6230s
 1096524 956688     cutoff   44        77.97021   70.41815  9.69%  40.5 6245s
 1098098 956869     cutoff   93        77.97021   70.42205  9.68%  40.6 6258s
 1100361 956949     cutoff   44        77.97021   70.42771  9.67%  40.6 6271s
 1102009 957738     cutoff   80        77.97021   70.43154  9.67%  40.6 6289s
 1105323 957624     cutoff   57        77.97021   70.43712  9.66%  40.7 6306s
 1107234 958000     cutoff   55        77.97021   70.44165  9.66%  40.7 6319s
 1109681 958541     cutoff   63        77.97021   70.44535  9.65%  40.8 6333s
 1112779 958773     cutoff   73        77.97021   70.45144  9.64%  40.8 6348s
 1115091 959213   70.80459   47  212   77.97021   70.45533  9.64%  40.9 6361s
 1117447 959424     cutoff   44        77.97021   70.45940  9.63%  40.9 6376s
 1119691 959546     cutoff   56        77.97021   70.46349  9.63%  40.9 6388s
 1121762 959919     cutoff   48        77.97021   70.46704  9.62%  41.0 6399s
 1124219 960281     cutoff   52        77.97021   70.47339  9.61%  41.0 6409s
 1125810 960813 infeasible   87        77.97021   70.47674  9.61%  41.0 6427s
 1128608 961195     cutoff   52        77.97021   70.48106  9.61%  41.1 6442s
 1131791 961603     cutoff   48        77.97021   70.48586  9.60%  41.1 6456s
 1133911 962211     cutoff   42        77.97021   70.49020  9.59%  41.2 6468s
 1136643 962358     cutoff   57        77.97021   70.49441  9.59%  41.2 6482s
 1138519 962897     cutoff   49        77.97021   70.49754  9.58%  41.3 6496s
 1140565 963450     cutoff   61        77.97021   70.50089  9.58%  41.3 6510s
 1143514 963492     cutoff   52        77.97021   70.50702  9.57%  41.3 6565s
 1144813 963733 infeasible   81        77.97021   70.50839  9.57%  41.4 6575s
 1145846 964640     cutoff   47        77.97021   70.51162  9.57%  41.4 6595s
 1149388 965998     cutoff   39        77.97021   70.51726  9.56%  41.4 6620s
 1153860 966629     cutoff   91        77.97021   70.52275  9.55%  41.5 6635s
 1155979 967642     cutoff   37        77.97021   70.52774  9.55%  41.5 6651s
 1159640 968111     cutoff   67        77.97021   70.53247  9.54%  41.6 6668s
 1162009 968917   70.75468   47  158   77.97021   70.53442  9.54%  41.6 6680s
 1164645 969511     cutoff   50        77.97021   70.54084  9.53%  41.6 6696s
 1166830 969849 infeasible   50        77.97021   70.54363  9.52%  41.7 6708s
 1168568 970843     cutoff   38        77.97021   70.54706  9.52%  41.7 6727s
 1172446 971567     cutoff   43        77.97021   70.55271  9.51%  41.7 6740s
 1174951 973002     cutoff   46        77.97021   70.55537  9.51%  41.8 6753s
 1178554 973569     cutoff   51        77.97021   70.56019  9.50%  41.8 6770s
 1180723 974394     cutoff   56        77.97021   70.56364  9.50%  41.8 6784s
 1183785 975065     cutoff   37        77.97021   70.56789  9.49%  41.9 6797s
 1186039 975895     cutoff   34        77.97021   70.57039  9.49%  41.9 6811s
 1188886 975815     cutoff   47        77.97021   70.57476  9.48%  41.9 6824s
 1190609 976742 infeasible   59        77.97021   70.57852  9.48%  41.9 6843s
 1193671 978045     cutoff   49        77.97021   70.58220  9.48%  42.0 6858s
 1197226 979329     cutoff   50        77.97021   70.58668  9.47%  42.0 6870s
 1200591 979845     cutoff   97        77.97021   70.59188  9.46%  42.0 6884s
 1202833 980771     cutoff   37        77.97021   70.59600  9.46%  42.0 6896s
 1205984 981473 infeasible   54        77.97021   70.60050  9.45%  42.1 6912s
 1208302 982993 infeasible   63        77.97021   70.60271  9.45%  42.1 6927s
 1211682 983680     cutoff   48        77.97021   70.60810  9.44%  42.1 6943s
 1213766 985138     cutoff   56        77.97021   70.60982  9.44%  42.1 6959s
 1217071 986215     cutoff   45        77.97021   70.61271  9.44%  42.1 6973s
 1219747 987811     cutoff   60        77.97021   70.61661  9.43%  42.2 6989s
 1223496 988884     cutoff   54        77.97021   70.62090  9.43%  42.2 7004s
 1227232 989724     cutoff   54        77.97021   70.62590  9.42%  42.2 7020s
 1229248 990981     cutoff   59        77.97021   70.62768  9.42%  42.2 7033s
 1232310 991733 infeasible   63        77.97021   70.63097  9.41%  42.2 7045s
 1234169 993513     cutoff   62        77.97021   70.63435  9.41%  42.3 7062s
 1238430 994772     cutoff   58        77.97021   70.63840  9.40%  42.3 7074s
 1240813 996587     cutoff   37        77.97021   70.64169  9.40%  42.3 7087s
 1244691 997560 infeasible   42        77.97021   70.64526  9.39%  42.3 7100s
 1247066 998409     cutoff   45        77.97021   70.64816  9.39%  42.3 7113s
 1249291 999773   71.28275   90  105   77.97021   70.65046  9.39%  42.3 7130s
 1252701 1000641     cutoff   55        77.97021   70.65392  9.38%  42.4 7147s
 1254867 1001696     cutoff   46        77.97021   70.65702  9.38%  42.4 7159s
 1255357 1001696   71.35770   48   97   77.97021   70.65713  9.38%  42.4 7160s
 1257714 1003344 infeasible   45        77.97021   70.65988  9.38%  42.4 7169s
 1260867 1003992     cutoff   52        77.97021   70.66365  9.37%  42.4 7180s
 1262763 1005376     cutoff   57        77.97021   70.66612  9.37%  42.4 7190s
 1266146 1006472     cutoff   42        77.97021   70.66944  9.36%  42.5 7200s

Cutting planes:
  Learned: 2
  Gomory: 435
  Lift-and-project: 21
  Cover: 579
  Implied bound: 1163
  Projected implied bound: 35
  Clique: 3
  MIR: 1823
  StrongCG: 3
  Flow cover: 2913
  GUB cover: 3
  Inf proof: 82
  Zero half: 11
  Network: 3
  RLT: 240
  Relax-and-lift: 163

Explored 1268323 nodes (53881424 simplex iterations) in 7200.47 seconds (1946.11 work units)
Thread count was 32 (of 32 available processors)

Solution count 10: 77.9702 77.9702 77.9702 ... 78.3471

Time limit reached
Best objective 7.797020959645e+01, best bound 7.067177962480e+01, gap 9.3605%

Gurobi 9.5.2 (linux64) logging started Thu Jul 30 03:31:44 2026

Set parameter LogFile to value "logs/oracle_RmediumCfewTtight_2_gurobi.log"
Gurobi Optimizer version 9.5.2 build v9.5.2rc0 (linux64)
Thread count: 16 physical cores, 32 logical processors, using up to 32 threads
Optimize a model with 5781 rows, 3152 columns and 69505 nonzeros
Model fingerprint: 0xd04247aa
Variable types: 1972 continuous, 1180 integer (1180 binary)
Coefficient statistics:
  Matrix range     [3e-02, 1e+03]
  Objective range  [1e+00, 1e+00]
  Bounds range     [1e+00, 4e+01]
  RHS range        [2e-01, 5e+02]

User MIP start did not produce a new incumbent solution
User MIP start violates constraint c_l_x8617_ by 1.000000000

Presolve removed 1792 rows and 616 columns
Presolve time: 1.15s
Presolved: 3989 rows, 2536 columns, 59744 nonzeros
Variable types: 1513 continuous, 1023 integer (1023 binary)
Root relaxation presolve removed 169 rows and 67 columns
Root relaxation presolved: 3820 rows, 2469 columns, 34805 nonzeros

Extra simplex iterations after uncrush: 3

Root relaxation: objective 5.911713e+01, 3612 iterations, 1.25 seconds (0.48 work units)
Another try with MIP start

    Nodes    |    Current Node    |     Objective Bounds      |     Work
 Expl Unexpl |  Obj  Depth IntInf | Incumbent    BestBd   Gap | It/Node Time

H    0     0                      74.3705508   59.11713  20.5%     -    8s
     0     0   59.11713    0  318   74.37055   59.11713  20.5%     -    8s
     0     0   60.76368    0  332   74.37055   60.76368  18.3%     -   11s
     0     0   60.89799    0  343   74.37055   60.89799  18.1%     -   11s
     0     0   60.90910    0  351   74.37055   60.90910  18.1%     -   11s
     0     0   60.91166    0  354   74.37055   60.91166  18.1%     -   11s
     0     0   60.91168    0  378   74.37055   60.91168  18.1%     -   11s
     0     0   61.09265    0  369   74.37055   61.09265  17.9%     -   12s
     0     0   61.10696    0  367   74.37055   61.10696  17.8%     -   12s
     0     0   61.10696    0  370   74.37055   61.10696  17.8%     -   12s
     0     0   61.31111    0  348   74.37055   61.31111  17.6%     -   13s
     0     0   61.32829    0  384   74.37055   61.32829  17.5%     -   13s
     0     0   61.32848    0  385   74.37055   61.32848  17.5%     -   13s
     0     0   61.41154    0  353   74.37055   61.41154  17.4%     -   14s
     0     0   61.42494    0  375   74.37055   61.42494  17.4%     -   14s
     0     0   61.42784    0  377   74.37055   61.42784  17.4%     -   14s
     0     0   61.42816    0  377   74.37055   61.42816  17.4%     -   14s
     0     0   61.50760    0  348   74.37055   61.50760  17.3%     -   15s
     0     0   61.51814    0  357   74.37055   61.51814  17.3%     -   15s
     0     0   61.51860    0  356   74.37055   61.51860  17.3%     -   15s
     0     0   61.59899    0  344   74.37055   61.59899  17.2%     -   16s
     0     0   61.60870    0  356   74.37055   61.60870  17.2%     -   16s
     0     0   61.61152    0  352   74.37055   61.61152  17.2%     -   17s
     0     0   61.61174    0  350   74.37055   61.61174  17.2%     -   17s
     0     0   61.66692    0  361   74.37055   61.66692  17.1%     -   19s
     0     0   61.70757    0  345   74.37055   61.70757  17.0%     -   20s
     0     0   61.70992    0  325   74.37055   61.70992  17.0%     -   20s
     0     0   61.71071    0  325   74.37055   61.71071  17.0%     -   20s
     0     0   61.71074    0  326   74.37055   61.71074  17.0%     -   20s
     0     0   61.78115    0  324   74.37055   61.78115  16.9%     -   22s
     0     0   61.79552    0  335   74.37055   61.79552  16.9%     -   22s
     0     0   61.79677    0  336   74.37055   61.79677  16.9%     -   22s
     0     0   61.79726    0  335   74.37055   61.79726  16.9%     -   23s
     0     0   61.82350    0  314   74.37055   61.82350  16.9%     -   24s
     0     0   61.82888    0  333   74.37055   61.82888  16.9%     -   25s
     0     0   61.83031    0  324   74.37055   61.83031  16.9%     -   25s
     0     0   61.83090    0  353   74.37055   61.83090  16.9%     -   25s
     0     0   61.84686    0  320   74.37055   61.84686  16.8%     -   26s
     0     0   61.84848    0  331   74.37055   61.84848  16.8%     -   26s
     0     0   61.84902    0  334   74.37055   61.84902  16.8%     -   26s
     0     0   61.86421    0  334   74.37055   61.86421  16.8%     -   27s
     0     0   61.86527    0  330   74.37055   61.86527  16.8%     -   27s
     0     0   61.86550    0  342   74.37055   61.86550  16.8%     -   27s
     0     0   61.87775    0  332   74.37055   61.87775  16.8%     -   28s
     0     0   61.87946    0  333   74.37055   61.87946  16.8%     -   28s
     0     0   61.87959    0  338   74.37055   61.87959  16.8%     -   28s
     0     0   61.88955    0  330   74.37055   61.88955  16.8%     -   29s
     0     0   61.89281    0  332   74.37055   61.89281  16.8%     -   29s
     0     0   61.89312    0  350   74.37055   61.89312  16.8%     -   29s
     0     0   61.89751    0  344   74.37055   61.89751  16.8%     -   30s
     0     0   61.89800    0  345   74.37055   61.89800  16.8%     -   30s
     0     0   61.90252    0  348   74.37055   61.90252  16.8%     -   31s
     0     0   61.90252    0  328   74.37055   61.90252  16.8%     -   32s
H    0     0                      73.9045358   61.90252  16.2%     -   32s
     0     2   61.90252    0  323   73.90454   61.90252  16.2%     -   32s
    15    29   62.12981    4  305   73.90454   62.00936  16.1%   425   35s
H   78    89                      73.4575351   62.05293  15.5%   386   39s
H   79    89                      73.2960532   62.05293  15.3%   382   39s
    94   105   67.34229    9  271   73.29605   62.05293  15.3%   376   40s
H  129   137                      72.9142913   62.06587  14.9%   368   45s
   243   251   63.15286   17  312   72.91429   62.40884  14.4%   408   50s
   412   441   62.55164   37  341   72.91429   62.55164  14.2%   419   55s
   752   750   71.96533   42  308   72.91429   62.91246  13.7%   329   60s
  1118  1065   71.63880   62  274   72.91429   63.02956  13.6%   264   66s
H 1125  1065                      72.8188739   63.03059  13.4%   264   66s
  1466  1513   71.87987   13  288   72.81887   63.12114  13.3%   236   70s
H 2081  1952                      72.7744938   63.17901  13.2%   201   87s
  2082  1953   69.37819   19  328   72.77449   63.17901  13.2%   201   92s
  2085  1955   69.44158   49   93   72.77449   63.17901  13.2%   200   99s
  2086  1956   72.24133   23  169   72.77449   63.17901  13.2%   200  100s
  2087  1956   63.59171   50   59   72.77449   63.17901  13.2%   200  105s
  2089  1958   71.92000   10   94   72.77449   63.17901  13.2%   200  112s
  2090  1958   71.91078   47  219   72.77449   63.17901  13.2%   200  115s
  2091  1959   72.15176   25  167   72.77449   63.17901  13.2%   200  126s
  2093  1960   64.02839   35  167   72.77449   63.17901  13.2%   199  132s
  2094  1964   63.17901   10  150   72.77449   63.17901  13.2%   219  137s
  2096  1967   63.17901   11  280   72.77449   63.17901  13.2%   220  145s
  2100  1974   63.17901   12  373   72.77449   63.17901  13.2%   225  153s
  2124  1997   70.12237   14  330   72.77449   63.17901  13.2%   256  157s
  2140  2006   71.78587   15  338   72.77449   63.17901  13.2%   265  160s
H 2172  1925                      72.7729119   63.17901  13.2%   302  165s
  2206  1945   63.46221   18  328   72.77291   63.17901  13.2%   324  173s
H 2222  1860                      72.6895786   63.17901  13.1%   339  180s
  2238  1871   63.57576   19  335   72.68958   63.17901  13.1%   352  185s
H 2273  1803                      72.6895786   63.17901  13.1%   371  205s
H 2282  1716                      72.6895785   63.17901  13.1%   376  205s
  2313  1754   63.98888   24  325   72.68958   63.17901  13.1%   387  229s
H 2319  1672                      72.6313410   63.17901  13.0%   388  229s
  2338  1682   69.28203   25  354   72.63134   63.17901  13.0%   392  234s
H 2340  1605                      72.5480076   63.17901  12.9%   392  234s
H 2351  1529                      72.5480076   63.17901  12.9%   397  234s
  2354  1563   70.19674   27  305   72.54801   63.17901  12.9%   398  236s
  2389  1568   70.71791   28  341   72.54801   63.17901  12.9%   403  246s
H 2390  1498                      72.5384321   63.17901  12.9%   403  246s
  2405  1544   67.30646   30  326   72.53843   63.17901  12.9%   412  251s
  2511  1576   63.43545   31  378   72.53843   63.17901  12.9%   415  262s
  2527  1587   69.41459   32  298   72.53843   63.17901  12.9%   418  270s
  2543  1633   64.63818   33  379   72.53843   63.17901  12.9%   421  283s
  2596  1672   65.27296   35  366   72.53843   63.17901  12.9%   420  286s
  2714  1751   65.87440   38  325   72.53843   63.17901  12.9%   424  296s
  2777  1782   65.98803   40  393   72.53843   63.17901  12.9%   427  306s
  2831  1831   63.42395   44  383   72.53843   63.17901  12.9%   429  312s
  2904  1897   66.77097   43  382   72.53843   63.17901  12.9%   428  321s
  2999  1881   66.76016   44  337   72.53843   63.20504  12.9%   421  325s
  3111  2042   65.48825   48  326   72.53843   63.33444  12.7%   413  335s
  3227  2126   67.68378   26  320   72.53843   63.40229  12.6%   403  340s
  3914  2761   72.30334   45  289   72.53843   63.45404  12.5%   347  346s
  4667  3272   63.65723   48  214   72.53843   63.47772  12.5%   301  352s
  5484  3821   66.06672   37  335   72.53843   63.49396  12.5%   266  356s
  6331  4579   63.55985   39  321   72.53843   63.51020  12.4%   239  360s
  8212  5968   63.94678   34  240   72.53843   63.53433  12.4%   199  368s
  8272  6033   63.89303   36  264   72.53843   63.53640  12.4%   198  376s
  8344  6096   63.60323   57  219   72.53843   63.53948  12.4%   198  382s
  8476  6222   63.66272   39  299   72.53843   63.54709  12.4%   198  389s
  8546  6287   63.59306   67  190   72.53843   63.54954  12.4%   198  395s
  9302  7162   63.66283   61  323   72.53843   63.56536  12.4%   189  403s
  9540  7248 infeasible   43        72.53843   63.56831  12.4%   187  415s
 11030  8794   63.62343   57  272   72.53843   63.58551  12.3%   171  426s
 11281  8874   63.62745   71  234   72.53843   63.58990  12.3%   170  436s
 11365  8987   72.22385   68  277   72.53843   63.59318  12.3%   170  441s
 11482  9800     cutoff   37        72.53843   63.59527  12.3%   170  445s
 13341 10924   63.68263   41  314   72.53843   63.60262  12.3%   153  454s
 13551 11858   63.71334   53  208   72.53843   63.60668  12.3%   152  457s
 14574 12786   72.29938   23  293   72.53843   63.60838  12.3%   145  460s
 15988 13238   72.14172   24  263   72.53843   63.61463  12.3%   138  470s
 16129 13482   63.64123   45  283   72.53843   63.61811  12.3%   138  478s
 16274 13585   63.75998   29  238   72.53843   63.62046  12.3%   138  487s
 16381 14922   63.67899   33  220   72.53843   63.62346  12.3%   138  491s
 17835 14933   63.62934   21  338   72.53843   63.62523  12.3%   131  498s
 17852 15112   66.99253   44  342   72.53843   63.62854  12.3%   131  504s
 18044 16426   63.64764   19  270   72.53843   63.63140  12.3%   131  511s
 19466 16576   64.52342   43  169   72.53843   63.63549  12.3%   125  530s
 19622 17936   66.77730   33  312   72.53843   63.63765  12.3%   124  538s
 21209 21479   64.11502   22  325   72.53843   63.64056  12.3%   119  549s
 24997 21502   63.67575   41  197   72.53843   63.64748  12.3%   107  552s
 25022 21582   63.84740   47  302   72.53843   63.65024  12.3%   107  558s
 25111 21698   66.95177   37  319   72.53843   63.65164  12.3%   107  564s
 25234 22783   63.69636   24  314   72.53843   63.65317  12.2%   107  568s
 26519 23832   63.68497   24  302   72.53843   63.65498  12.2%   104  573s
 27668 23952   64.04838   39  175   72.53843   63.65751  12.2%   101  578s
 27788 25204   63.72824   55  223   72.53843   63.65988  12.2%   101  581s
 29176 26219   64.07679   38  211   72.53843   63.66181  12.2%  98.0  586s
 31250 27058   63.74890   38  309   72.53843   63.66739  12.2%  94.3  598s
 31381 28255   63.88124   59  209   72.53843   63.66868  12.2%  94.4  602s
 32747 29669   63.73396   55  272   72.53843   63.67047  12.2%  92.3  607s
 34238 30160   63.72743   22  318   72.53843   63.67325  12.2%  90.0  614s
 34793 31582   63.71160   59  283   72.53843   63.67561  12.2%  89.4  619s
 36263 31785   63.73443   39  207   72.53843   63.67881  12.2%  87.5  627s
 36475 33412   64.20074   28  251   72.53843   63.68076  12.2%  87.5  635s
 38236 35319   64.16937   36  215   72.53843   63.68237  12.2%  85.4  641s
 40193 35543   68.48404   33  319   72.53843   63.68436  12.2%  83.1  647s
 40433 37047   63.79750   61  187   72.53843   63.68593  12.2%  83.2  652s
 42294 41270   63.73346   43  238   72.53843   63.68795  12.2%  81.4  672s
 47368 41323   63.83156   71  204   72.53843   63.69086  12.2%  77.9  678s
 47431 41548   72.35936   35  270   72.53843   63.69393  12.2%  78.0  685s
 47673 43483   63.91098   43  224   72.53843   63.69612  12.2%  78.0  693s
 49704 44950   63.70393   46  354   72.53843   63.69906  12.2%  76.7  703s
 51219 45257   63.91684   63  217   72.53843   63.70203  12.2%  75.9  710s
 51546 47231   63.77282   34  254   72.53843   63.70340  12.2%  75.9  717s
 53611 49330   63.98416   37  192   72.53843   63.70626  12.2%  74.8  724s
 55780 50981   63.84230   44  252   72.53843   63.70908  12.2%  73.7  730s
 57696 52847     cutoff   48        72.53843   63.71203  12.2%  72.6  737s
 59693 53069   63.89593   33  247   72.53843   63.71417  12.2%  71.7  745s
 59935 54715   63.71553   35  361   72.53843   63.71552  12.2%  71.9  752s
 61668 56477   63.88501   36  333   72.53843   63.71819  12.2%  71.2  760s
 63561 60551   63.99335   39  288   72.53843   63.72125  12.2%  70.5  783s
 67964 60793   63.83440   58  197   72.53843   63.72659  12.1%  68.9  791s
 68230 62268   63.76350   45  223   72.53843   63.72920  12.1%  69.0  797s
 69881 62477   63.76355   50  272   72.53843   63.73235  12.1%  68.7  804s
 70107 64530   63.77900   43  229   72.53843   63.73440  12.1%  68.8  813s
 72280 66461   63.84684   44  259   72.53843   63.73672  12.1%  68.0  820s
 74278 66525   63.78380   33  266   72.53843   63.73845  12.1%  67.5  825s
 74356 66850   64.08768   62  291   72.53843   63.74032  12.1%  67.5  831s
 74689 68298   64.12231   21  318   72.53843   63.74111  12.1%  67.6  838s
 76296 70244   63.87719   42  182   72.53843   63.74365  12.1%  67.4  844s
 78328 72173   63.74598   39  313   72.53843   63.74598  12.1%  67.0  850s
 80442 74063   64.68567   67  302   72.53843   63.74859  12.1%  66.4  858s
 82412 74240   72.45323   33  263   72.53843   63.75080  12.1%  65.9  866s
 82606 75838   64.01239   43  320   72.53843   63.75158  12.1%  66.0  876s
 84284 79028   63.85303   46  220   72.53843   63.75408  12.1%  65.8  891s
 87836 79292   63.78228   64  341   72.53843   63.75668  12.1%  65.1  899s
 88110 81214   63.76874   27  327   72.53843   63.75958  12.1%  65.2  906s
 90198 83014   64.35800   28  354   72.53843   63.76186  12.1%  64.7  915s
 92083 84316   63.76580   61  246   72.53843   63.76402  12.1%  64.4  921s
 93687 84860   63.80609   41  259   72.53843   63.76660  12.1%  64.3  927s
 94250 87014     cutoff   57        72.53843   63.76736  12.1%  64.2  936s
 96493 88974   63.79656   31  243   72.53843   63.76910  12.1%  63.8  944s
 98542 89473   66.24365   42  339   72.53843   63.77147  12.1%  63.4  954s
 99059 91418   63.79666   23  326   72.53843   63.77288  12.1%  63.5  959s
 101086 93073   63.84258   42  313   72.53843   63.77458  12.1%  63.1  968s
 102898 93454   63.84087   49  160   72.53843   63.77610  12.1%  62.9  977s
 103285 94206   64.53846   30  317   72.53843   63.77757  12.1%  63.0  991s
 104059 96465   63.97615   68  205   72.53843   63.77851  12.1%  62.9 1003s
 106400 99153   63.80199   38  220   72.53843   63.78086  12.1%  62.6 1016s
 109441 100981     cutoff   41        72.53843   63.78334  12.1%  62.4 1021s
 111377 101313   63.78665   33  290   72.53843   63.78647  12.1%  62.2 1028s
 111723 102992   64.13390   71  189   72.53843   63.78766  12.1%  62.2 1036s
 113617 104462   63.92283   39  181   72.53843   63.78911  12.1%  62.1 1042s
 115231 106282   64.52792   66  300   72.53843   63.79061  12.1%  62.0 1049s
 117206 106595   64.11940   73  229   72.53843   63.79299  12.1%  61.8 1053s
 117538 107440   64.06240   42  176   72.53843   63.79387  12.1%  61.8 1063s
 118407 108468   72.47736   45  259   72.53843   63.79505  12.1%  61.8 1116s
H118409 108468                      72.5384320   63.79508  12.1%  61.8 1117s
H118616 108468                      72.5384318   63.79520  12.1%  61.7 1117s
 119477 110774   64.24995   74  218   72.53843   63.79565  12.1%  61.7 1126s
 121881 111107   63.97136   31  300   72.53843   63.79806  12.0%  61.5 1133s
 122242 113681   63.93065   28  259   72.53843   63.79886  12.0%  61.5 1144s
 124879 115673   63.98111   42  256   72.53843   63.80101  12.0%  61.2 1155s
 126982 119002   63.93571   30  291   72.53843   63.80243  12.0%  61.1 1166s
 130559 119194   63.86243   39  297   72.53843   63.80547  12.0%  60.7 1172s
 130756 120984   63.84507   59  373   72.53843   63.80694  12.0%  60.8 1177s
 132626 122696   63.83390   34  301   72.53843   63.80770  12.0%  60.6 1181s
 134404 123647   67.56191   24  317   72.53843   63.80974  12.0%  60.5 1187s
 135444 123938   63.85036   48  242   72.53843   63.81159  12.0%  60.4 1192s
 135753 125586   72.26443   15  293   72.53843   63.81261  12.0%  60.5 1198s
 137619 127481     cutoff   33        72.53843   63.81368  12.0%  60.4 1202s
 139634 129520     cutoff   60        72.53843   63.81556  12.0%  60.2 1207s
 141740 129638   63.89909   69  225   72.53843   63.81714  12.0%  60.0 1214s
 141866 130994   64.24138   59  302   72.53843   63.81858  12.0%  60.0 1220s
 143268 131611   63.91174   46  197   72.53843   63.81954  12.0%  59.9 1226s
 143909 133699   64.80026   35  300   72.53843   63.82025  12.0%  59.9 1231s
 146082 135653   64.05784   34  269   72.53843   63.82171  12.0%  59.7 1236s
 148137 136710   63.92065   47  206   72.53843   63.82393  12.0%  59.6 1246s
 149261 141782   63.95766   43  220   72.53843   63.82526  12.0%  59.5 1258s
 154523 144180   64.05960   48  186   72.53843   63.82865  12.0%  59.1 1268s
 157004 146147   63.83121   56  357   72.53843   63.83090  12.0%  58.8 1275s
 159061 147912   64.19762   37  205   72.53843   63.83247  12.0%  58.6 1280s
 160887 148144   64.14949   56  360   72.53843   63.83398  12.0%  58.6 1286s
 161154 150011   64.22411   39  350   72.53843   63.83472  12.0%  58.6 1291s
 163095 151969   63.93421   60  228   72.53843   63.83581  12.0%  58.5 1297s
 165120 153274   63.84281   41  192   72.53843   63.83742  12.0%  58.4 1301s
 166545 153423   72.36111   56  247   72.53843   63.83809  12.0%  58.3 1311s
 167210 156044   65.31563   41  325   72.53843   63.83940  12.0%  58.3 1317s
 169459 158871   63.95102   63  157   72.53843   63.84078  12.0%  58.2 1322s
 173607 161015   64.78919   64  226   72.53843   63.84339  12.0%  57.9 1325s
 174718 162484   64.07524   42  236   72.53843   63.84422  12.0%  57.9 1330s
 176535 164865   63.91884   66  194   72.53843   63.84575  12.0%  57.8 1336s
 180815 168962   64.21598   63  137   72.53843   63.84807  12.0%  57.6 1342s
 183211 171183 infeasible   62        72.53843   63.85052  12.0%  57.5 1346s
 187133 175054   63.86273   52  272   72.53843   63.85331  12.0%  57.2 1351s
 189529 177103   64.23033   65  267   72.53843   63.85553  12.0%  57.1 1356s
 191484 179831   65.07992   32  291   72.53843   63.85703  12.0%  57.0 1360s
 194724 181126   63.85924   38  345   72.53843   63.85924  12.0%  57.0 1372s
 195781 183480   66.23406   39  306   72.53843   63.85924  12.0%  56.9 1377s
 198401 186188   63.92308   69  183   72.53843   63.86164  12.0%  56.8 1381s
 201529 188826 infeasible   49        72.53843   63.86400  12.0%  56.7 1387s
 203963 191296   63.95003   42  192   72.53843   63.86497  12.0%  56.6 1390s
 208607 193470   65.15219   64  354   72.53843   63.86759  12.0%  56.4 1396s
 211305 196211   72.12965   35  307   72.53843   63.86964  12.0%  56.4 1403s
 212042 196485   72.31281   37  215   72.53843   63.87077  11.9%  56.4 1410s
 212415 208410   72.17141   31  310   72.53843   63.87204  11.9%  56.5 1436s
 226490 208567   63.93192   54  194   72.53843   63.88868  11.9%  56.2 1440s
 227053 209038   72.35641   23  278   72.53843   63.89473  11.9%  56.4 1445s
 227778 211200   72.30364   93  260   72.53843   63.89793  11.9%  56.6 1453s
 230075 211956     cutoff   42        72.53843   63.90114  11.9%  56.6 1458s
 231002 212295     cutoff   31        72.53843   63.90352  11.9%  56.7 1462s
 231455 213439     cutoff   27        72.53843   63.90613  11.9%  56.7 1478s
H231774 213439                      72.5384316   63.90656  11.9%  56.7 1478s
 232784 213742     cutoff   53        72.53843   63.90874  11.9%  56.7 1483s
 233180 224718     cutoff   43        72.53843   63.91082  11.9%  56.8 1501s
 246096 224894 infeasible   40        72.53843   63.92946  11.9%  56.8 1510s
 246287 225213   63.97123   65  178   72.53843   63.93074  11.9%  56.9 1517s
 246709 225311     cutoff   29        72.53843   63.93241  11.9%  57.0 1522s
 246955 225569   64.02417   55  181   72.53843   63.93404  11.9%  57.0 1526s
 247393 227317   68.31253   34  216   72.53843   63.93605  11.9%  57.1 1531s
 249550 228130   72.35412   48  227   72.53843   63.94029  11.9%  57.2 1535s
 250935 228722   64.63432   38  384   72.53843   63.94502  11.8%  57.3 1542s
 251453 231187     cutoff   45        72.53843   63.94644  11.8%  57.4 1548s
 254281 233130     cutoff   40        72.53843   63.95105  11.8%  57.4 1552s
 256668 233448   72.31713   38  275   72.53843   63.95706  11.8%  57.4 1557s
 257042 235274     cutoff   46        72.53843   63.95809  11.8%  57.4 1561s
 261696 237555   64.03295   69  183   72.53843   63.96710  11.8%  57.4 1566s
 262214 240171   72.46704   38  206   72.53843   63.97067  11.8%  57.5 1572s
 265317 242565   64.12832   31  374   72.53843   63.97493  11.8%  57.5 1576s
 269953 244693     cutoff   36        72.53843   63.98388  11.8%  57.5 1581s
 272343 248147 infeasible   42        72.53843   63.98810  11.8%  57.6 1585s
 274910 251116     cutoff   27        72.53843   63.99416  11.8%  57.6 1590s
 278836 252264     cutoff   45        72.53843   63.99915  11.8%  57.6 1597s
 279123 254343     cutoff   36        72.53843   64.00033  11.8%  57.6 1600s
 284087 258431   64.10309   44  316   72.53843   64.00769  11.8%  57.7 1607s
 288606 262397     cutoff   30        72.53843   64.01409  11.8%  57.7 1612s
 291129 264990 infeasible   34        72.53843   64.01948  11.7%  57.7 1617s
 295958 269404 infeasible   73        72.53843   64.02518  11.7%  57.7 1623s
 298668 269551     cutoff   38        72.53843   64.02746  11.7%  57.7 1626s
 299622 272823   64.08597   46  184   72.53843   64.03007  11.7%  57.8 1633s
 302553 274719     cutoff   38        72.53843   64.03314  11.7%  57.7 1636s
 307011 277143     cutoff   33        72.53843   64.03908  11.7%  57.7 1641s
 310079 281292   64.97800   63  131   72.53843   64.04219  11.7%  57.6 1646s
 314529 284449     cutoff   54        72.53843   64.04778  11.7%  57.5 1651s
 318445 289774 infeasible   49        72.53843   64.05171  11.7%  57.4 1657s
 321997 290978     cutoff   31        72.53843   64.05611  11.7%  57.3 1661s
 322981 293477     cutoff   45        72.53843   64.05767  11.7%  57.4 1665s
 328326 296095     cutoff   41        72.53843   64.06206  11.7%  57.2 1670s
 331179 300222     cutoff   58        72.53843   64.06569  11.7%  57.2 1675s
 334227 302794     cutoff   81        72.53843   64.06898  11.7%  57.1 1680s
 339479 307693     cutoff   53        72.53843   64.07275  11.7%  57.0 1687s
 344982 309556     cutoff   40        72.53843   64.07684  11.7%  56.9 1692s
 345287 311628     cutoff   30        72.53843   64.07745  11.7%  56.9 1695s
 347649 312417   64.14948   37  287   72.53843   64.07935  11.7%  56.9 1701s
 349864 316773 infeasible   35        72.53843   64.08187  11.7%  56.9 1708s
 353376 318121     cutoff   57        72.53843   64.08434  11.7%  56.8 1711s
 356709 316429 infeasible   69        72.53843   64.08651  11.7%  56.8 1715s
 358489 316746 infeasible   68        72.53843   64.08651  11.7%  57.0 1720s
 362796 323208   64.33939   41  245   72.53843   64.08978  11.6%  57.0 1727s
 366586 323540   64.19453   48  291   72.53843   64.09156  11.6%  56.8 1730s
 369549 327799 infeasible   66        72.53843   64.09404  11.6%  56.8 1736s
 374272 329984   64.24847   61  222   72.53843   64.09854  11.6%  56.6 1743s
 374521 332061     cutoff   93        72.53843   64.09888  11.6%  56.6 1745s
 379755 336229     cutoff   53        72.53843   64.10321  11.6%  56.5 1752s
 381640 336775   72.39886   61  268   72.53843   64.10424  11.6%  56.5 1755s
 384733 342072     cutoff   74        72.53843   64.10700  11.6%  56.5 1762s
 388262 342415   64.98010   55  255   72.53843   64.10955  11.6%  56.4 1766s
 391398 347342     cutoff   50        72.53843   64.11194  11.6%  56.3 1771s
 396519 351912     cutoff   77        72.53843   64.11520  11.6%  56.1 1775s
 401555 355997   72.43682   43  230   72.53843   64.11862  11.6%  56.0 1781s
 405339 358009   64.14051   36  265   72.53843   64.12239  11.6%  55.9 1787s
 406119 368579   64.17359   59  263   72.53843   64.12325  11.6%  55.9 1796s
 417754 370134   64.14020   66  225   72.53843   64.12851  11.6%  55.4 1800s
 423996 375030     cutoff   48        72.53843   64.13308  11.6%  55.3 1806s
 427068 381118   64.15336   63  261   72.53843   64.13483  11.6%  55.2 1812s
 431761 383044     cutoff   48        72.53843   64.13764  11.6%  55.1 1815s
 438398 388279   65.38691   60  217   72.53843   64.14113  11.6%  54.9 1821s
 441312 390440   64.33696   65  222   72.53843   64.14321  11.6%  54.8 1826s
 441729 392641   64.18275   42  208   72.53843   64.14367  11.6%  54.8 1830s
 449054 401064   65.04308   57  225   72.53843   64.14753  11.6%  54.7 1839s
 453406 401496   64.24507   43  218   72.53843   64.14945  11.6%  54.5 1840s
 456892 406122     cutoff   35        72.53843   64.15162  11.6%  54.5 1846s
 462090 410348   64.24072   67  255   72.53843   64.15376  11.6%  54.3 1850s
 464286 410645   64.51149   34  204   72.53843   64.15496  11.6%  54.3 1855s
 470242 419028     cutoff   85        72.53843   64.15799  11.6%  54.1 1865s
 476707 421956     cutoff   65        72.53843   64.16136  11.5%  53.9 1871s
 479533 424798 infeasible   87        72.53843   64.16268  11.5%  53.9 1875s
 482834 425449     cutoff   78        72.53843   64.17100  11.5%  54.0 1881s
 484387 425957     cutoff   42        72.53843   64.17596  11.5%  54.2 1887s
 484767 426774   64.89971   74  182   72.53843   64.17804  11.5%  54.2 1890s
 488168 427734   72.38202   68  292   72.53843   64.18589  11.5%  54.3 1897s
 490322 428423     cutoff   73        72.53843   64.19021  11.5%  54.4 1902s
 490664 429342   64.60841   41  267   72.53843   64.19349  11.5%  54.5 1905s
 492970 431038     cutoff   74        72.53843   64.19888  11.5%  54.6 1912s
 496087 431143   64.32210   40  252   72.53843   64.20497  11.5%  54.7 1917s
 496602 432192   64.24726   34  323   72.53843   64.20682  11.5%  54.7 1921s
 499835 433643 infeasible   87        72.53843   64.21364  11.5%  54.8 1928s
 502464 433750     cutoff   61        72.53843   64.21997  11.5%  54.9 1932s
 503016 435268     cutoff   54        72.53843   64.22134  11.5%  55.0 1935s
 505892 435369     cutoff   47        72.53843   64.22551  11.5%  55.0 1940s
 509332 437317     cutoff   74        72.53843   64.23422  11.4%  55.1 1947s
 510137 439044     cutoff   35        72.53843   64.23609  11.4%  55.2 1951s
 513160 440099 infeasible   38        72.53843   64.24041  11.4%  55.3 1955s
 515787 441929     cutoff   69        72.53843   64.24628  11.4%  55.4 1962s
 518740 442142     cutoff   73        72.53843   64.25082  11.4%  55.4 1966s
 519266 443996     cutoff   73        72.53843   64.25223  11.4%  55.5 1970s
 523034 446047     cutoff   44        72.53843   64.25722  11.4%  55.6 1977s
 525690 446195   64.71024   38  282   72.53843   64.26125  11.4%  55.6 1980s
 529124 448956 infeasible   86        72.53843   64.26617  11.4%  55.7 1988s
 531684 449195     cutoff   38        72.53843   64.27239  11.4%  55.8 1992s
 532296 450759     cutoff   51        72.53843   64.27327  11.4%  55.8 1996s
 535053 452075 infeasible   68        72.53843   64.27763  11.4%  55.9 2000s
 539567 453783   64.35420   42  291   72.53843   64.28474  11.4%  55.9 2005s
 542693 457043     cutoff   53        72.53843   64.28891  11.4%  56.0 2012s
 545314 457299     cutoff   57        72.53843   64.29257  11.4%  56.1 2015s
 548630 460833 infeasible   39        72.53843   64.29728  11.4%  56.1 2022s
 551149 461060     cutoff   41        72.53843   64.30013  11.4%  56.2 2027s
 551580 462468     cutoff   48        72.53843   64.30098  11.4%  56.2 2031s
 556867 464238     cutoff   43        72.53843   64.30812  11.3%  56.3 2038s
 557336 475049   64.45927   59  316   72.53843   64.30919  11.3%  56.4 2054s
 571630 475258     cutoff   46        72.53843   64.31730  11.3%  56.4 2059s
 572138 475433     cutoff   41        72.53843   64.31763  11.3%  56.4 2064s
 572614 477113     cutoff   40        72.53843   64.31831  11.3%  56.5 2067s
 576258 477211     cutoff   72        72.53843   64.32264  11.3%  56.4 2071s
 577073 477445   64.38163   50  249   72.53843   64.32305  11.3%  56.5 2076s
 580189 480274     cutoff   56        72.53843   64.32667  11.3%  56.5 2082s
 582439 481563   64.35690   67  295   72.53843   64.32951  11.3%  56.5 2085s
 585083 483425     cutoff   70        72.53843   64.33433  11.3%  56.6 2091s
 590422 485287 infeasible   59        72.53843   64.34033  11.3%  56.6 2100s
 593942 488520 infeasible   78        72.53843   64.34539  11.3%  56.7 2107s
 596689 488770   64.41673   44  351   72.53843   64.34829  11.3%  56.7 2111s
 597199 490404     cutoff   46        72.53843   64.34904  11.3%  56.7 2115s
 602553 493479     cutoff   64        72.53843   64.35438  11.3%  56.8 2121s
 604941 493636     cutoff   75        72.53843   64.35687  11.3%  56.8 2125s
 608296 495662 infeasible   76        72.53843   64.36162  11.3%  56.8 2132s
 608863 497461     cutoff   40        72.53843   64.36333  11.3%  56.8 2137s
 611446 498984     cutoff   74        72.53843   64.36550  11.3%  56.9 2140s
 616015 500599     cutoff   51        72.53843   64.37068  11.3%  56.9 2147s
 616547 502435     cutoff   54        72.53843   64.37113  11.3%  57.0 2151s
 619339 504576     cutoff  103        72.53843   64.37349  11.3%  57.0 2156s
 622767 517360     cutoff   49        72.53843   64.37671  11.3%  57.1 2178s
 638270 517608     cutoff   61        72.53843   64.38397  11.2%  57.1 2182s
 638650 517876     cutoff   57        72.53843   64.38411  11.2%  57.1 2185s
 641937 521147     cutoff   81        72.53843   64.38658  11.2%  57.1 2192s
 644372 521424     cutoff   55        72.53843   64.38937  11.2%  57.2 2195s
 644991 531912     cutoff   39        72.53843   64.39058  11.2%  57.2 2213s
 657883 532105   64.76214   43  332   72.53843   64.39728  11.2%  57.2 2217s
 658322 533734   64.87412   45  331   72.53843   64.39747  11.2%  57.2 2220s
 661368 535402 infeasible   74        72.53843   64.40021  11.2%  57.3 2227s
 663747 537142   64.70270   86  307   72.53843   64.40284  11.2%  57.3 2230s
 666466 537378 infeasible   79        72.53843   64.40570  11.2%  57.3 2235s
 667029 550493     cutoff   67        72.53843   64.40760  11.2%  57.3 2253s
 682980 550638     cutoff   80        72.53843   64.41402  11.2%  57.3 2256s
 683866 552371     cutoff   41        72.53843   64.41483  11.2%  57.3 2262s
 686088 554305 infeasible  101        72.53843   64.41635  11.2%  57.4 2266s
 689408 567609   64.58627   38  235   72.53843   64.41968  11.2%  57.4 2288s
 705424 567757 infeasible   95        72.53843   64.42553  11.2%  57.4 2292s
 705829 567980     cutoff   72        72.53843   64.42579  11.2%  57.4 2296s
 708919 571515   64.62173   84  303   72.53843   64.42860  11.2%  57.4 2302s
 711735 573620     cutoff   40        72.53843   64.43038  11.2%  57.4 2306s
 714723 573776   64.67609   59  248   72.53843   64.43359  11.2%  57.5 2310s
 718009 575978     cutoff   25        72.53843   64.43690  11.2%  57.5 2319s
 718732 578189 infeasible   69        72.53843   64.43738  11.2%  57.5 2323s
 721977 580410     cutoff   74        72.53843   64.44009  11.2%  57.5 2327s
 725447 582739     cutoff   61        72.53843   64.44341  11.2%  57.6 2333s
 728604 584354 infeasible   94        72.53843   64.44537  11.2%  57.6 2336s
 732597 587242   64.56337   40  204   72.53843   64.45097  11.1%  57.6 2343s
 735509 587476     cutoff   63        72.53843   64.45270  11.1%  57.6 2348s
 735937 589908   64.66461   39  303   72.53843   64.45398  11.1%  57.6 2353s
 739350 591752     cutoff   39        72.53843   64.45626  11.1%  57.7 2357s
 742068 592005     cutoff   45        72.53843   64.45889  11.1%  57.7 2360s
 745662 596269     cutoff   54        72.53843   64.46228  11.1%  57.7 2367s
 748621 597962     cutoff   81        72.53843   64.46459  11.1%  57.7 2371s
 751521 600363     cutoff   55        72.53843   64.46722  11.1%  57.7 2377s
 754509 602467     cutoff   57        72.53843   64.46962  11.1%  57.7 2382s
 759936 604384   68.65940   89  136   72.53843   64.47334  11.1%  57.8 2389s
 760400 606511   64.47818   46  276   72.53843   64.47431  11.1%  57.8 2394s
 763323 608567     cutoff   49        72.53843   64.47634  11.1%  57.8 2397s
 766217 608725     cutoff   52        72.53843   64.47808  11.1%  57.8 2401s
 768563 610727     cutoff   53        72.53843   64.47884  11.1%  57.8 2405s
 769745 612099     cutoff   48        72.53843   64.48064  11.1%  57.8 2422s
 771262 613740     cutoff   63        72.53843   64.48141  11.1%  57.9 2427s
 773622 614106   64.91074   46  224   72.53843   64.48275  11.1%  57.8 2431s
 774237 616007   64.79518   82  332   72.53843   64.48345  11.1%  57.9 2435s
H776395 615360                      72.5170217   64.48397  11.1%  57.9 2436s
 776848 617762 infeasible   83        72.51702   64.48436  11.1%  57.9 2440s
 780441 620117     cutoff   65        72.51702   64.48733  11.1%  57.9 2446s
 783950 622544     cutoff   33        72.51702   64.49041  11.1%  57.9 2452s
 786960 624575     cutoff   35        72.51702   64.49172  11.1%  57.9 2457s
 790089 626831     cutoff   73        72.51702   64.49476  11.1%  57.9 2462s
 792993 628918     cutoff   80        72.51702   64.49668  11.1%  57.9 2466s
 796222 631597   64.59331   40  264   72.51702   64.49891  11.1%  57.9 2472s
 799242 633959     cutoff   39        72.51702   64.50013  11.1%  57.9 2476s
 802819 636178   64.73951   65  288   72.51702   64.50275  11.1%  57.9 2482s
 805592 638171     cutoff   52        72.51702   64.50450  11.0%  57.9 2485s
 808668 640911     cutoff   76        72.51702   64.50700  11.0%  58.0 2494s
 811921 642859   64.55343   40  322   72.51702   64.50804  11.0%  58.0 2497s
 814508 645038 infeasible   44        72.51702   64.50967  11.0%  58.0 2501s
 817851 646936   64.71979   45  217   72.51702   64.51172  11.0%  58.0 2508s
 819882 649323     cutoff   53        72.51702   64.51280  11.0%  58.0 2511s
 823434 651713     cutoff   71        72.51702   64.51465  11.0%  58.0 2517s
 826279 653749 infeasible  110        72.51702   64.51641  11.0%  58.0 2520s
 829055 653996     cutoff   45        72.51702   64.51764  11.0%  58.0 2526s
 829464 656136 infeasible   55        72.51702   64.51868  11.0%  58.0 2531s
 834822 658288     cutoff   43        72.51702   64.52102  11.0%  58.0 2537s
 835228 660572     cutoff  121        72.51702   64.52164  11.0%  58.1 2540s
 841195 663306 infeasible   58        72.51702   64.52487  11.0%  58.1 2547s
 841643 676784     cutoff   49        72.51702   64.52511  11.0%  58.1 2565s
 857890 677230     cutoff   67        72.51702   64.52937  11.0%  58.0 2572s
 858316 679237   64.64098   27  305   72.51702   64.52955  11.0%  58.0 2575s
 861694 682360     cutoff   85        72.51702   64.53112  11.0%  58.0 2582s
 864846 684329   64.70084   39  219   72.51702   64.53235  11.0%  58.0 2585s
 867782 686747   64.60665   44  247   72.51702   64.53416  11.0%  58.0 2591s
 873015 689589   64.58980   49  216   72.51702   64.53660  11.0%  58.0 2596s
 874264 691835     cutoff   80        72.51702   64.53785  11.0%  58.1 2602s
 877125 692123     cutoff   69        72.51702   64.53890  11.0%  58.0 2605s
 880332 694595     cutoff   52        72.51702   64.54074  11.0%  58.1 2611s
 880727 696973   64.75318   48  212   72.51702   64.54126  11.0%  58.1 2615s
 886952 699733     cutoff   58        72.51702   64.54345  11.0%  58.1 2622s
 887300 702323     cutoff   39        72.51702   64.54425  11.0%  58.1 2626s
 891040 705184   64.74534   49  221   72.51702   64.54585  11.0%  58.1 2634s
 894090 706528     cutoff   50        72.51702   64.54723  11.0%  58.1 2637s
 895753 706873   64.71853   45  233   72.51702   64.54788  11.0%  58.1 2642s
 896174 709534     cutoff   43        72.51702   64.54851  11.0%  58.1 2646s
 902399 712656   64.70654   49  269   72.51702   64.55076  11.0%  58.1 2653s
 903711 714894     cutoff   85        72.51702   64.55152  11.0%  58.1 2656s
 906637 715258 infeasible   49        72.51702   64.55291  11.0%  58.1 2660s
 907140 728260   64.69375   45  294   72.51702   64.55346  11.0%  58.1 2679s
 923076 728577     cutoff  125        72.51702   64.55754  11.0%  58.0 2682s
 923544 728923     cutoff   58        72.51702   64.55766  11.0%  58.0 2685s
 926761 732992     cutoff   54        72.51702   64.55914  11.0%  58.0 2691s
 929419 735304   64.74872   58  234   72.51702   64.56063  11.0%  58.0 2695s
 932909 738197   64.84058   43  242   72.51702   64.56231  11.0%  58.1 2703s
 936167 740184   64.77642   51  200   72.51702   64.56335  11.0%  58.1 2706s
 938690 741372     cutoff   68        72.51702   64.56488  11.0%  58.1 2711s
H938695 741372                      72.5170217   64.56488  11.0%  58.1 2712s
 940193 741738     cutoff   43        72.51702   64.56526  11.0%  58.1 2718s
 940727 744081   64.64957   73  227   72.51702   64.56601  11.0%  58.1 2721s
 943733 746480   64.62620   47  223   72.51702   64.56692  11.0%  58.1 2725s
 948310 749834 infeasible   44        72.51702   64.56927  11.0%  58.1 2733s
 951160 750885 infeasible   79        72.51702   64.57055  11.0%  58.1 2737s
 952470 754226     cutoff  133        72.51702   64.57114  11.0%  58.1 2744s
 956794 757176   64.80170   42  271   72.51702   64.57191  11.0%  58.1 2748s
 960507 757558     cutoff   52        72.51702   64.57447  11.0%  58.1 2752s
 961096 760221     cutoff   36        72.51702   64.57518  11.0%  58.1 2756s
 967578 763721     cutoff   59        72.51702   64.57736  10.9%  58.1 2763s
 968988 766036 infeasible   84        72.51702   64.57808  10.9%  58.1 2767s
 972014 767171   64.68563   49  222   72.51702   64.57977  10.9%  58.1 2772s
 973510 771215   64.74515   48  289   72.51702   64.58074  10.9%  58.1 2778s
 978619 771757     cutoff   71        72.51702   64.58255  10.9%  58.1 2781s
 979306 774470   67.28937   78  317   72.51702   64.58308  10.9%  58.1 2785s
 985703 778754     cutoff   52        72.51702   64.58563  10.9%  58.0 2792s
 988370 780803     cutoff   51        72.51702   64.58693  10.9%  58.0 2795s
 991523 783328   64.96703   45  249   72.51702   64.58870  10.9%  58.0 2802s
 994322 785244 infeasible   69        72.51702   64.58966  10.9%  58.0 2807s
 996791 785616     cutoff   63        72.51702   64.59082  10.9%  58.0 2811s
 997296 788937     cutoff   71        72.51702   64.59132  10.9%  58.1 2816s
 1004437 793389     cutoff   72        72.51702   64.59414  10.9%  58.0 2823s
 1007213 793700   64.65889   49  118   72.51702   64.59536  10.9%  58.0 2825s
 1010394 798054   68.68275   42  294   72.51702   64.59737  10.9%  58.1 2832s
 1013126 800541   64.60700   46  201   72.51702   64.59816  10.9%  58.1 2836s
 1017038 808304     cutoff  102        72.51702   64.60001  10.9%  58.0 2851s
 1025694 808641   64.83278   33  257   72.51702   64.60266  10.9%  58.0 2856s
 1029143 813172     cutoff   60        72.51702   64.60392  10.9%  58.0 2862s
 1032258 815682     cutoff   47        72.51702   64.60546  10.9%  58.0 2868s
 1035111 817931   69.11041   43  269   72.51702   64.60613  10.9%  58.1 2871s
 1037901 820564     cutoff   43        72.51702   64.60744  10.9%  58.0 2875s
 1041595 822943     cutoff   60        72.51702   64.60909  10.9%  58.0 2884s
 1044284 825186     cutoff   97        72.51702   64.60992  10.9%  58.1 2888s
 1047095 827262   64.79318   57  209   72.51702   64.61112  10.9%  58.0 2892s
 1050150 829617   64.71421   43  272   72.51702   64.61242  10.9%  58.0 2897s
 1052689 831486   64.72155   56  205   72.51702   64.61332  10.9%  58.0 2900s
 1055505 833729     cutoff   59        72.51702   64.61454  10.9%  58.1 2907s
 1058017 835830     cutoff   51        72.51702   64.61529  10.9%  58.1 2910s
 1064042 838742 infeasible   47        72.51702   64.61718  10.9%  58.1 2920s
 1067142 841210   65.12661   51  208   72.51702   64.61825  10.9%  58.1 2937s
H1067259 841210                      72.5170216   64.61839  10.9%  58.1 2937s
 1067414 841471   64.62952   54  213   72.51702   64.61858  10.9%  58.1 2941s
 1070588 844089   70.05430   51  208   72.51702   64.61950  10.9%  58.1 2947s
 1071083 846646   64.72003   60  229   72.51702   64.61993  10.9%  58.1 2952s
 1074243 848945   65.62858   48  267   72.51702   64.62083  10.9%  58.1 2956s
 1077845 851387 infeasible   62        72.51702   64.62179  10.9%  58.1 2960s
 1080779 854126     cutoff   55        72.51702   64.62333  10.9%  58.1 2966s
 1083722 856752     cutoff   74        72.51702   64.62431  10.9%  58.1 2970s
 1089209 858801   64.87938   53  198   72.51702   64.62628  10.9%  58.1 2976s
 1092604 863242     cutoff   45        72.51702   64.62752  10.9%  58.0 2984s
 1095120 865260   69.05332   46  256   72.51702   64.62836  10.9%  58.0 2987s
 1098094 867797 infeasible   75        72.51702   64.62960  10.9%  58.0 2993s
 1100874 869686   67.52516   39  253   72.51702   64.63034  10.9%  58.0 2995s
 1105880 872247     cutoff   68        72.51702   64.63212  10.9%  58.0 3003s
 1106571 881902     cutoff   65        72.51702   64.63266  10.9%  58.0 3015s
 1118169 882225   64.73611   49  244   72.51702   64.63555  10.9%  58.0 3020s
H1118942 884116                      72.5170216   64.63582  10.9%  58.0 3024s
 1120926 886465     cutoff   74        72.51702   64.63638  10.9%  58.0 3027s
 1123797 888729   64.66583   58  169   72.51702   64.63726  10.9%  58.0 3031s
 1126542 889078     cutoff   55        72.51702   64.63840  10.9%  58.0 3035s
 1126984 902367     cutoff   72        72.51702   64.63858  10.9%  58.0 3052s
 1142851 902686 infeasible   49        72.51702   64.64151  10.9%  58.0 3057s
 1143273 903057   68.87031   47  248   72.51702   64.64160  10.9%  58.0 3060s
 1146465 907559     cutoff   57        72.51702   64.64262  10.9%  58.0 3066s
 1149211 909946   65.05716   87  231   72.51702   64.64320  10.9%  58.0 3070s
 1152637 913060   69.06669   49  159   72.51702   64.64456  10.9%  58.0 3076s
 1155872 915515     cutoff   88        72.51702   64.64537  10.9%  58.0 3080s
 1161571 917968   69.37554   43  180   72.51702   64.64703  10.9%  58.0 3086s
 1164951 922490   64.66428   34  223   72.51702   64.64826  10.9%  58.0 3094s
 1167404 924759   64.71206   52  195   72.51702   64.64899  10.8%  58.0 3098s
 1170140 925157     cutoff   54        72.51702   64.64974  10.8%  58.0 3101s
 1170626 938967     cutoff   62        72.51702   64.65011  10.8%  58.0 3118s
 1186642 939151     cutoff   80        72.51702   64.65306  10.8%  57.9 3123s
 1186898 939437     cutoff   45        72.51702   64.65314  10.8%  57.9 3125s
 1187314 941360     cutoff   69        72.51702   64.65328  10.8%  57.9 3130s
 1189667 942071     cutoff   58        72.51702   64.65393  10.8%  57.9 3135s
 1191676 945743   65.14237   53  246   72.51702   64.65443  10.8%  57.9 3142s
 1194984 947720     cutoff   68        72.51702   64.65558  10.8%  57.9 3145s
 1197705 950149   64.81083   46  280   72.51702   64.65639  10.8%  57.9 3152s
 1200451 952436   65.15355   54  178   72.51702   64.65716  10.8%  57.9 3155s
 1203178 953578     cutoff   67        72.51702   64.65792  10.8%  57.9 3161s
 1204603 955994     cutoff   52        72.51702   64.65824  10.8%  57.9 3165s
 1207957 958113     cutoff   82        72.51702   64.65926  10.8%  57.9 3171s
 1212851 962905     cutoff   36        72.51702   64.66051  10.8%  57.9 3178s
 1216029 963249 infeasible   73        72.51702   64.66149  10.8%  57.9 3181s
 1219532 968053   65.06070   44  307   72.51702   64.66272  10.8%  57.9 3187s
 1222285 969423     cutoff   92        72.51702   64.66337  10.8%  57.9 3190s
 1224909 971571 infeasible  100        72.51702   64.66409  10.8%  57.9 3195s
 1226882 974164     cutoff   67        72.51702   64.66495  10.8%  57.9 3201s
 1229689 976473     cutoff  124        72.51702   64.66554  10.8%  57.9 3205s
 1233443 979759     cutoff   44        72.51702   64.66701  10.8%  57.9 3213s
 1236482 980091     cutoff   74        72.51702   64.66771  10.8%  57.9 3216s
 1240353 984855     cutoff   48        72.51702   64.66883  10.8%  57.9 3222s
 1242741 986979   64.73523   34  167   72.51702   64.66951  10.8%  57.9 3225s
 1246600 990449   64.68529   49  157   72.51702   64.67051  10.8%  57.9 3233s
 1249555 991128   64.80700   52  245   72.51702   64.67111  10.8%  57.9 3236s
 1250464 993468 infeasible   59        72.51702   64.67164  10.8%  57.9 3240s
 1256080 996085   69.33680   47  251   72.51702   64.67293  10.8%  57.9 3247s
 1256546 1009125     cutoff   55        72.51702   64.67323  10.8%  57.9 3266s
 1272048 1009436   65.91477   34  271   72.51702   64.67608  10.8%  57.9 3270s
 1275185 1011952     cutoff   57        72.51702   64.67703  10.8%  57.9 3276s
 1275662 1014107   67.11840   72  324   72.51702   64.67721  10.8%  57.9 3280s
 1281468 1018403     cutoff   75        72.51702   64.67863  10.8%  57.9 3286s
 1284169 1021071   70.29353   57  236   72.51702   64.67966  10.8%  57.9 3293s
 1287045 1023357   65.29067   56  234   72.51702   64.68039  10.8%  57.9 3296s
 1291719 1025332     cutoff   65        72.51702   64.68163  10.8%  57.9 3303s
 1292216 1027661   65.41663   30  325   72.51702   64.68197  10.8%  57.9 3308s
 1295070 1029841   65.04370   47  292   72.51702   64.68275  10.8%  58.0 3311s
 1300283 1033907     cutoff   76        72.51702   64.68408  10.8%  58.0 3319s
 1302686 1034435     cutoff   83        72.51702   64.68494  10.8%  58.0 3322s
 1303308 1038253     cutoff   50        72.51702   64.68511  10.8%  58.0 3327s
 1307963 1040558     cutoff   62        72.51702   64.68602  10.8%  58.0 3331s
 1313714 1043304     cutoff   78        72.51702   64.68748  10.8%  58.0 3338s
 1314202 1045915   67.69389   38  231   72.51702   64.68778  10.8%  58.0 3342s
 1317232 1047729   65.15937   51  194   72.51702   64.68853  10.8%  58.0 3346s
 1320939 1051444   65.17255   48  186   72.51702   64.68961  10.8%  58.0 3353s
 1323947 1051904 infeasible   51        72.51702   64.69026  10.8%  58.0 3356s
 1324535 1054377   65.25718   54  246   72.51702   64.69066  10.8%  58.0 3360s
 1330443 1057179     cutoff   75        72.51702   64.69222  10.8%  58.0 3366s
 1331127 1059530   64.74627   53  154   72.51702   64.69252  10.8%  58.0 3370s
 1336782 1064158     cutoff   60        72.51702   64.69395  10.8%  58.0 3378s
 1339544 1065318     cutoff   46        72.51702   64.69470  10.8%  58.0 3381s
 1340937 1066989 infeasible   52        72.51702   64.69532  10.8%  58.0 3386s
 1343073 1069508     cutoff   78        72.51702   64.69556  10.8%  58.0 3390s
 1346566 1072036     cutoff   53        72.51702   64.69689  10.8%  58.0 3397s
 1349387 1074299     cutoff   51        72.51702   64.69761  10.8%  58.0 3400s
 1352740 1077171   65.39033   52  249   72.51702   64.69860  10.8%  58.0 3407s
 1355601 1079676     cutoff   43        72.51702   64.69938  10.8%  58.0 3410s
 1358523 1082011     cutoff   64        72.51702   64.69998  10.8%  58.0 3416s
 1361888 1084721   65.09519   47  211   72.51702   64.70093  10.8%  58.0 3422s
 1364654 1087178     cutoff   79        72.51702   64.70152  10.8%  58.0 3426s
 1370255 1089559 infeasible   50        72.51702   64.70290  10.8%  58.0 3432s
 1370664 1091711     cutoff   65        72.51702   64.70321  10.8%  58.0 3435s
 1375469 1093857   65.32855   62  183   72.51702   64.70417  10.8%  58.0 3442s
 1375938 1096176   64.70854   41  217   72.51702   64.70452  10.8%  58.0 3447s
 1378797 1098309   65.39534   51  242   72.51702   64.70527  10.8%  58.0 3450s
 1384053 1100798     cutoff   54        72.51702   64.70676  10.8%  58.0 3456s
 1385487 1103156   64.74044   48  175   72.51702   64.70714  10.8%  58.0 3460s
 1390418 1105836   64.85113   46  246   72.51702   64.70852  10.8%  58.0 3466s
 1390866 1107799     cutoff   46        72.51702   64.70882  10.8%  58.0 3470s
 1396552 1112412   64.99454   52  301   72.51702   64.71075  10.8%  58.0 3477s
 1399234 1112727     cutoff   50        72.51702   64.71142  10.8%  58.1 3482s
 1399704 1114697   69.42068   51  244   72.51702   64.71169  10.8%  58.1 3486s
 1404979 1117390     cutoff   48        72.51702   64.71346  10.8%  58.1 3493s
 1405632 1119867   66.51623   67  205   72.51702   64.71388  10.8%  58.1 3497s
 1408636 1122415   64.74646   51  141   72.51702   64.71451  10.8%  58.1 3501s
 1413610 1124222   65.05998   64  207   72.51702   64.71616  10.8%  58.1 3507s
 1414128 1126430     cutoff   34        72.51702   64.71636  10.8%  58.1 3510s
 1419608 1129379   64.77306   30  182   72.51702   64.71783  10.8%  58.1 3518s
 1420851 1131554     cutoff   52        72.51702   64.71844  10.8%  58.1 3522s
 1423615 1133713   66.16888   43  198   72.51702   64.71917  10.8%  58.1 3526s
 1426936 1136268     cutoff   50        72.51702   64.72033  10.8%  58.1 3532s
 1429711 1138121   64.97591   50  194   72.51702   64.72103  10.8%  58.1 3536s
 1432215 1140126     cutoff   87        72.51702   64.72190  10.7%  58.1 3540s
 1435522 1143018   64.79108   49  217   72.51702   64.72290  10.7%  58.2 3547s
 1438595 1145406     cutoff   61        72.51702   64.72384  10.7%  58.2 3551s
 1441496 1147284   68.72032   46  321   72.51702   64.72447  10.7%  58.2 3555s
 1444635 1149909     cutoff   80        72.51702   64.72569  10.7%  58.2 3562s
 1447359 1151772   65.12571   47  193   72.51702   64.72645  10.7%  58.2 3565s
 1452437 1154423     cutoff   77        72.51702   64.72763  10.7%  58.2 3572s
 1453047 1164797     cutoff   75        72.51702   64.72804  10.7%  58.2 3586s
 1465930 1165132   64.96794   51  199   72.51702   64.73053  10.7%  58.2 3591s
 1466400 1167146   65.07511   50  228   72.51702   64.73058  10.7%  58.2 3595s
 1470492 1170345   68.59877   32  327   72.51702   64.73164  10.7%  58.2 3603s
 1473044 1170779     cutoff  133        72.51702   64.73244  10.7%  58.2 3606s
 1473601 1181177   69.29902   47  190   72.51702   64.73264  10.7%  58.2 3623s
 1486195 1181561 infeasible   45        72.51702   64.73499  10.7%  58.2 3628s
 1486711 1183911     cutoff   39        72.51702   64.73506  10.7%  58.2 3632s
 1489701 1184369     cutoff   97        72.51702   64.73562  10.7%  58.2 3636s
 1490311 1186560     cutoff   81        72.51702   64.73592  10.7%  58.2 3640s
 1495508 1190761   65.04294   52  277   72.51702   64.73736  10.7%  58.2 3647s
 1498533 1191088     cutoff   76        72.51702   64.73792  10.7%  58.2 3650s
 1501796 1195565   66.13511   55  137   72.51702   64.73918  10.7%  58.2 3657s
 1504709 1195950   64.81770   52  201   72.51702   64.74011  10.7%  58.2 3660s
 1505275 1198172   67.52738   39  252   72.51702   64.74037  10.7%  58.2 3665s
 1510875 1202625     cutoff   51        72.51702   64.74184  10.7%  58.2 3672s
 1513643 1203042     cutoff   54        72.51702   64.74274  10.7%  58.2 3675s
 1516420 1206943     cutoff   62        72.51702   64.74327  10.7%  58.2 3682s
 1519380 1208842   64.83740   54  225   72.51702   64.74424  10.7%  58.2 3686s
 1522218 1211521     cutoff   59        72.51702   64.74516  10.7%  58.2 3693s
 1525172 1213532     cutoff   95        72.51702   64.74572  10.7%  58.2 3696s
 1527799 1214721   68.00546   68  300   72.51702   64.74663  10.7%  58.2 3701s
 1529470 1216918   64.77587   69  219   72.51702   64.74710  10.7%  58.2 3705s
 1532879 1219785   70.29888   54  252   72.51702   64.74828  10.7%  58.2 3711s
 1535814 1221832   64.85017   65  263   72.51702   64.74891  10.7%  58.2 3715s
 1540938 1224265     cutoff   76        72.51702   64.75026  10.7%  58.3 3722s
 1541535 1227109     cutoff   65        72.51702   64.75056  10.7%  58.3 3727s
 1545245 1229485   64.80207   57  208   72.51702   64.75140  10.7%  58.3 3731s
 1548346 1229893     cutoff   79        72.51702   64.75221  10.7%  58.3 3736s
 1548873 1232496   64.92767   41  239   72.51702   64.75247  10.7%  58.3 3740s
 1554966 1236849   64.87593   49  153   72.51702   64.75401  10.7%  58.3 3747s
 1557696 1238883   65.25005   46  252   72.51702   64.75470  10.7%  58.3 3750s
 1560873 1250841 infeasible   59        72.51702   64.75577  10.7%  58.3 3768s
 1574889 1251238   65.39087   45  260   72.51702   64.75786  10.7%  58.2 3775s
 1577704 1253404   66.09608   55  136   72.51702   64.75856  10.7%  58.2 3781s
 1578175 1255303 infeasible   27        72.51702   64.75871  10.7%  58.2 3785s
 1583795 1258031     cutoff   65        72.51702   64.76018  10.7%  58.2 3791s
 1584179 1260387   65.16278   44  256   72.51702   64.76053  10.7%  58.2 3795s
 1589656 1263368     cutoff   48        72.51702   64.76170  10.7%  58.2 3801s
 1591113 1265541   67.04067   47  265   72.51702   64.76217  10.7%  58.2 3806s
 1594591 1268029   65.06535   49  246   72.51702   64.76325  10.7%  58.2 3813s
 1597043 1270119   65.03710   52  259   72.51702   64.76361  10.7%  58.2 3817s
 1599708 1272553   64.79416   48  153   72.51702   64.76447  10.7%  58.2 3820s
 1603521 1283914     cutoff   84        72.51702   64.76576  10.7%  58.2 3837s
 1616536 1284221 infeasible   88        72.51702   64.76795  10.7%  58.2 3842s
 1616979 1285659     cutoff   75        72.51702   64.76798  10.7%  58.2 3845s
 1621328 1288078   65.06937   55  176   72.51702   64.76897  10.7%  58.2 3850s
 1624473 1292368     cutoff   83        72.51702   64.77000  10.7%  58.2 3858s
 1627484 1294303     cutoff   59        72.51702   64.77074  10.7%  58.2 3861s
 1630581 1296858     cutoff   54        72.51702   64.77158  10.7%  58.2 3867s
 1633249 1298880     cutoff   58        72.51702   64.77214  10.7%  58.2 3870s
 1638424 1301339     cutoff   80        72.51702   64.77337  10.7%  58.2 3879s
 1638890 1303441   66.18715   47  174   72.51702   64.77366  10.7%  58.2 3883s
 1641594 1304756   64.77727   55  194   72.51702   64.77424  10.7%  58.2 3886s
 1646052 1307377   64.83208   46  231   72.51702   64.77554  10.7%  58.2 3893s
 1646631 1320028   64.84238   58  215   72.51702   64.77579  10.7%  58.2 3909s
 1661678 1320400   65.08747   50  158   72.51702   64.77794  10.7%  58.2 3912s
 1662205 1320844     cutoff   64        72.51702   64.77806  10.7%  58.2 3917s
 1662795 1322856   65.11910   50  266   72.51702   64.77819  10.7%  58.2 3920s
 1667561 1325527   64.88308   57  182   72.51702   64.77917  10.7%  58.2 3937s
 1668773 1326872     cutoff   71        72.51702   64.77938  10.7%  58.2 3948s
 1670534 1337689     cutoff  100        72.51702   64.78002  10.7%  58.2 3961s
 1683897 1339192   64.99164   45  216   72.51702   64.78218  10.7%  58.1 3966s
 1685805 1341509   64.82574   48  212   72.51702   64.78226  10.7%  58.1 3971s
 1691762 1345812   64.81893   51  153   72.51702   64.78380  10.7%  58.1 3977s
 1694255 1347731     cutoff   95        72.51702   64.78432  10.7%  58.1 3982s
 1696631 1348119     cutoff   82        72.51702   64.78499  10.7%  58.1 3985s
 1699894 1352443   64.96171   52  205   72.51702   64.78571  10.7%  58.1 3992s
 1702492 1352799   66.57699   54  154   72.51702   64.78624  10.7%  58.1 3995s
 1705838 1357364   66.01762   42  218   72.51702   64.78705  10.7%  58.1 4001s
 1711338 1360083   65.00433   54  207   72.51702   64.78836  10.7%  58.1 4008s
 1711872 1372885     cutoff   48        72.51702   64.78853  10.7%  58.1 4027s
 1727330 1373126   72.39031   76  245   72.51702   64.79051  10.7%  58.1 4030s
 1728088 1375530   64.81473   44  232   72.51702   64.79068  10.7%  58.1 4036s
 1733482 1380517   65.00233   55  194   72.51702   64.79177  10.7%  58.1 4043s
 1736755 1380834   65.20276   82  324   72.51702   64.79243  10.7%  58.1 4047s
 1737188 1382978   64.94711   60  127   72.51702   64.79271  10.7%  58.1 4051s
 1739931 1383169   64.98376   42  190   72.51702   64.79303  10.7%  58.1 4060s
 1740779 1386287   64.84295   74  321   72.51702   64.79362  10.7%  58.1 4067s
 1744211 1388808 infeasible   48        72.51702   64.79413  10.6%  58.1 4070s
 1750038 1391320   65.19601   62  203   72.51702   64.79539  10.6%  58.1 4078s
 1750512 1393650     cutoff   60        72.51702   64.79579  10.6%  58.1 4081s
 1753495 1395354   65.02560   53  207   72.51702   64.79637  10.6%  58.1 4085s
 1755729 1397747   64.84571   39  215   72.51702   64.79673  10.6%  58.1 4091s
 1759315 1400666     cutoff   45        72.51702   64.79750  10.6%  58.1 4097s
 1762598 1402697   66.31204   47  158   72.51702   64.79816  10.6%  58.1 4100s
 1765642 1405400   65.06347   50  197   72.51702   64.79904  10.6%  58.1 4107s
 1768544 1407492   65.12606   53  216   72.51702   64.79966  10.6%  58.1 4110s
 1773822 1409679 infeasible   51        72.51702   64.80088  10.6%  58.1 4118s
 1774256 1411776     cutoff   67        72.51702   64.80114  10.6%  58.1 4121s
 1777042 1414367     cutoff   45        72.51702   64.80151  10.6%  58.1 4126s
 1780286 1414694     cutoff   74        72.51702   64.80231  10.6%  58.1 4130s
 1783845 1419056   64.83399   53  185   72.51702   64.80323  10.6%  58.0 4137s
 1787088 1421465     cutoff   86        72.51702   64.80382  10.6%  58.0 4142s
 1789719 1423351     cutoff   77        72.51702   64.80451  10.6%  58.0 4146s
 1793385 1424722 infeasible   56        72.51702   64.80523  10.6%  58.0 4151s
 1794158 1427252   66.36331   53  149   72.51702   64.80568  10.6%  58.1 4155s
 1800419 1432234   64.88062   48  230   72.51702   64.80714  10.6%  58.0 4165s
 1804126 1434600   65.64428   35  311   72.51702   64.80815  10.6%  58.0 4172s
 1806698 1436864   64.82928   62  149   72.51702   64.80840  10.6%  58.0 4175s
 1812413 1439403     cutoff   88        72.51702   64.80976  10.6%  58.0 4181s
 1815852 1443822   66.17315   54  144   72.51702   64.81058  10.6%  58.0 4188s
 1818643 1445738   64.87288   48  238   72.51702   64.81118  10.6%  58.0 4191s
 1821166 1447010   65.11698   64  219   72.51702   64.81187  10.6%  58.0 4197s
 1822900 1451016   64.87924   58  298   72.51702   64.81219  10.6%  58.0 4204s
 1827611 1451016   65.11089   51  220   72.51702   64.81308  10.6%  58.0 4205s
 1828238 1453585     cutoff   51        72.51702   64.81338  10.6%  58.0 4213s
 1831311 1454668 infeasible   53        72.51702   64.81385  10.6%  58.0 4216s
 1832746 1456970   65.07210   58  185   72.51702   64.81430  10.6%  58.0 4220s
 1838770 1459817     cutoff  103        72.51702   64.81567  10.6%  58.0 4227s
 1839362 1462078   65.05971   47  260   72.51702   64.81587  10.6%  58.0 4232s
 1842341 1464612   65.69058   47  199   72.51702   64.81656  10.6%  58.0 4236s
 1846828 1467748     cutoff   47        72.51702   64.81751  10.6%  58.0 4242s
 1849811 1468138   65.10408   63  157   72.51702   64.81817  10.6%  58.0 4245s
 1853024 1471740   65.42569   46  272   72.51702   64.81901  10.6%  58.0 4252s
 1855097 1473937   64.93091   57  214   72.51702   64.81920  10.6%  58.0 4256s
 1858544 1476415   64.85468   46  127   72.51702   64.82023  10.6%  58.0 4263s
 1861304 1478657 infeasible   73        72.51702   64.82069  10.6%  58.0 4268s
 1864163 1480926   69.73298  100  211   72.51702   64.82139  10.6%  58.0 4272s
 1867164 1481263     cutoff   48        72.51702   64.82213  10.6%  58.0 4275s
 1870912 1486032   64.90431   43  214   72.51702   64.82306  10.6%  58.0 4283s
 1873732 1486433   64.84800   39  174   72.51702   64.82365  10.6%  58.0 4285s
 1876921 1490574   69.28309   55  182   72.51702   64.82438  10.6%  58.0 4292s
 1879704 1490888   64.86904   66  318   72.51702   64.82491  10.6%  58.0 4295s
 1883064 1494992     cutoff   50        72.51702   64.82555  10.6%  58.0 4303s
 1885320 1495513     cutoff   60        72.51702   64.82599  10.6%  58.0 4307s
 1886084 1504178     cutoff   68        72.51702   64.82620  10.6%  58.0 4318s
 1896909 1504590   69.33845   53  229   72.51702   64.82792  10.6%  57.9 4323s
 1897434 1506781     cutoff   68        72.51702   64.82814  10.6%  57.9 4326s
 1900232 1508418   65.09142   57  259   72.51702   64.82852  10.6%  57.9 4330s
 1903018 1511133     cutoff   48        72.51702   64.82925  10.6%  57.9 4335s
 1905819 1513801   65.11075   50  246   72.51702   64.82966  10.6%  57.9 4342s
 1909605 1516243   65.12874   48  238   72.51702   64.83051  10.6%  57.9 4347s
 1912438 1518294   65.10142   56  192   72.51702   64.83116  10.6%  57.9 4351s
 1917099 1520356     cutoff   39        72.51702   64.83201  10.6%  57.9 4357s
 1917738 1522662   65.02081   45  180   72.51702   64.83236  10.6%  57.9 4361s
 1923507 1526769     cutoff   43        72.51702   64.83357  10.6%  57.9 4367s
 1926129 1527105     cutoff   59        72.51702   64.83412  10.6%  57.9 4370s
 1926609 1529618   65.44993   85  178   72.51702   64.83428  10.6%  57.9 4375s
 1932340 1533530   64.83886   62  123   72.51702   64.83541  10.6%  57.9 4381s
 1934838 1533739   64.88756   39  202   72.51702   64.83591  10.6%  57.9 4385s
 1937269 1537373     cutoff   61        72.51702   64.83646  10.6%  57.9 4391s
 1940426 1540056     cutoff   91        72.51702   64.83725  10.6%  57.9 4397s
 1943226 1542216   65.21354   84  268   72.51702   64.83781  10.6%  57.9 4400s
 1948508 1544706   65.11810   45  213   72.51702   64.83875  10.6%  57.9 4406s
 1949128 1555613   65.16705   56  245   72.51702   64.83890  10.6%  57.9 4422s
 1962748 1555902   64.93723   48  172   72.51702   64.84072  10.6%  57.8 4425s
 1963968 1558730     cutoff   56        72.51702   64.84092  10.6%  57.8 4431s
 1969462 1561230   64.88505   58  151   72.51702   64.84168  10.6%  57.8 4440s
 1970171 1571389     cutoff   46        72.51702   64.84209  10.6%  57.8 4456s
 1983343 1572147     cutoff   50        72.51702   64.84406  10.6%  57.8 4461s
 1983807 1574485     cutoff   64        72.51702   64.84423  10.6%  57.8 4465s
 1989672 1577129     cutoff   50        72.51702   64.84513  10.6%  57.8 4471s
 1990172 1579355     cutoff   70        72.51702   64.84539  10.6%  57.8 4475s
 1993115 1581507 infeasible   69        72.51702   64.84586  10.6%  57.8 4480s
 1996383 1584116   69.36931   45  194   72.51702   64.84655  10.6%  57.8 4486s
 1999337 1585900   65.00740   45  164   72.51702   64.84708  10.6%  57.8 4490s
 2002128 1588503   67.86921   42  205   72.51702   64.84769  10.6%  57.8 4496s
 2006950 1590347   64.95293   63  183   72.51702   64.84860  10.6%  57.8 4502s
 2007523 1590350   64.88612   62  287   72.51702   64.84876  10.6%  57.8 4518s
H2007525 1590350                      72.5170213   64.84878  10.6%  57.8 4519s
 2007552 1590817   64.92293   58  210   72.51702   64.84892  10.6%  57.8 4522s
 2008215 1593540   65.21591   59  208   72.51702   64.84906  10.6%  57.8 4526s
 2011529 1596172   65.06090   50  253   72.51702   64.84951  10.6%  57.8 4530s
 2015170 1597326     cutoff   65        72.51702   64.85030  10.6%  57.8 4536s
 2016229 1600341   65.17032   53  334   72.51702   64.85053  10.6%  57.8 4540s
 2022903 1603004   67.02712   49  244   72.51702   64.85158  10.6%  57.7 4546s
 2023377 1605371     cutoff   52        72.51702   64.85174  10.6%  57.7 4550s
 2026386 1607648     cutoff   51        72.51702   64.85212  10.6%  57.7 4555s
 2031633 1609890   64.85974   53  205   72.51702   64.85307  10.6%  57.7 4561s
 2032233 1612393   69.17977   52  184   72.51702   64.85331  10.6%  57.7 4565s
 2038010 1614658   65.23399   54  258   72.51702   64.85433  10.6%  57.7 4571s
 2041387 1619047     cutoff   66        72.51702   64.85496  10.6%  57.7 4577s
 2044034 1619241   69.03929   49  200   72.51702   64.85543  10.6%  57.7 4581s
 2044323 1619596   67.00669   72  206   72.51702   64.85552  10.6%  57.7 4586s
 2044781 1621704   64.93024   51  219   72.51702   64.85571  10.6%  57.7 4590s
 2049605 1623728     cutoff   67        72.51702   64.85637  10.6%  57.7 4597s
 2050310 1626404   66.35575   66  249   72.51702   64.85667  10.6%  57.7 4601s
 2053527 1628930     cutoff   82        72.51702   64.85729  10.6%  57.7 4605s
 2057342 1631607   65.21305   51  230   72.51702   64.85818  10.6%  57.7 4612s
 2060392 1633304     cutoff   78        72.51702   64.85878  10.6%  57.7 4615s
 2065361 1635748     cutoff   64        72.51702   64.85958  10.6%  57.7 4624s
 2065774 1637858   64.86992   61  177   72.51702   64.85979  10.6%  57.7 4627s
 2068378 1639861   66.32427   52  124   72.51702   64.86016  10.6%  57.7 4630s
 2071629 1642770   65.02467   50  205   72.51702   64.86081  10.6%  57.7 4636s
 2074619 1645414     cutoff   48        72.51702   64.86130  10.6%  57.6 4640s
 2078425 1648127   65.02151   48  175   72.51702   64.86216  10.6%  57.6 4646s
 2081233 1650280   65.36489   51  199   72.51702   64.86254  10.6%  57.6 4650s
 2085047 1652632   65.06410   67  310   72.51702   64.86317  10.6%  57.6 4658s
 2087213 1655090   65.23066   50  208   72.51702   64.86350  10.6%  57.6 4661s
 2090884 1657864   65.11222   58  265   72.51702   64.86422  10.6%  57.6 4667s
 2093982 1659905   64.92635   51  151   72.51702   64.86475  10.6%  57.6 4671s
 2097408 1670326     cutoff   65        72.51702   64.86538  10.6%  57.6 4689s
 2106514 1670326     cutoff   59        72.51702   64.86552  10.6%  57.6 4690s
 2110200 1672706   65.24717   54  222   72.51702   64.86706  10.5%  57.6 4696s
 2114770 1674586     cutoff   63        72.51702   64.86778  10.5%  57.6 4702s
 2115384 1677320     cutoff   94        72.51702   64.86806  10.5%  57.6 4705s
 2118719 1678526   65.12456   52  210   72.51702   64.86875  10.5%  57.6 4710s
 2120352 1682017   65.98154   68  194   72.51702   64.86894  10.5%  57.6 4715s
 2124979 1682402   68.40446   33  322   72.51702   64.86985  10.5%  57.6 4720s
 2125712 1684801   65.10556   42  290   72.51702   64.87004  10.5%  57.6 4725s
 2131351 1687029   65.28697   49  160   72.51702   64.87121  10.5%  57.6 4731s
 2132044 1689216 infeasible   71        72.51702   64.87150  10.5%  57.6 4735s
 2138287 1693161     cutoff   61        72.51702   64.87274  10.5%  57.6 4742s
 2140660 1693654   65.15752   56   69   72.51702   64.87335  10.5%  57.6 4746s
 2141360 1703080   65.40899   52  223   72.51702   64.87363  10.5%  57.6 4761s
 2153952 1703659     cutoff   74        72.51702   64.87517  10.5%  57.5 4767s
 2154372 1705722   66.89423   52  179   72.51702   64.87529  10.5%  57.5 4771s
 2157824 1708423   64.95207   64  195   72.51702   64.87599  10.5%  57.5 4778s
 2160810 1710368   66.61569   58  163   72.51702   64.87661  10.5%  57.5 4781s
 2163419 1712660   65.01268   46  262   72.51702   64.87701  10.5%  57.5 4785s
 2167086 1715513   65.06847   38  263   72.51702   64.87800  10.5%  57.5 4794s
 2170463 1715843     cutoff   57        72.51702   64.87852  10.5%  57.5 4797s
 2170902 1718215     cutoff   77        72.51702   64.87876  10.5%  57.5 4800s
 2176719 1720516   65.86363   55  258   72.51702   64.87997  10.5%  57.5 4807s
 2177279 1722546   65.10017   48  246   72.51702   64.88019  10.5%  57.5 4810s
 2181963 1724716 infeasible   50        72.51702   64.88112  10.5%  57.5 4817s
 2183023 1727180   64.95455   51  149   72.51702   64.88131  10.5%  57.5 4820s
 2186314 1729433   64.88264   58  172   72.51702   64.88189  10.5%  57.5 4825s
 2190056 1732155   69.47175   39  288   72.51702   64.88274  10.5%  57.5 4833s
 2193157 1733906     cutoff   94        72.51702   64.88331  10.5%  57.5 4836s
 2196299 1736135     cutoff   54        72.51702   64.88402  10.5%  57.5 4843s
 2198786 1738218   65.36960   56  261   72.51702   64.88454  10.5%  57.5 4846s
 2201782 1740294     cutoff   81        72.51702   64.88511  10.5%  57.5 4850s
 2205230 1742720     cutoff   95        72.51702   64.88581  10.5%  57.5 4856s
 2208035 1744989   65.09948   48  170   72.51702   64.88642  10.5%  57.5 4860s
 2211084 1745314   66.58232   56  155   72.51702   64.88703  10.5%  57.5 4865s
 2214715 1749377   65.35991   56  189   72.51702   64.88777  10.5%  57.5 4872s
 2217156 1749844   65.01478   49  220   72.51702   64.88828  10.5%  57.5 4875s
 2221148 1754264   65.04318   52  171   72.51702   64.88889  10.5%  57.5 4882s
 2223913 1756393   65.42026   55  143   72.51702   64.88955  10.5%  57.5 4885s
 2227382 1758732 infeasible   74        72.51702   64.89027  10.5%  57.5 4891s
 2230206 1760665     cutoff   78        72.51702   64.89069  10.5%  57.5 4896s
 2232901 1761272   65.35148   52  184   72.51702   64.89124  10.5%  57.5 4900s
 2233707 1763724   65.09139   44  214   72.51702   64.89159  10.5%  57.5 4905s
 2240193 1766583   64.92337   58  220   72.51702   64.89295  10.5%  57.5 4912s
 2240878 1769116   64.90680   48  212   72.51702   64.89309  10.5%  57.5 4916s
 2244233 1771173     cutoff   73        72.51702   64.89353  10.5%  57.5 4920s
 2249902 1773745   65.40469   47  282   72.51702   64.89458  10.5%  57.5 4926s
 2253510 1778288   65.10526   47  183   72.51702   64.89534  10.5%  57.5 4934s
 2256598 1779375   64.93504   56  216   72.51702   64.89586  10.5%  57.5 4938s
 2258032 1781910     cutoff   58        72.51702   64.89610  10.5%  57.5 4942s
 2261356 1782283     cutoff   36        72.51702   64.89677  10.5%  57.4 4945s
 2264714 1785752   67.70481   58  288   72.51702   64.89748  10.5%  57.4 4951s
 2267218 1788917   64.98884   60  265   72.51702   64.89800  10.5%  57.5 4957s
 2270671 1791070   68.06512   49  197   72.51702   64.89852  10.5%  57.4 4961s
 2274971 1794836 infeasible   66        72.51702   64.89935  10.5%  57.4 4969s
 2278635 1795177   65.11507   61  106   72.51702   64.89998  10.5%  57.4 4973s
 2279162 1797081   64.94825   51  223   72.51702   64.90018  10.5%  57.4 4976s
 2282375 1799618     cutoff   49        72.51702   64.90094  10.5%  57.4 4982s
 2285095 1801299     cutoff   66        72.51702   64.90137  10.5%  57.4 4987s
 2287454 1801761   65.00527   53  186   72.51702   64.90176  10.5%  57.4 4991s
 2291372 1806054   66.44405   62  173   72.51702   64.90256  10.5%  57.4 4998s
 2294070 1806579     cutoff   57        72.51702   64.90297  10.5%  57.4 5000s
 2297857 1811149   64.97802   55  186   72.51702   64.90392  10.5%  57.4 5009s
 2300893 1811494 infeasible   58        72.51702   64.90443  10.5%  57.4 5013s
 2301444 1814236   65.40678   41  284   72.51702   64.90468  10.5%  57.4 5017s
 2305134 1814665   67.56123   44  263   72.51702   64.90529  10.5%  57.4 5020s
 2308438 1818763   65.23141   49  177   72.51702   64.90590  10.5%  57.4 5027s
 2311220 1819141   65.04194   58  215   72.51702   64.90629  10.5%  57.4 5030s
 2314920 1823799     cutoff   89        72.51702   64.90700  10.5%  57.4 5036s
 2317858 1824224     cutoff   63        72.51702   64.90767  10.5%  57.4 5040s
 2318502 1826221   69.57810   44  264   72.51702   64.90779  10.5%  57.4 5046s
 2322776 1828402   65.61408   51  203   72.51702   64.90856  10.5%  57.4 5052s
 2324181 1831591   64.96640   75  320   72.51702   64.90870  10.5%  57.4 5057s
 2328295 1833796   66.52964   41  198   72.51702   64.90942  10.5%  57.4 5061s
 2331936 1836834 infeasible   71        72.51702   64.91014  10.5%  57.4 5068s
 2335408 1837261   64.94452   49  208   72.51702   64.91087  10.5%  57.4 5072s
 2335995 1839295     cutoff   58        72.51702   64.91107  10.5%  57.4 5077s
 2338769 1841698   64.94003   55  207   72.51702   64.91151  10.5%  57.4 5082s
 2341920 1842244 infeasible   48        72.51702   64.91210  10.5%  57.4 5085s
 2342717 1848010   65.01294   62  290   72.51702   64.91231  10.5%  57.4 5098s
 2350460 1848600   65.16808   63  227   72.51702   64.91311  10.5%  57.4 5102s
 2351240 1851182   66.63308   57  215   72.51702   64.91371  10.5%  57.4 5106s
 2354898 1851996     cutoff   38        72.51702   64.91435  10.5%  57.3 5110s
 2356025 1855036   64.96343   46  181   72.51702   64.91463  10.5%  57.3 5116s
 2360146 1857724   65.20861   58  110   72.51702   64.91512  10.5%  57.3 5120s
 2364258 1867833     cutoff   55        72.51702   64.91611  10.5%  57.3 5137s
 2376852 1867924     cutoff   47        72.51702   64.91749  10.5%  57.3 5140s
 2377529 1869624   65.16676   41  211   72.51702   64.91757  10.5%  57.3 5146s
 2379299 1870270     cutoff   57        72.51702   64.91781  10.5%  57.3 5151s
 2383297 1874859     cutoff   47        72.51702   64.91863  10.5%  57.3 5158s
 2386251 1875189   65.42295   46  191   72.51702   64.91904  10.5%  57.3 5161s
 2386823 1887538     cutoff   55        72.51702   64.91924  10.5%  57.3 5177s
 2402146 1887933     cutoff   93        72.51702   64.92056  10.5%  57.2 5180s
 2403272 1889774     cutoff   61        72.51702   64.92071  10.5%  57.2 5188s
 2405319 1890218     cutoff   71        72.51702   64.92084  10.5%  57.2 5190s
 2408937 1894805   65.12603   64  237   72.51702   64.92173  10.5%  57.2 5198s
 2412278 1895187     cutoff   67        72.51702   64.92234  10.5%  57.2 5201s
 2412846 1897360   65.20208   52  226   72.51702   64.92256  10.5%  57.2 5205s
 2417559 1900745 infeasible   53        72.51702   64.92327  10.5%  57.2 5211s
 2420933 1903424   65.13007   42  197   72.51702   64.92394  10.5%  57.2 5218s
 2423986 1904359     cutoff   81        72.51702   64.92437  10.5%  57.2 5222s
 2425298 1906416     cutoff   68        72.51702   64.92460  10.5%  57.2 5226s
 2427986 1906934   65.28106   53  240   72.51702   64.92515  10.5%  57.2 5230s
 2432050 1911948   64.93454   49  163   72.51702   64.92583  10.5%  57.2 5237s
 2435424 1912397   65.00270   46  182   72.51702   64.92635  10.5%  57.2 5241s
 2438830 1914886   65.02660   59  211   72.51702   64.92660  10.5%  57.2 5245s
 2441633 1917010     cutoff   94        72.51702   64.92731  10.5%  57.2 5251s
 2444793 1921206     cutoff   57        72.51702   64.92785  10.5%  57.2 5258s
 2447651 1921653   65.12798   52  319   72.51702   64.92839  10.5%  57.2 5262s
 2448226 1923827     cutoff   90        72.51702   64.92856  10.5%  57.2 5266s
 2452323 1926074   65.02904   50  168   72.51702   64.92910  10.5%  57.2 5270s
 2454781 1936958   69.50432   51  226   72.51702   64.92965  10.5%  57.2 5287s
 2467996 1937249   65.22626   44  157   72.51702   64.93104  10.5%  57.1 5293s
 2468366 1937690   65.03080   59  124   72.51702   64.93107  10.5%  57.1 5297s
 2468928 1939583   65.16987   50  217   72.51702   64.93113  10.5%  57.1 5300s
 2474010 1941820   69.46211   63  194   72.51702   64.93191  10.5%  57.1 5306s
 2474554 1944608   64.95589   53  190   72.51702   64.93204  10.5%  57.1 5310s
 2478735 1947061 infeasible   40        72.51702   64.93270  10.5%  57.1 5318s
 2481421 1948683     cutoff   51        72.51702   64.93311  10.5%  57.1 5321s
 2483587 1949065     cutoff   87        72.51702   64.93346  10.5%  57.1 5325s
 2487067 1953537     cutoff   52        72.51702   64.93414  10.5%  57.1 5332s
 2490603 1956505   64.96665   34  183   72.51702   64.93472  10.5%  57.1 5338s
 2493793 1958560   65.23245   50  152   72.51702   64.93517  10.5%  57.1 5341s
 2496574 1959022   64.95489   43  124   72.51702   64.93552  10.5%  57.1 5345s
 2497235 1969856   65.18377   57  165   72.51702   64.93569  10.5%  57.1 5361s
 2511697 1970575   65.02285   58  198   72.51702   64.93714  10.5%  57.1 5367s
 2512271 1972517   64.95119   67  107   72.51702   64.93722  10.5%  57.1 5370s
 2517415 1974836     cutoff   50        72.51702   64.93792  10.5%  57.1 5377s
 2518190 1982495   67.42361   45  210   72.51702   64.93815  10.5%  57.1 5392s
 2528415 1982960     cutoff   71        72.51702   64.93923  10.4%  57.0 5395s
 2532153 1985768   65.08783   54  176   72.51702   64.93994  10.4%  57.0 5402s
 2532876 1988107   65.19189   49  217   72.51702   64.94007  10.4%  57.0 5405s
 2538817 1990965   65.32514   51  235   72.51702   64.94106  10.4%  57.0 5414s
 2539902 1996322     cutoff   45        72.51702   64.94123  10.4%  57.0 5423s
 2546913 1996806   65.09301   72   64   72.51702   64.94190  10.4%  57.0 5428s
 2547576 1999441 infeasible   52        72.51702   64.94234  10.4%  57.0 5432s
 2551011 2000516   66.82011   52  207   72.51702   64.94270  10.4%  57.0 5435s
 2555524 2003176   66.79718   52  163   72.51702   64.94358  10.4%  57.0 5444s
 2556245 2005823     cutoff   51        72.51702   64.94386  10.4%  57.0 5450s
 2560773 2007799   65.07009   39  267   72.51702   64.94444  10.4%  57.0 5461s
 2562378 2015821   65.10861   53  136   72.51702   64.94468  10.4%  57.0 5473s
 2573018 2017919   65.53898   47  120   72.51702   64.94597  10.4%  57.0 5476s
 2575872 2020142   65.13345   53  236   72.51702   64.94641  10.4%  57.0 5480s
 2578844 2020565   65.85433   43  172   72.51702   64.94688  10.4%  57.0 5485s
 2582573 2023431   65.53494   53  233   72.51702   64.94747  10.4%  57.0 5492s
 2583294 2033276     cutoff   57        72.51702   64.94761  10.4%  57.0 5505s
 2596414 2034080   65.08585   79  296   72.51702   64.94897  10.4%  56.9 5510s
 2599005 2037654   65.04587   66  246   72.51702   64.94930  10.4%  56.9 5518s
 2601853 2038122   64.96073   47  191   72.51702   64.94979  10.4%  56.9 5523s
 2602499 2040417   65.04366   37  287   72.51702   64.94998  10.4%  56.9 5527s
 2605504 2042794   65.54576   42  178   72.51702   64.95039  10.4%  56.9 5531s
 2609195 2045456   65.04700   56  156   72.51702   64.95103  10.4%  56.9 5538s
 2612348 2047658   64.95178   52  165   72.51702   64.95139  10.4%  56.9 5541s
 2615877 2050368     cutoff   70        72.51702   64.95207  10.4%  56.9 5547s
 2618860 2052496   65.05019   47  147   72.51702   64.95245  10.4%  56.9 5550s
 2622125 2054871   66.16969   49  205   72.51702   64.95299  10.4%  56.9 5556s
 2624697 2055670   65.00959   57  126   72.51702   64.95334  10.4%  56.9 5561s
 2625787 2057654   65.05485   65  173   72.51702   64.95354  10.4%  56.9 5565s
 2631636 2060480     cutoff   56        72.51702   64.95442  10.4%  56.9 5572s
 2632183 2062527   65.17412   68  152   72.51702   64.95451  10.4%  56.9 5575s
 2635635 2065362 infeasible   50        72.51702   64.95505  10.4%  56.9 5582s
 2638799 2067585   65.12358   41  175   72.51702   64.95551  10.4%  56.9 5585s
 2641707 2067916   69.88378   46  274   72.51702   64.95597  10.4%  56.9 5590s
 2645261 2070901     cutoff   63        72.51702   64.95659  10.4%  56.9 5597s
 2646294 2073152     cutoff   48        72.51702   64.95680  10.4%  56.9 5602s
 2649351 2075306 infeasible   79        72.51702   64.95730  10.4%  56.9 5606s
 2653009 2077905   65.28907   48  172   72.51702   64.95803  10.4%  56.9 5612s
 2656134 2079872 infeasible   96        72.51702   64.95846  10.4%  56.9 5616s
 2659412 2082573   65.04840   63  195   72.51702   64.95908  10.4%  56.9 5622s
 2662466 2084638   65.02016   83  258   72.51702   64.95936  10.4%  56.9 5626s
 2665726 2087148   66.24737   42  195   72.51702   64.96017  10.4%  56.9 5632s
 2668631 2089278 infeasible   56        72.51702   64.96066  10.4%  56.9 5636s
 2671588 2089688     cutoff   54        72.51702   64.96115  10.4%  56.9 5640s
 2672212 2100355     cutoff   49        72.51702   64.96131  10.4%  56.9 5655s
 2686315 2100835   65.70752   49  249   72.51702   64.96261  10.4%  56.8 5661s
 2687446 2103483   65.12917   59  164   72.51702   64.96282  10.4%  56.8 5667s
 2690522 2105465   66.67016   60  224   72.51702   64.96317  10.4%  56.8 5671s
 2693240 2107798   65.57551   58  214   72.51702   64.96360  10.4%  56.8 5676s
 2696998 2110385   65.21771   60  185   72.51702   64.96438  10.4%  56.8 5682s
 2699966 2111108   65.18346   54  195   72.51702   64.96477  10.4%  56.8 5685s
 2703868 2115482     cutoff   74        72.51702   64.96536  10.4%  56.8 5692s
 2706805 2115918     cutoff   53        72.51702   64.96592  10.4%  56.8 5695s
 2710476 2120188     cutoff   58        72.51702   64.96648  10.4%  56.8 5703s
 2713404 2120651     cutoff   53        72.51702   64.96699  10.4%  56.8 5705s
 2714039 2122726   65.13900   56  173   72.51702   64.96720  10.4%  56.8 5711s
 2716803 2124793   65.08936   51  169   72.51702   64.96767  10.4%  56.8 5715s
 2720089 2127390     cutoff   42        72.51702   64.96827  10.4%  56.8 5721s
 2725917 2130119   65.23572   45  205   72.51702   64.96916  10.4%  56.8 5727s
 2726754 2132454   65.11924   44  156   72.51702   64.96933  10.4%  56.8 5730s
 2732477 2136632   65.27769   57  196   72.51702   64.96991  10.4%  56.8 5737s
 2735329 2136674   65.01245   50  219   72.51702   64.97061  10.4%  56.8 5745s
 2735444 2148722   65.68943   60  303   72.51702   64.97072  10.4%  56.8 5810s
 2751460 2154809   65.08928   57  220   72.51702   64.97193  10.4%  56.8 5820s
 2762234 2158774   65.08445   67  255   72.51702   64.97320  10.4%  56.7 5828s
 2765213 2160626     cutoff   62        72.51702   64.97374  10.4%  56.7 5831s
 2769570 2162096   65.11308   43  146   72.51702   64.97438  10.4%  56.7 5835s
 2772590 2165962     cutoff   43        72.51702   64.97499  10.4%  56.7 5841s
 2775341 2167434     cutoff   54        72.51702   64.97540  10.4%  56.7 5845s
 2779975 2171163   65.17776   40  192   72.51702   64.97619  10.4%  56.7 5852s
 2782553 2173408     cutoff   36        72.51702   64.97667  10.4%  56.7 5857s
 2785805 2175295   65.16331   61  166   72.51702   64.97711  10.4%  56.7 5860s
 2790672 2178638   65.04881   61  221   72.51702   64.97777  10.4%  56.7 5866s
 2795355 2181619   65.03028   56  162   72.51702   64.97865  10.4%  56.7 5872s
 2797230 2183302     cutoff   61        72.51702   64.97894  10.4%  56.7 5875s
 2801994 2186555   65.12555   57  164   72.51702   64.97976  10.4%  56.7 5880s
 2804506 2188804     cutoff   53        72.51702   64.98023  10.4%  56.7 5885s
 2807755 2190464   65.02144   49  275   72.51702   64.98083  10.4%  56.7 5890s
 2812206 2193864     cutoff   52        72.51702   64.98164  10.4%  56.7 5896s
 2817116 2197248   65.09433   41  204   72.51702   64.98253  10.4%  56.7 5902s
 2819478 2198971   65.06064   47  181   72.51702   64.98303  10.4%  56.7 5905s
 2823874 2202000   65.00613   62  197   72.51702   64.98379  10.4%  56.7 5911s
 2826365 2203886     cutoff   61        72.51702   64.98429  10.4%  56.7 5915s
 2831823 2207520   65.02394   58  191   72.51702   64.98535  10.4%  56.7 5922s
 2834277 2207902     cutoff   59        72.51702   64.98569  10.4%  56.7 5926s
 2837490 2211613   65.18798   40  174   72.51702   64.98658  10.4%  56.7 5933s
 2840368 2211947     cutoff   55        72.51702   64.98695  10.4%  56.7 5935s
 2843594 2215283   66.89541   51  274   72.51702   64.98765  10.4%  56.7 5943s
 2845985 2215744   65.10857   62  146   72.51702   64.98811  10.4%  56.7 5946s
 2846812 2216252   65.09199   54  167   72.51702   64.98844  10.4%  56.7 5953s
 2847575 2225933   65.03381   55  179   72.51702   64.98854  10.4%  56.7 5967s
 2860403 2226102   65.20495   58  204   72.51702   64.98985  10.4%  56.7 5972s
 2861234 2226807   64.99098   55  170   72.51702   64.98998  10.4%  56.7 5978s
 2861962 2227351     cutoff   61        72.51702   64.99017  10.4%  56.7 5981s
 2865564 2231361   67.70967   43  323   72.51702   64.99065  10.4%  56.7 5988s
 2868504 2232103     cutoff   48        72.51702   64.99121  10.4%  56.7 5992s
 2869609 2237326     cutoff   91        72.51702   64.99152  10.4%  56.7 6001s
 2877424 2239914     cutoff   49        72.51702   64.99262  10.4%  56.7 6008s
 2880455 2240248     cutoff   73        72.51702   64.99307  10.4%  56.7 6013s
 2881028 2242247     cutoff   99        72.51702   64.99335  10.4%  56.7 6017s
 2883884 2244223     cutoff   43        72.51702   64.99375  10.4%  56.7 6021s
 2887325 2246658     cutoff   56        72.51702   64.99453  10.4%  56.7 6028s
 2890319 2247568 infeasible   55        72.51702   64.99492  10.4%  56.7 6031s
 2891724 2251301   65.62282   55  201   72.51702   64.99526  10.4%  56.7 6037s
 2896931 2251723   64.99622   61  107   72.51702   64.99607  10.4%  56.7 6042s
 2897640 2253822   65.41955   64  131   72.51702   64.99629  10.4%  56.7 6046s
 2900836 2254271   65.77842   54  163   72.51702   64.99682  10.4%  56.7 6051s
 2901516 2256619   65.72612   57  191   72.51702   64.99710  10.4%  56.7 6055s
 2907697 2259090     cutoff   67        72.51702   64.99811  10.4%  56.7 6062s
 2908730 2261070     cutoff   77        72.51702   64.99832  10.4%  56.7 6066s
 2912368 2271309   69.43892   52  114   72.51702   64.99912  10.4%  56.7 6083s
 2925039 2271592   65.14255   65  108   72.51702   65.00032  10.4%  56.7 6087s
 2925456 2272014   65.06731   56  174   72.51702   65.00036  10.4%  56.7 6091s
 2928679 2275586     cutoff   56        72.51702   65.00089  10.4%  56.7 6097s
 2931254 2275927   68.71120   50  293   72.51702   65.00128  10.4%  56.7 6100s
 2934513 2279203     cutoff   47        72.51702   65.00181  10.4%  56.7 6107s
 2936628 2279645     cutoff   60        72.51702   65.00223  10.4%  56.7 6111s
 2937546 2282820   65.26104   52  182   72.51702   65.00261  10.4%  56.7 6117s
 2942124 2283236   65.17392   43  208   72.51702   65.00320  10.4%  56.7 6121s
 2942729 2285582     cutoff   48        72.51702   65.00347  10.4%  56.7 6125s
 2946242 2287399     cutoff   62        72.51702   65.00416  10.4%  56.7 6130s
 2949700 2290067     cutoff   57        72.51702   65.00487  10.4%  56.7 6138s
 2953001 2292115   65.20137   44  195   72.51702   65.00535  10.4%  56.7 6143s
 2956041 2292692     cutoff   42        72.51702   65.00603  10.4%  56.7 6146s
 2956990 2298345   65.02538   48  255   72.51702   65.00631  10.4%  56.7 6155s
 2965388 2300649     cutoff   49        72.51702   65.00751  10.4%  56.7 6162s
 2968147 2301029   65.81791   66  149   72.51702   65.00789  10.4%  56.7 6165s
 2968909 2303025   65.25295   46  219   72.51702   65.00821  10.4%  56.7 6171s
 2971788 2305161     cutoff   59        72.51702   65.00863  10.4%  56.7 6175s
 2975454 2307681     cutoff   59        72.51702   65.00944  10.4%  56.7 6182s
 2978640 2309135     cutoff   73        72.51702   65.00977  10.4%  56.7 6187s
 2980715 2309539     cutoff   66        72.51702   65.01020  10.4%  56.7 6190s
 2981446 2312762     cutoff   56        72.51702   65.01055  10.4%  56.7 6196s
 2986033 2314525   65.02064   47  141   72.51702   65.01100  10.4%  56.7 6200s
 2989709 2316920   65.16638   49  164   72.51702   65.01199  10.3%  56.7 6207s
 2992642 2318765     cutoff   58        72.51702   65.01235  10.3%  56.7 6211s
 2995443 2319194     cutoff   60        72.51702   65.01303  10.3%  56.8 6217s
 2996135 2321447   65.02031   48  150   72.51702   65.01328  10.3%  56.8 6221s
 2999430 2321845   65.13746   56  125   72.51702   65.01380  10.3%  56.8 6225s
 3000091 2331722     cutoff   47        72.51702   65.01397  10.3%  56.8 6238s
 3013396 2331920   65.80504   47  150   72.51702   65.01513  10.3%  56.7 6241s
 3014492 2333838     cutoff   69        72.51702   65.01533  10.3%  56.7 6247s
 3016784 2334255   65.23152   48  144   72.51702   65.01569  10.3%  56.7 6250s
 3020072 2338240     cutoff   55        72.51702   65.01636  10.3%  56.7 6257s
 3023167 2338581     cutoff   58        72.51702   65.01688  10.3%  56.7 6260s
 3023640 2340304     cutoff   46        72.51702   65.01702  10.3%  56.7 6266s
 3027058 2342837   65.59880   53  244   72.51702   65.01762  10.3%  56.7 6273s
 3029858 2344492     cutoff   56        72.51702   65.01817  10.3%  56.8 6276s
 3032437 2344943     cutoff   53        72.51702   65.01866  10.3%  56.8 6280s
 3036424 2349228     cutoff   49        72.51702   65.01943  10.3%  56.8 6288s
 3039455 2349551     cutoff   66        72.51702   65.01998  10.3%  56.8 6292s
 3040055 2351547   65.43957   74  244   72.51702   65.02017  10.3%  56.8 6296s
 3043752 2361251     cutoff   72        72.51702   65.02076  10.3%  56.8 6314s
 3056211 2361612   66.01338   44  236   72.51702   65.02201  10.3%  56.7 6317s
 3056783 2362997   69.34333   47  175   72.51702   65.02205  10.3%  56.7 6320s
 3059325 2365178     cutoff   60        72.51702   65.02251  10.3%  56.8 6326s
 3061868 2366500   65.15136   61  168   72.51702   65.02281  10.3%  56.8 6330s
 3064682 2374704   65.69282   53  247   72.51702   65.02340  10.3%  56.8 6345s
 3075012 2374831     cutoff   73        72.51702   65.02459  10.3%  56.7 6354s
 3075209 2375093     cutoff   49        72.51702   65.02461  10.3%  56.7 6358s
 3075768 2375481     cutoff   67        72.51702   65.02467  10.3%  56.7 6361s
 3079152 2377785   65.19018   73  196   72.51702   65.02530  10.3%  56.8 6367s
 3079742 2379824     cutoff   64        72.51702   65.02540  10.3%  56.8 6371s
 3082772 2380486   65.32058   35  281   72.51702   65.02583  10.3%  56.8 6375s
 3086820 2383116   65.12710   73  193   72.51702   65.02653  10.3%  56.8 6382s
 3087430 2393078     cutoff   47        72.51702   65.02667  10.3%  56.8 6396s
 3101526 2393789     cutoff   37        72.51702   65.02778  10.3%  56.7 6402s
 3102069 2395491     cutoff   60        72.51702   65.02787  10.3%  56.7 6405s
 3105181 2397693   66.12428   45  155   72.51702   65.02836  10.3%  56.7 6413s
 3107788 2398160   65.59444   50  179   72.51702   65.02876  10.3%  56.7 6417s
 3108512 2406366   65.92764   43  246   72.51702   65.02904  10.3%  56.7 6430s
 3120192 2406982     cutoff   54        72.51702   65.03018  10.3%  56.7 6437s
 3120696 2408854   66.06300   50  216   72.51702   65.03029  10.3%  56.7 6440s
 3126083 2411261   70.23955   65  288   72.51702   65.03113  10.3%  56.7 6448s
 3126828 2413207   65.22378   50  236   72.51702   65.03129  10.3%  56.7 6452s
 3129758 2415190   65.27175   72  220   72.51702   65.03180  10.3%  56.7 6455s
 3133085 2417543   65.09314   46  143   72.51702   65.03241  10.3%  56.7 6464s
 3136201 2419330     cutoff   48        72.51702   65.03292  10.3%  56.7 6468s
 3138663 2419654     cutoff   66        72.51702   65.03331  10.3%  56.7 6472s
 3139208 2421726     cutoff   42        72.51702   65.03354  10.3%  56.7 6476s
 3144973 2423955   66.97852   58  269   72.51702   65.03441  10.3%  56.8 6484s
 3145441 2425839     cutoff   65        72.51702   65.03456  10.3%  56.8 6488s
 3148188 2426273     cutoff   56        72.51702   65.03491  10.3%  56.8 6491s
 3148931 2428101   65.39409   55  208   72.51702   65.03507  10.3%  56.8 6495s
 3154470 2430407     cutoff   60        72.51702   65.03599  10.3%  56.8 6502s
 3155046 2432334     cutoff   45        72.51702   65.03614  10.3%  56.8 6508s
 3157962 2432768   65.07264   48  200   72.51702   65.03674  10.3%  56.8 6512s
 3158687 2435111   66.15983   56  196   72.51702   65.03692  10.3%  56.8 6517s
 3162064 2437067     cutoff   64        72.51702   65.03742  10.3%  56.8 6520s
 3164993 2437480     cutoff   57        72.51702   65.03789  10.3%  56.8 6525s
 3168606 2441585   65.36527   44  196   72.51702   65.03854  10.3%  56.8 6532s
 3171437 2441978     cutoff   52        72.51702   65.03895  10.3%  56.8 6535s
 3175103 2444337     cutoff   71        72.51702   65.03962  10.3%  56.8 6542s
 3175653 2446547     cutoff   70        72.51702   65.03981  10.3%  56.8 6546s
 3178688 2448246     cutoff   56        72.51702   65.04020  10.3%  56.8 6550s
 3181803 2450592     cutoff   50        72.51702   65.04082  10.3%  56.8 6556s
 3184710 2452227     cutoff   61        72.51702   65.04132  10.3%  56.8 6560s
 3187235 2452669   65.11313   58  193   72.51702   65.04173  10.3%  56.8 6566s
 3187891 2454701     cutoff   64        72.51702   65.04194  10.3%  56.8 6570s
 3193761 2457137   65.30845   57  172   72.51702   65.04287  10.3%  56.8 6577s
 3194451 2466041   65.40483   69  113   72.51702   65.04304  10.3%  56.8 6590s
 3206467 2466429     cutoff   54        72.51702   65.04421  10.3%  56.8 6596s
 3207531 2467257   65.21446   62  239   72.51702   65.04439  10.3%  56.8 6602s
 3208342 2469154     cutoff   53        72.51702   65.04454  10.3%  56.8 6606s
 3211187 2471103     cutoff   48        72.51702   65.04491  10.3%  56.8 6610s
 3214671 2473332     cutoff   84        72.51702   65.04559  10.3%  56.8 6619s
 3217427 2474930   65.21645   50  183   72.51702   65.04599  10.3%  56.8 6623s
 3219729 2475350   65.39852   61  168   72.51702   65.04626  10.3%  56.9 6626s
 3220398 2477334   65.19223   54  132   72.51702   65.04650  10.3%  56.9 6630s
 3226111 2479682   66.20858   53  212   72.51702   65.04747  10.3%  56.9 6637s
 3226814 2481423     cutoff   62        72.51702   65.04773  10.3%  56.9 6640s
 3229507 2483014   65.17072   51  194   72.51702   65.04807  10.3%  56.9 6645s
 3232560 2485712   66.21213   54  222   72.51702   65.04870  10.3%  56.9 6652s
 3235772 2487671     cutoff   45        72.51702   65.04914  10.3%  56.9 6656s
 3238563 2487668     cutoff   52        72.51702   65.04959  10.3%  56.9 6670s
 3238600 2488022   65.11685   58  170   72.51702   65.04973  10.3%  56.9 6676s
 3239158 2488544 infeasible   67        72.51702   65.04987  10.3%  56.9 6680s
 3240024 2491035   65.48397   46  200   72.51702   65.05005  10.3%  56.9 6685s
 3243704 2491560   65.36040   78  167   72.51702   65.05060  10.3%  56.9 6690s
 3244611 2492038   69.75583   36  186   72.51702   65.05073  10.3%  56.9 6698s
 3245252 2492740     cutoff   58        72.51702   65.05092  10.3%  56.9 6702s
 3246384 2495883   65.06023   50  174   72.51702   65.05118  10.3%  56.9 6708s
 3250933 2497983   65.28400   62  203   72.51702   65.05169  10.3%  56.9 6713s
 3253992 2498549     cutoff   53        72.51702   65.05241  10.3%  56.9 6718s
 3254980 2501048     cutoff   53        72.51702   65.05263  10.3%  56.9 6724s
 3258793 2503051     cutoff   63        72.51702   65.05323  10.3%  56.9 6728s
 3261718 2503432   65.51363   51  275   72.51702   65.05392  10.3%  56.9 6732s
 3262322 2504949   65.58935   63  124   72.51702   65.05405  10.3%  56.9 6736s
 3265602 2507547     cutoff   76        72.51702   65.05478  10.3%  56.9 6744s
 3268710 2509881   65.50142   49  219   72.51702   65.05522  10.3%  56.9 6748s
 3271941 2510368   65.10856   33  215   72.51702   65.05586  10.3%  57.0 6752s
 3272821 2512316     cutoff   52        72.51702   65.05603  10.3%  57.0 6755s
 3276734 2515276   65.30432   66  201   72.51702   65.05660  10.3%  57.0 6763s
 3279988 2515662   65.42677   68  170   72.51702   65.05718  10.3%  57.0 6767s
 3280603 2525427   65.44301   58  180   72.51702   65.05735  10.3%  57.0 6784s
 3293238 2525760 infeasible   45        72.51702   65.05844  10.3%  57.0 6787s
 3293813 2526210     cutoff   67        72.51702   65.05848  10.3%  57.0 6791s
 3294522 2528030   66.01398   57  166   72.51702   65.05861  10.3%  57.0 6795s
 3299360 2529931     cutoff   62        72.51702   65.05927  10.3%  57.0 6802s
 3300213 2531875 infeasible   52        72.51702   65.05967  10.3%  57.0 6806s
 3303204 2533883   65.11690   59  152   72.51702   65.06015  10.3%  57.0 6810s
 3306064 2534227     cutoff   52        72.51702   65.06069  10.3%  57.0 6816s
 3306622 2536078     cutoff   92        72.51702   65.06081  10.3%  57.0 6820s
 3311962 2538192   65.18068   61  157   72.51702   65.06175  10.3%  57.0 6830s
 3315933 2542077     cutoff   56        72.51702   65.06246  10.3%  57.0 6838s
 3318848 2542519     cutoff   44        72.51702   65.06312  10.3%  57.0 6841s
 3319648 2544617   69.73476   48  115   72.51702   65.06338  10.3%  57.0 6845s
 3322734 2545047     cutoff   55        72.51702   65.06384  10.3%  57.0 6850s
 3326606 2549040 infeasible   51        72.51702   65.06445  10.3%  57.0 6858s
 3329299 2549374   65.37393   45  255   72.51702   65.06498  10.3%  57.0 6861s
 3329910 2551468   71.62017   49  226   72.51702   65.06514  10.3%  57.0 6865s
 3333792 2554190     cutoff   52        72.51702   65.06596  10.3%  57.0 6873s
 3337196 2554970     cutoff   71        72.51702   65.06642  10.3%  57.0 6876s
 3338475 2556710   65.09494   67  180   72.51702   65.06677  10.3%  57.0 6882s
 3341213 2558440   65.20211   76  147   72.51702   65.06698  10.3%  57.0 6887s
 3343877 2558934     cutoff   49        72.51702   65.06760  10.3%  57.0 6890s
 3344709 2560855   65.16311   42  111   72.51702   65.06786  10.3%  57.1 6895s
 3348387 2568518   65.17207   53  144   72.51702   65.06852  10.3%  57.1 6910s
 3358905 2569329     cutoff   46        72.51702   65.06970  10.3%  57.1 6917s
 3359592 2571360   65.08456   38  226   72.51702   65.06980  10.3%  57.1 6920s
 3364644 2573236   65.56841   54  176   72.51702   65.07060  10.3%  57.1 6930s
 3368171 2576975     cutoff   45        72.51702   65.07123  10.3%  57.1 6938s
 3370934 2577382     cutoff   61        72.51702   65.07172  10.3%  57.1 6941s
 3371579 2579464   66.12369   56   92   72.51702   65.07193  10.3%  57.1 6945s
 3375474 2581810   65.34336   46  214   72.51702   65.07258  10.3%  57.1 6952s
 3378434 2582672   65.25270   56  219   72.51702   65.07310  10.3%  57.1 6956s
 3379807 2584560     cutoff   61        72.51702   65.07335  10.3%  57.1 6960s
 3382638 2585041   66.78737   57  142   72.51702   65.07383  10.3%  57.1 6965s
 3386620 2589323   66.07022   47   83   72.51702   65.07450  10.3%  57.1 6973s
 3389862 2589833     cutoff   52        72.51702   65.07504  10.3%  57.1 6977s
 3390678 2597297     cutoff   50        72.51702   65.07533  10.3%  57.1 6990s
 3400849 2597794   65.89705   39  197   72.51702   65.07639  10.3%  57.1 6996s
 3401579 2599523     cutoff   57        72.51702   65.07646  10.3%  57.1 7000s
 3404791 2602000     cutoff   63        72.51702   65.07715  10.3%  57.1 7007s
 3407791 2603600   65.11971   57  159   72.51702   65.07771  10.3%  57.1 7011s
 3410865 2606096     cutoff   67        72.51702   65.07830  10.3%  57.1 7019s
 3413827 2606816   66.55994   55  177   72.51702   65.07878  10.3%  57.1 7022s
 3414937 2608738   65.38117   50  241   72.51702   65.07896  10.3%  57.1 7025s
 3418760 2611169   65.58332   40  242   72.51702   65.07970  10.3%  57.1 7032s
 3421749 2611714   65.83275   48  180   72.51702   65.08015  10.3%  57.1 7036s
 3422671 2613716   65.10867   59  270   72.51702   65.08048  10.3%  57.1 7042s
 3425650 2615354   65.16808   76  256   72.51702   65.08098  10.3%  57.2 7046s
 3428031 2615722 infeasible   54        72.51702   65.08138  10.3%  57.2 7050s
 3428783 2617993     cutoff   46        72.51702   65.08154  10.3%  57.2 7055s
 3432975 2626592     cutoff   51        72.51702   65.08218  10.3%  57.2 7071s
 3444009 2626883     cutoff   62        72.51702   65.08320  10.3%  57.1 7075s
 3445262 2627971   65.41023   51  197   72.51702   65.08338  10.3%  57.2 7082s
 3446282 2629721   65.65031   46  215   72.51702   65.08360  10.3%  57.2 7086s
 3448966 2630210     cutoff   50        72.51702   65.08402  10.3%  57.2 7090s
 3449744 2632482   65.78185   46  197   72.51702   65.08422  10.2%  57.2 7096s
 3452998 2634050 infeasible   40        72.51702   65.08476  10.2%  57.2 7101s
 3456148 2637315   65.52713   52  248   72.51702   65.08538  10.2%  57.2 7110s
 3461302 2640554     cutoff   61        72.51702   65.08620  10.2%  57.2 7118s
 3464940 2641077   65.35797   60  200   72.51702   65.08677  10.2%  57.2 7122s
 3465755 2643036   67.27248   70  220   72.51702   65.08695  10.2%  57.2 7127s
 3468739 2643689     cutoff   49        72.51702   65.08727  10.2%  57.2 7131s
 3469876 2645999     cutoff   68        72.51702   65.08762  10.2%  57.2 7135s
 3473456 2647780 infeasible   84        72.51702   65.08815  10.2%  57.2 7140s
 3477019 2650559   65.43799   51  186   72.51702   65.08897  10.2%  57.2 7150s
 3481107 2653429     cutoff   65        72.51702   65.08966  10.2%  57.2 7158s
 3484635 2654112     cutoff   69        72.51702   65.09028  10.2%  57.2 7162s
 3485722 2656372   65.79860   40  198   72.51702   65.09044  10.2%  57.2 7166s
 3488874 2658571 infeasible   88        72.51702   65.09080  10.2%  57.2 7170s
 3492772 2661051   65.40764   58  186   72.51702   65.09154  10.2%  57.3 7178s
 3495789 2662243     cutoff   58        72.51702   65.09198  10.2%  57.3 7182s
 3497639 2662793   65.29573   56  180   72.51702   65.09239  10.2%  57.3 7186s
 3498626 2666739     cutoff   60        72.51702   65.09261  10.2%  57.3 7193s
 3504246 2667296     cutoff   54        72.51702   65.09332  10.2%  57.3 7199s
 3505219 2667690     cutoff   70        72.51702   65.09346  10.2%  57.3 7200s

Cutting planes:
  Learned: 2
  Gomory: 422
  Lift-and-project: 16
  Cover: 1169
  Implied bound: 1290
  Projected implied bound: 27
  MIR: 1970
  StrongCG: 6
  Flow cover: 3151
  GUB cover: 6
  Inf proof: 84
  Zero half: 16
  RLT: 218
  Relax-and-lift: 190

Explored 3505841 nodes (200788704 simplex iterations) in 7200.08 seconds (12588.09 work units)
Thread count was 32 (of 32 available processors)

Solution count 10: 72.517 72.517 72.517 ... 72.548

Time limit reached
Best objective 7.251702128493e+01, best bound 6.509370169378e+01, gap 10.2367%

Gurobi 9.5.2 (linux64) logging started Thu Jul 30 06:27:37 2026

Set parameter LogFile to value "logs/oracle_RmediumCfewTtight_2_gurobi.log"
Gurobi Optimizer version 9.5.2 build v9.5.2rc0 (linux64)
Thread count: 16 physical cores, 32 logical processors, using up to 32 threads
Optimize a model with 5781 rows, 3152 columns and 69505 nonzeros
Model fingerprint: 0xdfb8d68f
Variable types: 1972 continuous, 1180 integer (1180 binary)
Coefficient statistics:
  Matrix range     [3e-02, 1e+03]
  Objective range  [1e+00, 1e+00]
  Bounds range     [1e+00, 4e+01]
  RHS range        [2e-01, 5e+02]

User MIP start did not produce a new incumbent solution
User MIP start violates constraint c_l_x8617_ by 1.000000000

Presolve removed 1836 rows and 636 columns
Presolve time: 0.81s
Presolved: 3945 rows, 2516 columns, 59672 nonzeros
Variable types: 1500 continuous, 1016 integer (1016 binary)
Root relaxation presolve removed 167 rows and 65 columns
Root relaxation presolved: 3778 rows, 2451 columns, 34737 nonzeros


Root relaxation: objective 5.907339e+01, 4163 iterations, 1.04 seconds (0.51 work units)
Another try with MIP start

    Nodes    |    Current Node    |     Objective Bounds      |     Work
 Expl Unexpl |  Obj  Depth IntInf | Incumbent    BestBd   Gap | It/Node Time

H    0     0                      75.3288187   59.07339  21.6%     -    3s
     0     0   59.07339    0  181   75.32882   59.07339  21.6%     -    3s
     0     0   60.25487    0  266   75.32882   60.25487  20.0%     -    5s
     0     0   60.25703    0  264   75.32882   60.25703  20.0%     -    5s
     0     0   60.25703    0  264   75.32882   60.25703  20.0%     -    5s
     0     0   60.63548    0  311   75.32882   60.63548  19.5%     -    6s
     0     0   60.66794    0  276   75.32882   60.66794  19.5%     -    7s
     0     0   60.66834    0  282   75.32882   60.66834  19.5%     -    7s
     0     0   60.66840    0  293   75.32882   60.66840  19.5%     -    7s
     0     0   60.86520    0  339   75.32882   60.86520  19.2%     -    9s
     0     0   60.89085    0  356   75.32882   60.89085  19.2%     -    9s
     0     0   60.89783    0  352   75.32882   60.89783  19.2%     -    9s
     0     0   60.89812    0  354   75.32882   60.89812  19.2%     -   10s
     0     0   61.01705    0  314   75.32882   61.01705  19.0%     -   11s
     0     0   61.03144    0  331   75.32882   61.03144  19.0%     -   11s
     0     0   61.03770    0  313   75.32882   61.03770  19.0%     -   11s
     0     0   61.04050    0  313   75.32882   61.04050  19.0%     -   12s
     0     0   61.04139    0  318   75.32882   61.04139  19.0%     -   12s
     0     0   61.04139    0  321   75.32882   61.04139  19.0%     -   12s
     0     0   61.15566    0  269   75.32882   61.15566  18.8%     -   13s
     0     0   61.16068    0  272   75.32882   61.16068  18.8%     -   14s
     0     0   61.16129    0  275   75.32882   61.16129  18.8%     -   14s
     0     0   61.16157    0  284   75.32882   61.16157  18.8%     -   14s
     0     0   61.34933    0  338   75.32882   61.34933  18.6%     -   16s
     0     0   61.39608    0  333   75.32882   61.39608  18.5%     -   17s
     0     0   61.40495    0  334   75.32882   61.40495  18.5%     -   17s
     0     0   61.40589    0  358   75.32882   61.40589  18.5%     -   17s
     0     0   61.40623    0  357   75.32882   61.40623  18.5%     -   17s
     0     0   61.77185    0  286   75.32882   61.77185  18.0%     -   20s
     0     0   61.84850    0  337   75.32882   61.84850  17.9%     -   20s
     0     0   61.85443    0  305   75.32882   61.85443  17.9%     -   20s
     0     0   61.85526    0  308   75.32882   61.85526  17.9%     -   20s
     0     0   61.85529    0  311   75.32882   61.85529  17.9%     -   20s
     0     0   61.92804    0  318   75.32882   61.92804  17.8%     -   22s
     0     0   61.94390    0  313   75.32882   61.94390  17.8%     -   22s
     0     0   61.94828    0  329   75.32882   61.94828  17.8%     -   22s
     0     0   61.94856    0  337   75.32882   61.94856  17.8%     -   22s
     0     0   62.02764    0  304   75.32882   62.02764  17.7%     -   23s
     0     0   62.04426    0  332   75.32882   62.04426  17.6%     -   23s
     0     0   62.04694    0  340   75.32882   62.04694  17.6%     -   23s
     0     0   62.04694    0  345   75.32882   62.04694  17.6%     -   23s
     0     0   62.09352    0  360   75.32882   62.09352  17.6%     -   24s
     0     0   62.09934    0  366   75.32882   62.09934  17.6%     -   24s
     0     0   62.09943    0  370   75.32882   62.09943  17.6%     -   24s
     0     0   62.13158    0  347   75.32882   62.13158  17.5%     -   25s
     0     0   62.14183    0  364   75.32882   62.14183  17.5%     -   25s
     0     0   62.14405    0  374   75.32882   62.14405  17.5%     -   25s
     0     0   62.14436    0  374   75.32882   62.14436  17.5%     -   25s
     0     0   62.15828    0  383   75.32882   62.15828  17.5%     -   27s
     0     0   62.16242    0  379   75.32882   62.16242  17.5%     -   27s
     0     0   62.16330    0  383   75.32882   62.16330  17.5%     -   27s
     0     0   62.17808    0  380   75.32882   62.17808  17.5%     -   28s
     0     0   62.18048    0  385   75.32882   62.18048  17.5%     -   29s
     0     0   62.18152    0  387   75.32882   62.18152  17.5%     -   29s
     0     0   62.19843    0  370   75.32882   62.19843  17.4%     -   30s
     0     0   62.19952    0  379   75.32882   62.19952  17.4%     -   30s
     0     0   62.21809    0  413   75.32882   62.21809  17.4%     -   32s
H    0     0                      75.3113976   62.21809  17.4%     -   32s
     0     0   62.22297    0  417   75.31140   62.22297  17.4%     -   32s
     0     0   62.22437    0  414   75.31140   62.22437  17.4%     -   32s
     0     0   62.22447    0  425   75.31140   62.22447  17.4%     -   32s
     0     0   62.24807    0  403   75.31140   62.24807  17.3%     -   34s
     0     0   62.25267    0  414   75.31140   62.25267  17.3%     -   34s
     0     0   62.25321    0  425   75.31140   62.25321  17.3%     -   34s
     0     0   62.26714    0  415   75.31140   62.26714  17.3%     -   36s
     0     0   62.26874    0  411   75.31140   62.26874  17.3%     -   36s
     0     0   62.27013    0  412   75.31140   62.27013  17.3%     -   36s
     0     0   62.27030    0  417   75.31140   62.27030  17.3%     -   36s
     0     0   62.27843    0  432   75.31140   62.27843  17.3%     -   37s
     0     0   62.27960    0  425   75.31140   62.27960  17.3%     -   38s
     0     0   62.28729    0  395   75.31140   62.28729  17.3%     -   40s
     0     0   62.28729    0  378   75.31140   62.28729  17.3%     -   41s
H    0     0                      75.2696983   62.28729  17.2%     -   41s
     0     2   62.28729    0  369   75.26970   62.28729  17.2%     -   41s
     7    16   62.46331    3  307   75.26970   62.37362  17.1%   624   45s
H   32    44                      75.2116187   62.46639  16.9%   650   49s
    47    60   62.88347    6  362   75.21162   62.47914  16.9%   636   51s
H   79    92                      74.4035667   62.67862  15.8%   579   56s
H   80    92                      74.0207142   62.68040  15.3%   573   56s
H  130   143                      73.4412901   62.71929  14.6%   452   62s
H  135   143                      73.2994604   62.72090  14.4%   439   62s
H  136   143                      73.2758066   62.72090  14.4%   438   62s
H  139   143                      73.2310773   62.72090  14.4%   431   62s
H  179   212                      73.0839084   62.72322  14.2%   378   65s
H  180   212                      72.5851873   62.72370  13.6%   377   65s
H  257   288                      72.3351873   62.72441  13.3%   292   67s
   402   475   62.72459   24  330   72.33519   62.72459  13.3%   211   70s
  1030  1074   62.76040   66  318   72.33519   62.76040  13.2%   110   75s
  1577  1661   63.05250  135  357   72.33519   63.05250  12.8%  95.8   80s
  2144  2093   67.61554   46  378   72.33519   63.21378  12.6%  90.0   93s
  2146  2094   69.58168   39   66   72.33519   63.21378  12.6%  89.9   95s
  2147  2095   69.63323   44   73   72.33519   63.21378  12.6%  89.8  102s
  2148  2096   70.30974   71  190   72.33519   63.21378  12.6%  89.8  105s
  2149  2096   69.46507  106  116   72.33519   63.21378  12.6%  89.7  116s
  2151  2098   69.46507   49   92   72.33519   63.21378  12.6%  89.7  124s
  2152  2098   64.58740   15   64   72.33519   63.21378  12.6%  89.6  127s
  2154  2103   63.21378   15  119   72.33519   63.21378  12.6%   101  133s
  2156  2106   63.21378   16  209   72.33519   63.21378  12.6%   102  145s
  2160  2112   63.21378   17  210   72.33519   63.21378  12.6%   104  153s
  2168  2124   63.21378   18  265   72.33519   63.21378  12.6%   111  155s
  2183  2135   63.21378   19  256   72.33519   63.21378  12.6%   133  197s
  2199  2143   63.21378   19  324   72.33519   63.21378  12.6%   187  242s
  2215  2152   63.26124   19  368   72.33519   63.21378  12.6%   237  277s
  2231  2162   63.33266   20  336   72.33519   63.21378  12.6%   250  305s
  2266  2185   63.21378   22  341   72.33519   63.21378  12.6%   290  315s
  2284  2195   64.96652   22  295   72.33519   63.21378  12.6%   306  329s
H 2290  2087                      72.2161271   63.21378  12.5%   310  329s
  2300  2108   63.21378   22  358   72.21613   63.21378  12.5%   317  334s
  2324  2123   63.21378   21  276   72.21613   63.21378  12.5%   333  347s
H 2327  2023                      72.1973280   63.21378  12.4%   333  347s
  2347  2032   63.21378   22  324   72.19733   63.21378  12.4%   348  360s
  2363  2060   63.21378   23  398   72.19733   63.21378  12.4%   376  377s
  2397  2065   63.81384   24  308   72.19733   63.21378  12.4%   389  399s
H 2406  1967                      72.1973280   63.21378  12.4%   398  399s
  2413  2064   63.31067   27  311   72.19733   63.21378  12.4%   402  417s
  2515  2070   63.21378   29  328   72.19733   63.21378  12.4%   412  438s
H 2517  1980                      71.6664607   63.21378  11.8%   412  438s
  2555  2041   65.28919   27  322   71.66646   63.21378  11.8%   421  460s
  2635  2061   64.19976   31  286   71.66646   63.21378  11.8%   425  478s
H 2673  1963                      71.6406149   63.21378  11.8%   431  478s
  2683  2012   63.77546   28  340   71.64061   63.21378  11.8%   438  500s
H 2739  1933                      71.6139947   63.21378  11.7%   446  510s
H 2742  1854                      71.5831274   63.21378  11.7%   450  510s
  2759  1882   63.21378   28  406   71.58313   63.21378  11.7%   460  527s
  2796  1895   63.43441   28  306   71.58313   63.21378  11.7%   467  536s
  2824  1978   63.21378   32  303   71.58313   63.21378  11.7%   474  549s
  2919  1956   63.21533   33  300   71.58313   63.21378  11.7%   478  555s
  2936  2039   63.60626   32  350   71.58313   63.21378  11.7%   481  561s
  3025  2128   63.21378   36  354   71.58313   63.21378  11.7%   487  567s
  3144  2126   64.97195   33  405   71.58313   63.21378  11.7%   484  578s
H 3164  2046                      71.5831273   63.21378  11.7%   488  578s
  3181  2157   63.83054   39  310   71.58313   63.21378  11.7%   488  591s
  3299  2236   63.23728   47  402   71.58313   63.21378  11.7%   481  620s
  3419  2301   63.25372   45  338   71.58313   63.21378  11.7%   473  649s
  3532  2368   63.51316   47  313   71.58313   63.22681  11.7%   462  659s
  3638  2593   63.44275   26  308   71.58313   63.23485  11.7%   452  661s
  3942  2647   63.39275   38  347   71.58313   63.24103  11.7%   424  672s
  4099  2987   63.35027   25  297   71.58313   63.24675  11.6%   413  675s
H 4499  3228                      71.5831268   63.25090  11.6%   384  678s
H 4627  3119                      71.5831265   63.25192  11.6%   377  678s
  4947  3527   63.54203   48  312   71.58313   63.25463  11.6%   359  682s
  5483  3381   63.26822   28  343   71.58313   63.26169  11.6%   332  689s
  5516  4011   64.12409   27  291   71.58313   63.26604  11.6%   332  692s
  6166  3946   63.27033   35  342   71.58313   63.26916  11.6%   305  703s
  6236  4574   63.28190   36  337   71.58313   63.27207  11.6%   304  707s
  6871  5097   63.28725   37  352   71.58313   63.27606  11.6%   283  710s
  8301  5941   63.29149   33  363   71.58313   63.28616  11.6%   246  721s
  9249  7498   63.40959   38  255   71.58313   63.29339  11.6%   228  727s
 10035  8098   63.39796   25  294   71.58313   63.29833  11.6%   215  730s
 11766  9289   63.67407   39  268   71.58313   63.30797  11.6%   192  742s
 11858 10281   63.31217   25  314   71.58313   63.31196  11.6%   192  747s
 12881 11412   63.32079   30  339   71.58313   63.31370  11.6%   182  753s
 14031 12357   63.35846   32  380   71.58313   63.31835  11.5%   171  756s
 14984 12456   64.13159   40  348   71.58313   63.32392  11.5%   164  761s
 16245 14735   63.34040   56  316   71.58313   63.33158  11.5%   157  767s
 17403 15888   63.55900   46  250   71.58313   63.33496  11.5%   150  770s
 18580 15899   63.44702   32  286   71.58313   63.34269  11.5%   144  783s
 18596 16016   63.34588   36  345   71.58313   63.34523  11.5%   144  787s
 18713 16116   63.42582   56  344   71.58313   63.34678  11.5%   144  798s
 18814 17536   63.47718   41  266   71.58313   63.34896  11.5%   144  803s
 20259 18812   63.62269   44  253   71.58313   63.35089  11.5%   137  807s
 21566 19965   63.77472   51  303   71.58313   63.35474  11.5%   132  827s
 22742 23834   63.39090   51  240   71.58313   63.35749  11.5%   128  843s
 26687 25174   63.65237   52  269   71.58313   63.36632  11.5%   116  848s
 28049 26667   64.15603   27  282   71.58313   63.37150  11.5%   113  853s
 29567 28301   63.61826   57  293   71.58313   63.37491  11.5%   110  859s
 31238 29299   63.52219   30  309   71.58313   63.37896  11.5%   106  864s
 32390 29662   63.90192   30  302   71.58313   63.38183  11.5%   104  870s
 34821 33101 infeasible   39        71.58313   63.38450  11.5%   100  877s
 36278 33245   63.39675   33  377   71.58313   63.38912  11.4%  98.0  883s
 36424 34938   63.39128   35  263   71.58313   63.39016  11.4%  98.0  888s
 38176 36857   63.70588   43  255   71.58313   63.39236  11.4%  95.8  892s
 40120 38842   63.45952   38  269   71.58313   63.39591  11.4%  93.4  897s
 42145 45291   63.40504   31  269   71.58313   63.40020  11.4%  91.0  944s
 46752 45291   63.49554   32  224   71.58313   63.40124  11.4%  86.3  945s
 48821 45499   63.52602   47  265   71.58313   63.40701  11.4%  84.5  954s
 49034 47876   63.49899   29  306   71.58313   63.40895  11.4%  84.5  963s
 51480 48397   63.61079   29  389   71.58313   63.41234  11.4%  82.8  970s
 52107 50534   63.48920   45  231   71.58313   63.41360  11.4%  82.3  981s
 54279 50756   63.43554   31  253   71.58313   63.41647  11.4%  80.8  988s
 54507 53464   63.80719   26  324   71.58313   63.41789  11.4%  80.8  995s
 57269 55958   63.64076   33  356   71.58313   63.42030  11.4%  78.8 1005s
 59824 58393   63.46562   39  267   71.58313   63.42279  11.4%  77.2 1011s
 62298 60295   63.45202   51  269   71.58313   63.42560  11.4%  75.7 1019s
 64232 61936   63.43431   30  301   71.58313   63.42718  11.4%  74.8 1041s
 65963 68901   63.48449   33  356   71.58313   63.42898  11.4%  74.3 1058s
 73129 70817   63.82706   44  226   71.58313   63.43554  11.4%  71.0 1068s
 75098 72828   63.45328   57  275   71.58313   63.43873  11.4%  70.3 1076s
 77153 72903   63.46880   27  337   71.58313   63.44068  11.4%  69.6 1091s
 77228 73084   63.74272   29  242   71.58313   63.44198  11.4%  69.6 1107s
 77411 75345   63.58789   46  218   71.58313   63.44269  11.4%  69.7 1118s
 79719 77378   63.54698   34  279   71.58313   63.44441  11.4%  68.8 1131s
 81814 77918   63.80777   51  248   71.58313   63.44715  11.4%  68.1 1142s
 82367 78425   63.46973   45  273   71.58313   63.44792  11.4%  68.0 1167s
 82880 79593   63.47346   36  224   71.58313   63.44892  11.4%  67.9 1174s
 84085 81821   63.46141   44  185   71.58313   63.45004  11.4%  67.5 1184s
 86377 83708   63.53583   56  279   71.58313   63.45248  11.4%  66.8 1213s
 88310 90331   63.72004   44  279   71.58313   63.45377  11.4%  66.3 1237s
 95112 91128   63.51446   56  251   71.58313   63.45983  11.3%  64.4 1249s
 95962 92181   63.48556   51  294   71.58313   63.46141  11.3%  64.3 1262s
 97054 94534   63.84463   48  181   71.58313   63.46252  11.3%  64.1 1271s
 99481 94707   63.49997   39  276   71.58313   63.46497  11.3%  63.6 1288s
 99658 96651   63.58000   32  345   71.58313   63.46598  11.3%  63.7 1294s
 101689 98786   63.63680   51  188   71.58313   63.46767  11.3%  63.4 1302s
 103899 99903   63.84422   48  241   71.58313   63.46954  11.3%  63.0 1311s
 105055 100283   63.53168   31  342   71.58313   63.47056  11.3%  62.8 1335s
 105441 102607   63.56997   36  210   71.58313   63.47182  11.3%  62.8 1348s
 107835 107380   63.52985   39  259   71.58313   63.47327  11.3%  62.4 1363s
 112775 107985   63.82757   33  261   71.58313   63.47759  11.3%  61.6 1368s
 113388 109647   63.48304   49  211   71.58313   63.47852  11.3%  61.5 1372s
 115147 110537   63.49234   35  245   71.58313   63.47995  11.3%  61.4 1380s
 116051 110627   63.56007   35  298   71.58313   63.48079  11.3%  61.3 1391s
 116152 112639   63.51495   43  268   71.58313   63.48194  11.3%  61.4 1398s
 118216 112906   63.61953   31  273   71.58313   63.48345  11.3%  61.1 1415s
 118488 114967   63.57676   30  292   71.58313   63.48439  11.3%  61.1 1425s
 120587 116567   63.48879   37  258   71.58313   63.48596  11.3%  60.9 1433s
 122255 118084   64.13091   47  292   71.58313   63.48756  11.3%  60.9 1440s
 123974 118174 infeasible   42        71.58313   63.48864  11.3%  60.7 1462s
 124070 119715   63.58436   46  231   71.58313   63.48952  11.3%  60.8 1468s
 125707 119909   63.51041   36  265   71.58313   63.49055  11.3%  60.8 1485s
 125909 122180   63.50689   37  246   71.58313   63.49151  11.3%  60.8 1494s
 128252 126359   63.51200   54  248   71.58313   63.49315  11.3%  60.6 1509s
 132560 126482   63.90669   56  189   71.58313   63.49630  11.3%  60.2 1515s
 132685 128494   64.47304   36  237   71.58313   63.49728  11.3%  60.2 1520s
 134768 129776   63.50983   55  218   71.58313   63.49900  11.3%  60.0 1531s
 136087 130222   63.60777   28  282   71.58313   63.49976  11.3%  59.9 1538s
 136558 132188   63.60393   41  220   71.58313   63.50075  11.3%  59.9 1542s
 138615 133428   63.51943   47  222   71.58313   63.50235  11.3%  59.8 1546s
 139899 133732   63.53196   42  254   71.58313   63.50352  11.3%  59.8 1558s
 140211 136090   63.72502   47  223   71.58313   63.50438  11.3%  59.8 1564s
 142640 137967     cutoff   41        71.58313   63.50584  11.3%  59.6 1570s
 144595 139062 infeasible   54        71.58313   63.50720  11.3%  59.5 1575s
 147454 140775   63.57497   34  333   71.58313   63.50913  11.3%  59.3 1593s
 147694 143137   63.55433   38  217   71.58313   63.51044  11.3%  59.4 1600s
 150125 147253   64.49632   38  309   71.58313   63.51202  11.3%  59.2 1609s
 153951 147253   63.85023   55  246   71.58313   63.51270  11.3%  58.9 1610s
 154505 148583   64.32760   55  251   71.58313   63.51570  11.3%  58.9 1617s
 155806 148737   63.55545   35  256   71.58313   63.51687  11.3%  58.9 1621s
 155966 150823   63.54430   38  267   71.58313   63.51783  11.3%  59.0 1625s
 160797 154141   64.24900   46  297   71.58313   63.52186  11.3%  58.8 1632s
 163596 158160   63.57796   38  327   71.58313   63.52403  11.3%  58.7 1637s
 165633 158332   63.56945   45  255   71.58313   63.52571  11.3%  58.6 1642s
 165813 159683   63.72831   35  272   71.58313   63.52607  11.3%  58.7 1646s
 167186 161400   64.86098   60  240   71.58313   63.52706  11.3%  58.6 1652s
 168930 163753   63.55953   42  259   71.58313   63.52788  11.3%  58.5 1656s
 171357 164172   63.85972   37  278   71.58313   63.52997  11.3%  58.4 1663s
 171788 179525   63.60212   40  204   71.58313   63.53073  11.2%  58.4 1683s
 187655 179538   63.68450   48  200   71.58313   63.53878  11.2%  57.7 1693s
H187662 179530                      71.5737387   63.53982  11.2%  57.7 1693s
 187671 179704   64.44569   45  310   71.57374   63.54047  11.2%  57.7 1697s
 187865 179917   63.91106   50  255   71.57374   63.54121  11.2%  57.8 1702s
 190120 181933   63.63311   52  158   71.57374   63.54310  11.2%  57.8 1710s
 190356 184097   63.60800   50  253   71.57374   63.54430  11.2%  57.8 1716s
 192446 186759   63.57381   38  305   71.57374   63.54532  11.2%  57.8 1720s
 195183 187026   63.61873   39  224   71.57374   63.54642  11.2%  57.7 1725s
 198293 192033   63.73429   29  300   71.57374   63.54907  11.2%  57.8 1730s
H201598 193283                      71.5737387   63.55129  11.2%  57.7 1733s
 201878 193366   64.01644   38  232   71.57374   63.55156  11.2%  57.7 1741s
 204920 196452   64.14688   43  287   71.57374   63.55420  11.2%  57.6 1748s
 205140 198877   63.64987   27  319   71.57374   63.55469  11.2%  57.6 1750s
H208474 200265                      71.5737386   63.55649  11.2%  57.5 1753s
 209058 202623   63.58388   36  255   71.57374   63.55702  11.2%  57.5 1755s
 211476 202830   63.86429   44  223   71.57374   63.55863  11.2%  57.4 1760s
 214177 208058   64.31524   61  258   71.57374   63.56102  11.2%  57.4 1766s
 217359 210599 infeasible   36        71.57374   63.56357  11.2%  57.3 1773s
 219764 213038   63.60312   48  247   71.57374   63.56448  11.2%  57.3 1776s
 223804 214706   63.64526   43  254   71.57374   63.56776  11.2%  57.1 1783s
 223999 217182   63.76343   60  252   71.57374   63.56835  11.2%  57.2 1785s
 229856 220577   64.20129   34  230   71.57374   63.57208  11.2%  57.1 1791s
 232892 225630   63.68929   31  301   71.57374   63.57419  11.2%  57.0 1795s
 237764 228331   64.46012   62  248   71.57374   63.57679  11.2%  56.9 1803s
 238017 231818   63.97833   53  216   71.57374   63.57758  11.2%  56.9 1806s
 244220 235330   64.28032   69  250   71.57374   63.58127  11.2%  56.6 1811s
 245756 238490   63.89972   46  274   71.57374   63.58257  11.2%  56.7 1815s
 250567 241794   63.66147   62  241   71.57374   63.58527  11.2%  56.6 1822s
 252158 244513   63.67944   31  221   71.57374   63.58677  11.2%  56.6 1826s
 257105 249488   63.63643   33  342   71.57374   63.58949  11.2%  56.4 1832s
 259739 252250   63.66789   33  272   71.57374   63.59038  11.2%  56.4 1835s
 264760 255989   64.27822   42  303   71.57374   63.59439  11.1%  56.4 1841s
 268835 258611   64.00908   35  220   71.57374   63.59638  11.1%  56.3 1846s
 271902 263739   63.94463   34  151   71.57374   63.59830  11.1%  56.2 1851s
 275719 267309   63.83120   30  233   71.57374   63.60039  11.1%  56.0 1855s
 277981 268750   63.87370   48  323   71.57374   63.60130  11.1%  56.0 1860s
 279456 273553   63.87380   32  290   71.57374   63.60202  11.1%  55.9 1865s
 288456 278556   63.74414   41  179   71.57374   63.60599  11.1%  55.8 1873s
 289547 280777   63.88025   58  216   71.57374   63.60665  11.1%  55.8 1875s
 291838 280946   64.32988   39  287   71.57374   63.60776  11.1%  55.8 1880s
 296913 285949   64.67941   39  210   71.57374   63.61105  11.1%  55.7 1887s
 298935 291860   64.09330   48  220   71.57374   63.61224  11.1%  55.7 1892s
 304638 293455   63.71123   46  220   71.57374   63.61476  11.1%  55.6 1897s
 305867 296739   63.69165   51  219   71.57374   63.61562  11.1%  55.6 1901s
 310017 298707   63.73752   42  263   71.57374   63.61809  11.1%  55.5 1908s
 310204 301005   63.98714   69  226   71.57374   63.61854  11.1%  55.6 1910s
 313919 303033   63.67309   39  265   71.57374   63.61991  11.1%  55.5 1915s
 316826 305460   64.19999   37  229   71.57374   63.62132  11.1%  55.5 1921s
 319854 310390   63.62945   30  262   71.57374   63.62295  11.1%  55.5 1926s
 325466 313767   63.74858   34  179   71.57374   63.62522  11.1%  55.4 1932s
 327864 317615   64.22325   48  208   71.57374   63.62670  11.1%  55.4 1936s
 329815 320504   64.01958   44  258   71.57374   63.62805  11.1%  55.4 1942s
 332531 323091   63.90599   34  248   71.57374   63.62925  11.1%  55.3 1945s
 336518 325305   63.64391   45  240   71.57374   63.63091  11.1%  55.2 1951s
 340233 329591   63.85042   40  212   71.57374   63.63286  11.1%  55.1 1956s
 341839 329934   63.71943   41  272   71.57374   63.63323  11.1%  55.1 1961s
 342187 345550   63.64119   44  225   71.57374   63.63365  11.1%  55.1 1974s
 358203 345764   63.65041   45  246   71.57374   63.63896  11.1%  54.7 1976s
 360588 348038   64.14906   49  202   71.57374   63.64061  11.1%  54.6 1983s
 360755 350234   63.84439   49  236   71.57374   63.64104  11.1%  54.7 1985s
 367108 356044   63.91848   55  250   71.57374   63.64378  11.1%  54.5 1990s
 369165 358501   63.73301   58  153   71.57374   63.64550  11.1%  54.5 1995s
 375452 362551   64.22083   38  262   71.57374   63.64793  11.1%  54.3 2004s
 375690 364322   64.21420   33  241   71.57374   63.64842  11.1%  54.3 2006s
 381481 370030   63.83761   54  276   71.57374   63.65032  11.1%  54.3 2011s
 383366 370285   63.85090   46  191   71.57374   63.65151  11.1%  54.2 2015s
 387630 376327   63.91539   50  252   71.57374   63.65316  11.1%  54.2 2020s
 391772 378440   63.75081   39  231   71.57374   63.65472  11.1%  54.0 2026s
 393881 382144   64.57095   65  225   71.57374   63.65600  11.1%  54.0 2030s
 397991 386690   63.82492   33  270   71.57374   63.65805  11.1%  54.0 2037s
 402460 390810   64.30087   62  293   71.57374   63.65986  11.1%  53.9 2040s
 404593 393081   64.69990   56  251   71.57374   63.66060  11.1%  53.8 2045s
 411041 397413   63.72446   50  228   71.57374   63.66214  11.1%  53.7 2052s
 411348 400042   64.35728   38  326   71.57374   63.66278  11.1%  53.7 2055s
 419053 407438   64.14364   42  158   71.57374   63.66535  11.0%  53.6 2062s
 421615 407666   63.77990   53  125   71.57374   63.66639  11.0%  53.6 2066s
 424290 412309   64.40401   66  263   71.57374   63.66766  11.0%  53.6 2070s
 426616 416597   63.70040   56  196   71.57374   63.66844  11.0%  53.6 2076s
 431021 416709   63.71498   29  296   71.57374   63.66979  11.0%  53.4 2082s
 431137 416725   64.54879   46  212   71.57374   63.67034  11.0%  53.5 2086s
 433422 419057   63.81127   34  254   71.57374   63.67115  11.0%  53.4 2093s
 433558 420999   63.98311   51  184   71.57374   63.67147  11.0%  53.4 2095s
 439818 425313   63.70374   55  239   71.57374   63.67363  11.0%  53.3 2102s
 442408 429532   63.69899   65  195   71.57374   63.67459  11.0%  53.3 2105s
 446587 433921   64.00545   35  200   71.57374   63.67652  11.0%  53.3 2111s
 448764 438032   64.34685   46  252   71.57374   63.67700  11.0%  53.3 2115s
 455639 442575   63.70288   44  235   71.57374   63.67931  11.0%  53.1 2122s
 460146 445246   65.31961   60  186   71.57374   63.68049  11.0%  53.0 2126s
 462700 449727   64.69085   37  271   71.57374   63.68117  11.0%  53.0 2130s
 468873 453741   63.82529   42  255   71.57374   63.68303  11.0%  52.9 2140s
 471138 459987   63.82719   47  284   71.57374   63.68406  11.0%  52.9 2145s
 477434 462057   64.04820   34  263   71.57374   63.68619  11.0%  52.8 2150s
 481744 467618   63.77157   51  171   71.57374   63.68774  11.0%  52.7 2155s
 483435 469863   64.07405   45  203   71.57374   63.68860  11.0%  52.7 2161s
 487790 474344   64.53120   69  183   71.57374   63.68986  11.0%  52.7 2166s
 490380 476734     cutoff   82        71.57374   63.69096  11.0%  52.6 2171s
 496822 482983     cutoff   74        71.57374   63.69283  11.0%  52.5 2176s
 499361 485543   64.27336   39  162   71.57374   63.69391  11.0%  52.4 2180s
 503851 487911   63.91577   47  221   71.57374   63.69516  11.0%  52.4 2186s
 506464 492581   64.04856   45  193   71.57374   63.69597  11.0%  52.3 2190s
 510995 495061   63.96891   55  188   71.57374   63.69759  11.0%  52.2 2197s
 511383 497102   63.70104   59  132   71.57374   63.69794  11.0%  52.2 2200s
 517434 501164   63.83792   38  266   71.57374   63.69991  11.0%  52.2 2205s
 522375 507690   63.77193   36  198   71.57374   63.70128  11.0%  52.1 2211s
 526581 510001   64.08394   50  201   71.57374   63.70281  11.0%  52.1 2217s
 529457 514698   64.06385   47  308   71.57374   63.70364  11.0%  52.0 2221s
 534236 517812   64.80834   63  224   71.57374   63.70518  11.0%  51.9 2230s
 534761 533417   63.87730   61  168   71.57374   63.70544  11.0%  51.9 2241s
 550777 533603 infeasible   36        71.57374   63.70892  11.0%  51.6 2247s
 553119 535870   65.13850   53  209   71.57374   63.71029  11.0%  51.6 2251s
 555461 542162   63.95269   44  203   71.57374   63.71113  11.0%  51.6 2257s
 559736 542336   63.99651   37  248   71.57374   63.71214  11.0%  51.5 2260s
 564651 549254   63.78449   57  207   71.57374   63.71384  11.0%  51.4 2265s
 566975 549431   63.83739   53  271   71.57374   63.71460  11.0%  51.3 2271s
 569078 553469   63.88471   45  247   71.57374   63.71535  11.0%  51.4 2275s
 573852 557145   63.81121   47  236   71.57374   63.71638  11.0%  51.3 2281s
 575730 560690   64.05743   62  176   71.57374   63.71724  11.0%  51.2 2287s
 578699 564218   64.76349   66  202   71.57374   63.71802  11.0%  51.2 2292s
 582314 564446   63.97176   67  196   71.57374   63.71927  11.0%  51.1 2297s
 585472 569648   63.89150   43  154   71.57374   63.72017  11.0%  51.1 2301s
 590490 572315   63.75076   46  184   71.57374   63.72149  11.0%  51.1 2306s
 593251 577079   63.88613   49  173   71.57374   63.72238  11.0%  51.0 2311s
 597978 579678   63.94854   43  194   71.57374   63.72352  11.0%  51.0 2315s
 600482 585924   63.74809   37  339   71.57374   63.72426  11.0%  51.0 2321s
 607929 591491   64.33113   53  232   71.57374   63.72612  11.0%  50.9 2326s
 610358 591921 infeasible   64        71.57374   63.72667  11.0%  50.8 2330s
 613615 596927   63.87162   53  172   71.57374   63.72760  11.0%  50.8 2335s
 618539 599775   64.00557   37  285   71.57374   63.72892  11.0%  50.7 2341s
 621455 606613   65.23365   67  216   71.57374   63.72979  11.0%  50.7 2347s
 626084 608785   63.86811   41  295   71.57374   63.73100  11.0%  50.6 2350s
 632151 612861   64.14328   49  140   71.57374   63.73241  11.0%  50.6 2357s
 634875 617823   64.12900   37  216   71.57374   63.73321  11.0%  50.6 2361s
 640103 622750   63.77564   59  121   71.57374   63.73437  11.0%  50.5 2365s
 642597 623317   64.02772   42  257   71.57374   63.73504  11.0%  50.4 2370s
 643179 638938   63.90631   50  225   71.57374   63.73523  11.0%  50.4 2381s
 659195 639163   64.04184   35  214   71.57374   63.73808  10.9%  50.2 2386s
 663705 647775   63.85925   52  176   71.57374   63.73978  10.9%  50.2 2392s
 668264 647928   64.34313   68  209   71.57374   63.74052  10.9%  50.1 2396s
 673057 652600   63.78321   45  160   71.57374   63.74206  10.9%  50.0 2405s
 677961 659799   63.89169   59  233   71.57374   63.74309  10.9%  50.0 2411s
 683150 662435   63.93835   52  190   71.57374   63.74433  10.9%  49.9 2417s
 685452 668811   63.82300   58  156   71.57374   63.74477  10.9%  49.9 2422s
 689836 669958   64.07518   45  238   71.57374   63.74592  10.9%  49.8 2425s
 693763 675060   63.99339   33  268   71.57374   63.74708  10.9%  49.8 2431s
 698358 679471   63.75946   41  181   71.57374   63.74776  10.9%  49.8 2435s
 700832 679712   63.77939   63  180   71.57374   63.74838  10.9%  49.7 2440s
 706840 689067   63.89129   51  235   71.57374   63.74952  10.9%  49.7 2447s
 713166 691670   63.75649   36  152   71.57374   63.75091  10.9%  49.6 2452s
 716197 697046   63.77025   52  320   71.57374   63.75164  10.9%  49.6 2456s
 721338 699705   63.91817   35  205   71.57374   63.75301  10.9%  49.5 2462s
 724255 704439   63.76166   36  220   71.57374   63.75358  10.9%  49.5 2466s
 728967 708980   64.17300   46  238   71.57374   63.75467  10.9%  49.4 2472s
 731180 713895   64.15705   44  192   71.57374   63.75497  10.9%  49.4 2476s
 736230 714160   63.81426   58  203   71.57374   63.75614  10.9%  49.4 2481s
 740069 720477   63.80532   36  185   71.57374   63.75702  10.9%  49.3 2486s
 745919 726294   64.15742   52  138   71.57374   63.75808  10.9%  49.3 2490s
 749160 729240   64.03184   43  192   71.57374   63.75889  10.9%  49.2 2496s
 756037 733962   64.16727   41  184   71.57374   63.76028  10.9%  49.1 2502s
 756833 737405   63.96888   44  265   71.57374   63.76056  10.9%  49.2 2505s
 763341 743170   63.98556   46  201   71.57374   63.76201  10.9%  49.1 2511s
 768750 748033   64.58942   56  168   71.57374   63.76288  10.9%  49.0 2515s
 773540 754621   63.87916   65  214   71.57374   63.76396  10.9%  49.0 2521s
 778923 758331   64.28696   52  211   71.57374   63.76503  10.9%  48.9 2526s
 782436 761445   64.06770   59  166   71.57374   63.76583  10.9%  48.9 2531s
 787588 764195   64.02026   51  165   71.57374   63.76685  10.9%  48.8 2535s
 793580 771703   64.44964   45  206   71.57374   63.76805  10.9%  48.8 2541s
 795690 773218   63.96468   48  180   71.57374   63.76850  10.9%  48.8 2545s
 797237 781706   63.93056   60  187   71.57374   63.76880  10.9%  48.7 2552s
 805939 781947   63.81784   62  110   71.57374   63.77019  10.9%  48.6 2555s
 809089 787132   64.31312   45  149   71.57374   63.77081  10.9%  48.6 2560s
 814230 791181   64.04729   57  152   71.57374   63.77194  10.9%  48.6 2567s
 816974 796658   64.50926   73  158   71.57374   63.77247  10.9%  48.6 2572s
 824238 799854   64.05885   59  202   71.57374   63.77382  10.9%  48.5 2577s
 826797 803715   65.01033   63  192   71.57374   63.77447  10.9%  48.5 2580s
 833828 808964   63.86290   56  203   71.57374   63.77589  10.9%  48.4 2589s
 834057 810992   64.20646   44  165   71.57374   63.77620  10.9%  48.4 2591s
 839100 818813   63.90911   72  164   71.57374   63.77699  10.9%  48.4 2596s
 844374 821464   63.84132   46  274   71.57374   63.77823  10.9%  48.3 2600s
 851114 826744   64.07335   60  238   71.57374   63.77948  10.9%  48.2 2605s
 854798 829461   64.30514   38  185   71.57374   63.78018  10.9%  48.2 2612s
 857941 834815   63.83570   61  165   71.57374   63.78092  10.9%  48.2 2616s
 860635 839074   64.00795   43  211   71.57374   63.78138  10.9%  48.1 2620s
 865220 841781   63.91516   56  178   71.57374   63.78236  10.9%  48.1 2626s
 870633 847157   65.31604   50  269   71.57374   63.78319  10.9%  48.0 2630s
 875743 851423   63.91468   57  225   71.57374   63.78427  10.9%  48.0 2636s
 880195 856555   64.00998   35  226   71.57374   63.78496  10.9%  48.0 2640s
 884734 863729   63.85996   49  203   71.57374   63.78579  10.9%  47.9 2648s
 890373 867115   63.86327   52  227   71.57374   63.78671  10.9%  47.9 2650s
 896540 869897   63.99877   56  156   71.57374   63.78792  10.9%  47.8 2655s
 900797 876617   63.93477   32  309   71.57374   63.78888  10.9%  47.8 2661s
 903645 876952   63.89158   79  224   71.57374   63.78962  10.9%  47.7 2666s
 903997 892559   63.93598   46  246   71.57374   63.78974  10.9%  47.8 2676s
 920013 892580   63.89117   60  175   71.57374   63.79169  10.9%  47.5 2684s
 920038 892695   64.79449   40  204   71.57374   63.79204  10.9%  47.5 2688s
 920153 892920   63.90551   41  238   71.57374   63.79222  10.9%  47.6 2690s
 925420 902509   64.43348   56  204   71.57374   63.79313  10.9%  47.5 2697s
 930222 902643   64.07497   51  234   71.57374   63.79390  10.9%  47.5 2702s
 930359 904118   63.86161   32  308   71.57374   63.79409  10.9%  47.5 2705s
 937177 909492   64.01288   36  255   71.57374   63.79519  10.9%  47.4 2711s
 940508 915122   64.05896   47  183   71.57374   63.79579  10.9%  47.4 2715s
 946307 922721   63.95618   45  198   71.57374   63.79671  10.9%  47.3 2723s
 950999 924088   63.93943   43  286   71.57374   63.79736  10.9%  47.2 2725s
 955342 929734   64.33142   40  212   71.57374   63.79834  10.9%  47.2 2731s
 963180 937396   64.72398   61  215   71.57374   63.79943  10.9%  47.1 2736s
 966025 937587   64.02531   43  311   71.57374   63.79984  10.9%  47.1 2741s
 968518 943881   64.19951   62  133   71.57374   63.80037  10.9%  47.1 2745s
 974269 945616   63.85835   51  224   71.57374   63.80152  10.9%  47.0 2751s
 977542 948713   63.86711   48  248   71.57374   63.80218  10.9%  47.0 2758s
 977690 952106   64.08679   55  273   71.57374   63.80234  10.9%  47.0 2760s
 984401 957320   64.38951   34  210   71.57374   63.80331  10.9%  46.9 2766s
 989561 961732   64.33051   51  176   71.57374   63.80420  10.9%  46.9 2773s
 991090 970630   63.97607   52  196   71.57374   63.80454  10.9%  46.9 2779s
 1000293 971838   63.81039   53  230   71.57374   63.80587  10.9%  46.8 2781s
 1003847 977077   63.93137   43  262   71.57374   63.80650  10.9%  46.8 2785s
 1007197 980789   63.80767   59  161   71.57374   63.80720  10.9%  46.7 2791s
 1010769 985205   63.96066   62  174   71.57374   63.80772  10.9%  46.7 2795s
 1019824 989882   64.10347   45  259   71.57374   63.80911  10.8%  46.6 2803s
 1020084 992095   63.85197   45  232   71.57374   63.80927  10.8%  46.6 2805s
 1025263 995985   65.07446   30  342   71.57374   63.81000  10.8%  46.6 2810s
 1026610 999352   64.08748   45  183   71.57374   63.81040  10.8%  46.6 2815s
 1032745 1005579   64.03603   62  205   71.57374   63.81125  10.8%  46.5 2821s
 1036546 1009210   64.07213   71  171   71.57374   63.81203  10.8%  46.5 2826s
 1042814 1014738   63.96608   61  189   71.57374   63.81286  10.8%  46.4 2830s
 1050893 1020469   64.48164   47  216   71.57374   63.81386  10.8%  46.3 2837s
 1054725 1027456   64.23643   49  287   71.57374   63.81456  10.8%  46.3 2842s
 1059528 1031158   64.10833   52  162   71.57374   63.81547  10.8%  46.3 2846s
 1064632 1033959   64.22936   54  140   71.57374   63.81615  10.8%  46.2 2852s
 1068730 1039924   64.05301   59  190   71.57374   63.81713  10.8%  46.2 2856s
 1074455 1042948   64.03987   53  218   71.57374   63.81808  10.8%  46.2 2862s
 1074857 1045296   64.07100   48  200   71.57374   63.81822  10.8%  46.2 2865s
 1080319 1051038   63.94788   36  232   71.57374   63.81898  10.8%  46.2 2870s
 1083062 1051247   64.24473   45  163   71.57374   63.81953  10.8%  46.2 2876s
 1086104 1055713   63.96651   62  140   71.57374   63.82020  10.8%  46.2 2881s
 1090614 1058719   64.20569   54  158   71.57374   63.82104  10.8%  46.2 2888s
 1090937 1062032   63.96991   63  245   71.57374   63.82126  10.8%  46.2 2890s
 1097242 1067991   63.97382   47  256   71.57374   63.82224  10.8%  46.1 2895s
 1104317 1071823   63.82580   41  172   71.57374   63.82320  10.8%  46.1 2905s
 1109821 1077264   63.87856   38  236   71.57374   63.82418  10.8%  46.1 2913s
 1110026 1079643   63.94978   29  180   71.57374   63.82435  10.8%  46.1 2915s
 1115211 1082562   64.11673   43  287   71.57374   63.82513  10.8%  46.1 2922s
 1118268 1087706   64.08090   51  240   71.57374   63.82565  10.8%  46.0 2926s
 1123516 1090686   64.12281   45  160   71.57374   63.82663  10.8%  46.0 2931s
 1123819 1106196   64.11964   53  151   71.57374   63.82680  10.8%  46.0 2948s
 1139835 1106483   64.05130   49  213   71.57374   63.82886  10.8%  46.0 2952s
 1140125 1109461   64.05056   52  196   71.57374   63.82919  10.8%  46.0 2955s
 1144717 1113570   64.49437   46  169   71.57374   63.82986  10.8%  46.0 2961s
 1147395 1114738   63.83024   58  155   71.57374   63.83024  10.8%  45.9 2965s
 1153781 1122485   63.99240   46  303   71.57374   63.83153  10.8%  45.9 2972s
 1156582 1122852   63.99343   56  123   71.57374   63.83174  10.8%  45.9 2976s
 1160657 1129658   63.91308   49  223   71.57374   63.83271  10.8%  45.9 2981s
 1166071 1135498   63.90419   55  244   71.57374   63.83359  10.8%  45.9 2987s
 1169899 1136300   64.09789   74  168   71.57374   63.83418  10.8%  45.9 2990s
 1173451 1141016   63.96023   51  179   71.57374   63.83487  10.8%  45.9 2995s
 1175876 1144121   64.23711   39  178   71.57374   63.83555  10.8%  45.9 3001s
 1182220 1149905   63.98107   38  272   71.57374   63.83659  10.8%  45.8 3005s
 1187749 1153261   64.52097   41  211   71.57374   63.83751  10.8%  45.8 3012s
 1188184 1168833   64.35253   62   92   71.57374   63.83770  10.8%  45.8 3023s
 1204200 1169034   64.12969   50  172   71.57374   63.84000  10.8%  45.7 3026s
 1207099 1174229   64.09909   65  188   71.57374   63.84057  10.8%  45.7 3030s
 1210033 1190084   64.09773   36  251   71.57374   63.84112  10.8%  45.7 3046s
 1226207 1192678   64.19373   53  134   71.57374   63.84338  10.8%  45.6 3051s
 1231088 1195372   63.86109   58  164   71.57374   63.84402  10.8%  45.6 3058s
 1231506 1210957   63.86568   59  130   71.57374   63.84427  10.8%  45.6 3069s
 1247522 1211088   64.03957   56  219   71.57374   63.84613  10.8%  45.5 3073s
 1247655 1211294   63.88189   41  218   71.57374   63.84649  10.8%  45.5 3076s
 1250583 1216716   64.11579   57  113   71.57374   63.84697  10.8%  45.5 3081s
 1256986 1220337   64.60699   56  232   71.57374   63.84785  10.8%  45.5 3089s
 1257209 1223146   64.19832   42  258   71.57374   63.84796  10.8%  45.5 3091s
 1262803 1227958 infeasible   56        71.57374   63.84862  10.8%  45.5 3096s
 1267771 1230831   64.21858   68  201   71.57374   63.84952  10.8%  45.4 3103s
 1267967 1233701   63.88164   41  257   71.57374   63.84976  10.8%  45.5 3105s
 1270914 1234069   63.94614   54  145   71.57374   63.85014  10.8%  45.4 3115s
 1271562 1237512   64.02965   47  134   71.57374   63.85043  10.8%  45.4 3121s
 1274833 1238463   64.16365   52  177   71.57374   63.85066  10.8%  45.4 3126s
 1275819 1249317   64.25335   52  200   71.57374   63.85104  10.8%  45.4 3134s
 1287040 1249512   64.12106   50  247   71.57374   63.85275  10.8%  45.4 3138s
 1287238 1252326   63.86880   50  171   71.57374   63.85288  10.8%  45.4 3141s
 1291967 1256371   63.94363   50  181   71.57374   63.85357  10.8%  45.4 3147s
 1294344 1256601   63.96719   56  134   71.57374   63.85404  10.8%  45.4 3153s
 1294580 1259486   63.96011   42  179   71.57374   63.85422  10.8%  45.4 3155s
 1301580 1265007 infeasible   46        71.57374   63.85519  10.8%  45.3 3161s
 1305372 1267316   63.95244   40  284   71.57374   63.85569  10.8%  45.3 3166s
 1308642 1272454   64.09872   38  138   71.57374   63.85627  10.8%  45.3 3170s
 1313644 1277880   64.49013   51  230   71.57374   63.85697  10.8%  45.3 3175s
 1319173 1280764   64.00602   51  188   71.57374   63.85801  10.8%  45.3 3181s
 1319534 1296311   64.50609   49  168   71.57374   63.85816  10.8%  45.3 3193s
 1335550 1296502   63.95354   56  170   71.57374   63.85974  10.8%  45.2 3195s
 1338261 1301614   64.04273   45  129   71.57374   63.86027  10.8%  45.2 3200s
H1341684 1302817                      71.5737379   63.86068  10.8%  45.2 3205s
 1342226 1312178   63.97730   44  241   71.57374   63.86073  10.8%  45.2 3212s
 1351862 1312364   63.89757   54  145   71.57374   63.86194  10.8%  45.2 3217s
 1354610 1315260   63.97454   56  170   71.57374   63.86222  10.8%  45.2 3220s
 1358474 1320904   64.19142   75  197   71.57374   63.86307  10.8%  45.1 3226s
 1363347 1326793   64.03270   47  193   71.57374   63.86358  10.8%  45.1 3232s
 1366946 1326980   63.99519   52  202   71.57374   63.86390  10.8%  45.1 3236s
 1369651 1331819   64.50225   47  182   71.57374   63.86452  10.8%  45.1 3240s
 1375331 1335151   64.01412   40  258   71.57374   63.86546  10.8%  45.1 3246s
 1378324 1340086   64.24316   52  191   71.57374   63.86601  10.8%  45.1 3250s
 1383317 1343945   63.98854   37  239   71.57374   63.86664  10.8%  45.1 3255s
 1388711 1348043   64.07982   54  153   71.57374   63.86736  10.8%  45.0 3260s
 1393433 1355140   64.01128   60  187   71.57374   63.86801  10.8%  45.0 3267s
 1396376 1357686   64.44097   57  212   71.57374   63.86860  10.8%  45.0 3271s
 1401139 1362017   64.20121   41  249   71.57374   63.86919  10.8%  45.0 3275s
 1405916 1364895     cutoff   73        71.57374   63.86984  10.8%  45.0 3282s
 1406166 1380355   63.91725   45  158   71.57374   63.86996  10.8%  45.0 3293s
 1422182 1380542   63.87222   63  158   71.57374   63.87175  10.8%  44.9 3296s
 1424891 1385255   64.28996   46  201   71.57374   63.87222  10.8%  44.9 3300s
 1429395 1391752   64.11526   59  201   71.57374   63.87296  10.8%  44.9 3306s
 1434002 1392012   64.24509   50  194   71.57374   63.87350  10.8%  44.9 3310s
 1437403 1398153   63.97816   54  213   71.57374   63.87419  10.8%  44.9 3315s
 1443362 1400995   64.58536   56  294   71.57374   63.87500  10.8%  44.8 3323s
 1443505 1403610   64.33927   47  244   71.57374   63.87525  10.8%  44.8 3325s
 1446583 1404230   64.19273   61  152   71.57374   63.87567  10.8%  44.8 3335s
 1450091 1410467   64.39653   50  160   71.57374   63.87615  10.8%  44.8 3341s
 1456222 1414788   63.90573   90  224   71.57374   63.87693  10.8%  44.8 3345s
 1460881 1420875   63.99890   59  117   71.57374   63.87775  10.8%  44.8 3351s
 1466908 1426494   63.97881   55  172   71.57374   63.87844  10.8%  44.8 3356s
 1469739 1426702   63.89009   48  204   71.57374   63.87882  10.8%  44.7 3361s
 1472870 1433365 infeasible   53        71.57374   63.87930  10.8%  44.7 3367s
 1478592 1437839   64.24173   54  183   71.57374   63.88004  10.7%  44.7 3371s
 1481586 1440569   64.17840   59  163   71.57374   63.88063  10.7%  44.7 3376s
 1486769 1444004   63.88392   55  145   71.57374   63.88123  10.7%  44.7 3380s
 1490028 1448829   63.94861   69  163   71.57374   63.88174  10.7%  44.7 3385s
 1495766 1455860   64.36783   44  202   71.57374   63.88266  10.7%  44.7 3392s
 1501177 1457402   63.95879   51  210   71.57374   63.88341  10.7%  44.6 3400s
 1507425 1465600   64.34181   48  181   71.57374   63.88424  10.7%  44.6 3406s
 1512444 1468349   64.37700   38  177   71.57374   63.88497  10.7%  44.6 3411s
 1514373 1472657   64.66738   50  242   71.57374   63.88528  10.7%  44.6 3415s
 1521024 1476750   64.36170   47  159   71.57374   63.88627  10.7%  44.6 3421s
 1524368 1482193   64.23793   42  275   71.57374   63.88688  10.7%  44.6 3426s
 1526986 1483682   63.90703   48  199   71.57374   63.88715  10.7%  44.6 3430s
 1528717 1487177   64.12483   53  155   71.57374   63.88762  10.7%  44.6 3435s
 1537598 1492836   64.15442   58  188   71.57374   63.88862  10.7%  44.5 3443s
 1537933 1508420   64.38405   64  139   71.57374   63.88872  10.7%  44.5 3455s
 1557039 1513832   64.15887   68  188   71.57374   63.89095  10.7%  44.5 3461s
 1563207 1517603   64.01804   75  135   71.57374   63.89178  10.7%  44.4 3467s
 1566327 1523315   64.04122   49  119   71.57374   63.89228  10.7%  44.4 3471s
 1571169 1525425   64.49373   73  230   71.57374   63.89283  10.7%  44.4 3476s
 1574316 1530874   64.15609   48  171   71.57374   63.89316  10.7%  44.4 3480s
 1581513 1536204   63.94626   59  166   71.57374   63.89422  10.7%  44.4 3487s
 1582506 1547410   63.97344   63  148   71.57374   63.89435  10.7%  44.4 3495s
 1594158 1549922   64.39663   40  155   71.57374   63.89593  10.7%  44.3 3501s
 1599227 1553077   64.33463   49  268   71.57374   63.89662  10.7%  44.3 3507s
 1602957 1559802   64.27162   42  156   71.57374   63.89713  10.7%  44.3 3512s
 1606772 1559992   64.16339   59  169   71.57374   63.89764  10.7%  44.3 3515s
 1612281 1568042   63.97275   54  255   71.57374   63.89840  10.7%  44.3 3521s
 1615220 1568291   64.24270   28  278   71.57374   63.89876  10.7%  44.2 3527s
 1617143 1572732   64.04890   44  162   71.57374   63.89898  10.7%  44.2 3531s
 1622564 1577972   64.15851   42  239   71.57374   63.89969  10.7%  44.2 3536s
 1629360 1581975   64.15045   56  273   71.57374   63.90038  10.7%  44.2 3543s
 1629498 1584661   64.11895   36  264   71.57374   63.90060  10.7%  44.2 3545s
 1634593 1587166   64.19118   41  260   71.57374   63.90123  10.7%  44.2 3552s
 1634788 1590138   64.48705   48  221   71.57374   63.90133  10.7%  44.2 3555s
 1643278 1597776   63.95732   53  161   71.57374   63.90221  10.7%  44.1 3561s
 1646011 1601256   64.27707   52  162   71.57374   63.90265  10.7%  44.1 3567s
 1652239 1606769   64.30260   45  269   71.57374   63.90348  10.7%  44.1 3571s
 1658208 1612284   64.09141   62  228   71.57374   63.90428  10.7%  44.1 3576s
 1663199 1617375   64.30629   44  193   71.57374   63.90498  10.7%  44.1 3580s
 1665921 1620069   64.15452   58  141   71.57374   63.90548  10.7%  44.1 3585s
 1671902 1625880   64.28103   41  217   71.57374   63.90600  10.7%  44.0 3590s
 1678223 1632320   63.90985   61  169   71.57374   63.90690  10.7%  44.0 3596s
 1683545 1635052   64.55264   56  122   71.57374   63.90752  10.7%  44.0 3602s
 1683914 1638068   64.26856   57  169   71.57374   63.90767  10.7%  44.0 3605s
 1690090 1644754   64.14375   36  289   71.57374   63.90833  10.7%  44.0 3610s
 1697931 1650233   64.10476   58  218   71.57374   63.90925  10.7%  43.9 3618s
 1699505 1650446   64.50733   48  277   71.57374   63.90950  10.7%  43.9 3622s
 1702584 1656213   64.42710   48  233   71.57374   63.90994  10.7%  43.9 3627s
 1708610 1659487   64.16374   51  119   71.57374   63.91056  10.7%  43.9 3632s
 1712433 1665647   64.23088   52  276   71.57374   63.91107  10.7%  43.9 3637s
 1715301 1668973   64.09006   85  190   71.57374   63.91134  10.7%  43.9 3640s
 1721479 1671915   63.97595   55  115   71.57374   63.91229  10.7%  43.9 3645s
 1727049 1680067   64.25467   56  160   71.57374   63.91289  10.7%  43.8 3651s
 1730250 1683200   63.93994   39  223   71.57374   63.91343  10.7%  43.8 3655s
 1735125 1691693   64.63120   54  120   71.57374   63.91385  10.7%  43.8 3664s
 1742010 1691909   64.16701   55  209   71.57374   63.91467  10.7%  43.8 3668s
 1742227 1694871   64.13021   50  163   71.57374   63.91484  10.7%  43.8 3671s
 1748589 1699741   63.97297   62  243   71.57374   63.91561  10.7%  43.8 3676s
 1752622 1702220   64.12275   45  225   71.57374   63.91608  10.7%  43.8 3682s
 1752816 1705048   64.25559   49  133   71.57374   63.91621  10.7%  43.8 3685s
 1759607 1711357   63.95433   55  162   71.57374   63.91698  10.7%  43.7 3690s
 1765067 1715924   64.06487   39  226   71.57374   63.91760  10.7%  43.7 3695s
 1772526 1723617   64.00318   60  196   71.57374   63.91840  10.7%  43.7 3700s
 1774953 1725718   63.97891   90  170   71.57374   63.91882  10.7%  43.7 3706s
 1781074 1732330   63.91938   61  177   71.57374   63.91938  10.7%  43.7 3711s
 1785499 1734216   64.10408   39  285   71.57374   63.91989  10.7%  43.6 3715s
 1790129 1741292   64.95307   54  174   71.57374   63.92049  10.7%  43.6 3721s
 1793135 1744116   63.99421   56  141   71.57374   63.92094  10.7%  43.6 3725s
 1796616 1747471   64.28066   56  236   71.57374   63.92132  10.7%  43.6 3730s
 1802968 1751196   63.98015   41  236   71.57374   63.92193  10.7%  43.6 3739s
 1803132 1754211     cutoff   85        71.57374   63.92206  10.7%  43.6 3741s
 1806215 1756001   64.07671   29  284   71.57374   63.92234  10.7%  43.6 3748s
 1808068 1756169   64.13372   64  128   71.57374   63.92250  10.7%  43.6 3753s
 1808236 1758749   64.21971   65  178   71.57374   63.92265  10.7%  43.6 3755s
 1817308 1765253   64.89902   35  159   71.57374   63.92348  10.7%  43.5 3761s
 1820194 1770898   64.21164   62  163   71.57374   63.92388  10.7%  43.5 3766s
 1826426 1776190   64.03271   42  172   71.57374   63.92454  10.7%  43.5 3770s
 1831244 1781374   63.98037   35  243   71.57374   63.92519  10.7%  43.5 3776s
 1835969 1786168   64.37581   35  199   71.57374   63.92556  10.7%  43.5 3781s
 1842190 1789395   64.21557   44  204   71.57374   63.92633  10.7%  43.5 3788s
 1842376 1804884   64.24316   45  246   71.57374   63.92647  10.7%  43.5 3801s
 1858392 1805068   65.06641   69  133   71.57374   63.92774  10.7%  43.4 3805s
 1858580 1805317   64.29875   50  136   71.57374   63.92799  10.7%  43.4 3810s
 1865453 1815407   64.87114   56  207   71.57374   63.92876  10.7%  43.4 3818s
 1869230 1817845   64.15494   60  197   71.57374   63.92912  10.7%  43.4 3820s
 1875829 1822016   64.18049   58  151   71.57374   63.92994  10.7%  43.3 3826s
 1878878 1827838   64.32566   42  171   71.57374   63.93031  10.7%  43.3 3830s
 1884756 1830758   64.14554   38  182   71.57374   63.93110  10.7%  43.3 3835s
 1886536 1836310   63.94492   71  150   71.57374   63.93136  10.7%  43.3 3841s
 1895321 1843322   64.25445   58  215   71.57374   63.93223  10.7%  43.3 3846s
 1898113 1843566   64.30981   55  162   71.57374   63.93254  10.7%  43.3 3855s
 1900576 1848366   64.10276   59  189   71.57374   63.93284  10.7%  43.3 3860s
 1904630 1850391   64.25912   60  142   71.57374   63.93326  10.7%  43.3 3865s
 1908410 1857639   64.07812   56  185   71.57374   63.93366  10.7%  43.2 3870s
 1913772 1861547   63.94298   51  191   71.57374   63.93421  10.7%  43.2 3875s
 1916779 1863515   64.20846   59  170   71.57374   63.93463  10.7%  43.2 3881s
 1921611 1869358   64.08738   55  108   71.57374   63.93513  10.7%  43.2 3886s
 1924843 1872200   64.36157   39  290   71.57374   63.93555  10.7%  43.2 3890s
 1930276 1878930   63.93606   54  197   71.57374   63.93606  10.7%  43.2 3895s
 1936320 1880964   64.72838   51  167   71.57374   63.93664  10.7%  43.2 3900s
 1941918 1888682   64.57677   57  130   71.57374   63.93728  10.7%  43.1 3906s
 1947148 1891447   64.46178   59  196   71.57374   63.93791  10.7%  43.1 3912s
 1949868 1896349   64.32735   57  137   71.57374   63.93826  10.7%  43.1 3915s
 1952321 1896789   64.02331   37  250   71.57374   63.93847  10.7%  43.1 3921s
 1952772 1912361   64.10282   56   97   71.57374   63.93862  10.7%  43.1 3932s
 1970962 1914698   63.95437   45  181   71.57374   63.94018  10.7%  43.0 3936s
 1974234 1921981   64.34803   46  147   71.57374   63.94069  10.7%  43.0 3941s
 1983047 1927083   64.01617   61  166   71.57374   63.94176  10.7%  43.0 3946s
 1986294 1929665   64.15827   66  167   71.57374   63.94209  10.7%  43.0 3951s
 1991752 1937215   64.33762   49  199   71.57374   63.94269  10.7%  43.0 3956s
 1996645 1939751   64.43621   57  114   71.57374   63.94311  10.7%  43.0 3964s
 1996907 1955243   64.00004   59  155   71.57374   63.94327  10.7%  43.0 3976s
 2014725 1957200   64.63607   69  182   71.57374   63.94480  10.7%  42.9 3981s
 2017426 1963580   63.97892   60  156   71.57374   63.94524  10.7%  42.9 3987s
 2023561 1967927   64.40609   59  216   71.57374   63.94580  10.7%  42.9 3991s
 2026291 1970735   64.82995   64  224   71.57374   63.94627  10.7%  42.9 3995s
 2031433 1973440   64.21687   44  149   71.57374   63.94668  10.7%  42.8 4000s
 2036707 1981303   64.26757   55  166   71.57374   63.94719  10.7%  42.8 4006s
 2039667 1983218   64.20850   60  167   71.57374   63.94749  10.7%  42.8 4010s
 2044704 1987104   63.95965   41  208   71.57374   63.94783  10.7%  42.8 4017s
 2045626 1993602   64.12144   40  267   71.57374   63.94809  10.7%  42.8 4022s
 2052299 1997541   63.98819   54  124   71.57374   63.94871  10.7%  42.8 4025s
 2059809 2004278   64.15207   38  218   71.57374   63.94938  10.7%  42.8 4030s
 2067209 2010787   63.99087   58  182   71.57374   63.94999  10.7%  42.7 4035s
 2071120 2014608   64.18611   50  146   71.57374   63.95049  10.7%  42.7 4040s
 2076110 2016964 infeasible   94        71.57374   63.95079  10.7%  42.7 4045s
 2081622 2025043   64.44692   40  121   71.57374   63.95156  10.6%  42.7 4051s
 2088048 2028548   64.77822   65  239   71.57374   63.95217  10.6%  42.7 4058s
 2088246 2031919   64.21668   54  164   71.57374   63.95229  10.6%  42.7 4060s
 2096487 2039655   64.00606   49  144   71.57374   63.95314  10.6%  42.6 4066s
 2099770 2042299   64.36446   49  194   71.57374   63.95350  10.6%  42.6 4071s
 2103452 2046735   64.07194   44  195   71.57374   63.95381  10.6%  42.6 4076s
 2111361 2051203 infeasible   44        71.57374   63.95436  10.6%  42.6 4081s
 2116243 2055939   64.50101   59  173   71.57374   63.95494  10.6%  42.6 4086s
 2118951 2060113   64.26823   43  171   71.57374   63.95521  10.6%  42.6 4090s
 2123347 2063861   64.24497   44  220   71.57374   63.95572  10.6%  42.5 4095s
 2127515 2070880   64.26769   74  138   71.57374   63.95616  10.6%  42.5 4100s
 2131870 2073306   64.04015   45   97   71.57374   63.95662  10.6%  42.5 4105s
 2136677 2078447   64.54504   38  221   71.57374   63.95709  10.6%  42.5 4110s
 2144788 2086101   64.64203   50  253   71.57374   63.95780  10.6%  42.5 4116s
 2150139 2089141   64.02852   53  219   71.57374   63.95826  10.6%  42.4 4123s
 2150504 2104674   64.25516   59  152   71.57374   63.95840  10.6%  42.4 4135s
 2166675 2107793   64.22374   51  161   71.57374   63.95971  10.6%  42.4 4141s
 2172367 2113589   64.08646   34  169   71.57374   63.96020  10.6%  42.4 4145s
 2175916 2117309   64.51784   52  164   71.57374   63.96062  10.6%  42.3 4151s
 2184194 2124947   64.05360   63  136   71.57374   63.96134  10.6%  42.3 4156s
 2187347 2125150   64.02845   44  193   71.57374   63.96170  10.6%  42.3 4162s
 2190269 2130417   64.20049   61  209   71.57374   63.96192  10.6%  42.3 4165s
 2197699 2135143   64.45269   66  143   71.57374   63.96257  10.6%  42.3 4174s
 2197806 2137336   64.01323   38  171   71.57374   63.96267  10.6%  42.3 4175s
 2204804 2142042   64.00201   47  176   71.57374   63.96328  10.6%  42.3 4183s
 2204901 2144155   64.00061   53  137   71.57374   63.96334  10.6%  42.3 4185s
 2208117 2147135   63.96397   74  179   71.57374   63.96363  10.6%  42.3 4192s
 2211100 2151207   64.48292   47  214   71.57374   63.96393  10.6%  42.2 4197s
 2214299 2155037   64.07446   36  223   71.57374   63.96422  10.6%  42.2 4200s
 2218400 2157648   64.06569   59  182   71.57374   63.96469  10.6%  42.2 4206s
 2223835 2160634   64.25148   40   93   71.57374   63.96516  10.6%  42.2 4210s
 2229147 2167362   64.02993   59  185   71.57374   63.96570  10.6%  42.2 4216s
 2233650 2170463   64.11916   36  210   71.57374   63.96606  10.6%  42.2 4221s
 2237074 2177694   64.08604   44  176   71.57374   63.96643  10.6%  42.2 4226s
 2244002 2180470   64.15749   88  189   71.57374   63.96698  10.6%  42.1 4230s
 2247909 2186532   64.38175   50  197   71.57374   63.96741  10.6%  42.1 4236s
 2250654 2187883   64.28267   52  236   71.57374   63.96763  10.6%  42.1 4240s
 2254530 2190388   63.99143   49  181   71.57374   63.96801  10.6%  42.1 4245s
 2257495 2196893 infeasible   39        71.57374   63.96833  10.6%  42.1 4250s
 2261522 2199892   64.13241   46  113   71.57374   63.96877  10.6%  42.1 4256s
 2269210 2207124   64.54547   49  176   71.57374   63.96937  10.6%  42.1 4261s
 2271865 2208063   64.24434   48  264   71.57374   63.96966  10.6%  42.1 4265s
 2275527 2213311   64.14925   58  111   71.57374   63.97005  10.6%  42.1 4270s
 2282667 2217885   64.26973   47  296   71.57374   63.97064  10.6%  42.0 4275s
 2286638 2224249   64.25517   54  126   71.57374   63.97109  10.6%  42.0 4280s
 2290228 2227658   64.08870   55  156   71.57374   63.97152  10.6%  42.0 4285s
 2295958 2230635   64.01675   49  225   71.57374   63.97208  10.6%  42.0 4293s
 2295974 2230817   65.29612   32  195   71.57374   63.97218  10.6%  42.0 4297s
 2299037 2237579   64.28466   58  113   71.57374   63.97249  10.6%  42.0 4302s
 2303100 2237761   64.17170   52  146   71.57374   63.97280  10.6%  42.0 4305s
 2308777 2246001   64.32382   87  124   71.57374   63.97334  10.6%  42.0 4311s
 2314375 2251119   64.53732   47  191   71.57374   63.97375  10.6%  42.0 4316s
 2316978 2252666   64.13784   53  163   71.57374   63.97398  10.6%  41.9 4320s
 2318775 2255648   64.16630   47  259   71.57374   63.97426  10.6%  41.9 4325s
 2324911 2261728   64.07072   61  125   71.57374   63.97471  10.6%  41.9 4330s
 2328075 2264755   64.26815   52  143   71.57374   63.97505  10.6%  41.9 4335s
 2336312 2271559   64.24843   51  138   71.57374   63.97563  10.6%  41.9 4341s
 2338183 2274481   64.08401   41  211   71.57374   63.97591  10.6%  41.9 4346s
 2343873 2281322   64.48246   38  149   71.57374   63.97628  10.6%  41.9 4351s
 2350662 2284060   64.01244   67  173   71.57374   63.97691  10.6%  41.8 4357s
 2352400 2288333   64.43090   53  199   71.57374   63.97702  10.6%  41.8 4360s
 2360285 2294279   64.60973   59  140   71.57374   63.97772  10.6%  41.8 4366s
 2364281 2300848   64.20946   55  182   71.57374   63.97810  10.6%  41.8 4373s
 2368078 2301047   64.23285   39  214   71.57374   63.97837  10.6%  41.8 4378s
 2368279 2304406   64.00450   52  165   71.57374   63.97848  10.6%  41.8 4380s
 2374495 2308436   64.20716   35  233   71.57374   63.97892  10.6%  41.8 4386s
 2378607 2312481   64.34119   40  199   71.57374   63.97935  10.6%  41.8 4391s
 2383607 2319013   64.25812   52  209   71.57374   63.97980  10.6%  41.7 4395s
 2389963 2322231   64.40682   43  123   71.57374   63.98036  10.6%  41.7 4402s
 2390136 2326267   64.07551   45  282   71.57374   63.98048  10.6%  41.7 4405s
 2400286 2334856   64.13045   48  145   71.57374   63.98127  10.6%  41.7 4411s
 2403362 2337042   64.53097   59  207   71.57374   63.98159  10.6%  41.7 4415s
 2407924 2343332   64.17709   51  177   71.57374   63.98197  10.6%  41.7 4420s
 2414397 2345881   64.35520   62  117   71.57374   63.98262  10.6%  41.6 4426s
 2417136 2351097   64.40328   47  131   71.57374   63.98288  10.6%  41.6 4430s
 2424115 2355396   64.21543   72  144   71.57374   63.98345  10.6%  41.6 4435s
 2430002 2364916   64.30854   46  196   71.57374   63.98396  10.6%  41.6 4442s
 2435764 2366765   64.00370   93  131   71.57374   63.98444  10.6%  41.6 4446s
 2440223 2372315   64.05927   67  215   71.57374   63.98474  10.6%  41.6 4450s
 2446460 2379898   64.05642   69  144   71.57374   63.98532  10.6%  41.6 4455s
 2449731 2382709   64.49766   49  232   71.57374   63.98571  10.6%  41.5 4460s
 2456629 2388527   64.23576   33  253   71.57374   63.98619  10.6%  41.5 4465s
 2458311 2388608   64.54088   70  169   71.57374   63.98633  10.6%  41.5 4472s
 2459211 2392280   64.27198   51  151   71.57374   63.98653  10.6%  41.5 4476s
 2464850 2395337   64.49796   51  253   71.57374   63.98694  10.6%  41.5 4482s
 2467758 2400953   64.22284   53  172   71.57374   63.98729  10.6%  41.5 4487s
 2474242 2408255   64.04446   65  171   71.57374   63.98772  10.6%  41.5 4491s
 2478754 2410541   64.41284   46  131   71.57374   63.98819  10.6%  41.5 4496s
 2481171 2413389   64.14081   43  201   71.57374   63.98839  10.6%  41.5 4501s
 2486280 2418112   64.41108   37  221   71.57374   63.98877  10.6%  41.4 4505s
 2488928 2420643   64.41710   48  192   71.57374   63.98915  10.6%  41.4 4510s
 2495874 2425139   64.20254   52  194   71.57374   63.98965  10.6%  41.4 4518s
 2496133 2440702   64.02290   56  187   71.57374   63.98972  10.6%  41.4 4529s
 2512149 2440857   64.10203   58  144   71.57374   63.99087  10.6%  41.4 4531s
 2517856 2449686   64.06910   41  233   71.57374   63.99150  10.6%  41.4 4537s
 2521336 2449944   64.15263   39  136   71.57374   63.99177  10.6%  41.4 4543s
 2521595 2453421   64.22939   49  164   71.57374   63.99187  10.6%  41.4 4545s
 2530360 2460955   64.00328   41  157   71.57374   63.99247  10.6%  41.3 4551s
 2535773 2464031   64.39240   76  137   71.57374   63.99291  10.6%  41.3 4555s
 2540388 2472115   64.06308   49  233   71.57374   63.99335  10.6%  41.3 4561s
 2544887 2475647   64.20265   45  202   71.57374   63.99370  10.6%  41.3 4566s
 2553713 2483247   64.07352   53  141   71.57374   63.99445  10.6%  41.3 4571s
 2555921 2486549   64.55987   80  206   71.57374   63.99468  10.6%  41.3 4576s
 2561832 2492538   64.20062   45  222   71.57374   63.99511  10.6%  41.2 4580s
 2567768 2495248   64.16662   64  147   71.57374   63.99547  10.6%  41.2 4586s
 2570799 2500970   64.15396   43  217   71.57374   63.99575  10.6%  41.2 4590s
 2578084 2507411   64.01365   59  158   71.57374   63.99637  10.6%  41.2 4596s
 2580967 2510840   64.22571   47  261   71.57374   63.99668  10.6%  41.2 4601s
 2587885 2514569   64.15431   41  202   71.57374   63.99717  10.6%  41.2 4612s
 2588141 2516303   64.43609   49  120   71.57374   63.99728  10.6%  41.2 4618s
 2589692 2516688   64.08839   57  110   71.57374   63.99739  10.6%  41.2 4620s
 2593841 2522954   64.03101   55  218   71.57374   63.99767  10.6%  41.2 4625s
 2599380 2528866   64.11837   39  162   71.57374   63.99822  10.6%  41.2 4630s
 2605911 2535639   64.00892   51  127   71.57374   63.99876  10.6%  41.1 4637s
 2612171 2538274   64.02009   46  192   71.57374   63.99923  10.6%  41.1 4642s
 2612321 2541181   64.43486   86  234   71.57374   63.99932  10.6%  41.1 4645s
 2619760 2545561   64.20786   62  178   71.57374   63.99990  10.6%  41.1 4653s
 2619863 2548354   64.46361   56  196   71.57374   64.00001  10.6%  41.1 4655s
 2627295 2553553   64.01235   51  165   71.57374   64.00057  10.6%  41.1 4663s
 2628100 2567853   64.01474   51  161   71.57374   64.00065  10.6%  41.1 4673s
 2642886 2567993   64.03965   57  110   71.57374   64.00158  10.6%  41.1 4678s
 2643030 2568264   64.12160   47  232   71.57374   64.00172  10.6%  41.1 4681s
 2646551 2574200   64.00430   46  212   71.57374   64.00196  10.6%  41.1 4685s
 2653810 2579980   64.08539   42  130   71.57374   64.00249  10.6%  41.0 4690s
 2658253 2585693   64.28854   68  128   71.57374   64.00298  10.6%  41.0 4695s
 2666610 2591114   64.09109   41  272   71.57374   64.00362  10.6%  41.0 4702s
 2669181 2595821     cutoff   79        71.57374   64.00389  10.6%  41.0 4706s
 2671605 2596075   64.05456   77  210   71.57374   64.00415  10.6%  41.0 4710s
 2671859 2611674   64.09892   42  204   71.57374   64.00420  10.6%  41.0 4720s
 2690685 2617137   64.83145   55  236   71.57374   64.00553  10.6%  40.9 4725s
 2695106 2624791   64.19804   59  202   71.57374   64.00584  10.6%  40.9 4732s
 2701348 2624986   64.12009   42  281   71.57374   64.00629  10.6%  40.9 4736s
 2705493 2631352   68.43094   67  156   71.57374   64.00669  10.6%  40.9 4740s
 2713222 2639123   64.96883   46  166   71.57374   64.00733  10.6%  40.9 4746s
 2716088 2639348   64.31356   62  143   71.57374   64.00754  10.6%  40.9 4750s
 2716329 2654863   64.26789   61  132   71.57374   64.00760  10.6%  40.9 4760s
 2732464 2657763   64.62727   45  151   71.57374   64.00865  10.6%  40.8 4765s
 2738224 2660756   64.03646   55  131   71.57374   64.00914  10.6%  40.8 4771s
 2738461 2676323   64.07442   74  135   71.57374   64.00923  10.6%  40.8 4779s
 2754477 2676470 infeasible   43        71.57374   64.01025  10.6%  40.8 4784s
 2754631 2678694   64.11723   43  114   71.57374   64.01039  10.6%  40.8 4786s
 2759536 2681918   64.42124   44  266   71.57374   64.01076  10.6%  40.7 4792s
 2760209 2697307   64.20782   81  201   71.57374   64.01084  10.6%  40.7 4803s
 2776136 2697517   64.36328   39  241   71.57374   64.01167  10.6%  40.7 4808s
 2776346 2700443   64.08203   62  161   71.57374   64.01187  10.6%  40.7 4810s
 2782495 2704846   64.01375   67  166   71.57374   64.01226  10.6%  40.7 4818s
 2783877 2710147   64.29296   41  173   71.57374   64.01240  10.6%  40.7 4825s
 2789344 2715481   64.05941   54  206   71.57374   64.01256  10.6%  40.6 4830s
 2796696 2721979   64.02936   49  149   71.57374   64.01324  10.6%  40.6 4835s
 2801519 2723004   64.01580   54  103   71.57374   64.01369  10.6%  40.6 4840s
 2806612 2727091   64.24613   61  171   71.57374   64.01406  10.6%  40.6 4845s
 2806799 2742596   64.21660   53  258   71.57374   64.01418  10.6%  40.6 4856s
 2822815 2742734   64.40379   39  232   71.57374   64.01520  10.6%  40.6 4860s
 2826529 2748737 infeasible   31        71.57374   64.01551  10.6%  40.6 4866s
 2832942 2753925   64.40076   55  163   71.57374   64.01604  10.6%  40.5 4872s
 2837901 2757343   64.02749   68  126   71.57374   64.01642  10.6%  40.5 4879s
 2838077 2760196   64.28948   46  138   71.57374   64.01651  10.6%  40.5 4881s
 2846771 2765841   64.48932   52  141   71.57374   64.01710  10.6%  40.5 4887s
 2849708 2772774   64.74359   63  188   71.57374   64.01734  10.6%  40.5 4892s
 2854036 2772933   64.67650   52  284   71.57374   64.01755  10.6%  40.5 4898s
 2857007 2777623   64.04901   65  180   71.57374   64.01784  10.6%  40.5 4901s
 2861166 2782292   64.02235   32  231   71.57374   64.01808  10.6%  40.5 4905s
 2863970 2784971   64.67035   53  214   71.57374   64.01833  10.6%  40.5 4910s
 2871357 2793645   64.11879   54  187   71.57374   64.01881  10.6%  40.4 4916s
 2875653 2796250   64.09734   54  144   71.57374   64.01916  10.6%  40.4 4920s
 2883064 2801407 infeasible   88        71.57374   64.01967  10.6%  40.4 4927s
 2886266 2805241   64.02416   75  184   71.57374   64.01995  10.6%  40.4 4931s
 2890435 2808214   64.53029   50  221   71.57374   64.02020  10.6%  40.4 4935s
 2893764 2815198   64.28307   65  159   71.57374   64.02052  10.6%  40.4 4940s
 2899984 2817449   64.60560   82  141   71.57374   64.02098  10.6%  40.4 4946s
 2902432 2821794   64.24902   53  171   71.57374   64.02109  10.6%  40.4 4950s
 2910252 2828113   64.13862   45  180   71.57374   64.02166  10.6%  40.3 4956s
 2914461 2833161   64.06855   61  132   71.57374   64.02197  10.6%  40.3 4960s
 2916469 2833353   64.65020   51  135   71.57374   64.02208  10.6%  40.3 4966s
 2916663 2848809   64.57701   49  223   71.57374   64.02216  10.6%  40.3 4976s
 2932679 2848929   64.06019   66  147   71.57374   64.02292  10.5%  40.3 4980s
 2938544 2858788   64.64722   45  131   71.57374   64.02347  10.5%  40.3 4986s
 2943091 2861376   64.02552   90  122   71.57374   64.02384  10.5%  40.3 4991s
 2948160 2863929   64.30165   50  216   71.57374   64.02413  10.5%  40.3 4997s
 2950987 2868654   64.30988   49  143   71.57374   64.02445  10.5%  40.2 5001s
 2953442 2870640   64.22497   66  126   71.57374   64.02463  10.5%  40.2 5006s
 2960392 2875977   64.05307   39  174   71.57374   64.02514  10.5%  40.2 5012s
 2960787 2891442   64.02952   59  156   71.57374   64.02524  10.5%  40.2 5022s
 2976803 2891553   64.46561   55  104   71.57374   64.02619  10.5%  40.2 5025s
 2976914 2891569   64.07454   62  209   71.57374   64.02628  10.5%  40.2 5030s
 2977023 2894386   64.12761   58  165   71.57374   64.02640  10.5%  40.2 5035s
 2982372 2897007   64.20675   60  116   71.57374   64.02672  10.5%  40.2 5040s
 2982549 2912487   64.05370   52  211   71.57374   64.02679  10.5%  40.2 5051s
 2998671 2912721   64.60526   55  215   71.57374   64.02774  10.5%  40.1 5056s
 3004331 2920961   64.02887   98  219   71.57374   64.02818  10.5%  40.1 5062s
 3007428 2921133   64.03915   54  153   71.57374   64.02833  10.5%  40.1 5065s
 3014544 2930012   64.42775   43  114   71.57374   64.02884  10.5%  40.1 5071s
 3019344 2932617   64.05981   66  159   71.57374   64.02920  10.5%  40.1 5075s
 3024380 2939978   64.29378   47  220   71.57374   64.02952  10.5%  40.1 5080s
 3031412 2944259   64.19582   59  153   71.57374   64.02992  10.5%  40.1 5085s
 3036172 2948897   64.38324   50  286   71.57374   64.03031  10.5%  40.1 5090s
 3036315 2948913   64.17478   73  158   71.57374   64.03041  10.5%  40.1 5100s
 3036540 2951082   64.28079   54  326   71.57374   64.03050  10.5%  40.1 5106s
 3041820 2956795   64.08066   52  111   71.57374   64.03084  10.5%  40.0 5110s
 3047311 2962062   64.04694   55  231   71.57374   64.03124  10.5%  40.0 5116s
 3052982 2965415   64.72428   59  135   71.57374   64.03159  10.5%  40.0 5122s
 3053430 2969081   64.35067   56  124   71.57374   64.03167  10.5%  40.0 5125s
 3060570 2975240   64.52635   54  120   71.57374   64.03213  10.5%  40.0 5130s
 3064155 2978752   64.44359   39  185   71.57374   64.03246  10.5%  40.0 5136s
 3067835 2982266   64.18117   62  194   71.57374   64.03270  10.5%  40.0 5140s
 3075221 2988054   64.38248   60   83   71.57374   64.03305  10.5%  40.0 5145s
 3077098 2990854   64.06285   51  229   71.57374   64.03330  10.5%  40.0 5150s
 3083070 2996164   64.18443   49  185   71.57374   64.03377  10.5%  40.0 5155s
 3090939 3002503 infeasible   41        71.57374   64.03422  10.5%  39.9 5162s
 3091850 3006431   64.38847   50  112   71.57374   64.03431  10.5%  39.9 5165s
 3096007 3008674   64.44761   56  171   71.57374   64.03465  10.5%  39.9 5171s
 3101187 3012695   64.22266   42  182   71.57374   64.03495  10.5%  39.9 5176s
 3102547 3015600   64.14777   42  270   71.57374   64.03505  10.5%  39.9 5181s
 3108074 3018279   64.39121   38  232   71.57374   64.03537  10.5%  39.9 5185s
 3113890 3027239   64.21317   62  166   71.57374   64.03578  10.5%  39.9 5192s
 3117800 3030553     cutoff   85        71.57374   64.03604  10.5%  39.9 5196s
 3124023 3035894   64.15972   63  202   71.57374   64.03644  10.5%  39.9 5200s
 3130970 3040358   64.21496   55  216   71.57374   64.03695  10.5%  39.9 5206s
 3133882 3045417   64.09871   91  136   71.57374   64.03721  10.5%  39.9 5210s
 3140665 3052509   64.51875   37  268   71.57374   64.03766  10.5%  39.9 5216s
 3145937 3054814   64.22045   54  196   71.57374   64.03799  10.5%  39.8 5222s
 3148599 3058886   64.29029   43  226   71.57374   64.03818  10.5%  39.8 5226s
 3152990 3064600   64.66370   56  218   71.57374   64.03849  10.5%  39.8 5230s
 3156400 3067351   64.93783   57  178   71.57374   64.03873  10.5%  39.8 5236s
 3162878 3072716   64.43833   36  161   71.57374   64.03907  10.5%  39.8 5241s
 3164809 3075815   64.13864   42  142   71.57374   64.03925  10.5%  39.8 5245s
 3173552 3084165   64.08960   52   92   71.57374   64.03977  10.5%  39.8 5251s
 3176599 3086538   64.05332   62  171   71.57374   64.04002  10.5%  39.8 5256s
 3181713 3093485   64.04031   49  145   71.57374   64.04031  10.5%  39.8 5261s
 3188500 3098288   64.28607   58  204   71.57374   64.04083  10.5%  39.8 5266s
 3195252 3102826   64.06675   50  152   71.57374   64.04120  10.5%  39.8 5272s
 3198581 3108530   64.07192   44  255   71.57374   64.04143  10.5%  39.8 5276s
 3203548 3114303   64.77644   40  131   71.57374   64.04177  10.5%  39.7 5280s
 3207579 3114429   64.26424   43  212   71.57374   64.04197  10.5%  39.7 5285s
 3213055 3122134   64.12538   60  142   71.57374   64.04227  10.5%  39.7 5290s
 3217374 3126070   64.04600   48  163   71.57374   64.04262  10.5%  39.7 5295s
 3225214 3132662   64.58706   66  240   71.57374   64.04314  10.5%  39.7 5302s
 3226510 3142014   64.12737   46  149   71.57374   64.04319  10.5%  39.7 5308s
 3236111 3142139   64.04725   58  154   71.57374   64.04367  10.5%  39.7 5311s
 3239495 3146041   64.27880   63  173   71.57374   64.04396  10.5%  39.7 5315s
 3243634 3151418   64.11028   48  167   71.57374   64.04421  10.5%  39.7 5320s
 3247329 3160592   64.26860   40  231   71.57374   64.04446  10.5%  39.6 5329s
 3255396 3163291   64.06417   62  172   71.57374   64.04492  10.5%  39.6 5331s
 3258320 3166044   64.35030   31  210   71.57374   64.04518  10.5%  39.6 5337s
 3263906 3171469   64.11305   58  153   71.57374   64.04550  10.5%  39.6 5340s
 3266941 3187182   64.08885   61  162   71.57374   64.04567  10.5%  39.6 5354s
 3282957 3187367   64.46764   56  230   71.57374   64.04639  10.5%  39.6 5357s
 3285711 3192818   64.51499   95  160   71.57374   64.04664  10.5%  39.6 5360s
 3291862 3195868   64.12752   56  210   71.57374   64.04701  10.5%  39.6 5367s
 3292023 3199136   64.04770   45  197   71.57374   64.04709  10.5%  39.6 5370s
 3301058 3204797   64.40961   41  221   71.57374   64.04756  10.5%  39.6 5377s
 3304486 3210279   64.10038   36  227   71.57374   64.04781  10.5%  39.6 5381s
 3308875 3214211   64.06276   49  119   71.57374   64.04811  10.5%  39.6 5386s
 3311511 3229923   64.34484   48  122   71.57374   64.04834  10.5%  39.6 5401s
 3327527 3230024   64.09946   51  203   71.57374   64.04911  10.5%  39.5 5405s
 3330866 3235884   64.50337   36  227   71.57374   64.04933  10.5%  39.5 5410s
 3337244 3239491   64.12576   59  260   71.57374   64.04978  10.5%  39.5 5418s
 3337420 3242486   64.09696   54  141   71.57374   64.04987  10.5%  39.5 5420s
 3345963 3250565   64.15706   53  195   71.57374   64.05037  10.5%  39.5 5426s
 3349169 3253233   64.17190   54  152   71.57374   64.05057  10.5%  39.5 5430s
 3354301 3259785   64.10881   45  250   71.57374   64.05090  10.5%  39.5 5435s
 3361298 3264798   64.32521   47  212   71.57374   64.05136  10.5%  39.5 5440s
 3368749 3269921   64.19296   70  180   71.57374   64.05186  10.5%  39.4 5446s
 3374289 3277215   64.54629   58  228   71.57374   64.05220  10.5%  39.4 5451s
 3376508 3278209   64.62693   72  181   71.57374   64.05233  10.5%  39.4 5455s
 3377559 3289017   64.05438   45  187   71.57374   64.05240  10.5%  39.4 5462s
 3388879 3292380     cutoff   65        71.57374   64.05308  10.5%  39.4 5466s
 3395111 3297752   64.34827   41  209   71.57374   64.05342  10.5%  39.4 5470s
 3398086 3313429   64.07617   63  134   71.57374   64.05362  10.5%  39.4 5483s
 3414102 3313604   64.35426   61  197   71.57374   64.05435  10.5%  39.4 5486s
 3419599 3322565   64.45940   51  178   71.57374   64.05475  10.5%  39.3 5491s
 3423575 3322689   64.42960   58   78   71.57374   64.05497  10.5%  39.3 5495s
 3429222 3330627   64.30412   54  150   71.57374   64.05535  10.5%  39.3 5500s
 3432141 3333172   64.28879   80  166   71.57374   64.05556  10.5%  39.3 5505s
 3439248 3338855   64.25119   52  204   71.57374   64.05586  10.5%  39.3 5510s
 3444241 3345494 infeasible   47        71.57374   64.05629  10.5%  39.3 5516s
 3450591 3351184   64.06874   74  150   71.57374   64.05659  10.5%  39.3 5520s
 3453121 3351299   64.06718   53  145   71.57374   64.05678  10.5%  39.3 5525s
 3457775 3358048   64.26990   61  201   71.57374   64.05705  10.5%  39.3 5530s
 3463005 3361044   64.47230   55  174   71.57374   64.05740  10.5%  39.3 5537s
 3463307 3376457   64.17680   51  121   71.57374   64.05746  10.5%  39.3 5548s
 3479323 3379007   64.68637   56  117   71.57374   64.05809  10.5%  39.2 5550s
 3485313 3386333   64.50919   59  183   71.57374   64.05858  10.5%  39.2 5556s
 3491651 3388547   64.84014   65  188   71.57374   64.05894  10.5%  39.2 5560s
 3496902 3395867   64.06107   44  192   71.57374   64.05924  10.5%  39.2 5566s
 3501910 3398460   64.56636   53  187   71.57374   64.05957  10.5%  39.2 5571s
 3506624 3406732   64.55020   35  304   71.57374   64.05991  10.5%  39.2 5577s
 3510639 3406887   64.22768   67  186   71.57374   64.06009  10.5%  39.2 5580s
 3516211 3414767   64.06055   66  157   71.57374   64.06046  10.5%  39.2 5586s
 3518921 3414916   64.12604   53  132   71.57374   64.06064  10.5%  39.2 5591s
 3521470 3419598   65.20753   57  271   71.57374   64.06081  10.5%  39.2 5595s
 3529036 3424762   64.11336   53  186   71.57374   64.06127  10.5%  39.2 5601s
 3529278 3440242   64.15111   49  213   71.57374   64.06135  10.5%  39.2 5611s
 3545347 3440816   64.06215   55  161   71.57374   64.06215  10.5%  39.1 5618s
 3545937 3443618   64.33623   36  192   71.57374   64.06224  10.5%  39.1 5620s
 3548856 3443849   64.30467   39  202   71.57374   64.06240  10.5%  39.1 5625s
 3552110 3450313   64.46008   40  197   71.57374   64.06262  10.5%  39.1 5630s
 3561075 3455661   65.42964   55  206   71.57374   64.06311  10.5%  39.1 5637s
 3563899 3460598   64.22138   38  220   71.57374   64.06330  10.5%  39.1 5641s
 3569597 3466383   64.23704   57  167   71.57374   64.06370  10.5%  39.1 5646s
 3575047 3472897   64.39264   58  164   71.57374   64.06398  10.5%  39.1 5651s
 3579336 3475506 infeasible   45        71.57374   64.06425  10.5%  39.1 5656s
 3587174 3482815   64.35930   46  135   71.57374   64.06470  10.5%  39.1 5661s
 3589634 3485437   64.07452   41  206   71.57374   64.06490  10.5%  39.1 5666s
 3594947 3490449   64.30020   38  206   71.57374   64.06516  10.5%  39.0 5670s
 3598524 3502399   64.06537   44  178   71.57374   64.06537  10.5%  39.0 5681s
 3609955 3502511   64.21699   59  112   71.57374   64.06583  10.5%  39.0 5687s
 3613212 3505760   64.25087   54  192   71.57374   64.06619  10.5%  39.0 5692s
 3613501 3508621   64.10202   56  115   71.57374   64.06625  10.5%  39.0 5695s
 3619402 3515927   65.06276   54  168   71.57374   64.06654  10.5%  39.0 5700s
 3624118 3516056   64.56062   42  199   71.57374   64.06676  10.5%  39.0 5705s
 3629052 3522594   64.91746   76  172   71.57374   64.06704  10.5%  39.0 5710s
 3631186 3525317   64.80562   53  179   71.57374   64.06724  10.5%  39.0 5715s
 3638918 3531701   64.42809   55  143   71.57374   64.06762  10.5%  39.0 5720s
 3643335 3534627 infeasible   61        71.57374   64.06789  10.5%  39.0 5728s
 3643534 3538676   64.44289   46  218   71.57374   64.06797  10.5%  39.0 5731s
 3647781 3538735   64.11448   54  141   71.57374   64.06819  10.5%  38.9 5736s
 3648374 3542915     cutoff   53        71.57374   64.06827  10.5%  38.9 5742s
 3655138 3548254   64.08982  104  179   71.57374   64.06867  10.5%  38.9 5746s
 3660465 3550895   64.11566   74  168   71.57374   64.06900  10.5%  38.9 5753s
 3660659 3553955 infeasible   93        71.57374   64.06909  10.5%  38.9 5755s
 3670465 3562908   64.09869   47  179   71.57374   64.06962  10.5%  38.9 5761s
 3675653 3567511   64.46968   42  259   71.57374   64.06990  10.5%  38.9 5766s
 3683031 3574005   64.33006   71  122   71.57374   64.07032  10.5%  38.9 5771s
 3685816 3584929   64.99693   73  255   71.57374   64.07051  10.5%  38.9 5781s
 3696368 3587809   64.08232   38  128   71.57374   64.07115  10.5%  38.9 5786s
 3702237 3593440   64.35208   47  182   71.57374   64.07147  10.5%  38.8 5791s
 3707721 3599881   64.54321   55  202   71.57374   64.07172  10.5%  38.8 5795s
 3714244 3602384   64.48432   41  166   71.57374   64.07208  10.5%  38.8 5802s
 3716787 3607270   64.40644   62  154   71.57374   64.07222  10.5%  38.8 5806s
 3721996 3609887   64.16971   63  169   71.57374   64.07248  10.5%  38.8 5810s
 3727241 3617127   64.59246   49  257   71.57374   64.07283  10.5%  38.8 5816s
 3733710 3621109   64.08809   52  200   71.57374   64.07315  10.5%  38.8 5822s
 3736583 3626102   64.34608   51  172   71.57374   64.07341  10.5%  38.8 5826s
 3744142 3631983   64.20091   42  215   71.57374   64.07379  10.5%  38.8 5832s
 3748191 3636342   64.21800   60  105   71.57374   64.07400  10.5%  38.8 5836s
 3752793 3639475 infeasible   63        71.57374   64.07427  10.5%  38.8 5842s
 3753010 3654726   64.83580   70  143   71.57374   64.07434  10.5%  38.8 5852s
 3769026 3654819   64.20592   58  177   71.57374   64.07495  10.5%  38.7 5856s
 3770472 3658848   64.14996   51  190   71.57374   64.07508  10.5%  38.7 5860s
 3777021 3662483   64.07541   63  112   71.57374   64.07541  10.5%  38.7 5867s
 3779916 3665913   64.53017   57  196   71.57374   64.07569  10.5%  38.7 5870s
 3783878 3671681   64.43369   48  273   71.57374   64.07591  10.5%  38.7 5876s
 3791175 3677420   64.24887   50  142   71.57374   64.07623  10.5%  38.7 5880s
 3795535 3695301   64.14781   41  245   71.57374   64.07653  10.5%  38.7 5894s
 3811551 3697868   64.42997   59  153   71.57374   64.07721  10.5%  38.7 5896s
 3814429 3700214   64.18065   68  138   71.57374   64.07748  10.5%  38.7 5901s
 3821285 3706715   64.49371   56  165   71.57374   64.07781  10.5%  38.6 5905s
 3823836 3709203   64.20946   55  158   71.57374   64.07799  10.5%  38.6 5910s
 3831324 3714396   64.52847   59  140   71.57374   64.07838  10.5%  38.6 5916s
 3836480 3721986   64.30558   63  143   71.57374   64.07873  10.5%  38.6 5921s
 3843507 3726039   64.07908   44  176   71.57374   64.07904  10.5%  38.6 5927s
 3846379 3731271   64.08899   60  144   71.57374   64.07921  10.5%  38.6 5930s
 3851610 3733769   64.38299   55  212   71.57374   64.07949  10.5%  38.6 5935s
 3857051 3739019   64.49945   55  172   71.57374   64.07982  10.5%  38.6 5944s
 3857249 3741318   64.14613   46  172   71.57374   64.07989  10.5%  38.6 5945s
 3862292 3747862   64.18280   57  210   71.57374   64.08014  10.5%  38.6 5950s
 3866722 3750542   64.08041   55  165   71.57374   64.08041  10.5%  38.6 5956s
 3871994 3753615   64.26494   59  178   71.57374   64.08065  10.5%  38.5 5962s
 3874973 3758287   64.31379   51  239   71.57374   64.08079  10.5%  38.5 5965s
 3880336 3761235   64.10084   60  141   71.57374   64.08105  10.5%  38.5 5970s
 3885604 3768179   64.09817   40  202   71.57374   64.08128  10.5%  38.5 5975s
 3891897 3772361   64.17458   71   89   71.57374   64.08164  10.5%  38.5 5981s
 3897020 3779540   64.22888   43  210   71.57374   64.08193  10.5%  38.5 5986s
 3899594 3779687   64.16416   43  203   71.57374   64.08208  10.5%  38.5 5990s
 3904820 3788259   64.32674   47  181   71.57374   64.08242  10.5%  38.5 5996s
 3909608 3792002   64.19560   48  245   71.57374   64.08267  10.5%  38.5 6000s
 3915464 3794786   64.73477   51  192   71.57374   64.08297  10.5%  38.5 6007s
 3917864 3799834   64.09342   61  164   71.57374   64.08310  10.5%  38.5 6011s
 3923644 3802489     cutoff   71        71.57374   64.08338  10.5%  38.5 6015s
 3930680 3811184   64.13602   53  147   71.57374   64.08368  10.5%  38.4 6021s
 3935426 3816035   64.41283   57  179   71.57374   64.08395  10.5%  38.4 6026s
 3940904 3821074   64.15792   54  193   71.57374   64.08423  10.5%  38.4 6030s
 3944494 3824660   64.21367   62  207   71.57374   64.08445  10.5%  38.4 6035s
 3947234 3840240   64.40668   53  174   71.57374   64.08462  10.5%  38.4 6047s
 3963382 3843209   64.13387   60  179   71.57374   64.08532  10.5%  38.4 6050s
 3969381 3849920   64.38953   56  110   71.57374   64.08568  10.5%  38.4 6055s
 3977493 3854009   64.40539   47  138   71.57374   64.08612  10.5%  38.4 6064s
 3977670 3856889   64.36638   58  119   71.57374   64.08618  10.5%  38.4 6066s
 3983629 3861741     cutoff   29        71.57374   64.08648  10.5%  38.4 6070s
 3990530 3867068   64.11618   65  127   71.57374   64.08687  10.5%  38.3 6077s
 3991299 3880009   64.13460   61  202   71.57374   64.08691  10.5%  38.3 6085s
 4007886 3885139   64.35585   48  169   71.57374   64.08774  10.5%  38.3 6090s
 4013014 3888028 infeasible   42        71.57374   64.08805  10.5%  38.3 6096s
 4013271 3903298   64.34426   56  167   71.57374   64.08811  10.5%  38.3 6106s
 4029287 3903482   64.21935   44  267   71.57374   64.08875  10.5%  38.3 6110s
 4035072 3912965   64.75698   75  192   71.57374   64.08912  10.5%  38.3 6116s
 4040993 3914781   64.24320   57  195   71.57374   64.08944  10.5%  38.3 6123s
 4041231 3917498   64.13805   40  193   71.57374   64.08949  10.5%  38.3 6125s
 4049853 3923268   65.99489   28  236   71.57374   64.08983  10.5%  38.3 6131s
 4052850 3928571   64.13321   39  211   71.57374   64.09004  10.5%  38.3 6135s
 4060262 3935443   64.09650   80  129   71.57374   64.09038  10.5%  38.2 6141s
 4066156 3941352   64.30694   66  170   71.57374   64.09071  10.5%  38.2 6146s
 4069043 3941511   64.18268   54  190   71.57374   64.09085  10.5%  38.2 6150s
 4074957 3948861   64.44176   48  203   71.57374   64.09120  10.5%  38.2 6155s
 4080605 3952523   64.09148   54  201   71.57374   64.09148  10.5%  38.2 6162s
 4084079 3958131   64.20036   53  215   71.57374   64.09168  10.5%  38.2 6166s
 4091508 3962979   64.51419   40  160   71.57374   64.09214  10.5%  38.2 6171s
 4097266 3970697   64.42440   38  272   71.57374   64.09242  10.5%  38.2 6176s
 4103686 3976859   64.12900   90  165   71.57374   64.09270  10.5%  38.2 6180s
 4106376 3979355   64.19449   27  229   71.57374   64.09290  10.5%  38.2 6186s
 4114100 3986543   64.34476   58  143   71.57374   64.09324  10.5%  38.2 6191s
 4116331 3986687   64.77159   63  175   71.57374   64.09335  10.5%  38.2 6196s
 4118932 3991630   64.16976   70  116   71.57374   64.09350  10.5%  38.2 6200s
 4127545 3997470   64.41699   49  196   71.57374   64.09394  10.5%  38.1 6208s
 4127747 4000055   64.51296   56   93   71.57374   64.09402  10.5%  38.1 6210s
 4135769 4005347   64.39351   44  211   71.57374   64.09446  10.4%  38.1 6218s
 4136032 4007851   64.10389   37  167   71.57374   64.09449  10.4%  38.1 6220s
 4143943 4013182   64.32051   72  166   71.57374   64.09491  10.4%  38.1 6226s
 4144201 4028555   64.44000   51  278   71.57374   64.09497  10.4%  38.1 6236s
 4160348 4031340   64.11265   63  187   71.57374   64.09574  10.4%  38.1 6241s
 4165639 4033991   64.09597   49  253   71.57374   64.09597  10.4%  38.1 6247s
 4165851 4049343   64.09647   63  153   71.57374   64.09604  10.4%  38.1 6257s
 4181867 4049398   64.59055   43  224   71.57374   64.09666  10.4%  38.1 6261s
 4187061 4054704   64.09770   33  254   71.57374   64.09699  10.4%  38.1 6267s
 4187462 4070096   64.46242   41  215   71.57374   64.09704  10.4%  38.1 6277s
 4203552 4070252   64.55742   73   91   71.57374   64.09777  10.4%  38.0 6280s
 4209687 4079967   64.41026   43  185   71.57374   64.09811  10.4%  38.0 6285s
 4216806 4085231   64.17120   50  186   71.57374   64.09847  10.4%  38.0 6291s
 4221624 4088008   64.38632   70  154   71.57374   64.09869  10.4%  38.0 6295s
 4227404 4095501   64.09912   47  191   71.57374   64.09895  10.4%  38.0 6300s
 4229992 4098287   64.15399   52  125   71.57374   64.09912  10.4%  38.0 6305s
 4236673 4104782   64.15416   41  191   71.57374   64.09938  10.4%  38.0 6310s
 4241788 4107099   64.47275   40  247   71.57374   64.09967  10.4%  38.0 6315s
 4247098 4114366   64.11212   54  140   71.57374   64.09992  10.4%  38.0 6320s
 4251951 4119315   64.14149   57  227   71.57374   64.10019  10.4%  38.0 6326s
 4258475 4125546   64.14762   58  149   71.57374   64.10045  10.4%  37.9 6330s
 4261345 4128196   64.12307   64  193   71.57374   64.10062  10.4%  37.9 6335s
 4269271 4133542   64.81511   50  155   71.57374   64.10095  10.4%  37.9 6343s
 4269423 4136018   64.11048   56  171   71.57374   64.10100  10.4%  37.9 6345s
 4277065 4144456   64.61324   43  223   71.57374   64.10140  10.4%  37.9 6351s
 4280766 4144625   64.14605   48  210   71.57374   64.10153  10.4%  37.9 6355s
 4286746 4152379   64.36189   50  168   71.57374   64.10184  10.4%  37.9 6361s
 4293948 4157292   64.61217   45  197   71.57374   64.10222  10.4%  37.9 6369s
 4294121 4159989   64.40547   63  226   71.57374   64.10226  10.4%  37.9 6370s
 4299307 4166065   64.10263   83  164   71.57374   64.10248  10.4%  37.9 6375s
 4307673 4171498   64.36251   61  159   71.57374   64.10288  10.4%  37.9 6380s
 4313768 4176335   64.45269   60  205   71.57374   64.10324  10.4%  37.9 6387s
 4316460 4181176   64.10522   51  200   71.57374   64.10337  10.4%  37.9 6391s
 4321681 4187142   64.10364   61  188   71.57374   64.10364  10.4%  37.8 6395s
 4325390 4189938   64.30296   44  247   71.57374   64.10389  10.4%  37.8 6400s
 4334178 4198476   64.97420   46  261   71.57374   64.10425  10.4%  37.8 6405s
 4337248 4201097   64.27590   83  139   71.57374   64.10442  10.4%  37.8 6410s
 4346559 4209595   64.48826   65  140   71.57374   64.10482  10.4%  37.8 6416s
 4348666 4212199   64.10818   58  190   71.57374   64.10495  10.4%  37.8 6420s
 4354122 4216764   64.81706   65  143   71.57374   64.10518  10.4%  37.8 6425s
 4356195 4219507   64.65443   49  264   71.57374   64.10535  10.4%  37.8 6431s
 4361418 4225041 infeasible   42        71.57374   64.10551  10.4%  37.8 6435s
 4368396 4228858   64.34539   73  170   71.57374   64.10584  10.4%  37.8 6440s
 4371666 4234436     cutoff   93        71.57374   64.10606  10.4%  37.8 6446s
 4377484 4237689   64.58302   47  226   71.57374   64.10637  10.4%  37.8 6450s
 4383093 4245510   64.10729   56  176   71.57374   64.10665  10.4%  37.8 6455s
 4389508 4249225   64.33007   51  163   71.57374   64.10694  10.4%  37.8 6461s
 4392605 4254702   64.37741   56  212   71.57374   64.10710  10.4%  37.7 6465s
 4400992 4260237   64.48981   49  206   71.57374   64.10748  10.4%  37.7 6472s
 4403877 4265543   64.10798   72  170   71.57374   64.10765  10.4%  37.7 6475s
 4410528 4269446   64.11414   55  122   71.57374   64.10790  10.4%  37.7 6482s
 4413242 4274546   64.51250   56  152   71.57374   64.10809  10.4%  37.7 6485s
 4421532 4280076   64.43841   68   84   71.57374   64.10842  10.4%  37.7 6491s
 4424284 4285088   64.56689   40  278   71.57374   64.10854  10.4%  37.7 6495s
 4429539 4289369   64.12416   62  187   71.57374   64.10878  10.4%  37.7 6502s
 4431315 4295277   64.26105   40  265   71.57374   64.10887  10.4%  37.7 6506s
 4438153 4299667   64.12383   74  185   71.57374   64.10922  10.4%  37.7 6511s
 4445061 4303247   64.12050   53  232   71.57374   64.10953  10.4%  37.7 6515s
 4448840 4309258   64.24508   46  183   71.57374   64.10974  10.4%  37.7 6520s
 4453017 4320298   64.11700   47  199   71.57374   64.10995  10.4%  37.7 6529s
 4463502 4322219   64.42758   76  121   71.57374   64.11032  10.4%  37.6 6531s
 4465640 4325708 infeasible   45        71.57374   64.11048  10.4%  37.6 6536s
 4474305 4334783   64.12216   50  178   71.57374   64.11086  10.4%  37.6 6542s
 4478617 4334948   64.58153   43  266   71.57374   64.11105  10.4%  37.6 6546s
 4483791 4339760   64.48048   60   82   71.57374   64.11128  10.4%  37.6 6554s
 4483809 4339949   64.37214   58  258   71.57374   64.11134  10.4%  37.6 6558s
 4486572 4344918   64.18423   89  186   71.57374   64.11148  10.4%  37.6 6561s
 4491877 4347689   64.55694   46  188   71.57374   64.11170  10.4%  37.6 6567s
 4494578 4352698   64.20528   64  174   71.57374   64.11184  10.4%  37.6 6570s
 4498839 4360209   64.14592   55  175   71.57374   64.11202  10.4%  37.6 6577s
 4505049 4360412   64.11224   90  224   71.57374   64.11224  10.4%  37.6 6582s
 4508660 4366386   64.55014   58  173   71.57374   64.11247  10.4%  37.6 6586s
 4514666 4371890   64.29861   37  225   71.57374   64.11277  10.4%  37.6 6590s
 4522679 4379385   64.71628   59  154   71.57374   64.11311  10.4%  37.5 6596s
 4525124 4382056     cutoff   94        71.57374   64.11330  10.4%  37.5 6601s
 4532846 4387139   64.36454   60  224   71.57374   64.11364  10.4%  37.5 6605s
 4538369 4394675   64.12555   82  233   71.57374   64.11389  10.4%  37.5 6610s
 4540767 4398423 infeasible   79        71.57374   64.11399  10.4%  37.5 6615s
 4544670 4398582   64.72233   47  231   71.57374   64.11414  10.4%  37.5 6621s
 4547943 4404343   64.35999   59  209   71.57374   64.11431  10.4%  37.5 6625s
 4551045 4407301   64.47558   48  190   71.57374   64.11449  10.4%  37.5 6630s
 4559228 4413574   64.38475   23  308   71.57374   64.11486  10.4%  37.5 6636s
 4563155 4416514   64.66833   48  274   71.57374   64.11508  10.4%  37.5 6642s
 4563388 4431854   64.71359   60  215   71.57374   64.11514  10.4%  37.5 6652s
 4579404 4432030   64.17301   39  131   71.57374   64.11576  10.4%  37.5 6657s
 4582544 4437750   64.26191   65  147   71.57374   64.11593  10.4%  37.5 6660s
 4589740 4441894   65.21349   71  197   71.57374   64.11620  10.4%  37.5 6666s
 4595234 4449396   64.35857   38  221   71.57374   64.11644  10.4%  37.4 6671s
 4600278 4454306   64.40126   57  132   71.57374   64.11669  10.4%  37.4 6675s
 4607829 4459355   64.59547   61  201   71.57374   64.11702  10.4%  37.4 6681s
 4608091 4474736   64.33442   45  209   71.57374   64.11707  10.4%  37.4 6691s
 4624107 4474862   64.16429   68  196   71.57374   64.11764  10.4%  37.4 6695s
 4629580 4483632   64.18931   53  178   71.57374   64.11798  10.4%  37.4 6701s
 4633510 4486479   64.33401   40  221   71.57374   64.11819  10.4%  37.4 6705s
 4641318 4493844 infeasible   73        71.57374   64.11852  10.4%  37.4 6710s
 4643992 4493985   64.57299   64  156   71.57374   64.11859  10.4%  37.4 6715s
 4649110 4499597   64.13556   57  111   71.57374   64.11882  10.4%  37.4 6720s
 4652467 4506363   64.11975   44  200   71.57374   64.11895  10.4%  37.4 6725s
 4659477 4510892   64.27008   66  200   71.57374   64.11927  10.4%  37.4 6730s
 4661658 4511053   64.14787   56  138   71.57374   64.11937  10.4%  37.4 6735s
 4666831 4518463   64.25957   58  151   71.57374   64.11964  10.4%  37.4 6740s
 4669875 4521410   64.15091   44  218   71.57374   64.11979  10.4%  37.4 6745s
 4674886 4524475   64.19529   56  236   71.57374   64.11996  10.4%  37.4 6751s
 4675781 4537414   64.12241   61  167   71.57374   64.12002  10.4%  37.4 6760s
 4689225 4537533   64.15299   46  231   71.57374   64.12045  10.4%  37.3 6766s
 4695151 4543257   64.22466   51  235   71.57374   64.12087  10.4%  37.3 6772s
 4695311 4546973   64.57568   44  213   71.57374   64.12091  10.4%  37.3 6775s
 4703901 4553922   64.12142   58  156   71.57374   64.12129  10.4%  37.3 6780s
 4708566 4558554   64.84758   85  103   71.57374   64.12149  10.4%  37.3 6785s
 4716276 4563695   64.14656   40  193   71.57374   64.12181  10.4%  37.3 6791s
 4716666 4579090   64.45720   51  202   71.57374   64.12185  10.4%  37.3 6801s
 4732904 4582278   64.37007   62  174   71.57374   64.12244  10.4%  37.3 6805s
 4738418 4588863 infeasible   66        71.57374   64.12268  10.4%  37.3 6810s
 4742993 4591120   64.52246   53  176   71.57374   64.12289  10.4%  37.3 6815s
 4750634 4597423   64.69795   54  231   71.57374   64.12321  10.4%  37.2 6821s
 4754783 4601547   64.69101   50  258   71.57374   64.12338  10.4%  37.2 6826s
 4758625 4604223   64.16625   53  174   71.57374   64.12352  10.4%  37.2 6830s
 4765284 4612991   64.48247   56  237   71.57374   64.12382  10.4%  37.2 6836s
 4771294 4616593   64.50002   51  151   71.57374   64.12404  10.4%  37.2 6842s
 4774107 4622049   64.24895   47  155   71.57374   64.12422  10.4%  37.2 6845s
 4782477 4627296   64.22425   58  170   71.57374   64.12458  10.4%  37.2 6853s
 4782741 4642703   64.60391   56  317   71.57374   64.12463  10.4%  37.2 6863s
 4798757 4645331   64.41518   54   63   71.57374   64.12513  10.4%  37.2 6865s
 4804351 4651715   64.59374   57  274   71.57374   64.12546  10.4%  37.2 6871s
 4811117 4656894   64.90532   52  189   71.57374   64.12574  10.4%  37.2 6875s
 4815988 4661567   64.47525   45  150   71.57374   64.12597  10.4%  37.2 6881s
 4821031 4666780   64.28943   50  168   71.57374   64.12626  10.4%  37.2 6886s
 4826149 4672714   64.20402   44  196   71.57374   64.12645  10.4%  37.2 6890s
 4830026 4675365   64.14199   54  130   71.57374   64.12664  10.4%  37.2 6895s
 4837863 4681743   64.20947   54  194   71.57374   64.12698  10.4%  37.1 6901s
 4841016 4686585   64.47580   64  147   71.57374   64.12711  10.4%  37.1 6906s
 4847845 4694184   64.12739   59  132   71.57374   64.12739  10.4%  37.1 6912s
 4854492 4698721   64.37247   47  198   71.57374   64.12766  10.4%  37.1 6915s
 4860101 4704182   64.28973   53  237   71.57374   64.12792  10.4%  37.1 6920s
 4865415 4709331   64.31309   52  191   71.57374   64.12817  10.4%  37.1 6925s
 4869777 4711315   64.13424   69  136   71.57374   64.12836  10.4%  37.1 6932s
 4870138 4726723 infeasible   40        71.57374   64.12840  10.4%  37.1 6942s
 4886574 4730099   64.13547   57  154   71.57374   64.12900  10.4%  37.1 6946s
 4892464 4736631   64.27100   65  143   71.57374   64.12924  10.4%  37.1 6950s
 4899001 4739202   64.83557   65  167   71.57374   64.12949  10.4%  37.1 6956s
 4901554 4744008   64.64993   63  130   71.57374   64.12961  10.4%  37.1 6960s
 4906512 4748667   64.45196   59  126   71.57374   64.12983  10.4%  37.1 6966s
 4914276 4755599   64.13012   47  162   71.57374   64.13012  10.4%  37.0 6972s
 4916178 4760017   64.16256   32  295   71.57374   64.13021  10.4%  37.0 6976s
 4920754 4760190   64.61736   65  139   71.57374   64.13039  10.4%  37.0 6980s
 4928216 4767405   64.45868   42  250   71.57374   64.13074  10.4%  37.0 6987s
 4928393 4770421   64.25641   51  218   71.57374   64.13077  10.4%  37.0 6990s
 4937687 4776578   64.28227   53  177   71.57374   64.13108  10.4%  37.0 6998s
 4937906 4792041   64.22655   75  126   71.57374   64.13113  10.4%  37.0 7008s
 4953922 4793383   64.27454   62  141   71.57374   64.13169  10.4%  37.0 7010s
 4958466 4796742   64.13607   94  116   71.57374   64.13190  10.4%  37.0 7015s
 4958794 4812197   64.13193   48  194   71.57374   64.13193  10.4%  37.0 7024s
 4974810 4812351   65.15028   73   58   71.57374   64.13247  10.4%  37.0 7027s
 4976658 4816499   64.18794   54  197   71.57374   64.13260  10.4%  37.0 7030s
 4979655 4832196   64.13278   43   88   71.57374   64.13278  10.4%  37.0 7044s
 4984660 4832196   64.15631   56  117   71.57374   64.13280  10.4%  37.0 7045s
 4995804 4832849   64.13331   47  115   71.57374   64.13331  10.4%  37.0 7050s
 5003694 4840066   64.15263   58  181   71.57374   64.13368  10.4%  36.9 7057s
 5006212 4844909   64.13679   50  204   71.57374   64.13376  10.4%  36.9 7061s
 5009113 4847707   64.65585   57  130   71.57374   64.13393  10.4%  36.9 7065s
 5017746 4855523   64.65579   62  146   71.57374   64.13423  10.4%  36.9 7070s
 5020100 4858001   64.38972   61  119   71.57374   64.13437  10.4%  36.9 7075s
 5026495 4861894   64.13455   77   75   71.57374   64.13455  10.4%  36.9 7083s
 5029032 4866910   64.74197   58  118   71.57374   64.13474  10.4%  36.9 7086s
 5034137 4869188 infeasible   59        71.57374   64.13494  10.4%  36.9 7090s
 5039581 4876905   64.30184   44  242   71.57374   64.13513  10.4%  36.9 7095s
 5045220 4883598   64.34970   52  187   71.57374   64.13537  10.4%  36.9 7101s
 5049363 4884917   64.16522   73  153   71.57374   64.13551  10.4%  36.9 7105s
 5053240 4887723   64.41902   48  154   71.57374   64.13564  10.4%  36.9 7110s
 5056373 4891008   64.37110   50  207   71.57374   64.13577  10.4%  36.9 7115s
 5062837 4899522   64.23965   59  146   71.57374   64.13603  10.4%  36.9 7121s
 5066062 4899708   64.28874   52  155   71.57374   64.13613  10.4%  36.9 7125s
 5066253 4914945 infeasible   62        71.57374   64.13618  10.4%  36.9 7136s
 5082347 4915126   64.14714   43  202   71.57374   64.13671  10.4%  36.9 7140s
 5086142 4921297   64.17182   49  169   71.57374   64.13688  10.4%  36.9 7146s
 5092710 4927191   64.33316   46  134   71.57374   64.13711  10.4%  36.9 7150s
 5095273 4929799   64.22778   56  210   71.57374   64.13722  10.4%  36.9 7155s
 5100274 4932479   64.58455   53  178   71.57374   64.13741  10.4%  36.8 7160s
 5106120 4940389 infeasible   62        71.57374   64.13763  10.4%  36.8 7165s
 5109732 4944733   64.13799   57  172   71.57374   64.13779  10.4%  36.8 7170s
 5115917 4947175   64.61478   52  170   71.57374   64.13803  10.4%  36.8 7175s
 5120849 4954457   64.13824   52  157   71.57374   64.13824  10.4%  36.8 7181s
 5128900 4959527   64.19232   33  216   71.57374   64.13853  10.4%  36.8 7187s
 5131843 4966153   64.35826   43  266   71.57374   64.13865  10.4%  36.8 7192s
 5135993 4966291   64.48608   32  259   71.57374   64.13878  10.4%  36.8 7195s
 5140681 4973276   64.14578   61  123   71.57374   64.13896  10.4%  36.8 7200s

Cutting planes:
  Learned: 2
  Gomory: 345
  Lift-and-project: 14
  Cover: 655
  Implied bound: 1338
  Projected implied bound: 27
  Clique: 2
  MIR: 1750
  StrongCG: 8
  Flow cover: 2543
  GUB cover: 1
  Inf proof: 238
  Zero half: 17
  Network: 1
  RLT: 234
  Relax-and-lift: 157
  BQP: 1

Explored 5143441 nodes (189324867 simplex iterations) in 7200.10 seconds (12000.72 work units)
Thread count was 32 (of 32 available processors)

Solution count 10: 71.5737 71.5737 71.5737 ... 71.6665

Time limit reached
Best objective 7.157373790579e+01, best bound 6.413904068120e+01, gap 10.3875%

Gurobi 9.5.2 (linux64) logging started Fri Jul 31 02:52:53 2026

Set parameter LogFile to value "logs/oracle_RmediumCfewTtight_2_gurobi.log"
Gurobi Optimizer version 9.5.2 build v9.5.2rc0 (linux64)
Thread count: 16 physical cores, 32 logical processors, using up to 32 threads
Optimize a model with 5781 rows, 3152 columns and 69505 nonzeros
Model fingerprint: 0x197534a4
Variable types: 1972 continuous, 1180 integer (1180 binary)
Coefficient statistics:
  Matrix range     [3e-02, 1e+03]
  Objective range  [1e+00, 1e+00]
  Bounds range     [1e+00, 4e+01]
  RHS range        [2e-01, 5e+02]

User MIP start did not produce a new incumbent solution
User MIP start violates constraint c_l_x8617_ by 1.000000000

Presolve removed 1791 rows and 615 columns
Presolve time: 1.22s
Presolved: 3990 rows, 2537 columns, 59729 nonzeros
Variable types: 1514 continuous, 1023 integer (1023 binary)
Root relaxation presolve removed 169 rows and 67 columns
Root relaxation presolved: 3821 rows, 2470 columns, 34790 nonzeros

Extra simplex iterations after uncrush: 2

Root relaxation: objective 5.923792e+01, 3896 iterations, 1.47 seconds (0.52 work units)
Another try with MIP start

    Nodes    |    Current Node    |     Objective Bounds      |     Work
 Expl Unexpl |  Obj  Depth IntInf | Incumbent    BestBd   Gap | It/Node Time

     0     0   59.23792    0  329          -   59.23792      -     -    4s
     0     0   61.97187    0  297          -   61.97187      -     -    7s
     0     0   62.01160    0  268          -   62.01160      -     -    7s
     0     0   62.01160    0  272          -   62.01160      -     -    7s
     0     0   62.56516    0  315          -   62.56516      -     -    8s
     0     0   62.58154    0  330          -   62.58154      -     -    9s
     0     0   62.58211    0  337          -   62.58211      -     -    9s
     0     0   63.07594    0  351          -   63.07594      -     -   10s
     0     0   63.11164    0  383          -   63.11164      -     -   10s
     0     0   63.11789    0  352          -   63.11789      -     -   10s
     0     0   63.11862    0  367          -   63.11862      -     -   10s
     0     0   63.34387    0  341          -   63.34387      -     -   12s
     0     0   63.37913    0  343          -   63.37913      -     -   13s
     0     0   63.38111    0  356          -   63.38111      -     -   13s
     0     0   63.38124    0  354          -   63.38124      -     -   13s
     0     0   63.58582    0  339          -   63.58582      -     -   14s
     0     0   63.60167    0  357          -   63.60167      -     -   14s
     0     0   63.61506    0  351          -   63.61506      -     -   15s
     0     0   63.61551    0  354          -   63.61551      -     -   15s
     0     0   63.98674    0  334          -   63.98674      -     -   18s
     0     0   64.04659    0  376          -   64.04659      -     -   18s
     0     0   64.07285    0  379          -   64.07285      -     -   18s
     0     0   64.07430    0  366          -   64.07430      -     -   19s
     0     0   64.36847    0  321          -   64.36847      -     -   22s
     0     0   64.40120    0  363          -   64.40120      -     -   22s
     0     0   64.40837    0  363          -   64.40837      -     -   22s
     0     0   64.40839    0  376          -   64.40839      -     -   23s
     0     0   64.53430    0  318          -   64.53430      -     -   25s
     0     0   64.57103    0  348          -   64.57103      -     -   26s
     0     0   64.57368    0  322          -   64.57368      -     -   26s
     0     0   64.57378    0  324          -   64.57378      -     -   26s
     0     0   64.61744    0  264          -   64.61744      -     -   28s
     0     0   64.62283    0  300          -   64.62283      -     -   28s
     0     0   64.62323    0  319          -   64.62323      -     -   28s
     0     0   64.67125    0  319          -   64.67125      -     -   30s
     0     0   64.67618    0  326          -   64.67618      -     -   30s
     0     0   64.67712    0  317          -   64.67712      -     -   30s
     0     0   64.72946    0  332          -   64.72946      -     -   32s
     0     0   64.73756    0  316          -   64.73756      -     -   33s
     0     0   64.73915    0  335          -   64.73915      -     -   33s
     0     0   64.75420    0  337          -   64.75420      -     -   34s
     0     0   64.75906    0  346          -   64.75906      -     -   34s
     0     0   64.75924    0  351          -   64.75924      -     -   34s
     0     0   64.77907    0  318          -   64.77907      -     -   36s
     0     0   64.78752    0  302          -   64.78752      -     -   36s
     0     0   64.78851    0  301          -   64.78851      -     -   36s
     0     0   64.79686    0  333          -   64.79686      -     -   37s
H    0     0                     410.6603777   64.79686  84.2%     -   37s
     0     0   64.79686    0  333  410.66038   64.79686  84.2%     -   37s
     0     2   64.79686    0  324  410.66038   64.79686  84.2%     -   39s
     1     4   64.79758    1  316  410.66038   64.79758  84.2%   154   40s
H   31    48                     127.1968953   64.86484  49.0%   453   46s
H   32    48                     126.0784646   64.86512  48.6%   445   46s
H   35    48                     113.0458312   64.87709  42.6%   453   46s
H   40    48                     102.3325450   64.87709  36.6%   458   46s
    63    80   65.04204    7  337  102.33255   64.88203  36.6%   413   50s
H   80    96                     102.1014426   65.04213  36.3%   386   51s
H   81    96                     102.0815116   65.05402  36.3%   388   51s
H   82    96                     101.1747652   65.05412  35.7%   387   51s
H   85    96                     101.0776379   65.08450  35.6%   394   51s
H  139   157                     101.0004396   65.11132  35.5%   351   56s
H  140   157                     100.7407890   65.11359  35.4%   351   56s
H  201   218                      99.1264695   65.16662  34.3%   335   69s
H  202   218                      98.5237068   65.16701  33.9%   335   69s
H  208   218                      91.2298828   65.25523  28.5%   333   69s
   217   234   66.49365   15  242   91.22988   65.25560  28.5%   346   70s
H  249   266                      79.8394169   65.43038  18.0%   341   76s
H  250   266                      77.2765827   65.44331  15.3%   340   76s
H  254   266                      76.9014868   65.44331  14.9%   340   76s
H  259   266                      76.8396246   65.44331  14.8%   341   76s
H  260   266                      76.6219419   65.44331  14.6%   341   76s
   314   351   65.58959   22  284   76.62194   65.58959  14.4%   361   80s
   505   573   65.60501   48  262   76.62194   65.60501  14.4%   336   86s
   853   930   65.63797   74  253   76.62194   65.63797  14.3%   241   90s
H 1070  1058                      76.6105100   66.02913  13.8%   209   99s
H 1071  1058                      76.5840525   66.14805  13.6%   209   99s
H 1073  1058                      76.5465728   66.15381  13.6%   209   99s
H 1074  1057                      76.1121471   66.15381  13.1%   209   99s
H 1079  1054                      75.8081513   66.15381  12.7%   208   99s
  1086  1196   66.15475   75  273   75.80815   66.15475  12.7%   209  100s
  1949  2101   66.43101  103  246   75.80815   66.43101  12.4%   140  105s
H 2188  2101                      75.7683786   66.43974  12.3%   128  127s
  2189  2102   75.07501  104  333   75.76838   66.43974  12.3%   128  133s
  2191  2103   73.11594   19   73   75.76838   66.43974  12.3%   128  139s
  2192  2104   66.79848   86   88   75.76838   66.43974  12.3%   128  143s
  2194  2105   75.02764   27   96   75.76838   66.43974  12.3%   128  152s
  2195  2106   67.44139   36  161   75.76838   66.43974  12.3%   128  155s
  2196  2107   73.11593   19  116   75.76838   66.43974  12.3%   128  164s
  2197  2107   66.86585   56   77   75.76838   66.43974  12.3%   128  166s
  2199  2112   66.43974   11  100   75.76838   66.43974  12.3%   140  173s
  2201  2115   66.43974   12  204   75.76838   66.43974  12.3%   140  182s
  2205  2122   66.43974   13  230   75.76838   66.43974  12.3%   143  199s
  2213  2134   66.43974   14  258   75.76838   66.43974  12.3%   151  205s
  2245  2154   67.08531   15  216   75.76838   66.43974  12.3%   179  211s
  2277  2174   66.43974   16  316   75.76838   66.43974  12.3%   198  217s
H 2284  2065                      75.7248179   66.43974  12.3%   204  217s
  2293  2081   66.53342   17  239   75.72482   66.43974  12.3%   214  220s
  2330  2102   75.32222   20  189   75.72482   66.43974  12.3%   238  235s
H 2332  2001                      75.7248100   66.43974  12.3%   239  235s
H 2333  1905                      75.6414846   66.43974  12.2%   240  235s
H 2335  1814                      75.6280483   66.43974  12.1%   242  235s
  2346  1828   66.43974   20  115   75.62805   66.43974  12.1%   264  241s
  2384  1848   66.72687   24  207   75.62805   66.43974  12.1%   287  255s
H 2393  1759                      75.5786009   66.43974  12.1%   290  255s
H 2393  1677                      75.5643262   66.43974  12.1%   290  256s
  2427  1708   66.43974   21  181   75.56433   66.43974  12.1%   304  283s
H 2428  1630                      75.5447150   66.43974  12.1%   304  283s
  2443  1650   70.93730   30  222   75.54471   66.43974  12.1%   315  286s
  2468  1667   66.97569   25  161   75.54471   66.43974  12.1%   334  294s
H 2471  1592                      75.4952675   66.43974  12.0%   335  294s
  2493  1618   70.37914   24  206   75.49527   66.43974  12.0%   341  300s
  2528  1621   66.45523   25  261   75.49527   66.43974  12.0%   349  310s
  2544  1648   66.68755   27  227   75.49527   66.43974  12.0%   359  316s
  2578  1680   66.43974   27  277   75.49527   66.43974  12.0%   372  320s
  2622  1705   66.43974   31  189   75.49527   66.43974  12.0%   378  329s
  2661  1704   70.22286   30  200   75.49527   66.43974  12.0%   393  334s
  2677  1714   67.97493   32  218   75.49527   66.43974  12.0%   400  342s
  2693  1762   68.04140   40  250   75.49527   66.43974  12.0%   406  351s
  2748  1789   72.77673   42  182   75.49527   66.43974  12.0%   417  357s
  2793  1841   66.43974   43  278   75.49527   66.43974  12.0%   429  365s
  2861  1875   68.90138   46  295   75.49527   66.43974  12.0%   435  371s
  2921  1884   66.43974   52  169   75.49527   66.43974  12.0%   443  377s
H 2930  1811                      75.4952675   66.43974  12.0%   446  377s
H 2947  1738                      75.4952593   66.43974  12.0%   446  377s
  2950  1825   66.46931   37  292   75.49526   66.43974  12.0%   448  382s
  3039  1894   66.70969   56  256   75.49526   66.43974  12.0%   444  388s
  3148  1885   67.92635   56  183   75.49526   66.43974  12.0%   438  414s
  3176  1924   68.88666   43  191   75.49526   66.50150  11.9%   438  422s
  3432  2210   71.03608   32  207   75.49526   66.52212  11.9%   412  428s
  3602  2248   66.54552   18  245   75.49526   66.53906  11.9%   399  432s
  4008  2434   67.08125   46  220   75.49526   66.57064  11.8%   367  449s
  4100  2531     cutoff   21        75.49526   66.57350  11.8%   361  453s
  4240  2596   68.15062   23  217   75.49526   66.59514  11.8%   352  456s
  4513  2966   75.27129   26  205   75.49526   66.62471  11.7%   336  462s
  4939  3265   66.63214   26  245   75.49526   66.63214  11.7%   312  465s
  6065  4095   66.66703   16  234   75.49526   66.66131  11.7%   262  472s
  6688  4194   67.67999   40  224   75.49526   66.66491  11.7%   242  477s
  6795  4918     cutoff   42        75.49526   66.68563  11.7%   240  480s
  8329  5679   75.38339   35  188   75.49526   66.70351  11.6%   203  487s
  8420  6476   75.32215   40  214   75.49526   66.70571  11.6%   202  490s
  9251  7005   66.94076   25  173   75.49526   66.71913  11.6%   187  496s
  9809  7141   75.48510   25  180   75.49526   66.72781  11.6%   179  501s
  9962  7234   67.02953   35  217   75.49526   66.73435  11.6%   178  506s
 10063  7328   75.23086   39  217   75.49526   66.74013  11.6%   177  513s
 10177  7433   66.74924   25  171   75.49526   66.74517  11.6%   177  517s
 10295  7564 infeasible   55        75.49526   66.74955  11.6%   176  521s
 10448  7696   66.77261   51  126   75.49526   66.75696  11.6%   174  527s
 10600  8548   67.01952   19  209   75.49526   66.76066  11.6%   173  531s
 11649  8558   67.35377   49  159   75.49526   66.76570  11.6%   161  537s
 11672  8713     cutoff   69        75.49526   66.76981  11.6%   161  542s
 11842  9629   66.99701   47  224   75.49526   66.77361  11.6%   160  546s
 12844  9991 infeasible   37        75.49526   66.77609  11.5%   151  556s
 13230 11346   66.96793   82  131   75.49526   66.78237  11.5%   148  562s
 14705 11518   66.89741   60  172   75.49526   66.78671  11.5%   136  569s
 14893 12419   67.36887   27  153   75.49526   66.79380  11.5%   136  575s
 15911 13704   66.93186   28  171   75.49526   66.79742  11.5%   130  581s
 17305 13730   66.80316   65  225   75.49526   66.80170  11.5%   122  590s
 17343 13913   66.85809   66  235   75.49526   66.80498  11.5%   122  596s
 17540 15517   67.08206   41  274   75.49526   66.80773  11.5%   122  601s
 19283 17018   66.82265   65  275   75.49526   66.81281  11.5%   114  606s
 20906 18854   75.47908   35  178   75.49526   66.81481  11.5%   107  623s
 22877 20715   66.82092   73  220   75.49526   66.81949  11.5%   101  630s
 26145 22885   67.74843   36  159   75.49526   66.83185  11.5%  92.6  639s
 27641 24035   67.02966   77   92   75.49526   66.83621  11.5%  89.6  644s
 28945 25508   67.00710   77  150   75.49526   66.84225  11.5%  87.3  649s
 30562 27034   66.87881   41  154   75.49526   66.84638  11.5%  84.5  655s
 32195 28392   70.19152   29  223   75.49526   66.85120  11.4%  82.0  664s
 33641 28613 infeasible   30        75.49526   66.85452  11.4%  79.8  669s
 33892 30217   66.89481   23  180   75.49526   66.85777  11.4%  79.7  675s
 35679 30571   75.38896   24  163   75.49526   66.86044  11.4%  77.3  688s
 36058 32425   66.88368   51  141   75.49526   66.86463  11.4%  77.0  696s
 38074 34095   67.05009   39  207   75.49526   66.86885  11.4%  74.7  704s
 39981 35789   67.64539   34  227   75.49526   66.87234  11.4%  72.9  709s
 41841 37540   67.11189   57  185   75.49526   66.87795  11.4%  71.2  730s
 43957 38270   66.91002   39  166   75.49526   66.88201  11.4%  69.6  747s
 44868 42982   67.81593   36  191   75.49526   66.88797  11.4%  69.1  771s
 50674 45033   68.08826   96  136   75.49526   66.90099  11.4%  65.3  783s
 53205 47152   67.56672   97   85   75.49526   66.90957  11.4%  63.9  794s
 55642 48524   67.26225   56  101   75.49526   66.91536  11.4%  62.6  802s
 57367 50343   67.49741   52  161   75.49526   66.92097  11.4%  61.8  810s
 59629 51372   67.16731   69  232   75.49526   66.93040  11.3%  60.7  817s
 61134 52468   67.10668   32  214   75.49526   66.93488  11.3%  60.4  825s
 62586 54768   67.42247   64   83   75.49526   66.94088  11.3%  60.0  841s
 65790 55300 infeasible   28        75.49526   66.95613  11.3%  59.7  853s
 66515 56235   66.98797   37  212   75.49526   66.96025  11.3%  59.8  863s
 68015 56598   67.00116   36  155   75.49526   66.96761  11.3%  59.8  874s
 68572 58104     cutoff   51        75.49526   66.97429  11.3%  59.9  885s
 70861 58578   67.02731   37  194   75.49526   66.98356  11.3%  59.6  897s
 71544 60193   67.23414   64  121   75.49526   66.98926  11.3%  59.6  909s
 72949 60193   67.08070   66  166   75.49526   66.99234  11.3%  59.5  910s
 73868 60998   67.62313   83  138   75.49526   67.00044  11.3%  59.3  920s
 75060 62359   67.12284   76   56   75.49526   67.00608  11.2%  59.7  935s
 77050 63143   68.61198   76   89   75.49526   67.01392  11.2%  59.8  947s
 78275 64739     cutoff   54        75.49526   67.02558  11.2%  60.1  958s
 80467 65316   67.23139   89   55   75.49526   67.03611  11.2%  60.1  969s
 81518 66399   67.30881   80   71   75.49526   67.04428  11.2%  60.5  982s
 82988 68767   67.71090   87   24   75.49526   67.05040  11.2%  60.7 1001s
 86285 69272 infeasible   50        75.49526   67.06478  11.2%  60.4 1012s
 87081 70613     cutoff   84        75.49526   67.07505  11.2%  60.7 1025s
 88962 71318   67.13507   51  129   75.49526   67.08081  11.1%  60.6 1040s
 89916 73022   75.39465   40  179   75.49526   67.08761  11.1%  60.8 1049s
 92090 74601   69.11135   78  159   75.49526   67.09214  11.1%  60.6 1059s
 94204 74982   67.11025   37  176   75.49526   67.10280  11.1%  60.3 1068s
 94797 76310     cutoff   86        75.49526   67.10520  11.1%  60.4 1077s
 96672 76964     cutoff   94        75.49526   67.11419  11.1%  60.3 1089s
 97625 78000   67.12048   91   18   75.49526   67.11725  11.1%  60.4 1099s
 99074 79574   67.18361   76   59   75.49526   67.12564  11.1%  60.3 1110s
 101275 81166   67.21815   80  117   75.49526   67.13000  11.1%  60.2 1123s
 103400 82920   67.21260   57   48   75.49526   67.13721  11.1%  60.0 1140s
 105838 84888   67.14622   47   94   75.49526   67.14622  11.1%  59.9 1150s
 108544 86213 infeasible   99        75.49526   67.15867  11.0%  59.5 1160s
 110380 87332   67.49128   83  130   75.49526   67.16680  11.0%  59.5 1170s
 111782 88375   67.32612   86   78   75.49526   67.17313  11.0%  59.4 1179s
 113450 89530   67.18369   87  108   75.49526   67.17631  11.0%  59.4 1188s
 115120 90631 infeasible   79        75.49526   67.18209  11.0%  59.3 1197s
 116779 91641   67.19197   40  107   75.49526   67.18793  11.0%  59.3 1206s
 118150 92285   67.27784   46  151   75.49526   67.19585  11.0%  59.3 1214s
 119112 93353   67.25159   35  187   75.49526   67.20146  11.0%  59.3 1227s
 120544 94896   67.52060   54   64   75.49526   67.20605  11.0%  59.3 1238s
 122817 96600   67.21128   55  213   75.49526   67.21115  11.0%  59.1 1250s
 125027 99089   72.00975   43  205   75.49526   67.22146  11.0%  58.9 1269s
 126203 99089   67.53818   95   75   75.49526   67.22288  11.0%  58.8 1270s
 128352 99816 infeasible   59        75.49526   67.22656  11.0%  58.7 1279s
 129379 101308   67.34133   70   95   75.49526   67.23691  10.9%  58.8 1290s
 131415 102468   67.32118   46  117   75.49526   67.24037  10.9%  58.7 1298s
 133003 103751   67.51700   76  111   75.49526   67.24857  10.9%  58.7 1307s
 134706 104628   67.52428  104   17   75.49526   67.25318  10.9%  58.7 1317s
 135976 106167 infeasible   80        75.49526   67.25837  10.9%  58.7 1328s
 138046 107694     cutoff   51        75.49526   67.26550  10.9%  58.6 1339s
 140046 109007   67.44937   41  126   75.49526   67.27028  10.9%  58.5 1349s
 141769 109786   67.33400   87   90   75.49526   67.27668  10.9%  58.5 1360s
 142929 111428 infeasible   59        75.49526   67.28012  10.9%  58.5 1369s
 145019 112772 infeasible   34        75.49526   67.28567  10.9%  58.5 1379s
 146852 114657   67.50064   56   77   75.49526   67.29190  10.9%  58.5 1396s
 149454 115511     cutoff   54        75.49526   67.29674  10.9%  58.3 1408s
 150740 116993 infeasible   51        75.49526   67.30466  10.8%  58.3 1422s
 152764 117996   67.38130   62  182   75.49526   67.30919  10.8%  58.2 1432s
 154225 119890 infeasible   49        75.49526   67.31730  10.8%  58.2 1447s
 156698 121680 infeasible   96        75.49526   67.32438  10.8%  58.1 1461s
 158950 122484   67.32956   48   80   75.49526   67.32956  10.8%  58.1 1474s
 160080 124159   67.55424   52  113   75.49526   67.33468  10.8%  58.2 1486s
 162227 125967 infeasible   53        75.49526   67.33915  10.8%  58.1 1498s
 164576 127046   67.48268   50  146   75.49526   67.34554  10.8%  57.9 1511s
 165907 128832   67.45684   57  114   75.49526   67.35061  10.8%  57.9 1521s
 168154 131328   75.46236   47  204   75.49526   67.35499  10.8%  57.8 1536s
 171478 131659   71.56532   40  207   75.49526   67.36435  10.8%  57.6 1550s
 171879 132723   67.87899   73  111   75.49526   67.36770  10.8%  57.6 1560s
 173239 134528   67.44963   53  142   75.49526   67.37132  10.8%  57.6 1569s
 175562 136282 infeasible   79        75.49526   67.37667  10.8%  57.4 1579s
 177787 137215   67.67455   94   49   75.49526   67.38337  10.7%  57.2 1590s
 179065 138273 infeasible   48        75.49526   67.38681  10.7%  57.2 1601s
 181735 139744 infeasible   84        75.49526   67.39128  10.7%  56.9 1612s
 183815 141342   67.51316   75  133   75.49526   67.39541  10.7%  56.8 1623s
 185952 142068 infeasible   55        75.49526   67.39955  10.7%  56.7 1635s
 186984 143834 infeasible   58        75.49526   67.40239  10.7%  56.8 1649s
 189302 145371     cutoff   81        75.49526   67.40880  10.7%  56.7 1666s
 191372 147607   67.41411   67   96   75.49526   67.41411  10.7%  56.6 1681s
 194339 149213   68.00180   63  124   75.49526   67.42195  10.7%  56.5 1693s
 196486 150969 infeasible   63        75.49526   67.42794  10.7%  56.4 1702s
 198749 152074   67.43965   54  104   75.49526   67.43368  10.7%  56.3 1710s
 200137 153875   67.54483   63   92   75.49526   67.43721  10.7%  56.2 1721s
 202438 155396   75.41235   42  186   75.49526   67.44222  10.7%  56.1 1730s
 204382 156955   67.88947   62   88   75.49526   67.44850  10.7%  56.0 1744s
 206367 157875 infeasible   62        75.49526   67.45420  10.7%  55.9 1754s
 207566 159228   67.51955   43  157   75.49526   67.45863  10.6%  55.9 1769s
 210073 159228 infeasible   90        75.49526   67.45941  10.6%  55.7 1770s
 210709 161566 infeasible   68        75.49526   67.46340  10.6%  55.6 1790s
 214115 162313   67.46906   62   66   75.49526   67.46906  10.6%  55.5 1798s
 215219 164034 infeasible   78        75.49526   67.47267  10.6%  55.4 1807s
 217382 165604 infeasible   36        75.49526   67.48101  10.6%  55.3 1819s
 219475 166571   67.49772   70  155   75.49526   67.48593  10.6%  55.2 1829s
 220818 168249   67.51014   45   66   75.49526   67.49063  10.6%  55.1 1843s
 222870 169857   67.55311   53  137   75.49526   67.49346  10.6%  55.1 1854s
 224852 171427   67.89623  111   20   75.49526   67.49866  10.6%  55.0 1866s
 226936 172254   67.98277   55  115   75.49526   67.50443  10.6%  54.9 1876s
 228082 173921     cutoff   67        75.49526   67.50933  10.6%  54.9 1885s
 230174 175357 infeasible   46        75.49526   67.51169  10.6%  54.8 1897s
 232048 176716 infeasible   38        75.49526   67.51796  10.6%  54.7 1912s
 233894 178963     cutoff   80        75.49526   67.52344  10.6%  54.7 1928s
 236904 180683 infeasible   48        75.49526   67.53148  10.5%  54.7 1940s
 239143 182392   67.62868   56  123   75.49526   67.53960  10.5%  54.6 1951s
 241359 184072   67.55495   63  126   75.49526   67.54490  10.5%  54.5 1961s
 243457 185052   67.55159   70   75   75.49526   67.55115  10.5%  54.4 1972s
 244778 186746   67.57015   64   71   75.49526   67.55489  10.5%  54.4 1984s
 246892 188206 infeasible   61        75.49526   67.55864  10.5%  54.3 1994s
 248866 189211   67.58316   49  127   75.49526   67.56429  10.5%  54.3 2003s
 250235 190693 infeasible   58        75.49526   67.56921  10.5%  54.2 2011s
 252148 191471   67.60863   74   88   75.49526   67.57540  10.5%  54.2 2023s
 253247 193783   67.78305   95   16   75.49526   67.57912  10.5%  54.2 2037s
 256214 194542   67.70016   57   81   75.49526   67.58324  10.5%  54.1 2046s
 257216 196184   67.59490   62   64   75.49526   67.58921  10.5%  54.1 2057s
 259319 197751   67.59943   60  141   75.49526   67.59384  10.5%  54.1 2067s
 261335 198678   69.32770  101  195   75.49526   67.59842  10.5%  54.0 2076s
 262612 200567   67.64144   64  109   75.49526   67.60494  10.5%  54.0 2084s
 264933 202094   68.24301   55  159   75.49526   67.60966  10.4%  53.9 2096s
 266886 202999   68.43992   69   82   75.49526   67.61390  10.4%  53.9 2108s
 268158 204388 infeasible   46        75.49526   67.61789  10.4%  53.9 2120s
 270190 205996     cutoff   82        75.49526   67.62264  10.4%  53.8 2128s
 272433 206805   67.63073   54  109   75.49526   67.62915  10.4%  53.7 2138s
 273608 208383 infeasible   47        75.49526   67.63283  10.4%  53.7 2147s
 275890 209572 infeasible  102        75.49526   67.63886  10.4%  53.6 2162s
 277479 212076   68.17927   96   72   75.49526   67.64264  10.4%  53.6 2177s
 280821 212982   67.69495   57  156   75.49526   67.65057  10.4%  53.5 2189s
 281760 212982 infeasible   39        75.49526   67.65202  10.4%  53.5 2190s
 282096 214760   67.69791   53   99   75.49526   67.65564  10.4%  53.5 2205s
 284464 215696   68.16639   53  120   75.49526   67.66216  10.4%  53.5 2216s
 285789 216788 infeasible   34        75.49526   67.66642  10.4%  53.5 2227s
 287286 218726   68.12388   59  106   75.49526   67.67028  10.4%  53.5 2240s
 289787 219589     cutoff   78        75.49526   67.67624  10.4%  53.4 2251s
 291032 221312   68.03621   74   81   75.49526   67.68092  10.4%  53.4 2260s
 293356 222187     cutoff   79        75.49526   67.68645  10.3%  53.3 2269s
 294071 222187   67.75702   51  153   75.49526   67.68811  10.3%  53.3 2270s
 294681 224001     cutoff   72        75.49526   67.69214  10.3%  53.3 2279s
 297184 225109   67.75751   80  163   75.49526   67.69867  10.3%  53.2 2292s
 298761 227542     cutoff   52        75.49526   67.70422  10.3%  53.2 2306s
 302101 228315 infeasible   58        75.49526   67.71031  10.3%  53.1 2316s
 303288 230299   68.03147   61  141   75.49526   67.71827  10.3%  53.1 2326s
 305893 231110 infeasible   50        75.49526   67.72427  10.3%  53.0 2337s
 307121 233078   68.19610   56   83   75.49526   67.72809  10.3%  53.0 2349s
 309340 233078 infeasible   52        75.49526   67.72951  10.3%  52.9 2350s
 309635 233915   67.95687   55   51   75.49526   67.73230  10.3%  52.9 2361s
 310827 235076   67.80218   69   85   75.49526   67.73721  10.3%  52.9 2374s
 312518 236652   68.71232   74   80   75.49526   67.74284  10.3%  52.9 2388s
 314644 237320   67.77406   54  163   75.49526   67.74659  10.3%  52.9 2395s
 315702 238339   67.81554   59   66   75.49526   67.75194  10.3%  52.9 2405s
 317182 240129   67.86668   70  154   75.49526   67.75647  10.3%  52.9 2418s
 319657 241238     cutoff   59        75.49526   67.76289  10.2%  52.8 2437s
 321267 243755   68.28782   59  126   75.49526   67.76887  10.2%  52.8 2452s
 324641 245391   67.89598   62  112   75.49526   67.77550  10.2%  52.7 2461s
 326822 246104 infeasible   50        75.49526   67.78006  10.2%  52.6 2470s
 327980 247475     cutoff   51        75.49526   67.78607  10.2%  52.6 2479s
 329758 247475   67.89291   76   75   75.49526   67.78979  10.2%  52.5 2480s
 329858 248408 infeasible   65        75.49526   67.79249  10.2%  52.5 2489s
 331216 250041 infeasible   34        75.49526   67.79612  10.2%  52.5 2498s
 333377 251657 infeasible   80        75.49526   67.80128  10.2%  52.4 2508s
 335585 252380   68.22604   50  126   75.49526   67.80812  10.2%  52.4 2518s
 336668 253910   68.61288   65  125   75.49526   67.81192  10.2%  52.4 2528s
 338741 254612   67.87877   82  177   75.49526   67.81712  10.2%  52.3 2537s
 339807 256006   68.23985   46   41   75.49526   67.82381  10.2%  52.3 2546s
 341749 257132   67.91085   63  114   75.49526   67.82796  10.2%  52.3 2561s
 343453 258988   68.34499   50   67   75.49526   67.83666  10.1%  52.3 2573s
 346029 259812   68.38615   50   77   75.49526   67.84468  10.1%  52.3 2587s
 347259 261205 infeasible   70        75.49526   67.84992  10.1%  52.3 2604s
 349286 261937 infeasible   60        75.49526   67.85264  10.1%  52.3 2616s
 350444 263462 infeasible   35        75.49526   67.85794  10.1%  52.3 2626s
 352525 264172   68.23836   71  116   75.49526   67.86901  10.1%  52.3 2637s
 353765 265709   67.89884   59  110   75.49526   67.87349  10.1%  52.4 2650s
 355914 266403 infeasible  130        75.49526   67.87806  10.1%  52.4 2660s
 357022 267201   68.15182   68  162   75.49526   67.88552  10.1%  52.4 2670s
 358338 268554   68.18651   44  119   75.49526   67.89216  10.1%  52.4 2681s
 360331 269223   68.25111   46   96   75.49526   67.89840  10.1%  52.4 2692s
 361518 270214     cutoff   66        75.49526   67.90574  10.1%  52.5 2704s
 361838 270214   68.54617   61  148   75.49526   67.90602  10.1%  52.5 2705s
 362982 271889   68.23806  105   37   75.49526   67.90999  10.0%  52.5 2720s
 365431 273160   70.10176   65   87   75.49526   67.91993  10.0%  52.5 2728s
 367163 273737     cutoff   35        75.49526   67.92392  10.0%  52.4 2735s
 368103 274450     cutoff   32        75.49526   67.92865  10.0%  52.5 2746s
 369239 275238   68.16209   46   99   75.49526   67.93403  10.0%  52.5 2755s
 370365 276635   67.94739   51  174   75.49526   67.93802  10.0%  52.5 2768s
 372466 277300   68.24751   70   93   75.49526   67.94409  10.0%  52.5 2780s
 373630 277764 infeasible   56        75.49526   67.94780  10.0%  52.5 2792s
 374321 278627     cutoff   50        75.49526   67.95152  10.0%  52.6 2804s
 375689 280308   68.82491   76  125   75.49526   67.95933  10.0%  52.6 2815s
 378089 281018 infeasible   52        75.49526   67.96735  10.0%  52.5 2827s
 379234 282439   68.63716   61  138   75.49526   67.97278  10.0%  52.6 2841s
 381347 283176   68.02858   82  145   75.49526   67.98256  10.0%  52.6 2856s
 382611 284618   75.43815   41  197   75.49526   67.98695  9.95%  52.6 2866s
 384709 285284   69.49132   73  145   75.49526   67.99235  9.94%  52.6 2879s
 385837 286376   68.13389   48  206   75.49526   68.00465  9.92%  52.7 2895s
 387559 287654   68.17068   57   89   75.49526   68.01387  9.91%  52.7 2910s
 389411 289792   68.19057   56   87   75.49526   68.01945  9.90%  52.8 2925s
 392465 290969   68.18185   92   65   75.49526   68.03376  9.88%  52.8 2937s
 394199 291915 infeasible   93        75.49526   68.03791  9.88%  52.8 2949s
 395295 291915   68.04440   56   92   75.49526   68.04152  9.87%  52.8 2950s
 395652 293595     cutoff   50        75.49526   68.04693  9.87%  52.8 2961s
 398137 294424 infeasible   58        75.49526   68.05494  9.86%  52.8 2972s
 399483 296332     cutoff   97        75.49526   68.06189  9.85%  52.8 2985s
 402179 297191   68.20359   69  165   75.49526   68.07102  9.83%  52.8 2996s
 403480 297905 infeasible   97        75.49526   68.07346  9.83%  52.8 3006s
 404608 298918     cutoff   72        75.49526   68.08203  9.82%  52.8 3017s
 406164 300318 infeasible   48        75.49526   68.08870  9.81%  52.8 3028s
 408157 300966   68.25150   65   84   75.49526   68.10004  9.80%  52.9 3036s
 409180 301678 infeasible   74        75.49526   68.10503  9.79%  52.9 3045s
 410264 303287   68.14103   55  153   75.49526   68.11110  9.78%  52.9 3056s
 412641 304063   68.24795   75  209   75.49526   68.12147  9.77%  52.9 3069s
 413897 304984   68.16841   48  103   75.49526   68.12928  9.76%  53.0 3080s
 415300 306263   68.13534   59  139   75.49526   68.13534  9.75%  53.0 3089s
 417159 307213   68.34831   62  178   75.49526   68.14385  9.74%  53.0 3100s
 418532 308876     cutoff   62        75.49526   68.15007  9.73%  53.0 3112s
 420911 310410 infeasible   51        75.49526   68.15808  9.72%  53.0 3122s
 423026 311182     cutoff   89        75.49526   68.16526  9.71%  52.9 3130s
 424185 312795     cutoff   52        75.49526   68.17655  9.69%  53.0 3140s
 426471 313578   68.32761   66   61   75.49526   68.18779  9.68%  52.9 3151s
 427662 314360 infeasible  102        75.49526   68.19502  9.67%  53.0 3163s
 428876 316466   68.60515   55  183   75.49526   68.20128  9.66%  53.0 3177s
 431975 317116   71.07449   76  143   75.49526   68.21567  9.64%  53.0 3186s
 433058 317818   68.24986   66  168   75.49526   68.22242  9.63%  53.0 3196s
 434185 319057   68.55526   68  129   75.49526   68.23001  9.62%  53.0 3206s
 435972 319828 infeasible   60        75.49526   68.23485  9.62%  53.0 3216s
 437296 320603     cutoff   52        75.49526   68.24546  9.60%  53.0 3225s
 438538 321969     cutoff   70        75.49526   68.25135  9.60%  53.1 3235s
 440741 322825     cutoff   74        75.49526   68.26381  9.58%  53.1 3244s
 442126 324360   75.39412   33  190   75.49526   68.27561  9.56%  53.1 3253s
 444498 324970 infeasible   60        75.49526   68.28680  9.55%  53.1 3261s
 445684 326430   68.38729   45  140   75.49526   68.29725  9.53%  53.1 3268s
 447929 327049 infeasible   34        75.49526   68.30808  9.52%  53.1 3275s
 449053 327709   75.38993   42  195   75.49526   68.31619  9.51%  53.1 3281s
 450143 329889   69.02973   58  217   75.49526   68.32667  9.50%  53.1 3290s
 453311 330526     cutoff   61        75.49526   68.34029  9.48%  53.1 3295s
 454388 331269     cutoff   63        75.49526   68.34734  9.47%  53.1 3300s
 455692 331961   68.39198   55  235   75.49526   68.35882  9.45%  53.1 3306s
 456917 333141 infeasible   55        75.49526   68.36256  9.45%  53.2 3313s
 458748 333994     cutoff   53        75.49526   68.37856  9.43%  53.1 3319s
 460110 335761   68.42252   70  174   75.49526   68.38927  9.41%  53.2 3325s
 462657 336506 infeasible   35        75.49526   68.40029  9.40%  53.1 3332s
 463979 337301   68.41294   60   88   75.49526   68.40875  9.39%  53.2 3337s
 465325 338847   71.04815   61  110   75.49526   68.41401  9.38%  53.2 3344s
 467680 339532 infeasible   84        75.49526   68.42230  9.37%  53.1 3350s
 468749 340820   68.43406   83   61   75.49526   68.43406  9.35%  53.2 3356s
 470731 341441   68.93239   60  161   75.49526   68.44666  9.34%  53.2 3361s
 471817 342383   68.45587   68   25   75.49526   68.45587  9.32%  53.2 3369s
 473522 344191   68.50668   72   96   75.49526   68.46955  9.31%  53.2 3379s
 476156 344730 infeasible   41        75.49526   68.47627  9.30%  53.2 3386s
 477134 345499     cutoff   69        75.49526   68.48838  9.28%  53.3 3393s
 478459 346430 infeasible   77        75.49526   68.50114  9.26%  53.3 3400s
 479922 348282     cutoff   92        75.49526   68.51351  9.25%  53.3 3407s
 482811 349010   68.62384   69  130   75.49526   68.52753  9.23%  53.3 3416s
 484012 349715     cutoff   60        75.49526   68.53760  9.22%  53.3 3423s
 485266 351179 infeasible   72        75.49526   68.54887  9.20%  53.3 3430s
 487696 351955   68.80649   49  280   75.49526   68.55423  9.19%  53.3 3438s
 489083 353502 infeasible  124        75.49526   68.57869  9.16%  53.3 3446s
 491391 354171   68.58820   59  182   75.49526   68.58820  9.15%  53.3 3453s
 492569 355231 infeasible   87        75.49526   68.60030  9.13%  53.4 3461s
 494391 356925 infeasible   60        75.49526   68.61157  9.12%  53.3 3469s
 496984 358273   74.37672   78  110   75.49526   68.62663  9.10%  53.3 3475s
 498934 358910   68.64048   61   37   75.49526   68.64048  9.08%  53.3 3482s
H499251 358262                      75.4671114   68.64176  9.04%  53.3 3482s
 499889 358984   69.24717   66   96   75.46711   68.64586  9.04%  53.3 3489s
 501110 360355     cutoff   54        75.46711   68.65981  9.02%  53.4 3496s
 503092 361124   70.03988   63  102   75.46711   68.66649  9.01%  53.3 3503s
 504301 362576 infeasible   74        75.46711   68.67550  9.00%  53.4 3510s
 506568 363005   68.86791   42  223   75.46711   68.68060  8.99%  53.3 3517s
 507407 363682     cutoff   61        75.46711   68.69318  8.98%  53.3 3525s
 508660 364378   75.45432   53  222   75.46711   68.71146  8.95%  53.4 3531s
 509958 365225   68.83761   50  160   75.46711   68.71841  8.94%  53.4 3538s
 511399 366869   69.29040   62  181   75.46711   68.73152  8.93%  53.4 3548s
 513851 367440 infeasible   77        75.46711   68.74197  8.91%  53.4 3554s
 514775 368595   68.83469   55  160   75.46711   68.75225  8.90%  53.4 3563s
 516743 370418     cutoff   99        75.46711   68.76433  8.88%  53.4 3571s
 519428 371131     cutoff   72        75.46711   68.78856  8.85%  53.4 3577s
 520653 371752 infeasible   44        75.46711   68.80254  8.83%  53.5 3582s
 521881 373076     cutoff   57        75.46711   68.81056  8.82%  53.5 3588s
 524175 373659 infeasible   73        75.46711   68.82537  8.80%  53.5 3594s
 525405 374308   68.86956   60  116   75.46711   68.84668  8.77%  53.5 3600s
 526612 375071   68.87019   71  232   75.46711   68.86185  8.75%  53.6 3605s
 528003 376227   69.91909   79  180   75.46711   68.87196  8.74%  53.6 3611s
 529862 376961   68.92193   66  190   75.46711   68.88966  8.72%  53.6 3616s
 531132 377774   69.91725   63  116   75.46711   68.89992  8.70%  53.6 3622s
 532496 378494 infeasible   87        75.46711   68.90445  8.70%  53.6 3628s
 533800 379150 infeasible   72        75.46711   68.92890  8.66%  53.7 3633s
 535186 379589   69.60558   67  170   75.46711   68.93981  8.65%  53.8 3637s
 536186 380515   69.15805   67  152   75.46711   68.95831  8.62%  53.8 3643s
 537964 381307   69.14877   85  155   75.46711   68.98009  8.60%  53.8 3649s
 539570 382775   69.69488  100  215   75.46711   68.99598  8.57%  53.9 3656s
 542209 383407 infeasible   67        75.46711   69.02070  8.54%  53.9 3661s
 543524 384129 infeasible   91        75.46711   69.04096  8.52%  53.9 3668s
 545036 384726     cutoff   58        75.46711   69.05827  8.49%  54.0 3674s
 546394 385422 infeasible   59        75.46711   69.08169  8.46%  54.0 3681s
 547859 386115 infeasible   74        75.46711   69.10242  8.43%  54.1 3688s
 549288 386577 infeasible   59        75.46711   69.11698  8.41%  54.2 3695s
 550152 387483     cutoff   52        75.46711   69.12409  8.41%  54.2 3701s
 551845 388242   69.69694   65  114   75.46711   69.14478  8.38%  54.2 3707s
 553329 388929     cutoff   63        75.46711   69.15807  8.36%  54.3 3714s
 554978 389623   69.54218  122   34   75.46711   69.18798  8.32%  54.3 3720s
 556575 389755   70.49990   46  250   75.46711   69.19753  8.31%  54.3 3726s
H556791 389755                      75.4671114   69.20403  8.30%  54.4 3726s
 556921 392102   69.34517   68  131   75.46711   69.20800  8.29%  54.4 3746s
 561070 393559     cutoff   85        75.46711   69.25108  8.24%  54.5 3754s
 563790 394157   69.37410   44  148   75.46711   69.27135  8.21%  54.5 3761s
 565303 394996   69.54936   56  141   75.46711   69.29800  8.17%  54.5 3767s
 567005 395623   69.65082   69  127   75.46711   69.31744  8.15%  54.5 3777s
 568682 396414     cutoff   25        75.46711   69.34387  8.11%  54.6 3784s
 570393 396982 infeasible  110        75.46711   69.36981  8.08%  54.6 3791s
 572045 397518   70.44711   62  314   75.46711   69.37662  8.07%  54.7 3798s
 573295 398229   70.74292   73  171   75.46711   69.41493  8.02%  54.8 3803s
 574816 398386     cutoff   67        75.46711   69.42950  8.00%  54.8 3810s
 576640 398432 infeasible   65        75.46711   69.46744  7.95%  54.9 3816s
 578502 398360   69.50480   65  115   75.46711   69.50450  7.90%  54.9 3821s
 579850 398352     cutoff   73        75.46711   69.55592  7.83%  54.9 3825s
 583045 397945 infeasible   66        75.46711   69.63089  7.73%  55.0 3833s
 584724 397883   69.75024   96  124   75.46711   69.68311  7.66%  55.1 3837s
 586369 397817   71.09636   65  122   75.46711   69.72806  7.60%  55.1 3843s
 587980 397668     cutoff   67        75.46711   69.78118  7.53%  55.1 3849s
 589837 397423     cutoff   60        75.46711   69.84309  7.45%  55.2 3854s
 591478 397331     cutoff   64        75.46711   69.88569  7.40%  55.2 3860s
 593177 397163     cutoff   60        75.46711   69.94881  7.31%  55.2 3865s
 594959 396908   69.98887   67  160   75.46711   69.98887  7.26%  55.2 3870s
 598087 396127     cutoff   63        75.46711   70.12328  7.08%  55.3 3879s
 599709 395728   72.46347   65  128   75.46711   70.17497  7.01%  55.3 3882s
 601368 395323     cutoff   88        75.46711   70.24626  6.92%  55.4 3887s
 602800 394871 infeasible   52        75.46711   70.29661  6.85%  55.4 3892s
 604705 394412   73.08454   75   95   75.46711   70.38761  6.73%  55.4 3898s
 606408 393984     cutoff   71        75.46711   70.44594  6.65%  55.5 3904s
 607870 393619   75.35606   67  202   75.46711   70.49675  6.59%  55.5 3910s
 609453 393196 infeasible   72        75.46711   70.55519  6.51%  55.6 3915s
 611161 392901     cutoff   67        75.46711   70.63107  6.41%  55.6 3920s
 612888 392521   70.98312   77  122   75.46711   70.69231  6.33%  55.6 3926s
 614716 392058   74.61635   84  125   75.46711   70.78423  6.21%  55.7 3931s
 616318 391708 infeasible   64        75.46711   70.82751  6.15%  55.7 3935s
 618188 391116     cutoff   82        75.46711   70.90339  6.05%  55.7 3940s
 622044 389637     cutoff   69        75.46711   71.06401  5.83%  55.8 3948s
 623970 388608     cutoff   73        75.46711   71.14732  5.72%  55.8 3951s
 627510 386415 infeasible   72        75.46711   71.35898  5.44%  55.8 3957s
 629461 386298   72.52959   73   97   75.46711   71.47450  5.29%  55.7 3969s
 629665 385084 infeasible   91        75.46711   71.47687  5.29%  55.7 3973s
 631712 383946   71.61650   57   57   75.46711   71.61650  5.10%  55.7 3976s
 635150 381312     cutoff   70        75.46711   71.79166  4.87%  55.7 3982s
 637315 379923   72.13543   60  126   75.46711   72.03203  4.55%  55.7 3985s
 641342 376835     cutoff   98        75.46711   72.32574  4.16%  55.6 3990s
 645252 374077     cutoff   70        75.46711   72.74385  3.61%  55.5 3995s
 648944 370637   75.24125   32  170   75.46711   73.15442  3.06%  55.5 4000s
 654239 363849 infeasible   71        75.46711   73.55403  2.53%  55.3 4007s
 657862 361075     cutoff   65        75.46711   73.59651  2.48%  55.1 4014s
 660638 357515     cutoff   67        75.46711   73.59651  2.48%  55.3 4022s
 664198 354434     cutoff   69        75.46711   73.59651  2.48%  55.4 4032s
 667301 350869 infeasible   92        75.46711   73.59651  2.48%  55.6 4039s
 670964 346558     cutoff   60        75.46711   73.62555  2.44%  55.7 4045s
 675276 341816     cutoff   75        75.46711   73.62555  2.44%  55.6 4052s
 680018 338057     cutoff   79        75.46711   73.62555  2.44%  55.6 4057s
 683843 332844     cutoff   67        75.46711   73.63446  2.43%  55.4 4062s
 689056 327115     cutoff   67        75.46711   73.63446  2.43%  55.2 4068s
 694789 322213     cutoff   71        75.46711   73.63446  2.43%  55.1 4078s
 699709 317058 infeasible   61        75.46711   73.63446  2.43%  55.1 4089s
 704952 310485     cutoff   82        75.46711   73.63446  2.43%  55.1 4101s
 711583 303194     cutoff   63        75.46711   73.63446  2.43%  55.1 4115s
 718912 295718 infeasible   60        75.46711   73.63446  2.43%  55.1 4131s
 726408 287808     cutoff   57        75.46711   73.63446  2.43%  55.1 4151s
 734337 279814     cutoff   64        75.46711   73.63446  2.43%  55.2 4167s
 742344 271838 infeasible   65        75.46711   73.63446  2.43%  55.2 4181s
 750341 265231     cutoff   61        75.46711   73.63446  2.43%  55.2 4199s
H755336 265231                      75.4671114   73.63446  2.43%  55.3 4199s
H755423 265231                      75.4671113   73.63446  2.43%  55.3 4199s
 756975 257686 infeasible   80        75.46711   73.63446  2.43%  55.3 4214s
 764579 250110 infeasible   70        75.46711   73.63446  2.43%  55.3 4231s
 772232 242519     cutoff   59        75.46711   73.63446  2.43%  55.4 4247s
 779878 234752 infeasible   53        75.46711   73.63446  2.43%  55.5 4265s
 787715 227003 infeasible   64        75.46711   73.63446  2.43%  55.6 4281s
 795506 219227     cutoff   52        75.46711   73.63446  2.43%  55.6 4297s
 803299 217285     cutoff   71        75.46711   73.63446  2.43%  55.7 4303s
 805619 209959   75.46027   32  157   75.46711   73.65305  2.40%  55.8 4317s
 813633 202954     cutoff   69        75.46711   73.65348  2.40%  55.8 4335s
 820782 195872     cutoff   82        75.46711   73.65348  2.40%  56.0 4353s
 827991 188145   75.42397   55  176   75.46711   73.65348  2.40%  56.2 4372s
 835994 180818     cutoff   52        75.46711   73.65348  2.40%  56.3 4391s
 843583 173057 infeasible   43        75.46711   73.65348  2.40%  56.5 4410s
 851565 165648     cutoff   51        75.46711   73.65348  2.40%  56.6 4430s
 859297 158175 infeasible   54        75.46711   73.65357  2.40%  56.8 4450s
 867209 150834 infeasible   58        75.46711   73.65370  2.40%  57.0 4469s
 874882 143955     cutoff   52        75.46711   73.65390  2.40%  57.2 4490s
 882273 137033     cutoff   56        75.46711   73.65390  2.40%  57.5 4514s
H884728 137033                      75.4671112   73.65390  2.40%  57.6 4515s
 889716 129875     cutoff   71        75.46711   73.65390  2.40%  57.8 4540s
 897499 122881     cutoff   52        75.46711   73.65390  2.40%  58.0 4563s
H898847 122881                      75.4671111   73.65390  2.40%  58.1 4563s
H905024 116869                      75.4671109   73.65390  2.40%  58.4 4585s
H912032 113625                      75.4671105   73.65391  2.40%  58.6 4591s
 915491 105613     cutoff   65        75.46711   73.72026  2.31%  58.5 4608s
 923507 97597     cutoff   71        75.46711   73.72026  2.31%  58.6 4618s
 931523 89581     cutoff   67        75.46711   73.72026  2.31%  58.5 4629s
 939539 81567     cutoff   50        75.46711   73.72026  2.31%  58.2 4641s
 947553 73551     cutoff   59        75.46711   73.72026  2.31%  58.0 4650s
 955569 67125     cutoff   73        75.46711   73.72026  2.31%  57.8 4659s
 962748 65353 infeasible   58        75.46711   73.72026  2.31%  57.6 4661s
 964917 57953     cutoff   94        75.46711   73.81972  2.18%  57.5 4670s
 972413 54094     cutoff   82        75.46711   73.81972  2.18%  57.4 4682s
 976493 49083 infeasible   60        75.46711   73.81972  2.18%  57.5 4697s
 981741 42571 infeasible   44        75.46711   73.81972  2.18%  57.6 4715s
 988601 36227     cutoff   78        75.46711   73.81972  2.18%  57.8 4731s
 995685 34000     cutoff   56        75.46711   73.81972  2.18%  57.9 4736s
 999690 31211     cutoff   75        75.46711   73.91927  2.05%  57.8 4740s
 1004973 27405     cutoff   77        75.46711   74.25354  1.61%  57.7 4745s
 1008361 23837     cutoff   81        75.46711   74.59806  1.15%  57.6 4750s
 1013460 19404 infeasible   96        75.46711   74.95040  0.68%  57.5 4756s
 1016678 18387   75.15035   54  178   75.46711   75.08256  0.51%  57.4 4760s

Cutting planes:
  Learned: 2
  Gomory: 350
  Lift-and-project: 29
  Cover: 708
  Implied bound: 1586
  Projected implied bound: 26
  Clique: 3
  MIR: 1915
  StrongCG: 4
  Flow cover: 3216
  GUB cover: 7
  Inf proof: 92
  Zero half: 11
  Mod-K: 1
  Network: 2
  RLT: 219
  Relax-and-lift: 155
  PSD: 1

Explored 1017362 nodes (58427219 simplex iterations) in 4760.88 seconds (2565.92 work units)
Thread count was 32 (of 32 available processors)

Solution count 10: 75.4671 75.4671 75.4671 ... 75.4953

Optimal solution found (tolerance 5.00e-03)
Best objective 7.546711137065e+01, best bound 7.513329813842e+01, gap 0.4423%
