
Gurobi 9.5.2 (linux64) logging started Tue Jul 28 23:16:43 2026

Set parameter LogFile to value "logs/oracle_RmediumCmanyTmedium_33_gurobi.log"
Gurobi Optimizer version 9.5.2 build v9.5.2rc0 (linux64)
Thread count: 16 physical cores, 32 logical processors, using up to 32 threads
Optimize a model with 5725 rows, 3298 columns and 19866 nonzeros
Model fingerprint: 0xd5fddc57
Variable types: 2062 continuous, 1236 integer (1236 binary)
Coefficient statistics:
  Matrix range     [2e-02, 1e+03]
  Objective range  [1e+00, 1e+00]
  Bounds range     [1e+00, 1e+00]
  RHS range        [2e-02, 5e+02]
Presolve removed 1805 rows and 659 columns
Presolve time: 0.46s
Presolved: 3920 rows, 2639 columns, 17425 nonzeros
Variable types: 1574 continuous, 1065 integer (1065 binary)

Root relaxation: objective 6.159688e+01, 3975 iterations, 1.41 seconds (0.20 work units)

    Nodes    |    Current Node    |     Objective Bounds      |     Work
 Expl Unexpl |  Obj  Depth IntInf | Incumbent    BestBd   Gap | It/Node Time

     0     0   61.59688    0  349          -   61.59688      -     -    2s
     0     0   62.83657    0  327          -   62.83657      -     -    4s
     0     0   62.84781    0  327          -   62.84781      -     -    5s
     0     0   62.85161    0  328          -   62.85161      -     -    5s
     0     0   62.85249    0  330          -   62.85249      -     -    5s
     0     0   63.65765    0  379          -   63.65765      -     -    7s
     0     0   63.70107    0  386          -   63.70107      -     -    7s
     0     0   63.70847    0  386          -   63.70847      -     -    7s
     0     0   63.70949    0  381          -   63.70949      -     -    8s
     0     0   63.70951    0  382          -   63.70951      -     -    8s
     0     0   64.91907    0  367          -   64.91907      -     -    9s
     0     0   65.00548    0  353          -   65.00548      -     -   10s
     0     0   65.01824    0  367          -   65.01824      -     -   10s
     0     0   65.02296    0  361          -   65.02296      -     -   10s
     0     0   65.02322    0  358          -   65.02322      -     -   10s
     0     0   65.61657    0  352          -   65.61657      -     -   12s
     0     0   65.66156    0  375          -   65.66156      -     -   13s
     0     0   65.66695    0  371          -   65.66695      -     -   13s
     0     0   65.66754    0  371          -   65.66754      -     -   13s
     0     0   65.78372    0  328          -   65.78372      -     -   14s
     0     0   65.80068    0  376          -   65.80068      -     -   14s
     0     0   65.80152    0  372          -   65.80152      -     -   14s
     0     0   65.86518    0  352          -   65.86518      -     -   15s
     0     0   65.88136    0  358          -   65.88136      -     -   15s
     0     0   65.88354    0  368          -   65.88354      -     -   15s
     0     0   65.88386    0  368          -   65.88386      -     -   15s
     0     0   65.89348    0  362          -   65.89348      -     -   16s
     0     0   65.89352    0  369          -   65.89352      -     -   16s
     0     0   65.89672    0  360          -   65.89672      -     -   16s
     0     0   65.89758    0  373          -   65.89758      -     -   17s
     0     0   65.90023    0  371          -   65.90023      -     -   17s
H    0     0                     209.4039169   65.90023  68.5%     -   17s
     0     0   65.90023    0  316  209.40392   65.90023  68.5%     -   18s
H    0     0                     196.1353015   65.90023  66.4%     -   19s
     0     2   65.90023    0  312  196.13530   65.90023  66.4%     -   20s
H   46    48                     124.5307604   65.93835  47.1%   166   22s
    63    80   65.95567    7  353  124.53076   65.93835  47.1%   136   25s
H   79    96                     124.2376306   65.93835  46.9%   117   25s
H   83    96                     124.1542973   65.93835  46.9%   112   25s
H   86    96                     124.1124128   65.93835  46.9%   108   25s
H   87    96                     123.7820565   65.93835  46.7%   108   25s
H  125   142                     113.1500178   65.93835  41.7%  86.5   27s
H  132   142                     112.6098578   65.93835  41.4%  84.7   27s
H  172   184                     101.9778191   65.93835  35.3%  71.9   39s
H  173   184                     101.7889524   65.93835  35.2%  71.6   39s
H  174   184                      98.9319052   65.93835  33.3%  71.2   39s
   189   225   66.43493   14  307   98.93191   65.93835  33.3%  71.0   40s
H  234   237                      90.3190710   65.93835  27.0%  64.7   41s
H  313   304                      82.2937017   65.93835  19.9%  54.4   51s
H  314   304                      79.5854251   65.93835  17.1%  54.8   51s
   397   360   66.78588   24  294   79.58543   65.93835  17.1%  50.3   60s
H  400   360                      79.5010485   65.93835  17.1%  50.0   60s
H  401   360                      79.4128553   65.93835  17.0%  49.8   60s
H  413   376                      79.0148953   65.93835  16.5%  49.7   87s
H  414   376                      79.0036937   65.93835  16.5%  49.6   87s
H  418   376                      78.6119598   65.93835  16.1%  49.2   87s
H  420   376                      78.5515076   65.93835  16.1%  49.1   87s
H  422   376                      78.2388954   65.93835  15.7%  48.9   87s
H  426   376                      78.1738280   65.93835  15.7%  48.5   87s
H  506   457                      78.0823294   65.93835  15.6%  45.2   96s
H  507   457                      77.9441977   65.93835  15.4%  45.2   96s
H  511   457                      77.8389286   65.93835  15.3%  44.9   96s
H  513   457                      77.7792950   65.93835  15.2%  45.0   96s
   616   555   67.21605   35  305   77.77929   65.93835  15.2%  41.3  102s
   734   672   67.25524   40  307   77.77929   65.93835  15.2%  38.1  108s
H  736   672                      77.7792949   65.93835  15.2%  38.1  108s
   875   781   67.39729   46  307   77.77929   65.93835  15.2%  36.0  112s
H  876   781                      77.7792949   65.93835  15.2%  36.0  112s
H  884   781                      77.6126283   65.93835  15.0%  35.9  112s
  1006   874   67.41720   49  310   77.61263   65.93835  15.0%  34.9  131s
  1158   878   67.45492   53  308   77.61263   65.93835  15.0%  33.8  172s
  1792  1502   67.77066   78  391   77.61263   65.93835  15.0%  32.4  175s
  2180  1647   72.20212   50  316   77.61263   65.93835  15.0%  31.6  188s
  2182  1648   76.16825   37  366   77.61263   65.93835  15.0%  31.6  194s
  2183  1649   70.74216   43  276   77.61263   65.93835  15.0%  31.6  198s
  2190  1654   68.01738   37  329   77.61263   66.58543  14.2%  31.5  203s
  2195  1657   70.29584   70  237   77.61263   67.52350  13.0%  31.4  209s
  2197  1658   69.12193   30  275   77.61263   67.65157  12.8%  31.4  210s
  2201  1661   76.64636   45  215   77.61263   67.95463  12.4%  31.3  215s
  2205  1664   70.02584   71  194   77.61263   68.18339  12.1%  31.3  221s
  2212  1668   77.49915   61  231   77.61263   68.34454  11.9%  31.2  225s
  2218  1672   76.97650   51  230   77.61263   68.45037  11.8%  31.1  232s
  2223  1676   70.01738   65  232   77.61263   68.48257  11.8%  31.0  235s
  2229  1680   70.01927   60  266   77.61263   68.49903  11.7%  30.9  240s
  2234  1683   73.67868   61  249   77.61263   68.56371  11.7%  30.9  245s
  2242  1688   69.16945   33  207   77.61263   68.58554  11.6%  30.7  251s
  2249  1693   71.61162   31  237   77.61263   68.60874  11.6%  30.6  255s
  2256  1698   68.63102   59  272   77.61263   68.63102  11.6%  30.6  260s
  2261  1701   75.58586   29  225   77.61263   68.64161  11.6%  30.5  265s
  2271  1708   69.69107   37  253   77.61263   68.70100  11.5%  30.4  270s
  2278  1712   68.70457   55  242   77.61263   68.70457  11.5%  30.3  275s
  2282  1715   76.16825   37  241   77.61263   68.70472  11.5%  30.2  281s
  2286  1718   68.70599   15  246   77.61263   68.70599  11.5%  30.2  286s
  2291  1722   77.01152   43  371   77.61263   68.70599  11.5%  42.3  296s
  2292  1723   68.70599   28  192   77.61263   68.70599  11.5%  42.3  301s
  2300  1728   74.11082   51  211   77.61263   68.70703  11.5%  42.2  305s
  2304  1731   73.51554   20  229   77.61263   68.72316  11.5%  42.1  312s
  2308  1734   69.69107   37  210   77.61263   68.74671  11.4%  42.0  317s
  2311  1736   70.82731   72  234   77.61263   68.76330  11.4%  42.0  320s
  2315  1738   75.58672   31  188   77.61263   68.77305  11.4%  41.9  325s
  2321  1742   69.38000   43  192   77.61263   68.79206  11.4%  41.8  330s
  2323  1744   70.01738   65  186   77.61263   68.80039  11.4%  41.8  335s
  2330  1748   69.11169   57  219   77.61263   68.81602  11.3%  41.6  341s
  2334  1751   73.67868   61  227   77.61263   68.82505  11.3%  41.6  345s
  2339  1754   69.06035   29  215   77.61263   68.83846  11.3%  41.5  351s
  2344  1758   70.01615   75  218   77.61263   68.84824  11.3%  41.4  357s
  2349  1761   71.61162   31  263   77.61263   68.86468  11.3%  41.3  360s
  2356  1766   68.90210   59  200   77.61263   68.90210  11.2%  41.2  367s
  2362  1770   73.97154   45  206   77.61263   68.92467  11.2%  41.1  371s
  2365  1772   69.96231   45  203   77.61263   68.94014  11.2%  41.0  375s
  2370  1775   68.96292   32  186   77.61263   68.96292  11.1%  40.9  380s
  2375  1778   68.96432   54  238   77.61263   68.96432  11.1%  40.9  386s
  2380  1783   72.20212   50  316   77.61263   68.96508  11.1%  51.7  390s
  2382  1784   76.16825   37  367   77.61263   68.96508  11.1%  51.6  398s
  2383  1785   70.74216   43  185   77.61263   68.96508  11.1%  51.6  403s
  2389  1789   72.07027   47  240   77.61263   68.97178  11.1%  51.5  406s
  2393  1792   69.02221   24  134   77.61263   69.02221  11.1%  51.4  411s
  2398  1795   70.82731   71  175   77.61263   69.02952  11.1%  51.3  415s
  2402  1798   69.36350   48  185   77.61263   69.03286  11.1%  51.2  420s
  2406  1800   74.04811   33  186   77.61263   69.03772  11.0%  51.1  425s
  2412  1804   77.49915   61  181   77.61263   69.04606  11.0%  51.0  431s
  2416  1807   69.05077   27  185   77.61263   69.05077  11.0%  50.9  435s
  2422  1811   69.44200   47  168   77.61263   69.05078  11.0%  50.8  440s
  2425  1813   69.06245   39  180   77.61263   69.06245  11.0%  50.7  445s
  2428  1818   69.06635   41  133   77.61263   69.06635  11.0%  58.0  453s
  2430  1821   69.10093   42  114   77.61263   69.10093  11.0%  58.0  459s
  2434  1828   75.06434   43  134   77.61263   69.10176  11.0%  58.5  461s
  2458  1860   75.11408   45  108   77.61263   69.23036  10.8%  60.4  465s
  2520  1898   75.11640   47   69   77.61263   69.23695  10.8%  64.2  481s
H 2537  1801                      77.6018977   69.24551  10.8%  64.6  481s
H 2541  1712                      77.5462695   69.24551  10.7%  64.5  481s
  2584  1754   75.11640   48   67   77.54627   69.24551  10.7%  66.4  526s
  2616  1774   75.11640   48   68   77.54627   69.24551  10.7%  66.6  549s
  2649  1809   75.11734   49   60   77.54627   69.24551  10.7%  67.8  551s
  2914  1981   75.17421   53   69   77.54627   69.24551  10.7%  67.8  556s
  3219  2082   75.23631   57   61   77.54627   69.24551  10.7%  73.5  560s
  3574  2139   76.74842   65   43   77.54627   69.24551  10.7%  78.5  566s
  4357  2545   76.75926   79   14   77.54627   69.24551  10.7%  77.4  571s
  4985  2679   76.75926   83    9   77.54627   69.24551  10.7%  75.5  575s
  5652  2990   76.75926   87   21   77.54627   69.24551  10.7%  74.0  581s
  6482  3309 infeasible   91        77.54627   69.24551  10.7%  71.8  585s
  7163  3305   73.90493   85   44   77.54627   69.24551  10.7%  69.0  615s
  8277  4236     cutoff  120        77.54627   69.31200  10.6%  66.4  621s
  9139  4835   69.56154   56  179   77.54627   69.31200  10.6%  64.3  626s
  9967  5281   70.37907   66  180   77.54627   69.31200  10.6%  62.9  630s
 11253  6381   70.59172   84  117   77.54627   69.31200  10.6%  60.7  637s
 11741  6776   70.63025   96   89   77.54627   69.31200  10.6%  59.9  641s
 12304  6859   71.85978  109  125   77.54627   69.31200  10.6%  58.9  664s
H12339  6859                      77.5462695   69.31200  10.6%  58.9  664s
 12414  7272     cutoff  110        77.54627   69.45497  10.4%  58.8  667s
 12967  7375   71.94634   56  120   77.54627   69.45497  10.4%  57.9  670s
 13633  8002   70.66937   59  146   77.54627   69.45497  10.4%  57.9  675s
 14896  9123   71.07419   72  104   77.54627   69.45497  10.4%  56.2  681s
 16415  9926   72.23053   81   80   77.54627   69.48778  10.4%  54.7  687s
 17041 10147   69.51323   55  177   77.54627   69.51323  10.4%  54.9  690s
 18328 10805   69.64159   60  169   77.54627   69.57044  10.3%  55.5  697s
 19101 11141   69.64247   62  172   77.54627   69.57044  10.3%  55.1  701s
 20448 11920   69.76626   66  153   77.54627   69.57044  10.3%  55.9  708s
 21112 12506   73.11141   67  212   77.54627   69.57044  10.3%  56.3  712s
 22038 13077   73.06087   69  188   77.54627   69.57044  10.3%  56.0  716s
 22944 13395   70.23364   73  166   77.54627   69.57044  10.3%  55.7  722s
 23625 13843   70.23364   74  166   77.54627   69.57044  10.3%  55.6  728s
 24620 14501   70.28590   78  191   77.54627   69.57044  10.3%  55.6  733s
 25697 15070   70.28923   81  188   77.54627   69.57044  10.3%  55.2  738s
 26672 15096   70.28923   84  189   77.54627   69.57044  10.3%  55.2  779s
 26716 15947   77.43316   84  200   77.54627   69.57044  10.3%  55.4  784s
 27878 16539   77.46771   86  197   77.54627   69.57044  10.3%  55.0  790s
 28896 17596   70.35911   87  170   77.54627   69.57044  10.3%  55.0  800s
 30639 18204     cutoff   96        77.54627   69.90645  9.85%  55.1  806s
 31720 18832   73.51739   71  147   77.54627   69.99429  9.74%  55.7  812s
 32945 19244   71.41688   64  161   77.54627   70.00659  9.72%  56.1  817s
 33741 20153   70.27881   62  192   77.54627   70.01459  9.71%  56.5  824s
 35320 20913   71.11752   78  147   77.54627   70.01459  9.71%  56.7  830s
 36831 21719   77.53349  100   44   77.54627   70.01459  9.71%  57.0  840s
 38203 22564 infeasible  118        77.54627   70.04281  9.68%  57.5  847s
 39649 23311   77.24314   59  117   77.54627   70.05105  9.67%  57.9  854s
 41350 24216   77.42822   68   71   77.54627   70.05105  9.67%  58.0  862s
 43127 25383     cutoff   73        77.54627   70.05105  9.67%  58.0  871s
 45111 26439     cutoff   78        77.54627   70.09422  9.61%  57.5  880s
 47047 27005   77.27719   78  145   77.54627   70.10167  9.60%  57.3  888s
 48320 27930     cutoff   79        77.54627   70.12354  9.57%  57.2  896s
 50257 28825   71.08179   71  149   77.54627   70.13042  9.56%  57.5  905s
 52040 29886   75.21443  104  109   77.54627   70.16069  9.52%  58.3  915s
 54071 31129     cutoff   74        77.54627   70.17046  9.51%  58.4  925s
 56183 32487     cutoff   94        77.54627   70.18242  9.50%  58.7  936s
 58708 32488   71.41411   72  316   77.54627   70.20724  9.46%  58.6 1065s
 58710 32489   71.59670   94  330   77.54627   70.20724  9.46%  58.6 1073s
 58711 32490   74.51912   64  186   77.54627   70.20724  9.46%  58.6 1081s
 58719 32495   70.87767   67  143   77.54627   70.20724  9.46%  58.5 1091s
 58723 32498   71.12582   83  154   77.54627   70.20724  9.46%  58.5 1102s
 58725 32499   71.06055   72  172   77.54627   70.20724  9.46%  58.5 1105s
 58726 32500   74.50495   93  176   77.54627   70.20724  9.46%  58.5 1110s
 58731 32503   70.73182   82  166   77.54627   70.20724  9.46%  58.5 1121s
 58735 32506   70.43454   84  193   77.54627   70.20724  9.46%  58.5 1131s
 58742 32511   71.79859   73  189   77.54627   70.20724  9.46%  58.5 1140s
 58747 32514   70.65959   70  166   77.54627   70.20724  9.46%  58.5 1151s
 58751 32517   70.62815   67  188   77.54627   70.20724  9.46%  58.5 1158s
 58753 32518   71.35513   78  193   77.54627   70.20724  9.46%  58.5 1163s
 58754 32519   72.21368  120  193   77.54627   70.20724  9.46%  58.5 1170s
 58756 32520   72.15698  105  194   77.54627   70.20724  9.46%  58.5 1178s
 58757 32521   71.05533   73  203   77.54627   70.20724  9.46%  58.5 1181s
 58758 32521   73.85476   93  197   77.54627   70.20724  9.46%  58.5 1186s
 58759 32522   70.91258   89  199   77.54627   70.20724  9.46%  58.5 1190s
 58760 32523   73.82807  122  191   77.54627   70.20724  9.46%  58.5 1196s
 58762 32524   71.14856  118  236   77.54627   70.20724  9.46%  58.5 1201s
 58763 32525   72.19392   86  201   77.54627   70.20724  9.46%  58.5 1207s
 58765 32526   77.47333   99  172   77.54627   70.20724  9.46%  58.5 1214s
 58768 32528   74.88864  108  204   77.54627   70.20724  9.46%  58.5 1218s
 58769 32529   70.64698   96  207   77.54627   70.20724  9.46%  58.5 1224s
 58772 32531   74.03735   83  206   77.54627   70.20724  9.46%  58.5 1228s
 58773 32531   77.15544   73  173   77.54627   70.20724  9.46%  58.5 1234s
 58776 32533   72.87749  118  231   77.54627   70.20724  9.46%  58.5 1237s
 58777 32534   73.00032   95  198   77.54627   70.20724  9.46%  58.5 1241s
 58781 32537   77.38009   77  228   77.54627   70.20724  9.46%  58.5 1245s
 58782 32537   71.76677   96  188   77.54627   70.20724  9.46%  58.5 1250s
 58786 32540   77.11132   78  213   77.54627   70.20724  9.46%  58.5 1258s
 58787 32541   72.39848  100  214   77.54627   70.20724  9.46%  58.5 1262s
 58788 32541   76.32201   70  201   77.54627   70.20724  9.46%  58.5 1267s
 58790 32543   72.94284  101  220   77.54627   70.20724  9.46%  58.5 1271s
 58791 32543   72.24695   85  220   77.54627   70.20724  9.46%  58.5 1276s
 58793 32545   71.47021   96  220   77.54627   70.20724  9.46%  58.5 1292s
 58794 32545   75.49038   77  220   77.54627   70.20724  9.46%  58.5 1297s
 58795 32546   72.84864   95  220   77.54627   70.20724  9.46%  58.5 1300s
 58796 32550   75.09523   50  142   77.54627   70.20724  9.46%  59.0 1315s
 58798 32553   75.11130   51  113   77.54627   70.20724  9.46%  59.0 1326s
 58802 32556   75.16060   52   83   77.54627   70.20724  9.46%  59.0 1334s
 58810 32561   75.16600   53   68   77.54627   70.20724  9.46%  59.0 1345s
 58822 32573   75.18863   54   60   77.54627   70.20724  9.46%  59.1 1364s
 58842 32596   75.18863   55   85   77.54627   70.20724  9.46%  59.1 1369s
 58874 32615   75.18956   56  151   77.54627   70.20724  9.46%  59.3 1394s
 58906 32630   75.18956   56   97   77.54627   70.20724  9.46%  59.5 1492s
 58938 32645   75.19241   57  212   77.54627   70.20724  9.46%  59.6 1563s
 58970 32665 infeasible   57        77.54627   70.20724  9.46%  59.8 1566s
 59024 32690     cutoff   58        77.54627   70.20724  9.46%  60.0 1573s
 59082 32693   75.84703   59  200   77.54627   70.20724  9.46%  60.1 1580s
 59295 32746   76.19903   62  176   77.54627   70.20724  9.46%  60.8 1586s
 59654 32889   76.26216   67   99   77.54627   70.20724  9.46%  61.1 1591s
 60152 33100   76.26216   71   43   77.54627   70.20724  9.46%  61.3 1597s
 60344 33148 infeasible   74        77.54627   70.20724  9.46%  61.4 1600s
 61209 33379   70.94999   63  187   77.54627   70.20724  9.46%  61.4 1606s
 61793 33365   71.63509   82  183   77.54627   70.20724  9.46%  61.2 1610s
 62585 33560   70.31096   57  273   77.54627   70.20724  9.46%  61.2 1616s
 63283 33753   70.70826   62  114   77.54627   70.20724  9.46%  61.0 1620s
 64374 34145   70.36322   58  238   77.54627   70.20724  9.46%  60.8 1626s
 65189 34490   71.11737   69  101   77.54627   70.20724  9.46%  60.6 1633s
 65698 34751   72.70210   88   87   77.54627   70.20724  9.46%  60.4 1636s
 66812 35046     cutoff  136        77.54627   70.27739  9.37%  60.1 1642s
 67796 35213   72.36534   62  269   77.54627   70.28725  9.36%  59.9 1648s
 68095 35348   72.49655   64  239   77.54627   70.28725  9.36%  59.9 1651s
 69209 35512   72.87189   83  262   77.54627   70.28725  9.36%  59.6 1657s
 69784 35726   73.82019   95  130   77.54627   70.28725  9.36%  59.5 1660s
 70341 36080   73.82019   99   92   77.54627   70.28725  9.36%  59.4 1665s
 71574 36296   70.62261   62  264   77.54627   70.31323  9.33%  59.2 1671s
 72037 36543   71.63106   68  240   77.54627   70.31323  9.33%  59.2 1676s
 72622 36374   72.39786   70  216   77.54627   70.31323  9.33%  59.2 1840s
 72657 36833     cutoff   71        77.54627   70.31323  9.33%  59.3 1845s
 73997 37323   74.20803   95  238   77.54627   70.31323  9.33%  59.2 1853s
 74589 37648   74.22010   96  225   77.54627   70.44094  9.16%  59.2 1860s
 76119 38186   71.59779   78  151   77.54627   70.50615  9.08%  59.0 1868s
 76878 38420   70.51912   61  276   77.54627   70.51912  9.06%  59.0 1873s
 77714 38818   71.20334   69  235   77.54627   70.52317  9.06%  58.9 1878s
 78687 39106   72.23301   84  121   77.54627   70.52317  9.06%  58.8 1882s
 79588 39386   73.84516   91   55   77.54627   70.74542  8.77%  58.7 1887s
 80438 39643   72.44241   68  226   77.54627   70.74542  8.77%  58.8 1892s
 81396 40127   73.51510   80  117   77.54627   70.75288  8.76%  58.8 1898s
 82587 40581   72.74926   68  266   77.54627   70.76581  8.74%  58.6 1905s
 83887 40700     cutoff   91        77.54627   70.78700  8.72%  58.4 1911s
 85327 40930   72.16981  114   73   77.54627   70.78795  8.72%  58.0 1918s
 86667 41320     cutoff   82        77.54627   70.82261  8.67%  57.8 1925s
 88015 42698   71.03105   68  152   77.54627   70.82271  8.67%  57.5 1939s
 88599 42503   72.27804   83  147   77.54627   70.83334  8.66%  57.6 1940s
 90843 42285   71.63388   64  265   77.54627   70.83334  8.66%  57.3 1946s
 91922 42711     cutoff   75        77.54627   70.83334  8.66%  57.3 1954s
 93402 43338     cutoff   87        77.54627   70.85915  8.62%  57.2 1962s
 95077 43635 infeasible   83        77.54627   70.88712  8.59%  57.0 1970s
 96817 44014 infeasible   77        77.54627   70.90215  8.57%  56.8 1978s
 98976 44272   72.41756   74  179   77.54627   70.90585  8.56%  56.4 1986s
 100635 44926     cutoff   84        77.54627   70.91868  8.55%  56.3 1995s
 102577 45571   71.20850   77  149   77.54627   70.93765  8.52%  56.0 2003s
 104533 46302   72.35609   93  151   77.54627   70.95644  8.50%  55.8 2013s
 106689 46996   75.26011   86  113   77.54627   70.97250  8.48%  55.5 2023s
 108686 47337   73.01225   97  119   77.54627   70.98114  8.47%  55.3 2031s
 110641 47612     cutoff  102        77.54627   70.98947  8.46%  55.2 2041s
 112668 48004   73.41932   81   75   77.54627   70.99689  8.45%  55.0 2053s
 114938 48169     cutoff   84        77.54627   71.00719  8.43%  54.9 2065s
 117380 48383   71.22707   64  189   77.54627   71.02002  8.42%  54.7 2102s
 119528 50670   73.50190   75  111   77.54627   71.02012  8.42%  54.5 2125s
 125751 51311   72.42306  103  149   77.54627   71.04660  8.38%  53.7 2139s
 130998 51055   73.33752   82  128   77.54627   71.07168  8.35%  53.0 2151s
 133578 51910   71.62809   89  114   77.54627   71.07964  8.34%  52.8 2165s
 136392 53775   74.23894  114  118   77.54627   71.09248  8.32%  52.5 2177s
 141494 54183   71.13599   96   37   77.54627   71.10454  8.31%  51.8 2188s
 145331 54238   71.63350   70  216   77.54627   71.11596  8.29%  51.4 2200s
 147952 57808     cutoff   94        77.54627   71.12801  8.28%  51.2 2220s
 156723 56236   74.03315   83   85   77.54627   71.14378  8.26%  50.1 2230s
 158892 56486   72.08094   82  111   77.54627   71.15099  8.25%  49.9 2261s
 159315 57798   72.10372   83  110   77.54627   71.15109  8.25%  49.9 2272s
 161558 60052   73.37426  100  119   77.54627   71.15760  8.24%  49.8 2283s
 165887 61382   71.85275   81   52   77.54627   71.16766  8.23%  49.3 2294s
 166579 61382     cutoff   76        77.54627   71.17257  8.22%  49.2 2295s
 168557 63760   71.53717   85   87   77.54627   71.17666  8.21%  49.0 2305s
 172571 65412   71.21778   82   68   77.54627   71.18349  8.21%  48.6 2315s
 175178 67727   73.01567   83   61   77.54627   71.19391  8.19%  48.4 2325s
 179048 71842   74.82763   67  165   77.54627   71.20159  8.18%  48.1 2345s
 186337 72775   72.03028   74  175   77.54627   71.21359  8.17%  47.5 2357s
 188418 74213   75.24574   74  188   77.54627   71.22232  8.16%  47.4 2368s
 190830 76618   72.03152   84   83   77.54627   71.22544  8.15%  47.2 2379s
 193520 76618   71.72744   74  140   77.54627   71.23170  8.14%  47.0 2380s
 194754 77969   72.96038   93  147   77.54627   71.23364  8.14%  46.9 2391s
 197476 80414   71.40746   77  182   77.54627   71.24225  8.13%  46.8 2402s
 201772 80680   71.98338   83  110   77.54627   71.25058  8.12%  46.4 2445s
 202358 82363   72.08079   99  107   77.54627   71.25221  8.12%  46.4 2455s
 205194 84499   71.79726   80  191   77.54627   71.25860  8.11%  46.2 2466s
 209429 86958   73.84192   75  134   77.54627   71.26404  8.10%  45.9 2486s
 214024 89568   71.53721   70  182   77.54627   71.27181  8.09%  45.7 2500s
 218863 92072   73.86331   78  125   77.54627   71.27984  8.08%  45.4 2512s
 223263 93026   74.42242  113   58   77.54627   71.29043  8.07%  45.1 2524s
 225760 95503     cutoff  110        77.54627   71.29510  8.06%  45.0 2535s
 230260 96695     cutoff   99        77.54627   71.30039  8.05%  44.7 2547s
 232487 98941     cutoff   89        77.54627   71.30412  8.05%  44.6 2560s
 236330 100305   72.44747   85   66   77.54627   71.30968  8.04%  44.4 2570s
 239070 103789   72.34334   81   71   77.54627   71.31711  8.03%  44.2 2589s
 243544 103789     cutoff  109        77.54627   71.31948  8.03%  44.0 2590s
 245412 104911   71.63109   76   92   77.54627   71.32440  8.02%  43.9 2601s
 247656 106716   76.51882  104  112   77.54627   71.32774  8.02%  43.8 2611s
 251449 107576     cutoff   96        77.54627   71.33501  8.01%  43.7 2623s
 253991 108586 infeasible   98        77.54627   71.33742  8.01%  43.6 2634s
 255563 108586     cutoff  107        77.54627   71.33949  8.00%  43.5 2635s
 256752 109566     cutoff   84        77.54627   71.34082  8.00%  43.5 2646s
 259189 110083   72.06343   75  173   77.54627   71.34523  8.00%  43.5 2697s
 260265 111817   72.08265   76  175   77.54627   71.34697  7.99%  43.4 2711s
 263688 114121   73.59658   76   82   77.54627   71.35188  7.99%  43.4 2726s
 268764 116187   72.62597   74  194   77.54627   71.35580  7.98%  43.1 2742s
 273135 118833   72.05618   83  131   77.54627   71.36323  7.97%  43.0 2755s
 277746 120781   72.27677   75  102   77.54627   71.37003  7.96%  42.8 2766s
 282140 121862     cutoff  109        77.54627   71.37581  7.96%  42.6 2778s
 284560 124224   72.49804   81  113   77.54627   71.37833  7.95%  42.5 2790s
 288874 125281   73.69737  110   80   77.54627   71.38144  7.95%  42.3 2800s
 291266 126888   72.46359   80  142   77.54627   71.38782  7.94%  42.2 2811s
 295173 128463 infeasible  110        77.54627   71.39065  7.94%  42.1 2822s
 298645 130246   71.91018   83  117   77.54627   71.39333  7.93%  42.0 2838s
 302123 132458   75.38567  106   90   77.54627   71.39980  7.93%  42.0 2853s
 307186 132738   72.05765   80   73   77.54627   71.40656  7.92%  41.8 2905s
 307749 134257   72.15061   94  134   77.54627   71.40716  7.92%  41.8 2919s
 310876 136723     cutoff   90        77.54627   71.41007  7.91%  41.8 2934s
 315662 137250   72.59558   81  118   77.54627   71.41439  7.91%  41.7 2977s
 316715 139084   73.56389   82  188   77.54627   71.41451  7.91%  41.7 2991s
 320269 141770   72.82114   77  150   77.54627   71.42519  7.89%  41.6 3005s
 325198 143018   71.59953   76  155   77.54627   71.42969  7.89%  41.5 3020s
 328257 144630   72.10207   83  135   77.54627   71.43432  7.88%  41.4 3038s
 332467 146671   74.08183  110    5   77.54627   71.43812  7.88%  41.3 3052s
 336764 148346   71.75323   77  126   77.54627   71.44223  7.87%  41.2 3065s
 340609 149544 infeasible   83        77.54627   71.44914  7.86%  41.1 3078s
 343133 151471   71.46386   84  111   77.54627   71.45320  7.86%  41.1 3089s
 343535 151471     cutoff   75        77.54627   71.45382  7.86%  41.1 3090s
 347113 152784   74.96873  100  146   77.54627   71.45521  7.85%  41.0 3101s
 349787 154542   74.52780  109  103   77.54627   71.45872  7.85%  41.0 3114s
 353621 155796   71.79738   77   81   77.54627   71.46294  7.84%  40.9 3126s
 356467 157932   71.69471  107   90   77.54627   71.46545  7.84%  40.9 3139s
 360559 159772   73.18838   84  184   77.54627   71.46985  7.84%  40.8 3156s
 364804 160466   77.54571   85   40   77.54627   71.47402  7.83%  40.8 3182s
 366303 162388 infeasible   78        77.54627   71.47498  7.83%  40.8 3199s
 370251 164526   73.27509   98  119   77.54627   71.48122  7.82%  40.7 3214s
 370651 164526   71.61522   79  104   77.54627   71.48200  7.82%  40.7 3215s
 375184 166323   76.70702   98   88   77.54627   71.48735  7.81%  40.7 3236s
 378594 169035   73.84757   80  167   77.54627   71.49024  7.81%  40.6 3251s
 383500 170902   73.11937  104   38   77.54627   71.49369  7.81%  40.5 3264s
 387800 172258   73.61437   86  120   77.54627   71.49956  7.80%  40.4 3277s
 390601 174594 infeasible   78        77.54627   71.50226  7.79%  40.4 3294s
 394273 174594   73.01591  105  117   77.54627   71.50463  7.79%  40.4 3295s
 395714 175579   72.25419   85  130   77.54627   71.50688  7.79%  40.3 3307s
 398230 177043   71.71433   74  116   77.54627   71.50905  7.79%  40.3 3320s
 401406 177927   72.55540   97  107   77.54627   71.51294  7.78%  40.3 3351s
 403178 179477   71.83494   75  156   77.54627   71.51390  7.78%  40.3 3367s
 406917 181819   73.64677   94   50   77.54627   71.51631  7.78%  40.2 3380s
 411662 183832   74.16074   96   99   77.54627   71.52182  7.77%  40.2 3395s
 416094 185083     cutoff  111        77.54627   71.52438  7.77%  40.1 3408s
 419091 187006     cutoff   86        77.54627   71.52626  7.76%  40.1 3420s
 423509 188715   71.87792   71  162   77.54627   71.53199  7.76%  40.0 3436s
 427596 190558   74.14056   74  162   77.54627   71.53388  7.75%  39.9 3450s
 431866 192897   77.09838   90  100   77.54627   71.53874  7.75%  39.9 3462s
 436443 194040   72.05051   67  261   77.54627   71.53983  7.75%  39.8 3475s
 439138 196346 infeasible   89        77.54627   71.54270  7.74%  39.8 3486s
 443595 196674 infeasible   78        77.54627   71.54484  7.74%  39.7 3526s
 444275 198240     cutoff   79        77.54627   71.54721  7.74%  39.7 3538s
 447385 200368     cutoff   97        77.54627   71.55215  7.73%  39.7 3551s
 451793 201466   73.63273   69  122   77.54627   71.55458  7.73%  39.6 3565s
 454884 203188     cutoff  110        77.54627   71.55729  7.72%  39.6 3582s
 459669 204268   72.07542   73  165   77.54627   71.55980  7.72%  39.5 3595s
 462561 206096   73.24080   78  201   77.54627   71.56323  7.72%  39.5 3607s
 466832 207534 infeasible  111        77.54627   71.56603  7.71%  39.5 3620s
 469648 209326   74.97629  105  100   77.54627   71.56948  7.71%  39.4 3632s
 473704 210766   77.35839  106  110   77.54627   71.57232  7.70%  39.4 3644s
 476928 212877     cutoff   67        77.54627   71.57557  7.70%  39.4 3656s
 481327 214534     cutoff   97        77.54627   71.57783  7.70%  39.3 3668s
 485236 215180   71.74130   81  157   77.54627   71.58137  7.69%  39.3 3700s
 486684 219471   71.75135   82  150   77.54627   71.58233  7.69%  39.3 3743s
 492973 219471   71.92646   76  194   77.54627   71.58405  7.69%  39.3 3745s
 497048 221496   72.59342   85  176   77.54627   71.58963  7.68%  39.3 3759s
 502367 223288     cutoff   86        77.54627   71.59395  7.68%  39.2 3772s
 506456 224950   76.21350   78  139   77.54627   71.59525  7.67%  39.3 3784s
 510243 226557   73.09195   98   53   77.54627   71.60084  7.67%  39.3 3799s
 512809 226557   73.27151   76  119   77.54627   71.60233  7.67%  39.2 3800s
 513632 228657   71.96067   98   69   77.54627   71.60434  7.66%  39.3 3813s
 518381 228695   73.62925   75  190   77.54627   71.60539  7.66%  39.2 3898s
 518689 240251 infeasible   76        77.54627   71.60606  7.66%  39.3 4035s
 543714 240251   72.39555   78   95   77.54627   71.60940  7.66%  39.1 4040s
 550721 242361     cutoff  102        77.54627   71.62154  7.64%  39.1 4056s
 555796 243874   72.30613   90   27   77.54627   71.62377  7.64%  39.1 4069s
 558717 243874   77.33980   83  117   77.54627   71.62529  7.64%  39.1 4070s
 559683 245310   73.28319  111   59   77.54627   71.62691  7.63%  39.1 4081s
 563473 246605   74.70249  106  190   77.54627   71.62884  7.63%  39.0 4095s
 566707 247036   72.41616   85   90   77.54627   71.63243  7.63%  39.1 4133s
 568110 248409   72.49496   86  106   77.54627   71.63281  7.63%  39.1 4146s
 572136 250225   74.20004   70  156   77.54627   71.63624  7.62%  39.1 4159s
 576547 251382     cutoff   77        77.54627   71.64139  7.61%  39.0 4173s
 579507 252962 infeasible   89        77.54627   71.64344  7.61%  39.0 4193s
 583602 253898   74.48397   74  158   77.54627   71.64613  7.61%  39.0 4210s
 586975 255078   73.48388   80   79   77.54627   71.64898  7.60%  39.1 4225s
 590511 256907   71.90392   77  115   77.54627   71.65327  7.60%  39.1 4241s
 595303 258113     cutoff   74        77.54627   71.65812  7.59%  39.0 4253s
 598455 259497   71.88087  102   70   77.54627   71.65959  7.59%  39.1 4266s
 601864 260272   72.67557   81  196   77.54627   71.66381  7.59%  39.1 4290s
 603873 261645   72.90928   81   62   77.54627   71.66381  7.59%  39.1 4303s
 607782 263743     cutoff  100        77.54627   71.66837  7.58%  39.1 4317s
 613178 264755     cutoff   87        77.54627   71.67322  7.57%  39.1 4335s
 616579 266167   76.30231   83   62   77.54627   71.67564  7.57%  39.1 4350s
 620611 267769   72.79539  104   54   77.54627   71.67989  7.57%  39.1 4363s
 625589 268693   75.16898   85  164   77.54627   71.68334  7.56%  39.1 4379s
 628938 270187   72.01852   83  137   77.54627   71.68709  7.56%  39.1 4393s
 633322 271301   73.72913   80  141   77.54627   71.69062  7.55%  39.1 4407s
 636880 272022   73.00953   77  173   77.54627   71.69386  7.55%  39.1 4425s
 638819 273296   72.64488  104   76   77.54627   71.69571  7.54%  39.1 4439s
 642671 274290   76.16230   81  174   77.54627   71.69915  7.54%  39.1 4454s
 646373 275822   72.97571   60  209   77.54627   71.70269  7.54%  39.1 4469s
 648360 275822     cutoff   82        77.54627   71.70269  7.54%  39.1 4470s
 651145 277002   71.89478   90   98   77.54627   71.70682  7.53%  39.0 4484s
 651721 277002   72.61240   80  143   77.54627   71.70735  7.53%  39.0 4485s
 654549 278553   72.02640  105   48   77.54627   71.71031  7.53%  39.0 4498s
 659294 279432     cutoff   80        77.54627   71.71419  7.52%  39.0 4515s
 662372 280490   72.43360  102  105   77.54627   71.71559  7.52%  39.0 4527s
 665794 281024   74.09455   86  204   77.54627   71.71987  7.51%  39.0 4551s
 667427 282192     cutoff   87        77.54627   71.72082  7.51%  39.0 4566s
 670948 283818   71.95361   82  163   77.54627   71.72422  7.51%  39.0 4583s
 675627 284878   74.16493   88  211   77.54627   71.72730  7.50%  39.0 4598s
 678830 286239 infeasible   69        77.54627   71.73044  7.50%  39.0 4613s
 683145 287423 infeasible   80        77.54627   71.73543  7.49%  39.0 4628s
 686683 288456   72.56440  101   95   77.54627   71.73780  7.49%  39.0 4643s
 690612 289800   72.28233  103   75   77.54627   71.74214  7.48%  39.0 4662s
 696113 290833   73.98266   74  142   77.54627   71.74524  7.48%  39.0 4676s
 699889 291261   72.26167   84  223   77.54627   71.74675  7.48%  39.0 4706s
 701366 292302   72.36935   85  225   77.54627   71.74760  7.48%  39.0 4719s
 703431 292302   71.82221  102  142   77.54627   71.75044  7.47%  39.0 4720s
 704967 294001     cutoff   83        77.54627   71.75294  7.47%  39.0 4735s
 709788 294824   72.54865  109  105   77.54627   71.75814  7.46%  39.0 4750s
 713035 295586   75.43712   73   88   77.54627   71.76007  7.46%  39.0 4764s
 713669 295586   74.87501   79  111   77.54627   71.76049  7.46%  39.0 4765s
 716638 297147   73.91649   81  135   77.54627   71.76216  7.46%  39.0 4779s
 718242 297147   73.62586  109  101   77.54627   71.76288  7.46%  39.0 4780s
 721270 298267     cutoff  105        77.54627   71.76534  7.45%  39.0 4795s
 724966 300090   73.52420   95   58   77.54627   71.76760  7.45%  39.0 4809s
 728638 300090   76.36123   92  153   77.54627   71.76938  7.45%  38.9 4810s
 730051 300418   73.48328   90   67   77.54627   71.77106  7.45%  38.9 4834s
 730600 300418     cutoff  108        77.54627   71.77189  7.45%  38.9 4835s
 731517 301253   72.71110   89  109   77.54627   71.77238  7.45%  38.9 4849s
 735066 302290   74.69022   86  149   77.54627   71.77513  7.44%  38.9 4866s
 738357 303671   73.36480   87  125   77.54627   71.77743  7.44%  39.0 4885s
 743139 305180   72.87645   99   73   77.54627   71.78192  7.43%  39.0 4903s
 747334 306797   71.98132   74  175   77.54627   71.78399  7.43%  39.0 4922s
 752338 307974   73.99041  102  176   77.54627   71.78753  7.43%  39.0 4938s
 756272 309072   73.67057  110  111   77.54627   71.79124  7.42%  39.0 4960s
 759644 310242     cutoff  101        77.54627   71.79292  7.42%  38.9 4973s
 763371 311865     cutoff   92        77.54627   71.79525  7.42%  38.9 4988s
 767780 312156   72.78274   84   80   77.54627   71.79743  7.41%  38.9 5053s
 768510 319142     cutoff   85        77.54627   71.79960  7.41%  38.9 5137s
 779103 319142   72.53637   81  136   77.54627   71.80092  7.41%  38.8 5140s
 791727 320567   73.27165  106   80   77.54627   71.81146  7.40%  38.8 5163s
 796087 322378   76.48199   81  116   77.54627   71.81151  7.40%  38.8 5182s
 801827 323175     cutoff   92        77.54627   71.81313  7.39%  38.8 5204s
 804564 324737   74.12023   96   57   77.54627   71.81444  7.39%  38.8 5223s
 809452 326407     cutoff  108        77.54627   71.82054  7.38%  38.8 5238s
 814951 326868 infeasible   91        77.54627   71.82269  7.38%  38.7 5259s
 816478 328183     cutoff  111        77.54627   71.82305  7.38%  38.7 5275s
 820403 329681   71.92771   83   68   77.54627   71.82828  7.37%  38.7 5296s
 824644 331652   72.94019   92  109   77.54627   71.83153  7.37%  38.7 5314s
 830597 332790     cutoff  106        77.54627   71.83540  7.36%  38.7 5332s
 834255 333908   74.64146   87  126   77.54627   71.83757  7.36%  38.7 5345s
 837952 335555   71.92923   72  101   77.54627   71.84168  7.36%  38.7 5360s
 843195 336500 infeasible   91        77.54627   71.84431  7.35%  38.7 5374s
 846719 337515     cutoff   89        77.54627   71.84745  7.35%  38.7 5389s
 850866 337829     cutoff   76        77.54627   71.85085  7.34%  38.7 5421s
 852514 339361   74.90681   73  157   77.54627   71.85095  7.34%  38.7 5436s
 856993 340749     cutoff   93        77.54627   71.85534  7.34%  38.7 5455s
 862029 342833 infeasible  106        77.54627   71.85940  7.33%  38.7 5473s
 867833 343918   75.45322   91  137   77.54627   71.86278  7.33%  38.7 5491s
 871924 345404 infeasible   88        77.54627   71.86537  7.33%  38.6 5506s
 876518 346571     cutoff   85        77.54627   71.86940  7.32%  38.6 5523s
 880160 347604   72.55815   72  232   77.54627   71.87231  7.32%  38.6 5555s
 883401 348125     cutoff   82        77.54627   71.87394  7.31%  38.6 5585s
 885185 349541     cutoff   98        77.54627   71.87442  7.31%  38.6 5601s
 889927 350866   72.00685   89   99   77.54627   71.87708  7.31%  38.6 5613s
 894237 352874     cutoff   99        77.54627   71.88180  7.30%  38.6 5629s
 895642 352874     cutoff   84        77.54627   71.88286  7.30%  38.6 5630s
 900154 353976   72.60839   85  111   77.54627   71.88488  7.30%  38.6 5643s
 904315 355215   71.90878  100   69   77.54627   71.88771  7.30%  38.6 5654s
 908535 356993   72.76309  106   88   77.54627   71.89061  7.29%  38.6 5666s
 913827 357293 infeasible  103        77.54627   71.89245  7.29%  38.6 5686s
 915378 358185   74.36663  110  124   77.54627   71.89364  7.29%  38.6 5700s
 919564 359756   73.77329   84  190   77.54627   71.89784  7.28%  38.6 5717s
 924876 361141   74.37990   76   82   77.54627   71.90174  7.28%  38.6 5732s
 928948 361192   74.66839   96   33   77.54627   71.90448  7.28%  38.6 5843s
 929150 361808   74.72536   97   40   77.54627   71.90463  7.28%  38.6 5865s
 931266 361815   74.07001   85   63   77.54627   71.90463  7.28%  38.6 5969s
H931390 361815                      77.5462695   71.90463  7.28%  38.6 5970s
 931446 365001   74.25723   88   70   77.54627   71.90488  7.27%  38.6 6016s
 942421 365710   75.77522   83   59   77.54627   71.91198  7.27%  38.6 6050s
 944987 366963   72.84255   83   68   77.54627   71.91211  7.27%  38.6 6072s
 950394 367736   76.96991   74  143   77.54627   71.91639  7.26%  38.6 6105s
 953134 369242   73.13888   86  137   77.54627   71.91763  7.26%  38.6 6124s
 958401 370388     cutoff  108        77.54627   71.92216  7.25%  38.6 6140s
 962320 371450   75.81623   88   99   77.54627   71.92468  7.25%  38.6 6155s
 965504 372881   72.33873   81  125   77.54627   71.92803  7.25%  38.7 6173s
 970048 374516   73.00998   82  188   77.54627   71.93241  7.24%  38.7 6195s
 974972 375829 infeasible   75        77.54627   71.93536  7.24%  38.6 6216s
 979453 376483   72.33728   92   65   77.54627   71.93731  7.23%  38.6 6273s
 981733 377935   75.64921   78  109   77.54627   71.93890  7.23%  38.6 6291s
 986539 379520   74.11468  102  166   77.54627   71.94291  7.23%  38.6 6310s
 991116 381043   74.11741   89  117   77.54627   71.94586  7.22%  38.7 6328s
 995350 382804   72.61934   82  107   77.54627   71.94895  7.22%  38.7 6348s
 1000288 384170   76.20208   78  191   77.54627   71.95104  7.22%  38.7 6366s
 1004391 385485   73.01903   91  176   77.54627   71.95250  7.21%  38.7 6383s
 1008451 386722   74.28266   88   72   77.54627   71.95643  7.21%  38.7 6405s
 1012496 387448     cutoff   89        77.54627   71.95815  7.21%  38.7 6434s
 1014763 388961   72.38300   81  138   77.54627   71.95887  7.21%  38.7 6454s
 1019254 390156   74.47581  112  109   77.54627   71.96197  7.20%  38.7 6473s
 1023455 391348   72.11773   78   96   77.54627   71.96660  7.20%  38.7 6493s
 1027553 392416   75.78376   82  109   77.54627   71.96920  7.19%  38.7 6512s
 1031733 393760   73.33913   93   76   77.54627   71.97240  7.19%  38.7 6532s
 1036103 394517   72.11371   77  192   77.54627   71.97555  7.18%  38.7 6576s
 1038561 395971   72.17657   78  178   77.54627   71.97639  7.18%  38.8 6596s
 1043155 397145   71.99917  110  150   77.54627   71.97844  7.18%  38.8 6615s
 1047436 398271   73.18331   79  141   77.54627   71.98150  7.18%  38.8 6633s
 1051582 399391   74.28597  113   63   77.54627   71.98574  7.17%  38.8 6652s
 1056086 400282   74.09033  107  114   77.54627   71.98761  7.17%  38.8 6672s
 1059684 401498   73.74661   86  153   77.54627   71.98963  7.17%  38.8 6695s
 1063439 402305     cutoff  102        77.54627   71.99345  7.16%  38.8 6734s
 1065919 403741   73.28340   84  116   77.54627   71.99449  7.16%  38.8 6756s
 1070674 405143   74.58870   82  165   77.54627   71.99747  7.16%  38.8 6781s
 1075452 406853     cutoff   93        77.54627   72.00132  7.15%  38.8 6805s
 1080438 408236   76.18360   87   37   77.54627   72.00422  7.15%  38.8 6825s
 1085160 409618   73.67244   71  277   77.54627   72.00742  7.14%  38.8 6841s
 1089365 410938 infeasible   82        77.54627   72.00972  7.14%  38.8 6859s
 1092099 410938   75.12689   70  125   77.54627   72.01060  7.14%  38.8 6860s
 1093996 411868   75.71140   88  104   77.54627   72.01273  7.14%  38.8 6898s
 1096526 413227     cutoff   89        77.54627   72.01348  7.13%  38.8 6914s
 1100889 413227     cutoff  111        77.54627   72.01528  7.13%  38.9 6915s
 1101179 414547     cutoff   84        77.54627   72.01750  7.13%  38.9 6936s
 1106061 415795   73.41664   81  168   77.54627   72.01988  7.13%  38.9 6952s
 1110395 417738 infeasible   76        77.54627   72.02236  7.12%  38.9 6968s
 1116288 418966   74.17328   88  157   77.54627   72.02666  7.12%  38.8 6983s
 1120327 420061   73.54129   96   86   77.54627   72.03004  7.11%  38.8 7000s
 1124683 420426   72.19270   82   90   77.54627   72.03218  7.11%  38.8 7020s
 1126718 421878 infeasible   70        77.54627   72.03395  7.11%  38.8 7039s
 1130434 421878   72.58864   85   91   77.54627   72.03531  7.11%  38.8 7040s
 1131485 423306   75.28149  112   81   77.54627   72.03750  7.10%  38.9 7059s
 1134563 423306   72.84966   84   71   77.54627   72.03849  7.10%  38.9 7060s
 1136006 425108   74.00601   88   71   77.54627   72.04101  7.10%  38.9 7081s
 1141794 426664   74.50389  101   65   77.54627   72.04367  7.10%  38.9 7100s
 1145953 428047   72.61240   97  137   77.54627   72.04597  7.09%  38.9 7121s
 1149890 428921   74.55028   87   65   77.54627   72.04905  7.09%  38.9 7145s
 1152919 430334   72.19664   90   77   77.54627   72.04956  7.09%  38.9 7166s
 1157862 432172   77.26489   70   89   77.54627   72.05382  7.08%  38.9 7187s
 1163209 433978   75.03152   87  125   77.54627   72.05710  7.08%  38.9 7207s
 1168999 435105   73.47513  100  122   77.54627   72.05944  7.08%  38.9 7225s
 1173083 436346 infeasible   91        77.54627   72.06291  7.07%  38.9 7244s
 1177531 437137     cutoff   93        77.54627   72.06515  7.07%  38.9 7276s
 1179948 439321     cutoff   82        77.54627   72.06674  7.07%  38.9 7303s
 1187433 440468   74.24597   90  114   77.54627   72.07067  7.06%  38.9 7326s
 1191975 442981     cutoff  110        77.54627   72.07495  7.06%  38.9 7343s
 1198610 443946   73.12668   87  129   77.54627   72.07791  7.05%  38.8 7359s
 1202039 443946   72.60822   82  104   77.54627   72.07936  7.05%  38.9 7360s
 1202522 445262   73.52201  103   48   77.54627   72.08061  7.05%  38.9 7378s
 1206726 445748   73.32210   77  126   77.54627   72.08273  7.05%  38.9 7403s
 1208907 448182   75.67855   83  177   77.54627   72.08306  7.05%  38.9 7435s
 1216740 449748 infeasible   85        77.54627   72.08725  7.04%  38.9 7454s
 1219312 449748   73.34968   76  166   77.54627   72.08919  7.04%  38.9 7455s
 1221722 451153 infeasible   76        77.54627   72.09127  7.03%  38.9 7470s
 1226675 452462   73.20256   73  206   77.54627   72.09463  7.03%  38.9 7489s
 1231338 453234     cutoff   82        77.54627   72.09739  7.03%  38.9 7507s
 1233997 455073     cutoff   95        77.54627   72.09847  7.03%  38.9 7527s
 1238814 456930     cutoff   80        77.54627   72.10182  7.02%  38.9 7544s
 1243859 456930     cutoff   83        77.54627   72.10239  7.02%  38.9 7545s
 1244729 458222     cutoff   86        77.54627   72.10453  7.02%  38.9 7560s
 1248387 459475   72.13544   77  120   77.54627   72.10617  7.02%  38.9 7575s
 1252445 460842   77.32942   93  157   77.54627   72.10822  7.01%  38.9 7590s
 1256474 461522   73.52201  101   35   77.54627   72.11052  7.01%  38.9 7611s
 1259537 462695     cutoff  102        77.54627   72.11145  7.01%  38.9 7630s
 1263804 464131   73.46334   96   77   77.54627   72.11390  7.01%  38.9 7649s
 1265296 464131   72.22655   93   89   77.54627   72.11478  7.00%  38.9 7650s
 1268160 465428   72.99721   90  102   77.54627   72.11668  7.00%  38.9 7666s
 1272252 467463   77.37904  101   45   77.54627   72.11921  7.00%  38.9 7684s
 1273754 467463   72.12749   89   70   77.54627   72.11968  7.00%  38.9 7685s
 1278267 468256     cutoff   73        77.54627   72.12260  6.99%  38.9 7708s
 1280659 469447     cutoff   70        77.54627   72.12293  6.99%  38.9 7725s
 1285298 470807   72.59646  101  138   77.54627   72.12604  6.99%  38.9 7741s
 1289928 472119   75.80396   79  151   77.54627   72.12805  6.99%  38.9 7759s
 1294144 473152   75.52081   89  155   77.54627   72.12891  6.99%  38.9 7776s
 1298153 475189   72.85916   93   47   77.54627   72.13255  6.98%  38.9 7793s
 1303893 475700   72.64901   81  118   77.54627   72.13511  6.98%  38.9 7817s
 1305361 477111   73.23697   86   85   77.54627   72.13533  6.98%  38.9 7834s
 1309544 478503   73.77791   93   80   77.54627   72.13884  6.97%  38.9 7853s
 1313947 479713   72.75388   96   94   77.54627   72.14071  6.97%  38.9 7874s
 1318358 481123     cutoff   83        77.54627   72.14390  6.97%  38.9 7893s
 1323008 482358   76.79458   92  197   77.54627   72.14514  6.97%  38.9 7912s
 1327470 484499   73.21980  112  117   77.54627   72.14896  6.96%  38.9 7934s
 1333173 485064   76.44168  107  210   77.54627   72.15007  6.96%  38.9 7963s
 1334841 486268   74.93215   80  136   77.54627   72.15191  6.96%  38.9 7982s
 1339132 487744     cutoff  106        77.54627   72.15438  6.95%  38.9 8003s
 1343775 489246   76.28023  115   88   77.54627   72.15662  6.95%  38.9 8025s
 1348849 490839   75.22005   89  169   77.54627   72.16008  6.95%  38.9 8044s
 1349145 490839   73.67780   79  148   77.54627   72.16022  6.95%  38.9 8045s
 1354733 492067   72.73245  100  140   77.54627   72.16271  6.94%  38.9 8061s
 1359090 492600     cutoff   71        77.54627   72.16440  6.94%  38.9 8085s
 1361092 494568     cutoff   83        77.54627   72.16504  6.94%  38.9 8119s
 1369102 496149     cutoff   91        77.54627   72.16911  6.93%  38.9 8143s
 1374207 497802   75.68198   92  135   77.54627   72.17327  6.93%  38.9 8166s
 1379675 499909   72.68805   85  177   77.54627   72.17612  6.93%  39.0 8189s
 1380280 499909     cutoff   78        77.54627   72.17642  6.92%  39.0 8190s
 1385903 500560   76.56375  109   83   77.54627   72.17718  6.92%  38.9 8216s
 1388042 501900   75.94821   89  120   77.54627   72.17986  6.92%  39.0 8235s
 1391882 503406   73.18319   79  144   77.54627   72.18262  6.92%  39.0 8251s
 1396581 504758   73.22570   98   37   77.54627   72.18507  6.91%  39.0 8267s
 1401198 504818   72.47885   85  128   77.54627   72.18748  6.91%  39.0 8348s
 1401545 506393   72.47885   86  128   77.54627   72.18783  6.91%  39.0 8367s
 1406809 508231     cutoff   80        77.54627   72.19057  6.91%  39.0 8388s
 1412602 509302     cutoff   95        77.54627   72.19359  6.90%  39.0 8407s
 1417337 509981   73.33879   89   97   77.54627   72.19540  6.90%  39.0 8448s
 1419899 512386   72.76959   78  203   77.54627   72.19608  6.90%  39.0 8476s
 1428243 514228     cutoff   86        77.54627   72.20097  6.89%  39.0 8496s
 1434657 515414   72.55061   69  164   77.54627   72.20457  6.89%  39.0 8516s
 1439482 517015     cutoff  108        77.54627   72.20615  6.89%  39.0 8538s
 1444523 519044     cutoff  102        77.54627   72.20966  6.88%  39.0 8556s
 1450480 519792   74.62185  105  162   77.54627   72.21228  6.88%  39.0 8583s
 1453498 521636 infeasible  126        77.54627   72.21361  6.88%  39.0 8610s
 1460672 522921   75.22490  105   73   77.54627   72.21703  6.87%  39.0 8632s
 1465796 524841     cutoff   92        77.54627   72.21911  6.87%  39.0 8652s
 1471110 526575   74.45396   75  189   77.54627   72.22310  6.86%  39.0 8673s
 1477269 527372   72.70313   74  137   77.54627   72.22525  6.86%  39.0 8695s
 1480174 528546   75.55899   75  231   77.54627   72.22628  6.86%  39.0 8715s
 1484503 529618     cutoff   84        77.54627   72.22881  6.86%  39.0 8733s
 1489145 531253   75.87987  115   57   77.54627   72.23168  6.85%  39.0 8753s
 1494369 532369     cutoff   88        77.54627   72.23379  6.85%  39.0 8777s
H1495666 532369                      77.5462693   72.23379  6.85%  39.0 8778s
 1497754 533477   72.94477   94  122   77.54627   72.23379  6.85%  39.0 8808s
 1501812 534759   72.94477   95  123   77.54627   72.23410  6.85%  39.0 8827s
 1506674 537056   74.09314  100  129   77.54627   72.23967  6.84%  39.0 8849s
 1508595 537056   72.31392   76  131   77.54627   72.24013  6.84%  39.0 8850s
 1513985 538455   72.56867   84  215   77.54627   72.24267  6.84%  39.0 8871s
 1518432 539034     cutoff  108        77.54627   72.24534  6.84%  39.0 8904s
H1519324 539034                      77.5462689   72.24607  6.83%  39.0 8906s
 1520790 540482   73.19733   94  134   77.54627   72.24635  6.83%  39.0 8930s
 1525543 542274   75.00162  107  136   77.54627   72.24798  6.83%  39.0 8951s
 1530718 544612 infeasible   78        77.54627   72.25124  6.83%  39.0 8976s
 1537998 545570     cutoff   90        77.54627   72.25367  6.83%  39.0 8998s
 1542285 546782   73.11280   91  136   77.54627   72.25570  6.82%  39.0 9014s
 1543518 546782   75.57312   87   89   77.54627   72.25714  6.82%  39.0 9015s
 1546608 548006   73.22621   98  160   77.54627   72.25878  6.82%  39.0 9032s
 1551248 548854   73.04487   89  117   77.54627   72.26114  6.82%  39.0 9052s
H1552708 548854                      77.5462685   72.26172  6.81%  39.0 9053s
 1554228 550338     cutoff  114        77.54627   72.26227  6.81%  39.0 9074s
 1559361 552276   75.64782   88  125   77.54627   72.26521  6.81%  39.0 9094s
 1566101 553362     cutoff   99        77.54627   72.26643  6.81%  39.0 9110s
 1569821 554676   72.73194   77   98   77.54627   72.26869  6.81%  39.0 9126s
 1573972 556083   73.24103   83   96   77.54627   72.27118  6.80%  39.0 9141s
 1578439 556939   73.63566   75  191   77.54627   72.27446  6.80%  39.0 9163s
 1581207 559324   73.03834  100  141   77.54627   72.27547  6.80%  39.0 9188s
 1588604 561842   72.40516   71  195   77.54627   72.27815  6.79%  39.0 9211s
 1595495 562420 infeasible   90        77.54627   72.27996  6.79%  39.0 9234s
 1596255 562420   73.27403   84  170   77.54627   72.27996  6.79%  39.0 9235s
H1597466 562420                      77.5462679   72.27996  6.79%  39.0 9236s
 1597612 563760   73.77937   86  140   77.54627   72.28109  6.79%  39.0 9253s
 1602058 564915   72.40770   91  189   77.54627   72.28403  6.79%  39.0 9292s
 1605806 566493   74.38175  105   59   77.54627   72.28573  6.78%  39.1 9313s
 1611009 567984     cutoff   88        77.54627   72.28939  6.78%  39.1 9338s
 1615705 569422     cutoff   95        77.54627   72.29186  6.78%  39.1 9357s
 1620722 570739     cutoff  107        77.54627   72.29434  6.77%  39.1 9383s
 1624665 571856   76.93261  110   96   77.54627   72.29503  6.77%  39.0 9408s
 1629386 573206 infeasible   79        77.54627   72.29767  6.77%  39.0 9429s
 1629669 573206     cutoff  100        77.54627   72.29801  6.77%  39.0 9430s
 1634392 575255   72.71589   75   98   77.54627   72.30062  6.76%  39.1 9452s
 1641167 576171     cutoff   96        77.54627   72.30319  6.76%  39.0 9471s
 1644537 577500   72.70219   81  111   77.54627   72.30458  6.76%  39.0 9507s
 1648874 578990   73.23659   85   38   77.54627   72.30643  6.76%  39.0 9535s
 1655520 580845   72.47095   74  156   77.54627   72.30973  6.75%  39.1 9561s
 1661627 581027   73.37960   88  126   77.54627   72.31263  6.75%  39.1 9698s
 1662379 582327   76.25765   92  124   77.54627   72.31311  6.75%  39.1 9732s
 1667298 583902   75.21181   90  103   77.54627   72.31454  6.75%  39.1 9760s
 1673572 585231   72.74569   83  203   77.54627   72.31858  6.74%  39.1 9780s
 1678546 585895   73.88138   98  129   77.54627   72.32097  6.74%  39.1 9876s
 1681079 587444   74.04038   86  150   77.54627   72.32103  6.74%  39.1 9899s
 1683157 587444   73.50401   83  166   77.54627   72.32188  6.74%  39.1 9900s
 1687140 588714   74.16464   80  133   77.54627   72.32501  6.73%  39.1 9926s
 1691199 590181   76.03885  108  123   77.54627   72.32624  6.73%  39.1 9951s
 1696911 591832   73.46861   87   79   77.54627   72.32948  6.73%  39.1 9976s
 1702751 593174   73.03866   83  141   77.54627   72.33316  6.72%  39.1 9996s
 1707144 594257   73.59713   87  125   77.54627   72.33466  6.72%  39.1 10027s
 1710498 595798   72.64035   86  108   77.54627   72.33538  6.72%  39.1 10052s
 1716436 597132   75.13495   87  119   77.54627   72.33882  6.72%  39.1 10077s
 1722182 598859   75.61937   79  209   77.54627   72.34169  6.71%  39.1 10101s
 1727913 600618   74.46820   82   96   77.54627   72.34456  6.71%  39.1 10128s
 1733252 601789   72.79903   97  102   77.54627   72.34760  6.70%  39.1 10154s
 1736690 603489 infeasible  103        77.54627   72.34796  6.70%  39.1 10183s
 1743790 605270   73.36336  100   97   77.54627   72.35101  6.70%  39.1 10208s
 1749205 607520   73.51562   85  125   77.54627   72.35379  6.70%  39.1 10229s
 1752330 607520     cutoff   93        77.54627   72.35426  6.70%  39.1 10230s
 1755933 608739   75.49362   92  168   77.54627   72.35713  6.69%  39.1 10249s
 1759871 608739   73.57162   75  118   77.54627   72.35786  6.69%  39.1 10250s
 1760541 609386   75.13152   79  172   77.54627   72.35853  6.69%  39.1 10272s
 1763439 610638   73.01487   84  155   77.54627   72.35929  6.69%  39.1 10291s
 1767785 612448   73.49813  101  130   77.54627   72.36088  6.69%  39.1 10310s
 1773895 613492   73.96008   87  123   77.54627   72.36448  6.68%  39.1 10326s
 1778635 614604     cutoff   87        77.54627   72.36616  6.68%  39.1 10342s
 1782946 615799   73.91880   99  122   77.54627   72.36803  6.68%  39.1 10359s
 1787935 617092   75.83044  108   94   77.54627   72.36995  6.68%  39.1 10377s
 1792128 618522   73.53711   97  191   77.54627   72.37175  6.67%  39.1 10393s
 1797183 619937   73.39895   93  120   77.54627   72.37416  6.67%  39.1 10409s
 1799781 619937   75.46448   77  173   77.54627   72.37494  6.67%  39.1 10410s
 1802023 620010   75.26812  102  122   77.54627   72.37494  6.67%  39.1 10555s
 1802204 620768   75.26812  103  122   77.54627   72.37533  6.67%  39.1 10579s
 1806022 622296     cutoff   90        77.54627   72.37714  6.67%  39.1 10602s
 1811941 623299     cutoff   79        77.54627   72.37991  6.66%  39.1 10625s
 1815879 625133   74.14113   97  116   77.54627   72.38256  6.66%  39.1 10650s
 1821940 626549   73.39289   99  148   77.54627   72.38538  6.66%  39.1 10675s
 1827450 627555   75.68205   75  203   77.54627   72.38898  6.65%  39.1 10699s
 1831992 628485   76.89193   85  127   77.54627   72.39136  6.65%  39.1 10725s
 1835456 629759   74.62303  119   71   77.54627   72.39196  6.65%  39.1 10749s
 1841254 630929   72.66180   74  171   77.54627   72.39579  6.64%  39.1 10775s
 1845986 632107   75.64813  125  125   77.54627   72.39656  6.64%  39.1 10799s
 1851398 632986     cutoff   89        77.54627   72.40068  6.64%  39.1 10824s
 1854809 634339   73.24836   81  144   77.54627   72.40154  6.63%  39.1 10853s
 1860336 635489   72.94219  106  113   77.54627   72.40514  6.63%  39.1 10875s
 1864804 636721   76.16339   93  122   77.54627   72.40769  6.63%  39.1 10897s
 1869856 638083 infeasible   84        77.54627   72.40979  6.62%  39.2 10920s
 1875038 638958   75.81501   98   88   77.54627   72.41189  6.62%  39.2 10940s
 1878456 640238   75.50628   90  127   77.54627   72.41255  6.62%  39.2 10962s
 1883146 641313     cutoff   88        77.54627   72.41588  6.62%  39.2 10982s
 1888508 642955   72.96046   99  153   77.54627   72.41842  6.61%  39.2 11005s
 1893912 644310   74.29480  100  196   77.54627   72.42130  6.61%  39.2 11025s
 1898584 645233   73.72109   86  139   77.54627   72.42318  6.61%  39.2 11073s
 1901490 646836     cutoff   76        77.54627   72.42400  6.61%  39.2 11096s
 1907916 648520   75.96234  102  126   77.54627   72.42769  6.60%  39.2 11116s
 1914123 649653   74.12633   90  163   77.54627   72.43027  6.60%  39.2 11132s
 1919774 650682   73.67305   80  150   77.54627   72.43226  6.59%  39.2 11147s
 1924924 651781   76.88246   87  117   77.54627   72.43429  6.59%  39.2 11166s
 1929433 652880     cutoff  105        77.54627   72.43742  6.59%  39.3 11187s
H1931762 652880                      77.5462679   72.43806  6.59%  39.3 11190s
 1933268 654222   73.11839   89  134   77.54627   72.43823  6.59%  39.3 11212s
 1938539 655355   73.81627  112  124   77.54627   72.44058  6.58%  39.3 11233s
 1944150 656709   72.71587   84  187   77.54627   72.44407  6.58%  39.3 11255s
 1949444 657618   73.96462   99  128   77.54627   72.44669  6.58%  39.3 11285s
 1953005 659457   74.38931  107  132   77.54627   72.44779  6.57%  39.3 11310s
 1958701 660789   73.76506   83  195   77.54627   72.45097  6.57%  39.3 11333s
 1963596 662008   75.62381   96  125   77.54627   72.45345  6.57%  39.3 11352s
 1968174 662895   75.11209   80  134   77.54627   72.45532  6.57%  39.3 11375s
 1972013 664340     cutoff   78        77.54627   72.45660  6.56%  39.3 11399s
 1977742 665777   72.52383   72  155   77.54627   72.45855  6.56%  39.3 11419s
 1980786 665777     cutoff  100        77.54627   72.46018  6.56%  39.3 11420s
 1983158 667368   74.05804   85  103   77.54627   72.46210  6.56%  39.3 11444s
 1985774 667368   73.68671   97  156   77.54627   72.46278  6.56%  39.3 11445s
 1988349 668453     cutoff  105        77.54627   72.46455  6.55%  39.3 11479s
 1991788 670265   72.88519   82  136   77.54627   72.46583  6.55%  39.3 11505s
 1998436 671575   72.50735   71  152   77.54627   72.46859  6.55%  39.3 11533s
 2004152 672780   73.68223   72  158   77.54627   72.47186  6.54%  39.3 11567s
 2008764 674335   75.05650  114   78   77.54627   72.47465  6.54%  39.4 11596s
 2015156 675723     cutoff   90        77.54627   72.47665  6.54%  39.4 11622s
 2020722 676791     cutoff   92        77.54627   72.47973  6.53%  39.4 11646s
 2025552 677038 infeasible   77        77.54627   72.48044  6.53%  39.4 11691s
 2026360 678357   75.35792   86   86   77.54627   72.48156  6.53%  39.4 11723s
 2031242 680258   72.93914   97   91   77.54627   72.48324  6.53%  39.4 11748s
 2037909 682075   73.32430   73  132   77.54627   72.48752  6.52%  39.4 11771s
 2044006 683282   75.12654   93  176   77.54627   72.48992  6.52%  39.4 11794s
 2049481 684510   75.01328   75  158   77.54627   72.49222  6.52%  39.4 11815s
 2054506 685057     cutoff   90        77.54627   72.49423  6.51%  39.4 11836s
 2057433 687003   75.94390  101  106   77.54627   72.49535  6.51%  39.4 11865s
 2065251 688210   72.96389   92   39   77.54627   72.49978  6.51%  39.4 11885s
 2069822 689078   76.60488   86  170   77.54627   72.50131  6.51%  39.4 11906s
 2073859 690247     cutoff   94        77.54627   72.50161  6.51%  39.4 11923s
 2078878 691194     cutoff   79        77.54627   72.50613  6.50%  39.4 11942s
 2084585 692509 infeasible   77        77.54627   72.50820  6.50%  39.4 11956s
 2089569 693644     cutoff  104        77.54627   72.51068  6.49%  39.4 11968s
 2094450 694258   75.30380   79  121   77.54627   72.51328  6.49%  39.4 11992s
 2097424 695567   74.59252   77  211   77.54627   72.51404  6.49%  39.4 12013s
 2102270 696734     cutoff   80        77.54627   72.51809  6.48%  39.5 12037s
 2107358 697896   73.58637   97  123   77.54627   72.52012  6.48%  39.5 12060s
 2112007 698965     cutoff   87        77.54627   72.52201  6.48%  39.5 12082s
 2117193 699380     cutoff  121        77.54627   72.52490  6.48%  39.5 12111s
 2119760 701675   76.37313   87   97   77.54627   72.52621  6.47%  39.5 12144s
 2128757 702821   75.53405   93  137   77.54627   72.53001  6.47%  39.5 12168s
 2134141 704054     cutoff   92        77.54627   72.53346  6.46%  39.5 12196s
 2139780 705099     cutoff  116        77.54627   72.53643  6.46%  39.5 12223s
 2144993 705763     cutoff   86        77.54627   72.53992  6.46%  39.5 12252s
 2148415 706520   72.67155   76  138   77.54627   72.54133  6.45%  39.6 12274s
 2152724 707492     cutoff   92        77.54627   72.54429  6.45%  39.6 12299s
 2157852 707492   77.41182   80  170   77.54627   72.54473  6.45%  39.6 12300s
 2157909 708599     cutoff   87        77.54627   72.54506  6.45%  39.6 12321s
 2162519 709408     cutoff   82        77.54627   72.54978  6.44%  39.6 12348s
 2165988 710678   76.29892   79  161   77.54627   72.55100  6.44%  39.6 12372s
 2171794 711278   74.55172  104   97   77.54627   72.55491  6.44%  39.6 12394s
 2177034 712634   75.29253   90  129   77.54627   72.55703  6.43%  39.6 12413s
 2182630 713394   75.18282  100  152   77.54627   72.55968  6.43%  39.6 12439s
 2185799 715325   72.61362   87  109   77.54627   72.56001  6.43%  39.6 12460s
 2193377 716539   72.99451   78  139   77.54627   72.56445  6.42%  39.6 12485s
 2199017 717558     cutoff  106        77.54627   72.56714  6.42%  39.6 12504s
 2204726 718573   73.59617   77  159   77.54627   72.56994  6.42%  39.6 12523s
 2209669 719394   74.00555   78  136   77.54627   72.57289  6.41%  39.6 12547s
 2212973 720530   72.94090  104   65   77.54627   72.57434  6.41%  39.6 12568s
 2217477 721675   73.88841   86  145   77.54627   72.57782  6.41%  39.6 12589s
 2221090 721675   75.14168   87  134   77.54627   72.57836  6.41%  39.6 12590s
 2222657 722763   72.74653   85  134   77.54627   72.57940  6.41%  39.6 12610s
 2227703 723554 infeasible   95        77.54627   72.58162  6.40%  39.6 12630s
 2232198 724394   73.39816   73  227   77.54627   72.58426  6.40%  39.7 12651s
 2235417 725412   73.40793   77  145   77.54627   72.58563  6.40%  39.7 12673s
 2240664 726640     cutoff   93        77.54627   72.58921  6.39%  39.7 12694s
 2246493 727593   76.06897   88   83   77.54627   72.59238  6.39%  39.7 12712s
 2251117 728360   73.65758   79  179   77.54627   72.59310  6.39%  39.7 12730s
 2255452 728832   73.28291  103   97   77.54627   72.59634  6.38%  39.7 12754s
 2257974 729151   74.37468   80  159   77.54627   72.59677  6.38%  39.7 12803s
 2258938 730730   74.68293   81  154   77.54627   72.59757  6.38%  39.7 12832s
 2265669 731920   74.02570   73   91   77.54627   72.60083  6.38%  39.7 12854s
 2272177 733201   73.00514  106   67   77.54627   72.60315  6.37%  39.7 12878s
 2277718 733872     cutoff   89        77.54627   72.60588  6.37%  39.7 12922s
 2280139 735653   73.18723   81  164   77.54627   72.60715  6.37%  39.7 12963s
 2289314 736816     cutoff  105        77.54627   72.61209  6.36%  39.8 12988s
 2295387 737878     cutoff   78        77.54627   72.61556  6.36%  39.8 13014s
 2301418 738962   77.10380   83  183   77.54627   72.61764  6.36%  39.8 13035s
 2306444 739633   75.09077  101   88   77.54627   72.62165  6.35%  39.8 13062s
 2309924 740176   75.69912   88  139   77.54627   72.62345  6.35%  39.8 13085s
 2313968 741194   76.50331   93  149   77.54627   72.62582  6.35%  39.8 13115s
 2319240 742210     cutoff   91        77.54627   72.62829  6.34%  39.8 13140s
 2324592 743584   73.77155   79  139   77.54627   72.63210  6.34%  39.8 13168s
 2330513 744668   76.51569  102  131   77.54627   72.63504  6.33%  39.8 13199s
 2331308 744668   74.01762   90  142   77.54627   72.63544  6.33%  39.8 13200s
 2334359 746176   72.98380   80  104   77.54627   72.63651  6.33%  39.8 13227s
 2340272 747131     cutoff   81        77.54627   72.63855  6.33%  39.8 13252s
 2344366 748544     cutoff   78        77.54627   72.63967  6.33%  39.8 13275s
 2349534 749155   73.86046   74  132   77.54627   72.64324  6.32%  39.8 13303s
 2352732 750726   76.09037  111  101   77.54627   72.64525  6.32%  39.8 13328s
 2358448 752326     cutoff   78        77.54627   72.64865  6.32%  39.8 13354s
 2364154 753614     cutoff   93        77.54627   72.65134  6.31%  39.9 13378s
 2370008 754244   73.49910   67  263   77.54627   72.65445  6.31%  39.9 13409s
 2373182 755696   73.97401   92   77   77.54627   72.65505  6.31%  39.9 13440s
 2380663 756659     cutoff   96        77.54627   72.65913  6.30%  39.9 13463s
 2385898 757802   75.79714   89  125   77.54627   72.66277  6.30%  39.9 13488s
 2390928 758956     cutoff   89        77.54627   72.66520  6.29%  39.9 13515s
 2396441 759483   73.52094   87  131   77.54627   72.66780  6.29%  39.9 13541s
 2400020 760455   73.00907   98  108   77.54627   72.66991  6.29%  39.9 13560s
 2404760 761170     cutoff  126        77.54627   72.67252  6.28%  39.9 13583s
 2409360 762139   74.92221   80  121   77.54627   72.67442  6.28%  39.9 13604s
 2414094 762855   75.03933  114  114   77.54627   72.67810  6.28%  39.9 13629s
 2415149 762855   75.49747  106  108   77.54627   72.67858  6.28%  39.9 13630s
 2417871 763959   76.47598   90  159   77.54627   72.67915  6.28%  39.9 13655s
 2423559 764754   76.09613   74  151   77.54627   72.68305  6.27%  39.9 13679s
 2428404 765740     cutoff   98        77.54627   72.68537  6.27%  39.9 13702s
 2434202 766520     cutoff   84        77.54627   72.68886  6.26%  39.9 13726s
 2437867 767876   74.95819   83  167   77.54627   72.68989  6.26%  39.9 13748s
 2444613 768955     cutoff  104        77.54627   72.69323  6.26%  39.9 13766s
 2450060 769733   73.50361  106   70   77.54627   72.69631  6.25%  40.0 13790s
 2453513 770660   74.46914  103  129   77.54627   72.69753  6.25%  40.0 13812s
 2458478 771990   73.55652   76  130   77.54627   72.70076  6.25%  40.0 13832s
 2464034 772791 infeasible  111        77.54627   72.70314  6.25%  40.0 13852s
 2468664 773231     cutoff  108        77.54627   72.70499  6.24%  40.0 13869s
 2471369 774152   76.58005   83   96   77.54627   72.70685  6.24%  40.0 13888s
 2477488 775073   74.60193  124   29   77.54627   72.71028  6.24%  40.0 13911s
 2483147 775925   72.72271   79  100   77.54627   72.71322  6.23%  40.0 13932s
 2488824 776849   74.49411   70  123   77.54627   72.71617  6.23%  40.0 13955s
 2494300 777455     cutoff  104        77.54627   72.71938  6.22%  40.0 13976s
 2499244 778090   72.99681   76  188   77.54627   72.72108  6.22%  40.0 13998s
 2502006 779235     cutoff   94        77.54627   72.72247  6.22%  40.0 14024s
 2504048 779235   73.99542   97  132   77.54627   72.72397  6.22%  40.1 14025s
 2507566 780311     cutoff   82        77.54627   72.72696  6.21%  40.1 14055s
 2513404 781071   76.18490   91  113   77.54627   72.72994  6.21%  40.1 14086s
 2518845 781554   75.65448   80  167   77.54627   72.73238  6.21%  40.1 14118s
 2522705 782472     cutoff   72        77.54627   72.73342  6.21%  40.1 14145s
 2528044 783229   74.96460  119   51   77.54627   72.73735  6.20%  40.1 14166s
 2532679 784028   74.16660   77  169   77.54627   72.73983  6.20%  40.1 14194s
 2537928 785135   73.27894   85   39   77.54627   72.74127  6.20%  40.1 14215s
 2543000 785615     cutoff  111        77.54627   72.74324  6.19%  40.1 14235s
 2545619 786350   73.12464   78  154   77.54627   72.74560  6.19%  40.1 14258s
 2549944 786424     cutoff   97        77.54627   72.74791  6.19%  40.1 14353s
 2550979 787193     cutoff   95        77.54627   72.74865  6.19%  40.1 14387s
 2557079 787551   76.40846   88   72   77.54627   72.75257  6.18%  40.1 14418s
 2560347 789199   73.65391   96  128   77.54627   72.75492  6.18%  40.1 14457s
 2568646 790210     cutoff   87        77.54627   72.75928  6.17%  40.2 14485s
 2574274 790904   73.84002   90   80   77.54627   72.76172  6.17%  40.2 14517s
 2577655 791987     cutoff   95        77.54627   72.76277  6.17%  40.2 14547s
 2583415 793391   73.15726   95  150   77.54627   72.76660  6.16%  40.2 14577s
 2589476 794046     cutoff   99        77.54627   72.76956  6.16%  40.2 14617s
 2592742 795559     cutoff  107        77.54627   72.77028  6.16%  40.2 14660s
 2601071 796408   75.87889  103  122   77.54627   72.77527  6.15%  40.2 14694s
 2604648 796408   74.93667   91  159   77.54627   72.77583  6.15%  40.2 14695s
 2605714 797754   75.27889   81  131   77.54627   72.77685  6.15%  40.2 14721s
 2611547 798556     cutoff   87        77.54627   72.77865  6.15%  40.2 14741s
 2615679 799799   73.57919   93  174   77.54627   72.78308  6.14%  40.2 14769s
 2621077 799799   74.42420   89  201   77.54627   72.78350  6.14%  40.2 14770s
 2622079 800418   76.22048  107   56   77.54627   72.78586  6.14%  40.2 14797s
 2625602 801764   75.21069   86  149   77.54627   72.78641  6.14%  40.2 14824s
 2626201 801764   76.49103   92  133   77.54627   72.78721  6.14%  40.2 14825s
 2632360 802704   75.47793   87  165   77.54627   72.78999  6.13%  40.2 14852s
 2637926 803315   73.77202   78  101   77.54627   72.79466  6.13%  40.2 14883s
 2642445 803336   75.67735   90  133   77.54627   72.79627  6.13%  40.2 15036s
 2642625 804227   76.66428   91  170   77.54627   72.79639  6.13%  40.2 15061s
 2648591 804727   73.42624   77  121   77.54627   72.79869  6.12%  40.2 15093s
 2652569 805569     cutoff  102        77.54627   72.80103  6.12%  40.2 15116s
 2657399 806196     cutoff   75        77.54627   72.80488  6.11%  40.2 15147s
 2661350 807332   74.10535   84  120   77.54627   72.80681  6.11%  40.2 15179s
 2667748 808119   73.41137  104  113   77.54627   72.80908  6.11%  40.2 15210s
 2672176 809345     cutoff   90        77.54627   72.81175  6.11%  40.2 15238s
 2678796 809927   73.35718   78  176   77.54627   72.81365  6.10%  40.3 15267s
 2684067 810399   76.18217   80  219   77.54627   72.81717  6.10%  40.3 15293s
 2686950 811580     cutoff  102        77.54627   72.81835  6.10%  40.3 15328s
 2694605 812576     cutoff   79        77.54627   72.82323  6.09%  40.3 15354s
 2700808 813483     cutoff   87        77.54627   72.82590  6.09%  40.3 15380s
 2706390 813948   76.87604   96  150   77.54627   72.82814  6.08%  40.3 15406s
 2710636 814606   73.66659   78  110   77.54627   72.83130  6.08%  40.3 15434s
 2716152 815081   74.23916   79   73   77.54627   72.83558  6.07%  40.3 15469s
H2720685 815081                      77.5462672   72.83831  6.07%  40.3 15474s
 2720686 816308   74.43331   77  188   77.54627   72.83835  6.07%  40.3 15505s
 2727478 817067   73.89808   83  193   77.54627   72.84207  6.07%  40.3 15532s
 2731793 817851   73.29459   99   99   77.54627   72.84333  6.06%  40.3 15557s
 2737508 818794 infeasible   79        77.54627   72.84761  6.06%  40.3 15587s
 2742554 819512   74.29493  107  100   77.54627   72.84822  6.06%  40.3 15606s
 2747620 819903   75.77729  117   88   77.54627   72.85047  6.06%  40.3 15629s
 2749827 820918   73.93705  103   90   77.54627   72.85150  6.05%  40.3 15660s
 2756705 821697   77.48456  107   28   77.54627   72.85643  6.05%  40.3 15684s
 2761782 821697   75.03132  101  134   77.54627   72.85747  6.05%  40.3 15685s
 2762474 822583   76.93590   83  162   77.54627   72.85855  6.05%  40.3 15708s
 2767232 822983   73.90936   85   92   77.54627   72.86173  6.04%  40.4 15730s
 2770055 823782     cutoff   95        77.54627   72.86333  6.04%  40.4 15758s
 2775422 824828   73.30008   92  116   77.54627   72.86656  6.03%  40.4 15789s
 2779315 824828     cutoff   89        77.54627   72.86826  6.03%  40.4 15790s
 2780907 825723   73.84156  110   85   77.54627   72.87053  6.03%  40.4 15813s
 2785988 826299   77.49439   84  149   77.54627   72.87173  6.03%  40.4 15840s
 2789730 827035   76.00930   82  154   77.54627   72.87342  6.03%  40.4 15864s
 2794426 827631     cutoff   82        77.54627   72.87775  6.02%  40.4 15892s
 2800252 828254   74.15039   80  131   77.54627   72.87993  6.02%  40.4 15922s
 2803920 828914   74.05596   98  133   77.54627   72.87993  6.02%  40.4 15946s
 2808788 829557   75.57416   83  183   77.54627   72.88388  6.01%  40.4 15971s
 2813313 829510   73.12927   95  121   77.54627   72.88628  6.01%  40.4 16019s
 2813444 833146   73.12927   96  123   77.54627   72.88674  6.01%  40.4 16221s
 2843940 833448     cutoff  104        77.54627   72.89540  6.00%  40.5 16257s
 2847636 834582     cutoff  106        77.54627   72.89622  6.00%  40.5 16296s
 2855273 835086   76.52364  104  131   77.54627   72.89993  5.99%  40.5 16332s
 2860408 835623   74.97652   89   21   77.54627   72.90211  5.99%  40.5 16364s
 2866111 836224     cutoff  109        77.54627   72.90598  5.98%  40.5 16407s
 2870660 836561   74.43934   84  163   77.54627   72.90721  5.98%  40.5 16437s
 2876350 837055   74.12477   82  189   77.54627   72.91224  5.98%  40.5 16465s
 2881439 837529   73.98302  106   97   77.54627   72.91513  5.97%  40.6 16488s
 2886330 837752   74.10683   88  182   77.54627   72.91810  5.97%  40.6 16523s
 2890524 838208   75.77412   99  120   77.54627   72.91942  5.97%  40.6 16546s
 2895329 838648     cutoff   97        77.54627   72.92353  5.96%  40.6 16568s
 2901020 839132     cutoff   89        77.54627   72.92524  5.96%  40.6 16590s
 2905739 839345   73.32810   82  109   77.54627   72.92766  5.96%  40.6 16611s
 2908472 839973   75.18006   83  109   77.54627   72.93091  5.95%  40.6 16640s
 2915376 840414   73.68255  100  179   77.54627   72.93281  5.95%  40.6 16662s
 2919945 840898   77.15921   77  139   77.54627   72.93640  5.94%  40.6 16684s
 2923434 840898     cutoff   95        77.54627   72.93855  5.94%  40.6 16685s
 2924895 840853     cutoff  105        77.54627   72.94085  5.94%  40.6 16712s
 2928472 841353   73.11725   78  183   77.54627   72.94307  5.94%  40.6 16736s
 2934516 841768     cutoff  102        77.54627   72.94639  5.93%  40.6 16762s
 2939281 842022     cutoff   95        77.54627   72.94931  5.93%  40.6 16793s
 2944256 842207   76.85084   74  196   77.54627   72.95088  5.93%  40.6 16814s
 2948247 842505   74.64068   72  186   77.54627   72.95366  5.92%  40.7 16835s
 2952718 842531   73.88983   77  146   77.54627   72.95813  5.92%  40.7 16863s
 2958677 843085   74.58726  108  110   77.54627   72.96146  5.91%  40.7 16887s
 2962108 843333     cutoff  101        77.54627   72.96376  5.91%  40.7 16919s
 2964045 843333     cutoff  112        77.54627   72.96452  5.91%  40.7 16920s
 2967916 843641 infeasible   79        77.54627   72.96734  5.90%  40.7 16944s
 2973195 843908     cutoff   77        77.54627   72.97149  5.90%  40.7 16966s
 2978176 843985   74.81270   68  188   77.54627   72.97456  5.90%  40.7 17008s
 2981812 844346   73.95523   79  177   77.54627   72.97524  5.89%  40.7 17034s
 2987070 844536   73.80843   83  221   77.54627   72.97826  5.89%  40.7 17062s
 2992282 844750     cutoff   99        77.54627   72.98284  5.88%  40.7 17100s
 2994339 845242   75.17197  104  112   77.54627   72.98355  5.88%  40.7 17138s
 2998859 845570   74.61545   83  184   77.54627   72.98645  5.88%  40.7 17174s
 3005492 845507     cutoff  108        77.54627   72.99112  5.87%  40.7 17198s
 3010620 845647   75.33071   92  132   77.54627   72.99520  5.87%  40.7 17248s
 3014437 846084   77.18535   96   75   77.54627   72.99630  5.87%  40.7 17279s
 3017278 846084 infeasible   81        77.54627   72.99722  5.87%  40.7 17280s
 3020023 846646   76.08858   79  186   77.54627   72.99991  5.86%  40.7 17309s
 3025863 847129   75.25265   92  166   77.54627   73.00323  5.86%  40.8 17337s
 3031092 847470   73.52876  101  109   77.54627   73.00716  5.85%  40.8 17364s
 3031722 847470     cutoff   83        77.54627   73.00751  5.85%  40.8 17365s
 3035149 847943   74.78566  108   98   77.54627   73.00961  5.85%  40.8 17388s
 3040401 848346     cutoff   94        77.54627   73.01319  5.85%  40.8 17412s
 3045425 848547     cutoff   75        77.54627   73.01629  5.84%  40.8 17438s
 3050376 848521   75.76369   75  181   77.54627   73.01968  5.84%  40.8 17466s
 3054177 848786   75.62200  110  143   77.54627   73.02085  5.84%  40.8 17488s
 3058814 849051     cutoff  102        77.54627   73.02566  5.83%  40.8 17517s
 3064868 849342   75.80846   81  100   77.54627   73.02816  5.83%  40.8 17540s
 3069189 849396   73.55257  100   79   77.54627   73.02936  5.82%  40.8 17576s
 3072355 849948     cutoff   97        77.54627   73.03201  5.82%  40.8 17602s
 3077783 850512   75.14665   95  108   77.54627   73.03711  5.81%  40.8 17632s
 3084008 850979 infeasible   94        77.54627   73.04040  5.81%  40.8 17661s
 3089495 851154     cutoff   99        77.54627   73.04145  5.81%  40.8 17684s
 3089925 851154     cutoff   79        77.54627   73.04179  5.81%  40.8 17685s
 3093258 851457   73.89341   90   99   77.54627   73.04338  5.81%  40.8 17704s
 3097344 851987   77.38165  107  117   77.54627   73.04872  5.80%  40.8 17731s
 3102570 852057   73.50905   80  126   77.54627   73.05182  5.80%  40.8 17759s
 3104696 852057     cutoff   76        77.54627   73.05276  5.79%  40.8 17760s
 3106779 852291     cutoff   94        77.54627   73.05317  5.79%  40.8 17787s
 3111825 852687   75.33926   88  154   77.54627   73.05361  5.79%  40.8 17805s
 3115947 852855   75.95329   99  208   77.54627   73.05809  5.79%  40.8 17823s
 3119497 853122     cutoff   99        77.54627   73.06288  5.78%  40.8 17855s
 3123847 853045     cutoff   79        77.54627   73.06466  5.78%  40.8 17883s
 3129935 853009 infeasible  103        77.54627   73.06704  5.78%  40.8 17910s
 3135344 852570     cutoff  100        77.54627   73.07260  5.77%  40.8 17934s
 3139073 852570   76.70314   91  149   77.54627   73.07366  5.77%  40.9 17935s
 3140011 852109     cutoff   88        77.54627   73.07469  5.77%  40.9 17958s
 3142977 852061     cutoff  110        77.54627   73.07709  5.76%  40.9 17983s
 3147930 851704 infeasible   87        77.54627   73.08247  5.76%  40.9 18011s
 3153242 851425   76.36496   98  122   77.54627   73.08740  5.75%  40.9 18041s
 3158700 851249   76.48886   81  110   77.54627   73.09147  5.74%  40.9 18070s
 3161663 851160     cutoff   86        77.54627   73.09417  5.74%  40.9 18134s
 3163654 851018   73.84137  101  132   77.54627   73.09461  5.74%  40.9 18165s
 3170338 850984   73.85720   74  113   77.54627   73.09807  5.74%  40.9 18191s
 3172934 850874     cutoff  106        77.54627   73.09847  5.74%  40.9 18216s
 3178435 851002   73.67970   75  167   77.54627   73.10646  5.73%  40.9 18243s
 3184310 850791   74.95010   83  128   77.54627   73.11114  5.72%  40.9 18273s
 3190358 850651   75.70209   88  156   77.54627   73.11442  5.72%  40.9 18302s
 3193441 850837     cutoff  117        77.54627   73.11656  5.71%  40.9 18325s
 3197951 850605   74.51738   88  142   77.54627   73.12100  5.71%  40.9 18355s
 3203768 850434   75.76309   89   68   77.54627   73.12489  5.70%  40.9 18382s
 3209035 850666   74.03566  105  125   77.54627   73.12967  5.70%  40.9 18410s
 3212822 850668   75.22838   99  151   77.54627   73.13106  5.69%  40.9 18432s
 3217167 850816   76.03668   85  163   77.54627   73.13575  5.69%  40.9 18457s
 3222344 850996   76.42193   87  172   77.54627   73.13969  5.68%  40.9 18482s
 3227394 850796   75.25499   78  186   77.54627   73.14164  5.68%  40.9 18505s
 3231496 850797     cutoff   96        77.54627   73.14636  5.67%  40.9 18532s
 3235535 850756   73.90285   78  161   77.54627   73.14859  5.67%  40.9 18562s
 3240951 850732 infeasible   84        77.54627   73.15287  5.67%  40.9 18589s
 3246532 850704   76.44745   81   88   77.54627   73.15700  5.66%  41.0 18616s
 3252266 850378   74.22725   73  201   77.54627   73.16114  5.65%  41.0 18644s
 3256102 850231   74.89382   85  141   77.54627   73.16510  5.65%  41.0 18669s
 3261426 850183   73.66681   90   70   77.54627   73.16601  5.65%  41.0 18689s
 3264078 850183   74.25879   89   95   77.54627   73.16830  5.65%  41.0 18690s
 3265127 849790   73.72922   84  157   77.54627   73.17117  5.64%  41.0 18712s
 3270273 849736   74.21434   74  159   77.54627   73.17530  5.64%  41.0 18739s
 3272146 849736     cutoff  106        77.54627   73.17530  5.64%  41.0 18740s
 3273952 849519   74.07327   94   92   77.54627   73.17643  5.64%  41.0 18760s
 3278005 849619     cutoff   77        77.54627   73.18124  5.63%  41.0 18789s
 3281138 849619     cutoff   97        77.54627   73.18224  5.63%  41.0 18790s
 3283448 849596   75.19101   84  165   77.54627   73.18510  5.62%  41.0 18818s
 3289020 849288   74.77696   79  217   77.54627   73.18939  5.62%  41.0 18841s
 3292072 849463   74.77296   92  173   77.54627   73.19065  5.62%  41.0 18880s
 3298900 849325   74.72256  105  105   77.54627   73.19572  5.61%  41.0 18908s
 3304550 849201     cutoff   95        77.54627   73.20113  5.60%  41.0 18934s
 3306260 849201     cutoff   99        77.54627   73.20204  5.60%  41.0 18935s
 3308541 848876     cutoff   92        77.54627   73.20431  5.60%  41.0 18963s
 3313303 848876     cutoff   95        77.54627   73.20542  5.60%  41.0 18965s
 3315087 848904   76.77291   81  124   77.54627   73.20915  5.59%  41.0 18987s
 3320750 848635   74.92664   86  143   77.54627   73.21186  5.59%  41.0 19010s
 3325410 848481   76.69742   89  131   77.54627   73.21615  5.58%  41.0 19042s
 3328680 848144   76.29204  102  158   77.54627   73.21702  5.58%  41.0 19064s
 3333438 848035   77.24721  101   97   77.54627   73.22347  5.57%  41.0 19089s
 3338944 847783   76.32208  108  164   77.54627   73.22729  5.57%  41.0 19109s
 3339947 847783   73.25881   77  177   77.54627   73.22754  5.57%  41.0 19110s
 3344370 847771 infeasible  106        77.54627   73.23200  5.56%  41.0 19138s
 3348129 847448     cutoff   97        77.54627   73.23424  5.56%  41.0 19165s
 3354129 847174   74.66939   82  105   77.54627   73.23914  5.55%  41.0 19190s
 3359699 847205     cutoff   84        77.54627   73.24374  5.55%  41.0 19215s
 3364797 847034     cutoff   75        77.54627   73.24576  5.55%  41.0 19233s
 3367250 846878   75.31289   76  130   77.54627   73.24866  5.54%  41.0 19251s
 3371151 846634     cutoff   83        77.54627   73.25139  5.54%  41.0 19268s
 3376157 846827   75.22409   81   91   77.54627   73.25724  5.53%  41.0 19292s
 3381521 846790   74.30413   77  158   77.54627   73.25835  5.53%  41.0 19313s
 3385730 846676   77.27258  112   99   77.54627   73.26190  5.52%  41.0 19334s
 3388508 846278 infeasible  100        77.54627   73.26352  5.52%  41.0 19351s
 3393005 845618   73.82758   81  122   77.54627   73.26966  5.51%  41.0 19374s
 3398660 845469   73.80619   72  247   77.54627   73.27384  5.51%  41.0 19396s
 3403300 845170   76.64189   90   54   77.54627   73.27833  5.50%  41.0 19421s
 3407698 844944   74.52080   98   93   77.54627   73.27942  5.50%  41.0 19441s
 3412137 844731   75.29995  104  153   77.54627   73.28418  5.50%  41.0 19462s
 3418592 844961   77.05310   86  146   77.54627   73.28988  5.49%  41.0 19486s
 3424627 844793   75.59296   90  138   77.54627   73.29334  5.48%  41.0 19510s
 3428659 844747   76.12847  113   92   77.54627   73.29655  5.48%  41.0 19536s
 3434306 844584   75.30194   76  160   77.54627   73.29867  5.48%  41.0 19556s
 3438799 844478   76.46552   92  136   77.54627   73.30381  5.47%  41.0 19590s
 3439410 844393   76.50504   93  133   77.54627   73.30413  5.47%  41.0 19621s
 3444191 844321   76.80798   96   89   77.54627   73.30751  5.47%  41.0 19653s
 3451057 843708     cutoff  106        77.54627   73.31221  5.46%  41.0 19678s
 3456668 843661   76.71200   96   41   77.54627   73.31805  5.45%  41.0 19703s
 3460738 843743   73.80409   97  149   77.54627   73.31947  5.45%  41.0 19726s
 3465902 843720   74.44112  100  153   77.54627   73.32426  5.44%  41.0 19749s
 3470668 843581     cutoff   91        77.54627   73.32752  5.44%  41.0 19772s
 3475895 843521     cutoff   96        77.54627   73.33186  5.43%  41.0 19795s
 3479048 843599     cutoff  109        77.54627   73.33293  5.43%  41.0 19818s
 3483578 843380   76.67177  106  125   77.54627   73.33557  5.43%  41.0 19840s
 3487825 843175     cutoff  109        77.54627   73.33865  5.43%  41.0 19858s
 3491487 843219   75.24277   90  207   77.54627   73.34093  5.42%  41.0 19875s
 3495302 843216     cutoff   99        77.54627   73.34780  5.41%  41.0 19900s
 3500957 842932   74.69460   79  135   77.54627   73.35170  5.41%  41.0 19924s
 3504494 842475   74.66835   81  104   77.54627   73.35287  5.41%  41.0 19952s
 3511324 842259   73.47075   69  223   77.54627   73.35864  5.40%  41.0 19979s
 3514490 842259   77.41926   83  139   77.54627   73.35970  5.40%  41.0 19980s
 3516476 841976 infeasible   78        77.54627   73.36418  5.39%  41.0 20011s
 3520816 841994     cutoff   90        77.54627   73.36700  5.39%  41.0 20041s
 3526816 842359   77.13862   75  107   77.54627   73.37089  5.38%  41.0 20066s
 3531296 842264   75.71664   80  163   77.54627   73.37396  5.38%  41.0 20275s
H3531461 842264                      77.5462668   73.37396  5.38%  41.0 20281s
 3531467 845426   75.77405   81  174   77.54627   73.37396  5.38%  41.0 20486s
 3548683 845426     cutoff   78        77.54627   73.37531  5.38%  41.0 20492s
 3562697 844867   76.05940   79   86   77.54627   73.38523  5.37%  41.1 20529s
 3567710 844662   75.64025   74  211   77.54627   73.38616  5.36%  41.1 20561s
 3572193 844438   73.94055  109  120   77.54627   73.39016  5.36%  41.1 20591s
 3577745 843815     cutoff   87        77.54627   73.39477  5.35%  41.1 20627s
 3582692 843638 infeasible   87        77.54627   73.39607  5.35%  41.1 20657s
 3587773 843288   73.94383   93  172   77.54627   73.40078  5.35%  41.1 20683s
 3591942 842757   76.43081   73   96   77.54627   73.40470  5.34%  41.1 20715s
 3597909 842322   75.95968   77  184   77.54627   73.40895  5.34%  41.1 20745s
 3601840 841899     cutoff  104        77.54627   73.41220  5.33%  41.1 20774s
 3602531 841899     cutoff  106        77.54627   73.41250  5.33%  41.1 20775s
 3607223 841796 infeasible   75        77.54627   73.41725  5.32%  41.1 20808s
 3611669 841509   74.59968  110   76   77.54627   73.41838  5.32%  41.1 20829s
 3614473 841509   76.36591   96   30   77.54627   73.42141  5.32%  41.1 20830s
 3616198 841497   77.26365   83  239   77.54627   73.42330  5.32%  41.1 20854s
 3620972 840941     cutoff   98        77.54627   73.42764  5.31%  41.1 20884s
 3623663 840941   75.12597   91  123   77.54627   73.42873  5.31%  41.1 20885s
 3624796 840601     cutoff   88        77.54627   73.43136  5.31%  41.1 20910s
 3630488 840206   73.48870   97   64   77.54627   73.43609  5.30%  41.1 20937s
 3634371 840034   75.84359   84  115   77.54627   73.43719  5.30%  41.1 20961s
 3638674 840057     cutoff   98        77.54627   73.44353  5.29%  41.1 21018s
 3639682 839246   77.04675   78  120   77.54627   73.44362  5.29%  41.1 21048s
 3644476 838847     cutoff   86        77.54627   73.44721  5.29%  41.1 21082s
 3650991 838764   74.95597   88  151   77.54627   73.45202  5.28%  41.1 21104s
 3654852 838457     cutoff   78        77.54627   73.45436  5.28%  41.2 21127s
 3658937 838350   75.80711   76  142   77.54627   73.45902  5.27%  41.2 21155s
 3662227 838350   75.18828   84   90   77.54627   73.46122  5.27%  41.2 21184s
 3667390 838583   76.66622   99  117   77.54627   73.46657  5.26%  41.2 21216s
 3673169 838470   77.26148   85  171   77.54627   73.47039  5.26%  41.2 21246s
 3678651 837994     cutoff   85        77.54627   73.47573  5.25%  41.2 21279s
 3682269 837994   73.57106   82  182   77.54627   73.47605  5.25%  41.2 21280s
 3683506 837717   77.35964   82  120   77.54627   73.47730  5.25%  41.2 21307s
 3688747 837198   76.00273   88  122   77.54627   73.47901  5.24%  41.2 21330s
 3692649 836802   76.16526  100   90   77.54627   73.48615  5.24%  41.2 21359s
 3698223 836693     cutoff  103        77.54627   73.49007  5.23%  41.2 21385s
 3702148 836774   74.79601   74  169   77.54627   73.49087  5.23%  41.2 21406s
 3705791 836430 infeasible   78        77.54627   73.49680  5.22%  41.2 21434s
 3710664 836253 infeasible   84        77.54627   73.49982  5.22%  41.2 21463s
 3715649 836181   73.83066   82  126   77.54627   73.50344  5.21%  41.2 21495s
 3719382 836167   75.56097   85   72   77.54627   73.50495  5.21%  41.3 21523s
 3723563 836038     cutoff   98        77.54627   73.50987  5.21%  41.3 21558s
 3728851 836118   74.46102   74  155   77.54627   73.51208  5.20%  41.3 21591s
 3732729 835766     cutoff   80        77.54627   73.51450  5.20%  41.3 21613s
 3735800 835506     cutoff   79        77.54627   73.51762  5.20%  41.3 21647s
 3741990 835632     cutoff   86        77.54627   73.52314  5.19%  41.3 21683s
 3746339 835413   75.15617   86  122   77.54627   73.52541  5.19%  41.3 21711s
 3752148 834986   75.92169   84  116   77.54627   73.53075  5.18%  41.3 21743s
 3757641 834774   76.35354   87  131   77.54627   73.53529  5.17%  41.3 21781s
 3763550 834741   74.29058   75  161   77.54627   73.53813  5.17%  41.3 21808s
 3767321 834553   73.90636  104   96   77.54627   73.54045  5.17%  41.3 21830s
 3771484 834223   74.13394  104   65   77.54627   73.54416  5.16%  41.4 21855s
 3775906 834300     cutoff   95        77.54627   73.54756  5.16%  41.4 21883s
 3779189 834257   75.62695   81  142   77.54627   73.55035  5.15%  41.4 21913s
 3784908 833966   76.88246   81   74   77.54627   73.55535  5.15%  41.4 21943s
 3790702 833740   73.90103   92  112   77.54627   73.55984  5.14%  41.4 21975s
 3796271 833604   77.27495   84  116   77.54627   73.56355  5.14%  41.4 22005s
 3800295 833433   75.98114   82  127   77.54627   73.56657  5.13%  41.4 22032s
 3804851 833513   73.69158   74  229   77.54627   73.56935  5.13%  41.4 22059s
 3809949 833294   77.14502   95  107   77.54627   73.57109  5.13%  41.4 22083s
 3812779 833112   77.06675   86  181   77.54627   73.57488  5.12%  41.4 22112s
 3818086 832544   76.32109   95   39   77.54627   73.58019  5.11%  41.4 22142s
 3823840 832112   76.88025   86  108   77.54627   73.58409  5.11%  41.4 22169s
 3828064 832112     cutoff  100        77.54627   73.58496  5.11%  41.4 22170s
 3829279 831916   74.42955   87  152   77.54627   73.58928  5.10%  41.4 22198s
 3832466 831857   75.26875  110  124   77.54627   73.59042  5.10%  41.4 22224s
 3837404 831401     cutoff   91        77.54627   73.59619  5.09%  41.4 22262s
 3843655 831117     cutoff  107        77.54627   73.59923  5.09%  41.4 22292s
 3847343 830821   74.37463   85  138   77.54627   73.60201  5.09%  41.4 22320s
 3852092 830499 infeasible   91        77.54627   73.60654  5.08%  41.4 22349s
 3857704 830186   77.44647   76  131   77.54627   73.61204  5.07%  41.4 22380s
 3862929 829782   75.03318   76  175   77.54627   73.61534  5.07%  41.4 22421s
 3865772 829142   77.21118   86  170   77.54627   73.61817  5.07%  41.4 22453s
 3871910 828841   75.63724  104  104   77.54627   73.62372  5.06%  41.5 22483s
 3877804 828769   74.92441   92  160   77.54627   73.62708  5.05%  41.5 22511s
 3882462 828729   76.72683   81  153   77.54627   73.63132  5.05%  41.5 22541s
 3887426 828666     cutoff   79        77.54627   73.63539  5.04%  41.5 22609s
 3887944 828306   76.03822   80  136   77.54627   73.63546  5.04%  41.5 22647s
 3893876 827854   76.17543   93  137   77.54627   73.63997  5.04%  41.5 22681s
 3899288 827748   76.86427   79  113   77.54627   73.64469  5.03%  41.5 22710s
 3902567 827563     cutoff  112        77.54627   73.64659  5.03%  41.5 22740s
 3907807 827295   73.81542   85  108   77.54627   73.65217  5.02%  41.5 22772s
 3914109 827383   75.15532   75  157   77.54627   73.65745  5.01%  41.5 22804s
 3916990 827383     cutoff  106        77.54627   73.65789  5.01%  41.5 22805s
 3918375 827327   76.59127   90  133   77.54627   73.65983  5.01%  41.5 22837s
 3923786 826939   74.46485  103   90   77.54627   73.66392  5.01%  41.5 22869s
 3929280 826910 infeasible   80        77.54627   73.66624  5.00%  41.5 22899s
 3931868 826886   74.20708   84  153   77.54627   73.66766  5.00%  41.5 22923s
 3936476 826543   75.80392   80  143   77.54627   73.67508  4.99%  41.5 22950s
 3942766 826145   77.31520   80   98   77.54627   73.67807  4.99%  41.5 22983s
 3945859 825834   75.68728   83  166   77.54627   73.67961  4.99%  41.5 23012s
 3951571 825729   75.35791   76  152   77.54627   73.68684  4.98%  41.5 23047s
 3957692 825678 infeasible   84        77.54627   73.69047  4.97%  41.5 23078s
 3961507 825455   76.18033   90  154   77.54627   73.69496  4.97%  41.5 23108s
 3967317 825263     cutoff   82        77.54627   73.69848  4.96%  41.5 23136s
 3972672 824843 infeasible   73        77.54627   73.70397  4.95%  41.5 23171s
 3978530 824712     cutoff   85        77.54627   73.70913  4.95%  41.5 23201s
 3982699 824323     cutoff   81        77.54627   73.71037  4.95%  41.5 23229s
 3987627 824259     cutoff   94        77.54627   73.71469  4.94%  41.5 23257s
 3992291 824030   75.19018   99   61   77.54627   73.71727  4.94%  41.5 23282s
 3996514 823863   74.59887   97   36   77.54627   73.72338  4.93%  41.5 23315s
 4000024 823348   74.84734   77  146   77.54627   73.72479  4.93%  41.5 23345s
 4005382 823277     cutoff  110        77.54627   73.73004  4.92%  41.5 23375s
 4010616 823175     cutoff   86        77.54627   73.73493  4.91%  41.6 23407s
 4016308 822817     cutoff   82        77.54627   73.73902  4.91%  41.6 23435s
 4020133 822831     cutoff   89        77.54627   73.74088  4.91%  41.6 23461s
 4025238 822595 infeasible   81        77.54627   73.74618  4.90%  41.6 23492s
 4030217 822644   74.39220   97  142   77.54627   73.75078  4.89%  41.6 23521s
 4035789 822483     cutoff   90        77.54627   73.75455  4.89%  41.6 23547s
 4039594 822175 infeasible  107        77.54627   73.75555  4.89%  41.6 23572s
 4044196 822054   74.72289   79  216   77.54627   73.76132  4.88%  41.6 23605s
 4048720 821903   76.81043   82  118   77.54627   73.76459  4.88%  41.6 23636s
 4052245 821493   77.29448  100   62   77.54627   73.76612  4.87%  41.6 23664s
 4052766 821493   77.40949  105   54   77.54627   73.76662  4.87%  41.6 23665s
 4057663 821262   73.80289   91  125   77.54627   73.77166  4.87%  41.6 23695s
 4062561 821232   75.63000   86  136   77.54627   73.77515  4.86%  41.6 23720s
 4067494 820843   75.21193   82  142   77.54627   73.78081  4.86%  41.6 23746s
 4072905 820658     cutoff   91        77.54627   73.78475  4.85%  41.6 23771s
 4077941 820359 infeasible   83        77.54627   73.78820  4.85%  41.6 23799s
 4080084 820359   74.31576   76  149   77.54627   73.78865  4.85%  41.6 23800s
 4081332 820075   75.14653   91   85   77.54627   73.78895  4.85%  41.6 23821s
 4085413 819823     cutoff  105        77.54627   73.79392  4.84%  41.6 23847s
 4090082 819713   74.41707   74  207   77.54627   73.79827  4.83%  41.6 23874s
 4095071 819242   76.26320   88  138   77.54627   73.80204  4.83%  41.6 23898s
 4098556 819029   76.73945   89  144   77.54627   73.80499  4.82%  41.6 23926s
 4103743 818603   74.08467  100  107   77.54627   73.81018  4.82%  41.6 23955s
 4108653 818332   76.52262   77  165   77.54627   73.81408  4.81%  41.6 23980s
 4113469 818007   75.35319   97   87   77.54627   73.81842  4.81%  41.6 24011s
 4117295 817481   75.44124  106  139   77.54627   73.82070  4.80%  41.6 24036s
 4122514 817188   76.70804   87  126   77.54627   73.82667  4.80%  41.6 24065s
 4127691 817038   74.10559  100  118   77.54627   73.83146  4.79%  41.6 24097s
 4132294 816645   75.43376   86  110   77.54627   73.83361  4.79%  41.6 24123s
 4137706 816327   76.31157   83  169   77.54627   73.83786  4.78%  41.6 24148s
 4142237 815765   75.83537   76  197   77.54627   73.84310  4.78%  41.6 24180s
 4147829 815645 infeasible   95        77.54627   73.84718  4.77%  41.6 24207s
 4151696 815113 infeasible   79        77.54627   73.84926  4.77%  41.6 24235s
 4156828 814642   74.32794  104  155   77.54627   73.85528  4.76%  41.6 24265s
 4161873 814501     cutoff   88        77.54627   73.85829  4.76%  41.6 24292s
 4166877 814125 infeasible   81        77.54627   73.86389  4.75%  41.6 24328s
 4171192 813690   75.38300   87  110   77.54627   73.86475  4.75%  41.6 24355s
 4176097 813622     cutoff  110        77.54627   73.87001  4.74%  41.6 24414s
 4176517 813432   75.60486   88   95   77.54627   73.87046  4.74%  41.6 24444s
 4181223 813082   77.02129  101  129   77.54627   73.87550  4.73%  41.6 24476s
 4187817 812722   76.17127   90  178   77.54627   73.88067  4.73%  41.6 24507s
 4193896 812283     cutoff   84        77.54627   73.88576  4.72%  41.6 24531s
 4198069 812125     cutoff   87        77.54627   73.88994  4.72%  41.6 24563s
 4204374 811531   76.91160   89   80   77.54627   73.89416  4.71%  41.6 24591s
 4209655 811480   76.21657   83  109   77.54627   73.89890  4.70%  41.6 24620s
 4213682 811182   75.23069  101  119   77.54627   73.90158  4.70%  41.6 24647s
 4218917 811019   75.49873   91  181   77.54627   73.90658  4.69%  41.7 24676s
 4224470 810541   75.05912   78  128   77.54627   73.91182  4.69%  41.7 24707s
 4228237 810000   74.00155   77  147   77.54627   73.91282  4.69%  41.7 24733s
 4232534 809815     cutoff   88        77.54627   73.91913  4.68%  41.7 24759s
 4237533 809350   77.08459   95  142   77.54627   73.92360  4.67%  41.7 24788s
 4243055 808953 infeasible   89        77.54627   73.92832  4.67%  41.7 24812s
 4246961 808535     cutoff  100        77.54627   73.93264  4.66%  41.7 24834s
 4248108 808535     cutoff   93        77.54627   73.93286  4.66%  41.7 24835s
 4252844 808176   76.16455   89  111   77.54627   73.93649  4.66%  41.7 24856s
 4258190 807992     cutoff   91        77.54627   73.94159  4.65%  41.7 24894s
 4261420 807841   74.77690   94  118   77.54627   73.94251  4.65%  41.7 24918s
 4265769 807213     cutoff  117        77.54627   73.94726  4.64%  41.7 24943s
 4269983 807361   76.98639  101  109   77.54627   73.95245  4.63%  41.7 24969s
 4274567 807361   74.25919   89   49   77.54627   73.95334  4.63%  41.7 24970s
 4275631 806975     cutoff   85        77.54627   73.95748  4.63%  41.7 24996s
 4279707 806881   77.11374   91  122   77.54627   73.96040  4.62%  41.7 25026s
 4283986 806504   75.45076   97  120   77.54627   73.96267  4.62%  41.7 25054s
 4289065 806360   74.62277   80  110   77.54627   73.96845  4.61%  41.7 25086s
 4294830 806149   75.49972  109   83   77.54627   73.97254  4.61%  41.7 25115s
 4298157 805989     cutoff  106        77.54627   73.97618  4.60%  41.7 25144s
 4303976 805701   77.47317   86   89   77.54627   73.98063  4.60%  41.7 25173s
 4308961 805442     cutoff   76        77.54627   73.98539  4.59%  41.7 25198s
 4313642 805026   74.93992  112   52   77.54627   73.98804  4.59%  41.7 25224s
 4315595 805026 infeasible   96        77.54627   73.98955  4.59%  41.7 25225s
 4316813 804793 infeasible   89        77.54627   73.99086  4.58%  41.7 25262s
 4320039 804529   75.73745   76  166   77.54627   73.99325  4.58%  41.7 25295s
 4325409 804223     cutoff  103        77.54627   73.99941  4.57%  41.7 25326s
 4331127 804125     cutoff  103        77.54627   74.00503  4.57%  41.7 25360s
 4335495 803817 infeasible  101        77.54627   74.00887  4.56%  41.7 25397s
 4341750 803514     cutoff   80        77.54627   74.01247  4.56%  41.7 25421s
 4347127 803195     cutoff   86        77.54627   74.01805  4.55%  41.7 25453s
 4350698 803196   77.33508   75  163   77.54627   74.02102  4.55%  41.7 25482s
 4356014 803057     cutoff  106        77.54627   74.02567  4.54%  41.7 25515s
 4362001 802875   76.79591   86   94   77.54627   74.03072  4.53%  41.7 25542s
 4367244 802897   75.11850   80  109   77.54627   74.03451  4.53%  41.7 25569s
 4369354 802897   74.73541   81   87   77.54627   74.03577  4.53%  41.7 25570s
 4371264 802726   76.53626   95  115   77.54627   74.03767  4.52%  41.7 25596s
 4376652 802399 infeasible  111        77.54627   74.04167  4.52%  41.7 25622s
 4379985 801928     cutoff   88        77.54627   74.04244  4.52%  41.7 25769s
 4380342 801928   76.27180   94   98   77.54627   74.04333  4.52%  41.7 25770s
 4381074 800434     cutoff  100        77.54627   74.04381  4.52%  41.7 25814s
 4389870 800197   74.24135   89  136   77.54627   74.05035  4.51%  41.7 25853s
 4394859 799843   76.20965  102   84   77.54627   74.05571  4.50%  41.7 25883s
 4399816 799611     cutoff   87        77.54627   74.05779  4.50%  41.7 25911s
 4403030 799504     cutoff  107        77.54627   74.05792  4.50%  41.7 25933s
 4407326 799316     cutoff   89        77.54627   74.06605  4.49%  41.7 25966s
 4413450 799261     cutoff   72        77.54627   74.06925  4.48%  41.7 25992s
 4418281 798953     cutoff   77        77.54627   74.07459  4.48%  41.7 26025s
 4422340 798565   74.33536   80  148   77.54627   74.07785  4.47%  41.7 26054s
 4425902 798565   74.69183   87  124   77.54627   74.07926  4.47%  41.7 26055s
 4427805 798279     cutoff   81        77.54627   74.08294  4.47%  41.7 26080s
 4433293 798253     cutoff  105        77.54627   74.08773  4.46%  41.7 26107s
 4437026 798029   76.25515   90  132   77.54627   74.08929  4.46%  41.7 26129s
 4440717 798029   74.85184   75  193   77.54627   74.09131  4.46%  41.7 26130s
 4440973 797760     cutoff   94        77.54627   74.09499  4.45%  41.7 26152s
 4446540 797547   75.23015   74  103   77.54627   74.09869  4.45%  41.7 26180s
 4451726 797297   76.83252   95   95   77.54627   74.10349  4.44%  41.7 26212s
 4455449 796880     cutoff   84        77.54627   74.10704  4.44%  41.7 26245s
 4461007 796222     cutoff   80        77.54627   74.11107  4.43%  41.7 26274s
 4466383 795938     cutoff   99        77.54627   74.11721  4.42%  41.7 26307s
 4471905 795842     cutoff   86        77.54627   74.12047  4.42%  41.7 26338s
 4474586 795542   75.70113   89   87   77.54627   74.12092  4.42%  41.7 26362s
 4478582 795097   74.85985   73  242   77.54627   74.12711  4.41%  41.7 26389s
 4483792 795097 infeasible  102        77.54627   74.13059  4.40%  41.7 26390s
 4484007 794822     cutoff   79        77.54627   74.13069  4.40%  41.7 26422s
 4487533 794351     cutoff   95        77.54627   74.13469  4.40%  41.7 26451s
 4492993 793865   74.24967   95   36   77.54627   74.13925  4.39%  41.7 26477s
 4498344 793716   75.14846   90  118   77.54627   74.14369  4.39%  41.7 26503s
 4502059 793409     cutoff  108        77.54627   74.14475  4.39%  41.7 26523s
 4506289 793119     cutoff   90        77.54627   74.15130  4.38%  41.7 26553s
 4511819 793046   75.67486   81  192   77.54627   74.15529  4.37%  41.7 26628s
 4512232 792912   75.75294   82  197   77.54627   74.15539  4.37%  41.7 26660s
 4516360 792529   75.97700   88  144   77.54627   74.15904  4.37%  41.7 26690s
 4521894 792113   75.54931   73  178   77.54627   74.16497  4.36%  41.7 26722s
 4527616 792078     cutoff   96        77.54627   74.17017  4.35%  41.7 26752s
 4531655 791758   74.79692   91  133   77.54627   74.17332  4.35%  41.8 26776s
 4536461 791270   75.98378   96  114   77.54627   74.17738  4.34%  41.8 26797s
 4541731 790932     cutoff   99        77.54627   74.18141  4.34%  41.8 26822s
 4545335 790721     cutoff   95        77.54627   74.18502  4.33%  41.8 26850s
 4550439 790594   75.52764   88   80   77.54627   74.19019  4.33%  41.8 26882s
 4554921 790319     cutoff   78        77.54627   74.19359  4.32%  41.8 26911s
 4560290 790030   75.50267   95   85   77.54627   74.19773  4.32%  41.8 26933s
 4565581 789734   75.90386   93   96   77.54627   74.20340  4.31%  41.8 26961s
 4569523 789441     cutoff   85        77.54627   74.20653  4.31%  41.8 26988s
 4574931 789156     cutoff   94        77.54627   74.21102  4.30%  41.8 27017s
 4580129 789041   75.20437   90  111   77.54627   74.21488  4.30%  41.8 27041s
 4582527 788538 infeasible   93        77.54627   74.21542  4.30%  41.8 27075s
 4589152 788513   75.27095  101   13   77.54627   74.22331  4.29%  41.8 27104s
 4592248 788513     cutoff   94        77.54627   74.22477  4.28%  41.8 27105s
 4594186 788520   76.28500   92  116   77.54627   74.22792  4.28%  41.8 27136s
 4599484 788136     cutoff   91        77.54627   74.23352  4.27%  41.8 27165s
 4603962 788058     cutoff   94        77.54627   74.23559  4.27%  41.8 27195s
 4609014 788030   76.50668   77   77   77.54627   74.24042  4.26%  41.8 27223s
 4612367 787627   74.44326   86   94   77.54627   74.24348  4.26%  41.8 27260s
 4619605 787416   75.53126  116   78   77.54627   74.24851  4.25%  41.8 27285s
 4625044 787512   75.93642   73  262   77.54627   74.25453  4.24%  41.8 27316s
 4629417 787419   75.58157   93  126   77.54627   74.25718  4.24%  41.8 27344s
 4633255 787419   76.90975   77  177   77.54627   74.25831  4.24%  41.8 27345s
 4635137 787144   76.29959   96  111   77.54627   74.26191  4.24%  41.8 27368s
 4640466 787012     cutoff  103        77.54627   74.26636  4.23%  41.8 27398s
 4644406 786714 infeasible   88        77.54627   74.26752  4.23%  41.8 27421s
 4649119 786113 infeasible   77        77.54627   74.27397  4.22%  41.8 27448s
 4654493 786068   74.57021   90  108   77.54627   74.27707  4.22%  41.8 27476s
 4659240 785781     cutoff   85        77.54627   74.28102  4.21%  41.8 27515s
 4663526 785799   75.39173  103  133   77.54627   74.28597  4.20%  41.8 27546s
 4669129 785723   74.92312   81  146   77.54627   74.28986  4.20%  41.8 27572s
 4674261 785654   74.47633   89  106   77.54627   74.29419  4.19%  41.8 27601s
 4678805 785470   76.25925   86  110   77.54627   74.29791  4.19%  41.8 27630s
 4683548 785340   76.13453   91   85   77.54627   74.30246  4.18%  41.8 27661s
 4689393 784938   76.15977   90  136   77.54627   74.30681  4.18%  41.8 27684s
 4693437 784763   74.57841   88  105   77.54627   74.30893  4.17%  41.8 27709s
 4697191 784159     cutoff   88        77.54627   74.31282  4.17%  41.8 27734s
 4702664 783959   75.88285   81  136   77.54627   74.31740  4.16%  41.8 27762s
 4707695 783757   75.73486   88  138   77.54627   74.32154  4.16%  41.8 27792s
 4710953 783240   76.40770   85  127   77.54627   74.32463  4.15%  41.8 27822s
 4717433 783023     cutoff   97        77.54627   74.33104  4.15%  41.8 27850s
 4723107 782919     cutoff   93        77.54627   74.33617  4.14%  41.8 27876s
 4727342 782616 infeasible   89        77.54627   74.33893  4.14%  41.8 27901s
 4732862 782277 infeasible   86        77.54627   74.34297  4.13%  41.8 27925s
 4737689 782004     cutoff   92        77.54627   74.34818  4.12%  41.8 27953s
 4741243 781626     cutoff   86        77.54627   74.35137  4.12%  41.9 27982s
 4746906 781048   77.18944   90  113   77.54627   74.35598  4.11%  41.9 28013s
 4752128 780814   76.01896   82  137   77.54627   74.36142  4.11%  41.9 28047s
 4757821 780591   75.83222   83  191   77.54627   74.36567  4.10%  41.9 28076s
 4761249 780468     cutoff   82        77.54627   74.36858  4.10%  41.9 28110s
 4767507 780198     cutoff   94        77.54627   74.37361  4.09%  41.9 28142s
 4771597 779881   76.27555   85  144   77.54627   74.37764  4.09%  41.9 28169s
 4772328 779881   76.19259  105  121   77.54627   74.37796  4.09%  41.9 28170s
 4777019 779407   74.91982   93   80   77.54627   74.38282  4.08%  41.9 28201s
 4783018 779117   75.83076  101  118   77.54627   74.38772  4.07%  41.9 28236s
 4787359 778779     cutoff  102        77.54627   74.38915  4.07%  41.9 28261s
 4791971 778265   75.79643  104  103   77.54627   74.39653  4.06%  41.9 28293s
 4797475 778135   75.29986   93   79   77.54627   74.40225  4.05%  41.9 28327s
 4801942 777853     cutoff   82        77.54627   74.40581  4.05%  41.9 28364s
 4806596 777246     cutoff   87        77.54627   74.40915  4.05%  41.9 28391s
 4811903 777246   76.87546   93  152   77.54627   74.41315  4.04%  41.9 28544s
 4812059 777008   76.95327   94  151   77.54627   74.41328  4.04%  41.9 28565s
 4816727 776521     cutoff   76        77.54627   74.41875  4.03%  41.9 28593s
 4822224 776417     cutoff   87        77.54627   74.42243  4.03%  41.9 28617s
 4826277 776214 infeasible   80        77.54627   74.42590  4.02%  41.9 28641s
 4831541 775957   75.64567   83  114   77.54627   74.43143  4.02%  41.9 28669s
 4835650 775560   74.98638   82  142   77.54627   74.43436  4.01%  41.9 28697s
 4840940 775174 infeasible   92        77.54627   74.43890  4.01%  41.9 28722s
 4845354 774734     cutoff   86        77.54627   74.44215  4.00%  41.9 28749s
 4848314 774734     cutoff   97        77.54627   74.44345  4.00%  41.9 28750s
 4850513 774554   76.20460   87  166   77.54627   74.44733  4.00%  41.9 28776s
 4854718 774079   75.00617  104   78   77.54627   74.45176  3.99%  41.9 28807s
 4860719 774014     cutoff   84        77.54627   74.45639  3.98%  41.9 28892s
 4861047 773783   75.40561   89   41   77.54627   74.45647  3.98%  41.9 28916s
 4866618 773503     cutoff   80        77.54627   74.46222  3.98%  42.0 28950s
 4870887 773308     cutoff   90        77.54627   74.46329  3.98%  42.0 28975s
 4875635 772895   76.21390   86   56   77.54627   74.46991  3.97%  42.0 29003s
 4881163 772780     cutoff   97        77.54627   74.47384  3.96%  42.0 29030s
 4886266 772508   76.61231   90   90   77.54627   74.47880  3.96%  42.0 29060s
 4890406 772174   75.96481   83  148   77.54627   74.48250  3.95%  42.0 29088s
 4894858 771568   76.88944   83  170   77.54627   74.48652  3.95%  42.0 29119s
 4897049 771568   75.91826   78  189   77.54627   74.48697  3.95%  42.0 29120s
 4900886 771355     cutoff  113        77.54627   74.49093  3.94%  42.0 29148s
 4905295 770926     cutoff   80        77.54627   74.49500  3.93%  42.0 29171s
 4909872 770459   75.30138   80  109   77.54627   74.49656  3.93%  42.0 29191s
 4914519 770083     cutoff  102        77.54627   74.50203  3.93%  42.0 29212s
 4918377 770020   74.70122   92  113   77.54627   74.50269  3.92%  42.0 29232s
 4922501 769912   74.79987   87   94   77.54627   74.50879  3.92%  42.0 29256s
 4927974 769447   76.32225   90  117   77.54627   74.51408  3.91%  42.0 29283s
 4932086 769304     cutoff   86        77.54627   74.51516  3.91%  42.0 29304s
 4933453 769304     cutoff   82        77.54627   74.51661  3.91%  42.0 29305s
 4936774 769052     cutoff   82        77.54627   74.52018  3.90%  42.0 29331s
 4942130 768741   75.33827   80  141   77.54627   74.52480  3.90%  42.0 29357s
 4946818 768565   74.76138   91   66   77.54627   74.52974  3.89%  42.0 29386s
 4951150 768589   74.66117   83   73   77.54627   74.53233  3.89%  42.0 29412s
 4956953 768448   77.51841   86   66   77.54627   74.53733  3.88%  42.0 29439s
 4961340 768298   75.88858   85  106   77.54627   74.53940  3.88%  42.0 29465s
 4966463 768327 infeasible  125        77.54627   74.54379  3.87%  42.0 29490s
 4971423 768467   76.29552   84  172   77.54627   74.54859  3.87%  42.0 29516s
 4975553 768390     cutoff   84        77.54627   74.55167  3.86%  42.0 29539s
 4979028 768390   74.81544   86   81   77.54627   74.55282  3.86%  42.0 29540s
 4979960 768248     cutoff   83        77.54627   74.55489  3.86%  42.0 29566s
 4985098 768057     cutoff  104        77.54627   74.55954  3.85%  42.0 29594s
 4989038 767968   75.82524   80   57   77.54627   74.56122  3.85%  42.0 29619s
 4989485 767968   74.57866  107  155   77.54627   74.56158  3.85%  42.0 29620s
 4993930 767800     cutoff   93        77.54627   74.56679  3.84%  42.0 29652s
 4999233 767641     cutoff  105        77.54627   74.57098  3.84%  42.0 29685s
 5004726 767399   74.67370   94  102   77.54627   74.57496  3.83%  42.0 29718s
 5009236 767405   76.36593   86  115   77.54627   74.57833  3.83%  42.0 29747s
 5013926 767621     cutoff   97        77.54627   74.58240  3.82%  42.0 29775s
 5019178 767811   76.02078   83   99   77.54627   74.58565  3.82%  42.0 29802s
 5023261 767933   75.02222   82   10   77.54627   74.58871  3.81%  42.0 29832s
 5028291 767804   77.24652   84  119   77.54627   74.59226  3.81%  42.0 29865s
 5033351 767820     cutoff   87        77.54627   74.59563  3.81%  42.0 29897s
 5039067 767847   75.06476  108   48   77.54627   74.59956  3.80%  42.0 29921s
 5043593 768205   75.06856   78  127   77.54627   74.60408  3.79%  42.0 29952s
 5047461 768342   75.92527   91   90   77.54627   74.60752  3.79%  42.0 29984s
 5052367 768342     cutoff   76        77.54627   74.60813  3.79%  42.0 29985s
 5053728 768667   76.97150   98  145   77.54627   74.61050  3.79%  42.0 30018s
 5057751 768667   75.27501   87  104   77.54627   74.61170  3.78%  42.0 30020s
 5058817 768934   75.60323   83  129   77.54627   74.61523  3.78%  42.0 30079s
 5061777 768934   76.36893   83  113   77.54627   74.61593  3.78%  42.0 30080s
 5062997 768832   74.66081   89   98   77.54627   74.61673  3.78%  42.0 30110s
 5068090 768990     cutoff   87        77.54627   74.62063  3.77%  42.0 30138s
 5073441 768989   77.07502   88  107   77.54627   74.62451  3.77%  42.0 30168s
 5077035 768846     cutoff   74        77.54627   74.62659  3.77%  42.1 30198s
 5083089 769080   76.53366  104   97   77.54627   74.63196  3.76%  42.1 30229s
 5088316 768907   76.39353  102   87   77.54627   74.63605  3.75%  42.1 30260s
 5092668 768999   75.68058   81  113   77.54627   74.63996  3.75%  42.1 30296s
 5099011 768848   77.13006   88  145   77.54627   74.64358  3.74%  42.1 30330s
 5104678 768791   77.36569   85  100   77.54627   74.64774  3.74%  42.1 30363s
 5108180 769010     cutoff  107        77.54627   74.65002  3.73%  42.1 30399s
 5109002 769010   76.40455  100  154   77.54627   74.65035  3.73%  42.1 30400s
 5114623 769337   74.83409   85   87   77.54627   74.65595  3.73%  42.1 30436s
 5120583 769168   75.03749   92  168   77.54627   74.66001  3.72%  42.1 30471s
 5124749 769291   77.16315   76  253   77.54627   74.66093  3.72%  42.1 30500s
 5130488 769633   76.02833   96  123   77.54627   74.66602  3.71%  42.1 30532s
 5135835 769642 infeasible   88        77.54627   74.67053  3.71%  42.1 30565s
 5140630 769966   76.20505   89   95   77.54627   74.67269  3.71%  42.1 30603s
 5146844 770114     cutoff  115        77.54627   74.67688  3.70%  42.1 30635s
 5149736 770578   76.65320  100  131   77.54627   74.67798  3.70%  42.1 30666s
 5155472 770914     cutoff  100        77.54627   74.68255  3.69%  42.1 30702s
 5161594 771147     cutoff   84        77.54627   74.68461  3.69%  42.1 30736s
 5165205 771582   75.90875   96   72   77.54627   74.68808  3.69%  42.1 30768s
 5169723 771664   74.84943   88   68   77.54627   74.69218  3.68%  42.1 30799s
 5175799 771925   76.84923   99  143   77.54627   74.69615  3.68%  42.1 30829s
 5181435 772210   76.68926  100  129   77.54627   74.70005  3.67%  42.1 30856s
 5186696 772704     cutoff  103        77.54627   74.70297  3.67%  42.1 30886s
 5192503 773358   75.97744   93   94   77.54627   74.70611  3.66%  42.1 30916s
 5196842 773797   76.80129   97   80   77.54627   74.70903  3.66%  42.1 30949s
 5201993 773797   74.81429   98  105   77.54627   74.71044  3.66%  42.1 30951s
 5202158 773990   76.18952   76  201   77.54627   74.71235  3.65%  42.1 30983s
 5207502 774032   75.74966   91  105   77.54627   74.71549  3.65%  42.1 31092s
 5207963 774120     cutoff   94        77.54627   74.71564  3.65%  42.1 31125s
 5214505 774601 infeasible   93        77.54627   74.71960  3.65%  42.1 31163s
 5219286 774693   76.77771  101  106   77.54627   74.72295  3.64%  42.1 31201s
 5225879 775184   76.77682   89  150   77.54627   74.72681  3.64%  42.1 31233s
 5230322 775630     cutoff   82        77.54627   74.72956  3.63%  42.1 31287s
 5236864 776094   74.75078   84   98   77.54627   74.73298  3.63%  42.1 31319s
 5237775 776094     cutoff   80        77.54627   74.73335  3.63%  42.1 31320s
 5242896 776379   75.03177   82  140   77.54627   74.73715  3.62%  42.1 31354s
 5246824 776379   75.70592   94  143   77.54627   74.73758  3.62%  42.1 31355s
 5247736 777111   77.50140   77   87   77.54627   74.74063  3.62%  42.1 31390s
 5254811 777261   76.25319   89  155   77.54627   74.74401  3.61%  42.1 31426s
 5259217 778005     cutoff  104        77.54627   74.74598  3.61%  42.1 31466s
 5266168 778495     cutoff  107        77.54627   74.75033  3.61%  42.1 31499s
 5270553 778495   76.16938   83  135   77.54627   74.75131  3.60%  42.1 31501s
 5271722 778713     cutoff   99        77.54627   74.75350  3.60%  42.1 31535s
 5276227 779480 infeasible  113        77.54627   74.75642  3.60%  42.1 31570s
 5281879 779707   75.11487   75  268   77.54627   74.75912  3.59%  42.1 31602s
 5285869 780188   77.31501   79  174   77.54627   74.76058  3.59%  42.1 31628s
 5290593 780886   75.90578   85   79   77.54627   74.76513  3.59%  42.1 31662s
 5296338 781563   77.15352  107  148   77.54627   74.76832  3.58%  42.1 31696s
 5301152 781909   75.01963   80  150   77.54627   74.76921  3.58%  42.1 31728s
 5306391 782167     cutoff   88        77.54627   74.77389  3.58%  42.1 31764s
 5308286 782167   74.94414  100    8   77.54627   74.77424  3.57%  42.1 31765s
 5312820 782550 infeasible   84        77.54627   74.77754  3.57%  42.1 31801s
 5317797 783099   75.52774   83   83   77.54627   74.77997  3.57%  42.1 31836s
 5323445 783472   75.31561   89  106   77.54627   74.78302  3.56%  42.1 31873s
 5328852 783789   75.20276   95  106   77.54627   74.78549  3.56%  42.1 31907s
 5333438 784423     cutoff  103        77.54627   74.78775  3.56%  42.1 31944s
 5337699 784423   75.15874   99   97   77.54627   74.78895  3.56%  42.1 31945s
 5339355 785225 infeasible   80        77.54627   74.79195  3.55%  42.1 31985s
 5345041 785409   77.19761   87  228   77.54627   74.79474  3.55%  42.1 32025s
 5352533 785646     cutoff   96        77.54627   74.79825  3.54%  42.1 32062s
 5358361 785960     cutoff   78        77.54627   74.80169  3.54%  42.1 32095s
 5362336 786971   76.35817   94  108   77.54627   74.80295  3.54%  42.1 32144s
 5368080 786971     cutoff   87        77.54627   74.80408  3.54%  42.1 32147s
 5370322 787645   77.41733   94   90   77.54627   74.80736  3.53%  42.1 32184s
 5375532 788251     cutoff   88        77.54627   74.80971  3.53%  42.1 32223s
 5381422 788819     cutoff   87        77.54627   74.81365  3.52%  42.1 32263s
 5386806 789432   74.96174   84  154   77.54627   74.81579  3.52%  42.1 32298s
 5389869 789432   75.20957   90   91   77.54627   74.81678  3.52%  42.1 32300s
 5392934 790246     cutoff   96        77.54627   74.81938  3.52%  42.1 32340s
 5397739 790812   76.31749   82  151   77.54627   74.82092  3.51%  42.1 32384s
 5398986 790812   75.41339  101  125   77.54627   74.82151  3.51%  42.1 32385s
 5404601 791622   74.87911   91   12   77.54627   74.82439  3.51%  42.1 32428s
 5410892 792061     cutoff   92        77.54627   74.82755  3.51%  42.1 32470s
 5416474 792778   75.46454   82  195   77.54627   74.83073  3.50%  42.1 32512s
 5422926 793316   75.60336   85  124   77.54627   74.83429  3.50%  42.1 32552s
 5427680 794138   75.09403   82   94   77.54627   74.83605  3.49%  42.1 32592s
 5435022 794922   76.85651  102  176   77.54627   74.83963  3.49%  42.1 32630s
 5440634 795794   77.37164   87   98   77.54627   74.84322  3.49%  42.1 32673s
 5445857 795794   75.62779   76  117   77.54627   74.84355  3.49%  42.1 32675s
 5447826 796151   75.89131   84  109   77.54627   74.84586  3.48%  42.1 32709s
 5453263 796560   76.14602   77  210   77.54627   74.84830  3.48%  42.1 32741s
 5459318 797278     cutoff   95        77.54627   74.85199  3.47%  42.1 32774s
 5461109 797278   76.14339   86   74   77.54627   74.85223  3.47%  42.1 32775s
 5465079 797572     cutoff  104        77.54627   74.85491  3.47%  42.1 32807s
 5470049 798063   76.04901   76  163   77.54627   74.85684  3.47%  42.1 32839s
 5476689 798341     cutoff   88        77.54627   74.86077  3.46%  42.1 32871s
 5481468 798694   75.28620   98  151   77.54627   74.86272  3.46%  42.1 32907s
 5487318 799016   75.51477   89  125   77.54627   74.86563  3.46%  42.1 32941s
 5491590 799759   76.60948   95  143   77.54627   74.86801  3.45%  42.1 32986s
 5499439 800102   76.44840  106  103   77.54627   74.87064  3.45%  42.1 33020s
 5504029 800559   75.98511   84  103   77.54627   74.87372  3.45%  42.1 33068s
 5509271 800732     cutoff   99        77.54627   74.87451  3.45%  42.1 33106s
 5514943 800886     cutoff   84        77.54627   74.87885  3.44%  42.1 33147s
 5520702 800966   76.06347   97   58   77.54627   74.88152  3.44%  42.1 33179s
 5525834 801113   76.97903   96   73   77.54627   74.88411  3.43%  42.1 33215s
 5530475 801509   76.41243  102   97   77.54627   74.88663  3.43%  42.1 33250s
 5535687 801928 infeasible   94        77.54627   74.88929  3.43%  42.1 33291s
 5542297 802068   75.19015   81  188   77.54627   74.89210  3.42%  42.1 33335s
 5547302 801966   76.15260   74  175   77.54627   74.89543  3.42%  42.1 33379s
 5554229 801925   76.95465   96  114   77.54627   74.89944  3.41%  42.1 33581s
 5554461 801979   76.95465   97  108   77.54627   74.89950  3.41%  42.1 33623s
 5561872 802032 infeasible   83        77.54627   74.90293  3.41%  42.1 33658s
 5565810 802183   76.52873   97   26   77.54627   74.90417  3.41%  42.1 33699s
 5572836 802274 infeasible  108        77.54627   74.90953  3.40%  42.1 33788s
 5574091 802451   76.21763   83  201   77.54627   74.90966  3.40%  42.1 33840s
 5582233 802850   77.08081   83   99   77.54627   74.91395  3.39%  42.1 33888s
 5587612 802850 infeasible   81        77.54627   74.91449  3.39%  42.1 33890s
 5588706 803036   75.28612   91   65   77.54627   74.91662  3.39%  42.1 33930s
 5595835 803244   75.12848   97  110   77.54627   74.91859  3.39%  42.2 33963s
 5598926 803244   76.22629  104  142   77.54627   74.92047  3.39%  42.2 33965s
 5599561 803538   76.39936  110  125   77.54627   74.92218  3.38%  42.2 34007s
 5606956 803623   74.97700   87   77   77.54627   74.92554  3.38%  42.2 34055s
 5613094 803229     cutoff   89        77.54627   74.92904  3.38%  42.2 34103s
 5619563 803561   77.20925   73  167   77.54627   74.93240  3.37%  42.2 34152s
 5625730 803855   76.42191   83   95   77.54627   74.93456  3.37%  42.2 34188s
 5629808 803855   75.39412   88  103   77.54627   74.93511  3.37%  42.2 34190s
 5631337 803858   76.34878  104  131   77.54627   74.93755  3.36%  42.2 34228s
 5636448 804069     cutoff   86        77.54627   74.93980  3.36%  42.2 34269s
 5643083 804371   76.55773  104  110   77.54627   74.94285  3.36%  42.2 34310s
 5648530 804323     cutoff  116        77.54627   74.94519  3.35%  42.2 34349s
 5650159 804323   74.96764   85  105   77.54627   74.94567  3.35%  42.2 34350s
 5655106 804181   76.83616  100  173   77.54627   74.94898  3.35%  42.2 34386s
 5659547 804028     cutoff   81        77.54627   74.95125  3.35%  42.2 34426s
 5666862 804063   75.08802   93  130   77.54627   74.95545  3.34%  42.2 34473s
 5672257 804390   75.17318   81  112   77.54627   74.95760  3.34%  42.2 34518s
 5678578 804533     cutoff   84        77.54627   74.96138  3.33%  42.2 34565s
 5684629 804699   75.39096   98  153   77.54627   74.96445  3.33%  42.2 34606s
 5690075 804376 infeasible   91        77.54627   74.96706  3.33%  42.2 34648s
 5694938 804376   76.45558  104  104   77.54627   74.96759  3.33%  42.2 34650s
 5696201 804672     cutoff  103        77.54627   74.96995  3.32%  42.2 34691s
 5702951 804497     cutoff   85        77.54627   74.97328  3.32%  42.2 34735s
 5708652 804351   76.06389  102  134   77.54627   74.97505  3.32%  42.3 34773s
 5714543 804286 infeasible   96        77.54627   74.97896  3.31%  42.3 34807s
 5717601 804096   76.78184  103   22   77.54627   74.98109  3.31%  42.3 34864s
 5725954 804096   75.19514  111  106   77.54627   74.98169  3.31%  42.3 34866s
 5728262 804124 infeasible   92        77.54627   74.98686  3.30%  42.3 34905s
 5734543 804058     cutoff  140        77.54627   74.98958  3.30%  42.3 34951s
 5741433 804086   75.11286  104   69   77.54627   74.99327  3.29%  42.3 34996s
 5746930 803778   75.61626   85  112   77.54627   74.99654  3.29%  42.3 35041s
 5754310 803799     cutoff  103        77.54627   75.00038  3.28%  42.3 35078s
 5760053 804092 infeasible   84        77.54627   75.00310  3.28%  42.3 35102s
 5765450 804042   75.57741   87   23   77.54627   75.00486  3.28%  42.3 35139s
 5770807 804044   75.85639   85  148   77.54627   75.00787  3.27%  42.3 35182s
 5777376 804053   75.01613   98    9   77.54627   75.01079  3.27%  42.3 35223s
 5782819 804048   75.61478  113  140   77.54627   75.01420  3.27%  42.3 35266s
 5790006 804132   77.09685  104  140   77.54627   75.01775  3.26%  42.3 35309s
 5794026 804132   75.93875   86   55   77.54627   75.01839  3.26%  42.3 35310s
 5795527 803956   76.47619   90  110   77.54627   75.02016  3.26%  42.3 35347s
 5800810 804166   75.97674   83  107   77.54627   75.02342  3.25%  42.3 35388s
 5806576 803872     cutoff  103        77.54627   75.02594  3.25%  42.3 35437s
 5813670 803866     cutoff   92        77.54627   75.02881  3.25%  42.4 35476s
 5819134 803840 infeasible  115        77.54627   75.03240  3.24%  42.4 35522s
 5826141 803862   76.48750   88   86   77.54627   75.03550  3.24%  42.4 35559s
 5827513 803862     cutoff   98        77.54627   75.03590  3.24%  42.4 35560s
 5830603 803472     cutoff   97        77.54627   75.03795  3.23%  42.4 35601s
 5838000 803434     cutoff   91        77.54627   75.04258  3.23%  42.4 35686s
 5839104 803513   75.54661   78  159   77.54627   75.04264  3.23%  42.4 35735s
 5847345 803605   75.42547   84  199   77.54627   75.04640  3.22%  42.4 35789s
 5850099 803605   76.84189   94  112   77.54627   75.04709  3.22%  42.4 35790s
 5853577 803533   75.37017   86  100   77.54627   75.04962  3.22%  42.4 35840s
 5861024 803452   75.52922   82  192   77.54627   75.05327  3.21%  42.4 35880s
 5865648 803322   75.85486   88  147   77.54627   75.05484  3.21%  42.4 35929s
 5869781 803322   76.56778  105   16   77.54627   75.05595  3.21%  42.4 35930s
 5872629 803425     cutoff  116        77.54627   75.05909  3.21%  42.4 35976s
 5878252 803465     cutoff   84        77.54627   75.06161  3.20%  42.4 36020s
 5885093 803546   76.54568   94  156   77.54627   75.06523  3.20%  42.4 36065s
 5890728 803460     cutoff   89        77.54627   75.06799  3.20%  42.4 36105s
 5898056 803418   75.68772   94   91   77.54627   75.07145  3.19%  42.4 36146s
 5902649 803598 infeasible   92        77.54627   75.07356  3.19%  42.4 36190s
 5909977 803612 infeasible   98        77.54627   75.07750  3.18%  42.4 36223s
 5914471 803657     cutoff   94        77.54627   75.07929  3.18%  42.4 36271s
 5921789 803713     cutoff   89        77.54627   75.08272  3.18%  42.5 36314s
 5921960 803713   77.51887   90   93   77.54627   75.08278  3.18%  42.5 36315s
 5927384 803685   75.58855   98   63   77.54627   75.08452  3.17%  42.5 36361s
 5934101 803854   75.76348   99   48   77.54627   75.08852  3.17%  42.5 36406s
 5939754 804047 infeasible   90        77.54627   75.09193  3.16%  42.5 36444s
 5942808 804047   75.49796   84  136   77.54627   75.09229  3.16%  42.5 36445s
 5945287 804067 infeasible   92        77.54627   75.09454  3.16%  42.5 36486s
 5950898 804092     cutoff   94        77.54627   75.09696  3.16%  42.5 36529s
 5952535 804092     cutoff   88        77.54627   75.09720  3.16%  42.5 36530s
 5957923 804304   76.48216   87   98   77.54627   75.10034  3.15%  42.5 36575s
 5963467 804371   76.50216   90   85   77.54627   75.10293  3.15%  42.5 36618s
 5970365 804447   75.13070   94   98   77.54627   75.10616  3.15%  42.5 36662s
 5976210 804314   76.49544  104   58   77.54627   75.10785  3.14%  42.5 36701s
 5982463 804115     cutoff   97        77.54627   75.11198  3.14%  42.5 36743s
 5988037 804086   75.43747   84  102   77.54627   75.11464  3.14%  42.5 36789s
 5992077 804086     cutoff  120        77.54627   75.11516  3.14%  42.5 36791s
 5995366 803865     cutoff   88        77.54627   75.11793  3.13%  42.5 36828s
 5999887 803645     cutoff   90        77.54627   75.12009  3.13%  42.5 36881s
 6007215 803589   75.82992   94  118   77.54627   75.12307  3.12%  42.5 36931s
