
Gurobi 9.5.2 (linux64) logging started Wed Jul 29 07:10:02 2026

Set parameter LogFile to value "logs/oracle_RmediumCmanyTtight_33_gurobi.log"
Gurobi Optimizer version 9.5.2 build v9.5.2rc0 (linux64)
Thread count: 16 physical cores, 32 logical processors, using up to 32 threads
Optimize a model with 5600 rows, 3228 columns and 19440 nonzeros
Model fingerprint: 0x91a82857
Variable types: 2017 continuous, 1211 integer (1211 binary)
Coefficient statistics:
  Matrix range     [2e-02, 1e+03]
  Objective range  [1e+00, 1e+00]
  Bounds range     [1e+00, 1e+00]
  RHS range        [3e-02, 5e+02]
Presolve removed 1740 rows and 630 columns
Presolve time: 0.68s
Presolved: 3860 rows, 2598 columns, 17152 nonzeros
Variable types: 1544 continuous, 1054 integer (1054 binary)

Root relaxation: objective 6.279024e+01, 3772 iterations, 1.69 seconds (0.16 work units)

    Nodes    |    Current Node    |     Objective Bounds      |     Work
 Expl Unexpl |  Obj  Depth IntInf | Incumbent    BestBd   Gap | It/Node Time

     0     0   62.79024    0  335          -   62.79024      -     -    3s
     0     0   64.10790    0  327          -   64.10790      -     -    5s
     0     0   64.10908    0  328          -   64.10908      -     -    6s
     0     0   64.10927    0  328          -   64.10927      -     -    6s
     0     0   64.90676    0  350          -   64.90676      -     -    7s
     0     0   64.96710    0  341          -   64.96710      -     -    8s
     0     0   64.98246    0  346          -   64.98246      -     -    8s
     0     0   64.98329    0  347          -   64.98329      -     -    8s
     0     0   64.98329    0  348          -   64.98329      -     -    8s
     0     0   65.96820    0  364          -   65.96820      -     -    9s
     0     0   66.04975    0  314          -   66.04975      -     -   10s
     0     0   66.06204    0  358          -   66.06204      -     -   10s
     0     0   66.06475    0  349          -   66.06475      -     -   10s
     0     0   66.06482    0  359          -   66.06482      -     -   10s
     0     0   66.68171    0  355          -   66.68171      -     -   12s
     0     0   66.76276    0  353          -   66.76276      -     -   13s
     0     0   66.77362    0  349          -   66.77362      -     -   13s
     0     0   66.77484    0  354          -   66.77484      -     -   13s
     0     0   66.77493    0  352          -   66.77493      -     -   13s
     0     0   66.85998    0  356          -   66.85998      -     -   13s
     0     0   66.86789    0  372          -   66.86789      -     -   14s
     0     0   66.87209    0  374          -   66.87209      -     -   14s
     0     0   66.94829    0  335          -   66.94829      -     -   15s
     0     0   66.95229    0  348          -   66.95229      -     -   15s
     0     0   66.95266    0  351          -   66.95266      -     -   15s
     0     0   67.03933    0  331          -   67.03933      -     -   16s
     0     0   67.05222    0  329          -   67.05222      -     -   16s
     0     0   67.05432    0  330          -   67.05432      -     -   16s
     0     0   67.05432    0  330          -   67.05432      -     -   16s
     0     0   67.08877    0  298          -   67.08877      -     -   17s
     0     0   67.09214    0  314          -   67.09214      -     -   17s
     0     0   67.09305    0  311          -   67.09305      -     -   18s
     0     0   67.10842    0  319          -   67.10842      -     -   18s
     0     0   67.11030    0  324          -   67.11030      -     -   19s
     0     0   67.11039    0  324          -   67.11039      -     -   19s
     0     0   67.13790    0  280          -   67.13790      -     -   19s
     0     0   67.14952    0  274          -   67.14952      -     -   20s
     0     0   67.14971    0  273          -   67.14971      -     -   20s
     0     0   67.18076    0  327          -   67.18076      -     -   20s
     0     0   67.18443    0  326          -   67.18443      -     -   21s
     0     0   67.18443    0  326          -   67.18443      -     -   21s
     0     0   67.19316    0  328          -   67.19316      -     -   21s
     0     0   67.19374    0  316          -   67.19374      -     -   22s
     0     0   67.22024    0  311          -   67.22024      -     -   22s
     0     0   67.23039    0  311          -   67.23039      -     -   23s
     0     0   67.23101    0  312          -   67.23101      -     -   23s
     0     0   67.23240    0  310          -   67.23240      -     -   23s
     0     0   67.23279    0  312          -   67.23279      -     -   24s
     0     0   67.23308    0  317          -   67.23308      -     -   24s
     0     0   67.23308    0  242          -   67.23308      -     -   25s
H    0     0                     184.1076791   67.23308  63.5%     -   31s
     0     2   67.23308    0  242  184.10768   67.23308  63.5%     -   32s
H   46    48                     146.5337772   67.27275  54.1%   100   33s
H   79    96                     126.3143174   67.27275  46.7%  71.8   34s
H   92    96                     125.1171105   67.27275  46.2%  66.1   34s
H  126   143                     112.8350474   67.27275  40.4%  55.7   36s
H  133   143                     111.9812778   67.27275  39.9%  53.5   36s
H  174   191                     101.0301044   67.27275  33.4%  45.1   44s
H  174   191                      99.6450721   67.27275  32.5%  45.1   44s
H  175   191                      98.6769724   67.27275  31.8%  44.9   44s
H  223   236                      98.5872320   67.27275  31.8%  39.7   46s
H  224   236                      98.5078422   67.27275  31.7%  39.6   46s
H  225   236                      98.5065108   67.27275  31.7%  39.5   46s
H  226   236                      98.3312324   67.27275  31.6%  39.4   46s
H  228   236                      89.5872320   67.27275  24.9%  39.2   46s
H  234   236                      86.7998829   67.27275  22.5%  38.6   46s
H  303   297                      85.5419367   67.27275  21.4%  33.7   50s
H  320   312                      83.2488757   67.27275  19.2%  33.2   81s
H  321   312                      81.5469998   67.27275  17.5%  33.1   81s
H  323   312                      80.8020179   67.27275  16.7%  32.9   81s
H  413   392                      80.5504307   67.27275  16.5%  32.8   86s
H  418   392                      80.5253549   67.27275  16.5%  32.6   86s
   519   488   67.76962   31  303   80.52535   67.27275  16.5%  29.2   90s
H  643   588                      80.4828129   67.27275  16.4%  26.8   93s
   738   676   67.98972   37  313   80.48281   67.27275  16.4%  25.6   97s
H  743   676                      80.4828128   67.27275  16.4%  25.5   97s
H  747   676                      80.4687948   67.27275  16.4%  25.5   97s
   791   714   68.00465   39  308   80.46879   67.27275  16.4%  24.8  102s
   948   852   68.00465   43  282   80.46879   67.27275  16.4%  22.0  108s
H  961   852                      80.3811796   67.27275  16.3%  22.1  108s
  1065   917   68.13012   48  290   80.38118   67.27275  16.3%  21.5  111s
  1353  1172   68.19626   60  347   80.38118   67.27275  16.3%  22.9  116s
  1639  1396   68.58988   78  312   80.38118   67.27275  16.3%  25.7  121s
H 1785  1513                      80.3654641   67.27275  16.3%  27.3  127s
H 1790  1395                      79.2821308   67.27275  15.1%  27.3  127s
  1974  1532 infeasible  102        79.28213   67.29783  15.1%  27.5  133s
H 1984  1523                      79.2414399   67.29783  15.1%  27.7  133s
  2031  1568   68.43255    7  246   79.24144   67.29783  15.1%  28.0  135s
H 2034  1392                      78.2414399   67.29783  14.0%  28.0  135s
  2048  1389   68.63223   22  242   78.24144   67.29783  14.0%  28.0  151s
  2050  1390   70.75409   89  355   78.24144   67.29783  14.0%  28.0  158s
  2051  1391   76.44827    8  226   78.24144   67.29783  14.0%  28.0  162s
  2057  1395   70.51323   37  256   78.24144   68.60423  12.3%  27.9  166s
  2062  1398   70.37141   40  233   78.24144   69.25586  11.5%  27.8  171s
  2066  1401   75.87772   14  303   78.24144   69.68044  10.9%  27.8  175s
  2071  1404   75.30198   94  279   78.24144   69.78943  10.8%  27.7  180s
  2076  1408   70.37379   38  291   78.24144   69.84617  10.7%  27.6  186s
  2080  1410   70.64219    8  264   78.24144   69.90207  10.7%  27.6  192s
  2084  1413   71.39205   40  344   78.24144   69.97549  10.6%  27.5  196s
  2089  1416   70.58660   79  225   78.24144   70.00345  10.5%  27.5  201s
  2093  1419   70.10032   32  247   78.24144   70.03090  10.5%  27.4  207s
  2097  1422   70.06136   39  275   78.24144   70.06136  10.5%  27.3  212s
  2101  1424   70.82858   36  298   78.24144   70.07905  10.4%  27.3  215s
  2107  1428   70.97787   40  333   78.24144   70.09255  10.4%  27.2  220s
H 2107  1355                      78.1738220   70.09255  10.3%  27.2  222s
  2112  1359   75.04813   63  279   78.17382   70.11013  10.3%  27.2  226s
  2113  1359   70.27893   42  292   78.17382   70.11673  10.3%  27.1  231s
  2116  1361   70.82367   60  232   78.17382   70.12370  10.3%  27.1  236s
  2121  1365   70.13458   29  245   78.17382   70.13458  10.3%  27.0  240s
  2126  1368   71.48666   52  300   78.17382   70.14245  10.3%  27.0  247s
  2129  1370   70.41974   65  350   78.17382   70.14487  10.3%  26.9  250s
  2130  1371   71.36606   78  324   78.17382   70.14614  10.3%  26.9  255s
H 2134  1306                      78.1738220   70.14614  10.3%  42.4  263s
  2136  1307   78.15470   65  153   78.17382   70.14614  10.3%  42.4  269s
  2137  1308   70.14614   26  248   78.17382   70.14614  10.3%  42.4  270s
  2146  1314   70.65939   42  249   78.17382   70.15428  10.3%  42.2  277s
  2149  1316   70.75409   89  188   78.17382   70.17214  10.2%  42.1  282s
  2154  1319   73.34102   48  303   78.17382   70.18612  10.2%  42.0  287s
  2159  1322   70.20571   31  238   78.17382   70.20571  10.2%  41.9  292s
  2163  1325   76.92550   57  306   78.17382   70.21876  10.2%  41.9  297s
  2166  1327   75.87772   14  299   78.17382   70.23305  10.2%  41.8  302s
  2169  1329   70.24161   57  211   78.17382   70.24161  10.1%  41.8  307s
  2173  1332   70.41974   62  303   78.17382   70.24603  10.1%  41.7  310s
  2179  1336   71.98122   19  221   78.17382   70.25147  10.1%  41.6  317s
  2183  1338   70.25770   24  229   78.17382   70.25770  10.1%  41.5  321s
  2188  1342   70.25961   65  243   78.17382   70.25961  10.1%  41.4  325s
  2192  1344   70.26421   47  245   78.17382   70.26421  10.1%  41.3  331s
  2195  1346   70.26450   56  276   78.17382   70.26450  10.1%  41.3  335s
  2201  1350   70.82858   36  257   78.17382   70.26652  10.1%  41.1  340s
  2203  1352   70.72395   70  189   78.17382   70.26652  10.1%  41.1  345s
  2205  1356   70.40914   29  259   78.17382   70.40914  9.93%  50.6  366s
  2207  1359   70.52574   30  247   78.17382   70.51664  9.80%  50.9  371s
  2219  1378   77.17392   32  139   78.17382   70.64211  9.63%  53.6  375s
  2298  1426   71.33373   35  252   78.17382   70.82966  9.39%  62.5  401s
H 2303  1355                      78.1174198   70.82966  9.33%  62.7  401s
  2362  1392   71.52190   37  280   78.11742   70.82966  9.33%  65.8  439s
H 2369  1324                      78.1017043   70.82966  9.31%  66.0  439s
  2394  1346   71.53829   38  293   78.10170   70.82966  9.31%  67.0  448s
  2432  1372   71.62357   39  276   78.10170   70.82966  9.31%  67.3  458s
  2541  1456   71.79165   41  330   78.10170   70.82966  9.31%  68.2  460s
  3020  1630   71.86052   50  161   78.10170   70.82966  9.31%  67.7  465s
  3581  1821   71.90145   70  229   78.10170   70.82966  9.31%  66.5  470s
  4734  2283   72.53427   99  156   78.10170   70.82966  9.31%  63.9  475s
  5499  2418   73.55200  122   59   78.10170   70.86140  9.27%  64.6  480s
  6371  2903 infeasible   50        78.10170   70.89402  9.23%  64.1  485s
  6708  2979   70.89845   39  210   78.10170   70.89402  9.23%  63.9  509s
  6745  3212   70.89862   40  211   78.10170   70.89402  9.23%  63.9  510s
  8089  4273   71.26651   69  104   78.10170   70.89402  9.23%  61.1  516s
  9269  5220   73.85202  103   90   78.10170   70.89402  9.23%  58.8  520s
 10502  6172   77.36379   40  207   78.10170   70.90029  9.22%  56.2  526s
 11436  6799   73.90837   42  164   78.10170   70.90836  9.21%  54.9  531s
 12378  7435   76.02980   60  108   78.10170   70.90836  9.21%  53.7  535s
 13955  8378   73.92273   43  135   78.10170   71.00802  9.08%  52.6  541s
 15503  9178   71.03118   39  176   78.10170   71.03118  9.05%  52.4  591s
H15521  9178                      78.1017043   71.03203  9.05%  52.4  591s
 16148  9610   76.09547   48  120   78.10170   71.03203  9.05%  52.5  602s
H16259  9610                      78.1017041   71.03203  9.05%  52.7  602s
H16263  9610                      78.1017030   71.03203  9.05%  52.7  602s
 16978 10284   72.00513   48  233   78.10170   71.03862  9.04%  52.5  607s
 17648 10584   72.15055   61  202   78.10170   71.03862  9.04%  52.3  610s
 18905 11439     cutoff  100        78.10170   71.07297  9.00%  51.7  617s
 19612 11897   71.15803   48  183   78.10170   71.07297  9.00%  51.6  621s
 21107 12909     cutoff   45        78.10170   71.11585  8.94%  51.3  628s
 22084 13922   74.50095   63  109   78.10170   71.12824  8.93%  50.8  636s
 25299 15550   73.97886   57  101   78.10170   71.28719  8.73%  48.2  642s
 26183 16214   74.38489   62   97   78.10170   71.28719  8.73%  48.0  646s
 27294 16912 infeasible   65        78.10170   71.28719  8.73%  47.6  651s
 30467 19269   72.39754   60   88   78.10170   71.42777  8.55%  46.4  662s
 32586 20398   74.72899   67   99   78.10170   71.44652  8.52%  46.1  667s
 34460 20574   73.18826   85   19   78.10170   71.45490  8.51%  45.5  671s
 34856 21227   73.65800   61  115   78.10170   71.46011  8.50%  45.5  675s
 35940 22112   71.75067   57  165   78.10170   71.47311  8.49%  45.6  681s
 37251 23396 infeasible   75        78.10170   71.47756  8.48%  45.6  686s
 39179 24323   74.54726   72  117   78.10170   71.50406  8.45%  45.4  691s
 40660 25132   72.20909   59  137   78.10170   71.50584  8.45%  45.1  696s
 42245 25953   72.79203   71   66   78.10170   71.51996  8.43%  44.8  702s
 43580 26850   71.68850   57  118   78.10170   71.53716  8.41%  44.8  708s
 45078 27861     cutoff  108        78.10170   71.53716  8.41%  44.6  715s
 46804 28917   71.64784   60  148   78.10170   71.54651  8.39%  44.5  723s
 48614 31053   75.50896  127   46   78.10170   71.55010  8.39%  44.3  729s
 52019 32009   75.76588  106   64   78.10170   71.58921  8.34%  43.4  735s
 53660 32572   77.37672   73  111   78.10170   71.59498  8.33%  43.3  741s
 54715 33817   74.97076  104   62   78.10170   71.60279  8.32%  43.3  747s
 56695 34861 infeasible   61        78.10170   71.62117  8.30%  43.2  752s
 58688 35763   75.03227   88   10   78.10170   71.62670  8.29%  43.3  760s
 60652 35764   73.88056   64  242   78.10170   71.63607  8.28%  43.3  890s
 60654 35765   73.98194   77  312   78.10170   71.63607  8.28%  43.3  898s
 60655 35766   76.14952  145  254   78.10170   71.63607  8.28%  43.3  906s
 60657 35767   72.75955   58  272   78.10170   71.63607  8.28%  43.3  910s
 60662 35771   75.48770   84  211   78.10170   71.63607  8.28%  43.3  921s
 60667 35774   74.83745   91  249   78.10170   71.63607  8.28%  43.3  926s
 60668 35775   74.30168   68  237   78.10170   71.63607  8.28%  43.3  932s
 60672 35777   73.00772   62  307   78.10170   71.63607  8.28%  43.3  936s
 60673 35778   78.09538   60  219   78.10170   71.63607  8.28%  43.3  946s
 60677 35781   72.22809   74  312   78.10170   71.63607  8.28%  43.3  951s
 60678 35781   76.17955   82  281   78.10170   71.63607  8.28%  43.3  960s
 60681 35783   74.03320   81  359   78.10170   71.63607  8.28%  43.3  966s
 60682 35784   75.76108   60  286   78.10170   71.63607  8.28%  43.3  975s
 60684 35785   75.15998   69  363   78.10170   71.63607  8.28%  43.3  981s
 60685 35786   74.72802   46  292   78.10170   71.63607  8.28%  43.3  990s
 60687 35787   77.40810  139  310   78.10170   71.63607  8.28%  43.3  997s
 60688 35788   72.59827   62  251   78.10170   71.63607  8.28%  43.3 1007s
 60691 35790   72.79467   58  241   78.10170   71.63607  8.28%  43.3 1013s
 60692 35791   74.21870   60  262   78.10170   71.63607  8.28%  43.3 1023s
 60694 35792   75.84619   83  280   78.10170   71.63607  8.28%  43.3 1028s
H60694 34001                      78.1017029   71.63607  8.28%  43.3 1033s
 60695 34002   74.81872  107  243   78.10170   71.63607  8.28%  43.3 1036s
 60700 34005   74.82401   86  283   78.10170   71.63607  8.28%  43.3 1043s
 60701 34006   75.50479   86  295   78.10170   71.63607  8.28%  43.3 1048s
 60704 34008   76.95729  109  343   78.10170   71.63607  8.28%  43.3 1054s
 60705 34008   75.50706   79  245   78.10170   71.63607  8.28%  43.3 1060s
 60706 34009   72.06013   72  272   78.10170   71.63607  8.28%  43.3 1065s
 60707 34010   77.86275   43  247   78.10170   71.63607  8.28%  43.3 1070s
 60709 34011   75.29609   87  237   78.10170   71.63607  8.28%  43.3 1078s
 60710 34012   74.36037   63  291   78.10170   71.63607  8.28%  43.3 1081s
 60711 34012   76.68523  108  310   78.10170   71.63607  8.28%  43.3 1086s
 60713 34014   75.03354  107  332   78.10170   71.63607  8.28%  43.3 1090s
 60714 34014   75.77259  108  241   78.10170   71.63607  8.28%  43.3 1100s
 60716 34016   75.03354  101  328   78.10170   71.63607  8.28%  43.2 1105s
 60720 34018   76.09094  100  352   78.10170   71.63607  8.28%  43.2 1113s
 60721 34019   75.19639  109  335   78.10170   71.63607  8.28%  43.2 1117s
 60725 34022   76.22799  110  366   78.10170   71.63607  8.28%  43.2 1121s
 60726 34022   76.52166   49  297   78.10170   71.63607  8.28%  43.2 1127s
 60728 34024   74.44686   66  315   78.10170   71.63607  8.28%  43.2 1131s
 60729 34024   74.97425   92  287   78.10170   71.63607  8.28%  43.2 1136s
 60731 34026   74.55098   75  337   78.10170   71.63607  8.28%  43.2 1141s
 60732 34026   76.97022  108  303   78.10170   71.63607  8.28%  43.2 1150s
 60734 34028   76.42602  115  323   78.10170   71.63607  8.28%  43.2 1159s
 60737 34030   75.91414   66  379   78.10170   71.63607  8.28%  43.2 1164s
 60738 34030   77.66075   36  304   78.10170   71.63607  8.28%  43.2 1170s
 60739 34031   72.24768   56  351   78.10170   71.63607  8.28%  43.2 1175s
 60740 34032   73.46543   69  332   78.10170   71.63607  8.28%  43.2 1181s
 60742 34033   74.88110  102  331   78.10170   71.63607  8.28%  43.2 1186s
 60743 34034   77.61558   64  287   78.10170   71.63607  8.28%  43.2 1195s
 60745 34035   74.17780   67  311   78.10170   71.63607  8.28%  43.2 1205s
 60747 34036   72.58944   80  300   78.10170   71.63607  8.28%  43.2 1211s
 60748 34037   75.33406  107  291   78.10170   71.63607  8.28%  43.2 1217s
 60749 34038   74.88971   55  351   78.10170   71.63607  8.28%  43.2 1222s
 60750 34038   76.26792   85  364   78.10170   71.63607  8.28%  43.2 1227s
 60751 34039   75.36962  141  369   78.10170   71.63607  8.28%  43.2 1232s
 60752 34040   73.88056   64  365   78.10170   71.63607  8.28%  43.2 1237s
 60753 34040   76.25147   36  375   78.10170   71.63607  8.28%  43.2 1241s
 60754 34041   73.98194   77  371   78.10170   71.63607  8.28%  43.2 1247s
 60755 34042   76.14952  145  377   78.10170   71.63607  8.28%  43.2 1252s
 60756 34042   76.54476  129  377   78.10170   71.63607  8.28%  43.2 1257s
 60758 34044   76.03588   96  378   78.10170   71.63607  8.28%  43.2 1262s
 60759 34044   74.38206  125  372   78.10170   71.63607  8.28%  43.2 1268s
 60761 34046   75.51169  103  369   78.10170   71.63607  8.28%  43.2 1273s
 60762 34046   75.48770   84  270   78.10170   71.63607  8.28%  43.2 1279s
 60763 34047   71.90634   78  344   78.10170   71.63607  8.28%  43.2 1280s
 60765 34048   74.04100  109  278   78.10170   71.63607  8.28%  43.2 1288s
 60766 34049   72.56396   66  328   78.10170   71.63607  8.28%  43.2 1292s
 60767 34050   74.83745   91  276   78.10170   71.63607  8.28%  43.2 1297s
 60771 34052   75.03857  112  315   78.10170   71.63607  8.28%  43.2 1302s
 60772 34053   73.00772   62  305   78.10170   71.63607  8.28%  43.2 1307s
 60777 34056   72.22809   74  385   78.10170   71.63607  8.28%  43.2 1312s
 60778 34057   76.17955   82  312   78.10170   71.63607  8.28%  43.2 1317s
 60780 34058   72.96049   64  340   78.10170   71.63607  8.28%  43.2 1321s
 60781 34059   74.03320   81  322   78.10170   71.63607  8.28%  43.2 1327s
 60782 34060   75.76108   60  362   78.10170   71.63607  8.28%  43.2 1331s
 60783 34060   75.13596   85  315   78.10170   71.63607  8.28%  43.2 1337s
 60785 34062   74.72802   46  322   78.10170   71.63607  8.28%  43.2 1342s
 60786 34062   74.60590   73  306   78.10170   71.63607  8.28%  43.2 1347s
 60787 34063   77.40810  139  332   78.10170   71.63607  8.28%  43.2 1351s
 60788 34064   72.59827   62  302   78.10170   71.63607  8.28%  43.2 1356s
 60789 34064   77.06931   91  344   78.10170   71.63607  8.28%  43.2 1360s
 60790 34065   75.06509  104  325   78.10170   71.63607  8.28%  43.2 1366s
 60791 34066   72.79467   58  330   78.10170   71.63607  8.28%  43.2 1371s
 60792 34066   74.21870   60  309   78.10170   71.63607  8.28%  43.2 1376s
 60793 34067   72.23631   72  318   78.10170   71.63607  8.28%  43.2 1380s
 60794 34068   75.84619   83  302   78.10170   71.63607  8.28%  43.2 1385s
 60796 34069   75.64924   69  308   78.10170   71.63607  8.28%  43.2 1396s
 60797 34070   74.05550   71  307   78.10170   71.63607  8.28%  43.2 1401s
 60798 34070   76.88434  120  307   78.10170   71.63607  8.28%  43.2 1406s
 60799 34074   71.63607   44  335   78.10170   71.63607  8.28%  44.1 1434s
 60801 34075   71.63607   45  275   78.10170   71.63607  8.28%  44.1 1453s
 60805 34076   71.63607   46  282   78.10170   71.63607  8.28%  44.1 1465s
 60811 34079   76.62188   47  168   78.10170   71.63607  8.28%  44.2 1478s
 60819 34082   77.14863   48  125   78.10170   71.63607  8.28%  44.2 1490s
 60832 34092   77.15657   49  172   78.10170   71.63607  8.28%  44.3 1502s
H60850 32380                      78.0840679   71.63607  8.26%  44.4 1502s
 60851 32390   77.16916   50  176   78.08407   71.63607  8.26%  44.4 1510s
 60883 32390   77.73434   51  227   78.08407   71.63607  8.26%  44.8 1519s
H60886 30769                      78.0840679   71.63607  8.26%  44.8 1519s
H60899 29225                      78.0840679   71.63607  8.26%  44.8 1519s
 60915 29235   77.79301   52  227   78.08407   71.63607  8.26%  44.9 1524s
 60947 29237 infeasible   53        78.08407   71.63607  8.26%  45.0 1580s
H61033 27779                      78.0840673   71.63607  8.26%  45.2 1593s
 61069 27800   71.63620   55  205   78.08407   71.63607  8.26%  45.3 1596s
 61127 27812   71.91659   57  147   78.08407   71.63607  8.26%  45.3 1600s
 61385 27813     cutoff   59        78.08407   71.63607  8.26%  45.5 1608s
 61478 27827   76.58164   61  180   78.08407   71.63607  8.26%  45.6 1610s
 61832 27941   72.17055   63  169   78.08407   71.63607  8.26%  45.8 1615s
 62478 28059   77.01452   71  129   78.08407   71.63607  8.26%  45.8 1621s
 62894 28170   71.63607   52  175   78.08407   71.63607  8.26%  45.9 1625s
 64007 28456   73.74191   76   81   78.08407   71.63607  8.26%  45.8 1631s
 64611 28681   73.82184  101  110   78.08407   71.63607  8.26%  45.8 1635s
 65547 28957   75.17346  125   17   78.08407   71.63607  8.26%  45.8 1641s
H66214 27598                      78.0840664   71.63607  8.26%  45.9 1657s
 66355 27743   71.63607   54  293   78.08407   71.63607  8.26%  45.9 1660s
 67166 27976   73.96789   58  280   78.08407   71.63607  8.26%  45.9 1665s
 68418 28409   75.89575   73  243   78.08407   71.63607  8.26%  45.9 1672s
 69394 28724   72.16142   55  225   78.08407   71.63607  8.26%  46.0 1677s
 70594 28897   72.26360   57  220   78.08407   71.63607  8.26%  45.9 1681s
 71375 28771   72.01972   76   60   78.08407   71.63607  8.26%  46.0 1685s
 71752 28723   76.69819   61  104   78.08407   71.63607  8.26%  46.0 1692s
 72012 28934     cutoff   63        78.08407   71.63607  8.26%  46.1 1695s
 72583 29009   71.71555   57  318   78.08407   71.63607  8.26%  46.2 1701s
 73162 29197   72.47504   60  261   78.08407   71.63607  8.26%  46.3 1705s
 74615 29532   75.99598   77  149   78.08407   71.69595  8.18%  46.3 1713s
 75484 29736   72.11107   60  240   78.08407   71.71137  8.16%  46.2 1717s
 76254 29966   74.39325   67   90   78.08407   71.71137  8.16%  46.3 1721s
 77019 30157   74.98427   96   24   78.08407   71.71137  8.16%  46.3 1725s
 77840 30111   75.46134  145   15   78.08407   71.76271  8.10%  46.3 1733s
 78282 30410 infeasible   67        78.08407   71.76271  8.10%  46.3 1737s
 78991 30622     cutoff   75        78.08407   71.78760  8.06%  46.4 1742s
 79860 30366   73.13971   60  242   78.08407   71.81706  8.03%  46.5 1752s
 79906 30831   73.46346   61  214   78.08407   71.81777  8.03%  46.6 1757s
 80723 30804   74.72866   74  121   78.08407   71.81777  8.03%  46.7 1764s
 81322 31098   74.97256  104   85   78.08407   71.82793  8.01%  46.8 1771s
 82159 31262 infeasible   76        78.08407   71.85598  7.98%  46.9 1777s
 82980 31328     cutoff   84        78.08407   71.97530  7.82%  47.1 1782s
 83745 31541   72.51250   75   99   78.08407   72.00133  7.79%  47.4 1789s
 84552 31824   72.16772   64  174   78.08407   72.16772  7.58%  47.6 1795s
 85626 31830   74.67478   69  112   78.08407   72.17260  7.57%  47.7 1800s
 86597 32055   74.47690   70  170   78.08407   72.18634  7.55%  48.1 1807s
 87670 32036   73.89104   80  112   78.08407   72.25769  7.46%  48.2 1814s
 88483 32144   73.41229   82   91   78.08407   72.27801  7.44%  48.6 1821s
 89430 32331   73.17235  111  132   78.08407   72.30221  7.40%  49.0 1832s
 90473 32581   74.52118   67  129   78.08407   72.31723  7.39%  49.3 1846s
 92115 32555 infeasible  113        78.08407   72.37011  7.32%  49.6 1855s
 93287 32386   75.85500   78   98   78.08407   72.39325  7.29%  50.0 1864s
 93891 32944 infeasible   65        78.08407   72.41241  7.26%  50.3 1875s
 95305 33359   73.45431   65  223   78.08407   72.41249  7.26%  50.8 1888s
 96917 33865   75.33108   81  151   78.08407   72.43231  7.24%  51.2 1900s
 98726 34138     cutoff   75        78.08407   72.46537  7.20%  51.5 1912s
 100526 34360   75.45975   74  111   78.08407   72.53432  7.11%  51.7 1926s
 102268 34756   74.10139   73  191   78.08407   72.54725  7.09%  52.0 1937s
 104210 35000   73.54553   76   45   78.08407   72.62563  6.99%  52.3 1952s
 105959 34784   75.38334  100   38   78.08407   72.62945  6.99%  52.4 1974s
 106631 35775   75.87678  109   36   78.08407   72.64286  6.97%  52.5 1988s
 108827 36108     cutoff   87        78.08407   72.68978  6.91%  52.7 2002s
 110972 35897 infeasible   85        78.08407   72.71890  6.87%  53.0 2017s
 112144 36215 infeasible  106        78.08407   72.72551  6.86%  53.2 2032s
 114642 35911     cutoff   89        78.08407   72.75455  6.83%  53.5 2046s
 116824 35958 infeasible   77        78.08407   72.78222  6.79%  53.9 2064s
 119219 36253   75.85444   86  115   78.08407   72.80693  6.76%  54.3 2080s
 121485 36897   73.00115   58  358   78.08407   72.82864  6.73%  54.5 2100s
 124240 37572   73.38753   66  167   78.08407   72.85439  6.70%  54.9 2116s
 127257 37573   75.18210   77   57   78.08407   72.89756  6.64%  55.2 2133s
 129559 37827   75.36601   78  141   78.08407   72.91721  6.62%  55.3 2152s
 131640 38760   73.19190   74  103   78.08407   72.91974  6.61%  55.5 2169s
 134974 38932 infeasible   61        78.08407   72.97380  6.54%  55.8 2190s
 137822 39804   74.50583   63  137   78.08407   72.99323  6.52%  56.1 2209s
 141379 40833   73.44227   68  130   78.08407   73.02152  6.48%  56.3 2231s
 144728 41597     cutoff   79        78.08407   73.05249  6.44%  56.7 2257s
 146069 43429   75.61505   74  181   78.08407   73.05456  6.44%  56.8 2282s
 149575 45211   74.90996   91  104   78.08407   73.09754  6.39%  57.2 2306s
 153391 45229 infeasible   69        78.08407   73.12563  6.35%  57.4 2499s
H153408 45229                      78.0840656   73.12563  6.35%  57.4 2499s
 153436 60803 infeasible   70        78.08407   73.12702  6.35%  57.4 2724s
 155438 60803   74.52437   71  119   78.08407   73.12897  6.35%  57.3 2725s
 183466 60803   74.46412   83  125   78.08407   73.14224  6.33%  57.4 2734s
 185468 62654   73.38172   73   81   78.08407   73.27248  6.16%  57.6 2764s
 187022 62654   76.01286   80  146   78.08407   73.28242  6.15%  57.6 2765s
 189968 62674   73.61342   95   91   78.08407   73.30724  6.12%  57.6 2798s
 190091 64095 infeasible   99        78.08407   73.32430  6.10%  57.6 2816s
 193671 65371   75.72544   91   71   78.08407   73.37171  6.03%  57.6 2837s
 197075 66437   73.58822   59  210   78.08407   73.39541  6.00%  57.7 2864s
 199606 68177   73.51389   86  110   78.08407   73.40314  5.99%  57.8 2883s
 203170 69333     cutoff   86        78.08407   73.43401  5.96%  57.8 2901s
 206148 70385   77.83155   67  194   78.08407   73.45194  5.93%  58.0 2926s
 208668 71276   74.36668   65  333   78.08407   73.46648  5.91%  58.1 2950s
 211604 72275     cutoff   97        78.08407   73.48480  5.89%  58.3 2974s
 214982 73087   75.04827   76  157   78.08407   73.51401  5.85%  58.6 3000s
 217523 74659   74.22247   66  264   78.08407   73.53478  5.83%  58.8 3033s
 222128 75954   74.26262   62  286   78.08407   73.56636  5.79%  59.1 3059s
 222481 75954     cutoff  105        78.08407   73.57310  5.78%  59.2 3060s
 225555 77079   76.65414   76  100   78.08407   73.59882  5.74%  59.4 3084s
 228507 78799   76.78212   77  106   78.08407   73.63044  5.70%  59.6 3108s
 232345 80247     cutoff   64        78.08407   73.66387  5.66%  59.8 3132s
 235480 81604     cutoff   69        78.08407   73.69061  5.63%  60.0 3158s
 238157 83502     cutoff   79        78.08407   73.69518  5.62%  60.1 3183s
 242220 85338   74.00687   64  196   78.08407   73.73209  5.57%  60.2 3209s
 245872 86595   76.55571  111   85   78.08407   73.75350  5.55%  60.3 3235s
 248927 88205   76.60304   96   59   78.08407   73.76664  5.53%  60.4 3261s
 253161 89931   77.40552   95  129   78.08407   73.79025  5.50%  60.5 3284s
 256429 89931   74.87416   82   74   78.08407   73.79937  5.49%  60.5 3285s
 256538 91386     cutoff   74        78.08407   73.80602  5.48%  60.5 3311s
 259720 93137   76.06037   63  241   78.08407   73.82401  5.46%  60.5 3339s
 260035 93137   76.64127   72  160   78.08407   73.83136  5.45%  60.5 3340s
 263080 94610 infeasible   71        78.08407   73.83842  5.44%  60.5 3364s
 266318 96194   74.04184   75  102   78.08407   73.86291  5.41%  60.6 3394s
 269550 97806   76.72580   80   70   78.08407   73.86862  5.40%  60.6 3416s
 272838 99740   75.98230   68  195   78.08407   73.88621  5.38%  60.6 3442s
 276455 101219 infeasible   77        78.08407   73.89930  5.36%  60.7 3469s
 279845 103325   74.91813   82   16   78.08407   73.91497  5.34%  60.6 3493s
 284236 105009   77.21614   88   62   78.08407   73.93081  5.32%  60.5 3521s
 287888 106556   74.81547   94   47   78.08407   73.93805  5.31%  60.3 3541s
 290789 107941   75.34867   65  260   78.08407   73.94648  5.30%  60.2 3562s
 294458 109562   75.11102   95  193   78.08407   73.95665  5.29%  60.1 3583s
 297616 110886   74.35844   64  225   78.08407   73.96424  5.28%  60.1 3606s
 299800 111526   74.05150   95   28   78.08407   73.97102  5.27%  60.0 3638s
 300897 113930   74.36830   73  174   78.08407   73.97386  5.26%  60.0 3663s
 305095 115776   74.60046   72  160   78.08407   73.98739  5.25%  59.9 3691s
 308049 117867     cutoff   80        78.08407   73.99053  5.24%  59.8 3720s
 312002 119559   74.85579   75  141   78.08407   74.00050  5.23%  59.7 3744s
 315069 121016   77.41542   83  149   78.08407   74.01021  5.22%  59.7 3780s
 317854 123019   75.24919   65  202   78.08407   74.01613  5.21%  59.6 3803s
 321509 125040   74.64796  114   27   78.08407   74.02731  5.20%  59.6 3827s
 325224 126587   76.15148  154   15   78.08407   74.03863  5.18%  59.5 3854s
 325295 126587     cutoff  100        78.08407   74.03895  5.18%  59.5 3855s
 328387 128758   76.59915   65  206   78.08407   74.04354  5.17%  59.4 3877s
 332055 130781   76.26787   76   88   78.08407   74.04822  5.17%  59.3 3901s
 335530 132762   75.69867   90   36   78.08407   74.05692  5.16%  59.3 3927s
 338619 134268   74.93175   85  103   78.08407   74.06161  5.15%  59.2 3956s
 341990 136358   74.60332   72  104   78.08407   74.07153  5.14%  59.2 3989s
 346061 138020   75.28237   69  221   78.08407   74.07758  5.13%  59.2 4014s
 349470 139607     cutoff   89        78.08407   74.08025  5.13%  59.1 4039s
 352959 141649   74.52696   71  158   78.08407   74.08970  5.12%  59.0 4060s
 357273 143120   76.81046   75  131   78.08407   74.09772  5.11%  58.9 4082s
 360014 144935   76.11776  108   42   78.08407   74.10356  5.10%  58.8 4106s
 363716 146996   75.56755   85  112   78.08407   74.10974  5.09%  58.7 4127s
 367130 148744 infeasible   81        78.08407   74.11919  5.08%  58.6 4159s
 369963 151381   74.90779   95   68   78.08407   74.12392  5.07%  58.5 4187s
 374413 153102   76.20512   79  170   78.08407   74.13338  5.06%  58.4 4211s
 377429 154563     cutoff   64        78.08407   74.13810  5.05%  58.4 4232s
 380107 156041   74.46876   84  140   78.08407   74.13980  5.05%  58.3 4254s
 383551 157904   74.80676   74  144   78.08407   74.14559  5.04%  58.3 4275s
 387188 159488   77.74641   93  134   78.08407   74.15041  5.04%  58.2 4296s
 389954 161793   75.70514   68  251   78.08407   74.15468  5.03%  58.1 4316s
 393754 164099   75.38364  104   65   78.08407   74.16008  5.03%  58.0 4342s
 397533 165741   74.54788   72  175   78.08407   74.16420  5.02%  57.8 4359s
 400527 168234   77.12995   65  146   78.08407   74.16944  5.01%  57.7 4383s
 405093 170091     cutoff   76        78.08407   74.17479  5.01%  57.6 4401s
 408436 171154   74.61770   78  140   78.08407   74.17966  5.00%  57.5 4420s
 410774 173274   75.67083   70  215   78.08407   74.18320  5.00%  57.5 4442s
 414610 175488   74.38877   74  112   78.08407   74.18962  4.99%  57.3 4462s
 418278 176961   74.32493   71  159   78.08407   74.19334  4.98%  57.2 4483s
 421378 178775   74.72301   96   66   78.08407   74.19601  4.98%  57.1 4505s
 424794 180645   75.62037   81  120   78.08407   74.20325  4.97%  57.0 4524s
 428695 182392   75.47232  132   11   78.08407   74.20710  4.97%  56.8 4547s
 431573 185382   74.62581  131   62   78.08407   74.20958  4.96%  56.7 4572s
 436531 185538   75.09004  140   54   78.08407   74.21489  4.96%  56.5 4597s
 436823 187582   75.28343  141   62   78.08407   74.21505  4.95%  56.5 4619s
 440291 189620   75.90496  119   49   78.08407   74.21927  4.95%  56.4 4640s
 443778 190946   74.65864   69  121   78.08407   74.22259  4.95%  56.3 4663s
 446532 192600   75.38350   78   88   78.08407   74.22460  4.94%  56.3 4683s
 450163 194255   74.41829   98   67   78.08407   74.23023  4.94%  56.2 4707s
 453484 195658   75.35932   86   77   78.08407   74.23427  4.93%  56.1 4731s
 456347 198000   76.18946  114   41   78.08407   74.23552  4.93%  56.1 4752s
 460483 200369   74.37803  103   29   78.08407   74.23986  4.92%  55.9 4779s
 462223 200369   77.35353  101   53   78.08407   74.24236  4.92%  55.9 4780s
 464707 201824   74.94409  105   31   78.08407   74.24504  4.92%  55.8 4800s
 467731 203583   76.08564  106   21   78.08407   74.24619  4.92%  55.7 4823s
 471460 205413   76.43003   66  195   78.08407   74.25034  4.91%  55.7 4844s
 474975 206905   74.48627   78  146   78.08407   74.25452  4.90%  55.6 4866s
 477896 209177     cutoff   83        78.08407   74.25773  4.90%  55.5 4887s
 481787 210802   77.21058   93    5   78.08407   74.26125  4.90%  55.4 4909s
 485551 212466   75.30332   75   97   78.08407   74.26526  4.89%  55.3 4932s
 488800 214655   74.34272   77  121   78.08407   74.26627  4.89%  55.2 4954s
 491525 214655   74.73243   82   62   78.08407   74.26994  4.88%  55.1 4955s
 492569 217356   74.57908   96   45   78.08407   74.27093  4.88%  55.1 4981s
 497557 218860   74.58741   72  211   78.08407   74.27507  4.88%  55.0 5004s
 500152 220944     cutoff   66        78.08407   74.27564  4.88%  54.9 5024s
 503798 223002   75.71431   94  184   78.08407   74.28089  4.87%  54.8 5046s
 507590 224686   74.94445  103   95   78.08407   74.28303  4.87%  54.7 5068s
 510722 226849   74.72956   77  131   78.08407   74.28445  4.87%  54.6 5092s
 514438 228925   75.88045  106   80   78.08407   74.28755  4.86%  54.5 5114s
 517869 230684   75.33147  114   95   78.08407   74.29146  4.86%  54.4 5136s
 520980 232882   74.81951   70  169   78.08407   74.29369  4.85%  54.3 5164s
 524619 235438 infeasible   77        78.08407   74.29709  4.85%  54.2 5194s
 524962 235438   75.91724   79  123   78.08407   74.29745  4.85%  54.2 5195s
 529639 236934   74.79530   62   84   78.08407   74.29939  4.85%  54.1 5218s
 532026 238649   74.97321   82  121   78.08407   74.30146  4.84%  54.1 5238s
 535974 241424   75.04414   95  105   78.08407   74.30399  4.84%  54.0 5260s
 540527 243251   77.62029   78   53   78.08407   74.30774  4.84%  53.8 5283s
 543546 244960   74.57374   87   46   78.08407   74.31057  4.83%  53.7 5305s
 547050 247129   75.49190  120   46   78.08407   74.31245  4.83%  53.7 5328s
 550815 249214   76.43226   85  169   78.08407   74.31604  4.83%  53.6 5349s
 554140 252056   75.14027  132   22   78.08407   74.31754  4.82%  53.5 5378s
 559230 253288   74.91645   66  215   78.08407   74.32048  4.82%  53.3 5400s
 561853 254759     cutoff   68        78.08407   74.32260  4.82%  53.3 5423s
 566206 256619   74.59259   82  106   78.08407   74.32489  4.81%  53.2 5445s
 569636 258306   75.03642  102   90   78.08407   74.32601  4.81%  53.1 5477s
 572615 260450   75.57506   96   36   78.08407   74.32704  4.81%  53.0 5499s
 576464 262842   74.63764   84   75   78.08407   74.33057  4.81%  52.9 5521s
 580459 264262   76.08758   86   64   78.08407   74.33391  4.80%  52.8 5544s
 583492 267180   74.34087   85  127   78.08407   74.33569  4.80%  52.8 5572s
 588280 268984   75.17793   80  139   78.08407   74.33820  4.80%  52.7 5593s
 592340 270795   75.69703   84  100   78.08407   74.34130  4.79%  52.6 5613s
 595631 272579   75.63236   90   91   78.08407   74.34196  4.79%  52.5 5636s
 599113 274661     cutoff  103        78.08407   74.34533  4.79%  52.5 5660s
 603024 274867   74.67894  105   61   78.08407   74.34669  4.79%  52.4 5705s
 603440 276986   74.58508   78   54   78.08407   74.34685  4.79%  52.4 5728s
 607503 279126   76.02833  100   35   78.08407   74.34973  4.78%  52.3 5751s
 611155 280825   77.63060   86   47   78.08407   74.35177  4.78%  52.2 5772s
 614161 283670     cutoff   95        78.08407   74.35316  4.78%  52.2 5799s
 615126 283670   74.62483  107  105   78.08407   74.35455  4.78%  52.1 5800s
 619032 285446   74.84955   69  118   78.08407   74.35666  4.77%  52.1 5822s
 622134 287671   75.24422  106   23   78.08407   74.35950  4.77%  52.0 5844s
 626184 290012   74.75523   92   72   78.08407   74.36144  4.77%  51.9 5867s
 629918 291903   75.54112   80   25   78.08407   74.36411  4.76%  51.9 5890s
 633439 293675     cutoff  104        78.08407   74.36591  4.76%  51.8 5910s
 637266 295907   76.09393  118   42   78.08407   74.36775  4.76%  51.7 5927s
 641478 297483   75.82950  106   76   78.08407   74.36971  4.76%  51.7 5950s
 644542 299827   75.91135  102   84   78.08407   74.37043  4.76%  51.6 5974s
 649071 301668 infeasible  102        78.08407   74.37352  4.75%  51.5 5996s
 652681 303410     cutoff   99        78.08407   74.37597  4.75%  51.5 6018s
 655850 306107   75.62989   69  276   78.08407   74.37717  4.75%  51.5 6040s
 660356 308098   75.91397  100   50   78.08407   74.38036  4.74%  51.4 6063s
 664080 309948   74.93227   74  118   78.08407   74.38238  4.74%  51.4 6098s
 667629 312195     cutoff  104        78.08407   74.38355  4.74%  51.3 6124s
 671710 314605   75.03620   70  159   78.08407   74.38566  4.74%  51.3 6148s
 675817 316828     cutoff   73        78.08407   74.38804  4.73%  51.2 6175s
 680022 319280   75.68155   93  116   78.08407   74.39072  4.73%  51.1 6198s
 684398 321412   75.18576  102  120   78.08407   74.39331  4.73%  51.1 6221s
 688499 322997   74.56296  110   29   78.08407   74.39511  4.72%  51.0 6245s
 691738 325101   74.53079   84   92   78.08407   74.39619  4.72%  51.0 6268s
 696051 326992   75.23582   85   68   78.08407   74.39782  4.72%  50.9 6288s
 700002 328199 infeasible  152        78.08407   74.39990  4.72%  50.9 6309s
 702897 330238   77.47900   83  150   78.08407   74.40055  4.72%  50.9 6331s
 707115 332419   75.78477  101   42   78.08407   74.40378  4.71%  50.8 6364s
 711522 334286   75.66800  123   12   78.08407   74.40589  4.71%  50.8 6382s
 714921 336473   75.73198   84  225   78.08407   74.40871  4.71%  50.7 6409s
 718786 338589   75.33128  108  117   78.08407   74.41042  4.70%  50.7 6437s
 723022 340350   75.92360   89   37   78.08407   74.41239  4.70%  50.6 6459s
 723604 340350 infeasible   72        78.08407   74.41276  4.70%  50.6 6460s
 726343 342685   74.55323   77  112   78.08407   74.41359  4.70%  50.6 6483s
 730998 344951   75.28799  127   19   78.08407   74.41497  4.70%  50.6 6505s
 735339 344955 infeasible   83        78.08407   74.41744  4.70%  50.5 6725s
 735394 347451   77.15346   81  156   78.08407   74.41768  4.70%  50.5 6750s
 739780 349758   74.74406   76  129   78.08407   74.41900  4.69%  50.4 6779s
 743669 349758   75.94080  100  154   78.08407   74.42072  4.69%  50.4 6780s
 744819 350228   74.97085   70  193   78.08407   74.42203  4.69%  50.4 6825s
 745905 352378     cutoff   84        78.08407   74.42215  4.69%  50.4 6850s
 750681 353108   75.38029  107   23   78.08407   74.42445  4.69%  50.3 6892s
 752256 355607   74.60605   95   46   78.08407   74.42453  4.69%  50.3 6921s
 756774 358447 infeasible  100        78.08407   74.42689  4.68%  50.2 6948s
 761749 360625   75.35073   88  137   78.08407   74.42966  4.68%  50.2 6984s
 765928 363063     cutoff   79        78.08407   74.43171  4.68%  50.2 7011s
 770561 365771   75.02272   80  124   78.08407   74.43420  4.67%  50.1 7044s
 775788 367315   75.37790  104   36   78.08407   74.43565  4.67%  50.0 7073s
 779054 369304   75.04826   74  191   78.08407   74.43653  4.67%  50.0 7099s
 783456 371640   76.10552   83  203   78.08407   74.43851  4.67%  50.0 7125s
 788169 373371   75.87552  118   14   78.08407   74.44031  4.67%  49.9 7150s
 791707 375678   75.94642   69  193   78.08407   74.44143  4.67%  49.9 7178s
 796171 378544     cutoff  116        78.08407   74.44434  4.66%  49.8 7206s
 801048 381085   75.08016   89   47   78.08407   74.44649  4.66%  49.8 7239s
 806001 383321   74.99404   72  172   78.08407   74.44819  4.66%  49.7 7267s
 810736 385588   77.67714   72  145   78.08407   74.44943  4.65%  49.7 7289s
 814438 385588   76.58625  118   88   78.08407   74.45040  4.65%  49.6 7290s
 815141 389226   75.81437   79  134   78.08407   74.45096  4.65%  49.6 7314s
 821920 390348   74.73573   75  122   78.08407   74.45291  4.65%  49.5 7334s
 824409 391908 infeasible   79        78.08407   74.45417  4.65%  49.5 7356s
 828050 393910   76.81029  108  119   78.08407   74.45597  4.65%  49.4 7380s
 832549 397442   77.03615   99   64   78.08407   74.45754  4.64%  49.4 7411s
 839655 398895   76.09457   95  118   78.08407   74.45974  4.64%  49.3 7430s
 842671 400777   74.63870   90  117   78.08407   74.46074  4.64%  49.2 7450s
 846260 402281   74.98249  105   69   78.08407   74.46252  4.64%  49.2 7473s
 849369 404467   74.92424   86   75   78.08407   74.46323  4.64%  49.2 7496s
 853159 408366   74.99857   81   88   78.08407   74.46545  4.63%  49.1 7523s
 860158 409597   75.13834   81   61   78.08407   74.46586  4.63%  49.0 7547s
 862449 412057   74.91549   84  130   78.08407   74.46723  4.63%  49.0 7577s
 867531 415249     cutoff   76        78.08407   74.46799  4.63%  49.0 7609s
 873261 416649   76.72413   76  232   78.08407   74.47050  4.63%  48.8 7630s
 876410 418701   75.40909  124   21   78.08407   74.47224  4.63%  48.8 7653s
 880659 420544 infeasible   72        78.08407   74.47417  4.62%  48.8 7674s
 883220 420544   75.51310  106   33   78.08407   74.47477  4.62%  48.8 7675s
 884200 422778 infeasible   91        78.08407   74.47522  4.62%  48.7 7700s
 888360 426817   75.49369   93   38   78.08407   74.47620  4.62%  48.7 7723s
 895800 428865   77.75670   94  142   78.08407   74.47800  4.62%  48.6 7750s
 900819 431254   75.89276   82  157   78.08407   74.48030  4.62%  48.5 7778s
 905457 433309   75.97065  121   61   78.08407   74.48248  4.61%  48.5 7798s
 910008 434632   74.57194   82   60   78.08407   74.48355  4.61%  48.5 7821s
 913958 436907   75.31904   91   39   78.08407   74.48463  4.61%  48.5 7843s
 918363 441548   75.75186   94   19   78.08407   74.48631  4.61%  48.4 7865s
 926484 443382   75.08161  144   28   78.08407   74.48831  4.60%  48.3 7890s
 930706 445937   74.76810   83   69   78.08407   74.48982  4.60%  48.3 7918s
 936084 448103   75.42245   81   71   78.08407   74.49198  4.60%  48.3 7942s
 940242 450894   75.38091   80   96   78.08407   74.49318  4.60%  48.2 7969s
 945771 451719   75.97390  113   40   78.08407   74.49476  4.60%  48.2 8045s
 947443 454130   75.77404   82   61   78.08407   74.49489  4.60%  48.1 8077s
 952968 455938   75.96673   97   38   78.08407   74.49661  4.59%  48.1 8101s
 957641 458600   75.12430   77   86   78.08407   74.49815  4.59%  48.1 8131s
 963006 460544   76.31752   91   76   78.08407   74.50001  4.59%  48.0 8158s
 966754 463105   76.21074  105   58   78.08407   74.50146  4.59%  48.0 8184s
 971737 465148   75.12726   77  112   78.08407   74.50326  4.59%  48.0 8210s
 975897 469728   77.43204  139  109   78.08407   74.50434  4.58%  47.9 8233s
 983744 471102   75.86700  103   23   78.08407   74.50620  4.58%  47.8 8266s
 986832 473846     cutoff   85        78.08407   74.50708  4.58%  47.8 8295s
 992305 475846   76.45723  130   54   78.08407   74.50958  4.58%  47.8 8317s
 996241 478393   74.91478   81   33   78.08407   74.51050  4.58%  47.8 8341s
 1001061 480571   77.77925  101   39   78.08407   74.51202  4.57%  47.7 8366s
 1005513 484355 infeasible   77        78.08407   74.51375  4.57%  47.7 8392s
 1013343 486194   75.47280   85  199   78.08407   74.51565  4.57%  47.6 8415s
 1016732 488938   75.99692  124   60   78.08407   74.51652  4.57%  47.6 8446s
 1022223 490633   76.66302   89  157   78.08407   74.51848  4.57%  47.5 8472s
 1025648 493378     cutoff   72        78.08407   74.51873  4.57%  47.5 8501s
 1030834 495379   74.79740   87  110   78.08407   74.52114  4.56%  47.5 8531s
 1034594 497802   75.78941  128   46   78.08407   74.52194  4.56%  47.5 8560s
 1040034 501040   76.06245  105   86   78.08407   74.52406  4.56%  47.4 8586s
 1047517 503807   76.37006  107   32   78.08407   74.52619  4.56%  47.3 8615s
 1053292 505805   75.03887   85   86   78.08407   74.52758  4.55%  47.3 8636s
 1057039 508430   75.01443   73  195   78.08407   74.52824  4.55%  47.3 8665s
 1062145 510720   75.57957  107   55   78.08407   74.52998  4.55%  47.2 8692s
 1066754 513280   75.59077   88  178   78.08407   74.53152  4.55%  47.2 8717s
 1071857 515177   75.33810  105   40   78.08407   74.53302  4.55%  47.2 8743s
 1076378 517817   77.83101   75  194   78.08407   74.53394  4.55%  47.1 8776s
 1082023 519314   74.82161   73  143   78.08407   74.53583  4.54%  47.1 8807s
 1086097 521214   75.83377   77  109   78.08407   74.53684  4.54%  47.1 8833s
 1091071 523263     cutoff  100        78.08407   74.53862  4.54%  47.1 8858s
 1095501 525907   75.94978   75  177   78.08407   74.53956  4.54%  47.0 8885s
 1100944 529024   76.74566   79  195   78.08407   74.54141  4.54%  47.0 8910s
 1107444 531568   75.02422   96   44   78.08407   74.54297  4.53%  46.9 8941s
 1113094 533564 infeasible   98        78.08407   74.54420  4.53%  46.9 8964s
 1117203 535864   76.47621   85   53   78.08407   74.54500  4.53%  46.9 8988s
 1122209 537870     cutoff  115        78.08407   74.54724  4.53%  46.9 9014s
 1126860 539995     cutoff   82        78.08407   74.54822  4.53%  46.8 9041s
 1132330 541988   75.87531   71  113   78.08407   74.55053  4.53%  46.8 9064s
 1137095 544842   75.66473  140   38   78.08407   74.55173  4.52%  46.8 9092s
 1143437 548282 infeasible   82        78.08407   74.55339  4.52%  46.7 9112s
 1149471 548496   74.88238   73  177   78.08407   74.55398  4.52%  46.7 9149s
 1150082 550648   75.09478  109  130   78.08407   74.55438  4.52%  46.7 9170s
 1154748 552801   74.95567  115   35   78.08407   74.55633  4.52%  46.6 9194s
 1159321 554827   74.61398   73  107   78.08407   74.55797  4.52%  46.6 9217s
 1164106 557256   75.11650   69  181   78.08407   74.55901  4.51%  46.6 9241s
 1168433 559915   75.09611  107   78   78.08407   74.56025  4.51%  46.6 9274s
 1174449 561526   76.19724  107  118   78.08407   74.56200  4.51%  46.5 9294s
 1178585 563828   76.06035  111   30   78.08407   74.56317  4.51%  46.5 9317s
 1183753 566089   75.02881   70  177   78.08407   74.56479  4.51%  46.5 9341s
 1188151 568802   75.09428   91   47   78.08407   74.56623  4.51%  46.4 9365s
 1193384 571636   75.39932   91   35   78.08407   74.56781  4.50%  46.4 9392s
 1199306 574474   75.93621   78  147   78.08407   74.56871  4.50%  46.3 9423s
 1205457 575815     cutoff   96        78.08407   74.57044  4.50%  46.3 9448s
 1209305 577445   74.82625   75  133   78.08407   74.57175  4.50%  46.3 9474s
 1213922 579124 infeasible   86        78.08407   74.57342  4.50%  46.2 9502s
 1218758 580388     cutoff   91        78.08407   74.57456  4.49%  46.2 9523s
 1221881 582215   75.82210   70  331   78.08407   74.57566  4.49%  46.2 9541s
 1226254 584239     cutoff  104        78.08407   74.57822  4.49%  46.2 9563s
 1230723 586049     cutoff  123        78.08407   74.58075  4.49%  46.2 9591s
 1235229 588458   75.72104   83  183   78.08407   74.58319  4.48%  46.2 9622s
 1241215 590046   75.51387  104   27   78.08407   74.58521  4.48%  46.2 9648s
 1245452 591652   76.13184  124   68   78.08407   74.58710  4.48%  46.1 9673s
 1250675 593057   75.83832  101   59   78.08407   74.58894  4.48%  46.1 9698s
 1254281 594920 infeasible   73        78.08407   74.59068  4.47%  46.1 9722s
 1259130 596641   74.97640   76  151   78.08407   74.59385  4.47%  46.1 9749s
 1260351 596641   76.87419   80   73   78.08407   74.59418  4.47%  46.1 9750s
 1263537 598552   75.84550   85  106   78.08407   74.59563  4.47%  46.1 9778s
 1269297 599794     cutoff   81        78.08407   74.59838  4.46%  46.1 9802s
 1273135 601433 infeasible  114        78.08407   74.59987  4.46%  46.0 9831s
 1278231 603089   74.80192   95  102   78.08407   74.60195  4.46%  46.0 9861s
 1282499 604959   74.83571   93   86   78.08407   74.60357  4.46%  46.0 9892s
 1287810 606688     cutoff   82        78.08407   74.60560  4.45%  46.0 9917s
 1291874 608360   75.59707  102  102   78.08407   74.60711  4.45%  46.0 9943s
 1297020 609695   75.51760   84   62   78.08407   74.61015  4.45%  46.0 9974s
 1301566 611730   75.59333   75   56   78.08407   74.61082  4.45%  46.0 10008s
 1306636 613000   74.82884   85  140   78.08407   74.61229  4.45%  46.0 10038s
 1310434 615211   75.68406   86   86   78.08407   74.61470  4.44%  45.9 10070s
 1316112 616732     cutoff   69        78.08407   74.61767  4.44%  45.9 10099s
 1320587 618628   75.74950  118   31   78.08407   74.61834  4.44%  45.9 10129s
 1325892 620229   75.04922   88   37   78.08407   74.62186  4.43%  45.9 10160s
 1330115 622548   77.79153   80  148   78.08407   74.62341  4.43%  45.9 10195s
 1336258 624045   76.98242   89   78   78.08407   74.62454  4.43%  45.9 10224s
 1340235 625682   75.00255   83  110   78.08407   74.62603  4.43%  45.9 10253s
 1345178 627659   75.43389   97   81   78.08407   74.62916  4.42%  45.9 10283s
 1349690 629687   74.74982   77   73   78.08407   74.63155  4.42%  45.8 10313s
 1355201 631108   75.76701   96  112   78.08407   74.63390  4.42%  45.8 10347s
 1359468 633064   75.63280   97   56   78.08407   74.63510  4.42%  45.8 10379s
 1365292 634533     cutoff   84        78.08407   74.63684  4.41%  45.8 10403s
 1369359 634872   75.11447   83  174   78.08407   74.63782  4.41%  45.8 10437s
 1370317 637197   77.40746   98  188   78.08407   74.63866  4.41%  45.8 10468s
 1376521 638566   76.03237   85   83   78.08407   74.64235  4.41%  45.8 10493s
 1380893 640652   76.65557  106   77   78.08407   74.64384  4.41%  45.8 10522s
 1386437 642361     cutoff   82        78.08407   74.64682  4.40%  45.8 10551s
 1390849 644637   76.10772  105   53   78.08407   74.64814  4.40%  45.8 10583s
 1397225 646065   75.25484   97   90   78.08407   74.65121  4.40%  45.7 10639s
 1398601 646065   76.28483   66  352   78.08407   74.65145  4.40%  45.7 10640s
 1401349 647890   77.56552  100   42   78.08407   74.65184  4.40%  45.7 10666s
 1406521 649359   74.94815   96   77   78.08407   74.65292  4.39%  45.7 10693s
 1410591 651087   75.66419   88   89   78.08407   74.65436  4.39%  45.7 10719s
 1415656 652864   74.96361   90   82   78.08407   74.65851  4.39%  45.7 10749s
 1415929 652864   77.62627   85  142   78.08407   74.65864  4.39%  45.7 10750s
 1419815 654980   75.47077  104   36   78.08407   74.65937  4.39%  45.7 10787s
 1426280 656541   76.28706   79  150   78.08407   74.66218  4.38%  45.7 10816s
 1430886 658267     cutoff  103        78.08407   74.66397  4.38%  45.7 10844s
 1436339 659517   75.98448   95   26   78.08407   74.66542  4.38%  45.7 10869s
 1440471 661677   74.76958   99  107   78.08407   74.66749  4.38%  45.6 10895s
 1445916 663312   74.85192   96   96   78.08407   74.66879  4.37%  45.6 10925s
 1451014 665328   76.22292  117   44   78.08407   74.67147  4.37%  45.6 10948s
 1456642 666570   74.95261   78  213   78.08407   74.67324  4.37%  45.6 10974s
 1460415 668290   77.81253   82  179   78.08407   74.67407  4.37%  45.6 10999s
 1465454 669666   75.08492   64  242   78.08407   74.67665  4.36%  45.6 11028s
 1469502 671371   75.35911   95   74   78.08407   74.67777  4.36%  45.6 11054s
 1474596 672502   75.13487  102  140   78.08407   74.67928  4.36%  45.5 11079s
 1478248 674323   75.62194  116   77   78.08407   74.67985  4.36%  45.5 11106s
 1483905 675666   75.65166  123   42   78.08407   74.68333  4.36%  45.5 11126s
 1487635 677583   75.47488   93   49   78.08407   74.68386  4.35%  45.5 11155s
 1492596 679070   77.19875   71  189   78.08407   74.68543  4.35%  45.5 11179s
 1494505 679070   77.63378   98   35   78.08407   74.68632  4.35%  45.5 11180s
 1496813 680477 infeasible  132        78.08407   74.68706  4.35%  45.5 11209s
 1501137 682224 infeasible  102        78.08407   74.68823  4.35%  45.5 11236s
 1506665 683846   75.84065   78   56   78.08407   74.69008  4.35%  45.5 11265s
 1510912 685442   76.34606  113   72   78.08407   74.69129  4.35%  45.5 11293s
 1515868 687396   77.19321   97  147   78.08407   74.69367  4.34%  45.5 11315s
 1521304 688940   75.53311  146   53   78.08407   74.69601  4.34%  45.4 11341s
 1525418 690434   75.00913   87   56   78.08407   74.69680  4.34%  45.4 11363s
 1530648 690447   76.35364  121  110   78.08407   74.69866  4.34%  45.4 11543s
 1530697 692135   76.37017  122  110   78.08407   74.69888  4.34%  45.4 11567s
 1535791 693647   75.04707   63  321   78.08407   74.69989  4.33%  45.4 11592s
 1539482 695560   75.91071   67  251   78.08407   74.70168  4.33%  45.4 11618s
 1544494 697140   75.48128   98   47   78.08407   74.70346  4.33%  45.4 11645s
 1549186 698920   77.73491   96   58   78.08407   74.70574  4.33%  45.4 11670s
 1554938 700218   75.02615  104   92   78.08407   74.70653  4.33%  45.4 11693s
 1559667 700667   75.25281   98  113   78.08407   74.70870  4.32%  45.4 11724s
 1561252 702801   75.12465   95  161   78.08407   74.70934  4.32%  45.4 11749s
 1567163 704038   76.39009  108   45   78.08407   74.71179  4.32%  45.4 11777s
 1572057 705887   75.74329   81  109   78.08407   74.71327  4.32%  45.4 11811s
 1577506 707242   75.24956   95   39   78.08407   74.71526  4.31%  45.4 11845s
 1582057 708941   75.10941   72  196   78.08407   74.71726  4.31%  45.4 11877s
 1587891 710815   75.12381   97   85   78.08407   74.71943  4.31%  45.3 11909s
 1590452 710815   75.92907  108   57   78.08407   74.71980  4.31%  45.3 11910s
 1592951 712454   75.39319   79  164   78.08407   74.72086  4.31%  45.3 11940s
 1598101 713826   76.33565   66  103   78.08407   74.72243  4.31%  45.3 11969s
 1602187 715279     cutoff   86        78.08407   74.72338  4.30%  45.3 11997s
 1607460 716966   75.86811  100  128   78.08407   74.72488  4.30%  45.3 12028s
 1611925 719313   76.09984   76  120   78.08407   74.72662  4.30%  45.3 12062s
 1617816 720877     cutoff  102        78.08407   74.72930  4.30%  45.3 12091s
 1622588 722673   75.23450   87   18   78.08407   74.73092  4.29%  45.3 12119s
 1628082 723893     cutoff   88        78.08407   74.73281  4.29%  45.3 12146s
 1632199 725634   77.47710   89  149   78.08407   74.73475  4.29%  45.3 12174s
 1637401 727296   75.65348   74  236   78.08407   74.73601  4.29%  45.2 12205s
 1641830 729541   76.00018  114  121   78.08407   74.73713  4.29%  45.2 12240s
 1647857 730987   75.42514   76  194   78.08407   74.73913  4.28%  45.2 12269s
 1652186 732962     cutoff   98        78.08407   74.74019  4.28%  45.2 12302s
 1657868 734553 infeasible   95        78.08407   74.74296  4.28%  45.2 12324s
 1662022 736111   75.11943   91  107   78.08407   74.74425  4.28%  45.2 12351s
 1666547 737730   76.18972   91   97   78.08407   74.74558  4.28%  45.2 12375s
 1671642 739236   75.50677   90  107   78.08407   74.74643  4.27%  45.2 12401s
 1676051 740862   77.16695   88   77   78.08407   74.74848  4.27%  45.2 12429s
 1681276 742355   76.46228   66  177   78.08407   74.75044  4.27%  45.2 12458s
 1685382 744252   76.27803   91   62   78.08407   74.75142  4.27%  45.2 12484s
 1690509 744252   75.90297   94  200   78.08407   74.75244  4.27%  45.2 12485s
 1690919 745462   75.97082   84  132   78.08407   74.75331  4.27%  45.2 12515s
 1695381 747176   75.10080   70  106   78.08407   74.75432  4.26%  45.2 12541s
 1700370 748736   75.09015   66  171   78.08407   74.75549  4.26%  45.2 12568s
 1704825 750257     cutoff   83        78.08407   74.75847  4.26%  45.2 12594s
 1709710 750257   75.01435   75  168   78.08407   74.76010  4.26%  45.2 12595s
 1709749 751625   77.81220   75  247   78.08407   74.76020  4.26%  45.2 12625s
 1714311 753526   75.44687   75  119   78.08407   74.76166  4.25%  45.2 12658s
 1719863 754865   75.31267   95   49   78.08407   74.76327  4.25%  45.2 12683s
 1724616 756849   75.18280   77  114   78.08407   74.76515  4.25%  45.2 12707s
 1730363 758160   75.36313  104   66   78.08407   74.76687  4.25%  45.2 12731s
 1734696 758696   75.02328   95   27   78.08407   74.76799  4.25%  45.2 12770s
 1736216 761453   74.81271   69  131   78.08407   74.76837  4.25%  45.2 12812s
 1744155 763197     cutoff   96        78.08407   74.77145  4.24%  45.2 12846s
 1749160 764934     cutoff   70        78.08407   74.77329  4.24%  45.2 12877s
 1755012 766465   75.29885   98   41   78.08407   74.77589  4.24%  45.2 12907s
 1759516 768141     cutoff   84        78.08407   74.77762  4.23%  45.2 12933s
 1764666 769229   75.71999   96   80   78.08407   74.77878  4.23%  45.2 12962s
 1768619 770457     cutoff  107        78.08407   74.77990  4.23%  45.2 12992s
 1774371 771705   74.93521   95   70   78.08407   74.78195  4.23%  45.2 13028s
 1778779 773041   75.77843  100   74   78.08407   74.78367  4.23%  45.2 13063s
 1783540 774702   76.26455  103   75   78.08407   74.78469  4.23%  45.2 13093s
 1788776 775729     cutoff   91        78.08407   74.78636  4.22%  45.2 13124s
 1793777 776593 infeasible   88        78.08407   74.78747  4.22%  45.1 13148s
 1799894 777860   75.71772  107   67   78.08407   74.78948  4.22%  45.1 13173s
 1803774 779559     cutoff  102        78.08407   74.79065  4.22%  45.1 13202s
 1808850 780755     cutoff  107        78.08407   74.79207  4.22%  45.1 13227s
 1812984 782730   76.54951   78  130   78.08407   74.79286  4.21%  45.1 13257s
 1818697 784215   75.56197  107   43   78.08407   74.79491  4.21%  45.1 13290s
 1823654 785722   76.04924  113   36   78.08407   74.79677  4.21%  45.1 13323s
 1828780 787001   75.55312   72  171   78.08407   74.79758  4.21%  45.1 13352s
 1833017 788919   75.50222   79  139   78.08407   74.79876  4.21%  45.1 13384s
 1838588 790389   75.44810   76  106   78.08407   74.80053  4.21%  45.1 13417s
 1843089 792075     cutoff  112        78.08407   74.80228  4.20%  45.1 13447s
 1848455 793736   76.36731  114   90   78.08407   74.80394  4.20%  45.1 13479s
 1853412 795107   75.63653  112   29   78.08407   74.80543  4.20%  45.1 13507s
 1858972 796497 infeasible   80        78.08407   74.80693  4.20%  45.1 13536s
 1863260 798308   76.70110   76  123   78.08407   74.80795  4.20%  45.1 13568s
 1868539 799595   76.37061   89   91   78.08407   74.80984  4.19%  45.0 13599s
 1873038 801201 infeasible   69        78.08407   74.81090  4.19%  45.0 13631s
 1878338 802813   74.95079  113   61   78.08407   74.81276  4.19%  45.0 13659s
 1883117 804695   75.11288   75  225   78.08407   74.81412  4.19%  45.0 13689s
 1886846 804695   75.47261  100  102   78.08407   74.81454  4.19%  45.0 13690s
 1888859 805851 infeasible   94        78.08407   74.81544  4.19%  45.0 13716s
 1893023 807805 infeasible   74        78.08407   74.81669  4.18%  45.0 13742s
 1898233 809370   78.01831  141   67   78.08407   74.81867  4.18%  45.0 13765s
 1902781 811234   75.87161  128   59   78.08407   74.81936  4.18%  45.0 13790s
 1908353 812709   75.50851   91   91   78.08407   74.82146  4.18%  45.0 13814s
 1912958 814953   77.77447   67  282   78.08407   74.82269  4.18%  45.0 13836s
 1919105 815921   76.27608  116   40   78.08407   74.82401  4.18%  45.0 13861s
 1922262 817732   75.18186   84  120   78.08407   74.82537  4.17%  45.0 13885s
 1927889 819315     cutoff  102        78.08407   74.82622  4.17%  45.0 13910s
 1932528 821498   75.57150   98   98   78.08407   74.82763  4.17%  45.0 13940s
 1938041 822678   75.17050   72  225   78.08407   74.82959  4.17%  45.0 13971s
 1942224 824426   75.20546   71  144   78.08407   74.83115  4.17%  45.0 14009s
 1948472 824566     cutoff   86        78.08407   74.83209  4.16%  45.0 14067s
 1949169 826484   75.18470   88  123   78.08407   74.83223  4.16%  45.0 14100s
 1955388 827882   75.83444   94   48   78.08407   74.83468  4.16%  44.9 14132s
 1959899 830152   74.88246   91   68   78.08407   74.83557  4.16%  44.9 14168s
 1965596 831856   76.76228   74  180   78.08407   74.83784  4.16%  44.9 14201s
 1970237 833784   76.13491   83   90   78.08407   74.83891  4.16%  44.9 14232s
 1975864 835034   77.06150   98   29   78.08407   74.84062  4.15%  44.9 14260s
 1979730 836693   75.22744  101   65   78.08407   74.84174  4.15%  44.9 14285s
 1985027 837949   75.33784   95   76   78.08407   74.84228  4.15%  44.9 14313s
 1989001 839765   75.43089   67  160   78.08407   74.84408  4.15%  44.9 14338s
 1994252 841330   75.86533   92   49   78.08407   74.84552  4.15%  44.9 14362s
 1998639 843058   77.27953   75  165   78.08407   74.84663  4.15%  44.9 14387s
 2003844 844556   75.53581  100  181   78.08407   74.84787  4.14%  44.9 14415s
 2008326 846485     cutoff   68        78.08407   74.84928  4.14%  44.9 14440s
 2013973 848030   75.30254   87  156   78.08407   74.85059  4.14%  44.9 14468s
 2018312 849918   75.33037   81  114   78.08407   74.85189  4.14%  44.9 14498s
 2024016 851199   74.95119   67  145   78.08407   74.85368  4.14%  44.9 14527s
 2028226 852636   77.12360   91  112   78.08407   74.85434  4.14%  44.9 14558s
 2033350 854260   75.18522   70  122   78.08407   74.85557  4.13%  44.9 14586s
 2037779 856300   75.99375   85   90   78.08407   74.85632  4.13%  44.9 14615s
 2043599 857971   77.07822   82  157   78.08407   74.85836  4.13%  44.9 14639s
 2047976 859570     cutoff  100        78.08407   74.85958  4.13%  44.9 14663s
 2053338 860903 infeasible   81        78.08407   74.86108  4.13%  44.9 14686s
 2057559 862727   76.10739   89   71   78.08407   74.86153  4.13%  44.9 14708s
 2063028 864394   75.20343   86   45   78.08407   74.86336  4.12%  44.8 14737s
 2067615 866354   75.13413   76  243   78.08407   74.86431  4.12%  44.8 14761s
 2073120 867579   77.96117  104   23   78.08407   74.86590  4.12%  44.8 14789s
 2077056 867579     cutoff   85        78.08407   74.86673  4.12%  44.8 14790s
 2077060 869755   75.09519   95   38   78.08407   74.86685  4.12%  44.8 14810s
 2082657 871100   74.88734   86   52   78.08407   74.86816  4.12%  44.8 14829s
 2086783 873135   75.51022   69  199   78.08407   74.86955  4.12%  44.8 14854s
 2092264 874603   75.78948  132   76   78.08407   74.87073  4.12%  44.8 14879s
 2096964 876202   76.13010   93   48   78.08407   74.87200  4.11%  44.8 14902s
 2102818 877603   75.86095   73  182   78.08407   74.87311  4.11%  44.8 14924s
 2106785 879405   77.21031  106   75   78.08407   74.87426  4.11%  44.8 14947s
 2112018 880567   76.54326   82   90   78.08407   74.87558  4.11%  44.8 14971s
 2116008 881689   77.08122   72  217   78.08407   74.87659  4.11%  44.8 14996s
 2120542 883282   75.23827   90  164   78.08407   74.87761  4.11%  44.8 15021s
 2125472 884620 infeasible  102        78.08407   74.87900  4.10%  44.8 15048s
 2129653 886531   75.65289  109   35   78.08407   74.87983  4.10%  44.8 15074s
 2130619 886531   75.55731   76  198   78.08407   74.88046  4.10%  44.8 15075s
 2135353 887818   74.92903   77  108   78.08407   74.88194  4.10%  44.8 15104s
 2139072 887818   76.74931   76  177   78.08407   74.88240  4.10%  44.8 15105s
 2139739 889389   76.84241  110  142   78.08407   74.88294  4.10%  44.8 15137s
 2144970 890740     cutoff   88        78.08407   74.88427  4.10%  44.8 15168s
 2149433 892638     cutoff   88        78.08407   74.88545  4.10%  44.8 15197s
 2154634 893875     cutoff   90        78.08407   74.88677  4.09%  44.8 15225s
 2158429 895998   75.91121   90  177   78.08407   74.88792  4.09%  44.8 15258s
 2165026 897621   75.08213   95   73   78.08407   74.88865  4.09%  44.8 15285s
 2169469 898962 infeasible   89        78.08407   74.89018  4.09%  44.8 15314s
 2174752 900200   76.39497   76  162   78.08407   74.89215  4.09%  44.8 15338s
 2178828 901753 infeasible   70        78.08407   74.89305  4.09%  44.8 15366s
 2184137 903243   76.43254   84   97   78.08407   74.89499  4.08%  44.8 15395s
 2188776 904718   75.02523   81  149   78.08407   74.89620  4.08%  44.8 15422s
 2194035 904825   75.40402  111   60   78.08407   74.89722  4.08%  44.8 15462s
 2194674 906658   75.40402  112   61   78.08407   74.89731  4.08%  44.8 15488s
 2200663 907769     cutoff  103        78.08407   74.89867  4.08%  44.8 15515s
 2204860 909366   75.27342   78  134   78.08407   74.90031  4.08%  44.8 15543s
 2209970 910662   74.95109   82  106   78.08407   74.90144  4.08%  44.8 15570s
 2214902 912318   75.18299   81   88   78.08407   74.90221  4.07%  44.8 15596s
 2219993 913933     cutoff   68        78.08407   74.90413  4.07%  44.8 15620s
 2224512 915446   77.72795   87   33   78.08407   74.90519  4.07%  44.8 15645s
 2228550 916986   75.23020   80  165   78.08407   74.90573  4.07%  44.8 15672s
 2233044 918542   75.61723   79  126   78.08407   74.90724  4.07%  44.8 15698s
 2238220 919657   76.15710   78  154   78.08407   74.90834  4.07%  44.8 15726s
 2242125 921226   76.55796   98  140   78.08407   74.90935  4.07%  44.8 15756s
 2247767 922483   76.76516   84  139   78.08407   74.91091  4.06%  44.8 15782s
 2251719 924428   74.92738   83   53   78.08407   74.91141  4.06%  44.8 15813s
 2257854 926251   75.60803  114   35   78.08407   74.91367  4.06%  44.8 15845s
 2263256 927250     cutoff   94        78.08407   74.91491  4.06%  44.8 15877s
 2267276 928854   76.44597  106   51   78.08407   74.91553  4.06%  44.8 15910s
 2272924 929797   75.32043   87  119   78.08407   74.91724  4.06%  44.8 15941s
 2277800 930694   76.16859   87   80   78.08407   74.91790  4.05%  44.8 15976s
 2283642 931525   77.69663  121   81   78.08407   74.91992  4.05%  44.8 16007s
 2287315 932489   75.69870   98   83   78.08407   74.92083  4.05%  44.8 16040s
 2291967 934017   75.53482   82   39   78.08407   74.92180  4.05%  44.8 16069s
 2297335 935074   75.73183   89   48   78.08407   74.92316  4.05%  44.8 16098s
 2301495 936444   75.88780   76  166   78.08407   74.92459  4.05%  44.8 16129s
 2305812 936444   75.10113   94   67   78.08407   74.92539  4.05%  44.8 16130s
 2307035 937651     cutoff  117        78.08407   74.92611  4.04%  44.8 16160s
 2311399 939489   75.00215   82  113   78.08407   74.92742  4.04%  44.8 16193s
 2317276 940685   75.47535   78  176   78.08407   74.92871  4.04%  44.8 16219s
 2321596 942202   76.71057   89   90   78.08407   74.92981  4.04%  44.8 16247s
 2327151 943178   74.95611   78   78   78.08407   74.93111  4.04%  44.8 16276s
 2331448 944330     cutoff  102        78.08407   74.93309  4.04%  44.8 16306s
 2336973 945150   76.11133   90  109   78.08407   74.93459  4.03%  44.8 16336s
 2341217 946477   75.91208   78  129   78.08407   74.93549  4.03%  44.8 16366s
 2346960 947439   76.64513   69  207   78.08407   74.93723  4.03%  44.8 16397s
 2351472 949230   75.94169   87  164   78.08407   74.93897  4.03%  44.8 16427s
 2357143 950365   75.87061   88  127   78.08407   74.94016  4.03%  44.8 16455s
 2361822 951393   76.04592  102  106   78.08407   74.94097  4.03%  44.8 16483s
 2366224 952823     cutoff  100        78.08407   74.94209  4.02%  44.8 16512s
 2371452 953970   75.36070  104   59   78.08407   74.94402  4.02%  44.8 16539s
 2375644 953968   76.62583   73  266   78.08407   74.94499  4.02%  44.8 16799s
 2375726 955280   76.62647   74  263   78.08407   74.94505  4.02%  44.8 16827s
 2381053 955263 infeasible   82        78.08407   74.94636  4.02%  44.8 16885s
 2381140 956803   77.18681   82  156   78.08407   74.94642  4.02%  44.8 16919s
 2386513 957967   76.05109   82   36   78.08407   74.94795  4.02%  44.8 16952s
 2390903 959464   76.23794   99   73   78.08407   74.94906  4.01%  44.8 16984s
 2393153 959464   76.78626   96  115   78.08407   74.94949  4.01%  44.8 16985s
 2396579 960147   74.96960   82  147   78.08407   74.95065  4.01%  44.8 17018s
 2400544 961735   76.43461  116  117   78.08407   74.95111  4.01%  44.8 17053s
 2407001 962819   77.16051   88   54   78.08407   74.95344  4.01%  44.8 17093s
 2411298 964084     cutoff  100        78.08407   74.95473  4.01%  44.8 17126s
 2416870 965150   77.51169  103   97   78.08407   74.95574  4.01%  44.8 17157s
 2420966 966789   76.99869   58  257   78.08407   74.95706  4.00%  44.8 17193s
 2426829 967685 infeasible   83        78.08407   74.95894  4.00%  44.8 17222s
 2431229 969085   75.90315   96   93   78.08407   74.95953  4.00%  44.8 17252s
 2436873 970064 infeasible   77        78.08407   74.96061  4.00%  44.8 17277s
 2441727 971278   75.62681  112   55   78.08407   74.96283  4.00%  44.8 17303s
 2447074 972237     cutoff   73        78.08407   74.96452  4.00%  44.8 17336s
 2450929 973743   75.35141   85   90   78.08407   74.96503  3.99%  44.8 17372s
 2456508 974711   76.68432   89   63   78.08407   74.96663  3.99%  44.8 17407s
 2460616 976438   75.34252   86   50   78.08407   74.96765  3.99%  44.8 17447s
 2467051 977441   75.78815  106   31   78.08407   74.96902  3.99%  44.8 17479s
 2470290 977441   76.12372  100   62   78.08407   74.96926  3.99%  44.8 17480s
 2471379 978551   75.91838  105  119   78.08407   74.96985  3.99%  44.8 17510s
 2476457 979693   75.28016   75  137   78.08407   74.97206  3.99%  44.8 17542s
 2480931 980885   75.10443  110   34   78.08407   74.97273  3.98%  44.8 17571s
 2486297 982036     cutoff   95        78.08407   74.97474  3.98%  44.8 17600s
 2490607 983431 infeasible   90        78.08407   74.97567  3.98%  44.9 17634s
 2496108 984646     cutoff   98        78.08407   74.97726  3.98%  44.9 17664s
 2498828 984646     cutoff  116        78.08407   74.97750  3.98%  44.9 17665s
 2500112 986151   76.36414   92   71   78.08407   74.97787  3.98%  44.9 17694s
 2505690 987423   75.23743   82  118   78.08407   74.97942  3.98%  44.9 17723s
 2510302 988954   75.18550   92   73   78.08407   74.97997  3.98%  44.9 17753s
 2515780 989609   75.44591   91   85   78.08407   74.98183  3.97%  44.9 17780s
 2519027 991725     cutoff   84        78.08407   74.98234  3.97%  44.9 17814s
 2525628 991725   75.39549   79  211   78.08407   74.98314  3.97%  44.9 17815s
 2526567 992797   76.04918   95   63   78.08407   74.98422  3.97%  44.9 17840s
 2531120 994177   77.31242   88  190   78.08407   74.98560  3.97%  44.9 17868s
 2536827 995351   75.09818   92   62   78.08407   74.98707  3.97%  44.9 17896s
 2540848 996697   75.83195   84   97   78.08407   74.98765  3.97%  44.9 17927s
 2546361 997746   75.08442   91   39   78.08407   74.98951  3.96%  44.9 17962s
 2550477 999679   77.69014   92  118   78.08407   74.99002  3.96%  44.9 17993s
 2556284 1000675   75.24751   86  107   78.08407   74.99190  3.96%  44.9 18021s
 2560589 1001818   75.89894   88   75   78.08407   74.99232  3.96%  44.9 18052s
 2566062 1003034   75.83533   76  110   78.08407   74.99405  3.96%  44.9 18083s
 2570335 1004197     cutoff   88        78.08407   74.99499  3.96%  44.9 18114s
 2575594 1005478   75.47857   76   43   78.08407   74.99659  3.95%  44.9 18143s
 2579553 1007017   75.38963   98   86   78.08407   74.99773  3.95%  44.9 18180s
 2585523 1008095   75.52465   81   82   78.08407   74.99942  3.95%  44.9 18208s
 2590044 1009255 infeasible   88        78.08407   75.00061  3.95%  44.9 18242s
 2595425 1010545     cutoff   88        78.08407   75.00200  3.95%  44.9 18271s
 2600236 1011946   76.83381   87  121   78.08407   75.00328  3.95%  44.9 18302s
 2606008 1013347   75.34335   88   91   78.08407   75.00478  3.94%  44.9 18334s
 2611105 1014230   75.58202   86  102   78.08407   75.00580  3.94%  44.9 18366s
 2615025 1014497   77.68278   96   41   78.08407   75.00635  3.94%  44.9 18421s
 2616116 1016418   77.74350   97   40   78.08407   75.00681  3.94%  44.9 18462s
 2622578 1017601     cutoff   78        78.08407   75.00845  3.94%  44.9 18502s
 2627155 1018888     cutoff  106        78.08407   75.00929  3.94%  44.9 18536s
 2632697 1019977   76.98900   91  127   78.08407   75.01083  3.94%  44.9 18565s
 2637383 1020965     cutoff   97        78.08407   75.01233  3.93%  44.9 18593s
 2642054 1022177   75.75225   91  108   78.08407   75.01334  3.93%  44.9 18626s
 2647354 1023194     cutoff  106        78.08407   75.01454  3.93%  44.9 18657s
 2651489 1024359   75.85216   91   27   78.08407   75.01454  3.93%  44.9 18689s
 2656978 1025351     cutoff   86        78.08407   75.01718  3.93%  44.9 18722s
 2661031 1026766   75.66114   91   89   78.08407   75.01809  3.93%  44.9 18755s
 2666222 1027815   75.43955   96   85   78.08407   75.01907  3.93%  44.9 18792s
 2670723 1029015   77.64348   90   66   78.08407   75.02030  3.92%  44.9 18824s
 2675145 1029015   75.05877   68   63   78.08407   75.02062  3.92%  44.9 18825s
 2675564 1030006   76.64035   81  145   78.08407   75.02145  3.92%  44.9 18860s
 2679890 1031342   76.93531   98  111   78.08407   75.02249  3.92%  44.9 18895s
 2685074 1032106   76.15160  100   46   78.08407   75.02364  3.92%  44.9 18928s
 2688228 1033568   75.85738   72  172   78.08407   75.02465  3.92%  44.9 18967s
 2693726 1034902   75.13491   81  102   78.08407   75.02550  3.92%  44.9 19003s
 2698787 1036565   75.54481   84   44   78.08407   75.02671  3.92%  44.9 19040s
 2704250 1037833   77.46995   99   52   78.08407   75.02816  3.91%  44.9 19071s
 2708456 1039411   76.21591  114   38   78.08407   75.02929  3.91%  44.9 19102s
 2714312 1040486     cutoff  104        78.08407   75.03034  3.91%  44.9 19132s
 2718542 1041685   75.26242   78  116   78.08407   75.03120  3.91%  44.9 19160s
 2723784 1042891   77.42461   88  124   78.08407   75.03295  3.91%  44.9 19183s
 2728690 1044089   75.32596   69  220   78.08407   75.03389  3.91%  44.9 19213s
 2732806 1045315   77.41507  121   56   78.08407   75.03462  3.91%  44.9 19243s
 2738613 1046315   77.52218  107   57   78.08407   75.03594  3.90%  44.9 19278s
 2742878 1047892   76.24200  103   88   78.08407   75.03722  3.90%  44.9 19308s
 2748375 1048966   75.41152   79  139   78.08407   75.03844  3.90%  44.9 19343s
 2753152 1050529   77.88191   80   97   78.08407   75.03932  3.90%  44.9 19378s
 2758609 1051296   75.95862   99   44   78.08407   75.04071  3.90%  44.9 19410s
 2762640 1052587   75.99173   93   33   78.08407   75.04124  3.90%  44.9 19445s
 2767857 1053553   76.43196   79  233   78.08407   75.04276  3.89%  45.0 19478s
 2771870 1054992     cutoff  117        78.08407   75.04376  3.89%  45.0 19514s
 2778092 1056155   75.19034   62  260   78.08407   75.04531  3.89%  45.0 19544s
 2782015 1057336     cutoff  138        78.08407   75.04625  3.89%  45.0 19576s
 2787533 1058741     cutoff   74        78.08407   75.04759  3.89%  45.0 19607s
 2792703 1059833   77.68730  111   60   78.08407   75.04872  3.89%  45.0 19637s
 2796929 1061109   76.43168   86   78   78.08407   75.04928  3.89%  45.0 19666s
 2802169 1062142   77.72964   72  251   78.08407   75.05079  3.88%  45.0 19692s
 2806244 1063395   75.93786  105  113   78.08407   75.05174  3.88%  45.0 19718s
 2811275 1064631     cutoff  100        78.08407   75.05291  3.88%  45.0 19746s
 2816338 1065804   76.32953   82   80   78.08407   75.05376  3.88%  45.0 19775s
 2820764 1067206   76.48886   84   94   78.08407   75.05506  3.88%  45.0 19804s
 2825629 1068228   76.96335  103   29   78.08407   75.05603  3.88%  45.0 19837s
 2829997 1069549     cutoff   93        78.08407   75.05700  3.88%  45.0 19869s
 2834797 1070841     cutoff   69        78.08407   75.05802  3.88%  45.0 19895s
 2839834 1071904   77.94023  106   68   78.08407   75.05910  3.87%  45.0 19922s
 2843904 1073364   77.63446  108  120   78.08407   75.05977  3.87%  45.0 19949s
 2845183 1073364   75.18929   78  130   78.08407   75.06003  3.87%  45.0 19950s
 2848982 1074517   76.66971  109   34   78.08407   75.06115  3.87%  45.0 19981s
 2853236 1074641   76.13132   85   55   78.08407   75.06223  3.87%  45.0 20049s
 2853878 1076196   75.79204   94  168   78.08407   75.06224  3.87%  45.0 20086s
 2860312 1077288   76.29495  100   81   78.08407   75.06341  3.87%  45.0 20120s
 2864427 1078827   76.64914   89  169   78.08407   75.06440  3.87%  45.0 20152s
 2870115 1079931     cutoff   83        78.08407   75.06552  3.87%  45.0 20184s
 2873252 1079931 infeasible   81        78.08407   75.06591  3.87%  45.0 20185s
 2874673 1081313   77.11361   84  125   78.08407   75.06622  3.86%  45.0 20214s
 2877505 1081313   76.53981   90  145   78.08407   75.06680  3.86%  45.0 20215s
 2879856 1082444   76.53709   85   73   78.08407   75.06704  3.86%  45.0 20241s
 2884642 1083688   75.33213  113   39   78.08407   75.06855  3.86%  45.0 20270s
 2889827 1084761     cutoff   96        78.08407   75.06952  3.86%  45.0 20298s
 2893436 1086679     cutoff   87        78.08407   75.07038  3.86%  45.0 20338s
 2900170 1088018   77.23523   90  129   78.08407   75.07167  3.86%  45.0 20372s
 2904488 1089567   75.78419   74  213   78.08407   75.07227  3.86%  45.0 20408s
 2910038 1090871     cutoff   91        78.08407   75.07388  3.86%  45.0 20443s
 2914689 1092434   76.21485   97  106   78.08407   75.07443  3.85%  45.0 20475s
 2920216 1093386   75.16155   83   83   78.08407   75.07601  3.85%  45.0 20506s
 2924132 1095123     cutoff   81        78.08407   75.07653  3.85%  45.0 20543s
 2930369 1096357   76.29618  107   62   78.08407   75.07792  3.85%  45.0 20574s
 2934802 1097649     cutoff   98        78.08407   75.07902  3.85%  45.0 20608s
 2940101 1098700     cutoff   67        78.08407   75.08011  3.85%  45.0 20641s
 2944442 1100176   76.77833   98   41   78.08407   75.08046  3.85%  45.0 20673s
 2950083 1101584   76.43784  107   41   78.08407   75.08209  3.84%  45.0 20706s
 2954899 1102738   76.06712  114   43   78.08407   75.08297  3.84%  45.0 20733s
 2959117 1104147   75.35593   88  129   78.08407   75.08393  3.84%  45.0 20762s
 2964844 1105432     cutoff   83        78.08407   75.08517  3.84%  45.0 20793s
 2969296 1106912   75.49410   80  150   78.08407   75.08607  3.84%  45.0 20818s
 2974569 1108249   75.90800  122   78   78.08407   75.08697  3.84%  45.0 20851s
 2979360 1109375     cutoff   84        78.08407   75.08781  3.84%  45.0 20885s
 2983644 1111203     cutoff  131        78.08407   75.08903  3.84%  45.0 20921s
 2989466 1112434     cutoff   92        78.08407   75.09012  3.83%  45.0 20952s
 2993266 1114187   75.97994   96  174   78.08407   75.09097  3.83%  45.0 20986s
 2998737 1115717   75.51251   69  166   78.08407   75.09220  3.83%  45.0 21026s
 3004054 1116672   76.67182   76  129   78.08407   75.09290  3.83%  45.0 21064s
 3007875 1117707     cutoff   77        78.08407   75.09338  3.83%  45.0 21098s
 3012285 1119307 infeasible  107        78.08407   75.09474  3.83%  45.0 21131s
 3017502 1120230   75.22306  100   85   78.08407   75.09569  3.83%  45.0 21160s
 3020935 1121699   75.37370  105   44   78.08407   75.09606  3.83%  45.0 21195s
 3026476 1122721     cutoff  124        78.08407   75.09729  3.83%  45.0 21225s
 3030305 1124130   76.77545   92   92   78.08407   75.09782  3.82%  45.0 21253s
 3035936 1125408   75.88624   90   69   78.08407   75.09921  3.82%  45.0 21281s
 3041104 1126609   76.59800   79   83   78.08407   75.09999  3.82%  45.0 21314s
 3045424 1127968   76.42563  104  216   78.08407   75.10057  3.82%  45.0 21345s
 3050374 1129227   75.21765   74  205   78.08407   75.10177  3.82%  45.0 21378s
 3055236 1130260     cutoff  119        78.08407   75.10275  3.82%  45.0 21409s
 3059069 1130260   75.39584   68  132   78.08407   75.10316  3.82%  45.0 21410s
 3059457 1131605   76.96631   87  128   78.08407   75.10355  3.82%  45.0 21436s
 3064449 1132905     cutoff   99        78.08407   75.10473  3.82%  45.0 21462s
 3068826 1134144 infeasible   79        78.08407   75.10577  3.81%  45.0 21488s
 3074012 1135274   75.23791   95  101   78.08407   75.10644  3.81%  45.0 21520s
 3077975 1136692   75.14716   86   32   78.08407   75.10708  3.81%  45.0 21553s
 3083064 1138292   75.72068  105   82   78.08407   75.10821  3.81%  45.0 21580s
 3087993 1139542   77.45228  110  130   78.08407   75.10950  3.81%  45.0 21609s
 3091763 1141173   77.51923   66  187   78.08407   75.11008  3.81%  45.0 21637s
 3097218 1142493   75.72276   83   80   78.08407   75.11137  3.81%  45.0 21666s
 3102178 1143637   76.11773  108   49   78.08407   75.11208  3.81%  45.0 21695s
 3105827 1145329   75.18267   72  192   78.08407   75.11272  3.81%  45.0 21728s
 3111013 1145329     cutoff  117        78.08407   75.11314  3.80%  45.0 21730s
 3111406 1146950 infeasible   80        78.08407   75.11386  3.80%  45.0 21759s
 3116528 1148026   75.63011   95   96   78.08407   75.11501  3.80%  45.0 21784s
 3120273 1149442   75.42908   78  139   78.08407   75.11592  3.80%  45.0 21816s
 3125435 1150529   76.54833   73  151   78.08407   75.11684  3.80%  45.0 21843s
 3129600 1151961   75.41312   81   50   78.08407   75.11757  3.80%  45.0 21872s
 3134894 1153279     cutoff   99        78.08407   75.11841  3.80%  45.0 21900s
 3140325 1154356   76.95134  105  125   78.08407   75.11974  3.80%  45.0 21930s
 3144467 1155777   77.96350   85  193   78.08407   75.12019  3.80%  45.0 21964s
 3145231 1155777   75.88828   96  220   78.08407   75.12032  3.80%  45.0 21965s
 3150575 1155842     cutoff  104        78.08407   75.12123  3.79%  45.0 22042s
 3150896 1157460   76.15266   83   94   78.08407   75.12127  3.79%  45.0 22079s
 3156502 1158970   76.38281   87  162   78.08407   75.12269  3.79%  45.0 22118s
 3160920 1160362 infeasible   66        78.08407   75.12353  3.79%  45.0 22152s
 3166483 1161602   75.44414   72  183   78.08407   75.12440  3.79%  45.0 22182s
 3170845 1163076   76.29234  105   59   78.08407   75.12513  3.79%  45.0 22216s
 3176008 1163708   75.60207   73  162   78.08407   75.12611  3.79%  45.0 22249s
 3178306 1165367   76.42134   88   66   78.08407   75.12649  3.79%  45.0 22287s
 3184372 1166701   75.23531  101   54   78.08407   75.12759  3.79%  45.0 22320s
 3188998 1168084   77.56849   90  131   78.08407   75.12829  3.79%  45.0 22354s
 3192868 1168084 infeasible   92        78.08407   75.12889  3.78%  45.0 22355s
 3194516 1169671     cutoff   97        78.08407   75.12976  3.78%  45.0 22388s
 3199927 1170707   77.98895   81  132   78.08407   75.13076  3.78%  45.0 22420s
 3203829 1172470     cutoff   91        78.08407   75.13153  3.78%  45.0 22454s
 3208724 1172470   75.27450   77  126   78.08407   75.13175  3.78%  45.0 22455s
 3210158 1173696   76.14848   79  141   78.08407   75.13247  3.78%  45.0 22484s
 3212405 1173696   76.41555   84   30   78.08407   75.13285  3.78%  45.0 22485s
 3214163 1175053   75.77520   95   95   78.08407   75.13331  3.78%  45.0 22515s
 3219632 1176690   76.56848  109   58   78.08407   75.13432  3.78%  45.0 22546s
 3225395 1177803   76.05936   82  109   78.08407   75.13546  3.78%  45.0 22580s
 3229160 1179035   77.47787   84  111   78.08407   75.13579  3.78%  45.0 22613s
 3234153 1180497 infeasible   76        78.08407   75.13675  3.77%  45.0 22638s
 3239378 1181726   75.55630   98   87   78.08407   75.13780  3.77%  45.0 22663s
 3244027 1183000   75.99417  101   53   78.08407   75.13836  3.77%  45.0 22691s
 3247970 1184353   75.66932   84   85   78.08407   75.13921  3.77%  45.0 22719s
 3249257 1184353   75.52729   93  174   78.08407   75.13949  3.77%  45.0 22720s
 3252997 1185921     cutoff   88        78.08407   75.14045  3.77%  45.0 22748s
 3258195 1187202   75.63140   92  116   78.08407   75.14137  3.77%  45.0 22785s
 3262652 1188761   75.64250   99  116   78.08407   75.14207  3.77%  45.0 22818s
 3268162 1189890   75.75336  102   41   78.08407   75.14291  3.77%  45.0 22853s
 3271707 1191522   75.37289   99   83   78.08407   75.14352  3.77%  45.0 22885s
 3277055 1192865   75.55780  104  112   78.08407   75.14471  3.76%  45.0 22916s
 3282082 1194335   77.00700   85  136   78.08407   75.14592  3.76%  45.0 22951s
 3286382 1195838   76.26196  122   65   78.08407   75.14647  3.76%  45.0 22987s
 3292121 1197491   75.38265  118   59   78.08407   75.14748  3.76%  45.0 23022s
 3297306 1198567 infeasible   86        78.08407   75.14841  3.76%  45.0 23047s
 3301144 1200136     cutoff  103        78.08407   75.14917  3.76%  45.0 23074s
 3301763 1200136   76.17999   97   99   78.08407   75.14926  3.76%  45.0 23075s
 3306698 1201049   76.82018  123   31   78.08407   75.15000  3.76%  45.0 23104s
 3310844 1202785   76.72108   87  171   78.08407   75.15065  3.76%  45.0 23133s
 3316117 1204332   75.35591  104   65   78.08407   75.15169  3.76%  45.0 23161s
 3321307 1205507   75.15435   93   52   78.08407   75.15277  3.75%  45.0 23188s
 3325645 1207202   75.41157   78  201   78.08407   75.15355  3.75%  45.0 23217s
 3331281 1208152     cutoff   89        78.08407   75.15447  3.75%  45.0 23248s
 3334647 1209734     cutoff   82        78.08407   75.15473  3.75%  45.0 23277s
 3339957 1210789 infeasible   87        78.08407   75.15558  3.75%  45.0 23308s
 3344601 1212407   75.78798   70  162   78.08407   75.15637  3.75%  45.0 23342s
 3350020 1213523   76.48322   72  104   78.08407   75.15741  3.75%  45.0 23376s
 3354419 1214940   75.77841   81  107   78.08407   75.15816  3.75%  45.0 23411s
 3359524 1216229   75.23011  100  132   78.08407   75.15908  3.75%  45.0 23445s
 3364293 1216453   77.87698   76  127   78.08407   75.15977  3.75%  45.0 23663s
 3365234 1218249     cutoff   92        78.08407   75.15994  3.74%  45.0 23698s
 3372092 1219545   75.48971   67  199   78.08407   75.16103  3.74%  45.0 23735s
 3376766 1220951   75.78324   88   60   78.08407   75.16150  3.74%  45.0 23771s
 3382191 1222384   75.56284   92  187   78.08407   75.16242  3.74%  45.0 23804s
 3386814 1223793   75.52753   74  126   78.08407   75.16351  3.74%  45.0 23833s
 3391513 1225163   75.34478   77  205   78.08407   75.16423  3.74%  45.0 23864s
 3395230 1225163   75.22441   77  164   78.08407   75.16469  3.74%  45.0 23865s
 3396614 1226427   75.84362   85  107   78.08407   75.16501  3.74%  45.0 23894s
 3401396 1227523   75.98632   77  207   78.08407   75.16609  3.74%  45.0 23926s
 3405633 1228885 infeasible  101        78.08407   75.16684  3.74%  45.0 23961s
 3410909 1230296   75.53008   88   99   78.08407   75.16762  3.74%  45.0 23989s
 3414187 1230296   76.62628   85   53   78.08407   75.16788  3.73%  45.0 23990s
 3415415 1230489   76.03967   95   97   78.08407   75.16844  3.73%  45.0 24039s
 3416116 1232175   76.04906   96   91   78.08407   75.16847  3.73%  45.0 24068s
 3421300 1233601   76.00319   84   82   78.08407   75.16945  3.73%  45.0 24096s
 3425161 1234934     cutoff   81        78.08407   75.17015  3.73%  45.0 24129s
 3425652 1234934   75.51876  118   57   78.08407   75.17022  3.73%  45.0 24130s
 3430535 1236115 infeasible   78        78.08407   75.17095  3.73%  45.0 24161s
 3434751 1237494   76.27748   73  158   78.08407   75.17123  3.73%  45.0 24196s
 3440013 1238636 infeasible   71        78.08407   75.17234  3.73%  45.0 24225s
 3444132 1240011   75.97237   73  156   78.08407   75.17290  3.73%  45.0 24255s
 3449182 1241171   75.28299   81  183   78.08407   75.17386  3.73%  45.0 24292s
 3453161 1242890   76.40179   82  231   78.08407   75.17468  3.73%  45.0 24327s
 3459315 1244238   75.51911   95   47   78.08407   75.17556  3.72%  45.0 24363s
 3463896 1246066   76.77161   98   72   78.08407   75.17638  3.72%  45.0 24400s
 3469584 1247423   75.55048  102   96   78.08407   75.17714  3.72%  45.0 24431s
 3473873 1248890     cutoff   84        78.08407   75.17770  3.72%  45.0 24462s
 3478859 1250139   76.35042   82  163   78.08407   75.17870  3.72%  45.0 24492s
 3483087 1251688   76.94203   70  216   78.08407   75.17909  3.72%  45.0 24527s
 3488611 1253177   77.15341  101   54   78.08407   75.18038  3.72%  45.0 24566s
 3492831 1254740   77.63784   80  112   78.08407   75.18094  3.72%  45.0 24605s
 3498621 1255885   75.37665   84  143   78.08407   75.18183  3.72%  45.0 24640s
 3503229 1257212 infeasible   88        78.08407   75.18242  3.72%  45.0 24679s
 3508700 1258498   75.89200  100   75   78.08407   75.18346  3.71%  45.0 24713s
 3513114 1260073   76.83957   83  223   78.08407   75.18422  3.71%  45.0 24749s
 3514866 1260073   77.65915   73  186   78.08407   75.18434  3.71%  45.0 24750s
 3519057 1261272   76.40450   85   57   78.08407   75.18522  3.71%  45.0 24776s
 3523103 1262491     cutoff  110        78.08407   75.18555  3.71%  45.0 24803s
 3527732 1264009     cutoff   95        78.08407   75.18679  3.71%  45.0 24831s
 3533199 1265023   75.87580  111   51   78.08407   75.18755  3.71%  45.0 24862s
 3536979 1266482   76.24646   82  165   78.08407   75.18817  3.71%  45.0 24893s
 3542214 1267368   75.41822   98  121   78.08407   75.18898  3.71%  45.0 24920s
 3546206 1269124     cutoff  108        78.08407   75.18962  3.71%  45.0 24954s
 3552378 1270394 infeasible   98        78.08407   75.19065  3.71%  45.0 24985s
 3556526 1271884   78.04149   77  163   78.08407   75.19102  3.71%  45.0 25015s
 3562053 1273132   76.22820  136   11   78.08407   75.19211  3.70%  45.0 25043s
 3565904 1274528   75.27866   80  155   78.08407   75.19255  3.70%  45.0 25072s
 3571575 1275790 infeasible   85        78.08407   75.19355  3.70%  45.0 25101s
 3575878 1277201 infeasible   80        78.08407   75.19444  3.70%  45.0 25134s
 3581142 1278485   75.41469   95   71   78.08407   75.19529  3.70%  45.0 25165s
 3585367 1280191   75.93275  103   28   78.08407   75.19615  3.70%  45.0 25194s
 3587502 1280191   76.12245  106   64   78.08407   75.19635  3.70%  45.0 25195s
 3590911 1281681   76.35636   77   92   78.08407   75.19692  3.70%  45.0 25225s
 3596178 1282928   76.38560   72  135   78.08407   75.19783  3.70%  45.0 25259s
 3597336 1282928     cutoff  115        78.08407   75.19812  3.70%  45.0 25260s
 3600455 1284543   75.65449   74   62   78.08407   75.19849  3.70%  45.0 25292s
 3606055 1285422 infeasible   74        78.08407   75.19965  3.69%  45.0 25323s
 3609140 1286590   75.75433   98   80   78.08407   75.20018  3.69%  45.0 25352s
 3613973 1288192     cutoff  122        78.08407   75.20064  3.69%  45.0 25380s
 3619263 1289233     cutoff  133        78.08407   75.20171  3.69%  45.0 25407s
 3623211 1291002 infeasible  101        78.08407   75.20205  3.69%  45.0 25432s
 3628630 1292615   75.91658   85  135   78.08407   75.20312  3.69%  45.0 25463s
 3633669 1293875   76.13119  122   77   78.08407   75.20382  3.69%  45.0 25494s
 3637692 1295546     cutoff  117        78.08407   75.20457  3.69%  45.0 25537s
 3643748 1296664 infeasible  107        78.08407   75.20568  3.69%  45.0 25572s
 3647229 1298583   75.62246   95   56   78.08407   75.20616  3.69%  45.0 25607s
 3653178 1299892   75.78929   99  135   78.08407   75.20692  3.68%  45.0 25642s
 3657255 1301435   76.62957   80  124   78.08407   75.20766  3.68%  45.0 25675s
 3662977 1302869   76.26524   92  148   78.08407   75.20854  3.68%  45.0 25712s
 3667616 1302943   76.08741   70  172   78.08407   75.20920  3.68%  45.0 25774s
 3667919 1305103   76.10853   71  176   78.08407   75.20926  3.68%  45.0 25812s
 3674524 1306613   76.24247   89   16   78.08407   75.21030  3.68%  45.0 25841s
 3679122 1308005   75.28956   75  166   78.08407   75.21098  3.68%  45.0 25873s
 3684465 1309476   77.67234  104   55   78.08407   75.21180  3.68%  45.0 25905s
 3689653 1310893   75.63964   92   90   78.08407   75.21254  3.68%  45.0 25937s
 3693752 1312463     cutoff   90        78.08407   75.21303  3.68%  45.0 25968s
 3698967 1313435 infeasible   93        78.08407   75.21375  3.68%  45.0 25997s
 3702899 1315092     cutoff   96        78.08407   75.21434  3.68%  45.0 26028s
 3707910 1315092   75.44787   82   88   78.08407   75.21456  3.67%  45.0 26030s
 3708428 1316249   77.21700   91   80   78.08407   75.21512  3.67%  45.0 26056s
 3713475 1317577   77.88899  104  163   78.08407   75.21616  3.67%  45.0 26086s
 3717114 1319111 infeasible   91        78.08407   75.21652  3.67%  45.0 26120s
 3722664 1320683   77.04923  118   54   78.08407   75.21740  3.67%  45.0 26155s
 3727899 1321640 infeasible  104        78.08407   75.21810  3.67%  45.0 26188s
 3731578 1323101   76.31719   88  233   78.08407   75.21866  3.67%  45.0 26221s
 3736719 1324140     cutoff   84        78.08407   75.21924  3.67%  45.0 26253s
 3740793 1325741   76.33689   78  211   78.08407   75.22009  3.67%  45.0 26285s
 3746325 1327034     cutoff  120        78.08407   75.22102  3.67%  45.0 26315s
 3751722 1328238   76.12051   93  182   78.08407   75.22192  3.67%  45.0 26346s
 3755781 1329815     cutoff   88        78.08407   75.22267  3.66%  45.0 26380s
 3761947 1331345     cutoff   92        78.08407   75.22326  3.66%  45.0 26410s
 3767146 1332437   77.87793  110   78   78.08407   75.22390  3.66%  45.0 26443s
 3771099 1333987   75.73868   78  145   78.08407   75.22466  3.66%  45.0 26480s
 3776675 1335134   76.62655   93  165   78.08407   75.22577  3.66%  45.0 26511s
 3781899 1336354   75.68575   73  199   78.08407   75.22645  3.66%  45.0 26543s
 3786228 1337923   75.31519   84  107   78.08407   75.22713  3.66%  45.0 26572s
 3791383 1339386   76.68676   98   99   78.08407   75.22766  3.66%  45.0 26607s
 3796122 1341125   76.16022   90  114   78.08407   75.22862  3.66%  45.0 26640s
 3801545 1342903   75.79673   83  181   78.08407   75.22933  3.66%  45.0 26678s
 3807068 1344207     cutoff   92        78.08407   75.23007  3.66%  45.0 26712s
 3811371 1345775     cutoff   99        78.08407   75.23083  3.65%  44.9 26743s
 3816638 1346845   75.69055   86   63   78.08407   75.23147  3.65%  44.9 26773s
 3820703 1348194   75.73375   97  176   78.08407   75.23189  3.65%  44.9 26803s
 3825788 1349463   77.11791   79  179   78.08407   75.23284  3.65%  44.9 26834s
 3828859 1349463     cutoff   85        78.08407   75.23313  3.65%  44.9 26835s
 3830905 1350755     cutoff  101        78.08407   75.23375  3.65%  44.9 26865s
 3834448 1352162     cutoff   66        78.08407   75.23406  3.65%  44.9 26902s
 3839614 1353649 infeasible   96        78.08407   75.23483  3.65%  44.9 26937s
 3844803 1354766   75.60116   80   95   78.08407   75.23554  3.65%  44.9 26973s
 3849223 1356747   77.76016   82  132   78.08407   75.23630  3.65%  44.9 27011s
 3855034 1357911   75.78876  102  125   78.08407   75.23699  3.65%  44.9 27047s
 3859016 1359148   75.47571  101  132   78.08407   75.23742  3.65%  44.9 27082s
 3863968 1360380     cutoff   91        78.08407   75.23827  3.64%  44.9 27113s
 3868992 1361507   76.11294   91  124   78.08407   75.23864  3.64%  44.9 27146s
 3873071 1362914   76.34448  135   29   78.08407   75.23947  3.64%  44.9 27179s
 3875551 1362914   75.79481   83  230   78.08407   75.23992  3.64%  44.9 27180s
 3878206 1364237   76.42113   88  144   78.08407   75.24064  3.64%  44.9 27214s
 3879309 1364237   77.09182   87  103   78.08407   75.24072  3.64%  44.9 27215s
 3882750 1366078 infeasible  104        78.08407   75.24125  3.64%  44.9 27251s
 3888648 1367325   76.03356   74  212   78.08407   75.24203  3.64%  44.9 27284s
 3894080 1368476   76.42599   92  108   78.08407   75.24294  3.64%  44.9 27313s
 3898514 1369966   75.66754  104   55   78.08407   75.24323  3.64%  44.9 27347s
 3902876 1371440   75.96119  122   59   78.08407   75.24427  3.64%  44.9 27382s
 3908390 1372834   76.06411   82  143   78.08407   75.24506  3.64%  44.9 27415s
 3912602 1374328   76.88053   91  185   78.08407   75.24557  3.64%  44.9 27451s
 3918545 1375916   75.90092   77  152   78.08407   75.24604  3.63%  44.9 27484s
 3918950 1375916     cutoff   98        78.08407   75.24617  3.63%  44.9 27485s
 3922816 1377313   78.07475   74  209   78.08407   75.24689  3.63%  44.9 27515s
 3928203 1378480     cutoff   91        78.08407   75.24773  3.63%  44.9 27547s
 3932142 1380084   75.42494   79   39   78.08407   75.24796  3.63%  44.9 27580s
 3937667 1381348   75.44481   90   64   78.08407   75.24907  3.63%  44.9 27613s
 3941615 1383140   77.97564   97   88   78.08407   75.24951  3.63%  44.9 27647s
 3947837 1383292   76.43921   85   48   78.08407   75.25039  3.63%  44.9 27701s
 3948475 1384686   75.73474   84  106   78.08407   75.25041  3.63%  44.9 27739s
 3953684 1386451   76.65710   82  187   78.08407   75.25095  3.63%  44.9 27770s
 3959642 1387820   77.22612   80   78   78.08407   75.25220  3.63%  44.9 27800s
 3964311 1389524   76.75598  103   70   78.08407   75.25274  3.63%  44.9 27828s
 3969972 1390694   76.74356   84   92   78.08407   75.25379  3.62%  44.9 27857s
 3973899 1392677   75.58605   94   87   78.08407   75.25446  3.62%  44.9 27889s
 3980138 1394449   76.30697  132   41   78.08407   75.25530  3.62%  44.9 27918s
 3985843 1395690   75.56344   92   77   78.08407   75.25604  3.62%  44.9 27945s
 3990342 1397527   75.54435   89  100   78.08407   75.25661  3.62%  44.9 27975s
 3995724 1398725   76.07245   88  120   78.08407   75.25725  3.62%  44.9 28003s
 3999662 1400335   75.46726   76  103   78.08407   75.25759  3.62%  44.9 28033s
 4004694 1401741   76.67486   75   61   78.08407   75.25853  3.62%  44.9 28062s
 4009854 1403049   75.36077   95   86   78.08407   75.25910  3.62%  44.9 28089s
 4013410 1404636     cutoff   97        78.08407   75.25951  3.62%  44.9 28122s
 4018577 1406233   77.40690  139   41   78.08407   75.26019  3.62%  44.9 28156s
 4023921 1407482   75.88839  107  127   78.08407   75.26120  3.62%  44.9 28188s
 4027878 1408882   76.96033   92  121   78.08407   75.26158  3.61%  44.9 28217s
 4032985 1410241   76.54371   77  161   78.08407   75.26254  3.61%  44.9 28250s
 4038437 1411565     cutoff  110        78.08407   75.26316  3.61%  44.9 28275s
 4042105 1413104     cutoff   89        78.08407   75.26374  3.61%  44.9 28305s
 4047662 1414583   76.14967  107   72   78.08407   75.26438  3.61%  44.9 28336s
 4052779 1415240   75.87820   95  154   78.08407   75.26506  3.61%  44.9 28366s
 4055275 1416826   76.34033   81   92   78.08407   75.26515  3.61%  44.9 28399s
 4060531 1416826   76.64123   88  152   78.08407   75.26613  3.61%  44.9 28400s
 4060702 1417862   75.74907   86   95   78.08407   75.26618  3.61%  44.9 28432s
 4064929 1419321   75.64185  103   93   78.08407   75.26691  3.61%  44.9 28463s
 4070030 1420730   75.32271   75  161   78.08407   75.26743  3.61%  44.9 28495s
 4074977 1421700     cutoff  104        78.08407   75.26806  3.61%  44.9 28525s
 4078010 1421719   77.27708  137   71   78.08407   75.26858  3.61%  44.9 28757s
 4078071 1423444   77.27708  138   64   78.08407   75.26864  3.61%  44.9 28791s
 4083563 1424689 infeasible   90        78.08407   75.26939  3.60%  44.9 28823s
 4087781 1426093   75.54306   65  243   78.08407   75.26968  3.60%  44.9 28853s
 4093203 1427471   75.70741  127   54   78.08407   75.27036  3.60%  44.9 28883s
 4097634 1428983   76.14111   81  167   78.08407   75.27141  3.60%  44.9 28911s
 4102714 1430139   75.33492   87  123   78.08407   75.27195  3.60%  44.9 28942s
 4106508 1432056   76.31578   87   81   78.08407   75.27254  3.60%  44.9 28974s
 4112089 1433303   76.61252  125   94   78.08407   75.27339  3.60%  44.9 29007s
 4116205 1434922   75.61906   76  113   78.08407   75.27385  3.60%  44.9 29036s
 4121525 1436098     cutoff  105        78.08407   75.27456  3.60%  44.9 29066s
 4125349 1437880   76.26488   95   98   78.08407   75.27523  3.60%  44.9 29099s
 4128711 1437880     cutoff  124        78.08407   75.27536  3.60%  44.9 29100s
 4130778 1439027   76.48060   84   45   78.08407   75.27596  3.60%  44.9 29127s
 4135229 1440491   77.41130  136  122   78.08407   75.27621  3.60%  44.9 29157s
 4140953 1441609   75.83099  111   56   78.08407   75.27733  3.59%  44.9 29184s
 4142067 1441609     cutoff  104        78.08407   75.27748  3.59%  44.9 29185s
 4144983 1443382   76.43451   96   91   78.08407   75.27781  3.59%  44.9 29214s
 4150622 1444562   75.52384   90  128   78.08407   75.27856  3.59%  44.9 29246s
 4154639 1445884   75.70573   88  111   78.08407   75.27892  3.59%  44.9 29278s
 4160138 1446984   75.88630   86  137   78.08407   75.28001  3.59%  44.9 29308s
 4164092 1447275   77.01510   89  100   78.08407   75.28047  3.59%  44.9 29345s
 4165671 1449720     cutoff   95        78.08407   75.28057  3.59%  44.9 29385s
 4174700 1451190   76.48332   78  134   78.08407   75.28172  3.59%  44.9 29425s
 4180347 1452582   75.59269   83  158   78.08407   75.28267  3.59%  44.9 29460s
 4185754 1453840   77.22270  105    8   78.08407   75.28313  3.59%  44.9 29493s
 4189180 1455416   77.88683   82  121   78.08407   75.28372  3.59%  44.9 29528s
 4193057 1455416     cutoff   81        78.08407   75.28407  3.59%  44.9 29530s
 4194813 1456125   76.18894  111   54   78.08407   75.28461  3.59%  44.9 29557s
 4198237 1457585     cutoff   83        78.08407   75.28501  3.58%  44.9 29591s
 4203076 1458977   75.38557   72   96   78.08407   75.28571  3.58%  44.9 29624s
 4206772 1458977   75.40924   78  182   78.08407   75.28603  3.58%  44.9 29626s
 4207545 1460406   75.73317   84  121   78.08407   75.28641  3.58%  44.9 29657s
 4212578 1461943   76.74719  106  114   78.08407   75.28707  3.58%  44.9 29689s
 4214746 1461943   75.95366   92   54   78.08407   75.28729  3.58%  44.9 29690s
 4216892 1463432   75.31740   89   57   78.08407   75.28757  3.58%  44.8 29723s
 4222170 1464647   75.58739   91  145   78.08407   75.28831  3.58%  44.9 29757s
 4226526 1466224   76.34405   85  190   78.08407   75.28885  3.58%  44.8 29793s
 4232585 1467432   75.51006   80  128   78.08407   75.28960  3.58%  44.8 29833s
 4236695 1468967   76.66820   93  106   78.08407   75.29001  3.58%  44.8 29868s
 4242262 1470694   75.92381   93  115   78.08407   75.29086  3.58%  44.8 29901s
 4247554 1471838     cutoff   80        78.08407   75.29144  3.58%  44.8 29933s
 4251560 1473302   78.04833   81  193   78.08407   75.29175  3.58%  44.8 29967s
 4256658 1474536     cutoff   95        78.08407   75.29273  3.57%  44.8 30001s
 4260755 1476093   75.84833   91   51   78.08407   75.29324  3.57%  44.8 30031s
 4265807 1477771 infeasible   76        78.08407   75.29392  3.57%  44.8 30065s
 4271082 1478997   75.45086   73  122   78.08407   75.29458  3.57%  44.8 30105s
 4274932 1480650 infeasible   89        78.08407   75.29500  3.57%  44.8 30142s
 4280337 1482362   77.61764   88  114   78.08407   75.29577  3.57%  44.8 30177s
 4285412 1483769   75.55982   85   72   78.08407   75.29630  3.57%  44.8 30213s
 4289881 1485273   77.08952   80  155   78.08407   75.29682  3.57%  44.8 30251s
 4295872 1486785   76.12856  108   38   78.08407   75.29770  3.57%  44.8 30282s
 4300256 1488216   75.40025   76  144   78.08407   75.29815  3.57%  44.8 30309s
 4300785 1488216   75.51416   99   78   78.08407   75.29824  3.57%  44.8 30310s
 4305357 1489416   76.84860   92  119   78.08407   75.29876  3.57%  44.8 30340s
 4309494 1490981   75.37355   79  161   78.08407   75.29946  3.57%  44.8 30368s
 4314536 1492686   76.39346   89  118   78.08407   75.30022  3.57%  44.8 30398s
 4319451 1493786   75.49930   81  211   78.08407   75.30074  3.56%  44.8 30434s
 4320240 1493786   76.43514  104   60   78.08407   75.30084  3.56%  44.8 30435s
 4323309 1495353   75.64212   85  120   78.08407   75.30106  3.56%  44.8 30466s
 4328921 1496786 infeasible   87        78.08407   75.30179  3.56%  44.8 30498s
 4334009 1498088     cutoff   84        78.08407   75.30259  3.56%  44.8 30534s
 4338440 1499570 infeasible   89        78.08407   75.30323  3.56%  44.8 30571s
 4343603 1500929   77.22681  122   53   78.08407   75.30377  3.56%  44.8 30611s
 4347979 1502654   77.25918  108   66   78.08407   75.30426  3.56%  44.8 30651s
 4354368 1503861 infeasible   75        78.08407   75.30494  3.56%  44.8 30683s
 4358176 1505303     cutoff   94        78.08407   75.30567  3.56%  44.8 30715s
 4363561 1506761     cutoff   97        78.08407   75.30633  3.56%  44.8 30746s
 4368751 1508027     cutoff  103        78.08407   75.30685  3.56%  44.8 30775s
 4372831 1509748   75.82860   99   69   78.08407   75.30730  3.56%  44.8 30808s
 4377955 1511101   77.51205  122   81   78.08407   75.30793  3.56%  44.8 30841s
 4383051 1512148   75.77141   80   84   78.08407   75.30866  3.55%  44.8 30871s
 4386615 1513397   75.71078   85   79   78.08407   75.30884  3.55%  44.8 30903s
 4391609 1514309   76.18462   82  169   78.08407   75.30943  3.55%  44.8 30935s
 4394808 1515894   75.63120   73  124   78.08407   75.31006  3.55%  44.8 30973s
 4400287 1517697   77.07920   83  182   78.08407   75.31079  3.55%  44.8 31007s
 4405718 1517774   76.18420  104   79   78.08407   75.31128  3.55%  44.8 31063s
 4406154 1528907   76.18420  105   83   78.08407   75.31132  3.55%  44.8 31295s
 4436184 1528907   75.58873   74   85   78.08407   75.31162  3.55%  44.8 31302s
 4438186 1530228   77.42622   95   75   78.08407   75.31334  3.55%  44.8 31333s
 4442307 1531767     cutoff   85        78.08407   75.31343  3.55%  44.8 31367s
 4448144 1533160   76.18191   88  105   78.08407   75.31417  3.55%  44.8 31397s
 4452358 1534968   75.81920  105   70   78.08407   75.31444  3.55%  44.8 31426s
 4457691 1536334   76.65119  125   52   78.08407   75.31528  3.55%  44.8 31458s
 4461723 1537702   75.66690   85   91   78.08407   75.31588  3.55%  44.8 31496s
 4467176 1538857   76.40363   88  172   78.08407   75.31652  3.54%  44.8 31529s
 4471031 1540711 infeasible  104        78.08407   75.31696  3.54%  44.8 31565s
 4477078 1542069   76.84358  108  199   78.08407   75.31797  3.54%  44.8 31599s
 4481046 1543673   75.74315   91   67   78.08407   75.31830  3.54%  44.8 31633s
 4486995 1544867   77.24863  100   96   78.08407   75.31912  3.54%  44.8 31664s
 4489935 1544867   76.60865   79  265   78.08407   75.31932  3.54%  44.8 31665s
 4491263 1546529     cutoff  100        78.08407   75.31949  3.54%  44.8 31701s
 4496689 1547406 infeasible  106        78.08407   75.32035  3.54%  44.8 31725s
 4500503 1549182   76.44320   91   98   78.08407   75.32076  3.54%  44.8 31757s
 4506550 1550423   75.89609   97   97   78.08407   75.32177  3.54%  44.8 31783s
 4511262 1552084   75.35548   81  163   78.08407   75.32243  3.54%  44.8 31812s
 4516594 1553355   77.81357   90  109   78.08407   75.32299  3.54%  44.8 31843s
 4521012 1554851   76.45432   82   67   78.08407   75.32340  3.54%  44.8 31883s
 4526183 1556015   76.51658   78   88   78.08407   75.32387  3.53%  44.8 31918s
 4530123 1558125   76.17785  112   79   78.08407   75.32449  3.53%  44.8 31961s
 4536020 1559143   76.69301  102   82   78.08407   75.32519  3.53%  44.8 31997s
 4539315 1560665   75.97854   79  155   78.08407   75.32556  3.53%  44.8 32041s
 4545285 1562034   77.29790   77   92   78.08407   75.32633  3.53%  44.8 32080s
 4549489 1563586   75.56872   87  110   78.08407   75.32705  3.53%  44.8 32118s
 4555063 1564884     cutoff  137        78.08407   75.32763  3.53%  44.8 32157s
 4559831 1566064     cutoff   86        78.08407   75.32831  3.53%  44.8 32189s
 4563987 1567583   75.43432   83   84   78.08407   75.32861  3.53%  44.8 32224s
 4569026 1567583   75.67662   97   86   78.08407   75.32929  3.53%  44.8 32225s
 4569162 1568647   75.48810   76  159   78.08407   75.32932  3.53%  44.8 32253s
 4573571 1569984   75.72806   94  127   78.08407   75.32992  3.53%  44.8 32284s
 4578543 1569984   76.00852  107   35   78.08407   75.33014  3.53%  44.8 32285s
 4578822 1570988   75.55135   90   98   78.08407   75.33063  3.53%  44.8 32316s
 4582916 1572618   77.36920   83  142   78.08407   75.33113  3.53%  44.8 32346s
 4588497 1574033   75.89522   71  137   78.08407   75.33178  3.52%  44.8 32379s
 4593435 1574878   75.92898   83  125   78.08407   75.33243  3.52%  44.8 32410s
 4596893 1576337   76.78870  111   70   78.08407   75.33278  3.52%  44.8 32442s
 4602514 1577925     cutoff   99        78.08407   75.33348  3.52%  44.8 32475s
 4607704 1579396   77.09387  131   38   78.08407   75.33403  3.52%  44.8 32510s
 4611957 1580765   77.80215   85   52   78.08407   75.33443  3.52%  44.8 32539s
 4617233 1581867   75.60712   83   78   78.08407   75.33524  3.52%  44.8 32571s
 4621270 1583426   76.22102   85  108   78.08407   75.33570  3.52%  44.8 32602s
 4626187 1584613   76.70695   83  176   78.08407   75.33637  3.52%  44.8 32634s
 4626760 1584613   77.94891  111  105   78.08407   75.33642  3.52%  44.8 32635s
 4630922 1585547     cutoff   78        78.08407   75.33696  3.52%  44.8 32661s
 4634776 1586879   75.51927   77  112   78.08407   75.33748  3.52%  44.8 32693s
 4639862 1587995   77.48564  111   36   78.08407   75.33809  3.52%  44.8 32716s
 4643967 1589314 infeasible  110        78.08407   75.33852  3.52%  44.8 32736s
 4649029 1590626   77.38605   90  110   78.08407   75.33920  3.52%  44.8 32760s
 4653273 1592159   75.85888   82  171   78.08407   75.33955  3.51%  44.8 32791s
 4658375 1592181   75.79172   84  146   78.08407   75.34027  3.51%  44.8 32882s
 4658486 1593925   75.84498   85  140   78.08407   75.34029  3.51%  44.8 32914s
 4661912 1593925   75.72345   77  133   78.08407   75.34044  3.51%  44.8 32915s
 4663745 1594968   75.53247   85  113   78.08407   75.34090  3.51%  44.8 32949s
 4665192 1594968     cutoff   79        78.08407   75.34102  3.51%  44.8 32950s
 4667449 1596468     cutoff   93        78.08407   75.34134  3.51%  44.8 32985s
 4672695 1598036   76.32516   72  172   78.08407   75.34174  3.51%  44.8 33022s
 4677810 1599076   75.71996   81  155   78.08407   75.34255  3.51%  44.8 33057s
 4681799 1600674   75.59244   97   90   78.08407   75.34311  3.51%  44.8 33092s
 4686888 1601936 infeasible  101        78.08407   75.34362  3.51%  44.8 33129s
 4691620 1603064 infeasible   95        78.08407   75.34421  3.51%  44.8 33162s
 4695632 1604544   75.61573   70  289   78.08407   75.34454  3.51%  44.8 33201s
 4700767 1605867   75.59153   79  136   78.08407   75.34546  3.51%  44.8 33236s
 4705067 1607637   75.57694   82  192   78.08407   75.34580  3.51%  44.8 33274s
 4710252 1609055     cutoff  106        78.08407   75.34645  3.51%  44.9 33312s
 4715546 1610322 infeasible  139        78.08407   75.34713  3.51%  44.9 33345s
 4719765 1611609     cutoff  100        78.08407   75.34762  3.50%  44.9 33374s
 4724311 1612744   75.68441   83  247   78.08407   75.34812  3.50%  44.9 33401s
 4728373 1613971   77.86007   72  158   78.08407   75.34871  3.50%  44.9 33429s
 4729984 1613971     cutoff  114        78.08407   75.34882  3.50%  44.9 33430s
 4732919 1615787   76.00165  102   33   78.08407   75.34910  3.50%  44.9 33460s
 4738517 1617107   75.59638   82  165   78.08407   75.34998  3.50%  44.9 33490s
 4743166 1618553   75.82457  100  145   78.08407   75.35041  3.50%  44.9 33516s
 4748368 1619626 infeasible  107        78.08407   75.35109  3.50%  44.9 33548s
 4752483 1621131   76.95814   91   79   78.08407   75.35165  3.50%  44.9 33575s
 4757270 1622518   76.17241   75  188   78.08407   75.35223  3.50%  44.9 33603s
 4762156 1623635   75.41721   87  105   78.08407   75.35286  3.50%  44.9 33630s
 4766077 1625128     cutoff  134        78.08407   75.35328  3.50%  44.9 33655s
 4771370 1626676   75.69348  104   58   78.08407   75.35400  3.50%  44.9 33686s
 4776596 1627653   76.57234   79  177   78.08407   75.35473  3.50%  44.9 33711s
 4780174 1629092   76.76617   94   79   78.08407   75.35505  3.49%  44.9 33741s
 4785186 1630129   75.55897   81  186   78.08407   75.35579  3.49%  44.9 33768s
 4789389 1631979   75.86444   72  170   78.08407   75.35631  3.49%  44.9 33802s
 4795093 1633262   76.15069  109   77   78.08407   75.35679  3.49%  44.9 33834s
 4800336 1634423   75.49116   81  150   78.08407   75.35744  3.49%  44.9 33866s
 4804129 1636122   75.85571   89   34   78.08407   75.35774  3.49%  44.9 33897s
 4809397 1637494     cutoff  111        78.08407   75.35812  3.49%  44.9 33936s
 4813504 1639160   75.83477   77  193   78.08407   75.35905  3.49%  44.9 33974s
 4818875 1640709   75.65166   88   37   78.08407   75.35967  3.49%  44.9 34008s
 4823987 1641613     cutoff   75        78.08407   75.36027  3.49%  44.9 34042s
 4827541 1643083   75.49215   96   27   78.08407   75.36050  3.49%  44.9 34079s
 4828686 1643083     cutoff   96        78.08407   75.36077  3.49%  44.9 34080s
 4832551 1643997   75.80257   77  200   78.08407   75.36143  3.49%  44.9 34117s
 4835520 1645708   75.54637   90   77   78.08407   75.36164  3.49%  44.9 34156s
 4841314 1647060   76.16138   83  198   78.08407   75.36236  3.49%  44.9 34193s
 4846408 1648390 infeasible   71        78.08407   75.36278  3.49%  44.9 34233s
 4850613 1649839   76.77815   82  226   78.08407   75.36316  3.48%  44.9 34267s
 4855402 1649848     cutoff   95        78.08407   75.36388  3.48%  44.9 34554s
 4855451 1651037   76.08174   92  114   78.08407   75.36391  3.48%  44.9 34585s
 4859824 1652445     cutoff  107        78.08407   75.36443  3.48%  44.9 34618s
 4865225 1653590   75.88876   76  131   78.08407   75.36491  3.48%  44.9 34647s
 4869236 1655293   76.65307   94  130   78.08407   75.36538  3.48%  44.9 34677s
 4875008 1656584   75.74457   80  100   78.08407   75.36613  3.48%  44.9 34705s
 4879150 1657767   75.51432   85   93   78.08407   75.36660  3.48%  44.9 34730s
 4883897 1659053   75.64732   78  123   78.08407   75.36732  3.48%  44.9 34762s
 4888429 1660833 infeasible   85        78.08407   75.36781  3.48%  44.9 34789s
 4889459 1660833   75.81377   90  162   78.08407   75.36789  3.48%  44.9 34790s
 4894102 1661948   75.72102   90  102   78.08407   75.36849  3.48%  44.9 34817s
 4898372 1663389   75.82771   98   91   78.08407   75.36898  3.48%  44.9 34841s
 4903717 1664600   75.48596   89  111   78.08407   75.36973  3.48%  44.9 34863s
 4907823 1666161   76.66749  102   86   78.08407   75.37021  3.48%  44.9 34890s
 4913175 1667449   76.16879   93   65   78.08407   75.37077  3.47%  44.9 34913s
 4916851 1669519   75.56390   72  142   78.08407   75.37103  3.47%  44.9 34945s
 4923368 1670778   75.49578   95  142   78.08407   75.37199  3.47%  44.9 34969s
 4927951 1671256   77.69564  109   96   78.08407   75.37250  3.47%  44.9 35004s
 4929558 1673333     cutoff   98        78.08407   75.37256  3.47%  44.9 35021s
 4935952 1674845   76.37283  108  111   78.08407   75.37323  3.47%  44.9 35046s
 4940912 1676574     cutoff   88        78.08407   75.37378  3.47%  44.9 35066s
 4946654 1677893     cutoff   99        78.08407   75.37448  3.47%  44.9 35088s
 4950669 1679454   76.93927   89  100   78.08407   75.37505  3.47%  44.9 35106s
 4956434 1680809   75.48752   78  137   78.08407   75.37578  3.47%  44.9 35127s
 4960914 1682495   75.48732   82   99   78.08407   75.37634  3.47%  44.9 35148s
 4966488 1683725     cutoff   97        78.08407   75.37702  3.47%  44.9 35170s
 4970779 1685330   75.91162   85   62   78.08407   75.37732  3.47%  44.9 35194s
 4973058 1685330   76.86547   70  164   78.08407   75.37757  3.47%  44.9 35195s
 4975996 1686456   75.76551   80  125   78.08407   75.37792  3.47%  44.9 35220s
 4979817 1688206   77.36530   99  129   78.08407   75.37843  3.47%  44.9 35247s
 4986316 1689335 infeasible  100        78.08407   75.37917  3.46%  44.9 35277s
 4990593 1690692   76.15386   74  202   78.08407   75.37962  3.46%  44.9 35307s
 4995175 1692422   77.09136  105   52   78.08407   75.38028  3.46%  44.9 35334s
 5000502 1693733   75.94042   65  261   78.08407   75.38070  3.46%  44.9 35360s
 5005040 1695019   75.71790  104  144   78.08407   75.38130  3.46%  44.9 35386s
 5009959 1696236     cutoff   97        78.08407   75.38184  3.46%  44.9 35412s
 5014396 1697639   76.90670   87  117   78.08407   75.38233  3.46%  44.9 35436s
 5019497 1698692   76.42765   85  197   78.08407   75.38277  3.46%  44.9 35461s
 5023693 1700374   75.55289   85   91   78.08407   75.38333  3.46%  44.9 35488s
 5028949 1701714   75.74930   82  192   78.08407   75.38390  3.46%  44.9 35511s
 5033232 1703353 infeasible   82        78.08407   75.38426  3.46%  44.9 35532s
 5038469 1704560   76.60425  103   39   78.08407   75.38494  3.46%  44.9 35553s
 5042520 1706385   75.96145   84  116   78.08407   75.38534  3.46%  44.9 35582s
 5048190 1707843   77.87478  106  223   78.08407   75.38594  3.46%  44.9 35611s
 5052595 1709594   76.19852   88  149   78.08407   75.38649  3.45%  44.9 35633s
 5058000 1710672   77.11383   92   29   78.08407   75.38717  3.45%  44.9 35660s
 5062154 1712631   75.76662   90   89   78.08407   75.38757  3.45%  44.9 35688s
 5067956 1713792   76.08514   97  118   78.08407   75.38831  3.45%  44.9 35715s
 5071913 1715513 infeasible  124        78.08407   75.38860  3.45%  44.9 35747s
 5077703 1716801   75.58750   68  179   78.08407   75.38923  3.45%  44.9 35775s
 5082110 1718473   76.67970  122  136   78.08407   75.38981  3.45%  44.9 35803s
 5087390 1719916     cutoff   85        78.08407   75.39048  3.45%  44.9 35830s
 5091948 1721741   76.51743   85  105   78.08407   75.39063  3.45%  44.9 35863s
 5097634 1722823     cutoff  118        78.08407   75.39147  3.45%  44.9 35895s
 5101724 1724442   75.82049   77  164   78.08407   75.39203  3.45%  44.9 35921s
 5107495 1725514   78.04746   77  115   78.08407   75.39258  3.45%  44.9 35950s
 5111901 1727080   75.95287   81  106   78.08407   75.39313  3.45%  44.9 35979s
 5115457 1727080   75.80798   82  131   78.08407   75.39324  3.45%  44.9 35980s
 5117386 1728253   75.87091   91  189   78.08407   75.39371  3.45%  44.9 36007s
 5121505 1729877   76.13656   76   78   78.08407   75.39394  3.45%  44.9 36038s
 5126724 1731095   75.61504   91   48   78.08407   75.39461  3.44%  44.9 36063s
 5131101 1731667     cutoff   88        78.08407   75.39501  3.44%  44.9 36108s
 5132817 1733845   75.51033   92   54   78.08407   75.39518  3.44%  44.9 36150s
 5139974 1735299     cutoff  102        78.08407   75.39593  3.44%  44.9 36188s
 5144339 1735299   75.52898   84   67   78.08407   75.39623  3.44%  44.9 36190s
 5145109 1737158   76.03074   80  146   78.08407   75.39665  3.44%  44.9 36219s
 5150996 1738207 infeasible  103        78.08407   75.39720  3.44%  44.9 36248s
 5154341 1739969   76.21950   99   68   78.08407   75.39760  3.44%  44.9 36278s
 5160023 1741148   75.55557   83  108   78.08407   75.39823  3.44%  44.9 36308s
 5164217 1742809   77.53382   82  112   78.08407   75.39842  3.44%  44.9 36334s
 5169746 1744101   75.85829   85   66   78.08407   75.39935  3.44%  44.9 36362s
 5174220 1745574     cutoff  113        78.08407   75.39960  3.44%  44.9 36389s
 5179717 1746867   78.00907   82  118   78.08407   75.40024  3.44%  44.9 36416s
 5183848 1748375   75.53580   79   73   78.08407   75.40088  3.44%  44.9 36445s
 5189428 1749648   75.43489   83  106   78.08407   75.40136  3.44%  44.9 36477s
 5193252 1751175   76.86415   98   51   78.08407   75.40175  3.44%  44.9 36516s
 5199296 1752415   76.41274   95   64   78.08407   75.40221  3.43%  44.9 36549s
 5200226 1752415   76.94314   83  119   78.08407   75.40232  3.43%  44.9 36550s
 5203618 1754000   76.06628  103  103   78.08407   75.40294  3.43%  44.9 36584s
 5206353 1754000     cutoff   76        78.08407   75.40304  3.43%  44.9 36585s
 5209164 1755259   77.24068   98  133   78.08407   75.40321  3.43%  44.9 36615s
 5213567 1756959     cutoff  104        78.08407   75.40395  3.43%  44.9 36645s
 5219105 1758020   75.82050  107   72   78.08407   75.40449  3.43%  44.9 36674s
 5219720 1758020   76.26044   86   72   78.08407   75.40454  3.43%  44.9 36675s
 5222764 1759968   77.57200   72  157   78.08407   75.40496  3.43%  44.9 36709s
 5229498 1761099 infeasible   72        78.08407   75.40556  3.43%  44.9 36725s
 5234029 1762490   75.84103   73  107   78.08407   75.40607  3.43%  44.9 36742s
 5239351 1763614   76.30726   75  115   78.08407   75.40666  3.43%  44.9 36761s
 5243640 1765013   75.94134   94   72   78.08407   75.40719  3.43%  44.9 36777s
 5248822 1766339   75.66458   70  190   78.08407   75.40773  3.43%  44.9 36793s
 5252922 1768344   76.26521   83  124   78.08407   75.40809  3.43%  44.9 36812s
 5258988 1769629   76.35222   91   58   78.08407   75.40873  3.43%  44.9 36832s
 5263549 1770943   77.38177   99  102   78.08407   75.40910  3.43%  44.9 36849s
 5268471 1772040   75.72354   99   78   78.08407   75.40974  3.42%  44.9 36868s
 5272891 1773654   76.32058   85   51   78.08407   75.41026  3.42%  44.9 36888s
 5278408 1775043   76.16366   83   75   78.08407   75.41080  3.42%  44.9 36913s
 5282533 1776633   75.45888  146  153   78.08407   75.41108  3.42%  44.9 36940s
 5288270 1777764     cutoff  116        78.08407   75.41201  3.42%  44.9 36971s
 5292840 1779465 infeasible   88        78.08407   75.41244  3.42%  44.9 37001s
 5298027 1781029     cutoff   78        78.08407   75.41294  3.42%  44.9 37029s
 5300103 1781029   75.83124   79  130   78.08407   75.41310  3.42%  44.9 37030s
 5303191 1781119 infeasible   94        78.08407   75.41353  3.42%  44.9 37075s
 5303695 1783091   75.79292   88   72   78.08407   75.41353  3.42%  44.9 37103s
 5309807 1784257   77.82962  113   60   78.08407   75.41408  3.42%  44.9 37125s
 5313919 1786067     cutoff  102        78.08407   75.41454  3.42%  44.9 37146s
 5319646 1787236   75.70888   73  161   78.08407   75.41513  3.42%  44.9 37166s
 5323757 1788812   76.56077  102  153   78.08407   75.41543  3.42%  44.9 37186s
 5329381 1790114   75.60718   85   89   78.08407   75.41616  3.42%  44.9 37203s
 5334671 1791335   76.46090   93  252   78.08407   75.41668  3.42%  44.9 37231s
 5338781 1792645   76.91056  110  115   78.08407   75.41718  3.42%  44.9 37259s
 5341823 1792645   77.11451   86   87   78.08407   75.41744  3.42%  44.9 37260s
 5343566 1793926   76.30387  100   81   78.08407   75.41783  3.41%  44.9 37291s
 5348124 1795392   75.89658  108   73   78.08407   75.41829  3.41%  44.9 37322s
 5353243 1796608   75.94973   91   38   78.08407   75.41887  3.41%  44.9 37357s
 5357601 1798211     cutoff   79        78.08407   75.41922  3.41%  44.9 37392s
 5362974 1799173   76.22203   85   28   78.08407   75.41978  3.41%  44.9 37419s
 5367074 1800572     cutoff  102        78.08407   75.42016  3.41%  44.9 37443s
 5372311 1801749   75.45531   75  119   78.08407   75.42076  3.41%  44.9 37465s
 5375962 1803763   75.63390   79  163   78.08407   75.42121  3.41%  44.9 37491s
 5382458 1805020   76.07340  104   65   78.08407   75.42187  3.41%  44.9 37519s
 5386705 1806468     cutoff   82        78.08407   75.42221  3.41%  44.9 37547s
 5392418 1807797   77.09365  121   35   78.08407   75.42265  3.41%  44.9 37574s
 5397326 1809241   76.20938   83   65   78.08407   75.42320  3.41%  44.9 37597s
 5401712 1810502   76.08906   91  107   78.08407   75.42358  3.41%  44.9 37618s
 5406403 1812251   76.69722   86  162   78.08407   75.42406  3.41%  44.9 37633s
 5411564 1813330   75.58716   82  128   78.08407   75.42468  3.41%  44.9 37649s
 5415758 1814947   76.25366   70  169   78.08407   75.42492  3.41%  44.9 37665s
 5420629 1816178   75.45557   90  124   78.08407   75.42566  3.40%  44.9 37683s
 5425129 1817596   75.46224   94   71   78.08407   75.42615  3.40%  44.9 37705s
 5430404 1819092   76.42206   88   67   78.08407   75.42667  3.40%  44.9 37728s
 5435043 1820893   77.09479   87   86   78.08407   75.42721  3.40%  44.9 37751s
 5440355 1822019   76.15427  101  182   78.08407   75.42770  3.40%  44.9 37771s
 5443853 1823415   75.92551  142   81   78.08407   75.42786  3.40%  44.9 37789s
 5448701 1824858   75.80300  102   36   78.08407   75.42843  3.40%  44.9 37810s
 5453232 1826529   76.18746  105   39   78.08407   75.42902  3.40%  44.9 37831s
 5458525 1827686   76.82896  109   90   78.08407   75.42939  3.40%  44.9 37850s
 5462335 1829299   76.19283   87  120   78.08407   75.42964  3.40%  44.9 37876s
 5468075 1830548   76.76359   77  159   78.08407   75.43038  3.40%  44.9 37905s
 5472297 1832516   77.83649   79  154   78.08407   75.43096  3.40%  44.9 37932s
 5478186 1833834 infeasible  119        78.08407   75.43150  3.40%  44.9 37960s
 5483268 1834868   75.70254   73   96   78.08407   75.43201  3.40%  44.9 37991s
 5487369 1836300     cutoff   83        78.08407   75.43246  3.40%  44.9 38022s
 5492350 1838167   75.53545   83  144   78.08407   75.43302  3.40%  44.9 38048s
 5497759 1839374   76.18476   97   88   78.08407   75.43342  3.39%  44.9 38068s
 5501816 1840851   76.73035  118   28   78.08407   75.43379  3.39%  44.9 38090s
 5506893 1842302   75.95520   99   50   78.08407   75.43438  3.39%  44.9 38115s
 5511778 1843750   75.67239   82  161   78.08407   75.43494  3.39%  44.9 38144s
 5517186 1845009   76.23606   92  159   78.08407   75.43548  3.39%  44.9 38168s
 5521826 1846626   76.36414   78  240   78.08407   75.43605  3.39%  44.9 38191s
 5527689 1847726   76.52563  100   71   78.08407   75.43666  3.39%  44.9 38224s
 5531985 1848127   75.44878   98  144   78.08407   75.43698  3.39%  44.9 38257s
 5533497 1850098   75.45122  102  115   78.08407   75.43712  3.39%  44.9 38293s
 5540864 1851487   76.86361  104   50   78.08407   75.43792  3.39%  44.9 38323s
 5545614 1853518   76.50895   99  131   78.08407   75.43811  3.39%  44.9 38351s
 5551638 1854807   75.71458   86   89   78.08407   75.43902  3.39%  44.9 38377s
 5556755 1856427   75.45211   98   41   78.08407   75.43946  3.39%  44.9 38397s
 5561884 1857521   77.38806   98   52   78.08407   75.44004  3.39%  44.9 38414s
 5562676 1857521   75.86155   79   66   78.08407   75.44015  3.39%  44.9 38415s
 5565525 1858809   75.65150   87   88   78.08407   75.44050  3.39%  44.9 38439s
 5570249 1860095     cutoff   98        78.08407   75.44097  3.38%  44.9 38461s
 5575666 1861036   77.78834   93   93   78.08407   75.44141  3.38%  44.9 38483s
 5579361 1862685   76.44267   98  102   78.08407   75.44194  3.38%  44.9 38502s
 5584672 1863792   75.77585   77  163   78.08407   75.44241  3.38%  44.9 38522s
 5588902 1865144   76.20272  101  101   78.08407   75.44282  3.38%  44.9 38539s
 5593909 1866059   75.84635   75  213   78.08407   75.44333  3.38%  44.9 38551s
 5597726 1867526   76.13792   88   95   78.08407   75.44354  3.38%  44.9 38563s
 5603204 1868697   75.72046   97  106   78.08407   75.44431  3.38%  44.9 38578s
 5607331 1870025     cutoff  102        78.08407   75.44454  3.38%  44.9 38597s
 5612721 1871670   76.57700   82  224   78.08407   75.44540  3.38%  44.9 38617s
 5617827 1872567     cutoff   89        78.08407   75.44583  3.38%  44.9 38640s
 5620999 1874803   75.64377   84   81   78.08407   75.44602  3.38%  44.9 38678s
 5628206 1876192   75.82398   89   72   78.08407   75.44681  3.38%  44.9 38707s
 5632738 1877932     cutoff   93        78.08407   75.44739  3.38%  44.9 38734s
 5638328 1879190   77.90724   96  102   78.08407   75.44791  3.38%  44.9 38758s
 5642690 1880690 infeasible  123        78.08407   75.44823  3.38%  44.9 38785s
 5648222 1881843   77.29886  104   54   78.08407   75.44885  3.37%  44.9 38811s
 5653188 1882849   76.26211   93   68   78.08407   75.44933  3.37%  44.9 38836s
 5657104 1884373     cutoff   84        78.08407   75.44992  3.37%  44.9 38862s
 5662370 1885497   76.52601   95   80   78.08407   75.45043  3.37%  44.9 38885s
 5666494 1886812   76.28946   79  122   78.08407   75.45076  3.37%  44.9 38910s
 5671654 1888341   75.79367  101   78   78.08407   75.45145  3.37%  44.9 38934s
 5673291 1888341   75.63271  104   80   78.08407   75.45149  3.37%  44.9 38935s
 5676984 1889753   76.52651  102  193   78.08407   75.45190  3.37%  44.9 38961s
 5681355 1891275     cutoff  107        78.08407   75.45240  3.37%  44.9 38987s
 5686179 1892453   76.55093   86  125   78.08407   75.45288  3.37%  44.9 39021s
 5690072 1893953     cutoff   93        78.08407   75.45322  3.37%  44.9 39047s
 5695472 1895745     cutoff   72        78.08407   75.45379  3.37%  45.0 39068s
 5700910 1896997   75.57827   99   79   78.08407   75.45443  3.37%  44.9 39093s
 5705180 1898624   75.70257   92  162   78.08407   75.45463  3.37%  44.9 39122s
 5710530 1899750     cutoff   86        78.08407   75.45523  3.37%  44.9 39148s
 5714593 1901438   75.77517  115   97   78.08407   75.45570  3.37%  44.9 39179s
 5717641 1901438   75.72113   83  181   78.08407   75.45589  3.37%  44.9 39180s
 5720523 1901619   77.82811   90  148   78.08407   75.45621  3.37%  44.9 39229s
 5721206 1903224   76.54429   90  217   78.08407   75.45626  3.37%  44.9 39255s
 5726289 1904533     cutoff  110        78.08407   75.45652  3.37%  44.9 39274s
 5730834 1906018   77.76719  107   40   78.08407   75.45716  3.36%  44.9 39294s
 5736693 1907224     cutoff   82        78.08407   75.45787  3.36%  44.9 39317s
 5741899 1908387   75.66811   81  177   78.08407   75.45848  3.36%  45.0 39342s
