
Gurobi 9.5.2 (linux64) logging started Wed Jul 29 07:00:16 2026

Set parameter LogFile to value "logs/oracle_RmediumCmanyTtight_3_gurobi.log"
Gurobi Optimizer version 9.5.2 build v9.5.2rc0 (linux64)
Thread count: 16 physical cores, 32 logical processors, using up to 32 threads
Optimize a model with 5118 rows, 2955 columns and 17759 nonzeros
Model fingerprint: 0x97b20eb2
Variable types: 1842 continuous, 1113 integer (1113 binary)
Coefficient statistics:
  Matrix range     [2e-02, 1e+03]
  Objective range  [1e+00, 1e+00]
  Bounds range     [1e+00, 1e+00]
  RHS range        [8e-02, 5e+02]
Presolve removed 1582 rows and 580 columns
Presolve time: 0.65s
Presolved: 3536 rows, 2375 columns, 15630 nonzeros
Variable types: 1415 continuous, 960 integer (960 binary)

Root relaxation: objective 6.086382e+01, 3815 iterations, 1.51 seconds (0.16 work units)

    Nodes    |    Current Node    |     Objective Bounds      |     Work
 Expl Unexpl |  Obj  Depth IntInf | Incumbent    BestBd   Gap | It/Node Time

     0     0   60.86382    0  346          -   60.86382      -     -    3s
     0     0   62.36454    0  306          -   62.36454      -     -    5s
     0     0   62.40000    0  317          -   62.40000      -     -    5s
     0     0   62.40790    0  334          -   62.40790      -     -    5s
     0     0   63.17786    0  345          -   63.17786      -     -    7s
     0     0   63.23241    0  341          -   63.23241      -     -    8s
     0     0   63.23862    0  341          -   63.23862      -     -    8s
     0     0   63.23877    0  350          -   63.23877      -     -    8s
     0     0   64.04315    0  352          -   64.04315      -     -    9s
     0     0   64.06091    0  385          -   64.06091      -     -   10s
     0     0   64.06380    0  385          -   64.06380      -     -   10s
     0     0   64.06443    0  387          -   64.06443      -     -   10s
     0     0   64.34626    0  303          -   64.34626      -     -   12s
     0     0   64.39533    0  322          -   64.39533      -     -   13s
     0     0   64.40061    0  337          -   64.40061      -     -   13s
     0     0   64.40221    0  337          -   64.40221      -     -   13s
     0     0   64.40224    0  341          -   64.40224      -     -   13s
     0     0   64.46526    0  332          -   64.46526      -     -   14s
     0     0   64.46858    0  334          -   64.46858      -     -   14s
     0     0   64.46900    0  334          -   64.46900      -     -   15s
     0     0   64.49717    0  332          -   64.49717      -     -   15s
     0     0   64.49974    0  337          -   64.49974      -     -   15s
     0     0   64.49977    0  335          -   64.49977      -     -   15s
     0     0   64.52645    0  332          -   64.52645      -     -   16s
     0     0   64.53264    0  338          -   64.53264      -     -   17s
     0     0   64.53332    0  348          -   64.53332      -     -   17s
     0     0   64.55955    0  346          -   64.55955      -     -   17s
     0     0   64.55968    0  347          -   64.55968      -     -   18s
     0     0   64.56838    0  325          -   64.56838      -     -   18s
     0     0   64.57035    0  353          -   64.57035      -     -   19s
     0     0   64.57037    0  352          -   64.57037      -     -   19s
     0     0   64.60863    0  325          -   64.60863      -     -   19s
     0     0   64.61725    0  354          -   64.61725      -     -   20s
     0     0   64.61772    0  357          -   64.61772      -     -   20s
     0     0   64.63733    0  331          -   64.63733      -     -   20s
     0     0   64.63873    0  358          -   64.63873      -     -   21s
     0     0   64.63873    0  360          -   64.63873      -     -   21s
     0     0   64.64793    0  377          -   64.64793      -     -   21s
     0     0   64.64903    0  378          -   64.64903      -     -   22s
     0     0   64.65962    0  380          -   64.65962      -     -   23s
     0     0   64.65962    0  321          -   64.65962      -     -   24s
     0     2   64.65962    0  317          -   64.65962      -     -   41s
   658   746   65.75593   41  283          -   64.67873      -  27.9   45s
  2086  2037   77.35374   86  245          -   64.67873      -  29.2   50s
* 2148  1860             123      82.5925318   64.67873  21.7%  28.9   50s
* 2149  1859             123      82.5899260   64.67873  21.7%  28.9   50s
H 2211  1689                      79.9077135   64.67873  19.1%  28.7   50s
H 2230  1457                      77.5119287   64.67873  16.6%  28.7   51s
H 2302  1358                      77.0456699   64.80282  15.9%  30.5   58s
  2303  1356   69.40480   75  321   77.04567   64.80282  15.9%  30.5   62s
  2305  1357   69.25833   18  346   77.04567   64.80282  15.9%  30.5   69s
  2306  1358   73.55682   51  310   77.04567   64.80282  15.9%  30.5   73s
  2311  1361   69.20955   70  355   77.04567   64.85696  15.8%  30.4   75s
  2313  1363   67.28533   13  312   77.04567   65.59303  14.9%  30.4   80s
  2317  1365   71.57907   37  210   77.04567   65.92430  14.4%  30.3   85s
  2326  1371   68.74621   27  314   77.04567   66.38085  13.8%  30.2   90s
  2331  1375   66.49869   34  270   77.04567   66.49869  13.7%  30.1   95s
  2333  1376   69.43709   43  247   77.04567   66.58933  13.6%  30.1  100s
H 2333  1306                      77.0049743   66.58933  13.5%  30.1  101s
H 2337  1243                      76.8713330   66.60120  13.4%  30.1  105s
H 2343  1184                      76.7369487   66.66525  13.1%  30.0  110s
  2346  1186   69.20542   27  316   76.73695   66.73929  13.0%  29.9  115s
  2357  1193   68.85522   82  275   76.73695   66.82405  12.9%  29.8  120s
H 2371  1141                      76.6914415   66.93695  12.7%  29.6  124s
  2375  1144   66.95082    9  241   76.69144   66.95082  12.7%  29.6  125s
  2383  1149   76.00267   58  193   76.69144   66.98499  12.7%  29.5  132s
  2385  1151   67.42789   53  174   76.69144   66.99545  12.6%  29.4  136s
  2388  1153   67.13385   21  183   76.69144   66.99953  12.6%  29.4  140s
  2394  1157   68.05523   14  170   76.69144   67.01389  12.6%  29.3  146s
  2397  1159   68.34630   31  142   76.69144   67.02283  12.6%  29.3  150s
  2401  1161   76.02556   23  144   76.69144   67.02577  12.6%  29.3  155s
H 2407  1108                      76.6914415   67.02742  12.6%  39.8  165s
  2409  1109   67.49141   38  110   76.69144   67.02742  12.6%  39.8  170s
  2420  1116   68.43701   49  129   76.69144   67.04142  12.6%  39.6  175s
  2428  1122   75.32098   89  161   76.69144   67.05566  12.6%  39.5  181s
  2430  1123   69.64795   19  208   76.69144   67.05590  12.6%  39.4  185s
  2434  1126   67.74113   21  187   76.69144   67.05773  12.6%  39.4  191s
  2438  1128   76.69144   24  154   76.69144   67.05998  12.6%  39.3  196s
  2440  1130   69.20733   55  153   76.69144   67.06012  12.6%  39.3  200s
  2441  1132   67.07069   29  155   76.69144   67.07069  12.5%  44.0  207s
  2443  1134   67.13559   30  195   76.69144   67.13559  12.5%  44.4  215s
  2476  1173   67.19764   34  168   76.69144   67.19764  12.4%  46.7  220s
H 2538  1139                      76.6565973   67.20010  12.3%  50.6  234s
H 2543  1083                      76.6459180   67.20010  12.3%  51.1  234s
H 2549  1029                      76.6416273   67.20010  12.3%  51.6  234s
H 2551   980                      76.6411255   67.20010  12.3%  51.6  234s
H 2566   929                      76.6409818   67.20010  12.3%  52.1  234s
  2570   947   67.49137   36  159   76.64098   67.24738  12.3%  52.5  236s
  2602   965   67.51176   37  193   76.64098   67.28037  12.2%  53.1  257s
  2638   981   67.52108   37  213   76.64098   67.31705  12.2%  53.9  266s
H 2640   936                      76.6237802   67.31705  12.1%  53.9  266s
H 2645   892                      68.2555208   67.31777  1.37%  54.0  266s
  3163   733   68.07423   44  116   68.25552   67.48966  1.12%  51.7  270s
  4572   492     cutoff   47        68.25552   67.54207  1.05%  46.3  275s
  4922   442     cutoff   45        68.25552   67.54207  1.05%  45.5  288s
  5922   226     cutoff   45        68.25552   67.61989  0.93%  42.8  290s

Cutting planes:
  Learned: 3
  Gomory: 36
  Cover: 60
  Implied bound: 43
  Projected implied bound: 10
  Clique: 1
  MIR: 209
  StrongCG: 1
  Flow cover: 436
  Inf proof: 5
  RLT: 22
  Relax-and-lift: 27
  PSD: 1

Explored 6541 nodes (279453 simplex iterations) in 290.98 seconds (26.21 work units)
Thread count was 32 (of 32 available processors)

Solution count 10: 68.2555 76.6238 76.641 ... 76.8713

Optimal solution found (tolerance 5.00e-03)
Best objective 6.825552076056e+01, best bound 6.803925859958e+01, gap 0.3168%

Gurobi 9.5.2 (linux64) logging started Wed Jul 29 16:13:38 2026

Set parameter LogFile to value "logs/oracle_RmediumCmanyTtight_3_gurobi.log"
Gurobi Optimizer version 9.5.2 build v9.5.2rc0 (linux64)
Thread count: 16 physical cores, 32 logical processors, using up to 32 threads
Optimize a model with 6674 rows, 3754 columns and 71296 nonzeros
Model fingerprint: 0x49a0cf5d
Variable types: 2277 continuous, 1477 integer (1477 binary)
Coefficient statistics:
  Matrix range     [2e-02, 1e+03]
  Objective range  [1e+00, 1e+00]
  Bounds range     [1e+00, 4e+01]
  RHS range        [6e-03, 5e+02]

User MIP start did not produce a new incumbent solution

Presolve removed 1812 rows and 680 columns
Presolve time: 0.24s
Presolved: 4862 rows, 3074 columns, 59237 nonzeros
Variable types: 1840 continuous, 1234 integer (1234 binary)
Root relaxation presolve removed 233 rows and 138 columns
Root relaxation presolved: 4629 rows, 2936 columns, 36505 nonzeros

Extra simplex iterations after uncrush: 1

Root relaxation: objective 6.105740e+01, 5589 iterations, 0.53 seconds (0.70 work units)
Another try with MIP start

    Nodes    |    Current Node    |     Objective Bounds      |     Work
 Expl Unexpl |  Obj  Depth IntInf | Incumbent    BestBd   Gap | It/Node Time

     0     0   61.05740    0  368          -   61.05740      -     -    1s
     0     0   62.24545    0  440          -   62.24545      -     -    1s
     0     0   62.24777    0  440          -   62.24777      -     -    2s
     0     0   62.25824    0  423          -   62.25824      -     -    2s
     0     0   62.25824    0  429          -   62.25824      -     -    2s
     0     0   62.64840    0  432          -   62.64840      -     -    2s
     0     0   62.66856    0  438          -   62.66856      -     -    2s
     0     0   62.66925    0  444          -   62.66925      -     -    2s
     0     0   62.66927    0  451          -   62.66927      -     -    2s
     0     0   62.88045    0  453          -   62.88045      -     -    3s
     0     0   62.89016    0  484          -   62.89016      -     -    3s
     0     0   62.89196    0  479          -   62.89196      -     -    3s
     0     0   62.89199    0  477          -   62.89199      -     -    3s
     0     0   63.02660    0  428          -   63.02660      -     -    4s
     0     0   63.05042    0  460          -   63.05042      -     -    4s
     0     0   63.05126    0  477          -   63.05126      -     -    4s
     0     0   63.05136    0  476          -   63.05136      -     -    4s
     0     0   63.10842    0  488          -   63.10842      -     -    5s
     0     0   63.12518    0  505          -   63.12518      -     -    5s
     0     0   63.12820    0  522          -   63.12820      -     -    5s
     0     0   63.12881    0  543          -   63.12881      -     -    5s
     0     0   63.23453    0  484          -   63.23453      -     -    7s
     0     0   63.28019    0  489          -   63.28019      -     -    7s
     0     0   63.29099    0  460          -   63.29099      -     -    7s
     0     0   63.29294    0  486          -   63.29294      -     -    7s
     0     0   63.29508    0  498          -   63.29508      -     -    7s
     0     0   63.29531    0  490          -   63.29531      -     -    7s
     0     0   63.37147    0  464          -   63.37147      -     -    9s
     0     0   63.39674    0  445          -   63.39674      -     -    9s
     0     0   63.40286    0  468          -   63.40286      -     -    9s
     0     0   63.40339    0  468          -   63.40339      -     -    9s
     0     0   63.46460    0  473          -   63.46460      -     -   10s
     0     0   63.49186    0  499          -   63.49186      -     -   10s
     0     0   63.49405    0  522          -   63.49405      -     -   10s
     0     0   63.49426    0  516          -   63.49426      -     -   10s
     0     0   63.53394    0  504          -   63.53394      -     -   11s
     0     0   63.54357    0  534          -   63.54357      -     -   11s
     0     0   63.54603    0  535          -   63.54603      -     -   11s
     0     0   63.54649    0  540          -   63.54649      -     -   11s
     0     0   63.57233    0  512          -   63.57233      -     -   12s
     0     0   63.57564    0  516          -   63.57564      -     -   12s
     0     0   63.57632    0  531          -   63.57632      -     -   12s
     0     0   63.62250    0  493          -   63.62250      -     -   13s
     0     0   63.63877    0  510          -   63.63877      -     -   13s
     0     0   63.64092    0  526          -   63.64092      -     -   13s
     0     0   63.64110    0  531          -   63.64110      -     -   13s
     0     0   63.68634    0  500          -   63.68634      -     -   14s
     0     0   63.69691    0  500          -   63.69691      -     -   14s
     0     0   63.69797    0  524          -   63.69797      -     -   14s
     0     0   63.76354    0  533          -   63.76354      -     -   15s
     0     0   63.77486    0  548          -   63.77486      -     -   15s
     0     0   63.77626    0  546          -   63.77626      -     -   15s
     0     0   63.77644    0  549          -   63.77644      -     -   15s
     0     0   63.88300    0  557          -   63.88300      -     -   16s
     0     0   63.89704    0  581          -   63.89704      -     -   16s
     0     0   63.90075    0  580          -   63.90075      -     -   16s
     0     0   63.90152    0  588          -   63.90152      -     -   16s
     0     0   64.00422    0  574          -   64.00422      -     -   17s
     0     0   64.03219    0  581          -   64.03219      -     -   17s
     0     0   64.03405    0  588          -   64.03405      -     -   17s
     0     0   64.03574    0  596          -   64.03574      -     -   17s
     0     0   64.03645    0  596          -   64.03645      -     -   17s
     0     0   64.20880    0  532          -   64.20880      -     -   18s
     0     0   64.23275    0  540          -   64.23275      -     -   18s
     0     0   64.23456    0  556          -   64.23456      -     -   18s
     0     0   64.23486    0  564          -   64.23486      -     -   18s
     0     0   64.38285    0  521          -   64.38285      -     -   19s
     0     0   64.40228    0  528          -   64.40228      -     -   19s
     0     0   64.40441    0  543          -   64.40441      -     -   19s
     0     0   64.40466    0  547          -   64.40466      -     -   19s
     0     0   64.61432    0  548          -   64.61432      -     -   20s
     0     0   64.65895    0  566          -   64.65895      -     -   21s
     0     0   64.67174    0  568          -   64.67174      -     -   21s
     0     0   64.67368    0  578          -   64.67368      -     -   21s
     0     0   64.67437    0  576          -   64.67437      -     -   21s
     0     0   64.86033    0  535          -   64.86033      -     -   21s
     0     0   64.88792    0  558          -   64.88792      -     -   22s
     0     0   64.89221    0  540          -   64.89221      -     -   22s
     0     0   64.89305    0  563          -   64.89305      -     -   22s
     0     0   65.13537    0  520          -   65.13537      -     -   23s
     0     0   65.16830    0  558          -   65.16830      -     -   23s
     0     0   65.17547    0  570          -   65.17547      -     -   23s
     0     0   65.17630    0  566          -   65.17630      -     -   23s
     0     0   65.28430    0  503          -   65.28430      -     -   24s
     0     0   65.30490    0  504          -   65.30490      -     -   24s
     0     0   65.30869    0  530          -   65.30869      -     -   24s
     0     0   65.30906    0  545          -   65.30906      -     -   24s
     0     0   65.39028    0  487          -   65.39028      -     -   25s
     0     0   65.41927    0  507          -   65.41927      -     -   25s
     0     0   65.42558    0  539          -   65.42558      -     -   25s
     0     0   65.42729    0  510          -   65.42729      -     -   25s
     0     0   65.53036    0  519          -   65.53036      -     -   26s
     0     0   65.54877    0  499          -   65.54877      -     -   26s
     0     0   65.55085    0  504          -   65.55085      -     -   26s
     0     0   65.55098    0  548          -   65.55098      -     -   26s
     0     0   65.62168    0  506          -   65.62168      -     -   27s
     0     0   65.63109    0  510          -   65.63109      -     -   27s
     0     0   65.63187    0  551          -   65.63187      -     -   27s
     0     0   65.67460    0  498          -   65.67460      -     -   28s
     0     0   65.67711    0  532          -   65.67711      -     -   28s
     0     0   65.67815    0  539          -   65.67815      -     -   28s
     0     0   65.71522    0  507          -   65.71522      -     -   29s
     0     0   65.72296    0  506          -   65.72296      -     -   29s
     0     0   65.72651    0  494          -   65.72651      -     -   29s
     0     0   65.72685    0  493          -   65.72685      -     -   29s
     0     0   65.79373    0  479          -   65.79373      -     -   30s
     0     0   65.79848    0  480          -   65.79848      -     -   30s
     0     0   65.79954    0  480          -   65.79954      -     -   30s
     0     0   65.82954    0  489          -   65.82954      -     -   31s
     0     0   65.83734    0  485          -   65.83734      -     -   31s
     0     0   65.83770    0  481          -   65.83770      -     -   31s
     0     0   65.89487    0  469          -   65.89487      -     -   32s
     0     0   65.90646    0  464          -   65.90646      -     -   32s
     0     0   65.90689    0  470          -   65.90689      -     -   32s
     0     0   65.99469    0  483          -   65.99469      -     -   32s
     0     0   66.01204    0  484          -   66.01204      -     -   32s
     0     0   66.01705    0  481          -   66.01705      -     -   32s
     0     0   66.01768    0  479          -   66.01768      -     -   32s
     0     0   66.08919    0  477          -   66.08919      -     -   33s
     0     0   66.10814    0  487          -   66.10814      -     -   33s
     0     0   66.11074    0  501          -   66.11074      -     -   33s
     0     0   66.11155    0  490          -   66.11155      -     -   33s
     0     0   66.14258    0  486          -   66.14258      -     -   34s
     0     0   66.15039    0  485          -   66.15039      -     -   34s
     0     0   66.15124    0  490          -   66.15124      -     -   34s
     0     0   66.18835    0  470          -   66.18835      -     -   34s
     0     0   66.19082    0  467          -   66.19082      -     -   34s
     0     0   66.19100    0  470          -   66.19100      -     -   34s
     0     0   66.19967    0  467          -   66.19967      -     -   35s
     0     0   66.19967    0  400          -   66.19967      -     -   35s
     0     2   66.19967    0  396          -   66.19967      -     -   36s
  1124  1227   67.61976    6  352          -   66.71217      -   169   40s
  2243  2241   73.47805   21  399          -   66.78871      -   113   46s
  2249  2245   73.82030   15  400          -   66.91745      -   112   50s
  2257  2250   68.24488   52  366          -   67.26065      -   112   55s
  2269  2258   67.46096   14  355          -   67.46096      -   111   60s
  2272  2263   67.47258   12  337          -   67.47258      -  12.8   65s
  2274  2267   67.53767   13  280          -   67.53767      -  13.1   70s
  2334  2316   68.27218   18  305          -   67.57836      -  21.3   75s
H 2601  2329                     116.7369948   68.14239  41.6%  40.4   77s
H 2632  2226                     116.0641341   68.43421  41.0%  43.0   78s
H 2638  2121                     100.8214805   68.43421  32.1%  43.6   78s
H 2644  2022                     100.4241532   68.43421  31.9%  44.2   78s
H 2672  1966                      87.1891021   68.66384  21.2%  46.5   79s
  2694  1959   68.81622   36  241   87.18910   68.68361  21.2%  47.5   80s
H 2727  1884                      86.8240815   68.73324  20.8%  49.0   81s
H 2727  1800                      86.3733314   68.73324  20.4%  49.0   81s
H 2728  1720                      86.3096534   68.73604  20.4%  49.0   81s
H 2729  1644                      85.6046169   68.73604  19.7%  49.0   81s
H 2736  1571                      85.2348787   68.73604  19.4%  49.0   81s
H 2789  1539                      84.9690527   68.73999  19.1%  50.4   85s
H 2789  1474                      84.1551617   68.73999  18.3%  50.4   85s
H 2793  1412                      83.9654862   68.75295  18.1%  50.4   85s
H 2795  1352                      83.5992826   68.75419  17.8%  50.4   85s
H 2798  1296                      83.5416276   68.75419  17.7%  50.6   85s
H 2799  1243                      82.7819775   68.75419  16.9%  50.7   85s
H 2804  1191                      81.9836532   68.75419  16.1%  51.0   85s
H 2883  1231                      81.4430213   68.75672  15.6%  50.9   86s
H 3076  1316                      81.3292477   68.80298  15.4%  50.2   86s
H 3081  1272                      81.1262847   68.80299  15.2%  50.2   86s
H 3124  1216                      81.1262847   68.80299  15.2%  49.8   86s
H 3133  1175                      81.0812279   68.80299  15.1%  49.9   86s
H 3331  1228                      80.3577631   68.81994  14.4%  49.9   87s
H 3520  1293                      80.2465528   68.84149  14.2%  49.3   90s
H 3538  1254                      80.1910964   68.88727  14.1%  49.5   90s
  4800  2312   69.04070   29  361   80.19110   68.95148  14.0%  46.0   95s
H 4838  2155                      79.2346070   68.95166  13.0%  46.0   95s
  6824  3586 infeasible   53        79.23461   69.03596  12.9%  44.9  100s
  9388  5669   69.95992   44  212   79.23461   69.09917  12.8%  45.5  105s
 12659  7688   69.21978   54  198   79.23461   69.16129  12.7%  47.7  110s
 16955 10858 infeasible   50        79.23461   69.23935  12.6%  46.4  115s
H18459 11672                      79.1957439   69.26078  12.5%  46.3  119s
H18472 11668                      79.1601748   69.26402  12.5%  46.3  119s
H18476 11668                      79.1601747   69.26402  12.5%  46.3  119s
 18725 12616   69.26560   57  148   79.16017   69.26560  12.5%  46.4  120s
H19989 13027                      79.1400518   69.28796  12.4%  46.0  121s
H20150 13007                      79.1005887   69.29095  12.4%  46.2  121s
 21893 16472   69.36644   60  200   79.10059   69.31540  12.4%  46.2  126s
 28091 20420 infeasible   90        79.10059   69.36578  12.3%  45.3  130s
 31653 22622 infeasible   40        79.10059   69.39566  12.3%  45.5  135s
 36122 26281   69.42054   84  134   79.10059   69.42054  12.2%  45.9  140s
 39622 29843 infeasible   69        79.10059   69.44768  12.2%  46.4  145s
 43551 35791   69.50064   58  165   79.10059   69.50036  12.1%  47.3  154s
 48935 36178   69.62125   47  243   79.10059   69.54838  12.1%  47.8  156s
 52657 40075   70.37676   79  135   79.10059   69.59078  12.0%  48.4  162s
 56605 42298 infeasible   84        79.10059   69.62027  12.0%  48.7  166s
 59712 45987 infeasible   63        79.10059   69.64513  12.0%  49.0  170s
 64078 48373 infeasible   46        79.10059   69.66457  11.9%  48.8  175s
 65247 52458     cutoff   65        79.10059   69.67720  11.9%  48.9  180s
H65248 52425                      79.0617256   69.67720  11.9%  48.9  180s
H70018 53155                      79.0617254   69.69087  11.9%  48.7  181s
 73079 55153   69.85392   57  216   79.06173   69.70811  11.8%  48.8  186s
H73282 55130                      79.0335977   69.70991  11.8%  48.8  186s
 75529 57871 infeasible   94        79.03360   69.71925  11.8%  49.0  191s
H75532 57836                      78.9757522   69.71927  11.7%  49.0  191s
H75761 57819                      78.9643880   69.72019  11.7%  49.0  191s
H76452 57815                      78.9550175   69.72177  11.7%  49.0  191s
 79103 59889 infeasible   71        78.95502   69.73106  11.7%  49.0  195s
 81904 63590 infeasible   54        78.95502   69.73944  11.7%  49.2  200s
 86957 72135 infeasible   83        78.95502   69.75660  11.7%  49.3  212s
 95168 72676   69.84244   57  189   78.95502   69.77884  11.6%  49.5  215s
 98109 75397 infeasible   53        78.95502   69.78949  11.6%  49.7  220s
 101824 78008 infeasible   70        78.95502   69.80244  11.6%  50.2  226s
 105178 79513 infeasible   54        78.95502   69.81361  11.6%  50.9  231s
 107694 81783   69.88131   51  226   78.95502   69.82220  11.6%  51.3  236s
 109673 83986   70.08911   43  202   78.95502   69.83024  11.6%  52.0  243s
 112222 85918 infeasible   31        78.95502   69.83686  11.5%  52.5  246s
 115026 85919   69.84583   67  112   78.95502   69.84565  11.5%  52.7  250s
H115105 84815                      77.9322416   69.84854  10.4%  52.8  252s
 115460 84842 infeasible   71        77.93224   69.85086  10.4%  53.0  260s
H115474 84687                      77.8489083   69.85192  10.3%  53.0  260s
 116398 86244 infeasible   84        77.84891   69.85693  10.3%  53.3  266s
 119175 87871 infeasible   81        77.84891   69.86931  10.3%  54.1  271s
H121485 88272                      77.7903829   69.88018  10.2%  54.7  274s
 122080 90231   69.97195   65  151   77.79038   69.88356  10.2%  54.9  277s
 125112 90683     cutoff   85        77.79038   69.88940  10.2%  55.1  280s
H125133 90604                      77.7408084   69.89021  10.1%  55.1  280s
 128458 92494 infeasible   63        77.74081   69.90399  10.1%  55.6  286s
H128459 92476                      77.7280761   69.90399  10.1%  55.6  286s
 129237 95390   69.92597   79  164   77.72808   69.90851  10.1%  55.8  291s
H133802 96094                      77.7035443   69.92010  10.0%  56.1  294s
 135011 96407 infeasible   73        77.70354   69.92560  10.0%  56.2  296s
H135014 96379                      77.6890916   69.92605  10.0%  56.2  296s
H135024 94253                      76.6202110   69.92605  8.74%  56.2  296s
 137602 95722   69.94676   54  140   76.62021   69.93842  8.72%  56.6  301s
 140600 98235 infeasible   87        76.62021   69.95237  8.70%  56.9  307s
 143352 100003   69.96998   52  173   76.62021   69.96398  8.69%  57.2  312s
 145819 101278 infeasible  100        76.62021   69.97036  8.68%  57.4  315s
 148398 102970   70.33801   44  164   76.62021   69.97928  8.67%  57.7  320s
H151333 106681                      76.6057583   69.99043  8.64%  58.0  331s
H152358 106681                      76.6048513   69.99109  8.63%  58.1  331s
H156665 106884                      76.5984077   69.99899  8.62%  58.3  334s
 157058 107510   70.05914   51  285   76.59841   70.00521  8.61%  58.4  336s
 158157 109352   70.27026   76  112   76.59841   70.00741  8.60%  58.5  340s
 162423 111347   70.06093   61  143   76.59841   70.01714  8.59%  58.7  345s
H164932 111645                      76.5984077   70.02573  8.58%  59.0  348s
 165237 113367   70.15987   50  131   76.59841   70.02687  8.58%  59.1  351s
 168594 115002   70.05015   68  198   76.59841   70.03432  8.57%  59.3  357s
 170829 116284 infeasible   35        76.59841   70.04025  8.56%  59.6  360s
 173760 120024 infeasible   76        76.59841   70.04751  8.55%  60.0  370s
 179872 120776   70.06191   82   93   76.59841   70.05844  8.54%  60.6  375s
 183311 122633   70.06879   44  200   76.59841   70.06536  8.53%  60.9  380s
 186715 124819   70.22024   69  148   76.59841   70.07151  8.52%  61.2  386s
 187446 126420 infeasible   45        76.59841   70.07326  8.52%  61.3  390s
 192283 128169   70.46403   50  164   76.59841   70.08095  8.51%  61.7  395s
 195795 130887   70.69832   87  169   76.59841   70.08759  8.50%  61.8  402s
 197254 131400   70.14078   49  206   76.59841   70.09000  8.50%  62.0  405s
 198215 134282     cutoff   38        76.59841   70.09142  8.49%  62.1  410s
 205114 136276   70.13817   48  188   76.59841   70.10048  8.48%  62.4  416s
 208412 139745 infeasible   45        76.59841   70.10602  8.48%  62.5  422s
 210961 141259   70.23692   67  148   76.59841   70.11076  8.47%  62.5  425s
 213982 142900   70.37195   54  164   76.59841   70.11604  8.46%  62.5  430s
 218212 145777   70.12168   52  201   76.59841   70.12168  8.46%  62.7  436s
 221195 147567   70.15753   37  193   76.59841   70.12685  8.45%  62.9  441s
 225910 149367   70.31765   60  164   76.59841   70.13396  8.44%  63.2  446s
 229317 152151 infeasible   94        76.59841   70.14000  8.43%  63.3  452s
 231622 152485   70.16215   50  122   76.59841   70.14315  8.43%  63.5  455s
 234069 154646   76.48195   87  146   76.59841   70.14666  8.42%  63.7  462s
 237011 156489   70.15333   94  126   76.59841   70.15257  8.42%  63.9  467s
 239475 157920   70.19535   54  145   76.59841   70.15561  8.41%  64.1  470s
 244927 160859   70.43252   66  118   76.59841   70.16450  8.40%  64.4  477s
 248052 162866   70.22935   47  191   76.59841   70.16986  8.39%  64.5  482s
 250556 164000   70.50409   48  149   76.59841   70.17298  8.39%  64.6  486s
 253254 165361   70.32044   58  132   76.59841   70.17712  8.38%  64.8  492s
 255180 166116   70.40168   54  142   76.59841   70.18071  8.38%  64.8  495s
 258896 167780   70.39501   51  164   76.59841   70.18637  8.37%  65.0  501s
 262259 170542   70.55238   56  179   76.59841   70.19056  8.37%  65.2  508s
 264704 170859 infeasible   81        76.59841   70.19477  8.36%  65.3  510s
 267764 172534   70.33696   59  146   76.59841   70.19858  8.36%  65.4  516s
H268539 172534                      76.5984077   70.20019  8.35%  65.4  517s
 268680 173717   70.21043   59  124   76.59841   70.20123  8.35%  65.5  520s
 271815 175452     cutoff   55        76.59841   70.20638  8.34%  65.7  526s
 276313 176963   70.28032   32  181   76.59841   70.21364  8.34%  65.8  532s
 277181 178420   70.32377   54  191   76.59841   70.21532  8.33%  65.8  535s
 282706 180556   70.38204   65  129   76.59841   70.22261  8.32%  66.0  541s
 283701 183276   70.23721   61  135   76.59841   70.22468  8.32%  66.0  548s
 288871 183836   70.35294   54  148   76.59841   70.23026  8.31%  66.1  550s
 292522 186452   70.37155   53  162   76.59841   70.23740  8.30%  66.2  557s
 294879 186948   70.29723   48  193   76.59841   70.24007  8.30%  66.2  560s
 298440 189673   70.75906   62  148   76.59841   70.24571  8.29%  66.3  566s
 302012 191521   70.33361   56  214   76.59841   70.25046  8.29%  66.3  572s
 304483 192744   70.42693  101  149   76.59841   70.25377  8.28%  66.3  575s
 307377 194690   70.44274   76  158   76.59841   70.25930  8.28%  66.4  582s
 310547 195403   70.59890   56  197   76.59841   70.26332  8.27%  66.4  585s
 314657 197274   70.37202   41  291   76.59841   70.26910  8.26%  66.4  591s
 318218 200161 infeasible   41        76.59841   70.27426  8.26%  66.5  598s
 320749 200574   70.48697   44  189   76.59841   70.27723  8.25%  66.5  600s
 323578 203477 infeasible   80        76.59841   70.28104  8.25%  66.5  607s
 326460 205150   70.44335   44  175   76.59841   70.28449  8.24%  66.5  610s
 329921 206726   70.63226   57  145   76.59841   70.28858  8.24%  66.5  616s
 334841 208646   70.32255   56  206   76.59841   70.29484  8.23%  66.5  621s
 337837 211340   70.39728   52  179   76.59841   70.29859  8.22%  66.5  627s
 340706 212783     cutoff   37        76.59841   70.30196  8.22%  66.6  632s
 342649 214120   70.34421   41  219   76.59841   70.30362  8.22%  66.6  636s
 346214 216108   70.32113   52  144   76.59841   70.30873  8.21%  66.7  641s
 349210 220885   70.46472   57  192   76.59841   70.31259  8.21%  66.8  653s
 356927 221271   70.46896   50  155   76.59841   70.32107  8.20%  66.8  656s
 358704 223485   70.39835   47  144   76.59841   70.32353  8.19%  66.9  663s
 361400 223954   70.41029   23  249   76.59841   70.32619  8.19%  66.9  665s
 365214 227474   70.36387   44  185   76.59841   70.33153  8.18%  66.9  672s
 368011 228245 infeasible   51        76.59841   70.33427  8.18%  66.9  675s
 372197 230348 infeasible   50        76.59841   70.33804  8.17%  66.9  681s
 375453 233505 infeasible   38        76.59841   70.34235  8.17%  66.9  687s
 378213 233938   70.34713   65  144   76.59841   70.34499  8.16%  66.8  690s
 381471 237049   70.35053   59  178   76.59841   70.34860  8.16%  66.8  696s
 385698 238338   70.98510   54  264   76.59841   70.35272  8.15%  66.8  701s
 387662 239942   70.36572   54  166   76.59841   70.35444  8.15%  66.9  705s
 391152 241749 infeasible   70        76.59841   70.35809  8.15%  66.9  711s
 392189 245423 infeasible   59        76.59841   70.36042  8.14%  66.9  718s
 398458 245792 infeasible   60        76.59841   70.36465  8.14%  66.9  720s
 402290 249205   70.36890   56  166   76.59841   70.36890  8.13%  66.9  727s
 405832 250857   70.45541   55  168   76.59841   70.37305  8.13%  66.8  732s
 407981 252708   70.75826   57  150   76.59841   70.37488  8.12%  66.8  736s
 411920 255413   70.49041   45  180   76.59841   70.37902  8.12%  66.8  742s
 417518 257837 infeasible   69        76.59841   70.38400  8.11%  66.7  747s
 420822 259884   70.50191   43  234   76.59841   70.38670  8.11%  66.7  753s
 423196 261498 infeasible   96        76.59841   70.38880  8.11%  66.7  756s
 426501 262051 infeasible   37        76.59841   70.39156  8.10%  66.6  766s
H426503 262007                      76.5794594   70.39156  8.08%  66.6  766s
H426638 261991                      76.5735998   70.39164  8.07%  66.6  766s
H426712 261971                      76.5644463   70.39181  8.06%  66.6  766s
 427598 264424   70.45990   56  149   76.56445   70.39270  8.06%  66.7  773s
 430664 266031     cutoff   58        76.56445   70.39452  8.06%  66.6  776s
 433294 267021   70.42488   54  178   76.56445   70.39736  8.05%  66.6  780s
 435087 269928   70.40665   64  171   76.56445   70.39840  8.05%  66.5  785s
 440696 272460     cutoff   52        76.56445   70.40283  8.05%  66.4  791s
 444103 274520   70.44332   56  128   76.56445   70.40501  8.04%  66.4  795s
 449805 276503   70.40987   46  148   76.56445   70.40912  8.04%  66.3  800s
 453804 280744   70.41269   69  115   76.56445   70.41234  8.04%  66.2  808s
 457725 281888 infeasible   68        76.56445   70.41473  8.03%  66.1  811s
 460536 283935   70.60186   57  171   76.56445   70.41756  8.03%  66.1  816s
 466357 287228   70.47223   42  217   76.56445   70.42142  8.02%  66.0  820s
 469441 289124 infeasible   69        76.56445   70.42388  8.02%  65.9  826s
 474903 291832   70.56511   69  160   76.56445   70.42716  8.02%  65.8  833s
 476371 295264   71.43487   52  186   76.56445   70.42794  8.01%  65.8  839s
 482218 297497   70.43152   57  170   76.56445   70.43152  8.01%  65.8  844s
 485531 299319 infeasible   59        76.56445   70.43398  8.01%  65.7  847s
 489263 301474 infeasible   38        76.56445   70.43695  8.00%  65.7  852s
 491748 302779 infeasible   60        76.56445   70.43836  8.00%  65.6  855s
 495242 305421 infeasible   66        76.56445   70.44042  8.00%  65.5  861s
 498174 306154   70.46080   63  167   76.56445   70.44276  8.00%  65.6  865s
 499442 310472   74.99195   60  162   76.56445   70.44374  7.99%  65.6  872s
 506425 312565   70.75356   62  170   76.56445   70.44761  7.99%  65.5  875s
 510541 315191   70.89023   62  161   76.56445   70.45049  7.99%  65.4  881s
 515236 318034     cutoff   40        76.56445   70.45340  7.98%  65.3  886s
 520528 320373 infeasible   52        76.56445   70.45653  7.98%  65.3  893s
 522052 323945 infeasible   49        76.56445   70.45728  7.98%  65.3  899s
 527737 325351   70.51505   43  229   76.56445   70.45993  7.97%  65.2  902s
 530173 327269 infeasible   64        76.56445   70.46188  7.97%  65.2  906s
 534046 329933 infeasible   66        76.56445   70.46468  7.97%  65.1  912s
 537232 331905   70.84389   58  192   76.56445   70.46649  7.96%  65.1  915s
 543558 334774     cutoff   54        76.56445   70.46996  7.96%  64.9  921s
 544614 339876 infeasible   58        76.56445   70.47032  7.96%  64.9  929s
 547194 339876   70.60968   52  168   76.56445   70.47053  7.96%  64.9  930s
 555193 342237 infeasible   61        76.56445   70.47531  7.95%  64.8  935s
 559362 346041 infeasible   53        76.56445   70.47758  7.95%  64.7  940s
 565137 350379   70.64159   48  153   76.56445   70.48045  7.95%  64.7  947s
 569779 352094 infeasible   58        76.56445   70.48307  7.94%  64.6  952s
 571823 353986   70.64938   54  149   76.56445   70.48421  7.94%  64.6  956s
 577653 356309   70.66555   61  157   76.56445   70.48757  7.94%  64.5  961s
 581434 360109   70.56776   47  176   76.56445   70.48902  7.94%  64.4  967s
 584454 361969 infeasible   60        76.56445   70.49092  7.93%  64.4  970s
 588227 367909   70.49264   50  159   76.56445   70.49264  7.93%  64.3  982s
 596804 369425 infeasible   43        76.56445   70.49673  7.92%  64.2  986s
 600526 372034   70.62241   61  115   76.56445   70.49850  7.92%  64.2  991s
 606643 374870   70.51780   59  140   76.56445   70.50179  7.92%  64.1  997s
 607782 376890 infeasible   63        76.56445   70.50290  7.92%  64.1 1001s
 610984 378600 infeasible   68        76.56445   70.50449  7.91%  64.1 1005s
 615583 380433 infeasible   46        76.56445   70.50651  7.91%  64.1 1010s
H615925 380433                      76.5644461   70.50670  7.91%  64.1 1010s
 619526 383808   70.60132   53  248   76.56445   70.50832  7.91%  64.0 1016s
 621863 385324   70.52116   61  188   76.56445   70.50909  7.91%  64.1 1020s
 625044 387506   70.67793   64  137   76.56445   70.51126  7.91%  64.1 1026s
 630882 391609   70.59933   60  162   76.56445   70.51387  7.90%  64.0 1034s
 634296 391979 infeasible   65        76.56445   70.51540  7.90%  64.0 1036s
 638003 395749 infeasible   63        76.56445   70.51755  7.90%  64.0 1042s
 640788 396373 infeasible   58        76.56445   70.51875  7.90%  63.9 1045s
 644970 400392 infeasible   59        76.56445   70.52053  7.89%  63.9 1052s
 649100 402213   70.52822   55  178   76.56445   70.52211  7.89%  63.9 1055s
 653486 404653 infeasible   52        76.56445   70.52462  7.89%  63.8 1061s
 654580 409123 infeasible   68        76.56445   70.52542  7.89%  63.8 1068s
 661675 410960   70.55091   58  125   76.56445   70.52825  7.88%  63.7 1072s
 664578 411501   70.69323   67  102   76.56445   70.52896  7.88%  63.7 1075s
 669047 415548   70.66937   67  125   76.56445   70.53156  7.88%  63.7 1081s
 671768 417360   70.54862   57  145   76.56445   70.53260  7.88%  63.7 1085s
 675437 423364   70.76182   56  218   76.56445   70.53433  7.88%  63.7 1097s
 683655 423969   70.58165   56  151   76.56445   70.53667  7.87%  63.6 1100s
 687975 428099   70.57579   48  137   76.56445   70.53833  7.87%  63.6 1107s
 690913 430024   70.54439   60  153   76.56445   70.53987  7.87%  63.5 1110s
 695112 433251   70.54119   51  127   76.56445   70.54119  7.87%  63.5 1117s
 699411 435475   70.56224   62  144   76.56445   70.54307  7.86%  63.5 1122s
 702168 437374 infeasible   48        76.56445   70.54398  7.86%  63.5 1125s
 707324 439576 infeasible   81        76.56445   70.54588  7.86%  63.4 1130s
 711110 443151   70.90875   52  139   76.56445   70.54728  7.86%  63.4 1136s
 716434 446109   71.18827   54  253   76.56445   70.54918  7.86%  63.4 1142s
 718011 449824   70.64998   61  151   76.56445   70.54985  7.86%  63.3 1148s
 723435 451334 infeasible   49        76.56445   70.55130  7.85%  63.3 1151s
 726789 453973   70.63299   30  242   76.56445   70.55277  7.85%  63.3 1157s
 729787 456068 infeasible   72        76.56445   70.55387  7.85%  63.2 1160s
 735768 459683 infeasible   54        76.56445   70.55556  7.85%  63.2 1166s
 739443 464754 infeasible   47        76.56445   70.55688  7.85%  63.1 1176s
 746395 466290   70.75424   50  265   76.56445   70.55872  7.84%  63.1 1180s
 751250 468575 infeasible   57        76.56445   70.56040  7.84%  63.1 1185s
 755493 472412 infeasible   61        76.56445   70.56180  7.84%  63.0 1192s
 758063 474262   70.80894   46  162   76.56445   70.56289  7.84%  63.0 1195s
 762866 478581 infeasible   57        76.56445   70.56436  7.84%  63.0 1203s
 767049 479241 infeasible   47        76.56445   70.56559  7.84%  62.9 1205s
 771700 483488   70.56698   58  143   76.56445   70.56698  7.83%  62.9 1212s
 774557 484871   70.57176   57  156   76.56445   70.56772  7.83%  62.9 1215s
 777393 487046 infeasible   48        76.56445   70.56899  7.83%  62.9 1221s
 783064 491297   72.01795   56  175   76.56445   70.57059  7.83%  62.9 1229s
 786390 491918 infeasible   63        76.56445   70.57180  7.83%  62.9 1231s
 790295 495710   70.75463   58  185   76.56445   70.57307  7.83%  62.9 1237s
 793111 497530 infeasible   67        76.56445   70.57383  7.82%  62.8 1240s
 798344 499623 infeasible   57        76.56445   70.57543  7.82%  62.8 1246s
 801638 503223   70.57623   58  130   76.56445   70.57623  7.82%  62.8 1252s
 804641 504226     cutoff   65        76.56445   70.57714  7.82%  62.8 1255s
 806193 507489   70.67581   64  155   76.56445   70.57776  7.82%  62.8 1261s
 814031 510102   70.66286   60  156   76.56445   70.57988  7.82%  62.8 1267s
 814927 512274   70.65030   58  120   76.56445   70.58036  7.82%  62.8 1271s
 821096 516384   70.81708   69  158   76.56445   70.58194  7.81%  62.8 1277s
 824095 517016 infeasible   52        76.56445   70.58298  7.81%  62.7 1280s
 828276 520673   70.58894   55  196   76.56445   70.58417  7.81%  62.7 1286s
 831988 522584 infeasible   72        76.56445   70.58501  7.81%  62.7 1290s
 835433 524570   70.60807   59  147   76.56445   70.58616  7.81%  62.7 1295s
 838881 528292 infeasible   58        76.56445   70.58688  7.81%  62.7 1301s
 842739 530812   70.81473   65  151   76.56445   70.58819  7.81%  62.7 1307s
 846530 533590 infeasible   56        76.56445   70.58913  7.80%  62.7 1313s
 849769 534798   70.78882   61  115   76.56445   70.59010  7.80%  62.7 1316s
 853665 536581 infeasible   69        76.56445   70.59107  7.80%  62.7 1320s
 857065 539183 infeasible   49        76.56445   70.59246  7.80%  62.6 1325s
 860673 542756 infeasible   63        76.56445   70.59323  7.80%  62.6 1331s
 865976 544515     cutoff   78        76.56445   70.59463  7.80%  62.6 1352s
 866012 544947 infeasible   65        76.56445   70.59483  7.80%  62.6 1355s
 867777 547728   72.78307   60  148   76.56445   70.59551  7.80%  62.6 1361s
 873470 551248 infeasible   56        76.56445   70.59705  7.79%  62.6 1367s
 876919 553232   70.60383   38  193   76.56445   70.59796  7.79%  62.6 1372s
 879074 555268 infeasible   61        76.56445   70.59867  7.79%  62.6 1375s
 884646 558836   70.68801   39  199   76.56445   70.60006  7.79%  62.6 1381s
 888045 560967   70.69329   55  187   76.56445   70.60103  7.79%  62.6 1387s
 890656 563076   70.87653   37  222   76.56445   70.60194  7.79%  62.6 1390s
 895104 565671   70.60293   60  118   76.56445   70.60293  7.79%  62.6 1398s
 897871 566298 infeasible   74        76.56445   70.60388  7.79%  62.6 1401s
 902068 570021   70.61045   70  111   76.56445   70.60521  7.78%  62.6 1408s
 904616 572120   71.22263   48  174   76.56445   70.60575  7.78%  62.6 1411s
 908525 574344   70.61237   56  130   76.56445   70.60703  7.78%  62.6 1417s
 911353 576324 infeasible   56        76.56445   70.60772  7.78%  62.6 1421s
 916649 578173   70.60958   22  310   76.56445   70.60957  7.78%  62.6 1426s
 917518 579913   70.65890   23  326   76.56445   70.60979  7.78%  62.6 1430s
 922900 583542   70.71130   60  158   76.56445   70.61091  7.78%  62.6 1436s
 926642 585972   70.69013   63  168   76.56445   70.61242  7.77%  62.6 1442s
 929518 587142   70.78299   69  195   76.56445   70.61320  7.77%  62.6 1445s
 933779 589540 infeasible   67        76.56445   70.61484  7.77%  62.7 1452s
 935990 590131 infeasible   59        76.56445   70.61544  7.77%  62.8 1455s
 940101 592864 infeasible   57        76.56445   70.61689  7.77%  62.9 1464s
 942434 593507     cutoff   55        76.56445   70.61790  7.77%  63.0 1468s
 943733 595060   70.81987   63  156   76.56445   70.61824  7.77%  63.0 1472s
 946687 596708   70.61963   76   88   76.56445   70.61963  7.76%  63.1 1477s
 949896 597596 infeasible   67        76.56445   70.62081  7.76%  63.2 1480s
 951468 598831 infeasible   66        76.56445   70.62154  7.76%  63.2 1485s
 956669 601539     cutoff   59        76.56445   70.62350  7.76%  63.3 1493s
 958959 602119   70.63927   51  135   76.56445   70.62443  7.76%  63.4 1496s
 960177 603872   70.80743   60  186   76.56445   70.62496  7.76%  63.4 1501s
 963352 605213 infeasible   71        76.56445   70.62617  7.76%  63.5 1505s
 967128 607372   70.69505   55  123   76.56445   70.62766  7.75%  63.6 1513s
 969876 608903   71.54490   64  234   76.56445   70.62856  7.75%  63.7 1517s
 972789 609679 infeasible   60        76.56445   70.62970  7.75%  63.7 1520s
 974184 611191   70.70263   56  197   76.56445   70.63011  7.75%  63.7 1525s
 979589 613897 infeasible   62        76.56445   70.63194  7.75%  63.8 1533s
 982020 614375 infeasible   67        76.56445   70.63298  7.75%  63.9 1536s
 983013 615803 infeasible   54        76.56445   70.63338  7.75%  63.9 1540s
 987305 618371   70.71908   50  154   76.56445   70.63521  7.74%  64.0 1549s
 990636 619029   70.64448   52  118   76.56445   70.63634  7.74%  64.1 1552s
 992134 620478   71.00885   64  131   76.56445   70.63683  7.74%  64.1 1557s
 995051 621119   70.90641   65  122   76.56445   70.63801  7.74%  64.2 1560s
 996475 622712     cutoff   59        76.56445   70.63861  7.74%  64.2 1565s
 1000446 624302 infeasible   60        76.56445   70.63975  7.74%  64.3 1570s
 1003921 627323   71.31596   63   96   76.56445   70.64146  7.74%  64.3 1580s
 1010633 629046   70.67542   65  109   76.56445   70.64380  7.73%  64.5 1587s
 1012028 630283 infeasible   49        76.56445   70.64445  7.73%  64.5 1591s
 1014772 631129 infeasible   71        76.56445   70.64567  7.73%  64.6 1596s
 1016544 631751   70.70725   57  126   76.56445   70.64643  7.73%  64.6 1600s
 1017891 633271 infeasible   54        76.56445   70.64717  7.73%  64.7 1605s
 1024046 635521 infeasible   56        76.56445   70.64963  7.73%  64.8 1613s
 1025135 638921 infeasible   60        76.56445   70.65036  7.72%  64.8 1620s
 1032468 640875   70.74622   45  152   76.56445   70.65277  7.72%  64.8 1628s
 1035122 642309 infeasible   61        76.56445   70.65371  7.72%  64.9 1632s
 1037808 643331 infeasible   57        76.56445   70.65478  7.72%  64.9 1635s
 1041055 645124   70.86905   63  172   76.56445   70.65655  7.72%  65.0 1643s
 1043586 646507   73.33502   74  200   76.56445   70.65772  7.71%  65.0 1647s
 1046382 647011 infeasible   51        76.56445   70.65873  7.71%  65.1 1650s
 1047361 650862 infeasible   68        76.56445   70.65937  7.71%  65.1 1659s
 1052940 650862   70.66271   51  126   76.56445   70.65955  7.71%  65.1 1660s
 1055309 652816   70.66762   50  169   76.56445   70.66199  7.71%  65.2 1667s
 1057989 654239 infeasible   63        76.56445   70.66263  7.71%  65.2 1671s
 1060874 654812   70.75287   64  102   76.56445   70.66407  7.71%  65.2 1675s
 1065114 657448   70.69777   56  222   76.56445   70.66561  7.70%  65.3 1683s
 1067016 658663   70.93368   58  155   76.56445   70.66654  7.70%  65.3 1687s
 1069432 660227 infeasible   70        76.56445   70.66773  7.70%  65.3 1691s
 1073427 662146     cutoff   48        76.56445   70.66949  7.70%  65.4 1698s
 1076015 663529 infeasible   53        76.56445   70.67042  7.70%  65.4 1702s
 1078752 664124   70.68561   65  159   76.56445   70.67135  7.70%  65.5 1706s
 1080060 665517 infeasible   63        76.56445   70.67202  7.70%  65.5 1711s
 1082735 667118 infeasible   57        76.56445   70.67323  7.69%  65.6 1715s
 1086947 669424   70.94687   63  182   76.56445   70.67487  7.69%  65.6 1724s
 1089969 670818   70.68172   59  132   76.56445   70.67632  7.69%  65.7 1728s
 1092560 672143 infeasible   62        76.56445   70.67731  7.69%  65.7 1732s
 1095016 672813 infeasible   66        76.56445   70.67838  7.69%  65.7 1735s
 1099567 676510 infeasible   61        76.56445   70.68062  7.68%  65.8 1743s
 1102577 677628 infeasible   60        76.56445   70.68161  7.68%  65.8 1747s
 1104604 678253   72.41716   31  313   76.56445   70.68234  7.68%  65.8 1751s
 1105670 680088 infeasible   74        76.56445   70.68322  7.68%  65.8 1755s
 1109008 681985 infeasible   68        76.56445   70.68473  7.68%  65.9 1760s
 1113551 685701   71.06906   72  133   76.56445   70.68687  7.68%  65.9 1771s
 1118963 687702   70.87287   67  123   76.56445   70.68875  7.67%  65.9 1775s
 1123456 689869   70.83858   61  109   76.56445   70.69084  7.67%  65.9 1783s
 1125883 691835     cutoff   60        76.56445   70.69160  7.67%  66.0 1787s
 1129264 693550   70.70180   66  122   76.56445   70.69319  7.67%  66.0 1791s
 1133344 695879 infeasible   63        76.56445   70.69530  7.67%  66.0 1799s
 1136273 697507 infeasible   68        76.56445   70.69653  7.66%  66.0 1802s
 1139097 698737   70.70099   67  151   76.56445   70.69753  7.66%  66.0 1805s
 1142097 700347 infeasible   63        76.56445   70.69915  7.66%  66.1 1812s
 1144357 702053   70.73033   56  146   76.56445   70.70025  7.66%  66.1 1816s
 1148367 704189   70.83890   65  157   76.56445   70.70196  7.66%  66.1 1823s
 1151162 705643   71.06338   48  134   76.56445   70.70300  7.66%  66.1 1827s
 1153748 706605 infeasible   50        76.56445   70.70442  7.65%  66.2 1831s
 1155384 708715   70.83869   67  177   76.56445   70.70514  7.65%  66.2 1837s
 1159063 709572 infeasible   74        76.56445   70.70587  7.65%  66.2 1840s
 1160605 711611 infeasible   55        76.56445   70.70717  7.65%  66.2 1845s
 1164288 713623 infeasible   51        76.56445   70.70844  7.65%  66.2 1850s
 1170409 716907     cutoff   57        76.56445   70.71066  7.65%  66.3 1859s
 1173135 717415 infeasible   64        76.56445   70.71176  7.64%  66.3 1862s
 1174260 718575   70.93037   61  165   76.56445   70.71233  7.64%  66.3 1866s
 1176426 720283   70.71776   47  132   76.56445   70.71337  7.64%  66.4 1870s
 1180631 722705   71.09658   62  144   76.56445   70.71505  7.64%  66.4 1878s
 1183467 724477   70.86502   68  124   76.56445   70.71619  7.64%  66.4 1882s
 1186544 726070   70.71670   73  117   76.56445   70.71670  7.64%  66.5 1887s
 1189447 726569   71.45547   63  160   76.56445   70.71863  7.64%  66.5 1890s
 1190510 727821 infeasible   53        76.56445   70.71898  7.63%  66.5 1895s
 1195053 730981   70.84746   66  114   76.56445   70.72075  7.63%  66.5 1903s
 1197992 731580   71.27560   55  144   76.56445   70.72198  7.63%  66.6 1906s
 1199095 733117   70.72285   68  107   76.56445   70.72261  7.63%  66.6 1910s
 1202281 734665   71.09707   62  147   76.56445   70.72375  7.63%  66.6 1915s
 1206139 737019 infeasible   48        76.56445   70.72509  7.63%  66.6 1923s
 1209034 737731   71.08420   60  148   76.56445   70.72640  7.63%  66.7 1926s
 1210422 739526 infeasible   54        76.56445   70.72726  7.62%  66.7 1930s
 1215406 740971   70.75981   43  124   76.56445   70.72844  7.62%  66.7 1935s
 1218741 742664   70.73478   59  163   76.56445   70.73086  7.62%  66.7 1942s
 1219697 744613   70.73131   55  114   76.56445   70.73131  7.62%  66.8 1947s
 1223198 745714 infeasible   66        76.56445   70.73263  7.62%  66.8 1951s
 1225112 747500   70.88864   67  199   76.56445   70.73333  7.62%  66.8 1956s
 1229763 749778 infeasible   76        76.56445   70.73546  7.61%  66.8 1963s
 1232746 751639   70.76427   59  149   76.56445   70.73660  7.61%  66.8 1967s
 1235994 753028   71.72544   65  165   76.56445   70.73785  7.61%  66.8 1971s
 1238648 753509 infeasible   71        76.56445   70.73860  7.61%  66.9 1975s
 1239625 756999 infeasible   54        76.56445   70.73940  7.61%  66.9 1984s
 1246276 757522 infeasible   51        76.56445   70.74115  7.61%  66.9 1988s
 1247377 759357 infeasible   55        76.56445   70.74224  7.60%  67.0 1993s
 1250591 760867 infeasible   53        76.56445   70.74318  7.60%  67.0 1997s
 1253367 761565   71.79914   63  219   76.56445   70.74437  7.60%  67.0 2001s
 1254726 763276 infeasible   65        76.56445   70.74497  7.60%  67.0 2006s
 1257903 764937   71.31778   56  206   76.56445   70.74618  7.60%  67.1 2010s
 1260985 766434 infeasible   53        76.56445   70.74746  7.60%  67.1 2015s

Gurobi 9.5.2 (linux64) logging started Wed Jul 29 16:47:18 2026

Set parameter LogFile to value "logs/oracle_RmediumCmanyTtight_3_gurobi.log"
Gurobi Optimizer version 9.5.2 build v9.5.2rc0 (linux64)
Thread count: 16 physical cores, 32 logical processors, using up to 32 threads
Optimize a model with 5415 rows, 2955 columns and 61009 nonzeros
Model fingerprint: 0x1f837898
Variable types: 1842 continuous, 1113 integer (1113 binary)
Coefficient statistics:
  Matrix range     [2e-02, 1e+03]
  Objective range  [1e+00, 1e+00]
  Bounds range     [1e+00, 4e+01]
  RHS range        [8e-02, 5e+02]

User MIP start produced solution with objective 91.2939 (0.01s)
Loaded user MIP start with objective 91.2939

Presolve removed 1680 rows and 579 columns
Presolve time: 0.20s
Presolved: 3735 rows, 2376 columns, 51882 nonzeros
Variable types: 1416 continuous, 960 integer (960 binary)
Root relaxation presolve removed 156 rows and 65 columns
Root relaxation presolved: 3579 rows, 2311 columns, 31111 nonzeros

Extra simplex iterations after uncrush: 4

Root relaxation: objective 6.257836e+01, 3804 iterations, 0.30 seconds (0.43 work units)

    Nodes    |    Current Node    |     Objective Bounds      |     Work
 Expl Unexpl |  Obj  Depth IntInf | Incumbent    BestBd   Gap | It/Node Time

     0     0   62.57836    0  361   91.29392   62.57836  31.5%     -    0s
     0     0   65.75387    0  268   91.29392   65.75387  28.0%     -    1s
     0     0   66.08998    0  281   91.29392   66.08998  27.6%     -    1s
     0     0   66.31047    0  280   91.29392   66.31047  27.4%     -    1s
     0     0   67.00531    0  305   91.29392   67.00531  26.6%     -    2s
     0     0   67.06990    0  323   91.29392   67.06990  26.5%     -    2s
     0     0   67.07635    0  322   91.29392   67.07635  26.5%     -    2s
     0     0   67.08308    0  323   91.29392   67.08308  26.5%     -    2s
     0     0   67.08337    0  324   91.29392   67.08337  26.5%     -    2s
     0     0   67.78844    0  326   91.29392   67.78844  25.7%     -    2s
 1264807 769106   76.11752   57  222   76.56445   70.74912  7.60%  67.1 2023s
     0     0   67.84678    0  327   91.29392   67.84678  25.7%     -    2s
     0     0   67.86695    0  315   91.29392   67.86695  25.7%     -    2s
     0     0   67.86764    0  319   91.29392   67.86764  25.7%     -    2s
     0     0   68.56289    0  297   91.29392   68.56289  24.9%     -    3s
     0     0   68.62277    0  300   91.29392   68.62277  24.8%     -    3s
     0     0   68.64809    0  300   91.29392   68.64809  24.8%     -    3s
     0     0   68.65234    0  303   91.29392   68.65234  24.8%     -    3s
     0     0   68.65242    0  304   91.29392   68.65242  24.8%     -    3s
     0     0   69.06239    0  286   91.29392   69.06239  24.4%     -    3s
     0     0   69.19556    0  279   91.29392   69.19556  24.2%     -    3s
     0     0   69.21137    0  308   91.29392   69.21137  24.2%     -    4s
     0     0   69.21284    0  358   91.29392   69.21284  24.2%     -    4s
     0     0   69.82139    0  326   91.29392   69.82139  23.5%     -    4s
     0     0   69.89843    0  300   91.29392   69.89843  23.4%     -    4s
     0     0   69.90566    0  349   91.29392   69.90566  23.4%     -    4s
     0     0   69.90731    0  312   91.29392   69.90731  23.4%     -    4s
     0     0   70.33169    0  239   91.29392   70.33169  23.0%     -    5s
     0     0   70.35683    0  278   91.29392   70.35683  22.9%     -    5s
     0     0   70.36092    0  253   91.29392   70.36092  22.9%     -    5s
     0     0   70.36236    0  269   91.29392   70.36236  22.9%     -    5s
     0     0   70.50019    0  294   91.29392   70.50019  22.8%     -    5s
     0     0   70.53253    0  291   91.29392   70.53253  22.7%     -    5s
     0     0   70.53370    0  265   91.29392   70.53370  22.7%     -    5s
     0     0   70.57751    0  259   91.29392   70.57751  22.7%     -    6s
     0     0   70.58792    0  272   91.29392   70.58792  22.7%     -    6s
     0     0   70.59481    0  258   91.29392   70.59481  22.7%     -    6s
     0     0   70.59501    0  233   91.29392   70.59501  22.7%     -    6s
     0     0   70.65027    0  274   91.29392   70.65027  22.6%     -    6s
H    0     0                      90.7182866   70.65027  22.1%     -    6s
     0     0   70.66249    0  266   90.71829   70.66249  22.1%     -    6s
     0     0   70.66722    0  287   90.71829   70.66722  22.1%     -    6s
     0     0   70.67123    0  267   90.71829   70.67123  22.1%     -    6s
     0     0   70.67161    0  286   90.71829   70.67161  22.1%     -    6s
 1268304 770614 infeasible   47        76.56445   70.75037  7.59%  67.1 2027s
     0     0   70.73340    0  227   90.71829   70.73340  22.0%     -    7s
     0     0   70.74682    0  190   90.71829   70.74682  22.0%     -    7s
     0     0   70.75720    0  233   90.71829   70.75720  22.0%     -    7s
     0     0   70.75810    0  241   90.71829   70.75810  22.0%     -    7s
     0     0   70.86799    0  223   90.71829   70.86799  21.9%     -    7s
     0     0   70.87786    0  217   90.71829   70.87786  21.9%     -    7s
     0     0   70.87898    0  213   90.71829   70.87898  21.9%     -    7s
     0     0   70.95668    0  215   90.71829   70.95668  21.8%     -    8s
     0     0   70.96416    0  228   90.71829   70.96416  21.8%     -    8s
     0     0   70.96888    0  227   90.71829   70.96888  21.8%     -    8s
     0     0   70.96969    0  227   90.71829   70.96969  21.8%     -    8s
     0     0   70.98430    0  233   90.71829   70.98430  21.8%     -    8s
     0     0   70.98651    0  240   90.71829   70.98651  21.8%     -    8s
     0     0   71.04657    0  250   90.71829   71.04657  21.7%     -    8s
     0     0   71.04874    0  220   90.71829   71.04874  21.7%     -    9s
     0     0   71.07977    0  219   90.71829   71.07977  21.6%     -    9s
     0     0   71.09325    0  217   90.71829   71.09325  21.6%     -    9s
     0     0   71.09463    0  221   90.71829   71.09463  21.6%     -    9s
     0     0   71.16857    0  232   90.71829   71.16857  21.5%     -    9s
     0     0   71.19680    0  250   90.71829   71.19680  21.5%     -   10s
     0     0   71.20014    0  248   90.71829   71.20014  21.5%     -   10s
     0     0   71.20096    0  252   90.71829   71.20096  21.5%     -   10s
     0     0   71.22499    0  247   90.71829   71.22499  21.5%     -   10s
     0     0   71.23747    0  299   90.71829   71.23747  21.5%     -   10s
     0     0   71.24364    0  309   90.71829   71.24364  21.5%     -   10s
     0     0   71.24403    0  308   90.71829   71.24403  21.5%     -   10s
 1270905 771331   70.82579   64  166   76.56445   70.75164  7.59%  67.2 2030s
H    0     0                      90.6589971   71.24403  21.4%     -   10s
     0     0   71.25674    0  251   90.65900   71.25674  21.4%     -   10s
     0     0   71.25900    0  272   90.65900   71.25900  21.4%     -   10s
H    0     0                      90.2698220   71.25900  21.1%     -   11s
H    0     0                      89.8226665   71.25900  20.7%     -   11s
H    0     0                      88.7530108   71.25900  19.7%     -   11s
H    0     0                      87.3619553   71.25900  18.4%     -   11s
     0     0   71.27055    0  243   87.36196   71.27055  18.4%     -   11s
     0     0   71.27055    0  189   87.36196   71.27055  18.4%     -   11s
     0     2   71.27055    0  184   87.36196   71.27055  18.4%     -   11s
H   79    95                      86.0680173   71.33959  17.1%   294   14s
H   81    95                      85.3730728   71.34245  16.4%   289   14s
H   84    95                      85.2064061   71.34245  16.3%   283   14s
H   85    95                      83.4299583   71.34245  14.5%   282   14s
 1272300 772932   70.75235   60  108   76.56445   70.75235  7.59%  67.2 2035s
   111   132   71.37692   10  183   83.42996   71.37692  14.4%   298   15s
H  135   146                      82.6799583   71.37959  13.7%   288   16s
H  155   153                      82.6154124   71.38078  13.6%   271   17s
H  157   153                      82.5976391   71.38078  13.6%   269   17s
H  159   153                      82.5866738   71.38078  13.6%   268   17s
H  161   153                      82.3955112   71.38078  13.4%   269   17s
   817   777   71.85104   57  245   82.39551   71.85104  12.8%   152   20s
 1278279 775428   71.07799   59  133   76.56445   70.75479  7.59%  67.2 2042s
 1279598 777273 infeasible   75        76.56445   70.75530  7.59%  67.3 2047s
H 2073  1737                      82.0087286   72.65066  11.4%   152   27s
  2077  1740   78.39862   36  229   82.00873   72.65066  11.4%   152   30s
 1282748 778680   70.75870   70   85   76.56445   70.75597  7.59%  67.3 2051s
 1285158 780229     cutoff   53        76.56445   70.75727  7.58%  67.3 2055s
  2088  1747   74.73541   41  187   82.00873   72.65066  11.4%   151   35s
  2094  1754   72.65066   11  214   82.00873   72.65066  11.4%   159   40s
 1289185 782472 infeasible   71        76.56445   70.75930  7.58%  67.3 2062s
H 2175  1711                      81.9843186   72.65066  11.4%   167   44s
H 2182  1623                      79.8396535   72.65066  9.00%   167   44s
H 2237  1542                      79.8022225   72.67109  8.94%   167   44s
  2282  1546   72.67708   26  267   79.80222   72.67708  8.93%   166   45s
 1292169 784164 infeasible   58        76.56445   70.76024  7.58%  67.3 2067s
  2474  1631   73.31297   37  243   79.80222   73.16969  8.31%   167   50s
 1295083 784883 infeasible   57        76.56445   70.76131  7.58%  67.4 2070s
  4108  2278   74.31079   53   77   79.80222   74.20894  7.01%   134   55s
 1299152 787854   71.26989   67  211   76.56445   70.76269  7.58%  67.4 2078s
  7434  3948 infeasible   65        79.80222   74.40065  6.77%   106   60s
 1301768 789417 infeasible   72        76.56445   70.76413  7.58%  67.4 2083s
  9059  4804 infeasible   52        79.80222   74.46561  6.69%   101   65s
H 9063  4804                      79.8022225   74.46616  6.69%   101   65s
 1304607 790016   70.76509   68  112   76.56445   70.76509  7.57%  67.4 2086s
 12349  7245   74.70311   52  152   79.80222   74.54776  6.58%  97.6   70s
 1305749 793397   70.93519   62  157   76.56445   70.76564  7.57%  67.5 2094s
 15520  9331   74.61998   51  201   79.80222   74.61012  6.51%  95.6   75s
 1311656 794909 infeasible   54        76.56445   70.76764  7.57%  67.5 2098s
 18262 11928   74.73976   56  135   79.80222   74.65708  6.45%  95.0   80s
 1314429 795378   70.87384   59  206   76.56445   70.76905  7.57%  67.5 2102s
 22196 14668   74.99995   50  127   79.80222   74.69395  6.40%  91.6   86s
 1315402 797083 infeasible   61        76.56445   70.76940  7.57%  67.5 2106s
H22641 14688                      79.8022225   74.70130  6.39%  91.3   89s
 1318486 797798   70.80935   90  131   76.56445   70.77095  7.57%  67.6 2110s
 22652 15722   74.70933   57  165   79.80222   74.70492  6.39%  91.4   90s
 25875 18216   74.84742   49  215   79.80222   74.73292  6.35%  89.2   95s
 1322671 800998 infeasible   81        76.56445   70.77243  7.56%  67.6 2119s
 31101 22455   74.85935   37  208   79.80222   74.77566  6.30%  86.0  100s
 1325863 801594   70.85931   75   90   76.56445   70.77395  7.56%  67.6 2122s
 35728 26312   76.30288   60  133   79.80222   74.80505  6.26%  82.9  105s
 1327003 804820   70.77477   62  131   76.56445   70.77458  7.56%  67.7 2130s
 40563 29199 infeasible   60        79.80222   74.83383  6.23%  80.3  110s
 44861 33100 infeasible   58        79.80222   74.85802  6.20%  77.8  115s
 1333712 806929 infeasible   50        76.56445   70.77698  7.56%  67.7 2139s
 50927 38171 infeasible   62        79.80222   74.89396  6.15%  75.3  120s
 1336657 808718   70.77797   61  134   76.56445   70.77797  7.56%  67.8 2143s
 56255 41860 infeasible   51        79.80222   74.92176  6.12%  73.5  125s
 1339736 809323   71.87713   47  153   76.56445   70.77898  7.56%  67.8 2147s
 61387 46608   75.11033   64   90   79.80222   74.94902  6.08%  72.3  131s
 1340905 811365   70.79122   68  155   76.56445   70.77951  7.56%  67.8 2152s
 65975 49301   74.96741   62  139   79.80222   74.96741  6.06%  71.3  135s
 1344202 813011 infeasible   54        76.56445   70.78064  7.55%  67.8 2157s
 70709 53654   75.22050   59  199   79.80222   74.98929  6.03%  70.6  140s
 1347156 813477 infeasible   58        76.56445   70.78152  7.55%  67.8 2161s
 75131 57196   75.35186   62   20   79.80222   75.01414  6.00%  70.1  145s
 80189 60693   76.64228   69   53   79.80222   75.03915  5.97%  69.6  150s
 1348051 818054 infeasible   69        76.56445   70.78195  7.55%  67.9 2171s
 1355836 818750 infeasible   60        76.56445   70.78397  7.55%  67.9 2175s
 84400 63853     cutoff   50        79.80222   75.06452  5.94%  69.0  155s
 88734 67191   76.87257   63  109   79.80222   75.09149  5.90%  68.6  160s
 1359889 821531   71.42997   69  181   76.56445   70.78567  7.55%  67.9 2183s
 94362 70426   75.13294   54  121   79.80222   75.12947  5.86%  68.3  166s
 1362292 821940   71.08465   64  155   76.56445   70.78677  7.55%  67.9 2187s
 97834 74105 infeasible   69        79.80222   75.15211  5.83%  68.2  171s
 1363058 823306     cutoff   68        76.56445   70.78708  7.55%  68.0 2192s
 102176 76727 infeasible   70        79.80222   75.17575  5.80%  67.7  175s
 1365682 823997   70.85773   72  126   76.56445   70.78809  7.54%  68.0 2197s
 107807 80503   75.20942   66   60   79.80222   75.20942  5.76%  66.9  180s
 1367139 825890 infeasible   45        76.56445   70.78868  7.54%  68.0 2202s
 112250 84016   75.30510   39  131   79.80222   75.23190  5.73%  66.6  185s
 1370400 827226   70.93626   79  113   76.56445   70.78967  7.54%  68.0 2206s
 1372768 828795 infeasible   70        76.56445   70.79069  7.54%  68.1 2210s
 116507 87853   76.48759   63   62   79.80222   75.25105  5.70%  66.2  190s
 122436 92597   75.32490   60  103   79.80222   75.27583  5.67%  65.7  196s
 1376280 830903   70.79307   33  208   76.56445   70.79212  7.54%  68.1 2217s
 126428 96130   76.52908   54   85   79.80222   75.29257  5.65%  65.2  200s
 1379391 832152 infeasible   51        76.56445   70.79332  7.54%  68.1 2222s
 132060 99936 infeasible   73        79.80222   75.31699  5.62%  64.9  205s
 1381867 832775 infeasible   76        76.56445   70.79443  7.54%  68.1 2225s
 1383163 834309   70.90860   79  166   76.56445   70.79485  7.54%  68.1 2230s
 137182 103516   75.34077   39  238   79.80222   75.33642  5.60%  64.5  210s
 143999 109129   75.65819   60   63   79.80222   75.36426  5.56%  64.2  216s
 1388636 837410   70.80399   74  114   76.56445   70.79723  7.53%  68.2 2238s
 146650 111671 infeasible   59        79.80222   75.37506  5.55%  64.0  220s
 1391542 838133   71.17201   66  212   76.56445   70.79836  7.53%  68.2 2242s
 153126 116522 infeasible   65        79.80222   75.40109  5.52%  63.5  225s
 1392785 840872   70.80085   69   84   76.56445   70.79891  7.53%  68.2 2249s
 159048 121255   75.48828   76   22   79.80222   75.42281  5.49%  63.1  231s
 1397516 841742 infeasible   56        76.56445   70.80053  7.53%  68.3 2253s
 162920 124623   75.57647   71   12   79.80222   75.43583  5.47%  62.7  235s
 1399266 843008 infeasible   61        76.56445   70.80137  7.53%  68.3 2257s
 168572 128737   75.47777   61   85   79.80222   75.45755  5.44%  62.2  240s
 1401677 843607     cutoff   62        76.56445   70.80245  7.53%  68.3 2261s
 174955 133916   75.57363   78   53   79.80222   75.47842  5.42%  61.7  245s
 1402992 845470 infeasible   67        76.56445   70.80295  7.53%  68.4 2266s
 179073 137058     cutoff   43        79.80222   75.49441  5.40%  61.4  250s
 1406318 847047   70.95628   68  132   76.56445   70.80417  7.52%  68.4 2271s
 184675 142001   76.16301   73   65   79.80222   75.51338  5.37%  60.9  255s
 1409454 848784   70.90938   55  190   76.56445   70.80543  7.52%  68.4 2276s
 191931 148571   75.65240   66   65   79.80222   75.53750  5.34%  60.5  261s
 197794 152550   75.72953   74   83   79.80222   75.55685  5.32%  60.1  266s
 1413552 852370 infeasible   51        76.56445   70.80667  7.52%  68.5 2287s
 201446 155768 infeasible   73        79.80222   75.56896  5.30%  59.9  270s
 1418832 853020   70.97219   55  234   76.56445   70.80856  7.52%  68.5 2291s
 206796 159770     cutoff   77        79.80222   75.58529  5.28%  59.6  275s
 1419989 854611 infeasible   55        76.56445   70.80922  7.52%  68.5 2296s
 211512 163678   75.76505   71   78   79.80222   75.60272  5.26%  59.5  280s
 1422890 856348 infeasible   54        76.56445   70.80976  7.52%  68.6 2300s
 216773 168280 infeasible   67        79.80222   75.62026  5.24%  59.3  286s
 1427406 858906   71.73131   45  205   76.56445   70.81165  7.51%  68.6 2308s
 223111 172724   75.68169   30   84   79.80222   75.63809  5.22%  59.0  291s
 1430725 860212 infeasible   55        76.56445   70.81284  7.51%  68.6 2313s
 226711 175567   76.00448   77   75   79.80222   75.64769  5.21%  58.9  295s
 1433163 860784   70.86754   64  134   76.56445   70.81350  7.51%  68.7 2317s
 233620 180812   75.75938   77   15   79.80222   75.66701  5.18%  58.8  301s
 238757 183806   75.67796   83   29   79.80222   75.67796  5.17%  58.7  305s
 1434187 864049   71.17514   62  163   76.56445   70.81408  7.51%  68.7 2325s
 1440114 864691   70.89972   73  172   76.56445   70.81579  7.51%  68.7 2330s
 242227 187531   75.69798   59   95   79.80222   75.68877  5.15%  58.7  310s
 248218 191071   75.70544   53  136   79.80222   75.70160  5.14%  58.6  316s
 1444239 867787   71.24691   67  144   76.56445   70.81743  7.51%  68.8 2338s
 253839 195334   75.79695   54  122   79.80222   75.71449  5.12%  58.5  321s
 1446937 869027   71.32310   55  161   76.56445   70.81855  7.50%  68.8 2342s
 257358 199095   76.14336   75   48   79.80222   75.72145  5.11%  58.5  325s
 1449337 869612   70.83236   63  134   76.56445   70.81904  7.50%  68.9 2346s
 263498 202241 infeasible   74        79.80222   75.73251  5.10%  58.3  330s
 1450373 871483     cutoff   63        76.56445   70.81951  7.50%  68.9 2351s
 1453511 873214 infeasible   63        76.56445   70.82056  7.50%  68.9 2355s
 266356 204861   76.01428   46  121   79.80222   75.73884  5.09%  58.3  339s
H267311 204861                      79.8022225   75.73959  5.09%  58.2  339s
 267857 205809   75.87311   49  157   79.80222   75.74218  5.09%  58.2  341s
 1457595 876334   70.96498   58  176   76.56445   70.82211  7.50%  68.9 2365s
 271485 209450   76.85031   55   83   79.80222   75.74845  5.08%  58.2  346s
 1461983 877232   70.89574   60  139   76.56445   70.82337  7.50%  69.0 2370s
 275621 212408     cutoff   56        79.80222   75.75627  5.07%  58.1  351s
 1463658 879203   70.83427   63  138   76.56445   70.82384  7.50%  69.0 2375s
 280380 215669   75.86352   61  160   79.80222   75.76328  5.06%  58.1  355s
 286887 219552 infeasible   72        79.80222   75.77647  5.04%  57.9  361s
 1468951 881700 infeasible   67        76.56445   70.82579  7.50%  69.1 2383s
 291047 222602   75.87943   29  143   79.80222   75.78391  5.04%  57.8  365s
 1471735 882559     cutoff   46        76.56445   70.82692  7.49%  69.1 2388s
 298007 227817 infeasible   66        79.80222   75.79640  5.02%  57.8  371s
 1473394 884280   70.82758   59  116   76.56445   70.82758  7.49%  69.2 2392s
 302350 230471     cutoff   77        79.80222   75.80488  5.01%  57.7  375s
 1476515 885465 infeasible   55        76.56445   70.82855  7.49%  69.2 2397s
 1478861 886629 infeasible   43        76.56445   70.82960  7.49%  69.2 2401s
 308600 234879   76.06617   73   10   79.80222   75.81600  5.00%  57.6  383s
 1480995 887269   71.42530   62  172   76.56445   70.83018  7.49%  69.3 2405s
 312288 237297   76.17184   78   30   79.80222   75.82379  4.99%  57.6  386s
 1482201 889657   71.24667   51  178   76.56445   70.83079  7.49%  69.3 2410s
 316199 240399   75.88682   67   30   79.80222   75.83034  4.98%  57.5  390s
 1486011 891373   71.20809   62  195   76.56445   70.83172  7.49%  69.3 2415s
 320889 243810   75.90251   68    9   79.80222   75.83914  4.97%  57.5  395s
 327223 248157   76.43049   82   61   79.80222   75.84884  4.95%  57.4  401s
 1490293 893579 infeasible   64        76.56445   70.83341  7.49%  69.4 2422s
 332831 250380     cutoff   49        79.80222   75.85727  4.94%  57.3  405s
 1493164 894070 infeasible   73        76.56445   70.83458  7.48%  69.4 2425s
 1494135 895617 infeasible   59        76.56445   70.83503  7.48%  69.4 2430s
 337364 254418   76.05918   64   47   79.80222   75.86693  4.93%  57.3  411s
 343165 258127     cutoff   84        79.80222   75.87718  4.92%  57.3  416s
 1499582 897741   71.21431   95  121   76.56445   70.83684  7.48%  69.5 2438s
 346862 260347   75.88070   59   70   79.80222   75.88070  4.91%  57.3  420s
 1500775 900335   71.47195   64  176   76.56445   70.83761  7.48%  69.5 2445s
 352751 265367   76.70090   81   85   79.80222   75.89314  4.90%  57.2  426s
 1505554 901966 infeasible   69        76.56445   70.83895  7.48%  69.5 2450s
 357234 267219   75.89955   55  151   79.80222   75.89955  4.89%  57.2  430s
 362650 271753   76.09591   61   91   79.80222   75.90940  4.88%  57.1  436s
 1509590 903944 infeasible   67        76.56445   70.84068  7.48%  69.6 2458s
 366650 274864     cutoff   60        79.80222   75.91484  4.87%  57.1  440s
 1512044 905460   70.93564   60  136   76.56445   70.84143  7.47%  69.6 2463s
 370590 277633   76.31158   57   67   79.80222   75.92197  4.86%  57.1  445s
 1514920 906160   70.84251   58  121   76.56445   70.84227  7.47%  69.6 2466s
 378264 282233   76.06373   53  124   79.80222   75.93305  4.85%  57.0  451s
 1516332 907407   70.96200   60  112   76.56445   70.84296  7.47%  69.7 2472s
 382305 284925   76.69044   87   23   79.80222   75.93958  4.84%  57.0  455s
 1518874 909022   74.32944   59  154   76.56445   70.84367  7.47%  69.7 2476s
 1521613 909549   70.84483   59  118   76.56445   70.84483  7.47%  69.7 2480s
 386852 289717   76.26491   79   57   79.80222   75.94724  4.83%  57.0  463s
 392125 291328   76.51150   55  142   79.80222   75.95358  4.82%  56.9  466s
 1522675 912375     cutoff   51        76.56445   70.84519  7.47%  69.8 2488s
 395682 293532   75.95940   89   88   79.80222   75.95865  4.82%  57.0  470s
 1527709 913036   71.26721   67  200   76.56445   70.84687  7.47%  69.8 2492s
 400652 296809 infeasible   56        79.80222   75.96565  4.81%  57.0  475s
 1529071 914813 infeasible   54        76.56445   70.84755  7.47%  69.9 2497s
 403955 297776   76.57525   54  112   79.80222   75.97028  4.80%  57.0  482s
 1532244 916436   70.90449   70  152   76.56445   70.84820  7.47%  69.9 2502s
 1535064 917344 infeasible   60        76.56445   70.84929  7.46%  69.9 2506s
 406843 300886     cutoff   60        79.80222   75.97383  4.80%  57.0  487s
 1536732 919025 infeasible   50        76.56445   70.84981  7.46%  69.9 2511s
 410580 303658 infeasible   62        79.80222   75.97902  4.79%  57.0  491s
 1539839 919543 infeasible   55        76.56445   70.85086  7.46%  70.0 2515s
 416157 307138 infeasible   47        79.80222   75.98492  4.78%  56.9  495s
 1541027 921207 infeasible   57        76.56445   70.85146  7.46%  70.0 2520s
 422388 311195   75.99503   62   43   79.80222   75.99187  4.77%  56.8  502s
 426850 314079   76.06661   76   21   79.80222   75.99562  4.77%  56.8  506s
 1546177 922882   71.01470   81  162   76.56445   70.85339  7.46%  70.1 2527s
 431937 316352   76.12764   57  120   79.80222   76.00205  4.76%  56.8  511s
 1547502 924564 infeasible   63        76.56445   70.85380  7.46%  70.1 2532s
 436391 320677   76.00677   54   93   79.80222   76.00677  4.76%  56.8  516s
 1550674 925170   71.00564   62  146   76.56445   70.85492  7.46%  70.1 2537s
 441925 324285   76.34810   62  130   79.80222   76.01238  4.75%  56.7  521s
 1551921 925945 infeasible   63        76.56445   70.85535  7.46%  70.1 2542s
 447255 326739   76.19503   63   85   79.80222   76.01833  4.74%  56.7  525s
 1553428 927739   71.04569   35  201   76.56445   70.85587  7.46%  70.2 2548s
 450909 330397     cutoff   69        79.80222   76.02192  4.74%  56.7  530s
 1556778 928418 infeasible   60        76.56445   70.85707  7.45%  70.2 2552s
 455721 332913 infeasible   89        79.80222   76.02626  4.73%  56.6  535s
 1558160 930274 infeasible   61        76.56445   70.85778  7.45%  70.2 2557s
 458995 335521 infeasible   68        79.80222   76.03057  4.73%  56.6  540s
 1561477 932037     cutoff   65        76.56445   70.85883  7.45%  70.3 2562s
 1564814 932987 infeasible   60        76.56445   70.85969  7.45%  70.3 2567s
 467242 340021   76.12797   54   89   79.80222   76.03775  4.72%  56.6  546s
 1566712 933675 infeasible   48        76.56445   70.86050  7.45%  70.3 2571s
 471110 343494   76.12807   84   48   79.80222   76.04176  4.71%  56.6  551s
 1568119 935630     cutoff   60        76.56445   70.86107  7.45%  70.3 2576s
 476505 346652 infeasible   45        79.80222   76.04734  4.71%  56.5  556s
 1571694 937058 infeasible   57        76.56445   70.86225  7.45%  70.4 2581s
 479733 349236   76.05166   88   55   79.80222   76.05094  4.70%  56.5  561s
 1574488 937683   71.07925   57  158   76.56445   70.86333  7.45%  70.4 2585s
 485398 351974   77.22690   52  167   79.80222   76.05730  4.69%  56.5  566s
 1575947 939423 infeasible   36        76.56445   70.86381  7.45%  70.4 2590s
 489718 355970   76.07166   59  107   79.80222   76.06160  4.69%  56.5  571s
 1579125 940916   70.99095   65  255   76.56445   70.86446  7.44%  70.4 2595s
 494825 358529   77.64644   62  147   79.80222   76.06680  4.68%  56.4  576s
 496342 361988   76.08964   66   49   79.80222   76.06790  4.68%  56.4  580s
 504036 365210   76.08103   51  134   79.80222   76.07446  4.67%  56.3  585s
 1583449 942465   70.87163   64   86   76.56445   70.86626  7.44%  70.5 2606s
 1584890 943211 infeasible   69        76.56445   70.86658  7.44%  70.5 2610s
 508783 368648   77.31490   68   71   79.80222   76.07893  4.67%  56.2  590s
 515239 373399   76.14703   53  102   79.80222   76.08481  4.66%  56.2  597s
 1588664 945552   70.87768   73  111   76.56445   70.86830  7.44%  70.6 2618s
 520873 376841   76.25634   68   75   79.80222   76.08971  4.65%  56.1  601s
 1591063 946832 infeasible   68        76.56445   70.86933  7.44%  70.6 2622s
 1593521 947312     cutoff   59        76.56445   70.86999  7.44%  70.6 2626s
 525433 379746   76.09473   78   34   79.80222   76.09469  4.65%  56.1  605s
 1594692 948719 infeasible   56        76.56445   70.87068  7.44%  70.6 2630s
 529511 382564   76.15635   58  109   79.80222   76.09821  4.64%  56.0  610s
 1597341 949851   71.02883   63  143   76.56445   70.87153  7.44%  70.7 2635s
 534415 385116   76.29002   58  208   79.80222   76.10273  4.64%  56.0  615s
 537906 388753 infeasible   76        79.80222   76.10578  4.63%  56.0  620s
 1601063 951754   70.87262   66  126   76.56445   70.87262  7.43%  70.7 2643s
 545942 393149   76.11324   71   27   79.80222   76.11324  4.62%  55.9  626s
 1603692 952996     cutoff   69        76.56445   70.87396  7.43%  70.8 2648s
 549897 396723     cutoff   63        79.80222   76.11679  4.62%  55.9  630s
 1606163 953710   71.08745   78  100   76.56445   70.87491  7.43%  70.8 2652s
 554773 399418 infeasible   45        79.80222   76.12134  4.61%  55.8  635s
 1607500 954818 infeasible   72        76.56445   70.87539  7.43%  70.8 2656s
 1609735 956093   71.03662   71   88   76.56445   70.87631  7.43%  70.9 2660s
 559300 402690   76.19430   77   71   79.80222   76.12503  4.61%  55.7  640s
 565977 399721   76.19662   53  153   79.80222   76.12880  4.60%  55.5  645s
 1614403 957819     cutoff   52        76.56445   70.87823  7.43%  70.9 2667s
 572920 396783     cutoff   64        79.80222   76.12924  4.60%  55.2  652s
 1615449 959224 infeasible   56        76.56445   70.87861  7.43%  70.9 2672s
 577462 400774   76.16861   55   68   79.80222   76.13239  4.60%  55.1  656s
 1618010 960589 infeasible   60        76.56445   70.87942  7.43%  71.0 2677s
 1620467 961419   70.95306   93  108   76.56445   70.87986  7.42%  71.0 2681s
 583603 404575   76.17811   41  218   79.80222   76.13720  4.59%  55.1  662s
 1622291 962950   70.88194   40  172   76.56445   70.88099  7.42%  71.0 2685s
 588858 407969 infeasible   61        79.80222   76.14153  4.59%  55.0  667s
 1625309 964347     cutoff   68        76.56445   70.88199  7.42%  71.1 2690s
 594128 410416   76.14729   77   32   79.80222   76.14578  4.58%  55.0  671s
 598508 414575   76.19565   53  125   79.80222   76.14893  4.58%  55.0  676s
 1628957 967261     cutoff   63        76.56445   70.88323  7.42%  71.1 2702s
 604705 418555   76.21328   59  112   79.80222   76.15382  4.57%  54.9  682s
 1633807 967766   70.88887   62  136   76.56445   70.88501  7.42%  71.2 2706s
 608804 421822   76.38299   68   96   79.80222   76.15680  4.57%  54.9  687s
 612244 423622     cutoff   61        79.80222   76.15913  4.57%  54.8  690s
 1634956 969427 infeasible   69        76.56445   70.88549  7.42%  71.2 2711s
 618154 427810 infeasible   57        79.80222   76.16386  4.56%  54.8  695s
 1638101 970982 infeasible   56        76.56445   70.88635  7.42%  71.2 2716s
 1641043 971544     cutoff   60        76.56445   70.88754  7.41%  71.2 2720s
 624402 430780   76.35423   61  127   79.80222   76.16814  4.55%  54.7  700s
 1642409 972934   71.05413   61  253   76.56445   70.88825  7.41%  71.3 2725s
 625875 434677 infeasible   49        79.80222   76.16941  4.55%  54.7  705s
 1645105 974300 infeasible   68        76.56445   70.88912  7.41%  71.3 2730s
 635093 438248 infeasible   60        79.80222   76.17593  4.54%  54.6  711s
 640489 442835     cutoff   71        79.80222   76.17935  4.54%  54.6  717s
 1649189 975939   70.99074   70  114   76.56445   70.89093  7.41%  71.4 2738s
 644486 443635   77.09809   80   45   79.80222   76.18239  4.54%  54.6  720s
 1651241 977188   70.92774   41  149   76.56445   70.89175  7.41%  71.4 2743s
 649082 447951     cutoff   69        79.80222   76.18574  4.53%  54.5  725s
 1653686 977899     cutoff   83        76.56445   70.89256  7.41%  71.4 2747s
 654639 451773   76.21939   57  104   79.80222   76.18944  4.53%  54.5  730s
 1655075 979207 infeasible   65        76.56445   70.89298  7.41%  71.5 2752s
 660547 455107 infeasible   78        79.80222   76.19328  4.52%  54.4  735s
 1657603 980550   71.20296   61  146   76.56445   70.89395  7.41%  71.5 2756s
 1662306 981985     cutoff   65        76.56445   70.89527  7.40%  71.5 2760s
 664251 458045   76.19570   84   38   79.80222   76.19570  4.52%  54.4  740s
 1664413 983823   70.93727   66  122   76.56445   70.89660  7.40%  71.6 2767s
 668757 463814   76.28733   65  146   79.80222   76.19897  4.52%  54.3  750s
 1666877 985199 infeasible   59        76.56445   70.89766  7.40%  71.6 2773s
 678094 467000   76.20961   68   81   79.80222   76.20566  4.51%  54.3  756s
 1669300 985748   70.89949   66  133   76.56445   70.89827  7.40%  71.6 2777s
 1670760 986761   71.11798   71  133   76.56445   70.89895  7.40%  71.7 2781s
 684779 471211     cutoff   58        79.80222   76.21006  4.50%  54.2  762s
 1672811 988014 infeasible   51        76.56445   70.89974  7.40%  71.7 2785s
 688293 473502   76.30896   78   40   79.80222   76.21260  4.50%  54.2  765s
 694474 476749   76.64387   81   56   79.80222   76.21672  4.49%  54.1  770s
 1676630 989757   70.90494   38  177   76.56445   70.90107  7.40%  71.8 2794s
 1678133 989757   71.02654   65  150   76.56445   70.90129  7.40%  71.8 2795s
 698409 479958   77.05461   85   78   79.80222   76.21993  4.49%  54.1  775s
 705632 484150   76.28809   87   25   79.80222   76.22450  4.48%  54.1  781s
 1681843 991773   74.30115   67  178   76.56445   70.90311  7.39%  71.9 2803s
 710231 487417   76.27566   66  144   79.80222   76.22763  4.48%  54.1  787s
 1683175 993494 infeasible   41        76.56445   70.90387  7.39%  71.9 2808s
 716668 490059     cutoff   66        79.80222   76.23200  4.47%  54.0  792s
 1686211 994926   70.94553   46  131   76.56445   70.90485  7.39%  71.9 2813s
 717967 492516   76.40556   79   60   79.80222   76.23317  4.47%  54.0  795s
 1689056 995624 infeasible   70        76.56445   70.90604  7.39%  71.9 2818s
 724989 496753     cutoff   53        79.80222   76.23726  4.47%  54.0  800s
 1690426 996944   70.93602   63  158   76.56445   70.90654  7.39%  72.0 2823s
 731348 499871     cutoff   71        79.80222   76.24132  4.46%  53.9  806s
 1692974 998191 infeasible   61        76.56445   70.90732  7.39%  72.0 2828s
 1695319 999429 infeasible   57        76.56445   70.90817  7.39%  72.0 2832s
 733063 504095     cutoff   69        79.80222   76.24225  4.46%  53.9  812s
 1697641 999815 infeasible   51        76.56445   70.90938  7.39%  72.0 2835s
 739493 506584 infeasible   64        79.80222   76.24568  4.46%  53.9  815s
 1698488 1001136 infeasible   80        76.56445   70.90977  7.39%  72.0 2840s
 746699 509622   76.25065   57  131   79.80222   76.24985  4.45%  53.9  821s
 751858 514821   76.39015   58   67   79.80222   76.25374  4.45%  53.8  827s
 1702449 1003063 infeasible   62        76.56445   70.91140  7.38%  72.1 2848s
 755916 516593   76.29609   47  165   79.80222   76.25594  4.44%  53.8  830s
 1705208 1004507     cutoff   81        76.56445   70.91238  7.38%  72.1 2853s
 761474 519864     cutoff   63        79.80222   76.25898  4.44%  53.8  836s
 1707931 1005581   70.93493   68  176   76.56445   70.91340  7.38%  72.2 2857s
 1710245 1006146 infeasible   62        76.56445   70.91431  7.38%  72.2 2861s
 765496 523052   76.54910   69   54   79.80222   76.26094  4.44%  53.8  841s
 1711382 1007585   70.98365   57  159   76.56445   70.91484  7.38%  72.2 2867s
 772508 527597   76.46121   63  109   79.80222   76.26456  4.43%  53.7  848s
 776038 529654 infeasible   62        79.80222   76.26650  4.43%  53.7  850s
 1714196 1008692   71.08703   58  170   76.56445   70.91602  7.38%  72.3 2871s
 1716308 1009338 infeasible   64        76.56445   70.91681  7.38%  72.3 2875s
 782618 532630   76.77950   85  151   79.80222   76.27027  4.43%  53.7  855s
 1717503 1010871   70.94572   64  174   76.56445   70.91725  7.38%  72.3 2880s
 786977 537202   76.39522   49   96   79.80222   76.27281  4.42%  53.7  861s
 1721065 1012218   71.04629   66  171   76.56445   70.91841  7.37%  72.3 2885s
 794012 541706   76.54437   48   95   79.80222   76.27592  4.42%  53.6  867s
 797762 543652 infeasible   49        79.80222   76.27817  4.42%  53.6  870s
 803798 545929   76.63242   60  138   79.80222   76.28149  4.41%  53.6  877s
 804408 547889   76.28308   55  167   79.80222   76.28191  4.41%  53.6  880s
 808933 550940 infeasible   69        79.80222   76.28428  4.41%  53.6  886s
 816376 555704   76.31400   71   82   79.80222   76.28830  4.40%  53.5  892s
 819953 557628   76.42213   71   29   79.80222   76.28991  4.40%  53.5  895s
 1724569 1012796   71.11499   67  152   76.56445   70.91983  7.37%  72.4 2916s
 1724609 1013395 infeasible   70        76.56445   70.92012  7.37%  72.4 2920s
 824777 560646   77.37735   60  173   79.80222   76.29280  4.40%  53.5  900s
 831870 565281   76.29660   88   35   79.80222   76.29660  4.39%  53.4  905s
 1727509 1015787   71.21679   61  167   76.56445   70.92145  7.37%  72.5 2930s
 837856 567791   76.75916   70   80   79.80222   76.29962  4.39%  53.4  911s
 1730785 1017118   71.43251   69  186   76.56445   70.92270  7.37%  72.5 2935s
 839419 572016   76.30029   59  104   79.80222   76.30029  4.39%  53.4  917s
 1734477 1017889 infeasible   64        76.56445   70.92378  7.37%  72.5 2940s
 846532 574295   76.46895   70   73   79.80222   76.30381  4.38%  53.4  920s
 853370 577828   76.30762   63   42   79.80222   76.30762  4.38%  53.3  926s
 1736894 1020242   71.04004   66  165   76.56445   70.92492  7.37%  72.6 2947s
 1739439 1021402   70.93237   45  177   76.56445   70.92589  7.36%  72.6 2950s
 858564 580557   76.57429   60   97   79.80222   76.31008  4.38%  53.4  932s
 1742972 1023513   70.92752   51  115   76.56445   70.92752  7.36%  72.6 2956s
 860114 584678 infeasible   65        79.80222   76.31088  4.37%  53.4  937s
 866904 587060   76.31405   48   84   79.80222   76.31369  4.37%  53.4  941s
 1748537 1025649 infeasible   83        76.56445   70.92941  7.36%  72.7 2963s
 874126 591262     cutoff   56        79.80222   76.31758  4.37%  53.3  947s
 1749847 1027142   70.93944   55  133   76.56445   70.93018  7.36%  72.7 2969s
 877096 592191     cutoff   68        79.80222   76.31865  4.37%  53.3  950s
 1752624 1028321   70.93118   77   93   76.56445   70.93118  7.36%  72.8 2974s
 882387 596888   76.36395   69   83   79.80222   76.32171  4.36%  53.3  956s
 1754987 1028881   71.54548   63  167   76.56445   70.93175  7.36%  72.8 2978s
 1756193 1029982     cutoff   54        76.56445   70.93233  7.36%  72.8 2982s
 889208 600743     cutoff   67        79.80222   76.32519  4.36%  53.3  962s
 892097 601390   76.32964   70   88   79.80222   76.32666  4.36%  53.3  965s
 1758409 1031032 infeasible   50        76.56445   70.93333  7.35%  72.8 2987s
 896513 603930 infeasible   51        79.80222   76.32841  4.35%  53.2  970s
 1760616 1031799   70.97750   38  175   76.56445   70.93410  7.35%  72.9 2990s
 1762097 1033152 infeasible   69        76.56445   70.93474  7.35%  72.9 2995s
 899049 604657     cutoff   54        79.80222   76.33196  4.35%  53.4  975s
 1766457 1035115   71.42250   82  111   76.56445   70.93626  7.35%  72.9 3004s
 902143 605433     cutoff   70        79.80222   76.33621  4.34%  53.6  988s
 1769229 1036045 infeasible   62        76.56445   70.93700  7.35%  73.0 3010s
 902405 605934     cutoff   58        79.80222   76.33713  4.34%  53.7  991s
 1772809 1038150 infeasible   62        76.56445   70.93890  7.35%  73.0 3020s
 904813 607835     cutoff   56        79.80222   76.34047  4.34%  53.9 1001s
 1778649 1039998 infeasible   59        76.56445   70.94074  7.35%  73.1 3027s
 908518 610557   77.02979   80  117   79.80222   76.34564  4.33%  54.1 1009s
 1779771 1041758     cutoff   64        76.56445   70.94133  7.34%  73.1 3034s
 914094 611172     cutoff   68        79.80222   76.35214  4.32%  54.4 1015s
 916386 612180   79.36511   71   51   79.80222   76.35399  4.32%  54.5 1020s
 1784277 1042045 infeasible   62        76.56445   70.94262  7.34%  73.2 3042s
 918870 613971     cutoff   67        79.80222   76.35760  4.32%  54.7 1026s
 1784959 1043068   71.08158   41  192   76.56445   70.94315  7.34%  73.2 3047s
 922949 614700 infeasible   61        79.80222   76.36395  4.31%  55.0 1032s
 1787138 1044680   71.06886   43  138   76.56445   70.94405  7.34%  73.2 3053s
 925361 615011 infeasible   64        79.80222   76.36709  4.30%  55.1 1035s
 1790351 1045347 infeasible   76        76.56445   70.94509  7.34%  73.3 3057s
 926670 615942     cutoff   65        79.80222   76.37050  4.30%  55.2 1041s
 1791874 1046681   70.99149   65  145   76.56445   70.94556  7.34%  73.3 3062s
 1794990 1047891 infeasible   70        76.56445   70.94687  7.34%  73.3 3068s
 929722 616897     cutoff   61        79.80222   76.37455  4.30%  55.5 1048s
*1795227 61312             103      71.1531876   70.94687  0.29%  73.3 3069s

Cutting planes:
  Learned: 1
  Gomory: 162
  Lift-and-project: 20
  Cover: 1397
  Implied bound: 750
  Projected implied bound: 69
  Clique: 1
  MIR: 1027
  StrongCG: 6
  Flow cover: 2308
  Flow path: 5
  Inf proof: 44
  Zero half: 4
  RLT: 123
  Relax-and-lift: 51

Explored 1797444 nodes (132204920 simplex iterations) in 3069.91 seconds (3726.76 work units)
Thread count was 32 (of 32 available processors)

Solution count 10: 71.1532 76.5644 76.5644 ... 76.6058

Optimal solution found (tolerance 5.00e-03)
Best objective 7.115318760817e+01, best bound 7.094758346584e+01, gap 0.2890%
 932588 617303     cutoff   55        79.80222   76.38022  4.29%  55.7 1055s
 935642 617735   79.29816   60  118   79.80222   76.38565  4.28%  56.0 1062s
 939423 618067     cutoff   56        79.80222   76.39415  4.27%  56.3 1068s
 942601 618678   79.45282   64  109   79.80222   76.40026  4.26%  56.5 1075s
 947970 618843   79.15619   66  162   79.80222   76.41235  4.25%  56.9 1084s
 951241 618966     cutoff   80        79.80222   76.41937  4.24%  57.2 1090s
 954090 619611     cutoff   88        79.80222   76.42579  4.23%  57.4 1096s
 958137 619810   79.75125   76  108   79.80222   76.43394  4.22%  57.7 1101s
 960852 620466     cutoff   60        79.80222   76.44114  4.21%  57.9 1107s
 964791 620642     cutoff   80        79.80222   76.44972  4.20%  58.1 1113s
 966757 620720   78.01977   80   47   79.80222   76.45313  4.20%  58.3 1119s
 969122 620879     cutoff   69        79.80222   76.46081  4.19%  58.5 1127s
 971900 621100     cutoff   69        79.80222   76.46666  4.18%  58.7 1132s
 973566 621872     cutoff   60        79.80222   76.47163  4.17%  58.8 1139s
 977320 621269     cutoff   72        79.80222   76.47832  4.17%  59.0 1146s
 980314 618756     cutoff   67        79.80222   76.48254  4.16%  59.1 1150s
 983115 618463 infeasible   88        79.80222   76.48415  4.16%  59.0 1158s
 987217 618566     cutoff   71        79.80222   76.48899  4.15%  59.1 1163s
 988853 619060   78.64497   91   22   79.80222   76.49260  4.15%  59.3 1170s
 991223 619257     cutoff   65        79.80222   76.49840  4.14%  59.4 1176s
 992950 619584   76.58235   59  100   79.80222   76.50192  4.14%  59.5 1181s
 994618 620168     cutoff   75        79.80222   76.50704  4.13%  59.6 1188s
 997525 620578 infeasible   62        79.80222   76.51227  4.12%  59.8 1195s
 999484 621119     cutoff   94        79.80222   76.51526  4.12%  59.9 1202s
 1002567 621732     cutoff   73        79.80222   76.52359  4.11%  60.1 1210s
 1005911 621910     cutoff   72        79.80222   76.53127  4.10%  60.3 1217s
 1007969 620322 infeasible   78        79.80222   76.53441  4.09%  60.5 1224s
 1011908 617018   76.58779   72   83   79.80222   76.54313  4.08%  60.5 1231s
 1015683 613242     cutoff   59        79.80222   76.54336  4.08%  60.4 1237s
 1019612 608990     cutoff   85        79.80222   76.54384  4.08%  60.2 1241s
 1023864 606515     cutoff   60        79.80222   76.54384  4.08%  60.1 1249s
 1028238 606547 infeasible   72        79.80222   76.54683  4.08%  60.1 1252s
 1029511 606558 infeasible   74        79.80222   76.54909  4.08%  60.1 1256s
 1030208 607779     cutoff   89        79.80222   76.55061  4.07%  60.2 1267s
 1038266 607997   79.38527   87   59   79.80222   76.56615  4.06%  60.6 1271s
 1040020 608276   79.16956   93   38   79.80222   76.57090  4.05%  60.7 1276s
 1042321 608428   78.07779   59  149   79.80222   76.57630  4.04%  60.9 1282s
 1045306 608667   77.61350   75   51   79.80222   76.58329  4.03%  61.1 1288s
 1048899 608963   76.84282   52  110   79.80222   76.59068  4.02%  61.3 1293s
 1051605 609128     cutoff   75        79.80222   76.59571  4.02%  61.4 1296s
 1053579 609644     cutoff   59        79.80222   76.60114  4.01%  61.5 1300s
 1056756 609897     cutoff   52        79.80222   76.60796  4.00%  61.6 1305s
 1059638 610024     cutoff   55        79.80222   76.61392  4.00%  61.8 1310s
 1061721 610475   79.15621   54  128   79.80222   76.61744  3.99%  61.9 1315s
 1067782 608466     cutoff   61        79.80222   76.63350  3.97%  62.2 1324s
 1070112 607512     cutoff   81        79.80222   76.63879  3.96%  62.3 1328s
 1072376 606549     cutoff   75        79.80222   76.64842  3.95%  62.4 1332s
 1074876 605644     cutoff   80        79.80222   76.65496  3.94%  62.6 1336s
 1077356 604650   78.75620   70  103   79.80222   76.66345  3.93%  62.7 1340s
 1079774 603400   78.05993   57  100   79.80222   76.67202  3.92%  62.8 1345s
 1085498 600720     cutoff   75        79.80222   76.68990  3.90%  63.0 1353s
 1088337 599624     cutoff   86        79.80222   76.69860  3.89%  63.1 1356s
 1090882 598443     cutoff   65        79.80222   76.70763  3.88%  63.2 1361s
 1093059 595045     cutoff   75        79.80222   76.71618  3.87%  63.2 1368s
 1098884 593639     cutoff   83        79.80222   76.72837  3.85%  63.2 1373s
 1102042 592722     cutoff   75        79.80222   76.73480  3.84%  63.3 1376s
 1104063 591957     cutoff   63        79.80222   76.74281  3.83%  63.4 1380s
 1108649 590021     cutoff   53        79.80222   76.75985  3.81%  63.5 1387s
 1111469 589270     cutoff   80        79.80222   76.76887  3.80%  63.6 1391s
 1113823 588757     cutoff   73        79.80222   76.77861  3.79%  63.7 1395s
 1116277 587339     cutoff   66        79.80222   76.78631  3.78%  63.7 1400s
 1121802 585840   77.16711   43  194   79.80222   76.80280  3.76%  63.9 1407s
 1124350 585112     cutoff   86        79.80222   76.81063  3.75%  63.9 1411s
 1126957 584371   76.95883   52   49   79.80222   76.81892  3.74%  64.0 1415s
 1131995 582992   77.47142   63  138   79.80222   76.83460  3.72%  64.1 1422s
 1134731 582519     cutoff   71        79.80222   76.84133  3.71%  64.1 1427s
 1136990 581826     cutoff   75        79.80222   76.84815  3.70%  64.2 1431s
 1141320 581060   77.42355   58   94   79.80222   76.85634  3.69%  64.2 1435s
 1144892 580202     cutoff   60        79.80222   76.87092  3.67%  64.3 1443s
 1147675 579857     cutoff   64        79.80222   76.87673  3.67%  64.4 1446s
 1150181 579591   77.55348   49   85   79.80222   76.88564  3.65%  64.4 1451s
 1155201 579127     cutoff   57        79.80222   76.89693  3.64%  64.5 1459s
 1157828 579139     cutoff   87        79.80222   76.90131  3.64%  64.5 1463s
 1160506 578876     cutoff   67        79.80222   76.90828  3.63%  64.5 1468s
 1163432 578702     cutoff   63        79.80222   76.91474  3.62%  64.6 1472s
 1166331 578640     cutoff   62        79.80222   76.92096  3.61%  64.6 1476s
 1168861 578561     cutoff   54        79.80222   76.92654  3.60%  64.6 1480s
 1171612 578550   78.26333   47  157   79.80222   76.93356  3.59%  64.6 1485s
 1176574 578266     cutoff   53        79.80222   76.94370  3.58%  64.7 1493s
 1178894 578087 infeasible   76        79.80222   76.94878  3.58%  64.7 1498s
 1182271 578110     cutoff   71        79.80222   76.95564  3.57%  64.8 1502s
 1185056 578123     cutoff   65        79.80222   76.95968  3.56%  64.8 1507s
 1187764 578223     cutoff   58        79.80222   76.96624  3.55%  64.8 1512s
 1190834 578231     cutoff   80        79.80222   76.97200  3.55%  64.9 1517s
 1192641 578331     cutoff   59        79.80222   76.97464  3.54%  64.9 1522s
 1195680 578371     cutoff   89        79.80222   76.98147  3.53%  64.9 1526s
 1197399 578188     cutoff   72        79.80222   76.98495  3.53%  65.0 1532s
 1201201 578210     cutoff   89        79.80222   76.99151  3.52%  65.0 1537s
 1204670 576726     cutoff   79        79.80222   76.99682  3.52%  65.0 1543s
 1210103 576904     cutoff   64        79.80222   77.00513  3.51%  65.0 1548s
 1213159 577222   78.16662   63   97   79.80222   77.01049  3.50%  65.1 1553s
 1215593 578264     cutoff   75        79.80222   77.01448  3.49%  65.1 1559s
 1221753 578504     cutoff   67        79.80222   77.02354  3.48%  65.1 1563s
 1223974 579667     cutoff   60        79.80222   77.02680  3.48%  65.1 1569s
 1230047 580079     cutoff   74        79.80222   77.03470  3.47%  65.1 1573s
 1232361 581413     cutoff   50        79.80222   77.03751  3.46%  65.1 1578s
 1236769 581785     cutoff   77        79.80222   77.04341  3.46%  65.1 1581s
 1239133 583132     cutoff   60        79.80222   77.04635  3.45%  65.1 1586s
 1243874 583588   77.08439   69   86   79.80222   77.05177  3.45%  65.1 1590s
H1245478 583588                      79.8022225   77.05205  3.45%  65.1 1590s
 1245698 586154     cutoff   52        79.80222   77.05392  3.44%  65.1 1598s
 1253380 586639     cutoff   81        79.80222   77.06204  3.43%  65.1 1602s
 1255244 588172   77.92177   85   67   79.80222   77.06461  3.43%  65.1 1606s
 1259858 589174     cutoff   79        79.80222   77.07031  3.42%  65.1 1610s
 1262438 590885     cutoff   58        79.80222   77.07273  3.42%  65.1 1615s
 1270455 592838   78.03656   63   84   79.80222   77.08103  3.41%  65.1 1623s
 1273109 594810 infeasible   74        79.80222   77.08316  3.41%  65.1 1628s
 1278424 595690     cutoff   84        79.80222   77.08876  3.40%  65.1 1632s
 1280944 597601     cutoff   78        79.80222   77.09242  3.40%  65.1 1637s
 1285955 599684     cutoff   64        79.80222   77.09748  3.39%  65.1 1642s
 1290549 600635 infeasible   57        79.80222   77.10140  3.38%  65.1 1646s
 1292830 603043     cutoff   86        79.80222   77.10328  3.38%  65.1 1653s
 1298951 604281     cutoff   63        79.80222   77.10778  3.38%  65.1 1656s
 1301939 605231   77.14327   70   81   79.80222   77.11252  3.37%  65.1 1661s
 1304501 606592   78.43866   52   93   79.80222   77.11548  3.37%  65.1 1668s
 1307542 607523   77.75674   60  117   79.80222   77.11645  3.37%  65.1 1672s
 1310114 610393   77.27042   62   77   79.80222   77.12092  3.36%  65.1 1678s
 1316180 612171     cutoff   89        79.80222   77.12603  3.35%  65.1 1683s
 1320089 613546     cutoff   67        79.80222   77.12919  3.35%  65.0 1686s
 1322894 615731     cutoff   69        79.80222   77.13130  3.35%  65.0 1691s
 1327498 616730     cutoff   63        79.80222   77.13530  3.34%  65.0 1695s
 1334695 621281     cutoff   86        79.80222   77.14119  3.33%  65.0 1703s
 1339254 622344 infeasible   78        79.80222   77.14440  3.33%  65.0 1708s
 1341555 625888     cutoff   60        79.80222   77.14677  3.33%  65.0 1714s
 1348976 626779   77.17099   59  120   79.80222   77.15193  3.32%  64.9 1718s
 1350629 628851     cutoff   71        79.80222   77.15368  3.32%  64.9 1722s
 1354894 629869     cutoff   61        79.80222   77.15735  3.31%  64.9 1725s
 1357037 632232     cutoff   89        79.80222   77.15922  3.31%  64.9 1730s
 1361766 634629   77.30251   63   60   79.80222   77.16299  3.31%  64.9 1735s
 1368467 637916     cutoff   91        79.80222   77.16819  3.30%  64.9 1742s
 1373307 640033   77.21040   51   93   79.80222   77.17147  3.30%  64.8 1746s
 1377393 641024     cutoff   87        79.80222   77.17453  3.29%  64.8 1750s
 1383286 645298   78.00811   69   42   79.80222   77.17943  3.29%  64.8 1759s
 1388198 646168     cutoff   85        79.80222   77.18279  3.28%  64.8 1763s
 1390187 648479     cutoff   57        79.80222   77.18405  3.28%  64.8 1767s
 1394800 650402   77.25264   65   71   79.80222   77.18726  3.28%  64.8 1771s
 1398934 651800     cutoff   55        79.80222   77.19073  3.27%  64.7 1775s
 1404088 655562     cutoff   73        79.80222   77.19442  3.27%  64.7 1784s
 1409181 657706   77.34684   53   65   79.80222   77.19789  3.26%  64.7 1788s
 1413235 658728 infeasible   74        79.80222   77.20062  3.26%  64.7 1791s
 1415385 660670   77.90423   56  109   79.80222   77.20186  3.26%  64.7 1795s
 1421601 664643   77.33960   56  190   79.80222   77.20559  3.25%  64.7 1803s
 1426598 667268   77.40367   50   95   79.80222   77.20913  3.25%  64.6 1809s
 1431575 669427     cutoff   72        79.80222   77.21191  3.25%  64.6 1813s
 1435771 670517   77.24370   60   80   79.80222   77.21428  3.24%  64.6 1816s
 1437747 673091     cutoff   57        79.80222   77.21625  3.24%  64.6 1821s
 1442463 675416     cutoff   52        79.80222   77.21900  3.24%  64.5 1825s
 1449040 678644   77.73015   73  114   79.80222   77.22334  3.23%  64.5 1834s
 1453557 680233     cutoff   61        79.80222   77.22577  3.23%  64.5 1837s
 1456591 682352 infeasible   73        79.80222   77.22792  3.23%  64.5 1842s
 1460702 683636     cutoff   53        79.80222   77.23026  3.22%  64.5 1846s
 1462897 687033     cutoff   50        79.80222   77.23171  3.22%  64.5 1852s
 1469024 690117   77.45595   52   60   79.80222   77.23492  3.22%  64.4 1857s
 1474381 691608     cutoff   65        79.80222   77.23822  3.21%  64.4 1861s
 1477274 695686   77.94726   63   97   79.80222   77.23984  3.21%  64.4 1868s
 1484690 698507   77.93536   69  106   79.80222   77.24318  3.21%  64.3 1873s
 1489860 699815   77.33850   60  107   79.80222   77.24646  3.20%  64.3 1877s
 1492233 702803     cutoff   67        79.80222   77.24786  3.20%  64.3 1882s
 1497767 705999   77.26417   60  107   79.80222   77.25094  3.20%  64.2 1888s
 1503532 707041     cutoff   60        79.80222   77.25415  3.19%  64.2 1891s
 1505696 709576   78.35832   86   66   79.80222   77.25530  3.19%  64.2 1896s
 1510411 710669     cutoff   53        79.80222   77.25792  3.19%  64.2 1900s
 1517052 716116     cutoff   69        79.80222   77.26188  3.18%  64.2 1909s
 1521705 716116   77.30917   62  113   79.80222   77.26210  3.18%  64.1 1910s
 1525335 722107     cutoff   81        79.80222   77.26619  3.18%  64.1 1922s
 1534056 723497   77.44735   73   75   79.80222   77.26994  3.17%  64.1 1926s
 1536810 726385     cutoff   75        79.80222   77.27221  3.17%  64.1 1931s
 1542045 727688     cutoff   66        79.80222   77.27467  3.17%  64.1 1936s
 1544661 730334   78.34128   61   43   79.80222   77.27596  3.17%  64.1 1941s
 1549647 732765   77.65014   68   71   79.80222   77.27858  3.16%  64.0 1945s
 1556721 736696   77.38845   47  108   79.80222   77.28303  3.16%  64.0 1954s
 1562121 739278     cutoff   86        79.80222   77.28575  3.15%  64.0 1959s
 1567166 740584     cutoff   58        79.80222   77.28838  3.15%  64.0 1964s
 1569931 745574     cutoff   64        79.80222   77.28982  3.15%  64.0 1972s
 1579166 745754     cutoff   53        79.80222   77.29410  3.14%  63.9 1984s
H1579320 745754                      79.8022225   77.29420  3.14%  63.9 1984s
H1579369 745754                      79.8022224   77.29425  3.14%  63.9 1984s
 1579541 747078     cutoff   68        79.80222   77.29455  3.14%  63.9 1988s
 1582358 750295   77.54190   58   99   79.80222   77.29632  3.14%  63.9 1994s
 1588294 751553     cutoff   55        79.80222   77.29973  3.14%  63.9 2000s
 1590765 756930     cutoff   59        79.80222   77.30095  3.13%  63.9 2010s
 1601449 759848   77.74436   61  160   79.80222   77.30612  3.13%  63.8 2015s
 1607096 760923 infeasible   89        79.80222   77.30899  3.12%  63.8 2020s
 1609598 763796     cutoff   61        79.80222   77.31089  3.12%  63.8 2026s
 1615669 766069   79.78959   56   98   79.80222   77.31376  3.12%  63.8 2030s
 1622809 768274     cutoff   87        79.80222   77.31746  3.11%  63.8 2040s
H1623880 768274                      79.8022224   77.31756  3.11%  63.8 2041s
 1625206 770390   77.32191   53  131   79.80222   77.31802  3.11%  63.8 2046s
 1629672 771571     cutoff   68        79.80222   77.32103  3.11%  63.8 2051s
 1632491 774326   77.68709   75   50   79.80222   77.32277  3.11%  63.8 2056s
 1638014 775373   77.53863   53  108   79.80222   77.32575  3.10%  63.8 2061s
 1640821 776637   77.58138   83  120   79.80222   77.32773  3.10%  63.8 2066s
 1644004 779476   77.56815   56   62   79.80222   77.32955  3.10%  63.8 2072s
 1650325 780717     cutoff   64        79.80222   77.33325  3.09%  63.8 2077s
 1653382 783248     cutoff   69        79.80222   77.33520  3.09%  63.8 2083s
 1659246 784482     cutoff   45        79.80222   77.33834  3.09%  63.7 2087s
 1662444 785624   77.38390   54  124   79.80222   77.34057  3.08%  63.7 2092s
 1665482 787671     cutoff   72        79.80222   77.34214  3.08%  63.7 2097s
 1670537 789811     cutoff   81        79.80222   77.34551  3.08%  63.7 2103s
 1675822 791105     cutoff   84        79.80222   77.34856  3.07%  63.7 2109s
 1679078 794699   77.35657   49  116   79.80222   77.35043  3.07%  63.7 2116s
 1687706 795691   78.01681   70   74   79.80222   77.35426  3.07%  63.7 2121s
 1690442 797135     cutoff   62        79.80222   77.35689  3.06%  63.7 2126s
 1693718 799862     cutoff   65        79.80222   77.35899  3.06%  63.7 2132s
 1700347 800882     cutoff   80        79.80222   77.36202  3.06%  63.7 2138s
 1703519 804346   77.75510   57   79   79.80222   77.36469  3.05%  63.7 2145s
 1712052 805354   77.62940   61   19   79.80222   77.36928  3.05%  63.7 2151s
 1714849 808225     cutoff   67        79.80222   77.37137  3.05%  63.7 2157s
 1721250 809524     cutoff   65        79.80222   77.37420  3.04%  63.6 2162s
 1724506 813267     cutoff   63        79.80222   77.37606  3.04%  63.6 2171s
 1732990 815636     cutoff   53        79.80222   77.38055  3.03%  63.6 2177s
 1738436 817070     cutoff   61        79.80222   77.38352  3.03%  63.6 2182s
 1741890 819958     cutoff   58        79.80222   77.38519  3.03%  63.6 2188s
 1748350 822118     cutoff   61        79.80222   77.38928  3.02%  63.5 2193s
 1753217 823729   77.66900   58  102   79.80222   77.39203  3.02%  63.5 2198s
 1757076 824688     cutoff   69        79.80222   77.39395  3.02%  63.5 2202s
 1759716 826860   77.64106   71  126   79.80222   77.39585  3.02%  63.5 2207s
 1764780 827966     cutoff   70        79.80222   77.39871  3.01%  63.5 2212s
 1768201 830420     cutoff   79        79.80222   77.40135  3.01%  63.5 2219s
 1775438 831230   77.49265   60   55   79.80222   77.40694  3.00%  63.5 2224s
 1778412 832925     cutoff   55        79.80222   77.40889  3.00%  63.6 2230s
 1783675 834857     cutoff   51        79.80222   77.41338  2.99%  63.6 2236s
 1789442 835614   78.17033   63  110   79.80222   77.41782  2.99%  63.6 2242s
 1792964 838212   77.79749   57  121   79.80222   77.42075  2.98%  63.6 2249s
 1800589 838833   77.55942   60  117   79.80222   77.42604  2.98%  63.6 2254s
 1803123 840587     cutoff   72        79.80222   77.42833  2.97%  63.6 2260s
 1808795 841478     cutoff   76        79.80222   77.43345  2.97%  63.6 2265s
 1812116 842970   77.97561   62   67   79.80222   77.43583  2.97%  63.6 2271s
 1817153 844479     cutoff   57        79.80222   77.44045  2.96%  63.6 2276s
 1822152 845059   77.53305   53  101   79.80222   77.44437  2.95%  63.7 2281s
 1824838 846393     cutoff   59        79.80222   77.44665  2.95%  63.7 2286s
 1830009 847232   78.53307   53  139   79.80222   77.45155  2.95%  63.7 2291s
 1833526 848786     cutoff   58        79.80222   77.45389  2.94%  63.7 2297s
 1838761 850238     cutoff   73        79.80222   77.45876  2.94%  63.7 2302s
 1843595 850603     cutoff   47        79.80222   77.46264  2.93%  63.7 2306s
 1846040 852013   79.62665   56  118   79.80222   77.46468  2.93%  63.8 2311s
 1850799 852705   77.52873   44  135   79.80222   77.46920  2.92%  63.8 2316s
 1854081 854188     cutoff   51        79.80222   77.47234  2.92%  63.8 2322s
 1859684 855000   77.62603   71  143   79.80222   77.47703  2.91%  63.8 2327s
 1862839 856436   77.70774   55   72   79.80222   77.47963  2.91%  63.8 2332s
 1868555 857665     cutoff   58        79.80222   77.48434  2.90%  63.8 2338s
 1873549 858356 infeasible   63        79.80222   77.48843  2.90%  63.8 2343s
 1876753 859879     cutoff   62        79.80222   77.49074  2.90%  63.9 2348s
 1881572 860600     cutoff   60        79.80222   77.49526  2.89%  63.9 2354s
 1885025 862165     cutoff   67        79.80222   77.49768  2.89%  63.9 2360s
 1891568 863008   78.88905   45  111   79.80222   77.50328  2.88%  63.9 2366s
 1894634 864414     cutoff   58        79.80222   77.50514  2.88%  63.9 2371s
 1900567 866296     cutoff   64        79.80222   77.51104  2.87%  63.9 2377s
 1906744 866797   78.89637   69  114   79.80222   77.51566  2.87%  63.9 2382s
 1909793 868154     cutoff   56        79.80222   77.51747  2.86%  63.9 2387s
H1914292 868154                      79.8022222   77.51994  2.86%  63.9 2387s
 1914606 869025     cutoff   64        79.80222   77.52199  2.86%  63.9 2391s
 1918071 870432     cutoff   88        79.80222   77.52453  2.85%  63.9 2397s
 1923439 871200     cutoff   48        79.80222   77.52956  2.85%  63.9 2403s
 1926695 873665   77.77383   62  132   79.80222   77.53184  2.85%  63.9 2411s
 1935636 874385     cutoff   68        79.80222   77.53819  2.84%  63.9 2416s
 1938942 876369     cutoff   79        79.80222   77.54145  2.83%  63.9 2422s
 1945361 877103   77.87144   59  110   79.80222   77.54649  2.83%  63.9 2427s
 1949080 879537     cutoff   68        79.80222   77.54906  2.82%  63.9 2435s
 1956961 880952   78.89486   72   83   79.80222   77.55538  2.82%  63.9 2441s
 1962686 881753   78.39132   62   47   79.80222   77.55963  2.81%  63.8 2446s
 1965900 883329     cutoff   85        79.80222   77.56157  2.81%  63.9 2452s
 1972071 884795     cutoff   61        79.80222   77.56679  2.80%  63.8 2458s
 1977331 885410     cutoff   57        79.80222   77.57061  2.80%  63.8 2462s
 1980361 886874     cutoff   75        79.80222   77.57285  2.79%  63.8 2467s
 1985541 887969     cutoff   71        79.80222   77.57608  2.79%  63.8 2472s
 1989523 889863   77.89214   59   52   79.80222   77.57960  2.79%  63.8 2480s
 1996358 890609   78.38393   80  107   79.80222   77.58375  2.78%  63.8 2486s
 1999538 892356     cutoff   51        79.80222   77.58659  2.78%  63.8 2493s
 2005510 892899     cutoff   60        79.80222   77.59063  2.77%  63.8 2499s
 2008655 892899   77.77198   71   89   79.80222   77.59097  2.77%  63.8 2500s
 2009028 894241   78.70515   52   92   79.80222   77.59278  2.77%  63.8 2507s
 2014190 896063 infeasible   61        79.80222   77.59727  2.76%  63.8 2516s
 2020613 896697   78.58004   58  131   79.80222   77.60125  2.76%  63.8 2521s
 2023291 898676   78.39248   77   83   79.80222   77.60394  2.75%  63.8 2529s
 2030071 899205     cutoff   74        79.80222   77.60841  2.75%  63.7 2537s
 2033541 899501     cutoff   66        79.80222   77.61060  2.75%  63.8 2546s
 2035490 900323     cutoff   57        79.80222   77.61138  2.75%  63.8 2552s
 2040447 898761 infeasible   70        79.80222   77.61664  2.74%  63.8 2559s
 2046281 893733     cutoff   77        79.80222   77.61988  2.73%  63.7 2562s
 2051831 888464     cutoff   65        79.80222   77.62094  2.73%  63.6 2567s
 2058280 888905     cutoff   63        79.80222   77.62144  2.73%  63.5 2571s
 2061292 889826     cutoff   59        79.80222   77.62282  2.73%  63.5 2578s
 2066783 890186     cutoff   68        79.80222   77.62776  2.72%  63.5 2583s
 2070625 891137   77.75549   54  161   79.80222   77.63079  2.72%  63.5 2590s
 2077149 892393     cutoff   80        79.80222   77.63592  2.71%  63.5 2596s
 2083175 892941 infeasible   57        79.80222   77.64072  2.71%  63.5 2603s
 2087226 893938     cutoff   57        79.80222   77.64362  2.70%  63.5 2611s
 2095749 894310     cutoff   66        79.80222   77.65097  2.70%  63.5 2617s
 2099953 895537   77.68158   56   70   79.80222   77.65462  2.69%  63.5 2623s
 2106969 895887   79.38997   88   34   79.80222   77.65957  2.68%  63.5 2631s
 2111148 896842     cutoff   62        79.80222   77.66245  2.68%  63.5 2642s
 2118781 891681     cutoff   69        79.80222   77.66917  2.67%  63.5 2653s
 2126796 884792     cutoff   88        79.80222   77.67147  2.67%  63.4 2659s
 2133685 880130     cutoff   82        79.80222   77.67147  2.67%  63.3 2668s
 2141127 880440     cutoff   77        79.80222   77.67314  2.67%  63.2 2674s
 2145517 880774     cutoff   56        79.80222   77.67689  2.66%  63.2 2682s
 2150085 881483     cutoff   79        79.80222   77.68037  2.66%  63.2 2692s
 2157813 881451     cutoff   69        79.80222   77.68692  2.65%  63.3 2699s
 2158518 881451   77.72636   58   46   79.80222   77.68699  2.65%  63.3 2700s
 2162325 881621   78.48447   75   80   79.80222   77.69099  2.65%  63.3 2708s
 2167355 881956   78.99496   78   64   79.80222   77.69482  2.64%  63.3 2717s
 2172727 881986   78.06745   70  102   79.80222   77.70017  2.63%  63.3 2724s
 2175355 881986   78.79333   72   73   79.80222   77.70047  2.63%  63.4 2725s
 2176404 881899     cutoff   72        79.80222   77.70365  2.63%  63.4 2733s
 2182914 879723   78.23072   63   85   79.80222   77.70997  2.62%  63.4 2742s
 2190046 877441     cutoff   59        79.80222   77.71676  2.61%  63.4 2749s
 2198153 875945     cutoff   63        79.80222   77.72489  2.60%  63.3 2756s
 2204116 874087     cutoff   77        79.80222   77.73096  2.60%  63.2 2763s
 2209766 871961     cutoff   69        79.80222   77.73687  2.59%  63.2 2769s
 2216761 870714     cutoff   88        79.80222   77.74388  2.58%  63.1 2775s
 2221625 868789     cutoff   59        79.80222   77.74817  2.57%  63.0 2781s
 2227237 861308     cutoff   66        79.80222   77.75436  2.57%  63.0 2787s
 2234791 853558     cutoff   70        79.80222   77.76721  2.55%  62.8 2794s
 2242616 847738     cutoff   66        79.80222   77.77873  2.54%  62.7 2800s
 2248500 842445     cutoff   60        79.80222   77.78523  2.53%  62.6 2805s
 2253833 835505     cutoff   59        79.80222   77.79593  2.51%  62.5 2811s
 2260830 829552     cutoff   66        79.80222   77.80603  2.50%  62.4 2816s
 2268890 820990     cutoff   87        79.80222   77.81887  2.49%  62.2 2823s
 2275499 815021     cutoff   83        79.80222   77.82768  2.47%  62.1 2828s
 2281497 808534     cutoff   69        79.80222   77.83778  2.46%  62.0 2834s
 2288026 802180     cutoff   64        79.80222   77.84753  2.45%  61.9 2839s
 2294432 796824     cutoff   68        79.80222   77.85695  2.44%  61.8 2845s
 2304830 785730     cutoff   90        79.80222   77.87280  2.42%  61.6 2853s
 2310996 781783     cutoff   74        79.80222   77.87850  2.41%  61.5 2855s
 2321299 769296     cutoff   67        79.80222   77.89798  2.39%  61.3 2863s
 2327551 763101     cutoff   83        79.80222   77.90772  2.37%  61.2 2867s
 2333785 757213     cutoff   56        79.80222   77.91740  2.36%  61.0 2871s
H2341202 752748                      79.8022222   77.92709  2.35%  60.9 2875s
 2344224 749619     cutoff   67        79.80222   77.93281  2.34%  60.9 2884s
 2347368 743995     cutoff   67        79.80222   77.93808  2.34%  60.8 2890s
 2353022 737566     cutoff   56        79.80222   77.94971  2.32%  60.7 2896s
 2359475 731772     cutoff   60        79.80222   77.96090  2.31%  60.6 2901s
 2365333 726945     cutoff   71        79.80222   77.97022  2.30%  60.5 2907s
 2370210 721351 infeasible   70        79.80222   77.98033  2.28%  60.4 2913s
 2375843 716309     cutoff   71        79.80222   77.98967  2.27%  60.3 2917s
 2380909 711510     cutoff   90        79.80222   77.99918  2.26%  60.2 2922s
 2385751 706308     cutoff   57        79.80222   78.00889  2.25%  60.1 2928s
 2391001 701053     cutoff   74        79.80222   78.01881  2.23%  60.0 2933s
 2396287 696371     cutoff   57        79.80222   78.02917  2.22%  59.9 2938s
 2400990 692145     cutoff   82        79.80222   78.03589  2.21%  59.8 2942s
 2405240 686903     cutoff   60        79.80222   78.04635  2.20%  59.8 2948s
 2410513 681770     cutoff   56        79.80222   78.05648  2.19%  59.7 2953s
 2415672 676503     cutoff   61        79.80222   78.06717  2.17%  59.6 2958s
 2420958 671579 infeasible   54        79.80222   78.07749  2.16%  59.5 2962s
 2425917 666908     cutoff   65        79.80222   78.08708  2.15%  59.4 2966s
 2430627 662211     cutoff   69        79.80222   78.09727  2.14%  59.3 2971s
 2435340 658258     cutoff   81        79.80222   78.10567  2.13%  59.2 2975s
 2444099 645558 infeasible   65        79.80222   78.12623  2.10%  59.1 2987s
 2452056 637542     cutoff   78        79.80222   78.12832  2.10%  58.9 2994s
 2460072 629526     cutoff   83        79.80222   78.12832  2.10%  58.8 3000s
 2468088 621510     cutoff   79        79.80222   78.12880  2.10%  58.7 3007s
 2476104 613494     cutoff   91        79.80222   78.12880  2.10%  58.5 3015s
 2484120 605478 infeasible   82        79.80222   78.12880  2.10%  58.4 3021s
 2492136 597462     cutoff   82        79.80222   78.12880  2.10%  58.3 3028s
 2500152 589446     cutoff   84        79.80222   78.12880  2.10%  58.1 3034s
 2508168 581430     cutoff   82        79.80222   78.12880  2.10%  58.0 3041s
 2516184 573414     cutoff   87        79.80222   78.12880  2.10%  57.9 3048s
 2524200 565398     cutoff   87        79.80222   78.12880  2.10%  57.7 3055s
 2532216 557382     cutoff   77        79.80222   78.12880  2.10%  57.6 3060s
 2540232 549366     cutoff   83        79.80222   78.12880  2.10%  57.5 3067s
 2548248 541350     cutoff   73        79.80222   78.12880  2.10%  57.3 3074s
 2556264 533554     cutoff   83        79.80222   78.12880  2.10%  57.2 3082s
 2564071 529740     cutoff   66        79.80222   78.13157  2.09%  57.1 3086s
 2571602 522165 infeasible   68        79.80222   78.14846  2.07%  57.0 3093s
H2573502 522165                      79.8022219   78.14873  2.07%  56.9 3093s
 2575531 518884     cutoff   49        79.80222   78.15465  2.06%  56.9 3095s
 2583195 511617     cutoff   71        79.80222   78.17400  2.04%  56.8 3102s
 2586139 507690     cutoff   67        79.80222   78.18192  2.03%  56.7 3106s
 2594310 499582     cutoff   57        79.80222   78.20457  2.00%  56.6 3113s
 2598229 496101 infeasible   53        79.80222   78.21412  1.99%  56.5 3115s
 2605432 489376     cutoff   56        79.80222   78.23773  1.96%  56.4 3122s
 2610785 479458     cutoff   43        79.80222   78.25398  1.94%  56.4 3128s
 2618468 476888     cutoff   84        79.80222   78.26941  1.92%  56.2 3131s
 2623541 470933     cutoff   73        79.80222   78.28810  1.90%  56.2 3138s
 2627051 467771     cutoff   56        79.80222   78.29997  1.88%  56.1 3142s
 2630228 464703 infeasible   56        79.80222   78.31226  1.87%  56.1 3146s
 2636106 458679     cutoff   68        79.80222   78.33448  1.84%  56.0 3152s
 2639363 450675     cutoff   63        79.80222   78.34713  1.82%  55.9 3159s
 2647367 442659     cutoff   74        79.80222   78.34962  1.82%  55.8 3164s
 2655383 438309     cutoff   70        79.80222   78.34962  1.82%  55.7 3168s
 2661691 428366     cutoff   87        79.80222   78.36493  1.80%  55.6 3177s
 2669703 420350     cutoff   72        79.80222   78.37118  1.79%  55.5 3183s
 2677719 412334     cutoff   75        79.80222   78.37118  1.79%  55.4 3190s
 2685735 404376     cutoff   64        79.80222   78.37118  1.79%  55.3 3198s
 2693721 396360     cutoff   67        79.80222   78.37578  1.79%  55.2 3205s
 2701737 388398 infeasible   74        79.80222   78.37578  1.79%  55.1 3215s
 2709704 380382     cutoff   69        79.80222   78.38053  1.78%  55.0 3223s
 2717720 372366     cutoff   72        79.80222   78.38053  1.78%  54.9 3231s
 2725736 364350 infeasible   75        79.80222   78.38196  1.78%  54.8 3239s
 2733752 356828     cutoff   74        79.80222   78.38196  1.78%  54.7 3246s
 2741283 354225     cutoff   67        79.80222   78.38900  1.77%  54.6 3250s
 2743889 346211 infeasible   65        79.80222   78.39862  1.76%  54.5 3259s
 2751903 338195     cutoff   70        79.80222   78.39862  1.76%  54.4 3267s
 2759919 334855     cutoff   70        79.80222   78.39862  1.76%  54.3 3272s
 2765294 324822     cutoff   72        79.80222   78.41716  1.74%  54.3 3282s
 2773306 316806     cutoff   64        79.80222   78.41716  1.74%  54.2 3292s
 2781322 308790     cutoff   69        79.80222   78.41716  1.74%  54.1 3300s
 2789338 300774     cutoff   68        79.80222   78.41959  1.73%  54.0 3309s
 2797354 296823     cutoff   74        79.80222   78.41959  1.73%  53.9 3314s
 2801312 294852     cutoff   56        79.80222   78.42229  1.73%  53.8 3315s
 2803296 292039     cutoff   55        79.80222   78.43993  1.71%  53.8 3322s
 2808218 286888     cutoff   58        79.80222   78.46107  1.68%  53.7 3328s
 2811300 283694     cutoff   66        79.80222   78.47673  1.66%  53.7 3332s
 2814514 280562     cutoff   66        79.80222   78.49300  1.64%  53.6 3336s
 2820011 275116     cutoff   65        79.80222   78.51933  1.61%  53.6 3341s
 2823150 272567     cutoff   76        79.80222   78.53294  1.59%  53.5 3345s
 2825708 264568     cutoff   76        79.80222   78.54336  1.58%  53.5 3352s
 2833707 256552     cutoff   83        79.80222   78.54336  1.58%  53.4 3358s
 2841723 248536     cutoff   78        79.80222   78.54336  1.58%  53.3 3364s
 2849739 240520     cutoff   76        79.80222   78.54336  1.58%  53.2 3371s
 2857755 232504     cutoff   82        79.80222   78.54384  1.58%  53.1 3379s
 2865771 224488     cutoff   89        79.80222   78.54384  1.58%  53.0 3386s
 2873787 216472     cutoff   78        79.80222   78.54384  1.58%  52.8 3392s
 2881803 208456     cutoff   69        79.80222   78.54384  1.58%  52.7 3398s
 2889819 200440     cutoff   78        79.80222   78.54384  1.58%  52.6 3404s
 2897835 192424     cutoff   78        79.80222   78.54384  1.58%  52.5 3409s
 2905851 184408     cutoff   69        79.80222   78.54384  1.58%  52.4 3413s
 2913867 176392     cutoff   62        79.80222   78.54384  1.58%  52.3 3418s
 2921883 170438     cutoff   88        79.80222   78.55061  1.57%  52.2 3426s
 2929850 166400     cutoff   74        79.80222   78.56407  1.55%  52.0 3431s
 2934040 161321     cutoff   70        79.80222   78.58652  1.52%  52.0 3437s
 2937001 158513     cutoff   71        79.80222   78.59974  1.51%  52.0 3440s
 2942769 153325     cutoff   58        79.80222   78.62672  1.47%  51.9 3445s
 2950234 145846     cutoff   51        79.80222   78.66406  1.43%  51.8 3451s
 2954444 141518     cutoff   79        79.80222   78.68398  1.40%  51.7 3456s
 2959554 136809     cutoff   65        79.80222   78.71075  1.37%  51.7 3462s
 2963858 132145     cutoff   62        79.80222   78.73309  1.34%  51.6 3467s
 2966600 129847     cutoff   62        79.80222   78.74667  1.32%  51.6 3471s
 2971582 124716     cutoff   69        79.80222   78.77435  1.29%  51.5 3476s
 2976380 120524     cutoff   81        79.80222   78.79798  1.26%  51.5 3481s
 2981055 115461     cutoff   65        79.80222   78.82937  1.22%  51.4 3486s
 2985336 105696     cutoff   63        79.80222   78.85444  1.19%  51.4 3494s
 2993311 99733     cutoff   98        79.80222   78.85836  1.18%  51.3 3501s
 3001227 95210     cutoff   70        79.80222   78.87996  1.16%  51.2 3506s
 3006590 90090     cutoff   90        79.80222   78.91457  1.11%  51.1 3512s
 3011395 85467     cutoff   59        79.80222   78.94245  1.08%  51.0 3517s
 3016144 81073     cutoff   57        79.80222   78.97344  1.04%  51.0 3522s
 3020538 76713     cutoff   65        79.80222   79.00673  1.00%  50.9 3527s
 3024529 72375     cutoff   84        79.80222   79.03484  0.96%  50.9 3530s
 3029386 68525     cutoff   89        79.80222   79.06748  0.92%  50.8 3535s
 3035319 62234     cutoff   81        79.80222   79.11307  0.86%  50.7 3541s
 3037347 60597 infeasible   58        79.80222   79.12930  0.84%  50.7 3545s
 3042738 55129     cutoff   75        79.80222   79.17309  0.79%  50.6 3551s
 3046594 51174 infeasible   62        79.80222   79.21054  0.74%  50.6 3556s
 3050395 47964     cutoff   65        79.80222   79.24038  0.70%  50.5 3560s
 3055620 43023   79.29442   48  217   79.80222   79.28499  0.65%  50.5 3566s
 3059025 39809     cutoff   73        79.80222   79.32049  0.60%  50.4 3570s
 3064464 35455     cutoff   91        79.80222   79.37104  0.54%  50.4 3576s
H3064635 35455                      79.8022206   79.37155  0.54%  50.4 3577s
 3065400 34848     cutoff   79        79.80222   79.37795  0.53%  50.4 3595s
H3065576 34848                      79.8022204   79.37882  0.53%  50.4 3595s

Cutting planes:
  Learned: 4
  Gomory: 149
  Lift-and-project: 40
  Cover: 917
  Implied bound: 629
  Projected implied bound: 12
  Clique: 2
  MIR: 873
  StrongCG: 3
  Flow cover: 1456
  GUB cover: 2
  Inf proof: 71
  Zero half: 24
  RLT: 142
  Relax-and-lift: 60
  PSD: 1

Explored 3067857 nodes (154426139 simplex iterations) in 3598.18 seconds (3753.21 work units)
Thread count was 32 (of 32 available processors)

Solution count 10: 79.8022 79.8022 79.8022 ... 79.8022

Optimal solution found (tolerance 5.00e-03)
Best objective 7.980222253063e+01, best bound 7.940984093019e+01, gap 0.4917%
