
Gurobi 9.5.2 (linux64) logging started Sun Aug 16 10:05:09 2026

Set parameter LogFile to value "/mnt/beegfs/users/celinep/ChargeAndBreak/logs/oracle_RmediumCfewTtight_11__nosplit_gurobi.log"
Gurobi Optimizer version 9.5.2 build v9.5.2rc0 (linux64)
Thread count: 16 physical cores, 32 logical processors, using up to 32 threads
Optimize a model with 5689 rows, 2788 columns and 60556 nonzeros
Model fingerprint: 0xa87b1288
Variable types: 1891 continuous, 897 integer (897 binary)
Coefficient statistics:
  Matrix range     [3e-02, 1e+03]
  Objective range  [5e-01, 1e+00]
  Bounds range     [1e+00, 4e+01]
  RHS range        [2e-01, 5e+02]

User MIP start produced solution with objective 77.5268 (0.02s)
Loaded user MIP start with objective 77.5268

Presolve removed 2340 rows and 706 columns
Presolve time: 0.40s
Presolved: 3349 rows, 2082 columns, 49083 nonzeros
Variable types: 1438 continuous, 644 integer (644 binary)
Found heuristic solution: objective 77.0268362
Root relaxation presolve removed 91 rows and 70 columns
Root relaxation presolved: 3258 rows, 2012 columns, 43057 nonzeros


Root relaxation: objective 6.407278e+01, 2359 iterations, 0.42 seconds (0.27 work units)

    Nodes    |    Current Node    |     Objective Bounds      |     Work
 Expl Unexpl |  Obj  Depth IntInf | Incumbent    BestBd   Gap | It/Node Time

     0     0   64.07278    0  125   77.02684   64.07278  16.8%     -    1s
H    0     0                      76.5215702   64.07278  16.3%     -    1s
     0     0   64.92295    0  120   76.52157   64.92295  15.2%     -    1s
     0     0   65.19476    0  136   76.52157   65.19476  14.8%     -    1s
     0     0   65.22767    0  132   76.52157   65.22767  14.8%     -    1s
     0     0   65.24127    0  152   76.52157   65.24127  14.7%     -    2s
     0     0   65.24827    0  153   76.52157   65.24827  14.7%     -    2s
     0     0   65.24947    0  147   76.52157   65.24947  14.7%     -    2s
     0     0   65.37376    0  154   76.52157   65.37376  14.6%     -    2s
     0     0   65.40037    0  149   76.52157   65.40037  14.5%     -    2s
     0     0   65.40261    0  169   76.52157   65.40261  14.5%     -    2s
     0     0   65.40264    0  171   76.52157   65.40264  14.5%     -    2s
     0     0   65.43477    0  180   76.52157   65.43477  14.5%     -    3s
     0     0   65.44182    0  193   76.52157   65.44182  14.5%     -    3s
     0     0   65.44350    0  206   76.52157   65.44350  14.5%     -    3s
     0     0   65.44355    0  208   76.52157   65.44355  14.5%     -    3s
     0     0   65.46015    0  176   76.52157   65.46015  14.5%     -    3s
     0     0   65.46548    0  168   76.52157   65.46548  14.4%     -    3s
     0     0   65.46684    0  170   76.52157   65.46684  14.4%     -    3s
     0     0   65.46686    0  186   76.52157   65.46686  14.4%     -    3s
     0     0   65.49479    0  192   76.52157   65.49479  14.4%     -    4s
     0     0   65.50477    0  184   76.52157   65.50477  14.4%     -    4s
     0     0   65.50655    0  174   76.52157   65.50655  14.4%     -    4s
     0     0   65.50855    0  170   76.52157   65.50855  14.4%     -    4s
     0     0   65.50885    0  195   76.52157   65.50885  14.4%     -    4s
     0     0   65.54427    0  198   76.52157   65.54427  14.3%     -    5s
H    0     0                      75.1954888   65.54427  12.8%     -    5s
     0     0   65.54619    0  198   75.19549   65.54619  12.8%     -    5s
     0     0   65.54679    0  195   75.19549   65.54679  12.8%     -    5s
     0     0   65.55411    0  211   75.19549   65.55411  12.8%     -    5s
     0     0   65.55546    0  206   75.19549   65.55546  12.8%     -    5s
     0     0   65.55559    0  207   75.19549   65.55559  12.8%     -    5s
     0     0   65.60633    0  208   75.19549   65.60633  12.8%     -    7s
     0     0   65.60678    0  187   75.19549   65.60678  12.8%     -    7s
     0     0   65.60678    0  220   75.19549   65.60678  12.8%     -    7s
     0     0   65.63929    0  200   75.19549   65.63929  12.7%     -    7s
     0     0   65.64183    0  161   75.19549   65.64183  12.7%     -    8s
     0     2   65.64183    0  157   75.19549   65.64183  12.7%     -    8s
    31    42   65.93278    5  149   75.19549   65.78894  12.5%   141   10s
H   81    90                      75.1883365   65.96652  12.3%   119   12s
H  137   146                      75.1050032   65.96789  12.2%   104   13s
   250   279   65.97897   22  110   75.10500   65.97897  12.2%  93.9   15s
H  288   295                      74.9834762   65.97897  12.0%  91.4   16s
   996  1027   66.16411   97  130   74.98348   66.16411  11.8%  85.0   20s
  2082  1830   74.66498   24  161   74.98348   66.41943  11.4%  75.2   27s
  2087  1833   74.37304   43   38   74.98348   66.41943  11.4%  75.0   31s
  2089  1835   67.72078   57   47   74.98348   66.41943  11.4%  75.0   35s
  2094  1842   66.41943   13   97   74.98348   66.41943  11.4%  81.4   42s
  2098  1846   66.41943   14  166   74.98348   66.41943  11.4%  83.0   45s
  2244  1938   66.41943   24  196   74.98348   66.41943  11.4%  97.8   50s
  2831  2315   74.84750   60   96   74.98348   66.41943  11.4%  93.1   55s
  2902  2361   74.82400   68   93   74.98348   66.41943  11.4%  94.3   60s
  2992  2410   66.41943   61  143   74.98348   66.41943  11.4%  95.0   65s
  3096  2469   74.88237   53   99   74.98348   66.41943  11.4%  95.7   73s
  3312  2565   74.94620   65   98   74.98348   66.41943  11.4%  94.9   78s
  3522  2758   74.91126   54   95   74.98348   66.41943  11.4%  93.0   80s
  3858  2819   66.41943   47  161   74.98348   66.41943  11.4%  90.2   90s
  3910  2846 infeasible   22        74.98348   66.41943  11.4%  90.9   95s
  5305  4022   66.41943   46  122   74.98348   66.41943  11.4%  79.1  100s
  6197  4455   66.41943   24  150   74.98348   66.41943  11.4%  73.0  105s
  7237  4788     cutoff   64        74.98348   66.41943  11.4%  67.7  112s
  8246  5923   66.41943   45   72   74.98348   66.41943  11.4%  63.9  115s
  8696  5975   66.41943   83  128   74.98348   66.41943  11.4%  62.6  122s
  8754  6020   66.41943   84  117   74.98348   66.41943  11.4%  62.9  127s
  9986  7619   66.75200   21  121   74.98348   66.41943  11.4%  58.7  130s
 11206  8801   66.41943   38  120   74.98348   66.41943  11.4%  55.7  135s
 11828  8872     cutoff   68        74.98348   66.41943  11.4%  54.3  140s
 13587 10442   66.41943   51  115   74.98348   66.41943  11.4%  50.6  148s
 13621 10493   66.93659   26  169   74.98348   66.41943  11.4%  50.6  155s
 15281 12670     cutoff   63        74.98348   66.41943  11.4%  47.9  161s
 16388 13224   66.43608   40   91   74.98348   66.41943  11.4%  46.5  168s
 16726 14166   66.41943   49   92   74.98348   66.41943  11.4%  46.4  170s
 17757 14225     cutoff   51        74.98348   66.41943  11.4%  45.1  176s
 17830 14360   67.20795   37  138   74.98348   66.41943  11.4%  45.3  180s
 19037 15622   66.80968   35  111   74.98348   66.41943  11.4%  44.2  186s
 20665 18463   66.47268  108   67   74.98348   66.41943  11.4%  42.6  193s
 22398 18553   66.45146   28   87   74.98348   66.41943  11.4%  41.2  196s
 24121 20675     cutoff   59        74.98348   66.41943  11.4%  40.2  201s
 26106 22173   66.73889   59  119   74.98348   66.41943  11.4%  39.3  211s
 26836 23963   66.42517   52   93   74.98348   66.41943  11.4%  39.0  216s
 29791 25453   66.43398   56  112   74.98348   66.41943  11.4%  38.0  224s
 30017 26803   66.50677   41  114   74.98348   66.41943  11.4%  38.1  228s
 31466 28118   66.68942   56   95   74.98348   66.41943  11.4%  37.7  231s
 32926 29136   66.45067   34  125   74.98348   66.41943  11.4%  37.4  235s
 34082 29281   66.83454   64   74   74.98348   66.41943  11.4%  37.0  241s
 35218 30754   74.93910   69  103   74.98348   66.41943  11.4%  37.0  245s
 37470 34102   67.39364   64   83   74.98348   66.41943  11.4%  36.6  252s
 39551 35916   66.73641   22  135   74.98348   66.42280  11.4%  36.2  255s
 41507 36174   66.56367   48  114   74.98348   66.42637  11.4%  35.9  273s
 41799 50795   66.45484   47   94   74.98348   66.42998  11.4%  36.0  328s
 57815 50835   67.13052   66  103   74.98348   66.44839  11.4%  34.0  341s
 57886 51042   66.60524   61   58   74.98348   66.45341  11.4%  34.1  351s
 58137 51256   66.94643   68  121   74.98348   66.45647  11.4%  34.1  366s
 58388 51445   67.29886   60  112   74.98348   66.45950  11.4%  34.2  376s
 58607 53404   68.28013   82  145   74.98348   66.46184  11.4%  34.3  380s
 60776 53816   66.75482   66  103   74.98348   66.46605  11.4%  34.1  386s
 61239 56251     cutoff   82        74.98348   66.46849  11.4%  34.1  391s
 63855 59306     cutoff   19        74.98348   66.47608  11.3%  33.8  399s
 67173 60008   66.55249   59   69   74.98348   66.48267  11.3%  33.5  404s
 67921 61848   66.57184   37  139   74.98348   66.48700  11.3%  33.5  408s
 69914 63541   66.61837   49   55   74.98348   66.49131  11.3%  33.4  412s
 71731 64813     cutoff   65        74.98348   66.49537  11.3%  33.4  416s
 73138 65000   67.04226   35   76   74.98348   66.50011  11.3%  33.3  422s
 73347 67240     cutoff   22        74.98348   66.50218  11.3%  33.4  426s
 75699 68857   66.51892   35  102   74.98348   66.50675  11.3%  33.2  430s
 77454 69211   67.04657   54   68   74.98348   66.51007  11.3%  33.1  436s
 79157 71349   66.59413   71   42   74.98348   66.51346  11.3%  33.0  440s
 82146 74924   66.61560   50  128   74.98348   66.52150  11.3%  32.8  448s
 84102 76023   66.78503   51   74   74.98348   66.52556  11.3%  32.7  456s
 85323 77210   66.59476   84   61   74.98348   66.52716  11.3%  32.7  466s
 86669 80954   66.56196   30   99   74.98348   66.52943  11.3%  32.7  476s
 90752 82444   66.58519   76  102   74.98348   66.53509  11.3%  32.5  480s
 92683 84714   66.79191   73   44   74.98348   66.54573  11.3%  32.6  490s
 94937 86676   66.56586   50   95   74.98348   66.54897  11.2%  32.5  495s
 99505 89150   67.02652   61   75   74.98348   66.55826  11.2%  32.3  502s
 99815 90822   66.64549   77   53   74.98348   66.56000  11.2%  32.3  507s
 101685 92792   67.24128   54   90   74.98348   66.56137  11.2%  32.2  511s
 103800 93140   66.86713   70   71   74.98348   66.56555  11.2%  32.1  516s
 104180 95278   66.87088   83   74   74.98348   66.56878  11.2%  32.1  520s
 106495 98236   66.71028   82   30   74.98348   66.57246  11.2%  32.0  525s
 111011 99775   66.74008   82   94   74.98348   66.58044  11.2%  31.8  533s
 111449 101865   66.69881   52   59   74.98348   66.58257  11.2%  31.9  535s
 114879 103210   66.77063   80   44   74.98348   66.58834  11.2%  31.7  543s
 115278 105135   66.64508   64   75   74.98348   66.59120  11.2%  31.8  546s
 117397 106348   66.66148   64   77   74.98348   66.59365  11.2%  31.7  550s
 119079 108813   66.60975   64   53   74.98348   66.59815  11.2%  31.8  558s
 121571 109093   66.64189   54   96   74.98348   66.60136  11.2%  31.6  561s
 121903 111468   66.84625   49   59   74.98348   66.60281  11.2%  31.6  565s
 126695 113811   66.70640   46   76   74.98348   66.60971  11.2%  31.4  571s
 127023 116340   66.68472   39   90   74.98348   66.61129  11.2%  31.5  577s
 129864 116840   67.73662   60   56   74.98348   66.61382  11.2%  31.4  582s
 130425 119438   66.74663   23  187   74.98348   66.61581  11.2%  31.5  585s
 133220 119753   66.63694   72   52   74.98348   66.62022  11.2%  31.3  590s
 135713 123337   66.65150   81   38   74.98348   66.62348  11.1%  31.3  598s
 137421 123503   73.20101   85   26   74.98348   66.62576  11.1%  31.3  602s
 137633 125610   66.70232   71   48   74.98348   66.62776  11.1%  31.3  606s
 139957 127760   66.89391   79   75   74.98348   66.63154  11.1%  31.2  610s
 142285 128065   66.84122   57   77   74.98348   66.63453  11.1%  31.1  615s
 144767 131730   66.76673   63   40   74.98348   66.63828  11.1%  31.0  622s
 146669 131979   66.71168   56   70   74.98348   66.64176  11.1%  31.0  627s
 146955 134139   66.75441   98   56   74.98348   66.64254  11.1%  31.0  631s
 149254 137267   66.71591   40   80   74.98348   66.64593  11.1%  30.9  638s
 152682 137415   66.85474   84   25   74.98348   66.64927  11.1%  30.8  642s
 152869 137799   66.93293   85   32   74.98348   66.65093  11.1%  30.9  649s
 153318 140173   66.72480   72   55   74.98348   66.65222  11.1%  30.9  653s
 155975 141364   66.75929   76   54   74.98348   66.65447  11.1%  30.8  657s
H156201 141364                      74.9834754   66.65513  11.1%  30.8  657s
 157324 141647   66.89239   68   31   74.98348   66.65747  11.1%  30.7  661s
 160035 145593   66.72551   65   41   74.98348   66.66137  11.1%  30.7  668s
 161907 145839   66.85836   77   58   74.98348   66.66305  11.1%  30.7  672s
 162211 147696   66.79879   84   30   74.98348   66.66451  11.1%  30.7  677s
 164232 148090   67.14894   76   25   74.98348   66.66613  11.1%  30.6  681s
 165488 151073   66.68054   54  168   74.98348   66.66941  11.1%  30.7  688s
 167915 152867   66.83364   74   51   74.98348   66.67179  11.1%  30.6  692s
 169918 153152   66.86769   90   45   74.98348   66.67410  11.1%  30.6  698s
 170238 167768   66.85943   53   76   74.98348   66.67532  11.1%  30.6  728s
 186254 167959   66.79503   82   39   74.98348   66.68853  11.1%  30.1  735s
 186718 168459   66.99182   72   24   74.98348   66.69170  11.1%  30.2  742s
 187022 168842   66.97935   82   24   74.98348   66.69271  11.1%  30.2  746s
 187453 170384   66.92541   66   36   74.98348   66.69337  11.1%  30.3  751s
 191685 173265   66.70104   59   48   74.98348   66.69758  11.1%  30.2  766s
 192290 184364   66.80998   67   59   74.98348   66.69883  11.0%  30.2  787s
 204471 184601   66.75963   57   70   74.98348   66.70751  11.0%  29.9  790s
 205106 186889   66.74442   38  128   74.98348   66.71075  11.0%  30.0  798s
 207313 188729   66.81356   83   11   74.98348   66.71282  11.0%  29.9  802s
 209334 188973   66.87469   57   96   74.98348   66.71468  11.0%  29.9  805s
 209638 191130   67.04265   59  102   74.98348   66.71592  11.0%  29.9  811s
 211928 193199   66.76109   50   55   74.98348   66.71778  11.0%  29.9  815s
 214217 193624   67.08594   66   37   74.98348   66.71910  11.0%  29.8  820s
 214714 205816   66.77062   30  165   74.98348   66.72024  11.0%  29.9  842s
 227962 205950   67.09576   79   30   74.98348   66.72890  11.0%  29.7  847s
 228100 206279   67.02568   80   21   74.98348   66.73046  11.0%  29.7  850s
 230866 208748 infeasible   72        74.98348   66.73304  11.0%  29.7  856s
 231190 211101   67.13925   78   63   74.98348   66.73418  11.0%  29.7  860s
 235719 216390   66.80833   45   76   74.98348   66.73764  11.0%  29.6  871s
 239724 218628   66.80252   56   86   74.98348   66.74153  11.0%  29.5  877s
 241905 218871   67.15594   78   14   74.98348   66.74223  11.0%  29.5  880s
 244294 221398   66.78474   61   63   74.98348   66.74446  11.0%  29.5  887s
 244924 223336   66.74505   53   46   74.98348   66.74505  11.0%  29.5  890s
 249502 225886   66.81137   43   68   74.98348   66.74771  11.0%  29.4  897s
 249774 228291   66.77534   67   67   74.98348   66.74857  11.0%  29.4  901s
 254747 230675   66.97957   72   29   74.98348   66.75124  11.0%  29.3  906s
 256969 235865   67.29774   74   61   74.98348   66.75303  11.0%  29.3  914s
 260617 235928     cutoff   58        74.98348   66.75470  11.0%  29.3  919s
 260698 236282   66.79159   76   28   74.98348   66.75570  11.0%  29.3  922s
 261111 238571   66.94020   70   67   74.98348   66.75621  11.0%  29.3  926s
 263585 240367   66.88204   48   62   74.98348   66.75755  11.0%  29.3  930s
 265896 243222 infeasible   22        74.98348   66.75965  11.0%  29.2  937s
 268683 243814 infeasible   22        74.98348   66.76113  11.0%  29.2  940s
 271957 248263   66.95631   82   13   74.98348   66.76344  11.0%  29.1  947s
 274542 250831   67.46473   91   13   74.98348   66.76530  11.0%  29.1  952s
 276945 252363 infeasible   69        74.98348   66.76700  11.0%  29.1  955s
 278618 254541   66.83962   88   14   74.98348   66.76800  11.0%  29.0  960s
 281456 258309   67.00386   56   48   74.98348   66.77042  11.0%  29.0  968s
 285188 259664   67.18248   88   15   74.98348   66.77225  11.0%  29.0  973s
 286656 260652 infeasible   92        74.98348   66.77353  10.9%  29.0  978s
 287767 263460   66.91617   83   38   74.98348   66.77461  10.9%  29.0  982s
 290878 263898   66.88495   55   48   74.98348   66.77646  10.9%  28.9  985s
 294327 269067   66.97053   56   86   74.98348   66.77934  10.9%  28.9  993s
 296928 270016   66.92212   74   68   74.98348   66.77997  10.9%  28.8  997s
 297984 272707   66.86499   73   24   74.98348   66.78154  10.9%  28.9 1001s
 300920 273250   67.31636   70   21   74.98348   66.78368  10.9%  28.8 1007s
 301527 284002   66.91845   51   14   74.98348   66.78416  10.9%  28.8 1027s
 313111 284300   66.87928   60   12   74.98348   66.78914  10.9%  28.6 1031s
 313862 287247   67.02592   81   63   74.98348   66.79140  10.9%  28.7 1038s
 316629 288700   66.89228   60   77   74.98348   66.79290  10.9%  28.6 1043s
 318213 291094   67.03490   72   57   74.98348   66.79370  10.9%  28.6 1047s
 320756 291472 infeasible   89        74.98348   66.79515  10.9%  28.6 1051s
 321190 294201   66.93963   55   51   74.98348   66.79588  10.9%  28.6 1055s
 324175 297645   66.88123   72   45   74.98348   66.79731  10.9%  28.5 1061s
 327873 297919   66.80903   63   17   74.98348   66.79921  10.9%  28.5 1065s
 330654 302141   66.94019   66   64   74.98348   66.80088  10.9%  28.5 1071s
 333088 304836   66.89823   52   53   74.98348   66.80285  10.9%  28.5 1077s
 335688 307134   66.84250   66   63   74.98348   66.80419  10.9%  28.4 1080s
 338528 309562   66.98821   78   46   74.98348   66.80610  10.9%  28.4 1086s
 341503 312650   66.91382   85   57   74.98348   66.80781  10.9%  28.4 1092s
 344185 313151   67.11124   56   14   74.98348   66.80875  10.9%  28.3 1095s
 348429 318169   67.50257   66   20   74.98348   66.81119  10.9%  28.3 1103s
 350228 318470   66.85406   81   13   74.98348   66.81229  10.9%  28.3 1106s
 353226 323266   67.50730   53   53   74.98348   66.81375  10.9%  28.3 1112s
 355762 324094   66.93069   75   53   74.98348   66.81513  10.9%  28.3 1115s
H355962 324094                      74.9834746   66.81522  10.9%  28.3 1116s
 359124 326812   67.16591   66   64   74.98347   66.81684  10.9%  28.2 1122s
 359591 329051   67.65868   85   65   74.98347   66.81748  10.9%  28.3 1125s
 364540 331846   66.90064   32   52   74.98347   66.81982  10.9%  28.2 1133s
 365012 332751   66.90664   62   59   74.98347   66.82031  10.9%  28.2 1139s
 365978 336377   66.92654   81   22   74.98347   66.82052  10.9%  28.2 1145s
 371897 338377 infeasible   98        74.98347   66.82332  10.9%  28.1 1152s
 372196 340596 infeasible   94        74.98347   66.82392  10.9%  28.2 1156s
 377275 343503   66.90618   59   60   74.98347   66.82593  10.9%  28.1 1163s
 377694 346105   66.89597   66   39   74.98347   66.82636  10.9%  28.1 1166s
 381033 349109   66.85707   81   16   74.98347   66.82823  10.9%  28.1 1173s
 383813 351718   67.32325   77   23   74.98347   66.82939  10.9%  28.1 1176s
 386579 352295   66.93166   76   13   74.98347   66.83018  10.9%  28.0 1184s
 387258 365265   67.05322   67   28   74.98347   66.83099  10.9%  28.1 1205s
 401666 366096   67.10101   76   19   74.98347   66.83682  10.9%  27.9 1213s
 402228 369114   67.69313   63   20   74.98347   66.83745  10.9%  27.9 1217s
 405427 371800   67.70081   64   11   74.98347   66.83880  10.9%  27.9 1221s
 408368 372338 infeasible   79        74.98347   66.83997  10.9%  27.9 1228s
 408994 387007   66.95611   70   54   74.98347   66.84024  10.9%  27.9 1250s
 425010 387396   66.91766   65   19   74.98347   66.84438  10.9%  27.8 1255s
 425458 387744   73.86915   91   39   74.98347   66.84524  10.9%  27.8 1261s
 425836 390124 infeasible   32        74.98347   66.84593  10.9%  27.8 1265s
 431013 396193   66.86037   54   26   74.98347   66.84800  10.8%  27.8 1275s
 435477 399464   67.02886   82   27   74.98347   66.84977  10.8%  27.7 1282s
 438522 400654   66.95714   54   51   74.98347   66.85078  10.8%  27.7 1285s
 442955 404040   66.85996   60   34   74.98347   66.85252  10.8%  27.7 1292s
 443458 407074   67.20659   85   16   74.98347   66.85287  10.8%  27.7 1295s
 449373 409847   67.32304   84   11   74.98347   66.85457  10.8%  27.7 1301s
 452528 416505   67.02971   89   18   74.98347   66.85603  10.8%  27.7 1309s
 457015 416935   66.92639   62   52   74.98347   66.85737  10.8%  27.6 1313s
 457515 419226   66.85879   39   89   74.98347   66.85780  10.8%  27.6 1315s
 462820 424419   66.87486   55   23   74.98347   66.85946  10.8%  27.6 1320s
 466012 427361   66.86692   70   20   74.98347   66.86056  10.8%  27.6 1325s
 471343 430711   66.93958   64   46   74.98347   66.86220  10.8%  27.5 1331s
 474020 432748   66.87945   67   22   74.98347   66.86327  10.8%  27.5 1338s
 474704 446360   67.34479   65   21   74.98347   66.86391  10.8%  27.6 1354s
 489448 446828   66.93704   76   32   74.98347   66.86760  10.8%  27.5 1359s
 489987 449132   67.00436   88   31   74.98347   66.86842  10.8%  27.5 1362s
 492501 449529   67.03424   78   75   74.98347   66.86923  10.8%  27.5 1365s
 495999 456299   66.90269   54   33   74.98347   66.87055  10.8%  27.4 1373s
 500364 456711   66.93779   59   25   74.98347   66.87170  10.8%  27.4 1376s
 503684 461701   67.01060   86   67   74.98347   66.87289  10.8%  27.4 1382s
 506725 464484   66.97674   87   39   74.98347   66.87388  10.8%  27.4 1387s
 509309 467185   67.19127   70   37   74.98347   66.87482  10.8%  27.4 1391s
 512688 470111   66.97901   93   22   74.98347   66.87606  10.8%  27.4 1396s
 517358 472423 infeasible   79        74.98347   66.87693  10.8%  27.3 1400s
 520123 475772   66.94498   89   65   74.98347   66.87830  10.8%  27.3 1409s
 521506 480962   67.11384   81   22   74.98347   66.87897  10.8%  27.4 1415s
 527586 484826   67.10471   75   17   74.98347   66.88083  10.8%  27.3 1423s
 531250 487912   67.38478   56   40   74.98347   66.88173  10.8%  27.3 1427s
 534538 490545   67.01073   36   57   74.98347   66.88261  10.8%  27.3 1431s
 537730 493648   67.68344   78   29   74.98347   66.88362  10.8%  27.3 1436s
 540713 497564   67.18205   86   27   74.98347   66.88441  10.8%  27.3 1442s
 544915 497915   66.96474   74   77   74.98347   66.88533  10.8%  27.2 1445s
 547984 503013   67.42570   71   42   74.98347   66.88641  10.8%  27.2 1451s
 553354 505785   66.94286   87   44   74.98347   66.88803  10.8%  27.2 1457s
 553818 508493   66.90305   47   41   74.98347   66.88833  10.8%  27.2 1460s
 559306 511231   67.11687   61   12   74.98347   66.88999  10.8%  27.2 1465s
 562257 516560   66.92669   61   61   74.98347   66.89105  10.8%  27.2 1473s
 565535 517021   66.91485   41   57   74.98347   66.89194  10.8%  27.2 1476s
 566057 520321   66.90454   75   19   74.98347   66.89220  10.8%  27.2 1480s
 572781 523598   67.40287   91   37   74.98347   66.89398  10.8%  27.1 1487s
 573180 526245   67.63189   83   14   74.98347   66.89439  10.8%  27.1 1490s
 579255 529602   67.11659   71   54   74.98347   66.89596  10.8%  27.1 1497s
 579682 532366   66.96579   79   33   74.98347   66.89620  10.8%  27.1 1500s
 585413 535399   66.99831   70   18   74.98347   66.89752  10.8%  27.1 1507s
 586023 549857   67.08167   71    8   74.98347   66.89787  10.8%  27.1 1521s
 602033 550740   67.24556   68   66   74.98347   66.90195  10.8%  27.0 1527s
 602544 553559 infeasible   87        74.98347   66.90234  10.8%  27.0 1531s
 608332 556873   66.90408   68   41   74.98347   66.90408  10.8%  27.0 1539s
 609235 566752   67.04027   80   18   74.98347   66.90454  10.8%  27.0 1549s
 619853 567243   67.06629   59   10   74.98347   66.90697  10.8%  27.0 1553s
 620415 570069   67.22097   51   41   74.98347   66.90754  10.8%  27.0 1557s
 623472 572808   67.25970   78   31   74.98347   66.90840  10.8%  27.0 1560s
 628982 575720   66.94402   58   28   74.98347   66.90957  10.8%  26.9 1569s
 629609 588781   66.92881   55   28   74.98347   66.90995  10.8%  26.9 1586s
 643670 589205   67.17804   91   34   74.98347   66.91259  10.8%  26.9 1591s
 644130 591230   67.03612   75   48   74.98347   66.91292  10.8%  26.9 1595s
 646885 594790   67.18645   62   26   74.98347   66.91388  10.8%  26.9 1602s
 650273 598511   67.09360   93   45   74.98347   66.91449  10.8%  26.9 1608s
 654250 598846   66.93063   51   30   74.98347   66.91531  10.8%  26.8 1610s
 657553 603971 infeasible   27        74.98347   66.91610  10.8%  26.8 1616s
 660986 607148   67.20317   70   51   74.98347   66.91724  10.8%  26.8 1622s
 663629 609688   67.76272   73   39   74.98347   66.91778  10.8%  26.8 1625s
 666985 612852   67.12451   65   28   74.98347   66.91880  10.8%  26.8 1631s
 672566 619105   67.26141   77   36   74.98347   66.92012  10.8%  26.8 1637s
 676555 619514   67.15081   64   55   74.98347   66.92085  10.8%  26.8 1640s
 679708 624789   67.20785   63   38   74.98347   66.92159  10.8%  26.8 1645s
 683107 627833   67.07674   66   55   74.98347   66.92262  10.8%  26.8 1651s
 688810 631050   67.11518   69   33   74.98347   66.92383  10.7%  26.7 1656s
 692116 636090   67.00277   69   58   74.98347   66.92451  10.7%  26.7 1661s
 694885 636760   66.98209   78   17   74.98347   66.92512  10.7%  26.7 1665s
 695613 649232   66.92537   90   29   74.98347   66.92537  10.7%  26.7 1675s
 709626 652275   66.98420   44   55   74.98347   66.92811  10.7%  26.7 1680s
 715392 658614   66.93396   55   86   74.98347   66.92957  10.7%  26.7 1689s
 719223 660922 infeasible   68        74.98347   66.93035  10.7%  26.6 1691s
 722184 663792   67.23578   59   66   74.98347   66.93116  10.7%  26.6 1695s
 729841 668885   67.26239   59   21   74.98347   66.93266  10.7%  26.6 1701s
 733045 673915   66.94261   58   56   74.98347   66.93338  10.7%  26.6 1706s
 738250 676748   67.21744   84   23   74.98347   66.93450  10.7%  26.6 1712s
 738748 691551   67.32713   78   30   74.98347   66.93483  10.7%  26.6 1725s
 755282 692687   66.98390   53   46   74.98347   66.93795  10.7%  26.6 1731s
 759343 699433   67.19797   50   27   74.98347   66.93880  10.7%  26.6 1737s
 763302 699837   67.14624   66   69   74.98347   66.93960  10.7%  26.5 1740s
 766418 702712   66.94162   63   31   74.98347   66.94035  10.7%  26.5 1745s
 769771 707849   67.18183   68   20   74.98347   66.94109  10.7%  26.5 1751s
 775171 710759   67.03710   95   90   74.98347   66.94233  10.7%  26.5 1756s
 778565 715723   67.00403   60   88   74.98347   66.94326  10.7%  26.5 1762s
 780942 719541   66.94373   49   24   74.98347   66.94373  10.7%  26.5 1766s
 785399 722035   67.47503   83   41   74.98347   66.94490  10.7%  26.5 1770s
 788890 724308   67.04409   52   27   74.98347   66.94566  10.7%  26.5 1775s
 793588 727698   67.16001   90   27   74.98347   66.94655  10.7%  26.5 1780s
 796911 733209   66.98746   86   48   74.98347   66.94749  10.7%  26.5 1786s
 800440 736233   67.13732   61   17   74.98347   66.94824  10.7%  26.5 1791s
 803232 739926   67.10334   87   18   74.98347   66.94883  10.7%  26.5 1795s
 809017 742015   66.99172   63   58   74.98347   66.94995  10.7%  26.5 1800s
 811607 746403   67.03249   69   31   74.98347   66.95067  10.7%  26.5 1805s
 817076 749469   67.50803   85   31   74.98347   66.95186  10.7%  26.5 1811s
 820656 752633   66.95289   67   20   74.98347   66.95289  10.7%  26.5 1816s
 824035 758671   67.04297   63   52   74.98347   66.95360  10.7%  26.5 1822s
 827573 760564   66.98925   51   57   74.98347   66.95423  10.7%  26.5 1825s
 830231 763286   67.03891   54   11   74.98347   66.95497  10.7%  26.5 1830s
 833236 766321   67.04669   64   33   74.98347   66.95578  10.7%  26.5 1835s
 838444 770804   67.21652   93   43   74.98347   66.95684  10.7%  26.5 1842s
 841134 771167   67.00675   44   83   74.98347   66.95744  10.7%  26.5 1845s
 844584 776712   67.32516   60   38   74.98347   66.95812  10.7%  26.5 1852s
 847677 777330   67.42705   58   41   74.98347   66.95893  10.7%  26.5 1855s
 851970 782734   66.95984   65   38   74.98347   66.95984  10.7%  26.5 1861s
 854806 785989   66.96673   68   54   74.98347   66.96066  10.7%  26.5 1866s
 860816 789040   67.82013   81   15   74.98347   66.96183  10.7%  26.5 1872s
 861265 791440   67.02909   58   83   74.98347   66.96211  10.7%  26.5 1875s
 866840 794609   67.08244   88   75   74.98347   66.96301  10.7%  26.6 1884s
H867297 794609                      74.9834746   66.96335  10.7%  26.6 1884s
 867349 808724     cutoff   75        74.98347   66.96343  10.7%  26.6 1902s
 882820 809138   73.52169  100   18   74.98347   66.96627  10.7%  26.6 1906s
 883939 812873   67.06688   83   34   74.98347   66.96697  10.7%  26.6 1912s
 887351 813327   66.98398   57   80   74.98347   66.96744  10.7%  26.6 1915s
 887855 827890   66.99285   68   44   74.98347   66.96777  10.7%  26.6 1930s
 904175 828721   67.03492   72   64   74.98347   66.97065  10.7%  26.6 1937s
 904757 831160   66.99453   82   45   74.98347   66.97099  10.7%  26.6 1940s
 908168 834849   67.37854   60   47   74.98347   66.97168  10.7%  26.6 1946s
 913806 837454   67.88790   90   17   74.98347   66.97268  10.7%  26.6 1952s
 914292 840022   67.22727   80   47   74.98347   66.97291  10.7%  26.6 1955s
 919390 844580   67.02591   83   12   74.98347   66.97382  10.7%  26.6 1960s
 922547 847678   67.04785   69   86   74.98347   66.97459  10.7%  26.7 1966s
 928068 850473   66.98498   65   71   74.98347   66.97552  10.7%  26.7 1971s
 931471 856303   67.10019   54   38   74.98347   66.97635  10.7%  26.7 1978s
 934845 857069 infeasible   69        74.98347   66.97695  10.7%  26.7 1980s
 938570 860047   67.04333   59   34   74.98347   66.97757  10.7%  26.7 1986s
 942035 865393   67.04970   35   47   74.98347   66.97833  10.7%  26.7 1992s
 945400 868431   66.98905   71   45   74.98347   66.97895  10.7%  26.7 1997s
 948288 871135   67.84949   65    4   74.98347   66.97946  10.7%  26.7 2000s
 951820 874082   67.12621   59   25   74.98347   66.98029  10.7%  26.7 2006s
 954550 877165   67.19881   89   35   74.98347   66.98084  10.7%  26.7 2010s
 958285 880120   67.17225   84   13   74.98347   66.98156  10.7%  26.7 2015s
 963834 883051   67.03495   62   31   74.98347   66.98249  10.7%  26.7 2023s
 964393 885640   67.08632   74   28   74.98347   66.98278  10.7%  26.7 2025s
 969926 888433   67.16361   71   45   74.98347   66.98360  10.7%  26.7 2031s
 973008 893487   66.99354   55   31   74.98347   66.98443  10.7%  26.7 2038s
 975861 893891   67.22965   67   39   74.98347   66.98504  10.7%  26.7 2041s
 976367 908449     cutoff  100        74.98347   66.98520  10.7%  26.8 2057s
 992347 908828   67.06293   76   16   74.98347   66.98772  10.7%  26.7 2062s
 993520 911830   67.09118   62   81   74.98347   66.98821  10.7%  26.8 2067s
 996119 914308   67.20602   52   41   74.98347   66.98875  10.7%  26.8 2070s
 999533 925270   67.19643   82   28   74.98347   66.98948  10.7%  26.8 2084s
 1010936 925695   67.01471   55   36   74.98347   66.99117  10.7%  26.8 2087s
 1011423 928273   67.00371   58   87   74.98347   66.99137  10.7%  26.8 2090s
 1014875 931223   67.21875   84    5   74.98347   66.99247  10.7%  26.8 2096s
 1020065 934017   67.01930   59   49   74.98347   66.99327  10.7%  26.8 2103s
 1020625 947793   67.27262   88   22   74.98347   66.99355  10.7%  26.8 2117s
 1035635 948119   67.75922   34   76   74.98347   66.99567  10.7%  26.8 2120s
 1036585 949328   67.10012   55   41   74.98347   66.99620  10.7%  26.8 2125s
 1040626 952861   67.16909   92   34   74.98347   66.99703  10.7%  26.8 2132s
 1041335 961844   67.03155   51   22   74.98347   66.99726  10.7%  26.8 2143s
 1051196 962252   67.05991   58   37   74.98347   66.99874  10.6%  26.8 2146s
 1051663 965137   66.99922   69   47   74.98347   66.99899  10.6%  26.8 2150s
 1057646 968113   67.03708   65   76   74.98347   67.00023  10.6%  26.8 2157s
 1058074 971197   67.19072   82   33   74.98347   67.00037  10.6%  26.9 2160s
 1064730 974548   67.17998   69   36   74.98347   67.00137  10.6%  26.9 2166s
 1068120 979594   67.00203   81   34   74.98347   67.00203  10.6%  26.9 2172s
 1070651 979886   69.25358  109  124   74.98347   67.00245  10.6%  26.9 2176s
 1072358 982456   67.14080   53   17   74.98347   67.00271  10.6%  26.9 2180s
 1074655 985735   67.25478   46   38   74.98347   67.00328  10.6%  26.9 2185s
 1080184 991100   67.13010   72   40   74.98347   67.00416  10.6%  26.9 2191s
 1083352 994265   67.01860   48   84   74.98347   67.00468  10.6%  26.9 2195s
 1088553 996706   67.04265   40  113   74.98347   67.00547  10.6%  26.9 2200s
 1092203 999545   67.14428   56   25   74.98347   67.00625  10.6%  26.9 2206s
 1092675 1001037   67.28720   78   26   74.98347   67.00641  10.6%  26.9 2210s
 1097290 1004976 infeasible   86        74.98347   67.00705  10.6%  26.9 2216s
 1101629 1008196   67.72458   95   38   74.98347   67.00810  10.6%  26.9 2223s
 1102128 1011170   67.12538   59   95   74.98347   67.00827  10.6%  26.9 2225s
 1108671 1014584   67.14737   42   33   74.98347   67.00926  10.6%  26.9 2232s
 1112025 1019792   67.05078   60   41   74.98347   67.00994  10.6%  26.9 2237s
 1114821 1020236 infeasible   73        74.98347   67.01009  10.6%  26.9 2241s
 1118017 1025121   67.04056   55   63   74.98347   67.01097  10.6%  27.0 2247s
 1120729 1025570   67.13160   88   70   74.98347   67.01135  10.6%  27.0 2250s
 1124265 1031139   67.01558   62   26   74.98347   67.01180  10.6%  27.0 2255s
 1129942 1034103   67.25253   59   39   74.98347   67.01279  10.6%  27.0 2262s
 1130564 1037612   67.01309   90   34   74.98347   67.01309  10.6%  27.0 2266s
 1134440 1039147   67.28248   59   47   74.98347   67.01366  10.6%  27.0 2270s
 1136940 1042989   67.51101   60   56   74.98347   67.01414  10.6%  27.0 2275s
 1143300 1046155   67.03090   73   27   74.98347   67.01513  10.6%  27.0 2281s
 1147013 1051780   67.07580   75   66   74.98347   67.01578  10.6%  27.0 2287s
 1149975 1052247   67.06203   68   35   74.98347   67.01641  10.6%  27.0 2290s
 1150524 1063480   67.07598   36   74   74.98347   67.01655  10.6%  27.0 2304s
 1155806 1063480   67.23037   85   17   74.98347   67.01663  10.6%  27.0 2305s
 1163094 1064700   67.28679   80   30   74.98347   67.01845  10.6%  27.0 2310s
 1167505 1070976   67.30044   74   52   74.98347   67.01922  10.6%  27.0 2316s
 1170898 1071679   67.21042   75    9   74.98347   67.01973  10.6%  27.0 2320s
 1171688 1080478   67.05050   30   23   74.98347   67.01992  10.6%  27.0 2328s
 1181304 1080936   67.33884   77   56   74.98347   67.02123  10.6%  27.1 2332s
 1184557 1086096   67.23976   71   45   74.98347   67.02194  10.6%  27.1 2337s
 1187516 1086643 infeasible   85        74.98347   67.02251  10.6%  27.1 2340s
 1191057 1091884   67.10568   48   25   74.98347   67.02310  10.6%  27.1 2345s
 1197023 1095146   67.74485   81   35   74.98347   67.02395  10.6%  27.1 2351s
 1199244 1099715   67.86214  100   22   74.98347   67.02443  10.6%  27.1 2357s
 1202491 1100231   67.07467   53   42   74.98347   67.02492  10.6%  27.1 2360s
 1206674 1106284   67.28206   71   24   74.98347   67.02564  10.6%  27.1 2366s
 1212088 1108940   67.10969   63   23   74.98347   67.02658  10.6%  27.1 2374s
 1212561 1111569   67.32503   44   47   74.98347   67.02671  10.6%  27.1 2377s
 1215372 1114465   67.27605   41   57   74.98347   67.02711  10.6%  27.1 2381s
 1220082 1116338   67.04182   45   58   74.98347   67.02793  10.6%  27.1 2386s
 1223908 1122102   67.45818   73   11   74.98347   67.02864  10.6%  27.1 2392s
 1226915 1124205   67.06340   58   28   74.98347   67.02909  10.6%  27.1 2395s
 1229787 1127347   67.38711   70   39   74.98347   67.02962  10.6%  27.1 2400s
 1235430 1132395   67.07682   50   38   74.98347   67.03037  10.6%  27.1 2406s
 1238210 1132948   67.07335   39   71   74.98347   67.03073  10.6%  27.1 2411s
 1238840 1144786   67.18190   75   41   74.98347   67.03088  10.6%  27.1 2424s
 1245904 1144786   67.06962   48   55   74.98347   67.03102  10.6%  27.1 2425s
 1252343 1148077   67.32691   39   42   74.98347   67.03273  10.6%  27.2 2430s
 1256027 1151167   67.32611   91   34   74.98347   67.03334  10.6%  27.2 2435s
 1258789 1154139   67.04737   30   85   74.98347   67.03381  10.6%  27.2 2440s
 1263671 1158712   68.69508   55   68   74.98347   67.03474  10.6%  27.2 2448s
 1267070 1161113   67.34056   73   37   74.98347   67.03509  10.6%  27.2 2451s
 1272774 1164397 infeasible   74        74.98347   67.03610  10.6%  27.2 2457s
 1273341 1166946   67.26394   57   37   74.98347   67.03624  10.6%  27.2 2460s
 1278465 1171892   67.58934   64   17   74.98347   67.03693  10.6%  27.2 2466s
 1281553 1172357   67.12919   53   35   74.98347   67.03741  10.6%  27.2 2471s
 1282070 1186217   67.24786   75   29   74.98347   67.03756  10.6%  27.2 2485s
 1297976 1187178   67.04292   57   50   74.98347   67.03957  10.6%  27.2 2491s
 1301370 1192887   67.13087   67   55   74.98347   67.04021  10.6%  27.2 2497s
 1304697 1195659   67.04058   63   28   74.98347   67.04058  10.6%  27.2 2501s
 1307677 1196109 infeasible   81        74.98347   67.04097  10.6%  27.2 2505s
 1309938 1201100   67.24661   98   25   74.98347   67.04140  10.6%  27.2 2513s
 1313572 1201576 infeasible   92        74.98347   67.04196  10.6%  27.2 2516s
 1314122 1204506   67.04368   90   32   74.98347   67.04218  10.6%  27.2 2520s
 1320429 1207809   67.17881   67   30   74.98347   67.04316  10.6%  27.2 2526s
 1324216 1213676   67.04884   70   34   74.98347   67.04386  10.6%  27.2 2532s
 1327450 1214643   67.39297   82   20   74.98347   67.04451  10.6%  27.2 2536s
 1328495 1221642   67.10672   62   65   74.98347   67.04467  10.6%  27.2 2544s
 1336143 1223780   67.07742   73   25   74.98347   67.04557  10.6%  27.2 2548s
 1338491 1224174 infeasible   73        74.98347   67.04597  10.6%  27.2 2550s
 1342055 1229877   67.09104   61   35   74.98347   67.04650  10.6%  27.2 2557s
 1345218 1232213   67.24146   82   37   74.98347   67.04697  10.6%  27.2 2560s
 1348409 1235798 infeasible   73        74.98347   67.04748  10.6%  27.2 2568s
 1351752 1237927   67.13835   56   48   74.98347   67.04791  10.6%  27.2 2571s
 1356247 1240374   67.43431   33  161   74.98347   67.04865  10.6%  27.2 2576s
 1359528 1245486   67.49938   83   17   74.98347   67.04905  10.6%  27.2 2582s
 1362294 1247241   67.09182   68   52   74.98347   67.04947  10.6%  27.2 2585s
 1364617 1249925   67.91955   90   54   74.98347   67.05000  10.6%  27.2 2590s
 1369987 1252805   67.07996   97   46   74.98347   67.05071  10.6%  27.2 2598s
 1370424 1267121   67.22877   76   51   74.98347   67.05090  10.6%  27.2 2615s
 1386989 1268027   67.11624   67   23   74.98347   67.05313  10.6%  27.2 2621s
 1389340 1270555   67.19008   60   42   74.98347   67.05350  10.6%  27.2 2625s
 1390848 1274143   67.06510   85   38   74.98347   67.05387  10.6%  27.2 2631s
 1396246 1277915   67.19268   70   43   74.98347   67.05464  10.6%  27.2 2636s
 1400918 1281994   67.31529   69   27   74.98347   67.05523  10.6%  27.2 2642s
 1403669 1284554   67.12924   88   64   74.98347   67.05572  10.6%  27.2 2647s
 1406091 1286994   67.07227   67   59   74.98347   67.05602  10.6%  27.2 2650s
 1409329 1289952   67.38277   59   55   74.98347   67.05647  10.6%  27.2 2655s
 1415358 1295015   67.16318   73   29   74.98347   67.05727  10.6%  27.2 2662s
 1417674 1295409   67.12933   80   38   74.98347   67.05756  10.6%  27.2 2665s
 1420601 1299867   67.88225   75   35   74.98347   67.05805  10.6%  27.2 2671s
 1423075 1300263   67.19330   52   70   74.98347   67.05837  10.6%  27.2 2675s
 1426501 1305363 infeasible   56        74.98347   67.05881  10.6%  27.3 2681s
 1429655 1308274   67.65446   92   12   74.98347   67.05941  10.6%  27.3 2687s
 1432372 1310827   67.05971   81   19   74.98347   67.05969  10.6%  27.3 2691s
 1435151 1313755   67.06005   71   31   74.98347   67.06005  10.6%  27.3 2695s
 1438855 1316995   67.14866   76   28   74.98347   67.06062  10.6%  27.3 2700s
 1444685 1319879   67.88983   77    9   74.98347   67.06136  10.6%  27.3 2705s
 1447885 1324812   67.59540   49   68   74.98347   67.06184  10.6%  27.3 2711s
 1450684 1325245     cutoff   61        74.98347   67.06224  10.6%  27.3 2715s
 1454016 1330092   67.08458   70   50   74.98347   67.06277  10.6%  27.3 2721s
 1457537 1338416   67.13078   57   56   74.98347   67.06332  10.6%  27.3 2733s
 1465716 1338765   67.19305   43   49   74.98347   67.06404  10.6%  27.3 2736s
 1467268 1342600   67.29445   53   32   74.98347   67.06454  10.6%  27.3 2742s
 1470404 1343528   68.04544   88    8   74.98347   67.06494  10.6%  27.3 2746s
 1471441 1346105   67.53918   87   86   74.98347   67.06515  10.6%  27.3 2750s
 1477850 1349726   67.13740   49   62   74.98347   67.06595  10.6%  27.3 2756s
 1478353 1364048   67.15022   59   14   74.98347   67.06602  10.6%  27.3 2771s
 1494204 1364403   67.40653   91   31   74.98347   67.06771  10.6%  27.3 2775s
 1495009 1365213   67.32978   86   22   74.98347   67.06823  10.6%  27.3 2781s
 1495551 1367935   67.18054   78   45   74.98347   67.06835  10.6%  27.3 2785s
 1501820 1372474   67.09012   45   66   74.98347   67.06911  10.6%  27.3 2792s
 1503576 1372968   67.94253   64   64   74.98347   67.06938  10.6%  27.3 2796s
 1507315 1378279   67.07404   72   30   74.98347   67.06992  10.6%  27.3 2802s
 1509983 1378663   67.24322   86   28   74.98347   67.07028  10.6%  27.3 2805s
 1513402 1383800   67.07078   82   28   74.98347   67.07078  10.6%  27.3 2812s
 1516512 1387050   67.96093   46   59   74.98347   67.07136  10.6%  27.3 2818s
 1519567 1390200   67.46240   97   31   74.98347   67.07171  10.6%  27.3 2822s
 1522975 1390526   67.38864   78   53   74.98347   67.07216  10.6%  27.3 2825s
 1525718 1395237   67.90781   39   40   74.98347   67.07252  10.6%  27.3 2830s
 1529020 1398199   67.56187   44   39   74.98347   67.07299  10.5%  27.3 2836s
 1534520 1401026   67.59103   93   38   74.98347   67.07374  10.5%  27.3 2842s
 1534987 1403517   67.95845   83   47   74.98347   67.07393  10.5%  27.3 2845s
 1539789 1406022   67.09696   62   51   74.98347   67.07460  10.5%  27.3 2852s
 1540500 1409107 infeasible   76        74.98347   67.07472  10.5%  27.3 2856s
 1546262 1413029 infeasible   54        74.98347   67.07544  10.5%  27.3 2861s
 1548589 1415932   67.18833   70   33   74.98347   67.07586  10.5%  27.3 2866s
 1553969 1418741   67.16075   57   18   74.98347   67.07656  10.5%  27.3 2871s
 1556889 1423278   67.67763   82   11   74.98347   67.07703  10.5%  27.3 2877s
 1559362 1425678   67.14621   61   38   74.98347   67.07731  10.5%  27.3 2880s
 1562616 1437299   67.13817   50   30   74.98347   67.07778  10.5%  27.3 2896s
 1575414 1440250   67.18599   44   48   74.98347   67.07938  10.5%  27.3 2903s
 1578098 1442769   67.21255   76   30   74.98347   67.07964  10.5%  27.3 2906s
 1581408 1446017   67.11715   75   62   74.98347   67.08022  10.5%  27.3 2912s
 1584499 1447192   67.37186   73   44   74.98347   67.08061  10.5%  27.3 2916s
 1585809 1452129   67.15152   62   18   74.98347   67.08085  10.5%  27.4 2923s
 1591243 1452551   67.13148   64   50   74.98347   67.08152  10.5%  27.4 2928s
 1591723 1455446   67.16536   69   27   74.98347   67.08175  10.5%  27.4 2932s
 1595120 1457923   67.11115   96   18   74.98347   67.08206  10.5%  27.4 2936s
 1598298 1461456   67.15550   69   21   74.98347   67.08256  10.5%  27.4 2943s
 1601686 1464303   67.14317   50   92   74.98347   67.08303  10.5%  27.4 2946s
 1605292 1467747   67.17530   42   79   74.98347   67.08354  10.5%  27.4 2953s
 1608607 1469862   67.11251   73   46   74.98347   67.08390  10.5%  27.4 2956s
 1613390 1472494   67.24965   58   28   74.98347   67.08458  10.5%  27.4 2962s
 1616499 1477055   67.26025   87   90   74.98347   67.08508  10.5%  27.4 2967s
 1618936 1477443   67.39858   80   33   74.98347   67.08539  10.5%  27.4 2970s
 1621911 1482145   67.41266   77   29   74.98347   67.08584  10.5%  27.4 2976s
 1624633 1482552     cutoff   64        74.98347   67.08617  10.5%  27.4 2981s
 1627596 1487147   67.33181   40   53   74.98347   67.08652  10.5%  27.4 2988s
 1630228 1487705   67.89995   70   39   74.98347   67.08688  10.5%  27.4 2991s
 1630860 1491007   67.09731   82   41   74.98347   67.08703  10.5%  27.4 2995s
 1637486 1495842   67.18919   67   34   74.98347   67.08775  10.5%  27.4 3001s
 1640000 1496299 infeasible   63        74.98347   67.08817  10.5%  27.4 3005s
 1643226 1501104   67.09915   58   44   74.98347   67.08861  10.5%  27.4 3012s
 1645917 1501579   67.14282   78   35   74.98347   67.08898  10.5%  27.4 3015s
 1649131 1506510   73.13433   73   78   74.98347   67.08943  10.5%  27.4 3022s
 1652002 1506812 infeasible   52        74.98347   67.08982  10.5%  27.4 3025s
 1655035 1511726   67.48649   37   20   74.98347   67.09041  10.5%  27.4 3031s
 1658369 1514461   67.28895   82   26   74.98347   67.09103  10.5%  27.4 3037s
 1661001 1514922   67.12902   50   47   74.98347   67.09135  10.5%  27.4 3042s
 1661552 1517452   67.53671   92   26   74.98347   67.09150  10.5%  27.5 3046s
 1667224 1520469   67.12372   52   62   74.98347   67.09246  10.5%  27.5 3055s
 1669809 1522990     cutoff   77        74.98347   67.09278  10.5%  27.5 3060s
 1673539 1527254   67.11999   69   52   74.98347   67.09360  10.5%  27.5 3066s
 1675501 1527761   67.25058   51   71   74.98347   67.09387  10.5%  27.5 3070s
 1679105 1532469   67.17834   66   14   74.98347   67.09452  10.5%  27.5 3077s
 1681524 1532935   67.14598   61   41   74.98347   67.09481  10.5%  27.5 3081s
 1682708 1535280 infeasible   81        74.98347   67.09507  10.5%  27.5 3085s
 1687435 1538157   67.11167   61   22   74.98347   67.09593  10.5%  27.5 3092s
 1687975 1540411   67.47742   87   42   74.98347   67.09598  10.5%  27.5 3096s
 1690496 1540962 infeasible   38        74.98347   67.09641  10.5%  27.6 3101s
 1691122 1542086   67.15964   46   44   74.98347   67.09667  10.5%  27.6 3106s
 1692372 1545335   67.29800   36   48   74.98347   67.09682  10.5%  27.6 3113s
 1696064 1545895   67.59439   61   51   74.98347   67.09728  10.5%  27.6 3118s
 1696703 1549382   67.25597   38   67   74.98347   67.09765  10.5%  27.6 3124s
 1700577 1550114   67.41776   53   45   74.98347   67.09830  10.5%  27.6 3130s
 1701433 1553384   67.99351   96   49   74.98347   67.09867  10.5%  27.6 3136s
 1705120 1553971   67.10791   69   32   74.98347   67.09925  10.5%  27.6 3142s
 1705783 1557089   67.11423   86   50   74.98347   67.09943  10.5%  27.7 3147s
 1709313 1559816   67.37775   59   24   74.98347   67.10006  10.5%  27.7 3152s
 1712467 1560286     cutoff   51        74.98347   67.10086  10.5%  27.7 3157s
 1713059 1568724   67.38770   73   70   74.98347   67.10110  10.5%  27.7 3170s
 1723089 1569154   67.55075   66   31   74.98347   67.10293  10.5%  27.7 3175s
 1723665 1569682   67.35186   66   47   74.98347   67.10337  10.5%  27.8 3182s
 1724364 1570270   67.19816   59   53   74.98347   67.10361  10.5%  27.8 3186s
 1725115 1573244   67.34477   62   62   74.98347   67.10405  10.5%  27.8 3191s
 1728648 1574333 infeasible   55        74.98347   67.10486  10.5%  27.8 3195s
 1729989 1574972   68.06381   65   70   74.98347   67.10544  10.5%  27.8 3202s
 1730798 1577933     cutoff   26        74.98347   67.10566  10.5%  27.8 3207s
 1734387 1579955 infeasible   73        74.98347   67.10649  10.5%  27.8 3211s
 1736793 1580335   67.31170   61   45   74.98347   67.10719  10.5%  27.9 3215s

Gurobi 9.5.2 (linux64) logging started Sun Aug 16 10:59:12 2026

Set parameter LogFile to value "/mnt/beegfs/users/celinep/ChargeAndBreak/logs/oracle_RmediumCfewTtight_11__nosplit_gurobi.log"
Gurobi Optimizer version 9.5.2 build v9.5.2rc0 (linux64)
Thread count: 16 physical cores, 32 logical processors, using up to 32 threads
Optimize a model with 5689 rows, 2788 columns and 60556 nonzeros
Model fingerprint: 0xa87b1288
Variable types: 1891 continuous, 897 integer (897 binary)
Coefficient statistics:
  Matrix range     [3e-02, 1e+03]
  Objective range  [5e-01, 1e+00]
  Bounds range     [1e+00, 4e+01]
  RHS range        [2e-01, 5e+02]

User MIP start produced solution with objective 77.5268 (0.01s)
Loaded user MIP start with objective 77.5268

Presolve removed 2340 rows and 706 columns
Presolve time: 0.15s
Presolved: 3349 rows, 2082 columns, 49083 nonzeros
Variable types: 1438 continuous, 644 integer (644 binary)
Found heuristic solution: objective 77.0268362
Root relaxation presolve removed 91 rows and 70 columns
Root relaxation presolved: 3258 rows, 2012 columns, 43057 nonzeros


Root relaxation: objective 6.407278e+01, 2359 iterations, 0.15 seconds (0.27 work units)

    Nodes    |    Current Node    |     Objective Bounds      |     Work
 Expl Unexpl |  Obj  Depth IntInf | Incumbent    BestBd   Gap | It/Node Time

     0     0   64.07278    0  125   77.02684   64.07278  16.8%     -    0s
H    0     0                      76.5215702   64.07278  16.3%     -    0s
     0     0   64.92295    0  120   76.52157   64.92295  15.2%     -    0s
     0     0   65.19476    0  136   76.52157   65.19476  14.8%     -    1s
     0     0   65.22767    0  132   76.52157   65.22767  14.8%     -    1s
     0     0   65.24127    0  152   76.52157   65.24127  14.7%     -    1s
     0     0   65.24827    0  153   76.52157   65.24827  14.7%     -    1s
     0     0   65.24947    0  147   76.52157   65.24947  14.7%     -    1s
     0     0   65.37376    0  154   76.52157   65.37376  14.6%     -    1s
     0     0   65.40037    0  149   76.52157   65.40037  14.5%     -    1s
     0     0   65.40261    0  169   76.52157   65.40261  14.5%     -    1s
     0     0   65.40264    0  171   76.52157   65.40264  14.5%     -    1s
     0     0   65.43477    0  180   76.52157   65.43477  14.5%     -    1s
     0     0   65.44182    0  193   76.52157   65.44182  14.5%     -    1s
     0     0   65.44350    0  206   76.52157   65.44350  14.5%     -    1s
     0     0   65.44355    0  208   76.52157   65.44355  14.5%     -    1s
     0     0   65.46015    0  176   76.52157   65.46015  14.5%     -    2s
     0     0   65.46548    0  168   76.52157   65.46548  14.4%     -    2s
     0     0   65.46684    0  170   76.52157   65.46684  14.4%     -    2s
     0     0   65.46686    0  186   76.52157   65.46686  14.4%     -    2s
     0     0   65.49479    0  192   76.52157   65.49479  14.4%     -    2s
     0     0   65.50477    0  184   76.52157   65.50477  14.4%     -    2s
     0     0   65.50655    0  174   76.52157   65.50655  14.4%     -    2s
     0     0   65.50855    0  170   76.52157   65.50855  14.4%     -    2s
     0     0   65.50885    0  195   76.52157   65.50885  14.4%     -    2s
     0     0   65.54427    0  198   76.52157   65.54427  14.3%     -    2s
H    0     0                      75.1954888   65.54427  12.8%     -    2s
     0     0   65.54619    0  198   75.19549   65.54619  12.8%     -    2s
     0     0   65.54679    0  195   75.19549   65.54679  12.8%     -    2s
     0     0   65.55411    0  211   75.19549   65.55411  12.8%     -    3s
     0     0   65.55546    0  206   75.19549   65.55546  12.8%     -    3s
     0     0   65.55559    0  207   75.19549   65.55559  12.8%     -    3s
     0     0   65.60633    0  208   75.19549   65.60633  12.8%     -    3s
     0     0   65.60678    0  187   75.19549   65.60678  12.8%     -    3s
     0     0   65.60678    0  220   75.19549   65.60678  12.8%     -    3s
     0     0   65.63929    0  200   75.19549   65.63929  12.7%     -    3s
     0     0   65.64183    0  161   75.19549   65.64183  12.7%     -    4s
     0     2   65.64183    0  157   75.19549   65.64183  12.7%     -    4s
    31    42   65.93278    5  149   75.19549   65.78894  12.5%   141    5s
H   81    90                      75.1883365   65.96652  12.3%   119    6s
H  137   146                      75.1050032   65.96789  12.2%   104    6s
H  288   295                      74.9834762   65.97897  12.0%  91.4    8s
   614   621   74.81383   47  128   74.98348   66.05563  11.9%  87.6   10s
  2082  1830   74.66498   24  161   74.98348   66.41943  11.4%  75.2   16s
  2089  1835   67.72078   57   47   74.98348   66.41943  11.4%  75.0   21s
  2094  1842   66.41943   13   97   74.98348   66.41943  11.4%  81.4   25s
  2831  2315   74.84750   60   96   74.98348   66.41943  11.4%  93.1   30s
  3027  2427   74.93613   63  117   74.98348   66.41943  11.4%  94.9   36s
  3136  2525   74.88237   55   98   74.98348   66.41943  11.4%  95.6   40s
  3827  2802     cutoff   60        74.98348   66.41943  11.4%  90.0   45s
  3910  2846 infeasible   22        74.98348   66.41943  11.4%  90.9   51s
  5764  3909     cutoff   45        74.98348   66.41943  11.4%  74.9   56s
  7237  4788     cutoff   64        74.98348   66.41943  11.4%  67.7   60s
  8696  5975   66.41943   83  128   74.98348   66.41943  11.4%  62.6   67s
  8754  6020   66.41943   84  117   74.98348   66.41943  11.4%  62.9   71s
 10544  7720   66.41943   48  129   74.98348   66.41943  11.4%  57.0   75s
 11909  9671     cutoff   59        74.98348   66.41943  11.4%  54.4   80s
 13621 10493   66.93659   26  169   74.98348   66.41943  11.4%  50.6   89s
 13694 11473     cutoff   61        74.98348   66.41943  11.4%  50.7   90s
 16388 13224   66.43608   40   91   74.98348   66.41943  11.4%  46.5   96s
 17757 14225     cutoff   51        74.98348   66.41943  11.4%  45.1  100s
 19037 15622   66.80968   35  111   74.98348   66.41943  11.4%  44.2  106s
 20665 18463   66.47268  108   67   74.98348   66.41943  11.4%  42.6  111s
 22488 20062   66.46505   63   55   74.98348   66.41943  11.4%  41.3  115s
 26106 22173   66.73889   59  119   74.98348   66.41943  11.4%  39.3  121s
 26836 23963   66.42517   52   93   74.98348   66.41943  11.4%  39.0  125s
 30017 26803   66.50677   41  114   74.98348   66.41943  11.4%  38.1  130s
 34082 29281   66.83454   64   74   74.98348   66.41943  11.4%  37.0  137s
 35879 32220   66.42831   76   84   74.98348   66.41943  11.4%  37.0  141s
 39551 35916   66.73641   22  135   74.98348   66.42280  11.4%  36.2  145s
 41507 36174   66.56367   48  114   74.98348   66.42637  11.4%  35.9  154s
 41799 50795   66.45484   47   94   74.98348   66.42998  11.4%  36.0  181s
 57815 50835   67.13052   66  103   74.98348   66.44839  11.4%  34.0  187s
 57886 51042   66.60524   61   58   74.98348   66.45341  11.4%  34.1  192s
 58137 51256   66.94643   68  121   74.98348   66.45647  11.4%  34.1  200s
 58388 51445   67.29886   60  112   74.98348   66.45950  11.4%  34.2  206s
 60776 53816   66.75482   66  103   74.98348   66.46605  11.4%  34.1  211s
 63855 59306     cutoff   19        74.98348   66.47608  11.3%  33.8  217s
 67173 60008   66.55249   59   69   74.98348   66.48267  11.3%  33.5  220s
 71731 64813     cutoff   65        74.98348   66.49537  11.3%  33.4  226s
 73138 65000   67.04226   35   76   74.98348   66.50011  11.3%  33.3  230s
 75699 68857   66.51892   35  102   74.98348   66.50675  11.3%  33.2  235s
 77852 71349   66.59184   59   79   74.98348   66.51225  11.3%  33.1  241s
 82146 74924   66.61560   50  128   74.98348   66.52150  11.3%  32.8  245s
 85323 77210   66.59476   84   61   74.98348   66.52716  11.3%  32.7  254s
 86669 80954   66.56196   30   99   74.98348   66.52943  11.3%  32.7  259s
 90752 82444   66.58519   76  102   74.98348   66.53509  11.3%  32.5  261s
 92683 84714   66.79191   73   44   74.98348   66.54573  11.3%  32.6  266s
 97076 88874   66.61643   82   33   74.98348   66.55276  11.2%  32.4  271s
 99815 90822   66.64549   77   53   74.98348   66.56000  11.2%  32.3  276s
 103800 93140   66.86713   70   71   74.98348   66.56555  11.2%  32.1  280s
 106495 98236   66.71028   82   30   74.98348   66.57246  11.2%  32.0  286s
 111011 99775   66.74008   82   94   74.98348   66.58044  11.2%  31.8  291s
 113722 102848 infeasible   77        74.98348   66.58613  11.2%  31.8  296s
 115278 105135   66.64508   64   75   74.98348   66.59120  11.2%  31.8  301s
 118752 106599     cutoff   41        74.98348   66.59661  11.2%  31.7  306s
 121571 109093   66.64189   54   96   74.98348   66.60136  11.2%  31.6  310s
 126695 113811   66.70640   46   76   74.98348   66.60971  11.2%  31.4  316s
 127023 116340   66.68472   39   90   74.98348   66.61129  11.2%  31.5  320s
 130425 119438   66.74663   23  187   74.98348   66.61581  11.2%  31.5  325s
 133556 121726   66.80485   65   37   74.98348   66.62122  11.2%  31.4  331s
 137421 123503   73.20101   85   26   74.98348   66.62576  11.1%  31.3  336s
 139957 127760   66.89391   79   75   74.98348   66.63154  11.1%  31.2  341s
 142628 130039   66.67946   74   51   74.98348   66.63599  11.1%  31.1  346s
 146669 131979   66.71168   56   70   74.98348   66.64176  11.1%  31.0  352s
 149254 137267   66.71591   40   80   74.98348   66.64593  11.1%  30.9  358s
 152682 137415   66.85474   84   25   74.98348   66.64927  11.1%  30.8  360s
 153318 140173   66.72480   72   55   74.98348   66.65222  11.1%  30.9  366s
H156201 141364                      74.9834754   66.65513  11.1%  30.8  369s
 157324 141647   66.89239   68   31   74.98348   66.65747  11.1%  30.7  370s
 160035 145593   66.72551   65   41   74.98348   66.66137  11.1%  30.7  375s
 164232 148090   67.14894   76   25   74.98348   66.66613  11.1%  30.6  381s
 165488 151073   66.68054   54  168   74.98348   66.66941  11.1%  30.7  385s
 169918 153152   66.86769   90   45   74.98348   66.67410  11.1%  30.6  392s
 170238 167768   66.85943   53   76   74.98348   66.67532  11.1%  30.6  408s
 186254 167959   66.79503   82   39   74.98348   66.68853  11.1%  30.1  410s
 187022 168842   66.97935   82   24   74.98348   66.69271  11.1%  30.2  416s
 189125 172707   66.71255   82   36   74.98348   66.69489  11.1%  30.2  421s
 191685 173265   66.70104   59   48   74.98348   66.69758  11.1%  30.2  426s
 192290 184364   66.80998   67   59   74.98348   66.69883  11.0%  30.2  436s
 204747 184888   67.09923   67   39   74.98348   66.70937  11.0%  29.9  441s
 207313 188729   66.81356   83   11   74.98348   66.71282  11.0%  29.9  445s
 209638 191130   67.04265   59  102   74.98348   66.71592  11.0%  29.9  452s
 214217 193624   67.08594   66   37   74.98348   66.71910  11.0%  29.8  458s
 214714 205816   66.77062   30  165   74.98348   66.72024  11.0%  29.9  470s
 228100 206279   67.02568   80   21   74.98348   66.73046  11.0%  29.7  475s
 231190 211101   67.13925   78   63   74.98348   66.73418  11.0%  29.7  481s
 235719 216390   66.80833   45   76   74.98348   66.73764  11.0%  29.6  486s
 239724 218628   66.80252   56   86   74.98348   66.74153  11.0%  29.5  490s
 244294 221398   66.78474   61   63   74.98348   66.74446  11.0%  29.5  496s
 247040 225637 infeasible   66        74.98348   66.74619  11.0%  29.5  500s
 249774 228291   66.77534   67   67   74.98348   66.74857  11.0%  29.4  506s
 254747 230675   66.97957   72   29   74.98348   66.75124  11.0%  29.3  510s
 256969 235865   67.29774   74   61   74.98348   66.75303  11.0%  29.3  515s
 261111 238571   66.94020   70   67   74.98348   66.75621  11.0%  29.3  521s
 265558 240658   66.84939   34   87   74.98348   66.75896  11.0%  29.2  526s
 268683 243814 infeasible   22        74.98348   66.76113  11.0%  29.2  530s
 271957 248263   66.95631   82   13   74.98348   66.76344  11.0%  29.1  535s
 276945 252363 infeasible   69        74.98348   66.76700  11.0%  29.1  541s
 278618 254541   66.83962   88   14   74.98348   66.76800  11.0%  29.0  545s
 281456 258309   67.00386   56   48   74.98348   66.77042  11.0%  29.0  551s
 286656 260652 infeasible   92        74.98348   66.77353  10.9%  29.0  557s
 290878 263898   66.88495   55   48   74.98348   66.77646  10.9%  28.9  562s
 294327 269067   66.97053   56   86   74.98348   66.77934  10.9%  28.9  567s
 297984 272707   66.86499   73   24   74.98348   66.78154  10.9%  28.9  571s
 301527 284002   66.91845   51   14   74.98348   66.78416  10.9%  28.8  585s
 313465 284661   66.86861   51   28   74.98348   66.79069  10.9%  28.7  590s
 316629 288700   66.89228   60   77   74.98348   66.79290  10.9%  28.6  595s
 320756 291472 infeasible   89        74.98348   66.79515  10.9%  28.6  600s
 324175 297645   66.88123   72   45   74.98348   66.79731  10.9%  28.5  606s
 328204 300146   66.90553   68   44   74.98348   66.79977  10.9%  28.5  610s
 333088 304836   66.89823   52   53   74.98348   66.80285  10.9%  28.5  616s
 338194 307433   66.87489   66   48   74.98348   66.80554  10.9%  28.4  620s
 341503 312650   66.91382   85   57   74.98348   66.80781  10.9%  28.4  627s
 344756 316521   66.94900   67   50   74.98348   66.80939  10.9%  28.4  632s
 348429 318169   67.50257   66   20   74.98348   66.81119  10.9%  28.3  635s
 353226 323266   67.50730   53   53   74.98348   66.81375  10.9%  28.3  641s
H355962 324094                      74.9834746   66.81522  10.9%  28.3  643s
 356666 326411   67.12021   71   50   74.98347   66.81587  10.9%  28.3  646s
 359591 329051   67.65868   85   65   74.98347   66.81748  10.9%  28.3  650s
 364540 331846   66.90064   32   52   74.98347   66.81982  10.9%  28.2  656s
 365978 336377   66.92654   81   22   74.98347   66.82052  10.9%  28.2  663s
 369960 338133   66.87167   58   85   74.98347   66.82246  10.9%  28.2  665s
 372196 340596 infeasible   94        74.98347   66.82392  10.9%  28.2  670s
 377694 346105   66.89597   66   39   74.98347   66.82636  10.9%  28.1  676s
 381033 349109   66.85707   81   16   74.98347   66.82823  10.9%  28.1  680s
 386579 352295   66.93166   76   13   74.98347   66.83018  10.9%  28.0  687s
 387258 365265   67.05322   67   28   74.98347   66.83099  10.9%  28.1  700s
 401666 366096   67.10101   76   19   74.98347   66.83682  10.9%  27.9  706s
 405427 371800   67.70081   64   11   74.98347   66.83880  10.9%  27.9  711s
 408368 372338 infeasible   79        74.98347   66.83997  10.9%  27.9  717s
 408994 387007   66.95611   70   54   74.98347   66.84024  10.9%  27.9  731s
 425458 387744   73.86915   91   39   74.98347   66.84524  10.9%  27.8  738s
 425836 390124 infeasible   32        74.98347   66.84593  10.9%  27.8  741s
 431013 396193   66.86037   54   26   74.98347   66.84800  10.8%  27.8  748s
 435021 396611   66.88224   47   48   74.98347   66.84926  10.8%  27.7  750s
 438522 400654   66.95714   54   51   74.98347   66.85078  10.8%  27.7  756s
 442955 404040   66.85996   60   34   74.98347   66.85252  10.8%  27.7  761s
 446692 409469   67.73620   89   19   74.98347   66.85370  10.8%  27.7  767s
 449813 412378   66.92170   69   34   74.98347   66.85511  10.8%  27.7  772s
 452528 416505   67.02971   89   18   74.98347   66.85603  10.8%  27.7  776s
 457515 419226   66.85879   39   89   74.98347   66.85780  10.8%  27.6  781s
 462820 424419   66.87486   55   23   74.98347   66.85946  10.8%  27.6  786s
 466012 427361   66.86692   70   20   74.98347   66.86056  10.8%  27.6  791s
 471343 430711   66.93958   64   46   74.98347   66.86220  10.8%  27.5  796s
 474020 432748   66.87945   67   22   74.98347   66.86327  10.8%  27.5  802s
 474704 446360   67.34479   65   21   74.98347   66.86391  10.8%  27.6  815s
 489987 449132   67.00436   88   31   74.98347   66.86842  10.8%  27.5  822s
 492957 452220   66.94790   87   21   74.98347   66.86958  10.8%  27.5  826s
 495999 456299   66.90269   54   33   74.98347   66.87055  10.8%  27.4  831s
 500860 459355   67.55333   87   37   74.98347   66.87208  10.8%  27.4  836s
 506283 462076   66.89405   67   43   74.98347   66.87366  10.8%  27.4  840s
 509309 467185   67.19127   70   37   74.98347   66.87482  10.8%  27.4  845s
 512688 470111   66.97901   93   22   74.98347   66.87606  10.8%  27.4  850s
 517859 474553   67.15534   60   17   74.98347   66.87746  10.8%  27.3  856s
 520123 475772   66.94498   89   65   74.98347   66.87830  10.8%  27.3  860s
 521506 480962   67.11384   81   22   74.98347   66.87897  10.8%  27.4  865s
 527586 484826   67.10471   75   17   74.98347   66.88083  10.8%  27.3  872s
 531250 487912   67.38478   56   40   74.98347   66.88173  10.8%  27.3  875s
 537313 490925   66.91629   61   66   74.98347   66.88336  10.8%  27.3  880s
 540713 497564   67.18205   86   27   74.98347   66.88441  10.8%  27.3  888s
 544915 497915   66.96474   74   77   74.98347   66.88533  10.8%  27.2  890s
 547984 503013   67.42570   71   42   74.98347   66.88641  10.8%  27.2  895s
 553354 505785   66.94286   87   44   74.98347   66.88803  10.8%  27.2  900s
 557800 510887   67.15167   99   48   74.98347   66.88934  10.8%  27.2  905s
 562257 516560   66.92669   61   61   74.98347   66.89105  10.8%  27.2  914s
 565535 517021   66.91485   41   57   74.98347   66.89194  10.8%  27.2  916s
 569652 523240   66.94846   76   50   74.98347   66.89314  10.8%  27.2  922s
 572781 523598   67.40287   91   37   74.98347   66.89398  10.8%  27.1  925s
 576052 529226   67.08020   70   53   74.98347   66.89509  10.8%  27.1  930s
 579682 532366   66.96579   79   33   74.98347   66.89620  10.8%  27.1  937s
 585413 535399   66.99831   70   18   74.98347   66.89752  10.8%  27.1  943s
 586023 549857   67.08167   71    8   74.98347   66.89787  10.8%  27.1  957s
 601537 550296   67.06454   56   23   74.98347   66.90156  10.8%  27.0  960s
 602544 553559 infeasible   87        74.98347   66.90234  10.8%  27.0  965s
 608332 556873   66.90408   68   41   74.98347   66.90408  10.8%  27.0  972s
 609235 566752   67.04027   80   18   74.98347   66.90454  10.8%  27.0  981s
 620415 570069   67.22097   51   41   74.98347   66.90754  10.8%  27.0  987s
 623472 572808   67.25970   78   31   74.98347   66.90840  10.8%  27.0  990s
 628982 575720   66.94402   58   28   74.98347   66.90957  10.8%  26.9  996s
 629609 588781   66.92881   55   28   74.98347   66.90995  10.8%  26.9 1011s
 643670 589205   67.17804   91   34   74.98347   66.91259  10.8%  26.9 1015s
 646353 591690   67.18236   33   82   74.98347   66.91360  10.8%  26.9 1021s
 650273 598511   67.09360   93   45   74.98347   66.91449  10.8%  26.9 1028s
 654250 598846   66.93063   51   30   74.98347   66.91531  10.8%  26.8 1031s
 657553 603971 infeasible   27        74.98347   66.91610  10.8%  26.8 1036s
 660986 607148   67.20317   70   51   74.98347   66.91724  10.8%  26.8 1040s
 666382 610214   67.18074   88   59   74.98347   66.91835  10.8%  26.8 1045s
 669801 615392   66.97154   69   62   74.98347   66.91951  10.8%  26.8 1050s
 676555 619514   67.15081   64   55   74.98347   66.92085  10.8%  26.8 1057s
 677025 622000   67.49301   51   23   74.98347   66.92114  10.8%  26.8 1060s
 682693 625145   67.00280   65   15   74.98347   66.92228  10.8%  26.8 1065s
 685963 630479 infeasible   79        74.98347   66.92317  10.7%  26.7 1070s
 689414 633566   67.22045   89   37   74.98347   66.92405  10.7%  26.7 1075s
 694885 636760   66.98209   78   17   74.98347   66.92512  10.7%  26.7 1081s
 695613 649232   66.92537   90   29   74.98347   66.92537  10.7%  26.7 1091s
 709626 652275   66.98420   44   55   74.98347   66.92811  10.7%  26.7 1096s
 714949 655092 infeasible   64        74.98347   66.92941  10.7%  26.6 1100s
 719223 660922 infeasible   68        74.98347   66.93035  10.7%  26.6 1106s
 722184 663792   67.23578   59   66   74.98347   66.93116  10.7%  26.6 1110s
 729841 668885   67.26239   59   21   74.98347   66.93266  10.7%  26.6 1116s
 733045 673915   66.94261   58   56   74.98347   66.93338  10.7%  26.6 1121s
 738250 676748   67.21744   84   23   74.98347   66.93450  10.7%  26.6 1127s
 738748 691551   67.32713   78   30   74.98347   66.93483  10.7%  26.6 1142s
 754764 692019   67.50100   79   16   74.98347   66.93774  10.7%  26.6 1146s
 756056 695733   67.09324   68   23   74.98347   66.93822  10.7%  26.6 1152s
 759343 699433   67.19797   50   27   74.98347   66.93880  10.7%  26.6 1156s
 763771 702296   67.18477   56   64   74.98347   66.93987  10.7%  26.5 1161s
 766875 705388   67.31884   73   32   74.98347   66.94059  10.7%  26.5 1166s
 772391 710380   67.04582   65   29   74.98347   66.94167  10.7%  26.5 1172s
 775600 713539   67.22451   62   49   74.98347   66.94263  10.7%  26.5 1177s
 778565 715723   67.00403   60   88   74.98347   66.94326  10.7%  26.5 1180s
 784999 719901   67.04088   64   63   74.98347   66.94462  10.7%  26.5 1186s
 787856 722957   67.15387   68   37   74.98347   66.94533  10.7%  26.5 1190s
 790374 727293   66.96741   36   88   74.98347   66.94603  10.7%  26.5 1196s
 794035 730379   66.99957   39   39   74.98347   66.94684  10.7%  26.5 1202s
 796911 733209   66.98746   86   48   74.98347   66.94749  10.7%  26.5 1205s
 800440 736233   67.13732   61   17   74.98347   66.94824  10.7%  26.5 1211s
 803232 739926   67.10334   87   18   74.98347   66.94883  10.7%  26.5 1215s
 809564 743917   67.03629   63   45   74.98347   66.95031  10.7%  26.5 1222s
 811607 746403   67.03249   69   31   74.98347   66.95067  10.7%  26.5 1225s
 817076 749469   67.50803   85   31   74.98347   66.95186  10.7%  26.5 1231s
 820656 752633   66.95289   67   20   74.98347   66.95289  10.7%  26.5 1235s
 824035 758671   67.04297   63   52   74.98347   66.95360  10.7%  26.5 1242s
 829700 760985   66.96347   74   26   74.98347   66.95464  10.7%  26.5 1247s
 830231 763286   67.03891   54   11   74.98347   66.95497  10.7%  26.5 1250s
 833236 766321   67.04669   64   33   74.98347   66.95578  10.7%  26.5 1255s
 838444 770804   67.21652   93   43   74.98347   66.95684  10.7%  26.5 1261s
 841134 771167   67.00675   44   83   74.98347   66.95744  10.7%  26.5 1265s
 844584 776712   67.32516   60   38   74.98347   66.95812  10.7%  26.5 1272s
 847677 777330   67.42705   58   41   74.98347   66.95893  10.7%  26.5 1276s
 851970 782734   66.95984   65   38   74.98347   66.95984  10.7%  26.5 1282s
 854350 783108   66.96926   56   77   74.98347   66.96034  10.7%  26.5 1285s
 857923 788650   67.08313   62   40   74.98347   66.96120  10.7%  26.5 1290s
 861265 791440   67.02909   58   83   74.98347   66.96211  10.7%  26.5 1297s
 866840 794609   67.08244   88   75   74.98347   66.96301  10.7%  26.6 1305s
H867297 794609                      74.9834746   66.96335  10.7%  26.6 1306s
 867349 808724     cutoff   75        74.98347   66.96343  10.7%  26.6 1321s
 883261 809138   66.98178   37   52   74.98347   66.96654  10.7%  26.6 1325s
 883939 812873   67.06688   83   34   74.98347   66.96697  10.7%  26.6 1331s
 887855 827890   66.99285   68   44   74.98347   66.96777  10.7%  26.6 1349s
 888856 827890   67.06391   67   59   74.98347   66.96777  10.7%  26.6 1350s
 904175 828721   67.03492   72   64   74.98347   66.97065  10.7%  26.6 1356s
 907389 831853   67.13399   55   12   74.98347   66.97136  10.7%  26.6 1361s
 908168 834849   67.37854   60   47   74.98347   66.97168  10.7%  26.6 1366s
 913806 837454   67.88790   90   17   74.98347   66.97268  10.7%  26.6 1372s
 914292 840022   67.22727   80   47   74.98347   66.97291  10.7%  26.6 1375s
 919390 844580   67.02591   83   12   74.98347   66.97382  10.7%  26.6 1380s
 922547 847678   67.04785   69   86   74.98347   66.97459  10.7%  26.7 1386s
 928068 850473   66.98498   65   71   74.98347   66.97552  10.7%  26.7 1391s
 931471 856303   67.10019   54   38   74.98347   66.97635  10.7%  26.7 1398s
 934845 857069 infeasible   69        74.98347   66.97695  10.7%  26.7 1400s
 938570 860047   67.04333   59   34   74.98347   66.97757  10.7%  26.7 1407s
 939013 862753   67.00476   69   25   74.98347   66.97780  10.7%  26.7 1410s
 944927 865787   67.07145   92   28   74.98347   66.97868  10.7%  26.7 1415s
 948288 871135   67.84949   65    4   74.98347   66.97946  10.7%  26.7 1421s
 951820 874082   67.12621   59   25   74.98347   66.98029  10.7%  26.7 1427s
 954550 877165   67.19881   89   35   74.98347   66.98084  10.7%  26.7 1431s
 958285 880120   67.17225   84   13   74.98347   66.98156  10.7%  26.7 1436s
 963834 883051   67.03495   62   31   74.98347   66.98249  10.7%  26.7 1444s
 964393 885640   67.08632   74   28   74.98347   66.98278  10.7%  26.7 1447s
 967221 888056   66.99953   52   43   74.98347   66.98327  10.7%  26.7 1450s
 970390 890836   67.26935   73    3   74.98347   66.98401  10.7%  26.7 1455s
 975861 893891   67.22965   67   39   74.98347   66.98504  10.7%  26.7 1462s
 976367 908449     cutoff  100        74.98347   66.98520  10.7%  26.8 1476s
 992347 908828   67.06293   76   16   74.98347   66.98772  10.7%  26.7 1480s
 993520 911830   67.09118   62   81   74.98347   66.98821  10.7%  26.8 1485s
 998844 914859   67.25304   82   21   74.98347   66.98921  10.7%  26.8 1492s
 999533 925270   67.19643   82   28   74.98347   66.98948  10.7%  26.8 1503s
 1010936 925695   67.01471   55   36   74.98347   66.99117  10.7%  26.8 1506s
 1014209 928817   66.99202   54   44   74.98347   66.99202  10.7%  26.8 1513s
 1014875 931223   67.21875   84    5   74.98347   66.99247  10.7%  26.8 1516s
 1019399 933531   67.07725   73   35   74.98347   66.99302  10.7%  26.8 1520s
 1020625 947793   67.27262   88   22   74.98347   66.99355  10.7%  26.8 1537s
 1035635 948119   67.75922   34   76   74.98347   66.99567  10.7%  26.8 1541s
 1036585 949328   67.10012   55   41   74.98347   66.99620  10.7%  26.8 1546s
 1040626 952861   67.16909   92   34   74.98347   66.99703  10.7%  26.8 1553s
 1041335 961844   67.03155   51   22   74.98347   66.99726  10.7%  26.8 1565s
 1051663 965137   66.99922   69   47   74.98347   66.99899  10.6%  26.8 1572s
 1054771 967751   67.17320   81   35   74.98347   66.99961  10.6%  26.8 1575s
 1058074 971197   67.19072   82   33   74.98347   67.00037  10.6%  26.9 1582s
 1061503 974203   67.25288   48   92   74.98347   67.00094  10.6%  26.9 1586s
 1065127 977304   67.07772   73   39   74.98347   67.00154  10.6%  26.9 1592s
 1068120 979594   67.00203   81   34   74.98347   67.00203  10.6%  26.9 1595s
 1070651 979886   69.25358  109  124   74.98347   67.00245  10.6%  26.9 1601s
 1073887 983155   67.08667   75   15   74.98347   67.00305  10.6%  26.9 1606s
 1077478 988223   67.29935   64   38   74.98347   67.00366  10.6%  26.9 1612s
 1080184 991100   67.13010   72   40   74.98347   67.00416  10.6%  26.9 1615s
 1086816 994608   67.37896   72   27   74.98347   67.00521  10.6%  26.9 1621s
 1089520 999129   67.05102   61   24   74.98347   67.00574  10.6%  26.9 1627s
 1092203 999545   67.14428   56   25   74.98347   67.00625  10.6%  26.9 1632s
 1092675 1001037   67.28720   78   26   74.98347   67.00641  10.6%  26.9 1635s
 1097290 1004976 infeasible   86        74.98347   67.00705  10.6%  26.9 1642s
 1098585 1007766   67.14196   57    3   74.98347   67.00763  10.6%  26.9 1645s
 1102128 1011170   67.12538   59   95   74.98347   67.00827  10.6%  26.9 1651s
 1105452 1014174   67.14680   67   22   74.98347   67.00873  10.6%  26.9 1656s
 1109130 1017210   67.23501   57   13   74.98347   67.00950  10.6%  26.9 1661s
 1112025 1019792   67.05078   60   41   74.98347   67.00994  10.6%  26.9 1665s
 1115365 1022676 infeasible   76        74.98347   67.01046  10.6%  27.0 1671s
 1120729 1025570   67.13160   88   70   74.98347   67.01135  10.6%  27.0 1677s
 1124265 1031139   67.01558   62   26   74.98347   67.01180  10.6%  27.0 1683s
 1127236 1033560   67.60593   71   57   74.98347   67.01233  10.6%  27.0 1686s
 1130564 1037612   67.01309   90   34   74.98347   67.01309  10.6%  27.0 1693s
 1134440 1039147   67.28248   59   47   74.98347   67.01366  10.6%  27.0 1697s
 1136940 1042989   67.51101   60   56   74.98347   67.01414  10.6%  27.0 1702s
 1140313 1045708   67.62953   77   42   74.98347   67.01467  10.6%  27.0 1706s
 1143830 1049058   67.04651   49   52   74.98347   67.01533  10.6%  27.0 1712s
 1147013 1051780   67.07580   75   66   74.98347   67.01578  10.6%  27.0 1715s
 1150524 1063480   67.07598   36   74   74.98347   67.01655  10.6%  27.0 1733s
 1162669 1063841   67.12904   72   58   74.98347   67.01819  10.6%  27.0 1736s
 1164073 1067835 infeasible   72        74.98347   67.01877  10.6%  27.0 1742s
 1167505 1070976   67.30044   74   52   74.98347   67.01922  10.6%  27.0 1745s
 1171688 1080478   67.05050   30   23   74.98347   67.01992  10.6%  27.0 1759s
 1181304 1080936   67.33884   77   56   74.98347   67.02123  10.6%  27.1 1762s
 1181848 1083403 infeasible   79        74.98347   67.02154  10.6%  27.1 1765s
 1187516 1086643 infeasible   85        74.98347   67.02251  10.6%  27.1 1771s
 1191057 1091884   67.10568   48   25   74.98347   67.02310  10.6%  27.1 1777s
 1193915 1094755   67.05821   77   54   74.98347   67.02352  10.6%  27.1 1781s
 1197512 1096729   67.20756   59   72   74.98347   67.02416  10.6%  27.1 1787s
 1199244 1099715   67.86214  100   22   74.98347   67.02443  10.6%  27.1 1791s
 1203063 1103559   67.05391   87   29   74.98347   67.02512  10.6%  27.1 1797s
 1206674 1106284   67.28206   71   24   74.98347   67.02564  10.6%  27.1 1800s
 1212088 1108940   67.10969   63   23   74.98347   67.02658  10.6%  27.1 1808s
 1212561 1111569   67.32503   44   47   74.98347   67.02671  10.6%  27.1 1811s
 1215372 1114465   67.27605   41   57   74.98347   67.02711  10.6%  27.1 1815s
 1220082 1116338   67.04182   45   58   74.98347   67.02793  10.6%  27.1 1820s
 1223908 1122102   67.45818   73   11   74.98347   67.02864  10.6%  27.1 1826s
 1229276 1124657 infeasible   72        74.98347   67.02927  10.6%  27.1 1831s
 1229787 1127347   67.38711   70   39   74.98347   67.02962  10.6%  27.1 1835s
 1235430 1132395   67.07682   50   38   74.98347   67.03037  10.6%  27.1 1840s
 1238840 1144786   67.18190   75   41   74.98347   67.03088  10.6%  27.1 1857s
 1251696 1145336   67.05349   55   61   74.98347   67.03223  10.6%  27.2 1861s
 1255352 1148650   67.04762   62   44   74.98347   67.03319  10.6%  27.2 1867s
 1256027 1151167   67.32611   91   34   74.98347   67.03334  10.6%  27.2 1870s
 1262011 1155120   67.15947   51  113   74.98347   67.03425  10.6%  27.2 1876s
 1263671 1158712   68.69508   55   68   74.98347   67.03474  10.6%  27.2 1882s
 1267070 1161113   67.34056   73   37   74.98347   67.03509  10.6%  27.2 1885s
 1272774 1164397 infeasible   74        74.98347   67.03610  10.6%  27.2 1891s
 1276151 1169070   67.06559   55   52   74.98347   67.03661  10.6%  27.2 1896s
 1281553 1172357   67.12919   53   35   74.98347   67.03741  10.6%  27.2 1904s
 1282070 1186217   67.24786   75   29   74.98347   67.03756  10.6%  27.2 1919s
 1297411 1186695   67.09801   61   51   74.98347   67.03916  10.6%  27.2 1923s
 1297976 1187178   67.04292   57   50   74.98347   67.03957  10.6%  27.2 1925s
 1301370 1192887   67.13087   67   55   74.98347   67.04021  10.6%  27.2 1932s
 1304697 1195659   67.04058   63   28   74.98347   67.04058  10.6%  27.2 1936s
 1308185 1197744   67.08859   56   65   74.98347   67.04121  10.6%  27.2 1943s
 1309938 1201100   67.24661   98   25   74.98347   67.04140  10.6%  27.2 1947s
 1313572 1201576 infeasible   92        74.98347   67.04196  10.6%  27.2 1950s
 1317321 1207352   67.20578   65   10   74.98347   67.04268  10.6%  27.2 1957s
 1320429 1207809   67.17881   67   30   74.98347   67.04316  10.6%  27.2 1960s
 1324216 1213676   67.04884   70   34   74.98347   67.04386  10.6%  27.2 1967s
 1327450 1214643   67.39297   82   20   74.98347   67.04451  10.6%  27.2 1971s
 1328495 1221642   67.10672   62   65   74.98347   67.04467  10.6%  27.2 1979s
 1336143 1223780   67.07742   73   25   74.98347   67.04557  10.6%  27.2 1983s
 1338491 1224174 infeasible   73        74.98347   67.04597  10.6%  27.2 1985s
 1342055 1229877   67.09104   61   35   74.98347   67.04650  10.6%  27.2 1992s
 1345218 1232213   67.24146   82   37   74.98347   67.04697  10.6%  27.2 1995s
 1347801 1232756   67.08468   51   69   74.98347   67.04735  10.6%  27.2 2000s
 1351752 1237927   67.13835   56   48   74.98347   67.04791  10.6%  27.2 2006s
 1356247 1240374   67.43431   33  161   74.98347   67.04865  10.6%  27.2 2012s
 1359528 1245486   67.49938   83   17   74.98347   67.04905  10.6%  27.2 2016s
 1364198 1247611   67.18782   67   27   74.98347   67.04981  10.6%  27.2 2022s
 1364617 1249925   67.91955   90   54   74.98347   67.05000  10.6%  27.2 2025s
 1369987 1252805   67.07996   97   46   74.98347   67.05071  10.6%  27.2 2031s
 1370424 1267121   67.22877   76   51   74.98347   67.05090  10.6%  27.2 2049s
 1386440 1267579   67.32322   73   41   74.98347   67.05270  10.6%  27.2 2052s
 1386989 1268027   67.11624   67   23   74.98347   67.05313  10.6%  27.2 2055s
 1390351 1270980   67.21416   37   46   74.98347   67.05376  10.6%  27.2 2061s
 1393816 1274143   67.42277   72   22   74.98347   67.05399  10.6%  27.2 2065s
 1398763 1279901   67.09738   88   17   74.98347   67.05492  10.6%  27.2 2072s
 1403282 1282333   67.25513   53   47   74.98347   67.05553  10.6%  27.2 2077s
 1406091 1286994   67.07227   67   59   74.98347   67.05602  10.6%  27.2 2082s
 1409329 1289952   67.38277   59   55   74.98347   67.05647  10.6%  27.2 2087s
 1412058 1292958   67.10425   37   42   74.98347   67.05680  10.6%  27.2 2092s
 1417674 1295409   67.12933   80   38   74.98347   67.05756  10.6%  27.2 2098s
 1418124 1297660 infeasible   89        74.98347   67.05778  10.6%  27.3 2101s
 1423075 1300263   67.19330   52   70   74.98347   67.05837  10.6%  27.2 2108s
 1423539 1302913     cutoff   63        74.98347   67.05851  10.6%  27.3 2112s
 1427950 1305363   67.21927   63   55   74.98347   67.05897  10.6%  27.3 2115s
 1429655 1308274   67.65446   92   12   74.98347   67.05941  10.6%  27.3 2120s
 1435151 1313755   67.06005   71   31   74.98347   67.06005  10.6%  27.3 2128s
 1438354 1314185   68.02757   91   46   74.98347   67.06040  10.6%  27.3 2130s
 1441930 1319451   67.30087   49   55   74.98347   67.06107  10.6%  27.3 2136s
 1445202 1322306   67.12098   72   28   74.98347   67.06155  10.6%  27.3 2142s
 1447885 1324812   67.59540   49   68   74.98347   67.06184  10.6%  27.3 2145s
 1451195 1327735   67.06450   44   30   74.98347   67.06240  10.6%  27.3 2151s
 1456628 1330917   67.07452   62   42   74.98347   67.06311  10.6%  27.3 2158s
 1457537 1338416   67.13078   57   56   74.98347   67.06332  10.6%  27.3 2167s
 1465716 1338765   67.19305   43   49   74.98347   67.06404  10.6%  27.3 2170s
 1467268 1342600   67.29445   53   32   74.98347   67.06454  10.6%  27.3 2177s
 1470404 1343528   68.04544   88    8   74.98347   67.06494  10.6%  27.3 2180s
 1474300 1349314   67.27453   78   35   74.98347   67.06546  10.6%  27.3 2188s
 1477850 1349726   67.13740   49   62   74.98347   67.06595  10.6%  27.3 2191s
 1478353 1364048   67.15022   59   14   74.98347   67.06602  10.6%  27.3 2207s
 1494204 1364403   67.40653   91   31   74.98347   67.06771  10.6%  27.3 2210s
 1495009 1365213   67.32978   86   22   74.98347   67.06823  10.6%  27.3 2217s
 1495551 1367935   67.18054   78   45   74.98347   67.06835  10.6%  27.3 2220s
 1501820 1372474   67.09012   45   66   74.98347   67.06911  10.6%  27.3 2227s
 1503576 1372968   67.94253   64   64   74.98347   67.06938  10.6%  27.3 2232s
 1504151 1375859   67.91363   58   87   74.98347   67.06959  10.6%  27.3 2235s
 1509983 1378663   67.24322   86   28   74.98347   67.07028  10.6%  27.3 2241s
 1510433 1381349   67.32121   74   15   74.98347   67.07043  10.6%  27.3 2245s
 1516037 1384224 infeasible   61        74.98347   67.07118  10.6%  27.3 2251s
 1519567 1390200   67.46240   97   31   74.98347   67.07171  10.6%  27.3 2258s
 1522975 1390526   67.38864   78   53   74.98347   67.07216  10.6%  27.3 2261s
 1525718 1395237   67.90781   39   40   74.98347   67.07252  10.6%  27.3 2267s
 1528550 1395635   67.13197   90   41   74.98347   67.07285  10.5%  27.3 2270s
 1531807 1400624   67.14952   55   53   74.98347   67.07334  10.5%  27.3 2276s
 1534987 1403517   67.95845   83   47   74.98347   67.07393  10.5%  27.3 2281s
 1539789 1406022   67.09696   62   51   74.98347   67.07460  10.5%  27.3 2287s
 1540500 1409107 infeasible   76        74.98347   67.07472  10.5%  27.3 2291s
 1546262 1413029 infeasible   54        74.98347   67.07544  10.5%  27.3 2296s
 1548589 1415932   67.18833   70   33   74.98347   67.07586  10.5%  27.3 2300s
 1553969 1418741   67.16075   57   18   74.98347   67.07656  10.5%  27.3 2306s
 1556889 1423278   67.67763   82   11   74.98347   67.07703  10.5%  27.3 2312s
 1559362 1425678   67.14621   61   38   74.98347   67.07731  10.5%  27.3 2315s
 1562616 1437299   67.13817   50   30   74.98347   67.07778  10.5%  27.3 2331s
 1575414 1440250   67.18599   44   48   74.98347   67.07938  10.5%  27.3 2337s
 1578098 1442769   67.21255   76   30   74.98347   67.07964  10.5%  27.3 2340s
 1581408 1446017   67.11715   75   62   74.98347   67.08022  10.5%  27.3 2346s
 1585809 1452129   67.15152   62   18   74.98347   67.08085  10.5%  27.4 2356s
 1591243 1452551   67.13148   64   50   74.98347   67.08152  10.5%  27.4 2362s
 1591723 1455446   67.16536   69   27   74.98347   67.08175  10.5%  27.4 2366s
 1595120 1457923   67.11115   96   18   74.98347   67.08206  10.5%  27.4 2370s
 1598298 1461456   67.15550   69   21   74.98347   67.08256  10.5%  27.4 2378s
 1601686 1464303   67.14317   50   92   74.98347   67.08303  10.5%  27.4 2381s
 1605292 1467747   67.17530   42   79   74.98347   67.08354  10.5%  27.4 2387s
 1608607 1469862   67.11251   73   46   74.98347   67.08390  10.5%  27.4 2390s
 1613390 1472494   67.24965   58   28   74.98347   67.08458  10.5%  27.4 2395s
 1616499 1477055   67.26025   87   90   74.98347   67.08508  10.5%  27.4 2400s
 1619400 1479704   67.12249   63   72   74.98347   67.08549  10.5%  27.4 2405s
 1624633 1482552     cutoff   64        74.98347   67.08617  10.5%  27.4 2413s
 1625108 1484776   67.23584   48   59   74.98347   67.08627  10.5%  27.4 2416s
 1627596 1487147   67.33181   40   53   74.98347   67.08652  10.5%  27.4 2420s
 1630860 1491007   67.09731   82   41   74.98347   67.08703  10.5%  27.4 2427s
 1634608 1493591   67.10505   42   54   74.98347   67.08740  10.5%  27.4 2430s
 1640000 1496299 infeasible   63        74.98347   67.08817  10.5%  27.4 2437s
 1640526 1498671   67.28392   51   52   74.98347   67.08829  10.5%  27.4 2440s
 1645917 1501579   67.14282   78   35   74.98347   67.08898  10.5%  27.4 2447s
 1646448 1503949   67.22554   51   54   74.98347   67.08913  10.5%  27.4 2450s
 1652002 1506812 infeasible   52        74.98347   67.08982  10.5%  27.4 2457s
 1652377 1509198 infeasible   72        74.98347   67.08996  10.5%  27.4 2460s
 1657883 1512135   67.14469   64   25   74.98347   67.09085  10.5%  27.4 2467s
 1658369 1514461   67.28895   82   26   74.98347   67.09103  10.5%  27.4 2470s
 1661001 1514922   67.12902   50   47   74.98347   67.09135  10.5%  27.4 2475s
 1664432 1519921   68.03079  111   53   74.98347   67.09202  10.5%  27.5 2481s
 1667224 1520469   67.12372   52   62   74.98347   67.09246  10.5%  27.5 2487s
 1667869 1522990   67.13608   73   28   74.98347   67.09265  10.5%  27.5 2491s
 1670681 1525507   67.41299   71   27   74.98347   67.09312  10.5%  27.5 2495s
 1675501 1527761   67.25058   51   71   74.98347   67.09387  10.5%  27.5 2501s
 1679105 1532469   67.17834   66   14   74.98347   67.09452  10.5%  27.5 2508s
 1681524 1532935   67.14598   61   41   74.98347   67.09481  10.5%  27.5 2511s
 1682055 1535280   67.18456   49   69   74.98347   67.09499  10.5%  27.5 2515s
 1687435 1538157   67.11167   61   22   74.98347   67.09593  10.5%  27.5 2522s
 1687975 1540411   67.47742   87   42   74.98347   67.09598  10.5%  27.5 2525s
 1691122 1542086   67.15964   46   44   74.98347   67.09667  10.5%  27.6 2534s
 1692372 1545335   67.29800   36   48   74.98347   67.09682  10.5%  27.6 2540s
 1696064 1545895   67.59439   61   51   74.98347   67.09728  10.5%  27.6 2546s
 1696703 1549382   67.25597   38   67   74.98347   67.09765  10.5%  27.6 2551s
 1700577 1550114   67.41776   53   45   74.98347   67.09830  10.5%  27.6 2557s
 1701433 1553384   67.99351   96   49   74.98347   67.09867  10.5%  27.6 2562s
 1705120 1553971   67.10791   69   32   74.98347   67.09925  10.5%  27.6 2569s
 1705783 1557089   67.11423   86   50   74.98347   67.09943  10.5%  27.7 2574s
 1709313 1559816   67.37775   59   24   74.98347   67.10006  10.5%  27.7 2578s
 1712467 1560286     cutoff   51        74.98347   67.10086  10.5%  27.7 2583s
 1713059 1568724   67.38770   73   70   74.98347   67.10110  10.5%  27.7 2597s
 1723089 1569154   67.55075   66   31   74.98347   67.10293  10.5%  27.7 2602s
 1723665 1569682   67.35186   66   47   74.98347   67.10337  10.5%  27.8 2609s
 1724364 1570270   67.19816   59   53   74.98347   67.10361  10.5%  27.8 2613s
 1725115 1573244   67.34477   62   62   74.98347   67.10405  10.5%  27.8 2618s
 1728648 1574333 infeasible   55        74.98347   67.10486  10.5%  27.8 2622s
 1729989 1574972   68.06381   65   70   74.98347   67.10544  10.5%  27.8 2628s
 1730798 1577933     cutoff   26        74.98347   67.10566  10.5%  27.8 2633s
 1734387 1579955 infeasible   73        74.98347   67.10649  10.5%  27.8 2638s
 1736793 1580335   67.31170   61   45   74.98347   67.10719  10.5%  27.9 2642s
 1737285 1582847 infeasible   62        74.98347   67.10734  10.5%  27.9 2648s
 1740227 1583298 infeasible   70        74.98347   67.10786  10.5%  27.9 2652s
 1740813 1586079   67.23911   59   34   74.98347   67.10824  10.5%  27.9 2656s
 1744123 1586601   67.19361   55   30   74.98347   67.10901  10.5%  27.9 2662s
 1744819 1589535   70.31549   36  147   74.98347   67.10925  10.5%  27.9 2667s
 1748252 1590321   69.04550   54   93   74.98347   67.11001  10.5%  27.9 2671s
 1749240 1593231     cutoff   57        74.98347   67.11032  10.5%  28.0 2676s
 1752714 1593741   67.26547   67   72   74.98347   67.11104  10.5%  28.0 2681s
 1753373 1596268     cutoff   61        74.98347   67.11132  10.5%  28.0 2685s
 1756438 1596766   67.31168   60   25   74.98347   67.11204  10.5%  28.0 2691s
 1757085 1606050   67.13238   44   63   74.98347   67.11235  10.5%  28.0 2706s
 1768038 1606534   68.92157   78   69   74.98347   67.11416  10.5%  28.1 2713s
 1768671 1607063   67.32133   81   42   74.98347   67.11472  10.5%  28.1 2717s
 1769394 1607610   67.49141  106   23   74.98347   67.11494  10.5%  28.1 2724s
 1770138 1610818     cutoff   61        74.98347   67.11528  10.5%  28.1 2729s
 1773892 1611493   67.48986   81   33   74.98347   67.11616  10.5%  28.1 2733s
 1774847 1612021     cutoff   53        74.98347   67.11654  10.5%  28.1 2741s
 1775553 1614897   67.43731   64   38   74.98347   67.11684  10.5%  28.1 2746s
 1778931 1615325   67.65820   93   27   74.98347   67.11760  10.5%  28.2 2752s
 1779503 1617268   67.60470   71   31   74.98347   67.11789  10.5%  28.2 2765s
 1781928 1626405   67.45881   60   51   74.98347   67.11828  10.5%  28.2 2780s
 1792762 1629553     cutoff   58        74.98347   67.12051  10.5%  28.2 2785s
 1796587 1629728   67.18681   58   37   74.98347   67.12131  10.5%  28.3 2791s
H1796603 1628175                      74.9001429   67.12131  10.4%  28.3 2793s
 1796821 1628404   67.15554   56   75   74.90014   67.12144  10.4%  28.3 2797s
 1797117 1628979   67.66006   71   31   74.90014   67.12159  10.4%  28.3 2800s
 1801304 1632284     cutoff   91        74.90014   67.12276  10.4%  28.3 2807s
 1801865 1635067 infeasible   73        74.90014   67.12294  10.4%  28.3 2817s
 1805364 1640953   68.02203   69   16   74.90014   67.12382  10.4%  28.4 2825s
H1811449 1639306                      74.8168095   67.12404  10.3%  28.4 2826s
 1812257 1642855   67.31615   59   46   74.81681   67.12547  10.3%  28.4 2831s
 1816642 1643236   67.50103   76   38   74.81681   67.12662  10.3%  28.4 2835s
H1816809 1643236                      74.8168087   67.12666  10.3%  28.4 2835s
 1821091 1647325     cutoff   37        74.81681   67.12730  10.3%  28.4 2842s
 1821972 1649289   67.46452   39   35   74.81681   67.12778  10.3%  28.4 2845s
 1826680 1651629     cutoff   35        74.81681   67.12905  10.3%  28.5 2852s
 1827209 1654105 infeasible   61        74.81681   67.12923  10.3%  28.5 2855s
 1831063 1657276     cutoff   62        74.81681   67.13001  10.3%  28.5 2861s
 1836101 1659544   67.26231   55   83   74.81681   67.13114  10.3%  28.5 2867s
 1836818 1662113 infeasible   73        74.81681   67.13126  10.3%  28.5 2871s
 1842906 1664883     cutoff   72        74.81681   67.13276  10.3%  28.6 2878s
 1843426 1676843     cutoff   65        74.81681   67.13308  10.3%  28.6 2893s
 1857342 1677242   67.31138   57   65   74.81681   67.13529  10.3%  28.6 2896s
H1857770 1677242                      74.8168079   67.13531  10.3%  28.6 2898s
 1857873 1677744   67.41683   76   33   74.81681   67.13535  10.3%  28.6 2902s
 1859164 1681130   67.20023   65   17   74.81681   67.13583  10.3%  28.6 2907s
 1862498 1681660   67.61346   56   76   74.81681   67.13648  10.3%  28.6 2911s
 1863178 1683980   67.27259   47   32   74.81681   67.13665  10.3%  28.6 2915s
 1867850 1686147   67.40192   50   83   74.81681   67.13797  10.3%  28.7 2921s
 1868671 1690100   67.35272   60   61   74.81681   67.13828  10.3%  28.7 2926s
 1876417 1692970   67.75166  117   50   74.81681   67.14009  10.3%  28.7 2933s
 1876933 1695585   67.16821   72   22   74.81681   67.14021  10.3%  28.7 2936s
 1883126 1698502   67.31586   66    7   74.81681   67.14163  10.3%  28.7 2942s
 1883637 1700920     cutoff   66        74.81681   67.14181  10.3%  28.8 2945s
 1887104 1711638   67.39508   70   12   74.81681   67.14270  10.3%  28.8 2960s
 1899643 1712411   67.38692   84   32   74.81681   67.14479  10.3%  28.8 2966s
 1900778 1714952   67.25472   62   49   74.81681   67.14519  10.3%  28.8 2970s
 1906393 1717889   67.65452   74   59   74.81681   67.14635  10.3%  28.9 2976s
 1907052 1719986   68.38337   62   39   74.81681   67.14660  10.3%  28.9 2980s
 1911834 1722440   72.34430   73   52   74.81681   67.14773  10.3%  28.9 2985s
 1914975 1726882     cutoff   55        74.81681   67.14850  10.2%  28.9 2992s
 1917674 1727328   67.35386   68   42   74.81681   67.14914  10.2%  28.9 2996s
 1921058 1731717   67.15008   70   30   74.81681   67.15008  10.2%  28.9 3002s
 1923523 1732162   67.36861   59   16   74.81681   67.15055  10.2%  28.9 3007s
 1924144 1734586   67.55064   90   32   74.81681   67.15085  10.2%  29.0 3011s
 1927608 1736557   73.47009   65  112   74.81681   67.15177  10.2%  29.0 3016s
 1929423 1739070   67.30816   71   35   74.81681   67.15218  10.2%  29.0 3020s
 1934129 1741073 infeasible   77        74.81681   67.15331  10.2%  29.0 3027s
 1934871 1744141   67.68478  136   13   74.81681   67.15370  10.2%  29.0 3031s
 1941298 1746809   67.78264   54  111   74.81681   67.15499  10.2%  29.0 3038s
 1941857 1749302   69.27745   63   30   74.81681   67.15520  10.2%  29.0 3041s
 1944894 1751849   67.35903   77   16   74.81681   67.15605  10.2%  29.1 3045s
 1948610 1762662   67.16694   67   40   74.81681   67.15692  10.2%  29.1 3059s
 1961042 1762833 infeasible   91        74.81681   67.15905  10.2%  29.1 3063s
 1961871 1763698 infeasible   69        74.81681   67.15938  10.2%  29.1 3067s
 1963332 1766963   67.22738   70   77   74.81681   67.16000  10.2%  29.1 3070s
 1969197 1769775   67.20782   77   42   74.81681   67.16123  10.2%  29.2 3075s
 1969697 1780388   67.26464   24   83   74.81681   67.16143  10.2%  29.2 3084s
 1982373 1780848   67.62148   33   59   74.81681   67.16332  10.2%  29.2 3087s
 1983547 1783653   67.65449   84   93   74.81681   67.16373  10.2%  29.2 3091s
 1987060 1786764   70.04053   31  122   74.81681   67.16468  10.2%  29.2 3095s
 1992874 1791972   67.41348   69   23   74.81681   67.16615  10.2%  29.3 3102s
 1996399 1792426   67.29127   89   36   74.81681   67.16684  10.2%  29.3 3105s
 2003253 1798092   67.21081   46   41   74.81681   67.16841  10.2%  29.3 3112s
 2006745 1803159   67.26135   73   36   74.81681   67.16917  10.2%  29.3 3116s
 2010508 1805973   67.22724   60   64   74.81681   67.17006  10.2%  29.3 3120s
 2014038 1813706   67.19805   67   18   74.81681   67.17108  10.2%  29.4 3128s
 2022724 1814181     cutoff   47        74.81681   67.17274  10.2%  29.4 3130s
 2024081 1817434   67.27618   49   46   74.81681   67.17321  10.2%  29.4 3136s
 2027985 1820439   67.37845   61   30   74.81681   67.17420  10.2%  29.4 3140s
 2033951 1823496   67.76341   75   38   74.81681   67.17540  10.2%  29.5 3145s
 2034661 1831150   67.22396   86   10   74.81681   67.17565  10.2%  29.5 3150s
 2044128 1831940   67.20508   41  103   74.81681   67.17764  10.2%  29.5 3155s
 2048452 1837795   67.22242   34   52   74.81681   67.17876  10.2%  29.5 3161s
 2054482 1840559   67.27541   75   45   74.81681   67.18007  10.2%  29.6 3166s
 2055048 1850044   67.25910   31   55   74.81681   67.18028  10.2%  29.6 3174s
 2066307 1850272   67.27991   71   24   74.81681   67.18225  10.2%  29.6 3178s
 2067126 1851212   69.05927   54   69   74.81681   67.18248  10.2%  29.6 3181s
 2068623 1854938   67.18296   71   21   74.81681   67.18296  10.2%  29.6 3186s
 2075593 1858147     cutoff   65        74.81681   67.18434  10.2%  29.6 3191s
 2076122 1869691   67.24262   92   22   74.81681   67.18452  10.2%  29.6 3200s
 2090848 1870962   68.22711   85   22   74.81681   67.18682  10.2%  29.7 3205s
 2094863 1875764   67.41453   64   51   74.81681   67.18764  10.2%  29.7 3210s
 2097962 1886576     cutoff   78        74.81681   67.18837  10.2%  29.7 3220s
 2111217 1889811     cutoff   47        74.81681   67.19073  10.2%  29.8 3225s
 2114603 1892656   67.23652   55   59   74.81681   67.19150  10.2%  29.8 3230s
 2120364 1897263   69.11248   53   90   74.81681   67.19276  10.2%  29.8 3236s
 2125338 1901590   67.78220   80   37   74.81681   67.19395  10.2%  29.8 3241s
 2129240 1904950   67.45327   68   68   74.81681   67.19483  10.2%  29.8 3245s
 2132902 1908007   68.31941   72   11   74.81681   67.19579  10.2%  29.9 3251s
 2139162 1911045   67.65170   72   75   74.81681   67.19694  10.2%  29.9 3256s
 2139669 1923059   67.23979   58   36   74.81681   67.19716  10.2%  29.9 3265s
 2154222 1923702     cutoff   77        74.81681   67.19924  10.2%  29.9 3271s
 2155326 1926918   67.27780   50   34   74.81681   67.19952  10.2%  29.9 3275s
 2159911 1928527   68.20116   73   38   74.81681   67.20044  10.2%  29.9 3280s
 2163530 1933671   67.27633   46   97   74.81681   67.20132  10.2%  30.0 3286s
 2168953 1935909   67.25514   27   74   74.81681   67.20240  10.2%  30.0 3291s
 2173017 1941279     cutoff   58        74.81681   67.20310  10.2%  30.0 3295s
 2178715 1943815   67.72039   69   33   74.81681   67.20446  10.2%  30.0 3300s
 2184812 1948841   67.28971   76   25   74.81681   67.20586  10.2%  30.0 3306s
 2187976 1951662 infeasible   63        74.81681   67.20650  10.2%  30.0 3310s
 2192208 1955111   67.22158   41   44   74.81681   67.20754  10.2%  30.1 3317s
 2192864 1958111   67.29807   73   40   74.81681   67.20772  10.2%  30.1 3320s
 2197117 1961183   67.38341   41   47   74.81681   67.20860  10.2%  30.1 3325s
 2204711 1965429   67.56233   66   31   74.81681   67.21011  10.2%  30.1 3331s
 2205389 1973528     cutoff   76        74.81681   67.21044  10.2%  30.1 3338s
 2215145 1973957   67.38137   63   60   74.81681   67.21199  10.2%  30.1 3340s
 2219285 1979400   67.33921   53   61   74.81681   67.21298  10.2%  30.2 3346s
 2225028 1982803   68.00799   81   51   74.81681   67.21417  10.2%  30.2 3350s
 2229285 1987812   67.45218   66   59   74.81681   67.21520  10.2%  30.2 3356s
 2234930 1990377 infeasible   78        74.81681   67.21643  10.2%  30.2 3360s
 2239602 1996634   67.25435   59   53   74.81681   67.21755  10.2%  30.2 3366s
 2243131 1999559 infeasible   74        74.81681   67.21825  10.2%  30.3 3371s
 2246981 2002322   69.26223   30   77   74.81681   67.21897  10.2%  30.3 3376s
 2252885 2007579   67.45012   75   44   74.81681   67.22032  10.2%  30.3 3381s
 2256578 2010475   67.47698   44   41   74.81681   67.22106  10.2%  30.3 3386s
 2260275 2013615   67.25078   69   39   74.81681   67.22181  10.2%  30.3 3390s
 2266387 2018695   68.13792   92   45   74.81681   67.22295  10.1%  30.3 3396s
 2272780 2023989   67.29953   71   75   74.81681   67.22409  10.1%  30.3 3401s
 2275948 2026918     cutoff   63        74.81681   67.22478  10.1%  30.3 3405s
 2282037 2031805   67.27810   68   31   74.81681   67.22597  10.1%  30.4 3411s
 2287904 2036863   68.24188   80   51   74.81681   67.22704  10.1%  30.4 3416s
 2293596 2039723   67.42801   70   20   74.81681   67.22808  10.1%  30.4 3420s
 2300082 2045063   67.64159   81   38   74.81681   67.22938  10.1%  30.4 3427s
 2303340 2047945 infeasible   42        74.81681   67.23003  10.1%  30.4 3431s
 2306779 2052867   67.27313   60   49   74.81681   67.23074  10.1%  30.4 3435s
 2312783 2065274     cutoff   41        74.81681   67.23189  10.1%  30.5 3447s
 2324298 2065472   67.29723   83   31   74.81681   67.23333  10.1%  30.5 3450s
 2325874 2069154   67.61072   85   12   74.81681   67.23413  10.1%  30.5 3456s
 2332294 2072377   69.00104   48   61   74.81681   67.23520  10.1%  30.5 3461s
 2335256 2076475     cutoff   50        74.81681   67.23586  10.1%  30.5 3465s
 2341437 2081780   67.38117   74   46   74.81681   67.23718  10.1%  30.5 3471s
 2345005 2084713   67.24345   59   66   74.81681   67.23798  10.1%  30.5 3477s
 2348595 2087809   67.57107   73   40   74.81681   67.23858  10.1%  30.5 3481s
 2354418 2090644   67.36774   53   94   74.81681   67.23942  10.1%  30.6 3486s
 2354919 2102749   67.40140   52   25   74.81681   67.23963  10.1%  30.6 3495s
 2369621 2103626   67.46101   78   23   74.81681   67.24173  10.1%  30.6 3500s
 2374372 2109707     cutoff   54        74.81681   67.24261  10.1%  30.6 3506s
 2377968 2123653   67.59444   54   68   74.81681   67.24333  10.1%  30.6 3518s
 2393516 2123927     cutoff   40        74.81681   67.24513  10.1%  30.6 3520s
 2395001 2127208   67.34101   76   27   74.81681   67.24551  10.1%  30.6 3525s
 2400640 2129883   67.50113   89   54   74.81681   67.24648  10.1%  30.6 3530s
 2401189 2140622   68.22763   64   53   74.81681   67.24668  10.1%  30.7 3538s
 2414038 2140892 infeasible   69        74.81681   67.24831  10.1%  30.7 3540s
 2417997 2144207   69.09340   74   63   74.81681   67.24939  10.1%  30.7 3547s
 2421755 2147586   67.41160   43   49   74.81681   67.25014  10.1%  30.7 3551s
 2422597 2154317   67.47612   61   88   74.81681   67.25032  10.1%  30.7 3557s
 2431402 2155213 infeasible   63        74.81681   67.25178  10.1%  30.7 3561s
 2435635 2160421 infeasible   78        74.81681   67.25267  10.1%  30.7 3565s
 2441537 2165760 infeasible   60        74.81681   67.25391  10.1%  30.7 3571s
 2445272 2174398     cutoff   52        74.81681   67.25462  10.1%  30.7 3579s
 2455052 2174678     cutoff   33        74.81681   67.25582  10.1%  30.8 3582s
 2455438 2175206   67.35013   53   33   74.81681   67.25617  10.1%  30.8 3585s
 2460776 2180368   67.36332   66   75   74.81681   67.25705  10.1%  30.8 3590s
 2465651 2185398   68.06689   65   16   74.81681   67.25812  10.1%  30.8 3596s
 2469898 2188063   67.48207   78   70   74.81681   67.25879  10.1%  30.8 3600s
 2474855 2190896   68.12098   54   49   74.81681   67.25989  10.1%  30.8 3605s
 2478538 2195633   67.30737   50   77   74.81681   67.26066  10.1%  30.8 3610s
 2481539 2198613   67.42150   80   25   74.81681   67.26127  10.1%  30.8 3615s
 2485645 2200879   67.57788   94   59   74.81681   67.26209  10.1%  30.8 3620s
 2487845 2214855     cutoff   39        74.81681   67.26254  10.1%  30.9 3632s
 2504821 2216153   67.40926   41   56   74.81681   67.26469  10.1%  30.9 3636s
 2511877 2223851   67.36403   49   57   74.81681   67.26609  10.1%  30.9 3641s
 2520767 2229230   67.54559   76   51   74.81681   67.26766  10.1%  30.9 3645s
 2525391 2235156   67.35837   68   27   74.81681   67.26857  10.1%  30.9 3650s
 2534128 2242106     cutoff   60        74.81681   67.27015  10.1%  30.9 3655s
 2543280 2249799     cutoff   57        74.81681   67.27185  10.1%  31.0 3660s
 2554119 2258407   67.33517   55   72   74.81681   67.27375  10.1%  31.0 3665s
 2560306 2264253   73.71269   71   77   74.81681   67.27499  10.1%  31.0 3670s
 2570163 2270509     cutoff   56        74.81681   67.27666  10.1%  31.0 3675s
 2576940 2278439   67.41257   47   81   74.81681   67.27809  10.1%  31.0 3681s
 2586362 2285881     cutoff   87        74.81681   67.27977  10.1%  31.0 3685s
 2593016 2291306     cutoff   87        74.81681   67.28113  10.1%  31.1 3690s
 2602014 2298592 infeasible  106        74.81681   67.28253  10.1%  31.1 3695s
 2611216 2304547   67.57113   60   65   74.81681   67.28430  10.1%  31.1 3700s
 2617858 2309933     cutoff   51        74.81681   67.28552  10.1%  31.1 3705s
 2618317 2323423     cutoff   57        74.81681   67.28568  10.1%  31.1 3711s
 2635086 2324330   71.75870   65  109   74.81681   67.28772  10.1%  31.1 3715s
 2639115 2340851   67.50225   51   33   74.81681   67.28856  10.1%  31.2 3724s
 2654738 2341185     cutoff   79        74.81681   67.29009  10.1%  31.2 3726s
 2658727 2345652 infeasible   77        74.81681   67.29101  10.1%  31.2 3730s
 2661289 2356997   67.45839   83   34   74.81681   67.29154  10.1%  31.2 3736s
 2675390 2358039   68.23769  111   38   74.81681   67.29349  10.1%  31.2 3740s
 2682030 2376235   67.30277   35   69   74.81681   67.29483  10.1%  31.2 3750s
 2700244 2380444   67.46862   54   34   74.81681   67.29701  10.1%  31.3 3755s
 2706737 2386794   67.48835   57   69   74.81681   67.29842  10.0%  31.3 3760s
 2716581 2394825   69.48880   50   95   74.81681   67.30007  10.0%  31.3 3765s
 2724007 2403160   67.52734   40   61   74.81681   67.30147  10.0%  31.4 3772s
 2729565 2403282     cutoff   66        74.81681   67.30207  10.0%  31.4 3775s
 2735925 2408876   68.15670   61   62   74.81681   67.30363  10.0%  31.4 3781s
 2743750 2415214   67.63174   47   74   74.81681   67.30501  10.0%  31.4 3785s
 2744219 2426653   67.37385   46   27   74.81681   67.30523  10.0%  31.4 3791s
 2758855 2430465     cutoff   58        74.81681   67.30742  10.0%  31.5 3796s
 2765734 2435602   67.59458   78   33   74.81681   67.30866  10.0%  31.5 3800s
 2772332 2441980   67.37368   68   57   74.81681   67.31009  10.0%  31.5 3805s
 2778058 2446755     cutoff   72        74.81681   67.31122  10.0%  31.5 3810s
 2786128 2453498 infeasible   93        74.81681   67.31279  10.0%  31.5 3815s
 2789991 2463292   67.45856   73   25   74.81681   67.31370  10.0%  31.6 3821s
 2801957 2466357   67.70339   71   57   74.81681   67.31558  10.0%  31.6 3825s
 2809881 2472770     cutoff   49        74.81681   67.31701  10.0%  31.6 3830s
 2818145 2478382   67.68744   86   81   74.81681   67.31856  10.0%  31.6 3835s
 2825391 2485898 infeasible   69        74.81681   67.32009  10.0%  31.7 3840s
 2831903 2495895   68.03450   95   23   74.81681   67.32138  10.0%  31.7 3847s
 2841047 2499408   69.10851   57   57   74.81681   67.32291  10.0%  31.7 3851s
 2847731 2504842   69.99175   95   29   74.81681   67.32415  10.0%  31.7 3855s
 2854010 2518878   67.54939   52   69   74.81681   67.32534  10.0%  31.7 3863s
 2867249 2519191   67.58936   71   52   74.81681   67.32714  10.0%  31.7 3865s
 2871718 2523094   67.43228   79   47   74.81681   67.32798  10.0%  31.8 3870s
 2875932 2532436   68.29806  125   25   74.81681   67.32912  10.0%  31.8 3880s
 2890490 2540879   67.54839   85   30   74.81681   67.33143  10.0%  31.8 3886s
 2898983 2546796 infeasible   56        74.81681   67.33297  10.0%  31.9 3891s
 2908250 2552919     cutoff   52        74.81681   67.33459  10.0%  31.9 3895s
 2914857 2560190   67.57306   67   57   74.81681   67.33569  10.0%  31.9 3900s
 2920858 2564923   68.63364   57   66   74.81681   67.33681  10.0%  31.9 3905s
 2927478 2570758   67.69502   36   45   74.81681   67.33817  10.0%  31.9 3911s
 2934257 2576560   67.93703   55   28   74.81681   67.33925  10.0%  31.9 3915s
 2943840 2582427   67.38866   45   42   74.81681   67.34124  10.0%  32.0 3921s
 2944301 2588007   67.49873   38   16   74.81681   67.34137  10.0%  32.0 3927s
 2952048 2593559 infeasible   67        74.81681   67.34249  10.0%  32.0 3931s
 2961803 2597291   67.75207   85   31   74.81681   67.34407  10.0%  32.0 3935s
 2969598 2605641     cutoff   54        74.81681   67.34548  10.0%  32.0 3941s
 2975898 2610790     cutoff   90        74.81681   67.34669  10.0%  32.1 3945s
 2983341 2615086   69.99572   74   39   74.81681   67.34784  10.0%  32.1 3950s
 2990300 2623197   70.10763   83   17   74.81681   67.34926  10.0%  32.1 3955s
 2997327 2626785   69.76185   47   69   74.81681   67.35035  10.0%  32.1 3960s
 3004196 2634773   67.44488   72   43   74.81681   67.35146  10.0%  32.1 3965s
 3012861 2639966   67.41643   54   66   74.81681   67.35299  10.0%  32.1 3970s
 3019620 2647316     cutoff   61        74.81681   67.35429  10.0%  32.1 3975s
 3028812 2653192     cutoff   70        74.81681   67.35586  10.0%  32.2 3980s
 3029268 2666696   67.51677   73   49   74.81681   67.35602  10.0%  32.2 3987s
 3045857 2667621   67.61983   49   79   74.81681   67.35796  10.0%  32.2 3990s
 3049815 2677672   69.29031   36   69   74.81681   67.35865  10.0%  32.2 4002s
 3058775 2682765     cutoff   67        74.81681   67.35997  10.0%  32.2 4006s
 3070898 2689978   68.21636   67   79   74.81681   67.36193  10.0%  32.2 4010s
 3080580 2698108   68.25940   50   82   74.81681   67.36327  10.0%  32.2 4015s
 3090213 2706125   67.78159   35   56   74.81681   67.36469  10.0%  32.2 4020s
 3093211 2718772   67.41198   76   27   74.81681   67.36525  10.0%  32.2 4027s
 3108004 2719334   67.54294   38   29   74.81681   67.36700  10.0%  32.2 4030s
 3112497 2725269   67.44192   70   62   74.81681   67.36771  10.0%  32.3 4035s
 3121894 2732933   67.60106   54   79   74.81681   67.36932  10.0%  32.3 4040s
 3130192 2737883   68.20884   61   63   74.81681   67.37059  10.0%  32.3 4045s
 3137519 2753575   67.92359   90   40   74.81681   67.37167  10.0%  32.3 4054s
 3149594 2753859   73.50023   62  147   74.81681   67.37315  9.95%  32.3 4055s
 3154434 2760125   67.50237   64   27   74.81681   67.37413  9.95%  32.3 4061s
 3158045 2771312   70.21228   43   86   74.81681   67.37477  9.95%  32.3 4067s
 3171449 2772414   67.80528   85    5   74.81681   67.37648  9.94%  32.3 4070s
 3177755 2777507   67.91713   63   73   74.81681   67.37747  9.94%  32.4 4075s
 3183885 2784496     cutoff   55        74.81681   67.37849  9.94%  32.4 4080s
 3192895 2792015   67.43588   64   35   74.81681   67.37997  9.94%  32.4 4086s
 3197097 2795968   67.40469   64   48   74.81681   67.38067  9.94%  32.4 4090s
 3201004 2806133     cutoff   53        74.81681   67.38129  9.94%  32.4 4096s
 3216534 2809753   67.80784   78   22   74.81681   67.38344  9.94%  32.4 4100s
 3223681 2818110   67.54112   64   59   74.81681   67.38453  9.93%  32.4 4106s
 3231877 2824066   68.42875   83   35   74.81681   67.38578  9.93%  32.4 4110s
 3239248 2828767     cutoff   47        74.81681   67.38696  9.93%  32.4 4116s
 3244997 2834859   67.65052   93   43   74.81681   67.38800  9.93%  32.5 4120s
 3252098 2841122 infeasible   53        74.81681   67.38925  9.93%  32.5 4125s
 3261274 2849062     cutoff   44        74.81681   67.39036  9.93%  32.5 4131s
 3268296 2864004   67.71205   72   61   74.81681   67.39158  9.92%  32.5 4140s
 3283305 2867855 infeasible   43        74.81681   67.39349  9.92%  32.5 4146s
 3289895 2879926     cutoff   67        74.81681   67.39449  9.92%  32.5 4159s
 3302268 2885229   67.63566   87   31   74.81681   67.39567  9.92%  32.5 4162s
 3309158 2889989   67.58083   36   23   74.81681   67.39694  9.92%  32.6 4166s
 3316969 2895284   67.41330   38   55   74.81681   67.39796  9.92%  32.6 4170s
 3324561 2900914     cutoff   79        74.81681   67.39898  9.91%  32.6 4176s
 3331001 2906372   67.55338   67   48   74.81681   67.39997  9.91%  32.6 4180s
 3338266 2912488 infeasible   60        74.81681   67.40097  9.91%  32.6 4185s
 3348293 2919616 infeasible   88        74.81681   67.40216  9.91%  32.6 4190s
 3356356 2937958   68.03908   80   38   74.81681   67.40335  9.91%  32.6 4200s
 3373039 2938898     cutoff   67        74.81681   67.40529  9.91%  32.6 4205s
 3377344 2955627   67.41199   53   48   74.81681   67.40604  9.91%  32.6 4215s
 3395094 2959342   67.53372   84   65   74.81681   67.40789  9.90%  32.6 4220s
 3398494 2972935   67.48831   81   62   74.81681   67.40834  9.90%  32.6 4228s
 3414307 2973305 infeasible   56        74.81681   67.40987  9.90%  32.6 4230s
 3422338 2979863 infeasible   63        74.81681   67.41099  9.90%  32.6 4236s
 3428953 2985481   68.00340   67   50   74.81681   67.41198  9.90%  32.6 4240s
 3436120 2991502   67.53303   49   82   74.81681   67.41298  9.90%  32.6 4245s
 3443354 3009646   67.86015   72   22   74.81681   67.41413  9.89%  32.7 4256s
 3459563 3013819     cutoff   68        74.81681   67.41602  9.89%  32.7 4261s
 3468490 3018555   67.62608   58   79   74.81681   67.41720  9.89%  32.7 4265s
 3473842 3025119   67.44090   54   72   74.81681   67.41804  9.89%  32.7 4271s
 3477708 3028277   68.19154   74   30   74.81681   67.41864  9.89%  32.7 4275s
 3487402 3035674   67.63542   82   30   74.81681   67.41989  9.89%  32.7 4280s
 3495875 3040822   67.93262   85   25   74.81681   67.42104  9.89%  32.7 4286s
 3502137 3045876 infeasible   74        74.81681   67.42185  9.88%  32.7 4290s
 3506089 3058685   67.91342   63   74   74.81681   67.42252  9.88%  32.7 4299s
 3518205 3058863   67.50411   71   22   74.81681   67.42377  9.88%  32.7 4300s
 3523216 3063254 infeasible   85        74.81681   67.42471  9.88%  32.7 4306s
 3529602 3070685   69.77206   86   42   74.81681   67.42569  9.88%  32.7 4311s
 3539499 3076984     cutoff   68        74.81681   67.42682  9.88%  32.8 4315s
 3543540 3082292     cutoff   80        74.81681   67.42746  9.88%  32.8 4320s
 3550073 3098098     cutoff   65        74.81681   67.42832  9.88%  32.8 4329s
 3565421 3098514   67.50126   71   59   74.81681   67.42990  9.87%  32.8 4330s
 3570017 3102143     cutoff   52        74.81681   67.43052  9.87%  32.8 4335s
 3570559 3114202   67.72011   91   29   74.81681   67.43071  9.87%  32.8 4341s
 3585867 3115346     cutoff   97        74.81681   67.43228  9.87%  32.8 4345s
 3593064 3131988   67.63662   40   52   74.81681   67.43305  9.87%  32.8 4355s
 3607708 3133239   67.85744   74   26   74.81681   67.43489  9.87%  32.8 4360s
 3615284 3148863   67.53840   42   51   74.81681   67.43589  9.87%  32.8 4369s
 3626726 3149227   67.43700   32   22   74.81681   67.43700  9.86%  32.8 4370s
 3632326 3153663   69.06256   83   74   74.81681   67.43803  9.86%  32.8 4375s
 3636932 3163622   67.79943   66  101   74.81681   67.43867  9.86%  32.8 4382s
 3645116 3164287   67.71506   66   38   74.81681   67.43974  9.86%  32.8 4385s
 3652319 3172722   67.50933   70   36   74.81681   67.44083  9.86%  32.8 4391s
 3659200 3178019 infeasible   58        74.81681   67.44159  9.86%  32.8 4395s
 3665707 3183466   67.62086   57   35   74.81681   67.44256  9.86%  32.9 4400s
 3675056 3189124 infeasible   40        74.81681   67.44381  9.85%  32.9 4405s
 3680983 3204713 infeasible   79        74.81681   67.44459  9.85%  32.9 4415s
 3696353 3208931   67.44841   47   69   74.81681   67.44618  9.85%  32.9 4421s
 3703979 3224600   67.58812   54   67   74.81681   67.44711  9.85%  32.9 4430s
 3720120 3225744   67.48650   43   68   74.81681   67.44893  9.85%  32.9 4435s
 3724668 3240750   67.70526   75   37   74.81681   67.44959  9.85%  32.9 4444s
 3737023 3240750 infeasible   72        74.81681   67.44966  9.85%  32.9 4445s
 3739981 3241896   67.74079   56   86   74.81681   67.45122  9.84%  32.9 4450s
 3746422 3247117   67.66844   33   50   74.81681   67.45195  9.84%  32.9 4455s
 3746871 3260266 infeasible   81        74.81681   67.45215  9.84%  32.9 4462s
 3763263 3261219 infeasible  111        74.81681   67.45367  9.84%  32.9 4465s
 3769981 3267786   67.52427   89   92   74.81681   67.45462  9.84%  32.9 4471s
 3776934 3271992   68.16794   38   73   74.81681   67.45530  9.84%  32.9 4475s
 3784469 3279913   67.50853   35   75   74.81681   67.45651  9.84%  32.9 4481s
 3791993 3290015   68.38589   95   30   74.81681   67.45746  9.84%  32.9 4488s
 3800133 3290964   67.68820   61   51   74.81681   67.45825  9.84%  32.9 4490s
 3805954 3295782     cutoff   65        74.81681   67.45892  9.83%  33.0 4495s
 3813404 3303760   68.17640   41   34   74.81681   67.45998  9.83%  33.0 4501s
 3819760 3307332   67.99181   65   46   74.81681   67.46088  9.83%  33.0 4505s
 3827459 3315488 infeasible   67        74.81681   67.46182  9.83%  33.0 4510s
 3833691 3320880 infeasible   72        74.81681   67.46272  9.83%  33.0 4516s
 3837509 3332692   67.67935   62   71   74.81681   67.46327  9.83%  33.0 4523s
 3851269 3332997     cutoff   85        74.81681   67.46442  9.83%  33.0 4525s
 3856653 3338775 infeasible   55        74.81681   67.46526  9.83%  33.0 4530s
 3859591 3348117     cutoff   71        74.81681   67.46565  9.83%  33.0 4536s
 3871783 3351577   67.82379   84   39   74.81681   67.46714  9.82%  33.0 4540s
 3880909 3357189   67.74816   58   17   74.81681   67.46824  9.82%  33.0 4546s
 3889761 3363947   67.89035   45   75   74.81681   67.46923  9.82%  33.0 4551s
 3892639 3368282   69.42812  125   47   74.81681   67.46979  9.82%  33.0 4555s
 3899681 3374351   67.52297   61   38   74.81681   67.47081  9.82%  33.0 4560s
 3903484 3383896     cutoff   62        74.81681   67.47132  9.82%  33.0 4567s
 3914660 3384686   67.57774   47   69   74.81681   67.47248  9.82%  33.0 4570s
 3922706 3391051   67.74272   89  106   74.81681   67.47369  9.81%  33.0 4575s
 3929936 3396860   74.30298   62   69   74.81681   67.47464  9.81%  33.1 4580s
 3936498 3404069   67.57305   69   21   74.81681   67.47562  9.81%  33.1 4586s
 3943681 3407644     cutoff   75        74.81681   67.47659  9.81%  33.1 4590s
 3949767 3414467   67.64153   52   73   74.81681   67.47756  9.81%  33.1 4595s
 3958226 3419473   67.72969   62   85   74.81681   67.47866  9.81%  33.1 4600s
 3965674 3427275     cutoff   55        74.81681   67.47969  9.81%  33.1 4605s
 3973179 3431507 infeasible   70        74.81681   67.48074  9.81%  33.1 4611s
 3978039 3435506     cutoff   67        74.81681   67.48137  9.80%  33.1 4615s
 3983101 3442114   69.32718   57   57   74.81681   67.48219  9.80%  33.1 4620s
 3987697 3452567   67.71637   77   47   74.81681   67.48285  9.80%  33.1 4626s
 4000943 3455386   68.43756   73   99   74.81681   67.48430  9.80%  33.1 4630s
 4007326 3460747   67.60380   95   44   74.81681   67.48511  9.80%  33.1 4635s
 4010604 3471574 infeasible   52        74.81681   67.48556  9.80%  33.1 4642s
 4023816 3472167   67.69648   95   88   74.81681   67.48709  9.80%  33.1 4645s
 4029665 3478922   67.71240   32   58   74.81681   67.48781  9.80%  33.2 4651s
 4033584 3489648   68.11134   53   63   74.81681   67.48830  9.80%  33.2 4658s
 4046086 3489861     cutoff   56        74.81681   67.48940  9.79%  33.2 4660s
 4048037 3493887   68.43128   63   80   74.81681   67.48997  9.79%  33.2 4665s
 4054813 3506205     cutoff   56        74.81681   67.49092  9.79%  33.2 4674s
 4066853 3506534   69.92125   59    9   74.81681   67.49196  9.79%  33.2 4675s
 4070866 3511991 infeasible   62        74.81681   67.49298  9.79%  33.2 4681s
 4077798 3515410     cutoff   65        74.81681   67.49397  9.79%  33.2 4685s
 4078333 3527326   68.18528   55   31   74.81681   67.49415  9.79%  33.2 4692s
 4093688 3528311 infeasible   82        74.81681   67.49558  9.79%  33.2 4695s
 4097997 3534310   68.00328   30  105   74.81681   67.49626  9.78%  33.2 4700s
 4105346 3539969 infeasible   85        74.81681   67.49726  9.78%  33.2 4705s
 4114423 3545329     cutoff   49        74.81681   67.49827  9.78%  33.2 4710s
 4122212 3553282 infeasible   60        74.81681   67.49927  9.78%  33.2 4716s
 4127860 3557602     cutoff   72        74.81681   67.50006  9.78%  33.2 4720s
 4136838 3562950   67.56472   61   45   74.81681   67.50106  9.78%  33.2 4725s
 4143972 3570636   67.60155   63   24   74.81681   67.50192  9.78%  33.3 4731s
 4150476 3575930   67.66706   54   60   74.81681   67.50277  9.78%  33.3 4735s
 4157333 3581118   67.78857   81   48   74.81681   67.50352  9.77%  33.3 4740s
 4163423 3586189   67.56773   66   51   74.81681   67.50432  9.77%  33.3 4745s
 4166982 3598065   67.91494   57   29   74.81681   67.50479  9.77%  33.3 4753s
 4181590 3598450   67.80290   57   42   74.81681   67.50620  9.77%  33.3 4755s
 4186862 3602805 infeasible   44        74.81681   67.50676  9.77%  33.3 4760s
 4189982 3608859     cutoff   68        74.81681   67.50733  9.77%  33.3 4766s
 4199168 3614718 infeasible   71        74.81681   67.50842  9.77%  33.3 4770s
 4209298 3621070 infeasible   84        74.81681   67.50960  9.77%  33.3 4775s
 4209824 3631843   69.01916   68    4   74.81681   67.50974  9.77%  33.3 4782s
 4223597 3632043   68.12559   59   66   74.81681   67.51102  9.76%  33.3 4787s
H4223682 3632043                      74.8168079   67.51108  9.76%  33.3 4789s
 4223707 3632356   68.29018   68   56   74.81681   67.51112  9.76%  33.3 4790s
 4225251 3633552   68.30357   91   52   74.81681   67.51142  9.76%  33.3 4795s
 4232967 3641943 infeasible   71        74.81681   67.51234  9.76%  33.3 4801s
 4239622 3645120   67.54926   50   41   74.81681   67.51313  9.76%  33.3 4805s
 4246685 3653121   67.65667   34  107   74.81681   67.51420  9.76%  33.3 4810s
 4251403 3659246   67.64891   83   29   74.81681   67.51478  9.76%  33.3 4816s
 4258687 3661573     cutoff   64        74.81681   67.51563  9.76%  33.4 4823s
 4261357 3664668 infeasible   70        74.81681   67.51586  9.76%  33.4 4826s
 4268861 3670744     cutoff   56        74.81681   67.51693  9.76%  33.4 4831s
 4272764 3683759     cutoff   86        74.81681   67.51752  9.76%  33.4 4839s
 4288780 3684158   68.26777   57  113   74.81681   67.51868  9.75%  33.4 4840s
 4293109 3687515   67.55788   50   82   74.81681   67.51928  9.75%  33.4 4845s
 4293722 3696205 infeasible   63        74.81681   67.51940  9.75%  33.4 4850s
 4309141 3700102   67.86469   49   62   74.81681   67.52115  9.75%  33.4 4856s
 4315987 3705338   67.55772   70   29   74.81681   67.52193  9.75%  33.4 4860s
 4316601 3713616     cutoff   82        74.81681   67.52211  9.75%  33.4 4865s
 4329055 3717651   67.99731   82   99   74.81681   67.52363  9.75%  33.4 4871s
 4336670 3723260   67.65882   51   34   74.81681   67.52450  9.75%  33.4 4876s
 4343050 3728802     cutoff   60        74.81681   67.52531  9.75%  33.4 4880s
 4350051 3734128   69.88867   81   67   74.81681   67.52619  9.74%  33.5 4886s
 4356454 3737363   67.70563   55   94   74.81681   67.52707  9.74%  33.5 4890s
 4360437 3753019   67.85363   59   85   74.81681   67.52761  9.74%  33.5 4901s
 4377927 3754684   67.70145   49   99   74.81681   67.52923  9.74%  33.5 4906s
 4382721 3758205 infeasible   65        74.81681   67.52971  9.74%  33.5 4911s
 4383275 3768085     cutoff   35        74.81681   67.52991  9.74%  33.5 4917s
 4396538 3771569 infeasible   75        74.81681   67.53129  9.74%  33.5 4921s
 4403704 3774905   67.63531   34   57   74.81681   67.53213  9.74%  33.5 4926s
 4404152 3777212   67.58386   51   40   74.81681   67.53225  9.74%  33.5 4932s
 4407408 3787931   68.62407   62   57   74.81681   67.53259  9.74%  33.5 4938s
 4420976 3790761   70.25571   83   16   74.81681   67.53384  9.73%  33.5 4940s
 4431937 3798738 infeasible   59        74.81681   67.53527  9.73%  33.5 4945s
 4438365 3803952   68.10559   49   24   74.81681   67.53626  9.73%  33.6 4950s
 4444476 3808828   67.65979   61   59   74.81681   67.53705  9.73%  33.6 4955s
 4447888 3818601     cutoff   83        74.81681   67.53752  9.73%  33.6 4963s
 4459872 3819074 infeasible   77        74.81681   67.53875  9.73%  33.6 4966s
 4464518 3822597     cutoff   71        74.81681   67.53933  9.73%  33.6 4970s
 4468993 3831522 infeasible   91        74.81681   67.53993  9.73%  33.6 4976s
 4476615 3832239   67.79651   87   53   74.81681   67.54073  9.73%  33.6 4980s
 4484313 3840378   68.20916   71   46   74.81681   67.54167  9.72%  33.6 4986s
H4486328 3840378                      74.8168079   67.54176  9.72%  33.6 4988s
 4488072 3843504     cutoff   28        74.81681   67.54210  9.72%  33.6 4991s
 4494613 3846585     cutoff   99        74.81681   67.54291  9.72%  33.6 4995s
 4502505 3854858   69.76553   71   48   74.81681   67.54381  9.72%  33.6 5001s
 4511815 3860459   70.00234   72   97   74.81681   67.54490  9.72%  33.6 5006s
 4512484 3868517   67.64356   63   39   74.81681   67.54512  9.72%  33.6 5011s
 4523454 3869743 infeasible   72        74.81681   67.54635  9.72%  33.6 5015s
 4531450 3877879   67.59895   78   51   74.81681   67.54732  9.72%  33.6 5021s
 4534755 3882844     cutoff   58        74.81681   67.54776  9.72%  33.6 5029s
 4541172 3887876   68.99566   61   21   74.81681   67.54854  9.71%  33.7 5032s
 4548207 3892498   69.34142   44   26   74.81681   67.54935  9.71%  33.7 5036s
 4555617 3896566   68.41335   58   30   74.81681   67.55035  9.71%  33.7 5041s
 4563906 3901854   68.50663   74   61   74.81681   67.55135  9.71%  33.7 5046s
 4568599 3907289     cutoff   58        74.81681   67.55198  9.71%  33.7 5050s
 4575603 3912655   67.68302   67   37   74.81681   67.55261  9.71%  33.7 5055s
 4579381 3921027   70.08854   86   16   74.81681   67.55317  9.71%  33.7 5061s
 4590419 3924391   67.59761   76   33   74.81681   67.55427  9.71%  33.7 5065s
 4597953 3929970   67.70478   64   81   74.81681   67.55510  9.71%  33.7 5070s
 4601444 3940258   69.25753   51   76   74.81681   67.55551  9.71%  33.7 5078s
 4613589 3940541     cutoff   62        74.81681   67.55656  9.70%  33.7 5080s
 4616228 3944804   68.73431   59   53   74.81681   67.55713  9.70%  33.7 5085s
 4623263 3948210     cutoff   84        74.81681   67.55803  9.70%  33.7 5090s
 4623855 3956546   70.10299   83    9   74.81681   67.55814  9.70%  33.8 5095s
 4635144 3957814   68.24680   60   46   74.81681   67.55953  9.70%  33.8 5100s
 4639881 3963541   67.86898   53   28   74.81681   67.56020  9.70%  33.8 5105s
 4646223 3966289   67.94770   56   34   74.81681   67.56108  9.70%  33.8 5110s
 4650376 3971782   67.71243   54   62   74.81681   67.56182  9.70%  33.8 5115s
 4657420 3974564   68.46975   87   52   74.81681   67.56280  9.70%  33.8 5120s
 4661743 3980740   69.33891   39   68   74.81681   67.56336  9.69%  33.8 5125s
 4665570 3993924 infeasible   56        74.81681   67.56396  9.69%  33.8 5133s
 4681501 3994586   67.70038   46   38   74.81681   67.56517  9.69%  33.8 5136s
 4683778 3996634   68.49624   74   53   74.81681   67.56572  9.69%  33.8 5141s
 4689281 4010330 infeasible   68        74.81681   67.56657  9.69%  33.9 5151s
 4703067 4011232   67.63213   58   26   74.81681   67.56781  9.69%  33.9 5155s
 4705172 4015074 infeasible   41        74.81681   67.56833  9.69%  33.9 5160s
 4711635 4019171   67.73705   55   49   74.81681   67.56928  9.69%  33.9 5168s
 4714147 4027145   71.74126   92   59   74.81681   67.56969  9.69%  33.9 5174s
 4723996 4027987   71.05605   87   59   74.81681   67.57067  9.69%  33.9 5176s
 4729268 4031654   68.81750   58   27   74.81681   67.57154  9.68%  33.9 5180s
 4734159 4039245     cutoff   97        74.81681   67.57240  9.68%  33.9 5190s
 4741361 4044370     cutoff   82        74.81681   67.57370  9.68%  34.0 5196s
 4746689 4047531 infeasible   85        74.81681   67.57424  9.68%  34.0 5200s
 4756622 4052447 infeasible   55        74.81681   67.57559  9.68%  34.0 5206s
 4757093 4055165   67.82037   38   95   74.81681   67.57577  9.68%  34.0 5212s
 4761204 4062096   67.65212   62   41   74.81681   67.57637  9.68%  34.0 5217s
 4773662 4065635 infeasible   39        74.81681   67.57788  9.68%  34.0 5221s
 4778020 4068925   67.65241   56   71   74.81681   67.57850  9.67%  34.0 5225s
 4778612 4078876   69.25657   43   71   74.81681   67.57872  9.67%  34.0 5231s
 4791981 4079989   67.58528   61   41   74.81681   67.58012  9.67%  34.0 5235s
 4796341 4085574 infeasible   73        74.81681   67.58078  9.67%  34.1 5240s
 4799872 4094450 infeasible   62        74.81681   67.58132  9.67%  34.1 5250s
 4811922 4095699     cutoff   46        74.81681   67.58261  9.67%  34.1 5256s
 4817861 4100171 infeasible   62        74.81681   67.58336  9.67%  34.1 5261s
 4823452 4108471   68.23215   76   69   74.81681   67.58438  9.67%  34.1 5269s
 4829203 4109325   67.87250   66   59   74.81681   67.58485  9.67%  34.1 5271s
 4831761 4114374   70.33541   61   97   74.81681   67.58574  9.67%  34.1 5276s
 4837699 4118501   67.87666   67   40   74.81681   67.58655  9.66%  34.1 5281s
 4844356 4120374     cutoff   78        74.81681   67.58772  9.66%  34.2 5286s
 4845135 4126768 infeasible   73        74.81681   67.58800  9.66%  34.2 5290s
 4853767 4127954   69.85014   56   42   74.81681   67.58902  9.66%  34.2 5295s
 4855955 4131711   69.91900   77   83   74.81681   67.58951  9.66%  34.2 5301s
 4860583 4135588   68.94168   73   15   74.81681   67.59019  9.66%  34.2 5305s
 4867161 4138168     cutoff   59        74.81681   67.59125  9.66%  34.2 5311s
 4869860 4144586 infeasible   61        74.81681   67.59176  9.66%  34.2 5317s
 4877265 4145836     cutoff   60        74.81681   67.59278  9.66%  34.3 5321s
 4882364 4149734   67.67035   62   44   74.81681   67.59351  9.65%  34.3 5325s
 4887968 4155591   68.13289   75   70   74.81681   67.59446  9.65%  34.3 5333s
 4891214 4162645   67.82740   44   94   74.81681   67.59497  9.65%  34.3 5338s
 4900084 4163065   69.86273   58   34   74.81681   67.59610  9.65%  34.3 5340s
 4906042 4167750 infeasible   66        74.81681   67.59702  9.65%  34.3 5346s
 4910700 4171252 infeasible   58        74.81681   67.59782  9.65%  34.3 5350s
 4913910 4178892   67.72001   50   29   74.81681   67.59844  9.65%  34.4 5358s
 4922446 4180220   67.73487   44   40   74.81681   67.59970  9.65%  34.4 5361s
 4928018 4184411     cutoff   86        74.81681   67.60042  9.65%  34.4 5365s
 4932948 4196408   69.20445   66   85   74.81681   67.60120  9.64%  34.4 5375s
 4945697 4197767   68.53396   74   55   74.81681   67.60265  9.64%  34.4 5380s
 4950350 4201162     cutoff   77        74.81681   67.60352  9.64%  34.4 5385s
 4955182 4206537 infeasible   98        74.81681   67.60411  9.64%  34.4 5393s
 4958608 4212170     cutoff   96        74.81681   67.60479  9.64%  34.4 5397s
 4966524 4216298     cutoff   56        74.81681   67.60579  9.64%  34.5 5402s
 4971465 4217205   67.96569   68   43   74.81681   67.60664  9.64%  34.5 5406s
 4976607 4221038     cutoff   43        74.81681   67.60736  9.64%  34.5 5410s
 4977076 4223281     cutoff   66        74.81681   67.60751  9.64%  34.5 5416s
 4980585 4231005   68.07385  104   41   74.81681   67.60795  9.64%  34.5 5421s
 4993768 4234459     cutoff   64        74.81681   67.60945  9.63%  34.5 5425s
 4998902 4246233   70.27426   74   47   74.81681   67.61023  9.63%  34.5 5434s
 5009260 4246593   69.41856   53   42   74.81681   67.61120  9.63%  34.5 5435s
 5011276 4248026     cutoff   62        74.81681   67.61173  9.63%  34.5 5440s
 5016323 4251803   68.67977   65   83   74.81681   67.61244  9.63%  34.5 5445s
 5020497 4256109     cutoff   76        74.81681   67.61319  9.63%  34.6 5454s
 5022986 4264379   68.64939   69   36   74.81681   67.61356  9.63%  34.6 5460s
 5037720 4268021   67.77562   77   36   74.81681   67.61525  9.63%  34.6 5465s
 5042604 4272687     cutoff   76        74.81681   67.61609  9.62%  34.6 5473s
 5045020 4279037     cutoff   54        74.81681   67.61654  9.62%  34.6 5478s
 5053060 4279595   70.06061   81   43   74.81681   67.61745  9.62%  34.6 5480s
 5058667 4286207   67.66367   74   31   74.81681   67.61833  9.62%  34.6 5486s
 5062949 4288996 infeasible  153        74.81681   67.61883  9.62%  34.6 5493s
 5066322 4295496   68.57637   69   32   74.81681   67.61927  9.62%  34.7 5499s
 5074644 4296032   70.04855   73   35   74.81681   67.62019  9.62%  34.7 5500s
 5080097 4300257     cutoff   56        74.81681   67.62093  9.62%  34.7 5505s
 5086086 4304442     cutoff   66        74.81681   67.62184  9.62%  34.7 5511s
 5086708 4306268   67.74031   75   68   74.81681   67.62203  9.62%  34.7 5515s
 5089329 4313632   68.21197   65   37   74.81681   67.62243  9.62%  34.7 5521s
 5102580 4317200   67.72990   48   32   74.81681   67.62384  9.61%  34.7 5525s
 5107384 4321818   68.59654   72   19   74.81681   67.62449  9.61%  34.7 5533s
 5109812 4330151     cutoff   69        74.81681   67.62499  9.61%  34.7 5539s
 5120530 4330035   67.70296   50   50   74.81681   67.62583  9.61%  34.7 5541s
 5122006 4330684   68.10451   61   28   74.81681   67.62628  9.61%  34.7 5545s
 5125136 4335892   67.86704   62   83   74.81681   67.62673  9.61%  34.7 5551s
 5129968 4339767   68.13016   82   27   74.81681   67.62749  9.61%  34.8 5559s
 5135211 4344799     cutoff   63        74.81681   67.62809  9.61%  34.8 5563s
 5141480 4345395     cutoff   69        74.81681   67.62896  9.61%  34.8 5565s
 5147293 4349827   69.92749   97  107   74.81681   67.62976  9.61%  34.8 5572s
 5148385 4353299     cutoff   72        74.81681   67.62995  9.61%  34.8 5575s
 5153302 4355289     cutoff   63        74.81681   67.63060  9.61%  34.8 5581s
 5155538 4364599   69.64121   60  108   74.81681   67.63100  9.60%  34.8 5588s
 5169373 4365410     cutoff   84        74.81681   67.63170  9.60%  34.8 5591s
 5173068 4368162   68.03625   47   56   74.81681   67.63220  9.60%  34.8 5595s
 5173611 4380245   67.74570   56   39   74.81681   67.63235  9.60%  34.8 5602s
 5189072 4380629     cutoff   71        74.81681   67.63342  9.60%  34.8 5605s
 5191274 4382195   67.77587   39   78   74.81681   67.63389  9.60%  34.8 5610s
 5193491 4383516     cutoff   52        74.81681   67.63432  9.60%  34.8 5616s
 5194038 4392776     cutoff   93        74.81681   67.63448  9.60%  34.8 5623s
 5206580 4393576   68.54402   69   74   74.81681   67.63558  9.60%  34.9 5626s
 5208568 4395152   68.43380   66   87   74.81681   67.63607  9.60%  34.9 5630s
 5213370 4398649   70.19532   70   19   74.81681   67.63655  9.60%  34.9 5635s
 5217281 4401094     cutoff   49        74.81681   67.63730  9.60%  34.9 5640s
 5223435 4401604 infeasible   36        74.81681   67.63758  9.60%  34.9 5645s
 5227888 4404336   70.11063   84   25   74.81681   67.63825  9.59%  34.9 5651s
 5231770 4406306     cutoff   34        74.81681   67.63897  9.59%  34.9 5657s
 5237425 4410358   68.37019   77   40   74.81681   67.63967  9.59%  34.9 5661s
 5238142 4413475   68.10622   86   36   74.81681   67.63993  9.59%  34.9 5667s
 5242759 4415362 infeasible   57        74.81681   67.64057  9.59%  34.9 5672s
 5245573 4419317   67.71079   70   42   74.81681   67.64097  9.59%  35.0 5676s
 5252265 4424925     cutoff   54        74.81681   67.64195  9.59%  35.0 5683s
 5258564 4425340   74.67019   48  107   74.81681   67.64264  9.59%  35.0 5685s
 5259270 4427414     cutoff   72        74.81681   67.64281  9.59%  35.0 5690s
 5262412 4435596   67.96624   57   39   74.81681   67.64323  9.59%  35.0 5697s
 5273049 4436081 infeasible   58        74.81681   67.64442  9.59%  35.0 5700s
 5277884 4439876     cutoff   64        74.81681   67.64513  9.59%  35.0 5705s
 5282898 4447125   67.77867   78   14   74.81681   67.64618  9.58%  35.0 5715s
 5290711 4450264   67.84595   40   36   74.81681   67.64761  9.58%  35.0 5721s
 5296098 4453031 infeasible   48        74.81681   67.64911  9.58%  35.1 5726s
 5301313 4456191 infeasible   58        74.81681   67.65032  9.58%  35.1 5731s
 5306187 4461937   72.56042   72   68   74.81681   67.65172  9.58%  35.1 5740s
 5316331 4465102     cutoff   59        74.81681   67.65378  9.57%  35.1 5747s
 5320076 4465700   67.69439   60   49   74.81681   67.65454  9.57%  35.1 5750s
 5326069 4469559   67.79997   41   37   74.81681   67.65633  9.57%  35.1 5756s
 5329626 4472437     cutoff   82        74.81681   67.65720  9.57%  35.2 5761s
 5334745 4474524   69.35191   66   98   74.81681   67.65849  9.57%  35.2 5765s
 5338865 4477654     cutoff   49        74.81681   67.65965  9.57%  35.2 5770s
 5344967 4479752     cutoff   69        74.81681   67.66103  9.56%  35.2 5775s
 5347464 4484229 infeasible   93        74.81681   67.66192  9.56%  35.2 5782s
 5354222 4484742     cutoff   54        74.81681   67.66336  9.56%  35.2 5785s
 5360189 4486776     cutoff   61        74.81681   67.66527  9.56%  35.2 5791s
 5366142 4488692   68.83516   51  103   74.81681   67.66732  9.56%  35.2 5796s
 5370505 4490396     cutoff   73        74.81681   67.66874  9.55%  35.3 5800s
 5374320 4492160     cutoff   72        74.81681   67.67017  9.55%  35.3 5806s
 5379916 4493731 infeasible   68        74.81681   67.67201  9.55%  35.3 5811s
 5385256 4495447     cutoff   49        74.81681   67.67444  9.55%  35.3 5816s
 5390806 4497684     cutoff   38        74.81681   67.67649  9.54%  35.3 5822s
 5398339 4496110     cutoff   69        74.81681   67.67881  9.54%  35.3 5826s
 5402336 4494259 infeasible   63        74.81681   67.68273  9.54%  35.4 5832s
 5404772 4493126     cutoff   97        74.81681   67.68534  9.53%  35.4 5835s
 5407424 4491650     cutoff   52        74.81681   67.68759  9.53%  35.4 5840s
 5413455 4488860 infeasible   38        74.81681   67.69403  9.52%  35.4 5849s
 5417187 4487167 infeasible   76        74.81681   67.69770  9.52%  35.5 5854s
 5421009 4485085     cutoff   82        74.81681   67.70095  9.51%  35.5 5859s
 5425345 4483096     cutoff   78        74.81681   67.70578  9.50%  35.5 5864s
 5430169 4480702     cutoff   50        74.81681   67.70924  9.50%  35.6 5870s
 5435522 4477962     cutoff  102        74.81681   67.71541  9.49%  35.6 5877s
 5446332 4467293 infeasible   81        74.81681   67.72078  9.48%  35.6 5884s
 5452650 4464708     cutoff   65        74.81681   67.72265  9.48%  35.6 5889s
 5456853 4462531     cutoff   60        74.81681   67.72348  9.48%  35.6 5893s
 5460579 4459092     cutoff   79        74.81681   67.72886  9.47%  35.7 5899s
 5466210 4456277     cutoff   59        74.81681   67.73337  9.47%  35.7 5905s
 5471160 4453551 infeasible   74        74.81681   67.73820  9.46%  35.7 5910s
 5475750 4450235     cutoff   65        74.81681   67.74286  9.46%  35.8 5915s
 5481189 4447159 infeasible   45        74.81681   67.74805  9.45%  35.8 5920s
 5486225 4443437 infeasible   64        74.81681   67.75352  9.44%  35.8 5926s
 5492149 4439791     cutoff   64        74.81681   67.76018  9.43%  35.9 5932s
 5498208 4436577     cutoff   72        74.81681   67.76542  9.42%  35.9 5939s
 5503479 4433680     cutoff   54        74.81681   67.77208  9.42%  36.0 5946s
 5508787 4431672 infeasible   30        74.81681   67.77407  9.41%  36.0 5950s
 5512371 4427141     cutoff   68        74.81681   67.78149  9.40%  36.0 5958s
 5519984 4425263   69.79830   66   65   74.81681   67.78626  9.40%  36.1 5962s
 5523487 4421870   67.90681   41   84   74.81681   67.79132  9.39%  36.1 5968s
 5529483 4419473 infeasible   95        74.81681   67.79620  9.38%  36.1 5973s
 5533654 4416164 infeasible   82        74.81681   67.80160  9.38%  36.2 5979s
 5539519 4413990     cutoff   72        74.81681   67.80577  9.37%  36.2 5984s
 5543388 4410294     cutoff   58        74.81681   67.81201  9.36%  36.2 5990s
 5550060 4407372     cutoff   49        74.81681   67.81715  9.36%  36.3 5995s
 5555185 4404293     cutoff   62        74.81681   67.82360  9.35%  36.3 6001s
 5560554 4401284 infeasible   64        74.81681   67.82843  9.34%  36.3 6007s
 5565937 4398537   72.07944   64   45   74.81681   67.83403  9.33%  36.4 6013s
 5571097 4395919     cutoff   65        74.81681   67.83838  9.33%  36.4 6018s
 5575526 4392450     cutoff   41        74.81681   67.84487  9.32%  36.4 6025s
 5581995 4390121     cutoff   66        74.81681   67.84992  9.31%  36.5 6031s
 5586602 4388025     cutoff   60        74.81681   67.85538  9.30%  36.5 6038s
 5590414 4385994     cutoff   61        74.81681   67.85715  9.30%  36.6 6043s
 5594572 4382201     cutoff   51        74.81681   67.86433  9.29%  36.6 6051s
 5601893 4380018     cutoff  128        74.81681   67.86964  9.29%  36.6 6057s
 5606162 4376057 infeasible   43        74.81681   67.87529  9.28%  36.7 6065s
 5613125 4373687   70.42986   39   70   74.81681   67.88099  9.27%  36.7 6071s
 5617664 4371284   69.49643   81   63   74.81681   67.88659  9.26%  36.7 6078s
 5622899 4368379     cutoff   72        74.81681   67.89118  9.26%  36.8 6085s
 5628058 4365565     cutoff   73        74.81681   67.89712  9.25%  36.8 6092s
 5633640 4363007     cutoff   41        74.81681   67.90362  9.24%  36.9 6099s
 5639286 4361587     cutoff   84        74.81681   67.90785  9.23%  36.9 6104s
 5642236 4359243     cutoff   68        74.81681   67.91127  9.23%  36.9 6111s
 5647184 4356383   71.81529   81   34   74.81681   67.91621  9.22%  36.9 6118s
 5652739 4353833     cutoff   57        74.81681   67.92163  9.22%  37.0 6123s
 5657651 4351053   69.43136   70   67   74.81681   67.92815  9.21%  37.0 6130s
 5663360 4348628     cutoff   81        74.81681   67.93250  9.20%  37.0 6135s
 5668199 4345565     cutoff   73        74.81681   67.93879  9.19%  37.1 6140s
 5673901 4342684 infeasible   81        74.81681   67.94588  9.18%  37.1 6146s
 5679330 4341022     cutoff   79        74.81681   67.94909  9.18%  37.2 6150s
 5682711 4337596     cutoff   67        74.81681   67.95525  9.17%  37.2 6156s
 5688948 4336065     cutoff   45        74.81681   67.95928  9.17%  37.2 6160s
 5696083 4332006 infeasible   79        74.81681   67.96798  9.15%  37.3 6168s
 5699795 4328644     cutoff   60        74.81681   67.97616  9.14%  37.3 6175s
 5706491 4326463     cutoff   78        74.81681   67.98134  9.14%  37.3 6180s
 5710479 4323643 infeasible   51        74.81681   67.98723  9.13%  37.4 6187s
 5716143 4321071 infeasible   26        74.81681   67.99324  9.12%  37.4 6192s
 5721445 4318498 infeasible   69        74.81681   67.99845  9.11%  37.4 6197s
 5726538 4315739 infeasible   72        74.81681   68.00599  9.10%  37.5 6203s
 5732327 4312722     cutoff   42        74.81681   68.01159  9.10%  37.5 6208s
 5737725 4309117   71.90385   90   66   74.81681   68.01932  9.09%  37.6 6214s
 5744158 4305509     cutoff  120        74.81681   68.02674  9.08%  37.6 6219s
 5750271 4301849     cutoff   97        74.81681   68.03490  9.06%  37.6 6225s
 5756619 4298996     cutoff   67        74.81681   68.04126  9.06%  37.7 6230s
 5761864 4295295     cutoff   88        74.81681   68.04907  9.05%  37.7 6236s
 5768311 4291710     cutoff   69        74.81681   68.05652  9.04%  37.8 6243s
 5774485 4289343     cutoff   70        74.81681   68.06270  9.03%  37.8 6248s
 5778540 4286275     cutoff   74        74.81681   68.06992  9.02%  37.8 6256s
 5783825 4283079     cutoff   64        74.81681   68.07528  9.01%  37.9 6262s
 5789380 4279948   70.09867   39   64   74.81681   68.08244  9.00%  37.9 6268s
 5794920 4277094     cutoff   78        74.81681   68.08894  8.99%  38.0 6272s
 5799958 4273751     cutoff   50        74.81681   68.09652  8.98%  38.0 6277s
 5805877 4271167     cutoff   49        74.81681   68.10257  8.97%  38.0 6282s
 5810482 4268529 infeasible  108        74.81681   68.10898  8.97%  38.1 6288s
 5815369 4265353   72.63230   63   75   74.81681   68.11638  8.96%  38.1 6293s
 5821138 4262282 infeasible   74        74.81681   68.12354  8.95%  38.1 6298s
 5826492 4259077   72.24516   93   40   74.81681   68.13121  8.94%  38.2 6303s
 5832253 4256225     cutoff   95        74.81681   68.13771  8.93%  38.2 6310s
 5837484 4252010     cutoff   72        74.81681   68.14501  8.92%  38.3 6316s
 5844111 4248790     cutoff   65        74.81681   68.15186  8.91%  38.3 6322s
 5849755 4246696     cutoff   91        74.81681   68.15837  8.90%  38.3 6327s
 5853507 4243863   72.93696   97   50   74.81681   68.16404  8.89%  38.4 6334s
 5858689 4241112     cutoff   57        74.81681   68.17008  8.88%  38.4 6340s
 5868596 4235488   73.20873  103   36   74.81681   68.18333  8.87%  38.5 6349s
 5873969 4232401     cutoff   31        74.81681   68.19045  8.86%  38.5 6354s
 5879411 4229611     cutoff   80        74.81681   68.19813  8.85%  38.5 6359s
 5884730 4226213     cutoff   47        74.81681   68.20587  8.84%  38.6 6365s
 5891125 4223491     cutoff   52        74.81681   68.21340  8.83%  38.6 6370s
 5900040 4218235     cutoff   64        74.81681   68.22505  8.81%  38.7 6378s
 5905753 4215561     cutoff   95        74.81681   68.23267  8.80%  38.7 6384s
 5910836 4212297     cutoff   71        74.81681   68.23930  8.79%  38.8 6389s
 5917001 4209658   69.76538   67   71   74.81681   68.24700  8.78%  38.8 6394s
 5921916 4206742     cutoff   60        74.81681   68.25274  8.77%  38.8 6401s
 5927396 4203919     cutoff   53        74.81681   68.25944  8.76%  38.9 6405s
 5932396 4200785     cutoff   47        74.81681   68.26739  8.75%  38.9 6411s
 5938075 4197471     cutoff   58        74.81681   68.27577  8.74%  39.0 6418s
 5944052 4194130     cutoff   46        74.81681   68.28362  8.73%  39.0 6425s
 5949952 4191742     cutoff   85        74.81681   68.29136  8.72%  39.0 6432s
 5954167 4188462     cutoff   93        74.81681   68.29672  8.71%  39.1 6438s
 5960114 4184179     cutoff   54        74.81681   68.30575  8.70%  39.1 6446s
 5967338 4181121     cutoff   79        74.81681   68.31464  8.69%  39.2 6453s
 5972931 4178024     cutoff   76        74.81681   68.32280  8.68%  39.2 6460s
 5978653 4175022     cutoff   54        74.81681   68.33034  8.67%  39.2 6466s
 5983842 4171408     cutoff   96        74.81681   68.33745  8.66%  39.3 6473s
 5990033 4167887   70.34471   56   60   74.81681   68.34590  8.65%  39.3 6480s
 5996287 4164678   72.36879   94   35   74.81681   68.35420  8.64%  39.4 6487s
 6002051 4161027     cutoff   74        74.81681   68.36231  8.63%  39.4 6494s
 6008293 4157591     cutoff   66        74.81681   68.37030  8.62%  39.4 6501s
 6014253 4154329     cutoff   40        74.81681   68.37868  8.61%  39.5 6507s
 6020124 4151631     cutoff   72        74.81681   68.38711  8.59%  39.5 6514s
 6025091 4148980 infeasible   85        74.81681   68.39254  8.59%  39.5 6519s
 6030051 4145863     cutoff   72        74.81681   68.40114  8.58%  39.6 6527s
 6035557 4142683 infeasible  134        74.81681   68.40749  8.57%  39.6 6534s
 6041377 4139436     cutoff  102        74.81681   68.41631  8.55%  39.7 6541s
 6047249 4136538     cutoff   62        74.81681   68.42441  8.54%  39.7 6547s
 6052420 4133484   72.70347   83   43   74.81681   68.43255  8.53%  39.7 6554s
 6057970 4130354     cutoff   31        74.81681   68.43984  8.52%  39.8 6561s
 6063796 4127207   72.71346   67   76   74.81681   68.44811  8.51%  39.8 6567s
 6069520 4124371   69.93088   84   61   74.81681   68.45592  8.50%  39.8 6573s
 6074741 4121324 infeasible   68        74.81681   68.46380  8.49%  39.9 6580s
 6080382 4118261     cutoff  103        74.81681   68.47199  8.48%  39.9 6587s
 6086069 4115309   70.34876   65   84   74.81681   68.48049  8.47%  40.0 6593s
 6091518 4112426     cutoff  102        74.81681   68.48889  8.46%  40.0 6600s
 6097068 4110039 infeasible   67        74.81681   68.49676  8.45%  40.0 6607s
 6101837 4106895 infeasible   52        74.81681   68.50404  8.44%  40.1 6614s
 6107608 4104181     cutoff   98        74.81681   68.51197  8.43%  40.1 6620s
 6112823 4100974     cutoff   99        74.81681   68.51988  8.42%  40.1 6627s
 6118705 4098202     cutoff   45        74.81681   68.52792  8.41%  40.2 6634s
 6124035 4095308   70.66825   72   96   74.81681   68.53630  8.39%  40.2 6640s
 6129682 4092799 infeasible   73        74.81681   68.54421  8.38%  40.3 6647s
 6134408 4089969     cutoff   44        74.81681   68.55112  8.37%  40.3 6654s
 6139930 4086949     cutoff   93        74.81681   68.55954  8.36%  40.3 6661s
 6145596 4084336     cutoff   80        74.81681   68.56784  8.35%  40.4 6667s
 6150400 4081358   70.97534   83   55   74.81681   68.57516  8.34%  40.4 6672s
 6156159 4078425     cutoff   88        74.81681   68.58325  8.33%  40.4 6677s
 6161550 4075804 infeasible  114        74.81681   68.59098  8.32%  40.5 6681s
 6166532 4073027 infeasible   65        74.81681   68.59938  8.31%  40.5 6687s
 6171994 4070605     cutoff  100        74.81681   68.60606  8.30%  40.5 6691s
 6176683 4067316     cutoff   64        74.81681   68.61456  8.29%  40.6 6696s
 6182800 4065169   70.44282   45   84   74.81681   68.62287  8.28%  40.6 6700s
 6186836 4062386 infeasible  124        74.81681   68.62870  8.27%  40.6 6705s
 6192225 4059284     cutoff  132        74.81681   68.63762  8.26%  40.7 6711s
 6198320 4055686 infeasible   90        74.81681   68.64645  8.25%  40.7 6718s
 6204710 4053441     cutoff   69        74.81681   68.65485  8.24%  40.8 6724s
 6209028 4050476     cutoff   74        74.81681   68.66217  8.23%  40.8 6730s
 6214732 4047414     cutoff   93        74.81681   68.66986  8.22%  40.8 6737s
 6220413 4044453     cutoff   76        74.81681   68.67807  8.21%  40.9 6744s
 6225887 4041308     cutoff   62        74.81681   68.68559  8.19%  40.9 6750s
 6231640 4038045     cutoff   67        74.81681   68.69307  8.18%  41.0 6757s
 6237494 4035731   73.48556   94   41   74.81681   68.70101  8.17%  41.0 6763s
 6242213 4032348     cutoff   97        74.81681   68.70787  8.17%  41.0 6770s
 6248225 4029418     cutoff   86        74.81681   68.71642  8.15%  41.1 6777s
 6253776 4026562     cutoff   53        74.81681   68.72389  8.14%  41.1 6783s
 6259278 4023848 infeasible   86        74.81681   68.73158  8.13%  41.2 6790s
 6264382 4020783     cutoff  130        74.81681   68.73921  8.12%  41.2 6796s
 6269927 4018006 infeasible   55        74.81681   68.74620  8.11%  41.2 6803s
 6274612 4014763   70.10927   78   74   74.81681   68.75349  8.10%  41.3 6809s
 6280555 4011971     cutoff   82        74.81681   68.76047  8.09%  41.3 6815s
 6285676 4008803   72.00253   76   15   74.81681   68.76870  8.08%  41.4 6822s
 6291523 4005849     cutoff  123        74.81681   68.77634  8.07%  41.4 6829s
 6297021 4003278 infeasible   79        74.81681   68.78359  8.06%  41.5 6836s
 6301773 4000512     cutoff   74        74.81681   68.78998  8.06%  41.5 6842s
 6306910 3997829     cutoff   96        74.81681   68.79762  8.05%  41.5 6848s
 6312003 3994654     cutoff  102        74.81681   68.80502  8.04%  41.6 6855s
 6317633 3991763   74.23031   98   31   74.81681   68.81293  8.02%  41.6 6862s
 6323201 3989147     cutoff   99        74.81681   68.82013  8.02%  41.7 6868s
 6328208 3986506   72.73125   89   21   74.81681   68.82696  8.01%  41.7 6874s
 6332956 3983761 infeasible   78        74.81681   68.83455  8.00%  41.7 6881s
 6338087 3981114     cutoff   85        74.81681   68.84133  7.99%  41.8 6886s
 6343111 3978543 infeasible  104        74.81681   68.84812  7.98%  41.8 6891s
 6347704 3975243     cutoff   83        74.81681   68.85528  7.97%  41.9 6897s
 6353634 3972304   70.57706   78   49   74.81681   68.86339  7.96%  41.9 6902s
 6359004 3969988 infeasible   75        74.81681   68.87073  7.95%  42.0 6906s
 6363218 3966909   71.59038   73   37   74.81681   68.87713  7.94%  42.0 6912s
 6369137 3964562 infeasible   92        74.81681   68.88458  7.93%  42.1 6917s
 6373616 3961467     cutoff  116        74.81681   68.89152  7.92%  42.1 6922s
 6379174 3958601     cutoff   51        74.81681   68.89962  7.91%  42.2 6927s
 6384692 3956129     cutoff   98        74.81681   68.90733  7.90%  42.2 6933s
 6389207 3954790     cutoff  114        74.81681   68.91279  7.89%  42.2 6939s
 6391654 3952303 infeasible   69        74.81681   68.91578  7.89%  42.3 6944s
 6396678 3949301     cutoff   75        74.81681   68.92435  7.88%  42.3 6950s
 6402510 3946368     cutoff  121        74.81681   68.93215  7.87%  42.4 6956s
 6408203 3943174     cutoff   80        74.81681   68.94013  7.85%  42.4 6961s
 6413950 3940727     cutoff   58        74.81681   68.94731  7.85%  42.5 6967s
 6418839 3937631 infeasible   89        74.81681   68.95484  7.84%  42.5 6972s
 6424448 3935186 infeasible   79        74.81681   68.96216  7.83%  42.6 6977s
 6429164 3932402     cutoff   74        74.81681   68.96963  7.82%  42.6 6982s
 6434510 3929778   73.32216   78   38   74.81681   68.97681  7.81%  42.6 6987s
 6439707 3927222     cutoff   56        74.81681   68.98404  7.80%  42.7 6992s
 6444755 3924621 infeasible  101        74.81681   68.99134  7.79%  42.7 6999s
 6450092 3922101     cutoff   84        74.81681   68.99841  7.78%  42.8 7006s
 6455379 3919741     cutoff   81        74.81681   69.00623  7.77%  42.8 7013s
 6460219 3916847     cutoff   78        74.81681   69.01300  7.76%  42.9 7020s
 6466159 3914239   70.29532   71   70   74.81681   69.02096  7.75%  42.9 7025s
 6471568 3911952     cutoff   67        74.81681   69.02765  7.74%  43.0 7030s
 6476188 3909246   74.39718   93   39   74.81681   69.03582  7.73%  43.0 7035s
 6481742 3907855   71.01195   72   57   74.81681   69.04303  7.72%  43.0 7040s
 6487412 3903905 infeasible  111        74.81681   69.05225  7.70%  43.1 7051s
 6492970 3901571   71.32474   96  102   74.81681   69.06010  7.69%  43.1 7057s
 6497857 3898965     cutoff   61        74.81681   69.06817  7.68%  43.2 7062s
 6503136 3896468   73.22273   63   81   74.81681   69.07607  7.67%  43.2 7067s
 6508345 3894164     cutoff  110        74.81681   69.08396  7.66%  43.3 7071s
 6513267 3891849     cutoff   48        74.81681   69.09199  7.65%  43.3 7076s
 6518079 3889701   71.06194   70   60   74.81681   69.09964  7.64%  43.3 7081s
 6522684 3887771     cutoff   61        74.81681   69.10779  7.63%  43.4 7087s
 6526789 3885405 infeasible   40        74.81681   69.11452  7.62%  43.4 7093s
 6531662 3883226 infeasible   71        74.81681   69.12351  7.61%  43.4 7099s
 6536440 3881208     cutoff   92        74.81681   69.13169  7.60%  43.5 7104s
 6540905 3879023     cutoff  103        74.81681   69.14107  7.59%  43.5 7110s
 6545372 3877265     cutoff   70        74.81681   69.14893  7.58%  43.5 7115s
 6553286 3873518     cutoff   57        74.81681   69.16526  7.55%  43.6 7123s
 6557406 3871590   74.60878  102   24   74.81681   69.17357  7.54%  43.6 7128s
 6561305 3869781   73.31158   60   41   74.81681   69.18105  7.53%  43.6 7131s
 6568867 3865755     cutoff   65        74.81681   69.19825  7.51%  43.7 7138s
 6572683 3862941     cutoff   94        74.81681   69.20739  7.50%  43.7 7144s
 6577713 3861329     cutoff  115        74.81681   69.21714  7.48%  43.7 7147s
 6581075 3859748     cutoff   90        74.81681   69.22505  7.47%  43.7 7150s
 6587518 3856771   73.04204   69   37   74.81681   69.24033  7.45%  43.8 7156s
 6593972 3853782     cutoff   61        74.81681   69.25672  7.43%  43.8 7163s
 6597772 3852429     cutoff   76        74.81681   69.26450  7.42%  43.8 7166s
 6602153 3850793   72.69691   57   66   74.81681   69.27400  7.41%  43.8 7170s
 6607509 3848332     cutoff  108        74.81681   69.29062  7.39%  43.9 7176s
 6614040 3846102     cutoff   96        74.81681   69.30775  7.36%  43.9 7181s
 6620184 3844139     cutoff   52        74.81681   69.32339  7.34%  43.9 7186s
 6626493 3841900     cutoff   71        74.81681   69.34017  7.32%  43.9 7192s
 6629928 3839979   73.41604   77   50   74.81681   69.34921  7.31%  43.9 7195s
 6636947 3839136     cutoff   58        74.81681   69.36511  7.29%  43.9 7200s

Cutting planes:
  Learned: 8
  Gomory: 208
  Lift-and-project: 52
  Cover: 2279
  Implied bound: 991
  Projected implied bound: 3
  Clique: 2
  MIR: 1052
  StrongCG: 1
  Flow cover: 1909
  GUB cover: 1
  Inf proof: 143
  Zero half: 8
  Network: 1
  RLT: 111
  Relax-and-lift: 113
  BQP: 1
  PSD: 3

Explored 6638359 nodes (291739976 simplex iterations) in 7200.06 seconds (10020.99 work units)
Thread count was 32 (of 32 available processors)

Solution count 10: 74.8168 74.8168 74.8168 ... 74.9835

Time limit reached
Best objective 7.481680792626e+01, best bound 6.936932436858e+01, gap 7.2811%
