
Gurobi 9.5.2 (linux64) logging started Sun Aug 16 10:04:39 2026

Set parameter LogFile to value "/mnt/beegfs/users/celinep/ChargeAndBreak/logs/oracle_RmediumCfewTnone_16__nosplit_gurobi.log"
Gurobi Optimizer version 9.5.2 build v9.5.2rc0 (linux64)
Thread count: 16 physical cores, 32 logical processors, using up to 32 threads
Optimize a model with 5908 rows, 2894 columns and 65434 nonzeros
Model fingerprint: 0x1b4a9c76
Variable types: 1966 continuous, 928 integer (928 binary)
Coefficient statistics:
  Matrix range     [6e-02, 1e+03]
  Objective range  [5e-01, 1e+00]
  Bounds range     [1e+00, 4e+01]
  RHS range        [4e-02, 2e+07]

User MIP start did not produce a new incumbent solution

Presolve removed 2435 rows and 734 columns
Presolve time: 0.23s
Presolved: 3473 rows, 2160 columns, 53400 nonzeros
Variable types: 1492 continuous, 668 integer (668 binary)
Found heuristic solution: objective 1249.2248081
Root relaxation presolve removed 86 rows and 70 columns
Root relaxation presolved: 3387 rows, 2090 columns, 48412 nonzeros


Root relaxation: objective 6.433489e+01, 2510 iterations, 0.28 seconds (0.32 work units)
Another try with MIP start

    Nodes    |    Current Node    |     Objective Bounds      |     Work
 Expl Unexpl |  Obj  Depth IntInf | Incumbent    BestBd   Gap | It/Node Time

H    0     0                      75.9523663   64.33489  15.3%     -    1s
     0     0   64.33489    0  146   75.95237   64.33489  15.3%     -    1s
     0     0   65.29832    0  161   75.95237   65.29832  14.0%     -    1s
     0     0   65.30068    0  161   75.95237   65.30068  14.0%     -    1s
     0     0   65.51096    0  183   75.95237   65.51096  13.7%     -    1s
     0     0   65.53820    0  188   75.95237   65.53820  13.7%     -    1s
     0     0   65.53920    0  180   75.95237   65.53920  13.7%     -    1s
     0     0   65.53920    0  178   75.95237   65.53920  13.7%     -    1s
     0     0   65.84028    0  184   75.95237   65.84028  13.3%     -    2s
     0     0   65.91466    0  212   75.95237   65.91466  13.2%     -    2s
     0     0   65.93235    0  205   75.95237   65.93235  13.2%     -    2s
     0     0   65.93310    0  203   75.95237   65.93310  13.2%     -    2s
     0     0   65.93310    0  201   75.95237   65.93310  13.2%     -    2s
     0     0   65.99416    0  120   75.95237   65.99416  13.1%     -    3s
     0     0   66.02492    0  143   75.95237   66.02492  13.1%     -    3s
     0     0   66.03072    0  186   75.95237   66.03072  13.1%     -    3s
     0     0   66.03428    0  178   75.95237   66.03428  13.1%     -    3s
     0     0   66.03452    0  186   75.95237   66.03452  13.1%     -    3s
     0     0   66.08455    0  154   75.95237   66.08455  13.0%     -    3s
     0     0   66.09550    0  168   75.95237   66.09550  13.0%     -    3s
     0     0   66.09979    0  171   75.95237   66.09979  13.0%     -    3s
     0     0   66.10040    0  176   75.95237   66.10040  13.0%     -    3s
     0     0   66.10075    0  177   75.95237   66.10075  13.0%     -    3s
     0     0   66.12425    0  156   75.95237   66.12425  12.9%     -    4s
     0     0   66.13210    0  162   75.95237   66.13210  12.9%     -    4s
     0     0   66.13228    0  169   75.95237   66.13228  12.9%     -    4s
     0     0   66.13953    0  169   75.95237   66.13953  12.9%     -    4s
     0     0   66.14169    0  170   75.95237   66.14169  12.9%     -    4s
     0     0   66.14173    0  170   75.95237   66.14173  12.9%     -    4s
     0     0   66.15744    0  167   75.95237   66.15744  12.9%     -    6s
     0     0   66.16405    0  165   75.95237   66.16405  12.9%     -    6s
     0     0   66.16454    0  175   75.95237   66.16454  12.9%     -    6s
     0     0   66.16487    0  171   75.95237   66.16487  12.9%     -    6s
     0     0   66.17045    0  167   75.95237   66.17045  12.9%     -    6s
     0     0   66.17194    0  194   75.95237   66.17194  12.9%     -    6s
     0     0   66.17209    0  183   75.95237   66.17209  12.9%     -    6s
     0     0   66.17283    0  176   75.95237   66.17283  12.9%     -    7s
     0     0   66.17298    0  184   75.95237   66.17298  12.9%     -    7s
     0     0   66.17349    0  180   75.95237   66.17349  12.9%     -    7s
     0     0   66.17349    0  178   75.95237   66.17349  12.9%     -    8s
     0     2   66.17349    0  173   75.95237   66.17349  12.9%     -    8s
    15    26   66.19573    4  196   75.95237   66.19573  12.8%   181   10s
H   37    42                      75.7944544   66.20578  12.7%   176   10s
H   40    42                      75.7492162   66.20578  12.6%   178   10s
H   77    86                      75.6791138   66.22102  12.5%   165   11s
H   79    86                      75.5834986   66.23639  12.4%   171   11s
H   92    86                      75.5291264   66.23639  12.3%   161   11s
H  169   168                      75.4969898   66.25140  12.2%   140   13s
   206   201   66.25161   15  192   75.49699   66.25161  12.2%   128   15s
H 2043  1676                      75.4969897   66.66224  11.7%  49.7   20s
  2051  1682   74.11887   64  164   75.49699   66.66224  11.7%  49.5   25s
  2060  1688   68.25659   48  191   75.49699   66.66224  11.7%  49.3   32s
  2063  1693   66.66224   16  182   75.49699   66.66224  11.7%  53.5   35s
  2174  1764   66.66224   25  121   75.49699   66.66224  11.7%  60.3   41s
  2215  1778   66.66224   28  127   75.49699   66.66224  11.7%  61.9   45s
H 2259  1693                      75.4969897   66.66224  11.7%  62.7   45s
  2297  1719   66.66224   33  116   75.49699   66.66224  11.7%  63.3   51s
  2351  1759   66.66224   36  119   75.49699   66.66224  11.7%  64.3   55s
  2580  1853   66.66224   42   95   75.49699   66.66224  11.7%  66.1   60s
  3322  2401   66.79482   35  137   75.49699   66.70523  11.6%  65.9   65s
  4660  3045     cutoff   53        75.49699   66.73889  11.6%  55.6   72s
  5624  3623   75.32359   26  126   75.49699   66.75918  11.6%  52.8   77s
  7115  4573   66.81648   44  139   75.49699   66.77861  11.5%  48.3   80s
  8277  5637   66.79781   48  118   75.49699   66.79462  11.5%  46.2   88s
  9667  6953   66.85064   34  101   75.49699   66.80670  11.5%  44.0   90s
 11794  9034   66.86565   44  163   75.49699   66.82002  11.5%  40.7   95s
 12850  9702   66.97946   47  203   75.49699   66.82558  11.5%  39.6  100s
 15761 12236   66.94846   86   37   75.49699   66.84102  11.5%  36.9  108s
 15802 12252   66.86991   35  117   75.49699   66.84302  11.5%  37.1  111s
 15819 12299   67.54408   72  128   75.49699   66.84615  11.5%  37.2  115s
 18665 14800   66.89005   41   80   75.49699   66.85598  11.4%  35.0  122s
 19673 16648   67.35956   39   70   75.49699   66.86080  11.4%  34.5  125s
 23554 19113   75.36946   25  110   75.49699   66.86746  11.4%  32.1  134s
 23572 19155   66.86879   45   76   75.49699   66.86879  11.4%  32.2  139s
 23621 19197   66.86879   47   75   75.49699   66.86879  11.4%  32.4  147s
 25358 21746   67.04673   56   50   75.49699   66.87847  11.4%  32.1  150s
 26565 22731   66.88294   80   76   75.49699   66.88294  11.4%  31.8  155s
 29691 24542   75.37451   29  124   75.49699   66.88776  11.4%  30.7  163s
 31075 26948   67.00104   78   59   75.49699   66.89040  11.4%  30.6  165s
 33890 28252   74.40078   36  180   75.49699   66.89610  11.4%  30.2  174s
 33948 29381   66.89703   52   93   75.49699   66.89703  11.4%  30.2  176s
 36207 32010   66.90237   70   77   75.49699   66.90237  11.4%  29.8  181s
 38251 32151   67.12735   32   97   75.49699   66.90606  11.4%  29.4  186s
 40206 35752   66.91410   53  145   75.49699   66.90932  11.4%  29.0  192s
 42652 40179   66.91223   24  127   75.49699   66.91052  11.4%  28.5  200s
 47759 40225     cutoff   53        75.49699   66.91805  11.4%  27.7  205s
 47830 40287   66.91866   69   89   75.49699   66.91866  11.4%  27.8  210s
 47999 40468   66.94477   44  113   75.49699   66.92300  11.4%  28.1  219s
 48140 40675   66.92457   57  120   75.49699   66.92423  11.4%  28.2  227s
 51049 44080   66.98060   74   82   75.49699   66.92683  11.4%  28.0  232s
 52566 44185   67.02507   53  129   75.49699   66.92928  11.3%  28.0  236s
 52717 44361   69.40131   67   65   75.49699   66.93147  11.3%  28.3  240s
 52938 44555   67.54445   39   85   75.49699   66.93385  11.3%  28.5  247s
 53153 45748   67.06009   40   61   75.49699   66.93519  11.3%  28.8  250s
 54547 46246   67.83629   57   51   75.49699   66.93714  11.3%  28.7  255s
 57494 50354   67.39666   52   82   75.49699   66.94150  11.3%  28.6  262s
 59779 50517   67.01418   75  102   75.49699   66.94602  11.3%  28.5  269s
 59984 52439   75.27806   26   91   75.49699   66.94727  11.3%  28.7  272s
 62280 52677   67.90654   82   33   75.49699   66.95084  11.3%  28.5  277s
 62592 54405   67.25834   50   54   75.49699   66.95253  11.3%  28.6  280s
 64848 56673   67.64088   92  104   75.49699   66.95577  11.3%  28.6  286s
 67695 56759   67.19899   73  108   75.49699   66.95798  11.3%  28.3  291s
 67834 57236   67.81310   54  147   75.49699   66.96105  11.3%  28.6  295s
 68358 61184   67.65713   52   81   75.49699   66.96340  11.3%  28.8  301s
 75192 63442   67.40776   72   77   75.49699   66.97214  11.3%  28.1  309s
 75416 64891 infeasible   55        75.49699   66.97318  11.3%  28.3  312s
 77060 65054 infeasible   60        75.49699   66.97541  11.3%  28.2  316s
 78637 67168   67.03499   78   58   75.49699   66.97888  11.3%  28.3  320s
 79613 67258   67.26247   55   74   75.49699   66.98211  11.3%  28.3  325s
 79918 69054   67.36525   53   67   75.49699   66.98478  11.3%  28.6  332s
 81840 69223 infeasible   57        75.49699   66.98748  11.3%  28.6  336s
 83702 70643   67.00861   51  100   75.49699   66.99114  11.3%  28.7  344s
 83828 70866   67.58801   50  106   75.49699   66.99355  11.3%  28.8  348s
 84101 72986   67.68300   51   68   75.49699   66.99574  11.3%  29.0  352s
 86690 73452   67.32475   53   53   75.49699   66.99906  11.3%  28.8  358s
 87237 85622     cutoff   46        75.49699   67.00087  11.3%  29.0  378s
 101566 85699   68.14047   53   24   75.49699   67.01575  11.2%  28.3  382s
 101708 85887   67.10839   58   44   75.49699   67.01876  11.2%  28.3  389s
 101924 86093   67.14881   50  104   75.49699   67.02087  11.2%  28.4  395s
 102171 86333   67.26993   44   30   75.49699   67.02181  11.2%  28.6  400s
 104943 88773   67.31311   79   63   75.49699   67.02554  11.2%  28.6  407s
 105205 90403     cutoff   40        75.49699   67.02698  11.2%  28.7  411s
 107142 91204   67.33659   71   70   75.49699   67.02868  11.2%  28.6  422s
 108095 92214   67.95089   64   61   75.49699   67.03131  11.2%  28.7  434s
 109402 99804   72.29587   36  125   75.49699   67.03502  11.2%  28.9  446s
 117979 100543 infeasible   70        75.49699   67.04039  11.2%  28.6  450s
 121493 103295   67.34375   47   83   75.49699   67.04939  11.2%  28.6  457s
 121856 105968   67.12572   64   76   75.49699   67.05135  11.2%  28.6  462s
 124937 107796   67.19530   49   90   75.49699   67.05401  11.2%  28.5  466s
 126893 107938   67.42172   46   38   75.49699   67.05535  11.2%  28.5  470s
 129689 110645   67.09857   48   69   75.49699   67.06053  11.2%  28.5  482s
 130262 121592   67.13432   56   79   75.49699   67.06278  11.2%  28.7  500s
 142887 121604   67.33842   50   72   75.49699   67.07768  11.2%  28.2  508s
 142926 121727   69.46266   78   94   75.49699   67.07987  11.1%  28.3  514s
 143089 121916 infeasible   71        75.49699   67.08203  11.1%  28.4  521s
 143350 122086   67.49089   79   90   75.49699   67.08361  11.1%  28.4  526s
 143576 122256   73.49182   81   60   75.49699   67.08500  11.1%  28.5  533s
 143783 122560   67.45539   75   70   75.49699   67.08641  11.1%  28.6  540s
 145779 124310   67.17434   69   71   75.49699   67.09081  11.1%  28.6  548s
 146202 126946     cutoff   35        75.49699   67.09233  11.1%  28.7  552s
 149274 128402     cutoff   89        75.49699   67.09625  11.1%  28.6  556s
 150911 128810   67.19745   59   52   75.49699   67.09932  11.1%  28.6  563s
 151420 141812   67.14088   79   64   75.49699   67.10119  11.1%  28.7  580s
 166706 141846     cutoff   82        75.49699   67.11389  11.1%  28.4  587s
 166806 141993   71.43869   53  107   75.49699   67.11873  11.1%  28.4  593s
 167033 142235   67.13198   77   70   75.49699   67.12060  11.1%  28.5  597s
 167369 142478   67.50847   38   82   75.49699   67.12293  11.1%  28.6  601s
 167971 142909   67.14242   38   59   75.49699   67.12655  11.1%  28.7  609s
 168307 145105   68.35354   44   75   75.49699   67.12833  11.1%  28.8  612s
 170895 145270 infeasible   51        75.49699   67.13123  11.1%  28.7  616s
 173174 147019   67.15303   76   56   75.49699   67.13444  11.1%  28.8  620s
 173513 147298   70.24201   38  114   75.49699   67.13588  11.1%  28.8  625s
 173887 160990   67.15248   67   38   75.49699   67.13783  11.1%  28.9  646s
 189903 161000   67.15438   55  143   75.49699   67.15148  11.1%  28.5  654s
 189949 161041   67.42976   56   88   75.49699   67.15438  11.1%  28.5  659s
 190066 161290   67.40441   57  170   75.49699   67.15648  11.0%  28.6  663s
 190407 161395   67.96410   63   88   75.49699   67.15870  11.0%  28.6  672s
 190627 161441   67.51268   81   35   75.49699   67.16048  11.0%  28.7  677s
 190791 161581   68.03624   54   43   75.49699   67.16174  11.0%  28.8  682s
 191013 161810   67.18560   55   81   75.49699   67.16320  11.0%  28.9  688s
 191320 161986     cutoff   87        75.49699   67.16416  11.0%  28.9  692s
 191572 162296   67.57037   58   69   75.49699   67.16535  11.0%  29.0  700s
 191983 164734   67.20235   81   51   75.49699   67.16712  11.0%  29.0  705s
 194920 165096     cutoff   58        75.49699   67.17010  11.0%  29.0  714s
 195417 176789   68.06849   84   61   75.49699   67.17226  11.0%  29.1  734s
 203170 176789   67.64168   91   29   75.49699   67.17285  11.0%  28.9  735s
 209584 176919     cutoff   52        75.49699   67.18512  11.0%  28.7  741s
 209820 177075   68.09564   42   69   75.49699   67.18876  11.0%  28.8  746s
 210112 177305     cutoff   51        75.49699   67.18996  11.0%  28.9  751s
 210465 177589   69.57202   67  100   75.49699   67.19189  11.0%  28.9  756s
 210922 177826   68.21380   76   35   75.49699   67.19268  11.0%  29.0  761s
 211277 179768     cutoff   72        75.49699   67.19453  11.0%  29.0  765s
 213695 179934     cutoff   75        75.49699   67.19659  11.0%  29.0  771s
 214025 181896   68.07701   93   31   75.49699   67.19909  11.0%  29.1  776s
 216363 182431   67.69365   44   70   75.49699   67.20178  11.0%  29.0  783s
 217205 189521     cutoff   53        75.49699   67.20375  11.0%  29.1  796s
 225983 189688   68.28798   75   28   75.49699   67.21003  11.0%  29.0  802s
 226300 189913     cutoff   50        75.49699   67.21494  11.0%  29.0  807s
 226699 190433   67.83534   42   46   75.49699   67.21740  11.0%  29.1  812s
 227461 192357     cutoff   60        75.49699   67.21867  11.0%  29.1  816s
 230058 192628   68.35401   60   26   75.49699   67.22219  11.0%  29.1  822s
 230419 194858     cutoff   50        75.49699   67.22402  11.0%  29.1  825s
 235672 196934 infeasible   84        75.49699   67.22853  11.0%  29.1  835s
 238503 199240   67.47313   57   66   75.49699   67.23357  10.9%  29.1  844s
 239107 209590 infeasible  116        75.49699   67.23529  10.9%  29.2  857s
 252312 209688 infeasible   85        75.49699   67.24583  10.9%  29.0  865s
 252921 210186   67.95865   54   38   75.49699   67.25099  10.9%  29.2  874s
 253427 210424     cutoff   49        75.49699   67.25178  10.9%  29.2  878s
 253822 211023     cutoff   53        75.49699   67.25327  10.9%  29.2  883s
 254730 211530   67.80346   80   27   75.49699   67.25491  10.9%  29.3  887s
 255438 213824     cutoff   33        75.49699   67.25612  10.9%  29.3  891s
 258352 214164   67.61129   82    9   75.49699   67.25954  10.9%  29.3  896s
 258860 216445   68.03359  102   32   75.49699   67.26107  10.9%  29.4  900s
 261861 216759     cutoff   65        75.49699   67.26362  10.9%  29.3  907s
 262460 227487   68.14091   95   13   75.49699   67.26554  10.9%  29.4  922s
 276263 227642   70.86569   66   65   75.49699   67.27708  10.9%  29.2  925s
 276846 228071   67.52461   92    5   75.49699   67.28107  10.9%  29.3  937s
 277192 229898     cutoff   50        75.49699   67.28207  10.9%  29.3  940s
 279548 230045 infeasible   58        75.49699   67.28586  10.9%  29.3  946s
 281483 232123 infeasible  108        75.49699   67.28754  10.9%  29.3  950s
 282609 232431   67.35231   78   49   75.49699   67.29062  10.9%  29.3  956s
 283306 240717   68.57139   94   48   75.49699   67.29166  10.9%  29.3  968s
 294724 240829 infeasible   81        75.49699   67.30281  10.9%  29.1  973s
 294992 241018 infeasible   70        75.49699   67.30408  10.9%  29.2  976s
 295869 241351   67.81187   74   54   75.49699   67.30871  10.8%  29.3  981s
 299047 243434     cutoff   52        75.49699   67.31256  10.8%  29.3  987s
 302080 245612 infeasible  108        75.49699   67.31867  10.8%  29.4  994s
 302451 247311   68.21584   53   50   75.49699   67.32122  10.8%  29.4  997s
 304853 247505   68.08188  109   19   75.49699   67.32269  10.8%  29.4 1003s
 305368 257983   69.47287   63  143   75.49699   67.32621  10.8%  29.5 1018s
 319936 258062     cutoff   79        75.49699   67.34066  10.8%  29.4 1022s
 320289 258233 infeasible  127        75.49699   67.34128  10.8%  29.4 1025s
 321004 258599     cutoff   59        75.49699   67.34333  10.8%  29.5 1034s
 321404 258839 infeasible   77        75.49699   67.34466  10.8%  29.6 1040s
 321922 259092 infeasible  122        75.49699   67.34597  10.8%  29.6 1046s
 322437 261349 infeasible   50        75.49699   67.34927  10.8%  29.7 1050s
 325514 261711     cutoff   68        75.49699   67.35149  10.8%  29.7 1056s
 326182 268643 infeasible   72        75.49699   67.35415  10.8%  29.7 1067s
 336232 268902 infeasible   49        75.49699   67.36628  10.8%  29.7 1071s
 336748 269055     cutoff   44        75.49699   67.36912  10.8%  29.7 1075s
 337668 270861 infeasible   77        75.49699   67.37112  10.8%  29.8 1081s
 340120 270984   68.54360   93   40   75.49699   67.37434  10.8%  29.8 1086s
 342523 272469     cutoff   64        75.49699   67.37976  10.8%  29.8 1094s
 343028 274245     cutoff   32        75.49699   67.38234  10.7%  29.9 1097s
 345954 274462   67.56510   96    8   75.49699   67.38554  10.7%  29.9 1103s
 346488 283423     cutoff   54        75.49699   67.38877  10.7%  29.9 1118s
 359358 283606     cutoff   64        75.49699   67.40111  10.7%  29.9 1123s
 359777 283783   68.64676   72   36   75.49699   67.40145  10.7%  29.9 1126s
 360242 283928   67.50007   97    5   75.49699   67.40234  10.7%  30.0 1130s
 361224 284474     cutoff  107        75.49699   67.40511  10.7%  30.1 1138s
 361722 286442     cutoff   78        75.49699   67.40713  10.7%  30.1 1142s
 364592 286650   67.45781   50   35   75.49699   67.41196  10.7%  30.1 1146s
 368034 289036   67.65752   53   78   75.49699   67.41661  10.7%  30.2 1155s
 368623 296968 infeasible   53        75.49699   67.41807  10.7%  30.3 1171s
 380513 297144 infeasible   88        75.49699   67.42621  10.7%  30.2 1176s
 380918 297314   67.73805   66   31   75.49699   67.43037  10.7%  30.3 1180s
 381470 297462   69.09138   57   79   75.49699   67.43133  10.7%  30.3 1185s
 381896 297639     cutoff   61        75.49699   67.43287  10.7%  30.4 1190s
 382999 298229     cutoff   35        75.49699   67.43556  10.7%  30.5 1200s
 383570 300283   67.60003   79   49   75.49699   67.43738  10.7%  30.6 1205s
 386687 300538   67.62766   90   34   75.49699   67.44225  10.7%  30.6 1211s
 387285 302164     cutoff   67        75.49699   67.44354  10.7%  30.6 1215s
 390194 302318     cutoff   70        75.49699   67.44930  10.7%  30.7 1221s
 390934 303124 infeasible  108        75.49699   67.45121  10.7%  30.7 1234s
 392818 308569     cutoff   55        75.49699   67.45520  10.7%  30.9 1246s
 401546 308743     cutoff   62        75.49699   67.46554  10.6%  30.8 1251s
 402026 309974     cutoff   41        75.49699   67.46806  10.6%  30.9 1257s
 404133 310120     cutoff   44        75.49699   67.47036  10.6%  30.9 1262s
 404724 311719     cutoff   62        75.49699   67.47389  10.6%  30.9 1267s
 407497 311907   69.38118  113   48   75.49699   67.47744  10.6%  31.0 1271s
 408044 312099     cutoff   68        75.49699   67.48062  10.6%  31.0 1276s
 408638 314556     cutoff   56        75.49699   67.48316  10.6%  31.1 1281s
 412298 314733     cutoff   51        75.49699   67.48731  10.6%  31.1 1287s
 412852 318034   67.99549   46   60   75.49699   67.48954  10.6%  31.2 1301s
 418497 318184     cutoff   41        75.49699   67.49823  10.6%  31.3 1308s
 419184 318480   67.76326   96   31   75.49699   67.50154  10.6%  31.4 1313s
 419984 321666   67.64926   45   77   75.49699   67.50495  10.6%  31.5 1320s
 425897 322023 infeasible   55        75.49699   67.51250  10.6%  31.5 1327s
 426549 324367   69.44667  144   26   75.49699   67.51649  10.6%  31.5 1332s
 429909 324549     cutoff   41        75.49699   67.52227  10.6%  31.5 1337s
 430516 324785     cutoff   72        75.49699   67.52359  10.6%  31.6 1341s
 431131 326871   67.93715   62   94   75.49699   67.52668  10.6%  31.6 1346s
 434877 327110 infeasible   95        75.49699   67.53268  10.5%  31.6 1353s
 435517 333268     cutoff   70        75.49699   67.53451  10.5%  31.7 1366s
 445285 333418     cutoff   74        75.49699   67.54528  10.5%  31.6 1371s
 445688 333499 infeasible   63        75.49699   67.54803  10.5%  31.7 1375s
 446680 333891     cutoff   66        75.49699   67.55163  10.5%  31.8 1384s
 447250 334135   68.45155   59   77   75.49699   67.55322  10.5%  31.8 1388s
 447836 335993     cutoff   57        75.49699   67.55473  10.5%  31.9 1391s
 450692 336068 infeasible  101        75.49699   67.55894  10.5%  31.9 1396s
 451034 336332 infeasible   75        75.49699   67.56066  10.5%  31.9 1401s
 451645 336603     cutoff   54        75.49699   67.56362  10.5%  32.0 1406s
 452321 338988     cutoff   59        75.49699   67.56472  10.5%  32.0 1410s
 455965 339243   67.89047   64   50   75.49699   67.57053  10.5%  32.1 1416s
 456678 345651     cutoff   49        75.49699   67.57302  10.5%  32.1 1429s
 463762 345651     cutoff   53        75.49699   67.57364  10.5%  32.1 1430s
 466655 345809 infeasible   82        75.49699   67.58649  10.5%  32.1 1440s
 467526 346286     cutoff   56        75.49699   67.59061  10.5%  32.2 1450s
 468309 346511     cutoff   98        75.49699   67.59236  10.5%  32.2 1455s
 472004 348524   68.53434   78   57   75.49699   67.59752  10.5%  32.3 1464s
 472566 350027   68.63661   54   48   75.49699   67.59964  10.5%  32.3 1468s
 475091 350252   68.72533   76   11   75.49699   67.60454  10.5%  32.3 1473s
 475750 350410   68.15795   79   54   75.49699   67.60686  10.5%  32.4 1477s
 476255 352345   68.09359   53   32   75.49699   67.60981  10.4%  32.5 1483s
 479549 352475   71.54167   79   79   75.49699   67.61367  10.4%  32.5 1487s
 480199 353244     cutoff   89        75.49699   67.61644  10.4%  32.5 1499s
 482020 359188     cutoff   48        75.49699   67.62091  10.4%  32.6 1511s
 491091 359417   68.47535   93   52   75.49699   67.63185  10.4%  32.6 1516s
 491680 361167     cutoff   48        75.49699   67.63440  10.4%  32.7 1520s
 495359 361560   67.77166   68   42   75.49699   67.64051  10.4%  32.8 1529s
 496107 363313     cutoff   65        75.49699   67.64425  10.4%  32.8 1533s
 499168 363455     cutoff   91        75.49699   67.64956  10.4%  32.8 1537s
 499809 364890   69.89484   71   60   75.49699   67.65253  10.4%  32.9 1540s
 502580 365079 infeasible   60        75.49699   67.65645  10.4%  32.9 1545s
 503334 365470     cutoff   70        75.49699   67.65941  10.4%  33.0 1554s
 505255 369519     cutoff   79        75.49699   67.66429  10.4%  33.1 1567s
 512824 369547   67.71818   84  106   75.49699   67.67638  10.4%  33.0 1573s
 513536 369565     cutoff   30        75.49699   67.67841  10.4%  33.1 1579s
 514358 370788     cutoff   84        75.49699   67.68264  10.4%  33.2 1584s
 517130 370855     cutoff   48        75.49699   67.69100  10.3%  33.2 1588s
 517924 370935   67.94466   66   62   75.49699   67.69554  10.3%  33.2 1593s
 518661 371126     cutoff   63        75.49699   67.69861  10.3%  33.3 1598s
 519847 372942     cutoff   59        75.49699   67.70339  10.3%  33.3 1604s
H519854 372942                      75.4969893   67.70339  10.3%  33.3 1604s
 523334 373030 infeasible   87        75.49699   67.70962  10.3%  33.3 1610s
 524027 373397   67.96619   71  198   75.49699   67.71082  10.3%  33.4 1622s
 526139 377512   67.93511   70  122   75.49699   67.71923  10.3%  33.5 1634s
 533583 377598   72.84495   86  136   75.49699   67.73138  10.3%  33.5 1640s
 534274 377628 infeasible   73        75.49699   67.73589  10.3%  33.5 1645s
 535311 377702 infeasible   82        75.49699   67.73857  10.3%  33.6 1650s
 536218 377699   67.79929   55  141   75.49699   67.74306  10.3%  33.6 1655s
 537131 379337     cutoff   59        75.49699   67.74887  10.3%  33.7 1661s
 540878 379353     cutoff   68        75.49699   67.75667  10.3%  33.7 1665s
 542652 379706   67.85236   52   71   75.49699   67.76475  10.2%  33.8 1673s
 543718 381350 infeasible  121        75.49699   67.76733  10.2%  33.9 1677s
 547016 381427     cutoff   55        75.49699   67.77557  10.2%  33.9 1682s
 547744 381612   68.21731   70  105   75.49699   67.77766  10.2%  34.0 1690s
 550068 384486   68.14903   77   47   75.49699   67.78755  10.2%  34.1 1697s
 556067 384593   67.83096   98   10   75.49699   67.80020  10.2%  34.1 1702s
 556905 384649   68.70432   78   61   75.49699   67.80381  10.2%  34.1 1705s
 557892 384770     cutoff   65        75.49699   67.80788  10.2%  34.2 1710s
 559874 386854 infeasible   62        75.49699   67.81441  10.2%  34.3 1719s
 563609 386935     cutoff   79        75.49699   67.82340  10.2%  34.3 1723s
 564508 387026     cutoff   77        75.49699   67.82669  10.2%  34.3 1727s
 565470 388574 infeasible   47        75.49699   67.83111  10.2%  34.4 1731s
 568798 388683     cutoff   76        75.49699   67.83891  10.1%  34.4 1736s
 569605 389004     cutoff   75        75.49699   67.84201  10.1%  34.5 1744s
 571953 392077     cutoff   60        75.49699   67.85029  10.1%  34.5 1752s
 578445 392172 infeasible   98        75.49699   67.86498  10.1%  34.5 1756s
H579344 392172                      75.4969884   67.86663  10.1%  34.6 1757s
 579415 392229     cutoff   54        75.49699   67.86843  10.1%  34.6 1761s
 580600 392478   68.35366   60   80   75.49699   67.87162  10.1%  34.6 1765s
 584654 393942     cutoff  137        75.49699   67.88194  10.1%  34.7 1772s
 585535 394082 infeasible  117        75.49699   67.88657  10.1%  34.7 1775s
 586691 395694   68.35632   80   56   75.49699   67.89231  10.1%  34.7 1780s
 590509 395806 infeasible  110        75.49699   67.89947  10.1%  34.7 1785s
 591315 396199     cutoff   56        75.49699   67.90154  10.1%  34.8 1793s
 593809 398558   68.03252   89   61   75.49699   67.90669  10.1%  34.9 1799s
 598931 398620 infeasible  113        75.49699   67.92329  10.0%  34.9 1803s
 599764 398742 infeasible   81        75.49699   67.92416  10.0%  34.9 1807s
 600844 398805 infeasible   60        75.49699   67.92979  10.0%  35.0 1812s
 602047 400516     cutoff   58        75.49699   67.93389  10.0%  35.0 1816s
 605664 400555   69.04093   79   28   75.49699   67.94092  10.0%  35.0 1820s
 607642 400930   68.16230   82   38   75.49699   67.95153  10.0%  35.1 1829s
 608827 402328   68.85734   98   26   75.49699   67.95434  10.0%  35.1 1833s
 612511 402335   68.00544   70   36   75.49699   67.96269  10.0%  35.1 1837s
 613528 404852 infeasible   88        75.49699   67.96767  10.0%  35.2 1844s
 618902 404908     cutoff   51        75.49699   67.97800  10.0%  35.2 1847s
 619623 404883 infeasible   72        75.49699   67.98202  10.0%  35.2 1850s
 621683 404962   68.63050  105  120   75.49699   67.99013  9.94%  35.3 1858s
 622380 404995 infeasible   91        75.49699   67.99277  9.94%  35.3 1862s
 623423 405181     cutoff   55        75.49699   67.99668  9.93%  35.4 1867s
 624567 406791     cutoff   62        75.49699   68.00174  9.93%  35.4 1872s
 627914 406862 infeasible   84        75.49699   68.00531  9.92%  35.4 1875s
 630112 409099     cutoff   70        75.49699   68.01664  9.91%  35.5 1884s
 633931 409165     cutoff   91        75.49699   68.02505  9.90%  35.5 1889s
 634829 409537   68.03119   70   75   75.49699   68.02896  9.89%  35.5 1898s
 637621 412139   72.08294   81   49   75.49699   68.03465  9.88%  35.6 1906s
 643173 412299     cutoff   54        75.49699   68.04493  9.87%  35.6 1910s
H644036 412299                      75.4969871   68.04618  9.87%  35.6 1911s
 646795 413486 infeasible  105        75.49699   68.05497  9.86%  35.6 1918s
 647950 413931 infeasible  113        75.49699   68.05933  9.85%  35.6 1922s
 649592 414022     cutoff   47        75.49699   68.06302  9.85%  35.7 1927s
 650501 415370   70.32457   70  140   75.49699   68.06525  9.84%  35.7 1931s
 654609 416785 infeasible   68        75.49699   68.07648  9.83%  35.8 1938s
 657557 416754   68.27006   66   25   75.49699   68.08075  9.82%  35.7 1942s
 659039 417524     cutoff   62        75.49699   68.09124  9.81%  35.8 1947s
 661513 417632     cutoff   77        75.49699   68.09614  9.80%  35.8 1951s
 662556 417986 infeasible  117        75.49699   68.10140  9.80%  35.8 1955s
 666857 419125     cutoff   62        75.49699   68.11270  9.78%  35.8 1962s
 668055 419362 infeasible  132        75.49699   68.11619  9.78%  35.8 1966s
 669418 420814 infeasible   85        75.49699   68.11978  9.77%  35.9 1970s
 673393 422159     cutoff   56        75.49699   68.13181  9.76%  35.9 1977s
 676268 422254     cutoff   71        75.49699   68.13923  9.75%  35.9 1981s
 677480 422628   69.56182   78   82   75.49699   68.14169  9.74%  35.9 1988s
 679840 424455     cutoff   90        75.49699   68.14939  9.73%  36.0 1994s
 684224 424654   68.67934  103   85   75.49699   68.15862  9.72%  35.9 2000s
 688085 425876     cutoff   72        75.49699   68.16958  9.71%  36.0 2008s
 689140 426191 infeasible   67        75.49699   68.17444  9.70%  36.0 2012s
 690231 427619   70.49555   74  128   75.49699   68.17860  9.69%  36.0 2016s
 693306 427670   68.33589   65   68   75.49699   68.18457  9.69%  36.0 2021s
 694561 429102 infeasible   93        75.49699   68.18942  9.68%  36.1 2025s
 699073 432371     cutoff   80        75.49699   68.20091  9.66%  36.1 2037s
 705158 432499     cutoff  105        75.49699   68.21331  9.65%  36.0 2041s
 706160 432532 infeasible   71        75.49699   68.21623  9.64%  36.1 2045s
 706827 432754     cutoff   63        75.49699   68.22068  9.64%  36.1 2050s
 711572 434263   68.28736   72   63   75.49699   68.23118  9.62%  36.1 2058s
 712482 434441 infeasible  115        75.49699   68.23623  9.62%  36.1 2062s
 713639 436061 infeasible   71        75.49699   68.24026  9.61%  36.1 2067s
 717134 436270   68.24723   74   75   75.49699   68.24723  9.60%  36.1 2070s
 718449 436970     cutoff   81        75.49699   68.25205  9.60%  36.1 2075s
 721322 436840     cutoff   74        75.49699   68.25729  9.59%  36.1 2081s
 722576 437327     cutoff   71        75.49699   68.26341  9.58%  36.2 2088s
 726033 437637     cutoff   58        75.49699   68.27287  9.57%  36.2 2093s
 727695 439047   69.77437   51  112   75.49699   68.27849  9.56%  36.2 2099s
 732644 437024     cutoff   72        75.49699   68.28702  9.55%  36.2 2104s
 734742 434871 infeasible   79        75.49699   68.28881  9.55%  36.1 2108s
 737050 434831   69.58245   84  116   75.49699   68.28881  9.55%  36.0 2111s
 737977 434951   71.33383  102  132   75.49699   68.28881  9.55%  36.1 2115s
 742149 435489     cutoff   51        75.49699   68.30108  9.53%  36.1 2127s
 743921 436884     cutoff   65        75.49699   68.30353  9.53%  36.1 2134s
 749081 436443 infeasible   74        75.49699   68.31630  9.51%  36.1 2138s
 750982 436471     cutoff   58        75.49699   68.32186  9.50%  36.1 2142s
 752436 436708     cutoff   62        75.49699   68.32575  9.50%  36.1 2147s
 755644 436608     cutoff   57        75.49699   68.32970  9.49%  36.1 2150s
 760592 437237 infeasible  104        75.49699   68.34417  9.47%  36.1 2158s
 762162 436857     cutoff   90        75.49699   68.34902  9.47%  36.1 2162s
 765701 434813 infeasible  103        75.49699   68.35545  9.46%  36.0 2169s
 768586 434417     cutoff  138        75.49699   68.35947  9.45%  35.9 2174s
 772136 432758     cutoff   62        75.49699   68.36240  9.45%  35.9 2180s
 778781 431356     cutoff   57        75.49699   68.37281  9.44%  35.7 2187s
 779852 432345 infeasible   78        75.49699   68.37530  9.43%  35.8 2191s
 783652 433269     cutoff   59        75.49699   68.38360  9.42%  35.8 2197s
 785990 433427     cutoff   80        75.49699   68.38902  9.41%  35.7 2200s
 788922 434315     cutoff  108        75.49699   68.39618  9.41%  35.8 2207s
 789998 435411     cutoff   72        75.49699   68.40128  9.40%  35.8 2210s
 792832 436277   70.16688   61  110   75.49699   68.40917  9.39%  35.7 2215s
 796824 437689   68.89088   75  172   75.49699   68.41949  9.37%  35.7 2221s
 799741 437962   68.47076   61   92   75.49699   68.42526  9.37%  35.7 2225s
 803582 439310     cutoff   86        75.49699   68.43561  9.35%  35.7 2231s
 804617 440580     cutoff   95        75.49699   68.43979  9.35%  35.7 2235s
 808427 442152 infeasible  133        75.49699   68.44877  9.34%  35.7 2242s
 810986 442154     cutoff   73        75.49699   68.45347  9.33%  35.7 2246s
 812242 443311 infeasible  150        75.49699   68.45777  9.32%  35.8 2250s
 815085 443457 infeasible   63        75.49699   68.46670  9.31%  35.8 2255s
 816344 445787     cutoff   91        75.49699   68.47011  9.31%  35.8 2263s
 821851 446133 infeasible  108        75.49699   68.48062  9.29%  35.7 2267s
 822847 446543   70.18479  101   69   75.49699   68.48528  9.29%  35.8 2271s
 827402 449327     cutoff   72        75.49699   68.49551  9.27%  35.7 2278s
 830254 449592 infeasible   79        75.49699   68.50327  9.26%  35.7 2282s
 831473 450871     cutoff   54        75.49699   68.50654  9.26%  35.7 2287s
 834862 451133 infeasible  100        75.49699   68.51248  9.25%  35.7 2290s
 835959 452387     cutoff   57        75.49699   68.51591  9.25%  35.7 2295s
 840419 453370 infeasible   84        75.49699   68.52585  9.23%  35.7 2302s
 841454 454705 infeasible   62        75.49699   68.53040  9.23%  35.7 2307s
 844109 456053   70.44154   96   85   75.49699   68.53435  9.22%  35.7 2310s
 847871 458073     cutoff  152        75.49699   68.54436  9.21%  35.7 2318s
 850963 458402     cutoff   74        75.49699   68.55008  9.20%  35.7 2322s
 852039 459618     cutoff   75        75.49699   68.55173  9.20%  35.7 2325s
 854504 461041     cutoff  106        75.49699   68.55852  9.19%  35.7 2330s
 858300 464377     cutoff   61        75.49699   68.56605  9.18%  35.7 2342s
 864793 464810   68.80719   76   66   75.49699   68.58061  9.16%  35.7 2347s
 865835 465197     cutoff  141        75.49699   68.58243  9.16%  35.7 2350s
 869663 467787   68.92100   71   22   75.49699   68.58891  9.15%  35.7 2358s
 871672 468255 infeasible  114        75.49699   68.59455  9.14%  35.7 2363s
 872674 469771   68.72938  137   41   75.49699   68.59661  9.14%  35.7 2367s
 875460 470141   68.73159   68   91   75.49699   68.60059  9.13%  35.7 2372s
 876393 471584 infeasible   64        75.49699   68.60399  9.13%  35.7 2376s
 879263 471971     cutoff  102        75.49699   68.61075  9.12%  35.7 2380s
 880186 475738     cutoff   63        75.49699   68.61438  9.12%  35.7 2388s
 887183 475985 infeasible  123        75.49699   68.62481  9.10%  35.7 2392s
 887939 477031 infeasible  150        75.49699   68.62705  9.10%  35.7 2395s
 890833 479238 infeasible  117        75.49699   68.63590  9.09%  35.7 2403s
 893826 479734 infeasible  125        75.49699   68.64094  9.08%  35.7 2406s
 894869 481549 infeasible  163        75.49699   68.64311  9.08%  35.7 2410s
 898039 482827     cutoff  102        75.49699   68.64871  9.07%  35.7 2415s
 901250 486670 infeasible  120        75.49699   68.65500  9.06%  35.7 2427s
 906981 487066   69.65005   90   17   75.49699   68.66240  9.05%  35.7 2431s
 908051 488988     cutoff   72        75.49699   68.66796  9.05%  35.7 2435s
 911898 489536 infeasible   87        75.49699   68.67416  9.04%  35.7 2440s
 915245 491907     cutoff   80        75.49699   68.67978  9.03%  35.7 2448s
 916273 493923     cutoff   61        75.49699   68.68135  9.03%  35.7 2452s
 919500 495568   68.74169   71   59   75.49699   68.68683  9.02%  35.7 2456s
 922261 495993   68.74905   69   70   75.49699   68.69036  9.02%  35.7 2464s
 923256 500180 infeasible  121        75.49699   68.69390  9.01%  35.7 2472s
 929779 500506     cutoff   73        75.49699   68.70581  9.00%  35.7 2476s
 933338 502584 infeasible  114        75.49699   68.71312  8.99%  35.7 2483s
 934335 504476 infeasible   81        75.49699   68.71602  8.98%  35.7 2487s
 937379 505444 infeasible   59        75.49699   68.72100  8.98%  35.7 2491s
 939089 507065     cutoff   74        75.49699   68.72523  8.97%  35.7 2495s
 942400 509035 infeasible   98        75.49699   68.73074  8.96%  35.7 2502s
 944944 509469   74.93194   91  132   75.49699   68.73524  8.96%  35.7 2507s
 946092 513301   68.84877   73  100   75.49699   68.73652  8.95%  35.7 2515s
 952946 515508   68.75410  102   50   75.49699   68.74883  8.94%  35.7 2522s
 955773 516191     cutoff  105        75.49699   68.75559  8.93%  35.7 2525s
 957017 517877 infeasible   75        75.49699   68.75792  8.93%  35.7 2530s
 961270 520639     cutoff  103        75.49699   68.76567  8.92%  35.7 2538s
 964107 521078     cutoff   76        75.49699   68.76972  8.91%  35.7 2542s
 965056 523159 infeasible  103        75.49699   68.77207  8.91%  35.7 2546s
 968232 525478 infeasible  116        75.49699   68.77740  8.90%  35.7 2551s
 971800 525839 infeasible  107        75.49699   68.78329  8.89%  35.7 2555s
 975218 528373   68.90438   63   66   75.49699   68.78850  8.89%  35.6 2563s
 976396 530365     cutoff   74        75.49699   68.79138  8.88%  35.7 2567s
 979236 530658   69.12563  109   23   75.49699   68.79511  8.88%  35.6 2570s
 982297 533703   68.80511  105   58   75.49699   68.80258  8.87%  35.6 2578s
 984455 534202   68.87970   89   28   75.49699   68.80435  8.86%  35.6 2581s
 985377 535964   69.17021   38   78   75.49699   68.80718  8.86%  35.6 2586s
 988165 537084   70.88789  137   20   75.49699   68.81212  8.85%  35.6 2590s
 991182 541298   73.21741  104   86   75.49699   68.81650  8.85%  35.6 2602s
 996825 541663   68.82737   73   60   75.49699   68.82563  8.84%  35.6 2606s
H996921 541663                      75.4969865   68.82564  8.84%  35.6 2606s
 997508 543973 infeasible   90        75.49699   68.82747  8.83%  35.6 2610s
 1001708 546148     cutoff   50        75.49699   68.83401  8.83%  35.6 2616s
 1004269 547935 infeasible   81        75.49699   68.83871  8.82%  35.6 2620s
 1007926 550247   69.31659   75   26   75.49699   68.84517  8.81%  35.6 2628s
 1010708 552408   68.96439   79   13   75.49699   68.84855  8.81%  35.6 2632s
 1014059 552685   68.86879   91   31   75.49699   68.85555  8.80%  35.6 2636s
 1017247 554906 infeasible  118        75.49699   68.86007  8.79%  35.6 2642s
 1018065 557110     cutoff  140        75.49699   68.86340  8.79%  35.6 2645s
 1023618 559222     cutoff   74        75.49699   68.87089  8.78%  35.5 2652s
 1024369 561229 infeasible  113        75.49699   68.87197  8.78%  35.5 2656s
 1029985 563710     cutoff  145        75.49699   68.87911  8.77%  35.5 2662s
 1030736 565162   68.90574   63   96   75.49699   68.88169  8.76%  35.5 2666s
 1032984 567390 infeasible  151        75.49699   68.88567  8.76%  35.5 2671s
 1036993 569533   68.91921   39   66   75.49699   68.89214  8.75%  35.5 2677s
 1039653 570017 infeasible  123        75.49699   68.89648  8.74%  35.5 2681s
 1040427 572128   72.07127   84   46   75.49699   68.89751  8.74%  35.5 2685s
 1046202 574597   68.91259   78   23   75.49699   68.90680  8.73%  35.5 2693s
 1047111 576718   69.43529  105   27   75.49699   68.90930  8.73%  35.5 2697s
 1050048 578583     cutoff   63        75.49699   68.91304  8.72%  35.5 2700s
 1053497 581152     cutoff   76        75.49699   68.91798  8.71%  35.5 2708s
 1056372 582844 infeasible  122        75.49699   68.92258  8.71%  35.5 2711s
 1059581 584925 infeasible  152        75.49699   68.92782  8.70%  35.5 2718s
 1062041 586822 infeasible   78        75.49699   68.93162  8.70%  35.5 2721s
 1065562 588948   69.04688   64   86   75.49699   68.93789  8.69%  35.5 2728s
 1068152 589466     cutoff   69        75.49699   68.94243  8.68%  35.4 2732s
 1068969 590874     cutoff   99        75.49699   68.94408  8.68%  35.5 2735s
 1073549 593341   69.26841   88  109   75.49699   68.95029  8.67%  35.4 2743s
 1074500 595427   69.11418   79   15   75.49699   68.95185  8.67%  35.4 2748s
 1077548 597234     cutoff   82        75.49699   68.95653  8.66%  35.4 2751s
 1080043 597689     cutoff   97        75.49699   68.95974  8.66%  35.4 2755s
 1082937 600995 infeasible  116        75.49699   68.96436  8.65%  35.4 2763s
 1085620 601445 infeasible   92        75.49699   68.96843  8.65%  35.4 2766s
 1086467 603152     cutoff  109        75.49699   68.97078  8.64%  35.4 2770s
 1092231 605672   69.04672   68   57   75.49699   68.97833  8.63%  35.4 2777s
 1093179 607376   69.21843   78  104   75.49699   68.98184  8.63%  35.4 2781s
 1095684 609577     cutoff  108        75.49699   68.98564  8.62%  35.4 2786s
 1099623 611791   69.04126   96   99   75.49699   68.99255  8.62%  35.4 2793s
 1102252 612356     cutoff  120        75.49699   68.99640  8.61%  35.4 2799s
 1103171 614304   69.01472   74   45   75.49699   68.99832  8.61%  35.4 2802s
 1106032 616171 infeasible  145        75.49699   69.00215  8.60%  35.4 2807s
 1108871 616564     cutoff   95        75.49699   69.00580  8.60%  35.4 2810s
 1112585 619108     cutoff   63        75.49699   69.01371  8.59%  35.4 2817s
 1113412 621344   69.03573   79   44   75.49699   69.01666  8.58%  35.4 2821s
 1116536 623661   69.03831   69   81   75.49699   69.02010  8.58%  35.4 2826s
 1120548 625781 infeasible  106        75.49699   69.02702  8.57%  35.4 2832s
 1122986 626402   69.33453   61   56   75.49699   69.03056  8.57%  35.4 2836s
 1123940 628445   70.38014   77  127   75.49699   69.03233  8.56%  35.4 2841s
 1126921 629980     cutoff   70        75.49699   69.03616  8.56%  35.4 2845s
 1130263 632192 infeasible  105        75.49699   69.04263  8.55%  35.4 2852s
 1133030 632720 infeasible   64        75.49699   69.04707  8.54%  35.4 2855s
 1136623 636213     cutoff   72        75.49699   69.05473  8.53%  35.4 2863s
 1139306 636764   69.97662   88   66   75.49699   69.05889  8.53%  35.4 2867s
 1140235 641233   69.10009   89   16   75.49699   69.06165  8.52%  35.4 2877s
 1146842 641740     cutoff   70        75.49699   69.07199  8.51%  35.4 2881s
 1147662 643394     cutoff  137        75.49699   69.07370  8.51%  35.4 2886s
 1151132 646059   69.08482   79   44   75.49699   69.08166  8.50%  35.4 2894s
 1154286 647868   69.12524   71   18   75.49699   69.08641  8.49%  35.4 2897s
 1156825 648397   69.15100   72   39   75.49699   69.09000  8.49%  35.4 2901s
 1157770 650590 infeasible   70        75.49699   69.09334  8.48%  35.4 2905s
 1160934 651131   69.13222   76   64   75.49699   69.09872  8.47%  35.4 2910s
 1161825 655874   69.49263   82   78   75.49699   69.10089  8.47%  35.4 2919s
 1168942 656190 infeasible   79        75.49699   69.10790  8.46%  35.4 2924s
 1169615 657763   69.11282   91   79   75.49699   69.11275  8.46%  35.4 2927s
 1171976 658121 infeasible  146        75.49699   69.11905  8.45%  35.4 2930s
 1175616 660490 infeasible   83        75.49699   69.12504  8.44%  35.4 2937s
 1176795 662326     cutoff  107        75.49699   69.12895  8.43%  35.4 2942s
 1179657 664415     cutoff   53        75.49699   69.13295  8.43%  35.4 2945s
 1182888 664908   73.84869   97   98   75.49699   69.13748  8.42%  35.4 2950s
 1183800 669313 infeasible  121        75.49699   69.14151  8.42%  35.4 2959s
 1190404 669719   73.50453   75  104   75.49699   69.14927  8.41%  35.4 2962s
 1191213 670139 infeasible  113        75.49699   69.15513  8.40%  35.4 2966s
 1192125 672147     cutoff   93        75.49699   69.15909  8.39%  35.4 2971s
 1195123 673853   69.48454   69   71   75.49699   69.16285  8.39%  35.4 2975s
 1198792 675814     cutoff   57        75.49699   69.17151  8.38%  35.4 2983s
 1201563 676244 infeasible  112        75.49699   69.17669  8.37%  35.4 2987s
 1202475 677969   69.17896   67   73   75.49699   69.17896  8.37%  35.4 2991s
 1205217 678743 infeasible  114        75.49699   69.18501  8.36%  35.4 2996s
 1206720 681058 infeasible   99        75.49699   69.18970  8.35%  35.4 3003s
 1210783 681413     cutoff   85        75.49699   69.19561  8.35%  35.4 3007s
 1211714 682986 infeasible   97        75.49699   69.19907  8.34%  35.4 3010s
 1215617 685128   71.13351   95   58   75.49699   69.20839  8.33%  35.4 3018s
 1218413 685539   69.31094   66   54   75.49699   69.21267  8.32%  35.4 3022s
 1219416 687382     cutoff   66        75.49699   69.21502  8.32%  35.4 3026s
 1222365 688157 infeasible  143        75.49699   69.22197  8.31%  35.4 3031s
 1223760 688649   71.82850   84   74   75.49699   69.22529  8.31%  35.4 3035s
 1227790 691134 infeasible  118        75.49699   69.23432  8.30%  35.4 3044s
 1228855 694677     cutoff   48        75.49699   69.23773  8.29%  35.5 3051s
 1234245 695188   69.30030   44   73   75.49699   69.24734  8.28%  35.5 3055s
 1235881 696729   69.26631   70   92   75.49699   69.25163  8.27%  35.5 3060s
 1238498 698929   69.88205   84  115   75.49699   69.25943  8.26%  35.5 3068s
 1241336 699801   69.40163   65   70   75.49699   69.26460  8.26%  35.5 3072s
 1242928 701190   74.99858  111   56   75.49699   69.26849  8.25%  35.5 3076s
 1245274 701713   69.31055   68   64   75.49699   69.27536  8.24%  35.5 3080s
 1249074 704020     cutoff   79        75.49699   69.28290  8.23%  35.5 3088s
 1250218 706484 infeasible   81        75.49699   69.28606  8.23%  35.5 3095s
 1255368 708907 infeasible   93        75.49699   69.29879  8.21%  35.6 3103s
 1258292 709322   70.28758   44  173   75.49699   69.30458  8.20%  35.6 3107s
 1259058 711050     cutoff   86        75.49699   69.30809  8.20%  35.6 3111s
 1261824 711467 infeasible   72        75.49699   69.31163  8.19%  35.6 3115s
 1265371 713550     cutoff   97        75.49699   69.31868  8.18%  35.6 3122s
 1266297 715347   69.32571   76   66   75.49699   69.32571  8.17%  35.6 3127s
 1269248 715890   71.29938  104   79   75.49699   69.33137  8.17%  35.6 3130s
 1272811 718776 infeasible   80        75.49699   69.33976  8.16%  35.6 3137s
 1274926 719807 infeasible   61        75.49699   69.34498  8.15%  35.6 3140s
 1277572 721651 infeasible   89        75.49699   69.35218  8.14%  35.6 3147s
 1279942 722993   72.73777   68   52   75.49699   69.35556  8.13%  35.6 3150s
 1283028 724487   69.36495   82  127   75.49699   69.36495  8.12%  35.6 3157s
 1285059 724904 infeasible   69        75.49699   69.36885  8.12%  35.6 3160s
 1288571 727081 infeasible  105        75.49699   69.37601  8.11%  35.6 3168s
 1289554 728408   70.06523   63   57   75.49699   69.37969  8.10%  35.6 3171s
 1291774 728819 infeasible  124        75.49699   69.38609  8.09%  35.6 3175s
 1292923 731549     cutoff   96        75.49699   69.39085  8.09%  35.7 3182s
H1296869 731549                      75.4969865   69.39173  8.09%  35.7 3183s
 1297507 731827     cutoff   62        75.49699   69.39886  8.08%  35.7 3187s
 1298469 732842 infeasible   65        75.49699   69.40327  8.07%  35.7 3191s
 1300117 733310   69.42548   59   93   75.49699   69.40868  8.06%  35.7 3195s
 1304075 735195     cutoff   65        75.49699   69.42032  8.05%  35.7 3203s
 1304920 736723   69.53891   81   29   75.49699   69.42448  8.04%  35.7 3207s
 1307611 737156     cutoff   65        75.49699   69.43211  8.03%  35.7 3211s
 1308637 738825     cutoff   62        75.49699   69.43630  8.03%  35.7 3215s
 1312716 740713   69.49765   80   17   75.49699   69.44807  8.01%  35.7 3223s
 1315321 740992 infeasible  106        75.49699   69.45338  8.01%  35.7 3226s
 1315981 742244 infeasible  138        75.49699   69.45510  8.00%  35.7 3230s
 1319040 744113     cutoff   62        75.49699   69.46664  7.99%  35.7 3237s
 1321861 744358 infeasible  141        75.49699   69.47158  7.98%  35.7 3240s
 1324866 746772     cutoff   93        75.49699   69.48157  7.97%  35.7 3248s
 1327000 746882     cutoff   68        75.49699   69.48641  7.96%  35.7 3250s

Cutting planes:
  Learned: 4
  Gomory: 110
  Lift-and-project: 35
  Cover: 743
  Implied bound: 823
  MIR: 687
  StrongCG: 2
  Flow cover: 1227
  GUB cover: 1
  Inf proof: 140
  Zero half: 21
  RLT: 97
  Relax-and-lift: 42
  PSD: 1

Explored 1327441 nodes (47452794 simplex iterations) in 3250.22 seconds (1384.01 work units)
Thread count was 32 (of 32 available processors)

Solution count 10: 75.497 75.497 75.497 ... 75.6791

Solve interrupted
Best objective 7.549698647450e+01, best bound 6.948842278242e+01, gap 7.9587%

Gurobi 9.5.2 (linux64) logging started Sun Aug 16 10:59:12 2026

Set parameter LogFile to value "/mnt/beegfs/users/celinep/ChargeAndBreak/logs/oracle_RmediumCfewTnone_16__nosplit_gurobi.log"
Gurobi Optimizer version 9.5.2 build v9.5.2rc0 (linux64)
Thread count: 16 physical cores, 32 logical processors, using up to 32 threads
Optimize a model with 5908 rows, 2894 columns and 65434 nonzeros
Model fingerprint: 0x1b4a9c76
Variable types: 1966 continuous, 928 integer (928 binary)
Coefficient statistics:
  Matrix range     [6e-02, 1e+03]
  Objective range  [5e-01, 1e+00]
  Bounds range     [1e+00, 4e+01]
  RHS range        [4e-02, 2e+07]

User MIP start did not produce a new incumbent solution

Presolve removed 2435 rows and 734 columns
Presolve time: 0.19s
Presolved: 3473 rows, 2160 columns, 53400 nonzeros
Variable types: 1492 continuous, 668 integer (668 binary)
Found heuristic solution: objective 1249.2248081
Root relaxation presolve removed 86 rows and 70 columns
Root relaxation presolved: 3387 rows, 2090 columns, 48412 nonzeros


Root relaxation: objective 6.433489e+01, 2510 iterations, 0.17 seconds (0.32 work units)
Another try with MIP start

    Nodes    |    Current Node    |     Objective Bounds      |     Work
 Expl Unexpl |  Obj  Depth IntInf | Incumbent    BestBd   Gap | It/Node Time

H    0     0                      75.9523663   64.33489  15.3%     -    0s
     0     0   64.33489    0  146   75.95237   64.33489  15.3%     -    0s
     0     0   65.29832    0  161   75.95237   65.29832  14.0%     -    1s
     0     0   65.30068    0  161   75.95237   65.30068  14.0%     -    1s
     0     0   65.51096    0  183   75.95237   65.51096  13.7%     -    1s
     0     0   65.53820    0  188   75.95237   65.53820  13.7%     -    1s
     0     0   65.53920    0  180   75.95237   65.53920  13.7%     -    1s
     0     0   65.53920    0  178   75.95237   65.53920  13.7%     -    1s
     0     0   65.84028    0  184   75.95237   65.84028  13.3%     -    1s
     0     0   65.91466    0  212   75.95237   65.91466  13.2%     -    1s
     0     0   65.93235    0  205   75.95237   65.93235  13.2%     -    1s
     0     0   65.93310    0  203   75.95237   65.93310  13.2%     -    1s
     0     0   65.93310    0  201   75.95237   65.93310  13.2%     -    1s
     0     0   65.99416    0  120   75.95237   65.99416  13.1%     -    2s
     0     0   66.02492    0  143   75.95237   66.02492  13.1%     -    2s
     0     0   66.03072    0  186   75.95237   66.03072  13.1%     -    2s
     0     0   66.03428    0  178   75.95237   66.03428  13.1%     -    2s
     0     0   66.03452    0  186   75.95237   66.03452  13.1%     -    2s
     0     0   66.08455    0  154   75.95237   66.08455  13.0%     -    2s
     0     0   66.09550    0  168   75.95237   66.09550  13.0%     -    2s
     0     0   66.09979    0  171   75.95237   66.09979  13.0%     -    2s
     0     0   66.10040    0  176   75.95237   66.10040  13.0%     -    2s
     0     0   66.10075    0  177   75.95237   66.10075  13.0%     -    2s
     0     0   66.12425    0  156   75.95237   66.12425  12.9%     -    2s
     0     0   66.13210    0  162   75.95237   66.13210  12.9%     -    2s
     0     0   66.13228    0  169   75.95237   66.13228  12.9%     -    2s
     0     0   66.13953    0  169   75.95237   66.13953  12.9%     -    3s
     0     0   66.14169    0  170   75.95237   66.14169  12.9%     -    3s
     0     0   66.14173    0  170   75.95237   66.14173  12.9%     -    3s
     0     0   66.15744    0  167   75.95237   66.15744  12.9%     -    3s
     0     0   66.16405    0  165   75.95237   66.16405  12.9%     -    3s
     0     0   66.16454    0  175   75.95237   66.16454  12.9%     -    3s
     0     0   66.16487    0  171   75.95237   66.16487  12.9%     -    3s
     0     0   66.17045    0  167   75.95237   66.17045  12.9%     -    3s
     0     0   66.17194    0  194   75.95237   66.17194  12.9%     -    3s
     0     0   66.17209    0  183   75.95237   66.17209  12.9%     -    3s
     0     0   66.17283    0  176   75.95237   66.17283  12.9%     -    4s
     0     0   66.17298    0  184   75.95237   66.17298  12.9%     -    4s
     0     0   66.17349    0  180   75.95237   66.17349  12.9%     -    4s
     0     0   66.17349    0  178   75.95237   66.17349  12.9%     -    4s
     0     2   66.17349    0  173   75.95237   66.17349  12.9%     -    4s
     7    14   66.19006    3  196   75.95237   66.18723  12.9%   186    5s
H   37    42                      75.7944544   66.20578  12.7%   176    5s
H   40    42                      75.7492162   66.20578  12.6%   178    5s
H   77    86                      75.6791138   66.22102  12.5%   165    6s
H   79    86                      75.5834986   66.23639  12.4%   171    6s
H   92    86                      75.5291264   66.23639  12.3%   161    6s
H  169   168                      75.4969898   66.25140  12.2%   140    9s
   190   184   66.25140   14  189   75.49699   66.25140  12.2%   130   11s
  1285  1116   66.57270  112  109   75.49699   66.57270  11.8%  58.3   15s
H 2043  1676                      75.4969897   66.66224  11.7%  49.7   17s
  2047  1679   71.20220   32   84   75.49699   66.66224  11.7%  49.6   20s
  2057  1686   71.20220   30  204   75.49699   66.66224  11.7%  49.4   25s
  2063  1693   66.66224   16  182   75.49699   66.66224  11.7%  53.5   31s
  2174  1764   66.66224   25  121   75.49699   66.66224  11.7%  60.3   35s
H 2259  1693                      75.4969897   66.66224  11.7%  62.7   38s
  2263  1716   66.66224   31  117   75.49699   66.66224  11.7%  62.8   40s
  2351  1759   66.66224   36  119   75.49699   66.66224  11.7%  64.3   45s
  3135  2262   66.88274   41  108   75.49699   66.68977  11.7%  63.9   50s
  4660  3045     cutoff   53        75.49699   66.73889  11.6%  55.6   56s
  5624  3623   75.32359   26  126   75.49699   66.75918  11.6%  52.8   60s
  8260  5601   66.86491   65   74   75.49699   66.79206  11.5%  46.0   65s
  9667  6953   66.85064   34  101   75.49699   66.80670  11.5%  44.0   70s
 12850  9702   66.97946   47  203   75.49699   66.82558  11.5%  39.6   77s
 15761 12236   66.94846   86   37   75.49699   66.84102  11.5%  36.9   83s
 15802 12252   66.86991   35  117   75.49699   66.84302  11.5%  37.1   85s
 17738 14750   66.85344   48   64   75.49699   66.85344  11.4%  35.7   90s
 20806 19110   66.91179   64  108   75.49699   66.86344  11.4%  33.7   96s
 23554 19113   75.36946   25  110   75.49699   66.86746  11.4%  32.1  100s
 23621 19197   66.86879   47   75   75.49699   66.86879  11.4%  32.4  108s
 24169 20689   67.14663   59   70   75.49699   66.87671  11.4%  32.5  110s
 26565 22731   66.88294   80   76   75.49699   66.88294  11.4%  31.8  115s
 29691 24542   75.37451   29  124   75.49699   66.88776  11.4%  30.7  121s
 33890 28252   74.40078   36  180   75.49699   66.89610  11.4%  30.2  129s
 33948 29381   66.89703   52   93   75.49699   66.89703  11.4%  30.2  130s
 38251 32151   67.12735   32   97   75.49699   66.90606  11.4%  29.4  137s
 40206 35752   66.91410   53  145   75.49699   66.90932  11.4%  29.0  140s
 42652 40179   66.91223   24  127   75.49699   66.91052  11.4%  28.5  145s
 47830 40287   66.91866   69   89   75.49699   66.91866  11.4%  27.8  150s
 47999 40468   66.94477   44  113   75.49699   66.92300  11.4%  28.1  155s
 48140 40675   66.92457   57  120   75.49699   66.92423  11.4%  28.2  160s
 52717 44361   69.40131   67   65   75.49699   66.93147  11.3%  28.3  166s
 53153 45748   67.06009   40   61   75.49699   66.93519  11.3%  28.8  170s
 57494 50354   67.39666   52   82   75.49699   66.94150  11.3%  28.6  175s
 62280 52677   67.90654   82   33   75.49699   66.95084  11.3%  28.5  182s
 64848 56673   67.64088   92  104   75.49699   66.95577  11.3%  28.6  186s
 67834 57236   67.81310   54  147   75.49699   66.96105  11.3%  28.6  191s
 72827 63248   67.45741   41   37   75.49699   66.96688  11.3%  28.2  196s
 77060 65054 infeasible   60        75.49699   66.97541  11.3%  28.2  201s
 79613 67258   67.26247   55   74   75.49699   66.98211  11.3%  28.3  206s
 79918 69054   67.36525   53   67   75.49699   66.98478  11.3%  28.6  210s
 82036 70546   66.99403   47  122   75.49699   66.98994  11.3%  28.8  215s
 83828 70866   67.58801   50  106   75.49699   66.99355  11.3%  28.8  221s
 86690 73452   67.32475   53   53   75.49699   66.99906  11.3%  28.8  226s
 87237 85622     cutoff   46        75.49699   67.00087  11.3%  29.0  237s
 101566 85699   68.14047   53   24   75.49699   67.01575  11.2%  28.3  240s
 101924 86093   67.14881   50  104   75.49699   67.02087  11.2%  28.4  247s
 102171 86333   67.26993   44   30   75.49699   67.02181  11.2%  28.6  251s
 105205 90403     cutoff   40        75.49699   67.02698  11.2%  28.7  256s
 107142 91204   67.33659   71   70   75.49699   67.02868  11.2%  28.6  261s
 108095 92214   67.95089   64   61   75.49699   67.03131  11.2%  28.7  266s
 109402 99804   72.29587   36  125   75.49699   67.03502  11.2%  28.9  273s
 117979 100543 infeasible   70        75.49699   67.04039  11.2%  28.6  275s
 121856 105968   67.12572   64   76   75.49699   67.05135  11.2%  28.6  281s
 126893 107938   67.42172   46   38   75.49699   67.05535  11.2%  28.5  285s
 129689 110645   67.09857   48   69   75.49699   67.06053  11.2%  28.5  291s
 130262 121592   67.13432   56   79   75.49699   67.06278  11.2%  28.7  300s
 142926 121727   69.46266   78   94   75.49699   67.07987  11.1%  28.3  305s
 143350 122086   67.49089   79   90   75.49699   67.08361  11.1%  28.4  311s
 143576 122256   73.49182   81   60   75.49699   67.08500  11.1%  28.5  315s
 144184 123973   67.70364   75   88   75.49699   67.08825  11.1%  28.7  320s
 149274 128402     cutoff   89        75.49699   67.09625  11.1%  28.6  326s
 150911 128810   67.19745   59   52   75.49699   67.09932  11.1%  28.6  330s
 151420 141812   67.14088   79   64   75.49699   67.10119  11.1%  28.7  341s
 166706 141846     cutoff   82        75.49699   67.11389  11.1%  28.4  345s
 167033 142235   67.13198   77   70   75.49699   67.12060  11.1%  28.5  350s
 167971 142909   67.14242   38   59   75.49699   67.12655  11.1%  28.7  356s
 170895 145270 infeasible   51        75.49699   67.13123  11.1%  28.7  360s
 173513 147298   70.24201   38  114   75.49699   67.13588  11.1%  28.8  365s
 173887 160990   67.15248   67   38   75.49699   67.13783  11.1%  28.9  376s
 189903 161000   67.15438   55  143   75.49699   67.15148  11.1%  28.5  380s
 190407 161395   67.96410   63   88   75.49699   67.15870  11.0%  28.6  388s
 190627 161441   67.51268   81   35   75.49699   67.16048  11.0%  28.7  390s
 191013 161810   67.18560   55   81   75.49699   67.16320  11.0%  28.9  395s
 191983 164734   67.20235   81   51   75.49699   67.16712  11.0%  29.0  401s
 195417 176789   68.06849   84   61   75.49699   67.17226  11.0%  29.1  411s
 209820 177075   68.09564   42   69   75.49699   67.18876  11.0%  28.8  415s
 210465 177589   69.57202   67  100   75.49699   67.19189  11.0%  28.9  420s
 211277 179768     cutoff   72        75.49699   67.19453  11.0%  29.0  426s
 214025 181896   68.07701   93   31   75.49699   67.19909  11.0%  29.1  431s
 217205 189521     cutoff   53        75.49699   67.20375  11.0%  29.1  441s
 226300 189913     cutoff   50        75.49699   67.21494  11.0%  29.0  446s
 227461 192357     cutoff   60        75.49699   67.21867  11.0%  29.1  450s
 230419 194858     cutoff   50        75.49699   67.22402  11.0%  29.1  455s
 235965 198968   67.75511   38   63   75.49699   67.23136  10.9%  29.2  461s
 238503 199240   67.47313   57   66   75.49699   67.23357  10.9%  29.1  465s
 239107 209590 infeasible  116        75.49699   67.23529  10.9%  29.2  474s
 252312 209688 infeasible   85        75.49699   67.24583  10.9%  29.0  477s
 252618 209854   67.39885   61   49   75.49699   67.25048  10.9%  29.1  480s
 253427 210424     cutoff   49        75.49699   67.25178  10.9%  29.2  485s
 255438 213824     cutoff   33        75.49699   67.25612  10.9%  29.3  491s
 258860 216445   68.03359  102   32   75.49699   67.26107  10.9%  29.4  496s
 261861 216759     cutoff   65        75.49699   67.26362  10.9%  29.3  500s
 262460 227487   68.14091   95   13   75.49699   67.26554  10.9%  29.4  508s
 276263 227642   70.86569   66   65   75.49699   67.27708  10.9%  29.2  511s
 276846 228071   67.52461   92    5   75.49699   67.28107  10.9%  29.3  519s
 277192 229898     cutoff   50        75.49699   67.28207  10.9%  29.3  520s
 279891 232123     cutoff   50        75.49699   67.28711  10.9%  29.3  525s
 283306 240717   68.57139   94   48   75.49699   67.29166  10.9%  29.3  537s
 294724 240829 infeasible   81        75.49699   67.30281  10.9%  29.1  540s
 295869 241351   67.81187   74   54   75.49699   67.30871  10.8%  29.3  546s
 299047 243434     cutoff   52        75.49699   67.31256  10.8%  29.3  550s
 302080 245612 infeasible  108        75.49699   67.31867  10.8%  29.4  555s
 304853 247505   68.08188  109   19   75.49699   67.32269  10.8%  29.4  562s
 305368 257983   69.47287   63  143   75.49699   67.32621  10.8%  29.5  570s
 320289 258233 infeasible  127        75.49699   67.34128  10.8%  29.4  576s
 321004 258599     cutoff   59        75.49699   67.34333  10.8%  29.5  581s
 321922 259092 infeasible  122        75.49699   67.34597  10.8%  29.6  587s
 322437 261349 infeasible   50        75.49699   67.34927  10.8%  29.7  590s
 326182 268643 infeasible   72        75.49699   67.35415  10.8%  29.7  601s
 336748 269055     cutoff   44        75.49699   67.36912  10.8%  29.7  606s
 337668 270861 infeasible   77        75.49699   67.37112  10.8%  29.8  610s
 342523 272469     cutoff   64        75.49699   67.37976  10.8%  29.8  617s
 345954 274462   67.56510   96    8   75.49699   67.38554  10.7%  29.9  623s
 346488 283423     cutoff   54        75.49699   67.38877  10.7%  29.9  633s
 359358 283606     cutoff   64        75.49699   67.40111  10.7%  29.9  636s
 360242 283928   67.50007   97    5   75.49699   67.40234  10.7%  30.0  642s
 360720 284204     cutoff   48        75.49699   67.40378  10.7%  30.0  645s
 361722 286442     cutoff   78        75.49699   67.40713  10.7%  30.1  650s
 365055 288787   68.35959   43  163   75.49699   67.41320  10.7%  30.2  655s
 368623 296968 infeasible   53        75.49699   67.41807  10.7%  30.3  670s
 380918 297314   67.73805   66   31   75.49699   67.43037  10.7%  30.3  676s
 381896 297639     cutoff   61        75.49699   67.43287  10.7%  30.4  682s
 382999 298229     cutoff   35        75.49699   67.43556  10.7%  30.5  687s
 383570 300283   67.60003   79   49   75.49699   67.43738  10.7%  30.6  691s
 387285 302164     cutoff   67        75.49699   67.44354  10.7%  30.6  697s
 390194 302318     cutoff   70        75.49699   67.44930  10.7%  30.7  700s
 390934 303124 infeasible  108        75.49699   67.45121  10.7%  30.7  707s
 392818 308569     cutoff   55        75.49699   67.45520  10.7%  30.9  716s
 402026 309974     cutoff   41        75.49699   67.46806  10.6%  30.9  724s
 404133 310120     cutoff   44        75.49699   67.47036  10.6%  30.9  726s
 407497 311907   69.38118  113   48   75.49699   67.47744  10.6%  31.0  732s
 408044 312099     cutoff   68        75.49699   67.48062  10.6%  31.0  736s
 412298 314733     cutoff   51        75.49699   67.48731  10.6%  31.1  743s
 412852 318034   67.99549   46   60   75.49699   67.48954  10.6%  31.2  753s
 418497 318184     cutoff   41        75.49699   67.49823  10.6%  31.3  757s
 419184 318480   67.76326   96   31   75.49699   67.50154  10.6%  31.4  761s
 419984 321666   67.64926   45   77   75.49699   67.50495  10.6%  31.5  765s
 425300 321769   68.01586   59   53   75.49699   67.51009  10.6%  31.4  770s
 426549 324367   69.44667  144   26   75.49699   67.51649  10.6%  31.5  777s
 429909 324549     cutoff   41        75.49699   67.52227  10.6%  31.5  780s
 431131 326871   67.93715   62   94   75.49699   67.52668  10.6%  31.6  787s
 434877 327110 infeasible   95        75.49699   67.53268  10.5%  31.6  791s
 435517 333268     cutoff   70        75.49699   67.53451  10.5%  31.7  802s
 445285 333418     cutoff   74        75.49699   67.54528  10.5%  31.6  805s
 446084 333695   68.88123   59   96   75.49699   67.54899  10.5%  31.7  812s
 446680 333891     cutoff   66        75.49699   67.55163  10.5%  31.8  815s
 447836 335993     cutoff   57        75.49699   67.55473  10.5%  31.9  820s
 451034 336332 infeasible   75        75.49699   67.56066  10.5%  31.9  827s
 451645 336603     cutoff   54        75.49699   67.56362  10.5%  32.0  831s
 455965 339243   67.89047   64   50   75.49699   67.57053  10.5%  32.1  838s
 456678 345651     cutoff   49        75.49699   67.57302  10.5%  32.1  847s
 466077 345773     cutoff   59        75.49699   67.58436  10.5%  32.1  850s
 466655 345809 infeasible   82        75.49699   67.58649  10.5%  32.1  855s
 467526 346286     cutoff   56        75.49699   67.59061  10.5%  32.2  861s
 468949 348371     cutoff   60        75.49699   67.59345  10.5%  32.3  867s
 472004 348524   68.53434   78   57   75.49699   67.59752  10.5%  32.3  871s
 475091 350252   68.72533   76   11   75.49699   67.60454  10.5%  32.3  877s
 475750 350410   68.15795   79   54   75.49699   67.60686  10.5%  32.4  880s
 479549 352475   71.54167   79   79   75.49699   67.61367  10.4%  32.5  887s
 480199 353244     cutoff   89        75.49699   67.61644  10.4%  32.5  895s
 482020 359188     cutoff   48        75.49699   67.62091  10.4%  32.6  904s
 491091 359417   68.47535   93   52   75.49699   67.63185  10.4%  32.6  907s
 491680 361167     cutoff   48        75.49699   67.63440  10.4%  32.7  910s
 495359 361560   67.77166   68   42   75.49699   67.64051  10.4%  32.8  917s
 496107 363313     cutoff   65        75.49699   67.64425  10.4%  32.8  920s
 499809 364890   69.89484   71   60   75.49699   67.65253  10.4%  32.9  927s
 502580 365079 infeasible   60        75.49699   67.65645  10.4%  32.9  931s
 503334 365470     cutoff   70        75.49699   67.65941  10.4%  33.0  938s
 505255 369519     cutoff   79        75.49699   67.66429  10.4%  33.1  947s
 512824 369547   67.71818   84  106   75.49699   67.67638  10.4%  33.0  951s
 513536 369565     cutoff   30        75.49699   67.67841  10.4%  33.1  955s
 517130 370855     cutoff   48        75.49699   67.69100  10.3%  33.2  962s
 517924 370935   67.94466   66   62   75.49699   67.69554  10.3%  33.2  966s
 518661 371126     cutoff   63        75.49699   67.69861  10.3%  33.3  970s
H519854 372942                      75.4969893   67.70339  10.3%  33.3  974s
 523334 373030 infeasible   87        75.49699   67.70962  10.3%  33.3  979s
 524027 373397   67.96619   71  198   75.49699   67.71082  10.3%  33.4  987s
 526139 377512   67.93511   70  122   75.49699   67.71923  10.3%  33.5  996s
 533583 377598   72.84495   86  136   75.49699   67.73138  10.3%  33.5 1000s
 535311 377702 infeasible   82        75.49699   67.73857  10.3%  33.6 1008s
 536218 377699   67.79929   55  141   75.49699   67.74306  10.3%  33.6 1011s
 537131 379337     cutoff   59        75.49699   67.74887  10.3%  33.7 1016s
 540878 379353     cutoff   68        75.49699   67.75667  10.3%  33.7 1020s
 542652 379706   67.85236   52   71   75.49699   67.76475  10.2%  33.8 1028s
 543718 381350 infeasible  121        75.49699   67.76733  10.2%  33.9 1032s
 547016 381427     cutoff   55        75.49699   67.77557  10.2%  33.9 1036s
 547744 381612   68.21731   70  105   75.49699   67.77766  10.2%  34.0 1044s
 550068 384486   68.14903   77   47   75.49699   67.78755  10.2%  34.1 1051s
 556067 384593   67.83096   98   10   75.49699   67.80020  10.2%  34.1 1055s
 557892 384770     cutoff   65        75.49699   67.80788  10.2%  34.2 1063s
 558627 384981   72.05672   76   71   75.49699   67.81043  10.2%  34.2 1067s
 559874 386854 infeasible   62        75.49699   67.81441  10.2%  34.3 1071s
 563609 386935     cutoff   79        75.49699   67.82340  10.2%  34.3 1075s
 565470 388574 infeasible   47        75.49699   67.83111  10.2%  34.4 1083s
 568798 388683     cutoff   76        75.49699   67.83891  10.1%  34.4 1087s
 569605 389004     cutoff   75        75.49699   67.84201  10.1%  34.5 1094s
 571708 389004 infeasible   74        75.49699   67.84376  10.1%  34.5 1095s
 571953 392077     cutoff   60        75.49699   67.85029  10.1%  34.5 1101s
 578445 392172 infeasible   98        75.49699   67.86498  10.1%  34.5 1105s
H579344 392172                      75.4969884   67.86663  10.1%  34.6 1106s
 579415 392229     cutoff   54        75.49699   67.86843  10.1%  34.6 1110s
 581616 393925 infeasible   89        75.49699   67.87405  10.1%  34.7 1117s
 584654 393942     cutoff  137        75.49699   67.88194  10.1%  34.7 1121s
 585535 394082 infeasible  117        75.49699   67.88657  10.1%  34.7 1125s
 590509 395806 infeasible  110        75.49699   67.89947  10.1%  34.7 1134s
 591315 396199     cutoff   56        75.49699   67.90154  10.1%  34.8 1142s
 593809 398558   68.03252   89   61   75.49699   67.90669  10.1%  34.9 1148s
 598931 398620 infeasible  113        75.49699   67.92329  10.0%  34.9 1152s
 599764 398742 infeasible   81        75.49699   67.92416  10.0%  34.9 1156s
 600844 398805 infeasible   60        75.49699   67.92979  10.0%  35.0 1160s
 602047 400516     cutoff   58        75.49699   67.93389  10.0%  35.0 1165s
 606531 400639 infeasible  106        75.49699   67.94606  10.0%  35.1 1173s
 607642 400930   68.16230   82   38   75.49699   67.95153  10.0%  35.1 1177s
 608827 402328   68.85734   98   26   75.49699   67.95434  10.0%  35.1 1182s
 612511 402335   68.00544   70   36   75.49699   67.96269  10.0%  35.1 1186s
 613528 404852 infeasible   88        75.49699   67.96767  10.0%  35.2 1193s
 618902 404908     cutoff   51        75.49699   67.97800  10.0%  35.2 1196s
 620549 404950   68.28087   46   88   75.49699   67.98742  9.95%  35.2 1204s
 621683 404962   68.63050  105  120   75.49699   67.99013  9.94%  35.3 1207s
 622380 404995 infeasible   91        75.49699   67.99277  9.94%  35.3 1212s
 623423 405181     cutoff   55        75.49699   67.99668  9.93%  35.4 1216s
 624567 406791     cutoff   62        75.49699   68.00174  9.93%  35.4 1220s
 628716 407113     cutoff   72        75.49699   68.01261  9.91%  35.4 1229s
 630112 409099     cutoff   70        75.49699   68.01664  9.91%  35.5 1234s
 633931 409165     cutoff   91        75.49699   68.02505  9.90%  35.5 1238s
 634829 409537   68.03119   70   75   75.49699   68.02896  9.89%  35.5 1246s
 637621 412139   72.08294   81   49   75.49699   68.03465  9.88%  35.6 1252s
 643173 412299     cutoff   54        75.49699   68.04493  9.87%  35.6 1256s
H644036 412299                      75.4969871   68.04618  9.87%  35.6 1257s
 644142 413447     cutoff   69        75.49699   68.04834  9.87%  35.6 1260s
 647950 413931 infeasible  113        75.49699   68.05933  9.85%  35.6 1268s
 649592 414022     cutoff   47        75.49699   68.06302  9.85%  35.7 1272s
 650501 415370   70.32457   70  140   75.49699   68.06525  9.84%  35.7 1275s
 653329 415586   68.96733   79  116   75.49699   68.07328  9.83%  35.7 1280s
 654609 416785 infeasible   68        75.49699   68.07648  9.83%  35.8 1285s
 658223 416846   68.59798   85   64   75.49699   68.08552  9.82%  35.8 1290s
 661513 417632     cutoff   77        75.49699   68.09614  9.80%  35.8 1298s
 662556 417986 infeasible  117        75.49699   68.10140  9.80%  35.8 1302s
 664048 419018     cutoff   46        75.49699   68.10637  9.79%  35.8 1306s
 668055 419362 infeasible  132        75.49699   68.11619  9.78%  35.8 1313s
 669418 420814 infeasible   85        75.49699   68.11978  9.77%  35.9 1317s
 672255 420827     cutoff   78        75.49699   68.12694  9.76%  35.9 1320s
 676268 422254     cutoff   71        75.49699   68.13923  9.75%  35.9 1328s
 677480 422628   69.56182   78   82   75.49699   68.14169  9.74%  35.9 1334s
 679840 424455     cutoff   90        75.49699   68.14939  9.73%  36.0 1340s
 684224 424654   68.67934  103   85   75.49699   68.15862  9.72%  35.9 1346s
 685271 425738   68.50407   57   55   75.49699   68.16370  9.71%  36.0 1350s
 689140 426191 infeasible   67        75.49699   68.17444  9.70%  36.0 1357s
 690231 427619   70.49555   74  128   75.49699   68.17860  9.69%  36.0 1361s
 693306 427670   68.33589   65   68   75.49699   68.18457  9.69%  36.0 1365s
 694561 429102 infeasible   93        75.49699   68.18942  9.68%  36.1 1370s
 699073 432371     cutoff   80        75.49699   68.20091  9.66%  36.1 1382s
 705158 432499     cutoff  105        75.49699   68.21331  9.65%  36.0 1386s
 706160 432532 infeasible   71        75.49699   68.21623  9.64%  36.1 1390s
 708164 434120   68.25275   58   52   75.49699   68.22443  9.63%  36.1 1399s
 711572 434263   68.28736   72   63   75.49699   68.23118  9.62%  36.1 1402s
 712482 434441 infeasible  115        75.49699   68.23623  9.62%  36.1 1406s
 713639 436061 infeasible   71        75.49699   68.24026  9.61%  36.1 1411s
 717134 436270   68.24723   74   75   75.49699   68.24723  9.60%  36.1 1415s
 718449 436970     cutoff   81        75.49699   68.25205  9.60%  36.1 1420s
 721322 436840     cutoff   74        75.49699   68.25729  9.59%  36.1 1425s
 722576 437327     cutoff   71        75.49699   68.26341  9.58%  36.2 1433s
 726033 437637     cutoff   58        75.49699   68.27287  9.57%  36.2 1438s
 727695 439047   69.77437   51  112   75.49699   68.27849  9.56%  36.2 1443s
 732644 437024     cutoff   72        75.49699   68.28702  9.55%  36.2 1449s
 734742 434871 infeasible   79        75.49699   68.28881  9.55%  36.1 1453s
 737050 434831   69.58245   84  116   75.49699   68.28881  9.55%  36.0 1456s
 737977 434951   71.33383  102  132   75.49699   68.28881  9.55%  36.1 1460s
 742149 435489     cutoff   51        75.49699   68.30108  9.53%  36.1 1472s
 743921 436884     cutoff   65        75.49699   68.30353  9.53%  36.1 1479s
 749081 436443 infeasible   74        75.49699   68.31630  9.51%  36.1 1483s
 750982 436471     cutoff   58        75.49699   68.32186  9.50%  36.1 1487s
 752436 436708     cutoff   62        75.49699   68.32575  9.50%  36.1 1491s
 755644 436608     cutoff   57        75.49699   68.32970  9.49%  36.1 1495s
 756871 437363 infeasible   92        75.49699   68.33540  9.49%  36.1 1500s
 762162 436857     cutoff   90        75.49699   68.34902  9.47%  36.1 1509s
 765701 434813 infeasible  103        75.49699   68.35545  9.46%  36.0 1515s
 768586 434417     cutoff  138        75.49699   68.35947  9.45%  35.9 1520s
 772136 432758     cutoff   62        75.49699   68.36240  9.45%  35.9 1527s
 775704 431203   68.37464   62   47   75.49699   68.36546  9.45%  35.8 1530s
 779852 432345 infeasible   78        75.49699   68.37530  9.43%  35.8 1538s
 782671 432488     cutoff   60        75.49699   68.38062  9.43%  35.8 1540s
 785990 433427     cutoff   80        75.49699   68.38902  9.41%  35.7 1547s
 787025 434077 infeasible   85        75.49699   68.39429  9.41%  35.8 1551s
 789998 435411     cutoff   72        75.49699   68.40128  9.40%  35.8 1557s
 792832 436277   70.16688   61  110   75.49699   68.40917  9.39%  35.7 1562s
 795700 436424     cutoff   82        75.49699   68.41379  9.38%  35.7 1565s
 799741 437962   68.47076   61   92   75.49699   68.42526  9.37%  35.7 1572s
 800605 439111   68.51572   64   48   75.49699   68.42897  9.36%  35.7 1576s
 804617 440580     cutoff   95        75.49699   68.43979  9.35%  35.7 1582s
 807331 440887     cutoff   80        75.49699   68.44615  9.34%  35.7 1586s
 808427 442152 infeasible  133        75.49699   68.44877  9.34%  35.7 1590s
 812242 443311 infeasible  150        75.49699   68.45777  9.32%  35.8 1598s
 815085 443457 infeasible   63        75.49699   68.46670  9.31%  35.8 1602s
 816344 445787     cutoff   91        75.49699   68.47011  9.31%  35.8 1611s
 821851 446133 infeasible  108        75.49699   68.48062  9.29%  35.7 1615s
 824230 448070     cutoff   99        75.49699   68.48731  9.28%  35.8 1623s
 827402 449327     cutoff   72        75.49699   68.49551  9.27%  35.7 1627s
 830254 449592 infeasible   79        75.49699   68.50327  9.26%  35.7 1631s
 831473 450871     cutoff   54        75.49699   68.50654  9.26%  35.7 1636s
 834862 451133 infeasible  100        75.49699   68.51248  9.25%  35.7 1640s
 838741 453021   68.65724   70   85   75.49699   68.52270  9.24%  35.7 1648s
 840419 453370 infeasible   84        75.49699   68.52585  9.23%  35.7 1651s
 841454 454705 infeasible   62        75.49699   68.53040  9.23%  35.7 1656s
 844109 456053   70.44154   96   85   75.49699   68.53435  9.22%  35.7 1660s
 847871 458073     cutoff  152        75.49699   68.54436  9.21%  35.7 1667s
 850963 458402     cutoff   74        75.49699   68.55008  9.20%  35.7 1670s
 854504 461041     cutoff  106        75.49699   68.55852  9.19%  35.7 1678s
 857362 461288   73.55210  116   48   75.49699   68.56276  9.18%  35.7 1683s
 858300 464377     cutoff   61        75.49699   68.56605  9.18%  35.7 1691s
 864793 464810   68.80719   76   66   75.49699   68.58061  9.16%  35.7 1695s
 866906 466714     cutoff   68        75.49699   68.58462  9.16%  35.7 1703s
 869663 467787   68.92100   71   22   75.49699   68.58891  9.15%  35.7 1707s
 871672 468255 infeasible  114        75.49699   68.59455  9.14%  35.7 1712s
 872674 469771   68.72938  137   41   75.49699   68.59661  9.14%  35.7 1716s
 875460 470141   68.73159   68   91   75.49699   68.60059  9.13%  35.7 1722s
 876393 471584 infeasible   64        75.49699   68.60399  9.13%  35.7 1726s
 879263 471971     cutoff  102        75.49699   68.61075  9.12%  35.7 1730s
 880186 475738     cutoff   63        75.49699   68.61438  9.12%  35.7 1740s
 887939 477031 infeasible  150        75.49699   68.62705  9.10%  35.7 1747s
 889887 477253     cutoff   84        75.49699   68.63308  9.09%  35.7 1752s
 890833 479238 infeasible  117        75.49699   68.63590  9.09%  35.7 1756s
 893826 479734 infeasible  125        75.49699   68.64094  9.08%  35.7 1760s
 898039 482827     cutoff  102        75.49699   68.64871  9.07%  35.7 1769s
 900242 483266     cutoff  101        75.49699   68.65218  9.07%  35.7 1773s
 901250 486670 infeasible  120        75.49699   68.65500  9.06%  35.7 1782s
 906981 487066   69.65005   90   17   75.49699   68.66240  9.05%  35.7 1786s
 908051 488988     cutoff   72        75.49699   68.66796  9.05%  35.7 1791s
 911242 489536 infeasible  101        75.49699   68.67357  9.04%  35.7 1795s
 912298 491356     cutoff   75        75.49699   68.67636  9.03%  35.7 1800s
 916273 493923     cutoff   61        75.49699   68.68135  9.03%  35.7 1808s
 919500 495568   68.74169   71   59   75.49699   68.68683  9.02%  35.7 1813s
 922261 495993   68.74905   69   70   75.49699   68.69036  9.02%  35.7 1820s
 923256 500180 infeasible  121        75.49699   68.69390  9.01%  35.7 1828s
 929779 500506     cutoff   73        75.49699   68.70581  9.00%  35.7 1832s
 930627 502134   68.96700   74   85   75.49699   68.70757  8.99%  35.7 1836s
 933875 502584 infeasible  127        75.49699   68.71354  8.99%  35.7 1840s
 937379 505444 infeasible   59        75.49699   68.72100  8.98%  35.7 1848s
 939089 507065     cutoff   74        75.49699   68.72523  8.97%  35.7 1852s
 941724 507383 infeasible   58        75.49699   68.72710  8.97%  35.7 1855s
 944211 509035 infeasible  170        75.49699   68.73175  8.96%  35.7 1860s
 946092 513301   68.84877   73  100   75.49699   68.73652  8.95%  35.7 1873s
 952079 513700     cutoff   72        75.49699   68.74631  8.94%  35.7 1876s
 952946 515508   68.75410  102   50   75.49699   68.74883  8.94%  35.7 1880s
 957017 517877 infeasible   75        75.49699   68.75792  8.93%  35.7 1887s
 959659 518822     cutoff   92        75.49699   68.76225  8.92%  35.7 1891s
 961270 520639     cutoff  103        75.49699   68.76567  8.92%  35.7 1896s
 965056 523159 infeasible  103        75.49699   68.77207  8.91%  35.7 1903s
 968232 525478 infeasible  116        75.49699   68.77740  8.90%  35.7 1908s
 971800 525839 infeasible  107        75.49699   68.78329  8.89%  35.7 1912s
 972503 527716 infeasible   70        75.49699   68.78518  8.89%  35.7 1915s
 976396 530365     cutoff   74        75.49699   68.79138  8.88%  35.7 1923s
 979236 530658   69.12563  109   23   75.49699   68.79511  8.88%  35.6 1926s
 979952 532343   68.86421   60   68   75.49699   68.79757  8.87%  35.6 1930s
 984455 534202   68.87970   89   28   75.49699   68.80435  8.86%  35.6 1937s
 985377 535964   69.17021   38   78   75.49699   68.80718  8.86%  35.6 1941s
 988165 537084   70.88789  137   20   75.49699   68.81212  8.85%  35.6 1945s
 991182 541298   73.21741  104   86   75.49699   68.81650  8.85%  35.6 1956s
 996825 541663   68.82737   73   60   75.49699   68.82563  8.84%  35.6 1960s
H996921 541663                      75.4969865   68.82564  8.84%  35.6 1960s
 1000890 544406   68.85210   64   70   75.49699   68.83107  8.83%  35.6 1967s
 1001708 546148     cutoff   50        75.49699   68.83401  8.83%  35.6 1970s
 1006865 548538   68.90265   65   87   75.49699   68.84273  8.81%  35.6 1978s
 1007926 550247   69.31659   75   26   75.49699   68.84517  8.81%  35.6 1982s
 1010708 552408   68.96439   79   13   75.49699   68.84855  8.81%  35.6 1987s
 1014059 552685   68.86879   91   31   75.49699   68.85555  8.80%  35.6 1990s
 1017247 554906 infeasible  118        75.49699   68.86007  8.79%  35.6 1996s
 1021165 558823   68.88099   64  103   75.49699   68.86600  8.78%  35.6 2003s
 1023618 559222     cutoff   74        75.49699   68.87089  8.78%  35.5 2006s
 1024369 561229 infeasible  113        75.49699   68.87197  8.78%  35.5 2010s
 1029985 563710     cutoff  145        75.49699   68.87911  8.77%  35.5 2017s
 1030736 565162   68.90574   63   96   75.49699   68.88169  8.76%  35.5 2021s
 1032984 567390 infeasible  151        75.49699   68.88567  8.76%  35.5 2026s
 1036993 569533   68.91921   39   66   75.49699   68.89214  8.75%  35.5 2033s
 1039653 570017 infeasible  123        75.49699   68.89648  8.74%  35.5 2037s
 1040427 572128   72.07127   84   46   75.49699   68.89751  8.74%  35.5 2041s
 1043352 574012     cutoff   92        75.49699   68.90142  8.74%  35.5 2045s
 1047111 576718   69.43529  105   27   75.49699   68.90930  8.73%  35.5 2052s
 1050048 578583     cutoff   63        75.49699   68.91304  8.72%  35.5 2056s
 1052703 579021 infeasible   91        75.49699   68.91678  8.72%  35.5 2060s
 1053497 581152     cutoff   76        75.49699   68.91798  8.71%  35.5 2065s
 1058876 583235     cutoff   86        75.49699   68.92660  8.70%  35.5 2071s
 1059581 584925 infeasible  152        75.49699   68.92782  8.70%  35.5 2075s
 1064904 587219     cutoff   65        75.49699   68.93517  8.69%  35.4 2083s
 1065562 588948   69.04688   64   86   75.49699   68.93789  8.69%  35.5 2087s
 1068152 589466     cutoff   69        75.49699   68.94243  8.68%  35.4 2091s
 1068969 590874     cutoff   99        75.49699   68.94408  8.68%  35.5 2095s
 1073549 593341   69.26841   88  109   75.49699   68.95029  8.67%  35.4 2103s
 1074500 595427   69.11418   79   15   75.49699   68.95185  8.67%  35.4 2108s
 1077548 597234     cutoff   82        75.49699   68.95653  8.66%  35.4 2111s
 1080043 597689     cutoff   97        75.49699   68.95974  8.66%  35.4 2116s
 1082937 600995 infeasible  116        75.49699   68.96436  8.65%  35.4 2123s
 1085620 601445 infeasible   92        75.49699   68.96843  8.65%  35.4 2126s
 1086467 603152     cutoff  109        75.49699   68.97078  8.64%  35.4 2131s
 1092231 605672   69.04672   68   57   75.49699   68.97833  8.63%  35.4 2138s
 1093179 607376   69.21843   78  104   75.49699   68.98184  8.63%  35.4 2142s
 1095684 609577     cutoff  108        75.49699   68.98564  8.62%  35.4 2147s
 1098946 609990   69.09067   94   74   75.49699   68.99066  8.62%  35.4 2151s
 1099623 611791   69.04126   96   99   75.49699   68.99255  8.62%  35.4 2155s
 1102252 612356     cutoff  120        75.49699   68.99640  8.61%  35.4 2160s
 1106032 616171 infeasible  145        75.49699   69.00215  8.60%  35.4 2168s
 1108871 616564     cutoff   95        75.49699   69.00580  8.60%  35.4 2171s
 1109541 618620     cutoff   89        75.49699   69.00877  8.59%  35.4 2175s
 1113412 621344   69.03573   79   44   75.49699   69.01666  8.58%  35.4 2183s
 1116536 623661   69.03831   69   81   75.49699   69.02010  8.58%  35.4 2188s
 1119907 624081   69.05050   86  105   75.49699   69.02416  8.57%  35.4 2190s
 1122986 626402   69.33453   61   56   75.49699   69.03056  8.57%  35.4 2198s
 1123940 628445   70.38014   77  127   75.49699   69.03233  8.56%  35.4 2202s
 1126921 629980     cutoff   70        75.49699   69.03616  8.56%  35.4 2206s
 1130263 632192 infeasible  105        75.49699   69.04263  8.55%  35.4 2213s
 1133030 632720 infeasible   64        75.49699   69.04707  8.54%  35.4 2216s
 1134053 634412   69.10559   69   79   75.49699   69.04951  8.54%  35.4 2220s
 1139306 636764   69.97662   88   66   75.49699   69.05889  8.53%  35.4 2228s
 1140235 641233   69.10009   89   16   75.49699   69.06165  8.52%  35.4 2238s
 1146842 641740     cutoff   70        75.49699   69.07199  8.51%  35.4 2243s
 1147662 643394     cutoff  137        75.49699   69.07370  8.51%  35.4 2247s
 1150205 643981     cutoff   91        75.49699   69.07813  8.50%  35.4 2251s
 1151132 646059   69.08482   79   44   75.49699   69.08166  8.50%  35.4 2256s
 1154286 647868   69.12524   71   18   75.49699   69.08641  8.49%  35.4 2260s
 1157770 650590 infeasible   70        75.49699   69.09334  8.48%  35.4 2268s
 1160934 651131   69.13222   76   64   75.49699   69.09872  8.47%  35.4 2272s
 1161825 655874   69.49263   82   78   75.49699   69.10089  8.47%  35.4 2281s
 1168942 656190 infeasible   79        75.49699   69.10790  8.46%  35.4 2286s
 1171976 658121 infeasible  146        75.49699   69.11905  8.45%  35.4 2292s
 1172621 660054   69.12129   40   40   75.49699   69.12129  8.44%  35.4 2297s
 1175616 660490 infeasible   83        75.49699   69.12504  8.44%  35.4 2300s
 1178546 662326 infeasible   79        75.49699   69.12922  8.43%  35.4 2305s
 1182888 664908   73.84869   97   98   75.49699   69.13748  8.42%  35.4 2312s
 1183800 669313 infeasible  121        75.49699   69.14151  8.42%  35.4 2322s
 1190404 669719   73.50453   75  104   75.49699   69.14927  8.41%  35.4 2326s
 1192125 672147     cutoff   93        75.49699   69.15909  8.39%  35.4 2334s
 1195123 673853   69.48454   69   71   75.49699   69.16285  8.39%  35.4 2338s
 1198038 674185     cutoff   89        75.49699   69.16873  8.38%  35.4 2342s
 1198792 675814     cutoff   57        75.49699   69.17151  8.38%  35.4 2346s
 1202475 677969   69.17896   67   73   75.49699   69.17896  8.37%  35.4 2353s
 1205217 678743 infeasible  114        75.49699   69.18501  8.36%  35.4 2358s
 1206720 681058 infeasible   99        75.49699   69.18970  8.35%  35.4 2364s
 1210783 681413     cutoff   85        75.49699   69.19561  8.35%  35.4 2368s
 1211714 682986 infeasible   97        75.49699   69.19907  8.34%  35.4 2372s
 1214521 683360 infeasible  116        75.49699   69.20383  8.34%  35.4 2376s
 1215617 685128   71.13351   95   58   75.49699   69.20839  8.33%  35.4 2380s
 1219416 687382     cutoff   66        75.49699   69.21502  8.32%  35.4 2388s
 1222365 688157 infeasible  143        75.49699   69.22197  8.31%  35.4 2393s
 1223760 688649   71.82850   84   74   75.49699   69.22529  8.31%  35.4 2397s
 1224748 690618   69.25438   76  108   75.49699   69.22815  8.30%  35.4 2402s
 1227790 691134 infeasible  118        75.49699   69.23432  8.30%  35.4 2407s
 1228855 694677     cutoff   48        75.49699   69.23773  8.29%  35.5 2414s
 1229418 694677 infeasible   82        75.49699   69.23776  8.29%  35.5 2415s
 1235166 696729 infeasible  124        75.49699   69.25095  8.27%  35.5 2423s
 1237603 697187 infeasible   92        75.49699   69.25528  8.27%  35.5 2427s
 1238498 698929   69.88205   84  115   75.49699   69.25943  8.26%  35.5 2432s
 1241336 699801   69.40163   65   70   75.49699   69.26460  8.26%  35.5 2435s
 1244687 701190 infeasible   69        75.49699   69.27069  8.25%  35.5 2440s
 1246294 703489 infeasible   53        75.49699   69.27649  8.24%  35.5 2447s
 1249074 704020     cutoff   79        75.49699   69.28290  8.23%  35.5 2452s
 1250218 706484 infeasible   81        75.49699   69.28606  8.23%  35.5 2458s
 1254362 707018     cutoff   91        75.49699   69.29603  8.21%  35.5 2463s
 1255368 708907 infeasible   93        75.49699   69.29879  8.21%  35.6 2467s
 1258292 709322   70.28758   44  173   75.49699   69.30458  8.20%  35.6 2471s
 1259058 711050     cutoff   86        75.49699   69.30809  8.20%  35.6 2476s
 1262741 713158 infeasible  114        75.49699   69.31708  8.19%  35.6 2483s
 1265371 713550     cutoff   97        75.49699   69.31868  8.18%  35.6 2487s
 1266297 715347   69.32571   76   66   75.49699   69.32571  8.17%  35.6 2491s
 1269248 715890   71.29938  104   79   75.49699   69.33137  8.17%  35.6 2495s
 1271012 717504   69.68304   78   77   75.49699   69.33465  8.16%  35.6 2500s
 1274926 719807 infeasible   61        75.49699   69.34498  8.15%  35.6 2506s
 1277572 721651 infeasible   89        75.49699   69.35218  8.14%  35.6 2512s
 1279942 722993   72.73777   68   52   75.49699   69.35556  8.13%  35.6 2516s
 1283028 724487   69.36495   82  127   75.49699   69.36495  8.12%  35.6 2523s
 1285059 724904 infeasible   69        75.49699   69.36885  8.12%  35.6 2526s
 1285906 726616     cutoff  119        75.49699   69.37244  8.11%  35.6 2530s
 1289554 728408   70.06523   63   57   75.49699   69.37969  8.10%  35.6 2536s
 1291774 728819 infeasible  124        75.49699   69.38609  8.09%  35.6 2541s
 1292923 731549     cutoff   96        75.49699   69.39085  8.09%  35.7 2548s
H1296869 731549                      75.4969865   69.39173  8.09%  35.7 2549s
 1297507 731827     cutoff   62        75.49699   69.39886  8.08%  35.7 2552s
 1298469 732842 infeasible   65        75.49699   69.40327  8.07%  35.7 2556s
 1300117 733310   69.42548   59   93   75.49699   69.40868  8.06%  35.7 2560s
 1304075 735195     cutoff   65        75.49699   69.42032  8.05%  35.7 2568s
 1304920 736723   69.53891   81   29   75.49699   69.42448  8.04%  35.7 2571s
 1307611 737156     cutoff   65        75.49699   69.43211  8.03%  35.7 2575s
 1311484 739354   70.69231   50   62   75.49699   69.44315  8.02%  35.7 2583s
 1312716 740713   69.49765   80   17   75.49699   69.44807  8.01%  35.7 2588s
 1315321 740992 infeasible  106        75.49699   69.45338  8.01%  35.7 2591s
 1315981 742244 infeasible  138        75.49699   69.45510  8.00%  35.7 2595s
 1319040 744113     cutoff   62        75.49699   69.46664  7.99%  35.7 2602s
 1321861 744358 infeasible  141        75.49699   69.47158  7.98%  35.7 2605s
 1324866 746772     cutoff   93        75.49699   69.48157  7.97%  35.7 2611s
 1327000 747079     cutoff   68        75.49699   69.48641  7.96%  35.7 2615s
 1329004 748835   69.51830   58  110   75.49699   69.49662  7.95%  35.8 2622s
 1331726 749146     cutoff   70        75.49699   69.50314  7.94%  35.8 2625s
 1335024 750994   72.12235  108   71   75.49699   69.51375  7.93%  35.8 2633s
 1336151 753112   72.80950   97   77   75.49699   69.51857  7.92%  35.8 2640s
 1340827 754838     cutoff   67        75.49699   69.53048  7.90%  35.8 2648s
 1343358 755062 infeasible  107        75.49699   69.53707  7.89%  35.8 2651s
 1344290 755513 infeasible  127        75.49699   69.54397  7.89%  35.8 2655s
 1347781 756995   69.56385   44   77   75.49699   69.55535  7.87%  35.8 2663s
 1348388 758276 infeasible   99        75.49699   69.55704  7.87%  35.8 2667s
 1350891 758652   69.59307   65   93   75.49699   69.56337  7.86%  35.8 2671s
 1351818 759949   69.66224   74  179   75.49699   69.56845  7.85%  35.8 2675s
 1355178 760725     cutoff   94        75.49699   69.58111  7.84%  35.9 2683s
 1356260 762053   69.65543  103   89   75.49699   69.58543  7.83%  35.9 2688s
 1358479 763086 infeasible   76        75.49699   69.59086  7.82%  35.9 2691s
 1360335 763380   70.02875   73   80   75.49699   69.59674  7.82%  35.9 2695s
 1363615 764939   73.76657  104  101   75.49699   69.60861  7.80%  35.9 2702s
 1364499 766025 infeasible   68        75.49699   69.61161  7.80%  35.9 2706s
 1367292 767785     cutoff   66        75.49699   69.62393  7.78%  35.9 2712s
 1369693 768123     cutoff   87        75.49699   69.63054  7.77%  35.9 2716s
 1371597 769396   69.70144   71   43   75.49699   69.63515  7.76%  36.0 2720s
 1373656 770043 infeasible   66        75.49699   69.64350  7.75%  36.0 2726s
 1374561 771227     cutoff   77        75.49699   69.64902  7.75%  36.0 2730s
 1377817 774005 infeasible  103        75.49699   69.65989  7.73%  36.0 2740s
 1383229 774397   69.92802   89  144   75.49699   69.67596  7.71%  36.0 2748s
 1384027 774762     cutoff   70        75.49699   69.68070  7.70%  36.0 2751s
 1384937 776047   69.68550   78   76   75.49699   69.68550  7.70%  36.0 2755s
 1387608 776353   69.81439   85   57   75.49699   69.69492  7.69%  36.0 2760s
 1391057 778012 infeasible   69        75.49699   69.70650  7.67%  36.1 2768s
 1391950 778334   69.76820   50   97   75.49699   69.71081  7.66%  36.1 2772s
 1392802 779835   69.72344   97  125   75.49699   69.71681  7.66%  36.1 2777s
 1395495 780249     cutoff   67        75.49699   69.72546  7.64%  36.1 2780s
 1396536 781667     cutoff   75        75.49699   69.73181  7.64%  36.1 2785s
 1400043 784643 infeasible   74        75.49699   69.74748  7.62%  36.1 2797s
 1405272 784837     cutoff   99        75.49699   69.75972  7.60%  36.1 2800s
 1406838 785396   70.88470   86    7   75.49699   69.77367  7.58%  36.2 2805s
 1410443 786854     cutoff   68        75.49699   69.78802  7.56%  36.2 2810s
 1413611 787998 infeasible   95        75.49699   69.80524  7.54%  36.2 2816s
 1416246 788677   70.13098   97  105   75.49699   69.81679  7.52%  36.2 2823s
 1417306 789906 infeasible   76        75.49699   69.82901  7.51%  36.3 2826s
 1420757 790727 infeasible   91        75.49699   69.84377  7.49%  36.3 2834s
 1422828 792455 infeasible  100        75.49699   69.85640  7.47%  36.3 2839s
 1423151 792455     cutoff   67        75.49699   69.85691  7.47%  36.3 2840s
 1427984 793905   69.92545   91   80   75.49699   69.87873  7.44%  36.3 2847s
 1430666 794091   70.21342   83  110   75.49699   69.89038  7.43%  36.3 2850s
 1434494 795495     cutoff  109        75.49699   69.90965  7.40%  36.4 2856s
 1436729 796623 infeasible   94        75.49699   69.92622  7.38%  36.4 2862s
 1439036 796900     cutoff   77        75.49699   69.94078  7.36%  36.4 2865s
 1443104 798475     cutoff  141        75.49699   69.96218  7.33%  36.4 2872s
 1443833 799958   72.76226   84   40   75.49699   69.96577  7.33%  36.4 2877s
 1447581 800109   70.40909   95   90   75.49699   69.98144  7.31%  36.4 2880s
 1449303 800529 infeasible   71        75.49699   69.99688  7.29%  36.5 2888s
 1450798 801749   70.02539   75   71   75.49699   70.00732  7.27%  36.5 2891s
 1454897 802241 infeasible   79        75.49699   70.02614  7.25%  36.5 2897s
 1456343 803571   70.06957   71  164   75.49699   70.04133  7.23%  36.5 2901s
 1460210 803919 infeasible  115        75.49699   70.06064  7.20%  36.6 2907s
 1461357 805238     cutoff   75        75.49699   70.07131  7.19%  36.6 2910s
 1465027 805673   74.09086   76   31   75.49699   70.09350  7.16%  36.6 2917s
 1466454 807353 infeasible  109        75.49699   70.10438  7.14%  36.6 2922s
 1470062 807429     cutoff  111        75.49699   70.12493  7.12%  36.6 2925s
 1472022 809114   74.20991  110   54   75.49699   70.13961  7.10%  36.7 2932s
 1474958 809195 infeasible   69        75.49699   70.15409  7.08%  36.7 2935s
 1476525 809679 infeasible   45        75.49699   70.16777  7.06%  36.7 2942s
 1477585 809964 infeasible   75        75.49699   70.17540  7.05%  36.7 2945s
 1481461 811474     cutoff  120        75.49699   70.20023  7.02%  36.8 2952s
 1482461 811692   70.24611   70   37   75.49699   70.20783  7.01%  36.8 2956s
 1483664 813225 infeasible   81        75.49699   70.21741  6.99%  36.8 2960s
 1487230 814517     cutoff   91        75.49699   70.23312  6.97%  36.9 2967s
 1490882 815029     cutoff   91        75.49699   70.25610  6.94%  36.9 2973s
 1492012 816558     cutoff  131        75.49699   70.26450  6.93%  37.0 2977s
 1495098 816833   70.29602  102   93   75.49699   70.28207  6.91%  37.0 2981s
 1497494 818682     cutoff   55        75.49699   70.30324  6.88%  37.0 2988s
 1500466 818926     cutoff   66        75.49699   70.31577  6.86%  37.0 2992s
 1501437 819194 infeasible  122        75.49699   70.32183  6.85%  37.1 2995s
 1503467 820521 infeasible  166        75.49699   70.33135  6.84%  37.1 3000s
 1506479 820994     cutoff   79        75.49699   70.35476  6.81%  37.1 3006s
 1509115 821887   75.16223   95  144   75.49699   70.37089  6.79%  37.2 3011s
 1511030 822637     cutoff   63        75.49699   70.38634  6.77%  37.2 3018s
 1512557 822932   70.42432   81  115   75.49699   70.39371  6.76%  37.3 3023s
 1514036 824168     cutoff   63        75.49699   70.40665  6.74%  37.3 3027s
 1516860 824337   73.31838  112   80   75.49699   70.42231  6.72%  37.3 3031s
 1518634 825000   70.60534  114  133   75.49699   70.43907  6.70%  37.4 3038s
 1519798 825330   70.56169   91   16   75.49699   70.44628  6.69%  37.4 3042s
 1521197 826601 infeasible  103        75.49699   70.45462  6.68%  37.4 3046s
 1525269 827184     cutoff  105        75.49699   70.48085  6.64%  37.5 3053s
 1526723 828441     cutoff   56        75.49699   70.49340  6.63%  37.5 3057s
 1529603 828520   70.50734  110  110   75.49699   70.50477  6.61%  37.5 3060s
 1531891 829368     cutoff   66        75.49699   70.53041  6.58%  37.6 3067s
 1533663 830921 infeasible   74        75.49699   70.54080  6.56%  37.6 3070s
 1538590 831379   70.66185   95  100   75.49699   70.57370  6.52%  37.7 3075s
 1541198 831959     cutoff  109        75.49699   70.59541  6.49%  37.7 3080s
 1544383 833409 infeasible  100        75.49699   70.62583  6.45%  37.8 3085s
 1550158 834148 infeasible  141        75.49699   70.66974  6.39%  37.9 3091s
 1552882 834696 infeasible  104        75.49699   70.69051  6.37%  37.9 3097s
 1556209 835149   70.75447   73   86   75.49699   70.72828  6.32%  38.0 3102s
 1559606 835477 infeasible  121        75.49699   70.74991  6.29%  38.0 3105s
 1562870 836761   70.87758   84   92   75.49699   70.78708  6.24%  38.0 3110s
 1566927 837546   73.22993   76  101   75.49699   70.83116  6.18%  38.1 3117s
 1569772 837849 infeasible  101        75.49699   70.86376  6.14%  38.2 3122s
 1572156 838133   70.89875   70   66   75.49699   70.89304  6.10%  38.2 3126s
 1575910 838373   70.96717   76   53   75.49699   70.93926  6.04%  38.3 3132s
 1579339 838516   72.10392  100   78   75.49699   70.97935  5.98%  38.3 3137s
 1581172 838592   71.16837   82  104   75.49699   71.01344  5.94%  38.3 3140s
 1585931 838761   74.71562   96  151   75.49699   71.06194  5.87%  38.4 3149s
 1586181 837948 infeasible   94        75.49699   71.06866  5.87%  38.4 3152s
 1589945 836346     cutoff   85        75.49699   71.14928  5.76%  38.4 3156s
 1593382 834831     cutoff   69        75.49699   71.22425  5.66%  38.4 3161s
 1597039 833440   71.50249   76   28   75.49699   71.30306  5.56%  38.5 3166s
 1599738 832841     cutoff  120        75.49699   71.33589  5.51%  38.5 3170s
 1602414 832122   71.41869   59  147   75.49699   71.40004  5.43%  38.5 3175s
 1605710 830971 infeasible   69        75.49699   71.46345  5.34%  38.6 3180s
 1608814 830110   71.61232   77   14   75.49699   71.52701  5.26%  38.7 3185s
 1612127 829200 infeasible  122        75.49699   71.60439  5.16%  38.7 3190s
 1615393 828042 infeasible  127        75.49699   71.66610  5.07%  38.8 3195s
 1619219 826687 infeasible   91        75.49699   71.75913  4.95%  38.8 3200s
 1622526 824981     cutoff   99        75.49699   71.85151  4.83%  38.8 3205s
 1626761 823189 infeasible  155        75.49699   71.93266  4.72%  38.9 3210s
 1630575 821374   72.35031   52  144   75.49699   72.05754  4.56%  38.9 3215s
 1637868 813583 infeasible   88        75.49699   72.21846  4.34%  38.8 3221s
 1650343 799865     cutoff   61        75.49699   72.21846  4.34%  38.7 3227s
 1660869 788298     cutoff   48        75.49699   72.21846  4.34%  38.6 3232s
 1668027 787040 infeasible   98        75.49699   72.21950  4.34%  38.6 3235s
 1671697 785187     cutoff   97        75.49699   72.31121  4.22%  38.6 3240s
 1675616 783114 infeasible   80        75.49699   72.41433  4.08%  38.7 3246s
 1679408 781131     cutoff   82        75.49699   72.51587  3.95%  38.7 3251s
 1683745 778475     cutoff   70        75.49699   72.61943  3.81%  38.7 3256s
 1687041 776796 infeasible   96        75.49699   72.71805  3.68%  38.7 3260s
 1692332 772662     cutoff   94        75.49699   72.86637  3.48%  38.8 3266s
 1699902 761624     cutoff   68        75.49699   72.96564  3.35%  38.7 3272s
 1706552 754332 infeasible  113        75.49699   72.96846  3.35%  38.7 3275s
 1721860 738300 infeasible   83        75.49699   72.96846  3.35%  38.4 3281s
 1737892 722268     cutoff   83        75.49699   72.96846  3.35%  38.3 3287s
 1745908 714252     cutoff   67        75.49699   72.96846  3.35%  38.2 3291s
 1753924 706236 infeasible   80        75.49699   72.96846  3.35%  38.1 3295s
 1769956 690204     cutoff   70        75.49699   72.96846  3.35%  38.0 3303s
 1777972 682188 infeasible   86        75.49699   72.96846  3.35%  38.0 3307s
 1785988 674172     cutoff   72        75.49699   72.96846  3.35%  37.9 3312s
 1794004 666156     cutoff   83        75.49699   72.96846  3.35%  37.9 3317s
 1802020 658145     cutoff   90        75.49699   72.96846  3.35%  37.9 3322s
 1810031 650129 infeasible  106        75.49699   72.96846  3.35%  37.9 3327s
 1818047 642164     cutoff   59        75.49699   72.96846  3.35%  37.9 3333s
 1826012 634187 infeasible   58        75.49699   72.96846  3.35%  37.9 3339s
 1833989 626179 infeasible  103        75.49699   72.96846  3.35%  37.9 3345s
 1841998 618275     cutoff   83        75.49699   72.96846  3.35%  37.9 3351s
 1849911 611447 infeasible  175        75.49699   72.96846  3.35%  37.9 3358s
 1856749 609103 infeasible   61        75.49699   72.96846  3.35%  37.9 3362s
 1861399 605241     cutoff   89        75.49699   72.98803  3.32%  38.0 3365s
 1871964 589239     cutoff   76        75.49699   73.05180  3.24%  37.8 3372s
 1879980 581233     cutoff   80        75.49699   73.05180  3.24%  37.8 3376s
 1893926 574950     cutoff   74        75.49699   73.06484  3.22%  37.7 3380s
 1900134 562115 infeasible  125        75.49699   73.13513  3.13%  37.6 3385s
 1916159 546083     cutoff   94        75.49699   73.13513  3.13%  37.4 3393s
 1924175 538067     cutoff   96        75.49699   73.13513  3.13%  37.3 3397s
 1932191 530051     cutoff   63        75.49699   73.13513  3.13%  37.3 3401s
 1940207 522035 infeasible   53        75.49699   73.13513  3.13%  37.2 3405s
 1956239 506003     cutoff   67        75.49699   73.13513  3.13%  37.0 3413s
 1964255 497987     cutoff   79        75.49699   73.13513  3.13%  37.0 3417s
 1972271 489971     cutoff   81        75.49699   73.13513  3.13%  36.9 3422s
 1980287 481955     cutoff   73        75.49699   73.13513  3.13%  36.9 3426s
 1988303 473949 infeasible  102        75.49699   73.13513  3.13%  36.8 3430s
 1996309 465935     cutoff   63        75.49699   73.13513  3.13%  36.8 3435s
 2011986 457465 infeasible  107        75.49699   73.13513  3.13%  36.7 3441s
 2017333 453390   73.33825   66  104   75.49699   73.21358  3.02%  36.7 3446s
 2022712 449715 infeasible  105        75.49699   73.28950  2.92%  36.7 3450s
 2028980 446119     cutoff   86        75.49699   73.35773  2.83%  36.7 3456s
 2032071 444315   74.37402  116   94   75.49699   73.37496  2.81%  36.7 3460s
 2038214 441368 infeasible   88        75.49699   73.43216  2.73%  36.8 3465s
 2042613 438286     cutoff   71        75.49699   73.47436  2.68%  36.8 3470s
 2047981 434918 infeasible   94        75.49699   73.51781  2.62%  36.8 3475s
 2053883 431319 infeasible  111        75.49699   73.56019  2.57%  36.8 3480s
 2060361 427341 infeasible   98        75.49699   73.60831  2.50%  36.8 3485s
 2066207 416977     cutoff   85        75.49699   73.64942  2.45%  36.8 3493s
 2074207 409452 infeasible   70        75.49699   73.65491  2.44%  36.7 3497s
 2083959 407545 infeasible   75        75.49699   73.67256  2.42%  36.7 3500s
 2090937 403419     cutoff   73        75.49699   73.71563  2.36%  36.7 3506s
 2096288 392983     cutoff   79        75.49699   73.74793  2.32%  36.7 3513s
 2104332 384967     cutoff   86        75.49699   73.75502  2.31%  36.6 3517s
 2112348 376951     cutoff   82        75.49699   73.75502  2.31%  36.5 3520s
 2128378 361199     cutoff   89        75.49699   73.75502  2.31%  36.4 3527s
 2138576 358141     cutoff   69        75.49699   73.75827  2.30%  36.4 3531s
 2143409 355179     cutoff   67        75.49699   73.78693  2.27%  36.4 3536s
 2149233 350800 infeasible   76        75.49699   73.82731  2.21%  36.4 3540s
 2156664 344995 infeasible   81        75.49699   73.88089  2.14%  36.4 3545s
 2163256 339631 infeasible   82        75.49699   73.94071  2.06%  36.4 3550s
 2168899 334869     cutoff   83        75.49699   73.98716  2.00%  36.4 3555s
 2176329 328929     cutoff   77        75.49699   74.05855  1.91%  36.4 3560s
 2183934 322841     cutoff   82        75.49699   74.13587  1.80%  36.4 3565s
 2194288 307298 infeasible   74        75.49699   74.21088  1.70%  36.3 3570s
 2215179 294759 infeasible   65        75.49699   74.28275  1.61%  36.1 3575s
 2221876 288696 infeasible   95        75.49699   74.35970  1.51%  36.0 3580s
 2230690 280308 infeasible   88        75.49699   74.48695  1.34%  36.0 3585s
 2239829 271572 infeasible   87        75.49699   74.63639  1.14%  35.9 3590s
 2252962 259786     cutoff   75        75.49699   74.77415  0.96%  35.8 3595s
 2310776 195910 infeasible   98        75.49699   74.96846  0.70%  35.0 3600s
 2370851 142713     cutoff   61        75.49699   74.99774  0.66%  34.2 3605s
 2380334 130901     cutoff   75        75.49699   74.99774  0.66%  34.1 3610s
 2388170 121599 infeasible  105        75.49699   74.99774  0.66%  34.1 3615s
 2397599 112902     cutoff   80        75.49699   74.99774  0.66%  34.0 3620s
 2441281 73058     cutoff   76        75.49699   75.05784  0.58%  33.5 3625s
 2447111 67575 infeasible   55        75.49699   75.05784  0.58%  33.5 3630s

Cutting planes:
  Learned: 4
  Gomory: 120
  Lift-and-project: 36
  Cover: 1584
  Implied bound: 1082
  MIR: 762
  StrongCG: 2
  Flow cover: 1329
  GUB cover: 1
  Inf proof: 242
  Zero half: 21
  RLT: 102
  Relax-and-lift: 45
  PSD: 1

Explored 2459021 nodes (82074784 simplex iterations) in 3632.58 seconds (2345.54 work units)
Thread count was 32 (of 32 available processors)

Solution count 10: 75.497 75.497 75.497 ... 75.5835

Optimal solution found (tolerance 5.00e-03)
Best objective 7.549698975756e+01, best bound 7.513156251834e+01, gap 0.4840%
