tree
version=v4
num_class=1
num_tree_per_iteration=1
label_index=0
max_feature_idx=90
objective=binary sigmoid:1
feature_names=t_elapsed tod soc_kwh soc_frac usable_kwh cd sd sw spread_h phi rho2_used ext_shift_used cd_slack sd_slack sw_slack spread_slack1 spread_slack2 rho2_left ext_left D_next E_next D_next_wc cd_slack_after sd_slack_after spread_slack2_after must_charge must_reset_cd must_rest e_needed_next_cs_wc e_margin_next_cs_wc stops_to_next_cs drive_to_next_cs energy_to_next_cs soc_at_next_cs_frac charge_time_to_full charge_rate_now_kw e_nom_margin_next_cs is_cs is_cust is_layby is_ferry queue_here service_here tw_early_slack tw_late_slack cs1_drive cs1_soc_frac cs1_queue cs1_reach cs2_drive cs2_soc_frac cs2_queue cs2_reach cs3_drive cs3_soc_frac cs3_queue cs3_reach cu1_drive cu1_open_slack cu1_close_slack cu1_rests_between cu2_drive cu2_open_slack cu2_close_slack cu2_rests_between hz_stops hz_drive hz_n_rests hz_n_breaks legs_to_forced_break legs_to_forced_rest stops_left drive_left energy_left cs_left cust_left route_frac_done a_y a_b45 a_b15 a_b30 a_r1 a_r2 a_break_min a_rest_min a_dwell_min a_resets_cd a_resets_sd a_tauc_full a_break_absorbable a_residual_break
feature_infos=[0.22300000488758087:151.07119750976562] [0.00019999999494757503:23.99799919128418] [100.12000274658203:495.77999877929688] [0.20024000108242035:0.99155998229980469] [0.11999999731779099:395.77999877929688] [0.00559999980032444:4.4987998008728027] [0.00559999980032444:9.9975996017456055] [0.00559999980032444:12.949299812316895] [0.0055900001898407936:14.823061943054199] [0:1] [0:3] [0:2] [0.0012000000569969416:4.4944000244140625] [0.0024000001139938831:9.9944000244140625] [-3.9493000507354736:8.9944000244140625] [-1.8230619430541992:12.994409561157227] [0.17693799734115601:14.994409561157227] [0:3] [0:2] [0:0.5] [0:49.177536010742188] [0:0.5] [-0.29370000958442688:4.4624500274658203] [-0.35280001163482666:9.9511995315551758] [-0.12931199371814728:14.951214790344238] [0:1] [0:1] [0:1] [0:191.17767333984375] [-170.46328735351562:363.27978515625] [1:10] [0:1.9437500238418579] [0:191.17767333984375] [-0.14092656970024109:0.92655956745147705] [0.0210999995470047:1.3567999601364136] [42.200000762939453:350] [-170.46328735351562:363.27978515625] [0:1] [0:1] [0:1] none [0:2.6392827033996582] [0:0.5] [-96.881500244140625:11.020723342895508] [-11.50599193572998:19999998] [-1:1.9437500238418579] [-1:0.92655956745147705] [-1:2.6392827033996582] [0:1] [-1:2.6812500953674316] [-1:0.84319931268692017] [-1:2.6392827033996582] [0:1] [-1:3.3937499523162842] [-1:0.70285117626190186] [-1:2.6392827033996582] [0:1] [-1:34.287498474121094] [-96.387847900390625:13.617472648620605] [-11.82182502746582:19999998] [0:3] [-1:37.8125] [-95.81719970703125:13.842320442199707] [-11.37137508392334:19999998] [0:4] [1:55] [0.21250000596046448:13.068750381469727] [0:2] [0:3] [0:99] [0:99] [1:189] [0.21250000596046448:50.150001525878906] [20.900453567504883:4932.5068359375] [0:66] [0:15] [0.0049603176303207874:0.99571359157562256] [0:1] [0:1] [0:1] [0:1] [0:1] [0:1] [0:0.75] [0:11] [0:11] [0:1] [0:1] [0:1.3567999601364136] [0:1] [0:0.75]
tree_sizes=976 1007 1002 1003 1011 1004 1007 1010 1011 1009 1013 1008 1019 1012 1012 1012 1011 1016 1015 1010 1017 1013 1017 1017 1007 1007 910 1016 906 799 798 1020 906 1007 915 803 1012 906 803 1018 1025 1013 1015 1007 800 793 907 902 1014 1021 800 1024 1011 1027 909 800 1030 1011 810 1019 900 1014 914 921 804 1022 904 1018 922 1014 805 1030 1012 907 909 1009 807 904 1020 903 1001 909 908 806 796 1019 1024 911 1012 1013 1014 1013 898 1017 1013 702 1019 898 1007 910 910 912 1019 1020 1009 1013 1017 1021 1020 1025 1008 1015 1011 919 812 1014 910 1022 801 1019 912 1009 904 910 1028 906 910 1020 1012 1014 1021 913 904 1018 1024 911 1008 916 1015 909 807 909 803 796 910 1007 1010 1025 1026 904 1028 1014 905 1021 1010 1021 1006 919 915 1024 898 906 914 1014 1023 913 1022 1025 902 1016 1020 919 1025 912 914 803 1010 801 1009 1005 1012 911 1018 906 1015 925 1033 1029 1011 1018 915 1006 1020 1008 904 1021 1020 917 906 912 918 1028 1021 1008 913 1011 1010 924 907 914 1015 917 916 909 1019 1015 1023 793 1010 907 1027 902 909 1009 1013 909 909 906 904 902 907 699 904 1023 914 1011 911 1014 908 912 1025 1016 1017 1019 1017 903 907 909 906 908 1016 1016 1015 1016 907 916 700 702 703 1027 1019 917 1021 1007 907 1021 912 802 802 909 913 805 904 910 1014 1013 1021 1021 1019 908 1018 1017 1022 1018 689 1016 1015 797 802 1017 908 688 1019 808 796 904 901 898 1004 913 804 1019 904 907 906 912 912 1022 911 1013 908 1025 905 703 686 1021 1019 1021 1008 1024 1018 1019 1022 1019 1019 1027 1028 1019 698 910 1019 1020 1021 917 1020 1019 909 1027 910 1005 1010 814 1022 1010 904 908 1021 907 1017 1014 1008 1018 795 908 1025 1019 916 1018 803 912 911 800 803 900 907 1028 1016 908 1019 913 1021 1013 1020 914 901 913 704 914 806 1019 1023 1020 1019 1012 1020 1017 1018 1018 918 1007 802 914 904 915 909 1026 1015 1026 1026 1013 1011 700 1024 696 1020 1021 891 1025 1030 907 1022 1005 1022 1011 905 1008 1026 1021 1022 1016 1020 903 918 1024 914 800 1020 1021 1016 796 1017 1012 1021 1018 906 913 903 796 907 1022 924 1037 906 1007 909 1023 1023 1032 914 910 1022 1017 1012 907 1013 1015 1028 1012 1019 1016 1020 1026 1022 699 907 1020 1022 910 1012 1009 1018 899 1014 906 905 1014 1022 910 698 693 922 914 906 901 1013 903 1012 914 903 913 803 905 1007 1023 904 1025 1017 1019 1026 1012 1025 911 903 891 904 1022 911 914 1027 909 1028 1026 909 1021 702 1016 700 908 1028 1026 804 904 913 699 1025 1005 1018 1010 1009 907 1003 910 902 1018 903 690 694 1017 1018 915 1017 900 695 1008 1011 909 916 905 1018 905 1010 1014 1012 1009 1012 698 908 1012 906 1021 1017 1014 1015 1015 1024 1010 697 1021 1018 1022 905 900 1025 702 1021 1012 1023 1012 1012 910 1025 1020 1030 1021 1016 1024 909 907 1021 910 1013 1023 1019 1027 1024 901 906 1025 1017 1013 902 896 1016 904 1005 1015 916 907 1016 1020 1018 911 1000 905 918 1005 913 1015 1018 1007 1008 1015 912 916 902 1020 1018 907 907 1030 1020 1012 905 1013 1013 1022 1014 1014 1016 1014 1021 908 1016 1018 1020 1005 906 904 1025 1016 1026 916 906 913 701 1030 1020 1032 1018 914 1028 1015 1027 1017 900 1018 915 913 907 911 919 1037 1016 1021 804 1019 1029 912 1023 1017 1016 1008 908 1011 1026 1014 910 911 1024 1016 1019 1020 1023 909 702 906 907 1014 1009 1009 1006 909 1024 1015 1005 915 1023 912 911 1018 905 1023 913 908 1021 1020 802 1014 1016 1026 1008 1020 1019 900 902 909 917 909 805 1029 1020 915 909 1020 911 1008 1020 1016 1020 1010 1006 1015 695 1011 1014 1021 1021 1031 1017 914 1021 1019 1022 1014 912 919 1014 908 811 921 1014 1022 1024 1022 1011 1015 911 910 914 1011 1018 1015 1013 1021 1013 1013 1014 1028 909 907 912 1016 1015 1008 998 908 1018 1010 910 906 1014 1010 1011 1010 1014 1026 915 915 1031 1014 1009 1012 1020 1013 1023 1016 1021 1019 1020 1011 909 1019 796 905 913 1012 914 900 1025 1002 696 912 695 1017 916 1016 911 914 1024 1017 1016 1024 1024 920 1024 1012 804 1006 913 1011 906 1015 1014 1016 907 919 1019 1017 1018 1023 1011 1017 1016 909 1014 913 907 799 1025 1012 1014 924 915 922 1019 1032 1014 906 911 895 1020 1020 1010 1023 1016 1016 1020 1020 1026 1020 1016 1026 1009 901 801 1004 1020 1012 908 1022 1015 1021 1016 1017 1035 1020 1017 1015 1023 1012 908 1018 1025 910 999 908 999 904 1012 1015 1012 1018 1023 1023 1020 1018 1022 1023 704 926 1013 908 1025 1021 913 1019 1021 1022 1022 1027 1008 905 1022 907 1026 1012 897 1021 894 909 1012 1015 1010 1020 1026 1017 1026 1028 1021 1026 1017 1024 909 1021 1021 1026 1022 1023 1025 916 1020 1017 1017 1017 1016 1016 1008 1013 906 906

Tree=0
num_leaves=8
num_cat=0
split_feature=29 77 24 37 23 82 23
split_gain=86842.1 91852.7 15511.2 5001.28 4130.69 4029.24 946.714
threshold=5.2616722583770761 1.0000000180025095e-35 1.265514671802521 1.0000000180025095e-35 0.14616250246763232 1.0000000180025095e-35 0.28695000708103185
decision_type=2 2 2 2 2 2 2
left_child=1 3 5 -1 -4 -2 -3
right_child=2 6 4 -5 -6 -7 -8
leaf_value=2.4282386121298729 1.4653299555269579 1.8471230818528723 1.5756868530842809 0.91301096130920367 2.6886699216349945 2.6186828981793466 2.6746061549034832
leaf_weight=32.491240799427032 191.52037680149078 20.364692509174347 48.176667392253876 907.44806200265884 14616.51090413332 56.48071676492691 890.97177356481552
leaf_count=493 2906 309 731 13769 221781 857 13519
internal_value=2.57287 1.79769 2.6691 0.965388 2.68501 1.728 2.65612
internal_weight=16764 1851.28 14912.7 939.939 14664.7 248.001 911.336
internal_count=254365 28090 226275 14262 222512 3763 13828
is_linear=0
shrinkage=1


Tree=1
num_leaves=8
num_cat=0
split_feature=33 77 24 84 23 23 37
split_gain=30998.4 11091.1 7750.84 1745.5 769.216 580.611 519.259
threshold=0.21318151056766513 1.0000000180025095e-35 1.8639128208160403 10.000000000000002 0.14616250246763232 0.14616250246763232 1.0000000180025095e-35
decision_type=2 2 2 2 2 2 2
left_child=1 6 3 -2 -4 -3 -1
right_child=2 5 4 -5 -6 -7 -8
leaf_value=-0.068965010945900504 -0.23119390399261272 -0.48180548535600776 -0.37758177077077709 -0.93846522871589222 0.11929060417910566 0.096976169904920556 -0.41179014092929067
leaf_weight=65.073656804859638 678.49443143978715 25.702280625700951 45.022485181689262 54.265747994184494 12939.40124695003 862.44697012007236 2850.2276948206127
leaf_count=945 6705 217 317 491 217124 14204 14362
internal_value=0.0120903 -0.291033 0.0961392 -0.283572 0.117568 0.0802267 -0.404138
internal_weight=17520.6 3803.45 13717.2 732.76 12984.4 888.149 2915.3
internal_count=254365 29728 224637 7196 217441 14421 15307
is_linear=0
shrinkage=0.12


Tree=2
num_leaves=8
num_cat=0
split_feature=29 77 24 82 22 22 28
split_gain=22814.3 6788.79 5926.85 1180.55 557.259 467.079 398.676
threshold=6.9506075382232675 1.0000000180025095e-35 2.3974436521530156 1.0000000180025095e-35 0.14085000008344653 0.14085000008344653 30.838413238525394
decision_type=2 2 2 2 2 2 2
left_child=1 6 3 -2 -3 -4 -1
right_child=2 4 5 -5 -6 -7 -8
leaf_value=-0.098756303246229873 -0.22094997842324454 -0.46863430945116147 -0.32551810057742503 0.10789981411289676 0.0945371449230651 0.12100287987271946 -0.3133663074476829
leaf_weight=129.63081387430429 955.49413087219 26.117203768342733 33.834288388490677 188.1561124548316 809.62508358433843 11389.443330861628 3242.2020878195763
leaf_count=1015 8962 454 612 2572 14118 212038 14594
internal_value=0.012628 -0.229229 0.093605 -0.166847 0.0769379 0.11968 -0.305116
internal_weight=16774.5 4207.58 12566.9 1143.65 835.742 11423.3 3371.83
internal_count=254365 30181 224184 11534 14572 212650 15609
is_linear=0
shrinkage=0.12


Tree=3
num_leaves=8
num_cat=0
split_feature=29 15 77 10 15 22 29
split_gain=17749.8 4859.78 4686.92 1184.41 382.718 322.767 223.789
threshold=6.1685874462127694 0.91657447814941417 1.0000000180025095e-35 2.5000000000000004 1.0011360049247744 0.14085000008344653 3.4596813917160039
decision_type=2 2 2 2 2 2 2
left_child=2 3 6 -2 -4 -3 -1
right_child=1 5 4 -5 -6 -7 -8
leaf_value=-0.26382247209004323 -0.097984120129180965 -0.2122570204284096 -0.19595944163543583 -0.67760421519311786 0.099999615827036883 0.11986146252203342 -0.15540448256654582
leaf_weight=3219.1270960271358 1348.9664064869285 42.312491998076439 69.177966482937336 52.751816537231207 695.35255096852779 10168.583817709237 299.67925794422626
leaf_count=13078 13411 584 895 702 13303 210532 1860
internal_value=0.0127106 0.089723 -0.196079 -0.119797 0.07322 0.118485 -0.254589
internal_weight=15896 11612.6 4283.34 1401.72 764.531 10210.9 3518.81
internal_count=254365 225229 29136 14113 14198 211116 14938
is_linear=0
shrinkage=0.12


Tree=4
num_leaves=8
num_cat=0
split_feature=29 24 77 83 24 22 37
split_gain=14308.9 4204.39 3533.86 678.641 534.703 351.463 344.621
threshold=6.9506075382232675 1.8639128208160403 1.0000000180025095e-35 0.37500000000000006 3.2165942192077641 0.14085000008344653 1.0000000180025095e-35
decision_type=2 2 2 2 2 2 2
left_child=2 3 6 -2 -3 -4 -1
right_child=1 4 5 -5 -6 -7 -8
leaf_value=0.0015981919554754096 -0.073663248149158742 0.015859143069707968 -0.29368086614902905 -0.28009306971287912 0.12068559574764379 0.088267851119617213 -0.22574756504393401
leaf_weight=98.709305971860886 684.29493480175734 761.07136208191514 36.508113972842693 344.92229134589434 8833.68484518677 697.49325068667531 3515.1759396195412
leaf_count=1085 5020 13115 454 2165 203884 14118 14524
internal_value=0.0125977 0.0876462 -0.170782 -0.142844 0.112371 0.0692703 -0.219538
internal_weight=14971.9 10624 4347.89 1029.22 9594.76 734.001 3613.89
internal_count=254365 224184 30181 7185 216999 14572 15609
is_linear=0
shrinkage=0.12


Tree=5
num_leaves=8
num_cat=0
split_feature=36 24 77 24 8 37 69
split_gain=11674.4 3719.74 2703.53 895.955 422.238 361.651 211.985
threshold=7.8149075508117685 2.8238923549652104 1.0000000180025095e-35 0.81030231714248668 12.011940479278566 1.0000000180025095e-35 1.5000000000000002
decision_type=2 2 2 2 2 2 2
left_child=2 3 5 -2 -4 -1 -3
right_child=1 6 4 -5 -6 -7 -8
leaf_value=0.013767815126770395 -0.23957137772328299 -0.10586158652124598 0.094999103328629611 -0.030196378647624946 -0.20179206609928946 -0.20183848368506721 0.12040917947133506
leaf_weight=115.76089103519917 380.67443792521954 60.070952463895082 626.4233887642622 1297.1721953116357 77.574949905276299 3474.6361082568765 7986.9338535182178
leaf_count=1506 2023 1021 13950 13978 916 14804 205857
internal_value=0.0120625 0.0848314 -0.152726 -0.0777 0.0622951 -0.194887 0.11872
internal_weight=14019.2 9724.85 4294.4 1677.85 703.998 3590.4 8047
internal_count=254055 222879 31176 16001 14866 16310 206878
is_linear=0
shrinkage=0.12


Tree=6
num_leaves=8
num_cat=0
split_feature=36 24 77 0 24 36 22
split_gain=9651.3 3259.44 2141.87 846.092 302.22 213.577 186.968
threshold=6.1685874462127694 2.9799786806106572 1.0000000180025095e-35 76.33860015869142 3.2165942192077641 3.4596813917160039 0.24310000240802768
decision_type=2 2 2 2 2 2 2
left_child=2 3 5 -2 -4 -1 -3
right_child=1 6 4 -5 -6 -7 -8
leaf_value=-0.19087440075271964 -0.042042646980144247 -0.087640281210091098 -0.13024063448872422 -0.37976769588152826 0.094992106904112361 -0.087511486347106648 0.11822427647239282
leaf_weight=3060.0820350646973 1706.7705692499876 64.094521764665842 102.19634407013655 113.9520922228694 534.28069463372231 317.75488200038671 7188.2781613171101
leaf_count=13083 16699 975 1212 1197 12992 1833 206064
internal_value=0.0118223 0.0803672 -0.143102 -0.0631796 0.0588275 -0.181151 0.116405
internal_weight=13087.4 9073.1 4014.31 1820.72 636.477 3377.84 7252.37
internal_count=254055 224935 29120 17896 14204 14916 207039
is_linear=0
shrinkage=0.12


Tree=7
num_leaves=8
num_cat=0
split_feature=29 24 88 82 22 28 22
split_gain=8070.17 2903.61 1775.52 598.485 303.245 290.617 203.795
threshold=7.8149075508117685 2.4826139211654668 0.79190000891685497 1.0000000180025095e-35 0.24310000240802768 52.353586196899421 0.24310000240802768
decision_type=2 2 2 2 2 2 2
left_child=2 3 5 -2 -4 -1 -3
right_child=1 6 4 -5 -6 -7 -8
leaf_value=-0.083262953522068181 -0.096342324689469835 -0.085494906253449895 -0.22291646113263061 0.11351564077376478 0.080160120684538774 -0.18038533122354078 0.11576854797615609
leaf_weight=527.73771266639233 1371.8434506095946 73.250920008867979 51.813884813338518 228.24673439562321 576.2174040004611 2784.5533615536988 6608.3265298716724
leaf_count=3218 9645 1020 693 2814 14173 13092 209400
internal_value=0.0115303 0.0787905 -0.129836 -0.0664069 0.0551557 -0.164911 0.113562
internal_weight=12222 8281.67 3940.32 1600.09 628.031 3312.29 6681.58
internal_count=254055 222879 31176 12459 14866 16310 210420
is_linear=0
shrinkage=0.12


Tree=8
num_leaves=8
num_cat=0
split_feature=29 24 77 23 29 24 28
split_gain=6725.42 2525.36 1460.24 630.647 348.161 259.475 94.9474
threshold=4.3908841609954843 2.9029585123062138 1.0000000180025095e-35 0.14616250246763232 7.8149075508117685 3.2165942192077641 30.838413238525394
decision_type=2 2 2 2 2 2 2
left_child=2 3 6 -2 -3 -4 -1
right_child=1 4 5 -5 -6 -7 -8
leaf_value=-0.051048060261236983 -0.21167408714992797 -0.011802751266877192 -0.12265207383206225 -0.020314521354053264 0.11537416980402435 0.088846205605914289 -0.16949437499089279
leaf_weight=101.05509832501411 293.41219506412745 327.4942882489413 102.92503594234586 1602.2701643295586 5794.3332574591041 443.28864909335971 2735.2851768732071
leaf_count=532 1421 3743 1157 15757 206021 12314 13110
internal_value=0.0112263 0.0710936 -0.130675 -0.049933 0.108571 0.0489928 -0.165274
internal_weight=11400.1 8017.51 3382.55 1895.68 6121.83 546.214 2836.34
internal_count=254055 226942 27113 17178 209764 13471 13642
is_linear=0
shrinkage=0.12


Tree=9
num_leaves=8
num_cat=0
split_feature=29 8 77 8 29 22 28
split_gain=5649.41 2221.33 1239.74 597.133 346.889 225.307 91.3365
threshold=4.3908841609954843 11.62544107437134 1.0000000180025095e-35 13.940063476562502 7.8149075508117685 0.14085000008344653 32.067851066589363
decision_type=2 2 2 2 2 2 2
left_child=2 4 6 -3 -2 -4 -1
right_child=1 3 5 -5 -6 -7 -8
leaf_value=-0.049631274255975147 -0.013041750581955721 -0.0069588029656105013 -0.20620457967966285 -0.16942908182241154 0.11519155050841434 0.070464254232448592 -0.16152737602032652
leaf_weight=109.59154962003231 322.9031334258616 1595.9452369436622 46.547559067606926 409.29267094284296 5128.0141862183809 474.01997983269393 2532.2721153348684
leaf_count=576 3676 17529 463 1955 203782 13008 13066
internal_value=0.0108652 0.0678689 -0.123534 -0.0401209 0.107595 0.0457254 -0.156886
internal_weight=10618.6 7456.16 3162.43 2005.24 5450.92 520.568 2641.86
internal_count=254055 226942 27113 19484 207458 13471 13642
is_linear=0
shrinkage=0.12


Tree=10
num_leaves=8
num_cat=0
split_feature=29 24 77 10 33 23 29
split_gain=4768.37 1957.1 1112.76 694.414 329.031 225.354 83.2658
threshold=4.3908841609954843 3.2165942192077641 1.0000000180025095e-35 2.5000000000000004 0.21792351454496386 0.28695000708103185 2.6165128946304326
decision_type=2 2 2 2 2 2 2
left_child=2 3 6 -2 -3 -4 -1
right_child=1 4 5 -5 -6 -7 -8
leaf_value=-0.15691065812185068 -0.014535589709407023 -0.0052180618629961966 -0.19961489192703305 -0.28760847369800818 0.1146501857103676 0.072526902832654339 -0.07607588452386696
leaf_weight=2259.4312591999769 1902.8116670679301 355.57817428559065 48.530435621738434 144.26545235514641 4540.5573035683483 451.08901090919971 199.71862787008286
leaf_count=12612 19288 5043 294 1443 201490 13146 1109
internal_value=0.0103894 0.0647495 -0.117175 -0.0337801 0.105945 0.0460925 -0.150346
internal_weight=9901.98 6943.21 2958.77 2047.08 4896.14 499.619 2459.15
internal_count=254425 227264 27161 20731 206533 13440 13721
is_linear=0
shrinkage=0.12


Tree=11
num_leaves=8
num_cat=0
split_feature=29 24 88 78 23 24 28
split_gain=4018.16 1740.68 958.259 418.539 415.03 174.946 91.3878
threshold=4.3908841609954843 1.5954986810684206 0.84285715222358715 1.0000000180025095e-35 0.14616250246763232 3.1316225528717045 32.067851066589363
decision_type=2 2 2 2 2 2 2
left_child=2 3 6 -2 -3 -4 -1
right_child=1 4 5 -5 -6 -7 -8
leaf_value=-0.034435033486089894 -0.035304352219421617 -0.13940142255042004 -0.090861855006715897 -0.20750915085234939 0.092885191450287036 0.082534257630514182 -0.149618702374922
leaf_weight=103.95843335986137 742.50496575981379 113.09241407364607 108.55281911790371 279.83633963018656 5376.5396749675274 367.29721310734749 2162.5905760079622
leaf_count=563 4252 525 1156 1306 221181 12284 13158
internal_value=0.0100127 0.061326 -0.111834 -0.0824404 0.0880998 0.0429784 -0.144336
internal_weight=9254.37 6511.97 2742.4 1022.34 5489.63 475.85 2266.55
internal_count=254425 227264 27161 5558 221706 13440 13721
is_linear=0
shrinkage=0.12


Tree=12
num_leaves=8
num_cat=0
split_feature=29 24 77 17 28 22 24
split_gain=3472.94 1742.17 839.781 511.255 311.146 250.915 168.752
threshold=7.8149075508117685 3.2165942192077641 1.0000000180025095e-35 1.0000000180025095e-35 52.50726509094239 0.24310000240802768 3.2165942192077641
decision_type=2 2 2 2 2 2 2
left_child=2 3 4 -2 -1 -3 -4
right_child=1 5 6 -5 -6 -7 -8
leaf_value=-0.036203150405801875 -0.23654584538364901 -0.16669002222317766 -0.075392514191736829 -0.009475962991351037 -0.14791283222714521 0.11522720420236905 0.083235460506533715
leaf_weight=440.12207477912307 154.83330341987312 46.026539992541075 129.76323541253805 1834.8533839397132 1948.9600992724299 3704.8001456409693 377.55996318347752
leaf_count=3223 1403 892 1339 18928 13148 201972 13520
internal_value=0.00956853 0.0636196 -0.0975578 -0.0271461 -0.127333 0.111768 0.0426616
internal_weight=8636.92 5740.51 2896.41 1989.69 2389.08 3750.83 507.323
internal_count=254425 223195 31230 20331 16371 202864 14859
is_linear=0
shrinkage=0.12


Tree=13
num_leaves=8
num_cat=0
split_feature=29 24 77 24 33 22 46
split_gain=2929.59 1412.79 749.511 467.346 357.935 158.134 32.5352
threshold=3.4596813917160039 3.2956166267395024 1.0000000180025095e-35 1.04678350687027 0.21792351454496386 0.24310000240802768 0.20523302257061007
decision_type=2 2 2 2 2 2 2
left_child=2 3 6 -2 -3 -4 -1
right_child=1 4 5 -5 -6 -7 -8
leaf_value=-0.14401871936624927 -0.11298124304732921 -0.0046658527702883208 -0.15471531380330411 0.011430221965042916 0.1112263052287544 0.06433550375198506 -0.059027725727176628
leaf_weight=1752.3996803164482 615.01768784224987 433.78072550147772 54.441547505557537 1483.7084714155644 3327.8610356990248 369.89269243180752 67.351747050881386
leaf_count=12706 2903 5889 679 18821 200611 12367 449
internal_value=0.00920675 0.0538525 -0.107384 -0.0250277 0.097862 0.0362316 -0.140873
internal_weight=8104.45 5860.37 2244.09 2098.73 3761.64 424.334 1819.75
internal_count=254425 228224 26201 21724 206500 13046 13155
is_linear=0
shrinkage=0.12


Tree=14
num_leaves=8
num_cat=0
split_feature=36 24 88 82 33 24 46
split_gain=2476.46 1242.76 663.732 438.496 341.493 123.085 33.298
threshold=3.4596813917160039 3.2956166267395024 0.84285715222358715 1.0000000180025095e-35 0.21792351454496386 1.9778363704681399 0.20523302257061007
decision_type=2 2 2 2 2 2 2
left_child=2 3 6 -2 -3 -4 -1
right_child=1 4 5 -5 -6 -7 -8
leaf_value=-0.14060956818482512 -0.044588375773952665 -0.0040991012887241799 -0.14422166782765611 0.11157736153847346 0.10976085895277975 0.057580491814181511 -0.053393106201112379
leaf_weight=1589.5795377716422 1792.610330529511 434.45902622118592 49.484294913709164 302.6243011020124 2988.6013933857903 361.27139575779438 65.638215035200119
leaf_count=12706 17009 5889 411 4715 200611 12635 449
internal_value=0.0087995 0.0507561 -0.103268 -0.0220326 0.0953096 0.0332691 -0.137151
internal_weight=7584.27 5518.3 2065.97 2095.23 3423.06 410.756 1655.22
internal_count=254425 228224 26201 21724 206500 13046 13155
is_linear=0
shrinkage=0.12


Tree=15
num_leaves=8
num_cat=0
split_feature=29 15 77 23 33 23 28
split_gain=2091 1065.79 585.137 397.273 326.121 134.76 46.9186
threshold=3.4596813917160039 1.6865434646606448 1.0000000180025095e-35 0.14616250246763232 0.21792351454496386 0.14616250246763232 27.406229972839359
decision_type=2 2 2 2 2 2 2
left_child=2 3 6 -2 -3 -4 -1
right_child=1 4 5 -5 -6 -7 -8
leaf_value=-0.022699122562699601 -0.14213411553954994 -0.0042238602833844273 -0.17176471810265492 0.0042319891383735741 0.10865806150985211 0.054160938848393576 -0.13738329074313124
leaf_weight=53.257592245936394 312.91485714912415 427.75740647315979 42.55053623020649 1821.3422848023474 2662.4894074965268 356.92113853245974 1448.4997126534581
leaf_count=296 1434 5829 205 21876 198781 12840 12860
internal_value=0.00877666 0.0479904 -0.0989813 -0.0172275 0.0930327 0.030096 -0.133316
internal_weight=7125.73 5224.5 1901.23 2134.26 3090.25 399.472 1501.76
internal_count=254121 227920 26201 23310 204610 13045 13156
is_linear=0
shrinkage=0.12


Tree=16
num_leaves=8
num_cat=0
split_feature=29 24 77 13 83 22 20
split_gain=1769.06 922.805 518.249 378.534 317.545 138.076 7.30675
threshold=2.6165128946304326 1.04678350687027 1.0000000180025095e-35 0.57449999451637279 0.37500000000000006 0.14085000008344653 15.060620307922365
decision_type=2 2 2 2 2 2 2
left_child=2 4 6 -3 -2 -4 -1
right_child=1 3 5 -5 -6 -7 -8
leaf_value=-0.078892023729066521 -0.029193515123036043 -0.077353189824670987 -0.1647388238505722 0.07185411153085651 -0.20791504028479066 0.053533630908539763 -0.13645263929701781
leaf_weight=32.579330496490002 402.37529867887497 260.17836116440594 47.872125566005707 4153.9416743339971 222.21842093765736 325.44472344219685 1257.7750255316496
leaf_count=244 2036 1526 462 224431 915 12116 12391
internal_value=0.0083167 0.0437419 -0.0989746 0.0630595 -0.0927792 0.0255436 -0.134999
internal_weight=6702.38 5038.71 1663.67 4414.12 624.594 373.317 1290.35
internal_count=254121 228908 25213 225957 2951 12578 12635
is_linear=0
shrinkage=0.12


Tree=17
num_leaves=8
num_cat=0
split_feature=36 24 77 10 28 22 15
split_gain=1559.03 1038.63 446.717 426.359 363.348 290.132 131.377
threshold=7.8149075508117685 3.5006556510925297 1.0000000180025095e-35 2.5000000000000004 53.378118515014656 0.14085000008344653 -0.47262749075889582
decision_type=2 2 2 2 2 2 2
left_child=2 3 4 -2 -1 -3 -4
right_child=1 5 6 -5 -6 -7 -8
leaf_value=-0.0031448628197003779 0.0037449928366910766 -0.28937691126168785 -0.27382790412255081 -0.19233354265098287 -0.13713969346364804 0.11013105491017554 0.045015267212118092
leaf_weight=378.93628359958529 1837.4081328576431 26.488735176622868 19.483755849301815 174.88982091844082 1261.6929249502718 2218.9520810814574 414.59415362030268
leaf_count=3417 21922 484 125 1790 12968 198675 14740
internal_value=0.00774775 0.0493112 -0.0775493 -0.0132963 -0.106191 0.105418 0.0307039
internal_weight=6332.45 4257.74 2074.71 2012.3 1640.63 2245.44 434.078
internal_count=254121 222871 31250 23712 16385 199159 14865
is_linear=0
shrinkage=0.12


Tree=18
num_leaves=8
num_cat=0
split_feature=29 24 88 82 33 22 28
split_gain=1304.3 775.178 422.481 344.733 290.33 110.457 48.2617
threshold=3.4596813917160039 3.5006556510925297 0.84285715222358715 1.0000000180025095e-35 0.21792351454496386 0.24310000240802768 27.406229972839359
decision_type=2 2 2 2 2 2 2
left_child=2 3 6 -2 -3 -4 -1
right_child=1 4 5 -5 -6 -7 -8
leaf_value=-0.012350810869698763 -0.033081781782958584 -0.0057434774344337636 -0.12445800472191222 0.10910645108761552 0.10467707439516573 0.052201463736170926 -0.13161002597956334
leaf_weight=51.185869738459587 1816.1292337467894 413.62545087374747 61.279700672253966 283.92378326226026 2005.0583642711863 302.82969959452748 1076.7696224600077
leaf_count=296 19009 5792 698 5309 197810 12347 12860
internal_value=0.00736019 0.0394812 -0.0899186 -0.0138582 0.0857938 0.0224696 -0.126198
internal_weight=6010.8 4518.74 1492.06 2100.05 2418.68 364.109 1127.96
internal_count=254121 227920 26201 24318 203602 13045 13156
is_linear=0
shrinkage=0.12


Tree=19
num_leaves=8
num_cat=0
split_feature=29 24 77 83 22 23 19
split_gain=1107.72 680.976 387.019 317.811 250.36 107.346 10.3687
threshold=2.6165128946304326 1.445591986179352 1.0000000180025095e-35 0.37500000000000006 0.24310000240802768 0.14616250246763232 0.14062500000000003
decision_type=2 2 2 2 2 2 2
left_child=2 3 6 -2 -3 -4 -1
right_child=1 4 5 -5 -6 -7 -8
leaf_value=-0.053204791316194981 -0.003904418523883969 -0.15753643872200798 -0.16023367718942799 -0.15211273214539686 0.064527690534004686 0.043286533278048989 -0.13180176942099633
leaf_weight=24.814989387989044 582.15870413184166 74.707208072766662 42.542158663272858 324.46976463496685 3417.1503651039675 303.9780613258481 929.72543085366488
leaf_count=215 3250 1230 201 1453 222975 12377 12420
internal_value=0.0069452 0.0357175 -0.090325 -0.0569461 0.0597767 0.0183004 -0.129759
internal_weight=5699.55 4398.49 1301.06 906.628 3491.86 346.52 954.54
internal_count=254121 228908 25213 4703 224205 12578 12635
is_linear=0
shrinkage=0.12


Tree=20
num_leaves=8
num_cat=0
split_feature=29 24 77 28 17 5 22
split_gain=973.617 828.083 323.836 360.404 295.875 275.848 123.779
threshold=7.8149075508117685 3.5006556510925297 1.0000000180025095e-35 68.951004028320327 1.0000000180025095e-35 0.19439999759197238 0.24310000240802768
decision_type=2 2 2 2 2 2 2
left_child=2 4 3 -1 -2 -3 -4
right_child=1 5 6 -5 -6 -7 -8
leaf_value=-0.027107343834454591 -0.15611764337334105 -0.41531339926112115 -0.12831072176712552 -0.15299337608419813 0.0024443237895700187 0.10557123507833181 0.055742235394478618
leaf_weight=588.96257089078426 187.20440550241619 14.766333916224538 62.49891422688961 737.66304715722799 1788.0792078441009 1715.2172731021419 332.7644449211657
leaf_count=6618 1776 1739 669 9726 21913 197851 14172
internal_value=0.00585881 0.0405071 -0.0686996 -0.0971056 -0.0125831 0.101125 0.0266398
internal_weight=5427.16 3705.27 1721.89 1326.63 1975.28 1729.98 395.263
internal_count=254464 223279 31185 16344 23689 199590 14841
is_linear=0
shrinkage=0.12


Tree=21
num_leaves=8
num_cat=0
split_feature=29 24 84 77 28 22 19
split_gain=803.426 573.505 574.201 323.311 283.048 82.1177 16.4396
threshold=2.6165128946304326 1.8639128208160403 10.000000000000002 1.0000000180025095e-35 82.116237640380874 0.24310000240802768 0.11562499776482583
decision_type=2 2 2 2 2 2 2
left_child=3 2 -2 6 -3 -5 -1
right_child=1 4 -4 5 -6 -7 -8
leaf_value=-0.016406168568738791 -0.013509049298293435 0.078464895971516277 -0.30887891481423718 -0.10597894919390663 -0.016149103106568113 0.045805837000944094 -0.12957281848238328
leaf_weight=18.943051382899284 1130.2623492404819 2287.3091194476001 103.44951059669256 63.984956260770559 568.4776835301891 259.44418720714748 764.32392221689224
leaf_count=173 6869 180931 502 630 41023 11920 12416
internal_value=0.00554782 0.0300944 -0.0382765 -0.0851574 0.0596309 0.0157778 -0.126836
internal_weight=5196.19 4089.5 1233.71 1106.7 2855.79 323.429 783.267
internal_count=254464 229325 7371 25139 221954 12550 12589
is_linear=0
shrinkage=0.12


Tree=22
num_leaves=8
num_cat=0
split_feature=29 24 82 2 77 28 7
split_gain=713.535 690.787 280.555 263.484 252.601 339.399 99.2356
threshold=7.8149075508117685 3.5006556510925297 1.0000000180025095e-35 451.14500427246099 1.0000000180025095e-35 68.951004028320327 9.1008496284484881
decision_type=2 2 2 2 2 2 2
left_child=4 2 -2 -3 5 -1 -6
right_child=1 3 -4 -5 6 -7 -8
leaf_value=-0.021263839405066008 -0.028042330376625103 0.10443966765789661 0.11143781025305451 -0.2732395007376584 0.067807852726806533 -0.15085807024693224 -0.060915765897475119
leaf_weight=547.52144717052579 1719.0982783641666 1450.8958438774571 236.19299723394215 27.096037723589689 245.76469982042909 621.13901190459728 132.86414591316134
leaf_count=6618 18529 195889 5160 3701 12829 9726 2012
internal_value=0.00511301 0.0356046 -0.0111936 0.0975157 -0.0625449 -0.0901427 0.0226376
internal_weight=4980.57 3433.28 1955.29 1477.99 1547.29 1168.66 378.629
internal_count=254464 223279 23689 199590 31185 16344 14841
is_linear=0
shrinkage=0.12


Tree=23
num_leaves=8
num_cat=0
split_feature=29 24 23 88 85 82 28
split_gain=599.87 480.297 352.465 271.904 101.789 93.0056 18.4652
threshold=2.6165128946304326 0.81030231714248668 0.14616250246763232 0.84285715222358715 1.0000000180025095e-35 1.0000000180025095e-35 18.748935699462894
decision_type=2 2 2 2 2 2 2
left_child=3 4 -3 6 -2 -5 -1
right_child=1 2 -4 5 -6 -7 -8
leaf_value=0.0027145672668099485 -0.0030165783683387985 -0.10718997524717831 0.050843382010758331 -0.020981994491297024 -0.13552493265311003 0.14236107494309386 -0.12774340817977847
leaf_weight=16.020753800868988 117.41690052300692 217.0191510990262 3197.710754300002 247.22670973837376 288.81600251048803 62.984209708869457 629.8359854221344
leaf_count=106 476 1005 226294 10187 1550 2363 12483
internal_value=0.00485437 0.0261254 0.0407998 -0.0801562 -0.0972249 0.0121826 -0.124507
internal_weight=4777.03 3820.96 3414.73 956.068 406.233 310.211 645.857
internal_count=254464 229325 227299 25139 2026 12550 12589
is_linear=0
shrinkage=0.12


Tree=24
num_leaves=8
num_cat=0
split_feature=29 24 10 34 69 29 33
split_gain=529.079 588.975 266.177 254.941 252.36 234.493 198.786
threshold=10.277011871337892 3.5709124803543095 2.5000000000000004 1.0534428358078005 1.5000000000000002 6.1685874462127694 0.20432233810424807
decision_type=2 2 2 2 2 2 2
left_child=3 2 -2 5 -3 -1 -5
right_child=1 4 -4 6 -6 -7 -8
leaf_value=-0.15451666500392158 0.0048598583464048309 -0.23610288934094609 -0.14496584867579917 -0.078346523870444398 0.10471310836998721 -0.63612704671210873 0.016413524672238715
leaf_weight=76.281355932354927 1704.5019256346859 32.110005770344287 189.75936126429588 838.82684915699065 1218.4074655766599 17.991567599121481 514.20059178536758
leaf_count=1539 22356 897 1844 23681 195269 464 8414
internal_value=0.00441325 0.0320458 -0.0101491 -0.0556284 0.0959618 -0.24643 -0.0423342
internal_weight=4592.08 3144.78 1894.26 1447.3 1250.52 94.2729 1353.03
internal_count=254464 220366 24200 34098 196166 2003 32095
is_linear=0
shrinkage=0.12


Tree=25
num_leaves=8
num_cat=0
split_feature=29 70 0 77 28 2 14
split_gain=427.719 492.378 259.492 216.654 264.728 196.744 88.2533
threshold=6.9506075382232675 6.5000000000000009 58.658550262451179 1.0000000180025095e-35 51.713253021240241 451.14500427246099 -0.2881499975919723
decision_type=2 2 2 2 2 2 2
left_child=3 2 -2 4 -1 -3 -5
right_child=1 5 -4 6 -6 -7 -8
leaf_value=0.017548427755301285 0.01219248090341577 0.090537093806566479 -0.095663311261774894 -0.053758102547955662 -0.12233738512066451 -0.21506374151070654 0.067079257610032722
leaf_weight=270.89120886847377 1390.263015054632 1301.3393675130792 417.73529411526397 135.26414375100285 693.65225002542138 31.059789447113872 244.09481221344322
leaf_count=2844 26724 189209 4377 1784 12801 3733 12795
internal_value=0.00381882 0.0280628 -0.0127274 -0.052834 -0.0830506 0.0834132 0.0239935
internal_weight=4484.3 3140.4 1808 1343.9 964.543 1332.4 379.359
internal_count=254267 224043 31101 30224 15645 192942 14579
is_linear=0
shrinkage=0.12


Tree=26
num_leaves=7
num_cat=0
split_feature=41 54 23 29 8 86
split_gain=378.033 862.698 251.09 192.115 171.994 50.2859
threshold=1.0000000180025095e-35 0.45160211622715002 0.14616250246763232 31.450469970703129 13.711093425750734 1.0000000180025095e-35
decision_type=2 2 2 2 2 2
left_child=2 3 5 -2 -4 -1
right_child=1 -3 4 -5 -6 -7
leaf_value=-0.17230720860867654 -0.053333490301608125 -1.3976399073868939 0.07686504733860812 0.012665191624998892 -0.030706601665860568 -0.034941515109969783
leaf_weight=73.292458720505238 1355.4742045612074 6.5855185608379534 1367.5934392018244 1195.0735263070092 253.74489947035909 80.551431268453598
leaf_count=306 40599 431 121464 89763 1276 428
internal_value=0.00358343 -0.0259511 0.0461277 -0.0224094 0.0600297 -0.100384
internal_weight=4332.32 2557.13 1775.18 2550.55 1621.34 153.844
internal_count=254267 130793 123474 130362 122740 734
is_linear=0
shrinkage=0.12


Tree=27
num_leaves=8
num_cat=0
split_feature=36 70 88 82 28 82 28
split_gain=316.741 355.734 281.626 243.879 223.501 76.4753 40.2168
threshold=3.4596813917160039 6.5000000000000009 0.84285715222358715 1.0000000180025095e-35 76.916736602783217 1.0000000180025095e-35 15.060620307922365
decision_type=2 2 2 2 2 2 2
left_child=2 3 6 -2 -3 -4 -1
right_child=1 4 5 -5 -6 -7 -8
leaf_value=0.090773655238134784 -0.031222735384487204 0.092071768058488795 -0.0026470508363316781 0.10255226997467855 -0.010394567338012287 0.14447646656754759 -0.12060828897409953
leaf_weight=13.292063400149344 1628.2756542996503 1090.8564346148632 282.25610217172652 223.13159397477284 426.33651487343013 62.063770261593163 520.1563528701663
leaf_count=88 24841 150010 10611 6918 46294 2418 13087
internal_value=0.00347119 0.020201 -0.0607324 -0.0151002 0.0632784 0.023872 -0.115341
internal_weight=4246.37 3368.6 877.768 1851.41 1517.19 344.32 533.448
internal_count=254267 228063 26204 31759 196304 13029 13175
is_linear=0
shrinkage=0.12


Tree=28
num_leaves=7
num_cat=0
split_feature=23 29 84 24 77 13
split_gain=285.916 324.883 273.636 272.075 222.221 52.4637
threshold=0.14616250246763232 7.8149075508117685 1.0000000180025095e-35 3.3546322584152226 1.0000000180025095e-35 0.2902000099420548
decision_type=2 2 2 2 2 2
left_child=2 4 5 -3 -2 -1
right_child=1 3 -4 -5 -6 -7
leaf_value=-0.20922890283796239 -0.071344570994621145 0.0055848075984235119 0.095023873670408363 0.085588195055975647 0.043513500237719681 -0.10306143671452844
leaf_weight=140.71056916005909 857.30047830380499 1565.3300498384051 79.298823760822415 1005.1919949580915 338.27318078093231 127.99239719472826
leaf_count=673 16162 20610 532 200990 14657 643
internal_value=0.0032167 0.012833 -0.100852 0.0368698 -0.0388469 -0.158658
internal_weight=4114.1 3766.1 348.002 2570.52 1195.57 268.703
internal_count=254267 252419 1848 221600 30819 1316
is_linear=0
shrinkage=0.12


Tree=29
num_leaves=6
num_cat=0
split_feature=39 2 13 24 24
split_gain=272.586 519.382 160.968 158.333 128.473
threshold=1.0000000180025095e-35 451.14500427246099 0.2902000099420548 0.81030231714248668 1.04678350687027
decision_type=2 2 2 2 2
left_child=1 3 -2 -1 -4
right_child=2 -3 4 -5 -6
leaf_value=-0.12655469310081288 -0.1207117711156733 -0.86175544426694717 -0.021601968945343712 -0.0090359887431926012 0.071697208195514561
leaf_weight=177.63602194935083 80.437872834503651 10.532907349988816 262.53599846735597 2337.3405648006592 1115.7681405588519
leaf_count=950 418 256 1350 141336 109957
internal_value=0.00299648 -0.0208582 0.044296 -0.0173365 0.0539258
internal_weight=3984.25 2525.51 1458.74 2514.98 1378.3
internal_count=254267 142542 111725 142286 111307
is_linear=0
shrinkage=0.12


Tree=30
num_leaves=6
num_cat=0
split_feature=13 39 2 24 85
split_gain=223.839 246.143 204.479 104.905 60.9596
threshold=0.2902000099420548 1.0000000180025095e-35 451.14500427246099 0.52394732832908641 0.62500000000000011
decision_type=2 2 2 2 2
left_child=4 2 -2 -3 -1
right_child=1 3 -4 -5 -6
leaf_value=-0.19368053102199026 -0.0091438952720649253 -0.071115034791800716 -0.39919673872585371 0.06153822049120275 -0.052010290439373323
leaf_weight=94.603294482454658 2415.6610324457288 92.345524370670319 19.509974570944905 1219.8805180883501 81.343371072784066
leaf_count=468 141796 481 245 110809 510
internal_value=0.00409644 0.0103072 -0.0122689 0.052203 -0.128184
internal_weight=3923.34 3747.4 2435.17 1312.23 175.947
internal_count=254309 253331 142041 111290 978
is_linear=0
shrinkage=0.12


Tree=31
num_leaves=8
num_cat=0
split_feature=29 77 24 83 31 82 31
split_gain=206.754 256.53 239.342 237.009 218.179 64.9061 27.4071
threshold=2.6165128946304326 1.0000000180025095e-35 3.8365951776504521 0.37500000000000006 0.81614583730697643 1.0000000180025095e-35 0.15312500298023227
decision_type=2 2 2 2 2 2 2
left_child=1 6 3 -2 -4 -3 -1
right_child=2 5 4 -5 -6 -7 -8
leaf_value=0.069671231417692631 0.020520306320223849 0.00023649888618573878 0.088230105950022064 -0.068854497212270604 -0.02290611644701528 0.14273163262759983 -0.12481613586616408
leaf_weight=10.726027354598044 1248.6611122053582 267.65309612639248 913.90706937084906 649.51398711837828 352.47301027085632 55.591298598796129 382.96959185227752
leaf_count=71 20357 10193 160189 8542 40095 2375 12487
internal_value=0.00371139 -0.0544753 0.0168938 -0.0100618 0.0572974 0.0247427 -0.119517
internal_weight=3881.5 716.94 3164.56 1898.18 1266.38 323.244 393.696
internal_count=254309 25126 229183 28899 200284 12568 12558
is_linear=0
shrinkage=0.12


Tree=32
num_leaves=7
num_cat=0
split_feature=23 82 29 0 3 23
split_gain=197.666 227.486 220.5 268.958 158.361 31.1776
threshold=0.14616250246763232 1.0000000180025095e-35 7.8149075508117685 56.381500244140632 0.3625400066375733 1.0000000180025095e-35
decision_type=2 2 2 2 2 2
left_child=1 5 4 -4 -2 -1
right_child=2 -3 3 -5 -6 -7
leaf_value=-0.17709099600313802 -0.0059031481823518858 0.12834555227938088 0.061340940396260327 -0.024525599888428121 -0.11040785101967195 -0.094997262148324366
leaf_weight=122.81115443259478 818.32637742906809 58.635409504175186 1565.508847749792 790.55205100867897 280.33441037405282 145.59006510861218
leaf_count=677 23948 417 166044 55642 6824 757
internal_value=0.00338609 -0.0857819 0.0118271 0.0325293 -0.0325686 -0.132561
internal_weight=3781.76 327.037 3454.72 2356.06 1098.66 268.401
internal_count=254309 1851 252458 221686 30772 1434
is_linear=0
shrinkage=0.12


Tree=33
num_leaves=8
num_cat=0
split_feature=69 83 84 24 33 83 77
split_gain=182.817 291.912 692.072 195.11 223.788 217.678 24.3629
threshold=1.5000000000000002 0.37500000000000006 1.0000000180025095e-35 1.04678350687027 0.21792351454496386 0.37500000000000006 1.0000000180025095e-35
decision_type=2 2 2 2 2 2 2
left_child=1 2 -1 5 -5 -2 -3
right_child=3 6 -4 4 -6 -7 -8
leaf_value=-0.59242624983102221 -0.0055076408136457335 -0.023352777329212974 0.10032937486218187 -0.02374514229025956 0.044677989505422948 -0.16776544062549112 0.12204920830826103
leaf_weight=45.453458620235324 372.99004847090691 29.195403285324574 38.233562477864325 1063.3789122081362 1951.5913903482724 174.88342302665114 38.445703338366002
leaf_count=799 2107 680 746 31020 217596 908 453
internal_value=0.00308764 -0.126093 -0.275931 0.00857444 0.0205452 -0.057301 0.0592905
internal_weight=3714.17 151.328 83.687 3562.84 3014.97 547.873 67.6411
internal_count=254309 2678 1545 251631 248616 3015 1133
is_linear=0
shrinkage=0.12


Tree=34
num_leaves=7
num_cat=0
split_feature=23 82 39 2 81 23
split_gain=162.737 184.136 167.818 138.35 101.295 29.279
threshold=0.14616250246763232 1.0000000180025095e-35 1.0000000180025095e-35 451.14500427246099 1.0000000180025095e-35 1.0000000180025095e-35
decision_type=2 2 2 2 2 2
left_child=1 5 3 -2 -4 -1
right_child=2 -3 4 -5 -6 -7
leaf_value=-0.16805535506098276 -0.0054127135691401634 0.12076508226463985 0.061062214748269339 -0.29703737400235108 -0.053976811736057458 -0.08640311437291319
leaf_weight=113.98094574175775 2191.1319778347388 54.174383874982595 1000.6696220661979 23.678804399445653 123.86334895272739 142.05085206497461
leaf_count=677 141201 417 99698 245 11314 757
internal_value=0.00291475 -0.0802253 0.010638 -0.00853051 0.0483911 -0.122753
internal_weight=3649.55 310.206 3339.34 2214.81 1124.53 256.032
internal_count=254309 1851 252458 141446 111012 1434
is_linear=0
shrinkage=0.12


Tree=35
num_leaves=6
num_cat=0
split_feature=24 29 77 0 83
split_gain=149.452 164.402 246.661 168.342 55.2101
threshold=0.52394732832908641 2.6165128946304326 1.0000000180025095e-35 54.100000381469734 1.0000000180025095e-35
decision_type=2 2 2 2 2
left_child=4 2 -2 -3 -1
right_child=1 3 -4 -5 -6
leaf_value=-0.039439792294794981 -0.11848487952527552 0.042624992940511433 0.027512338006945379 -0.01944632561575443 -0.17268748675934145
leaf_weight=91.921893708407879 333.09959466103464 1800.7827464512084 333.45225001592189 967.06308693718165 87.307689414359629
leaf_count=558 12573 164471 12520 63488 492
internal_value=0.00247867 0.00805361 -0.0454476 0.0209378 -0.104348
internal_weight=3613.63 3434.4 666.552 2767.85 179.23
internal_count=254102 253052 25093 227959 1050
is_linear=0
shrinkage=0.12


Tree=36
num_leaves=8
num_cat=0
split_feature=22 85 22 24 81 29 22
split_gain=132.174 453.147 186.377 145.763 252.478 215.181 31.9992
threshold=0.40602916479110723 0.37500000000000006 0.14085000008344653 1.5954986810684206 1.0000000180025095e-35 9.3159432411193865 0.24310000240802768
decision_type=2 2 2 2 2 2 2
left_child=1 2 -1 4 -2 -5 -3
right_child=3 6 -4 5 -6 -7 -8
leaf_value=-0.46332822934773332 -0.014722816600846574 0.074007293704493146 -0.093969977585302178 -0.020475596033951181 -0.25401935476156778 0.052714686929835129 -0.052228087011517203
leaf_weight=48.334933158941567 822.72085520904511 107.05581489065662 33.174614490242675 960.78961926000193 68.80059739947319 1453.544813917717 39.616567773278803
leaf_count=481 5422 1834 970 30111 385 213511 1388
internal_value=0.0021795 -0.0861529 -0.312998 0.00827652 -0.0331898 0.0235885 0.0399108
internal_weight=3534.04 228.182 81.5095 3305.86 891.521 2414.33 146.672
internal_count=254102 4673 1451 249429 5807 243622 3222
is_linear=0
shrinkage=0.12


Tree=37
num_leaves=7
num_cat=0
split_feature=23 84 0 1 29 13
split_gain=127.393 170.083 141.244 178.816 150.376 32.5304
threshold=0.14616250246763232 1.0000000180025095e-35 54.100000381469734 12.244450092315676 12.283400535583498 0.2902000099420548
decision_type=2 2 2 2 2 2
left_child=1 5 4 -4 -2 -1
right_child=2 -3 3 -5 -6 -7
leaf_value=-0.1675708461809248 -0.013646315403918205 0.097602548745758411 0.041379534438507309 -0.060321637445591256 0.052842497222935186 -0.077224462084608217
leaf_weight=113.72148679476231 791.29681866103783 65.229634595103562 378.20675749285147 728.45951230661012 1285.7156732350122 115.85510846506804
leaf_count=717 25683 526 44489 25745 156325 617
internal_value=0.00207378 -0.0733929 0.00906193 -0.0255649 0.0275117 -0.121978
internal_weight=3478.48 294.806 3183.68 1106.67 2077.01 229.577
internal_count=254102 1860 252242 70234 182008 1334
is_linear=0
shrinkage=0.12


Tree=38
num_leaves=6
num_cat=0
split_feature=16 39 2 83 83
split_gain=115.859 123.172 102.1 78.9 45.6122
threshold=0.76515501737594616 1.0000000180025095e-35 451.14500427246099 0.37500000000000006 1.0000000180025095e-35
decision_type=2 2 2 2 2
left_child=4 2 -2 -3 -1
right_child=1 3 -4 -5 -6
leaf_value=-0.037277845942326741 -0.0064128068838494893 0.063820071844061563 -0.23869504572778022 -0.005659364811645709 -0.16603919694716829
leaf_weight=83.777343809604645 2191.8900906292256 701.10660508531146 27.592290561646223 354.28975502774119 75.154945272952318
leaf_count=524 141806 79770 258 31284 460
internal_value=0.00189166 0.00674752 -0.00930051 0.0404963 -0.0981657
internal_weight=3433.81 3274.88 2219.48 1055.4 158.932
internal_count=254102 253118 142064 111054 984
is_linear=0
shrinkage=0.12


Tree=39
num_leaves=8
num_cat=0
split_feature=82 13 85 33 77 8 61
split_gain=112.775 163.256 152.699 83.0351 114.198 29.9248 3.85069
threshold=1.0000000180025095e-35 0.2902000099420548 0.62500000000000011 0.21792351454496386 1.0000000180025095e-35 14.240553855895998 0.75729167461395275
decision_type=2 2 2 2 2 2 2
left_child=1 6 -3 4 -2 -5 -1
right_child=3 2 -4 5 -6 -7 -8
leaf_value=-0.12228992880009192 -0.065143798404846784 0.022185279541293883 -0.034315102201935413 0.11270204624537455 0.13532247031946404 -0.025814698933161004 -0.16726765657749015
leaf_weight=46.999631253071129 132.79464301699772 1657.9423876616638 1178.3678156198002 244.11961414758116 59.145588325336576 24.734531082212925 65.761102790012956
leaf_count=335 3229 120192 85517 41326 2846 218 439
internal_value=0.00170859 -0.00691783 -0.00128826 0.0569175 -0.00337095 0.0999585 -0.148521
internal_weight=3409.87 2949.07 2836.31 460.794 191.94 268.854 112.761
internal_count=254102 206483 205709 47619 6075 41544 774
is_linear=0
shrinkage=0.12


Tree=40
num_leaves=8
num_cat=0
split_feature=70 10 81 83 33 77 2
split_gain=112.369 212.958 358.263 302.188 137.687 130.579 77.6871
threshold=18.500000000000004 2.5000000000000004 1.0000000180025095e-35 0.37500000000000006 0.21792351454496386 1.0000000180025095e-35 451.14500427246099
decision_type=2 2 2 2 2 2 2
left_child=1 2 -1 -3 5 -2 -6
right_child=4 3 -4 -5 6 -7 -8
leaf_value=0.014379116458352713 -0.039503973753296867 -0.022116557188263178 -0.17876311869247397 -0.29319499174401065 0.093548910274110234 0.091255612420884494 -0.083910320748539532
leaf_weight=1867.8026198074222 430.09973208233714 173.47169678565115 149.35463907686062 89.909541049040854 462.09645407251082 147.75301737384871 38.481604263186455
leaf_count=86320 9919 8588 4953 3621 128798 8614 3276
internal_value=0.00192109 -0.0131721 7.84521e-05 -0.114654 0.0338383 -0.00606964 0.0799069
internal_weight=3358.97 2280.54 2017.16 263.381 1078.43 577.853 500.578
internal_count=254089 103482 91273 12209 150607 18533 132074
is_linear=0
shrinkage=0.12


Tree=41
num_leaves=8
num_cat=0
split_feature=14 83 22 85 0 39 78
split_gain=108.768 126.493 123.532 429.035 104.785 37.1554 10.5559
threshold=-2.4621000289916988 1.0000000180025095e-35 0.14085000008344653 0.37500000000000006 76.923751831054702 1.0000000180025095e-35 1.0000000180025095e-35
decision_type=2 2 2 2 2 2 2
left_child=1 5 3 -2 -4 -1 -3
right_child=2 6 4 -5 -6 -7 -8
leaf_value=-0.043051208722473561 -0.35483845884304199 -0.10999254616520324 0.023462184722426869 0.077482096624547844 -0.042216251875935924 0.077805800435640185 -0.1712767082026439
leaf_weight=76.454238855279982 56.728896561544389 85.968284020200372 2464.3910876385635 79.211276570335031 407.66039639944211 70.323166225105524 76.477004250511527
leaf_count=586 473 474 216851 1192 33534 490 489
internal_value=0.00188214 -0.0658894 0.00884908 -0.102929 0.0141398 0.0148531 -0.138844
internal_weight=3317.21 309.223 3007.99 135.94 2872.05 146.777 162.445
internal_count=254089 2039 252050 1665 250385 1076 963
is_linear=0
shrinkage=0.12


Tree=42
num_leaves=8
num_cat=0
split_feature=8 83 77 36 24 88 83
split_gain=96.6069 175.252 177.375 104.588 138.881 130.305 35.4723
threshold=13.711093425750734 1.0000000180025095e-35 1.0000000180025095e-35 39.399982452392585 3.9743666648864751 0.84627142548561107 0.37500000000000006
decision_type=2 2 2 2 2 2 2
left_child=3 2 -2 5 -5 -1 -3
right_child=1 6 -4 4 -6 -7 -8
leaf_value=-0.041620148590054806 0.083642031323692037 -0.062582601846678521 -0.16535894399681422 0.0048034750996478505 0.080860129680525736 0.038421864251916668 -0.15732200474268887
leaf_weight=871.01940961345099 177.65716038364917 93.036622238345444 53.632385432720184 982.49093688023277 533.43048560526222 441.2462243847549 146.56168459262699
leaf_count=33427 1214 448 351 23704 172505 21531 909
internal_value=0.00171725 -0.0486078 0.0259026 0.0100963 0.0315667 -0.0147062 -0.120534
internal_weight=3299.07 470.888 231.29 2828.19 1515.92 1312.27 239.598
internal_count=254089 2922 1565 251167 196209 54958 1357
is_linear=0
shrinkage=0.12


Tree=43
num_leaves=8
num_cat=0
split_feature=22 86 83 8 29 46 88
split_gain=86.0996 297.295 107.031 209.92 99.422 67.9234 18.472
threshold=0.24310000240802768 1.0000000180025095e-35 0.37500000000000006 13.486831188201906 14.531637191772463 0.21339683234691623 0.98767143487930309
decision_type=2 2 2 2 2 2 2
left_child=1 5 4 -4 -2 -1 -3
right_child=2 6 3 -5 -6 -7 -8
leaf_value=-0.16460847780311649 -0.013363613794238781 0.010798864016329048 0.0014345105213621711 -0.13782484596774211 0.041194018664344571 -0.39451248563501118 0.11530834783943324
leaf_weight=46.269810155965388 751.42234019434545 53.656013555126265 769.84586573101114 195.44300518324599 1336.4574919289444 30.83840299025178 44.594720629043877
leaf_count=479 26787 1251 68641 1185 154829 279 638
internal_value=0.0015855 -0.0801839 0.00628193 -0.0267615 0.0215589 -0.256556 0.0582343
internal_weight=3228.53 175.359 3053.17 965.289 2087.88 77.1082 98.2507
internal_count=254089 2647 251442 69826 181616 758 1889
is_linear=0
shrinkage=0.12


Tree=44
num_leaves=6
num_cat=0
split_feature=27 39 8 85 85
split_gain=96.5094 91.4899 69.0799 60.3191 35.1611
threshold=1.0000000180025095e-35 1.0000000180025095e-35 14.240553855895998 1.0000000180025095e-35 0.62500000000000011
decision_type=2 2 2 2 2
left_child=1 2 -1 -3 -2
right_child=4 3 -4 -5 -6
leaf_value=-0.0052169490457037978 -0.16580805930110479 0.086149294214579702 -0.1434413763038361 0.01822991954515667 -0.033252078602976493
leaf_weight=2029.6903795001563 63.684077107813209 252.49376231234055 53.435565056279302 740.50595558783971 52.628644875250757
leaf_count=141710 427 26364 351 84751 486
internal_value=0.00146863 0.00552574 -0.00876263 0.0355 -0.10583
internal_weight=3192.44 3076.13 2083.13 993 116.313
internal_count=254089 253176 142061 111115 913
is_linear=0
shrinkage=0.12


Tree=45
num_leaves=6
num_cat=0
split_feature=15 33 77 3 83
split_gain=97.304 90.6608 222.057 124.125 23.3085
threshold=-1.232878506183624 0.20432233810424807 1.0000000180025095e-35 0.28063000738620764 1.0000000180025095e-35
decision_type=2 2 2 2 2
left_child=4 2 -2 -3 -1
right_child=1 3 -4 -5 -6
leaf_value=-0.055706088563891108 -0.12051273539934219 0.1432049426159657 0.029471315421807344 0.009117250829087006 -0.15520509907894423
leaf_weight=79.7966498285532 258.98299350915477 103.76223264797591 315.0868059489876 2371.8235405617161 58.94832329172641
leaf_count=518 12373 3009 12299 225833 480
internal_value=0.0003026 0.004774 -0.0381917 0.0147374 -0.0979801
internal_weight=3188.4 3049.66 574.07 2475.59 138.745
internal_count=254512 253514 24672 228842 998
is_linear=0
shrinkage=0.12


Tree=46
num_leaves=7
num_cat=0
split_feature=23 84 81 15 0 13
split_gain=86.6238 120.429 101.319 538.266 205.215 21.3935
threshold=0.14616250246763232 1.0000000180025095e-35 1.0000000180025095e-35 0.5675095021724702 76.33860015869142 0.2902000099420548
decision_type=2 2 2 2 2 2
left_child=1 5 4 -4 -2 -1
right_child=2 -3 3 -5 -6 -7
leaf_value=-0.15462955237597489 0.027107902526872629 0.085689266159980751 -0.27748298812369215 0.051175131991469149 -0.076223874152670026 -0.075862367846051035
leaf_weight=87.208443034440279 2230.4161416583229 58.496783131733537 106.88762274105102 218.33582016429864 315.96755756426137 115.3060242049396
leaf_count=680 201474 551 739 24295 26130 643
internal_value=0.000214407 -0.0659736 0.00623048 -0.0568413 0.014286 -0.109782
internal_weight=3132.62 261.011 2871.61 325.223 2546.38 202.514
internal_count=254512 1874 252638 25034 227604 1323
is_linear=0
shrinkage=0.12


Tree=47
num_leaves=7
num_cat=0
split_feature=7 22 85 28 85 85
split_gain=84.6047 80.9605 251.839 97.5414 55.0389 29.3381
threshold=11.483049869537355 0.24310000240802768 0.37500000000000006 76.686218261718764 1.0000000180025095e-35 4.8750000000000009
decision_type=2 2 2 2 2 2
left_child=1 2 -1 -3 -2 -6
right_child=4 3 -4 -5 5 -7
leaf_value=-0.22666952952130309 0.014237159444792005 0.027671938446396059 0.065921379260828986 -0.021148926751526236 -0.12841113109467703 -0.018535152204978471
leaf_weight=81.161887189606205 88.823930770158768 1780.4413252844242 88.607869576662779 880.85948107147124 138.50677482876927 46.823550943285227
leaf_count=777 463 183356 1838 66561 952 565
internal_value=0.000223547 0.00638743 -0.0739577 0.0115128 -0.0634281 -0.100651
internal_weight=3105.22 2831.07 169.77 2661.3 274.154 185.33
internal_count=254512 252532 2615 249917 1980 1517
is_linear=0
shrinkage=0.12


Tree=48
num_leaves=8
num_cat=0
split_feature=24 83 29 77 88 8 22
split_gain=76.0177 97.7244 81.5353 126.653 99.4133 34.0657 4.07356
threshold=0.81030231714248668 1.0000000180025095e-35 39.399982452392585 1.0000000180025095e-35 0.84627142548561107 14.240553855895998 2.7753750085830693
decision_type=2 2 2 2 2 2 2
left_child=1 5 4 -4 -2 -1 -3
right_child=2 6 3 -5 -6 -7 -8
leaf_value=0.057994176660102634 -0.040131578852877339 -0.15517085647584794 0.045132040645255084 -0.034024362260291159 0.031023223694429874 -0.052961927499081282 -0.11265552750429905
leaf_weight=82.956186243332922 841.61635612766258 69.538117936579511 1140.1051872549579 390.86538570234552 425.7970332239056 76.672593034803867 60.850099330767989
leaf_count=587 33583 566 153920 43379 21551 510 416
internal_value=0.000225162 -0.0582557 0.00628596 0.024923 -0.0162266 0.00469995 -0.13533
internal_weight=3088.4 290.017 2798.38 1530.97 1267.41 159.629 130.388
internal_count=254512 2079 252433 197299 55134 1097 982
is_linear=0
shrinkage=0.12


Tree=49
num_leaves=8
num_cat=0
split_feature=1 17 81 83 33 28 69
split_gain=78.793 180.109 318.43 242.949 100.844 122.484 34.9207
threshold=11.71460008621216 1.0000000180025095e-35 1.0000000180025095e-35 1.0000000180025095e-35 0.21792351454496386 73.689464569091811 1.5000000000000002
decision_type=2 2 2 2 2 2 2
left_child=4 3 -3 -2 5 -1 -6
right_child=1 2 -4 -5 6 -7 -8
leaf_value=0.052790758223724754 0.015427734341924451 0.014300703201447473 -0.16792859804764518 -0.22584093300000649 -0.11707567217442295 -0.067508307266368153 0.083753631745195678
leaf_weight=252.00368779967539 115.72621038916986 1783.5983796668006 149.67021740507334 125.0345313771395 12.904273095540701 236.02205795934424 368.63694418978412
leaf_count=7629 6041 97997 5025 6023 285 9661 121851
internal_value=0.000214944 -0.011996 0.000192835 -0.109871 0.0307439 -0.00538903 0.0769613
internal_weight=3043.6 2174.03 1933.27 240.761 869.567 488.026 381.541
internal_count=254512 115086 103022 12064 139426 17290 122136
is_linear=0
shrinkage=0.12


Tree=50
num_leaves=6
num_cat=0
split_feature=27 22 85 85 85
split_gain=71.5566 58.956 171.455 96.8227 28.8718
threshold=1.0000000180025095e-35 0.24310000240802768 0.37500000000000006 0.37500000000000006 0.62500000000000011
decision_type=2 2 2 2 2
left_child=1 2 -1 -3 -2
right_child=4 3 -4 -5 -6
leaf_value=-0.18652517231951302 -0.15672778119475525 0.033605367633685275 0.056171325002396702 -0.011756366539681384 -0.030031815412433098
leaf_weight=83.638691277941689 55.06242045504041 1219.6460699330783 84.028726125136018 1524.54910302395 48.904826671117917
leaf_count=759 434 109456 1820 141488 480
internal_value=0.000691109 0.00418384 -0.0648946 0.00840447 -0.0971317
internal_weight=3015.83 2911.86 167.667 2744.2 103.967
internal_count=254437 253523 2579 250944 914
is_linear=0
shrinkage=0.12


Tree=51
num_leaves=8
num_cat=0
split_feature=70 17 81 83 28 88 36
split_gain=65.691 105.642 203.083 165.905 83.9 149.86 87.9658
threshold=18.500000000000004 1.0000000180025095e-35 1.0000000180025095e-35 1.0000000180025095e-35 50.919240951538093 0.33602499961853033 0.88543996214866649
decision_type=2 2 2 2 2 2 2
left_child=1 3 -3 -1 6 -6 -2
right_child=4 2 -4 -5 5 -7 -8
leaf_value=0.020247512485758238 -0.085091809056607362 0.011663400602905466 -0.13136980243155097 -0.16684058508246841 -0.037950175406426957 0.091249203242325383 0.10596321257919565
leaf_weight=126.88489939388819 40.143647346645594 1671.8240325471852 156.30745731014758 147.71138152526692 417.0151799764717 187.36252009053715 256.02110048418399
leaf_count=6120 1434 86514 4899 6115 54609 31629 63117
internal_value=0.000623896 -0.0109905 -0.000566112 -0.0803913 0.0277431 0.00210279 0.0800667
internal_weight=3003.27 2102.73 1828.13 274.596 900.542 604.378 296.165
internal_count=254437 103648 91413 12235 150789 86238 64551
is_linear=0
shrinkage=0.12


Tree=52
num_leaves=8
num_cat=0
split_feature=23 85 28 88 29 27 15
split_gain=73.7589 88.1881 62.8025 75.411 69.6801 31.5292 11.2394
threshold=0.28695000708103185 4.8750000000000009 115.10617065429689 0.46472498774528509 3.4596813917160039 1.0000000180025095e-35 -0.29160249233245844
decision_type=2 2 2 2 2 2 2
left_child=1 5 4 -4 -2 -1 -3
right_child=2 6 3 -5 -6 -7 -8
leaf_value=-0.059104653271968684 -0.028862545366505912 0.013867771700222605 -0.15830456677399199 0.053641206329635059 0.021164045706779943 -0.15279571643870907 0.10811542584094631
leaf_weight=201.39550122362562 499.65340311219916 33.528409176971763 68.182290200609714 37.452816888689995 2029.1833852286218 69.596232323907316 39.908445846289396
leaf_count=1419 23712 402 4549 3212 220067 629 447
internal_value=0.000665404 -0.0515571 0.00749293 -0.0831594 0.0112797 -0.0831664 0.0650856
internal_weight=2978.9 344.429 2634.47 105.635 2528.84 270.992 73.4369
internal_count=254437 2897 251540 7761 243779 2048 849
is_linear=0
shrinkage=0.12


Tree=53
num_leaves=8
num_cat=0
split_feature=82 23 85 29 77 77 27
split_gain=60.353 92.6676 79.2073 48.7952 72.6959 37.9228 27.7179
threshold=1.0000000180025095e-35 0.28695000708103185 0.62500000000000011 12.283400535583498 1.0000000180025095e-35 1.0000000180025095e-35 1.0000000180025095e-35
decision_type=2 2 2 2 2 2 2
left_child=1 6 -3 4 -2 -5 -1
right_child=3 2 -4 5 -6 -7 -8
leaf_value=-0.049232869664163847 -0.049405564947288018 0.021569881966819596 -0.023447023526759089 0.11933029017403096 0.12876604864836419 0.00197752362275743 -0.13662352605545341
leaf_weight=218.04345038556494 122.33001290680841 1306.0358582222834 989.0571023322409 142.52174256928265 45.145363193820231 54.938168213120662 68.738955835462548
leaf_count=1547 3712 119737 84705 31828 3063 9168 677
internal_value=0.000590313 -0.00586615 0.00217011 0.0462691 -0.00137688 0.0866799 -0.0701796
internal_weight=2946.81 2581.88 2295.09 364.935 167.475 197.46 286.782
internal_count=254437 206666 204442 47771 6775 40996 2224
is_linear=0
shrinkage=0.12


Tree=54
num_leaves=7
num_cat=0
split_feature=16 88 83 39 2 6
split_gain=63.2757 98.0873 123.023 58.4935 88.1981 40.6373
threshold=1.0640814900398257 0.37225000560283666 1.0000000180025095e-35 1.0000000180025095e-35 451.14500427246099 9.6870999336242694
decision_type=2 2 2 2 2 2
left_child=1 2 -1 4 -2 -5
right_child=3 -3 -4 5 -6 -7
leaf_value=0.063708313890756083 -0.0020315747724093374 -0.20125019337127026 -0.12109721545933599 0.039153066768485255 -0.21102261908669886 -0.1083860444220293
leaf_weight=116.30249008117244 1849.1668448832352 53.117252663709223 93.627311761956662 747.88438807311468 29.542681718245149 27.885045501403511
leaf_count=869 141543 388 746 110398 268 225
internal_value=0.000565649 -0.0555734 -0.0187137 0.00612878 -0.00531796 0.0338498
internal_weight=2917.53 263.047 209.93 2654.48 1878.71 775.769
internal_count=254437 2003 1615 252434 141811 110623
is_linear=0
shrinkage=0.12


Tree=55
num_leaves=6
num_cat=0
split_feature=24 20 29 83 22
split_gain=58.1759 60.1995 51.7253 20.8534 20.3868
threshold=0.52394732832908641 46.411298751831062 0.88543996214866649 1.0000000180025095e-35 0.24310000240802768
decision_type=2 2 2 2 2
left_child=3 2 -2 -1 -3
right_child=1 4 -4 -5 -6
leaf_value=-0.043248780129349511 -0.029079861338098079 -0.27652295550933981 0.015327645336331696 -0.14694507057610362 -0.075662632490560544
leaf_weight=78.863672195468098 454.59515853226185 8.0329253410454822 2233.0944301665295 43.236853105481714 77.273602806963027
leaf_count=565 22439 137 226198 484 4593
internal_value=0.00109713 0.00466661 0.00781657 -0.0799685 -0.0945767
internal_weight=2895.1 2773 2687.69 122.101 85.3065
internal_count=254416 253367 248637 1049 4730
is_linear=0
shrinkage=0.12


Tree=56
num_leaves=8
num_cat=0
split_feature=1 17 81 81 33 77 2
split_gain=54.5845 133.408 178.601 158.409 76.1842 115.879 50.4485
threshold=11.779300212860109 1.0000000180025095e-35 1.0000000180025095e-35 1.0000000180025095e-35 0.21792351454496386 1.0000000180025095e-35 451.14500427246099
decision_type=2 2 2 2 2 2 2
left_child=4 3 -3 -2 5 -1 -6
right_child=1 2 -4 -5 6 -7 -8
leaf_value=-0.038134166094304152 -0.14259766105651991 0.013500612274023081 -0.11949723487764995 0.090036147132475403 0.08381045059619667 0.099394954065109689 -0.098416503078588707
leaf_weight=352.69180288445204 193.75941946904641 1663.9185582149075 159.31903990311548 53.868448214489035 312.77212212164886 117.65129138855264 23.522165897767991
leaf_count=9370 8961 97069 4990 2948 119904 8057 3117
internal_value=0.000969293 -0.00934575 0.00187893 -0.091991 0.0274509 -0.00373273 0.0710646
internal_weight=2877.5 2070.87 1823.24 247.628 806.637 470.343 336.294
internal_count=254416 113968 102059 11909 140448 17427 123021
is_linear=0
shrinkage=0.12


Tree=57
num_leaves=8
num_cat=0
split_feature=24 78 85 69 85 28 39
split_gain=57.5093 186.65 107.309 56.7591 125.077 77.0495 14.6954
threshold=1.445591986179352 1.0000000180025095e-35 10.000000000000002 1.5000000000000002 0.37500000000000006 76.686218261718764 1.0000000180025095e-35
decision_type=2 2 2 2 2 2 2
left_child=1 2 -1 4 -2 -5 -3
right_child=3 6 -4 5 -6 -7 -8
leaf_value=0.023722161557496842 -0.16144664503766634 -0.17483881843488139 -0.17904025868875539 0.032857059220711596 0.057723171041106205 -0.015918606831018364 -0.10351761999125905
leaf_weight=453.98723128635902 81.539237314369529 85.037177015445195 40.978484186576679 1317.7413702401682 69.416460530366749 721.82935281493701 81.445852149277925
leaf_count=3516 785 610 345 181115 1830 65634 581
internal_value=0.000975875 -0.0300343 0.00693535 0.0103397 -0.0606622 0.0155947 -0.139947
internal_weight=2851.98 661.449 494.966 2190.53 150.956 2039.57 166.483
internal_count=254416 5052 3861 249364 2615 246749 1191
is_linear=0
shrinkage=0.12


Tree=58
num_leaves=6
num_cat=0
split_feature=24 82 23 33 83
split_gain=49.1486 48.5054 71.4787 54.1859 19.2943
threshold=0.52394732832908641 1.0000000180025095e-35 0.14616250246763232 0.21792351454496386 1.0000000180025095e-35
decision_type=2 2 2 2 2
left_child=4 2 -2 -3 -1
right_child=1 3 -4 -5 -6
leaf_value=-0.04105124523932905 -0.076949846942300948 -8.0516410997076392e-05 0.0041018153126396815 0.10102612152136919 -0.14482962246181258
leaf_weight=77.668516357894987 168.48088631464634 156.64771422953345 2237.0333962077275 148.86656055576168 38.627563682268374
leaf_count=565 1208 6136 204498 41525 484
internal_value=0.000868423 0.00414533 -0.001575 0.0491853 -0.0755211
internal_weight=2827.32 2711.03 2405.51 305.514 116.296
internal_count=254416 253367 205706 47661 1049
is_linear=0
shrinkage=0.12


Tree=59
num_leaves=8
num_cat=0
split_feature=45 17 8 81 24 85 20
split_gain=53.2319 58.9317 268.14 60.2541 32.1168 54.0302 29.9232
threshold=0.25364583730697637 1.0000000180025095e-35 10.662671089172365 1.0000000180025095e-35 1.7376976013183596 0.62500000000000011 11.372304916381838
decision_type=2 2 2 2 2 2 2
left_child=4 2 -2 -3 5 -1 -6
right_child=1 3 -4 -5 6 -7 -8
leaf_value=0.06145633506908104 0.031104747569026918 0.0087149434080385727 -0.16916449661604904 -0.066078357125618353 0.1659005346931926 -0.087765407333381049 0.047521628684891577
leaf_weight=74.743479620665312 243.17620974616148 1789.3521404633066 159.360040276777 169.82497579313349 34.778808139497414 65.614172582048923 265.32848286040826
leaf_count=556 40767 165212 2081 10763 4447 654 29936
internal_value=0.000782138 -0.00636054 -0.0481798 0.00223173 0.0390802 -0.00830161 0.0612403
internal_weight=2802.18 2361.71 402.536 1959.18 440.465 140.358 300.107
internal_count=254416 218823 42848 175975 35593 1210 34383
is_linear=0
shrinkage=0.12


Tree=60
num_leaves=7
num_cat=0
split_feature=7 22 85 29 83 88
split_gain=49.9678 44.881 117.295 47.5783 42.1281 39.9334
threshold=11.483049869537355 0.14085000008344653 0.37500000000000006 4.3908841609954843 0.37500000000000006 0.50021427869796764
decision_type=2 2 2 2 2 2
left_child=1 2 -1 -3 5 -2
right_child=4 3 -4 -5 -6 -7
leaf_value=-0.16538164317806833 0.010633731748314322 -0.0223532531495324 0.06202785092919072 0.017474979533441067 -0.13971807421210664 -0.12072437491222796
leaf_weight=72.941276951925829 128.8267681139987 561.72558338893577 59.143222532700747 1868.8516608094797 60.354577963589691 44.955763245001435
leaf_count=486 1022 26027 1141 224387 596 306
internal_value=-0.000279907 0.00456835 -0.0635549 0.00827036 -0.0533447 -0.0233473
internal_weight=2796.8 2562.66 132.084 2430.58 234.137 173.783
internal_count=253965 252041 1627 250414 1924 1328
is_linear=0
shrinkage=0.12


Tree=61
num_leaves=8
num_cat=0
split_feature=19 0 1 88 19 24 84
split_gain=47.2656 41.1534 58.4033 38.9477 29.213 29.722 15.2857
threshold=0.27864582836627966 54.100000381469734 13.599499702453615 1.0526999831199648 0.47187499701976782 1.04678350687027 1.0000000180025095e-35
decision_type=2 2 2 2 2 2 2
left_child=1 3 -3 -1 5 -2 -6
right_child=4 2 -4 -5 6 -7 -8
leaf_value=0.018162376829151096 -0.067779074759174621 0.041952042721585224 -0.036683830077235212 0.087481914561841415 -0.1105279204105882 -0.0059615384416448081 0.015132664251946612
leaf_weight=911.84117481601425 128.25971299840603 198.92975926701911 429.97680360957747 133.84951890609227 70.85144648689311 883.47222155053169 17.353782486869022
leaf_count=109834 1058 30430 14764 8415 3382 84755 1327
internal_value=-0.000247142 0.0124465 -0.0118105 0.0270354 -0.0195726 -0.0137983 -0.085805
internal_weight=2774.53 1674.6 628.907 1045.69 1099.94 1011.73 88.2052
internal_count=253965 163443 45194 118249 90522 85813 4709
is_linear=0
shrinkage=0.12


Tree=62
num_leaves=7
num_cat=0
split_feature=41 3 82 27 28 46
split_gain=47.3751 65.1066 42.3272 61.1487 34.6521 25.4052
threshold=0.10394232347607614 0.9022900164127351 1.0000000180025095e-35 1.0000000180025095e-35 11.372304916381838 0.20949968695640567
decision_type=2 2 2 2 2 2
left_child=2 4 3 -1 -2 -4
right_child=1 -3 5 -5 -6 -7
leaf_value=0.010649283620461719 0.14759852822573147 -0.20607973745057026 0.0047451429790376087 -0.12987421199763566 -0.017449923260759267 0.10213998991108197
leaf_weight=1419.6513325229171 18.632434989849571 26.194803334772587 58.334009019774385 46.037489302223548 1084.2288027359173 113.81157963897567
leaf_count=138952 1177 160 3117 537 80844 29178
internal_value=-0.000190504 -0.0191025 0.0128467 0.00623542 -0.0146615 0.0691363
internal_weight=2766.89 1129.06 1637.83 1465.69 1102.86 172.146
internal_count=253965 82181 171784 139489 82021 32295
is_linear=0
shrinkage=0.12


Tree=63
num_leaves=7
num_cat=0
split_feature=24 77 83 29 77 77
split_gain=40.6587 77.0445 85.173 42.6662 117.393 97.9893
threshold=0.81030231714248668 1.0000000180025095e-35 1.0000000180025095e-35 31.450469970703129 1.0000000180025095e-35 1.0000000180025095e-35
decision_type=2 2 2 2 2 2
left_child=1 2 -1 4 -2 -5
right_child=3 -3 -4 5 -6 -7
leaf_value=0.060301161855794767 -0.040738660203029631 -0.17025730740852024 -0.10489857771943942 0.037873596834201516 0.041511551789152751 -0.033471124226141923
leaf_weight=105.9900752005633 743.19600022537634 56.217417656444013 78.025118721008766 1013.7979541409295 376.44911350880284 381.5466363292071
leaf_count=838 29842 451 753 157316 20203 44562
internal_value=-0.000141284 -0.0473076 -0.00974593 0.00436406 -0.0130843 0.0183649
internal_weight=2755.22 240.233 184.015 2514.99 1119.65 1395.34
internal_count=253965 2042 1591 251923 50045 201878
is_linear=0
shrinkage=0.12


Tree=64
num_leaves=6
num_cat=0
split_feature=22 85 70 10 88
split_gain=39.8031 82.4123 41.8131 110.164 108.389
threshold=1.0000000180025095e-35 0.37500000000000006 8.5000000000000018 2.5000000000000004 0.33602499961853033
decision_type=2 2 2 2 2
left_child=1 -1 3 -2 -4
right_child=2 -3 4 -5 -6
leaf_value=-0.25184051731448531 0.0019751365261744917 0.049658873888428635 -0.0021302490480037115 -0.090731654245305576 0.083871183024183296
leaf_weight=26.596666966332123 1336.3891993055004 25.641375362873077 834.17738332372392 214.15594982117182 282.48985131451627
leaf_count=189 42073 475 154436 4044 52748
internal_value=-0.000110396 -0.103848 0.00192132 -0.0108292 0.019626
internal_weight=2719.45 52.238 2667.21 1550.55 1116.67
internal_count=253965 664 253301 46117 207184
is_linear=0
shrinkage=0.12


Tree=65
num_leaves=8
num_cat=0
split_feature=28 33 33 6 28 78 77
split_gain=44.2177 59.105 119.334 46.1285 57.1437 54.2035 13.777
threshold=115.66966247558595 0.22382500022649768 0.21318151056766513 3.7118999958038335 50.919240951538093 1.0000000180025095e-35 1.0000000180025095e-35
decision_type=2 2 2 2 2 2 2
left_child=3 2 -2 4 -1 -5 -3
right_child=1 6 -4 5 -6 -7 -8
leaf_value=0.095014356890736576 -0.081020234687603956 0.075460288325005648 -0.54720515273584514 0.0064776772814925405 0.0080221332466378706 -0.037199620787797094 -0.060846083768546937
leaf_weight=158.55431528505869 45.937118920730427 28.014819151721895 9.5509037063457054 1552.1006619309774 346.05964944028528 555.60931549989618 17.254503238014877
leaf_count=50927 2048 3121 210 99631 65050 31056 2028
internal_value=-0.000242299 -0.0782474 -0.161263 0.00276636 0.0353559 -0.00503601 0.0235068
internal_weight=2713.08 100.757 55.488 2612.32 504.614 2107.71 45.2693
internal_count=254071 7407 2258 246664 115977 130687 5149
is_linear=0
shrinkage=0.12


Tree=66
num_leaves=7
num_cat=0
split_feature=20 6 29 22 8 85
split_gain=39.5985 36.7512 38.2111 33.1202 40.592 15.0299
threshold=34.731634140014656 9.6870999336242694 6.1685874462127694 0.24310000240802768 11.129806995391847 0.62500000000000011
decision_type=2 2 2 2 2 2
left_child=1 2 -1 -2 -5 -3
right_child=3 5 -4 4 -6 -7
leaf_value=-0.016170784593530899 -0.14797788266090933 -0.12388926763858503 0.017269930748837949 0.033827647572930448 -0.067915460069809211 -0.018304420326447714
leaf_weight=698.88364459457807 37.691343909013085 42.940334514016286 1662.5092067721998 94.783936368476134 139.68010594090447 35.434624143410474
leaf_count=26384 559 423 210043 14164 2051 447
internal_value=-0.000153449 0.00468957 0.00737273 -0.0435693 -0.026785 -0.0761526
internal_weight=2711.92 2439.77 2361.39 272.155 234.464 78.375
internal_count=254071 237297 236427 16774 16215 870
is_linear=0
shrinkage=0.12


Tree=67
num_leaves=8
num_cat=0
split_feature=76 10 15 81 81 15 33
split_gain=36.5175 49.8831 212.489 87.7854 33.9672 48.1531 20.4651
threshold=0.97546750307083141 2.5000000000000004 2.2256973981857304 1.0000000180025095e-35 1.0000000180025095e-35 0.13063850253820422 0.20620220154523852
decision_type=2 2 2 2 2 2 2
left_child=1 3 -3 -1 6 -6 -2
right_child=4 2 -4 -5 5 -7 -8
leaf_value=0.012115762483385062 -0.073781667385750968 -0.13701680556319856 0.032243837117955865 -0.071837557141207181 -0.25269224422099368 0.06775279619891067 0.11551474490461194
leaf_weight=1937.8490447066724 9.0839023031294328 186.68760333466344 249.59871643909719 197.64592958206777 10.708509298972787 18.280047003587242 86.896395270770881
leaf_count=189468 362 2156 45152 12328 65 978 3562
internal_value=-0.000130173 -0.00320836 -0.0401831 0.00434565 0.063217 -0.0506211 0.0975991
internal_weight=2696.75 2571.78 436.286 2135.49 124.969 28.9886 95.9803
internal_count=254071 249104 47308 201796 4967 1043 3924
is_linear=0
shrinkage=0.12


Tree=68
num_leaves=7
num_cat=0
split_feature=24 81 78 29 77 17
split_gain=38.0588 263.141 167.936 52.7432 128.451 112.725
threshold=1.8639128208160403 1.0000000180025095e-35 1.0000000180025095e-35 10.277011871337892 1.0000000180025095e-35 1.0000000180025095e-35
decision_type=2 2 2 2 2 2
left_child=1 2 -1 4 -2 -5
right_child=3 -3 -4 5 -6 -7
leaf_value=0.036052339181091922 -0.04184841675214971 -0.227721116828252 -0.087768177897918603 -0.028787664332985644 0.056270795213791205 0.058832778980954813
leaf_weight=549.17138981656171 616.26193253166275 80.345661183586344 221.29253060364863 318.58685149776284 279.16196040174691 628.62439641781384
leaf_count=5575 17925 565 1855 43644 15339 169168
internal_value=-6.99864e-05 -0.0210622 0.000488629 0.00962286 -0.0112583 0.0293624
internal_weight=2693.44 850.81 770.464 1842.64 895.424 947.211
internal_count=254071 7995 7430 246076 33264 212812
is_linear=0
shrinkage=0.12


Tree=69
num_leaves=8
num_cat=0
split_feature=29 77 2 77 41 24 28
split_gain=38.2926 170.691 101.928 60.523 39.189 37.5062 0.0937525
threshold=0.88543996214866649 1.0000000180025095e-35 140.31500244140628 1.0000000180025095e-35 0.040523111820220954 1.265514671802521 28.174629211425785
decision_type=2 2 2 2 2 2 2
left_child=1 6 4 -4 -2 -3 -1
right_child=2 5 3 -5 -6 -7 -8
leaf_value=-0.13268647339675677 0.065337462547581257 -0.13527527307206408 0.012321342067552244 -0.034957426790708762 0.22132534549980698 0.04363437140365458 -0.12220961784521446
leaf_weight=13.296059268526731 59.265791135665495 18.187559517100453 1601.4451722554513 515.37387448217487 38.103258356684819 233.48569255135953 164.0794547169935
leaf_count=178 2227 115 174471 53334 898 11482 11366
internal_value=-2.54679e-05 -0.0328369 0.00633248 0.00081056 0.12638 0.0307052 -0.122995
internal_weight=2643.24 429.049 2214.19 2116.82 97.369 251.673 177.376
internal_count=254071 23141 230930 227805 3125 11597 11544
is_linear=0
shrinkage=0.12


Tree=70
num_leaves=6
num_cat=0
split_feature=16 29 77 3 83
split_gain=44.2482 43.8792 144.411 84.1683 13.548
threshold=0.76515501737594616 3.4596813917160039 1.0000000180025095e-35 0.32417000830173498 1.0000000180025095e-35
decision_type=2 2 2 2 2
left_child=4 2 -2 -3 -1
right_child=1 3 -4 -5 -6
leaf_value=-0.047018147158822583 -0.096749980761938734 0.089629454629038818 0.033520970659127083 0.0047265932367982818 -0.14213751061323776
leaf_weight=70.491659343242645 230.24252205743687 185.23923452440067 261.94699535379186 1821.2827557443525 31.064771326957271
leaf_count=531 13145 8740 13021 218027 468
internal_value=0.00153302 0.00468886 -0.0274188 0.0125647 -0.0761139
internal_weight=2600.27 2498.71 492.19 2006.52 101.556
internal_count=253932 252933 26166 226767 999
is_linear=0
shrinkage=0.12


Tree=71
num_leaves=8
num_cat=0
split_feature=45 33 77 23 33 77 82
split_gain=44.5032 75.2177 189.182 61.8804 55.3884 41.3974 40.0076
threshold=0.88281250000000011 0.21792351454496386 1.0000000180025095e-35 6.0489876270294198 0.20620220154523852 1.0000000180025095e-35 1.0000000180025095e-35
decision_type=2 2 2 2 2 2 2
left_child=3 2 -2 6 -5 -3 -1
right_child=1 5 -4 4 -6 -7 -8
leaf_value=-0.0057921160799630595 -0.17513524312450934 0.054897220630143934 0.038529520421754705 -0.025291302521225221 0.085599172116022415 -0.03694016591472838 0.057541389101690953
leaf_weight=1546.1200381866074 132.76056365302065 151.44830576999811 108.39316992182285 87.939551875228062 247.16982484306209 132.53174400795251 158.33620155049721
leaf_count=96364 5187 17564 5217 6294 87993 13116 22197
internal_value=0.00133842 -0.0298141 -0.0790977 0.00935935 0.0564992 0.0120373 9.12773e-05
internal_weight=2564.7 525.134 241.154 2039.57 335.109 283.98 1704.46
internal_count=253932 41084 10404 212848 94287 30680 118561
is_linear=0
shrinkage=0.12


Tree=72
num_leaves=8
num_cat=0
split_feature=76 10 24 15 36 84 77
split_gain=40.1795 39.3744 168.046 56.0909 34.4481 21.3535 5.28287
threshold=0.96128329634666454 2.5000000000000004 3.6404672861099248 0.13063850253820422 3.4596813917160039 10.000000000000002 1.0000000180025095e-35
decision_type=2 2 2 2 2 2 2
left_child=1 3 -3 -1 6 -6 -2
right_child=4 2 -4 -5 5 -7 -8
leaf_value=-0.021834603535851337 -0.14266084945733543 -0.12986493876424282 0.029560906366506278 0.019888915837394407 0.096169450929566483 -0.0074340110206233146 -0.017319454059577691
leaf_weight=752.77035744622117 12.189090050407685 164.97639531025197 225.13240894096089 1209.3776875285257 128.40690119954525 36.873579729988705 8.0336264802608639
leaf_count=7367 473 1437 43471 192689 6352 1680 463
internal_value=0.00119944 -0.00304081 -0.03786 0.00388185 0.0549676 0.0730558 -0.092868
internal_weight=2537.76 2352.26 390.109 1962.15 185.503 165.28 20.2227
internal_count=253932 244964 44908 200056 8968 8032 936
is_linear=0
shrinkage=0.12


Tree=73
num_leaves=7
num_cat=0
split_feature=23 84 22 85 85 51
split_gain=38.5683 83.9312 47.6681 88.2832 61.8032 18.4617
threshold=0.14616250246763232 1.0000000180025095e-35 0.24310000240802768 0.37500000000000006 0.37500000000000006 0.17636978626251223
decision_type=2 2 2 2 2 2
left_child=1 5 3 -2 -4 -1
right_child=2 -3 4 -5 -6 -7
leaf_value=-0.12315580770822099 -0.13934055718651134 0.10510678455168868 0.032910704616306984 0.048110587271297051 -0.0078252299048131024 -0.038425186299488483
leaf_weight=94.577534929965623 85.933738611987792 39.909632465336472 947.7568423349876 62.488342401804402 1235.3901966199628 60.85761210025521
leaf_count=778 754 533 108753 1763 140826 525
internal_value=0.00109421 -0.050124 0.0053854 -0.0604203 0.00985922 -0.0899812
internal_weight=2526.91 195.345 2331.57 148.422 2183.15 155.435
internal_count=253932 1836 252096 2517 249579 1303
is_linear=0
shrinkage=0.12


Tree=74
num_leaves=7
num_cat=0
split_feature=8 77 83 29 77 34
split_gain=38.1963 47.325 66.8221 39.9613 105.549 51.1805
threshold=13.940063476562502 1.0000000180025095e-35 1.0000000180025095e-35 4.3908841609954843 1.0000000180025095e-35 1.1424142718315127
decision_type=2 2 2 2 2 2
left_child=3 2 -2 4 -1 -5
right_child=1 -3 -4 5 -6 -7
leaf_value=-0.074909695964153172 0.047594222480210828 -0.1543714513533237 -0.10780051725382628 0.0062427770033951962 0.03254274329529766 0.06711813527097242
leaf_weight=275.3638612801733 95.084934961050749 46.797089043771848 68.595335755526321 1545.1933661918447 252.20947273739148 228.25482055742759
leaf_count=13683 816 401 730 210695 13405 14202
internal_value=0.000976806 -0.0479541 -0.0175288 0.00545258 -0.0235414 0.0140778
internal_weight=2511.5 210.477 163.68 2301.02 527.573 1773.45
internal_count=253932 1947 1546 251985 27088 224897
is_linear=0
shrinkage=0.12


Tree=75
num_leaves=8
num_cat=0
split_feature=19 2 77 6 22 85 23
split_gain=34.97 42.1862 254.768 32.1124 24.1157 71.673 21.8092
threshold=0.29270832240581518 451.14500427246099 1.0000000180025095e-35 9.6870999336242694 0.24310000240802768 0.37500000000000006 0.28695000708103185
decision_type=2 2 2 2 2 2 2
left_child=1 3 -3 -1 5 -2 -6
right_child=4 2 -4 -5 6 -7 -8
leaf_value=0.013932524303448343 -0.18727945296731763 0.085846334475320862 -0.56283415788112934 -0.077012150156467549 -0.074389955748406719 0.057655507046764941 -0.0071236253488327463
leaf_weight=1708.3769547657866 43.139286826830357 28.588985160458833 12.544054992496966 57.800445847853553 79.989143078739289 28.614747551036999 524.67009690226405
leaf_count=191291 352 3445 76 678 828 769 56610
internal_value=-0.000552615 0.00815837 -0.111977 0.0109562 -0.0238275 -0.089602 -0.0160222
internal_weight=2483.72 1807.31 41.133 1766.18 676.413 71.754 604.659
internal_count=254049 195490 3521 191969 58559 1121 57438
is_linear=0
shrinkage=0.12


Tree=76
num_leaves=6
num_cat=0
split_feature=16 12 86 78 54
split_gain=32.3154 33.3051 81.6528 35.8618 2.56062
threshold=0.76515501737594616 0.33209998905658727 1.0000000180025095e-35 1.0000000180025095e-35 0.20903340727090838
decision_type=2 2 2 2 2
left_child=4 2 -2 -3 -1
right_child=1 3 -4 -5 -6
leaf_value=-0.090539631737232881 -0.21031622932043073 0.013741987645251154 0.063057281108968924 -0.019686933317933329 -0.050192733241550144
leaf_weight=46.220894754165784 33.959951824159361 1685.0424595315126 29.314432425075211 636.73795841779793 44.418946273624897
leaf_count=511 251 192355 707 59760 465
internal_value=-0.000439374 0.00223331 -0.0836648 0.00457425 -0.0707672
internal_weight=2475.69 2385.05 63.2744 2321.78 90.6398
internal_count=254049 253073 958 252115 976
is_linear=0
shrinkage=0.12


Tree=77
num_leaves=7
num_cat=0
split_feature=21 6 29 55 22 85
split_gain=30.0111 27.4326 28.7321 17.6042 14.2572 11.7473
threshold=0.35312499105930334 9.6870999336242694 6.1685874462127694 0.53399747610092174 0.24310000240802768 0.37500000000000006
decision_type=2 2 2 2 2 2
left_child=1 2 -1 4 -2 -3
right_child=3 5 -4 -5 -6 -7
leaf_value=-0.015622368555204746 -0.10227680349797251 -0.12107712522882559 0.01522901717092498 -0.23204930057040266 -0.02206564070602627 -0.022698904552203452
leaf_weight=605.80022746630129 37.607987620489439 33.534646308806259 1538.987316258339 6.6508076781174159 210.61580095428508 36.504963532555848
leaf_count=26499 560 370 209834 419 15848 519
internal_value=-0.000385789 0.0041016 0.00651497 -0.0393806 -0.0342183 -0.0698019
internal_weight=2469.7 2214.83 2144.79 254.875 248.224 70.0396
internal_count=254049 237222 236333 16827 16408 889
is_linear=0
shrinkage=0.12


Tree=78
num_leaves=8
num_cat=0
split_feature=1 28 88 33 83 70 77
split_gain=28.9775 28.7433 55.3915 29.7921 25.141 17.5757 12.7077
threshold=21.230599403381351 111.46908187866212 0.50021427869796764 0.20432233810424807 1.0000000180025095e-35 6.5000000000000009 1.0000000180025095e-35
decision_type=2 2 2 2 2 2 2
left_child=1 3 -3 -1 6 -6 -2
right_child=4 2 -4 -5 5 -7 -8
leaf_value=-0.025814745122507865 0.029386976678004374 -0.12228672006085214 0.048789664557477463 0.012756953584596414 -0.10940542754139189 0.017318001542515629 -0.069457949843852576
leaf_weight=343.14140504976967 65.171745687490329 69.452956861059647 44.855070473044179 1805.9949820835609 83.49170091812266 19.427374851773493 26.282462589268107
leaf_count=21675 2245 5862 4190 216320 718 2203 836
internal_value=-0.000338573 0.00347973 -0.0551554 0.00659841 -0.0448021 -0.0854847 0.000980541
internal_weight=2457.82 2263.44 114.308 2149.14 194.373 102.919 91.4542
internal_count=254049 248047 10052 237995 6002 2921 3081
is_linear=0
shrinkage=0.12


Tree=79
num_leaves=7
num_cat=0
split_feature=76 10 8 84 33 84
split_gain=27.4218 30.0814 132.96 58.5942 22.9347 18.4601
threshold=0.9717826545238496 2.5000000000000004 10.800346851348879 10.000000000000002 0.20620220154523852 10.000000000000002
decision_type=2 2 2 2 2 2
left_child=1 3 -3 -1 -2 -6
right_child=4 2 -4 -5 5 -7
leaf_value=0.0097081863115829736 -0.10106742779715844 0.030780650514107229 -0.10817832588983442 -0.061869970816698858 0.095032197953436676 -0.0139817347188332
leaf_weight=1730.7294401641702 12.687046361155806 214.92928189816303 184.07319494872354 182.00419783085817 91.88007085910067 29.566282373969443
leaf_count=188979 599 44747 1974 12316 4306 1128
internal_value=-0.000294164 -0.0033548 -0.0333258 0.00289724 0.0524547 0.0684926
internal_weight=2445.87 2311.74 399.002 1912.73 134.133 121.446
internal_count=254049 248016 46721 201295 6033 5434
is_linear=0
shrinkage=0.12


Tree=80
num_leaves=8
num_cat=0
split_feature=7 12 85 41 83 8 13
split_gain=30.9398 31.826 67.9255 31.9246 31.2614 18.7406 1.38363
threshold=11.483049869537355 0.33209998905658727 0.37500000000000006 0.10394232347607614 0.37500000000000006 13.940063476562502 1.5252000093460085
decision_type=2 2 2 2 2 2 2
left_child=1 2 -1 -3 5 -2 -6
right_child=4 3 -4 -5 6 -7 -8
leaf_value=-0.18737333786085003 0.041702877005254921 0.019471568646286609 0.062971443164248797 -0.009979262562695124 -0.14350331559314911 -0.0458503475192968 -0.10438822704999466
leaf_weight=36.112476777314441 52.351211535045877 1246.0625000366126 27.485572692297865 922.34760567781632 26.402951725292951 107.48716548312223 25.696558064315468
leaf_count=262 509 170081 686 81305 388 839 223
internal_value=0.000329908 0.00449046 -0.0791802 0.00694446 -0.0434866 -0.0171744 -0.124211
internal_weight=2443.95 2232.01 63.598 2168.41 211.938 159.838 52.0995
internal_count=254293 252334 948 251386 1959 1348 611
is_linear=0
shrinkage=0.12


Tree=81
num_leaves=7
num_cat=0
split_feature=24 84 78 29 2 10
split_gain=28.665 205.408 107.895 47.9821 74.731 63.6263
threshold=1.8639128208160403 10.000000000000002 1.0000000180025095e-35 31.450469970703129 176.19499969482425 2.5000000000000004
decision_type=2 2 2 2 2 2
left_child=1 2 -1 4 -2 -5
right_child=3 -3 -4 5 -6 -7
leaf_value=0.030609717029249441 0.017564704915388817 -0.20805906255000256 -0.071149469702026319 0.057081038057277073 -0.055221505824883034 -0.01524328553281622
leaf_weight=517.98524372634711 537.70851014900836 74.495946420007385 211.22963041480398 492.24188830080675 326.44400031503756 271.91632735921303
leaf_count=5606 30931 541 1856 156737 17964 40658
internal_value=0.000286877 -0.0182566 0.00113342 0.00943969 -0.00993116 0.0313453
internal_weight=2432.02 803.711 729.215 1628.31 864.153 764.158
internal_count=254293 8003 7462 246290 48895 197395
is_linear=0
shrinkage=0.12


Tree=82
num_leaves=7
num_cat=0
split_feature=2 77 7 81 29 14
split_gain=30.8812 187.408 30.6713 121.401 54.8146 7.98633
threshold=451.14500427246099 1.0000000180025095e-35 10.414299964904787 1.0000000180025095e-35 31.450469970703129 -0.17334999889135358
decision_type=2 2 2 2 2 2
left_child=2 5 4 -4 -1 -2
right_child=1 -3 3 -5 -6 -7
leaf_value=-0.0088165895167935677 -0.0024493841979920596 -0.39958547234727781 -0.0027619717524608994 -0.17156998450018388 0.036671891229843184 0.12881651247129433
leaf_weight=823.24287147345603 9.8182103832950833 18.168047637678683 756.59849633727572 66.761258484213613 710.8546060253866 20.843396666634362
leaf_count=47997 132 93 9129 560 192720 3662
internal_value=0.000277396 -0.0941797 0.00223387 -0.0164496 0.0122614 0.0867836
internal_weight=2406.29 48.8297 2357.46 823.36 1534.1 30.6616
internal_count=254293 3887 250406 9689 240717 3794
is_linear=0
shrinkage=0.12


Tree=83
num_leaves=6
num_cat=0
split_feature=8 90 77 12 39
split_gain=26.9472 26.2027 84.6875 34.6766 9.00373
threshold=14.240553855895998 0.0020142857683822517 1.0000000180025095e-35 0.33209998905658727 1.0000000180025095e-35
decision_type=2 2 2 2 2
left_child=1 3 -3 -1 -2
right_child=4 2 -4 -5 -6
leaf_value=-0.081380166354996356 -0.10780625391971081 -0.0041566366639005908 -0.16255312344643302 0.016710180201250761 -0.030801927236645987
leaf_weight=53.963068871235009 38.958817360922694 836.8693263217574 51.603256532922387 1355.8403486147872 49.834311394253746
leaf_count=696 412 89411 4778 158445 551
internal_value=0.00027774 0.00278382 -0.0133564 0.0129556 -0.0645883
internal_weight=2387.07 2298.28 888.473 1409.8 88.7931
internal_count=254293 253330 94189 159141 963
is_linear=0
shrinkage=0.12


Tree=84
num_leaves=6
num_cat=0
split_feature=6 7 22 85 83
split_gain=26.2817 25.3687 25.246 13.6461 9.20955
threshold=9.6870999336242694 11.802249908447267 0.14085000008344653 0.37500000000000006 1.0000000180025095e-35
decision_type=2 2 2 2 2
left_child=1 2 -1 -2 -3
right_child=3 4 -4 -5 -6
leaf_value=-0.05019907305665873 -0.12657099127436625 -0.026692077716759112 0.0080751563575687316 -0.021996116089148157 -0.1022095735585567
leaf_weight=112.80118843170931 33.849813730805181 56.184967797715217 2101.1497629036021 38.299338949116645 39.675910250749439
leaf_count=1607 384 459 250860 569 414
internal_value=0.000261467 0.00248923 0.00510607 -0.0710589 -0.0579481
internal_weight=2381.96 2309.81 2213.95 72.1492 95.8609
internal_count=254293 253340 252467 953 873
is_linear=0
shrinkage=0.12


Tree=85
num_leaves=8
num_cat=0
split_feature=24 83 77 29 88 77 78
split_gain=30.3485 69.4313 66.7547 34.3108 67.5465 48.8865 7.21443
threshold=1.04678350687027 0.37500000000000006 1.0000000180025095e-35 39.399982452392585 0.84627142548561107 1.0000000180025095e-35 1.0000000180025095e-35
decision_type=2 2 2 2 2 2 2
left_child=1 2 -1 4 -2 -5 -3
right_child=3 6 -4 5 -6 -7 -8
leaf_value=0.035311236067037816 -0.031620302821883911 -0.079258595104335625 -0.10231683458209737 0.03800720967100793 0.035598022803432994 -0.019369909094314557 -0.15627260313947156
leaf_weight=185.70855473197298 663.61182020463457 26.137009270722046 69.832784441765398 740.93340965361858 318.6380632557557 300.5795454060426 53.101072063698666
leaf_count=1635 33250 225 500 153175 21606 43086 704
internal_value=0.000737996 -0.0327299 -0.00229893 0.0062744 -0.00981494 0.0214482 -0.130869
internal_weight=2358.54 334.779 255.541 2023.76 982.25 1041.51 79.2381
internal_count=254181 3064 2135 251117 54856 196261 929
is_linear=0
shrinkage=0.12


Tree=86
num_leaves=8
num_cat=0
split_feature=24 83 77 33 45 77 78
split_gain=24.1397 59.6135 51.5409 27.0171 54.9568 36.9981 7.35307
threshold=1.04678350687027 0.37500000000000006 1.0000000180025095e-35 0.274830311536789 0.70807290077209484 1.0000000180025095e-35 1.0000000180025095e-35
decision_type=2 2 2 2 2 2 2
left_child=1 2 -1 4 -2 -5 -3
right_child=3 6 -4 5 -6 -7 -8
leaf_value=0.031270307510258985 0.017503884834545579 -0.072191319137328389 -0.089526233206437544 0.033621707742000594 -0.040071111575094416 -0.016004326934505902 -0.15203482051681294
leaf_weight=184.61595494215726 520.65483355490142 25.306794353644364 70.205783540848643 734.35578529466875 440.89957730469177 306.67663510784041 48.327765428024577
leaf_count=1635 27447 225 500 154225 25994 43451 704
internal_value=0.000661332 -0.0294916 -0.00201027 0.00560689 -0.00889586 0.0190024 -0.124594
internal_weight=2331.04 328.456 254.822 2002.59 961.554 1041.03 73.6346
internal_count=254181 3064 2135 251117 53441 197676 929
is_linear=0
shrinkage=0.12


Tree=87
num_leaves=7
num_cat=0
split_feature=23 84 89 16 33 19
split_gain=28.5995 65.2093 23.8335 75.0723 51.4083 18.378
threshold=0.14616250246763232 1.0000000180025095e-35 1.0000000180025095e-35 1.707553029060364 0.20432233810424807 0.27864582836627966
decision_type=2 2 2 2 2 2
left_child=1 5 4 -4 -2 -1
right_child=2 -3 3 -5 -6 -7
leaf_value=-0.044734970541369205 -0.052420796136931583 0.091567379861317078 -0.094498370366816714 0.067985395197230541 0.0073035319678222558 -0.131153213699779
leaf_weight=81.565572373277973 237.97906552674249 39.600815918529406 50.296897983178496 220.27177660504822 1622.3474806440936 62.658679642481729
leaf_count=720 18515 541 345 25618 207819 623
internal_value=0.000585611 -0.0448284 0.00450332 0.0377808 -0.0003366 -0.0822796
internal_weight=2314.72 183.825 2130.9 270.569 1860.33 144.224
internal_count=254181 1884 252297 25963 226334 1343
is_linear=0
shrinkage=0.12


Tree=88
num_leaves=8
num_cat=0
split_feature=90 33 0 41 2 5 28
split_gain=23.4239 49.3138 53.1994 24.075 23.5572 22.3413 3.36392
threshold=0.0020142857683822517 0.20432233810424807 75.803001403808608 0.10394232347607614 451.14500427246099 3.191850066184998 16.904777526855472
decision_type=2 2 2 2 2 2 2
left_child=3 6 -3 5 -5 -1 -2
right_child=1 2 -4 4 -6 -7 -8
leaf_value=0.036423438608014336 0.0012884633331121519 0.0077363503457017462 -0.071208353273754577 -0.003493307798952554 -0.16508031417499966 -0.011153977908176951 -0.12480833885150229
leaf_weight=570.9359725084505 3.2134189568459979 654.9489515532041 151.31979762035189 647.65773624190479 13.257876044139264 189.23029890804901 58.644781115101068
leaf_count=91415 39 75838 12802 59453 80 8788 5766
internal_value=0.000528638 -0.0150019 -0.00707992 0.0100161 -0.00673472 0.0245799 -0.118258
internal_weight=2289.21 868.127 806.269 1421.08 660.916 760.166 61.8582
internal_count=254181 94445 88640 159736 59533 100203 5805
is_linear=0
shrinkage=0.12


Tree=89
num_leaves=8
num_cat=0
split_feature=23 84 27 28 88 16 16
split_gain=24.1648 43.5026 23.3516 21.8318 43.8723 22.2255 8.251
threshold=0.28695000708103185 1.0000000180025095e-35 1.0000000180025095e-35 111.46908187866212 0.33602499961853033 1.0640814900398257 1.5254150032997134
decision_type=2 2 2 2 2 2 2
left_child=1 2 -1 5 -5 -2 -3
right_child=3 6 -4 4 -6 -7 -8
leaf_value=-0.038526567738626907 -0.037778455531127741 0.0050776059102039207 -0.14047559485365982 -0.10642710367196669 0.048442059245852952 0.011567816328859526 0.10587737092701303
leaf_weight=168.6439978829294 141.99868185288506 18.995480985147879 40.032891025708523 68.405478153930744 42.834412998752668 1766.4110126679734 30.420628337247763
leaf_count=1404 1300 322 652 5735 4322 239961 485
internal_value=0.000465464 -0.0341102 -0.0580846 0.00488393 -0.0467927 0.00789612 0.0671301
internal_weight=2277.74 258.093 208.677 2019.65 111.24 1908.41 49.4161
internal_count=254181 2863 2056 251318 10057 241261 807
is_linear=0
shrinkage=0.12


Tree=90
num_leaves=8
num_cat=0
split_feature=19 41 88 44 28 28 24
split_gain=24.3981 23.9191 30.1106 21.9356 20.3701 18.7504 9.5469
threshold=0.27864582836627966 0.34579014778137213 1.0000000180025095e-35 0.80303388833999645 11.372304916381838 111.46908187866212 1.5954986810684206
decision_type=2 2 2 2 2 2 2
left_child=1 4 -3 5 -1 -2 -5
right_child=3 2 -4 6 -6 -7 -8
leaf_value=0.11130372460117903 -0.0067307927043654342 0.013191985934875817 -0.14218126089621821 -0.26654975243702561 0.011824116810121046 -0.069770646209465867 -0.086670244872108254
leaf_weight=30.355946195864817 814.70588865304308 39.967826114007039 32.619874743570108 5.6352735534310368 1257.8916382464522 74.124399874883238 17.268290886451723
leaf_count=3841 82066 3191 3188 53 152972 5757 2660
internal_value=0.000214496 0.0103918 -0.0566305 -0.0149759 0.0141682 -0.011988 -0.130928
internal_weight=2272.57 1360.84 72.5877 911.734 1288.25 888.83 22.9036
internal_count=253728 163192 6379 90536 156813 87823 2713
is_linear=0
shrinkage=0.12


Tree=91
num_leaves=8
num_cat=0
split_feature=44 70 19 54 29 83 22
split_gain=20.8763 21.1475 20.2186 26.7847 23.5088 18.8524 10.3477
threshold=0.52546632289886486 7.5000000000000009 0.12812499701976779 0.055805556476116187 4.3908841609954843 0.37500000000000006 2.238399982452393
decision_type=2 2 2 2 2 2 2
left_child=2 5 3 -1 -4 -2 -3
right_child=1 6 4 -5 -6 -7 -8
leaf_value=0.16500676651062857 -0.052173885763687256 -0.045784869993920702 -0.023407879915758104 -0.018659548985420025 0.007107478383577513 -0.20836609206961657 0.12469466082713727
leaf_weight=24.971587125066435 31.086724862805568 10.523317334620517 462.77765984203143 21.090517067670589 1695.3845099894388 17.332057100138627 9.9979890512477123
leaf_count=1473 1160 2886 26622 2601 213206 484 5296
internal_value=0.000209296 -0.0648163 0.00224306 0.0809112 0.000564028 -0.108085 0.0372728
internal_weight=2273.16 68.9401 2204.22 46.0621 2158.16 48.4188 20.5213
internal_count=253728 9826 243902 4074 239828 1644 8182
is_linear=0
shrinkage=0.12


Tree=92
num_leaves=7
num_cat=0
split_feature=16 13 0 85 59 63
split_gain=19.8416 17.9181 19.9871 15.8811 3.43027 2.9895
threshold=0.76515501737594616 0.2902000099420548 54.100000381469734 0.62500000000000011 0.24054614454507831 5.2112860679626474
decision_type=2 2 2 2 2 2
left_child=4 3 -3 -2 -1 -6
right_child=1 2 -4 -5 5 -7
leaf_value=-0.021390156466366553 -0.12726788688190419 0.013650081343437908 -0.010106118777551652 0.0015675662984512867 -0.09788257682838189 -0.04370056809555501
leaf_weight=27.854509310855065 28.543190874552238 1279.8939239861502 847.79894444358069 26.633049486204982 31.30094679875765 27.588802196085453
leaf_count=333 399 181953 69977 420 337 309
internal_value=0.000196748 0.00243341 0.0041842 -0.0650802 -0.0560876 -0.0724993
internal_weight=2269.61 2182.87 2127.69 55.1762 86.7443 58.8897
internal_count=253728 252749 251930 819 979 646
is_linear=0
shrinkage=0.12


Tree=93
num_leaves=8
num_cat=0
split_feature=76 90 0 41 11 81 29
split_gain=19.6137 21.7161 62.7669 22.4452 15.255 11.3365 7.05419
threshold=0.9820503592491151 0.0020142857683822517 75.803001403808608 0.20185274630784991 1.5000000000000002 1.0000000180025095e-35 5.2616722583770761
decision_type=2 2 2 2 2 2 2
left_child=1 3 -3 -1 5 -2 -6
right_child=4 2 -4 -5 6 -7 -8
leaf_value=0.015201848389309824 0.12803098776858782 -0.0023058472398139007 -0.090605038107296434 -0.02327658470934554 -0.13739895498908991 -0.0034608620309829973 0.022153860542847733
leaf_weight=1091.0232709432748 38.956212787161348 691.56904788542306 139.27127025832306 272.90299272653647 6.1141437764745232 12.461799066280944 11.486936161294578
leaf_count=132538 1338 80540 12865 24826 143 377 1101
internal_value=0.00016736 -0.00181341 -0.0171072 0.00750284 0.0631547 0.0961623 -0.0332705
internal_weight=2263.79 2194.77 830.84 1363.93 69.0191 51.418 17.6011
internal_count=253728 250769 93405 157364 2959 1715 1244
is_linear=0
shrinkage=0.12


Tree=94
num_leaves=8
num_cat=0
split_feature=0 0 84 81 29 77 0
split_gain=21.1037 66.2871 159.854 59.2599 19.2257 24.3669 8.86571
threshold=85.573101043701186 77.537551879882827 1.0000000180025095e-35 1.0000000180025095e-35 6.1685874462127694 1.0000000180025095e-35 99.50315093994142
decision_type=2 2 2 2 2 2 2
left_child=1 3 -3 -1 5 -2 -6
right_child=4 2 -4 -5 6 -7 -8
leaf_value=0.010470157225181043 -0.057106879188526832 -0.13799089236351261 0.13358893756064413 -0.058297658798464651 0.10649656145203887 0.10069475164497109 0.040213449303746873
leaf_weight=1697.455666396374 49.192540328134783 133.01226931663405 40.778001646744087 201.91261057087104 49.562471900659148 19.747459964826703 70.239493903151015
leaf_count=203934 1699 2903 1182 17091 14800 1581 10538
internal_value=0.000166516 -0.00333086 -0.0742676 0.00315978 0.038582 -0.0119055 0.067635
internal_weight=2261.9 2073.16 173.79 1899.37 188.742 68.94 119.802
internal_count=253728 225110 4085 221025 28618 3280 25338
is_linear=0
shrinkage=0.12


Tree=95
num_leaves=5
num_cat=0
split_feature=41 90 88 22
split_gain=26.2881 21.024 49.7614 29.6448
threshold=0.92205202579498302 0.0048571429215371617 1.0000000180025095e-35 0.24310000240802768
decision_type=2 2 2 2
left_child=1 3 -3 -1
right_child=-2 2 -4 -5
leaf_value=-0.048183266305855704 -0.3387051403769239 -0.0083572695091011038 -0.12791994992894254 0.013445191497278134
leaf_weight=123.20372546584986 3.3245773466769597 810.14611398731358 53.432034442317672 1281.2024890342291
leaf_count=1840 436 89653 4722 157645
internal_value=-0.00151544 -0.00102116 -0.015755 0.00803874
internal_weight=2271.31 2267.98 863.578 1404.41
internal_count=254296 253860 94375 159485
is_linear=0
shrinkage=0.12


Tree=96
num_leaves=8
num_cat=0
split_feature=41 77 22 85 19 13 59
split_gain=20.2963 26.1715 19.0912 23.0789 22.8394 12.1636 6.18484
threshold=0.6449771821498872 1.0000000180025095e-35 1.4692833423614504 0.37500000000000006 0.35312499105930334 2.6130999326705937 1.0000000180025095e-35
decision_type=2 2 2 2 2 2 2
left_child=2 6 4 -4 -1 -3 -2
right_child=1 5 3 -5 -6 -7 -8
leaf_value=-0.0077605569895137158 -0.083596739795207389 -0.45368592976996508 0.023476179170504787 -0.0063353533067684945 -0.068903468438934468 -0.13161750741366104 0.14052634468800743
leaf_weight=649.74976113278535 4.0392029072972928 3.8586498328950256 692.56264929604367 812.82643507048488 101.75096810807008 3.0025851326063275 3.1602543492335826
leaf_count=37774 295 85 94853 116066 4141 639 443
internal_value=-0.00131381 -0.145041 -0.000418378 0.00737961 -0.0160391 -0.312744 0.0147837
internal_weight=2270.95 14.0607 2256.89 1505.39 751.501 6.86123 7.19946
internal_count=254296 1462 252834 210919 41915 724 738
is_linear=0
shrinkage=0.12


Tree=97
num_leaves=7
num_cat=0
split_feature=1 28 50 29 43 19
split_gain=19.587 18.1805 20.1665 19.5678 11.617 11.716
threshold=21.230599403381351 11.372304916381838 0.025114137679338459 4.3908841609954843 -0.43245904147624964 0.30885416269302374
decision_type=2 2 2 2 2 2
left_child=1 2 -1 -3 -2 -6
right_child=4 3 -4 -5 5 -7
leaf_value=0.32038786229223076 -0.14205748843376437 -0.021267899785612152 0.051456821727831718 0.0069821706582283895 -0.018244691415831064 -0.1167711350352981
leaf_weight=4.861674858620975 14.590662573318694 451.99345121340593 23.062378957954934 1613.2886055839481 142.40313079931366 19.795428578130668
leaf_count=84 274 26307 3739 218200 5093 599
internal_value=-0.00113952 0.00209996 0.0982787 0.000799554 -0.0394953 -0.0302693
internal_weight=2270 2093.21 27.9241 2065.28 176.789 162.199
internal_count=254296 248330 3823 244507 5966 5692
is_linear=0
shrinkage=0.12


Tree=98
num_leaves=8
num_cat=0
split_feature=88 29 2 88 19 0 23
split_gain=19.0662 39.6399 40.9667 29.9233 19.3172 15.3446 5.10362
threshold=1.2326714396476748 -8.2393379211425763 135.8850021362305 1.0453857183456423 0.2963541597127915 13.029899597167971 5.5581541061401376
decision_type=2 2 2 2 2 2 2
left_child=1 3 -3 -1 6 -6 -2
right_child=4 2 -4 -5 5 -7 -8
leaf_value=-0.1215504251002275 0.063364992360492922 0.085455057379330568 -0.0032065067120964582 0.0070165113520380589 -0.091989076803396699 0.048723773600782554 0.13365421323218446
leaf_weight=69.557024279565667 56.209404449356953 78.041417229280341 1954.6064161709219 41.694538198411465 21.014491645386443 23.796858643414453 20.228452102528536
leaf_count=7578 2172 2059 236190 2048 453 1307 2489
internal_value=-0.00100164 -0.00361983 0.000197563 -0.0733665 0.0452926 -0.0172642 0.0819663
internal_weight=2265.15 2143.9 2032.65 111.252 121.249 44.8114 76.4379
internal_count=254296 247875 238249 9626 6421 1760 4661
is_linear=0
shrinkage=0.12


Tree=99
num_leaves=7
num_cat=0
split_feature=24 13 57 85 82 19
split_gain=17.2331 17.6992 18.9615 14.0669 6.12584 3.67297
threshold=0.52394732832908641 0.2902000099420548 1.5140625238418581 0.62500000000000011 1.0000000180025095e-35 0.26171875000000006
decision_type=2 2 2 2 2 2
left_child=4 3 -3 -2 5 -1
right_child=1 2 -4 -5 -6 -7
leaf_value=-0.03850773329370643 -0.12862998943879625 -0.0070786965927049127 0.015841822710438731 -0.0030000147693140878 -0.0027594903552267749 -0.096383598844688056
leaf_weight=27.357576757611241 26.731327300702105 1188.591814648491 923.60736413639097 24.687303149257787 25.802523273974657 37.344298121184693
leaf_count=331 378 135976 116489 395 236 491
internal_value=-0.000895527 0.00125042 0.00294382 -0.0683121 -0.052197 -0.0719122
internal_weight=2254.12 2163.62 2112.2 51.4186 90.5044 64.7019
internal_count=254296 253238 252465 773 1058 822
is_linear=0
shrinkage=0.12


Tree=100
num_leaves=7
num_cat=0
split_feature=2 37 6 28 55 13
split_gain=22.1605 21.5039 20.3985 49.1464 24.4456 3.3255
threshold=451.14500427246099 1.0000000180025095e-35 3.7390500307083134 75.764141082763686 0.036689264699816711 9.7444500923156756
decision_type=2 2 2 2 2 2
left_child=2 5 3 -1 -4 -2
right_child=1 -3 4 -5 -6 -7
leaf_value=0.065486981818693987 0.050674449005562429 -0.13998450535456772 0.029179237515866169 -0.021920879012882626 -0.0086427411000774418 -0.14642537221002119
leaf_weight=216.81936867363402 14.179646042233797 30.444731854833663 293.8758866724238 161.72142916041776 1513.0198085901793 1.3500332802068431
leaf_count=84074 2463 183 23395 33148 109791 1258
internal_value=0.00108061 -0.0813697 0.00281509 0.0281443 -0.00249132 0.0335401
internal_weight=2231.41 45.9744 2185.44 378.541 1806.9 15.5297
internal_count=254312 3904 250408 117222 133186 3721
is_linear=0
shrinkage=0.12


Tree=101
num_leaves=7
num_cat=0
split_feature=3 3 14 28 37 22
split_gain=16.7477 19.3254 66.0335 39.1341 15.9105 2.48632
threshold=0.9022900164127351 0.52812001109123241 0.74485000967979442 99.686962127685561 1.0000000180025095e-35 3.9482250213623051
decision_type=2 2 2 2 2 2
left_child=1 3 -3 -1 5 -2
right_child=4 2 -4 -5 -6 -7
leaf_value=0.00051794789690875565 0.10577205937969306 0.001400935371367013 0.090033038457871167 -0.066526042867514831 -0.11892697840492501 -0.00072273192769832528
leaf_weight=1191.77253816952 4.4357891763793296 705.28704238409409 146.12258783497964 140.11054546687228 31.461885867640376 10.949805890908463
leaf_count=106813 1181 21718 113228 8649 183 2540
internal_value=0.000968459 0.00249174 0.0166124 -0.0065349 -0.0700229 0.0299806
internal_weight=2230.14 2183.29 851.41 1331.88 46.8475 15.3856
internal_count=254312 250408 134946 115462 3904 3721
is_linear=0
shrinkage=0.12


Tree=102
num_leaves=8
num_cat=0
split_feature=82 13 29 88 19 34 61
split_gain=16.7069 30.8277 23.4225 47.3317 18.8832 18.8235 4.89932
threshold=1.0000000180025095e-35 0.2902000099420548 12.283400535583498 0.79190000891685497 0.29270832240581518 0.2598749995231629 0.37395833432674414
decision_type=2 2 2 2 2 2 2
left_child=1 6 3 -2 -3 -4 -1
right_child=2 4 5 -5 -6 -7 -8
leaf_value=-0.057114498189812873 -0.044507030205489892 0.0066936169013663976 -0.12403127101958208 0.12922505373160068 -0.019914053039605892 0.084260258266795368 -0.14109161440165027
leaf_weight=17.307805309377727 97.142398415977368 1415.5938115056633 6.6508265130687496 29.420718068489805 527.09394078048354 103.0699830459198 23.706748408316344
leaf_count=300 3693 158462 1082 3001 47345 39976 453
internal_value=0.000893556 -0.00269924 0.0310566 -0.00412147 -0.00052563 0.0716345 -0.105654
internal_weight=2219.99 1983.7 236.284 126.563 1942.69 109.721 41.0146
internal_count=254312 206560 47752 6694 205807 41058 753
is_linear=0
shrinkage=0.12


Tree=103
num_leaves=8
num_cat=0
split_feature=55 81 8 33 0 15 19
split_gain=14.7137 27.5567 65.8761 27.8811 24.9846 46.5552 18.6158
threshold=0.036689264699816711 1.0000000180025095e-35 12.766571998596193 0.2097679600119591 56.381500244140632 2.028337955474854 0.29270832240581518
decision_type=2 2 2 2 2 2 2
left_child=1 3 -3 -1 6 -6 -2
right_child=4 2 -4 -5 5 -7 -8
leaf_value=-0.032861992043572055 0.016131001162230783 0.044014335628430032 -0.21448748116090258 0.061585532158985892 -0.043685537265156206 0.025697645943384466 -0.01663647423267111
leaf_weight=57.451888343086466 877.85851939985878 39.999239042052068 22.005877697956748 207.80091452450142 450.83300253824564 201.50060278529418 348.89037144079339
leaf_count=3102 131361 4290 147 24976 6592 44777 39067
internal_value=0.000811181 0.0242931 -0.0477291 0.0411289 -0.00327839 -0.0222536 0.00681185
internal_weight=2206.34 327.258 62.0051 265.253 1879.08 652.334 1226.75
internal_count=254312 32515 4437 28078 221797 51369 170428
is_linear=0
shrinkage=0.12


Tree=104
num_leaves=8
num_cat=0
split_feature=90 29 14 41 5 2 28
split_gain=16.3188 40.6535 37.0438 14.9974 19.7214 11.7398 0.0478821
threshold=0.0020142857683822517 0.88543996214866649 -2.2591000795364375 0.10394232347607614 4.170300006866456 451.14500427246099 16.904777526855472
decision_type=2 2 2 2 2 2 2
left_child=3 6 -3 4 -1 -5 -2
right_child=1 2 -4 5 -6 -7 -8
leaf_value=0.025225139634958142 -0.13743495580220694 -0.072671045956078928 0.0039827135529111142 -0.001788459778265149 -0.072595599123192023 -0.10726258798593305 -0.12154552702892135
leaf_weight=677.64775833975 2.9175831750035277 104.50089703995036 691.65669405733934 631.63898152530601 31.037586770275084 15.570710521191357 42.699848725373158
leaf_count=99513 33 1074 88211 59546 409 84 5442
internal_value=0.000732721 -0.012391 -0.00607859 0.0088803 0.020941 -0.00432598 -0.122562
internal_weight=2197.67 841.775 796.158 1355.9 708.685 647.21 45.6174
internal_count=254312 94760 89285 159552 99922 59630 5475
is_linear=0
shrinkage=0.12


Tree=105
num_leaves=8
num_cat=0
split_feature=88 33 2 24 22 0 77
split_gain=17.232 99.1845 71.7176 42.2066 37.5097 33.79 14.8915
threshold=1.0486999750137331 0.20432233810424807 156.97000122070315 3.2165942192077641 0.24310000240802768 36.731851577758796 1.0000000180025095e-35
decision_type=2 2 2 2 2 2 2
left_child=1 6 -3 5 -5 -2 -1
right_child=3 2 -4 4 -6 -7 -8
leaf_value=-0.11908185582356395 0.033260909861620939 0.08404516390971746 -0.0045973503957234584 -0.010295404530600153 0.10901721383744967 -0.088811000554890177 0.060313047914748966
leaf_weight=116.14000739515177 69.024348024046049 142.97765327582601 1627.7461693336518 58.827919500239659 106.87800292405882 61.966732311644591 7.0687152761965981
leaf_count=12356 1223 6149 215025 750 17699 675 477
internal_value=-0.000471189 -0.00468368 0.00256012 0.0264188 0.0666596 -0.0244865 -0.10879
internal_weight=2190.63 1893.93 1770.72 296.697 165.706 130.991 123.209
internal_count=254354 234007 221174 20347 18449 1898 12833
is_linear=0
shrinkage=0.12


Tree=106
num_leaves=8
num_cat=0
split_feature=19 88 33 8 59 9 29
split_gain=17.1273 18.4549 85.1741 32.305 15.1824 11.9893 5.5227
threshold=0.46562500298023229 1.0486999750137331 0.20432233810424807 11.542980670928957 3.8139152526855473 1.0000000180025095e-35 4.3908841609954843
decision_type=2 2 2 2 2 2 2
left_child=1 2 -1 -3 6 -6 -2
right_child=4 3 -4 -5 5 -7 -8
leaf_value=-0.10676273906034292 -0.085714730702390232 0.068408668956196836 0.0037610241244517614 -0.014811585536418915 -0.093721364796958986 -0.3101174306800315 0.0047730607393529469
leaf_weight=106.65870917291613 13.026996265019987 148.77273085257912 1712.6465818261495 122.45944242272526 21.243482627498455 4.4610988627537145 38.174260304309428
leaf_count=12460 532 17796 217357 1767 1567 263 2612
internal_value=-0.000411164 0.00163482 -0.00271855 0.0308353 -0.0560273 -0.131277 -0.0182495
internal_weight=2167.44 2090.54 1819.31 271.232 76.9058 25.7046 51.2013
internal_count=254354 249380 229817 19563 4974 1830 3144
is_linear=0
shrinkage=0.12


Tree=107
num_leaves=8
num_cat=0
split_feature=1 19 0 63 83 14 77
split_gain=14.9084 14.6319 16.587 14.4143 12.2442 13.3685 9.20853
threshold=21.230599403381351 0.47187499701976782 54.100000381469734 19999935.000000004 1.0000000180025095e-35 -2.2591000795364375 1.0000000180025095e-35
decision_type=2 2 2 2 2 2 2
left_child=1 2 -1 -3 6 -6 -2
right_child=4 3 -4 -5 5 -7 -8
leaf_value=0.014304174347745831 0.025873700274650437 -0.029310335926342829 -0.0083007036861071082 -0.18636213465759818 -0.10724686549313553 -0.013933144954997275 -0.059649726513736227
leaf_weight=1086.8202779443964 57.264515909540933 61.779886396674556 820.21686570752354 9.7423295982589462 48.917448579333723 40.339608331341879 26.527814436005428
leaf_count=177463 2224 4082 66314 512 509 2428 822
internal_value=-0.000370761 0.00258334 0.00458181 -0.050703 -0.0341465 -0.0650739 -0.00120216
internal_weight=2151.61 1978.56 1907.04 71.5222 173.049 89.2571 83.7923
internal_count=254354 248371 243777 4594 5983 2937 3046
is_linear=0
shrinkage=0.12


Tree=108
num_leaves=8
num_cat=0
split_feature=82 27 31 88 1 36 0
split_gain=14.6994 24.0119 23.2626 25.8293 16.1878 10.272 3.19345
threshold=1.0000000180025095e-35 1.0000000180025095e-35 0.51770833134651195 0.90351429581642162 21.230599403381351 0.88543996214866649 34.734849929809577
decision_type=2 2 2 2 2 2 2
left_child=1 4 5 -4 -1 -2 -3
right_child=2 6 3 -5 -6 -7 -8
leaf_value=0.0013245365730341272 -0.038966790817122059 -0.13834262991338556 -0.020177437777694117 0.10107780895126602 -0.040096072751972495 0.1098834316837357 -0.063124284608742476
leaf_weight=1750.8460342032195 7.6141522178659207 18.435327046863677 124.09872456002631 31.774517761165043 147.29886896348034 54.184341328291339 14.536962286249034
leaf_count=200805 478 349 22759 4685 5173 19755 350
internal_value=-0.000321161 -0.00365336 0.0292411 0.00454026 -0.00188976 0.0915437 -0.10518
internal_weight=2148.79 1931.12 217.672 155.873 1898.14 61.7985 32.9723
internal_count=254354 206677 47677 27444 205978 20233 699
is_linear=0
shrinkage=0.12


Tree=109
num_leaves=8
num_cat=0
split_feature=2 77 2 33 45 77 23
split_gain=12.5958 49.9644 73.6002 57.9221 30.1793 105.854 29.3294
threshold=240.51499938964847 1.0000000180025095e-35 451.14500427246099 0.22382500022649768 0.86354166269302379 1.0000000180025095e-35 6.0489876270294198
decision_type=2 2 2 2 2 2 2
left_child=4 3 -3 -2 6 -6 -1
right_child=1 2 -4 -5 5 -7 -8
leaf_value=-0.010518025762706473 -0.26416444358387653 -0.015602253527007105 -0.25230761461300338 0.030367729502206547 -0.12543802364609424 0.039773454910011684 0.043388295868324565
leaf_weight=689.64334013361804 9.7452280751895142 293.46829701098613 20.219066527439281 718.48335010846495 119.90350551837037 104.53234519541729 184.1497081998823
leaf_count=45072 195 37936 94 124746 7592 6928 31791
internal_value=-0.000272139 0.00917941 -0.0308594 0.0264263 -0.00923905 -0.0484898 0.000842597
internal_weight=2140.14 1041.92 313.687 728.229 1098.23 224.436 873.793
internal_count=254354 162971 38030 124941 91383 14520 76863
is_linear=0
shrinkage=0.12


Tree=110
num_leaves=8
num_cat=0
split_feature=76 12 28 15 11 10 24
split_gain=15.7248 18.5603 20.8249 20.2297 12.5186 10.8087 3.95955
threshold=0.9820503592491151 2.3271499872207646 11.372304916381838 0.65792000293731701 1.5000000000000002 2.5000000000000004 5.7645645141601571
decision_type=2 2 2 2 2 2 2
left_child=1 2 -1 -3 5 -2 -6
right_child=4 3 -4 -5 6 -7 -8
leaf_value=0.12869583228310447 0.015235975732074355 -0.005074717647492585 -0.013456138200402689 0.028911211072079442 0.012311670237759861 0.13525413783097126 -0.11767016449581244
leaf_weight=15.058185019937808 16.950386302880361 518.96851565448742 1025.1513271549084 490.64670263618609 9.0655439109832496 29.805769629834685 5.3760784581390899
leaf_count=1565 669 7131 77206 165167 699 1051 536
internal_value=0.00164069 -0.000148833 -0.0113983 0.0114416 0.0615809 0.0917443 -0.0360757
internal_weight=2111.02 2049.82 1040.21 1009.62 61.1978 46.7562 14.4416
internal_count=254024 251069 78771 172298 2955 1720 1235
is_linear=0
shrinkage=0.12


Tree=111
num_leaves=8
num_cat=0
split_feature=76 10 81 81 33 1 12
split_gain=13.2547 21.6793 74.1748 40.5051 17.842 11.8735 2.53815
threshold=0.9717826545238496 2.5000000000000004 1.0000000180025095e-35 1.0000000180025095e-35 0.20620220154523852 14.866549968719484 1.6344500184059145
decision_type=2 2 2 2 2 2 2
left_child=1 3 -3 -1 6 -6 -2
right_child=4 2 -4 -5 5 -7 -8
leaf_value=0.011459260937292656 -0.04503041145736348 -0.055242736653313897 0.077988258417292844 -0.051414170793772279 0.090514632975794762 0.00067483763300556915 -0.16114697176854806
leaf_weight=1473.4321651502178 5.4540900116553512 286.52088342433126 76.171078241284704 163.96946280989505 61.978572873718804 32.184193159628194 5.389341966540087
leaf_count=189036 326 35052 11801 12183 4488 863 275
internal_value=0.00146499 -0.000716796 -0.0272621 0.00516311 0.0430223 0.059808 -0.102742
internal_weight=2105.1 2000.09 362.692 1637.4 105.006 94.1628 10.8434
internal_count=254024 248072 46853 201219 5952 5351 601
is_linear=0
shrinkage=0.12


Tree=112
num_leaves=8
num_cat=0
split_feature=8 78 8 89 29 8 58
split_gain=14.0096 110.327 29.3034 20.6445 31.129 28.8119 2.24755
threshold=13.486831188201906 1.0000000180025095e-35 13.940063476562502 1.0000000180025095e-35 14.531637191772463 10.800346851348879 -1.8840839862823484
decision_type=2 2 2 2 2 2 2
left_child=3 2 -2 4 -1 -5 -3
right_child=1 6 -4 5 -6 -7 -8
leaf_value=-0.019807400383104745 0.050621646020347293 -0.12406985758004117 -0.02196622171775673 0.092606678143504345 0.015636613689004764 0.0055987851858413642 -0.16372216296899475
leaf_weight=612.0643938611538 156.22494036942953 48.936530972907349 164.31992507803079 89.767564155401487 855.60257944811747 140.7114160345518 35.528775810729712
leaf_count=29836 1496 564 1512 22721 194428 3119 348
internal_value=0.00131549 -0.0187391 0.0134112 0.00609854 0.000855318 0.0394868 -0.140749
internal_weight=2103.16 405.01 320.545 1698.15 1467.67 230.479 84.4653
internal_count=254024 3920 3008 250104 224264 25840 912
is_linear=0
shrinkage=0.12


Tree=113
num_leaves=7
num_cat=0
split_feature=23 84 7 41 77 89
split_gain=14.7028 41.7706 17.3898 14.4325 52.1932 21.4221
threshold=0.14616250246763232 1.0000000180025095e-35 10.495749950408937 0.23725360631942752 1.0000000180025095e-35 1.0000000180025095e-35
decision_type=2 2 2 2 2 2
left_child=1 2 -1 5 -5 -2
right_child=3 -3 -4 4 -6 -7
leaf_value=-0.11949218834583838 0.0032863933737773882 0.090007624302323466 -0.028644348111741325 0.025741387235957664 -0.081899509869351586 0.045968061991610798
leaf_weight=50.270183154687402 1470.3794596729858 31.362873403879348 76.532973624685837 146.05536004324676 116.69263125950965 191.37218356774247
leaf_count=374 205406 528 952 12918 12841 21005
internal_value=0.00117907 -0.0339911 -0.0646603 0.00406955 -0.0220645 0.00820174
internal_weight=2082.67 158.166 126.803 1924.5 262.748 1661.75
internal_count=254024 1854 1326 252170 25759 226411
is_linear=0
shrinkage=0.12


Tree=114
num_leaves=6
num_cat=0
split_feature=6 29 77 77 86
split_gain=13.5915 13.7632 71.2995 45.3699 6.23145
threshold=9.6870999336242694 6.1685874462127694 1.0000000180025095e-35 1.0000000180025095e-35 1.0000000180025095e-35
decision_type=2 2 2 2 2
left_child=1 2 -1 -3 -2
right_child=4 3 -4 -5 -6
leaf_value=-0.046383629957594638 -0.10816748318294876 0.021929058525763951 0.041007590204305056 -0.025276298266336976 -0.022043114782998963
leaf_weight=354.35984664945136 22.363271805370459 1050.2241514421767 216.61288756915019 406.73654487991735 26.354056594966096
leaf_count=14821 390 173213 14065 51004 531
internal_value=0.00105747 0.00256217 -0.0132296 0.00875084 -0.0615778
internal_weight=2076.65 2027.93 570.973 1456.96 48.7173
internal_count=254024 253103 28886 224217 921
is_linear=0
shrinkage=0.12


Tree=115
num_leaves=8
num_cat=0
split_feature=82 8 86 88 29 12 46
split_gain=17.1099 21.3474 87.4163 15.9975 27.7474 15.1886 0.497627
threshold=1.0000000180025095e-35 13.486831188201906 1.0000000180025095e-35 1.0381571650505068 8.5199913978576678 0.33209998905658727 0.2326241806149483
decision_type=2 2 2 2 2 2 2
left_child=1 5 -3 4 -2 -1 -5
right_child=3 2 -4 6 -6 -7 -8
leaf_value=-0.06071102579435711 -0.026977996841225257 0.015573234228840599 -0.10927431512502173 0.13329389551489909 0.067031350975220075 0.0055995181371358673 0.069221199369498651
leaf_weight=51.47303819181252 87.053121604491025 223.8044986288005 126.35476976428981 21.139384325077121 94.061154967101174 1478.1300891357751 1.9026032379260858
leaf_count=754 3316 1525 1481 3034 40684 202893 886
internal_value=0.000832971 -0.00275042 -0.0294779 0.0338269 0.0218455 0.00336809 0.128003
internal_weight=2083.92 1879.76 350.159 204.156 181.114 1529.6 23.042
internal_count=254573 206653 3006 47920 44000 203647 3920
is_linear=0
shrinkage=0.12


Tree=116
num_leaves=7
num_cat=0
split_feature=15 22 85 61 47 85
split_gain=17.4788 16.3822 24.8461 23.6675 5.01344 3.92238
threshold=-1.232878506183624 1.5547833442687991 0.37500000000000006 21.986457824707035 0.10451776161789895 1.0000000180025095e-35
decision_type=2 2 2 2 2 2
left_child=4 3 -3 -2 -1 -6
right_child=1 2 -4 -5 5 -7
leaf_value=-0.097030439804721563 -0.0092215548882724676 0.02977201669320443 -0.0040862627662511626 -0.22748987462994269 0.0011233924523871136 -0.065414135658938111
leaf_weight=26.822935521777254 722.50104080663004 569.32451188567939 690.76999757113663 7.2252776843961319 24.907660493627191 26.154382031003479
leaf_count=351 46045 93102 113710 738 143 484
internal_value=0.000742603 0.00292539 0.0112113 -0.0113827 -0.0550238 -0.0329577
internal_weight=2067.71 1989.82 1260.09 729.726 77.885 51.062
internal_count=254573 253595 206812 46783 978 627
is_linear=0
shrinkage=0.12


Tree=117
num_leaves=8
num_cat=0
split_feature=82 16 85 13 88 33 54
split_gain=15.595 19.645 18.4909 17.1359 14.3134 23.7271 0.544891
threshold=1.0000000180025095e-35 1.0640814900398257 1.0000000180025095e-35 0.2902000099420548 1.0381571650505068 0.21792351454496386 -0.036313733085989945
decision_type=2 2 2 2 2 2 2
left_child=1 2 -1 -3 5 -2 -6
right_child=4 3 -4 -5 6 -7 -8
leaf_value=-0.0066927397908294909 -0.022824859067741635 -0.083703329966004505 -0.094409695757423889 0.0024640883850026501 0.13248468704740407 0.065055481375577665 0.06074465888713846
leaf_weight=77.273687339795288 87.468273277278058 33.900012781159603 62.674183842125785 1691.7911302063585 19.177020436771276 89.518722348613665 1.6562492678931438
leaf_count=459 3388 543 1070 204581 3270 40612 650
internal_value=0.000661732 -0.00273528 -0.0459759 0.000771389 0.0326989 0.0216244 0.126781
internal_weight=2063.46 1865.64 139.948 1725.69 197.82 176.987 20.8333
internal_count=254573 206653 1529 205124 47920 44000 3920
is_linear=0
shrinkage=0.12


Tree=118
num_leaves=6
num_cat=0
split_feature=8 29 88 2 19
split_gain=13.8709 15.2167 57.0413 29.1682 5.01017
threshold=14.240553855895998 4.3908841609954843 0.84285715222358715 162.08499908447268 0.25807291269302374
decision_type=2 2 2 2 2
left_child=1 2 -1 -3 -2
right_child=4 3 -4 -5 -6
leaf_value=-0.064599215036237681 -0.014460347379998496 0.067434585690341289 0.025686420468437807 0.0033586132223249491 -0.077291810043574716
leaf_weight=196.43862226769488 32.102615587093169 109.99712068753433 206.89732130299672 1462.2434763087003 42.428471166698728
leaf_count=13683 378 8492 13431 218007 582
internal_value=0.000590117 0.00250731 -0.0182858 0.0078415 -0.0502285
internal_weight=2050.11 1975.58 403.336 1572.24 74.5311
internal_count=254573 253613 27114 226499 960
is_linear=0
shrinkage=0.12


Tree=119
num_leaves=8
num_cat=0
split_feature=1 45 7 29 77 77 7
split_gain=15.9466 29.0282 20.8921 16.5244 42.2334 34.0213 11.7976
threshold=6.3546001911163339 0.29192708432674414 7.7101500034332284 6.1685874462127694 1.0000000180025095e-35 1.0000000180025095e-35 0.72615000605583202
decision_type=2 2 2 2 2 2 2
left_child=1 6 -3 4 -2 -5 -1
right_child=3 2 -4 5 -6 -7 -8
leaf_value=-0.050704433069837622 -0.051216467848224409 0.02066778206395057 -0.27621875331689966 0.015790109284329033 0.020624991034326044 -0.025795103661934351 0.17375503567378098
leaf_weight=3.8747251641252687 284.32459227924846 104.79653900100675 3.5281214138958594 1018.4220534964479 201.22942946469993 392.46453069417475 25.986119057153701
leaf_count=1978 12510 29775 413 147801 11837 43190 7069
internal_value=0.000518876 0.0398749 0.0109982 -0.00234883 -0.021443 0.0042224 0.144629
internal_weight=2034.63 138.186 108.325 1896.44 485.554 1410.89 29.8608
internal_count=254573 39235 30188 215338 24347 190991 9047
is_linear=0
shrinkage=0.12


Tree=120
num_leaves=7
num_cat=0
split_feature=38 24 0 19 34 34
split_gain=18.1666 20.9463 18.7767 14.0582 19.5566 15.5757
threshold=1.0000000180025095e-35 1.7376976013183596 56.027050018310554 0.23671875149011615 0.96484285593032848 1.2704142928123476
decision_type=2 2 2 2 2 2
left_child=3 -2 -3 5 -5 -1
right_child=1 2 -4 4 -6 -7
leaf_value=0.014016933645374277 -0.13898237296020929 0.053742926565029485 -0.109919975165676 0.010114606146444924 -0.015941835686180024 0.09150976985366939
leaf_weight=255.8799203335584 28.910077713313513 27.180652348237345 16.058152333993348 829.49261062963342 829.65925580262774 43.733302929358615
leaf_count=37319 313 9805 1592 134495 68610 2156
internal_value=-0.000773031 -0.0599086 -0.00703868 0.00140516 -0.00291492 0.0253282
internal_weight=2030.91 72.1489 43.2388 1958.77 1659.15 299.613
internal_count=254290 11710 11397 242580 203105 39475
is_linear=0
shrinkage=0.12


Tree=121
num_leaves=8
num_cat=0
split_feature=43 2 19 54 22 24 34
split_gain=14.4917 12.2843 14.2226 12.1604 8.33911 12.3393 10.6599
threshold=-4.0290534496307364 451.14500427246099 0.27864582836627966 0.46085695922374731 1.7354624867439272 2.0928055047988896 0.86567145586013805
decision_type=2 2 2 2 2 2 2
left_child=4 2 -2 -3 6 -6 -1
right_child=1 3 -4 -5 5 -7 -8
leaf_value=0.015159879312302596 0.010560898303725613 -0.22256557067978552 -0.010247408768325616 -0.037225683549323083 -0.10671971472081114 0.10309181477139318 -0.22357264833210877
leaf_weight=3.7805553271318812 1151.818921669219 5.8484752729418679 802.60451534200911 39.710653817484854 10.757993984734641 6.4602949587497269 9.365605825565579
leaf_count=292 156734 250 88603 3644 123 3879 765
internal_value=-0.000669327 0.000579855 0.00201575 -0.061018 -0.0829479 -0.0279985 -0.154918
internal_weight=2030.35 1999.98 1954.42 45.5591 30.3645 17.2183 13.1462
internal_count=254290 249231 245337 3894 5059 4002 1057
is_linear=0
shrinkage=0.12


Tree=122
num_leaves=7
num_cat=0
split_feature=5 86 34 29 29 49
split_gain=11.5753 58.2932 13.0341 65.9997 40.7054 1.95048
threshold=4.170300006866456 1.0000000180025095e-35 1.1424142718315127 9.3159432411193865 2.6165128946304326 1.4822916984558108
decision_type=2 2 2 2 2 2
left_child=2 -2 3 -1 -4 -3
right_child=1 5 4 -5 -6 -7
leaf_value=-0.059063940134117796 -0.16362919367012749 0.051602533499484023 -0.021124613863430231 0.0070714356786806716 0.050375561030015274 0.11897943824954572
leaf_weight=263.14655157404195 31.194976505365048 13.471448525786402 206.69137299858266 1246.868773320115 257.49748972056841 11.44193858746439
leaf_count=9628 258 357 18727 209769 15225 326
internal_value=-0.000575235 -0.0543215 0.000952275 -0.00445381 0.0185384 0.0825466
internal_weight=2030.31 56.1084 1974.2 1510.02 464.189 24.9134
internal_count=254290 941 253349 219397 33952 683
is_linear=0
shrinkage=0.12


Tree=123
num_leaves=7
num_cat=0
split_feature=38 24 0 41 77 8
split_gain=12.2127 15.8013 12.9155 12.109 21.6211 11.193
threshold=1.0000000180025095e-35 1.445591986179352 78.983299255371108 0.48856323957443243 1.0000000180025095e-35 14.240553855895998
decision_type=2 2 2 2 2 2
left_child=3 -2 -3 5 -5 -1
right_child=1 2 -4 4 -6 -7
leaf_value=0.0045653288343256221 -0.13408678594331236 0.014389354342340271 -0.14921793825498569 0.025629945896672564 -0.14380516436780588 -0.043327191191357681
leaf_weight=1833.1792259145514 21.860190013656393 42.79372543124191 8.2949579222477023 21.122395034122746 22.289455109290429 73.071848542662337
leaf_count=237707 187 11263 260 1928 2001 944
internal_value=-0.000501357 -0.0487073 -0.0121746 0.00130233 -0.0613651 0.00272948
internal_weight=2022.61 72.9489 51.0887 1949.66 43.4119 1906.25
internal_count=254290 11710 11523 242580 3929 238651
is_linear=0
shrinkage=0.12


Tree=124
num_leaves=8
num_cat=0
split_feature=17 24 83 81 15 33 34
split_gain=11.5327 58.9131 135.605 48.615 214.946 33.1969 10.4682
threshold=1.0000000180025095e-35 3.2956166267395024 1.0000000180025095e-35 1.0000000180025095e-35 0.74325001239776622 0.25854122638702398 0.93852856755256664
decision_type=2 2 2 2 2 2 2
left_child=1 2 -1 5 -5 -2 -3
right_child=3 6 -4 4 -6 -7 -8
leaf_value=0.048453484118294768 -0.010727691956100318 0.064547547059643842 -0.15000256496229089 -0.17815795985091262 0.086701143015212617 0.026606781486314672 0.0075766750432817607
leaf_weight=86.951950975555519 574.26813200989272 67.610271599871339 115.35850872300216 94.926270887430292 82.442976523991092 851.45114676743106 148.35123762440708
leaf_count=816 36436 29758 829 861 11608 154610 19372
internal_value=-0.000431901 -0.0181768 -0.0647072 0.00419804 -0.0550488 0.0115688 0.0254123
internal_weight=2021.36 418.272 202.31 1603.09 177.369 1425.72 215.962
internal_count=254290 50775 1645 203515 12469 191046 49130
is_linear=0
shrinkage=0.12


Tree=125
num_leaves=7
num_cat=0
split_feature=12 85 23 84 10 77
split_gain=14.7648 44.2503 14.292 32.671 15.8504 2.29222
threshold=0.33209998905658727 0.37500000000000006 0.14616250246763232 1.0000000180025095e-35 2.5000000000000004 1.0000000180025095e-35
decision_type=2 2 2 2 2 2
left_child=1 -1 3 -2 -4 -3
right_child=2 5 4 -5 -6 -7
leaf_value=-0.15486053785883788 -0.063495037717025693 0.023805666432328752 0.0091663330365598823 0.081513001214896519 -0.01794641504349068 0.10262845197215831
leaf_weight=31.413818363736937 117.7888121434371 9.4215713121520821 1401.5630026547806 27.620329362747725 398.855328089674 12.181951588296215
leaf_count=255 1286 425 201255 524 50520 282
internal_value=-0.00146519 -0.0639462 0.000237216 -0.0359509 0.00315992 0.0682528
internal_weight=1998.84 53.0173 1945.83 145.409 1800.42 21.6035
internal_count=254547 962 253585 1810 251775 707
is_linear=0
shrinkage=0.12


Tree=126
num_leaves=7
num_cat=0
split_feature=12 85 90 77 8 88
split_gain=11.9817 35.9544 13.5898 25.8851 13.1866 2.70731
threshold=0.33209998905658727 0.37500000000000006 0.0020142857683822517 1.0000000180025095e-35 12.444991111755373 1.063928544521332
decision_type=2 2 2 2 2 2
left_child=1 -1 4 -4 -2 -3
right_child=2 5 3 -5 -6 -7
leaf_value=-0.14247827814281522 0.019136979276956321 0.022013467820174586 -0.006136379322285797 -0.092122114985805956 -0.0066235610453533426 0.10892651665370889
leaf_weight=30.12863443058086 681.27527201454723 10.973652367450997 711.41048424023393 54.260152729868423 493.36570062865212 9.7432601396576484
leaf_count=255 151861 472 89578 4774 7372 235
internal_value=-0.00129781 -0.0588018 0.000209074 -0.0122299 0.00831719 0.0628891
internal_weight=1991.16 50.8455 1940.31 765.671 1174.64 20.7169
internal_count=254547 962 253585 94352 159233 707
is_linear=0
shrinkage=0.12


Tree=127
num_leaves=8
num_cat=0
split_feature=58 61 13 1 76 54 22
split_gain=11.2714 21.6463 28.6655 13.4638 11.4851 26.7002 19.0154
threshold=0.16835638880729678 22.705207824707035 0.57449999451637279 20.707299232482914 0.64840254187583934 -0.081174343824386583 0.24310000240802768
decision_type=2 2 2 2 2 2 2
left_child=4 3 -3 -2 6 -6 -1
right_child=1 2 -4 -5 5 -7 -8
leaf_value=-0.049467492624946173 -0.01685440337612407 -0.95154324456672257 -0.086233646778565376 -0.15791965497594532 0.015742571056724972 -0.027143153735182786 0.014660878748554696
leaf_weight=71.745261946343817 121.55251387972021 0.85019629774615113 1.5680509793746749 10.59189626322768 363.73680384126055 491.57391942083632 925.52908999255669
leaf_count=1531 18170 13 1031 188 32968 64117 136529
internal_value=-0.00113846 -0.0346722 -0.390455 -0.0281613 0.00129727 -0.0089052 0.0100474
internal_weight=1987.15 134.563 2.41825 132.144 1852.59 855.311 997.274
internal_count=254547 19402 1044 18358 235145 97085 138060
is_linear=0
shrinkage=0.12


Tree=128
num_leaves=8
num_cat=0
split_feature=23 84 7 24 76 67 84
split_gain=10.2889 24.5794 18.5623 12.4737 12.3855 37.1512 24.3322
threshold=0.28695000708103185 1.0000000180025095e-35 10.495749950408937 1.8639128208160403 0.67369806766510021 1.5000000000000002 10.000000000000002
decision_type=2 2 2 2 2 2 2
left_child=1 2 -1 -3 6 -6 -2
right_child=4 3 -4 -5 5 -7 -8
leaf_value=-0.09540554965679468 0.016615452142423232 0.0084390273373401731 -0.015280751178589579 0.14859628280088497 0.0040594619986171832 -0.06189230059254916 -0.046459966039550299
leaf_weight=65.066713392847305 926.53151529320894 24.455181143333903 115.61572710686232 14.604360286059089 588.44681161153494 155.49428063528103 97.319498046970693
leaf_count=662 152306 548 1377 282 88355 2962 8055
internal_value=-0.000986011 -0.0254748 -0.044135 0.0608438 0.00205802 -0.0097254 0.01062
internal_weight=1987.53 219.742 180.682 39.0595 1767.79 743.941 1023.85
internal_count=254547 2869 2039 830 251678 91317 160361
is_linear=0
shrinkage=0.12


Tree=129
num_leaves=8
num_cat=0
split_feature=28 46 77 16 85 85 8
split_gain=10.3671 34.3569 75.6562 12.656 140.243 27.3714 6.58195
threshold=111.46908187866212 0.22314354777336123 1.0000000180025095e-35 2.1306384801864628 10.000000000000002 10.000000000000002 12.352274417877199
decision_type=2 2 2 2 2 2 2
left_child=3 2 -2 4 -1 -5 -3
right_child=1 6 -4 5 -6 -7 -8
leaf_value=0.0055232873493490185 -0.23977380221305478 0.077694507110354166 0.052550258383422997 0.00063191050938262317 -0.18838938667792068 0.049978593786242288 -0.0076935868485096259
leaf_weight=573.2835843515204 28.162657588156435 23.51071763492655 23.294149356195703 1056.0401980000461 59.258769829350058 191.16090322796663 29.075698826985899
leaf_count=7126 1559 6787 1537 212700 536 23940 362
internal_value=-0.000857771 -0.0377304 -0.107441 0.00118312 -0.0126431 0.00819537 0.0304823
internal_weight=1983.79 104.043 51.4568 1879.74 632.542 1247.2 52.5864
internal_count=254547 10245 3096 244302 7662 236640 7149
is_linear=0
shrinkage=0.12


Tree=130
num_leaves=8
num_cat=0
split_feature=8 83 77 89 17 45 5
split_gain=11.7146 83.5044 23.477 21.4162 27.2713 18.3342 2.1114
threshold=13.486831188201906 0.62500000000000011 1.0000000180025095e-35 1.0000000180025095e-35 1.0000000180025095e-35 0.83281251788139354 1.2112500071525576
decision_type=2 2 2 2 2 2 2
left_child=3 2 -2 5 -5 -1 -3
right_child=1 6 -4 4 -6 -7 -8
leaf_value=0.0059088571683812005 0.029590175830845944 -0.10337608909020557 -0.045043846804022264 -0.036831448739177083 0.063834713882758534 -0.026130441860436962 -0.14546858354356568
leaf_weight=1036.3539360300856 215.06803861323715 25.746443955868017 84.552582485077437 51.343564765280462 158.02650526530851 342.08952826878158 51.456265126587823
leaf_count=182009 2301 312 713 5557 20291 42753 616
internal_value=-0.00112503 -0.0201461 0.00852854 0.00338909 0.0391485 -0.00204236 -0.131431
internal_weight=1964.64 376.823 299.621 1587.81 209.37 1378.44 77.2027
internal_count=254552 3942 3014 250610 25848 224762 928
is_linear=0
shrinkage=0.12


Tree=131
num_leaves=7
num_cat=0
split_feature=0 0 83 84 47 29
split_gain=11.4912 25.973 92.2577 28.3693 8.35334 8.63474
threshold=85.573101043701186 77.537551879882827 1.0000000180025095e-35 10.000000000000002 0.63965520262718212 6.1685874462127694
decision_type=2 2 2 2 2 2
left_child=1 3 -3 -1 5 -2
right_child=4 2 -4 -5 -6 -7
leaf_value=0.0065577350692864172 -0.0049023250666190002 0.051139799054728555 -0.12588966976722915 -0.043994765001428487 -0.17023411800522686 0.054178786311429201
leaf_weight=1443.9599169080575 54.664289226795518 75.643779991263727 96.431587751809275 179.75445367112115 2.949625765439122 102.25678168746526
leaf_count=204704 3235 2141 1914 17108 393 25057
internal_value=-0.000992218 -0.00373679 -0.0480681 0.000961285 0.0298369 0.0335976
internal_weight=1955.66 1795.79 172.075 1623.71 159.871 156.921
internal_count=254552 225867 4055 221812 28685 28292
is_linear=0
shrinkage=0.12


Tree=132
num_leaves=7
num_cat=0
split_feature=51 13 49 76 41 83
split_gain=10.3754 9.65363 16.7768 10.0827 2.53767 0.741937
threshold=0.8903389871120454 0.57449999451637279 1.3572916984558108 0.96128329634666454 0.16870692372322085 1.0000000180025095e-35
decision_type=2 2 2 2 2 2
left_child=1 2 -1 -3 5 -2
right_child=4 3 -4 -5 -6 -7
leaf_value=-0.058747625402628914 0.017733166661127512 -0.00099036500329675653 0.0072458951232771719 0.033716280759927858 0.21628727637370959 0.12120391562548916
leaf_weight=108.31199701017249 1.7723956036352309 1592.373099105389 113.70436426392916 130.4059580663743 3.4235224675794598 2.2837359426484909
leaf_count=1428 397 241848 1533 8847 127 372
internal_value=-0.00085578 -0.0013983 -0.0249494 0.00163676 0.140206 0.0759906
internal_weight=1952.28 1944.8 222.016 1722.78 7.47965 4.05613
internal_count=254552 253656 2961 250695 896 769
is_linear=0
shrinkage=0.12


Tree=133
num_leaves=8
num_cat=0
split_feature=8 78 3 3 77 34 5
split_gain=9.67846 68.8379 19.1041 15.7199 63.1808 17.3881 2.76027
threshold=13.486831188201906 1.0000000180025095e-35 0.37484999001026159 0.80496999621391307 1.0000000180025095e-35 0.88604286313056957 1.1356499791145327
decision_type=2 2 2 2 2 2 2
left_child=3 2 -2 5 -5 -1 -3
right_child=1 6 -4 4 -6 -7 -8
leaf_value=0.026011903617961411 -0.08327419048902189 -0.087853701698952957 0.017661388909381057 0.036208431997090444 -0.16708695006969432 -0.0022258372556110029 -0.1378371358207085
leaf_weight=450.38618916071573 30.02669777203846 23.248127064784057 268.08517826237949 55.220369377260795 36.607226649561198 1037.1062774233251 50.401697887187765
leaf_count=117002 353 299 2661 15176 3352 115080 629
internal_value=-0.000751135 -0.0181712 0.00749486 0.00334943 -0.0448356 0.00632405 -0.122059
internal_weight=1951.08 371.762 298.112 1579.32 91.8276 1487.49 73.6498
internal_count=254552 3942 3014 250610 18528 232082 928
is_linear=0
shrinkage=0.12


Tree=134
num_leaves=8
num_cat=0
split_feature=19 41 5 85 57 88 88
split_gain=9.98167 14.1824 13.106 22.2519 12.1272 11.7243 7.2886
threshold=0.27864582836627966 0.36529381573200231 2.5773500204086308 0.37500000000000006 21.300000190734867 1.1230713725090029 1.0000000180025095e-35
decision_type=2 2 2 2 2 2 2
left_child=1 5 4 -4 -2 -1 -3
right_child=2 6 3 -5 -6 -7 -8
leaf_value=0.0058262879865841515 0.00012180038994368381 -0.0084354951828305713 -0.066037531609314845 -0.0022104123375548067 0.23588049527476895 0.050711034146937922 -0.092438826879182215
leaf_weight=998.47575851744114 468.130476837483 29.650748919571924 138.32500789751793 182.32829620726261 3.1630844367027739 91.478972467732092 29.843958969679079
leaf_count=150278 70459 2787 7150 12373 593 8144 2768
internal_value=-0.000662921 0.00647922 -0.0110292 -0.0297445 0.00170409 0.00959343 -0.0505736
internal_weight=1941.4 1149.45 791.947 320.653 471.294 1089.95 59.4947
internal_count=254552 163977 90575 19523 71052 158422 5555
is_linear=0
shrinkage=0.12


Tree=135
num_leaves=7
num_cat=0
split_feature=19 88 36 15 13 22
split_gain=11.2744 12.22 62.7562 16.5816 10.4964 15.6399
threshold=0.45937500894069677 1.0486999750137331 0.88543996214866649 1.4757580161094668 0.70794999599456798 0.24310000240802768
decision_type=2 2 2 2 2 2
left_child=1 2 -1 -3 -2 -6
right_child=4 3 -4 -5 5 -7
leaf_value=-0.11154657365316691 -0.14364173520289172 -0.0054089806924669092 0.0037352577406341795 0.060120735703554584 -0.16740278874470696 -0.0042159465586269901
leaf_weight=71.110506013579652 12.439284578911609 106.95307901408523 1553.6208289696478 115.81870518401411 9.6784813592857954 67.021957800257951
leaf_count=11599 136 1727 217153 17475 195 5786
internal_value=0.000292296 0.00230345 -0.00131035 0.0286598 -0.0413908 -0.0248078
internal_weight=1936.64 1847.5 1624.73 222.772 89.1397 76.7004
internal_count=254071 247954 228752 19202 6117 5981
is_linear=0
shrinkage=0.12


Tree=136
num_leaves=8
num_cat=0
split_feature=22 85 19 57 84 15 49
split_gain=10.529 50.0302 26.4012 13.0154 25.8991 24.334 6.04508
threshold=0.24310000240802768 0.37500000000000006 0.29739584028720861 0.52708330750465404 10.000000000000002 1.6865434646606448 1.0489583015441897
decision_type=2 2 2 2 2 2 2
left_child=1 2 -1 5 -5 -2 -3
right_child=3 6 -4 4 -6 -7 -8
leaf_value=-0.027356795874686046 -0.026726998009171977 -0.0324642772740023 -0.1682307566640581 0.017727179654044318 -0.050109611646258684 0.015701606236392936 0.081542261001344832
leaf_weight=40.81843472253604 461.80432081504841 8.0398559251625539 36.098709054187566 912.0945516341344 88.946339795271342 336.47761077779433 40.10933884663973
leaf_count=461 9341 350 318 137553 7671 96942 1435
internal_value=0.000245489 -0.0334221 -0.0934717 0.00258564 0.0116996 -0.00884325 0.0625057
internal_weight=1924.39 125.066 76.9171 1799.32 1001.04 798.282 48.1492
internal_count=254071 2564 779 251507 145224 106283 1785
is_linear=0
shrinkage=0.12


Tree=137
num_leaves=7
num_cat=0
split_feature=27 84 41 77 2 31
split_gain=10.3654 24.6379 10.6201 31.8869 17.0138 0.0313018
threshold=1.0000000180025095e-35 1.0000000180025095e-35 0.20185274630784991 1.0000000180025095e-35 250.77500152587893 0.54479166865348827
decision_type=2 2 2 2 2 2
left_child=2 5 4 -4 -1 -2
right_child=1 -3 3 -5 -6 -7
leaf_value=-0.0052247785412686707 -0.13969880321468764 0.069330733083321661 0.016172438836004825 -0.055434590937043254 0.020371535110598808 -0.13100378122295384
leaf_weight=864.63209848501356 11.217525958407352 13.157435324377728 192.89509886525411 167.14463789543515 658.92891659190354 12.72533093846141
leaf_count=88049 265 259 17510 17437 130164 387
internal_value=0.000228013 -0.0625851 0.00146521 -0.0170704 0.00584544 -0.135078
internal_weight=1920.7 37.1003 1883.6 360.04 1523.56 23.9429
internal_count=254071 911 253160 34947 218213 652
is_linear=0
shrinkage=0.12


Tree=138
num_leaves=8
num_cat=0
split_feature=58 61 49 20 29 8 49
split_gain=8.95197 14.7956 25.7849 11.2543 14.6337 12.5522 8.49249
threshold=0.036048788577318198 22.705207824707035 1.2614583373069765 12.601743698120119 6.1685874462127694 12.655966758728029 1.0882812142372134
decision_type=2 2 2 2 2 2 2
left_child=3 6 -3 5 -5 -1 -2
right_child=1 2 -4 4 -6 -7 -8
leaf_value=0.11287018735137209 -0.076185013649161304 -0.95965292401465585 -0.074101115492987382 -0.017254611651254515 0.0076953868602507719 -0.02812595931916885 -0.0071092152262506982
leaf_weight=26.787637524241291 33.802799310338742 0.66651137958251583 1.6348315780815026 461.1215880943746 1273.1103255406852 13.763940609991549 106.00312164063507
leaf_count=5960 5696 412 628 25926 200676 220 14553
internal_value=0.000202086 -0.0287785 -0.330573 0.00252256 0.00106134 0.0650135 -0.0238106
internal_weight=1916.89 142.107 2.30134 1774.78 1734.23 40.5516 139.806
internal_count=254071 21289 1040 232782 226602 6180 20249
is_linear=0
shrinkage=0.12


Tree=139
num_leaves=7
num_cat=0
split_feature=27 85 88 29 23 28
split_gain=8.86185 21.507 9.36671 61.9636 20.7525 0.0243757
threshold=1.0000000180025095e-35 4.8750000000000009 0.95164284110069286 0.88543996214866649 5.7608332633972177 53.583024978637702
decision_type=2 2 2 2 2 2
left_child=2 5 3 -1 -4 -2
right_child=1 -3 4 -5 -6 -7
leaf_value=-0.11798895097524249 -0.13787961431060036 0.063027298777875662 0.009155663751521095 0.0025509119828370772 0.10721057480699235 -0.12978143850824558
leaf_weight=63.980380235094344 10.107477724461207 12.774423474533249 252.42330944329296 1528.4826116148324 35.445410423741123 11.377018052531637
leaf_count=11633 265 259 14882 214026 12619 387
internal_value=0.000206973 -0.0602764 0.00130896 -0.00229202 0.0212292 -0.133591
internal_weight=1914.59 34.2589 1880.33 1592.46 287.869 21.4845
internal_count=254071 911 253160 225659 27501 652
is_linear=0
shrinkage=0.12


Tree=140
num_leaves=6
num_cat=0
split_feature=15 19 84 88 19
split_gain=19.4325 11.2993 17.5544 14.0464 4.52883
threshold=-1.232878506183624 0.35312499105930334 1.0000000180025095e-35 0.9194999933242799 0.25807291269302374
decision_type=2 2 2 2 2
left_child=4 3 -3 -2 -1
right_child=1 2 -4 -5 -6
leaf_value=-0.025874693780524156 0.002034227685768625 -0.040710513357689181 0.047155209413518737 0.032994901650782886 -0.085527351582240313
leaf_weight=32.853013669155189 1362.1347747489199 163.51193805468938 40.940531498315977 249.69250204917626 41.449070810776902
leaf_count=406 209772 11867 4806 26666 585
internal_value=0.000998785 0.00345948 -0.0231159 0.00683043 -0.0591517
internal_weight=1890.58 1816.28 204.452 1611.83 74.3021
internal_count=254102 253111 16673 236438 991
is_linear=0
shrinkage=0.12


Tree=141
num_leaves=7
num_cat=0
split_feature=16 77 83 41 24 33
split_gain=16.4096 23.5751 35.3383 10.8492 15.5376 11.6421
threshold=1.0640814900398257 1.0000000180025095e-35 1.0000000180025095e-35 0.71931761503219616 3.8365951776504521 0.21150749176740649
decision_type=2 2 2 2 2 2
left_child=1 2 -1 5 -5 -2
right_child=3 -3 -4 4 -6 -7
leaf_value=0.039024221692087711 -0.011189652278240677 -0.11952371512149285 -0.091444442023275146 -0.25150495125517464 0.087760294556775476 0.011047686322025088
leaf_weight=78.333372470340692 465.38132505905196 37.109561664998182 48.344930276458399 5.4726608548080531 3.0146867915609619 1248.6067349741388
leaf_count=841 28586 419 736 94 883 222543
internal_value=0.000888253 -0.0354083 -0.0107672 0.00433964 -0.130999 0.00500981
internal_weight=1886.26 163.788 126.678 1722.48 8.48735 1713.99
internal_count=254102 1996 1577 252106 977 251129
is_linear=0
shrinkage=0.12


Tree=142
num_leaves=6
num_cat=0
split_feature=15 42 23 20 20
split_gain=14.1983 10.488 16.0404 10.074 3.50487
threshold=-1.232878506183624 1.0000000180025095e-35 2.3321666717529301 46.411298751831062 25.382780075073246
decision_type=2 2 2 2 2
left_child=4 3 -3 -2 -1
right_child=1 2 -4 -5 -6
leaf_value=-0.021551484979173221 0.0065558900293523148 -0.082600960996988562 0.042547919339302402 -0.040230949293730986 -0.074627824318679647
leaf_weight=32.050763317311066 1666.4356942238519 46.862886259084917 21.519953697134042 69.014387384013389 40.622830441978294
leaf_count=406 236946 1523 10190 4452 585
internal_value=0.000783813 0.00287896 -0.0432168 0.0046953 -0.0512199
internal_weight=1876.51 1803.83 68.3828 1735.45 72.6736
internal_count=254102 253111 11713 241398 991
is_linear=0
shrinkage=0.12


Tree=143
num_leaves=6
num_cat=0
split_feature=8 76 10 11 59
split_gain=10.7951 8.65522 12.7572 8.88493 3.56464
threshold=14.240553855895998 0.9820503592491151 2.5000000000000004 1.5000000000000002 0.71713545918464672
decision_type=2 2 2 2 2
left_child=1 2 -1 -3 -2
right_child=4 3 -4 -5 -6
leaf_value=0.006235826233750315 -0.010025542930632063 0.077983007477205032 -0.0191726571689993 -0.03409901840244349 -0.065793378239791436
leaf_weight=1391.6563379572572 26.144798067893134 40.476679120190965 357.68737268771656 13.608820817491504 44.763020521153521
leaf_count=201960 385 1679 48270 1225 583
internal_value=0.000696529 0.00250232 0.00104057 0.0497813 -0.0452309
internal_weight=1874.34 1803.43 1749.34 54.0855 70.9078
internal_count=254102 253134 250230 2904 968
is_linear=0
shrinkage=0.12


Tree=144
num_leaves=7
num_cat=0
split_feature=0 0 84 81 65 66
split_gain=10.015 22.9805 73.6411 20.5229 10.0223 10.0784
threshold=85.573101043701186 77.537551879882827 1.0000000180025095e-35 1.0000000180025095e-35 44.500000000000007 10.975521087646486
decision_type=2 2 2 2 2 2
left_child=1 3 -3 -1 5 -2
right_child=4 2 -4 -5 -6 -7
leaf_value=0.0075193480924916857 0.034062365904587638 -0.085395555327532541 0.10827981257726048 -0.035911703133705328 0.31783910146550626 -0.10157627245321912
leaf_weight=1373.0043179011373 144.31568967000567 132.58119497808548 35.932477619353449 176.85704658098257 1.7212568236864161 8.3444615573534957
leaf_count=204268 26633 2896 1167 17096 339 1703
internal_value=0.000617803 -0.0020125 -0.0440978 0.00256336 0.0298949 0.0266483
internal_weight=1872.76 1718.38 168.514 1549.86 154.381 152.66
internal_count=254102 225427 4063 221364 28675 28336
is_linear=0
shrinkage=0.12


Tree=145
num_leaves=8
num_cat=0
split_feature=28 6 29 29 3 28 1
split_gain=11.7557 11.1273 15.996 9.98738 31.0418 20.3834 3.53687
threshold=11.372304916381838 6.251850128173829 0.88543996214866649 4.3908841609954843 0.34963001310825353 38.880989074707038 18.456049919128422
decision_type=2 2 2 2 2 2 2
left_child=1 2 -1 5 -5 -2 -3
right_child=3 6 -4 4 -6 -7 -8
leaf_value=-0.13466832789081637 0.04874917899209967 -0.074006774178295404 0.21595623547081319 0.051154799640610905 -0.0029196585621799921 -0.031765134732952401 0.056823047194926674
leaf_weight=2.2544093137257759 53.572241476787894 5.4421571314669546 11.093830998554038 172.80466488288221 1325.2314820054562 292.47706860864491 6.5651005527906818
leaf_count=42 1421 509 3099 13107 209960 25570 368
internal_value=0.000189399 0.0813424 0.156739 -0.000926425 0.00331805 -0.0193006 -0.00247413
internal_weight=1869.44 25.3555 13.3482 1844.09 1498.04 346.049 12.0073
internal_count=254076 4018 3141 250058 223067 26991 877
is_linear=0
shrinkage=0.12


Tree=146
num_leaves=8
num_cat=0
split_feature=28 6 29 55 33 88 85
split_gain=9.54714 9.71644 13.4161 9.63269 15.1059 12.7026 3.46083
threshold=11.372304916381838 6.251850128173829 0.88543996214866649 0.083809539675712599 0.21150749176740649 0.90351429581642162 0.62500000000000011
decision_type=2 2 2 2 2 2 2
left_child=1 2 -1 4 -2 -5 -3
right_child=3 6 -4 5 -6 -7 -8
leaf_value=-0.13151512003228674 -0.021527873042341616 0.0796124114553384 0.20491382278562101 -0.013115295122211663 0.021367236707294762 0.018577174391807619 -0.052760816256432252
leaf_weight=2.0444883243762915 155.86628063568423 4.6097898643347417 10.336475644888194 972.74929804656858 489.47898280036316 224.06097773705551 7.4251368200930301
leaf_count=42 9421 417 3099 144195 74785 21657 460
internal_value=0.000178035 0.0747237 0.149359 -0.000809992 0.011007 -0.00718199 -0.00205733
internal_weight=1866.57 24.4159 12.381 1842.16 645.345 1196.81 12.0349
internal_count=254076 4018 3141 250058 84206 165852 877
is_linear=0
shrinkage=0.12


Tree=147
num_leaves=8
num_cat=0
split_feature=34 33 8 33 77 77 77
split_gain=8.60723 34.9021 55.805 34.2039 64.8958 31.1506 25.5383
threshold=1.1917857527732851 0.20620220154523852 11.542980670928957 0.21150749176740649 1.0000000180025095e-35 1.0000000180025095e-35 1.0000000180025095e-35
decision_type=2 2 2 2 2 2 2
left_child=3 6 -3 4 -1 -5 -2
right_child=1 2 -4 5 -6 -7 -8
leaf_value=-0.093814868364971285 -0.067753373600520209 0.1253191617359897 -0.062077499662081564 0.015468318167133295 0.039783028579388015 -0.025180311506754465 0.023165821123340473
leaf_weight=147.20926039695951 73.953204843166532 80.041997131716926 32.04385949196876 957.60950442116155 81.258753915084526 378.89585741147675 111.65858656523778
leaf_count=6334 7620 6730 633 168533 6214 50454 7558
internal_value=0.000167433 0.0188704 0.0717449 -0.00339035 -0.0462984 0.00394454 -0.0130591
internal_weight=1862.67 297.698 112.086 1564.97 228.468 1336.51 185.612
internal_count=254076 22541 7363 231535 12548 218987 15178
is_linear=0
shrinkage=0.12


Tree=148
num_leaves=8
num_cat=0
split_feature=16 81 78 81 0 77 21
split_gain=8.64604 131.427 55.6746 26.3396 26.2885 19.1365 2.21701
threshold=2.3554404973983769 1.0000000180025095e-35 1.0000000180025095e-35 1.0000000180025095e-35 76.33860015869142 1.0000000180025095e-35 0.2651041597127915
decision_type=2 2 2 2 2 2 2
left_child=1 2 -1 4 -2 -5 -3
right_child=3 6 -4 5 -6 -7 -8
leaf_value=0.031456853989235325 0.010385083731789466 -0.18403531698056658 -0.046127096864113398 0.078717748259792164 -0.034874643387788715 -0.0057337915601036061 -0.14214238513600574
leaf_weight=429.90866098117294 729.95143900978474 36.25227469438687 192.97876536285912 113.12974948593182 247.44720735537339 58.677891172486852 36.511233728677325
leaf_count=6864 193641 320 2343 18165 26024 6369 350
internal_value=0.000151978 -0.0104068 0.00742032 0.00654351 -0.00107328 0.0498748 -0.163014
internal_weight=1844.86 695.651 622.887 1149.21 977.399 171.808 72.7635
internal_count=254076 9877 9207 244199 219665 24534 670
is_linear=0
shrinkage=0.12


Tree=149
num_leaves=7
num_cat=0
split_feature=8 28 33 50 66 85
split_gain=9.57811 9.24992 10.297 9.99385 3.05902 1.85078
threshold=14.240553855895998 11.372304916381838 0.22382500022649768 0.025114137679338459 9.5197916030883807 1.0000000180025095e-35
decision_type=2 2 2 2 2 2
left_child=1 3 -3 -1 5 -2
right_child=4 2 -4 -5 -6 -7
leaf_value=0.24028400614740519 0.0014474185191628802 -0.01147519868940081 0.0077478369716845316 0.038819319860272185 -0.074785862351114368 -0.049748388824040007
leaf_weight=4.4089390263161503 21.255225167726167 625.30764831436409 1119.925883865144 18.108497957735381 27.596711976337247 19.494140277965926
leaf_count=95 152 35447 213647 3918 335 482
internal_value=0.000142122 0.00184632 0.000860328 0.0782663 -0.0439364 -0.0230442
internal_weight=1836.1 1767.75 1745.23 22.5174 68.3461 40.7494
internal_count=254076 253107 249094 4013 969 634
is_linear=0
shrinkage=0.12


Tree=150
num_leaves=8
num_cat=0
split_feature=90 15 29 2 77 88 83
split_gain=11.6852 22.7892 20.2283 13.4533 26.8344 12.3019 11.8524
threshold=0.0020142857683822517 -0.70134299993515004 0.88543996214866649 264.05999755859381 1.0000000180025095e-35 0.93772858381271373 0.62500000000000011
decision_type=2 2 2 2 2 2 2
left_child=3 6 -3 5 -5 -1 -2
right_child=1 2 -4 4 -6 -7 -8
leaf_value=-0.014204782380412269 -0.040048023825769705 -0.12150651037531071 0.0012396796414758866 0.054583767201302369 -0.007618621358666886 0.017645488188661788 -0.13762958643383258
leaf_weight=416.87793679936658 63.198005257381737 19.961946528421322 613.87348116762951 221.43399573667193 181.92159879539395 300.50226309463869 25.019878298937329
leaf_count=47991 528 5427 87866 56536 26330 28903 586
internal_value=0.00132551 -0.0105795 -0.00262608 0.00899548 0.0265292 -0.000863073 -0.0677236
internal_weight=1842.79 722.053 633.835 1120.74 403.356 717.38 88.2179
internal_count=254167 94407 93293 159760 82866 76894 1114
is_linear=0
shrinkage=0.12


Tree=151
num_leaves=8
num_cat=0
split_feature=63 72 66 70 90 16 22
split_gain=10.1147 17.4095 29.1039 13.3784 10.6278 19.1428 11.018
threshold=19999973.000000004 38.235937118530281 11.571353912353517 29.500000000000004 0.0020142857683822517 1.0640814900398257 0.14085000008344653
decision_type=2 2 2 2 2 2 2
left_child=4 3 -3 -2 6 -6 -1
right_child=1 2 -4 -5 5 -7 -8
leaf_value=-0.033033065604400905 -0.06698341252302642 0.019062269363288441 -0.87275838457226262 0.1149545115955171 -0.087327148461004908 -0.0039284568889829943 0.013388366375648591
leaf_weight=79.419684458214761 36.791112607441391 1.1483656719574349 0.97374938173015824 6.9136516766066043 42.186577821075844 654.58444743183827 1009.1931287937641
leaf_count=1141 9077 671 720 3379 770 88027 150382
internal_value=0.00116581 -0.0545007 -0.390157 -0.0382027 0.00259464 -0.0089779 0.0100017
internal_weight=1831.21 45.8269 2.12212 43.7048 1785.38 696.771 1088.61
internal_count=254167 13847 1391 12456 240320 88797 151523
is_linear=0
shrinkage=0.12


Tree=152
num_leaves=7
num_cat=0
split_feature=41 88 89 8 28 66
split_gain=8.19445 10.48 8.41078 25.2668 10.1029 4.42298
threshold=0.6449771821498872 0.84024286270141613 1.0000000180025095e-35 10.800346851348879 100.7114944458008 9.7088541984558123
decision_type=2 2 2 2 2 2
left_child=2 5 4 -4 -1 -2
right_child=1 -3 3 -5 -6 -7
leaf_value=0.0018856992701200949 -0.085560474267955891 -0.28301226181263417 0.085873941878912521 -0.0022465659257347678 -0.029925590311629346 0.076084598602141854
leaf_weight=1425.2357231039587 7.8257366087273095 3.1356719947943921 66.048221230474155 161.2416930100735 159.89108006228525 3.5402600635134149
leaf_count=210281 483 307 22496 3421 16475 704
internal_value=0.0010535 -0.0887931 0.00177239 0.0233604 -0.00132309 -0.0352116
internal_weight=1826.92 14.5017 1812.42 227.29 1585.13 11.366
internal_count=254167 1494 252673 25917 226756 1187
is_linear=0
shrinkage=0.12


Tree=153
num_leaves=8
num_cat=0
split_feature=78 24 0 33 77 88 24
split_gain=8.42418 49.8845 49.8757 16.3749 22.3484 17.1529 7.61095
threshold=1.0000000180025095e-35 1.445591986179352 75.803001403808608 0.33685284852981573 1.0000000180025095e-35 0.84627142548561107 1.04678350687027
decision_type=2 2 2 2 2 2 2
left_child=3 6 -3 5 -5 -1 -2
right_child=1 2 -4 4 -6 -7 -8
leaf_value=-0.02052928697164243 -0.14241802022890832 0.032314904842802257 -0.063870053103087132 0.034080457732241873 -0.013846988162934427 0.020737878815331217 -0.067869300966685295
leaf_weight=452.87878222888867 26.909686013019382 292.09385763081991 105.73229766075747 456.4415303460155 202.14887247988372 213.37873375720574 73.817318108172913
leaf_count=38412 688 50568 8787 105818 28606 20814 474
internal_value=0.000947587 -0.0123487 0.00675134 0.00595112 0.0193695 -0.00731287 -0.0877853
internal_weight=1823.4 498.553 397.826 1324.85 658.59 666.258 100.727
internal_count=254167 60517 59355 193650 134424 59226 1162
is_linear=0
shrinkage=0.12


Tree=154
num_leaves=8
num_cat=0
split_feature=38 3 29 83 13 1 66
split_gain=8.18406 10.0687 10.2588 8.58641 19.4884 7.38215 5.64447
threshold=1.0000000180025095e-35 0.8569299876689912 6.1685874462127694 0.37500000000000006 2.5183500051498418 21.550149917602543 12.432291507720949
decision_type=2 2 2 2 2 2 2
left_child=1 2 -1 5 -5 -2 -3
right_child=3 6 -4 4 -6 -7 -8
leaf_value=-0.010624353333618476 0.016982827026139159 -0.037407606128799661 0.010121921905614841 -0.15966273563054828 0.065922891602565911 -0.12564159204883679 -0.22837073859404788
leaf_weight=480.47508265537181 33.557989711272967 61.651859660676564 1201.5209917065204 18.758053662750175 7.8109324834076679 6.1897665182987103 2.3124817247589808
leaf_count=28965 8025 8556 204866 440 3043 137 135
internal_value=0.000846883 0.0024185 0.00419559 -0.0405301 -0.0933435 -0.00522753 -0.0443114
internal_weight=1812.28 1745.96 1682 66.3167 26.569 39.7478 63.9643
internal_count=254167 242522 233831 11645 3483 8162 8691
is_linear=0
shrinkage=0.12


Tree=155
num_leaves=8
num_cat=0
split_feature=13 84 53 34 33 36 24
split_gain=11.1167 12.422 13.721 12.0321 43.4741 24.9406 5.54447
threshold=0.57449999451637279 1.0000000180025095e-35 2.0864583253860478 1.1917857527732851 0.20620220154523852 6.1685874462127694 1.8639128208160403
decision_type=2 2 2 2 2 2 2
left_child=1 2 -1 5 -5 -2 -3
right_child=3 6 -4 4 -6 -7 -8
leaf_value=-0.077586890352781032 -0.039788410883861085 -0.00074916582788171564 -0.010442320333383884 -0.015909720280828682 0.086154290273292383 0.0035552583497063727 0.095192327273530594
leaf_weight=82.377433985700918 230.53250077794473 23.767532563884743 93.645081508228031 150.73727584457811 99.941107065880715 1119.5966341347084 13.658310979866654
leaf_count=1018 12649 562 1125 14787 7220 216778 299
internal_value=-0.00279278 -0.0285171 -0.0418656 0.000637241 0.0247814 -0.00384561 0.034264
internal_weight=1814.26 213.448 176.023 1600.81 250.678 1350.13 37.4258
internal_count=254438 3004 2143 251434 22007 229427 861
is_linear=0
shrinkage=0.12


Tree=156
num_leaves=8
num_cat=0
split_feature=24 58 8 8 49 29 50
split_gain=10.5408 17.7829 14.1633 14.8017 9.2461 6.90302 6.69891
threshold=14.292177677154543 -1.2965099811553953 1.2198125123977663 1.2575730085372927 1.1010416746139529 252.66841125488284 0.095547594130039229
decision_type=2 2 2 2 2 2 2
left_child=2 5 4 -4 -1 -2 -3
right_child=1 6 3 -5 -6 -7 -8
leaf_value=0.15531047457011427 -0.16467858355700063 -0.075925390447929314 -0.2113215018250898 -0.0025528825666098326 0.03169214535596316 -0.50103688599124541 0.11760423519721165
leaf_weight=12.133667825744849 9.7808763559587533 4.9087820271215588 4.9041767767048432 1738.628048170277 30.903309436645941 0.96532791417848862 5.4186285569267056
leaf_count=5870 2831 623 980 222522 16090 1333 4189
internal_value=-0.00245668 -0.0868296 -0.00146146 -0.0031401 0.0665446 -0.194894 0.0256165
internal_weight=1807.64 21.0736 1786.57 1743.53 43.037 10.7462 10.3274
internal_count=254438 8976 245462 223502 21960 4164 4812
is_linear=0
shrinkage=0.12


Tree=157
num_leaves=7
num_cat=0
split_feature=38 22 77 14 24 0
split_gain=9.49673 11.0516 21.1114 12.4059 7.79806 7.65365
threshold=1.0000000180025095e-35 3.7058625221252446 1.0000000180025095e-35 7.7820501327514657 1.445591986179352 78.242298126220717
decision_type=2 2 2 2 2 2
left_child=1 3 -3 -1 -2 -6
right_child=4 2 -4 -5 5 -7
leaf_value=0.0012329043698465353 -0.10682302421592853 -0.0032014140411980004 -0.096200478606293396 0.075845987901074455 0.0063882812892260303 -0.10850514532554367
leaf_weight=1531.2652133158663 20.971257708733901 126.9079892491427 48.614515086912434 32.776169868491706 37.519096367042948 10.738825122636625
leaf_count=192222 186 27040 5022 18375 11271 322
internal_value=-0.00214227 -0.000407677 -0.0289594 0.0027965 -0.0457285 -0.0191789
internal_weight=1808.79 1739.56 175.523 1564.04 69.2292 48.2579
internal_count=254438 242659 32062 210597 11779 11593
is_linear=0
shrinkage=0.12


Tree=158
num_leaves=7
num_cat=0
split_feature=19 24 51 22 88 51
split_gain=9.57382 9.32507 9.92087 9.24634 10.5339 8.74374
threshold=0.27864582836627966 14.292177677154543 0.29837645590305334 1.0000000180025095e-35 1.1614428758621218 0.34625175595283514
decision_type=2 2 2 2 2 2
left_child=3 2 -2 -1 -5 -3
right_child=1 5 -4 4 -6 -7
leaf_value=-0.084753468700840356 -0.015686153894188565 -0.072723827379139516 0.028869157685805336 0.0039704309686770869 0.057526719469241025 -0.36248420620626215
leaf_weight=16.118742381302582 656.56743595686021 7.2053030067472701 80.822225138144859 990.17120881794108 55.868451373466996 1.8937676976420332
leaf_count=324 78522 1856 10034 157488 6036 178
internal_value=-0.00187819 -0.0122925 -0.0108026 0.00544101 0.00683085 -0.133031
internal_weight=1808.65 746.489 737.39 1062.16 1046.04 9.09907
internal_count=254438 90590 88556 163848 163524 2034
is_linear=0
shrinkage=0.12


Tree=159
num_leaves=8
num_cat=0
split_feature=82 23 57 43 28 88 36
split_gain=9.18554 12.1361 14.5573 11.8957 10.9319 13.0048 6.93835
threshold=1.0000000180025095e-35 0.28695000708103185 6.6734375953674325 -0.50966191291809071 45.181859970092781 1.0453857183456423 0.88543996214866649
decision_type=2 2 2 2 2 2 2
left_child=1 2 -1 -3 6 -6 -2
right_child=4 3 -4 -5 5 -7 -8
leaf_value=-0.019876678070502928 -0.075769920274888949 -0.058374569702312119 -0.11766128300238936 0.0013536345223675562 -0.0031786052051699684 0.11966718706663909 0.1049952576793463
leaf_weight=159.65096633639587 3.4040978850389356 49.711690467458538 25.412793722662173 1408.3988854657455 117.72573687141266 13.87137053691549 30.044355766048284
leaf_count=1919 320 8316 306 196167 28891 3151 15368
internal_value=-0.00164612 -0.00435673 -0.0333044 -0.000682693 0.0253405 0.00977031 0.0865985
internal_weight=1808.22 1643.17 185.064 1458.11 165.046 131.597 33.4485
internal_count=254438 206708 2225 204483 47730 32042 15688
is_linear=0
shrinkage=0.12


Tree=160
num_leaves=7
num_cat=0
split_feature=19 57 61 63 2 5
split_gain=8.61419 9.26642 12.5827 9.24733 7.56909 3.6699
threshold=0.47187499701976782 21.300000190734867 21.986457824707035 19999949.000000004 231.19499969482425 2.5095499753952031
decision_type=2 2 2 2 2 2
left_child=1 2 -1 4 -2 -3
right_child=3 5 -4 -5 -6 -7
leaf_value=0.0029289172352051931 -0.064179336851100582 0.19836589697838702 -0.13423364003087307 -0.15735517633475296 0.021313641944537259 -0.047305113007829941
leaf_weight=1716.4820399737641 31.770968883818568 4.7825290499531539 9.6852101524818845 8.5657419766503136 28.103022467417759 1.0718456607410187
leaf_count=244563 1718 1632 2685 479 2536 415
internal_value=0.00102052 0.00267049 0.00215932 -0.0407355 -0.0240515 0.153387
internal_weight=1800.46 1732.02 1726.17 68.4397 59.874 5.85437
internal_count=254028 249295 247248 4733 4254 2047
is_linear=0
shrinkage=0.12


Tree=161
num_leaves=7
num_cat=0
split_feature=13 87 57 8 19 50
split_gain=8.46791 15.8982 8.0782 13.089 12.8334 3.10045
threshold=0.2902000099420548 1.0000000180025095e-35 1.5140625238418581 11.62544107437134 0.34687499701976782 0.30339479446411138
decision_type=2 2 2 2 2 2
left_child=1 5 3 -2 -4 -1
right_child=2 -3 4 -5 -6 -7
leaf_value=-0.14581959525232568 0.0093011985563748768 0.056468158748971521 0.016757772320059254 -0.018355280883552778 -0.032334601048665632 -0.061533260797106894
leaf_weight=14.465186426838502 473.78200815073706 12.377748825543675 688.21570656605581 513.49267000365944 86.293824193093315 11.112438650423426
leaf_count=383 126608 267 109561 9629 7270 310
internal_value=0.000905676 -0.0551738 0.00211384 -0.00508325 0.011288 -0.109201
internal_weight=1799.74 37.9554 1761.78 987.275 774.51 25.5776
internal_count=254028 960 253068 136237 116831 693
is_linear=0
shrinkage=0.12


Tree=162
num_leaves=7
num_cat=0
split_feature=13 84 89 16 22 50
split_gain=7.05856 13.4837 7.77085 29.0214 10.8705 3.24138
threshold=0.2902000099420548 1.0000000180025095e-35 1.0000000180025095e-35 1.707553029060364 1.0000000180025095e-35 0.31426075100898748
decision_type=2 2 2 2 2 2
left_child=1 5 4 -4 -2 -1
right_child=2 -3 3 -5 -6 -7
leaf_value=-0.14386277472751438 -0.08069288372552777 0.050820317103987975 -0.059990727656251332 0.046119354653572565 0.00014350917339133387 -0.054065459916462076
leaf_weight=13.350602682723549 24.339330234812223 12.120217881587449 47.421365821966901 170.80588153193912 1517.4256219408326 10.219343031989409
leaf_count=391 504 267 381 25742 226441 302
internal_value=0.000795883 -0.0520372 0.00186726 0.0230613 -0.00113263 -0.104929
internal_weight=1795.68 35.6902 1759.99 218.227 1541.76 23.5699
internal_count=254028 960 253068 26123 226945 693
is_linear=0
shrinkage=0.12


Tree=163
num_leaves=8
num_cat=0
split_feature=53 19 51 19 57 75 72
split_gain=6.85585 7.95213 6.61238 6.49862 7.74149 7.07686 2.07728
threshold=2.9578124284744267 0.25807291269302374 0.25450110435485845 0.47187499701976782 0.34531250596046453 5.5000000000000009 11.726041793823244
decision_type=2 2 2 2 2 2 2
left_child=3 2 -2 4 -1 -5 -3
right_child=1 6 -4 5 -6 -7 -8
leaf_value=-0.0064851433014052025 -0.076986566276547236 -0.063283735648284475 -0.30419243421333503 -0.020580217862588027 0.0099041398539802938 -0.13988325219903872 0.036482318706566076
leaf_weight=720.33118721958726 4.8375471853869412 5.4678783371418813 2.9812258826277684 60.896116949377756 979.16085345869215 8.1137509530963126 6.6730429436302074
leaf_count=99203 654 466 168 3895 147859 819 964
internal_value=0.000702386 -0.0692331 -0.163618 0.00149169 0.00295753 -0.0346071 -0.00844909
internal_weight=1788.46 19.9597 7.81877 1768.5 1699.49 69.0099 12.1409
internal_count=254028 2252 822 251776 247062 4714 1430
is_linear=0
shrinkage=0.12


Tree=164
num_leaves=8
num_cat=0
split_feature=0 0 83 81 83 8 22
split_gain=6.83791 18.139 49.3194 20.5427 9.05242 11.5679 6.76043
threshold=85.573101043701186 76.923751831054702 1.0000000180025095e-35 1.0000000180025095e-35 1.0000000180025095e-35 12.766571998596193 1.6229749917984011
decision_type=2 2 2 2 2 2 2
left_child=1 3 -3 -1 6 -6 -2
right_child=4 2 -4 -5 5 -7 -8
leaf_value=0.0079350598729812667 -0.050313080429447259 0.037388955866673727 -0.090820388570907337 -0.036644427292812289 0.039507002151491583 0.21265884820192088 0.02815416832522856
leaf_weight=1297.6547228645372 29.425940869925398 73.735269730032996 104.35047248870615 168.13731109036235 74.512430499780749 6.0036523770540944 34.172418488447875
leaf_count=203346 2722 2635 2418 16937 14166 36 11768
internal_value=0.000624995 -0.00157225 -0.0377361 0.00282146 0.0256885 0.052418 -0.00815137
internal_weight=1787.99 1643.88 178.086 1465.79 144.114 80.5161 63.5984
internal_count=254028 225336 5053 220283 28692 14202 14490
is_linear=0
shrinkage=0.12


Tree=165
num_leaves=7
num_cat=0
split_feature=24 77 83 55 23 41
split_gain=10.093 24.3622 23.409 8.51768 16.7183 8.98443
threshold=0.81030231714248668 1.0000000180025095e-35 1.0000000180025095e-35 0.29461112618446356 0.14616250246763232 0.71931761503219616
decision_type=2 2 2 2 2 2
left_child=1 2 -1 5 -5 -2
right_child=3 -3 -4 4 -6 -7
leaf_value=0.036958391996373227 0.0060952906212889749 -0.11194647024221646 -0.074801606618738914 -0.15659120408936525 -0.012283718404586618 -0.12541356297525702
leaf_weight=76.509897384356009 1428.6367734840142 38.899083804662951 41.695866485688384 12.38946279196716 172.78139147237562 7.5200877965107784
leaf_count=847 223063 444 742 170 28055 833
internal_value=-0.00053052 -0.0295717 -0.0024638 0.00228353 -0.0219391 0.00540668
internal_weight=1778.43 157.105 118.206 1621.33 185.171 1436.16
internal_count=254154 2033 1589 252121 28225 223896
is_linear=0
shrinkage=0.12


Tree=166
num_leaves=8
num_cat=0
split_feature=8 83 77 29 34 77 83
split_gain=8.02456 25.6047 17.1801 8.63992 60.2495 27.2999 3.18086
threshold=13.711093425750734 0.37500000000000006 1.0000000180025095e-35 15.784367084503176 1.1142143011093142 1.0000000180025095e-35 0.62500000000000011
decision_type=2 2 2 2 2 2 2
left_child=3 2 -2 4 -1 -5 -3
right_child=1 6 -4 5 -6 -7 -8
leaf_value=-0.068010919870110181 0.020793206775269125 -0.070513277662143936 -0.056930355069257761 0.024356542198340873 0.015287110141298663 -0.019921594685568301 -0.13552913365050875
leaf_weight=174.36698797540157 137.12427005326572 20.853071957812062 58.391631612495985 622.31218448575055 441.9969180150174 295.83420897490032 22.557875272209913
leaf_count=8566 1523 212 483 164607 30321 47764 678
internal_value=-0.000472975 -0.0209297 -0.00241926 0.00271219 -0.00827758 0.0100898 -0.104298
internal_weight=1773.44 238.927 195.516 1534.51 616.364 918.146 43.4109
internal_count=254154 2896 2006 251258 38887 212371 890
is_linear=0
shrinkage=0.12


Tree=167
num_leaves=8
num_cat=0
split_feature=55 63 19 33 54 2 77
split_gain=8.03227 11.506 17.2058 10.5752 7.60217 27.7382 18.6344
threshold=0.083809539675712599 19999969.000000004 0.29895834624767309 0.21150749176740649 -0.13889756053686139 140.31500244140628 1.0000000180025095e-35
decision_type=2 2 2 2 2 2 2
left_child=1 3 -3 -1 6 -6 -2
right_child=4 2 -4 -5 5 -7 -8
leaf_value=-0.015264898371139153 -0.091297919317070583 0.01641591780384119 -0.21310252541084948 0.022493593155676828 0.085202416861150904 -0.0073119759233118906 0.002876224653248841
leaf_weight=139.57538707158528 49.744829937921168 11.130002888126912 8.1453448861502675 455.03360479790354 49.009990502180244 976.74044909781696 77.229608303892746
leaf_count=9064 5585 4046 899 71534 2858 155037 5131
internal_value=-0.000415457 0.0106725 -0.0805736 0.0136304 -0.00632033 -0.00289167 -0.0340184
internal_weight=1766.61 613.884 19.2753 594.609 1152.72 1025.75 126.974
internal_count=254154 85543 4945 80598 168611 157895 10716
is_linear=0
shrinkage=0.12


Tree=168
num_leaves=7
num_cat=0
split_feature=8 88 83 51 29 41
split_gain=7.8289 15.0706 16.7528 8.20352 7.3663 2.23442
threshold=13.940063476562502 0.37225000560283666 1.0000000180025095e-35 0.8903389871120454 6.1685874462127694 0.18187347054481509
decision_type=2 2 2 2 2 2
left_child=3 2 -2 4 -1 -5
right_child=1 -3 -4 5 -6 -7
leaf_value=-0.01118332901420175 0.026662614809930742 -0.098814338403447402 -0.072340034115886132 0.082975864999403695 0.0066804272685376826 0.23116147421024696
leaf_weight=468.4131549187814 74.322511743215728 32.689537377522356 36.798608250547204 3.8188994611118678 1144.7949049975341 2.3774622085329611
leaf_count=28951 820 388 720 782 222383 110
internal_value=-0.000360036 -0.0271925 -0.00612287 0.00202281 0.00149348 0.139833
internal_weight=1763.22 143.811 111.121 1619.4 1613.21 6.19636
internal_count=254154 1928 1540 252226 251334 892
is_linear=0
shrinkage=0.12


Tree=169
num_leaves=8
num_cat=0
split_feature=23 85 53 57 76 81 10
split_gain=6.85091 15.5157 9.85078 8.16382 7.56873 20.5552 10.1838
threshold=0.14616250246763232 0.37500000000000006 2.0864583253860478 4.1640625000000009 0.97546750307083141 1.0000000180025095e-35 2.5000000000000004
decision_type=2 2 2 2 2 2 2
left_child=1 2 -1 -3 6 -6 -2
right_child=4 3 -4 -5 5 -7 -8
leaf_value=-0.11553295584213424 0.0050325966762402334 0.048222258680736388 -0.023936038328038332 -0.046918399578469015 0.077569585855372561 -0.06783777725994361 -0.018738346251854651
leaf_weight=31.428081615828887 1228.1986470730008 40.393837535066723 36.592834371685967 19.141970939817838 53.675137504003942 18.93917499667441 329.05513453921776
leaf_count=347 200015 712 407 375 3922 1045 47331
internal_value=-0.000320497 -0.0271024 -0.0662571 0.0176326 0.00177551 0.0396446 9.68332e-06
internal_weight=1757.42 127.557 68.0209 59.5358 1629.87 72.6143 1557.25
internal_count=254154 1841 754 1087 252313 4967 247346
is_linear=0
shrinkage=0.12


Tree=170
num_leaves=8
num_cat=0
split_feature=41 33 2 41 2 57 61
split_gain=9.47609 16.9519 47.5918 15.6651 12.8072 12.0246 8.00972
threshold=0.038004949688911445 0.2097679600119591 144.61000061035159 0.10394232347607614 162.08499908447268 0.38203124701976782 10.809374809265138
decision_type=2 2 2 2 2 2 2
left_child=1 2 -1 6 -5 -3 -2
right_child=3 5 -4 4 -6 -7 -8
leaf_value=0.017410989177191669 0.031000900850506514 -0.025216148031877345 -0.22428875219201722 0.030602187477762069 -0.010245055841584128 0.0099704417363149656 -0.046105632451791306
leaf_weight=29.131187882878294 350.28440711427584 258.45131898227737 19.640422642823978 133.40953377236383 644.57979296778285 304.78106711454711 20.53723644238562
leaf_count=1275 39271 51713 771 9052 73274 74670 4105
internal_value=8.43334e-06 -0.0120526 -0.079922 0.00643371 -0.00324057 -0.00617568 0.0267305
internal_weight=1760.81 612.004 48.7716 1148.81 777.989 563.232 370.822
internal_count=254131 128429 2046 125702 82326 126383 43376
is_linear=0
shrinkage=0.12


Tree=171
num_leaves=7
num_cat=0
split_feature=27 54 77 34 87 45
split_gain=11.3398 8.41006 32.3606 18.6182 8.2923 0.0202709
threshold=1.0000000180025095e-35 0.31281670928001409 1.0000000180025095e-35 0.84755715727806102 1.0000000180025095e-35 0.54479166865348827
decision_type=2 2 2 2 2 2
left_child=1 3 -3 -1 5 -2
right_child=4 2 -4 -5 -6 -7
leaf_value=0.027652655065267227 -0.13708952421533829 0.0047944915548392255 -0.096892866547788448 -0.0032101896202212294 0.0082769663067782072 -0.12851024040567041
leaf_weight=377.11769592188648 7.5447861230677526 191.30631231277039 58.953055062069325 1109.7383381341106 9.682024226145586 8.3603613470972942
leaf_count=74100 261 44819 5747 128563 245 396
internal_value=2.40288e-05 0.00119216 -0.0191598 0.00461769 -0.0792806 -0.13258
internal_weight=1762.7 1737.12 250.259 1486.86 25.5872 15.9051
internal_count=254131 253229 50566 202663 902 657
is_linear=0
shrinkage=0.12


Tree=172
num_leaves=8
num_cat=0
split_feature=41 22 77 41 29 34 57
split_gain=7.89284 12.871 22.5021 11.3745 10.4507 28.9077 9.59694
threshold=0.038004949688911445 3.8869999647140507 1.0000000180025095e-35 0.10394232347607614 5.2616722583770761 1.2500571608543398 0.38203124701976782
decision_type=2 2 2 2 2 2 2
left_child=4 3 -3 -2 5 -1 -6
right_child=1 2 -4 -5 6 -7 -8
leaf_value=-0.15121777632263594 0.026098108683639987 0.027617029525823383 -0.1321245875506537 7.2488759746456937e-05 -0.023009010230511134 0.024155972587371989 0.0085378844209233768
leaf_weight=26.396362110592236 360.4697102164555 25.115499361258117 25.684627410228131 734.66746496241558 258.94730324834381 27.777481284250825 299.43425466680128
leaf_count=1018 42083 2161 2116 79342 51654 1152 74605
internal_value=2.19986e-05 0.00589987 -0.0531486 0.00863895 -0.010974 -0.0612954 -0.00609187
internal_weight=1758.49 1145.94 50.8001 1095.14 612.555 54.1738 558.382
internal_count=254131 125702 4277 121425 128429 2170 126259
is_linear=0
shrinkage=0.12


Tree=173
num_leaves=7
num_cat=0
split_feature=27 87 13 50 14 66
split_gain=9.68267 7.68705 7.02347 15.937 10.0248 0.0173158
threshold=1.0000000180025095e-35 1.0000000180025095e-35 9.3410997390747088 0.064528264105319991 7.7481498718261728 9.4588541984558123
decision_type=2 2 2 2 2 2
left_child=2 5 4 -4 -1 -2
right_child=1 -3 3 -5 -6 -7
leaf_value=0.00070595174226608737 -0.12764683724756501 0.0071370139802012225 -0.17308081290746458 0.0026126193980492681 0.060341332340521442 -0.13601965553873602
leaf_weight=1658.492718619319 7.7399032049988818 9.6345200595387723 10.832510533891762 23.701442292645879 41.609633487820247 6.5811130517568017
leaf_count=219395 400 245 1063 12695 20076 257
internal_value=3.08465e-05 -0.0757392 0.00107724 -0.0524984 0.00216551 -0.131495
internal_weight=1758.59 23.9555 1734.64 34.534 1700.1 14.321
internal_count=254131 902 253229 13758 239471 657
is_linear=0
shrinkage=0.12


Tree=174
num_leaves=7
num_cat=0
split_feature=27 87 63 0 22 66
split_gain=8.12675 7.12077 6.58836 11.6028 9.01865 0.0127581
threshold=1.0000000180025095e-35 1.0000000180025095e-35 3.4508941173553471 13.690350055694582 2.0951917171478276 9.4588541984558123
decision_type=2 2 2 2 2 2
left_child=2 5 3 -1 -4 -2
right_child=1 -3 4 -5 -6 -7
leaf_value=0.03405831713074358 -0.12686733430602745 0.006297442794056086 -0.025104215648813301 0.00090815872275572154 0.0068421836088144996 -0.13446644799777077
leaf_weight=178.00253964385502 6.9042747894663989 9.610355775555945 277.75715953864619 1042.3709780646814 234.83926122692901 5.9002201688258538
leaf_count=34470 400 245 26778 134730 57251 257
internal_value=1.95143e-05 -0.0717733 0.000948108 0.00574341 -0.0104684 -0.130369
internal_weight=1755.38 22.4149 1732.97 1220.37 512.596 12.8045
internal_count=254131 902 253229 169200 84029 657
is_linear=0
shrinkage=0.12


Tree=175
num_leaves=6
num_cat=0
split_feature=24 2 77 61 54
split_gain=6.62592 7.03715 38.6492 6.98376 3.54565
threshold=0.52394732832908641 426.33499145507818 1.0000000180025095e-35 21.986457824707035 0.2023354768753052
decision_type=2 2 2 2 2
left_child=4 3 -3 -2 -1
right_child=1 2 -4 -5 -6
leaf_value=-0.062914841300106814 0.0036484604487462442 0.036447313270827286 -0.1634478216445461 -0.08895315236266467 -0.0082421581522521738
leaf_weight=35.514941921021318 1601.4460702941687 36.831985529090161 22.398491919564549 11.814263471514094 32.908968924264627
leaf_count=526 239699 8816 890 3347 519
internal_value=-1.85644e-05 0.00147884 -0.0391447 0.00297032 -0.0366196
internal_weight=1740.91 1672.49 59.2305 1613.26 68.4239
internal_count=253797 252752 9706 243046 1045
is_linear=0
shrinkage=0.12


Tree=176
num_leaves=8
num_cat=0
split_feature=0 10 81 81 19 23 28
split_gain=5.99948 13.269 43.6508 29.077 7.53079 7.24601 1.12539
threshold=85.573101043701186 2.5000000000000004 1.0000000180025095e-35 1.0000000180025095e-35 0.21562500298023227 0.41155417263507849 29.429681777954105
decision_type=2 2 2 2 2 2 2
left_child=1 3 -3 -1 6 -6 -2
right_child=4 2 -4 -5 5 -7 -8
leaf_value=0.008868470207613121 0.2473877305630009 -0.052661921765907047 0.074708254632428278 -0.046537439538234235 -0.10811936484074317 0.025311231395193017 0.11363755157240868
leaf_weight=1199.105594258453 2.1879525184485824 197.91304539660268 48.176937226999144 153.90128153593105 6.1393631358514531 129.12536852425001 1.5459876565728334
leaf_count=189355 324 17674 5870 12281 78 27710 505
internal_value=-1.70951e-05 -0.00209569 -0.0277267 0.00256618 0.0238959 0.0192551 0.19201
internal_weight=1738.1 1599.1 246.09 1353.01 138.999 135.265 3.73394
internal_count=253797 225180 23544 201636 28617 27788 829
is_linear=0
shrinkage=0.12


Tree=177
num_leaves=6
num_cat=0
split_feature=15 2 88 82 53
split_gain=5.47126 5.60925 30.6096 6.62873 5.15888
threshold=-1.232878506183624 426.33499145507818 1.0000000180025095e-35 1.0000000180025095e-35 2.1614582538604741
decision_type=2 2 2 2 2
left_child=4 3 -3 -2 -1
right_child=1 2 -4 -5 -6
leaf_value=-0.064733353061894011 0.0003753388840157565 0.032157934699199357 -0.14726142195527528 0.02863297978600134 0.0030908240820187176
leaf_weight=35.756479846570073 1483.1844226947562 36.468524303269078 21.924033888528356 130.0215997518826 29.449897569444147
leaf_count=551 197670 8820 890 45426 440
internal_value=1.02637e-07 0.00133034 -0.0352067 0.00265286 -0.0341011
internal_weight=1736.8 1671.6 58.3926 1613.21 65.2064
internal_count=253797 252806 9710 243096 991
is_linear=0
shrinkage=0.12


Tree=178
num_leaves=8
num_cat=0
split_feature=76 11 81 0 19 70 16
split_gain=5.37984 9.75561 9.14212 8.59475 7.17201 6.97839 5.3647
threshold=0.97897270321846019 1.5000000000000002 1.0000000180025095e-35 119.5795021057129 0.28307291865348821 10.500000000000002 2.5675095319747929
decision_type=2 2 2 2 2 2 2
left_child=3 2 -2 6 -3 -5 -1
right_child=1 4 -4 5 -6 -7 -8
leaf_value=-0.0087938922541711956 0.094289524536990674 0.019564258895012985 -0.028482631507817307 -0.31447500249156485 -0.14426225755622915 -0.016733091241548613 0.0049838762127371932
leaf_weight=704.71125814418792 34.153136722852651 9.6431930563048827 11.734867324514196 2.2773496187292031 6.4030717505811472 2.2569120720872888 963.17654158216737
leaf_count=11510 1933 982 473 54 547 571 237727
internal_value=1.42184e-07 0.0347301 0.0628932 -0.001286 -0.0458088 -0.166275 -0.000837468
internal_weight=1734.36 61.9343 45.888 1672.42 16.0463 4.53426 1667.89
internal_count=253797 3935 2406 249862 1529 625 249237
is_linear=0
shrinkage=0.12


Tree=179
num_leaves=8
num_cat=0
split_feature=15 58 13 15 15 49 49
split_gain=5.34831 11.9745 8.38572 6.03295 10.806 9.28817 5.95552
threshold=12.54490375518799 -1.4732614159584043 8.6058001518249529 11.752744674682619 11.671624183654787 1.1867187619209292 0.82864582538604747
decision_type=2 2 2 2 2 2 2
left_child=3 6 -3 4 -1 -5 -2
right_child=1 2 -4 5 -6 -7 -8
leaf_value=0.00033666324148779413 -0.4048120664919328 -0.2786030998198295 0.060387482496453808 0.13863819778602021 -0.14914968020677963 0.010015869122080717 -0.11391922336142818
leaf_weight=1662.6685494541189 1.1173445639615263 1.1619348964959488 10.988235444963719 11.383167420265634 6.9927069028781252 27.899788991020614 10.90304473069409
leaf_count=220105 409 174 4865 8042 2015 14654 3533
internal_value=1.14442e-05 -0.0560412 0.0279694 0.000804229 -0.0002894 0.0472872 -0.140959
internal_weight=1733.11 24.1706 12.1502 1708.94 1669.66 39.283 12.0204
internal_count=253797 8981 5039 244816 222120 22696 3942
is_linear=0
shrinkage=0.12


Tree=180
num_leaves=8
num_cat=0
split_feature=22 85 58 85 8 29 88
split_gain=8.86898 45.7715 16.5391 12.5106 50.1651 28.4771 3.32721
threshold=0.24310000240802768 0.37500000000000006 -0.88478910923004139 0.37500000000000006 12.766571998596193 14.531637191772463 1.2174285650253298
decision_type=2 2 2 2 2 2 2
left_child=1 2 -1 5 -5 -2 -3
right_child=3 6 -4 4 -6 -7 -8
leaf_value=-0.13849996305055529 -0.017437787601450441 0.049664717424855974 -0.025818694906062735 0.013884432071019213 -0.044852815667084822 0.032833167318773185 0.13277935878713495
leaf_weight=41.559928843083071 252.3479947433807 35.861568445146986 34.187113381322888 609.29841328289695 319.00447484380311 454.54840164628968 8.5986551536334428
leaf_count=414 16237 1504 345 136920 5200 93705 317
internal_value=0.000546568 -0.0309127 -0.0876432 0.00285922 -0.00630019 0.0148874 0.0657392
internal_weight=1755.41 120.207 75.747 1635.2 928.303 706.896 44.4602
internal_count=254642 2580 759 252062 142120 109942 1821
is_linear=0
shrinkage=0.12


Tree=181
num_leaves=7
num_cat=0
split_feature=22 85 76 7 46 53
split_gain=7.14324 35.8427 8.42799 19.5785 14.7459 4.93627
threshold=0.14085000008344653 0.37500000000000006 0.62659689784049999 9.1577000617980975 0.20949968695640567 1.8635416626930239
decision_type=2 2 2 2 2 2
left_child=1 -1 4 -4 -2 -3
right_child=2 5 3 -5 -6 -7
leaf_value=-0.089453390862555979 -0.020840932216666511 -0.0072649308925352343 0.015728227885526417 -0.022063681714586083 0.018675184915241543 0.098245833983212058
leaf_weight=57.214400703835963 170.4299749444217 8.8145449022704288 336.66488780116651 477.19267511246289 672.78566301027058 23.166497935464577
leaf_count=469 14910 272 94065 10260 133784 882
internal_value=0.000499891 -0.0325807 0.00228052 -0.00643047 0.0106882 0.0691652
internal_weight=1746.27 89.1954 1657.07 813.858 843.216 31.981
internal_count=254642 1623 253019 104325 148694 1154
is_linear=0
shrinkage=0.12


Tree=182
num_leaves=8
num_cat=0
split_feature=28 46 77 7 82 8 7
split_gain=6.21216 32.4751 65.2197 8.8525 7.25307 12.9761 10.9218
threshold=111.46908187866212 0.22314354777336123 1.0000000180025095e-35 11.113100051879885 1.0000000180025095e-35 12.444991111755373 9.9610500335693377
decision_type=2 2 2 2 2 2 2
left_child=4 2 -2 -3 5 -1 -6
right_child=1 3 -4 -5 6 -7 -8
leaf_value=0.0093857396729067587 -0.22957181428339918 0.073397633648356803 0.05885844809903179 -0.048925067297367453 8.7284927710606835e-05 -0.013111217824360153 0.066894304666799381
leaf_weight=853.74699755617257 25.39278300069509 33.517550789736561 20.325315576046705 11.423000790717195 85.145475176793298 650.50864452304859 60.118965500121703
leaf_count=189767 1526 7060 1547 122 42348 8801 3471
internal_value=0.000448932 -0.0301341 -0.101342 0.0423056 0.00212979 -0.000342969 0.027736
internal_weight=1740.18 90.6587 45.7181 44.9406 1649.52 1504.26 145.264
internal_count=254642 10255 3073 7182 244387 198568 45819
is_linear=0
shrinkage=0.12


Tree=183
num_leaves=7
num_cat=0
split_feature=22 85 85 8 29 63
split_gain=6.01971 28.5692 8.69411 39.0841 19.7637 2.5795
threshold=0.14085000008344653 0.37500000000000006 0.37500000000000006 12.766571998596193 10.277011871337892 1.0267308354377749
decision_type=2 2 2 2 2 2
left_child=1 -1 4 -4 -2 -3
right_child=2 5 3 -5 -6 -7
leaf_value=-0.081108965219934159 -0.015175178724498344 0.039203551022113918 0.01226043903738986 -0.039477158110809402 0.026595011129032311 0.11409863419188855
leaf_weight=56.330057582286372 251.10293508368841 21.019902065047066 608.00576005547373 321.40244295125376 465.51789500421182 9.6677126352151372
leaf_count=469 14675 691 137541 5246 95557 463
internal_value=0.000400762 -0.0303587 0.00202687 -0.00563115 0.0119588 0.0627982
internal_weight=1733.05 87.0177 1646.03 929.408 716.621 30.6876
internal_count=254642 1623 253019 142787 110232 1154
is_linear=0
shrinkage=0.12


Tree=184
num_leaves=8
num_cat=0
split_feature=59 0 53 5 76 24 81
split_gain=5.47221 8.68414 9.95558 9.08075 8.35868 22.1572 15.2669
threshold=19999947.000000004 48.551748275756843 2.2385416030883794 3.698950052261353 0.67369806766510021 3.3546322584152226 1.0000000180025095e-35
decision_type=2 2 2 2 2 2 2
left_child=4 3 -3 -2 6 -6 -1
right_child=1 2 -4 -5 5 -7 -8
leaf_value=0.016184055890260233 -0.0040730383826278523 0.028268772827223766 -0.25693201258319576 -0.089042076905419612 -0.026246830077912699 0.017264006902557447 -0.035730021541755377
leaf_weight=762.84126407916028 158.52587103685346 2.8802970968099535 4.5415013891688432 20.448078366378013 384.29308520906716 300.17238541827282 91.339804464943882
leaf_count=121572 33505 842 460 985 7008 82674 7596
internal_value=0.00036297 -0.0190555 -0.14625 -0.0137809 0.00271537 -0.00716515 0.0106327
internal_weight=1725.04 186.396 7.4218 178.974 1538.65 684.465 854.181
internal_count=254642 35792 1302 34490 218850 89682 129168
is_linear=0
shrinkage=0.12


Tree=185
num_leaves=7
num_cat=0
split_feature=58 13 19 29 77 77
split_gain=8.13496 14.0092 7.86496 7.46788 37.9092 20.4888
threshold=0.35056458413600927 0.57449999451637279 0.30520834028720861 6.1685874462127694 1.0000000180025095e-35 1.0000000180025095e-35
decision_type=2 2 2 2 2 2
left_child=3 -2 -3 4 -1 -5
right_child=1 2 -4 5 -6 -7
leaf_value=-0.039397890225291478 -0.15910800282235898 -0.0013734371013737435 -0.08810039637588539 0.016556737107815151 0.033669135323104012 -0.018238479176510235
leaf_weight=273.4488977887388 11.294300585512245 78.868902256659567 18.610503644165874 827.21625650331544 163.32009194406055 345.46206375155452
leaf_count=13808 167 14918 2310 161919 13172 47820
internal_value=-0.000828818 -0.0325899 -0.0179311 0.00131774 -0.0120761 0.00630633
internal_weight=1718.22 108.774 97.4794 1609.45 436.769 1172.68
internal_count=254114 17395 17228 236719 26980 209739
is_linear=0
shrinkage=0.12


Tree=186
num_leaves=8
num_cat=0
split_feature=19 51 55 51 41 41 77
split_gain=6.41478 8.78802 11.9631 8.65461 8.60664 9.73092 9.56486
threshold=0.27864582836627966 0.29449133574962622 0.070545561611652388 0.056423557922244079 0.20552824437618258 0.038004949688911445 1.0000000180025095e-35
decision_type=2 2 2 2 2 2 2
left_child=4 3 -3 -2 5 -1 -6
right_child=1 2 -4 -5 6 -7 -8
leaf_value=-0.0025125063093011436 0.012959340563538549 0.11977550350094941 0.0045387867101824844 -0.021671990999962257 0.008013919328525073 0.023629075622236487 -0.046376510676996392
leaf_weight=405.42145057158996 131.80547111022452 16.246767088508932 64.37042687592384 491.0487725629705 97.953126865251761 414.87417579252178 88.734861063991048
leaf_count=90639 15931 2612 7982 64053 10029 52863 10005
internal_value=-0.000725842 -0.00951817 0.0277624 -0.0143435 0.00541642 0.0107089 -0.0178385
internal_weight=1710.46 703.471 80.6172 622.854 1006.98 820.296 186.688
internal_count=254114 90578 10594 79984 163536 143502 20034
is_linear=0
shrinkage=0.12


Tree=187
num_leaves=8
num_cat=0
split_feature=58 11 13 47 36 28 77
split_gain=6.20738 12.2436 8.89878 7.99702 7.15118 21.3429 13.861
threshold=0.74748352169990551 1.0000000180025095e-35 0.57449999451637279 0.069766402244567885 36.534725189208991 68.951004028320327 1.0000000180025095e-35
decision_type=2 2 2 2 2 2 2
left_child=4 2 -2 -3 5 -1 -6
right_child=1 3 -4 -5 6 -7 -8
leaf_value=0.013626689152400976 -0.30686338125363299 0.067695372920984501 -0.081495467018118745 -0.029852853784314862 0.017646893802875704 -0.029187394262624032 -0.013476141616205667
leaf_weight=325.72060957440976 3.0049310437716512 15.477336280229791 15.729487530985351 55.489741088968003 649.00508171136607 345.52521029495256 301.91981626996858
leaf_count=23842 33 1628 4276 7556 148503 26302 41974
internal_value=-0.000627994 -0.031357 -0.117644 -0.00857839 0.00107123 -0.00841195 0.00776529
internal_weight=1711.87 89.7015 18.7344 70.9671 1622.17 671.246 950.925
internal_count=254114 13493 4309 9184 240621 50144 190477
is_linear=0
shrinkage=0.12


Tree=188
num_leaves=8
num_cat=0
split_feature=88 33 2 6 69 0 31
split_gain=7.2786 46.4059 27.7037 21.265 28.2437 24.7817 14.0976
threshold=0.9194999933242799 0.20432233810424807 140.31500244140628 7.3680500984191903 1.5000000000000002 36.731851577758796 0.11562499776482583
decision_type=2 2 2 2 2 2 2
left_child=1 6 -3 4 -2 -5 -1
right_child=3 2 -4 5 -6 -7 -8
leaf_value=0.080134918455531695 -0.023567720174060607 0.08775031043313862 -0.0028683366601253172 0.038440690809525703 0.097149929638808946 -0.054697924893532611 -0.12526737039342833
leaf_weight=5.2744568176567546 43.015940882578434 50.44867165015603 1312.1189613825454 77.150192549539497 79.467760316349086 88.127065487591608 54.841780726478646
leaf_count=38 796 2577 208235 3200 25254 1678 12336
internal_value=-0.000544941 -0.00406551 0.000486792 0.0168607 0.0547542 -0.0112215 -0.107246
internal_weight=1710.44 1422.68 1362.57 287.761 122.484 165.277 60.1162
internal_count=254114 223186 210812 30928 26050 4878 12374
is_linear=0
shrinkage=0.12


Tree=189
num_leaves=8
num_cat=0
split_feature=88 33 34 8 69 81 28
split_gain=5.86421 40.4598 23.6668 18.3411 33.8396 21.5545 12.5525
threshold=0.9194999933242799 0.20432233810424807 1.2389857172966006 10.729324817657472 1.5000000000000002 1.0000000180025095e-35 11.372304916381838
decision_type=2 2 2 2 2 2 2
left_child=1 6 -3 4 -2 -5 -1
right_child=3 2 -4 5 -6 -7 -8
leaf_value=0.069455239595475129 -0.026890701074126059 -0.0027019395994493088 0.080179907950183357 0.0087132868469394879 0.10956428074318941 -0.11077769259314395 -0.12411747175101533
leaf_weight=5.3499676156789056 44.127059115075099 1310.2063730947043 51.564172111793596 147.24720441131103 64.311364112957563 25.503718436913914 49.064629646191179
leaf_count=38 847 208011 2801 4105 25654 322 12336
internal_value=-0.000475144 -0.00361809 0.000436426 0.015354 0.0540364 -0.00892751 -0.105086
internal_weight=1697.37 1416.19 1361.77 281.189 108.438 172.751 54.4146
internal_count=254114 223186 210812 30928 26501 4427 12374
is_linear=0
shrinkage=0.12


Tree=190
num_leaves=7
num_cat=0
split_feature=24 82 10 24 81 50
split_gain=7.99297 13.2375 9.05215 37.8041 19.5687 6.84839
threshold=0.81030231714248668 1.0000000180025095e-35 2.5000000000000004 4.1020710468292245 1.0000000180025095e-35 0.21811801940202716
decision_type=2 2 2 2 2 2
left_child=1 5 4 -4 -2 -1
right_child=2 -3 3 -5 -6 -7
leaf_value=-0.092029979501678877 0.014334968323585369 0.04431982848612788 -0.046395350109284118 0.031451762795820425 -0.032396579703445047 -0.026604942231408697
leaf_weight=31.864789515451776 1025.7572266450456 30.390830859192647 210.2477641656892 156.83870004110213 147.60121449801409 83.180068804447728
leaf_count=469 189344 460 3311 47449 12330 1102
internal_value=0.00077239 -0.0261188 0.00331122 -0.013135 0.00845643 -0.0447262
internal_weight=1685.88 145.436 1540.44 367.086 1173.36 115.045
internal_count=254465 2031 252434 50760 201674 1571
is_linear=0
shrinkage=0.12


Tree=191
num_leaves=8
num_cat=0
split_feature=57 64 47 46 58 70 19
split_gain=7.38589 8.06182 11.0769 6.49908 2.9458 1.90186 0.865768
threshold=21.300000190734867 2.5000000000000004 0.11701248586177827 0.6231156885623933 0.54063427448272716 21.500000000000004 0.30364583432674414
decision_type=2 2 2 2 2 2 2
left_child=1 3 -3 -1 6 -6 -2
right_child=4 2 -4 -5 5 -7 -8
leaf_value=0.0037488874373948732 0.11486773057699558 -0.22116700702652534 0.025203221644259522 -0.018812677168191669 0.095642560079519781 -0.27576258429097333 0.2190999092049836
leaf_weight=1454.4344705139588 1.9738577783969038 5.5438734640338208 4.9961262272299791 210.45929282277029 0.43593181203323172 0.36458237975966767 2.7410609382095572
leaf_count=206574 1264 704 1222 43799 253 469 180
internal_value=0.000690954 0.000234569 -0.104384 0.000896879 0.139328 -0.0735084 0.175464
internal_weight=1680.95 1675.43 10.54 1664.89 5.51543 0.800514 4.71492
internal_count=254465 252299 1926 250373 2166 722 1444
is_linear=0
shrinkage=0.12


Tree=192
num_leaves=8
num_cat=0
split_feature=24 83 88 88 33 24 22
split_gain=6.08429 11.9751 11.246 7.69211 43.1167 22.1042 4.99765
threshold=0.81030231714248668 1.0000000180025095e-35 1.0000000180025095e-35 0.78127142786979686 0.20432233810424807 3.8365951776504521 2.7753750085830693
decision_type=2 2 2 2 2 2 2
left_child=1 2 -1 4 -2 -5 -3
right_child=3 6 -4 5 -6 -7 -8
leaf_value=0.025335728471708868 -0.11295636845352554 -0.11902819287483637 -0.064944539715075023 -0.0040390987965282926 0.002997812623446003 0.060667785760280743 -0.038471209224767641
leaf_weight=71.671088104129012 48.098009706098765 20.017182065813813 27.489864238770679 213.41417259733862 1156.8020805689903 118.08511468287452 24.865561622606037
leaf_count=854 12419 549 228 5387 197353 37275 400
internal_value=0.000611842 -0.0229701 0.000307809 0.00282274 -0.00163092 0.0190105 -0.0743987
internal_weight=1680.44 144.044 99.161 1536.4 1204.9 331.499 44.8827
internal_count=254465 2031 1082 252434 209772 42662 949
is_linear=0
shrinkage=0.12


Tree=193
num_leaves=8
num_cat=0
split_feature=19 88 29 2 31 0 47
split_gain=6.49853 8.63356 8.4713 36.3073 25.2052 8.43447 1.82565
threshold=0.23671875149011615 1.2847285866737368 6.9506075382232675 173.5100021362305 0.50104168057441723 119.5795021057129 0.14450763165950778
decision_type=2 2 2 2 2 2 2
left_child=1 5 3 -2 -4 -1 -3
right_child=2 6 4 -5 -6 -7 -8
leaf_value=0.016312932873858405 0.015300211342930839 0.23271773133767937 -0.022448791288025682 -0.055841889341112914 0.017665936315195661 -0.24560061938809299 0.089954180015870605
leaf_weight=263.10467273120412 226.79283363028071 2.9415819569408077 351.12180757713577 189.71072093645398 630.69038013081808 1.7825290829059657 2.2971691729435406
leaf_count=44882 16928 400 72040 8569 111089 132 425
internal_value=0.000528077 0.0175674 -0.00276358 -0.0171039 0.00331986 0.0145504 0.170117
internal_weight=1668.44 270.126 1398.32 416.504 981.812 264.887 5.23875
internal_count=254465 45839 208626 25497 183129 45014 825
is_linear=0
shrinkage=0.12


Tree=194
num_leaves=7
num_cat=0
split_feature=57 57 13 19 5 12
split_gain=6.16328 7.37906 29.2454 6.66554 2.82825 0.50666
threshold=21.300000190734867 14.118750095367433 0.57449999451637279 0.29270832240581518 2.7508499622344975 2.3145500421524052
decision_type=2 2 2 2 2 2
left_child=1 3 -3 -1 5 -2
right_child=4 2 -4 -5 -6 -7
leaf_value=0.005871202227665049 0.19282892340045096 -0.34113134976350967 0.0015184094904987454 -0.011017385412146819 -0.059942476222863236 0.095432764307316939
leaf_weight=1164.3074880107097 3.3539520454178264 4.5179344365606111 17.405876899041687 473.32583685740565 0.93105183702300554 0.99797605821368041
leaf_count=189839 305 54 5389 57017 357 1504
internal_value=0.000475998 6.40482e-05 -0.0690929 0.000989887 0.129883 0.170494
internal_weight=1664.84 1659.56 21.9238 1637.63 5.28298 4.35193
internal_count=254465 252299 5443 246856 2166 1809
is_linear=0
shrinkage=0.12


Tree=195
num_leaves=8
num_cat=0
split_feature=54 57 47 77 2 14 28
split_gain=8.93985 13.2553 24.0705 10.9871 10.6936 13.836 11.546
threshold=0.30575016140937811 12.893749713897707 0.29379001259803778 1.0000000180025095e-35 296.80999755859381 0.74485000967979442 111.46908187866212
decision_type=2 2 2 2 2 2 2
left_child=4 3 -3 -2 6 -6 -1
right_child=1 2 -4 -5 5 -7 -8
leaf_value=0.0010736467530795576 -0.0027088542828178192 -0.082866934842020928 -0.7140687382294657 -0.063164544008103674 0.013874357460213519 0.091207919056318504 -0.054586946605749934
leaf_weight=1062.6253388556916 183.86403947314648 4.574426128587219 1.0743010248679636 56.618225941710989 250.7112699096142 38.419933992508959 56.520283781970647
leaf_count=140109 44443 2121 400 5763 9201 46405 5776
internal_value=-0.000110157 -0.0212103 -0.202912 -0.0169423 0.00357762 0.0241505 -0.00173738
internal_weight=1654.41 246.131 5.64873 240.482 1408.28 289.131 1119.15
internal_count=254218 52727 2521 50206 201491 55606 145885
is_linear=0
shrinkage=0.12


Tree=196
num_leaves=8
num_cat=0
split_feature=46 63 12 77 2 41 33
split_gain=7.45027 7.92888 14.7365 7.24917 16.341 14.2141 6.60812
threshold=0.63185855746269237 19999973.000000004 2.3145500421524052 1.0000000180025095e-35 451.14500427246099 0.1089121736586094 0.21150749176740649
decision_type=2 2 2 2 2 2 2
left_child=1 6 -3 5 -5 -2 -1
right_child=3 2 -4 4 -6 -7 -8
leaf_value=-0.009152092834258288 -0.02405057852993912 -0.10852022822062139 0.044452250670498905 -0.016482867631316601 -0.17042532411300224 0.085606111183932562 0.0092697375072268856
leaf_weight=384.06683143643204 124.18255912731729 24.041964147801991 14.560377640003024 32.616496606533474 14.275282458576838 19.725873793444407 1038.8059025241746
leaf_count=27355 33695 4319 6577 4897 88 3118 174169
internal_value=-7.01125e-05 0.00284141 -0.0508207 -0.0223715 -0.0633476 -0.00901967 0.00429725
internal_weight=1652.28 1461.48 38.6023 190.8 46.8918 143.908 1422.87
internal_count=254218 212420 10896 41798 4985 36813 201524
is_linear=0
shrinkage=0.12


Tree=197
num_leaves=7
num_cat=0
split_feature=41 33 76 41 53 61
split_gain=6.58666 15.9841 13.5633 9.91418 10.1494 5.72242
threshold=0.019481053575873378 0.2097679600119591 0.96128329634666454 0.10394232347607614 2.2135417461395268 10.809374809265138
decision_type=2 2 2 2 2 2
left_child=1 -1 -3 5 -5 -2
right_child=3 2 -4 4 -6 -7
leaf_value=-0.092889834478551911 0.024833059661812078 -0.011910462249108193 0.054078695816582451 0.01160860294962239 -0.016928790591904323 -0.038754015274595668
leaf_weight=32.106587867270719 353.22806862424545 473.55056008863994 49.544742425332515 352.69921379137304 365.3738336292372 21.627856466582671
leaf_count=517 43697 118223 5042 41511 40601 4627
internal_value=-6.10942e-05 -0.0107047 -0.00566033 0.0053458 -0.00291195 0.0211643
internal_weight=1648.13 555.202 523.095 1092.93 718.073 374.856
internal_count=254218 123782 123265 130436 82112 48324
is_linear=0
shrinkage=0.12


Tree=198
num_leaves=7
num_cat=0
split_feature=24 10 15 0 53 53
split_gain=6.09733 6.84232 30.1807 14.2963 2.62864 2.49256
threshold=0.52394732832908641 2.5000000000000004 1.4757580161094668 69.028301239013686 1.9382812380790713 2.1864583492279057
decision_type=2 2 2 2 2 2
left_child=4 3 -3 -2 -1 -6
right_child=1 2 -4 -5 5 -7
leaf_value=0.0017251119542099371 0.0036770934846757568 -0.047220386919759924 0.021935267389043601 0.085886952007300829 -0.082409350936918715 -0.02722900206726292
leaf_weight=19.782440119863168 1186.0556982916332 183.49824623639461 180.02817862399843 31.263557478396251 20.178240468192598 28.349686520570685
leaf_count=339 196603 1537 49186 5831 291 431
internal_value=-4.25703e-05 0.0014742 -0.0129726 0.00578843 -0.0351437 -0.0501734
internal_weight=1649.16 1580.85 363.526 1217.32 68.3104 48.5279
internal_count=254218 253157 50723 202434 1061 722
is_linear=0
shrinkage=0.12


Tree=199
num_leaves=7
num_cat=0
split_feature=41 88 76 72 33 62
split_gain=5.62511 11.1027 6.68958 12.5465 11.8548 3.24075
threshold=0.6449771821498872 0.71267142891883861 0.96128329634666454 0.85156250000000011 0.21150749176740649 -1.0000000180025095e-35
decision_type=2 2 2 2 2 2
left_child=2 5 3 -1 -4 -2
right_child=1 -3 4 -5 -6 -7
leaf_value=-0.10090340287561513 0.1015351132623422 -0.23739844582469424 -0.031173214560680101 -0.00030236416742380692 0.053160085857688229 -0.0498140443771731
leaf_weight=18.066958122428332 2.8831430362697565 4.2578275837877291 33.965553755508154 1498.3488388088272 81.82849042412272 6.9439990168029899
leaf_count=1485 423 426 1259 242366 7642 617
internal_value=-2.96669e-05 -0.0755394 0.000621936 -0.00150095 0.0284228 -0.00541036
internal_weight=1646.29 14.085 1632.21 1516.42 115.794 9.82714
internal_count=254218 1466 252752 243851 8901 1040
is_linear=0
shrinkage=0.12


Tree=200
num_leaves=7
num_cat=0
split_feature=34 45 29 46 33 15
split_gain=6.60602 16.9092 16.8227 13.4492 12.1571 15.8109
threshold=0.96790000796318065 0.92395833134651195 3.4596813917160039 0.22750974446535113 0.22382500022649768 0.65792000293731701
decision_type=2 2 2 2 2 2
left_child=4 3 -3 -2 -1 -6
right_child=1 2 -4 -5 5 -7
leaf_value=-0.10647237914788955 0.010983568812720097 0.0055953465459610222 -0.085511261602213992 -0.024520127253822323 -0.0025804733174866873 0.032480076605874104
leaf_weight=13.17443884044769 487.29887334394652 48.972824924634097 72.229310180788161 224.392226160463 527.43533019014831 285.46257974867331
leaf_count=476 31165 7555 3040 45466 8681 158193
internal_value=0.000274783 -0.00726653 -0.0486988 -0.000210548 0.00787837 0.00973162
internal_weight=1658.97 832.893 121.202 711.691 826.072 812.898
internal_count=254576 87226 10595 76631 167350 166874
is_linear=0
shrinkage=0.12


Tree=201
num_leaves=8
num_cat=0
split_feature=82 24 88 8 16 85 85
split_gain=6.70537 10.9222 15.2964 12.2268 6.89082 8.51291 6.63574
threshold=1.0000000180025095e-35 2.2041670083999638 0.33602499961853033 14.240553855895998 1.0640814900398257 0.62500000000000011 1.0000000180025095e-35
decision_type=2 2 2 2 2 2 2
left_child=4 3 -3 -2 6 -6 -1
right_child=1 2 -4 -5 5 -7 -8
leaf_value=-0.0077342752302096756 0.1117531989173061 -0.020488592025703984 0.11262995648954965 -0.0060107662192356711 0.0089562199282416204 -0.0097911928071758199 -0.069195554113010302
leaf_weight=65.226362746317932 33.814461234607734 80.587786848804171 14.697027030905245 20.327317008748651 737.33166820170709 661.87750694190345 41.320558209995966
leaf_count=461 2315 33733 11596 224 120027 85155 1065
internal_value=0.000253956 0.0244996 4.40283e-05 0.0675392 -0.0021521 8.80028e-05 -0.0315699
internal_weight=1655.18 149.427 95.2848 54.1418 1505.76 1399.21 106.547
internal_count=254576 47868 45329 2539 206708 205182 1526
is_linear=0
shrinkage=0.12


Tree=202
num_leaves=8
num_cat=0
split_feature=82 8 88 8 7 57 22
split_gain=5.42198 8.92528 13.4694 10.9495 7.94099 8.60277 6.28703
threshold=1.0000000180025095e-35 12.551628112792971 0.33602499961853033 14.240553855895998 11.483049869537355 0.31406250596046453 1.0000000180025095e-35
decision_type=2 2 2 2 2 2 2
left_child=4 2 -2 -3 6 -6 -1
right_child=1 3 -4 -5 5 -7 -8
leaf_value=-0.057798705259675162 -0.017936872207602397 0.10830645298793934 0.11184996504060972 -0.0052773715952056828 -0.084166020366627431 -0.012006597697292403 0.0018036348647758058
leaf_weight=25.972564635424078 80.933078186092644 30.549659225071082 13.424519401239648 20.370950490236282 32.49580582935323 88.815386388125035 1357.0177684878281
leaf_count=540 33758 2272 11614 224 403 1122 204643
internal_value=0.000240083 0.0223782 0.000528264 0.0628669 -0.00189791 -0.031336 0.000684303
internal_weight=1649.58 145.278 94.3576 50.9206 1504.3 121.311 1382.99
internal_count=254576 47868 45372 2496 206708 1525 205183
is_linear=0
shrinkage=0.12


Tree=203
num_leaves=8
num_cat=0
split_feature=10 73 8 84 8 33 11
split_gain=5.28792 28.1057 41.1021 19.2055 124.936 22.8556 10.6111
threshold=2.5000000000000004 102.91423797607423 11.397864818573 10.000000000000002 12.444991111755373 0.274830311536789 1.5000000000000002
decision_type=2 2 2 2 2 2 2
left_child=3 6 -3 5 -5 -1 -2
right_child=1 2 -4 4 -6 -7 -8
leaf_value=-0.010698661063012397 0.10247751398778657 0.018213194026567937 -0.069551334390663952 0.072353708847968545 -0.14422630923070737 0.023831030449862137 -0.016123547415316485
leaf_weight=478.17896406502996 37.589480986793205 150.77160791804454 156.70362173149124 76.65538170763466 76.761541653040695 652.98976149057262 15.278129804246417
leaf_count=40346 1810 46066 1157 11817 751 150928 1701
internal_value=0.000227145 -0.012619 -0.0265157 0.00383066 -0.0360112 0.00923429 0.0682032
internal_weight=1644.93 360.343 307.475 1284.59 153.417 1131.17 52.8676
internal_count=254576 50734 47223 203842 12568 191274 3511
is_linear=0
shrinkage=0.12


Tree=204
num_leaves=7
num_cat=0
split_feature=13 87 69 78 70 33
split_gain=5.05566 10.1765 5.54748 5.89077 3.71031 2.9874
threshold=0.2902000099420548 1.0000000180025095e-35 1.0000000180025095e-35 1.0000000180025095e-35 9.5000000000000018 0.49950060248374945
decision_type=2 2 2 2 2 2
left_child=1 5 4 -4 -2 -1
right_child=2 -3 3 -5 -6 -7
leaf_value=-0.14382508945837855 -0.0067951429323317072 0.043856867011154231 0.0065309066580728579 -0.0099197369396610731 -0.096988171539468773 -0.046584762731325995
leaf_weight=10.762480984770038 12.675286737973694 10.755796645797092 1146.5209038177159 431.38889697227114 13.631021626390973 7.880880106760741
leaf_count=452 275 277 192835 60115 362 260
internal_value=0.000218564 -0.0490942 0.00112228 0.00203342 -0.0535301 -0.10272
internal_weight=1633.62 29.3992 1604.22 1577.91 26.3063 18.6434
internal_count=254576 989 253587 252950 637 712
is_linear=0
shrinkage=0.12


Tree=205
num_leaves=8
num_cat=0
split_feature=24 1 45 33 51 5 51
split_gain=7.17205 7.68202 17.0681 9.73611 6.9253 8.33948 5.52089
threshold=14.218547821044924 6.3546001911163339 0.54479166865348827 0.2097679600119591 0.34625175595283514 0.2653499990701676 0.11076301708817483
decision_type=2 2 2 2 2 2 2
left_child=1 2 -1 -3 6 -6 -2
right_child=4 3 -4 -5 5 -7 -8
leaf_value=0.095479260316386594 -0.098914148190810888 -0.02091301721952785 -0.010408489168168821 0.003812884690527733 0.012762477655334097 -0.38118323282813255 0.025241532772849139
leaf_weight=38.652028377987335 10.750807630290188 281.83935500278812 50.640943294205499 1230.644959211093 1.2677065099996974 1.986107110402372 9.9131237397468777
leaf_count=16099 4856 22736 17098 186018 391 584 6139
internal_value=0.000250657 0.00122462 0.0354269 -0.000794589 -0.0649759 -0.227699 -0.0393528
internal_weight=1625.7 1601.78 89.293 1512.48 23.9177 3.25381 20.6639
internal_count=253921 241951 33197 208754 11970 975 10995
is_linear=0
shrinkage=0.12


Tree=206
num_leaves=8
num_cat=0
split_feature=43 15 22 22 43 0 15
split_gain=5.37269 5.63993 6.08513 5.67643 3.7987 4.9201 4.74153
threshold=-4.1983833312988272 12.54490375518799 1.4692833423614504 4.1465001106262216 -8.2315783500671369 76.923751831054702 0.35544049739837652
decision_type=2 2 2 2 2 2 2
left_child=4 2 -2 -3 6 -6 -1
right_child=1 3 -4 -5 5 -7 -8
leaf_value=-0.079034010392633663 -0.0083035514113835342 -0.085687348956415305 0.0073475195470432365 0.097274875834083258 -0.072506936250260626 -0.29167904586106286 0.05404939065344417
leaf_weight=8.5116518489958271 548.19548200019926 18.029365994550975 1029.5376211216112 2.8243445350490211 7.5092525466952775 1.8354072690926839 7.0466138012088768
leaf_count=129 41343 8288 199030 393 1953 76 2709
internal_value=0.000228372 0.00108998 0.00190943 -0.0609077 -0.0550806 -0.115555 -0.0187582
internal_weight=1623.49 1598.59 1577.73 20.8537 24.9029 9.34466 15.5583
internal_count=253921 249054 240373 8681 4867 2029 2838
is_linear=0
shrinkage=0.12


Tree=207
num_leaves=7
num_cat=0
split_feature=15 81 78 81 88 88
split_gain=5.13711 86.9452 41.4447 22.2978 37.5363 19.6254
threshold=0.13063850253820422 1.0000000180025095e-35 1.0000000180025095e-35 1.0000000180025095e-35 1.0000000180025095e-35 0.33602499961853033
decision_type=2 2 2 2 2 2
left_child=1 2 -1 5 -5 -2
right_child=3 -3 -4 4 -6 -7
leaf_value=0.027736923048517811 -0.01403011586970195 -0.16786586217552332 -0.047600860612591098 0.084018646466766753 -0.03229883297010136 0.024969021097786728
leaf_weight=351.06013165228705 636.50542356746109 45.620777430973249 150.1099974013473 115.99899100447692 60.938057616755032 262.41636463130772
leaf_count=5532 164704 539 1873 18257 6341 56675
internal_value=0.000205637 -0.00926535 0.00517182 0.00501914 0.0439583 -0.00264535
internal_weight=1622.65 546.791 501.17 1075.86 176.937 898.922
internal_count=253921 7944 7405 245977 24598 221379
is_linear=0
shrinkage=0.12


Tree=208
num_leaves=7
num_cat=0
split_feature=15 33 77 28 1 53
split_gain=5.21104 5.88282 24.6787 16.1795 4.80763 2.61619
threshold=-1.232878506183624 0.2097679600119591 1.0000000180025095e-35 38.880989074707038 20.1855001449585 2.1239583492279057
decision_type=2 2 2 2 2 2
left_child=4 2 -2 -3 -1 -6
right_child=1 3 -4 -5 5 -7
leaf_value=0.01359552244835106 -0.043532550014785308 -0.020513025973875342 0.022179119179302261 0.012794985252427098 -0.083648247307890861 -0.024302107289867907
leaf_weight=21.097886575775192 175.02593753912129 269.72436264183352 155.34580413527146 948.49110131470661 23.235232875962538 19.821900176375493
leaf_count=361 14073 67994 13570 157268 360 295
internal_value=0.000180259 0.00156864 -0.0126339 0.00542028 -0.0333328 -0.0563275
internal_weight=1612.74 1548.59 330.372 1218.22 64.155 43.0571
internal_count=253921 252905 27643 225262 1016 655
is_linear=0
shrinkage=0.12


Tree=209
num_leaves=7
num_cat=0
split_feature=22 85 57 15 81 53
split_gain=5.11582 31.016 6.04128 13.6015 8.20017 1.8207
threshold=0.14085000008344653 0.37500000000000006 0.52708330750465404 -0.47262749075889582 1.0000000180025095e-35 1.8510416746139529
decision_type=2 2 2 2 2 2
left_child=1 -1 3 -2 -4 -3
right_child=2 5 4 -5 -6 -7
leaf_value=-0.079404007473890745 -0.051522476803767134 0.02353293201043942 0.01248576249151785 -0.00022580172911943082 -0.028432576239186571 0.092550748597797786
leaf_weight=57.014836445444416 84.874683457301217 7.4839634569216313 753.28526155172653 605.08713180159157 77.811044183707054 20.80410215241136
leaf_count=492 1106 253 137772 105716 7658 924
internal_value=0.000160448 -0.0284357 0.00176416 -0.00653599 0.0086548 0.0742912
internal_weight=1606.36 85.3029 1521.06 689.962 831.096 28.2881
internal_count=253921 1669 252252 106822 145430 1177
is_linear=0
shrinkage=0.12


Tree=210
num_leaves=8
num_cat=0
split_feature=1 82 10 81 81 41 57
split_gain=6.94659 8.65493 8.10186 29.3372 15.5068 7.67869 1.40535
threshold=21.230599403381351 1.0000000180025095e-35 2.5000000000000004 1.0000000180025095e-35 1.0000000180025095e-35 0.34579014778137213 2.0890625715255742
decision_type=2 2 2 2 2 2 2
left_child=2 5 4 -4 -1 -2 -3
right_child=1 6 3 -5 -6 -7 -8
leaf_value=0.013403195226507 -0.028068713129620667 0.10359317327344078 -0.030762685151684888 0.056727301166522234 -0.029801972531385255 -0.1536921061464617 0.027496947822997615
leaf_weight=984.22487953234258 111.18667623362444 6.6735854055732471 271.5060530119772 69.271772522923129 136.17259129356353 7.477852136391447 7.336939264616376
leaf_count=188436 5058 374 35683 11905 12403 206 252
internal_value=0.000836854 -0.0254537 0.00322404 -0.0129781 0.00815206 -0.0359851 0.0637436
internal_weight=1593.85 132.675 1461.18 340.778 1120.4 118.665 14.0105
internal_count=254317 5890 248427 47588 200839 5264 626
is_linear=0
shrinkage=0.12


Tree=211
num_leaves=7
num_cat=0
split_feature=7 17 81 81 66 16
split_gain=6.50166 7.32668 19.9308 11.8414 6.65472 3.39332
threshold=11.483049869537355 1.0000000180025095e-35 1.0000000180025095e-35 1.0000000180025095e-35 9.9302082061767596 1.0640814900398257
decision_type=2 2 2 2 2 2
left_child=1 2 -1 -3 5 -2
right_child=4 3 -4 -5 -6 -7
leaf_value=-0.025975912967431306 -0.054778845339975797 0.012763968516935372 0.045089152788628836 -0.024993680193370806 0.024638593729335037 -0.012189058856382842
leaf_weight=284.74968194952362 66.165187854606984 955.20574665217509 70.99956385884434 136.7274154284205 31.996553001321445 45.438758743403014
leaf_count=38056 1027 189181 12689 12426 390 548
internal_value=0.000747582 0.00316338 -0.0117929 0.00803611 -0.0236069 -0.0374387
internal_weight=1591.28 1447.68 355.749 1091.93 143.6 111.604
internal_count=254317 252352 50745 201607 1965 1575
is_linear=0
shrinkage=0.12


Tree=212
num_leaves=7
num_cat=0
split_feature=51 51 41 76 10 72
split_gain=5.8079 13.6077 13.2346 12.0385 9.89755 8.68809
threshold=0.10028896108269693 0.12584757804870608 0.92205202579498302 0.51360192894935619 2.5000000000000004 36.489582061767585
decision_type=2 2 2 2 2 2
left_child=2 3 5 -2 -3 -1
right_child=1 4 -4 -5 -6 -7
leaf_value=0.012919882968868982 -0.073458849936251722 0.00872204895093503 -0.28449264542360364 -0.010190941044842805 -0.024281660822107344 -0.080622288839705028
leaf_weight=607.70565802264935 70.638014600708402 616.19590888781147 2.1944953622587482 111.93460925650106 166.12305876182108 14.642384395978295
leaf_count=93602 14630 101108 170 15664 23209 5934
internal_value=0.000665461 -0.00517049 0.00968175 -0.0346695 0.00171381 0.0107191
internal_weight=1589.43 964.892 624.543 182.573 782.319 622.348
internal_count=254317 154611 99706 30294 124317 99536
is_linear=0
shrinkage=0.12


Tree=213
num_leaves=7
num_cat=0
split_feature=7 66 90 10 16 47
split_gain=5.24167 5.12731 6.82365 4.91957 17.2284 9.78295
threshold=11.483049869537355 9.9302082061767596 0.00070714284083805989 2.5000000000000004 3.4757579565048222 0.45026515424251562
decision_type=2 2 2 2 2 2
left_child=3 2 -2 5 -5 -1
right_child=1 -3 -4 4 -6 -7
leaf_value=0.0045618342521902685 -0.013576227136194311 0.021143916454935484 -0.077779522536488677 -0.035925811563491311 0.016765758343941391 0.065090527118572938
leaf_weight=1047.3846044335774 77.274082022329821 31.930226376192877 34.47159481907147 177.7954605030418 179.64000471894178 39.916592157869218
leaf_count=193916 977 390 598 1534 49211 7691
internal_value=0.000595184 -0.0212641 -0.0333818 0.00276905 -0.00944407 0.00678394
internal_weight=1588.41 143.676 111.746 1444.74 357.435 1087.3
internal_count=254317 1965 1575 252352 50745 201607
is_linear=0
shrinkage=0.12


Tree=214
num_leaves=8
num_cat=0
split_feature=55 1 84 13 87 10 83
split_gain=5.13685 12.732 14.6076 8.04073 13.5166 9.7564 3.97365
threshold=0.035235770046710975 2.4298499822616582 1.0000000180025095e-35 0.2902000099420548 1.0000000180025095e-35 2.5000000000000004 0.37500000000000006
decision_type=2 2 2 2 2 2 2
left_child=1 6 -3 4 -2 -5 -1
right_child=3 2 -4 5 -6 -7 -8
leaf_value=-0.079078554896976808 -0.13736024293126314 0.039250681554026765 -0.031122805686320542 0.0042727740109121531 0.039533378957226695 -0.021085621665051752 -0.32440602944738162
leaf_weight=1.9227711135501968 15.906899528392387 164.21107010115611 57.292992835835776 1058.5143729847996 10.214449355506076 275.30084536983031 1.8806404851493426
leaf_count=588 661 21836 8981 181600 267 40124 260
internal_value=0.000527916 0.0173103 0.0210483 -0.0022525 -0.0681881 -0.000961225 -0.200384
internal_weight=1585.24 225.307 221.504 1359.94 26.1213 1333.82 3.80341
internal_count=254317 31665 30817 222652 928 221724 848
is_linear=0
shrinkage=0.12


Tree=215
num_leaves=8
num_cat=0
split_feature=61 76 29 61 2 51 66
split_gain=6.66854 9.24563 9.92656 7.44583 5.51925 3.66919 2.36615
threshold=9.7958331108093279 0.10479477420449258 10.277011871337892 9.0322918891906756 156.97000122070315 0.15114509314298633 10.938541889190676
decision_type=2 2 2 2 2 2 2
left_child=3 6 -3 4 -1 -5 -2
right_child=1 2 -4 5 -6 -7 -8
leaf_value=0.018970816503960986 0.0061794300842006392 -0.090637861773462447 -0.0087728112600550922 0.13970937779145473 -0.0019013701749734757 0.018782178430088694 0.12312605457246056
leaf_weight=212.98261832042112 4.1371839199209699 36.707846866586351 50.908580946321308 8.2807104599669383 1271.9350869316218 6.410055553802521 6.2624133423960302
leaf_count=19395 942 2741 15725 2482 202611 1480 8352
internal_value=-4.86835e-05 -0.0303736 -0.0430711 0.00193339 0.00109234 0.0869449 0.0766022
internal_weight=1597.62 98.016 87.6164 1499.61 1484.92 14.6908 10.3996
internal_count=253728 27760 18466 225968 222006 3962 9294
is_linear=0
shrinkage=0.12


Tree=216
num_leaves=8
num_cat=0
split_feature=29 2 77 29 2 77 76
split_gain=5.54346 24.6552 33.1218 29.3135 21.0788 25.1589 10.1076
threshold=31.450469970703129 176.19499969482425 1.0000000180025095e-35 4.3908841609954843 180.02500152587893 1.0000000180025095e-35 0.96823161840438854
decision_type=2 2 2 2 2 2 2
left_child=1 3 -3 -1 6 -6 -2
right_child=4 2 -4 -5 5 -7 -8
leaf_value=-0.015462548274078867 -0.13207034955466909 -0.060584801225935542 0.033852149142889358 0.054043925305602668 0.022067930075829946 -0.020413909734488016 0.1068919794496242
leaf_weight=223.32336997526227 21.671315188611519 203.36535733502524 72.562247333677078 143.52717182279366 636.28628900528906 293.27275998707682 2.8886346617109657
leaf_count=20351 4037 10314 8007 11364 154867 44535 253
internal_value=-3.72767e-05 -0.00865126 -0.0357502 0.0117313 0.00576585 0.00866505 -0.103965
internal_weight=1596.9 642.778 275.928 366.851 954.119 929.559 24.5599
internal_count=253728 50036 18321 31715 203692 199402 4290
is_linear=0
shrinkage=0.12


Tree=217
num_leaves=6
num_cat=0
split_feature=51 5 85 78 13
split_gain=5.59485 5.5316 22.2237 5.71009 1.30148
threshold=0.8903389871120454 4.170300006866456 0.37500000000000006 1.0000000180025095e-35 6.501699924468995
decision_type=2 2 2 2 2
left_child=1 3 -3 -1 -2
right_child=4 2 -4 -5 -6
leaf_value=0.0051910995997826569 0.078920393092312288 -0.11647749279848965 0.071849360912398408 -0.011126957158743574 0.20392401755069597
leaf_weight=1121.3565153116342 3.2835469030142113 23.910212521743915 14.49198645947399 426.14260316820446 1.8895677266227719
leaf_count=192062 402 263 652 59866 483
internal_value=-1.25021e-05 -0.000418916 -0.0454079 0.000697514 0.12458
internal_weight=1591.07 1585.9 38.4022 1547.5 5.17311
internal_count=253728 252843 915 251928 885
is_linear=0
shrinkage=0.12


Tree=218
num_leaves=8
num_cat=0
split_feature=58 49 47 49 32 29 49
split_gain=5.31589 8.17512 15.039 8.29894 7.56887 6.18232 0.545403
threshold=0.036048788577318198 1.7239583730697634 0.043740484863519676 1.276041626930237 3.9956747293472294 6.1685874462127694 1.1010416746139529
decision_type=2 2 2 2 2 2 2
left_child=4 3 -3 -2 6 -6 -1
right_child=1 2 -4 -5 5 -7 -8
leaf_value=0.12037029003049514 -0.042651153286695304 -0.32892729242841845 -0.04782105201918814 0.026685700163054982 -0.011589018254913075 0.0061164540114172512 0.20379737159493208
leaf_weight=3.3999025049752154 53.641726322788145 3.3015981162861889 16.128174609398229 46.32381753791924 385.40140008267895 1079.2316310650422 1.6889648777687396
leaf_count=987 9952 71 2242 9108 26291 204900 177
internal_value=-1.31201e-05 -0.024364 -0.0955879 -0.0105206 0.00196507 0.00145746 0.148059
internal_weight=1589.12 119.395 19.4298 99.9655 1469.72 1464.63 5.08887
internal_count=253728 21373 2313 19060 232355 231191 1164
is_linear=0
shrinkage=0.12


Tree=219
num_leaves=7
num_cat=0
split_feature=61 28 69 61 59 5
split_gain=4.75125 10.4899 9.42086 5.94981 5.01435 3.36144
threshold=9.7958331108093279 116.38683700561525 24.500000000000004 9.0322918891906756 19999947.000000004 1.7884500026702883
decision_type=2 2 2 2 2 2
left_child=3 2 -2 4 -1 -5
right_child=1 -3 -4 5 -6 -7
leaf_value=0.0032882045944545926 -0.014503000188768203 -0.27458346756442081 -0.30772083819459489 0.011839939663738131 -0.019828886821064848 0.13023094709795169
leaf_weight=1325.7867199631587 93.109005397314831 2.3793102111424096 1.6050737649857172 6.0616649244475402 150.45024697404369 8.0259035594208381
leaf_count=193531 26573 302 885 2332 28475 1630
internal_value=-2.77557e-06 -0.0257236 -0.019472 0.00167292 0.000932233 0.0792891
internal_weight=1587.42 97.0934 94.7141 1490.32 1476.24 14.0876
internal_count=253728 27760 27458 225968 222006 3962
is_linear=0
shrinkage=0.12


Tree=220
num_leaves=8
num_cat=0
split_feature=19 33 45 28 77 33 24
split_gain=7.56275 8.09651 18.3304 10.134 6.08473 20.8262 12.0304
threshold=0.24921874701976779 0.27169610559940344 0.92395833134651195 79.452453613281264 1.0000000180025095e-35 0.20088300853967669 2.8238923549652104
decision_type=2 2 2 2 2 2 2
left_child=4 2 -2 -3 5 -1 -6
right_child=1 3 -4 -5 6 -7 -8
leaf_value=-0.12297893711116618 -0.0058885044901221557 -0.0078968789753389723 -0.062628902478671367 0.025152144390629707 -0.043727573957018415 0.024956055276822424 0.033396310289596325
leaf_weight=14.274537139414859 352.28962382841542 457.9645533304224 106.85612554471231 188.63925798065247 71.142973156163862 342.55208043197399 49.312637061334499
leaf_count=3259 27823 103481 8943 32920 1219 58783 17697
internal_value=-0.00145879 -0.00690803 -0.0190936 0.0017448 0.0111658 0.019038 -0.0121543
internal_weight=1583.03 1105.75 459.146 646.604 477.282 356.827 120.456
internal_count=254125 173167 36766 136401 80958 62042 18916
is_linear=0
shrinkage=0.12


Tree=221
num_leaves=7
num_cat=0
split_feature=41 51 19 6 51 15
split_gain=6.14413 9.32857 5.93644 7.76 6.05595 2.27037
threshold=0.71931761503219616 0.069947913289070143 0.24921874701976779 9.6870999336242694 0.22124957293272021 1.1670525074005129
decision_type=2 2 2 2 2 2
left_child=2 -2 4 -4 -1 -3
right_child=1 5 3 -5 -6 -7
leaf_value=0.018074455516285677 -0.23647894044943035 -0.060869675827966457 -0.0041747927747997973 -0.078532218675920043 -0.014130177151053861 0.12119900014819872
leaf_weight=359.79962156695819 3.9752056801808058 2.124448340851814 1081.8722174468776 20.595172364802693 109.72515450865103 1.8408502318343378
leaf_count=63126 223 21 171851 686 17485 733
internal_value=-0.00128328 -0.106575 -0.000751423 -0.00556386 0.0105484 0.0236539
internal_weight=1579.93 7.9405 1571.99 1102.47 469.525 3.9653
internal_count=254125 977 253148 172537 80611 754
is_linear=0
shrinkage=0.12


Tree=222
num_leaves=7
num_cat=0
split_feature=23 84 7 22 85 85
split_gain=6.094 13.0002 18.113 5.98085 14.0591 10.5309
threshold=0.14616250246763232 1.0000000180025095e-35 10.495749950408937 0.14085000008344653 0.37500000000000006 0.62500000000000011
decision_type=2 2 2 2 2 2
left_child=1 2 -1 4 -2 -5
right_child=3 -3 -4 5 -6 -7
leaf_value=-0.10825049234016845 -0.065795137376261456 0.05745681299486885 -0.0018003148485206434 0.013604796506402159 0.043932875944505199 -0.0073287984742299488
leaf_weight=39.813658886560006 53.562682675711358 21.112923436296114 54.561008831083427 669.67794839050885 24.50823990808567 716.07904571825929
leaf_count=360 466 543 948 119070 1145 131593
internal_value=-0.00112682 -0.0276653 -0.0467082 0.000966908 -0.031349 0.00278753
internal_weight=1579.32 115.488 94.3747 1463.83 78.0709 1385.76
internal_count=254125 1851 1308 252274 1611 250663
is_linear=0
shrinkage=0.12


Tree=223
num_leaves=8
num_cat=0
split_feature=63 57 49 5 13 88 6
split_gain=5.49088 9.19193 15.4171 7.97004 5.90835 9.19177 6.99903
threshold=19999973.000000004 5.714583396911622 1.2364583015441897 1.5546500086784365 8.469950199127199 0.33602499961853033 0.69299998879432689
decision_type=2 2 2 2 2 2 2
left_child=4 3 -3 -2 6 -6 -1
right_child=1 2 -4 -5 5 -7 -8
leaf_value=0.18859557048404402 0.05614736750957134 -0.85229965427188015 -0.12762754387866623 -0.063328869937629609 -0.052770745547578754 0.061616051485151653 0.0014530899448559665
leaf_weight=2.883453979411569 11.524042442504195 0.49490337404495166 2.8996347348802374 26.59437257790205 59.753709983752742 12.177638685148393 1458.9355687188815
leaf_count=928 5698 896 1420 5954 28344 9662 201223
internal_value=-0.000995494 -0.0440592 -0.23328 -0.0272086 0.000170081 -0.0334056 0.00182223
internal_weight=1575.26 41.513 3.39454 38.1184 1533.75 71.9313 1461.82
internal_count=254125 13968 2316 11652 240157 38006 202151
is_linear=0
shrinkage=0.12


Tree=224
num_leaves=8
num_cat=0
split_feature=19 6 29 35 76 34 41
split_gain=4.91752 8.86278 8.39946 6.91633 5.81291 5.53071 3.95361
threshold=0.23671875149011615 9.6870999336242694 6.1685874462127694 294.35000610351568 0.2342801168560982 0.76678571105003368 0.36529381573200231
decision_type=2 2 2 2 2 2 2
left_child=3 2 -2 6 -5 -3 -1
right_child=1 5 -4 4 -6 -7 -8
leaf_value=-0.027903056099006552 -0.018691923079794781 -0.002833308872811682 0.0032816052029725298 0.10744667761389033 0.017444699479797196 -0.12217097943027293 -0.21077247071059865
leaf_weight=29.390660295617639 339.26513110021574 9.0536024905831614 957.47732140733615 10.862405560588739 212.2666884770731 14.627409949740523 1.8071244537641167
leaf_count=4983 24390 344 183034 5217 35426 496 235
internal_value=-0.000852881 -0.00379587 -0.0024673 0.0144266 0.0218262 -0.0765464 -0.0384957
internal_weight=1574.75 1320.42 1296.74 254.327 223.129 23.681 31.1978
internal_count=254125 208264 207424 45861 40643 840 5218
is_linear=0
shrinkage=0.12


Tree=225
num_leaves=7
num_cat=0
split_feature=28 36 7 24 17 82
split_gain=6.42966 5.63254 7.51073 5.48278 6.06813 3.47367
threshold=11.372304916381838 0.88543996214866649 9.7620501518249529 0.52394732832908641 1.0000000180025095e-35 1.0000000180025095e-35
decision_type=2 2 2 2 2 2
left_child=1 -1 -3 5 -5 -2
right_child=3 2 -4 4 -6 -7
leaf_value=-0.13166836438132462 -0.051712114082141318 0.16940078856174329 0.018390016417145279 -0.01237823166890248 0.0056311340888146894 0.0057145152310049425
leaf_weight=1.8799674281472132 46.973027859955664 8.5857398196978938 10.595828297795377 353.55791442866871 1132.033651869298 22.401403591036797
leaf_count=41 817 3573 351 50076 198905 250
internal_value=0.000697263 0.0665553 0.085983 -0.000194763 0.00134506 -0.0331687
internal_weight=1576.03 21.0615 19.1816 1554.97 1485.59 69.3744
internal_count=254013 3965 3924 250048 248981 1067
is_linear=0
shrinkage=0.12


Tree=226
num_leaves=7
num_cat=0
split_feature=28 81 29 5 83 83
split_gain=5.27196 4.85163 5.02709 4.74579 6.37721 3.73013
threshold=11.372304916381838 1.0000000180025095e-35 0.88543996214866649 4.170300006866456 0.62500000000000011 1.0000000180025095e-35
decision_type=2 2 2 2 2 2
left_child=1 2 -1 4 -2 -5
right_child=3 -3 -4 5 -6 -7
leaf_value=-0.12925574403342963 0.0056134981176650927 -0.089082282283596936 0.10416534784741356 -0.073726096378360986 -0.011768700692832808 0.010707764349588563
leaf_weight=1.4491143885973148 1100.5440961338797 2.6654720238147993 15.977624212939643 22.036631806080095 419.90099180801417 11.44897786655474
leaf_count=36 190096 328 3601 458 59060 434
internal_value=0.000618602 0.0616937 0.0847553 -0.000171094 0.00081306 -0.0448575
internal_weight=1574.02 20.0922 17.4267 1553.93 1520.45 33.4856
internal_count=254013 3965 3637 250048 249156 892
is_linear=0
shrinkage=0.12


Tree=227
num_leaves=7
num_cat=0
split_feature=8 76 76 28 19 6
split_gain=4.87179 5.79349 13.9323 8.05888 3.23468 2.78603
threshold=14.240553855895998 0.71330493688583385 0.76363158226013195 11.372304916381838 0.24635417014360431 8.9072499275207537
decision_type=2 2 2 2 2 2
left_child=1 3 -3 -1 -2 -6
right_child=4 2 -4 -5 5 -7
leaf_value=0.1039004703474681 0.008142823560213678 -0.039777481574787353 0.0036758498829740629 0.0062407552117122594 -0.076633962015005372 -0.016136152134442333
leaf_weight=12.324553042381011 20.153768013698937 145.43650882580391 394.37277486088806 955.63643473998513 24.732454855547985 19.686564937601361
leaf_count=2717 287 14914 65820 169571 326 378
internal_value=0.000547002 0.00192932 -0.00803143 0.00748421 -0.0317301 -0.0498213
internal_weight=1572.34 1507.77 539.809 967.961 64.5728 44.419
internal_count=254013 253022 80734 172288 991 704
is_linear=0
shrinkage=0.12


Tree=228
num_leaves=7
num_cat=0
split_feature=72 23 59 72 71 65
split_gain=4.78068 10.1837 8.24637 6.30237 6.03386 5.79174
threshold=37.389062881469734 0.28695000708103185 19999975.000000004 35.607292175292976 133.50000000000003 43.500000000000007
decision_type=2 2 2 2 2 2
left_child=3 -2 -3 4 -1 -5
right_child=1 2 -4 5 -6 -7
leaf_value=0.0010645415804440073 -0.12217022894493558 0.027656256538742187 -0.19707731913494994 0.1054255733372764 -0.20084197501431564 -0.12333141916821072
leaf_weight=1513.5425387099731 14.178284437269665 22.948096088190599 2.6195961236444409 13.443659203774585 2.1343652954119525 1.8081143823965238
leaf_count=234381 165 13511 1269 2430 770 1487
internal_value=0.000485841 -0.0406021 0.00463067 0.00155257 0.000780218 0.0783062
internal_weight=1570.67 39.746 25.5677 1530.93 1515.68 15.2518
internal_count=254013 14945 14780 239068 235151 3917
is_linear=0
shrinkage=0.12


Tree=229
num_leaves=7
num_cat=0
split_feature=28 2 76 65 76 62
split_gain=4.24526 17.1484 4.32247 11.4461 6.65764 3.9681
threshold=152.29668426513675 265.96499633789068 0.21572367846965793 33.500000000000007 0.22953321039676669 -1.9662662744522093
decision_type=2 2 2 2 2 2
left_child=2 -2 3 -1 -4 -3
right_child=1 5 4 -5 -6 -7
leaf_value=-0.24167569704593628 -0.23730473781800154 -0.032093778636994093 0.082537788711926768 -0.016255343341299203 0.0017006303237606119 0.15260514146152721
leaf_weight=3.3740385472384551 5.0937330733277104 3.5694796356547158 14.820377023988383 83.927268191352255 1455.8897060635684 3.1559726621198934
leaf_count=402 321 374 2999 44415 205083 419
internal_value=0.00043175 -0.0712154 0.00097527 -0.0249674 0.00251523 0.0545777
internal_weight=1569.83 11.8192 1558.01 87.3013 1470.71 6.72545
internal_count=254013 1114 252899 44817 208082 793
is_linear=0
shrinkage=0.12


Tree=230
num_leaves=7
num_cat=0
split_feature=24 90 88 44 58 85
split_gain=6.73049 13.0919 14.7592 8.57288 6.77609 6.26151
threshold=1.04678350687027 0.25002500414848333 0.50337144732475292 -0.46901345252990717 0.16835638880729678 0.62500000000000011
decision_type=2 2 2 2 2 2
left_child=1 2 -1 -2 -5 -3
right_child=3 5 -4 4 -6 -7
leaf_value=0.015528925730160903 -0.27170273456416227 -0.034748498838234908 -0.057541099782154007 0.006088603156830844 -0.02685804967212236 -0.13365857309701909
leaf_weight=133.30663521256656 1.6295977419176768 18.349269794725842 56.752035898363829 1240.0751801606712 96.916957503236745 18.517054156864788
leaf_count=1673 443 189 635 231778 19182 566
internal_value=0.000125528 -0.0189844 -0.00628998 0.00336507 0.00370034 -0.0844286
internal_weight=1565.55 226.925 190.059 1338.62 1336.99 36.8663
internal_count=254466 3063 2308 251403 250960 755
is_linear=0
shrinkage=0.12


Tree=231
num_leaves=5
num_cat=0
split_feature=44 15 83 55
split_gain=5.54844 5.63581 23.7145 6.75802
threshold=-0.3660558015108108 -0.70134299993515004 0.37500000000000006 0.39141750335693365
decision_type=2 2 2 2
left_child=-1 2 -2 -3
right_child=1 3 -4 -5
leaf_value=-0.2075333997150621 0.0012333147435788243 0.0053865046248393689 -0.10063331328797179 -0.031036804603421588
leaf_weight=1.8509860177837243 179.22409091804371 1262.5771728290467 40.310545799944009 77.878527984100401
leaf_count=488 2079 236943 925 14031
internal_value=0.000105063 0.000351434 -0.0174712 0.00327036
internal_weight=1561.84 1559.99 219.535 1340.46
internal_count=254466 253978 3004 250974
is_linear=0
shrinkage=0.12


Tree=232
num_leaves=7
num_cat=0
split_feature=51 88 36 28 41 49
split_gain=5.02672 5.1516 30.7895 17.9361 1.81835 0.848514
threshold=0.8903389871120454 0.94044286012649547 2.6165128946304326 70.180442810058608 0.18187347054481509 1.5213541984558108
decision_type=2 2 2 2 2 2
left_child=1 2 -1 -3 5 -2
right_child=4 3 -4 -5 -6 -7
leaf_value=-0.093714921556380476 0.11363246147466506 -0.018939384175030792 0.00047304400866215963 0.046784106975016684 0.21624272627458352 -0.010575427320749802
leaf_weight=52.039635863302692 2.0852300646802173 112.92423993607895 1261.241269675693 127.08166937284841 1.7875407215997254 1.2770278860480173
leaf_count=12572 585 14237 212371 14353 108 240
internal_value=8.75278e-05 -0.00030489 -0.00325922 0.0158608 0.118449 0.0664567
internal_weight=1558.44 1553.29 1313.28 240.006 5.1498 3.36226
internal_count=254466 253533 224943 28590 933 825
is_linear=0
shrinkage=0.12


Tree=233
num_leaves=8
num_cat=0
split_feature=19 88 36 18 58 54 76
split_gain=4.6546 8.27003 8.88797 6.53568 9.03795 8.48423 6.27983
threshold=0.27864582836627966 1.1614428758621218 6.1685874462127694 1.5000000000000002 0.35056458413600927 -0.10455175116658209 0.50310170650482189
decision_type=2 2 2 2 2 2 2
left_child=1 2 -1 5 -5 -2 -3
right_child=3 6 -4 4 -6 -7 -8
leaf_value=-0.019857048546284374 0.02937995274144543 0.11178728690677502 0.0094980513973692889 -0.019366142751806127 -0.1331340502750705 -0.0089919109293712558 0.021948979327180006
leaf_weight=191.60887118345511 110.69211297608786 17.273671623722294 660.53063136793207 198.76829284353767 10.591031498042865 331.37720901052865 31.888408712772844
leaf_count=12101 10900 2633 145589 35622 2325 41803 3493
internal_value=7.26944e-05 0.00565833 0.00289737 -0.00765546 -0.0251214 0.000616226 0.0535147
internal_weight=1552.73 901.302 852.14 651.429 209.359 442.069 49.1621
internal_count=254466 163816 157690 90650 37947 52703 6126
is_linear=0
shrinkage=0.12


Tree=234
num_leaves=7
num_cat=0
split_feature=24 81 83 85 22 0
split_gain=4.6628 60.2869 20.7687 10.4016 17.1378 12.8835
threshold=1.8639128208160403 1.0000000180025095e-35 0.62500000000000011 0.37500000000000006 1.0000000180025095e-35 75.803001403808608
decision_type=2 2 2 2 2 2
left_child=1 2 -1 4 -2 -5
right_child=3 -3 -4 5 -6 -7
leaf_value=0.019149131733174247 -0.14972678546681212 -0.1496114475682391 -0.034090249108241016 0.026988866417660292 -0.0051540378398068432 -0.012005642355399552
leaf_weight=338.8189547157869 12.145397487666058 40.576801911496659 153.23105677478696 408.08157209684373 423.92412857941179 174.04422614093073
leaf_count=5595 186 526 1891 119261 107185 19822
internal_value=7.37569e-05 -0.00902386 0.00256967 0.0048328 -0.00918067 0.0153303
internal_weight=1550.82 532.627 492.05 1018.2 436.07 582.126
internal_count=254466 8012 7486 246454 107371 139083
is_linear=0
shrinkage=0.12


Tree=235
num_leaves=8
num_cat=0
split_feature=23 49 55 66 2 77 28
split_gain=8.51719 12.0674 13.1279 8.14065 6.71937 18.5378 5.69108
threshold=0.14616250246763232 1.4742187857627871 0.12326975911855699 9.4880208969116229 402.48500061035162 1.0000000180025095e-35 111.46908187866212
decision_type=2 2 2 2 2 2 2
left_child=1 3 -3 -1 6 -6 -2
right_child=4 2 -4 -5 5 -7 -8
leaf_value=-0.03328322133021671 0.0066059126708809266 0.075955299814297536 -0.049827638251712984 -0.1225174162802926 0.013061519252386133 -0.095776503607355082 -0.028217245543642976
leaf_weight=39.494580347117733 1254.3401231965981 24.035526223158968 23.760122100407671 23.470386881740581 59.46016223326842 36.287962201487971 71.428794084541096
leaf_count=726 223789 404 349 341 15459 3399 9684
internal_value=1.52193e-05 -0.032036 0.0134262 -0.0665455 0.00251256 -0.0281874 0.00472974
internal_weight=1532.28 110.761 47.7956 62.965 1421.52 95.7481 1325.77
internal_count=254151 1820 753 1067 252331 18858 233473
is_linear=0
shrinkage=0.12


Tree=236
num_leaves=7
num_cat=0
split_feature=16 54 77 66 28 51
split_gain=5.96535 4.86183 10.7563 4.98001 2.6264 2.79797
threshold=0.76515501737594616 0.40813559293746954 1.0000000180025095e-35 11.581770896911623 60.344934463500984 0.11857433989644052
decision_type=2 2 2 2 2 2
left_child=4 3 -3 -2 5 -1
right_child=1 2 -4 -5 -6 -7
leaf_value=-0.02460740830764923 0.0012747079106457822 -0.002304324842706157 -0.10050164757628349 0.028861281785341378 -0.004485644045008382 -0.088788817427604749
leaf_weight=20.485937354238104 1276.5133385859403 67.406869054882918 21.088323909032624 101.74220629634692 23.455310218549585 18.718153220137538
leaf_count=313 177579 18610 1307 55693 336 313
internal_value=1.14899e-05 0.00156049 -0.0257047 0.00331114 -0.036248 -0.0552511
internal_weight=1529.41 1466.75 88.4952 1378.26 62.6594 39.2041
internal_count=254151 253189 19917 233272 962 626
is_linear=0
shrinkage=0.12


Tree=237
num_leaves=8
num_cat=0
split_feature=23 85 49 33 53 50 57
split_gain=6.57839 10.2768 7.83468 6.73411 5.40267 7.83286 5.53232
threshold=0.14616250246763232 0.37500000000000006 1.3867187500000002 0.50634172558784496 3.0708333253860478 0.064528264105319991 0.34531250596046453
decision_type=2 2 2 2 2 2 2
left_child=1 2 -1 -3 6 -6 -2
right_child=4 3 -4 -5 5 -7 -8
leaf_value=-0.10825645666362431 -0.0056878438484013749 -0.016635103012498952 -0.021457325345793313 0.079988523353456756 -0.28354710793975346 -0.017124305268127214 0.0094424496176428781
leaf_weight=27.853270517366298 624.72946051400663 34.880159456430363 32.385905983550515 14.791225271005713 2.3057898256010949 5.1121596667217091 785.61015736777972
leaf_count=366 100464 715 390 349 295 783 150789
internal_value=1.0513e-05 -0.0282713 -0.0615913 0.0121376 0.00220304 -0.099939 0.00274028
internal_weight=1527.67 109.911 60.2392 49.6714 1417.76 7.41795 1410.34
internal_count=254151 1820 756 1064 252331 1078 251253
is_linear=0
shrinkage=0.12


Tree=238
num_leaves=7
num_cat=0
split_feature=23 87 49 76 89 83
split_gain=5.15917 9.03395 10.3074 5.39927 4.95359 2.73748
threshold=0.14616250246763232 1.0000000180025095e-35 1.3867187500000002 0.98995873332023632 1.0000000180025095e-35 0.37500000000000006
decision_type=2 2 2 2 2 2
left_child=1 2 -1 4 -2 -5
right_child=3 -3 -4 5 -6 -7
leaf_value=-0.08578794332012811 -0.0012908887767673633 0.049427895441009458 -0.0040829648189269502 0.033983023902494733 0.021024097262450393 0.15392638428234137
leaf_weight=40.71040339060346 1243.3276882224172 19.252987077528815 48.98882688588742 6.4594053333676111 161.90145255896687 4.7586872792307986
leaf_count=614 225413 526 680 620 25961 337
internal_value=6.54581e-06 -0.0251564 -0.0411651 0.00194206 0.0012801 0.0848627
internal_weight=1525.4 108.952 89.6992 1416.45 1405.23 11.2181
internal_count=254151 1820 1294 252331 251374 957
is_linear=0
shrinkage=0.12


Tree=239
num_leaves=7
num_cat=0
split_feature=24 76 49 57 84 31
split_gain=5.1989 4.38802 8.90917 6.11702 2.69221 3.37152
threshold=0.52394732832908641 0.19739922881126407 1.3510416746139529 1.2552083730697634 1.0000000180025095e-35 0.55729165673255932
decision_type=2 2 2 2 2 2
left_child=4 2 -2 -3 5 -1
right_child=1 3 -4 -5 -6 -7
leaf_value=-0.078305749534450325 -0.082158559381847546 -0.0038599427112122257 0.0081269741345920393 0.012257487144658442 0.0016195688667953421 -0.011158367198750668
leaf_weight=25.528958458363718 26.716784818921951 805.84613561197682 38.301234332867352 585.42282936196659 21.720764775600401 18.622834774515809
leaf_count=373 21190 128300 19873 83764 315 336
internal_value=6.4823e-06 0.00149802 -0.0289726 0.002922 -0.032968 -0.0499836
internal_weight=1522.16 1456.29 65.018 1391.27 65.8726 44.1518
internal_count=254151 253127 41063 212064 1024 709
is_linear=0
shrinkage=0.12


Tree=240
num_leaves=8
num_cat=0
split_feature=41 77 15 63 13 89 41
split_gain=5.70947 17.3688 17.1551 11.2112 6.27284 6.97581 5.12686
threshold=0.33906581997871404 1.0000000180025095e-35 2.1556075811386113 19999967.000000004 9.3410997390747088 1.0000000180025095e-35 0.041756054386496551
decision_type=2 2 2 2 2 2 2
left_child=4 3 -3 -2 6 -6 -1
right_child=1 2 -4 -5 5 -7 -8
leaf_value=-0.0072073179393215888 0.036580531773537067 -0.11867225130638831 0.043155781849147104 -0.18806927803553758 -0.042045754434543697 -0.32107572154627301 0.0076923272289526863
leaf_weight=549.89213917040286 46.65681555214428 38.017617096120375 12.545827436739271 3.4343903502631283 26.656593929795921 1.3558186749935419 841.40381165097313
leaf_count=122233 5349 791 4960 409 12272 1047 107468
internal_value=-0.00128713 -0.0289046 -0.0785194 0.0211779 0.000671446 -0.055551 0.00180343
internal_weight=1519.96 100.655 50.5634 50.0912 1419.31 28.0124 1391.3
internal_count=254529 11509 5751 5758 243020 13319 229701
is_linear=0
shrinkage=0.12


Tree=241
num_leaves=8
num_cat=0
split_feature=41 28 29 77 41 53 47
split_gain=5.44241 10.3489 20.657 17.31 9.10208 7.38633 2.2808
threshold=0.13815595209598544 63.418531417846687 12.283400535583498 1.0000000180025095e-35 0.13616079837083819 2.2885416746139531 0.058217169716954238
decision_type=2 2 2 2 2 2 2
left_child=4 3 -3 -2 5 -1 -6
right_child=1 2 -4 -5 6 -7 -8
leaf_value=-0.0026130965825586459 0.045124941937880289 -0.059491194074539552 0.0012543631357302661 -0.03135794099226033 0.20316698385808357 0.021803574846636239 0.066249127429937604
leaf_weight=774.85012314843846 99.726409214814566 136.63553940937584 196.60536510630664 74.403449394823838 3.788953733199377 231.77603719916692 3.2588470273312851
leaf_count=156858 10291 8351 32324 10312 187 35328 878
internal_value=-0.00111799 -0.0112639 -0.0236525 0.0124448 0.00396032 0.00300885 0.139857
internal_weight=1521.04 507.371 333.241 174.13 1013.67 1006.63 7.0478
internal_count=254529 61278 40675 20603 193251 192186 1065
is_linear=0
shrinkage=0.12


Tree=242
num_leaves=8
num_cat=0
split_feature=8 78 57 74 89 1 45
split_gain=4.96416 28.7737 13.1038 5.93963 5.93025 9.41653 6.32626
threshold=13.486831188201906 1.0000000180025095e-35 0.49479167163372045 26.500000000000004 1.0000000180025095e-35 2.6653499603271489 0.80078125000000011
decision_type=2 2 2 2 2 2 2
left_child=4 2 -2 -3 6 -6 -1
right_child=1 3 -4 -5 5 -7 -8
leaf_value=0.0049297033547347517 -0.04328730115220359 -0.064305584985954997 0.020302984025620505 -0.14704160334683408 -0.24957196837269813 0.027779522405765554 -0.015595275356209198
leaf_weight=778.33728529937923 63.979538901674573 35.492562812556116 172.41600721699797 19.283523372411878 1.783656326480467 150.44189023450008 299.43580794094271
leaf_count=176334 834 629 2148 287 1029 24837 48431
internal_value=-0.000976584 -0.015066 0.00309252 -0.0934322 0.00235874 0.0245297 -0.000772715
internal_weight=1521.17 291.172 236.396 54.7761 1230 152.226 1077.77
internal_count=254529 3898 2982 916 250631 25866 224765
is_linear=0
shrinkage=0.12


Tree=243
num_leaves=8
num_cat=0
split_feature=8 83 88 34 45 54 12
split_gain=4.69194 16.1409 8.22015 4.75535 12.8371 12.123 2.81276
threshold=13.711093425750734 0.37500000000000006 0.67271429300308239 0.88604286313056957 0.93281248211860668 0.19745263457298282 1.6165000200271609
decision_type=2 2 2 2 2 2 2
left_child=3 2 -2 5 -5 -1 -3
right_child=1 6 -4 4 -6 -7 -8
leaf_value=0.04296006155548928 0.010164601382148796 -0.052837364351520963 -0.054869906714926378 0.0025690100682449007 -0.039002355267506873 -0.00034672129471689301 -0.12520163891847116
leaf_weight=127.89769790762659 136.26330536738178 12.996028772773114 35.220806693178019 718.51615348803659 125.67357483423712 341.92962075051764 19.105898694758622
leaf_count=36296 1691 275 327 102064 13417 99837 622
internal_value=-0.000860579 -0.017812 -0.00319272 0.00176577 -0.00361967 0.0114424 -0.0959059
internal_weight=1517.6 203.586 171.484 1314.02 844.19 469.827 32.1019
internal_count=254529 2915 2018 251614 115481 136133 897
is_linear=0
shrinkage=0.12


Tree=244
num_leaves=8
num_cat=0
split_feature=20 29 49 41 77 41 51
split_gain=4.4562 8.2135 5.11221 4.50464 12.3545 5.31583 3.98802
threshold=46.411298751831062 93.174144744873061 1.3989583253860476 0.33906581997871404 1.0000000180025095e-35 0.29882526397705084 0.30634093284606939
decision_type=2 2 2 2 2 2 2
left_child=3 6 -3 5 -5 -1 -2
right_child=1 2 -4 4 -6 -7 -8
leaf_value=0.0011925542075112497 -0.050069143034555737 0.08480017005251464 -0.037779362186214242 0.019815965146849971 -0.066968452136603532 0.052589474539442634 -0.16373301368090698
leaf_weight=1330.3664912397585 34.136083904872066 10.940896352811253 8.8723218557206547 45.972631853432176 48.58461585371515 29.622600561205672 5.1105014971199116
leaf_count=234822 2153 1280 1038 5519 5515 3972 230
internal_value=-0.00076083 -0.0330736 0.0299093 0.000551187 -0.0247749 0.00231206 -0.0648699
internal_weight=1513.61 59.0598 19.8132 1454.55 94.5572 1359.99 39.2466
internal_count=254529 4701 2318 249828 11034 238794 2383
is_linear=0
shrinkage=0.12


Tree=245
num_leaves=7
num_cat=0
split_feature=59 72 49 41 63 29
split_gain=5.73649 8.41489 8.85153 4.51356 4.21784 3.91145
threshold=-0.94185933470726002 9.8867187500000018 1.3635416626930239 0.077563717961311354 -9.1168642044067365 6.1685874462127694
decision_type=2 2 2 2 2 2
left_child=1 2 -1 -3 -2 -6
right_child=4 3 -4 -5 5 -7
leaf_value=-0.10315067206967946 0.1789872687191493 0.026964391517229555 0.050103530849729773 0.10843707072782363 -0.01187142179827403 0.0021449549668049318
leaf_weight=10.472660010405891 1.8638787007221242 18.824189456552403 11.263968397079223 20.406345271452665 392.96069770799431 1060.2533354733596
leaf_count=668 414 2444 627 1681 28537 219895
internal_value=9.71566e-05 0.0361586 -0.023734 0.0693436 -0.0014138 -0.00164519
internal_weight=1516.05 60.9672 21.7366 39.2305 1455.08 1453.21
internal_count=254266 5420 1295 4125 248846 248432
is_linear=0
shrinkage=0.12


Tree=246
num_leaves=7
num_cat=0
split_feature=59 1 76 2 29 69
split_gain=4.52102 7.04424 5.15852 3.55631 23.7988 15.2823
threshold=-0.94185933470726002 21.230599403381351 0.68808975815773021 162.08499908447268 6.1685874462127694 14.500000000000002
decision_type=2 2 2 2 2 2
left_child=1 2 -1 5 -5 -2
right_child=3 -3 -4 4 -6 -7
leaf_value=0.067160016495139321 0.037558531465002251 -0.041165847829613009 -0.080158765004255478 -0.043519912783458022 0.0032442913462891005 -0.02197120363239673
leaf_weight=42.20678317890065 142.93048310425507 14.326236828830586 3.7247743001644258 185.27093556994521 1016.4552686210239 109.80584505933683
leaf_count=4978 18933 196 246 11574 212741 5598
internal_value=9.0233e-05 0.0322993 0.0552133 -0.00124417 -0.00396538 0.0116948
internal_weight=1514.72 60.2578 45.9316 1454.46 1201.73 252.736
internal_count=254266 5420 5224 248846 224315 24531
is_linear=0
shrinkage=0.12


Tree=247
num_leaves=7
num_cat=0
split_feature=41 23 88 29 28 88
split_gain=3.73018 7.69579 4.25976 27.9175 11.3071 3.52881
threshold=0.71931761503219616 1.296716630458832 0.89175716042518627 0.88543996214866649 70.180442810058608 0.62487143278121959
decision_type=2 2 2 2 2 2
left_child=2 -2 3 -1 -4 -3
right_child=1 5 4 -5 -6 -7
leaf_value=-0.11630310660405435 -0.25246698278208196 0.11681267872720247 -0.011942252708957789 0.00040808659359949675 0.037535363190420237 -0.079396926485534203
leaf_weight=30.252974912676109 2.5750045828171988 2.1957308618420939 125.56053951786748 1206.5907428570404 141.42921611297788 3.3092014807625674
leaf_count=11573 33 551 16594 207877 17267 371
internal_value=8.37647e-05 -0.0812327 0.000520669 -0.00244665 0.0142669 -0.00113557
internal_weight=1511.91 8.07994 1503.83 1236.84 266.99 5.50493
internal_count=254266 955 253311 219450 33861 922
is_linear=0
shrinkage=0.12


Tree=248
num_leaves=7
num_cat=0
split_feature=55 23 6 55 76 6
split_gain=3.64305 6.46817 8.45414 4.5061 9.25936 4.80961
threshold=0.26849640905857092 0.14616250246763232 9.2130999565124529 0.21912942081689837 0.58334457874298107 9.6870999336242694
decision_type=2 2 2 2 2 2
left_child=3 -2 -3 5 -5 -1
right_child=1 2 -4 4 -6 -7
leaf_value=0.0013290631599371468 -0.088744073744980598 -0.01579053047897706 0.077203122662049914 0.064674542754037515 -0.0054312657587179776 -0.056535805611328968
leaf_weight=1162.6983388620283 15.6491428111633 181.85096748499473 15.25870736883371 48.801601218754172 61.088702590331991 21.059022441602337
leaf_count=200240 258 34322 357 11008 7311 770
internal_value=6.4306e-05 -0.0144872 -0.00859168 0.0024575 0.0257023 0.000299648
internal_weight=1506.41 212.759 197.11 1293.65 109.89 1183.76
internal_count=254266 34937 34679 219329 18319 201010
is_linear=0
shrinkage=0.12


Tree=249
num_leaves=7
num_cat=0
split_feature=59 76 57 63 65 69
split_gain=3.59565 6.16596 6.26728 3.27511 3.64481 3.12119
threshold=-0.94185933470726002 0.44929863512516027 0.45703125000000006 -9.1168642044067365 45.500000000000007 7.5000000000000009
decision_type=2 2 2 2 2 2
left_child=1 5 -3 -2 -5 -1
right_child=3 2 -4 4 -6 -7
leaf_value=-0.0093385804680500648 0.15972501222734339 -0.10446374609024077 0.026198261257448358 -0.00025612754849854832 -0.035156920498474298 0.13748011067731947
leaf_weight=2.6723919491282677 1.8204644916313544 6.0680712448593104 41.02557399604234 1399.1527436845786 44.458242021368278 9.487293051544837
leaf_count=659 414 282 2301 226386 22046 2178
internal_value=5.95874e-05 0.0290323 0.00936231 -0.00112811 -0.00133095 0.105213
internal_weight=1504.68 59.2533 47.0936 1445.43 1443.61 12.1597
internal_count=254266 5420 2583 248846 248432 2837
is_linear=0
shrinkage=0.12


Tree=250
num_leaves=8
num_cat=0
split_feature=22 85 46 83 24 33 36
split_gain=9.226 19.7369 16.5473 7.17675 29.5203 6.91048 4.67244
threshold=0.24310000240802768 0.37500000000000006 0.22314354777336123 0.62500000000000011 1.5954986810684206 0.22382500022649768 52.192293167114265
decision_type=2 2 2 2 2 2 2
left_child=1 2 -1 5 -5 -2 -3
right_child=3 6 -4 4 -6 -7 -8
leaf_value=-0.0088066103853647933 -0.0062494508307355751 0.074122345250130769 -0.12620047301995674 -0.065431491012585788 0.0080113581193000279 0.014428585535332763 -0.021874646084458479
leaf_weight=32.267613946639131 360.42095365267755 21.493718448066829 37.250152147040808 108.09836296351887 290.8822610059467 656.90429327715378 11.05710948921387
leaf_count=512 26255 1309 283 1398 58167 165847 514
internal_value=-0.000757895 -0.0356021 -0.0717105 0.00175322 -0.011887 0.00710271 0.0415134
internal_weight=1518.37 102.069 69.5178 1416.31 398.981 1017.33 32.5508
internal_count=254285 2618 795 251667 59565 192102 1823
is_linear=0
shrinkage=0.12


Tree=251
num_leaves=8
num_cat=0
split_feature=22 85 46 7 88 85 49
split_gain=7.18178 15.351 12.8381 6.36349 40.247 16.9312 5.14892
threshold=0.24310000240802768 0.37500000000000006 0.22314354777336123 9.044499874114992 0.44502499699592596 0.37500000000000006 0.93854168057441723
decision_type=2 2 2 2 2 2 2
left_child=1 2 -1 4 -2 -5 -3
right_child=3 6 -4 5 -6 -7 -8
leaf_value=-0.0077583506978365037 -0.0037762568648401842 -0.068208322771056248 -0.11122401825930407 0.014205078347333483 0.084107338973688855 -0.018733999405726089 0.059330640203232213
leaf_weight=32.234386529902054 406.11349668766604 5.5081321341276661 37.196720769307944 397.92951912903743 92.045020085454553 516.22836360340671 26.430325755802187
leaf_count=512 167438 256 283 12700 54099 17430 1567
internal_value=-0.000664045 -0.0315166 -0.0631886 0.00155041 0.012462 -0.00439574 0.0373352
internal_weight=1513.69 101.37 69.4311 1412.32 498.159 914.158 31.9385
internal_count=254285 2618 795 251667 221537 30130 1823
is_linear=0
shrinkage=0.12


Tree=252
num_leaves=8
num_cat=0
split_feature=38 0 13 19 66 69 0
split_gain=5.91647 8.22712 10.5864 6.6508 5.7794 11.494 9.34932
threshold=1.0000000180025095e-35 13.029899597167971 3.0784499645233159 0.30520834028720861 9.4338541030883807 29.500000000000004 5.0889501571655282
decision_type=2 2 2 2 2 2 2
left_child=4 3 -3 -2 6 -6 -1
right_child=1 2 -4 -5 5 -7 -8
leaf_value=0.12078836101490406 0.13877019957310416 -0.089540997935550939 0.042846618609256079 -0.045587074028226975 -0.0049854854638702057 -0.25118375561406359 0.0075577298743981485
leaf_weight=10.677408502937167 6.1695794837396516 37.492531267995219 11.325312962889255 5.1868097508850042 799.1142274766745 2.7400079143480971 634.16069944934918
leaf_count=2435 2474 1037 7501 761 143933 731 95413
internal_value=-0.000558683 -0.0374274 -0.0588282 0.0545686 0.000974847 -0.00582677 0.00943263
internal_weight=1506.87 60.1742 48.8178 11.3564 1446.69 801.854 644.838
internal_count=254285 11773 8538 3235 242512 144664 97848
is_linear=0
shrinkage=0.12


Tree=253
num_leaves=8
num_cat=0
split_feature=22 85 19 0 66 77 49
split_gain=5.81649 12.1883 12.6457 5.1074 9.34417 9.21564 3.92635
threshold=0.24310000240802768 0.37500000000000006 0.30520834028720861 13.690350055694582 11.62942695617676 1.0000000180025095e-35 0.93854168057441723
decision_type=2 2 2 2 2 2 2
left_child=1 2 -1 4 -2 -5 -3
right_child=3 6 -4 5 -6 -7 -8
leaf_value=-0.014326772878851785 0.024062383399092131 -0.0573875194312366 -0.11884779054101428 0.005020988803793037 -0.069066308584006295 -0.018523800182209067 0.053575892408208571
leaf_weight=41.372597829858705 221.31241157245586 5.5895405234587114 27.915363481799204 832.04312248415386 16.684035964670329 336.07812968502049 25.727275349974661
leaf_count=519 54655 256 276 134301 15912 46799 1567
internal_value=-0.000482895 -0.0283567 -0.0564372 0.00151142 0.0175339 -0.00175304 0.0337707
internal_weight=1506.72 100.605 69.288 1406.12 237.996 1168.12 31.3168
internal_count=254285 2618 795 251667 70567 181100 1823
is_linear=0
shrinkage=0.12


Tree=254
num_leaves=7
num_cat=0
split_feature=12 85 19 12 88 49
split_gain=5.47295 8.48549 4.44058 9.54643 4.97807 2.06633
threshold=0.33209998905658727 0.37500000000000006 0.47187499701976782 0.75745001435279857 1.2947714328765871 1.4445312619209292
decision_type=2 2 2 2 2 2
left_child=1 -1 4 -4 -2 -3
right_child=2 5 3 -5 -6 -7
leaf_value=-0.095199231367981252 0.00090802235963521611 -0.013258912304754749 -0.17325899609103218 -0.015143674143763077 0.048192775719532899 0.086611069273190303
leaf_weight=20.838139382912459 1381.4559937015918 6.6987952790486798 6.1386368156199742 52.741278386477006 32.823092313414236 5.3785705221234821
leaf_count=266 245376 321 121 4574 3240 387
internal_value=-0.00042016 -0.0488144 0.000661136 -0.0316283 0.00200542 0.0312175
internal_weight=1506.07 32.9155 1473.16 58.8799 1414.28 12.0774
internal_count=254285 974 253311 4695 248616 708
is_linear=0
shrinkage=0.12


Tree=255
num_leaves=7
num_cat=0
split_feature=23 84 53 88 33 28
split_gain=3.97018 15.5528 8.57678 4.0649 28.6942 17.7623
threshold=0.14616250246763232 1.0000000180025095e-35 2.0864583253860478 0.78444284200668346 0.20432233810424807 82.116237640380874
decision_type=2 2 2 2 2 2
left_child=1 2 -1 4 -2 -5
right_child=3 -3 -4 5 -6 -7
leaf_value=-0.087242005341395507 -0.10672800462675647 0.068813040786541921 -0.012327319435819299 -0.0088722009220233728 0.0020123417265270989 0.054203171444075576
leaf_weight=37.926313279630904 36.123663605735146 21.963586393081641 52.427424970861466 171.44210006908406 1070.2961662044772 102.86252524756128
leaf_count=564 12193 548 755 27797 198075 14375
internal_value=-6.08654e-05 -0.0217569 -0.043773 0.00170403 -0.00153794 0.0147807
internal_weight=1493.04 112.317 90.3537 1380.72 1106.42 274.305
internal_count=254307 1867 1319 252440 210268 42172
is_linear=0
shrinkage=0.12


Tree=256
num_leaves=5
num_cat=0
split_feature=44 66 0 23
split_gain=4.67118 3.73813 9.86089 7.0495
threshold=-0.08031850308179854 9.4338541030883807 13.029899597167971 0.14616250246763232
decision_type=2 2 2 2
left_child=-1 2 -2 -3
right_child=1 3 -4 -5
leaf_value=-0.18074847066639088 0.047352126319038276 -0.045909015248212733 0.001595737871579631 -0.0021923564080500654
leaf_weight=2.0574871310691369 76.658055640199336 57.102417564678149 588.44989388478962 760.88908446754965
leaf_count=568 14077 919 89085 149658
internal_value=-6.23569e-05 0.000188307 0.00686946 -0.00524413
internal_weight=1485.16 1483.1 665.108 817.992
internal_count=254307 253739 103162 150577
is_linear=0
shrinkage=0.12


Tree=257
num_leaves=5
num_cat=0
split_feature=44 41 77 41
split_gain=4.89828 3.63722 23.8896 6.34289
threshold=-0.46901345252990717 0.23725360631942752 1.0000000180025095e-35 0.23249273002147677
decision_type=2 2 2 2
left_child=-1 3 -3 -2
right_child=1 2 -4 -5
leaf_value=-0.20231253032963573 0.0019743126562990986 0.025777481884350795 -0.053931778550523043 0.11072400830360148
leaf_weight=1.722185853661357 1257.7678270314427 107.99119425355229 108.58830010291649 7.7708460849589747
leaf_count=423 226892 12989 12988 1015
internal_value=-5.2157e-05 0.000182865 -0.014187 0.00264207
internal_weight=1483.84 1482.12 216.579 1265.54
internal_count=254307 253884 25977 227907
is_linear=0
shrinkage=0.12


Tree=258
num_leaves=5
num_cat=0
split_feature=44 14 83 66
split_gain=3.38687 3.27452 13.5503 6.45504
threshold=-0.46901345252990717 -2.0870000123977657 0.37500000000000006 9.4338541030883807
decision_type=2 2 2 2
left_child=-1 2 -2 -3
right_child=1 3 -4 -5
leaf_value=-0.16005014093196165 0.0053509264923074897 0.012524807654227036 -0.055489687405534734 -0.0050085649933224495
leaf_weight=1.9024026947445225 183.36934754204961 542.37804617404527 73.981647562325605 683.27607865723485
leaf_count=423 2775 101267 1229 148613
internal_value=-3.87596e-05 0.000166503 -0.0121392 0.00275033
internal_weight=1484.91 1483.01 257.351 1225.65
internal_count=254307 253884 4004 249880
is_linear=0
shrinkage=0.12


Tree=259
num_leaves=8
num_cat=0
split_feature=16 83 77 2 33 77 77
split_gain=3.14265 10.076 10.0664 4.35489 4.14641 22.9142 13.1815
threshold=1.0640814900398257 1.0000000180025095e-35 1.0000000180025095e-35 287.03500366210943 0.21150749176740649 1.0000000180025095e-35 1.0000000180025095e-35
decision_type=2 2 2 2 2 2 2
left_child=1 2 -1 -3 5 -2 -6
right_child=4 3 -4 -5 6 -7 -8
leaf_value=0.02898864498759899 -0.033552947603326104 -0.12427364832244371 -0.060380603119367188 -0.039326322345501409 0.014507898091219501 0.028831180720573408 -0.015765989314601322
leaf_weight=64.354484163548065 219.27854046629659 13.67277717394377 25.278330101005849 23.848578177069157 706.00865717868237 138.23348869685105 293.07992000762101
leaf_count=848 14727 355 215 551 172682 13871 51058
internal_value=-3.22251e-05 -0.0180711 0.00378465 -0.0702811 0.00165856 -0.00943187 0.00562714
internal_weight=1483.75 127.154 89.6328 37.5214 1356.6 357.512 999.089
internal_count=254307 1969 1063 906 252338 28598 223740
is_linear=0
shrinkage=0.12


Tree=260
num_leaves=8
num_cat=0
split_feature=24 83 66 88 33 10 39
split_gain=5.27763 17.5491 6.66971 5.08713 24.3301 13.0346 3.03041
threshold=1.04678350687027 0.37500000000000006 10.025520801544191 0.78781428933143627 0.20432233810424807 1.5000000000000002 1.0000000180025095e-35
decision_type=2 2 2 2 2 2 2
left_child=1 2 -1 4 -2 -5 -3
right_child=3 6 -4 5 -6 -7 -8
leaf_value=-0.013942597030759391 -0.10502413380034491 -0.15017417149719367 0.051049489291130394 0.044689233135852387 0.0015664881544819975 -0.0077505874830094404 -0.072679238992710463
leaf_weight=144.20434190331886 31.847124214182713 11.66656718990251 26.994203568654484 127.52974917877918 972.00160658990148 146.85423553486248 19.265849431338438
leaf_count=1787 12254 439 302 22787 196997 19394 500
internal_value=-0.000706498 -0.0187244 -0.00369479 0.00214273 -0.0018151 0.0166227 -0.101907
internal_weight=1480.36 202.131 171.199 1278.23 1003.85 274.384 30.9324
internal_count=254460 3028 2089 251432 209251 42181 939
is_linear=0
shrinkage=0.12


Tree=261
num_leaves=7
num_cat=0
split_feature=7 82 8 63 12 17
split_gain=5.18281 8.54362 6.29781 4.65943 10.6783 5.04793
threshold=11.483049869537355 1.0000000180025095e-35 13.940063476562502 19999973.000000004 2.8396500349044804 1.0000000180025095e-35
decision_type=2 2 2 2 2 2
left_child=3 2 -2 5 -5 -1
right_child=1 -3 -4 4 -6 -7
leaf_value=-0.0098337583082949102 -0.0063822933615126452 0.047399808523383914 -0.063861332403010063 -0.081259550942781866 0.063066687295736307 0.0071817892008069675
leaf_weight=339.10008606358167 52.004177101492019 20.644473514228594 58.134738608151224 26.260561008786908 10.268561035077026 967.04916584849445
leaf_count=50489 549 442 971 6366 7462 188181
internal_value=-0.000639125 -0.0234428 -0.0367215 0.00158206 -0.0406886 0.00276424
internal_weight=1473.46 130.783 110.139 1342.68 36.5291 1306.15
internal_count=254460 1962 1520 252498 13828 238670
is_linear=0
shrinkage=0.12


Tree=262
num_leaves=8
num_cat=0
split_feature=82 28 29 88 24 85 51
split_gain=4.49159 9.83294 9.82699 8.83931 7.2818 13.8192 4.65037
threshold=1.0000000180025095e-35 80.272083282470717 4.3908841609954843 0.33602499961853033 1.04678350687027 0.37500000000000006 0.8903389871120454
decision_type=2 2 2 2 2 2 2
left_child=4 2 -2 -3 5 -1 -6
right_child=1 3 -4 -5 6 -7 -8
leaf_value=-0.0094724894630835096 -0.020129988330569833 -0.060306072921664511 0.073550289198116112 0.053205399593157413 0.00027306073644975951 -0.097531528900549155 0.11277963574647847
leaf_weight=138.52859609834908 22.571006966495588 30.426233661877632 56.456447851168605 14.628200327642842 1172.192726952459 31.49735851164715 5.3144541066203592
leaf_count=1172 2719 6256 34185 4686 203525 1163 754
internal_value=-0.000559459 0.0212879 0.0467943 -0.0234514 -0.00257118 -0.0257855 0.000780838
internal_weight=1471.62 124.082 79.0275 45.0544 1347.53 170.026 1177.51
internal_count=254460 47846 36904 10942 206614 2335 204279
is_linear=0
shrinkage=0.12


Tree=263
num_leaves=8
num_cat=0
split_feature=49 49 14 68 66 6 41
split_gain=4.23387 9.34491 8.80745 6.00992 5.7379 4.18029 3.91168
threshold=2.1203125715255742 2.0578125715255742 5.1384000778198251 2.5000000000000004 10.025520801544191 3.6220500469207768 0.13328564912080768
decision_type=2 2 2 2 2 2 2
left_child=1 5 4 -3 -2 -1 -4
right_child=2 3 6 -5 -6 -7 -8
leaf_value=0.01494195826032094 -0.049467664242545652 0.049188192146451405 0.026069419132848649 0.26734791105250338 0.088371329213425845 -0.0030560772535769116 -0.17169571381232079
leaf_weight=219.5102388438836 11.481121767592873 4.7839189678852554 1.7452618356546725 2.9333282075167517 7.0004500537252161 1211.1940693953406 8.2397623619690403
leaf_count=114372 994 930 1039 132 1084 135174 735
internal_value=-0.000491242 0.000415693 -0.0463188 0.132111 0.00274299 -0.000294673 -0.137129
internal_weight=1466.89 1438.42 28.4666 7.71725 18.4816 1430.7 9.98502
internal_count=254460 250608 3852 1062 2078 249546 1774
is_linear=0
shrinkage=0.12


Tree=264
num_leaves=7
num_cat=0
split_feature=7 66 90 2 29 29
split_gain=3.79202 5.98501 7.04126 3.98952 21.464 16.0168
threshold=11.483049869537355 9.9302082061767596 0.00070714284083805989 162.08499908447268 3.4596813917160039 9.3159432411193865
decision_type=2 2 2 2 2 2
left_child=3 2 -2 4 -1 -5
right_child=1 -3 -4 5 -6 -7
leaf_value=-0.014845694731646252 -0.012942932620265194 0.027242969974590456 -0.082224511481952159 -0.026518093324199805 0.059491388169446532 0.00680941174233805
leaf_weight=135.6042389989077 68.825248416390679 29.634671764171799 30.478635921850554 276.92780167388185 95.198364897242527 830.05909108473236
leaf_count=16267 947 397 618 13938 8713 213580
internal_value=-0.000429933 -0.0200836 -0.034207 0.00146433 0.0158159 -0.00152792
internal_weight=1466.73 128.939 99.3039 1337.79 230.803 1106.99
internal_count=254460 1962 1565 252498 24980 227518
is_linear=0
shrinkage=0.12


Tree=265
num_leaves=8
num_cat=0
split_feature=20 77 18 29 88 29 6
split_gain=5.5111 11.6299 16.5912 13.0872 6.79641 22.9886 7.47767
threshold=23.282489776611332 1.0000000180025095e-35 1.5000000000000002 0.88543996214866649 0.9194999933242799 4.3908841609954843 7.3680500984191903
decision_type=2 2 2 2 2 2 2
left_child=1 3 -3 -1 5 -2 -6
right_child=4 2 -4 -5 6 -7 -8
leaf_value=-0.12223909583665467 -0.068436281493514051 -0.068525852634030507 0.074303230735542458 0.039728878604879073 0.045778553246143452 -0.0015448801819259923 -0.0011519196331963215
leaf_weight=7.5053841460153299 80.3006515314529 42.324393424481059 16.191689936352304 167.62388565829724 80.010452300632096 940.43126349916906 125.6949507883902
leaf_count=1862 11478 6545 4751 32878 20820 171734 4030
internal_value=0.000420852 0.0173119 -0.0290043 0.0327875 -0.00279701 -0.00680721 0.017102
internal_weight=1460.08 233.645 58.5161 175.129 1226.44 1020.73 205.705
internal_count=254098 46036 11296 34740 208062 183212 24850
is_linear=0
shrinkage=0.12


Tree=266
num_leaves=7
num_cat=0
split_feature=19 65 81 47 61 29
split_gain=4.81687 4.94008 7.24026 3.95706 3.84173 2.98879
threshold=0.053124999627470977 1.5000000000000002 1.0000000180025095e-35 0.049568135291337974 6.6770834922790536 2.6165128946304326
decision_type=2 2 2 2 2 2
left_child=4 2 -2 -3 5 -1
right_child=1 3 -4 -5 -6 -7
leaf_value=-0.038246957673793096 0.077181631418017385 -0.016551545772271893 -0.055707706742887629 0.0012577397917048932 -0.0437651004765593 0.12433018929905772
leaf_weight=1.9365081238503297 24.968404322448805 211.46513533868074 7.7321566952850835 1194.3541774454743 3.5279849619992083 10.231564342151954
leaf_count=165 2072 26040 373 222480 293 2675
internal_value=0.000372777 -0.000348641 0.0457595 -0.00142116 0.0664896 0.0984566
internal_weight=1454.22 1438.52 32.7006 1405.82 15.6961 12.1681
internal_count=254098 250965 2445 248520 3133 2840
is_linear=0
shrinkage=0.12


Tree=267
num_leaves=6
num_cat=0
split_feature=51 19 1 1 19
split_gain=5.22425 4.31311 10.1168 6.54141 0.860555
threshold=0.8903389871120454 0.25364583730697637 6.3546001911163339 8.019449710845949 0.26796875894069677
decision_type=2 2 2 2 2
left_child=1 2 -1 -3 -2
right_child=4 3 -4 -5 -6
leaf_value=0.075036318020595197 0.16307156463976261 -0.033732270467976971 0.0045875448074974862 -0.0013576814888501159 0.057112132645958588
leaf_weight=31.380684017129738 3.0901253257106864 100.32504550412932 454.36619396901426 862.57752693742646 1.7170070787597067
leaf_count=14335 467 39223 82860 116771 442
internal_value=0.000334233 -8.01994e-05 0.00913874 -0.0047308 0.125225
internal_weight=1453.46 1448.65 485.747 962.903 4.80713
internal_count=254098 253189 97195 155994 909
is_linear=0
shrinkage=0.12


Tree=268
num_leaves=6
num_cat=0
split_feature=51 19 24 19 19
split_gain=4.29997 4.01832 9.78315 6.51816 0.763282
threshold=0.8903389871120454 0.19687499850988391 1.5954986810684206 0.20833332836627963 0.26796875894069677
decision_type=2 2 2 2 2
left_child=1 2 -1 -3 -2
right_child=4 3 -4 -5 -6
leaf_value=-0.047110444604388187 0.15390561995943325 -0.18862988387900478 0.064617085008754072 -0.00095714456018120692 0.051930384623773841
leaf_weight=15.958845670439016 2.8937358611528898 2.6700393299433918 38.538405655298106 1391.5226207533042 1.6651775188147437
leaf_count=215 467 522 10525 241927 442
internal_value=0.000299129 -6.70443e-05 0.0318991 -0.00131656 0.116658
internal_weight=1453.25 1448.69 54.4973 1394.19 4.55891
internal_count=254098 253189 10740 242449 909
is_linear=0
shrinkage=0.12


Tree=269
num_leaves=7
num_cat=0
split_feature=65 81 6 88 29 24
split_gain=3.9341 5.71506 8.03009 4.13249 15.4181 8.44546
threshold=1.5000000000000002 1.0000000180025095e-35 6.251850128173829 0.9194999933242799 0.88543996214866649 3.2165942192077641
decision_type=2 2 2 2 2 2
left_child=1 2 -1 4 -2 -5
right_child=3 -3 -4 5 -6 -7
leaf_value=-0.065634970261870151 -0.10624091157811082 -0.048100355834955012 0.10506241564949112 -0.0049859167603094508 -0.0017008033243423766 0.041828726390064318
leaf_weight=4.986012076262571 20.674532544031081 7.7394137415467403 19.447094139077308 136.4307631148298 1169.943326230376 93.534656943044979
leaf_count=931 11500 373 1141 2866 209609 27678
internal_value=0.000268119 0.0417634 0.0702286 -0.000671641 -0.00351609 0.0140552
internal_weight=1452.76 32.1725 24.4331 1420.58 1190.62 229.965
internal_count=254098 2445 2072 251653 221109 30544
is_linear=0
shrinkage=0.12


Tree=270
num_leaves=7
num_cat=0
split_feature=13 57 51 10 15 81
split_gain=3.6381 11.4451 10.6238 5.18858 22.7326 15.9841
threshold=0.57449999451637279 7.0395832061767587 0.17636978626251223 2.5000000000000004 1.4757580161094668 1.0000000180025095e-35
decision_type=2 2 2 2 2 2
left_child=1 2 -1 5 -5 -2
right_child=3 -3 -4 4 -6 -7
leaf_value=-0.029136812833937212 0.01459076214787864 -0.098077252368342457 0.035775440441071789 -0.040453473498525065 0.022981595910402657 -0.031858879275518767
leaf_weight=90.259841666225668 825.21780460103196 20.748263697838524 60.738642656710056 163.94100461478229 161.47379336750714 122.51931195201132
leaf_count=1606 188427 366 1043 1425 49221 12377
internal_value=0.00188547 -0.014509 -0.00302607 0.00409705 -0.00897641 0.00858596
internal_weight=1444.9 171.747 150.998 1273.15 325.415 947.737
internal_count=254465 3015 2649 251450 50646 200804
is_linear=0
shrinkage=0.12


Tree=271
num_leaves=6
num_cat=0
split_feature=22 86 47 47 61
split_gain=3.58614 12.6341 3.56616 7.3928 7.33483
threshold=1.0000000180025095e-35 1.0000000180025095e-35 0.14556124061346057 0.15888155996799472 21.986457824707035
decision_type=2 2 2 2 2
left_child=1 -1 4 -4 -2
right_child=2 -3 3 -5 -6
leaf_value=-0.14159464866873347 -0.0013549717928037575 0.043675608644653051 0.04675929623769947 0.0047035068822789666 -0.13160051617907673
leaf_weight=10.415047832717846 877.84425155522331 10.792625162267541 69.104084894869175 466.5687992077992 6.2707305370076929
leaf_count=180 144469 501 11770 95603 1942
internal_value=0.00167089 -0.0473103 0.00240253 0.0101289 -0.00227876
internal_weight=1441 21.2077 1419.79 535.673 884.115
internal_count=254465 681 253784 107373 146411
is_linear=0
shrinkage=0.12


Tree=272
num_leaves=7
num_cat=0
split_feature=0 19 1 4 1 54
split_gain=3.40688 7.97892 4.65977 17.3377 6.52496 3.66953
threshold=112.11014938354494 0.22395832836627963 6.3546001911163339 78.860000610351577 6.5067501068115243 -0.026831774972379204
decision_type=2 2 2 2 2 2
left_child=2 -2 3 -1 -4 -3
right_child=1 5 4 -5 -6 -7
leaf_value=0.087425135195215858 -0.26835397057257987 -0.051765926651678694 -0.12147700458248743 -0.02603031836008567 0.0010632477654563778 0.082684832357839341
leaf_weight=38.817890061018488 2.1231514718347198 12.939973621392713 6.2866818666789177 38.764611061304549 1336.0521359992974 3.7761455955915126
leaf_count=5672 492 3584 1898 28115 211864 2840
internal_value=0.00146939 -0.0492257 0.002142 0.0307364 0.000489345 -0.0213937
internal_weight=1438.76 18.8393 1419.92 77.5825 1342.34 16.7161
internal_count=254465 6916 247549 33787 213762 6424
is_linear=0
shrinkage=0.12


Tree=273
num_leaves=7
num_cat=0
split_feature=24 20 84 57 58 66
split_gain=3.38226 3.58795 9.0825 6.23572 3.08699 2.21546
threshold=0.52394732832908641 30.018787384033207 1.0000000180025095e-35 0.34531250596046453 -5.5954370498657218 9.5536460876464862
decision_type=2 2 2 2 2 2
left_child=4 3 -3 -2 -1 -6
right_child=1 2 -4 -5 5 -7
leaf_value=-0.065997831109965086 -0.0043202044814418606 -0.020665944731333926 0.03365036426523093 0.013807758709165388 0.015494387609686366 -0.041063443248542233
leaf_weight=19.35179369845855 500.28745479742054 220.11502494303431 55.510803141466567 602.09034556867516 24.133415010393492 16.997923102630011
leaf_count=315 87423 24937 9991 131051 498 250
internal_value=0.00129998 0.00251904 -0.00972669 0.00558082 -0.0264741 -0.00787868
internal_weight=1438.49 1378 275.626 1102.38 60.4831 41.1313
internal_count=254465 253402 34928 218474 1063 748
is_linear=0
shrinkage=0.12


Tree=274
num_leaves=8
num_cat=0
split_feature=72 22 13 72 49 55 51
split_gain=3.01835 7.65184 8.08369 6.99846 6.27818 5.20168 4.04218
threshold=37.389062881469734 3.7677166461944585 5.7037498950958261 35.607292175292976 1.6760416626930239 0.11541961133480073 0.093323323875665679
decision_type=2 2 2 2 2 2 2
left_child=3 4 -3 6 -2 -5 -1
right_child=1 2 -4 5 -6 -7 -8
leaf_value=0.0096964827126788371 -0.033996553024040636 -0.2748591698844049 0.12056612859000398 -0.0036766514486375299 0.12487942391081749 0.14135512094186592 -0.0037634919958277101
leaf_weight=505.58870604961885 26.951692246396991 3.2701651397310334 0.96389775068746519 5.8993659495545208 4.1305336590869492 8.984322887430606 881.3569280537381
leaf_count=85134 11885 476 1212 1748 1449 2218 150343
internal_value=0.00114858 -0.0334992 -0.184839 0.00202146 -0.0128834 0.0838697 0.00114313
internal_weight=1437.15 35.3163 4.23406 1401.83 31.0822 14.8837 1386.95
internal_count=254465 15022 1688 239443 13334 3966 235477
is_linear=0
shrinkage=0.12


Tree=275
num_leaves=8
num_cat=0
split_feature=34 29 8 77 2 60 32
split_gain=3.79493 17.0867 24.5513 7.78575 7.1473 14.0945 5.44041
threshold=1.2389857172966006 2.6165128946304326 12.551628112792971 1.0000000180025095e-35 147.12500000000003 1.5000000000000002 38.880989074707038
decision_type=2 2 2 2 2 2 2
left_child=4 3 -3 -2 5 -1 -6
right_child=1 2 -4 -5 6 -7 -8
leaf_value=-0.032136675216955964 -0.070055802293220948 0.12978803251828169 -0.11583989943110946 0.011269935975553338 -0.018514600300009551 -0.31243488966579447 0.0014116163278134989
leaf_weight=17.226748067127122 23.799784484402153 31.669255183241376 7.1902001920389003 58.910900405754546 243.18188101190322 3.0389914396146187 1045.9419564307714
leaf_count=2307 5759 3077 112 5682 64260 105 172944
internal_value=-0.00157591 0.0187051 0.0843393 -0.0121313 -0.0034589 -0.0741694 -0.00234729
internal_weight=1430.96 121.57 38.8595 82.7107 1309.39 20.2657 1289.12
internal_count=254246 14630 3189 11441 239616 2412 237204
is_linear=0
shrinkage=0.12


Tree=276
num_leaves=8
num_cat=0
split_feature=90 90 15 24 0 19 8
split_gain=3.37607 12.0579 28.3884 8.96246 5.3152 8.47941 6.24886
threshold=0.007114285835996271 0.16558571159839633 0.13063850253820422 0.52394732832908641 11.71959972381592 0.35312499105930334 12.444991111755373
decision_type=2 2 2 2 2 2 2
left_child=4 2 -2 -3 5 -1 -6
right_child=1 3 -4 -5 6 -7 -8
leaf_value=-0.0045315588339681816 -0.25709692290239189 -0.13910865261231944 0.0012523231735854859 -0.0028496241910358727 0.01631729407517684 -0.096446176914756113 -0.0051548533375423171
leaf_weight=61.964585592626122 9.2672671795467085 7.04370117601104 18.061909936026495 529.23896795145595 420.4670055488113 18.849639850688163 364.24056739289307
leaf_count=37430 108 403 2987 90880 112343 2727 7368
internal_value=-0.00137386 -0.00860156 -0.0863534 -0.00463929 0.00333268 -0.0259703 0.00635049
internal_weight=1429.13 563.612 27.3292 536.283 865.522 80.8142 784.708
internal_count=254246 94378 3095 91283 159868 40157 119711
is_linear=0
shrinkage=0.12


Tree=277
num_leaves=8
num_cat=0
split_feature=23 45 55 75 51 81 10
split_gain=3.25307 8.27543 11.1773 6.8235 3.56542 8.76424 4.90306
threshold=9.4822750091552752 0.26328124105930334 0.20076571404933932 6.5000000000000009 0.059181261807680137 1.0000000180025095e-35 2.5000000000000004
decision_type=2 2 2 2 2 2 2
left_child=4 2 -2 -3 5 -1 -6
right_child=1 3 -4 -5 6 -7 -8
leaf_value=0.020683662133983087 -0.84707344599948797 0.068929044744816634 0.047880888856863597 -0.19701669884090658 0.00030710747844567597 -0.035260074506714673 -0.018859742557426357
leaf_weight=237.05539786336635 0.44611856188384891 3.5543133144019521 0.36566871781678856 2.280711421288288 890.00120875136417 48.590570747212041 245.12058056927299
leaf_count=40818 435 2525 276 693 166054 5277 38168
internal_value=-0.00120809 -0.0849625 -0.443942 -0.03502 -0.000816262 0.0111672 -0.00383182
internal_weight=1427.41 6.64681 0.811787 5.83502 1420.77 285.646 1135.12
internal_count=254246 3929 711 3218 250317 46095 204222
is_linear=0
shrinkage=0.12


Tree=278
num_leaves=8
num_cat=0
split_feature=34 29 8 33 39 34 88
split_gain=3.12387 13.8269 20.1888 7.07003 35.5122 11.6556 6.46634
threshold=1.2389857172966006 2.6165128946304326 12.551628112792971 0.2097679600119591 1.0000000180025095e-35 1.1424142718315127 1.2373142838478091
decision_type=2 2 2 2 2 2 2
left_child=3 6 -3 4 -1 -5 -2
right_child=1 2 -4 5 -6 -7 -8
leaf_value=-0.0097384188908250114 -0.064057076402804128 0.12334428957155666 -0.099427875970856713 -0.0030580691984498725 -0.2172229502435204 0.040744214876464332 0.011199145521196713
leaf_weight=151.13244226904499 22.848016094070829 29.327586015406212 7.3201727734704027 1049.8354742637434 12.891961516696027 95.430669101277545 58.634055842344878
leaf_count=15787 5759 3077 112 212587 88 11154 5682
internal_value=-0.00105912 0.0176301 0.0788469 -0.00274534 -0.0260463 0.000591808 -0.00990311
internal_weight=1427.42 118.13 36.6478 1309.29 164.024 1145.27 81.4821
internal_count=254246 14630 3189 239616 15875 223741 11441
is_linear=0
shrinkage=0.12


Tree=279
num_leaves=7
num_cat=0
split_feature=63 0 23 63 28 83
split_gain=3.10505 10.7304 10.0241 5.71316 10.9097 3.66243
threshold=19999973.000000004 24.329149246215824 5.7608332633972177 19999951.000000004 139.74616241455081 0.62500000000000011
decision_type=2 2 2 2 2 2
left_child=3 2 -2 5 -5 -1
right_child=1 -3 -4 4 -6 -7
leaf_value=0.0024708028351628068 -0.067961235557901609 -0.37426492261152938 0.066521357542352749 0.055079789296099121 -0.28160164930251658 -0.011590535546674725
leaf_weight=979.03112422067511 23.81557729322094 1.2968492590043741 12.004341744458086 40.573297553258271 1.4349369927067517 366.61810195970406
leaf_count=176758 5252 396 8351 8781 120 54588
internal_value=-0.000915917 -0.0351689 -0.022892 2.74413e-07 0.0435793 -0.00136017
internal_weight=1424.77 37.1168 35.8199 1387.66 42.0082 1345.65
internal_count=254246 13999 13603 240247 8901 231346
is_linear=0
shrinkage=0.12


Tree=280
num_leaves=8
num_cat=0
split_feature=29 34 88 33 88 31 34
split_gain=5.67127 19.0112 65.411 48.1226 14.9137 19.7673 18.5407
threshold=6.1685874462127694 1.1424142718315127 0.84285715222358715 0.2097679600119591 1.0000000180025095e-35 0.52578124403953563 0.2598749995231629
decision_type=2 2 2 2 2 2 2
left_child=1 2 -1 -3 5 -2 -6
right_child=4 3 -4 -5 6 -7 -8
leaf_value=-0.11134836415035811 -0.0059160531836749469 -0.014110104343890416 0.074701683880535802 0.14297487570693998 -0.15754163974388324 0.032754833661672186 -0.011274109818795059
leaf_weight=83.477613564135737 372.76540652574181 206.87432451643983 40.371692576125497 32.493915490993004 13.030736645618104 388.95763418255387 294.93033216388204
leaf_count=3972 96498 20354 3929 733 94 77211 51204
internal_value=0.000421882 -0.0125337 -0.0507008 0.00721397 0.00482103 0.0138304 -0.0174631
internal_weight=1432.9 363.218 123.849 239.368 1069.68 761.723 307.961
internal_count=253995 28988 7901 21087 225007 173709 51298
is_linear=0
shrinkage=0.12


Tree=281
num_leaves=8
num_cat=0
split_feature=15 83 29 28 28 57 83
split_gain=4.59533 14.263 5.89826 11.6984 8.84928 5.73831 2.24448
threshold=-0.70134299993515004 0.37500000000000006 31.450469970703129 78.760898590087905 84.062850952148452 0.52708330750465404 0.62500000000000011
decision_type=2 2 2 2 2 2 2
left_child=1 5 3 -2 -4 -1 -3
right_child=2 6 4 -5 -6 -7 -8
leaf_value=-0.042750921339624576 0.0073538052677515542 -0.063970764462327551 0.0037277281828418493 -0.029422852104097019 0.037976591816018784 0.0094991323350870818 -0.13118015641956327
leaf_weight=39.962219030432777 332.30191286172754 15.670164722927453 561.18373548829129 199.21990695113078 134.71615949321131 124.76035114022295 13.167612943830065
leaf_count=528 30554 220 170037 19049 31402 1506 699
internal_value=0.000377906 -0.0168065 0.00308783 -0.00643047 0.0103578 -0.0031769 -0.0946592
internal_weight=1420.98 193.56 1227.42 531.522 695.9 164.723 28.8378
internal_count=253995 2953 251042 49603 201439 2034 919
is_linear=0
shrinkage=0.12


Tree=282
num_leaves=8
num_cat=0
split_feature=29 77 28 50 77 34 28
split_gain=3.98426 16.0463 51.5482 13.9338 12.637 16.2181 15.6778
threshold=6.1685874462127694 1.0000000180025095e-35 68.951004028320327 0.071427594870328917 1.0000000180025095e-35 0.2598749995231629 51.713253021240241
decision_type=2 2 2 2 2 2 2
left_child=1 2 -1 -3 6 -6 -2
right_child=4 3 -4 -5 5 -7 -8
leaf_value=0.015787905290954141 -0.0051663139972181853 0.0043474753681579008 -0.10372827618937043 0.10677314140161473 -0.15300136509702381 -0.010947600997560331 0.029428243858178108
leaf_weight=133.12596810403306 372.32906900045509 114.10953702188226 85.240301621002118 22.976577742694644 12.04661678581027 294.57361782326694 382.35963817378115
leaf_count=5613 96498 11526 9271 2578 94 51204 77211
internal_value=0.000331673 -0.0106644 -0.0308658 0.0215147 0.00401446 -0.0165287 0.0123609
internal_weight=1416.76 355.452 218.366 137.086 1061.31 306.62 754.689
internal_count=253995 28988 14884 14104 225007 51298 173709
is_linear=0
shrinkage=0.12


Tree=283
num_leaves=8
num_cat=0
split_feature=15 83 19 33 45 0 83
split_gain=3.88124 12.0472 5.43883 4.64636 9.1281 7.83264 2.29847
threshold=-0.70134299993515004 0.37500000000000006 0.30260416865348821 0.274830311536789 0.80078125000000011 34.734849929809577 0.62500000000000011
decision_type=2 2 2 2 2 2 2
left_child=1 2 -1 4 -2 -5 -3
right_child=3 6 -4 5 -6 -7 -8
leaf_value=0.0060496854103514351 0.0054616711620223482 -0.058624864479079455 -0.054125088205679413 0.029851422371169417 -0.027588430268051804 0.0012268682581723688 -0.12876127698242423
leaf_weight=138.8719673737919 364.18487720118816 15.355904509196073 25.619325366845999 193.24601007591127 179.72118117426572 478.52319732129138 11.975886088280227
leaf_count=1723 34396 220 311 107229 18808 90609 699
internal_value=0.00028263 -0.0155809 -0.00332246 0.00278577 -0.00545897 0.00946122 -0.0893563
internal_weight=1407.5 191.823 164.491 1215.68 543.906 671.769 27.3318
internal_count=253995 2953 2034 251042 53204 197838 919
is_linear=0
shrinkage=0.12


Tree=284
num_leaves=5
num_cat=0
split_feature=28 28 63 65
split_gain=3.72824 7.37665 3.9684 1.25864
threshold=158.59754943847659 152.29668426513675 19999973.000000004 38.500000000000007
decision_type=2 2 2 2
left_child=1 2 -1 -2
right_child=3 -3 -4 -5
leaf_value=0.001462216011592689 0.15184526674347482 -0.13930568189984194 -0.038400845823281328 0.036924383710447699
leaf_weight=1355.5281210252847 2.9659819899407003 5.4634290970186603 36.941418331816749 2.5541582694886529
leaf_count=239128 262 439 13751 415
internal_value=0.00024731 -0.000141347 0.000404672 0.0986716
internal_weight=1403.45 1397.93 1392.47 5.52014
internal_count=253995 253318 252879 677
is_linear=0
shrinkage=0.12


Tree=285
num_leaves=8
num_cat=0
split_feature=76 72 7 90 41 10 18
split_gain=3.65449 10.1515 24.1311 8.73395 9.18487 7.33784 5.22901
threshold=0.96128329634666454 0.85156250000000011 5.5262498855590829 0.2566750049591065 0.26889435946941381 2.5000000000000004 1.0000000180025095e-35
decision_type=2 2 2 2 2 2 2
left_child=1 2 -1 4 -2 -3 -5
right_child=3 5 -4 6 -6 -7 -8
leaf_value=-0.29626719229887344 0.0096134022694122079 0.0046773669811446391 0.013809937165776854 -0.025262833639977948 -0.1751247226863899 -0.017412271229834585 0.098380989697568547
leaf_weight=5.6241028536317108 67.459877553577826 1013.6946580246158 10.112401357335328 6.0963598201669837 4.1116589932607885 275.37361400938539 25.641646224548822
leaf_count=476 6080 199123 1037 821 447 45099 1579
internal_value=0.000509235 -0.00121094 -0.0970092 0.0222352 -0.000999478 -4.14704e-05 0.074631
internal_weight=1408.11 1304.8 15.7365 103.31 71.5715 1289.07 31.738
internal_count=254662 245735 1513 8927 6527 244222 2400
is_linear=0
shrinkage=0.12


Tree=286
num_leaves=8
num_cat=0
split_feature=51 55 53 72 6 19 59
split_gain=4.24114 8.24919 7.62776 6.9668 5.01094 7.03513 5.91672
threshold=0.17502862960100177 0.039011672139167793 2.4114582538604741 4.5070312023162851 9.3642501831054705 0.2963541597127915 19999975.000000004
decision_type=2 2 2 2 2 2 2
left_child=4 2 -2 -3 6 -6 -1
right_child=1 3 -4 -5 5 -7 -8
leaf_value=0.00028265230420821574 0.045363364669872897 -0.047718590914973803 0.22087552020599632 0.010346013931805148 -0.013335911016050681 -0.094564259762593819 -0.061806407138097513
leaf_weight=820.14598929579302 16.796305900442807 32.013070043671632 4.5266772768518413 422.02046573097095 69.352837917862615 19.719605773662153 22.71314476788757
leaf_count=161003 5926 7292 642 67184 1348 414 10853
internal_value=0.00045387 0.00967775 0.082623 0.00625199 -0.00425101 -0.0313189 -0.00139051
internal_weight=1407.29 475.357 21.323 454.034 931.932 89.0724 842.859
internal_count=254662 81044 6568 74476 173618 1762 171856
is_linear=0
shrinkage=0.12


Tree=287
num_leaves=6
num_cat=0
split_feature=58 53 49 58 0
split_gain=3.51764 3.44609 6.66864 3.72815 0.750576
threshold=11.418222427368166 3.0708333253860478 1.8760416507720949 0.036048788577318198 56.731849670410163
decision_type=2 2 2 2 2
left_child=1 3 -3 -1 -2
right_child=4 2 -4 -5 -6
leaf_value=0.0021882614541934597 0.14526462492925726 -0.0080279231984708831 -0.2597886021044884 -0.02198286889771647 0.052917559763943724
leaf_weight=1295.1677019558879 2.5946317220223127 5.1378002375568022 2.1486289443637361 98.905865419701968 2.4776329673368309
leaf_count=232473 364 865 240 20466 254
internal_value=0.000404224 4.31693e-05 -0.0822673 0.000473383 0.100156
internal_weight=1406.43 1401.36 7.28643 1394.07 5.07226
internal_count=254662 254044 1105 252939 618
is_linear=0
shrinkage=0.12


Tree=288
num_leaves=6
num_cat=0
split_feature=5 55 57 69 61
split_gain=3.14985 7.95204 3.40845 14.3149 6.75097
threshold=4.170300006866456 0.11629994586110116 1.5140625238418581 29.500000000000004 2.263541698455811
decision_type=2 2 2 2 2
left_child=2 -2 4 -4 -1
right_child=1 -3 3 -5 -6
leaf_value=-0.0011032782912583144 0.038724031755524489 -0.087659679593215203 0.0092470926363187479 -0.33624109265251245 -0.047652172356416056
leaf_weight=750.10409233125858 11.79921351129491 18.268840032609717 576.50608442704424 1.7321611022125569 47.719455788005348
leaf_count=125204 356 571 116405 738 11388
internal_value=0.000357396 -0.0380646 0.00119695 0.00821215 -0.00388746
internal_weight=1406.13 30.0681 1376.06 578.238 797.824
internal_count=254662 927 253735 117143 136592
is_linear=0
shrinkage=0.12


Tree=289
num_leaves=8
num_cat=0
split_feature=51 6 30 53 63 49 15
split_gain=3.32053 6.73776 7.10457 6.61752 6.29099 11.1967 5.86589
threshold=0.17502862960100177 8.5329499244689959 4.5000000000000009 2.3757812976837163 19999973.000000004 1.4822916984558108 0.65792000293731701
decision_type=2 2 2 2 2 2 2
left_child=4 2 -2 -3 6 -6 -1
right_child=1 3 -4 -5 5 -7 -8
leaf_value=-0.012301111144695839 0.0032606712224711259 0.015456847436185948 -0.073158218765913871 0.074964557219804759 -0.12272305056612644 0.049654506993908686 0.007012153052517428
leaf_weight=434.29554242094355 308.71703553226126 110.96057050071937 18.572485806782652 35.525327161993459 15.988402952748404 8.2136967129172245 473.19898089135586
leaf_count=8611 74593 3066 2458 927 5943 3493 155571
internal_value=0.000318514 0.00849798 -0.00107582 0.0298885 -0.00384081 -0.0642216 -0.00223051
internal_weight=1405.47 473.775 327.29 146.486 931.697 24.2021 907.495
internal_count=254662 81044 77051 3993 173618 9436 164182
is_linear=0
shrinkage=0.12


Tree=290
num_leaves=7
num_cat=0
split_feature=12 85 8 81 81 54
split_gain=3.61846 10.5074 3.64371 53.5247 28.2511 1.4104
threshold=0.33209998905658727 0.37500000000000006 12.444991111755373 1.0000000180025095e-35 1.0000000180025095e-35 -0.09639501571655272
decision_type=2 2 2 2 2 2
left_child=1 -1 4 -4 -2 -3
right_child=2 5 3 -5 -6 -7
leaf_value=-0.093292967346141439 -0.0051394198278970557 0.0052377542300695891 0.0056762578045130071 -0.10018516870866467 0.059978370887626122 0.09083120085067474
leaf_weight=20.43011687251283 649.78126109345385 5.1301483106835821 534.32094515445829 78.937329142181625 112.55894629149134 6.0314203533366673
leaf_count=266 217536 378 10834 834 24303 318
internal_value=-0.00198628 -0.04214 -0.00106412 -0.00795 0.00447517 0.0514902
internal_weight=1407.19 31.5917 1375.6 613.258 762.34 11.1616
internal_count=254469 962 253507 11668 241839 696
is_linear=0
shrinkage=0.12


Tree=291
num_leaves=5
num_cat=0
split_feature=28 28 1 75
split_gain=3.42255 6.39699 3.66456 1.48215
threshold=158.59754943847659 152.29668426513675 21.230599403381351 5.5000000000000009
decision_type=2 2 2 2
left_child=1 2 -1 -2
right_child=3 -3 -4 -5
leaf_value=0.00023852926597562907 0.1464415115236222 -0.12847757858281894 -0.022171153740672748 0.023029188136992371
leaf_weight=1276.2264557462304 3.1361489156224698 5.7465142800122058 114.50621294531675 2.5332535602137796
leaf_count=247486 386 439 5874 284
internal_value=-0.00175089 -0.00212865 -0.00160658 0.0912973
internal_weight=1402.15 1396.48 1390.73 5.6694
internal_count=254469 253799 253360 670
is_linear=0
shrinkage=0.12


Tree=292
num_leaves=8
num_cat=0
split_feature=51 66 51 66 76 1 23
split_gain=3.52971 10.0154 6.93696 6.88245 10.6484 5.95886 0.561794
threshold=0.10197836533188821 2.0395833253860478 0.12584757804870608 11.568229198455812 0.28522555530071264 3.6709500551223759 2.1543833017349248
decision_type=2 2 2 2 2 2 2
left_child=3 6 -3 5 -5 -1 -2
right_child=1 2 -4 4 -6 -7 -8
leaf_value=-0.071051919160786056 0.16865739264596968 -0.030287979581082616 -0.0023045996193791561 -0.046670695336596714 0.099062405199439083 0.0047271562532657102 0.087380763722315014
leaf_weight=15.405342697905892 4.4540199877702653 156.4173646659267 691.56640551192277 10.12557393132556 25.159153273203628 497.49089959015555 1.689042774869449
leaf_count=5356 199 28154 122492 9335 14800 71970 2163
internal_value=-0.00153722 -0.00636036 -0.00746636 0.00597776 0.0572417 0.00245106 0.14631
internal_weight=1402.31 854.127 847.984 548.181 35.2847 512.896 6.14306
internal_count=254469 153008 150646 101461 24135 77326 2362
is_linear=0
shrinkage=0.12


Tree=293
num_leaves=6
num_cat=0
split_feature=6 21 47 53 57
split_gain=3.27167 5.73906 3.57483 6.79323 5.78556
threshold=9.6870999336242694 0.25364583730697637 0.11265768110752107 2.3757812976837163 19.454167366027836
decision_type=2 2 2 2 2
left_child=2 -2 3 -1 -4
right_child=1 -3 4 -5 -6
leaf_value=-0.00078582192251785152 0.020547477493706716 -0.093488537443579128 0.0046199128631327635 -0.030991634492151508 0.15444892913794264
leaf_weight=536.32298873907848 11.287932263239812 14.542309522773591 702.15660040898638 134.00408469361378 3.7309320385961646
leaf_count=92824 325 588 141120 17694 1918
internal_value=-0.00134227 -0.0436543 -0.000548112 -0.00682422 0.00541183
internal_weight=1402.04 25.8302 1376.21 670.327 705.888
internal_count=254469 913 253556 110518 143038
is_linear=0
shrinkage=0.12


Tree=294
num_leaves=6
num_cat=0
split_feature=5 55 63 63 53
split_gain=2.97687 5.61426 3.47778 5.1142 3.78618
threshold=4.170300006866456 0.11629994586110116 -7.3453691005706778 -5.3622949123382559 2.9078124761581425
decision_type=2 2 2 2 2
left_child=2 -2 4 -4 -1
right_child=1 -3 3 -5 -6
leaf_value=0.049066809011347301 0.028960639679095318 -0.079501213724182659 -0.1855367131099793 -0.00044252862864956277 0.31633735064162016
leaf_weight=3.988596762851329 10.970426540221043 18.396561620733138 2.1529754416924325 1364.9535207729557 0.94385318821878161
leaf_count=1674 351 583 1163 250680 18
internal_value=-0.00118027 -0.0389839 -0.000371129 -0.000734023 0.100211
internal_weight=1401.41 29.367 1372.04 1367.11 4.93245
internal_count=254469 934 253535 251843 1692
is_linear=0
shrinkage=0.12


Tree=295
num_leaves=7
num_cat=0
split_feature=28 6 55 69 90 29
split_gain=5.34448 5.43327 4.19 9.32564 5.32781 3.57825
threshold=11.372304916381838 8.0698499679565447 0.037774244323372848 14.500000000000002 0.0048571429215371617 0.88543996214866649
decision_type=2 2 2 2 2 2
left_child=1 5 3 -2 -4 -1
right_child=2 -3 4 -5 -6 -7
leaf_value=-0.12052380780552598 0.1085083450310637 -0.019248154292477809 0.0057755251499329186 0.010647603072012547 -0.010730147626385057 0.14277893505187103
leaf_weight=0.80467841030639675 15.141838849455665 6.1527832695865063 716.63580797338068 189.68030015688385 463.90167982730895 9.7323826316422224
leaf_count=39 6473 221 136019 26823 80766 3720
internal_value=0.00285157 0.0703522 0.00203837 0.0178821 -0.000710511 0.122671
internal_weight=1402.05 16.6898 1385.36 204.822 1180.54 10.5371
internal_count=254061 3980 250081 33296 216785 3759
is_linear=0
shrinkage=0.12


Tree=296
num_leaves=7
num_cat=0
split_feature=28 6 76 29 90 55
split_gain=4.35887 4.6566 3.81565 6.78019 4.40668 3.41247
threshold=11.372304916381838 8.0698499679565447 0.9717826545238496 3.4596813917160039 0.0048571429215371617 0.058178465813398368
decision_type=2 2 2 2 2 2
left_child=1 5 4 -4 -2 -1
right_child=2 -3 3 -5 -6 -7
leaf_value=-0.05792755164758915 0.0059486595139444541 -0.016825685502204816 -0.068722358213910276 0.043005406999807122 -0.0082717736847826122 0.14468376502482774
leaf_weight=1.3945152446241333 794.8595687289079 6.1913466746846089 8.9507750946650031 61.985563907566757 518.4856081096508 8.4525124850548519
leaf_count=463 153489 221 640 5364 90588 3296
internal_value=0.00251952 0.064719 0.00179887 0.0289076 0.000334682 0.11599
internal_weight=1400.32 16.0384 1384.28 70.9363 1313.35 9.84703
internal_count=254061 3980 250081 6004 244077 3759
is_linear=0
shrinkage=0.12


Tree=297
num_leaves=7
num_cat=0
split_feature=28 41 53 53 13 29
split_gain=3.52393 4.1 9.85148 8.1615 3.84163 3.00968
threshold=11.372304916381838 0.10394232347607614 2.2885416746139531 2.2135417461395268 1.9452999830245974 0.88543996214866649
decision_type=2 2 2 2 2 2
left_child=4 2 -2 -3 -1 -6
right_child=1 3 -4 -5 5 -7
leaf_value=-0.013347427834972676 0.00048741456875932721 0.0086518704030616247 0.033838524831146417 -0.01944650494147996 -0.11990654613576583 0.12869845968482768
leaf_weight=6.2889988911213655 626.7402823988657 287.06302521163667 160.12365186098202 309.18674010977799 0.7643095878083831 8.4970325122864647
leaf_count=254 141308 40195 27818 40760 39 3687
internal_value=0.00222557 0.0015869 0.00727423 -0.00591861 0.059032 0.108182
internal_weight=1398.66 1383.11 786.864 596.25 15.5503 9.26134
internal_count=254061 250081 169126 80955 3980 3726
is_linear=0
shrinkage=0.12


Tree=298
num_leaves=8
num_cat=0
split_feature=57 72 66 57 50 41 41
split_gain=3.24318 4.55107 6.95731 3.63437 7.85018 3.14842 1.95779
threshold=15.784375190734865 39.667709350585945 10.869270801544191 14.118750095367433 0.48611710965633398 0.6449771821498872 0.16323599964380267
decision_type=2 2 2 2 2 2 2
left_child=3 6 -3 5 -5 -1 -2
right_child=1 2 -4 4 -6 -7 -8
leaf_value=0.0023770148138443068 0.12795058831123773 -0.24553994245234798 0.11459061502346789 -0.017685374309805747 -0.32197137922841668 -0.05669038917744372 0.024607897758538961
leaf_weight=1362.3411689634404 7.6344401555844552 1.5983925991723702 1.4949614208780984 5.6204240099577865 1.5597002646718463 13.119622607628115 4.0349882417795015
leaf_count=245034 2657 363 2215 1389 264 1476 663
internal_value=0.00196646 0.0579134 -0.0714954 0.0013691 -0.0837838 0.00181361 0.0922173
internal_weight=1397.4 14.7628 3.09335 1382.64 7.18012 1375.46 11.6694
internal_count=254061 5898 2578 248163 1653 246510 3320
is_linear=0
shrinkage=0.12


Tree=299
num_leaves=7
num_cat=0
split_feature=31 6 81 41 41 54
split_gain=2.85584 3.35777 3.18704 3.06261 8.74969 6.46735
threshold=0.11562499776482583 8.0698499679565447 1.0000000180025095e-35 0.10394232347607614 0.041756054386496551 -0.13011231273412702
decision_type=2 2 2 2 2 2
left_child=1 2 -1 4 -2 -5
right_child=3 -3 -4 5 -6 -7
leaf_value=0.13308023912462613 -0.0030914430456508374 -0.01335419466485682 -0.066188028096334492 -0.029182115809877333 0.02357732134132464 0.0012283087567792951
leaf_weight=7.3723806855418825 513.90191536297857 6.2473901410012322 1.3706559069596549 128.25414049425194 270.34848029503939 468.79404488349485
leaf_count=3441 128098 221 318 14890 41028 66065
internal_value=0.00173708 0.0538322 0.101841 0.00117172 0.00610187 -0.00530427
internal_weight=1396.29 14.9904 8.74304 1381.3 784.25 597.048
internal_count=254061 3980 3759 250081 169126 80955
is_linear=0
shrinkage=0.12


Tree=300
num_leaves=6
num_cat=0
split_feature=15 1 81 15 13
split_gain=4.34343 6.09142 13.5504 5.01999 2.43634
threshold=-1.232878506183624 19.333049774169925 1.0000000180025095e-35 0.35544049739837652 0.81620001792907726
decision_type=2 2 2 2 2
left_child=4 3 -3 -2 -1
right_child=1 2 -4 -5 -6
leaf_value=0.0016191852163311648 -0.018625758046937203 0.020786481029981718 -0.10039916225742568 0.0023999415968150462 -0.049716596115773566
leaf_weight=21.027559045530779 207.73189494308599 347.8254210452144 13.814223212584691 768.25019033502963 36.283679207577734
leaf_count=472 3827 14693 1355 233360 534
internal_value=0.00146808 0.00285411 0.0161573 -0.00207525 -0.0308814
internal_weight=1394.93 1337.62 361.64 975.982 57.3112
internal_count=254241 253235 16048 237187 1006
is_linear=0
shrinkage=0.12


Tree=301
num_leaves=8
num_cat=0
split_feature=24 88 41 41 1 81 2
split_gain=3.94446 8.10191 8.67833 7.36793 6.92464 11.1001 4.72911
threshold=1.04678350687027 0.50337144732475292 0.053698435425758369 0.15667912364006045 19.333049774169925 1.0000000180025095e-35 156.97000122070315
decision_type=2 2 2 2 2 2 2
left_child=1 2 -1 -3 6 -6 -2
right_child=4 3 -4 -5 5 -7 -8
leaf_value=-0.019271021504365833 0.018152655526276377 -0.012714761949269014 0.045223218316069749 -0.10203574188942242 0.026915705854455858 -0.087694727630714536 -0.0047199952552016795
leaf_weight=97.963105298551142 156.11329071631394 28.533251797840421 43.333806365020308 24.906654445252457 246.05711434089949 12.801769727724603 783.27823873517718
leaf_count=1708 20304 349 708 301 13249 1290 216332
internal_value=0.00129552 -0.0145443 0.000508469 -0.0543445 0.00386977 0.0212477 -0.000918891
internal_weight=1392.99 194.737 141.297 53.4399 1198.25 258.859 939.392
internal_count=254241 3066 2416 650 251175 14539 236636
is_linear=0
shrinkage=0.12


Tree=302
num_leaves=7
num_cat=0
split_feature=28 19 22 88 17 28
split_gain=3.5494 3.23244 5.18058 5.05689 0.776511 0.249982
threshold=3.9956747293472294 0.27864582836627966 0.24310000240802768 1.3177857398986819 2.5000000000000004 2.1515172123909001
decision_type=2 2 2 2 2 2
left_child=4 3 -3 -2 5 -1
right_child=1 2 -4 -5 -6 -7
leaf_value=0.061053254861130196 0.0047448260250445252 -0.041767623968928067 -0.00238763727602376 0.092689982662817194 0.21802591829514681 0.13321482839262377
leaf_weight=1.8644145281040205 790.06849970368762 52.859355288164465 534.82569300383591 9.5285841745489943 0.84821944291400075 1.0986468193625569
leaf_count=630 160901 1336 89411 1224 344 395
internal_value=0.00114463 0.000826914 -0.00592967 0.00579284 0.11679 0.0878094
internal_weight=1391.09 1387.28 587.685 799.597 3.81128 2.96306
internal_count=254241 252872 90747 162125 1369 1025
is_linear=0
shrinkage=0.12


Tree=303
num_leaves=7
num_cat=0
split_feature=24 88 90 1 41 30
split_gain=3.14124 7.41562 9.84511 3.75348 9.4952 3.78737
threshold=0.81030231714248668 0.37225000560283666 0.2497428581118584 19.333049774169925 0.33906581997871404 4.5000000000000009
decision_type=2 2 2 2 2 2
left_child=1 2 -1 5 -5 -2
right_child=3 -3 -4 4 -6 -7
leaf_value=0.024824869159049523 0.00054108598808745329 -0.070149985604645956 -0.058791671387949052 0.020239790833560058 -0.062496909157820454 -0.04079670922269938
leaf_weight=65.746360948482206 928.0558813785558 29.148111754686056 29.318999194585572 283.20383614901601 21.489899546312984 33.052495885239296
leaf_count=884 229855 431 753 14571 653 7094
internal_value=0.00101175 -0.0171987 -0.000963213 0.00279875 0.0144044 -0.00088052
internal_weight=1390.02 124.213 95.0654 1265.8 304.694 961.108
internal_count=254241 2068 1637 252173 15224 236949
is_linear=0
shrinkage=0.12


Tree=304
num_leaves=7
num_cat=0
split_feature=15 1 82 8 50 58
split_gain=3.08135 3.27912 9.04469 3.78144 2.55083 1.90496
threshold=-1.232878506183624 19.333049774169925 1.0000000180025095e-35 12.444991111755373 0.2463796213269234 -3.2650915384292598
decision_type=2 2 2 2 2 2
left_child=4 3 -3 -2 -1 -6
right_child=1 2 -4 -5 5 -7
leaf_value=0.010150693188419739 0.0029739840706199589 0.007196810380886277 0.089341136681889602 -0.013911947238502503 -0.067918904583696732 -0.01386607176339438
leaf_weight=18.402722909622526 715.83122238455348 334.0822329368001 20.485507792063572 260.45795680304184 21.437934068581171 16.704755006013329
leaf_count=319 232182 13132 2916 5005 367 320
internal_value=0.000893071 0.00205876 0.0119428 -0.00153091 -0.0265427 -0.0442462
internal_weight=1387.4 1330.86 354.568 976.289 56.5454 38.1427
internal_count=254241 253235 16048 237187 1006 687
is_linear=0
shrinkage=0.12


Tree=305
num_leaves=7
num_cat=0
split_feature=23 65 34 65 84 10
split_gain=5.48239 11.6633 10.2699 4.65301 6.18054 4.79566
threshold=0.14616250246763232 36.500000000000007 0.76678571105003368 1.5000000000000002 1.0000000180025095e-35 2.5000000000000004
decision_type=2 2 2 2 2 2
left_child=1 2 -1 4 -2 -5
right_child=3 -3 -4 5 -6 -7
leaf_value=0.054259691264856511 0.090318380536267437 -0.095864694499807987 -0.036111051071176271 0.0038695133160739303 -0.042041442720354649 -0.013292165683771678
leaf_weight=27.797921251808916 17.612949315205928 26.995492835322807 51.94744024741216 943.05312754491501 7.1393744485449124 312.06004069858045
leaf_count=527 1676 425 904 200273 707 49597
internal_value=-0.0015604 -0.0276884 -0.0046093 0.000618679 0.0521415 -0.000397412
internal_weight=1386.61 106.741 79.7454 1279.87 24.7523 1255.11
internal_count=254109 1856 1431 252253 2383 249870
is_linear=0
shrinkage=0.12


Tree=306
num_leaves=7
num_cat=0
split_feature=23 85 7 43 43 66
split_gain=4.28444 10.8229 12.3214 4.19006 8.91332 3.70299
threshold=0.14616250246763232 4.8750000000000009 10.495749950408937 -0.61941686272621144 -1.0485529303550718 0.36875000596046453
decision_type=2 2 2 2 2 2
left_child=1 2 -1 4 -2 -5
right_child=3 -3 -4 5 -6 -7
leaf_value=-0.094720904044989923 -0.018389456637447527 0.056061556271172749 -0.0033279935869792291 0.056389289656936875 -0.20322505459576495 0.0010332664692957387
leaf_weight=37.355932829746365 38.492415998677416 19.568588346342949 49.244616696230793 17.653425210647811 4.1632467473955321 1219.0644066983066
leaf_count=364 9371 541 951 1980 1013 239889
internal_value=-0.00137425 -0.0245385 -0.0427512 0.000548043 -0.0364296 0.00182344
internal_weight=1385.54 106.169 86.6005 1279.37 42.6557 1236.72
internal_count=254109 1856 1315 252253 10384 241869
is_linear=0
shrinkage=0.12


Tree=307
num_leaves=8
num_cat=0
split_feature=66 0 66 49 66 50 78
split_gain=3.88019 10.433 10.0465 6.04416 5.74032 5.24209 3.66426
threshold=11.581770896911623 51.33709907531739 11.704687595367433 0.89453125000000011 11.56302070617676 0.12675142288208011 1.0000000180025095e-35
decision_type=2 2 2 2 2 2 2
left_child=4 2 -2 -3 6 -6 -1
right_child=1 3 -4 -5 5 -7 -8
leaf_value=0.0017280512690415761 0.03354754791573792 -0.099586837764795877 -0.068063826788525392 0.085034145181485096 -0.034063092587721465 -0.22703328534197642 -0.012605971305028508
leaf_weight=924.97182034976822 32.695110854927862 2.7562227213725228 24.519940955228776 34.718208377480551 6.1742789734826129 3.0180429292740882 355.5162498446432
leaf_count=141039 27504 1718 20628 13926 741 4335 44218
internal_value=-0.00120854 0.0222376 -0.00999877 0.0714554 -0.00292998 -0.0974195 -0.00225166
internal_weight=1384.37 94.6895 57.2151 37.4744 1289.68 9.19232 1280.49
internal_count=254109 63776 48132 15644 190333 5076 185257
is_linear=0
shrinkage=0.12


Tree=308
num_leaves=7
num_cat=0
split_feature=23 65 51 0 68 0
split_gain=3.36884 9.10736 13.0169 3.65956 12.5411 6.89634
threshold=0.14616250246763232 36.500000000000007 0.16497880220413211 13.029899597167971 2.5000000000000004 31.393300056457523
decision_type=2 2 2 2 2 2
left_child=1 2 -1 4 -2 -5
right_child=3 -3 -4 5 -6 -7
leaf_value=-0.040663186794687847 0.042040570582573412 -0.083218078867931158 0.059089159413287906 -0.022064513971894344 -0.030262203286423237 0.0026070516237064133
leaf_weight=47.86278524442325 103.51033924138861 26.062151627226058 31.063327162002068 198.02616270171086 51.849061327611111 926.36745427690346
leaf_count=873 53495 425 558 53684 16580 128494
internal_value=-0.00104806 -0.0217128 -0.00140318 0.000647237 0.0179105 -0.00173806
internal_weight=1384.74 104.988 78.9261 1279.75 155.359 1124.39
internal_count=254109 1856 1431 252253 70075 182178
is_linear=0
shrinkage=0.12


Tree=309
num_leaves=8
num_cat=0
split_feature=88 33 28 2 23 24 41
split_gain=3.33148 20.4734 24.3009 11.9552 10.0092 10.9033 6.61999
threshold=0.95164284110069286 0.20816346257925036 38.215044021606452 156.97000122070315 1.6203874945640566 1.04678350687027 0.13994646072387698
decision_type=2 2 2 2 2 2 2
left_child=1 2 -1 -3 6 -6 -2
right_child=4 3 -4 -5 5 -7 -8
leaf_value=0.021465173660872097 0.011819588070435261 0.05676188119071196 -0.11253342150727881 -0.0018444207211833943 -0.17475786412748445 0.048291084968196514 -0.049907456331717948
leaf_weight=31.64449372377652 63.522868414675145 52.649427078118606 50.734419513051819 1044.1856006156436 3.264660467975772 94.715763051675935 41.275686847894121
leaf_count=802 2038 5834 12841 206944 24 24476 1150
internal_value=-0.000921314 -0.00336453 -0.0610601 0.000968754 0.0132866 0.0408592 -0.0124921
internal_weight=1381.99 1179.21 82.3789 1096.84 202.779 97.9804 104.799
internal_count=254109 226421 13643 212778 27688 24500 3188
is_linear=0
shrinkage=0.12


Tree=310
num_leaves=7
num_cat=0
split_feature=57 50 1 17 20 77
split_gain=4.79828 4.13859 9.97198 7.13034 0.212143 0.0972975
threshold=21.300000190734867 -0.084384541958570466 2.4298499822616582 1.0000000180025095e-35 29.865107536315922 1.0000000180025095e-35
decision_type=2 2 2 2 2 2
left_child=1 2 -1 -3 5 -2
right_child=4 3 -4 -5 -6 -7
leaf_value=-0.18949929495786222 0.068208385711318278 -0.019739264696686229 0.02226213231334111 0.0026018818403061106 0.16305653228967792 0.13075045319736575
leaf_weight=3.26728224313237 0.6312029788364264 263.06853915588476 160.7903033964059 943.53138429305477 2.1363519377264311 0.82815985196066322
leaf_count=402 1384 43863 19734 187952 296 425
internal_value=0.000525556 0.000162378 0.0180448 -0.00226904 0.138966 0.1037
internal_weight=1374.25 1370.66 164.058 1206.6 3.59571 1.45936
internal_count=254056 251951 20136 231815 2105 1809
is_linear=0
shrinkage=0.12


Tree=311
num_leaves=8
num_cat=0
split_feature=55 5 81 5 55 76 54
split_gain=3.26611 7.62332 8.77589 7.25771 4.68765 10.3513 4.3603
threshold=0.053886683657765395 1.0232500433921816 1.0000000180025095e-35 0.90834999084472667 0.06063662841916085 0.90564522147178661 -0.19721388816833493
decision_type=2 2 2 2 2 2 2
left_child=1 3 -3 -1 5 -2 -6
right_child=4 2 -4 -5 6 -7 -8
leaf_value=-0.015947780239057477 -0.028802532544792363 0.031061994560300291 -0.027124175236757354 -0.16317267289537882 -0.036494010585490483 -0.29702112857275881 0.00060143254845308031
leaf_weight=32.438623964606563 32.315280689054816 195.06940857232951 46.158597473375266 5.6635225692671147 47.782751366820207 2.2139018556408692 1012.1584039626522
leaf_count=9716 7151 31959 4519 1780 6523 125 192283
internal_value=0.000467607 0.0120495 0.0199282 -0.0378314 -0.00248831 -0.0459999 -0.00107085
internal_weight=1373.8 279.33 241.228 38.1021 1094.47 34.5292 1059.94
internal_count=254056 47974 36478 11496 206082 7276 198806
is_linear=0
shrinkage=0.12


Tree=312
num_leaves=7
num_cat=0
split_feature=57 64 59 55 29 54
split_gain=4.06985 3.48819 3.81257 3.28724 0.20796 0.0767813
threshold=21.300000190734867 2.5000000000000004 3.4202368259429936 0.39141750335693365 5.2616722583770761 -0.062996689230203615
decision_type=2 2 2 2 2 2
left_child=1 3 -3 -1 -2 -6
right_child=4 2 -4 -5 5 -7
leaf_value=0.0019821115940609909 0.080786762801533615 -0.16286338298109126 -0.0019193358165175527 -0.024180378044719179 0.16381603470237105 0.11778948585360588
leaf_weight=1288.1934800136746 0.82788788292623339 3.9462899841647054 4.5785574045475528 73.080170095613539 1.7603212468602583 0.74187520716714028
leaf_count=236185 137 571 1357 13838 46 1922
internal_value=0.000420485 9.83671e-05 -0.0764229 0.000577575 0.13292 0.15017
internal_weight=1373.13 1369.8 8.52485 1361.27 3.33008 2.5022
internal_count=254056 251951 1928 250023 2105 1968
is_linear=0
shrinkage=0.12


Tree=313
num_leaves=5
num_cat=0
split_feature=44 55 33 88
split_gain=3.16642 2.7394 6.14347 3.85846
threshold=-0.57901731133460987 0.083809539675712599 0.51484593749046337 0.90351429581642162
decision_type=2 2 2 2
left_child=-1 2 -2 -3
right_child=1 3 -4 -5
leaf_value=-0.16603770579931992 0.015735897440909828 -0.0069702425449118394 -0.016331039390346209 0.01350844573696324
leaf_weight=1.6445685039907392 356.57902411834709 739.64622231512476 113.38995687926399 161.39615527207877
leaf_count=385 57855 146176 27417 22223
internal_value=0.000372236 0.00057185 0.00799907 -0.00330207
internal_weight=1372.66 1371.01 469.969 901.042
internal_count=254056 253671 85272 168399
is_linear=0
shrinkage=0.12


Tree=314
num_leaves=5
num_cat=0
split_feature=44 31 31 71
split_gain=2.64103 2.5934 2.84082 1.26614
threshold=-0.68046602606773365 1.6125000119209292 1.5484375357627871 58.500000000000007
decision_type=2 2 2 2
left_child=-1 2 -2 -3
right_child=1 3 -4 -5
leaf_value=-0.14901556668138341 0.00055103361547241569 0.14074903899344801 -0.085115299330692104 0.019749477655146942
leaf_weight=1.7029590395122784 1360.163469113829 2.7767539980086431 5.5971782344217891 2.257929029027764
leaf_count=337 252616 461 420 222
internal_value=0.000331324 0.00051686 0.000199955 0.0864838
internal_weight=1372.5 1370.8 1365.76 5.03468
internal_count=254056 253719 253036 683
is_linear=0
shrinkage=0.12


Tree=315
num_leaves=8
num_cat=0
split_feature=33 77 28 77 2 28 19
split_gain=3.66735 13.7631 35.4913 10.6467 14.5482 13.8292 10.0586
threshold=0.21150749176740649 1.0000000180025095e-35 75.072582244873061 1.0000000180025095e-35 451.14500427246099 100.7114944458008 0.2963541597127915
decision_type=2 2 2 2 2 2 2
left_child=1 2 -1 5 -5 -2 -3
right_child=3 6 -4 4 -6 -7 -8
leaf_value=-0.0033364754811400343 0.017355248080736237 0.044456407988686872 -0.13070515931824542 -0.0093871446491011964 -0.15018947802864652 -0.038102065198369048 -0.025654306875523569
leaf_weight=144.11549434846481 691.29084268168151 84.029430595681447 40.316781721763078 288.21186126581881 10.969185347486926 71.441779602711904 45.380340038921076
leaf_count=7010 165440 10811 7802 51294 90 8722 3250
internal_value=0.0012673 -0.0101293 -0.0311792 0.0046355 -0.0145495 0.0121608 0.0198706
internal_weight=1375.76 313.842 184.432 1061.91 299.181 762.733 129.41
internal_count=254419 28873 14812 225546 51384 174162 14061
is_linear=0
shrinkage=0.12


Tree=316
num_leaves=8
num_cat=0
split_feature=5 12 66 8 81 81 53
split_gain=3.48839 6.71642 6.79624 6.29817 37.0412 16.5347 5.61922
threshold=2.561249971389771 1.9006499648094179 11.604687690734865 12.444991111755373 1.0000000180025095e-35 1.0000000180025095e-35 2.3507812023162846
decision_type=2 2 2 2 2 2 2
left_child=3 2 -2 5 -5 -1 -3
right_child=1 6 -4 4 -6 -7 -8
leaf_value=0.0062143810888042987 -0.0062322385705977446 -0.10439678879137686 0.068785771823567252 0.0093769809745613414 -0.098505851701234923 0.072593479950724515 0.048659285128503718
leaf_weight=348.06525309613608 507.31081022134913 16.712386788210555 18.00728016425137 356.20719610053038 52.596299041029852 63.9686808340889 4.3540090093501922
leaf_count=173055 47355 1922 4053 7445 547 19689 353
internal_value=0.00110438 -0.00632502 -0.00366071 0.0060497 -0.00450313 0.0165198 -0.0727631
internal_weight=1367.22 546.384 525.318 820.837 408.803 412.034 21.0664
internal_count=254419 53683 51408 200736 7992 192744 2275
is_linear=0
shrinkage=0.12


Tree=317
num_leaves=8
num_cat=0
split_feature=47 14 61 47 19 24 47
split_gain=3.43365 8.1878 15.1284 7.70694 8.06185 7.98481 7.21624
threshold=0.12506842613220218 8.7207002639770526 2.4385416507720952 0.12316058948636056 0.30520834028720861 1.445591986179352 0.13240195065736773
decision_type=2 2 2 2 2 2 2
left_child=3 6 -3 5 -5 -1 -2
right_child=1 2 -4 4 -6 -7 -8
leaf_value=-0.026738219993136789 0.061653394110005318 -0.021771081052514341 -0.53400783830051635 -0.017361437748999509 -0.22035627185515561 0.0036277207719429072 0.0055486861890601206
leaf_weight=159.26138674139179 35.011152191653537 3.1096870191691997 1.132670076935028 6.7961124638304664 4.8120456759788794 574.54774252459049 578.20400077227919
leaf_count=2405 7565 1710 1342 1652 273 121048 118424
internal_value=0.000984574 0.00760258 -0.158534 -0.00449738 -0.101511 -0.00296271 0.00875195
internal_weight=1362.87 617.458 4.24236 745.417 11.6082 733.809 613.215
internal_count=254419 129041 3052 125378 1925 123453 125989
is_linear=0
shrinkage=0.12


Tree=318
num_leaves=8
num_cat=0
split_feature=60 47 12 28 47 10 7
split_gain=3.32418 17.6012 10.4051 8.60365 4.62049 12.2172 4.88416
threshold=1.5000000000000002 0.29379001259803778 4.0317499637603769 60.344934463500984 0.3057518750429154 2.5000000000000004 10.414299964904787
decision_type=2 2 2 2 2 2 2
left_child=4 3 -3 -2 6 -6 -1
right_child=1 2 -4 -5 5 -7 -8
leaf_value=0.005286578562995181 -0.053962670851295656 -0.11515932460397935 -0.50393935649211385 0.071691602558728945 0.04563842089926743 -0.039887759418975641 -0.010701974360239497
leaf_weight=770.87802175146089 20.213403354589104 2.5389199918404293 1.6262338599553912 12.8256184396281 93.851654138653203 32.338503179381405 427.81600460312166
leaf_count=210672 4071 995 99 3103 21273 5649 8557
internal_value=0.000886124 -0.0344903 -0.266954 -0.00518418 0.00187953 0.0237208 -0.000419764
internal_weight=1362.09 37.2042 4.16515 33.039 1324.88 126.19 1198.69
internal_count=254419 8268 1094 7174 246151 26922 219229
is_linear=0
shrinkage=0.12


Tree=319
num_leaves=8
num_cat=0
split_feature=36 77 28 50 77 28 3
split_gain=3.35647 15.634 32.2245 8.36138 7.15537 14.8787 13.2496
threshold=4.3908841609954843 1.0000000180025095e-35 38.880989074707038 -1.0000000180025095e-35 1.0000000180025095e-35 100.7114944458008 0.9022900164127351
decision_type=2 2 2 2 2 2 2
left_child=1 2 -1 -3 5 -2 -6
right_child=4 3 -4 -5 6 -7 -8
leaf_value=0.04339724179042876 0.014308007644719109 -0.010551360146408145 -0.099957363540181046 0.053097613397063613 -0.0077373714812742772 -0.040062420672586606 -0.14697374567605112
leaf_weight=35.240176374802999 758.51759784626086 71.691365199879556 62.853119835758903 50.766548610529071 291.39129949265896 80.134147673723419 10.185435900290029
leaf_count=880 166317 7273 12941 6209 51873 8836 90
internal_value=0.000791273 -0.0127597 -0.048457 0.0158352 0.0034124 0.00911285 -0.0124399
internal_weight=1360.78 220.551 98.0933 122.458 1140.23 838.652 301.577
internal_count=254419 27303 13821 13482 227116 175153 51963
is_linear=0
shrinkage=0.12


Tree=320
num_leaves=8
num_cat=0
split_feature=6 47 23 13 33 55 6
split_gain=5.18575 9.86642 12.1047 9.58509 10.7598 9.5623 6.00131
threshold=3.6220500469207768 0.049568135291337974 6.6299874782562265 5.154599905014039 0.12597616016864779 0.21717603504657748 4.0301499366760263
decision_type=2 2 2 2 2 2 2
left_child=1 5 -3 6 -5 -1 -2
right_child=3 2 -4 4 -6 -7 -8
leaf_value=-0.062859270511667134 0.14718242477054166 0.093064695787551791 0.013174042316962268 0.080908150389994118 -0.059205534729167481 0.084122821931933642 -0.0011503897305978762
leaf_weight=33.341113921586611 3.9423144056727315 35.295998927026744 120.70434568991379 8.8768976807114353 71.158343222690718 7.880206940995321 1056.6773786439323
leaf_count=8469 1036 20311 85196 1717 30698 2576 104136
internal_value=-0.000514265 0.0174529 0.0312498 -0.00362082 -0.0436652 -0.034761 -0.000599038
internal_weight=1337.88 197.222 156 1140.65 80.0352 41.2213 1060.62
internal_count=254139 116552 105507 137587 32415 11045 105172
is_linear=0
shrinkage=0.12


Tree=321
num_leaves=8
num_cat=0
split_feature=6 49 65 49 47 66 78
split_gain=4.08388 8.60681 8.71889 6.23528 5.41949 5.8895 3.88563
threshold=9.3642501831054705 1.3572916984558108 35.500000000000007 1.5739583373069765 0.14902985095977786 11.704687595367433 1.0000000180025095e-35
decision_type=2 2 2 2 2 2 2
left_child=4 2 -2 -3 5 -1 -6
right_child=1 3 -4 -5 6 -7 -8
leaf_value=-0.0023231537222533922 -0.010361770810057482 0.042317983415121524 -0.09811582248626774 -0.025652593960174427 0.020134399726076977 -0.064289121730725068 -0.0050272056218321065
leaf_weight=745.99181740678921 34.644003135473469 37.820940099392772 30.797366930103294 39.977344685576924 300.07739807185737 22.760769349830298 125.27446423968263
leaf_count=131979 695 788 629 742 78885 15879 24542
internal_value=-0.000441117 -0.0195874 -0.0516597 0.00739069 0.0018556 -0.00415781 0.0127238
internal_weight=1337.34 143.24 65.4414 77.7983 1194.1 768.753 425.352
internal_count=254139 2854 1324 1530 251285 147858 103427
is_linear=0
shrinkage=0.12


Tree=322
num_leaves=8
num_cat=0
split_feature=6 2 36 33 13 83 76
split_gain=4.02795 8.51556 20.3343 16.6513 7.43442 8.32316 5.25227
threshold=3.6220500469207768 181.26999664306643 3.4596813917160039 0.21792351454496386 5.154599905014039 0.37500000000000006 0.94775661826133739
decision_type=2 2 2 2 2 2 2
left_child=1 2 -1 -3 6 -6 -2
right_child=4 3 -4 -5 5 -7 -8
leaf_value=-0.031495281378616083 -0.0032915850757939966 -0.051237940277477287 0.091401274955974346 0.040807756066479337 -0.059581779077956046 0.030721843876023659 0.024525358577458523
leaf_weight=31.199693630988406 951.1223895360647 57.374732955698164 51.205540932713518 55.850322768828164 61.850762434160742 19.278471082171109 108.93957702356329
leaf_count=8297 94851 3331 8083 96841 23677 8738 10321
internal_value=-0.000385133 0.015524 0.044871 -0.00583472 -0.00311238 -0.0381232 -0.000432916
internal_weight=1336.82 195.63 82.4052 113.225 1141.19 81.1292 1060.06
internal_count=254139 116552 16380 100172 137587 32415 105172
is_linear=0
shrinkage=0.12


Tree=323
num_leaves=8
num_cat=0
split_feature=6 88 45 13 33 6 1
split_gain=3.22937 9.8698 16.1096 6.62363 8.89909 4.92045 4.68439
threshold=3.7729499340057377 0.33602499961853033 0.81614583730697643 5.154599905014039 0.12597616016864779 4.0301499366760263 2.4298499822616582
decision_type=2 2 2 2 2 2 2
left_child=1 2 -1 5 -5 -2 -3
right_child=3 6 -4 4 -6 -7 -8
leaf_value=0.027438903627305434 0.1374032946322305 -0.087195662288619913 -0.0523663794006477 0.079688480819495283 -0.052245978642991943 -0.00086469262012248181 0.090596129084944438
leaf_weight=116.50578215469261 3.7192081232149112 2.3109894559862623 52.990461178532314 8.2891081583044564 65.816422945784183 1056.3409648235945 27.86254908652586
leaf_count=75172 1036 1839 15229 1194 26123 104136 29410
internal_value=-0.000326781 0.0137457 0.00248898 -0.00280424 -0.0374884 -0.000379581 0.0769791
internal_weight=1333.84 199.67 169.496 1134.17 74.1055 1060.06 30.1735
internal_count=254139 121650 90401 132489 27317 105172 31249
is_linear=0
shrinkage=0.12


Tree=324
num_leaves=8
num_cat=0
split_feature=41 34 24 0 0 0 41
split_gain=3.12476 17.1129 11.9499 5.8887 5.99588 5.88131 5.43537
threshold=0.031232566572725776 1.0967857241630556 1.7376976013183596 85.573101043701186 101.99020004272462 11.052800178527834 0.1010173298418522
decision_type=2 2 2 2 2 2 2
left_child=1 5 -3 6 -5 -1 -2
right_child=3 2 -4 4 -6 -7 -8
leaf_value=-0.07862714120494721 0.015686061471446813 -0.12211911606185843 -0.02792308257673437 0.063519906419045605 -0.010402244705830803 0.0070234484871772931 -0.0057003748907771233
leaf_weight=11.933162928865555 250.87364264820303 25.436554566945915 81.636086634629294 45.00706768544137 24.348057684362743 354.47276901993064 538.3299332984185
leaf_count=28973 38802 390 14991 9679 4899 81529 74876
internal_value=-0.000272037 -0.00809851 -0.0503006 0.00404411 0.0375685 0.00423397 0.00109799
internal_weight=1332.04 473.479 107.073 858.559 69.3551 366.406 789.204
internal_count=254139 125883 15381 128256 14578 110502 113678
is_linear=0
shrinkage=0.12


Tree=325
num_leaves=8
num_cat=0
split_feature=1 81 88 19 81 15 41
split_gain=3.56406 19.4217 20.1772 9.01504 8.32805 45.6852 7.96532
threshold=17.499849319458011 1.0000000180025095e-35 0.64038571715354931 0.35312499105930334 1.0000000180025095e-35 0.24397499859333041 0.038004949688911445
decision_type=2 2 2 2 2 2 2
left_child=4 3 -3 -2 6 -6 -1
right_child=1 2 -4 -5 5 -7 -8
leaf_value=-0.030680613348172455 0.020797955614752658 -0.013917422777778641 -0.17487106830767901 -0.025986170982755727 -0.15232360693634586 0.053606697320461714 -0.00092871431778289058
leaf_weight=187.03354183453865 479.99005400710428 39.393578481951181 15.67962874346358 67.672759110742732 18.130927274377427 107.44032329122638 421.82736655052105
leaf_count=99579 29976 1616 493 2474 173 22932 97022
internal_value=0.00134746 0.00818615 -0.0597418 0.015017 -0.00426494 0.0238729 -0.0100681
internal_weight=1337.17 602.736 55.0732 547.663 734.432 125.571 608.861
internal_count=254265 34559 2109 32450 219706 23105 196601
is_linear=0
shrinkage=0.12


Tree=326
num_leaves=8
num_cat=0
split_feature=1 41 53 2 41 77 82
split_gain=3.30754 10.7379 18.8454 11.0361 6.81588 18.6794 4.65795
threshold=9.8682498931884783 0.029592127539217476 2.1364583969116215 178.86000061035159 0.23725360631942752 1.0000000180025095e-35 1.0000000180025095e-35
decision_type=2 2 2 2 2 2 2
left_child=1 2 -1 -3 6 -6 -2
right_child=4 3 -4 -5 5 -7 -8
leaf_value=-0.033013296802368503 0.0054010808927381065 0.042681197596634433 -0.2541696442377756 -0.021867345158037094 0.024542925556191596 -0.055438353047761894 0.037581163790007199
leaf_weight=48.230791939489961 879.80399742333316 62.341462452156975 6.2696597985598137 98.25993437983567 78.354004471349299 90.747261753647081 69.918729481308901
leaf_count=42590 107527 9733 8336 42422 7495 7599 28563
internal_value=0.00119796 -0.0124299 -0.0584548 0.00318879 0.00381801 -0.0183786 0.00777018
internal_weight=1333.93 215.102 54.5005 160.601 1118.82 169.101 949.723
internal_count=254265 103081 50926 52155 151184 15094 136090
is_linear=0
shrinkage=0.12


Tree=327
num_leaves=8
num_cat=0
split_feature=36 34 77 33 34 77 28
split_gain=3.22926 20.2474 34.485 23.9104 11.111 11.5842 8.24314
threshold=6.9506075382232675 1.1066428422927859 1.0000000180025095e-35 0.2097679600119591 1.1775285601615908 1.0000000180025095e-35 41.903360366821296
decision_type=2 2 2 2 2 2 2
left_child=1 2 -1 -3 5 -2 -6
right_child=4 3 -4 -5 6 -7 -8
leaf_value=-0.10874729164507406 0.016198225683787561 -0.013177917465850808 0.070706122080756079 0.066136021895898484 -0.09168542686564439 -0.012852104220730885 0.066824476313196934
leaf_weight=59.107530671744144 638.92156433264336 225.44559081360592 20.862973799114116 72.281581238508238 26.993207617515964 286.20806665510713 5.7266295122572037
leaf_count=2467 166664 23586 2427 1776 6355 49760 1230
internal_value=0.00107498 -0.00832182 -0.0619309 0.00607776 0.00478031 0.0072109 -0.063943
internal_weight=1335.55 377.698 79.9705 297.727 957.849 925.13 32.7198
internal_count=254265 30256 4894 25362 224009 216424 7585
is_linear=0
shrinkage=0.12


Tree=328
num_leaves=5
num_cat=0
split_feature=53 65 72 76
split_gain=2.87995 2.79377 7.94272 4.84907
threshold=3.2250000238418584 42.500000000000007 11.946353912353517 0.69887706637382518
decision_type=2 2 2 2
left_child=1 3 -3 -1
right_child=-2 2 -4 -5
leaf_value=0.0095711480284384823 -0.13212543923528153 -0.11948284749696024 -0.0069873019081443163 -0.0060966719027587034
leaf_weight=694.89177967297235 2.3374370277761036 9.6602412900372752 140.25742995709419 481.57950235553733
leaf_count=91214 293 4935 76946 80877
internal_value=0.00095715 0.00119168 -0.0142362 0.00315765
internal_weight=1328.73 1326.39 149.918 1176.47
internal_count=254265 253972 81881 172091
is_linear=0
shrinkage=0.12


Tree=329
num_leaves=7
num_cat=0
split_feature=13 87 19 47 88 34
split_gain=2.86561 8.42096 3.1555 6.04438 5.24925 2.62785
threshold=0.2902000099420548 1.0000000180025095e-35 0.27864582836627966 0.12506842613220218 1.3210142850875857 0.73955714702606212
decision_type=2 2 2 2 2 2
left_child=1 5 4 -4 -2 -1
right_child=2 -3 3 -5 -6 -7
leaf_value=-0.036632000597500852 0.0057477227686677781 0.048698500584620455 -0.016657461183484181 0.0084056338225846662 0.11117116324863301 -0.13843934578543984
leaf_weight=6.2831286068994148 738.86375076283991 9.479846841321887 303.39188146703572 255.04294182227414 6.8643805148734591 8.7149329046690784
leaf_count=256 161913 283 45158 45124 1081 450
internal_value=0.000846704 -0.0398318 0.0016102 -0.00521089 0.00671814 -0.0957893
internal_weight=1328.64 24.4779 1304.16 558.435 745.728 14.9981
internal_count=254265 989 253276 90282 162994 706
is_linear=0
shrinkage=0.12


Tree=330
num_leaves=8
num_cat=0
split_feature=29 31 41 29 31 88 50
split_gain=4.09089 12.0713 23.6777 12.6884 7.99706 12.5341 7.23478
threshold=6.1685874462127694 0.39531250298023229 0.019481053575873378 2.6165128946304326 0.51354166865348827 1.0000000180025095e-35 0.21811801940202716
decision_type=2 2 2 2 2 2 2
left_child=1 3 -3 -1 6 -6 -2
right_child=4 2 -4 -5 5 -7 -8
leaf_value=-0.025548811990993611 -0.031057285405911565 -0.13467584401323845 -0.011207656909143045 0.10132942965716435 0.02494323634522639 -0.01050798068777857 0.0022527344006070113
leaf_weight=20.642462273892761 151.18519508627867 24.579835918923237 248.34445624664122 25.212961365855335 378.21369416507736 231.5264724463687 247.77587673882499
leaf_count=1192 29880 461 26828 748 81906 41219 72031
internal_value=-0.000905833 -0.0127557 -0.0223273 0.0442134 0.00283907 0.0114819 -0.01037
internal_weight=1327.48 318.78 272.924 45.8554 1008.7 609.74 398.961
internal_count=254265 29229 27289 1940 225036 123125 101911
is_linear=0
shrinkage=0.12


Tree=331
num_leaves=8
num_cat=0
split_feature=33 88 28 50 28 34 50
split_gain=3.03302 10.7765 34.8416 9.13873 5.4458 13.7678 8.30589
threshold=0.21150749176740649 0.84285715222358715 52.353586196899421 0.095547594130039229 44.362234115600593 1.1424142718315127 0.21241776645183566
decision_type=2 2 2 2 2 2 2
left_child=1 2 -1 -3 6 -6 -2
right_child=4 3 -4 -5 5 -7 -8
leaf_value=0.033525299478775361 -0.037373425532440989 0.0059260901066076777 -0.077685944055040729 0.12836908118386853 0.0043951243229555393 0.086755029778396636 0.0039229691234551889
leaf_weight=69.435791082162012 111.3152456208623 112.03004478211744 97.567085191829307 9.5239054454721082 705.72098586456218 30.490528010265734 189.57109341465519
leaf_count=2443 21776 12661 12236 1431 142850 3961 56907
internal_value=-0.00078065 -0.0116624 -0.031447 0.0155197 0.00224703 0.0078061 -0.011355
internal_weight=1325.65 288.557 167.003 121.554 1037.1 736.212 300.886
internal_count=254265 28771 14679 14092 225494 146811 78683
is_linear=0
shrinkage=0.12


Tree=332
num_leaves=8
num_cat=0
split_feature=51 51 23 19 41 41 23
split_gain=3.83443 4.79959 5.17705 4.24501 8.13053 4.32567 1.93491
threshold=0.091831371188163771 0.090977188199758544 0.28695000708103185 0.29270832240581518 0.39282405376434332 0.20552824437618258 0.28695000708103185
decision_type=2 2 2 2 2 2 2
left_child=1 2 -1 5 -5 -2 -3
right_child=3 6 -4 4 -6 -7 -8
leaf_value=-0.033054866085424274 0.005170231716473247 0.19957265072331321 0.010731363680624334 -0.023417981457169106 0.071707371109665977 -0.02057294998983844 0.057238748125437749
leaf_weight=42.843312923420058 476.27337968124988 2.408805120328906 420.75007648425935 243.61649657175326 13.664361435687168 117.10218719456469 3.2056060467643874
leaf_count=789 111778 31 87556 36007 1518 15661 925
internal_value=-0.000688409 0.00802045 0.00668483 -0.00549207 -0.0183658 8.98357e-05 0.118306
internal_weight=1319.86 469.208 463.593 850.656 257.281 593.376 5.61441
internal_count=254265 89301 88345 164964 37525 127439 956
is_linear=0
shrinkage=0.12


Tree=333
num_leaves=7
num_cat=0
split_feature=28 33 77 14 53 29
split_gain=2.90556 15.6407 31.1731 14.3299 5.88629 4.6751
threshold=83.704265594482436 0.21792351454496386 1.0000000180025095e-35 0.8899500072002412 3.0708333253860478 4.3908841609954843
decision_type=2 2 2 2 2 2
left_child=4 2 -2 -3 5 -1
right_child=1 3 -4 -5 -6 -7
leaf_value=-0.022497607547144593 -0.073078939338585752 0.013808138259631082 0.045945276447924795 0.093822114476288659 -0.15446797074607324 0.00029589754982393604
leaf_weight=152.8440175292825 74.324271597741927 140.06443891157869 55.234019298914063 41.864756327722716 3.7167586760606346 851.24467047934002
leaf_count=16263 6090 6254 6148 29562 547 189401
internal_value=-0.000600921 0.00952871 -0.0223359 0.0322206 -0.00373174 -0.00317377
internal_weight=1319.29 311.487 129.558 181.929 1007.81 1004.09
internal_count=254265 48054 12238 35816 206211 205664
is_linear=0
shrinkage=0.12


Tree=334
num_leaves=8
num_cat=0
split_feature=24 78 77 24 59 49 65
split_gain=3.08894 18.659 15.1068 6.52241 4.27323 3.93446 3.62224
threshold=1.5954986810684206 1.0000000180025095e-35 1.0000000180025095e-35 0.81030231714248668 -0.94185933470726002 1.6322916746139529 29.500000000000004
decision_type=2 2 2 2 2 2 2
left_child=1 3 -3 -1 5 -2 -6
right_child=4 2 -4 -5 6 -7 -8
leaf_value=-0.015080151842205902 0.015603878395190644 -0.027289889029413778 -0.13549947280698657 0.02175009407226039 0.013000169164640973 0.1196737283606954 -0.0032428644851175536
leaf_weight=120.77923649241907 13.734577355493458 73.528827205879281 24.859280714789804 162.26377206809613 290.24698361153651 8.4492911469405936 620.02325050823401
leaf_count=1577 3997 1058 342 3044 81044 928 162275
internal_value=-0.000516826 -0.00961413 -0.0546307 0.00603401 0.00320453 0.0552415 0.00193636
internal_weight=1313.89 381.431 98.3881 283.043 932.454 22.1839 910.27
internal_count=254265 6021 1400 4621 248244 4925 243319
is_linear=0
shrinkage=0.12


Tree=335
num_leaves=8
num_cat=0
split_feature=29 34 33 77 2 50 45
split_gain=3.4852 15.5991 38.7281 23.7384 10.2262 6.25501 5.13569
threshold=6.9506075382232675 1.1424142718315127 0.2097679600119591 1.0000000180025095e-35 150.93999481201175 0.074967939406633391 0.19062499701976779
decision_type=2 2 2 2 2 2 2
left_child=1 3 -3 -1 6 -6 -2
right_child=4 2 -4 -5 5 -7 -8
leaf_value=-0.072571788337084817 -0.2088182088894803 -0.012605028436157734 0.12506337455021116 0.04018498154482146 0.029052894210020719 0.00069377278688001064 -0.052922468983227007
leaf_weight=101.34021070374934 3.9534757708540864 191.60673077665365 34.763983688000053 36.5950096713932 130.09864900566708 804.91523396220168 13.212132762593681
leaf_count=4288 1251 20335 1283 4190 19550 199654 3067
internal_value=-0.00086441 -0.0108463 0.00853685 -0.0426568 0.00295469 0.00463969 -0.0888274
internal_weight=1316.49 364.306 226.371 137.935 952.179 935.014 17.1656
internal_count=253618 30096 21618 8478 223522 219204 4318
is_linear=0
shrinkage=0.12


Tree=336
num_leaves=7
num_cat=0
split_feature=33 28 37 46 29 57
split_gain=2.82442 8.99219 18.4941 10.8073 5.29979 4.77462
threshold=0.2097679600119591 38.880989074707038 1.0000000180025095e-35 0.20523302257061007 5.2616722583770761 20.314583778381351
decision_type=2 2 2 2 2 2
left_child=1 3 -3 -1 -2 -6
right_child=4 2 -4 -5 5 -7
leaf_value=-0.011688660227429192 0.061328801511004831 -0.15214403895553658 -0.01259202046490413 0.11709657181237311 0.00023232004914514845 0.15053248575362785
leaf_weight=23.398594801549791 21.156201599889755 14.785091919067751 182.10655059327993 15.665058657507641 1050.3805933471003 3.0524057435995919
leaf_count=1230 459 103 25882 384 223121 2439
internal_value=-0.000748339 -0.0126368 -0.0230713 0.039956 0.0018621 0.000667827
internal_weight=1310.54 235.955 196.892 39.0637 1074.59 1053.43
internal_count=253618 27599 25985 1614 226019 225560
is_linear=0
shrinkage=0.12


Tree=337
num_leaves=8
num_cat=0
split_feature=29 2 46 77 2 77 84
split_gain=2.46553 13.0126 25.8714 19.5283 7.7512 5.86072 5.69861
threshold=6.9506075382232675 176.19499969482425 0.20949968695640567 1.0000000180025095e-35 160.45000457763675 1.0000000180025095e-35 1.0000000180025095e-35
decision_type=2 2 2 2 2 2 2
left_child=1 2 -1 -3 6 -6 -2
right_child=4 3 -4 -5 5 -7 -8
leaf_value=-0.010642052462090778 -0.0813241438122147 -0.068585996072457953 0.094959428706736751 0.036844863180157811 0.011064203457811703 -0.0095362708327777074 0.048514159999311669
leaf_weight=190.76062036773769 25.198787591415172 92.903900474763901 40.500012172543848 34.765073571485118 628.44973971629906 290.92491534446208 6.0331667272036489
leaf_count=20661 4809 4126 1270 4039 166802 49996 1915
internal_value=-0.000651252 -0.00912496 0.00785163 -0.0398765 0.00254825 0.00454543 -0.0562429
internal_weight=1309.54 358.93 231.261 127.669 950.607 919.375 31.232
internal_count=253618 30096 21931 8165 223522 216798 6724
is_linear=0
shrinkage=0.12


Tree=338
num_leaves=7
num_cat=0
split_feature=76 23 50 24 66 63
split_gain=2.41948 2.70743 12.048 3.38475 6.06245e-06 1.14003e-06
threshold=0.020316486246883873 9.1307001113891619 0.064528264105319991 13.561198711395265 11.75052070617676 19999973.000000004
decision_type=2 2 2 2 2 2
left_child=4 3 -3 -2 5 -1
right_child=1 2 -4 -5 -6 -7
leaf_value=0.12015522719740702 -0.00092290319347286282 -0.18360753226626 0.021108243844243688 0.04750088091783515 0.12064854883119212 0.12037138306390649
leaf_weight=1.2554086640789131 1262.2786038520067 6.1592830061964632 12.625726084702249 21.134029833422119 0.63600784840491531 0.48790476319481957
leaf_count=2094 223128 961 9820 16764 491 360
internal_value=-0.000566584 -0.000787484 -0.0460146 -0.000125506 0.120331 0.120216
internal_weight=1304.58 1302.2 18.785 1283.41 2.37932 1.74331
internal_count=253618 250673 10781 239892 2945 2454
is_linear=0
shrinkage=0.12


Tree=339
num_leaves=8
num_cat=0
split_feature=44 44 44 85 23 44 29
split_gain=2.2652 4.68716 5.76371 3.71496 6.38789 2.85465 2.05525
threshold=3.7217733860015874 1.5179275870323183 0.44612289965152746 0.37500000000000006 1.8692417144775393 4.913130760192872 168.5392990112305
decision_type=2 2 2 2 2 2 2
left_child=1 2 -1 5 -5 -2 -3
right_child=3 6 -4 4 -6 -7 -8
leaf_value=0.00040673623885102109 -0.11556412129642112 0.14038854430071449 -0.086226475371727604 -0.13962897532166454 0.018610503086871458 0.04057860964163592 0.019407392319810816
leaf_weight=1257.123492313817 2.0215263144396003 4.8554107868744705 11.156632469974282 8.9026095820099709 6.2544253115463553 10.160047533828218 3.4650855778254481
leaf_count=243555 442 1394 2232 285 2888 1892 930
internal_value=-0.000498326 0.000233599 -0.000355347 -0.0346762 -0.0743328 0.0146668 0.0900057
internal_weight=1303.94 1276.6 1268.28 27.3386 15.157 12.1816 8.3205
internal_count=253618 248111 245787 5507 3173 2334 2324
is_linear=0
shrinkage=0.12


Tree=340
num_leaves=8
num_cat=0
split_feature=24 78 1 41 1 85 7
split_gain=4.31742 18.73 8.66231 7.46497 5.47959 6.19185 3.74441
threshold=1.445591986179352 1.0000000180025095e-35 20.519049644470218 0.12287532910704614 19.721750259399418 10.000000000000002 9.2115001678466815
decision_type=2 2 2 2 2 2 2
left_child=1 2 -1 -3 6 -6 -2
right_child=4 3 -4 -5 5 -7 -8
leaf_value=0.021731260847452957 0.006131565024570752 -0.041312526131947407 -0.02339531154690128 -0.12322825793514278 0.032696067369614112 -0.082182511883789514 -0.0098465219661224273
leaf_weight=143.22659134346497 466.31719690381067 55.826226754905633 107.02487087923237 22.466753917593451 115.78537493297449 7.1749018511964087 386.04668701671619
leaf_count=2325 221109 852 1523 328 9654 1196 17424
internal_value=-0.00169659 -0.013594 0.00243201 -0.0648189 0.00231114 0.0259927 -0.00110512
internal_weight=1303.87 328.544 250.251 78.293 975.324 122.96 852.364
internal_count=254411 5028 3848 1180 249383 10850 238533
is_linear=0
shrinkage=0.12


Tree=341
num_leaves=6
num_cat=0
split_feature=16 57 57 81 66
split_gain=3.87168 2.97752 14.328 8.73947 2.93274
threshold=0.76515501737594616 0.38203124701976782 0.19687499850988391 1.0000000180025095e-35 9.4588541984558123
decision_type=2 2 2 2 2
left_child=4 2 -2 -3 -1
right_child=1 3 -4 -5 -6
leaf_value=0.00049720139764241114 -0.0014555159481360782 0.0097643912724465851 -0.078709446030746685 -0.035399447223560254 -0.054120107679939584
leaf_weight=24.038161045907515 522.40785042309608 615.35792172805316 37.020356876970709 68.572497079478239 34.440868933566748
leaf_count=480 92809 143834 8658 8079 551
internal_value=-0.00149408 -7.48438e-05 -0.00656782 0.00523616 -0.0316693
internal_weight=1301.84 1243.36 559.428 683.93 58.479
internal_count=254411 253380 101467 151913 1031
is_linear=0
shrinkage=0.12


Tree=342
num_leaves=8
num_cat=0
split_feature=58 57 19 62 8 78 49
split_gain=3.23803 7.87542 7.26897 5.59587 4.39812 14.1586 4.05851
threshold=-23.148400306701657 0.38203124701976782 0.29895834624767309 -26.838999748229977 13.486831188201906 1.0000000180025095e-35 1.9385416507720949
decision_type=2 2 2 2 2 2 2
left_child=1 3 -3 -1 6 -6 -2
right_child=4 2 -4 -5 5 -7 -8
leaf_value=-0.0079782663415347878 0.0033516203722481577 0.0070268405597645796 -0.047104453208101291 -0.1594885719219449 -0.00044956220419985286 -0.08503160370422419 0.052646094945377954
leaf_weight=5.7724202715412494 888.26009098275858 122.83326497111449 50.371047135686524 8.9575677669837415 166.52049499956226 34.383135410485835 24.720295563468085
leaf_count=1493 211335 25289 5699 832 2399 727 6637
internal_value=-0.00130912 -0.0158792 -0.00871555 -0.100114 0.00114915 -0.0149251 0.00468634
internal_weight=1301.82 187.934 173.204 14.73 1113.88 200.904 912.98
internal_count=254411 33313 30988 2325 221098 3126 217972
is_linear=0
shrinkage=0.12


Tree=343
num_leaves=8
num_cat=0
split_feature=65 6 24 78 1 84 29
split_gain=3.01238 5.35298 3.99153 15.6249 4.28213 3.11699 1.52367
threshold=1.5000000000000002 6.251850128173829 1.445591986179352 1.0000000180025095e-35 19.721750259399418 10.000000000000002 2.6165128946304326
decision_type=2 2 2 2 2 2 2
left_child=1 6 3 -2 -4 -3 -1
right_child=2 5 4 -5 -6 -7 -8
leaf_value=-0.14482839833558986 0.00098570265033425864 0.089133086565856751 -0.0012132656276453693 -0.062119192952273812 0.022913904585253036 -0.010904871593373878 -0.015607410920581297
leaf_weight=2.2766069369970436 242.81353932812135 16.942862549612077 833.69668010606506 73.634645411440488 121.345472442644 6.0997853008811935 3.1075215207692963
leaf_count=147 3714 1165 236286 1139 10836 252 872
internal_value=-0.00115419 0.03748 -0.00201793 -0.0136982 0.00185228 0.0626513 -0.0702468
internal_weight=1299.92 28.4268 1271.49 316.448 955.042 23.0426 5.38413
internal_count=254411 2436 251975 4853 247122 1417 1019
is_linear=0
shrinkage=0.12


Tree=344
num_leaves=7
num_cat=0
split_feature=16 63 51 57 1 1
split_gain=3.11447 2.90071 7.10183 2.99765 2.36914 1.3595
threshold=0.76515501737594616 19999973.000000004 0.19052061438560489 6.089583396911622 20.1855001449585 21.230599403381351
decision_type=2 2 2 2 2 2
left_child=4 3 -3 -2 -1 -6
right_child=1 2 -4 -5 5 -7
leaf_value=0.0070938555617418922 0.0036140452743412769 -0.069988449210282272 0.047798155996795197 -0.01387350400917855 -0.065953220868210219 -0.021458814276413496
leaf_weight=18.701159530847917 1041.7386291211899 24.086791285115936 10.621836257039062 163.27425887292929 20.724109657014935 18.912792768957331
leaf_count=359 196267 9868 3997 43248 348 324
internal_value=-0.00101566 0.000259422 -0.0339424 0.00124455 -0.0281121 -0.0447227
internal_weight=1298.06 1239.72 34.7086 1205.01 58.3381 39.6369
internal_count=254411 253380 13865 239515 1031 672
is_linear=0
shrinkage=0.12


Tree=345
num_leaves=7
num_cat=0
split_feature=23 84 2 5 85 10
split_gain=3.66789 11.3355 8.75604 3.95835 5.02159 4.25473
threshold=0.14616250246763232 1.0000000180025095e-35 306.82499694824224 4.170300006866456 1.0000000180025095e-35 2.5000000000000004
decision_type=2 2 2 2 2 2
left_child=1 2 -1 5 -5 -2
right_child=3 -3 -4 4 -6 -7
leaf_value=-0.071253746709283819 0.0067842966102746429 0.06121311350608985 0.0095624613681663979 -0.084919648804171355 0.02253540828288092 -0.00980915974220406
leaf_weight=52.196034249725585 880.28733777125694 19.088480978427469 30.636219318848021 16.530327298508102 10.082173127149018 297.78984100467346
leaf_count=830 201222 530 481 212 677 50433
internal_value=-0.000293294 -0.0221519 -0.0413632 0.00155602 -0.0442102 0.00258987
internal_weight=1306.61 101.921 82.8323 1204.69 26.6125 1178.08
internal_count=254385 1841 1311 252544 889 251655
is_linear=0
shrinkage=0.12


Tree=346
num_leaves=8
num_cat=0
split_feature=29 88 19 41 2 5 54
split_gain=2.97271 7.77171 6.29289 4.04406 6.67256 5.81965 2.22711
threshold=-8.2393379211425763 1.1230713725090029 0.2963541597127915 0.019481053575873378 176.19499969482425 3.1171499490737919 -0.081174343824386583
decision_type=2 2 2 2 2 2 2
left_child=1 6 -3 5 -5 -2 -1
right_child=3 2 -4 4 -6 -7 -8
leaf_value=-0.13723491718101374 -0.00044454592676947862 0.021341253752818246 -0.05136484876798586 0.03018766252399489 0.0012420176365235006 -0.03289073306863502 0.032700690786132483
leaf_weight=9.5116439263216517 358.49952337263335 42.456326354713383 28.751059514957888 140.70621968067542 620.00588327674313 102.32424625640158 1.257345138888353
leaf_count=7256 114408 5485 1663 11105 104355 9413 700
internal_value=-0.000262502 -0.0223837 -0.00801494 0.00122204 0.00659599 -0.0076491 -0.117394
internal_weight=1303.51 81.9764 71.2074 1221.54 760.712 460.824 10.769
internal_count=254385 15104 7148 239281 115460 123821 7956
is_linear=0
shrinkage=0.12


Tree=347
num_leaves=7
num_cat=0
split_feature=23 84 24 65 6 15
split_gain=2.82391 8.93151 7.93979 3.75452 7.67244 4.05433
threshold=0.14616250246763232 1.0000000180025095e-35 2.0928055047988896 1.5000000000000002 6.251850128173829 0.13063850253820422
decision_type=2 2 2 2 2 2
left_child=1 2 -1 4 -2 -5
right_child=3 -3 -4 5 -6 -7
leaf_value=-0.013932100436861647 -0.074508818052036713 0.055146352747590992 -0.098098053804472465 -0.0095492963209499303 0.087400990827130973 0.0053975941434901706
leaf_weight=59.814412545980161 5.5220845767744349 18.761438919379543 22.104225924761664 390.9985417411134 17.798940771930575 787.95635568059754
leaf_count=1033 1071 530 278 6474 1331 243668
internal_value=-0.000233 -0.0195381 -0.0366427 0.00138363 0.0490631 0.000440481
internal_weight=1302.96 100.68 81.9186 1202.28 23.321 1178.95
internal_count=254385 1841 1311 252544 2402 250142
is_linear=0
shrinkage=0.12


Tree=348
num_leaves=8
num_cat=0
split_feature=51 51 70 55 49 7 19
split_gain=2.57008 5.28064 8.2995 6.36271 4.58412 4.97114 3.75099
threshold=0.10028896108269693 0.12584757804870608 23.500000000000004 0.039011672139167793 1.838541626930237 10.414299964904787 0.30260416865348821
decision_type=2 2 2 2 2 2 2
left_child=4 2 -2 -3 5 -1 -6
right_child=1 3 -4 -5 6 -7 -8
leaf_value=0.014031767699120729 -0.035385328885905287 0.057174071592856826 0.045047760662683442 -0.0021417667198310696 0.082560694234022652 -0.010933709219872358 -0.071889625632235291
leaf_weight=291.21234354695343 133.89402499952962 27.188478711721586 21.429999695094693 617.19948000664658 17.540218706452837 189.64790039992283 2.5999109618837783
leaf_count=90709 16446 9522 13876 114766 4449 3983 634
internal_value=-0.000204532 -0.00442651 -0.024288 0.00036093 0.00653472 0.00418556 0.0626225
internal_weight=1300.71 799.712 155.324 644.388 501 480.86 20.1401
internal_count=254385 154610 30322 124288 99775 94692 5083
is_linear=0
shrinkage=0.12


Tree=349
num_leaves=8
num_cat=0
split_feature=36 88 28 2 24 36 6
split_gain=2.47727 12.8549 18.0327 8.44232 18.043 8.19213 7.38707
threshold=3.4596813917160039 0.84285715222358715 36.985605239868171 156.97000122070315 1.7376976013183596 4.3908841609954843 8.1234498023986834
decision_type=2 2 2 2 2 2 2
left_child=1 2 -1 4 -2 -5 -3
right_child=3 6 -4 5 -6 -7 -8
leaf_value=0.0098187689557446625 -0.090245034918195799 0.0350106012483513 -0.13359641228069857 -0.074417084296385064 0.076042606002080404 0.00082401133070780872 -0.026959163927274193
leaf_weight=24.435445240815849 11.557598899971877 64.755877574007854 26.121066990846888 21.258293691327708 50.244017261642796 1053.1193487426308 48.40536316659427
leaf_count=653 165 11633 12508 702 6803 220640 1281
internal_value=-0.000172405 -0.0139727 -0.0642796 0.00181615 0.0449449 -0.000664755 0.00850268
internal_weight=1299.9 163.718 50.5565 1136.18 61.8016 1074.38 113.161
internal_count=254385 26075 13161 228310 6968 221342 12914
is_linear=0
shrinkage=0.12


Tree=350
num_leaves=8
num_cat=0
split_feature=13 50 50 76 29 14 71
split_gain=4.07764 9.73937 8.57855 3.19407 3.13392 3.05421 0.21942
threshold=9.3410997390747088 0.064528264105319991 0.53215128183364879 0.58334457874298107 -92.406421661376939 7.7481498718261728 48.500000000000007
decision_type=2 2 2 2 2 2 2
left_child=4 3 -3 -2 6 -6 -1
right_child=1 2 -4 -5 5 -7 -8
leaf_value=0.073259458853962775 -0.27105483379473133 0.060727044921371508 -0.11400603349364749 -0.10220921977439636 0.0018940617782620584 0.046736440749302041 0.13678440433134381
leaf_weight=1.1697648581783107 2.6759994932669171 11.653080267453875 6.1979599511992083 4.0627742486647094 1249.1937572487984 22.261536197790747 2.3679917804792723
leaf_count=501 501 8327 4404 612 219757 19887 463
internal_value=0.00205953 -0.0463421 5.89489e-05 -0.169259 0.00299302 0.00267919 0.11578
internal_weight=1299.58 24.5898 17.851 6.73877 1274.99 1271.46 3.53776
internal_count=254452 13844 12731 1113 240608 239644 964
is_linear=0
shrinkage=0.12


Tree=351
num_leaves=8
num_cat=0
split_feature=13 50 34 41 8 10 47
split_gain=3.20079 7.94394 6.55717 2.95352 2.7743 3.46392 2.73831
threshold=9.3410997390747088 0.064528264105319991 0.96790000796318065 0.15238153934478763 14.240553855895998 2.5000000000000004 0.09920744970440866
decision_type=2 2 2 2 2 2 2
left_child=4 3 -3 -2 5 -1 -6
right_child=1 2 -4 -5 6 -7 -8
leaf_value=0.0075984846284238589 -0.097986830507987704 -0.055086286730553644 0.096425125684781718 -0.26987738147880758 -0.063167197821213578 -0.0070836805207972094 -0.0058779480483402537
leaf_weight=906.11320641332316 4.3537230821957591 11.270879484557556 6.4770758721297161 2.1504478560500502 17.257090144892572 310.74894101825464 39.546320953754275
leaf_count=191119 796 10571 2160 317 323 48496 670
internal_value=0.00181678 -0.0413689 0.000207458 -0.154818 0.00263908 0.00384911 -0.0232826
internal_weight=1297.92 24.2521 17.748 6.50417 1273.67 1216.86 56.8034
internal_count=254452 13844 12731 1113 240608 239615 993
is_linear=0
shrinkage=0.12


Tree=352
num_leaves=6
num_cat=0
split_feature=29 33 0 53 19
split_gain=2.69741 3.49574 3.11218 2.53209 0.224311
threshold=-92.406421661376939 0.033063787966966636 13.029899597167971 3.2250000238418584 0.28385417163372045
decision_type=2 2 2 2 2
left_child=4 2 -2 -3 -1
right_child=1 3 -4 -5 -6
leaf_value=0.13440271023385991 -0.31833095107866349 0.0017894095143714173 -0.0012878326848679189 -0.12020020064958639 0.070233439316649215
leaf_weight=2.0395588452783069 0.93049973134395603 1288.9020815199801 0.85601570542246463 2.4548309354031508 1.2747091686727428
leaf_count=572 114 252512 547 284 423
internal_value=0.00160255 0.00132545 -0.166419 0.00155751 0.109722
internal_weight=1296.46 1293.14 1.78652 1291.36 3.31427
internal_count=254452 253457 661 252796 995
is_linear=0
shrinkage=0.12


Tree=353
num_leaves=7
num_cat=0
split_feature=13 50 50 44 76 41
split_gain=2.48647 6.31471 5.6372 2.78931 2.74611 2.5948
threshold=9.3410997390747088 0.064528264105319991 0.53215128183364879 -0.46901345252990717 0.58334457874298107 0.48856323957443243
decision_type=2 2 2 2 2 2
left_child=3 4 -3 -1 -2 -5
right_child=1 2 -4 5 -6 -7
leaf_value=-0.14792167105005813 -0.23856592214280004 0.051770113709447133 -0.088324278753286342 0.0032044773868872504 -0.076916043855432839 -0.032058686575572162
leaf_weight=1.7812188632742607 2.454797578896037 11.214242435041287 6.5528736337478213 1239.0076651228642 3.9457808744593876 30.795441007030377
leaf_count=351 501 8327 4404 236487 612 3770
internal_value=0.00141407 -0.036716 0.000100453 0.00213877 -0.138913 0.00234927
internal_weight=1295.75 24.1677 17.7671 1271.58 6.40058 1269.8
internal_count=254452 13844 12731 240608 1113 240257
is_linear=0
shrinkage=0.12


Tree=354
num_leaves=8
num_cat=0
split_feature=54 88 19 62 83 50 19
split_gain=2.34936 6.36546 9.13426 5.28471 5.24064 4.72739 2.95174
threshold=0.19896265119314197 0.64655712246894848 0.25703124701976782 -72.492912292480455 1.0000000180025095e-35 0.21811801940202716 0.25885416567325598
decision_type=2 2 2 2 2 2 2
left_child=3 4 -3 6 -2 -5 -1
right_child=1 2 -4 5 -6 -7 -8
leaf_value=0.013722682184079573 0.016035610996610557 -0.10905428025759174 -0.0044983526669766048 -0.00094953578432805416 -0.0130390342208817 0.02203643573578519 0.10280601152154013
leaf_weight=9.6338887540557625 155.22482057153678 20.039698901025133 30.11088576258544 700.00729802880085 210.11099369648628 157.90610547851736 12.062281847672692
leaf_count=1189 49742 3459 5222 99415 45202 48811 1412
internal_value=0.00124771 -0.00618885 -0.0462779 0.00476039 -0.000685724 0.00328122 0.0632498
internal_weight=1295.1 415.486 50.1506 879.61 365.336 857.913 21.6962
internal_count=254452 103625 8681 150827 94944 148226 2601
is_linear=0
shrinkage=0.12


Tree=355
num_leaves=8
num_cat=0
split_feature=14 82 85 8 10 15 83
split_gain=2.87226 8.21215 8.02926 4.821 3.02995 22.2521 11.9113
threshold=-2.0870000123977657 1.0000000180025095e-35 0.37500000000000006 14.240553855895998 2.5000000000000004 1.6188820004463198 1.0000000180025095e-35
decision_type=2 2 2 2 2 2 2
left_child=1 2 -1 -3 6 -6 -2
right_child=4 3 -4 -5 5 -7 -8
leaf_value=-0.00338587947034705 -0.0084726919324375465 0.10081163463105514 -0.053590166859013903 0.0037681929202520847 -0.035433526456832343 0.029394655024970368 0.021973232190501263
leaf_weight=133.68077536239505 366.48537209562824 13.235437268194802 69.838080392981936 16.639122662134469 175.24244090238369 134.9634083773667 373.7439887481986
leaf_count=1589 105934 767 1475 205 1756 48829 93742
internal_value=5.19657e-05 -0.0119895 -0.0206136 0.0467617 0.00272743 -0.00722828 0.00689955
internal_weight=1283.83 233.393 203.519 29.8746 1050.44 310.206 740.229
internal_count=254297 4036 3064 972 250261 50585 199676
is_linear=0
shrinkage=0.12


Tree=356
num_leaves=7
num_cat=0
split_feature=27 84 90 15 70 46
split_gain=2.92749 6.63181 2.69373 10.9462 6.7551 0.00732066
threshold=1.0000000180025095e-35 1.0000000180025095e-35 0.0079285716637969034 1.6865434646606448 11.500000000000002 0.48970016837120062
decision_type=2 2 2 2 2 2
left_child=2 5 4 -4 -1 -2
right_child=1 -3 3 -5 -6 -7
leaf_value=0.012625019320369021 -0.12431606214069589 0.034499563314757301 -0.019000895711695828 0.018065915129130035 -0.012050610694485271 -0.13162620056119315
leaf_weight=530.46843060263791 4.046792910477846 6.6912369942210717 329.90193955397694 175.89012059959282 228.60244038776045 3.8489675365357243
leaf_count=39193 377 250 9304 84896 120041 236
internal_value=5.68191e-05 -0.0533942 0.000673242 -0.00611084 0.00519369 -0.12788
internal_weight=1279.45 14.587 1264.86 505.792 759.071 7.89576
internal_count=254297 863 253434 94200 159234 613
is_linear=0
shrinkage=0.12


Tree=357
num_leaves=8
num_cat=0
split_feature=24 82 41 22 89 10 28
split_gain=2.71158 9.87185 5.49848 4.99492 3.13962 8.97173 2.60552
threshold=1.04678350687027 1.0000000180025095e-35 0.1047964319586754 1.1354166865348818 1.0000000180025095e-35 2.5000000000000004 111.46908187866212
decision_type=2 2 2 2 2 2 2
left_child=1 3 -3 -1 6 -6 -2
right_child=4 2 -4 -5 5 -7 -8
leaf_value=-0.075051823845163887 0.0013040900404589317 0.10950984739502548 0.0056818820500114334 -0.016116849628373144 0.037499085655746285 -0.032552026164299815 -0.028172868101700915
leaf_weight=24.518330227696367 907.26265833697221 12.761503890156748 17.303712648252258 133.26208831562423 101.48979282211758 35.549274535803306 45.338715577753419
leaf_count=418 216841 494 233 1926 20418 5571 8396
internal_value=4.87846e-05 -0.0132667 0.0497528 -0.0252751 0.00234426 0.0193271 -9.88551e-05
internal_weight=1277.49 187.846 30.0652 157.78 1089.64 137.039 952.601
internal_count=254297 3071 727 2344 251226 25989 225237
is_linear=0
shrinkage=0.12


Tree=358
num_leaves=6
num_cat=0
split_feature=13 58 22 85 41
split_gain=2.61846 3.88908 2.83555 8.42492 2.52008
threshold=0.2902000099420548 -1.666469871997833 1.0000000180025095e-35 1.0000000180025095e-35 0.71931761503219616
decision_type=2 2 2 2 2
left_child=1 -1 3 -2 -4
right_child=2 -3 4 -5 -6
leaf_value=-0.089735313772360811 -0.13807713689192505 0.01572101085661446 0.0018091817547072494 0.032598001290160654 -0.071452217346331046
leaf_weight=11.272068873713346 7.9236398564754067 9.1020551141059567 1231.1327178116919 8.7791281161650527 6.7985669930162649
leaf_count=599 158 347 251771 475 947
internal_value=5.11915e-05 -0.0426231 0.000744184 -0.0483687 0.00140684
internal_weight=1275.01 20.3741 1254.63 16.7028 1237.93
internal_count=254297 946 253351 633 252718
is_linear=0
shrinkage=0.12


Tree=359
num_leaves=7
num_cat=0
split_feature=27 85 54 54 41 66
split_gain=2.25271 5.82848 2.09604 7.94858 7.40446 0.00545953
threshold=1.0000000180025095e-35 4.8750000000000009 -0.13889756053686139 -0.11125220730900763 0.53873938322067272 9.4588541984558123
decision_type=2 2 2 2 2 2
left_child=2 5 4 -4 -1 -2
right_child=1 -3 3 -5 -6 -7
leaf_value=-0.0068936937141016105 -0.12357606025918466 0.031348653030290004 0.053371049464811839 0.00075402653063146702 -0.19109137412143226 -0.13038633546328207
leaf_weight=249.44071468316577 3.3227209759987497 6.5999521728526815 43.195040580142518 964.10313943640745 3.1826879093059679 3.4603682153928306
leaf_count=38528 365 250 4815 209840 251 248
internal_value=3.9015e-05 -0.0489346 0.000559219 0.00301035 -0.00921432 -0.12705
internal_weight=1273.3 13.383 1259.92 1007.3 252.623 6.78309
internal_count=254297 863 253434 214655 38779 613
is_linear=0
shrinkage=0.12


Tree=360
num_leaves=7
num_cat=0
split_feature=24 82 49 57 84 57
split_gain=5.58664 8.20522 6.29089 4.49334 9.8046 7.80922
threshold=0.81030231714248668 1.0000000180025095e-35 0.91953125596046459 6.089583396911622 10.000000000000002 5.9390625953674325
decision_type=2 2 2 2 2 2
left_child=1 2 -1 5 -5 -2
right_child=3 -3 -4 4 -6 -7
leaf_value=0.021635384557363017 0.0041161386714082182 0.034115559836930695 -0.057532398932314391 -0.0049142136205740762 -0.092815369374440307 0.12541419942296905
leaf_weight=17.948257549113478 984.22726863581647 26.083867090172134 74.234083502411394 133.95210727500262 21.159070559909196 7.7027924929575411
leaf_count=267 205310 472 1300 43412 1665 1903
internal_value=-0.000472282 -0.0253046 -0.0421181 0.00208807 -0.016905 0.00505807
internal_weight=1265.31 118.266 92.1823 1147.04 155.111 991.93
internal_count=254329 2039 1567 252290 45077 207213
is_linear=0
shrinkage=0.12


Tree=361
num_leaves=6
num_cat=0
split_feature=16 23 85 51 63
split_gain=4.67345 3.83853 14.6511 4.10354 2.39266
threshold=0.76515501737594616 0.14616250246763232 0.37500000000000006 0.8903389871120454 2.1151659488677983
decision_type=2 2 2 2 2
left_child=4 2 -2 -3 -1
right_child=1 3 -4 -5 -6
leaf_value=-0.059699924750310496 -0.064505171368866451 0.0026969219324076434 0.030806814061080729 0.13819159400124392 -0.0090867760524816869
leaf_weight=27.570883689422516 52.265490812757598 1112.4546772694653 41.795712792941295 3.2280120988846184 26.260371362406005
leaf_count=533 649 250829 955 897 466
internal_value=-0.000413205 0.00112626 -0.0221537 0.00308895 -0.0350094
internal_weight=1263.58 1209.74 94.0612 1115.68 53.8313
internal_count=254329 253330 1604 251726 999
is_linear=0
shrinkage=0.12


Tree=362
num_leaves=6
num_cat=0
split_feature=16 33 77 5 63
split_gain=3.61687 3.23784 7.88341 4.91798 1.84786
threshold=0.76515501737594616 0.2097679600119591 1.0000000180025095e-35 3.2771500349044804 2.1151659488677983
decision_type=2 2 2 2 2
left_child=4 2 -2 -3 -1
right_child=1 3 -4 -5 -6
leaf_value=-0.052467699280065096 -0.035092004107964765 0.0075180863281667744 0.010341311612204236 -0.016016032670144141 -0.007998602393331335
leaf_weight=27.604385563969814 109.02323257779608 837.15417483142915 110.9762717970433 150.91624993694393 26.253483780797737
leaf_count=533 14005 214382 13639 11304 466
internal_value=-0.000364375 0.00099209 -0.0121737 0.00392352 -0.0307909
internal_weight=1261.93 1208.07 220 988.07 53.8579
internal_count=254329 253330 27644 225686 999
is_linear=0
shrinkage=0.12


Tree=363
num_leaves=7
num_cat=0
split_feature=23 85 15 51 76 0
split_gain=3.49795 9.14172 6.93019 3.58498 3.45209 0.208069
threshold=0.14616250246763232 4.8750000000000009 0.24397499859333041 0.8903389871120454 0.98995873332023632 73.117000579833999
decision_type=2 2 2 2 2 2
left_child=1 2 -1 4 -2 -5
right_child=3 -3 -4 5 -6 -7
leaf_value=-0.014201698140572785 0.00063843412549547621 0.055455631350490482 -0.088460236632571743 0.090397058971422431 0.07923777791409016 0.15633011947275774
leaf_weight=53.989257832959026 1148.4872798208285 17.987258733958242 27.222357186262172 1.0754106140625475 8.1032642684203875 1.9193098883224591
leaf_count=979 250620 539 340 791 954 106
internal_value=-0.00032155 -0.0219492 -0.0390934 0.00152863 0.00118911 0.132653
internal_weight=1258.78 99.1989 81.2116 1159.59 1156.59 2.99472
internal_count=254329 1858 1319 252471 251574 897
is_linear=0
shrinkage=0.12


Tree=364
num_leaves=7
num_cat=0
split_feature=24 82 51 51 36 0
split_gain=3.27885 6.52934 4.24596 3.01116 2.84648 0.206414
threshold=0.81030231714248668 1.0000000180025095e-35 0.059929642826318748 0.8903389871120454 6.1685874462127694 67.391853332519545
decision_type=2 2 2 2 2 2
left_child=1 2 -1 4 -2 -5
right_child=3 -3 -4 5 -6 -7
leaf_value=0.017624327586455463 -0.0089989480763108358 0.033859784176873874 -0.047316806792669912 0.083465334846360387 0.0048513337822800205 0.15131930877910171
leaf_weight=18.07468125366627 285.20531365469481 25.838788039109204 73.257464246702099 1.0195726474412361 851.95899497856988 1.7599820307441403
leaf_count=323 28933 472 1244 755 222460 142
internal_value=-0.000282275 -0.0193978 -0.0344649 0.00168255 0.00137763 0.12643
internal_weight=1257.11 117.171 91.3321 1139.94 1137.16 2.77955
internal_count=254329 2039 1567 252290 251393 897
is_linear=0
shrinkage=0.12


Tree=365
num_leaves=8
num_cat=0
split_feature=17 81 15 15 81 15 8
split_gain=3.46618 16.9492 39.364 15.4005 12.1732 65.7292 20.6046
threshold=1.0000000180025095e-35 1.0000000180025095e-35 1.7524209618568423 2.091671466827393 1.0000000180025095e-35 0.74325001239776622 11.194613456726076
decision_type=2 2 2 2 2 2 2
left_child=1 2 -1 -3 6 -6 -2
right_child=4 3 -4 -5 5 -7 -8
leaf_value=-0.063881104773727701 -0.018424131456800285 0.093893869537910499 0.033664901461702396 -0.035602430788664062 -0.10573601987674186 0.081179111676120796 0.021578233103789386
leaf_weight=149.69871213402524 278.30895892489013 36.739054381210735 98.948190632116678 20.662093567583725 70.135774723189229 44.142371493104292 555.54479244021286
leaf_count=1541 167041 681 36451 11990 859 11619 23998
internal_value=-0.000390894 -0.0114946 -0.025063 0.0472804 0.00319326 -0.0335361 0.00822695
internal_weight=1254.18 306.048 248.647 57.4011 948.132 114.278 833.854
internal_count=254180 50663 37992 12671 203517 12478 191039
is_linear=0
shrinkage=0.12


Tree=366
num_leaves=8
num_cat=0
split_feature=88 29 8 85 2 28 2
split_gain=3.37172 15.6588 15.2475 18.8808 18.8352 13.9134 10.1614
threshold=1.0000000180025095e-35 3.4596813917160039 10.662671089172365 0.62500000000000011 451.14500427246099 36.985605239868171 156.97000122070315
decision_type=2 2 2 2 2 2 2
left_child=1 5 4 -4 -2 -1 -3
right_child=2 6 3 -5 -6 -7 -8
leaf_value=-0.00027587705660769672 0.045166868352246252 0.057313332349203855 0.008122856767451862 -0.053090917467265041 -0.14000424072700779 -0.13190335003535672 0.0041535714108934599
leaf_weight=23.909448582522643 95.70920655940489 55.614738154309748 139.94100035997349 150.68729682686802 8.6228584703057987 22.395559322956345 750.61051480643687
leaf_count=646 56377 5940 4206 4817 87 12548 169559
internal_value=-0.000323227 0.00392307 -0.00948895 -0.0236158 0.0298628 -0.0639379 0.00782062
internal_weight=1247.49 852.53 394.96 290.628 104.332 46.305 806.225
internal_count=254180 188693 65487 9023 56464 13194 175499
is_linear=0
shrinkage=0.12


Tree=367
num_leaves=7
num_cat=0
split_feature=76 34 83 10 83 0
split_gain=3.52685 8.45523 7.38148 6.21159 23.3908 8.37184
threshold=0.9717826545238496 0.75164285302162182 0.37500000000000006 2.5000000000000004 0.37500000000000006 78.983299255371108
decision_type=2 2 2 2 2 2
left_child=3 -2 -3 5 -5 -1
right_child=1 2 -4 4 -6 -7
leaf_value=0.001294390249724821 -0.10259701838848391 0.0081914172847792118 0.096640682878264592 0.010795195460725307 -0.062627230515337917 0.086114686532731508
leaf_weight=898.27723924015856 6.5062587268312191 35.860852858906583 21.874536041972988 158.8558479439406 102.98895307504995 17.075039679883503
leaf_count=199395 375 3701 1887 33032 13762 2028
internal_value=-0.000291357 0.0270883 0.0417027 -0.00178551 -0.0180834 0.00287663
internal_weight=1241.44 64.2416 57.7354 1177.2 261.845 915.352
internal_count=254180 5963 5588 248217 46794 201423
is_linear=0
shrinkage=0.12


Tree=368
num_leaves=8
num_cat=0
split_feature=51 41 34 10 84 0 1
split_gain=3.10886 8.24187 7.84987 4.58825 21.5258 7.35647 4.25968
threshold=0.059929642826318748 0.36529381573200231 1.0967857241630556 2.5000000000000004 10.000000000000002 69.028301239013686 12.244450092315676
decision_type=2 2 2 2 2 2 2
left_child=1 2 -1 5 -5 -2 -3
right_child=3 6 -4 4 -6 -7 -8
leaf_value=0.033496302850112999 -0.0007561133262405297 0.035433304444260232 -0.013468345996313268 -0.035563344220478875 0.062383710662348629 0.073571762616664441 -0.099798663940987575
leaf_weight=153.88900761026213 749.09717703120441 4.4547957656814132 76.837414647908361 184.26739874882833 39.180218110179794 19.678406941297453 13.575513369227336
leaf_count=37450 163081 1050 8316 28853 9629 5078 723
internal_value=-0.000245544 0.0117499 0.017856 -0.00325288 -0.0183889 0.00114646 -0.0663865
internal_weight=1240.98 248.757 230.726 992.223 223.448 768.776 18.0303
internal_count=254180 47539 45766 206641 38482 168159 1773
is_linear=0
shrinkage=0.12


Tree=369
num_leaves=7
num_cat=0
split_feature=49 1 81 76 6 49
split_gain=2.63983 7.16842 8.01193 5.72758 4.23635 3.81492
threshold=0.70104166865348827 2.4298499822616582 1.0000000180025095e-35 0.93030694127082836 7.149250030517579 0.78828126192092907
decision_type=2 2 2 2 2 2
left_child=1 -1 -3 5 -5 -2
right_child=3 2 -4 4 -6 -7
leaf_value=-0.16834271660355568 -0.045655063375219074 0.030060716032359384 -0.03520124395223722 -0.00088761348186806226 -0.1350026188193236 -0.00023542288413580173
leaf_weight=3.0621439631863714 27.338298801330438 134.54696774104923 33.91653873098744 5.8340997145512565 8.1008778189388959 1026.8952171172327
leaf_count=561 6456 23095 3283 4397 337 216051
internal_value=-0.000204502 0.0136142 0.0169216 -0.0024235 -0.0788532 -0.00141324
internal_weight=1239.69 171.526 168.464 1068.17 13.935 1054.23
internal_count=254180 26939 26378 227241 4734 222507
is_linear=0
shrinkage=0.12


Tree=370
num_leaves=8
num_cat=0
split_feature=16 81 16 81 46 24 62
split_gain=3.65128 32.0649 23.815 18.8809 12.0741 11.7979 5.75903
threshold=2.6579200029373173 1.0000000180025095e-35 2.1306384801864628 1.0000000180025095e-35 0.19689749926328662 3.9743666648864751 -53.386491775512688
decision_type=2 2 2 2 2 2 2
left_child=1 4 -3 6 -1 -5 -2
right_child=3 2 -4 5 -6 -7 -8
leaf_value=0.059497495534250371 0.068592544519521959 -0.15503179545984833 -0.024105291434692606 0.10873057573026786 -0.0019040294540311068 0.01834698799488356 -0.003993140656970897
leaf_weight=51.237094594385326 16.206177983727343 33.093277070914951 50.587675522282552 37.855571616549241 461.47052428950553 46.148864110914019 547.40225942999507
leaf_count=1681 6712 548 375 1758 10340 22528 210368
internal_value=-0.000234402 -0.00700905 -0.0758828 0.00600439 0.00423209 0.0590772 -0.00190599
internal_weight=1244 596.389 83.681 647.613 512.708 84.0044 563.608
internal_count=254310 12944 923 241366 12021 24286 217080
is_linear=0
shrinkage=0.12


Tree=371
num_leaves=8
num_cat=0
split_feature=15 84 15 84 24 10 28
split_gain=2.87904 25.96 22.3775 15.3217 10.5122 10.5083 4.8642
threshold=0.65792000293731701 10.000000000000002 0.13063850253820422 10.000000000000002 3.9743666648864751 2.5000000000000004 111.46908187866212
decision_type=2 2 2 2 2 2 2
left_child=1 5 -3 6 -5 -1 -2
right_child=3 2 -4 4 -6 -7 -8
leaf_value=0.0084810106598584862 0.0012349440872647132 -0.15172442370487807 -0.021037010599667623 0.10348790930846517 0.016267784667165237 -0.05858396066340707 -0.044396698735117673
leaf_weight=475.67319444055477 527.88064402815348 29.951231392839873 50.982856424094734 35.171434855535153 45.82362450081564 36.204312123529235 35.928377042682882
leaf_count=11705 208141 548 375 1758 22528 316 8939
internal_value=-0.000211369 -0.00624762 -0.0694004 0.00533816 0.0541424 0.00373761 -0.0016729
internal_weight=1237.62 592.812 80.9341 644.804 80.9951 511.878 563.809
internal_count=254310 12944 923 241366 24286 12021 217080
is_linear=0
shrinkage=0.12


Tree=372
num_leaves=8
num_cat=0
split_feature=24 83 77 19 24 14 24
split_gain=2.78676 7.48825 6.64995 4.75676 3.3368 6.1152 3.24949
threshold=1.04678350687027 1.0000000180025095e-35 1.0000000180025095e-35 0.26171875000000006 12.82035541534424 7.7481498718261728 12.041065692901613
decision_type=2 2 2 2 2 2 2
left_child=1 2 -1 -3 6 -6 -2
right_child=4 3 -4 -5 5 -7 -8
leaf_value=0.027060268289782932 0.0026129122796710504 -0.010603284486585153 -0.036099063114587195 -0.072589366056527646 -0.079702688427294971 0.0021849931516307263 0.043322808698528656
leaf_weight=71.887164303277856 964.32183671363418 33.040464675690217 36.040094644069995 38.717929527180445 19.909141237033538 38.579179430404082 29.085992323369965
leaf_count=1247 185175 615 372 813 14884 33077 18127
internal_value=-0.000194317 -0.0140054 0.0059695 -0.0440485 0.00216491 -0.0256892 0.00380486
internal_weight=1231.58 179.686 107.927 71.7584 1051.9 58.4883 993.408
internal_count=254310 3047 1619 1428 251263 47961 203302
is_linear=0
shrinkage=0.12


Tree=373
num_leaves=7
num_cat=0
split_feature=13 47 57 57 19 19
split_gain=3.06071 3.15051 2.6502 15.5188 6.16171 0.826275
threshold=0.2902000099420548 0.10917596518993379 0.38203124701976782 0.19687499850988391 0.34687499701976782 0.26614584028720861
decision_type=2 2 2 2 2 2
left_child=1 -1 3 -2 -4 -3
right_child=2 5 4 -5 -6 -7
leaf_value=0.025217470354999862 6.5983861749338183e-05 -0.10906852074112108 0.010198281544617396 -0.077823352270448121 -0.022498489743810728 -0.048488517898909518
leaf_weight=5.8262756880268247 491.25280540299832 6.9800558553530578 582.63411894412786 39.821347317988966 96.7818112952815 6.0541703868659642
leaf_count=317 92707 282 140795 8682 11148 379
internal_value=-0.000170929 -0.0481397 0.000576466 -0.00577436 0.00554067 -0.0809302
internal_weight=1229.35 18.8605 1210.49 531.074 679.416 13.0342
internal_count=254310 978 253332 101389 151943 661
is_linear=0
shrinkage=0.12


Tree=374
num_leaves=7
num_cat=0
split_feature=57 57 5 62 5 29
split_gain=2.56308 4.97144 9.80388 2.7193 2.7157 3.00809
threshold=15.784375190734865 14.118750095367433 0.93154999613761913 7.0031530857086191 0.25994999706745153 5.2616722583770761
decision_type=2 2 2 2 2 2
left_child=1 3 -3 -1 -2 -6
right_child=4 2 -4 -5 5 -7
leaf_value=0.0010742664005077955 -0.11612364154425077 -0.32948105820173107 0.00015321121706616069 -0.026512291802210902 -0.0073983805246507 0.12560263645519859
leaf_weight=1157.4420848991954 1.185867883088618 1.9648883029185515 3.8353138534414484 53.848432807248855 3.9279415253781291 6.5025345311064484
leaf_count=238316 252 498 1164 8487 565 5028
internal_value=-0.000147376 -0.000682817 -0.111514 -0.000152106 0.0559529 0.0755167
internal_weight=1228.71 1217.09 5.8002 1211.29 11.6163 10.4305
internal_count=254310 248465 1662 246803 5845 5593
is_linear=0
shrinkage=0.12


Tree=375
num_leaves=7
num_cat=0
split_feature=44 44 19 59 55 1
split_gain=3.35339 4.87623 4.7768 3.78607 5.81406 4.02539
threshold=3.7217733860015874 4.1932034492492685 0.29270832240581518 19999947.000000004 0.10603838786482812 5.2280499935150155
decision_type=2 2 2 2 2 2
left_child=3 -2 -3 5 -5 -1
right_child=1 2 -4 4 -6 -7
leaf_value=-0.033309803209624067 -0.23775434366436851 0.0093592960290508204 -0.10168563338097622 -0.05602387396197657 -0.0013214093195078459 0.0039992844249849028
leaf_weight=43.384643085636981 1.7315036614118096 15.983188611651942 8.5689503780122305 41.859311506320225 84.374834585991906 1037.291859803664
leaf_count=24356 450 3784 1220 12983 20752 190768
internal_value=-0.000719062 -0.0431226 -0.0293965 0.000204387 -0.0194608 0.00250148
internal_weight=1233.19 26.2836 24.5521 1206.91 126.234 1080.68
internal_count=254313 5454 5004 248859 33735 215124
is_linear=0
shrinkage=0.12


Tree=376
num_leaves=5
num_cat=0
split_feature=43 77 29 15
split_gain=3.22377 3.07656 12.483 11.3616
threshold=7.6697595119476327 1.0000000180025095e-35 0.88543996214866649 2.3595850467681889
decision_type=2 2 2 2
left_child=1 2 -1 -3
right_child=-2 3 -4 -5
leaf_value=-0.12145286342321628 -0.11282946267482999 -0.021288634029380811 0.0055467241099039777 0.024835551815478262
leaf_weight=11.297659337330172 3.6764237363513521 289.38895911453181 824.46660347199156 104.73640793522969
leaf_count=11705 246 9137 176935 56290
internal_value=-0.000626932 -0.000291533 0.00382997 -0.00903141
internal_weight=1233.57 1229.89 835.764 394.125
internal_count=254313 254067 188640 65427
is_linear=0
shrinkage=0.12


Tree=377
num_leaves=7
num_cat=0
split_feature=74 66 19 58 11 62
split_gain=2.90153 7.615 4.10289 2.77842 5.6507 4.69839
threshold=59.500000000000007 11.716927051544191 0.24114582687616351 -30.788666725158688 1.0000000180025095e-35 -28.772424697875973
decision_type=2 2 2 2 2 2
left_child=3 2 -2 4 -1 -5
right_child=1 -3 -4 5 -6 -7
leaf_value=-0.071067891197557576 -0.34729149901172479 -0.72855376892411405 0.11760153411601054 0.064128282194687358 -0.0056733260966205373 0.0007018936300656625
leaf_weight=22.690601328218733 0.4103614361745247 0.28246337357086293 0.81886161220973008 17.085800201614575 117.86340381743862 1072.5116603572349
leaf_count=3231 507 385 1515 4778 18189 225708
internal_value=-0.000555983 -0.166705 -0.0375975 -0.000351809 -0.0162304 0.00169647
internal_weight=1231.66 1.51169 1.22922 1230.15 140.554 1089.6
internal_count=254313 2407 2022 251906 21420 230486
is_linear=0
shrinkage=0.12


Tree=378
num_leaves=6
num_cat=0
split_feature=69 85 19 5 85
split_gain=2.57513 9.4726 2.9616 8.85245 3.84256
threshold=1.0000000180025095e-35 0.37500000000000006 0.41562499105930334 3.3770500421524052 0.62500000000000011
decision_type=2 2 2 2 2
left_child=1 -1 4 -4 -2
right_child=2 -3 3 -5 -6
leaf_value=-0.1371813953266032 0.008880821742455065 0.049180486284952453 -6.9986015642605867e-05 -0.083727242748042066 -0.0052199899707679586
leaf_weight=8.2711861248222913 565.7815706944433 7.478736522383655 79.024836396715273 23.670383178358406 547.66714422520465
leaf_count=193 115548 483 9830 792 127467
internal_value=-0.000477674 -0.0486888 0.000146695 -0.0193523 0.00194512
internal_weight=1231.89 15.7499 1216.14 102.695 1113.45
internal_count=254313 676 253637 10622 243015
is_linear=0
shrinkage=0.12


Tree=379
num_leaves=8
num_cat=0
split_feature=44 13 83 22 59 62 1
split_gain=2.58082 4.63602 5.7359 2.89288 2.83252 4.46357 3.4618
threshold=0.02262856159359217 2.996750116348267 0.37500000000000006 0.24310000240802768 19999947.000000004 -51.314849853515618 5.2280499935150155
decision_type=2 2 2 2 2 2 2
left_child=4 2 -2 -3 6 -6 -1
right_child=1 3 -4 -5 5 -7 -8
leaf_value=-0.030541412308020925 -0.0057970189526612183 -0.069342268597124432 -0.099465866038073725 0.084619369300006991 -0.064802329117330151 -0.0058220949719973401 0.0041357493781267393
leaf_weight=43.224230491895696 21.738782427793012 2.3231624840846035 16.604632064735597 7.2161318866851616 22.45178837768151 104.36818752300917 1012.8231118754309
leaf_count=23994 1368 72 571 8979 3535 30200 185594
internal_value=-0.000424131 -0.0277362 -0.0463604 0.0471242 0.000681466 -0.0162638 0.00271641
internal_weight=1230.75 47.8827 38.3434 9.53929 1182.87 126.82 1056.05
internal_count=254313 10990 1939 9051 243323 33735 209588
is_linear=0
shrinkage=0.12


Tree=380
num_leaves=8
num_cat=0
split_feature=50 30 1 41 28 88 50
split_gain=3.50879 6.02354 11.224 11.0889 5.80611 6.29268 3.77297
threshold=0.21997474879026416 1.5000000000000002 14.589949607849123 0.1047964319586754 104.60471725463869 1.0000000180025095e-35 0.33543232083320623
decision_type=2 2 2 2 2 2 2
left_child=1 2 -1 -3 5 -2 -6
right_child=4 3 -4 -5 6 -7 -8
leaf_value=0.011069841252917718 0.012348756727091632 0.019676948175276227 -0.049536129898060964 -0.015834093732213381 0.10780651708293952 -0.016769807740781947 0.025859181535087639
leaf_weight=74.632594598372123 357.79967075546313 238.00244829619226 107.21673716043932 270.59157649942097 12.16587439538216 152.38661001335595 24.152018703782232
leaf_count=18440 116553 41314 7714 35077 3537 27646 3971
internal_value=-0.0002323 -0.00591843 -0.0246629 0.000783708 0.00695145 0.00365139 0.0533101
internal_weight=1236.95 690.443 181.849 508.594 546.504 510.186 36.3179
internal_count=254252 102545 26154 76391 151707 144199 7508
is_linear=0
shrinkage=0.12


Tree=381
num_leaves=8
num_cat=0
split_feature=66 59 2 76 66 66 47
split_gain=2.93851 36.1286 41.97 8.76415 4.17809 9.05776 7.82945
threshold=11.704687595367433 -0.46098923683166498 207.53499603271487 0.47597506642341619 11.581770896911623 11.56302070617676 0.17755996435880664
decision_type=2 2 2 2 2 2 2
left_child=4 2 -2 -3 5 -1 -6
right_child=1 3 -4 -5 6 -7 -8
leaf_value=0.00037096401152605089 -0.015231806929792282 -0.079765061430478013 -2.5111278015772598 0.042126442763622318 0.067180809991658402 -0.11717500680465931 -0.045908829419226957
leaf_weight=1147.1967524741947 0.20723248043941467 17.802745701460026 0.18241639361349371 16.245501102591788 32.756485190628837 9.5182314978276263 12.061574118868746
leaf_count=185331 103 17307 529 9966 24055 5130 11831
internal_value=-0.000193981 -0.0347553 -1.1837 -0.0216067 0.000796603 -0.000596284 0.0367458
internal_weight=1235.97 34.4379 0.389649 34.0482 1201.53 1156.71 44.8181
internal_count=254252 27905 632 27273 226347 190461 35886
is_linear=0
shrinkage=0.12


Tree=382
num_leaves=8
num_cat=0
split_feature=33 2 29 28 88 29 23
split_gain=2.88573 17.5481 9.54167 8.50287 11.15 5.9273 5.82978
threshold=0.21792351454496386 214.1350021362305 6.9506075382232675 78.17179107666017 1.0000000180025095e-35 6.1685874462127694 7.8296728134155282
decision_type=2 2 2 2 2 2 2
left_child=1 2 -1 6 -5 -3 -2
right_child=3 5 -4 4 -6 -7 -8
leaf_value=-0.0073826414444677618 -0.0013725906989527422 -0.01508169229046759 0.064347880819487738 0.050894317314205656 -0.0029863278552218521 -0.13512737856623427 -0.075383476784523715
leaf_weight=318.88733317160359 624.31453148882588 8.4218498393772752 29.144779306240025 111.21846228716458 110.012000345518 19.95978042751085 15.711509364179276
leaf_count=29250 134488 936 2335 28597 19880 224 38542
internal_value=-1.00312e-05 -0.0087748 -0.00137581 0.00382063 0.0241009 -0.0995055 -0.00318943
internal_weight=1237.67 376.414 348.032 861.257 221.23 28.3816 640.026
internal_count=254252 32745 31585 221507 48477 1160 173030
is_linear=0
shrinkage=0.12


Tree=383
num_leaves=8
num_cat=0
split_feature=72 22 55 41 72 55 72
split_gain=2.67034 5.35652 6.75191 5.05189 2.97636 4.2822 3.44663
threshold=37.389062881469734 3.7677166461944585 0.13450442254543307 0.24170423299074176 35.607292175292976 0.11629994586110116 35.189582824707038
decision_type=2 2 2 2 2 2 2
left_child=4 3 -3 -2 6 -6 -1
right_child=1 2 -4 -5 5 -7 -8
leaf_value=0.00064106046847342557 0.012287048541382604 0.11049473427494591 -0.23718760775908751 -0.11942152565548646 -0.023703239106646401 0.12132275107690536 -0.11990312482046928
leaf_weight=1189.6116466010951 20.873429970691866 1.049316738095057 3.4447132575733121 5.2479609628535391 5.0623733926861387 6.9662653308660083 3.4254205071927109
leaf_count=234201 11993 900 802 1349 1755 2260 992
internal_value=4.62921e-06 -0.0349937 -0.156007 -0.0141741 0.000893782 0.0602871 0.000294957
internal_weight=1235.68 30.6154 4.49403 26.1214 1205.07 12.0286 1193.04
internal_count=254252 15044 1702 13342 239208 4015 235193
is_linear=0
shrinkage=0.12


Tree=384
num_leaves=8
num_cat=0
split_feature=19 29 7 41 76 15 47
split_gain=2.50753 5.16154 9.34433 9.32743 4.44822 12.0683 7.04347
threshold=0.27864582836627966 31.450469970703129 10.71335029602051 0.35254164040088659 0.69539901614189159 11.752744674682619 0.4239551723003388
decision_type=2 2 2 2 2 2 2
left_child=4 3 -3 -2 6 -6 -1
right_child=1 2 -4 -5 5 -7 -8
leaf_value=0.0090548189240154155 -0.026849660190996823 0.016986915134382587 -0.026994941031595283 0.092219783814999692 -0.012279746319373973 0.12772139554793871 0.087127282003448922
leaf_weight=420.61412032609405 195.85781687628605 222.20575957656334 101.25951483442427 9.9553384094369886 258.84735473171781 9.1808365761844453 17.325415622803121
leaf_count=103685 18901 69389 1780 708 49343 5178 5268
internal_value=1.01757e-05 -0.00623404 0.00321857 -0.0210902 0.00469159 -0.00748425 0.0121435
internal_weight=1235.25 529.278 323.465 205.813 705.968 268.028 437.94
internal_count=254252 90778 71169 19609 163474 54521 108953
is_linear=0
shrinkage=0.12


Tree=385
num_leaves=8
num_cat=0
split_feature=50 57 71 75 19 0 5
split_gain=3.393 5.5183 14.6587 5.16356 4.83596 5.65602 5.62682
threshold=0.37231771647930151 7.777083396911622 70.500000000000014 14.500000000000002 0.27864582836627966 18.832199096679691 0.27095000445842748
decision_type=2 2 2 2 2 2 2
left_child=4 3 -3 -2 5 -1 -6
right_child=1 2 -4 -5 6 -7 -8
leaf_value=0.036839378850796127 -0.0060641037109466387 -0.41276737446580319 -0.04157227225828674 -0.20451371766349447 -0.13990211027043101 0.0043863756575179018 -0.0055954578523958786
leaf_weight=95.698628396698496 305.95598089778332 1.653419192622098 20.857752723155954 1.8997638102482586 4.5438656007752334 402.95522380842169 392.77842172012367
leaf_count=27534 72627 806 12223 1157 950 77565 61605
internal_value=-0.00108774 -0.0114826 -0.0688361 -0.00728873 0.00274507 0.0106146 -0.00713142
internal_weight=1226.34 330.367 22.5112 307.856 895.976 498.654 397.322
internal_count=254467 86813 13029 73784 167654 105099 62555
is_linear=0
shrinkage=0.12


Tree=386
num_leaves=8
num_cat=0
split_feature=1 2 20 1 46 1 29
split_gain=2.95244 7.64187 8.17012 5.48503 10.7107 6.84512 5.00044
threshold=6.3546001911163339 158.85499572753909 24.230181694030765 8.019449710845949 0.60700091719627391 8.1656999588012713 3.4596813917160039
decision_type=2 2 2 2 2 2 2
left_child=1 6 -3 4 -2 -5 -1
right_child=3 2 -4 5 -6 -7 -8
leaf_value=0.027533067658554906 -0.023540165084266897 0.069250751466671243 -0.032131361241792396 0.16166832072424345 -0.21512433221244362 -0.0012743768676558903 0.15238878171522255
leaf_weight=9.3574913775514137 41.528113467931234 16.660717983427958 36.573157519346523 3.7250736533542286 4.6750811775004868 1105.3827163733149 9.1217709697676224
leaf_count=2614 19893 10385 24666 2044 4155 189331 1379
internal_value=-0.000948174 0.0226781 -0.000401588 -0.00241472 -0.0429257 -0.000727114 0.0891646
internal_weight=1227.02 71.7131 53.2339 1155.31 46.2032 1109.11 18.4793
internal_count=254467 39044 35051 215423 24048 191375 3993
is_linear=0
shrinkage=0.12


Tree=387
num_leaves=8
num_cat=0
split_feature=55 1 13 2 62 28 33
split_gain=2.72364 5.14277 3.87284 8.92542 3.70096 3.31785 3.30562
threshold=0.39141750335693365 19.721750259399418 0.57449999451637279 366.08000183105474 -1.0000000180025095e-35 105.83415603637697 0.21150749176740649
decision_type=2 2 2 2 2 2 2
left_child=2 5 3 -1 -3 -2 -4
right_child=1 4 6 -5 -6 -7 -8
leaf_value=-0.0053825567624336068 -0.048384630322009951 -0.015853595227703861 -0.0097797783925559403 -0.09007770676937496 0.09896364565726877 0.096441365179389948 0.006764844520545891
leaf_weight=118.97287787014579 50.961789546746552 9.1369116134302875 222.5989721944643 21.094142572657461 7.2506783898027143 2.3844307827392504 794.90354283130512
leaf_count=2403 12470 349 26663 366 429 866 210921
internal_value=-0.000817377 -0.0238494 0.000570108 -0.0181377 0.0349472 -0.0419113 0.00314538
internal_weight=1227.3 69.7338 1157.57 140.067 16.3876 53.3462 1017.5
internal_count=254467 14114 240353 2769 778 13336 237584
is_linear=0
shrinkage=0.12


Tree=388
num_leaves=7
num_cat=0
split_feature=53 19 47 6 63 7
split_gain=2.47894 4.83266 5.31681 3.87853 7.18251 7.15976
threshold=2.4885416030883794 0.47187499701976782 0.088247772306203856 3.7729499340057377 -0.51972088217735279 5.7789499759674081
decision_type=2 2 2 2 2 2
left_child=3 2 -2 4 -1 -5
right_child=1 -3 -4 5 -6 -7
leaf_value=-0.24766919604333831 -0.014147988275493883 -0.083943534117822599 0.035077787773473652 -0.041569033532473369 0.017317450500035032 -0.0025649872610500109
leaf_weight=1.4871536232813003 47.510872511175222 6.9436771892492279 94.321781211768183 73.660895182083436 154.31463766658794 847.50833124822236
leaf_count=1112 6914 340 17154 30314 108513 90120
internal_value=-0.000716548 0.0138029 0.0185882 -0.00272231 0.0147881 -0.00568393
internal_weight=1225.75 148.776 141.833 1076.97 155.802 921.169
internal_count=254467 24408 24068 230059 109625 120434
is_linear=0
shrinkage=0.12


Tree=389
num_leaves=8
num_cat=0
split_feature=54 34 77 28 54 6 20
split_gain=2.40937 7.89469 13.333 6.05014 2.48386 4.74165 2.43929
threshold=0.47137847542762762 0.28347499668598181 1.0000000180025095e-35 26.791512489318851 0.44318069517612463 8.5329499244689959 22.642156600952152
decision_type=2 2 2 2 2 2 2
left_child=4 2 -2 -3 6 -6 -1
right_child=1 3 -4 -5 5 -7 -8
leaf_value=0.013705541741171095 0.0647133255992213 0.01109700072387447 -0.13330656951685613 -0.13713737063801082 0.016209480172538829 0.22448216445442573 -0.0022543463169325201
leaf_weight=159.62888006245339 19.25497339564868 5.8700998457284213 6.5660217422300766 12.216058020007948 6.985769584336138 2.0319286203412048 1013.1149724859808
leaf_count=37088 5322 1835 77 2701 2980 56 204408
internal_value=-0.000625065 -0.0282272 0.0143588 -0.089026 0.000400466 0.0631389 -8.19546e-05
internal_weight=1225.67 43.9072 25.821 18.0862 1181.76 9.0177 1172.74
internal_count=254467 9935 5399 4536 244532 3036 241496
is_linear=0
shrinkage=0.12


Tree=390
num_leaves=6
num_cat=0
split_feature=6 19 36 77 3
split_gain=3.07305 3.9539 2.88333 10.51 5.98712
threshold=9.6870999336242694 0.25364583730697637 6.1685874462127694 1.0000000180025095e-35 0.30188000202178961
decision_type=2 2 2 2 2
left_child=2 -2 3 -1 -4
right_child=1 -3 4 -5 -6
leaf_value=-0.027536579699264454 0.0092577805529904193 -0.095912286167275776 -0.069453246914888842 0.019864020171735976 0.0066867787733211771
leaf_weight=167.41336033425159 10.062085185058976 10.539300833185763 15.11954832396634 112.70799162604817 906.44568236918269
leaf_count=14871 310 594 4546 14176 219822
internal_value=0.00140904 -0.0445453 0.00219686 -0.00846475 0.0054376
internal_weight=1222.29 20.6014 1201.69 280.121 921.565
internal_count=254319 904 253415 29047 224368
is_linear=0
shrinkage=0.12


Tree=391
num_leaves=7
num_cat=0
split_feature=13 87 22 86 76 63
split_gain=3.55626 4.06055 2.53626 8.86587 2.31021 1.75137
threshold=0.2902000099420548 1.0000000180025095e-35 1.0000000180025095e-35 1.0000000180025095e-35 0.69539901614189159 0.55102473497390758
decision_type=2 2 2 2 2 2
left_child=1 5 3 -2 -4 -1
right_child=2 -3 4 -5 -6 -7
leaf_value=-0.043362589011374943 -0.13654527817164119 0.012408659420256441 0.0069095026699574251 0.047158975117463031 -0.0039674397288728758 -0.14074089393124209
leaf_weight=4.6944233295049296 7.7384496313447908 8.4634685811558938 724.87688047353515 7.4013734755499172 459.39650357523612 6.1357603049370075
leaf_count=311 182 273 167124 460 85594 375
internal_value=0.00124411 -0.0498659 0.00206626 -0.0467382 0.00269018 -0.0985315
internal_weight=1218.71 19.2937 1199.41 15.1398 1184.27 10.8302
internal_count=254319 959 253360 642 252718 686
is_linear=0
shrinkage=0.12


Tree=392
num_leaves=7
num_cat=0
split_feature=13 76 65 69 76 20
split_gain=2.89941 4.95367 2.26866 7.30559 4.78025 1.98213
threshold=0.2902000099420548 0.65522167086601268 41.500000000000007 30.500000000000004 0.67369806766510021 24.511927604675297
decision_type=2 2 2 2 2 2
left_child=1 5 4 -4 -2 -1
right_child=2 -3 3 -5 -6 -7
leaf_value=-0.14329554659217658 0.011786752759579073 0.045055491621435462 -0.009055057801123893 -0.40170754894718536 -0.0047055403881842038 -0.047256291759138057
leaf_weight=5.4078439081742902 537.77169396366946 5.8702839759348455 180.93917085616931 0.68492373092067182 478.043524755063 7.234185726829101
leaf_count=215 68653 215 100294 402 84011 529
internal_value=0.00108827 -0.0460392 0.00181686 -0.0105358 0.00402547 -0.0883387
internal_weight=1215.95 18.5123 1197.44 181.624 1015.82 12.642
internal_count=254319 959 253360 100696 152664 744
is_linear=0
shrinkage=0.12


Tree=393
num_leaves=7
num_cat=0
split_feature=13 87 34 28 54 61
split_gain=2.31633 3.32999 2.16763 8.45138 6.78438 1.73901
threshold=0.2902000099420548 1.0000000180025095e-35 0.96790000796318065 111.46908187866212 0.19590982049703601 0.79479166865348827
decision_type=2 2 2 2 2 2
left_child=1 5 4 -4 -2 -1
right_child=2 -3 3 -5 -6 -7
leaf_value=-0.032986051836479735 0.02336372171695815 0.012899149478146689 -0.00076888593979017143 -0.076235315795322417 -0.0028637647598403742 -0.13595621341869948
leaf_weight=4.2470721591008811 221.64620697307464 8.5211113716154614 557.99051002753527 22.219865441870297 395.34900700429603 5.3205717782910682
leaf_count=279 60550 273 84159 2759 105892 407
internal_value=0.000962549 -0.0416581 0.00160651 -0.00365897 0.00655806 -0.0902478
internal_weight=1215.29 18.0888 1197.21 580.21 616.995 9.56764
internal_count=254319 959 253360 86918 166442 686
is_linear=0
shrinkage=0.12


Tree=394
num_leaves=7
num_cat=0
split_feature=36 36 2 77 57 61
split_gain=2.32018 2.01219 9.07166 6.44676 0.158082 0.0909835
threshold=-92.406421661376939 6.1685874462127694 176.19499969482425 1.0000000180025095e-35 0.91354167461395275 1.0276041626930239
decision_type=2 2 2 2 2 2
left_child=4 2 -2 -3 5 -1
right_child=1 3 -4 -5 -6 -7
leaf_value=0.036451807373700781 0.0054120688063100976 0.009762916100023904 -0.042488301399109307 -0.01204288793852331 0.12994475987622697 0.10661511999898714
leaf_weight=0.52968946007003059 197.83113798425683 654.84001479209815 79.939895815288708 278.17040522296008 1.8158550231095913 0.53488371348831265
leaf_count=292 20502 173963 7700 51145 403 314
internal_value=0.00084837 0.000592459 -0.00837321 0.00326167 0.10842 0.0717046
internal_weight=1213.66 1210.78 277.771 933.01 2.88043 1.06457
internal_count=254319 253310 28202 225108 1009 606
is_linear=0
shrinkage=0.12


Tree=395
num_leaves=8
num_cat=0
split_feature=82 24 8 16 85 72 77
split_gain=2.93858 5.83102 6.37584 5.73602 4.45633 3.7671 3.0669
threshold=1.0000000180025095e-35 2.2041670083999638 14.240553855895998 1.0640814900398257 0.62500000000000011 12.676562786102297 1.0000000180025095e-35
decision_type=2 2 2 2 2 2 2
left_child=3 2 -2 5 -5 -1 -3
right_child=1 6 -4 4 -6 -7 -8
leaf_value=-0.062267762103962801 0.10102847436791319 -0.016724111004988561 0.0015078835532331177 0.0082646017493216567 -0.0074892876311742629 -0.011114433754080383 0.057971356192151186
leaf_weight=34.479617288325286 20.907712529644471 46.900041494689731 16.653593185823411 535.62639294398377 499.85528397351209 51.990803848993622 9.5225381471984161
leaf_count=591 2310 33504 229 119731 84912 921 11569
internal_value=-0.000112324 0.0202701 0.0569039 -0.00181972 0.000659769 -0.0315115 -0.00411763
internal_weight=1215.94 93.9839 37.5613 1121.95 1035.48 86.4704 56.4226
internal_count=253767 47612 2539 206155 204643 1512 45073
is_linear=0
shrinkage=0.12


Tree=396
num_leaves=8
num_cat=0
split_feature=75 49 62 28 65 47 6
split_gain=2.60792 8.93428 6.13092 5.51311 3.62954 8.05712 4.66953
threshold=11.500000000000002 1.3510416746139529 8.7956910133361834 79.452453613281264 41.500000000000007 0.032579194754362113 3.8340500593185429
decision_type=2 2 2 2 2 2 2
left_child=4 2 -2 -3 6 -6 -1
right_child=1 3 -4 -5 5 -7 -8
leaf_value=0.024378665200474187 -0.018628555134328841 0.15808891259345928 -0.35399514503621954 0.02001114629803313 0.11073865334865279 -0.022448123885197544 -0.0011703912992211943
leaf_weight=116.37337395281543 11.761093644149554 8.808577716579352 0.84109882696429927 7.8971772941143561 6.8121251052990308 164.11889215665624 897.16766151830075
leaf_count=67117 4848 3185 225 2365 1923 89894 84210
internal_value=-8.98618e-05 0.0352714 -0.0410117 0.0928165 -0.000964823 -0.0171402 0.00176312
internal_weight=1213.78 29.3079 12.6022 16.7058 1184.47 170.931 1013.54
internal_count=253767 10623 5073 5550 243144 91817 151327
is_linear=0
shrinkage=0.12


Tree=397
num_leaves=8
num_cat=0
split_feature=19 19 57 51 59 47 7
split_gain=2.46754 5.68494 7.43128 5.39277 5.09769 6.86622 4.60962
threshold=0.27864582836627966 0.28489583730697637 1.5140625238418581 0.046319434419274337 19999991.000000004 0.07846792042255403 9.1577000617980975
decision_type=2 2 2 2 2 2 2
left_child=4 2 -2 -3 6 -6 -1
right_child=1 3 -4 -5 5 -7 -8
leaf_value=0.019360701624069485 -0.060666794284015474 0.031945537799154454 0.011719164934220061 -0.0061962119809283915 -0.2973203596232421 -0.016512809384160793 -0.0014217992973694356
leaf_weight=230.90142060660185 55.725682617527113 62.450739379777417 32.237658399552245 367.4833688702164 1.8647083981409185 3.8279680214170639 459.56748040512173
leaf_count=140293 8841 9797 7653 64253 1176 3568 18186
internal_value=-7.04315e-05 -0.00634273 -0.0341381 -0.000655874 0.00459574 -0.108495 0.00552813
internal_weight=1214.06 517.897 87.9633 429.934 696.162 5.69268 690.469
internal_count=253767 90544 16494 74050 163223 4744 158479
is_linear=0
shrinkage=0.12


Tree=398
num_leaves=8
num_cat=0
split_feature=82 24 88 8 16 65 83
split_gain=2.19442 4.96256 6.70603 5.62007 4.3645 3.55778 3.45623
threshold=1.0000000180025095e-35 2.2041670083999638 0.33602499961853033 14.240553855895998 1.0640814900398257 41.500000000000007 1.0000000180025095e-35
decision_type=2 2 2 2 2 2 2
left_child=4 3 -3 -2 6 -6 -1
right_child=1 2 -4 -5 5 -7 -8
leaf_value=-0.0093066860989624942 0.096268252232656018 -0.020429786677902954 0.10417071976608883 0.0012755136734521352 0.0036760258078149775 -0.015673756692012552 -0.059246597179072345
leaf_weight=54.925221579528412 19.443461379400105 48.947571407486976 7.1254290136453156 16.647419020533562 872.73738404378173 162.27465045688086 31.343894277286367
leaf_count=589 2310 33549 11524 229 125253 79390 923
internal_value=-5.61578e-05 0.0177433 -0.00459628 0.0524515 -0.00151919 0.000642265 -0.0274512
internal_weight=1213.45 92.1639 56.073 36.0909 1121.28 1035.01 86.2691
internal_count=253767 47612 45073 2539 206155 204643 1512
is_linear=0
shrinkage=0.12


Tree=399
num_leaves=8
num_cat=0
split_feature=75 49 62 63 47 5 55
split_gain=2.11703 7.84833 4.58448 3.29416 10.9663 2.28706 0.584012
threshold=11.500000000000002 1.9760416746139529 8.7956910133361834 19999991.000000004 0.07846792042255403 0.97804999351501476 0.16359192878007892
decision_type=2 2 2 2 2 2 2
left_child=3 2 -2 5 -5 -1 -3
right_child=1 6 -4 4 -6 -7 -8
leaf_value=-0.010604353112130444 0.020344447872485332 0.16481857304837699 -0.2317212869135912 -0.39573366873558352 -0.0074715187418202414 0.0023789618606066343 0.26784281780576091
leaf_weight=247.45338063797158 24.484061028945924 1.9478887729612773 1.0850697219448182 1.3136106700242169 5.1719822244087936 928.32794110191003 1.3356014242308445
leaf_count=71052 9454 513 433 833 2603 168656 223
internal_value=-4.01681e-05 0.0320754 0.00964761 -0.000823933 -0.0861113 -0.000353489 0.206725
internal_weight=1211.12 28.8526 25.5691 1182.27 6.48559 1175.78 3.28349
internal_count=253767 10623 9887 243144 3436 239708 736
is_linear=0
shrinkage=0.12


Tree=400
num_leaves=8
num_cat=0
split_feature=55 29 57 41 5 50 0
split_gain=3.29322 4.35071 7.58669 5.85145 3.90531 3.95167 3.22849
threshold=0.083809539675712599 178.07514190673831 13.25624990463257 0.56602942943573009 4.170300006866456 -0.079658024013042436 29.248199462890629
decision_type=2 2 2 2 2 2 2
left_child=1 3 -3 -1 5 -2 -6
right_child=4 2 -4 -5 6 -7 -8
leaf_value=0.017382026614941516 0.071370511545398169 -0.0095356652097903141 -0.21226142302163556 -0.10063166362579275 -0.1200385995949327 -0.0032873436133727158 -0.01058776968805749
leaf_weight=337.53230302116197 10.34615567564674 67.289180175131605 2.7675892128677324 6.1605058134035735 7.4509211034830107 771.26511025599757 8.0994022479534049
leaf_count=66148 2917 17951 602 651 318 165738 343
internal_value=0.00102468 0.00971108 -0.0175443 0.0152667 -0.00348381 -0.0022991 -0.063031
internal_weight=1210.91 413.75 70.0568 343.693 797.162 781.611 15.5503
internal_count=254668 85352 18553 66799 169316 168655 661
is_linear=0
shrinkage=0.12


Tree=401
num_leaves=5
num_cat=0
split_feature=41 47 50 28
split_gain=2.79621 3.01275 5.51203 5.23255
threshold=0.92205202579498302 0.17755996435880664 0.21811801940202716 152.29668426513675
decision_type=2 2 2 2
left_child=1 3 -3 -1
right_child=-2 2 -4 -5
leaf_value=0.0057400100506411079 -0.094777701679085738 -0.026228837258146107 0.004722173371207102 -0.11425299091791294
leaf_weight=860.61198385971375 4.3821958011758388 143.21927320513842 196.58626295423969 5.2651746097183141
leaf_count=172206 464 25985 55328 685
internal_value=0.000904798 0.00125257 -0.00832288 0.00501036
internal_weight=1210.06 1205.68 339.806 865.877
internal_count=254668 254204 81313 172891
is_linear=0
shrinkage=0.12


Tree=402
num_leaves=8
num_cat=0
split_feature=55 51 55 19 7 19 68
split_gain=2.50369 4.27751 7.90266 4.21112 8.7559 7.49349 3.64478
threshold=0.083809539675712599 0.032673623412847526 0.20780384540557864 0.25807291269302374 10.331400394439699 0.24114582687616351 2.5000000000000004
decision_type=2 2 2 2 2 2 2
left_child=3 2 -2 5 -5 -1 -3
right_child=1 6 -4 4 -6 -7 -8
leaf_value=0.001798059379313969 0.17633554992626985 -0.00097641329094931778 -0.023665106858109873 0.017013389095966374 -0.027025052781430206 0.05808752204465055 -0.02499357077190453
leaf_weight=81.557263631222384 5.338735640581147 680.80116234837612 6.0904615712588566 165.35060974154624 107.13727316957517 58.47214564213607 105.02606763994504
leaf_count=19600 2422 140543 1521 47425 2298 16029 24830
internal_value=0.000800553 -0.00312627 0.069758 0.00838978 -0.000301724 0.0253029 -0.00418631
internal_weight=1209.77 797.256 11.4292 412.517 272.488 140.029 785.827
internal_count=254668 169316 3943 85352 49723 35629 165373
is_linear=0
shrinkage=0.12


Tree=403
num_leaves=5
num_cat=0
split_feature=41 0 47 57
split_gain=2.07259 2.404 6.35861 3.23858
threshold=0.92205202579498302 85.573101043701186 0.48150366544723516 1.5140625238418581
decision_type=2 2 2 2
left_child=1 3 -3 -1
right_child=-2 2 -4 -5
leaf_value=-0.0066714397441479814 -0.07964859464032166 0.026370529110101643 -0.1153005782877573 0.0063244750242959493
leaf_weight=586.73997356302243 4.6038186682344522 90.941444548039499 4.8030110975932976 521.58574266907681
leaf_count=107831 464 27845 826 117702
internal_value=0.000713221 0.00102049 0.0192636 -0.000555472
internal_weight=1208.67 1204.07 95.7445 1108.33
internal_count=254668 254204 28671 225533
is_linear=0
shrinkage=0.12


Tree=404
num_leaves=8
num_cat=0
split_feature=55 49 75 88 51 55 54
split_gain=1.96004 4.11042 4.46683 4.05354 3.40285 6.66254 2.97555
threshold=0.083809539675712599 1.8510416746139529 14.500000000000002 0.65021428465843212 0.032673623412847526 0.20780384540557864 -0.13889756053686139
decision_type=2 2 2 2 2 2 2
left_child=1 2 -1 -3 5 -2 -6
right_child=4 3 -4 -5 6 -7 -8
leaf_value=0.0055493332716844588 0.16546011723782697 0.10118838091983107 -0.17937894084005193 -0.011533802156375656 -0.026825858709142406 -0.020786205840825953 -0.0014086588075735919
leaf_weight=388.96827564063182 5.0229878531210925 12.737316774422142 1.8899928787777742 7.1853308661502515 73.125015093388924 6.1550136374462454 713.18697186409941
leaf_count=80878 2422 2476 802 1196 10649 1521 154724
internal_value=0.00063096 0.0073652 0.00465511 0.0605338 -0.0028378 0.0629061 -0.00377239
internal_weight=1208.27 410.781 390.858 19.9226 797.49 11.178 786.312
internal_count=254668 85352 81680 3672 169316 3943 165373
is_linear=0
shrinkage=0.12


Tree=405
num_leaves=8
num_cat=0
split_feature=76 66 78 69 4 76 0
split_gain=3.82538 5.43321 5.09497 4.89005 11.631 6.67515 3.73829
threshold=0.58334457874298107 11.588020801544191 1.0000000180025095e-35 29.500000000000004 239.85500335693362 0.56260374188423168 73.594448089599624
decision_type=2 2 2 2 2 2 2
left_child=3 2 -2 5 -5 -1 -3
right_child=1 6 -4 4 -6 -7 -8
leaf_value=0.0035611840972717547 -0.0016397783854428909 0.0079382527009042927 -0.025099819085924374 -0.46156802153639198 0.037813577352271296 0.048399500766606589 0.1148108282008212
leaf_weight=464.11830317051204 480.75488599925035 10.273667911801569 184.44971654076784 1.0727475686926475 1.7960226257337124 53.301460709456251 8.7077493004899207
leaf_count=130598 81313 6569 24835 192 848 5743 3963
internal_value=-0.000441142 -0.00633846 -0.00814484 0.00731391 -0.148925 0.00818016 0.0569662
internal_weight=1204.47 684.186 665.205 520.289 2.86877 517.42 18.9814
internal_count=254061 116680 106148 137381 1040 136341 10532
is_linear=0
shrinkage=0.12


Tree=406
num_leaves=7
num_cat=0
split_feature=58 44 76 1 69 6
split_gain=3.53544 3.10909 2.6611 0.95981 0.589647 0.374696
threshold=11.418222427368166 19999987.000000004 0.05331974849104882 16.801899909973148 1.5000000000000002 9.3642501831054705
decision_type=2 2 2 2 2 2
left_child=1 2 -1 5 -3 -2
right_child=3 4 -4 -5 -6 -7
leaf_value=0.079702590419739761 0.11757154670578482 0.22170872509537751 -0.0013997868124995428 0.049831774352005455 0.092530090739953538 0.21899346151752952
leaf_weight=5.8544232181689031 1.0417812990276614 0.85295290657086242 1192.3692822210364 1.8360200778115539 1.2612029989184064 1.0564792758086694
leaf_count=9943 600 19 242716 39 732 12
internal_value=-0.000374754 -0.000746993 -0.00100353 0.113194 0.144647 0.168638
internal_weight=1204.27 1200.34 1198.22 3.93428 2.11416 2.09826
internal_count=254061 253410 252659 651 751 612
is_linear=0
shrinkage=0.12


Tree=407
num_leaves=8
num_cat=0
split_feature=90 90 15 24 8 88 88
split_gain=2.93948 6.62268 21.6759 6.59676 5.54877 18.4028 15.4639
threshold=0.007114285835996271 0.10505714267492296 0.13063850253820422 0.52394732832908641 11.129806995391847 0.33602499961853033 0.39327499270439154
decision_type=2 2 2 2 2 2 2
left_child=4 2 -2 -3 5 -1 -6
right_child=1 3 -4 -5 6 -7 -8
leaf_value=-0.035112644840785377 -0.27152785038961469 -0.14009623751194808 0.0096648253080006859 -0.0032665809012445411 0.035030600070785525 0.032269027967257072 -0.008469315800241765
leaf_weight=156.30831403434064 5.7429569301336896 5.1304968710109611 12.627458566497806 459.05584188778749 223.97792509211226 93.148868227988714 247.9641019371289
leaf_count=87711 68 410 2230 91761 11323 53867 6691
internal_value=-0.000325774 -0.00757556 -0.0782416 -0.00477891 0.00452374 -0.00995191 0.0121752
internal_weight=1203.96 482.557 18.3704 464.186 721.399 249.457 471.942
internal_count=254061 94469 2298 92171 159592 141578 18014
is_linear=0
shrinkage=0.12


Tree=408
num_leaves=8
num_cat=0
split_feature=76 58 49 54 29 77 18
split_gain=3.07604 5.04821 8.14795 4.77211 4.69415 6.19182 4.94103
threshold=0.58334457874298107 0.16835638880729678 1.6739583015441897 -0.18294378370046613 -1.8126573562622068 1.0000000180025095e-35 1.5000000000000002
decision_type=2 2 2 2 2 2 2
left_child=1 3 -3 -1 5 -2 -6
right_child=4 2 -4 -5 6 -7 -8
leaf_value=-0.036783319378731395 -0.12072700033566212 -0.0061296655285566857 -0.12332139117566084 0.014228532151247754 -0.0036554628777131083 0.045836950049698968 -0.032824111611131752
leaf_weight=28.146709215247085 3.4933952515100364 52.165545498137135 10.216230819140092 427.421167340441 540.58259500163319 40.154671528856852 98.931759581728215
leaf_count=4885 4606 13718 2171 116607 84712 4631 22731
internal_value=-0.000281403 0.00669295 -0.0253221 0.0110768 -0.00556911 0.0325059 -0.0081678
internal_weight=1201.11 517.95 62.3818 455.568 683.162 43.6481 639.514
internal_count=254061 137381 15889 121492 116680 9237 107443
is_linear=0
shrinkage=0.12


Tree=409
num_leaves=7
num_cat=0
split_feature=44 90 50 70 69 6
split_gain=2.55351 2.23821 6.93695 4.22206 0.519811 0.15693
threshold=19999987.000000004 0.007114285835996271 0.078198391944170012 11.500000000000002 1.5000000000000002 8.7394499778747576
decision_type=2 2 2 2 2 2
left_child=1 3 -3 -1 -2 -6
right_child=4 2 -4 -5 5 -7
leaf_value=0.0097599987879819217 0.21229084749031321 0.019066405626881028 -0.014824700380945638 -0.010406349872057198 0.12285282121058053 0.033685977379115363
leaf_weight=504.29727337345867 0.78467289467516721 113.95463195256053 367.23508833836769 212.4885054538214 0.6899360416539364 0.48334305244497955
leaf_count=39386 19 13799 80293 119832 685 47
internal_value=-0.000244274 -0.000468068 -0.00679866 0.00378176 0.136684 0.0861197
internal_weight=1199.93 1197.98 481.19 716.786 1.95795 1.17328
internal_count=254061 253310 94092 159218 751 732
is_linear=0
shrinkage=0.12


Tree=410
num_leaves=8
num_cat=0
split_feature=75 62 9 89 16 11 58
split_gain=2.79289 7.63741 3.55124 2.59642 14.0909 3.09214 0.739639
threshold=13.500000000000002 1.5729451775550845 1.0000000180025095e-35 1.0000000180025095e-35 1.707553029060364 1.0000000180025095e-35 -0.43275173008441919
decision_type=2 2 2 2 2 2 2
left_child=3 2 -2 5 -5 -1 -3
right_child=1 6 -4 4 -6 -7 -8
leaf_value=-0.012074644627354742 0.15065650688414184 -0.080372648993906518 -0.028538981948254463 -0.048573904852964866 0.037094361458582747 0.0022200586345952761 -0.22734478356339466
leaf_weight=308.12908625714522 6.8018362718244116 1.0075660448856067 2.0793812878036988 37.165223792705376 107.96411744076244 744.20154192031055 0.96562360120151325
leaf_count=92057 3788 134 420 428 25348 131671 471
internal_value=0.000658859 0.061255 0.108701 0.000109583 0.0151561 -0.00196552 -0.152297
internal_weight=1208.31 10.8544 8.88122 1197.46 145.129 1052.33 1.97319
internal_count=254317 4813 4208 249504 25776 223728 605
is_linear=0
shrinkage=0.12


Tree=411
num_leaves=8
num_cat=0
split_feature=75 49 62 63 47 0 49
split_gain=2.29413 6.73922 3.27412 2.79469 5.07373 4.72537 1.96569
threshold=13.500000000000002 1.3132812380790713 -0.41072280704975123 19999991.000000004 0.07846792042255403 4.8282001018524179 2.0578125715255742
decision_type=2 2 2 2 2 2 2
left_child=3 2 -2 5 -5 -1 -3
right_child=1 6 -4 4 -6 -7 -8
leaf_value=0.04901361353488648 0.11151657671736533 0.08015229302014773 -0.1640370683874576 -0.25388416504385874 -0.014490176068033031 -0.00064931347642947508 0.21741131261681335
leaf_weight=28.260305674835763 0.85026220663485252 5.1117339840245108 2.3021783039740153 1.7372269145866983 4.7900122038752215 1161.1358563254269 2.1278498825959105
leaf_count=25797 1145 2515 899 960 3016 219731 254
internal_value=0.000588774 0.0567273 -0.089716 0.000100956 -0.078205 0.000530688 0.120495
internal_weight=1206.32 10.392 3.15244 1195.92 6.52724 1189.4 7.23958
internal_count=254317 4813 2044 249504 3976 245528 2769
is_linear=0
shrinkage=0.12


Tree=412
num_leaves=8
num_cat=0
split_feature=65 76 47 49 47 22 8
split_gain=2.45684 9.47004 9.21726 5.69619 7.44796 5.05012 4.42608
threshold=35.500000000000007 0.45293934643268591 0.29379001259803778 1.0385416746139529 0.27186265587806707 1.4692833423614504 12.352274417877199
decision_type=2 2 2 2 2 2 2
left_child=1 2 -1 4 -2 -3 -5
right_child=3 5 -4 6 -6 -7 -8
leaf_value=0.062076485004206379 -0.04060582645956605 -0.017499905329849508 -0.042762689819765227 0.010797448473732294 0.046778342130732321 0.0087307311669678825 -0.011118881784785395
leaf_weight=68.76546987377958 100.83200730312399 160.30153415665421 14.64818788441937 290.37050465331504 16.318503579409935 310.25885130943328 244.35875444667386
leaf_count=9922 26776 15515 1441 113576 4713 77099 5275
internal_value=0.00052502 0.00640075 0.0436658 -0.00446823 -0.0284336 -0.000205022 0.000782199
internal_weight=1205.85 553.974 83.4137 651.88 117.151 470.56 534.729
internal_count=254317 103977 11363 150340 31489 92614 118851
is_linear=0
shrinkage=0.12


Tree=413
num_leaves=8
num_cat=0
split_feature=57 74 66 57 55 65 36
split_gain=2.43689 2.53171 3.93975 2.4418 4.06093 2.30652 1.50309
threshold=15.784375190734865 53.500000000000007 10.869270801544191 14.118750095367433 0.07991861924529077 35.500000000000007 5.2616722583770761
decision_type=2 2 2 2 2 2 2
left_child=3 6 -3 5 -5 -1 -2
right_child=1 2 -4 4 -6 -7 -8
leaf_value=0.0060752285399069536 0.0041668075634905023 -0.2845907536433257 0.11130162778848018 -0.18661278022755393 0.0012911663841720649 -0.0045397081431572343 0.1053860240989152
leaf_weight=546.88033974120867 2.978022827191948 0.74975562834137466 0.69985620702482265 2.6845749797175804 4.3236024416216878 639.42561913880081 7.2699182615772315
leaf_count=103655 395 251 1907 548 1123 143129 3309
internal_value=0.000470786 0.0549755 -0.0934584 -6.35006e-05 -0.0706879 0.000353718 0.075972
internal_weight=1205.01 11.6976 1.44961 1193.31 7.00818 1186.31 10.2479
internal_count=254317 5862 2158 248455 1671 246784 3704
is_linear=0
shrinkage=0.12


Tree=414
num_leaves=7
num_cat=0
split_feature=76 69 76 66 57 76
split_gain=2.07586 5.76785 2.48163 24.4484 2.69548 7.72703e-06
threshold=0.05331974849104882 16.500000000000004 0.085471447557210936 11.633593559265138 21.300000190734867 0.011065009981393816
decision_type=2 2 2 2 2 2
left_child=1 5 3 -2 -4 -1
right_child=2 -3 4 -5 -6 -7
leaf_value=0.12055810738815315 0.011271395702766281 -0.27359536850589056 0.00022583613170356132 -0.7484099018278012 0.1326660666329017 0.12020436273118493
leaf_weight=1.1918221160381097 5.2230425087439007 0.604256580256333 1191.1984388033475 0.69069788756860351 2.2169997341825356 3.5018182745852755
leaf_count=923 5244 306 236358 1793 924 8769
internal_value=0.000418701 0.0753687 8.76174e-05 -0.0774559 0.000471869 0.120294
internal_weight=1204.63 5.2979 1199.33 5.91374 1193.42 4.69364
internal_count=254317 9998 244319 7037 237282 9692
is_linear=0
shrinkage=0.12


Tree=415
num_leaves=8
num_cat=0
split_feature=22 0 20 65 22 23 47
split_gain=2.80735 8.08871 7.61771 4.57056 4.05328 4.18668 1.76657
threshold=0.24310000240802768 31.393300056457523 34.731634140014656 20.500000000000004 0.33370833098888403 0.14616250246763232 0.08318419381976129
decision_type=2 2 2 2 2 2 2
left_child=1 2 -1 -3 6 -6 -2
right_child=4 3 -4 -5 5 -7 -8
leaf_value=-0.022267614075372175 0.013981226833328779 -0.051468755461808124 -0.13116612872749311 0.035164578306697801 -0.024691615095966332 0.0027376263594081503 0.13664142057800727
leaf_weight=26.562664096834489 2.7006483932818801 11.759380931596153 14.19226295391511 34.486882371478558 86.95947320268715 1020.5834178934981 4.5215836805805338
leaf_count=1051 310 392 306 872 1782 249030 722
internal_value=-0.000451964 -0.021213 -0.0601898 0.0131357 0.00116832 0.000584001 0.0907744
internal_weight=1201.77 87.0012 40.7549 46.2463 1114.77 1107.54 7.22223
internal_count=254465 2621 1357 1264 251844 250812 1032
is_linear=0
shrinkage=0.12


Tree=416
num_leaves=8
num_cat=0
split_feature=29 77 28 50 88 22 50
split_gain=2.5678 9.8001 26.2636 7.54498 5.70184 5.77728 4.19286
threshold=6.1685874462127694 1.0000000180025095e-35 66.492126464843764 0.071427594870328917 1.0863142609596255 1.4516833424568178 0.061144301667809493
decision_type=2 2 2 2 2 2 2
left_child=1 2 -1 -3 6 -6 -2
right_child=4 3 -4 -5 5 -7 -8
leaf_value=0.010715585920805818 0.025054334423607938 0.0037405204562703858 -0.086752240663057326 0.090816863219241997 -0.11908030022294841 -0.0040332965919024294 0.0010024498427079009
leaf_weight=97.387129908651502 120.52579052932788 93.949989067166825 67.335830235409219 16.907907470228452 10.959891312392019 14.737013319636445 778.61251830053402
leaf_count=5075 18163 11558 9891 2643 1812 3028 202295
internal_value=-0.000395997 -0.0105632 -0.0291275 0.0170213 0.00263362 -0.0531016 0.00422651
internal_weight=1200.42 275.581 164.723 110.858 924.835 25.6969 899.138
internal_count=254465 29167 14966 14201 225298 4840 220458
is_linear=0
shrinkage=0.12


Tree=417
num_leaves=8
num_cat=0
split_feature=84 8 77 17 16 0 57
split_gain=2.31149 44.5995 25.8277 5.28905 30.6308 14.0389 0.61055
threshold=10.000000000000002 12.766571998596193 1.0000000180025095e-35 1.0000000180025095e-35 3.5518410205841069 56.381500244140632 1.0000000180025095e-35
decision_type=2 2 2 2 2 2 2
left_child=3 2 -2 4 -1 -5 -3
right_child=1 6 -4 5 -6 -7 -8
leaf_value=-0.053937805018605983 0.06785815430349959 -0.1134862811931427 -0.048024242717421416 -0.0012674647367770268 0.03181140084387285 0.039436596659344368 -0.14443104621802258
leaf_weight=128.54561142343704 70.495080581819025 17.909330965623553 45.617895232903038 651.99771312431187 112.47540914497796 150.1092235393595 18.839858602230606
leaf_count=1225 18280 230 6375 180666 36879 10438 372
internal_value=-0.000353412 -0.0141345 0.0223308 0.00166609 -0.0139219 0.00635004 -0.12935
internal_weight=1195.99 152.862 116.113 1043.13 241.021 802.107 36.7492
internal_count=254465 25257 24655 229208 38104 191104 602
is_linear=0
shrinkage=0.12


Tree=418
num_leaves=8
num_cat=0
split_feature=2 45 22 53 81 15 10
split_gain=2.4239 5.20624 9.02113 6.78165 4.83416 26.8077 7.60496
threshold=237.45500183105472 0.93281248211860668 2.1875333786010747 2.9828125238418584 1.0000000180025095e-35 0.74325001239776622 2.5000000000000004
decision_type=2 2 2 2 2 2 2
left_child=1 3 -3 -1 6 -6 -2
right_child=4 2 -4 -5 5 -7 -8
leaf_value=-0.00072055954778096399 0.016754286077453193 -0.011245081391405894 -0.10953018821288968 -0.21212750736331748 -0.07333708178522394 0.078830679649703694 -0.017200723748452381
leaf_weight=504.59165985128379 413.38606719853124 52.490391801020621 18.079565177263362 2.1945430002787694 50.851134746272692 24.803449270147212 123.31961751450126
leaf_count=78009 125383 7151 2809 409 629 15519 24556
internal_value=-0.000310013 -0.00588827 -0.0364251 -0.00163602 0.00494938 -0.0234487 0.0089524
internal_weight=1189.72 577.356 70.57 506.786 612.36 75.6546 536.706
internal_count=254465 88378 9960 78418 166087 16148 149939
is_linear=0
shrinkage=0.12


Tree=419
num_leaves=8
num_cat=0
split_feature=22 66 50 22 85 71 45
split_gain=2.36205 7.54387 5.69727 5.63566 4.68361 3.27125 3.11336
threshold=1.4692833423614504 11.32864570617676 -0.005775775993242859 1.4858042001724245 0.37500000000000006 63.500000000000007 0.94895833730697643
decision_type=2 2 2 2 2 2 2
left_child=1 2 -1 6 -5 -3 -2
right_child=3 5 -4 4 -6 -7 -8
leaf_value=-0.035318657510171561 0.060107863002558916 0.11798256173244948 -0.0026552928068122993 0.012856647261183053 -0.0058869546280518005 0.024545936926694354 0.24606311422611971
leaf_weight=106.22056787060541 4.015833966441277 8.5029896105804728 278.54401985480007 354.84560671977994 418.23850254526218 14.764642375812512 1.9146512782299394
leaf_count=11275 843 1886 25135 94940 116490 3750 146
internal_value=-0.000263751 -0.0076601 -0.0116725 0.00361031 0.00271636 0.0586917 0.120143
internal_weight=1187.05 408.032 384.765 779.015 773.084 23.2676 5.93049
internal_count=254465 42046 36410 212419 211430 5636 989
is_linear=0
shrinkage=0.12


Tree=420
num_leaves=8
num_cat=0
split_feature=0 34 21 49 50 77 75
split_gain=3.20054 5.25649 8.62746 5.89897 3.66605 9.95703 6.16315
threshold=5.0889501571655282 1.0636571049690249 0.42187500000000006 0.99479165673255932 0.21997474879026416 1.0000000180025095e-35 1.5000000000000002
decision_type=2 2 2 2 2 2 2
left_child=1 3 -3 -1 6 -6 -2
right_child=4 2 -4 -5 5 -7 -8
leaf_value=-0.22407125156276658 0.0048882591499189451 0.11274351287350916 -0.083068668381077335 0.010225308928744119 0.019754924458964207 -0.01647285186670985 -0.019168018107764515
leaf_weight=1.7165502371095183 365.59866247824311 17.285536753908904 3.9876335118539705 15.70483844082173 351.21289779299076 158.5713916115638 264.17111054449015
leaf_count=3608 54466 5239 360 22913 102718 25538 39568
internal_value=0.00207351 0.0360139 0.0760387 -0.0128602 0.000921032 0.00848606 -0.00520269
internal_weight=1178.25 38.6946 21.2732 17.4214 1139.55 509.784 629.77
internal_count=254410 32120 5599 26521 222290 128256 94034
is_linear=0
shrinkage=0.12


Tree=421
num_leaves=7
num_cat=0
split_feature=76 23 46 0 55 66
split_gain=2.73211 2.4121 6.45673 2.64716 0.000769729 4.6205e-05
threshold=0.020316486246883873 0.14616250246763232 0.51139622926712047 13.029899597167971 0.39955714344978338 11.894791603088381
decision_type=2 2 2 2 2 2
left_child=4 2 -2 -3 5 -1
right_child=1 3 -4 -5 -6 -7
leaf_value=0.12037346683625812 -0.03972963140758267 0.019579948204808031 0.029809147823609591 0.00097757652498302924 0.12631482410412673 0.1218820235119172
leaf_weight=2.0070359532348903 60.155283653020092 124.40694053969514 28.260213616555689 961.59512274658277 0.39559744367579686 0.34221773860190285
leaf_count=2643 1261 67109 570 182481 228 118
internal_value=0.00183633 0.00155684 -0.017503 0.00310857 0.121418 0.120593
internal_weight=1177.16 1174.42 88.4155 1086 2.74485 2.34925
internal_count=254410 251421 1831 249590 2989 2761
is_linear=0
shrinkage=0.12


Tree=422
num_leaves=7
num_cat=0
split_feature=76 19 84 22 55 71
split_gain=2.42795 1.98609 6.56473 2.30389 0.00054509 3.17645e-05
threshold=0.020316486246883873 0.47187499701976782 1.0000000180025095e-35 -1.0000000180025095e-35 0.39955714344978338 182.50000000000003
decision_type=2 2 2 2 2 2
left_child=4 3 -3 -2 5 -1
right_child=1 2 -4 -5 -6 -7
leaf_value=0.12036065610219203 -0.046309495453227927 -0.040518802932080981 0.082746744088772944 0.0030116513071423989 0.12562820058857199 0.12184615979600306
leaf_weight=1.8512615678976088 13.807939259729663 41.914113322063486 7.3059673692896459 1109.7791126032785 0.35266366190080578 0.23341429046558904
leaf_count=2619 620 3395 1352 246054 228 142
internal_value=0.00162062 0.00137198 -0.0222219 0.00240554 0.121265 0.120527
internal_weight=1175.24 1172.81 49.2201 1123.59 2.43734 2.08468
internal_count=254410 251421 4747 246674 2989 2761
is_linear=0
shrinkage=0.12


Tree=423
num_leaves=8
num_cat=0
split_feature=46 46 77 2 41 16 69
split_gain=2.29634 5.55161 4.78414 9.96023 6.04497 3.64117 3.6146
threshold=0.37185744941234594 0.36831817030906683 1.0000000180025095e-35 451.14500427246099 0.17119563370943072 1.5254150032997134 5.5000000000000009
decision_type=2 2 2 2 2 2 2
left_child=1 5 4 -4 -2 -1 -3
right_child=2 6 3 -5 -6 -7 -8
leaf_value=-0.027347673134396365 0.0090075275868560945 0.076164527890745667 -0.0026556986286722819 -0.13697993962048549 0.054589374432700628 0.0012261742539092073 -0.12823384218447345
leaf_weight=72.535181564776053 310.93167632265346 1.4829057732984248 164.4161485307348 8.353045454974561 48.420317173444801 560.16145141202037 7.7936398100336817
leaf_count=1225 109131 235 31983 100 12746 97260 1730
internal_value=0.00143076 -0.00340088 0.00725985 -0.00915001 0.0151494 -0.00204966 -0.0955597
internal_weight=1174.09 641.973 532.121 172.769 359.352 632.697 9.27655
internal_count=254410 100450 153960 32083 121877 98485 1965
is_linear=0
shrinkage=0.12


Tree=424
num_leaves=7
num_cat=0
split_feature=76 24 82 46 55 66
split_gain=2.14575 1.92811 5.09604 2.14879 0.000375628 2.20724e-05
threshold=0.020316486246883873 0.81030231714248668 1.0000000180025095e-35 0.37185744941234594 0.39955714344978338 11.894791603088381
decision_type=2 2 2 2 2 2
left_child=4 2 -2 -3 5 -1
right_child=1 3 -4 -5 -6 -7
leaf_value=0.12029215074940751 -0.027087227385513727 -0.0019856926893611457 0.035937267807143999 0.00897003579713802 0.12496942428354783 0.12147054276963151
leaf_weight=1.5670692672374564 88.555860740790422 612.53634494229789 23.344918004033389 445.13559193977596 0.31178055190594012 0.26804505554173363
leaf_count=2643 1579 99888 476 149478 228 118
internal_value=0.00126039 0.00104037 -0.013939 0.00262517 0.121119 0.120464
internal_weight=1171.72 1169.57 111.901 1057.67 2.14689 1.83511
internal_count=254410 251421 2055 249366 2989 2761
is_linear=0
shrinkage=0.12


Tree=425
num_leaves=6
num_cat=0
split_feature=24 0 19 41 13
split_gain=3.31587 3.20535 4.18228 3.0277 2.80254
threshold=0.52394732832908641 119.5795021057129 0.26614584028720861 0.32337984442710882 0.81620001792907726
decision_type=2 2 2 2 2
left_child=4 3 -3 -2 -1
right_child=1 2 -4 -5 -6
leaf_value=0.0079276835424627896 0.0027365325698082157 -0.15453905040759777 0.054260375467334782 -0.020314485650899022 -0.049704508302746551
leaf_weight=18.453289905181464 1027.5342459530484 4.1704164332350038 2.0655866216520735 89.173996771591874 35.571838614517219
leaf_count=484 239306 439 547 13036 579
internal_value=-0.000980352 0.000416712 -0.0853772 0.000895809 -0.0300192
internal_weight=1176.97 1122.94 6.236 1116.71 54.0251
internal_count=254391 253328 986 252342 1063
is_linear=0
shrinkage=0.12


Tree=426
num_leaves=8
num_cat=0
split_feature=54 54 7 24 45 46 31
split_gain=2.79439 7.82346 14.324 4.88811 3.56284 12.2728 4.69556
threshold=0.19896265119314197 0.20098498463630679 8.7608499526977557 3.9743666648864751 0.89531251788139354 0.22314354777336123 1.1333333253860476
decision_type=2 2 2 2 2 2 2
left_child=4 2 -2 -3 6 -6 -1
right_child=1 3 -4 -5 5 -7 -8
leaf_value=0.0075469353507743083 -0.45376622735051581 -0.012007617269252679 -0.056073753241549208 0.026139082536167643 -0.041617506843411908 0.027723145013249146 -0.19595142523950443
leaf_weight=646.1886783368127 1.4522792556144271 304.92459405978281 12.78720780741787 57.49161535017015 90.220311049562952 62.025761760488876 1.6369159164132714
leaf_count=124194 2546 12181 401 88554 10345 16106 64
internal_value=-0.0008616 -0.00938433 -0.0966342 -0.00595625 0.00315071 -0.0133678 0.00703274
internal_weight=1176.73 376.656 14.2395 362.416 800.072 152.246 647.826
internal_count=254391 103682 2947 100735 150709 26451 124258
is_linear=0
shrinkage=0.12


Tree=427
num_leaves=8
num_cat=0
split_feature=74 85 47 16 77 58 2
split_gain=2.63666 8.39689 9.985 2.60377 4.58836 3.13589 0.00178473
threshold=59.500000000000007 0.37500000000000006 0.1544177904725075 1.0640814900398257 1.0000000180025095e-35 -1.9227728247642515 314.13000488281256
decision_type=2 2 2 2 2 2 2
left_child=3 2 -2 4 -1 -5 -3
right_child=1 6 -4 5 -6 -7 -8
leaf_value=-0.0047547987832088435 -0.91784132751068226 0.10840414609947564 -0.0073325165634436171 0.0093785635495722882 -0.063901851477105684 -0.0039511140113942037 0.12216533341752751
leaf_weight=81.409560010504379 0.34728087035358501 0.17951368341255147 0.34646886257593223 416.32003546646831 24.591745329273294 652.42645238994794 0.55621558753227873
leaf_count=1607 628 438 521 98791 390 151222 794
internal_value=-0.000736071 -0.163611 -0.46312 -0.000537878 -0.0184766 0.00124134 0.118808
internal_weight=1176.18 1.42948 0.69375 1174.75 106.001 1068.75 0.735729
internal_count=254391 2381 1149 252010 1997 250013 1232
is_linear=0
shrinkage=0.12


Tree=428
num_leaves=8
num_cat=0
split_feature=24 45 2 55 15 15 76
split_gain=2.51171 5.02556 12.8931 4.28033 3.89481 3.1608 0.755533
threshold=14.218547821044924 0.32604165375232702 169.30500030517581 0.39955714344978338 12.274170875549318 12.122608184814455 0.92677792906761181
decision_type=2 2 2 2 2 2 2
left_child=4 2 -2 -3 5 -1 -6
right_child=1 3 -4 -5 6 -7 -8
leaf_value=4.8784001635146912e-05 -0.033509057363191978 0.013597105409192014 -0.49808020159866229 -0.20505141525861612 0.11857430539941911 -0.092004187570838489 -0.095684905533282072
leaf_weight=1147.3755732498471 3.2623688678934313 12.390738709015293 1.1682852506139623 1.4390092034427642 4.5885240212987801 5.3966159844476342 0.24990090018764011
leaf_count=231535 350 7607 3655 410 5846 4911 77
internal_value=-0.000627773 -0.0447861 -0.156008 -0.00915365 6.87896e-05 -0.000382155 0.107508
internal_weight=1175.87 18.2604 4.43065 13.8297 1157.61 1152.77 4.83842
internal_count=254391 12022 4005 8017 242369 236446 5923
is_linear=0
shrinkage=0.12


Tree=429
num_leaves=6
num_cat=0
split_feature=0 19 32 32 47
split_gain=2.43655 3.18818 2.37764 2.83164 1.07386
threshold=119.5795021057129 0.26614584028720861 158.59754943847659 152.29668426513675 0.10917596518993379
decision_type=2 2 2 2 2
left_child=2 -2 3 -1 -4
right_child=1 -3 4 -5 -6
leaf_value=-7.9552209958229676e-05 -0.1346424606449175 0.049636650936229786 0.023728232870769698 -0.094323294736339935 0.1482746271448859
leaf_weight=1161.5058353733864 4.2145590483305559 1.9903974002518223 1.8200634713143689 4.6090951279620631 2.2041836171276827
leaf_count=252312 439 547 354 426 313
internal_value=-0.000531984 -0.0755303 -0.000134287 -0.000452053 0.0919455
internal_weight=1176.34 6.20496 1170.14 1166.11 4.02425
internal_count=254391 986 253405 252738 667
is_linear=0
shrinkage=0.12


Tree=430
num_leaves=8
num_cat=0
split_feature=22 22 46 22 72 23 72
split_gain=3.15608 8.65115 16.7629 5.24866 4.27155 7.65215 7.62962
threshold=2.4440749883651738 2.4716167449951176 0.22314354777336123 2.4977333545684819 27.513542175292972 7.8014581203460702 25.32656288146973
decision_type=2 2 2 2 2 2 2
left_child=4 2 -2 -3 6 -6 -1
right_child=1 3 -4 -5 5 -7 -8
leaf_value=0.0060216661892735605 -0.52992368848647742 0.10809345895995356 -0.055607548945041503 -0.0072096925385949787 -0.014484187374561442 -0.24041068235701746 0.085241453943531206
leaf_weight=636.96809941599258 1.2795458181372072 5.7624989046189503 6.6448719833505692 422.59710361170249 83.019997007010488 2.2164309227764525 18.001185950971262
leaf_count=90009 130 2015 1909 138881 16810 602 3709
internal_value=0.000138762 -0.00795691 -0.132195 -0.00565858 0.00491043 -0.020359 0.00819894
internal_weight=1176.49 436.284 7.92442 428.36 740.206 85.2364 654.969
internal_count=254065 142935 2039 140896 111130 17412 93718
is_linear=0
shrinkage=0.12


Tree=431
num_leaves=8
num_cat=0
split_feature=76 76 0 11 0 2 10
split_gain=3.03907 10.209 10.0869 12.6525 7.76321 5.65692 3.87007
threshold=0.94775661826133739 0.93362125754356395 58.658550262451179 1.5000000000000002 26.348500251770023 172.24500274658206 2.5000000000000004
decision_type=2 2 2 2 2 2 2
left_child=1 6 5 -4 -3 -2 -1
right_child=2 4 3 -5 -6 -7 -8
leaf_value=0.0037168410130391551 -0.085804848763070624 -0.2859763074302345 0.079779727281366133 -0.048558593958069475 -0.058296005271860914 0.0065743135078000729 -0.013928444603950567
leaf_weight=822.80736975391187 14.711190288675537 2.4444709075979203 48.074091032742103 14.367898470928592 18.306925447957781 27.183552793091621 228.74832716371361
leaf_count=196861 1187 169 4086 4092 3808 3506 40356
internal_value=0.00013592 -0.00176642 0.019687 0.0502491 -0.0851163 -0.0258643 -0.000121595
internal_weight=1176.64 1072.31 104.337 62.442 20.7514 41.8947 1051.56
internal_count=254065 241194 12871 8178 3977 4693 237217
is_linear=0
shrinkage=0.12


Tree=432
num_leaves=8
num_cat=0
split_feature=1 82 57 19 76 63 34
split_gain=2.74145 4.81104 4.91159 2.9437 5.65049 4.17335 1.29945
threshold=21.230599403381351 1.0000000180025095e-35 0.45703125000000006 0.21770833432674411 0.32615825533866888 -1.0000000180025095e-35 0.96790000796318065
decision_type=2 2 2 2 2 2 2
left_child=3 2 -2 4 -1 -5 -3
right_child=1 6 -4 5 -6 -7 -8
leaf_value=0.12651599368594391 -0.066566454054063889 0.098855371140362358 -0.0072814588457361714 -0.043233294292649403 0.014151084687715264 0.001602732511577939 0.013940303254561604
leaf_weight=7.1813850307701435 31.014709769319268 5.4192538675756605 57.302318470674663 30.839147187272374 62.802330395569442 976.03797843843722 4.9796591087797992
leaf_count=5194 3789 420 1454 4531 15957 222492 228
internal_value=0.000129033 -0.0190105 -0.0281009 0.00188356 0.0256814 0.000229472 0.0581927
internal_weight=1175.58 98.7159 88.317 1076.86 69.9837 1006.88 10.3989
internal_count=254065 5891 5243 248174 21151 227023 648
is_linear=0
shrinkage=0.12


Tree=433
num_leaves=8
num_cat=0
split_feature=29 29 85 63 49 63 13
split_gain=2.69438 8.75537 6.50454 4.16378 2.80336 7.87814 3.67997
threshold=211.71791839599612 213.22425079345706 0.62500000000000011 -1.0942116379737852 1.6739583015441897 0.11285811662673952 0.2902000099420548
decision_type=2 2 2 2 2 2 2
left_child=4 2 -2 -3 6 -6 -1
right_child=1 3 -4 -5 5 -7 -8
leaf_value=-0.066587767389013036 -0.31966695629088737 -0.15249013304391315 0.030208984765516596 -0.0075133398553463319 0.016941520730781059 -0.03471095552982225 0.0060961870990278357
leaf_weight=10.152575062583081 2.3050707952098146 2.9075050127939894 1.1453512798266272 151.29498667456954 76.993697000404168 94.969517495709951 835.25971450693771
leaf_count=673 484 637 536 42966 11792 20033 176944
internal_value=0.000120353 -0.0144771 -0.203527 -0.0102469 0.00238237 -0.0115844 0.00522332
internal_weight=1175.03 157.653 3.45042 154.202 1017.38 171.963 845.412
internal_count=254065 44623 1020 43603 209442 31825 177617
is_linear=0
shrinkage=0.12


Tree=434
num_leaves=7
num_cat=0
split_feature=23 57 47 76 76 0
split_gain=2.37659 4.142 3.70418 2.7606 8.12022 7.53254
threshold=0.14616250246763232 4.4390625953674325 0.17899069190025332 0.94775661826133739 0.93030694127082836 58.658550262451179
decision_type=2 2 2 2 2 2
left_child=1 2 -1 4 -2 -5
right_child=3 -3 -4 5 -6 -7
leaf_value=0.01678821138708371 0.001573860772050379 -0.056976991886633306 -0.048209234639814649 -0.019336431715216557 -0.065567247601095224 0.048245253422908294
leaf_weight=45.075413846732921 958.89096646463508 27.946779376598329 17.538526482616554 39.961729621168388 26.660173015095666 58.537644225390864
leaf_count=857 234413 568 427 4660 4979 8161
internal_value=0.000111923 -0.0185633 -0.00141795 0.00167204 -0.000242375 0.020827
internal_weight=1174.61 90.5607 62.6139 1084.05 985.551 98.4994
internal_count=254065 1852 1284 252213 239392 12821
is_linear=0
shrinkage=0.12


Tree=435
num_leaves=7
num_cat=0
split_feature=16 29 90 41 53 49
split_gain=2.9915 4.17509 3.10942 2.42251 6.67621 5.91171
threshold=1.0640814900398257 83.783161163330092 0.0027571428800001745 0.10394232347607614 2.2713540792465214 1.3010416626930239
decision_type=2 2 2 2 2 2
left_child=1 -1 -3 4 -2 -5
right_child=3 2 -4 5 -6 -7
leaf_value=-0.061370437023053247 0.0015946441117775558 0.008900760176724011 -0.043920141983394147 0.015558892633368229 0.033971046361682807 -0.013095852019560726
leaf_weight=24.889127714512895 470.28416902716731 59.927949757146607 21.917809216847957 154.52279383715592 113.93297911139928 315.07996988747078
leaf_count=448 140537 909 625 23188 29964 58569
internal_value=0.000811367 -0.0183322 -0.00524436 0.0027503 0.00790863 -0.00366701
internal_weight=1160.55 106.735 81.8458 1053.82 584.217 469.603
internal_count=254240 1982 1534 252258 170501 81757
is_linear=0
shrinkage=0.12


Tree=436
num_leaves=7
num_cat=0
split_feature=16 53 47 58 1 69
split_gain=2.33042 3.46456 4.5345 2.66108 5.5155 2.16332
threshold=1.0640814900398257 1.6385416984558108 0.089819058775901808 7.8455524444580087 18.892450332641605 1.5000000000000002
decision_type=2 2 2 2 2 2
left_child=1 -1 -3 5 -5 -2
right_child=3 2 -4 4 -6 -7
leaf_value=-0.064012520098337175 -0.018189097119010702 -0.051591933936271109 0.010005178080309308 0.077678051749153723 -0.034682169589295195 0.0029806427446927397
leaf_weight=18.118691840702198 74.998658782322423 23.454112656371805 64.638632322650665 18.280633351383589 9.5919994201599348 949.9340986895146
leaf_count=296 2599 470 1216 3515 188 245956
internal_value=0.00071737 -0.0162237 -0.00639465 0.00242646 0.0390108 0.00143156
internal_weight=1159.02 106.211 88.0927 1052.81 27.8726 1024.93
internal_count=254240 1982 1686 252258 3703 248555
is_linear=0
shrinkage=0.12


Tree=437
num_leaves=6
num_cat=0
split_feature=29 22 0 69 71
split_gain=2.10244 2.05542 10.3298 4.86692 0.125389
threshold=-92.406421661376939 0.24310000240802768 76.923751831054702 3.5000000000000004 48.500000000000007
decision_type=2 2 2 2 2
left_child=4 2 -2 -3 -1
right_child=1 3 -4 -5 -6
leaf_value=0.075885373501808476 -0.038280545130877572 0.042672319695506646 0.068467277771183901 0.00020133879973378683 0.12760128679715776
leaf_weight=1.1847209498355931 67.717126891802252 40.37596221739841 16.170993522777792 1030.5391214573297 1.5694604618230981
leaf_count=520 2191 8703 370 241974 482
internal_value=0.000635413 0.000385658 -0.0177029 0.00180259 0.105356
internal_weight=1157.56 1154.8 83.8881 1070.92 2.75418
internal_count=254240 253238 2561 250677 1002
is_linear=0
shrinkage=0.12


Tree=438
num_leaves=7
num_cat=0
split_feature=44 24 19 50 55 41
split_gain=2.08758 4.79262 5.47174 1.92558 6.30218 1.8757
threshold=0.44612289965152746 1.04678350687027 0.29270832240581518 0.70884773135185253 0.24857896566390994 0.10394232347607614
decision_type=2 2 2 2 2 2
left_child=3 -2 -3 5 -5 -1
right_child=1 2 -4 4 -6 -7
leaf_value=0.0062964404547561125 -0.1303750258859093 0.026635160616422425 -0.065821473960235147 0.044909529561533441 -0.31667648470420556 -0.0036186720522207085
leaf_weight=610.12758213603411 5.4536133087450471 23.153530562103128 15.314031919082479 1.7844939558690378 1.1359702068693875 499.81626573338281
leaf_count=160114 63 7355 2569 1499 344 82296
internal_value=0.000562816 -0.0250974 -0.0101721 0.00157554 -0.0957362 0.00183159
internal_weight=1156.79 43.9212 38.4676 1112.86 2.92046 1109.94
internal_count=254240 9987 9924 244253 1843 242410
is_linear=0
shrinkage=0.12


Tree=439
num_leaves=8
num_cat=0
split_feature=66 31 53 72 66 62 6
split_gain=2.00796 5.85685 12.8725 4.7633 4.48696 7.41864 3.2984
threshold=11.581770896911623 0.30885416269302374 2.201041698455811 21.564583778381351 11.244270801544191 -4.8402266502380362 3.8645499944686894
decision_type=2 2 2 2 2 2 2
left_child=4 2 -2 -3 6 -6 -1
right_child=1 3 -4 -5 5 -7 -8
leaf_value=0.019741739761450293 -0.043612744157296719 0.063949016204300102 -0.97124826811249809 -0.0010865004484762021 -0.11295187666012715 -0.0095970091361881737 -0.0014974033229054025
leaf_weight=119.13331644887637 10.561477000576811 34.039671694812341 0.21989754454807631 30.97275149709003 13.115639777943725 42.106274946220935 906.19223160860099
leaf_count=70125 14137 24401 780 24588 8063 25309 86837
internal_value=0.000500194 0.019381 -0.0625329 0.0329653 -0.000824181 -0.0341446 0.000970388
internal_weight=1156.34 75.7938 10.7814 65.0124 1080.55 55.2219 1025.33
internal_count=254240 63906 14917 48989 190334 33372 156962
is_linear=0
shrinkage=0.12


Tree=440
num_leaves=7
num_cat=0
split_feature=19 22 85 51 22 22
split_gain=2.56962 3.84148 7.35687 4.39762 3.47375 5.02244
threshold=0.27864582836627966 0.74517500400543224 0.62500000000000011 0.33910171687603002 -1.0000000180025095e-35 0.78315001726150524
decision_type=2 2 2 2 2 2
left_child=4 2 -2 -3 -1 -6
right_child=1 3 -4 -5 5 -7
leaf_value=-0.079600714807151557 -0.052400948056141497 -0.0052316510903882138 0.021793608194325201 0.042997551033309232 0.036392814593538145 0.0020182088501429734
leaf_weight=6.9696654848800099 61.578935073402917 380.50877782824085 27.993180378592697 29.322461407947173 68.242039712153883 593.73465417297166
leaf_count=327 2440 78137 2639 7075 7013 155940
internal_value=-0.000187964 -0.00670123 -0.0292136 -0.00178097 0.00467453 0.00556183
internal_weight=1168.35 499.403 89.5721 409.831 668.946 661.977
internal_count=253571 90291 5079 85212 163280 162953
is_linear=0
shrinkage=0.12


Tree=441
num_leaves=8
num_cat=0
split_feature=33 88 45 82 88 81 41
split_gain=2.47204 6.80063 19.0476 5.74361 5.32216 16.2827 5.39874
threshold=0.21150749176740649 0.84285715222358715 0.76328125596046459 1.0000000180025095e-35 1.0000000180025095e-35 1.0000000180025095e-35 0.26346231997013098
decision_type=2 2 2 2 2 2 2
left_child=1 2 -1 -3 6 -6 -2
right_child=4 3 -4 -5 5 -7 -8
leaf_value=-0.010567859530674855 0.0054594347672243674 0.0055700682377356732 -0.13890156326191364 0.13558412603909104 0.00049710438000478833 -0.084173939732758565 0.046615804102016309
leaf_weight=120.85710475387086 597.92224772862755 104.23460838420453 19.315860072501806 5.1338957935931822 232.19480631711724 38.067324102622024 49.712621778575567
leaf_count=7437 164186 11379 7195 2630 46232 5078 9434
internal_value=-0.000163328 -0.0107539 -0.0282523 0.0116731 0.00271584 -0.0114291 0.00861861
internal_weight=1167.44 249.541 140.173 109.369 917.897 270.262 647.635
internal_count=253571 28641 14632 14009 224930 51310 173620
is_linear=0
shrinkage=0.12


Tree=442
num_leaves=7
num_cat=0
split_feature=76 0 1 0 65 66
split_gain=2.2862 2.24758 4.26368 2.90362 0.00317234 2.56829e-06
threshold=0.020316486246883873 101.99020004272462 21.550149917602543 96.748748779296889 46.500000000000007 11.704687595367433
decision_type=2 2 2 2 2 2
left_child=4 3 -3 -2 5 -1
right_child=1 2 -4 -5 -6 -7
leaf_value=0.12016068513800882 -0.0004641014099662785 -0.044523444426505548 0.10024404618298105 0.037495423597324107 0.13103933027006012 0.12046182989183776
leaf_weight=0.91549897563436322 1097.8496096751817 30.805781868429222 3.2374549374558219 29.805333239578658 0.52045095484209003 0.73538526637094037
leaf_count=2035 234798 8334 1445 5977 250 732
internal_value=-0.000147956 -0.00037789 -0.0307563 0.000539216 0.12287 0.120295
internal_weight=1163.87 1161.7 34.0432 1127.65 2.17134 1.65088
internal_count=253571 250554 9779 240775 3017 2767
is_linear=0
shrinkage=0.12


Tree=443
num_leaves=8
num_cat=0
split_feature=62 28 28 62 34 19 14
split_gain=2.17101 5.66596 5.21852 4.20494 6.0564 3.04 2.92407
threshold=-51.314849853515618 98.45752334594728 59.730215072631843 -28.772424697875973 1.1306571364402773 0.25364583730697637 3.5444500446319585
decision_type=2 2 2 2 2 2 2
left_child=1 2 -1 4 -2 -5 -3
right_child=3 6 -4 5 -6 -7 -8
leaf_value=-0.00033124031004376931 0.01007722296664435 0.023429845680171351 -0.069676906757044924 0.0087013604856243515 0.11022294463051682 -0.0049451786404779326 0.18168999248824039
leaf_weight=33.957274626764587 31.461603235326688 4.8014813615849326 28.948884309224951 355.34308292760193 12.017417920498731 694.48002459388385 2.5869178643674786
leaf_count=5501 7875 489 3704 89305 1321 144798 578
internal_value=-0.00012592 -0.0205678 -0.0322435 0.0011884 0.0377571 -0.000326112 0.0788418
internal_weight=1163.6 70.2946 62.9062 1093.3 43.479 1049.82 7.3884
internal_count=253571 10272 9205 243299 9196 234103 1067
is_linear=0
shrinkage=0.12


Tree=444
num_leaves=7
num_cat=0
split_feature=58 46 12 58 88 58
split_gain=2.08017 4.08822 3.32037 2.45259 6.16064 4.88606
threshold=7.8455524444580087 0.21541188657283786 0.75745001435279857 0.74748352169990551 0.80855712294578563 0.47717329859733587
decision_type=2 2 2 2 2 2
left_child=3 -2 -3 5 -5 -1
right_child=1 2 -4 4 -6 -7
leaf_value=-0.00066872780902995114 0.13077072984378973 -0.10627325118083343 0.027237141379078803 -0.061657326363839096 0.078059521003869245 0.099690026877466725
leaf_weight=1096.2116445809818 4.9328403248704573 3.0387089887262873 22.874091724608292 23.895287802303304 5.611844108871991 7.0305184745964189
leaf_count=237520 444 51 3285 8032 1650 2589
internal_value=-0.0001051 0.0306417 0.0115808 -0.000942359 -0.0350851 -2.91818e-05
internal_weight=1163.59 30.8456 25.9128 1132.75 29.5071 1103.24
internal_count=253571 3780 3336 249791 9682 240109
is_linear=0
shrinkage=0.12


Tree=445
num_leaves=8
num_cat=0
split_feature=29 77 28 50 12 51 8
split_gain=5.37083 7.51991 18.9647 5.35697 4.2571 8.67328 4.33777
threshold=6.1685874462127694 1.0000000180025095e-35 68.951004028320327 0.095547594130039229 1.1309500336647036 0.15228627622127536 12.444991111755373
decision_type=2 2 2 2 2 2 2
left_child=1 2 -1 -3 5 -2 -6
right_child=4 3 -4 -5 6 -7 -8
leaf_value=-0.0023667901226734765 -0.044260604713076468 0.00083456372394804179 -0.088870266232637135 0.1031071650767113 0.016638753024184251 0.021405706244329466 -0.0013945895230664854
leaf_weight=104.37728645196917 71.948486697325706 99.192031860341672 56.117205223047719 7.9673944477611931 338.64685999981657 48.481054344286832 443.7924158902897
leaf_count=5714 5590 12695 9308 1480 206863 3506 9590
internal_value=-0.00124805 -0.0161773 -0.0326129 0.00843862 0.00317769 -0.0178255 0.00641041
internal_weight=1170.52 267.654 160.494 107.159 902.869 120.43 782.439
internal_count=254746 29197 15022 14175 225549 9096 216453
is_linear=0
shrinkage=0.12


Tree=446
num_leaves=8
num_cat=0
split_feature=29 41 28 34 58 41 41
split_gain=4.21648 6.98765 8.64481 4.98338 3.47788 4.74212 3.44607
threshold=6.1685874462127694 0.029592127539217476 52.353586196899421 1.1387000083923342 0.036048788577318198 0.35254164040088659 0.32337984442710882
decision_type=2 2 2 2 2 2 2
left_child=1 2 -1 -3 6 -6 -2
right_child=4 3 -4 -5 5 -7 -8
leaf_value=-0.015401212844688376 0.0073585632263835042 -0.034460318422386609 -0.13111947898489407 0.0049426276065268277 -0.030958568120017963 0.11586562869339286 -0.019444071783933512
leaf_weight=23.355333748453479 757.89810800378905 64.766585017278089 15.443556476237754 161.40408862642667 63.180380103354651 3.3348703419978838 76.003965272881487
leaf_count=768 195697 7337 711 20381 17785 711 11356
internal_value=-0.00110618 -0.0144121 -0.0614618 -0.00634086 0.00280941 -0.0235973 0.0049157
internal_weight=1165.39 264.97 38.7989 226.171 900.417 66.5153 833.902
internal_count=254746 29197 1479 27718 225549 18496 207053
is_linear=0
shrinkage=0.12


Tree=447
num_leaves=8
num_cat=0
split_feature=29 77 45 82 5 85 41
split_gain=3.26076 5.45166 14.8998 4.76644 3.41372 5.75439 4.00382
threshold=6.1685874462127694 1.0000000180025095e-35 0.70104166865348827 1.0000000180025095e-35 3.191850066184998 0.62500000000000011 0.32337984442710882
decision_type=2 2 2 2 2 2 2
left_child=1 2 -1 -3 6 -6 -2
right_child=4 3 -4 -5 5 -7 -8
leaf_value=-0.0055438788470100319 0.0087975616725915629 0.0030761140819229823 -0.090606110074881147 0.13240927476689335 -0.031561776761568835 0.016597787476206698 -0.020226697184889526
leaf_weight=118.51265208518701 669.87195366625667 102.87073616710165 39.548322510209815 4.2738103649443238 96.960094817947777 56.572341951873398 76.229155405706933
leaf_count=6338 200607 11507 8684 2668 6308 6903 11731
internal_value=-0.000968277 -0.0126619 -0.0268272 0.00823499 0.00247892 -0.0138163 0.00583215
internal_weight=1164.84 265.206 158.061 107.145 899.634 153.532 746.101
internal_count=254746 29197 15022 14175 225549 13211 212338
is_linear=0
shrinkage=0.12


Tree=448
num_leaves=7
num_cat=0
split_feature=33 39 28 57 8 54
split_gain=2.92771 5.84468 3.73441 3.72293 3.14087 0.0543584
threshold=0.2097679600119591 1.0000000180025095e-35 118.79448699951173 20.314583778381351 12.444991111755373 -0.045523380860686295
decision_type=2 2 2 2 2 2
left_child=1 2 -1 4 -2 -5
right_child=3 -3 -4 5 -6 -7
leaf_value=-0.0093491545767170198 0.0086770717805249569 -0.067802501306206353 0.091985993299026056 0.152485972832719 -0.0050865740874648071 0.11102070385639723
leaf_weight=170.88990922858125 458.54785167306613 25.411180303046422 5.4023338053700618 2.0865235303535887 498.0922594235526 0.58231689879494197
leaf_count=25693 213885 357 1667 92 10706 2346
internal_value=-0.000857523 -0.0139992 -0.00624382 0.00190563 0.00151078 0.143439
internal_weight=1161.01 201.703 176.292 959.309 956.64 2.66884
internal_count=254746 27717 27360 227029 224591 2438
is_linear=0
shrinkage=0.12


Tree=449
num_leaves=7
num_cat=0
split_feature=33 46 77 57 28 54
split_gain=2.26336 4.80717 7.85781 3.21597 2.99696 0.0441639
threshold=0.2097679600119591 0.20949968695640567 1.0000000180025095e-35 20.314583778381351 36.985605239868171 -0.045523380860686295
decision_type=2 2 2 2 2 2
left_child=1 2 -1 4 -2 -5
right_child=3 -3 -4 5 -6 -7
leaf_value=-0.04204118070315685 -0.01108722726915203 0.073226131852331552 0.006512273309501629 0.14813718077470023 0.0049690424697387964 0.10885399868925859
leaf_weight=90.588698204034472 216.4197785064772 9.038872363140511 102.09025623415926 1.9015108840339965 739.04998534088838 0.52614485033131941
leaf_count=13989 66398 146 13582 92 158193 2346
internal_value=-0.000750164 -0.012303 -0.0163153 0.00168268 0.0013322 0.139623
internal_weight=1159.62 201.718 192.679 957.897 955.47 2.42766
internal_count=254746 27717 27571 227029 224591 2438
is_linear=0
shrinkage=0.12


Tree=450
num_leaves=8
num_cat=0
split_feature=24 78 57 57 0 85 8
split_gain=3.10242 13.1174 8.54357 6.63447 3.08436 13.2676 8.08095
threshold=1.5954986810684206 1.0000000180025095e-35 1.0000000180025095e-35 0.52708330750465404 54.100000381469734 0.37500000000000006 11.62544107437134
decision_type=2 2 2 2 2 2 2
left_child=1 3 -3 -1 5 -2 -6
right_child=4 2 -4 -5 6 -7 -8
leaf_value=-0.026314860969323371 -0.011815587845570749 0.018621368023069948 -0.068042929415294051 0.016765453547901335 0.016432532732750773 0.031670573388155661 -0.017856530163960983
leaf_weight=72.775021723346214 194.45463908863601 21.148178728551159 72.655494148052327 175.89297593304207 166.24149979115288 210.28754989369813 244.58911034877343
leaf_count=1325 78548 279 1127 3278 63367 100609 5360
internal_value=-0.000681698 -0.0102666 -0.0485043 0.0041576 0.00334316 0.010778 -0.00398155
internal_weight=1158.04 342.472 93.8037 248.668 815.573 404.742 410.831
internal_count=253893 6009 1406 4603 247884 179157 68727
is_linear=0
shrinkage=0.12


Tree=451
num_leaves=8
num_cat=0
split_feature=16 85 82 8 59 47 41
split_gain=2.32404 8.74637 9.10885 6.11735 3.27944 3.49874 2.817
threshold=1.8533480167388918 0.37500000000000006 1.0000000180025095e-35 13.940063476562502 -0.94185933470726002 0.4239551723003388 0.097229585051536574
decision_type=2 2 2 2 2 2 2
left_child=1 3 -3 -1 6 -6 -2
right_child=4 2 -4 -5 5 -7 -8
leaf_value=0.029704506069510247 0.0012140516947784488 -0.042979726205488442 0.030219428796974149 -0.015458634168939764 0.0031458914790438528 -0.04015019327450868 0.090972636131794779
leaf_weight=96.836030514708838 9.1803623931762122 130.37134805754596 30.139503765301924 77.953509744734461 771.82040359168707 27.846464554525824 11.150446374565034
leaf_count=1593 3243 2204 1367 758 232243 10769 1716
internal_value=-0.000593406 -0.00901017 -0.0292349 0.00956242 0.00284824 0.00163821 0.0504422
internal_weight=1155.3 335.3 160.511 174.79 819.998 799.667 20.3308
internal_count=253893 5922 3571 2351 247971 243012 4959
is_linear=0
shrinkage=0.12


Tree=452
num_leaves=8
num_cat=0
split_feature=23 57 69 12 43 15 6
split_gain=2.15902 5.73021 5.62883 3.42028 2.32371 4.95414 2.45047
threshold=0.14616250246763232 4.253645896911622 17.500000000000004 2.2400499582290654 -0.57105258107185353 0.35544049739837652 8.9855999946594256
decision_type=2 2 2 2 2 2 2
left_child=1 2 -1 -3 5 -2 -6
right_child=4 3 -4 -5 6 -7 -8
leaf_value=0.027118824300653377 -0.063913987125416058 -0.019131951581949306 -0.055576836156119282 -0.096725477732330242 -0.00016851987795835034 0.023084918582836778 0.017297672388701814
leaf_weight=42.659311664002473 22.710057122075 16.142756487789832 16.412840432410732 16.584694745212467 888.92396370537756 16.112878897534642 132.97119325185815
leaf_count=866 387 375 364 269 237441 10068 4123
internal_value=-0.000518468 -0.0181734 0.00414233 -0.0584526 0.00100947 -0.0278064 0.00210422
internal_weight=1152.52 91.7996 59.0722 32.7275 1060.72 38.8229 1021.9
internal_count=253893 1874 1230 644 252019 10455 241564
is_linear=0
shrinkage=0.12


Tree=453
num_leaves=7
num_cat=0
split_feature=45 33 77 14 28 28
split_gain=1.97228 10.034 18.5076 13.5084 4.18178 5.9595
threshold=0.89531251788139354 0.21792351454496386 1.0000000180025095e-35 0.8899500072002412 111.46908187866212 87.392578125000014
decision_type=2 2 2 2 2 2
left_child=4 2 -2 -3 5 -1
right_child=1 3 -4 -5 -6 -7
leaf_value=0.0012101729597278584 -0.093612446109425942 -0.010033711706600399 0.018869865573623978 0.085708522471502374 -0.16861827034841584 0.088785770156296268
leaf_weight=927.70298842591194 46.61044099363977 98.40830542211512 38.432674895666423 27.054785276781331 2.066676043537881 11.32598396479534
leaf_count=214056 4936 4933 4935 23539 64 1430
internal_value=-0.000457524 -0.0109577 -0.0427795 0.0106121 0.00189119 0.00226646
internal_weight=1151.6 210.506 85.0431 125.463 941.096 939.029
internal_count=253893 38343 9871 28472 215550 215486
is_linear=0
shrinkage=0.12


Tree=454
num_leaves=8
num_cat=0
split_feature=1 82 50 59 28 45 8
split_gain=2.00465 4.69024 4.31662 2.43065 5.76761 2.3409 1.20156
threshold=21.230599403381351 1.0000000180025095e-35 0.10767495259642602 -1.4514939188957212 43.542608261108406 0.89531251788139354 14.240553855895998
decision_type=2 2 2 2 2 2 2
left_child=3 2 -2 4 -1 -5 -3
right_child=1 6 -4 5 -6 -7 -8
leaf_value=-0.061666777813119487 0.044429676003138879 0.098967453113406698 -0.035831890743259799 0.0029205515187192294 0.069570088387542126 -0.011990100359002357 0.018933157509241145
leaf_weight=6.3911254799379433 11.023789953052498 5.2649189231484552 77.383300490139305 838.50728544513549 19.643878123046093 185.08571788437575 5.5472713974304497
leaf_count=1383 946 587 4341 206502 3246 36811 77
internal_value=-0.000395797 -0.0166996 -0.0258238 0.00114537 0.0373538 0.000224413 0.0579053
internal_weight=1148.85 99.2193 88.4071 1049.63 26.035 1023.59 10.8122
internal_count=253893 5951 5287 247942 4629 243313 664
is_linear=0
shrinkage=0.12


Tree=455
num_leaves=8
num_cat=0
split_feature=19 12 57 58 22 53 33
split_gain=2.98962 3.29066 2.76647 11.6416 8.64106 1.86413 1.17786
threshold=0.059374999254941947 1.7421500086784365 0.34531250596046453 -6.511516571044921 0.24310000240802768 1.4445312619209292 0.20432233810424807
decision_type=2 2 2 2 2 2 2
left_child=1 5 3 -2 -4 -1 -3
right_child=2 6 4 -5 -6 -7 -8
leaf_value=0.090367057179081736 -0.096358650177156585 -0.027761234893701622 -0.042448778102979097 -0.004513894063411507 0.007798771717588633 -0.065299701284908598 0.12479892181690011
leaf_weight=1.6118736505711959 20.754727311530644 0.81853689707349975 53.806174440824975 467.82092799763899 586.2994314558415 3.5420445682501054 6.6430284305946827
leaf_count=413 2917 107 1657 95364 150511 543 2564
internal_value=-0.000966004 0.057127 -0.00161532 -0.00841547 0.00357505 -0.0166154 0.108063
internal_weight=1141.3 12.6155 1128.68 488.576 640.106 5.15392 7.46157
internal_count=254076 3627 250449 98281 152168 956 2671
is_linear=0
shrinkage=0.12


Tree=456
num_leaves=8
num_cat=0
split_feature=10 8 78 83 81 15 24
split_gain=2.55228 11.5687 39.5267 18.1322 5.11482 30.4569 9.3925
threshold=2.5000000000000004 10.800346851348879 1.0000000180025095e-35 1.0000000180025095e-35 1.0000000180025095e-35 0.74325001239776622 3.4270392656326298
decision_type=2 2 2 2 2 2 2
left_child=4 3 -3 -2 6 -6 -1
right_child=1 2 -4 -5 5 -7 -8
leaf_value=0.0150615026589571 -0.034808328581136777 0.0078589190953217425 -0.11480991776437466 0.067782337661803013 -0.075747348790012534 0.064025137869165152 -0.013177909597044582
leaf_weight=510.29020109864962 44.910906856010143 125.92031983575333 54.066783399953664 55.424177333969453 60.291233774519242 35.767329947970097 254.03484526198952
leaf_count=22647 23890 2215 741 23759 844 11548 168432
internal_value=-0.000844304 -0.0107887 -0.0289899 0.0218618 0.00239567 -0.0237032 0.00567571
internal_weight=1140.71 280.322 179.987 100.335 860.384 96.0586 764.325
internal_count=254076 50605 2956 47649 203471 12392 191079
is_linear=0
shrinkage=0.12


Tree=457
num_leaves=8
num_cat=0
split_feature=24 83 57 10 8 84 45
split_gain=3.0513 8.09592 6.10698 3.64011 9.18225 5.35833 2.54166
threshold=1.04678350687027 0.37500000000000006 0.45703125000000006 2.5000000000000004 10.800346851348879 10.000000000000002 0.50885415077209484
decision_type=2 2 2 2 2 2 2
left_child=1 2 -1 5 -5 -2 -3
right_child=3 6 -4 4 -6 -7 -8
leaf_value=-0.052971420512700748 0.010746084126611282 -0.039109692237349544 0.0077941490661710862 0.019678700337747837 -0.02593040172672317 -0.020125774290017863 -0.11639543083798862
leaf_weight=30.036010868742494 595.4474866447556 11.781772520464919 115.01269374191273 98.584291715168746 178.93331554598902 93.698817588554675 12.767687069250179
leaf_count=485 188215 429 1631 47649 2943 12196 528
internal_value=-0.000729005 -0.0155751 -0.0047889 0.00187569 -0.0097284 0.00654863 -0.0793045
internal_weight=1136.26 169.598 145.049 966.664 277.518 689.146 24.5495
internal_count=254076 3073 2116 251003 50592 200411 957
is_linear=0
shrinkage=0.12


Tree=458
num_leaves=8
num_cat=0
split_feature=24 57 11 20 46 24 82
split_gain=2.38589 3.80977 6.12561 3.59086 2.93153 2.76221 2.45814
threshold=1.04678350687027 0.45703125000000006 1.0000000180025095e-35 27.841656684875492 0.7901817560195924 12.82035541534424 1.0000000180025095e-35
decision_type=2 2 2 2 2 2 2
left_child=1 2 -1 -3 5 -2 -6
right_child=4 3 -4 -5 6 -7 -8
leaf_value=-0.098938202608411227 0.0040499927584813321 0.0097340313181538511 -0.0020388936506975566 -0.032605266848417302 -0.034021757989475911 -0.025140603254713369 -0.19751184726351659
leaf_weight=17.66572580447675 898.93092102609126 88.081980465322232 20.064491226591599 42.891317971570288 15.184724700800871 49.237076997840632 1.4508314822446671
leaf_count=312 199942 1579 408 774 5513 44239 1309
internal_value=-0.000644167 -0.0138101 -0.0474083 -0.0041313 0.001658 0.00253416 -0.0482802
internal_weight=1133.51 168.704 37.7302 130.973 964.804 948.168 16.6356
internal_count=254076 3073 720 2353 251003 244181 6822
is_linear=0
shrinkage=0.12


Tree=459
num_leaves=8
num_cat=0
split_feature=19 5 51 59 51 51 29
split_gain=2.35759 2.75569 2.42522 5.523 4.04691 1.60831 0.990355
threshold=0.059374999254941947 2.7701500654220585 0.092592965811491026 19999971.000000004 0.12584757804870608 0.12298258394002916 2.6165128946304326
decision_type=2 2 2 2 2 2 2
left_child=1 6 3 -2 -4 -3 -1
right_child=2 5 4 -5 -6 -7 -8
leaf_value=-0.023579499776947552 0.0094317211941819627 0.033931214929373184 -0.021515158136078041 -0.058141643781326184 -0.00030880296768201883 -0.1082275653597565 0.11680427448346729
leaf_weight=0.81856537778375393 382.21099584363867 3.2898270012007629 169.42903479126551 18.249154929176598 551.03107713325755 1.7586126063787331 6.2397366342573548
leaf_count=113 81839 473 39114 7203 122293 448 2593
internal_value=-0.000565527 0.0521052 -0.00113441 0.00635237 -0.00529586 -0.0155895 0.100524
internal_weight=1133.03 12.1067 1120.92 400.46 720.46 5.04844 7.0583
internal_count=254076 3627 250449 89042 161407 921 2706
is_linear=0
shrinkage=0.12


Tree=460
num_leaves=8
num_cat=0
split_feature=50 76 76 47 49 49 65
split_gain=2.35549 4.91887 7.02089 6.98049 4.44419 5.65424 4.83929
threshold=0.21501816064119342 0.50310170650482189 0.51360192894935619 0.057110533118247993 0.85885417461395275 0.86614584922790538 36.500000000000007
decision_type=2 2 2 2 2 2 2
left_child=1 3 -3 -1 6 -6 -2
right_child=4 2 -4 -5 5 -7 -8
leaf_value=-0.035760582667548835 0.074113095420331593 -0.11759309045583177 -0.0086928111223808155 0.023216947369801205 -0.19353567043507572 0.0040565709710128437 0.0058452779438714474
leaf_weight=35.499692457425198 28.181871737365753 8.7011479443146964 421.2312023769814 155.40919653769097 2.0951594730977368 449.37744497914616 31.8522461942039
leaf_count=5639 8582 1237 59230 33387 573 134588 11388
internal_value=0.00118871 -0.00377913 -0.0108968 0.01225 0.00721843 0.0031396 0.0378923
internal_weight=1132.35 620.841 429.932 190.909 511.507 451.473 60.0341
internal_count=254624 99493 60467 39026 155131 135161 19970
is_linear=0
shrinkage=0.12


Tree=461
num_leaves=8
num_cat=0
split_feature=10 15 90 70 50 76 22
split_gain=2.05816 7.25238 18.4373 7.12894 5.32574 5.84397 4.57472
threshold=2.5000000000000004 1.4757580161094668 0.32302498817443853 23.500000000000004 -0.005775775993242859 0.76363158226013195 1.4692833423614504
decision_type=2 2 2 2 2 2 2
left_child=4 2 -2 -3 6 -6 -1
right_child=1 3 -4 -5 5 -7 -8
leaf_value=-0.035928405216567032 0.00089316627881518896 0.040585857944862268 -0.093694936612020163 -0.017106822036706881 0.0053442272890921625 0.050694797898239163 0.0077051968854918535
leaf_weight=81.372434695603914 102.95660550772649 64.991036879688806 41.691329505128351 58.698184086275631 678.03334659816778 43.544881885383688 60.197425307998543
leaf_count=9362 1090 16056 405 32954 163539 19592 11626
internal_value=0.00105223 -0.00812683 -0.0263696 0.0132071 0.00390584 0.00808099 -0.0173748
internal_weight=1131.49 268.337 144.648 123.689 863.148 721.578 141.57
internal_count=254624 50505 1495 49010 204119 183131 20988
is_linear=0
shrinkage=0.12


Tree=462
num_leaves=8
num_cat=0
split_feature=65 63 49 54 10 83 66
split_gain=2.07053 5.18615 12.4249 7.01195 3.16826 13.4793 7.42914
threshold=41.500000000000007 1.1966791749000552 1.7510416507720949 -0.23539816588163373 2.5000000000000004 1.0000000180025095e-35 9.7088541984558123
decision_type=2 2 2 2 2 2 2
left_child=4 2 -2 -3 6 -6 -1
right_child=1 3 -4 -5 5 -7 -8
leaf_value=-0.00059578403526252286 -0.059692444782700756 -0.16033154115253984 0.10145513594631256 0.010384959360398623 0.024431383394247216 -0.033338114417879747 0.02644537708526206
leaf_weight=517.47703512344697 53.770125701707187 3.584846535121172 7.9023690350638836 103.26968196013337 100.77608308837947 137.5398124676494 203.968219868603
leaf_count=77647 28330 941 2432 69046 19775 19834 36619
internal_value=0.000932604 -0.011335 -0.0390439 0.00465762 0.0030867 -0.00890926 0.00704934
internal_weight=1128.29 168.527 61.6725 106.855 959.761 238.316 721.445
internal_count=254624 100749 30762 69987 153875 39609 114266
is_linear=0
shrinkage=0.12


Tree=463
num_leaves=5
num_cat=0
split_feature=24 50 5 28
split_gain=2.0081 1.75127 4.57668 4.07994
threshold=1.0000000180025095e-35 0.21501816064119342 1.7752500176429751 121.30458450317384
decision_type=2 2 2 2
left_child=-1 2 -2 -3
right_child=1 3 -4 -5
leaf_value=-0.12026316237553597 -0.027903976292854994 0.0048443436721762904 0.0010779167779644001 0.086841562065399142
leaf_weight=1.9685131138542136 92.160024338626499 496.33572537957116 527.89561943502463 8.8947166041871224
leaf_count=55 25765 152424 73728 2652
internal_value=0.000831674 0.00104351 -0.00322972 0.00628793
internal_weight=1127.25 1125.29 620.056 505.23
internal_count=254624 254569 99493 155076
is_linear=0
shrinkage=0.12


Tree=464
num_leaves=7
num_cat=0
split_feature=61 57 8 78 62 6
split_gain=1.75473 7.48735 1.65974 9.80048 3.9379 0.726166
threshold=27.88125038146973 9.0906248092651385 13.486831188201906 1.0000000180025095e-35 3.7189701795578007 9.5242500305175799
decision_type=2 2 2 2 2 2
left_child=2 -2 4 -4 -1 -3
right_child=1 5 3 -5 -6 -7
leaf_value=0.0013306578419360962 -0.58761165211583943 0.11467409241767913 0.0032777634324509279 -0.061292177989836258 0.036178765430665762 -0.082969247482003877
leaf_weight=842.83222927524298 0.38171822555886947 0.62309043397590336 191.88203417173824 41.099449724556877 49.433595100977413 0.46931953332386911
leaf_count=235298 166 1174 3008 926 14047 5
internal_value=0.000734918 -0.130103 0.000906322 -0.00811279 0.00326132 0.0297629
internal_weight=1126.72 1.47413 1125.25 232.981 892.266 1.09241
internal_count=254624 1345 253279 3934 249345 1179
is_linear=0
shrinkage=0.12


Tree=465
num_leaves=8
num_cat=0
split_feature=8 84 15 46 84 70 72
split_gain=3.70164 12.9293 21.6249 9.93594 7.89127 7.65641 4.74094
threshold=12.444991111755373 10.000000000000002 0.13063850253820422 0.19488884508609775 10.000000000000002 7.5000000000000009 9.3895831108093279
decision_type=2 2 2 2 2 2 2
left_child=4 3 -3 -2 6 -6 -1
right_child=1 2 -4 -5 5 -7 -8
leaf_value=0.012745190269289585 0.052774770818357908 -0.14755255724043029 -0.0079048045641330611 -0.007778006156560267 0.079877843633025372 0.0047959564085231342 -0.010269547025638079
leaf_weight=217.22462091967759 43.094087072563127 24.776266432521908 44.914872524732431 412.89950750492909 36.655091934075699 41.929642735553671 316.9471686995887
leaf_count=82795 1470 547 308 9588 2047 22320 135221
internal_value=-0.00202506 -0.00941267 -0.0575517 -0.00205541 0.00431279 0.0398172 -0.000910446
internal_weight=1138.44 525.685 69.6911 455.994 612.757 78.5847 534.172
internal_count=254296 11913 855 11058 242383 24367 218016
is_linear=0
shrinkage=0.12


Tree=466
num_leaves=8
num_cat=0
split_feature=8 81 8 10 81 70 13
split_gain=2.90396 10.5779 17.7672 8.5185 6.30165 6.43129 4.30876
threshold=12.444991111755373 1.0000000180025095e-35 12.766571998596193 2.5000000000000004 1.0000000180025095e-35 7.5000000000000009 0.70794999599456798
decision_type=2 2 2 2 2 2 2
left_child=4 3 -3 -2 6 -6 -1
right_child=1 2 -4 -5 5 -7 -8
leaf_value=-0.04337957334468788 0.0022219867720605969 0.0066983765962325068 -0.11668624243565755 -0.068660844794013895 0.073965211680430298 0.0042292592018857633 0.0019283292801818834
leaf_weight=32.160711236719749 429.99000343865526 34.871895143152884 32.439195008394321 25.883912472625013 34.946449658852089 41.847796221369208 502.17338306449551
leaf_count=817 10797 239 616 261 2047 22320 217199
internal_value=-0.001797 -0.00835919 -0.0527643 -0.00180265 0.00382087 0.0359637 -0.000798681
internal_weight=1134.31 523.185 67.3111 455.874 611.128 76.7942 534.334
internal_count=254296 11913 855 11058 242383 24367 218016
is_linear=0
shrinkage=0.12


Tree=467
num_leaves=7
num_cat=0
split_feature=16 84 83 85 6 0
split_gain=2.59474 26.9859 6.77488 3.24936 7.46768 4.00556
threshold=2.1306384801864628 10.000000000000002 0.37500000000000006 0.37500000000000006 6.6138000488281259 55.729549407958991
decision_type=2 2 2 2 2 2
left_child=1 2 -1 4 -2 -5
right_child=3 -3 -4 5 -6 -7
leaf_value=0.011080981080380671 -0.025341403220368059 -0.14352419230005367 -0.021579901311113737 0.02242916342972302 0.011534476480564458 -0.0012576793794968288
leaf_weight=226.26799629813769 154.6675831468778 20.482808128553756 153.49725507575891 190.8013422621982 161.81131325907756 222.9072709701324
leaf_count=5024 88670 547 2395 103249 18641 35770
internal_value=-0.00159131 -0.0093566 -0.00212022 0.00266518 -0.00648727 0.00966663
internal_weight=1130.44 400.248 379.765 730.188 316.479 413.709
internal_count=254296 7966 7419 246330 107311 139019
is_linear=0
shrinkage=0.12


Tree=468
num_leaves=8
num_cat=0
split_feature=24 83 41 65 19 55 12
split_gain=2.78401 6.4157 4.59782 2.87322 5.80713 3.69033 2.63559
threshold=1.04678350687027 0.37500000000000006 0.23964791744947436 41.500000000000007 0.38437499105930334 0.39141750335693365 1.6165000200271609
decision_type=2 2 2 2 2 2 2
left_child=1 2 -1 5 -5 -2 -3
right_child=3 6 -4 4 -6 -7 -8
leaf_value=0.0021488346883620441 0.0061432804114743703 -0.030286509397614656 -0.058961795532516764 -0.0201349922879707 0.060873302697071065 -0.028483963642084071 -0.1129313381842004
leaf_weight=125.68835391578691 745.86514459949456 10.176777222995321 20.640260360396951 151.27127916855773 13.914986567134404 47.118994230287626 12.239454452148925
leaf_count=1898 142899 291 237 96089 4526 7712 644
internal_value=-0.00141644 -0.0156292 -0.00647107 0.00108658 -0.013311 0.00408573 -0.0754113
internal_weight=1126.92 168.745 146.329 958.17 165.186 792.984 22.4162
internal_count=254296 3070 2135 251226 100615 150611 935
is_linear=0
shrinkage=0.12


Tree=469
num_leaves=8
num_cat=0
split_feature=6 55 61 22 6 90 8
split_gain=2.2211 4.34476 6.40567 5.11206 2.90369 3.76279 3.64456
threshold=9.3642501831054705 0.13269761204719546 2.9010417461395268 1.538475036621094 9.0883502960205096 0.014757142867892982 13.486831188201906
decision_type=2 2 2 2 2 2 2
left_child=4 2 -2 -3 6 -6 -1
right_child=1 3 -4 -5 5 -7 -8
leaf_value=0.0023717072319320888 -0.0031840769391301431 0.057113555262548334 -0.076488670119224528 -0.0182123859893485 0.056613488492748887 -0.0058969490458887835 -0.017779038447783044
leaf_weight=789.56138686477345 37.841925754386892 20.031489139846272 31.417351469995708 36.823397177364043 29.544127530845913 26.13111554513614 154.54718616699336
leaf_count=247015 871 570 669 824 1218 754 2375
internal_value=-0.00124942 -0.0162562 -0.0364365 0.00832695 0.000643549 0.0272743 -0.000926898
internal_weight=1125.9 126.114 69.2593 56.8549 999.784 55.6752 944.109
internal_count=254296 2934 1540 1394 251362 1972 249390
is_linear=0
shrinkage=0.12


Tree=470
num_leaves=8
num_cat=0
split_feature=77 15 2 41 29 28 28
split_gain=3.11003 12.4068 15.6476 12.1514 11.3103 12.6494 8.80056
threshold=1.0000000180025095e-35 2.2256973981857304 451.14500427246099 0.23725360631942752 3.4596813917160039 36.985605239868171 111.46908187866212
decision_type=2 2 2 2 2 2 2
left_child=4 3 -3 -2 5 -1 -6
right_child=1 2 -4 -5 6 -7 -8
leaf_value=0.0056461624084202851 -0.0056347632063974157 0.044283128898504096 -0.1358744771835545 -0.065167222807295561 0.012654797109954364 -0.13065233246714039 -0.052624085201623448
leaf_weight=21.653758167603588 194.62921790785111 87.273853550177591 7.5422985311597577 66.153064562027623 686.59316103064134 17.918964367724197 31.085516458253551
leaf_count=633 6857 56834 90 1668 171084 12471 4518
internal_value=0.0020364 -0.00722092 0.0299522 -0.0207365 0.00638356 -0.0560713 0.00982731
internal_weight=1112.85 355.598 94.8162 260.782 757.251 39.5727 717.679
internal_count=254155 65449 56924 8525 188706 13104 175602
is_linear=0
shrinkage=0.12


Tree=471
num_leaves=7
num_cat=0
split_feature=65 24 24 83 50 20
split_gain=2.96963 4.15965 3.96573 8.98918 3.31231 1.70917
threshold=1.5000000000000002 1.265514671802521 1.445591986179352 0.37500000000000006 -0.084384541958570466 42.722982406616218
decision_type=2 2 2 2 2 2
left_child=1 -1 3 -2 -4 -3
right_child=2 5 4 -5 -6 -7
leaf_value=0.12765448637431689 0.0038249402845365443 -0.00727666310921309 0.027499324422349345 -0.041334284259550866 0.0025582216063811595 0.090069546856336363
leaf_weight=6.3087539916002724 190.31753207629828 12.727860853685341 85.911139103298297 95.235110687779809 713.34020750910554 3.2630896968476
leaf_count=134 3380 2017 17407 1505 229427 285
internal_value=0.00179341 0.0451409 0.000902337 -0.0112362 0.00523913 0.0125877
internal_weight=1107.1 22.2997 1084.8 285.553 799.251 15.991
internal_count=254155 2436 251719 4885 246834 2302
is_linear=0
shrinkage=0.12


Tree=472
num_leaves=8
num_cat=0
split_feature=6 2 19 90 55 46 53
split_gain=2.52823 4.75751 4.57644 4.49598 2.72663 4.70879 4.14033
threshold=8.343299865722658 150.93999481201175 0.34687499701976782 0.2497428581118584 0.1484736576676369 0.38785879313945776 3.0708333253860478
decision_type=2 2 2 2 2 2 2
left_child=4 3 -3 -2 6 -6 -1
right_child=1 2 -4 -5 5 -7 -8
leaf_value=0.013068952072880002 -0.026287540186015208 0.0025863061717247824 -0.039197693740907084 -0.13318249631789145 -0.015919354984141126 0.018208029258584564 -0.15338252241448436
leaf_weight=413.35723131702184 28.262506674775508 359.67519218393392 42.171595523666724 7.0866500290567975 161.40162280090442 91.068321348927043 2.1631590300021335
leaf_count=146762 1275 12014 952 505 40779 51359 509
internal_value=0.00158304 -0.00551142 -0.00179869 -0.0477174 0.00622632 -0.00360928 0.0122024
internal_weight=1105.19 437.196 401.847 35.3492 667.99 252.47 415.52
internal_count=254155 14746 12966 1780 239409 92138 147271
is_linear=0
shrinkage=0.12


Tree=473
num_leaves=7
num_cat=0
split_feature=65 24 8 54 47 13
split_gain=2.44075 3.23838 2.96091 7.98882 2.67006 1.47058
threshold=1.5000000000000002 1.265514671802521 13.300152301788332 -0.14328736811876294 0.18825750052928927 0.44294999539852148
decision_type=2 2 2 2 2 2
left_child=1 -1 4 -4 -2 -3
right_child=2 5 3 -5 -6 -7
leaf_value=0.11460853216065942 0.0081840471166652329 -0.065840785273641289 -0.068185254185185146 -0.0029487189415585277 -0.0078677491355242518 0.029290822798958005
leaf_weight=6.1795664140659055 609.55478760714709 2.8502381977086761 30.39743336668954 244.08408914554701 197.59607270664947 13.069288552598662
leaf_count=134 175122 21 584 4188 71825 2281
internal_value=0.00139978 0.0408786 0.000593174 -0.0101733 0.00425446 0.0122584
internal_weight=1103.73 22.0991 1081.63 274.482 807.151 15.9195
internal_count=254155 2436 251719 4772 246947 2302
is_linear=0
shrinkage=0.12


Tree=474
num_leaves=7
num_cat=0
split_feature=13 84 28 5 28 58
split_gain=2.25104 4.4762 2.17819 4.35048 2.5801 1.15174
threshold=0.2902000099420548 1.0000000180025095e-35 24.050888061523441 1.0962499976158144 29.147934913635257 -1.69148313999176
decision_type=2 2 2 2 2 2
left_child=1 5 3 -2 -4 -1
right_child=2 -3 4 -5 -6 -7
leaf_value=-0.13517094241494759 0.087151189660533576 0.028047476952424117 -0.016902510296263225 0.0082507927668201697 0.0026234684308622533 -0.049968658307040913
leaf_weight=5.2196540966432723 12.374996317681932 7.2314705563654789 109.12169054929336 53.871677065402224 910.93335992760865 4.0629548925573689
leaf_count=449 6468 295 33363 14756 198568 256
internal_value=0.00123558 -0.0427357 0.00190403 0.0229895 0.000534652 -0.0978783
internal_weight=1102.82 16.5141 1086.3 66.2467 1020.06 9.28261
internal_count=254155 1000 253155 21224 231931 705
is_linear=0
shrinkage=0.12


Tree=475
num_leaves=8
num_cat=0
split_feature=76 57 55 61 0 58 43
split_gain=2.51866 4.92669 13.9384 4.10927 3.16677 5.24665 2.34634
threshold=0.14155085384845736 4.0640625953674325 0.059042043983936317 7.5083332061767587 3.6374499797821049 0.54063427448272716 -62.25035095214843
decision_type=2 2 2 2 2 2 2
left_child=1 2 -1 -3 5 -2 -6
right_child=4 3 -4 -5 6 -7 -8
leaf_value=-1.1834128076374062 0.038000524349137185 -0.087502794754207469 -0.1137669339841664 0.027395591717271683 0.13907539893073748 0.34011308127280565 -0.00056008495920190071
leaf_weight=0.18477627658235407 5.3291818086554477 7.1796876755458952 3.466689579478043 11.93051014459097 1.7356321235499752 0.97998157532174435 1083.1423857634641
leaf_count=652 4930 8055 5395 15026 356 315 219533
internal_value=-0.000667816 -0.0401755 -0.167895 -0.0157717 0.000156296 0.0849267 -0.00033669
internal_weight=1113.95 22.7617 3.65147 19.1102 1091.19 6.30916 1084.88
internal_count=254262 29128 6047 23081 225134 5245 219889
is_linear=0
shrinkage=0.12


Tree=476
num_leaves=8
num_cat=0
split_feature=1 41 53 7 1 9 72
split_gain=2.23447 6.36954 12.8986 5.12591 3.7671 5.90029 3.26374
threshold=9.8682498931884783 0.031232566572725776 2.0070312023162846 10.331400394439699 10.627649784088137 1.0000000180025095e-35 37.389062881469734
decision_type=2 2 2 2 2 2 2
left_child=1 2 -1 -3 5 -2 -6
right_child=4 3 -4 -5 6 -7 -8
leaf_value=-0.015520406836976546 0.088230990049852714 0.0050029276848653874 -0.16172160200720875 -0.15444097687479849 0.0016078929932820155 -0.035408230973336237 -0.044836910536754107
leaf_weight=36.539226600489506 16.885306924756719 121.46530338392043 11.401028787645378 2.9745742901286567 894.67977365244462 8.2853039007065963 22.331154935343079
leaf_count=36332 13225 51996 14682 36 125987 2875 9129
internal_value=-0.000564241 -0.0131257 -0.0502896 0.00119163 0.00173399 0.0475332 0.000476864
internal_weight=1114.56 172.38 47.9403 124.44 942.182 25.1706 917.011
internal_count=254262 103046 51014 52032 151216 16100 135116
is_linear=0
shrinkage=0.12


Tree=477
num_leaves=7
num_cat=0
split_feature=1 1 41 1 14 54
split_gain=1.97505 2.14299 5.24119 3.01838 2.04204 2.66377
threshold=0.40164999663829809 9.8682498931884783 0.031232566572725776 10.627649784088137 5.2929999828338632 -0.093259051442146287
decision_type=2 2 2 2 2 2
left_child=4 2 -2 -3 -1 -6
right_child=1 3 -4 -5 5 -7
leaf_value=0.18246788602450054 -0.046419092428579729 0.043075982608350709 0.00014577535631572267 0.00042034434011808464 -0.35841868152418371 0.1182944441431267
leaf_weight=1.6513485918287636 48.585945404258936 24.52726566545266 122.74187552998627 916.86112302556035 0.26918406178174348 0.45256802364292503
leaf_count=183 50558 16100 51499 135116 82 724
internal_value=-0.000481679 -0.000714908 -0.0130593 0.00153171 0.108876 -0.0595001
internal_weight=1115.09 1112.72 171.328 941.388 2.3731 0.721752
internal_count=254262 253273 102057 151216 989 806
is_linear=0
shrinkage=0.12


Tree=478
num_leaves=5
num_cat=0
split_feature=43 43 43 1
split_gain=2.00739 1.94584 5.40674 2.2089
threshold=-62.25035095214843 -0.61941686272621144 -1.0485529303550718 16.548550605773929
decision_type=2 2 2 2
left_child=-1 2 -2 -3
right_child=1 3 -4 -5
leaf_value=0.13446156519821553 -0.010735330665338856 -0.0053675199869525712 -0.1512041046060657 0.0055170814797222741
leaf_weight=1.5866708396092679 33.30953552422568 512.89091791788019 4.4760648363561577 563.40293960715667
leaf_count=356 8979 200384 1009 43534
internal_value=-0.000417378 -0.000609472 -0.0273752 0.000330196
internal_weight=1115.67 1114.08 37.7856 1076.29
internal_count=254262 253906 9988 243918
is_linear=0
shrinkage=0.12


Tree=479
num_leaves=5
num_cat=0
split_feature=28 28 28 59
split_gain=1.87055 1.91067 2.96662 1.8087
threshold=155.83131408691409 152.29668426513675 148.35223388671878 2.4963618516922002
decision_type=2 2 2 2
left_child=1 2 -1 -2
right_child=3 -3 -4 -5
leaf_value=-0.00064547595141240335 0.14804751726700471 -0.086765558889308522 0.16177302103523511 0.0039031126694545342
leaf_weight=1105.4120215226765 2.3976866094839773 3.7016246876487449 1.6217749488823745 2.6268575836743846
leaf_count=252860 333 306 291 472
internal_value=-0.000364869 -0.000695333 -0.000407537 0.0726881
internal_weight=1115.76 1110.74 1107.03 5.02454
internal_count=254262 253457 253151 805
is_linear=0
shrinkage=0.12


Tree=480
num_leaves=7
num_cat=0
split_feature=24 88 90 17 76 81
split_gain=2.1427 3.81067 5.06215 2.15291 6.19273 5.90862
threshold=0.81030231714248668 0.37225000560283666 0.2497428581118584 1.0000000180025095e-35 0.95135819911956798 1.0000000180025095e-35
decision_type=2 2 2 2 2 2
left_child=1 2 -1 4 -2 -5
right_child=3 -3 -4 5 -6 -7
leaf_value=0.015669094578868635 -0.016757102296949183 -0.059126838358764193 -0.046741093226398613 0.0082477974509117726 0.031102023988334736 -0.024926992925283054
leaf_weight=56.640140610771915 221.56355650653302 24.002293623873271 27.949976249114677 637.55628087439231 47.232373534879116 87.977461825316595
leaf_count=889 43317 407 771 189074 7311 12395
internal_value=-0.000921563 -0.0169265 -0.00495227 0.000826367 -0.00834738 0.00422506
internal_weight=1102.92 108.592 84.5901 994.33 268.796 725.534
internal_count=254164 2067 1660 252097 50628 201469
is_linear=0
shrinkage=0.12


Tree=481
num_leaves=7
num_cat=0
split_feature=8 41 82 57 57 47
split_gain=1.75344 4.22306 4.82581 2.40851 8.2767 6.74279
threshold=13.711093425750734 0.24948941916227343 1.0000000180025095e-35 6.089583396911622 5.9390625953674325 0.19006760418415072
decision_type=2 2 2 2 2 2
left_child=3 2 -2 4 -1 -5
right_child=1 -3 -4 5 -6 -7
leaf_value=0.0025424568152939298 -0.014293880338481207 -0.066530549684996762 0.050636066279546837 0.0010030458854936638 0.15103158957922677 -0.064548278555419711
leaf_weight=811.76193960982505 120.10020290325048 18.415456813127264 19.105382126028417 97.024357990256505 5.4416661750052517 29.456708842020674
leaf_count=204398 2041 306 598 31887 1904 13030
internal_value=-0.000810668 -0.0125267 -0.00538252 0.00114622 0.00353123 -0.0142635
internal_weight=1101.31 157.621 139.206 943.685 817.204 126.481
internal_count=254164 2945 2639 251219 206302 44917
is_linear=0
shrinkage=0.12


Tree=482
num_leaves=7
num_cat=0
split_feature=24 1 1 45 1 10
split_gain=1.78823 2.21348 2.41095 1.83962 6.72382 4.03189
threshold=0.52394732832908641 20.1855001449585 21.230599403381351 0.2963541597127915 6.3546001911163339 2.5000000000000004
decision_type=2 2 2 2 2 2
left_child=1 -1 -3 4 -2 -5
right_child=3 2 -4 5 -6 -7
leaf_value=0.016075359094641764 0.072846436521156147 -0.069229771516970295 -0.0078603061670855356 0.0078997359806199426 -0.013921563727039009 -0.011781879907923981
leaf_weight=15.232524928893666 13.645867167215782 18.291408731630572 18.583674240143051 612.97797081901376 223.46885253537801 198.39166754666746
leaf_count=355 9321 351 351 154530 51816 37440
internal_value=-0.000708311 -0.0224058 -0.0383018 0.000370014 -0.0089281 0.00308729
internal_weight=1100.59 52.1076 36.8751 1048.48 237.115 811.37
internal_count=254164 1057 702 253107 61137 191970
is_linear=0
shrinkage=0.12


Tree=483
num_leaves=7
num_cat=0
split_feature=1 12 22 34 53 1
split_gain=1.54572 1.83406 2.93959 1.5051 8.29722 2.70091
threshold=0.40164999663829809 2.3404500484466557 3.0168750286102299 1.2500571608543398 2.3088542222976689 5.2280499935150155
decision_type=2 2 2 2 2 2
left_child=1 -1 -3 5 -5 -2
right_child=3 2 -4 4 -6 -7
leaf_value=0.16765713770910887 -0.035698073226757651 -0.39647666821835653 0.11789200184003217 0.036176983112951915 -0.05656481040110025 -0.00092992766889469516
leaf_weight=1.614418318147272 33.260266062110873 0.24837806196956069 0.44960679705877737 61.1661643023576 17.973195332372967 985.43895128704935
leaf_count=174 23557 335 505 8450 4159 216984
internal_value=-0.000620242 0.0973869 -0.0651462 -0.000826677 0.0151146 -0.0020651
internal_weight=1100.15 2.3124 0.697985 1097.84 79.1394 1018.7
internal_count=254164 1014 840 253150 12609 240541
is_linear=0
shrinkage=0.12


Tree=484
num_leaves=8
num_cat=0
split_feature=49 14 71 88 1 1 1
split_gain=1.92366 9.19452 5.6375 4.65507 1.9883 7.75387 5.93194
threshold=1.8635416626930239 5.1384000778198251 45.500000000000007 0.33602499961853033 6.3546001911163339 5.7943501472473153 6.5067501068115243
decision_type=2 2 2 2 2 2 2
left_child=4 2 -2 -3 5 -1 -6
right_child=1 3 -4 -5 6 -7 -8
leaf_value=-0.0011128761848186771 -0.0051133301365204904 -0.095306252539036268 0.079104623832868565 0.091023844492930023 -0.12951136270302804 0.1110174373256002 -0.0023611713280345045
leaf_weight=47.928641075244684 19.132733703269786 11.838070590014011 28.487424329451507 2.3069963098751023 5.3123486806298379 10.900067212752729 974.47661547361758
leaf_count=31124 2915 3196 3767 2307 1903 6669 202283
internal_value=-0.000540496 0.020034 0.0452677 -0.0649167 -0.00176403 0.0196632 -0.00305057
internal_weight=1100.38 61.7652 47.6202 14.1451 1038.62 58.8287 979.789
internal_count=254164 12185 6682 5503 241979 37793 204186
is_linear=0
shrinkage=0.12


Tree=485
num_leaves=7
num_cat=0
split_feature=0 58 57 83 58 55
split_gain=2.8799 2.387 2.56331 0.388078 2.51853e-05 2.03939e-06
threshold=0.7365500032901765 11.418222427368166 7.0395832061767587 1.0000000180025095e-35 -10.504734516143797 0.054835420101881034
decision_type=2 2 2 2 2 2
left_child=4 2 -2 -3 -1 -6
right_child=1 3 -4 -5 5 -7
leaf_value=0.12105811510823614 0.0046997399891045314 0.068808709916930069 -0.015471374317158266 0.1554675526079064 0.12048174099570794 0.12017854999821341
leaf_weight=0.67818902022008876 996.05406147514816 1.5511963065798675 99.810898400375322 1.4302763702035006 0.3815059809803637 1.9646814001616801
leaf_count=583 214793 343 33814 293 442 3963
internal_value=0.00347614 0.00315429 0.00286256 0.110381 0.120414 0.120228
internal_weight=1101.87 1098.85 1095.86 2.98147 3.02438 2.34619
internal_count=254231 249243 248607 636 4988 4405
is_linear=0
shrinkage=0.12


Tree=486
num_leaves=8
num_cat=0
split_feature=0 57 53 19 51 0 57
split_gain=2.60498 5.39208 14.1882 4.01227 2.75558 5.18636 3.26857
threshold=4.1435499191284189 15.164062500000002 2.2588542699813847 0.25546874105930334 0.30281835794448858 9.4320001602172869 6.9109375476837167
decision_type=2 2 2 2 2 2 2
left_child=1 3 -3 -1 6 -6 -2
right_child=4 2 -4 -5 5 -7 -8
leaf_value=0.12011290925172158 0.0022725632590927937 -0.033548813722113789 -1.1567008976569073 0.018743914312815958 -0.11541538019168092 0.024113298644800569 -0.02173805153231087
leaf_weight=8.3919030892520876 865.55414811710432 1.0938114154691891 0.19011124209919206 17.038983944962183 3.9694558191368676 114.25274119994154 90.144789032313156
leaf_count=12310 177844 1665 538 14685 2773 21280 23136
internal_value=0.00306649 0.040081 -0.199855 0.0521945 0.00214572 0.0194285 7.80004e-06
internal_weight=1100.64 26.7148 1.28392 25.4309 1073.92 118.222 955.699
internal_count=254231 29198 2203 26995 225033 24053 200980
is_linear=0
shrinkage=0.12


Tree=487
num_leaves=7
num_cat=0
split_feature=0 53 63 0 71 59
split_gain=2.37413 2.05728 5.63587 4.69494 1.37789e-05 6.11231e-06
threshold=0.7365500032901765 2.2195312976837163 -1.0000000180025095e-35 9.2254500389099139 176.50000000000003 -6.2103071212768546
decision_type=2 2 2 2 2 2
left_child=4 2 -2 -3 5 -1
right_child=1 3 -4 -5 -6 -7
leaf_value=0.12092849678848414 -0.051549401423823485 0.039752352659544889 0.0083941459911833979 -0.0082510110046275509 0.12115230577860234 0.12018924055791637
leaf_weight=0.17502908559799912 23.367947779328574 31.888262774080772 674.94813307166294 367.03734693501826 0.2729966295783014 2.0174884978164291
leaf_count=80 3136 18477 169315 58315 268 4640
internal_value=0.00272521 0.00246091 0.00638824 -0.00441384 0.120348 0.120248
internal_weight=1099.71 1097.24 698.316 398.926 2.46551 2.19252
internal_count=254231 249243 172451 76792 4988 4720
is_linear=0
shrinkage=0.12


Tree=488
num_leaves=7
num_cat=0
split_feature=0 58 36 58 58 55
split_gain=2.11585 2.07077 4.63702 2.73766 1.0485e-05 9.17569e-07
threshold=0.7365500032901765 7.8455524444580087 10.277011871337892 0.74748352169990551 -10.504734516143797 0.04447977431118489
decision_type=2 2 2 2 2 2
left_child=4 3 -3 -2 -1 -6
right_child=1 2 -4 -5 5 -7
leaf_value=0.12078329903136691 0.0023387067926568584 0.13338360907209867 0.010610922641706171 -0.034704769665035266 0.12042927440525099 0.12013401009571217
leaf_weight=0.51425403637404121 1038.0120467857373 5.468234672990202 23.330608726048588 29.546635990813002 0.16853476332130313 1.5045906561108493
leaf_count=583 236063 510 3356 9314 281 4124
internal_value=0.00240526 0.00217003 0.0339226 0.00131346 0.120309 0.120164
internal_weight=1098.54 1096.36 28.7988 1067.56 2.18738 1.67313
internal_count=254231 249243 3866 245377 4988 4405
is_linear=0
shrinkage=0.12


Tree=489
num_leaves=7
num_cat=0
split_feature=0 66 63 0 58 55
split_gain=1.88457 1.91739 6.89284 2.64675 7.34811e-06 6.4214e-07
threshold=0.7365500032901765 11.214062213897707 -1.0000000180025095e-35 9.0112500190734881 -10.504734516143797 0.04447977431118489
decision_type=2 2 2 2 2 2
left_child=4 3 -3 -2 -1 -6
right_child=1 2 -4 -5 5 -7
leaf_value=0.12069587948985185 0.032922088911776552 -0.14546557948190186 -0.0061457283329279175 0.0023588636026587789 0.12038111816128098 0.12011888469383157
leaf_weight=0.45641255513419299 42.67410077018269 5.3458173963372237 117.76915331944519 929.86169327501773 0.14953306317875004 1.3346099528353077
leaf_count=583 20288 2030 91667 135258 281 4124
internal_value=0.00212313 0.00191387 -0.0121952 0.00369995 0.120275 0.120145
internal_weight=1097.59 1095.65 123.115 972.536 1.94056 1.48414
internal_count=254231 249243 93697 155546 4988 4405
is_linear=0
shrinkage=0.12


Tree=490
num_leaves=6
num_cat=0
split_feature=28 43 75 51 14
split_gain=2.50954 2.48552 2.31536 0.677414 0.206397
threshold=3.9956747293472294 -58.451850891113274 5.5000000000000009 0.076286807656288161 -2.4621000289916988
decision_type=2 2 2 2 2
left_child=3 -2 -3 -1 -5
right_child=1 2 -4 4 -6
leaf_value=0.0044138634574402754 -0.099960992916634905 0.00012593112682281857 -0.015322427480192198 0.19959317913960697 0.1179719162014182
leaf_weight=0.69254537463608246 3.7583807217165477 925.37607287315677 164.54900648180273 0.61174416624271599 1.6478703573672102
leaf_count=272 373 205960 46893 20 1061
internal_value=-0.00224404 -0.00254228 -0.00220635 0.108246 0.140069
internal_weight=1096.64 1093.68 1089.93 2.95216 2.25961
internal_count=254579 253226 252853 1353 1081
is_linear=0
shrinkage=0.12


Tree=491
num_leaves=7
num_cat=0
split_feature=58 29 69 12 29 55
split_gain=2.29014 4.45295 3.80921 2.41441 2.5982 2.44471
threshold=7.8455524444580087 10.277011871337892 5.5000000000000009 0.33209998905658727 232.69544219970706 0.083172198385000243
decision_type=2 2 2 2 2 2
left_child=3 -2 -3 5 -5 -1
right_child=1 2 -4 4 -6 -7
leaf_value=0.015439219662642696 0.13459473685972057 -0.084644166716601285 0.033903644569318991 -0.00010399910865308775 -0.021019147481775999 -0.064876071494662541
leaf_weight=7.9738739650984476 4.9751172182794532 4.8918165116883783 19.31121009817312 948.72222102441515 94.00344334359238 17.293696782235603
leaf_count=250 483 356 2955 221329 28510 696
internal_value=-0.00197152 0.0311974 0.00994325 -0.00287771 -0.00198953 -0.0395304
internal_weight=1097.17 29.1781 24.203 1067.99 1042.73 25.2676
internal_count=254579 3794 3311 250785 249839 946
is_linear=0
shrinkage=0.12


Tree=492
num_leaves=8
num_cat=0
split_feature=13 29 72 89 1 28 13
split_gain=2.18563 7.60838 22.0338 3.71855 2.75471 2.04269 0.110136
threshold=9.7238497734069842 252.66841125488284 12.788541793823244 1.0000000180025095e-35 0.40164999663829809 3.9956747293472294 4.978450059890748
decision_type=2 2 2 2 2 2 2
left_child=4 3 -3 -2 6 -6 -1
right_child=1 2 -4 -5 5 -7 -8
leaf_value=0.16798901699342134 0.022647705921401893 -1.06363153286067 -0.0059251262009673731 -0.22303484196755646 0.10098211833845652 -0.0017736853720255765 0.10844001655957405
leaf_weight=1.1261320500925638 6.1105637691489374 0.40540745723774285 0.94400855739695544 1.0377975761459763 2.7929955221964056 1083.871660475744 0.74187841472939897
leaf_count=37 2882 414 1214 385 1323 247424 900
internal_value=-0.00173254 -0.0623542 -0.323694 -0.0130204 -0.00125929 -0.00150958 0.144339
internal_weight=1097.03 8.49778 1.34942 7.14836 1088.53 1086.66 1.86801
internal_count=254579 4895 1628 3267 249684 248747 937
is_linear=0
shrinkage=0.12


Tree=493
num_leaves=8
num_cat=0
split_feature=33 69 77 50 63 53 58
split_gain=1.99822 6.40058 6.46741 5.88655 6.86933 4.31822 4.16579
threshold=0.21150749176740649 16.500000000000004 1.0000000180025095e-35 0.061144301667809493 19999945.000000004 2.5114583969116215 -9.153350353240965
decision_type=2 2 2 2 2 2 2
left_child=1 6 -3 4 -2 -5 -1
right_child=3 2 -4 5 -6 -7 -8
leaf_value=0.04502408155878581 0.030617223839575554 -0.073869289097220028 -0.004170833094293655 -0.0061075497906367959 -0.10510449007005153 0.023950524680994737 -0.0065505720168657633
leaf_weight=27.550811024597792 123.95830992126889 39.126325037179072 37.588794759609584 663.2854619075257 5.6132175056638962 76.79311534117619 124.29896090677421
leaf_count=4095 19233 2879 2707 189155 757 16626 19127
internal_value=-0.00148178 -0.0114663 -0.0397185 0.00114238 0.0247376 -0.00298862 0.00280686
internal_weight=1098.21 228.565 76.7151 869.65 129.572 740.079 151.85
internal_count=254579 28808 5586 225771 19990 205781 23222
is_linear=0
shrinkage=0.12


Tree=494
num_leaves=7
num_cat=0
split_feature=74 59 49 71 65 72
split_gain=1.97655 5.12085 4.94853 2.00153 3.2182 2.48717
threshold=59.500000000000007 19999975.000000004 1.6489583253860476 151.50000000000003 44.500000000000007 37.389062881469734
decision_type=2 2 2 2 2 2
left_child=3 2 -2 5 -5 -1
right_child=1 -3 -4 4 -6 -7
leaf_value=-0.00082956991660719005 0.083866715283035131 -0.5267586453875388 -0.63657071239129093 0.089818884291645348 -0.14163746186872792 -0.04755770301199784
leaf_weight=1070.7797682841738 1.0093035559946191 0.36932216418517771 0.15890795651193901 6.6931801097334747 0.99343460229465552 16.657718174402817
leaf_count=239591 1975 155 240 4728 1548 6342
internal_value=-0.00130494 -0.137267 -0.014132 -0.00111405 0.059905 -0.00154537
internal_weight=1096.66 1.53753 1.16821 1095.12 7.68661 1087.44
internal_count=254579 2370 2215 252209 6276 245933
is_linear=0
shrinkage=0.12


Tree=495
num_leaves=8
num_cat=0
split_feature=7 81 8 83 0 83 47
split_gain=2.82373 6.85052 6.99039 6.4251 3.65436 9.09518 3.91435
threshold=10.331400394439699 1.0000000180025095e-35 12.766571998596193 1.0000000180025095e-35 31.393300056457523 0.37500000000000006 0.19006760418415072
decision_type=2 2 2 2 2 2 2
left_child=4 3 -3 -2 5 -1 -6
right_child=1 2 -4 -5 6 -7 -8
leaf_value=-0.025908147469124308 0.015785828913883387 -0.0016608091123358449 -0.11274974355426204 -0.01493914177983606 0.017100522672654099 0.031785241872001491 -0.0091502846598226217
leaf_weight=132.40796020101951 161.26627227822297 15.545916706046709 17.161268001258435 249.85145521625901 355.84314255161814 55.985117348148862 106.21162767829861
leaf_count=86386 5062 118 512 5197 87796 34596 34825
internal_value=0.000287589 -0.00709197 -0.0599485 -0.00288687 0.00532294 -0.0087633 0.0110663
internal_weight=1094.27 443.825 32.7072 411.118 650.448 188.393 462.055
internal_count=254492 10889 630 10259 243603 120982 122621
is_linear=0
shrinkage=0.12


Tree=496
num_leaves=8
num_cat=0
split_feature=66 51 53 34 63 12 66
split_gain=2.39375 5.41032 10.3229 4.06905 3.18108 5.2551 2.81533
threshold=11.581770896911623 0.42491711676120764 1.9320312142372134 1.0803285837173464 3.4508941173553471 1.3440999984741213 11.575520515441896
decision_type=2 2 2 2 2 2 2
left_child=4 3 -3 -2 6 -6 -1
right_child=1 2 -4 -5 5 -7 -8
leaf_value=0.0033357849029863459 0.0044730130673338751 -0.65821477577768572 -0.039329545872604059 0.064563296213215923 -0.040511799089749896 -0.0027345754191524583 -0.15406845541516181
leaf_weight=730.30793139133743 40.708459946660241 0.46443484576593563 2.3612222903147995 26.983589288586018 69.986540934058013 218.7971994404372 1.6399618823170374
leaf_count=137552 53140 1069 1922 7683 6714 45792 620
internal_value=0.000252519 0.0216354 -0.141052 0.0284264 -0.00122472 -0.0118899 0.00298311
internal_weight=1091.25 70.5177 2.82566 67.692 1020.73 288.784 731.948
internal_count=254492 63814 2991 60823 190678 52506 138172
is_linear=0
shrinkage=0.12


Tree=497
num_leaves=8
num_cat=0
split_feature=7 53 53 47 19 90 2
split_gain=2.08954 3.4961 5.93686 3.96822 3.23156 6.24687 4.3571
threshold=10.331400394439699 2.2135417461395268 2.2072916030883794 0.052375258877873428 0.27864582836627966 0.014757142867892982 190.8850021362305
decision_type=2 2 2 2 2 2 2
left_child=1 2 -1 -3 6 -6 -2
right_child=4 3 -4 -5 5 -7 -8
leaf_value=0.0093426578142056047 -0.02949979490527728 -0.046358116936895448 0.12035996887904055 -0.00090858769770664418 -0.0012204943556813226 -0.048666403720863789 0.0093051953491501329
leaf_weight=405.32951257825937 51.349398321867397 32.001387358027955 7.0572341849978093 204.05393079386988 106.09479113677648 64.105088313485311 220.95645738011427
leaf_count=165961 1596 7141 2565 67936 2470 1352 5471
internal_value=0.000237713 0.0045761 0.0112425 -0.00707006 -0.00611971 -0.0190908 0.00198764
internal_weight=1090.95 648.442 412.387 236.055 442.506 170.2 272.306
internal_count=254492 243603 168526 75077 10889 3822 7067
is_linear=0
shrinkage=0.12


Tree=498
num_leaves=8
num_cat=0
split_feature=66 65 63 63 63 66 57
split_gain=1.94178 5.97977 7.60372 2.71256 1.9458 5.96328 5.12067
threshold=11.675520896911623 44.500000000000007 -1.0942116379737852 -1.0000000180025095e-35 3.3484623432159428 11.65468740463257 0.30078125000000006
decision_type=2 2 2 2 2 2 2
left_child=4 2 -2 -3 5 -1 -6
right_child=1 3 -4 -5 6 -7 -8
leaf_value=0.0033231618721495781 -0.54750289411991304 -0.041244575638695352 -0.010204961045718497 0.087607081589239952 -0.060827996139544871 -0.14216118212080492 -0.0042090611338964313
leaf_weight=738.88323483382032 0.38657565954918283 2.7026255251739739 20.09355940096475 18.169227211664065 25.055961043280945 4.0794942204079225 280.59938325363134
leaf_count=147915 331 287 18110 17091 4949 3024 62785
internal_value=0.000214591 0.0257201 -0.0203468 0.0709225 -0.000791214 0.00252433 -0.00885037
internal_weight=1089.97 41.352 20.4801 20.8719 1048.62 742.963 305.655
internal_count=254492 35819 18441 17378 218673 150939 67734
is_linear=0
shrinkage=0.12


Tree=499
num_leaves=8
num_cat=0
split_feature=59 49 72 55 41 13 41
split_gain=1.98811 5.35615 5.59499 3.51059 1.93774 8.04813 2.49827
threshold=-1.4514939188957212 1.3757812380790713 9.8867187500000018 0.067653205245733275 0.33906581997871404 3.821449995040894 0.31275269389152532
decision_type=2 2 2 2 2 2 2
left_child=1 2 -1 -3 6 -6 -2
right_child=4 3 -4 -5 5 -7 -8
leaf_value=-0.087594632065499042 1.8102825584282345e-05 0.1750699260369388 0.050058106567632869 0.045934920355940635 -0.041332995654270767 0.051459543091484337 0.05301364570709715
leaf_weight=8.2780371941111728 969.63810567502173 4.1538339944581812 8.742610640498695 11.219557453771861 56.836589272671006 17.635993330698113 12.980708577706762
leaf_count=644 235997 359 1931 1781 2770 8486 2524
internal_value=0.000201131 0.0294841 -0.0168897 0.0808267 -0.00069623 -0.0193586 0.000718191
internal_weight=1089.49 32.394 17.0206 15.3734 1057.09 74.4726 982.619
internal_count=254492 4715 2575 2140 249777 11256 238521
is_linear=0
shrinkage=0.12


Tree=500
num_leaves=8
num_cat=0
split_feature=47 28 1 77 49 0 49
split_gain=2.59483 3.26745 6.32766 6.30043 2.57399 5.00868 4.29629
threshold=0.1406848803162575 40.673921585083015 17.334899902343754 1.0000000180025095e-35 0.842708319425583 13.690350055694582 0.90104165673255932
decision_type=2 2 2 2 2 2 2
left_child=4 2 -2 -3 5 -1 -6
right_child=1 3 -4 -5 6 -7 -8
leaf_value=0.095813543020229791 -0.043549337892187241 0.030153088654425782 0.016827583629518847 -0.0031280334759961359 -0.06928897812313263 0.006070003802986417 -0.0042198973144995299
leaf_weight=9.6235505405658426 43.738047541764374 186.06064651584586 58.330740800555262 146.32857523886037 15.049679958664852 128.96286672671292 502.30843643353086
leaf_count=3271 27465 54539 4598 25992 3979 21147 113141
internal_value=0.00254199 0.00973485 -0.00904486 0.0155017 -0.00222213 0.0123019 -0.00611272
internal_weight=1090.4 434.458 102.069 332.389 655.945 138.586 517.358
internal_count=254132 112594 32063 80531 141538 24418 117120
is_linear=0
shrinkage=0.12


Tree=501
num_leaves=7
num_cat=0
split_feature=24 49 6 82 88 49
split_gain=2.44847 3.39946 2.55969 2.25444 7.48056 2.13813
threshold=0.52394732832908641 1.5213541984558108 8.7394499778747576 1.0000000180025095e-35 0.33602499961853033 1.8635416626930239
decision_type=2 2 2 2 2 2
left_child=1 2 -1 5 -5 -2
right_child=3 -3 -4 4 -6 -7
leaf_value=-0.038720361354003204 0.00078516471149903491 -0.070146281759640008 0.024673498519178817 0.0019578422256013683 0.097142440994794368 0.026337780775040402
leaf_weight=16.413488910530983 922.91172179771013 15.525133397671736 20.78820593306401 48.476433834226313 15.753150634025713 49.693732337109168
leaf_count=267 195948 271 486 35389 12196 9575
internal_value=0.00224588 -0.0229797 -0.00329604 0.00352869 0.0253031 0.00209074
internal_weight=1089.56 52.7268 37.2017 1036.84 64.2296 972.605
internal_count=254132 1024 753 253108 47585 205523
is_linear=0
shrinkage=0.12


Tree=502
num_leaves=7
num_cat=0
split_feature=76 0 49 47 55 71
split_gain=2.29439 2.87495 27.8349 1.94561 1.25133 4.52598e-05
threshold=0.05331974849104882 2.2946499586105351 1.2320312857627871 0.1406848803162575 0.39955714344978338 184.50000000000003
decision_type=2 2 2 2 2 2
left_child=4 2 -2 -3 5 -1
right_child=1 3 -4 -5 -6 -7
leaf_value=0.12026446439394124 -0.79747386868731718 -0.0021949081345889383 0.12019746733260382 0.0082058264028105499 -0.064632786254002622 0.12269418252941772
leaf_weight=3.3247573907235615 0.65384065180137385 651.34516871919618 1.7496000582150371 429.9578351962225 0.62184162682297017 0.1141902359204322
leaf_count=9225 2433 131938 5918 103920 642 56
internal_value=0.0019867 0.00164933 -0.129449 0.00194073 0.0920189 0.120345
internal_weight=1087.77 1083.71 2.40344 1081.3 4.06079 3.43895
internal_count=254132 244209 8351 235858 9923 9281
is_linear=0
shrinkage=0.12


Tree=503
num_leaves=7
num_cat=0
split_feature=76 63 70 59 55 71
split_gain=1.98696 1.8867 4.45524 2.3507 1.13601 3.15828e-05
threshold=0.05331974849104882 19999991.000000004 18.500000000000004 19999977.000000004 0.39955714344978338 184.50000000000003
decision_type=2 2 2 2 2 2
left_child=4 3 -3 -2 5 -1
right_child=1 2 -4 -5 -6 -7
leaf_value=0.12023474777769695 0.001238913907502661 0.16423458133473384 -0.09840515912104647 0.049701597176182562 -0.05353948144186825 0.12238746657263415
leaf_weight=2.9494794944175737 1061.7454244463786 1.0932085120856516 6.2321950136343958 14.611015949738656 0.65800616151045677 0.10151591358771828
leaf_count=9225 233392 755 3025 7037 642 56
internal_value=0.0017838 0.00148371 -0.05921 0.00189677 0.0894647 0.120306
internal_weight=1087.39 1083.68 7.3254 1076.36 3.709 3.051
internal_count=254132 244209 3780 240429 9923 9281
is_linear=0
shrinkage=0.12


Tree=504
num_leaves=7
num_cat=0
split_feature=41 13 88 24 51 82
split_gain=1.98862 7.28758 2.76438 1.99716 2.75348 2.0807
threshold=0.6449771821498872 1.3938000202178957 0.84024286270141613 0.52394732832908641 0.082529310137033476 1.0000000180025095e-35
decision_type=2 2 2 2 2 2
left_child=3 -2 -3 4 -1 -5
right_child=1 2 -4 5 -6 -7
leaf_value=0.022414760770808017 -0.1970190207372427 0.069572465927758481 -0.091949567850683145 0.0018772316435036647 -0.038363935248166725 0.024595255456575454
leaf_weight=15.094338810415762 3.3293019679867921 4.8163203081658139 2.233296795093338 961.99045355687758 37.15231980203697 61.782147988604379
leaf_count=285 52 1137 295 204323 731 47309
internal_value=0.00157608 -0.0506992 0.0184028 0.00208031 -0.0208046 0.00324821
internal_weight=1086.4 10.3789 7.04962 1076.02 52.2467 1023.77
internal_count=254132 1484 1432 252648 1016 251632
is_linear=0
shrinkage=0.12


Tree=505
num_leaves=8
num_cat=0
split_feature=33 88 84 84 28 29 88
split_gain=2.74002 6.01267 16.6861 9.58158 4.36132 10.548 8.80159
threshold=0.21150749176740649 1.0000000180025095e-35 10.000000000000002 10.000000000000002 38.880989074707038 2.6165128946304326 0.84285715222358715
decision_type=2 2 2 2 2 2 2
left_child=4 3 -3 -2 5 -1 -6
right_child=1 2 -4 -5 6 -7 -8
leaf_value=-0.035297909632808711 0.0028277955704083947 -0.0011285656539993059 -0.088496533415171691 0.05105206370761671 -0.046562744879739972 0.09424755358301648 0.0050839786520845351
leaf_weight=19.479392888955687 546.1050211563786 213.74847523711321 36.914927164530354 66.560293960678223 93.993809955232877 16.906024696080806 96.092600631033463
leaf_count=1176 157008 46184 5146 17184 13614 665 13322
internal_value=-0.0014205 0.00166129 -0.0139952 0.00806691 -0.0131686 0.0248938 -0.0204543
internal_weight=1089.8 863.329 250.663 612.665 226.472 36.3854 190.086
internal_count=254299 225522 51330 174192 28777 1841 26936
is_linear=0
shrinkage=0.12


Tree=506
num_leaves=7
num_cat=0
split_feature=22 86 12 62 22 14
split_gain=2.58349 6.71925 3.85463 5.69576 3.72918 3.55672
threshold=0.14085000008344653 1.0000000180025095e-35 0.56554999947547924 -3.0196723937988277 0.24310000240802768 -0.057250000536441796
decision_type=2 2 2 2 2 2
left_child=1 -1 3 -2 -4 -3
right_child=2 5 4 -5 -6 -7
leaf_value=-0.050860255462699268 -0.055885118156783133 -0.0035127933072071483 -0.069437137642120214 0.10471990577416096 1.7253158521725917e-05 0.11155865412180424
leaf_weight=42.582679377649328 4.4362022170220134 10.42019214865107 11.257283683005879 11.227103739423226 1000.9699841871669 6.151196221817826
leaf_count=484 346 300 204 989 251119 857
internal_value=-0.00124445 -0.0256305 0.000158947 0.0592329 -0.00075517 0.039201
internal_weight=1087.04 59.1541 1027.89 15.6633 1012.23 16.5714
internal_count=254299 1641 252658 1335 251323 1157
is_linear=0
shrinkage=0.12


Tree=507
num_leaves=7
num_cat=0
split_feature=61 61 0 41 41 58
split_gain=2.69744 3.46553 2.97798 5.47979 3.2481 1.9719
threshold=15.409375190734865 15.731250286102297 11.71959972381592 0.21290078759193423 0.13815595209598544 -0.073027044534683214
decision_type=2 2 2 2 2 2
left_child=2 -2 3 -1 -4 -3
right_child=1 5 4 -5 -6 -7
leaf_value=-0.037949657614312286 0.20616577300081546 0.046833717902177871 0.0047152385607948663 0.043477545003881048 -0.0099939992523961473 -0.041035214365524604
leaf_weight=68.489765238762573 1.6736996284571031 16.035465369148874 658.50231010907714 14.404032623336944 321.83092205485377 4.7721872825115907
leaf_count=52152 497 8183 138992 7078 44997 2400
internal_value=-0.00109059 0.0400435 -0.00196035 -0.0238005 -0.000113617 0.0266812
internal_weight=1085.71 22.4814 1063.23 82.8938 980.333 20.8077
internal_count=254299 11080 243219 59230 183989 10583
is_linear=0
shrinkage=0.12


Tree=508
num_leaves=8
num_cat=0
split_feature=50 66 76 72 88 41 2
split_gain=2.2852 5.39324 7.57664 5.50807 3.93321 10.2786 7.84611
threshold=0.21811801940202716 11.581770896911623 0.28055433928966528 6.8770833015441903 1.0000000180025095e-35 0.1089121736586094 451.14500427246099
decision_type=2 2 2 2 2 2 2
left_child=1 3 -3 -1 5 -2 -6
right_child=4 2 -4 -5 6 -7 -8
leaf_value=0.0073879803848635617 0.0023047840709559783 -0.045853180970285269 0.066328964196724238 -0.017718338142347363 -0.0047639295439860585 0.056199492339347408 -0.1345477985376885
leaf_weight=191.97196278130338 268.81200999076179 12.028195371445234 31.046760781367425 365.24052947269416 146.78003177180585 62.876357166897719 7.0289478398772181
leaf_count=35533 102146 4471 13198 48297 30620 19941 93
internal_value=-0.000955261 -0.00590617 0.0350034 -0.00906866 0.00516624 0.0125213 -0.0106949
internal_weight=1085.78 600.287 43.075 557.212 485.497 331.688 153.809
internal_count=254299 101499 17669 83830 152800 122087 30713
is_linear=0
shrinkage=0.12


Tree=509
num_leaves=7
num_cat=0
split_feature=61 61 76 55 61 53
split_gain=2.19004 2.94328 2.37241 9.50164 2.17407 1.72888
threshold=15.409375190734865 15.731250286102297 0.090398218482732787 0.041475649923086173 8.5354170799255389 2.0989582538604741
decision_type=2 2 2 2 2 2
left_child=2 -2 3 -1 -4 -3
right_child=1 5 4 -5 -6 -7
leaf_value=-0.75599705062041922 0.19487666763372791 0.06563971176525138 0.00018740509722573834 -0.041114298531671221 -0.024231625264631931 -0.0048163591273896874
leaf_weight=0.27629711222485198 1.5691878611859511 8.5691008711834247 997.57934209722441 8.631043432766857 55.419162001727614 12.09273241426965
leaf_count=747 497 5536 211375 13600 17497 5047
internal_value=-0.00083906 0.0364369 -0.00161943 -0.0632893 -0.00109777 0.024404
internal_weight=1084.14 22.231 1061.91 8.90734 1053 20.6618
internal_count=254299 11080 243219 14347 228872 10583
is_linear=0
shrinkage=0.12


Tree=510
num_leaves=8
num_cat=0
split_feature=76 83 8 76 23 57 81
split_gain=3.85595 6.88672 18.7189 7.88824 5.24845 3.92637 3.85676
threshold=0.70997270941734325 1.0000000180025095e-35 10.800346851348879 0.84624999761581432 0.14616250246763232 4.253645896911622 1.0000000180025095e-35
decision_type=2 2 2 2 2 2 2
left_child=4 3 -3 -2 5 -1 -6
right_child=1 2 -4 -5 6 -7 -8
leaf_value=-0.0010996447650842482 0.031880425994531232 0.028750355577201098 -0.047060425545755624 -0.018664961299644806 0.013428430679498607 -0.057849622775279747 -0.018705613597080901
leaf_weight=44.154413715697743 98.844989119474306 69.125400948504875 145.87777118168592 80.809671482199931 554.28913221271614 29.143267092081814 59.563756737941844
leaf_count=986 21452 34331 3981 22006 161202 621 9705
internal_value=0.00125697 -0.00819641 -0.0226866 0.00914483 0.00668642 -0.0236635 0.0103104
internal_weight=1081.81 394.658 215.003 179.655 687.151 73.2977 613.853
internal_count=254284 81770 38312 43458 172514 1607 170907
is_linear=0
shrinkage=0.12


Tree=511
num_leaves=8
num_cat=0
split_feature=10 24 78 2 23 81 86
split_gain=2.57381 8.91663 27.7979 8.45577 4.01466 6.16023 4.1817
threshold=2.5000000000000004 4.1020710468292245 1.0000000180025095e-35 244.63999938964847 0.14616250246763232 1.0000000180025095e-35 1.0000000180025095e-35
decision_type=2 2 2 2 2 2 2
left_child=4 2 -2 -3 6 -6 -1
right_child=1 3 -4 -5 5 -7 -8
leaf_value=-0.046921980085264561 0.0066511772513653091 -0.0015006014993915954 -0.097494463582485563 0.080955374390134394 0.011027228970117891 -0.024034832491396787 0.0088073264393272437
leaf_weight=42.384184107597278 121.81009002179914 63.033312088740161 52.947567771691496 25.01673528302581 657.24894301202391 81.057041544637855 35.73621990223198
leaf_count=704 2535 17919 842 29366 189345 12539 1034
internal_value=0.00111576 -0.00921306 -0.0249026 0.0219267 0.00444061 0.00717784 -0.0214286
internal_weight=1079.23 262.808 174.758 88.05 816.426 738.306 78.1204
internal_count=254284 50662 3377 47285 203622 201884 1738
is_linear=0
shrinkage=0.12


Tree=512
num_leaves=7
num_cat=0
split_feature=76 57 13 57 28 51
split_gain=2.48353 6.36724 4.58007 4.09657 4.03715 2.1907
threshold=0.70997270941734325 1.4640625119209292 0.2902000099420548 1.0000000180025095e-35 18.748935699462894 0.19827993959188464
decision_type=2 2 2 2 2 2
left_child=2 4 5 -4 -2 -1
right_child=1 -3 3 -5 -6 -7
leaf_value=-0.029355726777008043 -0.10660909470485412 0.199047292515071 0.03509178143826492 0.0036363443660210109 -0.0062313886456946219 -0.13276884611163042
leaf_weight=8.5538748396065767 5.8575790220208424 2.1561305393543071 66.158330358988678 603.26026597962834 385.16646493147431 4.5025096488570844
leaf_count=596 2066 219 13903 157738 79485 277
internal_value=0.000995632 -0.0066011 0.00537218 0.00674507 -0.00773506 -0.0650179
internal_weight=1075.66 393.18 682.475 669.419 391.024 13.0564
internal_count=254284 81770 172514 171641 81551 873
is_linear=0
shrinkage=0.12


Tree=513
num_leaves=8
num_cat=0
split_feature=71 19 13 61 58 57 90
split_gain=2.0958 4.36613 7.34411 3.99562 3.48526 2.99271 0.820573
threshold=51.500000000000007 0.44062499701976782 0.70794999599456798 7.8739583492279062 0.16835638880729678 0.45703125000000006 0.2497428581118584
decision_type=2 2 2 2 2 2 2
left_child=3 4 -3 5 -2 -1 -5
right_child=1 2 -4 6 -6 -7 -8
leaf_value=-0.0090212073439935835 0.014140048791732189 -0.15415524501196143 -0.0071480320929597505 -0.11512786557736235 -0.017976083827547319 0.0090415208230168864 -0.29796715235642235
leaf_weight=415.29296701171438 378.50364348711071 6.1575465882004918 23.838914549792321 0.71733649207463546 55.835380533138505 193.69236394561983 0.69680285056973901
leaf_count=91319 98845 97 3285 411 15576 44481 270
internal_value=0.00087776 0.00695346 -0.0373251 -0.00374407 0.0100114 -0.00327622 -0.20522
internal_weight=1074.73 464.335 29.9965 610.399 434.339 608.985 1.41414
internal_count=254284 117803 3382 136481 114421 135800 681
is_linear=0
shrinkage=0.12


Tree=514
num_leaves=5
num_cat=0
split_feature=53 54 54 19
split_gain=2.0462 1.97472 4.9263 3.59295
threshold=3.2250000238418584 0.19896265119314197 0.20098498463630679 0.27864582836627966
decision_type=2 2 2 2
left_child=1 3 -3 -1
right_child=-2 2 -4 -5
leaf_value=0.012241933572105398 -0.11743299698505758 -0.076363826156710168 -0.0034932839736085105 -0.0047811300866114521
leaf_weight=397.40740321926324 2.1046205522995924 13.911864310277222 336.25402975741872 324.18709392712361
leaf_count=93245 299 2940 100738 57062
internal_value=0.000773755 0.00100588 -0.00638838 0.00459407
internal_weight=1073.87 1071.76 350.166 721.594
internal_count=254284 253985 103678 150307
is_linear=0
shrinkage=0.12


Tree=515
num_leaves=8
num_cat=0
split_feature=55 55 55 65 88 54 47
split_gain=2.35669 5.47949 6.48624 3.75863 3.17475 3.94504 3.40292
threshold=0.083809539675712599 0.07991861924529077 0.077777989208698287 14.500000000000002 1.3357856869697573 -0.19721388816833493 0.15101601183414462
decision_type=2 2 2 2 2 2 2
left_child=1 2 -1 -3 5 -2 -6
right_child=4 3 -4 -5 6 -7 -8
leaf_value=0.0068170891073976092 -0.049614010610170498 0.22145271329439342 -0.076045259669575455 0.0483916593411131 -0.01078266464190099 -0.0035358216569817197 0.16723944835293744
leaf_weight=324.38573937014593 27.861378972648936 1.9671831245684526 14.198620503657819 22.213268455123242 3.0006827804377272 674.4843977885123 3.1899067098220257
leaf_count=77066 4973 433 2741 5118 332 163279 340
internal_value=-0.000582324 0.00728352 0.00334224 0.0624709 -0.00460957 -0.0053637 0.0809491
internal_weight=1071.3 362.765 338.584 24.1805 708.536 702.346 6.19059
internal_count=254282 85358 79807 5551 168924 168252 672
is_linear=0
shrinkage=0.12


Tree=516
num_leaves=5
num_cat=0
split_feature=88 41 77 41
split_gain=1.81558 1.7247 11.3807 5.005
threshold=1.3417428731918337 0.32337984442710882 1.0000000180025095e-35 0.31275269389152532
decision_type=2 2 2 2
left_child=1 3 -3 -1
right_child=-2 2 -4 -5
leaf_value=-1.1934583561128078e-05 0.10488714799387382 0.033672855117330855 -0.055301092152699127 0.10724749660154077
leaf_weight=977.91736174517735 2.3485510781679286 36.216616706504027 48.324535248803187 6.3050287790434814
leaf_count=239703 473 6513 6553 1040
internal_value=-0.000506037 -0.000737633 -0.0171855 0.00067518
internal_weight=1071.11 1068.76 84.5412 984.222
internal_count=254282 253809 13066 240743
is_linear=0
shrinkage=0.12


Tree=517
num_leaves=7
num_cat=0
split_feature=76 22 7 71 72 55
split_gain=2.07055 5.14455 2.71485 1.72761 1.92517 1.86716
threshold=0.9820503592491151 0.66201665997505199 9.2675499916076678 151.50000000000003 37.389062881469734 0.12520841509103778
decision_type=2 2 2 2 2 2
left_child=3 -2 -3 4 -1 -5
right_child=1 2 -4 5 -6 -7
leaf_value=-0.0011170661845447257 -0.072964835418489804 -0.0090307021389658525 0.080983926987866967 0.11383510148569023 -0.042304466783456514 0.0033769025043938628
leaf_weight=1016.8093851284453 5.5492814972722071 6.7419641924025226 16.967406451261922 3.8787110390938704 16.608852081683949 5.1028465440769253
leaf_count=236341 322 2114 558 4046 6217 4684
internal_value=-0.000439885 0.0310438 0.0553875 -0.00132359 -0.00177902 0.0510786
internal_weight=1071.66 29.2587 23.7094 1042.4 1033.42 8.98156
internal_count=254282 2994 2672 251288 242558 8730
is_linear=0
shrinkage=0.12


Tree=518
num_leaves=8
num_cat=0
split_feature=55 66 59 43 88 88 51
split_gain=1.70783 4.75051 14.7687 4.26441 2.61754 6.91354 3.91496
threshold=0.083809539675712599 11.741927146911623 0.15287984162569049 1.0000000180025095e-35 0.78127142786979686 0.75294286012649547 0.17502862960100177
decision_type=2 2 2 2 2 2 2
left_child=1 3 -3 -1 5 -2 -6
right_child=4 2 -4 -5 6 -7 -8
leaf_value=0.0088483368896821075 -0.006304424418023113 -0.66237227149257183 -0.032194305089251425 -0.18026967679340847 -0.0044541212166902388 -0.14099822003465384 0.035232850819496522
leaf_weight=355.22187283052949 549.5337382194607 0.61235910265690918 4.2680223836209734 1.7252814061023389 98.215257492261799 5.5427644094627331 56.315882301889133
leaf_count=80599 138389 608 3999 152 19776 1169 9590
internal_value=-0.000382866 0.00632647 -0.111265 0.00793425 -0.00380394 -0.00764942 0.010009
internal_weight=1071.44 361.828 4.88038 356.947 709.608 555.077 154.531
internal_count=254282 85358 4607 80751 168924 139558 29366
is_linear=0
shrinkage=0.12


Tree=519
num_leaves=8
num_cat=0
split_feature=41 85 15 8 88 33 51
split_gain=1.55733 4.95448 12.9742 9.3063 3.66471 6.84889 4.59661
threshold=0.10394232347607614 0.62500000000000011 0.83072248101234447 11.328137874603273 0.72628572583198558 0.20432233810424807 0.063488908112049117
decision_type=2 2 2 2 2 2 2
left_child=4 3 -3 -2 5 -1 -6
right_child=1 2 -4 -5 6 -7 -8
leaf_value=-0.12405522719322948 -0.021378784916236192 -0.049319075915175439 0.0081563085285812128 0.026973739360330137 0.082657235291124967 0.0014327851117578387 0.012868634891397663
leaf_weight=6.3397673989896921 98.863391967148402 104.36312186622993 123.4619837850378 136.40418446705473 16.954647895236576 516.82676961045229 68.489840220330734
leaf_count=6218 35310 2522 40721 3788 4286 147445 13992
internal_value=-0.000314949 -0.00555903 -0.0181723 0.0066552 0.00367528 -8.78871e-05 0.0267167
internal_weight=1071.7 463.093 227.825 235.268 608.611 523.167 85.4445
internal_count=254282 82341 43243 39098 171941 153663 18278
is_linear=0
shrinkage=0.12


Tree=520
num_leaves=6
num_cat=0
split_feature=16 33 45 28 19
split_gain=2.72367 2.98382 13.0491 7.24741 2.21729
threshold=0.76515501737594616 0.21792351454496386 0.80078125000000011 108.29303359985353 0.25885416567325598
decision_type=2 2 2 2 2
left_child=4 2 -2 -3 -1
right_child=1 3 -4 -5 -6
leaf_value=0.0034583561728624623 0.010086981126384231 0.0037955366052578499 -0.040715518583186686 0.06304805554611681 -0.048243523628683449
leaf_weight=20.375053392597653 209.80164267983838 673.25559373945634 111.50088892786192 31.098756369486864 28.868229701231069
leaf_count=402 19014 212174 13697 8597 564
internal_value=0.000716616 0.00204019 -0.0075429 0.00641166 -0.0268512
internal_weight=1074.9 1025.66 321.303 704.354 49.2433
internal_count=254448 253482 32711 220771 966
is_linear=0
shrinkage=0.12


Tree=521
num_leaves=7
num_cat=0
split_feature=16 24 73 14 1 1
split_gain=2.11167 2.31101 7.81584 4.30864 1.88795 1.90759
threshold=0.76515501737594616 8.0291309356689471 83.755493164062514 1.7527499794960024 20.1855001449585 21.230599403381351
decision_type=2 2 2 2 2 2
left_child=4 3 -3 -2 -1 -6
right_child=1 2 -4 -5 5 -7
leaf_value=0.0098159904133501754 0.0020852145090693871 -0.10969646792666152 -0.0040781261957481873 0.033880254205444785 -0.07008763621185389 -0.012308003153054092
leaf_weight=16.260440772256274 747.62417601577704 10.628007524249311 199.03550639009865 66.862796785979754 15.881709054973518 17.073771273344384
leaf_count=339 65829 1549 147183 38921 308 319
internal_value=0.000636405 0.00180319 -0.009432 0.00469533 -0.0236436 -0.0401528
internal_weight=1073.37 1024.15 209.664 814.487 49.2159 32.9555
internal_count=254448 253482 148732 104750 966 627
is_linear=0
shrinkage=0.12


Tree=522
num_leaves=7
num_cat=0
split_feature=19 14 61 63 63 50
split_gain=1.87355 5.81008 4.52477 2.94726 5.88857 3.83871
threshold=0.41562499105930334 -2.2591000795364375 4.663541555404664 19999949.000000004 19999947.000000004 -0.079658024013042436
decision_type=2 2 2 2 2 2
left_child=3 -2 -3 4 -1 -5
right_child=1 2 -4 5 -6 -7
leaf_value=0.0014048372483818155 -0.11189482860011951 -0.020294695159639772 0.049334828587639892 0.16173828542919302 -0.090256100301429817 0.020758649983818381
leaf_weight=907.68878640575804 8.2488327464272526 67.104250826350651 16.804659809633449 2.9179916766989953 10.206091397434646 59.334600817721928
leaf_count=218005 132 8056 2506 502 1581 23666
internal_value=0.000561261 -0.0157969 -0.00634981 0.00209933 0.000385657 0.0273668
internal_weight=1072.31 92.1577 83.9089 980.147 917.895 62.2526
internal_count=254448 10694 10562 243754 219586 24168
is_linear=0
shrinkage=0.12


Tree=523
num_leaves=5
num_cat=0
split_feature=62 61 51 57
split_gain=1.79624 1.78731 4.38223 4.34119
threshold=12.613980293273928 6.4343750476837167 0.032673623412847526 6.089583396911622
decision_type=2 2 2 2
left_child=1 3 -3 -1
right_child=-2 2 -4 -5
leaf_value=0.00072118576031678669 -0.12083666500386894 0.15277421766148716 0.0097752688542797218 -0.034978618687555779
leaf_weight=865.47745217708666 1.7540695777126973 3.1511469166191537 149.20748149920109 51.996898362556067
leaf_count=190559 486 1069 48708 13626
internal_value=0.000497759 0.000696695 0.0127328 -0.00130206
internal_weight=1071.59 1069.83 152.359 917.474
internal_count=254448 253962 49777 204185
is_linear=0
shrinkage=0.12


Tree=524
num_leaves=8
num_cat=0
split_feature=33 2 88 33 88 87 85
split_gain=1.74342 11.6242 20.4389 8.90856 6.91568 8.93957 7.76892
threshold=0.21792351454496386 201.46500396728518 0.79190000891685497 0.21482235938310626 1.0000000180025095e-35 1.0000000180025095e-35 0.62500000000000011
decision_type=2 2 2 2 2 2 2
left_child=1 3 -3 -1 5 -2 -6
right_child=4 2 -4 -5 6 -7 -8
leaf_value=-0.0023987635102445197 0.005118307313604107 -0.11242074654474501 0.078451364948915608 0.10593852416876469 0.0087182211205380535 0.051058854433835274 -0.034637880028597461
leaf_weight=267.13900568816848 440.72960333095426 32.430678396277244 10.758560830930945 11.396114691394699 117.29109407642434 70.790975940779958 120.8192737073945
leaf_count=28436 122497 1307 1305 1675 23878 49076 26274
internal_value=0.000441094 -0.0069481 -0.064874 0.0020338 0.00361237 0.0114762 -0.013281
internal_weight=1071.36 321.724 43.1892 278.535 749.631 511.521 238.11
internal_count=254448 32723 2612 30111 221725 171573 50152
is_linear=0
shrinkage=0.12


Tree=525
num_leaves=8
num_cat=0
split_feature=13 55 2 6 0 72 14
split_gain=2.91444 7.15873 7.6164 2.8605 5.77527 3.15904 2.74041
threshold=0.57449999451637279 0.20603848248720172 364.50000000000006 8.9855999946594256 59.432701110839851 24.439583778381351 -1.6873000264167783
decision_type=2 2 2 2 2 2 2
left_child=1 2 -1 5 -5 -2 -3
right_child=3 6 -4 4 -6 -7 -8
leaf_value=-0.017080054314747461 -0.0020762264038571045 0.062843323906112247 -0.10452269312264763 0.013420348736206107 0.11891127471946754 0.020858967398241855 -0.0067215485491123857
leaf_weight=84.351397347827003 749.28840022771669 18.571417007704746 17.28276683131341 80.125089029511855 8.2418683826908801 97.762908616642335 14.537957376446917
leaf_count=1954 196253 423 308 3258 119 51678 316
internal_value=0.000337428 -0.0161625 -0.0319496 0.00271419 0.0232593 0.000570852 0.0322982
internal_weight=1070.16 134.744 101.634 935.418 88.367 847.051 33.1094
internal_count=254309 3001 2262 251308 3377 247931 739
is_linear=0
shrinkage=0.12


Tree=526
num_leaves=8
num_cat=0
split_feature=13 55 34 66 6 6 78
split_gain=2.25884 5.54906 5.90984 5.33708 2.71377 8.41385 4.65252
threshold=0.57449999451637279 0.20603848248720172 0.60075712203979503 9.4588541984558123 5.9916999340057382 5.8481500148773202 1.0000000180025095e-35
decision_type=2 2 2 2 2 2 2
left_child=1 2 -1 -3 5 -2 -6
right_child=4 3 -4 -5 6 -7 -8
leaf_value=-0.092090253225207169 -0.004045762149410703 0.069635210055122687 -0.015029103114027017 -0.02805047944593005 0.013360322887430224 -0.13186523447107559 -0.0084723361348205354
leaf_weight=17.263373162293888 269.82227563491119 19.122575677810815 84.358476392961222 13.914039393507805 453.53575305851564 7.6254729482739085 203.67004941003415
leaf_count=308 182747 444 1954 295 49225 3988 15348
internal_value=0.000299576 -0.0142309 -0.0281201 0.0284929 0.00239303 -0.0075588 0.00659432
internal_weight=1069.31 134.658 101.622 33.0366 934.654 277.448 657.206
internal_count=254309 3001 2262 739 251308 186735 64573
is_linear=0
shrinkage=0.12


Tree=527
num_leaves=8
num_cat=0
split_feature=13 55 34 58 6 28 72
split_gain=1.75152 4.30571 4.58512 2.33307 2.112 4.30138 2.53715
threshold=0.57449999451637279 0.20603848248720172 0.60075712203979503 -2.563664317131042 8.9855999946594256 51.713253021240241 24.439583778381351
decision_type=2 2 2 2 2 2 2
left_child=1 2 -1 -3 6 -6 -2
right_child=4 3 -4 -5 5 -7 -8
leaf_value=-0.081130667751638449 -0.0020915819753109192 -0.0049050512143589808 -0.013224398485033184 0.059146706455945761 -0.0063898535585534891 0.046766780496719819 0.018524566830100567
leaf_weight=17.24518626934632 749.12198432584592 17.414707344252875 84.365725591970403 15.457628972857917 44.428050988015514 43.270137915904854 97.1016784198614
leaf_count=308 196253 371 1954 368 1547 1830 51678
internal_value=0.00026739 -0.0125365 -0.0247493 0.0252141 0.00211113 0.0198375 0.000274061
internal_weight=1068.41 134.483 101.611 32.8723 933.922 87.6982 846.224
internal_count=254309 3001 2262 739 251308 3377 247931
is_linear=0
shrinkage=0.12


Tree=528
num_leaves=8
num_cat=0
split_feature=88 83 2 55 88 34 13
split_gain=1.73285 5.12403 5.31655 2.3198 1.93516 2.65535 1.78032
threshold=1.2795857191085818 1.0000000180025095e-35 121.72999954223634 0.25679259002208715 1.2611714005470278 1.2704142928123476 3.9984500408172612
decision_type=2 2 2 2 2 2 2
left_child=4 3 -3 -2 6 -6 -1
right_child=1 2 -4 -5 5 -7 -8
leaf_value=0.003618671188608744 -0.0007994240283520931 -0.033554902537243463 -0.18554421753613887 0.11093817432638872 0.17998733386481566 -0.0024000844709283872 -0.0079990524099850368
leaf_weight=776.5946993460517 13.744189916622334 13.445275381864692 4.3982124881489417 3.3222968723081001 2.0613673038982077 2.5983636806512607 251.43802774990138
leaf_count=70613 1875 1622 374 298 375 411 178741
internal_value=0.000238031 -0.0260566 -0.0710185 0.0209523 0.00112692 0.0782843 0.000777188
internal_weight=1067.6 34.91 17.8435 17.0665 1032.69 4.65973 1028.03
internal_count=254309 4169 1996 2173 250140 786 249354
is_linear=0
shrinkage=0.12


Tree=529
num_leaves=7
num_cat=0
split_feature=24 33 49 88 59 1
split_gain=1.83771 1.81715 4.4666 3.07106 1.22562 0.0880074
threshold=14.522059917449953 0.2097679600119591 2.0203124284744267 0.64335712790489208 -1.0000000180025095e-35 4.8799498081207284
decision_type=2 2 2 2 2 2
left_child=1 2 -1 -3 -2 -6
right_child=4 3 -4 -5 5 -7
leaf_value=-0.014100710896826758 -0.032572671212243672 0.0058881886733094342 0.098368669619563448 -0.01139663512937397 0.07624085516367346 0.13018876029160587
leaf_weight=179.39300205943124 1.0090180548977516 690.51637141809806 5.2330990990674868 188.4075949736872 0.530283776497526 2.4347297028352841
leaf_count=26307 50 183282 1202 41507 563 1398
internal_value=0.000213971 -9.03745e-05 -0.0109128 0.00218299 0.0816645 0.12054
internal_weight=1067.52 1063.55 184.626 878.924 3.97403 2.96501
internal_count=254309 252298 27509 224789 2011 1961
is_linear=0
shrinkage=0.12


Tree=530
num_leaves=8
num_cat=0
split_feature=1 1 19 45 1 55 61
split_gain=2.06085 5.31824 7.11785 4.99444 3.32351 2.27226 2.15576
threshold=6.3546001911163339 5.8809499740600595 0.21979166567325595 0.94895833730697643 6.4329500198364267 0.2461328208446503 3.3718750476837163
decision_type=2 2 2 2 2 2 2
left_child=1 2 -1 -3 6 -6 -2
right_child=4 3 -4 -5 5 -7 -8
leaf_value=0.14029837293834443 -0.052174863941801583 0.13928167514603901 -0.010971448006946449 -0.09224557368923593 -0.00056897476414724752 -0.01556878710609234 -0.27630576849418254
leaf_weight=4.9617724888472443 1.596299252347307 8.0666194552461103 46.0614201617513 1.6093393802721028 825.8063187962598 176.51320225844825 1.0082822264994318
leaf_count=2648 832 5254 30372 738 178766 35444 157
internal_value=-0.00226534 0.019207 0.00373885 0.100773 -0.0035623 -0.00321051 -0.13894
internal_weight=1065.62 60.6992 51.0232 9.67596 1004.92 1002.32 2.60458
internal_count=254211 39012 33020 5992 215199 214210 989
is_linear=0
shrinkage=0.12


Tree=531
num_leaves=7
num_cat=0
split_feature=43 8 81 5 59 10
split_gain=2.01229 3.83972 5.24985 1.52509 3.05735 1.66689
threshold=-0.50966191291809071 13.012866020202638 1.0000000180025095e-35 4.170300006866456 1.2614657878875735 2.5000000000000004
decision_type=2 2 2 2 2 2
left_child=1 2 -1 5 -5 -2
right_child=3 -3 -4 4 -6 -7
leaf_value=0.024293680899996825 0.0025840399436230684 -0.066142147334667223 -0.21176464049537871 -0.07204642977913521 0.018384596096982626 -0.0086557805820378503
leaf_weight=19.353206393448776 748.7620052415773 19.727820837894797 1.4589296388769515 12.252070561618195 9.6033485802037308 254.60567221946656
leaf_count=9597 193105 278 719 478 399 49635
internal_value=-0.00198803 -0.0282099 0.00774601 -0.000951153 -0.0323107 -0.000268077
internal_weight=1065.76 40.54 20.8121 1025.22 21.8554 1003.37
internal_count=254211 10594 10316 243617 877 242740
is_linear=0
shrinkage=0.12


Tree=532
num_leaves=7
num_cat=0
split_feature=49 49 22 51 6 74
split_gain=1.92092 3.77986 2.5798 2.5401 1.75618 1.34088
threshold=2.1203125715255742 2.0578125715255742 0.66201665997505199 0.16360925883054736 3.7729499340057377 15.500000000000002
decision_type=2 2 2 2 2 2
left_child=1 4 -2 -4 -1 -3
right_child=2 5 3 -5 -6 -7
leaf_value=0.010944308243699255 -0.14962454855393867 0.0098637496831090431 0.032189499138467213 -0.067838661603934702 -0.0034969768344000232 0.1539146285546962
leaf_weight=140.05107730329485 2.6786074041799308 1.3384912483982123 6.8005202914164595 7.9052277602370395 903.78504089914884 3.0528091184105506
leaf_count=119185 140 509 2262 1464 130137 514
internal_value=-0.00174814 -0.00109201 -0.0413107 -0.0215817 -0.0015594 0.110007
internal_weight=1065.61 1048.23 17.3844 14.7057 1043.84 4.3913
internal_count=254211 250345 3866 3726 249322 1023
is_linear=0
shrinkage=0.12


Tree=533
num_leaves=8
num_cat=0
split_feature=50 72 85 22 50 22 62
split_gain=1.75033 4.88939 2.83248 2.64909 2.93776 2.73516 2.1375
threshold=0.68115413188934337 12.169791698455812 1.0000000180025095e-35 4.0112750530242929 0.57429730892181408 3.9949417114257817 -24.195787429809567
decision_type=2 2 2 2 2 2 2
left_child=3 2 -2 5 -5 -1 -3
right_child=1 6 -4 4 -6 -7 -8
leaf_value=-0.0015287806200077205 0.0065860965616308335 -0.053615954327445134 -0.18272430446541807 0.085623476783286703 -0.0041422808892106243 -0.099662386053472038 0.11139609077113008
leaf_weight=1030.2682247301836 1.6067365495493939 1.9919297837132033 3.9020083773582428 10.592136997628019 10.409334440057703 4.106173474860042 2.6136598925450016
leaf_count=242623 334 285 1019 4441 1617 1613 2279
internal_value=-0.00153781 -0.0512201 -0.127508 -0.00106168 0.0411313 -0.00191834 0.0400279
internal_weight=1065.49 10.1143 5.50874 1055.38 21.0015 1034.37 4.60559
internal_count=254211 3917 1353 250294 6058 244236 2564
is_linear=0
shrinkage=0.12


Tree=534
num_leaves=7
num_cat=0
split_feature=49 49 58 58 1 58
split_gain=1.51599 2.99834 2.17618 3.09668 1.53533 1.26918
threshold=2.1203125715255742 2.0578125715255742 -47.963867187499993 -12.74633741378784 6.3546001911163339 -0.88478910923004139
decision_type=2 2 2 2 2 2
left_child=1 4 -2 -4 -1 -3
right_child=2 5 3 -5 -6 -7
leaf_value=0.01757114175311247 -0.099661826372839823 0.031213599336632536 0.13646105612081472 -0.034040726588469988 -0.0023056749861820555 0.16296125060161981
leaf_weight=59.329772719561561 5.4149941629109462 2.0118301517022701 1.8140184564426824 9.9338904108628832 984.9999425826918 2.2091163886789209
leaf_count=38624 373 813 464 3029 210698 210
internal_value=-0.00134753 -0.00076849 -0.0367235 -0.0077132 -0.00117645 0.100166
internal_weight=1065.71 1048.55 17.1629 11.7479 1044.33 4.22095
internal_count=254211 250345 3866 3493 249322 1023
is_linear=0
shrinkage=0.12


Tree=535
num_leaves=5
num_cat=0
split_feature=28 28 0 53
split_gain=2.08522 3.22352 1.79634 0.351234
threshold=158.59754943847659 152.29668426513675 119.5795021057129 2.576041698455811
decision_type=2 2 2 2
left_child=1 2 -1 -2
right_child=3 -3 -4 -5
leaf_value=0.00053626648002033325 0.056380516948606269 -0.096871449633263162 -0.064515813866230107 0.14295737158409261
leaf_weight=1047.6927776263663 1.2110139662877366 4.9537495338613544 6.1485103646632515 1.5238486943503629
leaf_count=252178 400 418 1025 274
internal_value=-2.69305e-05 -0.000297235 0.000156728 0.104621
internal_weight=1061.53 1058.8 1053.84 2.73486
internal_count=254295 253621 253203 674
is_linear=0
shrinkage=0.12


Tree=536
num_leaves=5
num_cat=0
split_feature=31 31 5 75
split_gain=1.69455 2.40822 1.79261 0.330679
threshold=1.6125000119209292 1.5484375357627871 0.97804999351501476 5.5000000000000009
decision_type=2 2 2 2
left_child=1 2 -1 -2
right_child=3 -3 -4 -5
leaf_value=-0.0094586055822527618 0.13625847240592867 -0.082419312796299465 0.0026907619743372123 0.050848743151924294
leaf_weight=221.39266057427699 1.3962003647056911 5.1126568487693467 832.40526630861018 1.2259020243723169
leaf_count=75208 384 418 177995 290
internal_value=-2.17265e-05 -0.000260308 0.000138298 0.0963272
internal_weight=1061.53 1058.91 1053.8 2.6221
internal_count=254295 253621 253203 674
is_linear=0
shrinkage=0.12


Tree=537
num_leaves=8
num_cat=0
split_feature=57 57 49 1 51 51 47
split_gain=1.80399 6.59532 8.976 4.14802 3.10176 5.61333 4.22429
threshold=1.5140625238418581 1.588541626930237 1.8760416507720949 3.6709500551223759 0.19827993959188464 0.17911866307258609 0.37809453904628759
decision_type=2 2 2 2 2 2 2
left_child=4 2 -2 -3 5 -1 -6
right_child=1 3 -4 -5 6 -7 -8
leaf_value=-0.0024272258483765967 0.23147276212357856 -0.14805843931764448 0.0038047920430448667 0.004405865632475108 -0.01333061888608964 0.056641061326667998 -0.089729211760481181
leaf_weight=425.59372085289368 4.3570483071409267 2.5846773423394884 5.8309095520123719 440.79302201257462 146.74556426005239 24.500935082479657 11.218614799090743
leaf_count=96889 992 1527 943 114152 31341 6255 2196
internal_value=-1.69409e-05 0.00571056 0.101171 0.00351707 -0.00428922 0.000788161 -0.0187564
internal_weight=1061.62 453.566 10.188 443.378 608.059 450.095 157.964
internal_count=254295 117614 1935 115679 136681 103144 33537
is_linear=0
shrinkage=0.12


Tree=538
num_leaves=8
num_cat=0
split_feature=49 13 45 31 10 15 76
split_gain=1.63811 3.83511 5.58603 4.55582 3.45086 9.81381 5.49018
threshold=1.1447916626930239 1.6402000188827517 0.50885415077209484 1.0635416507720949 2.5000000000000004 1.0011360049247744 0.76363158226013195
decision_type=2 2 2 2 2 2 2
left_child=1 2 -1 -3 6 -6 -2
right_child=4 3 -4 -5 5 -7 -8
leaf_value=-0.0096508320945483655 0.0048795313081261352 0.0020943907381145445 -0.066933179394346412 0.13373879202808597 -0.06350708035625291 0.0056867181277688176 0.05689775454840975
leaf_weight=133.69144812064158 516.62621599209729 194.71007799534212 30.019050586198603 3.8605664431761388 40.147784568113408 111.46632811279115 30.9685815624008
leaf_count=5172 120016 82869 1118 522 344 30826 13428
internal_value=-7.77415e-06 -0.00655678 -0.0201545 0.00465379 0.00338546 -0.012636 0.00782136
internal_weight=1061.49 362.281 163.71 198.571 699.209 151.614 547.595
internal_count=254295 89681 6290 83391 164614 31170 133444
is_linear=0
shrinkage=0.12


Tree=539
num_leaves=7
num_cat=0
split_feature=70 13 6 78 49 90
split_gain=1.53652 4.35112 3.59458 6.28665 3.79619 3.37718
threshold=5.5000000000000009 1.3938000202178957 8.343299865722658 1.0000000180025095e-35 1.1867187619209292 0.25002500414848333
decision_type=2 2 2 2 2 2
left_child=2 -2 3 -1 -4 -3
right_child=1 5 4 -5 -6 -7
leaf_value=0.029890593240688684 -0.10264453110038357 -0.010364982792065441 -0.017391505208797495 -0.013640151611175886 0.0061337821785384496 0.014659142458571278
leaf_weight=150.74633019152216 6.5545105175405061 310.29908954424457 159.57272427078675 69.938235088227515 259.23936606738329 103.58505267880014
leaf_count=12571 535 175630 5401 3854 9238 47066
internal_value=-3.5137e-06 -0.0056383 0.00370109 0.016095 -0.00282965 -0.00410206
internal_weight=1059.94 420.439 639.497 220.685 418.812 413.884
internal_count=254295 223231 31064 16425 14639 222696
is_linear=0
shrinkage=0.12


Tree=540
num_leaves=8
num_cat=0
split_feature=8 88 2 22 23 33 36
split_gain=1.90127 8.95902 8.10595 4.76552 3.43035 3.13666 1.65626
threshold=7.2053339481353769 0.41747500002384191 188.57500457763675 0.24310000240802768 5.528599977493287 0.21150749176740649 -4.7573223114013663
decision_type=2 2 2 2 2 2 2
left_child=1 2 -1 -3 5 -2 -6
right_child=4 3 -4 -5 6 -7 -8
leaf_value=0.0048956296247429833 -0.013640596447044732 -0.0028614403882260371 -0.045489040919504328 0.070029126694398952 -0.072722593878345163 0.0073348916848080415 0.17190245426960882
leaf_weight=93.616184208934186 119.91576575081865 23.884562192877638 90.361633098041466 28.125445953615468 0.47363635225201539 713.46365536846247 2.5142737870829697
leaf_count=18167 10840 528 101311 38513 83 82902 2005
internal_value=0.00209289 -0.00741944 -0.0198511 0.0365556 0.00477687 0.00431671 0.133125
internal_weight=1072.36 235.988 183.978 52.01 836.367 833.379 2.98791
internal_count=254349 158519 119478 39041 95830 93742 2088
is_linear=0
shrinkage=0.12


Tree=541
num_leaves=7
num_cat=0
split_feature=76 66 24 1 1 66
split_gain=2.2439 6.65323 8.47366 5.64707 5.34705 2.88417
threshold=0.96128329634666454 0.92656251788139354 7.8761088848114023 2.189849972724915 14.928450107574465 1.119791626930237
decision_type=2 2 2 2 2 2
left_child=1 2 -1 -2 -5 -3
right_child=3 5 -4 4 -6 -7
leaf_value=-0.0048437198845112522 -0.15322180772796815 0.092185643045803428 -0.18242574924905799 0.050836708355303503 -0.019050649934580992 0.0011456290409178603
leaf_weight=9.6354840898419543 2.5591612120388438 5.0368278640507915 6.4658031260951239 48.620311189456515 23.328390742359346 974.53281265134751
leaf_count=1267 242 1083 631 7388 1310 242428
internal_value=0.00185925 0.000356117 -0.0761554 0.0219461 0.0281767 0.00161375
internal_weight=1070.18 995.671 16.1013 74.5079 71.9487 979.57
internal_count=254349 245409 1898 8940 8698 243511
is_linear=0
shrinkage=0.12


Tree=542
num_leaves=5
num_cat=0
split_feature=88 8 78 49
split_gain=1.64683 1.6407 10.3554 2.33878
threshold=1.3467286229133608 13.486831188201906 1.0000000180025095e-35 0.71328124403953563
decision_type=2 2 2 2
left_child=1 3 -3 -1
right_child=-2 2 -4 -5
leaf_value=0.019501199460291972 -0.11041242962368866 0.0047710246468686884 -0.062935898483003072 0.0016340611457499219
leaf_weight=123.53122262707666 1.8854110001157085 181.43915155654204 39.634207298241421 722.6571260017256
leaf_count=27387 241 3037 920 222764
internal_value=0.00163957 0.00183751 -0.00736753 0.0042424
internal_weight=1069.15 1067.26 221.073 846.188
internal_count=254349 254108 3957 250151
is_linear=0
shrinkage=0.12


Tree=543
num_leaves=8
num_cat=0
split_feature=57 57 55 62 47 69 66
split_gain=1.84939 3.2231 4.72911 2.27063 2.22508 2.7365 1.69365
threshold=15.784375190734865 14.118750095367433 0.07991861924529077 8.7956910133361834 0.10982535406947137 9.5000000000000018 9.4338541030883807
decision_type=2 2 2 2 2 2 2
left_child=1 3 -3 -1 5 -2 -6
right_child=4 2 -4 -5 6 -7 -8
leaf_value=0.0024124570293870906 -0.10739162017674672 -0.22389829500598399 -0.0049134853175494212 -0.030931794707755672 -0.10513078188375016 0.079416648542729021 0.11997103101515126
leaf_weight=1020.3630365742679 2.2065175831642776 2.2571850888716645 3.8291513065366871 30.280803491725237 0.52831492273792502 2.3127331283724288 5.4103063711727373
leaf_count=241484 822 568 1100 5304 59 1411 3601
internal_value=0.00144398 0.000947023 -0.0861264 0.00145144 0.0516593 -0.0117922 0.0999454
internal_weight=1067.19 1056.73 6.08634 1050.64 10.4579 4.51925 5.93862
internal_count=254349 248456 1668 246788 5893 2233 3660
is_linear=0
shrinkage=0.12


Tree=544
num_leaves=8
num_cat=0
split_feature=24 22 55 89 24 33 1
split_gain=1.60699 5.35945 8.2732 5.17295 3.3869 5.35723 1.87796
threshold=13.813644886016847 3.3897999525070195 0.10688774287700654 1.0000000180025095e-35 13.561198711395265 0.19911222904920581 0.40164999663829809
decision_type=2 2 2 2 2 2 2
left_child=4 2 -2 -3 6 -6 -1
right_child=1 3 -4 -5 5 -7 -8
leaf_value=0.13842962873986134 -0.82060010257249416 0.0035857361026989487 -0.11197899423997523 -0.18406170750962988 -0.40049114303496774 0.12082576199273344 0.0013121409043696196
leaf_weight=1.4403537049840895 0.29071503287112932 22.162189704483932 1.2900673763474513 2.3387610363240858 0.29940974511464347 5.464475689635492 1033.1696113769729
leaf_count=688 626 20201 1092 2055 360 5622 223705
internal_value=0.00127653 -0.0281434 -0.242299 -0.0143263 0.00201407 0.0937455 0.00150303
internal_weight=1066.46 26.0817 1.58078 24.501 1040.37 5.76389 1034.61
internal_count=254349 23974 1718 22256 230375 5982 224393
is_linear=0
shrinkage=0.12


Tree=545
num_leaves=7
num_cat=0
split_feature=58 49 13 41 0 31
split_gain=2.63816 3.4383 2.8847 2.06949 4.85829 3.81082
threshold=7.8455524444580087 0.82135415077209484 3.6620999574661259 0.11155621334910394 6.8534998893737802 0.72239583730697643
decision_type=2 2 2 2 2 2
left_child=3 -2 -3 5 -5 -1
right_child=1 2 -4 4 -6 -7
leaf_value=-0.0060777265473494786 -0.072128129398662102 0.066320846265569847 -0.06069969110430648 0.042517275622880032 -0.014199872079419504 0.015204640463036545
leaf_weight=441.03482185765552 3.8418841236875094 20.47788614086274 2.9448798124162741 22.988627367677907 402.95161164074267 167.04277645625007
leaf_count=131282 506 1295 2033 12774 63200 43276
internal_value=-0.00375288 0.0330923 0.0503509 -0.0047244 -0.0111388 -0.000231325
internal_weight=1061.28 27.2647 23.4228 1034.02 425.94 608.078
internal_count=254366 3834 3328 250532 75974 174558
is_linear=0
shrinkage=0.12


Tree=546
num_leaves=7
num_cat=0
split_feature=55 6 13 57 72 61
split_gain=2.30256 6.24942 5.11065 2.62177 4.92111 3.30658
threshold=0.26849640905857092 9.6870999336242694 0.44294999539852148 3.9145833253860478 27.513542175292972 2.7927083969116215
decision_type=2 2 2 2 2 2
left_child=3 2 -2 5 -5 -1
right_child=1 -3 -4 4 -6 -7
leaf_value=-0.00074443832672399664 -0.098256051812731379 0.19240841376457424 -0.013519485599136247 0.022658337261686472 -0.016815636045151152 -0.022435140810714772
leaf_weight=571.90492909109651 11.060025820440272 2.0265409448765004 139.83309909674881 148.85701769878375 65.484947896131018 122.96254239005475
leaf_count=126419 157 112 34600 34601 26975 31502
internal_value=-0.00329528 -0.0169191 -0.0197304 -0.00100389 0.0105984 -0.00458279
internal_weight=1062.13 152.92 150.893 909.209 214.342 694.867
internal_count=254366 34869 34757 219497 61576 157921
is_linear=0
shrinkage=0.12


Tree=547
num_leaves=7
num_cat=0
split_feature=58 29 33 71 54 7
split_gain=1.99041 2.80577 4.92037 1.82284 1.86096 1.68148
threshold=7.8455524444580087 11.320184230804445 0.41571365296840673 1.5000000000000002 -0.19721388816833493 6.44154977798462
decision_type=2 2 2 2 2 2
left_child=3 -2 -3 5 -5 -1
right_child=1 2 -4 4 -6 -7
leaf_value=-0.057388354534182368 0.10740683582615912 -0.051865773458526089 0.062915582276767495 -0.017148398958526875 -0.0023905145442021905 0.042972221550540382
leaf_weight=2.7470044511235328 5.3156858931215991 9.9603941485384002 11.689547038931961 143.29738483076585 870.43737786202462 19.250865962172952
leaf_count=658 530 1281 2023 29295 218799 1780
internal_value=-0.00289707 0.0292888 0.0101086 -0.00373504 -0.00447663 0.0304396
internal_weight=1062.7 26.9656 21.6499 1035.73 1013.73 21.9979
internal_count=254366 3834 3304 250532 248094 2438
is_linear=0
shrinkage=0.12


Tree=548
num_leaves=8
num_cat=0
split_feature=19 58 54 57 66 41 19
split_gain=1.94421 3.52838 3.17893 2.30106 2.04582 1.55031 0.0493224
threshold=0.47187499701976782 -5.101083278656005 0.057736897841095931 21.300000190734867 10.938541889190676 0.063381090760231032 0.30364583432674414
decision_type=2 2 2 2 2 2 2
left_child=3 5 -3 4 -1 -2 -5
right_child=1 2 -4 6 -6 -7 -8
leaf_value=0.00054061360594031909 -0.1309882882907355 -0.031115960208683721 0.050319341935685921 0.1022301484501468 -0.014552731730005238 -0.04731517734792557 0.14011830442909304
leaf_weight=863.83340517868339 4.9673512434937939 21.220212576772486 10.230565424359154 0.82121324011177366 152.08551985577481 8.9050347898611459 1.2446372241442984
leaf_count=141947 226 1921 1724 1838 105659 793 258
internal_value=-0.00254433 -0.0268626 -0.00462602 -0.00146162 -0.0017189 -0.0772764 0.125057
internal_weight=1063.31 45.3232 31.4508 1017.98 1015.92 13.8724 2.06585
internal_count=254366 4664 3645 249702 247606 1019 2096
is_linear=0
shrinkage=0.12


Tree=549
num_leaves=7
num_cat=0
split_feature=55 6 23 1 44 28
split_gain=1.76364 5.61185 6.60346 2.58971 2.35799 0.0252281
threshold=0.2461328208446503 9.6870999336242694 0.14616250246763232 0.40164999663829809 -0.68046602606773365 93.027507781982436
decision_type=2 2 2 2 2 2
left_child=3 2 -2 5 -5 -1
right_child=1 -3 -4 4 -6 -7
leaf_value=0.1279346852905254 -0.10182962498498069 0.13988233127876831 -0.0096745060738619142 -0.15262730097504351 -5.2068605719732059e-05 0.15606289378518554
leaf_weight=1.1726336798857335 11.993780109518694 3.3970277272769627 168.50891314375468 1.4610312686713758 876.66556713572277 0.75465236875606923
leaf_count=714 174 146 41761 291 211162 118
internal_value=-0.00223433 -0.0129221 -0.0157979 -9.616e-07 -0.000305924 0.138949
internal_weight=1063.95 183.9 180.503 880.054 878.127 1.92729
internal_count=254366 42081 41935 212285 211453 832
is_linear=0
shrinkage=0.12


Tree=550
num_leaves=8
num_cat=0
split_feature=22 57 85 72 69 34 33
split_gain=3.22533 9.2842 8.19223 5.72616 3.41844 5.02949 3.71186
threshold=0.24310000240802768 0.49479167163372045 0.37500000000000006 9.507291793823244 3.5000000000000004 1.1736428737640383 0.21482235938310626
decision_type=2 2 2 2 2 2 2
left_child=1 3 -3 -1 5 -2 -6
right_child=4 2 -4 -5 6 -7 -8
leaf_value=-0.01304480391542197 -0.00079888294014068123 -0.081978735407357006 0.040386205499144304 0.097674757557216746 -0.012394557202919038 0.090717589201856477 0.0048006405082739283
leaf_weight=17.060732452367379 20.206979328633082 37.587340033834209 9.9680148073589248 11.104240114798058 244.0919779694417 15.116419865780612 696.90874185735777
leaf_count=630 4322 505 1118 333 25330 4573 217126
internal_value=-0.000134371 -0.0239928 -0.05633 0.0306072 0.00171601 0.038365 0.000340272
internal_weight=1052.04 75.7203 47.5554 28.165 976.324 35.3234 941.001
internal_count=253937 2586 1623 963 251351 8895 242456
is_linear=0
shrinkage=0.12


Tree=551
num_leaves=8
num_cat=0
split_feature=12 88 29 16 2 63 76
split_gain=3.18892 5.78773 3.98308 2.98441 3.58569 2.16535 1.15979
threshold=1.9342499971389773 1.1230713725090029 -3.7145643234252925 1.2970045208930971 350.66000366210943 4.5596845149993905 0.55908134579658519
decision_type=2 2 2 2 2 2 2
left_child=3 2 -2 6 -5 -3 -1
right_child=1 5 -4 4 -6 -7 -8
leaf_value=-0.016447214316028278 -0.099566990426461777 0.098939857768572767 0.0042129494013707393 -0.0071479350990621988 0.053536005629254563 0.012952124292444151 -0.057025387813019947
leaf_weight=18.336973661592204 5.3730944975054618 12.74057557254274 600.35263304831551 369.63070798679956 14.574116303705749 6.303636584889559 22.697606783023666
leaf_count=391 3793 4216 191248 51178 1092 1529 490
internal_value=-0.000115542 0.00534032 0.00329237 -0.00813139 -0.004846 0.0704779 -0.0388924
internal_weight=1050.01 624.77 605.726 425.239 384.205 19.0442 41.0346
internal_count=253937 200786 195041 53151 52270 5745 881
is_linear=0
shrinkage=0.12


Tree=552
num_leaves=8
num_cat=0
split_feature=12 88 76 66 76 58 24
split_gain=2.47331 4.72616 3.31417 3.08376 7.52828 3.8097 2.10564
threshold=1.9342499971389773 1.1230713725090029 0.2342801168560982 11.581770896911623 0.39702597260475164 -68.697475433349595 1.445591986179352
decision_type=2 2 2 2 2 2 2
left_child=3 2 -2 5 -5 -1 -3
right_child=1 6 -4 4 -6 -7 -8
leaf_value=-0.071692744546729942 0.040814367685132136 -0.009172136058620526 0.00082066159090001748 -0.064469071751775575 0.10474036886977565 -0.0070513674451541759 0.08722177730802104
leaf_weight=13.579858554928192 31.4744032363717 4.2514392495591578 573.49505073128239 5.9162796357156848 10.516497213841431 395.46199323424673 14.038938801528785
leaf_count=987 38619 56 156422 2039 2862 47263 5689
internal_value=-9.65743e-05 0.00471835 0.00290139 -0.00714976 0.04382 -0.00919741 0.0648159
internal_weight=1048.73 623.26 604.969 425.475 16.4328 409.042 18.2904
internal_count=253937 200786 195041 53151 4901 48250 5745
is_linear=0
shrinkage=0.12


Tree=553
num_leaves=8
num_cat=0
split_feature=62 62 28 65 13 63 28
split_gain=2.24397 4.63268 4.06822 3.85871 2.59731 2.22487 2.08051
threshold=6.5205101966857919 5.8736808300018319 26.253632545471195 44.500000000000007 6.3772499561309823 10.171042442321779 52.353586196899421
decision_type=2 2 2 2 2 2 2
left_child=1 4 5 -4 -1 -2 -3
right_child=2 6 3 -5 -6 -7 -8
leaf_value=-0.0016893260984952878 -0.23855551233318645 0.24066435788890675 -0.021776361467621349 0.10574216111375483 0.016654794207972393 -0.074062096950833739 0.059170462513104156
leaf_weight=866.21026392037379 1.4740588824551668 1.5521215270983924 38.669594351849057 3.7483307342645267 127.50637005635008 6.018253381793329 2.1967845320968991
leaf_count=136417 153 455 6545 2082 106365 1375 545
internal_value=-7.57035e-05 0.00116676 -0.0249066 -0.010508 0.000664456 -0.106425 0.134313
internal_weight=1047.38 997.466 49.9102 42.4179 993.717 7.49231 3.74891
internal_count=253937 243782 10155 8627 242782 1528 1000
is_linear=0
shrinkage=0.12


Tree=554
num_leaves=8
num_cat=0
split_feature=62 72 28 89 16 62 13
split_gain=2.19752 5.31869 3.82772 2.33467 5.00056 2.43769 1.66234
threshold=-51.314849853515618 28.56875038146973 99.123470306396499 1.0000000180025095e-35 1.707553029060364 -50.402374267578118 1.203750014305115
decision_type=2 2 2 2 2 2 2
left_child=1 2 -1 5 -5 -2 -3
right_child=3 6 -4 4 -6 -7 -8
leaf_value=-0.048231520485344223 0.075491850822940146 0.0083664159456664309 0.055713983308446804 -0.02571547792082424 0.030315631791957409 -0.0014374650512334918 0.10791158120031634
leaf_weight=46.942144372979783 5.9728594798630175 4.6691900344198967 5.7234061276161574 30.316062682513987 94.221479932600275 854.27297192562503 5.0052669857466299
leaf_count=6794 922 145 876 389 24702 217624 2485
internal_value=-6.33357e-05 -0.0219125 -0.0369353 0.00131979 0.016676 -0.000903329 0.059868
internal_weight=1047.12 62.34 52.6656 984.783 124.538 860.246 9.67446
internal_count=253937 10300 7670 243637 25091 218546 2630
is_linear=0
shrinkage=0.12


Tree=555
num_leaves=5
num_cat=0
split_feature=41 13 2 22
split_gain=1.83484 2.07996 5.76236 3.11311
threshold=0.92205202579498302 1.9452999830245974 162.08499908447268 0.33370833098888403
decision_type=2 2 2 2
left_child=1 3 -3 -1
right_child=-2 2 -4 -5
leaf_value=0.046817090913699816 -0.07671316646078695 0.020622703050259907 -0.011691719536669826 0.003425436014065357
leaf_weight=24.930472237185768 4.4721310618515409 99.078444871035174 401.39474420909499 529.37672180356799
leaf_count=629 459 21896 209010 22394
internal_value=-1.15954e-05 0.000313609 -0.00529445 0.00537702
internal_weight=1059.25 1054.78 500.473 554.307
internal_count=254388 253929 230906 23023
is_linear=0
shrinkage=0.12


Tree=556
num_leaves=7
num_cat=0
split_feature=23 53 49 72 65 5
split_gain=1.58011 3.93743 3.94571 1.59252 3.9454 2.06817
threshold=9.4822750091552752 2.388541698455811 0.68854168057441723 33.14479064941407 32.500000000000007 0.39755000174045568
decision_type=2 2 2 2 2 2
left_child=3 2 -2 5 -5 -1
right_child=1 -3 -4 4 -6 -7
leaf_value=0.019753276885016699 -0.35468108477622529 -0.39121719613314793 -0.00085761621950640877 -0.24569190765453477 0.027570400458747035 -0.0020750340083122033
leaf_weight=66.938698645250383 0.49883247564643696 0.4795214909408968 5.033237921310004 0.77453376066298929 43.039856739361625 943.44358794000209
leaf_count=15832 286 431 3211 44 24336 210248
internal_value=-7.47924e-06 -0.0613548 -0.0327622 0.000342356 0.0227398 -0.00062889
internal_weight=1060.21 6.01159 5.53207 1054.2 43.8144 1010.38
internal_count=254388 3928 3497 250460 24380 226080
is_linear=0
shrinkage=0.12


Tree=557
num_leaves=8
num_cat=0
split_feature=1 62 62 66 0 23 75
split_gain=1.54475 4.35308 9.09021 2.21825 7.78217 2.54576 0.527886
threshold=9.8682498931884783 -53.386491775512688 -50.892265319824212 11.704687595367433 51.33709907531739 7.0564415454864511 8.5000000000000018
decision_type=2 2 2 2 2 2 2
left_child=1 6 -3 5 -5 -2 -1
right_child=3 2 -4 4 -6 -7 -8
leaf_value=0.10071926774172983 0.0019971465851707591 -0.48507130940483478 -0.011362263959510049 -0.090522507039364056 0.062629277961168323 0.049608789300005611 0.21309960205866901
leaf_weight=1.4635055373075823 857.74720652098142 0.58543424745005168 162.13557830021102 13.574850874871119 7.3724565203872308 16.48240426225118 1.0223665812864053
leaf_count=2886 121162 595 99478 11236 4465 14460 106
internal_value=2.53271e-06 -0.010659 -0.0130666 0.00197014 -0.0366204 0.0028948 0.146938
internal_weight=1060.38 165.207 162.721 895.177 20.9473 874.23 2.48587
internal_count=254388 103065 100073 151323 15701 135622 2992
is_linear=0
shrinkage=0.12


Tree=558
num_leaves=7
num_cat=0
split_feature=74 19 5 72 57 0
split_gain=1.59473 3.53291 2.41334 1.83005 3.68644 1.8854
threshold=59.500000000000007 0.24114582687616351 0.23335000127553943 33.14479064941407 0.56979167461395275 32.435199737548835
decision_type=2 2 2 2 2 2
left_child=3 -2 -3 5 -5 -1
right_child=1 2 -4 4 -6 -7
leaf_value=-0.0095686844054475115 -0.37104421765662032 -0.29150557810331545 0.11905823244524866 -0.2277567988070705 0.029512637777107633 0.0022289816787995128
leaf_weight=263.24007346515293 0.5355491055447591 0.28260384325403698 0.76225078348556963 0.81774476765485715 41.750032231692444 753.15912445277854
leaf_count=103740 578 53 1714 648 21857 125798
internal_value=1.45987e-05 -0.120438 0.00801225 0.000194362 0.0245704 -0.000826529
internal_weight=1060.55 1.5804 1.04485 1058.97 42.5678 1016.4
internal_count=254388 2345 1767 252043 22505 229538
is_linear=0
shrinkage=0.12


Tree=559
num_leaves=8
num_cat=0
split_feature=55 0 0 15 55 18 54
split_gain=2.35866 4.27057 12.1003 3.21541 2.65517 4.95327 3.01408
threshold=0.20603848248720172 95.068000793457045 95.585048675537124 7.8427081108093271 0.15893813222646716 1.0000000180025095e-35 0.19745263457298282
decision_type=2 2 2 2 2 2 2
left_child=4 3 -3 -2 6 -6 -1
right_child=1 2 -4 -5 5 -7 -8
leaf_value=0.0054326497544540239 0.0070234134522596118 -0.34651717675160154 -0.00027766153779543255 0.04469008770283512 0.049216904736026641 -0.027525390558367051 -0.011639895106058649
leaf_weight=448.4433481382984 216.17430723308388 1.8342034491506618 7.0019944607490743 38.437926278998646 13.577380262491372 112.14939479453085 222.9366241644961
leaf_count=95776 29049 210 2827 27432 4703 25289 69102
internal_value=1.9901e-05 0.0098636 -0.0721495 0.0127098 -0.0032335 -0.0192379 -0.000236413
internal_weight=1060.56 263.448 8.8362 254.612 797.107 125.727 671.38
internal_count=254388 59518 3037 56481 194870 29992 164878
is_linear=0
shrinkage=0.12


Tree=560
num_leaves=8
num_cat=0
split_feature=51 51 49 62 55 1 62
split_gain=2.53424 7.18404 7.40409 3.31231 3.09809 5.3586 2.94021
threshold=0.1248307377099991 0.12390040233731271 1.8135416507720949 -76.582572937011705 0.039011672139167793 9.4583497047424334 -76.582572937011705
decision_type=2 2 2 2 2 2 2
left_child=1 3 -3 -1 5 -2 -6
right_child=4 2 -4 -5 6 -7 -8
leaf_value=-0.078385386080105104 -0.092463541592488221 0.05071229848421447 -0.26770252319037646 -0.0026983341526267378 0.077300960942487243 0.076856983703314924 0.0034947288552829208
leaf_weight=8.4624325873996877 3.1651570940777445 1.6304443352257738 2.9620146175129776 517.49608421575942 7.8953557652560553 17.98576940133502 499.11283192670999
leaf_count=960 4223 835 114 126947 1053 5362 114524
internal_value=0.000636897 -0.00522092 -0.154657 -0.0039161 0.00652124 0.0515188 0.00464407
internal_weight=1058.71 530.551 4.59246 525.959 528.159 21.1509 507.008
internal_count=254018 128856 949 127907 125162 9585 115577
is_linear=0
shrinkage=0.12


Tree=561
num_leaves=8
num_cat=0
split_feature=51 51 49 35 51 50 63
split_gain=1.96485 5.42634 5.40214 2.95175 2.85459 3.33554 3.10134
threshold=0.1248307377099991 0.12390040233731271 1.8135416507720949 209.53571319580081 0.13811870664358142 0.6181221902370454 -5.3622949123382559
decision_type=2 2 2 2 2 2 2
left_child=1 3 -3 -1 5 -2 -6
right_child=4 2 -4 -5 6 -7 -8
leaf_value=-0.040417706759791332 0.026389751685275558 0.045560211231314228 -0.22637733836151455 -0.0012578652908470224 -0.10341758225352005 0.17438358346300006 0.003808188088108171
leaf_weight=29.35466155249685 46.71370369553955 1.5991638947392619 3.0740939906463609 497.12153117672653 3.9163811940382507 2.3010355549622536 474.2605825129184
leaf_count=9541 12798 835 114 118366 1337 561 110466
internal_value=0.00056718 -0.00458403 -0.133322 -0.0034413 0.00575706 0.0333374 0.00292998
internal_weight=1058.34 531.149 4.67326 526.476 527.192 49.0147 478.177
internal_count=254018 128856 949 127907 125162 13359 111803
is_linear=0
shrinkage=0.12


Tree=562
num_leaves=8
num_cat=0
split_feature=22 13 6 0 22 50 54
split_gain=2.08156 3.99034 6.8459 5.38892 3.80851 3.21848 3.04852
threshold=1.4692833423614504 6.9043500423431405 3.2088500261306767 95.068000793457045 1.4858042001724245 -0.0092075783759355528 -0.088085912168025957
decision_type=2 2 2 2 2 2 2
left_child=1 2 -1 -3 6 -6 -2
right_child=4 3 -4 -5 5 -7 -8
leaf_value=0.11921874593601184 -0.027228011693553194 -0.051911199489749323 -0.0066684211205554431 -0.35479419742597451 0.025734393319927096 0.0005540198511154676 0.16753926781093822
leaf_weight=6.3312118237068935 1.698425208411052 10.778703285192474 355.94255163894229 0.9179276300656064 83.323059310657072 595.48081309416159 3.6317237529120083
leaf_count=2770 374 5192 33883 155 16322 194677 645
internal_value=0.000503166 -0.00669568 -0.00446838 -0.0756808 0.00443829 0.00364491 0.105478
internal_weight=1058.1 373.97 362.274 11.6966 684.134 678.804 5.33015
internal_count=254018 42000 36653 5347 212018 210999 1019
is_linear=0
shrinkage=0.12


Tree=563
num_leaves=8
num_cat=0
split_feature=24 82 88 88 76 8 90
split_gain=1.82209 5.53145 5.06238 3.32457 2.12619 7.24346 5.8518
threshold=1.04678350687027 1.0000000180025095e-35 0.37225000560283666 0.59548571705818187 0.67369806766510021 11.62544107437134 0.73945000767707836
decision_type=2 2 2 2 2 2 2
left_child=1 2 -1 -3 6 -6 -2
right_child=4 3 -4 -5 5 -7 -8
leaf_value=-0.0085428713541620665 0.00088020314024476792 0.09260605689791146 -0.064941629883715629 0.0020724751053747019 0.013023322869669963 -0.018660751439947817 0.032618834848876531
leaf_weight=104.38456007575695 375.27793094979887 10.445002874519561 29.365396260942418 13.250765959499402 196.3618411317116 220.66493175843814 107.64715057384751
leaf_count=1819 131724 546 523 134 85331 5352 28589
internal_value=0.000451209 -0.0114582 -0.0209255 0.0419793 0.00253475 -0.00374194 0.00795495
internal_weight=1057.4 157.446 133.75 23.6958 899.952 417.027 482.925
internal_count=254018 3022 2342 680 250996 90683 160313
is_linear=0
shrinkage=0.12


Tree=564
num_leaves=8
num_cat=0
split_feature=33 77 31 88 1 50 50
split_gain=1.72977 4.8038 11.8802 4.26619 5.87539 3.78359 3.50106
threshold=0.21150749176740649 1.0000000180025095e-35 0.57604166865348827 1.095014274120331 16.713699340820316 0.071427594870328917 0.088341467082500472
decision_type=2 2 2 2 2 2 2
left_child=1 2 -1 6 -5 -3 -2
right_child=3 5 -4 4 -6 -7 -8
leaf_value=0.012001867925517501 0.02134971259449139 0.0017819699150553945 -0.062254401168365996 -0.11642990035462601 0.0086481194043276886 0.072123555379158849 0.00066960254376234758
leaf_weight=62.798574205847004 143.13264749284576 85.248824827665501 61.321122575998984 10.114338861059887 11.622282566212553 12.644664748851381 668.28743695417506
leaf_count=3132 22447 11519 11588 3650 846 2561 198275
internal_value=0.000404017 -0.00900812 -0.0246843 0.00291209 -0.0495523 0.0108678 0.00431753
internal_weight=1055.17 222.013 124.12 833.157 21.7366 97.8935 811.42
internal_count=254018 28800 14720 225218 4496 14080 220722
is_linear=0
shrinkage=0.12


Tree=565
num_leaves=8
num_cat=0
split_feature=53 66 23 53 51 57 47
split_gain=1.83978 5.59001 6.55663 5.18744 2.68198 2.22561 2.13263
threshold=2.4757812023162846 11.357291698455812 7.8296728134155282 2.4739582538604741 0.1101018749177456 1.721354126930237 0.71522769331932079
decision_type=2 2 2 2 2 2 2
left_child=3 2 -2 6 -5 -3 -1
right_child=1 5 -4 4 -6 -7 -8
leaf_value=-0.0022292188892775833 0.0087226021114567322 0.020808977454640703 -0.13733507332744307 -0.17372996500264815 -0.020942938188581953 0.11799168030661672 -0.080854565190035893
leaf_weight=907.2299809234537 113.93452079507196 5.3983437130492566 4.6046980651822187 3.858005942622639 2.896532435644076 9.1366898981512161 4.9950190092245057
leaf_count=225397 12394 3142 2590 479 799 7874 1708
internal_value=-0.00152596 0.0116612 0.00304894 -0.00343555 -0.108211 0.0818978 -0.00265974
internal_weight=1052.05 133.074 118.539 918.98 6.75454 14.535 912.225
internal_count=254383 26000 14984 228383 1278 11016 227105
is_linear=0
shrinkage=0.12


Tree=566
num_leaves=5
num_cat=0
split_feature=43 1 82 1
split_gain=1.79858 1.84907 4.36143 3.81685
threshold=-58.451850891113274 20.1855001449585 1.0000000180025095e-35 19.594750404357914
decision_type=2 2 2 2
left_child=-1 3 -3 -2
right_child=1 2 -4 -5
leaf_value=-0.079756978576223103 -0.00090981966802157282 -0.016090295179579498 0.044655289746789811 0.028421447974670871
leaf_weight=4.1948752340622368 760.56092771364513 198.5485094623825 18.615904919755422 69.744460821401503
leaf_count=424 239159 9128 1724 3948
internal_value=-0.00133855 -0.00102451 -0.010883 0.00155396
internal_weight=1051.66 1047.47 217.164 830.305
internal_count=254383 253959 10852 243107
is_linear=0
shrinkage=0.12


Tree=567
num_leaves=8
num_cat=0
split_feature=28 28 33 1 28 81 13
split_gain=1.43402 5.73955 5.67076 2.51026 4.21184 2.37276 2.25795
threshold=84.062850952148452 84.933700561523452 0.21792351454496386 9.8682498931884783 82.449214935302749 1.0000000180025095e-35 0.2902000099420548
decision_type=2 2 2 2 2 2 2
left_child=3 5 -3 4 -1 -2 -5
right_child=1 2 -4 6 -6 -7 -8
leaf_value=-0.015512091332356185 0.11018745212762378 -0.0199678731417205 0.018924318350571422 -0.052704341885352085 -0.14123046748224463 -0.062185853973068007 7.8195926069685718e-05
leaf_weight=113.88741261915845 10.030433250889043 91.943477448570178 130.76763181537569 11.872154754879714 3.9712049801946696 1.2988479548348557 687.77348088332292
leaf_count=82579 2479 11714 33480 783 1272 299 121777
internal_value=-0.00117559 0.0071066 0.00286817 -0.00354667 -0.0197481 0.0904257 -0.000817461
internal_weight=1051.54 234.04 222.711 817.504 117.859 11.3293 699.646
internal_count=254383 47972 45194 206411 83851 2778 122560
is_linear=0
shrinkage=0.12


Tree=568
num_leaves=8
num_cat=0
split_feature=58 11 7 88 57 58 29
split_gain=1.73575 5.80422 4.45087 3.69782 2.62399 2.31621 1.79948
threshold=0.74748352169990551 1.0000000180025095e-35 10.956449985504152 0.41747500002384191 15.784375190734865 0.47717329859733587 4.3908841609954843
decision_type=2 2 2 2 2 2 2
left_child=4 3 -3 -2 5 -1 -6
right_child=1 2 -4 -5 6 -7 -8
leaf_value=-0.00084918582959592063 -0.11751607949099639 0.021033504952340791 -0.070289482857388355 0.062221273326788361 -0.013007740748133873 0.073514012553806712 0.11555226073423837
leaf_weight=981.61797770214662 11.255959307397303 33.043776215338454 10.014048792802795 1.9310625987391166 2.3449866474765022 6.0687653974234754 4.730701814337408
leaf_count=233803 3332 9001 215 933 439 2434 4226
internal_value=-0.00103021 -0.021539 -0.000205674 -0.091196 0.000129381 -0.000392267 0.0729456
internal_weight=1051.01 56.2448 43.0578 13.187 994.762 987.687 7.07569
internal_count=254383 13481 9216 4265 240902 236237 4665
is_linear=0
shrinkage=0.12


Tree=569
num_leaves=8
num_cat=0
split_feature=90 16 10 33 8 88 16
split_gain=1.39756 6.38455 12.2478 8.05725 4.22576 9.46023 7.94031
threshold=0.007114285835996271 3.9634460210800175 2.5000000000000004 0.21792351454496386 11.129806995391847 0.41747500002384191 2.830722570419312
decision_type=2 2 2 2 2 2 2
left_child=4 2 -2 -3 5 -1 -6
right_child=1 3 -4 -5 6 -7 -8
leaf_value=-0.03024323675984979 -0.0017156966490620724 -0.0089625103580765041 -0.058031151829324695 0.051299000667201472 0.0011479631345593566 0.022130617865744127 0.041846677172549668
leaf_weight=135.15691413996825 217.36549347609031 78.200864281612496 74.731407497537248 54.020665588086331 325.00826440632392 78.512598061460324 87.645561698071049
leaf_count=89474 10020 7235 966 76164 9437 52369 8718
internal_value=-0.000902905 -0.00622022 -0.0161237 0.015658 0.00269944 -0.0109985 0.00979216
internal_weight=1050.64 424.318 292.097 132.222 626.323 213.67 412.654
internal_count=254383 94385 10986 83399 159998 141843 18155
is_linear=0
shrinkage=0.12


Tree=570
num_leaves=7
num_cat=0
split_feature=1 57 72 57 13 66
split_gain=2.76745 2.32298 5.94164 4.23649 0.0621696 0.0176138
threshold=0.40164999663829809 6.089583396911622 19.464583396911625 5.9390625953674325 4.978450059890748 6.4270834922790536
decision_type=2 2 2 2 2 2
left_child=4 3 -3 -2 -1 -6
right_child=1 2 -4 -5 5 -7
leaf_value=0.15442156219019595 0.00069018932345821682 -0.06998806426108406 -0.0040806873172717891 0.092446105569222739 0.12365101903319149 0.084635790067223243
leaf_weight=1.2902427173585231 892.86515442294387 23.657552634268114 117.65759859820841 7.3053276435041417 0.53026103633192168 0.24298212151234111
leaf_count=37 205875 6617 38799 1902 625 337
internal_value=-0.000535578 -0.000810645 -0.0151142 0.00143483 0.138297 0.111391
internal_weight=1043.55 1041.49 141.315 900.17 2.06349 0.773243
internal_count=254192 253193 45416 207777 999 962
is_linear=0
shrinkage=0.12


Tree=571
num_leaves=7
num_cat=0
split_feature=1 57 71 57 13 66
split_gain=2.37482 1.79133 5.11704 3.3489 0.0518624 0.0202341
threshold=0.40164999663829809 6.089583396911622 70.500000000000014 5.9390625953674325 4.978450059890748 6.4270834922790536
decision_type=2 2 2 2 2 2
left_child=4 3 -3 -2 -1 -6
right_child=1 2 -4 -5 5 -7
leaf_value=0.14955752097434816 0.00060747824358199762 -0.07179317984710866 -0.0043706428639980147 0.082907096425021171 0.12254896347174311 0.07914676085527439
leaf_weight=1.1792291583730037 892.7116907221656 18.667788064443982 123.09598021967992 7.1770691618463607 0.474275590106913 0.22953386812014287
leaf_count=37 205875 5663 39753 1902 625 337
internal_value=-0.000467875 -0.000711269 -0.013249 0.00126386 0.134172 0.108394
internal_weight=1043.54 1041.65 141.764 899.889 1.88304 0.703809
internal_count=254192 253193 45416 207777 999 962
is_linear=0
shrinkage=0.12


Tree=572
num_leaves=8
num_cat=0
split_feature=66 33 63 76 52 50 8
split_gain=1.74934 5.54115 10.5302 5.19326 2.4073 4.24478 4.13626
threshold=11.244270801544191 0.21641829609870913 1.7790194153785708 0.43705965578556066 1.0000000180025095e-35 0.16088834404945376 0.28163850307464605
decision_type=2 2 2 2 2 2 2
left_child=4 3 -3 -2 5 -1 -6
right_child=1 2 -4 -5 6 -7 -8
leaf_value=-0.00025139993056835856 -0.025427382370504136 -0.093856213468874738 0.0075123869833065779 0.049062484351714994 -0.18842450130994584 -0.03359250750579848 0.0078179922437463245
leaf_weight=383.62117366596408 25.908941095726107 27.680889048149083 31.606395592849367 28.088884979329634 1.5516105956939998 64.187027564513983 480.91063114595988
leaf_count=52283 4165 32426 56423 4323 1842 10817 91913
internal_value=-0.000408719 -0.014488 -0.039816 0.0133212 0.0013058 -0.00503038 0.00718687
internal_weight=1043.56 113.285 59.2873 53.9978 930.27 447.808 482.462
internal_count=254192 97337 88849 8488 156855 63100 93755
is_linear=0
shrinkage=0.12


Tree=573
num_leaves=5
num_cat=0
split_feature=24 90 7 70
split_gain=1.73603 1.6703 5.30948 4.81778
threshold=1.0000000180025095e-35 0.007114285835996271 10.956449985504152 11.500000000000002
decision_type=2 2 2 2
left_child=-1 3 -3 -2
right_child=1 2 -4 -5
leaf_value=-0.11262404875296306 0.010637081265805965 0.0013270541670827587 -0.030773499696381275 -0.012663633503343173
leaf_weight=1.9792043016493597 438.35697944597393 328.058821577912 95.883616920013537 180.35696152059154
leaf_count=62 39625 92493 1774 120238
internal_value=-0.000344009 -0.000130876 -0.00593317 0.00384485
internal_weight=1044.64 1042.66 423.942 618.714
internal_count=254192 254130 94267 159863
is_linear=0
shrinkage=0.12


Tree=574
num_leaves=8
num_cat=0
split_feature=57 61 70 19 57 22 57
split_gain=1.42376 4.41902 10.0218 3.40841 2.63435 3.31031 1.96619
threshold=6.089583396911622 6.6177084445953378 26.500000000000004 0.41562499105930334 5.8890624046325692 0.57479166984558117 1.5140625238418581
decision_type=2 2 2 2 2 2 2
left_child=4 2 -2 -3 6 -6 -1
right_child=1 3 -4 -5 5 -7 -8
leaf_value=-0.0030950267416915873 -0.031292035945620134 -0.0018900591819283807 -0.37629312662636877 0.090113026754419609 -0.11597007145802124 0.093619153789019652 0.0089472246022133054
leaf_weight=603.85660665407954 49.956638914708975 84.913062677069746 1.2426210482428803 6.2233973021288866 1.2555957024202369 7.9943268804228165 288.52991159396879
leaf_count=136459 11018 30392 2842 1164 70 2469 69778
internal_value=-0.000301843 -0.0114554 -0.0396653 0.00439252 0.0014589 0.0651693 0.000798521
internal_weight=1043.97 142.336 51.1993 91.1365 901.636 9.24992 892.387
internal_count=254192 45416 13860 31556 208776 2539 206237
is_linear=0
shrinkage=0.12


Tree=575
num_leaves=8
num_cat=0
split_feature=16 45 76 14 1 53 54
split_gain=2.26146 3.33767 2.97484 2.82014 2.02795 1.89625 0.804941
threshold=1.0640814900398257 0.5338541865348817 0.59743604063987743 -2.4621000289916988 21.963999748229984 2.4885416030883794 -0.13011231273412702
decision_type=2 2 2 2 2 2 2
left_child=1 3 -3 -1 5 -2 -6
right_child=4 2 -4 -5 6 -7 -8
leaf_value=-0.014574533780591386 0.0018581488664098159 -0.011954360889807274 -0.070988344170582446 0.045475734979258831 -0.041060507750576097 0.019071036240818944 0.089832664901592557
leaf_weight=30.321527479883894 835.71959731917696 29.720463418412489 20.961345525917981 17.915727050954377 0.77508022251720365 103.58496669277156 5.3213313896839045
leaf_count=650 224702 558 436 332 325 23653 3260
internal_value=0.00239781 -0.0148656 -0.0363701 0.00772865 0.00420411 0.00375636 0.0731913
internal_weight=1044.32 98.9191 50.6818 48.2373 945.401 939.305 6.09641
internal_count=253916 1976 994 982 251940 248355 3585
is_linear=0
shrinkage=0.12


Tree=576
num_leaves=8
num_cat=0
split_feature=16 83 77 66 33 69 72
split_gain=1.75415 2.89626 3.73319 1.98373 1.62679 6.1305 4.19764
threshold=1.0640814900398257 1.0000000180025095e-35 1.0000000180025095e-35 9.3755207061767596 0.21150749176740649 17.500000000000004 1.0463541746139529
decision_type=2 2 2 2 2 2 2
left_child=1 2 -1 -3 5 -2 -6
right_child=4 3 -4 -5 6 -7 -8
leaf_value=0.017322044107640325 0.0064454492936768552 -0.00085609529854570419 -0.043094475079726878 -0.069025702645701403 0.039896912970159251 -0.040388840453211214 0.0039187293372413348
leaf_weight=50.436909818329397 156.72286453643224 9.255227359953702 20.801691434528266 18.303738943516386 50.123289902210217 54.153418666979604 683.14593278867949
leaf_count=838 24091 330 225 583 7108 4547 216194
internal_value=0.00211485 -0.0130987 -0.000319596 -0.0461321 0.00370683 -0.00558168 0.00637805
internal_weight=1042.94 98.7976 71.2386 27.559 944.146 210.876 733.269
internal_count=253916 1976 1063 913 251940 28638 223302
is_linear=0
shrinkage=0.12


Tree=577
num_leaves=8
num_cat=0
split_feature=75 73 34 3 73 49 0
split_gain=1.58846 6.34875 4.5361 4.3523 3.62769 3.62982 2.78959
threshold=5.5000000000000009 2466.407104492188 1.2389857172966006 0.82686999440193187 3677.403930664063 1.5635416507720949 9.0112500190734881
decision_type=2 2 2 2 2 2 2
left_child=4 3 -3 -2 6 -6 -1
right_child=1 2 -4 -5 5 -7 -8
leaf_value=0.039759671601066131 -0.031675424602014543 0.040980467030003506 -0.073092282545360779 0.063920357514586204 -0.080741488161594072 0.070879392921022688 0.0035415101176302531
leaf_weight=31.786685645883722 101.70111615024955 41.873304373282465 5.703464897316052 7.3540132153618734 12.741591056078937 2.7675367560773543 836.59239434200572
leaf_count=24021 26193 17291 1054 2603 7492 1985 173277
internal_value=0.00186615 -0.00927172 0.0273055 -0.025229 0.00383987 -0.0536854 0.00486726
internal_weight=1040.52 156.632 47.5768 109.055 883.888 15.5091 868.379
internal_count=253916 47141 18345 28796 206775 9477 197298
is_linear=0
shrinkage=0.12


Tree=578
num_leaves=8
num_cat=0
split_feature=47 57 0 47 13 51 24
split_gain=1.49311 5.28182 4.34778 2.95411 2.88594 2.67734 1.73366
threshold=0.3057518750429154 8.4770836830139178 72.657600402832045 0.29736772179603582 4.9449501037597665 0.30281835794448858 1.04678350687027
decision_type=2 2 2 2 2 2 2
left_child=3 2 -2 5 -3 -1 -5
right_child=1 4 -4 6 -6 -7 -8
leaf_value=-0.0014425088489681858 0.037509140641415355 -0.17908201848097036 -0.017806763116519676 -0.16254503896538913 0.088183809884265163 0.019312149339316468 -0.038269151102231107
leaf_weight=829.82186924319956 67.935057451782654 2.9316906043502509 29.279856967458954 2.1925444364437379 0.72582352890071877 100.32312486680803 6.1514284537347805
leaf_count=199638 20423 859 4635 37 2000 24430 1894
internal_value=0.0016495 0.0155226 0.0208487 0.000158374 -0.126044 0.000796037 -0.0709251
internal_weight=1039.36 100.872 97.2149 938.489 3.65751 930.145 8.34397
internal_count=253916 27917 25058 225999 2859 224068 1931
is_linear=0
shrinkage=0.12


Tree=579
num_leaves=7
num_cat=0
split_feature=16 82 45 46 47 12
split_gain=1.38097 3.08952 2.08217 1.67954 2.45874 2.34743
threshold=1.0640814900398257 1.0000000180025095e-35 0.5338541865348817 0.7901817560195924 0.17631822079420092 4.0478501319885263
decision_type=2 2 2 2 2 2
left_child=1 2 -1 5 -5 -2
right_child=3 -3 -4 4 -6 -7
leaf_value=-0.0050614798809642423 0.0019675048157122223 0.030172067080473715 -0.044410819098350443 -0.061596877366220749 0.044654163530970382 0.026673647257473693
leaf_weight=42.880181523869474 864.63309799373235 19.857781306491233 35.31034638205373 12.475990458288836 4.1893735181008642 59.168679356587745
leaf_count=753 224639 461 762 4500 2436 20365
internal_value=0.00145588 -0.0120966 -0.0228314 0.00286879 -0.0348873 0.00354991
internal_weight=1038.52 98.0483 78.1905 940.467 16.6654 923.802
internal_count=253916 1976 1515 251940 6936 245004
is_linear=0
shrinkage=0.12


Tree=580
num_leaves=8
num_cat=0
split_feature=58 58 57 57 14 76 12
split_gain=2.75516 4.14869 6.85032 3.97901 5.51983 4.69653 3.45323
threshold=-1.9227728247642515 -1.1036484837532041 4.5640625953674325 0.34531250596046453 2.1177500486373906 0.72370314598083507 4.0051498413085946
decision_type=2 2 2 2 2 2 2
left_child=3 2 -2 4 -1 -5 -3
right_child=1 6 -4 5 -6 -7 -8
leaf_value=-0.057021992099585993 -0.060008018522927788 -0.0048252297262641733 0.026973202752356023 0.0082029487274889751 0.074031916764039835 0.089978765333784905 0.031444801897498133
leaf_weight=26.126793905430734 44.647485449069734 500.23842277162339 18.416494689576268 388.97892610594613 5.6241744752927323 10.383175216733603 40.889803388015935
leaf_count=2281 10825 121030 6278 91729 5583 1638 15012
internal_value=-0.000250016 -0.00547913 -0.034607 0.00707844 -0.0338079 0.0103291 -0.00208452
internal_weight=1035.31 604.192 63.064 431.113 31.751 399.362 541.128
internal_count=254376 153145 17103 101231 7864 93367 136042
is_linear=0
shrinkage=0.12


Tree=581
num_leaves=8
num_cat=0
split_feature=58 62 62 19 29 59 51
split_gain=2.13571 3.7484 3.48591 5.7411 3.58925 3.39159 0.428076
threshold=-1.9227728247642515 -9.3473248481750471 -3.0196723937988277 0.27057291567325598 -39.385406494140618 -0.23366738110780713 0.031320746988058097
decision_type=2 2 2 2 2 2 2
left_child=2 6 4 -4 -1 -3 -2
right_child=1 5 3 -5 -6 -7 -8
leaf_value=0.088064264314808918 0.24846755678802343 -0.07726032748905752 0.037324252498953839 -0.0025873508365276015 -0.0066958114059115616 -0.0042537876853391415 0.1227369183605093
leaf_weight=5.9129235765892068 0.50747674359433803 9.3068327821756593 104.14538598997819 103.4530245785142 216.78704561480151 593.2988477810793 1.6836630567746622
leaf_count=1868 8 1218 26475 20927 51961 150525 1394
internal_value=-0.000213937 -0.00481166 0.0062483 0.017435 -0.00417983 -0.00538132 0.151857
internal_weight=1035.1 604.797 430.298 207.598 222.7 602.606 2.19114
internal_count=254376 153145 101231 47402 53829 151743 1402
is_linear=0
shrinkage=0.12


Tree=582
num_leaves=8
num_cat=0
split_feature=65 76 74 47 47 47 47
split_gain=1.73458 4.65791 6.7476 3.58899 3.16781 4.77176 2.75361
threshold=35.500000000000007 0.45293934643268591 34.500000000000007 0.48150366544723516 0.057110533118247993 0.034026768058538444 0.08318419381976129
decision_type=2 2 2 2 2 2 2
left_child=1 2 -1 -3 5 -2 -6
right_child=4 3 -4 -5 6 -7 -8
leaf_value=0.06550523566669543 0.029958307768904242 0.0021461082578020348 -0.0091710125353293599 -0.063674051090736469 0.019159197912915434 -0.041908361810804123 -0.0051718720520577332
leaf_weight=40.578887584910888 16.840722638847552 397.4124673458507 30.535428382005307 12.298540853648943 80.733583833656837 63.352178416923522 393.15701720508537
leaf_count=9530 3916 90251 1796 2505 20988 13460 111930
internal_value=-0.000182772 0.005091 0.0334404 0.000170345 -0.00475927 -0.0268162 -0.00102675
internal_weight=1034.91 480.825 71.1143 409.711 554.084 80.1929 473.891
internal_count=254376 104082 11326 92756 150294 17376 132918
is_linear=0
shrinkage=0.12


Tree=583
num_leaves=8
num_cat=0
split_feature=58 65 85 6 62 58 88
split_gain=1.6546 3.46246 5.3967 4.39502 3.10376 3.07787 0.34973
threshold=-1.9227728247642515 45.500000000000007 1.0000000180025095e-35 3.4354500770568852 -9.3473248481750471 -1.1036484837532041 1.3210142850875857
decision_type=2 2 2 2 2 2 2
left_child=1 3 -3 -1 6 -6 -2
right_child=4 2 -4 -5 5 -7 -8
leaf_value=0.044455490345426223 0.11504069116436352 -0.16980404060452153 -0.010183763778176799 0.0035539560568446874 -0.029790189908719712 -0.0017710117600255875 0.23097862141446648
leaf_weight=42.14001506712367 1.5745356469378742 3.9795998816027831 13.05889450253312 369.93626967791937 63.041542158382299 540.33444604490387 0.49165757554146683
leaf_count=37292 1394 3015 9640 51284 16768 134975 8
internal_value=-0.000155534 0.00554479 -0.0474655 0.00773666 -0.00419571 -0.00469849 0.142629
internal_weight=1034.56 429.115 17.0385 412.076 605.442 603.376 2.06619
internal_count=254376 101231 12655 88576 153145 151743 1402
is_linear=0
shrinkage=0.12


Tree=584
num_leaves=8
num_cat=0
split_feature=63 6 15 59 57 59 72
split_gain=1.58042 2.53549 5.35702 2.10796 6.15535 2.53802 1.30113
threshold=19999973.000000004 1.6566500067710879 10.562755584716799 19999969.000000004 9.0020833015441912 19999967.000000004 45.776563644409187
decision_type=2 2 2 2 2 2 2
left_child=3 6 -3 5 -5 -1 -2
right_child=1 2 -4 4 -6 -7 -8
leaf_value=0.00016600476248076964 0.10616064042239462 -0.031570527633063859 -0.3556443487830897 0.043045924807802248 -0.29486774950795597 -0.083879397058491928 -0.10582547486928187
leaf_weight=974.08433077216625 2.6505660044754005 23.514237006366471 0.75819346016032696 26.893205385854859 0.79932593282222697 5.2016745813014031 0.49475962185897504
leaf_count=228755 4007 8416 1427 9194 1331 1135 111
internal_value=-0.000131129 -0.0285573 -0.0416936 0.000642851 0.0332923 -0.000280419 0.0728152
internal_weight=1034.4 27.4178 24.2724 1006.98 27.6925 979.286 3.14533
internal_count=254376 13961 9843 240415 10525 229890 4118
is_linear=0
shrinkage=0.12


Tree=585
num_leaves=8
num_cat=0
split_feature=53 41 49 12 47 22 33
split_gain=2.9563 4.63657 8.83115 5.96422 4.25116 5.99625 3.73149
threshold=2.2135417461395268 0.10551599413156511 1.2989583015441897 1.2339499592781069 0.20202272385358813 0.40602916479110723 0.2097679600119591
decision_type=2 2 2 2 2 2 2
left_child=4 3 -3 -2 6 -6 -1
right_child=1 2 -4 -5 5 -7 -8
leaf_value=-0.01250030753525349 -0.038708209360426772 0.059079635679059106 -0.027421198350052821 0.01976929170647642 -0.090830267818086063 -0.0061218546688257902 0.014232350246728006
leaf_weight=91.693637046076276 31.991097613357638 18.547987182871026 203.07990165857521 116.85458618439638 13.216518553708736 134.42670716728736 417.75455725440167
leaf_count=10401 3053 3240 37177 35286 658 44187 120385
internal_value=-0.000608275 -0.00918034 -0.020182 0.00720084 0.00422472 -0.0137047 0.00942084
internal_weight=1027.56 370.474 221.628 148.846 657.091 147.643 509.448
internal_count=254387 78756 40417 38339 175631 44845 130786
is_linear=0
shrinkage=0.12


Tree=586
num_leaves=7
num_cat=0
split_feature=59 66 0 53 41 47
split_gain=2.8697 4.50394 3.1133 2.92284 4.19597 3.23481
threshold=-1.4514939188957212 4.6640625000000009 51.840950012207038 2.2135417461395268 0.11788686364889146 0.20202272385358813
decision_type=2 2 2 2 2 2
left_child=1 -1 -3 5 -5 -2
right_child=3 2 -4 4 -6 -7
leaf_value=-0.055893518454213219 0.0078239763212137638 0.082357001763183918 -0.022985672913058398 0.0038928948364370989 -0.022192458878113511 -0.01267755011297874
leaf_weight=6.1068378635473648 495.43488220598488 18.70218530987329 5.1530704504808744 163.10272915543874 194.91450023058269 142.7595011957859
leaf_count=238 128686 4085 415 41397 35643 43923
internal_value=-0.000529914 0.0360614 0.0596015 -0.00163044 -0.0103087 0.00323793
internal_weight=1026.17 29.9621 23.8553 996.212 358.017 638.194
internal_count=254387 4738 4500 249649 77040 172609
is_linear=0
shrinkage=0.12


Tree=587
num_leaves=7
num_cat=0
split_feature=59 66 0 53 23 3
split_gain=2.2765 3.56728 2.53138 2.26134 3.29622 2.8402
threshold=-1.4514939188957212 4.6640625000000009 51.840950012207038 2.1364583969116215 1.351979196071625 0.49956999719142919
decision_type=2 2 2 2 2 2
left_child=1 -1 -3 4 -2 -5
right_child=3 2 -4 5 -6 -7
leaf_value=-0.049014279076373291 -0.0069792924776407098 0.075054313774000653 -0.020160229940427269 -0.017648426757483963 0.011644221653641169 0.0016752675780406941
leaf_weight=6.1269080164177678 240.18457633977789 18.099336610466906 5.169145747288634 216.78055999502365 318.10388508778135 221.38562974119597
leaf_count=238 9410 4085 415 38034 142229 59976
internal_value=-0.00046136 0.0324512 0.0539022 -0.00143228 0.00363209 -0.00788503
internal_weight=1025.85 29.3954 23.2685 996.455 558.288 438.166
internal_count=254387 4738 4500 249649 151639 98010
is_linear=0
shrinkage=0.12


Tree=588
num_leaves=8
num_cat=0
split_feature=88 29 28 8 81 2 28
split_gain=1.98337 10.5127 8.40581 8.3197 26.6321 10.6382 6.85545
threshold=1.0000000180025095e-35 3.4596813917160039 33.297288894653327 12.011940479278566 1.0000000180025095e-35 451.14500427246099 111.46908187866212
decision_type=2 2 2 2 2 2 2
left_child=1 2 -1 5 -5 -2 -3
right_child=3 6 -4 4 -6 -7 -8
leaf_value=-0.0042400016545138947 0.021418197002090453 0.0092275039017429127 -0.12394232466416859 -0.0058261501139711264 -0.13239580164116974 -0.13242154231698303 -0.051356243274768759
leaf_weight=17.519844952170857 135.22283220270037 628.43901557825291 16.31381678534386 164.6839069802312 28.010967554556487 6.7982250154018393 28.098443403137026
leaf_count=485 61308 171064 12730 3836 296 98 4570
internal_value=-0.000402281 0.00327307 -0.0619577 -0.00798292 -0.0242249 0.0140542 0.00663465
internal_weight=1025.09 690.371 33.8337 334.716 192.695 142.021 656.537
internal_count=254387 188849 13215 65538 4132 61406 175634
is_linear=0
shrinkage=0.12


Tree=589
num_leaves=7
num_cat=0
split_feature=12 86 23 88 88 1
split_gain=2.10017 8.93861 2.33844 3.18222 2.82605 0.833285
threshold=0.33209998905658727 1.0000000180025095e-35 1.351979196071625 1.0000000180025095e-35 1.3467286229133608 16.978300094604496
decision_type=2 2 2 2 2 2
left_child=1 -1 3 -2 -4 -3
right_child=2 5 4 -5 -6 -7
leaf_value=-0.088781194541807246 0.0011867304873111266 0.11208343470855728 0.0060882303254164829 -0.02035140472622304 -0.16885024310325866 0.033495603130285212
leaf_weight=15.51277452909301 294.8266218835472 3.4760195820535946 551.97054682378416 148.55532982018758 1.3329678425870941 4.4049937707975459
leaf_count=256 12472 494 236488 4228 231 218
internal_value=-0.000370627 -0.0359108 0.000463558 -0.00602963 0.00566678 0.0681577
internal_weight=1020.08 23.3938 996.685 443.382 553.304 7.88101
internal_count=254387 968 253419 16700 236719 712
is_linear=0
shrinkage=0.12


Tree=590
num_leaves=8
num_cat=0
split_feature=15 22 15 13 72 15 66
split_gain=2.47868 4.50018 3.39748 4.81972 3.25208 2.40449 1.6198
threshold=12.122608184814455 3.3897999525070195 11.752744674682619 9.4732499122619647 21.564583778381351 11.323409080505373 6.527083396911622
decision_type=2 2 2 2 2 2 2
left_child=2 6 5 -4 -3 -1 -2
right_child=1 4 3 -5 -6 -7 -8
leaf_value=0.00038273105031530068 -0.15884110682053784 -0.0063611991581620205 0.10792278165201023 -0.38274228613698047 -0.13107830919860181 -0.054442576876249538 -0.43782310988229367
leaf_weight=990.7776250681311 0.90389211602812725 19.121350681670858 6.364327615031697 0.30195746312108429 3.5733751504994862 11.654720542018138 0.44833609097713634
leaf_count=211222 134 15245 8595 282 6647 10918 762
internal_value=-0.000594225 -0.0386699 0.000313123 0.0856975 -0.0259984 -0.000254692 -0.251339
internal_weight=1033.15 24.047 1009.1 6.66629 22.6947 1002.43 1.35223
internal_count=253805 22788 231017 8877 21892 222140 896
is_linear=0
shrinkage=0.12


Tree=591
num_leaves=8
num_cat=0
split_feature=82 50 70 50 8 85 61
split_gain=2.01584 3.89095 10.5689 4.55664 2.97357 8.73653 2.45299
threshold=1.0000000180025095e-35 0.68115413188934337 34.500000000000007 0.20102091878652575 13.486831188201906 0.62500000000000011 20.296875000000004
decision_type=2 2 2 2 2 2 2
left_child=4 3 -3 -2 6 -6 -1
right_child=1 2 -4 -5 5 -7 -8
leaf_value=0.0019391980553260431 -0.00095622437015846712 0.070429632521895033 -0.87859012236310674 0.06217269639294435 -0.0025135049087594646 -0.066645168649351577 -0.076966304829448051
leaf_weight=764.61147434073291 45.974768542850939 0.49640112047768425 0.25619487688163645 25.650657683571353 152.42319940891093 38.268039207861307 5.7158103919693977
leaf_count=199460 15555 762 128 31088 1830 1186 3796
internal_value=-0.00051288 0.0187996 -0.252631 0.0216516 -0.00196738 -0.0153835 0.00135372
internal_weight=1033.4 72.378 0.752596 71.6254 961.019 190.691 770.327
internal_count=253805 47533 890 46643 206272 3016 203256
is_linear=0
shrinkage=0.12


Tree=592
num_leaves=8
num_cat=0
split_feature=24 63 72 19 15 29 8
split_gain=1.83736 3.56362 8.17825 4.68305 2.9491 4.78052 1.89545
threshold=13.813644886016847 0.80583184957504284 21.564583778381351 0.25182291865348821 11.752744674682619 -4.7573223114013663 1.8228300213813784
decision_type=2 2 2 2 2 2 2
left_child=4 2 -2 -3 6 -6 -1
right_child=1 3 -4 -5 5 -7 -8
leaf_value=-0.042648567005306393 -0.051302633275881943 -0.066653036098441226 -0.43293245368544925 0.081662862761688423 -0.41979871083198134 0.10575977074664782 0.00048599834507254206
leaf_weight=14.891455068027652 11.638710418139908 5.7018507946384016 0.86898166189257686 6.6304948248224491 0.26029974630773711 5.8590316361835439 985.69108221472322
leaf_count=14231 8735 7237 1461 6389 385 7458 207909
internal_value=-0.000443575 -0.0326846 -0.0778167 0.0130891 0.000351963 0.0834039 -0.000155964
internal_weight=1031.54 24.84 12.5077 12.3323 1006.7 6.11933 1000.58
internal_count=253805 23822 10196 13626 229983 7843 222140
is_linear=0
shrinkage=0.12


Tree=593
num_leaves=8
num_cat=0
split_feature=82 28 46 33 15 81 81
split_gain=1.6025 3.45936 3.12916 3.04271 2.5399 16.0007 5.44986
threshold=1.0000000180025095e-35 47.410217285156257 0.7901817560195924 0.20816346257925036 0.35544049739837652 1.0000000180025095e-35 1.0000000180025095e-35
decision_type=2 2 2 2 2 2 2
left_child=4 3 -3 -2 5 -1 -6
right_child=1 2 -4 -5 6 -7 -8
leaf_value=-0.001189185016481328 -0.0012088667140602472 0.0069676819086894621 -0.19913126962854383 0.10786516119469887 -0.0016596026374816877 -0.082920696704335869 0.03044950247810408
leaf_weight=363.54182117743818 5.9109519323490671 55.004993126737588 1.0816748629458732 9.7700473125637419 467.48720240063631 38.107988140247642 90.923350971431319
leaf_count=7022 492 30067 571 16403 174047 690 24513
internal_value=-0.000373093 0.0169236 0.0029929 0.0667497 -0.00166607 -0.00894376 0.00356857
internal_weight=1031.83 71.7677 56.0867 15.681 960.06 401.65 558.411
internal_count=253805 47533 30638 16895 206272 7712 198560
is_linear=0
shrinkage=0.12


Tree=594
num_leaves=8
num_cat=0
split_feature=15 47 47 14 36 24 33
split_gain=1.37736 3.30085 4.6271 2.33435 3.18726 1.86785 0.889146
threshold=12.122608184814455 0.21160705387592318 0.18697913736104968 7.7481498718261728 -4.7573223114013663 12.82035541534424 0.21482235938310626
decision_type=2 2 2 2 2 2 2
left_child=3 2 -2 5 -5 -1 -3
right_child=1 6 -4 4 -6 -7 -8
leaf_value=0.00048888866685472469 -0.029910436906171258 -0.0090866841753005773 -0.24110505588631329 -0.26902179529982834 0.077561366252631991 -0.040791814155531153 0.12030926238626263
leaf_weight=979.41682438452949 19.923332681668818 1.1187200878289325 1.6149344301925328 0.40025405892038257 8.4193607731203848 16.042262938236718 2.4165413680901082
leaf_count=205566 15555 328 1429 444 10255 14752 5476
internal_value=-0.000325394 -0.028106 -0.0457458 0.000368197 0.0618326 -0.000176368 0.0793624
internal_weight=1029.35 25.0735 21.5383 1004.28 8.81961 995.459 3.53526
internal_count=253805 22788 16984 231017 10699 220318 5804
is_linear=0
shrinkage=0.12


Tree=595
num_leaves=7
num_cat=0
split_feature=57 50 35 50 5 66
split_gain=2.23564 1.91145 3.37225 2.93754 1.46609 1.78046
threshold=15.784375190734865 0.58022916316986095 239.79285430908206 0.57429730892181408 3.9420499801635747 9.4880208969116229
decision_type=2 2 2 2 2 2
left_child=1 3 -3 -1 5 -2
right_child=4 2 -4 -5 -6 -7
leaf_value=-0.0018048622452341951 -0.11864631839407182 0.012114136327589039 0.12118506491674748 -0.11779230800278181 0.189721460671127 0.059902385155153809
leaf_weight=969.89694670784172 0.90127388297449851 40.737969743301335 4.5364666059032848 3.1545335988803336 1.0721045237824487 7.4693785389346488
leaf_count=233082 117 12400 2134 925 64 5717
internal_value=-0.000520497 -0.00105944 0.023043 -0.00218088 0.0575999 0.0406779
internal_weight=1027.77 1018.33 45.2744 973.051 9.44276 8.37065
internal_count=254439 248541 14534 234007 5898 5834
is_linear=0
shrinkage=0.12


Tree=596
num_leaves=7
num_cat=0
split_feature=57 31 53 5 5 72
split_gain=1.79418 1.79512 9.36774 2.23881 1.28915 1.4876
threshold=15.784375190734865 0.2963541597127915 1.869791626930237 2.2952500581741337 3.9420499801635747 39.667709350585945
decision_type=2 2 2 2 2 2
left_child=1 2 -1 -3 5 -2
right_child=4 3 -4 -5 -6 -7
leaf_value=0.0041444165445361364 0.062319417739254965 -0.004532798010510453 -0.061498507043326718 0.0077886832771146457 0.18167930302984209 -0.065531014213428843
leaf_weight=124.79165335783313 6.5466041764127834 448.75146418379268 41.788814795031101 403.09800785331572 0.9904089234139225 1.6385247519739321
leaf_count=40118 3266 140281 13496 54646 64 2568
internal_value=-0.000454177 -0.000930116 -0.0123229 0.00129777 0.0523722 0.0367259
internal_weight=1027.61 1018.43 166.58 851.849 9.17554 8.18513
internal_count=254439 248541 53614 194927 5898 5834
is_linear=0
shrinkage=0.12


Tree=597
num_leaves=8
num_cat=0
split_feature=10 81 15 8 81 15 24
split_gain=1.75224 6.42092 18.3601 15.4279 5.77261 22.2564 6.69186
threshold=2.5000000000000004 1.0000000180025095e-35 2.2929099798202519 10.800346851348879 1.0000000180025095e-35 0.74325001239776622 3.4270392656326298
decision_type=2 2 2 2 2 2 2
left_child=4 3 -3 -2 6 -6 -1
right_child=1 2 -4 -5 5 -7 -8
leaf_value=0.014227022715337082 0.027859193240842763 0.09402820660216904 -0.065599769817526868 -0.040172793189188614 -0.076228319227510527 0.054010025321514048 -0.011098021484486782
leaf_weight=465.53330228568177 72.099503723210688 27.098502034314151 16.813489108220438 143.60648312075963 50.847401212591762 30.067693428445523 221.8485206313195
leaf_count=22702 35721 772 11862 2183 854 11707 168638
internal_value=-0.000395323 -0.0089184 0.0329082 -0.0174332 0.00248474 -0.0278323 0.00605351
internal_weight=1027.91 259.618 43.912 215.706 768.297 80.9151 687.382
internal_count=254439 50538 12634 37904 203901 12561 191340
is_linear=0
shrinkage=0.12


Tree=598
num_leaves=8
num_cat=0
split_feature=1 72 75 34 1 28 1
split_gain=1.57052 5.39196 16.0775 4.18908 2.7083 7.31785 2.08961
threshold=5.2280499935150155 19.801041603088382 1.0000000180025095e-35 1.2626714110374453 6.3546001911163339 74.739608764648452 6.4329500198364267
decision_type=2 2 2 2 2 2 2
left_child=1 3 -3 -1 5 -2 -6
right_child=4 2 -4 -5 6 -7 -8
leaf_value=-0.028895629940164182 0.10545697296253016 -0.99760862975490816 -0.016394454396985669 0.10970857315221982 -0.11368542283483518 -0.04737735883307391 -1.8059857959167521e-05
leaf_weight=33.453605118621461 11.507615102680747 0.32352858383273886 0.93661163156730254 3.4652383195766481 2.3345650925839427 7.42030886022195 965.19892165265765
leaf_count=23359 9192 312 1324 1202 1004 3714 214332
internal_value=-0.000337133 -0.0242177 -0.268312 -0.0158861 0.000587115 0.0455414 -0.000292328
internal_weight=1024.64 38.179 1.26014 36.9188 986.461 18.9279 967.533
internal_count=254439 26197 1636 24561 228242 12906 215336
is_linear=0
shrinkage=0.12


Tree=599
num_leaves=8
num_cat=0
split_feature=88 29 8 28 84 2 28
split_gain=1.5061 8.98425 5.98778 12.2059 7.98823 5.61864 4.58316
threshold=0.64335712790489208 2.6165128946304326 10.729324817657472 89.851455688476577 10.000000000000002 128.33499908447268 11.372304916381838
decision_type=2 2 2 2 2 2 2
left_child=1 6 3 -2 -4 -3 -1
right_child=2 5 4 -5 -6 -7 -8
leaf_value=0.063088096436144089 -0.0077095081423530602 0.12867820287552231 -0.0081505138861521793 0.1066496852641519 -0.074212424823979148 0.0036399830786009069 -0.10921067094054722
leaf_weight=2.6210605357769792 50.395709159386826 5.2120205027597413 174.53287825837046 18.327412077580902 31.046518343852426 728.05431091894366 14.642767354140842
leaf_count=46 36753 478 7094 10932 586 185933 12617
internal_value=-0.000266866 0.00251421 -0.00787628 0.0227884 -0.0181272 0.00452875 -0.0830516
internal_weight=1024.83 750.53 274.303 68.7231 205.579 733.266 17.2638
internal_count=254439 199074 55365 47685 7680 186411 12663
is_linear=0
shrinkage=0.12


Tree=600
num_leaves=7
num_cat=0
split_feature=72 69 15 35 5 70
split_gain=2.09912 1.94752 5.39759 3.35613 1.24616 0.798963
threshold=41.933855056762702 25.500000000000004 6.3754570484161386 345.13572692871099 4.170300006866456 33.500000000000007
decision_type=2 2 2 2 2 2
left_child=1 3 -3 -1 5 -2
right_child=4 2 -4 -5 -6 -7
leaf_value=-0.016454021392071388 0.11671765469243219 0.023238722318628828 -0.046200092449437256 0.0047977316864783121 -0.12566374063753127 -0.022690095027212701
leaf_weight=125.67304676951562 4.1512069639513909 150.0874237755645 18.059335517608815 720.43769848511738 0.39180399977816538 0.69045478938187432
leaf_count=32223 6399 30641 10507 174272 22 67
internal_value=0.00437645 0.00398532 0.0157808 0.0016412 0.0801796 0.0968371
internal_weight=1019.49 1014.26 168.147 846.111 5.23347 4.84166
internal_count=254131 247643 41148 206495 6488 6466
is_linear=0
shrinkage=0.12


Tree=601
num_leaves=7
num_cat=0
split_feature=61 57 72 24 5 1
split_gain=1.97268 7.65634 1.61818 1.60971 1.0992 0.607783
threshold=27.88125038146973 8.288541793823244 41.933855056762702 7.8761088848114023 4.170300006866456 21.230599403381351
decision_type=2 2 2 2 2 2
left_child=2 -2 3 -1 -4 -3
right_child=1 5 4 -5 -6 -7
leaf_value=0.0061261687451121104 -0.67341656863990029 0.074118669119278419 0.095523038384112274 -0.0058649750667208421 -0.12668125996116536 -0.1254992926037361
leaf_weight=810.85574773855228 0.30200027892712711 0.72004812600541945 3.9525105578205162 201.2127827707094 0.34887577857813301 0.31604524119757116
leaf_count=101518 111 1217 5441 145821 16 7
internal_value=0.00386263 -0.141744 0.00405432 0.00374217 0.0775005 0.0132281
internal_weight=1017.71 1.33809 1016.37 1012.07 4.30139 1.03609
internal_count=254131 1335 252796 247339 5457 1224
is_linear=0
shrinkage=0.12


Tree=602
num_leaves=8
num_cat=0
split_feature=72 69 90 76 51 83 50
split_gain=1.58572 1.48635 4.5742 2.86591 0.90182 1.39994 0.519566
threshold=41.933855056762702 25.500000000000004 0.25002500414848333 0.84624999761581432 0.10719964653253557 1.0000000180025095e-35 -0.030476337298750874
decision_type=2 2 2 2 2 2 2
left_child=1 3 -3 -1 5 -2 -6
right_child=4 2 -4 -5 6 -7 -8
leaf_value=0.0025195316010523908 -0.094006152507373125 0.00073857451898618203 0.044542510267951779 -0.032123588478429728 -0.026449760158375291 0.10840903162325594 0.1358463287935982
leaf_weight=809.40205276996085 0.95122223583546528 118.33006174766075 48.356884381984116 35.912490401184868 0.32145601950077951 1.0192236667483028 2.4406541619574682
leaf_count=193012 1125 32217 8931 13483 111 1154 4098
internal_value=0.003414 0.00308992 0.0134464 0.00104775 0.0727141 0.0106942 0.116958
internal_weight=1016.73 1012 166.687 845.315 4.73256 1.97045 2.76211
internal_count=254131 247643 41148 206495 6488 2279 4209
is_linear=0
shrinkage=0.12


Tree=603
num_leaves=7
num_cat=0
split_feature=66 59 46 66 58 66
split_gain=1.55401 8.98717 6.54362 3.3837 9.45137 2.58452
threshold=11.581770896911623 -9.047538757324217 0.50968897342681896 11.554687500000002 4.4330401420593271 11.53567695617676
decision_type=2 2 2 2 2 2
left_child=3 -2 -3 5 -5 -1
right_child=1 2 -4 4 -6 -7
leaf_value=0.0020852512471586748 -0.57170592705376178 0.050289872631621733 -0.033186792846778841 -0.03954450647946222 -0.55343359331825814 0.089349128398360761
leaf_weight=936.68017936779302 0.36609686501833394 43.881803239610349 19.54518724779291 9.6072626681667508 0.54458255358031316 4.9129925715844811
leaf_count=176037 234 33024 30585 7574 386 6291
internal_value=0.00301293 0.0211444 0.0245663 0.00179762 -0.0671114 0.00254057
internal_weight=1015.54 63.7931 63.427 951.745 10.1518 941.593
internal_count=254131 63843 63609 190288 7960 182328
is_linear=0
shrinkage=0.12


Tree=604
num_leaves=8
num_cat=0
split_feature=59 57 61 74 66 74 2
split_gain=1.49529 3.87587 8.9293 2.98294 2.1337 1.67597 1.36081
threshold=19999947.000000004 6.7838542461395273 6.7822916507720956 49.500000000000007 11.852603912353517 55.500000000000007 125.0749969482422
decision_type=2 2 2 2 2 2 2
left_child=4 3 -3 -2 5 -1 -6
right_child=1 2 -4 -5 6 -7 -8
leaf_value=0.0034904218633201403 0.00090513055097008496 -0.19021562805818226 0.026132013086802252 -0.11334408439423675 -0.12131084362085695 0.10206340478649747 0.084662307418894439
leaf_weight=895.59063997395594 95.594801669625994 5.3011710909346572 5.7018507927399469 3.4081208609702562 0.49700460781730171 2.4906924935092993 6.5377431267958173
leaf_count=206972 27342 2029 5419 987 37 4171 7174
internal_value=0.00267384 -0.010537 -0.0781026 -0.00302784 0.00427946 0.0037638 0.0701103
internal_weight=1015.12 110.006 11.003 99.0029 905.116 898.081 7.03475
internal_count=254131 35777 7448 28329 218354 211143 7211
is_linear=0
shrinkage=0.12


Tree=605
num_leaves=8
num_cat=0
split_feature=13 14 14 63 2 22 13
split_gain=2.3417 5.52316 9.07842 4.98115 3.52977 7.64233 4.05489
threshold=6.2236499786376962 4.7444000244140634 4.3374500274658212 -0.51972088217735279 190.8850021362305 2.4594249725341801 5.4519500732421884
decision_type=2 2 2 2 2 2 2
left_child=4 2 -2 -3 5 -1 -6
right_child=1 3 -4 -5 6 -7 -8
leaf_value=-0.014330615655148581 0.0092888542665226503 -0.2012922454565807 0.19312849464004356 0.0061483836468025138 0.0018354220181466562 -0.19417632792482226 -0.050527788189861866
leaf_weight=246.26161516763341 10.480492667260238 1.6920711558176424 6.1307744958971275 111.95887500946419 614.23957647465124 3.4500884957951703 22.0603707559643
leaf_count=26433 5218 1185 3084 106320 91568 439 20012
internal_value=-0.00251619 0.0125067 0.0771391 0.00305994 -0.00472486 -0.0168154 2.00017e-05
internal_weight=1016.27 130.262 16.6113 113.651 886.012 249.712 636.3
internal_count=254259 115807 8302 107505 138452 26872 111580
is_linear=0
shrinkage=0.12


Tree=606
num_leaves=7
num_cat=0
split_feature=19 55 19 45 29 90
split_gain=2.08525 3.25614 5.44388 3.11177 2.98119 3.01816
threshold=0.30520834028720861 0.46859979629516607 0.30364583432674414 0.2963541597127915 -80.60552597045897 0.007114285835996271
decision_type=2 2 2 2 2 2
left_child=1 3 -3 -1 -2 -6
right_child=4 2 -4 -5 5 -7
leaf_value=-0.01311473946210772 -0.16269190333158179 0.056592864154849098 -0.20964820569853262 0.0038442987781544119 -0.0014224851943802368 -0.032383895019025437
leaf_weight=214.3945008324489 1.8964720009334985 23.099378902320613 1.1615228535081303 570.06726923376914 138.64417470585886 67.368113241623519
leaf_count=58456 275 6654 138 154100 23446 11190
internal_value=-0.00220716 0.000548432 0.0438462 -0.00079063 -0.0129259 -0.0115472
internal_weight=1016.63 808.723 24.2609 784.462 207.909 206.012
internal_count=254259 219348 6792 212556 34911 34636
is_linear=0
shrinkage=0.12


Tree=607
num_leaves=7
num_cat=0
split_feature=1 57 90 5 13 71
split_gain=1.94369 1.81292 1.80024 0.898279 0.0361713 0.0164801
threshold=0.40164999663829809 15.784375190734865 0.007114285835996271 0.25994999706745153 4.978450059890748 23.500000000000004
decision_type=2 2 2 2 2 2
left_child=4 2 -2 -3 -1 -6
right_child=1 3 -4 -5 5 -7
leaf_value=0.14594523515769611 0.0015714295350993653 -0.056265497975957639 -0.0087665020988834351 0.066837588476844845 0.12237578356413789 0.080644992269425037
leaf_weight=0.9554862733181142 599.61603799532656 0.96209938185253907 407.34784923565667 7.5663059157397168 0.41580244307021985 0.2027062013307841
leaf_count=43 155445 244 91925 5635 574 393
internal_value=-0.00193744 -0.00214397 -0.00261058 0.0529502 0.131309 0.108699
internal_weight=1017.07 1015.49 1006.96 8.52841 1.57399 0.618509
internal_count=254259 253249 247370 5879 1010 967
is_linear=0
shrinkage=0.12


Tree=608
num_leaves=8
num_cat=0
split_feature=6 24 8 41 62 14 2
split_gain=1.87832 5.79898 5.78041 9.07504 4.48987 4.13826 1.51306
threshold=4.2342500686645517 7.7230677604675302 7.3037226200103769 0.036869747564196594 9.3247113227844256 2.761700034141541 128.33499908447268
decision_type=2 2 2 2 2 2 2
left_child=1 6 3 -2 -3 -4 -1
right_child=2 4 5 -5 -6 -7 -8
leaf_value=-0.067241073954289798 -0.1347380976113538 0.0086249390767753238 -0.0024579630034205261 -0.013554945787166914 -0.13080198304403479 0.095353337664652371 0.16193110297030872
leaf_weight=0.45894405271675509 12.086470518509655 169.92248617151225 787.10959494749272 33.739576934074705 3.3922495299786979 6.2784512004786839 4.3184141608335302
leaf_count=82 12962 130110 85760 14060 2541 5700 3044
internal_value=-0.00170212 0.00949107 -0.00407746 -0.0455166 0.00589597 -0.00168394 0.139915
internal_weight=1017.31 178.092 839.214 45.826 173.315 793.388 4.77736
internal_count=254259 135777 118482 27022 132651 91460 3126
is_linear=0
shrinkage=0.12


Tree=609
num_leaves=8
num_cat=0
split_feature=61 74 53 4 61 90 19
split_gain=1.73839 4.19821 5.64854 3.94058 3.90944 3.82297 2.19644
threshold=0.99270832538604747 17.500000000000004 1.682291626930237 90.884998321533217 0.85703125596046459 0.42329999804496771 0.25546874105930334
decision_type=2 2 2 2 2 2 2
left_child=4 2 -2 -3 5 -1 -6
right_child=1 3 -4 -5 6 -7 -8
leaf_value=0.0074694941394232344 0.045345389179399044 -0.019645923430165874 -0.034371841197115963 0.0097110175429436004 0.15311518611668667 -0.014665235133661084 0.030223395372696756
leaf_weight=422.98957077712299 14.416236382623678 96.284591231498894 114.13431741501037 208.2432955147558 3.6930459616354465 153.00408483841687 4.8377097322830878
leaf_count=104936 4443 15216 28969 70251 885 28285 1274
internal_value=-0.00148515 -0.00724728 -0.025432 0.00042904 0.00278406 0.00158973 0.0834244
internal_weight=1017.6 433.078 128.551 304.528 584.524 575.994 8.53076
internal_count=254259 118879 33412 85467 135380 133221 2159
is_linear=0
shrinkage=0.12


Tree=610
num_leaves=8
num_cat=0
split_feature=47 20 59 72 30 61 55
split_gain=2.25712 4.62013 6.35617 3.6585 3.45452 3.31152 0.908136
threshold=0.11265768110752107 26.689059257507328 -0.68034332990646351 41.289062500000007 5.5000000000000009 2.1958333253860478 0.28257952630519872
decision_type=2 2 2 2 2 2 2
left_child=1 3 -3 -1 5 -2 -6
right_child=4 2 -4 -5 6 -7 -8
leaf_value=0.0083312459784859426 -0.0016657617315344985 -0.11691448892879767 -0.012398538088957849 -0.19002137420891932 0.11529606018647615 0.017810624138306405 -0.0018844142155539172
leaf_weight=242.4211491698685 329.92238370340436 8.6880564231779243 235.55969049730132 1.3464658092264006 5.2800035425540903 203.09724586779845 1.1619457699549043
leaf_count=62647 84404 929 45553 1722 1427 57459 260
internal_value=0.00146159 -0.00445179 -0.0161162 0.00723563 0.00681103 0.00575535 0.09416
internal_weight=1027.48 488.015 244.248 243.768 539.462 533.02 6.44195
internal_count=254401 110851 46482 64369 143550 141863 1687
is_linear=0
shrinkage=0.12


Tree=611
num_leaves=7
num_cat=0
split_feature=0 55 88 29 14 55
split_gain=2.11848 3.42035 2.23495 6.21639 5.86062 0.795702
threshold=1.3632499575614931 0.024418387562036518 0.93772858381271373 4.3908841609954843 -1.9384999871253965 0.39955714344978338
decision_type=2 2 2 2 2 2
left_child=1 -1 3 -2 -4 -3
right_child=2 5 4 -5 -6 -7
leaf_value=-0.35748749429193205 -0.039665886047380243 0.12089880465479774 0.061508214736993298 0.0012182043471376373 0.0027914060479290073 -0.0098363499502751202
leaf_weight=0.24747491035384328 57.365883451317927 4.1318946600501931 30.258867399459575 805.94820003786162 128.13415004864879 0.80022620347972395
leaf_count=57 13793 9446 617 201574 28347 567
internal_value=0.0012936 0.077844 0.000905528 -0.00149848 0.0140085 0.0996873
internal_weight=1026.89 5.1796 1021.71 863.314 158.393 4.93212
internal_count=254401 10070 244331 215367 28964 10013
is_linear=0
shrinkage=0.12


Tree=612
num_leaves=8
num_cat=0
split_feature=22 58 72 28 88 5 47
split_gain=1.91399 6.00609 7.28453 5.30496 3.9313 3.20295 0.161759
threshold=0.24310000240802768 -0.19174401462078092 9.507291793823244 72.639316558837905 1.3357856869697573 3.485899925231934 0.27497357130050665
decision_type=2 2 2 2 2 2 2
left_child=1 3 -3 -1 5 -2 -6
right_child=4 2 -4 -5 6 -7 -8
leaf_value=-0.067624794297640997 0.00037858693046285676 -0.032477227992818783 0.076547247933096002 0.030650925138483155 0.11131198745762498 0.0291776914459905 0.16548424850164509
leaf_weight=35.132519989408436 881.63302350946549 18.16218726728162 17.166004487706797 10.207666360440788 2.1486905607353033 59.354059551202226 1.2587183085424838
leaf_count=1004 241935 644 480 456 703 9008 171
internal_value=0.00114555 -0.0165964 0.0204979 -0.0454995 0.00266103 0.00219513 0.131324
internal_weight=1025.06 80.6684 35.3282 45.3402 944.394 940.987 3.40741
internal_count=254401 2584 1124 1460 251817 250943 874
is_linear=0
shrinkage=0.12


Tree=613
num_leaves=7
num_cat=0
split_feature=0 71 19 71 55 71
split_gain=1.82855 2.34581 4.30331 2.59749 2.27062 0.851013
threshold=1.3632499575614931 154.50000000000003 0.2651041597127915 151.50000000000003 0.024418387562036518 176.50000000000003
decision_type=2 2 2 2 2 2
left_child=4 3 -3 -2 -1 -6
right_child=1 2 -4 -5 5 -7
leaf_value=-0.2254151524924298 0.0007234405775292113 -0.24578878331299411 0.0083188263595684268 0.12254959681624486 0.12071848466123521 -0.020430634161604844
leaf_weight=0.33726368940062812 1012.9180925433568 1.5717988449117779 2.4643118669812232 2.5264881236456622 3.7355446606821943 0.73634129886136168
leaf_count=57 237449 2942 2742 1198 9480 533
internal_value=0.00101188 0.000663647 -0.0906393 0.00102655 0.0748326 0.0974769
internal_weight=1024.29 1019.48 4.03611 1015.44 4.80915 4.47189
internal_count=254401 244331 5684 238647 10070 10013
is_linear=0
shrinkage=0.12


Tree=614
num_leaves=7
num_cat=0
split_feature=47 12 47 12 2 47
split_gain=1.70889 3.68386 6.76557 2.90166 2.49507 2.42706
threshold=0.11265768110752107 2.7246500253677373 0.10775705054402353 0.33209998905658727 336.69000244140631 0.11457881331443788
decision_type=2 2 2 2 2 2
left_child=1 4 -3 -2 -1 -5
right_child=3 2 -4 5 -6 -7
leaf_value=0.0056178355253974355 -0.055094361378743295 -0.011705031503929153 -0.099189089208307324 0.076086810281617387 -0.033904742709166803 0.0058904531794597946
leaf_weight=312.27862574749787 11.119547281595031 135.64605024789341 14.047721654008226 7.1910712992173549 24.830308179574956 518.6771635755531
leaf_count=51646 558 52990 3893 1960 2322 141032
internal_value=0.000899703 -0.00424948 -0.0199148 0.00556766 0.00270674 0.00685036
internal_weight=1023.79 486.803 149.694 536.988 337.109 525.868
internal_count=254401 110851 56883 143550 53968 142992
is_linear=0
shrinkage=0.12


Tree=615
num_leaves=8
num_cat=0
split_feature=76 66 8 11 2 28 66
split_gain=1.67743 3.61924 4.17441 2.71171 5.27602 3.92893 2.17137
threshold=0.9717826545238496 0.92656251788139354 6.8560955524444589 1.5000000000000002 160.45000457763675 65.877407073974624 1.119791626930237
decision_type=2 2 2 2 2 2 2
left_child=1 2 -1 5 -5 -2 -3
right_child=3 6 -4 4 -6 -7 -8
leaf_value=-0.11807594194794041 0.018330095749127698 0.062641541302377909 -0.013274560389229034 0.1123563359913471 -0.06792667139557608 0.1143487562129676 -3.9883732218106823e-05
leaf_weight=7.8405137655012878 30.111178091440138 8.0265933708488983 18.124732929874696 3.0545201740919756 9.9585825300800916 7.7072845720103933 934.69792526434298
leaf_count=817 3157 1381 2162 252 2025 578 244076
internal_value=0.000391503 -0.000723508 -0.0449206 0.0216401 -0.0256095 0.0378984 0.000493802
internal_weight=1019.52 968.69 25.9652 50.8316 13.0131 37.8185 942.725
internal_count=254448 248436 2979 6012 2277 3735 245457
is_linear=0
shrinkage=0.12


Tree=616
num_leaves=7
num_cat=0
split_feature=49 71 58 78 22 79
split_gain=1.58975 2.04319 1.71862 3.44317 2.2564 0.629842
threshold=2.3203125000000004 36.500000000000007 -31.872266769409176 1.0000000180025095e-35 2.0450249910354619 1.0000000180025095e-35
decision_type=2 2 2 2 2 2
left_child=2 -2 3 -1 -4 -3
right_child=1 5 4 -5 -6 -7
leaf_value=-0.0007707216968568586 -0.073074344066489744 0.081385295016118603 -0.0037464345401877282 -0.047171930015584257 0.0082989655961283257 0.19543759315328069
leaf_weight=81.77149330526062 0.97411940587357948 1.7091966904662286 485.4233822010346 32.055850597712137 415.73656845262946 1.1776572372840519
leaf_count=16131 289 720 73237 4700 159201 170
internal_value=0.000347938 0.077203 5.55841e-05 -0.0138381 0.00181053 0.127912
internal_weight=1018.85 3.86097 1014.99 113.827 901.16 2.88685
internal_count=254448 1179 253269 20831 232438 890
is_linear=0
shrinkage=0.12


Tree=617
num_leaves=8
num_cat=0
split_feature=47 49 88 22 86 57 0
split_gain=1.40267 2.83476 4.333 2.38124 8.24355 3.63278 2.3355
threshold=0.066045161336660399 1.901041626930237 1.2472000122070315 0.24310000240802768 1.0000000180025095e-35 0.34531250596046453 11.71959972381592
decision_type=2 2 2 2 2 2 2
left_child=1 2 -1 4 -2 -5 -3
right_child=3 6 -4 5 -6 -7 -8
leaf_value=0.003776574413701789 -0.049325824843875085 -0.060995792743462646 0.11998188152446446 -0.010831012785505287 0.048089574091696806 0.0068081294269698592 0.12133572887099865
leaf_weight=239.55893339833233 48.418051330111382 1.2526568454077267 4.7114816778689592 278.92510018741672 16.866475794641872 423.26905927997603 5.2574149203087472
leaf_count=47077 636 601 637 76115 1501 126866 1015
internal_value=0.000309332 0.00810075 0.00601794 -0.00223658 -0.0241582 -0.000198479 0.0862518
internal_weight=1018.26 250.78 244.27 767.479 65.2845 702.194 6.51007
internal_count=254448 49330 47714 205118 2137 202981 1616
is_linear=0
shrinkage=0.12


Tree=618
num_leaves=8
num_cat=0
split_feature=74 76 29 72 1 66 55
split_gain=1.39272 4.36382 4.86127 3.84992 5.17761 2.71502 2.70979
threshold=35.500000000000007 0.3849781602621079 4.3908841609954843 25.07656288146973 8.7624497413635272 11.741927146911623 0.19249650090932849
decision_type=2 2 2 2 2 2 2
left_child=3 2 -2 5 -5 -1 -3
right_child=1 6 -4 4 -6 -7 -8
leaf_value=0.0013599400812817019 -0.054558074560693053 -0.097374403147425778 0.012634447428270528 -0.097905641935493851 0.069001968693583104 -0.05185288041184901 0.0020205283876690368
leaf_weight=867.88584455193211 19.750654453323691 12.513487040872691 72.127461355797777 3.0519830962293879 21.743662589115154 14.030298843701301 5.7714344299356091
leaf_count=191758 3871 2303 35380 1987 6571 11686 892
internal_value=0.000276545 -0.0124642 -0.00180965 0.00182452 0.0484581 0.000513384 -0.0660015
internal_weight=1016.87 110.163 91.8781 906.712 24.7956 881.916 18.2849
internal_count=254448 42446 39251 212002 8558 203444 3195
is_linear=0
shrinkage=0.12


Tree=619
num_leaves=8
num_cat=0
split_feature=76 72 19 24 13 23 47
split_gain=1.28638 2.88377 4.59967 2.39395 7.58702 3.85247 1.51181
threshold=0.9717826545238496 0.77031251788139354 0.25807291269302374 4.671598196029664 3.1596499681472783 1.0589500069618227 0.26008093357086187
decision_type=2 2 2 2 2 2 2
left_child=1 2 -1 5 -5 -2 -3
right_child=3 6 -4 4 -6 -7 -8
leaf_value=-0.1026516449413812 0.004145727840859142 -0.0019181129969566583 0.041620681969855362 -0.16670621642862932 0.043758881567746925 0.081927687012661912 0.011543219451570132
leaf_weight=9.4872951268200136 25.04087087342262 810.72574847561236 4.7881925930968796 3.8317660203329051 6.9221685199372587 14.46696112590652 141.03869426603114
leaf_count=947 863 206421 793 964 2386 1799 40275
internal_value=0.000247528 -0.000726286 -0.0542607 0.0189644 -0.0312326 0.0326279 7.66755e-05
internal_weight=1016.3 966.04 14.2755 50.2618 10.7539 39.5078 951.764
internal_count=254448 248436 1740 6012 3350 2662 246696
is_linear=0
shrinkage=0.12


Tree=620
num_leaves=8
num_cat=0
split_feature=46 50 63 88 8 41 22
split_gain=2.60335 5.71034 3.42652 3.11912 2.77361 2.59952 2.08247
threshold=0.19488884508609775 0.099361196160316481 19999975.000000004 1.2174285650253298 12.444991111755373 0.11788686364889146 0.6181749999523164
decision_type=2 2 2 2 2 2 2
left_child=1 2 -1 4 -2 -5 -3
right_child=3 6 -4 5 -6 -7 -8
leaf_value=0.014534167372839635 0.004201223050555771 0.31267514582602596 -0.10448577447975863 -0.0064886300602490744 -0.0093769437665996245 -0.21043364787443264 0.07813060284760931
leaf_weight=138.84373225931046 444.86661578026286 1.2028017700620517 3.5728119073345104 1.704556819515765 422.25787594397701 1.9066439236192207 0.99693741238291966
leaf_count=25288 216603 57 667 383 10218 541 811
internal_value=-0.000398029 0.0145118 0.0115483 -0.00287434 -0.00241085 -0.114168 0.206378
internal_weight=1015.35 144.616 142.417 870.736 867.124 3.6112 2.19974
internal_count=254568 26823 25955 227745 226821 924 868
is_linear=0
shrinkage=0.12


Tree=621
num_leaves=8
num_cat=0
split_feature=46 0 15 51 45 16 51
split_gain=2.02156 3.16394 4.27619 3.0452 2.20333 2.26367 2.16243
threshold=0.19488884508609775 100.45835113525392 1.2504569888114931 0.40814051032066351 0.071875002235174193 1.9983949661254885 0.059929642826318748
decision_type=2 2 2 2 2 2 2
left_child=1 3 -3 -1 6 -6 -2
right_child=4 2 -4 -5 5 -7 -8
leaf_value=0.0047017150642296663 -0.12580944219640647 0.14580098321832072 -0.0016120772312365325 0.12077150975803987 -0.011355602320614177 0.0015057524053210482 0.10292250765166193
leaf_weight=129.45006733353611 0.6813848629407272 5.7900848040408004 5.5496416702966513 3.3388728052847503 303.43560398769193 562.1277484696526 4.7047418978993285
leaf_count=23461 303 144 1975 1243 5982 219303 2157
internal_value=-0.000348385 0.0128159 0.0736573 0.0076202 -0.00252686 -0.00300298 0.0739862
internal_weight=1015.08 144.129 11.3397 132.789 870.949 865.563 5.38613
internal_count=254568 26823 2119 24704 227745 225285 2460
is_linear=0
shrinkage=0.12


Tree=622
num_leaves=7
num_cat=0
split_feature=31 51 48 50 88 51
split_gain=1.67716 2.01624 1.72479 3.78746 3.50942 0.68641
threshold=0.059374999254941947 0.059929642826318748 1.0000000180025095e-35 0.11584804579615594 1.2174285650253298 0.26915696263313299
decision_type=2 2 2 2 2 2
left_child=1 -1 3 -2 -4 -3
right_child=2 5 4 -5 -6 -7
leaf_value=-0.12106426384368427 0.0091292975202198565 0.1366501085297315 -0.0022183686182326401 0.18399918100758719 -0.12701401085602057 0.00052240505521200433
leaf_weight=0.63474021878395248 148.99707909828516 2.8638079694892622 856.3110811456587 1.805138623296499 3.2572271740509668 0.6554883347349153
leaf_count=258 28409 1473 222653 801 676 298
internal_value=-0.000301724 0.0757908 -0.000614571 0.0112225 -0.00269127 0.111296
internal_weight=1014.52 4.15404 1010.37 150.802 859.568 3.5193
internal_count=254568 2029 252539 29210 223329 1771
is_linear=0
shrinkage=0.12


Tree=623
num_leaves=7
num_cat=0
split_feature=24 77 41 28 50 12
split_gain=1.54793 2.59053 5.19476 1.87567 1.58881 1.00001
threshold=0.81030231714248668 1.0000000180025095e-35 0.050450071692466743 5.839832305908204 0.041166469454765327 3.8298499584198002
decision_type=2 2 2 2 2 2
left_child=1 2 -1 5 -5 -2
right_child=3 -3 -4 4 -6 -7
leaf_value=-0.022208702248858066 0.11399008965638457 -0.048786617778691387 0.04738566960227069 0.0099287800463743504 -0.0018434387810606213 -0.059978579207056855
leaf_weight=58.201243404232471 3.0867747920000101 23.938879903521183 21.023712009608559 216.94063388127779 690.71116242905612 0.56250474917603188
leaf_count=1193 1653 457 417 37142 213335 371
internal_value=-0.000261668 -0.0141934 -0.00374063 0.00131548 0.000970275 0.0871743
internal_weight=1014.46 103.164 79.225 911.301 907.652 3.64928
internal_count=254568 2067 1610 252501 250477 2024
is_linear=0
shrinkage=0.12


Tree=624
num_leaves=7
num_cat=0
split_feature=76 20 28 15 47 72
split_gain=1.19464 2.04885 3.20755 1.20348 6.53327 2.93215
threshold=0.98611417412757885 28.789348602294925 28.174629211425785 -0.14470200240612027 0.31060646474361425 0.41875000298023229
decision_type=2 2 2 2 2 2
left_child=3 2 -2 4 -1 -5
right_child=1 -3 -4 5 -6 -7
leaf_value=-0.013394831547984163 0.013613764987195756 -0.040234588733144609 0.13850078135260033 -0.16145407597166006 0.042889373342813439 0.0023281774051771681
leaf_weight=266.92405856548783 9.2911362309346277 4.464915518401539 4.3469595145215854 1.5776133075182759 33.415251118420429 693.96263571403597
leaf_count=5177 921 482 597 754 712 245925
internal_value=-0.000229182 0.030321 0.0534198 -0.00078452 -0.00713274 0.00195669
internal_weight=1013.98 18.103 13.6381 995.88 300.339 695.54
internal_count=254568 2000 1518 252568 5889 246679
is_linear=0
shrinkage=0.12


Tree=625
num_leaves=8
num_cat=0
split_feature=57 72 57 24 12 28 55
split_gain=2.32335 5.43097 5.22917 8.91211 5.0436 4.11848 2.72314
threshold=0.38203124701976782 6.9770832061767587 0.19687499850988391 1.5954986810684206 1.1654999852180483 20.490640640258793 0.26849640905857092
decision_type=2 2 2 2 2 2 2
left_child=2 4 5 -4 -2 -1 -3
right_child=1 6 3 -5 -6 -7 -8
leaf_value=-0.07718092832558536 -0.080800246578656518 0.0056290929894199301 -0.12585266433998596 -0.00080024842917007376 0.069373891081247904 -0.001365361543587349 -0.017029201204179938
leaf_weight=10.587208022024923 3.6296991505143756 437.8897990679356 13.957351315035792 19.917338988545566 28.56041815461392 405.31303269714442 92.517112331089436
leaf_count=3022 551 120629 213 8544 9894 89863 21404
internal_value=-0.00055863 0.00458143 -0.00698802 -0.0523255 0.0524405 -0.00329533 0.00167688
internal_weight=1012.37 562.597 449.775 33.8747 32.1901 415.9 530.407
internal_count=254120 152478 101642 8757 10445 92885 142033
is_linear=0
shrinkage=0.12


Tree=626
num_leaves=8
num_cat=0
split_feature=54 88 23 87 49 1 15
split_gain=2.34565 7.67581 3.96321 5.26236 2.69069 2.58643 1.99027
threshold=-0.13889756053686139 1.2611714005470278 0.41155417263507849 1.0000000180025095e-35 1.3867187500000002 4.7609999179840097 1.0000000180025095e-35
decision_type=2 2 2 2 2 2 2
left_child=2 5 4 -4 -1 -2 -3
right_child=1 6 3 -5 -6 -7 -8
leaf_value=-0.097208480382695764 0.041869474525374914 0.35278851392447852 0.0052616899402068351 -0.045185428727662617 -0.017360159043726599 0.00063305264641031541 0.11535202656712178
leaf_weight=12.247288860119939 22.527642484824696 1.0265199542045302 135.18349527113253 38.187692112100933 12.062376471368422 789.7375572098498 1.0071426167208128
leaf_count=271 18098 8 27022 11068 448 196543 662
internal_value=-0.00048686 0.00235968 -0.0122125 -0.00585007 -0.057588 0.00177672 0.235201
internal_weight=1011.98 814.299 197.681 173.371 24.3097 812.265 2.03366
internal_count=254120 215311 38809 38090 719 214641 670
is_linear=0
shrinkage=0.12


Tree=627
num_leaves=7
num_cat=0
split_feature=54 41 88 55 10 16
split_gain=1.81677 7.76091 6.05538 3.94595 2.5571 1.22643
threshold=-0.13889756053686139 0.56602942943573009 1.2611714005470278 0.53399747610092174 2.5000000000000004 1.9983949661254885
decision_type=2 2 2 2 2 2
left_child=1 3 4 -1 -2 -4
right_child=2 -3 5 -5 -6 -7
leaf_value=-0.0067372634142462721 0.0053360988769267127 -0.25223165485190702 0.29903039330582865 -0.18239146584886759 -0.010467315268711851 0.11038853805424342
leaf_weight=193.90373405886899 618.04462192191102 1.8980393404963241 1.0628594930748914 1.8592653268921981 193.62896055366878 0.93098617591708777
leaf_count=38364 175592 203 8 242 39049 662
internal_value=-0.000427627 -0.0107469 0.00207919 -0.00840554 0.00156611 0.210948
internal_weight=1011.33 197.661 813.667 195.763 811.674 1.99385
internal_count=254120 38809 215311 38606 214641 670
is_linear=0
shrinkage=0.12


Tree=628
num_leaves=7
num_cat=0
split_feature=43 85 63 51 44 5
split_gain=1.48255 4.87374 4.09576 4.05661 1.52521 1.49751
threshold=-5.1943538188934317 0.37500000000000006 19999929.000000004 0.06855331733822824 -0.68046602606773365 0.22275000065565112
decision_type=2 2 2 2 2 2
left_child=1 3 -3 -1 -2 -6
right_child=4 2 -4 -5 5 -7
leaf_value=-0.1269875044143034 -0.11769630161702618 -0.15685518999606696 0.039413905014458822 0.076370000534991489 0.033706951362462927 -0.0002566769212450194
leaf_weight=1.8381144882272318 1.5774221960618877 5.7124050247320497 2.0916866654554269 6.1012494138855686 19.059472201100789 975.04457584020042
leaf_count=275 230 1352 1000 1385 3692 246186
internal_value=-0.000370305 -0.036907 -0.10425 0.0292889 0.000207404 0.000394491
internal_weight=1011.42 15.7435 7.80409 7.93936 995.681 994.104
internal_count=254120 4012 2352 1660 250108 249878
is_linear=0
shrinkage=0.12


Tree=629
num_leaves=8
num_cat=0
split_feature=57 73 53 15 57 85 33
split_gain=1.43976 4.8905 4.30622 3.72698 7.09162 4.30064 3.08087
threshold=0.52708330750465404 935.09036254882824 2.3213542699813847 1.0011360049247744 0.053124999627470977 0.62500000000000011 0.21150749176740649
decision_type=2 2 2 2 2 2 2
left_child=3 2 -2 4 -1 -5 -3
right_child=1 6 -4 5 -6 -7 -8
leaf_value=-0.0058819109966174394 0.064019420094907714 -0.019672484804241348 -0.0025638611990239572 0.020911921080888313 -0.059521637448499795 -0.01072585741251811 0.004702694636183849
leaf_weight=186.2932948224356 34.317103555635128 92.739978087202303 23.610347385393993 123.89971946032604 43.845767928160541 123.58260212958346 383.20191948231678
leaf_count=4741 13594 13653 6999 47624 1125 53843 112541
internal_value=-0.000322294 0.00395993 0.0368811 -0.00510882 -0.0161013 0.0051133 -4.69473e-05
internal_weight=1011.49 533.869 57.9275 477.621 230.139 247.482 475.942
internal_count=254120 146787 20593 107333 5866 101467 126194
is_linear=0
shrinkage=0.12


Tree=630
num_leaves=8
num_cat=0
split_feature=2 29 23 50 55 5 18
split_gain=1.8676 4.71345 4.95058 4.36674 4.86479 3.33835 2.76774
threshold=366.08000183105474 187.44482421875003 0.41155417263507849 0.43294419348239904 0.27845326066017156 0.99064999818801891 1.0000000180025095e-35
decision_type=2 2 2 2 2 2 2
left_child=3 6 -3 5 -5 -1 -2
right_child=1 2 -4 4 -6 -7 -8
leaf_value=-0.025364561385791348 -0.062532042703756424 -0.073229269119025581 -0.0090479888631787332 0.049114113236861018 -0.038317198767948105 0.0012565041260357351 0.12136607602047679
leaf_weight=74.823162452967722 1.4983303254007569 20.386032282829291 114.55393909902978 48.148227043572362 11.318419670648565 726.12519092133925 5.5212568734691558
leaf_count=30771 317 440 40847 17737 2905 159291 2013
internal_value=-0.00100496 -0.013757 -0.0187442 0.00109899 0.0324731 -0.00123039 0.082113
internal_weight=1002.37 141.96 134.94 860.415 59.4666 800.948 7.01959
internal_count=254321 43617 41287 210704 20642 190062 2330
is_linear=0
shrinkage=0.12


Tree=631
num_leaves=8
num_cat=0
split_feature=74 61 7 72 33 12 12
split_gain=1.8789 4.3307 4.29588 3.79177 2.83323 2.45927 0.390042
threshold=15.500000000000002 5.1822917461395273 10.71335029602051 11.051562786102297 0.033063787966966636 3.9614499807357793 0.46304999291896826
decision_type=2 2 2 2 2 2 2
left_child=1 2 -1 -3 6 -6 -2
right_child=4 3 -4 -5 5 -7 -8
leaf_value=0.0013765854660159078 0.23411299225621107 0.010027814438094236 -0.025264751554025664 -0.18537628831771566 0.0066019724983126657 -0.019770856367441862 0.11479777748533633
leaf_weight=366.10630489312956 0.63277368791369859 2.3719182755407919 114.38903992390232 3.6010117304329015 456.49213114236528 57.308244568358589 1.0478825387627333
leaf_count=119424 48 1486 2731 1132 110524 18196 780
internal_value=-0.000878927 -0.00622814 -0.00496578 -0.107779 0.00416921 0.0036604 0.15972
internal_weight=1001.95 486.468 480.495 5.97293 515.481 513.8 1.68066
internal_count=254321 124773 122155 2618 129548 128720 828
is_linear=0
shrinkage=0.12


Tree=632
num_leaves=7
num_cat=0
split_feature=0 70 35 35 50 19
split_gain=1.84865 2.59087 1.38596 3.96469 3.4403 1.17898
threshold=119.5795021057129 5.5000000000000009 346.25000000000006 337.33572387695318 0.4415025413036347 0.26614584028720861
decision_type=2 2 2 2 2 2
left_child=2 -2 3 -1 -4 -3
right_child=1 5 4 -5 -6 -7
leaf_value=-0.0077113216833188522 -0.15104167303020768 -0.082247052429698028 -0.00052610157548074201 -0.12079754023392821 0.031296791688104245 0.10104823371558509
leaf_weight=137.60809100173395 2.7586310660626614 0.85505383418103553 802.52729690054673 4.6139825296239101 52.094752536411193 1.235442346721811
leaf_count=42320 63 386 191535 1272 18196 549
internal_value=-0.000771159 -0.0746845 -0.000411609 -0.0113801 0.00141371 0.0260769
internal_weight=1001.69 4.84913 996.844 142.222 854.622 2.0905
internal_count=254321 998 253323 43592 209731 935
is_linear=0
shrinkage=0.12


Tree=633
num_leaves=8
num_cat=0
split_feature=73 71 1 47 71 33 1
split_gain=1.44353 3.4898 7.3965 3.63899 2.61334 2.38248 1.75252
threshold=1164.995300292969 44.500000000000007 16.713699340820316 0.45026515424251562 43.500000000000007 0.033063787966966636 16.37454986572266
decision_type=2 2 2 2 2 2 2
left_child=1 3 -3 -1 6 -6 -2
right_child=4 2 -4 -5 5 -7 -8
leaf_value=-0.0021033366856925678 -0.010571858408229825 0.02230526674439938 -0.18792681604853073 -0.062788306684924036 0.15264391335782693 0.0040499787723610311 -0.13070227913988741
leaf_weight=436.40401321370888 3.5754693352056384 5.1047594925715867 4.5648085860549372 14.708805927483523 1.5583291270236248 532.43145701653054 3.4227228076954361
leaf_count=116064 538 1880 259 4116 835 130521 108
internal_value=-0.000675189 -0.00561096 -0.0769411 -0.00408201 0.00352882 0.00448362 -0.0693261
internal_weight=1001.77 460.782 9.66957 451.113 540.988 533.99 6.99819
internal_count=254321 122319 2139 120180 132002 131356 646
is_linear=0
shrinkage=0.12


Tree=634
num_leaves=8
num_cat=0
split_feature=24 62 69 13 7 19 6
split_gain=1.41195 4.85824 5.8562 5.42368 4.021 3.7916 2.55111
threshold=12.041065692901613 9.3247113227844256 9.5000000000000018 8.469950199127199 2.714749932289124 0.23932291567325595 2.5697000026702885
decision_type=2 2 2 2 2 2 2
left_child=4 3 -3 -2 5 -1 -6
right_child=1 2 -4 -5 6 -7 -8
leaf_value=-0.41857706296594011 0.061839122010640381 -0.44327254428126073 -0.0079932323537514477 -0.0077771272367946377 0.070235483715029648 -0.062174788628608535 -0.0015604733095225143
leaf_weight=0.45086305275265104 27.825975478247592 0.71871788378189094 1.1690464934248437 38.291322886557559 7.1826039683583067 9.2170572761559679 916.65290796973977
leaf_count=1823 25414 307 981 39207 8207 7621 170761
internal_value=-0.00059183 0.0161018 -0.173715 0.0215214 -0.00180795 -0.0787956 -0.00100228
internal_weight=1001.51 68.0051 1.88776 66.1173 933.503 9.66792 923.836
internal_count=254321 65909 1288 64621 188412 9444 178968
is_linear=0
shrinkage=0.12


Tree=635
num_leaves=8
num_cat=0
split_feature=50 33 49 78 33 63 34
split_gain=2.0286 4.78198 9.25488 3.89924 2.31379 4.38602 4.2913
threshold=0.08189647272229196 0.21792351454496386 1.3742187619209292 1.0000000180025095e-35 0.21150749176740649 -0.51972088217735279 1.0402143001556399
decision_type=2 2 2 2 2 2 2
left_child=4 2 -2 -3 6 -6 -1
right_child=1 3 -4 -5 5 -7 -8
leaf_value=0.15845577300899161 0.0074965097626599024 0.0075528821251820656 -0.075066567869428197 -0.013054118503185091 -0.15955626338391682 0.023497199605194297 -0.0021458016967655785
leaf_weight=2.4301011766326601 42.941352418060774 433.87300541825459 35.891707326089431 190.18450284068729 1.911281177100135 136.31064321161523 169.77480637607084
leaf_count=340 3369 152765 2300 47893 194 23545 24349
internal_value=0.00132305 -0.0022451 -0.0300934 0.0012728 0.00940229 0.020966 0.000120557
internal_weight=1013.32 702.891 78.8331 624.058 310.427 138.222 172.205
internal_count=254755 206327 5669 200658 48428 23739 24689
is_linear=0
shrinkage=0.12


Tree=636
num_leaves=8
num_cat=0
split_feature=31 70 7 29 31 14 62
split_gain=2.0245 5.21832 6.58276 3.05336 2.98397 2.55502 1.71769
threshold=0.29921875894069677 34.500000000000007 0.52175000309944164 2.6165128946304326 0.30520834028720861 -1.576650023460388 -2.8124630451202388
decision_type=2 2 2 2 2 2 2
left_child=1 2 -1 -3 5 -2 -6
right_child=4 3 -4 -5 6 -7 -8
leaf_value=-0.23892443048905379 -0.024016121947932966 -0.051140996087422376 -0.014308434383249156 0.088472655598449829 -0.0070185047851444469 0.1204617766434892 0.0058686046471619156
leaf_weight=1.902025713506531 2.5587146257768438 2.8376142876904167 154.11900960654577 11.000068201248562 194.11569898586561 5.6649912349944014 639.88659294064473
leaf_count=2326 88 145 38873 13850 45454 3299 150720
internal_value=0.00116813 -0.0107828 -0.0170467 0.0598429 0.00357838 0.0755091 0.0028691
internal_weight=1012.08 169.859 156.021 13.8377 842.226 8.22371 834.002
internal_count=254755 55194 41199 13995 199561 3387 196174
is_linear=0
shrinkage=0.12


Tree=637
num_leaves=8
num_cat=0
split_feature=19 57 5 8 31 2 19
split_gain=1.81615 3.99424 5.3843 4.58611 2.9595 4.47086 2.21648
threshold=0.23671875149011615 0.23437500000000003 4.170300006866456 12.011940479278566 0.27604167163372045 190.8850021362305 0.24114582687616351
decision_type=2 2 2 2 2 2 2
left_child=1 3 -3 -1 5 -2 -6
right_child=4 2 -4 -5 6 -7 -8
leaf_value=0.0268921923389807 -0.073573062626656541 0.03959340244138753 -0.104472839062552 -0.028822165212044868 -0.022288215351856214 -0.0066430564099049846 0.0027799667161228728
leaf_weight=37.045540839119056 19.398533382438046 73.900711873502004 3.9345484754460918 49.976551774742688 54.663169123194052 55.462190021937971 716.85984665100193
leaf_count=19221 4267 25532 113 1157 11038 23184 170243
internal_value=0.00103792 0.0125607 0.0323109 -0.00510441 -0.00120648 -0.0239865 0.00100386
internal_weight=1011.24 164.857 77.8353 87.0221 846.384 74.8607 771.523
internal_count=254755 46023 25645 20378 208732 27451 181281
is_linear=0
shrinkage=0.12


Tree=638
num_leaves=8
num_cat=0
split_feature=23 86 5 66 10 8 81
split_gain=1.77932 4.75174 2.28819 1.9265 1.60069 7.55802 6.39005
threshold=0.14616250246763232 1.0000000180025095e-35 2.2331500053405766 9.4588541984558123 2.5000000000000004 11.62544107437134 1.0000000180025095e-35
decision_type=2 2 2 2 2 2 2
left_child=1 2 -1 -3 6 -6 -2
right_child=4 3 -4 -5 5 -7 -8
leaf_value=-0.072410812040252362 0.0094535045103344827 0.038301501047905119 -0.015254057265330925 -0.016998747008667377 0.01520477736778224 -0.026300520557007379 -0.027945224703822449
leaf_weight=21.040510801485659 606.59347182589067 21.080786670611872 19.372396423240495 15.92382163190956 124.91961526983938 127.82453733887154 73.792239604678798
leaf_count=368 189828 633 370 449 49365 1354 12388
internal_value=0.000917809 -0.0165638 -0.0450121 0.0145047 0.00236818 -0.00578639 0.00539737
internal_weight=1010.55 77.4175 40.4129 37.0046 933.13 252.744 680.386
internal_count=254755 1820 738 1082 252935 50719 202216
is_linear=0
shrinkage=0.12


Tree=639
num_leaves=8
num_cat=0
split_feature=90 16 69 76 15 69 7
split_gain=1.98716 4.86724 4.08263 3.4013 3.28061 8.08528 5.43329
threshold=0.007114285835996271 1.0640814900398257 18.500000000000004 0.96128329634666454 1.9634459614753725 1.5000000000000002 9.2115001678466815
decision_type=2 2 2 2 2 2 2
left_child=4 2 -2 -3 5 -1 -6
right_child=1 3 -4 -5 6 -7 -8
leaf_value=0.11074405251811323 -0.10241324248953358 -0.0057272084018799045 0.0032546913192893312 0.036399243992254707 -0.0050413435433212302 0.0085871438540793266 -0.17877238533566633
leaf_weight=11.488776136669399 13.277129503246824 360.20832981316562 8.7253859531995932 29.889407721923703 196.37384855052645 385.56974997634273 2.626885617219016
leaf_count=271 516 90542 246 3359 140256 18638 927
internal_value=0.000810648 -0.00559668 -0.0605092 -0.00249947 0.00524051 0.011543 -0.00733466
internal_weight=1008.16 412.1 22.0025 390.098 596.059 397.059 199.001
internal_count=254755 94663 762 93901 160092 18909 141183
is_linear=0
shrinkage=0.12


Tree=640
num_leaves=8
num_cat=0
split_feature=16 77 41 41 66 54 66
split_gain=2.18945 4.44111 5.11088 4.90206 2.81347 5.74824 2.94151
threshold=1.2970045208930971 1.0000000180025095e-35 0.16201478987932208 0.16201478987932208 11.214062213897707 -0.05556096509099006 11.091145515441896
decision_type=2 2 2 2 2 2 2
left_child=1 3 -3 -1 6 -6 -2
right_child=4 2 -4 -5 5 -7 -8
leaf_value=-0.012193617921385982 0.0024868050000620479 -0.0086511093548568337 -0.091961657321441945 0.062854491946291641 0.022066873431723404 -0.036357532131272026 0.071479468522396922
leaf_weight=92.766902763755965 731.11246188231883 22.526322868534049 20.03444690001351 14.490989919854057 36.052178231481804 74.075115694062191 9.008352374792933
leaf_count=2030 149087 373 314 293 10692 87240 4076
internal_value=-0.00169309 -0.015069 -0.0478675 -0.0020543 0.000663826 -0.0172312 0.00332655
internal_weight=1000.07 149.819 42.5608 107.258 850.248 110.127 740.121
internal_count=254105 3010 687 2323 251095 97932 153163
is_linear=0
shrinkage=0.12


Tree=641
num_leaves=7
num_cat=0
split_feature=49 31 58 49 49 55
split_gain=2.09944 3.26112 3.33431 3.09137 2.71954 2.47703
threshold=0.75078123807907116 1.1333333253860476 4.4330401420593271 0.78828126192092907 0.842708319425583 0.1190602481365204
decision_type=2 2 2 2 2 2
left_child=1 2 -1 5 -5 -2
right_child=3 -3 -4 4 -6 -7
leaf_value=0.016951644038861881 0.023325389169346639 -0.14170795958773472 -0.097346608831878081 0.048580162896693778 -0.0037532814266796489 -0.093227893059808636
leaf_weight=139.71462592138954 3.6143789929307379 1.9648156264315719 3.7745623933375887 14.550331654006753 827.16633902222964 9.5988691043679335
leaf_count=29567 1475 190 601 5063 215437 1772
internal_value=-0.00148521 0.0118424 0.013945 -0.00375271 -0.00284862 -0.0613457
internal_weight=1000.38 145.454 143.489 854.93 841.717 13.2132
internal_count=254105 30358 30168 223747 220500 3247
is_linear=0
shrinkage=0.12


Tree=642
num_leaves=8
num_cat=0
split_feature=16 77 41 41 43 43 83
split_gain=1.70708 3.435 4.04076 3.82946 2.51628 2.79117 2.47712
threshold=1.2970045208930971 1.0000000180025095e-35 0.16201478987932208 0.16201478987932208 -11.026772499084471 -5.3683466911315909 0.37500000000000006
decision_type=2 2 2 2 2 2 2
left_child=1 3 -3 -1 6 -6 -2
right_child=4 2 -4 -5 5 -7 -8
leaf_value=-0.010628276939869681 0.12290488737874217 -0.0072411142691006947 -0.081469529553515468 0.05583554895282495 -0.1022290071051427 0.00056834376649860191 -0.0036109372548420479
leaf_weight=92.840321598201953 4.789792279251456 22.529997813486887 19.877902431336423 14.42253162333496 3.8208516662418779 837.99766871453176 4.1675711003530864
leaf_count=2030 1799 373 314 293 1371 247183 742
internal_value=-0.00130414 -0.0131223 -0.0420343 -0.00169157 0.00077495 0.000101766 0.0640412
internal_weight=1000.45 149.671 42.4079 107.263 850.776 841.819 8.95736
internal_count=254105 3010 687 2323 251095 248554 2541
is_linear=0
shrinkage=0.12


Tree=643
num_leaves=8
num_cat=0
split_feature=22 54 53 88 28 74 50
split_gain=1.62094 5.0828 4.6828 3.74074 3.72237 3.63166 3.28423
threshold=3.6473250389099126 0.47137847542762762 1.7864583730697634 0.78444284200668346 30.377373695373539 48.500000000000007 0.58637756109237682
decision_type=2 2 2 2 2 2 2
left_child=1 6 3 -2 -3 -4 -1
right_child=2 4 5 -5 -6 -7 -8
leaf_value=-0.0026829912535235329 0.067543995226036366 0.060181777440777781 0.0047330113462929644 -0.21273876010163562 -0.18739334419793507 -0.11679103778311156 0.11667488106359344
leaf_weight=875.64065993873976 23.356324518293484 1.1573811011492114 88.570720297591365 0.70642768981465565 3.5782252532990242 3.6886119692406956 3.3322996837114252
leaf_count=211174 10073 1073 26571 457 569 1846 2342
internal_value=-0.00114568 -0.00289849 0.0121706 0.0593155 -0.126886 -0.000125631 -0.00223049
internal_weight=1000.03 883.709 116.322 24.0628 4.73561 92.2593 878.973
internal_count=254105 215158 38947 10530 1642 28417 213516
is_linear=0
shrinkage=0.12


Tree=644
num_leaves=8
num_cat=0
split_feature=57 69 79 76 55 6 1
split_gain=1.4729 3.93222 8.19006 3.81317 2.95195 4.76764 2.42892
threshold=2.7015625238418584 24.500000000000004 1.0000000180025095e-35 0.64840254187583934 0.31697751581668859 9.3642501831054705 16.548550605773929
decision_type=2 2 2 2 2 2 2
left_child=4 3 -3 -2 6 -6 -1
right_child=1 2 -4 -5 5 -7 -8
leaf_value=-0.0067727037621841827 -0.0033711843391296304 -0.044661574301013064 -0.44587084388251658 -0.074154696088885336 0.019554424164533558 0.16478687565835012 0.0085353515217554531
leaf_weight=346.5501995872649 317.54795151965675 4.636089691702181 0.87019051486458909 11.35108428348701 53.443988177589375 3.4659994846339535 262.17540803143123
leaf_count=123701 87377 3171 923 1642 14175 85 23031
internal_value=-0.00100036 -0.00749778 -0.108067 -0.00581409 0.00226384 0.0283995 -0.000179593
internal_weight=1000.04 334.405 5.50628 328.899 665.636 56.91 608.726
internal_count=254105 93113 4094 89019 160992 14260 146732
is_linear=0
shrinkage=0.12


Tree=645
num_leaves=8
num_cat=0
split_feature=22 12 29 85 54 7 73
split_gain=1.7752 3.98917 5.41903 3.90323 3.39623 3.00091 2.01891
threshold=0.14085000008344653 0.56554999947547924 68.775497436523452 0.62500000000000011 -0.033687159419059746 10.171099662780763 3544.6757812500005
decision_type=2 2 2 2 2 2 2
left_child=3 2 -2 4 -1 -5 -3
right_child=1 6 -4 5 -6 -7 -8
leaf_value=-0.063781458342262523 0.11810118834367467 0.0025051830057867281 -0.03868599692050223 0.097809126985934622 0.0028699556256493947 -0.039821687333096163 -0.032303417611700642
leaf_weight=25.293527167266376 9.4731645305977263 901.80870112747857 4.7742259698161424 6.3588349369538246 19.492965987265464 3.5576696373145893 24.650103610866267
leaf_count=546 1032 233367 311 764 249 105 17835
internal_value=0.00132606 0.0025481 0.0655626 -0.0196888 -0.034772 0.0484324 0.00157904
internal_weight=995.409 940.706 14.2474 54.703 44.7865 9.9165 926.459
internal_count=254209 252545 1343 1664 795 869 251202
is_linear=0
shrinkage=0.12


Tree=646
num_leaves=7
num_cat=0
split_feature=45 76 62 59 1 51
split_gain=1.4822 4.85051 4.83567 4.63867 4.58373 3.5105
threshold=0.31354166567325598 0.9717826545238496 -2.2266014814376827 -9.047538757324217 8.6376500129699725 0.029608421958982948
decision_type=2 2 2 2 2 2
left_child=2 5 4 -4 -1 -2
right_child=1 -3 3 -5 -6 -7
leaf_value=-0.18545583278829603 0.050042886564875391 -0.18073563952313226 -0.25009824375185996 -0.013220264257766791 0.035329164706640048 0.0028890381180894987
leaf_weight=1.3968296560228157 23.480467955455197 2.0437793346500248 1.1973861868336531 205.14302765665994 44.239082039689549 716.19790403901072
leaf_count=3251 8717 417 233 53985 12088 175518
internal_value=0.00117454 0.0038758 -0.00677694 -0.0145949 0.0285714 0.0043859
internal_weight=993.698 741.722 251.976 206.34 45.6359 739.678
internal_count=254209 184652 69557 54218 15339 184235
is_linear=0
shrinkage=0.12


Tree=647
num_leaves=7
num_cat=0
split_feature=22 12 45 8 50 72
split_gain=1.44781 3.23996 4.79422 2.92516 2.97067 1.58075
threshold=0.14085000008344653 0.56554999947547924 0.55104166269302379 4.9690816402435312 0.16758531332015994 36.039583206176765
decision_type=2 2 2 2 2 2
left_child=3 2 -2 -1 -5 -3
right_child=1 5 -4 4 -6 -7
leaf_value=0.035403601394523206 -0.015479326630169238 0.0021030445869206172 0.12664967624988299 -0.056575134136557785 0.0096485116749418943 -0.028579286268786423
leaf_weight=11.561057718261834 6.4338859974697318 900.86987282152131 7.2896842434144808 27.062680384875954 15.251133218494763 24.846475482336814
leaf_count=362 624 233367 719 954 348 17835
internal_value=0.00104045 0.00213757 0.0600167 -0.0180905 -0.0327062 0.00127952
internal_weight=993.315 939.44 13.7236 53.8749 42.3138 925.716
internal_count=254209 252545 1343 1664 1302 251202
is_linear=0
shrinkage=0.12


Tree=648
num_leaves=8
num_cat=0
split_feature=70 2 29 12 77 41 33
split_gain=1.26942 3.61123 5.49216 3.98932 2.47893 5.76526 4.82494
threshold=22.500000000000004 149.004997253418 2.6165128946304326 1.6888999938964846 1.0000000180025095e-35 0.23725360631942752 0.20816346257925036
decision_type=2 2 2 2 2 2 2
left_child=4 2 -2 -3 6 -6 -1
right_child=1 3 -4 -5 5 -7 -8
leaf_value=-0.049465196468128754 -0.022464890079292289 -0.045040931643408715 0.089740378606636251 -0.0024767832126816407 0.0036249019233956159 -0.035822457730552461 0.010072839466532974
leaf_weight=20.38547122404816 12.539901948934729 45.556288376882748 12.587078998806389 104.31246330784759 217.51135434324078 70.690336229081936 508.98023692286654
leaf_count=7650 4967 9020 2404 109529 26881 6509 87249
internal_value=0.000919101 -0.00835675 0.0337431 -0.0154152 0.00290454 -0.00605078 0.00778007
internal_weight=992.563 174.996 25.127 149.869 817.567 288.202 529.366
internal_count=254209 125920 7371 118549 128289 33390 94899
is_linear=0
shrinkage=0.12


Tree=649
num_leaves=8
num_cat=0
split_feature=45 66 7 57 63 33 12
split_gain=1.17588 3.78551 11.3121 3.59232 2.03386 3.59724 3.503
threshold=0.31354166567325598 11.683854103088381 5.4906499385833749 10.714582920074465 3.0979540348052983 0.12597616016864779 0.33209998905658727
decision_type=2 2 2 2 2 2 2
left_child=1 3 -3 -1 6 -6 -2
right_child=4 2 -4 -5 5 -7 -8
leaf_value=-0.0059355112345928747 -0.054945368782761406 -0.24094704303909825 0.08986515675791093 0.10226013583222703 0.068476324069738068 -0.0084323418842943282 0.0093435484761309803
leaf_weight=241.17070224597205 12.524264784078978 3.4878783000058879 2.5965946432577311 4.5014142917377162 9.0900129800318989 239.42972930077823 478.45592282035841
leaf_count=58754 586 5466 2662 2675 3750 63243 117073
internal_value=0.00081474 -0.00626878 -0.0997704 -0.00395306 0.00322627 -0.00561928 0.00770362
internal_weight=991.257 251.757 6.08447 245.672 739.5 248.52 490.98
internal_count=254209 69557 8128 61429 184652 66993 117659
is_linear=0
shrinkage=0.12


Tree=650
num_leaves=8
num_cat=0
split_feature=12 50 78 54 23 86 13
split_gain=2.10624 6.76863 4.22862 3.68961 2.76132 7.01866 2.65699
threshold=3.81784999370575 0.064528264105319991 1.0000000180025095e-35 -0.05556096509099006 0.14616250246763232 1.0000000180025095e-35 0.81620001792907726
decision_type=2 2 2 2 2 2 2
left_child=4 2 -2 -3 5 -1 -6
right_child=1 3 -4 -5 6 -7 -8
leaf_value=-0.063089751258245994 -0.036851574505187397 0.11713960328871562 -0.2280844939025832 0.015849663630411868 0.019090714175041535 0.015251066258950025 -0.0031614581388384462
leaf_weight=35.019047398850574 5.5721556508309495 5.4089589695597331 2.3746970614517124 121.58302840771171 86.794923091303872 31.086763809416226 704.07152096581729
leaf_count=612 1394 1552 415 43243 2718 924 203490
internal_value=-0.000494473 0.0134407 -0.0939962 0.0201639 -0.00268871 -0.0262494 -0.000719357
internal_weight=991.911 134.939 7.94685 126.992 856.972 66.1058 790.866
internal_count=254348 46604 1809 44795 207744 1536 206208
is_linear=0
shrinkage=0.12


Tree=651
num_leaves=7
num_cat=0
split_feature=16 63 72 71 46 59
split_gain=2.18305 4.48993 2.33144 3.73299 2.81825 1.60777
threshold=0.76515501737594616 0.21228829771280291 11.844791889190676 44.500000000000007 0.20949968695640567 3.1816403865814213
decision_type=2 2 2 2 2 2
left_child=1 -1 3 -2 -4 -3
right_child=2 5 4 -5 -6 -7
leaf_value=0.02071063901240721 -0.0039105077688201999 -0.084261165971423857 -0.014134143308289483 -0.080067091439535262 0.010333501554480682 -0.026932153989539079
leaf_weight=18.132834902139756 432.40794498106635 14.209399347007309 80.757337574453857 9.4713987829264266 422.13544285465963 13.969872372664771
leaf_count=408 119706 301 13793 2164 117673 303
internal_value=-0.000430415 -0.0258679 0.000816514 -0.00554288 0.00640435 -0.0558403
internal_weight=991.084 46.3121 944.772 441.879 502.893 28.1793
internal_count=254348 1012 253336 121870 131466 604
is_linear=0
shrinkage=0.12


Tree=652
num_leaves=7
num_cat=0
split_feature=16 63 72 7 47 59
split_gain=1.69127 3.47751 1.80728 3.45048 2.5759 1.2444
threshold=0.76515501737594616 0.21228829771280291 11.844791889190676 4.6957499980926523 0.4355123788118363 3.1816403865814213
decision_type=2 2 2 2 2 2
left_child=1 -1 3 -2 -4 -3
right_child=2 5 4 -5 -6 -7
leaf_value=0.018234862462549236 0.017851001457404581 -0.07414834642303203 0.003843666617781728 -0.0098121242533826605 0.046546838340179406 -0.023708309531103474
leaf_weight=18.123985059250654 79.053565962862535 14.209579363220486 480.39273066759336 363.40256267317426 21.240283961049101 13.965450948197232
leaf_count=408 61574 301 125564 60296 5902 303
internal_value=-0.00037728 -0.0227699 0.000720877 -0.00486956 0.00565182 -0.0491469
internal_weight=990.388 46.299 944.089 442.456 501.633 28.175
internal_count=254348 1012 253336 121870 131466 604
is_linear=0
shrinkage=0.12


Tree=653
num_leaves=7
num_cat=0
split_feature=35 35 77 34 53 16
split_gain=1.59253 3.68916 2.92475 6.13185 4.48686 1.84213
threshold=273.52142333984381 276.77856445312506 1.0000000180025095e-35 0.2598749995231629 2.4114582538604741 0.76515501737594616
decision_type=2 2 2 2 2 2
left_child=2 -2 4 -4 -1 -3
right_child=1 5 3 -5 -6 -7
leaf_value=0.017419980789025378 -0.15161385307793535 -0.027440139481946457 -0.13105334906586263 0.0083693022866941271 0.11513198694667272 -0.00036967787302860731
leaf_weight=56.827157894134601 2.3643216269624636 37.802912566773671 5.4630404710233043 26.955177674105812 7.6820101554744005 852.97983670497786
leaf_count=20967 361 839 91 5397 2899 223794
internal_value=-0.000330369 -0.00191582 0.0142789 -0.0151259 0.0290559 -0.00151849
internal_weight=990.074 893.147 96.9274 32.4182 64.5092 890.783
internal_count=254348 224994 29354 5488 23866 224633
is_linear=0
shrinkage=0.12


Tree=654
num_leaves=5
num_cat=0
split_feature=24 12 29 23
split_gain=1.52241 1.49503 3.51345 2.19937
threshold=1.0000000180025095e-35 3.81784999370575 -3.7145643234252925 0.14616250246763232
decision_type=2 2 2 2
left_child=-1 3 -3 -2
right_child=1 2 -4 -5
leaf_value=-0.12524284258719182 -0.023088934016780006 -0.14716024290187874 0.014165118707232143 -0.00019885771595892703
leaf_weight=1.4021669342065468 65.456846872705796 1.9734214389835063 130.29195873468194 789.57705133249146
leaf_count=55 1522 856 45729 206186
internal_value=-0.000292062 -0.000114606 0.0117581 -0.0019512
internal_weight=988.701 987.299 132.265 855.034
internal_count=254348 254293 46585 207708
is_linear=0
shrinkage=0.12


Tree=655
num_leaves=8
num_cat=0
split_feature=24 78 77 82 75 53 71
split_gain=1.92699 7.98336 13.3794 4.52472 3.598 4.6088 2.55491
threshold=1.5954986810684206 1.0000000180025095e-35 1.0000000180025095e-35 1.0000000180025095e-35 3.5000000000000004 1.9260416626930239 101.50000000000001
decision_type=2 2 2 2 2 2 2
left_child=1 3 -3 -1 6 -6 -2
right_child=4 2 -4 -5 5 -7 -8
leaf_value=-0.0023741274638282169 0.00042096248154536737 -0.010944036351748242 -0.11763722701112383 0.053329653389185092 0.05349166314322986 0.0063508941601400177 -0.033963161986035204
leaf_weight=195.05123675570735 509.56951439308887 63.324024434242475 23.098484655657998 23.531665885646362 41.222485824040021 108.39108258804372 33.142732123135374
leaf_count=3238 154252 1049 339 1349 25309 50833 17971
internal_value=-0.000637788 -0.00858478 -0.0394603 0.00362269 0.00286327 0.0193394 -0.00167883
internal_weight=997.331 305.005 86.4225 218.583 692.326 149.614 542.712
internal_count=254340 5975 1388 4587 248365 76142 172223
is_linear=0
shrinkage=0.12


Tree=656
num_leaves=8
num_cat=0
split_feature=22 69 49 31 22 76 41
split_gain=1.57027 4.57208 28.7988 3.60841 4.19209 3.92164 3.23847
threshold=2.4321333169937138 9.5000000000000018 1.0367187857627871 0.19062499701976779 2.302149891853333 0.70997270941734325 0.22003886848688128
decision_type=2 2 2 2 2 2 2
left_child=3 2 -2 5 -5 -1 -3
right_child=1 6 -4 4 -6 -7 -8
leaf_value=-0.010073088147091394 -1.4562911902386055 -3.0822393202895202e-05 -0.023170981332788287 0.0024355044602831486 0.05300162792633803 -0.15131527887153917 -0.027528843691384985
leaf_weight=7.8056749465099795 0.22826895990703988 300.91372185519441 1.7490354919129911 578.4362656650344 24.613387439082999 4.4414483264664284 77.572473103165237
leaf_count=2070 656 123507 2603 97544 9754 793 17413
internal_value=-0.000557424 -0.00661748 -0.188617 0.00318976 0.00449935 -0.0612949 -0.00566667
internal_weight=995.76 380.463 1.9773 615.297 603.05 12.2471 378.486
internal_count=254340 144179 3259 110161 107298 2863 140920
is_linear=0
shrinkage=0.12


Tree=657
num_leaves=8
num_cat=0
split_feature=15 78 41 82 75 54 76
split_gain=1.56982 5.48343 5.11046 3.68505 2.46908 3.75074 2.72387
threshold=-0.14470200240612027 1.0000000180025095e-35 0.12287532910704614 1.0000000180025095e-35 3.5000000000000004 -0.17612635344266889 0.090398218482732787
decision_type=2 2 2 2 2 2 2
left_child=1 3 -3 -1 6 -6 -2
right_child=4 2 -4 -5 5 -7 -8
leaf_value=-0.0030091764419924909 -0.087890725008313186 -0.015753617118750549 -0.08261285431607536 0.047909223431631287 -0.036526399607493258 0.023051142708556446 -0.00024381433368183403
leaf_weight=192.8262480420585 5.1545676357058019 60.897244713897877 22.561920013571935 22.897539277100805 17.170581622715332 133.70632686619965 541.17949605824754
leaf_count=3201 6575 1003 371 1337 3596 72567 165690
internal_value=-0.000438163 -0.00770933 -0.033828 0.00239545 0.002682 0.0162709 -0.00107075
internal_weight=996.394 299.183 83.4592 215.724 697.211 150.877 546.334
internal_count=254340 5912 1374 4538 248428 76163 172265
is_linear=0
shrinkage=0.12


Tree=658
num_leaves=8
num_cat=0
split_feature=23 85 65 29 77 33 88
split_gain=1.69114 4.44168 3.55548 1.99524 6.24508 2.97257 1.90557
threshold=0.14616250246763232 0.62500000000000011 35.500000000000007 154.15518951416018 1.0000000180025095e-35 0.50292170047760021 0.68754285573959362
decision_type=2 2 2 2 2 2 2
left_child=1 2 -1 5 -5 -2 -3
right_child=3 6 -4 4 -6 -7 -8
leaf_value=-0.010366424132177971 0.003761383620860155 0.046633409249074567 -0.077012228128910717 0.0044331258739687286 -0.03499849940357673 0.079724499399469587 -0.018129705148005982
leaf_weight=25.602371374917681 640.91417855512645 16.299917135657815 20.966881578413989 189.68242821706048 83.209920170530552 7.5048940414420704 10.928821025909736
leaf_count=479 158053 702 391 75395 15951 3126 243
internal_value=-0.000382285 -0.0178613 -0.0403724 0.0010178 -0.00759031 0.00464059 0.0206394
internal_weight=995.109 73.798 46.5693 921.311 272.892 648.419 27.2287
internal_count=254340 1815 870 252525 91346 161179 945
is_linear=0
shrinkage=0.12


Tree=659
num_leaves=7
num_cat=0
split_feature=15 83 82 14 45 47
split_gain=1.42918 5.67357 2.87355 2.48691 2.34776 1.81411
threshold=-0.70134299993515004 0.37500000000000006 1.0000000180025095e-35 -2.7955000400543208 0.26979167759418493 0.88864529132843029
decision_type=2 2 2 2 2 2
left_child=1 2 -1 -2 -3 -5
right_child=3 4 -4 5 -6 -7
leaf_value=-0.0094661793864113906 0.06806058813149353 -0.014449271692654836 0.040901968978964441 0.00066133712655608843 -0.099559396683409448 0.12234236971070016
leaf_weight=106.30531898078068 8.0194488965521469 7.1772573201758805 19.266693980485798 838.34487957189958 13.345149036760407 1.7680578463946393
leaf_count=1379 130 205 665 250336 707 918
internal_value=-0.000335995 -0.0112982 -0.00173812 0.00155229 -0.069794 0.000917421
internal_weight=994.227 146.094 125.572 848.132 20.5224 840.113
internal_count=254340 2956 2044 251384 912 251254
is_linear=0
shrinkage=0.12


Tree=660
num_leaves=8
num_cat=0
split_feature=33 41 78 28 15 70 41
split_gain=2.66039 4.5197 4.53213 3.88657 10.1678 4.28283 3.20339
threshold=0.402585119009018 0.32816134393215185 1.0000000180025095e-35 43.542608261108406 -1.0000000180025095e-35 22.500000000000004 0.3066211491823197
decision_type=2 2 2 2 2 2 2
left_child=3 6 -3 4 -1 -5 -2
right_child=1 2 -4 5 -6 -7 -8
leaf_value=-0.078694216583958893 0.01043333434693984 -0.00081179473367493169 -0.082626759860156065 0.0074108929902082553 -0.0032433378037679613 -0.019800257468242901 0.11020387724078891
leaf_weight=34.893941700700509 373.28556598029888 27.855849051873179 15.000106887424634 322.37628613608393 97.818478617957908 112.30786045308378 4.6923794767978952
leaf_count=682 131184 5284 1641 46030 26668 41291 1082
internal_value=0.00025487 0.00748444 -0.029448 -0.00510725 -0.0230816 0.000380441 0.0116719
internal_weight=988.23 420.834 42.856 567.397 132.712 434.684 377.978
internal_count=253862 139191 6925 114671 27350 87321 132266
is_linear=0
shrinkage=0.12


Tree=661
num_leaves=8
num_cat=0
split_feature=33 41 8 41 28 16 22
split_gain=2.0633 3.49759 4.59559 3.37459 2.99158 7.73153 3.30923
threshold=0.402585119009018 0.32337984442710882 10.662671089172365 0.31275269389152532 43.542608261108406 1.9983949661254885 3.3285832405090336
decision_type=2 2 2 2 2 2 2
left_child=4 3 -3 -2 5 -1 -6
right_child=1 2 -4 -5 6 -7 -8
leaf_value=-0.068338422265649221 0.009296007594137996 0.064804835487616855 -0.042048284782146839 0.13232198433503059 0.0023426004070471688 -0.0028516698351950258 -0.05432543605545239
leaf_weight=35.329957960463872 372.68557544736035 6.8666632210135949 37.173126096136968 3.2385246701967381 419.17863908062225 97.897708538535113 15.383898457187739
leaf_count=682 131467 6142 1050 532 80778 26668 6543
internal_value=0.00023043 0.00660757 -0.0253878 0.0103559 -0.0044864 -0.0202178 0.000336502
internal_weight=987.754 419.964 44.0398 375.924 567.79 133.228 434.563
internal_count=253862 139191 7192 131999 114671 27350 87321
is_linear=0
shrinkage=0.12


Tree=662
num_leaves=8
num_cat=0
split_feature=50 28 53 28 61 57 88
split_gain=2.24691 4.87385 6.938 4.19704 3.16708 3.46221 3.10913
threshold=0.21997474879026416 43.542608261108406 1.8739583492279055 111.46908187866212 7.6447918415069589 3.7515624761581425 1.0000000180025095e-35
decision_type=2 2 2 2 2 2 2
left_child=1 2 -1 -3 6 -6 -2
right_child=4 3 -4 -5 5 -7 -8
leaf_value=-0.0052824324224474599 0.017045414196260624 0.0050114802827344266 -0.06338187375206894 -0.040020989076901617 -0.089585692573760645 -0.0069258409978880655 -0.0059419649725309491
leaf_weight=87.025061067511317 275.80514578291167 378.8855212959395 44.85142023788508 32.346978783198892 9.0965754326085442 36.877752249074462 122.29665532406403
leaf_count=16371 99728 72257 8440 5094 4958 22154 24860
internal_value=0.00020862 -0.00496816 -0.0250422 0.00146929 0.00653987 -0.0232811 0.0099837
internal_weight=987.185 543.109 131.876 411.233 444.076 45.9743 398.102
internal_count=253862 102162 24811 77351 151700 27112 124588
is_linear=0
shrinkage=0.12


Tree=663
num_leaves=8
num_cat=0
split_feature=50 28 46 45 28 30 57
split_gain=1.74253 3.75687 7.19735 3.7202 3.07881 3.01724 2.31901
threshold=0.21997474879026416 43.542608261108406 0.21541188657283786 0.89531251788139354 102.14583969116212 1.5000000000000002 8.2140622138977069
decision_type=2 2 2 2 2 2 2
left_child=1 2 -1 -3 5 -2 -6
right_child=4 3 -4 -5 6 -7 -8
leaf_value=0.01040304425595536 0.017043115769391607 0.0079075397603739737 -0.046157389963041952 -0.01841085003008161 0.055371782015329538 -0.0043367600484738268 -0.071205672857161603
leaf_weight=56.636129818348536 146.92338063242141 307.83440197427603 75.699318684731224 103.29249692098222 25.009499754938279 269.23080675792619 2.273752982172339
leaf_count=5030 51104 58415 19781 18936 8080 91942 574
internal_value=0.000189456 -0.00436532 -0.021951 0.00129525 0.00577164 0.00321141 0.044823
internal_weight=986.9 543.462 132.335 411.127 443.437 416.154 27.2833
internal_count=253862 102162 24811 77351 151700 143046 8654
is_linear=0
shrinkage=0.12


Tree=664
num_leaves=7
num_cat=0
split_feature=55 6 2 6 57 1
split_gain=1.59791 3.52569 2.64419 1.92603 3.27059 1.54169
threshold=0.33857741951942449 9.6870999336242694 131.33499908447268 9.6870999336242694 3.4776042699813847 8.019449710845949
decision_type=2 2 2 2 2 2
left_child=3 2 -2 5 -5 -1
right_child=1 -3 -4 4 -6 -7
leaf_value=-0.01574803836924276 0.096481271421621356 0.18785029145265994 0.0068650468416262657 -0.089957116493083272 0.028917322870986303 0.0010933639208528521
leaf_weight=86.656510617669142 5.0848171733810537 1.6965772427803205 70.143293756477831 8.8327342322001225 5.3524302577994538 808.9274726332518
leaf_count=57997 696 88 19641 496 350 174594
internal_value=0.000173125 0.0167804 0.0129224 -0.00123109 -0.0451027 -0.000536206
internal_weight=986.694 76.9247 75.2281 909.769 14.1852 895.584
internal_count=253862 20425 20337 233437 846 232591
is_linear=0
shrinkage=0.12


Tree=665
num_leaves=8
num_cat=0
split_feature=88 17 28 36 88 53 77
split_gain=1.88451 7.6281 6.47667 6.16826 4.25688 4.22922 1.19643
threshold=0.91499999165534984 1.5000000000000002 105.83415603637697 0.88543996214866649 0.64655712246894848 2.0364582538604741 1.0000000180025095e-35
decision_type=2 2 2 2 2 2 2
left_child=3 2 -2 6 -5 -3 -1
right_child=1 5 -4 4 -6 -7 -8
leaf_value=-0.12145297735434617 -0.017759677293299799 0.088142163670698256 0.12515102518745058 0.0044236047913433149 -0.021680393027358073 0.024689559548747287 0.12306762748022899
leaf_weight=6.812837436499648 82.915268395260966 20.800727346670442 4.8326701007299553 710.41525033896301 103.0006780196552 55.444195738494784 0.30087596233352076
leaf_count=11546 13879 5071 852 187238 23789 11493 37
internal_value=0.00249224 0.0142359 -0.00988895 0.000145138 0.00111813 0.0420004 -0.111111
internal_weight=984.523 163.993 87.7479 820.53 813.416 76.2449 7.11371
internal_count=253905 31295 14731 222610 211027 16564 11583
is_linear=0
shrinkage=0.12


Tree=666
num_leaves=7
num_cat=0
split_feature=90 90 50 7 2 6
split_gain=1.63556 3.74583 3.49321 2.63052 6.50502 5.02162
threshold=0.007114285835996271 0.011414285283535721 0.078198391944170012 10.956449985504152 248.74500274658206 9.3642501831054705
decision_type=2 2 2 2 2 2
left_child=3 -2 -3 5 -5 -1
right_child=1 2 -4 4 -6 -7
leaf_value=0.005642205927775589 -0.20374704852377193 0.017376128724179731 -0.0091809086016278376 0.053306530537163374 -0.00071338986250026233 -0.040879959596880129
leaf_weight=411.34431299652135 1.3431995569593471 92.880542953522195 307.29045318717101 53.775502049569724 79.637193395732794 36.364396662972297
leaf_count=155379 92 13822 80454 1397 1718 1043
internal_value=0.00220134 -0.00368847 -0.00301696 0.00627078 0.0210608 0.00186352
internal_weight=982.636 401.514 400.171 581.121 133.413 447.709
internal_count=253905 94368 94276 159537 3115 156422
is_linear=0
shrinkage=0.12


Tree=667
num_leaves=7
num_cat=0
split_feature=24 75 63 44 76 58
split_gain=1.79213 1.51337 6.59273 2.41838 0.133676 0.0365505
threshold=14.522059917449953 5.5000000000000009 0.37188427150249487 0.44612289965152746 0.74715355038642894 -6.2855043411254874
decision_type=2 2 2 2 2 2
left_child=1 3 -3 -1 5 -2
right_child=4 2 -4 -5 -6 -7
leaf_value=0.0049334185990012524 0.080115010247042387 -0.075690965524312148 0.00022121575547446435 -0.028862771846505254 0.059700865658559053 0.12344139733493095
leaf_weight=800.6614967082246 0.34168958234852209 18.916260207510561 127.61062935359695 31.696632882022982 0.90734591728198655 1.5626964889331694
leaf_count=198224 380 1994 44571 7114 324 1298
internal_value=0.00194157 0.00166678 -0.00957886 0.00364644 0.0976072 0.115668
internal_weight=981.697 978.885 146.527 832.358 2.81173 1.90439
internal_count=253905 251903 46565 205338 2002 1678
is_linear=0
shrinkage=0.12


Tree=668
num_leaves=7
num_cat=0
split_feature=24 72 71 58 59 33
split_gain=1.52002 1.37252 2.71341 0.574888 0.193557 0.136562
threshold=14.522059917449953 41.933855056762702 153.50000000000003 -0.76943692564964283 -1.0000000180025095e-35 0.20620220154523852
decision_type=2 2 2 2 2 2
left_child=1 2 -1 -3 -2 -6
right_child=4 3 -4 -5 5 -7
leaf_value=0.0014012840755893471 0.02584721208648031 0.034238547158703787 -0.16402267349808236 0.12161489681193571 0.043080083510760675 0.12325008340251228
leaf_weight=972.27235319899683 0.49647601666220031 2.9417237576318342 1.4299437592192124 1.7173287999512599 0.37137472098447633 1.7370970481367747
leaf_count=244089 54 4270 1429 2115 175 1773
internal_value=0.00171299 0.00146925 0.00115835 0.0664455 0.0932567 0.109129
internal_weight=980.966 978.361 973.702 4.65905 2.60495 2.10847
internal_count=253905 251903 245518 6385 2002 1948
is_linear=0
shrinkage=0.12


Tree=669
num_leaves=7
num_cat=0
split_feature=24 51 73 53 51 50
split_gain=1.29397 1.27943 4.69579 2.81009 0.220082 0.0126983
threshold=14.522059917449953 0.10339476913213731 197.42731475830081 1.838541626930237 0.081791922450065627 0.099361196160316481
decision_type=2 2 2 2 2 2
left_child=1 3 -3 -1 -2 -6
right_child=4 2 -4 -5 5 -7
leaf_value=-0.0049373432534732453 0.039374038779163019 0.14542756878666785 -0.0030124095959624571 0.015612525425706831 0.10102913746968126 0.12359606876489934
leaf_weight=170.20654633640859 0.83067386804569254 3.0849731324450422 585.49619167128742 219.2592796797363 0.55268322446747209 1.0248742025005411
leaf_count=40823 596 2091 147414 61575 228 1178
internal_value=0.00151248 0.00129616 -0.00223438 0.00663171 0.0893662 0.11569
internal_weight=980.455 978.047 588.581 389.466 2.40823 1.57756
internal_count=253905 251903 149505 102398 2002 1406
is_linear=0
shrinkage=0.12


Tree=670
num_leaves=7
num_cat=0
split_feature=1 7 59 55 55 81
split_gain=2.37971 3.48248 2.88392 2.81717 3.73078 2.7767
threshold=16.548550605773929 11.278299808502199 -7.8003282546997061 0.29850706458091741 0.33268859982490545 1.0000000180025095e-35
decision_type=2 2 2 2 2 2
left_child=1 2 -1 5 -5 -2
right_child=3 -3 -4 4 -6 -7
leaf_value=-0.11910377060002642 0.011219676336782856 -0.087312790697994774 -0.0050841466877628756 -0.058872841848034568 0.0009612660579560576 -0.019291473672339524
leaf_weight=3.2171864065186346 407.03880301719238 7.6928241879741668 450.57541374935801 21.942463334215368 47.469108813039931 48.018005658246921
leaf_count=1067 38005 167 207273 1325 3889 2415
internal_value=-0.000964885 -0.00724975 -0.00589249 0.00456523 -0.0179536 0.00800011
internal_weight=985.954 461.485 453.793 524.468 69.4116 455.057
internal_count=254141 208507 208340 45634 5214 40420
is_linear=0
shrinkage=0.12


Tree=671
num_leaves=8
num_cat=0
split_feature=33 77 28 55 77 81 41
split_gain=1.91091 5.37615 16.433 4.97468 2.90847 7.92286 6.68275
threshold=0.21150749176740649 1.0000000180025095e-35 52.353586196899421 0.27186265587806707 1.0000000180025095e-35 1.0000000180025095e-35 0.18719135224819186
decision_type=2 2 2 2 2 2 2
left_child=1 2 -1 -3 6 -6 -2
right_child=4 3 -4 -5 5 -7 -8
leaf_value=0.028101542751777769 0.0011797456313798233 0.023290431226174385 -0.067459741135571571 -0.055213499434571753 4.9080027806736363e-05 -0.060990655561385755 0.039062702706543738
leaf_weight=43.102503749101871 482.34043673763119 72.862736430042929 64.976151284240771 13.829990531479323 194.53675381066631 36.341284872421681 77.881930022151323
leaf_count=2412 156502 12252 12272 1762 46266 5145 17530
internal_value=-0.000846194 -0.0114936 -0.0293493 0.0107668 0.00177523 -0.00955886 0.00644622
internal_weight=985.872 194.771 108.079 86.6927 791.1 230.878 560.222
internal_count=254141 28698 14684 14014 225443 51411 174032
is_linear=0
shrinkage=0.12


Tree=672
num_leaves=8
num_cat=0
split_feature=1 81 8 1 15 85 10
split_gain=1.68644 2.83649 13.4072 3.87949 2.63143 7.3292 4.95223
threshold=16.548550605773929 1.0000000180025095e-35 12.766571998596193 15.50880002975464 0.13063850253820422 0.62500000000000011 2.5000000000000004
decision_type=2 2 2 2 2 2 2
left_child=1 3 -3 -1 5 -2 -6
right_child=4 2 -4 -5 6 -7 -8
leaf_value=-0.0052948907370591386 0.012462079003082532 0.035313819790274106 -0.1367220290647338 -0.040515296012886656 0.024825627425295604 -0.02395752694868573 -0.022123427360299288
leaf_weight=341.3107131040598 191.79666060996684 60.221300327681149 7.3156789185156859 51.880292625157551 153.95802565768599 135.98567095988429 40.959868722933777
leaf_count=174863 3437 22383 99 11162 33372 3897 4928
internal_value=-0.000746859 -0.00603983 0.0166787 -0.00994211 0.00391857 -0.00264717 0.0149598
internal_weight=983.428 460.728 67.537 393.191 522.7 327.782 194.918
internal_count=254141 208507 22482 186025 45634 7334 38300
is_linear=0
shrinkage=0.12


Tree=673
num_leaves=8
num_cat=0
split_feature=46 31 46 46 34 30 29
split_gain=1.63668 4.14658 8.58182 5.99027 2.86359 13.2585 6.42903
threshold=0.20949968695640567 0.39531250298023229 0.20523302257061007 0.20523302257061007 1.1424142718315127 1.5000000000000002 6.9506075382232675
decision_type=2 2 2 2 2 2 2
left_child=1 3 -3 -1 6 -6 -2
right_child=4 2 -4 -5 5 -7 -8
leaf_value=-0.0022555089080398051 -0.039905090894538232 -0.0041646066681039848 -0.070115117385054354 0.1041149356562503 -0.022249975303108627 0.085674902155810931 0.0029596945760435103
leaf_weight=30.658614503378246 54.60307949519165 130.99014595357067 36.281929023952415 10.146902055165851 36.88094134330737 29.503957675910158 652.3437948645909
leaf_count=3220 1094 28471 1602 362 8758 4253 206381
internal_value=-0.000655379 -0.0101027 -0.0184695 0.0241951 0.00188657 0.0257159 -0.000351091
internal_weight=981.409 208.078 167.272 40.8055 773.332 66.3849 706.947
internal_count=254141 33655 30073 3582 220486 13011 207475
is_linear=0
shrinkage=0.12


Tree=674
num_leaves=6
num_cat=0
split_feature=6 71 47 53 8
split_gain=1.52268 2.38797 1.5746 4.23282 2.6617
threshold=9.6870999336242694 69.500000000000014 0.055713428184390075 2.4114582538604741 13.940063476562502
decision_type=2 2 2 2 2
left_child=2 -2 3 -1 -4
right_child=1 -3 4 -5 -6
leaf_value=-0.0027076395387869642 -0.096909941003649178 0.00017948464670125872 0.0048230879412664018 -0.055073371464240885 -0.018506821735856303
leaf_weight=166.89399353864803 6.0300476092136206 9.2343901783368683 692.30603391176942 25.643208842736271 78.394136576818141
leaf_count=31242 383 539 216366 4198 1413
internal_value=-0.000570908 -0.0381746 2.49989e-05 -0.00968201 0.00245001
internal_weight=978.502 15.2644 963.237 192.537 770.7
internal_count=254141 922 253219 35440 217779
is_linear=0
shrinkage=0.12


Tree=675
num_leaves=8
num_cat=0
split_feature=19 47 66 50 28 54 29
split_gain=1.6529 4.87862 6.46254 4.0444 1.91464 2.81962 1.79281
threshold=0.23020833730697635 0.027100651524960998 0.66406250000000011 0.31665095686912542 23.051969528198246 0.28921809792518621 6.9506075382232675
decision_type=2 2 2 2 2 2 2
left_child=1 2 -1 -3 5 -2 -6
right_child=4 3 -4 -5 6 -7 -8
leaf_value=-0.0023993260687197762 0.024032324281161564 0.035218996955857 -0.2037466957707007 -0.0088580303527467617 -0.013626014191611619 0.25585362597984868 -0.00097678551562781408
leaf_weight=7.0063057501036869 3.4258756234900138 73.026725936578373 3.4140176152918578 50.851804702060491 217.73148905376581 0.96927977497875861 623.09646892746991
leaf_count=725 1110 19567 517 18237 26215 480 187562
internal_value=-0.00187443 0.0104921 -0.0683669 0.0171255 -0.00383936 0.0751567 -0.00425229
internal_weight=979.522 134.299 10.4203 123.879 845.223 4.39516 840.828
internal_count=254413 39046 1242 37804 215367 1590 213777
is_linear=0
shrinkage=0.12


Tree=676
num_leaves=8
num_cat=0
split_feature=54 69 54 50 23 14 22
split_gain=1.58661 4.54571 13.9279 4.49457 4.37798 4.36541 3.18828
threshold=0.19152516126632693 12.500000000000002 0.19391073286533358 0.2406689524650574 0.14616250246763232 -0.34209999442100519 2.4594249725341801
decision_type=2 2 2 2 2 2 2
left_child=3 2 -2 6 -5 -3 -1
right_child=1 5 -4 4 -6 -7 -8
leaf_value=0.0022689621681669654 -0.68733765358703813 -0.010651261899295919 -0.041891568818586938 -0.063099499640937015 0.040422005303443941 0.025290557292234356 -0.022669509508240804
leaf_weight=473.62150893292568 0.48918693474792263 258.10042859024378 30.344925028844841 6.4891452673133747 62.944105918777808 59.967905414745132 87.451632750703141
leaf_count=80824 1145 9192 36108 110 31444 65253 30337
internal_value=-0.00164681 -0.00813954 -0.0521316 0.00194607 0.030747 -0.00387487 -0.00161807
internal_weight=979.409 348.902 30.8341 630.506 69.4333 318.068 561.073
internal_count=254413 111698 37253 142715 31554 74445 111161
is_linear=0
shrinkage=0.12


Tree=677
num_leaves=7
num_cat=0
split_feature=23 87 14 74 76 12
split_gain=1.42304 4.39402 3.68754 2.27906 2.67036 1.98455
threshold=0.14616250246763232 1.0000000180025095e-35 -1.9384999871253965 50.500000000000007 0.080866120755672469 4.187350034713746
decision_type=2 2 2 2 2 2
left_child=1 2 -1 4 -2 -5
right_child=3 -3 -4 5 -6 -7
leaf_value=0.020735077877596125 -0.08641031256340323 0.04469091908198182 -0.046760083476726402 0.073745778518221644 -0.00029125951915977478 -0.057204127019557953
leaf_weight=15.392203074115185 5.215371505115967 13.644145644726704 48.021681425865793 9.9834542898308865 884.9451201030364 2.0004700106179589
leaf_count=597 9735 536 744 11773 230150 878
internal_value=-0.00143298 -0.0170854 -0.0303772 -9.60025e-05 -0.000795823 0.0518864
internal_weight=979.202 77.058 63.4139 902.144 890.16 11.9839
internal_count=254413 1877 1341 252536 239885 12651
is_linear=0
shrinkage=0.12


Tree=678
num_leaves=8
num_cat=0
split_feature=57 0 83 78 5 76 0
split_gain=1.29057 1.29171 4.81474 1.74454 0.0408872 0.0803117 0.00863647
threshold=21.300000190734867 85.573101043701186 1.0000000180025095e-35 1.0000000180025095e-35 1.3306500315666201 0.20658054947853091 11.463649749755861
decision_type=2 2 2 2 2 2 2
left_child=1 3 -3 -1 5 -2 -6
right_child=4 2 -4 -5 6 -7 -8
leaf_value=0.00064211330460547293 0.12035699562214869 -0.020069307528474471 0.03893142014864185 -0.011038974335612258 0.10816240621178637 -0.045607233388101895 0.13114229498108657
leaf_weight=637.50977190413198 0.12412696263100631 35.428022835294598 45.49069122297891 258.87117466642871 0.32899372944791572 0.063448695536635569 0.82877939304757131
leaf_count=170613 753 14546 14190 52966 1041 138 166
internal_value=-0.00125888 -0.00142056 0.0130996 -0.00273134 0.116192 0.0642185 0.124612
internal_weight=978.645 977.3 80.9187 896.381 1.34535 0.187576 1.15777
internal_count=254413 252315 28736 223579 2098 891 1207
is_linear=0
shrinkage=0.12


Tree=679
num_leaves=8
num_cat=0
split_feature=19 47 0 2 41 75 0
split_gain=1.25106 3.73558 4.50736 3.10307 1.90778 4.91878 3.02355
threshold=0.23020833730697635 0.027100651524960998 58.658550262451179 431.37500000000006 0.18589674681425097 3.5000000000000004 34.381999969482429
decision_type=2 2 2 2 2 2 2
left_child=1 2 -1 -3 6 -6 -2
right_child=4 3 -4 -5 5 -7 -8
leaf_value=-0.13182043701081253 -0.017813902252963427 0.018224693214836919 0.026870211415108248 -0.116552623523861 0.019777033267968005 -0.024451873617417692 -0.00032524139547509802
leaf_weight=5.6504803594105493 207.76134437431813 121.00562852613467 4.7390838840165088 2.5109588951547712 135.5164808932708 49.409904703917505 452.16415422986768
leaf_count=705 96366 37272 537 532 24347 10069 84585
internal_value=-0.00110449 0.00967187 -0.0594355 0.0154848 -0.00281251 0.00795965 -0.00583112
internal_weight=978.758 133.906 10.3896 123.517 844.852 184.926 659.925
internal_count=254413 39046 1242 37804 215367 34416 180951
is_linear=0
shrinkage=0.12


Tree=680
num_leaves=8
num_cat=0
split_feature=53 41 72 53 44 44 55
split_gain=2.16383 2.23026 2.24229 2.13524 1.55781 4.55325 2.63574
threshold=2.7328125238418584 0.096514899283647551 17.38906288146973 2.9578124284744267 1.5179275870323183 0.44612289965152746 0.13176751136779788
decision_type=2 2 2 2 2 2 2
left_child=4 3 -3 -2 5 -1 -6
right_child=1 2 -4 -5 6 -7 -8
leaf_value=0.00049638991917814242 0.12749874230294467 0.040793643217328028 -0.045675136562119897 -0.00040393397411812583 -0.011971752649184878 -0.082917349709625457 0.060654282322400305
leaf_weight=901.67587622614246 5.7295344616614035 12.930913452910341 6.4839525039349146 2.7971047552500394 13.123425358511442 9.5229588741683511 15.93117137460524
leaf_count=237492 1905 2500 1334 856 3851 2235 3968
internal_value=0.00147478 0.0343833 0.0119158 0.0855412 0.000496832 -0.000375369 0.0278504
internal_weight=968.195 27.9415 19.4149 8.52664 940.253 911.199 29.0546
internal_count=254141 6595 3834 2761 247546 239727 7819
is_linear=0
shrinkage=0.12


Tree=681
num_leaves=8
num_cat=0
split_feature=53 41 88 1 34 7 63
split_gain=1.72047 1.89287 1.58658 1.49485 1.41661 4.48139 2.30584
threshold=2.7328125238418584 0.0738835744559765 0.47762499749660497 20.707299232482914 0.61775714159011852 11.802249908447267 19999973.000000004
decision_type=2 2 2 2 2 2 2
left_child=4 3 -3 -2 5 -1 -6
right_child=1 2 -4 -5 6 -7 -8
leaf_value=-0.0066764668332679545 0.11719455459095425 -0.018344521830471101 0.046702769729140323 -0.051230092384785909 0.0035733519938161594 -0.13152519459499473 -0.036105252426142355
leaf_weight=147.31566235720922 4.960043592287124 10.691084643334465 10.9097741614285 0.89590209046036751 766.73575796809348 4.2597767298604188 21.686591557768224
leaf_count=46409 2009 2469 2055 62 191299 80 9758
internal_value=0.00130423 0.0309135 0.0145084 0.0914272 0.000439364 -0.0101851 0.00248194
internal_weight=967.455 27.4568 21.6009 5.85595 939.998 151.575 788.422
internal_count=254141 6595 4524 2071 247546 46489 201057
is_linear=0
shrinkage=0.12


Tree=682
num_leaves=7
num_cat=0
split_feature=53 12 6 88 29 82
split_gain=1.36856 2.78395 2.02048 1.33684 6.74947 4.22772
threshold=2.7328125238418584 0.56554999947547924 7.856800079345704 1.0453857183456423 4.3908841609954843 1.0000000180025095e-35
decision_type=2 2 2 2 2 2
left_child=3 -2 -3 4 -1 -5
right_child=1 2 -4 5 -6 -7
leaf_value=-0.042687406810414684 -0.15178903853524081 0.078859903094416206 0.0096915929493124643 0.0082021255642789268 0.0015612766565994301 0.13338174822917456
leaf_weight=53.034555027479882 1.1880512844532045 9.8352814133302218 15.933341253920382 107.27035416339531 775.53319897957817 4.0310879443390624
leaf_count=13575 54 5853 688 16021 214269 3681
internal_value=0.00115236 0.0278111 0.0360915 0.000387748 -0.00127097 0.0127358
internal_weight=966.826 26.9567 25.7686 939.869 828.568 111.301
internal_count=254141 6595 6541 247546 227844 19702
is_linear=0
shrinkage=0.12


Tree=683
num_leaves=8
num_cat=0
split_feature=76 57 19 14 76 54 57
split_gain=1.38079 4.31184 4.81979 3.00759 2.20213 1.43315 0.789969
threshold=0.14627038687467578 6.6734375953674325 0.24921874701976779 2.2524999380111699 0.16015913337469104 0.47137847542762762 2.0515624284744267
decision_type=2 2 2 2 2 2 2
left_child=1 2 -1 -3 6 -6 -2
right_child=4 3 -4 -5 5 -7 -8
leaf_value=0.11819148200182059 -0.060146017698295556 -0.38887167009983475 -0.11472445696589414 0.028885153500457131 0.0022940901318954771 -0.02402042745885723 0.13805290640475207
leaf_weight=1.4809826431176905 0.33245565321658377 0.25331259961922192 9.397190758930746 12.2030447012636 908.13051603575684 30.814535784487703 2.2454403550400457
leaf_count=3987 465 558 9864 15861 214480 6367 2559
internal_value=0.00101992 -0.0278157 -0.0830147 0.0203896 0.00173458 0.00143049 0.112492
internal_weight=964.857 23.3345 10.8782 12.4564 941.523 938.945 2.5779
internal_count=254141 30270 13851 16419 223871 220847 3024
is_linear=0
shrinkage=0.12


Tree=684
num_leaves=8
num_cat=0
split_feature=1 10 81 81 47 46 47
split_gain=1.20647 4.64131 17.69 4.27185 3.08762 6.6924 2.85819
threshold=13.165100097656252 2.5000000000000004 1.0000000180025095e-35 1.0000000180025095e-35 0.10166023299098016 0.66314306855201732 0.089819058775901808
decision_type=2 2 2 2 2 2 2
left_child=4 3 -3 -2 6 -6 -1
right_child=1 2 -4 -5 5 -7 -8
leaf_value=0.0018201494050949253 0.0067418112731630758 -0.039770742207805077 0.079553770291225054 -0.026883137700874561 0.032398034850399923 -0.054977484123651686 -0.052844084489306969
leaf_weight=124.08280494424611 506.0071217343953 116.46957098029509 21.137789352096206 60.96187385597176 105.93613346915555 14.33067516785661 15.493373902469328
leaf_count=51331 81002 6713 2247 3764 85770 14119 9195
internal_value=0.000905666 -0.00167183 -0.0214414 0.00312638 0.00789467 0.0219866 -0.00424774
internal_weight=964.419 704.576 137.607 566.969 259.843 120.267 139.576
internal_count=254141 93726 8960 84766 160415 99889 60526
is_linear=0
shrinkage=0.12


Tree=685
num_leaves=8
num_cat=0
split_feature=13 88 41 41 71 53 71
split_gain=3.60555 2.58875 3.74779 3.32397 1.80238 4.2147 2.20329
threshold=8.8843502998352069 0.33602499961853033 0.05557647347450257 0.032673623412847526 154.50000000000003 2.0572917461395268 151.50000000000003
decision_type=2 2 2 2 2 2 2
left_child=4 2 -2 -3 6 -6 -1
right_child=1 3 -4 -5 5 -7 -8
leaf_value=-0.0007167505966332305 0.089527794601770003 -0.29194489622894437 -0.016883050801756384 0.12451702936227214 0.065593115613655273 -0.1770741947765844 0.11870948655779616
leaf_weight=945.82440104670263 7.5124484822888524 0.28803855678597656 13.037594597224595 6.5890362909260602 1.7351851303897259 2.5383053985435531 2.2297572462925919
leaf_count=219301 14436 173 6248 6762 2726 3321 1198
internal_value=0.000449026 0.0433445 0.0220174 0.107074 -0.000786367 -0.0785429 -0.000435868
internal_weight=979.755 27.4271 20.55 6.87707 952.328 4.27349 948.054
internal_count=254165 27619 20684 6935 226546 6047 220499
is_linear=0
shrinkage=0.12


Tree=686
num_leaves=7
num_cat=0
split_feature=23 63 49 76 71 1
split_gain=3.10354 2.22515 2.62334 2.06562 11.4152 1.82834
threshold=8.5789251327514666 -1.0942116379737852 1.1257812380790713 0.090398218482732787 70.500000000000014 22.417550086975101
decision_type=2 2 2 2 2 2
left_child=3 -2 -3 4 -1 -5
right_child=1 2 -4 5 -6 -7
leaf_value=-0.87556017540379782 -0.2873453038456078 0.1107291316367242 0.022811150069417849 0.00021695329838561765 -0.036344086535534705 -0.065124397944327131
leaf_weight=0.24090629525754792 0.29412485771536268 6.4935968594914355 19.755947155234324 938.21661257496874 7.4883954186483486 6.2073648770211767
leaf_count=375 306 8900 19499 213626 9373 2086
internal_value=0.000410119 0.0408825 0.0445602 -0.00071815 -0.0625007 -0.000212512
internal_weight=978.697 26.5437 26.2495 952.153 7.7293 944.424
internal_count=254165 28705 28399 225460 9748 215712
is_linear=0
shrinkage=0.12


Tree=687
num_leaves=7
num_cat=0
split_feature=23 88 41 41 44 24
split_gain=2.4704 2.54373 3.39857 2.78307 1.77258 1.44805
threshold=8.5789251327514666 0.33602499961853033 0.05557647347450257 0.029592127539217476 -0.68046602606773365 14.292177677154543
decision_type=2 2 2 2 2 2
left_child=4 2 -2 -3 -1 -6
right_child=1 3 -4 -5 5 -7
leaf_value=-0.13502147223001104 0.084684574771730414 -0.23203973852152532 -0.019744353465077056 0.12390894972611838 -0.00020134635634852364 -0.10251862464284214
leaf_weight=1.4108697541815889 6.8277440174837336 0.33458342811536468 13.093516658861132 5.7913158260488835 949.24518548021376 1.9960033326680093
leaf_count=216 15215 104 6392 6994 223692 1552
internal_value=0.000381515 0.0368424 0.0160473 0.104468 -0.00061539 -0.00041604
internal_weight=978.699 26.0472 19.9213 6.1259 952.652 951.241
internal_count=254165 28705 21607 7098 225460 225244
is_linear=0
shrinkage=0.12


Tree=688
num_leaves=8
num_cat=0
split_feature=24 88 19 63 7 62 23
split_gain=2.09919 4.31312 6.80418 5.30923 2.76272 2.76926 2.61654
threshold=12.041065692901613 0.33602499961853033 0.22187499701976779 -1.0942116379737852 2.9333499670028691 -4.3877120018005362 6.9618957042694101
decision_type=2 2 2 2 2 2 2
left_child=4 3 -3 -2 5 -1 -6
right_child=1 2 -4 -5 6 -7 -8
leaf_value=-0.12124999256221303 -0.39747282527742667 -0.32778766854919772 0.11114296087923155 0.010675965939243696 -0.00076410074973238108 -0.016846273324396158 0.069052364480434864
leaf_weight=5.2563706714631193 0.46335655952407151 0.53444815003121604 10.500990456004272 48.163097613743552 893.04682783165947 12.034302871999612 7.7974094013844697
leaf_count=2493 545 1872 15336 48098 165351 12803 7667
internal_value=0.000345599 0.0221572 0.0898855 0.00678676 -0.00107176 -0.048585 -0.000159793
internal_weight=977.797 59.6619 11.0354 48.6265 918.135 17.2907 900.844
internal_count=254165 65851 17208 48643 188314 15296 173018
is_linear=0
shrinkage=0.12


Tree=689
num_leaves=8
num_cat=0
split_feature=8 88 19 19 7 28 6
split_gain=1.78085 4.2818 4.68913 4.58395 3.5144 3.30912 2.47592
threshold=2.828717947006226 0.33602499961853033 0.22187499701976779 0.27135416865348821 2.9333499670028691 47.410217285156257 2.5697000026702885
decision_type=2 2 2 2 2 2 2
left_child=1 3 -3 -1 5 -2 -6
right_child=4 2 -4 -5 6 -7 -8
leaf_value=0.035060788129161385 -0.22558968870852383 -0.202891581574177 0.11026255750031341 -0.037100673952279561 0.085862749210622064 -0.040495571474746882 -0.0006000958113887094
leaf_weight=31.109951750195179 1.5874578177315459 0.73935196105348566 10.021951852843925 21.393403657622372 4.7946646663759784 11.231945586988102 896.05946924099135
leaf_count=32007 3945 1880 16163 18948 5700 8204 167318
internal_value=0.000320461 0.0197909 0.0887474 0.00565735 -0.00102772 -0.0634162 -0.00013991
internal_weight=976.938 63.2647 10.7613 52.5034 913.674 12.8194 900.854
internal_count=254165 68998 18043 50955 185167 12149 173018
is_linear=0
shrinkage=0.12


Tree=690
num_leaves=8
num_cat=0
split_feature=89 1 47 16 88 15 29
split_gain=1.73806 9.26112 15.3428 5.11525 2.00687 15.796 6.27473
threshold=1.0000000180025095e-35 2.6653499603271489 0.069766402244567885 1.707553029060364 0.64335712790489208 0.83072248101234447 0.88543996214866649
decision_type=2 2 2 2 2 2 2
left_child=4 2 -2 -3 6 -6 -1
right_child=1 3 -4 -5 5 -7 -8
leaf_value=-0.12164701745099675 -0.69898351560160366 -0.025890209830581663 0.12086901656149837 0.031916964058777128 -0.051354080688837407 0.02621394729406672 0.00092751657778065066
leaf_weight=6.0668893558827213 0.6815055629143234 30.009450680843983 0.63493227809954078 83.032184482053196 81.481222749039645 70.526727785112556 688.64689736302375
leaf_count=11592 228 426 792 24802 1843 29781 184782
internal_value=-0.00100026 0.0128856 -0.30356 0.0165707 -0.00287568 -0.015365 -0.000142919
internal_weight=961.08 114.358 1.31644 113.042 846.722 152.008 694.714
internal_count=254246 26248 1020 25228 227998 31624 196374
is_linear=0
shrinkage=0.12


Tree=691
num_leaves=8
num_cat=0
split_feature=89 1 47 10 55 50 53
split_gain=1.37279 7.28291 12.002 4.24308 1.7861 3.42348 3.38372
threshold=1.0000000180025095e-35 2.4298499822616582 0.062257753685116775 2.5000000000000004 0.19405639171600345 0.53826698660850536 2.6135416030883794
decision_type=2 2 2 2 2 2 2
left_child=4 2 -2 -3 5 -1 -6
right_child=1 3 -4 -5 6 -7 -8
leaf_value=-0.0085096103017675995 -0.66673039250900856 0.028003071232674908 0.056516235877374747 -0.026637502360371688 0.0028466292884194995 0.025697542622398477 0.065500117626894033
leaf_weight=564.97841213630602 0.59771580641793665 85.032366664492741 0.73878467149381777 26.951601045507118 222.07101499787646 45.525361487336227 13.14761167162939
leaf_count=152432 169 20289 744 5046 55885 16807 2874
internal_value=-0.00087384 0.0115291 -0.266937 0.0148525 -0.00253574 -0.00595878 0.00634866
internal_weight=959.043 113.32 1.3365 111.984 845.722 610.504 235.219
internal_count=254246 26248 913 25335 227998 169239 58759
is_linear=0
shrinkage=0.12


Tree=692
num_leaves=8
num_cat=0
split_feature=45 81 15 7 49 19 28
split_gain=1.2673 6.17012 5.87101 3.82112 1.66392 4.03012 3.08729
threshold=0.25364583730697637 1.0000000180025095e-35 0.13063850253820422 5.5262498855590829 1.1572916507720949 0.48437500000000006 25.56207370758057
decision_type=2 2 2 2 2 2 2
left_child=1 3 -3 -1 5 -2 -6
right_child=4 2 -4 -5 6 -7 -8
leaf_value=-0.027552764192317402 -0.0096727511411648318 -0.15113186787416383 -0.011570606191535172 0.030197773116483331 -0.13661084565247664 -0.13987176910504831 0.0011181530654101786
leaf_weight=19.779920356889306 203.57821179949897 5.8613281102610584 16.72930166219993 99.446503261627711 2.3526984203023167 3.4820093353189057 607.81441708474085
leaf_count=16176 61570 142 3587 15554 1128 532 155557
internal_value=-0.000750018 0.00972147 -0.0477809 0.0206168 -0.00256718 -0.0118622 0.000587094
internal_weight=959.044 141.817 22.5906 119.226 817.227 207.06 610.167
internal_count=254246 35459 3729 31730 218787 62102 156685
is_linear=0
shrinkage=0.12


Tree=693
num_leaves=7
num_cat=0
split_feature=15 82 20 88 14 61
split_gain=1.21585 2.98857 4.36898 3.87047 2.56382 1.66628
threshold=-0.70134299993515004 1.0000000180025095e-35 27.226937294006351 0.67550000548362743 -2.7955000400543208 6.6770834922790536
decision_type=2 2 2 2 2 2
left_child=1 2 -1 -3 -2 -6
right_child=4 3 -4 -5 5 -7
leaf_value=-0.002619352011780385 0.072169802236907707 0.087848058235573248 -0.052182104726050477 -0.01956902648931844 -0.0016370686439998235 0.014546137948011965
leaf_weight=81.501894054675105 7.2431245733858978 9.4045078722047055 37.34742921358675 9.9313012230559234 707.58187871230746 105.2452357590887
leaf_count=1469 117 589 792 115 203405 47759
internal_value=-0.000662914 -0.0110759 -0.018194 0.0326763 0.00109172 0.000458341
internal_weight=958.255 138.185 118.849 19.3358 820.07 812.827
internal_count=254246 2965 2261 704 251281 251164
is_linear=0
shrinkage=0.12


Tree=694
num_leaves=5
num_cat=0
split_feature=24 53 53 55
split_gain=1.30014 1.25066 1.42662 1.30108
threshold=1.0000000180025095e-35 2.9578124284744267 2.4885416030883794 0.098412863910198226
decision_type=2 2 2 2
left_child=-1 2 -2 -3
right_child=1 3 -4 -5
leaf_value=-0.11326814722232685 -0.0015485350957723087 0.036991528329783141 0.013961000825314014 -0.072489572994581974
leaf_weight=1.4720829248715279 852.49637030732129 2.059356485559066 94.911343758671251 6.4866031597748695
leaf_count=54 229869 715 22075 1533
internal_value=-0.000580552 -0.000407023 5.21085e-06 -0.0461074
internal_weight=957.426 955.954 947.408 8.54596
internal_count=254246 254192 251944 2248
is_linear=0
shrinkage=0.12


Tree=695
num_leaves=7
num_cat=0
split_feature=66 12 12 41 2 29
split_gain=1.89354 1.70723 4.40313 3.26383 0.995786 0.0058655
threshold=12.069791793823244 2.2034499645233159 2.3404500484466557 0.71931761503219616 451.14500427246099 255.20227813720706
decision_type=2 2 2 2 2 2
left_child=1 3 -3 -1 5 -2
right_child=4 2 -4 -5 -6 -7
leaf_value=0.0070063903967661949 0.11880530187634564 -0.03810980004950127 -0.00014009150705337052 -0.13117361496083127 -0.0077377342452945403 0.13039849518306468
leaf_weight=460.88913423699034 1.8623093583692019 48.734111517071597 450.7766982291771 2.4747169021602522 1.2032579084643655 0.94851193374915954
leaf_count=71237 3746 10941 167051 177 195 678
internal_value=0.00136498 0.0010221 -0.00384456 0.0062684 0.0836123 0.122717
internal_weight=966.889 962.875 499.511 463.364 4.01408 2.81082
internal_count=254025 249406 177992 71414 4619 4424
is_linear=0
shrinkage=0.12


Tree=696
num_leaves=7
num_cat=0
split_feature=66 16 47 29 2 29
split_gain=1.61533 1.45393 2.27278 1.58502 0.937416 0.00590422
threshold=12.069791793823244 0.76515501737594616 0.20770058780908587 -8.2393379211425763 451.14500427246099 119.34032821655275
decision_type=2 2 2 2 2 2
left_child=1 2 -1 -3 5 -2
right_child=4 3 -4 -5 -6 -7
leaf_value=-0.0003477566342280665 0.10062374562057234 -0.017712969546736734 -0.05712497836870923 0.0031944432875075008 -0.0068086620709296173 0.12363444827833137
leaf_weight=28.946323987283172 0.17243660699045893 55.579494695707126 15.636851810253622 862.58482586007494 1.2033483906097897 2.3333252182953856
leaf_count=655 435 15158 316 233277 195 3989
internal_value=0.00120576 0.000901253 -0.0202615 0.00192885 0.080245 0.122051
internal_weight=966.457 962.747 44.5832 918.164 3.70911 2.50576
internal_count=254025 249406 971 248435 4619 4424
is_linear=0
shrinkage=0.12


Tree=697
num_leaves=8
num_cat=0
split_feature=49 49 49 85 49 76 2
split_gain=2.13569 4.73304 3.74379 3.5962 2.76137 2.77703 2.49544
threshold=0.842708319425583 0.78828126192092907 0.76354166865348827 1.0000000180025095e-35 0.85104167461395275 0.93030694127082836 277.58499145507818
decision_type=2 2 2 2 2 2 2
left_child=1 2 -1 -3 6 -6 -2
right_child=4 3 -4 -5 5 -7 -8
leaf_value=0.011991201699050616 -0.17564981606863572 0.20068678875421042 -0.067851084112117585 0.049470297375689753 -0.00015158010304327149 -0.059170276060599429 0.019258998161308553
leaf_weight=144.25724834658351 2.4680786617659569 2.8463855123798671 8.9834719944199986 11.081546312922113 782.75580200828665 11.651471486513172 1.5337061382825821
leaf_count=31312 447 1210 2250 3857 210071 4301 577
internal_value=0.0010643 0.013398 0.00731059 0.0803737 -0.00151808 -0.0010172 -0.10095
internal_weight=965.578 167.169 153.241 13.9279 798.409 794.407 4.00178
internal_count=254025 38629 33562 5067 215396 214372 1024
is_linear=0
shrinkage=0.12


Tree=698
num_leaves=8
num_cat=0
split_feature=49 49 1 49 49 76 4
split_gain=1.66659 4.11886 3.02476 2.12871 2.54079 2.00977 1.90019
threshold=0.842708319425583 0.81328123807907116 3.3115500211715703 0.85104167461395275 0.85885417461395275 0.69887706637382518 177.58499908447268
decision_type=2 2 2 2 2 2 2
left_child=1 2 -1 6 -5 -3 -2
right_child=3 5 -4 4 -6 -7 -8
leaf_value=-0.11044849534478182 -0.15307078591872378 0.07598380233896472 0.010090687261709664 0.11689426996806303 -0.0012848064722202682 0.26777211531496187 0.017071162176999943
leaf_weight=3.056566622607078 2.4907110029496371 6.5848797784072053 155.82727941992636 2.628387811557217 792.02100024085576 0.89356790743253345 1.5233365216485024
leaf_count=1569 447 1842 34323 749 213623 895 577
internal_value=0.000941765 0.0118682 0.00777179 -0.00133423 -0.000893917 0.0988998 -0.0885017
internal_weight=965.026 166.362 158.884 798.663 794.649 7.47845 4.01405
internal_count=254025 38629 35892 215396 214372 2737 1024
is_linear=0
shrinkage=0.12


Tree=699
num_leaves=8
num_cat=0
split_feature=75 51 51 8 16 58 50
split_gain=1.30445 2.65253 2.7495 2.27812 1.5138 2.50057 1.32528
threshold=11.500000000000002 0.32793039083480841 0.43741591274738317 14.240553855895998 0.76515501737594616 -5.2305297851562491 0.21811801940202716
decision_type=2 2 2 2 2 2 2
left_child=4 3 -3 -2 5 -1 -6
right_child=1 2 -4 -5 6 -7 -8
leaf_value=-0.063542574494908854 0.034168846552436981 -0.20816442610160082 0.083869583336313877 0.22627218322110973 -0.0029143726636911152 -0.0017926755288963949 0.0063516716896415346
leaf_weight=13.970439608944217 18.80311184488205 1.2729310589916729 0.73076303890353234 0.93304577584400306 498.62236308028776 29.142468777566535 401.04422410246707
leaf_count=274 9554 562 429 25 97649 661 144871
internal_value=0.000833661 0.029895 -0.101657 0.0432507 0.000163526 -0.0218023 0.00121615
internal_weight=964.519 21.7399 2.00369 19.7362 942.779 43.1129 899.667
internal_count=254025 10570 991 9579 243455 935 242520
is_linear=0
shrinkage=0.12


Tree=700
num_leaves=8
num_cat=0
split_feature=1 53 49 70 1 46 1
split_gain=1.52423 3.11818 7.55633 3.38402 2.89098 7.6695 6.16871
threshold=6.3546001911163339 2.4239583015441899 1.5135416984558108 15.500000000000002 8.019449710845949 0.6231156885623933 8.2256999015808123
decision_type=2 2 2 2 2 2 2
left_child=1 3 -3 -1 5 -2 -6
right_child=4 2 -4 -5 6 -7 -8
leaf_value=-0.077772328620777931 -0.015197872845215137 -0.27328609580794111 0.018632010032416529 0.040272863814328 0.1272642517169571 -0.18355816511335868 -0.0017936712629536124
leaf_weight=3.8236623366699254 33.074614436554214 1.7336770134009487 4.8461896742691124 40.936366728914052 5.3661160187737087 4.4165644885121642 869.37497469780988
leaf_count=827 20409 1319 3169 33673 3015 3688 187994
internal_value=-0.00126826 0.0188499 -0.0582832 0.0301888 -0.00240051 -0.0350312 -0.00100196
internal_weight=963.572 51.3399 6.57987 44.76 912.232 37.4912 874.741
internal_count=254094 38988 4488 34500 215106 24097 191009
is_linear=0
shrinkage=0.12


Tree=701
num_leaves=7
num_cat=0
split_feature=63 41 0 19 55 66
split_gain=1.85651 1.66356 4.79059 4.24655 1.06167 0.805281
threshold=-6.5541703701019278 0.15461534261703494 6.8534998893737802 0.30885416269302374 0.27514094114303594 4.8572914600372323
decision_type=2 2 2 2 2 2
left_child=4 3 -3 -2 5 -1
right_child=1 2 -4 -5 -6 -7
leaf_value=-0.022896967528037541 0.0057617403932130945 0.062335288625444039 -0.012701677834776534 -0.020597168330161505 -0.021177416771444593 0.12422480970089105
leaf_weight=0.63776136111462678 573.70283792241003 12.839218144745812 267.80209892887956 103.96109389481728 1.3876540718120791 3.3491414658066105
leaf_count=55 180609 8837 43845 18511 275 1962
internal_value=-0.00110506 -0.0014995 -0.00926877 0.00171799 0.0692256 0.100691
internal_weight=963.68 958.305 280.641 677.664 5.37456 3.9869
internal_count=254094 251802 52682 199120 2292 2017
is_linear=0
shrinkage=0.12


Tree=702
num_leaves=8
num_cat=0
split_feature=46 59 66 33 53 49 66
split_gain=1.412 4.38436 4.60903 4.02223 2.81526 3.73357 3.40363
threshold=0.40032500028610235 19999949.000000004 12.29739570617676 0.45083785057067877 2.2135417461395268 1.1635416746139529 9.4880208969116229
decision_type=2 2 2 2 2 2 2
left_child=4 3 -3 -2 6 -6 -1
right_child=1 2 -4 -5 5 -7 -8
leaf_value=0.011584107151412741 0.042958890224820939 -0.029404954890318788 -0.36015871376089686 0.0038108214031240075 -0.10990543911672135 -0.013441850748875474 -0.012224487998311846
leaf_weight=204.18050510558055 42.681240753276825 36.634423933454059 0.61690008280993325 329.97009100913908 5.9555431336821973 193.54994330024377 149.97389958803012
leaf_count=38044 17149 19003 295 102991 1652 38987 35973
internal_value=-0.000968013 0.00437075 -0.0348824 0.00829461 -0.00492057 -0.0163214 0.00150187
internal_weight=963.563 409.903 37.2513 372.651 553.66 199.505 354.154
internal_count=254094 139438 19298 120140 114656 40639 74017
is_linear=0
shrinkage=0.12


Tree=703
num_leaves=8
num_cat=0
split_feature=63 41 0 19 14 29 28
split_gain=1.51811 1.29132 3.81995 3.08566 0.993902 0.564346 0.226312
threshold=-6.5541703701019278 0.15461534261703494 6.8534998893737802 0.30885416269302374 1.2868999838829043 53.573665618896491 67.516658782958999
decision_type=2 2 2 2 2 2 2
left_child=4 3 -3 -2 5 -1 -6
right_child=1 2 -4 -5 6 -7 -8
leaf_value=-0.038874588304977246 0.0051031197879407219 0.056502197984736539 -0.011062099435941582 -0.017319575992942662 0.14483125148766401 0.067311628676515578 0.050145526824218467
leaf_weight=1.3400037228537933 572.86297838851033 12.616081356370897 268.53592788992495 104.49692832345136 1.7466142781287319 1.5595278010914624 0.45902725656196697
leaf_count=181 180609 8837 43845 18511 1005 473 633
internal_value=-0.000846108 -0.00119371 -0.0080303 0.00164395 0.0644179 0.0182382 0.125126
internal_weight=963.617 958.512 281.152 677.36 5.10517 2.89953 2.20564
internal_count=254094 251802 52682 199120 2292 654 1638
is_linear=0
shrinkage=0.12


Tree=704
num_leaves=8
num_cat=0
split_feature=63 1 2 1 58 69 88
split_gain=1.24623 1.23149 3.031 2.40518 0.947365 1.13769 0.0972925
threshold=-6.5541703701019278 6.3546001911163339 178.86000061035159 7.3696498870849618 -1.3585008382797239 15.500000000000002 1.3210142850875857
decision_type=2 2 2 2 2 2 2
left_child=4 2 -2 -3 5 -1 -6
right_child=1 3 -4 -5 6 -7 -8
leaf_value=-0.03212886695097926 0.049971760804084032 -0.041952208100049113 -0.0090247271574561468 -0.0011094798138732184 0.11407769322116797 0.12160790484907574 0.17989984377659582
leaf_weight=2.050443199814453 22.527462250604771 21.260438169723898 28.284708413536038 886.55763434028609 1.3412042412051324 1.0471468652194742 0.42610335786775966
leaf_count=594 6294 14047 32636 198825 1307 379 12
internal_value=-0.000740995 -0.00104844 0.0171312 -0.00206599 0.059841 0.0198422 0.129948
internal_weight=963.495 958.63 50.8122 907.818 4.8649 3.09759 1.76731
internal_count=254094 251802 38930 212872 2292 973 1319
is_linear=0
shrinkage=0.12


Tree=705
num_leaves=7
num_cat=0
split_feature=90 15 88 88 24 8
split_gain=1.60433 4.81604 6.95151 6.16005 4.43587 3.42421
threshold=0.007114285835996271 1.7524209618568423 0.41747500002384191 0.64335712790489208 0.52394732832908641 11.62544107437134
decision_type=2 2 2 2 2 2
left_child=1 3 -3 -1 -2 -6
right_child=4 2 -4 -5 5 -7
leaf_value=0.025310775663258789 -0.1359562214796754 -0.030102361966242219 0.017106638004243717 -0.0053568324098788268 0.0090127822076004147 -0.014220500008850671
leaf_weight=204.15098193512068 3.7836722233483888 118.60883933311838 72.289929661248621 175.30669873845238 147.33067246319891 240.40668487304592
leaf_count=11256 417 89917 52694 5644 86483 7603
internal_value=-0.00073907 0.00332137 -0.0122252 0.0111426 -0.0066542 -0.00539242
internal_weight=961.877 570.356 190.899 379.458 391.521 387.737
internal_count=254014 159511 142611 16900 94503 94086
is_linear=0
shrinkage=0.12


Tree=706
num_leaves=8
num_cat=0
split_feature=58 19 71 72 58 6 54
split_gain=1.33145 4.9561 3.94623 3.41733 3.35219 3.17342 2.53394
threshold=-3.2148454189300533 0.27239583432674414 78.500000000000014 21.564583778381351 -2.8047102689743038 9.5242500305175799 0.021096797659993175
decision_type=2 2 2 2 2 2 2
left_child=1 3 -3 -1 5 -2 -6
right_child=4 2 -4 -5 6 -7 -8
leaf_value=0.01855585910530547 0.028290363649709091 -0.035556642182359675 0.0060278794660848928 -0.020443344084740252 -0.006625446992285392 0.15122263877920983 0.008663530071408132
leaf_weight=115.69247686643102 18.706842614006472 104.98019659993486 47.834091268389955 44.915951866423157 320.25068693547644 3.6068640522730027 304.54344611445003
leaf_count=29069 6473 18624 12872 18016 61296 100 107564
internal_value=-0.000650249 -0.00706989 -0.0225398 0.00764929 0.00245906 0.0481616 0.00082686
internal_weight=960.531 313.423 152.814 160.608 647.108 22.3137 624.794
internal_count=254014 78581 31496 47085 175433 6573 168860
is_linear=0
shrinkage=0.12


Tree=707
num_leaves=7
num_cat=0
split_feature=90 24 15 7 88 8
split_gain=1.29314 3.93693 3.53408 5.93718 5.38104 2.75068
threshold=0.007114285835996271 0.52394732832908641 1.7524209618568423 9.8255496025085467 0.41747500002384191 11.62544107437134
decision_type=2 2 2 2 2 2
left_child=2 -2 3 -1 -4 -3
right_child=1 5 4 -5 -6 -7
leaf_value=0.042280480357350055 -0.13445826422117765 0.008199263337105564 -0.02587251102646615 0.0028421161708197824 0.015716897006692536 -0.012640919066229821
leaf_weight=66.740037754478351 3.3993208480450212 146.74944091434585 119.09359916691963 311.61499717895396 71.811021524377992 240.9367551956847
leaf_count=5731 417 86483 89917 11169 52694 7603
internal_value=-0.000567138 -0.00587977 0.00308268 0.00979886 -0.0102282 -0.00475236
internal_weight=960.345 391.086 569.26 378.355 190.905 387.686
internal_count=254014 94503 159511 16900 142611 94086
is_linear=0
shrinkage=0.12


Tree=708
num_leaves=7
num_cat=0
split_feature=54 76 61 76 53 30
split_gain=1.30058 1.3185 6.27706 1.58489 0.635358 0.153231
threshold=0.56219294667243969 0.090398218482732787 8.1640625000000018 0.10479477420449258 1.8114583492279055 2.5000000000000004
decision_type=2 2 2 2 2 2
left_child=1 2 -1 -3 5 -2
right_child=4 3 -4 -5 -6 -7
leaf_value=-0.12452005324124003 0.12541125335849698 0.11079679266009529 0.060479241443875606 -0.00051843248843752815 0.0070713521617364813 0.052331228061028828
leaf_weight=5.9680592229515756 1.7933287031960388 1.8454465094976047 4.7376147438195098 942.4917033454941 1.4348142858898425 0.53682931784351229
leaf_count=7059 1346 3032 9599 232390 545 43
internal_value=-0.000498141 -0.000775635 -0.0426517 -0.000300898 0.0698923 0.108575
internal_weight=958.808 955.043 10.7057 944.337 3.76497 2.33016
internal_count=254014 252080 16658 235422 1934 1389
is_linear=0
shrinkage=0.12


Tree=709
num_leaves=8
num_cat=0
split_feature=83 8 19 10 8 8 6
split_gain=1.23599 6.54876 5.99448 5.18572 4.76679 12.2074 5.61075
threshold=0.62500000000000011 13.486831188201906 0.24921874701976779 2.5000000000000004 10.989756107330324 12.011940479278566 7.6530001163482675
decision_type=2 2 2 2 2 2 2
left_child=4 3 -3 -2 6 -6 -1
right_child=1 2 -4 -5 5 -7 -8
leaf_value=-0.0082760518319415811 0.011274361273779969 0.010918506691962451 -0.09590845972847524 -0.02677058232644277 0.054461737099934744 0.00082970464290125969 -0.10881107463730112
leaf_weight=217.33356057574136 168.00762154409014 11.809900416708336 21.039266523713245 74.454845707739338 72.63363605657014 385.3230580508158 8.2989622984948408
leaf_count=166215 46834 298 611 12574 10612 12799 4071
internal_value=-0.000431893 -0.00722061 -0.0575021 -0.000408397 0.00230222 0.00933594 -0.0119738
internal_weight=958.901 275.312 32.8492 242.462 683.589 457.957 225.633
internal_count=254014 60317 909 59408 193697 23411 170286
is_linear=0
shrinkage=0.12


Tree=710
num_leaves=7
num_cat=0
split_feature=28 57 72 28 75 10
split_gain=1.85146 2.96177 2.82152 2.47198 3.98333 1.83201
threshold=22.232343673706058 11.814583301544191 22.626562118530277 23.051969528198246 4.5000000000000009 2.5000000000000004
decision_type=2 2 2 2 2 2
left_child=1 2 -1 4 -2 -5
right_child=3 -3 -4 5 -6 -7
leaf_value=-0.023518349992708385 0.11624247190131934 0.1600525506447214 -0.14415503523539744 0.0023318762136636771 -0.083385399068172536 -0.010007673844136195
leaf_weight=32.544084837702471 5.8574678463444334 1.1714704921172217 3.0537842683768579 682.09563219792972 1.9082659020454 232.2500538163157
leaf_count=10666 2355 276 1834 190632 565 48149
internal_value=-0.00128281 -0.027689 -0.0338672 -0.000229859 0.0671881 -0.000802454
internal_weight=958.881 36.7693 35.5979 922.111 7.76573 914.346
internal_count=254477 12776 12500 241701 2920 238781
is_linear=0
shrinkage=0.12


Tree=711
num_leaves=8
num_cat=0
split_feature=0 84 23 24 0 76 28
split_gain=1.55058 2.78833 3.32704 2.67637 9.19731 5.11275 2.60254
threshold=54.100000381469734 1.0000000180025095e-35 3.5414999723434453 3.2956166267395024 69.496547698974624 0.69887706637382518 5.839832305908204
decision_type=2 2 2 2 2 2 2
left_child=1 2 -1 5 -5 -2 -3
right_child=3 6 -4 4 -6 -7 -8
leaf_value=0.0064876193965455438 0.0056207162892170101 -0.21937390771135992 -0.016227720940947998 -0.054656676062477622 0.025662334153842038 -0.025220454337253062 0.027626233743362684
leaf_weight=316.50907424310992 134.03353343983218 0.61970801375109275 131.3957106069584 26.042399270250769 96.987977986286808 183.19555302363671 70.110923114600169
leaf_count=31160 4720 482 100160 15860 46942 3333 51820
internal_value=-0.00112554 0.00332043 -0.00017607 -0.00636298 0.00866084 -0.0121896 0.0254621
internal_weight=958.895 518.635 447.905 440.259 123.03 317.229 70.7306
internal_count=254477 183622 131320 70855 62802 8053 52302
is_linear=0
shrinkage=0.12


Tree=712
num_leaves=7
num_cat=0
split_feature=12 2 85 47 23 46
split_gain=1.42866 4.05892 3.87231 1.84944 3.24465 3.24355
threshold=1.2623500227928164 343.84498596191412 0.37500000000000006 0.17755996435880664 0.14616250246763232 0.7901817560195924
decision_type=2 2 2 2 2 2
left_child=1 2 -1 5 -5 -2
right_child=3 -3 -4 4 -6 -7
leaf_value=-0.024077789197493663 0.0065083883080842963 -0.10353635825321367 0.010530173332582025 -0.05827275119799407 -0.0037270251382084912 -0.055205638960812653
leaf_weight=94.179039678939361 532.6591291576799 6.4861154276786683 92.071075078398977 17.021056537696921 202.9414626665662 12.552523187314817
leaf_count=6299 154382 374 12583 514 75779 4546
internal_value=-0.000985579 -0.0102194 -0.00696965 0.00134028 -0.00794786 0.00508753
internal_weight=957.91 192.736 186.25 765.174 219.963 545.212
internal_count=254477 19256 18882 235221 76293 158928
is_linear=0
shrinkage=0.12


Tree=713
num_leaves=7
num_cat=0
split_feature=28 57 55 28 75 29
split_gain=1.35495 2.40327 2.41593 1.98009 3.21825 1.85688
threshold=22.232343673706058 11.814583301544191 0.32808996737003332 23.051969528198246 4.5000000000000009 4.3908841609954843
decision_type=2 2 2 2 2 2
left_child=1 2 -1 4 -2 -5
right_child=3 -3 -4 5 -6 -7
leaf_value=-0.017070324141921635 0.10682551757673504 0.15417301315499579 -0.11215255390579701 -0.013930238359205508 -0.072942622586431957 0.0017053123682571304
leaf_weight=31.334175998652299 5.6456533554984381 1.065126800895938 4.386858387082909 127.06631860783386 1.9223012644262096 785.58996617340983
leaf_count=11373 2355 276 1127 26731 565 212050
internal_value=-0.000867466 -0.0234509 -0.0287473 3.53113e-05 0.0611634 -0.000471577
internal_weight=957.01 36.7862 35.721 920.224 7.56795 912.656
internal_count=254477 12776 12500 241701 2920 238781
is_linear=0
shrinkage=0.12


Tree=714
num_leaves=8
num_cat=0
split_feature=63 22 1 57 16 89 8
split_gain=1.42031 4.19232 6.46113 5.4741 1.87323 5.88611 2.39165
threshold=19999951.000000004 2.5730500221252446 9.8237500190734881 0.21979166567325595 13.969078063964846 1.0000000180025095e-35 3.398738026618958
decision_type=2 2 2 2 2 2 2
left_child=4 2 -2 -3 6 -6 -1
right_child=1 3 -4 -5 5 -7 -8
leaf_value=0.023989552721589653 -0.17657579322487407 -0.16326892828679487 0.010479731902406881 0.089779376536414227 -0.01411676432199911 -0.21279497166385319 -0.0026134328414944433
leaf_weight=51.690460661897873 2.8818106566349817 1.3413559228809528 34.403346699858332 14.967015808902415 18.033194000091104 2.4375358059839405 830.87035429912532
leaf_count=47651 1630 469 8916 11877 21419 2236 160279
internal_value=-0.000761271 0.0182188 -0.00397799 0.0689663 -0.00188771 -0.0377742 -0.00105533
internal_weight=956.625 53.5935 37.2852 16.3084 903.032 20.4707 882.561
internal_count=254477 22892 10546 12346 231585 23655 207930
is_linear=0
shrinkage=0.12


Tree=715
num_leaves=8
num_cat=0
split_feature=44 13 90 71 66 59 22
split_gain=1.96043 3.44264 3.29619 1.90394 6.62908 4.20637 1.50846
threshold=0.44612289965152746 2.7771999835968022 0.46462500095367437 28.500000000000004 7.5213541984558114 3.1816403865814213 0.14085000008344653
decision_type=2 2 2 2 2 2 2
left_child=3 2 -2 5 -5 -1 -3
right_child=1 6 -4 4 -6 -7 -8
leaf_value=0.005813394171701158 -0.0085501218705933031 -0.049536655723607312 -0.087099589233440508 -0.12271506720371754 -0.0012365773860418465 0.069829345248013708 0.077242654853325474
leaf_weight=224.25761036443808 16.874135646152752 1.7795388760896447 14.138603286476952 6.5322405249487465 665.01268180389536 15.823552389703393 5.6178303100107883
leaf_count=69716 1121 37 476 1282 165982 7186 8395
internal_value=-0.000258155 -0.0268148 -0.0443606 0.000860772 -0.00241822 0.0100326 0.0467441
internal_weight=950.036 38.4101 31.0127 911.626 671.545 240.081 7.39737
internal_count=254195 10029 1597 244166 167264 76902 8432
is_linear=0
shrinkage=0.12


Tree=716
num_leaves=6
num_cat=0
split_feature=51 44 44 0 50
split_gain=1.77677 1.56482 2.84125 1.53925 0.515182
threshold=0.8903389871120454 0.44612289965152746 0.89185422658920299 23.494750022888187 0.3656297773122788
decision_type=2 2 2 2 2
left_child=1 3 -3 -1 -2
right_child=4 2 -4 -5 -6
leaf_value=0.010259439345714494 0.13540220176584694 -0.10515505378303147 -0.011045449319808862 -0.0019967021390842709 0.024149876733455342
leaf_weight=185.36872013692357 1.7610551091393056 5.3759932709618417 32.832965556474321 723.43055910091687 0.9086454887938088
leaf_count=81062 536 1093 8915 162224 365
internal_value=-0.000221411 -0.000497001 -0.0242867 0.000503196 0.0975369
internal_weight=949.678 947.008 38.209 908.799 2.6697
internal_count=254195 253294 10008 243286 901
is_linear=0
shrinkage=0.12


Tree=717
num_leaves=8
num_cat=0
split_feature=50 57 69 0 50 85 58
split_gain=1.46549 2.68978 2.5165 2.35029 2.11173 0.9978 0.000201015
threshold=0.68115413188934337 4.7140624523162851 16.500000000000004 1.3632499575614931 0.67317742109298717 1.0000000180025095e-35 -27.806650161743161
decision_type=2 2 2 2 2 2 2
left_child=3 2 -2 6 -5 -3 -1
right_child=1 5 -4 4 -6 -7 -8
leaf_value=0.12443679763290331 -0.01243257207304653 -0.065678757117183989 -0.15732914776352044 -0.00033750750708170504 0.10444126185419177 0.11602614035314657 0.12041010864656197
leaf_weight=0.19484529568944742 3.4478128791304226 0.59556217016779589 3.4562333055032468 935.37359130250775 2.7780693575707565 1.6160493146117003 2.131144598715081
leaf_count=167 1196 456 811 241973 649 1441 7502
internal_value=-0.000192647 -0.0480759 -0.0849692 0.000271465 -2.7235e-05 0.067095 0.120747
internal_weight=949.593 9.11566 6.90405 940.478 938.152 2.21161 2.32599
internal_count=254195 3904 2007 250291 242622 1897 7669
is_linear=0
shrinkage=0.12


Tree=718
num_leaves=8
num_cat=0
split_feature=66 41 41 6 13 53 58
split_gain=1.50086 4.22636 4.39949 4.1197 4.22899 3.15773 2.33014
threshold=10.996354103088381 0.35254164040088659 0.34579014778137213 3.6220500469207768 5.4519500732421884 2.5114583969116215 -1.639780521392822
decision_type=2 2 2 2 2 2 2
left_child=3 2 -2 5 -5 -1 -3
right_child=1 6 -4 4 -6 -7 -8
leaf_value=0.03722123297517612 -0.016325206149520405 0.11904110425132378 -0.24900582375586561 0.0012364640732041826 -0.038911089175480917 -0.04625748981076571 0.0092257997015585142
leaf_weight=65.814475192741867 119.4584678153476 5.0283171004032283 1.1817345941917654 704.56520266692849 39.922477301565777 7.2432033615702656 6.229380606633411
leaf_count=55485 101075 2393 243 74388 13796 4616 2199
internal_value=-0.000164317 -0.0120426 -0.0186044 0.00175206 -0.000916412 0.0289448 0.0582755
internal_weight=949.443 131.898 120.64 817.545 744.488 73.0577 11.2577
internal_count=254195 105910 101318 148285 88184 60101 4592
is_linear=0
shrinkage=0.12


Tree=719
num_leaves=8
num_cat=0
split_feature=50 50 50 74 23 88 53
split_gain=1.33185 4.10092 4.08567 4.42807 3.99868 3.08131 0.752108
threshold=-0.084384541958570466 -0.12434409931302069 -0.005775775993242859 5.5000000000000009 0.41155417263507849 1.0526999831199648 2.1492187976837163
decision_type=2 2 2 2 2 2 2
left_child=1 4 3 -2 -1 -4 -3
right_child=2 6 5 -5 -6 -7 -8
leaf_value=-0.080529575427030153 0.071645928169299794 -0.0041095076538507228 -0.0017416534796533987 -0.046068088009873082 0.013077414503298064 0.026989018082554966 0.12667275252867935
leaf_weight=7.043925271367697 5.1059035572095643 0.72328000290180838 728.79284335860996 46.602590515273384 97.975194348460008 58.033767798451436 5.0845241267627515
leaf_count=186 1134 337 212647 8010 17664 12169 2048
internal_value=-0.000135869 0.0122273 -0.00176988 -0.0344445 0.00679893 0.000377427 0.110386
internal_weight=949.362 110.827 838.535 51.7085 105.019 786.827 5.8078
internal_count=254195 20235 233960 9144 17850 224816 2385
is_linear=0
shrinkage=0.12


Tree=720
num_leaves=8
num_cat=0
split_feature=62 59 59 59 62 2 0
split_gain=2.41566 5.47177 4.7653 3.90582 3.6577 2.95397 1.89046
threshold=-2.8124630451202388 4.0677812099456796 2.8059548139572148 4.370997667312623 -2.7096621990203853 150.93999481201175 56.381500244140632
decision_type=2 2 2 2 2 2 2
left_child=1 2 -1 -3 6 -6 -2
right_child=4 3 -4 -5 5 -7 -8
leaf_value=-0.015590831733273136 0.18220144216787568 0.10809551492889602 -0.08812613451147705 0.00069287281681642741 -0.016700898117585485 0.0086165472942981713 0.0097300009810945137
leaf_weight=41.512705778641838 2.5832650821128018 5.0410996679842119 19.016942244947337 148.68236664300389 73.876376149492671 652.56988409309747 1.4172327578953625
leaf_count=5708 967 1363 4529 46482 14856 180237 63
internal_value=0.00338562 -0.00781864 -0.0383797 0.00421496 0.00667203 0.00604187 0.121101
internal_weight=944.7 214.253 60.5296 153.723 730.447 726.446 4.0005
internal_count=254205 58082 10237 47845 196123 195093 1030
is_linear=0
shrinkage=0.12


Tree=721
num_leaves=8
num_cat=0
split_feature=12 61 57 63 61 61 29
split_gain=2.23365 6.45641 6.08293 4.50678 2.79339 3.89784 3.24229
threshold=3.5215500593185429 8.5354170799255389 3.7515624761581425 19999967.000000004 6.6770834922790536 0.27604167163372045 10.277011871337892
decision_type=2 2 2 2 2 2 2
left_child=4 3 -3 -2 5 -1 -6
right_child=1 2 -4 -5 6 -7 -8
leaf_value=0.010337297523178846 -0.0053636618547454086 -0.23368725153689196 -0.04544272090528307 0.10317308372259872 -0.0053526729759615782 -0.0088458084068770391 0.041593742545678998
leaf_weight=410.28446192171805 175.01482782522694 3.0632090986752649 12.805367514030186 5.6880847877554563 32.375042541421728 242.78547763955021 61.284576468300109
leaf_count=89388 59729 1823 8715 5162 5275 55988 28125
internal_value=0.00298924 -0.00839189 -0.0817807 -0.00194719 0.00598525 0.00320578 0.0253659
internal_weight=943.301 196.571 15.8686 180.703 746.73 653.07 93.6596
internal_count=254205 75429 10538 64891 178776 145376 33400
is_linear=0
shrinkage=0.12


Tree=722
num_leaves=8
num_cat=0
split_feature=33 1 28 76 23 3 50
split_gain=1.77624 4.50489 5.62546 5.27684 2.89334 5.53978 4.70891
threshold=0.48156569898128515 12.463099956512453 24.332634925842289 0.9717826545238496 0.28695000708103185 0.51857000589370739 0.2136734873056412
decision_type=2 2 2 2 2 2 2
left_child=4 2 -2 -3 5 -1 -6
right_child=1 3 -4 -5 6 -7 -8
leaf_value=0.0010843016136344111 -0.22008570754385332 0.0027129035072299382 -0.030919829362945971 -0.13425424906429934 0.0039179575843009528 -0.080287904646492395 0.032052240407172618
leaf_weight=56.813738811951971 2.4099116488526979 280.76109543494368 37.333447607763503 4.1097407029701563 439.14780530925134 15.29000140907822 106.4278155060299
leaf_count=1460 6889 42367 56737 193 95048 366 51145
internal_value=0.00264356 -0.00454325 -0.0423903 0.000736922 0.00642051 -0.0161711 0.00940623
internal_weight=942.294 324.614 39.7434 284.871 617.679 72.1037 545.576
internal_count=254205 106186 63626 42560 148019 1826 146193
is_linear=0
shrinkage=0.12


Tree=723
num_leaves=7
num_cat=0
split_feature=44 2 54 62 59 62
split_gain=2.13453 2.77354 2.39548 2.0558 3.58738 3.03151
threshold=19999943.000000004 198.97499847412112 0.27561974525451666 -2.8124630451202388 4.0677812099456796 -2.7096621990203853
decision_type=2 2 2 2 2 2
left_child=3 -2 -3 4 -1 -5
right_child=1 2 -4 5 -6 -7
leaf_value=-0.03318798215689428 -0.04203062342661578 0.19730268464809367 0.027312995802214694 0.11200563962082838 0.0014309262013677713 0.0043003152567689783
leaf_weight=60.809375026320481 2.2450038658765257 2.6084239094465147 2.2010517344712639 3.7828306824328584 148.0368170988877 721.95001076274912
leaf_count=10237 510 950 1222 1027 45904 194355
internal_value=0.00233892 0.0680996 0.119507 0.00184254 -0.008649 0.00486172
internal_weight=941.634 7.05448 4.80948 934.579 208.846 725.733
internal_count=254205 2682 2172 251523 56141 195382
is_linear=0
shrinkage=0.12


Tree=724
num_leaves=7
num_cat=0
split_feature=44 34 58 57 62 28
split_gain=1.70748 2.25457 1.72649 1.64625 1.62243 1.54307
threshold=19999943.000000004 1.0773143172264101 -25.141833305358883 15.784375190734865 -2.8124630451202388 59.883895874023445
decision_type=2 2 2 2 2 2
left_child=3 2 -2 4 -1 -5
right_child=1 -3 -4 5 -6 -7
leaf_value=-0.008189918435894325 0.18754120422603188 -0.036696295424631702 0.040814847240396968 0.0053807449778652192 0.0038566767919089246 0.11117336397846152
leaf_weight=207.47742201089227 2.1693288887701527 2.2616525619502568 2.4693211539465798 4.1512923516356315 718.51024287913697 3.8051670477633905
leaf_count=55103 1062 510 1110 3306 190545 2569
internal_value=0.00206393 0.0615378 0.109433 0.00162452 0.00115751 0.0559759
internal_weight=940.844 6.9003 4.63865 933.944 925.988 7.95646
internal_count=254205 2682 2172 251523 245648 5875
is_linear=0
shrinkage=0.12


Tree=725
num_leaves=7
num_cat=0
split_feature=13 84 66 47 66 54
split_gain=2.26125 3.32601 1.5986 3.98928 3.98098 0.569291
threshold=0.2902000099420548 1.0000000180025095e-35 11.581770896911623 0.09920744970440866 11.56302070617676 0.2023354768753052
decision_type=2 2 2 2 2 2
left_child=1 5 4 -4 -2 -1
right_child=2 -3 3 -5 -6 -7
leaf_value=-0.13414148999743236 -0.00068855794989432608 0.014875033925293924 0.059588818528166609 -0.00478959849985098 -0.086257814302774988 -0.066518226945293274
leaf_weight=4.1065054495714248 862.3822885027671 6.2139101545728721 21.897708336955532 37.762911266352887 7.9009210195792994 3.1816169097855633
leaf_count=443 184141 281 21616 42221 5130 254
internal_value=-0.00087062 -0.0496263 -0.000162727 0.0188397 -0.0014654 -0.104621
internal_weight=943.446 13.502 929.944 59.6606 870.283 7.28812
internal_count=254086 978 253108 63837 189271 697
is_linear=0
shrinkage=0.12


Tree=726
num_leaves=7
num_cat=0
split_feature=13 84 41 77 34 36
split_gain=1.85608 2.88161 1.46991 7.3489 2.79414 0.611337
threshold=0.2902000099420548 1.0000000180025095e-35 0.21832982450723651 1.0000000180025095e-35 0.79542857408523571 155.8816833496094
decision_type=2 2 2 2 2 2
left_child=1 5 4 -4 -2 -1
right_child=2 -3 3 -5 -6 -7
leaf_value=-0.13261769430370104 0.012272811415118016 0.013131961702413446 0.017309652388066029 -0.033136490311210597 -0.0030908886124654394 -0.059837604304634522
leaf_weight=3.7404543700465727 257.45158862806318 6.1953332823990479 75.966526844554267 91.879103349857644 504.46359875944211 2.9908253454950291
leaf_count=459 94178 281 15246 15114 128570 238
internal_value=-0.000766787 -0.0459252 -0.000138942 -0.0103047 0.00210051 -0.10028
internal_weight=942.687 12.9266 929.761 167.846 761.915 6.73128
internal_count=254086 978 253108 30360 222748 697
is_linear=0
shrinkage=0.12


Tree=727
num_leaves=7
num_cat=0
split_feature=13 84 47 23 66 29
split_gain=1.51891 2.4887 1.41718 3.20947 2.85354 0.63302
threshold=0.2902000099420548 1.0000000180025095e-35 0.14902985095977786 9.4528331756591815 11.581770896911623 155.8816833496094
decision_type=2 2 2 2 2 2
left_child=1 5 4 -4 -2 -1
right_child=2 -3 3 -5 -6 -7
leaf_value=-0.13139784842369467 -0.005877118301635096 0.011588592006096412 0.0069310166600097959 -0.14578100241236508 0.028121815366404356 -0.054700696567000488
leaf_weight=3.3464015203193807 550.95403125071414 6.179082717502709 338.93285041582163 1.9934088576619036 37.999782262097028 2.8860266259160667
leaf_count=459 112590 281 102091 2093 36334 238
internal_value=-0.000675822 -0.0423777 -0.00011921 0.0060381 -0.00368348 -0.095882
internal_weight=942.292 12.4115 929.88 340.926 588.954 6.23243
internal_count=254086 978 253108 104184 148924 697
is_linear=0
shrinkage=0.12


Tree=728
num_leaves=6
num_cat=0
split_feature=16 6 33 69 69
split_gain=1.38452 1.98024 1.53127 5.0775 2.35868
threshold=0.76515501737594616 9.2130999565124529 0.21150749176740649 14.500000000000002 11.500000000000002
decision_type=2 2 2 2 2
left_child=1 -1 3 -2 -4
right_child=2 -3 4 -5 -6
leaf_value=-0.038328462057448782 0.0089770986190972138 0.015616047810545684 -0.010604814896559496 -0.030851069595453758 0.0064911489465472715
leaf_weight=30.702787061726308 100.62651976951375 14.392692205153837 146.33424859564332 85.050668979457981 564.51866151032345
leaf_count=558 21507 433 87527 7088 136973
internal_value=-0.000594797 -0.0211115 0.000437194 -0.00926646 0.00297182
internal_weight=941.626 45.0955 896.53 185.677 710.853
internal_count=254086 991 253095 28595 224500
is_linear=0
shrinkage=0.12


Tree=729
num_leaves=8
num_cat=0
split_feature=51 59 29 51 51 57 49
split_gain=1.40195 2.82112 3.29045 2.86101 2.52556 5.37097 3.63924
threshold=0.14999818056821826 19999971.000000004 -39.385406494140618 0.14699832350015643 0.22288296371698382 1.5140625238418581 1.3445312380790713
decision_type=2 2 2 2 2 2 2
left_child=1 3 -3 -1 6 -6 -2
right_child=4 2 -4 -5 5 -7 -8
leaf_value=-0.0011358497596615272 0.034008853311811374 0.13918411756770649 -0.05250353896814576 -0.060909292835329545 -0.021613178318601427 0.017485241811727167 -0.0002263374690601964
leaf_weight=518.25245904300482 82.28164595160537 1.3594682325418066 25.063891715198405 11.793334884629074 112.81194616872224 91.73497954490847 97.925803000284148
leaf_count=137383 24832 418 13067 2607 26624 26351 22804
internal_value=-0.000522494 -0.00437348 -0.0426413 -0.00246579 0.00504718 -0.00407836 0.0154052
internal_weight=941.224 556.469 26.4234 530.046 384.754 204.547 180.207
internal_count=254086 153475 13485 139990 100611 52975 47636
is_linear=0
shrinkage=0.12


Tree=730
num_leaves=8
num_cat=0
split_feature=59 28 12 34 29 77 50
split_gain=1.93601 2.5938 2.16603 1.57468 1.55255 4.32199 2.89034
threshold=19999977.000000004 63.418531417846687 3.5215500593185429 1.3289571404457095 4.3908841609954843 1.0000000180025095e-35 0.078198391944170012
decision_type=2 2 2 2 2 2 2
left_child=4 3 -3 -2 5 -1 -6
right_child=1 2 -4 -5 6 -7 -8
leaf_value=-0.042616813740146357 0.096777428446568878 -0.032352325810415965 0.11609495363066279 -0.11740002540017476 0.014666799095567737 0.0033116799276422977 -0.0031712301974558886
leaf_weight=47.079229828249893 8.4180602664820832 7.8649279388616282 1.7260337918379489 0.52515850457871316 164.57472370335972 79.033681660687122 637.42499722738319
leaf_count=13264 7000 3687 1536 27 23522 12911 191930
internal_value=-0.00069013 0.0377119 -0.00563707 0.0842006 -0.00145701 -0.0138339 0.000489231
internal_weight=946.647 18.5342 9.59096 8.94322 928.113 126.113 802
internal_count=253877 12250 5223 7027 241627 26175 215452
is_linear=0
shrinkage=0.12


Tree=731
num_leaves=7
num_cat=0
split_feature=76 76 58 71 55 71
split_gain=1.39166 1.62545 3.72247 1.68622 0.0052153 2.4397e-05
threshold=0.020316486246883873 0.030349404551088813 -3.2148454189300533 154.50000000000003 0.39955714344978338 183.50000000000003
decision_type=2 2 2 2 2 2
left_child=4 2 -2 -3 5 -1
right_child=1 3 -4 -5 -6 -7
leaf_value=0.12022638357051875 -0.41631935754883087 -0.0002530008300094014 0.0023177788466889849 -0.079655858212325181 0.13650284856163145 0.12226627869762512
leaf_weight=0.66225304490092074 0.44571271655297551 938.8019840373496 0.9747448869911739 3.8671384920055507 0.47658136207519419 0.096763188010754675
leaf_count=2724 796 243321 1173 5556 220 87
internal_value=-0.000605455 -0.000772022 -0.129043 -0.000578737 0.126664 0.120486
internal_weight=945.325 944.09 1.42046 942.669 1.2356 0.759016
internal_count=253877 250846 1969 248877 3031 2811
is_linear=0
shrinkage=0.12


Tree=732
num_leaves=7
num_cat=0
split_feature=59 7 28 16 0 33
split_gain=1.56169 2.19204 2.54562 1.25716 1.93003 1.49952
threshold=19999977.000000004 11.802249908447267 63.418531417846687 0.76515501737594616 58.658550262451179 0.21150749176740649
decision_type=2 2 2 2 2 2
left_child=3 2 -2 4 -1 -5
right_child=1 -3 -4 5 -6 -7
leaf_value=-0.004274834433970952 0.090937161730963792 -0.19936822766513038 -0.00086597199503513956 -0.010083094159958603 -0.059181437503523747 0.0022495407638168756
leaf_weight=29.946067306237634 8.1478323268605077 0.55948080393863975 9.3301945138250115 177.6635443260999 13.319189424466801 706.69416562465653
leaf_count=662 7020 10 5220 27696 326 212943
internal_value=-0.000525142 0.0344459 0.0419304 -0.00120515 -0.0211778 -0.000228031
internal_weight=945.66 18.0375 17.478 927.623 43.2653 884.358
internal_count=253877 12250 12240 241627 988 240639
is_linear=0
shrinkage=0.12


Tree=733
num_leaves=8
num_cat=0
split_feature=6 13 41 34 71 59 33
split_gain=1.33587 4.70711 3.19911 3.15363 2.36296 6.71079 2.42622
threshold=4.1337502002716073 5.9379999637603769 0.093412525951862349 1.1066428422927859 154.50000000000003 19999975.000000004 0.21150749176740649
decision_type=2 2 2 2 2 2 2
left_child=1 2 -1 -3 6 -6 -2
right_child=4 3 -4 -5 5 -7 -8
leaf_value=0.14514232749232692 -0.01784653221165158 -0.01508540007465275 0.030625517342891768 0.021359413078462574 -0.042821312646690972 -0.64311642520850298 0.00072074990286987643
leaf_weight=5.6354402288323504 119.35665233979353 69.414625007680911 9.3262106282147652 67.37660017667298 1.9783222593352996 0.31021910223353177 671.51132449401359
leaf_count=5051 14232 103311 2778 21271 2255 63 104916
internal_value=-0.000460143 0.00985509 0.0737593 0.00286551 -0.00243373 -0.124193 -0.0020814
internal_weight=944.909 151.753 14.9617 136.791 793.157 2.28854 790.868
internal_count=253877 132411 7829 124582 121466 2318 119148
is_linear=0
shrinkage=0.12


Tree=734
num_leaves=7
num_cat=0
split_feature=59 49 57 41 35 28
split_gain=1.23116 1.88828 2.52988 1.20039 1.12665 0.636141
threshold=19999977.000000004 1.0864583253860476 0.21979166567325595 0.92205202579498302 341.87857055664068 23.051969528198246
decision_type=2 2 2 2 2 2
left_child=3 5 -3 4 -1 -2
right_child=1 2 -4 -5 -6 -7
leaf_value=-0.010966830911954877 -0.013518395065740084 -0.17757078933797035 0.025889016730597545 -0.061517481890313953 0.0010277797273999369 0.13779404803567949
leaf_weight=131.51368748329583 0.47032175308827229 0.94095430243669298 13.595109162855195 4.6943684431180364 791.05500861988958 2.6796604414544163
leaf_count=39786 497 175 9061 457 201384 2517
internal_value=-0.000391854 0.0309714 0.0127186 -0.000990058 -0.000682072 0.115202
internal_weight=944.949 17.686 14.5361 927.263 922.569 3.14998
internal_count=253877 12250 9236 241627 241170 3014
is_linear=0
shrinkage=0.12


Tree=735
num_leaves=8
num_cat=0
split_feature=1 41 28 54 77 29 55
split_gain=1.62333 4.05146 2.35223 1.80822 2.2567 1.46531 1.42167
threshold=21.963999748229984 0.085695214569568648 53.378118515014656 0.53750082850456249 1.0000000180025095e-35 325.03746032714849 0.18466664850711825
decision_type=2 2 2 2 2 2 2
left_child=3 2 -2 5 -5 -1 -3
right_child=1 6 -4 4 -6 -7 -8
leaf_value=-0.0010520216820372162 -0.056106228094217801 0.064687127417473789 0.05353646570543031 0.086736614781765184 -0.12726798438203785 -0.13018316266119825 0.17520577320447955
leaf_weight=914.89195272773111 7.5512674029268307 8.1405938652648349 4.4947572276085239 5.9346955208200134 0.80591740086674679 1.267158146767996 2.1106123739469913
leaf_count=245870 1541 1053 960 3855 17 626 426
internal_value=-2.0287e-06 0.0319925 -0.015195 -0.000775015 0.0611499 -0.00123063 0.0874417
internal_weight=945.197 22.2972 12.046 922.9 6.74061 916.159 10.2512
internal_count=254348 3980 2501 250368 3872 246496 1479
is_linear=0
shrinkage=0.12


Tree=736
num_leaves=8
num_cat=0
split_feature=19 88 29 29 19 88 19
split_gain=1.47266 4.02171 4.80606 3.93193 2.1626 3.76266 2.0147
threshold=0.23020833730697635 0.67550000548362743 -1.8126573562622068 0.88543996214866649 0.24114582687616351 1.2795857191085818 0.24557291716337207
decision_type=2 2 2 2 2 2 2
left_child=1 3 -3 -1 5 -2 -6
right_child=4 2 -4 -5 6 -7 -8
leaf_value=-0.12206456190837656 -0.01681607023164379 0.089956381915500969 -0.052709830256454655 0.02641464478546645 0.028120258625268985 -0.19308576465717264 -0.0012691751004386121
leaf_weight=2.6359846595937588 76.595070394117556 4.0300652293601642 21.757137580370028 99.942055452356584 35.273896415976765 1.7844476667851257 702.96664213969586
leaf_count=1482 20658 1271 6753 29388 10977 307 183512
internal_value=1.09255e-06 0.0119494 -0.0304137 0.0225991 -0.00187707 -0.0208292 0.000135082
internal_weight=944.985 128.365 25.7872 102.578 816.62 78.3795 738.241
internal_count=254348 38894 8024 30870 215454 20965 194489
is_linear=0
shrinkage=0.12


Tree=737
num_leaves=8
num_cat=0
split_feature=5 51 77 22 59 88 63
split_gain=1.41238 2.61925 2.79954 1.97424 3.23886 1.54427 1.30802
threshold=0.23335000127553943 0.10635963454842569 1.0000000180025095e-35 3.9949417114257817 13.982029914855959 0.35634998977184301 19999973.000000004
decision_type=2 2 2 2 2 2 2
left_child=1 5 -3 6 -5 -1 -2
right_child=3 2 -4 4 -6 -7 -8
leaf_value=-0.046728080819879489 0.00057414308849783747 0.10042681684140407 -0.016922202932478644 -0.090136217328236568 0.13269536758057937 0.10885965807000372 -0.027469563956277466
leaf_weight=6.6228456846182011 890.78221653406808 9.1040099335515929 4.3149636803101421 6.9371859930947419 1.0863887782266202 1.0665562479896378 24.611760907789403
leaf_count=1947 231622 3124 623 2643 725 397 13267
internal_value=2.25435e-06 0.030694 0.0626924 -0.000699327 -0.0599649 -0.0251473 -0.000179855
internal_weight=944.526 21.1084 13.419 923.418 8.02357 7.6894 915.394
internal_count=254348 6091 3747 248257 3368 2344 244889
is_linear=0
shrinkage=0.12


Tree=738
num_leaves=8
num_cat=0
split_feature=62 72 47 13 59 57 51
split_gain=1.26676 2.77711 3.59956 3.1367 2.15013 5.15108 1.73429
threshold=-26.251950263977047 28.872916221618656 0.035464044660329826 0.99799999594688427 19999967.000000004 5.714583396911622 0.19648911803960803
decision_type=2 2 2 2 2 2 2
left_child=1 2 -1 -3 6 -6 -2
right_child=4 3 -4 -5 5 -7 -8
leaf_value=-0.16836002541792172 0.0031616070532102017 -0.0030777082962490368 0.0080308961590765705 0.10855794225345186 -0.0075369982548527288 -0.12850072316247857 -0.0091348179271829137
leaf_weight=1.70117515605743 586.24433175820195 6.3307003465851031 80.437768926041798 8.4780565110520296 24.519742794467899 6.3905451067501025 229.95593330148006
leaf_count=556 158964 313 15853 5787 13560 3257 56058
internal_value=7.76171e-06 0.0130014 0.00437767 0.060834 -0.00147929 -0.0325456 -0.000302783
internal_weight=944.058 96.9477 82.1389 14.8088 847.111 30.9103 816.2
internal_count=254348 22509 16409 6100 231839 16817 215022
is_linear=0
shrinkage=0.12


Tree=739
num_leaves=8
num_cat=0
split_feature=1 41 5 7 86 8 55
split_gain=1.25175 3.13679 2.17847 1.48731 3.60898 2.74161 1.15553
threshold=21.963999748229984 0.085695214569568648 1.9745000004768374 10.414299964904787 1.0000000180025095e-35 13.300152301788332 0.18466664850711825
decision_type=2 2 2 2 2 2 2
left_child=3 2 -2 5 -5 -1 -3
right_child=1 6 -4 4 -6 -7 -8
leaf_value=0.0021562145066501503 -0.055889436067616774 0.057045406250497588 0.047907710998514035 0.006324883531729145 -0.018498545605533989 0.082085387046730005 0.15791109867943642
leaf_weight=576.32442683161298 7.0739279324597621 8.0289667556882289 4.9485307968622791 157.32088771241209 181.79813889777287 6.2465483747946555 2.0539069312227971
leaf_count=240836 1984 1053 517 3799 5614 119 426
internal_value=1.22165e-05 0.0282314 -0.0131658 -0.000664579 -0.0069827 0.00301325 0.077592
internal_weight=943.795 22.1053 12.0225 921.69 339.119 582.571 10.0829
internal_count=254348 3980 2501 250368 9413 240955 1479
is_linear=0
shrinkage=0.12


Tree=740
num_leaves=8
num_cat=0
split_feature=2 29 41 34 54 14 71
split_gain=1.60311 5.09728 2.61879 2.08322 3.38451 1.83639 1.78819
threshold=135.8850021362305 2.6165128946304326 0.23047725111246112 1.2444428205490115 -0.12241675704717635 -1.004549980163574 120.50000000000001
decision_type=2 2 2 2 2 2 2
left_child=1 2 -1 6 -5 -3 -2
right_child=3 5 -4 4 -6 -7 -8
leaf_value=0.010349524638161623 8.5019242062912527e-05 0.011939185802974884 -0.10646988197247202 -0.12096250560615743 0.079174203437536436 0.11677313898402275 0.027442523681866702
leaf_weight=45.73274293427626 833.50132950073339 3.2593256442671636 2.9410370683517746 4.6163954644151532 1.652248874436191 9.1921151050441079 35.886404327644755
leaf_count=9696 214508 148 349 888 649 1851 25495
internal_value=0.00202883 0.0208177 0.00329089 0.00071727 -0.0682118 0.0893315 0.00121428
internal_weight=936.782 61.1252 48.6738 875.656 6.26864 12.4514 869.388
internal_count=253584 12044 10045 241540 1537 1999 240003
is_linear=0
shrinkage=0.12


Tree=741
num_leaves=8
num_cat=0
split_feature=53 47 13 23 53 47 6
split_gain=1.4779 2.50181 5.5062 3.86741 2.03668 3.58334 1.69501
threshold=2.451041698455811 0.072725109755992903 8.0093002319335955 2.8868082761764531 2.4489583969116215 0.052375258877873428 8.9072499275207537
decision_type=2 2 2 2 2 2 2
left_child=4 2 -2 -3 6 -6 -1
right_child=1 3 -4 -5 5 -7 -8
leaf_value=-0.0022373401103762923 -0.0023788155849969643 0.0083537584129806577 -0.20229473593361771 0.062247339813283453 -0.22737634564190332 -0.020727403956911278 0.011544424420487706
leaf_weight=643.59080666304612 24.312902997992285 70.948430686111038 2.16016670194358 26.274506304912833 1.5111970888456721 6.0290056182357752 160.56761539108243
leaf_count=216971 4361 4226 1367 19461 109 1341 5748
internal_value=0.00179446 0.0140132 -0.0186917 0.0229185 -6.75706e-05 -0.0621437 0.000514487
internal_weight=935.395 123.696 26.4731 97.2229 811.699 7.5402 804.158
internal_count=253584 29415 5728 23687 224169 1450 222719
is_linear=0
shrinkage=0.12


Tree=742
num_leaves=5
num_cat=0
split_feature=43 58 88 58
split_gain=1.37903 1.47843 5.92992 1.39815
threshold=-58.451850891113274 -75.245063781738267 0.46472498774528509 -72.567546844482408
decision_type=2 2 2 2
left_child=-1 2 -2 -3
right_child=1 3 -4 -5
leaf_value=-0.069668215971875655 0.10187891152390534 -0.044305606943639636 -0.040289224220102067 0.0017132525412549586
leaf_weight=3.8951518518405228 9.2461862738901477 9.6080228576342943 7.7794104968205025 904.45564660353045
leaf_count=432 2279 1934 871 248068
internal_value=0.00158406 0.00188214 0.0369188 0.00122953
internal_weight=934.984 931.089 17.0256 914.064
internal_count=253584 253152 3150 250002
is_linear=0
shrinkage=0.12


Tree=743
num_leaves=8
num_cat=0
split_feature=2 29 55 14 53 50 53
split_gain=1.25941 4.37502 2.67747 1.71435 1.6783 3.83764 2.60178
threshold=135.8850021362305 2.6165128946304326 0.26011368632316595 -1.004549980163574 2.3088542222976689 0.019710737280547622 2.3010416030883794
decision_type=2 2 2 2 2 2 2
left_child=1 2 -1 -3 6 -6 -2
right_child=4 3 -4 -5 5 -7 -8
leaf_value=-0.0095817684723307865 -0.0023329874231373489 0.010119337081828947 0.069075206140956621 0.11286051505815262 -0.03773815982105358 0.014354142961385484 -0.11197219033341764
leaf_weight=41.133584391025821 645.10025562363967 3.2409929342336445 7.344484738394967 8.4004641332747649 22.628614620760459 203.56015824197414 3.1318742358312184
leaf_count=8720 188981 148 1325 1851 4161 47841 557
internal_value=0.00139784 0.0181982 0.00233486 0.0842573 0.000242762 0.00914267 -0.0028627
internal_weight=934.54 60.1195 48.4781 11.6415 874.421 226.189 648.232
internal_count=253584 12044 10045 1999 241540 52002 189538
is_linear=0
shrinkage=0.12


Tree=744
num_leaves=8
num_cat=0
split_feature=76 11 1 83 17 8 84
split_gain=1.19958 4.10811 9.01247 4.06921 1.88262 8.82048 4.12415
threshold=0.96128329634666454 1.5000000000000002 7.7586500644683847 0.37500000000000006 1.0000000180025095e-35 11.62544107437134 10.000000000000002
decision_type=2 2 2 2 2 2 2
left_child=4 3 -3 -2 5 -1 -6
right_child=1 2 -4 -5 6 -7 -8
leaf_value=0.014867264775379764 0.0031810247399289547 0.12339260717147685 -0.094229204964637076 0.07235821233106024 0.0062943999887539641 -0.035334656341307481 -0.025033887522309926
leaf_weight=101.35924634220618 27.995758529556269 3.6688135821350434 10.828000400703102 21.763505510295317 600.4406051673368 100.23932748921555 67.290689451710477
leaf_count=44097 3780 1580 1651 1916 187654 900 12006
internal_value=0.00123834 0.0170601 -0.0391541 0.0334375 6.88787e-05 -0.0100943 0.00313729
internal_weight=933.586 64.2561 14.4968 49.7593 869.33 201.599 667.731
internal_count=253584 8927 3231 5696 244657 44997 199660
is_linear=0
shrinkage=0.12


Tree=745
num_leaves=8
num_cat=0
split_feature=16 83 63 83 8 8 76
split_gain=1.73329 4.57839 3.76227 1.72306 6.35595 4.55673 1.43764
threshold=1.0640814900398257 1.0000000180025095e-35 2.1151659488677983 0.62500000000000011 10.862330436706545 10.989756107330324 0.47597506642341619
decision_type=2 2 2 2 2 2 2
left_child=1 2 -1 5 -5 -2 -3
right_child=3 6 -4 4 -6 -7 -8
leaf_value=-0.02761185223333143 -0.0088058792887038898 -0.098711049819467336 0.030694614059843729 0.023473021080175575 -0.018192950831471249 0.013074078727726259 -0.038657678504815024
leaf_weight=33.184008136464954 222.61427388742561 8.9642185439644226 30.659683594435819 72.150601188013525 195.77002194288445 356.65896607220441 15.961538602162831
leaf_count=558 170530 341 468 52706 7155 21900 581
internal_value=-0.000686413 -0.0166396 0.000388687 0.000985171 -0.00697237 0.00466563 -0.0602551
internal_weight=935.963 88.7694 63.8437 847.194 267.921 579.273 24.9258
internal_count=254239 1948 1026 252291 59861 192430 922
is_linear=0
shrinkage=0.12


Tree=746
num_leaves=8
num_cat=0
split_feature=24 83 63 34 47 57 78
split_gain=1.53791 3.34333 2.22191 2.19592 1.51491 1.51495 0.216394
threshold=0.81030231714248668 1.0000000180025095e-35 2.1151659488677983 0.61775714159011852 0.88864529132843029 1.4640625119209292 1.0000000180025095e-35
decision_type=2 2 2 2 2 2 2
left_child=1 2 -1 -3 5 -2 -6
right_child=4 3 -4 -5 6 -7 -8
leaf_value=-0.022210304500748849 -0.0034073528283768122 -0.10106408273069047 0.021627240495022272 -0.027092769224143051 0.06898118610456315 0.0069817718077258041 0.15224579153106865
leaf_weight=34.486442396457051 501.89703998548828 8.6754036715529832 32.190051915334834 17.309439298297111 0.8897437814987359 338.38826364564625 0.90827171769797133
leaf_count=585 134168 271 481 679 668 117152 235
internal_value=-0.000602773 -0.0152761 -0.00104643 -0.0517891 0.00101185 0.000776414 0.111042
internal_weight=934.745 92.6613 66.6765 25.9848 842.083 840.285 1.79802
internal_count=254239 2016 1066 950 252223 251320 903
is_linear=0
shrinkage=0.12


Tree=747
num_leaves=8
num_cat=0
split_feature=19 84 19 29 19 65 22
split_gain=1.30805 2.71444 4.91013 3.92798 2.68665 5.74403 2.11269
threshold=0.28489583730697637 1.0000000180025095e-35 0.32812500000000006 -44.416692733764641 0.28385417163372045 38.500000000000007 1.0000000180025095e-35
decision_type=2 2 2 2 2 2 2
left_child=4 3 -3 -2 6 -6 -1
right_child=1 2 -4 -5 5 -7 -8
leaf_value=-0.070766858600901913 -0.099531056653772182 0.0044683525744472034 0.075558782142788231 0.0023493893835179773 -0.11238948704905315 0.11347879153882329 -0.0020790141617116806
leaf_weight=6.5201659372720533 5.5640784214012902 42.551014938409082 20.843809075692093 264.44488357578581 7.8673349258882563 2.0421776139721715 584.17157480781077
leaf_count=354 1560 16024 5366 51240 1043 930 177722
internal_value=-0.000530857 0.00549649 0.0278424 0.000249938 -0.00387674 -0.065842 -0.0028372
internal_weight=934.005 333.404 63.3948 270.009 600.601 9.90951 590.692
internal_count=254239 74190 21390 52800 180049 1973 178076
is_linear=0
shrinkage=0.12


Tree=748
num_leaves=8
num_cat=0
split_feature=8 77 41 83 47 33 85
split_gain=1.23225 3.8329 4.969 4.73714 1.29254 1.29269 0.216845
threshold=13.711093425750734 1.0000000180025095e-35 0.1600058972835541 1.0000000180025095e-35 0.88864529132843029 0.65331435203552257 0.62500000000000011
decision_type=2 2 2 2 2 2 2
left_child=4 3 -3 -2 5 -1 -6
right_child=1 2 -4 -5 6 -7 -8
leaf_value=-0.00046064375013024953 0.025310873559691312 -0.0027892065893415923 -0.08987474502880323 -0.028249702201623785 0.059546355846597003 0.016046285815114785 0.14556473016265584
leaf_weight=722.06798739899818 53.745875546939573 20.219614355664245 17.689091820031908 42.646945531769006 0.7831515632956314 75.455492433105519 0.91518169269647842
leaf_count=217252 1170 366 296 1049 417 33208 481
internal_value=-0.000463397 -0.011099 -0.0434254 0.00161414 0.00132381 0.00110111 0.105899
internal_weight=933.523 134.302 37.9087 96.3928 799.222 797.523 1.69833
internal_count=254239 2881 662 2219 251358 250460 898
is_linear=0
shrinkage=0.12


Tree=749
num_leaves=7
num_cat=0
split_feature=24 77 28 85 8 8
split_gain=1.1504 2.99206 4.47109 1.64366 7.39857 6.36355
threshold=0.81030231714248668 1.0000000180025095e-35 56.65661811828614 0.62500000000000011 12.766571998596193 12.88341808319092
decision_type=2 2 2 2 2 2
left_child=1 2 -1 4 -2 -5
right_child=3 -3 -4 5 -6 -7
leaf_value=-0.023186987977120807 -0.0042318682851870378 -0.051119050528589616 0.040805576136550559 0.0052674478879794371 0.030616798556612413 -0.026845912904195444
leaf_weight=44.913837793708623 288.55441829104876 22.558892483361859 24.19028047315031 299.81906667580813 126.05055121024765 126.28292254018277
leaf_count=992 116635 442 582 129340 3175 3073
internal_value=-0.000407849 -0.0131733 -0.000786035 0.000983983 0.00636302 -0.00424992
internal_weight=932.37 91.663 69.1041 840.707 414.605 426.102
internal_count=254239 2016 1574 252223 119810 132413
is_linear=0
shrinkage=0.12


Tree=750
num_leaves=8
num_cat=0
split_feature=20 90 14 15 59 61 61
split_gain=1.56257 3.50574 5.11713 4.43655 1.96068 4.53643 2.81952
threshold=46.411298751831062 0.007114285835996271 -1.576650023460388 1.2504569888114931 3.8139152526855473 2.8635416030883794 0.55703124403953563
decision_type=2 2 2 2 2 2 2
left_child=4 3 -3 -2 5 -1 -6
right_child=1 2 -4 -5 6 -7 -8
leaf_value=0.0014035320040227462 0.049162861341276023 -0.21713174750005396 -0.03445360268645823 -0.04578577885138941 -0.012345255380792253 -0.023159000756490102 0.015888525135332857
leaf_weight=490.81299788978475 13.256332327509201 2.9193259113746128 9.0631910841437655 15.225754893193082 69.443549621324706 138.92230869566282 191.07838099968703
leaf_count=124023 309 48 1292 3102 20196 39734 65742
internal_value=-0.00144116 -0.0245039 -0.0789599 -0.00159412 -0.000392892 -0.00401507 0.00836266
internal_weight=930.722 40.4646 11.9825 28.4821 890.257 629.735 260.522
internal_count=254446 4751 1340 3411 249695 163757 85938
is_linear=0
shrinkage=0.12


Tree=751
num_leaves=8
num_cat=0
split_feature=62 50 58 29 62 53 12
split_gain=1.34402 3.63134 5.39591 4.43125 2.60141 3.38862 1.59203
threshold=7.6210651397705087 0.3821657001972199 -0.62328913807868946 162.08409118652347 4.0654671192169198 2.1135416030883794 4.211750030517579
decision_type=2 2 2 2 2 2 2
left_child=4 2 -2 -3 6 -6 -1
right_child=1 3 -4 -5 5 -7 -8
leaf_value=-0.0025920455751577889 0.097091629130478765 -0.18975009836688905 -0.029763022325057831 -0.019193098994864041 0.081348738555361302 -0.0072827274132204328 0.021216658267989918
leaf_weight=825.50569030168344 6.1482221367273153 3.7415172385076385 22.495143873266798 5.3019863134527441 12.684884759933363 12.172454354060681 42.526242802511433
leaf_count=225353 2083 343 3517 2040 3290 2948 14872
internal_value=-0.00126645 -0.0234643 -0.00253401 -0.0897567 -0.000329529 0.0379466 -0.00142562
internal_weight=930.576 37.6869 28.6434 9.0435 892.889 24.8573 868.032
internal_count=254446 7983 5600 2383 246463 6238 240225
is_linear=0
shrinkage=0.12


Tree=752
num_leaves=8
num_cat=0
split_feature=47 76 81 55 20 53 69
split_gain=1.28035 3.51325 2.86456 2.77364 1.56725 3.4453 1.98311
threshold=0.032579194754362113 0.70301920175552379 1.0000000180025095e-35 0.056339167058467872 46.411298751831062 2.5385416746139531 1.0000000180025095e-35
decision_type=2 2 2 2 2 2 2
left_child=1 3 -3 -1 6 -6 -2
right_child=4 2 -4 -5 5 -7 -8
leaf_value=-0.084287020974313065 -0.05800025924725221 0.01366496168364663 -0.043532130224994643 0.087956476076399018 -0.014391588686670748 -0.13513218115352024 -0.00085248787559982612
leaf_weight=1.5158764052042961 8.8419243656425106 65.606008860480557 15.608562872490252 12.031125342216125 33.548120041807763 3.7873551055777588 789.62119767754518
leaf_count=510 613 8476 1641 3415 4152 293 235346
internal_value=-0.0011102 0.0121091 0.0026723 0.0686828 -0.00260898 -0.0266397 -0.00148532
internal_weight=930.56 94.7616 81.2146 13.547 835.799 37.3355 798.463
internal_count=254446 14042 10117 3925 240404 4445 235959
is_linear=0
shrinkage=0.12


Tree=753
num_leaves=8
num_cat=0
split_feature=62 49 66 41 62 55 28
split_gain=1.12346 3.18015 2.83584 2.81236 2.73045 4.40792 1.36014
threshold=7.0031530857086191 1.2945312857627871 9.3755207061767596 0.41956733167171484 4.0654671192169198 0.07991861924529077 45.591672897338874
decision_type=2 2 2 2 2 2 2
left_child=4 2 -2 -3 6 -6 -1
right_child=1 3 -4 -5 5 -7 -8
leaf_value=0.0061288240188431473 -0.11809786739925819 0.025980729949743767 -0.023514663655911958 -0.16119011393528881 0.12837291011237401 0.007085723420091102 -0.0042214201521536586
leaf_weight=261.77667771268818 6.5401668855070314 18.654815826738687 15.112860540282927 1.2323665419262386 6.1297183618696005 14.573494021141251 606.22194454675787
leaf_count=79333 671 4640 3506 233 1407 3764 160892
internal_value=-0.000974278 -0.0202631 -0.052083 0.0143821 -7.26687e-05 0.0429959 -0.00109993
internal_weight=930.242 41.5402 21.653 19.8872 888.702 20.7032 867.999
internal_count=254446 9050 4177 4873 245396 5171 240225
is_linear=0
shrinkage=0.12


Tree=754
num_leaves=7
num_cat=0
split_feature=65 7 29 65 24 47
split_gain=1.03638 2.42855 1.61092 1.1669 4.14446 1.79228
threshold=1.5000000000000002 10.956449985504152 6.9506075382232675 33.500000000000007 1.445591986179352 0.032579194754362113
decision_type=2 2 2 2 2 2
left_child=1 2 -1 4 -2 -5
right_child=3 -3 -4 5 -6 -7
leaf_value=0.054657457322154865 -0.036809729935980966 0.094989009916498182 -0.033033638605265155 0.041340078011039463 -0.00066664397365720626 0.00047970407582546154
leaf_weight=4.7715321108208597 56.668273237700561 5.3995178509386781 8.2023546386608341 15.864722433741916 235.73016102584856 603.51727703953259
leaf_count=382 1038 188 1884 3622 90813 156519
internal_value=-0.000854689 0.0273624 -0.000782634 -0.0014233 -0.00767135 0.00152629
internal_weight=930.154 18.3734 12.9739 911.78 292.398 619.382
internal_count=254446 2454 2266 251992 91851 160141
is_linear=0
shrinkage=0.12


Tree=755
num_leaves=7
num_cat=0
split_feature=27 84 0 0 53 54
split_gain=1.43795 2.22552 1.29983 4.98323 2.55903 0.00174248
threshold=1.0000000180025095e-35 1.0000000180025095e-35 9.2254500389099139 10.854049682617189 2.0239583253860478 0.21232016384601596
decision_type=2 2 2 2 2 2
left_child=2 5 4 -4 -1 -2
right_child=1 -3 3 -5 -6 -7
leaf_value=0.053774477872971328 -0.12230937800746321 0.0074594776355625383 -0.086581734086956366 -0.0010766910876909334 -0.00089739563560667075 -0.1277299576541383
leaf_weight=18.202502395604611 1.8037206328368811 3.9288097330052096 9.9282235785113908 860.61713694325147 38.203913994161994 1.6217844581417358
leaf_count=21850 468 254 8025 191360 32353 178
internal_value=-0.00132733 -0.0541798 -0.000908004 -0.00205184 0.0167454 -0.124876
internal_weight=934.306 7.35431 926.952 870.545 56.4064 3.42551
internal_count=254488 900 253588 199385 54203 646
is_linear=0
shrinkage=0.12


Tree=756
num_leaves=8
num_cat=0
split_feature=47 60 79 0 61 61 0
split_gain=1.5512 3.37858 3.9578 3.43578 2.50064 4.27533 3.15543
threshold=0.31998385488986975 1.5000000000000002 1.0000000180025095e-35 72.657600402832045 10.232291698455812 9.7958331108093279 6.8534998893737802
decision_type=2 2 2 2 2 2 2
left_child=4 3 -3 -2 5 -1 -6
right_child=1 2 -4 -5 6 -7 -8
leaf_value=-0.0035074945286935164 0.035282421566083827 -0.0014977701459721574 -0.34069202235662999 -0.017633000108373684 0.10230012987619093 -0.12974232674992228 0.011452453836037152
leaf_weight=808.53433876710699 55.13941160647326 1.2387342158467043 0.82544522696235834 26.001743422349563 6.6666202054275407 3.8819837062551406 31.608626190139937
leaf_count=204481 19956 675 152 4365 9691 1764 13404
internal_value=-0.00116898 0.0144688 -0.137138 0.0183256 -0.0026985 -0.00411068 0.0272759
internal_weight=933.897 83.2053 2.06418 81.1412 850.692 812.416 38.2752
internal_count=254488 25148 827 24321 229340 206245 23095
is_linear=0
shrinkage=0.12


Tree=757
num_leaves=7
num_cat=0
split_feature=71 47 57 61 47 22
split_gain=1.30902 1.22024 2.99781 1.54093 0.274231 0.129526
threshold=169.50000000000003 0.31998385488986975 12.051041603088381 10.232291698455812 0.055713428184390075 0.24310000240802768
decision_type=2 2 2 2 2 2
left_child=1 3 -3 -1 -2 -6
right_child=4 2 -4 -5 5 -7
leaf_value=-0.0036290392728875981 0.00041398039787278245 0.016279568518757268 -0.1342886605494201 0.021482063625619878 0.22345804532939001 0.12412886215332339
leaf_weight=813.07565915446116 0.21825273027798076 80.733222346425976 1.950137525819797 36.781494936346917 0.25106737073463115 0.76526092392793998
leaf_count=205940 276 23858 1041 21453 6 1914
internal_value=-0.0010248 -0.00118828 0.0127283 -0.00254224 0.122458 0.148667
internal_weight=933.775 932.541 82.6834 849.857 1.23458 1.01633
internal_count=254488 252292 24899 227393 2196 1920
is_linear=0
shrinkage=0.12


Tree=758
num_leaves=6
num_cat=0
split_feature=27 84 43 61 54
split_gain=1.20757 2.05706 1.20931 1.12381 0.00120234
threshold=1.0000000180025095e-35 1.0000000180025095e-35 -58.451850891113274 6.6177084445953378 0.21232016384601596
decision_type=2 2 2 2 2
left_child=2 4 -1 -4 -2
right_child=1 -3 3 -5 -6
leaf_value=-0.066412788623284244 -0.12206436234673343 0.0069566206184068727 -0.0018753912606253691 0.010483449470451569 -0.12682711170388791
leaf_weight=3.994117202260667 1.6132120817915407 3.9188999719912943 800.83487893583106 122.10429443266457 1.4486901722082199
leaf_count=420 468 254 204730 48438 178
internal_value=-0.000899924 -0.0506226 -0.000525459 -0.000240324 -0.124318
internal_weight=933.914 6.9808 926.933 922.939 3.0619
internal_count=254488 900 253588 253168 646
is_linear=0
shrinkage=0.12


Tree=759
num_leaves=7
num_cat=0
split_feature=27 84 47 68 47 46
split_gain=1.00145 1.88448 0.995462 3.28236 3.05422 0.000727473
threshold=1.0000000180025095e-35 1.0000000180025095e-35 0.2242395952343941 2.5000000000000004 0.21333836019039157 0.51320075988769542
decision_type=2 2 2 2 2 2
left_child=2 5 4 -4 -1 -2
right_child=1 -3 3 -5 -6 -7
leaf_value=-0.0011334225038789161 -0.1218352612769656 0.006134697484894089 0.013448381457126008 -0.03838156100635666 -0.049749722006437666 -0.12575765142862436
leaf_weight=731.13691003848737 1.3277579007117304 3.9112013090176845 156.97200532623884 19.816067151214327 19.093919005143221 1.3975969117403506
leaf_count=193993 431 254 47346 6547 5702 215
internal_value=-0.000794392 -0.0472432 -0.000461864 0.00763879 -0.00237074 -0.123847
internal_weight=933.655 6.63656 927.019 176.788 750.231 2.72535
internal_count=254488 900 253588 53893 199695 646
is_linear=0
shrinkage=0.12


Tree=760
num_leaves=8
num_cat=0
split_feature=61 35 2 21 41 76 57
split_gain=1.60925 6.61652 10.503 3.39436 1.60161 3.54798 2.91283
threshold=20.296875000000004 284.81428527832037 382.51499938964849 0.24635417014360431 0.18424042314291003 0.96823161840438854 6.4140625000000009
decision_type=2 2 2 2 2 2 2
left_child=4 2 -2 -3 6 -6 -1
right_child=1 3 -4 -5 5 -7 -8
leaf_value=5.7775679361748723e-05 -1.2127873041258783 -0.27139585033587954 0.12032499306233232 0.0065730987090995337 0.012828370722197901 -0.058833385310237366 -0.023415481633398589
leaf_weight=634.60028764209551 0.17829674101517401 0.732760845086874 0.16281586639729539 4.6278693993050526 196.92205221775069 10.478132209271591 86.502341699983049
leaf_count=177561 23 1081 899 3056 39124 829 31779
internal_value=-0.000475483 -0.064032 -0.576482 -0.0314233 -8.51957e-05 0.00920792 -0.00275804
internal_weight=934.205 5.70174 0.341113 5.36063 928.503 207.4 721.103
internal_count=254352 5059 922 4137 249293 39953 209340
is_linear=0
shrinkage=0.12


Tree=761
num_leaves=8
num_cat=0
split_feature=88 29 28 13 55 19 88
split_gain=1.29259 4.85029 7.06403 3.35381 6.95746 5.09247 2.27178
threshold=0.94595715403556835 4.3908841609954843 38.880989074707038 1.3938000202178957 0.098412863910198226 0.35312499105930334 0.64335712790489208
decision_type=2 2 2 2 2 2 2
left_child=1 2 -1 4 -2 -5 -3
right_child=3 6 -4 5 -6 -7 -8
leaf_value=0.019110959328165481 -0.072478416228296816 0.002808785322881072 -0.075830645068869912 0.041766715355175822 0.017746279440023032 -0.023627184264096338 -0.016057866413726762
leaf_weight=18.316494059323926 18.763398439914994 636.44838885695503 29.396619959214892 65.10964291160262 35.768684278992154 23.279246874145201 107.41637413355056
leaf_count=879 753 185283 12951 22648 1258 3550 27030
internal_value=-0.000398221 -0.00229459 -0.0393837 0.010105 -0.0132982 0.0245437 8.43824e-05
internal_weight=934.499 791.578 47.7131 142.921 54.5321 88.3889 743.865
internal_count=254352 226143 13830 28209 2011 26198 212313
is_linear=0
shrinkage=0.12


Tree=762
num_leaves=8
num_cat=0
split_feature=41 41 7 57 54 41 28
split_gain=1.26041 3.87326 3.24192 2.63912 4.33328 2.39812 2.38662
threshold=0.18424042314291003 0.20026889443397525 4.739150047302247 7.0395832061767587 0.33321993052959448 0.17761925607919696 54.96614074707032
decision_type=2 2 2 2 2 2 2
left_child=3 6 -3 5 -5 -1 -2
right_child=1 2 -4 4 -6 -7 -8
leaf_value=0.00054915252129221579 0.12089481725286601 0.03820886747269734 -0.0044051333826958874 -0.011334713533299151 -0.091660010047908649 -0.055208004643106393 0.030723031020993954
leaf_weight=645.92638494653124 6.0682818129600777 30.714798572771883 157.6908624448896 55.035987278121254 11.732800944260175 11.302250642465763 13.927976070898939
leaf_count=180746 1183 18408 17281 22724 7827 2216 3967
internal_value=-0.000351831 0.00787163 0.00254201 -0.00271894 -0.0254497 -0.000409694 0.0580875
internal_weight=932.399 208.402 188.406 723.997 66.7688 657.229 19.9963
internal_count=254352 40839 35689 213513 30551 182962 5150
is_linear=0
shrinkage=0.12


Tree=763
num_leaves=8
num_cat=0
split_feature=63 63 41 74 62 51 62
split_gain=1.22692 5.18298 3.11334 3.0272 1.96009 4.35311 4.07587
threshold=4.4853413105010995 4.7126810550689706 0.06830113381147386 4.5000000000000009 -1.8500878810882566 0.036856327205896385 -1.6348974704742429
decision_type=2 2 2 2 2 2 2
left_child=4 2 -2 -3 5 -1 -6
right_child=1 3 -4 -5 6 -7 -8
leaf_value=0.17828210252000676 0.087687428255777092 0.13141151445327554 -0.15257993383581689 -0.0061813454005158197 -0.08478075899352501 0.014134088947483798 0.00088131390823062905
leaf_weight=2.3860714062730599 0.91285834692892454 2.3254697114568321 5.2029909549063005 233.76687886698517 8.1090275091823951 93.079825279219392 586.49827138113642
leaf_count=447 1123 355 931 71458 2138 16134 161766
internal_value=-0.000303379 -0.00765138 -0.116717 -0.00482608 0.00227569 0.0182368 -0.000286913
internal_weight=932.281 242.208 6.11585 236.092 690.073 95.4659 594.607
internal_count=254352 73867 2054 71813 180485 16581 163904
is_linear=0
shrinkage=0.12


Tree=764
num_leaves=8
num_cat=0
split_feature=51 51 0 51 66 2 49
split_gain=1.25865 4.18269 6.18223 6.15838 4.02463 6.39221 3.46154
threshold=0.26047316193580633 0.24937807768583301 72.657600402832045 0.24445559084415439 11.763020515441896 323.56500244140631 1.8510416746139529
decision_type=2 2 2 2 2 2 2
left_child=1 3 -3 -1 6 -6 -2
right_child=4 2 -4 -5 5 -7 -8
leaf_value=-0.0017921324354775469 0.01804016833171334 -0.035313665419244016 -0.26561771226875164 0.13300468962377204 -0.2995516913703643 0.085184186912369786 -0.054031840879583383
leaf_weight=768.30155149325776 130.95397332938006 12.918458129376175 1.9290706040158045 4.9117594007358312 1.4912838226459819 1.0666306036307558 10.354994293470268
leaf_count=209854 34259 3391 342 1906 814 1526 2260
internal_value=-0.000263034 -0.0021473 -0.065236 -0.000935849 0.0100584 -0.13912 0.0127588
internal_weight=931.928 788.061 14.8475 773.213 143.867 2.55791 141.309
internal_count=254352 215493 3733 211760 38859 2340 36519
is_linear=0
shrinkage=0.12


Tree=765
num_leaves=8
num_cat=0
split_feature=41 77 14 45 53 51 53
split_gain=1.85259 5.02095 4.95584 3.52271 1.39228 2.94069 2.66901
threshold=0.39992164075374609 1.0000000180025095e-35 -1.6873000264167783 1.0078125000000002 2.5260417461395268 0.10339476913213731 2.4757812023162846
decision_type=2 2 2 2 2 2 2
left_child=4 3 -3 -2 6 -6 -1
right_child=1 2 -4 -5 5 -7 -8
leaf_value=0.0021826081366509058 0.054251875829896046 -0.13872759024619538 -0.024356304173642734 -0.075126836871877017 0.021367447957758148 -0.030254156939339409 0.03945962290597544
leaf_weight=778.5084011264621 14.302259213353723 7.359460922680884 21.089467757788498 3.8452705742501498 23.337081966607499 49.803632100946814 28.677486551332663
leaf_count=222336 3167 104 3629 533 7286 12065 5318
internal_value=0.000836195 -0.022482 -0.053943 0.0268379 0.00207045 -0.0137832 0.00350698
internal_weight=926.923 46.5965 28.4489 18.1475 880.327 73.1407 807.186
internal_count=254438 7433 3733 3700 247005 19351 227654
is_linear=0
shrinkage=0.12


Tree=766
num_leaves=7
num_cat=0
split_feature=23 84 46 85 6 15
split_gain=1.93448 5.69302 3.39211 2.60389 7.26165 4.37807
threshold=0.14616250246763232 1.0000000180025095e-35 0.51139622926712047 0.62500000000000011 5.9916999340057382 1.9634459614753725
decision_type=2 2 2 2 2 2
left_child=1 2 -1 4 -2 -5
right_child=3 -3 -4 5 -6 -7
leaf_value=-0.054369435501359552 -0.016825534107205789 0.055469027355504331 0.0080836229736582516 -0.0130771106228226 0.018201159428469674 0.012827846920992488
leaf_weight=39.05486607734791 116.39667188433441 12.345919533270289 18.434897925962773 280.80064425323667 318.32360624207098 141.18052810755654
leaf_count=906 88844 524 418 14821 31210 117715
internal_value=0.00073915 -0.0184655 -0.034343 0.00230466 0.00882274 -0.00441019
internal_weight=926.537 69.8357 57.4898 856.701 434.72 421.981
internal_count=254438 1848 1324 252590 120054 132536
is_linear=0
shrinkage=0.12


Tree=767
num_leaves=7
num_cat=0
split_feature=66 13 0 23 47 41
split_gain=1.72814 3.52428 2.74943 1.99572 5.73533 1.74603
threshold=11.581770896911623 2.432999968528748 91.325149536132827 9.4822750091552752 0.16879564523696902 0.39992164075374609
decision_type=2 2 2 2 2 2
left_child=3 -2 -3 5 -5 -1
right_child=1 2 -4 4 -6 -7
leaf_value=0.00098034178337501852 -0.28413762473797621 0.025964164599122014 -0.35862388093067898 -0.018262456493025787 -0.39859720825230344 -0.023408564926571031
leaf_weight=820.62880269790003 0.5393795877302513 55.036343493784955 0.26898687853395031 3.177327274667618 0.69600430992272766 44.56530881828769
leaf_count=182865 195 63020 697 1564 794 5303
internal_value=0.000654208 0.0211166 0.0240937 -0.000660667 -0.0866053 -0.000275907
internal_weight=924.912 55.8447 55.3053 869.067 3.87333 865.194
internal_count=254438 63912 63717 190526 2358 188168
is_linear=0
shrinkage=0.12


Tree=768
num_leaves=7
num_cat=0
split_feature=23 84 7 57 81 57
split_gain=1.50649 4.48106 3.33125 2.34287 3.59102 2.75346
threshold=0.14616250246763232 1.0000000180025095e-35 10.956449985504152 3.7890625000000004 1.0000000180025095e-35 3.7140625715255742
decision_type=2 2 2 2 2 2
left_child=1 2 -1 5 -5 -2
right_child=3 -3 -4 4 -6 -7
leaf_value=-0.047258183700015638 -0.0010599027989520113 0.04969486834554572 0.019785957306564968 0.018130965710026946 -0.033137458682134489 -0.10576462604673838
leaf_weight=42.810905320008004 638.65798268704589 12.159050530834547 14.215852400750121 191.41039118723563 21.927127702386542 3.6372597732225804
leaf_count=750 177092 524 574 70697 3425 1376
internal_value=0.000588859 -0.0164434 -0.0305452 0.00196607 0.0128615 -0.00165284
internal_weight=924.819 69.1858 57.0268 855.633 213.338 642.295
internal_count=254438 1848 1324 252590 74122 178468
is_linear=0
shrinkage=0.12


Tree=769
num_leaves=8
num_cat=0
split_feature=57 53 61 61 19 61 53
split_gain=1.35312 1.48851 1.38163 1.26623 3.5908 1.43628 0.119882
threshold=15.784375190734865 2.2260416746139531 15.731250286102297 20.296875000000004 0.25546874105930334 6.6770834922790536 2.4239583015441899
decision_type=2 2 2 2 2 2 2
left_child=3 2 -2 5 -5 -1 -3
right_child=1 6 -4 4 -6 -7 -8
leaf_value=-0.0013677021542713389 -0.04380145787090528 0.13525684522040754 0.08177545033246722 -0.3349691474401959 -0.022892293331623955 0.013053179771126109 0.075295466817419249
leaf_weight=796.88417969617353 2.8432644468527526 2.1120269834679002 2.2680116823643033 0.60049576645985681 4.5824256919157733 113.63458570681462 0.62141774667458394
leaf_count=203335 2010 1078 2231 1162 1888 42157 577
internal_value=0.000520523 0.0501464 0.0119204 9.53833e-05 -0.0590497 0.000432053 0.121625
internal_weight=923.546 7.84472 5.11128 915.702 5.18292 910.519 2.73344
internal_count=254438 5896 4241 248542 3050 245492 1655
is_linear=0
shrinkage=0.12


Tree=770
num_leaves=8
num_cat=0
split_feature=16 90 19 1 81 1 47
split_gain=1.52872 2.88835 2.30792 1.91262 5.68355 2.48686 1.65197
threshold=1.2970045208930971 0.25002500414848333 0.27682292461395269 17.958049774169925 1.0000000180025095e-35 17.870550155639652 0.14680394530296328
decision_type=2 2 2 2 2 2 2
left_child=1 2 -1 5 -5 -2 -3
right_child=3 6 -4 4 -6 -7 -8
leaf_value=0.0080487216343002686 -0.00078156733206109167 -0.090634555018244176 -0.026764793942502387 0.0166472223157473 -0.04064916910767534 -0.073797933725199771 -0.014915148808343817
leaf_weight=75.087941033120956 511.47673750775942 9.5451884141820091 43.196006152759622 241.33584584663646 27.802329906812076 6.8063576983765293 7.3392593689747221
leaf_count=1422 223201 401 821 25360 1729 963 310
internal_value=0.000497535 -0.0112923 -0.00466479 0.00252137 0.0107284 -0.00174046 -0.0577212
internal_weight=922.59 135.168 118.284 787.421 269.138 518.283 16.8844
internal_count=254207 2954 2243 251253 27089 224164 711
is_linear=0
shrinkage=0.12


Tree=771
num_leaves=8
num_cat=0
split_feature=6 13 47 2 24 10 72
split_gain=1.37399 4.47236 8.8444 2.84741 2.34086 2.82341 2.79274
threshold=6.7311000823974618 3.3161499500274663 0.22046860307455066 188.57500457763675 1.445591986179352 2.5000000000000004 21.364583015441898
decision_type=2 2 2 2 2 2 2
left_child=1 2 -1 -3 6 -6 -2
right_child=4 3 -4 -5 5 -7 -8
leaf_value=-0.043102479420457036 0.0012316862339656284 0.01075456471373978 -0.37952277604782519 -0.015011059140145895 0.016568438381638666 -0.0040637643971122989 -0.028786393691862942
leaf_weight=13.481256295020271 189.67036539971917 114.99852356594519 1.2277797841875884 133.42169927730541 258.26367000688913 151.55718233837882 58.36301737107749
leaf_count=4624 3749 34563 978 165459 37621 5979 1234
internal_value=0.000438226 -0.00689048 -0.0711839 -0.00308365 0.00336957 0.00893838 -0.00583166
internal_weight=920.983 263.129 14.709 248.42 657.854 409.821 248.033
internal_count=254207 205624 5602 200022 48583 43600 4983
is_linear=0
shrinkage=0.12


Tree=772
num_leaves=8
num_cat=0
split_feature=88 53 58 41 88 28 6
split_gain=1.35657 3.51999 2.6127 2.50785 1.71684 4.1646 1.39729
threshold=1.2999285459518435 2.3322916030883794 -1.0000000180025095e-35 0.078183617442846312 1.2795857191085818 48.665269851684577 6.7311000823974618
decision_type=2 2 2 2 2 2 2
left_child=4 3 -3 -2 6 -6 -1
right_child=1 2 -4 -5 5 -7 -8
leaf_value=-0.0073746703295492063 0.12641473709354512 0.027221322753294294 -0.12167991123721102 0.022814023435886188 -0.16278234462603122 0.011617421026491307 0.0031808914679160019
leaf_weight=251.52619290964776 5.7182137854162098 3.7809164140346638 3.0785739352568262 8.1747244426530745 3.1713770142836193 5.2123326770210952 640.29540853679146
leaf_count=202307 877 672 389 1255 242 794 47671
internal_value=0.000395005 0.0307282 -0.0396063 0.0654552 -0.000304267 -0.0543543 0.000203838
internal_weight=920.958 20.7524 6.85949 13.8929 900.205 8.38371 891.822
internal_count=254207 3193 1061 2132 251014 1036 249978
is_linear=0
shrinkage=0.12


Tree=773
num_leaves=8
num_cat=0
split_feature=53 49 59 1 16 19 53
split_gain=1.25299 3.55587 4.36659 3.4495 2.06088 3.23923 2.56415
threshold=1.8239583373069765 0.85885417461395275 -0.11488297581672667 14.99739980697632 0.76515501737594616 0.25807291269302374 2.0239583253860478
decision_type=2 2 2 2 2 2 2
left_child=1 3 -3 -1 5 -2 -6
right_child=4 2 -4 -5 6 -7 -8
leaf_value=0.023056676701258161 0.018614873142403947 -0.091389118508556799 -0.014267975270796113 -0.012214119942288293 0.019610984743979203 -0.058550913673998228 0.00073425571148603682
leaf_weight=80.480561697350652 13.464455214773542 11.669050819295277 112.45289058913957 79.244847076636518 132.77654118640521 18.73088807299397 471.92414984931168
leaf_count=28936 289 1512 43476 8306 43817 460 127411
internal_value=0.000348772 -0.00628222 -0.0215183 0.00555771 0.00330402 -0.0262793 0.00487909
internal_weight=920.743 283.847 124.122 159.725 636.896 32.1953 604.701
internal_count=254207 82230 44988 37242 171977 749 171228
is_linear=0
shrinkage=0.12


Tree=774
num_leaves=8
num_cat=0
split_feature=88 29 88 2 21 29 23
split_gain=1.13354 3.12125 3.5941 2.97163 2.49201 3.51692 2.38198
threshold=1.1230713725090029 3.4596813917160039 1.1178428530693056 186.02500152587893 0.2963541597127915 3.4596813917160039 5.7278668880462655
decision_type=2 2 2 2 2 2 2
left_child=1 3 -3 -1 5 -2 -6
right_child=4 2 -4 -5 6 -7 -8
leaf_value=-0.055146274519232132 0.048948138449895283 0.00088816283232463669 -0.20223033803545579 0.022214250562101398 -0.017043476327083123 -0.042173971640873754 0.094459792278351926
leaf_weight=27.47611620348555 36.021980339284916 799.89614565410159 1.2564230606382114 9.6655042090462278 35.599376941556628 7.3424977939668628 2.9905875055662809
leaf_count=11625 8075 224073 322 3984 2224 2154 1750
internal_value=0.00030987 -0.00100698 0.000569618 -0.0350145 0.0137796 0.0335193 -0.00840236
internal_weight=920.249 838.294 801.153 37.1416 81.9544 43.3645 38.59
internal_count=254207 240004 224395 15609 14203 10229 3974
is_linear=0
shrinkage=0.12


Tree=775
num_leaves=8
num_cat=0
split_feature=66 51 15 66 55 54 61
split_gain=1.10124 2.84403 11.1642 2.81085 9.88319 1.20007 1.06674
threshold=11.78177070617676 0.24937807768583301 4.0726680755615243 11.741927146911623 0.05211255885660649 -0.052744787186384194 20.296875000000004
decision_type=2 2 2 2 2 2 2
left_child=3 5 -3 6 -5 -2 -1
right_child=1 2 -4 4 -6 -7 -8
leaf_value=0.00065870247068193001 -0.02761684071218936 -0.84525746220603837 0.021933970505685234 -0.59044480805891331 -0.035440722118635359 0.087949574789885104 -0.0516041292137508
leaf_weight=903.87674329317053 1.5799555947903616 0.24864624493102283 1.5243704462623098 0.50428838083382643 5.513142713321372 7.1470290483961199 5.6590745477948294
leaf_count=231506 503 435 1678 576 5885 9342 4465
internal_value=0.000235861 0.0388772 -0.0996802 -0.000207295 -0.0819526 0.0670271 0.000333526
internal_weight=926.053 10.5 1.77302 915.553 6.01743 8.72698 909.536
internal_count=254390 11958 2113 242432 6461 9845 235971
is_linear=0
shrinkage=0.12


Tree=776
num_leaves=8
num_cat=0
split_feature=49 63 31 53 45 88 51
split_gain=1.00441 4.54557 5.23428 3.57136 1.88077 2.1913 1.66494
threshold=1.6098958253860476 3.5517952442169194 0.29921875894069677 1.9489583373069765 1.0635416507720949 0.89649999141693126 0.50885421037673961
decision_type=2 2 2 2 2 2 2
left_child=4 2 -2 -3 6 -6 -1
right_child=1 3 -4 -5 5 -7 -8
leaf_value=0.002067458830298905 -0.17854557707818902 0.13464788204955794 0.0099872093185440908 -0.036322748013787036 0.016602207881928701 0.10346490684155563 -0.032838361039001722
leaf_weight=689.43197804726708 2.1593174100542276 1.8060899079284798 118.07040807403388 67.990799736691912 21.416740875194709 5.1969775155102971 20.255376031545325
leaf_count=196329 488 876 27709 17638 5094 1219 5037
internal_value=0.000238274 -0.00753983 0.00660117 -0.0318986 0.00224567 0.0335643 0.0010712
internal_weight=926.328 190.027 120.23 69.7969 736.301 26.6137 709.687
internal_count=254390 46711 28197 18514 207679 6313 201366
is_linear=0
shrinkage=0.12


Tree=777
num_leaves=8
num_cat=0
split_feature=1 16 81 81 47 90 50
split_gain=1.02967 2.79371 10.2961 7.29421 2.35623 6.95216 2.17903
threshold=16.453400611877445 2.6579200029373173 1.0000000180025095e-35 1.0000000180025095e-35 0.59344822168350231 0.73945000767707836 0.30917793512344366
decision_type=2 2 2 2 2 2 2
left_child=4 2 -2 -3 6 -6 -1
right_child=1 3 -4 -5 5 -7 -8
leaf_value=0.0016061323283232145 0.006009434732222459 0.0093438810834952923 -0.055830151916250952 0.10470298062541167 -0.011362016530743837 -0.4164305770650949 -0.018527060278176296
leaf_weight=314.89489175505582 354.12586440531305 93.843172446237702 43.537019604587442 13.172253549350101 2.7249715279045286 0.78615810234362005 102.6432863931534
leaf_count=110000 10833 33134 705 2063 2538 538 94579
internal_value=0.000215176 0.00387069 -0.000760901 0.0210814 -0.00416639 -0.102059 -0.0033432
internal_weight=925.728 504.678 397.663 107.015 421.049 3.51113 417.538
internal_count=254390 46735 11538 35197 207655 3076 204579
is_linear=0
shrinkage=0.12


Tree=778
num_leaves=7
num_cat=0
split_feature=66 7 66 61 76 2
split_gain=0.962565 2.62216 1.86236 6.60711 1.45245 1.16828
threshold=11.78177070617676 8.8716497421264666 11.741927146911623 1.0000000180025095e-35 0.075815152376890196 128.33499908447268
decision_type=2 2 2 2 2 2
left_child=2 5 4 -4 -1 -2
right_child=1 -3 3 -5 -6 -7
leaf_value=-0.05654628670607699 -0.057757012832808624 -0.1417281564258055 -0.21593875457760539 0.032487960056628691 0.00064981474672586644 0.072425311415987112
leaf_weight=6.4390583022873207 1.1286333321757513 1.067830588149717 2.5256867803959713 3.9566879870750427 901.55762216427536 8.2404046286158614
leaf_count=13021 122 232 1773 4688 222950 11604
internal_value=0.00020021 0.0364368 -0.000213355 -0.064305 0.000244209 0.056743
internal_weight=924.916 10.4369 914.479 6.48237 907.997 9.36904
internal_count=254390 11958 242432 6461 235971 11726
is_linear=0
shrinkage=0.12


Tree=779
num_leaves=7
num_cat=0
split_feature=44 3 23 6 63 51
split_gain=0.920055 2.05812 0.935616 3.46756 2.48045 0.409911
threshold=19999987.000000004 0.38417001068592077 7.0564415454864511 3.0609500408172612 -1.0942116379737852 0.079151574522256865
decision_type=2 2 2 2 2 2
left_child=2 -2 3 -1 -4 -3
right_child=1 5 4 -5 -6 -7
leaf_value=-0.047860456494158661 -0.04672305453110203 0.28217612677893777 -0.2054966687755268 0.00018631408516799739 0.016012967991653148 0.12741420336180356
leaf_weight=22.206421104595051 0.90672173980703863 0.48642286699032411 0.73597099269318178 833.3684728971225 66.882278296681989 0.49953970986689455
leaf_count=18663 143 171 787 155353 78828 445
internal_value=0.000184571 0.0837649 1.32183e-05 -0.00106074 0.013602 0.203766
internal_weight=925.086 1.89268 923.193 855.575 67.6182 0.985963
internal_count=254390 759 253631 174016 79615 616
is_linear=0
shrinkage=0.12


Tree=780
num_leaves=7
num_cat=0
split_feature=24 88 37 22 57 88
split_gain=1.97805 2.81612 5.42931 1.50725 5.68338 3.02133
threshold=0.81030231714248668 0.37225000560283666 1.0000000180025095e-35 0.24310000240802768 0.24635417014360431 0.9194999933242799
decision_type=2 2 2 2 2 2
left_child=1 2 -1 4 -2 -5
right_child=3 -3 -4 5 -6 -7
leaf_value=-0.024197563985595687 0.03237420142195882 -0.053205403431420203 0.047991499855940624 0.0029011172224405911 -0.037660985056267665 0.024574201121647505
leaf_weight=50.846166743476033 26.226812834938421 20.598973688702898 21.281917165423152 653.68153598664117 45.863834450678262 107.91370726165962
leaf_count=1179 909 423 459 220099 1673 29818
internal_value=0.00255298 -0.0140733 -0.00289765 0.00440225 -0.012182 0.00597207
internal_weight=926.413 92.7271 72.1281 833.686 72.0906 761.595
internal_count=254560 2061 1638 252499 2582 249917
is_linear=0
shrinkage=0.12


Tree=781
num_leaves=8
num_cat=0
split_feature=71 57 79 16 77 22 71
split_gain=2.12354 2.62021 6.33809 1.43971 2.03445 1.32592 1.32247
threshold=151.50000000000003 21.300000190734867 1.0000000180025095e-35 1.0640814900398257 1.0000000180025095e-35 0.14085000008344653 148.50000000000003
decision_type=2 2 2 2 2 2 2
left_child=3 5 -3 4 -1 -2 -5
right_child=1 2 -4 6 -6 -7 -8
leaf_value=-0.0029731574829807345 -0.074247883104586437 0.11963923019127234 -1.045419851527545 0.0036412089422186381 -0.046304145671030188 0.099157847061917381 -0.064992482253590528
leaf_weight=69.405062588339433 0.70636114495678626 0.19510512033238558 0.10259820415978993 823.57869913855973 20.128286723886504 6.2823565361968576 4.0626706055901414
leaf_count=1592 61 952 278 242313 406 7483 1475
internal_value=0.00225319 0.0667794 -0.281878 0.00174057 -0.0127145 0.0816314 0.0033043
internal_weight=924.461 7.28642 0.297703 917.175 89.5333 6.98872 827.641
internal_count=254560 8774 1230 245786 1998 7544 243788
is_linear=0
shrinkage=0.12


Tree=782
num_leaves=8
num_cat=0
split_feature=71 19 57 61 54 66 29
split_gain=1.82515 1.83523 1.48951 1.14978 5.2238 1.65424 0.651013
threshold=151.50000000000003 0.24296875298023227 21.300000190734867 9.7958331108093279 0.39642150700092321 10.158854484558107 6.1685874462127694
decision_type=2 2 2 2 2 2 2
left_child=3 2 -2 5 -5 -1 -3
right_child=1 6 -4 4 -6 -7 -8
leaf_value=-0.00072996883488432292 0.0063519788794881363 0.028433543737825421 -0.2935203989380708 -0.0051040911262699622 -0.15749939723057196 0.010986159531451952 0.12571573978257758
leaf_weight=634.50591840609331 1.5478886691927964 1.3432913713943895 0.28197670265490149 39.305696185045122 3.5298389322763333 238.86664035619049 3.7724514447796764
leaf_count=119353 1778 506 379 19369 2588 104476 6111
internal_value=0.00199751 0.0632799 -0.0398574 0.00153294 -0.0176621 0.00247438 0.100171
internal_weight=923.154 6.94561 1.82987 916.208 42.8355 873.373 5.11574
internal_count=254560 8774 2157 245786 21957 223829 6617
is_linear=0
shrinkage=0.12


Tree=783
num_leaves=8
num_cat=0
split_feature=71 19 28 8 58 29 22
split_gain=1.52025 1.57178 1.26885 1.09282 2.80942 1.04589 0.957112
threshold=151.50000000000003 0.24296875298023227 94.564304351806655 14.240553855895998 -5.5954370498657218 6.1685874462127694 0.14085000008344653
decision_type=2 2 2 2 2 2 2
left_child=3 2 -2 5 -5 -1 -3
right_child=1 6 -4 4 -6 -7 -8
leaf_value=-0.0054646958444563775 0.0095784528097264607 -0.05957024883944291 -0.25841028038498137 -0.062561531826755445 0.0036059620787951183 0.0044990100703263198 0.11489744357382252
leaf_weight=195.48475678940099 1.5975974602950955 0.50729874992414092 0.30260283306711233 13.540547069513847 29.096417565522898 677.452638427588 4.2138642219550206
leaf_count=28474 2050 51 107 283 685 216344 6566
internal_value=0.00176584 0.0590587 -0.0330982 0.00135151 -0.0174074 0.00226775 0.0961505
internal_weight=922.196 6.62136 1.9002 915.574 42.637 872.937 4.72116
internal_count=254560 8774 2157 245786 968 244818 6617
is_linear=0
shrinkage=0.12


Tree=784
num_leaves=8
num_cat=0
split_feature=71 72 0 2 0 23 29
split_gain=1.26594 1.45373 1.0372 2.94387 1.66479 1.0129 0.229947
threshold=151.50000000000003 43.218750000000007 101.99020004272462 149.004997253418 92.49280166625978 6.8738167285919198 5.2616722583770761
decision_type=2 2 2 2 2 2 2
left_child=2 6 4 -4 -1 -3 -2
right_child=1 5 3 -5 -6 -7 -8
leaf_value=0.00077866810858357588 0.053043871918865566 -0.04430534192425227 0.12712988914468767 -0.032608947218717411 0.026109434189255175 0.12294268110531796 0.12696627786160927
leaf_weight=848.72520459268048 0.79503709343946249 2.282878340796016 1.7791223218740935 25.09639513611328 39.082027339834667 0.67580595174783287 2.5478036560585053
leaf_count=221971 394 1748 533 9396 13886 2934 3698
internal_value=0.00155996 0.055161 0.00119068 -0.0220345 0.00189375 -0.00610349 0.109385
internal_weight=920.984 6.30153 914.683 26.8755 887.807 2.95868 3.34284
internal_count=254560 8774 245786 9929 235857 4682 4092
is_linear=0
shrinkage=0.12


Tree=785
num_leaves=7
num_cat=0
split_feature=43 68 28 28 69 28
split_gain=1.73437 2.33493 2.53077 1.42319 4.46074 1.53682
threshold=-4.1983833312988272 2.5000000000000004 56.041898727416999 152.29668426513675 15.500000000000002 148.35223388671878
decision_type=2 2 2 2 2 2
left_child=1 2 -1 5 -5 -2
right_child=3 -3 -4 4 -6 -7
leaf_value=-0.048236864600737346 -0.00041114503161330076 -0.15237077461429274 0.067240540285490147 0.094688863765821613 -0.12325706405766522 0.14131069558503803
leaf_weight=11.972945480503087 898.20439985618452 2.2625046928943666 3.5411750238954474 1.9423059677792824 4.4517599344387335 1.1031729001205111
leaf_count=3305 247940 491 1061 737 356 304
internal_value=-0.00136697 -0.0384869 -0.0218786 -0.000638398 -0.0570523 -0.000237296
internal_weight=923.478 17.7766 15.5141 905.702 6.39407 899.308
internal_count=254194 4857 4366 249337 1093 248244
is_linear=0
shrinkage=0.12


Tree=786
num_leaves=8
num_cat=0
split_feature=43 20 43 28 63 28 6
split_gain=1.33094 2.08336 2.60536 2.58074 1.24445 1.91775 1.23906
threshold=-4.1983833312988272 19.363655090332035 -6.1274421215057364 52.50726509094239 -1.0942116379737852 52.50726509094239 0.27824999392032629
decision_type=2 2 2 2 2 2 2
left_child=1 2 -1 -3 5 -2 -6
right_child=4 3 -4 -5 6 -7 -8
leaf_value=-0.047263846343983104 0.096243101719843654 -0.041936811808538317 -0.23067443627181172 0.080267210258252272 -0.045822862587395236 0.0025618635856632654 -0.00066717280263633918
leaf_weight=4.9663232872984935 4.8205892220920967 7.8109044980735671 1.4382570858329753 3.6519773460563556 8.8379966486752419 9.0617385057598305 882.97988634429191
leaf_count=1506 1470 1537 687 1127 5784 1914 240169
internal_value=-0.00119953 -0.0336325 -0.0884518 -0.00300364 -0.000559699 0.0350923 -0.00111467
internal_weight=923.568 17.8675 6.40458 11.4629 905.7 13.8823 891.818
internal_count=254194 4857 2193 2664 249337 3384 245953
is_linear=0
shrinkage=0.12


Tree=787
num_leaves=8
num_cat=0
split_feature=57 49 8 2 6 5 62
split_gain=1.48426 2.98339 2.69784 1.7885 5.76629 2.37734 0.101895
threshold=7.402083396911622 1.838541626930237 5.2291860580444345 306.82499694824224 9.5242500305175799 0.8740999996662141 -3.3638296127319331
decision_type=2 2 2 2 2 2 2
left_child=3 2 -2 5 -5 -1 -3
right_child=1 6 -4 4 -6 -7 -8
leaf_value=-0.044510999554417084 0.026069596900758753 0.15486707056470114 -0.033663706206433594 0.0030047717154623368 0.065301225301923838 -0.0020118521046634057 0.10092300173641788
leaf_weight=19.619907771321778 13.547684088188388 0.9296783535061216 55.459175760394032 251.63721358592306 23.384268018422517 558.17444299347699 1.1018246185625145
leaf_count=11836 16654 148 16143 83146 607 125095 565
internal_value=-0.00105183 -0.0177172 -0.0219366 0.000336377 0.00830166 -0.00345498 0.125609
internal_weight=923.854 71.0384 69.0069 852.816 275.021 577.794 2.0315
internal_count=254194 33510 32797 220684 83753 136931 713
is_linear=0
shrinkage=0.12


Tree=788
num_leaves=7
num_cat=0
split_feature=74 57 73 11 57 76
split_gain=1.2015 1.8231 1.21969 3.12487 1.83976 0.903339
threshold=59.500000000000007 7.9520833492279062 3502.1577148437505 1.0000000180025095e-35 7.402083396911622 0.058160915970802314
decision_type=2 2 2 2 2 2
left_child=2 -2 4 -4 -1 -3
right_child=1 5 3 -5 -6 -7
leaf_value=1.3783926254556081e-05 -0.44976245058146624 -0.11809016967379013 0.008353002901711171 0.13364606540899227 -0.021586916436423003 0.10569590145100764
leaf_weight=838.49686913522225 0.19562126696110027 0.95156468024708807 19.931577335689102 3.3478985267996668 60.903163269750394 0.35726683127620262
leaf_count=214271 1 1918 14591 1955 21017 441
internal_value=-0.000921704 -0.108074 -0.000746989 0.0263718 -0.00144891 -0.0570041
internal_weight=924.184 1.50445 922.68 23.2795 899.4 1.30883
internal_count=254194 2360 251834 16546 235288 2359
is_linear=0
shrinkage=0.12


Tree=789
num_leaves=7
num_cat=0
split_feature=49 6 75 49 47 13
split_gain=1.13419 3.39135 2.5218 2.06669 2.74444 1.72105
threshold=1.8635416626930239 9.0883502960205096 11.500000000000002 1.8510416746139529 0.31543232500553137 0.2902000099420548
decision_type=2 2 2 2 2 2
left_child=3 2 -2 5 -5 -1
right_child=1 -3 -4 4 -6 -7
leaf_value=-0.051354052377440743 -0.0018505653896348224 0.097473138466480258 0.14080536034403524 0.016068588239468939 -0.14911484220265123 -0.00074740428811767221
leaf_weight=9.7870781076824169 39.948999835809076 6.5356338789014492 1.8678339131367909 2.6859359503939677 3.1435080359456151 860.36260591911207
leaf_count=871 10992 289 1014 746 186 240096
internal_value=-0.000806104 0.0170854 0.00452145 -0.00179368 -0.073006 -0.00131661
internal_weight=924.332 48.3525 41.8168 875.979 5.82944 870.15
internal_count=254194 12295 12006 241899 932 240967
is_linear=0
shrinkage=0.12


Tree=790
num_leaves=8
num_cat=0
split_feature=22 85 20 8 57 69 57
split_gain=1.3701 6.94781 7.63497 3.20504 2.11113 6.375 3.35723
threshold=0.24310000240802768 0.37500000000000006 28.994255065917972 11.328137874603273 0.38203124701976782 5.5000000000000009 0.19687499850988391
decision_type=2 2 2 2 2 2 2
left_child=1 2 -1 -3 6 -6 -2
right_child=4 3 -4 -5 5 -7 -8
leaf_value=0.0093437090421267521 -0.002957806402554173 0.099794930541375559 -0.082308521751729202 0.00064361884669867091 0.055029069190285537 0.0016971376804094146 -0.043840956412942604
leaf_weight=24.547543818519387 362.9595890550944 8.5236225246621924 28.03730332773813 10.450500348817963 34.932933300216007 424.20920939941942 31.428200506792109
leaf_count=439 92250 1522 336 351 15857 134928 8722
internal_value=-0.00111356 -0.0170629 -0.0395236 0.0451847 0.000223615 0.00575479 -0.00621573
internal_weight=925.089 71.559 52.5848 18.9741 853.53 459.142 394.388
internal_count=254405 2648 775 1873 251757 150785 100972
is_linear=0
shrinkage=0.12


Tree=791
num_leaves=8
num_cat=0
split_feature=28 88 34 24 47 22 33
split_gain=1.20864 4.39313 5.03903 1.36001 1.17441 0.504412 0.256081
threshold=127.40055084228517 0.84627142548561107 0.88604286313056957 14.522059917449953 0.3057518750429154 1.6229749917984011 0.20620220154523852
decision_type=2 2 2 2 2 2 2
left_child=3 2 -2 4 -1 -3 -5
right_child=1 5 -4 6 -6 -7 -8
leaf_value=-0.0031922741197076402 0.046536454931813673 0.068333624042622096 -0.11003488270650402 0.0055590117420179531 0.011680013124826579 0.14535941199113511 0.12271990427493949
leaf_weight=819.32081531614006 8.3977137918136009 1.8445928087721757 4.5711562694220342 0.32714745370719711 84.327862804491815 3.6404573076879387 1.5022014440155542
leaf_count=221241 2339 289 848 186 27070 678 1754
internal_value=-0.00097555 0.0294266 -0.00865047 -0.00159515 -0.0018044 0.119456 0.101768
internal_weight=923.932 18.4539 12.9689 905.478 903.649 5.48505 1.82935
internal_count=254405 4154 3187 250251 248311 967 1940
is_linear=0
shrinkage=0.12


Tree=792
num_leaves=8
num_cat=0
split_feature=12 81 12 12 61 1 1
split_gain=1.24994 4.15586 3.18051 2.4478 3.5121 2.22362 1.86464
threshold=1.2339499592781069 1.0000000180025095e-35 1.0606999993324282 1.2895500063896181 6.9015624523162851 11.966450214385988 16.37454986572266
decision_type=2 2 2 2 2 2 2
left_child=1 2 -1 4 -2 -3 -5
right_child=3 5 -4 6 -6 -7 -8
leaf_value=-0.0067289067302567897 0.075633461030132132 -0.0266640391002935 -0.047810720474359664 -0.0066267191736875362 -0.06776048154533619 0.078335871305896101 0.0055731850814470371
leaf_weight=124.0536983410172 12.759853003200247 3.9504678193839018 34.735266137887834 319.38441878854513 3.0469586461113627 10.96728778973346 414.5771310729005
leaf_count=12102 1647 905 4643 191131 301 594 43082
internal_value=-0.000854397 -0.0100265 -0.0157156 0.0012706 0.0479925 0.0505302 0.000264379
internal_weight=923.475 173.707 158.789 749.768 15.8068 14.9178 733.962
internal_count=254405 18244 16745 236161 1948 1499 234213
is_linear=0
shrinkage=0.12


Tree=793
num_leaves=8
num_cat=0
split_feature=7 7 66 14 24 1 5
split_gain=1.21749 4.59732 4.81445 4.37918 3.63036 2.10886 1.99348
threshold=4.6957499980926523 4.8535501956939706 10.834896087646486 4.4997501373291025 9.2197375297546404 4.5123000144958505 3.2197500467300419
decision_type=2 2 2 2 2 2 2
left_child=3 2 -2 6 -5 -3 -1
right_child=1 5 -4 4 -6 -7 -8
leaf_value=0.14395115160197075 -0.13063864257493907 -0.06669858153289826 0.11556121504236597 0.17379098288332268 0.0018585092202227753 -0.0010070987478187317 0.023886053601174947
leaf_weight=4.8449451992921038 7.0577230428206104 7.1018298358040957 1.3649574547786185 1.7936475669139316 125.96664048832147 771.84506855275902 3.3808941217812745
leaf_count=4440 1941 3150 2143 2201 119374 120625 531
internal_value=-0.000748639 -0.00255951 -0.0907401 0.00973645 0.0042723 -0.00160602 0.0946033
internal_weight=923.356 787.37 8.42268 135.986 127.76 778.947 8.22584
internal_count=254405 127859 4084 126546 121575 123775 4971
is_linear=0
shrinkage=0.12


Tree=794
num_leaves=8
num_cat=0
split_feature=6 6 51 13 76 45 45
split_gain=1.02687 4.00288 3.00269 2.79923 12.1827 2.0185 1.45231
threshold=3.6220500469207768 3.5569499731063847 0.17768145352602008 6.2852499485015878 0.85685700178146373 1.1010416746139529 1.0000000180025095e-35
decision_type=2 2 2 2 2 2 2
left_child=1 2 -1 5 -5 -2 -3
right_child=3 6 -4 4 -6 -7 -8
leaf_value=-0.0088828816676843492 -0.0031169313208074347 0.30007233402707328 0.032272267418275734 0.070938974887067546 -0.5569461969174262 0.025240530311727776 0.10113576878790947
leaf_weight=67.857604905142949 771.63293082422285 0.7292651858997482 40.924625647537326 1.2943939301518401 0.67810547154476797 37.922108235355154 1.9189066944088748
leaf_count=76640 129037 47 37723 2303 303 6366 1986
internal_value=-0.000653265 0.0101486 0.00659997 -0.00213646 -0.144915 -0.00178858 0.15592
internal_weight=922.958 111.43 108.782 811.528 1.9725 809.555 2.64817
internal_count=254405 116396 114363 138009 2606 135403 2033
is_linear=0
shrinkage=0.12


Tree=795
num_leaves=8
num_cat=0
split_feature=77 0 15 33 45 28 0
split_gain=2.19023 6.12939 6.93289 6.12284 14.0704 7.77999 4.13694
threshold=1.0000000180025095e-35 34.734849929809577 2.1556075811386113 0.21792351454496386 0.96328124403953563 51.713253021240241 33.216850280761726
decision_type=2 2 2 2 2 2 2
left_child=3 6 -3 4 -1 -5 -2
right_child=1 2 -4 5 -6 -7 -8
leaf_value=-0.0026853783201037638 0.0081681129270965106 -0.031001802585850228 0.025981541500313402 -0.0034432407374165273 -0.10582527510181573 0.028375464317957354 0.092051828575329953
leaf_weight=142.58092778672446 79.094596743369578 168.43387358750351 37.610826576654546 250.78727706007902 21.983052347824611 198.03775165716075 9.4809758666326598
leaf_count=13875 33609 4114 26259 95285 3497 76081 1262
internal_value=-0.000747928 -0.00925181 -0.0206002 0.00333662 -0.0164632 0.0105963 0.0171469
internal_weight=908.009 294.62 206.045 613.389 164.564 448.825 88.5756
internal_count=253982 65244 30373 188738 17372 171366 34871
is_linear=0
shrinkage=0.12


Tree=796
num_leaves=7
num_cat=0
split_feature=49 13 76 49 14 62
split_gain=1.93255 4.58173 3.37774 2.83859 6.76463 2.37829
threshold=0.98229166865348827 0.44294999539852148 0.389085203409195 1.0320312380790713 -0.72845000028610218 -0.72968024015426625
decision_type=2 2 2 2 2 2
left_child=1 -1 -3 4 -2 -5
right_child=3 2 -4 5 -6 -7
leaf_value=-0.056965387918977629 0.0066286345644117799 -0.033638627390686196 0.019159661646259183 -0.011391840634403494 -0.11612118947591242 0.0034064788883403675
leaf_weight=14.015078185270424 16.376604170972826 19.32794555681221 179.39653133029393 251.2173871281073 10.681740684805108 414.29482744740557
leaf_count=275 621 13930 43767 65362 8135 121892
internal_value=-0.000655827 0.00934775 0.0140245 -0.00372867 -0.0418289 -0.00217959
internal_weight=905.31 212.74 198.724 692.571 27.0583 665.512
internal_count=253982 57972 57697 196010 8756 187254
is_linear=0
shrinkage=0.12


Tree=797
num_leaves=7
num_cat=0
split_feature=88 36 28 2 8 11
split_gain=1.71012 5.19611 7.49662 5.08288 5.1966 4.47281
threshold=1.0000000180025095e-35 3.4596813917160039 30.377373695373539 451.14500427246099 10.468048095703127 1.0000000180025095e-35
decision_type=2 2 2 2 2 2
left_child=1 2 -1 4 -2 -3
right_child=3 5 -4 -5 -6 -7
leaf_value=0.023121161338065035 0.024316918980901929 -0.010682278951037046 -0.1156061532701648 -0.12863117294178864 -0.014551046486779984 0.012106240072196545
leaf_weight=10.179376389103595 63.452199135988167 177.72967784189512 12.493831356377996 4.9524515000339298 225.81047197124997 410.45115995262989
leaf_count=367 55379 74705 12769 98 9767 100897
internal_value=-0.000572773 0.0030473 -0.0533231 -0.00808883 -0.00602503 0.00522027
internal_weight=905.069 610.854 22.6732 294.215 289.263 588.181
internal_count=253982 188738 13136 65244 65146 175602
is_linear=0
shrinkage=0.12


Tree=798
num_leaves=8
num_cat=0
split_feature=45 81 41 8 55 28 47
split_gain=1.61451 2.52099 5.88101 2.73161 1.33362 2.91757 2.34431
threshold=0.24453125149011615 1.0000000180025095e-35 0.19035876542329791 6.5484373569488534 0.12326975911855699 26.253632545471195 0.093802977353334441
decision_type=2 2 2 2 2 2 2
left_child=1 3 -3 -1 5 -2 -6
right_child=4 2 -4 -5 6 -7 -8
leaf_value=-0.025130160791422881 -0.044315846049871072 0.0032228231885443985 -0.17407524448146655 0.028385508280566303 0.0056585405945771359 0.0050561597397333052 -0.013661209362045682
leaf_weight=16.361006528359823 18.111817928379764 15.023779627907929 3.2827077710879129 85.563219907261853 135.34846834079423 356.20914860290236 272.60051450736097
leaf_count=11967 7787 2883 292 13769 35317 105793 76174
internal_value=-0.000515442 0.0124309 -0.0285702 0.0197951 -0.00250523 0.00266726 -0.00725134
internal_weight=902.501 120.231 18.3065 101.924 782.27 374.321 407.949
internal_count=253982 28911 3175 25736 225071 113580 111491
is_linear=0
shrinkage=0.12


Tree=799
num_leaves=8
num_cat=0
split_feature=23 57 47 76 41 23 71
split_gain=1.46826 4.4573 3.75688 1.85935 3.83103 1.76177 0.824846
threshold=0.14616250246763232 4.253645896911622 0.17631822079420092 0.9717826545238496 0.19035876542329791 0.86115834116935741 79.500000000000014
decision_type=2 2 2 2 2 2 2
left_child=1 2 -1 5 -5 -2 -3
right_child=3 6 -4 4 -6 -7 -8
leaf_value=0.025173537219639362 0.010402146889552315 -0.038258802662635018 -0.052404192518531068 0.040872908225698286 -0.063862695238889641 -0.0033275568679402702 -0.084370563853023522
leaf_weight=33.144908911243562 171.75317372063409 11.171198170691133 12.334170647540089 35.090095422543321 5.8704451488892806 621.86266849318611 11.173358778299482
leaf_count=796 6542 300 413 5345 600 239686 300
internal_value=-0.000449287 -0.0174288 0.00413404 0.000930592 0.0258623 -0.000356195 -0.0613169
internal_weight=902.4 67.8236 45.4791 834.576 40.9605 793.616 22.3446
internal_count=253982 1809 1209 252173 5945 246228 600
is_linear=0
shrinkage=0.12


Tree=800
num_leaves=8
num_cat=0
split_feature=6 13 41 6 49 0 0
split_gain=1.65337 3.60994 7.45873 3.33302 5.25428 3.21406 2.75996
threshold=6.7311000823974618 3.3161499500274663 0.11228312551975252 6.8496999740600595 1.7489583492279055 10.854049682617189 69.496547698974624
decision_type=2 2 2 2 2 2 2
left_child=1 2 -1 4 -2 -5 -3
right_child=3 6 -4 5 -6 -7 -8
leaf_value=-0.1441072629051065 0.12682328199944121 -0.011302987236225684 0.032218394804467809 -0.061310053573565011 -0.082210770832777155 0.0038890633554940373 0.018404127112767898
leaf_weight=7.8731442769075937 6.9998532315920539 187.24402140445255 6.15551768696875 11.080415923598478 2.3007099022706825 625.69000265990644 59.295629322889795
leaf_count=4162 2772 161484 1465 7882 270 37636 38779
internal_value=0.000541803 -0.00752735 -0.0667388 0.00379619 0.0751139 0.00275454 -0.00415808
internal_weight=906.639 260.568 14.0287 646.071 9.30056 636.77 246.54
internal_count=254450 205890 5627 48560 3042 45518 200263
is_linear=0
shrinkage=0.12


Tree=801
num_leaves=8
num_cat=0
split_feature=63 65 1 49 22 86 10
split_gain=1.32166 2.17141 7.75576 2.56401 1.2883 3.93795 1.62598
threshold=19999973.000000004 45.500000000000007 9.8237500190734881 1.2320312857627871 0.14085000008344653 1.0000000180025095e-35 2.5000000000000004
decision_type=2 2 2 2 2 2 2
left_child=4 3 -3 -2 5 -1 -6
right_child=1 2 -4 -5 6 -7 -8
leaf_value=-0.039501508051843298 0.045073806033611261 -0.41582461431930112 0.039189872510835173 -0.042436999269182325 0.0054980672592075727 0.039802106338524608 -0.0065228028058482226
leaf_weight=33.7107075771425 6.9576504806300816 0.88599320365085477 1.3790724419450269 15.701261391035546 615.4868326426872 12.308979887378937 219.93443126061686
leaf_count=440 4422 956 1118 7460 188590 1144 50320
internal_value=0.00048614 -0.0267645 -0.138792 -0.0155659 0.00125669 -0.01829 0.00233343
internal_weight=906.365 24.924 2.26507 22.6589 881.441 46.0197 835.421
internal_count=254450 13956 2074 11882 240494 1584 238910
is_linear=0
shrinkage=0.12


Tree=802
num_leaves=8
num_cat=0
split_feature=70 24 16 2 33 41 51
split_gain=1.29318 3.08084 3.08896 2.94296 4.88382 4.85284 2.62652
threshold=23.500000000000004 10.704960823059084 10.832128047943117 188.57500457763675 0.2097679600119591 0.18589674681425097 0.094041395932436003
decision_type=2 2 2 2 2 2 2
left_child=1 2 -1 4 -2 -5 -3
right_child=3 6 -4 5 -6 -7 -8
leaf_value=0.0022048947976966091 -0.017118898137455034 0.13433418287442095 -0.06982904781645409 -0.042454386637565671 0.049918099657197436 0.026866067431094636 0.022923080226787927
leaf_weight=737.79180860375391 40.557128143150237 4.4409573305798693 8.6731323110617478 59.74165039403988 25.481355052526055 19.221223739325012 9.7083554130659788
leaf_count=121093 9479 3858 1455 84880 8964 16232 8489
internal_value=0.000439508 0.00241941 0.00136794 -0.00994618 0.00874774 -0.0255803 0.057891
internal_weight=905.616 760.614 746.465 145.001 66.0385 78.9629 14.1493
internal_count=254450 134895 122548 119555 18443 101112 12347
is_linear=0
shrinkage=0.12


Tree=803
num_leaves=8
num_cat=0
split_feature=28 88 29 47 1 70 1
split_gain=1.09177 4.75446 9.69527 5.76183 1.37755 4.84621 1.56952
threshold=111.46908187866212 0.84627142548561107 9.3159432411193865 0.34194551408290869 5.2280499935150155 30.500000000000004 6.3546001911163339
decision_type=2 2 2 2 2 2 2
left_child=4 2 -2 -3 5 -1 -6
right_child=1 3 -4 -5 6 -7 -8
leaf_value=-0.099882565241256036 -0.12660985266167563 0.090066945844035559 0.0089297676076836915 -0.17283990197395829 0.042522001506496002 0.0052459942241772769 0.0015912762362152136
leaf_weight=8.6424306515998968 11.952681207309096 8.6939844477979005 20.86687776389212 1.3926672935158411 13.717240653187558 23.439318845796787 816.46085748672306
leaf_count=5842 1485 2070 6528 158 12505 19631 206231
internal_value=0.000395038 -0.0182878 -0.0404329 0.0537673 0.0013247 -0.0230744 0.00226758
internal_weight=905.166 42.9062 32.8196 10.0867 862.26 32.0817 830.178
internal_count=254450 10241 8013 2228 244209 25473 218736
is_linear=0
shrinkage=0.12


Tree=804
num_leaves=8
num_cat=0
split_feature=47 51 1 41 33 33 36
split_gain=1.04331 3.95531 4.50776 2.259 1.92741 3.659 3.11669
threshold=0.12506842613220218 0.052207387983798988 13.165100097656252 0.15461534261703494 0.19911222904920581 0.2097679600119591 -8.2393379211425763
decision_type=2 2 2 2 2 2 2
left_child=4 2 -2 -3 6 -6 -1
right_child=1 3 -4 -5 5 -7 -8
leaf_value=-0.0049094449177383608 0.10561064576710207 0.0066079700752194352 0.017273445483054824 -0.014118657034617349 -0.033835693122855462 -0.0013183450135206586 0.073405960302415363
leaf_weight=18.728519890287963 10.794203140485996 260.56484633739393 36.26578644021685 106.7420155214765 56.882235953962891 401.94666861950066 12.009916808545862
leaf_count=6033 10648 89017 5652 23601 4516 109958 5025
internal_value=0.000349879 0.00478119 0.0375354 0.000584663 -0.00340076 -0.00534961 0.0256894
internal_weight=903.934 414.367 47.06 367.307 489.567 458.829 30.7384
internal_count=254450 128918 16300 112618 125532 114474 11058
is_linear=0
shrinkage=0.12


Tree=805
num_leaves=8
num_cat=0
split_feature=19 55 55 28 53 5 63
split_gain=2.39309 2.85927 3.25327 2.36351 1.7413 2.22384 1.37782
threshold=0.21979166567325595 0.079191129654645934 0.29850706458091741 20.490640640258793 2.7328125238418584 4.0411999225616464 19999949.000000004
decision_type=2 2 2 2 2 2 2
left_child=1 3 -3 -1 6 -6 -2
right_child=4 2 -4 -5 5 -7 -8
leaf_value=-0.097954796979026829 -0.0051409103980707364 0.051472339347126916 -0.022462170353527256 0.0047553507017216255 0.037905126063260776 -0.11711001851013271 0.015746691951896652
leaf_weight=4.3881387210191489 764.51143417222306 38.72940372538099 11.005472407449117 12.184244229957313 22.716252003482772 1.4157092555671749 48.351579814548359
leaf_count=1698 203900 14176 2627 4316 6316 54 21281
internal_value=-0.00121693 0.0207276 0.0351119 -0.0224409 -0.00295538 0.0288111 -0.00389845
internal_weight=903.302 66.3073 49.7349 16.5724 836.995 24.132 812.863
internal_count=254368 22817 16803 6014 231551 6370 225181
is_linear=0
shrinkage=0.12


Tree=806
num_leaves=8
num_cat=0
split_feature=20 55 55 47 49 23 1
split_gain=1.87014 2.23808 2.87103 2.3654 1.38883 3.65852 2.63059
threshold=21.617624282836918 0.079191129654645934 0.19249650090932849 0.4355123788118363 1.1757812500000002 8.4288582801818865 8.7624497413635272
decision_type=2 2 2 2 2 2 2
left_child=1 3 -3 -1 5 -2 -6
right_child=4 2 -4 -5 6 -7 -8
leaf_value=-0.0087289918282986087 -0.011621852131788636 0.05828837586178752 0.0001587816072589686 -0.2075837719639505 -0.021955158135557588 0.070131029989845078 0.0039661505318799826
leaf_weight=15.754164890466377 280.98968169365435 26.334563536501747 22.852165485259682 0.91120099000409105 63.800405116020272 8.1099703983659293 484.53379847861953
leaf_count=5749 73084 10461 6342 265 46316 10176 101975
internal_value=-0.00106712 0.0184043 0.0312814 -0.0196016 -0.00259826 -0.00932848 0.000950125
internal_weight=903.286 65.8521 49.1867 16.6654 837.434 289.1 548.334
internal_count=254368 22817 16803 6014 231551 83260 148291
is_linear=0
shrinkage=0.12


Tree=807
num_leaves=8
num_cat=0
split_feature=19 83 72 51 53 33 1
split_gain=1.46003 1.95851 2.96632 2.5212 1.39613 3.18329 2.48462
threshold=0.21979166567325595 0.37500000000000006 22.077083587646488 0.19648911803960803 2.3088542222976689 0.063135012984275832 2.189849972724915
decision_type=2 2 2 2 2 2 2
left_child=1 3 -3 -1 5 -2 -6
right_child=4 2 -4 -5 6 -7 -8
leaf_value=0.04971062953879999 0.11418900031432325 0.0084459013810407827 -0.10285445876918091 -0.017526852550786259 -0.12509967117662188 -0.0058647488635593494 0.0070504635033889068
leaf_weight=30.631161737150471 3.1970830970799389 19.669808571869527 4.1811259544894019 10.884029909293238 2.0678400394781411 610.82103956311983 221.8250444989834
leaf_count=11946 1509 5211 1225 4435 1562 175784 52696
internal_value=-0.000934313 0.0163389 -0.0110653 0.032083 -0.00228181 -0.00523965 0.00582995
internal_weight=903.277 65.3661 23.8509 41.5152 837.911 614.018 223.893
internal_count=254368 22817 6436 16381 231551 177293 54258
is_linear=0
shrinkage=0.12


Tree=808
num_leaves=8
num_cat=0
split_feature=7 82 8 51 88 0 85
split_gain=1.19549 7.16836 4.10097 2.36511 2.95851 2.49903 2.29736
threshold=10.414299964904787 1.0000000180025095e-35 14.240553855895998 0.084617555141448988 0.41747500002384191 76.923751831054702 0.62500000000000011
decision_type=2 2 2 2 2 2 2
left_child=3 6 -3 5 -5 -1 -2
right_child=1 2 -4 4 -6 -7 -8
leaf_value=0.026439515275588046 -0.0030688309392683222 0.099890777400002045 0.002584007415556156 -0.0097246980846953553 0.012898667997158796 -0.0030710375564184833 -0.023854384474254382
leaf_weight=101.09755807463057 196.78043216227752 13.636585314985723 11.493439770536497 263.5999847889239 121.65259947440796 69.886796602483287 125.34725181299655
leaf_count=64172 4642 2074 212 126242 41149 12992 2885
internal_value=-0.000816859 -0.0063414 0.0553867 0.0026321 -0.00258084 0.0143776 -0.011157
internal_weight=903.495 347.258 25.13 556.237 385.253 170.984 322.128
internal_count=254368 9813 2286 244555 167391 77164 7527
is_linear=0
shrinkage=0.12


Tree=809
num_leaves=8
num_cat=0
split_feature=19 41 1 14 1 24 28
split_gain=1.1992 3.79359 6.16159 3.06212 1.74665 3.08162 1.83635
threshold=0.22604166716337207 0.17914698272943499 8.7624497413635272 -0.11464999988675116 1.9334000349044802 12.571038246154787 23.436169624328617
decision_type=2 2 2 2 2 2 2
left_child=1 3 -3 -1 5 -2 -6
right_child=4 2 -4 -5 6 -7 -8
leaf_value=0.0089159682238053005 0.11230357805060141 -0.22206959683525751 -0.010977796913840376 0.060804407849127794 -0.052288793134274501 -0.042006132825618749 -0.0021653258306570103
leaf_weight=55.399091179285776 4.9157680960880716 2.1902539999740851 21.908359130589069 23.250878140451732 10.6691802913474 3.0015080393188782 780.68944978412651
leaf_count=3468 2976 1547 3856 24578 4878 2346 210719
internal_value=-0.000711234 0.0114921 -0.0301633 0.0242555 -0.00228 0.0538034 -0.0028411
internal_weight=902.024 102.749 24.0986 78.65 799.276 7.91728 791.359
internal_count=254368 33449 5403 28046 220919 5322 215597
is_linear=0
shrinkage=0.12


Tree=810
num_leaves=7
num_cat=0
split_feature=49 90 71 45 61 7
split_gain=1.96355 1.74318 3.20118 2.41782 0.912589 0.155379
threshold=2.3203125000000004 0.007114285835996271 72.500000000000014 0.60885417461395275 2.1958333253860478 11.483049869537355
decision_type=2 2 2 2 2 2
left_child=1 3 -3 -1 5 -2
right_child=4 2 -4 -5 -6 -7
leaf_value=0.012868721802232421 0.061841779057192223 -0.012798193835816454 0.012149196505042521 -0.0033960959169571652 0.14917043623243995 -0.013442500288500987
leaf_weight=263.03084574111972 0.79967601510190822 271.40683105514029 101.86555662234184 263.40871617124958 1.8307763133443584 0.77966507292876486
leaf_count=83834 627 63821 30437 75080 556 12
internal_value=0.00062721 0.000282732 -0.00599008 0.00473048 0.0915131 0.0246766
internal_weight=903.122 899.712 373.272 526.44 3.41012 1.57934
internal_count=254367 253172 94258 158914 1195 639
is_linear=0
shrinkage=0.12


Tree=811
num_leaves=8
num_cat=0
split_feature=90 0 0 53 32 76 41
split_gain=1.35344 4.22983 4.42913 2.86325 1.8443 4.02353 2.68677
threshold=0.007114285835996271 13.029899597167971 85.573101043701186 2.0239583253860478 59.883895874023445 0.29725205898284918 0.6449771821498872
decision_type=2 2 2 2 2 2 2
left_child=4 3 -3 -2 5 -1 -6
right_child=1 2 -4 -5 6 -7 -8
leaf_value=-0.036164017140145201 0.066896743850991675 -0.014456397511447073 0.03003683756470436 0.0044904580223247082 -0.00033405831906643959 0.017271853264789885 -0.083277961749874396
leaf_weight=22.387731717057562 17.958608964640266 294.836169971662 36.169974342877879 25.790707438273127 283.17234873098573 216.65818019460542 5.7376810109988119
leaf_count=18759 13468 55429 11107 14609 77879 62375 741
internal_value=0.000555423 -0.00495964 -0.0095945 0.0301075 0.00447014 0.0122673 -0.0019813
internal_weight=902.711 374.755 331.006 43.7493 527.956 239.046 288.91
internal_count=254367 94613 66536 28077 159754 81134 78620
is_linear=0
shrinkage=0.12


Tree=812
num_leaves=6
num_cat=0
split_feature=49 49 53 61 88
split_gain=1.63217 1.39836 1.21703 0.815391 0.150518
threshold=2.3203125000000004 2.2703124284744267 1.9364583492279055 2.1958333253860478 0.64335712790489208
decision_type=2 2 2 2 2
left_child=1 2 -1 4 -2
right_child=3 -3 -4 -5 -6
leaf_value=-0.0050126690891161806 0.059495127583488565 -0.088275780697367648 0.0040277882513325286 0.14304236927218519 -0.0151540413357538
leaf_weight=355.3475605051832 0.78910842119409996 2.5656400628920428 540.71219785677636 1.6926230992153248 0.76703451127082189
leaf_count=105717 409 584 146871 556 230
internal_value=0.000496291 0.000189345 0.000442643 0.085399 0.0227
internal_weight=901.874 898.625 896.06 3.24877 1.55614
internal_count=254367 253172 252588 1195 639
is_linear=0
shrinkage=0.12


Tree=813
num_leaves=7
num_cat=0
split_feature=49 8 83 75 61 16
split_gain=1.33327 1.22149 4.94317 1.55959 0.730815 0.13496
threshold=2.3203125000000004 13.486831188201906 0.37500000000000006 8.5000000000000018 2.1958333253860478 1.0640814900398257
decision_type=2 2 2 2 2 2
left_child=1 3 -3 -1 5 -2
right_child=4 2 -4 -5 -6 -7
leaf_value=0.0010813078680505463 -0.015203355219126117 0.0038322565950673912 -0.03945188935915258 0.025773895022750126 0.13655130549092198 0.055807916501753853
leaf_weight=672.85180825561838 0.77296837980981015 133.66464960714842 53.081829868606917 38.966420545929282 1.5682381342476217 0.76864646453356045
leaf_count=228303 12 2664 1229 20976 556 627
internal_value=0.000438323 0.000166861 -0.00847106 0.00243303 0.0788751 0.0202027
internal_weight=901.675 898.565 186.746 711.818 3.10985 1.54161
internal_count=254367 253172 3893 249279 1195 639
is_linear=0
shrinkage=0.12


Tree=814
num_leaves=7
num_cat=0
split_feature=51 6 6 55 51 23
split_gain=1.15561 2.45945 2.71802 1.46894 3.32078 2.68051
threshold=0.28702455759048467 9.6870999336242694 8.9072499275207537 0.20780384540557864 0.22527213394641879 0.41155417263507849
decision_type=2 2 2 2 2 2
left_child=3 2 -2 5 -5 -1
right_child=1 -3 -4 4 -6 -7
leaf_value=-0.02362846469176327 0.0046715165277023997 -0.12428643091758401 0.051734346340220248 0.014486613952790245 -0.032695536296231377 -0.00082478007240565125
leaf_weight=86.667888356641242 88.145140810333174 1.8806999757618701 22.101801163126993 159.63392616860475 24.820489516438528 517.15792033237733
leaf_count=2434 30397 153 869 46140 4643 169731
internal_value=0.000386617 0.0117852 0.0141065 -0.00123476 0.00813771 -0.00409782
internal_weight=900.408 112.128 110.247 788.28 184.454 603.826
internal_count=254367 31419 31266 222948 50783 172165
is_linear=0
shrinkage=0.12


Tree=815
num_leaves=8
num_cat=0
split_feature=12 13 88 57 23 69 49
split_gain=1.7415 3.76087 2.44088 2.42884 2.21632 5.83523 1.9157
threshold=4.0478501319885263 1.337150037288666 0.49514999985694891 2.2640625238418584 9.1307001113891619 14.500000000000002 2.2703124284744267
decision_type=2 2 2 2 2 2 2
left_child=4 3 -3 -2 6 -6 -1
right_child=1 2 -4 -5 5 -7 -8
leaf_value=0.00058350168362015034 0.016814683887190127 0.025653410815174246 0.098495513238250801 -0.064623330705631851 -0.40876028733052577 0.012766070550708056 -0.069212117623582828
leaf_weight=826.42590153699734 10.672409854454974 43.351287808762905 7.8191680051073282 10.424909704421674 0.69262704994900604 1.4907032205658231 5.7019143353792279
leaf_count=223216 250 20942 2949 384 2225 2767 1571
internal_value=0.00133636 0.0192067 0.0367841 -0.0234266 -0.000211562 -0.120957 0.000105247
internal_weight=906.579 72.2678 51.1705 21.0973 834.311 2.18333 832.128
internal_count=254304 24525 23891 634 229779 4992 224787
is_linear=0
shrinkage=0.12


Tree=816
num_leaves=7
num_cat=0
split_feature=51 57 22 57 41 85
split_gain=1.73705 1.63457 3.42588 2.99135 0.141425 0.198565
threshold=0.8903389871120454 0.38203124701976782 0.24310000240802768 1.0000000180025095e-35 0.16998642683029178 0.62500000000000011
decision_type=2 2 2 2 2 2
left_child=1 3 -3 -1 5 -2
right_child=4 2 -4 -5 -6 -7
leaf_value=-0.00088150986973041751 0.12757486463658022 -0.026172068525640121 0.0087094757255973664 -0.03242108430250383 0.14319581797069378 0.025737026014714826
leaf_weight=359.22792128977284 0.60034450127795869 44.55420678972348 450.65039567842769 49.238491168690018 0.98952698124639926 0.50985412295767674
leaf_count=88018 377 1633 150462 13292 123 399
internal_value=0.0011893 0.000935987 0.00557114 -0.00468344 0.110208 0.0808063
internal_weight=905.771 903.671 495.205 408.466 2.09973 1.1102
internal_count=254304 253405 152095 101310 899 776
is_linear=0
shrinkage=0.12


Tree=817
num_leaves=7
num_cat=0
split_feature=51 5 6 22 47 55
split_gain=1.46609 1.33986 2.88821 1.75588 0.147006 0.0060577
threshold=0.8903389871120454 0.44775000214576727 8.6752500534057635 3.5258666276931767 0.20583911240100863 0.10517714172601701
decision_type=2 2 2 2 2 2
left_child=1 2 -1 -3 5 -2
right_child=4 3 -4 -5 -6 -7
leaf_value=0.029275622717449299 0.13877757132151061 0.001019516460372333 -0.03054196516993346 -0.020284458029889242 0.06130462745460221 0.12198501509746205
leaf_weight=55.495414775907129 0.57761850647921054 772.83358362653735 14.702920688062767 60.03835837502686 0.70862449731998811 0.6660284376182517
leaf_count=23498 173 203877 518 25512 250 476
internal_value=0.00105028 0.000825714 0.0167469 -0.000516201 0.104928 0.129784
internal_weight=905.023 903.07 70.1983 832.872 1.95227 1.24365
internal_count=254304 253405 24016 229389 899 649
is_linear=0
shrinkage=0.12


Tree=818
num_leaves=8
num_cat=0
split_feature=57 22 85 69 19 47 71
split_gain=1.23167 2.60976 5.60434 3.75482 2.36476 3.17371 2.72944
threshold=0.38203124701976782 0.24310000240802768 0.37500000000000006 5.5000000000000009 0.24114582687616351 0.13992753624916079 103.50000000000001
decision_type=2 2 2 2 2 2 2
left_child=4 2 -2 -3 5 -1 -6
right_child=1 3 -4 -5 6 -7 -8
leaf_value=-0.0045352651292896078 -0.044706938517695825 0.045889282452105037 0.059255920672047407 0.0045610887154768206 0.0023917572035969102 -0.048918253561100127 -0.12225357023330462
leaf_weight=68.211683460166256 35.248813960655923 34.268136243596643 9.4734869926389234 415.3301417743935 304.22515793430819 35.158840677285895 2.5510040503750124
leaf_count=14920 522 15886 1118 135189 74109 11599 961
internal_value=0.000927494 0.00496114 -0.0226846 0.0077111 -0.00393397 -0.019631 0.00135527
internal_weight=904.467 494.321 44.7223 449.598 410.147 103.371 306.776
internal_count=254304 152715 1640 151075 101589 26519 75070
is_linear=0
shrinkage=0.12


Tree=819
num_leaves=8
num_cat=0
split_feature=49 61 51 57 13 41 1
split_gain=1.2453 2.47247 1.2203 1.1988 1.06668 0.148991 0.14795
threshold=2.2703124284744267 2.3015624284744267 0.8903389871120454 0.45703125000000006 2.0464999675750737 0.16998642683029178 19.45475006103516
decision_type=2 2 2 2 2 2 2
left_child=2 4 3 -1 -2 -4 -3
right_child=1 6 5 -5 -6 -7 -8
leaf_value=-0.0037155603734526938 -0.15940695470099087 0.11475924178334326 0.068577502746457686 0.0050879499338975813 -0.042873663889054593 0.13768777893561859 0.041578192925704117
leaf_weight=416.6808311795977 2.1579463576990414 0.73341986097727818 1.0069662652342675 478.55180019049055 2.3769851256424244 0.81095667575209507 0.86936308869971413
leaf_count=103390 68 607 770 148277 1019 123 50
internal_value=0.00082128 -0.0530472 0.00118985 0.000990407 -0.098326 0.0994069 0.0750652
internal_weight=903.188 6.13771 897.051 895.233 4.53493 1.81792 1.60278
internal_count=254304 1744 252560 251667 1087 893 657
is_linear=0
shrinkage=0.12


Tree=820
num_leaves=5
num_cat=0
split_feature=88 22 69 24
split_gain=1.62133 1.36596 3.47387 2.2707
threshold=1.3467286229133608 3.3627666234970097 12.500000000000002 13.561198711395265
decision_type=2 2 2 2
left_child=1 3 -3 -1
right_child=-2 2 -4 -5
leaf_value=0.0023374915828039749 -0.11284041221224463 -0.24180915531965175 -0.0080265892814711335 0.1124362813105582
leaf_weight=721.98591527901851 1.8211538357636516 0.92038334333707794 164.91069973234303 2.7075838222485791
leaf_count=181220 247 1748 63950 6591
internal_value=0.000269334 0.000500648 -0.00932411 0.00274884
internal_weight=892.346 890.525 165.831 724.693
internal_count=253756 253509 65698 187811
is_linear=0
shrinkage=0.12


Tree=821
num_leaves=7
num_cat=0
split_feature=0 65 22 54 65 51
split_gain=1.29109 1.21061 3.58642 3.11411 0.00125197 1.56704e-06
threshold=0.24395000189542773 7.5000000000000009 1.4692833423614504 -0.20943655073642728 44.500000000000007 0.15114509314298633
decision_type=2 2 2 2 2 2
left_child=4 2 -2 -3 5 -1
right_child=1 3 -4 -5 -6 -7
leaf_value=0.12034318783624931 -0.014338145345456542 -0.041487781418176141 0.031599629206424638 -8.6303165616373538e-05 0.1284635973695101 0.12077145579879504
leaf_weight=0.24515381405944825 41.943376383516579 27.090118386680729 58.754162710208448 763.27855518321212 0.69707564231703145 0.24697304736400838
leaf_count=341 5203 10719 14727 222113 377 276
internal_value=0.000240196 7.3437e-05 0.0124652 -0.00150535 0.125192 0.120558
internal_weight=892.255 891.066 100.698 790.369 1.1892 0.492127
internal_count=253756 252762 19930 232832 994 617
is_linear=0
shrinkage=0.12


Tree=822
num_leaves=5
num_cat=0
split_feature=88 22 22 24
split_gain=1.1675 1.0877 2.65852 1.88241
threshold=1.3467286229133608 3.3627666234970097 3.3998707532882695 13.561198711395265
decision_type=2 2 2 2
left_child=1 3 -3 -1
right_child=-2 2 -4 -5
leaf_value=0.0020623483630021681 -0.094748333178300545 -0.068574694044659643 -0.0045178644269548377 0.10632854310136994
leaf_weight=721.36294746994258 1.8603966457485501 9.922345330962683 156.2304807573704 2.5020334326397906
leaf_count=181220 247 2983 62715 6591
internal_value=0.000214401 0.000412901 -0.00834322 0.00242274
internal_weight=891.878 890.018 166.153 723.865
internal_count=253756 253509 65698 187811
is_linear=0
shrinkage=0.12


Tree=823
num_leaves=8
num_cat=0
split_feature=62 79 53 55 62 2 62
split_gain=1.11135 2.27634 3.2572 2.69957 2.04433 4.1031 1.25581
threshold=6.5205101966857919 1.0000000180025095e-35 1.8885416984558108 0.080601979047060027 4.0654671192169198 190.8850021362305 2.0187817811965947
decision_type=2 2 2 2 2 2 2
left_child=4 3 -3 -2 6 -6 -1
right_child=1 2 -4 -5 5 -7 -8
leaf_value=0.00090316067243554677 -0.057276562002526461 -0.16157823969000928 -0.0024798620211001709 0.015647713320694943 -0.071901166076246831 0.078922397867827399 -0.038852593165562617
leaf_weight=822.73099580422365 10.389667003733473 3.5754543612350762 3.8464295930637364 24.660358942700096 3.3472614590544287 11.594012591536233 11.602920741309843
leaf_count=236093 1898 619 1324 6186 713 3355 3568
internal_value=0.000190805 -0.0187526 -0.0791247 -0.00596879 0.00113816 0.0451337 0.000350285
internal_weight=891.747 42.4719 7.42188 35.05 849.275 14.9413 834.334
internal_count=253756 10027 1943 8084 243729 4068 239661
is_linear=0
shrinkage=0.12


Tree=824
num_leaves=7
num_cat=0
split_feature=54 43 84 19 29 83
split_gain=1.06162 1.08328 3.78724 1.21688 0.324669 0.0112538
threshold=0.58505666255950939 -5.5877678394317618 1.0000000180025095e-35 0.23020833730697635 326.75184631347662 1.0000000180025095e-35
decision_type=2 2 2 2 2 2
left_child=1 2 -1 -3 5 -2
right_child=4 3 -4 -5 -6 -7
leaf_value=-0.013748235268477564 0.14288198002207683 0.012045577035502027 -0.23763144656837307 -0.0012368648983345897 0.022811049669955917 0.11918735637055386
leaf_weight=11.771004237092674 0.5289252941753364 114.20181787208924 1.1988484627604865 762.42381673295654 0.62640502986801028 0.6353840491747178
leaf_count=2607 346 36957 1060 212157 278 351
internal_value=0.000169948 -1.58534e-05 -0.0344425 0.000493496 0.0924729 0.129951
internal_weight=891.386 889.595 12.9699 876.626 1.79071 1.16431
internal_count=253756 252781 3667 249114 975 697
is_linear=0
shrinkage=0.12


Tree=825
num_leaves=8
num_cat=0
split_feature=0 69 47 1 82 2 54
split_gain=1.86406 3.06188 1.80278 1.44664 3.92835 1.66235 0.788135
threshold=2.7015999555587773 15.500000000000002 0.12950167059898379 21.230599403381351 1.0000000180025095e-35 265.96499633789068 0.22321589291095736
decision_type=2 2 2 2 2 2 2
left_child=1 6 -3 5 -5 -2 -1
right_child=3 2 -4 4 -6 -7 -8
leaf_value=0.021552734967259301 -0.0033807606596674088 0.12060047036366565 -0.16013483089243324 -0.024350270285238184 0.065444915226837458 0.0076436250874623319 0.12137619691017688
leaf_weight=1.5034024139104065 481.95210791882727 0.44917123369987155 1.235185953590644 72.963799031912131 7.7619496493525579 333.07666214006389 4.6979768939961559
leaf_count=6674 112731 663 559 5247 650 115074 13133
internal_value=0.000118232 0.0582062 -0.0852705 -0.000393143 -0.0157163 0.00112456 0.097176
internal_weight=903.64 7.88574 1.68436 895.755 80.7257 815.029 6.20138
internal_count=254731 21029 1222 233702 5897 227805 19807
is_linear=0
shrinkage=0.12


Tree=826
num_leaves=7
num_cat=0
split_feature=1 20 66 2 33 28
split_gain=1.19632 3.17125 3.55158 1.54546 2.72099 2.66816
threshold=21.230599403381351 39.03466987609864 9.4002604484558123 265.96499633789068 0.37338264286518102 111.46908187866212
decision_type=2 2 2 2 2 2
left_child=3 2 -2 5 -5 -1
right_child=1 -3 -4 4 -6 -7
leaf_value=-0.00093312342494652556 -0.029894127715642014 -0.10034384034286545 0.022903055719634014 0.055722596306231505 0.0052836263845622211 -0.043744042498453491
leaf_weight=460.94124971933257 42.852931733553902 5.6730199437219531 32.082698531601437 16.172431347154145 322.98735236995185 21.962438497805806
leaf_count=111138 4888 335 674 5522 128091 4083
internal_value=0.000112291 -0.0138386 -0.00728971 0.00148027 0.00768875 -0.00288016
internal_weight=902.672 80.6087 74.9356 822.063 339.16 482.904
internal_count=254731 5897 5562 248834 133613 115221
is_linear=0
shrinkage=0.12


Tree=827
num_leaves=7
num_cat=0
split_feature=0 69 55 71 14 90
split_gain=1.55067 2.60099 1.19888 1.13876 1.70379 1.30075
threshold=2.7015999555587773 16.500000000000004 0.024418387562036518 1.5000000000000002 -1.9384999871253965 0.007114285835996271
decision_type=2 2 2 2 2 2
left_child=1 2 -1 4 -2 -5
right_child=3 -3 -4 5 -6 -7
leaf_value=-0.093305333951310132 0.080830868518492346 -0.13684008541831097 0.096283869440298014 0.0029194957917011975 0.0024771696651730503 -0.006465532032076401
leaf_weight=0.52210788621186921 6.1479925053964761 0.89701914809938887 5.9978836818927448 514.73038107148261 11.418577854789417 362.3727365423747
leaf_count=125 199 346 20558 146433 2237 84833
internal_value=0.000100977 0.0547439 0.0811019 -0.000352025 0.0298996 -0.000957903
internal_weight=902.087 7.41701 6.51999 894.67 17.5666 877.103
internal_count=254731 21029 20683 233702 2436 231266
is_linear=0
shrinkage=0.12


Tree=828
num_leaves=8
num_cat=0
split_feature=0 69 55 51 59 51 54
split_gain=1.29229 2.15226 2.23533 1.15171 3.53216 3.16524 0.874474
threshold=2.7015999555587773 15.500000000000002 0.35206191241741186 0.12584757804870608 19999971.000000004 0.12852784246206286 0.22321589291095736
decision_type=2 2 2 2 2 2 2
left_child=1 6 -3 4 -2 -5 -1
right_child=3 2 -4 5 -6 -7 -8
leaf_value=0.0089673855139343148 -0.0023091557987210774 0.033722007871664239 -0.24294731570871467 0.075922123667481842 -0.054883484104462282 0.0026456706105636271 0.12112668994926939
leaf_weight=1.3600850884799331 438.59882881676862 1.2688156722272195 0.62897346514000663 8.6603452999503343 19.207440994090518 428.25034350065914 3.7915856179890284
leaf_count=6674 111916 1135 87 2600 8498 110688 13133
internal_value=9.4254e-05 0.0512718 -0.0579729 -0.000308973 -0.00451493 0.00409814 0.0915157
internal_weight=901.766 7.04946 1.89779 894.717 457.806 436.911 5.15167
internal_count=254731 21029 1222 233702 120414 113288 19807
is_linear=0
shrinkage=0.12


Tree=829
num_leaves=8
num_cat=0
split_feature=0 12 55 24 70 16 54
split_gain=1.08588 1.83594 1.38925 0.978253 3.61612 1.90046 0.856791
threshold=2.7015999555587773 4.2465500831604013 0.35206191241741186 12.82035541534424 25.500000000000004 12.968640804290773 0.22321589291095736
decision_type=2 2 2 2 2 2 2
left_child=1 6 -3 5 -5 -2 -1
right_child=3 2 -4 4 -6 -7 -8
leaf_value=0.0079496825760855521 0.00019491092461032205 0.029740667135424857 -0.17802474323024164 -0.20814889666372197 -0.012088644912225501 0.099040356408812549 0.1210155589873963
leaf_weight=1.3507306436095792 857.86126187541777 1.2196669763079624 0.74745475754025381 1.4135656271328674 32.500908205182952 2.8101371474967882 3.3804583100217371
leaf_count=6674 198522 1108 93 419 32846 1915 13154
internal_value=9.03529e-05 0.0482262 -0.0492047 -0.00027007 -0.0202605 0.000517646 0.0887358
internal_weight=901.284 6.69831 1.96712 894.586 33.9145 860.671 4.73119
internal_count=254731 21029 1201 233702 33265 200437 19828
is_linear=0
shrinkage=0.12


Tree=830
num_leaves=8
num_cat=0
split_feature=75 72 72 74 55 0 66
split_gain=2.39871 5.12397 5.5221 3.70624 2.80781 4.31763 2.90011
threshold=5.5000000000000009 25.07656288146973 24.026041030883793 35.500000000000007 0.083809539675712599 34.734849929809577 8.119791507720949
decision_type=2 2 2 2 2 2 2
left_child=4 2 -2 -3 5 -1 -6
right_child=1 3 -4 -5 6 -7 -8
leaf_value=0.040062822529768734 -0.025399331641806341 0.12885345713665766 -0.18958698578196237 0.0085295794647915323 0.014039310135607242 0.0034560190054818475 -0.0084512989787792342
leaf_weight=59.576119005143141 90.996293495020254 4.1595101205376173 3.0485778891546138 32.403471350368832 104.80511875926169 209.72410963641022 388.99221579382754
leaf_count=31526 27003 2970 1653 15437 42700 41732 91301
internal_value=-0.000874293 -0.0159015 -0.0307217 0.022218 0.00169769 0.0115544 -0.00367782
internal_weight=893.705 130.608 94.0449 36.563 763.098 269.3 493.797
internal_count=254322 47063 28656 18407 207259 73258 134001
is_linear=0
shrinkage=0.12


Tree=831
num_leaves=8
num_cat=0
split_feature=75 73 62 71 76 76 73
split_gain=1.84606 3.95595 4.16131 3.20795 8.62443 4.52558 3.19712
threshold=5.5000000000000009 2466.407104492188 -1.7670350074768064 103.50000000000001 0.40507028996944433 0.075815152376890196 2654.869750976563
decision_type=2 2 2 2 2 2 2
left_child=3 2 -2 5 -5 -1 -3
right_child=1 6 -4 4 -6 -7 -8
leaf_value=-0.17631117937815119 -0.0071256612185171151 0.12874304271998113 -0.058955965003582238 -0.019564412086921633 -0.34943706405962349 0.0041587423152723013 0.0081327178826138078
leaf_weight=2.0065927897425118 58.664674808821943 3.5038915845910585 35.991212916388989 52.867712613008962 1.1664836468739839 706.51667046659031 32.707595771170475
leaf_count=3636 14992 2700 13664 24460 957 178206 15707
internal_value=-0.000761475 -0.0139287 -0.0268332 0.00149824 -0.0266857 0.00364764 0.0198032
internal_weight=893.425 130.867 94.6559 762.557 54.0342 708.523 36.2115
internal_count=254322 47063 28656 207259 25417 181842 18407
is_linear=0
shrinkage=0.12


Tree=832
num_leaves=8
num_cat=0
split_feature=47 47 23 50 29 76 75
split_gain=1.82705 3.04884 3.96855 2.95516 4.55316 3.07388 2.1343
threshold=0.17112170904874804 0.14902985095977786 5.855299949645997 0.21811801940202716 154.15518951416018 0.52458706498146068 5.5000000000000009
decision_type=2 2 2 2 2 2 2
left_child=1 6 -3 4 -2 -5 -1
right_child=3 2 -4 5 -6 -7 -8
leaf_value=0.0031817544152908102 -0.020275788576944353 0.039385145584078914 -0.063284820950268411 -0.022431393678132298 -0.20751988729824741 0.013505836689566867 -0.018229569632176826
leaf_weight=483.76072079137754 114.32590381282651 52.99694500911454 6.0391307445902944 50.601064897647177 1.9011723421326667 106.21848297886734 77.824303351939022
leaf_count=122691 27352 9711 8846 30304 420 28182 26816
internal_value=-0.000657348 0.00294159 0.0288825 -0.00883755 -0.0233386 0.00190995 0.000214579
internal_weight=893.668 620.621 59.0361 273.047 116.227 156.82 561.585
internal_count=254322 168064 18557 86258 27772 58486 149507
is_linear=0
shrinkage=0.12


Tree=833
num_leaves=7
num_cat=0
split_feature=47 28 49 47 70 41
split_gain=1.42288 2.7313 2.70004 2.59833 4.15287 1.97769
threshold=0.1699234023690224 148.35223388671878 1.7010416984558108 0.14902985095977786 13.500000000000002 0.083642993122339263
decision_type=2 2 2 2 2 2
left_child=3 2 -2 5 -5 -1
right_child=1 -3 -4 4 -6 -7
leaf_value=-0.0064972780795310098 -0.0036423853316756034 0.11737833198454138 -0.036031047246973182 0.044281881169964996 -0.036834708324242488 0.0077739545080441055
leaf_weight=298.42531446093096 230.21188314321122 2.4905521802176045 44.175750783180803 43.814821230321343 11.467102842635482 263.11101421135083
leaf_count=92693 76611 538 10043 4973 12650 56814
internal_value=-0.000574698 -0.00772138 -0.00885688 0.00263331 0.0274559 0.000189588
internal_weight=893.696 276.878 274.388 616.818 55.2819 561.536
internal_count=254322 87192 86654 167130 17623 149507
is_linear=0
shrinkage=0.12


Tree=834
num_leaves=8
num_cat=0
split_feature=55 47 66 66 45 76 57
split_gain=1.346 2.7283 2.49034 4.86473 2.47333 1.87382 1.76413
threshold=0.12326975911855699 0.029509007930755619 11.741927146911623 11.746354103088381 0.72239583730697643 0.74715355038642894 2.6265624761581425
decision_type=2 2 2 2 2 2 2
left_child=2 5 4 -4 -1 -2 -3
right_child=1 6 3 -5 -6 -7 -8
leaf_value=-0.0008631135070867787 0.10950428049885184 -0.00039210143459201044 -0.40547649296457194 -0.036700982515216619 0.018151036988285057 -0.049717793645414898 -0.016302094274771414
leaf_weight=310.13034674717738 4.7787261978201618 262.54509875474992 0.55224709695357699 7.6591533987556204 144.37212722281868 1.3693364813090054 162.45781530696945
leaf_count=84845 1582 71174 363 8026 38903 382 49047
internal_value=-0.000501566 -0.0053256 0.00399341 -0.0615025 0.00517671 0.0740413 -0.00647371
internal_weight=893.865 431.151 462.714 8.2114 454.502 6.14806 425.003
internal_count=254322 122185 132137 8389 123748 1964 120221
is_linear=0
shrinkage=0.12


Tree=835
num_leaves=8
num_cat=0
split_feature=75 49 2 51 76 76 28
split_gain=2.53073 2.54595 3.45687 1.74769 2.87901 2.65894 1.46589
threshold=11.500000000000002 1.3510416746139529 183.65999603271487 0.21112306416034701 0.49150928854942327 0.92335057258605968 82.116237640380874
decision_type=2 2 2 2 2 2 2
left_child=3 2 -2 4 -1 -5 -3
right_child=1 6 -4 5 -6 -7 -8
leaf_value=-0.01642965828792467 -0.11400440756473509 0.13102800199238496 0.048843876427958087 0.0069813773902013179 0.0011196647502614227 0.11125300672492287 0.031656518506802567
leaf_weight=187.37778133095264 2.690096251783169 5.2430663842235541 6.2106627702449089 204.57817741140184 478.03074590650704 3.583273720698684 3.6091766292222234
leaf_count=75787 578 3380 4470 55387 110480 1451 2129
internal_value=9.1416e-05 0.0449452 -0.000374124 -0.000820119 -0.00382219 0.0087763 0.0905129
internal_weight=891.323 17.753 8.90076 873.57 665.409 208.161 8.85224
internal_count=253662 10557 5048 243105 186267 56838 5509
is_linear=0
shrinkage=0.12


Tree=836
num_leaves=6
num_cat=0
split_feature=28 51 71 19 71
split_gain=1.27859 1.1829 2.55128 1.77844 0.136656
threshold=158.59754943847659 0.17244838178157809 53.500000000000007 0.49062500894069677 80.500000000000014
decision_type=2 2 2 2 2
left_child=1 3 -3 -1 -2
right_child=4 2 -4 -5 -6
leaf_value=-0.0040173073214180011 0.13126603511014912 -0.0042332673578952358 0.017812379848854074 0.056251216080958934 0.066907421466944256
leaf_weight=577.6221935280422 0.9299751453660281 163.72621940068746 140.42585518379394 7.1376177715442273 0.97129672533992562
leaf_count=169455 550 42492 39957 1101 107
internal_value=8.56484e-05 -0.000124607 0.00594512 -0.00328167 0.0983874
internal_weight=890.813 888.912 304.152 584.76 1.90127
internal_count=253662 253005 82449 170556 657
is_linear=0
shrinkage=0.12


Tree=837
num_leaves=8
num_cat=0
split_feature=75 49 34 0 76 71 72
split_gain=1.9606 2.05743 2.74726 1.40599 4.03446 2.58861 1.36974
threshold=11.500000000000002 1.3510416746139529 1.1173857450485232 26.348500251770023 0.92677792906761181 128.50000000000003 29.806249618530277
decision_type=2 2 2 2 2 2 2
left_child=3 2 -2 4 -1 -5 -3
right_child=1 6 -4 5 -6 -7 -8
leaf_value=-0.0074868607052757967 0.04345729625245761 0.11659506432546382 -0.1033294295435718 0.0014742906388467082 -0.1409367756976215 0.15231878597591977 0.014347100018251735
leaf_weight=188.057862043456 6.1072904238909924 5.6315636554117123 2.6253315378480657 680.52792328118232 3.3197911133684093 1.6421677884828785 2.837124037362468
leaf_count=91054 4470 3659 578 150389 676 986 1850
internal_value=7.75018e-05 0.0401975 -0.000671927 -0.000712514 -0.00980179 0.00183741 0.0823406
internal_weight=890.749 17.2013 8.73262 873.548 191.378 682.17 8.46869
internal_count=253662 10557 5048 243105 91730 151375 5509
is_linear=0
shrinkage=0.12


Tree=838
num_leaves=7
num_cat=0
split_feature=75 66 33 29 23 2
split_gain=1.57047 1.86314 1.62269 1.20384 2.93266 2.37517
threshold=11.500000000000002 9.3447918891906756 0.21318151056766513 -1.0000000180025095e-35 9.2112751007080096 128.33499908447268
decision_type=2 2 2 2 2 2
left_child=3 -2 -3 4 -1 -5
right_child=1 2 -4 5 -6 -7
leaf_value=0.019407558770020934 -0.083153841771892473 -0.0094614318289526784 0.07603569684902306 0.062406286716347688 -0.13810067466034168 -0.0025420435743937122
leaf_weight=62.833997134496478 1.6857744152422274 4.6058351222951872 10.448093850461287 8.1910953602471164 1.7496262787113952 800.72232289943156
leaf_count=20566 439 914 9204 775 614 221150
internal_value=7.21229e-05 0.0364804 0.0498774 -0.000625606 0.0151405 -0.00188437
internal_weight=890.237 16.7397 15.0539 873.497 64.5836 808.913
internal_count=253662 10557 10118 243105 21180 221925
is_linear=0
shrinkage=0.12


Tree=839
num_leaves=8
num_cat=0
split_feature=75 53 13 33 0 76 71
split_gain=1.24683 1.81088 1.61035 1.27536 1.11276 3.12186 2.19439
threshold=11.500000000000002 1.6632812619209292 0.57449999451637279 0.22786953300237658 26.348500251770023 0.92677792906761181 128.50000000000003
decision_type=2 2 2 2 2 2 2
left_child=4 2 -2 -3 5 -1 -6
right_child=1 3 -4 -5 6 -7 -8
leaf_value=-0.0065949710507678862 -0.17808713861420367 0.0041288731052559523 0.01779706311086799 0.0787212606491621 0.001400587889528001 -0.12410923298487939 0.14575899863448169
leaf_weight=188.40977749823412 1.0099766939358521 5.3927240966987364 1.5047500776778688 8.5083374160344878 680.47131575650462 3.3125623233649995 1.5197136843835313
leaf_count=91054 23 1145 1074 8315 150389 676 986
internal_value=6.72536e-05 0.0328324 -0.0608749 0.0497842 -0.000548355 -0.00862537 0.00172227
internal_weight=890.129 16.4158 2.51473 13.9011 873.713 191.722 681.991
internal_count=253662 10557 1097 9460 243105 91730 151375
is_linear=0
shrinkage=0.12


Tree=840
num_leaves=7
num_cat=0
split_feature=1 24 83 1 76 45
split_gain=1.41028 1.16572 4.55538 2.25717 0.0195235 0.0158656
threshold=0.40164999663829809 1.04678350687027 0.37500000000000006 20.707299232482914 0.89873722195625316 0.80078125000000011
decision_type=2 2 2 2 2 2
left_child=4 2 -2 -3 5 -1
right_child=1 3 -4 -5 -6 -7
leaf_value=0.074640709531762439 -0.0032107145085077849 -0.0019557673476365786 -0.067304313971593713 0.020343108997371462 0.13478175348709356 0.12228546303893484
leaf_weight=0.16793054519700834 118.63248158749673 676.82217404971777 18.451928667310199 72.355497196279657 0.85995730079980603 0.25118251957383109
leaf_count=602 2101 243658 924 6733 165 225
internal_value=-0.00148208 -0.0016638 -0.0118379 0.000197856 0.124432 0.103195
internal_weight=887.541 886.262 137.084 749.178 1.27907 0.419113
internal_count=254408 253416 3025 250391 992 827
is_linear=0
shrinkage=0.12


Tree=841
num_leaves=8
num_cat=0
split_feature=23 23 81 13 28 50 20
split_gain=1.23393 2.7912 3.87932 3.2118 2.52994 13.6533 3.9312
threshold=6.9000706672668466 6.6012666225433358 1.0000000180025095e-35 6.7865500450134286 24.332634925842289 0.60648617148399364 25.459620475769047
decision_type=2 2 2 2 2 2 2
left_child=1 3 -3 -1 5 -2 -6
right_child=4 2 -4 -5 6 -7 -8
leaf_value=-0.0023447123301870085 -0.026315105464690524 -0.039248501435523706 -0.28520320944801741 0.092544503506477888 0.05838175275915608 -1.017531875693698 -0.0029331276562975712
leaf_weight=801.07737287161763 3.969138523980404 11.248493056971025 1.0060285205203179 5.1697629294314984 24.092080178241751 0.21073126697916666 40.153726765886695
leaf_count=156362 7714 9048 1079 3072 33075 452 43606
internal_value=-0.00130606 -0.0026002 -0.05944 -0.00173627 0.0141743 -0.076288 0.0200599
internal_weight=886.927 818.502 12.2545 806.247 68.4257 4.17987 64.2458
internal_count=254408 169561 10127 159434 84847 8166 76681
is_linear=0
shrinkage=0.12


Tree=842
num_leaves=8
num_cat=0
split_feature=19 76 51 8 88 33 31
split_gain=1.07458 1.98449 1.50207 1.37085 1.14284 5.76283 5.03964
threshold=0.12812499701976779 0.53169932961463939 0.064780429005622878 13.711093425750734 0.87002858519554149 0.20432233810424807 1.1885416507720949
decision_type=2 2 2 2 2 2 2
left_child=1 3 -3 -1 5 -2 -6
right_child=4 2 -4 -5 6 -7 -8
leaf_value=0.10852000414367965 -0.12126809360297325 -0.10278426775619051 0.017782577559737469 -0.073021722883802639 0.0031979366500151881 -0.0027760821822198239 0.1139314614924589
leaf_weight=4.983102620131894 5.9603499548794607 1.729273462330865 10.663942344934464 0.68079537975563642 151.04337824381139 705.84623662928198 6.1597483237906081
leaf_count=2840 12171 666 3629 18 33441 200275 1368
internal_value=-0.00112114 0.0278529 0.000959418 0.0866989 -0.00172319 -0.00376828 0.00753685
internal_weight=887.067 18.0571 12.3932 5.6639 869.01 711.807 157.203
internal_count=254408 7153 4295 2858 247255 212446 34809
is_linear=0
shrinkage=0.12


Tree=843
num_leaves=8
num_cat=0
split_feature=23 7 5 7 50 53 24
split_gain=1.02562 2.57062 3.6198 2.50608 14.2101 2.40157 1.6237
threshold=6.9000706672668466 2.2427999973297124 1.709150016307831 3.5075500011444096 0.53491884469985973 2.5385416746139531 10.54177236557007
decision_type=2 2 2 2 2 2 2
left_child=3 2 -2 4 -1 -3 -5
right_child=1 5 -4 6 -6 -7 -8
leaf_value=-0.029736415487401902 0.012801437890578412 0.069949788073071312 -0.076883435491983093 -0.0016655109685078807 -0.73495780151680545 -0.046858504615224686 0.055460635651519714
leaf_weight=18.207729955926428 41.458865809303688 15.674180222281452 7.681163815865431 792.27904604109733 0.42095493748411072 3.0235319235542866 7.2301082263018079
leaf_count=14715 52524 22286 8442 150426 1054 1595 3366
internal_value=-0.000987018 0.0131919 -0.00121736 -0.00216269 -0.0456724 0.0510612 -0.00114891
internal_weight=885.976 67.8377 49.14 818.138 18.6287 18.6977 799.509
internal_count=254408 84847 60966 169561 15769 23881 153792
is_linear=0
shrinkage=0.12


Tree=844
num_leaves=7
num_cat=0
split_feature=1 6 6 51 76 33
split_gain=1.20749 0.898424 2.90485 2.80758 0.0195792 0.0197475
threshold=0.40164999663829809 2.1583000421524052 2.2396999597549443 0.17768145352602008 0.89473274350166332 0.2097679600119591
decision_type=2 2 2 2 2 2
left_child=4 3 -3 -2 5 -1
right_child=1 2 -4 -5 -6 -7
leaf_value=0.06345926624448886 -0.0083203364095750295 -0.14298653037862927 -0.0016255988083101259 0.04730913970818218 0.13287795331359961 0.12055837189998495
leaf_weight=0.13830352993065165 32.661574735721217 2.0985806487487926 828.42063487278165 21.77333725562022 0.7761822146378563 0.23613895615542901
leaf_count=61 45018 3051 182552 22795 175 756
internal_value=-0.000844193 -0.00100392 -0.00198279 0.0139308 0.122006 0.0994683
internal_weight=886.105 884.954 830.519 54.4349 1.15062 0.374442
internal_count=254408 253416 185603 67813 992 817
is_linear=0
shrinkage=0.12


Tree=845
num_leaves=7
num_cat=0
split_feature=28 50 24 75 43 90
split_gain=1.36261 3.06995 5.12467 4.57522 2.07379 1.81156
threshold=45.591672897338874 0.21811801940202716 1.5954986810684206 10.500000000000002 1.0000000180025095e-35 0.73945000767707836
decision_type=2 2 2 2 2 2
left_child=1 2 -1 -3 5 -2
right_child=4 3 -4 -5 -6 -7
leaf_value=-0.050448017486417293 -0.0069635796009605176 0.020873630284165032 0.00556823387107466 -0.10727732669623127 -0.098179408614623973 0.010164701989893948
leaf_weight=31.000703881677566 504.81332608162143 145.47754072063924 97.434817893440538 4.1254863310306282 3.3815312026035818 107.92771244591847
leaf_count=608 143007 54426 26065 2996 182 26975
internal_value=-0.00131695 0.00565637 -0.00795251 0.0173397 -0.00446381 -0.00394662
internal_weight=894.161 278.039 128.436 149.603 616.123 612.741
internal_count=254259 84095 26673 57422 170164 169982
is_linear=0
shrinkage=0.12


Tree=846
num_leaves=8
num_cat=0
split_feature=22 12 54 63 2 41 28
split_gain=1.16828 3.49966 4.20407 2.80565 13.7404 2.25672 2.05219
threshold=2.4321333169937138 2.5647000074386601 0.27561974525451666 19999991.000000004 309.83499145507818 0.18589674681425097 24.947354316711429
decision_type=2 2 2 2 2 2 2
left_child=1 5 -3 6 -5 -1 -2
right_child=3 2 -4 4 -6 -7 -8
leaf_value=-0.0038589419648702699 0.026002832083546156 0.053502462020934616 -0.23821173541609644 -1.111589429605673 -0.0056284092336607227 0.0156312831055321 -0.0087150990021565185
leaf_weight=416.73650021438891 26.580437052418574 25.23034429106281 0.73204764377419351 0.1950430801823575 0.94807612967406385 107.6445831738547 315.86407155206609
leaf_count=83771 16218 10131 631 337 2161 15351 125659
internal_value=-0.00115646 0.00227124 0.0452772 -0.00664682 -0.194331 0.000141998 -0.0060203
internal_weight=893.931 550.343 25.9624 343.588 1.14312 524.381 342.445
internal_count=254259 109884 10762 144375 2498 99122 141877
is_linear=0
shrinkage=0.12


Tree=847
num_leaves=8
num_cat=0
split_feature=0 88 88 0 0 66 0
split_gain=1.22275 5.74086 4.41554 4.35028 3.80515 3.32993 2.57899
threshold=49.451950073242195 0.93237143754959118 0.58708569407463085 52.631750106811531 47.90520095825196 11.675520896911623 48.103899002075202
decision_type=2 2 2 2 2 2 2
left_child=1 4 5 -4 -1 -2 -3
right_child=2 6 3 -5 -6 -7 -8
leaf_value=-0.004067777625879768 0.00020942777869880527 0.040597329434419058 -0.15711721864256198 -0.020433208413532546 0.069242601207944551 0.077796029696460975 -0.12299857454005657
leaf_weight=374.1698537274213 308.37444305402209 61.879284688571317 3.4443529794511241 126.53368625994626 10.480963149862928 8.1769196855958608 1.4194403649659637
leaf_count=140378 60163 18142 2990 17664 6056 8097 769
internal_value=-0.000989077 0.00344064 -0.00543288 -0.0240553 -0.00207022 0.00221359 0.0369288
internal_weight=894.479 447.95 446.529 129.978 384.651 316.551 63.2987
internal_count=254259 165345 88914 20654 146434 68260 18911
is_linear=0
shrinkage=0.12


Tree=848
num_leaves=8
num_cat=0
split_feature=51 58 47 0 62 69 51
split_gain=1.14836 4.46441 2.92673 1.84979 1.4631 3.28523 1.89351
threshold=0.40814051032066351 -3.3888005018234248 0.087427869439125075 9.4320001602172869 -51.314849853515618 2.5000000000000004 0.30281835794448858
decision_type=2 2 2 2 2 2 2
left_child=4 3 -3 -2 5 -1 -6
right_child=1 2 -4 -5 6 -7 -8
leaf_value=0.09979026470502142 -0.093868365046656244 0.01056482817719254 -0.062050443784195684 0.066301369823331846 -3.0441602848942883e-05 -0.026709784628348377 0.024719341344015849
leaf_weight=3.1433701422613956 1.1642385389841319 11.735751255458096 25.059147287744672 9.5985758864131672 746.63570395926081 49.672966822661074 47.334949643173331
leaf_count=266 1233 2669 6059 2870 217620 9453 14089
internal_value=-0.00086046 -0.0190049 -0.0388898 0.0489754 0.00015858 -0.0191811 0.00144509
internal_weight=894.345 47.5577 36.7949 10.7628 846.787 52.8163 793.971
internal_count=254259 12831 8728 4103 241428 9719 231709
is_linear=0
shrinkage=0.12


Tree=849
num_leaves=8
num_cat=0
split_feature=49 1 1 1 90 8 88
split_gain=1.11627 3.14628 4.18992 3.97507 2.46016 4.6592 2.25251
threshold=1.3260416984558108 8.2396502494812029 9.8682498931884783 5.4205501079559335 0.73945000767707836 13.012866020202638 0.85792857408523571
decision_type=2 2 2 2 2 2 2
left_child=1 3 -3 -1 6 -6 -2
right_child=4 2 -4 -5 5 -7 -8
leaf_value=-0.010455092738509298 -0.014795979733794637 -0.044631934268368825 0.003495105818884142 0.066069685394408939 -0.0072078896911157656 0.059220037260065451 0.0060617159698234781
leaf_weight=16.363987907512662 265.39009678659352 27.913809971073022 389.89847381486874 24.274710294241604 43.339902474362027 23.421088739804524 103.68883567277607
leaf_count=15366 76583 19055 81086 21202 16759 475 23733
internal_value=-0.000753604 0.00338013 0.000279765 0.0352554 -0.00510179 0.0160964 -0.00893623
internal_weight=894.291 458.451 417.812 40.6387 435.84 66.761 369.079
internal_count=254259 136709 100141 36568 117550 17234 100316
is_linear=0
shrinkage=0.12


Tree=850
num_leaves=8
num_cat=0
split_feature=12 65 73 41 24 82 7
split_gain=1.9516 2.16971 1.77064 1.57339 1.486 3.93887 1.69785
threshold=4.211750030517579 40.500000000000007 3677.403930664063 0.039329145103693015 0.81030231714248668 1.0000000180025095e-35 11.278299808502199
decision_type=2 2 2 2 2 2 2
left_child=4 2 -2 -3 5 -1 -6
right_child=1 3 -4 -5 6 -7 -8
leaf_value=-0.027950222525543928 0.015616035459970238 0.10711005310756726 -0.12296798313332191 0.016896235766521928 -0.00042396520761820263 0.037053842867164649 0.020240106358017099
leaf_weight=69.412847668772542 29.062332028740531 6.8406788659147519 1.3911440073423751 4.6942964404344281 708.22635075256426 16.641210042005696 62.293267539958151
leaf_count=1475 7284 6799 135 1476 235393 454 1318
internal_value=0.000814489 0.0260737 0.00928538 0.0703965 -0.000423694 -0.0153797 0.00124664
internal_weight=898.562 41.9885 30.4535 11.535 856.574 86.0541 770.52
internal_count=254334 15694 7419 8275 238640 1929 236711
is_linear=0
shrinkage=0.12


Tree=851
num_leaves=8
num_cat=0
split_feature=12 51 76 77 24 82 7
split_gain=1.54878 1.54339 1.90369 1.71593 1.15364 3.06548 1.32006
threshold=4.211750030517579 0.45229184627532965 0.77359098196029674 1.0000000180025095e-35 0.81030231714248668 1.0000000180025095e-35 11.278299808502199
decision_type=2 2 2 2 2 2 2
left_child=4 3 -3 -2 5 -1 -6
right_child=1 2 -4 -5 6 -7 -8
leaf_value=-0.024630124784180786 0.04201686008385435 0.038978138983869329 -0.17981741796371706 -0.019824768548398066 -0.00037304445671474095 0.032950154665771163 0.017875914266349401
leaf_weight=69.323291510088438 30.813610250102592 1.1260165349074207 1.1652111893477011 8.1752006356621987 708.30622131944426 16.479078451375244 62.082432998625904
leaf_count=1475 13224 617 114 1739 235393 454 1318
internal_value=0.00072212 0.023425 -0.072291 0.0290499 -0.000372467 -0.0135713 0.00109756
internal_weight=897.471 41.28 2.29123 38.9888 856.191 85.8024 770.389
internal_count=254334 15694 731 14963 238640 1929 236711
is_linear=0
shrinkage=0.12


Tree=852
num_leaves=8
num_cat=0
split_feature=33 2 77 29 2 29 29
split_gain=1.29517 4.51086 10.2917 4.75081 2.03619 3.04941 2.1554
threshold=0.21150749176740649 162.08499908447268 1.0000000180025095e-35 4.3908841609954843 153.18000030517581 6.1685874462127694 75.306896209716811
decision_type=2 2 2 2 2 2 2
left_child=1 3 -3 -1 5 -2 -6
right_child=4 2 -4 -5 6 -7 -8
leaf_value=-0.0025044523110634661 0.14747169591945206 -0.066230852089619957 0.025672362468790427 0.074307091742361914 0.013426816315670571 -0.052851291511380558 -0.00072785335007737961
leaf_weight=79.206913187266323 1.1775825758407386 45.71137632870402 28.477601791257371 13.583696896097591 227.49230659490934 15.463099085517065 485.5685218019911
leaf_count=16627 113 5760 5721 649 51346 5049 169069
internal_value=0.000637985 -0.00889582 -0.0309536 0.00874006 0.00281963 -0.0386754 0.003788
internal_weight=896.681 166.98 74.189 92.7906 729.702 16.6407 713.061
internal_count=254334 28757 11481 17276 225577 5162 220415
is_linear=0
shrinkage=0.12


Tree=853
num_leaves=7
num_cat=0
split_feature=8 33 33 65 29 71
split_gain=1.21889 1.60216 1.02207 2.82011 2.56068 0.00440379
threshold=0.25022450089454656 0.21792351454496386 0.085724812000989928 34.500000000000007 -39.385406494140618 176.50000000000003
decision_type=2 2 2 2 2 2
left_child=1 -1 3 -2 -4 -3
right_child=2 5 4 -5 -6 -7
leaf_value=-0.014476652274003065 -0.096699537388204776 0.12219039880922981 0.062703666155135729 0.011251755459511169 8.1763326048646737e-05 0.13832742985461863
leaf_weight=2.2240178606408554 5.748000216168168 2.3615984918450299 9.5063037720487937 8.8503459955922015 865.03762827633943 0.27152307224332606
leaf_count=378 2007 3567 3404 3560 241331 87
internal_value=0.000564306 0.0605145 0.000236814 -0.0312533 0.000762464 0.123854
internal_weight=893.999 4.85714 889.142 14.5983 874.544 2.63312
internal_count=254334 4032 250302 5567 244735 3654
is_linear=0
shrinkage=0.12


Tree=854
num_leaves=8
num_cat=0
split_feature=12 65 49 41 28 2 45
split_gain=1.12315 1.77634 1.68968 1.35207 1.09843 3.16513 1.90554
threshold=4.211750030517579 40.500000000000007 1.2614583373069765 0.039329145103693015 111.46908187866212 235.43499755859378 1.1135416626930239
decision_type=2 2 2 2 2 2 2
left_child=4 2 -2 -3 6 -6 -1
right_child=1 3 -4 -5 5 -7 -8
leaf_value=0.00013952727922925018 -0.020788833662631238 0.10059004874199388 0.036456022636127759 0.013804775873986702 -0.064611611036437019 0.0069056951006857478 0.093807133519549488
leaf_weight=812.15890297955013 16.384462553181478 5.8920850963622211 13.578262049662493 4.6057761876272352 14.428669838686217 23.302941866311031 3.1396266860707547
leaf_count=227898 3490 6799 3929 1476 2709 7087 946
internal_value=0.000500468 0.0200359 0.00515292 0.0625143 -0.000426127 -0.0204427 0.000500231
internal_weight=893.491 40.4606 29.9627 10.4979 853.03 37.7316 815.299
internal_count=254334 15694 7419 8275 238640 9796 228844
is_linear=0
shrinkage=0.12


Tree=855
num_leaves=7
num_cat=0
split_feature=49 83 10 15 72 75
split_gain=1.46483 1.07126 4.06197 3.12062 0.395833 0.0834302
threshold=2.3203125000000004 1.0000000180025095e-35 2.5000000000000004 2.2256973981857304 14.403645515441896 4.5000000000000009
decision_type=2 2 2 2 2 2
left_child=1 3 -3 -1 5 -2
right_child=4 2 -4 -5 -6 -7
leaf_value=0.013273295006716219 0.092226454313990403 0.0045899646306123594 -0.019768970861538771 -0.0087324092217587485 0.020327951085831086 0.14074609796388388
leaf_weight=275.91802386684151 1.0735775076618379 341.09380467125357 138.64909109790676 139.82129843408518 0.91458135447169286 0.97271089381345621
leaf_count=17846 410 94956 25216 115211 561 249
internal_value=0.00169241 0.00141379 -0.00244994 0.00587234 0.0859575 0.11529
internal_weight=898.443 895.482 479.743 415.739 2.96087 2.04629
internal_count=254449 253229 120172 133057 1220 659
is_linear=0
shrinkage=0.12


Tree=856
num_leaves=7
num_cat=0
split_feature=49 49 53 1 51 79
split_gain=1.19143 1.04005 2.0172 1.91653 0.356993 0.0684613
threshold=2.3203125000000004 0.842708319425583 1.5507812500000002 2.4298499822616582 0.069199044257402434 1.0000000180025095e-35
decision_type=2 2 2 2 2 2
left_child=1 3 -3 -1 -2 -6
right_child=4 2 -4 -5 5 -7
leaf_value=-0.081381621916562966 0.022151812518719394 -0.026613202883640216 0.00086688845966553178 0.011958346862920936 0.094535300990740853 0.14400626853160789
leaf_weight=3.233568263186867 1.0194572694228576 40.717611252726329 695.55985831200871 155.49249814377558 1.224871658491409 0.60019995444369545
leaf_count=924 226 16080 198472 37753 797 197
internal_value=0.00149294 0.00124651 -0.000652815 0.0100568 0.0790321 0.110805
internal_weight=897.848 895.004 736.277 158.726 2.84453 1.82507
internal_count=254449 253229 214552 38677 1220 994
is_linear=0
shrinkage=0.12


Tree=857
num_leaves=6
num_cat=0
split_feature=49 43 20 72 49
split_gain=0.962267 0.940657 0.86137 0.329887 0.0471232
threshold=2.3203125000000004 8.6120243072509783 23.717915534973148 14.403645515441896 2.4229166507720952
decision_type=2 2 2 2 2
left_child=1 2 -1 4 -2
right_child=3 -3 -4 -5 -6
leaf_value=-0.0060897604230673143 0.11875706871442603 0.093809628304341447 0.0029119182569689577 0.012725931740336092 0.080256035933997869
leaf_weight=196.15544318461491 1.0076866567328715 1.5731252466612193 696.99462118293138 0.90193428568795742 0.83885111168932258
leaf_count=59614 383 136 193479 561 276
internal_value=0.00131603 0.00109825 0.000934951 0.0722113 0.101267
internal_weight=897.472 894.723 893.15 2.74847 1.84654
internal_count=254449 253229 253093 1220 659
is_linear=0
shrinkage=0.12


Tree=858
num_leaves=8
num_cat=0
split_feature=1 24 83 78 7 83 0
split_gain=0.888508 3.28437 5.01865 4.05591 2.40564 4.13661 3.62071
threshold=17.958049774169925 1.7376976013183596 0.37500000000000006 1.0000000180025095e-35 9.2115001678466815 1.0000000180025095e-35 69.028301239013686
decision_type=2 2 2 2 2 2 2
left_child=4 3 -3 -2 6 -6 -1
right_child=1 2 -4 -5 5 -7 -8
leaf_value=-0.0044825742662617041 0.0080780674463951981 0.0029929742045458852 0.054538798108205978 -0.024071243678789649 0.0057556093273690174 -0.026645430535487881 0.023887019608633913
leaf_weight=189.89470898875388 183.80322351466808 72.199779684571624 43.639913110373598 81.591937818197124 107.73602693649745 119.870844155321 98.324076796649166
leaf_count=170591 4640 16826 6735 1446 5088 4201 44922
internal_value=0.00115984 0.00555279 0.0224117 -0.00180578 -0.00208689 -0.0113086 0.00519554
internal_weight=897.061 381.235 115.84 265.395 515.826 227.607 288.219
internal_count=254449 29647 23561 6086 224802 9289 215513
is_linear=0
shrinkage=0.12


Tree=859
num_leaves=8
num_cat=0
split_feature=72 41 49 74 72 18 71
split_gain=0.891687 2.16574 3.49602 2.26158 1.91969 1.50931 1.45255
threshold=37.389062881469734 0.20185274630784991 1.3489583730697634 50.500000000000007 35.607292175292976 1.5000000000000002 130.50000000000003
decision_type=2 2 2 2 2 2 2
left_child=4 3 -3 -2 6 -6 -1
right_child=1 2 -4 -5 5 -7 -8
leaf_value=0.001352384954150873 -0.069770920022244332 -0.21980171528320472 -0.011991714123390434 0.032080365644160891 0.1451083725916284 0.027528809591197818 -0.082027370613889511
leaf_weight=865.39321863981297 4.6492089797365983 1.9179443915252239 2.9723985606949554 9.6669431479285937 2.2070262773309794 5.4645789987983182 3.0191436586870841
leaf_count=233500 1939 483 1593 11002 1143 2801 1988
internal_value=0.00102973 -0.0245475 -0.0934928 -0.000996114 0.00159047 0.061355 0.0010625
internal_weight=895.29 19.2065 4.89034 14.3162 876.084 7.67161 868.412
internal_count=254449 15017 2076 12941 239432 3944 235488
is_linear=0
shrinkage=0.12


Tree=860
num_leaves=8
num_cat=0
split_feature=14 55 55 69 1 2 55
split_gain=1.8676 3.8537 8.44942 1.7803 4.0957 1.91026 1.33676
threshold=8.7207002639770526 0.18208672106266025 0.19699192047119143 20.500000000000004 15.274499893188478 296.80999755859381 0.024418387562036518
decision_type=2 2 2 2 2 2 2
left_child=3 6 -3 5 -5 -1 -2
right_child=1 2 -4 4 -6 -7 -8
leaf_value=-0.0027588035223089719 -0.14092214370743467 -0.61457456027471991 -0.069350121625178562 0.0078594426128039737 -0.024553102317124393 0.010848432628805076 0.024906294618732422
leaf_weight=426.73008567407743 0.83543428834325695 0.51910612123208499 1.9348966797042377 100.01181637565016 127.97304845134498 227.91053781235945 4.317910107000408
leaf_count=117672 163 258 1600 34753 20838 75263 3849
internal_value=-0.00171224 -0.0609152 -0.184684 -0.00120197 -0.0103345 0.0019785 -0.00197698
internal_weight=890.233 7.60735 2.454 882.625 227.985 654.641 5.15334
internal_count=254396 5870 1858 248526 55591 192935 4012
is_linear=0
shrinkage=0.12


Tree=861
num_leaves=7
num_cat=0
split_feature=69 23 58 51 49 57
split_gain=1.4004 3.86525 3.36081 1.37208 2.83291 2.29175
threshold=20.500000000000004 0.41155417263507849 -0.95010185241699208 0.11930489912629129 0.70104166865348827 5.6572916507720956
decision_type=2 2 2 2 2 2
left_child=3 -2 -3 5 -5 -1
right_child=1 2 -4 4 -6 -7
leaf_value=0.00011953052398448615 -0.070717250549343372 -0.031006443978998727 0.0032365713842948483 0.062997983413898007 0.0041417014813919344 -0.027748567600966841
leaf_weight=230.61335552188169 13.978857042040884 55.632795009653989 159.89442273402034 12.167179486658538 366.57989403835415 52.091010429457839
leaf_count=69292 282 15779 39947 4963 104042 20091
internal_value=-0.00149179 -0.00956843 -0.00560238 0.00131058 0.00603245 -0.00501544
internal_weight=890.958 229.506 215.527 661.451 378.747 282.704
internal_count=254396 56008 55726 198388 109005 89383
is_linear=0
shrinkage=0.12


Tree=862
num_leaves=7
num_cat=0
split_feature=15 23 0 47 76 76
split_gain=1.26037 2.3547 1.97244 1.29153 3.28732 1.79664
threshold=12.719323158264162 8.4288582801818865 23.823249816894535 0.34194551408290869 0.4131030291318894 0.59409910440444957
decision_type=2 2 2 2 2 2
left_child=3 -2 -3 5 -5 -1
right_child=1 2 -4 4 -6 -7
leaf_value=0.0067686134334839854 -0.30966906681402823 -0.092010114937962267 0.030286494114565958 -0.074061582870345949 -0.0045963065361712494 -0.0045727677480289653
leaf_weight=360.73791895802822 0.46832872657988556 3.8979952923711814 3.7032094821502497 11.900314423245332 55.848732232362465 454.62129515510651
leaf_count=125343 82 3042 2789 7818 13023 102299
internal_value=-0.00130923 -0.0485189 -0.0324288 -0.000877849 -0.0167981 0.000444979
internal_weight=891.178 8.06953 7.6012 883.108 67.749 815.359
internal_count=254396 5913 5831 248483 20841 227642
is_linear=0
shrinkage=0.12


Tree=863
num_leaves=7
num_cat=0
split_feature=69 23 63 3 54 3
split_gain=1.00996 2.98124 2.86176 1.32619 5.2334 2.32284
threshold=20.500000000000004 0.41155417263507849 19999967.000000004 0.59362000226974498 0.31281670928001409 0.56347000598907482
decision_type=2 2 2 2 2 2
left_child=3 -2 -3 5 -5 -1
right_child=1 2 -4 4 -6 -7
leaf_value=-0.00056829048841999796 -0.061697523752163926 -0.0024280168617627595 -0.095534333795905993 0.02590902013023481 -0.010284867091363866 -0.039164537872828586
leaf_weight=406.95716513287914 13.981782374922686 211.32599305376274 4.8631643846694024 120.15054181850992 110.37432142256152 23.765139324469033
leaf_count=108685 282 54217 1509 42119 36601 10983
internal_value=-0.00114937 -0.00799555 -0.00452244 0.00123369 0.00857954 -0.00269784
internal_weight=891.418 230.171 216.189 661.247 230.525 430.722
internal_count=254396 56008 55726 198388 78720 119668
is_linear=0
shrinkage=0.12


Tree=864
num_leaves=8
num_cat=0
split_feature=53 65 74 55 55 57 90
split_gain=1.06385 2.83308 2.61274 1.60624 3.65655 1.7061 0.204299
threshold=2.5882812738418584 44.500000000000007 31.500000000000004 0.2461328208446503 0.2537433803081513 1.307291626930237 0.73945000767707836
decision_type=2 2 2 2 2 2 2
left_child=3 2 -2 5 -5 -1 -3
right_child=1 6 -4 4 -6 -7 -8
leaf_value=-0.0024521384195115054 -0.036067787495602258 0.11386887760769235 0.035208506179169832 -0.090740787288407593 -0.0068915859282290765 0.0096749757699238666 0.028713601089293363
leaf_weight=415.0341423140527 42.647912062883677 2.3593446427777844 8.9619616113457692 7.9311337494378042 134.41011550087339 279.58635898185355 0.48994972671658832
leaf_count=108901 9169 2861 1861 2615 36898 91609 482
internal_value=-0.00100812 -0.0172598 -0.0236908 4.93379e-05 -0.0115636 0.00242905 0.099226
internal_weight=891.421 54.4592 51.6099 836.962 142.341 694.621 2.84929
internal_count=254396 14373 11030 240023 39513 200510 3343
is_linear=0
shrinkage=0.12


Tree=865
num_leaves=8
num_cat=0
split_feature=49 76 22 90 41 49 19
split_gain=1.52041 2.46922 5.21822 2.99954 2.07594 3.86702 2.67508
threshold=1.3114583492279055 0.83568090200424205 1.2659249901771548 0.46462500095367437 0.075476512312889113 0.85104167461395275 0.44062499701976782
decision_type=2 2 2 2 2 2 2
left_child=4 3 -3 -2 6 -6 -1
right_child=1 2 -4 -5 5 -7 -8
leaf_value=0.0037375436980715097 -0.0045159118233373688 -0.084866979546155463 0.0025848532581732877 0.021584305286033358 -0.0064681374435063268 0.034340485434888629 -0.064471826979914035
leaf_weight=287.90229223586368 333.66825586574731 15.691479084917203 26.281897263815551 78.281318114494809 52.863816468266023 90.992709178518382 8.5248027988934592
leaf_count=100720 90338 1891 12450 18823 8805 20027 1349
internal_value=0.00249195 -0.00238129 -0.0301085 0.00044382 0.00751616 0.0193443 0.00177594
internal_weight=894.207 453.923 41.9734 411.95 440.284 143.857 296.427
internal_count=254403 123502 14341 109161 130901 28832 102069
is_linear=0
shrinkage=0.12


Tree=866
num_leaves=8
num_cat=0
split_feature=49 58 76 28 69 6 62
split_gain=1.1803 2.11734 3.80797 2.61752 1.80536 3.07189 2.30293
threshold=1.3114583492279055 -2.0622953176498409 0.726984202861786 23.051969528198246 8.5000000000000018 3.7390500307083134 7.2217829227447519
decision_type=2 2 2 2 2 2 2
left_child=4 2 -2 -3 5 -1 -6
right_child=1 3 -4 -5 6 -7 -8
leaf_value=0.073606407536247628 0.0043818530030023629 0.15937830541727879 0.11435806604500537 -0.010514856466595687 0.0052179642770804084 0.011960637822823255 -0.039229955260787756
leaf_weight=14.215069475807438 202.85563537470765 1.3128630730695636 4.637405300575181 245.24829736398729 343.3144618068963 64.263176258247341 17.648647586105142
leaf_count=14755 51907 525 688 70382 98225 14862 3059
internal_value=0.00219777 -0.00209292 0.00683979 -0.00961023 0.00663114 0.0231268 0.00304476
internal_weight=893.496 454.054 207.493 246.561 439.441 78.4782 360.963
internal_count=254403 123502 52595 70907 130901 29617 101284
is_linear=0
shrinkage=0.12


Tree=867
num_leaves=7
num_cat=0
split_feature=41 88 41 88 29 22
split_gain=1.10434 7.03424 2.72817 1.63494 4.694 3.20063
threshold=0.48856323957443243 0.97262859344482433 0.51173946261405956 0.91499999165534984 3.4596813917160039 0.14085000008344653
decision_type=2 2 2 2 2 2
left_child=3 2 -2 4 -1 -5
right_child=1 -3 -4 5 -6 -7
leaf_value=-0.055813607428858679 -0.12109483493529614 -0.19186579367579076 0.015815037440712647 -0.026054625117289829 0.0020361037717163254 0.022807146348173424
leaf_weight=20.790249658889707 2.3484860262347587 3.1079114081870776 19.484932955756733 23.192566710843494 708.739637099898 115.15346659841714
leaf_count=13121 421 411 3136 644 206477 30193
internal_value=0.00194015 -0.0229553 0.00108849 0.00265561 0.000387494 0.0146159
internal_weight=892.817 24.9413 21.8334 867.876 729.53 138.346
internal_count=254403 3968 3557 250435 219598 30837
is_linear=0
shrinkage=0.12


Tree=868
num_leaves=7
num_cat=0
split_feature=76 14 47 0 55 28
split_gain=1.20115 4.03619 3.45078 1.72686 1.37312 1.22361
threshold=0.13726673275232318 2.2524999380111699 0.59344822168350231 3.6374499797821049 0.18755108863115313 52.968305587768562
decision_type=2 2 2 2 2 2
left_child=1 -1 -3 4 -2 -5
right_child=3 2 -4 5 -6 -7
leaf_value=-0.5777788253467927 0.11599832480554703 -0.018087270934954207 -0.54347092095537286 0.0071643182745229827 -0.035431974822485529 -0.0019366837382881661
leaf_weight=0.19176223709394591 3.3158292471356381 16.013960104004354 0.18206912164032374 370.19831995798199 1.1653133576479602 500.10741722894284
leaf_count=294 3944 27363 397 100334 1702 120369
internal_value=0.00171416 -0.0304736 -0.0239934 0.00231715 0.0766191 0.00193457
internal_weight=891.175 16.3878 16.196 874.787 4.48114 870.306
internal_count=254403 28054 27760 226349 5646 220703
is_linear=0
shrinkage=0.12


Tree=869
num_leaves=7
num_cat=0
split_feature=66 29 1 5 72 19
split_gain=1.06696 3.70443 3.99275 3.03552 1.24181 1.09264
threshold=0.66406250000000011 91.196289062500014 19.45475006103516 3.2471500635147099 0.69166666269302379 0.25364583730697637
decision_type=2 2 2 2 2 2
left_child=1 2 -1 -3 -2 -6
right_child=4 3 -4 -5 5 -7
leaf_value=0.02385151824657156 -0.083496922368611601 0.01975803283613586 0.1705816295273318 -0.1543317403930414 0.0069232286360276273 -0.0021700920778110248
leaf_weight=28.588327041639456 2.5180217760441783 2.893204956909357 2.9456838447324492 2.8759668428965597 287.21504723759188 563.79171849562385
leaf_count=4273 221 429 117 176 95760 153427
internal_value=0.00151813 0.0213833 0.037558 -0.0670268 0.000649927 0.000898906
internal_weight=890.828 37.3032 31.534 5.76917 853.525 851.007
internal_count=254403 4995 4390 605 249408 249187
is_linear=0
shrinkage=0.12


Tree=870
num_leaves=8
num_cat=0
split_feature=28 29 77 29 13 66 85
split_gain=2.89531 4.63292 6.98699 4.69951 3.61959 2.29432 0.616736
threshold=84.062850952148452 7.8149075508117685 1.0000000180025095e-35 52.192293167114265 0.2902000099420548 10.780208110809328 4.8750000000000009
decision_type=2 2 2 2 2 2 2
left_child=4 2 -2 -3 6 -6 -1
right_child=1 3 -4 -5 5 -7 -8
leaf_value=-0.11151237559675625 -0.049158239525026785 0.066894624022678262 0.029938141794463753 0.013379956226506499 0.00083174238071527257 -0.017801333473712554 -0.048135987635407149
leaf_weight=4.388741491868613 34.818682162300647 31.646419616672858 29.885329622345353 93.288636149106608 562.94129294750542 114.51611412827776 4.4561331205147496
leaf_count=574 5965 7348 5945 28639 109958 95618 226
internal_value=0.000312855 0.0134374 -0.0126254 0.0269354 -0.00331372 -0.00231796 -0.0795827
internal_weight=875.941 189.639 64.704 124.935 686.302 677.457 8.84487
internal_count=254273 47897 11910 35987 206376 205576 800
is_linear=0
shrinkage=0.12


Tree=871
num_leaves=8
num_cat=0
split_feature=28 29 77 13 13 63 19
split_gain=2.27016 3.7566 6.34072 4.13668 2.94558 2.31395 0.650742
threshold=84.062850952148452 6.9506075382232675 1.0000000180025095e-35 1.132950007915497 0.2902000099420548 1.7790194153785708 0.27135416865348821
decision_type=2 2 2 2 2 2 2
left_child=4 2 -2 -3 6 -6 -1
right_child=1 3 -4 -5 5 -7 -8
leaf_value=-0.099001744054583285 -0.059539260561016251 -0.012914603830734103 0.024176312142603629 0.034968392477666844 -0.0069705702032341697 0.0079223298331879428 -0.030586365563447213
leaf_weight=5.2851586142995846 24.673915563592573 35.084542040635412 27.603535595367021 100.12562255420137 453.46128813006533 224.65901620526472 3.2227774361850727
leaf_count=410 5839 1040 5813 35205 120609 84967 390
internal_value=0.000278613 0.0119817 -0.0153358 0.0225436 -0.00291697 -0.0020366 -0.0730862
internal_weight=874.116 187.488 52.2775 135.21 686.628 678.12 8.50794
internal_count=254273 47897 11652 36245 206376 205576 800
is_linear=0
shrinkage=0.12


Tree=872
num_leaves=8
num_cat=0
split_feature=28 0 36 55 88 76 63
split_gain=1.77712 3.01608 3.828 2.91016 2.30363 2.10406 1.99825
threshold=84.062850952148452 80.101902008056655 6.9506075382232675 0.076388765126466765 1.3357856869697573 0.57678323984146129 1.7790194153785708
decision_type=2 2 2 2 2 2 2
left_child=4 2 -2 -3 6 -6 -1
right_child=1 3 -4 -5 5 -7 -8
leaf_value=-0.0077111796207995241 -0.023572620347189672 0.0078291925782724599 0.01690639693860466 0.10268785058803642 -0.0053215243113721644 0.1491179977569389 0.0061258649878501905
leaf_weight=457.88030798985505 46.752097634292056 9.0859003069093074 119.96440490341513 9.5547214132512881 2.362980626437774 2.7470678261017838 223.71871653022617
leaf_count=120706 10440 1939 32678 2840 319 326 85025
internal_value=0.00024668 0.0106734 0.00555492 0.0564514 -0.0025677 0.0777023 -0.0031695
internal_weight=872.066 185.357 166.717 18.6406 686.709 5.11005 681.599
internal_count=254273 47897 43118 4779 206376 645 205731
is_linear=0
shrinkage=0.12


Tree=873
num_leaves=8
num_cat=0
split_feature=46 1 50 14 46 51 59
split_gain=1.78834 3.51178 11.7263 3.45775 2.18461 3.38596 1.46527
threshold=0.62019887566566478 13.299049854278566 0.43022176623344427 -1.576650023460388 0.60700091719627391 0.14819140732288363 -0.11488297581672667
decision_type=2 2 2 2 2 2 2
left_child=4 2 -2 -3 6 -6 -1
right_child=1 3 -4 -5 5 -7 -8
leaf_value=-0.018362461939704842 -0.89479675417517535 -0.027581032738917419 -0.045631186594691148 0.016488979222054192 -0.021535226610826318 0.10891626064147329 0.0030952969144756029
leaf_weight=49.12417571567903 0.23646901984337887 46.421459195936919 24.125501223259612 57.260071423816697 4.9597314927894249 6.7843189574586695 682.52097845384537
leaf_count=6742 1067 1104 30251 13179 2006 2031 197893
internal_value=0.000222644 -0.0128758 -0.0538736 -0.00324254 0.00247875 0.0538242 0.00165458
internal_weight=871.433 128.044 24.362 103.682 743.389 11.7441 731.645
internal_count=254273 45601 31318 14283 208672 4037 204635
is_linear=0
shrinkage=0.12


Tree=874
num_leaves=8
num_cat=0
split_feature=57 65 66 23 58 47 41
split_gain=1.3996 1.50738 5.01729 1.94675 1.36691 1.20145 0.430232
threshold=15.164062500000002 36.500000000000007 10.117187500000002 0.14616250246763232 -1.69148313999176 0.11539010331034662 0.15895501524209979
decision_type=2 2 2 2 2 2 2
left_child=1 2 -1 -3 6 -6 -2
right_child=4 3 -4 -5 5 -7 -8
leaf_value=0.0029003925203248881 0.11983425909431092 -0.049126100902338876 0.12441613056193122 -0.0042534409957497637 -0.050736857550893064 0.073355074275405857 0.039157615612009061
leaf_weight=481.83144553931209 3.0557623218621188 14.480088453922631 4.9431024074715415 361.36305295720905 2.6735089446954352 1.9379245371287983 1.3824893546171777
leaf_count=109197 2598 438 657 137559 1209 1891 724
internal_value=0.000219059 -0.000273452 0.00413436 -0.00598225 0.0471653 0.00141196 0.094704
internal_weight=871.667 862.618 486.775 375.843 9.04969 4.61143 4.43825
internal_count=254273 247851 109854 137997 6422 3100 3322
is_linear=0
shrinkage=0.12


Tree=875
num_leaves=8
num_cat=0
split_feature=15 77 84 29 58 88 83
split_gain=2.9161 4.05345 13.0198 9.07413 3.37435 3.35616 1.45943
threshold=1.0011360049247744 1.0000000180025095e-35 10.000000000000002 6.1685874462127694 -73.993148803710923 0.46472498774528509 0.37500000000000006
decision_type=2 2 2 2 2 2 2
left_child=1 3 -3 -1 6 -6 -2
right_child=4 2 -4 -5 5 -7 -8
leaf_value=-0.11122652726419992 0.15327424706097892 -0.0056350344044797888 -0.093493060839667089 0.0054905217765812272 -0.0001367983174719004 0.025612819370381169 0.031790641780019113
leaf_weight=9.8871574229521553 3.2067964586287045 140.85839905325244 29.349619486474666 321.05738096675663 269.2914969600007 99.940188976768241 2.5614038292589179
leaf_count=974 2561 3884 323 11667 176346 57566 921
internal_value=0.000252456 -0.00573612 -0.0207847 0.00200353 0.00825563 0.00683287 0.0993287
internal_weight=876.152 501.153 170.208 330.945 375 369.232 5.7682
internal_count=254242 16848 4207 12641 237394 233912 3482
is_linear=0
shrinkage=0.12


Tree=876
num_leaves=8
num_cat=0
split_feature=8 81 24 10 81 69 6
split_gain=2.38911 6.52059 11.8294 5.56318 3.3655 5.43453 4.86041
threshold=12.444991111755373 1.0000000180025095e-35 1.9778363704681399 2.5000000000000004 1.0000000180025095e-35 11.500000000000002 8.0698499679565447
decision_type=2 2 2 2 2 2 2
left_child=4 3 -3 -2 6 -6 -1
right_child=1 2 -4 -5 5 -7 -8
leaf_value=0.0090766566104158539 0.0029280874459982889 -0.10301875473646201 0.01058408913228703 -0.062800684719066829 -0.016517918156467241 0.05956583053039767 -0.023351933387525239
leaf_weight=315.37676132707645 342.65826078403285 26.191147923108076 26.608985573084738 19.603603613861708 20.831259505168404 38.512149988953652 84.356904526546998
leaf_count=208173 10766 620 219 246 10204 14151 9863
internal_value=0.0002268 -0.00637094 -0.0457678 -0.000628789 0.00619196 0.0328582 0.00223316
internal_weight=874.139 415.062 52.8001 362.262 459.077 59.3434 399.734
internal_count=254242 11851 839 11012 242391 24355 218036
is_linear=0
shrinkage=0.12


Tree=877
num_leaves=8
num_cat=0
split_feature=6 28 63 61 19 59 1
split_gain=1.85192 1.99913 4.04083 3.09247 1.91111 3.27365 2.06072
threshold=8.343299865722658 57.271337509155281 1.752513647079468 5.4885418415069589 0.34687499701976782 2.4054381847381596 12.170150279998781
decision_type=2 2 2 2 2 2 2
left_child=1 2 -1 -3 6 -6 -2
right_child=4 3 -4 -5 5 -7 -8
leaf_value=0.0020548914631272545 0.045542550872049489 0.0029648741469024743 0.036083565620882191 -0.034002419499871775 0.00083548023531035691 -0.069124937736119385 -0.0052909566949720134
leaf_weight=153.77127792600834 11.931657396388799 248.71390605599427 74.643575769957579 37.499216500271331 20.763093425477106 17.964705757501978 305.87746956758394
leaf_count=72019 411 90336 51253 25829 649 551 13194
internal_value=0.000197761 0.00480295 0.0131751 -0.00187853 -0.0064494 -0.0316171 -0.00338249
internal_weight=871.165 514.628 228.415 286.213 356.537 38.7278 317.809
internal_count=254242 239437 123272 116165 14805 1200 13605
is_linear=0
shrinkage=0.12


Tree=878
num_leaves=8
num_cat=0
split_feature=8 81 24 17 81 70 6
split_gain=1.6672 5.38142 9.83375 4.5359 2.69137 4.51786 3.54768
threshold=12.444991111755373 1.0000000180025095e-35 1.9778363704681399 1.0000000180025095e-35 1.0000000180025095e-35 8.5000000000000018 8.0698499679565447
decision_type=2 2 2 2 2 2 2
left_child=4 3 -3 -2 6 -6 -1
right_child=1 2 -4 -5 5 -7 -8
leaf_value=0.0075313440144329433 -0.056400747357758768 -0.095492231413904102 0.0093594735714729281 0.0030342116904918332 0.063374314049161273 -0.0034279512701140321 -0.020156585485482784
leaf_weight=313.81473859334534 19.545432825614625 25.06497965413206 26.496520667410778 342.48509544788203 28.537617996797948 29.803862721713713 84.60447545223883
leaf_count=208173 246 620 219 10766 2443 21912 9863
internal_value=0.000178977 -0.00534034 -0.0416108 -0.000174584 0.00517666 0.0292482 0.0016518
internal_weight=870.353 413.592 51.5615 362.031 456.761 58.3415 398.419
internal_count=254242 11851 839 11012 242391 24355 218036
is_linear=0
shrinkage=0.12


Tree=879
num_leaves=8
num_cat=0
split_feature=45 45 41 66 29 61 28
split_gain=1.45864 3.27253 3.23634 2.70442 3.18226 2.83764 2.68623
threshold=0.89531251788139354 0.85468748211860668 0.23725360631942752 9.5197916030883807 7.8149075508117685 5.3760416507720956 111.46908187866212
decision_type=2 2 2 2 2 2 2
left_child=1 6 -3 4 -2 -5 -1
right_child=3 2 -4 5 -6 -7 -8
leaf_value=0.0011636593594677922 -0.062307565820174063 0.065136650802376683 -0.039889746719909802 0.02090916630033406 -0.0095507394296520561 -0.031119727819508464 -0.15873253716066471
leaf_weight=691.74840196144487 24.380117241475929 20.966322656829224 5.2911527750985661 51.792403088312739 50.708078881698924 21.303980975476534 1.5162851812436873
leaf_count=207703 4036 6810 1277 15247 11250 7861 58
internal_value=0.000156142 0.00238893 0.0439727 -0.0106853 -0.0266802 0.00574532 0.00081394
internal_weight=867.707 719.522 26.2575 148.185 75.0882 73.0964 693.265
internal_count=254242 215848 8087 38394 15286 23108 207761
is_linear=0
shrinkage=0.12


Tree=880
num_leaves=8
num_cat=0
split_feature=58 80 31 57 44 19 53
split_gain=2.12029 2.97883 2.58542 2.07974 1.99301 1.68637 1.06666
threshold=-47.463026046752923 1.0000000180025095e-35 0.70807290077209484 5.3697917461395273 19999987.000000004 0.084374997764825835 1.4098958373069765
decision_type=2 2 2 2 2 2 2
left_child=1 3 -3 -1 5 -2 -6
right_child=4 2 -4 -5 6 -7 -8
leaf_value=-0.035520403036116199 -0.039468142733025784 0.17680512529653106 -0.0065257817391014238 0.0057327070288443228 0.25826398625985814 0.0032340492273545698 0.049507237552630937
leaf_weight=55.302495520757816 13.552714889798947 2.0634832058111661 2.3914673233745134 25.811153690523611 0.64818619626555463 766.47942402391527 0.77252132957789854
leaf_count=9055 4496 431 274 7190 241 231653 510
internal_value=0.000787073 -0.0171461 0.078391 -0.0223933 0.00275075 0.00249212 0.144751
internal_weight=867.021 85.5686 4.45495 81.1136 781.453 780.032 1.42071
internal_count=253850 16950 705 16245 236900 236149 751
is_linear=0
shrinkage=0.12


Tree=881
num_leaves=8
num_cat=0
split_feature=76 81 77 7 83 10 22
split_gain=1.87719 3.79816 8.0607 4.18845 2.55418 5.08898 2.83275
threshold=0.96128329634666454 1.0000000180025095e-35 1.0000000180025095e-35 8.5559997558593768 0.37500000000000006 2.5000000000000004 2.4321333169937138
decision_type=2 2 2 2 2 2 2
left_child=4 3 -3 -2 6 -6 -1
right_child=1 2 -4 -5 5 -7 -8
leaf_value=0.011800883993754094 -0.026478795810192513 0.024019217455663329 -0.17426336016517865 0.060242939579002813 -0.00029175620111242365 -0.036429800126177567 -0.0061228129359798111
leaf_weight=300.08595457528799 10.584825037838582 10.573343501467148 4.0960610698327846 33.093487618342806 211.77122259045342 76.341276091474754 220.1074538981598
leaf_count=70097 4838 1434 445 2165 54588 13236 107047
internal_value=0.00069724 0.0214841 -0.0313462 0.0392271 -0.000803261 -0.00986727 0.0042169
internal_weight=866.654 58.3477 14.6694 43.6783 808.306 288.112 520.193
internal_count=253850 8882 1879 7003 244968 67824 177144
is_linear=0
shrinkage=0.12


Tree=882
num_leaves=8
num_cat=0
split_feature=59 65 70 31 49 1 19
split_gain=1.65791 3.338 6.22104 3.07404 1.57924 2.2941 1.54581
threshold=15.348638057708742 45.500000000000007 26.500000000000004 0.83281251788139354 2.3453124761581425 20.943850517272953 0.084374997764825835
decision_type=2 2 2 2 2 2 2
left_child=4 3 -3 -2 6 -6 -1
right_child=1 2 -4 -5 5 -7 -8
leaf_value=-0.039132294663211144 0.00470155918485395 -0.022962780409852668 -0.2486496601244863 -0.035367645490845277 0.022645763099106559 -0.2808879878322505 0.0039840222101892066
leaf_weight=12.1807419654084 100.37229690595234 6.8540515941509721 2.3658849632787735 38.012300966840115 0.74889688193365944 0.68792496221158217 705.05871576613401
leaf_count=3861 30702 4232 2610 9216 632 22 202575
internal_value=0.000620901 -0.0109628 -0.0808752 -0.00630489 0.00300001 -0.122681 0.00325179
internal_weight=866.281 147.605 9.21994 138.385 718.676 1.43682 717.239
internal_count=253850 46760 6842 39918 207090 654 206436
is_linear=0
shrinkage=0.12


Tree=883
num_leaves=7
num_cat=0
split_feature=44 59 69 12 1 19
split_gain=1.72309 1.91858 2.43294 1.86855 1.4229 1.27024
threshold=19999943.000000004 19999925.000000004 16.500000000000004 0.46304999291896826 21.963999748229984 0.084374997764825835
decision_type=2 2 2 2 2 2
left_child=1 5 -3 -2 -5 -1
right_child=3 2 -4 4 -6 -7
leaf_value=-0.03615952726181202 0.23338701719186075 -0.030587917485507647 0.0037072053765734698 0.058814361023918869 -0.1197837561590769 0.0029924582761022365
leaf_weight=12.131654316639695 0.79320775812320832 61.762577270079944 57.535663074885903 5.4394487122084669 0.72838427514091098 727.9657743264728
leaf_count=3869 39 31664 8476 2544 30 207228
internal_value=0.00055593 7.4285e-05 -0.0140479 0.0600188 0.037723 0.00235068
internal_weight=866.357 859.396 119.298 6.96104 6.16783 740.097
internal_count=253850 251237 40140 2613 2574 211097
is_linear=0
shrinkage=0.12


Tree=884
num_leaves=6
num_cat=0
split_feature=44 74 57 65 53
split_gain=1.4402 1.32738 4.10064 2.82753 0.993462
threshold=19999987.000000004 11.500000000000002 0.45703125000000006 33.500000000000007 1.4098958373069765
decision_type=2 2 2 2 2
left_child=1 2 -1 -3 -2
right_child=4 3 -4 -5 -6
leaf_value=0.00066738480403168111 0.248567726740201 -0.050686685075066976 0.03978005439513365 -0.0015031039797110323 0.033641930665885576
leaf_weight=236.28629163943566 0.55649019433061997 17.348545999869316 46.135984040037727 565.04913255775841 0.69832921228353939
leaf_count=75868 241 1568 19858 155801 514
internal_value=0.000492032 0.000305633 0.00705676 -0.00296819 0.128958
internal_weight=866.075 864.82 282.422 582.398 1.25482
internal_count=253850 253095 95726 157369 755
is_linear=0
shrinkage=0.12


Tree=885
num_leaves=8
num_cat=0
split_feature=0 85 15 2 0 22 0
split_gain=1.58435 3.06235 3.25291 2.94948 1.78572 7.01443 1.87844
threshold=96.748748779296889 0.37500000000000006 0.74325001239776622 156.97000122070315 95.068000793457045 1.6229749917984011 91.936798095703139
decision_type=2 2 2 2 2 2 2
left_child=4 3 -3 -2 6 -6 -1
right_child=1 2 -4 -5 5 -7 -8
leaf_value=-0.0013636760140320317 0.12125168880383907 0.1145955347271666 0.022202264927673229 -0.031527639869638448 -0.14161057468352553 0.068147927896679256 0.05448800805803853
leaf_weight=801.36060854941059 2.0305251609831378 7.378744565095988 21.405630877090317 17.518080203805791 5.4537099409224066 3.9645561102422562 8.7662409017198097
leaf_count=229256 489 83 8706 6641 587 2392 5964
internal_value=-0.000118153 0.0209945 0.0458869 -0.0156584 -0.00136328 -0.0533141 -0.000759315
internal_weight=867.878 48.333 28.7844 19.5486 819.545 9.41827 810.127
internal_count=254118 15919 8789 7130 238199 2979 235220
is_linear=0
shrinkage=0.12


Tree=886
num_leaves=8
num_cat=0
split_feature=51 55 71 57 69 23 41
split_gain=1.56189 2.44569 2.46535 1.55107 2.51738 2.51563 0.00476955
threshold=0.42491711676120764 0.041475649923086173 113.50000000000001 2.8140624761581425 29.500000000000004 0.71973332762718212 0.47278940677642828
decision_type=2 2 2 2 2 2 2
left_child=3 6 -3 5 -5 -1 -2
right_child=1 2 -4 4 -6 -7 -8
leaf_value=0.020787540669992419 0.12688952138641771 -0.039194658567694621 0.077729725681814521 -0.005583434819579694 -0.15670506178952148 0.00059250810341334565 0.14135517680818765
leaf_weight=110.75104324973881 0.84883094923217217 33.268812210849383 2.8166045279508714 269.03671777957561 1.5967152395551227 448.5852722040097 0.53514311233448097
leaf_count=3436 839 8811 1434 86173 361 153037 27
internal_value=-9.91458e-05 -0.0240643 -0.0300683 0.000982771 -0.00647504 0.00459121 0.132483
internal_weight=867.439 37.4694 36.0854 829.97 270.633 559.336 1.38397
internal_count=254118 11111 10245 243007 86534 156473 866
is_linear=0
shrinkage=0.12


Tree=887
num_leaves=8
num_cat=0
split_feature=24 82 49 8 58 89 83
split_gain=1.35335 5.45853 4.8647 2.71666 1.67843 1.26179 0.139731
threshold=1.445591986179352 1.0000000180025095e-35 1.4882812500000002 14.240553855895998 11.418222427368166 1.0000000180025095e-35 1.0000000180025095e-35
decision_type=2 2 2 2 2 2 2
left_child=1 2 -1 -3 5 -2 -6
right_child=4 3 -4 -5 6 -7 -8
leaf_value=-0.0015814264402954324 0.00053971455846510809 0.10236529584366183 -0.040756112797847785 0.01284087044201415 0.087000581787699968 0.017244213270312659 0.15489593516036526
leaf_weight=152.96435341221741 554.25601917356721 8.7760564262789558 65.061840486858273 10.997827086015604 0.88996654882873716 73.783469452455392 0.85663480342623188
leaf_count=2711 222786 935 1148 221 344 25697 276
internal_value=-8.34378e-05 -0.0077964 -0.0132717 0.0525737 0.00282889 0.0025022 0.1203
internal_weight=867.586 237.8 218.026 19.7739 629.786 628.039 1.7466
internal_count=254118 5015 3859 1156 249103 248483 620
is_linear=0
shrinkage=0.12


Tree=888
num_leaves=7
num_cat=0
split_feature=28 33 7 28 49 16
split_gain=1.2595 2.9501 3.09752 1.83051 4.07768 1.64535
threshold=24.050888061523441 0.20432233810424807 9.6311001777648944 26.253632545471195 1.5510416626930239 1.5254150032997134
decision_type=2 2 2 2 2 2
left_child=1 -1 -3 4 -2 -5
right_child=3 2 -4 5 -6 -7
leaf_value=-0.083508683479295479 -0.020069908820429423 0.07696688371273934 0.0083426525211158422 -0.010994318974095231 -0.26276785572484851 0.0028238017008124787
leaf_weight=3.8739550929356588 39.055848836444966 12.528831632174414 38.814994885438097 155.40810537045445 1.0229920181018304 615.6652412675594
leaf_count=356 15883 19146 1867 3372 409 213085
internal_value=-6.70963e-05 0.0174693 0.0250882 -0.00126086 -0.0262647 3.87904e-05
internal_weight=866.37 55.2178 51.3438 811.152 40.0788 771.073
internal_count=254118 21369 21013 232749 16292 216457
is_linear=0
shrinkage=0.12


Tree=889
num_leaves=8
num_cat=0
split_feature=51 54 54 28 57 49 46
split_gain=1.24746 2.10797 3.2865 1.56013 1.14584 2.99237 2.62597
threshold=0.42491711676120764 -0.074382305145263658 -0.040794115513563149 86.829086303710952 2.8140624761581425 1.2572916746139529 0.405418410897255
decision_type=2 2 2 2 2 2 2
left_child=4 3 -3 -2 6 -6 -1
right_child=1 2 -4 -5 5 -7 -8
leaf_value=-0.0027035186765144441 0.0048397603715070771 -0.15369749454918649 -0.022701491163834783 0.13225553863867803 -0.021250636307885137 0.0046211020274755446 0.0141050073786052
leaf_weight=334.60209940456383 6.3445873397256118 3.0822956729583728 26.205860464301949 1.7698252531802614 105.74391559200458 164.55904403970234 223.07171616886041
leaf_count=75830 1413 543 8644 511 36268 50266 80643
internal_value=-5.63151e-05 -0.0214926 -0.0364876 0.0326303 0.000912035 -0.00550006 0.00401996
internal_weight=865.379 37.4026 29.2882 8.11441 827.977 270.303 557.674
internal_count=254118 11111 9187 1924 243007 86534 156473
is_linear=0
shrinkage=0.12


Tree=890
num_leaves=8
num_cat=0
split_feature=61 57 28 33 57 57 57
split_gain=1.77841 4.33952 5.39561 3.10383 2.77156 8.92967 2.65505
threshold=6.6177084445953378 3.7515624761581425 33.297288894653327 0.2097679600119591 6.089583396911622 6.4895834922790536 5.9390625953674325
decision_type=2 2 2 2 2 2 2
left_child=4 2 -2 -3 6 -6 -1
right_child=1 3 -4 -5 5 -7 -8
leaf_value=0.00081887721133607231 0.10622498750210499 -0.021820275097076201 -0.054754354694946827 0.036945917485877285 -0.15786551103130278 -0.0069310326310843421 0.12055639599660563
leaf_weight=702.69704994277924 3.5269648835352951 15.550915310247801 19.99924271061365 77.147884561945531 6.6524540514450186 37.250970947092711 2.676864866229038
leaf_count=190713 2399 3562 7488 35366 1321 12644 1016
internal_value=0.00159484 0.0154062 -0.0306209 0.0270875 -0.000547521 -0.0298013 0.00127328
internal_weight=865.502 116.225 23.5262 92.6988 749.277 43.9034 705.374
internal_count=254509 48815 9887 38928 205694 13965 191729
is_linear=0
shrinkage=0.12


Tree=891
num_leaves=8
num_cat=0
split_feature=19 84 6 41 29 77 88
split_gain=1.61284 5.22796 4.27199 2.75611 1.6259 4.95488 3.88306
threshold=0.41562499105930334 1.0000000180025095e-35 9.3642501831054705 0.11155621334910394 6.1685874462127694 1.0000000180025095e-35 0.83701428771018993
decision_type=2 2 2 2 2 2 2
left_child=4 2 -2 -3 5 -1 -6
right_child=1 3 -4 -5 6 -7 -8
leaf_value=-0.025836336059263471 -0.01998305895921897 0.13965047907379396 -0.14288265249336951 0.013189385225193034 0.0091695834753177333 0.017828999243659389 -0.019530696724297848
leaf_weight=91.751063980757863 59.085330753720591 4.1204008398196361 4.3743102765302586 6.2399391983151986 558.56273765021831 63.197210353627952 77.27501043226016
leaf_count=14111 7575 1411 113 1629 193955 13325 22390
internal_value=0.00141195 -0.0155514 -0.0284546 0.0634841 0.00299548 -0.00802699 0.00568156
internal_weight=864.606 73.82 63.4596 10.3603 790.786 154.948 635.838
internal_count=254509 10728 7688 3040 243781 27436 216345
is_linear=0
shrinkage=0.12


Tree=892
num_leaves=8
num_cat=0
split_feature=61 57 50 33 61 69 19
split_gain=1.39344 3.39448 4.95042 2.36587 2.20947 5.30023 1.72974
threshold=6.6177084445953378 3.7515624761581425 0.53215128183364879 0.2097679600119591 5.9114582538604745 20.500000000000004 0.41562499105930334
decision_type=2 2 2 2 2 2 2
left_child=4 2 -2 -3 6 -6 -1
right_child=1 3 -4 -5 5 -7 -8
leaf_value=0.0022252824636547399 -0.0032264389963493874 -0.01887151186262816 -0.15394165597368833 0.032667418132402724 -0.025303080975815632 -0.29731449728418657 -0.018494067517540017
leaf_weight=664.58924766077178 19.79613643080889 15.424212862482788 3.7295107917957457 76.132807701242271 18.236253140031526 1.0933793238095848 63.571788109223348
leaf_count=190928 8665 3562 1222 35366 5337 748 8681
internal_value=0.00124589 0.013538 -0.0271193 0.0239849 -0.000646581 -0.0406894 0.000416388
internal_weight=862.573 115.083 23.5256 91.557 747.491 19.3296 728.161
internal_count=254509 48815 9887 38928 205694 6085 199609
is_linear=0
shrinkage=0.12


Tree=893
num_leaves=8
num_cat=0
split_feature=45 29 77 14 45 88 61
split_gain=1.23748 2.82506 5.60791 3.72653 2.25398 2.57882 2.03024
threshold=0.89531251788139354 7.8149075508117685 1.0000000180025095e-35 0.8899500072002412 0.85468748211860668 1.0381571650505068 6.4343750476837167
decision_type=2 2 2 2 2 2 2
left_child=4 2 -2 -3 6 -6 -1
right_child=1 3 -4 -5 5 -7 -8
leaf_value=-0.0007262676835571968 -0.072689521312771413 -0.0097554431120482881 0.008381748138061848 0.045962734309984807 0.02282671475444439 0.13289501632527201 0.01832439297359266
leaf_weight=594.33511042999839 24.720502822494822 76.73019761814534 24.427434926471392 22.311259940873128 22.777447664252012 3.5418289631402322 93.184515935087461
leaf_count=166181 4806 4996 4836 23860 7229 900 41701
internal_value=0.00110356 -0.00887531 -0.0323956 0.0027963 0.00317513 0.0376388 0.00185581
internal_weight=862.028 148.189 49.1479 99.0415 713.839 26.3193 687.52
internal_count=254509 38498 9642 28856 216011 8129 207882
is_linear=0
shrinkage=0.12


Tree=894
num_leaves=8
num_cat=0
split_feature=33 77 2 66 88 81 11
split_gain=1.13426 3.04575 7.95138 3.40013 2.51024 5.05152 3.73489
threshold=0.21150749176740649 1.0000000180025095e-35 176.19499969482425 8.119791507720949 0.66925713419914257 1.0000000180025095e-35 1.0000000180025095e-35
decision_type=2 2 2 2 2 2 2
left_child=1 2 -1 -3 6 -6 -2
right_child=4 3 -4 -5 5 -7 -8
leaf_value=-0.0043509596733908645 -0.0085007451419713501 0.056277293933670536 -0.094585386920854581 -0.0047294931118670421 -0.00087550002918367368 -0.060652987169502653 0.012957208428129387
leaf_weight=63.759262355510202 165.62042299090467 17.091442796870005 18.041589413424504 57.122925139287766 117.83239896162 24.608084206403205 396.3009794677431
leaf_count=10941 80270 4955 3721 9031 35153 4058 106380
internal_value=0.000975333 -0.00828244 -0.0242526 0.00932027 0.00302592 -0.0112027 0.0066327
internal_weight=860.377 156.015 81.8009 74.2144 704.362 142.44 561.921
internal_count=254509 28648 14662 13986 225861 39211 186650
is_linear=0
shrinkage=0.12


Tree=895
num_leaves=8
num_cat=0
split_feature=83 24 72 72 49 61 22
split_gain=1.61239 6.50094 5.0114 3.55908 2.23036 4.2564 2.81205
threshold=0.37500000000000006 1.265514671802521 2.0072916746139531 21.364583015441898 1.3010416626930239 7.2447917461395273 0.24310000240802768
decision_type=2 2 2 2 2 2 2
left_child=4 3 -3 -2 5 -1 -6
right_child=1 2 -4 -5 6 -7 -8
leaf_value=0.015709441574030279 -0.026912287505703972 0.048218064618403694 -0.006227283555295852 -0.095529915171422355 -0.040006530151164191 -0.033441772309070708 -0.00083311694711561083
leaf_weight=236.48209620154694 38.629872500524058 27.355548361308195 221.16852863841842 15.15550426626187 29.341670420307253 28.419935928097971 262.11369175148474
leaf_count=77712 921 5943 63650 308 903 15256 89478
internal_value=-0.00136643 -0.00842074 -0.000234374 -0.0462472 0.00246669 0.0104363 -0.00477682
internal_weight=858.667 302.309 248.524 53.7854 556.357 264.902 291.455
internal_count=254171 70822 69593 1229 183349 92968 90381
is_linear=0
shrinkage=0.12


Tree=896
num_leaves=8
num_cat=0
split_feature=13 89 76 53 8 66 15
split_gain=1.36606 5.11471 8.37444 3.19979 2.06229 9.39965 4.19842
threshold=8.0093002319335955 1.0000000180025095e-35 0.58334457874298107 2.4757812023162846 3.398738026618958 11.919791698455812 9.426030635833742
decision_type=2 2 2 2 2 2 2
left_child=4 3 -3 -2 5 -1 -6
right_child=1 2 -4 -5 6 -7 -8
leaf_value=0.043248235181665227 0.0017556224327162225 -0.34008626407550785 0.0439829624061229 -0.10589361644134695 -0.00051042551930045789 -0.59841913076898701 -0.12061131458587132
leaf_weight=23.868642010543002 35.965266205982708 1.7991770591472325 1.4983520049761692 4.4703655770401118 785.05376091724077 0.33333230698212801 4.2138673684054302
leaf_count=25661 46136 2835 2384 5400 167944 619 3192
internal_value=-0.00120434 -0.0218648 -0.16557 -0.0101456 -9.36081e-05 0.0344106 -0.00115164
internal_weight=857.203 43.7332 3.29753 40.4356 813.47 24.202 789.268
internal_count=254171 56755 5219 51536 197416 26280 171136
is_linear=0
shrinkage=0.12


Tree=897
num_leaves=8
num_cat=0
split_feature=59 5 61 76 53 53 71
split_gain=1.25959 2.53147 2.38751 2.21052 1.25445 2.6456 1.78234
threshold=-0.94185933470726002 1.7752500176429751 2.669791698455811 0.46423073112964636 2.2320312261581425 2.2713540792465214 165.50000000000003
decision_type=2 2 2 2 2 2 2
left_child=1 2 -1 -3 6 -6 -2
right_child=4 3 -4 -5 5 -7 -8
leaf_value=0.092012159370647953 0.0010013240933131212 0.080343925466868291 -0.0016796956433784132 -0.033091037332051661 -0.040006774150826756 -0.0041573402094227524 0.13612175969576271
leaf_weight=9.9872163939649941 550.54299376450035 3.0504859183186808 6.4433691624248288 13.085252252278137 33.82974617979508 239.51951924260115 1.4093599662318173
leaf_count=1892 173727 1319 1179 998 9276 63498 2282
internal_value=-0.00103263 0.0221151 0.0552702 -0.011646 -0.00194604 -0.00859407 0.00134634
internal_weight=857.868 32.5663 16.4306 16.1357 825.302 273.349 551.952
internal_count=254171 5388 3071 2317 248783 72774 176009
is_linear=0
shrinkage=0.12


Tree=898
num_leaves=8
num_cat=0
split_feature=58 78 30 28 49 12 43
split_gain=1.12618 3.36147 4.65558 3.4953 1.94371 1.29086 1.20645
threshold=-30.788666725158688 1.0000000180025095e-35 1.5000000000000002 54.96614074707032 1.9510416984558108 0.75745001435279857 -4.1983833312988272
decision_type=2 2 2 2 2 2 2
left_child=1 3 -3 -1 6 -6 -2
right_child=4 2 -4 -5 5 -7 -8
leaf_value=0.030399906837708074 -0.041741342579374237 -0.11533993902010514 -0.012367560754731175 -0.022391696965463549 -0.043900123657693024 0.05206363276445726 0.00030530492050524175
leaf_weight=32.072724521720289 9.9611034187815886 9.7120061615338518 18.116639513287467 41.336065000221666 2.3174084783531006 15.648829040294986 728.5898335784351
leaf_count=8093 3736 1496 3468 8690 132 6689 221867
internal_value=-0.000903714 -0.0127899 -0.0483042 0.00067326 0.000686901 0.0396856 -0.000261793
internal_weight=857.755 101.237 27.8286 73.4088 756.517 17.9662 738.551
internal_count=254171 21747 4964 16783 232424 6821 225603
is_linear=0
shrinkage=0.12


Tree=899
num_leaves=8
num_cat=0
split_feature=1 0 69 66 22 0 50
split_gain=1.07254 3.10288 2.51419 0.995712 2.86058 2.21065 0.136729
threshold=22.417550086975101 85.573101043701186 18.500000000000004 11.708854198455812 2.007025003433228 1.8077999949455263 0.092133592814207091
decision_type=2 2 2 2 2 2 2
left_child=3 2 -2 5 -5 -1 -3
right_child=1 6 -4 4 -6 -7 -8
leaf_value=-0.0911379456748386 -0.054782230662980082 0.046405789875879816 -0.27563420552199669 -0.041728853980076829 0.04989496506368428 -0.00069007283098426178 0.12487231772885259
leaf_weight=3.9096972679076307 4.1542476977779108 0.45739090739835564 0.90374087818781834 6.874612024723052 17.142169809147092 823.2675629403675 1.0629179198308518
leaf_count=10980 1662 227 33 2946 23797 213461 1065
internal_value=-0.000791264 -0.0490592 -0.0942432 -0.000418234 0.0236684 -0.00111758 0.101265
internal_weight=857.772 6.5783 5.05799 851.194 24.0168 827.177 1.52031
internal_count=254171 2987 1695 251184 26743 224441 1292
is_linear=0
shrinkage=0.12


Tree=900
num_leaves=7
num_cat=0
split_feature=12 85 76 88 33 28
split_gain=1.40749 2.84768 1.48424 1.36804 3.48729 3.29058
threshold=0.33209998905658727 0.37500000000000006 0.70647928118705761 0.9194999933242799 0.20432233810424807 34.526727676391609
decision_type=2 2 2 2 2 2
left_child=1 -1 -3 4 -2 -5
right_child=3 2 -4 5 -6 -7
leaf_value=-0.066568317908134611 -0.088894932031088503 0.087112749061529701 -0.033761179189342391 0.095131596534501414 -0.0021103693530040131 0.0061845180453596136
leaf_weight=12.61673931284213 6.7307414310995446 3.3404486461022875 2.6025870989117834 6.3053774765094479 710.1152024449591 119.45193342753677
leaf_count=260 12214 538 169 2477 210974 28062
internal_value=-0.00162 -0.0343078 0.0341794 -0.000899998 -0.00292522 0.0106443
internal_weight=861.163 18.5598 5.94304 842.603 716.846 125.757
internal_count=254694 967 707 253727 223188 30539
is_linear=0
shrinkage=0.12


Tree=901
num_leaves=8
num_cat=0
split_feature=71 71 28 51 76 28 28
split_gain=1.3859 2.6729 10.7864 1.29903 2.95451 2.16987 0.823069
threshold=154.50000000000003 156.50000000000003 72.12705230712892 0.092592965811491026 0.67369806766510021 152.29668426513675 23.051969528198246
decision_type=2 2 2 2 2 2 2
left_child=3 2 -2 4 -1 -5 -3
right_child=1 6 -4 5 -6 -7 -8
leaf_value=0.018578064919428816 0.078124521917719472 -0.21499090054619835 -0.97542777441196882 -0.0038080363707939211 -0.0052221664089697377 -0.079648489204259418 -0.01434302973090373
leaf_weight=133.5918776930514 0.38738855745803036 0.32147037529966827 0.21906738653228786 545.03913610128404 171.56496967027749 5.4871311818289987 3.4953056362495762
leaf_count=48346 587 229 247 158400 39766 813 6306
internal_value=-0.00142924 -0.0684265 -0.302445 -0.00108292 0.00519712 -0.00456394 -0.0312427
internal_weight=860.106 4.42323 0.606456 855.683 305.157 550.526 3.81678
internal_count=254694 7369 834 247325 88112 159213 6535
is_linear=0
shrinkage=0.12


Tree=902
num_leaves=8
num_cat=0
split_feature=62 62 15 51 51 54 33
split_gain=1.41701 2.5838 1.76275 1.70668 1.16507 2.8832 1.31061
threshold=6.5205101966857919 10.115396022796633 0.24397499859333041 0.20727887749671939 0.40814051032066351 -0.099140372127294527 0.085724812000989928
decision_type=2 2 2 2 2 2 2
left_child=4 3 -3 -2 6 -6 -1
right_child=1 2 -4 -5 5 -7 -8
leaf_value=-0.038945047849391505 -0.025879038640359769 -0.016042503002869662 0.074895505763622958 -0.093588883392854302 0.044446835024907705 -0.03482083786070133 0.0015005700555456819
leaf_weight=11.713296945485238 19.676853665549395 7.4699188294987877 5.2105052807462489 7.3677918673500491 8.1873006466194038 34.246518270986712 766.69037139934562
leaf_count=5012 4998 154 3351 1634 1748 10572 227225
internal_value=-0.00123483 -0.0233695 0.0213248 -0.0443253 -0.000163607 -0.0195267 0.000891951
internal_weight=860.563 39.7251 12.6804 27.0446 820.837 42.4338 778.404
internal_count=254694 10137 3505 6632 244557 12320 232237
is_linear=0
shrinkage=0.12


Tree=903
num_leaves=7
num_cat=0
split_feature=12 85 76 88 41 33
split_gain=1.15313 2.31151 1.19346 1.08516 3.81352 3.20313
threshold=0.33209998905658727 0.37500000000000006 0.70647928118705761 0.9194999933242799 0.4399437308311463 0.20816346257925036
decision_type=2 2 2 2 2 2
left_child=1 -1 -3 5 -5 -2
right_child=3 2 -4 4 -6 -7
leaf_value=-0.060864135595788273 -0.040841533788690668 0.080538767649560736 -0.028833897688542828 0.013609407068722835 -0.10666794602232016 -0.00057701333861621843
leaf_weight=12.173942596736769 29.679121112072494 3.1832263505174838 2.6183766742507828 121.55221726260515 3.9183189286640063 687.3575441375491
leaf_count=260 13295 538 169 29787 752 209893
internal_value=-0.00108374 -0.031158 0.0311767 -0.000442086 0.00985327 -0.00224362
internal_weight=860.483 17.9755 5.8016 842.507 125.471 717.037
internal_count=254694 967 707 253727 30539 223188
is_linear=0
shrinkage=0.12


Tree=904
num_leaves=8
num_cat=0
split_feature=65 6 83 15 66 1 6
split_gain=1.03789 3.47678 1.8143 1.63009 1.17846 1.203 0.194999
threshold=1.5000000000000002 5.921149969100953 0.37500000000000006 4.9966144561767587 0.49687500298023229 7.1671500205993661 8.6752500534057635
decision_type=2 2 2 2 2 2 2
left_child=1 3 -3 -1 6 -6 -2
right_child=4 2 -4 -5 5 -7 -8
leaf_value=-0.25971968162208836 -0.040904424030093034 0.015232022913628268 0.10558132444531416 -0.038041397103861223 0.015925918446843157 -0.002414938736354952 -0.094864490935428342
leaf_weight=0.7112771715084415 1.9428890595520436 7.6044832407349059 5.5264890709819099 1.4543801898857962 55.112588958419906 785.18536479709235 1.9148492093081584
leaf_count=192 558 986 553 691 49575 202086 53
internal_value=-0.000954461 0.030024 0.0532577 -0.110848 -0.00151581 -0.00121202 -0.0676884
internal_weight=859.452 15.2966 13.131 2.16566 844.156 840.298 3.85774
internal_count=254694 2422 1539 883 252272 251661 611
is_linear=0
shrinkage=0.12


Tree=905
num_leaves=7
num_cat=0
split_feature=1 61 7 1 28 54
split_gain=1.50834 6.52372 2.99233 1.55265 4.52027 1.63613
threshold=3.8129999637603764 3.951041698455811 5.1724998950958261 6.3546001911163339 72.12705230712892 -0.13011231273412702
decision_type=2 2 2 2 2 2
left_child=1 2 -1 4 -2 -5
right_child=3 -3 -4 5 -6 -7
leaf_value=0.0063104555338441056 0.075408771882848405 -0.51950592574578425 -0.10574118328561051 -0.0083315118078626845 -0.029411850003338662 0.005368456961335942
leaf_weight=14.438264602693101 14.753641751286969 0.38465470128903589 4.5020218293578287 155.19389438762687 9.8992522159885628 656.69326403859463
leaf_count=12805 16439 528 1699 32873 7595 182219
internal_value=0.00288487 -0.0302597 -0.0203237 0.00365055 0.0333186 0.00274968
internal_weight=855.865 19.3249 18.9403 836.54 24.6529 811.887
internal_count=254158 15032 14504 239126 24034 215092
is_linear=0
shrinkage=0.12


Tree=906
num_leaves=8
num_cat=0
split_feature=58 50 71 22 5 66 1
split_gain=1.33094 2.26075 2.54334 1.25432 3.55376 2.77333 0.56472
threshold=7.8455524444580087 0.45505104959011083 46.500000000000007 0.14085000008344653 3.4487500190734868 10.81302070617676 19.216650009155277
decision_type=2 2 2 2 2 2 2
left_child=3 2 -2 5 -5 -1 -3
right_child=1 6 -4 4 -6 -7 -8
leaf_value=-0.036843827445845891 0.1048797879142665 0.081466643249068924 -0.0036837845165576173 0.00031603399464791559 0.028215081438781157 0.028439851277480319 0.18933539766225874
leaf_weight=31.916170074642388 3.8388433461688285 1.4932905441419273 16.309070783738072 714.494336734444 72.409286756313008 13.264724100614364 1.3137285266857359
leaf_count=1062 254 649 2840 237807 10965 542 39
internal_value=0.00255321 0.0310577 0.0170012 0.00176685 0.00288325 -0.0176771 0.131951
internal_weight=855.039 22.9549 20.1479 832.085 786.904 45.1809 2.80702
internal_count=254158 3782 3094 250376 248772 1604 688
is_linear=0
shrinkage=0.12


Tree=907
num_leaves=7
num_cat=0
split_feature=1 61 46 13 23 23
split_gain=1.1216 5.47443 3.03264 1.27506 4.52768 2.68889
threshold=3.6709500551223759 4.7135417461395273 0.4918705970048905 6.3772499561309823 6.2607707977294931 5.9198331832885751
decision_type=2 2 2 2 2 2
left_child=1 2 -1 5 -5 -2
right_child=3 -3 -4 4 -6 -7
leaf_value=-0.034201848768591621 0.0018860276987040436 -0.45933342443045178 0.12088312907596813 0.11494039455679292 0.0090043785423121712 -0.093455952032150486
leaf_weight=16.395985548430311 747.38624260877236 0.41195794250745521 2.0418099970664789 6.2818418135481116 77.290456645978679 4.2839958257051185
leaf_count=8667 133878 304 5129 4710 95567 5903
internal_value=0.00225273 -0.0266942 -0.0170277 0.002906 0.0169672 0.00134264
internal_weight=854.092 18.8498 18.4378 835.243 83.5723 751.67
internal_count=254158 14100 13796 240058 100277 139781
is_linear=0
shrinkage=0.12


Tree=908
num_leaves=8
num_cat=0
split_feature=58 0 53 72 53 53 53
split_gain=1.05689 2.02803 1.40901 1.03861 0.967215 2.59329 1.93598
threshold=7.8455524444580087 58.058851242065437 2.2588542699813847 14.86770820617676 2.2195312976837163 2.2838541269302373 2.0757812261581425
decision_type=2 2 2 2 2 2 2
left_child=4 2 -2 -3 6 -6 -1
right_child=1 3 -4 -5 5 -7 -8
leaf_value=0.0007874875406626091 0.037461571272417574 0.026020412413335588 0.13240934465893633 -0.046496553921942338 -0.026988762182386321 0.0013751556187217566 0.018986102882255967
leaf_weight=435.80097793245352 8.1323414279542039 6.0515821629724069 3.1118497606327074 5.3657766881144653 57.982175274209908 232.72378791606275 104.32641132189372
leaf_count=138632 1987 432 648 715 15535 61053 35156
internal_value=0.00199622 0.0275649 0.0637385 -0.00806014 0.00129882 -0.00428211 0.00430258
internal_weight=853.495 22.6616 11.2442 11.4174 830.833 290.706 540.127
internal_count=254158 3782 2635 1147 250376 76588 173788
is_linear=0
shrinkage=0.12


Tree=909
num_leaves=8
num_cat=0
split_feature=54 49 2 54 22 54 1
split_gain=1.01949 3.19338 6.41837 2.56155 3.65898 2.1166 1.8437
threshold=-0.13011231273412702 1.5947916507720949 346.81500244140631 -0.11125220730900763 0.94633334875106823 -0.10761410742998122 13.599499702453615
decision_type=2 2 2 2 2 2 2
left_child=1 6 -3 4 -2 -5 -1
right_child=3 2 -4 5 -6 -7 -8
leaf_value=0.013084842905250114 -0.044871085407287327 -0.034552851469473365 -0.34637936709116457 -0.07626770355348611 0.076511448430785375 0.0031538738610139253 -0.013911339171785097
leaf_weight=75.205413063921853 4.7327317159512132 22.286504089943751 0.99286551005115953 4.867648231153793 14.632798305839861 659.43689247189604 70.653100610646263
leaf_count=23706 510 7618 510 708 2967 209624 8515
internal_value=0.00176236 -0.00657924 -0.0478523 0.00382604 0.0468468 0.00257192 8.0336e-06
internal_weight=852.808 169.138 23.2794 683.67 19.3655 664.305 145.859
internal_count=254158 40349 8128 213809 3477 210332 32221
is_linear=0
shrinkage=0.12


Tree=910
num_leaves=8
num_cat=0
split_feature=1 0 47 44 55 50 49
split_gain=1.18564 2.82689 3.12402 1.03395 2.29678 0.982804 0.0987812
threshold=22.417550086975101 85.573101043701186 0.071344256401062026 19999987.000000004 0.11467398330569269 0.04509407468140126 1.4742187857627871
decision_type=2 2 2 2 2 2 2
left_child=3 2 -2 5 -5 -1 -3
right_child=1 6 -4 4 -6 -7 -8
leaf_value=0.0067544691892994892 -0.25518643838442306 0.12371562659199384 -0.03681399087404269 -0.29804840433177621 0.027715156801127194 -0.0030772210353638141 0.05114640219847031
leaf_weight=188.2723956985177 1.3133817768388354 0.90941391575870489 3.348513881818727 0.53652473756446173 0.74359803906762068 658.48308889820873 0.38422198078654191
leaf_count=37833 349 828 1325 266 492 212716 425
internal_value=-0.00142881 -0.0547842 -0.0983354 -0.00105411 -0.108819 -0.000891188 0.102162
internal_weight=853.991 5.95553 4.6619 848.036 1.28012 846.755 1.29364
internal_count=254234 2927 1674 251307 758 250549 1253
is_linear=0
shrinkage=0.12


Tree=911
num_leaves=8
num_cat=0
split_feature=1 0 47 50 54 88 49
split_gain=0.928624 2.2491 2.37644 0.785038 3.11982 1.89547 0.105567
threshold=22.417550086975101 85.573101043701186 0.071344256401062026 0.041166469454765327 -0.076507370918989168 1.2518428564071657 1.4742187857627871
decision_type=2 2 2 2 2 2 2
left_child=3 2 -2 4 -1 -5 -3
right_child=1 6 -4 5 -6 -7 -8
leaf_value=0.0015188536257206375 -0.22230042920276347 0.1229432871290551 -0.03245468874957623 -0.0025581154750275018 0.060420283756149142 -0.15271570567263779 0.046036676554658311
leaf_weight=167.81287807186877 1.3261483727344607 0.81134033327816701 3.3428896645789479 665.3501643224065 14.031886716249032 1.2127638572331978 0.37618961351515523
leaf_count=34405 349 828 1325 213982 2441 479 425
internal_value=-0.00125346 -0.0488731 -0.0863766 -0.00092474 0.00606393 -0.00283132 0.0985806
internal_weight=854.264 5.85657 4.66904 848.408 181.845 666.563 1.18753
internal_count=254234 2927 1674 251307 36846 214461 1253
is_linear=0
shrinkage=0.12


Tree=912
num_leaves=8
num_cat=0
split_feature=61 81 24 66 57 66 61
split_gain=0.873715 2.38053 4.46398 1.9881 7.89601 2.40731 1.63697
threshold=6.6177084445953378 1.0000000180025095e-35 2.4826139211654668 11.616927146911623 5.3145833015441903 11.581770896911623 8.5354170799255389
decision_type=2 2 2 2 2 2 2
left_child=3 6 -3 5 -5 -1 -2
right_child=1 2 -4 4 -6 -7 -8
leaf_value=-0.001991289003606365 0.030399972002310822 -0.09117394701618195 0.086299812361902761 0.0041854706124893511 -0.1361638375156097 0.074155951248563348 0.00026420023055522755
leaf_weight=703.70691335708329 48.088944884963063 7.9113487926886688 2.7503868390440402 21.734542327602274 7.8597080225974016 6.0296366121353904 56.396016591457602
leaf_count=164761 13183 137 1499 26848 7069 6876 33861
internal_value=-0.00110072 0.00862249 -0.0453914 -0.00261505 -0.0330888 -0.00134437 0.0141341
internal_weight=854.477 115.147 10.6617 739.331 29.5943 709.737 104.485
internal_count=254234 48680 1636 205554 33917 171637 47044
is_linear=0
shrinkage=0.12


Tree=913
num_leaves=8
num_cat=0
split_feature=55 49 49 46 71 77 49
split_gain=0.847575 2.51795 2.21395 2.09491 3.14857 2.40222 2.06749
threshold=0.11203140392899515 1.8510416746139529 1.838541626930237 0.52026897668838512 120.50000000000001 1.0000000180025095e-35 2.2703124284744267
decision_type=2 2 2 2 2 2 2
left_child=1 2 -1 4 -2 -5 -3
right_child=3 6 -4 5 -6 -7 -8
leaf_value=0.0015817754542959798 -0.012268091825934324 0.057454819011133688 -0.11276583290668699 0.018830110633545508 0.048095665452896605 -0.017042116869683814 -0.070540766114008294
leaf_weight=384.35307758994782 305.01348308428356 17.98106099107348 2.4538008271453569 91.536538719405684 12.972140589821036 38.058621274241688 2.0215626520187149
leaf_count=113405 77614 4936 481 39435 10259 7434 670
internal_value=-0.000961194 0.00300325 0.000856384 -0.00456451 -0.00980557 0.0082954 0.044519
internal_weight=854.39 406.81 386.807 447.581 317.986 129.595 20.0026
internal_count=254234 119492 113886 134742 87873 46869 5606
is_linear=0
shrinkage=0.12


Tree=914
num_leaves=8
num_cat=0
split_feature=1 82 19 2 41 88 41
split_gain=0.890217 1.96279 2.54682 1.30018 1.00351 2.72405 2.47254
threshold=21.230599403381351 1.0000000180025095e-35 0.35937500000000006 245.58499908447268 0.15461534261703494 0.65021428465843212 0.14813122898340228
decision_type=2 2 2 2 2 2 2
left_child=4 2 -2 -3 6 -6 -1
right_child=1 3 -4 -5 5 -7 -8
leaf_value=0.0020720340679340654 -0.01241608652984592 -0.0087923668511929644 -0.09802087963465711 0.098140514682604166 0.005365581295736715 -0.020944282268337444 0.062309369759866479
leaf_weight=537.22211953582723 65.091104206248971 3.007285896913543 5.4213759640716566 3.5943785732058586 128.0429226477506 101.66073275974944 9.9949524622654717
leaf_count=193286 4909 238 356 422 30722 21234 3067
internal_value=-0.000842514 -0.0131399 -0.0189978 0.0494289 0.000378076 -0.00627847 0.00317227
internal_weight=854.035 77.1141 70.5125 6.60166 776.921 229.704 547.217
internal_count=254234 5925 5265 660 248309 51956 196353
is_linear=0
shrinkage=0.12


Tree=915
num_leaves=8
num_cat=0
split_feature=78 24 0 8 24 14 23
split_gain=1.757 5.88166 5.75109 2.9145 10.3718 4.45176 0.155666
threshold=1.0000000180025095e-35 1.04678350687027 78.242298126220717 10.862330436706545 2.7415698766708378 0.11450000107288362 0.86115834116935741
decision_type=2 2 2 2 2 2 2
left_child=3 6 -3 5 -5 -1 -2
right_child=1 2 -4 4 -6 -7 -8
leaf_value=-0.14461012155215713 -0.099651859099761778 0.004368528200440455 -0.040429675088757035 0.0011746203249243564 0.053523428222295909 -0.006182293659647559 -0.13673028319791775
leaf_weight=3.4073530807082468 2.9585190759933915 192.93281868985952 52.493650706549801 349.52625701488932 64.569095565153987 183.9766407970537 3.6322428268434819
leaf_count=2187 397 51826 7793 13001 11857 166740 314
internal_value=0.000193857 -0.00821741 -0.00521325 0.00371814 0.00933727 -0.00869944 -0.120086
internal_weight=853.497 252.017 245.426 601.479 414.095 187.384 6.59076
internal_count=254115 60330 59619 193785 24858 168927 711
is_linear=0
shrinkage=0.12


Tree=916
num_leaves=8
num_cat=0
split_feature=83 24 41 53 70 53 66
split_gain=1.36938 5.65819 6.61216 2.54323 2.37152 4.28016 2.67723
threshold=0.62500000000000011 1.265514671802521 0.15128887444734576 2.0885417461395268 10.500000000000002 2.2963541746139531 11.633593559265138
decision_type=2 2 2 2 2 2 2
left_child=4 3 -3 -2 5 -1 -6
right_child=1 2 -4 -5 6 -7 -8
leaf_value=0.015740135292269856 -0.027175769043866923 0.014214116864671007 -0.031198532329957222 -0.093480186046850586 -0.014453055187517138 -0.010621703156688462 0.030142221283056589
leaf_weight=304.03620534385834 22.887058009027839 148.49524941211806 67.000497259549689 13.097520009572916 148.99902769570701 125.21544670074712 22.284501173164983
leaf_count=32671 499 46649 12747 435 117122 10974 33018
internal_value=0.000173544 -0.00726069 9.47195e-05 -0.051309 0.00328671 0.00805022 -0.00865108
internal_weight=852.016 251.48 215.496 35.9846 600.535 429.252 171.284
internal_count=254115 60330 59396 934 193785 43645 150140
is_linear=0
shrinkage=0.12


Tree=917
num_leaves=8
num_cat=0
split_feature=10 15 83 70 23 19 81
split_gain=1.28712 4.29646 14.7723 6.64842 2.27463 2.91052 2.88243
threshold=2.5000000000000004 1.6188820004463198 0.37500000000000006 23.500000000000004 0.14616250246763232 0.25546874105930334 1.0000000180025095e-35
decision_type=2 2 2 2 2 2 2
left_child=4 2 -2 -3 5 -1 -6
right_child=1 3 -4 -5 6 -7 -8
leaf_value=0.016125326034770696 0.0094845288541275941 0.043142993676380074 -0.075189498309516906 -0.022017690071179007 0.0083545987823313815 -0.038546739526731731 -0.018081940449520908
leaf_weight=21.762124321585375 79.661971963265557 47.448828003331812 47.277575108104571 42.965801615877666 504.56270690605669 39.422266421413482 67.312973377577862
leaf_count=553 1138 16029 577 32846 189370 1221 12381
internal_value=0.000154568 -0.0078128 -0.0220516 0.0121781 0.00289008 -0.0191009 0.00524287
internal_weight=850.414 217.354 126.94 90.4146 633.06 61.1844 571.876
internal_count=254115 50590 1715 48875 203525 1774 201751
is_linear=0
shrinkage=0.12


Tree=918
num_leaves=5
num_cat=0
split_feature=43 22 86 83
split_gain=1.12914 0.981436 2.27496 1.37819
threshold=-76.284351348876939 0.14085000008344653 1.0000000180025095e-35 0.62500000000000011
decision_type=2 2 2 2
left_child=-1 2 -2 -3
right_child=1 3 -4 -5
leaf_value=0.097922049880369538 -0.032659788550223397 0.0042122233126848652 0.029420475452523565 -0.0066043801918110436
leaf_weight=1.6971010343499973 34.150880497752794 556.63745750479825 11.316999847376605 243.96972178254123
leaf_count=178 467 192379 1215 59876
internal_value=0.000138229 -5.79104e-05 -0.017208 0.00091607
internal_weight=847.772 846.075 45.4679 800.607
internal_count=254115 253937 1682 252255
is_linear=0
shrinkage=0.12


Tree=919
num_leaves=7
num_cat=0
split_feature=17 60 71 49 61 5
split_gain=1.02544 3.67659 3.11158 1.98265 4.11361 3.47058
threshold=1.0000000180025095e-35 1.0000000180025095e-35 54.500000000000007 1.1447916626930239 0.99270832538604747 3.7518498897552495
decision_type=2 2 2 2 2 2
left_child=1 2 -1 5 -5 -2
right_child=3 -3 -4 4 -6 -7
leaf_value=-0.0024884553525466864 -0.0022284407986320129 -0.17639773181903584 -0.073514301356183379 0.021819425191535513 -0.0022824608804216232 -0.056766479188451104
leaf_weight=204.70417103273573 185.7654009741872 1.8297422548079101 9.2848751753433856 168.27015556288467 258.81655191706767 18.473042849053599
leaf_count=44219 68492 138 6233 51878 81634 1521
internal_value=0.000122142 -0.00701853 -0.00557023 0.00256318 0.00721357 -0.00716132
internal_weight=847.144 215.819 213.989 631.325 427.087 204.238
internal_count=254115 50590 50452 203525 133512 70013
is_linear=0
shrinkage=0.12


Tree=920
num_leaves=8
num_cat=0
split_feature=16 76 13 19 81 88 29
split_gain=1.41331 4.48516 3.03073 1.50507 2.91071 2.11993 1.3975
threshold=1.0640814900398257 0.59409910440444957 0.99799999594688427 0.30885416269302374 1.0000000180025095e-35 1.1787714362144472 176.64020538330081
decision_type=2 2 2 2 2 2 2
left_child=1 2 -1 5 -5 -2 -3
right_child=3 6 -4 4 -6 -7 -8
leaf_value=0.046970724022020523 0.00044432242805604691 -0.06522712404253761 -0.017008732674002484 -0.017417645413720227 0.039523139870319683 0.03401310101121334 -0.01602354937679646
leaf_weight=17.68572322159131 596.9260161920638 24.064221656093004 26.845320157783576 128.42916453144809 14.374379419510346 28.378126638576418 12.698763745783081
leaf_count=529 218012 593 549 24795 2588 7362 294
internal_value=-0.00216313 -0.0172093 0.00840102 -0.000570698 -0.0116861 0.00196777 -0.0482311
internal_weight=849.402 81.294 44.531 768.108 142.804 625.304 36.763
internal_count=254722 1965 1078 252757 27383 225374 887
is_linear=0
shrinkage=0.12


Tree=921
num_leaves=7
num_cat=0
split_feature=71 71 19 53 72 31
split_gain=1.16309 4.00427 3.11719 2.30295 1.90291 1.72857
threshold=51.500000000000007 52.500000000000007 0.44062499701976782 2.4864583015441899 13.995312213897707 1.5843749642372134
decision_type=2 2 2 2 2 2
left_child=4 3 -3 -2 5 -1
right_child=1 2 -4 -5 -6 -7
leaf_value=-0.0055038674768052324 0.10321738130920492 0.0041491530511231171 -0.0405277006364766 -0.044489840918400497 -0.090760343764021922 0.11348562102178303
leaf_weight=481.61369799227572 8.5009529186290234 327.75218835458969 24.145244193051155 1.8509605750722915 3.7607857722621238 1.76449683832078
leaf_count=135804 1675 112628 3339 291 489 496
internal_value=-0.00190182 0.0032476 0.00108368 0.0768068 -0.00573106 -0.00506951
internal_weight=849.388 362.249 351.897 10.3519 487.139 483.378
internal_count=254722 117933 115967 1966 136789 136300
is_linear=0
shrinkage=0.12


Tree=922
num_leaves=8
num_cat=0
split_feature=62 39 71 49 62 29 16
split_gain=1.21068 3.46392 4.14372 3.47567 3.28066 4.15084 2.32777
threshold=-1.8500878810882566 1.0000000180025095e-35 34.500000000000007 2.0026041269302373 -1.4974645376205442 190.38493347167972 1.0640814900398257
decision_type=2 2 2 2 2 2 2
left_child=1 2 -1 -3 5 -2 -6
right_child=4 3 -4 -5 6 -7 -8
leaf_value=-0.052096066229125028 -0.10610010488701395 0.030977083449514428 0.0035294275042361918 -0.14465171598055038 -0.030968253509912721 0.034573123518567651 -0.0011246348732951992
leaf_weight=22.440428111908261 9.6055709074689393 72.742629941572261 137.11672580279833 1.6596141551556218 40.342490237669494 4.4059230536195484 560.93193439169863
leaf_count=6140 3073 29650 32104 482 1056 1080 181137
internal_value=-0.0016707 0.00567694 -0.00429385 0.0270595 -0.0044646 -0.0618653 -0.00312699
internal_weight=849.245 233.959 159.557 74.4022 615.286 14.0115 601.274
internal_count=254722 68376 38244 30132 186346 4153 182193
is_linear=0
shrinkage=0.12


Tree=923
num_leaves=8
num_cat=0
split_feature=62 59 51 51 71 71 73
split_gain=1.13124 2.1018 2.70354 2.64925 1.26927 3.37597 1.57022
threshold=6.5205101966857919 1.8040733337402346 0.059929642826318748 0.20550929009914401 51.500000000000007 52.500000000000007 1376.5100097656252
decision_type=2 2 2 2 2 2 2
left_child=4 2 -2 -3 6 -6 -1
right_child=1 3 -4 -5 5 -7 -8
leaf_value=-0.0038515905548368594 -0.19900268659433043 0.026025319047346715 -0.03915837401999845 -0.054496906479795507 0.0760691942976158 0.0031348489411308759 -0.082576213237680149
leaf_weight=475.07562445616315 1.7633231422378539 17.050410682730334 11.212806487419394 8.9839138860857428 9.4060643648107867 321.84365589206305 3.6766241129041637
leaf_count=134038 395 5122 2643 1957 1873 108224 470
internal_value=-0.00146616 -0.0214259 -0.0608796 -0.00176126 -0.000504882 0.00520587 -0.00445616
internal_weight=849.012 39.0105 12.9761 26.0343 810.002 331.25 478.752
internal_count=254722 10117 3038 7079 244605 110097 134508
is_linear=0
shrinkage=0.12


Tree=924
num_leaves=7
num_cat=0
split_feature=0 15 23 1 72 0
split_gain=0.979528 2.15384 2.28277 1.35376 2.78313 1.31876
threshold=100.45835113525392 -1.0000000180025095e-35 0.41155417263507849 22.417550086975101 5.2515625953674325 97.989952087402358
decision_type=2 2 2 2 2 2
left_child=3 -2 -3 5 -5 -1
right_child=1 2 -4 4 -6 -7
leaf_value=-0.00047201826906676414 0.13661834652087745 -0.12250365133872811 -0.016307883871693078 -0.27474520342424041 -0.022672404204310173 0.05820499670413623
leaf_weight=802.97046055947044 1.2128395284526039 3.2089568352676379 31.799198308200705 0.76690359751402137 3.5522055338953686 5.5537482976695847
leaf_count=238933 15 59 10732 373 1648 2962
internal_value=-0.00128729 -0.0205955 -0.0260421 -0.000426898 -0.0674306 -6.89662e-05
internal_weight=849.064 36.221 35.0082 812.843 4.31911 808.524
internal_count=254722 10806 10791 243916 2021 241895
is_linear=0
shrinkage=0.12


Tree=925
num_leaves=8
num_cat=0
split_feature=41 77 15 53 61 77 88
split_gain=1.32254 3.40265 7.14259 3.99512 1.13842 2.67507 1.05712
threshold=0.29882526397705084 1.0000000180025095e-35 2.3595850467681889 2.169791698455811 27.88125038146973 1.0000000180025095e-35 1.2999285459518435
decision_type=2 2 2 2 2 2 2
left_child=4 3 -3 -2 6 -6 -1
right_child=1 2 -4 -5 5 -7 -8
leaf_value=-0.0043048449654147043 0.086247251545411643 -0.031419297026950198 0.083211782529296632 0.0045935317256874967 -0.31668134231460426 0.06320263322272536 0.023704992791537288
leaf_weight=745.58284361944709 15.46500654851681 38.919759841023478 9.7978097659653525 19.519181649930516 0.53620397704625478 0.53153214427996431 19.921226469826252
leaf_count=234251 3375 1110 6684 4439 960 292 3103
internal_value=-0.00218478 0.0121376 -0.00836532 0.0406891 -0.00374863 -0.12757 -0.00357593
internal_weight=850.274 83.7018 48.7176 34.9842 766.572 1.06774 765.504
internal_count=254214 15608 7794 7814 238606 1252 237354
is_linear=0
shrinkage=0.12


Tree=926
num_leaves=8
num_cat=0
split_feature=10 16 83 2 81 16 24
split_gain=1.32469 5.84632 16.2281 6.71105 3.45684 15.9425 4.68464
threshold=2.5000000000000004 3.6188820600509648 0.37500000000000006 246.70000457763675 1.0000000180025095e-35 2.1306384801864628 3.4270392656326298
decision_type=2 2 2 2 2 2 2
left_child=4 2 -2 -3 6 -6 -1
right_child=1 3 -4 -5 5 -7 -8
leaf_value=0.011435239666854485 0.006317278483287986 -0.0088203558262436848 -0.081281296649215892 0.060992331344708176 -0.14075063717608452 0.0041408917790394795 -0.012252729876702137
leaf_weight=384.53178231928933 82.077010635838604 62.324722422379693 48.418091811408289 29.079812848551114 13.620260629620914 55.473646938582661 174.90458386043036
leaf_count=22728 1146 19255 602 29663 513 11893 168414
internal_value=-0.00191228 -0.00988313 -0.0261848 0.0133901 0.000901793 -0.0244211 0.00402933
internal_weight=850.43 221.9 130.495 91.4045 628.53 69.0939 559.436
internal_count=254214 50666 1748 48918 203548 12406 191142
is_linear=0
shrinkage=0.12


Tree=927
num_leaves=8
num_cat=0
split_feature=10 16 83 70 81 16 16
split_gain=1.02885 4.57318 12.7647 5.94139 2.76501 14.167 3.42045
threshold=2.5000000000000004 3.6188820600509648 0.37500000000000006 23.500000000000004 1.0000000180025095e-35 2.1306384801864628 3.6865435838699345
decision_type=2 2 2 2 2 2 2
left_child=4 2 -2 -3 6 -6 -1
right_child=1 3 -4 -5 5 -7 -8
leaf_value=0.0099302593920075743 0.0055661278655270039 0.041903503345255388 -0.072428892396532149 -0.019701481434564239 -0.13914223435058864 0.0036499342232154297 -0.010264409339936834
leaf_weight=382.35046322175879 81.981431484241895 46.425056565564184 47.85358951654338 43.82336607972487 12.21114553639824 55.388986191369675 176.53664581576459
leaf_count=22546 1146 15987 602 32931 513 11893 168596
internal_value=-0.00170075 -0.00875884 -0.0231807 0.011989 0.000778747 -0.0221437 0.00355133
internal_weight=846.571 220.083 129.835 90.2484 626.487 67.6001 558.887
internal_count=254214 50666 1748 48918 203548 12406 191142
is_linear=0
shrinkage=0.12


Tree=928
num_leaves=8
num_cat=0
split_feature=66 23 0 41 59 70 71
split_gain=0.97082 2.92715 2.64643 2.41653 2.1746 2.09064 2.08018
threshold=9.4880208969116229 0.14616250246763232 12.297300338745119 0.084382660686969771 5.5372972488403329 29.500000000000004 129.50000000000003
decision_type=2 2 2 2 2 2 2
left_child=2 3 4 -2 -1 -3 -4
right_child=1 5 6 -5 -6 -7 -8
leaf_value=0.072455709693389311 -0.085211668582942837 -0.0046493593722210895 0.0012942647815297533 -0.0086617421546606125 -0.0043412074468401236 0.044860383248717675 -0.080530210894757148
leaf_weight=13.73466664273114 11.724797442313324 394.41817085504738 385.67479410286438 12.032510633278498 8.6555708229316384 12.676503781840948 4.5265228850925601
leaf_count=9366 326 127600 91779 304 4198 20395 246
internal_value=-0.00151309 -0.00549709 0.00264723 -0.046441 0.0427677 -0.00310768 0.000345062
internal_weight=843.444 430.852 412.592 23.7573 22.3902 407.095 390.201
internal_count=254214 148625 105589 630 13564 147995 92025
is_linear=0
shrinkage=0.12


Tree=929
num_leaves=8
num_cat=0
split_feature=41 88 8 12 19 59 19
split_gain=0.860097 2.95752 5.95297 3.39294 0.970242 3.29011 2.94146
threshold=0.29882526397705084 1.0000000180025095e-35 10.662671089172365 1.9699500203132632 0.27239583432674414 -0.94185933470726002 0.26692709326744085
decision_type=2 2 2 2 2 2 2
left_child=4 3 -3 -2 6 -6 -1
right_child=1 2 -4 -5 5 -7 -8
leaf_value=-0.0019188443273730979 -0.017600043110329609 0.078183080212443051 -0.02939335890115553 0.063137070568053746 -0.077854294761049173 -0.0052273721023695721 0.032640721041408326
leaf_weight=356.8895365501109 11.04472244879697 9.1493288777398885 38.904917561980284 23.323564530279857 9.215369014888152 354.8127812867682 39.376977441500117
leaf_count=129859 1311 6695 1099 6503 1904 94112 12731
internal_value=-0.00133111 0.0103124 -0.00891125 0.0371911 -0.00259336 -0.00706592 0.00151534
internal_weight=842.717 82.4225 48.0542 34.3683 760.295 364.028 396.267
internal_count=254214 15608 7794 7814 238606 96016 142590
is_linear=0
shrinkage=0.12


Tree=930
num_leaves=8
num_cat=0
split_feature=24 1 22 6 2 28 83
split_gain=1.5725 4.15973 6.36218 3.52218 3.3923 5.0237 2.62108
threshold=1.5954986810684206 17.958049774169925 0.14085000008344653 9.0883502960205096 190.8850021362305 48.665269851684577 0.37500000000000006
decision_type=2 2 2 2 2 2 2
left_child=4 3 -3 -2 5 -1 -6
right_child=1 2 -4 -5 6 -7 -8
leaf_value=-0.081369570439760883 -0.0018072557800903016 -0.10875162132499168 0.026938245300472299 -0.07554750586772993 0.0065028708699079157 0.0058664045578328949 -0.019663020366341356
leaf_weight=21.117836540092373 439.41345108240023 5.1903886864701283 120.42233177915941 9.5297854908650361 142.71157601939223 17.287847297306552 89.826967891819805
leaf_count=376 223587 209 24301 287 3578 523 1614
internal_value=-0.00152543 0.00202838 0.0213315 -0.00337255 -0.00906152 -0.0421014 -0.00360471
internal_weight=845.5 574.556 125.613 448.943 270.944 38.4057 232.539
internal_count=254475 248384 24510 223874 6091 899 5192
is_linear=0
shrinkage=0.12


Tree=931
num_leaves=7
num_cat=0
split_feature=61 8 78 14 5 69
split_gain=1.41382 1.249 3.06083 2.03264 0.691904 0.0366633
threshold=24.662499427795414 13.486831188201906 1.0000000180025095e-35 -2.7955000400543208 2.9331499338150029 24.500000000000004
decision_type=2 2 2 2 2 2
left_child=1 3 -3 -1 5 -2
right_child=4 2 -4 -5 -6 -7
leaf_value=0.082690973707294474 0.11647559041893345 -0.0034768476930112516 -0.045107979137931839 0.00029569988142216823 -0.010821133576542909 0.15584077290919432
leaf_weight=4.3400954498158617 1.4143323117856774 154.75254671126518 30.43217780132224 652.2790553332951 0.74571086131467001 0.44881180933589337
leaf_count=82 1960 3025 941 248154 303 10
internal_value=-0.00134106 -0.00161441 -0.0103183 0.000840313 0.0868615 0.125958
internal_weight=844.413 841.804 185.185 656.619 2.60885 1.86314
internal_count=254475 252202 3966 248236 2273 1970
is_linear=0
shrinkage=0.12


Tree=932
num_leaves=8
num_cat=0
split_feature=2 24 29 1 41 41 77
split_gain=1.22651 3.93271 4.22742 2.69602 1.91127 4.91317 3.51897
threshold=190.8850021362305 1.7376976013183596 26.867799758911136 20.519049644470218 0.23725360631942752 0.23441206663846972 1.0000000180025095e-35
decision_type=2 2 2 2 2 2 2
left_child=1 2 -1 -3 5 -2 -6
right_child=4 3 -4 -5 6 -7 -8
leaf_value=-0.015459803861811911 0.0039991063217074841 -0.0035330644594101786 -0.095431445691680938 0.082508795368313112 0.016013061004965155 0.1648992647646525 -0.029449964740733414
leaf_weight=29.966392789352142 489.48298841153962 196.31881994259717 13.949220229327379 5.3879654130651593 38.579852450050254 2.7481651477465894 67.257314056848458
leaf_count=843 184455 44645 253 1485 11176 437 11181
internal_value=-0.00118029 -0.00831977 -0.0408618 -0.00123473 0.00175184 0.00489742 -0.0128777
internal_weight=843.691 245.622 43.9156 201.707 598.068 492.231 105.837
internal_count=254475 47226 1096 46130 207249 184892 22357
is_linear=0
shrinkage=0.12


Tree=933
num_leaves=7
num_cat=0
split_feature=61 58 41 58 5 46
split_gain=1.1791 1.14124 1.9247 1.58128 0.634951 0.0258193
threshold=24.662499427795414 -30.788666725158688 0.47278940677642828 -30.081683158874508 2.9331499338150029 0.22314354777336123
decision_type=2 2 2 2 2 2
left_child=1 2 -1 -3 5 -2
right_child=4 3 -4 -5 -6 -7
leaf_value=-0.016235648536485812 0.089732768389223019 0.11145064663763928 0.092225367895200416 4.5427584839488047e-05 -0.009222898084655512 0.13020101234525788
leaf_weight=94.405193286432961 0.27085458126106532 1.839220014862575 2.4163191273941598 742.56656813616064 0.74983728424757234 1.4030476726178447
leaf_count=20794 116 655 410 230343 303 1854
internal_value=-0.00103254 -0.00127334 -0.0135288 0.000320679 0.0825448 0.123653
internal_weight=843.651 841.227 96.8215 744.406 2.42374 1.6739
internal_count=254475 252202 21204 230998 2273 1970
is_linear=0
shrinkage=0.12


Tree=934
num_leaves=8
num_cat=0
split_feature=65 71 13 49 33 76 54
split_gain=1.05738 2.31822 3.91637 2.20438 2.19857 2.49068 1.11051
threshold=35.500000000000007 37.500000000000007 0.57449999451637279 0.96953123807907116 0.033063787966966636 0.55908134579658519 -0.24613715708255765
decision_type=2 2 2 2 2 2 2
left_child=4 2 -2 -3 6 -6 -1
right_child=1 3 -4 -5 5 -7 -8
leaf_value=-0.028810789665689149 -0.13574456828306208 -0.026849148569328313 0.060053197327961355 -0.0029326731147394092 0.023081201618003325 -0.00057480060741257335 -0.20078891889108155
leaf_weight=1.0545741923445575 1.6390393625074935 65.334917851965258 14.353976266119339 368.47825482220503 80.732578186100568 310.92441444882371 1.1095395654094082
leaf_count=427 24 22807 5334 122280 16664 86664 275
internal_value=-0.000905356 -0.00488055 0.0399869 -0.00653464 0.00363495 0.00430143 -0.116984
internal_weight=843.627 449.806 15.993 433.813 393.821 391.657 2.16411
internal_count=254475 150445 5358 145087 104030 103328 702
is_linear=0
shrinkage=0.12


Tree=935
num_leaves=8
num_cat=0
split_feature=62 34 58 2 28 34 35
split_gain=1.83261 2.9712 3.84455 2.65902 3.523 2.29725 1.80947
threshold=-4.3877120018005362 1.2084143161773684 -5.4417748451232901 402.48500061035162 28.174629211425785 1.2704142928123476 228.30714416503909
decision_type=2 2 2 2 2 2 2
left_child=1 2 -1 6 -5 -3 -2
right_child=3 5 -4 4 -6 -7 -8
leaf_value=-0.006707176738463448 0.053960087818367954 0.095643736773482174 -0.060549623388874894 0.07315873896125441 -0.035581539882002161 -0.0021174841050049949 0.0054303034176333767
leaf_weight=120.68826319459751 11.264191777783365 6.4048595338272545 22.686394009418251 4.8049238424443663 40.063276188580318 7.5313442307335308 621.33593307179262
leaf_count=34371 5150 1658 8084 3032 11768 1716 188571
internal_value=0.0015829 -0.0100851 -0.0152268 0.00429226 -0.0239366 0.042812 0.00629443
internal_weight=834.779 157.311 143.375 677.468 44.8682 13.9362 632.6
internal_count=254350 45829 42455 208521 14800 3374 193721
is_linear=0
shrinkage=0.12


Tree=936
num_leaves=7
num_cat=0
split_feature=24 82 66 14 59 72
split_gain=1.4998 3.3687 2.73056 1.60912 2.20536 1.26158
threshold=1.04678350687027 1.0000000180025095e-35 10.025520801544191 -2.7955000400543208 -9.7962317466735822 14.542708396911623
decision_type=2 2 2 2 2 2
left_child=1 2 -1 -2 -5 -3
right_child=3 5 -4 4 -6 -7
leaf_value=-0.025483610041128053 0.05930333584690782 0.067760374951136834 0.028658103770382536 -0.092519920639132808 0.003494663044746933 0.0052860017063684388
leaf_weight=98.066281651419445 7.3914152513544868 9.4486880672266143 15.53922761274441 3.4620832944311806 691.05678333831383 9.1734107233860396
leaf_count=1997 132 358 311 638 250568 346
internal_value=0.00140026 -0.0103233 -0.018078 0.00360877 0.00301604 0.0369849
internal_weight=834.138 132.228 113.606 701.91 694.519 18.6221
internal_count=254350 3012 2308 251338 251206 704
is_linear=0
shrinkage=0.12


Tree=937
num_leaves=8
num_cat=0
split_feature=62 34 58 2 34 54 62
split_gain=1.36523 2.26779 2.97656 2.04473 2.97479 1.9653 1.78413
threshold=-4.3877120018005362 1.2084143161773684 -5.4417748451232901 402.48500061035162 0.47157499194145208 -0.16275748610496518 -4.3001539707183829
decision_type=2 2 2 2 2 2 2
left_child=1 2 -1 6 -5 -3 -2
right_child=3 5 -4 4 -6 -7 -8
leaf_value=-0.0057337018341453889 0.11726676115769814 -0.014434278719443633 -0.052849948304035131 -0.0096504708639516511 -0.10403502889631448 0.077546314395221166 0.0049791660758316449
leaf_weight=120.71750029310139 2.0442582601619952 5.8760796750007849 22.984078311393219 39.521950797632599 5.4746720078982198 7.7657964437328051 628.79087375563199
leaf_count=34371 439 1830 8084 13505 1295 1544 193282
internal_value=0.0012364 -0.00883083 -0.0132696 0.0035802 -0.0211341 0.0379267 0.00534304
internal_weight=833.175 157.343 143.702 675.832 44.9966 13.6419 630.835
internal_count=254350 45829 42455 208521 14800 3374 193721
is_linear=0
shrinkage=0.12


Tree=938
num_leaves=7
num_cat=0
split_feature=62 63 7 76 8 69
split_gain=1.27311 1.51318 1.44226 2.62769 2.00639 1.41904
threshold=9.8914456367492694 11.382486343383791 10.414299964904787 0.97546750307083141 13.300152301788332 2.5000000000000004
decision_type=2 2 2 2 2 2
left_child=2 -2 4 -4 -1 -3
right_child=1 5 3 -5 -6 -7
leaf_value=0.0036551318988287205 0.12589986225878427 -0.11129388010005535 -0.007951932520472535 0.052100749290149899 0.075995125251062667 0.03204385415540871
leaf_weight=496.30978934144144 2.2787035675373604 1.089084099583572 305.26872229726763 10.865811218563747 5.5831381701827913 11.460943418086728
leaf_count=240676 202 87 9183 360 120 3722
internal_value=0.00109256 0.0359392 0.000460877 -0.00588787 0.00445985 0.0196051
internal_weight=832.856 14.8287 818.027 316.135 501.893 12.55
internal_count=254350 4011 250339 9543 240796 3809
is_linear=0
shrinkage=0.12


Tree=939
num_leaves=7
num_cat=0
split_feature=71 62 65 28 12 29
split_gain=1.35615 1.07808 3.34488 2.6248 0.188051 0.138919
threshold=169.50000000000003 -0.25041544437408442 45.500000000000007 46.360073089599616 0.46304999291896826 13.333470344543459
decision_type=2 2 2 2 2 2
left_child=1 3 -3 -1 -2 -6
right_child=4 2 -4 -5 5 -7
leaf_value=0.011979324031971859 0.22686328293474206 0.0027859640423918029 0.078163872454662997 -0.012556391339385933 -0.018501019060735781 0.12734138682368365
leaf_weight=90.556222585884683 0.25056419473290137 527.3873227664003 8.6157278218754509 204.73687807326453 0.10834480818346037 0.71280002057400793
leaf_count=29020 6 153764 9009 60329 127 2095
internal_value=0.000963967 0.000790051 0.00399759 -0.00503213 0.135865 0.108098
internal_weight=832.368 831.296 536.003 295.293 1.07171 0.821145
internal_count=254350 252122 162773 89349 2228 2222
is_linear=0
shrinkage=0.12


Tree=940
num_leaves=8
num_cat=0
split_feature=74 86 71 7 29 69 50
split_gain=1.68825 1.635 1.36205 1.36035 1.35074 0.986131 0.000896388
threshold=59.500000000000007 1.0000000180025095e-35 1.5000000000000002 10.956449985504152 6.1685874462127694 14.500000000000002 0.134688176214695
decision_type=2 2 2 2 2 2 2
left_child=2 5 3 -1 -4 -2 -3
right_child=1 6 4 -5 -6 -7 -8
leaf_value=0.012416704176990916 -0.092591167810637143 0.10982997646964483 -0.0078023468069666028 0.084796945863493636 0.0043778938806743632 -0.32536038594964983 0.12450335778021653
leaf_weight=11.297552193453273 0.55994774848114903 0.084658404323022185 163.87418093335509 5.5888975947314057 655.66273829563033 0.49269758054117574 0.20542126458586552
leaf_count=2235 987 118 28636 180 220617 194 1086
internal_value=0.00242161 -0.132028 0.00263744 0.0363723 0.00194234 -0.20154 0.120221
internal_weight=837.766 1.34272 836.423 16.8864 819.537 1.05265 0.29008
internal_count=254053 2385 251668 2415 249253 1181 1204
is_linear=0
shrinkage=0.12


Tree=941
num_leaves=8
num_cat=0
split_feature=76 53 28 66 47 47 57
split_gain=1.55632 4.33599 4.57264 3.73731 2.18905 3.7734 2.76116
threshold=0.3680273592472077 2.1507812738418584 27.918496131896976 9.5536460876464862 0.24876008927822116 0.21333836019039157 8.4770836830139178
decision_type=2 2 2 2 2 2 2
left_child=1 3 -3 -1 5 -2 -6
right_child=4 2 -4 -5 6 -7 -8
leaf_value=0.007785395583640743 0.0039704243207892469 -0.18092116355504517 0.019823353708341023 -0.051531300244184675 0.022157010976035677 -0.034173595623964173 -0.12339960457776794
leaf_weight=23.467032112743652 559.70888793875429 1.6831358136374692 55.929933857057115 43.926791114185505 110.37117575224954 40.015845541455519 1.9091438850273323
leaf_count=4786 133797 887 32795 41873 28713 10536 666
internal_value=0.00213617 -0.010213 0.0139587 -0.0308768 0.00430433 0.00142531 0.0196821
internal_weight=837.012 125.007 57.6131 67.3938 712.005 599.725 112.28
internal_count=254053 80341 33682 46659 173712 144333 29379
is_linear=0
shrinkage=0.12


Tree=942
num_leaves=8
num_cat=0
split_feature=50 55 47 77 22 23 12
split_gain=1.19193 2.75954 3.80009 1.83609 1.28301 2.38685 2.02362
threshold=0.62915667891502391 0.13920896500349048 0.052375258877873428 1.0000000180025095e-35 4.0112750530242929 0.28695000708103185 4.2519500255584726
decision_type=2 2 2 2 2 2 2
left_child=4 3 -3 -2 6 -6 -1
right_child=1 2 -4 -5 5 -7 -8
leaf_value=0.0025993822478784017 0.037314688336786854 -0.28733786907183911 -0.044377959299148777 -0.097905849266271022 0.20888224483908799 0.024453961771523602 -0.071832282921235155
leaf_weight=796.93272096246028 9.8134792678231122 1.0114714980199995 11.102340406718353 1.6958975049719818 1.1308157750597434 9.4966796973062895 5.2948380051940367
leaf_count=238334 4288 477 4006 51 36 4977 1884
internal_value=0.00188462 -0.024687 -0.0646645 0.01739 0.00265685 0.044078 0.00210812
internal_weight=836.478 23.6232 12.1138 11.5094 812.855 10.6275 802.228
internal_count=254053 8822 4483 4339 245231 5013 240218
is_linear=0
shrinkage=0.12


Tree=943
num_leaves=8
num_cat=0
split_feature=76 53 9 63 12 66 29
split_gain=1.18566 3.52169 4.62419 2.40581 2.00096 3.90489 2.3612
threshold=0.3680273592472077 2.2838541269302373 1.0000000180025095e-35 0.30591773986816412 1.0250999927520754 11.067187309265138 6.1685874462127694
decision_type=2 2 2 2 2 2 2
left_child=1 2 -1 -3 5 -2 -6
right_child=4 3 -4 -5 6 -7 -8
leaf_value=-0.0080303597285293175 0.013464750767393372 0.095025137623796954 -0.075578577370458297 0.0089842310969282472 -0.015091870962707334 0.11225938885430436 0.0045025945270874227
leaf_weight=68.478243853943752 84.778561008072316 5.4646386529201285 18.546397860015759 32.577539705679968 107.04237279493384 6.1811224149342783 512.83553860483448
leaf_count=52499 6599 3204 5652 18986 18628 920 147565
internal_value=0.00166213 -0.00911235 -0.022426 0.0213437 0.00355782 0.0201783 0.00111896
internal_weight=835.904 125.067 87.0246 38.0422 710.838 90.9597 619.878
internal_count=254053 80341 58151 22190 173712 7519 166193
is_linear=0
shrinkage=0.12


Tree=944
num_leaves=8
num_cat=0
split_feature=34 55 63 69 33 22 33
split_gain=1.08086 3.28047 5.45337 3.22974 2.10004 3.73472 3.1247
threshold=0.69267141819000255 0.065356709063053145 -0.51972088217735279 25.500000000000004 0.52398279309272777 2.7059333324432377 0.51484593749046337
decision_type=2 2 2 2 2 2 2
left_child=1 2 -1 -3 6 -6 -2
right_child=4 3 -4 -5 5 -7 -8
leaf_value=-0.31178989699985454 0.0033537839170171041 -0.0033516118265381465 -0.029466982457460374 0.059323225453032098 0.066015489410926512 -0.0052552961019086686 -0.059049402718407647
leaf_weight=1.0100853660251221 571.57404968657704 155.30599744924908 40.030073952266747 12.81686546820765 20.814878543947444 21.548196239553462 11.793070079364496
leaf_count=207 159984 49206 13965 9969 6421 10609 3692
internal_value=0.00146933 -0.00599861 -0.0364155 0.00142641 0.00396565 0.0297632 0.00209227
internal_weight=834.893 209.163 41.0402 168.123 625.73 42.3631 583.367
internal_count=254053 73347 14172 59175 180706 17030 163676
is_linear=0
shrinkage=0.12


Tree=945
num_leaves=8
num_cat=0
split_feature=1 24 79 24 23 6 51
split_gain=1.27793 3.2253 3.55506 2.69039 3.38978 2.39128 1.8231
threshold=16.632849693298343 2.9029585123062138 1.0000000180025095e-35 0.52394732832908641 0.14616250246763232 9.2130999565124529 0.22288296371698382
decision_type=2 2 2 2 2 2 2
left_child=1 2 -1 5 -5 -2 -3
right_child=3 6 -4 4 -6 -7 -8
leaf_value=-0.013606809028426606 -0.046207979400732131 0.0058111910956641392 -0.06982650395224764 -0.024460102349512253 0.010182773470140564 0.016245503210155082 -0.018227143076213065
leaf_weight=96.767658298236597 27.622905263163233 218.5765035036444 19.452928206599665 45.98540605053455 352.06976183608805 12.975247841322611 57.353274786453596
leaf_count=2575 585 163914 457 1364 42250 456 42520
internal_value=-0.00127057 -0.00624818 -0.0230168 0.00317934 0.00618065 -0.0262477 0.000814713
internal_weight=830.804 392.15 116.221 438.653 398.055 40.5982 275.93
internal_count=254121 209466 3032 44655 43614 1041 206434
is_linear=0
shrinkage=0.12


Tree=946
num_leaves=8
num_cat=0
split_feature=90 45 46 15 55 46 5
split_gain=1.5469 4.07602 2.97922 2.87821 2.17932 5.43678 2.73832
threshold=0.25127500295639044 0.50104168057441723 0.20949968695640567 1.9634459614753725 0.064676944166421904 0.55038166046142589 4.0411999225616464
decision_type=2 2 2 2 2 2 2
left_child=4 3 -3 -2 5 -1 -6
right_child=1 2 -4 -5 6 -7 -8
leaf_value=-0.0075226931844212322 -0.018877074057656675 -0.065330189377487927 0.029304395727880531 0.028202136921226046 0.0022827269678807804 -0.073331644822665298 -0.03530972837453817
leaf_weight=129.08287024123015 84.938578633712538 5.0344139511378918 98.803429931274678 23.978165162034287 437.09080058518828 21.021219423667304 29.805303897972124
leaf_count=38433 3535 3086 24247 22825 151477 9409 1109
internal_value=-0.00111829 0.00770521 0.0247162 -0.00851252 -0.00416082 -0.0167389 -0.000117067
internal_weight=829.755 212.755 103.838 108.917 617 150.104 466.896
internal_count=254121 53693 27333 26360 200428 47842 152586
is_linear=0
shrinkage=0.12


Tree=947
num_leaves=8
num_cat=0
split_feature=90 0 14 2 8 17 81
split_gain=1.22704 3.81471 7.50109 3.50355 2.12584 6.81002 5.36164
threshold=0.46462500095367437 78.242298126220717 -1.0000000180025095e-35 215.24500274658206 12.444991111755373 1.0000000180025095e-35 1.0000000180025095e-35
decision_type=2 2 2 2 2 2 2
left_child=4 3 -3 -2 6 -6 -1
right_child=1 2 -4 -5 5 -7 -8
leaf_value=-0.0038535810997776801 -0.0092101500312538383 -0.054838419530033072 0.047559743384454407 0.028754823613262162 -0.072847296202465231 -0.005654376760245469 0.037193419378969049
leaf_weight=275.91744056360807 52.538636032174296 32.750430503456386 15.028827169762705 104.87202865044223 23.624988113873258 269.3964193552199 54.950737836091889
leaf_count=167904 11120 501 6460 34718 244 8813 24361
internal_value=-0.000980939 0.00706893 -0.0226294 0.0160833 -0.00362845 -0.0110718 0.00296352
internal_weight=829.08 205.19 47.7793 157.411 623.89 293.021 330.868
internal_count=254121 52799 6961 45838 201322 9057 192265
is_linear=0
shrinkage=0.12


Tree=948
num_leaves=8
num_cat=0
split_feature=47 34 61 61 12 12 33
split_gain=1.11804 3.27321 3.53004 3.27973 1.48662 2.76245 2.32028
threshold=0.34194551408290869 0.60518571734428417 3.9072916507720952 5.9697916507720956 0.46304999291896826 0.56554999947547924 0.3569480180740357
decision_type=2 2 2 2 2 2 2
left_child=4 3 -3 -2 6 -6 -1
right_child=1 2 -4 -5 5 -7 -8
leaf_value=-0.0069624091766937292 -0.03095659629349716 -0.016450533781361503 0.064283270209567325 -0.15170027317471718 0.05947146892904541 0.00074233400399259237 -0.076289498425534924
leaf_weight=32.943507793402702 13.581933342217001 36.741711511806272 9.9003319332210094 4.2541101236917021 11.723746233433529 709.55485533245053 8.8111430618481119
leaf_count=1568 3746 11431 4855 1296 891 230043 291
internal_value=-0.000859691 -0.0160333 0.000686182 -0.0597554 0.000422513 0.00169692 -0.0215919
internal_weight=827.511 64.4781 46.642 17.836 763.033 721.279 41.7547
internal_count=254121 21328 16286 5042 232793 230934 1859
is_linear=0
shrinkage=0.12


Tree=949
num_leaves=8
num_cat=0
split_feature=51 15 0 83 55 66 76
split_gain=1.04391 2.29391 2.99474 2.41941 2.22484 4.36426 3.7294
threshold=0.074032284319400801 1.0011360049247744 95.585048675537124 0.37500000000000006 0.17403650283813479 10.907291889190676 0.83568090200424205
decision_type=2 2 2 2 2 2 2
left_child=1 3 -3 -1 5 -2 -6
right_child=4 2 -4 -5 6 -7 -8
leaf_value=-0.015918560399360213 -0.0030913744070692052 0.032174617059280021 -0.025810808865763438 0.016713294383622204 0.010121474701789963 -0.037230651984147912 -0.055798215393079144
leaf_weight=84.903938587673593 316.75183042869799 70.411860001581502 15.682369542286024 53.230785276315004 208.45650117522121 64.984379184571537 13.137516135734186
leaf_count=3387 68278 54666 7022 1537 55641 58001 5589
internal_value=-0.000752766 0.00623833 0.0216124 -0.00334374 -0.00335102 -0.00890303 0.00621333
internal_weight=827.559 224.229 86.0942 138.135 603.33 381.736 221.594
internal_count=254121 66612 61688 4924 187509 126279 61230
is_linear=0
shrinkage=0.12


Tree=950
num_leaves=8
num_cat=0
split_feature=58 11 6 53 19 51 45
split_gain=2.03222 2.92455 2.86817 1.87581 1.55915 2.00344 1.20854
threshold=0.74748352169990551 1.0000000180025095e-35 6.1391999721527108 2.4739582538604741 0.12812499701976779 0.06230472773313523 0.89531251788139354
decision_type=2 2 2 2 2 2 2
left_child=4 3 -3 -2 5 -1 -6
right_child=1 2 -4 -5 6 -7 -8
leaf_value=-0.050346611920850728 -0.052024318588317776 0.063523905801783798 -0.022674010545983638 -0.17816039339438725 0.0054700274073714592 0.069027004004294817 -0.0073024893182039273
leaf_weight=2.5201157449926521 8.5369780536989079 6.978309707971504 27.324766335111313 2.119189906828864 641.88855330416811 10.294670913094205 127.9394854449564
leaf_count=918 3970 6874 2285 305 197913 5583 36455
internal_value=0.00261314 -0.022197 -0.00513868 -0.077109 0.00403837 0.0455514 0.00334733
internal_weight=827.602 44.9592 34.3031 10.6562 782.643 12.8148 769.828
internal_count=254303 13434 9159 4275 240869 6501 234368
is_linear=0
shrinkage=0.12


Tree=951
num_leaves=8
num_cat=0
split_feature=59 85 65 47 33 77 2
split_gain=1.62882 2.7518 3.85904 3.01435 1.83407 4.26639 2.61332
threshold=6.8866207599639901 0.37500000000000006 45.500000000000007 0.23577710241079333 0.21318151056766513 1.0000000180025095e-35 150.93999481201175
decision_type=2 2 2 2 2 2 2
left_child=4 2 -2 -3 5 -1 -6
right_child=1 3 -4 -5 6 -7 -8
leaf_value=-0.022204697453481664 0.013426056713407349 -0.033733422791720688 -0.098682430998664319 0.022540653153398104 -0.04974085943804573 0.019638090199801134 0.0098113463407834382
leaf_weight=94.041097831922627 80.951358104509893 71.19714085997245 4.6768931612467943 16.974936701151307 10.844985891802194 55.976673469789944 491.98385698041523
leaf_count=12144 20565 24433 3640 6489 3425 11373 172234
internal_value=0.00230442 -0.00801936 0.00730285 -0.0228995 0.0050528 -0.00659175 0.00852693
internal_weight=826.647 173.8 85.6283 88.1721 652.847 150.018 502.829
internal_count=254303 55127 24205 30922 199176 23517 175659
is_linear=0
shrinkage=0.12


Tree=952
num_leaves=7
num_cat=0
split_feature=63 45 23 65 7 69
split_gain=1.37642 1.22676 3.0709 1.71612 1.14816 0.216104
threshold=-6.5541703701019278 0.89531251788139354 0.28695000708103185 36.500000000000007 11.278299808502199 4.5000000000000009
decision_type=2 2 2 2 2 2
left_child=4 3 -3 -2 5 -1
right_child=1 2 -4 -5 -6 -7
leaf_value=0.051782148891144263 0.0089590929493185787 -0.054595187365983379 -0.001661293852993285 -0.0031991317734733397 -0.067050665882713092 0.11783329978787634
leaf_weight=0.99910546627671637 391.56326264465565 18.178815666822274 119.69784561103633 291.72266836251902 0.72458026889944438 2.4933730301308401
leaf_count=260 94109 548 37456 119973 10 1947
internal_value=0.00203593 0.00168476 -0.00864054 0.00376825 0.0704175 0.0989378
internal_weight=825.38 821.163 137.877 683.286 4.21706 3.49248
internal_count=254303 252086 38004 214082 2217 2207
is_linear=0
shrinkage=0.12


Tree=953
num_leaves=8
num_cat=0
split_feature=58 11 41 1 19 51 41
split_gain=1.39433 2.32403 2.6013 1.78784 1.25337 1.55153 1.30607
threshold=0.74748352169990551 1.0000000180025095e-35 0.061473378911614425 11.034549713134767 0.12812499701976779 0.06230472773313523 0.15461534261703494
decision_type=2 2 2 2 2 2 2
left_child=4 3 -3 -2 5 -1 -6
right_child=1 2 -4 -5 6 -7 -8
leaf_value=-0.043528473913566366 -0.17217041935222771 0.030922874087159637 -0.035246802491225866 -0.044583974817136572 0.0055003273908161374 0.06189560977027022 -0.0054547821252094782
leaf_weight=2.5169737687167535 1.9330448508032052 16.415189966376456 17.867534043592929 8.6976213391475792 547.68001338539989 9.9845322119571129 219.5218407190971
leaf_count=918 2062 5035 4124 2213 185556 5583 48812
internal_value=0.00179557 -0.018764 -0.00356356 -0.0677839 0.00297987 0.0406702 0.00236571
internal_weight=824.617 44.9134 34.2827 10.6307 779.703 12.5015 767.202
internal_count=254303 13434 9159 4275 240869 6501 234368
is_linear=0
shrinkage=0.12


Tree=954
num_leaves=8
num_cat=0
split_feature=59 63 54 28 89 1 88
split_gain=1.33031 3.27114 5.3065 3.04517 1.66135 9.07192 2.32588
threshold=19999947.000000004 19999949.000000004 0.36216127872467047 29.608974456787113 1.0000000180025095e-35 2.4298499822616582 0.64655712246894848
decision_type=2 2 2 2 2 2 2
left_child=4 2 -2 -3 6 -6 -1
right_child=1 3 -4 -5 5 -7 -8
leaf_value=0.0045454231943937847 -0.022781297497777485 0.086527382426691279 -0.16146008997440434 -0.0038611140833780086 -0.26807210082984012 0.024400957440089674 -0.014297885379617375
leaf_weight=533.45424651415021 30.235216209764232 6.0105373644663649 4.5744361552761168 50.143873340720724 1.5556316638355685 83.496753496450438 114.58855252174862
leaf_count=168758 9222 5644 1428 19520 863 21670 27198
internal_value=0.00158467 -0.0121028 -0.0410055 0.0058137 0.00328304 0.0190515 0.0012135
internal_weight=824.059 90.9641 34.8097 56.1544 733.095 85.0524 648.043
internal_count=254303 35814 10650 25164 218489 22533 195956
is_linear=0
shrinkage=0.12


Tree=955
num_leaves=8
num_cat=0
split_feature=49 1 19 19 57 61 15
split_gain=1.1846 2.71655 5.56452 5.09042 2.08863 3.04043 2.18951
threshold=1.1447916626930239 13.165100097656252 0.26614584028720861 0.25546874105930334 3.5890625715255742 4.6218750476837167 -0.70134299993515004
decision_type=2 2 2 2 2 2 2
left_child=1 2 -1 -3 6 -6 -2
right_child=4 3 -4 -5 5 -7 -8
leaf_value=-0.022324073697795568 -0.027788970143940439 0.0065883625088231715 0.039832793445145599 -0.031271690870704978 0.03378089723317252 4.9886388998426532e-05 -0.0003144116391147641
leaf_weight=39.821350006171002 47.870415550739153 87.373605621015329 43.283481932919955 123.31376405966999 60.5453536020744 105.58789917683684 327.66977078757304
leaf_count=32993 1131 14826 24216 17606 16927 37495 108634
internal_value=-0.00218824 -0.00832375 0.0100491 -0.0155708 0.00113953 0.0123428 -0.00381662
internal_weight=835.466 293.792 83.1048 210.687 541.673 166.133 375.54
internal_count=253828 89641 57209 32432 164187 54422 109765
is_linear=0
shrinkage=0.12


Tree=956
num_leaves=8
num_cat=0
split_feature=88 36 53 82 16 77 41
split_gain=1.1853 3.19088 6.32135 2.63509 2.69712 1.38922 0.239939
threshold=1.063928544521332 -8.2393379211425763 2.6510417461395268 1.0000000180025095e-35 1.2970045208930971 1.0000000180025095e-35 0.036869747564196594
decision_type=2 2 2 2 2 2 2
left_child=1 2 -1 4 -2 -3 -5
right_child=3 5 -4 6 -6 -7 -8
leaf_value=-0.10649316462196826 -0.10433045660324743 -0.00018331140136177256 -1.0333480847407823 0.009563908493488477 0.011118019059945862 -0.012263417698726483 0.12954788845133858
leaf_weight=1.5092847132498015 3.0174546124074189 561.06917841712493 0.11396253953014457 0.26204354332790059 84.969933946258621 181.40914390925127 2.8534825621505222
leaf_count=7074 68 181103 551 168 15423 46055 3386
internal_value=-0.00192047 -0.00350226 -0.171564 0.0109991 0.00715881 -0.00313483 0.119456
internal_weight=835.204 744.102 1.62325 91.1029 87.9874 742.478 3.11553
internal_count=253828 234783 7625 19045 15491 227158 3554
is_linear=0
shrinkage=0.12


Tree=957
num_leaves=8
num_cat=0
split_feature=49 49 2 49 57 59 66
split_gain=0.948239 2.43496 3.7605 3.25928 1.62812 2.98667 2.0555
threshold=1.1447916626930239 0.85885417461395275 131.33499908447268 0.78828126192092907 3.3979166746139531 2.9961557388305669 11.723437309265138
decision_type=2 2 2 2 2 2 2
left_child=1 3 -3 -1 6 -6 -2
right_child=4 2 -4 -5 5 -7 -8
leaf_value=-0.0029192985499742943 -0.0019697743397023805 0.071622212617452788 -0.023069557472323463 0.052976721853976685 0.029684821902315035 -0.0022534370673980208 -0.066738963925726202
leaf_weight=138.70885475128983 359.65476439979909 6.3284349728173188 132.16308610324063 16.846218117025614 71.481060892639618 102.79635086724761 7.196947941664404
leaf_count=33594 99753 918 48236 6893 20097 36687 7650
internal_value=-0.00168427 -0.00716948 -0.0187426 0.0031341 0.00129637 0.0108463 -0.00324043
internal_weight=835.176 294.047 138.492 155.555 541.129 174.277 366.852
internal_count=253828 89641 49154 40487 164187 56784 107403
is_linear=0
shrinkage=0.12


Tree=958
num_leaves=8
num_cat=0
split_feature=53 53 49 9 28 47 90
split_gain=0.958753 3.59076 4.62531 2.0966 1.98976 3.11976 2.46339
threshold=1.9114583730697634 1.8885416984558108 0.78828126192092907 1.0000000180025095e-35 28.994255065917972 0.28959253430366522 0.73945000767707836
decision_type=2 2 2 2 2 2 2
left_child=1 3 -3 -1 5 -2 -6
right_child=4 2 -4 -5 6 -7 -8
leaf_value=0.0022390534355092701 -0.040029779436639878 -0.29982521118447231 -0.047396012383403283 -0.019542452142434677 -6.5961058117073356e-05 0.091398832757439485 0.023613216132648805
leaf_weight=211.06693075122087 28.068814042606899 1.1762228289654775 9.3877301741703132 91.103093571372369 417.26004634207379 2.8663675032547706 74.571173122920356
leaf_count=76300 9593 143 3791 19590 121385 1425 21601
internal_value=-0.00147654 -0.00673221 -0.0755023 -0.00432799 0.00166755 -0.027852 0.00352426
internal_weight=835.5 312.734 10.564 302.17 522.766 30.9352 491.831
internal_count=253828 99824 3934 95890 154004 11018 142986
is_linear=0
shrinkage=0.12


Tree=959
num_leaves=7
num_cat=0
split_feature=28 88 33 55 54 16
split_gain=0.872189 0.876443 2.56999 2.40067 0.723228 0.269578
threshold=5.839832305908204 1.063928544521332 0.19164402037858966 0.099151730537414565 -0.022238257341086861 1.2970045208930971
decision_type=2 2 2 2 2 2
left_child=4 2 -2 -3 -1 -6
right_child=1 3 -4 -5 5 -7
leaf_value=-0.057248135762350195 -0.12861959685556854 -0.015909511789401087 -0.0025069097999802243 0.024600869485236779 0.028850796507694985 0.11027671256508005
leaf_weight=0.62504814915339357 2.3342361467618948 33.435411921515851 739.50841792581684 56.936094497745131 0.83956133478869732 1.9347526259929635
leaf_count=270 8953 7386 224003 11444 18 1754
internal_value=-0.00129674 -0.00154452 -0.00290373 0.00961295 0.0593633 0.0856356
internal_weight=835.614 832.214 741.843 90.3715 3.39936 2.77431
internal_count=253828 251786 232956 18830 2042 1772
is_linear=0
shrinkage=0.12


Tree=960
num_leaves=8
num_cat=0
split_feature=51 33 85 66 51 63 51
split_gain=1.14492 2.64362 3.927 2.81142 1.85648 3.96409 2.80154
threshold=0.30281835794448858 0.47794155776500707 0.37500000000000006 9.4588541984558123 0.22288296371698382 19999927.000000004 0.21112306416034701
decision_type=2 2 2 2 2 2 2
left_child=4 2 -2 -3 6 -6 -1
right_child=1 3 -4 -5 5 -7 -8
leaf_value=-0.0021211750675813592 0.03031984386135449 0.077458298962479188 -0.035332110940959248 0.011518101922265996 -0.026582435889128453 0.070563357964436899 0.043110935917573819
leaf_weight=624.99880520438728 23.318991715912876 14.037111383361813 29.996657490098027 27.653028866404004 80.940518745486514 6.537155631285855 20.360488804960255
leaf_count=194779 5911 4853 8127 8742 22012 3103 6506
internal_value=-0.001311 0.0110834 -0.00661751 0.0337202 -0.00291782 -0.0193228 -0.000694144
internal_weight=827.843 95.0058 53.3156 41.6901 732.837 87.4777 645.359
internal_count=254033 27633 14038 13595 226400 25115 201285
is_linear=0
shrinkage=0.12


Tree=961
num_leaves=8
num_cat=0
split_feature=8 83 47 5 2 50 0
split_gain=1.32295 3.99228 3.7451 2.75815 2.04553 2.75577 2.18229
threshold=13.486831188201906 0.37500000000000006 0.22205941379070285 3.1171499490737919 260.16500854492193 0.32871681451797491 12.617749691009523
decision_type=2 2 2 2 2 2 2
left_child=4 3 -3 -2 5 -1 -6
right_child=1 2 -4 -5 6 -7 -8
leaf_value=-0.0030489817321063318 0.0078342214916923055 -0.058550658069897246 0.018195013146476608 -0.041987326099677667 0.045671059650770854 -0.10129119646116481 0.0062902082277400267
leaf_weight=386.83678854342003 111.79141680043301 36.822770148866887 12.186525720111879 18.673767315751604 22.173291816881374 4.1557604221265469 235.20769918054953
leaf_count=107176 2318 946 284 379 43225 2961 96744
internal_value=-0.00114845 -0.0102662 -0.0394673 0.000703154 0.00137542 -0.00409317 0.00968286
internal_weight=827.848 179.474 49.0093 130.465 648.374 390.993 257.381
internal_count=254033 3927 1230 2697 250106 110137 139969
is_linear=0
shrinkage=0.12


Tree=962
num_leaves=8
num_cat=0
split_feature=55 55 47 63 57 49 7
split_gain=1.0965 2.75522 2.7805 1.79729 3.85551 2.12382 1.73305
threshold=0.085198957473039641 0.08974266424775125 0.062830194830894484 -0.51972088217735279 1.5390625000000002 1.8510416746139529 5.7789499759674081
decision_type=2 2 2 2 2 2 2
left_child=3 2 -2 4 -1 -5 -3
right_child=1 6 -4 5 -6 -7 -8
leaf_value=0.099926552789311077 0.09442543383580046 -0.016241808684482256 -0.064502340265133559 0.0039423564956714927 -0.16675608056247404 0.058783464926553723 0.00094332077140577377
leaf_weight=1.1576849570928964 1.7494966604049675 106.47973194930728 16.88035693692219 277.75952139068363 2.3969650844938997 10.555175393365742 409.40949269635485
leaf_count=297 788 102674 4683 82545 816 3648 58582
internal_value=-0.00101087 -0.0042409 -0.0495777 0.0049045 -0.0799024 0.00595008 -0.0026037
internal_weight=826.388 534.519 18.6299 291.869 3.55465 288.315 515.889
internal_count=254033 166727 5471 87306 1113 86193 161256
is_linear=0
shrinkage=0.12


Tree=963
num_leaves=8
num_cat=0
split_feature=24 82 88 58 88 2 41
split_gain=0.998392 3.05989 2.62156 2.0198 2.00256 1.62453 1.52467
threshold=1.04678350687027 1.0000000180025095e-35 0.50021427869796764 -73.380668640136705 0.7775000035762788 260.16500854492193 0.19809360057115558
decision_type=2 2 2 2 2 2 2
left_child=1 2 -1 6 -3 -5 -2
right_child=3 4 -4 5 -6 -7 -8
leaf_value=-0.0089825717078094881 0.02505697479477494 0.070059258804891139 -0.055460653722229296 -0.0049671413492866374 -0.0096107175616969454 0.006943421028443625 0.11946483948602131
leaf_weight=89.892277929181034 12.543243553303112 10.260132153105589 21.692398080038686 400.40460853386435 8.1535448449430969 280.36973783682402 3.0653019919764111
leaf_count=1854 3838 601 508 108417 97 138092 626
internal_value=-0.000885466 -0.0105392 -0.0180181 0.000916666 0.0347815 -6.19018e-05 0.0435974
internal_weight=826.381 129.998 111.585 696.383 18.4137 680.774 15.6085
internal_count=254033 3060 2362 250973 698 246509 4464
is_linear=0
shrinkage=0.12


Tree=964
num_leaves=8
num_cat=0
split_feature=8 83 58 24 1 22 11
split_gain=0.930304 3.30248 3.35011 2.55291 1.57946 2.71857 1.89749
threshold=13.486831188201906 0.37500000000000006 -1.8840839862823484 1.04678350687027 16.548550605773929 0.14085000008344653 1.5000000000000002
decision_type=2 2 2 2 2 2 2
left_child=4 3 -3 -2 6 -6 -1
right_child=1 2 -4 -5 5 -7 -8
leaf_value=-0.0085187554719342948 -0.0051801420176560958 -0.0062604318899593695 -0.069644875729390446 0.043769929484218768 -0.051577895231001057 0.010567566074875969 0.011795129454900858
leaf_weight=284.10787465279407 112.1584939346257 26.291416600535797 22.10167317861729 17.7735999269198 10.537863999211025 266.06522268375988 86.336999025896034
leaf_count=169896 2097 744 486 600 385 41688 38137
internal_value=-0.000776207 -0.00845036 -0.0352088 0.00151581 0.00133877 0.00819998 -0.00378434
internal_weight=825.373 178.325 48.3931 129.932 647.048 276.603 370.445
internal_count=254033 3927 1230 2697 250106 42073 208033
is_linear=0
shrinkage=0.12


Tree=965
num_leaves=8
num_cat=0
split_feature=5 22 66 28 85 59 53
split_gain=1.51713 2.39378 3.0487 2.30806 3.84019 1.88987 1.77482
threshold=2.2952500581741337 1.8000916838645937 0.75156250596046459 24.050888061523441 1.0000000180025095e-35 -0.94185933470726002 3.0333333015441899
decision_type=2 2 2 2 2 2 2
left_child=3 6 -3 4 -1 -5 -2
right_child=1 2 -4 5 -6 -7 -8
leaf_value=0.12487074366562351 0.0069814317446512475 0.1785281326731126 0.031227369119910687 0.031504609366871078 0.0082363702836705539 -0.0052603903904937669 -0.11276090878096309
leaf_weight=5.3564581911860278 356.90716390998102 2.1937458328948081 26.046676587458151 21.233910251320765 16.860244512075237 388.60583993838543 1.7914158131196121
leaf_count=3512 61621 317 9331 3631 11379 164327 343
internal_value=0.00357415 0.00903175 0.0426698 -0.00131353 0.036357 -0.00335559 0.00638341
internal_weight=818.995 386.939 28.2404 432.056 22.2167 409.84 358.699
internal_count=254461 71612 9648 182849 14891 167958 61964
is_linear=0
shrinkage=0.12


Tree=966
num_leaves=8
num_cat=0
split_feature=76 78 8 8 90 8 23
split_gain=1.85711 1.61621 7.30894 2.84577 1.44131 3.56093 2.95116
threshold=0.98611417412757885 1.0000000180025095e-35 10.339408397674562 10.862330436706545 0.2497428581118584 12.766571998596193 0.52693334221839916
decision_type=2 2 2 2 2 2 2
left_child=1 3 -3 -1 5 -2 -6
right_child=4 2 -4 -5 6 -7 -8
leaf_value=-0.0067304940186870468 0.077076636419922462 0.031448647290066224 -0.017897634208089968 0.011588425337472254 -0.012415868576008619 -0.10498028261261777 0.13104230178037027
leaf_weight=177.93023361841523 3.720679770634205 56.989119749251131 178.923458911024 389.26486720782333 3.3352329923236521 2.6482148753202637 5.4215485587619696
leaf_count=167864 1047 50665 9456 24494 62 74 799
internal_value=0.00315453 0.00236996 -0.00597711 0.00584174 0.0448118 0.00137656 0.0764028
internal_weight=818.233 803.108 235.913 567.195 15.1257 6.36889 8.75678
internal_count=254461 252479 60121 192358 1982 1121 861
is_linear=0
shrinkage=0.12


Tree=967
num_leaves=8
num_cat=0
split_feature=71 62 63 71 62 90 22
split_gain=1.40531 1.36583 2.28277 1.4218 0.617021 1.36816 0.410707
threshold=156.50000000000003 6.5205101966857919 15.461156368255617 153.50000000000003 -25.06883335113525 0.00070714284083805989 1.0000000180025095e-35
decision_type=2 2 2 2 2 2 2
left_child=1 3 -3 -1 5 -2 -6
right_child=4 2 -4 -5 6 -7 -8
leaf_value=0.0037310467846410232 -0.10476103297085891 -0.024897613972199421 0.13863423160993729 -0.13995356609241472 -0.081156753844168844 0.15233177343754165 0.12055296236717172
leaf_weight=773.44402696999168 0.69807687976151578 37.490119419418136 1.270860027187324 0.99297094442442713 0.15456483150874989 0.52018598521740955 2.4404553356994114
leaf_count=237043 883 7957 1704 1183 22 610 5059
internal_value=0.00278739 0.00244658 -0.0195359 0.00354682 0.0754651 0.00501501 0.108539
internal_weight=817.011 813.198 38.761 774.437 3.81328 1.21826 2.59502
internal_count=254461 247887 9661 238226 6574 1493 5081
is_linear=0
shrinkage=0.12


Tree=968
num_leaves=7
num_cat=0
split_feature=0 5 22 28 62 54
split_gain=1.18969 1.26414 1.84018 1.83834 0.00463279 0.000520979
threshold=0.24395000189542773 2.2952500581741337 1.8000916838645937 24.050888061523441 -24.195787429809567 0.50612512230873119
decision_type=2 2 2 2 2 2
left_child=4 3 -3 -2 -1 -6
right_child=1 2 -4 -5 5 -7
leaf_value=0.13991734589462868 0.031785657373066926 0.0049714902029180377 0.037029795559754219 -0.0039944410511805204 0.1269988214825877 0.12043666465057504
leaf_weight=0.31520853220263234 21.781370690617905 357.54245519463552 27.787283900892874 408.12354434387629 0.26393420842873527 0.51251529878004476
leaf_count=93 14891 61964 9648 166956 28 881
internal_value=0.00245972 0.00229208 0.00728331 -0.00218162 0.127648 0.122667
internal_weight=816.326 815.235 385.33 429.905 1.09166 0.77645
internal_count=254461 253459 71612 181847 1002 909
is_linear=0
shrinkage=0.12


Tree=969
num_leaves=7
num_cat=0
split_feature=76 51 54 66 29 0
split_gain=1.43149 1.60042 2.60304 2.55142 1.30661 1.5384
threshold=0.98611417412757885 0.081182762980461134 0.39642150700092321 2.0395833253860478 93.174144744873061 58.058851242065437
decision_type=2 2 2 2 2 2
left_child=1 2 -1 -3 5 -2
right_child=4 3 -4 -5 -6 -7
leaf_value=-0.0041975387276681209 -0.012580401741621425 0.10373779271533666 -0.067628097081751548 0.0042973474377982681 -0.028411284761514003 0.085267765394603276
leaf_weight=226.59618136440366 3.20409670873505 3.7402836173765754 9.7158015334394445 561.05092526235444 3.216782204937771 8.3272811137163654
leaf_count=68997 426 2713 5009 175760 372 1184
internal_value=0.00216851 0.00148649 -0.00680544 0.00495588 0.0392149 0.0580798
internal_weight=815.851 801.103 236.312 564.791 14.7482 11.5314
internal_count=254461 252479 74006 178473 1982 1610
is_linear=0
shrinkage=0.12


end of trees

feature_importances:
e_needed_next_cs_wc=219
e_margin_next_cs_wc=209
spread_slack2_after=196
a_tauc_full=195
queue_here=185
a_y=182
tod=171
t_elapsed=169
D_next=163
cu1_drive=162
route_frac_done=154
cd_slack_after=151
cs2_drive=148
soc_at_next_cs_frac=146
spread_h=143
soc_kwh=132
cs2_queue=130
cs1_queue=129
cs3_queue=128
sd_slack_after=127
hz_drive=127
cs3_drive=118
a_break_min=113
a_dwell_min=113
sd_slack=111
spread_slack1=106
sd=102
a_r1=102
cs2_soc_frac=98
cu1_open_slack=93
cu2_close_slack=86
cs3_soc_frac=85
cu2_drive=83
spread_slack2=78
drive_left=77
sw=74
cd_slack=71
stops_left=71
cu1_close_slack=70
cu2_open_slack=70
a_r2=69
cd=66
charge_time_to_full=66
a_rest_min=66
legs_to_forced_break=65
rho2_used=64
a_residual_break=57
cs1_drive=56
sw_slack=55
cs1_soc_frac=53
hz_stops=53
a_b45=44
legs_to_forced_rest=38
e_nom_margin_next_cs=37
tw_late_slack=36
drive_to_next_cs=33
cust_left=33
tw_early_slack=30
E_next=28
cs_left=23
rho2_left=22
a_break_absorbable=20
ext_shift_used=19
soc_frac=18
a_resets_cd=18
must_rest=17
is_layby=13
energy_left=13
a_resets_sd=13
charge_rate_now_kw=11
stops_to_next_cs=8
is_cs=8
ext_left=7
a_b15=7
D_next_wc=6
phi=5
energy_to_next_cs=5
is_cust=5
hz_n_breaks=5
usable_kwh=4
cu1_rests_between=4
cu2_rests_between=2
service_here=1
cs1_reach=1
cs2_reach=1
hz_n_rests=1
a_b30=1

parameters:
[boosting: gbdt]
[objective: binary]
[metric: binary_logloss]
[tree_learner: serial]
[device_type: cpu]
[data_sample_strategy: bagging]
[data: ]
[valid: ]
[num_iterations: 1200]
[learning_rate: 0.12]
[num_leaves: 15]
[num_threads: 0]
[seed: 0]
[deterministic: 0]
[force_col_wise: 0]
[force_row_wise: 0]
[histogram_pool_size: -1]
[max_depth: 3]
[min_data_in_leaf: 300]
[min_sum_hessian_in_leaf: 0.001]
[bagging_fraction: 0.8]
[pos_bagging_fraction: 1]
[neg_bagging_fraction: 1]
[bagging_freq: 5]
[bagging_seed: 7719]
[bagging_by_query: 0]
[feature_fraction: 0.8]
[feature_fraction_bynode: 1]
[feature_fraction_seed: 2437]
[extra_trees: 0]
[extra_seed: 11797]
[early_stopping_round: 0]
[early_stopping_min_delta: 0]
[first_metric_only: 0]
[max_delta_step: 0]
[lambda_l1: 0]
[lambda_l2: 0]
[linear_lambda: 0]
[min_gain_to_split: 0]
[drop_rate: 0.1]
[max_drop: 50]
[skip_drop: 0.5]
[xgboost_dart_mode: 0]
[uniform_drop: 0]
[drop_seed: 21238]
[top_rate: 0.2]
[other_rate: 0.1]
[min_data_per_group: 100]
[max_cat_threshold: 32]
[cat_l2: 10]
[cat_smooth: 10]
[max_cat_to_onehot: 4]
[top_k: 20]
[monotone_constraints: ]
[monotone_constraints_method: basic]
[monotone_penalty: 0]
[feature_contri: ]
[forcedsplits_filename: ]
[refit_decay_rate: 0.9]
[cegb_tradeoff: 1]
[cegb_penalty_split: 0]
[cegb_penalty_feature_lazy: ]
[cegb_penalty_feature_coupled: ]
[path_smooth: 0]
[interaction_constraints: ]
[verbosity: -1]
[saved_feature_importance_type: 0]
[use_quantized_grad: 0]
[num_grad_quant_bins: 4]
[quant_train_renew_leaf: 0]
[stochastic_rounding: 1]
[linear_tree: 0]
[max_bin: 255]
[max_bin_by_feature: ]
[min_data_in_bin: 3]
[bin_construct_sample_cnt: 200000]
[data_random_seed: 38]
[is_enable_sparse: 1]
[enable_bundle: 1]
[use_missing: 1]
[zero_as_missing: 0]
[feature_pre_filter: 1]
[pre_partition: 0]
[two_round: 0]
[header: 0]
[label_column: ]
[weight_column: ]
[group_column: ]
[ignore_column: ]
[categorical_feature: ]
[forcedbins_filename: ]
[precise_float_parser: 0]
[parser_config_file: ]
[objective_seed: 8855]
[num_class: 1]
[is_unbalance: 0]
[scale_pos_weight: 1]
[sigmoid: 1]
[boost_from_average: 1]
[reg_sqrt: 0]
[alpha: 0.9]
[fair_c: 1]
[poisson_max_delta_step: 0.7]
[tweedie_variance_power: 1.5]
[lambdarank_truncation_level: 30]
[lambdarank_norm: 1]
[label_gain: ]
[lambdarank_position_bias_regularization: 0]
[eval_at: ]
[multi_error_top_k: 1]
[auc_mu_weights: ]
[num_machines: 1]
[local_listen_port: 12400]
[time_out: 120]
[machine_list_filename: ]
[machines: ]
[gpu_platform_id: -1]
[gpu_device_id: -1]
[gpu_device_id_list: ]
[gpu_use_dp: 0]
[num_gpu: 1]

end of parameters

pandas_categorical:null
