tree
version=v4
num_class=1
num_tree_per_iteration=1
label_index=0
max_feature_idx=90
objective=huber
feature_names=t_elapsed tod soc_kwh soc_frac usable_kwh cd sd sw spread_h phi rho2_used ext_shift_used cd_slack sd_slack sw_slack spread_slack1 spread_slack2 rho2_left ext_left D_next E_next D_next_wc cd_slack_after sd_slack_after spread_slack2_after must_charge must_reset_cd must_rest e_needed_next_cs_wc e_margin_next_cs_wc stops_to_next_cs drive_to_next_cs energy_to_next_cs soc_at_next_cs_frac charge_time_to_full charge_rate_now_kw e_nom_margin_next_cs is_cs is_cust is_layby is_ferry queue_here service_here tw_early_slack tw_late_slack cs1_drive cs1_soc_frac cs1_queue cs1_reach cs2_drive cs2_soc_frac cs2_queue cs2_reach cs3_drive cs3_soc_frac cs3_queue cs3_reach cu1_drive cu1_open_slack cu1_close_slack cu1_rests_between cu2_drive cu2_open_slack cu2_close_slack cu2_rests_between hz_stops hz_drive hz_n_rests hz_n_breaks legs_to_forced_break legs_to_forced_rest stops_left drive_left energy_left cs_left cust_left route_frac_done a_y a_b45 a_b15 a_b30 a_r1 a_r2 a_break_min a_rest_min a_dwell_min a_resets_cd a_resets_sd a_tauc_full a_break_absorbable a_residual_break
feature_infos=[0.67909997701644897:149.95719909667969] [0.0034000000450760126:23.99799919128418] [100.12000274658203:447.79998779296875] [0.20024000108242035:0.89560002088546753] [0.11999999731779099:347.79998779296875] [0.00559999980032444:4.4987998008728027] [0.00559999980032444:9.930999755859375] [0.00559999980032444:12.949299812316895] [0.0055900001898407936:14.426594734191895] [0:1] [0:3] [0:2] [0.0012000000569969416:4.4944000244140625] [0.068999998271465302:9.9944000244140625] [-3.9493000507354736:8.9944000244140625] [-1.4265949726104736:12.994409561157227] [0.57340502738952637:14.994409561157227] [0:3] [0:2] [0.0062500000931322575:0.5] [0.6147192120552063:49.177536010742188] [0.0062500000931322575:0.5] [-0.27950000762939453:4.4177498817443848] [-0.35280001163482666:9.917750358581543] [0.22340500354766846:14.917792320251465] [0:1] none none [0.6147192120552063:191.17767333984375] [-170.46328735351562:320.76705932617188] [1:10] [0.0062500000931322575:1.9437500238418579] [0.6147192120552063:191.17767333984375] [-0.14092656970024109:0.84153413772583008] [0.26100000739097595:1.3567999601364136] [200:350] [-170.46328735351562:320.76705932617188] none none none none [0.0080474168062210083:2.6392827033996582] none none none [-1:1.9437500238418579] [-1:0.84153413772583008] [-1:2.6392827033996582] [0:1] [-1:2.6812500953674316] [-1:0.6977347731590271] [-1:2.6392827033996582] [0:1] [-1:3.3937499523162842] [-1:0.52483320236206055] [-1:2.6392827033996582] [0:1] [-1:33.787498474121094] [-95.66094970703125:13.617472648620605] [-11.82182502746582:19999998] [0:3] [-1:37.3125] [-95.81719970703125:13.842320442199707] [-11.345075607299805:19999998] [0:4] [1:55] [0.30000001192092896:12.856249809265137] [0:2] [0:3] [0:99] [0:99] [1:187] [0.30000001192092896:49.650001525878906] [29.506521224975586:4883.3291015625] [0:65] [0:15] [0.014880952425301075:0.99400299787521362] none [0:1] [0:1] [0:1] [0:1] [0:1] [0:0.75] [0:11] [0:11] [0:1] [0:1] [0.26100000739097595:1.3567999601364136] [0:1] [0:0.48899999260902405]
tree_sizes=861 899 894 891 902 886 892 894 889 891 904 896 901 899 906 906 895 913 906 807 895 901 890 905 900 810 906 888 803 904 892 903 890 901 887 903 895 894 890 894 908 907 911 891 899 623 902 897 903 616 626 623 908 899 812 908 910 906 632 905 918 631 803 909 619 799 907 919 708 831 624 912 912 816 726 903 631 635 917 906 892 808 919 806 903 634 816 809 622 625 915 805 913 808 911 907 811 816 906 905 897 818 807 798 811 814 907 902 905 817 810 810 817 806 813 921 912 630 628 898 811 709 805 804 817 899 889 907 819 910 802 924 625 917 905 818 898 916 911 905 917 722 913 628 908 896 910 631 826 909 804 815 911 905 717 622 624 891 818 822 708 890 831 919 908 525 522 908 530 816 907 804 910 805 893 727 809 818 913 914 626 813 816 716 718 715 715 914 922 903 901 622 897 628 912 818 907 912 922 811 808 895 909 631 709 810 916 916 923 814 805 898 806 811 809 914 906 911 910 907 903 813 901 914 913 811 527 818 908 626 915 921 922 913 723 909 823 831 824 811 914 893 893 905 921 633 632 636 635 538 896 720 728 904 807 918 908 902 636 911 637 634 902 633 720 626 727 916 622 897 816 809 913 815 814 723 915 627 922 807 886 912 908 814 804 906 908 808 896 626 821 925 727 900 913 811 819 819 622 895 817 910 898 814 917 812 817 913 821 914 914 813 815 821 711 637 535 910 910 913 902 899 714 713 915 894 910 903 807 901 817 817 812 713 920 633 724 912 714 818 808 897 808 892 810 906 913 719 906 722 808 916 718 624 826 804 816 624 820 819 911 914 532 536 913 911 813 622 917 630 724 914 907 719 921 626 536 795 540 912 913 916 726 824 925 723 819 913 824 726 628 619 628 626 630 811 813 909 812 722 909 815 715 906 808 810 934 819 801 812 813 724 800 822 714 805 809 904 813 807 899 806 903 921 534 536 818 917 816 807 813 820 815 908 727 917 914 917 717 919 729 817 803 918 913 911 914 911 912 624 626 828 918 805 914 818 914 723 810 638 902 721 911 711 819 916 914 915 902 920 817 808 813 807 901 713 710 919 909 720 815 816 914 820 718 810 712 925 905 627 718 720 921 806 911 811 723 806 813 823 811 810 820 909 904 918 634 809 527 910 625 824 904 808 920 901 910 903 908 813 724 911 916 815 921 908 920 906 909 807 912 896 713 917 903 796 920 900 913 822 818 920 921 539 823 805 801 812 723 808 815 820 907 916 907 921 913 907 623 924 919 805 919 912 917 725 819 908 812 926 911 910 718 830 908 800 817 819 805 725 913 813 811 821 825 806 809 630 902 905 805 810 908 906 720 805 816 908 794 896 536 627 531 629 619 803 626 815 899 809 905 719 909 903 904 811 820 818 900 912 816 718 810 804 908 904 913 914 922 628 810 811 798 722 905 810 621 807 716 809 813 725 909 902 910 625 631 720 801 824 917 634 921 819 904 911 914 899 826 906 711 812 712 916 825 918 918 812 817 900 909 824 896 922 898 709 717 724 623 718 819 729 719 629 714 916 713 799 912 917 813 820 811 903 909 637 912 625 626 529 712 714 634 724 709 635 810 908 813 715 820 813 913 895 814 905 821 910 912 909 902 907 907 725 903 815 713 820 894 811 905 899 815 914 809 806 721 813 818 816 912 924 928 622 803 811 821 897 814 721 910 914 620 716 812 907 812 910 899 634 815 905 623 624 903 918 721 534 813 912 723 808 822 812 816 808 927 827 619 817 826 915 900 820 816 910 905 822 816 819 910 908 899 900 820 920 826 905 809 811 918 622 910 725 618 909 911 913 913 811 898 812

Tree=0
num_leaves=8
num_cat=0
split_feature=34 78 2 2 83 80 2
split_gain=1237.21 412.718 240.477 147.852 241.508 27.7799 9.91158
threshold=0.86377140879631054 1.0000000180025095e-35 201.51499938964847 312.58499145507818 0.37500000000000006 1.0000000180025095e-35 175.87500000000003
decision_type=2 2 2 2 2 2 2
left_child=3 2 -2 4 -1 -5 -3
right_child=1 6 -4 5 -6 -7 -8
leaf_value=0.47794570611499493 0.51448138160215595 0.53973439913997645 0.49203092022055117 0.47079592910031437 0.52325309846082191 0.49872248577209455 0.53105459622871498
leaf_weight=6111 14280 2868 13241 19213 2344 527 5581
leaf_count=6111 14280 2868 13241 19213 2344 527 5581
internal_value=0.496049 0.510802 0.50368 0.477229 0.490506 0.471541 0.534001
internal_weight=64165 35970 27521 28195 8455 19740 8449
internal_count=64165 35970 27521 28195 8455 19740 8449
is_linear=0
shrinkage=1


Tree=1
num_leaves=8
num_cat=0
split_feature=2 85 2 78 66 66 80
split_gain=963.563 274.162 184.949 277.534 78.9188 77.2199 21.5128
threshold=254.89499664306643 0.37500000000000006 312.58499145507818 1.0000000180025095e-35 3.8593750000000004 2.3031250238418584 1.0000000180025095e-35
decision_type=2 2 2 2 2 2 2
left_child=1 4 3 -2 -1 -3 -4
right_child=2 5 6 -5 -6 -7 -8
leaf_value=-0.018071133097889311 -0.012956790914264334 0.0019825085701028768 -0.022285445394992134 0.027487538421295761 0.0064444576896514789 0.027832178086739972 0.0022899241627068515
leaf_weight=2281 10373 1862 19213 3196 11055 15658 527
leaf_count=2281 10373 1862 19213 3196 11055 15658 527
internal_value=-6.2389e-05 0.0152162 -0.0142158 -0.00343066 0.00225129 0.0250849 -0.0216294
internal_weight=64165 30856 33309 13569 13336 17520 19740
internal_count=64165 30856 33309 13569 13336 17520 19740
is_linear=0
shrinkage=0.12


Tree=2
num_leaves=8
num_cat=0
split_feature=34 2 83 86 66 72 80
split_gain=761.678 187.06 279.086 182.362 59.7843 56.4928 16.6595
threshold=0.96217143535614025 312.58499145507818 0.37500000000000006 1.0000000180025095e-35 4.6281249523162851 2.7031250000000004 1.0000000180025095e-35
decision_type=2 2 2 2 2 2 2
left_child=1 2 -1 4 -2 -5 -3
right_child=3 6 -4 5 -6 -7 -8
leaf_value=-0.011352897349679409 -0.01286767254326621 -0.01961119181829736 0.021945754199294919 0.0032762638771465956 0.0086233067861951618 0.026939628155169072 0.0020151331550061734
leaf_weight=13113 2349 19213 5009 1631 9027 13296 527
leaf_count=13113 2349 19213 5009 1631 9027 13296 527
internal_value=-5.49023e-05 -0.0109522 -0.002149 0.0156313 0.00418569 0.024354 -0.0190338
internal_weight=64165 37862 18122 26303 11376 14927 19740
internal_count=64165 37862 18122 26303 11376 14927 19740
is_linear=0
shrinkage=0.12


Tree=3
num_leaves=8
num_cat=0
split_feature=2 34 83 85 72 34 80
split_gain=594.146 152.422 230.025 137.111 46.9804 45.0166 12.9936
threshold=233.879997253418 0.751528561115265 0.62500000000000011 0.37500000000000006 3.8031250238418584 1.1886000037193301 1.0000000180025095e-35
decision_type=2 2 2 2 2 2 2
left_child=3 6 -3 4 -1 -5 -2
right_child=1 2 -4 5 -6 -7 -8
leaf_value=-0.013527630153011276 -0.017207751968265524 -0.0089826366760711405 0.022137103166756215 0.017237385944083812 0.0076737545961206013 0.031494064678270345 0.0017848478183744381
leaf_weight=1801 19347 14565 4470 9485 9159 4805 533
leaf_count=1801 19347 14565 4470 9485 9159 4805 533
internal_value=-4.83139e-05 -0.00934977 -0.00167477 0.014287 0.00418984 0.0220312 -0.0166985
internal_weight=64165 38915 19035 25250 10960 14290 19880
internal_count=64165 38915 19035 25250 10960 14290 19880
is_linear=0
shrinkage=0.12


Tree=4
num_leaves=8
num_cat=0
split_feature=34 2 86 86 72 33 80
split_gain=464.6 128.219 102.739 101.032 40.8421 38.8874 9.99614
threshold=0.99648571014404308 312.58499145507818 1.0000000180025095e-35 1.0000000180025095e-35 2.7031250000000004 0.15491109341382983 1.0000000180025095e-35
decision_type=2 2 2 2 2 2 2
left_child=1 2 -1 5 -5 -2 -3
right_child=3 6 -4 4 -6 -7 -8
leaf_value=-0.010866871047209752 0.017190789943950974 -0.01519291931710455 0.0061057424866320081 0.00085851945487360728 0.02255432302010317 0.00012279541933104418 0.0015591354891869894
leaf_weight=9074 2567 19213 11833 1396 11902 7653 527
leaf_count=9074 2567 19213 11833 1396 11902 7653 527
internal_value=-4.25166e-05 -0.0078096 -0.00126067 0.0133816 0.0202767 0.00440983 -0.0147457
internal_weight=64165 40647 20907 23518 13298 10220 19740
internal_count=64165 40647 20907 23518 13298 10220 19740
is_linear=0
shrinkage=0.12


Tree=5
num_leaves=8
num_cat=0
split_feature=2 83 2 83 89 2 34
split_gain=373.826 159.333 114.136 42.7085 91.1673 4.77875 4.28862
threshold=269.59500122070318 0.62500000000000011 175.87500000000003 0.37500000000000006 1.0000000180025095e-35 359.46501159667974 1.2814428806304934
decision_type=2 2 2 2 2 2 2
left_child=1 2 -1 5 -5 -2 -3
right_child=3 6 -4 4 -6 -7 -8
leaf_value=0.014688509583504469 -0.011658729256087056 0.022001683362498213 -0.0017606893133878946 -0.013020207991239281 0.01363073954625048 -0.015678767174275347 0.030682434905118381
leaf_weight=9294 15281 7374 17534 4613 3084 5903 922
leaf_count=9294 15281 7374 17534 4613 3084 5903 922
internal_value=0.000116223 0.0084322 0.00393779 -0.00999736 -0.00234182 -0.0127789 0.0229664
internal_weight=64005 35124 26828 28881 7697 21184 8296
internal_count=64005 35124 26828 28881 7697 21184 8296
is_linear=0
shrinkage=0.12


Tree=6
num_leaves=8
num_cat=0
split_feature=88 83 3 85 72 66 88
split_gain=298.737 98.8464 125.176 64.0054 34.0245 29.058 22.7947
threshold=1.0291571617126467 0.37500000000000006 0.62516999244689953 0.37500000000000006 4.8281250000000009 2.9343750476837163 0.83267143368721019
decision_type=2 2 2 2 2 2 2
left_child=1 6 -3 4 -2 -5 -1
right_child=3 2 -4 5 -6 -7 -8
leaf_value=-0.011810349318371074 -0.0099759813327691509 0.014901098279657627 -0.010227695902221888 0.0012276133890601918 0.0079860215438855506 0.019687554800117153 -0.005195454052604717
leaf_weight=18771 1920 6469 5109 1389 7264 10588 12495
leaf_count=18771 1920 6469 5109 1389 7264 10588 12495
internal_value=0.000102276 -0.00565931 0.00381257 0.0117676 0.0042309 0.0175467 -0.0091668
internal_weight=64005 42844 11578 21161 9184 11977 31266
internal_count=64005 42844 11578 21161 9184 11977 31266
is_linear=0
shrinkage=0.12


Tree=7
num_leaves=8
num_cat=0
split_feature=34 83 89 85 22 72 34
split_gain=231.482 78.4777 99.6354 48.7086 28.417 22.3147 18.4018
threshold=1.0353285670280459 0.37500000000000006 1.0000000180025095e-35 0.37500000000000006 3.1275665760040288 2.9718749523162846 0.83267143368721019
decision_type=2 2 2 2 2 2 2
left_child=1 6 -3 4 -2 -5 -1
right_child=3 2 -4 5 -6 -7 -8
leaf_value=-0.010393107295130386 0.0015179738014447898 -0.010235035246560734 0.012412292614163269 0.0013099802829188677 0.02313193397891776 0.017569123737929265 -0.0045016421702532491
leaf_weight=18771 7976 4613 7107 1378 984 10308 12868
leaf_count=18771 7976 4613 7107 1378 984 10308 12868
internal_value=9.00033e-05 -0.00488979 0.00349829 0.0105481 0.00389165 0.0156519 -0.00799697
internal_weight=64005 43359 11720 20646 8960 11686 31639
internal_count=64005 43359 11720 20646 8960 11686 31639
is_linear=0
shrinkage=0.12


Tree=8
num_leaves=8
num_cat=0
split_feature=34 83 2 72 2 78 66
split_gain=179.437 59.2695 76.6684 38.6611 33.3877 27.9116 14.9068
threshold=1.0291571617126467 0.37500000000000006 312.58499145507818 3.2062500715255742 148.35500335693362 1.0000000180025095e-35 3.1406250000000004
decision_type=2 2 2 2 2 2 2
left_child=1 6 -3 5 -5 -2 -1
right_child=3 2 -4 4 -6 -7 -8
leaf_value=-0.01400059686920356 -0.010927997180670524 0.011626432160083144 -0.0080397333188340081 0.018269376217408314 0.0074588628204053887 0.017049459698993491 -0.006106915172429909
leaf_weight=3942 2097 6469 5109 6215 12169 680 27324
leaf_count=3942 2097 6469 5109 6215 12169 680 27324
internal_value=7.9203e-05 -0.00438613 0.00294838 0.00912002 0.0111135 -0.0040772 -0.00710215
internal_weight=64005 42844 11578 21161 18384 2777 31266
internal_count=64005 42844 11578 21161 18384 2777 31266
is_linear=0
shrinkage=0.12


Tree=9
num_leaves=8
num_cat=0
split_feature=2 78 72 2 78 2 2
split_gain=144.652 64.6395 54.1863 21.379 39.9184 4.69011 1.90447
threshold=258.05999755859381 1.0000000180025095e-35 2.5906250476837163 305.49499511718756 1.0000000180025095e-35 359.46501159667974 125.61500167846681
decision_type=2 2 2 2 2 2 2
left_child=1 2 -1 4 -2 -5 -3
right_child=3 6 -4 5 -6 -7 -8
leaf_value=-0.013349080056558932 -0.0053225111377995845 0.020660483538034211 0.0047758775682566887 -0.006477084239711068 0.011685668547733659 -0.010182259995955914 0.014792920847268715
leaf_weight=2668 8504 905 21642 13204 2593 7841 6648
leaf_count=2668 8504 905 21642 13204 2593 7841 6648
internal_value=6.96985e-05 0.00579937 0.00278668 -0.00561024 -0.00134826 -0.00785757 0.015496
internal_weight=64005 31863 24310 32142 11097 21045 7553
internal_count=64005 31863 24310 32142 11097 21045 7553
is_linear=0
shrinkage=0.12


Tree=10
num_leaves=8
num_cat=0
split_feature=4 83 90 72 85 55 78
split_gain=120.969 50.9898 53.8732 26.4965 20.0985 14.1508 12.0489
threshold=91.74499893188478 0.37500000000000006 1.0000000180025095e-35 3.2062500715255742 0.37500000000000006 0.090546246618032469 1.0000000180025095e-35
decision_type=2 2 2 2 2 2 2
left_child=3 5 -3 6 -5 -2 -1
right_child=1 2 -4 4 -6 -7 -8
leaf_value=-0.0083339695180028664 -0.0085287170648512753 0.0091455510790553543 -0.0069652127839795741 0.0057194662207345126 0.014871078946642266 -0.0035210038917813801 0.012795230320647475
leaf_weight=1654 13016 8386 4644 6105 7963 21628 508
leaf_count=1654 13016 8386 4644 6105 7963 21628 508
internal_value=5.06607e-05 -0.00299564 0.00340354 0.00899885 0.0108996 -0.00540244 -0.00336929
internal_weight=63904 47674 13030 16230 14068 34644 2162
internal_count=63904 47674 13030 16230 14068 34644 2162
is_linear=0
shrinkage=0.12


Tree=11
num_leaves=8
num_cat=0
split_feature=2 83 89 2 83 55 69
split_gain=93.6781 39.4865 41.7194 21.0211 16.6776 11.0292 5.4368
threshold=191.74500274658206 0.37500000000000006 1.0000000180025095e-35 135.66999816894534 0.37500000000000006 0.077633596956729903 10.500000000000002
decision_type=2 2 2 2 2 2 2
left_child=3 5 -3 6 -5 -2 -1
right_child=1 2 -4 4 -6 -7 -8
leaf_value=0.011936649818220575 -0.007926996765252577 -0.0061293872830022406 0.0080480850416711439 0.0021234472668502876 0.012510962235736283 -0.0033092739943403502 0.020798071694105996
leaf_weight=3743 10840 4644 8386 8052 3076 23804 1359
leaf_count=3743 10840 4644 8386 8052 3076 23804 1359
internal_value=4.45816e-05 -0.00263616 0.00299512 0.00791899 0.00499476 -0.00475415 0.014297
internal_weight=63904 47674 13030 16230 11128 34644 5102
internal_count=63904 47674 13030 16230 11128 34644 5102
is_linear=0
shrinkage=0.12


Tree=12
num_leaves=8
num_cat=0
split_feature=34 78 53 85 2 34 72
split_gain=76.3309 35.9118 38.1789 9.25927 10.2632 1.59743 1.27962
threshold=0.86959999799728405 1.0000000180025095e-35 1.2375000119209292 0.37500000000000006 316.83999633789068 1.0291571617126467 3.1156250238418584
decision_type=2 2 2 2 2 2 2
left_child=3 2 -2 6 -5 -3 -1
right_child=1 5 -4 4 -6 -7 -8
leaf_value=-0.010256217243655627 -0.011060913754707873 0.0085946515885938855 0.0032433167715607927 0.001447369787046384 -0.0049216745819663579 0.011979565897625669 -0.0065359061636796898
leaf_weight=1510 3027 3336 23917 5689 10132 5042 11251
leaf_count=1510 3027 3336 23917 5689 10132 5042 11251
internal_value=3.92317e-05 0.00376994 0.00163632 -0.00457122 -0.00263146 0.0106317 -0.00697613
internal_weight=63904 35322 26944 28582 15821 8378 12761
internal_count=63904 35322 26944 28582 15821 8378 12761
is_linear=0
shrinkage=0.12


Tree=13
num_leaves=8
num_cat=0
split_feature=88 78 90 72 72 69 83
split_gain=64.8148 32.4348 36.193 14.705 9.92496 8.97757 3.90241
threshold=1.146814286708832 1.0000000180025095e-35 1.0000000180025095e-35 3.2062500715255742 3.1156250238418584 12.500000000000002 0.37500000000000006
decision_type=2 2 2 2 2 2 2
left_child=1 4 -3 6 -1 -5 -2
right_child=3 2 -4 5 -6 -7 -8
leaf_value=-0.0083762838823621504 -0.0071845325003744159 0.0086287094360591714 -0.0047894119104900127 0.0078371648115329214 -0.002708008511775536 0.016399080270572242 0.0064376253201436726
leaf_weight=5100 1024 7729 4628 7916 34808 2269 430
leaf_count=5100 1024 7729 4628 7916 34808 2269 430
internal_value=3.45239e-05 -0.00176894 0.00360329 0.00813298 -0.00343238 0.00974458 -0.00315597
internal_weight=63904 52265 12357 11639 39908 10185 1454
internal_count=63904 52265 12357 11639 39908 10185 1454
is_linear=0
shrinkage=0.12


Tree=14
num_leaves=8
num_cat=0
split_feature=34 34 78 85 2 84 55
split_gain=50.8291 21.932 19.2343 11.7345 11.4818 4.5336 2.06067
threshold=0.94214287400245678 1.2711571455001833 1.0000000180025095e-35 0.37500000000000006 316.83999633789068 1.0000000180025095e-35 0.024455324746668342
decision_type=2 2 2 2 2 2 2
left_child=3 2 -2 6 -5 -3 -1
right_child=1 5 -4 4 -6 -7 -8
leaf_value=-0.0094619416087024562 0.00050647916968994872 0.0091564308097544251 0.008583547726151412 0.001898240272000509 -0.0038541712169884745 0.017609059044200313 -0.0049255420210155406
leaf_weight=1603 17989 3121 5557 9858 10132 1292 14352
leaf_count=1603 17989 3121 5557 9858 10132 1292 14352
internal_value=3.03811e-05 0.00386773 0.00241272 -0.00295442 -0.00101739 0.0116311 -0.00538131
internal_weight=63904 27959 23546 35945 19990 4413 15955
internal_count=63904 27959 23546 35945 19990 4413 15955
is_linear=0
shrinkage=0.12


Tree=15
num_leaves=8
num_cat=0
split_feature=34 78 89 85 70 66 55
split_gain=39.2273 15.3727 20.1876 14.9989 20.4405 8.73767 5.91951
threshold=1.0687571763992312 1.0000000180025095e-35 1.0000000180025095e-35 0.37500000000000006 6.5000000000000009 2.2437499761581425 0.10581526532769205
decision_type=2 2 2 2 2 2 2
left_child=1 6 -3 4 -2 -5 -1
right_child=3 2 -4 5 -6 -7 -8
leaf_value=-0.0049266268452667133 0.015231876596120389 -0.0039249313016831103 0.0066184703555426322 -0.0038504494772867623 -0.0018778330701684162 0.0086305741981762951 -0.0017779039282971503
leaf_weight=15602 1181 4636 5999 882 6765 9590 19151
leaf_count=15602 1181 4636 5999 882 6765 9590 19151
internal_value=-7.44324e-05 -0.00196981 0.0020224 0.0045964 0.000665153 0.00757936 -0.00319149
internal_weight=63806 45388 10635 18418 7946 10472 34753
internal_count=63806 45388 10635 18418 7946 10472 34753
is_linear=0
shrinkage=0.12


Tree=16
num_leaves=8
num_cat=0
split_feature=29 85 89 13 0 72 12
split_gain=32.5586 21.3446 20.8726 10.8291 3.95005 3.60738 2.055
threshold=-11.769274711608885 0.37500000000000006 1.0000000180025095e-35 2.5270999670028691 8.4085998535156268 3.2062500715255742 0.81830000877380382
decision_type=2 2 2 2 2 2 2
left_child=4 3 -3 -2 6 -6 -1
right_child=1 2 -4 -5 5 -7 -8
leaf_value=0.0080372508432089811 0.0031568918973240937 -0.0011332826677020824 0.0053422686605863832 -0.0045334981149246214 2.9282722870742243e-05 0.010455911621682719 -0.0011330884475907921
leaf_weight=571 2994 21170 10837 22093 532 4692 917
leaf_count=571 2994 21170 10837 22093 532 4692 917
internal_value=-6.55005e-05 -0.000994925 0.00105922 -0.00361569 0.00784043 0.00939409 0.00238591
internal_weight=63806 57094 32007 25087 6712 5224 1488
internal_count=63806 57094 32007 25087 6712 5224 1488
is_linear=0
shrinkage=0.12


Tree=17
num_leaves=8
num_cat=0
split_feature=34 55 85 78 34 85 34
split_gain=28.2896 17.4304 15.0979 10.4209 3.90948 3.36139 0.35956
threshold=0.82912856340408336 0.024455324746668342 0.37500000000000006 1.0000000180025095e-35 0.59612858295440685 0.37500000000000006 0.49654999375343328
decision_type=2 2 2 2 2 2 2
left_child=4 3 -3 -2 6 -6 -1
right_child=1 2 -4 -5 5 -7 -8
leaf_value=-0.0064771969170306426 -0.0082768794638322721 3.1755500183174274e-05 0.0051312666753279964 0.0052643497947250321 -0.0040916562314864168 -0.00083185935136414221 -0.0047319836688765882
leaf_weight=3522 3418 14777 19253 1076 8155 10319 3286
leaf_count=3522 3418 14777 19253 1076 8155 10319 3286
internal_value=-5.76404e-05 0.00198929 0.00291688 -0.0050347 -0.0031767 -0.00227084 -0.00563484
internal_weight=63806 38524 34030 4494 25282 18474 6808
internal_count=63806 38524 34030 4494 25282 18474 6808
is_linear=0
shrinkage=0.12


Tree=18
num_leaves=8
num_cat=0
split_feature=34 78 89 55 55 29 0
split_gain=24.2352 11.1623 13.1518 8.47218 6.66986 4.24489 3.44988
threshold=1.1532713770866396 1.0000000180025095e-35 1.0000000180025095e-35 0.092149790376424803 0.10149080306291582 -61.708776473999016 91.097549438476577
decision_type=2 2 2 2 2 2 2
left_child=1 4 -3 6 -1 -5 -2
right_child=3 2 -4 5 -6 -7 -8
leaf_value=-0.0038943206225987856 -0.00071534238443836926 -0.0030153639860380104 0.0050751523625964358 0.013214955368686014 -0.00077100461479802265 0.0060083184003282336 0.010184749213660037
leaf_weight=17055 3492 4636 7697 1485 23292 5674 475
leaf_count=17055 3492 4636 7697 1485 23292 5674 475
internal_value=-5.07236e-05 -0.00112551 0.00203391 0.00503822 -0.00209126 0.0075032 0.000589811
internal_weight=63806 52680 12333 11126 40347 7159 3967
internal_count=63806 52680 12333 11126 40347 7159 3967
is_linear=0
shrinkage=0.12


Tree=19
num_leaves=7
num_cat=0
split_feature=2 2 78 53 69 34
split_gain=19.4531 10.4665 11.0211 5.0621 6.30986 2.47105
threshold=151.17499542236331 299.19500732421881 1.0000000180025095e-35 1.3968749642372134 10.500000000000002 0.54988572001457225
decision_type=2 2 2 2 2 2
left_child=3 2 -2 -1 -5 -3
right_child=1 5 -4 4 -6 -7
leaf_value=-0.0052726844285114847 -0.00067065220207598863 -0.0050850195661501178 0.0044365364032833811 0.0045094761385053245 0.012885354525259346 -0.0021194601507828195
leaf_weight=557 26134 5309 7931 5135 1732 17008
leaf_count=557 26134 5309 7931 5135 1732 17008
internal_value=-4.46368e-05 -0.000804952 0.000518401 0.00572962 0.00662205 -0.00282494
internal_weight=63806 56382 34065 7424 6867 22317
internal_count=63806 56382 34065 7424 6867 22317
is_linear=0
shrinkage=0.12


Tree=20
num_leaves=8
num_cat=0
split_feature=34 2 66 69 85 55 2
split_gain=15.7447 9.29279 9.85845 3.82085 9.77875 3.63601 1.99928
threshold=1.2391285896301272 299.19500732421881 3.2281249761581425 6.5000000000000009 0.37500000000000006 0.045528542250394828 359.46501159667974
decision_type=2 2 2 2 2 2 2
left_child=1 2 -1 4 -2 -5 -3
right_child=3 6 -4 5 -6 -7 -8
leaf_value=-0.0042956736751437402 -0.0041830149596212129 -0.0017027703116921681 0.0013963590390875555 -0.0015459249573162093 0.0087236605886399348 0.011269974780522111 -0.0040759325192681719
leaf_weight=5116 1469 14481 30525 374 1991 2159 7901
leaf_count=5116 1469 14481 30525 374 1991 2159 7901
internal_value=-1.93219e-05 -0.000624142 0.00057931 0.00583642 0.00324392 0.00937769 -0.00254051
internal_weight=64016 58023 35641 5993 3460 2533 22382
internal_count=64016 58023 35641 5993 3460 2533 22382
is_linear=0
shrinkage=0.12


Tree=21
num_leaves=8
num_cat=0
split_feature=2 72 65 85 89 6 0
split_gain=12.7655 7.06032 6.45947 6.15567 6.57028 5.12536 4.68224
threshold=181.879997253418 3.2062500715255742 39.500000000000007 0.37500000000000006 1.0000000180025095e-35 0.67684999108314525 69.733600616455092
decision_type=2 2 2 2 2 2 2
left_child=1 6 -3 5 -5 -2 -1
right_child=3 2 -4 4 -6 -7 -8
leaf_value=-0.0075215607512073551 0.0045918361606961501 0.0069630124038861331 0.0014069990806545962 -0.00099880002456806806 0.0029215703103582296 -0.0028889360402931503 0.0063268767775152808
leaf_weight=1314 1409 6176 5884 19045 9096 20612 480
leaf_count=1314 1409 6176 5884 19045 9096 20612 480
internal_value=-1.70032e-05 0.00320744 0.00425227 -0.000907547 0.000268379 -0.00241028 -0.00381629
internal_weight=64016 13854 12060 50162 28141 22021 1794
internal_count=64016 13854 12060 50162 28141 22021 1794
is_linear=0
shrinkage=0.12


Tree=22
num_leaves=8
num_cat=0
split_feature=36 85 69 4 69 69 85
split_gain=11.0691 9.03184 12.9706 7.03121 2.20406 2.25836 1.50581
threshold=-42.296077728271477 0.37500000000000006 8.5000000000000018 235.72000122070315 2.5000000000000004 10.500000000000002 0.62500000000000011
decision_type=2 2 2 2 2 2 2
left_child=4 2 -2 -3 6 -6 -1
right_child=1 3 -4 -5 5 -7 -8
leaf_value=0.018003215001398936 -0.0069917589734749134 0.0017765781094387393 -0.00064426069769775668 -0.0024439648792665696 0.002690131739543493 0.0094138809771426458 0.0070642692809376644
leaf_weight=326 6020 26408 20160 7243 2429 1022 408
leaf_count=326 6020 26408 20160 7243 2429 1022 408
internal_value=-1.49628e-05 -0.000432292 -0.00210385 0.000868154 0.00595139 0.00468134 0.0119227
internal_weight=64016 59831 26180 33651 4185 3451 734
internal_count=64016 59831 26180 33651 4185 3451 734
is_linear=0
shrinkage=0.12


Tree=23
num_leaves=8
num_cat=0
split_feature=2 5 85 85 34 55 35
split_gain=9.48737 7.84196 9.53804 4.11955 2.61934 3.30243 0.430844
threshold=246.02500152587893 1.0709999799728396 0.37500000000000006 0.37500000000000006 0.652471423149109 0.068414263427257552 236.81428527832034
decision_type=2 2 2 2 2 2 2
left_child=1 3 -3 -1 6 -6 -2
right_child=4 2 -4 -5 5 -7 -8
leaf_value=0.012710698923592651 -0.0037409340308795199 -0.001721225576734798 0.0029714111054030008 0.0033615986701280758 -0.0027881664928757215 0.00022689572740023866 -0.0021949485218250332
leaf_weight=1279 4835 10846 14678 1446 7384 17943 5605
leaf_count=1279 4835 10846 14678 1446 7384 17943 5605
internal_value=-1.31673e-05 0.00163064 0.000977353 0.00774967 -0.00131145 -0.000652135 -0.00291093
internal_weight=64016 28249 25524 2725 35767 25327 10440
internal_count=64016 28249 25524 2725 35767 25327 10440
is_linear=0
shrinkage=0.12


Tree=24
num_leaves=8
num_cat=0
split_feature=88 55 33 78 0 85 55
split_gain=8.27826 6.26413 6.47182 3.59179 1.92857 1.45404 1.32598
threshold=1.2868999838829043 0.10149080306291582 0.52401176095008861 1.0000000180025095e-35 8.6842999458313006 0.37500000000000006 0.11447645351290704
decision_type=2 2 2 2 2 2 2
left_child=1 3 -3 -1 5 -2 -6
right_child=4 2 -4 -5 6 -7 -8
leaf_value=-0.0025756328530843514 -0.0064473718630819066 0.0015789426145978265 -0.0023389044395896812 0.00077156158305999496 0.0039761209665023761 0.0049018754799717576 0.0089602712401657177
leaf_weight=19442 309 26927 7839 6054 1405 343 1697
leaf_count=19442 309 26927 7839 6054 1405 343 1697
internal_value=-1.15872e-05 -0.000352177 0.000695551 -0.00178084 0.00545582 -0.000476832 0.00670278
internal_weight=64016 60262 34766 25496 3754 652 3102
internal_count=64016 60262 34766 25496 3754 652 3102
is_linear=0
shrinkage=0.12


Tree=25
num_leaves=7
num_cat=0
split_feature=29 85 69 55 22 66
split_gain=7.82824 5.93562 11.9747 3.9686 1.97643 1.83895
threshold=-45.000688552856438 0.37500000000000006 11.500000000000002 0.088945578783750548 0.39204999804496771 11.230208396911623
decision_type=2 2 2 2 2 2
left_child=4 2 -2 -3 -1 -6
right_child=1 3 -4 -5 5 -7
leaf_value=0.012754934546156201 -0.0046561019875843235 -0.00099333218294775285 0.00053063938032820205 0.0017022896515685544 0.0059336377387721618 -0.00030195046571110319
leaf_weight=444 11199 12392 14988 21527 2522 933
leaf_count=444 11199 12392 14988 21527 2522 933
internal_value=7.67845e-06 -0.000330327 -0.0016875 0.000717469 0.00521829 0.00424976
internal_weight=64005 60106 26187 33919 3899 3455
internal_count=64005 60106 26187 33919 3899 3455
is_linear=0
shrinkage=0.12


Tree=26
num_leaves=8
num_cat=0
split_feature=29 8 85 85 50 78 2
split_gain=6.35165 7.38111 6.50412 2.56718 1.81244 1.79706 0.162189
threshold=74.739135742187514 1.1656060218811037 1.0000000180025095e-35 0.62500000000000011 0.44561579823493963 1.0000000180025095e-35 405.12500000000006
decision_type=2 2 2 2 2 2 2
left_child=1 3 -3 -1 5 -2 -6
right_child=4 2 -4 -5 6 -7 -8
leaf_value=0.011585570573447201 -0.001186713810307261 -0.0026945912719687349 0.0017661385446628021 0.0039291968590464896 -0.0023394334175799044 0.0010688955841795121 -0.0035301200883271423
leaf_weight=1185 21715 6132 20254 1348 3849 6642 2880
leaf_count=1185 21715 6132 20254 1348 3849 6642 2880
internal_value=6.75703e-06 0.00132348 0.000729483 0.00751104 -0.00107852 -0.000658387 -0.00284905
internal_weight=64005 28919 26386 2533 35086 28357 6729
internal_count=64005 28919 26386 2533 35086 28357 6729
is_linear=0
shrinkage=0.12


Tree=27
num_leaves=8
num_cat=0
split_feature=74 73 85 73 0 83 65
split_gain=5.92297 16.7163 19.8097 8.14965 3.86445 4.78677 2.93253
threshold=3.5000000000000004 391.26876831054693 0.37500000000000006 568.30789184570324 60.623100280761726 0.37500000000000006 4.5000000000000009
decision_type=2 2 2 2 2 2 2
left_child=4 2 -2 -3 5 -1 -6
right_child=1 3 -4 -5 6 -7 -8
leaf_value=-0.0071204124819391826 -0.003190930389986326 -0.0045664986266457167 0.021520579787627534 0.00053571021532703019 0.0061752602152215933 0.00092560268709328914 -0.0019209090152135149
leaf_weight=3876 790 4969 1143 48592 900 1468 2267
leaf_count=3876 790 4969 1143 48592 900 1468 2267
internal_value=5.9462e-06 0.000458022 0.0114212 6.23644e-05 -0.00294171 -0.00491017 0.000379865
internal_weight=64005 55494 1933 53561 8511 5344 3167
internal_count=64005 55494 1933 53561 8511 5344 3167
is_linear=0
shrinkage=0.12


Tree=28
num_leaves=7
num_cat=0
split_feature=33 23 85 85 5 66
split_gain=5.70269 3.93215 6.89809 2.58413 1.37839 1.21632
threshold=0.097918406128883376 2.2603125572204594 0.37500000000000006 0.37500000000000006 3.6985499858856206 11.230208396911623
decision_type=2 2 2 2 2 2
left_child=4 3 -3 -2 5 -1
right_child=1 2 -4 -5 -6 -7
leaf_value=0.0052816547941414559 0.0048768023271554507 -0.0021765501220830639 0.00057824101048403016 0.00035369656194584069 0.010025037639275486 -0.00025283583723187956
leaf_weight=1974 3232 23199 30036 4160 599 805
leaf_count=1974 3232 23199 30036 4160 599 805
internal_value=5.23263e-06 -0.000262136 -0.000622255 0.00233133 0.00480386 0.00367846
internal_weight=64005 60627 53235 7392 3378 2779
internal_count=64005 60627 53235 7392 3378 2779
is_linear=0
shrinkage=0.12


Tree=29
num_leaves=8
num_cat=0
split_feature=55 54 0 73 2 69 35
split_gain=5.49495 5.52134 3.47898 5.00116 4.81994 2.19901 1.91752
threshold=0.16208034008741382 -0.038466362282633774 59.043600082397468 185.03047943115237 212.08000183105472 11.500000000000002 341.75000000000006
decision_type=2 2 2 2 2 2 2
left_child=2 5 3 -1 -4 -2 -3
right_child=1 6 4 -5 -6 -7 -8
leaf_value=-0.0063599136583906788 0.0031861246099145536 -0.0025955181721049789 0.005042597561057462 -0.00095455624540334181 -0.00060161107374308439 0.0082399249168555681 0.00092972133254819265
leaf_weight=2691 4838 2700 3145 29325 7091 1667 12548
leaf_count=2691 4838 2700 3145 29325 7091 1667 12548
internal_value=4.60473e-06 0.00155421 -0.000793192 -0.00140889 0.00113257 0.00448123 0.000305499
internal_weight=64005 21753 42252 32016 10236 6505 15248
internal_count=64005 21753 42252 32016 10236 6505 15248
is_linear=0
shrinkage=0.12


Tree=30
num_leaves=8
num_cat=0
split_feature=2 55 34 0 0 69 55
split_gain=4.4469 3.65949 3.73513 3.1867 1.03569 0.949771 0.887273
threshold=116.56000137329103 0.11611672118306161 0.8391999900341035 56.665050506591804 31.899200439453129 6.5000000000000009 0.092149790376424803
decision_type=2 2 2 2 2 2 2
left_child=4 3 -3 -2 5 -1 -6
right_child=1 2 -4 -5 6 -7 -8
leaf_value=-8.1711683176928837e-05 -0.0018927752545588776 -0.00091975499650828502 0.0017709842420288633 0.00089526811752422067 0.0028463485846005562 0.0070052091170618508 0.009384516464438138
leaf_weight=792 22139 12296 18768 8050 449 415 894
leaf_count=792 22139 12296 18768 8050 449 415 894
internal_value=-4.05159e-06 -0.000208459 0.000705914 -0.00114933 0.00490597 0.00235497 0.00719864
internal_weight=63803 61253 31064 30189 2550 1207 1343
internal_count=63803 61253 31064 30189 2550 1207 1343
is_linear=0
shrinkage=0.12


Tree=31
num_leaves=8
num_cat=0
split_feature=55 66 50 0 83 34 12
split_gain=3.6506 4.6752 4.93559 2.43102 3.51891 2.66231 2.42742
threshold=0.059730762615799911 11.013541698455812 0.08650569245219232 56.665050506591804 0.37500000000000006 1.017885744571686 1.8103500008583071
decision_type=2 2 2 2 2 2 2
left_child=3 2 -2 4 -1 -5 -3
right_child=1 6 -4 5 -6 -7 -8
leaf_value=-0.0041896979084858404 0.0040587393165311195 -0.0041702766720844615 0.00049861045277869033 -0.0013072994735603553 0.00098351888282981301 0.0051850616155242118 -0.00033553614159602169
leaf_weight=6989 7938 2695 19100 3039 2597 1298 20147
leaf_count=6989 7938 2695 19100 3039 2597 1298 20147
internal_value=-3.5654e-06 0.000475998 0.00154382 -0.00172163 -0.00278819 0.000635768 -0.000787976
internal_weight=63803 49880 27038 13923 9586 4337 22842
internal_count=63803 49880 27038 13923 9586 4337 22842
is_linear=0
shrinkage=0.12


Tree=32
num_leaves=8
num_cat=0
split_feature=6 85 6 2 2 85 34
split_gain=3.49119 3.84233 10.1152 2.72347 2.31482 3.05322 0.589548
threshold=0.67684999108314525 0.37500000000000006 7.2946999073028573 186.56000518798831 251.43000030517581 0.37500000000000006 0.67238572239875805
decision_type=2 2 2 2 2 2 2
left_child=4 2 -2 -3 5 -1 -6
right_child=1 3 -4 -5 6 -7 -8
leaf_value=0.012405764234319831 -0.0022383110388176516 0.002540535538420275 0.0047587407509445895 1.4210839929196635e-05 -0.0018202187812826392 0.0020576279073219032 0.0023522761345582781
leaf_weight=772 22694 8067 3424 25788 736 877 1445
leaf_count=772 22694 8067 3424 25788 736 877 1445
internal_value=-3.13755e-06 -0.000227458 -0.00132102 0.000616186 0.00350944 0.00690224 0.000944226
internal_weight=63803 59973 26118 33855 3830 1649 2181
internal_count=63803 59973 26118 33855 3830 1649 2181
is_linear=0
shrinkage=0.12


Tree=33
num_leaves=8
num_cat=0
split_feature=66 66 86 66 82 66 86
split_gain=3.25953 12.1581 15.0372 6.40271 1.83224 2.90519 1.65249
threshold=3.2281249761581425 4.0468750000000009 1.0000000180025095e-35 5.5968749523162851 1.0000000180025095e-35 1.8812500238418581 1.0000000180025095e-35
decision_type=2 2 2 2 2 2 2
left_child=4 2 -2 -3 6 -6 -1
right_child=1 3 -4 -5 5 -7 -8
leaf_value=-0.0032877296719564949 -0.0030951387856271244 -0.004414698312121503 0.017298558290117561 0.00036652727137747747 -0.012218033392346813 -0.00057660042258378646 0.00036450927227616744
leaf_weight=3587 868 4396 1301 48867 626 609 3549
leaf_count=3587 868 4396 1301 48867 626 609 3549
internal_value=-2.76105e-06 0.000330548 0.00913732 -2.80856e-05 -0.0022099 -0.00647744 -0.00147133
internal_weight=63803 55432 2169 53263 8371 1235 7136
internal_count=63803 55432 2169 53263 8371 1235 7136
is_linear=0
shrinkage=0.12


Tree=34
num_leaves=8
num_cat=0
split_feature=2 10 34 51 1 46 51
split_gain=2.90196 2.5875 3.88028 3.55408 0.969016 1.00086 0.364086
threshold=112.12500000000001 2.5000000000000004 1.021899998188019 0.041607305407524116 8.8179998397827166 0.052379749715328223 0.14371915906667712
decision_type=2 2 2 2 2 2 2
left_child=4 3 -3 -2 6 -6 -1
right_child=1 2 -4 -5 5 -7 -8
leaf_value=0.005552729138999157 -0.0035426830159330175 -4.919956404769485e-05 0.0044659832359453446 -0.00018785873278861213 0.0075986493775536124 0.00014336838693037026 0.011256353647405789
leaf_weight=315 5067 8572 4029 44332 392 766 330
leaf_count=315 5067 8572 4029 44332 392 766 330
internal_value=-2.42972e-06 -0.000140439 0.00139447 -0.000531973 0.00474332 0.00266709 0.00847086
internal_weight=63803 62000 12601 49399 1803 1158 645
internal_count=63803 62000 12601 49399 1803 1158 645
is_linear=0
shrinkage=0.12


Tree=35
num_leaves=8
num_cat=0
split_feature=55 54 0 23 34 2 69
split_gain=2.79586 2.85926 1.85413 1.81653 1.39814 1.37898 1.22361
threshold=0.16114369779825213 -0.055901996791362756 31.040300369262699 1.6716500520706179 0.652471423149109 233.879997253418 10.500000000000002
decision_type=2 2 2 2 2 2 2
left_child=2 6 3 -1 -3 -4 -2
right_child=1 4 5 -5 -6 -7 -8
leaf_value=0.0031814592311434466 0.0023745498097787806 -0.0016884405105526525 0.0014590097719995553 -0.0016225243116795578 0.00096225945298868381 -0.00049300164860522852 0.0062628026998273146
leaf_weight=1206 4187 3724 8502 18841 12429 13465 1615
leaf_count=1206 4187 3724 8502 18841 12429 13465 1615
internal_value=7.44412e-05 0.00117189 -0.000499046 -0.00133352 0.000351153 0.000262495 0.00345685
internal_weight=63969 21955 42014 20047 16153 21967 5802
internal_count=63969 21955 42014 20047 16153 21967 5802
is_linear=0
shrinkage=0.12


Tree=36
num_leaves=8
num_cat=0
split_feature=24 85 24 66 34 85 54
split_gain=2.49691 2.68275 5.19289 2.01247 1.30997 1.67399 0.314288
threshold=14.075620174407961 1.0000000180025095e-35 5.451336383819581 3.3437500000000004 0.8391999900341035 0.62500000000000011 0.26956027746200567
decision_type=2 2 2 2 2 2 2
left_child=1 2 -1 -3 6 -6 -2
right_child=4 3 -4 -5 5 -7 -8
leaf_value=0.0026783743919350815 0.0016122003134555155 -0.0016217769358017504 -0.0027746168941128659 0.00065583547823359239 0.0095149026662757399 0.0020343769703226374 -0.0026795137600122265
leaf_weight=3251 1143 6495 11105 39934 818 910 313
leaf_count=3251 1143 6495 11105 39934 818 910 313
internal_value=6.55083e-05 -0.000106079 -0.00153976 0.000337218 0.00334125 0.00557551 0.0006896
internal_weight=63969 60785 14356 46429 3184 1728 1456
internal_count=63969 60785 14356 46429 3184 1728 1456
is_linear=0
shrinkage=0.12


Tree=37
num_leaves=8
num_cat=0
split_feature=6 86 7 72 3 86 54
split_gain=2.15133 2.12478 6.142 2.11595 1.14025 1.37987 0.265645
threshold=0.59915000200271618 1.0000000180025095e-35 8.2936000823974627 4.0906250476837167 0.58630999922752391 1.0000000180025095e-35 0.24196104705333712
decision_type=2 2 2 2 2 2 2
left_child=4 2 -2 -3 5 -1 -6
right_child=1 3 -4 -5 6 -7 -8
leaf_value=0.0082853263205775896 -0.0017312808271530147 0.0025559280830419399 0.0031570344750652467 8.3102120333192539e-05 0.001566880737342625 0.0018712598225216184 -0.002007425112971228
leaf_weight=919 22048 6055 4448 28142 887 1018 452
leaf_count=919 22048 6055 4448 28142 887 1018 452
internal_value=5.76473e-05 -0.000104032 -0.000910658 0.000520946 0.003053 0.00491438 0.000360319
internal_weight=63969 60693 26496 34197 3276 1937 1339
internal_count=63969 60693 26496 34197 3276 1937 1339
is_linear=0
shrinkage=0.12


Tree=38
num_leaves=8
num_cat=0
split_feature=66 72 85 66 82 65 69
split_gain=2.24793 10.1908 12.079 4.95398 1.59415 2.70848 1.44706
threshold=3.3437500000000004 3.9781249761581425 0.37500000000000006 5.8031251430511483 1.0000000180025095e-35 6.5000000000000009 66.000000000000014
decision_type=2 2 2 2 2 2 2
left_child=4 2 -2 -3 6 -6 -1
right_child=1 3 -4 -5 5 -7 -8
leaf_value=-0.00544608745121768 -0.0030676132807283631 -0.0035443339432833496 0.017177462861109934 0.00040668581330142447 -0.011617450455421117 -0.00051117600237544404 -0.00042505227879864279
leaf_weight=949 697 5045 1085 48517 591 680 6405
leaf_count=949 697 5045 1085 48517 591 680 6405
internal_value=5.07296e-05 0.000331552 0.00925893 3.45396e-05 -0.00175122 -0.00567546 -0.00107299
internal_weight=63969 55344 1782 53562 8625 1271 7354
internal_count=63969 55344 1782 53562 8625 1271 7354
is_linear=0
shrinkage=0.12


Tree=39
num_leaves=8
num_cat=0
split_feature=10 2 51 83 14 45 2
split_gain=2.13601 2.70819 2.6964 5.56435 2.15359 1.02673 0.589824
threshold=2.5000000000000004 227.17499542236331 0.019436655566096309 0.37500000000000006 0.69479998946189891 0.32187499105930334 336.50000000000006
decision_type=2 2 2 2 2 2 2
left_child=2 5 3 -1 -4 -2 -3
right_child=1 6 4 -5 -6 -7 -8
leaf_value=-0.0072534772250608835 0.007662661069850649 0.00077500717341613267 0.0016443744012360185 0.0044779634866384125 -0.00046285831554448206 0.0029235961124511401 -0.001442709433069538
leaf_weight=2032 792 5773 8474 816 39718 3900 2464
leaf_count=2032 792 5773 8474 816 39718 3900 2464
internal_value=4.46421e-05 0.00142239 -0.000304358 -0.00389222 -9.23261e-05 0.00372354 0.000111604
internal_weight=63969 12929 51040 2848 48192 4692 8237
internal_count=63969 12929 51040 2848 48192 4692 8237
is_linear=0
shrinkage=0.12


Tree=40
num_leaves=8
num_cat=0
split_feature=66 72 0 69 85 72 34
split_gain=2.03804 4.82673 3.07329 2.38757 5.26276 2.33019 1.99668
threshold=10.957291603088381 6.3156249523162851 3.7578500509262089 6.5000000000000009 0.37500000000000006 4.0906250476837167 1.2286856770515444
decision_type=2 2 2 2 2 2 2
left_child=1 5 -3 4 -2 -1 -5
right_child=3 2 -4 6 -6 -7 -8
leaf_value=0.00016323513991512405 -0.0088620879590127835 -0.0025219057215494028 0.002341241027178506 -0.00055202269943042514 -6.0876336828361153e-05 -0.0027396038783590797 0.0054844109045396059
leaf_weight=10581 1598 2092 17733 22304 2523 6385 818
leaf_count=10581 1598 2092 17733 22304 2523 6385 818
internal_value=-2.60026e-05 0.000556555 0.00182807 -0.000812733 -0.00347372 -0.000929222 -0.000338468
internal_weight=64034 36791 19825 27243 4121 16966 23122
internal_count=64034 36791 19825 27243 4121 16966 23122
is_linear=0
shrinkage=0.12


Tree=41
num_leaves=8
num_cat=0
split_feature=55 89 2 0 78 51 62
split_gain=2.35785 1.88669 1.55872 1.42173 1.41973 1.31349 0.820084
threshold=0.20095802098512652 1.0000000180025095e-35 174.81500244140628 94.17255020141603 1.0000000180025095e-35 0.15570005774497989 -3.6734050512313838
decision_type=2 2 2 2 2 2 2
left_child=1 3 6 -1 -3 -4 -2
right_child=2 4 5 -5 -6 -7 -8
leaf_value=-0.0013016330875364637 0.007634038815385203 -0.00035668875813315627 -0.00025787972681233989 0.0016917751917277957 0.0017440884140229448 0.0022785144071362884 0.0027148805954244543
leaf_weight=26656 616 11567 7957 2499 7727 4663 2349
leaf_count=26656 616 11567 7957 2499 7727 4663 2349
internal_value=-2.28823e-05 -0.000435878 0.00126099 -0.00104506 0.000484646 0.0006793 0.00373687
internal_weight=64034 48449 15585 29155 19294 12620 2965
internal_count=64034 48449 15585 29155 19294 12620 2965
is_linear=0
shrinkage=0.12


Tree=42
num_leaves=8
num_cat=0
split_feature=55 54 69 89 0 50 83
split_gain=1.86729 2.18646 1.61392 1.50991 1.53347 1.29353 1.03606
threshold=0.10505758225917818 -0.055901996791362756 11.500000000000002 1.0000000180025095e-35 93.235752105712905 0.44561579823493963 0.62500000000000011
decision_type=2 2 2 2 2 2 2
left_child=3 2 -2 4 -1 -3 -5
right_child=1 5 -4 6 -6 -7 -8
leaf_value=-0.0018640866642929213 0.0012114560834696291 0.0003700743887735121 0.0048351802354398956 -0.00059886560297009288 0.0017679317116270853 -0.0018833257295614361 0.0017792405691129929
leaf_weight=15142 6963 22236 2373 6689 1882 4393 4356
leaf_count=15142 6963 22236 2373 6689 1882 4393 4356
internal_value=-2.01364e-05 0.000552336 0.00213252 -0.00075365 -0.00146257 -1.6702e-06 0.000339028
internal_weight=64034 35965 9336 28069 17024 26629 11045
internal_count=64034 35965 9336 28069 17024 26629 11045
is_linear=0
shrinkage=0.12


Tree=43
num_leaves=8
num_cat=0
split_feature=33 6 69 85 66 22 85
split_gain=1.73259 1.60097 1.47375 1.61892 1.29635 1.16566 0.836864
threshold=0.077013000845909133 0.69319999217987072 3.5000000000000004 0.62500000000000011 10.776041507720949 1.2793166637420657 0.37500000000000006
decision_type=2 2 2 2 2 2 2
left_child=2 6 3 -1 -3 -4 -2
right_child=1 4 5 -5 -6 -7 -8
leaf_value=0.014373545970923968 0.0040928719215041313 0.00023856678324593662 -0.0038590311084561158 0.0024103061949117231 -0.00089992751611818131 0.0032480611117514254 0.00057134934994785733
leaf_weight=307 1820 30566 457 347 27234 1218 2085
leaf_count=307 1820 30566 457 347 27234 1218 2085
internal_value=-1.77201e-05 -0.000138989 0.0031952 0.00802608 -0.000297865 0.00130899 0.00221262
internal_weight=64034 61705 2329 654 57800 1675 3905
internal_count=64034 61705 2329 654 57800 1675 3905
is_linear=0
shrinkage=0.12


Tree=44
num_leaves=8
num_cat=0
split_feature=66 66 84 66 0 65 78
split_gain=1.66977 8.83866 10.2824 3.92295 0.771602 1.40427 1.26091
threshold=3.4593750238418584 4.0468750000000009 1.0000000180025095e-35 5.7093751430511483 63.140048980712898 4.5000000000000009 1.0000000180025095e-35
decision_type=2 2 2 2 2 2 2
left_child=4 2 -2 -3 6 -6 -1
right_child=1 3 -4 -5 5 -7 -8
leaf_value=-0.003376224030412934 0.0027006266847930875 -0.0033657158956529316 0.023166656176377816 0.00027563570843037696 0.0040387704064813517 -0.0016147869311911368 0.00092522207555395595
leaf_weight=4329 1195 4667 502 48901 873 2298 1269
leaf_count=4329 1195 4667 502 48901 873 2298 1269
internal_value=-1.55937e-05 0.000228499 0.00875481 -4.16094e-05 -0.00155394 -5.83203e-05 -0.00240114
internal_weight=64034 55265 1697 53568 8769 3171 5598
internal_count=64034 55265 1697 53568 8769 3171 5598
is_linear=0
shrinkage=0.12


Tree=45
num_leaves=5
num_cat=0
split_feature=8 55 34 0
split_gain=1.46512 1.48992 1.6247 0.796325
threshold=13.284243106842043 0.092924874275922789 0.652471423149109 93.235752105712905
decision_type=2 2 2 2
left_child=1 3 -3 -1
right_child=-2 2 -4 -5
leaf_value=-0.00097564526057956425 -0.0065905372489151763 -0.0012051167594799598 0.00083486181326540587 0.0011106883947369977
leaf_weight=21212 486 6803 32382 3008
leaf_count=21212 486 6803 32382 3008
internal_value=-2.6942e-05 2.3368e-05 0.000480696 -0.000716533
internal_weight=63891 63405 39185 24220
internal_count=63891 63405 39185 24220
is_linear=0
shrinkage=0.12


Tree=46
num_leaves=8
num_cat=0
split_feature=51 66 74 12 78 76 76
split_gain=1.29404 1.75897 2.41745 1.53006 1.26422 2.40836 0.467618
threshold=0.049273075535893447 10.776041507720949 7.5000000000000009 2.4080499410629277 1.0000000180025095e-35 0.98080673813819896 0.96917188167572033
decision_type=2 2 2 2 2 2 2
left_child=4 2 -2 -3 5 -1 -6
right_child=1 3 -4 -5 6 -7 -8
leaf_value=-0.0026357461994997969 -0.00043889030317356952 -0.001689593857309264 0.0018478315696992822 0.00018359607987849922 0.001924516797615387 0.0074007269959561984 -0.0031840407051335201
leaf_weight=6679 11542 9731 15730 17702 1844 363 300
leaf_count=6679 11542 9731 15730 17702 1844 363 300
internal_value=-2.3709e-05 0.000197593 0.00088005 -0.00048086 -0.00134162 -0.00211839 0.0012097
internal_weight=63891 54705 27272 27433 9186 7042 2144
internal_count=63891 54705 27272 27433 9186 7042 2144
is_linear=0
shrinkage=0.12


Tree=47
num_leaves=8
num_cat=0
split_feature=0 8 66 72 78 57 35
split_gain=1.26491 1.86598 1.16314 1.0558 0.911336 0.992081 0.256464
threshold=3.4364999532699589 1.1656060218811037 3.4593750238418584 3.9781249761581425 1.0000000180025095e-35 7.0281250476837167 306.75714111328131
decision_type=2 2 2 2 2 2 2
left_child=4 3 -3 -2 5 -1 -6
right_child=1 2 -4 -5 6 -7 -8
leaf_value=-0.0038342430364498126 0.0078355484314388546 -0.0013580227851601239 0.00017827427155840656 0.0017199863730649396 -0.0016451834337914593 -0.00028547048594079652 0.0017687798838707106
leaf_weight=2920 439 8496 43080 5493 434 1855 1174
leaf_count=2920 439 8496 43080 5493 434 1855 1174
internal_value=-2.08639e-05 0.000157021 -7.47965e-05 0.00217257 -0.00162353 -0.00245561 0.000847349
internal_weight=63891 57508 51576 5932 6383 4775 1608
internal_count=63891 57508 51576 5932 6383 4775 1608
is_linear=0
shrinkage=0.12


Tree=48
num_leaves=8
num_cat=0
split_feature=55 66 76 2 66 76 1
split_gain=1.21104 1.13863 1.54681 1.00855 0.976636 0.486967 0.475925
threshold=0.20095802098512652 5.5968749523162851 0.71455591917037975 110.56999969482423 10.776041507720949 0.6742667853832246 12.222400188446047
decision_type=2 2 2 2 2 2 2
left_child=3 5 -3 6 -5 -2 -1
right_child=1 2 -4 4 -6 -7 -8
leaf_value=0.0052910562467794846 -0.0054215743523921322 0.00080509411251427439 0.0045151781688328209 9.905913867083652e-05 -0.00099693055553188117 -0.00076430674990892453 0.00014178826724691097
leaf_weight=667 387 11324 1888 25812 21427 1964 422
leaf_count=667 387 11324 1888 25812 21427 1964 422
internal_value=-1.83602e-05 0.000902287 0.00133527 -0.000314835 -0.000398068 -0.00153094 0.00329566
internal_weight=63891 15563 13212 48328 47239 2351 1089
internal_count=63891 15563 13212 48328 47239 2351 1089
is_linear=0
shrinkage=0.12


Tree=49
num_leaves=5
num_cat=0
split_feature=8 0 23 2
split_gain=1.19796 1.12056 1.95372 1.09681
threshold=13.284243106842043 31.612200736999515 1.572316646575928 112.12500000000001
decision_type=2 2 2 2
left_child=1 2 -1 -3
right_child=-2 3 -4 -5
leaf_value=0.0033637530684896603 -0.0059512429874868959 0.0046197720529661881 -0.00071224086730315231 0.00040880865653867361
leaf_weight=1796 486 917 29641 31051
leaf_count=1796 486 917 29641 31051
internal_value=-1.6157e-05 2.93355e-05 -0.000479379 0.0005296
internal_weight=63891 63405 31437 31968
internal_count=63891 63405 31437 31968
is_linear=0
shrinkage=0.12


Tree=50
num_leaves=5
num_cat=0
split_feature=2 18 57 69
split_gain=1.61883 1.36645 1.68709 1.48416
threshold=105.59999847412111 1.5000000000000002 3.3531249761581425 7.5000000000000009
decision_type=2 2 2 2
left_child=-1 2 -2 -3
right_child=1 3 -4 -5
leaf_value=0.0066453002902702382 0.00088509509191000892 -0.002287556556526067 -0.00096714166185950321 -0.00021208339150615834
leaf_weight=521 27205 6592 9573 20058
leaf_count=521 27205 6592 9573 20058
internal_value=-1.64315e-05 -7.11512e-05 0.000402974 -0.000725461
internal_weight=63949 63428 36778 26650
internal_count=63949 63428 36778 26650
is_linear=0
shrinkage=0.12


Tree=51
num_leaves=5
num_cat=0
split_feature=2 8 34 85
split_gain=1.25362 1.12816 1.46827 1.30523
threshold=105.59999847412111 1.2625100016593935 0.80798572301864635 0.37500000000000006
decision_type=2 2 2 2
left_child=-1 2 -2 -3
right_child=1 3 -4 -5
leaf_value=0.0058478643024123984 -0.00033252619068336968 -0.00092222834057171794 0.0029137397210906276 0.00025339951612869454
leaf_weight=521 4072 23970 3955 31431
leaf_count=521 4072 23970 3955 31431
internal_value=-1.44597e-05 -6.2613e-05 0.00126695 -0.000255252
internal_weight=63949 63428 8027 55401
internal_count=63949 63428 8027 55401
is_linear=0
shrinkage=0.12


Tree=52
num_leaves=8
num_cat=0
split_feature=18 63 85 57 29 57 66
split_gain=1.094 1.53621 1.56451 1.27533 1.41866 1.31768 0.830056
threshold=1.5000000000000002 7.5814387798309335 0.37500000000000006 3.3531249761581425 66.261951446533217 4.0031249523162851 10.453125000000002
decision_type=2 2 2 2 2 2 2
left_child=3 2 -2 4 -1 -5 -3
right_child=1 6 -4 5 -6 -7 -8
leaf_value=0.0018183183104019101 -0.0022550124816010939 0.0027452273241231426 -0.00013996447296367798 -0.0042144425199914489 7.647926274001312e-05 -0.00020553799988779265 -4.8624023469204757e-05
leaf_weight=11824 9322 2459 10954 1376 15639 8316 4059
leaf_count=11824 9322 2459 10954 1376 15639 8316 4059
internal_value=-1.27245e-05 -0.000597195 -0.00111237 0.000408761 0.000826416 -0.000774693 0.00100539
internal_weight=63949 26794 20276 37155 27463 9692 6518
internal_count=63949 26794 20276 37155 27463 9692 6518
is_linear=0
shrinkage=0.12


Tree=53
num_leaves=8
num_cat=0
split_feature=74 66 84 74 2 83 90
split_gain=1.08959 5.7201 8.14797 2.96886 0.861099 1.04966 0.983281
threshold=3.5000000000000004 4.0468750000000009 1.0000000180025095e-35 6.5000000000000009 178.04499816894534 0.37500000000000006 1.0000000180025095e-35
decision_type=2 2 2 2 2 2 2
left_child=4 2 -2 -3 5 -1 -6
right_child=1 3 -4 -5 6 -7 -8
leaf_value=-0.0056407667129226595 0.0015140401700761874 -0.0031033284177369351 0.017866765261401473 0.00020313098268055373 -0.0002461934787117017 0.0010366291911782402 -0.0054352838256581321
leaf_weight=1184 1501 4249 620 49078 6268 475 574
leaf_count=1184 1501 4249 620 49078 6268 475 574
internal_value=-1.11976e-05 0.000182751 0.00629419 -6.03218e-05 -0.00127623 -0.00372891 -0.000681525
internal_weight=63949 55448 2121 53327 8501 1659 6842
internal_count=63949 55448 2121 53327 8501 1659 6842
is_linear=0
shrinkage=0.12


Tree=54
num_leaves=7
num_cat=0
split_feature=2 55 51 89 33 71
split_gain=0.96834 0.885957 0.991644 0.944036 0.526428 0.543772
threshold=110.56999969482423 0.22119550406932834 0.10157761722803117 1.0000000180025095e-35 0.052379749715328223 65.500000000000014
decision_type=2 2 2 2 2 2
left_child=4 3 -3 -2 -1 -6
right_child=1 2 -4 -5 5 -7
leaf_value=0.0058051954410520603 -0.00073759824801841647 -0.00057771359165579921 0.0016152344602187777 0.00033240586145785256 0.0034385182078989739 -0.0023718844298116072
leaf_weight=580 29940 4700 8064 19677 616 372
leaf_count=580 29940 4700 8064 19677 616 372
internal_value=-9.85387e-06 -8.38868e-05 0.00080774 -0.000313258 0.00293546 0.0012508
internal_weight=63949 62381 12764 49617 1568 988
internal_count=63949 62381 12764 49617 1568 988
is_linear=0
shrinkage=0.12


Tree=55
num_leaves=8
num_cat=0
split_feature=8 2 70 85 66 85 72
split_gain=0.999696 1.26152 1.11257 3.70867 1.3133 0.957877 0.059773
threshold=1.1656060218811037 333.92500305175787 18.500000000000004 0.37500000000000006 11.230208396911623 0.62500000000000011 8.9937500953674334
decision_type=2 2 2 2 2 2 2
left_child=1 5 4 -4 -2 -1 -3
right_child=2 6 3 -5 -6 -7 -8
leaf_value=0.0042090943386909035 0.0011219483185274887 -0.0022888769649536066 -0.0021906111235666065 0.00046597946293635114 -0.00062798483597501561 0.00085074355100825784 -0.00059664437576055832
leaf_weight=2299 14975 345 13226 17686 10510 2613 2334
leaf_count=2299 14975 345 13226 17686 10510 2613 2334
internal_value=-1.27084e-05 0.00128013 -0.000186724 -0.000670669 0.000400277 0.00242258 -0.000814569
internal_weight=63988 7591 56397 30912 25485 4912 2679
internal_count=63988 7591 56397 30912 25485 4912 2679
is_linear=0
shrinkage=0.12


Tree=56
num_leaves=8
num_cat=0
split_feature=51 82 34 69 85 2 78
split_gain=0.932672 1.13634 1.68563 1.02439 5.06143 2.57415 0.40037
threshold=0.041607305407524116 1.0000000180025095e-35 1.0873714089393618 8.5000000000000018 0.37500000000000006 262.97999572753912 1.0000000180025095e-35
decision_type=2 2 2 2 2 2 2
left_child=1 6 -3 4 -2 -5 -1
right_child=3 2 -4 5 -6 -7 -8
leaf_value=-0.0012234909962542248 -0.0031397045792190491 -0.0020426077599146821 -0.01235931733973538 0.0018138071324167162 0.0010408160125855144 -0.00022258770276603718 0.00093482806038398044
leaf_weight=4433 6894 904 305 13798 10556 25381 1717
leaf_count=4433 6894 904 305 13798 10556 25381 1717
internal_value=-1.11834e-05 -0.00128207 -0.00464525 0.00015397 -0.000610789 0.000494587 -0.000620916
internal_weight=63988 7359 1209 56629 17450 39179 6150
internal_count=63988 7359 1209 56629 17450 39179 6150
is_linear=0
shrinkage=0.12


Tree=57
num_leaves=8
num_cat=0
split_feature=74 66 66 66 89 76 50
split_gain=0.833601 3.33994 1.92224 5.7609 2.03531 1.41866 0.872546
threshold=7.5000000000000009 7.9187500476837167 4.1687500476837167 3.5781250000000004 1.0000000180025095e-35 0.81378167867660534 0.38609984517097479
decision_type=2 2 2 2 2 2 2
left_child=2 6 3 -1 -4 -3 -2
right_child=1 5 4 -5 -6 -7 -8
leaf_value=-0.00095394744000900842 0.004112553267299532 -0.00014309243434720479 -0.0041891179229433259 0.0066940856978387215 0.00028521080745052841 0.0070371581255894849 -0.00052935676362976037
leaf_weight=9162 3735 42188 3720 1678 2414 400 691
leaf_count=9162 3735 42188 3720 1678 2414 400 691
internal_value=-9.84137e-06 0.000250408 -0.000730671 0.000229946 -0.00242827 -7.56532e-05 0.00338784
internal_weight=63988 47014 16974 10840 6134 42588 4426
internal_count=63988 47014 16974 10840 6134 42588 4426
is_linear=0
shrinkage=0.12


Tree=58
num_leaves=5
num_cat=0
split_feature=8 51 55 0
split_gain=0.819664 0.825482 0.933971 0.495832
threshold=13.284243106842043 0.13626256585121158 0.079867165535688414 70.220100402832045
decision_type=2 2 2 2
left_child=1 3 -3 -1
right_child=-2 2 -4 -5
leaf_value=-0.00058177107725444148 -0.0049908519326511891 -0.00061079134507663704 0.00093517059570594999 0.00055101949341387609
leaf_weight=28314 472 7753 20524 6925
leaf_count=28314 472 7753 20524 6925
internal_value=-8.66041e-06 2.83632e-05 0.000511298 -0.00035916
internal_weight=63988 63516 28277 35239
internal_count=63988 63516 28277 35239
is_linear=0
shrinkage=0.12


Tree=59
num_leaves=8
num_cat=0
split_feature=69 85 66 66 85 3 3
split_gain=0.712361 4.24287 4.31643 3.88376 1.34776 4.30462 1.16508
threshold=9.5000000000000018 0.37500000000000006 4.0468750000000009 3.8593750000000004 0.37500000000000006 0.45674999058246618 0.36586000025272375
decision_type=2 2 2 2 2 2 2
left_child=1 3 -3 -1 5 -2 -6
right_child=4 2 -4 -5 6 -7 -8
leaf_value=-0.010797434231986064 0.0043985531142016754 0.00684249760123641 2.7956756725957776e-05 -0.001817971408094342 -0.0026976949822785372 6.438011223371866e-05 -2.7196643921513107e-05
leaf_weight=758 4242 1510 11784 8165 2666 14856 20007
leaf_count=758 4242 1510 11784 8165 2666 14856 20007
internal_value=-7.62116e-06 -0.000556627 0.000801987 -0.00258077 0.000284382 0.00102708 -0.000341207
internal_weight=63988 22217 13294 8923 41771 19098 22673
internal_count=63988 22217 13294 8923 41771 19098 22673
is_linear=0
shrinkage=0.12


Tree=60
num_leaves=8
num_cat=0
split_feature=51 29 55 78 0 34 78
split_gain=0.883066 0.885977 0.872619 0.562236 0.469494 1.25538 1.10071
threshold=0.13156388700008395 -56.080293655395501 0.1678651496767998 1.0000000180025095e-35 70.220100402832045 0.94484284520149242 1.0000000180025095e-35
decision_type=2 2 2 2 2 2 2
left_child=4 3 -3 -2 6 -6 -1
right_child=1 2 -4 -5 5 -7 -8
leaf_value=-0.00099812955897105688 0.0047629723829434138 -9.6374794327687172e-05 0.0013122448865251972 -0.00087439766640393394 -0.00089476597711107581 0.0024145870455369364 0.00078773152383546314
leaf_weight=21164 1095 18478 9635 332 3809 2913 6495
leaf_count=21164 1095 18478 9635 332 3809 2913 6495
internal_value=5.32728e-05 0.000534456 0.000386393 0.0034514 -0.000360157 0.000539353 -0.000578766
internal_weight=63921 29540 28113 1427 34381 6722 27659
internal_count=63921 29540 28113 1427 34381 6722 27659
is_linear=0
shrinkage=0.12


Tree=61
num_leaves=5
num_cat=0
split_feature=14 70 34 11
split_gain=0.739386 0.648755 1.07408 0.65872
threshold=-2.0436000823974605 2.5000000000000004 0.94484284520149242 1.0000000180025095e-35
decision_type=2 2 2 2
left_child=-1 2 -2 -3
right_child=1 3 -4 -5
leaf_value=-0.0044860831418581781 -0.00096326451448063206 -0.00048093661152525432 0.0035605068705966817 0.00032602489373731273
leaf_weight=514 1255 24657 1900 35595
leaf_count=514 1255 24657 1900 35595
internal_value=4.68801e-05 8.36259e-05 0.00176104 -4.20895e-06
internal_weight=63921 63407 3155 60252
internal_count=63921 63407 3155 60252
is_linear=0
shrinkage=0.12


Tree=62
num_leaves=7
num_cat=0
split_feature=69 28 85 69 85 74
split_gain=0.585304 1.44048 3.8043 1.06059 6.49214 0.920607
threshold=2.5000000000000004 54.402648925781257 0.37500000000000006 6.5000000000000009 0.37500000000000006 7.5000000000000009
decision_type=2 2 2 2 2 2
left_child=1 -1 -3 4 -2 -5
right_child=3 2 -4 5 -6 -7
leaf_value=-0.0029984421883733486 -0.0051604783041496573 0.013468227797436789 0.00010602808353974135 -0.00063523593222444559 0.001312502496645997 0.00049320016873990677
leaf_weight=588 3646 434 1047 14320 5750 38136
leaf_count=588 3646 434 1047 14320 5750 38136
internal_value=4.12545e-05 0.00202665 0.00402176 -2.51586e-05 -0.00119926 0.000185148
internal_weight=63921 2069 1481 61852 9396 52456
internal_count=63921 2069 1481 61852 9396 52456
is_linear=0
shrinkage=0.12


Tree=63
num_leaves=8
num_cat=0
split_feature=51 65 5 72 49 2 66
split_gain=0.667081 0.742433 0.820373 0.804339 0.448685 0.443702 0.320338
threshold=0.13156388700008395 42.500000000000007 2.5255500078201298 6.4281251430511483 1.8906250000000002 217.129997253418 0.60625001788139354
decision_type=2 2 2 2 2 2 2
left_child=4 3 -3 -2 6 -6 -1
right_child=1 2 -4 -5 5 -7 -8
leaf_value=-0.0031495432650357016 -0.00022202198702867703 7.9525868292657848e-05 -0.0029178379695633944 0.0014136638539370997 -0.0048062454472066647 -0.00093015553317509208 -0.00016374834334479735
leaf_weight=526 6426 8284 1563 13267 592 1510 31753
leaf_count=526 6426 8284 1563 13267 592 1510 31753
internal_value=3.63039e-05 0.000454522 -0.000396241 0.000879925 -0.000323027 -0.0020218 -0.000212403
internal_weight=63921 29540 9847 19693 34381 2102 32279
internal_count=63921 29540 9847 19693 34381 2102 32279
is_linear=0
shrinkage=0.12


Tree=64
num_leaves=5
num_cat=0
split_feature=14 6 85 5
split_gain=0.585696 0.617586 2.33011 0.591553
threshold=-2.0436000823974605 8.0503997802734393 0.37500000000000006 3.9222500324249272
decision_type=2 2 2 2
left_child=-1 3 -3 -2
right_child=1 2 -4 -5
leaf_value=-0.0040024861949133593 -7.6236767013836715e-05 0.0048419072483540391 -0.0010999203638790461 0.0031012569351069282
leaf_weight=514 58701 1709 2141 856
leaf_count=514 58701 1709 2141 856
internal_value=3.19475e-05 6.4652e-05 0.00153763 -3.05673e-05
internal_weight=63921 63407 3850 59557
internal_count=63921 63407 3850 59557
is_linear=0
shrinkage=0.12


Tree=65
num_leaves=7
num_cat=0
split_feature=0 2 66 66 69 65
split_gain=0.611698 1.73855 1.25837 0.721307 0.804708 0.357999
threshold=94.17255020141603 218.4049987792969 6.8781249523162851 0.68125000596046459 8.5000000000000018 6.5000000000000009
decision_type=2 2 2 2 2 2
left_child=3 2 -2 -1 -5 -3
right_child=1 5 -4 4 -6 -7
leaf_value=-0.0044694594832465004 0.0025422150626886672 -0.002799524838140585 0.01012835991959311 -0.00074968934592927188 0.00023364228063373326 0.00032680601985491233
leaf_weight=537 1249 649 421 16872 41365 2816
leaf_count=537 1249 649 421 16872 41365 2816
internal_value=1.8126e-05 0.00127413 0.00445465 -9.16093e-05 -5.12414e-05 -0.000258761
internal_weight=63909 5135 1670 58774 58237 3465
internal_count=63909 5135 1670 58774 58237 3465
is_linear=0
shrinkage=0.12


Tree=66
num_leaves=8
num_cat=0
split_feature=49 33 78 69 29 1 51
split_gain=0.535697 0.600291 0.835213 0.588011 0.542442 0.348172 0.221429
threshold=1.8906250000000002 0.088109530508518233 1.0000000180025095e-35 9.5000000000000018 16.092858314514164 9.452250003814699 0.13733935356140139
decision_type=2 2 2 2 2 2 2
left_child=1 2 -1 -3 5 -2 -6
right_child=4 3 -4 -5 6 -7 -8
leaf_value=0.0031124548576743076 -0.00051813663598697845 -0.00052129021716719156 -0.0019695477149341257 0.00029859708522117712 -0.0013278316081215076 -0.0047101537560698603 0.00073718740970066666
leaf_weight=1958 425 18782 611 38246 1655 868 1364
leaf_count=1958 425 18782 611 38246 1655 868 1364
internal_value=1.59509e-05 0.000109403 0.00190377 2.85697e-05 -0.00127566 -0.00333227 -0.000394845
internal_weight=63909 59597 2569 57028 4312 1293 3019
internal_count=63909 59597 2569 57028 4312 1293 3019
is_linear=0
shrinkage=0.12


Tree=67
num_leaves=8
num_cat=0
split_feature=55 88 66 89 76 69 31
split_gain=0.587219 0.748485 0.941397 0.526253 0.889012 0.547782 0.0965209
threshold=0.20095802098512652 0.652471423149109 6.1031248569488534 1.0000000180025095e-35 0.9762399196624757 7.5000000000000009 0.87187498807907116
decision_type=2 2 2 2 2 2 2
left_child=3 6 -3 4 -1 -5 -2
right_child=1 2 -4 5 -6 -7 -8
leaf_value=-0.00058872197562453022 -0.00070108912418373351 -0.0011896966073300826 0.0015043317773852543 -0.00079201472390069282 0.0053311157150483512 0.00067062606790811924 -0.0022705579057670142
leaf_weight=28763 1749 2266 10629 4964 370 14335 833
leaf_count=28763 1749 2266 10629 4964 370 14335 833
internal_value=1.40368e-05 0.000657499 0.00103092 -0.000191589 -0.000513538 0.000294412 -0.00120743
internal_weight=63909 15477 12895 48432 29133 19299 2582
internal_count=63909 15477 12895 48432 29133 19299 2582
is_linear=0
shrinkage=0.12


Tree=68
num_leaves=6
num_cat=0
split_feature=5 83 16 2 69
split_gain=0.543707 0.799717 0.574847 0.631695 0.567316
threshold=3.9222500324249272 0.37500000000000006 2.1094824075698857 219.73999786376956 8.5000000000000018
decision_type=2 2 2 2 2
left_child=2 -2 3 -1 -4
right_child=1 -3 4 -5 -6
leaf_value=-0.0073058068339343901 0.00615651148468295 -0.00082964097674322133 -0.00056649762678765802 -0.00081416530642595064 0.00024185195953130054
leaf_weight=318 501 446 17372 672 44600
leaf_count=318 501 446 17372 672 44600
internal_value=1.23524e-05 0.00286631 -3.05734e-05 -0.00289936 1.52553e-05
internal_weight=63909 947 62962 990 61972
internal_count=63909 947 62962 990 61972
is_linear=0
shrinkage=0.12


Tree=69
num_leaves=7
num_cat=0
split_feature=29 55 51 89 23 55
split_gain=0.497855 0.739947 0.983229 0.491153 0.188671 0.113689
threshold=195.26397705078128 0.099681641906499877 0.13361071795225146 1.0000000180025095e-35 2.2603125572204594 0.10361409932374956
decision_type=2 2 2 2 2 2
left_child=1 3 -3 -1 -2 -6
right_child=4 2 -4 -5 5 -7
leaf_value=-0.00082243771935124879 -0.0035114667016436416 -0.00013040972711372386 0.0011883967462568525 0.00027231297455137518 -9.8076227718216748e-05 -0.0011566350457527207
leaf_weight=14363 391 16996 15624 10017 2211 4307
leaf_count=14363 391 16996 15624 10017 2211 4307
internal_value=1.08701e-05 0.000127476 0.000501259 -0.000372638 -0.000951144 -0.000797557
internal_weight=63909 57000 32620 24380 6909 6518
internal_count=63909 57000 32620 24380 6909 6518
is_linear=0
shrinkage=0.12


Tree=70
num_leaves=5
num_cat=0
split_feature=6 29 69 50
split_gain=0.584358 0.525316 0.737264 0.524652
threshold=0.2144500017166138 -61.708776473999016 3.5000000000000004 -0.015612306073307989
decision_type=2 2 2 2
left_child=-1 2 -2 -3
right_child=1 3 -4 -5
leaf_value=0.0039527424147554648 0.0052777090990967892 -0.0010528710667743922 0.0004262962203838306 1.6605813426890926e-05
leaf_weight=530 618 7535 1670 53533
leaf_count=530 618 7535 1670 53533
internal_value=-1.52761e-05 -4.84703e-05 0.00173669 -0.000115354
internal_weight=63886 63356 2288 61068
internal_count=63886 63356 2288 61068
is_linear=0
shrinkage=0.12


Tree=71
num_leaves=8
num_cat=0
split_feature=65 22 85 65 66 72 0
split_gain=0.510133 1.03378 3.48828 0.846126 2.28237 1.14287 0.445749
threshold=42.500000000000007 1.7123999595642092 0.37500000000000006 24.500000000000004 7.9187500476837167 4.0906250476837167 50.104650497436531
decision_type=2 2 2 2 2 2 2
left_child=3 2 -2 5 -5 -1 -3
right_child=1 6 -4 4 -6 -7 -8
leaf_value=0.00034917367464309631 -0.0074261940976624837 0.00021733376972801416 0.00065376339280510769 0.0034298534543376891 0.00019745360389369866 -0.0016304113627598428 -0.0012139763616099296
leaf_weight=10714 1256 12675 1986 3656 22530 6907 4162
leaf_count=10714 1256 12675 1986 3656 22530 6907 4162
internal_value=-1.3443e-05 -0.000514308 -0.00247653 0.000216129 0.00064875 -0.000426775 -0.000136477
internal_weight=63886 20079 3242 43807 26186 17621 16837
internal_count=63886 20079 3242 43807 26186 17621 16837
is_linear=0
shrinkage=0.12


Tree=72
num_leaves=8
num_cat=0
split_feature=51 76 84 72 34 10 45
split_gain=0.486237 0.689825 0.921764 0.73309 0.685965 0.954166 0.803798
threshold=0.046368096023797996 0.67040735483169567 1.0000000180025095e-35 29.393750190734867 1.1347285509109499 2.5000000000000004 0.13437499850988391
decision_type=2 2 2 2 2 2 2
left_child=4 3 -3 -2 6 -6 -1
right_child=1 2 -4 -5 5 -7 -8
leaf_value=0.0021407206428030209 -0.00044807484020771489 0.0001692761903590619 0.0020634282763517431 0.00083847125987019776 -0.0052775761984809304 0.0019582707610491185 -0.0010238407109599854
leaf_weight=1445 29605 12300 5291 8129 983 358 5775
leaf_count=1445 29605 12300 5291 8129 983 358 5775
internal_value=-1.18299e-05 0.000118398 0.000738997 -0.000170915 -0.000853421 -0.00334586 -0.00039049
internal_weight=63886 55325 17591 37734 8561 1341 7220
internal_count=63886 55325 17591 37734 8561 1341 7220
is_linear=0
shrinkage=0.12


Tree=73
num_leaves=7
num_cat=0
split_feature=33 23 70 85 23 85
split_gain=0.483096 0.729267 0.669308 0.612016 0.220603 0.177769
threshold=0.60754704475402843 8.7505583763122576 25.500000000000004 0.37500000000000006 2.2603125572204594 0.37500000000000006
decision_type=2 2 2 2 2 2
left_child=1 2 -1 -3 -2 -6
right_child=4 3 -4 -5 5 -7
leaf_value=0.00029919012025812026 -0.0041192721308514549 0.0032096598472046963 -0.00057942442522741886 0.00028301385537583145 -0.00015364383401525252 -0.0015025852315734636
leaf_weight=34078 317 1906 19704 2236 2664 2981
leaf_count=34078 317 1906 19704 2236 2664 2981
internal_value=-1.04103e-05 9.5457e-05 -2.27061e-05 0.00162975 -0.00103897 -0.00086599
internal_weight=63886 57924 53782 4142 5962 5645
internal_count=63886 57924 53782 4142 5962 5645
is_linear=0
shrinkage=0.12


Tree=74
num_leaves=6
num_cat=0
split_feature=55 6 70 3 90
split_gain=0.450793 0.677251 0.611694 0.500488 0.428011
threshold=0.16634833812713626 0.2653499990701676 31.500000000000004 0.21119999885559085 1.0000000180025095e-35
decision_type=2 2 2 2 2
left_child=3 -2 -3 -1 -5
right_child=1 2 -4 4 -6
leaf_value=0.0044894778246014318 0.0053829282554637868 0.00067509152003779739 -0.0009855801232278639 -0.00015578150496033504 -0.001568733131639536
leaf_weight=321 393 16511 3960 39351 3350
leaf_count=321 393 16511 3960 39351 3350
internal_value=-9.16104e-06 0.000448573 0.000353844 -0.000231144 -0.000266631
internal_weight=63886 20864 20471 43022 42701
internal_count=63886 20864 20471 43022 42701
is_linear=0
shrinkage=0.12


Tree=75
num_leaves=8
num_cat=0
split_feature=66 12 85 57 85 0 11
split_gain=0.458615 1.78783 5.30367 0.855391 1.61199 1.03154 0.524389
threshold=11.230208396911623 1.7569999694824221 0.37500000000000006 8.2781248092651385 0.37500000000000006 3.910850048065186 1.5000000000000002
decision_type=2 2 2 2 2 2 2
left_child=3 2 -2 5 -5 -1 -3
right_child=1 6 -4 4 -6 -7 -8
leaf_value=-0.002301319268469874 -0.011661422165095045 0.00013575965361780056 0.00093623250091640173 0.0064028260064059195 -0.00043190634346202848 0.00027140105563810128 -0.0014689345751656569
leaf_weight=2397 773 18841 1275 905 1102 35207 3473
leaf_count=2397 773 18841 1275 905 1102 35207 3473
internal_value=-1.57378e-05 -0.000425431 -0.00381864 0.000236236 0.00265002 0.000107408 -0.000113998
internal_weight=63973 24362 2048 39611 2007 37604 22314
internal_count=63973 24362 2048 39611 2007 37604 22314
is_linear=0
shrinkage=0.12


Tree=76
num_leaves=5
num_cat=0
split_feature=8 55 2 65
split_gain=0.435196 0.441146 0.617436 0.402622
threshold=13.284243106842043 0.20447301119565967 174.81500244140628 39.500000000000007
decision_type=2 2 2 2
left_child=1 3 -3 -1
right_child=-2 2 -4 -5
leaf_value=0.00016717157418117505 -0.0035545776378402508 0.0022004715044909372 0.00021546420058070827 -0.00052443975020110742
leaf_weight=25533 496 2774 12095 23075
leaf_count=25533 496 2774 12095 23075
internal_value=-1.38493e-05 1.38175e-05 0.000585792 -0.000161147
internal_weight=63973 63477 14869 48608
internal_count=63973 63477 14869 48608
is_linear=0
shrinkage=0.12


Tree=77
num_leaves=5
num_cat=0
split_feature=8 55 51 89
split_gain=0.337016 0.341623 0.636828 0.374146
threshold=13.284243106842043 0.20447301119565967 0.10157761722803117 1.0000000180025095e-35
decision_type=2 2 2 2
left_child=1 3 -3 -1
right_child=-2 2 -4 -5
leaf_value=-0.00041343087135820548 -0.0031280283190414683 -0.00050904205068099686 0.0011174661846952618 0.00026625814285043923
leaf_weight=29183 496 5503 9366 19425
leaf_count=29183 496 5503 9366 19425
internal_value=-1.21873e-05 1.21594e-05 0.000515497 -0.00014181
internal_weight=63973 63477 14869 48608
internal_count=63973 63477 14869 48608
is_linear=0
shrinkage=0.12


Tree=78
num_leaves=8
num_cat=0
split_feature=57 57 57 55 11 84 61
split_gain=0.365585 2.07342 1.14997 0.760951 0.697095 0.502687 0.284033
threshold=3.4031250476837163 4.0687499046325692 2.6062499284744267 0.11823612079024316 1.0000000180025095e-35 1.0000000180025095e-35 3.8656250238418584
decision_type=2 2 2 2 2 2 2
left_child=2 6 4 -4 -1 -3 -2
right_child=1 5 3 -5 -6 -7 -8
leaf_value=-0.000686384938924395 -0.0016235449873818523 0.00043307704425155557 0.00036299205692680769 0.0038868344176653086 0.00037145120645475381 -0.00097175827221007748 -0.0043133218180703937
leaf_weight=13760 803 13081 1641 1909 25772 5097 1910
leaf_count=13760 803 13081 1641 1909 25772 5097 1910
internal_value=-1.07249e-05 -0.000422676 0.000189035 0.00225793 3.24759e-06 3.91698e-05 -0.0035172
internal_weight=63973 20891 43082 3550 39532 18178 2713
internal_count=63973 20891 43082 3550 39532 18178 2713
is_linear=0
shrinkage=0.12


Tree=79
num_leaves=8
num_cat=0
split_feature=59 75 86 0 12 66 2
split_gain=0.343263 0.566335 0.862866 0.519634 0.883393 0.455419 0.255038
threshold=19999971.000000004 10.500000000000002 1.0000000180025095e-35 9.7371997833251971 2.2838000059127812 11.176562786102297 253.21500396728518
decision_type=2 2 2 2 2 2 2
left_child=3 2 -2 4 -1 -5 -3
right_child=1 6 -4 5 -6 -7 -8
leaf_value=-0.0022078595100558677 0.0031025176777849813 -0.00455276286498142 -0.00013416522324056322 0.00033908143248072878 1.9434628987024083e-05 -0.00044665922405540896 -0.00024780421408395571
leaf_weight=4198 2243 338 2517 31611 6589 15998 479
leaf_count=4198 2243 338 2517 31611 6589 15998 479
internal_value=-9.43788e-06 0.000890034 0.00139102 -9.53403e-05 -0.000847366 7.50499e-05 -0.0020288
internal_weight=63973 5577 4760 58396 10787 47609 817
internal_count=63973 5577 4760 58396 10787 47609 817
is_linear=0
shrinkage=0.12


Tree=80
num_leaves=8
num_cat=0
split_feature=2 78 6 6 57 58 69
split_gain=0.505156 0.598056 0.637788 0.324467 0.329735 0.327666 0.117937
threshold=116.56000137329103 1.0000000180025095e-35 1.8558500409126284 0.24414999783039096 8.9312500953674334 -0.63255673646926869 5.5000000000000009
decision_type=2 2 2 2 2 2 2
left_child=1 2 -1 5 -5 -2 -3
right_child=3 6 -4 4 -6 -7 -8
leaf_value=0.0074292760179175627 -0.00016570280145714874 8.9960662696215028e-05 0.0017313134875563696 -0.00013846051466402385 0.00080960060014189327 0.0049703282927907998 -0.0032367038223522389
leaf_weight=345 342 312 1571 54912 5845 375 302
leaf_count=345 342 312 1571 54912 5845 375 302
internal_value=5.10867e-05 0.00171288 0.0027573 -1.73053e-05 -4.72543e-05 0.00252051 -0.00154628
internal_weight=64004 2530 1916 61474 60757 717 614
internal_count=64004 2530 1916 61474 60757 717 614
is_linear=0
shrinkage=0.12


Tree=81
num_leaves=7
num_cat=0
split_feature=29 5 51 57 57 57
split_gain=0.424172 1.15814 0.411591 0.362844 1.18891 0.939233
threshold=-70.521247863769517 3.4387999773025517 0.11052076891064645 3.3531249761581425 4.0687499046325692 2.6906249523162846
decision_type=2 2 2 2 2 2
left_child=1 2 -1 5 -5 -2
right_child=3 -3 -4 4 -6 -7
leaf_value=-0.0027486401295129608 4.1010754769838177e-05 0.0073686384455128725 0.0019514612936295077 -0.0027112010542024267 -5.4029501942522981e-05 0.0022331178431044168
leaf_weight=463 38753 422 638 2805 17888 3035
leaf_count=463 38753 422 638 2805 17888 3035
internal_value=4.49563e-05 0.00202362 -2.50573e-05 -3.27454e-06 -0.000414217 0.00020022
internal_weight=64004 1523 1101 62481 20693 41788
internal_count=64004 1523 1101 62481 20693 41788
is_linear=0
shrinkage=0.12


Tree=82
num_leaves=8
num_cat=0
split_feature=50 5 85 49 55 84 85
split_gain=0.370404 0.734442 0.698576 0.552077 0.128537 0.0845514 0.0734447
threshold=0.47054274380207067 0.88945001363754284 0.62500000000000011 1.5593749880790713 0.10361409932374956 1.0000000180025095e-35 0.37500000000000006
decision_type=2 2 2 2 2 2 2
left_child=1 3 -3 -1 6 -6 -2
right_child=4 2 -4 -5 5 -7 -8
leaf_value=0.0018666958711477599 0.00072556690852804855 -0.00055364429937102184 0.00036275593425895284 0.00012604242903046495 -0.00095569791450157975 -0.0022414261667160346 -0.00080624469744676583
leaf_weight=5497 856 22757 25291 5020 2604 1027 952
leaf_count=5497 856 22757 25291 5020 2604 1027 952
internal_value=3.95615e-05 0.000127536 -7.12792e-05 0.00103584 -0.000907711 -0.00131936 -8.10065e-05
internal_weight=64004 58565 48048 10517 5439 3631 1808
internal_count=64004 58565 48048 10517 5439 3631 1808
is_linear=0
shrinkage=0.12


Tree=83
num_leaves=7
num_cat=0
split_feature=29 78 12 63 88 69
split_gain=0.343219 0.831052 0.738474 0.290176 1.08461 0.487573
threshold=-61.708776473999016 1.0000000180025095e-35 1.0421999692916872 19999949.000000004 1.1595714092254641 9.5000000000000018
decision_type=2 2 2 2 2 2
left_child=1 2 -1 5 -5 -2
right_child=3 -3 -4 4 -6 -7
leaf_value=0.0067880022499575603 -0.0006105835821593144 -0.002589257746983238 0.0012424268986529537 0.00017259101326515266 0.0050916831957470926 0.00014474184870137238
leaf_weight=477 18359 549 1257 5298 735 37329
leaf_count=477 18359 549 1257 5298 735 37329
internal_value=3.48141e-05 0.00147968 0.00276794 -1.863e-05 0.000771884 -0.000104271
internal_weight=64004 2283 1734 61721 6033 55688
internal_count=64004 2283 1734 61721 6033 55688
is_linear=0
shrinkage=0.12


Tree=84
num_leaves=8
num_cat=0
split_feature=66 72 86 66 68 86 90
split_gain=0.343522 4.7361 5.46478 1.5024 0.804272 2.03107 0.731735
threshold=3.4593750238418584 3.9781249761581425 1.0000000180025095e-35 5.5968749523162851 1.0000000180025095e-35 1.0000000180025095e-35 1.0000000180025095e-35
decision_type=2 2 2 2 2 2 2
left_child=4 2 -2 -3 6 -6 -1
right_child=1 3 -4 -5 5 -7 -8
leaf_value=0.00015487551140976234 -0.0022037760057643085 -0.0021198616109965769 0.01235092672460282 0.0001469637776999688 -0.0097657723218210583 0.00012947312667698985 -0.0042573055617980892
leaf_weight=6947 610 4606 950 49006 466 832 587
leaf_count=6947 610 4606 950 49006 466 832 587
internal_value=3.06364e-05 0.000141867 0.00665966 -4.77874e-05 -0.000664204 -0.00342306 -0.000188893
internal_weight=64004 55172 1560 53612 8832 1298 7534
internal_count=64004 55172 1560 53612 8832 1298 7534
is_linear=0
shrinkage=0.12


Tree=85
num_leaves=5
num_cat=0
split_feature=24 65 12 72
split_gain=0.371215 0.351061 1.18953 0.619598
threshold=1.4552178382873537 42.500000000000007 2.1793500185012822 6.4281251430511483
decision_type=2 2 2 2
left_child=-1 3 -3 -2
right_child=1 2 -4 -5
leaf_value=-0.0033438043705596001 -0.00043806929208611937 -0.0023287175831817604 -2.2243004037839423e-05 0.00048940116812329977
leaf_weight=503 17203 4031 16002 26122
leaf_count=503 17203 4031 16002 26122
internal_value=-9.67241e-05 -7.09455e-05 -0.000486347 0.000121132
internal_weight=63861 63358 20033 43325
internal_count=63861 63358 20033 43325
is_linear=0
shrinkage=0.12


Tree=86
num_leaves=7
num_cat=0
split_feature=49 59 29 66 5 72
split_gain=0.464592 0.479721 0.773775 0.358951 1.43581 0.733558
threshold=1.9218750000000002 19999973.000000004 16.092858314514164 11.176562786102297 2.782000064849854 6.4281251430511483
decision_type=2 2 2 2 2 2
left_child=3 2 -2 5 -5 -1
right_child=1 -3 -4 4 -6 -7
leaf_value=-0.00035842074706135074 -0.0048778853151904104 0.0018720457285402159 -0.00074077433605208875 -9.2961781054095484e-05 -0.0035310343573908792 0.00071402679400884162
leaf_weight=16843 928 549 2181 21256 1906 20198
leaf_count=16843 928 549 2181 21256 1906 20198
internal_value=-8.51172e-05 -0.00139818 -0.00197565 -5.33386e-06 -0.000375881 0.000226372
internal_weight=63861 3658 3109 60203 23162 37041
internal_count=63861 3658 3109 60203 23162 37041
is_linear=0
shrinkage=0.12


Tree=87
num_leaves=7
num_cat=0
split_feature=49 59 29 57 57 57
split_gain=0.35978 0.371496 0.599211 0.334038 1.30721 0.770448
threshold=1.9218750000000002 19999973.000000004 16.092858314514164 3.4031250476837163 4.3906250000000009 2.5531250238418584
decision_type=2 2 2 2 2 2
left_child=3 2 -2 5 -5 -1
right_child=1 -3 -4 4 -6 -7
leaf_value=2.9623058027091308e-05 -0.004292539056086439 0.0016474003213250378 -0.00065188141695780681 -0.0024270010421691972 5.3754622632829207e-05 0.0018521924765109938
leaf_weight=35951 928 549 2181 3738 16832 3682
leaf_count=35951 928 549 2181 3738 16832 3682
internal_value=-7.49031e-05 -0.0012304 -0.00173857 -4.6938e-06 -0.000397051 0.000198944
internal_weight=63861 3658 3109 60203 20570 39633
internal_count=63861 3658 3109 60203 20570 39633
is_linear=0
shrinkage=0.12


Tree=88
num_leaves=5
num_cat=0
split_feature=41 24 49 49
split_gain=0.35989 0.319517 0.301007 0.227938
threshold=0.029498630203306678 1.4552178382873537 1.8906250000000002 1.4968749880790713
decision_type=2 2 2 2
left_child=3 -2 -3 -1
right_child=1 2 -4 -5
leaf_value=0.00056497286880260252 -0.0031355242185987487 -7.036670110977726e-06 -0.0010608260795122878 0.0042074577899293454
leaf_weight=554 496 58180 4184 447
leaf_count=554 496 58180 4184 447
internal_value=-6.59147e-05 -0.000101863 -7.77354e-05 0.00219154
internal_weight=63861 62860 62364 1001
internal_count=63861 62860 62364 1001
is_linear=0
shrinkage=0.12


Tree=89
num_leaves=5
num_cat=0
split_feature=66 19 65 59
split_gain=0.302494 0.325542 0.376127 0.259257
threshold=0.60625001788139354 0.47812499105930334 27.500000000000004 19999971.000000004
decision_type=2 2 2 2
left_child=-1 3 -3 -2
right_child=1 2 -4 -5
leaf_value=-0.0030189724079863135 -0.00015388425075300109 0.0047089275039250336 0.00050793597927188227 0.00071110564253069907
leaf_weight=493 56392 430 1072 5474
leaf_count=493 56392 430 1072 5474
internal_value=-5.8005e-05 -3.49688e-05 0.00171062 -7.73486e-05
internal_weight=63861 63368 1502 61866
internal_count=63861 63368 1502 61866
is_linear=0
shrinkage=0.12


Tree=90
num_leaves=8
num_cat=0
split_feature=0 12 76 66 16 82 12
split_gain=0.366095 0.681135 1.35734 0.455009 0.470362 0.451768 0.415789
threshold=31.899200439453129 1.740150034427643 0.075813435018062605 11.613541603088381 3.3414189815521245 1.0000000180025095e-35 2.8632500171661381
decision_type=2 2 2 2 2 2 2
left_child=1 2 -1 4 -2 -3 -5
right_child=3 5 -4 6 -6 -7 -8
leaf_value=0.0058460273797489633 -0.00097576772087776536 0.00030625057177504332 -0.0017996495658756785 -0.0020822390582022313 0.00068692696542499096 -0.00085811672719808476 9.6974848674061985e-05
leaf_weight=354 2733 18945 6028 1970 23662 6426 3502
leaf_count=354 2733 18945 6028 1970 23662 6426 3502
internal_value=2.09644e-05 -0.000267412 -0.00137556 0.000308309 0.000514768 1.13381e-05 -0.000687574
internal_weight=63620 31753 6382 31867 26395 25371 5472
internal_count=63620 31753 6382 31867 26395 25371 5472
is_linear=0
shrinkage=0.12


Tree=91
num_leaves=7
num_cat=0
split_feature=41 5 28 70 46 58
split_gain=0.30065 0.362665 1.43094 0.401794 0.287724 0.12688
threshold=0.029498630203306678 3.0935499668121342 79.606136322021499 21.500000000000004 0.22076199203729632 -0.66164842247962941
decision_type=2 2 2 2 2 2
left_child=4 3 -3 -2 -1 -6
right_child=1 2 -4 -5 5 -7
leaf_value=0.0047730521658553154 0.00045128196521861379 -0.0020494078363523793 0.0016263804166942492 -0.00019801626950763975 0.0023387708958936856 -0.0010541405824749837
leaf_weight=364 24465 4618 2277 31259 300 337
leaf_count=364 24465 4618 2277 31259 300 337
internal_value=1.84486e-05 -1.45335e-05 -0.000835518 8.70509e-05 0.0020817 0.000543777
internal_weight=63620 62619 6895 55724 1001 637
internal_count=63620 62619 6895 55724 1001 637
is_linear=0
shrinkage=0.12


Tree=92
num_leaves=8
num_cat=0
split_feature=3 22 55 0 55 90 87
split_gain=0.298565 0.372459 0.497951 0.466293 0.134417 0.100664 0.0523658
threshold=0.76941001415252697 3.2654166221618657 0.085860423743724837 69.733600616455092 0.1021774858236313 0.0058428572956472644 1.0000000180025095e-35
decision_type=2 2 2 2 2 2 2
left_child=1 3 -3 -1 5 -2 -6
right_child=4 2 -4 -5 6 -7 -8
leaf_value=-0.00024098665757607226 0.00054639496791615127 -0.00034934374064224491 0.0013008809828504312 0.00071549661730787326 -0.0010014709821222325 -0.0016132959092286802 -0.0020446379766932213
leaf_weight=37990 1265 4112 7321 9097 2458 412 965
leaf_count=37990 1265 4112 7321 9097 2458 412 965
internal_value=1.62348e-05 9.29774e-05 0.00070736 -5.61983e-05 -0.000864349 1.5809e-05 -0.00129556
internal_weight=63620 58520 11433 47087 5100 1677 3423
internal_count=63620 58520 11433 47087 5100 1677 3423
is_linear=0
shrinkage=0.12


Tree=93
num_leaves=7
num_cat=0
split_feature=59 0 85 71 70 6
split_gain=0.252009 0.37939 0.710061 0.374989 0.338989 0.201808
threshold=19999989.000000004 9.7371997833251971 0.62500000000000011 38.500000000000007 32.500000000000007 4.4187500476837167
decision_type=2 2 2 2 2 2
left_child=1 2 -1 -2 -3 -5
right_child=3 4 -4 5 -6 -7
leaf_value=-0.0015513772279441653 0.004054679877912434 0.00033922110480138194 0.00028434095285822473 -0.00047714934409463756 -0.00032869045467444591 0.0026612185738366548
leaf_weight=6048 535 33088 6089 1109 16349 402
leaf_count=6048 535 33088 6089 1109 16349 402
internal_value=1.42866e-05 -2.92492e-05 -0.000630418 0.00132449 0.00011834 0.00035781
internal_weight=63620 61574 12137 2046 49437 1511
internal_count=63620 61574 12137 2046 49437 1511
is_linear=0
shrinkage=0.12


Tree=94
num_leaves=8
num_cat=0
split_feature=51 22 84 88 83 76 0
split_gain=0.257414 0.377639 1.44504 0.711021 0.363554 1.39401 0.814353
threshold=0.060678860172629363 1.2953000068664553 1.0000000180025095e-35 0.8391999900341035 0.62500000000000011 0.98080673813819896 85.485649108886733
decision_type=2 2 2 2 2 2 2
left_child=4 2 -2 -3 5 -1 -6
right_child=1 3 -4 -5 6 -7 -8
leaf_value=-0.0011372811742840787 -0.0016988685160416422 -0.00022001605315170048 0.0019005945515677598 0.00074932902180859656 0.0016228233546222528 0.0065085158083869627 -0.0035902491459116042
leaf_weight=9005 5468 21650 2274 21938 2402 357 526
leaf_count=9005 5468 21650 2274 21938 2402 357 526
internal_value=1.25722e-05 0.000130683 -0.000641625 0.000267859 -0.000480726 -0.000845725 0.000686322
internal_weight=63620 51330 7742 43588 12290 9362 2928
internal_count=63620 51330 7742 43588 12290 9362 2928
is_linear=0
shrinkage=0.12


Tree=95
num_leaves=8
num_cat=0
split_feature=72 85 2 0 69 16 1
split_gain=0.320698 1.33016 1.88484 0.499393 0.87928 0.421523 0.134875
threshold=29.393750190734867 0.37500000000000006 280.99000549316412 30.794599533081058 10.500000000000002 3.3414189815521245 18.770999908447269
decision_type=2 2 2 2 2 2 2
left_child=3 2 -2 4 -1 -5 -3
right_child=1 6 -4 5 -6 -7 -8
leaf_value=-0.0013752705377836649 0.0045554765273640571 -0.0005087679043102979 -0.00061276611423739964 -0.0013075430460889094 0.00012194202496081208 0.00032057775432046704 -0.0027553640104209381
leaf_weight=10097 2274 4262 1837 2481 12820 29724 423
leaf_count=10097 2274 4262 1837 2481 12820 29724 423
internal_value=-2.16459e-06 0.000670716 0.00224605 -0.000109538 -0.000537715 0.000195151 -0.000711609
internal_weight=63918 8796 4111 55122 22917 32205 4685
internal_count=63918 8796 4111 55122 22917 32205 4685
is_linear=0
shrinkage=0.12


Tree=96
num_leaves=7
num_cat=0
split_feature=22 29 72 90 55 57
split_gain=0.357054 0.777532 0.315277 0.270094 0.387347 0.332888
threshold=0.39204999804496771 -37.470516204833977 10.67812490463257 1.0000000180025095e-35 0.043652648106217391 8.2781248092651385
decision_type=2 2 2 2 2 2
left_child=1 -1 -3 5 -5 -2
right_child=3 2 -4 4 -6 -7
leaf_value=0.0054726026553922179 -7.4302267286479524e-05 0.0023174471858164484 -0.002188337674893296 -0.0036078982654174688 -0.00047755459272096632 0.00085713516076512384
leaf_weight=539 51660 389 526 665 3952 6187
leaf_count=539 51660 389 526 665 3952 6187
internal_value=-1.90484e-06 0.00185705 -0.000272764 -4.51765e-05 -0.000928427 2.53192e-05
internal_weight=63918 1454 915 62464 4617 57847
internal_count=63918 1454 915 62464 4617 57847
is_linear=0
shrinkage=0.12


Tree=97
num_leaves=7
num_cat=0
split_feature=22 29 49 22 53 76
split_gain=0.276503 0.603653 0.258077 0.777216 0.387574 0.226536
threshold=0.39204999804496771 -39.649393081665032 1.3968749642372134 0.91833332180976879 2.3281250000000004 0.45496472716331487
decision_type=2 2 2 2 2 2
left_child=1 -1 3 -2 -4 -3
right_child=2 5 4 -5 -6 -7
leaf_value=0.0050167557234383131 -0.0029873158238061513 -0.0022595317778177559 0.00051368921078659771 -0.00017168146858407145 -0.00024993469000370104 0.0014732391753862911
leaf_weight=499 1506 411 20280 22553 18125 544
leaf_count=499 1506 411 20280 22553 18125 544
internal_value=-1.67626e-06 0.00163421 -3.97554e-05 -0.000347929 0.000153302 -0.00013322
internal_weight=63918 1454 62464 24059 38405 955
internal_count=63918 1454 62464 24059 38405 955
is_linear=0
shrinkage=0.12


Tree=98
num_leaves=8
num_cat=0
split_feature=9 66 66 69 85 54 72
split_gain=0.243496 0.568702 2.34875 0.519178 2.19144 0.505376 0.353694
threshold=1.0000000180025095e-35 4.0468750000000009 3.6437500715255742 6.5000000000000009 0.62500000000000011 0.039664760231971748 6.6656248569488534
decision_type=2 2 2 2 2 2 2
left_child=3 2 -2 4 -1 -5 -3
right_child=1 6 -4 5 -6 -7 -8
leaf_value=-0.0033505518117362527 0.00051493695960693495 -0.0016536106403928911 0.011126401173041662 0.00052185018018429622 0.00097367092495428194 -0.0002799944056006435 0.00044555187112576595
leaf_weight=3221 1839 1416 359 18797 3545 28450 6291
leaf_count=3221 1839 1416 359 18797 3545 28450 6291
internal_value=-1.4751e-06 0.000545462 0.00224811 -0.000101773 -0.0010849 3.90157e-05 5.98747e-05
internal_weight=63918 9905 2198 54013 6766 47247 7707
internal_count=63918 9905 2198 54013 6766 47247 7707
is_linear=0
shrinkage=0.12


Tree=99
num_leaves=8
num_cat=0
split_feature=71 50 85 13 88 85 12
split_gain=0.239363 0.836431 1.49874 0.296124 0.518409 0.392442 0.133663
threshold=129.50000000000003 0.16605906188488009 0.37500000000000006 9.2100000381469744 1.0687571763992312 1.0000000180025095e-35 2.1645499467849736
decision_type=2 2 2 2 2 2 2
left_child=3 2 -2 5 -5 -1 -3
right_child=1 6 -4 4 -6 -7 -8
leaf_value=-0.00073313107016549943 0.0065257101144854807 0.0016727585236377201 -0.00038338816098833992 0.00020436081195429135 0.0034056252098800797 2.9679928020538377e-05 -0.00055477204462072165
leaf_weight=12694 853 441 962 3484 921 41341 3222
leaf_count=12694 853 441 962 3484 921 41341 3222
internal_value=-1.2981e-06 0.000757178 0.0028637 -7.23955e-05 0.000873683 -0.000149521 -0.000286593
internal_weight=63918 5478 1815 58440 4405 54035 3663
internal_count=63918 5478 1815 58440 4405 54035 3663
is_linear=0
shrinkage=0.12


Tree=100
num_leaves=8
num_cat=0
split_feature=65 78 0 0 66 84 72
split_gain=0.273756 0.83301 1.49493 1.22273 0.7484 3.34413 1.21183
threshold=6.5000000000000009 1.0000000180025095e-35 49.713600158691413 72.007148742675795 4.0468750000000009 1.0000000180025095e-35 5.2187500000000009
decision_type=2 2 2 2 2 2 2
left_child=1 2 -1 -3 5 -2 -6
right_child=4 3 -4 -5 6 -7 -8
leaf_value=-0.005078155821840037 -0.00046142275156498301 0.0050714920416986787 0.00036435777200492933 -0.0041969961891474674 -0.0023279022035600666 0.0054837904563777486 6.7387659112053602e-05
leaf_weight=1265 4656 647 1708 300 3238 1926 50120
leaf_count=1265 4656 647 1708 300 3238 1926 50120
internal_value=7.41827e-06 -0.000964129 -0.00195141 0.00213533 7.09563e-05 0.00127824 -7.79691e-05
internal_weight=63860 3920 2973 947 59940 6582 53358
internal_count=63860 3920 2973 947 59940 6582 53358
is_linear=0
shrinkage=0.12


Tree=101
num_leaves=7
num_cat=0
split_feature=33 22 85 70 6 81
split_gain=0.217012 0.275071 0.66008 0.386001 0.0898805 0.0696275
threshold=0.63854390382766735 3.4392501115798955 0.62500000000000011 30.500000000000004 6.6885499954223642 1.0000000180025095e-35
decision_type=2 2 2 2 2 2
left_child=1 3 -3 -1 5 -2
right_child=4 2 -4 -5 -6 -7
leaf_value=0.00014751063008641409 -0.00050965296848097259 0.0017498006054220839 -0.00030031351049967316 -0.00062377958356274184 -0.002778649870979043 -0.00232641500683332
leaf_weight=37936 3822 4316 4751 12397 308 330
leaf_count=37936 3822 4316 4751 12397 308 330
internal_value=6.52808e-06 6.71434e-05 0.000675565 -4.24579e-05 -0.00080077 -0.000654049
internal_weight=63860 59400 9067 50333 4460 4152
internal_count=63860 59400 9067 50333 4460 4152
is_linear=0
shrinkage=0.12


Tree=102
num_leaves=7
num_cat=0
split_feature=0 2 78 45 66 76
split_gain=0.216375 0.965041 0.841287 0.493114 0.326198 0.260902
threshold=94.17255020141603 245.05500030517581 1.0000000180025095e-35 0.45937500894069677 0.68125000596046459 0.96304079890251171
decision_type=2 2 2 2 2 2
left_child=4 2 -2 -3 -1 -6
right_child=1 3 -4 -5 5 -7
leaf_value=-0.0030519881279548059 0.0040014988807824696 -0.0052000491561982106 -0.0013677600166281385 -0.00014073317416242492 -5.3503248751636937e-05 0.0031261851420292361
leaf_weight=520 1657 310 563 2639 57797 374
leaf_count=520 1657 310 563 2639 57797 374
internal_value=5.7447e-06 0.000750053 0.00263984 -0.00067257 -5.98076e-05 -3.306e-05
internal_weight=63860 5169 2220 2949 58691 58171
internal_count=63860 5169 2220 2949 58691 58171
is_linear=0
shrinkage=0.12


Tree=103
num_leaves=7
num_cat=0
split_feature=16 2 29 69 5 0
split_gain=0.210602 0.395208 0.242554 0.692889 0.232106 0.159252
threshold=2.1094824075698857 219.73999786376956 -70.521247863769517 3.5000000000000004 3.0935499668121342 36.110349655151374
decision_type=2 2 2 2 2 2
left_child=1 -1 3 -2 -4 -3
right_child=2 5 4 -5 -6 -7
leaf_value=-0.005091505011042244 0.0058243467236511913 -0.001743445308841947 7.4878147819201646e-05 -1.6754858310602299e-05 -0.00069220086492453479 0.0019914107186119316
leaf_weight=334 399 358 55036 1095 6334 304
leaf_count=334 399 358 55036 1095 6334 304
internal_value=5.05534e-06 -0.00172623 3.24854e-05 0.00154322 -4.29211e-06 -2.83453e-05
internal_weight=63860 996 62864 1494 61370 662
internal_count=63860 996 62864 1494 61370 662
is_linear=0
shrinkage=0.12


Tree=104
num_leaves=7
num_cat=0
split_feature=19 41 58 32 22 22
split_gain=0.199441 0.25606 0.282812 0.207579 0.600147 0.484587
threshold=0.47812499105930334 0.24072208255529406 -1.2122145891189573 60.549840927124031 0.9706999957561494 0.68064168095588695
decision_type=2 2 2 2 2 2
left_child=3 2 -2 4 -1 -5
right_child=1 -3 -4 5 -6 -7
leaf_value=-0.0023968653420794518 0.0040485822837375033 -0.0014772438945990991 0.00038578275750038201 0.0019244849279247895 -0.00013475466578631383 2.1654140910242675e-05
leaf_weight=1895 592 359 623 2018 15525 42848
leaf_count=1895 592 359 623 2018 15525 42848
internal_value=4.4487e-06 0.00133848 0.00217046 -2.92631e-05 -0.000380834 0.00010724
internal_weight=63860 1574 1215 62286 17420 44866
internal_count=63860 1574 1215 62286 17420 44866
is_linear=0
shrinkage=0.12


Tree=105
num_leaves=7
num_cat=0
split_feature=59 28 85 41 85 22
split_gain=0.274448 0.627864 0.363868 0.256425 0.278773 0.173706
threshold=19999971.000000004 37.190511703491218 0.37500000000000006 0.029498630203306678 1.0000000180025095e-35 2.0382583141326909
decision_type=2 2 2 2 2 2
left_child=3 -2 -3 5 -5 -1
right_child=1 2 -4 4 -6 -7
leaf_value=0.0037852455513920575 0.0053485186848071797 0.0014959691720049999 -0.00052761071278647879 -0.00061561231976893006 6.6747409978477489e-06 0.00044887328047410404
leaf_weight=394 401 2403 2737 13570 43912 523
leaf_count=394 401 2403 2737 13570 43912 523
internal_value=-3.1891e-05 0.000775221 0.000418433 -0.000108471 -0.000140231 0.00188239
internal_weight=63940 5541 5140 58399 57482 917
internal_count=63940 5541 5140 58399 57482 917
is_linear=0
shrinkage=0.12


Tree=106
num_leaves=8
num_cat=0
split_feature=57 57 57 1 29 6 15
split_gain=0.217563 0.675654 0.625904 0.588829 0.420415 0.387842 0.368761
threshold=3.1531250476837163 4.3906250000000009 2.6906249523162846 11.472400188446047 54.66841125488282 1.4844499826431277 0.9406380057334901
decision_type=2 2 2 2 2 2 2
left_child=2 5 6 -4 -3 -2 -1
right_child=1 4 3 -5 -6 -7 -8
leaf_value=-0.001852029407914905 0.00051918495333848108 0.00083279256048373446 0.00014217605344538903 0.0038538401911072844 -0.00041945867615077772 -0.0021917963874191477 8.7279668371236004e-05
leaf_weight=1466 960 5879 1238 1224 11245 3646 38282
leaf_count=1466 960 5879 1238 1224 11245 3646 38282
internal_value=-2.80641e-05 -0.000336571 0.000130758 0.00198746 1.04634e-05 -0.00162676 1.57534e-05
internal_weight=63940 21730 42210 2462 17124 4606 39748
internal_count=63940 21730 42210 2462 17124 4606 39748
is_linear=0
shrinkage=0.12


Tree=107
num_leaves=8
num_cat=0
split_feature=6 85 2 2 85 5 73
split_gain=0.226984 1.38491 1.9838 0.62742 0.293383 1.31975 0.735905
threshold=8.0503997802734393 0.37500000000000006 230.69999694824222 181.02500152587893 0.62500000000000011 1.3457500338554385 402.33372497558599
decision_type=2 2 2 2 2 2 2
left_child=4 2 -2 -3 5 -1 -6
right_child=1 3 -4 -5 6 -7 -8
leaf_value=0.00067442071965545622 0.0067095750424058806 -0.0040136590000237563 -0.0012392943758668226 0.00022570896120423765 0.0014327228640228752 -0.0010100734886454761 -9.8509982919592589e-05
leaf_weight=10860 1050 736 794 1586 5472 17474 25968
leaf_count=10860 1050 736 794 1586 5472 17474 25968
internal_value=-2.46964e-05 0.000831727 0.00328691 -0.00111804 -8.43856e-05 -0.000364432 0.000167995
internal_weight=63940 4166 1844 2322 59774 28334 31440
internal_count=63940 4166 1844 2322 59774 28334 31440
is_linear=0
shrinkage=0.12


Tree=108
num_leaves=8
num_cat=0
split_feature=66 72 84 68 84 72 90
split_gain=0.245851 3.34816 4.22562 0.774618 1.89734 0.70191 0.515688
threshold=3.5781250000000004 3.9781249761581425 1.0000000180025095e-35 1.0000000180025095e-35 1.0000000180025095e-35 4.9468748569488534 1.0000000180025095e-35
decision_type=2 2 2 2 2 2 2
left_child=3 2 -2 6 -5 -3 -1
right_child=1 5 -4 4 -6 -7 -8
leaf_value=0.00018747417307613266 0.0016688366374769323 -0.001983833937910978 0.016723706999511319 -0.005803851224240879 0.0034453854277514719 2.727598924327858e-05 -0.0034986355487126889
leaf_weight=6974 909 2628 381 1077 454 50924 593
leaf_count=6974 909 2628 381 1077 454 50924 593
internal_value=-2.17328e-05 7.41073e-05 0.00611528 -0.000599449 -0.0030611 -7.14168e-05 -0.000101394
internal_weight=63940 54842 1290 9098 1531 53552 7567
internal_count=63940 54842 1290 9098 1531 53552 7567
is_linear=0
shrinkage=0.12


Tree=109
num_leaves=7
num_cat=0
split_feature=71 82 45 69 66 85
split_gain=0.22219 1.05135 0.599191 0.452545 0.752532 0.545935
threshold=6.5000000000000009 1.0000000180025095e-35 0.50937500596046459 28.500000000000004 3.5781250000000004 0.37500000000000006
decision_type=2 2 2 2 2 2
left_child=1 2 -1 4 -2 -5
right_child=3 -3 -4 5 -6 -7
leaf_value=0.0011999117405912792 -0.0027027863119494172 -0.0055905234302898029 -0.0020645854091906751 0.0026615789767593786 1.9408897449524869e-05 -2.1379120663101438e-05
leaf_weight=2067 1503 584 1331 2019 54057 2379
leaf_count=2067 1503 584 1331 2019 54057 2379
internal_value=-1.91249e-05 -0.000887145 -7.87951e-05 3.85231e-05 -5.42315e-05 0.00121029
internal_weight=63940 3982 3398 59958 55560 4398
internal_count=63940 3982 3398 59958 55560 4398
is_linear=0
shrinkage=0.12


Tree=110
num_leaves=7
num_cat=0
split_feature=1 50 66 12 53 28
split_gain=0.259421 0.593322 0.245682 1.11466 0.551543 0.125076
threshold=21.053549766540531 0.051708163693547256 11.230208396911623 1.7569999694824221 2.5843750238418584 53.173212051391609
decision_type=2 2 2 2 2 2
left_child=2 -2 4 -4 -1 -3
right_child=1 5 3 -5 -6 -7
leaf_value=0.00032884909460846812 -0.0061399679382260026 0.0016649558415937698 -0.0029999385015195578 -5.6013589885900333e-05 -0.00128641456232429 -0.0011170262732981124
leaf_weight=34786 325 324 2020 22275 3336 826
leaf_count=34786 325 324 2020 22275 3336 826
internal_value=-3.97299e-05 -0.00161268 -2.5588e-06 -0.000300785 0.0001875 -0.000333233
internal_weight=63892 1475 62417 24295 38122 1150
internal_count=63892 1475 62417 24295 38122 1150
is_linear=0
shrinkage=0.12


Tree=111
num_leaves=7
num_cat=0
split_feature=19 61 55 2 66 51
split_gain=0.243681 0.32233 0.24256 0.539604 0.292332 0.226013
threshold=0.48437500000000006 3.5031249523162846 0.044605506584048278 179.04499816894534 3.9281250238418584 0.094653420150280013
decision_type=2 2 2 2 2 2
left_child=2 5 3 -1 -4 -2
right_child=1 -3 4 -5 -6 -7
leaf_value=-0.0025299884220074411 0.00047296234644994502 -0.0011441685918692312 0.0010862774367391696 -0.00020460699304240338 -4.4648604863609689e-05 0.0041303531050497725
leaf_weight=1748 403 461 3528 8076 49062 614
leaf_count=1748 403 461 3528 8076 49062 614
internal_value=-3.49623e-05 0.00148794 -7.10256e-05 -0.000618366 3.12196e-05 0.00268106
internal_weight=63892 1478 62414 9824 52590 1017
internal_count=63892 1478 62414 9824 52590 1017
is_linear=0
shrinkage=0.12


Tree=112
num_leaves=7
num_cat=0
split_feature=57 57 55 69 55 53
split_gain=0.220662 0.705508 0.415268 0.398511 0.343461 0.296918
threshold=3.4031250476837163 4.1312499046325692 0.64224117994308483 2.5000000000000004 0.044605506584048278 2.1093750000000004
decision_type=2 2 2 2 2 2
left_child=2 5 3 -1 -3 -2
right_child=1 4 -4 -5 -6 -7
leaf_value=0.0022073767912792861 -0.0001986902651167685 -0.0020868271269259258 0.003906579050638001 2.4152339782107925e-05 6.2737635156622344e-05 -0.0028961723695078534
leaf_weight=1240 830 1143 414 41405 16848 2012
leaf_count=1240 830 1143 414 41405 16848 2012
internal_value=-3.07668e-05 -0.000351378 0.000124353 8.76345e-05 -7.3828e-05 -0.00210838
internal_weight=63892 20833 43059 42645 17991 2842
internal_count=63892 20833 43059 42645 17991 2842
is_linear=0
shrinkage=0.12


Tree=113
num_leaves=7
num_cat=0
split_feature=59 2 41 9 50 23
split_gain=0.214773 0.334466 0.206577 0.208183 0.201001 0.121173
threshold=19999989.000000004 182.93000030517581 0.029498630203306678 1.0000000180025095e-35 0.12065186724066736 7.6826374530792245
decision_type=2 2 2 2 2 2
left_child=2 -2 4 -4 -1 -3
right_child=1 5 3 -5 -6 -7
leaf_value=0.003645944013206255 0.0047394075950287513 0.0012487952698875587 -0.00019136746046197905 0.00041782140502341929 0.00016648373821108426 -0.00083527655794486319
leaf_weight=420 320 1155 51236 9590 555 616
leaf_count=420 320 1155 51236 9590 555 616
internal_value=-2.70748e-05 0.00116903 -6.75442e-05 -9.5321e-05 0.00166533 0.000523901
internal_weight=63892 2091 61801 60826 975 1771
internal_count=63892 2091 61801 60826 975 1771
is_linear=0
shrinkage=0.12


Tree=114
num_leaves=7
num_cat=0
split_feature=1 33 57 57 57 6
split_gain=0.201887 0.477947 0.216409 0.581376 0.392027 0.155106
threshold=21.053549766540531 0.21168706566095355 3.4031250476837163 4.3906250000000009 2.6062499284744267 0.69319999217987072
decision_type=2 2 2 2 2 2
left_child=2 -2 4 -4 -1 -3
right_child=1 5 3 -5 -6 -7
leaf_value=5.5029789801514579e-05 -0.0052841678835834106 0.0021089590222752455 -0.0016747389292492724 -1.2322208334387468e-05 0.0013815843076322332 -0.0010639876626840777
leaf_weight=38206 350 304 3685 17024 3502 821
leaf_count=38206 350 304 3685 17024 3502 821
internal_value=-2.38258e-05 -0.00141144 8.96535e-06 -0.000308136 0.000166414 -0.000206587
internal_weight=63892 1475 62417 20709 41708 1125
internal_count=63892 1475 62417 20709 41708 1125
is_linear=0
shrinkage=0.12


Tree=115
num_leaves=8
num_cat=0
split_feature=50 55 51 53 55 70 85
split_gain=0.22324 0.274281 0.531311 0.279575 0.0911634 0.0642859 0.0628949
threshold=0.47054274380207067 0.1678651496767998 0.28654704988002783 2.3218749761581425 0.10295452922582628 28.500000000000004 1.0000000180025095e-35
decision_type=2 2 2 2 2 2 2
left_child=1 3 -3 -1 6 -6 -2
right_child=4 2 -4 -5 5 -7 -8
leaf_value=0.00015008181512201981 0.0012792759417076833 0.00023804977441294051 0.0021412021260919134 -0.00052549183806853406 -0.0015941033573578141 -0.0005825279088584489 -0.00039643834390259931
leaf_weight=26828 426 16338 2426 13142 1658 1991 1328
leaf_count=26828 426 16338 2426 13142 1658 1991 1328
internal_value=3.77295e-05 0.000105632 0.000484109 -7.20445e-05 -0.000700414 -0.00104216 1.05481e-05
internal_weight=64137 58734 18764 39970 5403 3649 1754
internal_count=64137 58734 18764 39970 5403 3649 1754
is_linear=0
shrinkage=0.12


Tree=116
num_leaves=8
num_cat=0
split_feature=70 65 66 85 5 28 22
split_gain=0.202555 0.788656 1.24481 0.66671 1.94295 0.512401 0.488422
threshold=21.500000000000004 29.500000000000004 6.8781249523162851 0.37500000000000006 1.3344500064849856 43.337701797485359 2.7918167114257817
decision_type=2 2 2 2 2 2 2
left_child=1 2 -1 4 -2 -3 -5
right_child=3 5 -4 6 -6 -7 -8
leaf_value=0.00059831574697321471 0.00072049124545020082 -0.0014917919223093508 0.0050463979915269744 0.00085058916314642477 -0.0020500060375148068 0.00018028662604312667 -0.00036838159711972187
leaf_weight=3980 6743 2995 1173 10448 7934 22210 8654
leaf_count=3980 6743 2995 1173 10448 7934 22210 8654
internal_value=3.3202e-05 0.000258152 0.00161085 -0.000168966 -0.000777167 -1.83992e-05 0.000298345
internal_weight=64137 30358 5153 33779 14677 25205 19102
internal_count=64137 30358 5153 33779 14677 25205 19102
is_linear=0
shrinkage=0.12


Tree=117
num_leaves=5
num_cat=0
split_feature=19 57 36 57
split_gain=0.212083 0.194145 0.911537 0.345807
threshold=0.025000000372529033 8.9312500953674334 56.222799301147468 3.4031250476837163
decision_type=2 2 2 2
left_child=-1 3 -3 -2
right_child=1 2 -4 -5
leaf_value=0.0026946654029049314 0.00011548204601043383 0.0027744942393244532 -0.00036347701408868472 -0.00055857066323913786
leaf_weight=427 42915 1975 4101 14719
leaf_count=427 42915 1975 4101 14719
internal_value=2.92178e-05 1.13533e-05 0.000656519 -5.66626e-05
internal_weight=64137 63710 6076 57634
internal_count=64137 63710 6076 57634
is_linear=0
shrinkage=0.12


Tree=118
num_leaves=5
num_cat=0
split_feature=6 70 65 69
split_gain=0.187504 0.207158 0.738893 0.390362
threshold=0.2144500017166138 25.500000000000004 29.500000000000004 9.5000000000000018
decision_type=2 2 2 2
left_child=-1 2 -2 -3
right_child=1 3 -4 -5
leaf_value=0.0023197331011738107 0.0014497856510032089 -0.001183520280679951 -3.7735825579949331e-05 -2.2767406683206914e-05
leaf_weight=509 5689 5165 31072 21702
leaf_count=509 5689 5165 31072 21702
internal_value=2.57116e-05 7.36032e-06 0.000192468 -0.000245914
internal_weight=64137 63628 36761 26867
internal_count=64137 63628 36761 26867
is_linear=0
shrinkage=0.12


Tree=119
num_leaves=8
num_cat=0
split_feature=74 72 85 74 88 47 0
split_gain=0.182356 1.75013 3.31262 0.786271 0.491835 0.589323 0.557392
threshold=3.5000000000000004 3.9781249761581425 4.8750000000000009 6.5000000000000009 1.1292142868041994 0.019481053575873378 96.25205230712892
decision_type=2 2 2 2 2 2 2
left_child=4 2 -2 -3 5 -1 -6
right_child=1 3 -4 -5 6 -7 -8
leaf_value=0.0021893677431742693 0.00046943684028833441 -0.001567644808596221 0.011257548473912179 0.00010903531813155365 -0.0033415057110536359 -0.00059854132788280355 0.0021813597088179513
leaf_weight=1369 1415 4386 577 49272 1401 5393 324
leaf_count=1369 1415 4386 577 49272 1401 5393 324
internal_value=2.26262e-05 0.000101645 0.00359431 -2.80164e-05 -0.000495508 -3.41155e-05 -0.00230417
internal_weight=64137 55650 1992 53658 8487 6762 1725
internal_count=64137 55650 1992 53658 8487 6762 1725
is_linear=0
shrinkage=0.12


Tree=120
num_leaves=7
num_cat=0
split_feature=12 22 9 5 80 49
split_gain=0.368322 0.735969 0.273855 0.739981 0.31669 0.158347
threshold=0.591600000858307 0.20306666940450671 1.0000000180025095e-35 3.0935499668121342 1.0000000180025095e-35 1.4718750119209292
decision_type=2 2 2 2 2 2
left_child=1 5 3 -2 -4 -1
right_child=2 -3 4 -5 -6 -7
leaf_value=0.0015917241523695066 -7.5910829231204654e-05 0.0066361970572990864 0.00090819497176646306 -0.0019860353829780747 -0.00076193233620764061 -0.0021848107217787844
leaf_weight=341 50709 354 7078 3099 2126 301
leaf_count=341 50709 354 7078 3099 2126 301
internal_value=-4.62659e-05 0.00224334 -8.24565e-05 -0.000185922 0.000522418 -0.000178894
internal_weight=64008 996 63012 53808 9204 642
internal_count=64008 996 63012 53808 9204 642
is_linear=0
shrinkage=0.12


Tree=121
num_leaves=6
num_cat=0
split_feature=12 2 47 12 9
split_gain=0.285229 0.591261 0.229459 0.690595 0.180906
threshold=0.591600000858307 144.85500335693362 0.64250540733337413 2.7693499326705937 1.0000000180025095e-35
decision_type=2 2 2 2 2
left_child=1 -1 4 -4 -2
right_child=2 -3 3 -5 -6
leaf_value=0.0047267621458277889 -0.00018091512803703421 -0.0011313896843999733 0.0062863433479415278 -0.0013852466555104616 0.00039858369290671198
leaf_weight=528 53251 468 311 370 9080
leaf_count=528 53251 468 311 370 9080
internal_value=-4.0714e-05 0.00197414 -7.25617e-05 0.00211823 -9.64973e-05
internal_weight=64008 996 63012 681 62331
internal_count=64008 996 63012 681 62331
is_linear=0
shrinkage=0.12


Tree=122
num_leaves=7
num_cat=0
split_feature=5 22 51 22 51 28
split_gain=0.213073 0.575505 0.172322 0.330242 0.226538 0.14796
threshold=3.9222500324249272 0.20306666940450671 0.53567549586296093 1.7302083373069765 0.11994027718901636 72.229507446289077
decision_type=2 2 2 2 2 2
left_child=2 5 4 -4 -1 -2
right_child=1 -3 3 -5 -6 -7
leaf_value=-0.00026245532025206199 0.0014598591406942885 0.0060013815168363663 -0.0046972428307955763 -0.00033288687327212108 0.00019736624974982321 -0.0021998724587981335
leaf_weight=30964 329 309 331 1016 30751 308
leaf_count=30964 329 309 331 1016 30751 308
internal_value=-3.58283e-05 0.00175175 -6.2644e-05 -0.00140535 -3.3338e-05 -0.000309681
internal_weight=64008 946 63062 1347 61715 637
internal_count=64008 946 63062 1347 61715 637
is_linear=0
shrinkage=0.12


Tree=123
num_leaves=7
num_cat=0
split_feature=2 75 76 61 34 61
split_gain=0.187454 0.459278 0.676604 0.210681 0.494076 0.182322
threshold=110.56999969482423 4.5000000000000009 0.5351390838623048 20.843750000000004 0.99648571014404308 3.5843750238418584
decision_type=2 2 2 2 2 2
left_child=1 2 -1 5 -5 -2
right_child=3 -3 -4 4 -6 -7
leaf_value=-0.0038661953715357681 4.4444721029056776e-05 0.0052896741399389505 0.002151295711463603 -9.4838067224700906e-05 0.0053845443110519279 -0.00040351178136231736
leaf_weight=397 42409 324 835 782 340 18921
leaf_count=397 42409 324 835 782 340 18921
internal_value=-3.15289e-05 0.00126948 0.000212218 -6.39436e-05 0.00156558 -9.37549e-05
internal_weight=64008 1556 1232 62452 1122 61330
internal_count=64008 1556 1232 62452 1122 61330
is_linear=0
shrinkage=0.12


Tree=124
num_leaves=7
num_cat=0
split_feature=59 71 53 51 34 50
split_gain=0.170237 0.281555 0.225494 0.156752 0.547251 0.304325
threshold=19999989.000000004 38.500000000000007 2.1156250238418584 0.041607305407524116 1.1262999773025515 0.063775006681680693
decision_type=2 2 2 2 2 2
left_child=3 -2 -3 4 -1 -5
right_child=1 2 -4 5 -6 -7
leaf_value=-0.00010031605814052119 0.0034096074680619224 -0.0024077842609135825 0.0010181855131798857 0.00056715466439202929 -0.0028097101188368553 -0.00013683600957321105
leaf_weight=5988 536 361 1184 11096 1308 43535
leaf_count=5988 536 361 1184 11096 1308 43535
internal_value=-2.77454e-05 0.00103982 0.000217684 -6.36201e-05 -0.000586046 6.15022e-06
internal_weight=64008 2081 1545 61927 7296 54631
internal_count=64008 2081 1545 61927 7296 54631
is_linear=0
shrinkage=0.12


Tree=125
num_leaves=8
num_cat=0
split_feature=29 85 5 13 12 85 45
split_gain=0.236746 0.880119 1.50317 0.782705 0.247321 1.24129 0.356125
threshold=-61.708776473999016 0.37500000000000006 3.2705999612808232 3.2123500108718877 1.4028499722480776 0.37500000000000006 1.0031250119209292
decision_type=2 2 2 2 2 2 2
left_child=1 2 -1 -3 5 -2 -6
right_child=4 3 -4 -5 6 -7 -8
leaf_value=0.00089912810695140901 -0.0031575151268654622 -0.0061077666948841421 0.010951208528898353 0.00076049928268376841 0.00018299373272206098 0.00045016204707838892 -0.0006934487088693373
leaf_weight=737 2048 311 302 1031 47566 4169 7766
leaf_count=737 2048 311 302 1031 47566 4169 7766
internal_value=2.47704e-05 0.00119886 0.00382091 -0.000831178 -2.06487e-05 -0.000738277 5.99826e-05
internal_weight=63930 2381 1039 1342 61549 6217 55332
internal_count=63930 2381 1039 1342 61549 6217 55332
is_linear=0
shrinkage=0.12


Tree=126
num_leaves=8
num_cat=0
split_feature=29 85 70 13 22 45 22
split_gain=0.183336 0.681564 1.21956 0.606127 0.213509 0.857181 0.363386
threshold=-61.708776473999016 0.37500000000000006 23.500000000000004 3.2123500108718877 0.9706999957561494 0.85937500000000011 1.0266000032424929
decision_type=2 2 2 2 2 2 2
left_child=1 2 -1 -3 5 -2 -6
right_child=4 3 -4 -5 6 -7 -8
leaf_value=0.0064649309630896486 -0.0015782079545749177 -0.0053748346676442092 -0.00208555073661369 0.0006692393724922627 0.0033170635145320796 0.0025150479571847857 1.8259774157494402e-05
leaf_weight=662 3833 311 377 1031 485 912 56319
leaf_count=662 3833 311 377 1031 485 912 56319
internal_value=2.1798e-05 0.001055 0.0033624 -0.000731437 -1.81709e-05 -0.000791475 4.64254e-05
internal_weight=63930 2381 1039 1342 61549 4745 56804
internal_count=63930 2381 1039 1342 61549 4745 56804
is_linear=0
shrinkage=0.12


Tree=127
num_leaves=8
num_cat=0
split_feature=72 85 2 49 47 33 66
split_gain=0.177987 0.762544 1.06169 0.240856 0.268606 0.212153 0.202536
threshold=29.393750190734867 0.37500000000000006 280.99000549316412 1.8281250000000002 0.095336597412824645 0.052379749715328223 11.619791507720949
decision_type=2 2 2 2 2 2 2
left_child=3 2 -2 5 -5 -1 -3
right_child=1 6 -4 4 -6 -7 -8
leaf_value=0.0018170220634030232 0.0034262535657152969 -0.0010867251616668685 -0.00046618479169436709 -0.0019771846729496126 -0.00020886095110513047 -1.1676960573374279e-05 0.0005774637987881481
leaf_weight=931 2298 3107 1799 1882 3609 48711 1593
leaf_count=931 2298 3107 1799 1882 3609 48711 1593
internal_value=1.91822e-05 0.00052044 0.00171708 -6.07982e-05 -0.000814941 2.2619e-05 -0.000522671
internal_weight=63930 8797 4097 55133 5491 49642 4700
internal_count=63930 8797 4097 55133 5491 49642 4700
is_linear=0
shrinkage=0.12


Tree=128
num_leaves=7
num_cat=0
split_feature=61 61 2 61 29 50
split_gain=0.173942 0.841602 0.466368 0.439324 0.297481 0.303579
threshold=5.2281248569488534 3.6281249523162846 238.93000030517581 2.4468749761581425 -70.521247863769517 -0.070071954280138002
decision_type=2 2 2 2 2 2
left_child=1 3 -3 -1 -2 -6
right_child=4 2 -4 -5 5 -7
leaf_value=-5.1000325291544446e-05 0.0039300316591027442 -0.0030985434840422521 -0.00065602265639365918 0.0012767941544772541 -0.0033173063918525325 0.00036782316479852685
leaf_weight=39683 330 1858 2856 3945 329 14929
leaf_count=39683 330 1858 2856 3945 329 14929
internal_value=1.68804e-05 -9.55192e-05 -0.00161873 6.90636e-05 0.000365457 0.000288363
internal_weight=63930 48342 4714 43628 15588 15258
internal_count=63930 48342 4714 43628 15588 15258
is_linear=0
shrinkage=0.12


Tree=129
num_leaves=8
num_cat=0
split_feature=53 12 85 70 65 69 62
split_gain=0.161493 0.627121 0.658088 0.219396 0.531317 0.380662 0.190032
threshold=2.5781250000000004 2.2015999555587773 0.62500000000000011 25.500000000000004 29.500000000000004 9.5000000000000018 1.0000000180025095e-35
decision_type=2 2 2 2 2 2 2
left_child=3 2 -2 4 -1 -5 -3
right_child=1 6 -4 5 -6 -7 -8
leaf_value=0.0014001988235498618 -0.0048695898705954548 -0.00019098235724923982 -0.0002643721614815429 -0.0011646831034371175 7.3291246502385276e-05 3.6074643911869029e-05 0.0017666983208686779
leaf_weight=5167 855 3767 936 4677 27330 20317 881
leaf_count=5167 855 3767 936 4677 27330 20317 881
internal_value=1.48547e-05 -0.000555043 -0.00246284 7.86833e-05 0.000284269 -0.000188617 0.000180084
internal_weight=63930 6439 1791 57491 32497 24994 4648
internal_count=63930 6439 1791 57491 32497 24994 4648
is_linear=0
shrinkage=0.12


Tree=130
num_leaves=7
num_cat=0
split_feature=28 63 47 28 63 61
split_gain=0.164945 0.50173 0.4838 0.211791 0.3517 0.19753
threshold=45.181859970092781 19999971.000000004 0.0493236891925335 48.870176315307624 1.7404547929763796 8.1906251907348651
decision_type=2 2 2 2 2 2
left_child=1 2 -1 4 -2 -5
right_child=3 -3 -4 5 -6 -7
leaf_value=-0.0035873227559931335 0.0026437595993381671 0.0033945246816640445 -0.00042095675930317188 -7.1453336562223602e-05 -0.0006639768015283149 0.0005713100431931678
leaf_weight=775 1145 446 6721 46021 777 8096
leaf_count=775 1145 446 6721 46021 777 8096
internal_value=-3.86522e-06 -0.000515672 -0.000748323 6.86694e-05 0.00130655 2.47052e-05
internal_weight=63981 7942 7496 56039 1922 54117
internal_count=63981 7942 7496 56039 1922 54117
is_linear=0
shrinkage=0.12


Tree=131
num_leaves=8
num_cat=0
split_feature=35 5 51 78 70 66 85
split_gain=0.157902 0.222179 0.41032 0.331621 0.0796929 0.0524279 0.0288893
threshold=269.44999694824224 0.93680000305175792 0.058094209060072906 1.0000000180025095e-35 24.500000000000004 10.214582920074465 1.0000000180025095e-35
decision_type=2 2 2 2 2 2 2
left_child=4 2 -2 -3 5 -1 -6
right_child=1 3 -4 -5 6 -7 -8
leaf_value=-0.0019281563512086369 -0.0012926881910723836 -0.00023643603885860725 0.00082461729724871537 0.00050899697213660413 0.00036607981245557499 -0.00069302287336036011 -0.00046946767838977843
leaf_weight=871 1527 36336 9630 11256 790 1146 2425
leaf_count=871 1527 36336 9630 11256 790 1146 2425
internal_value=-3.4014e-06 5.28564e-05 0.000534833 -6.01334e-05 -0.000635108 -0.00122639 -0.000264154
internal_weight=63981 58749 11157 47592 5232 2017 3215
internal_count=63981 58749 11157 47592 5232 2017 3215
is_linear=0
shrinkage=0.12


Tree=132
num_leaves=5
num_cat=0
split_feature=14 28 63 45
split_gain=0.158645 0.16792 0.400156 0.20211
threshold=8.7804002761840838 45.181859970092781 19999971.000000004 0.49687500298023229
decision_type=2 2 2 2
left_child=1 2 -1 -3
right_child=-2 3 -4 -5
leaf_value=-0.00074887098645884582 0.0021546094800160101 0.00089864443959323094 0.0029801188669472947 -8.2227673998372932e-06
leaf_weight=7392 487 3798 439 51865
leaf_count=7392 487 3798 439 51865
internal_value=-2.99323e-06 -1.95421e-05 -0.000539827 5.36546e-05
internal_weight=63981 63494 7831 55663
internal_count=63981 63494 7831 55663
is_linear=0
shrinkage=0.12


Tree=133
num_leaves=8
num_cat=0
split_feature=57 57 85 78 57 85 7
split_gain=0.138953 0.443101 0.919043 0.427142 0.294145 0.744264 0.389714
threshold=3.3531249761581425 7.2406251430511483 0.37500000000000006 1.0000000180025095e-35 2.5531250238418584 0.37500000000000006 9.3116502761840838
decision_type=2 2 2 2 2 2 2
left_child=4 3 -3 -2 6 -6 -1
right_child=1 2 -4 -5 5 -7 -8
leaf_value=0.00013049134058198806 -0.0011272006661810737 0.0016963302223708028 -0.00073736122322858402 0.00056202966468418629 -0.00076172005581009528 0.0027243523803141597 -0.0013444859033142141
leaf_weight=36617 9212 4136 4860 2814 1596 1971 2775
leaf_count=36617 9212 4136 4860 2814 1596 1971 2775
internal_value=-2.63404e-06 -0.000255436 0.000381552 -0.000731933 0.000121075 0.00116456 2.65854e-05
internal_weight=63981 21022 8996 12026 42959 3567 39392
internal_count=63981 21022 8996 12026 42959 3567 39392
is_linear=0
shrinkage=0.12


Tree=134
num_leaves=8
num_cat=0
split_feature=66 66 85 68 85 82 73
split_gain=0.133186 2.95531 2.31396 0.594534 1.88665 0.686926 0.45464
threshold=3.6437500715255742 3.9281250238418584 0.37500000000000006 1.0000000180025095e-35 0.37500000000000006 1.0000000180025095e-35 601.50274658203136
decision_type=2 2 2 2 2 2 2
left_child=3 2 -2 5 -5 -1 -3
right_child=1 6 -4 4 -6 -7 -8
leaf_value=0.00050026825407292839 -0.00063899071068664515 -0.0010196945469781579 0.011196493444225389 -0.0076387617826808472 0.00058968863026707919 -0.0027133487552857393 7.5322991785319637e-05
leaf_weight=6580 392 6171 605 634 1093 1121 47385
leaf_count=6580 392 6171 605 634 1093 1121 47385
internal_value=-2.31795e-06 6.96577e-05 0.00654302 -0.000418789 -0.00243106 3.24765e-05 -5.08506e-05
internal_weight=63981 54553 997 9428 1727 7701 53556
internal_count=63981 54553 997 9428 1727 7701 53556
is_linear=0
shrinkage=0.12


Tree=135
num_leaves=7
num_cat=0
split_feature=90 72 50 46 69 62
split_gain=0.152651 0.286816 0.171097 0.520489 0.453988 0.101797
threshold=1.0000000180025095e-35 2.8906250000000004 -0.034556899219751351 0.42972718179225927 30.500000000000004 -23.644174575805661
decision_type=2 2 2 2 2 2
left_child=2 -2 3 -1 -4 -3
right_child=1 5 4 -5 -6 -7
leaf_value=-0.0006439324929362213 -0.0035781714053399879 -0.0020233610680400345 2.7409424395106983e-05 0.0043425274036003464 0.0014702607858000888 -0.00015853375832963277
leaf_weight=8156 443 475 47410 313 3363 3744
leaf_count=8156 443 475 47410 313 3363 3744
internal_value=-1.2339e-05 -0.000673483 3.96892e-05 -0.000459641 0.000122978 -0.000368487
internal_weight=63904 4662 59242 8469 50773 4219
internal_count=63904 4662 59242 8469 50773 4219
is_linear=0
shrinkage=0.12


Tree=136
num_leaves=8
num_cat=0
split_feature=59 75 85 23 2 59 76
split_gain=0.163449 0.423528 0.364966 0.146676 0.346816 0.177411 0.129146
threshold=19999989.000000004 6.5000000000000009 0.37500000000000006 8.9389414787292498 201.51499938964847 0.29545408487319952 0.18105376511812213
decision_type=2 2 2 2 2 2 2
left_child=3 2 -2 5 -5 -1 -3
right_child=1 6 -4 4 -6 -7 -8
leaf_value=0.00014442220063489133 0.0046948345875635362 0.00041079969676865519 0.00049837806852547843 0.0026145841765291109 7.132453661933623e-05 -0.00028268174672160611 -0.0025110134698780925
leaf_weight=24575 572 461 624 974 3725 32560 413
leaf_count=24575 572 461 624 974 3725 32560 413
internal_value=-1.08583e-05 0.00103805 0.00250538 -4.59723e-05 0.000598487 -9.89751e-05 -0.000969874
internal_weight=63904 2070 1196 61834 4699 57135 874
internal_count=63904 2070 1196 61834 4699 57135 874
is_linear=0
shrinkage=0.12


Tree=137
num_leaves=8
num_cat=0
split_feature=63 34 85 63 69 0 34
split_gain=0.147824 0.366596 0.673833 0.327029 0.729945 0.252599 0.250316
threshold=5.0038926601409921 0.78014287352561962 0.37500000000000006 4.261676788330079 6.5000000000000009 24.711549758911136 0.74529999494552623
decision_type=2 2 2 2 2 2 2
left_child=3 6 -3 5 -5 -1 -2
right_child=1 2 -4 4 -6 -7 -8
leaf_value=-0.00049703180530334223 -0.00019244405464201132 0.0017391998369266127 -0.00013571081378858262 -0.0067517132859798677 -0.00052436721590322366 0.00012597552204534035 -0.0026637254659674153
leaf_weight=13300 5311 4967 6213 337 1385 31727 664
leaf_count=13300 5311 4967 6213 337 1385 31727 664
internal_value=-9.55532e-06 0.000291731 0.000697266 -0.000120115 -0.00174308 -5.80473e-05 -0.000467077
internal_weight=63904 17155 11180 46749 1722 45027 5975
internal_count=63904 17155 11180 46749 1722 45027 5975
is_linear=0
shrinkage=0.12


Tree=138
num_leaves=8
num_cat=0
split_feature=72 66 22 84 76 33 85
split_gain=0.146669 0.973736 0.778814 0.645401 0.60747 0.441844 0.302955
threshold=6.4281251430511483 7.9187500476837167 0.68064168095588695 1.0000000180025095e-35 0.81661266088485729 0.22311345487833026 0.62500000000000011
decision_type=2 2 2 2 2 2 2
left_child=2 3 6 -2 -3 -4 -1
right_child=1 4 5 -5 -6 -7 -8
leaf_value=0.0064357072898197764 0.00092796835048710661 -0.00010516499592094001 -0.0015781385346971986 0.0043066105345716072 0.0050712435917877859 -0.00012496453608841401 0.0013791743673862683
leaf_weight=309 2836 42293 3954 1142 329 12660 381
leaf_count=309 2836 42293 3954 1142 329 12660 381
internal_value=-8.40868e-06 0.000102373 -0.000306745 0.00189791 -6.52082e-05 -0.000470808 0.00364362
internal_weight=63904 46600 17304 3978 42622 16614 690
internal_count=63904 46600 17304 3978 42622 16614 690
is_linear=0
shrinkage=0.12


Tree=139
num_leaves=8
num_cat=0
split_feature=61 61 61 2 59 88 6
split_gain=0.145109 0.659601 0.691708 0.540031 0.337966 0.466906 0.293124
threshold=5.1468751430511483 3.6281249523162846 2.4468749761581425 237.09500122070315 3.7072024345397954 0.81158572435379039 8.7308497428894061
decision_type=2 2 2 2 2 2 2
left_child=1 2 -1 -3 6 -6 -2
right_child=4 3 -4 -5 5 -7 -8
leaf_value=-0.000119075312306464 -0.0005146765290575592 -0.0031473818182239295 0.0015542818156731779 -0.00043951525767239343 -0.00025865194837934797 0.0014881989655161419 0.0033114572295802258
leaf_weight=39731 6371 1747 3907 2699 3700 5447 302
leaf_count=39731 6371 1747 3907 2699 3700 5447 302
internal_value=-7.39964e-06 -0.000111121 3.07438e-05 -0.00150354 0.000307855 0.00078159 -0.000341517
internal_weight=63904 48084 43638 4446 15820 9147 6673
internal_count=63904 48084 43638 4446 15820 9147 6673
is_linear=0
shrinkage=0.12


Tree=140
num_leaves=8
num_cat=0
split_feature=60 85 33 84 85 69 69
split_gain=0.204917 0.998664 1.90216 0.495231 0.407745 1.90664 0.73176
threshold=1.0000000180025095e-35 0.37500000000000006 0.3208549171686173 10.000000000000002 0.62500000000000011 9.5000000000000018 12.500000000000002
decision_type=2 2 2 2 2 2 2
left_child=4 2 -2 -3 5 -1 -6
right_child=1 3 -4 -5 6 -7 -8
leaf_value=-0.002063312613242844 0.0036969698631906149 -0.0002590814143404222 -0.00017315652563552457 -0.003875336750843698 0.00079409383041562673 0.00028614356757509292 -0.00051798893023354507
leaf_weight=7556 3033 8880 4606 581 13360 14555 11296
leaf_count=7556 3033 8880 4606 581 13360 14555 11296
internal_value=-1.25972e-05 0.000342874 0.00136344 -0.000481156 -0.000142572 -0.000516737 0.000192971
internal_weight=63867 17100 7639 9461 46767 22111 24656
internal_count=63867 17100 7639 9461 46767 22111 24656
is_linear=0
shrinkage=0.12


Tree=141
num_leaves=6
num_cat=0
split_feature=58 60 85 15 2
split_gain=0.170813 0.192625 0.754887 0.332862 0.192259
threshold=7.7026257514953622 1.0000000180025095e-35 0.37500000000000006 1.6000775098800661 208.2600021362305
decision_type=2 2 2 2 2
left_child=1 3 -3 -1 -2
right_child=4 2 -4 -5 -6
leaf_value=-0.0017973165125509053 -0.0040279776790276261 0.001254464120826231 -0.00036289235191006838 -5.2407436436362718e-05 -0.00037241047909869739
leaf_weight=1632 317 7517 9293 44510 598
leaf_count=1632 317 7517 9293 44510 598
internal_value=-1.10855e-05 1.25742e-05 0.000360348 -0.000114123 -0.00163887
internal_weight=63867 62952 16810 46142 915
internal_count=63867 62952 16810 46142 915
is_linear=0
shrinkage=0.12


Tree=142
num_leaves=8
num_cat=0
split_feature=34 82 69 55 76 45 83
split_gain=0.157184 0.600502 0.776028 0.763232 0.249359 0.558835 0.347394
threshold=1.1628428101539614 1.0000000180025095e-35 6.5000000000000009 0.071933392435312285 0.95244187116622936 0.50937500596046459 0.62500000000000011
decision_type=2 2 2 2 2 2 2
left_child=4 2 -2 -3 6 -6 -1
right_child=1 3 -4 -5 5 -7 -8
leaf_value=-0.00031640274247140025 -0.0012172653810986875 -0.0019124995433738594 0.0011083026248808879 0.0035834622466022802 0.0027145234824078081 -0.0014709819078006674 0.00041668325637722251
leaf_weight=39398 4055 477 4213 1534 1288 714 12188
leaf_count=39398 4055 477 4213 1534 1288 714 12188
internal_value=-9.75524e-06 0.000420083 -3.22608e-05 0.00227985 -9.22049e-05 0.00122179 -0.0001432
internal_weight=63867 10279 8268 2011 53588 2002 51586
internal_count=63867 10279 8268 2011 53588 2002 51586
is_linear=0
shrinkage=0.12


Tree=143
num_leaves=5
num_cat=0
split_feature=47 5 58 60
split_gain=0.143729 0.465648 0.148218 0.145812
threshold=0.64250540733337413 1.9281000494956972 10.160957336425783 1.0000000180025095e-35
decision_type=2 2 2 2
left_child=2 -2 3 -1
right_child=1 -3 -4 -5
leaf_value=-0.00012238396481783283 -0.00096017294517289429 0.0051637707795566925 -0.0021764726913638724 0.00029184683969112995
leaf_weight=46007 417 313 459 16671
leaf_count=46007 417 313 459 16671
internal_value=-8.58461e-06 0.00166557 -2.79415e-05 -1.22075e-05
internal_weight=63867 730 63137 62678
internal_count=63867 730 63137 62678
is_linear=0
shrinkage=0.12


Tree=144
num_leaves=8
num_cat=0
split_feature=24 24 69 72 65 85 90
split_gain=0.128004 0.44521 0.39229 0.635424 0.429435 0.385958 0.243792
threshold=12.354086875915529 11.701877593994142 18.500000000000004 3.0406249761581425 23.500000000000004 0.37500000000000006 1.0000000180025095e-35
decision_type=2 2 2 2 2 2 2
left_child=1 6 4 -4 -2 -3 -1
right_child=2 5 3 -5 -6 -7 -8
leaf_value=7.8133736603065008e-05 -0.0016116561923349179 -0.0027692372552883854 0.0003015456481163668 0.0072100391304166529 0.00038908797572412339 -0.00030770857675048327 -0.0010288366250047157
leaf_weight=41563 1755 1602 522 303 12899 2146 3077
leaf_count=41563 1755 1602 522 303 12899 2146 3077
internal_value=-7.55446e-06 -0.00010364 0.000292812 0.00283885 0.000149474 -0.00135983 1.83114e-06
internal_weight=63867 48388 15479 825 14654 3748 44640
internal_count=63867 48388 15479 825 14654 3748 44640
is_linear=0
shrinkage=0.12


Tree=145
num_leaves=8
num_cat=0
split_feature=0 2 86 47 0 24 72
split_gain=0.182688 0.781971 1.03123 0.332085 0.283854 0.474423 0.277381
threshold=94.17255020141603 212.08000183105472 1.0000000180025095e-35 0.045506136491894729 76.639499664306655 3.9026489257812504 0.61875000596046459
decision_type=2 2 2 2 2 2 2
left_child=4 2 -2 -3 6 -6 -1
right_child=1 3 -4 -5 5 -7 -8
leaf_value=-0.003203578137308843 0.006214073892243442 -0.0031948676602428488 0.00012443705617380354 0.00015597492582589961 -0.005673377048678231 -0.00068104662735871807 2.8718060622484383e-05
leaf_weight=385 730 493 887 3129 300 3176 54747
leaf_count=385 730 493 887 3129 300 3176 54747
internal_value=5.24038e-07 0.000679447 0.00287362 -0.000300117 -6.01653e-05 -0.00111192 6.14616e-06
internal_weight=63847 5239 1617 3622 58608 3476 55132
internal_count=63847 5239 1617 3622 58608 3476 55132
is_linear=0
shrinkage=0.12


Tree=146
num_leaves=8
num_cat=0
split_feature=54 53 22 53 88 65 5
split_gain=0.161802 0.427979 0.720127 0.715915 0.313191 0.778714 0.417708
threshold=-0.074067249894142137 2.5656249523162846 2.2653999328613286 2.5406249761581425 1.0323714613914492 38.500000000000007 2.6976499557495122
decision_type=2 2 2 2 2 2 2
left_child=1 3 -3 -1 6 -6 -2
right_child=4 2 -4 -5 5 -7 -8
leaf_value=0.00040289031935792361 -0.00010572553717886286 -0.0023713878649077465 0.0021841981864357094 0.0060074032377868663 0.00043836291891892406 -0.0021607295174817971 0.0013923228607958024
leaf_weight=16186 35232 1869 682 335 3261 3381 2901
leaf_count=16186 35232 1869 682 335 3261 3381 2901
internal_value=4.61157e-07 0.000293161 -0.00115347 0.000516534 -0.000124215 -0.000884662 8.23975e-06
internal_weight=63847 19072 2551 16521 44775 6642 38133
internal_count=63847 19072 2551 16521 44775 6642 38133
is_linear=0
shrinkage=0.12


Tree=147
num_leaves=5
num_cat=0
split_feature=76 51 29 58
split_gain=0.148407 0.15102 0.367192 0.264421
threshold=0.98080673813819896 0.066209092736244216 7.2100963592529306 10.160957336425783
decision_type=2 2 2 2
left_child=1 2 -1 -3
right_child=-2 3 -4 -5
leaf_value=-0.0016398401563359666 0.0021294691394238424 0.00010606936683547842 -6.4201194093179047e-05 -0.0030715593906428884
leaf_weight=2640 468 49338 11021 380
leaf_count=2640 468 49338 11021 380
internal_value=4.05814e-07 -1.53155e-05 -0.000368695 8.17824e-05
internal_weight=63847 63379 13661 49718
internal_count=63847 63379 13661 49718
is_linear=0
shrinkage=0.12


Tree=148
num_leaves=7
num_cat=0
split_feature=54 0 47 45 2 78
split_gain=0.144155 0.395296 0.695849 0.667545 0.352271 0.251383
threshold=-0.061589958146214478 30.579999923706058 0.34401686489582067 0.96562498807907116 144.85500335693362 1.0000000180025095e-35
decision_type=2 2 2 2 2 2
left_child=1 2 -1 -3 -2 -6
right_child=4 3 -4 -5 5 -7
leaf_value=-0.00064428836421128149 -0.004167161177089377 0.0010648215041115675 0.0038871438757018596 -0.0015359503291533525 -0.00025545204669723216 0.00042683284611018445
leaf_weight=7926 308 10324 520 1648 32942 10179
leaf_count=7926 308 10324 520 1648 32942 10179
internal_value=3.57118e-07 0.000263329 -0.000365299 0.000706813 -0.000123278 -9.43941e-05
internal_weight=63847 20418 8446 11972 43429 43121
internal_count=63847 20418 8446 11972 43429 43121
is_linear=0
shrinkage=0.12


Tree=149
num_leaves=8
num_cat=0
split_feature=49 34 54 12 55 54 53
split_gain=0.130017 0.255839 0.565421 0.322158 0.222269 0.614484 0.247221
threshold=1.8593750000000002 1.0394142866134646 -0.086035229265689836 2.5571500062942509 0.25745137035846716 -0.089173547923564897 2.5718749761581425
decision_type=2 2 2 2 2 2 2
left_child=4 3 -3 -2 6 -6 -1
right_child=1 2 -4 -5 5 -7 -8
leaf_value=3.4675268464021625e-05 0.0020934497825364274 -0.00067909424035752434 -0.0062783254496045519 -0.0006124061502365037 0.0028115796939179221 0.00015063133532565478 -0.00093092858198630531
leaf_weight=45603 807 1233 329 2949 1510 7249 4167
leaf_count=45603 807 1233 329 2949 1510 7249 4167
internal_value=3.14263e-07 -0.000567782 -0.00185845 -3.10361e-05 5.1932e-05 0.000609363 -4.617e-05
internal_weight=63847 5318 1562 3756 58529 8759 49770
internal_count=63847 5318 1562 3756 58529 8759 49770
is_linear=0
shrinkage=0.12


Tree=150
num_leaves=7
num_cat=0
split_feature=62 22 73 66 69 69
split_gain=0.157437 0.322355 0.129368 1.23127 0.623805 0.116848
threshold=-72.404052734374986 1.8156083226203921 662.97463989257824 7.9187500476837167 2.5000000000000004 11.500000000000002
decision_type=2 2 2 2 2 2
left_child=1 -1 4 -4 -2 -3
right_child=2 5 3 -5 -6 -7
leaf_value=0.0044413588541624511 0.0039677527866452227 -0.0017108828039130283 0.0023809680329087268 -5.9292228472119764e-05 -0.0003815502285638808 0.0012491051565214036
leaf_weight=353 488 315 3207 41594 17645 492
leaf_count=353 488 315 3207 41594 17645 492
internal_value=3.14664e-05 0.00141675 5.93277e-06 0.000115389 -0.000264501 9.37195e-05
internal_weight=64094 1160 62934 44801 18133 807
internal_count=64094 1160 62934 44801 18133 807
is_linear=0
shrinkage=0.12


Tree=151
num_leaves=7
num_cat=0
split_feature=75 82 61 61 63 0
split_gain=0.184028 0.498042 0.49112 0.48664 0.191572 0.176959
threshold=5.5000000000000009 1.0000000180025095e-35 3.7031250000000004 8.9843750000000018 19999989.000000004 30.794599533081058
decision_type=2 2 2 2 2 2
left_child=4 3 -3 -2 5 -1
right_child=1 2 -4 -5 -6 -7
leaf_value=-0.00035267446034799126 -0.00036390703778940069 0.0035649929969050398 0.00038222322455271388 0.0021697290056059918 0.0025623184445210043 9.6542332336302397e-05
leaf_weight=21354 7352 1297 1512 1282 396 30901
leaf_count=21354 7352 1297 1512 1282 396 30901
internal_value=2.76904e-05 0.000463853 0.0018518 1.22942e-05 -6.71037e-05 -8.70301e-05
internal_weight=64094 11443 2809 8634 52651 52255
internal_count=64094 11443 2809 8634 52651 52255
is_linear=0
shrinkage=0.12


Tree=152
num_leaves=8
num_cat=0
split_feature=75 85 69 59 19 84 28
split_gain=0.142511 0.3986 0.862795 0.223778 0.162673 0.341486 0.20506
threshold=5.5000000000000009 1.0000000180025095e-35 9.5000000000000018 6.6878423690795907 0.21979166567325595 1.0000000180025095e-35 27.969722747802738
decision_type=2 2 2 2 2 2 2
left_child=4 2 -2 -3 5 -1 -6
right_child=1 3 -4 -5 6 -7 -8
leaf_value=-5.1908547029455064e-05 -0.0035597739386406036 0.001222923232120242 0.00081296329936151126 -8.5409748320870596e-05 -0.0029838241900801239 0.0022633039313648428 -0.0001011421746155279
leaf_weight=3061 1048 5926 1710 2759 358 1310 47922
leaf_count=3061 1048 5926 1710 2759 358 1310 47922
internal_value=2.43675e-05 0.00040819 -0.000848613 0.0008073 -5.90513e-05 0.000641967 -0.000122517
internal_weight=64094 11443 2758 8685 52651 4371 48280
internal_count=64094 11443 2758 8685 52651 4371 48280
is_linear=0
shrinkage=0.12


Tree=153
num_leaves=8
num_cat=0
split_feature=6 85 2 82 6 85 85
split_gain=0.135719 0.930461 1.39784 0.541987 0.259858 0.242423 0.164908
threshold=7.9960501194000253 0.37500000000000006 230.69999694824222 1.0000000180025095e-35 7.6559000015258798 0.37500000000000006 0.62500000000000011
decision_type=2 2 2 2 2 2 2
left_child=4 2 -2 -3 6 -6 -1
right_child=1 3 -4 -5 5 -7 -8
leaf_value=-0.00019909996218223222 0.005509539912905502 -0.0025773892710323648 -0.00095923840944077995 0.00097629718562449916 0.00015204972663062502 -0.0029198430955882509 0.00020560191009399013
leaf_weight=27512 1079 1294 868 1183 655 850 30653
leaf_count=27512 1079 1294 868 1183 655 850 30653
internal_value=2.14434e-05 0.000662747 0.00262567 -0.00088017 -2.61035e-05 -0.00158291 1.41782e-05
internal_weight=64094 4424 1947 2477 59670 1505 58165
internal_count=64094 4424 1947 2477 59670 1505 58165
is_linear=0
shrinkage=0.12


Tree=154
num_leaves=6
num_cat=0
split_feature=58 2 9 69 66
split_gain=0.128545 0.304736 0.137953 0.416858 0.37391
threshold=6.1042473316192636 231.78499603271487 1.0000000180025095e-35 5.5000000000000009 4.0468750000000009
decision_type=2 2 2 2 2
left_child=2 -2 3 -1 -4
right_child=1 -3 4 -5 -6
leaf_value=-0.0011409285056945037 -0.0035521441452499285 0.00052229351117743465 0.0018285445641295359 6.6898686020080744e-05 5.4209525552164514e-05
leaf_weight=4494 475 596 2210 48756 7563
leaf_count=4494 475 596 2210 48756 7563
internal_value=1.88702e-05 -0.00128476 4.10239e-05 -3.50351e-05 0.000455446
internal_weight=64094 1071 63023 53250 9773
internal_count=64094 1071 63023 53250 9773
is_linear=0
shrinkage=0.12


Tree=155
num_leaves=5
num_cat=0
split_feature=7 73 73 69
split_gain=0.158113 0.145367 1.71933 0.46531
threshold=11.06559991836548 359.30335998535162 391.26876831054693 12.500000000000002
decision_type=2 2 2 2
left_child=1 3 -3 -1
right_child=-2 2 -4 -5
leaf_value=-0.0021931292686521503 -0.0021520107142117043 0.0049676567482027549 1.2860623098906707e-05 -1.5212742047784747e-06
leaf_weight=1713 481 1028 53132 7515
leaf_count=1713 481 1028 53132 7515
internal_value=1.54485e-05 3.18956e-05 0.000106907 -0.000408351
internal_weight=63869 63388 54160 9228
internal_count=63869 63388 54160 9228
is_linear=0
shrinkage=0.12


Tree=156
num_leaves=5
num_cat=0
split_feature=14 6 85 6
split_gain=0.155275 0.157978 0.713418 0.173957
threshold=-2.0436000823974605 8.0503997802734393 0.37500000000000006 7.5614500045776376
decision_type=2 2 2 2
left_child=-1 3 -3 -2
right_child=1 2 -4 -5
leaf_value=-0.0020864648200552092 2.2080044088258698e-05 0.002610990341697028 -0.00069166045364633141 -0.0010756301264234591
leaf_weight=503 57396 1698 2115 2157
leaf_count=503 57396 1698 2115 2157
internal_value=1.35947e-05 3.0265e-05 0.000779072 -1.76788e-05
internal_weight=63869 63366 3813 59553
internal_count=63869 63366 3813 59553
is_linear=0
shrinkage=0.12


Tree=157
num_leaves=8
num_cat=0
split_feature=63 70 85 41 75 14 85
split_gain=0.141362 0.240151 0.47151 0.136839 0.215879 0.135224 0.0392718
threshold=19999989.000000004 22.500000000000004 0.37500000000000006 0.027162255719304088 1.5000000000000002 -2.0436000823974605 0.37500000000000006
decision_type=2 2 2 2 2 2 2
left_child=3 2 -2 4 -1 -5 -3
right_child=1 6 -4 5 -6 -7 -8
leaf_value=-0.00036612444513049074 0.0062067657034206624 -0.0011423621444884057 -0.00020409918611909709 -0.0020095386808079083 0.0037959109984955792 -1.8159513026174999e-05 0.00058542770346556663
leaf_weight=374 317 372 345 495 345 61235 386
leaf_count=374 317 372 345 495 345 61235 386
internal_value=1.19633e-05 0.00119588 0.00286576 -1.49572e-05 0.00163096 -3.4128e-05 -0.000262511
internal_weight=63869 1420 662 62449 719 61730 758
internal_count=63869 1420 662 62449 719 61730 758
is_linear=0
shrinkage=0.12


Tree=158
num_leaves=7
num_cat=0
split_feature=49 66 76 65 72 68
split_gain=0.141757 0.273044 0.366542 0.193109 0.675145 0.384796
threshold=1.7531250119209292 3.9281250238418584 0.56960445642471325 12.500000000000002 4.0906250476837167 1.0000000180025095e-35
decision_type=2 2 2 2 2 2
left_child=3 -2 -3 5 -5 -1
right_child=1 2 -4 4 -6 -7
leaf_value=-0.00012027159618277565 0.0022676154737792053 -6.179134892779503e-06 -0.0015973809523350941 0.0025368265787192625 9.2265112299724151e-05 -0.0024938093454290426
leaf_weight=7128 518 5943 3211 1689 44239 1141
leaf_count=7128 518 5943 3211 1689 44239 1141
internal_value=1.05277e-05 -0.000412664 -0.000564334 8.60506e-05 0.000182164 -0.000447785
internal_weight=63869 9672 9154 54197 45928 8269
internal_count=63869 9672 9154 54197 45928 8269
is_linear=0
shrinkage=0.12


Tree=159
num_leaves=7
num_cat=0
split_feature=9 5 85 51 49 0
split_gain=0.124074 0.406475 1.52689 0.301004 0.237697 0.225392
threshold=1.0000000180025095e-35 2.7661999464035039 1.0000000180025095e-35 0.20826278626918796 2.0718749761581425 76.639499664306655
decision_type=2 2 2 2 2 2
left_child=1 3 -3 -1 5 -2
right_child=4 2 -4 -5 -6 -7
leaf_value=-0.00010583738117780512 0.00054392821632883641 -0.0041944331828402135 7.5194660388555999e-05 0.00061184763189675486 0.0037237264139810579 -0.0010422634497235616
leaf_weight=36233 8195 1583 5066 10961 300 1531
leaf_count=36233 8195 1583 5066 10961 300 1531
internal_value=9.26441e-06 -6.29087e-05 -0.000941322 6.08479e-05 0.000396859 0.000294241
internal_weight=63869 53843 6649 47194 10026 9726
internal_count=63869 53843 6649 47194 10026 9726
is_linear=0
shrinkage=0.12


Tree=160
num_leaves=6
num_cat=0
split_feature=55 29 1 29 1
split_gain=0.160936 0.273065 0.154899 0.385352 0.158783
threshold=0.59624025225639354 90.710502624511733 21.4963493347168 14.96274518966675 2.279000043869019
decision_type=2 2 2 2 2
left_child=2 -2 4 -4 -1
right_child=1 -3 3 -5 -6
leaf_value=-0.0010737451919515621 0.0035370307709544357 -0.00067230601472210647 -0.0049240952084843928 -5.8680673660162295e-05 1.6398765935553881e-05
leaf_weight=1988 477 415 325 841 59742
leaf_count=1988 477 415 325 841 59742
internal_value=-2.18918e-05 0.00157865 -4.45909e-05 -0.00141482 -1.87091e-05
internal_weight=63788 892 62896 1166 61730
internal_count=63788 892 62896 1166 61730
is_linear=0
shrinkage=0.12


Tree=161
num_leaves=8
num_cat=0
split_feature=55 15 13 54 51 50 1
split_gain=0.135203 0.504413 0.403665 0.372747 0.162885 0.457906 0.133934
threshold=0.43574912846088415 9.4836773872375506 8.4593000411987322 0.048205539584159858 0.64799776673316967 0.21881029754877093 2.279000043869019
decision_type=2 2 2 2 2 2 2
left_child=4 3 -3 -2 6 -6 -1
right_child=1 2 -4 -5 5 -7 -8
leaf_value=-0.0010180168171229462 0.0039980233314743652 -0.0040517677826560627 0.0011572432637303621 0.00027973168606463096 -0.0050340913173822733 0.0012355469616512002 -1.067168458304378e-06
leaf_weight=1926 782 433 424 771 337 334 58781
leaf_count=1926 782 433 424 771 337 334 58781
internal_value=-1.92648e-05 0.0008624 -0.00147461 0.00215205 -5.38832e-05 -0.00191329 -3.33311e-05
internal_weight=63788 2410 857 1553 61378 671 60707
internal_count=63788 2410 857 1553 61378 671 60707
is_linear=0
shrinkage=0.12


Tree=162
num_leaves=7
num_cat=0
split_feature=29 69 86 86 23 81
split_gain=0.1353 0.169882 0.886427 0.63362 0.0895781 0.0672796
threshold=201.6249923706055 12.500000000000002 1.0000000180025095e-35 1.0000000180025095e-35 2.2603125572204594 1.0000000180025095e-35
decision_type=2 2 2 2 2 2
left_child=1 3 -3 -1 -2 -6
right_child=4 2 -4 -5 5 -7
leaf_value=-0.00074953830592737046 -0.0023971878461727576 0.0010736914695420572 -0.0003818329440510329 0.00030991711062831824 -0.00031155739267004542 -0.0017575059699059445
leaf_weight=14030 357 11070 13221 19326 5276 508
leaf_count=14030 357 11070 13221 19326 5276 508
internal_value=-1.6953e-05 4.00886e-05 0.000281485 -0.000135705 -0.000552416 -0.000438553
internal_weight=63788 57647 24291 33356 6141 5784
internal_count=63788 57647 24291 33356 6141 5784
is_linear=0
shrinkage=0.12


Tree=163
num_leaves=8
num_cat=0
split_feature=70 33 85 65 29 73 45
split_gain=0.120381 0.637184 0.698604 0.498487 0.967518 0.477774 0.306526
threshold=32.500000000000007 0.22897954285144809 1.0000000180025095e-35 29.500000000000004 -4.4509139060974112 884.58090209960949 0.30312500894069677
decision_type=2 2 2 2 2 2 2
left_child=3 2 -2 4 -1 -5 -3
right_child=1 6 -4 5 -6 -7 -8
leaf_value=0.0048183906985948951 -0.0042551590824956827 0.0017591734216827939 -0.00069522106411512281 -0.0016513730597150103 0.00047533013125589389 4.1686189254313711e-05 -6.9125172393782395e-05
leaf_weight=868 1033 1505 3428 2559 4956 38668 10771
leaf_count=868 1033 1505 3428 2559 4956 38668 10771
internal_value=-1.49187e-05 -0.000291318 -0.00151957 8.34022e-05 0.00112261 -6.34036e-05 0.000155019
internal_weight=63788 16737 4461 47051 5824 41227 12276
internal_count=63788 16737 4461 47051 5824 41227 12276
is_linear=0
shrinkage=0.12


Tree=164
num_leaves=8
num_cat=0
split_feature=2 22 23 66 65 55 85
split_gain=0.115325 0.134695 0.334544 0.242218 0.0854629 0.0381389 0.0242013
threshold=405.12500000000006 3.4392501115798955 2.4706500768661503 11.510937213897707 40.500000000000007 0.098259355872869505 0.37500000000000006
decision_type=2 2 2 2 2 2 2
left_child=1 3 -3 -1 6 -6 -2
right_child=4 2 -4 -5 5 -7 -8
leaf_value=0.00011620089786756065 -0.0010566122320166953 -0.0021391120339525086 0.00061966281735148737 -0.00045255518689118151 0.0004739597335078445 -0.00066237983697721241 -0.0023177680572076162
leaf_weight=35574 406 680 9152 15472 607 1421 476
leaf_count=35574 406 680 9152 15472 607 1421 476
internal_value=-1.31284e-05 2.21485e-05 0.000428861 -5.61886e-05 -0.000751131 -0.000322262 -0.00173724
internal_weight=63788 60878 9832 51046 2910 2028 882
internal_count=63788 60878 9832 51046 2910 2028 882
is_linear=0
shrinkage=0.12


Tree=165
num_leaves=4
num_cat=0
split_feature=6 2 59
split_gain=0.193065 0.155585 0.147618
threshold=0.2144500017166138 105.59999847412111 -6.2650797367095938
decision_type=2 2 2
left_child=-1 -2 -3
right_child=1 2 -4
leaf_value=0.0024374579178218451 0.0021466545179949629 -0.0015676227432367584 5.3020407979136704e-05
leaf_weight=491 505 820 62223
leaf_count=491 505 820 62223
internal_value=6.70606e-05 4.87458e-05 3.19407e-05
internal_weight=64039 63548 63043
internal_count=64039 63548 63043
is_linear=0
shrinkage=0.12


Tree=166
num_leaves=4
num_cat=0
split_feature=6 2 62
split_gain=0.14951 0.120485 0.124999
threshold=0.2144500017166138 105.59999847412111 11.989572525024416
decision_type=2 2 2
left_child=-1 -2 -3
right_child=1 2 -4
leaf_value=0.0021449629007281486 0.001889056002306821 4.0823438707071259e-05 -0.0022172901953880441
leaf_weight=491 505 62688 355
leaf_count=491 505 62688 355
internal_value=5.90133e-05 4.28963e-05 2.81078e-05
internal_weight=64039 63548 63043
internal_count=64039 63548 63043
is_linear=0
shrinkage=0.12


Tree=167
num_leaves=8
num_cat=0
split_feature=61 61 29 62 61 59 7
split_gain=0.118502 0.628582 0.434423 0.322517 0.299185 0.275404 0.266188
threshold=3.5468750000000004 5.1468751430511483 100.66779708862306 0.81582361459732067 2.8906250000000004 -0.82434570789337147 2.8528999090194707
decision_type=2 2 2 2 2 2 2
left_child=3 2 -2 4 -1 -3 -5
right_child=1 5 -4 6 -6 -7 -8
leaf_value=2.6703461828101357e-05 -0.0024470982488621574 -0.0032499259961980649 -0.00015805956785823263 0.0043258747993175596 0.0015743127057444586 0.00025349568738290506 0.00091188892362650017
leaf_weight=39770 2579 330 2223 435 1884 15470 1348
leaf_count=39770 2579 330 2223 435 1884 15470 1348
internal_value=5.19317e-05 -0.000185095 -0.00138743 0.000164353 9.67014e-05 0.000180323 0.0017448
internal_weight=64039 20602 4802 43437 41654 15800 1783
internal_count=64039 20602 4802 43437 41654 15800 1783
is_linear=0
shrinkage=0.12


Tree=168
num_leaves=4
num_cat=0
split_feature=2 88 90
split_gain=0.118618 0.11824 0.116082
threshold=105.59999847412111 1.3353571295738222 1.0000000180025095e-35
decision_type=2 2 2
left_child=-1 2 -2
right_child=1 -3 -4
leaf_value=0.0018631023846223556 9.083742144579364e-05 -0.0018838137141560202 -0.0005334971305368582
leaf_weight=513 58437 461 4628
leaf_count=513 58437 461 4628
internal_value=4.56999e-05 3.10236e-05 4.50209e-05
internal_weight=64039 63526 63065
internal_count=64039 63526 63065
is_linear=0
shrinkage=0.12


Tree=169
num_leaves=7
num_cat=0
split_feature=49 66 3 61 61 61
split_gain=0.106752 0.365672 0.326248 0.170002 0.493234 0.451903
threshold=1.7531250119209292 3.9281250238418584 0.44922000169754034 3.3406250476837163 5.1468751430511483 2.8906250000000004
decision_type=2 2 2 2 2 2
left_child=3 -2 -3 5 -5 -1
right_child=1 2 -4 4 -6 -7
leaf_value=0.00017479509899188619 0.0027251629181123819 -0.0015224994310695209 2.9285067329943333e-08 -0.0012510758629245917 0.00016997566502631133 0.0024234718340890925
leaf_weight=34362 534 3034 6104 4701 13967 1337
leaf_count=34362 534 3034 6104 4701 13967 1337
internal_value=4.02159e-05 -0.000327114 -0.000505481 0.000105565 -0.000187875 0.000259013
internal_weight=64039 9672 9138 54367 18668 35699
internal_count=64039 9672 9138 54367 18668 35699
is_linear=0
shrinkage=0.12


Tree=170
num_leaves=8
num_cat=0
split_feature=70 29 5 50 65 45 29
split_gain=0.17071 0.644776 0.701559 0.358592 0.825063 0.229982 0.222714
threshold=32.500000000000007 12.610716819763185 3.5152999162673955 0.063775006681680693 44.500000000000007 0.49687500298023229 -5.9808595180511466
decision_type=2 2 2 2 2 2 2
left_child=3 2 -2 4 -1 -3 -5
right_child=1 5 -4 6 -6 -7 -8
leaf_value=0.001151031698752926 -0.0020400034979583927 0.0010134026521188958 0.0035337516998524888 0.0024479279040175821 -0.0023288997489738024 -0.00018452029912628865 -8.6780485562253239e-05
leaf_weight=8749 3995 3067 354 506 1105 9323 37020
leaf_count=8749 3995 3067 354 506 1105 9323 37020
internal_value=1.86175e-07 -0.000329234 -0.00158631 0.000116568 0.000760802 0.000112012 -5.26025e-05
internal_weight=64119 16739 4349 47380 9854 12390 37526
internal_count=64119 16739 4349 47380 9854 12390 37526
is_linear=0
shrinkage=0.12


Tree=171
num_leaves=7
num_cat=0
split_feature=24 46 47 13 3 47
split_gain=0.154461 0.337763 0.226372 0.211499 0.300527 0.148091
threshold=14.235174655914308 0.19542244821786883 0.081759981811046614 9.4242496490478533 0.6030699908733369 0.64250540733337413
decision_type=2 2 2 2 2 2
left_child=3 -2 -3 5 -5 -1
right_child=1 2 -4 4 -6 -7
leaf_value=-8.8372809378816451e-06 -0.0045234702036327764 0.0019525662074776776 -0.0011249288516056079 0.0042317116891860008 -0.00069622731350776543 0.0017719705716479116
leaf_weight=60541 331 458 1385 407 317 680
leaf_count=60541 331 458 1385 407 317 680
internal_value=1.63836e-07 -0.000994029 -0.000360147 3.50557e-05 0.00207404 1.09427e-05
internal_weight=64119 2174 1843 61945 724 61221
internal_count=64119 2174 1843 61945 724 61221
is_linear=0
shrinkage=0.12


Tree=172
num_leaves=8
num_cat=0
split_feature=71 72 2 72 22 89 85
split_gain=0.143903 1.03572 0.775442 0.408641 0.347228 0.41463 0.331566
threshold=25.500000000000004 7.7562499046325692 268.52499389648443 9.6156249046325701 0.68064168095588695 1.0000000180025095e-35 0.62500000000000011
decision_type=2 2 2 2 2 2 2
left_child=4 2 -2 -3 6 -6 -1
right_child=1 3 -4 -5 5 -7 -8
leaf_value=0.0051315410805871835 0.0040361398177341037 -0.0010758335999156957 -0.00019785361257432604 0.00010268554834536011 -0.00086742672110521647 0.0003204604206347858 -6.6071689687428002e-05
leaf_weight=326 1633 4762 1007 38410 10514 7081 386
leaf_count=326 1633 4762 1007 38410 10514 7081 386
internal_value=1.44177e-07 0.000113787 0.00242113 -2.73086e-05 -0.000284239 -0.000389369 0.00231373
internal_weight=64119 45812 2640 43172 18307 17595 712
internal_count=64119 45812 2640 43172 18307 17595 712
is_linear=0
shrinkage=0.12


Tree=173
num_leaves=7
num_cat=0
split_feature=19 54 41 53 55 53
split_gain=0.130426 0.205824 0.203666 0.137214 0.323635 0.23102
threshold=0.48437500000000006 -0.11736771091818808 0.16153990477323535 2.5656249523162846 0.40634462237358099 2.5406249761581425
decision_type=2 2 2 2 2 2
left_child=3 -2 -3 5 -5 -1
right_child=1 2 -4 4 -6 -7
leaf_value=1.5028685071687652e-06 0.0035338496924916707 0.0017068187742872126 -0.001517119252614044 -0.00074423236084893455 0.0026861724263552013 0.0017786736095442199
leaf_weight=54665 376 646 501 6435 422 1074
leaf_count=54665 376 646 501 6435 422 1074
internal_value=1.26873e-07 0.00109734 0.00029863 -2.65691e-05 -0.000533115 3.57461e-05
internal_weight=64119 1523 1147 62596 6857 55739
internal_count=64119 1523 1147 62596 6857 55739
is_linear=0
shrinkage=0.12


Tree=174
num_leaves=8
num_cat=0
split_feature=24 22 46 55 23 29 28
split_gain=0.118688 0.29302 0.374368 0.360929 0.284135 0.465747 0.137494
threshold=14.235174655914308 3.9555083513259892 0.24390132725238803 0.15007932484149936 9.1559252738952654 72.671558380126967 72.229507446289077
decision_type=2 2 2 2 2 2 2
left_child=4 2 -2 -3 6 -6 -1
right_child=1 3 -4 -5 5 -7 -8
leaf_value=-0.00018648189022643468 -0.0056523224642506045 -0.0014054677384881399 -0.0008323165161229412 0.0031232306115024796 0.0059576003306896471 -0.00027801926257892254 0.00017363472495514085
leaf_weight=28988 323 572 824 455 305 397 32255
leaf_count=28988 323 572 824 455 305 397 32255
internal_value=1.1165e-07 -0.000871383 -0.00218965 0.000600918 3.06973e-05 0.00243119 3.1816e-06
internal_weight=64119 2174 1147 1027 61945 702 61243
internal_count=64119 2174 1147 1027 61945 702 61243
is_linear=0
shrinkage=0.12


Tree=175
num_leaves=6
num_cat=0
split_feature=49 5 22 22 34
split_gain=0.144337 0.453775 0.510216 0.216352 0.220606
threshold=1.3968749642372134 3.8695499897003178 0.91833332180976879 0.20306666940450671 1.1262999773025515
decision_type=2 2 2 2 2
left_child=1 2 -1 -2 -5
right_child=3 -3 -4 4 -6
leaf_value=-0.0024599378475008682 -0.0026123474755124177 0.0033181968767349106 -0.00022141024719696281 -3.0171777231223371e-05 0.00070450161619103663
leaf_weight=1568 426 491 22582 31576 7234
leaf_count=1568 426 491 22582 31576 7234
internal_value=-6.57049e-05 -0.000293326 -0.000366752 7.72454e-05 0.000106768
internal_weight=63877 24641 24150 39236 38810
internal_count=63877 24641 24150 39236 38810
is_linear=0
shrinkage=0.12


Tree=176
num_leaves=7
num_cat=0
split_feature=1 50 49 5 51 47
split_gain=0.127011 0.178765 0.120355 0.351478 0.202251 0.0796017
threshold=21.4963493347168 0.15540828555822375 1.3968749642372134 3.8695499897003178 0.59867665171623241 0.099129147827625289
decision_type=2 2 2 2 2 2
left_child=2 -2 3 -1 -4 -3
right_child=1 5 4 -5 -6 -7
leaf_value=-0.00031000154395627533 -0.0033549512477906033 0.0012828539491783885 0.00013161337148801175 0.0029369785596488271 -0.0021186811080575628 -0.0011721471447203016
leaf_weight=23680 399 304 37912 490 584 508
leaf_count=23680 399 304 37912 490 584 508
internal_value=-5.78203e-05 -0.00127505 -3.42977e-05 -0.000244175 9.74755e-05 -0.000253033
internal_weight=63877 1211 62666 24170 38496 812
internal_count=63877 1211 62666 24170 38496 812
is_linear=0
shrinkage=0.12


Tree=177
num_leaves=7
num_cat=0
split_feature=51 75 22 1 19 75
split_gain=0.120216 0.406881 0.314372 0.125226 0.157222 0.13539
threshold=0.22116010636091235 12.500000000000002 1.9510666728019717 6.4006500244140634 0.45312500000000006 11.500000000000002
decision_type=2 2 2 2 2 2
left_child=3 2 -2 4 -1 -5
right_child=1 -3 -4 5 -6 -7
leaf_value=-0.00067831039851740528 -0.00068195832023905812 0.0041593203911550981 0.00056765441978918053 -3.3023241554851362e-06 0.0016771421684128188 -0.0010198796812176374
leaf_weight=7999 4325 376 8793 39974 430 1980
leaf_count=7999 4325 376 8793 39974 430 1980
internal_value=-5.08819e-05 0.000267217 0.000155658 -0.000136078 -0.000558149 -5.12792e-05
internal_weight=63877 13494 13118 50383 8429 41954
internal_count=63877 13494 13118 50383 8429 41954
is_linear=0
shrinkage=0.12


Tree=178
num_leaves=8
num_cat=0
split_feature=9 69 85 34 66 66 22
split_gain=0.118856 0.294686 1.31969 0.294149 0.225241 0.807615 0.308424
threshold=1.0000000180025095e-35 6.5000000000000009 1.0000000180025095e-35 1.2391285896301272 4.0468750000000009 3.6437500715255742 0.53448331356048595
decision_type=2 2 2 2 2 2 2
left_child=1 2 -1 -3 5 -2 -6
right_child=4 3 -4 -5 6 -7 -8
leaf_value=-0.0038738478224473586 0.00039335875290150867 -7.8856076454877279e-05 8.4329091185093302e-05 0.0012865967900492056 -0.0018404320521557774 0.0065676987786559195 0.00033652562865557216
leaf_weight=1594 1884 44867 5074 2393 1092 364 6609
leaf_count=1594 1884 44867 5074 2393 1092 364 6609
internal_value=-4.47761e-05 -0.000115084 -0.000861882 -9.71666e-06 0.000336323 0.00139312 2.78335e-05
internal_weight=63877 53928 6668 47260 9949 2248 7701
internal_count=63877 53928 6668 47260 9949 2248 7701
is_linear=0
shrinkage=0.12


Tree=179
num_leaves=8
num_cat=0
split_feature=65 65 22 66 66 66 84
split_gain=0.110512 0.727105 0.616038 0.356222 0.324025 1.24013 0.871651
threshold=25.500000000000004 29.500000000000004 2.654008269309998 9.3390622138977069 4.1687500476837167 3.7156250476837163 1.0000000180025095e-35
decision_type=2 2 2 2 2 2 2
left_child=4 2 -2 -3 5 -1 -6
right_child=1 3 -4 -5 6 -7 -8
leaf_value=-0.00032091991486715699 0.0039203226966403968 -0.0010976625475489327 0.00034052393689754351 5.3941861763568129e-05 -5.8787938117208934e-05 0.0037693628223392805 -0.0028966557678592126
leaf_weight=9659 1247 4301 1556 38412 5293 1200 2209
leaf_count=9659 1247 4301 1556 38412 5293 1200 2209
internal_value=-3.94029e-05 6.0846e-05 0.00193311 -6.20193e-05 -0.000287915 0.000131087 -0.000894412
internal_weight=63877 45516 2803 42713 18361 10859 7502
internal_count=63877 45516 2803 42713 18361 10859 7502
is_linear=0
shrinkage=0.12


Tree=180
num_leaves=5
num_cat=0
split_feature=30 49 34 66
split_gain=0.136622 0.130789 0.28791 0.155952
threshold=6.5000000000000009 1.8781250119209292 1.0394142866134646 11.230208396911623
decision_type=2 2 2 2
left_child=1 3 -3 -1
right_child=-2 2 -4 -5
leaf_value=0.00019112070393039715 0.0022748937094890466 -1.4784415496943877e-05 -0.0021355142151402557 -0.00021002652659186691
leaf_weight=37002 380 3157 1302 22406
leaf_count=37002 380 3157 1302 22406
internal_value=6.27795e-06 -7.22e-06 -0.000634024 3.98262e-05
internal_weight=64247 63867 4459 59408
internal_count=64247 63867 4459 59408
is_linear=0
shrinkage=0.12


Tree=181
num_leaves=7
num_cat=0
split_feature=46 82 2 65 78 69
split_gain=0.126907 0.319078 0.57983 0.288805 0.990465 0.257699
threshold=-0.037613186985254281 1.0000000180025095e-35 242.05500030517581 6.5000000000000009 1.0000000180025095e-35 25.500000000000004
decision_type=2 2 2 2 2 2
left_child=1 2 -1 4 -2 -5
right_child=3 -3 -4 5 -6 -7
leaf_value=0.0024125410325205507 -0.0029849755971992531 -0.0025870678847909386 -0.0033161126857273056 -5.8340995704592725e-05 0.0034971137825089895 0.0008099877970873142
leaf_weight=1587 1463 323 303 54721 442 5408
leaf_count=1587 1463 323 303 54721 442 5408
internal_value=5.5246e-06 0.000898463 0.00149414 -2.63301e-05 -0.00148099 1.97565e-05
internal_weight=64247 2213 1890 62034 1905 60129
internal_count=64247 2213 1890 62034 1905 60129
is_linear=0
shrinkage=0.12


Tree=182
num_leaves=7
num_cat=0
split_feature=51 12 55 70 55 55
split_gain=0.120552 0.476539 0.145827 0.131356 0.387482 0.374383
threshold=0.53567549586296093 1.8468499779701235 0.096737477928400054 32.500000000000007 0.042527997866272933 0.11823612079024316
decision_type=2 2 2 2 2 2
left_child=3 -2 -3 4 -1 -5
right_child=1 2 -4 5 -6 -7
leaf_value=-0.0011292765110259742 -0.005273133343184618 -0.0017161220001460735 0.0011929408027868656 0.00016169364939948701 0.00022842123166831021 -0.0010298958360378124
leaf_weight=3256 307 398 659 10714 43032 5881
leaf_count=3256 307 398 659 10714 43032 5881
internal_value=4.86164e-06 -0.00111123 9.75699e-05 2.90709e-05 0.000132918 -0.000260586
internal_weight=64247 1364 1057 62883 46288 16595
internal_count=64247 1364 1057 62883 46288 16595
is_linear=0
shrinkage=0.12


Tree=183
num_leaves=6
num_cat=0
split_feature=62 3 14 85 70
split_gain=0.127767 0.334128 0.109418 1.04005 0.232203
threshold=10.235227584838869 0.54091000556945812 0.69479998946189891 0.37500000000000006 5.5000000000000009
decision_type=2 2 2 2 2
left_child=2 -2 3 -1 -4
right_child=1 -3 4 -5 -6
leaf_value=0.0017800555692267508 -0.0035487339913915202 0.0012841776857867796 -0.0025979049668500565 -0.00068478886473850138 -2.0043143625025719e-05
leaf_weight=4363 478 362 508 5667 52869
leaf_count=4363 478 362 508 5667 52869
internal_value=4.27825e-06 -0.00146598 2.37559e-05 0.000387406 -4.45772e-05
internal_weight=64247 840 63407 10030 53377
internal_count=64247 840 63407 10030 53377
is_linear=0
shrinkage=0.12


Tree=184
num_leaves=6
num_cat=0
split_feature=41 49 51 19 24
split_gain=0.114814 0.230838 0.136651 0.128476 0.164228
threshold=0.5071714222431184 1.2031250000000002 0.21952328830957415 0.025000000372529033 14.235174655914308
decision_type=2 2 2 2 2
left_child=3 -2 -3 -1 -5
right_child=1 2 -4 4 -6
leaf_value=0.0021425032475850211 -0.0039569640349841019 0.00038184829694406028 -0.0022920215014810238 5.3205847802560987e-05 -0.0010187926502022693
leaf_weight=412 305 1050 373 59976 2131
leaf_count=412 305 1050 373 59976 2131
internal_value=3.76486e-06 -0.000961144 -0.000319033 3.04346e-05 1.64237e-05
internal_weight=64247 1728 1423 62519 62107
internal_count=64247 1728 1423 62519 62107
is_linear=0
shrinkage=0.12


Tree=185
num_leaves=6
num_cat=0
split_feature=41 58 76 83 65
split_gain=0.154388 0.240021 0.15185 0.875354 0.175419
threshold=0.029498630203306678 -1.3431398868560789 0.96917188167572033 0.37500000000000006 6.5000000000000009
decision_type=2 2 2 2 2
left_child=1 -1 4 -4 -2
right_child=2 -3 3 -5 -6
leaf_value=0.0036737475329159434 -0.00095587627405810112 -4.9761051855490036e-05 0.0035492789842352973 -0.0033789891563960677 3.3087382064135026e-05
leaf_weight=427 2701 599 826 385 58979
leaf_count=427 2701 599 826 385 58979
internal_value=3.97283e-05 0.00149989 1.59074e-05 0.00134665 -1.02199e-05
internal_weight=63917 1026 62891 1211 61680
internal_count=63917 1026 62891 1211 61680
is_linear=0
shrinkage=0.12


Tree=186
num_leaves=6
num_cat=0
split_feature=41 47 76 34 71
split_gain=0.119558 0.219369 0.117592 0.527042 0.135844
threshold=0.029498630203306678 0.12170129269361497 0.96917188167572033 0.97081428766250621 6.5000000000000009
decision_type=2 2 2 2 2
left_child=1 -1 4 -4 -2
right_child=2 -3 3 -5 -6
leaf_value=0.0030609386312375401 -0.00084117111878554535 -0.00044850287295252167 -0.0030552600565836568 0.0026630231427308276 2.9116895363529904e-05
leaf_weight=517 2701 509 313 898 58979
leaf_count=517 2701 509 313 898 58979
internal_value=3.49609e-05 0.0013199 1.39985e-05 0.00118505 -8.99348e-06
internal_weight=63917 1026 62891 1211 61680
internal_count=63917 1026 62891 1211 61680
is_linear=0
shrinkage=0.12


Tree=187
num_leaves=8
num_cat=0
split_feature=50 50 30 28 46 70 80
split_gain=0.149159 0.42527 0.487319 0.368221 0.290169 0.38894 0.231668
threshold=0.063775006681680693 -0.034556899219751351 3.5000000000000004 97.432991027832045 0.20762897282838824 31.500000000000004 1.0000000180025095e-35
decision_type=2 2 2 2 2 2 2
left_child=1 3 -3 -1 5 -2 -6
right_child=4 2 -4 -5 6 -7 -8
leaf_value=-0.00060941149217832861 -0.00051345403634565261 0.0014577454552006674 -0.0010267194177538492 0.0014219441906056932 4.5628171553206785e-05 -0.0040713864030719072 -0.001420107474312351
leaf_weight=6959 1908 6183 1393 1576 43712 576 1610
leaf_count=6959 1908 6183 1393 1576 43712 576 1610
internal_value=3.07656e-05 0.00034654 0.00100093 -0.000234319 -7.56529e-05 -0.00133848 -6.44002e-06
internal_weight=63917 16111 7576 8535 47806 2484 45322
internal_count=63917 16111 7576 8535 47806 2484 45322
is_linear=0
shrinkage=0.12


Tree=188
num_leaves=8
num_cat=0
split_feature=50 62 62 55 46 55 80
split_gain=0.115508 0.388777 0.724484 0.650442 0.224707 0.386565 0.179404
threshold=0.063775006681680693 -3.8328059911727901 -0.94679045677185047 0.10361409932374956 0.20762897282838824 0.1297172158956528 1.0000000180025095e-35
decision_type=2 2 2 2 2 2 2
left_child=1 3 -3 -1 5 -2 -6
right_child=4 2 -4 -5 6 -7 -8
leaf_value=-0.00084755718100227803 0.00039580836796627961 -0.0026322415942258565 0.00034579551034141142 0.0033485182430345877 4.0152791648464038e-05 -0.0026018926809801492 -0.0012496945904704319
leaf_weight=855 1180 1298 12550 1408 43712 1304 1610
leaf_count=855 1180 1298 12550 1408 43712 1304 1610
internal_value=2.70737e-05 0.000304955 6.66583e-05 0.00176317 -6.65746e-05 -0.00117786 -5.66721e-06
internal_weight=63917 16111 13848 2263 47806 2484 45322
internal_count=63917 16111 13848 2263 47806 2484 45322
is_linear=0
shrinkage=0.12


Tree=189
num_leaves=8
num_cat=0
split_feature=59 85 70 23 53 57 66
split_gain=0.114641 0.301481 0.564751 0.14428 0.142567 0.248371 0.228916
threshold=19999991.000000004 0.37500000000000006 22.500000000000004 6.1626334190368661 2.3218749761581425 8.9312500953674334 11.230208396911623
decision_type=2 2 2 2 2 2 2
left_child=4 2 -2 -3 6 -6 -1
right_child=1 3 -4 -5 5 -7 -8
leaf_value=0.00033668718876080854 0.0062605217645947137 -0.0026340344560653018 -0.00010341503161506462 0.00060846339782778976 -0.00038520325161543989 0.00099893773167097281 -0.00026113030473295923
leaf_weight=26613 354 311 464 542 19452 2065 14116
leaf_count=26613 354 311 464 542 19452 2065 14116
internal_value=2.38249e-05 0.00100469 0.00265066 -0.000573737 -2.50661e-06 -0.000252366 0.000129494
internal_weight=63917 1671 818 853 62246 21517 40729
internal_count=63917 1671 818 853 62246 21517 40729
is_linear=0
shrinkage=0.12


Tree=190
num_leaves=8
num_cat=0
split_feature=59 57 0 19 63 63 72
split_gain=0.123703 0.420559 0.282352 0.198861 0.135384 0.279936 0.1885
threshold=-0.12402901053428649 3.7656250000000004 23.560000419616703 0.27135416865348821 2.2179468870162968 1.0917518734931948 8.0031251907348651
decision_type=2 2 2 2 2 2 2
left_child=1 2 -1 -3 5 -2 -6
right_child=4 3 -4 -5 6 -7 -8
leaf_value=0.00019860348306693148 -7.6985779863421043e-05 0.00080163964643765215 0.004271795990271954 -0.0026066934525254028 0.0012162885762298842 -0.0011748325089913775 6.9985489846999241e-05
leaf_weight=411 33298 509 607 478 2273 3718 22654
leaf_count=411 33298 509 607 478 2273 3718 22654
internal_value=-1.16467e-05 0.000916031 0.00262731 -0.000849002 -4.16742e-05 -0.000187257 0.000174513
internal_weight=63948 2005 1018 987 61943 37016 24927
internal_count=63948 2005 1018 987 61943 37016 24927
is_linear=0
shrinkage=0.12


Tree=191
num_leaves=5
num_cat=0
split_feature=73 45 29 28
split_gain=0.111695 0.108067 0.342401 0.241285
threshold=60.857200622558601 0.021875000558793548 80.94785308837892 9.5281476974487322
decision_type=2 2 2 2
left_child=-1 2 -2 -3
right_child=1 3 -4 -5
leaf_value=-0.0017401348693429561 0.0016985584357405816 -0.0024626308074200873 -0.0026449346960574953 7.3359034745145203e-07
leaf_weight=533 1467 578 318 61052
leaf_count=533 1467 578 318 61052
internal_value=-1.02491e-05 4.29051e-06 0.00092476 -2.23692e-05
internal_weight=63948 63415 1785 61630
internal_count=63948 63415 1785 61630
is_linear=0
shrinkage=0.12


Tree=192
num_leaves=8
num_cat=0
split_feature=5 31 85 85 5 76 59
split_gain=0.101177 0.518034 2.34823 1.73052 0.217669 0.299095 0.164867
threshold=3.0935499668121342 0.90312498807907116 0.37500000000000006 0.37500000000000006 3.0265499353408818 0.41164050996303564 -0.12402901053428649
decision_type=2 2 2 2 2 2 2
left_child=4 3 -3 -2 6 -6 -1
right_child=1 2 -4 -5 5 -7 -8
leaf_value=0.0011926701874345662 -0.0038358543273389026 0.0086160694702629489 -0.0018753586647103039 0.00056295096787920375 -0.00098012336595419236 0.0033843173295709586 -2.2822495104922713e-05
leaf_weight=1656 1955 463 913 3774 353 629 54205
leaf_count=1656 1955 463 913 3774 353 629 54205
internal_value=-9.0192e-06 -0.000435958 0.00165482 -0.000938125 4.43453e-05 0.00181543 1.32108e-05
internal_weight=63948 7105 1376 5729 56843 982 55861
internal_count=63948 7105 1376 5729 56843 982 55861
is_linear=0
shrinkage=0.12


Tree=193
num_leaves=5
num_cat=0
split_feature=53 53 5 64
split_gain=0.0870033 0.106571 0.184018 0.0950492
threshold=3.1000000238418584 2.9093749523162846 1.8517499566078188 1.0000000180025095e-35
decision_type=2 2 2 2
left_child=1 3 -3 -1
right_child=-2 2 -4 -5
leaf_value=-9.0360968929108749e-05 0.0016952365876331768 7.1596881224905313e-05 -0.0033991013192349621 0.00024298220331645028
leaf_weight=45742 429 556 364 16857
leaf_count=45742 429 556 364 16857
internal_value=-7.9369e-06 -1.94399e-05 -0.00130159 -5.96502e-07
internal_weight=63948 63519 920 62599
internal_count=63948 63519 920 62599
is_linear=0
shrinkage=0.12


Tree=194
num_leaves=8
num_cat=0
split_feature=54 2 34 5 0 34 66
split_gain=0.0893782 0.134559 0.397005 0.324516 0.0497573 0.0523213 0.0255021
threshold=0.33836229145526892 314.88999938964849 0.78715714812278759 2.2348999977111821 0.77674999833107006 0.44947500526905065 11.675781250000002
decision_type=2 2 2 2 2 2 2
left_child=1 2 -1 -3 6 -6 -2
right_child=4 3 -4 -5 5 -7 -8
leaf_value=-0.0013686626253309514 0.00058499512933445801 0.00021380828336769244 2.6746481607126481e-05 0.002739630494484406 -0.0014730381342225754 -0.00044190977289627355 -0.00061594798358257307
leaf_weight=3159 730 13972 41590 773 1022 2311 391
leaf_count=3159 730 13972 41590 773 1022 2311 391
internal_value=-6.98447e-06 3.18325e-05 -7.17607e-05 0.000346223 -0.00052548 -0.000758085 0.000166111
internal_weight=63948 59494 44749 14745 4454 3333 1121
internal_count=63948 59494 44749 14745 4454 3333 1121
is_linear=0
shrinkage=0.12


Tree=195
num_leaves=7
num_cat=0
split_feature=41 36 83 36 88 49
split_gain=0.129428 0.369314 0.572368 0.247992 0.242676 0.204732
threshold=0.088684927672147765 -35.092876434326165 0.37500000000000006 -10.172816753387449 1.3353571295738222 2.1843750476837163
decision_type=2 2 2 2 2 2
left_child=4 2 -2 -3 5 -1
right_child=1 3 -4 -5 -6 -7
leaf_value=-0.00025113382193578713 0.0027791993851705881 -0.0017795533435746517 -0.0014584329737381096 7.9944425001400018e-05 -0.0028382549775358254 0.0024230347184786543
leaf_weight=17859 1649 1059 636 41719 512 422
leaf_count=17859 1649 1059 636 41719 512 422
internal_value=2.98055e-06 0.000113308 0.00159971 3.39112e-05 -0.000261569 -0.000189403
internal_weight=63856 45063 2285 42778 18793 18281
internal_count=63856 45063 2285 42778 18793 18281
is_linear=0
shrinkage=0.12


Tree=196
num_leaves=8
num_cat=0
split_feature=71 85 2 71 2 55 50
split_gain=0.104271 0.336075 0.741345 0.146621 0.301427 0.181022 0.121189
threshold=111.50000000000001 0.37500000000000006 280.99000549316412 86.500000000000014 318.80999755859381 0.64224117994308483 -0.04033511504530906
decision_type=2 2 2 2 2 2 2
left_child=3 2 -2 5 -5 -1 -3
right_child=1 6 -4 4 -6 -7 -8
leaf_value=-6.8788240937985693e-06 0.0026596488124019197 -0.0026360596647055892 -0.00061346014319416553 -0.0011030375819328841 0.00061471788960641856 0.0023697241126257895 -0.00014860496518738023
leaf_weight=47883 2220 302 1808 4785 2124 466 4268
leaf_count=47883 2220 302 1808 4785 2124 466 4268
internal_value=2.62289e-06 0.000391364 0.00119049 -5.78642e-05 -0.000574956 1.60275e-05 -0.000312984
internal_weight=63856 8598 4028 55258 6909 48349 4570
internal_count=63856 8598 4028 55258 6909 48349 4570
is_linear=0
shrinkage=0.12


Tree=197
num_leaves=8
num_cat=0
split_feature=70 33 85 45 55 72 19
split_gain=0.101559 0.510998 0.629838 0.315506 0.289024 0.330944 0.3081
threshold=32.500000000000007 0.21947963535785678 1.0000000180025095e-35 0.059374999254941947 0.044605506584048278 7.8593750000000009 0.31145833432674414
decision_type=2 2 2 2 2 2 2
left_child=4 2 -2 -3 6 -6 -1
right_child=1 3 -4 -5 5 -7 -8
leaf_value=-0.0014325407895390946 -0.0041147909235052177 0.0021789092303795264 -0.00059757716410009838 -4.8223258832673809e-05 0.0011195744251220067 6.1867541045037042e-05 0.0015514280809471967
leaf_weight=3013 954 994 3167 11667 4787 38677 597
leaf_count=3013 954 994 3167 11667 4787 38677 597
internal_value=2.30814e-06 -0.000251151 -0.0014118 0.000126626 9.26671e-05 0.00017836 -0.00093907
internal_weight=63856 16782 4121 12661 47074 43464 3610
internal_count=63856 16782 4121 12661 47074 43464 3610
is_linear=0
shrinkage=0.12


Tree=198
num_leaves=8
num_cat=0
split_feature=14 85 34 34 85 69 47
split_gain=0.0983899 0.528507 0.904307 0.478768 0.321974 1.00843 0.2821
threshold=2.640050053596497 0.37500000000000006 0.8569856882095338 0.96472856402397167 1.0000000180025095e-35 11.500000000000002 0.14188759028911593
decision_type=2 2 2 2 2 2 2
left_child=1 2 -1 -3 5 -2 -6
right_child=4 3 -4 -5 6 -7 -8
leaf_value=-0.00099192131767732953 -0.0015843103950391789 -5.7982414461760066e-05 0.0014482084793191366 -0.0015923715728771888 0.00060619592417594586 0.00081927142689719023 -0.00010219089412399576
leaf_weight=3636 5496 6598 5488 5265 18088 4632 14653
leaf_count=3636 5496 6598 5488 5265 18088 4632 14653
internal_value=2.03116e-06 -0.000210857 0.000475794 -0.00073897 0.000106253 -0.000485042 0.000289162
internal_weight=63856 20987 9124 11863 42869 10128 32741
internal_count=63856 20987 9124 11863 42869 10128 32741
is_linear=0
shrinkage=0.12


Tree=199
num_leaves=7
num_cat=0
split_feature=41 29 41 29 28 53
split_gain=0.0942836 0.151845 0.141242 0.284656 0.270876 0.124968
threshold=0.029498630203306678 5.4144930839538583 0.085090119391679778 -35.092876434326165 126.32479476928712 2.1843750476837163
decision_type=2 2 2 2 2 2
left_child=1 -1 4 -4 -2 -3
right_child=2 5 3 -5 -6 -7
leaf_value=0.0033583212095848807 -0.00023698267801079741 0.0017917455741908903 0.0013525647177477797 2.0644737288481939e-05 -0.0032350589034555797 -0.0014289261406794788
leaf_weight=311 16072 344 2439 43894 446 350
leaf_count=311 16072 344 2439 43894 446 350
internal_value=1.78742e-06 0.0011549 -1.66511e-05 9.07579e-05 -0.000317933 0.000167488
internal_weight=63856 1005 62851 46333 16518 694
internal_count=63856 1005 62851 46333 16518 694
is_linear=0
shrinkage=0.12


Tree=200
num_leaves=7
num_cat=0
split_feature=63 75 23 76 72 69
split_gain=0.150086 0.291759 0.328164 0.128623 0.485503 0.314137
threshold=19999989.000000004 10.500000000000002 6.5903499126434335 0.67040735483169567 5.0656249523162851 10.500000000000002
decision_type=2 2 2 2 2 2
left_child=3 2 -2 4 -1 -5
right_child=1 -3 -4 5 -6 -7
leaf_value=-0.0030985881068225129 0.004686877113062044 -0.0014423361543148261 0.00034992795888214338 0.00076647442826505 -0.00011361166740806639 -0.00014937596570353367
leaf_weight=801 457 425 558 8436 38427 14951
leaf_count=801 457 425 558 8436 38427 14951
internal_value=-1.39083e-05 0.00119734 0.00230262 -4.17642e-05 -0.000174562 0.000180983
internal_weight=64055 1440 1015 62615 39228 23387
internal_count=64055 1440 1015 62615 39228 23387
is_linear=0
shrinkage=0.12


Tree=201
num_leaves=8
num_cat=0
split_feature=63 49 6 24 15 72 41
split_gain=0.116227 0.168944 0.31134 0.129098 0.348412 0.290492 0.0698783
threshold=19999989.000000004 1.5906249880790713 3.144649982452393 12.354086875915529 10.106217384338381 4.0906250476837167 0.13201890140771869
decision_type=2 2 2 2 2 2 2
left_child=3 2 -2 4 -1 -5 -3
right_child=1 6 -4 5 -6 -7 -8
leaf_value=-5.1185148830304213e-05 1.9347750777977229e-05 0.0008235119891833165 0.0047967179385052048 0.0023757333756499999 -0.0014152883182671342 0.00013791899839638922 -0.0016663466158169497
leaf_weight=44780 424 336 366 888 2869 14078 314
leaf_count=44780 424 336 366 888 2869 14078 314
internal_value=-1.22393e-05 0.00105366 0.00223266 -3.67525e-05 -0.000133319 0.000270699 -0.000379281
internal_weight=64055 1440 790 62615 47649 14966 650
internal_count=64055 1440 790 62615 47649 14966 650
is_linear=0
shrinkage=0.12


Tree=202
num_leaves=8
num_cat=0
split_feature=75 82 61 57 53 5 63
split_gain=0.118795 0.605322 0.359627 0.333497 0.197415 0.23832 0.162487
threshold=5.5000000000000009 1.0000000180025095e-35 3.7031250000000004 7.5812499523162851 2.7593749761581425 2.2844499349594121 19999989.000000004
decision_type=2 2 2 2 2 2 2
left_child=4 3 -3 -2 6 -6 -1
right_child=1 2 -4 -5 5 -7 -8
leaf_value=-6.6750684161553131e-05 -0.00045681204820539276 0.0033659683497272858 0.00064204453151541819 0.0017179010852186717 -0.00053001870364627584 -0.0040564552377396097 0.0024916568735303978
leaf_weight=50879 7437 1267 1554 1176 1001 381 360
leaf_count=50879 7437 1267 1554 1176 1001 381 360
internal_value=-1.07706e-05 0.000339808 0.00186544 -0.000159882 -8.69476e-05 -0.00150221 -4.87756e-05
internal_weight=64055 11434 2821 8613 52621 1382 51239
internal_count=64055 11434 2821 8613 52621 1382 51239
is_linear=0
shrinkage=0.12


Tree=203
num_leaves=5
num_cat=0
split_feature=2 51 41 34
split_gain=0.11126 0.119598 0.295632 0.193068
threshold=105.59999847412111 0.1928416043519974 0.042527997866272933 0.98292857408523571
decision_type=2 2 2 2
left_child=-1 3 -3 -2
right_child=1 2 -4 -5
leaf_value=0.001757618071806886 6.0654626984285683e-05 -0.0018286978860960438 0.00036689272591842656 -0.00044868428055743268
leaf_weight=509 29611 934 16206 16795
leaf_count=509 29611 934 16206 16795
internal_value=-9.47812e-06 -2.36325e-05 0.00024725 -0.000123682
internal_weight=64055 63546 17140 46406
internal_count=64055 63546 17140 46406
is_linear=0
shrinkage=0.12


Tree=204
num_leaves=6
num_cat=0
split_feature=16 2 8 54 24
split_gain=0.0960995 0.443684 0.228211 0.133696 0.120381
threshold=2.1094824075698857 219.73999786376956 12.655150890350344 0.18357115983963015 2.8045762777328496
decision_type=2 2 2 2 2
left_child=1 -1 4 -3 -2
right_child=2 3 -4 -5 -6
leaf_value=-0.004640743917151322 -0.0009664825496887347 0.0024085014850221066 0.0026851264196585886 -0.00098706408714923743 1.977292244292752e-05
leaf_weight=348 1836 321 456 348 60746
leaf_count=348 1836 321 456 348 60746
internal_value=-8.34075e-06 -0.00116553 1.03284e-05 0.000642198 -9.16136e-06
internal_weight=64055 1017 63038 669 62582
internal_count=64055 1017 63038 669 62582
is_linear=0
shrinkage=0.12


Tree=205
num_leaves=7
num_cat=0
split_feature=19 54 59 50 70 83
split_gain=0.1002 0.176874 0.0980869 0.308146 0.0996606 0.0705868
threshold=0.48437500000000006 -0.1193995177745819 -6.2650797367095938 0.19685354828834536 32.500000000000007 1.0000000180025095e-35
decision_type=2 2 2 2 2 2
left_child=2 -2 3 -1 -4 -3
right_child=1 5 4 -5 -6 -7
leaf_value=-0.0040642015449685771 0.003347843568019392 -0.00061654861491053673 9.2541916063256928e-05 0.00064959050923104646 -0.00025345323673836242 0.0012805423606342919
leaf_weight=343 348 614 45124 478 16325 523
leaf_count=343 348 614 45124 478 16325 523
internal_value=6.4455e-06 0.000980614 -1.67862e-05 -0.00131975 6.22261e-07 0.00025608
internal_weight=63755 1485 62270 821 61449 1137
internal_count=63755 1485 62270 821 61449 1137
is_linear=0
shrinkage=0.12


Tree=206
num_leaves=8
num_cat=0
split_feature=0 82 46 13 5 66 82
split_gain=0.100492 0.431799 0.435959 0.346255 0.199348 1.32509 0.293707
threshold=32.140750885009773 1.0000000180025095e-35 0.2671333402395249 1.565050005912781 2.7661999464035039 11.352083683013918 1.0000000180025095e-35
decision_type=2 2 2 2 2 2 2
left_child=4 3 -3 -2 6 -6 -1
right_child=1 2 -4 -5 5 -7 -8
leaf_value=0.00024097157495124577 -0.0019633356149212503 0.003028348592813397 0.00042153823622902761 7.8249069308761207e-05 -4.3549066107886092e-05 -0.0050009998833398499 -0.00069738151488873393
leaf_weight=19137 1253 1394 2739 26414 5501 904 6413
leaf_count=19137 1253 1394 2739 26414 5501 904 6413
internal_value=5.67204e-06 0.000156696 0.00130078 -1.42115e-05 -0.000144619 -0.000743242 5.44679e-06
internal_weight=63755 31800 4133 27667 31955 6405 25550
internal_count=63755 31800 4133 27667 31955 6405 25550
is_linear=0
shrinkage=0.12


Tree=207
num_leaves=8
num_cat=0
split_feature=90 55 69 82 70 53 55
split_gain=0.0885995 0.290732 0.143611 0.478081 0.346258 0.101865 0.0954232
threshold=1.0000000180025095e-35 0.095182731747627272 28.500000000000004 1.0000000180025095e-35 32.500000000000007 2.3656250238418584 0.043652648106217391
decision_type=2 2 2 2 2 2 2
left_child=2 6 4 -4 -1 -3 -2
right_child=1 5 3 -5 -6 -7 -8
leaf_value=0.00011981182088735658 -0.0027582908017055679 0.00087132006454263662 0.00095596841852008856 -0.0015944366334805255 -0.000686867335856286 -0.00066170061279094915 -0.001003442782020518
leaf_weight=42063 672 1722 6352 1270 9369 979 1328
leaf_count=42063 672 1722 6352 1270 9369 979 1328
internal_value=4.99139e-06 -0.000496391 4.4904e-05 0.000531012 -2.71352e-05 0.000315664 -0.00159307
internal_weight=63755 4701 59054 7622 51432 2701 2000
internal_count=63755 4701 59054 7622 51432 2701 2000
is_linear=0
shrinkage=0.12


Tree=208
num_leaves=8
num_cat=0
split_feature=54 0 19 59 55 62 57
split_gain=0.0885926 0.0905703 0.26961 0.233272 0.0517115 0.0318031 0.0272818
threshold=0.33836229145526892 33.405448913574226 0.20833332836627963 3.7829388380050664 0.097449313849210753 1.0000000180025095e-35 0.58437499403953563
decision_type=2 2 2 2 2 2 2
left_child=1 3 -3 -1 6 -6 -2
right_child=4 2 -4 -5 5 -7 -8
leaf_value=-0.00039831079483694721 -0.00057178161392498403 0.0021215597899160391 0.00012567237180314907 0.00026937462539795859 -0.00091502186148745529 0.00013444762637315925 0.00062486328823024829
leaf_weight=16924 441 1010 27805 13582 2778 489 726
leaf_count=16924 441 1010 27805 13582 2778 489 726
internal_value=4.39243e-06 4.30662e-05 0.000195631 -0.000101041 -0.000513011 -0.000757939 0.000172661
internal_weight=63755 59321 28815 30506 4434 3267 1167
internal_count=63755 59321 28815 30506 4434 3267 1167
is_linear=0
shrinkage=0.12


Tree=209
num_leaves=7
num_cat=0
split_feature=41 62 28 41 33 13
split_gain=0.0871709 0.282847 0.299858 0.23675 0.312418 0.145796
threshold=0.068468317389488234 4.6552038192749032 24.281408309936527 0.073337659239768996 0.34714189171791082 0.70034998655319225
decision_type=2 2 2 2 2 2
left_child=1 2 -1 4 -2 -5
right_child=3 -3 -4 5 -6 -7
leaf_value=0.0040253426313601667 -0.003094620926493792 -0.0022945678996925453 0.00033008700393789728 -0.0024657468914625674 0.00012622897566140918 2.476329082659976e-06
leaf_weight=326 844 573 10541 347 892 50232
leaf_count=326 844 573 10541 347 892 50232
internal_value=3.86533e-06 0.000303927 0.000440941 -6.17507e-05 -0.00143967 -1.44571e-05
internal_weight=63755 11440 10867 52315 1736 50579
internal_count=63755 11440 10867 52315 1736 50579
is_linear=0
shrinkage=0.12


Tree=210
num_leaves=7
num_cat=0
split_feature=47 22 24 22 45 12
split_gain=0.168113 0.61909 0.192121 0.171261 0.705682 0.20278
threshold=0.48276242613792425 1.3629333376884463 4.9430305957794198 0.9706999957561494 0.89687499403953563 1.2755500078201296
decision_type=2 2 2 2 2 2
left_child=3 -2 -3 4 -1 -5
right_child=1 2 -4 5 -6 -7
leaf_value=-0.0014226994846471626 0.0057524710799065123 0.0028157314262527507 -0.0005604346658218439 0.0031101941949907576 0.0018701140297721988 -1.2788490461961451e-05
leaf_weight=4267 337 300 1271 301 1201 56253
leaf_count=4267 337 300 1271 301 1201 56253
internal_value=-2.40401e-05 0.00108542 8.4282e-05 -5.81709e-05 -0.000699461 3.83311e-06
internal_weight=63930 1908 1571 62022 5468 56554
internal_count=63930 1908 1571 62022 5468 56554
is_linear=0
shrinkage=0.12


Tree=211
num_leaves=8
num_cat=0
split_feature=1 16 0 22 85 50 0
split_gain=0.111064 0.335433 0.308023 0.307788 0.52179 0.412291 0.185809
threshold=18.205049514770511 3.3414189815521245 54.081701278686531 1.5603666901588442 0.37500000000000006 0.0045868144370615491 42.523948669433601
decision_type=2 2 2 2 2 2 2
left_child=1 2 -1 4 -2 -5 -3
right_child=3 6 -4 5 -6 -7 -8
leaf_value=8.5155601064408458e-05 0.0051889406185221792 -0.00022459357016927929 -0.0033745084961335505 -0.0035465436288868828 0.00028887343789543848 0.00035856831861534572 0.00021352455142687978
leaf_weight=665 490 30704 837 427 866 4411 25530
leaf_count=665 490 30704 837 427 866 4411 25530
internal_value=-2.11553e-05 -7.2961e-05 -0.00184277 0.00046174 0.00205955 1.39047e-05 -2.56898e-05
internal_weight=63930 57736 1502 6194 1356 4838 56234
internal_count=63930 57736 1502 6194 1356 4838 56234
is_linear=0
shrinkage=0.12


Tree=212
num_leaves=7
num_cat=0
split_feature=47 5 24 22 34 12
split_gain=0.129557 0.479468 0.148642 0.136303 0.567103 0.153884
threshold=0.48276242613792425 2.8494501113891606 4.9430305957794198 0.9706999957561494 0.92640000581741344 1.2755500078201296
decision_type=2 2 2 2 2 2
left_child=3 2 -2 4 -1 -5
right_child=1 -3 -4 5 -6 -7
leaf_value=0.0028999334596004215 0.0024645113375037909 0.0050114705061558955 -0.00050672304490841341 0.0027127890775144174 -0.0010448928245888787 -7.7435490916811576e-06
leaf_weight=588 300 344 1264 301 4880 56253
leaf_count=588 300 344 1264 301 4880 56253
internal_value=-1.86167e-05 0.000955347 6.32068e-05 -4.8579e-05 -0.000620687 6.73607e-06
internal_weight=63930 1908 1564 62022 5468 56554
internal_count=63930 1908 1564 62022 5468 56554
is_linear=0
shrinkage=0.12


Tree=213
num_leaves=7
num_cat=0
split_feature=47 54 22 62 19 55
split_gain=0.100329 0.400364 0.125385 0.184478 0.168701 0.119128
threshold=0.48276242613792425 -0.020312767475843426 3.611724972724915 0.75481626391410839 0.062500000000000014 0.16356767714023593
decision_type=2 2 2 2 2 2
left_child=2 -2 4 -4 -1 -3
right_child=1 5 3 -5 -6 -7
leaf_value=-0.0019532688633941489 0.0036583149695402443 -0.0011023755708116699 0.00026174632560229712 0.002554260451203169 -7.7196382288982409e-05 0.0011939498934508675
leaf_weight=699 526 858 5879 553 54891 524
leaf_count=699 526 858 5879 553 54891 524
internal_value=-1.63827e-05 0.000840705 -4.27495e-05 0.000458848 -0.000100787 -0.000231699
internal_weight=63930 1908 62022 6432 55590 1382
internal_count=63930 1908 62022 6432 55590 1382
is_linear=0
shrinkage=0.12


Tree=214
num_leaves=7
num_cat=0
split_feature=14 47 58 24 63 14
split_gain=0.0976035 0.49167 0.188896 0.155058 0.311474 0.129138
threshold=-1.1644499897956846 0.21381293982267383 -14.620861053466795 2.8045762777328496 0.60938170552253734 -0.86684998869895924
decision_type=2 2 2 2 2 2
left_child=1 2 -1 4 -2 -5
right_child=3 -3 -4 5 -6 -7
leaf_value=0.0024305477090386537 -0.0030266483118533793 0.0037222723492769476 -0.00088126589576975319 0.0021601422435532395 0.00094811977147883468 -3.0545193270165673e-05
leaf_weight=302 697 595 1387 390 479 60080
leaf_count=302 697 595 1387 390 479 60080
internal_value=-1.44167e-05 0.000755894 -0.0002891 -4.2957e-05 -0.00140767 -1.64164e-05
internal_weight=63930 2284 1689 61646 1176 60470
internal_count=63930 2284 1689 61646 1176 60470
is_linear=0
shrinkage=0.12


Tree=215
num_leaves=8
num_cat=0
split_feature=76 34 83 76 34 78 78
split_gain=0.131662 0.431481 0.794667 0.274663 0.266329 0.839756 0.163786
threshold=0.90846258401870739 1.1385428309440615 0.37500000000000006 0.95244187116622936 1.1628428101539614 1.0000000180025095e-35 1.0000000180025095e-35
decision_type=2 2 2 2 2 2 2
left_child=4 3 -3 -2 6 -6 -1
right_child=1 2 -4 -5 5 -7 -8
leaf_value=-0.00011361976902374515 -0.00071584455802663986 -0.0045043782936016663 0.0024326850342247298 0.0011936369079137616 0.0013278838005444883 -0.0013150804227672816 0.00040511898101907277
leaf_weight=37121 2705 838 332 1811 7303 2269 11474
leaf_count=37121 2705 838 332 1811 7303 2269 11474
internal_value=6.89486e-05 -0.000482184 -0.00253591 4.9893e-05 0.000122823 0.000701381 8.86214e-06
internal_weight=63853 5686 1170 4516 58167 9572 48595
internal_count=63853 5686 1170 4516 58167 9572 48595
is_linear=0
shrinkage=0.12


Tree=216
num_leaves=8
num_cat=0
split_feature=76 34 0 87 34 78 62
split_gain=0.103374 0.345994 0.6109 0.336763 0.20074 0.60905 0.132262
threshold=0.91580218076705944 1.1347285509109499 90.032199859619155 1.0000000180025095e-35 1.1628428101539614 1.0000000180025095e-35 1.7267239689826968
decision_type=2 2 2 2 2 2 2
left_child=4 3 -3 -2 6 -6 -1
right_child=1 2 -4 -5 5 -7 -8
leaf_value=-4.9452782730026018e-05 -0.00062580385173149347 -0.0048190893627403199 0.00082303038872733817 0.0017973712707788126 0.0011383891365313113 -0.001104556442143755 0.00068799888328314671
leaf_weight=45234 2911 624 496 1153 7354 2285 3796
leaf_count=45234 2911 624 496 1153 7354 2285 3796
internal_value=6.06747e-05 -0.000452977 -0.00232044 6.16767e-05 0.000106061 0.000606681 7.64219e-06
internal_weight=63853 5184 1120 4064 58669 9639 49030
internal_count=63853 5184 1120 4064 58669 9639 49030
is_linear=0
shrinkage=0.12


Tree=217
num_leaves=8
num_cat=0
split_feature=1 85 69 47 62 72 51
split_gain=0.10054 0.179173 0.44349 0.181766 0.138118 0.33476 0.289903
threshold=5.2515499591827401 1.0000000180025095e-35 10.500000000000002 0.33184868097305303 -0.56964761018753041 13.559374809265138 0.59867665171623241
decision_type=2 2 2 2 2 2 2
left_child=1 2 -1 -3 5 -2 -6
right_child=4 3 -4 -5 6 -7 -8
leaf_value=-0.0042940740180517755 -0.00088837973697156452 0.0002025023908936353 -0.00014069905330451704 -0.002097233249338526 0.00028232280597551099 0.00018059634071606413 -0.0026922303558876209
leaf_weight=538 6100 4861 1187 551 36461 13677 478
leaf_count=538 6100 4861 1187 551 36461 13677 478
internal_value=5.33938e-05 -0.000371085 -0.00143607 -3.16355e-05 0.000106809 -0.000149118 0.000243831
internal_weight=63853 7137 1725 5412 56716 19777 36939
internal_count=63853 7137 1725 5412 56716 19777 36939
is_linear=0
shrinkage=0.12


Tree=218
num_leaves=8
num_cat=0
split_feature=2 50 46 50 76 51 2
split_gain=0.0911132 0.0963741 0.374646 0.339083 0.0690535 0.0257125 0.0214012
threshold=405.12500000000006 -0.034556899219751351 0.43185447156429296 -0.0065713920630514613 0.25703568756580358 0.07711727544665338 417.42500305175787
decision_type=2 2 2 2 2 2 2
left_child=1 2 -1 -3 5 -2 -6
right_child=4 3 -4 -5 6 -7 -8
leaf_value=-0.00045841384728580002 0.000721360652634949 0.0017962600097200985 0.0035558912500728759 8.3016100421037065e-05 -0.0009298393410781667 -0.0003891754348217298 -0.0020151392786797039
leaf_weight=8218 380 1720 349 50667 652 1430 437
leaf_count=8218 380 1720 349 50667 652 1430 437
internal_value=4.69865e-05 7.82476e-05 -0.00029488 0.000139266 -0.000610305 -0.000156024 -0.00136535
internal_weight=63853 60954 8567 52387 2899 1810 1089
internal_count=63853 60954 8567 52387 2899 1810 1089
is_linear=0
shrinkage=0.12


Tree=219
num_leaves=8
num_cat=0
split_feature=9 0 85 63 5 85 22
split_gain=0.0912438 0.241699 0.491677 0.298917 0.235652 0.744059 0.290427
threshold=1.0000000180025095e-35 76.639499664306655 0.37500000000000006 17.305974960327152 2.7661999464035039 0.62500000000000011 1.6315333247184756
decision_type=2 2 2 2 2 2 2
left_child=4 3 -3 -2 6 -6 -1
right_child=1 2 -4 -5 5 -7 -8
leaf_value=0.0014982365039640012 0.00091347366530032225 0.0027557349807560264 -0.0022745570563742802 -0.001139888855068053 -0.0020034125940000288 0.00052909211418497354 1.1991265687866609e-05
leaf_weight=1976 7258 372 1129 1188 3213 3480 45237
leaf_count=1976 7258 372 1129 1188 3213 3480 45237
internal_value=4.13481e-05 0.000375285 -0.00102788 0.000624651 -2.02716e-05 -0.000686646 7.41949e-05
internal_weight=63853 9947 1501 8446 53906 6693 47213
internal_count=63853 9947 1501 8446 53906 6693 47213
is_linear=0
shrinkage=0.12


Tree=220
num_leaves=8
num_cat=0
split_feature=10 34 45 84 7 0 69
split_gain=0.113037 0.509561 0.704698 0.431203 0.556969 0.342097 0.284429
threshold=2.5000000000000004 1.0873714089393618 0.20937500149011615 10.000000000000002 8.6574001312255877 78.601551055908217 10.500000000000002
decision_type=2 2 2 2 2 2 2
left_child=3 6 -3 5 -5 -1 -2
right_child=1 2 -4 4 -6 -7 -8
leaf_value=-8.5126320381038957e-05 0.00081602011078379662 0.0057374270848464942 0.0008094249061245711 -0.00099038254059413862 -0.0064362421905156224 0.0032688349569785276 -0.00062043594230396404
leaf_weight=47451 2812 486 2980 2744 300 442 6749
leaf_count=47451 2812 486 2980 2744 300 442 6749
internal_value=-6.15219e-05 0.000253919 0.00150043 -0.000142195 -0.0015271 -5.41729e-05 -0.000197958
internal_weight=63964 13027 3466 50937 3044 47893 9561
internal_count=63964 13027 3466 50937 3044 47893 9561
is_linear=0
shrinkage=0.12


Tree=221
num_leaves=7
num_cat=0
split_feature=28 5 85 2 22 5
split_gain=0.112531 0.316219 2.45204 0.59363 0.305153 0.427285
threshold=72.229507446289077 3.1485499143600468 0.37500000000000006 113.45499801635744 0.20306666940450671 3.4033999443054204
decision_type=2 2 2 2 2 2
left_child=1 3 -3 -1 -2 -6
right_child=4 2 -4 -5 5 -7
leaf_value=0.0038320480543571835 -0.0035334334927611052 -0.0056843962486561855 0.00097832984535246685 -0.00016191519913687997 3.4967159698487093e-05 0.0020113981359116966
leaf_weight=547 330 1205 2340 26369 31515 1658
leaf_count=547 330 1205 2340 26369 31515 1658
internal_value=-5.41392e-05 -0.000221064 -0.00128643 -8.07479e-05 9.76287e-05 0.00013375
internal_weight=63964 30461 3545 26916 33503 33173
internal_count=63964 30461 3545 26916 33503 33173
is_linear=0
shrinkage=0.12


Tree=222
num_leaves=8
num_cat=0
split_feature=69 82 4 8 66 84 66
split_gain=0.103346 0.352524 0.784899 0.371651 0.23015 1.62553 1.00856
threshold=25.500000000000004 1.0000000180025095e-35 134.94499969482425 4.2404210567474374 3.7156250476837163 1.0000000180025095e-35 3.9281250238418584
decision_type=2 2 2 2 2 2 2
left_child=4 3 -3 -2 5 -1 -6
right_child=1 2 -4 -5 6 -7 -8
leaf_value=-0.0036527892178194969 0.0026164450205938966 -0.0057705982707307807 0.00037076310588075401 0.00029535079082030794 0.0045482393879997104 0.0040503205248941234 -0.00012371898667853676
leaf_weight=1352 1165 420 1046 6743 674 557 52007
leaf_count=1352 1165 420 1046 6743 674 557 52007
internal_value=-4.76425e-05 0.000320448 -0.0013887 0.000637292 -0.00011085 -0.00140521 -6.3946e-05
internal_weight=63964 9374 1466 7908 54590 1909 52681
internal_count=63964 9374 1466 7908 54590 1909 52681
is_linear=0
shrinkage=0.12


Tree=223
num_leaves=8
num_cat=0
split_feature=62 11 85 66 55 41 75
split_gain=0.0953062 0.253858 0.309318 0.237862 0.168474 0.467653 0.167356
threshold=-0.56964761018753041 1.5000000000000002 0.37500000000000006 9.6395831108093279 0.43574912846088415 0.20080202817916873 10.500000000000002
decision_type=2 2 2 2 2 2 2
left_child=1 3 -3 -1 6 -6 -2
right_child=4 2 -4 -5 5 -7 -8
leaf_value=-0.00093949234477352884 -2.5891217268631942e-05 -0.0045761988919111899 -0.00051931979001894996 7.1962405112095413e-05 1.4723730463493457e-05 0.0046251906085767432 0.0015007849723565007
leaf_weight=4291 40594 420 761 15236 1166 435 1061
leaf_count=4291 40594 420 761 15236 1166 435 1061
internal_value=-4.19254e-05 -0.000253629 -0.00196207 -0.000150302 5.94237e-05 0.00126741 1.2995e-05
internal_weight=63964 20708 1181 19527 43256 1601 41655
internal_count=63964 20708 1181 19527 43256 1601 41655
is_linear=0
shrinkage=0.12


Tree=224
num_leaves=8
num_cat=0
split_feature=90 55 69 74 47 55 33
split_gain=0.0879395 0.215073 0.15414 0.471361 0.22569 0.0806513 0.0459948
threshold=1.0000000180025095e-35 0.044605506584048278 28.500000000000004 3.5000000000000004 0.030907614156603817 0.10975692793726922 0.53294122219085704
decision_type=2 2 2 2 2 2 2
left_child=2 6 4 -4 -1 -3 -2
right_child=1 5 3 -5 -6 -7 -8
leaf_value=-0.001826351425324295 -0.0034280080268233536 -0.00085363944904087534 0.00018069553513720116 0.0032381435381909521 -3.6317039095881241e-05 0.00024888493794528963 -0.0014333898077970124
leaf_weight=1035 368 1620 6864 812 50632 2329 304
leaf_count=1035 368 1620 6864 812 50632 2329 304
internal_value=-3.68944e-05 -0.000541117 2.36909e-06 0.000504125 -7.21752e-05 -0.000203404 -0.00252568
internal_weight=63964 4621 59343 7676 51667 3949 672
internal_count=63964 4621 59343 7676 51667 3949 672
is_linear=0
shrinkage=0.12


Tree=225
num_leaves=7
num_cat=0
split_feature=24 76 72 72 72 0
split_gain=0.114555 0.305425 0.304325 0.594549 0.490904 0.223192
threshold=12.354086875915529 0.075813435018062605 4.0906250476837167 3.1156250238418584 5.2781250476837167 3.4364999532699589
decision_type=2 2 2 2 2 2
left_child=1 -1 3 -2 -4 -3
right_child=2 5 4 -5 -6 -7
leaf_value=0.0026068389143282075 -4.4216726894935067e-06 -0.0016366808348683302 -0.0028400140909469727 0.0063585648711019177 0.00030846211257105135 -8.6448693771134572e-05
leaf_weight=594 554 1377 752 342 13790 46453
leaf_count=594 554 1377 752 342 13790 46453
internal_value=-6.74684e-06 -9.7494e-05 0.000277897 0.00242431 0.000145647 -0.000131079
internal_weight=63862 48424 15438 896 14542 47830
internal_count=63862 48424 15438 896 14542 47830
is_linear=0
shrinkage=0.12


Tree=226
num_leaves=4
num_cat=0
split_feature=8 7 13
split_gain=0.0911446 0.0900184 0.151818
threshold=13.284243106842043 10.72529983520508 0.70034998655319225
decision_type=2 2 2
left_child=1 2 -1
right_child=-2 -3 -4
leaf_value=-0.002660145327817305 -0.0016279507872488024 0.0015173517899134082 6.310719131036018e-06
leaf_weight=309 495 563 62495
leaf_count=309 495 563 62495
internal_value=-5.93723e-06 6.73336e-06 -6.80843e-06
internal_weight=63862 63367 62804
internal_count=63862 63367 62804
is_linear=0
shrinkage=0.12


Tree=227
num_leaves=7
num_cat=0
split_feature=49 12 78 69 33 65
split_gain=0.105061 0.427716 0.245298 0.172636 0.792292 0.273329
threshold=1.0468750000000002 0.96935001015663158 1.0000000180025095e-35 25.500000000000004 0.24830693751573565 12.500000000000002
decision_type=2 2 2 2 2 2
left_child=1 -1 -3 5 -5 -2
right_child=3 2 -4 4 -6 -7
leaf_value=-0.0046147255487137169 -0.0018779036939252046 -0.00062675765435183382 0.0010458532001536849 0.0066434979596056553 0.00033706916521885954 2.6560583956057815e-05
leaf_weight=336 1109 5346 1653 306 4588 50524
leaf_count=336 1109 5346 1653 306 4588 50524
internal_value=-5.22476e-06 -0.000432502 -0.000231726 5.02191e-05 0.000731382 -1.43445e-05
internal_weight=63862 7335 6999 56527 4894 51633
internal_count=63862 7335 6999 56527 4894 51633
is_linear=0
shrinkage=0.12


Tree=228
num_leaves=8
num_cat=0
split_feature=49 47 2 51 53 53 12
split_gain=0.0935773 0.244286 0.284042 0.161563 0.119191 0.509517 0.328292
threshold=1.7593750357627871 0.1098310984671116 215.81999969482425 0.13626256585121158 2.5656249523162846 2.5406249761581425 2.5242500305175786
decision_type=2 2 2 2 2 2 2
left_child=4 2 -2 -3 5 -1 -6
right_child=1 3 -4 -5 6 -7 -8
leaf_value=6.1128930673129249e-05 -0.0024631990102225759 -0.00047626665822071896 -0.00033121821993598293 0.00081502331086093097 -0.0018870553828806147 0.0032920067573462899 0.00031098528769630363
leaf_weight=49515 1377 2827 2597 2755 1630 713 2448
leaf_count=49515 1377 2827 2597 2755 1630 713 2448
internal_value=-4.59779e-06 -0.000350881 -0.00106995 0.00016105 5.63362e-05 0.000106992 -0.000567584
internal_weight=63862 9556 3974 5582 54306 50228 4078
internal_count=63862 9556 3974 5582 54306 50228 4078
is_linear=0
shrinkage=0.12


Tree=229
num_leaves=5
num_cat=0
split_feature=28 45 51 28
split_gain=0.091928 0.1055 0.180092 0.14385
threshold=158.59754943847659 1.0406250357627871 0.11132426559925081 72.229507446289077
decision_type=2 2 2 2
left_child=1 3 -3 -1
right_child=-2 2 -4 -5
leaf_value=-0.00013699096866052197 0.0019997340502116612 -0.001148082616837314 7.5835551310104117e-05 0.00024718812599418548
leaf_weight=30416 328 3043 4016 26059
leaf_count=30416 328 3043 4016 26059
internal_value=-4.04605e-06 -1.43907e-05 -0.000451772 4.0279e-05
internal_weight=63862 63534 7059 56475
internal_count=63862 63534 7059 56475
is_linear=0
shrinkage=0.12


Tree=230
num_leaves=8
num_cat=0
split_feature=64 54 54 50 57 2 62
split_gain=0.12005 0.366363 0.714877 0.199079 0.158498 0.218115 0.196768
threshold=1.0000000180025095e-35 -0.074067249894142137 -0.19847502559423444 0.054436698555946357 3.5656249523162846 254.89499664306643 9.355131149291994
decision_type=2 2 2 2 2 2 2
left_child=4 2 -2 -3 6 -6 -1
right_child=1 3 -4 -5 5 -7 -8
leaf_value=1.7802834371408557e-06 -0.0012543333439157698 -0.002719311881990003 0.0023959351549889631 8.1309094497296968e-05 -0.0012781171016996357 -1.4928177956910716e-05 0.0030819240478764708
leaf_weight=38387 1086 376 2677 13080 3464 4559 301
leaf_count=38387 1086 376 2677 13080 3464 4559 301
internal_value=2.49228e-05 0.000295765 0.00134247 3.05155e-06 -7.49172e-05 -0.000560321 2.57444e-05
internal_weight=63930 17219 3763 13456 46711 8023 38688
internal_count=63930 17219 3763 13456 46711 8023 38688
is_linear=0
shrinkage=0.12


Tree=231
num_leaves=8
num_cat=0
split_feature=64 54 54 61 85 62 50
split_gain=0.0929669 0.286708 0.539234 0.22483 0.605251 0.277724 0.204504
threshold=1.0000000180025095e-35 -0.07048939540982245 -0.19847502559423444 3.2968750000000004 0.37500000000000006 0.70111787319183361 0.054436698555946357
decision_type=2 2 2 2 2 2 2
left_child=3 2 -2 5 -5 -1 -3
right_child=1 6 -4 4 -6 -7 -8
leaf_value=-3.4952930441393772e-05 -0.0011038133305479297 -0.0029775418261567561 0.0020455234988298724 -0.0021732437789706389 0.00037886991058732591 0.001539386320528592 7.0013859156322199e-05
leaf_weight=39642 1086 325 2805 2478 2909 1682 13003
leaf_count=39642 1086 325 2805 2478 2909 1682 13003
internal_value=2.19321e-05 0.000260273 0.00116653 -6.59271e-05 -0.000795093 2.9127e-05 -4.30004e-06
internal_weight=63930 17219 3891 46711 5387 41324 13328
internal_count=63930 17219 3891 46711 5387 41324 13328
is_linear=0
shrinkage=0.12


Tree=232
num_leaves=8
num_cat=0
split_feature=75 84 57 69 66 85 69
split_gain=0.0824496 0.316588 0.314813 0.27021 0.16073 0.427499 0.413377
threshold=5.5000000000000009 1.0000000180025095e-35 3.1531250476837163 9.5000000000000018 11.510937213897707 0.37500000000000006 8.5000000000000018
decision_type=2 2 2 2 2 2 2
left_child=4 3 -3 -2 5 -1 -6
right_child=1 2 -4 -5 6 -7 -8
leaf_value=0.00056081722607833815 -0.00095011558306833457 0.0024731718759550022 4.4419200992218348e-05 0.00045548701390612584 -0.0015335736136206921 -0.00026097587668867244 -3.5457990128630699e-05
leaf_weight=15895 3151 1660 1431 5252 3426 21371 11744
leaf_count=15895 3151 1660 1431 5252 3426 21371 11744
internal_value=1.93003e-05 0.000310373 0.00134876 -7.15931e-05 -4.45032e-05 8.95421e-05 -0.000373793
internal_weight=63930 11494 3091 8403 52436 37266 15170
internal_count=63930 11494 3091 8403 52436 37266 15170
is_linear=0
shrinkage=0.12


Tree=233
num_leaves=8
num_cat=0
split_feature=60 22 85 0 22 85 13
split_gain=0.0863904 0.483017 1.19952 0.278818 0.206968 1.02217 0.197348
threshold=1.0000000180025095e-35 1.9958500266075136 0.37500000000000006 56.359949111938484 1.8887583017349245 0.37500000000000006 2.2410500049591069
decision_type=2 2 2 2 2 2 2
left_child=4 2 -2 -3 5 -1 -6
right_child=1 3 -4 -5 6 -7 -8
leaf_value=-0.001848148957373906 0.0029673331447362646 -0.0001146035028665141 -0.0002825775051111447 -0.0028006381967023083 -0.0014974683876159722 0.00036178514966301483 0.00014012119448764815
leaf_weight=4865 2750 9799 4035 590 1095 7921 32875
leaf_count=4865 2750 9799 4035 590 1095 7921 32875
internal_value=1.69842e-05 0.000247152 0.00103463 -0.000267146 -6.7559e-05 -0.000479082 8.73346e-05
internal_weight=63930 17174 6785 10389 46756 12786 33970
internal_count=63930 17174 6785 10389 46756 12786 33970
is_linear=0
shrinkage=0.12


Tree=234
num_leaves=6
num_cat=0
split_feature=35 59 20 55 0
split_gain=0.0787218 0.0959593 0.101049 0.053413 0.0389479
threshold=200.75000000000003 19999995.000000004 13.523822307586672 0.057031849399209029 5.9630498886108407
decision_type=2 2 2 2 2
left_child=3 2 -2 -1 -5
right_child=1 -3 -4 4 -6
leaf_value=0.00076995222022475007 -0.00082727103523350359 0.0020439762763587921 6.5060334435726824e-05 -0.00024523750824187825 -0.0010605173399533534
leaf_weight=415 1887 345 57900 1610 1773
leaf_count=415 1887 345 57900 1610 1773
internal_value=1.49461e-05 4.84119e-05 3.68965e-05 -0.000514902 -0.000672518
internal_weight=63930 60132 59787 3798 3383
internal_count=63930 60132 59787 3798 3383
is_linear=0
shrinkage=0.12


Tree=235
num_leaves=8
num_cat=0
split_feature=58 59 53 12 53 63 5
split_gain=0.0870067 0.360114 0.339198 0.248475 0.160608 0.251072 0.214085
threshold=1.0000000180025095e-35 1.7350797057151797 2.6531250476837163 2.8096499443054204 2.4343750476837163 11.609964847564699 3.5917999744415288
decision_type=2 2 2 2 2 2 2
left_child=4 3 -3 -2 6 -6 -1
right_child=1 2 -4 -5 5 -7 -8
leaf_value=0.00022066541407356988 -0.0055445973928303664 -0.00037585026138247057 0.0034505895515273247 -0.00072379013689437711 -0.00062234505487502147 0.00064060671176399155 -0.0010135143276427279
leaf_weight=43784 313 4549 360 303 9520 2975 2122
leaf_count=43784 313 4549 360 303 9520 2975 2122
internal_value=1.67337e-05 -0.000438425 -9.52395e-05 -0.00317332 5.97938e-05 -0.000321642 0.000163616
internal_weight=63926 5525 4909 616 58401 12495 45906
internal_count=63926 5525 4909 616 58401 12495 45906
is_linear=0
shrinkage=0.12


Tree=236
num_leaves=7
num_cat=0
split_feature=41 29 85 55 19 41
split_gain=0.0875359 0.245303 0.520457 0.189765 0.133772 0.137114
threshold=0.22893385589122775 6.6078538894653329 1.0000000180025095e-35 0.4508179128170014 0.025000000372529033 0.21183715760707858
decision_type=2 2 2 2 2 2
left_child=4 2 -2 -3 -1 -6
right_child=1 3 -4 -5 5 -7
leaf_value=0.0024700943177264705 -0.0058371724577243721 -0.00017114051324136999 -0.00045118791212344814 0.0024648868303038911 2.8170824596762938e-05 0.00098588563869754921
leaf_weight=337 341 11649 1066 407 47872 2254
leaf_count=337 341 11649 1066 407 47872 2254
internal_value=1.47257e-05 -0.000257138 -0.00175653 -8.21505e-05 8.7256e-05 7.12361e-05
internal_weight=63926 13463 1407 12056 50463 50126
internal_count=63926 13463 1407 12056 50463 50126
is_linear=0
shrinkage=0.12


Tree=237
num_leaves=7
num_cat=0
split_feature=90 54 59 47 59 13
split_gain=0.0790745 0.178502 0.0875519 0.341805 0.219086 0.0760854
threshold=1.0000000180025095e-35 0.090066462755203261 0.15789512544870379 0.15044368058443072 1.1625789403915407 8.3388500213623065
decision_type=2 2 2 2 2 2
left_child=2 -2 3 -1 -4 -3
right_child=1 5 4 -5 -6 -7
leaf_value=0.00058183196099744958 -0.0029879817392511076 -0.00060263278304460819 -0.00087677538366111492 -0.00035864512737683119 4.1108394652590074e-05 0.0004674765548005121
leaf_weight=14827 371 2859 4254 8908 31269 1438
leaf_count=14827 371 2859 4254 8908 31269 1438
internal_value=1.29586e-05 -0.000462561 5.04173e-05 0.000228861 -6.88113e-05 -0.000244518
internal_weight=63926 4668 59258 23735 35523 4297
internal_count=63926 4668 59258 23735 35523 4297
is_linear=0
shrinkage=0.12


Tree=238
num_leaves=7
num_cat=0
split_feature=51 55 22 55 66 22
split_gain=0.0722814 0.262293 0.255999 0.128931 0.614169 0.136833
threshold=0.066209092736244216 0.48462313413620001 1.5603666901588442 0.46612845361232763 11.513541698455812 1.8887583017349245
decision_type=2 2 2 2 2 2
left_child=1 2 -1 5 -5 -2
right_child=3 -3 -4 4 -6 -7
leaf_value=0.00082620449061328381 -0.00027280306517528434 -0.0034817809707902627 -0.00042111333784696306 0.0029279336985745274 -0.0018462740945037344 0.00017296375571437925
leaf_weight=3040 13969 348 10742 1026 624 34177
leaf_count=3040 13969 348 10742 1026 624 34177
internal_value=1.14036e-05 -0.000228139 -0.000145983 7.93755e-05 0.00112242 4.36297e-05
internal_weight=63926 14130 13782 49796 1650 48146
internal_count=63926 14130 13782 49796 1650 48146
is_linear=0
shrinkage=0.12


Tree=239
num_leaves=7
num_cat=0
split_feature=66 73 84 66 5 68
split_gain=0.0713881 0.849485 1.95606 0.31667 0.247536 0.393314
threshold=3.5781250000000004 391.26876831054693 1.0000000180025095e-35 5.1281249523162851 3.6254500150680546 1.0000000180025095e-35
decision_type=2 2 2 2 2 2
left_child=4 2 -2 -3 5 -1
right_child=1 3 -4 -5 -6 -7
leaf_value=-9.24604566845369e-05 7.6479111406563239e-05 -0.0011884865276134552 0.010241805465662737 6.0105009590485803e-05 0.0030755460224829809 -0.0024024713379030005
leaf_weight=7513 922 3105 387 50461 302 1236
leaf_count=7513 922 3105 387 50461 302 1236
internal_value=1.00351e-05 6.15362e-05 0.00308181 -1.22707e-05 -0.000302209 -0.000418803
internal_weight=63926 54875 1309 53566 9051 8749
internal_count=63926 54875 1309 53566 9051 8749
is_linear=0
shrinkage=0.12


Tree=240
num_leaves=8
num_cat=0
split_feature=53 50 50 84 5 54 5
split_gain=0.117033 0.211254 0.343678 0.291549 0.149924 0.379284 0.182192
threshold=2.3406250476837163 -0.029173981398344036 0.017989277839660648 1.0000000180025095e-35 3.9222500324249272 -0.10956175252795218 3.5503500699996953
decision_type=2 2 2 2 2 2 2
left_child=4 3 -3 -2 6 -6 -1
right_child=1 2 -4 -5 5 -7 -8
leaf_value=0.00011445484641684571 -0.0022414406623777841 0.0019569341190143292 -0.00024839673352032587 0.00077353981846608132 0.0045532182939233209 -0.0011549055615227809 -0.0012439886130081968
leaf_weight=41607 1572 1082 17090 654 357 316 1472
leaf_count=41607 1572 1082 17090 654 357 316 1472
internal_value=-1.48687e-05 -0.000252248 -0.000117087 -0.00135564 9.58018e-05 0.00187303 6.80371e-05
internal_weight=64150 20398 18172 2226 43752 673 43079
internal_count=64150 20398 18172 2226 43752 673 43079
is_linear=0
shrinkage=0.12


Tree=241
num_leaves=8
num_cat=0
split_feature=36 85 5 54 14 76 6
split_gain=0.13763 0.340059 0.751328 0.304846 0.136209 0.2133 0.187302
threshold=-64.862651824951158 0.37500000000000006 3.109300017356873 -0.20229424536228177 -1.1644499897956846 0.63821440935134899 9.0191998481750506
decision_type=2 2 2 2 2 2 2
left_child=1 2 -1 -3 5 -2 -6
right_child=4 3 -4 -5 6 -7 -8
leaf_value=-0.0016708911890972189 0.0017128488075333066 -0.0010926523692493157 0.0056657834224243557 -0.0053759934256497202 6.7449810576143473e-07 -0.00091092071430512944 -0.0029194013633159041
leaf_weight=605 1541 825 301 337 59595 628 318
leaf_count=605 1541 825 301 337 59595 628 318
internal_value=-1.30844e-05 -0.00097613 0.000766569 -0.00233489 1.89953e-05 0.000953177 -1.48244e-05
internal_weight=64150 2068 906 1162 62082 2169 59913
internal_count=64150 2068 906 1162 62082 2169 59913
is_linear=0
shrinkage=0.12


Tree=242
num_leaves=8
num_cat=0
split_feature=29 59 85 69 58 2 5
split_gain=0.106581 0.303341 0.613961 0.239841 0.117713 0.324366 0.124459
threshold=-64.862651824951158 3.6663533449172978 0.37500000000000006 3.5000000000000004 -53.856201171874993 182.93000030517581 3.9222500324249272
decision_type=2 2 2 2 2 2 2
left_child=1 3 -3 -1 5 -2 -6
right_child=4 2 -4 -5 6 -7 -8
leaf_value=0.00072279049592636384 -0.0036317320595520928 0.0043833276819742204 -0.002063409984484912 -0.003100180702493998 2.8740467847186996e-05 -9.3372476658995748e-05 0.0015440312163508701
leaf_weight=322 472 390 468 888 59039 1780 791
leaf_count=322 472 390 468 888 59039 1780 791
internal_value=-1.15143e-05 -0.000858994 0.000866925 -0.00208283 1.67159e-05 -0.000834982 4.87738e-05
internal_weight=64150 2068 858 1210 62082 2252 59830
internal_count=64150 2068 858 1210 62082 2252 59830
is_linear=0
shrinkage=0.12


Tree=243
num_leaves=8
num_cat=0
split_feature=53 53 20 54 63 58 22
split_gain=0.0919786 0.251979 0.306148 0.231729 0.627502 0.253732 0.16789
threshold=2.3031250238418584 2.2843749523162846 30.223693847656254 -0.2246882691979408 15.853727817535402 -28.212900161743161 3.611724972724915
decision_type=2 2 2 2 2 2 2
left_child=1 6 -3 4 -2 -5 -1
right_child=3 2 -4 5 -6 -7 -8
leaf_value=-5.0188265587684753e-05 -0.0024553454087768069 0.001993223837334775 -0.0018850400293229281 -0.0013084261293168343 0.002953923153778076 5.4459487627798046e-05 0.0008272737114211929
leaf_weight=34945 1630 1803 350 2189 381 19402 3450
leaf_count=34945 1630 1803 350 2189 381 19402 3450
internal_value=-1.01326e-05 9.9494e-05 0.00136276 -0.00019847 -0.00143052 -8.37164e-05 2.86565e-05
internal_weight=64150 40548 2153 23602 2011 21591 38395
internal_count=64150 40548 2153 23602 2011 21591 38395
is_linear=0
shrinkage=0.12


Tree=244
num_leaves=8
num_cat=0
split_feature=54 5 55 19 55 41 61
split_gain=0.0737236 0.0886018 0.265993 0.178262 0.0460721 0.0339513 0.0313455
threshold=0.34420454502105718 0.97455000877380382 0.24651109427213672 0.074999999254941954 0.098259355872869505 0.14644201099872592 3.8656250238418584
decision_type=2 2 2 2 2 2 2
left_child=1 2 -1 -3 6 -6 -2
right_child=4 3 -4 -5 5 -7 -8
leaf_value=7.8835628357761114e-05 -0.00051038964394504885 -0.0018451226177140789 0.0016175136778449541 -2.1462606304160322e-05 -0.0003636411423610773 -0.0011651146908254492 0.00075518017478900341
leaf_weight=11200 533 785 1891 46085 1631 1427 598
leaf_count=11200 533 785 1891 46085 1631 1427 598
internal_value=-8.91669e-06 2.50855e-05 0.000301098 -5.20061e-05 -0.000495621 -0.000737645 0.000158762
internal_weight=64150 59961 13091 46870 4189 3058 1131
internal_count=64150 59961 13091 46870 4189 3058 1131
is_linear=0
shrinkage=0.12


Tree=245
num_leaves=5
num_cat=0
split_feature=15 45 59 46
split_gain=0.318725 0.0993004 0.275941 0.106827
threshold=-0.52453747391700734 1.0968750119209292 0.94485008716583263 0.21602907776832583
decision_type=2 2 2 2
left_child=-1 3 -3 -2
right_child=1 2 -4 -5
leaf_value=-0.0039245536597591127 0.00033412729830190345 -0.0018457917065673613 4.7845617894596823e-05 -4.8560821962302783e-05
leaf_weight=300 13745 1554 3862 44546
leaf_count=300 13745 1554 3862 44546
internal_value=-2.23656e-05 -3.99e-06 -0.000495491 4.16769e-05
internal_weight=64007 63707 5416 58291
internal_count=64007 63707 5416 58291
is_linear=0
shrinkage=0.12


Tree=246
num_leaves=5
num_cat=0
split_feature=15 45 54 61
split_gain=0.24682 0.0768982 0.241798 0.111489
threshold=-0.52453747391700734 1.0968750119209292 -0.27930817008018488 3.3406250476837163
decision_type=2 2 2 2
left_child=-1 3 -3 -2
right_child=1 2 -4 -5
leaf_value=-0.0034536072099566805 0.00015535814579404564 0.0028348655990942636 -0.00063258066840536436 -0.00019538810220018699
leaf_weight=300 38567 307 5109 19724
leaf_count=300 38567 307 5109 19724
internal_value=-1.96818e-05 -3.5112e-06 -0.000436032 3.66757e-05
internal_weight=64007 63707 5416 58291
internal_count=64007 63707 5416 58291
is_linear=0
shrinkage=0.12


Tree=247
num_leaves=5
num_cat=0
split_feature=15 76 76 54
split_gain=0.191138 0.0826202 0.171098 0.125316
threshold=-0.52453747391700734 0.12726215273141864 0.31037074327468878 -0.014541635289788244
decision_type=2 2 2 2
left_child=-1 3 -3 -2
right_child=1 2 -4 -5
leaf_value=-0.0030391743498621509 0.001631980958169453 -0.00049311571848462924 4.8185582266052695e-05 0.00017487141064808219
leaf_weight=300 1014 10231 47209 5253
leaf_count=300 1014 10231 47209 5253
internal_value=-1.73199e-05 -3.08986e-06 -4.8229e-05 0.000410632
internal_weight=64007 63707 57440 6267
internal_count=64007 63707 57440 6267
is_linear=0
shrinkage=0.12


Tree=248
num_leaves=5
num_cat=0
split_feature=15 54 23 53
split_gain=0.148017 0.0749471 0.142335 0.0971058
threshold=-0.52453747391700734 0.29458983242511755 2.1685000658035283 2.3156249523162846
decision_type=2 2 2 2
left_child=-1 3 -3 -2
right_child=1 2 -4 -5
leaf_value=-0.0026744734170366428 0.00015774745870571192 -0.0029163948690299601 -0.00026468156072772625 -0.00016817167736168337
leaf_weight=300 36741 306 6146 20514
leaf_count=300 36741 306 6146 20514
internal_value=-1.52416e-05 -2.71908e-06 -0.000390445 4.09733e-05
internal_weight=64007 63707 6452 57255
internal_count=64007 63707 6452 57255
is_linear=0
shrinkage=0.12


Tree=249
num_leaves=4
num_cat=0
split_feature=15 22 14
split_gain=0.114624 0.0688271 0.0854124
threshold=-0.52453747391700734 0.12079166620969774 -1.4369500279426572
decision_type=2 2 2
left_child=-1 -2 -3
right_child=1 2 -4
leaf_value=-0.0023535365886695218 -0.0014569929794919106 0.0010097737940900843 -1.1117093545136266e-05
leaf_weight=300 465 1203 62039
leaf_count=300 465 1203 62039
internal_value=-1.34126e-05 -2.39279e-06 8.30247e-06
internal_weight=64007 63707 63242
internal_count=64007 63707 63242
is_linear=0
shrinkage=0.12


Tree=250
num_leaves=8
num_cat=0
split_feature=62 50 59 33 16 63 24
split_gain=0.102583 0.276224 0.35891 0.148318 0.126684 0.526306 0.156876
threshold=4.6552038192749032 0.25581794977188116 4.5431604385375985 0.47118480503559118 2.6212134361267094 8.029630661010744 2.7232335805892949
decision_type=2 2 2 2 2 2 2
left_child=4 2 -2 -3 5 -1 -6
right_child=1 3 -4 -5 6 -7 -8
leaf_value=9.1012554898895485e-05 -4.3300500348104686e-05 0.0026385862252298201 -0.0033538896159178958 -0.00015281848279668315 -0.0015204310557905207 0.0054620927891623726 3.5828797985754139e-05
leaf_weight=1511 1016 393 880 906 948 318 57888
leaf_count=1511 1016 393 880 906 948 318 57888
internal_value=6.42419e-06 -0.000656308 -0.00157986 0.000691694 4.13279e-05 0.00102486 1.07534e-05
internal_weight=63860 3195 1896 1299 60665 1829 58836
internal_count=63860 3195 1896 1299 60665 1829 58836
is_linear=0
shrinkage=0.12


Tree=251
num_leaves=6
num_cat=0
split_feature=41 28 19 24 19
split_gain=0.0987704 0.207834 0.127249 0.106906 0.0958921
threshold=0.45072145760059362 45.181859970092781 0.025000000372529033 12.806193351745607 0.074999999254941954
decision_type=2 2 2 2 2
left_child=2 -2 -1 -3 -4
right_child=1 3 4 -5 -6
leaf_value=0.0021689005207910666 -0.0035127132677697705 0.00012736930667672536 -0.0014430412631997256 -0.0019869069990656701 3.7029979350304067e-05
leaf_weight=400 336 1698 637 432 60357
leaf_count=400 336 1698 637 432 60357
internal_value=5.65329e-06 -0.000738987 3.55631e-05 -0.000301442 2.15726e-05
internal_weight=63860 2466 61394 2130 60994
internal_count=63860 2466 61394 2130 60994
is_linear=0
shrinkage=0.12


Tree=252
num_leaves=6
num_cat=0
split_feature=41 5 29 19 19
split_gain=0.0844365 0.180836 0.213752 0.130381 0.108929
threshold=0.22893385589122775 3.5152999162673955 6.6078538894653329 0.025000000372529033 0.26953125000000006
decision_type=2 2 2 2 2
left_child=3 2 -2 -1 -5
right_child=1 -3 -4 4 -6
leaf_value=0.0024287815749769941 -0.0018055550895858174 0.0023049944855847567 -0.000176985761569563 -0.00011602793174361072 0.00023806888330745997
leaf_weight=337 1287 384 11811 25092 24949
leaf_count=337 1287 384 11811 25092 24949
internal_value=4.97489e-06 -0.000261757 -0.000337008 7.63569e-05 6.05145e-05
internal_weight=63860 13482 13098 50378 50041
internal_count=63860 13482 13098 50378 50041
is_linear=0
shrinkage=0.12


Tree=253
num_leaves=8
num_cat=0
split_feature=62 19 5 59 50 58 29
split_gain=0.0788644 0.238926 0.230556 0.188535 0.096382 0.659151 0.178547
threshold=4.6552038192749032 0.24270833283662799 1.7763000130653384 6.2965555191040048 0.063775006681680693 0.57754147052764904 7.2100963592529306
decision_type=2 2 2 2 2 2 2
left_child=4 2 -2 -3 5 -1 -6
right_child=1 3 -4 -5 6 -7 -8
leaf_value=0.00012322843662631406 -0.00014232279548078593 0.00061693965248047855 -0.0041902183797236613 -0.0019187184456558363 -0.00094883361388074642 0.0038978205688189669 1.03464857339232e-05
leaf_weight=14625 372 1829 445 549 2992 698 42350
leaf_count=14625 372 1829 445 549 2992 698 42350
internal_value=4.37791e-06 -0.000576709 -0.00234711 3.15417e-05 3.49816e-05 0.00029517 -5.29473e-05
internal_weight=63860 3195 817 2378 60665 15323 45342
internal_count=63860 3195 817 2378 60665 15323 45342
is_linear=0
shrinkage=0.12


Tree=254
num_leaves=7
num_cat=0
split_feature=19 76 76 28 23 51
split_gain=0.081199 0.272615 0.466192 0.13451 0.234088 0.144347
threshold=0.20833332836627963 0.75989404320716869 0.70722740888595592 43.337701797485359 8.8825206756591815 0.53567549586296093
decision_type=2 2 2 2 2 2
left_child=1 2 -1 4 -2 -5
right_child=3 -3 -4 5 -6 -7
leaf_value=0.000117931936184063 -0.00083268803686503007 -0.0025550702672301078 0.0039068486078618798 5.7568867608518525e-05 0.0023566738412626547 -0.0012637903492643968
leaf_weight=1866 4793 340 624 54664 356 1217
leaf_count=1866 4793 340 624 54664 356 1217
internal_value=3.85256e-06 0.00063223 0.00106744 -2.52857e-05 -0.000612177 2.87917e-05
internal_weight=63860 2830 2490 61030 5149 55881
internal_count=63860 2830 2490 61030 5149 55881
is_linear=0
shrinkage=0.12


Tree=255
num_leaves=8
num_cat=0
split_feature=14 85 24 15 85 12 12
split_gain=0.0964018 0.422896 0.636155 0.180235 0.173328 0.72037 0.466245
threshold=2.640050053596497 1.0000000180025095e-35 6.311903953552247 5.4184999465942392 0.37500000000000006 0.81830000877380382 3.0353000164031987
decision_type=2 2 2 2 2 2 2
left_child=1 2 -1 -3 5 -2 -6
right_child=4 3 -4 -5 6 -7 -8
leaf_value=0.001359123267854722 0.004699007048565634 -0.00042719653664771094 -0.0022717158553214227 -0.0023220810144536914 0.00078778077904748263 -0.00028657880426859167 -0.00027531712751892377
leaf_weight=4141 427 15168 835 759 13280 18440 10749
leaf_count=4141 427 15168 835 759 13280 18440 10749
internal_value=-4.49258e-06 -0.000215803 0.000749849 -0.000517497 9.84779e-05 -0.000173744 0.00031222
internal_weight=63799 20903 4976 15927 42896 18867 24029
internal_count=63799 20903 4976 15927 42896 18867 24029
is_linear=0
shrinkage=0.12


Tree=256
num_leaves=8
num_cat=0
split_feature=1 46 75 62 1 12 46
split_gain=0.126516 0.288556 0.247735 0.153036 0.13817 0.221538 0.143773
threshold=5.1471500396728525 0.29905459284782415 2.5000000000000004 -3.6734050512313838 15.208250045776369 0.96935001015663158 0.21602907776832583
decision_type=2 2 2 2 2 2 2
left_child=1 2 -1 -3 6 -6 -2
right_child=4 3 -4 -5 5 -7 -8
leaf_value=-0.0019006388640201066 0.00055960425935153136 0.002695691959857608 0.0017476358624765335 -8.1124656657066753e-05 -0.0020929744388835307 -0.00014417929696031517 4.0772576139434821e-05
leaf_weight=2322 10101 308 303 3965 895 13669 32236
leaf_count=2322 10101 308 303 3965 895 13669 32236
internal_value=-3.95347e-06 -0.000489292 -0.00147952 0.00011903 5.48832e-05 -0.000263938 0.000164558
internal_weight=63799 6898 2625 4273 56901 14564 42337
internal_count=63799 6898 2625 4273 56901 14564 42337
is_linear=0
shrinkage=0.12


Tree=257
num_leaves=8
num_cat=0
split_feature=1 46 22 53 12 72 53
split_gain=0.0979737 0.223458 0.193858 0.146144 0.117956 0.516653 0.117339
threshold=5.1471500396728525 0.29905459284782415 1.0927500128746035 2.5093749761581425 0.92629998922348034 4.4906251430511483 2.5656249523162846
decision_type=2 2 2 2 2 2 2
left_child=1 2 -1 -3 5 -2 -6
right_child=4 3 -4 -5 6 -7 -8
leaf_value=0.0015527682031601629 0.0032604745076535197 -0.00013060937190928929 -0.0016744998167986186 0.0021973397863136292 0.00015184554337450629 -0.0013387779669263784 -0.000405507774572587
leaf_weight=303 409 3841 2322 432 47844 2511 6137
leaf_count=303 409 3841 2322 432 47844 2511 6137
internal_value=-3.47905e-06 -0.000430577 -0.00130198 0.000104746 4.82972e-05 -0.000694568 8.84811e-05
internal_weight=63799 6898 2625 4273 56901 2920 53981
internal_count=63799 6898 2625 4273 56901 2920 53981
is_linear=0
shrinkage=0.12


Tree=258
num_leaves=5
num_cat=0
split_feature=72 14 8 45
split_gain=0.0753621 0.0787069 0.313252 0.166171
threshold=45.756250381469734 2.640050053596497 7.6015610694885263 0.73437500000000011
decision_type=2 2 2 2
left_child=1 2 -1 -3
right_child=-2 3 -4 -5
leaf_value=-0.0022369511632533701 -0.0015645435268962251 -0.00014500182498475514 -7.7724421906433472e-05 0.00033016687541790116
leaf_weight=1017 442 20414 19886 22040
leaf_count=1017 442 20414 19886 22040
internal_value=-3.06156e-06 7.83187e-06 -0.000182778 0.000101682
internal_weight=63799 63357 20903 42454
internal_count=63799 63357 20903 42454
is_linear=0
shrinkage=0.12


Tree=259
num_leaves=8
num_cat=0
split_feature=1 46 75 9 1 5 46
split_gain=0.0796809 0.173575 0.195768 0.159332 0.0949822 0.251353 0.233671
threshold=5.1471500396728525 0.29905459284782415 2.5000000000000004 1.0000000180025095e-35 12.371000289916994 3.5152999162673955 0.09793065115809442
decision_type=2 2 2 2 2 2 2
left_child=1 2 -1 -3 6 -6 -2
right_child=4 3 -4 -5 5 -7 -8
leaf_value=-0.0015302181199146523 0.0012274887050647831 -0.00023092736025805418 0.0017129140418013649 0.0017892460321132062 -3.2304805037016563e-05 -0.0016069659395676803 8.0904026025770796e-05
leaf_weight=2322 2810 3607 303 666 23825 1555 28711
leaf_count=2322 2810 3607 303 666 23825 1555 28711
internal_value=-2.69418e-06 -0.000387862 -0.00115587 8.39417e-05 4.3999e-05 -0.000128782 0.000183119
internal_weight=63799 6898 2625 4273 56901 25380 31521
internal_count=63799 6898 2625 4273 56901 25380 31521
is_linear=0
shrinkage=0.12


Tree=260
num_leaves=5
num_cat=0
split_feature=28 62 61 70
split_gain=0.126216 0.0975988 0.202446 0.185749
threshold=158.59754943847659 -0.70067584514617909 2.1281249523162846 25.500000000000004
decision_type=2 2 2 2
left_child=1 2 -1 -3
right_child=-2 3 -4 -5
leaf_value=-0.00098317172049377653 0.0023948800615204461 0.00033298322701415999 -3.583695368178424e-05 -0.00016181965995945756
leaf_weight=4078 316 22359 15967 21364
leaf_count=4078 316 22359 15967 21364
internal_value=2.54753e-06 -9.30759e-06 -0.000228565 9.12119e-05
internal_weight=64084 63768 20045 43723
internal_count=64084 63768 20045 43723
is_linear=0
shrinkage=0.12


Tree=261
num_leaves=5
num_cat=0
split_feature=28 41 49 63
split_gain=0.0977417 0.0879723 0.240622 0.0944318
threshold=158.59754943847659 0.5071714222431184 1.2218750119209292 1.0000000180025095e-35
decision_type=2 2 2 2
left_child=1 3 -3 -1
right_child=-2 2 -4 -5
leaf_value=0.00015730625839790058 0.0021074944188968644 -0.0037750900712672417 -0.00015696346990767493 -0.00013891240300491756
leaf_weight=32262 316 329 1354 29823
leaf_count=32262 316 329 1354 29823
internal_value=2.24182e-06 -8.19068e-06 -0.00086425 1.50154e-05
internal_weight=64084 63768 1683 62085
internal_count=64084 63768 1683 62085
is_linear=0
shrinkage=0.12


Tree=262
num_leaves=8
num_cat=0
split_feature=19 58 41 45 76 46 72
split_gain=0.0843649 0.152349 0.241022 0.205707 0.0876625 0.216826 0.142246
threshold=0.48437500000000006 -1.2122145891189573 0.12553957104682925 0.49687500298023229 0.90528309345245372 0.41077920794487005 4.0906250476837167
decision_type=2 2 2 2 2 2 2
left_child=4 2 -2 -3 6 -6 -1
right_child=1 3 -4 -5 5 -7 -8
leaf_value=0.00065115530069344177 0.0043466134604532268 0.0014351262100728182 -6.936436299683506e-05 -0.0024832843632329434 -0.00094149762501787048 0.00066831289281449205 -3.17062971409352e-05
leaf_weight=4798 360 446 352 340 4067 1712 52009
leaf_count=4798 360 446 352 340 4067 1712 52009
internal_value=1.97281e-06 0.000891932 0.00216343 -0.000259861 -1.93284e-05 -0.000464599 2.59692e-05
internal_weight=64084 1498 712 786 62586 5779 56807
internal_count=64084 1498 712 786 62586 5779 56807
is_linear=0
shrinkage=0.12


Tree=263
num_leaves=5
num_cat=0
split_feature=28 72 72 55
split_gain=0.0758744 0.0758933 0.491954 0.249506
threshold=158.59754943847659 6.7406251430511483 7.7562499046325692 0.12787891179323199
decision_type=2 2 2 2
left_child=1 3 -3 -1
right_child=-2 2 -4 -5
leaf_value=9.5372094076273336e-05 0.001856598920193265 0.0016184511190676387 -2.5517809156253458e-05 -0.00085336157683950223
leaf_weight=12195 316 2792 42847 5934
leaf_count=12195 316 2792 42847 5934
internal_value=1.73607e-06 -7.45564e-06 7.50532e-05 -0.000215168
internal_weight=64084 63768 45639 18129
internal_count=64084 63768 45639 18129
is_linear=0
shrinkage=0.12


Tree=264
num_leaves=6
num_cat=0
split_feature=49 5 12 22 75
split_gain=0.0845673 0.31418 0.335765 0.222158 0.203244
threshold=1.4343749880790713 3.9222500324249272 1.1442499756813052 0.20306666940450671 13.500000000000002
decision_type=2 2 2 2 2
left_child=1 2 -1 -2 -5
right_child=3 -3 -4 4 -6
leaf_value=-0.0018487449806383878 -0.0027828201563097534 0.0030370947842654566 -9.8954138650123272e-05 0.00010936770257719523 0.0020194909466555609
leaf_weight=1682 375 437 25827 34942 821
leaf_count=1682 375 437 25827 34942 821
internal_value=1.52774e-06 -0.00015523 -0.000205943 0.000122751 0.000153218
internal_weight=64084 27946 27509 36138 35763
internal_count=64084 27946 27509 36138 35763
is_linear=0
shrinkage=0.12


Tree=265
num_leaves=5
num_cat=0
split_feature=23 24 55 19
split_gain=0.118798 0.0998043 0.21494 0.189943
threshold=0.24703750014305118 13.214327335357668 0.037946002557873733 0.074999999254941954
decision_type=2 2 2 2
left_child=-1 3 -3 -2
right_child=1 2 -4 -5
leaf_value=0.0023225674945551644 -0.0018363260618572332 -0.0019270856399191574 0.00047701759158830931 -4.564422720833974e-05
leaf_weight=316 867 568 9364 52817
leaf_count=316 867 568 9364 52817
internal_value=1.61505e-06 -9.91382e-06 0.00033953 -7.45639e-05
internal_weight=63932 63616 9932 53684
internal_count=63932 63616 9932 53684
is_linear=0
shrinkage=0.12


Tree=266
num_leaves=6
num_cat=0
split_feature=81 14 72 23 76
split_gain=0.0935561 0.768399 0.500971 0.257665 0.119794
threshold=1.0000000180025095e-35 -0.052950000390410416 4.0906250476837167 0.24703750014305118 0.91580218076705944
decision_type=2 2 2 2 2
left_child=3 -2 -3 -1 -5
right_child=1 2 -4 4 -6
leaf_value=0.0035338486386248596 -0.0063538188029519981 0.0017778549911872566 -0.00076588029475604274 7.9271333396676552e-05 -0.00059261395263770903
leaf_weight=304 301 1478 4538 53194 4117
leaf_count=304 301 1478 4538 53194 4117
internal_value=1.42125e-06 -0.000436979 -0.00014094 4.94881e-05 3.10057e-05
internal_weight=63932 6317 6016 57615 57311
internal_count=63932 6317 6016 57615 57311
is_linear=0
shrinkage=0.12


Tree=267
num_leaves=8
num_cat=0
split_feature=90 55 56 78 34 76 28
split_gain=0.0916167 0.13704 0.115018 0.0982205 1.05367 0.368203 0.0894519
threshold=1.0000000180025095e-35 0.131653867661953 1.0000000180025095e-35 1.0000000180025095e-35 0.86377140879631054 0.98080673813819896 85.138607025146499
decision_type=2 2 2 2 2 2 2
left_child=3 2 -2 5 -5 -1 -3
right_child=1 6 -4 4 -6 -7 -8
leaf_value=-5.855335867160257e-05 -0.0022837919982606966 0.00086442071578891628 -0.00056475614652157528 0.002858594300005019 -0.00021185490699383896 0.0037261671259008027 -0.00088800436264413983
leaf_weight=48509 779 1255 1998 1991 8397 373 630
leaf_count=48509 779 1255 1998 1991 8397 373 630
internal_value=1.2507e-06 -0.000510951 -0.00104698 4.15389e-05 0.000376638 -2.96736e-05 0.00027873
internal_weight=63932 4662 2777 59270 10388 48882 1885
internal_count=63932 4662 2777 59270 10388 48882 1885
is_linear=0
shrinkage=0.12


Tree=268
num_leaves=5
num_cat=0
split_feature=22 5 59 34
split_gain=0.0786269 0.277462 0.122584 0.0858497
threshold=0.20306666940450671 3.9222500324249272 1.6154850721359255 1.2540714144706728
decision_type=2 2 2 2
left_child=2 3 -1 -2
right_child=1 -3 -4 -5
leaf_value=0.00034247095651226121 3.7617340254141346e-05 0.0036498504951967552 -0.0028135528659946119 -0.00049570142169190696
leaf_weight=350 58225 301 359 4697
leaf_count=350 58225 301 359 4697
internal_value=1.10061e-06 1.51933e-05 -0.00125557 -2.19383e-06
internal_weight=63932 63223 709 62922
internal_count=63932 63223 709 62922
is_linear=0
shrinkage=0.12


Tree=269
num_leaves=8
num_cat=0
split_feature=75 59 54 2 59 85 59
split_gain=0.0755068 0.507078 0.367903 0.134709 0.127112 0.445051 0.142735
threshold=10.500000000000002 16.132380485534672 -0.041863538324832909 253.21500396728518 19999989.000000004 0.37500000000000006 19999979.000000004
decision_type=2 2 2 2 2 2 2
left_child=4 2 -2 -3 6 -6 -1
right_child=1 3 -4 -5 5 -7 -8
leaf_value=-4.2578803366305559e-05 0.0044684441967710511 -0.0034802796973737071 0.00074077031373923714 -0.00056127978471655251 0.0030641651755833454 -0.00087970025575622303 -0.0023547353924526435
leaf_weight=58745 490 386 1718 555 791 860 387
leaf_count=58745 490 386 1718 555 791 860 387
internal_value=9.68542e-07 0.000573923 0.00156802 -0.00175866 -2.87146e-05 0.00100982 -5.77111e-05
internal_weight=63932 3149 2208 941 60783 1651 59132
internal_count=63932 3149 2208 941 60783 1651 59132
is_linear=0
shrinkage=0.12


Tree=270
num_leaves=7
num_cat=0
split_feature=0 24 36 78 71 66
split_gain=0.108069 0.678099 0.398743 0.208194 0.836599 0.507323
threshold=76.639499664306655 3.7625039815902714 8.5999956130981463 1.0000000180025095e-35 5.5000000000000009 2.1062499284744267
decision_type=2 2 2 2 2 2
left_child=3 -2 -3 5 -5 -1
right_child=1 2 -4 4 -6 -7
leaf_value=-0.0016508508803123598 -0.0052569611032365123 0.0013865802724499427 -0.00059769548492492734 0.0052837847565222387 0.00030161130144376792 5.3996912402631146e-05
leaf_weight=2683 392 1883 6466 505 12464 39781
leaf_count=2683 392 1883 6466 505 12464 39781
internal_value=1.29634e-05 -0.00037919 -0.00015017 7.48004e-05 0.000495612 -5.37204e-05
internal_weight=64174 8741 8349 55433 12969 42464
internal_count=64174 8741 8349 55433 12969 42464
is_linear=0
shrinkage=0.12


Tree=271
num_leaves=7
num_cat=0
split_feature=22 62 31 22 59 22
split_gain=0.101693 0.400218 0.309422 0.157911 0.291629 0.192331
threshold=0.78979167342185985 -27.844399452209469 0.85937500000000011 0.9706999957561494 6.4717781543731698 1.0266000032424929
decision_type=2 2 2 2 2 2
left_child=1 -1 -3 4 -2 -5
right_child=3 2 -4 5 -6 -7
leaf_value=-0.0033585437435797727 -0.0021561084873776169 0.00025593738259547573 0.0026883357673841341 0.0023039973777519655 0.0016643897823642895 -1.6351448349750694e-05
leaf_weight=337 1175 2589 1062 519 381 58111
leaf_count=337 1175 2589 1062 519 381 58111
internal_value=1.14078e-05 0.000598246 0.000963472 -2.74768e-05 -0.00122063 4.18857e-06
internal_weight=64174 3988 3651 60186 1556 58630
internal_count=64174 3988 3651 60186 1556 58630
is_linear=0
shrinkage=0.12


Tree=272
num_leaves=8
num_cat=0
split_feature=46 54 55 55 29 7 63
split_gain=0.0875604 0.421105 0.457078 0.426315 0.21413 0.405604 0.11342
threshold=0.21602907776832583 -0.029936589300632473 0.093566354364156737 0.093566354364156737 12.610716819763185 3.3689999580383305 2.2490662336349492
decision_type=2 2 2 2 2 2 2
left_child=1 3 -3 -1 5 -2 -6
right_child=4 2 -4 -5 6 -7 -8
leaf_value=-0.00033281725223286481 0.00080319157982272876 0.0017919599747227421 -0.0037652299593256325 0.00097813596763798687 -0.00017793647753988558 -0.0033340764614373073 0.00020212011748091911
leaf_weight=6210 603 304 713 8409 28332 786 18817
leaf_count=6210 603 304 713 8409 28332 786 18817
internal_value=1.00389e-05 0.000257003 -0.00210408 0.000421257 -6.95179e-05 -0.00153798 -2.62572e-05
internal_weight=64174 15636 1017 14619 48538 1389 47149
internal_count=64174 15636 1017 14619 48538 1389 47149
is_linear=0
shrinkage=0.12


Tree=273
num_leaves=7
num_cat=0
split_feature=9 22 57 70 5 5
split_gain=0.0862558 0.163684 0.17123 0.148625 0.132239 0.184181
threshold=1.0000000180025095e-35 1.4914833307266238 3.3031250238418584 32.500000000000007 3.8695499897003178 3.0935499668121342
decision_type=2 2 2 2 2 2
left_child=4 2 -2 -3 5 -1
right_child=1 3 -4 -5 -6 -7
leaf_value=-1.2641673186568772e-05 0.001179854584813249 -0.00078565653563643541 -0.00030018383717124794 0.00062472528343237048 0.00217668099578206 -0.00097695986227463701
leaf_weight=50736 4016 2638 1564 1817 381 3022
leaf_count=50736 4016 2638 1564 1817 381 3022
internal_value=8.83422e-06 0.000331975 0.000765019 -0.000210423 -5.1062e-05 -6.68507e-05
internal_weight=64174 10035 5580 4455 54139 53758
internal_count=64174 10035 5580 4455 54139 53758
is_linear=0
shrinkage=0.12


Tree=274
num_leaves=7
num_cat=0
split_feature=0 24 83 78 49 66
split_gain=0.0809226 0.5285 0.405479 0.160583 0.661764 0.38006
threshold=76.639499664306655 3.7625039815902714 0.37500000000000006 1.0000000180025095e-35 0.67499998211860668 2.1062499284744267
decision_type=2 2 2 2 2 2
left_child=3 -2 -3 5 -5 -1
right_child=1 2 -4 4 -6 -7
leaf_value=-0.0014339603840798157 -0.004637802941439559 0.0003994540797574109 -0.0014518145479284939 0.003796532134031081 0.00021254377834609365 4.1643819247978444e-05
leaf_weight=2683 392 5964 2385 790 12179 39781
leaf_count=2683 392 5964 2385 790 12179 39781
internal_value=7.77411e-06 -0.00033157 -0.000129385 6.12839e-05 0.000430861 -5.15892e-05
internal_weight=64174 8741 8349 55433 12969 42464
internal_count=64174 8741 8349 55433 12969 42464
is_linear=0
shrinkage=0.12


Tree=275
num_leaves=6
num_cat=0
split_feature=49 57 55 58 14
split_gain=0.0835014 0.281481 0.175472 0.082561 0.0851402
threshold=1.9781250357627871 0.86562499403953563 0.26610659062862402 10.160957336425783 5.7303001880645761
decision_type=2 2 2 2 2
left_child=3 -2 -3 4 -1
right_child=1 2 -4 -5 -6
leaf_value=0.00013233088076041233 -0.0032097863703247978 0.00036984432207194857 -0.0025394900226117095 -0.0016024052206966696 -0.00016385029072975833
leaf_weight=38726 509 1905 354 452 21868
leaf_count=38726 509 1905 354 452 21868
internal_value=-1.58418e-05 -0.00066048 -8.60673e-05 1.33879e-05 2.54409e-05
internal_weight=63814 2768 2259 61046 60594
internal_count=63814 2768 2259 61046 60594
is_linear=0
shrinkage=0.12


Tree=276
num_leaves=8
num_cat=0
split_feature=70 85 34 2 85 69 76
split_gain=0.0891179 0.428739 1.0396 0.514221 0.20129 1.01258 0.402472
threshold=15.500000000000002 0.37500000000000006 0.86959999799728405 236.00000000000003 0.62500000000000011 12.500000000000002 0.9762399196624757
decision_type=2 2 2 2 2 2 2
left_child=1 2 -1 -3 5 -2 -6
right_child=4 3 -4 -5 6 -7 -8
leaf_value=-0.00077611386406798268 -0.0011263919308918105 -0.0012015904473731422 0.0018353476891875028 0.00041031623967214534 0.00019586123635410209 0.00057872162476556549 -0.0040007915227739475
leaf_weight=3631 11545 5069 5551 6510 22307 8867 334
leaf_count=3631 11545 5069 5551 6510 22307 8867 334
internal_value=-1.39408e-05 0.000190272 0.000802651 -0.000295337 -0.000112416 -0.000385688 0.000133952
internal_weight=63814 20761 9182 11579 43053 20412 22641
internal_count=63814 20761 9182 11579 43053 20412 22641
is_linear=0
shrinkage=0.12


Tree=277
num_leaves=5
num_cat=0
split_feature=53 49 66 66
split_gain=0.0812489 0.0745695 0.227577 0.117605
threshold=3.1374999284744267 1.7531250119209292 3.9281250238418584 11.726041793823244
decision_type=2 2 2 2
left_child=1 3 -3 -1
right_child=-2 2 -4 -5
leaf_value=8.5018418601496271e-05 0.001910204578978231 0.0020837962714861033 -0.00047540376361172057 -0.00056609014700883143
leaf_weight=49678 315 530 8947 4344
leaf_count=49678 315 530 8947 4344
internal_value=-1.22679e-05 -2.18047e-05 -0.000332281 3.26617e-05
internal_weight=63814 63499 9477 54022
internal_count=63814 63499 9477 54022
is_linear=0
shrinkage=0.12


Tree=278
num_leaves=8
num_cat=0
split_feature=70 85 76 23 50 62 50
split_gain=0.0713446 0.341242 0.533932 0.33161 0.160859 0.423222 0.119252
threshold=15.500000000000002 1.0000000180025095e-35 0.39278382062911993 3.4109667539596562 0.24695264548063281 5.4087600708007821 0.26956850290298467
decision_type=2 2 2 2 2 2 2
left_child=1 2 -1 -3 5 -2 -6
right_child=4 3 -4 -5 6 -7 -8
leaf_value=-0.00042547444042881279 -0.00020302803110746503 -0.00052085224027231542 0.0021017700867779583 0.00061741097335235649 0.0012776711913443444 -0.0028148000272873973 8.2560991963475102e-05
leaf_weight=2073 23334 9970 2871 5847 1291 929 17499
leaf_count=2073 23334 9970 2871 5847 1291 929 17499
internal_value=-1.07957e-05 0.000171922 0.00104211 -0.000100076 -9.89059e-05 -0.00030303 0.000164673
internal_weight=63814 20761 4944 15817 43053 24263 18790
internal_count=63814 20761 4944 15817 43053 24263 18790
is_linear=0
shrinkage=0.12


Tree=279
num_leaves=7
num_cat=0
split_feature=16 51 57 6 47 70
split_gain=0.0697043 0.330904 0.273955 0.191264 0.152385 0.0992848
threshold=2.6212134361267094 0.099199913442134871 1.4656249880790713 9.0191998481750506 0.12797050178050998 2.5000000000000004
decision_type=2 2 2 2 2 2
left_child=1 4 -3 5 -1 -2
right_child=3 2 -4 -5 -6 -7
leaf_value=0.0010555270259184517 0.00088582750826033112 -0.0030345775595521851 0.00076144877557097286 -0.0026675818326970476 0.0043663257708438956 -4.1023750935614936e-05
leaf_weight=439 1712 423 776 394 368 59702
leaf_count=439 1712 423 776 394 368 59702
internal_value=-9.50024e-06 0.000686661 -0.000577767 -3.20944e-05 0.00256528 -1.51865e-05
internal_weight=63814 2006 1199 61808 807 61414
internal_count=63814 2006 1199 61808 807 61414
is_linear=0
shrinkage=0.12


Tree=280
num_leaves=8
num_cat=0
split_feature=14 22 22 0 23 51 2
split_gain=0.102205 0.171473 0.181579 0.11946 0.117667 0.523473 0.0992482
threshold=8.5731496810913104 3.9555083513259892 4.0835001468658456 44.760749816894538 9.1559252738952654 0.13060045987367633 106.83499908447267
decision_type=2 2 2 2 2 2 2
left_child=4 3 -3 -2 6 -6 -1
right_child=1 2 -4 -5 5 -7 -8
leaf_value=-0.0013568642549627438 -0.00077670125823319034 0.0011584072571746132 -0.0023482619841654535 -0.0038921536165988572 -0.001376980301060176 0.0038194902408794423 4.4169535484514569e-05
leaf_weight=737 358 713 303 351 548 569 60257
leaf_count=737 358 713 303 351 548 569 60257
internal_value=2.42878e-05 -0.000886831 0.000112619 -0.00231905 4.95922e-05 0.0012701 2.72406e-05
internal_weight=63836 1725 1016 709 62111 1117 60994
internal_count=63836 1725 1016 709 62111 1117 60994
is_linear=0
shrinkage=0.12


Tree=281
num_leaves=8
num_cat=0
split_feature=51 47 50 62 41 47 50
split_gain=0.084467 0.229186 0.215612 0.207793 0.277573 0.203104 0.154978
threshold=0.091530378907918944 0.052207387983798988 0.38609984517097479 -72.404052734374986 0.14334326982498172 0.047404030337929733 0.43753264844417578
decision_type=2 2 2 2 2 2 2
left_child=1 5 -3 4 -2 -1 -5
right_child=3 2 -4 6 -6 -7 -8
leaf_value=0.00037040353618726711 0.0040125822522522258 -0.0005176040530403196 0.00062278299334049721 0.0001752671843084991 -0.0004648336376744458 0.0032071775487846855 -0.00052712818155206274
leaf_weight=3620 450 15687 2816 35313 358 404 5188
leaf_count=3620 450 15687 2816 35313 358 404 5188
internal_value=2.13733e-05 -0.00016555 -0.000344047 0.000123308 0.00202878 0.000655209 8.52934e-05
internal_weight=63836 22527 18503 41309 808 4024 40501
internal_count=63836 22527 18503 41309 808 4024 40501
is_linear=0
shrinkage=0.12


Tree=282
num_leaves=8
num_cat=0
split_feature=0 45 83 59 78 72 72
split_gain=0.0905942 0.238944 0.644676 0.21852 0.152433 0.380114 0.370955
threshold=31.612200736999515 0.32812500000000006 0.37500000000000006 -0.53369507193565358 1.0000000180025095e-35 2.1781250238418584 1.4656249880790713
decision_type=2 2 2 2 2 2 2
left_child=4 2 -2 -3 6 -6 -1
right_child=1 3 -4 -5 5 -7 -8
leaf_value=-0.0030145839811088534 0.0022836791274219413 0.0023551248533357004 -0.0017212707219241223 1.0563617271362627e-05 0.0039297442581937726 0.00013738893737194439 -0.00019641851606801012
leaf_weight=693 2128 584 795 28920 401 7478 22837
leaf_count=693 2128 584 795 28920 401 7478 22837
internal_value=1.88085e-05 0.000159501 0.00119441 5.69717e-05 -0.000126444 0.0003304 -0.000279418
internal_weight=63836 32427 2923 29504 31409 7879 23530
internal_count=63836 32427 2923 29504 31409 7879 23530
is_linear=0
shrinkage=0.12


Tree=283
num_leaves=7
num_cat=0
split_feature=15 62 59 16 34 6
split_gain=0.077717 0.158244 0.338758 0.0991601 0.342387 0.170387
threshold=12.57196092605591 -1.0603567957878111 0.80325120687484752 12.631372928619387 1.0611714124679568 2.6601999998092656
decision_type=2 2 2 2 2 2
left_child=3 -2 -3 5 -5 -1
right_child=1 2 -4 4 -6 -7
leaf_value=-0.00062406656334178039 -0.0027846883146832595 -0.0018236101054852562 0.0020744676935106612 -4.243538898399008e-06 0.0014208557379763102 4.5065344904568701e-05
leaf_weight=6300 426 735 570 10553 3153 42099
leaf_count=6300 426 735 570 10553 3153 42099
internal_value=1.65515e-05 -0.000776536 -0.000121001 3.86565e-05 0.000323594 -4.20342e-05
internal_weight=63836 1731 1305 62105 13706 48399
internal_count=63836 1731 1305 62105 13706 48399
is_linear=0
shrinkage=0.12


Tree=284
num_leaves=7
num_cat=0
split_feature=1 28 45 0 34 72
split_gain=0.0740861 0.17317 0.324034 0.107118 0.702544 0.110134
threshold=20.733049392700199 82.065013885498061 0.59687501192092907 95.225250244140639 1.0394142866134646 0.61875000596046459
decision_type=2 2 2 2 2 2
left_child=3 2 -2 5 -5 -1
right_child=1 -3 -4 4 -6 -7
leaf_value=-0.0019985616606219155 0.00058711506095480775 0.0010757527072144124 -0.0033458863569074664 -0.00036656047994401621 0.0030201769356839672 7.0333744212541545e-06
leaf_weight=397 557 519 658 3043 1242 57420
leaf_count=397 557 519 658 3043 1242 57420
internal_value=1.45653e-05 -0.000759086 -0.00154286 3.6167e-05 0.00061508 -6.73803e-06
internal_weight=63836 1734 1215 62102 4285 57817
internal_count=63836 1734 1215 62102 4285 57817
is_linear=0
shrinkage=0.12


Tree=285
num_leaves=8
num_cat=0
split_feature=46 58 15 22 50 83 50
split_gain=0.0948366 0.36255 0.625212 0.47738 0.139526 0.602052 0.216562
threshold=0.19452849775552752 0.5028294324874879 8.6165184974670428 3.7701125144958501 -0.015612306073307989 0.37500000000000006 0.041471533477306373
decision_type=2 2 2 2 2 2 2
left_child=1 3 -3 -1 5 -2 -6
right_child=4 2 -4 -5 6 -7 -8
leaf_value=0.00033296093361646857 -0.0020117309433779749 -0.00042197812053643206 0.0069909655201571197 -0.0044935822646718741 0.0012625843635958953 0.0020879650565721122 -2.775331332131796e-05
leaf_weight=10068 1872 345 312 304 1948 712 48647
leaf_count=10068 1872 345 312 304 1948 712 48647
internal_value=4.44161e-05 0.000364657 0.00309832 0.000191496 -2.19999e-05 -0.000882093 2.1927e-05
internal_weight=64208 11029 657 10372 53179 2584 50595
internal_count=64208 11029 657 10372 53179 2584 50595
is_linear=0
shrinkage=0.12


Tree=286
num_leaves=8
num_cat=0
split_feature=46 78 0 2 20 50 72
split_gain=0.0734414 0.363061 1.05853 0.538708 0.113168 0.290416 0.233633
threshold=0.19452849775552752 1.0000000180025095e-35 77.240348815917983 206.93499755859378 30.223693847656254 0.061754778027534492 1.4656249880790713
decision_type=2 2 2 2 2 2 2
left_child=1 3 -3 -1 6 -6 -2
right_child=4 2 -4 -5 5 -7 -8
leaf_value=0.00041545852042776713 -0.0022991775883981192 0.00015719875769879232 -0.0063221364707751991 0.0038684283502356692 0.0020628987044797667 9.9525881744459084e-05 -6.6933874951764216e-05
leaf_weight=7662 686 2222 434 711 1244 8481 42768
leaf_count=7662 686 2222 434 711 1244 8481 42768
internal_value=3.90862e-05 0.000320898 -0.000901548 0.00070867 -1.93599e-05 0.000350676 -0.000102174
internal_weight=64208 11029 2656 8373 53179 9725 43454
internal_count=64208 11029 2656 8373 53179 9725 43454
is_linear=0
shrinkage=0.12


Tree=287
num_leaves=7
num_cat=0
split_feature=57 57 2 6 62 57
split_gain=0.075266 0.469734 0.525024 0.257019 0.185192 0.18135
threshold=3.6406250000000004 4.0687499046325692 206.93499755859378 9.0191998481750506 9.1193666458129901 2.6906249523162846
decision_type=2 2 2 2 2 2
left_child=4 2 -2 -3 5 -1
right_child=1 3 -4 -5 -6 -7
leaf_value=1.7377674970170955e-05 -0.0051899161970404388 9.1620199219198762e-05 -0.00067722996752232257 -0.0029293676630253005 0.0024634792414906996 0.0008555221141259647
leaf_weight=39651 529 17785 1245 415 481 4102
leaf_count=39651 529 17785 1245 415 481 4102
internal_value=3.43958e-05 -0.000158949 -0.0020229 2.2735e-05 0.000121701 9.59567e-05
internal_weight=64208 19974 1774 18200 44234 43753
internal_count=64208 19974 1774 18200 44234 43753
is_linear=0
shrinkage=0.12


Tree=288
num_leaves=8
num_cat=0
split_feature=9 24 71 13 24 6 65
split_gain=0.0638676 0.202854 0.24066 0.196522 0.129776 0.261874 0.239424
threshold=1.0000000180025095e-35 3.5714271068573002 86.500000000000014 3.3331500291824345 2.8045762777328496 8.0503997802734393 39.500000000000007
decision_type=2 2 2 2 2 2 2
left_child=4 2 -2 -3 6 -6 -1
right_child=1 3 -4 -5 5 -7 -8
leaf_value=-0.0013242507399723144 0.0029312318710089519 -0.001373181772464447 -0.001018959388230906 0.00033212905670312604 -3.0018018186265647e-05 0.0014561080642191248 0.0018769314275039395
leaf_weight=2237 803 1113 307 7743 49841 1768 396
leaf_count=2237 803 1113 307 7743 49841 1768 396
internal_value=3.02683e-05 0.00030948 0.0018387 0.00011781 -2.10319e-05 2.08931e-05 -0.000842797
internal_weight=64208 9966 1110 8856 54242 51609 2633
internal_count=64208 9966 1110 8856 54242 51609 2633
is_linear=0
shrinkage=0.12


Tree=289
num_leaves=5
num_cat=0
split_feature=58 34 19 24
split_gain=0.0737807 0.165274 0.0766266 0.0761424
threshold=6.1042473316192636 0.97081428766250621 0.025000000372529033 14.235174655914308
decision_type=2 2 2 2
left_child=2 -2 -1 -4
right_child=1 -3 3 -5
leaf_value=0.0016929307881879642 0.00041070683481235872 -0.0025570253323623907 5.7897594995243577e-05 -0.0006671692169062832
leaf_weight=403 588 500 60557 2160
leaf_count=403 588 500 60557 2160
internal_value=2.66361e-05 -0.000953141 4.35246e-05 3.2926e-05
internal_weight=64208 1088 63120 62717
internal_count=64208 1088 63120 62717
is_linear=0
shrinkage=0.12


Tree=290
num_leaves=7
num_cat=0
split_feature=57 34 13 84 13 59
split_gain=0.122303 0.324543 0.649608 0.346954 0.197182 0.137946
threshold=3.4031250476837163 1.2591714262962344 6.4233500957489023 1.0000000180025095e-35 0.92809998989105236 -0.12402901053428649
decision_type=2 2 2 2 2 2
left_child=4 3 -3 -2 -1 -6
right_child=1 2 -4 -5 5 -7
leaf_value=0.0023772926045123725 0.00017807986746119292 -0.0032078852447088601 0.0024703701818979467 -0.00095839675420948645 0.0015572495053791881 1.7510662411493306e-05
leaf_weight=530 13872 1259 377 5364 855 41823
leaf_count=530 13872 1259 377 5364 855 41823
internal_value=-3.82983e-05 -0.000276826 -0.00189939 -0.000138829 7.69247e-05 4.83574e-05
internal_weight=64080 20872 1636 19236 43208 42678
internal_count=64080 20872 1636 19236 43208 42678
is_linear=0
shrinkage=0.12


Tree=291
num_leaves=8
num_cat=0
split_feature=66 5 86 86 66 66 0
split_gain=0.116134 0.459279 3.22943 0.302426 0.755513 0.601463 0.264979
threshold=11.126562595367433 2.6228500604629521 1.0000000180025095e-35 1.0000000180025095e-35 4.4406249523162851 4.1687500476837167 49.921049118041999
decision_type=2 2 2 2 2 2 2
left_child=3 6 -3 4 -1 -5 -2
right_child=1 2 -4 5 -6 -7 -8
leaf_value=-0.00077559269384147079 0.00019008178688784144 -0.0068544659930040884 0.001582534864957519 0.00079610383415871112 0.0010006604178102892 -0.00058834593372991185 -0.00074782806848571587
leaf_weight=4869 16592 1069 1680 6319 11817 15861 5873
leaf_count=4869 16592 1069 1680 6319 11817 15861 5873
internal_value=-3.37025e-05 -0.000234272 -0.00169835 9.64151e-05 0.000482347 -0.000193921 -5.51149e-05
internal_weight=64080 25214 2749 38866 16686 22180 22465
internal_count=64080 25214 2749 38866 16686 22180 22465
is_linear=0
shrinkage=0.12


Tree=292
num_leaves=6
num_cat=0
split_feature=57 47 34 71 57
split_gain=0.0903956 0.249487 0.235889 0.175681 0.260931
threshold=3.4031250476837163 0.029295256361365322 1.2591714262962344 136.50000000000003 2.6906249523162846
decision_type=2 2 2 2 2
left_child=3 -2 -3 4 -1
right_child=1 2 -4 -5 -6
leaf_value=7.2677773813100353e-06 -0.003570203010286896 -6.4686855350699514e-05 -0.0015785326131201633 -0.0028051712545397764 0.0011512955206493061
leaf_weight=39810 318 18946 1608 304 3094
leaf_count=39810 318 18946 1608 304 3094
internal_value=-2.96582e-05 -0.000234724 -0.000183119 6.94007e-05 8.97688e-05
internal_weight=64080 20872 20554 43208 42904
internal_count=64080 20872 20554 43208 42904
is_linear=0
shrinkage=0.12


Tree=293
num_leaves=8
num_cat=0
split_feature=51 55 53 69 51 33 6
split_gain=0.0900153 0.209864 0.455086 0.294879 0.110177 0.546625 0.105404
threshold=0.29033258557319647 0.2517037838697434 2.3343750238418584 4.5000000000000009 0.25410956144332891 0.26496066153049475 0.2144500017166138
decision_type=2 2 2 2 2 2 2
left_child=4 3 -3 -2 6 -6 -1
right_child=1 2 -4 -5 5 -7 -8
leaf_value=0.0018078860577965812 0.0025889673526835631 8.7421611070917962e-05 0.0049163290380885632 -0.00017790898838229596 -0.0031480681703410741 0.00047900727147431849 -5.7057710566166154e-05
leaf_weight=440 613 794 435 5828 942 1640 53388
leaf_count=440 613 794 435 5828 942 1640 53388
internal_value=-2.60992e-05 0.000359609 0.0017966 8.54189e-05 -7.85434e-05 -0.000844271 -4.18133e-05
internal_weight=64080 7670 1229 6441 56410 2582 53828
internal_count=64080 7670 1229 6441 56410 2582 53828
is_linear=0
shrinkage=0.12


Tree=294
num_leaves=8
num_cat=0
split_feature=66 69 85 29 57 6 76
split_gain=0.0859031 0.380282 1.08167 0.388201 0.283186 0.705807 0.321263
threshold=11.126562595367433 9.5000000000000018 0.37500000000000006 17.036169052124027 8.2781248092651385 3.2733500003814702 0.31380684673786169
decision_type=2 2 2 2 2 2 2
left_child=4 2 -2 -3 6 -6 -1
right_child=1 3 -4 -5 5 -7 -8
leaf_value=-0.00090958067256733126 -0.0023607775905204564 0.0020772018033350763 0.00032262977496050403 -3.0125242326394872e-05 0.0053957489205197478 8.5551685696946334e-05 0.00015221986426295316
leaf_weight=4699 3793 1374 5034 15013 499 1298 32370
leaf_count=4699 3793 1374 5034 15013 499 1298 32370
internal_value=-2.29673e-05 -0.000195467 -0.000830442 0.000146568 8.89405e-05 0.00156011 1.76222e-05
internal_weight=64080 25214 8827 16387 38866 1797 37069
internal_count=64080 25214 8827 16387 38866 1797 37069
is_linear=0
shrinkage=0.12


Tree=295
num_leaves=7
num_cat=0
split_feature=1 54 55 2 0 88
split_gain=0.11598 0.146797 0.11719 0.107758 0.611364 0.400514
threshold=20.733049392700199 -0.089173547923564897 0.083094291388988509 193.89499664306643 91.097549438476577 1.0757571458816531
decision_type=2 2 2 2 2 2
left_child=3 -2 -3 4 -1 -5
right_child=1 2 -4 5 -6 -7
leaf_value=7.8318628057943534e-05 -0.0029607244724796427 0.0013539064048773359 -0.0010874583983455997 1.649219927719892e-05 0.0025648173739495793 -0.0022939777767295483
leaf_weight=14583 399 409 920 44942 1578 1107
leaf_count=14583 399 409 920 44942 1578 1107
internal_value=2.75754e-05 -0.000942155 -0.000336128 5.45115e-05 0.000321107 -3.90506e-05
internal_weight=63938 1728 1329 62210 16161 46049
internal_count=63938 1728 1329 62210 16161 46049
is_linear=0
shrinkage=0.12


Tree=296
num_leaves=7
num_cat=0
split_feature=70 34 65 65 5 5
split_gain=0.104507 0.284359 0.525651 0.399008 0.205031 0.222114
threshold=23.500000000000004 0.8569856882095338 31.500000000000004 43.500000000000007 3.5152999162673955 2.7661999464035039
decision_type=2 2 2 2 2 2
left_child=1 3 -3 -1 5 -2
right_child=4 2 -4 -5 -6 -7
leaf_value=-0.00066862422641884205 -8.5775031249008126e-05 0.0017683657961576997 0.00016917935540350972 0.00079740280177066061 0.0021935307103885453 -0.0013316055731343694
leaf_weight=9608 27601 3599 16665 3704 534 2227
leaf_count=9608 27601 3599 16665 3704 534 2227
internal_value=2.42664e-05 0.000170156 0.000453204 -0.000260709 -0.000137067 -0.00017879
internal_weight=63938 33576 20264 13312 30362 29828
internal_count=63938 33576 20264 13312 30362 29828
is_linear=0
shrinkage=0.12


Tree=297
num_leaves=7
num_cat=0
split_feature=66 65 59 69 59 8
split_gain=0.0932242 0.586351 0.278784 0.305546 0.291585 0.201837
threshold=9.9257812500000018 36.500000000000007 0.32834015786647802 10.500000000000002 1.4746245741844179 10.483567714691164
decision_type=2 2 2 2 2 2
left_child=2 -2 3 -1 -4 -3
right_child=1 5 4 -5 -6 -7
leaf_value=0.00077539753020838397 0.0047750751040470992 9.5488165290591789e-06 -0.0021079085961834072 -0.00021690693073822835 -0.00036276799348884437 0.0010209623635806032
leaf_weight=6683 391 31189 1696 13484 7369 3126
leaf_count=6683 391 31189 1696 13484 7369 3126
internal_value=2.13544e-05 0.000154336 -0.00013653 0.000111926 -0.000689272 0.000101686
internal_weight=63938 34706 29232 20167 9065 34315
internal_count=63938 34706 29232 20167 9065 34315
is_linear=0
shrinkage=0.12


Tree=298
num_leaves=5
num_cat=0
split_feature=58 1 57 12
split_gain=0.0869986 0.0834939 0.132551 0.0822192
threshold=-78.057102203369126 20.733049392700199 2.0656249523162846 4.3556001186370858
decision_type=2 2 2 2
left_child=-1 3 -3 -2
right_child=1 2 -4 -5
leaf_value=0.0019862846682290689 4.2981726232079214e-05 -0.0013250988389045127 0.0013489166078559883 -0.0016787676810010668
leaf_weight=322 61487 1397 330 402
leaf_count=322 61487 1397 330 402
internal_value=1.87919e-05 8.83319e-06 -0.00081414 3.17981e-05
internal_weight=63938 63616 1727 61889
internal_count=63938 63616 1727 61889
is_linear=0
shrinkage=0.12


Tree=299
num_leaves=8
num_cat=0
split_feature=62 29 69 62 53 70 54
split_gain=0.0781165 0.30561 0.446484 0.0983635 0.112423 0.0988222 0.0730993
threshold=-66.634048461914048 90.710502624511733 8.5000000000000018 -52.371625900268548 2.2343750000000004 23.500000000000004 0.2094497084617615
decision_type=2 2 2 2 2 2 2
left_child=1 2 -1 4 -2 -5 -3
right_child=3 6 -4 5 -6 -7 -8
leaf_value=-0.00037535905870200373 0.0001884806558081379 -0.0019999132336267983 0.0049264557561145448 0.0001567151344350083 -0.0030115023494891083 -0.00014738232397300011 0.00037650174599285349
leaf_weight=453 301 425 462 31917 333 29715 332
leaf_count=453 301 425 462 31917 333 29715 332
internal_value=1.65369e-05 0.000825969 0.00230162 -5.19845e-06 -0.00149227 1.00988e-05 -0.000957681
internal_weight=63938 1672 915 62266 634 61632 757
internal_count=63938 1672 915 62266 634 61632 757
is_linear=0
shrinkage=0.12


Tree=300
num_leaves=7
num_cat=0
split_feature=80 34 34 9 12 29
split_gain=0.0678064 0.339252 0.57858 0.116205 0.204634 0.199076
threshold=1.0000000180025095e-35 1.1076857447624209 0.74529999494552623 1.0000000180025095e-35 0.64300000667572033 48.428863525390632
decision_type=2 2 2 2 2 2
left_child=3 2 -2 4 -1 -5
right_child=1 -3 -4 5 -6 -7
leaf_value=0.0026399706362078782 0.0019839952202592315 0.0019137801096627588 -0.0027698168252392697 -0.00038525716807095252 -7.4249098920723934e-05 0.00090082085859296505
leaf_weight=403 512 570 1317 2677 53570 4916
leaf_count=403 512 570 1317 2677 53570 4916
internal_value=-1.65356e-05 -0.00064243 -0.00143906 7.85313e-06 -5.39828e-05 0.000447399
internal_weight=63965 2399 1829 61566 53973 7593
internal_count=63965 2399 1829 61566 53973 7593
is_linear=0
shrinkage=0.12


Tree=301
num_leaves=8
num_cat=0
split_feature=51 51 50 55 22 59 9
split_gain=0.0614999 0.279658 0.455501 0.245064 0.0888403 0.129314 0.0988822
threshold=0.29033258557319647 0.32174608111381536 0.1142047941684723 0.10505758225917818 0.20306666940450671 1.6154850721359255 1.0000000180025095e-35
decision_type=2 2 2 2 2 2 2
left_child=4 2 -2 -3 5 -1 -6
right_child=1 3 -4 -5 6 -7 -8
leaf_value=0.00023187054824628324 0.0043906298889262486 -0.0010097642064613452 0.00020600668226876477 0.00055345616884075639 -0.00010867866477963052 -0.0032626732019129336 0.00034194823634774613
leaf_weight=308 582 2411 1051 3601 47483 302 8227
leaf_count=308 582 2411 1051 3601 47483 302 8227
internal_value=-1.45514e-05 0.000304815 0.0016974 -7.34441e-05 -5.79029e-05 -0.00149822 -4.21321e-05
internal_weight=63965 7645 1633 6012 56320 610 55710
internal_count=63965 7645 1633 6012 56320 610 55710
is_linear=0
shrinkage=0.12


Tree=302
num_leaves=8
num_cat=0
split_feature=55 7 13 33 53 85 66
split_gain=0.0568076 0.351315 0.468831 0.413263 0.0985131 0.149139 0.0896838
threshold=0.42383837699890142 3.49115002155304 8.5454497337341326 0.24830693751573565 2.9093749523162846 0.37500000000000006 11.792708396911623
decision_type=2 2 2 2 2 2 2
left_child=4 2 -2 -3 6 -6 -1
right_child=1 3 -4 -5 5 -7 -8
leaf_value=-4.3995183910774679e-05 -0.0030807621148290052 0.0044575297870980092 0.0019556489892692173 0.00031164560635023428 -0.0025278891482957986 8.9165591899654823e-05 0.0007105829643845996
leaf_weight=57662 676 519 439 1040 568 700 2361
leaf_count=57662 676 519 439 1040 568 700 2361
internal_value=-1.28052e-05 0.00052861 -0.00109782 0.00169183 -3.64261e-05 -0.00108314 -1.43139e-05
internal_weight=63965 2674 1115 1559 61291 1268 60023
internal_count=63965 2674 1115 1559 61291 1268 60023
is_linear=0
shrinkage=0.12


Tree=303
num_leaves=7
num_cat=0
split_feature=80 34 34 76 34 76
split_gain=0.0586137 0.261449 0.447152 0.0843275 0.274443 0.169103
threshold=1.0000000180025095e-35 1.1076857447624209 0.74529999494552623 0.95244187116622936 1.1347285509109499 0.92887091636657726
decision_type=2 2 2 2 2 2
left_child=3 2 -2 5 -5 -1
right_child=1 -3 -4 4 -6 -7
leaf_value=1.810592089241946e-05 0.0017167261944631205 0.0016508407754161835 -0.0024624201842140497 0.001488189345958926 -0.0015008406603841909 -0.0012082386373740595
leaf_weight=57581 512 570 1317 1724 595 1666
leaf_count=57581 512 570 1317 1724 595 1666
internal_value=-1.12686e-05 -0.000593191 -0.00129253 1.14068e-05 0.000721276 -1.63784e-05
internal_weight=63965 2399 1829 61566 2319 59247
internal_count=63965 2399 1829 61566 2319 59247
is_linear=0
shrinkage=0.12


Tree=304
num_leaves=8
num_cat=0
split_feature=41 41 50 85 41 74 5
split_gain=0.0558875 0.165135 0.367213 0.210675 0.15304 0.224127 0.181893
threshold=0.088684927672147765 0.070579163730144515 0.25262355804443365 0.37500000000000006 0.11394948884844781 37.500000000000007 3.5917999744415288
decision_type=2 2 2 2 2 2 2
left_child=1 3 -3 -1 5 -2 -6
right_child=4 2 -4 -5 6 -7 -8
leaf_value=0.00065107408595994844 0.00027997760553999563 -0.0013537563057868577 0.00050243749812399214 -0.0003572695217499699 7.8288609568388709e-06 0.0020959917291960913 -0.0014465228291002479
leaf_weight=5250 7223 4154 2434 6912 35577 1132 1283
leaf_count=5250 7223 4154 2434 6912 35577 1132 1283
internal_value=-9.91635e-06 -0.0001841 -0.000667968 7.80046e-05 6.23151e-05 0.000526025 -4.27933e-05
internal_weight=63965 18750 6588 12162 45215 8355 36860
internal_count=63965 18750 6588 12162 45215 8355 36860
is_linear=0
shrinkage=0.12


Tree=305
num_leaves=7
num_cat=0
split_feature=20 5 41 23 81 7
split_gain=0.0952906 0.374588 0.265158 0.0909229 0.309609 0.160628
threshold=45.181859970092781 3.0935499668121342 0.22209904342889789 2.2098499536514287 1.0000000180025095e-35 8.2936000823974627
decision_type=2 2 2 2 2 2
left_child=3 2 -2 4 -1 -5
right_child=1 -3 -4 5 -6 -7
leaf_value=-0.00022189201214232532 0.0019522647331628332 -0.0028208731263439785 -0.0010352248793410606 -4.1211058391268609e-05 -0.003249981963828398 0.00081986309696484316
leaf_weight=6745 1802 379 561 50507 524 3325
leaf_count=6745 1802 379 561 50507 524 3325
internal_value=-1.07599e-05 0.000681294 0.001243 -4.18169e-05 -0.000440178 1.19743e-05
internal_weight=63843 2742 2363 61101 7269 53832
internal_count=63843 2742 2363 61101 7269 53832
is_linear=0
shrinkage=0.12


Tree=306
num_leaves=7
num_cat=0
split_feature=58 12 50 19 19 70
split_gain=0.0766246 0.268406 0.461272 0.118696 0.192507 0.184265
threshold=-8.780049800872801 0.92629998922348034 -0.059770829975605004 0.062500000000000014 0.21145833283662799 25.500000000000004
decision_type=2 2 2 2 2 2
left_child=1 -1 -3 5 -5 -2
right_child=3 2 -4 4 -6 -7
leaf_value=-0.0030073339092937736 -0.0030292266930781243 0.0032159664225987223 -0.00035883806437771572 0.0013723338730462172 3.0568134893225871e-05 0.00081055382514738888
leaf_weight=503 439 549 9764 1588 50695 305
leaf_count=503 439 549 9764 1588 50695 305
internal_value=-9.46873e-06 -0.000300556 -0.000168538 4.99049e-05 7.13218e-05 -0.00145512
internal_weight=63843 10816 10313 53027 52283 744
internal_count=63843 10816 10313 53027 52283 744
is_linear=0
shrinkage=0.12


Tree=307
num_leaves=8
num_cat=0
split_feature=51 51 66 55 29 50 22
split_gain=0.0831712 0.259491 0.499453 0.199117 0.100773 0.428942 0.245882
threshold=0.29033258557319647 0.32174608111381536 9.4885416030883807 0.20250974595546725 13.713863849639894 0.15540828555822375 1.9958500266075136
decision_type=2 2 2 2 2 2 2
left_child=4 2 -2 -3 5 -1 -6
right_child=1 3 -4 -5 6 -7 -8
leaf_value=-0.00022241251996876562 -0.00077519502974832816 -0.00040359979790545664 0.0034646086071480225 0.001183228922458024 0.00059734422543101758 -0.0041482910163025202 -0.00011528282884903748
leaf_weight=13525 686 4504 960 1524 8810 413 33421
leaf_count=13525 686 4504 960 1524 8810 413 33421
internal_value=-8.33248e-06 0.000362219 0.00169759 -2.41749e-06 -5.89585e-05 -0.000338741 3.33815e-05
internal_weight=63843 7674 1646 6028 56169 13938 42231
internal_count=63843 7674 1646 6028 56169 13938 42231
is_linear=0
shrinkage=0.12


Tree=308
num_leaves=7
num_cat=0
split_feature=19 22 2 22 59 78
split_gain=0.0706188 0.299506 0.238249 0.0843739 0.244536 0.105564
threshold=0.45937500894069677 0.94605001807212841 215.81999969482425 3.6488749980926518 0.80325120687484752 1.0000000180025095e-35
decision_type=2 2 2 2 2 2
left_child=3 -2 -3 5 -5 -1
right_child=1 2 -4 4 -6 -7
leaf_value=-0.00017185560909524096 -0.0024686562136416856 0.0030217523936138971 0.00034112644494650469 -0.00047277278456152305 0.0010955181156924634 0.00021870516944152329
leaf_weight=42257 395 667 1680 2569 3234 13041
leaf_count=42257 395 667 1680 2569 3234 13041
internal_value=-7.33258e-06 0.000588433 0.00110294 -3.40684e-05 0.000401233 -7.97491e-05
internal_weight=63843 2742 2347 61101 5803 55298
internal_count=63843 2742 2347 61101 5803 55298
is_linear=0
shrinkage=0.12


Tree=309
num_leaves=8
num_cat=0
split_feature=51 51 41 24 63 47 75
split_gain=0.063735 0.200413 0.417175 0.178478 0.0900017 0.252339 0.147453
threshold=0.29033258557319647 0.32174608111381536 0.090242538601160063 12.427065849304201 19999969.000000004 0.062227651476860053 5.5000000000000009
decision_type=2 2 2 2 2 2 2
left_child=4 2 -2 -3 6 -6 -1
right_child=1 3 -4 -5 5 -7 -8
leaf_value=-9.5027401859277636e-05 -0.0013436078981918567 -0.00038284875783681829 0.0027787970025531876 0.0011185165371599504 -0.0029286159155051394 -0.00020460782403709571 0.00046486733781428029
leaf_weight=44297 514 4501 1132 1527 575 3301 7996
leaf_count=44297 514 4501 1132 1527 575 3301 7996
internal_value=-6.45267e-06 0.000317925 0.00149148 -2.52613e-06 -5.07702e-05 -0.000608711 -9.41521e-06
internal_weight=63843 7674 1646 6028 56169 3876 52293
internal_count=63843 7674 1646 6028 56169 3876 52293
is_linear=0
shrinkage=0.12


Tree=310
num_leaves=8
num_cat=0
split_feature=34 65 85 79 22 6 57
split_gain=0.0892117 0.398383 1.35613 0.465192 0.206711 0.229165 0.203914
threshold=1.0757571458816531 44.500000000000007 0.37500000000000006 1.0000000180025095e-35 1.9614332914352419 6.7326500415802011 7.2406251430511483
decision_type=2 2 2 2 2 2 2
left_child=4 3 -3 -2 6 -6 -1
right_child=1 2 -4 -5 5 -7 -8
leaf_value=0.00038198556085147431 -0.00037275271648842231 -0.0058827558714388819 0.001068584791754352 0.0012351941631049065 8.6065595727739312e-05 -0.00074650856391908222 0.0020852555401189472
leaf_weight=7008 13111 727 910 3229 32220 5586 1183
leaf_count=7008 13111 727 910 3229 32220 5586 1183
internal_value=-7.13136e-06 -0.000233803 -0.00201854 -5.50012e-05 8.14585e-05 -3.69508e-05 0.000627983
internal_weight=63974 17977 1637 16340 45997 37806 8191
internal_count=63974 17977 1637 16340 45997 37806 8191
is_linear=0
shrinkage=0.12


Tree=311
num_leaves=7
num_cat=0
split_feature=19 76 76 28 14 22
split_gain=0.0910147 0.271989 0.304466 0.10711 0.252034 0.154452
threshold=0.21145833283662799 0.75694191455841076 0.67040735483169567 72.229507446289077 -1.4369500279426572 0.20306666940450671
decision_type=2 2 2 2 2 2
left_child=1 2 -1 4 -2 -5
right_child=3 -3 -4 5 -6 -7
leaf_value=0.0002704261937420119 0.0021018496849443138 -0.0024168416482977535 0.0032081591168384277 -0.0024955916137362898 -0.00026801969475258747 0.00013323987355210958
leaf_weight=1805 662 363 707 325 27090 33022
leaf_count=1805 662 363 707 325 27090 33022
internal_value=-6.2756e-06 0.000653556 0.00109725 -3.73238e-05 -0.000211489 0.000107619
internal_weight=63974 2875 2512 61099 27752 33347
internal_count=63974 2875 2512 61099 27752 33347
is_linear=0
shrinkage=0.12


Tree=312
num_leaves=7
num_cat=0
split_feature=57 57 34 29 74 57
split_gain=0.0772737 0.336436 0.4438 0.270591 0.14809 0.171963
threshold=3.6406250000000004 3.9437500238418584 0.96801427006721508 -70.521247863769517 47.500000000000007 2.3906250000000004
decision_type=2 2 2 2 2 2
left_child=4 2 -2 -3 5 -1
right_child=1 3 -4 -5 -6 -7
leaf_value=1.5394531784061859e-05 -0.00031942618073033991 0.0034742796327804633 -0.0046728740066699923 -0.00012409120066985817 -0.0023933680320927953 0.00075178507916317985
leaf_weight=38555 887 306 544 18157 345 5180
leaf_count=38555 887 306 544 18157 345 5180
internal_value=-5.52252e-06 -0.000201838 -0.00197441 -6.44529e-05 8.30778e-05 0.000102613
internal_weight=63974 19894 1431 18463 44080 43735
internal_count=63974 19894 1431 18463 44080 43735
is_linear=0
shrinkage=0.12


Tree=313
num_leaves=7
num_cat=0
split_feature=19 55 84 34 65 76
split_gain=0.0700582 0.306519 0.293578 0.0905479 0.347153 0.239567
threshold=0.21145833283662799 0.27197365462780004 1.0000000180025095e-35 1.0723714232444765 44.500000000000007 0.9762399196624757
decision_type=2 2 2 2 2 2
left_child=1 2 -1 5 -5 -2
right_child=3 -3 -4 4 -6 -7
leaf_value=0.00023327742785496136 8.2633974447010326e-05 -0.0025912946222776045 0.0031125682876347663 -9.8046424393093316e-05 -0.0020053090032863988 -0.0031386155359196797
leaf_weight=1778 43867 382 715 15388 1509 335
leaf_count=1778 43867 382 715 15388 1509 335
internal_value=-4.85982e-06 0.000574045 0.00105907 -3.21001e-05 -0.000268376 5.82206e-05
internal_weight=63974 2875 2493 61099 16897 44202
internal_count=63974 2875 2493 61099 16897 44202
is_linear=0
shrinkage=0.12


Tree=314
num_leaves=6
num_cat=0
split_feature=59 47 59 51 5
split_gain=0.0744846 0.236035 0.127225 0.27467 0.0817194
threshold=-6.2650797367095938 0.1068769544363022 -0.12402901053428649 0.097624164074659361 3.9988000392913823
decision_type=2 2 2 2 2
left_child=1 -1 3 -2 -4
right_child=2 -3 4 -5 -6
leaf_value=-0.0038154249294778172 -0.0012060289254287441 0.0003520426842327089 -2.7288094854508861e-05 0.0025932730356532825 0.001302276265805374
leaf_weight=302 426 556 61249 768 673
leaf_count=302 426 556 61249 768 673
internal_value=-4.27664e-06 -0.00111483 1.08202e-05 0.00123774 -1.28377e-05
internal_weight=63974 858 63116 1194 61922
internal_count=63974 858 63116 1194 61922
is_linear=0
shrinkage=0.12


Tree=315
num_leaves=5
num_cat=0
split_feature=72 63 85 85
split_gain=0.0713005 0.0774625 0.389946 0.165344
threshold=45.756250381469734 8.029630661010744 0.37500000000000006 0.62500000000000011
decision_type=2 2 2 2
left_child=1 3 -3 -1
right_child=-2 2 -4 -5
leaf_value=-0.00031004485447024411 -0.0015596013333544366 0.00099818220072415628 -0.00034686196794003212 0.00012247153053166447
leaf_weight=24136 434 5584 6988 26927
leaf_count=24136 434 5584 6988 26927
internal_value=-2.67265e-05 -1.62721e-05 0.000250555 -8.19664e-05
internal_weight=64069 63635 12572 51063
internal_count=64069 63635 12572 51063
is_linear=0
shrinkage=0.12


Tree=316
num_leaves=4
num_cat=0
split_feature=2 72 63
split_gain=0.056167 0.0558408 0.0636972
threshold=428.00999450683599 45.756250381469734 8.029630661010744
decision_type=2 2 2
left_child=1 2 -1
right_child=-2 -3 -4
leaf_value=-6.4192166616106679e-05 -0.0013020485609069434 -0.001394393366378363 0.00023874885860276283
leaf_weight=50711 491 419 12448
leaf_count=50711 491 419 12448
internal_value=-2.35193e-05 -1.36455e-05 -4.48556e-06
internal_weight=64069 63578 63159
internal_count=64069 63578 63159
is_linear=0
shrinkage=0.12


Tree=317
num_leaves=8
num_cat=0
split_feature=53 62 0 51 28 22 50
split_gain=0.0544903 0.249515 0.301732 0.282142 0.187041 0.18924 0.145954
threshold=2.1093750000000004 -2.1376097202301021 16.430399894714359 0.047371853142976768 47.026018142700202 0.39204999804496771 0.088517595082521452
decision_type=2 2 2 2 2 2 2
left_child=1 3 -3 -1 6 -6 -2
right_child=4 2 -4 -5 5 -7 -8
leaf_value=-0.0024956362780667123 0.0004315380407701226 -0.0012794928993231005 0.00012351976692017889 0.0011709280493841067 0.0017945950336737649 -7.5206507510503997e-05 -0.0016016895229633084
leaf_weight=325 685 2562 15943 4310 796 37476 1972
leaf_count=325 685 2562 15943 4310 796 37476 1972
internal_value=-2.0697e-05 0.000126484 -7.0726e-05 0.000913833 -0.000103908 -3.63174e-05 -0.0010775
internal_weight=64069 23140 18505 4635 40929 38272 2657
internal_count=64069 23140 18505 4635 40929 38272 2657
is_linear=0
shrinkage=0.12


Tree=318
num_leaves=8
num_cat=0
split_feature=11 82 72 22 47 47 22
split_gain=0.05272 0.335664 0.433652 0.258526 0.126711 0.319707 0.274156
threshold=1.5000000000000002 1.0000000180025095e-35 11.481250286102297 2.6843500137329106 0.081110246479511275 0.082470294088125243 0.60985001921653759
decision_type=2 2 2 2 2 2 2
left_child=4 2 -2 -3 6 -6 -1
right_child=1 3 -4 -5 5 -7 -8
leaf_value=0.0023829823289349922 0.00016469126131700209 0.0037304544928894543 -0.0014784808410019201 -0.00023706719384617393 0.003548644053676869 0.00010858180824834108 -0.00037520706026593765
leaf_weight=539 5976 510 3773 441 393 38498 13939
leaf_count=539 5976 510 3773 441 393 38498 13939
internal_value=-1.82134e-05 -0.00026132 -0.000471239 0.00189063 3.05274e-05 0.000143344 -0.000272523
internal_weight=64069 10700 9749 951 53369 38891 14478
internal_count=64069 10700 9749 951 53369 38891 14478
is_linear=0
shrinkage=0.12


Tree=319
num_leaves=8
num_cat=0
split_feature=50 57 72 47 55 61 70
split_gain=0.0481553 0.0528722 0.286072 0.23127 0.0306624 0.0235865 0.0116994
threshold=0.53464084863662731 3.1531250476837163 18.968750000000004 0.029295256361365322 0.17027189582586291 4.3218748569488534 30.500000000000004
decision_type=2 2 2 2 2 2 2
left_child=1 2 -1 -3 5 -2 -6
right_child=4 3 -4 -5 6 -7 -8
leaf_value=-4.6418955816488886e-05 -0.00072016573161258403 -0.0033095843600788426 0.00085869199914412786 -0.0001022077295555953 -0.0014997317417410195 0.00027121711630301781 -0.00059889396254991388
leaf_weight=35436 676 329 5860 20205 502 707 354
leaf_count=35436 676 329 5860 20205 502 707 354
internal_value=-1.60278e-05 3.76957e-06 8.20184e-05 -0.000153597 -0.000562731 -0.000213363 -0.00112719
internal_weight=64069 61830 41296 20534 2239 1383 856
internal_count=64069 61830 41296 20534 2239 1383 856
is_linear=0
shrinkage=0.12


Tree=320
num_leaves=8
num_cat=0
split_feature=2 57 59 29 47 29 13
split_gain=0.0838033 0.326566 0.531016 0.177362 0.482591 0.115858 0.103983
threshold=123.70499801635744 6.1156251430511483 4.3122935295104989 -10.172816753387449 0.18491423130035403 -53.595741271972649 3.4044500589370732
decision_type=2 2 2 2 2 2 2
left_child=1 2 -1 4 -2 -3 -5
right_child=3 5 -4 6 -6 -7 -8
leaf_value=4.8144557182752124e-05 -0.0018312529792147512 -0.00029028874895259459 0.0035292599125923037 -0.00027432928994821048 0.0010388901884349302 -0.0035327808463487807 0.00012950120203044689
leaf_weight=2048 2376 324 912 11535 1308 311 45006
leaf_count=2048 2376 324 912 11535 1308 311 45006
internal_value=2.81462e-05 0.00059097 0.0011207 -5.45033e-06 -0.000812212 -0.00187834 4.71152e-05
internal_weight=63820 3595 2960 60225 3684 635 56541
internal_count=63820 3595 2960 60225 3684 635 56541
is_linear=0
shrinkage=0.12


Tree=321
num_leaves=8
num_cat=0
split_feature=2 57 83 33 58 12 8
split_gain=0.0648973 0.252893 0.344289 0.156843 0.409188 0.110482 0.0795314
threshold=123.70499801635744 6.1156251430511483 0.37500000000000006 0.17916322499513629 -0.6155620515346526 1.3000000119209292 0.25029449164867407
decision_type=2 2 2 2 2 2 2
left_child=1 2 -1 4 -2 -3 -5
right_child=3 5 -4 6 -6 -7 -8
leaf_value=0.0017650710079992462 -0.0020448164813815085 -0.0031555682731357342 -0.0011642800534370069 0.0013362655629271505 0.00049600317817950974 1.4422579089866524e-05 2.8728988401407822e-05
leaf_weight=2173 1815 334 787 678 1836 301 55896
leaf_count=2173 1815 334 787 678 1836 301 55896
internal_value=2.47687e-05 0.000520053 0.00098622 -4.79629e-06 -0.000767099 -0.00165294 4.43989e-05
internal_weight=63820 3595 2960 60225 3651 635 56574
internal_count=63820 3595 2960 60225 3651 635 56574
is_linear=0
shrinkage=0.12


Tree=322
num_leaves=6
num_cat=0
split_feature=47 22 47 0 47
split_gain=0.0784321 0.296452 0.0672474 0.1715 0.0983046
threshold=0.64250540733337413 2.3629333972930913 0.39788766205310827 4.9684000015258798 0.34401686489582067
decision_type=2 2 2 2 2
left_child=2 -2 4 -4 -1
right_child=1 -3 3 -5 -6
leaf_value=9.2345035536079129e-06 0.0041185934359031385 -0.00091125756518977135 0.001678187356979937 -0.00093951610972821072 0.00094458335999433982
leaf_weight=58580 301 384 422 2469 1664
leaf_count=58580 301 384 422 2469 1664
internal_value=2.17964e-05 0.00129894 7.93971e-06 -0.000557409 3.50698e-05
internal_weight=63820 685 63135 2891 60244
internal_count=63820 685 63135 2891 60244
is_linear=0
shrinkage=0.12


Tree=323
num_leaves=6
num_cat=0
split_feature=47 85 63 73 12
split_gain=0.0607378 0.302083 0.0654404 0.135306 0.0663463
threshold=0.64250540733337413 0.37500000000000006 19999991.000000004 1763.9367675781252 1.4028499722480776
decision_type=2 2 2 2 2
left_child=2 -2 4 -4 -1
right_child=1 -3 3 -5 -6
leaf_value=-0.00036142928754313223 0.0039978217099211179 -0.0010814172205966268 -4.24107154827846e-05 0.0028481446855895746 3.4859529015352913e-05
leaf_weight=6836 300 385 676 356 55267
leaf_count=6836 300 385 676 356 55267
internal_value=1.91808e-05 0.00114307 6.98695e-06 0.000954719 -8.76204e-06
internal_weight=63820 685 63135 1032 62103
internal_count=63820 685 63135 1032 62103
is_linear=0
shrinkage=0.12


Tree=324
num_leaves=8
num_cat=0
split_feature=71 68 59 71 57 76 0
split_gain=0.0571294 0.318918 0.338398 0.187862 0.243692 0.213539 0.166492
threshold=51.500000000000007 2.5000000000000004 1.4746245741844179 64.500000000000014 4.3906250000000009 0.51957300305366527 51.332349777221687
decision_type=2 2 2 2 2 2 2
left_child=1 6 -3 4 -2 -5 -1
right_child=3 2 -4 5 -6 -7 -8
leaf_value=-0.0002356510980247153 0.00030273378009258603 -0.0039834483776087738 -0.0004286238899823195 0.00013430847983578653 0.0021081247785180082 -0.00090600507152487509 0.0003151295469304368
leaf_weight=18921 4284 601 1076 20633 1438 3295 13572
leaf_count=18921 4284 601 1076 20633 1438 3295 13572
internal_value=1.68791e-05 -8.88811e-05 -0.00170259 0.000138762 0.000756448 -8.94767e-06 -5.59555e-06
internal_weight=63820 34170 1677 29650 5722 23928 32493
internal_count=63820 34170 1677 29650 5722 23928 32493
is_linear=0
shrinkage=0.12


Tree=325
num_leaves=8
num_cat=0
split_feature=49 61 66 51 33 51 1
split_gain=0.104693 0.198377 0.208376 0.17714 0.110671 0.19663 0.130409
threshold=1.7593750357627871 2.3031250238418584 3.9281250238418584 0.27191554009914404 0.043528616428375251 0.12420542165637018 22.565699577331547
decision_type=2 2 2 2 2 2 2
left_child=4 2 -2 -3 5 -1 -6
right_child=1 3 -4 -5 6 -7 -8
leaf_value=-0.0034698099981951285 0.0014466222220649457 -1.9612936161372938e-05 -0.0010024184148598356 0.0023455566462442395 5.0569034803580736e-05 0.0005612554868154846 0.0018252899404904753
leaf_weight=348 549 2931 5638 540 53066 349 603
leaf_count=348 549 2931 5638 540 53066 349 603
internal_value=-1.36791e-05 -0.000377752 -0.000785104 0.000348348 5.09975e-05 -0.00145139 7.0509e-05
internal_weight=64024 9658 6187 3471 54366 697 53669
internal_count=64024 9658 6187 3471 54366 697 53669
is_linear=0
shrinkage=0.12


Tree=326
num_leaves=8
num_cat=0
split_feature=49 29 0 5 47 0 72
split_gain=0.0827215 0.239454 0.287642 0.229866 0.0822348 0.212524 0.208798
threshold=1.8906250000000002 16.092858314514164 25.447549819946293 1.7907499670982363 0.14715449512004855 73.390499114990249 6.4281251430511483
decision_type=2 2 2 2 2 2 2
left_child=4 2 -2 -3 6 -6 -1
right_child=1 3 -4 -5 5 -7 -8
leaf_value=-0.0003034350789826543 -0.00011220019746959711 -0.00056726202911363741 -0.003682332401553795 0.0017977772282998564 1.0414738048192462e-05 -0.00094855603224712818 0.00033719664774692885
leaf_weight=10492 656 2204 644 809 20985 3955 24279
leaf_count=10492 656 2204 644 809 20985 3955 24279
internal_value=-1.20376e-05 -0.000519562 -0.00188079 6.77585e-05 2.46214e-05 -0.000141659 0.000143889
internal_weight=64024 4313 1300 3013 59711 24940 34771
internal_count=64024 4313 1300 3013 59711 24940 34771
is_linear=0
shrinkage=0.12


Tree=327
num_leaves=8
num_cat=0
split_feature=69 74 85 66 85 66 82
split_gain=0.0836442 0.340987 0.937224 0.268258 1.19398 0.490202 0.189413
threshold=28.500000000000004 3.5000000000000004 0.37500000000000006 3.7156250476837163 0.37500000000000006 3.9281250238418584 1.0000000180025095e-35
decision_type=2 2 2 2 2 2 2
left_child=3 6 -3 4 -1 -5 -2
right_child=1 2 -4 5 -6 -7 -8
leaf_value=-0.0054575010043532357 0.00031971687532837207 0.0064335303515213578 -0.0011020269796281354 0.0031659916882519441 0.00080253000563974006 -5.5519437500247545e-05 -0.0013971465616003692
leaf_weight=688 6322 453 500 689 1211 53077 1084
leaf_count=688 6322 453 500 689 1211 53077 1084
internal_value=-1.05931e-05 0.000343357 0.00247993 -6.37444e-05 -0.00146545 -1.42364e-05 6.84233e-05
internal_weight=64024 8359 953 55665 1899 53766 7406
internal_count=64024 8359 953 55665 1899 53766 7406
is_linear=0
shrinkage=0.12


Tree=328
num_leaves=7
num_cat=0
split_feature=29 15 13 59 50 59
split_gain=0.0664142 0.18956 0.247616 0.0801094 0.150286 0.123216
threshold=-79.195522308349595 8.7249813079834002 3.4044500589370732 -6.2650797367095938 0.19755601137876513 -0.12402901053428649
decision_type=2 2 2 2 2 2
left_child=1 2 -1 4 -2 -5
right_child=3 -3 -4 5 -6 -7
leaf_value=0.00010906985159099891 -0.0031547067833266086 0.00089976381143163763 -0.0047266033733287796 0.0012476720399944661 0.00018493175786185467 -1.3245522987368775e-06
leaf_weight=302 329 457 308 1159 473 60996
leaf_count=302 329 457 308 1159 473 60996
internal_value=-9.32196e-06 -0.000948137 -0.00233255 6.58916e-06 -0.00118507 2.19654e-05
internal_weight=64024 1067 610 62957 802 62155
internal_count=64024 1067 610 62957 802 62155
is_linear=0
shrinkage=0.12


Tree=329
num_leaves=8
num_cat=0
split_feature=69 74 85 66 85 66 90
split_gain=0.0642292 0.262936 0.725726 0.202436 0.923779 0.386362 0.187294
threshold=28.500000000000004 3.5000000000000004 0.37500000000000006 3.7156250476837163 0.37500000000000006 4.0468750000000009 1.0000000180025095e-35
decision_type=2 2 2 2 2 2 2
left_child=3 6 -3 4 -1 -5 -2
right_child=1 2 -4 5 -6 -7 -8
leaf_value=-0.0047838389334186968 0.00023396022260711096 0.0056571616264679226 -0.00097385275445762093 0.0024467167621163282 0.00072248047059950778 -5.3862224255498713e-05 -0.0020393082458042078
leaf_weight=688 6841 453 500 905 1211 52861 565
leaf_count=688 6841 453 500 905 1211 52861 565
internal_value=-8.20332e-06 0.00030196 0.00217814 -5.47793e-05 -0.00127244 -1.1772e-05 6.05337e-05
internal_weight=64024 8359 953 55665 1899 53766 7406
internal_count=64024 8359 953 55665 1899 53766 7406
is_linear=0
shrinkage=0.12


Tree=330
num_leaves=7
num_cat=0
split_feature=41 16 61 46 58 29
split_gain=0.0933117 0.111903 0.108739 0.0807694 0.402129 0.221591
threshold=0.46536609530448919 5.730809450149537 1.0000000180025095e-35 0.21602907776832583 0.5028294324874879 13.713863849639894
decision_type=2 2 2 2 2 2
left_child=3 -2 -3 4 -1 -5
right_child=1 2 -4 5 -6 -7
leaf_value=0.0001251729666857113 -0.0024166859462800305 -0.0013061254743825304 0.00060016880254635478 -0.0014076280933977225 0.0026778129089098527 1.5179897988096522e-05
leaf_weight=14432 460 825 902 1634 947 44591
leaf_count=14432 460 825 902 1634 947 44591
internal_value=1.67944e-05 -0.000753487 -0.000310481 4.41401e-05 0.000282358 -3.51147e-05
internal_weight=63791 2187 1727 61604 15379 46225
internal_count=63791 2187 1727 61604 15379 46225
is_linear=0
shrinkage=0.12


Tree=331
num_leaves=7
num_cat=0
split_feature=41 7 61 33 41 22
split_gain=0.0722606 0.0872579 0.07613 0.0635347 0.0779747 0.0539376
threshold=0.46536609530448919 7.0006000995635995 1.0000000180025095e-35 0.019563000649213794 0.068468317389488234 2.5502916574478154
decision_type=2 2 2 2 2 2
left_child=3 2 -2 -1 -5 -3
right_child=1 5 -4 4 -6 -7
leaf_value=0.0012954459947396803 -0.0010712999325824422 -0.0030106642681525134 0.00059806748020373591 0.0003128934949963877 -3.7333805459850899e-05 -0.00075201326239278529
leaf_weight=574 747 305 831 11215 49815 304
leaf_count=574 747 305 831 11215 49815 304
internal_value=1.47791e-05 -0.000663069 -0.000192184 3.88433e-05 2.70247e-05 -0.00188319
internal_weight=63791 2187 1578 61604 61030 609
internal_count=63791 2187 1578 61604 61030 609
is_linear=0
shrinkage=0.12


Tree=332
num_leaves=7
num_cat=0
split_feature=46 50 83 34 13 2
split_gain=0.0645408 0.354703 0.322902 0.185892 0.31856 0.201731
threshold=0.21602907776832583 0.14615906029939654 0.62500000000000011 1.1771286129951479 4.6537001132965097 175.87500000000003
decision_type=2 2 2 2 2 2
left_child=1 2 -1 5 -5 -2
right_child=3 -3 -4 4 -6 -7
leaf_value=0.00062026904746434008 0.0017585986204514252 -0.0035848745803022486 -0.00067932400269579132 0.0015326908502565073 -0.003164872747068915 -5.6318991429527652e-05
leaf_weight=11598 899 344 3610 302 667 46371
leaf_count=11598 899 344 3610 302 667 46371
internal_value=1.30056e-05 0.000225587 0.000311778 -5.55295e-05 -0.00170082 -2.18022e-05
internal_weight=63791 15552 15208 48239 969 47270
internal_count=63791 15552 15208 48239 969 47270
is_linear=0
shrinkage=0.12


Tree=333
num_leaves=6
num_cat=0
split_feature=22 47 22 28 22
split_gain=0.0630068 0.163984 0.110379 0.38657 0.228404
threshold=0.20306666940450671 0.14285989105701449 0.85221666097641002 72.229507446289077 0.91833332180976879
decision_type=2 2 2 2 2
left_child=1 -1 3 -2 -4
right_child=2 -3 4 -5 -6
leaf_value=0.0006666885514441046 -0.00047442821501749382 -0.00308181191000174 -0.0025833510542217866 0.001950705347256867 5.1640684889585798e-06
leaf_weight=348 2041 325 495 1765 58817
leaf_count=348 2041 325 495 1765 58817
internal_value=1.14449e-05 -0.00114351 2.37597e-05 0.000650207 -1.64389e-05
internal_weight=63791 673 63118 3806 59312
internal_count=63791 673 63118 3806 59312
is_linear=0
shrinkage=0.12


Tree=334
num_leaves=8
num_cat=0
split_feature=55 72 29 65 5 69 68
split_gain=0.0566357 0.509598 0.360366 0.304311 0.409571 0.340854 0.245844
threshold=0.12160949409008028 4.9468748569488534 138.33038330078128 30.500000000000004 2.9130500555038457 11.500000000000002 1.0000000180025095e-35
decision_type=2 2 2 2 2 2 2
left_child=3 6 -3 5 -5 -1 -2
right_child=1 2 -4 4 -6 -7 -8
leaf_value=0.0012342054422334297 0.00038280068219167791 0.00057123432043085568 -0.00039495930042776834 -0.00017610320490186115 -0.001736610532680982 -6.8535559465248739e-05 -0.0018481038537515814
leaf_weight=4196 985 19823 7725 16352 2843 9307 2560
leaf_count=4196 985 19823 7725 16352 2843 9307 2560
internal_value=1.00715e-05 0.000126023 0.000300295 -0.000100188 -0.000407232 0.000336286 -0.00122823
internal_weight=63791 31093 27548 32698 19195 13503 3545
internal_count=63791 31093 27548 32698 19195 13503 3545
is_linear=0
shrinkage=0.12


Tree=335
num_leaves=5
num_cat=0
split_feature=16 86 15 46
split_gain=0.080076 0.335043 0.293597 0.0785785
threshold=2.1094824075698857 1.0000000180025095e-35 0.30335050821304327 -0.037613186985254281
decision_type=2 2 2 2
left_child=1 -1 -2 -4
right_child=2 -3 3 -5
leaf_value=-0.0034842063948671035 0.0034369043154350125 0.00091229078036690636 0.00070455619579472501 -4.8772367363112424e-05
leaf_weight=457 355 550 2062 60348
leaf_count=457 355 550 2062 60348
internal_value=-2.13407e-05 -0.00108294 -4.30843e-06 -2.38827e-05
internal_weight=63772 1007 62765 62410
internal_count=63772 1007 62765 62410
is_linear=0
shrinkage=0.12


Tree=336
num_leaves=6
num_cat=0
split_feature=45 59 55 19 76
split_gain=0.068057 0.383237 0.2174 0.102638 0.0936781
threshold=0.33437500894069677 19999953.000000004 0.10419172048568727 0.13749999552965167 0.90846258401870739
decision_type=2 2 2 2 2
left_child=1 2 -1 -2 -5
right_child=3 -3 -4 4 -6
leaf_value=0.00069294607076414926 -0.0016817926382414815 0.0041012280932146983 -0.00097685723038538268 -1.5891303850218248e-06 -0.00063733622138682419
leaf_weight=3230 554 373 1721 54338 3556
leaf_count=3230 554 373 1721 54338 3556
internal_value=-1.87798e-05 0.000391961 0.000112512 -5.61941e-05 -4.06384e-05
internal_weight=63772 5324 4951 58448 57894
internal_count=63772 5324 4951 58448 57894
is_linear=0
shrinkage=0.12


Tree=337
num_leaves=8
num_cat=0
split_feature=61 61 63 61 72 62 41
split_gain=0.0712749 0.287667 0.452481 0.245252 0.333561 0.22972 0.166639
threshold=3.2968750000000004 2.4468749761581425 1.1165503263473513 4.1718750000000009 21.13125038146973 -0.29498144984245295 0.039204703643918044
decision_type=2 2 2 2 2 2 2
left_child=1 5 -3 4 -2 -1 -5
right_child=3 2 -4 6 -6 -7 -8
leaf_value=-0.00072350554699773459 -0.00040978878695956876 0.0055733239258327055 0.00070892508402383087 -0.0016837605494854863 -0.0033350753260958307 0.00010499598750827279 3.9345449430101679e-05
leaf_weight=5616 1933 307 2672 847 791 33966 17640
leaf_count=5616 1933 307 2672 847 791 33966 17640
internal_value=-1.65263e-05 7.30327e-05 0.00121022 -0.000196231 -0.00125924 -1.2554e-05 -3.96003e-05
internal_weight=63772 42561 2979 21211 2724 39582 18487
internal_count=63772 42561 2979 21211 2724 39582 18487
is_linear=0
shrinkage=0.12


Tree=338
num_leaves=6
num_cat=0
split_feature=16 82 15 29 49
split_gain=0.0624398 0.323725 0.225778 0.17368 0.0675851
threshold=2.1094824075698857 1.0000000180025095e-35 0.30335050821304327 82.269592285156264 2.3999999761581425
decision_type=2 2 2 2 2
left_child=1 3 -2 -1 -4
right_child=2 -3 4 -5 -6
leaf_value=-0.00469226852292195 0.0030181979710878935 0.0017542527398327365 -2.5462510649519588e-05 -0.00066548503660956266 0.0017565289581445492
leaf_weight=306 355 390 62102 311 308
leaf_count=306 355 390 62102 311 308
internal_value=-1.45431e-05 -0.000951978 4.97066e-07 -0.00266256 -1.66682e-05
internal_weight=63772 1007 62765 617 62410
internal_count=63772 1007 62765 617 62410
is_linear=0
shrinkage=0.12


Tree=339
num_leaves=7
num_cat=0
split_feature=1 19 76 58 57 28
split_gain=0.0587709 0.124503 0.0988166 0.0732951 0.389211 0.102326
threshold=20.733049392700199 0.25260417163372045 0.82288831472396862 1.0000000180025095e-35 2.6062499284744267 114.64513015747072
decision_type=2 2 2 2 2 2
left_child=3 -2 -3 5 -5 -1
right_child=1 2 -4 4 -6 -7
leaf_value=8.5438434026949381e-05 -0.0022098234927233032 0.00085306120753755844 -0.0013961235238795827 0.0011904737704586021 -0.0010435607810729899 -0.00063522446737138746
leaf_weight=53517 542 729 458 1567 3963 2996
leaf_count=53517 542 729 458 1567 3963 2996
internal_value=-1.27979e-05 -0.000702873 -1.47792e-05 6.43291e-06 -0.000410517 4.7233e-05
internal_weight=63772 1729 1187 62043 5530 56513
internal_count=63772 1729 1187 62043 5530 56513
is_linear=0
shrinkage=0.12


Tree=340
num_leaves=7
num_cat=0
split_feature=62 22 47 62 6 66
split_gain=0.0845114 0.377066 0.123246 0.0762719 0.220916 0.21719
threshold=-72.404052734374986 1.8156083226203921 0.1354092285037041 -0.98513057827949513 8.9359498023986834 7.5906250476837167
decision_type=2 2 2 2 2 2
left_child=1 -1 -3 5 -5 -2
right_child=3 2 -4 4 -6 -7
leaf_value=0.0043262565567424253 0.001033190793046404 -0.0018750930708758219 0.0010642025060757219 5.2234308439110341e-05 0.0023723668446393141 -0.00034813239545323355
leaf_weight=350 1823 403 419 44079 599 16251
leaf_count=350 1823 403 419 44079 599 16251
internal_value=1.80514e-05 0.00102767 -0.000376839 -8.04897e-07 8.33404e-05 -0.000208808
internal_weight=63924 1172 822 62752 44678 18074
internal_count=63924 1172 822 62752 44678 18074
is_linear=0
shrinkage=0.12


Tree=341
num_leaves=8
num_cat=0
split_feature=62 41 55 61 9 49 76
split_gain=0.0673395 0.182492 0.215528 0.178515 0.0720088 0.210984 0.1476
threshold=-69.368621826171861 0.11294218152761461 0.14276924729347232 6.4656250476837167 1.0000000180025095e-35 1.6031250357627871 0.98080673813819896
decision_type=2 2 2 2 2 2 2
left_child=1 2 -1 -3 6 -6 -2
right_child=4 3 -4 -5 5 -7 -8
leaf_value=0.00021483928303476114 -7.4302617338158858e-05 0.0018684302465371728 0.0044449289582527097 -0.001712093559937947 -5.643015900660114e-05 0.0011873067468436765 0.0025188273247730873
leaf_weight=362 52416 320 333 537 6891 2747 318
leaf_count=362 52416 320 333 537 6891 2747 318
internal_value=1.58853e-05 0.000796673 0.00224163 -0.000375142 -3.54306e-06 0.000298057 -5.86654e-05
internal_weight=63924 1552 695 857 62372 9638 52734
internal_count=63924 1552 695 857 62372 9638 52734
is_linear=0
shrinkage=0.12


Tree=342
num_leaves=7
num_cat=0
split_feature=41 51 53 62 5 62
split_gain=0.0552226 0.184275 0.184343 0.0619887 0.256013 0.0719504
threshold=0.029498630203306678 0.16135127097368243 2.1843750476837163 -72.404052734374986 2.442350029945374 -0.9156719148159026
decision_type=2 2 2 2 2 2
left_child=1 2 -1 4 -2 -5
right_child=3 -3 -4 5 -6 -7
leaf_value=9.1081676498736035e-05 -0.0002591708835239803 -0.0011741575790235059 0.0042030839856550617 -0.00021839201828005448 0.0036787454665193819 6.6594482504064555e-05
leaf_weight=312 831 385 316 18010 333 43737
leaf_count=312 831 385 316 18010 333 43737
internal_value=1.3979e-05 0.000892933 0.00216018 -1.73994e-07 0.000867398 -1.65287e-05
internal_weight=63924 1013 628 62911 1164 61747
internal_count=63924 1013 628 62911 1164 61747
is_linear=0
shrinkage=0.12


Tree=343
num_leaves=8
num_cat=0
split_feature=24 55 85 50 23 51 19
split_gain=0.0545374 0.258411 0.353717 0.251442 0.109859 0.360851 0.127919
threshold=14.235174655914308 0.080459959805011763 0.62500000000000011 0.2890752404928208 9.1559252738952654 0.13060045987367633 0.062500000000000014
decision_type=2 2 2 2 2 2 2
left_child=4 3 -3 -2 6 -6 -1
right_child=1 2 -4 -5 5 -7 -8
leaf_value=-0.0014983279250408341 -0.0051500191542319948 0.0021438089260858266 -0.0014425375626159779 -0.00028821829016911408 -0.0012763462737303767 0.0040925944053672534 3.577303995514945e-05
leaf_weight=793 300 743 848 313 348 374 60205
leaf_count=793 300 743 848 313 348 374 60205
internal_value=1.23015e-05 -0.000574247 0.000232293 -0.00266757 3.3247e-05 0.00150479 1.58291e-05
internal_weight=63924 2204 1591 613 61720 722 60998
internal_count=63924 2204 1591 613 61720 722 60998
is_linear=0
shrinkage=0.12


Tree=344
num_leaves=7
num_cat=0
split_feature=19 33 55 62 23 19
split_gain=0.047403 0.209595 0.181934 0.117781 0.179302 0.106237
threshold=0.22604166716337207 0.1205008700489998 0.30615715682506567 -66.634048461914048 6.4751501083374032 0.23671875149011615
decision_type=2 2 2 2 2 2
left_child=1 -1 -3 4 -2 -5
right_child=3 2 -4 5 -6 -7
leaf_value=0.0031337761391662584 0.00010688004144588728 0.00034828982252262141 -0.0015772693554618117 -0.00076476752917875872 0.0029194802712041827 -1.7434993751150053e-05
leaf_weight=355 998 6915 787 2893 485 51491
leaf_count=355 998 6915 787 2893 485 51491
internal_value=1.08254e-05 0.000282935 0.000151534 -2.84176e-05 0.00102671 -5.71899e-05
internal_weight=63924 8057 7702 55867 1483 54384
internal_count=63924 8057 7702 55867 1483 54384
is_linear=0
shrinkage=0.12


Tree=345
num_leaves=8
num_cat=0
split_feature=66 76 2 13 19 66 54
split_gain=0.111782 0.500549 0.324802 0.275415 0.266927 0.438756 0.205787
threshold=9.3020834922790545 0.31037074327468878 205.66499328613284 2.2964999675750737 0.22812500596046451 10.957291603088381 -0.26746760308742518
decision_type=2 2 2 2 2 2 2
left_child=1 2 -1 -3 5 -2 -6
right_child=4 3 -4 -5 6 -7 -8
leaf_value=-0.0063490343589832181 0.0028028085500652069 -0.001583696817242189 -0.00080177798999619542 3.5348668323812552e-05 -0.002442111870803153 0.00024799249656084403 8.8899312682147878e-05
leaf_weight=302 1397 1620 306 22902 469 3152 33820
leaf_count=302 1397 1620 306 22902 469 3152 33820
internal_value=4.12649e-05 -0.000155941 -0.00355716 -7.16105e-05 0.000168866 0.00103258 5.42805e-05
internal_weight=63968 25130 608 24522 38838 4549 34289
internal_count=63968 25130 608 24522 38838 4549 34289
is_linear=0
shrinkage=0.12


Tree=346
num_leaves=8
num_cat=0
split_feature=66 66 2 66 2 83 76
split_gain=0.092689 0.477615 0.620256 0.522163 0.290806 0.450439 0.190187
threshold=6.7468750476837167 7.9187500476837167 268.52499389648443 9.0406250953674334 227.17499542236331 1.0000000180025095e-35 0.96917188167572033
decision_type=2 2 2 2 2 2 2
left_child=4 2 -2 -3 5 -1 -6
right_child=1 3 -4 -5 6 -7 -8
leaf_value=-0.0017087996840757264 0.0029263271364073488 -0.0015359389423070958 -0.00049327353143672776 0.00013462164681575804 0.00028677408325094059 0.00021267557326201409 -0.0023657030090464895
leaf_weight=3699 1894 2890 1280 39786 10669 3346 404
leaf_count=3699 1894 2890 1280 39786 10669 3346 404
internal_value=3.63131e-05 0.000127116 0.00154728 2.1492e-05 -0.000193475 -0.000796201 0.000189998
internal_weight=63968 45850 3174 42676 18118 7045 11073
internal_count=63968 45850 3174 42676 18118 7045 11073
is_linear=0
shrinkage=0.12


Tree=347
num_leaves=6
num_cat=0
split_feature=2 47 41 13 5
split_gain=0.0828066 0.467983 0.098768 0.230555 0.186915
threshold=107.91500091552736 0.17528157681226733 0.068468317389488234 0.70034998655319225 1.6891999840736391
decision_type=2 2 2 2 2
left_child=1 -1 4 -4 -2
right_child=2 -3 3 -5 -6
leaf_value=0.001214470271778519 -0.00015124897052157395 -0.0038934877669051511 -0.0030983287681311624 8.1932956361520884e-07 0.00083579553414312791
leaf_weight=589 5187 460 348 51473 5911
leaf_count=589 5187 460 348 51473 5911
internal_value=3.19555e-05 -0.00102544 4.95846e-05 -1.99928e-05 0.000374469
internal_weight=63968 1049 62919 51821 11098
internal_count=63968 1049 62919 51821 11098
is_linear=0
shrinkage=0.12


Tree=348
num_leaves=8
num_cat=0
split_feature=66 66 2 66 34 8 19
split_gain=0.0767434 0.48299 0.593631 0.252799 0.224643 0.346358 0.150979
threshold=6.8781249523162851 7.5906250476837167 268.52499389648443 9.3020834922790545 0.98292857408523571 6.8687305450439462 0.39062500000000006
decision_type=2 2 2 2 2 2 2
left_child=4 2 -2 -3 6 -6 -1
right_child=1 3 -4 -5 5 -7 -8
leaf_value=3.1099334751586085e-05 0.003682751016756817 -0.00081142203103982925 -0.00065006570466386612 0.00012983400996174912 -0.0013165682931944155 0.00036639485314063624 0.001620582409270239
leaf_weight=10179 1159 4595 750 38838 4686 2821 940
leaf_count=10179 1159 4595 750 38838 4686 2821 940
internal_value=2.81209e-05 0.000112363 0.00198049 3.02537e-05 -0.000176953 -0.00068414 0.000165474
internal_weight=63968 45342 1909 43433 18626 7507 11119
internal_count=63968 45342 1909 43433 18626 7507 11119
is_linear=0
shrinkage=0.12


Tree=349
num_leaves=6
num_cat=0
split_feature=2 47 41 13 28
split_gain=0.0607094 0.358963 0.0766496 0.17853 0.164506
threshold=107.91500091552736 0.17528157681226733 0.068468317389488234 0.70034998655319225 64.852874755859389
decision_type=2 2 2 2 2
left_child=1 -1 4 -4 -2
right_child=2 -3 3 -5 -6
leaf_value=0.0010810969821007444 0.0009449913339569006 -0.0033925025615658931 -0.0027303002529728911 -3.1383926360965701e-06 -1.8817489979974891e-05
leaf_weight=589 3971 460 348 51473 7127
leaf_count=589 3971 460 348 51473 7127
internal_value=2.47464e-05 -0.000880634 3.98411e-05 -2.14524e-05 0.000326045
internal_weight=63968 1049 62919 51821 11098
internal_count=63968 1049 62919 51821 11098
is_linear=0
shrinkage=0.12


Tree=350
num_leaves=7
num_cat=0
split_feature=2 6 71 57 54 74
split_gain=0.0775043 0.172761 0.260211 0.0756519 0.593575 0.155135
threshold=107.91500091552736 5.7841501235961923 44.500000000000007 8.8562502861022967 0.021032840944826606 54.500000000000007
decision_type=2 2 2 2 2 2
left_child=1 2 -1 5 -5 -2
right_child=3 -3 -4 4 -6 -7
leaf_value=-0.0020344745611962107 -4.8904341835400519e-05 -0.0034946082514594307 0.0025850440637783748 0.0021057242057427473 -0.00043183570078163453 -0.0027026781015284944
leaf_weight=412 56494 300 306 1953 4144 319
leaf_count=412 56494 300 306 1953 4144 319
internal_value=-3.75042e-05 -0.00107619 -6.57104e-05 -2.06963e-05 0.000380999 -6.3805e-05
internal_weight=63928 1018 718 62910 6097 56813
internal_count=63928 1018 718 62910 6097 56813
is_linear=0
shrinkage=0.12


Tree=351
num_leaves=8
num_cat=0
split_feature=49 2 76 76 28 13 2
split_gain=0.0654918 0.169722 0.413659 0.231139 0.121361 0.148411 0.146595
threshold=1.3968749642372134 238.05500030517581 0.9762399196624757 0.96590203046798717 45.181859970092781 3.7761499881744389 186.56000518798831
decision_type=2 2 2 2 2 2 2
left_child=1 2 -1 -3 5 -2 -6
right_child=4 3 -4 -5 6 -7 -8
leaf_value=-0.00066625402452642713 -0.0028975474347601679 0.00021364811138296704 0.0026022976704073732 -0.0027651665620045565 0.00056636356541366214 -0.00029539701220275956 -1.4275283968595481e-05
leaf_weight=11490 415 12201 586 387 7942 1318 29589
leaf_count=11490 415 12201 586 387 7942 1318 29589
internal_value=-3.30037e-05 -0.000186252 -0.000507644 0.000122069 6.32603e-05 -0.000918532 0.000108595
internal_weight=63928 24664 12076 12588 39264 1733 37531
internal_count=63928 24664 12076 12588 39264 1733 37531
is_linear=0
shrinkage=0.12


Tree=352
num_leaves=6
num_cat=0
split_feature=2 66 55 33 41
split_gain=0.0631914 0.228593 0.170534 0.064401 0.0672671
threshold=107.91500091552736 10.833854198455812 0.13361265510320666 0.019563000649213794 0.1941235885024071
decision_type=2 2 2 2 2
left_child=1 2 -1 -2 -5
right_child=3 -3 -4 4 -6
leaf_value=-0.00047763501862149445 0.0016283511416986583 0.0013244288053232893 -0.0044291314926306197 -0.0001025798885234978 0.00017131426760889348
leaf_weight=327 342 388 303 44353 18215
leaf_count=327 342 388 303 44353 18215
internal_value=-2.90432e-05 -0.00096693 -0.00237812 -1.38665e-05 -2.28429e-05
internal_weight=63928 1018 630 62910 62568
internal_count=63928 1018 630 62910 62568
is_linear=0
shrinkage=0.12


Tree=353
num_leaves=5
num_cat=0
split_feature=23 2 66 57
split_gain=0.0622379 0.0891984 0.237725 0.0604874
threshold=0.24703750014305118 107.91500091552736 10.833854198455812 8.8562502861022967
decision_type=2 2 2 2
left_child=-1 2 -2 -3
right_child=1 3 -4 -5
leaf_value=0.0016761488879066225 -0.0026313822773355398 -5.447686203862108e-05 0.0011654973578112458 0.00034417298808748554
leaf_weight=308 612 56551 388 6069
leaf_count=308 612 56551 388 6069
internal_value=-2.5558e-05 -3.37964e-05 -0.00115819 -1.58405e-05
internal_weight=63928 63620 1000 62620
internal_count=63928 63620 1000 62620
is_linear=0
shrinkage=0.12


Tree=354
num_leaves=7
num_cat=0
split_feature=0 82 72 33 47 45
split_gain=0.0602951 0.242431 0.253374 0.20831 0.153999 0.166845
threshold=32.140750885009773 1.0000000180025095e-35 5.8906250000000009 0.043528616428375251 0.64250540733337413 0.85937500000000011
decision_type=2 2 2 2 2 2
left_child=4 3 -3 -2 5 -1
right_child=1 2 -4 -5 -6 -7
leaf_value=-0.00035783653889961124 -0.0026921771409234552 -0.00070824464471357421 0.0014808271697488125 7.0761658835958666e-06 0.002295171898188749 0.00023096068584862304
leaf_weight=21410 418 1005 3141 27337 370 10247
leaf_count=21410 418 1005 3141 27337 370 10247
internal_value=-2.24911e-05 9.42793e-05 0.000950191 -3.35755e-05 -0.000138802 -0.00016725
internal_weight=63928 31901 4146 27755 32027 31657
internal_count=63928 31901 4146 27755 32027 31657
is_linear=0
shrinkage=0.12


Tree=355
num_leaves=7
num_cat=0
split_feature=5 13 6 1 3 16
split_gain=0.103873 0.424354 0.352877 0.125018 0.44091 0.0956878
threshold=3.4033999443054204 6.4233500957489023 3.6513999700546269 3.4851499795913701 0.43163999915122991 2.1094824075698857
decision_type=2 2 2 2 2 2
left_child=3 2 -2 4 -1 -5
right_child=1 -3 -4 5 -6 -7
leaf_value=-0.0026114162251148995 -0.0035016990400786171 0.0038683227670461237 0.00052326562558728323 -0.0012265589213507103 0.00025133664240610635 3.6067424041829603e-05
leaf_weight=1178 346 501 3356 878 2263 55431
leaf_count=1178 346 501 3356 878 2263 55431
internal_value=1.40319e-05 0.000590655 0.00014708 -2.65295e-05 -0.000728705 1.63799e-05
internal_weight=63953 4203 3702 59750 3441 56309
internal_count=63953 4203 3702 59750 3441 56309
is_linear=0
shrinkage=0.12


Tree=356
num_leaves=7
num_cat=0
split_feature=5 58 47 1 3 29
split_gain=0.0804394 0.381268 0.302917 0.0968141 0.341441 0.0937644
threshold=3.4033999443054204 0.12054939195513727 0.096871696412563338 3.4851499795913701 0.43163999915122991 -64.862651824951158
decision_type=2 2 2 2 2 2
left_child=3 2 -2 4 -1 -5
right_child=1 -3 -4 5 -6 -7
leaf_value=-0.0022980462549444438 0.0015806659273181632 0.0042768788169559322 -0.00063288472496816548 -0.00096508613800225023 0.00022117626153804812 3.8894672066968182e-05
leaf_weight=1178 1399 356 2448 1373 2263 54936
leaf_count=1178 1399 356 2448 1373 2263 54936
internal_value=1.23481e-05 0.000519776 0.000172095 -2.3346e-05 -0.00064126 1.44143e-05
internal_weight=63953 4203 3847 59750 3441 56309
internal_count=63953 4203 3847 59750 3441 56309
is_linear=0
shrinkage=0.12


Tree=357
num_leaves=5
num_cat=0
split_feature=14 19 62 19
split_gain=0.0630022 0.0812239 0.374754 0.148514
threshold=8.7804002761840838 0.13749999552965167 0.11959145590662958 0.17500000447034839
decision_type=2 2 2 2
left_child=1 2 -1 -3
right_child=-2 3 -4 -5
leaf_value=-0.0014875643896737872 0.0013921394987205452 0.0021473213902653853 0.0031088356514654978 8.2636693214746808e-06
leaf_weight=1627 472 471 303 61080
leaf_count=1627 472 471 303 61080
internal_value=1.08663e-05 5.96135e-07 -0.000765953 2.46321e-05
internal_weight=63953 63481 1930 61551
internal_count=63953 63481 1930 61551
is_linear=0
shrinkage=0.12


Tree=358
num_leaves=7
num_cat=0
split_feature=5 13 58 58 50 61
split_gain=0.0623742 0.327626 0.325637 0.0813208 0.357011 0.107386
threshold=3.4033999443054204 6.4233500957489023 -24.353949546813961 1.0000000180025095e-35 -0.015612306073307989 5.1468751430511483
decision_type=2 2 2 2 2 2
left_child=3 2 -2 5 -5 -1
right_child=1 -3 -4 4 -6 -7
leaf_value=-6.9733456025341314e-05 -0.0028991590984667926 0.0033363771862643184 0.00049372703042855715 -0.0034975816742067894 -0.00014758373915215432 0.00033271974457433484
leaf_weight=42244 466 501 3236 508 4663 12335
leaf_count=42244 466 501 3236 508 4663 12335
internal_value=9.56235e-06 0.000456392 6.66376e-05 -2.18691e-05 -0.000476688 2.1222e-05
internal_weight=63953 4203 3702 59750 5171 54579
internal_count=63953 4203 3702 59750 5171 54579
is_linear=0
shrinkage=0.12


Tree=359
num_leaves=7
num_cat=0
split_feature=54 51 46 59 57 33
split_gain=0.0646947 0.238397 0.233713 0.288734 0.226472 0.201533
threshold=0.021032840944826606 0.59867665171623241 0.29389704763889318 1.9579368829727175 8.8562502861022967 0.32566010951995855
decision_type=2 2 2 2 2 2
left_child=1 4 3 -2 -1 -4
right_child=2 -3 5 -5 -6 -7
leaf_value=9.2041276994417144e-05 -0.0034418252708580386 -0.0026382261319341693 0.0012740554638749795 -5.3486888982967754e-05 0.001418907412027388 -0.0001011003799775758
leaf_weight=26076 661 437 1611 801 1994 32373
leaf_count=26076 661 437 1611 801 1994 32373
internal_value=8.41487e-06 0.000142999 -9.98225e-05 -0.00158542 0.000186297 -3.59116e-05
internal_weight=63953 28507 35446 1462 28070 33984
internal_count=63953 28507 35446 1462 28070 33984
is_linear=0
shrinkage=0.12


Tree=360
num_leaves=8
num_cat=0
split_feature=57 57 55 84 34 12 73
split_gain=0.0680066 0.188398 0.52948 0.185777 0.423779 0.195181 0.132049
threshold=3.1531250476837163 2.9906250238418584 0.15661568194627765 1.0000000180025095e-35 0.751528561115265 2.5705000162124638 1865.6727294921877
decision_type=2 2 2 2 2 2 2
left_child=1 6 -3 5 -5 -2 -1
right_child=3 2 -4 4 -6 -7 -8
leaf_value=-6.8121518347443209e-05 0.00049990311343437615 -0.00055914940820582721 0.0057039337471876108 0.00062889959146009773 -0.0014837681564318095 -0.0003577328544629889 0.00056339945033801473
leaf_weight=35902 6687 505 316 2064 4050 8916 5498
leaf_count=35902 6687 505 316 2064 4050 8916 5498
internal_value=-3.73168e-05 5.14423e-05 0.00185149 -0.000209877 -0.000770561 9.82542e-06 1.57457e-05
internal_weight=63938 42221 821 21717 6114 15603 41400
internal_count=63938 42221 821 21717 6114 15603 41400
is_linear=0
shrinkage=0.12


Tree=361
num_leaves=8
num_cat=0
split_feature=61 61 85 61 82 29 62
split_gain=0.0698354 0.30533 0.454732 0.233944 0.274442 0.189141 0.128885
threshold=3.2468750476837163 4.1718750000000009 0.37500000000000006 2.8906250000000004 1.0000000180025095e-35 -67.857318878173814 8.5177669525146502
decision_type=2 2 2 2 2 2 2
left_child=3 2 -2 6 -5 -3 -1
right_child=1 5 -4 4 -6 -7 -8
leaf_value=-1.4819996912418327e-05 -0.0030602832063518471 0.0022988062683095044 -5.1723755486194001e-06 0.00065848080610516702 0.0046281484533187024 -9.5321714527435596e-05 0.0024066434566918349
leaf_weight=40797 1267 488 1572 1087 326 18082 319
leaf_count=40797 1267 488 1572 1087 326 18082 319
internal_value=-3.28388e-05 -0.000209599 -0.00136862 5.61418e-05 0.00157434 -3.24066e-05 3.96702e-06
internal_weight=63938 21409 2839 42529 1413 18570 41116
internal_count=63938 21409 2839 42529 1413 18570 41116
is_linear=0
shrinkage=0.12


Tree=362
num_leaves=4
num_cat=0
split_feature=30 22 22
split_gain=0.0868719 0.0816789 0.0899705
threshold=6.5000000000000009 4.0835001468658456 3.9555083513259892
decision_type=2 2 2
left_child=1 2 -1
right_child=-2 -3 -4
leaf_value=-4.6094349989578114e-05 0.001797081798563718 -0.0016106403683288609 0.0010967796128132485
leaf_weight=62084 373 473 1008
leaf_count=62084 373 473 1008
internal_value=-2.88981e-05 -3.9613e-05 -2.7835e-05
internal_weight=63938 63565 63092
internal_count=63938 63565 63092
is_linear=0
shrinkage=0.12


Tree=363
num_leaves=4
num_cat=0
split_feature=30 22 24
split_gain=0.0672736 0.0632521 0.0721199
threshold=6.5000000000000009 4.0835001468658456 13.214327335357668
decision_type=2 2 2
left_child=1 2 -1
right_child=-2 -3 -4
leaf_value=-7.8996664369996084e-05 0.0015814320201978983 -0.0014173635494424941 0.00027752276494257059
leaf_weight=53447 373 473 9645
leaf_count=53447 373 473 9645
internal_value=-2.54304e-05 -3.48594e-05 -2.44948e-05
internal_weight=63938 63565 63092
internal_count=63938 63565 63092
is_linear=0
shrinkage=0.12


Tree=364
num_leaves=8
num_cat=0
split_feature=53 53 19 71 84 55 46
split_gain=0.0620786 0.15472 0.299569 0.14781 0.25984 0.202246 0.112979
threshold=2.3156249523162846 2.2843749523162846 0.32187499105930334 15.500000000000002 1.0000000180025095e-35 0.160001315176487 0.19202470034360888
decision_type=2 2 2 2 2 2 2
left_child=1 6 -3 4 -2 -5 -1
right_child=3 2 -4 5 -6 -7 -8
leaf_value=0.00045186741578653368 -8.0026902474050754e-05 0.0012417176446107426 -0.0026201342379186896 -0.00055671573495084091 0.0035552660067560055 0.00021039861279623562 -9.6159536605563043e-05
leaf_weight=6524 915 2924 321 12886 410 8035 31923
leaf_count=6524 915 2924 321 12886 410 8035 31923
internal_value=-2.23787e-05 6.39931e-05 0.000859698 -0.000184251 0.00104486 -0.000262095 -3.16586e-06
internal_weight=63938 41692 3245 22246 1325 20921 38447
internal_count=63938 41692 3245 22246 1325 20921 38447
is_linear=0
shrinkage=0.12


Tree=365
num_leaves=8
num_cat=0
split_feature=66 12 85 85 22 76 55
split_gain=0.118092 0.421253 1.11374 0.222884 0.769029 0.618225 0.184048
threshold=11.507291793823244 2.2931500673294072 0.37500000000000006 0.37500000000000006 0.57591664791107189 0.9762399196624757 0.46612845361232763
decision_type=2 2 2 2 2 2 2
left_child=3 2 -2 4 -1 -5 -3
right_child=1 6 -4 5 -6 -7 -8
leaf_value=0.0044901654487029706 -0.0037761162182095831 8.1429592212493653e-05 0.00033043531879453018 -5.6246664937455659e-05 0.00026809469119280771 -0.0046212729888745882 -0.0020123668576721059
leaf_weight=644 1623 16877 2297 23798 17572 435 627
leaf_count=644 1623 16877 2297 23798 17572 435 627
internal_value=-1.57074e-05 -0.000245383 -0.0013698 0.00010021 0.00041736 -0.000138192 6.429e-06
internal_weight=63873 21424 3920 42449 18216 24233 17504
internal_count=63873 21424 3920 42449 18216 24233 17504
is_linear=0
shrinkage=0.12


Tree=366
num_leaves=7
num_cat=0
split_feature=71 23 0 2 19 13
split_gain=0.099216 0.286865 0.223267 0.44888 0.18576 0.155959
threshold=64.500000000000014 0.65582501888275158 49.921049118041999 229.629997253418 0.21145833283662799 2.2410500049591069
decision_type=2 2 2 2 2 2
left_child=1 -1 4 -4 -2 -3
right_child=2 5 3 -5 -6 -7
leaf_value=0.0029935409775192906 0.0024088442621058356 -0.00080158007129588378 -0.002631906265421625 -5.9311649576107464e-05 -9.3139484520175138e-05 0.00013174759698799895
leaf_weight=488 437 2773 1540 2670 19278 36687
leaf_count=488 437 2773 1540 2670 19278 36687
internal_value=-1.38225e-05 0.00010192 -0.000207079 -0.00100036 -3.76809e-05 6.61592e-05
internal_weight=63873 39948 23925 4210 19715 39460
internal_count=63873 39948 23925 4210 19715 39460
is_linear=0
shrinkage=0.12


Tree=367
num_leaves=5
num_cat=0
split_feature=2 58 34 24
split_gain=0.0951256 0.0907965 0.12166 0.0934574
threshold=105.59999847412111 7.7026257514953622 1.046628534793854 14.235174655914308
decision_type=2 2 2 2
left_child=-1 3 -3 -2
right_child=1 2 -4 -5
leaf_value=0.0016153335172131517 1.9882701539650825e-05 -0.00022881108802482085 -0.0031593292241715839 -0.00078221654444916421
leaf_weight=513 60278 608 307 2167
leaf_count=513 60278 608 307 2167
internal_value=-1.21638e-05 -2.5341e-05 -0.00121206 -7.95218e-06
internal_weight=63873 63360 915 62445
internal_count=63873 63360 915 62445
is_linear=0
shrinkage=0.12


Tree=368
num_leaves=8
num_cat=0
split_feature=66 12 85 85 69 22 71
split_gain=0.0792441 0.305053 0.866084 0.172365 0.672949 0.467249 0.148895
threshold=11.507291793823244 2.2931500673294072 0.37500000000000006 0.37500000000000006 2.5000000000000004 0.53448331356048595 45.500000000000007
decision_type=2 2 2 2 2 2 2
left_child=3 2 -2 4 -1 -5 -3
right_child=1 6 -4 5 -6 -7 -8
leaf_value=0.0046053968456526593 -0.0032776701352395486 -0.0017334635818153632 0.00034363038543849507 -0.0021870000113290954 0.00023775313528294836 9.2803829937536981e-06 8.5477123850950825e-05
leaf_weight=523 1623 674 2297 1486 17693 22747 16830
leaf_count=523 1623 674 2297 1486 17693 22747 16830
internal_value=-1.07042e-05 -0.000198848 -0.0011557 8.42519e-05 0.000363153 -0.000125398 1.54379e-05
internal_weight=63873 21424 3920 42449 18216 24233 17504
internal_count=63873 21424 3920 42449 18216 24233 17504
is_linear=0
shrinkage=0.12


Tree=369
num_leaves=5
num_cat=0
split_feature=3 71 6 47
split_gain=0.0735206 0.0710499 0.262963 0.210491
threshold=0.21119999885559085 64.500000000000014 8.9359498023986834 0.030907614156603817
decision_type=2 2 2 2
left_child=-1 2 -2 -3
right_child=1 3 -4 -5
leaf_value=0.0014213706731009269 4.4998645128162437e-05 -0.0026806110937518811 0.0030356379828272192 -0.00013407353906287749
leaf_weight=513 39214 477 428 23241
leaf_count=513 39214 477 428 23241
internal_value=-9.41965e-06 -2.10042e-05 7.72875e-05 -0.000185288
internal_weight=63873 63360 39642 23718
internal_count=63873 63360 39642 23718
is_linear=0
shrinkage=0.12


Tree=370
num_leaves=6
num_cat=0
split_feature=75 88 50 65 47
split_gain=0.0757972 0.373745 0.511471 0.191933 0.125867
threshold=4.5000000000000009 1.3240000009536745 -0.091230612248182283 46.500000000000007 0.36349463462829595
decision_type=2 2 2 2 2
left_child=3 2 -2 4 -1
right_child=1 -3 -4 -5 -6
leaf_value=5.5566762545590673e-05 -0.0045070332963058173 0.0041333993184544194 0.00030053357601940396 -0.0022622709110627004 -0.000698384803772275
leaf_weight=45115 326 355 14161 545 3431
leaf_count=45115 326 355 14161 545 3431
internal_value=4.89844e-05 0.000286614 0.000192349 -2.28596e-05 2.28106e-06
internal_weight=63933 14842 14487 49091 48546
internal_count=63933 14842 14487 49091 48546
is_linear=0
shrinkage=0.12


Tree=371
num_leaves=8
num_cat=0
split_feature=88 88 78 66 66 46 65
split_gain=0.0705387 0.40546 1.26884 0.230373 0.358771 0.310435 0.221484
threshold=0.80478569865226757 0.74529999494552623 1.0000000180025095e-35 5.8031251430511483 7.8062500953674325 0.1637094244360924 8.5000000000000018
decision_type=2 2 2 2 2 2 2
left_child=1 6 -3 5 -5 -2 -1
right_child=3 2 -4 4 -6 -7 -8
leaf_value=0.0020977057290497651 0.00062630679132787343 -0.0023016637514086183 0.0026085932104680629 0.0014315356877034418 0.00015502288947780342 -0.00078608019975228685 2.9606849808233915e-05
leaf_weight=777 3256 3308 983 3605 26306 7188 18510
leaf_count=777 3256 3308 983 3605 26306 7188 18510
internal_value=4.31063e-05 -0.000121796 -0.0011768 0.000139453 0.000308874 -0.000345757 0.000112923
internal_weight=63933 23578 4291 40355 29911 10444 19287
internal_count=63933 23578 4291 40355 29911 10444 19287
is_linear=0
shrinkage=0.12


Tree=372
num_leaves=8
num_cat=0
split_feature=22 65 85 85 22 64 22
split_gain=0.0654079 0.404059 0.5604 0.260805 0.157863 0.410104 0.182449
threshold=1.2953000068664553 34.500000000000007 0.37500000000000006 0.37500000000000006 1.6474750041961672 1.0000000180025095e-35 1.6952583789825442
decision_type=2 2 2 2 2 2 2
left_child=1 3 -3 -1 5 -2 -6
right_child=4 2 -4 -5 6 -7 -8
leaf_value=0.0021691404067797166 9.9931841450907662e-06 -0.0024077595175456736 1.6917178251893756e-05 2.2486626994297686e-05 -0.001840818349657697 0.0022936472330371436 5.0276547249968036e-05
leaf_weight=1225 3699 2153 3787 2435 746 1632 48256
leaf_count=1225 3699 2153 3787 2435 746 1632 48256
internal_value=3.79335e-05 -0.000250822 -0.000861926 0.00074097 8.89532e-05 0.000709097 2.14868e-05
internal_weight=63933 9600 5940 3660 54333 5331 49002
internal_count=63933 9600 5940 3660 54333 5331 49002
is_linear=0
shrinkage=0.12


Tree=373
num_leaves=6
num_cat=0
split_feature=75 34 13 65 53
split_gain=0.0614596 0.292934 0.203502 0.147473 0.121055
threshold=4.5000000000000009 1.3240000009536745 9.6587996482849139 46.500000000000007 2.7593749761581425
decision_type=2 2 2 2 2
left_child=3 2 -2 4 -1
right_child=1 -3 -4 -5 -6
leaf_value=1.9309061339299201e-05 9.5880089100123665e-05 0.0036529693899571263 0.003137495670277901 -0.001994287289342621 -0.0012655198339206334
leaf_weight=47466 14163 355 324 545 1080
leaf_count=47466 14163 355 324 545 1080
internal_value=3.33815e-05 0.000247359 0.000163905 -3.13117e-05 -9.27445e-06
internal_weight=63933 14842 14487 49091 48546
internal_count=63933 14842 14487 49091 48546
is_linear=0
shrinkage=0.12


Tree=374
num_leaves=8
num_cat=0
split_feature=34 34 78 63 66 1 22
split_gain=0.0536586 0.315921 0.982174 0.214237 0.189064 0.293687 0.289632
threshold=0.80478569865226757 0.74529999494552623 1.0000000180025095e-35 19999951.000000004 5.8031251430511483 11.525599956512453 1.3128708600997927
decision_type=2 2 2 2 2 2 2
left_child=1 3 -3 -1 5 -2 -6
right_child=4 2 -4 -5 6 -7 -8
leaf_value=0.00022847012702062808 -0.00074006002655007958 -0.0020353771562862093 0.0022847361816793533 -0.0010857115436970544 -0.00041760906766492807 0.00065216004155097278 0.00047059552189779015
leaf_weight=17295 7339 3308 983 1992 6860 3105 23051
leaf_count=17295 7339 3308 983 1992 6860 3105 23051
internal_value=2.93757e-05 -0.000114449 -0.00104571 9.27388e-05 0.000113407 -0.000326153 0.000266888
internal_weight=63933 23578 4291 19287 40355 10444 29911
internal_count=63933 23578 4291 19287 40355 10444 29911
is_linear=0
shrinkage=0.12


Tree=375
num_leaves=5
num_cat=0
split_feature=19 28 41 19
split_gain=0.0883081 0.111721 0.28405 0.106564
threshold=0.025000000372529033 15.675339698791506 0.1528555825352669 0.20833332836627963
decision_type=2 2 2 2
left_child=-1 2 -2 -3
right_child=1 3 -4 -5
leaf_value=0.0017134233135056916 0.00046516387194762754 0.0010580915915135657 -0.0034825056455662319 -3.0467951781980878e-05
leaf_weight=422 606 1323 463 61180
leaf_count=422 606 1323 463 61180
internal_value=-1.67456e-05 -2.82307e-05 -0.00124463 -7.42643e-06
internal_weight=63994 63572 1069 62503
internal_count=63994 63572 1069 62503
is_linear=0
shrinkage=0.12


Tree=376
num_leaves=4
num_cat=0
split_feature=28 28 19
split_gain=0.0735728 0.0837331 0.0725929
threshold=3.6883151531219487 8.2987091541290301 0.47812499105930334
decision_type=2 2 2
left_child=-1 -2 -3
right_child=1 2 -4
leaf_value=0.0018146821789310446 -0.0018668286591008432 -3.4104327859508501e-05 0.00078810912759572061
leaf_weight=315 353 61740 1586
leaf_count=315 353 61740 1586
internal_value=-1.47362e-05 -2.37857e-05 -1.3512e-05
internal_weight=63994 63679 63326
internal_count=63994 63679 63326
is_linear=0
shrinkage=0.12


Tree=377
num_leaves=7
num_cat=0
split_feature=16 4 50 16 57 23
split_gain=0.0674147 0.227832 0.144437 0.10482 0.341456 0.107851
threshold=2.2382669448852544 131.78499603271487 0.35235635936260229 2.6212134361267094 2.5531250238418584 0.554649978876114
decision_type=2 2 2 2 2 2
left_child=1 -1 -3 4 -2 -5
right_child=3 2 -4 5 -6 -7
leaf_value=-0.0028599745292207318 -0.0010682096463792464 0.001761311559816461 -0.0015495757850117666 -0.0021662738082788464 0.0040175016176480973 -8.5776272480342341e-07
leaf_weight=505 391 464 321 333 370 61610
leaf_count=505 391 464 321 333 370 61610
internal_value=-1.29678e-05 -0.000871669 0.000407433 4.6981e-06 0.00140448 -1.24988e-05
internal_weight=63994 1290 785 62704 761 61943
internal_count=63994 1290 785 62704 761 61943
is_linear=0
shrinkage=0.12


Tree=378
num_leaves=4
num_cat=0
split_feature=20 28 47
split_gain=0.0592823 0.0786472 0.0647097
threshold=2.4588767886161809 8.2987091541290301 0.099129147827625289
decision_type=2 2 2
left_child=-1 -2 -3
right_child=1 2 -4
leaf_value=0.0014061791067295727 -0.0016653848657873682 0.00014899973235258824 -0.00010278977688685409
leaf_weight=422 416 23277 39879
leaf_count=422 416 23277 39879
internal_value=-1.14117e-05 -2.08219e-05 -9.98934e-06
internal_weight=63994 63572 63156
internal_count=63994 63572 63156
is_linear=0
shrinkage=0.12


Tree=379
num_leaves=8
num_cat=0
split_feature=90 55 29 63 63 85 81
split_gain=0.057614 0.16871 0.0967156 0.0778344 0.0686704 0.227363 0.074872
threshold=1.0000000180025095e-35 0.10975692793726922 165.53633880615237 19999927.000000004 -1.2349625229835508 0.62500000000000011 1.0000000180025095e-35
decision_type=2 2 2 2 2 2 2
left_child=4 2 -2 -3 5 -1 -6
right_child=1 3 -4 -5 6 -7 -8
leaf_value=-0.0030228019121228749 -0.0020273273233085017 0.00058656891403136534 -0.0004545362578633759 -0.001373140173908037 8.2933569701551491e-05 0.0011486801868274416 -0.00035857982993847112
leaf_weight=411 1012 1990 1269 342 52440 347 6183
leaf_count=411 1012 1990 1269 342 52440 347 6183
internal_value=-1.00423e-05 -0.000418557 -0.00115233 0.000299167 2.16931e-05 -0.00111317 3.63669e-05
internal_weight=63994 4613 2281 2332 59381 758 58623
internal_count=63994 4613 2281 2332 59381 758 58623
is_linear=0
shrinkage=0.12


Tree=380
num_leaves=8
num_cat=0
split_feature=53 66 33 24 22 46 29
split_gain=0.100476 0.154205 0.20807 0.150886 0.119718 0.260104 0.172256
threshold=2.3156249523162846 11.352083683013918 0.2155721113085747 14.235174655914308 3.5891333818435673 0.19650907814502719 -5.9808595180511466
decision_type=2 2 2 2 2 2 2
left_child=4 3 -3 -2 6 -6 -1
right_child=1 2 -4 -5 5 -7 -8
leaf_value=0.00072607950464231678 -0.00042452648508819877 0.0014126805625338437 -0.00010454031161409717 -0.0029827442986049479 -0.0026659786303398982 0.0009828886204058414 -6.8580801495200786e-05
leaf_weight=4457 12576 1559 7883 341 304 3770 33097
leaf_count=4457 12576 1559 7883 341 304 3770 33097
internal_value=-1.74462e-05 -0.000222625 0.000145973 -0.000492062 9.27585e-05 0.000710612 2.57314e-05
internal_weight=63987 22359 9442 12917 41628 4074 37554
internal_count=63987 22359 9442 12917 41628 4074 37554
is_linear=0
shrinkage=0.12


Tree=381
num_leaves=8
num_cat=0
split_feature=53 28 41 36 19 36 50
split_gain=0.0836769 0.25927 0.181058 0.149661 0.343463 0.225712 0.143802
threshold=2.2406250238418584 47.640737533569343 0.1047719679772854 -5.029836654663085 0.25807291269302374 5.4144930839538583 0.25262355804443365
decision_type=2 2 2 2 2 2 2
left_child=3 6 -3 4 -1 -5 -2
right_child=1 2 -4 5 -6 -7 -8
leaf_value=-0.00060641439774070441 -0.0028095764253910829 -0.00048232372140111159 0.00014836656332068977 -0.00096583446504537021 0.0017300654506962317 0.00012903974876115953 -0.0001342319407781169
leaf_weight=1484 807 10519 17392 3002 2326 28006 451
leaf_count=1484 807 10519 17392 3002 2326 28006 451
internal_value=-1.53527e-05 -0.00016528 -8.93258e-05 0.000110249 0.000820003 2.30409e-05 -0.00185045
internal_weight=63987 29169 27911 34818 3810 31008 1258
internal_count=63987 29169 27911 34818 3810 31008 1258
is_linear=0
shrinkage=0.12


Tree=382
num_leaves=6
num_cat=0
split_feature=63 5 60 22 34
split_gain=0.058347 0.130714 0.0571924 0.396394 0.246445
threshold=19999991.000000004 1.7296000123023989 1.0000000180025095e-35 2.31969165802002 0.98292857408523571
decision_type=2 2 2 2 2
left_child=2 -2 4 -4 -1
right_child=1 -3 3 -5 -6
leaf_value=0.00011888077139054713 -0.00046779302862782682 0.0021948461086899007 0.00072399925904870113 -0.00042758408698276377 -0.00045562358688439151
leaf_weight=28400 529 533 8757 8465 17303
leaf_count=28400 529 533 8757 8465 17303
internal_value=-1.35104e-05 0.000868541 -2.8397e-05 0.00015797 -9.86246e-05
internal_weight=63987 1062 62925 17222 45703
internal_count=63987 1062 62925 17222 45703
is_linear=0
shrinkage=0.12


Tree=383
num_leaves=7
num_cat=0
split_feature=55 55 66 83 28 59
split_gain=0.0722167 0.41615 0.255718 0.304568 0.178166 0.156719
threshold=0.12411634251475336 0.12237171083688737 5.5968749523162851 1.0000000180025095e-35 119.56288528442384 -6.2650797367095938
decision_type=2 2 2 2 2 2
left_child=1 5 3 -2 -4 -1
right_child=2 -3 4 -5 -6 -7
leaf_value=-0.0025148334693321154 -0.0018981748541831234 0.0036940768682891399 6.9857958080738407e-05 6.6017624368995174e-05 -0.0014250814795841778 8.6230469499577826e-05
leaf_weight=337 2416 460 24681 2147 1204 32742
leaf_count=337 2416 460 24681 2147 1204 32742
internal_value=-1.18891e-05 0.000109578 -0.000145687 -0.000973976 3.23205e-07 5.97315e-05
internal_weight=63987 33539 30448 4563 25885 33079
internal_count=63987 33539 30448 4563 25885 33079
is_linear=0
shrinkage=0.12


Tree=384
num_leaves=8
num_cat=0
split_feature=53 22 13 54 58 5 58
split_gain=0.0658746 0.152037 0.364075 0.228332 0.102477 0.281606 0.163181
threshold=2.3156249523162846 1.8653916716575625 3.9519499540328984 0.013175104279071094 -0.95536077022552479 2.3300999402999882 -0.52747896313667286
decision_type=2 2 2 2 2 2 2
left_child=4 2 -2 -3 5 -1 -6
right_child=1 3 -4 -5 6 -7 -8
leaf_value=-2.9455565874636481e-05 0.00055600812101060852 0.00069389245903998418 -0.0014204579438831517 -0.0002811991163457787 -0.0012153851925432815 0.0010037973900501962 4.3575237968349133e-06
leaf_weight=11914 2104 4922 3706 11627 1699 5576 22439
leaf_count=11914 2104 4922 3706 11627 1699 5576 22439
internal_value=-1.04624e-05 -0.000176597 -0.000704712 8.81241e-06 7.8771e-05 0.000299957 -8.14964e-05
internal_weight=63987 22359 5810 16549 41628 17490 24138
internal_count=63987 22359 5810 16549 41628 17490 24138
is_linear=0
shrinkage=0.12


Tree=385
num_leaves=6
num_cat=0
split_feature=72 34 74 0 85
split_gain=0.0756904 0.402364 0.198879 0.19578 0.0710039
threshold=35.743749618530281 1.2591714262962344 45.500000000000007 7.4699499607086191 0.62500000000000011
decision_type=2 2 2 2 2
left_child=2 3 4 -2 -1
right_child=1 -3 -4 -5 -6
leaf_value=-0.00018464966000016796 0.00039269368450169155 -0.0045172642991346624 0.0023260468870386886 -0.0012441332147796989 7.9833553670611684e-05
leaf_weight=27627 2819 337 514 1679 31038
leaf_count=27627 2819 337 514 1679 31038
internal_value=-6.14251e-05 -0.000517935 -2.41277e-05 -0.000218296 -4.4719e-05
internal_weight=64014 4835 59179 4498 58665
internal_count=64014 4835 59179 4498 58665
is_linear=0
shrinkage=0.12


Tree=386
num_leaves=7
num_cat=0
split_feature=33 55 49 50 61 50
split_gain=0.0732081 0.33799 0.342368 0.134702 0.264018 0.184865
threshold=0.17916322499513629 0.38966679573059088 1.7343750000000002 0.063775006681680693 11.75624990463257 0.093769513070583357
decision_type=2 2 2 2 2 2
left_child=1 2 -1 4 -2 -5
right_child=3 -3 -4 5 -6 -7
leaf_value=-0.000683513800649952 0.00052620752855084719 -0.0038737656812876022 0.0014156089148421953 -0.00099182809881265092 -0.0028227066403294222 -2.9808463380659191e-05
leaf_weight=5054 9172 386 1437 3075 352 44538
leaf_count=5054 9172 386 1437 3075 352 44538
internal_value=-5.40541e-05 -0.000423953 -0.000218803 -9.53319e-06 0.000402434 -9.19388e-05
internal_weight=64014 6877 6491 57137 9524 47613
internal_count=64014 6877 6491 57137 9524 47613
is_linear=0
shrinkage=0.12


Tree=387
num_leaves=8
num_cat=0
split_feature=33 47 85 65 50 50 50
split_gain=0.0566924 0.268649 0.42253 0.275857 0.104313 0.23597 0.14316
threshold=0.17916322499513629 0.29038397967815405 0.62500000000000011 36.500000000000007 0.063775006681680693 0.035518826916813857 0.093769513070583357
decision_type=2 2 2 2 2 2 2
left_child=1 3 -3 -1 5 -2 -6
right_child=4 2 -4 -5 6 -7 -8
leaf_value=0.00025450597232087109 1.218188126878923e-05 0.0037426513258746017 -0.00081951591583794719 -0.0014335386476352909 -0.00087280870733339691 0.0013974768862610358 -2.6231448404124182e-05
leaf_weight=2430 7173 541 636 3270 3075 2351 44538
leaf_count=2430 7173 541 636 3270 3075 2351 44538
internal_value=-4.75676e-05 -0.000373078 0.00127745 -0.000713899 -8.38921e-06 0.000354142 -8.09061e-05
internal_weight=64014 6877 1177 5700 57137 9524 47613
internal_count=64014 6877 1177 5700 57137 9524 47613
is_linear=0
shrinkage=0.12


Tree=388
num_leaves=7
num_cat=0
split_feature=41 45 28 0 69 34
split_gain=0.0556159 0.103326 0.128351 0.0669394 0.320797 0.145924
threshold=0.46536609530448919 0.45937500894069677 68.541191101074233 55.266201019287116 10.500000000000002 1.0757571458816531
decision_type=2 2 2 2 2 2
left_child=3 -2 -3 5 -5 -1
right_child=1 2 -4 4 -6 -7
leaf_value=4.0643541630834195e-05 -0.0026200119287653405 0.0012671354871280681 -0.00092043211733754203 0.00089122528794359545 -0.00021705288418909002 -0.0004345298228296117
leaf_weight=32567 322 541 1350 5934 10270 13030
leaf_count=32567 322 541 1350 5934 10270 13030
internal_value=-4.18595e-05 -0.000632945 -0.000294586 -2.06936e-05 0.000188805 -9.51441e-05
internal_weight=64014 2213 1891 61801 16204 45597
internal_count=64014 2213 1891 61801 16204 45597
is_linear=0
shrinkage=0.12


Tree=389
num_leaves=6
num_cat=0
split_feature=57 59 51 55 13
split_gain=0.0514577 0.148978 0.0566483 0.264191 0.0760225
threshold=17.506249427795414 4.9701886177062997 0.39072908461093908 0.10361409932374956 9.4607000350952166
decision_type=2 2 2 2 2
left_child=2 -2 4 -4 -1
right_child=1 -3 3 -5 -6
leaf_value=-2.4535476698628794e-05 0.00051939826021985328 -0.0022064503353556994 -0.00088697846691704156 0.001233367987682443 -0.00076532198804537448
leaf_weight=57180 583 572 1353 2259 2067
leaf_count=57180 583 572 1353 2259 2067
internal_value=-3.68364e-05 -0.000830546 -2.22524e-05 0.000439119 -5.03799e-05
internal_weight=64014 1155 62859 3612 59247
internal_count=64014 1155 62859 3612 59247
is_linear=0
shrinkage=0.12


Tree=390
num_leaves=5
num_cat=0
split_feature=2 24 24 24
split_gain=0.172781 0.0860287 0.284806 0.20466
threshold=105.59999847412111 12.354086875915529 12.530689716339113 11.652517318725588
decision_type=2 2 2 2
left_child=-1 3 -3 -2
right_child=1 2 -4 -5
leaf_value=0.0022521131099776798 3.0905418256242276e-06 0.0019959262434310907 0.00010197208620358055 -0.00090001562885651384
leaf_weight=498 44090 1244 14129 3936
leaf_count=498 44090 1244 14129 3936
internal_value=2.56514e-05 8.16253e-06 0.000255233 -7.09241e-05
internal_weight=63897 63399 15373 48026
internal_count=63897 63399 15373 48026
is_linear=0
shrinkage=0.12


Tree=391
num_leaves=5
num_cat=0
split_feature=3 13 86 7
split_gain=0.133801 0.0776994 0.189051 0.0769347
threshold=0.21119999885559085 9.7467999458313006 1.0000000180025095e-35 0.27019999921321874
decision_type=2 2 2 2
left_child=-1 3 -3 -2
right_child=1 2 -4 -5
leaf_value=0.0019818595975356211 -0.0018345479942138562 0.0032937764724013966 -0.0005832153850253188 2.54826622193514e-06
leaf_weight=498 330 342 385 62342
leaf_count=498 330 342 385 62342
internal_value=2.25732e-05 7.18303e-06 0.00124062 -7.12498e-06
internal_weight=63897 63399 727 62672
internal_count=63897 63399 727 62672
is_linear=0
shrinkage=0.12


Tree=392
num_leaves=5
num_cat=0
split_feature=2 24 62 34
split_gain=0.103616 0.0655601 0.252689 0.163672
threshold=105.59999847412111 12.354086875915529 -50.649475097656243 1.0723714232444765
decision_type=2 2 2 2
left_child=-1 3 -3 -2
right_child=1 2 -4 -5
leaf_value=0.0017440364479384643 8.0325200559958019e-05 0.0028144403818198328 0.00013070292249924595 -0.0004057942061092293
leaf_weight=498 33894 523 14850 14132
leaf_count=498 33894 523 14850 14132
internal_value=1.98645e-05 6.32107e-06 0.000222006 -6.2719e-05
internal_weight=63897 63399 15373 48026
internal_count=63897 63399 15373 48026
is_linear=0
shrinkage=0.12


Tree=393
num_leaves=5
num_cat=0
split_feature=2 41 49 76
split_gain=0.0802401 0.0645512 0.177151 0.0622655
threshold=105.59999847412111 0.029498630203306678 1.5031250119209292 0.9590723216533662
decision_type=2 2 2 2
left_child=-1 2 -2 -3
right_child=1 3 -4 -5
leaf_value=0.0015347520843799034 -0.00039850881167864102 -3.1086474454696871e-05 0.0028353095962500062 0.00066444849155566834
leaf_weight=498 580 60486 421 1912
leaf_count=498 580 60486 421 1912
internal_value=1.74807e-05 5.56254e-06 0.000961569 -9.77389e-06
internal_weight=63897 63399 1001 62398
internal_count=63897 63399 1001 62398
is_linear=0
shrinkage=0.12


Tree=394
num_leaves=5
num_cat=0
split_feature=2 0 70 47
split_gain=0.0621379 0.060346 0.440906 0.230404
threshold=105.59999847412111 53.138801574707038 1.5000000000000002 0.081110246479511275
decision_type=2 2 2 2
left_child=-1 3 -3 -2
right_child=1 2 -4 -5
leaf_value=0.0013505818291303577 -0.00052396474353887373 -0.0035440038509792489 0.00027956620250679749 9.2567011445242848e-05
leaf_weight=498 11859 445 18029 33066
leaf_count=498 11859 445 18029 33066
internal_value=1.5383e-05 4.89503e-06 0.000187464 -7.01809e-05
internal_weight=63897 63399 18474 44925
internal_count=63897 63399 18474 44925
is_linear=0
shrinkage=0.12


Tree=395
num_leaves=7
num_cat=0
split_feature=1 54 46 50 29 2
split_gain=0.10571 0.172572 0.105254 0.342449 0.26983 0.0811637
threshold=21.053549766540531 -0.032172767445445054 0.21602907776832583 0.15540828555822375 9.2698783874511737 268.52499389648443
decision_type=2 2 2 2 2 2
left_child=2 -2 3 -1 -4 -3
right_child=1 5 4 -5 -6 -7
leaf_value=0.00040966604188226566 -0.0028198971974440603 0.0013483544774151042 -0.0031138093013680225 -0.0035458484314445705 -1.0582800313944279e-05 -0.00090541706483618497
leaf_weight=14871 489 368 407 322 46702 614
leaf_count=14871 489 368 407 322 46702 614
internal_value=2.74436e-05 -0.000978016 5.11833e-05 0.000325833 -3.73932e-05 -6.08265e-05
internal_weight=63773 1471 62302 15193 47109 982
internal_count=63773 1471 62302 15193 47109 982
is_linear=0
shrinkage=0.12


Tree=396
num_leaves=7
num_cat=0
split_feature=1 47 12 2 12 28
split_gain=0.0942544 0.184362 0.249149 0.182853 0.128672 0.100095
threshold=16.065899848937992 0.11831239610910417 1.0421999692916872 202.98000335693362 0.51014998555183422 16.904777526855472
decision_type=2 2 2 2 2 2
left_child=4 3 -3 -2 -1 -6
right_child=1 2 -4 -5 5 -7
leaf_value=0.0019197652672121133 -0.0017352808870553754 -0.0026245019617756144 0.00034460286863430224 -0.00027595949709260275 -0.0010800381665891888 9.8836359066673882e-05
leaf_weight=550 1933 436 6114 3431 1059 50250
leaf_count=550 1933 436 6114 3431 1059 50250
internal_value=2.41504e-05 -0.000280216 0.000146965 -0.000801848 9.4075e-05 7.45048e-05
internal_weight=63773 11914 6550 5364 51859 51309
internal_count=63773 11914 6550 5364 51859 51309
is_linear=0
shrinkage=0.12


Tree=397
num_leaves=8
num_cat=0
split_feature=22 62 12 0 33 54 33
split_gain=0.0919981 0.27847 0.488163 0.235375 0.129619 0.52749 0.238646
threshold=1.8020749688148501 0.03159743361175061 1.1442499756813052 11.627499580383303 0.13559515029191974 -0.16956839710474012 0.17531906813383105
decision_type=2 2 2 2 2 2 2
left_child=1 3 -3 -1 5 -2 -6
right_child=4 2 -4 -5 6 -7 -8
leaf_value=-0.00033419523595275914 0.00021368440368320016 0.0019048542275791249 -0.001990869039603973 0.00074288706997318113 0.0024415378426436993 -0.0055045934181949235 -6.4394037891270573e-05
leaf_weight=4004 877 632 1734 10808 554 316 44848
leaf_count=4004 877 632 1734 10808 554 316 44848
internal_value=2.12523e-05 0.000258628 -0.000950253 0.000451729 -6.62599e-05 -0.00130096 -3.38164e-05
internal_weight=63773 17178 2366 14812 46595 1193 45402
internal_count=63773 17178 2366 14812 46595 1193 45402
is_linear=0
shrinkage=0.12


Tree=398
num_leaves=7
num_cat=0
split_feature=1 53 31 23 85 70
split_gain=0.0789635 0.0924731 0.114502 0.072419 0.336577 0.150968
threshold=20.733049392700199 2.0781250000000004 0.83437499403953563 4.2198333740234384 0.37500000000000006 12.500000000000002
decision_type=2 2 2 2 2 2
left_child=3 -2 -3 4 -1 -5
right_child=1 2 -4 5 -6 -7
leaf_value=0.00040810506437831276 0.00058690988985339273 -0.0022962558315243842 7.5312001442113898e-05 0.002534455775780149 -0.00057868389762199667 0.00010944471493716245
leaf_weight=8871 503 732 489 373 11340 41465
leaf_count=8871 503 732 489 373 11340 41465
internal_value=1.8702e-05 -0.000782376 -0.00134646 4.09596e-05 -0.000145563 0.000131065
internal_weight=63773 1724 1221 62049 20211 41838
internal_count=63773 1724 1221 62049 20211 41838
is_linear=0
shrinkage=0.12


Tree=399
num_leaves=6
num_cat=0
split_feature=2 19 22 75 24
split_gain=0.0779233 0.148089 0.0903633 0.243067 0.12185
threshold=106.83499908447267 0.26171875000000006 1.8020749688148501 3.5000000000000004 5.6271800994873056
decision_type=2 2 2 2 2
left_child=1 -1 3 -2 -4
right_child=2 -3 4 -5 -6
leaf_value=-0.0032330901478873748 0.00057305611211630654 0.00016040026333489851 -0.00043788628020701516 -0.00042781131692409103 4.3922860870594026e-05
leaf_weight=306 11596 469 9506 5001 36895
leaf_count=306 11596 469 9506 5001 36895
internal_value=1.64578e-05 -0.00117948 3.11702e-05 0.000271475 -5.47836e-05
internal_weight=63773 775 62998 16597 46401
internal_count=63773 775 62998 16597 46401
is_linear=0
shrinkage=0.12


Tree=400
num_leaves=8
num_cat=0
split_feature=65 84 34 34 65 84 76
split_gain=0.0745445 0.240565 0.762582 0.196324 0.123449 0.685335 0.132198
threshold=6.5000000000000009 1.0000000180025095e-35 1.1135571599006655 0.97081428766250621 8.5000000000000018 1.0000000180025095e-35 0.93208524584770214
decision_type=2 2 2 2 2 2 2
left_child=1 3 -3 -1 5 -2 -6
right_child=4 2 -4 -5 6 -7 -8
leaf_value=-0.00097251314436561391 -0.00050634233183197402 -7.827805968960978e-05 -0.0070973815805841197 0.0010224093671932462 5.9529824610135463e-05 0.0050853244929094706 -0.0018063562467337442
leaf_weight=1294 1074 843 303 1575 57864 447 552
leaf_count=1294 1074 843 303 1575 57864 447 552
internal_value=3.61556e-05 -0.000464417 -0.00193411 0.000122643 6.96874e-05 0.00113697 4.18982e-05
internal_weight=63952 4015 1146 2869 59937 1521 58416
internal_count=63952 4015 1146 2869 59937 1521 58416
is_linear=0
shrinkage=0.12


Tree=401
num_leaves=7
num_cat=0
split_feature=31 76 50 71 5 19
split_gain=0.0715878 0.194389 0.222208 0.069954 0.19472 0.167065
threshold=0.33437500894069677 0.31380684673786169 0.076788607984781279 51.500000000000007 3.9988000392913823 0.21562500298023227
decision_type=2 2 2 2 2 2
left_child=1 -1 -3 5 -5 -2
right_child=3 2 -4 4 -6 -7
leaf_value=-0.0015030926316038995 -0.0014802307557651008 0.0032470965431271254 0.00047180172160514569 0.00010514804498443656 0.0030284057978150736 -6.4104701923135997e-05
leaf_weight=542 1248 509 2260 28114 332 30947
leaf_count=542 1248 509 2260 28114 332 30947
internal_value=3.18169e-05 0.000575164 0.000981959 2.15014e-06 0.000139266 -0.000118999
internal_weight=63952 3311 2769 60641 28446 32195
internal_count=63952 3311 2769 60641 28446 32195
is_linear=0
shrinkage=0.12


Tree=402
num_leaves=6
num_cat=0
split_feature=22 47 34 23 19
split_gain=0.0655395 0.153022 0.21504 0.0820839 0.067002
threshold=3.8364167213439946 0.068414263427257552 1.1262999773025515 9.2375373840332049 0.025000000372529033
decision_type=2 2 2 2 2
left_child=3 -2 -3 4 -1
right_child=1 2 -4 -5 -6
leaf_value=-0.0015982231318048435 0.0025694185511599505 -0.00028017227421378268 0.0031450755387103365 -0.0014207674723989039 2.5912080343021836e-05
leaf_weight=368 472 1920 306 578 60308
leaf_count=368 472 1920 306 578 60308
internal_value=2.79989e-05 0.00060683 0.000190684 2.50361e-06 1.60617e-05
internal_weight=63952 2698 2226 61254 60676
internal_count=63952 2698 2226 61254 60676
is_linear=0
shrinkage=0.12


Tree=403
num_leaves=8
num_cat=0
split_feature=75 85 33 72 75 22 20
split_gain=0.0575782 0.22943 0.495823 0.345089 0.159913 0.331286 0.152751
threshold=4.5000000000000009 0.62500000000000011 0.082247953861951842 28.531250000000004 3.5000000000000004 0.9706999957561494 21.617624282836918
decision_type=2 2 2 2 2 2 2
left_child=4 2 -2 -3 6 -6 -1
right_child=1 3 -4 -5 5 -7 -8
leaf_value=0.00078759991180669931 0.0045209089919924731 0.0012122164320997194 -0.00046226228014644837 -0.0005417904217279515 -0.0041437376338639299 -0.00041135928447121717 -3.5656806493635999e-05
leaf_weight=3523 300 5392 6915 2306 375 3945 41196
leaf_count=3523 300 5392 6915 2306 375 3945 41196
internal_value=2.4639e-05 0.000231116 -0.000255062 0.000686789 -3.81516e-05 -0.00073535 2.92e-05
internal_weight=63952 14913 7215 7698 49039 4320 44719
internal_count=63952 14913 7215 7698 49039 4320 44719
is_linear=0
shrinkage=0.12


Tree=404
num_leaves=7
num_cat=0
split_feature=65 85 2 13 76 70
split_gain=0.0541603 0.185911 0.581861 0.19571 0.121211 0.0582787
threshold=6.5000000000000009 4.8750000000000009 185.53499603271487 2.4376000165939335 0.94911468029022228 11.500000000000002
decision_type=2 2 2 2 2 2
left_child=1 3 -3 -1 5 -2
right_child=4 2 -4 -5 -6 -7
leaf_value=-0.0017441514935132461 0.00024521043316161258 -0.0061670274165889745 -6.1364042056006088e-05 0.00064056072341050054 0.0021754232014257013 -3.0977531048228393e-05
leaf_weight=637 14563 307 839 2232 384 44990
leaf_count=637 14563 307 839 2232 384 44990
internal_value=2.16823e-05 -0.000404995 -0.001697 0.000111086 5.02642e-05 3.65611e-05
internal_weight=63952 4015 1146 2869 59937 59553
internal_count=63952 4015 1146 2869 59937 59553
is_linear=0
shrinkage=0.12


Tree=405
num_leaves=7
num_cat=0
split_feature=14 34 34 14 54 2
split_gain=0.0953131 0.388286 0.280092 0.344685 0.219874 0.135001
threshold=0.69479998946189891 1.3199857473373415 1.3163285851478579 7.19219994544983 0.052359931170940406 116.56000137329103
decision_type=2 2 2 2 2 2
left_child=1 4 5 -4 -1 -2
right_child=2 -3 3 -5 -6 -7
leaf_value=0.00063926097549011577 0.0024556201822723786 0.0044819091138709032 -0.0023343664385730525 0.0019828836313353694 -0.00050602128125851859 -8.4765687922217352e-05
leaf_weight=5631 303 307 1517 323 4225 51586
leaf_count=5631 303 307 1517 323 4225 51586
internal_value=-5.77811e-05 0.000279217 -0.000121525 -0.0015765 0.00014831 -6.99314e-05
internal_weight=63892 10163 53729 1840 9856 51889
internal_count=63892 10163 53729 1840 9856 51889
is_linear=0
shrinkage=0.12


Tree=406
num_leaves=8
num_cat=0
split_feature=59 47 65 67 5 60 58
split_gain=0.0841407 0.250856 0.349569 0.252259 0.222461 0.44479 0.178454
threshold=0.29545408487319952 0.2317764759063721 15.500000000000002 1.0000000180025095e-35 1.5228999853134157 1.0000000180025095e-35 -5.3049559593200675
decision_type=2 2 2 2 2 2 2
left_child=1 3 -3 -1 6 -6 -2
right_child=4 2 -4 -5 5 -7 -8
leaf_value=-0.00010454809444994276 -0.00038951033706713465 0.00072450594583423349 -0.0014168369164228819 0.00072724513945164918 -0.00092203583393606363 0.00019366921428724574 0.00042970554482993367
leaf_weight=10927 5758 1692 3126 10106 11616 9237 11430
leaf_count=10927 5758 1692 3126 10106 11616 9237 11430
internal_value=-5.08473e-05 0.000116203 -0.000664834 0.000295114 -0.000164368 -0.000427826 0.000155267
internal_weight=63892 25851 4818 21033 38041 20853 17188
internal_count=63892 25851 4818 21033 38041 20853 17188
is_linear=0
shrinkage=0.12


Tree=407
num_leaves=7
num_cat=0
split_feature=29 49 49 46 83 23
split_gain=0.0718904 0.295877 0.391834 0.18399 0.436877 0.0779064
threshold=3.7168354988098149 2.1750000715255742 1.8531250357627871 0.21602907776832583 0.37500000000000006 0.65582501888275158
decision_type=2 2 2 2 2 2
left_child=1 2 -1 4 -2 -5
right_child=3 -3 -4 5 -6 -7
leaf_value=-0.00021273040548016949 0.0019457582360825672 0.0029903962214340831 -0.0028233148132150313 -0.0013967711642971666 -0.0013533112625142315 -1.8541817023672076e-05
leaf_weight=11525 1953 382 892 598 821 47721
leaf_count=11525 1953 382 892 598 821 47721
internal_value=-4.47457e-05 -0.000299069 -0.000400267 1.89633e-05 0.000969357 -3.55989e-05
internal_weight=63892 12799 12417 51093 2774 48319
internal_count=63892 12799 12417 51093 2774 48319
is_linear=0
shrinkage=0.12


Tree=408
num_leaves=7
num_cat=0
split_feature=16 54 51 6 16 2
split_gain=0.0709292 0.218383 0.21189 0.177192 0.112152 0.0878068
threshold=2.6212134361267094 -0.067026697099208818 0.14279226213693622 9.0191998481750506 2.1094824075698857 107.91500091552736
decision_type=2 2 2 2 2 2
left_child=1 4 -3 5 -1 -2
right_child=3 2 -4 -5 -6 -7
leaf_value=0.00083455074578158697 -0.001180199682548225 0.0011614938788678938 -0.0018325450980462401 -0.002554796716251397 0.0039648426976601134 -2.7605961328170071e-05
leaf_weight=319 967 746 626 408 341 60485
leaf_count=319 967 746 626 408 341 60485
internal_value=-3.93762e-05 0.000658235 -0.000204591 -6.22916e-05 0.00245187 -4.5743e-05
internal_weight=63892 2032 1372 61860 660 61452
internal_count=63892 2032 1372 61860 660 61452
is_linear=0
shrinkage=0.12


Tree=409
num_leaves=7
num_cat=0
split_feature=7 34 34 55 54 2
split_gain=0.0614472 0.320538 0.183767 0.332494 0.163267 0.107857
threshold=8.2936000823974627 1.3199857473373415 1.3163285851478579 0.2318137660622597 0.052359931170940406 116.56000137329103
decision_type=2 2 2 2 2 2
left_child=2 4 5 -4 -2 -1
right_child=1 -3 3 -5 -6 -7
leaf_value=0.0022132652580950153 0.00053974308721731928 0.0040539438845984127 -0.00046204012307827754 -0.0045072353880482481 -0.00044446638321441536 -5.741926197291849e-05
leaf_weight=303 5648 307 1475 365 4256 51538
leaf_count=303 5648 307 1475 365 4256 51538
internal_value=-3.4651e-05 0.000235176 -8.59765e-05 -0.00126448 0.000116803 -4.41476e-05
internal_weight=63892 10211 53681 1840 9904 51841
internal_count=63892 10211 53681 1840 9904 51841
is_linear=0
shrinkage=0.12


Tree=410
num_leaves=7
num_cat=0
split_feature=50 62 29 50 55 29
split_gain=0.0635459 0.299296 0.266593 0.19764 0.485728 0.307964
threshold=-0.034556899219751351 1.7267239689826968 123.7275733947754 -0.0065713920630514613 0.084514208137989058 -39.649393081665032
decision_type=2 2 2 2 2 2
left_child=1 2 -1 4 -2 -5
right_child=3 -3 -4 5 -6 -7
leaf_value=-0.00026319160524948722 -0.0018980714391160652 -0.0034676802082815104 0.0033031416970477913 -0.0030275230742635049 0.0025856643405110708 5.4508708322537262e-05
leaf_weight=7790 483 405 314 471 1244 53143
leaf_count=7790 483 405 314 471 1244 53143
internal_value=2.11919e-05 -0.000284109 -0.000125009 6.81338e-05 0.00133167 2.7433e-05
internal_weight=63850 8509 8104 55341 1727 53614
internal_count=63850 8509 8104 55341 1727 53614
is_linear=0
shrinkage=0.12


Tree=411
num_leaves=6
num_cat=0
split_feature=22 28 53 13 60
split_gain=0.0792951 0.190695 0.0645168 0.128918 0.0681301
threshold=0.20306666940450671 72.229507446289077 2.9093749523162846 4.2241499423980722 1.0000000180025095e-35
decision_type=2 2 2 2 2
left_child=1 -1 4 -4 -2
right_child=2 -3 3 -5 -6
leaf_value=0.00056848150482523795 -2.5805693787529191e-05 -0.0034040384643023538 -0.0029003453478304983 -0.00013721178597897132 0.00025825458509538677
leaf_weight=380 45160 321 318 1033 16638
leaf_count=380 45160 321 318 1033 16638
internal_value=1.86489e-05 -0.0012506 3.27385e-05 -0.000787601 5.06724e-05
internal_weight=63850 701 63149 1351 61798
internal_count=63850 701 63149 1351 61798
is_linear=0
shrinkage=0.12


Tree=412
num_leaves=7
num_cat=0
split_feature=22 85 19 22 23 5
split_gain=0.0668011 0.526567 0.594149 0.204303 0.431378 0.168239
threshold=0.49013333022594457 0.37500000000000006 0.31562499701976782 0.60985001921653759 4.6372833251953134 3.5917999744415288
decision_type=2 2 2 2 2 2
left_child=1 -1 -3 4 -2 -5
right_child=3 2 -4 5 -6 -7
leaf_value=0.0025708298306447402 -0.0012357837930236249 -0.0031888247997298551 0.0025622687425646785 2.8698430381166444e-05 0.0045983606948011005 -0.0027517245265965659
leaf_weight=529 327 1113 337 60816 413 315
leaf_count=529 327 1113 337 60816 413 315
internal_value=1.6411e-05 -0.000669888 -0.00185219 3.83629e-05 0.0020203 1.43713e-05
internal_weight=63850 1979 1450 61871 740 61131
internal_count=63850 1979 1450 61871 740 61131
is_linear=0
shrinkage=0.12


Tree=413
num_leaves=7
num_cat=0
split_feature=75 84 88 55 65 20
split_gain=0.0578194 0.191827 0.359735 0.295702 0.12047 0.124139
threshold=4.5000000000000009 1.0000000180025095e-35 1.1969714164733889 0.086509238928556456 46.500000000000007 21.617624282836918
decision_type=2 2 2 2 2 2
left_child=4 3 -3 -2 5 -1
right_child=1 2 -4 -5 -6 -7
leaf_value=0.0006167726659846919 0.00095618960112639365 0.00049853677894023561 0.0039177574507462285 -0.00043886126792934871 -0.0018290039460103621 -8.5440223682736066e-05
leaf_weight=3946 3058 3515 507 7690 541 44593
leaf_count=3946 3058 3515 507 7690 541 44593
internal_value=1.44417e-05 0.000222603 0.000929552 -4.19441e-05 -4.82018e-05 -2.83535e-05
internal_weight=63850 14770 4022 10748 49080 48539
internal_count=63850 14770 4022 10748 49080 48539
is_linear=0
shrinkage=0.12


Tree=414
num_leaves=6
num_cat=0
split_feature=28 55 0 28 55
split_gain=0.0579878 0.245919 0.197004 0.177894 0.0618168
threshold=15.675339698791506 0.080459959805011763 46.183500289916999 20.593093872070316 0.1891301050782204
decision_type=2 2 2 2 2
left_child=1 -1 -3 -2 -5
right_child=3 2 -4 4 -6
leaf_value=0.002026948636532409 0.0024451904868869404 -0.00046954773944761496 -0.003934867825743686 -5.969832987575909e-05 0.00021080957599643789
leaf_weight=344 436 680 362 45412 16616
leaf_count=344 436 680 362 45412 16616
internal_value=1.27087e-05 -0.00075501 -0.00167343 2.97434e-05 1.27651e-05
internal_weight=63850 1386 1042 62464 62028
internal_count=63850 1386 1042 62464 62028
is_linear=0
shrinkage=0.12


Tree=415
num_leaves=7
num_cat=0
split_feature=29 6 72 13 65 2
split_gain=0.100804 0.341878 0.230285 0.0970662 0.40157 0.0692759
threshold=-64.862651824951158 7.4215500354766855 18.156250000000004 0.92809998989105236 34.500000000000007 133.7600021362305
decision_type=2 2 2 2 2 2
left_child=1 2 -1 4 -2 -5
right_child=3 -3 -4 5 -6 -7
leaf_value=-0.0010961320215428247 -0.0023896179079310968 -0.0045213718070576279 0.0018688250155249578 -0.00057578707538724139 0.0029419007229289839 2.0628229989080491e-05
leaf_weight=1246 300 309 541 2947 632 57976
leaf_count=1246 300 309 541 2947 632 57976
internal_value=-1.73626e-05 -0.000835806 -0.000198515 1.03709e-05 0.00122575 -8.22189e-06
internal_weight=63951 2096 1787 61855 932 60923
internal_count=63951 2096 1787 61855 932 60923
is_linear=0
shrinkage=0.12


Tree=416
num_leaves=7
num_cat=0
split_feature=29 6 15 13 85 31
split_gain=0.0780628 0.26475 0.198982 0.0751681 0.230383 0.0732204
threshold=-64.862651824951158 7.4215500354766855 5.0150160789489755 0.92809998989105236 0.37500000000000006 0.19687499850988391
decision_type=2 2 2 2 2 2
left_child=1 2 -1 4 -2 -5
right_child=3 -3 -4 5 -6 -7
leaf_value=0.002552119009275715 0.0034038872741873854 -0.0039788071801931165 -0.0007627199217757301 -0.00078773363380021954 -0.00045218847311695112 1.4938585188050573e-05
leaf_weight=317 370 309 1470 1683 562 59240
leaf_count=317 370 309 1470 1683 562 59240
internal_value=-1.52791e-05 -0.00073551 -0.000174693 9.12642e-06 0.00107866 -7.23526e-06
internal_weight=63951 2096 1787 61855 932 60923
internal_count=63951 2096 1787 61855 932 60923
is_linear=0
shrinkage=0.12


Tree=417
num_leaves=8
num_cat=0
split_feature=29 85 59 7 32 47 55
split_gain=0.0604518 0.227463 0.360134 0.23484 0.0604038 0.290944 0.08845
threshold=-64.862651824951158 0.37500000000000006 2.1647005081176762 7.4906499385833749 45.181859970092781 0.035391690209507949 0.19921671599149707
decision_type=2 2 2 2 2 2 2
left_child=1 2 -1 -3 5 -2 -6
right_child=4 3 -4 -5 6 -7 -8
leaf_value=-0.0017772473285300094 -0.0033327095760379111 -0.0007512555428705887 0.0030591791437962288 -0.0046125799030472406 -3.3777855709234704e-05 -0.00012695236058965118 0.00032405010924894321
leaf_weight=415 431 902 476 303 40730 7532 13162
leaf_count=415 431 902 476 303 40730 7532 13162
internal_value=-1.34456e-05 -0.000647248 0.000806523 -0.00172219 8.03124e-06 -0.000300465 5.36142e-05
internal_weight=63951 2096 891 1205 61855 7963 53892
internal_count=63951 2096 891 1205 61855 7963 53892
is_linear=0
shrinkage=0.12


Tree=418
num_leaves=7
num_cat=0
split_feature=49 46 72 34 85 13
split_gain=0.0528015 0.209386 0.223187 0.0703373 0.317792 0.0642561
threshold=2.1750000715255742 0.2040413245558739 9.8531250953674334 1.3163285851478579 1.0000000180025095e-35 2.2410500049591069
decision_type=2 2 2 2 2 2
left_child=3 -2 -3 5 -5 -1
right_child=1 2 -4 4 -6 -7
leaf_value=-0.0003744640695264005 0.0032230398809819038 -0.0028045380085019301 0.0010629016307988821 -0.0034198114785436913 8.2433505454475531e-05 3.7418415058823533e-05
leaf_weight=6062 357 315 676 481 1663 54397
leaf_count=6062 357 315 676 481 1663 54397
internal_value=-1.18321e-05 0.000731244 -0.000166406 -2.78324e-05 -0.000703285 -3.87952e-06
internal_weight=63951 1348 991 62603 2144 60459
internal_count=63951 1348 991 62603 2144 60459
is_linear=0
shrinkage=0.12


Tree=419
num_leaves=7
num_cat=0
split_feature=76 33 0 85 72 49
split_gain=0.0446231 0.490919 0.220708 0.428978 0.129241 0.12631
threshold=0.18985465914011004 0.10396963730454446 4.9684000015258798 0.62500000000000011 36.056249618530281 1.8593750000000002
decision_type=2 2 2 2 2 2
left_child=1 -1 3 -2 -4 -3
right_child=2 5 4 -5 -6 -7
leaf_value=0.0044653389648911315 -0.0040764728998478475 -6.6734211588526893e-05 3.1301955271168877e-06 0.00059390138211467007 -0.0017033328905630024 0.0016320652866470989
leaf_weight=378 559 8779 52335 574 647 679
leaf_count=378 559 8779 52335 574 647 679
internal_value=-1.04123e-05 0.000224706 -5.31477e-05 -0.00171037 -1.77086e-05 5.52244e-05
internal_weight=63951 9836 54115 1133 52982 9458
internal_count=63951 9836 54115 1133 52982 9458
is_linear=0
shrinkage=0.12


Tree=420
num_leaves=8
num_cat=0
split_feature=5 72 55 85 22 72 22
split_gain=0.134822 0.263558 0.431119 0.42104 0.246777 0.235841 0.137106
threshold=3.0265499353408818 8.3531250953674334 0.092149790376424803 0.37500000000000006 1.2953000068664553 12.103125095367433 1.3449999690055849
decision_type=2 2 2 2 2 2 2
left_child=4 3 -3 -2 5 -1 -6
right_child=1 2 -4 -5 6 -7 -8
leaf_value=-0.00016647587091130764 0.0036717497192061783 -0.0017046502952686223 0.00067611174465309197 0.00043907597457960705 0.0016521673651944859 -0.0031631913376870256 -4.6779720843894953e-06
leaf_weight=831 855 1509 3995 1805 729 694 53549
leaf_count=831 855 1509 3995 1805 729 694 53549
internal_value=4.19116e-05 0.000497382 2.33919e-05 0.00147815 -2.47239e-05 -0.00153023 1.75749e-05
internal_weight=63967 8164 5504 2660 55803 1525 54278
internal_count=63967 8164 5504 2660 55803 1525 54278
is_linear=0
shrinkage=0.12


Tree=421
num_leaves=7
num_cat=0
split_feature=5 58 73 22 66 2
split_gain=0.104406 0.268562 0.314709 0.191104 0.348102 0.114126
threshold=3.0265499353408818 0.70697829127311718 821.57220458984386 1.2953000068664553 11.038541793823244 171.68499755859378
decision_type=2 2 2 2 2 2
left_child=3 2 -2 4 -1 -5
right_child=1 -3 -4 5 -6 -7
leaf_value=-0.0003534331977012498 0.0013277416370530914 0.0031823509656569286 -0.0002901190050659864 0.00049050934877820909 -0.0046562145771002336 -4.8270945891067536e-05
leaf_weight=1173 2636 483 5045 6421 352 47857
leaf_count=1173 2636 483 5045 6421 352 47857
internal_value=3.68822e-05 0.000437696 0.000265106 -2.1757e-05 -0.0013466 1.54659e-05
internal_weight=63967 8164 7681 55803 1525 54278
internal_count=63967 8164 7681 55803 1525 54278
is_linear=0
shrinkage=0.12


Tree=422
num_leaves=8
num_cat=0
split_feature=49 70 70 55 61 88 61
split_gain=0.116946 0.147051 0.379407 0.139196 0.294066 0.2118 0.10229
threshold=1.7593750357627871 21.500000000000004 20.500000000000004 0.10905569419264795 7.4781248569488534 1.2485428452491762 9.9937500953674334
decision_type=2 2 2 2 2 2 2
left_child=1 2 -1 5 -5 -2 -3
right_child=3 6 -4 4 -6 -7 -8
leaf_value=0.00020402470494112137 -6.2836771792706695e-05 -9.3590592160698575e-06 0.0022949861058082898 -0.001075426513939754 0.001462906181488233 0.003208866795904717 -0.00077513159266311192
leaf_weight=23755 3658 26491 1319 4901 759 309 2775
leaf_count=23755 3658 26491 1319 4901 759 309 2775
internal_value=3.24564e-05 0.00010075 0.000314018 -0.000353032 -0.000735039 0.000192005 -8.19696e-05
internal_weight=63967 54340 25074 9627 5660 3967 29266
internal_count=63967 54340 25074 9627 5660 3967 29266
is_linear=0
shrinkage=0.12


Tree=423
num_leaves=8
num_cat=0
split_feature=49 22 49 51 47 50 55
split_gain=0.0905633 0.130392 0.191185 0.133543 0.124552 0.198765 0.163459
threshold=1.7593750357627871 1.8020749688148501 1.7343750000000002 0.39072908461093908 0.096177317202091231 0.046042539179325111 0.13625658303499225
decision_type=2 2 2 2 2 2 2
left_child=1 2 -1 -3 5 -2 -6
right_child=4 3 -4 -5 6 -7 -8
leaf_value=0.00032563738095059923 -0.0022424064685785342 -7.9543484350278574e-05 0.0032420559983919977 0.00088555530226808686 0.00057827091230330937 -0.00025287773806265167 -0.00063900794454227808
leaf_weight=14638 1083 37185 331 2186 3333 2176 3035
leaf_count=14638 1083 37185 331 2186 3333 2176 3035
internal_value=2.85616e-05 8.86603e-05 0.000390126 -2.59582e-05 -0.000310668 -0.000914019 -1.88633e-06
internal_weight=63967 54340 14969 39371 9627 3259 6368
internal_count=63967 54340 14969 39371 9627 3259 6368
is_linear=0
shrinkage=0.12


Tree=424
num_leaves=4
num_cat=0
split_feature=59 59 49
split_gain=0.0748156 0.0803846 0.0891392
threshold=-7.8056867122650138 -6.2650797367095938 1.7593750357627871
decision_type=2 2 2
left_child=-1 -2 -3
right_child=1 2 -4
leaf_value=0.0014642435269393728 -0.0018159660239985514 8.3400453892882421e-05 -0.00031561420013956446
leaf_weight=516 344 53618 9489
leaf_count=516 344 53618 9489
internal_value=2.51342e-05 1.3431e-05 2.34031e-05
internal_weight=63967 63451 63107
internal_count=63967 63451 63107
is_linear=0
shrinkage=0.12


Tree=425
num_leaves=4
num_cat=0
split_feature=53 14 13
split_gain=0.0653136 0.0610815 0.0979512
threshold=3.1093750000000004 8.7804002761840838 9.4607000350952166
decision_type=2 2 2
left_child=1 2 -1
right_child=-2 -3 -4
leaf_value=-9.0766914805464306e-06 0.0015066630232417587 0.0013317322728861321 -0.00092517855988894036
leaf_weight=61373 404 475 1728
leaf_count=61373 404 475 1728
internal_value=-1.42936e-05 -2.39587e-05 -3.41638e-05
internal_weight=63980 63576 63101
internal_count=63980 63576 63101
is_linear=0
shrinkage=0.12


Tree=426
num_leaves=7
num_cat=0
split_feature=49 5 49 34 79 50
split_gain=0.072071 0.199202 0.188434 0.390753 0.164951 0.0781934
threshold=1.0593749880790713 3.5152999162673955 1.1468749642372134 1.0570714473724367 1.0000000180025095e-35 -0.047092178836464875
decision_type=2 2 2 2 2 2
left_child=1 4 3 -2 -1 -4
right_child=2 -3 5 -5 -6 -7
leaf_value=5.6972274961408273e-05 3.237290677503724e-05 -0.0030273159108350814 0.00052553783887003406 0.0034151160446732926 -0.0014236474702311662 -4.9668220916746003e-05
leaf_weight=5827 1551 383 3649 720 1331 50519
leaf_count=5827 1551 383 3649 720 1331 50519
internal_value=-1.25784e-05 -0.000361008 3.39764e-05 0.00110484 -0.000218343 -1.09198e-05
internal_weight=63980 7541 56439 2271 7158 54168
internal_count=63980 7541 56439 2271 7158 54168
is_linear=0
shrinkage=0.12


Tree=427
num_leaves=8
num_cat=0
split_feature=41 29 60 29 47 65 28
split_gain=0.0674643 0.225116 0.371634 0.301039 0.152527 0.339336 0.178857
threshold=0.085728615522384657 -32.066806793212884 1.0000000180025095e-35 -22.068667411804196 0.041561618447303779 41.500000000000007 55.632085800170906
decision_type=2 2 2 2 2 2 2
left_child=4 2 -2 -3 5 -1 -6
right_child=1 3 -4 -5 6 -7 -8
leaf_value=-4.005739797929689e-05 0.0021326887857431925 -0.0032709619018889058 -0.0010406488644273165 3.2143356034257354e-05 0.00039376980214987634 0.0043198143268115266 -0.00053679872625418234
leaf_weight=1105 1751 401 763 43288 3910 335 12427
leaf_count=1105 1751 401 763 43288 3910 335 12427
internal_value=-1.1069e-05 6.53656e-05 0.00116958 1.82577e-06 -0.000209725 0.000974218 -0.000314082
internal_weight=63980 46203 2514 43689 17777 1440 16337
internal_count=63980 46203 2514 43689 17777 1440 16337
is_linear=0
shrinkage=0.12


Tree=428
num_leaves=7
num_cat=0
split_feature=49 12 61 49 2 41
split_gain=0.0577976 0.193978 0.162988 0.144819 0.303305 0.0945109
threshold=1.0593749880790713 0.96935001015663158 6.8593750000000009 1.1468749642372134 204.42500305175784 0.085728615522384657
decision_type=2 2 2 2 2 2
left_child=1 -1 -3 4 -2 -5
right_child=3 2 -4 5 -6 -7
leaf_value=-0.003055972821627589 0.0030291375520751433 -4.6604190481995855e-05 -0.0025247690929824816 -0.0002638523329871432 3.6420354305372591e-05 9.0564896563562374e-05
leaf_weight=356 709 6780 405 14974 1562 39194
leaf_count=356 709 6780 405 14974 1562 39194
internal_value=-9.74072e-06 -0.000321766 -0.000186292 3.19499e-05 0.000970738 -7.40888e-06
internal_weight=63980 7541 7185 56439 2271 54168
internal_count=63980 7541 7185 56439 2271 54168
is_linear=0
shrinkage=0.12


Tree=429
num_leaves=7
num_cat=0
split_feature=66 22 85 1 66 23
split_gain=0.0562482 0.319069 0.333067 0.14312 0.0786384 0.0743589
threshold=11.726041793823244 2.1579499244689946 0.37500000000000006 6.0406000614166269 11.723437786102297 4.4194540977478036
decision_type=2 2 2 2 2 2
left_child=4 2 -2 -3 5 -1
right_child=1 3 -4 -5 -6 -7
leaf_value=-0.00017097567734263938 -0.0051466082705652937 -0.0019605747646114918 -0.00048045382378715838 0.00028678558427183568 0.001800384377927897 0.00011301226270334864
leaf_weight=20389 379 457 526 3810 357 38062
leaf_count=20389 379 457 526 3810 357 38062
internal_value=-8.57183e-06 -0.000387976 -0.00243457 4.6091e-05 2.47957e-05 1.3951e-05
internal_weight=63980 5172 905 4267 58808 58451
internal_count=63980 5172 905 4267 58808 58451
is_linear=0
shrinkage=0.12


Tree=430
num_leaves=7
num_cat=0
split_feature=22 62 47 58 22 65
split_gain=0.0963082 0.458012 0.252596 0.123622 0.313876 0.0967345
threshold=0.99930000305175792 -48.547199249267571 0.24089252948760989 2.1080722808837895 1.8653916716575625 42.500000000000007
decision_type=2 2 2 2 2 2
left_child=1 -1 -3 5 -5 -2
right_child=3 2 -4 4 -6 -7
leaf_value=-0.0048338981406567125 0.000150544971730545 -0.00055715565091131458 0.0016138402823286902 0.0041575265581094544 0.00015858085133433551 -0.00018554746377778272
leaf_weight=323 38420 4465 933 374 1157 18161
leaf_count=323 38420 4465 933 374 1157 18161
internal_value=2.52106e-05 -0.000444561 -0.000181917 7.14586e-05 0.00113546 4.26682e-05
internal_weight=63833 5721 5398 58112 1531 56581
internal_count=63833 5721 5398 58112 1531 56581
is_linear=0
shrinkage=0.12


Tree=431
num_leaves=7
num_cat=0
split_feature=54 66 85 6 54 61
split_gain=0.0888565 0.203902 0.905694 0.41046 0.142719 0.109835
threshold=-0.12432556599378584 11.064062595367433 0.37500000000000006 1.2449499964714053 -0.1193995177745819 3.2968750000000004
decision_type=2 2 2 2 2 2
left_child=1 3 -3 -1 -2 -6
right_child=4 2 -4 -5 5 -7
leaf_value=-0.003172889815640156 0.0024239001373018679 -0.0037526853256314449 0.00079537688972685966 0.00013173708912045932 0.0002190908688604282 -0.00015106086707147675
leaf_weight=569 377 1129 1428 11093 30758 18479
leaf_count=569 377 1129 1428 11093 30758 18479
internal_value=2.21853e-05 -0.000242281 -0.00121274 -2.94988e-05 9.79795e-05 8.01703e-05
internal_weight=63833 14219 2557 11662 49614 49237
internal_count=63833 14219 2557 11662 49614 49237
is_linear=0
shrinkage=0.12


Tree=432
num_leaves=7
num_cat=0
split_feature=22 62 63 19 5 70
split_gain=0.0764504 0.350153 0.361014 0.108654 0.306205 0.131821
threshold=0.99930000305175792 -48.547199249267571 5.0038926601409921 0.30729167163372045 2.9769999980926518 2.5000000000000004
decision_type=2 2 2 2 2 2
left_child=1 -1 -3 5 -5 -2
right_child=3 2 -4 4 -6 -7
leaf_value=-0.0042368856774738211 0.00086024264098558503 -0.00071538582928269852 0.0015944451630580075 0.00029645369970707447 0.0039456905276275649 -5.8650838533518259e-05
leaf_weight=323 2364 4122 1276 9551 343 45854
leaf_count=323 2364 4122 1276 9551 343 45854
internal_value=1.95231e-05 -0.000399025 -0.000169379 6.07282e-05 0.000422964 -1.35999e-05
internal_weight=63833 5721 5398 58112 9894 48218
internal_count=63833 5721 5398 58112 9894 48218
is_linear=0
shrinkage=0.12


Tree=433
num_leaves=8
num_cat=0
split_feature=5 72 85 65 5 51 70
split_gain=0.0615625 0.317376 0.524032 0.35831 0.0869707 0.287561 0.0809261
threshold=3.0935499668121342 4.0906250476837167 1.0000000180025095e-35 12.500000000000002 3.0265499353408818 0.087486594915390029 11.500000000000002
decision_type=2 2 2 2 2 2 2
left_child=4 3 -3 -2 6 -6 -1
right_child=1 2 -4 -5 5 -7 -8
leaf_value=0.00031085744978890127 -7.1281238542683831e-06 -0.0028252144550231307 -8.3917528816944528e-05 0.0042023205118102216 0.0037646663215517352 -0.00040912047727033492 -3.8072682677675191e-05
leaf_weight=12273 902 1298 4436 430 381 632 43481
leaf_count=12273 902 1298 4436 430 381 632 43481
internal_value=1.71803e-05 -0.000316844 -0.000704462 0.00135178 5.87575e-05 0.00116068 3.87365e-05
internal_weight=63833 7066 5734 1332 56767 1013 55754
internal_count=63833 7066 5734 1332 56767 1013 55754
is_linear=0
shrinkage=0.12


Tree=434
num_leaves=6
num_cat=0
split_feature=54 47 69 54 50
split_gain=0.0651936 0.200203 0.258588 0.108922 0.145376
threshold=-0.12432556599378584 0.45115828514099127 6.5000000000000009 -0.1193995177745819 0.010700502432882788
decision_type=2 2 2 2 2
left_child=1 2 -1 -2 -5
right_child=3 -3 -4 4 -6
leaf_value=-0.0010912997900992569 0.0021119872576928268 0.0023083751120820208 4.6169647328582533e-05 -0.0013412945516631143 9.4727260741764256e-05
leaf_weight=4095 377 440 9684 1037 48200
leaf_count=4095 377 440 9684 1037 48200
internal_value=1.51187e-05 -0.000211413 -0.000291876 8.00409e-05 6.44826e-05
internal_weight=63833 14219 13779 49614 49237
internal_count=63833 14219 13779 49614 49237
is_linear=0
shrinkage=0.12


Tree=435
num_leaves=8
num_cat=0
split_feature=81 66 66 72 50 51 50
split_gain=0.0675813 0.429437 0.42547 0.301425 0.0743565 0.364168 0.132178
threshold=1.0000000180025095e-35 4.3781249523162851 3.5781250000000004 5.2187500000000009 -0.034556899219751351 0.19914551824331286 -0.0065713920630514613
decision_type=2 2 2 2 2 2 2
left_child=4 2 -2 -3 5 -1 -6
right_child=1 3 -4 -5 6 -7 -8
leaf_value=-9.4442808722305929e-07 0.00028002208910612878 -0.0042723233874887223 0.0051254725341531322 -0.00072441299843450078 0.0011174636613562998 -0.0022941566667204088 6.9616833751282875e-06
leaf_weight=6320 1292 375 327 4285 1594 1184 48638
leaf_count=6320 1292 375 327 4285 1594 1184 48638
internal_value=-5.10946e-05 -0.000424974 0.00125869 -0.00100992 -1.04339e-05 -0.000362773 4.2201e-05
internal_weight=64015 6279 1619 4660 57736 7504 50232
internal_count=64015 6279 1619 4660 57736 7504 50232
is_linear=0
shrinkage=0.12


Tree=436
num_leaves=8
num_cat=0
split_feature=54 54 70 62 58 49 50
split_gain=0.076573 0.272197 0.316986 0.180248 0.33827 0.2144 0.143945
threshold=-0.12432556599378584 -0.074067249894142137 18.500000000000004 2.0177817344665532 0.57754147052764904 1.5593749880790713 0.079360857605934157
decision_type=2 2 2 2 2 2 2
left_child=3 2 -2 4 -1 -5 -3
right_child=1 6 -4 5 -6 -7 -8
leaf_value=-0.00029216669280663287 0.0019795904352165918 -0.00092381911978573264 2.4368460036207825e-05 -0.00010378672377091763 0.0034982939526149682 -0.0043473273895666053 -1.3260897675824718e-05
leaf_weight=13157 2121 2657 2732 349 348 337 42314
leaf_count=13157 2121 2657 2732 349 348 337 42314
internal_value=-4.49633e-05 2.50798e-05 0.000878897 -0.000290882 -0.000194493 -0.00218844 -6.7059e-05
internal_weight=64015 49824 4853 14191 13505 686 44971
internal_count=64015 49824 4853 14191 13505 686 44971
is_linear=0
shrinkage=0.12


Tree=437
num_leaves=8
num_cat=0
split_feature=1 57 55 85 70 85 23
split_gain=0.0684635 0.219381 0.219309 0.159604 0.12131 0.501887 0.161294
threshold=15.208250045776369 5.9812500476837167 0.067673232406377806 0.37500000000000006 11.500000000000002 0.37500000000000006 4.4194540977478036
decision_type=2 2 2 2 2 2 2
left_child=4 3 -3 -2 5 -1 -6
right_child=1 2 -4 -5 6 -7 -8
leaf_value=0.0022563279000901307 0.00046499230347113641 -0.0033854755530855879 -0.00070455122054502884 -0.00042533314210254215 -0.00060849188659997547 -0.00050836728043022431 6.1396583218521051e-05
leaf_weight=1652 5194 534 2480 6563 5958 2211 39423
leaf_count=1652 5194 534 2480 6563 5958 2211 39423
internal_value=-3.95677e-05 -0.000266158 -0.00117954 -3.20057e-05 2.83993e-05 0.000673946 -2.6552e-05
internal_weight=64015 14771 3014 11757 49244 3863 45381
internal_count=64015 14771 3014 11757 49244 3863 45381
is_linear=0
shrinkage=0.12


Tree=438
num_leaves=6
num_cat=0
split_feature=62 41 62 15 62
split_gain=0.0608483 0.143199 0.0746695 0.190685 0.100925
threshold=-74.73217391967772 0.10334499552845956 -45.814725875854485 11.812844276428224 -28.162049293518063
decision_type=2 2 2 2 2
left_child=1 -1 3 -2 -4
right_child=2 -3 4 -5 -6
leaf_value=0.00090924053990770173 0.00021951185448064358 -0.0024040617482930073 -0.0010977458817632646 0.0032406567245249307 -2.7624569202106833e-05
leaf_weight=312 2612 472 1297 340 58982
leaf_count=312 2612 472 1297 340 58982
internal_value=-3.48196e-05 -0.0010855 -2.17922e-05 0.000567476 -5.065e-05
internal_weight=64015 784 63231 2952 60279
internal_count=64015 784 63231 2952 60279
is_linear=0
shrinkage=0.12


Tree=439
num_leaves=8
num_cat=0
split_feature=54 54 70 46 85 46 33
split_gain=0.0565024 0.209902 0.252796 0.162719 0.334264 0.287993 0.136406
threshold=-0.12432556599378584 -0.074067249894142137 23.500000000000004 0.47668345272541052 4.8750000000000009 0.20295065641403201 0.18205953389406207
decision_type=2 2 2 2 2 2 2
left_child=3 2 -2 5 -5 -1 -3
right_child=1 6 -4 4 -6 -7 -8
leaf_value=-1.3472200296502937e-05 0.0014937060925390986 0.0022463258643581614 -0.0002706726203558283 -0.00019787300181330455 0.0038205195036512545 -0.0012695078174338704 -7.0394508886124108e-05
leaf_weight=9031 2888 369 1965 1033 419 3708 44602
leaf_count=9031 2888 369 1965 1033 419 3708 44602
internal_value=-3.06412e-05 2.95261e-05 0.000779302 -0.000241886 0.000961704 -0.000379072 -5.13852e-05
internal_weight=64015 49824 4853 14191 1452 12739 44971
internal_count=64015 49824 4853 14191 1452 12739 44971
is_linear=0
shrinkage=0.12


Tree=440
num_leaves=6
num_cat=0
split_feature=1 68 1 51 85
split_gain=0.0849252 0.190001 0.173062 0.125971 0.104876
threshold=6.822200059890748 2.5000000000000004 6.6979999542236337 0.72184491157531749 1.0000000180025095e-35
decision_type=2 2 2 2 2
left_child=1 2 -1 4 -2
right_child=3 -3 -4 -5 -6
leaf_value=-7.6064928490425545e-05 0.00040174494602912515 -0.0024196819600306708 -0.0024461051823900914 -0.0021626026410360437 -2.5510126097978408e-06
leaf_weight=11178 12104 567 462 359 39038
leaf_count=11178 12104 567 462 359 39038
internal_value=9.95866e-06 -0.000274622 -0.000170134 7.74113e-05 9.31355e-05
internal_weight=63708 12207 11640 51501 51142
internal_count=63708 12207 11640 51501 51142
is_linear=0
shrinkage=0.12


Tree=441
num_leaves=7
num_cat=0
split_feature=1 1 85 66 51 0
split_gain=0.065766 0.162719 0.228281 0.198535 0.0975521 0.0919822
threshold=6.822200059890748 6.1767001152038583 1.0000000180025095e-35 11.675781250000002 0.72184491157531749 54.081701278686531
decision_type=2 2 2 2 2 2
left_child=1 2 -1 -3 5 -2
right_child=4 3 -4 -5 -6 -7
leaf_value=-0.0010683331635874922 -3.5280204619698294e-06 -0.0016562748743892406 0.00028474600935230165 0.0014410607242055032 -0.0019030903551216108 0.00038492052560383424
leaf_weight=2349 39887 1884 7620 354 359 11255
leaf_count=2349 39887 1884 7620 354 359 11255
internal_value=8.76362e-06 -0.000241668 -3.40807e-05 -0.00116635 6.8122e-05 8.19592e-05
internal_weight=63708 12207 9969 2238 51501 51142
internal_count=63708 12207 9969 2238 51501 51142
is_linear=0
shrinkage=0.12


Tree=442
num_leaves=7
num_cat=0
split_feature=29 78 70 29 0 34
split_gain=0.0565651 0.188623 0.180471 0.0982069 0.420458 0.141865
threshold=-61.708776473999016 1.0000000180025095e-35 32.500000000000007 -48.057653427124016 10.82159996032715 1.3122571110725405
decision_type=2 2 2 2 2 2
left_child=1 2 -1 4 -2 -5
right_child=3 -3 -4 5 -6 -7
leaf_value=0.0018321274531246518 0.0025189502301818044 -0.0013456147044129242 -0.0010868069324987794 -1.2097315537480953e-05 -0.0023487935054834208 0.0016978371180225128
leaf_weight=1387 349 554 391 59366 954 707
leaf_count=1387 349 554 391 59366 954 707
internal_value=7.71198e-06 0.0005878 0.00119022 -1.43286e-05 -0.001045 8.02693e-06
internal_weight=63708 2332 1778 61376 1303 60073
internal_count=63708 2332 1778 61376 1303 60073
is_linear=0
shrinkage=0.12


Tree=443
num_leaves=8
num_cat=0
split_feature=58 22 28 55 64 58 14
split_gain=0.0563027 0.215649 0.465595 0.205409 0.0983805 0.253915 0.133193
threshold=1.0000000180025095e-35 2.6186416149139409 88.212203979492202 0.131653867661953 1.0000000180025095e-35 -1.2715614438056944 -0.40359999239444727
decision_type=2 2 2 2 2 2 2
left_child=4 2 -2 -3 6 -6 -1
right_child=1 3 -4 -5 5 -7 -8
leaf_value=-0.00096061368559747715 -0.0019047054772526803 0.001624109287696065 0.0015402641279398952 -0.00054233222684175509 5.104650979254728e-05 0.0012688832833895256 -8.5954451500425698e-07
leaf_weight=2193 2262 1170 753 1366 11623 3129 41212
leaf_count=2193 2262 1170 753 1366 11623 3129 41212
internal_value=6.78654e-06 -0.000358358 -0.00104432 0.00045717 4.1639e-05 0.000309358 -4.93503e-05
internal_weight=63708 5551 3015 2536 58157 14752 43405
internal_count=63708 5551 3015 2536 58157 14752 43405
is_linear=0
shrinkage=0.12


Tree=444
num_leaves=8
num_cat=0
split_feature=50 1 29 85 61 73 73
split_gain=0.0562481 0.0581722 0.150589 0.0792726 0.0280724 0.0435228 0.0277174
threshold=0.53464084863662731 6.8979499340057382 -53.595741271972649 1.0000000180025095e-35 3.8031250238418584 611.33825683593761 2473.0153808593755
decision_type=2 2 2 2 2 2 2
left_child=1 2 -1 -3 5 -2 -6
right_child=4 3 -4 -5 6 -7 -8
leaf_value=0.0015984971299274897 7.9306943888037367e-05 0.00035931552381801172 -0.00030503408302477898 8.5404014996146948e-07 0.00040782668830469787 -0.0015500468682235725 -0.000788509751456977
leaf_weight=631 348 11628 11606 37644 579 734 538
leaf_count=631 348 11628 11606 37644 579 734 538
internal_value=5.97216e-06 2.72919e-05 -0.000206879 8.54496e-05 -0.000590369 -0.001026 -0.000168385
internal_weight=63708 61509 12237 49272 2199 1082 1117
internal_count=63708 61509 12237 49272 2199 1082 1117
is_linear=0
shrinkage=0.12


Tree=445
num_leaves=8
num_cat=0
split_feature=41 41 22 28 0 47 0
split_gain=0.119701 0.172139 0.269418 0.139144 0.138507 0.286497 0.150482
threshold=0.11394948884844781 0.10641206800937654 1.1373666524887087 32.272757530212409 47.40589904785157 0.13741220533847812 32.907199859619148
decision_type=2 2 2 2 2 2 2
left_child=1 3 -3 -1 6 -6 -2
right_child=4 2 -4 -5 5 -7 -8
leaf_value=0.001373994945548873 -9.2336726085882016e-05 0.0045106805328861809 0.00068161973242152909 3.1754243648808338e-05 4.8474500486028967e-05 -0.0010379608458304229 0.00074011268253887537
leaf_weight=1168 19027 300 2243 23262 7879 6282 3742
leaf_count=1168 19027 300 2243 23262 7879 6282 3742
internal_value=1.55927e-06 0.000193733 0.00113334 9.59269e-05 -0.000138801 -0.000433482 4.44732e-05
internal_weight=63903 26973 2543 24430 36930 14161 22769
internal_count=63903 26973 2543 24430 36930 14161 22769
is_linear=0
shrinkage=0.12


Tree=446
num_leaves=8
num_cat=0
split_feature=41 41 49 13 29 6 62
split_gain=0.0926966 0.133305 0.238901 0.130342 0.252031 0.208414 0.125375
threshold=0.11394948884844781 0.10641206800937654 1.5468750000000002 6.4484500885009775 13.713863849639894 3.4796999692916875 7.8894524574279794
decision_type=2 2 2 2 2 2 2
left_child=1 6 -3 4 -2 -5 -1
right_child=3 2 -4 5 -6 -7 -8
leaf_value=0.00013172018503205583 -0.0010867935554375217 5.9452089827873627e-05 0.0024397328203490166 6.975315207171291e-05 -9.2433696349429603e-05 0.0031030261346824918 -0.0014778203877518574
leaf_weight=23712 4774 1541 1002 15943 15880 333 718
leaf_count=23712 4774 1541 1002 15943 15880 333 718
internal_value=1.37215e-06 0.000170485 0.000997337 -0.000122145 -0.000322272 0.000131813 8.44156e-05
internal_weight=63903 26973 2543 36930 20654 16276 24430
internal_count=63903 26973 2543 36930 20654 16276 24430
is_linear=0
shrinkage=0.12


Tree=447
num_leaves=8
num_cat=0
split_feature=24 46 85 34 15 2 34
split_gain=0.0627069 0.25024 0.475814 0.209272 0.180132 0.251516 0.114606
threshold=12.354086875915529 0.31956560909748083 0.62500000000000011 0.887871414422989 10.106217384338381 215.81999969482425 1.3414714336395266
decision_type=2 2 2 2 2 2 2
left_child=4 2 -2 -3 6 -6 -1
right_child=1 3 -4 -5 5 -7 -8
leaf_value=9.3735957519330287e-06 0.0021557920394972186 0.00014051680336046581 -0.00019776853959396632 -0.0012194899501147632 -0.0023566708226387934 -9.2288389509933877e-05 -0.0022521528268806064
leaf_weight=45114 2344 8511 2619 2015 1154 1821 325
leaf_count=45114 2344 8511 2619 2015 1154 1821 325
internal_value=1.20749e-06 0.000211369 0.000913806 -0.00011983 -6.60289e-05 -0.00097064 -6.80185e-06
internal_weight=63903 15489 4963 10526 48414 2975 45439
internal_count=63903 15489 4963 10526 48414 2975 45439
is_linear=0
shrinkage=0.12


Tree=448
num_leaves=8
num_cat=0
split_feature=41 85 34 59 41 72 41
split_gain=0.073635 0.232629 0.612909 0.185694 0.0776621 0.217894 0.186843
threshold=0.068468317389488234 0.37500000000000006 0.97701427340507518 19999931.000000004 0.073337659239768996 19.59062480926514 0.074827112257480635
decision_type=2 2 2 2 2 2 2
left_child=1 2 -1 -3 5 -2 -6
right_child=4 3 -4 -5 6 -7 -8
leaf_value=-0.00033625118504598085 9.2391654687315106e-05 6.5875708935484226e-05 0.0023290937579984925 -0.0017636345989656267 0.002292968862947184 -0.0027518645710858454 -5.4582759318234191e-05
leaf_weight=2699 1179 5454 2302 936 493 578 50262
leaf_count=2699 1179 5454 2302 936 493 578 50262
internal_value=1.0626e-06 0.000277636 0.000890628 -0.000202109 -5.89323e-05 -0.000843283 -3.17802e-05
internal_weight=63903 11391 5001 6390 52512 1757 50755
internal_count=63903 11391 5001 6390 52512 1757 50755
is_linear=0
shrinkage=0.12


Tree=449
num_leaves=5
num_cat=0
split_feature=61 72 54 71
split_gain=0.062336 0.0665095 0.418534 0.193172
threshold=25.334374427795414 35.743749618530281 -0.16956839710474012 129.50000000000003
decision_type=2 2 2 2
left_child=1 3 -3 -1
right_child=-2 2 -4 -5
leaf_value=-2.5334623901008335e-09 0.0013249279474392126 -0.0045116467095099684 -0.00011981590444281642 0.0020182234792738975
leaf_weight=58373 508 339 3992 691
leaf_count=58373 508 339 3992 691
internal_value=9.35083e-07 -9.6744e-06 -0.000463577 2.3609e-05
internal_weight=63903 63395 4331 59064
internal_count=63903 63395 4331 59064
is_linear=0
shrinkage=0.12


Tree=450
num_leaves=5
num_cat=0
split_feature=53 66 22 66
split_gain=0.0758444 0.0670249 0.321192 0.107146
threshold=3.1000000238418584 11.726041793823244 2.5959665775299077 11.673958301544191
decision_type=2 2 2 2
left_child=1 3 -3 -1
right_child=-2 2 -4 -5
leaf_value=5.4034324039947664e-05 0.0016542521366439801 -0.0018145922333774058 0.0002654678274278197 0.00071073221178825398
leaf_weight=54522 433 1525 3575 3829
leaf_count=54522 433 1525 3575 3829
internal_value=7.14661e-05 6.06649e-05 -0.000356511 9.71269e-05
internal_weight=63884 63451 5100 58351
internal_count=63884 63451 5100 58351
is_linear=0
shrinkage=0.12


Tree=451
num_leaves=7
num_cat=0
split_feature=54 55 72 65 29 22
split_gain=0.0709995 0.191503 0.386396 0.20511 0.155338 0.137131
threshold=0.023817694745957855 0.11611672118306161 6.6656248569488534 32.500000000000007 9.2698783874511737 1.9510666728019717
decision_type=2 2 2 2 2 2
left_child=1 3 -3 -1 -2 -6
right_child=4 2 -4 -5 5 -7
leaf_value=0.00027893664333984838 -0.0027520623597420604 -0.00077650373678436215 0.00086378956383934057 -0.00060808476864625662 0.00057707968366753305 -0.00012119585415629284
leaf_weight=9241 304 2574 10520 6322 4676 30247
leaf_count=9241 304 2574 10520 6322 4676 30247
internal_value=6.28901e-05 0.000203151 0.000541343 -8.13891e-05 -5.12111e-05 -2.77006e-05
internal_weight=63884 28657 13094 15563 35227 34923
internal_count=63884 28657 13094 15563 35227 34923
is_linear=0
shrinkage=0.12


Tree=452
num_leaves=8
num_cat=0
split_feature=54 12 78 66 51 55 49
split_gain=0.0606821 0.0679191 0.196902 0.11214 0.0305094 0.0337031 0.0227376
threshold=0.35981330275535589 3.6154500246047978 1.0000000180025095e-35 11.726041793823244 0.082535699009895339 0.20650136470794681 1.4718750119209292
decision_type=2 2 2 2 2 2 2
left_child=1 3 -3 -1 6 -6 -2
right_child=4 2 -4 -5 5 -7 -8
leaf_value=6.7607778234564348e-05 0.00089018507892176489 0.00060833427878993632 -0.00054145348932610688 -0.00067994971278630795 -0.00036280117794710589 -0.0013156003330196198 -0.00040301054898170854
leaf_weight=45400 379 9165 2800 3086 1906 743 405
leaf_count=45400 379 9165 2800 3086 1906 743 405
internal_value=5.53433e-05 8.32142e-05 0.000339266 2.00278e-05 -0.000435429 -0.000630045 0.000222144
internal_weight=63884 60451 11965 48486 3433 2649 784
internal_count=63884 60451 11965 48486 3433 2649 784
is_linear=0
shrinkage=0.12


Tree=453
num_leaves=7
num_cat=0
split_feature=61 29 2 61 63 72
split_gain=0.063968 0.196902 0.338819 0.0881515 0.235907 0.10892
threshold=11.75624990463257 -48.057653427124016 179.97499847412112 8.9843750000000018 2.1353837251663212 40.443750381469734
decision_type=2 2 2 2 2 2
left_child=3 -2 -3 5 -5 -1
right_child=1 2 -4 4 -6 -7
leaf_value=6.6839625579692867e-05 0.0025847543149117944 -0.0031741076042197153 -0.00015964789380278115 -0.0015820626650784515 0.0011932070173571857 -0.0015695683248997886
leaf_weight=55163 307 617 4137 534 2534 592
leaf_count=55163 307 617 4137 534 2534 592
internal_value=4.87021e-05 -0.000360673 -0.000550881 8.39239e-05 0.000710158 4.94644e-05
internal_weight=63884 5061 4754 58823 3068 55755
internal_count=63884 5061 4754 58823 3068 55755
is_linear=0
shrinkage=0.12


Tree=454
num_leaves=8
num_cat=0
split_feature=50 28 12 46 54 22 54
split_gain=0.0563863 0.185881 0.20461 0.169698 0.153841 0.289549 0.268441
threshold=0.081860739737749114 32.887475967407234 2.0002499818801884 0.42972718179225927 -0.063627157360315309 1.8653916716575625 -0.0018286177655681966
decision_type=2 2 2 2 2 2 2
left_child=1 2 -1 -3 5 -2 -6
right_child=4 3 -4 -5 6 -7 -8
leaf_value=0.00018254959180168587 -0.002208206226030799 9.3866542615326788e-05 0.0044584485469622214 0.0027265702302781089 0.00096579887756569668 -6.0924375033385831e-05 -5.8197712346938122e-05
leaf_weight=338 1299 17063 308 360 4089 2976 37451
leaf_count=338 1299 17063 308 360 4089 2976 37451
internal_value=4.28579e-05 0.000222376 0.00222121 0.000148264 -2.79424e-05 -0.000713397 4.25996e-05
internal_weight=63884 18069 646 17423 45815 4275 41540
internal_count=63884 18069 646 17423 45815 4275 41540
is_linear=0
shrinkage=0.12


Tree=455
num_leaves=7
num_cat=0
split_feature=58 5 54 71 19 24
split_gain=0.0760611 0.343757 0.281222 0.279698 0.0841828 0.0814689
threshold=0.078096285462379469 1.5516499876976015 0.069941725581884398 136.50000000000003 0.025000000372529033 14.235174655914308
decision_type=2 2 2 2 2 2
left_child=4 2 -2 -3 -1 -6
right_child=1 3 -4 -5 5 -7
leaf_value=0.0018125454973063019 0.0029343306967969788 -0.0018726616473403596 -0.00014887669702785282 0.0012956954309065283 1.3268485184184156e-05 -0.00077705318557125366
leaf_weight=366 569 2419 1695 481 56336 1943
leaf_count=366 569 2419 1695 481 56336 1943
internal_value=-4.05645e-05 -0.000482078 0.000626011 -0.00134715 -1.68692e-06 -1.30805e-05
internal_weight=63809 5164 2264 2900 58645 58279
internal_count=63809 5164 2264 2900 58645 58279
is_linear=0
shrinkage=0.12


Tree=456
num_leaves=8
num_cat=0
split_feature=59 66 34 66 59 61 54
split_gain=0.0638344 0.235891 0.423104 0.315994 0.200213 0.386027 0.22715
threshold=0.32834015786647802 11.501041889190676 1.1595714092254641 6.8781249523162851 1.1625789403915407 4.9468748569488534 -0.27930817008018488
decision_type=2 2 2 2 2 2 2
left_child=1 3 -3 -1 5 -2 -6
right_child=4 2 -4 -5 6 -7 -8
leaf_value=-6.9255061776655148e-05 -0.0017445753581007606 -0.0004178542006578399 -0.0051735714101232583 0.00088039799487609751 0.0027409397922990996 0.00073648357836594673 -7.3922197254684173e-05
leaf_weight=15581 2744 2640 300 7462 418 1346 33318
leaf_count=15581 2744 2640 300 7462 418 1346 33318
internal_value=-3.56968e-05 0.00010912 -0.000903131 0.00023827 -0.000135172 -0.00092807 -3.90451e-05
internal_weight=63809 25983 2940 23043 37826 4090 33736
internal_count=63809 25983 2940 23043 37826 4090 33736
is_linear=0
shrinkage=0.12


Tree=457
num_leaves=6
num_cat=0
split_feature=24 41 58 51 7
split_gain=0.0633414 0.158458 0.0729677 0.247852 0.164899
threshold=14.458998680114748 0.12276418507099153 1.0000000180025095e-35 0.39894807338714605 0.37659999728202825
decision_type=2 2 2 2 2
left_child=2 -2 4 -4 -1
right_child=1 -3 3 -5 -6
leaf_value=-0.0021986009375553348 0.0026786713507538163 -0.00041502594319852001 -0.00026568185269586577 -0.0037345580150085012 1.2214761781316974e-05
leaf_weight=490 422 548 5079 315 56955
leaf_count=490 422 548 5079 315 56955
internal_value=-3.14131e-05 0.000930892 -4.62676e-05 -0.000468258 -6.64327e-06
internal_weight=63809 970 62839 5394 57445
internal_count=63809 970 62839 5394 57445
is_linear=0
shrinkage=0.12


Tree=458
num_leaves=7
num_cat=0
split_feature=24 55 49 58 22 24
split_gain=0.0490516 0.185433 0.113786 0.0565062 0.230912 0.132316
threshold=14.458998680114748 0.16634833812713626 1.4593749642372134 1.0000000180025095e-35 2.538275003433228 14.235174655914308
decision_type=2 2 2 2 2 2
left_child=3 2 -2 5 -5 -1
right_child=1 -3 -4 4 -6 -7
leaf_value=1.914873375830656e-05 -0.0020629169248761754 0.0030473302000803156 0.0011783866143685528 -0.0011708698046468242 0.00040033240617572856 -0.001332854050373406
leaf_weight=56383 307 346 317 2789 2605 1062
leaf_count=56383 307 346 317 2789 2605 1062
internal_value=-2.76436e-05 0.000819185 -0.000416293 -4.07154e-05 -0.000412067 -5.84608e-06
internal_weight=63809 970 624 62839 5394 57445
internal_count=63809 970 624 62839 5394 57445
is_linear=0
shrinkage=0.12


Tree=459
num_leaves=5
num_cat=0
split_feature=59 59 72 12
split_gain=0.0552888 0.0502332 0.162651 0.133476
threshold=19999995.000000004 0.32834015786647802 9.6156249046325701 2.9176499843597417
decision_type=2 2 2 2
left_child=1 3 -3 -1
right_child=-2 2 -4 -5
leaf_value=0.00034473169863466111 0.0012879510665577958 -0.00066619154093667437 -7.5597584617608897e-06 -0.00020108523235645611
leaf_weight=14062 459 6546 30821 11921
leaf_count=14062 459 6546 30821 11921
internal_value=-2.43263e-05 -3.38344e-05 -0.00012294 9.43109e-05
internal_weight=63809 63350 37367 25983
internal_count=63809 63350 37367 25983
is_linear=0
shrinkage=0.12


Tree=460
num_leaves=8
num_cat=0
split_feature=23 47 16 13 7 69 47
split_gain=0.0700432 0.235774 0.333328 0.208121 0.135524 0.15541 0.109396
threshold=2.9486333131790166 0.21175795793533328 2.6212134361267094 3.1457500457763676 8.4924998283386248 11.500000000000002 0.16244883090257647
decision_type=2 2 2 2 2 2 2
left_child=1 3 -3 -1 6 -6 -2
right_child=4 2 -4 -5 5 -7 -8
leaf_value=-0.00039269976078256373 0.00018720961979784849 0.0034476557105174504 8.8823812143795059e-05 -0.0029636504239559554 0.0028634441605418048 0.00023387776524579694 -0.00017851813281211202
leaf_weight=8814 31733 530 2157 478 533 824 18728
leaf_count=8814 31733 530 2157 478 533 824 18728
internal_value=2.28433e-05 -0.00023867 0.00075134 -0.000524955 8.32986e-05 0.00126671 5.14741e-05
internal_weight=63797 11979 2687 9292 51818 1357 50461
internal_count=63797 11979 2687 9292 51818 1357 50461
is_linear=0
shrinkage=0.12


Tree=461
num_leaves=6
num_cat=0
split_feature=34 51 58 76 45
split_gain=0.0544417 0.250513 0.204829 0.166015 0.488622
threshold=1.0757571458816531 0.59867665171623241 -70.088451385498033 0.9762399196624757 0.01250000041909516
decision_type=2 2 2 2 2
left_child=3 2 -2 4 -1
right_child=1 -3 -4 -5 -6
leaf_value=0.0034574476824966159 -0.0025890379926709868 -0.0034279497174139546 -2.8456894207830368e-05 -0.0025722227345232472 6.2807912909792951e-05
leaf_weight=619 462 331 17120 335 44930
leaf_count=619 462 331 17120 335 44930
internal_value=2.01021e-05 -0.000157314 -9.5741e-05 8.9365e-05 0.00010894
internal_weight=63797 17913 17582 45884 45549
internal_count=63797 17913 17582 45884 45549
is_linear=0
shrinkage=0.12


Tree=462
num_leaves=8
num_cat=0
split_feature=23 22 85 58 7 0 22
split_gain=0.0537557 0.227367 0.847326 0.118722 0.107355 0.175835 0.0860624
threshold=2.9486333131790166 2.0508667230606084 0.37500000000000006 -0.27698440849781031 7.8315999507904062 56.359949111938484 1.9392499923706057
decision_type=2 2 2 2 2 2 2
left_child=1 2 -1 -3 6 -6 -2
right_child=4 3 -4 -5 5 -7 -8
leaf_value=0.0021705504832313753 -0.00022327448310288268 -0.0010994445680268083 -0.00083958042778245121 -2.0420245062433096e-05 0.00039777980196963964 0.0031056886398308802 0.00012983990190456682
leaf_weight=2217 13829 4018 3430 2314 2247 408 35334
leaf_count=2217 13829 4018 3430 2314 2247 408 35334
internal_value=1.76899e-05 -0.000211409 0.00034219 -0.00070512 7.06518e-05 0.00081391 3.05128e-05
internal_weight=63797 11979 5647 6332 51818 2655 49163
internal_count=63797 11979 5647 6332 51818 2655 49163
is_linear=0
shrinkage=0.12


Tree=463
num_leaves=6
num_cat=0
split_feature=34 75 85 2 33
split_gain=0.049263 0.350618 0.456512 0.105187 0.128347
threshold=1.3163285851478579 5.5000000000000009 0.37500000000000006 116.56000137329103 0.06000963784754277
decision_type=2 2 2 2 2
left_child=3 2 -2 -1 -5
right_child=1 -3 -4 4 -6
leaf_value=0.0020636975729921986 -0.0034246320974066491 0.0028494302572774997 0.00041861173467861167 0.0017712344935142282 6.0317024397623672e-06
leaf_weight=366 778 365 1040 599 60649
leaf_count=366 778 365 1040 599 60649
internal_value=1.55671e-05 -0.000544648 -0.00122608 3.54156e-05 2.32952e-05
internal_weight=63797 2183 1818 61614 61248
internal_count=63797 2183 1818 61614 61248
is_linear=0
shrinkage=0.12


Tree=464
num_leaves=7
num_cat=0
split_feature=88 10 47 47 76 46
split_gain=0.0452656 0.185407 0.522203 0.457746 0.129706 0.483915
threshold=1.0757571458816531 2.5000000000000004 0.030907614156603817 0.027068848721683029 0.9762399196624757 0.18304053694009784
decision_type=2 2 2 2 2 2
left_child=4 3 -3 -2 5 -1
right_child=1 2 -4 -5 -6 -7
leaf_value=0.0033198600019201299 -0.0027431019697280296 0.0042788634489521809 5.1595604865491356e-05 -0.00015032310588182331 -0.0022757459393469614 4.6731092739312727e-05
leaf_weight=660 1059 486 3137 13231 335 44889
leaf_count=660 1059 486 3137 13231 335 44889
internal_value=1.3699e-05 -0.000148076 0.000618654 -0.000342468 7.68557e-05 9.41584e-05
internal_weight=63797 17913 3623 14290 45884 45549
internal_count=63797 17913 3623 14290 45884 45549
is_linear=0
shrinkage=0.12


Tree=465
num_leaves=8
num_cat=0
split_feature=71 55 2 66 34 68 5
split_gain=0.0919489 0.244114 0.222277 0.172256 0.469361 0.145836 0.144939
threshold=51.500000000000007 0.044605506584048278 265.76499938964849 11.207291603088381 1.1385428309440615 2.5000000000000004 0.56619998812675487
decision_type=2 2 2 2 2 2 2
left_child=3 2 -2 5 -5 -1 -3
right_child=1 6 -4 4 -6 -7 -8
leaf_value=-8.0534215072601975e-06 -0.0028621294099048485 0.0011933995243628666 -0.00016756506154574547 -0.00037161845530442214 -0.0043171788535014844 -0.0014778050016915883 0.00015343320918851419
leaf_weight=29752 707 2087 1171 2987 508 1005 25617
leaf_count=29752 707 2087 1171 2987 508 1005 25617
internal_value=-1.29488e-05 0.000142025 -0.00118197 -0.000146793 -0.000945108 -5.60783e-05 0.000231776
internal_weight=63834 29582 1878 34252 3495 30757 27704
internal_count=63834 29582 1878 34252 3495 30757 27704
is_linear=0
shrinkage=0.12


Tree=466
num_leaves=8
num_cat=0
split_feature=71 55 2 55 2 29 62
split_gain=0.0712053 0.189042 0.172132 0.141917 0.307028 0.138578 0.13813
threshold=51.500000000000007 0.044605506584048278 265.76499938964849 0.31604905426502233 165.879997253418 60.783304214477546 7.1933188438415536
decision_type=2 2 2 2 2 2 2
left_child=3 2 -2 6 -5 -3 -1
right_child=1 5 -4 4 -6 -7 -8
leaf_value=-8.1743227964033955e-05 -0.0025186739018052892 0.00053646815728314908 -0.00014745725952910001 -0.0039625134321773017 -0.00042900349235069506 -1.2665996719620606e-05 0.0023122108484514886
leaf_weight=31005 707 10929 1171 413 2483 16775 351
leaf_count=31005 707 10929 1171 413 2483 16775 351
internal_value=-1.13949e-05 0.000124982 -0.00104014 -0.000129178 -0.000932919 0.000203963 -5.49452e-05
internal_weight=63834 29582 1878 34252 2896 27704 31356
internal_count=63834 29582 1878 34252 2896 27704 31356
is_linear=0
shrinkage=0.12


Tree=467
num_leaves=8
num_cat=0
split_feature=59 59 3 50 85 69 76
split_gain=0.0648122 0.342864 0.582109 0.23846 0.149411 0.724248 0.638883
threshold=4.1367342472076425 4.6008424758911142 0.38779000937938696 -0.047092178836464875 0.37500000000000006 6.5000000000000009 0.98080673813819896
decision_type=2 2 2 2 2 2 2
left_child=4 2 -2 -3 5 -1 -6
right_child=1 3 -4 -5 6 -7 -8
leaf_value=-0.0021603073180148317 0.006420974303367008 0.001548059311190708 0.00058139274981932362 -8.0435616909307165e-05 0.00017079731860146182 -4.1693474505507662e-05 -0.0053648629331177001
leaf_weight=2716 328 1396 981 17862 24168 16079 304
leaf_count=2716 328 1396 981 17862 24168 16079 304
internal_value=-1.00275e-05 0.000165351 0.00204463 3.76129e-05 -9.33939e-05 -0.000347847 0.000102031
internal_weight=63834 20567 1309 19258 43267 18795 24472
internal_count=63834 20567 1309 19258 43267 18795 24472
is_linear=0
shrinkage=0.12


Tree=468
num_leaves=8
num_cat=0
split_feature=51 65 29 2 0 8 55
split_gain=0.0529369 0.157432 0.294868 0.233767 0.061663 0.428454 0.0958348
threshold=0.39072908461093908 43.500000000000007 20.613410949707035 230.69999694824222 76.639499664306655 10.933978080749513 0.42383837699890142
decision_type=2 2 2 2 2 2 2
left_child=4 2 -2 -3 6 -6 -1
right_child=1 3 -4 -5 5 -7 -8
leaf_value=-2.2480597155175211e-05 0.0025557765231751322 -0.0036557125533382578 -3.2261937642061706e-05 0.00044641351974524483 -0.00015763483194353617 -0.0044314929074113106 0.0007736569268336612
leaf_weight=49704 978 304 1802 585 7831 353 2277
leaf_count=49704 978 304 1802 585 7831 353 2277
internal_value=-8.82422e-06 0.000433695 0.000878206 -0.000956338 -3.58101e-05 -0.000341979 1.23938e-05
internal_weight=63834 3669 2780 889 60165 8184 51981
internal_count=63834 3669 2780 889 60165 8184 51981
is_linear=0
shrinkage=0.12


Tree=469
num_leaves=8
num_cat=0
split_feature=60 22 85 36 85 69 76
split_gain=0.0471103 0.266028 0.798883 0.233883 0.144152 0.910357 0.483418
threshold=1.0000000180025095e-35 2.0080833435058598 0.37500000000000006 50.884258270263679 0.37500000000000006 2.5000000000000004 0.98080673813819896
decision_type=2 2 2 2 2 2 2
left_child=4 2 -2 -3 5 -1 -6
right_child=1 3 -4 -5 6 -7 -8
leaf_value=0.0056112159004724242 0.002295787781070919 0.0012060952196148039 -0.00033501558447965915 -0.00045540409246520869 0.00016958760834878754 -0.00042025380690926438 -0.0046434034339319233
leaf_weight=367 2810 1416 4069 8814 26158 19896 304
leaf_count=367 2810 1416 4069 8814 26158 19896 304
internal_value=-7.76531e-06 0.000162598 0.00073964 -0.000225425 -7.01461e-05 -0.000311013 0.000114295
internal_weight=63834 17109 6879 10230 46725 20263 26462
internal_count=63834 17109 6879 10230 46725 20263 26462
is_linear=0
shrinkage=0.12


Tree=470
num_leaves=7
num_cat=0
split_feature=63 54 85 28 85 61
split_gain=0.0790879 0.423715 0.187767 0.117151 0.40048 0.0913626
threshold=14.795876979827883 -0.2386970445513725 0.37500000000000006 45.181859970092781 0.37500000000000006 3.2968750000000004
decision_type=2 2 2 2 2 2
left_child=3 -2 -3 4 -1 -5
right_child=1 2 -4 5 -6 -7
leaf_value=-0.0015829475409306155 0.0047025327162494163 0.0007792109023863589 -0.00028291151490080472 0.00013502583699543562 0.0003037180136085008 -0.00024119537731489014
leaf_weight=2836 310 4362 5320 34615 3779 12707
leaf_count=2836 310 4362 5320 34615 3779 12707
internal_value=2.53277e-05 0.00033543 0.000195603 -3.21197e-05 -0.000505138 3.40021e-05
internal_weight=63929 9992 9682 53937 6615 47322
internal_count=63929 9992 9682 53937 6615 47322
is_linear=0
shrinkage=0.12


Tree=471
num_leaves=7
num_cat=0
split_feature=63 54 49 75 55 61
split_gain=0.0612457 0.328125 0.27413 0.101759 0.121337 0.110547
threshold=14.795876979827883 -0.2386970445513725 1.2468749880790713 14.500000000000002 0.13265458494424823 3.2968750000000004
decision_type=2 2 2 2 2 2
left_child=3 -2 -3 5 -5 -1
right_child=1 2 -4 4 -6 -7
leaf_value=5.7040615441908336e-05 0.0041382287897830522 0.0016246497634425136 -0.0001085631706033032 -0.00020947036636563091 0.0031621575005688725 -0.00033579026063087998
leaf_weight=39340 310 1568 8114 302 313 13982
leaf_count=39340 310 1568 8114 302 313 13982
internal_value=2.22884e-05 0.000295178 0.000172131 -2.82653e-05 0.0015065 -4.59668e-05
internal_weight=63929 9992 9682 53937 615 53322
internal_count=63929 9992 9682 53937 615 53322
is_linear=0
shrinkage=0.12


Tree=472
num_leaves=7
num_cat=0
split_feature=55 28 19 14 49 62
split_gain=0.0535469 0.212075 0.192578 0.392459 0.15994 0.157814
threshold=0.098259355872869505 11.987024307250978 0.13749999552965167 4.6894500255584726 0.95937499403953563 6.5050992965698251
decision_type=2 2 2 2 2 2
left_child=1 -1 3 -2 -4 -3
right_child=2 5 4 -5 -6 -7
leaf_value=0.0032080523585093323 -0.0035832221167298463 6.0768409314392383e-05 0.0017687319955600306 0.00066519321430636151 -5.6329458437421504e-05 0.0017814538067481903
leaf_weight=323 649 24858 705 605 35997 792
leaf_count=323 649 24858 705 605 35997 792
internal_value=1.96138e-05 0.000152377 -7.12352e-05 -0.00153355 -2.12723e-05 0.000113898
internal_weight=63929 25973 37956 1254 36702 25650
internal_count=63929 25973 37956 1254 36702 25650
is_linear=0
shrinkage=0.12


Tree=473
num_leaves=7
num_cat=0
split_feature=22 85 45 2 55 22
split_gain=0.0497241 0.336564 0.503199 0.0907772 0.304417 0.0972094
threshold=0.49013333022594457 0.37500000000000006 0.57187500596046459 113.45499801635744 0.2318137660622597 0.60985001921653759
decision_type=2 2 2 2 2 2
left_child=1 -1 -3 4 -2 -5
right_child=3 2 -4 5 -6 -7
leaf_value=0.0019731182047219003 0.0017409752553894187 0.0016173015398071844 -0.0031151026945651257 0.0014236657264903724 -0.0024705398915901631 -3.7760968607086563e-06
leaf_weight=544 1285 487 964 695 306 59648
leaf_count=544 1285 487 964 695 306 59648
internal_value=1.72601e-05 -0.000572409 -0.00152676 3.62544e-05 0.000930967 1.26645e-05
internal_weight=63929 1995 1451 61934 1591 60343
internal_count=63929 1995 1451 61934 1591 60343
is_linear=0
shrinkage=0.12


Tree=474
num_leaves=8
num_cat=0
split_feature=11 57 53 45 58 72 58
split_gain=0.0492069 0.222815 0.37922 0.218455 0.134315 0.252499 0.0995992
threshold=1.5000000000000002 5.7406251430511483 2.2218749523162846 0.95937499403953563 -56.655851364135735 18.040625572204593 -52.191749572753899
decision_type=2 2 2 2 2 2 2
left_child=4 3 -3 -2 5 -1 -6
right_child=1 2 -4 -5 6 -7 -8
leaf_value=0.0033901597065145541 0.00020921215527893185 -0.0045014686506093899 0.00036003938517231807 -0.0012875018778224759 -0.0015161683333277261 -0.00020576076162281588 5.1870924596063296e-05
leaf_weight=495 8072 449 476 1700 590 651 51496
leaf_count=495 8072 449 476 1700 590 651 51496
internal_value=1.51889e-05 -0.000219667 -0.00199976 -5.11658e-05 6.23832e-05 0.00134745 3.41091e-05
internal_weight=63929 10697 925 9772 53232 1146 52086
internal_count=63929 10697 925 9772 53232 1146 52086
is_linear=0
shrinkage=0.12


Tree=475
num_leaves=6
num_cat=0
split_feature=5 85 3 76 62
split_gain=0.112058 0.258213 0.140098 0.185725 0.0814612
threshold=3.9222500324249272 0.62500000000000011 0.21367000043392184 0.59292572736740123 4.4130663871765146
decision_type=2 2 2 2 2
left_child=2 -2 3 -1 -4
right_child=1 -3 4 -5 -6
leaf_value=3.0362247740604766e-05 0.0036412253666846814 -0.00038042460852686662 -4.5512410889785616e-05 -0.0038673008195189876 -0.0006628929640452283
leaf_weight=380 380 582 58978 328 3247
leaf_count=380 380 582 58978 328 3247
internal_value=-7.71785e-05 0.00120817 -9.68265e-05 -0.00177533 -7.77283e-05
internal_weight=63895 962 62933 708 62225
internal_count=63895 962 62933 708 62225
is_linear=0
shrinkage=0.12


Tree=476
num_leaves=6
num_cat=0
split_feature=5 61 2 41 13
split_gain=0.0867776 0.205727 0.108492 0.174681 0.0805312
threshold=3.9222500324249272 1.4281249642372134 106.83499908447267 0.078950144350528731 0.8290500044822694
decision_type=2 2 2 2 2
left_child=2 -2 3 -1 -4
right_child=1 -3 4 -5 -6
leaf_value=-0.0035682072253976332 -0.0006306969565591853 0.0028811952404072957 -0.0013454819276033348 0.00020888370014058343 -5.3807957218040768e-05
leaf_weight=332 498 464 703 376 61522
leaf_count=332 498 464 703 376 61522
internal_value=-6.79171e-05 0.00106319 -8.52073e-05 -0.00156229 -6.84009e-05
internal_weight=63895 962 62933 708 62225
internal_count=63895 962 62933 708 62225
is_linear=0
shrinkage=0.12


Tree=477
num_leaves=8
num_cat=0
split_feature=51 55 50 33 16 0 61
split_gain=0.0670451 0.19549 0.173575 0.147637 0.0896077 0.243044 0.0833013
threshold=0.056344425305724151 0.18228166550397876 0.20059534907341006 0.37405683100223547 2.9995919466018681 54.343549728393562 3.3406250476837163
decision_type=2 2 2 2 2 2 2
left_child=1 3 -3 -1 5 -2 -6
right_child=4 2 -4 -5 6 -7 -8
leaf_value=-0.00046682035324588692 7.1010646314504172e-06 -0.0026848005159280305 -0.00047721597895411901 0.00053631726368789565 0.00014362325295153591 -0.0027224210500062327 -0.00017993213998708439
leaf_weight=5501 1766 854 1284 3430 32814 640 17606
leaf_count=5501 1766 854 1284 3430 32814 640 17606
internal_value=-5.97671e-05 -0.000328302 -0.00135901 -8.15598e-05 -3.49905e-06 -0.000718956 3.0642e-05
internal_weight=63895 11069 2138 8931 52826 2406 50420
internal_count=63895 11069 2138 8931 52826 2406 50420
is_linear=0
shrinkage=0.12


Tree=478
num_leaves=8
num_cat=0
split_feature=51 59 22 2 58 84 34
split_gain=0.0574451 0.199769 0.2395 0.205828 0.0680943 0.474675 0.0776944
threshold=0.39072908461093908 5.8796179294586191 1.8887583017349245 276.83000183105474 0.57754147052764904 1.0000000180025095e-35 1.0105571746826174
decision_type=2 2 2 2 2 2 2
left_child=4 2 -2 -3 6 -6 -1
right_child=1 3 -4 -5 5 -7 -8
leaf_value=-1.0419814346823176e-05 -0.0018822801921875359 0.0034881856802162188 0.00060376166994574316 -2.5368846854504153e-05 0.0013505662906200362 -0.0017184458465603174 -0.00030585301650563689
leaf_weight=37202 788 527 1912 441 2434 1034 19557
leaf_count=37202 788 527 1912 441 2434 1034 19557
internal_value=-5.2595e-05 0.000408463 -0.000121794 0.00188749 -8.06748e-05 0.000435526 -0.000112215
internal_weight=63895 3668 2700 968 60227 3468 56759
internal_count=63895 3668 2700 968 60227 3468 56759
is_linear=0
shrinkage=0.12


Tree=479
num_leaves=6
num_cat=0
split_feature=22 22 66 72 9
split_gain=0.0605733 0.218861 0.216042 0.164425 0.0616108
threshold=0.39204999804496771 0.49013333022594457 10.86770820617676 13.190625190734865 1.0000000180025095e-35
decision_type=2 2 2 2 2
left_child=2 -2 3 -1 -3
right_child=1 4 -4 -5 -6
leaf_value=0.00087875876023701136 -0.0025621310526137042 -9.2176901994205191e-05 0.0028592404917829927 -0.0023448070412448716 0.00025276271496113621
leaf_weight=633 501 53272 463 356 8670
leaf_count=633 501 53272 463 356 8670
internal_value=-4.62836e-05 -6.41004e-05 0.000719925 -0.000281595 -4.38958e-05
internal_weight=63895 62443 1452 989 61942
internal_count=63895 62443 1452 989 61942
is_linear=0
shrinkage=0.12


Tree=480
num_leaves=7
num_cat=0
split_feature=41 1 29 41 45 1
split_gain=0.12998 0.206853 0.18055 0.148282 0.386228 0.0931352
threshold=0.059097686782479293 2.7583500146865849 -35.092876434326165 0.063471745699644103 0.84687501192092907 20.47285079956055
decision_type=2 2 2 2 2 2
left_child=1 -1 -3 4 -2 -5
right_child=3 2 -4 5 -6 -7
leaf_value=0.0022088250576847916 -2.5778825041044384e-05 -0.0020132523538406756 -0.00038607731665489395 1.5711058200181046e-05 0.0042011756985887855 -0.00090887718728204826
leaf_weight=388 1082 1156 6522 52679 437 1617
leaf_count=388 1082 1156 6522 52679 437 1617
internal_value=-4.41803e-05 -0.000494457 -0.000631065 2.08906e-05 0.00119027 -1.18243e-05
internal_weight=63881 8066 7678 55815 1519 54296
internal_count=63881 8066 7678 55815 1519 54296
is_linear=0
shrinkage=0.12


Tree=481
num_leaves=7
num_cat=0
split_feature=41 12 62 41 45 7
split_gain=0.100656 0.177533 0.145912 0.11483 0.299095 0.0807836
threshold=0.059097686782479293 4.038450002670289 5.7476277351379403 0.063471745699644103 0.84687501192092907 6.2481501102447519
decision_type=2 2 2 2 2 2
left_child=1 2 -1 4 -2 -5
right_child=3 -3 -4 5 -6 -7
leaf_value=-0.00045650659510242087 -2.2685369074211975e-05 0.0020392563136869819 -0.0031307957554007788 9.3955935865422854e-05 0.0036970346055533818 -0.00021570042146517625
leaf_weight=7363 1082 397 306 35997 437 18299
leaf_count=7363 1082 397 306 35997 437 18299
internal_value=-3.88787e-05 -0.000435122 -0.000563213 1.83837e-05 0.00104744 -1.04054e-05
internal_weight=63881 8066 7669 55815 1519 54296
internal_count=63881 8066 7669 55815 1519 54296
is_linear=0
shrinkage=0.12


Tree=482
num_leaves=8
num_cat=0
split_feature=41 41 50 12 41 45 46
split_gain=0.0779483 0.154905 0.300145 0.143098 0.0889243 0.231619 0.0841448
threshold=0.059097686782479293 0.056318489834666259 0.15540828555822375 4.038450002670289 0.063471745699644103 0.84687501192092907 -0.016458131372928616
decision_type=2 2 2 2 2 2 2
left_child=1 3 -3 -1 5 -2 -6
right_child=4 2 -4 -5 6 -7 -8
leaf_value=-0.00033381317546395367 -1.9963119785708921e-05 -0.0046198914066290838 0.00019021424154022404 0.0021427644232008339 0.00076669243501275588 0.0032533904909021996 -3.7920425189273258e-05
leaf_weight=6961 1082 346 406 353 1941 437 52355
leaf_count=6961 1082 346 406 353 1941 437 52355
internal_value=-3.42132e-05 -0.000382908 -0.00202295 -0.000214285 1.61777e-05 0.000921746 -9.15673e-06
internal_weight=63881 8066 752 7314 55815 1519 54296
internal_count=63881 8066 752 7314 55815 1519 54296
is_linear=0
shrinkage=0.12


Tree=483
num_leaves=7
num_cat=0
split_feature=41 1 76 41 64 1
split_gain=0.0603631 0.150103 0.130083 0.068863 0.220775 0.0718083
threshold=0.059097686782479293 3.1630500555038457 0.6871950924396516 0.063471745699644103 1.0000000180025095e-35 20.47285079956055
decision_type=2 2 2 2 2 2
left_child=1 -1 -3 4 -2 -5
right_child=3 2 -4 5 -6 -7
leaf_value=0.0017583704116944726 -2.7412782131929546e-05 -0.00012233209623070771 -0.0011842507224404987 1.6120104090693782e-05 0.0033070264138633601 -0.00079573519044567171
leaf_weight=464 1137 5150 2452 52679 382 1617
leaf_count=464 1137 5150 2452 52679 382 1617
internal_value=-3.01076e-05 -0.000336959 -0.00046485 1.42364e-05 0.000811136 -8.05792e-06
internal_weight=63881 8066 7602 55815 1519 54296
internal_count=63881 8066 7602 55815 1519 54296
is_linear=0
shrinkage=0.12


Tree=484
num_leaves=6
num_cat=0
split_feature=55 72 55 70 55
split_gain=0.0605625 0.176965 0.0645278 0.0845912 0.0543506
threshold=0.59624025225639354 15.056250095367433 0.50722295045852672 20.500000000000004 0.42383837699890142
decision_type=2 2 2 2 2
left_child=2 -2 4 -4 -1
right_child=1 -3 3 -5 -6
leaf_value=-4.2807656157106919e-05 0.0027698259492058902 -0.00067045522387619105 3.1324703882168067e-05 -0.0026907152397722565 0.00080074135825530638
leaf_weight=61236 412 451 358 304 1120
leaf_count=61236 412 451 358 304 1120
internal_value=-2.64947e-05 0.00097195 -4.01679e-05 -0.00121868 -2.76563e-05
internal_weight=63881 863 63018 662 62356
internal_count=63881 863 63018 662 62356
is_linear=0
shrinkage=0.12


Tree=485
num_leaves=7
num_cat=0
split_feature=41 66 66 51 12 57
split_gain=0.0756814 0.191329 0.243065 0.0615899 0.192855 0.105022
threshold=0.029498630203306678 7.6906249523162851 11.513541698455812 0.14479742944240573 1.740150034427643 10.231250286102297
decision_type=2 2 2 2 2 2
left_child=1 -1 -3 5 -5 -2
right_child=3 2 -4 4 -6 -7
leaf_value=-0.0011255564821801296 9.3862907822753498e-05 0.0047594778534721183 0.00014744241680918178 -0.00076022567460019049 6.7372394408300173e-05 0.00091596246957416111
leaf_weight=363 34678 309 352 5042 20706 2392
leaf_count=363 34678 309 352 5042 20706 2392
internal_value=6.45643e-05 0.00108789 0.00230345 4.7883e-05 -9.46887e-05 0.00014691
internal_weight=63842 1024 661 62818 25748 37070
internal_count=63842 1024 661 62818 25748 37070
is_linear=0
shrinkage=0.12


Tree=486
num_leaves=6
num_cat=0
split_feature=41 5 55 63 12
split_gain=0.0586077 0.169425 0.102707 0.0599245 0.0649814
threshold=0.029498630203306678 2.4026000499725346 0.11107958108186723 -7.4126505851745597 4.038450002670289
decision_type=2 2 2 2 2
left_child=1 2 -1 -2 -5
right_child=3 -3 -4 4 -6
leaf_value=0.0014832762499021816 0.0015025525531251985 0.0033272680925209167 -0.0013913220946929921 2.4700463206052207e-06 0.00052815018773347906
leaf_weight=336 402 305 383 58823 3593
leaf_count=336 402 305 383 58823 3593
internal_value=5.68166e-05 0.000957345 -4.79771e-05 4.21371e-05 3.2731e-05
internal_weight=63842 1024 719 62818 62416
internal_count=63842 1024 719 62818 62416
is_linear=0
shrinkage=0.12


Tree=487
num_leaves=8
num_cat=0
split_feature=60 22 85 51 34 76 0
split_gain=0.0552181 0.322346 0.761568 0.137755 0.125177 0.490591 0.147001
threshold=1.0000000180025095e-35 1.9958500266075136 0.37500000000000006 0.24876008927822116 0.98292857408523571 0.66287657618522655 22.616299629211429
decision_type=2 2 2 2 2 2 2
left_child=4 2 -2 -3 6 -6 -1
right_child=1 3 -4 -5 5 -7 -8
leaf_value=0.0005916286937325307 0.0024291896668599826 -0.00038894136985146821 -0.00017042370293845745 0.00075887145967138217 -0.00094656024365132106 0.00032335890186177037 -2.3930408166174799e-05
leaf_weight=7532 2724 8517 4014 1829 8225 9372 21629
leaf_count=7532 2724 8517 4014 1829 8225 9372 21629
internal_value=4.99986e-05 0.000234629 0.000880533 -0.000186027 -1.74597e-05 -0.000270213 0.000135062
internal_weight=63842 17084 6738 10346 46758 17597 29161
internal_count=63842 17084 6738 10346 46758 17597 29161
is_linear=0
shrinkage=0.12


Tree=488
num_leaves=8
num_cat=0
split_feature=21 46 1 3 58 0 59
split_gain=0.051676 0.175075 0.136966 0.152699 0.139558 0.115327 0.0934709
threshold=0.26953125000000006 1.0000000180025095e-35 17.515999794006351 0.69181001186370861 -68.518253326416001 47.40589904785157 -0.12402901053428649
decision_type=2 2 2 2 2 2 2
left_child=1 5 4 -4 -2 -1 -3
right_child=2 6 3 -5 -6 -7 -8
leaf_value=-9.3976317600571489e-05 0.001576175940336698 0.0010346887822918758 0.0010861309335196863 -0.0011670263818449147 9.8224064682615252e-06 0.0023268429093606458 -0.00015500878905318723
leaf_weight=469 845 982 3515 494 26728 716 30093
leaf_count=469 845 982 3515 494 26728 716 30093
internal_value=4.39988e-05 -6.2823e-05 0.000153114 0.000808491 5.78248e-05 0.00136873 -0.000117413
internal_weight=63842 32260 31582 4009 27573 1185 31075
internal_count=63842 32260 31582 4009 27573 1185 31075
is_linear=0
shrinkage=0.12


Tree=489
num_leaves=5
num_cat=0
split_feature=57 85 57 7
split_gain=0.0573073 0.177888 0.0667736 0.0568436
threshold=17.506249427795414 0.37500000000000006 15.712500095367433 6.0816500186920175
decision_type=2 2 2 2
left_child=2 -2 3 -1
right_child=1 -3 -4 -5
leaf_value=0.00012973094903821753 0.00078677832356790437 -0.0022531597772966782 0.0016721969108553349 -0.00010940202589495788
leaf_weight=40107 526 586 365 22258
leaf_count=40107 526 586 365 22258
internal_value=3.87189e-05 -0.000815203 5.38562e-05 4.43847e-05
internal_weight=63842 1112 62730 62365
internal_count=63842 1112 62730 62365
is_linear=0
shrinkage=0.12


Tree=490
num_leaves=6
num_cat=0
split_feature=24 33 66 15 6
split_gain=0.0915214 0.163772 0.167447 0.106666 0.0885309
threshold=14.235174655914308 0.19507784396409991 11.657291889190676 12.436497688293459 0.63414999842643749
decision_type=2 2 2 2 2
left_child=3 -2 -3 4 -1
right_child=1 2 -4 -5 -6
leaf_value=-0.001323628606570473 -0.0033936149088755968 0.00014110940610521537 -0.0026489328581764189 0.0016024736259882206 -5.0584005725168605e-05
leaf_weight=797 310 1536 388 556 60451
leaf_count=797 310 1536 388 556 60451
internal_value=-7.9404e-05 -0.000833958 -0.000421539 -5.21295e-05 -6.71497e-05
internal_weight=64038 2234 1924 61804 61248
internal_count=64038 2234 1924 61804 61248
is_linear=0
shrinkage=0.12


Tree=491
num_leaves=6
num_cat=0
split_feature=24 46 61 15 6
split_gain=0.0708742 0.150342 0.179099 0.0826019 0.0685583
threshold=14.235174655914308 0.19542244821786883 3.7031250000000004 12.436497688293459 0.63414999842643749
decision_type=2 2 2 2 2
left_child=3 -2 -3 4 -1
right_child=1 2 -4 -5 -6
leaf_value=-0.0011647932041298256 -0.0030334302623395543 0.00035565339374318009 -0.0023570386285784715 0.001410176804868524 -4.4513926759206925e-05
leaf_weight=797 346 1423 465 556 60451
leaf_count=797 346 1423 465 556 60451
internal_value=-6.98755e-05 -0.000733883 -0.000312462 -4.58739e-05 -5.90918e-05
internal_weight=64038 2234 1888 61804 61248
internal_count=64038 2234 1888 61804 61248
is_linear=0
shrinkage=0.12


Tree=492
num_leaves=8
num_cat=0
split_feature=60 50 54 33 12 85 57
split_gain=0.0604086 0.278251 0.343079 0.312698 0.22774 0.922428 0.172477
threshold=1.0000000180025095e-35 -0.070071954280138002 -0.2386970445513725 0.31163682043552404 2.4194999933242802 0.37500000000000006 1.6531249880790713
decision_type=2 2 2 2 2 2 2
left_child=4 2 -2 -3 5 -1 -6
right_child=1 3 -4 -5 6 -7 -8
leaf_value=-0.001591188817643864 0.0004685143594924638 0.00094129686589611782 -0.0047275997583779532 -0.00015405097137545582 -0.00012294199156239773 0.0002250997705554929 0.00050368541143586869
leaf_weight=6605 362 5806 370 10614 20896 10314 9071
leaf_count=6605 362 5806 370 10614 20896 10314 9071
internal_value=-6.14905e-05 0.000131207 -0.00215794 0.000233257 -0.000131984 -0.00048396 6.67379e-05
internal_weight=64038 17152 732 16420 46886 16919 29967
internal_count=64038 17152 732 16420 46886 16919 29967
is_linear=0
shrinkage=0.12


Tree=493
num_leaves=7
num_cat=0
split_feature=24 28 86 2 28 23
split_gain=0.0592609 0.120737 0.14582 0.122376 0.061048 0.0840131
threshold=14.235174655914308 77.147258758544936 1.0000000180025095e-35 236.00000000000003 4.610394001007081 9.1559252738952654
decision_type=2 2 2 2 2 2
left_child=4 2 -2 -3 -1 -6
right_child=1 3 -4 -5 5 -7
leaf_value=-0.0015816364767334353 0.0014437529518724688 -0.0036381373902598315 -0.0011011064044132894 -0.00072583089228007416 -3.7674057893572883e-05 0.0013174666577217542
leaf_weight=364 607 313 696 618 60774 666
leaf_count=364 607 313 696 618 60774 666
internal_value=-5.41116e-05 -0.000661286 8.44113e-05 -0.00170494 -3.21644e-05 -2.29845e-05
internal_weight=64038 2234 1303 931 61804 61440
internal_count=64038 2234 1303 931 61804 61440
is_linear=0
shrinkage=0.12


Tree=494
num_leaves=8
num_cat=0
split_feature=47 34 0 47 47 29 53
split_gain=0.0480073 0.166022 0.743396 0.144837 0.0763029 0.191913 0.0756628
threshold=0.062227651476860053 1.1186428666114809 93.731250762939467 0.024418387562036518 0.065404132008552565 6.6078538894653329 1.7093749642372134
decision_type=2 2 2 2 2 2 2
left_child=1 3 -3 -1 5 -2 -6
right_child=4 2 -4 -5 6 -7 -8
leaf_value=0.0010396664319153551 0.0035623576350676646 -0.0016895253465829792 0.0042865917381888548 -0.00024226522803340745 0.00039356464475423254 6.8389302602787783e-05 -7.2792379031657152e-05
leaf_weight=1584 302 2711 337 6385 5619 904 46196
leaf_count=1584 302 2711 337 6385 5619 904 46196
internal_value=-4.76182e-05 -0.000275552 -0.00102878 1.25446e-05 -2.56899e-07 0.00094333 -2.2219e-05
internal_weight=64038 11017 3048 7969 53021 1206 51815
internal_count=64038 11017 3048 7969 53021 1206 51815
is_linear=0
shrinkage=0.12


Tree=495
num_leaves=7
num_cat=0
split_feature=59 22 62 66 58 66
split_gain=0.101847 0.320132 0.0879721 0.0712705 0.0857639 0.0815416
threshold=-3.6933844089508052 2.0953958034515385 -0.87872964143753041 11.792708396911623 -1.9425108432769773 11.776041507720949
decision_type=2 2 2 2 2 2
left_child=1 -1 -3 5 -5 -2
right_child=3 2 -4 4 -6 -7
leaf_value=-0.0037961618024338452 1.6340258066731561e-05 0.0019912209646966352 -0.00088155562484821344 0.0013658718452477263 -4.8379414632688934e-05 -0.0019224713943753345
leaf_weight=405 60211 306 308 1244 1226 314
leaf_count=405 60211 306 308 1244 1226 314
internal_value=1.28158e-05 -0.00117728 0.000550154 3.20667e-05 0.000663899 6.28182e-06
internal_weight=64014 1019 614 62995 2470 60525
internal_count=64014 1019 614 62995 2470 60525
is_linear=0
shrinkage=0.12


Tree=496
num_leaves=6
num_cat=0
split_feature=59 22 53 53 53
split_gain=0.07887 0.248154 0.0569435 0.151587 0.150746
threshold=-3.6933844089508052 2.5502916574478154 2.2718750238418584 2.2406250238418584 2.3031250238418584
decision_type=2 2 2 2 2
left_child=1 -1 3 -2 -4
right_child=2 -3 4 -5 -6
leaf_value=-0.0028206683565526309 -2.7980456136256849e-06 0.00092895659805544326 0.00094100725725324312 -0.00097668702626526964 5.6879819642571644e-05
leaf_weight=534 34299 485 3157 2467 23072
leaf_count=534 34299 485 3157 2467 23072
internal_value=1.12779e-05 -0.00103601 2.82187e-05 -6.8146e-05 0.000163296
internal_weight=64014 1019 62995 36766 26229
internal_count=64014 1019 62995 36766 26229
is_linear=0
shrinkage=0.12


Tree=497
num_leaves=7
num_cat=0
split_feature=29 41 41 59 29 66
split_gain=0.0648293 0.207883 0.400529 0.0690331 0.160297 0.0608961
threshold=-70.521247863769517 0.1047719679772854 0.076171018183231368 -6.2650797367095938 67.301502227783217 11.792708396911623
decision_type=2 2 2 2 2 2
left_child=1 2 -1 4 -2 -5
right_child=3 -3 -4 5 -6 -7
leaf_value=0.0014743459088294155 -0.0029062389889097217 0.0025606536760639687 -0.0036868793740608744 -1.8684672229499129e-05 0.00044202102454749231 0.00059183494261084643
leaf_weight=626 381 585 331 59193 448 2450
leaf_count=626 381 585 331 59193 448 2450
internal_value=9.92452e-06 0.000778577 -0.00031078 -9.04818e-06 -0.00109681 5.58042e-06
internal_weight=64014 1542 957 62472 829 61643
internal_count=64014 1542 957 62472 829 61643
is_linear=0
shrinkage=0.12


Tree=498
num_leaves=7
num_cat=0
split_feature=29 49 34 49 45 2
split_gain=0.0502038 0.236622 0.284269 0.0541315 0.153749 0.117562
threshold=-70.521247863769517 1.5343750119209292 1.2931857705116274 1.4343749880790713 1.0468750000000002 135.66999816894534
decision_type=2 2 2 2 2 2
left_child=1 -1 -3 4 -2 -5
right_child=3 2 -4 5 -6 -7
leaf_value=0.0027481228390120582 -8.1032925843251639e-05 -0.003457196154478496 0.00092717984095923127 -0.00083897191891193839 -0.0016572667040078185 0.00014324223011927183
leaf_weight=527 26601 304 711 1853 922 33096
leaf_count=527 26601 304 711 1853 922 33096
internal_value=8.73358e-06 0.000685148 -0.000385973 -7.9624e-06 -0.000133836 9.11651e-05
internal_weight=64014 1542 1015 62472 27523 34949
internal_count=64014 1542 1015 62472 27523 34949
is_linear=0
shrinkage=0.12


Tree=499
num_leaves=7
num_cat=0
split_feature=47 47 47 22 76 41
split_gain=0.0497917 0.207079 0.200548 0.184155 0.15846 0.142622
threshold=0.081110246479511275 0.082470294088125243 0.077008258551359191 3.8795750141143803 0.56536066532135021 0.048323031514883048
decision_type=2 2 2 2 2 2
left_child=2 -2 3 -1 -4 -3
right_child=1 5 4 -5 -6 -7
leaf_value=-0.00011311889692168769 0.0025141706346731743 -0.00067023175709737077 -0.0026939201874049174 0.0022658865899168445 -0.00019836050273105852 0.00010898285019560159
leaf_weight=15662 495 3677 770 483 699 42228
leaf_count=15662 495 3677 770 483 699 42228
internal_value=7.68555e-06 7.28922e-05 -0.000164086 -4.19477e-05 -0.00150645 4.65676e-05
internal_weight=64014 46400 17614 16145 1469 45905
internal_count=64014 46400 17614 16145 1469 45905
is_linear=0
shrinkage=0.12


Tree=500
num_leaves=7
num_cat=0
split_feature=59 47 59 19 85 63
split_gain=0.105217 0.181728 0.165034 0.285058 0.151914 0.112486
threshold=6.6878423690795907 0.032593149691820152 6.2129852771759042 0.2651041597127915 0.37500000000000006 10.36911201477051
decision_type=2 2 2 2 2 2
left_child=2 -2 5 -4 -3 -1
right_child=1 4 3 -5 -6 -7
leaf_value=5.6517841839035359e-05 0.0026114185656000229 0.00014184676616483833 -0.00070051953530453728 0.003678912788282068 -0.00067074196186611191 0.00088058720836607597
leaf_weight=46576 313 5912 380 490 7536 2514
leaf_count=46576 313 5912 380 490 7536 2514
internal_value=4.68276e-05 -0.000246983 0.000127755 0.00176606 -0.000313512 9.87201e-05
internal_weight=63721 13761 49960 870 13448 49090
internal_count=63721 13761 49960 870 13448 49090
is_linear=0
shrinkage=0.12


Tree=501
num_leaves=7
num_cat=0
split_feature=59 47 59 66 47 28
split_gain=0.0814797 0.14073 0.127803 0.239501 0.126249 0.0984744
threshold=6.6878423690795907 0.032593149691820152 6.2129852771759042 11.126562595367433 0.108419056981802 122.94383621215822
decision_type=2 2 2 2 2 2
left_child=2 -2 5 -4 -3 -1
right_child=1 4 3 -5 -6 -7
leaf_value=5.7338452497429221e-05 0.0022980484175986757 -0.00074763676136291042 0.0041838426899593849 4.6682367707597631e-05 1.0675391379716178e-05 0.0010649033789038151
leaf_weight=47651 313 5082 317 553 8366 1439
leaf_count=47651 313 5082 317 553 8366 1439
internal_value=4.12083e-05 -0.000217345 0.000112424 0.00155413 -0.000275891 8.68737e-05
internal_weight=63721 13761 49960 870 13448 49090
internal_count=63721 13761 49960 870 13448 49090
is_linear=0
shrinkage=0.12


Tree=502
num_leaves=7
num_cat=0
split_feature=2 88 78 54 51 12
split_gain=0.0637132 0.258828 0.784866 0.220512 0.153902 0.150174
threshold=296.63999938964849 0.74529999494552623 1.0000000180025095e-35 0.2094497084617615 0.13626256585121158 2.3463000059127812
decision_type=2 2 2 2 2 2
left_child=3 5 -3 4 -1 -2
right_child=1 2 -4 -5 -6 -7
leaf_value=-0.00010351989007104857 0.0015529883828579035 -0.0020138636860502078 0.0021235102753026903 0.0024311342334850327 0.00037341053001452762 -2.236021878016744e-05
leaf_weight=23726 915 2821 862 589 16532 18276
leaf_count=23726 915 2821 862 589 16532 18276
internal_value=3.62633e-05 -0.000124085 -0.00104552 0.000126057 9.23322e-05 5.27502e-05
internal_weight=63721 22874 3683 40847 40258 19191
internal_count=63721 22874 3683 40847 40258 19191
is_linear=0
shrinkage=0.12


Tree=503
num_leaves=8
num_cat=0
split_feature=59 61 54 29 59 19 61
split_gain=0.0645442 0.123019 0.330736 0.177519 0.0987235 0.221107 0.0890111
threshold=6.6878423690795907 5.2281248569488534 0.20131263136863711 16.092858314514164 6.2129852771759042 0.2651041597127915 3.7031250000000004
decision_type=2 2 2 2 2 2 2
left_child=4 3 -3 -2 6 -6 -1
right_child=1 2 -4 -5 5 -7 -8
leaf_value=0.00016807561560948625 -0.001369798741717223 0.00090902867792281693 -0.0010941271583756052 -0.00014074848173659427 -0.00080993023024731009 0.0030470898808859174 -0.00020132548821980592
leaf_weight=36434 2352 3607 1769 6033 380 490 12656
leaf_count=36434 2352 3607 1769 6033 380 490 12656
internal_value=3.19117e-05 -0.000198208 0.00024988 -0.000485498 9.52961e-05 0.00136241 7.28395e-05
internal_weight=63721 13761 5376 8385 49960 870 49090
internal_count=63721 13761 5376 8385 49960 870 49090
is_linear=0
shrinkage=0.12


Tree=504
num_leaves=8
num_cat=0
split_feature=72 49 85 78 33 76 31
split_gain=0.0614598 0.146591 0.14306 0.125819 0.583601 0.524208 0.0792351
threshold=1.7812500000000002 0.69062501192092907 0.37500000000000006 1.0000000180025095e-35 0.32566010951995855 0.98080673813819896 0.58437499403953563
decision_type=2 2 2 2 2 2 2
left_child=3 2 -2 5 -5 -1 -3
right_child=1 6 -4 4 -6 -7 -8
leaf_value=-0.0013610502568441119 -0.00022278709951969027 -0.00020571471479294393 0.0031687748493810356 0.0036629046868942258 -0.0023424021474837261 0.0035041544553269105 0.00011721182561447713
leaf_weight=2735 309 14515 426 488 446 361 44441
leaf_count=2735 309 14515 426 488 446 361 44441
internal_value=2.80823e-05 5.87043e-05 0.00174293 -0.000425481 0.000795274 -0.000793757 3.77071e-05
internal_weight=63721 59691 735 4030 934 3096 58956
internal_count=63721 59691 735 4030 934 3096 58956
is_linear=0
shrinkage=0.12


Tree=505
num_leaves=8
num_cat=0
split_feature=55 51 53 51 57 84 63
split_gain=0.0634613 0.229199 0.476304 0.227912 0.150172 0.128194 0.103236
threshold=0.19413033872842791 0.28654704988002783 2.5468750000000004 0.25410956144332891 13.212500095367433 1.0000000180025095e-35 1.5459875464439394
decision_type=2 2 2 2 2 2 2
left_child=4 3 -3 -2 6 -6 -1
right_child=1 2 -4 -5 5 -7 -8
leaf_value=1.2261722331630356e-05 -0.00022348748683879188 0.00027715546715521654 0.0053684130089256196 -0.0025884420904120106 -0.0003842763164262639 -0.0028484103645667665 0.00037892348039152986
leaf_weight=26936 13725 1878 308 613 1160 412 18758
leaf_count=26936 13725 1878 308 613 1160 412 18758
internal_value=5.23391e-05 -0.000150091 0.000994496 -0.000324598 0.000123108 -0.00103009 0.000162781
internal_weight=63790 16524 2186 14338 47266 1572 45694
internal_count=63790 16524 2186 14338 47266 1572 45694
is_linear=0
shrinkage=0.12


Tree=506
num_leaves=5
num_cat=0
split_feature=62 50 50 66
split_gain=0.0545576 0.0488187 0.298102 0.208965
threshold=-76.322326660156236 0.088517595082521452 0.093769513070583357 11.544791698455812
decision_type=2 2 2 2
left_child=-1 3 -3 -2
right_child=1 2 -4 -5
leaf_value=-0.0012165933378248625 0.00039833889099517345 -0.0029287986459774159 2.0727036605680658e-05 -0.00068249858745932936
leaf_weight=489 15530 499 44184 3088
leaf_count=489 15530 499 44184 3088
internal_value=4.60584e-05 5.58124e-05 -1.2212e-05 0.00021907
internal_weight=63790 63301 44683 18618
internal_count=63790 63301 44683 18618
is_linear=0
shrinkage=0.12


Tree=507
num_leaves=7
num_cat=0
split_feature=41 28 20 20 51 24
split_gain=0.0490622 0.207797 0.157453 0.0924387 0.0884156 0.0596229
threshold=0.38894875347614294 50.099615097045906 22.232343673706058 2.4588767886161809 0.1098310984671116 14.235174655914308
decision_type=2 2 2 2 2 2
left_child=3 4 -3 -1 -2 -5
right_child=1 2 -4 5 -6 -7
leaf_value=0.0019185608792344321 -0.00073865723137323609 0.002508686935214932 -0.00024916734088453751 7.8312968123234037e-05 -0.0034688872791140326 -0.00057829472080743352
leaf_weight=386 307 332 2920 57397 385 2063
leaf_count=386 307 332 2920 57397 385 2063
internal_value=4.05314e-05 -0.000369415 3.23848e-05 6.75479e-05 -0.00225764 5.55316e-05
internal_weight=63790 3944 3252 59846 692 59460
internal_count=63790 3944 3252 59846 692 59460
is_linear=0
shrinkage=0.12


Tree=508
num_leaves=4
num_cat=0
split_feature=32 32 59
split_gain=0.0470014 0.0449703 0.0469872
threshold=158.59754943847659 147.53260803222659 19999995.000000004
decision_type=2 2 2
left_child=1 2 -1
right_child=-2 -3 -4
leaf_value=2.723849006446683e-05 0.0014597473709797768 -0.0012767545521418222 0.0012551397494472093
leaf_weight=62628 332 378 452
leaf_count=62628 332 378 452
internal_value=3.56676e-05 2.82171e-05 3.6037e-05
internal_weight=63790 63458 63080
internal_count=63790 63458 63080
is_linear=0
shrinkage=0.12


Tree=509
num_leaves=8
num_cat=0
split_feature=55 66 51 51 57 28 61
split_gain=0.0472843 0.187588 0.252435 0.222872 0.114643 0.112573 0.101271
threshold=0.19413033872842791 4.8093750476837167 0.28654704988002783 0.13922533392906192 13.212500095367433 85.753326416015639 20.843750000000004
decision_type=2 2 2 2 2 2 2
left_child=4 3 -3 -2 6 -6 -1
right_child=1 2 -4 -5 5 -7 -8
leaf_value=0.00010989018757629677 -3.4617308688960099e-05 -0.00019505070705941609 0.0012768882171411606 -0.0027098131500970851 -0.0015732639080634704 0.00065170307074403097 0.001977483690714947
leaf_weight=45272 948 12794 1931 851 1107 465 422
leaf_count=45272 948 12794 1931 851 1107 465 422
internal_value=3.13875e-05 -0.000143348 -2.02429e-06 -0.00130009 9.24742e-05 -0.000915115 0.000127138
internal_weight=63790 16524 14725 1799 47266 1572 45694
internal_count=63790 16524 14725 1799 47266 1572 45694
is_linear=0
shrinkage=0.12


Tree=510
num_leaves=5
num_cat=0
split_feature=14 5 13 49
split_gain=0.0633163 0.203127 0.111595 0.0764787
threshold=-1.8560000061988828 2.4912500381469731 0.70034998655319225 1.3031249642372134
decision_type=2 2 2 2
left_child=1 -1 -2 -4
right_child=2 -3 3 -5
leaf_value=-0.00069475152423315533 -0.0021904710036360379 0.0032359990761696555 0.00019780997387324817 -9.6531909430867365e-05
leaf_weight=421 341 344 17685 45201
leaf_count=421 341 344 17685 45201
internal_value=-1.2366e-05 0.0010728 -2.54958e-05 -1.37562e-05
internal_weight=63992 765 63227 62886
internal_count=63992 765 63227 62886
is_linear=0
shrinkage=0.12


Tree=511
num_leaves=7
num_cat=0
split_feature=24 62 24 53 58 88
split_gain=0.0488039 0.240721 0.220988 0.113423 0.263159 0.0838606
threshold=12.354086875915529 -51.485525131225579 12.530689716339113 2.6781250238418584 -0.30713793635368342 1.0072143077850344
decision_type=2 2 2 2 2 2
left_child=3 -2 -3 5 -5 -1
right_child=1 2 -4 4 -6 -7
leaf_value=0.00010005355290911342 0.0028087492962716597 0.001629307024583807 -4.8343510651332717e-05 -0.0014067392321616148 0.0017797394747736351 -0.00023403400617309081
leaf_weight=28532 484 1232 13744 2119 453 17428
leaf_count=28532 484 1232 13744 2119 453 17428
internal_value=-1.08821e-05 0.000174794 8.96683e-05 -7.00296e-05 -0.000845513 -2.66322e-05
internal_weight=63992 15460 14976 48532 2572 45960
internal_count=63992 15460 14976 48532 2572 45960
is_linear=0
shrinkage=0.12


Tree=512
num_leaves=8
num_cat=0
split_feature=61 87 50 2 61 58 14
split_gain=0.0526577 0.162306 0.222779 0.162798 0.159565 0.218873 0.0700195
threshold=10.112499713897707 1.0000000180025095e-35 0.2890752404928208 169.28499603271487 9.3093748092651385 -4.1513566970825186 6.6367499828338632
decision_type=2 2 2 2 2 2 2
left_child=4 3 -3 -2 6 -6 -1
right_child=1 2 -4 -5 5 -7 -8
leaf_value=-7.7377468648627177e-05 -0.001604877975298024 -0.0023891516177415866 0.00031387060289060588 0.00032656855591072577 -0.00063987580523826174 0.0030403145548186538 0.0002286203911181328
leaf_weight=41824 741 1084 738 4136 390 577 14502
leaf_count=41824 741 1084 738 4136 390 577 14502
internal_value=-9.57625e-06 -0.000327919 -0.00129429 3.31091e-05 2.76461e-05 0.00155606 1.40641e-06
internal_weight=63992 6699 1822 4877 57293 967 56326
internal_count=63992 6699 1822 4877 57293 967 56326
is_linear=0
shrinkage=0.12


Tree=513
num_leaves=7
num_cat=0
split_feature=2 76 47 29 34 15
split_gain=0.0527835 0.381104 0.330584 0.0518409 0.209533 0.0770944
threshold=112.12500000000001 0.31037074327468878 0.14611424505710605 -64.862651824951158 1.3075285553932192 -0.22775550186634061
decision_type=2 2 2 2 2 2
left_child=1 -1 -3 4 -2 -5
right_child=3 2 -4 5 -6 -7
leaf_value=-0.0028725674709930899 0.00016881509672125045 0.0033762801731929784 -0.00022738506937071296 0.001405866511596907 -0.0035365643392051786 -2.517841968884919e-05
leaf_weight=360 807 698 772 547 302 60506
leaf_count=360 807 698 772 547 302 60506
internal_value=-8.4271e-06 0.000626764 0.00148374 -2.71266e-05 -0.000840224 -1.23571e-05
internal_weight=63992 1830 1470 62162 1109 61053
internal_count=63992 1830 1470 62162 1109 61053
is_linear=0
shrinkage=0.12


Tree=514
num_leaves=8
num_cat=0
split_feature=49 63 55 47 49 47 47
split_gain=0.0478439 0.184974 0.32572 0.174168 0.129399 0.28812 0.104929
threshold=1.3031249642372134 13.785513877868654 0.11525653302669527 0.17528157681226733 1.3968749642372134 0.10231543332338335 0.099129147827625289
decision_type=2 2 2 2 2 2 2
left_child=1 3 -3 -1 5 -2 -6
right_child=4 2 -4 -5 6 -7 -8
leaf_value=-0.00024832663021771801 -0.0016336061101991089 -0.00053988586766423564 0.0023684490940888551 0.00062467682246597662 0.00027765356960388938 1.5952738276404135e-05 -0.00013339726284885138
leaf_weight=11047 2341 945 1342 4687 13779 4373 25478
leaf_count=11047 2341 945 1342 4687 13779 4373 25478
internal_value=-7.41585e-06 0.000158308 0.00116671 1.17323e-05 -7.23808e-05 -0.000559206 1.08794e-05
internal_weight=63992 18021 2287 15734 45971 6714 39257
internal_count=63992 18021 2287 15734 45971 6714 39257
is_linear=0
shrinkage=0.12


Tree=515
num_leaves=8
num_cat=0
split_feature=45 69 69 76 58 8 55
split_gain=0.0630366 0.294026 0.617146 0.189728 0.0974168 0.217204 0.084395
threshold=0.96562498807907116 3.5000000000000004 2.5000000000000004 0.62099444866180431 -75.215950012207017 6.1984210014343271 0.35756517946720129
decision_type=2 2 2 2 2 2 2
left_child=4 2 -2 -3 5 -1 -6
right_child=1 3 -4 -5 6 -7 -8
leaf_value=-0.0036286549799011219 -0.0014719777440697142 1.52683141343449e-05 0.0061122452347421819 -0.0010179889327245496 6.0376657325389567e-05 0.00082411842084529545 0.00067524938954449892
leaf_weight=315 309 6859 309 4082 48231 316 3444
leaf_count=315 309 6859 309 4082 48231 316 3444
internal_value=2.72155e-05 -0.000226392 0.00232013 -0.000370232 8.32597e-05 -0.00139874 0.000101356
internal_weight=63865 11559 618 10941 52306 631 51675
internal_count=63865 11559 618 10941 52306 631 51675
is_linear=0
shrinkage=0.12


Tree=516
num_leaves=8
num_cat=0
split_feature=51 16 6 53 34 58 80
split_gain=0.067931 0.181799 0.238305 0.14486 0.1119 0.305959 0.104977
threshold=0.32174608111381536 12.770419120788576 5.0970499515533456 2.0781250000000004 1.1076857447624209 0.57754147052764904 1.0000000180025095e-35
decision_type=2 2 2 2 2 2 2
left_child=4 2 -2 -3 6 -6 -1
right_child=1 3 -4 -5 5 -7 -8
leaf_value=8.1101709003211049e-06 -0.0015196692287703581 0.0028638059294741973 0.00022639988965587291 0.00011399786916755432 0.00021619567328044504 0.0025348774362907015 -0.00097861258224718559
leaf_weight=42853 2505 367 2044 1111 12497 877 1611
leaf_count=42853 2505 367 2044 1111 12497 877 1611
internal_value=2.39496e-05 -0.000359439 -0.000735109 0.000796799 6.39006e-05 0.000368243 -2.76403e-05
internal_weight=63865 6027 4549 1478 57838 13374 44464
internal_count=63865 6027 4549 1478 57838 13374 44464
is_linear=0
shrinkage=0.12


Tree=517
num_leaves=8
num_cat=0
split_feature=51 34 66 33 2 6 34
split_gain=0.0526057 0.163094 0.411255 0.19626 0.0868055 0.217688 0.20867
threshold=0.32174608111381536 1.1162143349647524 11.482291698455812 0.2155721113085747 193.89499664306643 7.5614500045776376 1.0757571458816531
decision_type=2 2 2 2 2 2 2
left_child=4 3 -3 -2 5 -1 -6
right_child=1 2 -4 -5 6 -7 -8
leaf_value=0.0004835496185313564 0.002798692683613024 -0.00016533696968882547 -0.004428008042244861 -0.00017106344188230242 9.9947657002970562e-06 -0.00088583420094823847 -0.001771150403291479
leaf_weight=12924 348 1182 450 4047 42025 1920 969
leaf_count=12924 348 1182 450 4047 42025 1920 969
internal_value=2.10757e-05 -0.000316307 -0.00134071 6.40845e-05 5.62326e-05 0.000306426 -3.01487e-05
internal_weight=63865 6027 1632 4395 57838 14844 42994
internal_count=63865 6027 1632 4395 57838 14844 42994
is_linear=0
shrinkage=0.12


Tree=518
num_leaves=8
num_cat=0
split_feature=72 66 63 61 20 2 20
split_gain=0.0522718 0.248707 0.389389 0.219896 0.1971 0.45973 0.177274
threshold=9.6156249046325701 8.1531248092651385 0.65258407592773449 2.0968749523162846 22.642156600952152 183.70500183105472 23.282489776611332
decision_type=2 2 2 2 2 2 2
left_child=1 3 -3 -1 5 -2 -6
right_child=4 2 -4 -5 6 -7 -8
leaf_value=-4.4555429710745532e-05 0.0025972369905958867 3.4320775114159479e-05 -0.0024069896691743782 0.001699520026288859 -0.0016184579492760066 9.9222701468395773e-05 4.5859872339013825e-05
leaf_weight=20742 1462 2214 1636 1096 949 3867 31899
leaf_count=20742 1462 2214 1636 1096 949 3867 31899
internal_value=1.85466e-05 -0.000113802 -0.00100308 4.29758e-05 0.000107599 0.000784548 -2.22335e-06
internal_weight=63865 25688 3850 21838 38177 5329 32848
internal_count=63865 25688 3850 21838 38177 5329 32848
is_linear=0
shrinkage=0.12


Tree=519
num_leaves=7
num_cat=0
split_feature=34 59 45 76 47 13
split_gain=0.0497238 0.0641188 0.0545804 0.0357163 0.0216217 0.0114631
threshold=0.44947500526905065 19999995.000000004 0.96562498807907116 0.25703568756580358 0.14841303229331973 6.30900001525879
decision_type=2 2 2 2 2 2
left_child=3 2 -2 4 -1 -5
right_child=1 -3 -4 5 -6 -7
leaf_value=0.00018375193754706294 8.2139698300489204e-05 0.0016959688162642341 -0.00021268047619310513 -0.001599292526450712 -0.00065700467144938143 -0.00066379424185080489
leaf_weight=945 49954 334 11041 430 825 336
leaf_count=945 49954 334 11041 430 825 336
internal_value=1.6321e-05 3.78525e-05 2.87729e-05 -0.000504382 -0.000208126 -0.00118894
internal_weight=63865 61329 60995 2536 1770 766
internal_count=63865 61329 60995 2536 1770 766
is_linear=0
shrinkage=0.12


Tree=520
num_leaves=6
num_cat=0
split_feature=46 2 29 29 47
split_gain=0.0725607 0.241465 0.397654 0.150306 0.123037
threshold=0.21602907776832583 247.01999664306643 7.2100963592529306 9.2698783874511737 0.36349463462829595
decision_type=2 2 2 2 2
left_child=1 2 -1 -2 -5
right_child=3 -3 -4 4 -6
leaf_value=0.00016551469906413155 -0.0022804956705416162 -0.0025995034821964819 0.0027051167307252408 2.3889052955651916e-05 -0.00069495635174263105
leaf_weight=14213 432 418 947 44060 3718
leaf_count=14213 432 418 947 44060 3718
internal_value=2.05547e-05 0.000245706 0.000324156 -5.21981e-05 -3.20502e-05
internal_weight=63788 15578 15160 48210 47778
internal_count=63788 15578 15160 48210 47778
is_linear=0
shrinkage=0.12


Tree=521
num_leaves=8
num_cat=0
split_feature=88 84 46 22 6 5 0
split_gain=0.0623852 0.260909 0.415408 0.347668 0.06861 0.186056 0.0766653
threshold=1.1628428101539614 1.0000000180025095e-35 0.088176939636468901 1.4914833307266238 8.6476001739501971 2.413850069046021 51.081350326538093
decision_type=2 2 2 2 2 2 2
left_child=4 3 -3 -2 6 -6 -1
right_child=1 2 -4 -5 5 -7 -8
leaf_value=-0.00015728511316229584 -0.00086638603251637991 -0.00084601085887243239 0.0021697183382068681 0.00079005922641187977 -0.00020904785980238998 0.0028006596823843813 0.00015310775989405123
leaf_weight=35065 3946 960 2089 3394 863 450 17021
leaf_count=35065 3946 960 2089 3394 863 450 17021
internal_value=1.80881e-05 0.000287138 0.00122019 -0.000100449 -3.42566e-05 0.000822459 -5.58529e-05
internal_weight=63788 10389 3049 7340 53399 1313 52086
internal_count=63788 10389 3049 7340 53399 1313 52086
is_linear=0
shrinkage=0.12


Tree=522
num_leaves=8
num_cat=0
split_feature=2 34 78 72 69 5 78
split_gain=0.0559342 0.175331 0.653655 0.164183 0.355756 0.163975 0.160306
threshold=295.41000366210943 0.74867141246795665 1.0000000180025095e-35 3.0406249761581425 28.500000000000004 2.2034499645233159 1.0000000180025095e-35
decision_type=2 2 2 2 2 2 2
left_child=3 5 -3 6 -5 -2 -1
right_child=1 2 -4 4 -6 -7 -8
leaf_value=-0.00091122598505072468 -6.5437052590518587e-05 -0.0017773219053818718 0.0020316232106401978 0.00015335604998103675 0.0038740443078586883 0.0016153533949583238 0.00065972557945231708
leaf_weight=3895 18667 2805 844 35097 374 875 1231
leaf_count=3895 18667 2805 844 35097 374 875 1231
internal_value=1.59176e-05 -0.000132757 -0.000896327 0.000100848 0.000192586 9.82094e-06 -0.000533965
internal_weight=63788 23191 3649 40597 35471 19542 5126
internal_count=63788 23191 3649 40597 35471 19542 5126
is_linear=0
shrinkage=0.12


Tree=523
num_leaves=7
num_cat=0
split_feature=29 55 75 61 61 1
split_gain=0.045314 0.226852 0.302506 0.0660629 0.325672 0.154914
threshold=-70.521247863769517 0.1648470610380173 3.5000000000000004 6.0593750476837167 5.2281248569488534 15.34785032272339
decision_type=2 2 2 2 2 2
left_child=1 2 -1 4 -2 -5
right_child=3 -3 -4 5 -6 -7
leaf_value=0.00098248901773263005 -9.4240631191700135e-07 0.0025850665553025952 -0.0034947428128157655 -9.1775818393090399e-06 0.0015759063676372993 -0.00096877365727489708
leaf_weight=691 46967 561 317 10100 1965 3187
leaf_count=691 46967 561 317 10100 1965 3187
internal_value=1.40075e-05 0.000650917 -0.000425529 -2.05373e-06 6.23803e-05 -0.000239345
internal_weight=63788 1569 1008 62219 48932 13287
internal_count=63788 1569 1008 62219 48932 13287
is_linear=0
shrinkage=0.12


Tree=524
num_leaves=8
num_cat=0
split_feature=2 34 78 82 57 86 63
split_gain=0.0431786 0.179278 0.614872 0.141355 0.129298 0.240673 0.133166
threshold=299.19500732421881 0.74867141246795665 1.0000000180025095e-35 1.0000000180025095e-35 11.11562490463257 1.0000000180025095e-35 4.9421250820159921
decision_type=2 2 2 2 2 2 2
left_child=4 3 -3 -2 6 -6 -1
right_child=1 2 -4 -5 5 -7 -8
leaf_value=-9.3355974134919136e-05 -0.00015044928084529294 -0.0019618100418110586 0.0022282454880764909 0.0006647617344198506 0.0025057651386313482 -0.00018923001126597584 0.00040769130726600849
leaf_weight=29099 15739 2215 653 3803 881 1041 10357
leaf_count=29099 15739 2215 653 3803 881 1041 10357
internal_value=1.23266e-05 -0.000121829 -0.0010078 8.19607e-06 8.49844e-05 0.00104609 3.81664e-05
internal_weight=63788 22410 2868 19542 41378 1922 39456
internal_count=63788 22410 2868 19542 41378 1922 39456
is_linear=0
shrinkage=0.12


Tree=525
num_leaves=8
num_cat=0
split_feature=33 50 41 50 33 54 55
split_gain=0.0854083 0.392268 0.480308 0.340874 0.0765647 0.275284 0.100104
threshold=0.17916322499513629 -0.0065713920630514613 0.10028455778956415 -0.015612306073307989 0.18589840829372409 -0.12698950618505475 0.5616842806339265
decision_type=2 2 2 2 2 2 2
left_child=1 3 -3 -1 5 -2 -6
right_child=4 2 -4 -5 6 -7 -8
leaf_value=-0.00015658930170039492 -0.0015367494212481581 -0.00026319539129115527 -0.004197436056170966 0.0037410385969156327 -2.3810727233705355e-05 0.0031255298460823263 0.001194813412200645
leaf_weight=4694 309 1048 779 347 55344 445 988
leaf_count=4694 309 1048 779 347 55344 445 988
internal_value=-3.44595e-05 -0.000434263 -0.00194068 0.000111706 1.36408e-05 0.00121486 -2.43743e-06
internal_weight=63954 6868 1827 5041 57086 754 56332
internal_count=63954 6868 1827 5041 57086 754 56332
is_linear=0
shrinkage=0.12


Tree=526
num_leaves=8
num_cat=0
split_feature=33 50 57 78 34 47 50
split_gain=0.0661402 0.303772 0.395763 0.31362 0.0602948 0.307885 0.0637194
threshold=0.17916322499513629 -0.0065713920630514613 1.8687499761581423 1.0000000180025095e-35 1.1886000037193301 0.21175795793533328 0.14233871549367907
decision_type=2 2 2 2 2 2 2
left_child=1 3 -3 -1 6 -6 -2
right_child=4 2 -4 -5 5 -7 -8
leaf_value=0.00062705770928249524 -0.00023604599778042043 -0.00017141633253777398 -0.0037380974869988927 -0.0015960123021993707 8.2547984402434223e-05 0.0039945516708128296 6.1112832145877928e-05
leaf_weight=3842 13983 1040 787 1199 2322 331 40450
leaf_count=3842 13983 1040 787 1199 2322 331 40450
internal_value=-3.03243e-05 -0.000382152 -0.0017078 9.83013e-05 1.20039e-05 0.000570627 -1.52227e-05
internal_weight=63954 6868 1827 5041 57086 2653 54433
internal_count=63954 6868 1827 5041 57086 2653 54433
is_linear=0
shrinkage=0.12


Tree=527
num_leaves=8
num_cat=0
split_feature=33 50 41 50 33 65 55
split_gain=0.051219 0.235241 0.366938 0.272039 0.0584861 0.255742 0.076956
threshold=0.17916322499513629 -0.0065713920630514613 0.10028455778956415 -0.018408928066492077 0.18589840829372409 33.500000000000007 0.5616842806339265
decision_type=2 2 2 2 2 2 2
left_child=1 3 -3 -1 5 -2 -6
right_child=4 2 -4 -5 6 -7 -8
leaf_value=-0.0001861026887037022 -0.0013782635898096486 -3.6655783041870555e-05 -0.0034753809312573097 0.0029371160389643838 -2.2228900408103466e-05 0.0030632237194990063 0.0010462511934109517
leaf_weight=4601 340 1048 779 440 55344 414 988
leaf_count=4601 340 1048 779 440 55344 414 988
internal_value=-2.66854e-05 -0.000336294 -0.00150287 8.65052e-05 1.05634e-05 0.00106043 -3.48896e-06
internal_weight=63954 6868 1827 5041 57086 754 56332
internal_count=63954 6868 1827 5041 57086 754 56332
is_linear=0
shrinkage=0.12


Tree=528
num_leaves=8
num_cat=0
split_feature=23 46 54 16 57 15 33
split_gain=0.0450691 0.17831 0.381366 0.157988 0.331709 0.178266 0.112735
threshold=6.6835665702819833 0.12479255720973016 -0.2094110772013664 11.425387382507326 7.3656251430511483 9.2956438064575213 0.24279784411191943
decision_type=2 2 2 2 2 2 2
left_child=3 2 -2 5 -5 -1 -3
right_child=1 6 -4 4 -6 -7 -8
leaf_value=2.9879396010851918e-05 0.00010232070142160573 0.00049324072059593745 -0.0040310859768767169 0.00033640569809992906 0.0045502090223125315 -0.0026167804599657803 -0.00020268834193826269
leaf_weight=38377 834 4114 523 1303 339 370 18094
leaf_count=38377 834 4114 523 1303 339 370 18094
internal_value=-2.34832e-05 -0.000155365 -0.00149073 5.34633e-05 0.00120637 4.60611e-06 -7.37685e-05
internal_weight=63954 23565 1357 40389 1642 38747 22208
internal_count=63954 23565 1357 40389 1642 38747 22208
is_linear=0
shrinkage=0.12


Tree=529
num_leaves=7
num_cat=0
split_feature=61 2 2 61 47 61
split_gain=0.0463131 0.158454 0.202003 0.0852272 0.134549 0.0872822
threshold=18.003125190734867 182.93000030517581 234.94499969482425 15.793750286102297 0.1354092285037041 14.828125000000002
decision_type=2 2 2 2 2 2
left_child=3 -2 -3 5 -5 -1
right_child=1 2 -4 4 -6 -7
leaf_value=-6.3174478765007874e-06 -0.0028143049436248836 0.0027294417331460859 -0.00074738238421978641 -0.00039407891436904708 0.0028138458314306961 -0.0017102424698399055
leaf_weight=60873 375 300 1216 364 390 436
leaf_count=60873 375 300 1216 364 390 436
internal_value=-2.06652e-05 -0.000605684 -5.93565e-05 -2.84022e-06 0.00126519 -1.84349e-05
internal_weight=63954 1891 1516 62063 754 61309
internal_count=63954 1891 1516 62063 754 61309
is_linear=0
shrinkage=0.12


Tree=530
num_leaves=8
num_cat=0
split_feature=59 61 82 85 19 50 13
split_gain=0.072303 0.213618 0.165538 0.0710743 0.0657148 0.214394 0.0743904
threshold=-0.12402901053428649 3.9593750238418584 1.0000000180025095e-35 0.62500000000000011 0.24010416120290759 0.23421219736337665 2.2964999675750737
decision_type=2 2 2 2 2 2 2
left_child=1 2 -1 -3 5 -2 -6
right_child=4 3 -4 -5 6 -7 -8
leaf_value=0.00083155066721435442 -0.00074638563225721839 -0.0022073131660428477 0.0040135339229524251 0.00016994351850773551 -0.00044783854660927812 0.00024341474999745139 5.341034978637687e-05
leaf_weight=950 6999 346 313 380 4717 5732 44353
leaf_count=950 6999 346 313 380 4717 5732 44353
internal_value=-3.4883e-05 0.000677254 0.00162012 -0.000963019 -5.78024e-05 -0.000300738 5.22631e-06
internal_weight=63790 1989 1263 726 61801 12731 49070
internal_count=63790 1989 1263 726 61801 12731 49070
is_linear=0
shrinkage=0.12


Tree=531
num_leaves=8
num_cat=0
split_feature=59 0 53 76 69 66 54
split_gain=0.0559914 0.198073 0.301123 0.115906 0.0591786 0.334858 0.140589
threshold=-0.12402901053428649 28.002799987792972 2.2843749523162846 0.29803197085857397 30.500000000000004 3.3437500000000004 -0.31697525084018702
decision_type=2 2 2 2 2 2 2
left_child=1 3 -3 -1 6 -6 -2
right_child=4 2 -4 -5 5 -7 -8
leaf_value=0.00063003879229072345 0.0020622595826897492 0.003824101779053137 -0.00044875495443772308 -0.0019171364081097988 3.4954875813070719e-05 0.00300456496384424 -0.0001137829565471307
leaf_weight=553 431 512 443 481 7467 590 53313
leaf_count=553 431 512 443 481 7467 590 53313
internal_value=-3.06971e-05 0.000595983 0.00184203 -0.000554866 -5.08661e-05 0.000252414 -9.63322e-05
internal_weight=63790 1989 955 1034 61801 8057 53744
internal_count=63790 1989 955 1034 61801 8057 53744
is_linear=0
shrinkage=0.12


Tree=532
num_leaves=6
num_cat=0
split_feature=19 53 47 22 57
split_gain=0.0527065 0.0890201 0.0564959 0.175372 0.0501884
threshold=0.49062500894069677 2.1218750476837163 0.64250540733337413 2.7244125604629521 11.306250095367433
decision_type=2 2 2 2 2
left_child=2 -2 4 -4 -1
right_child=1 -3 3 -5 -6
leaf_value=-7.6047124621652813e-05 0.002227768614408938 -0.0002862413650246016 0.0029310895944123561 -0.00094808804877281471 0.00041567951284461271
leaf_weight=59158 394 418 347 325 3148
leaf_count=59158 394 418 347 325 3148
internal_value=-2.70134e-05 0.000933611 -3.93991e-05 0.001055 -5.12027e-05
internal_weight=63790 812 62978 672 62306
internal_count=63790 812 62978 672 62306
is_linear=0
shrinkage=0.12


Tree=533
num_leaves=8
num_cat=0
split_feature=13 69 86 33 16 29 2
split_gain=0.0495796 0.16786 0.538755 0.162235 0.144123 0.349215 0.098443
threshold=7.1066000461578378 19.500000000000004 1.0000000180025095e-35 0.13559515029191974 11.425387382507326 -48.057653427124016 189.66999816894534
decision_type=2 2 2 2 2 2 2
left_child=4 3 -3 -2 6 -6 -1
right_child=1 2 -4 -5 5 -7 -8
leaf_value=-0.00031680163049335622 -0.0016398076956510043 0.0039308618447441018 -0.00093062006023057276 -0.00017167773616374806 0.0046914797074250163 0.00038548191878824998 0.00011366378285970748
leaf_weight=10399 1147 570 774 19693 315 1951 28941
leaf_count=10399 1147 570 774 19693 315 1951 28941
internal_value=-2.37718e-05 -0.000168654 0.00113117 -0.000252481 5.34782e-05 0.000984065 -1.23961e-07
internal_weight=63790 22184 1344 20840 41606 2266 39340
internal_count=63790 22184 1344 20840 41606 2266 39340
is_linear=0
shrinkage=0.12


Tree=534
num_leaves=8
num_cat=0
split_feature=59 61 0 1 61 61 61
split_gain=0.0418808 0.164793 0.136901 0.0618188 0.052923 0.242323 0.228497
threshold=-0.12402901053428649 3.9593750238418584 32.140750885009773 16.704800605773929 4.8218748569488534 3.6656249761581425 6.0593750476837167
decision_type=2 2 2 2 2 2 2
left_child=1 2 -1 -3 5 -2 -6
right_child=4 3 -4 -5 6 -7 -8
leaf_value=0.00019607286707650396 -2.6644858154495399e-05 -0.0018944605287965479 0.002702793719069856 0.00033817909351859996 0.0011135783868552254 -0.0010892155165073884 -6.3974961433633953e-05
leaf_weight=682 42493 409 581 317 2899 3333 13076
leaf_count=682 42493 409 581 317 2899 3333 13076
internal_value=-2.09192e-05 0.000521073 0.0013492 -0.000919603 -3.83626e-05 -0.000103927 0.000149717
internal_weight=63790 1989 1263 726 61801 45826 15975
internal_count=63790 1989 1263 726 61801 45826 15975
is_linear=0
shrinkage=0.12


Tree=535
num_leaves=7
num_cat=0
split_feature=55 51 1 5 58 22
split_gain=0.07262 0.240847 0.229004 0.0559476 0.284928 0.0707769
threshold=0.50722295045852672 0.09373516216874124 10.746699810028078 3.9988000392913823 -0.83228054642677296 0.33794999122619634
decision_type=2 2 2 2 2 2
left_child=3 -2 -3 5 -5 -1
right_child=1 2 -4 4 -6 -7
leaf_value=-0.0013951476869088681 -0.0027808743844235 -0.0015149175066849617 0.0021120614008704091 -0.001072188367426861 0.0037591878335010735 4.5545625661197857e-05
leaf_weight=495 558 493 510 390 320 61273
leaf_count=495 558 493 510 390 320 61273
internal_value=2.5976e-05 -0.000782467 0.000329309 4.61747e-05 0.00110533 3.40001e-05
internal_weight=64039 1561 1003 62478 710 61768
internal_count=64039 1561 1003 62478 710 61768
is_linear=0
shrinkage=0.12


Tree=536
num_leaves=8
num_cat=0
split_feature=41 24 24 34 19 33 62
split_gain=0.0713854 0.146343 0.351077 0.278236 0.118276 0.287726 0.160174
threshold=0.088684927672147765 12.530689716339113 12.38596296310425 0.79410001635551464 0.26432290673255926 0.12944817543029788 -73.319599151611314
decision_type=2 2 2 2 2 2 2
left_child=1 2 -1 -3 5 -2 -6
right_child=4 3 -4 -5 6 -7 -8
leaf_value=-9.2614021649075427e-05 0.0022410572949145119 0.00034804011464164593 0.0036559830758370678 -0.0016709359297262297 0.0024301806197132266 0.00021260926484390044 -0.00010921115187773898
leaf_weight=14386 1062 1706 369 2319 363 19431 24403
leaf_count=14386 1062 1706 369 2319 363 19431 24403
internal_value=2.28588e-05 -0.000173825 1.13266e-06 -0.000815191 0.000104472 0.000317729 -7.19908e-05
internal_weight=64039 18780 14755 4025 45259 20493 24766
internal_count=64039 18780 14755 4025 45259 20493 24766
is_linear=0
shrinkage=0.12


Tree=537
num_leaves=8
num_cat=0
split_feature=55 41 54 49 66 71 70
split_gain=0.056391 0.232488 0.281565 0.254967 0.0520904 0.194606 0.18809
threshold=0.50722295045852672 0.13391776382923129 0.081819590181112303 1.4656249880790713 9.3390622138977069 38.500000000000007 4.5000000000000009
decision_type=2 2 2 2 2 2 2
left_child=4 3 -3 -2 6 -6 -1
right_child=1 2 -4 -5 5 -7 -8
leaf_value=-0.0015045157264797627 0.00024708717384242581 0.0027980458654007774 -0.0017901655999518443 -0.0041150761708181665 0.001240226828746493 6.0205838259641107e-05 -1.9320452524067922e-05
leaf_weight=1295 350 436 345 430 2134 35352 23697
leaf_count=1295 350 436 345 430 2134 35352 23697
internal_value=2.01158e-05 -0.000692288 0.000771243 -0.0021577 3.7915e-05 0.000127382 -9.62782e-05
internal_weight=64039 1561 781 780 62478 37486 24992
internal_count=64039 1561 781 780 62478 37486 24992
is_linear=0
shrinkage=0.12


Tree=538
num_leaves=8
num_cat=0
split_feature=0 83 46 65 10 81 81
split_gain=0.0582795 0.352001 1.21887 1.21672 0.171642 0.292381 0.191642
threshold=76.639499664306655 0.37500000000000006 0.088176939636468901 3.5000000000000004 2.5000000000000004 1.0000000180025095e-35 1.0000000180025095e-35
decision_type=2 2 2 2 2 2 2
left_child=4 3 -3 -2 6 -6 -1
right_child=1 2 -4 -5 5 -7 -8
leaf_value=5.4099615912040145e-05 0.0072458481175734649 -0.0085435858225801804 -0.0004790074114351044 -0.00018838950925193239 0.00019867891087218517 0.0023156524391822692 -0.00096084892862902962
leaf_weight=47519 335 308 2180 5905 3693 1260 2839
leaf_count=47519 335 308 2180 5905 3693 1260 2839
internal_value=1.77019e-05 -0.000270479 -0.00147736 0.000210724 6.31765e-05 0.000737219 -3.11947e-06
internal_weight=64039 8728 2488 6240 55311 4953 50358
internal_count=64039 8728 2488 6240 55311 4953 50358
is_linear=0
shrinkage=0.12


Tree=539
num_leaves=7
num_cat=0
split_feature=82 34 29 46 15 75
split_gain=0.0546148 0.508323 0.327583 0.317428 0.24752 0.117107
threshold=1.0000000180025095e-35 1.1847285628318789 13.713863849639894 0.088176939636468901 -0.22775550186634061 6.5000000000000009
decision_type=2 2 2 2 2 2
left_child=4 2 -2 -3 -1 -6
right_child=1 3 -4 -5 5 -7
leaf_value=-0.0033758274433977526 -0.0017155666963075055 -0.00010747631162692287 0.00020073532360893198 0.0032852656453526965 4.9016275359395048e-05 -0.00050899486867025056
leaf_weight=318 1500 603 8944 1163 45361 6150
leaf_count=318 1500 603 8944 1163 45361 6150
internal_value=1.55777e-05 0.000243897 -7.449e-05 0.00212682 -3.82104e-05 -1.76058e-05
internal_weight=64039 12210 10444 1766 51829 51511
internal_count=64039 12210 10444 1766 51829 51511
is_linear=0
shrinkage=0.12


Tree=540
num_leaves=7
num_cat=0
split_feature=50 71 50 41 61 29
split_gain=0.097524 0.218188 0.183805 0.146183 0.106426 0.0852362
threshold=0.08650569245219232 153.50000000000003 0.093769513070583357 0.29724846780300146 1.6281250119209292 3.7168354988098149
decision_type=2 2 2 2 2 2
left_child=1 3 4 -1 -2 -4
right_child=2 -3 5 -5 -6 -7
leaf_value=0.0002630863464925258 -0.00069290984714718759 0.0032766744004700476 -0.0010731682889864866 -0.0011041779643996439 -0.0036035354738840116 -4.0411503367958708e-05
leaf_weight=16984 408 332 1182 1206 325 43561
leaf_count=16984 408 332 1182 1206 325 43561
internal_value=-4.03498e-06 0.000228079 -9.8573e-05 0.000172436 -0.00198343 -6.76944e-05
internal_weight=63998 18522 45476 18190 733 44743
internal_count=63998 18522 45476 18190 733 44743
is_linear=0
shrinkage=0.12


Tree=541
num_leaves=8
num_cat=0
split_feature=50 54 54 49 50 55 54
split_gain=0.0755226 0.251568 0.335387 0.228742 0.142338 0.369157 0.0855193
threshold=0.08650569245219232 -0.055901996791362756 -0.034412315115332597 1.6656250357627871 0.093769513070583357 0.12874263525009158 -0.08239636197686194
decision_type=2 2 2 2 2 2 2
left_child=1 3 -3 -1 5 -2 -6
right_child=4 2 -4 -5 6 -7 -8
leaf_value=9.894128664572941e-05 0.0014626781394506923 -0.0028165921139207137 0.00037832409148913775 0.0011387292149015536 -0.00067941336959495709 -0.0040060115210795878 -1.5167247931582046e-05
leaf_weight=12602 303 884 1018 4018 2991 430 41752
leaf_count=12602 303 884 1018 4018 2991 430 41752
internal_value=-3.55079e-06 0.000200709 -0.00110659 0.000350317 -8.67443e-05 -0.00174542 -5.95711e-05
internal_weight=63998 18522 1902 16620 45476 733 44743
internal_count=63998 18522 1902 16620 45476 733 44743
is_linear=0
shrinkage=0.12


Tree=542
num_leaves=8
num_cat=0
split_feature=54 49 76 0 29 84 29
split_gain=0.0543679 0.16253 0.445551 0.148225 0.116055 0.289732 0.159197
threshold=-0.061589958146214478 1.6656250357627871 0.19446172565221789 51.332349777221687 45.677238464355476 1.0000000180025095e-35 60.783304214477546
decision_type=2 2 2 2 2 2 2
left_child=1 3 -3 -1 5 -2 -6
right_child=4 2 -4 -5 6 -7 -8
leaf_value=-0.00031590594898308445 -3.7578098226891503e-05 0.0047413644835533984 0.00043405856753261332 0.00043227693060615794 0.00091277575102728648 -0.0018124853166399124 -6.4923534598994428e-05
leaf_weight=9645 4605 378 4062 6306 2577 1859 34566
leaf_count=9645 4605 378 4062 6306 2577 1859 34566
internal_value=-3.12469e-06 0.000158619 0.000800762 -2.01225e-05 -7.87576e-05 -0.000548029 2.90973e-06
internal_weight=63998 20391 4440 15951 43607 6464 37143
internal_count=63998 20391 4440 15951 43607 6464 37143
is_linear=0
shrinkage=0.12


Tree=543
num_leaves=4
num_cat=0
split_feature=22 24 50
split_gain=0.0537333 0.0620791 0.0510509
threshold=4.0835001468658456 14.488172531127931 0.088517595082521452
decision_type=2 2 2
left_child=1 2 -1
right_child=-2 -3 -4
leaf_value=0.00016391678323668857 -0.0012623473158933202 0.0014256507629692176 -7.2868274112094372e-05
leaf_weight=18592 484 441 44481
leaf_count=18592 484 441 44481
internal_value=-2.74973e-06 6.84887e-06 -3.07125e-06
internal_weight=63998 63514 63073
internal_count=63998 63514 63073
is_linear=0
shrinkage=0.12


Tree=544
num_leaves=7
num_cat=0
split_feature=12 1 70 1 12 87
split_gain=0.0451367 0.259004 0.254977 0.138673 0.195074 0.0989093
threshold=1.9239500164985659 19.741350173950199 1.5000000000000002 19.612750053405765 2.2722500562667851 1.0000000180025095e-35
decision_type=2 2 2 2 2 2
left_child=1 2 -1 5 -5 -2
right_child=3 -3 -4 4 -6 -7
leaf_value=-0.0021411808835787409 0.00010029860519801623 0.0026994946319342495 0.00019874402809320319 -0.0037373798995348397 -0.00052819739382049976 -0.00028492849854846005
leaf_weight=706 33349 566 13372 311 2218 13476
leaf_count=706 33349 566 13372 311 2218 13476
internal_value=-2.41976e-06 0.00018259 8.13987e-05 -5.73146e-05 -0.000922842 -1.05678e-05
internal_weight=63998 14644 14078 49354 2529 46825
internal_count=63998 14644 14078 49354 2529 46825
is_linear=0
shrinkage=0.12


Tree=545
num_leaves=7
num_cat=0
split_feature=34 66 45 34 69 24
split_gain=0.124852 0.245961 0.256602 0.185225 0.150763 0.0857574
threshold=1.2009857296943667 11.673958301544191 0.48437500000000006 1.1886000037193301 8.5000000000000018 1.4552178382873537
decision_type=2 2 2 2 2 2
left_child=3 2 -2 5 -5 -1
right_child=1 -3 -4 4 -6 -7
leaf_value=0.0017300613891270058 -0.0018149048129969577 0.0019317164413988608 -0.00020466988574346944 0.0034187441749827592 -8.1148246524505091e-05 2.8775217465868916e-05
leaf_weight=430 1939 582 5377 427 303 54889
leaf_count=430 1939 582 5377 427 303 54889
internal_value=4.11644e-06 -0.000442562 -0.000631439 6.70589e-05 0.00196605 4.19995e-05
internal_weight=63947 7898 7316 56049 730 55319
internal_count=63947 7898 7316 56049 730 55319
is_linear=0
shrinkage=0.12


Tree=546
num_leaves=7
num_cat=0
split_feature=33 0 61 57 88 88
split_gain=0.123781 0.204564 0.169323 0.114153 0.469372 0.166182
threshold=0.043528616428375251 46.183500289916999 1.6906250119209292 6.1781251430511483 1.2540714144706728 1.3353571295738222
decision_type=2 2 2 2 2 2
left_child=1 2 -1 5 -5 -2
right_child=3 -3 -4 4 -6 -7
leaf_value=-0.0016955546172022398 7.9502021866976151e-05 -0.003497962970575366 0.00206351617813802 -0.0001054796105984777 -0.003111051807677484 0.002256431149032912
leaf_weight=394 51111 383 307 10436 806 510
leaf_count=394 51111 383 307 10436 806 510
internal_value=3.62247e-06 -0.00126778 -4.92854e-05 2.55463e-05 -0.000320965 0.000101009
internal_weight=63947 1084 701 62863 11242 51621
internal_count=63947 1084 701 62863 11242 51621
is_linear=0
shrinkage=0.12


Tree=547
num_leaves=7
num_cat=0
split_feature=33 0 50 53 62 22
split_gain=0.0958562 0.174939 0.261382 0.0758768 0.130514 0.0881235
threshold=0.043528616428375251 19.198600769042972 -0.082852967083454118 2.9093749523162846 -1.2818503379821775 0.75289997458457958
decision_type=2 2 2 2 2 2
left_child=1 -1 -3 5 -5 -2
right_child=3 2 -4 4 -6 -7
leaf_value=0.0013318121786422953 -0.00054977086042289601 -0.00025063581248857721 -0.0047211378348891381 -0.0020348933770524308 0.00037022664656423117 7.6507462792725547e-05
leaf_weight=303 3426 464 317 679 623 58135
leaf_count=303 3426 464 317 679 623 58135
internal_value=3.18777e-06 -0.00111564 -0.00206517 2.24807e-05 -0.000884056 4.16537e-05
internal_weight=63947 1084 781 62863 1302 61561
internal_count=63947 1084 781 62863 1302 61561
is_linear=0
shrinkage=0.12


Tree=548
num_leaves=6
num_cat=0
split_feature=33 33 57 34 34
split_gain=0.0742311 0.156542 0.0891486 0.356031 0.131633
threshold=0.043528616428375251 0.019563000649213794 6.1781251430511483 1.2540714144706728 1.3353571295738222
decision_type=2 2 2 2 2
left_child=1 -1 4 -4 -2
right_child=2 -3 3 -5 -6
leaf_value=0.00037500822736031333 6.7329695497247662e-05 -0.0025144666425209292 -9.8762345069053234e-05 -0.0027164161728534431 0.0020047989795016559
leaf_weight=575 51111 509 10436 806 510
leaf_count=575 51111 509 10436 806 510
internal_value=2.80524e-06 -0.000981765 1.9783e-05 -0.000286436 8.64713e-05
internal_weight=63947 1084 62863 11242 51621
internal_count=63947 1084 62863 11242 51621
is_linear=0
shrinkage=0.12


Tree=549
num_leaves=7
num_cat=0
split_feature=22 57 47 22 76 22
split_gain=0.0611148 0.264784 0.425958 0.140243 0.311495 0.112026
threshold=0.49013333022594457 7.9406249523162851 0.091432258486747756 0.60985001921653759 0.49610169231891638 0.75289997458457958
decision_type=2 2 2 2 2 2
left_child=1 2 -1 4 -2 -5
right_child=3 -3 -4 5 -6 -7
leaf_value=0.002961024057566384 0.0038285952425108657 -0.0038323778657930129 -0.0012788921590263628 -0.0012437783364721861 -0.0010613415315870887 2.4425700161890357e-05
leaf_weight=481 420 317 1174 1020 339 60196
leaf_count=481 420 317 1174 1020 339 60196
internal_value=2.46861e-06 -0.000655188 -4.66265e-05 2.33948e-05 0.00164455 3.29449e-06
internal_weight=63947 1972 1655 61975 759 61216
internal_count=63947 1972 1655 61975 759 61216
is_linear=0
shrinkage=0.12


Tree=550
num_leaves=7
num_cat=0
split_feature=57 47 72 72 23 57
split_gain=0.0615624 0.213966 0.17422 0.25229 0.198014 0.102419
threshold=3.4031250476837163 0.032593149691820152 18.968750000000004 19.765625000000004 0.73719999194145214 4.0687499046325692
decision_type=2 2 2 2 2 2
left_child=2 -2 4 -4 -1 -3
right_child=1 5 3 -5 -6 -7
leaf_value=0.0024959869781548578 -0.0026874947949164182 -0.00076166404443141851 0.0031853701067413418 0.0004805735939252159 -1.4416874088980635e-06 3.8839563198226356e-05
leaf_weight=463 458 2644 545 5590 36269 17768
leaf_count=463 458 2644 545 5590 36269 17768
internal_value=4.66162e-05 -0.000122406 0.000128905 0.000720853 3.00379e-05 -6.4851e-05
internal_weight=63737 20870 42867 6135 36732 20412
internal_count=63737 20870 42867 6135 36732 20412
is_linear=0
shrinkage=0.12


Tree=551
num_leaves=7
num_cat=0
split_feature=11 57 41 58 75 54
split_gain=0.0541345 0.235164 0.181595 0.0948273 0.113556 0.0698354
threshold=1.5000000000000002 8.4031248092651385 0.076910495758056655 -73.264850616455064 2.5000000000000004 -0.22042333334684369
decision_type=2 2 2 2 2 2
left_child=3 2 -2 4 -1 -5
right_child=1 -3 -4 5 -6 -7
leaf_value=0.0031847234222628696 0.00081589483015212538 -0.0032202072402966828 -0.00037639697868325074 -0.00028211816301457551 -6.5971908474026552e-05 0.00012723097894881477
leaf_weight=311 2394 360 7942 6913 308 45509
leaf_count=311 2394 360 7942 6913 308 45509
internal_value=4.10222e-05 -0.000205251 -0.000100241 9.06846e-05 0.00156725 7.32492e-05
internal_weight=63737 10696 10336 53041 619 52422
internal_count=63737 10696 10336 53041 619 52422
is_linear=0
shrinkage=0.12


Tree=552
num_leaves=8
num_cat=0
split_feature=57 73 2 71 22 51 59
split_gain=0.0498464 0.132085 0.218421 0.213028 0.0896287 0.227382 0.126419
threshold=3.4031250476837163 1865.6727294921877 133.7600021362305 69.500000000000014 1.2953000068664553 0.076341651380062117 -6.2650797367095938
decision_type=2 2 2 2 2 2 2
left_child=1 3 -3 -1 5 -2 -6
right_child=4 2 -4 -5 6 -7 -8
leaf_value=5.3250598631411314e-05 0.0013083235421281285 0.0031142714863910135 0.00041956496323669492 -0.0028368784787950437 -0.0021490920438748044 -0.0011739977027757282 4.137210473616301e-05
leaf_weight=36361 662 469 5666 371 388 2693 17127
leaf_count=36361 662 469 5666 371 388 2693 17127
internal_value=3.60996e-05 0.000110146 0.000625566 2.40598e-05 -0.000115991 -0.000684192 -7.15202e-06
internal_weight=63737 42867 6135 36732 20870 3355 17515
internal_count=63737 42867 6135 36732 20870 3355 17515
is_linear=0
shrinkage=0.12


Tree=553
num_leaves=8
num_cat=0
split_feature=22 45 85 89 54 9 50
split_gain=0.0435378 0.196117 1.09757 0.318688 0.0722718 0.332749 0.148384
threshold=0.53448331356048595 0.55312499403953563 0.37500000000000006 1.0000000180025095e-35 -0.05376500450074672 1.0000000180025095e-35 0.035518826916813857
decision_type=2 2 2 2 2 2 2
left_child=1 3 -3 -1 5 -2 -6
right_child=4 2 -4 -5 6 -7 -8
leaf_value=-0.0048767585797013895 4.8644295355862066e-05 0.0051867582672326549 -0.0018070657376755333 0.00040905931130590166 -0.0025922387647943999 0.0015148951252880734 -1.8167053190065932e-05
leaf_weight=328 16958 457 1103 329 325 2566 41671
leaf_count=328 16958 457 1103 329 325 2566 41671
internal_value=3.17676e-05 -0.000490682 0.000241766 -0.00222983 5.05952e-05 0.000241351 -3.80874e-05
internal_weight=63737 2217 1560 657 61520 19524 41996
internal_count=63737 2217 1560 657 61520 19524 41996
is_linear=0
shrinkage=0.12


Tree=554
num_leaves=8
num_cat=0
split_feature=11 62 85 5 58 74 54
split_gain=0.0431985 0.190739 0.165588 0.116949 0.0747996 0.114741 0.0681742
threshold=1.5000000000000002 -0.45981067419052118 0.37500000000000006 0.52759999036788952 -73.264850616455064 23.500000000000004 -0.22042333334684369
decision_type=2 2 2 2 2 2 2
left_child=4 2 -2 -3 5 -1 -6
right_child=1 3 -4 -5 6 -7 -8
leaf_value=0.0030414417177194453 -0.0034868998285944989 0.0013606666900232353 -0.00055458660089189986 -0.00014110743780281973 -0.0002942815802371453 -0.00022648114741076922 0.00011016966129819044
leaf_weight=305 435 817 765 8679 6913 314 45509
leaf_count=305 435 817 765 8679 6913 314 45509
internal_value=2.79555e-05 -0.000192041 -0.00161755 -1.19005e-05 7.23189e-05 0.00138372 5.68338e-05
internal_weight=63737 10696 1200 9496 53041 619 52422
internal_count=63737 10696 1200 9496 53041 619 52422
is_linear=0
shrinkage=0.12


Tree=555
num_leaves=8
num_cat=0
split_feature=60 12 85 22 85 1 57
split_gain=0.0835636 0.236714 0.661446 0.219548 0.370756 0.13574 0.134162
threshold=1.0000000180025095e-35 2.3035500049591069 0.37500000000000006 2.2273833751678471 0.37500000000000006 19.889949798583988 0.81562501192092907
decision_type=2 2 2 2 2 2 2
left_child=1 2 -1 4 -2 -5 -3
right_child=3 6 -4 5 -6 -7 -8
leaf_value=-0.0014783469230699219 0.0016280981116734647 -0.00010013252734420712 0.00015677472482919123 -8.8730425862973194e-05 -1.0098408562218926e-06 -0.0024066192708592817 0.00040260945007707235
leaf_weight=5811 3420 18992 9207 8544 4885 380 12792
leaf_count=5811 3420 18992 9207 8544 4885 380 12792
internal_value=-1.28868e-07 -8.33038e-05 -0.000475912 0.000225813 0.000669857 -0.00018743 0.000102204
internal_weight=64031 46802 15018 17229 8305 8924 31784
internal_count=64031 46802 15018 17229 8305 8924 31784
is_linear=0
shrinkage=0.12


Tree=556
num_leaves=8
num_cat=0
split_feature=60 53 59 12 85 0 47
split_gain=0.0647117 0.198373 0.248557 0.183312 0.512224 0.180015 0.134756
threshold=1.0000000180025095e-35 1.8218750357627871 4.1367342472076425 2.3035500049591069 0.37500000000000006 56.359949111938484 0.24897643923759463
decision_type=2 2 2 2 2 2 2
left_child=3 2 -2 4 -1 -3 -5
right_child=1 5 -4 6 -6 -7 -8
leaf_value=-0.0013009452916686905 -0.00011039276392946001 0.00021465530976013262 0.0047382539874653209 0.0002059260524114296 0.00013796174462513342 -0.0015405276892666484 -0.0004364343107361718
leaf_weight=5811 303 15731 306 26045 9207 889 5739
leaf_count=5811 303 15731 306 26045 9207 889 5739
internal_value=-1.13406e-07 0.000198716 0.00232587 -7.33074e-05 -0.000418803 0.000120771 8.99398e-05
internal_weight=64031 17229 609 46802 15018 16620 31784
internal_count=64031 17229 609 46802 15018 16620 31784
is_linear=0
shrinkage=0.12


Tree=557
num_leaves=8
num_cat=0
split_feature=0 83 45 65 17 55 23
split_gain=0.0571596 0.252863 0.93761 0.816315 0.111536 0.210705 0.100702
threshold=68.462402343750014 0.37500000000000006 0.19687499850988391 3.5000000000000004 1.0000000180025095e-35 0.23376258462667468 0.24703750014305118
decision_type=2 2 2 2 2 2 2
left_child=4 3 -3 -2 5 -1 -6
right_child=1 2 -4 -5 6 -7 -8
leaf_value=0.00035176005522571198 0.0050904331682353155 -0.0072911837530121393 -0.00047825139660721556 -0.00014363020708282366 0.0022101407856772964 0.0038116228414775215 1.2147711527465133e-05
leaf_weight=1249 451 318 3411 8830 302 318 49152
leaf_count=1249 451 318 3411 8830 302 318 49152
internal_value=-9.97971e-08 -0.000224626 -0.00105924 0.000110713 5.71528e-05 0.00105389 2.55702e-05
internal_weight=64031 13010 3729 9281 51021 1567 49454
internal_count=64031 13010 3729 9281 51021 1567 49454
is_linear=0
shrinkage=0.12


Tree=558
num_leaves=5
num_cat=0
split_feature=49 5 54 22
split_gain=0.0525823 0.0450613 0.285523 0.234142
threshold=2.3500000238418584 3.0935499668121342 0.1094210557639599 1.1373666524887087
decision_type=2 2 2 2
left_child=1 3 -3 -1
right_child=-2 2 -4 -5
leaf_value=0.0028644141527290972 -0.0012840924668278985 -0.00051827647091076451 0.0020965235571409773 2.3841630015720167e-05
leaf_weight=421 456 6467 663 56024
leaf_count=421 456 6467 663 56024
internal_value=-8.78191e-08 9.12187e-06 -0.000275133 4.50283e-05
internal_weight=64031 63575 7130 56445
internal_count=64031 63575 7130 56445
is_linear=0
shrinkage=0.12


Tree=559
num_leaves=8
num_cat=0
split_feature=60 22 47 12 57 76 0
split_gain=0.0473632 0.171096 0.501229 0.138077 0.493599 0.107632 0.106215
threshold=1.0000000180025095e-35 2.3069375753402714 0.16659557074308398 2.3035500049591069 1.6281250119209292 0.39278382062911993 85.485649108886733
decision_type=2 2 2 2 2 2 2
left_child=3 2 -2 4 -1 -3 -5
right_child=1 5 -4 6 -6 -7 -8
leaf_value=6.3612645151716814e-06 -8.6428840148986236e-05 -0.00049360568552664612 0.0018563666124652241 0.00017478641166975305 -0.0016454838733673525 0.00043720023628776513 -0.00042331957653517156
leaf_weight=11664 5901 5939 2829 26693 3354 2560 5091
leaf_count=11664 5901 5939 2829 26693 3354 2560 5091
internal_value=-7.72813e-08 0.000170025 0.000543144 -6.26961e-05 -0.000362549 -0.000213236 7.89848e-05
internal_weight=64031 17229 8730 46802 15018 8499 31784
internal_count=64031 17229 8730 46802 15018 8499 31784
is_linear=0
shrinkage=0.12


Tree=560
num_leaves=8
num_cat=0
split_feature=49 0 0 54 0 47 89
split_gain=0.0761137 0.195141 0.314871 0.241325 0.094098 0.248622 0.107295
threshold=1.7031250000000002 49.713600158691413 51.332349777221687 -0.097538381814956651 53.138801574707038 0.13366042822599414 1.0000000180025095e-35
decision_type=2 2 2 2 2 2 2
left_child=4 3 -3 -2 6 -6 -1
right_child=1 2 -4 -5 5 -7 -8
leaf_value=-0.00024801555051575324 0.0011342120100172699 -0.0046648081664432258 -0.00070004932386338826 -0.00034070953121676309 0.0007136794262886392 -0.00024912595465091051 0.0001755046559190796
leaf_weight=21292 2069 317 3202 7009 8509 7072 14466
leaf_count=21292 2069 317 3202 7009 8509 7072 14466
internal_value=-3.42947e-05 -0.000298615 -0.0010572 -4.5548e-06 3.05612e-05 0.000276675 -7.66793e-05
internal_weight=63936 12597 3519 9078 51339 15581 35758
internal_count=63936 12597 3519 9078 51339 15581 35758
is_linear=0
shrinkage=0.12


Tree=561
num_leaves=7
num_cat=0
split_feature=6 84 7 70 22 13
split_gain=0.0609994 0.203197 0.217999 0.144991 0.550478 0.0850753
threshold=7.5614500045776376 10.000000000000002 8.5437998771667498 5.5000000000000009 2.0168499946594243 2.0372500419616704
decision_type=2 2 2 2 2 2
left_child=3 2 -2 4 -1 -5
right_child=1 -3 -4 5 -6 -7
leaf_value=0.0052970820459477463 -0.0025331643253006732 -0.0033729920631171265 -5.9195210251874376e-06 0.0016646487953404954 -0.00083713173696766145 -2.7753602769167184e-05
leaf_weight=343 539 311 5577 431 546 56189
leaf_count=343 539 311 5577 431 546 56189
internal_value=-3.01794e-05 -0.000380798 -0.000228644 9.00453e-06 0.00152961 -1.48708e-05
internal_weight=63936 6427 6116 57509 889 56620
internal_count=63936 6427 6116 57509 889 56620
is_linear=0
shrinkage=0.12


Tree=562
num_leaves=8
num_cat=0
split_feature=49 0 0 54 0 70 47
split_gain=0.0589858 0.151509 0.232068 0.168769 0.0722933 0.210692 0.0889813
threshold=1.7031250000000002 49.921049118041999 51.80165100097657 -0.097538381814956651 53.138801574707038 1.5000000000000002 0.22254800796508792
decision_type=2 2 2 2 2 2 2
left_child=4 3 -3 -2 6 -6 -1
right_child=1 2 -4 -5 5 -7 -8
leaf_value=-0.00016325864807440661 0.00094694082606861299 -0.0037660162484016539 -0.00059406558250200525 -0.00028303966035258583 -0.0026818730631362744 0.00031275929249368147 0.00029560079655547531
leaf_weight=27981 2081 372 3100 7044 346 15235 7777
leaf_count=27981 2081 372 3100 7044 346 15235 7777
internal_value=-2.65578e-05 -0.000259245 -0.000933917 -2.53671e-06 3.05364e-05 0.000246259 -6.34614e-05
internal_weight=63936 12597 3472 9125 51339 15581 35758
internal_count=63936 12597 3472 9125 51339 15581 35758
is_linear=0
shrinkage=0.12


Tree=563
num_leaves=8
num_cat=0
split_feature=19 73 66 69 67 71 23
split_gain=0.056816 0.144509 0.534115 0.240451 0.0986037 0.311101 0.193575
threshold=0.26953125000000006 391.26876831054693 3.7156250476837163 16.500000000000004 1.5000000000000002 46.500000000000007 4.4194540977478036
decision_type=2 2 2 2 2 2 2
left_child=1 2 -1 -3 6 -6 -2
right_child=4 3 -4 -5 5 -7 -8
leaf_value=6.5903343785885443e-05 -0.00054028497234194679 -7.7028224092540445e-05 0.0043659845197673158 -0.0010020247481787703 0.0038330053981300086 0.00029952211853910094 0.0001939669303683424
leaf_weight=4631 6925 22360 457 4941 396 3820 20406
leaf_count=4631 6925 22360 457 4941 396 3820 20406
internal_value=-2.33709e-05 -0.000135012 0.000452133 -0.000244436 9.12499e-05 0.000631415 7.92564e-06
internal_weight=63936 32389 5088 27301 31547 4216 27331
internal_count=63936 32389 5088 27301 31547 4216 27331
is_linear=0
shrinkage=0.12


Tree=564
num_leaves=8
num_cat=0
split_feature=49 47 22 57 55 54 8
split_gain=0.0468787 0.185532 0.177099 0.122886 0.101059 0.250475 0.157963
threshold=1.7593750357627871 0.094619769603014006 1.9392499923706057 0.74687498807907116 0.11611672118306161 -0.026335130445659157 0.54332801699638378
decision_type=2 2 2 2 2 2 2
left_child=4 2 -2 -3 6 -6 -1
right_child=1 3 -4 -5 5 -7 -8
leaf_value=-0.001589082613732146 -0.0024604059095280338 -0.0007707049512441673 -0.00045861938648015014 0.00042106072742320117 0.0007313744889800095 -5.657237726515345e-05 -8.369609540575115e-05
leaf_weight=1044 883 1694 2279 4710 8385 18913 26028
leaf_count=1044 883 1694 2279 4710 8385 18913 26028
internal_value=-2.05664e-05 -0.000265535 -0.00101763 0.000105812 2.25341e-05 0.000185458 -0.00014175
internal_weight=63936 9566 3162 6404 54370 27298 27072
internal_count=63936 9566 3162 6404 54370 27298 27072
is_linear=0
shrinkage=0.12


Tree=565
num_leaves=6
num_cat=0
split_feature=55 50 54 31 23
split_gain=0.0728573 0.174364 0.379983 0.108849 0.1046
threshold=0.14183624088764193 -0.10504780337214469 -0.16004782915115354 0.12187499925494195 0.73719999194145214
decision_type=2 2 2 2 2
left_child=3 -2 -3 -1 -5
right_child=1 2 -4 4 -6
leaf_value=0.0017403101919075102 -0.002407198999271185 0.001434637490392444 -0.00027809891767248808 0.0014696244484216729 2.1821062999615487e-05
leaf_weight=557 499 2026 23514 733 36527
leaf_count=557 499 2026 23514 733 36527
internal_value=-3.11668e-05 -0.000185638 -0.000142233 7.51949e-05 5.03031e-05
internal_weight=63856 26039 25540 37817 37260
internal_count=63856 26039 25540 37817 37260
is_linear=0
shrinkage=0.12


Tree=566
num_leaves=7
num_cat=0
split_feature=2 50 63 67 76 73
split_gain=0.0770664 0.216284 0.261515 0.194485 0.185162 0.138002
threshold=238.05500030517581 0.17594388872385028 19999945.000000004 1.0000000180025095e-35 0.96590203046798717 137.08238220214847
decision_type=2 2 2 2 2 2
left_child=1 3 -3 -1 5 -2
right_child=4 2 -4 -5 -6 -7
leaf_value=-0.00063041667930855663 0.002586292374659347 -0.0013503984567305889 0.0018470077912856654 0.00017325870917675129 -0.002539686834635404 8.7433148986513232e-05
leaf_weight=5916 321 3477 412 16235 384 37111
leaf_count=5916 321 3477 412 16235 384 37111
internal_value=-2.74268e-05 -0.000186293 -0.00101167 -4.13837e-05 8.19677e-05 0.000108862
internal_weight=63856 26040 3889 22151 37816 37432
internal_count=63856 26040 3889 22151 37816 37432
is_linear=0
shrinkage=0.12


Tree=567
num_leaves=8
num_cat=0
split_feature=28 54 47 61 30 54 53
split_gain=0.0630697 0.149675 0.292472 0.238627 0.141761 0.359085 0.0900199
threshold=90.056362152099624 -0.16004782915115354 0.037881202995777137 1.8031249642372134 3.5000000000000004 0.11431554704904558 3.0500000715255742
decision_type=2 2 2 2 2 2 2
left_child=4 3 -3 -2 6 -6 -1
right_child=1 2 -4 -5 5 -7 -8
leaf_value=-4.9655795892680989e-05 0.00034965131753864743 -0.0027744417471928925 0.00012835578542600359 0.0028795743342961582 -0.0037925366323998638 0.0012833445429515432 -0.0019570479485382063
leaf_weight=47451 2231 522 11763 707 476 347 359
leaf_count=47451 2231 522 11763 707 476 347 359
internal_value=-2.41356e-05 0.000189025 5.01347e-06 0.000958452 -9.08586e-05 -0.0016524 -6.39782e-05
internal_weight=63856 15223 12285 2938 48633 823 47810
internal_count=63856 15223 12285 2938 48633 823 47810
is_linear=0
shrinkage=0.12


Tree=568
num_leaves=7
num_cat=0
split_feature=2 0 72 62 76 15
split_gain=0.060512 0.18648 0.705796 0.17367 0.144086 0.129645
threshold=238.05500030517581 93.235752105712905 8.0031251907348651 -3.6111736297607417 0.96590203046798717 -0.22775550186634061
decision_type=2 2 2 2 2 2
left_child=1 3 -3 -1 5 -2
right_child=4 2 -4 -5 -6 -7
leaf_value=0.0003913263578087143 0.0023562017217093755 -0.00012645755677998975 0.005324138205343977 -0.00042279452823305386 -0.0022369518755272111 7.7321318992505967e-05
leaf_weight=4705 363 1864 419 19052 384 37069
leaf_count=4705 363 1864 419 19052 384 37069
internal_value=-2.12393e-05 -0.000162012 0.000873893 -0.00026156 7.56964e-05 9.9421e-05
internal_weight=63856 26040 2283 23757 37816 37432
internal_count=63856 26040 2283 23757 37816 37432
is_linear=0
shrinkage=0.12


Tree=569
num_leaves=8
num_cat=0
split_feature=55 82 54 54 90 54 33
split_gain=0.0579977 0.172303 0.42385 0.279902 0.109361 0.125744 0.0974334
threshold=0.14183624088764193 1.0000000180025095e-35 -0.19359804689884183 -0.22042333334684369 1.0000000180025095e-35 0.19782993197441104 0.033943118527531631
decision_type=2 2 2 2 2 2 2
left_child=4 3 -3 -2 6 -6 -1
right_child=1 2 -4 -5 5 -7 -8
leaf_value=-0.0015972625276825336 -0.0025143794274063362 0.0046351031655182786 0.00018177800616388676 -0.00022150995938990234 -0.0019883787607602142 -0.00017594958697421829 0.00015894575414111115
leaf_weight=461 797 329 4766 20147 732 2232 34392
leaf_count=461 797 329 4766 20147 732 2232 34392
internal_value=-1.86906e-05 -0.000156512 0.000469343 -0.000308762 7.62068e-05 -0.000623554 0.000135716
internal_weight=63856 26039 5095 20944 37817 2964 34853
internal_count=63856 26039 5095 20944 37817 2964 34853
is_linear=0
shrinkage=0.12


Tree=570
num_leaves=8
num_cat=0
split_feature=72 61 57 2 20 57 51
split_gain=0.0848262 0.235948 0.270104 0.251075 0.123686 0.215031 0.12093
threshold=27.04374980926514 3.5468750000000004 7.4437499046325692 236.00000000000003 23.282489776611332 8.7687497138977069 0.14479742944240573
decision_type=2 2 2 2 2 2 2
left_child=4 3 -3 -2 5 -1 -6
right_child=1 2 -4 -5 6 -7 -8
leaf_value=-0.00020359456601403889 0.0020732658749603033 -0.0013795020780284239 1.7936263843540341e-05 -0.00024833422366868672 0.00033787908550078968 -0.003459213222430247 -6.8384781443311252e-05
leaf_weight=8951 1108 3616 4434 1700 26004 302 17754
leaf_count=8951 1108 3616 4434 1700 26004 302 17754
internal_value=2.61677e-05 -0.000279401 -0.000609783 0.000667739 8.87561e-05 -0.000309852 0.000173045
internal_weight=63869 10858 8050 2808 53011 9253 43758
internal_count=63869 10858 8050 2808 53011 9253 43758
is_linear=0
shrinkage=0.12


Tree=571
num_leaves=8
num_cat=0
split_feature=72 61 57 22 19 57 29
split_gain=0.0656895 0.182718 0.209169 0.20616 0.0957823 0.169223 0.114766
threshold=27.04374980926514 3.5468750000000004 7.4437499046325692 2.3069375753402714 0.23671875149011615 7.8312499523162851 -64.862651824951158
decision_type=2 2 2 2 2 2 2
left_child=4 3 -3 -2 5 -1 -6
right_child=1 2 -4 -5 6 -7 -8
leaf_value=-0.00016316027192051633 0.0017848115656427478 -0.0012139618442500782 1.578389971624502e-05 -0.00029547415724736497 -0.00082031548266786559 -0.0026775238752436174 0.00019111131087064115
leaf_weight=8850 1192 3616 4434 1616 1680 403 42078
leaf_count=8850 1192 3616 4434 1616 1680 403 42078
internal_value=2.30276e-05 -0.000245873 -0.000536609 0.00058761 7.81053e-05 -0.000272669 0.00015228
internal_weight=63869 10858 8050 2808 53011 9253 43758
internal_count=63869 10858 8050 2808 53011 9253 43758
is_linear=0
shrinkage=0.12


Tree=572
num_leaves=6
num_cat=0
split_feature=62 6 57 6 7
split_gain=0.0540038 0.211067 0.210729 0.115903 0.137469
threshold=-0.45981067419052118 0.2653499990701676 0.12499999627470972 8.9359498023986834 10.189100265502931
decision_type=2 2 2 2 2
left_child=1 -1 -3 4 -2
right_child=3 2 -4 -5 -6
leaf_value=-0.0032755963315948496 0.00010483578488324311 -0.002633478473042582 -3.351697888310513e-05 0.0017842291631142322 -0.0014892274451791601
leaf_weight=304 41324 459 20409 579 794
leaf_count=304 41324 459 20409 579 794
internal_value=2.02643e-05 -0.000136435 -9.07042e-05 9.7966e-05 7.47848e-05
internal_weight=63869 21172 20868 42697 42118
internal_count=63869 21172 20868 42697 42118
is_linear=0
shrinkage=0.12


Tree=573
num_leaves=7
num_cat=0
split_feature=73 47 51 64 47 22
split_gain=0.0515742 0.162797 0.117516 0.0793091 0.310095 0.12319
threshold=2659.8898925781255 0.035391690209507949 0.22519814968109134 1.0000000180025095e-35 0.066917080432176604 0.82139998674392711
decision_type=2 2 2 2 2 2
left_child=3 -2 -3 5 -5 -1
right_child=1 2 -4 4 -6 -7
leaf_value=0.00078863228885935695 -0.0027368485053494459 -0.00035120974282962502 0.00060951564879111386 0.0018998321074165572 6.7772373086849678e-05 -5.2415604482373328e-05
leaf_weight=2671 358 8133 2367 1609 7683 41048
leaf_count=2671 358 8133 2367 1609 7683 41048
internal_value=1.78326e-05 -0.000220433 -0.000134635 6.66353e-05 0.000385011 -1.03202e-06
internal_weight=63869 10858 10500 53011 9292 43719
internal_count=63869 10858 10500 53011 9292 43719
is_linear=0
shrinkage=0.12


Tree=574
num_leaves=8
num_cat=0
split_feature=72 61 57 30 61 47 61
split_gain=0.0399391 0.139812 0.177867 0.172641 0.082135 0.255315 0.11015
threshold=27.04374980926514 3.5468750000000004 5.2187500000000009 1.5000000000000002 4.9468748569488534 0.059097686782479293 3.2968750000000004
decision_type=2 2 2 2 2 2 2
left_child=4 3 -3 -2 6 -6 -1
right_child=1 2 -4 -5 5 -7 -8
leaf_value=5.3477558193357547e-05 0.0031495353332482079 -0.0014978748563796262 -0.00014515612104220126 0.00019646776858306986 0.0020469188499837509 0.00014121284777666212 -0.00059035907576496629
leaf_weight=39931 322 1804 6246 2486 1166 7682 4232
leaf_count=39931 322 1804 6246 2486 1166 7682 4232
internal_value=1.56927e-05 -0.000193981 -0.0004483 0.000535103 5.86391e-05 0.000392349 -8.21926e-06
internal_weight=63869 10858 8050 2808 53011 8848 44163
internal_count=63869 10858 8050 2808 53011 8848 44163
is_linear=0
shrinkage=0.12


Tree=575
num_leaves=7
num_cat=0
split_feature=3 76 53 34 71 3
split_gain=0.0609124 0.336802 0.233684 0.0837269 0.320442 0.0571936
threshold=0.224250003695488 0.30652938783168798 2.2031250000000004 1.3075285553932192 39.500000000000007 0.24740999937057498
decision_type=2 2 2 2 2 2
left_child=1 -1 -3 5 -5 -2
right_child=3 2 -4 4 -6 -7
leaf_value=-0.0027780848930421278 0.00091549033346531713 0.003138719492808504 8.8163479722845042e-05 0.0014873443558313846 -0.0031163038777172443 -6.1150249745387913e-05
leaf_weight=337 876 645 823 371 527 60302
leaf_count=337 876 645 823 371 527 60302
internal_value=-4.40692e-05 0.000643112 0.0014285 -6.40505e-05 -0.00121435 -4.71659e-05
internal_weight=63881 1805 1468 62076 898 61178
internal_count=63881 1805 1468 62076 898 61178
is_linear=0
shrinkage=0.12


Tree=576
num_leaves=7
num_cat=0
split_feature=58 53 54 58 6 61
split_gain=0.0555098 0.243956 0.285442 0.134693 0.133494 0.103311
threshold=-3.7878895998001094 1.8406249880790713 0.10150690376758577 -3.6754236221313472 8.9359498023986834 3.2968750000000004
decision_type=2 2 2 2 2 2
left_child=1 2 -1 -2 -3 -5
right_child=3 4 -4 5 -6 -7
leaf_value=0.0036508638743261721 -0.0020987895939467028 7.651797955765351e-05 0.00011145907024801048 2.0557554509665378e-05 -0.0019231034550677814 -0.00038919968358311943
leaf_weight=598 484 15647 727 33938 496 11991
leaf_count=598 484 15647 727 33938 496 11991
internal_value=-3.87809e-05 0.000143558 0.00170887 -0.000107406 1.50788e-05 -8.64206e-05
internal_weight=63881 17468 1325 46413 16143 45929
internal_count=63881 17468 1325 46413 16143 45929
is_linear=0
shrinkage=0.12


Tree=577
num_leaves=7
num_cat=0
split_feature=58 53 57 57 58 59
split_gain=0.0429868 0.188924 0.283345 0.180952 0.104306 0.0894131
threshold=-3.7878895998001094 1.8468750119209292 3.2468750476837163 0.41562499105930334 -3.6754236221313472 5.4108574390411386
decision_type=2 2 2 2 2 2
left_child=1 2 -1 -3 -2 -6
right_child=4 3 -4 -5 5 -7
leaf_value=0.00036232953958511817 -0.0018469348289501853 -0.0024929245803785439 0.0041531375882502639 7.6085511584778799e-05 -2.5714518629181174e-05 -0.00063298099449710218
leaf_weight=961 484 405 403 15699 42122 3807
leaf_count=961 484 405 403 15699 42122 3807
internal_value=-3.41272e-05 0.000126331 0.00148234 1.14774e-05 -9.45171e-05 -7.60501e-05
internal_weight=63881 17468 1364 16104 46413 45929
internal_count=63881 17468 1364 16104 46413 45929
is_linear=0
shrinkage=0.12


Tree=578
num_leaves=7
num_cat=0
split_feature=2 76 85 23 71 6
split_gain=0.045978 0.260601 0.195217 0.0786478 0.212821 0.0997669
threshold=112.12500000000001 0.30652938783168798 0.62500000000000011 0.81253334879875194 73.500000000000014 8.6476001739501971
decision_type=2 2 2 2 2 2
left_child=1 -1 -3 4 -2 -5
right_child=3 2 -4 5 -6 -7
leaf_value=-0.0024423985818721552 0.00039275661429963082 0.0027474998336018712 -2.764741686405614e-05 -4.1937404713884782e-05 -0.0024703154551041872 0.0014689714974341561
leaf_weight=337 826 680 788 59931 683 636
leaf_count=337 826 680 788 59931 683 636
internal_value=-3.00319e-05 0.000566995 0.00125784 -4.73918e-05 -0.00090312 -2.60717e-05
internal_weight=63881 1805 1468 62076 1509 60567
internal_count=63881 1805 1468 62076 1509 60567
is_linear=0
shrinkage=0.12


Tree=579
num_leaves=6
num_cat=0
split_feature=57 55 58 51 28
split_gain=0.0399505 0.0653348 0.0455694 0.156619 0.0846079
threshold=19.565625190734867 0.16208034008741382 -3.7878895998001094 0.037925641983747489 8.2987091541290301
decision_type=2 2 2 2 2
left_child=2 -2 3 -1 -4
right_child=1 -3 4 -5 -6
leaf_value=-0.0016563927396751991 -0.0018243019420052101 0.00037063116911525393 -0.001653168232055858 0.00022318231135171136 -6.1393817895121028e-05
leaf_weight=664 450 345 486 16553 45383
leaf_count=664 450 345 486 16553 45383
internal_value=-2.64281e-05 -0.000871784 -1.5775e-05 0.000150694 -7.82593e-05
internal_weight=63881 795 63086 17217 45869
internal_count=63881 795 63086 17217 45869
is_linear=0
shrinkage=0.12


Tree=580
num_leaves=8
num_cat=0
split_feature=28 2 85 72 74 85 22
split_gain=0.104545 0.265572 0.543554 0.200799 0.0565896 0.167381 0.0984608
threshold=43.952421188354499 186.56000518798831 0.37500000000000006 8.1281251907348651 38.500000000000007 1.0000000180025095e-35 0.39204999804496771
decision_type=2 2 2 2 2 2 2
left_child=1 2 -1 -3 6 -6 -2
right_child=4 3 -4 -5 5 -7 -8
leaf_value=-0.0034970064837671509 0.0011441055928188108 0.0010257536795445236 0.00010906692019091099 -0.0005446199527379495 0.0012943544157356986 1.1709777338794169e-05 -4.4002631803475819e-05
leaf_weight=1073 1026 1894 1371 3078 1943 5956 47747
leaf_count=1073 1026 1894 1371 3078 1943 5956 47747
internal_value=-2.6195e-05 -0.000449881 -0.00147412 5.35875e-05 2.92478e-05 0.000327215 -1.90093e-05
internal_weight=64088 7416 2444 4972 56672 7899 48773
internal_count=64088 7416 2444 4972 56672 7899 48773
is_linear=0
shrinkage=0.12


Tree=581
num_leaves=7
num_cat=0
split_feature=28 3 85 50 53 53
split_gain=0.0809598 0.205659 0.420928 0.175605 0.0649278 0.0960059
threshold=43.952421188354499 0.37312000989913946 0.37500000000000006 0.16605906188488009 3.1374999284744267 2.8999999761581425
decision_type=2 2 2 2 2 2
left_child=1 2 -1 -3 5 -2
right_child=4 3 -4 -5 -6 -7
leaf_value=-0.0030773656885009445 3.7456542804570668e-05 0.0025018562107051853 9.597891378695353e-05 -0.00016003349507981001 0.0017066086609501072 -0.0011235572198220933
leaf_weight=1073 55298 387 1371 4585 329 1045
leaf_count=1073 55298 387 1371 4585 329 1045
internal_value=-2.30516e-05 -0.000395896 -0.00129723 4.7157e-05 2.57381e-05 1.59231e-05
internal_weight=64088 7416 2444 4972 56672 56343
internal_count=64088 7416 2444 4972 56672 56343
is_linear=0
shrinkage=0.12


Tree=582
num_leaves=7
num_cat=0
split_feature=74 53 0 57 23 41
split_gain=0.0671427 0.167866 0.13485 0.0944921 0.36076 0.0986502
threshold=38.500000000000007 1.8843750357627871 33.121801376342781 5.5906250476837167 3.4559500217437749 0.068468317389488234
decision_type=2 2 2 2 2 2
left_child=3 -2 -3 5 -5 -1
right_child=1 2 -4 4 -6 -7
leaf_value=0.00035887093120954742 0.0025032855890246559 5.6857936372330559e-05 0.002368795454756936 -0.001813733450919887 6.5453416873781817e-05 -8.8584629310262719e-05
leaf_weight=8644 467 7819 381 2065 5115 39597
leaf_count=8644 467 7819 381 2065 5115 39597
internal_value=-2.02854e-05 0.00029031 0.000164278 -6.88578e-05 -0.000475009 -8.40789e-06
internal_weight=64088 8667 8200 55421 7180 48241
internal_count=64088 8667 8200 55421 7180 48241
is_linear=0
shrinkage=0.12


Tree=583
num_leaves=7
num_cat=0
split_feature=28 63 85 45 2 81
split_gain=0.0640467 0.173572 0.223963 0.0497129 0.229316 0.0752858
threshold=43.952421188354499 19999957.000000004 0.37500000000000006 0.49687500298023229 258.05999755859381 1.0000000180025095e-35
decision_type=2 2 2 2 2 2
left_child=1 2 -1 4 -2 -5
right_child=3 -3 -4 5 -6 -7
leaf_value=-0.0012970038793419108 0.0009515576831835912 0.0017690486000476828 8.4425776162600397e-05 4.0208875645281292e-05 -0.00096566446149167309 -0.00044485238458012445
leaf_weight=2961 3187 518 3937 47127 1251 5107
leaf_count=2961 3187 518 3937 47127 1251 5107
internal_value=-1.78512e-05 -0.000349471 -0.00050856 2.5544e-05 0.000411124 -7.21632e-06
internal_weight=64088 7416 6898 56672 4438 52234
internal_count=64088 7416 6898 56672 4438 52234
is_linear=0
shrinkage=0.12


Tree=584
num_leaves=7
num_cat=0
split_feature=58 50 29 53 22 60
split_gain=0.0610902 0.260553 0.239772 0.07783 0.178743 0.109685
threshold=-27.623100280761715 -0.059770829975605004 9.2698783874511737 2.5593750476837163 2.2029833793640141 1.0000000180025095e-35
decision_type=2 2 2 2 2 2
left_child=1 -1 -3 5 -5 -2
right_child=3 2 -4 4 -6 -7
leaf_value=0.0027120089302183981 -2.8429259941368725e-05 -0.0020909508491041427 -0.00017751082983273443 -0.0012125821546892369 0.00010231275336634934 0.00037830755728122104
leaf_weight=369 38907 1193 4501 2324 4142 12652
leaf_count=369 38907 1193 4501 2324 4142 12652
internal_value=-1.5709e-05 -0.000378154 -0.000578412 2.21627e-05 -0.000370285 7.13794e-05
internal_weight=64088 6063 5694 58025 6466 51559
internal_count=64088 6063 5694 58025 6466 51559
is_linear=0
shrinkage=0.12


Tree=585
num_leaves=7
num_cat=0
split_feature=29 1 14 22 61 22
split_gain=0.0853347 0.203743 0.169566 0.0804721 0.24454 0.0856638
threshold=-53.595741271972649 18.641699790954593 0.85694998502731334 0.27117501199245458 2.3656250238418584 0.49013333022594457
decision_type=2 2 2 2 2 2
left_child=1 2 -1 4 -2 -5
right_child=3 -3 -4 5 -6 -7
leaf_value=0.0020263263262371243 -0.00060965284421621215 -0.0035667677470373384 -0.00067254658648595615 -0.001266745559148349 0.0037701528113167613 3.7628255849207759e-05
leaf_weight=391 427 303 2350 734 322 59322
leaf_count=391 427 303 2350 734 322 59322
internal_value=6.06334e-06 -0.000613969 -0.000287556 3.71032e-05 0.00127325 2.16863e-05
internal_weight=63849 3044 2741 60805 749 60056
internal_count=63849 3044 2741 60805 749 60056
is_linear=0
shrinkage=0.12


Tree=586
num_leaves=7
num_cat=0
split_feature=2 84 13 24 33 2
split_gain=0.0716478 0.24462 0.460837 0.367364 0.0935063 0.113917
threshold=135.66999816894534 1.0000000180025095e-35 7.4598500728607187 5.2426660060882577 0.077013000845909133 181.879997253418
decision_type=2 2 2 2 2 2
left_child=1 3 -3 -1 -2 -6
right_child=4 2 -4 -5 5 -7
leaf_value=0.0015757592670136995 -0.0019903769325982368 0.0020098123336848013 -0.0030070712773554156 -0.0015541171177061654 0.00046586134354041267 -1.4237839207594742e-05
leaf_weight=664 324 1151 342 2892 8293 50183
leaf_count=664 324 1151 342 2892 8293 50183
internal_value=5.33574e-06 -0.000428466 0.0008606 -0.000969686 4.25852e-05 5.38493e-05
internal_weight=63849 5049 1493 3556 58800 58476
internal_count=63849 5049 1493 3556 58800 58476
is_linear=0
shrinkage=0.12


Tree=587
num_leaves=5
num_cat=0
split_feature=14 62 61 0
split_gain=0.0730142 0.0661454 0.220981 0.0763755
threshold=-2.0436000823974605 0.86540943384170543 2.2531249523162846 26.972749710083011
decision_type=2 2 2 2
left_child=-1 3 -3 -2
right_child=1 2 -4 -5
leaf_value=-0.0014515100019935943 -0.00019139357722710624 0.0020726685634651003 7.3942293068563969e-05 9.0503519137885333e-05
leaf_weight=492 23160 953 4852 34392
leaf_count=492 23160 953 4852 34392
internal_value=4.69545e-06 1.60036e-05 0.000402071 -2.29371e-05
internal_weight=63849 63357 5805 57552
internal_count=63849 63357 5805 57552
is_linear=0
shrinkage=0.12


Tree=588
num_leaves=8
num_cat=0
split_feature=59 85 50 23 41 41 49
split_gain=0.0672654 0.29869 0.544344 0.120969 0.0664201 0.169072 0.146667
threshold=19999991.000000004 0.37500000000000006 0.21296691894531253 6.1626334190368661 0.23823387175798419 0.2677521705627442 1.2968750000000002
decision_type=2 2 2 2 2 2 2
left_child=4 2 -2 -3 6 -6 -1
right_child=1 3 -4 -5 5 -7 -8
leaf_value=0.00037996518750592719 0.0064003240277159803 -0.0027179101941760117 -4.045772598231558e-05 0.00027047921359573871 -0.0011139925711874518 -3.0545984307789735e-05 -8.0823670759479801e-05
leaf_weight=13688 306 306 494 538 2656 9466 36395
leaf_count=13688 306 306 494 538 2656 9466 36395
internal_value=4.132e-06 0.00076177 0.00242314 -0.000812989 -1.58914e-05 -0.000267935 4.51128e-05
internal_weight=63849 1644 800 844 62205 12122 50083
internal_count=63849 1644 800 844 62205 12122 50083
is_linear=0
shrinkage=0.12


Tree=589
num_leaves=8
num_cat=0
split_feature=50 0 88 83 2 24 80
split_gain=0.0597451 0.205075 0.413755 0.330701 0.105013 0.256293 0.114736
threshold=-0.029173981398344036 69.733600616455092 1.0816999673843386 0.37500000000000006 181.879997253418 2.9733027219772343 1.0000000180025095e-35
decision_type=2 2 2 2 2 2 2
left_child=1 2 -1 -3 5 -2 -6
right_child=4 3 -4 -5 6 -7 -8
leaf_value=0.00084072666605292134 0.0030657471028722023 0.0016754830560815179 -0.0012414745260942055 -0.0015193801311794166 1.6196055092131292e-05 0.00027374795962731535 -0.0010002447984395358
leaf_weight=1955 504 1547 4626 668 45082 7809 1658
leaf_count=1955 504 1547 4626 668 45082 7809 1658
internal_value=3.63616e-06 -0.000286768 -0.000622921 0.000711976 5.0035e-05 0.000443021 -1.986e-05
internal_weight=63849 8796 6581 2215 55053 8313 46740
internal_count=63849 8796 6581 2215 55053 8313 46740
is_linear=0
shrinkage=0.12


Tree=590
num_leaves=7
num_cat=0
split_feature=2 13 47 72 72 55
split_gain=0.0935508 0.14552 0.11682 0.067709 0.329643 0.133024
threshold=107.91500091552736 6.6026999950408944 0.14841303229331973 3.6531250476837163 3.9781249761581425 0.11823612079024316
decision_type=2 2 2 2 2 2
left_child=1 2 -1 5 -5 -2
right_child=3 -3 -4 4 -6 -7
leaf_value=-0.00058052948428246025 -5.5980403234324541e-05 0.00080793623313526737 -0.0038489307912189193 0.0022385742217496344 4.7799928005930172e-05 -0.0012639264193218538
leaf_weight=311 7691 353 319 1008 52563 1583
leaf_count=311 7691 353 319 1008 52563 1583
internal_value=1.90277e-05 -0.00114258 -0.00223548 3.71971e-05 8.90219e-05 -0.000262167
internal_weight=63828 983 630 62845 53571 9274
internal_count=63828 983 630 62845 53571 9274
is_linear=0
shrinkage=0.12


Tree=591
num_leaves=7
num_cat=0
split_feature=2 51 20 50 75 50
split_gain=0.0724457 0.128225 0.152799 0.0582024 0.356686 0.140465
threshold=107.91500091552736 0.099199913442134871 26.176793098449711 -0.091230612248182283 3.5000000000000004 -0.064196899533271776
decision_type=2 2 2 2 2 2
left_child=1 -1 -3 4 -2 -5
right_child=3 2 -4 5 -6 -7
leaf_value=0.00086246711301121877 -3.899130574248994e-05 -0.0039712608968900725 -0.00025442657167318577 0.0014699911407056163 -0.0034702144329055037 4.2926962867944632e-05
leaf_weight=344 4890 302 337 1011 479 56465
leaf_count=344 4890 302 337 1011 479 56465
internal_value=1.67443e-05 -0.00100547 -0.00201105 3.27334e-05 -0.000345111 6.8029e-05
internal_weight=63828 983 639 62845 5369 57476
internal_count=63828 983 639 62845 5369 57476
is_linear=0
shrinkage=0.12


Tree=592
num_leaves=8
num_cat=0
split_feature=54 36 65 19 61 66 50
split_gain=0.073094 0.316797 0.245542 0.146239 0.277365 0.195717 0.115109
threshold=-0.10701367259025572 -5.9808595180511466 38.500000000000007 0.29895834624767309 5.9656250476837167 11.607291698455812 -0.0085911825299262983
decision_type=2 2 2 2 2 2 2
left_child=3 2 -2 5 -5 -1 -3
right_child=1 6 -4 4 -6 -7 -8
leaf_value=-0.0002714217180423666 0.0036776728661032012 -0.0020878543029539285 0.00030307413905777503 4.4598362993609836e-05 0.0031156471251346861 -0.0020293976834530559 5.4422587078052061e-05
leaf_weight=10805 617 364 625 3339 485 996 46597
leaf_count=10805 617 364 625 3339 485 996 46597
internal_value=1.4735e-05 8.78471e-05 0.00197951 -0.000210815 0.000434101 -0.000419794 3.78176e-05
internal_weight=63828 48203 1242 15625 3824 11801 46961
internal_count=63828 48203 1242 15625 3824 11801 46961
is_linear=0
shrinkage=0.12


Tree=593
num_leaves=8
num_cat=0
split_feature=54 29 47 58 41 76 54
split_gain=0.056604 0.245328 0.23518 0.134767 0.351795 0.232965 0.11352
threshold=-0.10701367259025572 -5.9808595180511466 0.084556937217712416 0.12054939195513727 0.10717783495783807 0.31740075349807745 -0.10103613883256911
decision_type=2 2 2 2 2 2 2
left_child=3 2 -2 5 -5 -1 -3
right_child=1 6 -4 4 -6 -7 -8
leaf_value=-0.0014636737034579559 0.0043676619274099883 0.0019517100742126457 0.00070348655247506203 -0.0010582227093625326 0.0035084256169323241 -8.3473655995900523e-05 1.5134752726459308e-05
leaf_weight=2047 352 440 890 495 477 12606 46521
leaf_count=2047 352 440 890 495 477 12606 46521
internal_value=1.29668e-05 7.73055e-05 0.00174196 -0.000185517 0.00118282 -0.000276285 3.32795e-05
internal_weight=63828 48203 1242 15625 972 14653 46961
internal_count=63828 48203 1242 15625 972 14653 46961
is_linear=0
shrinkage=0.12


Tree=594
num_leaves=6
num_cat=0
split_feature=13 29 0 59 55
split_gain=0.0506525 0.282742 0.239504 0.0669903 0.0571584
threshold=2.2410500049591069 -51.068550109863274 76.080451965332045 -7.8056867122650138 0.16634833812713626
decision_type=2 2 2 2 2
left_child=1 -1 -3 -2 -5
right_child=3 2 -4 4 -6
leaf_value=-0.003169461107622324 0.001713884810846218 0.00024336114754625675 -0.0018865360704419494 -4.6882068369136981e-05 0.00020888309080672649
leaf_weight=462 345 4926 899 38507 18689
leaf_count=462 345 4926 899 38507 18689
internal_value=1.14108e-05 -0.000311991 -8.5356e-05 4.67461e-05 3.66901e-05
internal_weight=63828 6287 5825 57541 57196
internal_count=63828 6287 5825 57541 57196
is_linear=0
shrinkage=0.12


Tree=595
num_leaves=7
num_cat=0
split_feature=2 19 51 5 85 12
split_gain=0.125143 0.232528 0.165123 0.0717718 0.310287 0.197254
threshold=112.12500000000001 0.24270833283662799 0.17819155007600787 2.782000064849854 0.37500000000000006 1.7736499905586245
decision_type=2 2 2 2 2 2
left_child=1 -1 -3 5 -5 -2
right_child=3 2 -4 4 -6 -7
leaf_value=0.0033954218802912353 0.0019472585024537818 0.001209058688392405 -0.0015611205526721212 -0.0011730690879145414 0.00017097420155238444 7.5468616305556551e-07
leaf_weight=437 761 858 485 3858 6892 50413
leaf_count=437 761 858 485 3858 6892 50413
internal_value=-9.9536e-07 0.000991027 0.000208659 -2.9511e-05 -0.000311381 2.97008e-05
internal_weight=63704 1780 1343 61924 10750 51174
internal_count=63704 1780 1343 61924 10750 51174
is_linear=0
shrinkage=0.12


Tree=596
num_leaves=7
num_cat=0
split_feature=2 57 28 41 28 55
split_gain=0.100626 0.164954 0.217795 0.066903 0.160269 0.0941718
threshold=116.56000137329103 5.1406250000000009 56.246805191040046 0.1941235885024071 29.81388092041016 0.099019255489110961
decision_type=2 2 2 2 2 2
left_child=1 2 -1 5 -5 -2
right_child=3 -3 -4 4 -6 -7
leaf_value=0.0021991697017648476 9.8224871994127838e-05 0.0025283325645319528 -0.00058250462471631055 -0.0015415558263793484 0.00023793490083225924 -0.0002616864788016039
leaf_weight=569 17860 574 1409 761 17235 25296
leaf_count=569 17860 574 1409 761 17235 25296
internal_value=-8.75918e-07 0.000737399 0.000217684 -3.16857e-05 0.000162685 -0.000112738
internal_weight=63704 2552 1978 61152 17996 43156
internal_count=63704 2552 1978 61152 17996 43156
is_linear=0
shrinkage=0.12


Tree=597
num_leaves=8
num_cat=0
split_feature=2 63 14 8 71 71 84
split_gain=0.0779247 0.148928 0.355803 0.329821 0.0655457 0.206576 0.183506
threshold=116.56000137329103 5.860882282257081 4.0855000019073495 3.9315935373306279 84.500000000000014 51.500000000000007 1.0000000180025095e-35
decision_type=2 2 2 2 2 2 2
left_child=1 2 -1 -3 5 -2 -6
right_child=4 3 -4 -5 6 -7 -8
leaf_value=-0.0018284648029504751 -0.0001156063977713584 -0.0009731446602747973 0.0015593504282849894 0.0041766773489825106 1.5601421254013312e-05 0.00045093257480072598 -0.00090898811238682186
leaf_weight=800 32878 302 1010 440 11081 12906 4287
leaf_count=800 32878 302 1010 440 11081 12906 4287
internal_value=-7.70809e-07 0.000648911 6.19735e-05 0.00208066 -2.78834e-05 4.40946e-05 -0.000242319
internal_weight=63704 2552 1810 742 61152 45784 15368
internal_count=63704 2552 1810 742 61152 45784 15368
is_linear=0
shrinkage=0.12


Tree=598
num_leaves=7
num_cat=0
split_feature=3 21 6 7 3 14
split_gain=0.0618351 0.181269 0.16257 0.0651914 0.223585 0.119733
threshold=0.224250003695488 0.24270833283662799 5.6050999164581308 10.271399974823 0.4741900116205216 -1.1644499897956846
decision_type=2 2 2 2 2 2
left_child=1 -1 -3 5 -5 -2
right_child=3 2 -4 4 -6 -7
leaf_value=0.00281955206260571 0.0023343534149351483 -0.00088011358965745955 0.0019733111557162118 -0.0020108440868546185 0.00062098271816251466 -1.1357818675715507e-05
leaf_weight=437 315 926 417 948 912 59749
leaf_count=437 315 926 417 948 912 59749
internal_value=-6.78311e-07 0.000696646 5.87161e-06 -2.07228e-05 -0.0007204 9.44043e-07
internal_weight=63704 1780 1343 61924 1860 60064
internal_count=63704 1780 1343 61924 1860 60064
is_linear=0
shrinkage=0.12


Tree=599
num_leaves=8
num_cat=0
split_feature=12 2 86 47 6 58 22
split_gain=0.0561106 0.235086 0.773795 0.165573 0.0954532 0.290674 0.0650089
threshold=3.9805500507354741 193.89499664306643 1.0000000180025095e-35 0.071984034031629576 0.63414999842643749 -2.4604259729385372 3.6488749980926518
decision_type=2 2 2 2 2 2 2
left_child=4 2 -2 -3 5 -1 -6
right_child=1 3 -4 -5 6 -7 -8
leaf_value=0.0017172404992097682 0.0066272296115697299 0.0017443289806445439 -0.001306199198410872 -0.00032338622615781529 -2.861923099515922e-05 -0.0028110582401477398 0.0010153488126933628
leaf_weight=311 333 675 378 3208 57333 594 872
leaf_count=311 333 675 378 3208 57333 594 872
internal_value=-5.96914e-07 0.000403379 0.00240946 3.60544e-05 -3.19937e-05 -0.00125492 -1.2979e-05
internal_weight=63704 4594 711 3883 59110 905 58205
internal_count=63704 4594 711 3883 59110 905 58205
is_linear=0
shrinkage=0.12


Tree=600
num_leaves=4
num_cat=0
split_feature=34 62 28
split_gain=0.0809665 0.0506293 0.0429201
threshold=1.3414714336395266 11.501406192779543 57.476243972778327
decision_type=2 2 2
left_child=1 2 -1
right_child=-2 -3 -4
leaf_value=-0.00013380954523679159 -0.0015405328880553279 -0.0012147693157842298 9.5100574327263056e-05
leaf_weight=15716 477 468 47274
leaf_count=15716 477 468 47274
internal_value=1.70405e-05 2.87485e-05 3.79875e-05
internal_weight=63935 63458 62990
internal_count=63935 63458 62990
is_linear=0
shrinkage=0.12


Tree=601
num_leaves=5
num_cat=0
split_feature=34 76 29 5
split_gain=0.0627004 0.0418198 0.27756 0.113575
threshold=1.3414714336395266 0.2259592339396477 -39.649393081665032 3.5503500699996953
decision_type=2 2 2 2
left_child=1 2 -1 -3
right_child=-2 3 -4 -5
leaf_value=0.002606387004529222 -0.001355668996232298 1.7590962373259973e-05 8.6848804390003275e-05 -0.00083289581795893176
leaf_weight=667 477 49187 11234 2370
leaf_count=667 477 49187 11234 2370
internal_value=1.49957e-05 2.52987e-05 0.000228058 -2.15047e-05
internal_weight=63935 63458 11901 51557
internal_count=63935 63458 11901 51557
is_linear=0
shrinkage=0.12


Tree=602
num_leaves=4
num_cat=0
split_feature=62 34 47
split_gain=0.0496621 0.0382531 0.0392672
threshold=11.501406192779543 1.3414714336395266 0.71706640720367443
decision_type=2 2 2
left_child=1 2 -1
right_child=-2 -3 -4
leaf_value=3.8466789129021264e-05 -0.0012092445431884508 -0.0010562308022796989 -0.0010815869522996918
leaf_weight=62536 475 470 454
leaf_count=62536 475 470 454
internal_value=1.31962e-05 2.23462e-05 3.0394e-05
internal_weight=63935 63460 62990
internal_count=63935 63460 62990
is_linear=0
shrinkage=0.12


Tree=603
num_leaves=5
num_cat=0
split_feature=34 76 66 76
split_gain=0.0387535 0.0361423 0.239384 0.172213
threshold=1.3414714336395266 0.67040735483169567 5.0437500476837167 0.6871950924396516
decision_type=2 2 2 2
left_child=1 2 -1 -3
right_child=-2 3 -4 -5
leaf_value=-0.002145732062287757 -0.0010659715842274229 0.0016646563214872769 -8.0557568578280379e-06 6.9040090168477736e-05
leaf_weight=769 477 1019 39600 22070
leaf_count=769 477 1019 39600 22070
internal_value=1.16127e-05 1.97126e-05 -4.87769e-05 0.00013946
internal_weight=63935 63458 40369 23089
internal_count=63935 63458 40369 23089
is_linear=0
shrinkage=0.12


Tree=604
num_leaves=5
num_cat=0
split_feature=62 62 28 62
split_gain=0.0383456 0.0343902 0.142713 0.0804555
threshold=11.501406192779543 -74.73217391967772 80.83557510375978 -72.404052734374986
decision_type=2 2 2 2
left_child=1 2 -1 -3
right_child=-2 3 -4 -5
leaf_value=-0.0022239613413491265 -0.0010639499984632589 0.0017970977607183157 0.0010965247665805102 1.7534071888814287e-05
leaf_weight=430 475 368 329 62333
leaf_count=430 475 368 329 62333
internal_value=1.02191e-05 1.82593e-05 -0.000784647 2.79786e-05
internal_weight=63935 63460 759 62701
internal_count=63935 63460 759 62701
is_linear=0
shrinkage=0.12


Tree=605
num_leaves=7
num_cat=0
split_feature=5 65 66 66 5 51
split_gain=0.105578 0.377622 0.339917 0.298046 0.0864327 0.0571928
threshold=3.6254500150680546 41.500000000000007 4.0468750000000009 10.976041793823244 3.5503500699996953 0.48574532568454748
decision_type=2 2 2 2 2 2
left_child=4 2 -2 -3 5 -1
right_child=1 3 -4 -5 -6 -7
leaf_value=-6.8023155621447516e-06 0.002930391389159077 0.00050645315499781669 -0.00091029635936915943 0.0054042332443759731 -0.0015541374604281495 0.00069477671483972304
leaf_weight=59056 422 335 1553 384 511 1722
leaf_count=59056 422 335 1553 384 511 1722
internal_value=3.23265e-05 0.000767566 -8.96532e-05 0.00312224 8.54497e-09 1.30753e-05
internal_weight=63983 2694 1975 719 61289 60778
internal_count=63983 2694 1975 719 61289 60778
is_linear=0
shrinkage=0.12


Tree=606
num_leaves=5
num_cat=0
split_feature=12 86 22 75
split_gain=0.0637549 0.204018 0.0756165 0.064057
threshold=4.2669999599456796 1.0000000180025095e-35 3.975775003433228 5.5000000000000009
decision_type=2 2 2 2
left_child=2 -2 3 -1
right_child=1 -3 -4 -5
leaf_value=-3.2608905274074877e-05 0.0028628174358666715 -0.00065459282708442987 -0.0016227313858459215 0.00028320695346056672
leaf_weight=51346 449 504 404 11280
leaf_count=51346 449 504 404 11280
internal_value=2.84473e-05 0.00100261 1.37181e-05 2.42749e-05
internal_weight=63983 953 63030 62626
internal_count=63983 953 63030 62626
is_linear=0
shrinkage=0.12


Tree=607
num_leaves=7
num_cat=0
split_feature=22 47 55 28 22 29
split_gain=0.0626714 0.254508 0.214283 0.0707466 0.428977 0.198375
threshold=0.39204999804496771 0.096871696412563338 0.11260157078504564 90.056362152099624 0.82139998674392711 -37.470516204833977
decision_type=2 2 2 2 2 2
left_child=1 -1 -3 5 -5 -2
right_child=3 2 -4 4 -6 -7
leaf_value=0.0031056886505998814 -0.0011511318577239157 -0.0023843071557221132 0.0011922008955510023 0.0033165927810884449 0.00010043715905176853 -9.6032816197312337e-06
leaf_weight=469 2304 411 584 623 14423 45169
leaf_count=469 2304 411 584 623 14423 45169
internal_value=2.50336e-05 0.000801136 -0.000285131 6.85974e-06 0.000233606 -6.50049e-05
internal_weight=63983 1464 995 62519 15046 47473
internal_count=63983 1464 995 62519 15046 47473
is_linear=0
shrinkage=0.12


Tree=608
num_leaves=8
num_cat=0
split_feature=62 70 53 55 51 30 12
split_gain=0.0561328 0.247577 0.325996 0.131123 0.0608251 0.103904 0.0617673
threshold=9.1193666458129901 19.500000000000004 2.2843749523162846 0.13920896500349048 0.48574532568454748 3.5000000000000004 1.9239500164985659
decision_type=2 2 2 2 2 2 2
left_child=4 2 -2 -3 6 -6 -1
right_child=1 3 -4 -5 5 -7 -8
leaf_value=0.00020570548109686133 -0.0002661296909863533 0.00076790881659563885 0.0049586610144596649 -0.0025913807692214269 0.00020252618164820661 0.0024065883708801871 -8.0955292154335866e-05
leaf_weight=14082 339 346 349 324 1362 398 46783
leaf_count=14082 339 346 349 324 1362 398 46783
internal_value=2.20296e-05 0.000785305 0.00238424 -0.000856583 5.47826e-06 0.000700945 -1.46322e-05
internal_weight=63983 1358 688 670 62625 1760 60865
internal_count=63983 1358 688 670 62625 1760 60865
is_linear=0
shrinkage=0.12


Tree=609
num_leaves=7
num_cat=0
split_feature=5 65 41 66 12 41
split_gain=0.0569922 0.285849 0.360472 0.270839 0.133263 0.0551516
threshold=3.6254500150680546 41.500000000000007 0.1122182495892048 4.0468750000000009 0.92629998922348034 0.085090119391679778
decision_type=2 2 2 2 2 2
left_child=4 3 -3 -2 -1 -6
right_child=1 2 -4 -5 5 -7
leaf_value=-0.0022717743403324734 0.0025095314304467114 0.0049342238586260025 -0.00049559281184186846 -0.00091876309403000965 -0.00018008392530854641 7.823433989776496e-05
leaf_weight=371 422 411 308 1553 16221 44697
leaf_count=371 422 411 308 1553 16221 44697
internal_value=1.9386e-05 0.000559579 0.00260824 -0.000186236 -4.35852e-06 9.45039e-06
internal_weight=63983 2694 719 1975 61289 60918
internal_count=63983 2694 719 1975 61289 60918
is_linear=0
shrinkage=0.12


Tree=610
num_leaves=8
num_cat=0
split_feature=36 47 76 19 33 19 33
split_gain=0.0856016 0.307403 0.347273 0.306757 0.129079 0.424068 0.129925
threshold=3.7168354988098149 0.34401686489582067 0.5545257329940797 0.25364583730697637 0.21681447327136996 0.2598958313465119 0.21947963535785678
decision_type=2 2 2 2 2 2 2
left_child=1 3 -3 -1 5 -2 -6
right_child=4 2 -4 -5 6 -7 -8
leaf_value=-0.0013475064264274618 0.003040458963108561 0.003946629219983679 -0.00069575330755302733 -5.5735260112439963e-05 -0.0018979813885865345 -0.00054039968114276058 5.3414766440638095e-06
leaf_weight=3980 828 496 436 7905 522 1121 48580
leaf_count=3980 828 496 436 7905 522 1121 48580
internal_value=-4.6487e-05 -0.000323748 0.00177487 -0.000488318 2.3123e-05 0.000980868 -1.48926e-05
internal_weight=63868 12817 932 11885 51051 1949 49102
internal_count=63868 12817 932 11885 51051 1949 49102
is_linear=0
shrinkage=0.12


Tree=611
num_leaves=6
num_cat=0
split_feature=33 58 16 29 47
split_gain=0.0683515 0.289325 0.242952 0.206302 0.0692965
threshold=0.18412054330110553 0.44782207906246191 13.768014430999758 -6.852041244506835 0.71706640720367443
decision_type=2 2 2 2 2
left_child=1 2 -1 -2 -5
right_child=3 -3 -4 4 -6
leaf_value=-0.00039646391859270055 0.0030714632357303111 0.002159877937486549 -0.0030759951898785814 -1.4530615693421102e-06 -0.0015523122036716795
leaf_weight=6316 314 593 528 55699 418
leaf_count=6316 314 593 528 55699 418
internal_value=-4.09085e-05 -0.000382867 -0.000603184 4.15798e-06 -1.3005e-05
internal_weight=63868 7437 6844 56431 56117
internal_count=63868 7437 6844 56431 56117
is_linear=0
shrinkage=0.12


Tree=612
num_leaves=8
num_cat=0
split_feature=29 47 28 19 46 19 29
split_gain=0.0594479 0.239063 0.313412 0.237967 0.100695 0.314457 0.0786176
threshold=3.7168354988098149 0.34401686489582067 74.688381195068374 0.25364583730697637 0.21602907776832583 0.27057291567325598 10.029144763946535
decision_type=2 2 2 2 2 2 2
left_child=1 3 -3 -1 5 -2 -6
right_child=4 2 -4 -5 6 -7 -8
leaf_value=-0.0011689284706060733 0.0018940807603397094 0.0038464607788243677 -0.00055635084116409514 -3.1178599824844828e-05 -0.0012864948656934687 -0.00066341411718607224 -4.4385098597194567e-09
leaf_weight=3980 1512 453 479 7905 694 1277 47568
leaf_count=3980 1512 453 479 7905 694 1277 47568
internal_value=-3.59995e-05 -0.000267055 0.00158364 -0.000412184 2.201e-05 0.00072308 -1.8504e-05
internal_weight=63868 12817 932 11885 51051 2789 48262
internal_count=63868 12817 932 11885 51051 2789 48262
is_linear=0
shrinkage=0.12


Tree=613
num_leaves=8
num_cat=0
split_feature=53 58 88 19 49 33 50
split_gain=0.0484754 0.229434 0.352313 0.131473 0.11225 0.203299 0.0816634
threshold=1.7218750119209292 -2.049586176872253 1.0502571463584902 0.062500000000000014 1.0593749880790713 0.3779039084911347 -0.14937367290258405
decision_type=2 2 2 2 2 2 2
left_child=1 2 -1 -3 5 -2 -6
right_child=4 3 -4 -5 6 -7 -8
leaf_value=-0.00011048434562917173 -0.0023491986334260024 -0.0022365056360712896 0.0041016368228476499 0.00010268618470801421 -0.0019722163385123988 0.00055179593756916835 -3.4362234849004075e-05
leaf_weight=628 824 363 525 7385 315 602 53226
leaf_count=628 824 363 525 7385 315 602 53226
internal_value=-3.16796e-05 0.000228116 0.00180744 -6.90682e-06 -7.37492e-05 -0.00112452 -4.57633e-05
internal_weight=63868 8901 1153 7748 54967 1426 53541
internal_count=63868 8901 1153 7748 54967 1426 53541
is_linear=0
shrinkage=0.12


Tree=614
num_leaves=8
num_cat=0
split_feature=29 47 76 49 29 55 76
split_gain=0.0442427 0.185493 0.266658 0.20818 0.0878135 0.300503 0.139483
threshold=3.7168354988098149 0.34401686489582067 0.5545257329940797 2.1843750476837163 21.907854080200199 0.090546246618032469 0.9762399196624757
decision_type=2 2 2 2 2 2 2
left_child=1 3 -3 -1 5 -2 -6
right_child=4 2 -4 -5 6 -7 -8
leaf_value=-0.0004430418637224122 -0.00072083630494874939 0.0033060644767265918 -0.00076194919373438513 0.0025113301259989387 -1.360733156761363e-05 0.0011539170376104445 -0.0024603883332936934
leaf_weight=11531 1919 496 436 354 45359 3435 338
leaf_count=11531 1919 496 436 354 45359 3435 338
internal_value=-2.7878e-05 -0.000227207 0.001403 -0.000355045 2.2166e-05 0.000481961 -3.17051e-05
internal_weight=63868 12817 932 11885 51051 5354 45697
internal_count=63868 12817 932 11885 51051 5354 45697
is_linear=0
shrinkage=0.12


Tree=615
num_leaves=7
num_cat=0
split_feature=6 0 3 54 0 70
split_gain=0.084605 0.237211 0.16444 0.161682 0.147705 0.0745204
threshold=6.6885499954223642 9.3554000854492205 0.21119999885559085 0.039664760231971748 56.359949111938484 11.500000000000002
decision_type=2 2 2 2 2 2
left_child=2 3 -1 -2 -3 -4
right_child=1 4 5 -5 -6 -7
leaf_value=0.0024712083458227705 -0.0043781008042395111 0.00013361211510680603 0.00053506549827711449 -0.00063759535006547891 -0.00087870233301478207 3.1078320730037373e-05
leaf_weight=416 325 7989 4637 341 2804 47517
leaf_count=416 325 7989 4637 341 2804 47517
internal_value=3.04411e-05 -0.000265011 9.48425e-05 -0.00246292 -0.000129385 7.58877e-05
internal_weight=64029 11459 52570 666 10793 52154
internal_count=64029 11459 52570 666 10793 52154
is_linear=0
shrinkage=0.12


Tree=616
num_leaves=7
num_cat=0
split_feature=29 61 64 58 55 53
split_gain=0.0768145 0.224676 0.229696 0.073934 0.184036 0.101744
threshold=-61.708776473999016 7.9218750000000009 1.0000000180025095e-35 1.0000000180025095e-35 0.2517037838697434 2.1093750000000004
decision_type=2 2 2 2 2 2
left_child=1 2 -1 5 -5 -2
right_child=3 -3 -4 4 -6 -7
leaf_value=0.00082152430711356441 0.00024894674722704554 0.0037512637429932905 -0.0026024327577973626 -9.2970847640133186e-05 -0.0019326289641713127 -8.3653654434647255e-05
leaf_weight=1682 21208 303 339 4268 959 35270
leaf_count=1682 21208 303 339 4268 959 35270
internal_value=2.67882e-05 0.00070405 0.000247194 1.28041e-06 -0.000430494 4.12408e-05
internal_weight=64029 2324 2021 61705 5227 56478
internal_count=64029 2324 2021 61705 5227 56478
is_linear=0
shrinkage=0.12


Tree=617
num_leaves=7
num_cat=0
split_feature=6 0 85 50 2 57
split_gain=0.0650304 0.181163 0.138879 0.128704 0.119071 0.0727109
threshold=6.6885499954223642 9.3554000854492205 1.0000000180025095e-35 0.21402972936630252 105.59999847412111 3.1531250476837163
decision_type=2 2 2 2 2 2
left_child=4 3 -3 -2 -1 -6
right_child=1 2 -4 -5 5 -7
leaf_value=0.0021021809850068304 -0.0037413032760134747 0.00065640249496288832 -0.00035653124769328753 -0.00040061307051093788 0.00016107730331260754 -0.00014269706643897572
leaf_weight=416 350 2553 8240 316 35471 16683
leaf_count=416 350 2553 8240 316 35471 16683
internal_value=2.35736e-05 -0.000235454 -0.00011693 -0.00215623 8.00355e-05 6.39061e-05
internal_weight=64029 11459 10793 666 52570 52154
internal_count=64029 11459 10793 666 52570 52154
is_linear=0
shrinkage=0.12


Tree=618
num_leaves=8
num_cat=0
split_feature=29 47 28 5 3 85 3
split_gain=0.0567958 0.190512 0.246552 0.143543 0.0590514 0.298779 0.114055
threshold=-61.708776473999016 0.19531755894422534 108.49794006347658 2.9296000003814702 0.26751999557018286 1.0000000180025095e-35 0.27526000142097479
decision_type=2 2 2 2 2 2 2
left_child=1 2 -1 -3 5 -2 -6
right_child=4 3 -4 -5 6 -7 -8
leaf_value=0.0023984908664367107 -0.0027917488651479413 0.00050093259670741291 -0.00093543326498734755 -0.0027344332313275427 0.0019344816548865437 0.00012372531981622676 1.0321061588243845e-05
leaf_weight=1061 652 460 457 346 447 2263 58343
leaf_count=1061 652 460 457 346 447 2263 58343
internal_value=2.07448e-05 0.000603107 0.0013948 -0.000887947 -1.1888e-06 -0.000528381 2.49511e-05
internal_weight=64029 2324 1518 806 61705 2915 58790
internal_count=64029 2324 1518 806 61705 2915 58790
is_linear=0
shrinkage=0.12


Tree=619
num_leaves=8
num_cat=0
split_feature=19 72 65 41 14 70 24
split_gain=0.0496693 0.118738 0.381013 0.23698 0.0645615 0.20491 0.176002
threshold=0.30729167163372045 7.7562499046325692 24.500000000000004 0.071318153291940703 2.640050053596497 12.500000000000002 6.8328683376312265
decision_type=2 2 2 2 2 2 2
left_child=4 2 -2 -3 6 -6 -1
right_child=1 3 -4 -5 5 -7 -8
leaf_value=-0.00010678496416763676 0.00029662110726383784 0.0013119475290226004 0.0036755012008168526 -0.00037305496944182694 0.0019122319508609157 1.6517375751871744e-05 -0.0015035655412584212
leaf_weight=15728 3352 1504 561 5984 841 34643 1416
leaf_count=15728 3352 1504 561 5984 841 34643 1416
internal_value=1.82554e-05 0.000245333 0.000781045 -3.46143e-05 -3.09372e-05 6.14474e-05 -0.000222151
internal_weight=64029 11401 3913 7488 52628 35484 17144
internal_count=64029 11401 3913 7488 52628 35484 17144
is_linear=0
shrinkage=0.12


Tree=620
num_leaves=7
num_cat=0
split_feature=29 65 0 51 1 58
split_gain=0.0800252 0.231919 0.262309 0.0566036 0.19212 0.135557
threshold=-61.708776473999016 43.500000000000007 48.745550155639656 0.1126939356327057 6.4006500244140634 -54.626625061035149
decision_type=2 2 2 2 2 2
left_child=1 2 -1 4 -2 -5
right_child=3 -3 -4 5 -6 -7
leaf_value=0.0022072756547016959 -0.00059097834203560864 -0.0020407567772269247 -0.00074101465984371517 -0.0014315520636826746 0.00024224406315839417 -8.5826054260960052e-05
leaf_weight=1295 4804 375 654 1115 23370 32379
leaf_count=1295 4804 375 654 1115 23370 32379
internal_value=8.68172e-07 0.000692132 0.00121796 -2.51826e-05 0.00010017 -0.000130625
internal_weight=63992 2324 1949 61668 28174 33494
internal_count=63992 2324 1949 61668 28174 33494
is_linear=0
shrinkage=0.12


Tree=621
num_leaves=6
num_cat=0
split_feature=29 65 66 16 58
split_gain=0.0619715 0.179598 0.292566 0.0517482 0.0466396
threshold=-61.708776473999016 43.500000000000007 10.86770820617676 1.7299599647521975 -8.780049800872801
decision_type=2 2 2 2 2
left_child=1 2 -1 -2 -5
right_child=3 -3 -4 4 -6
leaf_value=0.00011247979640179467 0.0012189523036649915 -0.0017958659642934799 0.0033250561259091666 -0.00026570963990755336 1.5047483523445514e-05
leaf_weight=1367 480 375 582 10231 50957
leaf_count=1367 480 375 582 10231 50957
internal_value=7.63989e-07 0.000609076 0.0010718 -2.21607e-05 -3.18968e-05
internal_weight=63992 2324 1949 61668 61188
internal_count=63992 2324 1949 61668 61188
is_linear=0
shrinkage=0.12


Tree=622
num_leaves=7
num_cat=0
split_feature=0 7 85 10 55 2
split_gain=0.0607106 0.362239 0.178735 0.139092 0.261892 0.0926645
threshold=76.639499664306655 9.0339999198913592 0.37500000000000006 2.5000000000000004 0.29054284095764166 105.59999847412111
decision_type=2 2 2 2 2 2
left_child=3 2 -2 5 -5 -1
right_child=1 -3 -4 4 -6 -7
leaf_value=0.0018135663990537759 0.00047337437981049348 -0.0042494712988440731 -0.00063808756796664232 0.00033521086555742858 0.0030431345639069241 -2.7051700204579806e-05
leaf_weight=397 3761 321 4671 4364 583 49895
leaf_count=397 3761 321 4671 4364 583 49895
internal_value=6.72313e-07 -0.000292954 -0.000142332 4.71994e-05 0.000654338 -1.2522e-05
internal_weight=63992 8753 8432 55239 4947 50292
internal_count=63992 8753 8432 55239 4947 50292
is_linear=0
shrinkage=0.12


Tree=623
num_leaves=7
num_cat=0
split_feature=58 54 54 2 2 69
split_gain=0.0492758 0.182256 0.138775 0.128955 0.0882028 0.0871066
threshold=-28.212900161743161 0.23703004419803622 -0.21680592000484464 362.38500976562506 105.59999847412111 1.5000000000000002
decision_type=2 2 2 2 2 2
left_child=1 2 -1 -3 -2 -6
right_child=4 3 -4 -5 5 -7
leaf_value=0.0018180172310908176 0.0017247161625878137 0.0032362577142890227 -0.00074783358146008054 5.4505837139922135e-05 -0.0012662489364394941 3.8050616302487238e-05
leaf_weight=324 441 321 4806 428 747 56925
leaf_count=324 441 321 4806 428 747 56925
internal_value=5.91634e-07 -0.000330479 -0.00058578 0.00141811 3.40843e-05 2.11566e-05
internal_weight=63992 5879 5130 749 58113 57672
internal_count=63992 5879 5130 749 58113 57672
is_linear=0
shrinkage=0.12


Tree=624
num_leaves=8
num_cat=0
split_feature=0 76 47 72 10 29 81
split_gain=0.0488918 0.230109 0.322957 0.117684 0.0882902 0.213773 0.0806856
threshold=79.743148803710952 0.86887454986572277 0.071984034031629576 3.8031250238418584 2.5000000000000004 -42.296077728271477 1.0000000180025095e-35
decision_type=2 2 2 2 2 2 2
left_child=4 2 -2 -3 6 -6 -1
right_child=1 3 -4 -5 5 -7 -8
leaf_value=2.6741303617340864e-05 0.0012261132529309512 -0.00016272086764377122 -0.0016068786581348242 0.0011529667857413876 0.0035002374154137214 0.00030783396673029318 -0.00061845307667070444
leaf_weight=47592 735 2731 2738 1526 320 5385 2965
leaf_count=47592 735 2731 2738 1526 320 5385 2965
internal_value=5.20639e-07 -0.000282458 -0.00100733 0.000308912 3.94e-05 0.0004869 -1.10972e-05
internal_weight=63992 7730 3473 4257 56262 5705 50557
internal_count=63992 7730 3473 4257 56262 5705 50557
is_linear=0
shrinkage=0.12


Tree=625
num_leaves=8
num_cat=0
split_feature=49 69 85 53 66 28 12
split_gain=0.0624154 0.134967 0.299862 0.21472 0.0566432 0.108116 0.0636701
threshold=1.0468750000000002 13.500000000000002 0.37500000000000006 1.4718750119209292 11.792708396911623 105.42434310913087 4.2970499992370614
decision_type=2 2 2 2 2 2 2
left_child=1 2 -1 -3 6 -6 -2
right_child=4 3 -4 -5 5 -7 -8
leaf_value=-0.0030491104741088675 1.7251719049278583e-05 -0.00035130697767742883 -1.7922057166431743e-05 0.0017722619732794015 0.00028747279054154156 0.0026775733364582137 -0.0012019366476460373
leaf_weight=766 53587 4528 1216 808 2108 313 624
leaf_count=766 53587 4528 1216 808 2108 313 624
internal_value=-1.40361e-05 -0.000343829 -0.00118941 -2.97471e-05 2.85798e-05 0.000596478 3.21815e-06
internal_weight=63950 7318 1982 5336 56632 2421 54211
internal_count=63950 7318 1982 5336 56632 2421 54211
is_linear=0
shrinkage=0.12


Tree=626
num_leaves=8
num_cat=0
split_feature=61 61 58 61 54 61 63
split_gain=0.0561066 0.25025 0.335273 0.112944 0.203436 0.149139 0.100742
threshold=5.1968748569488534 6.0593750476837167 -0.23985722661018369 3.6281249523162846 -0.1471648961305618 2.4468749761581425 19999975.000000004
decision_type=2 2 2 2 2 2 2
left_child=3 2 -2 5 -5 -1 -3
right_child=1 6 -4 4 -6 -7 -8
leaf_value=-8.710770019026218e-05 0.0020271431498467265 6.0780062056306238e-05 -0.0021980784032911167 -0.0030359767423537758 -0.00037608492526537696 0.00068479680548766137 -0.0016313959676022393
leaf_weight=39627 1808 13099 318 460 4146 3965 527
leaf_count=39627 1808 13099 318 460 4146 3965 527
internal_value=-1.23518e-05 0.000184262 0.00139515 -7.66089e-05 -0.000641728 -1.68975e-05 -4.66664e-06
internal_weight=63950 15752 2126 48198 4606 43592 13626
internal_count=63950 15752 2126 48198 4606 43592 13626
is_linear=0
shrinkage=0.12


Tree=627
num_leaves=8
num_cat=0
split_feature=53 53 19 65 63 63 47
split_gain=0.0503055 0.168436 0.221978 0.151924 0.117849 0.170798 0.0929735
threshold=2.2843749523162846 2.3031250238418584 0.30729167163372045 15.500000000000002 19999975.000000004 15.853727817535402 0.086644060909748091
decision_type=2 2 2 2 2 2 2
left_child=4 2 -2 -3 5 -1 -6
right_child=1 3 -4 -5 6 -7 -8
leaf_value=-0.00014475378266990836 0.0016785526018775056 0.0012420762039420026 -0.0016929595551696121 -4.9587631311030577e-05 -0.0027900360636304521 0.00071464697187365511 -0.00055429933723170378
leaf_weight=33389 1779 1394 334 22094 386 3699 875
leaf_count=33389 1779 1394 334 22094 386 3699 875
internal_value=-1.08696e-05 0.000119392 0.00114562 2.70719e-05 -9.78297e-05 -5.90408e-05 -0.00123867
internal_weight=63950 25601 2113 23488 38349 37088 1261
internal_count=63950 25601 2113 23488 38349 37088 1261
is_linear=0
shrinkage=0.12


Tree=628
num_leaves=8
num_cat=0
split_feature=47 69 85 22 54 54 46
split_gain=0.0485319 0.121896 0.655358 0.154447 0.0699355 0.193424 0.160422
threshold=0.056352293118834502 6.5000000000000009 0.37500000000000006 1.3449999690055849 0.052359931170940406 -0.07902242615818976 0.35386279225349432
decision_type=2 2 2 2 2 2 2
left_child=1 2 -1 -3 5 -2 -6
right_child=4 3 -4 -5 6 -7 -8
leaf_value=-0.0046491786548780176 -0.00011386530676166751 0.0014216138001240124 0.00063611351298977501 -0.00026533277578994906 -0.00089904385640899936 0.00055339276828274503 4.9436133961333478e-06
leaf_weight=528 14244 881 938 6921 3170 11155 26113
leaf_count=528 14244 881 938 6921 3170 11155 26113
internal_value=-9.56522e-06 -0.000263489 -0.00126746 -7.48432e-05 3.34721e-05 0.000179188 -9.29166e-05
internal_weight=63950 9268 1466 7802 54682 25399 29283
internal_count=63950 9268 1466 7802 54682 25399 29283
is_linear=0
shrinkage=0.12


Tree=629
num_leaves=5
num_cat=0
split_feature=5 45 12 22
split_gain=0.0466708 0.056485 0.287763 0.137571
threshold=4.0716998577117929 0.61562499403953563 0.72804999351501476 0.39204999804496771
decision_type=2 2 2 2
left_child=1 2 -1 -3
right_child=-2 3 -4 -5
leaf_value=-0.0029740972595597693 0.0011791576385221407 0.0020043645832421523 -0.00010908183141377617 3.6905774721538332e-05
leaf_weight=518 473 518 19852 42589
leaf_count=518 473 518 19852 42589
internal_value=-8.4174e-06 -1.72666e-05 -0.000181938 6.0548e-05
internal_weight=63950 63477 20370 43107
internal_count=63950 63477 20370 43107
is_linear=0
shrinkage=0.12


Tree=630
num_leaves=7
num_cat=0
split_feature=13 29 50 49 41 16
split_gain=0.0795248 0.147064 0.148011 0.0673371 0.22616 0.104673
threshold=0.92809998989105236 -2.7815299034118648 0.19755601137876513 1.2968750000000002 0.14222814142704013 3.4118765592575078
decision_type=2 2 2 2 2 2
left_child=1 -1 -3 4 -2 -5
right_child=3 2 -4 5 -6 -7
leaf_value=0.0030915849111735299 0.000601239739018262 -0.0017173688545689271 0.0018421380307103916 -0.00088414043805286964 -0.00028265147399204752 -3.5532026919205856e-05
leaf_weight=343 9283 341 332 2198 7566 43844
leaf_count=343 9283 341 332 2198 7566 43844
internal_value=1.6085e-05 0.00106927 3.8584e-05 -9.29218e-07 0.000204331 -7.60438e-05
internal_weight=63907 1016 673 62891 16849 46042
internal_count=63907 1016 673 62891 16849 46042
is_linear=0
shrinkage=0.12


Tree=631
num_leaves=7
num_cat=0
split_feature=13 20 49 49 66 49
split_gain=0.061584 0.145092 0.187211 0.0521458 0.203305 0.0857921
threshold=0.92809998989105236 28.174629211425785 1.5343750119209292 1.2968750000000002 11.644791603088381 1.3968749642372134
decision_type=2 2 2 2 2 2
left_child=1 2 -1 4 -2 -5
right_child=3 -3 -4 5 -6 -7
leaf_value=0.004153001675542797 2.2351395142948323e-05 -0.00095387860032811612 6.4046352584097934e-05 -0.00044123748270428982 0.0012833003723253962 4.7641245349257292e-06
leaf_weight=310 14745 370 336 7400 2104 38642
leaf_count=310 14745 370 336 7400 2104 38642
internal_value=1.41548e-05 0.00094096 0.00202624 -8.17713e-07 0.000179811 -6.69185e-05
internal_weight=63907 1016 646 62891 16849 46042
internal_count=63907 1016 646 62891 16849 46042
is_linear=0
shrinkage=0.12


Tree=632
num_leaves=7
num_cat=0
split_feature=13 49 19 61 0 61
split_gain=0.0476906 0.12397 0.242398 0.0673635 0.12131 0.0900257
threshold=0.92809998989105236 1.6281250119209292 0.28046874701976782 22.471875190734867 3.4364999532699589 19.44999980926514
decision_type=2 2 2 2 2 2
left_child=1 2 -1 5 -5 -2
right_child=3 -3 -4 4 -6 -7
leaf_value=0.0036824206474147321 -2.1250293465305677e-07 -0.0012149256763421307 -0.00075977534499611259 -0.00056093323060692722 0.002393836890794419 -0.0014352793982656089
leaf_weight=394 61444 301 321 359 452 636
leaf_count=394 61444 301 321 359 452 636
internal_value=1.24562e-05 0.000828045 0.00168809 -7.19586e-07 0.00108587 -1.49145e-05
internal_weight=63907 1016 715 62891 811 62080
internal_count=63907 1016 715 62891 811 62080
is_linear=0
shrinkage=0.12


Tree=633
num_leaves=6
num_cat=0
split_feature=57 66 34 57 47
split_gain=0.0422463 0.185874 0.173919 0.186831 0.163879
threshold=3.0781250000000004 8.7843751907348651 1.3414714336395266 2.9906250238418584 0.029295256361365322
decision_type=2 2 2 2 2
left_child=2 -2 3 -1 -3
right_child=1 4 -4 -5 -6
leaf_value=7.6018626456654702e-05 -0.0026450436544076359 -0.0026658605918391857 -0.0027316129192855253 0.0024872946527326489 -3.3198359358584932e-05
leaf_weight=41014 413 346 314 468 21352
leaf_count=41014 413 346 314 468 21352
internal_value=1.09614e-05 -0.00012318 8.19254e-05 0.000103223 -7.51792e-05
internal_weight=63907 22111 41796 41482 21698
internal_count=63907 22111 41796 41482 21698
is_linear=0
shrinkage=0.12


Tree=634
num_leaves=8
num_cat=0
split_feature=0 83 71 45 0 85 45
split_gain=0.0445316 0.375582 0.826965 0.49006 0.17027 0.178583 0.0865049
threshold=69.733600616455092 0.37500000000000006 4.5000000000000009 0.22187499701976779 68.462402343750014 0.37500000000000006 0.83437499403953563
decision_type=2 2 2 2 2 2 2
left_child=4 2 -2 -3 6 -6 -1
right_child=1 3 -4 -5 5 -7 -8
leaf_value=0.00010227817848231213 0.0051549279955405165 -0.0054727484259055924 0.00033487002894895215 -0.0003994991919885191 -0.0038085897531535511 -7.7595548955007243e-05 -0.00022516142189612706
leaf_weight=33086 547 300 8141 3186 351 390 17906
leaf_count=33086 547 300 8141 3186 351 390 17906
internal_value=9.64607e-06 0.00021614 0.000638343 -0.000836096 -3.89469e-05 -0.00184491 -1.27033e-05
internal_weight=63907 12174 8688 3486 51733 741 50992
internal_count=63907 12174 8688 3486 51733 741 50992
is_linear=0
shrinkage=0.12


Tree=635
num_leaves=7
num_cat=0
split_feature=28 69 66 66 63 66
split_gain=0.0700081 0.27092 0.10997 0.0668979 0.163232 0.0941836
threshold=125.09535598754884 6.5000000000000009 9.3802084922790545 11.726041793823244 12.866670131683351 11.723437786102297
decision_type=2 2 2 2 2 2
left_child=3 -2 -3 5 -5 -1
right_child=1 2 -4 4 -6 -7
leaf_value=-6.7456412426504092e-06 0.0039946970406321497 -0.0010990626059793355 0.00087169880579003589 -6.3957671581276902e-05 -0.0016597282380337228 0.0019457678800915736
leaf_weight=56700 303 669 1044 3802 1219 358
leaf_count=56700 303 669 1044 3802 1219 358
internal_value=-8.84772e-06 0.00068709 0.000102032 -3.14481e-05 -0.000451379 5.50505e-06
internal_weight=64095 2016 1713 62079 5021 57058
internal_count=64095 2016 1713 62079 5021 57058
is_linear=0
shrinkage=0.12


Tree=636
num_leaves=5
num_cat=0
split_feature=6 59 23 66
split_gain=0.0581771 0.30838 0.0732089 0.0546907
threshold=9.0191998481750506 1.4524355530738833 0.73719999194145214 11.726041793823244
decision_type=2 2 2 2
left_child=2 -2 -1 -4
right_child=1 -3 3 -5
leaf_value=0.0016894364918341642 0.0016597763605731173 -0.0026859495851809154 3.0164659964509431e-05 -0.00037638247818041375
leaf_weight=370 395 581 57554 5195
leaf_count=370 395 581 57554 5195
internal_value=-7.786e-06 -0.000927177 6.43042e-06 -3.49344e-06
internal_weight=64095 976 63119 62749
internal_count=64095 976 63119 62749
is_linear=0
shrinkage=0.12


Tree=637
num_leaves=7
num_cat=0
split_feature=55 29 55 28 69 45
split_gain=0.0549508 0.161424 0.12099 0.077437 0.261289 0.0686746
threshold=0.50722295045852672 7.95347023010254 0.5616842806339265 126.32479476928712 7.5000000000000009 1.0468750000000002
decision_type=2 2 2 2 2 2
left_child=3 -2 -3 5 -5 -1
right_child=1 2 -4 4 -6 -7
leaf_value=2.677448308517379e-05 -0.0032013614080531757 -0.0019935508502358702 0.00061760035398396881 0.003852101522796881 0.00012076834980282899 -0.00042497095460111814
leaf_weight=55331 302 355 912 327 1557 5311
leaf_count=55331 302 355 912 327 1557 5311
internal_value=-6.85168e-06 -0.000708267 -0.000114017 1.07493e-05 0.000768404 -1.27892e-05
internal_weight=64095 1569 1267 62526 1884 60642
internal_count=64095 1569 1267 62526 1884 60642
is_linear=0
shrinkage=0.12


Tree=638
num_leaves=6
num_cat=0
split_feature=6 59 67 29 70
split_gain=0.0438873 0.239289 0.0692512 0.236711 0.108058
threshold=9.0191998481750506 1.2363153100013735 1.5000000000000002 64.237575531005874 4.5000000000000009
decision_type=2 2 2 2 2
left_child=2 -2 4 -4 -1
right_child=1 -3 3 -5 -6
leaf_value=-0.0013199544934623599 0.0015134704659594577 -0.0023276192484445657 0.0011848204288941813 -0.00018977469395237666 -1.8232474401429623e-05
leaf_weight=934 387 589 2958 4624 54603
leaf_count=934 387 589 2958 4624 54603
internal_value=-6.02948e-06 -0.000804564 6.31815e-06 0.000346502 -4.01243e-05
internal_weight=64095 976 63119 7582 55537
internal_count=64095 976 63119 7582 55537
is_linear=0
shrinkage=0.12


Tree=639
num_leaves=7
num_cat=0
split_feature=55 47 47 28 69 55
split_gain=0.042465 0.148866 0.291637 0.059291 0.201985 0.0621048
threshold=0.50722295045852672 0.065404132008552565 0.12074832990765573 126.32479476928712 7.5000000000000009 0.46612845361232763
decision_type=2 2 2 2 2 2
left_child=3 -2 -3 5 -5 -1
right_child=1 2 -4 4 -6 -7
leaf_value=-2.0668370923568281e-05 -0.0030062909330789756 0.0022811836226865122 -0.0014736634532116117 0.0033843878464807475 0.00010371741724132357 0.0014299723536614437
leaf_weight=60214 304 480 785 327 1557 428
leaf_count=60214 304 480 785 327 1557 428
internal_value=-5.30594e-06 -0.000621906 -4.88993e-05 1.01667e-05 0.000673133 -1.043e-05
internal_weight=64095 1569 1265 62526 1884 60642
internal_count=64095 1569 1265 62526 1884 60642
is_linear=0
shrinkage=0.12


Tree=640
num_leaves=7
num_cat=0
split_feature=53 82 29 65 22 62
split_gain=0.0614024 0.137091 0.079265 0.0667694 0.208912 0.14164
threshold=2.9093749523162846 1.0000000180025095e-35 69.238639831542983 43.500000000000007 2.654008269309998 7.1933188438415536
decision_type=2 2 2 2 2 2
left_child=3 2 -2 5 -5 -1
right_child=1 -3 -4 4 -6 -7
leaf_value=-8.7569392716919735e-05 -0.002568464947270979 0.0013906162152579496 -0.00048687133963905689 -0.00028693916358059563 0.0006545937552983514 0.0012050211326803447
leaf_weight=47426 492 317 567 6010 7795 1253
leaf_count=47426 492 317 567 6010 7795 1253
internal_value=-5.70053e-06 -0.00079863 -0.00145396 1.17611e-05 0.000244698 -5.4298e-05
internal_weight=63860 1376 1059 62484 13805 48679
internal_count=63860 1376 1059 62484 13805 48679
is_linear=0
shrinkage=0.12


Tree=641
num_leaves=6
num_cat=0
split_feature=41 49 47 69 62
split_gain=0.0544201 0.138602 0.0561254 0.225486 0.0782435
threshold=0.027162255719304088 1.5031250119209292 0.062227651476860053 7.5000000000000009 9.1193666458129901
decision_type=2 2 2 2 2
left_child=1 -1 3 -2 -4
right_child=2 -3 4 -5 -6
leaf_value=-0.00039248623808028823 -0.0013302014249195651 0.0028934080502805038 1.2060409881748466e-05 1.5013687927024698e-05 0.00099477230441939886
leaf_weight=434 2266 322 51024 8620 1194
leaf_count=434 2266 322 51024 8620 1194
internal_value=-5.01647e-06 0.00100706 -1.71414e-05 -0.000265003 3.45308e-05
internal_weight=63860 756 63104 10886 52218
internal_count=63860 756 63104 10886 52218
is_linear=0
shrinkage=0.12


Tree=642
num_leaves=8
num_cat=0
split_feature=5 59 59 55 53 58 51
split_gain=0.0522414 0.175735 0.181792 0.151803 0.0738681 0.129568 0.0544386
threshold=0.56619998812675487 0.83411031961441051 1.5586043000221255 0.090546246618032469 2.9093749523162846 -2.5940102338790889 0.25139366090297705
decision_type=2 2 2 2 2 2 2
left_child=1 3 -3 -1 6 -6 -2
right_child=4 2 -4 -5 5 -7 -8
leaf_value=-0.0016313776549254924 3.316955833204361e-05 0.0035769102534241918 0.00062581963828840347 0.00031564653849650796 -0.002135835301275165 0.00036595946315848716 -0.00028456182081543652
leaf_weight=920 47807 337 2782 1545 640 558 9271
leaf_count=920 47807 337 2782 1545 640 558 9271
internal_value=-4.41449e-06 0.000346213 0.000944677 -0.000411032 -3.80116e-05 -0.000970559 -1.84386e-05
internal_weight=63860 5584 3119 2465 58276 1198 57078
internal_count=63860 5584 3119 2465 58276 1198 57078
is_linear=0
shrinkage=0.12


Tree=643
num_leaves=8
num_cat=0
split_feature=34 79 5 72 33 55 53
split_gain=0.0455575 0.213533 0.523919 0.289136 0.205138 0.226257 0.0843612
threshold=1.2286856770515444 1.0000000180025095e-35 2.6976499557495122 4.3343751430511483 0.1635849326848984 0.160001315176487 2.8999999761581425
decision_type=2 2 2 2 2 2 2
left_child=4 3 -3 -2 5 -1 -6
right_child=1 2 -4 -5 6 -7 -8
leaf_value=-0.0029967852738862813 0.0019877102764464254 0.0045568798143725631 -0.00029412707389856222 -0.00046011381805257951 1.6305445323527132e-05 0.00053873047035553356 -0.00097675625020478729
leaf_weight=687 832 535 800 4216 55110 420 1260
leaf_count=687 832 535 800 4216 55110 420 1260
internal_value=-3.88475e-06 0.000300261 0.00164991 -5.6669e-05 -3.76611e-05 -0.0016554 -5.89178e-06
internal_weight=63860 6383 1335 5048 57477 1107 56370
internal_count=63860 6383 1335 5048 57477 1107 56370
is_linear=0
shrinkage=0.12


Tree=644
num_leaves=8
num_cat=0
split_feature=65 85 22 63 62 85 36
split_gain=0.0436417 0.216983 0.761499 0.223869 0.115775 0.195365 0.114459
threshold=43.500000000000007 0.37500000000000006 1.8887583017349245 9.6422519683837908 7.1933188438415536 0.37500000000000006 -61.708776473999016
decision_type=2 2 2 2 2 2 2
left_child=4 2 -2 -3 6 -6 -1
right_child=1 3 -4 -5 5 -7 -8
leaf_value=0.00082699621463401443 -0.003244025551100393 0.0010482765838217803 0.00024587396841739095 -0.00032741560855980499 0.0027404214015900544 -0.00023846422464397698 -0.0001242627672334215
leaf_weight=1896 1078 5314 5463 2507 564 724 46314
leaf_count=1896 1078 5314 5463 2507 564 724 46314
internal_value=-3.41858e-06 0.000180745 -0.000329285 0.000607302 -5.68542e-05 0.00106595 -8.68517e-05
internal_weight=63860 14362 6541 7821 49498 1288 48210
internal_count=63860 14362 6541 7821 49498 1288 48210
is_linear=0
shrinkage=0.12


Tree=645
num_leaves=5
num_cat=0
split_feature=1 1 19 8
split_gain=0.0698973 0.0519461 0.183348 0.0992601
threshold=0.6448500156402589 19.103349685668949 0.26796875894069677 12.405073642730715
decision_type=2 2 2 2
left_child=-1 3 -3 -2
right_child=1 2 -4 -5
leaf_value=-0.0014285723762092828 1.3351175237721089e-05 -0.0012358957409312791 0.00035563796974560262 0.0013388893815686142
leaf_weight=495 58312 1999 2178 825
leaf_count=495 58312 1999 2178 825
internal_value=-8.14935e-06 2.95577e-06 -0.000406027 3.18433e-05
internal_weight=63809 63314 4177 59137
internal_count=63809 63314 4177 59137
is_linear=0
shrinkage=0.12


Tree=646
num_leaves=5
num_cat=0
split_feature=1 72 84 47
split_gain=0.0541285 0.0524912 0.11872 0.0514682
threshold=0.6448500156402589 42.693750381469734 1.0000000180025095e-35 0.40690946578979498
decision_type=2 2 2 2
left_child=-1 3 -3 -2
right_child=1 2 -4 -5
leaf_value=-0.0012571436672887736 4.4403243643629138e-05 -9.0018167727404574e-05 -0.0027172044305982788 -0.00044411507452963428
leaf_weight=495 58712 993 330 3279
leaf_count=495 58712 993 330 3279
internal_value=-7.17143e-06 2.60107e-06 -0.000745325 1.85632e-05
internal_weight=63809 63314 1323 61991
internal_count=63809 63314 1323 61991
is_linear=0
shrinkage=0.12


Tree=647
num_leaves=6
num_cat=0
split_feature=16 82 23 28 41
split_gain=0.0437404 0.350622 0.131413 0.0474454 0.0443738
threshold=2.1094824075698857 1.0000000180025095e-35 1.0508916378021242 158.59754943847659 0.13783500343561175
decision_type=2 2 2 2 2
left_child=1 2 -1 4 -2
right_child=3 -3 -4 -5 -6
leaf_value=-0.0043427119260460211 -9.6919301013639848e-05 0.0020774152868020036 -0.00083957778722207972 0.0014752319015429486 0.00010561332604460953
leaf_weight=303 32962 379 314 315 29536
leaf_count=303 32962 379 314 315 29536
internal_value=-6.31086e-06 -0.00079531 -0.00255992 6.19998e-06 -1.20418e-06
internal_weight=63809 996 617 62813 62498
internal_count=63809 996 617 62813 62498
is_linear=0
shrinkage=0.12


Tree=648
num_leaves=7
num_cat=0
split_feature=1 46 2 13 58 1
split_gain=0.0423298 0.167315 0.14492 0.0573459 0.326378 0.0848879
threshold=1.5712999701499941 0.28751918673515325 293.15499877929693 9.7168502807617205 -2.2707798480987544 2.7583500146865849
decision_type=2 2 2 2 2 2
left_child=1 -1 -3 5 -5 -2
right_child=3 2 -4 4 -6 -7
leaf_value=-0.0026357827327496432 0.0010104161780757231 0.0022716731525814307 -0.00097069593189414317 -0.0041094299207336503 0.00077658470669753705 1.8193185059638403e-06
leaf_weight=424 1226 325 510 306 552 60466
leaf_count=424 1226 325 510 306 552 60466
internal_value=-5.55355e-06 -0.000694466 0.000291304 8.31281e-06 -0.00096598 2.18631e-05
internal_weight=63809 1259 835 62550 858 61692
internal_count=63809 1259 835 62550 858 61692
is_linear=0
shrinkage=0.12


Tree=649
num_leaves=7
num_cat=0
split_feature=72 82 53 47 74 22
split_gain=0.0398706 0.0919278 0.104177 0.045075 0.173059 0.121203
threshold=42.693750381469734 1.0000000180025095e-35 2.1718750000000004 0.099129147827625289 6.5000000000000009 0.53448331356048595
decision_type=2 2 2 2 2 2
left_child=3 2 -2 4 -1 -5
right_child=1 -3 -4 5 -6 -7
leaf_value=-0.00037841193938602745 -0.0017683818517726586 -0.0023919535519512877 0.00081470699395801854 -0.0011711760237794098 0.00035040410385193775 -2.8781149621555028e-05
leaf_weight=6565 344 330 649 1386 16441 38094
leaf_count=6565 344 330 649 1386 16441 38094
internal_value=-4.88713e-06 -0.000656782 -8.01395e-05 8.91528e-06 0.000142429 -6.88865e-05
internal_weight=63809 1323 993 62486 23006 39480
internal_count=63809 1323 993 62486 23006 39480
is_linear=0
shrinkage=0.12


Tree=650
num_leaves=8
num_cat=0
split_feature=66 22 84 54 76 66 47
split_gain=0.0608787 0.181037 0.387678 0.213426 0.122823 0.353744 0.213439
threshold=11.064062595367433 1.7123999595642092 1.0000000180025095e-35 -0.2094110772013664 0.38913127779960638 9.8020834922790545 0.34401686489582067
decision_type=2 2 2 2 2 2 2
left_child=4 2 -2 -3 6 -6 -1
right_child=1 3 -4 -5 5 -7 -8
leaf_value=-0.0005081095909467416 -0.0017172688987612144 0.002725794401796682 0.00098593911774454363 -5.7895897523310251e-05 3.8057222472487743e-05 0.0011770950070649152 0.0016025313328338617
leaf_weight=7388 2582 404 1085 21693 25373 4645 761
leaf_count=7388 2582 404 1085 21693 25373 4645 761
internal_value=5.94212e-06 -0.000136584 -0.000917438 -7.00162e-06 0.000102152 0.000214312 -0.000311006
internal_weight=63931 25764 3667 22097 38167 30018 8149
internal_count=63931 25764 3667 22097 38167 30018 8149
is_linear=0
shrinkage=0.12


Tree=651
num_leaves=5
num_cat=0
split_feature=59 72 85 66
split_gain=0.0519077 0.0556049 0.263095 0.0866943
threshold=19999995.000000004 4.3343751430511483 0.37500000000000006 4.9031250476837167
decision_type=2 2 2 2
left_child=1 2 -1 -3
right_child=-2 3 -4 -5
leaf_value=-0.00044253456254180141 0.0013041157474111638 -0.00088413481413021817 0.00073553566784820604 -2.691461622075054e-05
leaf_weight=4719 440 1758 6476 50538
leaf_count=4719 440 1758 6476 50538
internal_value=5.22907e-06 -3.77237e-06 0.000238947 -5.57312e-05
internal_weight=63931 63491 11195 52296
internal_count=63931 63491 11195 52296
is_linear=0
shrinkage=0.12


Tree=652
num_leaves=8
num_cat=0
split_feature=66 79 12 51 85 66 63
split_gain=0.0481823 0.187292 0.542453 0.106056 0.101902 0.32032 0.254733
threshold=11.501041889190676 1.0000000180025095e-35 1.828049957752228 0.042516553774476058 0.62500000000000011 4.3781249523162851 19999971.000000004
decision_type=2 2 2 2 2 2 2
left_child=4 3 -3 -2 6 -6 -1
right_child=1 2 -4 -5 5 -7 -8
leaf_value=0.00016700891114401829 0.0013016071689790343 -0.0057477311503025697 -0.00047438242383307283 -2.6594940636913388e-05 0.00065531143300048183 -0.00037474542025700628 0.0019665373922379409
leaf_weight=18890 915 300 4412 16068 5942 16199 1205
leaf_count=18890 915 300 4412 16068 5942 16199 1205
internal_value=4.60158e-06 -0.000140754 -0.000810122 4.49651e-05 7.9265e-05 -9.83081e-05 0.000274918
internal_weight=63931 21695 4712 16983 42236 22141 20095
internal_count=63931 21695 4712 16983 42236 22141 20095
is_linear=0
shrinkage=0.12


Tree=653
num_leaves=7
num_cat=0
split_feature=53 12 63 12 72 22
split_gain=0.0422849 0.196838 0.140932 0.0827193 0.253221 0.148514
threshold=2.4218750000000004 0.81830000877380382 9.6422519683837908 0.96935001015663158 4.4281251430511483 0.85221666097641002
decision_type=2 2 2 2 2 2
left_child=3 -2 -3 4 -1 -5
right_child=1 2 -4 5 -6 -7
leaf_value=0.0018037167704369312 0.0021657389826653523 -0.00047275320375752519 0.00040403491470736048 0.0015623246283888101 -0.0012016708372860423 6.2564516523869811e-05
leaf_weight=503 500 10714 3503 971 2045 45695
leaf_count=503 500 10714 3503 971 2045 45695
internal_value=4.04939e-06 -0.000174416 -0.000256717 5.74177e-05 -0.000608378 9.37707e-05
internal_weight=63931 14717 14217 49214 2548 46666
internal_count=63931 14717 14217 49214 2548 46666
is_linear=0
shrinkage=0.12


Tree=654
num_leaves=8
num_cat=0
split_feature=11 28 41 6 0 2 0
split_gain=0.0408515 0.129771 0.367967 0.204112 0.075402 0.322182 0.128218
threshold=1.5000000000000002 72.844223022460952 0.083071164786815657 5.856800079345704 95.225250244140639 222.20499420166018 79.743148803710952
decision_type=2 2 2 2 2 2 2
left_child=4 3 -3 -2 6 -6 -1
right_child=1 2 -4 -5 5 -7 -8
leaf_value=4.8573995150656328e-05 -0.0010166089823317858 0.0018536311090787039 -0.00039421577993444277 0.00077475593641077142 0.0028248233603078701 -0.00028813464518890263 -0.001135818929667292
leaf_weight=49696 4205 1433 3910 1171 715 1449 1352
leaf_count=49696 4205 1433 3910 1171 715 1449 1352
internal_value=3.56346e-06 -0.000210163 0.00020866 -0.000626414 4.66163e-05 0.000740407 1.72055e-05
internal_weight=63931 10719 5343 5376 53212 2164 51048
internal_count=63931 10719 5343 5376 53212 2164 51048
is_linear=0
shrinkage=0.12


Tree=655
num_leaves=8
num_cat=0
split_feature=71 66 86 55 46 81 46
split_gain=0.0826323 0.245151 1.29384 0.146078 0.116318 0.190143 0.149225
threshold=13.500000000000002 4.0468750000000009 1.0000000180025095e-35 0.040451979264616973 0.41077920794487005 1.0000000180025095e-35 0.19076054543256762
decision_type=2 2 2 2 2 2 2
left_child=4 2 -2 -3 6 -6 -1
right_child=1 3 -4 -5 5 -7 -8
leaf_value=-8.610152474713435e-06 -0.002994707639956642 -0.00083900847534865424 0.0049540589763416446 9.8576584508742486e-05 -0.00011764266780333376 0.0023514719144962859 -0.0012132973926146714
leaf_weight=2939 492 2511 736 50879 2943 530 2984
leaf_count=2939 492 2511 736 50879 2943 530 2984
internal_value=3.64888e-05 9.30374e-05 0.00176937 5.44808e-05 -0.000292223 0.000259159 -0.00061553
internal_weight=64014 54618 1228 53390 9396 3473 5923
internal_count=64014 54618 1228 53390 9396 3473 5923
is_linear=0
shrinkage=0.12


Tree=656
num_leaves=8
num_cat=0
split_feature=72 65 86 55 55 89 90
split_gain=0.0651556 0.205518 0.696366 0.123495 0.122943 0.156952 0.107671
threshold=3.6531250476837163 15.500000000000002 1.0000000180025095e-35 0.041693121194839484 0.095182731747627272 1.0000000180025095e-35 1.0000000180025095e-35
decision_type=2 2 2 2 2 2 2
left_child=4 2 -2 -3 6 -6 -1
right_child=1 3 -4 -5 5 -7 -8
leaf_value=8.259655759490446e-05 -0.0016449990246219907 -0.0007504129299273324 0.0035340070697068098 8.483115764519219e-05 -0.00024998594156647072 -0.0024104524045009765 -0.0018806308133757876
leaf_weight=6946 627 2685 926 50359 1256 788 427
leaf_count=6946 627 2685 926 50359 1256 788 427
internal_value=3.21101e-05 8.23897e-05 0.00144306 4.25525e-05 -0.000259396 -0.00108289 -3.11018e-05
internal_weight=64014 54597 1553 53044 9417 2044 7373
internal_count=64014 54597 1553 53044 9417 2044 7373
is_linear=0
shrinkage=0.12


Tree=657
num_leaves=8
num_cat=0
split_feature=88 62 28 41 3 28 76
split_gain=0.0637318 0.16733 0.386798 0.149836 0.0786641 0.280998 0.106341
threshold=1.1628428101539614 2.0177817344665532 62.393999099731452 0.29320661723613745 0.37933999300003057 90.671081542968764 0.9762399196624757
decision_type=2 2 2 2 2 2 2
left_child=4 3 -3 -2 5 -1 -6
right_child=1 2 -4 -5 6 -7 -8
leaf_value=-0.0001762543254525306 0.00054143191441006675 0.0017472809361305066 -0.0036057163636921152 -0.0017686192459961008 3.9401435141560924e-05 -0.0031138376218557487 -0.0020481122735793054
leaf_weight=4858 9161 334 465 423 47900 519 354
leaf_count=4858 9161 334 465 423 47900 519 354
internal_value=2.82569e-05 0.000300382 -0.00136804 0.000439475 -2.44267e-05 -0.000459796 2.40871e-05
internal_weight=64014 10383 799 9584 53631 5377 48254
internal_count=64014 10383 799 9584 53631 5377 48254
is_linear=0
shrinkage=0.12


Tree=658
num_leaves=7
num_cat=0
split_feature=72 66 55 78 46 81
split_gain=0.0499713 0.370888 0.114286 0.164024 0.0980964 0.0832018
threshold=3.8031250238418584 3.9281250238418584 0.093566354364156737 1.0000000180025095e-35 0.44741009175777441 1.0000000180025095e-35
decision_type=2 2 2 2 2 2
left_child=2 -2 4 -4 -1 -3
right_child=1 5 3 -5 -6 -7
leaf_value=-0.00027458981478568082 0.0035520834025958323 8.8684382976862537e-05 -0.00039154593463545083 -0.0027362950949624603 0.00067228664401157478 -0.0004359821768088356
leaf_weight=5334 437 48862 1803 564 2236 4778
leaf_count=5334 437 48862 1803 564 2236 4778
internal_value=2.48661e-05 7.03152e-05 -0.000222467 -0.000950244 5.09523e-06 4.19495e-05
internal_weight=64014 54077 9937 2367 7570 53640
internal_count=64014 54077 9937 2367 7570 53640
is_linear=0
shrinkage=0.12


Tree=659
num_leaves=8
num_cat=0
split_feature=34 46 50 19 76 2 33
split_gain=0.0511376 0.172399 0.272623 0.20903 0.0649158 0.257037 0.138441
threshold=1.1628428101539614 0.22640469670295718 0.081860739737749114 0.42187500000000006 0.32877969741821295 176.78499603271487 0.18412054330110553
decision_type=2 2 2 2 2 2 2
left_child=4 3 -3 -2 5 -1 -6
right_child=1 2 -4 -5 6 -7 -8
leaf_value=-0.0030106668201101533 0.0002987980404693358 0.0041451856284488546 -0.00029130708981653716 -0.0016777047347287736 -0.0018392378039131529 0.00026127352932662714 -7.8277531127910976e-05
leaf_weight=354 8740 405 393 845 654 14815 37808
leaf_count=354 8740 405 393 845 654 14815 37808
internal_value=2.18821e-05 0.000265641 0.0019603 0.000124552 -2.53097e-05 0.000184916 -0.000108221
internal_weight=64014 10383 798 9585 53631 15169 38462
internal_count=64014 10383 798 9585 53631 15169 38462
is_linear=0
shrinkage=0.12


Tree=660
num_leaves=6
num_cat=0
split_feature=3 1 23 55 54
split_gain=0.0767977 0.113669 0.0940135 0.159005 0.0905528
threshold=0.21367000043392184 12.02769994735718 0.554649978876114 0.11186637729406358 0.036828255280852325
decision_type=2 2 2 2 2
left_child=1 -1 3 -2 -4
right_child=2 -3 4 -5 -6
leaf_value=-2.423948073900599e-05 0.00077299393072632102 -0.002981122243964086 0.0001779745455833082 -0.0027362172947240802 -0.00011216782090049494
leaf_weight=475 313 309 28754 458 33578
leaf_count=475 313 309 28754 458 33578
internal_value=-9.27907e-06 -0.00118964 5.38593e-06 -0.0013116 2.1676e-05
internal_weight=63887 784 63103 771 62332
internal_count=63887 784 63103 771 62332
is_linear=0
shrinkage=0.12


Tree=661
num_leaves=7
num_cat=0
split_feature=13 54 58 2 54 1
split_gain=0.0707272 0.269368 0.142662 0.0880385 0.0838132 0.0797773
threshold=1.002799987792969 -0.0038577122613787647 -1.7607795000076292 106.83499908447267 0.036828255280852325 11.90840005874634
decision_type=2 2 2 2 2 2
left_child=1 2 -1 5 -5 -2
right_child=3 -3 -4 4 -6 -7
leaf_value=-0.0037375885061800081 -0.00025825865179569595 0.0012528796744334908 -0.00037981338486973141 0.00017691986538869928 -0.00010332681161864227 -0.0027543765309169573
leaf_weight=438 455 501 312 28441 33430 310
leaf_count=438 455 501 312 28441 33430 310
internal_value=-8.16558e-06 -0.000901577 -0.00234075 9.67811e-06 2.54976e-05 -0.00126976
internal_weight=63887 1251 750 62636 61871 765
internal_count=63887 1251 750 62636 61871 765
is_linear=0
shrinkage=0.12


Tree=662
num_leaves=6
num_cat=0
split_feature=6 54 2 5 2
split_gain=0.0881715 0.169469 0.063967 0.0833252 0.066642
threshold=9.0191998481750506 -0.0038577122613787647 106.83499908447267 2.8806500434875493 181.879997253418
decision_type=2 2 2 2 2
left_child=2 -2 3 -1 -4
right_child=1 -3 4 -5 -6
leaf_value=-0.0025934306546219195 -0.0024535144409546074 0.00081351403796916676 0.0002709628971635054 -4.8243550745888272e-05 -3.8787230174397019e-05
leaf_weight=311 574 380 12526 458 49638
leaf_count=311 574 380 12526 458 49638
internal_value=-7.18571e-06 -0.00115218 1.01713e-05 -0.00107757 2.36272e-05
internal_weight=63887 954 62933 769 62164
internal_count=63887 954 62933 769 62164
is_linear=0
shrinkage=0.12


Tree=663
num_leaves=8
num_cat=0
split_feature=19 57 55 57 58 53 15
split_gain=0.0441833 0.161521 0.180327 0.143325 0.0974071 0.239782 0.147266
threshold=0.2794270813465119 8.8562502861022967 0.22960982471704486 5.9812500476837167 -4.5247933864593497 1.5625000000000002 3.0212900638580327
decision_type=2 2 2 2 2 2 2
left_child=4 3 -3 -2 5 -1 -6
right_child=1 2 -4 -5 6 -7 -8
leaf_value=-0.0028559150365480672 -0.00012425843864052684 0.00025181652439463414 0.0027746407182514137 -0.0011139718791188182 -0.00067025257693574015 0.00052196738717785783 8.1057476804523158e-05
leaf_weight=313 20840 1795 528 2344 4437 9121 24509
leaf_count=313 20840 1795 528 2344 4437 9121 24509
internal_value=-6.32343e-06 -0.000128736 0.000825235 -0.000224323 7.5031e-05 0.000409896 -3.41074e-05
internal_weight=63887 25507 2323 23184 38380 9434 28946
internal_count=63887 25507 2323 23184 38380 9434 28946
is_linear=0
shrinkage=0.12


Tree=664
num_leaves=7
num_cat=0
split_feature=41 62 62 41 71 54
split_gain=0.0641902 0.14599 0.156205 0.114829 0.220732 0.0831939
threshold=0.098787777125835433 -72.404052734374986 -27.844399452209469 0.11078704148530961 105.50000000000001 0.026838347315788273
decision_type=2 2 2 2 2 2
left_child=1 -1 -3 4 -2 -5
right_child=3 2 -4 5 -6 -7
leaf_value=0.0020359045371796326 0.00033756239818890195 -0.0014493591237236044 -0.00013054525420385627 0.000226105003042351 0.0029237457907081324 -0.00013431650350877782
leaf_weight=423 3496 1382 20144 15863 550 22029
leaf_count=423 3496 1382 20144 15863 550 22029
internal_value=-5.56461e-06 -0.000171832 -0.000215215 8.14541e-05 0.00068912 1.65693e-05
internal_weight=63887 21949 21526 41938 4046 37892
internal_count=63887 21949 21526 41938 4046 37892
is_linear=0
shrinkage=0.12


Tree=665
num_leaves=8
num_cat=0
split_feature=57 23 29 2 71 86 71
split_gain=0.0481727 0.140904 0.255258 0.191946 0.08083 0.228714 0.175526
threshold=6.1781251430511483 3.3774666786193852 54.66841125488282 208.2600021362305 51.500000000000007 1.0000000180025095e-35 46.500000000000007
decision_type=2 2 2 2 2 2 2
left_child=4 3 -3 -2 6 -6 -1
right_child=1 2 -4 -5 5 -7 -8
leaf_value=5.9075275827489254e-06 -0.0022757444333094319 0.00098871923233997418 -0.00042938475131470017 -0.00021262067618166712 -0.00023713541163729163 0.0006120652317156385 -0.0010663086075785753
leaf_weight=31775 1027 2650 5891 1766 8082 10501 2362
leaf_count=31775 1027 2650 5891 1766 8082 10501 2362
internal_value=-6.90383e-06 -0.000231346 1.06077e-05 -0.000971242 4.13479e-05 0.000242736 -6.8281e-05
internal_weight=64054 11334 8541 2793 52720 18583 34137
internal_count=64054 11334 8541 2793 52720 18583 34137
is_linear=0
shrinkage=0.12


Tree=666
num_leaves=8
num_cat=0
split_feature=57 85 34 34 19 23 67
split_gain=0.0373049 0.139217 0.353556 0.306046 0.0730427 0.147028 0.133476
threshold=6.1781251430511483 4.8750000000000009 0.76879999041557323 1.2540714144706728 0.25442707538604742 1.5177375078201296 1.5000000000000002
decision_type=2 2 2 2 2 2 2
left_child=4 3 -3 -2 5 -1 -6
right_child=1 2 -4 -5 6 -7 -8
leaf_value=-0.0010741515580562232 0.0002723727350401351 0.00077035558725684246 -0.0018692817659644713 -0.0024241487095938014 -0.00015476402673184555 0.00031277275678224175 0.00058996894710457019
leaf_weight=1174 7550 1165 1960 659 30006 17622 3918
leaf_count=1174 7550 1165 1960 659 30006 17622 3918
internal_value=-6.07536e-06 -0.000203585 -0.000885225 5.59021e-05 3.63861e-05 0.000226145 -6.87522e-05
internal_weight=64054 11334 3125 8209 52720 18796 33924
internal_count=64054 11334 3125 8209 52720 18796 33924
is_linear=0
shrinkage=0.12


Tree=667
num_leaves=7
num_cat=0
split_feature=5 54 71 47 41 47
split_gain=0.0354013 0.11703 0.378409 0.110067 0.0633141 0.0518456
threshold=0.45694999396801 -0.0038577122613787647 45.500000000000007 0.078339375555515303 0.024521360173821453 0.48276242613792425
decision_type=2 2 2 2 2 2
left_child=1 2 -1 -3 -2 -6
right_child=4 3 -4 -5 5 -7
leaf_value=-0.0004091405191043197 -0.001378733239877461 0.0014469876328339463 0.0050065591027960181 -0.00038913600484715176 -3.5706476748886971e-05 0.0006155838677242315
leaf_weight=488 495 596 300 2226 58134 1815
leaf_count=488 495 596 300 2226 58134 1815
internal_value=-5.34633e-06 0.000359694 0.00165267 -1.35086e-06 -2.71482e-05 -1.59882e-05
internal_weight=64054 3610 788 2822 60444 59949
internal_count=64054 3610 788 2822 60444 59949
is_linear=0
shrinkage=0.12


Tree=668
num_leaves=7
num_cat=0
split_feature=55 7 13 55 13 7
split_gain=0.034808 0.205432 0.268737 0.0849518 0.198793 0.0628938
threshold=0.31604905426502233 0.83820000290870678 7.1794500350952157 0.28292137384414678 7.4926998615264901 2.3671000003814702
decision_type=2 2 2 2 2 2
left_child=3 -2 -3 5 -5 -1
right_child=1 2 -4 4 -6 -7
leaf_value=0.00021015639017970346 0.0018782364011317007 4.3314431922073132e-05 -0.0017967481718398988 0.0016960337004042183 -0.00099701542382628675 -7.8107671815259459e-05
leaf_weight=14791 575 3825 1630 1231 581 41421
leaf_count=14791 575 3825 1630 1231 581 41421
internal_value=-4.70477e-06 -0.00027911 -0.000506512 2.38122e-05 0.000832534 -2.25708e-06
internal_weight=64054 6030 5455 58024 1812 56212
internal_count=64054 6030 5455 58024 1812 56212
is_linear=0
shrinkage=0.12


Tree=669
num_leaves=8
num_cat=0
split_feature=0 83 46 65 0 22 0
split_gain=0.0422852 0.236832 0.512681 0.351525 0.0613171 0.310071 0.112171
threshold=98.710399627685561 0.37500000000000006 0.23568760603666308 4.5000000000000009 76.639499664306655 0.99930000305175792 73.864147186279311
decision_type=2 2 2 2 2 2 2
left_child=4 3 -3 -2 6 -6 -1
right_child=1 2 -4 -5 5 -7 -8
leaf_value=-1.4608965683218138e-05 0.0048106334428746431 -0.0050697773354232449 0.00081607582999102489 0.00048762179064490684 -0.0036478777531478435 -0.00015796279783701094 0.0011316236934742381
leaf_weight=54099 315 321 634 1933 395 5099 1258
leaf_count=54099 315 321 634 1933 395 5099 1258
internal_value=-4.14019e-06 0.000420829 -0.00116231 0.00109338 -2.65092e-05 -0.000408876 1.14394e-05
internal_weight=64054 3203 955 2248 60851 5494 55357
internal_count=64054 3203 955 2248 60851 5494 55357
is_linear=0
shrinkage=0.12


Tree=670
num_leaves=8
num_cat=0
split_feature=2 47 47 66 60 33 34
split_gain=0.0579804 0.194552 0.366514 0.204062 0.0534374 0.25986 0.116952
threshold=120.0900001525879 0.14095921069383624 0.1112537980079651 10.263541698455812 1.0000000180025095e-35 0.31163682043552404 1.2868999838829043
decision_type=2 2 2 2 2 2 2
left_child=1 2 -1 -3 6 -6 -2
right_child=4 3 -4 -5 5 -7 -8
leaf_value=-0.00068169656511656083 -6.4101035714715665e-05 -0.00010797034325746269 0.0036977657183615517 -0.0027397970999432303 0.00086867716718508163 -0.00014184896024459543 0.0019478384488195713
leaf_weight=971 44197 886 384 814 5618 10538 420
leaf_count=971 44197 886 384 814 5618 10538 420
internal_value=-3.09267e-06 -0.000513205 0.00055942 -0.00136815 2.25502e-05 0.000209546 -4.51617e-05
internal_weight=63828 3055 1355 1700 60773 16156 44617
internal_count=63828 3055 1355 1700 60773 16156 44617
is_linear=0
shrinkage=0.12


Tree=671
num_leaves=7
num_cat=0
split_feature=22 85 45 60 29 46
split_gain=0.057379 0.321403 0.389175 0.0672663 0.253694 0.135151
threshold=0.49013333022594457 0.37500000000000006 0.57812500000000011 1.0000000180025095e-35 50.884258270263679 0.36353683471679693
decision_type=2 2 2 2 2 2
left_child=1 -1 -3 5 -5 -2
right_child=3 2 -4 4 -6 -7
leaf_value=0.0018596464587818545 -0.00026960815019475107 0.00098074583308336042 -0.0030922921322828326 0.00087041920660668065 -0.00012087824942122551 0.00014410491640966345
leaf_weight=540 22158 539 905 5724 10606 23356
leaf_count=540 22158 539 905 5724 10606 23356
internal_value=-2.72156e-06 -0.00063795 -0.00157195 1.7657e-05 0.000226592 -5.73068e-05
internal_weight=63828 1984 1444 61844 16330 45514
internal_count=63828 1984 1444 61844 16330 45514
is_linear=0
shrinkage=0.12


Tree=672
num_leaves=8
num_cat=0
split_feature=2 1 72 76 34 36 33
split_gain=0.0536253 0.198203 0.402835 0.350156 0.117548 0.512938 0.179062
threshold=135.66999816894534 7.0283000469207773 6.7406251430511483 0.44008511304855352 1.2391285896301272 -25.584056854248043 0.14760795235633853
decision_type=2 2 2 2 2 2 2
left_child=1 2 -1 -3 6 -6 -2
right_child=4 3 -4 -5 5 -7 -8
leaf_value=0.00039852154821184158 -0.001531703593736739 -0.0012442545271555061 -0.0042090091964795129 0.0010203659465632578 0.0045039054770856651 -0.0015505834706392746 3.8791992267304505e-05
leaf_weight=571 1065 1766 524 2218 402 404 56878
leaf_count=571 1065 1766 524 2218 402 404 56878
internal_value=-2.39497e-06 -0.000376481 -0.00180636 1.65206e-05 2.99457e-05 0.00146915 9.92608e-06
internal_weight=63828 5079 1095 3984 58749 806 57943
internal_count=63828 5079 1095 3984 58749 806 57943
is_linear=0
shrinkage=0.12


Tree=673
num_leaves=8
num_cat=0
split_feature=50 79 73 49 34 1 79
split_gain=0.0483099 0.216376 0.618608 0.183299 0.143411 0.236904 0.135315
threshold=0.21167759597301486 1.0000000180025095e-35 381.43327331542974 2.1468750238418584 0.8360143005847932 10.925250053405763 1.0000000180025095e-35
decision_type=2 2 2 2 2 2 2
left_child=1 3 -3 -1 6 -6 -2
right_child=4 2 -4 -5 5 -7 -8
leaf_value=-0.00031361504704433159 0.00011565916546743894 -0.0019963798936169039 0.0010743984445402187 0.0014921922294065314 -9.5577533936067421e-05 0.0013344431845085309 -0.00057797494117350575
leaf_weight=25467 19321 1152 5249 836 3441 3238 5124
leaf_count=25467 19321 1152 5249 836 3441 3238 5124
internal_value=-2.10757e-06 -0.000103953 0.000521745 -0.00025622 0.000104908 0.000597701 -2.97359e-05
internal_weight=63828 32704 6401 26303 31124 6679 24445
internal_count=63828 32704 6401 26303 31124 6679 24445
is_linear=0
shrinkage=0.12


Tree=674
num_leaves=8
num_cat=0
split_feature=29 63 74 51 22 32 2
split_gain=0.0422828 0.307193 0.406623 0.166016 0.0481674 0.183191 0.0822341
threshold=-53.595741271972649 7.2020649909973153 24.500000000000004 0.11457881331443788 0.49013333022594457 64.852874755859389 112.12500000000001
decision_type=2 2 2 2 2 2 2
left_child=1 2 -1 -3 5 -2 -6
right_child=4 3 -4 -5 6 -7 -8
leaf_value=-0.00073428619852068211 -0.001775827157017967 -0.00050039453810405516 0.002786052859466617 -0.0041381689463326305 0.0017225720038054598 0.00091599016619799654 2.5382000446670287e-05
leaf_weight=1723 872 317 651 420 414 625 58806
leaf_count=1723 872 317 651 420 414 625 58806
internal_value=-1.85466e-06 -0.000433337 0.000231064 -0.00257348 2.02535e-05 -0.000651989 3.72469e-05
internal_weight=63828 3111 2374 737 60717 1497 59220
internal_count=63828 3111 2374 737 60717 1497 59220
is_linear=0
shrinkage=0.12


Tree=675
num_leaves=6
num_cat=0
split_feature=1 5 61 63 3
split_gain=0.0686278 0.0681014 0.226858 0.0535178 0.0476513
threshold=22.565699577331547 3.9988000392913823 1.4281249642372134 1.0917518734931948 0.53705000877380382
decision_type=2 2 2 2 2
left_child=1 3 -3 -1 -2
right_child=4 2 -4 -5 -6
leaf_value=8.3963475976511347e-05 0.0020012442233943357 -0.00080388281293600412 0.0035051370058122471 -0.00013888651348925327 4.2431174392382114e-05
leaf_weight=34096 419 385 324 28480 312
leaf_count=34096 419 385 324 28480 312
internal_value=9.1424e-06 -4.2111e-06 0.00116526 -1.74615e-05 0.0011652
internal_weight=64016 63285 709 62576 731
internal_count=64016 63285 709 62576 731
is_linear=0
shrinkage=0.12


Tree=676
num_leaves=6
num_cat=0
split_feature=28 59 41 20 28
split_gain=0.0592124 0.1174 0.160999 0.104207 0.0689156
threshold=32.887475967407234 19999953.000000004 0.11719970405101778 7.3766305446624765 36.575792312622077
decision_type=2 2 2 2 2
left_child=1 2 -1 -2 -5
right_child=3 -3 -4 4 -6
leaf_value=0.0013101456832976329 -0.0022171863130784311 0.0024615524294690143 -0.00048827412755936137 -0.00096921800122796607 9.2430721527722224e-06
leaf_weight=1207 309 388 1765 1055 59292
leaf_count=1207 309 388 1765 1055 59292
internal_value=8.04532e-06 0.0004984 0.000242107 -1.91176e-05 -7.86261e-06
internal_weight=64016 3360 2972 60656 60347
internal_count=64016 3360 2972 60656 60347
is_linear=0
shrinkage=0.12


Tree=677
num_leaves=6
num_cat=0
split_feature=34 2 85 29 31
split_gain=0.0544348 0.240662 0.242306 0.0820689 0.0584642
threshold=1.2868999838829043 121.90499877929689 1.0000000180025095e-35 -64.862651824951158 0.33437500894069677
decision_type=2 2 2 2 2
left_child=3 2 -2 -1 -5
right_child=1 -3 -4 4 -6
leaf_value=-0.0015026333528801478 -0.0017383922251011307 0.0034582999459335357 0.00070111740912200376 0.00051159566535365943 -3.4111949674676598e-05
leaf_weight=533 761 348 2554 2975 56845
leaf_count=533 761 348 2554 2975 56845
internal_value=7.07988e-06 0.000456245 0.000141097 -2.01813e-05 -6.97253e-06
internal_weight=64016 3663 3315 60353 59820
internal_count=64016 3663 3315 60353 59820
is_linear=0
shrinkage=0.12


Tree=678
num_leaves=5
num_cat=0
split_feature=1 58 58 28
split_gain=0.0527265 0.0522457 0.0552573 0.0412899
threshold=22.565699577331547 -77.043399810791001 -51.532449722290032 74.688381195068374
decision_type=2 2 2 2
left_child=1 -1 -3 -2
right_child=3 2 -4 -5
leaf_value=0.0012262941958423898 0.00023475349083198056 -0.00059851843502910468 6.5953614328709323e-06 0.0020559623017962578
leaf_weight=492 416 2254 60539 315
leaf_count=492 416 2254 60539 315
internal_value=6.23029e-06 -5.4744e-06 -1.51256e-05 0.00101954
internal_weight=64016 63285 62793 731
internal_count=64016 63285 62793 731
is_linear=0
shrinkage=0.12


Tree=679
num_leaves=6
num_cat=0
split_feature=5 55 66 22 63
split_gain=0.0503032 0.22633 0.0516219 0.275954 0.147083
threshold=3.9988000392913823 0.13538127392530444 11.126562595367433 1.2793166637420657 -5.6250891685485831
decision_type=2 2 2 2 2
left_child=2 -2 4 -4 -1
right_child=1 -3 3 -5 -6
leaf_value=0.0026479279438816855 -0.0011234433032596984 0.0031495773975686375 -0.0017290748692304642 -3.9908799570849564e-05 6.0388703530412507e-05
leaf_weight=319 358 356 1480 23608 37895
leaf_count=319 358 356 1480 23608 37895
internal_value=5.48266e-06 0.00100708 -5.81465e-06 -0.000139557 8.19888e-05
internal_weight=64016 714 63302 25088 38214
internal_count=64016 714 63302 25088 38214
is_linear=0
shrinkage=0.12


Tree=680
num_leaves=7
num_cat=0
split_feature=29 54 47 62 54 49
split_gain=0.0685851 0.280696 0.277636 0.0748658 0.245285 0.0419252
threshold=-70.521247863769517 -0.20229424536228177 0.18491423130035403 -53.852775573730462 -0.084078174084424959 2.1000000238418584
decision_type=2 2 2 2 2 2
left_child=1 2 -1 4 -2 -5
right_child=3 -3 -4 5 -6 -7
leaf_value=0.0032805658892743239 -0.0035959055625131853 -0.0019921053925051578 -0.00055841155876385016 -3.4739972222746788e-05 -0.00013905162935274638 0.00057361686994321359
leaf_weight=674 361 392 454 58552 1631 1678
leaf_count=674 361 392 454 58552 1631 1678
internal_value=-2.22742e-05 0.00077413 0.00173545 -4.17293e-05 -0.00076552 -1.77912e-05
internal_weight=63742 1520 1128 62222 1992 60230
internal_count=63742 1520 1128 62222 1992 60230
is_linear=0
shrinkage=0.12


Tree=681
num_leaves=6
num_cat=0
split_feature=2 50 23 29 62
split_gain=0.0578447 0.226781 0.234542 0.0640444 0.0545699
threshold=123.70499801635744 -0.0065713920630514613 5.5753333568573007 -64.862651824951158 -53.852775573730462
decision_type=2 2 2 2 2
left_child=1 2 -1 -2 -5
right_child=3 -3 -4 4 -6
leaf_value=-0.00023603650313689008 -0.0013494915933113247 -0.0018238388350762199 0.0018870390393585386 -0.00066780387865487208 -1.4708418081751319e-05
leaf_weight=1454 539 535 1546 1903 57765
leaf_count=1454 539 535 1546 1903 57765
internal_value=-1.96013e-05 0.000452167 0.000858055 -4.73008e-05 -3.55377e-05
internal_weight=63742 3535 3000 60207 59668
internal_count=63742 3535 3000 60207 59668
is_linear=0
shrinkage=0.12


Tree=682
num_leaves=6
num_cat=0
split_feature=29 85 53 85 16
split_gain=0.0503255 0.169543 0.040181 0.210619 0.0472483
threshold=-84.25978851318358 0.37500000000000006 2.7593749761581425 0.37500000000000006 2.6212134361267094
decision_type=2 2 2 2 2
left_child=1 -1 4 -4 -2
right_child=2 -3 3 -5 -6
leaf_value=0.002973363562417564 0.000582021540530069 -0.00063108637599844624 -0.0017230158258767444 0.00050691889549629786 -2.8657532043571817e-05
leaf_weight=335 1883 428 1116 1345 58635
leaf_count=335 1883 428 1116 1345 58635
internal_value=-1.72492e-05 0.00095147 -2.89853e-05 -0.000504299 -9.65643e-06
internal_weight=63742 763 62979 2461 60518
internal_count=63742 763 62979 2461 60518
is_linear=0
shrinkage=0.12


Tree=683
num_leaves=5
num_cat=0
split_feature=30 41 61 3
split_gain=0.0496542 0.0406529 0.240993 0.0544625
threshold=6.5000000000000009 0.038046367466449744 2.4906250238418584 0.21119999885559085
decision_type=2 2 2 2
left_child=1 2 -1 -3
right_child=-2 3 -4 -5
leaf_value=0.00043598108050268606 0.0014040934361211385 0.0012999586610903343 -0.0019943360620111538 -1.3560761175047104e-05
leaf_weight=1527 353 458 955 60449
leaf_count=1527 353 458 955 60449
internal_value=-1.51793e-05 -2.30829e-05 -0.000499133 -3.68354e-06
internal_weight=63742 63389 2482 60907
internal_count=63742 63389 2482 60907
is_linear=0
shrinkage=0.12


Tree=684
num_leaves=6
num_cat=0
split_feature=0 46 0 1 41
split_gain=0.0389325 0.0835863 0.0523328 0.0500605 0.0481204
threshold=115.27555084228517 0.32203775644302374 112.18384933471681 2.9733999967575078 0.11778192967176439
decision_type=2 2 2 2 2
left_child=2 -2 3 -1 -4
right_child=1 -3 4 -5 -6
leaf_value=-0.00058895074886451259 -0.002074197202386773 0.00019088969778591569 0.0020854284229079251 6.4352909519965232e-06 0.00014266852679722708
leaf_weight=2105 408 552 328 59932 417
leaf_count=2105 408 552 328 59932 417
internal_value=-1.33577e-05 -0.000771772 -1.76083e-06 -1.3767e-05 0.000998004
internal_weight=63742 960 62782 62037 745
internal_count=63742 960 62782 62037 745
is_linear=0
shrinkage=0.12


Tree=685
num_leaves=8
num_cat=0
split_feature=84 73 73 69 58 54 69
split_gain=0.0402092 0.21003 1.25827 1.25115 0.193917 0.34714 0.137338
threshold=1.0000000180025095e-35 402.33372497558599 545.56329345703136 16.500000000000004 0.77531012892723095 -0.091457478702068315 30.500000000000004
decision_type=2 2 2 2 2 2 2
left_child=4 3 -3 -2 6 -6 -1
right_child=1 2 -4 -5 5 -7 -8
leaf_value=-9.8933205127180469e-05 0.004606491275208415 -0.0039957240253846865 -2.4435335550317223e-05 -0.00077893886447950639 0.0038728691614050704 0.00033323247653430907 0.00052976963598039934
leaf_weight=37279 865 1251 14073 2204 511 1820 5779
leaf_count=37279 865 1251 14073 2204 511 1820 5779
internal_value=-1.74935e-05 -0.000167167 -0.000348638 0.000738949 4.31586e-05 0.00110919 -1.45523e-05
internal_weight=63782 18393 15324 3069 45389 2331 43058
internal_count=63782 18393 15324 3069 45389 2331 43058
is_linear=0
shrinkage=0.12


Tree=686
num_leaves=6
num_cat=0
split_feature=13 0 7 51 14
split_gain=0.0608005 0.126286 0.106858 0.22633 0.0822704
threshold=0.92809998989105236 33.976648330688484 10.271399974823 0.076341651380062117 -0.86684998869895924
decision_type=2 2 2 2 2
left_child=1 -1 4 -4 -2
right_child=2 -3 3 -5 -6
leaf_value=0.0020828593698015039 0.0010112544834321052 -0.00066234720920759632 0.0012675920074689201 -0.0020593707267607757 -2.5371634652196219e-05
leaf_weight=569 1123 419 420 985 60266
leaf_count=569 1123 419 420 985 60266
internal_value=-1.53943e-05 0.000918647 -3.00904e-05 -0.00106483 -6.40845e-06
internal_weight=63782 988 62794 1405 61389
internal_count=63782 988 62794 1405 61389
is_linear=0
shrinkage=0.12


Tree=687
num_leaves=7
num_cat=0
split_feature=1 33 66 13 72 6
split_gain=0.0573601 0.174908 0.0680018 0.0565941 0.13605 0.0521629
threshold=21.053549766540531 0.3033392876386643 7.4593751430511483 0.92809998989105236 18.040625572204593 7.5614500045776376
decision_type=2 2 2 2 2 2
left_child=3 -2 -3 4 -1 -5
right_child=1 2 -4 5 -6 -7
leaf_value=0.0024872867592221196 -0.0024588235540719764 -0.0005216235509214438 0.001603387596523775 2.4199351440892396e-05 -0.000469174323860522 -0.00036978316772049921
leaf_weight=431 546 605 338 56099 467 5296
leaf_count=431 546 605 338 56099 467 5296
internal_value=-1.35469e-05 -0.0007496 0.000240045 4.04707e-06 0.000949795 -9.78601e-06
internal_weight=63782 1489 943 62293 898 61395
internal_count=63782 1489 943 62293 898 61395
is_linear=0
shrinkage=0.12


Tree=688
num_leaves=8
num_cat=0
split_feature=47 1 88 0 0 23 66
split_gain=0.0444307 0.154254 0.14935 0.139639 0.132143 0.204867 0.204656
threshold=0.12712826579809192 19.103349685668949 1.1595714092254641 51.081350326538093 53.398599624633796 1.2106750011444094 5.9687500000000009
decision_type=2 2 2 2 2 2 2
left_child=1 3 -3 -1 5 -2 -6
right_child=4 2 -4 -5 6 -7 -8
leaf_value=-0.00022486256373312007 0.001900231436545663 -0.00064865668008392489 -0.003355320826649251 0.00032583211454740001 0.00051690365185036859 0.00016289533544936764 -0.00071275212693645514
leaf_weight=20135 1023 1652 357 9886 2911 21920 5898
leaf_count=20135 1023 1652 357 9886 2911 21920 5898
internal_value=-1.19213e-05 -0.000111641 -0.00112963 -4.35173e-05 8.86715e-05 0.000240361 -0.000306403
internal_weight=63782 32030 2009 30021 31752 22943 8809
internal_count=63782 32030 2009 30021 31752 22943 8809
is_linear=0
shrinkage=0.12


Tree=689
num_leaves=8
num_cat=0
split_feature=46 12 85 46 22 55 3
split_gain=0.0375481 0.15805 0.491575 0.277394 0.125461 0.141525 0.0976487
threshold=0.29645256698131567 2.2931500673294072 0.37500000000000006 0.19760289043188098 1.9614332914352419 0.19272391498088839 0.40302999317646032
decision_type=2 2 2 2 2 2 2
left_child=1 3 -3 -1 5 -2 -6
right_child=4 2 -4 -5 6 -7 -8
leaf_value=8.6915117694241469e-05 0.00096456880825230434 0.0013134558753273688 -0.00056892198776089143 -0.00094601339075060407 0.0019997137722320259 -0.0003302354877603413 -4.6953498680532797e-05
leaf_weight=8679 4055 3706 4334 6584 339 1736 34349
leaf_count=8679 4055 3706 4334 6584 339 1736 34349
internal_value=-1.04908e-05 -0.00013184 0.000298751 -0.000358659 5.93674e-05 0.000576418 -2.69518e-05
internal_weight=63782 23303 8040 15263 40479 5791 34688
internal_count=63782 23303 8040 15263 40479 5791 34688
is_linear=0
shrinkage=0.12


Tree=690
num_leaves=7
num_cat=0
split_feature=6 6 62 81 10 53
split_gain=0.0460768 0.153838 0.326778 0.145037 0.217995 0.0591201
threshold=7.5614500045776376 7.2946999073028573 -0.54526510834693898 1.0000000180025095e-35 2.5000000000000004 2.5031249523162846
decision_type=2 2 2 2 2 2
left_child=1 5 -3 4 -2 -1
right_child=3 2 -4 -5 -6 -7
leaf_value=-5.8913401783994397e-05 -1.4406812247040381e-05 -0.0011708765426979575 0.0025223557616109414 -0.0028219665296204811 -0.0032425589208218779 0.00028707586412679082
leaf_weight=47790 5713 533 978 316 318 8355
leaf_count=47790 5713 533 978 316 318 8355
internal_value=-9.05188e-06 2.473e-05 0.00121958 -0.000315926 -0.000184619 -7.42635e-06
internal_weight=64003 57656 1511 6347 6031 56145
internal_count=64003 57656 1511 6347 6031 56145
is_linear=0
shrinkage=0.12


Tree=691
num_leaves=7
num_cat=0
split_feature=1 28 62 19 29 62
split_gain=0.0396862 0.179922 0.161629 0.107252 0.408339 0.11382
threshold=8.3566002845764178 16.904777526855472 -0.49576644599437708 0.23020833730697635 -39.649393081665032 -3.7547968626022334
decision_type=2 2 2 2 2 2
left_child=1 -1 -3 4 -2 -5
right_child=3 2 -4 5 -6 -7
leaf_value=-0.002785083726664553 0.0047407146180355533 0.00064427274363635192 -0.0002804063913387699 -0.00041006143506913857 0.00028815050343613212 8.3667598562121428e-05
leaf_weight=368 311 3363 14283 8612 6403 30663
leaf_count=368 311 3363 14283 8612 6403 30663
internal_value=-7.96565e-06 -0.000158947 -0.00010418 5.1174e-05 0.000494398 -2.45945e-05
internal_weight=64003 18014 17646 45989 6714 39275
internal_count=64003 18014 17646 45989 6714 39275
is_linear=0
shrinkage=0.12


Tree=692
num_leaves=7
num_cat=0
split_feature=33 51 47 66 29 58
split_gain=0.0372157 0.18903 0.360994 0.173346 0.0608691 0.0494436
threshold=0.066077049821615233 0.11052076891064645 0.1354092285037041 9.3390622138977069 -61.708776473999016 1.0000000180025095e-35
decision_type=2 2 2 2 2 2
left_child=1 2 -1 -3 -2 -6
right_child=4 3 -4 -5 5 -7
leaf_value=0.00059823848452951131 0.0013368390863629069 -0.0015489930444390985 -0.0045986030688491006 0.0016300826327722683 3.1051594976713932e-05 -0.00035260884350901852
leaf_weight=389 493 385 381 689 56375 5291
leaf_count=389 493 385 381 689 56375 5291
internal_value=-7.00977e-06 -0.00053828 -0.00197319 0.00049047 8.75082e-06 -1.86683e-06
internal_weight=64003 1844 770 1074 62159 61666
internal_count=64003 1844 770 1074 62159 61666
is_linear=0
shrinkage=0.12


Tree=693
num_leaves=8
num_cat=0
split_feature=6 19 58 50 6 2 58
split_gain=0.0371416 0.135768 0.250998 0.239331 0.117693 0.29326 0.0599893
threshold=7.5614500045776376 0.27239583432674414 -5.1584389209747306 0.051708163693547256 7.2946999073028573 196.85500335693362 -76.276699066162095
decision_type=2 2 2 2 2 2 2
left_child=4 2 -2 -3 6 -6 -1
right_child=1 3 -4 -5 5 -7 -8
leaf_value=-0.001226598470079966 0.00068411025700900266 0.0019596439408280462 -0.0015391707352943919 -0.00038639352883702778 0.0039789657174749303 0.00010874843311195408 8.6196217759373338e-06
leaf_weight=572 1087 885 2234 2141 375 1136 55573
leaf_count=572 1087 885 2234 2141 375 1136 55573
internal_value=-6.1686e-06 -0.000281686 -0.000811466 0.000299741 2.41615e-05 0.00106926 -3.96466e-06
internal_weight=64003 6347 3321 3026 57656 1511 56145
internal_count=64003 6347 3321 3026 57656 1511 56145
is_linear=0
shrinkage=0.12


Tree=694
num_leaves=8
num_cat=0
split_feature=50 66 47 45 61 66 23
split_gain=0.0342213 0.0409802 0.0877948 0.0442952 0.0262293 0.0241039 0.0119496
threshold=0.53464084863662731 11.792708396911623 0.083142027258873 1.0468750000000002 7.4781248569488534 6.4937500953674325 8.9749999046325701
decision_type=2 2 2 2 2 2 2
left_child=1 3 -3 -1 5 -2 -6
right_child=4 2 -4 -5 6 -7 -8
leaf_value=2.9629266876515242e-05 9.8077624132070221e-05 -0.00080395130951699603 0.00091843373132641595 -0.0002920861428523589 0.00067259027343809512 -0.0010098340118483359 -0.00033541216602816479
leaf_weight=52466 373 561 1773 6983 329 1169 349
leaf_count=52466 373 561 1773 6983 329 1169 349
internal_value=-5.42837e-06 1.12047e-05 0.000504441 -8.16008e-06 -0.000468329 -0.000741837 0.000153722
internal_weight=64003 61783 2334 59449 2220 1542 678
internal_count=64003 61783 2334 59449 2220 1542 678
is_linear=0
shrinkage=0.12


Tree=695
num_leaves=5
num_cat=0
split_feature=3 51 55 55
split_gain=0.122969 0.0650367 0.220131 0.0952758
threshold=0.21119999885559085 0.19418262690305713 0.079867165535688414 0.081122439354658141
decision_type=2 2 2 2
left_child=-1 3 -3 -2
right_child=1 2 -4 -5
leaf_value=0.0019016637542834073 0.00017243402615356505 -0.00049828190119476535 0.00047559866539215629 -0.00018988620444681877
leaf_weight=497 15855 4602 12209 30663
leaf_count=497 15855 4602 12209 30663
internal_value=2.14658e-05 6.71022e-06 0.000209 -6.63945e-05
internal_weight=63826 63329 16811 46518
internal_count=63826 63329 16811 46518
is_linear=0
shrinkage=0.12


Tree=696
num_leaves=8
num_cat=0
split_feature=76 46 83 84 2 50 5
split_gain=0.0984567 0.146115 0.28994 0.243998 0.117142 0.303707 0.0944504
threshold=0.90189963579177868 0.37957391142845159 0.37500000000000006 1.0000000180025095e-35 174.81500244140628 0.12065186724066736 3.6254500150680546
decision_type=2 2 2 2 2 2 2
left_child=4 2 -2 -3 5 -1 -6
right_child=1 3 -4 -5 6 -7 -8
leaf_value=0.00028904629626486973 -0.0015198715964222966 -0.00045765166331407516 0.00071083367899844212 0.002350714131179214 -3.7885659324100674e-05 0.0034210010379220083 0.0012164584188798714
leaf_weight=10310 2845 1527 1190 629 45978 466 881
leaf_count=10310 2845 1527 1190 629 45978 466 881
internal_value=1.88899e-05 -0.000435855 -0.000861993 0.000361672 6.77374e-05 0.000424485 -1.43026e-05
internal_weight=63826 6191 4035 2156 57635 10776 46859
internal_count=63826 6191 4035 2156 57635 10776 46859
is_linear=0
shrinkage=0.12


Tree=697
num_leaves=5
num_cat=0
split_feature=2 76 2 12
split_gain=0.0926 0.0694138 0.135306 0.0796858
threshold=105.59999847412111 0.90189963579177868 154.71999359130862 2.6935499906539921
decision_type=2 2 2 2
left_child=-1 3 -3 -2
right_child=1 2 -4 -5
leaf_value=0.0016482130268830393 0.00020438595576686505 -0.0022024867883274142 -0.00020545566344233769 -8.092167856516053e-05
leaf_weight=497 25244 535 5627 31923
leaf_count=497 25244 535 5627 31923
internal_value=1.66231e-05 3.81858e-06 -0.000378843 4.50654e-05
internal_weight=63826 63329 6162 57167
internal_count=63826 63329 6162 57167
is_linear=0
shrinkage=0.12


Tree=698
num_leaves=5
num_cat=0
split_feature=2 76 45 0
split_gain=0.0717094 0.053754 0.107479 0.0560319
threshold=105.59999847412111 0.90189963579177868 0.50937500596046459 93.235752105712905
decision_type=2 2 2 2
left_child=-1 3 -3 -2
right_child=1 2 -4 -5
leaf_value=0.0014504274505591562 1.2716752578954236e-05 0.00025243777024086501 -0.00076212643720598302 0.000563549035068991
leaf_weight=497 54371 2604 3558 2796
leaf_count=497 54371 2604 3558 2796
internal_value=1.46284e-05 3.36035e-06 -0.000333382 3.96576e-05
internal_weight=63826 63329 6162 57167
internal_count=63826 63329 6162 57167
is_linear=0
shrinkage=0.12


Tree=699
num_leaves=4
num_cat=0
split_feature=2 49 1
split_gain=0.0555318 0.0504286 0.0489285
threshold=105.59999847412111 2.3374999761581425 19.612750053405765
decision_type=2 2 2
left_child=-1 2 -2
right_child=1 -3 -4
leaf_value=0.0012763761534023903 3.6879403926915282e-05 -0.0011843140139931368 -0.0004496303592112988
leaf_weight=497 59685 511 3133
leaf_count=497 59685 511 3133
internal_value=1.2873e-05 2.95711e-06 1.26151e-05
internal_weight=63826 63329 62818
internal_count=63826 63329 62818
is_linear=0
shrinkage=0.12


Tree=700
num_leaves=6
num_cat=0
split_feature=4 59 69 59 41
split_gain=0.0779756 0.240964 0.059376 0.101413 0.0534375
threshold=6.8350000381469735 1.4746245741844179 1.5000000000000002 2.6975412368774419 0.053703686222434051
decision_type=2 2 2 2 2
left_child=1 -1 3 -2 -4
right_child=2 -3 4 -5 -6
leaf_value=-0.003701021456453376 -0.0020995661457216567 0.00059916329305820368 0.00034319597280979596 0.00065424763488132346 -2.644110498836704e-05
leaf_weight=325 493 444 6263 316 55894
leaf_count=325 493 444 6263 316 55894
internal_value=-1.71587e-05 -0.00121821 -2.49034e-06 -0.00102391 1.08039e-05
internal_weight=63735 769 62966 809 62157
internal_count=63735 769 62966 809 62157
is_linear=0
shrinkage=0.12


Tree=701
num_leaves=6
num_cat=0
split_feature=2 76 47 5 6
split_gain=0.0603843 0.166169 0.0542208 0.155407 0.0643841
threshold=106.83499908447267 0.59292572736740123 0.39788766205310827 2.8494501113891606 9.2670497894287127
decision_type=2 2 2 2 2
left_child=1 -1 4 -4 -2
right_child=2 -3 3 -5 -6
leaf_value=0.00055716116639262302 3.5815558275899619e-05 -0.0029819461914720995 -0.00080052263332096405 0.0013911784399280567 -0.0014146506281119671
leaf_weight=415 58984 354 2986 552 444
leaf_count=415 58984 354 2986 552 444
internal_value=-1.50997e-05 -0.00107202 -2.1915e-06 -0.000458573 2.49788e-05
internal_weight=63735 769 62966 3538 59428
internal_count=63735 769 62966 3538 59428
is_linear=0
shrinkage=0.12


Tree=702
num_leaves=5
num_cat=0
split_feature=12 1 12 12
split_gain=0.0518247 0.0485189 0.227574 0.190882
threshold=0.43494999408721929 12.222400188446047 0.81830000877380382 0.96935001015663158
decision_type=2 2 2 2
left_child=-1 2 -2 -3
right_child=1 3 -4 -5
leaf_value=-0.0012301858860184439 0.0018829366804719878 -0.0015997941226385268 3.4609536185348589e-05 -5.8036680004214482e-05
leaf_weight=500 985 1214 36677 24359
leaf_count=500 985 1214 36677 24359
internal_value=-1.32877e-05 -3.66568e-06 8.29501e-05 -0.000131227
internal_weight=63735 63235 37662 25573
internal_count=63735 63235 37662 25573
is_linear=0
shrinkage=0.12


Tree=703
num_leaves=6
num_cat=0
split_feature=54 63 54 53 49
split_gain=0.0479856 0.275753 0.30212 0.0800441 0.078624
threshold=-0.22042333334684369 15.853727817535402 -0.31697525084018702 1.3750000000000002 1.1468749642372134
decision_type=2 2 2 2 2
left_child=1 2 -1 -2 -5
right_child=3 -3 -4 4 -6
leaf_value=-4.7082239349926334e-05 -0.0016511113754715079 0.0026394449568023616 -0.001806101759245937 0.00049600095732011123 -3.5141342770722575e-06
leaf_weight=6450 405 444 1798 4994 49644
leaf_count=6450 405 444 1798 4994 49644
internal_value=-1.16932e-05 -0.000273716 -0.000430535 2.96836e-05 4.21423e-05
internal_weight=63735 8692 8248 55043 54638
internal_count=63735 8692 8248 55043 54638
is_linear=0
shrinkage=0.12


Tree=704
num_leaves=6
num_cat=0
split_feature=2 59 47 5 6
split_gain=0.041226 0.15666 0.0419194 0.12277 0.0473311
threshold=106.83499908447267 1.1625789403915407 0.39788766205310827 2.8966499567031865 9.2670497894287127
decision_type=2 2 2 2 2
left_child=1 -1 4 -4 -2
right_child=2 -3 3 -5 -6
leaf_value=-0.0029677183208536473 3.3557262629424926e-05 0.00052397766799568591 -0.00069167853479409468 0.0013175862305570263 -0.0012100732307000134
leaf_weight=310 58984 459 3026 512 444
leaf_count=310 58984 459 3026 512 444
internal_value=-1.029e-05 -0.000883598 3.75663e-07 -0.000400909 2.42658e-05
internal_weight=63735 769 62966 3538 59428
internal_count=63735 769 62966 3538 59428
is_linear=0
shrinkage=0.12


Tree=705
num_leaves=5
num_cat=0
split_feature=53 64 71 29
split_gain=0.0566593 0.0478289 0.134305 0.0965856
threshold=3.1000000238418584 1.0000000180025095e-35 86.500000000000014 4.3132436275482187
decision_type=2 2 2 2
left_child=1 3 -3 -1
right_child=-2 2 -4 -5
leaf_value=-0.00035899719809740876 0.0014422444875438357 0.00061349568858028625 -6.950505380016977e-05 6.8823084003937895e-05
leaf_weight=9565 420 7121 9923 36969
leaf_count=9565 420 7121 9923 36969
internal_value=5.30526e-05 4.38755e-05 0.000215853 -1.91148e-05
internal_weight=63998 63578 17044 46534
internal_count=63998 63578 17044 46534
is_linear=0
shrinkage=0.12


Tree=706
num_leaves=7
num_cat=0
split_feature=58 55 23 54 62 53
split_gain=0.0707778 0.157515 0.233529 0.175758 0.0597016 0.0580105
threshold=-49.639499664306634 0.093566354364156737 6.2425999641418466 0.081819590181112303 -52.371625900268548 3.1000000238418584
decision_type=2 2 2 2 2 2
left_child=1 3 -3 -1 -2 -6
right_child=4 2 -4 -5 5 -7
leaf_value=-0.0024169220200703995 -0.0014887081218583247 0.00024962327422650943 0.0027510161497058686 0.00070628728772292328 1.6642685489846368e-05 0.0014924772316729437
leaf_weight=456 377 1542 825 602 59810 386
leaf_count=456 377 1542 825 602 59810 386
internal_value=4.66863e-05 0.000577394 0.00112146 -0.000639822 1.66783e-05 2.61063e-05
internal_weight=63998 3425 2367 1058 60573 60196
internal_count=63998 3425 2367 1058 60573 60196
is_linear=0
shrinkage=0.12


Tree=707
num_leaves=8
num_cat=0
split_feature=58 66 53 5 59 59 5
split_gain=0.0548103 0.139137 0.321505 0.165716 0.0487254 0.154678 0.149638
threshold=-49.639499664306634 11.598958492279055 2.1968749761581425 2.0910500288009648 5.4108574390411386 4.1367342472076425 0.27525000274181372
decision_type=2 2 2 2 2 2 2
left_child=1 2 -1 -3 5 -2 -6
right_child=4 3 -4 -5 6 -7 -8
leaf_value=0.0029694035424577226 7.6003228419179119e-06 0.00037465942115152219 -0.00015434409894621518 -0.0025354309803030145 -0.0027759544803185542 0.00080470465357540923 -0.00012511217507518482
leaf_weight=827 43353 1107 1113 378 314 3814 13092
leaf_count=827 43353 1107 1113 378 314 3814 13092
internal_value=4.10839e-05 0.000508107 0.00117727 -0.000366091 1.46769e-05 7.20555e-05 -0.000187201
internal_weight=63998 3425 1940 1485 60573 47167 13406
internal_count=63998 3425 1940 1485 60573 47167 13406
is_linear=0
shrinkage=0.12


Tree=708
num_leaves=7
num_cat=0
split_feature=58 33 1 45 53 53
split_gain=0.0424451 0.141766 0.132717 0.0478723 0.165535 0.101007
threshold=-49.639499664306634 0.18412054330110553 16.434949874877933 0.49687500298023229 2.5656249523162846 2.0093749761581425
decision_type=2 2 2 2 2 2
left_child=1 -1 -3 4 -2 -5
right_child=3 2 -4 5 -6 -7
leaf_value=0.0025494601467397769 0.00031530290511040378 -0.00019437794935311465 0.0019324668129256607 -0.00040379933940968963 -0.0025148568607469583 4.264715913405273e-05
leaf_weight=407 10838 2510 508 8900 306 40529
leaf_count=407 10838 2510 508 8900 306 40529
internal_value=3.61538e-05 0.000447134 0.00016362 1.29156e-05 0.00023759 -3.77383e-05
internal_weight=63998 3425 3018 60573 11144 49429
internal_count=63998 3425 3018 60573 11144 49429
is_linear=0
shrinkage=0.12


Tree=709
num_leaves=6
num_cat=0
split_feature=62 71 50 62 61
split_gain=0.0348564 0.200008 0.182026 0.0731747 0.0594784
threshold=7.6057021617889413 50.500000000000007 0.2662226557731629 6.5050992965698251 5.1968748569488534
decision_type=2 2 2 2 2
left_child=3 -2 -3 4 -1
right_child=1 2 -4 -5 -6
leaf_value=-2.916836861401852e-05 0.0021654792192756481 -0.0020132938616467823 0.00057534766979595831 0.0015068293684171682 0.0002495435776751381
leaf_weight=47119 345 1011 638 491 14394
leaf_count=47119 345 1011 638 491 14394
internal_value=3.18154e-05 -0.000462025 -0.00101175 4.76969e-05 3.605e-05
internal_weight=63998 1994 1649 62004 61513
internal_count=63998 1994 1649 62004 61513
is_linear=0
shrinkage=0.12


Tree=710
num_leaves=7
num_cat=0
split_feature=76 72 83 72 57 50
split_gain=0.0645307 0.156232 0.314475 0.155176 0.136944 0.111277
threshold=0.67040735483169567 4.9468748569488534 1.0000000180025095e-35 7.4156248569488534 2.1031249761581425 0.24157288670539859
decision_type=2 2 2 2 2 2
left_child=1 2 -1 -3 5 -2
right_child=4 3 -4 -5 -6 -7
leaf_value=-0.0044301633936835311 0.00031294854412540404 0.00084902407503246557 0.00065676071259326157 -0.0001384445697170377 0.0025530986148919101 -0.00023001789711999499
leaf_weight=350 14239 2440 350 37680 334 8791
leaf_count=350 14239 2440 350 37680 334 8791
internal_value=-1.83682e-05 -0.000109399 -0.0018867 -7.83891e-05 0.000140675 0.000105688
internal_weight=64184 40820 700 40120 23364 23030
internal_count=64184 40820 700 40120 23364 23030
is_linear=0
shrinkage=0.12


Tree=711
num_leaves=7
num_cat=0
split_feature=0 6 6 47 22 34
split_gain=0.0553037 0.228236 0.221935 0.119179 0.256756 0.171149
threshold=54.081701278686531 8.3271498680114764 8.0989003181457537 0.26561264693737036 1.0484041571617129 1.0394142866134646
decision_type=2 2 2 2 2 2
left_child=3 2 -2 5 -5 -1
right_child=1 -3 -4 4 -6 -7
leaf_value=1.0904181878215502e-05 0.0001809847857420312 -0.0022930170768317606 0.0033958359208856046 0.0026161835098594249 0.0001361549253448025 -0.00051903784478883575
leaf_weight=26309 16851 528 315 664 6349 13168
leaf_count=26309 16851 528 315 664 6349 13168
internal_value=-1.6164e-05 0.000164392 0.000239978 -8.48832e-05 0.000370967 -0.000165864
internal_weight=64184 17694 17166 46490 7013 39477
internal_count=64184 17694 17166 46490 7013 39477
is_linear=0
shrinkage=0.12


Tree=712
num_leaves=8
num_cat=0
split_feature=41 0 20 60 29 20 29
split_gain=0.0460626 0.150174 0.192904 0.183749 0.0973374 0.21635 0.169403
threshold=0.088684927672147765 50.604598999023445 30.633506774902347 1.0000000180025095e-35 -32.066806793212884 29.250388145446781 -22.068667411804196
decision_type=2 2 2 2 2 2 2
left_child=1 2 -1 -3 5 -2 -6
right_child=4 3 -4 -5 6 -7 -8
leaf_value=-0.00062174197655963132 0.00023686636973760654 7.4424789644202e-05 0.00063103592656128533 0.0021126378540199278 -0.0024269653038929517 0.0031188375858191937 3.2891920658097401e-05
leaf_weight=10470 1940 5462 2130 721 407 465 42589
leaf_count=10470 1940 5462 2130 721 407 465 42589
internal_value=-1.42243e-05 -0.000172273 -0.000409963 0.000312101 5.11627e-05 0.000794087 9.60692e-06
internal_weight=64184 18783 12600 6183 45401 2405 42996
internal_count=64184 18783 12600 6183 45401 2405 42996
is_linear=0
shrinkage=0.12


Tree=713
num_leaves=8
num_cat=0
split_feature=62 0 7 19 62 66 15
split_gain=0.0400202 0.214278 0.206729 0.150954 0.0808595 0.409533 0.0685857
threshold=4.4130663871765146 7.6552000045776376 3.8282500505447392 0.24010416120290759 1.7267239689826968 10.833854198455812 11.812844276428224
decision_type=2 2 2 2 2 2 2
left_child=4 2 -2 -3 6 -6 -1
right_child=1 3 -4 -5 5 -7 -8
leaf_value=-5.7907652596257246e-05 -0.00039338336206547241 -0.002561611996710015 0.0038061052322121464 -0.00041118780889083824 0.004797830586718 -0.00025670458637055336 0.00033855759118335267
leaf_weight=52419 378 608 305 2072 304 959 7139
leaf_count=52419 378 608 305 2072 304 959 7139
internal_value=-1.25174e-05 -0.000415486 0.00148194 -0.000899045 9.7641e-06 0.000959906 -1.03848e-05
internal_weight=64184 3363 683 2680 60821 1263 59558
internal_count=64184 3363 683 2680 60821 1263 59558
is_linear=0
shrinkage=0.12


Tree=714
num_leaves=7
num_cat=0
split_feature=22 62 31 62 2 16
split_gain=0.0454801 0.242718 0.145988 0.0945582 0.319779 0.0626288
threshold=0.91833332180976879 -46.870124816894524 0.37812499701976782 -46.870124816894524 228.37500000000003 2.1094824075698857
decision_type=2 2 2 2 2 2
left_child=1 -1 -3 4 -2 -5
right_child=3 2 -4 5 -6 -7
leaf_value=-0.0035616308548543376 0.0023242616161821277 -0.0021314115288614552 8.6473585473256895e-05 -0.0010890556631088703 -0.000189052591561051 -3.4502968683002676e-06
leaf_weight=319 1090 476 4183 776 2201 55139
leaf_count=319 1090 476 4183 776 2201 55139
internal_value=-1.10153e-05 -0.00035938 -0.000140123 1.8275e-05 0.000643373 -1.85166e-05
internal_weight=64184 4978 4659 59206 3291 55915
internal_count=64184 4978 4659 59206 3291 55915
is_linear=0
shrinkage=0.12


Tree=715
num_leaves=8
num_cat=0
split_feature=66 66 47 69 24 1 66
split_gain=0.0584698 0.171954 0.248203 0.182559 0.134899 0.145419 0.139283
threshold=10.453125000000002 9.9257812500000018 0.14611424505710605 11.500000000000002 3.4986035823822026 18.205049514770511 10.567708492279055
decision_type=2 2 2 2 2 2 2
left_child=1 3 -3 -1 5 -2 -6
right_child=4 2 -4 -5 6 -7 -8
leaf_value=0.00043066664767224706 -8.5048098329492419e-05 0.00211419738078478 -0.00020665187625800845 -0.00018458243743653952 -0.0019998907531030572 0.0028416046746558054 -9.8400588005433521e-05
leaf_weight=11402 518 1462 1215 17766 565 463 30481
leaf_count=11402 518 1462 1215 17766 565 463 30481
internal_value=2.52594e-05 0.0001404 0.00106084 5.59233e-05 -8.92272e-05 0.00129624 -0.000133005
internal_weight=63872 31845 2677 29168 32027 981 31046
internal_count=63872 31845 2677 29168 32027 981 31046
is_linear=0
shrinkage=0.12


Tree=716
num_leaves=7
num_cat=0
split_feature=58 22 22 47 49 29
split_gain=0.0569724 0.120609 0.217437 0.0759866 0.162612 0.157762
threshold=-27.623100280761715 0.75289997458457958 1.0713000297546389 0.19531755894422534 1.2718749642372134 -61.708776473999016
decision_type=2 2 2 2 2 2
left_child=1 -1 -3 5 -5 -2
right_child=3 2 -4 4 -6 -7
leaf_value=-0.0024401521523383855 0.0014229978384271724 0.0028713206135712209 -0.00037307888640257877 0.00053898190868257527 -0.00037757787819559202 0.00010068168324458995
leaf_weight=366 1342 315 5342 3622 12096 40789
leaf_count=366 1342 315 5342 3622 12096 40789
internal_value=2.22282e-05 -0.000329008 -0.00019242 5.87975e-05 -0.000166369 0.000142801
internal_weight=63872 6023 5657 57849 15718 42131
internal_count=63872 6023 5657 57849 15718 42131
is_linear=0
shrinkage=0.12


Tree=717
num_leaves=8
num_cat=0
split_feature=66 22 55 19 14 8 41
split_gain=0.047407 0.199832 0.237228 0.112807 0.0463051 0.132624 0.101968
threshold=11.707291603088381 1.9392499923706057 0.13625658303499225 0.21770833432674411 2.7615000009536748 7.6015610694885263 0.080978870391845717
decision_type=2 2 2 2 2 2 2
left_child=4 2 -2 -3 5 -1 -6
right_child=1 3 -4 -5 6 -7 -8
leaf_value=-0.0012838110885464882 -5.4489639288346679e-05 0.001869576901309641 -0.0041457301214432949 -0.00018555785936633201 -0.00020971440352439519 -1.2884095981997777e-05 0.0002476570029810016
leaf_weight=1262 420 415 397 5252 9364 18731 28031
leaf_count=1262 420 415 397 5252 9364 18731 28031
internal_value=1.95608e-05 -0.000288004 -0.00204252 -3.50583e-05 5.43111e-05 -9.31077e-05 0.000133128
internal_weight=63872 6484 817 5667 57388 19993 37395
internal_count=63872 6484 817 5667 57388 19993 37395
is_linear=0
shrinkage=0.12


Tree=718
num_leaves=8
num_cat=0
split_feature=58 47 50 51 22 41 49
split_gain=0.0425586 0.117656 0.213603 0.174248 0.0746571 0.25301 0.0951594
threshold=-27.623100280761715 0.21726660430431369 0.048710972070693977 0.24386103451251986 0.78979167342185985 0.18770128488540652 1.8718749880790713
decision_type=2 2 2 2 2 2 2
left_child=1 2 -1 -3 5 -2 -6
right_child=4 3 -4 -5 6 -7 -8
leaf_value=-0.0022795056699422764 0.0010762112123371931 -3.4507344880536117e-05 -0.00018829994469623618 0.0031549880321409735 -3.1701875004223456e-05 -0.0014795196011747102 0.00056782588927700283
leaf_weight=869 2876 1150 3690 314 50155 692 4126
leaf_count=869 2876 1150 3690 314 50155 692 4126
internal_value=1.72135e-05 -0.000286358 -0.000586909 0.000649578 4.88202e-05 0.000580537 1.38693e-05
internal_weight=63872 6023 4559 1464 57849 3568 54281
internal_count=63872 6023 4559 1464 57849 3568 54281
is_linear=0
shrinkage=0.12


Tree=719
num_leaves=8
num_cat=0
split_feature=47 5 0 47 67 12 66
split_gain=0.0433258 0.141746 0.146464 0.116554 0.284426 0.0797932 0.0777894
threshold=0.099129147827625289 3.6985499858856206 33.405448913574226 0.10760232433676721 1.5000000000000002 1.524199962615967 4.9031250476837167
decision_type=2 2 2 2 2 2 2
left_child=1 6 -3 4 -2 -5 -1
right_child=3 2 -4 5 -6 -7 -8
leaf_value=-0.0002845615334258938 -0.00033935936006124071 0.00034250266040006364 0.0037741763997841088 -0.0004587908163779135 -0.0039667964314012002 6.1558691089141652e-05 0.00022322982008116769
leaf_weight=5859 2341 426 309 4872 359 32903 16803
leaf_count=5859 2341 426 309 4872 359 32903 16803
internal_value=1.51479e-05 0.000145139 0.00178521 -5.99946e-05 -0.000821674 -5.55296e-06 9.19462e-05
internal_weight=63872 23397 735 40475 2700 37775 22662
internal_count=63872 23397 735 40475 2700 37775 22662
is_linear=0
shrinkage=0.12


Tree=720
num_leaves=8
num_cat=0
split_feature=70 82 85 47 13 69 59
split_gain=0.070145 0.323625 0.168836 0.155782 0.0863444 0.186068 0.0740324
threshold=2.5000000000000004 1.0000000180025095e-35 0.62500000000000011 0.15806051343679431 2.2410500049591069 16.500000000000004 -7.8056867122650138
decision_type=2 2 2 2 2 2 2
left_child=1 2 -1 -3 5 -2 -6
right_child=4 3 -4 -5 6 -7 -8
leaf_value=0.00048563716811323023 0.0018922015347434921 0.0011573534904595702 -0.0016160000445491671 0.0042705686078850355 0.0017332386023340873 -0.0010504301440419572 -2.2324984000468995e-05
leaf_weight=1646 353 597 827 378 348 2507 57328
leaf_count=1646 353 597 827 378 348 2507 57328
internal_value=-1.366e-05 0.000512802 -0.000217175 0.00236432 -4.36461e-05 -0.000687231 -1.17324e-05
internal_weight=63984 3448 2473 975 60536 2860 57676
internal_count=63984 3448 2473 975 60536 2860 57676
is_linear=0
shrinkage=0.12


Tree=721
num_leaves=8
num_cat=0
split_feature=63 63 74 22 33 71 5
split_gain=0.0570593 0.237482 0.184473 0.174727 0.1644 0.240243 0.130901
threshold=4.261676788330079 4.7452085018157968 9.5000000000000018 1.7660166621208193 0.088109530508518233 84.500000000000014 3.3412499427795415
decision_type=2 2 2 2 2 2 2
left_child=4 3 -3 -2 5 -1 -6
right_child=1 2 -4 -5 6 -7 -8
leaf_value=0.00056514089258540283 -0.0040532112363927076 0.0012344534269766881 -0.00018942007649229079 -0.00089198376094510852 6.6702929218268804e-05 0.004255231000652112 -0.00080909629158676735
leaf_weight=1573 353 1425 16270 878 40566 303 2616
leaf_count=1573 353 1425 16270 878 40566 303 2616
internal_value=-1.20208e-05 -0.000186871 -7.47538e-05 -0.00179849 6.14225e-05 0.00116114 1.36463e-05
internal_weight=63984 18926 17695 1231 45058 1876 43182
internal_count=63984 18926 17695 1231 45058 1876 43182
is_linear=0
shrinkage=0.12


Tree=722
num_leaves=8
num_cat=0
split_feature=70 82 59 47 13 47 24
split_gain=0.0548873 0.250668 0.134084 0.120168 0.0662747 0.18538 0.0683344
threshold=2.5000000000000004 1.0000000180025095e-35 3.3896572589874272 0.15806051343679431 2.2410500049591069 0.11831239610910417 2.9733027219772343
decision_type=2 2 2 2 2 2 2
left_child=1 2 -1 -3 5 -2 -6
right_child=4 3 -4 -5 6 -7 -8
leaf_value=0.00054500152903671627 0.00034444144936377662 0.0010245651947527459 -0.0012534575430154264 0.0037588569555719871 0.0010414209310785783 -0.0015882439735979434 -2.5383597414579243e-05
leaf_weight=1466 1461 597 1007 378 878 1399 56798
leaf_count=1466 1461 597 1007 378 878 1399 56798
internal_value=-1.05783e-05 0.00045512 -0.000187327 0.00208463 -3.71034e-05 -0.000600953 -9.14366e-06
internal_weight=63984 3448 2473 975 60536 2860 57676
internal_count=63984 3448 2473 975 60536 2860 57676
is_linear=0
shrinkage=0.12


Tree=723
num_leaves=6
num_cat=0
split_feature=63 16 53 63 33
split_gain=0.042858 0.176934 0.163679 0.101756 0.0814277
threshold=11.987860679626467 2.6212134361267094 2.4406249523162846 11.086419582366945 0.088109530508518233
decision_type=2 2 2 2 2
left_child=3 -2 -3 4 -1
right_child=1 2 -4 -5 -6
leaf_value=0.0007234160334674938 0.0022615409937962365 -0.00059397493282642715 0.00044877446044956431 0.0019310912451344644 -1.0366779065820943e-05
leaf_weight=2277 399 7988 2975 405 49940
leaf_count=2277 399 7988 2975 405 49940
internal_value=-9.30888e-06 -0.000220667 -0.000311007 3.63269e-05 2.16309e-05
internal_weight=63984 11362 10963 52622 52217
internal_count=63984 11362 10963 52622 52217
is_linear=0
shrinkage=0.12


Tree=724
num_leaves=8
num_cat=0
split_feature=55 55 57 41 24 70 85
split_gain=0.0397425 0.175119 0.17468 0.161196 0.121219 0.182148 0.11588
threshold=0.095984905958175673 0.093566354364156737 13.212500095367433 0.14334326982498172 1.9618666768074038 2.5000000000000004 0.37500000000000006
decision_type=2 2 2 2 2 2 2
left_child=1 2 -1 -3 6 -6 -2
right_child=4 3 -4 -5 5 -7 -8
leaf_value=0.00010960177364582405 -0.003289133157012901 0.0036899628972136152 -0.0018148054748965872 5.244894005100142e-05 0.0011789704252847424 -0.00011139158414125044 -0.00026466025131326306
leaf_weight=24007 328 372 699 332 1647 36188 411
leaf_count=24007 328 372 699 332 1647 36188 411
internal_value=-8.19182e-06 0.000108333 5.51551e-05 0.00197454 -8.49506e-05 -5.52207e-05 -0.00160705
internal_weight=63984 25410 24706 704 38574 37835 739
internal_count=63984 25410 24706 704 38574 37835 739
is_linear=0
shrinkage=0.12


Tree=725
num_leaves=7
num_cat=0
split_feature=29 61 86 88 47 55
split_gain=0.0834116 0.172515 0.134998 0.0731728 0.243514 0.0937767
threshold=-64.862651824951158 7.6531250476837167 1.0000000180025095e-35 1.1628428101539614 0.38102824985980993 0.48462313413620001
decision_type=2 2 2 2 2 2
left_child=1 2 -1 5 -5 -2
right_child=3 -3 -4 4 -6 -7
leaf_value=1.499097971575138e-05 -4.5673722841911037e-05 0.0018941965345740741 -0.0020856779168103956 0.00020355902753474412 0.002989454593991016 0.0009108690714868707
leaf_weight=772 51982 307 1026 7960 479 1519
leaf_count=772 51982 307 1026 7960 479 1519
internal_value=8.03908e-06 -0.000734829 -0.00118372 3.32851e-05 0.000361687 -1.85156e-05
internal_weight=64045 2105 1798 61940 8439 53501
internal_count=64045 2105 1798 61940 8439 53501
is_linear=0
shrinkage=0.12


Tree=726
num_leaves=6
num_cat=0
split_feature=24 7 75 16 33
split_gain=0.065263 0.24622 0.151801 0.128329 0.10189
threshold=4.6717307567596444 8.4924998283386248 9.5000000000000018 4.8416154384613046 0.043528616428375251
decision_type=2 2 2 2 2
left_child=2 4 3 -1 -2
right_child=1 -3 -4 -5 -6
leaf_value=-0.00027342508977237567 -0.0012180780599179496 0.003442775776077594 0.0017579025808888782 -0.0022046056908095056 6.1921246808137396e-05
leaf_weight=9110 911 308 504 524 52688
leaf_count=9110 911 308 504 524 52688
internal_value=7.07439e-06 5.96066e-05 -0.000272256 -0.000378463 4.01656e-05
internal_weight=64045 53907 10138 9634 53599
internal_count=64045 53907 10138 9634 53599
is_linear=0
shrinkage=0.12


Tree=727
num_leaves=7
num_cat=0
split_feature=22 31 85 53 34 36
split_gain=0.0599987 0.256657 1.20354 0.0757672 0.14893 0.114464
threshold=0.53448331356048595 0.51562500000000011 0.37500000000000006 2.4281250238418584 1.0757571458816531 28.863415718078617
decision_type=2 2 2 2 2 2
left_child=1 -1 -3 5 -5 -2
right_child=3 2 -4 4 -6 -7
leaf_value=-0.0028498013091587419 0.00039386430896722481 0.0051292463487664771 -0.0019363528446930229 -4.4468066416844951e-06 -0.00094850649928894201 -1.7015076373260318e-05
leaf_weight=552 13589 491 1185 10418 3129 34681
leaf_count=552 13589 491 1185 10418 3129 34681
internal_value=6.22547e-06 -0.000605569 0.000133581 2.82757e-05 -0.0002225 9.86559e-05
internal_weight=64045 2228 1676 61817 13547 48270
internal_count=64045 2228 1676 61817 13547 48270
is_linear=0
shrinkage=0.12


Tree=728
num_leaves=8
num_cat=0
split_feature=29 66 65 65 46 55 69
split_gain=0.0545362 0.160541 0.3676 0.233589 0.0658796 0.306224 0.10288
threshold=-64.862651824951158 10.833854198455812 35.500000000000007 42.500000000000007 0.14197479933500293 0.1891301050782204 2.5000000000000004
decision_type=2 2 2 2 2 2 2
left_child=1 2 -1 -3 5 -2 -6
right_child=4 3 -4 -5 6 -7 -8
leaf_value=-0.00013788151658860272 2.7158193541833649e-05 0.0027433832426151427 -0.0047006053680172218 -0.0011695295631494339 -0.0011701465244810419 0.0024715708230533414 1.0270053680917968e-05
leaf_weight=860 4520 408 361 476 1084 882 55454
leaf_count=860 4520 408 361 476 1084 882 55454
internal_value=5.47841e-06 -0.000595198 -0.00148689 0.00063643 2.58921e-05 0.000426264 -1.2362e-05
internal_weight=64045 2105 1221 884 61940 5402 56538
internal_count=64045 2105 1221 884 61940 5402 56538
is_linear=0
shrinkage=0.12


Tree=729
num_leaves=7
num_cat=0
split_feature=47 34 0 76 85 49
split_gain=0.0539629 0.171198 0.263384 0.0727566 0.430176 0.104192
threshold=0.024418387562036518 0.89852857589721691 47.845100402832038 0.93905243277549755 0.37500000000000006 0.69062501192092907
decision_type=2 2 2 2 2 2
left_child=1 -1 -3 5 -5 -2
right_child=3 2 -4 4 -6 -7
leaf_value=-0.001844631848556198 0.00094145405553716221 -0.00057768147356165129 0.0020662739952597886 -0.0028767920476025564 0.00098414291992570107 -2.2728758970599201e-05
leaf_weight=371 1660 945 1274 772 900 58123
leaf_count=371 1660 945 1274 772 900 58123
internal_value=4.821e-06 0.000541377 0.000940299 -1.7792e-05 -0.000798538 4.04379e-06
internal_weight=64045 2590 2219 61455 1672 59783
internal_count=64045 2590 2219 61455 1672 59783
is_linear=0
shrinkage=0.12


Tree=730
num_leaves=8
num_cat=0
split_feature=59 59 1 59 70 66 23
split_gain=0.0726981 0.155261 0.154494 0.127086 0.115143 0.171012 0.134027
threshold=3.7433892488479619 3.4357264041900639 8.8491501808166522 2.9314961433410649 32.500000000000007 7.5906250476837167 8.9905333518981951
decision_type=2 2 2 2 2 2 2
left_child=1 3 -3 -1 5 -2 -6
right_child=4 2 -4 -5 6 -7 -8
leaf_value=-0.00011907034866559777 0.0019874617322615559 0.000699488454623721 -0.0023386761873158061 0.00083868864380218157 -0.0016316776124443814 0.00017398463103445258 0.0004315772125176769
leaf_weight=38515 779 338 840 2104 1055 19314 795
leaf_count=38515 779 338 840 2104 1055 19314 795
internal_value=-1.59899e-05 -0.000108846 -0.00146694 -6.94599e-05 0.000160883 0.000244293 -0.000745036
internal_weight=63740 41797 1178 40619 21943 20093 1850
internal_count=63740 41797 1178 40619 21943 20093 1850
is_linear=0
shrinkage=0.12


Tree=731
num_leaves=8
num_cat=0
split_feature=1 46 23 62 1 23 55
split_gain=0.0583833 0.127417 0.205902 0.1492 0.0590098 0.108051 0.107624
threshold=5.5274500846862802 0.29090571403503424 8.488016605377199 -5.1813919544219962 6.1767001152038583 9.2375373840332049 0.21000351756811145
decision_type=2 2 2 2 2 2 2
left_child=1 2 -1 -3 6 -6 -2
right_child=4 3 -4 -5 5 -7 -8
leaf_value=-0.0015049873111424436 0.001142336051318118 0.0025913265147890262 0.0009377898655832268 -0.00012347473352619859 2.7438370515955198e-05 -0.0012899151467756476 -0.00096919822491924729
leaf_weight=2222 1551 311 640 4652 53004 912 448
leaf_count=2222 1551 311 640 4652 53004 912 448
internal_value=-1.40711e-05 -0.000321073 -0.000958734 4.66448e-05 2.88921e-05 5.15507e-06 0.000669116
internal_weight=63740 7825 2862 4963 55915 53916 1999
internal_count=63740 7825 2862 4963 55915 53916 1999
is_linear=0
shrinkage=0.12


Tree=732
num_leaves=7
num_cat=0
split_feature=76 76 71 1 2 66
split_gain=0.0504959 0.185046 0.28813 0.0950532 0.316228 0.113588
threshold=0.80726194381713878 0.81378167867660534 29.500000000000004 3.1630500555038457 218.4049987792969 7.8062500953674325
decision_type=2 2 2 2 2 2
left_child=3 -2 -3 4 -1 -5
right_child=1 2 -4 5 -6 -7
leaf_value=-0.0031449974118459723 -0.0024825642356045355 -0.00022808681364978395 0.003224778280628168 0.00051015123221305892 0.00058956487562304878 -5.8716066501527904e-06
leaf_weight=556 501 12471 358 7199 791 41864
leaf_count=556 501 12471 358 7199 791 41864
internal_value=-1.23826e-05 -0.000220087 -0.000131733 4.25411e-05 -0.000951947 6.98443e-05
internal_weight=63740 13330 12829 50410 1347 49063
internal_count=63740 13330 12829 50410 1347 49063
is_linear=0
shrinkage=0.12


Tree=733
num_leaves=8
num_cat=0
split_feature=63 63 53 47 19 85 30
split_gain=0.0467232 0.212154 0.146227 0.246894 0.20654 0.145211 0.138384
threshold=1.7105070352554324 1.1165503263473513 2.0531250238418584 0.21558733284473422 0.39687500894069677 0.62500000000000011 4.5000000000000009
decision_type=2 2 2 2 2 2 2
left_child=1 6 3 -2 -4 -3 -1
right_child=2 5 4 -5 -6 -7 -8
leaf_value=-6.0864094267876015e-05 0.00021085778420132915 -0.0023681645540074938 6.7405107595087322e-05 0.0020541159536526638 -0.0013739714056007039 -0.00031371781489830897 0.0018227583535148156
leaf_weight=34273 4505 958 19499 1363 1545 1026 571
leaf_count=34273 4505 958 19499 1363 1545 1026 571
internal_value=-1.08967e-05 -9.87232e-05 0.00010929 0.000639004 -3.84173e-05 -0.00130573 -2.99966e-05
internal_weight=63740 36828 26912 5868 21044 1984 34844
internal_count=63740 36828 26912 5868 21044 1984 34844
is_linear=0
shrinkage=0.12


Tree=734
num_leaves=7
num_cat=0
split_feature=24 63 51 24 83 24
split_gain=0.0459454 0.171446 0.219207 0.121084 0.118378 0.0852023
threshold=2.8045762777328496 2.1859568357467656 0.076341651380062117 2.9733027219772343 0.37500000000000006 3.1279505491256718
decision_type=2 2 2 2 2 2
left_child=1 4 -3 -2 -1 -5
right_child=3 2 -4 5 -6 -7
leaf_value=-0.0016738861341415031 0.0018589768143380829 0.0033403528912350441 -0.00027552348664178992 -0.0015567278767964631 0.00046139243330262287 1.165624973811497e-05
leaf_weight=1500 508 323 956 503 498 59452
leaf_count=1500 508 323 956 503 498 59452
internal_value=-9.58909e-06 -0.000447215 0.000637634 1.41295e-05 -0.00114167 -1.50191e-06
internal_weight=63740 3277 1279 60463 1998 59955
internal_count=63740 3277 1279 60463 1998 59955
is_linear=0
shrinkage=0.12


Tree=735
num_leaves=7
num_cat=0
split_feature=62 19 72 58 1 58
split_gain=0.0564273 0.157171 0.132912 0.0891939 0.152895 0.0924435
threshold=4.6552038192749032 0.23437500000000003 23.081250190734867 2.1080722808837895 15.085150241851808 1.3808410167694094
decision_type=2 2 2 2 2 2
left_child=3 -2 -3 5 -5 -1
right_child=1 2 -4 4 -6 -7
leaf_value=4.9135663273827344e-05 -0.0022156482976447857 -0.00077745520762684327 0.00096195929285524577 0.000275093332470694 0.0033764541751532362 -0.0015487814364286881
leaf_weight=58986 598 1531 1078 875 310 526
leaf_count=58986 598 1531 1078 875 310 526
internal_value=2.96197e-05 -0.000460945 -5.8755e-05 5.55392e-05 0.00108642 3.50124e-05
internal_weight=63904 3207 2609 60697 1185 59512
internal_count=63904 3207 2609 60697 1185 59512
is_linear=0
shrinkage=0.12


Tree=736
num_leaves=6
num_cat=0
split_feature=49 9 0 33 53
split_gain=0.053341 0.139061 0.138467 0.0615012 0.0664228
threshold=2.0124999284744267 1.0000000180025095e-35 3.910850048065186 0.019563000649213794 2.2406250238418584
decision_type=2 2 2 2 2
left_child=3 2 -2 -1 -5
right_child=1 -3 -4 4 -6
leaf_value=0.0013642417850625872 0.0012892344468250737 0.0015429914288655293 -0.0013497848025989367 0.00014794444972720985 -0.00010452906772825083
leaf_weight=507 343 395 1732 34177 26750
leaf_count=507 343 395 1732 34177 26750
internal_value=2.60653e-05 -0.000520704 -0.000913552 4.80486e-05 3.70959e-05
internal_weight=63904 2470 2075 61434 60927
internal_count=63904 2470 2075 61434 60927
is_linear=0
shrinkage=0.12


Tree=737
num_leaves=7
num_cat=0
split_feature=62 47 28 28 47 22
split_gain=0.0432754 0.178153 0.16449 0.0739577 0.155234 0.113332
threshold=4.6552038192749032 0.055641822516918189 56.246805191040046 36.575792312622077 0.044519009068608291 1.1941999793052676
decision_type=2 2 2 2 2 2
left_child=3 -2 -3 4 -1 -5
right_child=1 2 -4 5 -6 -7
leaf_value=-0.0028804523483141444 -0.0030167563289957666 0.0015654821566477314 -0.00059567440798023838 0.00053570628996383815 -0.0002222793316190617 1.7994204820325462e-05
leaf_weight=345 337 658 2212 6941 3811 49600
leaf_count=345 337 658 2212 6941 3811 49600
internal_value=2.29375e-05 -0.00040667 -0.00010019 4.56363e-05 -0.000442941 8.15488e-05
internal_weight=63904 3207 2870 60697 4156 56541
internal_count=63904 3207 2870 60697 4156 56541
is_linear=0
shrinkage=0.12


Tree=738
num_leaves=7
num_cat=0
split_feature=66 82 63 66 63 23
split_gain=0.0520136 0.0918986 0.0851842 0.0515133 0.218513 0.0508308
threshold=11.792708396911623 1.0000000180025095e-35 7.5814387798309335 11.738541603088381 12.665535449981691 6.7086164951324472
decision_type=2 2 2 2 2 2
left_child=3 2 -2 5 -5 -1
right_child=1 -3 -4 4 -6 -7
leaf_value=0.00010116596771764961 -0.00032167702909353019 0.0019804237217473934 0.0013837629288130677 0.00012001057903234865 -0.0028254971120454625 -0.00013018103287977138
leaf_weight=38087 1414 517 601 1465 482 21338
leaf_count=38087 1414 517 601 1465 482 21338
internal_value=2.0185e-05 0.000553187 0.000186993 -1.80487e-06 -0.00060918 1.80952e-05
internal_weight=63904 2532 2015 61372 1947 59425
internal_count=63904 2532 2015 61372 1947 59425
is_linear=0
shrinkage=0.12


Tree=739
num_leaves=7
num_cat=0
split_feature=49 59 63 49 34 49
split_gain=0.0411104 0.117014 0.121791 0.0529133 0.118103 0.109897
threshold=2.0124999284744267 1.1426212787628176 1.975598990917206 1.3968749642372134 1.2973999977111819 1.4031249880790713
decision_type=2 2 2 2 2 2
left_child=3 -2 -3 4 -1 -5
right_child=1 2 -4 5 -6 -7
leaf_value=-4.0058275175368482e-05 -0.0020616866747003976 0.0019954775356624895 -0.00047850799228977713 0.0013684186853195435 -0.0012708572362553751 9.3590858938002392e-05
leaf_weight=23496 520 349 1601 1001 1179 35758
leaf_count=23496 520 349 1601 1001 1179 35758
internal_value=1.77628e-05 -0.000462246 -3.5728e-05 3.70619e-05 -9.88673e-05 0.000128306
internal_weight=63904 2470 1950 61434 24675 36759
internal_count=63904 2470 1950 61434 24675 36759
is_linear=0
shrinkage=0.12


Tree=740
num_leaves=8
num_cat=0
split_feature=55 72 68 5 75 59 59
split_gain=0.0462629 0.144474 0.159128 0.135723 0.127351 0.166864 0.153874
threshold=0.086509238928556456 4.9468748569488534 1.0000000180025095e-35 3.9222500324249272 4.5000000000000009 19999977.000000004 19999967.000000004
decision_type=2 2 2 2 2 2 2
left_child=4 2 -2 -3 5 -1 -6
right_child=1 3 -4 -5 6 -7 -8
leaf_value=-3.4593754592082137e-05 0.0004508454525004282 -7.1022265563290271e-06 -0.0011117862462985489 0.0018248079332418431 0.0011298923026511209 0.0024226540040696173 -0.0006807065023627509
leaf_weight=17892 1293 35850 3422 592 3285 407 851
leaf_count=17892 1293 35850 3422 592 3285 407 851
internal_value=1.73538e-05 -5.82141e-05 -0.000683264 2.26571e-05 0.000155983 2.00595e-05 0.000757354
internal_weight=63592 41157 4715 36442 22435 18299 4136
internal_count=63592 41157 4715 36442 22435 18299 4136
is_linear=0
shrinkage=0.12


Tree=741
num_leaves=8
num_cat=0
split_feature=55 51 69 41 72 76 68
split_gain=0.035826 0.141706 0.178106 0.165382 0.114133 0.210713 0.177358
threshold=0.086509238928556456 0.18781811743974688 11.500000000000002 0.17569600045681003 3.8031250238418584 0.86887454986572277 1.0000000180025095e-35
decision_type=2 2 2 2 2 2 2
left_child=1 2 -1 -3 6 -6 -2
right_child=4 3 -4 -5 5 -7 -8
leaf_value=0.00084377153274366515 0.00025234352447513973 7.5320322266614548e-05 2.5634069700406612e-05 -0.0013151464102875796 -4.8294246438214103e-05 0.001633747754080421 -0.0017684550658432392
leaf_weight=5871 1163 3682 11031 1851 37537 1104 1353
leaf_count=5871 1163 3682 11031 1851 37537 1104 1353
internal_value=1.52714e-05 0.000137265 0.000309818 -0.000389844 -5.12284e-05 -2.37147e-07 -0.000834358
internal_weight=63592 22435 16902 5533 41157 38641 2516
internal_count=63592 22435 16902 5533 41157 38641 2516
is_linear=0
shrinkage=0.12


Tree=742
num_leaves=8
num_cat=0
split_feature=70 5 85 34 85 76 85
split_gain=0.0355035 0.195059 0.277123 0.104285 0.279353 0.104933 0.0974963
threshold=15.500000000000002 0.74344998598098766 0.37500000000000006 0.91650000214576732 1.0000000180025095e-35 0.96304079890251171 0.62500000000000011
decision_type=2 2 2 2 2 2 2
left_child=1 6 -3 5 -5 -2 -1
right_child=3 2 -4 4 -6 -7 -8
leaf_value=-0.0018254886429550597 0.00015092419121462717 0.00078856943129879619 -0.00014235132576573986 -0.0010757688063761006 -2.4382922274841724e-06 -0.0020895335237251316 -0.00016603426763446934
leaf_weight=991 23084 8166 10559 4563 14874 305 1050
leaf_count=991 23084 8166 10559 4563 14874 305 1050
internal_value=1.34388e-05 0.000142202 0.000263625 -4.89977e-05 -0.000254412 0.000121708 -0.000971776
internal_weight=63592 20766 18725 42826 19437 23389 2041
internal_count=63592 20766 18725 42826 19437 23389 2041
is_linear=0
shrinkage=0.12


Tree=743
num_leaves=5
num_cat=0
split_feature=2 5 85 12
split_gain=0.0347949 0.0403943 0.23947 0.134325
threshold=105.59999847412111 2.9472500085830693 0.37500000000000006 1.6057000160217287
decision_type=2 2 2 2
left_child=-1 3 -3 -2
right_child=1 2 -4 -5
leaf_value=0.0010000045481298031 0.0016251606415539218 -0.0010716591147961697 0.00022158468590820462 2.0560856274379865e-05
leaf_weight=509 762 3170 5898 53253
leaf_count=509 762 3170 5898 53253
internal_value=1.18262e-05 3.85281e-06 -0.000230509 4.31973e-05
internal_weight=63592 63083 9068 54015
internal_count=63592 63083 9068 54015
is_linear=0
shrinkage=0.12


Tree=744
num_leaves=7
num_cat=0
split_feature=63 47 55 63 57 1
split_gain=0.0339925 0.086169 0.0630652 0.0427454 0.0814048 0.0467919
threshold=19999991.000000004 0.14611424505710605 0.11887620761990549 19999979.000000004 1.3093749880790713 1.2759000062942507
decision_type=2 2 2 2 2 2
left_child=3 2 -2 5 -5 -1
right_child=1 -3 -4 4 -6 -7
leaf_value=0.00084796941567242743 0.00037511074281341972 -0.0006401078043736172 0.0027763517750870616 -0.0024234769245349737 0.00018899728946853429 -3.4058166469521282e-06
leaf_weight=944 315 422 315 301 400 60895
leaf_count=944 315 422 315 301 400 60895
internal_value=1.0407e-05 0.000686868 0.00157573 -9.71885e-07 -0.000932764 9.59081e-06
internal_weight=63592 1052 630 62540 701 61839
internal_count=63592 1052 630 62540 701 61839
is_linear=0
shrinkage=0.12


Tree=745
num_leaves=7
num_cat=0
split_feature=13 61 20 33 20 29
split_gain=0.0727776 0.194782 0.183163 0.0575446 0.181212 0.0664915
threshold=1.565050005912781 9.8781251907348651 24.511927604675297 0.043528616428375251 26.074339866638187 -70.521247863769517
decision_type=2 2 2 2 2 2
left_child=1 2 -1 4 -2 -5
right_child=3 -3 -4 5 -6 -7
leaf_value=-0.0024665401740070511 0.0010246098252206964 0.0020347815788188217 -0.00033098478938843297 0.0014457318242721985 -0.0022792103051235881 -3.4875779440960289e-05
leaf_weight=828 401 349 1918 440 592 59426
leaf_count=828 401 349 1918 440 592 59426
internal_value=-6.78897e-05 -0.000635536 -0.000974918 -3.90218e-05 -0.000945039 -2.39937e-05
internal_weight=63954 3095 2746 60859 993 59866
internal_count=63954 3095 2746 60859 993 59866
is_linear=0
shrinkage=0.12


Tree=746
num_leaves=7
num_cat=0
split_feature=65 63 74 76 71 62
split_gain=0.0604784 0.224195 0.46258 0.178335 0.381491 0.127486
threshold=29.500000000000004 3.2933487892150883 8.5000000000000018 0.81661266088485729 31.500000000000004 -1.0000000180025095e-35
decision_type=2 2 2 2 2 2
left_child=1 5 -3 4 -2 -1
right_child=3 2 -4 -5 -6 -7
leaf_value=-0.0014198671228137258 -0.0023039090066994321 0.00014855961039460941 0.0045127585851502854 0.0027640293256166876 -0.00010203164135838585 5.8302672950800186e-05
leaf_weight=880 1165 1186 496 302 41353 18572
leaf_count=880 1165 1186 496 302 41353 18572
internal_value=-5.97429e-05 0.000106361 0.00143551 -0.000141724 -0.000162363 -8.56908e-06
internal_weight=63954 21134 1682 42820 42518 19452
internal_count=63954 21134 1682 42820 42518 19452
is_linear=0
shrinkage=0.12


Tree=747
num_leaves=8
num_cat=0
split_feature=34 47 85 66 23 60 13
split_gain=0.0590723 0.188376 0.28382 0.124533 0.060421 0.175184 0.110449
threshold=1.3163285851478579 0.17661312222480777 0.37500000000000006 11.176562786102297 1.5177375078201296 1.5000000000000002 1.8833500146865847
decision_type=2 2 2 2 2 2 2
left_child=4 3 -3 -2 5 -1 -6
right_child=1 2 -4 -5 6 -7 -8
leaf_value=-0.00070693179700649666 -0.00043158532026344273 -0.0044078910252437478 -0.00014143504833617922 0.0022713133897165304 0.0018208280790542415 0.0022708014070733705 -1.468098658687927e-05
leaf_weight=3729 926 394 522 334 476 308 57265
leaf_count=3729 926 394 522 334 476 308 57265
internal_value=-5.25738e-05 -0.000667081 -0.00197657 0.000284897 -3.0929e-05 -0.000479748 4.50416e-07
internal_weight=63954 2176 916 1260 61778 4037 57741
internal_count=63954 2176 916 1260 61778 4037 57741
is_linear=0
shrinkage=0.12


Tree=748
num_leaves=7
num_cat=0
split_feature=20 58 2 33 29 6
split_gain=0.0555082 0.234796 0.370162 0.119664 0.143949 0.110406
threshold=26.509765625000004 -54.626625061035149 219.73999786376956 0.043528616428375251 -59.238550186157219 9.1287498474121112
decision_type=2 2 2 2 2 2
left_child=1 2 -1 -2 -5 -3
right_child=3 5 -4 4 -6 -7
leaf_value=-0.0046852556723842361 -0.0016331891213418343 -0.00011857418146481196 -0.00018404329897938926 0.001819424588734583 6.0287343689969023e-05 0.0020847239307749711
leaf_weight=419 585 30961 707 685 30266 331
leaf_count=419 585 30961 707 685 30266 331
internal_value=-4.62649e-05 -0.000156529 -0.00185901 6.70836e-05 9.92201e-05 -9.52682e-05
internal_weight=63954 32418 1126 31536 30951 31292
internal_count=63954 32418 1126 31536 30951 31292
is_linear=0
shrinkage=0.12


Tree=749
num_leaves=6
num_cat=0
split_feature=5 66 66 22 7
split_gain=0.0493411 0.191645 0.120751 0.114659 0.0876853
threshold=1.3457500338554385 11.883853912353517 11.792708396911623 2.8674750328063969 6.2039999961853036
decision_type=2 2 2 2 2
left_child=3 2 -2 -1 -5
right_child=1 -3 -4 4 -6
leaf_value=0.0023495965691448721 -0.00011727811603694269 -0.00278932596953382 0.0019186367601287202 0.00020145102593650141 -0.00033460076100048046
leaf_weight=321 39548 384 424 17398 5879
leaf_count=321 39548 384 424 17398 5879
internal_value=-4.07131e-05 -0.000121313 -9.56823e-05 9.71247e-05 6.60621e-05
internal_weight=63954 40356 39972 23598 23277
internal_count=63954 40356 39972 23598 23277
is_linear=0
shrinkage=0.12


Tree=750
num_leaves=8
num_cat=0
split_feature=50 50 1 71 29 11 29
split_gain=0.0635223 0.16736 0.41082 0.267423 0.157382 0.332099 0.157714
threshold=0.081860739737749114 0.0045868144370615491 3.6815999746322636 80.500000000000014 7.2100963592529306 1.5000000000000002 21.907854080200199
decision_type=2 2 2 2 2 2 2
left_child=1 3 -3 -1 5 -2 -6
right_child=4 2 -4 -5 6 -7 -8
leaf_value=0.00020111822232596614 -0.00040833098756538346 -0.0026941499472198931 0.00091778859829276613 -0.0013298912916322693 0.0010930395512390484 -0.0044806225686395348 -4.9818383198631744e-05
leaf_weight=8955 1839 487 6583 2012 1814 342 41941
leaf_count=8955 1839 487 6583 2012 1814 342 41941
internal_value=2.29014e-05 0.000213729 0.000668989 -7.976e-05 -5.20279e-05 -0.0010469 -2.43764e-06
internal_weight=63973 18037 7070 10967 45936 2181 43755
internal_count=63973 18037 7070 10967 45936 2181 43755
is_linear=0
shrinkage=0.12


Tree=751
num_leaves=8
num_cat=0
split_feature=50 62 62 41 50 69 54
split_gain=0.0491917 0.161383 0.28885 0.284834 0.12666 0.23074 0.0842314
threshold=0.081860739737749114 -3.6734050512313838 -1.0896704196929929 0.14867306500673297 0.093769513070583357 6.5000000000000009 -0.08239636197686194
decision_type=2 2 2 2 2 2 2
left_child=1 3 -3 -1 5 -2 -6
right_child=4 2 -4 -5 6 -7 -8
leaf_value=0.00025277962088810689 0.00082060877225919411 -0.0016019669893577928 0.00020276917992329542 0.0029614666904439657 -0.00062903039147839369 -0.002491948178948693 3.1988154059664656e-05
leaf_weight=1918 491 1406 13924 789 2974 790 41681
leaf_count=1918 491 1406 13924 789 2974 790 41681
internal_value=2.01532e-05 0.000188081 3.72467e-05 0.00104227 -4.57845e-05 -0.00122226 -1.20353e-05
internal_weight=63973 18037 15330 2707 45936 1281 44655
internal_count=63973 18037 15330 2707 45936 1281 44655
is_linear=0
shrinkage=0.12


Tree=752
num_leaves=5
num_cat=0
split_feature=74 2 55 13
split_gain=0.049403 0.0502115 0.137208 0.0538684
threshold=59.500000000000007 106.83499908447267 0.11525653302669527 0.70034998655319225
decision_type=2 2 2 2
left_child=1 2 -1 -3
right_child=-2 3 -4 -5
leaf_value=-0.00083484539793367556 -0.0011349238112004988 -0.0012481633873986798 0.0023962521386846642 2.5343522283773245e-05
leaf_weight=335 531 482 435 62190
leaf_count=335 531 482 435 62190
internal_value=1.77348e-05 2.73824e-05 0.000990515 1.55492e-05
internal_weight=63973 63442 770 62672
internal_count=63973 63442 770 62672
is_linear=0
shrinkage=0.12


Tree=753
num_leaves=6
num_cat=0
split_feature=22 45 51 22 5
split_gain=0.0454024 0.225881 0.122805 0.0700413 0.0545563
threshold=0.39204999804496771 0.84062498807907116 0.21015402674674991 0.49013333022594457 3.4752500057220463
decision_type=2 2 2 2 2
left_child=1 2 -1 -2 -5
right_child=3 -3 -4 4 -6
leaf_value=0.00073985782646378805 -0.0013908724437210604 -0.0018299307323900393 0.0035434871478346305 -7.0785710808892063e-06 0.0006876219764244475
leaf_weight=775 517 384 317 60307 1673
leaf_count=775 517 384 317 60307 1673
internal_value=1.56067e-05 0.000673429 0.00155373 7.07734e-08 1.16732e-05
internal_weight=63973 1476 1092 62497 61980
internal_count=63973 1476 1092 62497 61980
is_linear=0
shrinkage=0.12


Tree=754
num_leaves=7
num_cat=0
split_feature=76 2 34 50 71 50
split_gain=0.042337 0.188366 0.226078 0.0462828 0.189648 0.13805
threshold=0.96590203046798717 239.97499847412112 1.1347285509109499 -0.015612306073307989 80.500000000000014 0.076788607984781279
decision_type=2 2 2 2 2 2
left_child=3 2 -2 4 -1 -5
right_child=1 -3 -4 5 -6 -7
leaf_value=2.1775909942074415e-05 0.0028049958139666586 -0.0017065935516419085 -0.00070907226184546495 0.00050216239619016391 -0.0014261168881811923 -4.0211528156588151e-05
leaf_weight=6503 674 367 433 7908 1629 46459
leaf_count=6503 674 367 433 7908 1629 46459
internal_value=1.37339e-05 0.000649402 0.00143048 -1.25799e-06 -0.000268266 3.868e-05
internal_weight=63973 1474 1107 62499 8132 54367
internal_count=63973 1474 1107 62499 8132 54367
is_linear=0
shrinkage=0.12


Tree=755
num_leaves=8
num_cat=0
split_feature=5 62 66 28 28 58 53
split_gain=0.0506869 0.124904 0.1435 0.0646198 0.145614 0.0984744 0.0482733
threshold=0.45694999396801 -2.6349399089813228 7.0843751430511483 71.000068664550795 67.926471710205092 -0.76042383909225453 2.2718750238418584
decision_type=2 2 2 2 2 2 2
left_child=1 6 -3 4 -2 -5 -1
right_child=3 2 -4 5 -6 -7 -8
leaf_value=0.00020040872381650842 -6.8167697095808079e-05 -0.00038231674347692125 0.0014348755198877689 -0.00011434709788698089 -0.0010195110628202712 0.00030094652068970383 -0.0017384988015632411
leaf_weight=320 25043 948 1841 16480 2553 16408 438
leaf_count=320 25043 948 1841 16480 2553 16408 438
internal_value=5.0818e-06 0.000445965 0.0008172 -2.07732e-05 -0.00015618 9.28451e-05 -0.000919963
internal_weight=64031 3547 2789 60484 27596 32888 758
internal_count=64031 3547 2789 60484 27596 32888 758
is_linear=0
shrinkage=0.12


Tree=756
num_leaves=7
num_cat=0
split_feature=22 49 85 41 22 62
split_gain=0.0475484 0.185354 0.290578 0.168148 0.0696876 0.0740138
threshold=0.99930000305175792 1.2968750000000002 0.37500000000000006 0.22433346509933474 1.0484041571617129 -76.322326660156236
decision_type=2 2 2 2 2 2
left_child=1 2 -1 -3 -2 -6
right_child=4 3 -4 -5 5 -7
leaf_value=-0.0034475133022986819 0.0014147104065330301 -0.00014991680123330295 -0.00025629238208788469 0.0022447821454500429 -0.001574148211212309 3.6129063891269851e-05
leaf_weight=614 524 3456 1242 481 414 57300
leaf_count=614 524 3456 1242 481 414 57300
internal_value=4.47199e-06 -0.000323401 -0.00131201 0.000142654 3.70859e-05 2.45781e-05
internal_weight=64031 5793 1856 3937 58238 57714
internal_count=64031 5793 1856 3937 58238 57714
is_linear=0
shrinkage=0.12


Tree=757
num_leaves=8
num_cat=0
split_feature=55 53 72 19 69 66 22
split_gain=0.0453375 0.208991 0.526819 0.212256 0.11526 0.331425 0.141032
threshold=0.14183624088764193 2.0218750238418584 32.240625381469734 0.21354167163372043 4.5000000000000009 10.814583301544191 1.5603666901588442
decision_type=2 2 2 2 2 2 2
left_child=4 2 -2 -3 5 -1 -6
right_child=1 3 -4 -5 6 -7 -8
leaf_value=0.00040883569297427944 -0.0011808636330226286 -0.0023687352805679533 0.0033921915915753895 0.00010718168985181046 0.0007607114951966509 -0.0021265661753501991 5.442543668349259e-05
leaf_weight=1837 4574 511 394 20544 4705 1246 30220
leaf_count=1837 4574 511 394 20544 4705 1246 30220
internal_value=3.93535e-06 -0.000118097 -0.000818186 4.70918e-05 8.74872e-05 -0.000615852 0.000149574
internal_weight=64031 26023 4968 21055 38008 3083 34925
internal_count=64031 26023 4968 21055 38008 3083 34925
is_linear=0
shrinkage=0.12


Tree=758
num_leaves=8
num_cat=0
split_feature=12 62 24 6 58 30 12
split_gain=0.0428851 0.0948988 0.130208 0.0529478 0.676798 0.0566493 0.0525365
threshold=4.038450002670289 -2.6820681095123287 5.7921695709228525 0.63414999842643749 -5.7063281536102286 6.5000000000000009 4.2307000160217294
decision_type=2 2 2 2 2 2 2
left_child=3 6 -3 4 -1 -5 -2
right_child=1 2 -4 5 -6 -7 -8
leaf_value=0.0040708316379059403 5.6564579826505652e-05 -0.0015634037989398265 0.0010086791481062113 -1.2388736630647894e-05 -0.0022350634668468709 0.0015502127624910957 -0.001962161438104714
leaf_weight=320 446 319 2541 58704 1047 336 318
leaf_count=320 446 319 2541 58704 1047 336 318
internal_value=3.46311e-06 0.000404412 0.000721793 -2.0591e-05 -0.000758921 -3.49588e-06 -0.00078369
internal_weight=64031 3624 2860 60407 1367 59040 764
internal_count=64031 3624 2860 60407 1367 59040 764
is_linear=0
shrinkage=0.12


Tree=759
num_leaves=5
num_cat=0
split_feature=57 22 59 50
split_gain=0.0397513 0.04522 0.141061 0.119411
threshold=23.193749427795414 2.2029833793640141 19999971.000000004 0.088517595082521452
decision_type=2 2 2 2
left_child=1 2 -1 -3
right_child=-2 3 -4 -5
leaf_value=-0.00021521653407682477 0.0012857981947585926 0.00063354239658908553 0.00077330122376873445 -2.4297103761199235e-06
leaf_weight=23339 346 4876 2282 33188
leaf_count=23339 346 4876 2282 33188
internal_value=3.04753e-06 -3.92164e-06 -0.000127172 7.90383e-05
internal_weight=64031 63685 25621 38064
internal_count=64031 63685 25621 38064
is_linear=0
shrinkage=0.12


Tree=760
num_leaves=7
num_cat=0
split_feature=29 41 85 22 76 45
split_gain=0.0530288 0.288219 0.415192 0.262377 0.118648 0.221879
threshold=13.713863849639894 0.054697275161743171 0.37500000000000006 0.39204999804496771 0.9762399196624757 0.01250000041909516
decision_type=2 2 2 2 2 2
left_child=1 2 -1 -3 5 -2
right_child=4 3 -4 -5 -6 -7
leaf_value=0.0029685941008834775 0.0023752261651005004 0.0017138077495173511 -0.0003152742893380277 -0.0004798070530414232 -0.0020267137499167536 9.1890917372062906e-05
leaf_weight=981 621 835 1275 13159 373 46569
leaf_count=981 621 835 1275 13159 373 46569
internal_value=4.11481e-05 -0.000146002 0.00111268 -0.000348918 0.000105088 0.000121939
internal_weight=63813 16250 2256 13994 47563 47190
internal_count=63813 16250 2256 13994 47563 47190
is_linear=0
shrinkage=0.12


Tree=761
num_leaves=8
num_cat=0
split_feature=66 69 85 82 2 10 31
split_gain=0.0445277 0.141516 0.677899 0.131911 0.217082 0.130739 0.0686503
threshold=3.0031249523162846 30.500000000000004 0.37500000000000006 1.0000000180025095e-35 191.74500274658206 1.5000000000000002 0.037499999627470977
decision_type=2 2 2 2 2 2 2
left_child=3 6 -3 5 -5 -1 -2
right_child=1 2 -4 4 -6 -7 -8
leaf_value=0.00076058433859807777 0.0018555295032216235 0.0044067262012321669 -0.0013471155562190407 -0.0041003091552123845 -0.00040084439462553898 -0.00039525464844627903 3.5286566172420965e-05
leaf_weight=2069 300 559 624 316 824 4419 54702
leaf_count=2069 300 559 624 316 824 4419 54702
internal_value=3.62103e-05 7.31452e-05 0.00137173 -0.000235838 -0.00142631 -2.66617e-05 4.52148e-05
internal_weight=63813 56185 1183 7628 1140 6488 55002
internal_count=63813 56185 1183 7628 1140 6488 55002
is_linear=0
shrinkage=0.12


Tree=762
num_leaves=5
num_cat=0
split_feature=58 29 0 59
split_gain=0.0542408 0.0465996 0.258687 0.0598488
threshold=-77.043399810791001 -79.195522308349595 47.027349472045906 -6.2650797367095938
decision_type=2 2 2 2
left_child=-1 2 -2 -3
right_child=1 3 -4 -5
leaf_value=0.0013053610873310954 0.00048605002026801846 -0.00097802989614665151 -0.0036733084731630141 4.9035865137898401e-05
leaf_weight=478 705 828 310 61492
leaf_count=478 705 828 310 61492
internal_value=3.18651e-05 2.22538e-05 -0.000784296 3.539e-05
internal_weight=63813 63335 1015 62320
internal_count=63813 63335 1015 62320
is_linear=0
shrinkage=0.12


Tree=763
num_leaves=5
num_cat=0
split_feature=58 0 76 63
split_gain=0.0420041 0.043901 0.175932 0.0831922
threshold=-77.043399810791001 5.9630498886108407 0.31380684673786169 19999979.000000004
decision_type=2 2 2 2
left_child=-1 2 -2 -3
right_child=1 3 -4 -5
leaf_value=0.0011487177837526553 0.00016570751215681321 -4.9805735128384964e-06 0.0031203947526577389 -0.0013574901571796524
leaf_weight=478 8875 53497 300 663
leaf_count=478 8875 53497 300 663
internal_value=2.80413e-05 1.95833e-05 0.000262319 -2.15373e-05
internal_weight=63813 63335 9175 54160
internal_count=63813 63335 9175 54160
is_linear=0
shrinkage=0.12


Tree=764
num_leaves=8
num_cat=0
split_feature=50 0 70 22 70 49 71
split_gain=0.0405332 0.0566954 0.111876 0.0501149 0.0223543 0.0299985 0.0137669
threshold=0.54059141874313366 2.996249914169312 22.500000000000004 3.2539250850677495 28.500000000000004 1.3843750357627871 55.500000000000007
decision_type=2 2 2 2 2 2 2
left_child=1 2 -1 -3 6 -6 -2
right_child=4 3 -4 -5 5 -7 -8
leaf_value=0.0023602926444632362 -0.0016560261798924021 -5.4432263355435783e-05 0.00026407978625132351 0.00020704947649395774 0.00030960854056887217 -0.00082825520298052872 -0.0005303293009893817
leaf_weight=402 319 43327 4167 13954 697 640 307
leaf_count=402 319 43327 4167 13954 697 640 307
internal_value=2.46763e-05 4.17145e-05 0.000448513 9.26628e-06 -0.00051216 -0.000235068 -0.00110397
internal_weight=63813 61850 4569 57281 1963 1337 626
internal_count=63813 61850 4569 57281 1963 1337 626
is_linear=0
shrinkage=0.12


Tree=765
num_leaves=8
num_cat=0
split_feature=70 85 57 61 34 85 2
split_gain=0.0740967 0.185143 0.414951 0.161567 0.114343 0.450091 0.270149
threshold=18.500000000000004 1.0000000180025095e-35 1.3093749880790713 2.0968749523162846 1.0723714232444765 0.37500000000000006 202.98000335693362
decision_type=2 2 2 2 2 2 2
left_child=1 2 -1 -3 6 -6 -2
right_child=4 3 -4 -5 5 -7 -8
leaf_value=0.0019500912684864251 0.0032154578919781304 -0.00040460792967375066 -8.6245907820145214e-05 0.00028892535478450119 -0.001376557554024612 0.00019748747953354928 -6.1878661833206802e-05
leaf_weight=2336 367 9859 3761 9496 4596 6072 27576
leaf_count=2336 367 9859 3761 9496 4596 6072 27576
internal_value=-4.1649e-05 0.000117305 0.000693955 -6.43448e-05 -0.00014643 -0.000480644 -1.88345e-05
internal_weight=64063 25452 6097 19355 38611 10668 27943
internal_count=64063 25452 6097 19355 38611 10668 27943
is_linear=0
shrinkage=0.12


Tree=766
num_leaves=6
num_cat=0
split_feature=0 22 70 23 88
split_gain=0.059542 0.0813244 0.0658271 0.143259 0.0953452
threshold=116.5091018676758 2.0168499946594243 18.500000000000004 5.8658249378204355 1.0723714232444765
decision_type=2 2 2 2 2
left_child=2 -2 3 -1 -4
right_child=1 -3 4 -5 -6
leaf_value=6.7703722987374422e-05 0.0025192762812705784 -3.6585033351590366e-05 -3.1346583952039563e-05 0.0025843687791123307 -0.00045627414536916706
leaf_weight=25064 309 427 27410 330 10523
leaf_count=25064 309 427 27410 330 10523
internal_value=-3.66511e-05 0.00103646 -4.9123e-05 0.000100408 -0.000149226
internal_weight=64063 736 63327 25394 37933
internal_count=64063 736 63327 25394 37933
is_linear=0
shrinkage=0.12


Tree=767
num_leaves=4
num_cat=0
split_feature=53 59 59
split_gain=0.0531524 0.0505987 0.0759821
threshold=3.1000000238418584 -7.8056867122650138 -6.2650797367095938
decision_type=2 2 2
left_child=1 -1 -3
right_child=-2 2 -4
leaf_value=0.0011874197396699586 0.0012927786638552855 -0.0018370105229492935 -4.0890772873428644e-05
leaf_weight=479 433 341 62810
leaf_count=479 433 341 62810
internal_value=-3.2253e-05 -4.12698e-05 -5.05894e-05
internal_weight=64063 63630 63151
internal_count=64063 63630 63151
is_linear=0
shrinkage=0.12


Tree=768
num_leaves=7
num_cat=0
split_feature=62 13 55 1 5 13
split_gain=0.0473958 0.197108 0.164267 0.151183 0.127402 0.113387
threshold=-1.0896704196929929 1.0759000182151797 0.10825446993112565 18.641699790954593 0.27525000274181372 9.3073000907897967
decision_type=2 2 2 2 2 2
left_child=4 2 -2 -3 -1 -6
right_child=1 3 -4 -5 5 -7
leaf_value=-0.0023069198580411465 0.0037743377824192058 5.9046194666785408e-05 0.00046062510686881023 -0.00086951335806881096 -0.00019848980685933696 0.0014296353591692146
leaf_weight=400 362 41614 532 2688 17829 638
leaf_count=400 362 41614 532 2688 17829 638
internal_value=-2.83826e-05 3.83056e-05 0.00180242 2.70634e-06 -0.000188135 -0.000142241
internal_weight=64063 45196 894 44302 18867 18467
internal_count=64063 45196 894 44302 18867 18467
is_linear=0
shrinkage=0.12


Tree=769
num_leaves=8
num_cat=0
split_feature=70 33 85 85 2 47 22
split_gain=0.0454771 0.159524 0.437296 0.158986 0.10902 0.258949 0.0778112
threshold=15.500000000000002 0.45725795626640325 0.37500000000000006 0.37500000000000006 133.7600021362305 0.26292289793491369 0.60985001921653759
decision_type=2 2 2 2 2 2 2
left_child=1 2 -1 -3 5 -2 -6
right_child=4 3 -4 -5 6 -7 -8
leaf_value=0.0010694076808739428 -0.0013327216431435155 -0.0010808611153514268 -0.00024604095186740732 0.00015159066285258866 0.001088366337456779 0.0013831204323945512 -6.6835074709501341e-05
leaf_weight=6508 2480 2710 8255 3396 858 635 39221
leaf_count=6508 2480 2710 8255 3396 858 635 39221
internal_value=-2.49767e-05 0.00012048 0.000333851 -0.000395403 -9.52537e-05 -0.000779091 -4.21048e-05
internal_weight=64063 20869 14763 6106 43194 3115 40079
internal_count=64063 20869 14763 6106 43194 3115 40079
is_linear=0
shrinkage=0.12


Tree=770
num_leaves=6
num_cat=0
split_feature=46 0 51 7 61
split_gain=0.0566029 0.270242 0.159795 0.122596 0.092131
threshold=0.21602907776832583 3.6251999139785771 0.16511910408735278 0.25030000507831579 15.793750286102297
decision_type=2 2 2 2 2
left_child=1 -1 -3 -2 -5
right_child=3 2 -4 4 -6
leaf_value=0.0030865140433741522 0.0017242632578697284 0.00046902877311994461 -0.00034418495595764847 -5.4986814158752987e-05 0.00075591257013696679
leaf_weight=474 588 9677 5433 45600 2111
leaf_count=474 588 9677 5433 45600 2111
internal_value=6.62781e-05 0.000265134 0.000176627 2.11598e-06 -1.91081e-05
internal_weight=63883 15584 15110 48299 47711
internal_count=63883 15584 15110 48299 47711
is_linear=0
shrinkage=0.12


Tree=771
num_leaves=7
num_cat=0
split_feature=69 61 61 71 71 54
split_gain=0.0563462 0.206511 0.238999 0.0730092 0.104734 0.0935878
threshold=4.5000000000000009 10.593750000000002 7.8281250000000009 157.50000000000003 146.50000000000003 0.083763193339109435
decision_type=2 2 2 2 2 2
left_child=1 2 -1 4 -2 -5
right_child=3 -3 -4 5 -6 -7
leaf_value=0.00042469240201480546 2.0555412712295859e-05 -0.0016952597430931883 0.003451007800153969 -0.0025094598923903217 0.0011769961483596063 -0.00024655514334800271
leaf_weight=4626 55758 594 409 359 1151 986
leaf_count=4626 55758 594 409 359 1151 986
internal_value=5.83247e-05 0.000420875 0.000670524 2.3292e-05 4.39447e-05 -0.000850557
internal_weight=63883 5629 5035 58254 56909 1345
internal_count=63883 5629 5035 58254 56909 1345
is_linear=0
shrinkage=0.12


Tree=772
num_leaves=7
num_cat=0
split_feature=7 14 19 62 8 22
split_gain=0.0554801 0.226068 0.137658 0.160126 0.129216 0.0939074
threshold=6.0816500186920175 3.0139499902725224 0.23020833730697635 -0.56964761018753041 7.6015610694885263 0.72149997949600231
decision_type=2 2 2 2 2 2
left_child=1 -1 3 -2 -4 -3
right_child=2 5 4 -5 -6 -7
leaf_value=0.0024682389697386997 -0.00048915468149729794 0.00091330671126479404 -0.0011988958644306366 0.0012414124353367611 -0.00012387336997332182 5.9431495109151798e-05
leaf_weight=589 1209 1948 1773 2120 17520 38724
leaf_count=589 1209 1948 1773 2120 17520 38724
internal_value=5.13257e-05 0.00013413 -9.97037e-05 0.000612919 -0.000222666 0.000100328
internal_weight=63883 41261 22622 3329 19293 40672
internal_count=63883 41261 22622 3329 19293 40672
is_linear=0
shrinkage=0.12


Tree=773
num_leaves=7
num_cat=0
split_feature=51 51 0 24 47 41
split_gain=0.0530762 0.154467 0.135114 0.160327 0.132441 0.0872474
threshold=0.051335889846086509 0.052970519289374358 7.4699499607086191 13.076500892639162 0.16788212209939959 0.053703686222434051
decision_type=2 2 2 2 2 2
left_child=2 -2 4 -4 -1 -3
right_child=1 5 3 -5 -6 -7
leaf_value=0.0020232333793166152 0.0022323914512973994 0.0005252734614814939 -0.00019653196386542769 -0.0018979427932181011 -0.00074889488070510211 2.066187830507734e-05
leaf_weight=705 481 5497 7752 889 383 48176
leaf_count=705 481 5497 7752 889 383 48176
internal_value=4.51666e-05 9.15281e-05 -0.000212893 -0.000371576 0.00104738 7.23424e-05
internal_weight=63883 54154 9729 8641 1088 53673
internal_count=63883 54154 9729 8641 1088 53673
is_linear=0
shrinkage=0.12


Tree=774
num_leaves=7
num_cat=0
split_feature=50 54 41 24 19 49
split_gain=0.052385 0.0876193 0.154749 0.100934 0.0821454 0.051064
threshold=0.43753264844417578 0.23703004419803622 0.13578317314386371 14.458998680114748 0.16250000149011615 1.4843750000000002
decision_type=2 2 2 2 2 2
left_child=1 3 -3 -1 -2 -6
right_child=4 2 -4 -5 5 -7
leaf_value=1.6882725269661868e-05 -0.0021272628353494415 0.0013831649208912767 -0.00012459215043911291 0.001360308703522979 0.00011058476786328473 -0.00055150426323490422
leaf_weight=51993 326 1951 1970 818 3856 2969
leaf_count=51993 326 1951 1970 818 3856 2969
internal_value=3.97467e-05 7.83266e-05 0.000625633 3.76913e-05 -0.000266325 -0.000177436
internal_weight=63883 56732 3921 52811 7151 6825
internal_count=63883 56732 3921 52811 7151 6825
is_linear=0
shrinkage=0.12


Tree=775
num_leaves=7
num_cat=0
split_feature=55 55 62 59 51 14
split_gain=0.0805632 0.163935 0.112251 0.21669 0.111312 0.104453
threshold=0.1678651496767998 0.17027189582586291 9.1193666458129901 4.5431604385375985 0.35130132734775549 -1.8560000061988828
decision_type=2 2 2 2 2 2
left_child=2 -2 5 -4 -3 -1
right_child=1 4 3 -5 -6 -7
leaf_value=0.0016713242969990658 0.0024495130673196398 5.182941659391733e-05 0.002970209349060512 -0.00092334193466486378 0.0010992807074712899 -0.0001507768797343617
leaf_weight=458 450 18667 472 365 1585 41850
leaf_count=458 450 18667 472 365 1585 41850
internal_value=-1.04545e-05 0.000184144 -0.000103827 0.0012723 0.000133807 -0.000131052
internal_weight=63847 20702 43145 837 20252 42308
internal_count=63847 20702 43145 837 20252 42308
is_linear=0
shrinkage=0.12


Tree=776
num_leaves=8
num_cat=0
split_feature=55 65 85 54 47 55 0
split_gain=0.0623882 0.16191 0.224569 0.154855 0.0980731 0.159681 0.0842916
threshold=0.1678651496767998 44.500000000000007 0.37500000000000006 -0.055901996791362756 0.24636835604906085 0.13265458494424823 50.841749191284187
decision_type=2 2 2 2 2 2 2
left_child=4 3 -3 -2 6 -6 -1
right_child=1 2 -4 -5 5 -7 -8
leaf_value=-0.00014079615837047629 0.00088550183026581781 -0.0017299288577309335 0.00028713677636009346 8.5900236919238162e-05 -0.00020999100537557136 -0.0015942032388069161 0.00024884037879732452
leaf_weight=23451 4811 1446 1765 12680 6067 1496 12131
leaf_count=23451 4811 1446 1765 12680 6067 1496 12131
internal_value=-9.19993e-06 0.000162046 -0.000621202 0.000305835 -9.1368e-05 -0.000483795 -7.95706e-06
internal_weight=63847 20702 3211 17491 43145 7563 35582
internal_count=63847 20702 3211 17491 43145 7563 35582
is_linear=0
shrinkage=0.12


Tree=777
num_leaves=7
num_cat=0
split_feature=55 63 29 49 69 55
split_gain=0.0484999 0.186903 0.27933 0.180203 0.130381 0.108455
threshold=0.11823612079024316 4.9421250820159921 135.78487396240237 1.5031250119209292 1.5000000000000002 0.11260157078504564
decision_type=2 2 2 2 2 2
left_child=4 3 -3 -2 -1 -6
right_child=1 2 -4 -5 5 -7
leaf_value=-0.0023802586875525701 0.00023771024620724925 0.00095438457312396275 -0.00050769816726402674 -0.00044107273754554388 -3.5882359307036787e-05 -0.0010596349982776646
leaf_weight=361 11644 6756 2608 10908 30002 1568
leaf_count=361 11644 6756 2608 10908 30002 1568
internal_value=-8.09594e-06 9.65165e-05 0.000547175 -9.0605e-05 -0.000112659 -8.67295e-05
internal_weight=63847 31916 9364 22552 31931 31570
internal_count=63847 31916 9364 22552 31931 31570
is_linear=0
shrinkage=0.12


Tree=778
num_leaves=5
num_cat=0
split_feature=23 6 16 16
split_gain=0.0484457 0.0948896 0.183712 0.0491905
threshold=0.24703750014305118 9.0191998481750506 2.803514957427979 1.9080870151519778
decision_type=2 2 2 2
left_child=-1 3 -3 -2
right_child=1 2 -4 -5
leaf_value=0.0014797478074068499 0.0011853810142816153 0.00027571505867521101 -0.0036368163900113732 -8.4468780292302636e-06
leaf_weight=314 501 404 302 62326
leaf_count=314 501 404 302 62326
internal_value=-7.12442e-06 -1.4473e-05 -0.00139792 1.07304e-06
internal_weight=63847 63533 706 62827
internal_count=63847 63533 706 62827
is_linear=0
shrinkage=0.12


Tree=779
num_leaves=7
num_cat=0
split_feature=55 0 54 72 62 50
split_gain=0.0400789 0.133409 0.147888 0.1199 0.0958587 0.0646057
threshold=0.1678651496767998 99.497951507568374 0.054519714787602432 5.1562500000000009 10.235227584838869 0.12580446153879168
decision_type=2 2 2 2 2 2
left_child=4 3 -3 -2 5 -1
right_child=1 2 -4 -5 -6 -7
leaf_value=-0.00028857775900924341 -0.00075574612027274853 0.0037537265458070725 0.00014053274382273563 0.00017944677123622106 0.0015665489767180108 1.9149281818966352e-05
leaf_weight=15352 2220 304 352 17826 508 27285
leaf_count=15352 2220 304 352 17826 508 27285
internal_value=-6.2695e-06 0.000130986 0.00181494 7.58786e-05 -7.21277e-05 -9.16518e-05
internal_weight=63847 20702 656 20046 43145 42637
internal_count=63847 20702 656 20046 43145 42637
is_linear=0
shrinkage=0.12


Tree=780
num_leaves=7
num_cat=0
split_feature=34 8 57 69 85 67
split_gain=0.0678958 0.209671 0.160473 0.136359 0.268658 0.0920308
threshold=1.0250857472419741 12.90638589859009 11.11562490463257 7.5000000000000009 1.0000000180025095e-35 1.0000000180025095e-35
decision_type=2 2 2 2 2 2
left_child=3 2 -2 4 -1 -5
right_child=1 -3 -4 5 -6 -7
leaf_value=0.0023557759764179652 -0.00026149527476443835 -0.0033095429312615166 0.0013515078127963129 0.00028182438211202135 0.00013499128753643704 -0.00015232373202882484
leaf_weight=1030 20207 315 929 9289 3290 28925
leaf_count=1030 20207 315 929 9289 3290 28925
internal_value=-6.23352e-05 -0.000236399 -0.000190598 2.54496e-05 0.000664484 -4.67917e-05
internal_weight=63985 21451 21136 42534 4320 38214
internal_count=63985 21451 21136 42534 4320 38214
is_linear=0
shrinkage=0.12


Tree=781
num_leaves=8
num_cat=0
split_feature=34 0 28 8 69 83 41
split_gain=0.0525785 0.173378 0.402795 0.185536 0.105596 0.224242 0.0817342
threshold=1.0250857472419741 11.374150276184084 84.523887634277358 12.90638589859009 7.5000000000000009 0.37500000000000006 0.059860063716769225
decision_type=2 2 2 2 2 2 2
left_child=4 2 -2 -3 5 -1 -6
right_child=1 3 -4 -5 6 -7 -8
leaf_value=0.0012794783691860668 -0.0015987831968877111 2.7687848565123395e-05 0.00080525303230688126 -0.0029123977898575719 -0.0005298252151856661 -0.00049116735031444014 2.1853324186395135e-05
leaf_weight=2625 3235 16446 1455 315 4366 1695 33848
leaf_count=2625 3235 16446 1455 315 4366 1695 33848
internal_value=-5.4855e-05 -0.000208031 -0.000852968 -2.7567e-05 2.23956e-05 0.000584746 -4.11767e-05
internal_weight=63985 21451 4690 16761 42534 4320 38214
internal_count=63985 21451 4690 16761 42534 4320 38214
is_linear=0
shrinkage=0.12


Tree=782
num_leaves=8
num_cat=0
split_feature=69 74 85 76 72 84 76
split_gain=0.047578 0.18255 0.76398 0.100578 0.0807576 0.604342 0.159169
threshold=30.500000000000004 3.5000000000000004 0.37500000000000006 0.7976035773754121 3.7281249761581425 1.0000000180025095e-35 0.86575314402580272
decision_type=2 2 2 2 2 2 2
left_child=4 3 -3 -2 5 -1 -6
right_child=1 2 -4 -5 6 -7 -8
leaf_value=-0.0022043021314765835 0.0020191508321508161 0.0058972803578646775 -0.0016812575823860244 -5.9361736424267863e-05 -9.7538196612658934e-05 0.0023784751236671582 0.001078376162417231
leaf_weight=1392 352 371 396 7043 52129 590 1712
leaf_count=1392 352 371 396 7043 52129 590 1712
internal_value=-4.82724e-05 0.000222344 0.0019845 3.95749e-05 -8.78397e-05 -0.000840105 -6.01473e-05
internal_weight=63985 8162 767 7395 55823 1982 53841
internal_count=63985 8162 767 7395 55823 1982 53841
is_linear=0
shrinkage=0.12


Tree=783
num_leaves=7
num_cat=0
split_feature=55 28 50 55 68 51
split_gain=0.0482073 0.197334 0.214956 0.0592091 0.194168 0.0781161
threshold=0.31604905426502233 34.731634140014656 -0.047092178836464875 0.25745137035846716 2.5000000000000004 0.33207166194915777
decision_type=2 2 2 2 2 2
left_child=3 -2 -3 5 -5 -1
right_child=1 2 -4 4 -6 -7
leaf_value=4.3246573867318734e-06 -0.0031820097714304347 -0.0032401870992668329 -2.0225327654252536e-05 6.2001497477291612e-05 0.0024042009205114457 -0.00050723644600714278
leaf_weight=49629 338 316 5405 2976 615 4706
leaf_count=49629 338 316 5405 2976 615 4706
internal_value=-4.24797e-05 -0.000364538 -0.00019808 -8.79271e-06 0.00046313 -3.99821e-05
internal_weight=63985 6059 5721 57926 3591 54335
internal_count=63985 6059 5721 57926 3591 54335
is_linear=0
shrinkage=0.12


Tree=784
num_leaves=7
num_cat=0
split_feature=58 53 2 57 29 71
split_gain=0.0404732 0.211792 0.193185 0.0743776 0.26651 0.190674
threshold=1.0000000180025095e-35 2.6531250476837163 123.70499801635744 4.0687499046325692 -67.857318878173814 135.50000000000003
decision_type=2 2 2 2 2 2
left_child=3 2 -2 5 -5 -1
right_child=1 -3 -4 4 -6 -7
leaf_value=-6.3865139971273896e-05 -0.0032710613709355514 0.0021351380926431514 -0.00036568408369150963 0.0036105448103706359 0.00014683254665193756 -0.0027567414692219062
leaf_weight=42995 354 455 4773 327 14699 382
leaf_count=42995 354 455 4773 327 14699 382
internal_value=-3.73821e-05 -0.000346091 -0.000566289 -7.8766e-06 0.000222211 -8.758e-05
internal_weight=63985 5582 5127 58403 15026 43377
internal_count=63985 5582 5127 58403 15026 43377
is_linear=0
shrinkage=0.12


Tree=785
num_leaves=8
num_cat=0
split_feature=34 58 57 61 5 66 63
split_gain=0.0754188 0.189319 0.442013 0.254502 0.0755114 0.111381 0.0717748
threshold=1.2711571455001833 -0.42476697266101832 1.3718749880790713 9.1218748092651385 1.3667500019073489 11.883853912353517 19999969.000000004
decision_type=2 2 2 2 2 2 2
left_child=4 3 -3 -2 6 -6 -1
right_child=1 2 -4 -5 5 -7 -8
leaf_value=0.00019354809928669495 0.00067211469581254335 0.00055368888547126444 -0.0037016456114112532 0.0040687717299258928 -0.00012115930652096021 -0.0022224048790312561 -0.00060637649686950436
leaf_weight=21721 1936 1673 445 380 35654 367 1745
leaf_count=21721 1936 1673 445 380 35654 367 1745
internal_value=2.1422e-06 0.000479575 -0.000340373 0.00122942 -3.34444e-05 -0.000142568 0.000134063
internal_weight=63921 4434 2118 2316 59487 36021 23466
internal_count=63921 4434 2118 2316 59487 36021 23466
is_linear=0
shrinkage=0.12


Tree=786
num_leaves=8
num_cat=0
split_feature=46 70 5 66 36 13 5
split_gain=0.0627728 0.128549 0.392031 0.280569 0.100968 0.206721 0.111827
threshold=0.21602907776832583 31.500000000000004 1.8222999572753908 3.9281250238418584 12.610716819763185 6.2533500194549569 2.9472500085830693
decision_type=2 2 2 2 2 2 2
left_child=1 2 -1 -3 5 -2 -6
right_child=4 3 -4 -5 6 -7 -8
leaf_value=0.002647287553621988 -0.0025964318948162317 0.0003667792788028086 0.00020499802152025408 -0.0015361948302121235 1.5864658887680726e-05 0.00035382605719500634 -0.00069703111931229049
leaf_weight=1050 666 3203 9595 1712 43575 703 3417
leaf_count=1050 666 3203 9595 1712 43575 703 3417
internal_value=1.88513e-06 0.000211532 0.0004459 -0.000296067 -6.55681e-05 -0.00108143 -3.59732e-05
internal_weight=63921 15560 10645 4915 48361 1369 46992
internal_count=63921 15560 10645 4915 48361 1369 46992
is_linear=0
shrinkage=0.12


Tree=787
num_leaves=7
num_cat=0
split_feature=54 0 41 53 29 5
split_gain=0.0610165 0.160977 0.169783 0.129692 0.178235 0.0968973
threshold=-0.074067249894142137 3.4364999532699589 0.19081813842058185 1.4718750119209292 50.884258270263679 1.3667500019073489
decision_type=2 2 2 2 2 2
left_child=1 -1 -3 4 -2 -5
right_child=3 2 -4 5 -6 -7
leaf_value=-0.0024297362335115491 -0.0038722838507563111 0.00041306441644474418 -0.00047777703834445915 0.00014297065686839054 -0.00024091608246173274 -0.00021380899101805097
leaf_weight=334 304 14838 3888 20642 541 23374
leaf_count=334 304 14838 3888 20642 541 23374
internal_value=1.65892e-06 0.000181528 0.000228103 -7.47616e-05 -0.00154735 -4.64915e-05
internal_weight=63921 19060 18726 44861 845 44016
internal_count=63921 19060 18726 44861 845 44016
is_linear=0
shrinkage=0.12


Tree=788
num_leaves=7
num_cat=0
split_feature=58 22 76 2 80 76
split_gain=0.0523217 0.184199 0.100821 0.0592998 0.151066 0.0951312
threshold=2.5133279561996464 1.3128708600997927 0.51194903254508983 193.89499664306643 1.0000000180025095e-35 0.9762399196624757
decision_type=2 2 2 2 2 2
left_child=3 -2 -3 4 -1 -5
right_child=1 2 -4 5 -6 -7
leaf_value=0.00014243762549810218 -0.0033030854506801151 0.0010450753160957246 -0.0010968505027338894 -3.6437777880038009e-05 0.0020462955046801094 -0.0020967828945686611
leaf_weight=15703 310 625 641 45693 624 325
leaf_count=15703 310 625 641 45693 624 325
internal_value=1.45985e-06 -0.000681387 -3.94227e-05 1.87213e-05 0.000215201 -5.09889e-05
internal_weight=63921 1576 1266 62345 16327 46018
internal_count=63921 1576 1266 62345 16327 46018
is_linear=0
shrinkage=0.12


Tree=789
num_leaves=7
num_cat=0
split_feature=34 53 22 36 51 60
split_gain=0.0438358 0.14398 0.25019 0.0764721 0.247642 0.0657028
threshold=1.2711571455001833 2.5406249761581425 1.2793166637420657 -28.914446830749508 0.19094065576791766 1.0000000180025095e-35
decision_type=2 2 2 2 2 2
left_child=3 2 -2 4 -1 -5
right_child=1 -3 -4 5 -6 -7
leaf_value=-0.0018293091231082344 -0.00082329371175746081 0.0021456637203503448 0.0011096064732662844 -7.8735178998610609e-05 0.0011865981063374804 0.00021183319985422215
leaf_weight=1157 2013 570 1851 42521 593 15216
leaf_count=1157 2013 570 1851 42521 593 15216
internal_value=1.28467e-06 0.000365273 0.000102638 -2.5846e-05 -0.000807347 -2.15883e-06
internal_weight=63921 4434 3864 59487 1750 57737
internal_count=63921 4434 3864 59487 1750 57737
is_linear=0
shrinkage=0.12


Tree=790
num_leaves=8
num_cat=0
split_feature=29 58 47 51 34 85 29
split_gain=0.149027 0.268611 0.200315 0.182687 0.129783 0.180973 0.0744123
threshold=-64.862651824951158 -3.5464003086090083 0.08910184353590013 0.13922533392906192 1.3075285553932192 1.0000000180025095e-35 -3.3073722124099727
decision_type=2 2 2 2 2 2 2
left_child=1 3 -3 -1 6 -6 -2
right_child=4 2 -4 -5 5 -7 -8
leaf_value=-0.0011548198254841249 -0.00047099912897983999 0.0025288190539964482 -0.00090857019923866781 -0.0051579872760061573 -0.0014466479757031085 0.0018311975481384612 -1.1167357874776354e-05
leaf_weight=344 5584 317 1062 314 311 1102 54807
leaf_count=344 5584 317 1062 314 311 1102 54807
internal_value=-6.03714e-05 -0.00107027 -0.000118394 -0.00306515 -2.70862e-05 0.00110975 -5.36853e-05
internal_weight=63841 2037 1379 658 61804 1413 60391
internal_count=63841 2037 1379 658 61804 1413 60391
is_linear=0
shrinkage=0.12


Tree=791
num_leaves=8
num_cat=0
split_feature=29 58 59 76 3 85 29
split_gain=0.115406 0.208012 0.235738 0.226128 0.100841 0.169868 0.0609579
threshold=-64.862651824951158 -3.5464003086090083 2.264075875282288 0.45799432694911962 0.23663000017404559 1.0000000180025095e-35 -3.3073722124099727
decision_type=2 2 2 2 2 2 2
left_child=1 3 -3 -1 5 -2 -6
right_child=4 2 -4 -5 6 -7 -8
leaf_value=-0.0047905337807280738 -0.0014445998563018521 -0.0011674548625795443 0.0022109926864008573 -0.00033315795957499623 -0.00042891234177366529 0.0016213657020436834 -9.8771259653211448e-06
leaf_weight=349 334 945 434 309 5501 1178 54791
leaf_count=349 334 945 434 309 5501 1178 54791
internal_value=-5.31268e-05 -0.000941834 -0.000104187 -0.00269733 -2.38359e-05 0.000944096 -4.81096e-05
internal_weight=63841 2037 1379 658 61804 1512 60292
internal_count=63841 2037 1379 658 61804 1512 60292
is_linear=0
shrinkage=0.12


Tree=792
num_leaves=8
num_cat=0
split_feature=36 58 61 76 34 57 47
split_gain=0.0893706 0.161085 0.178241 0.175113 0.0784686 0.134488 0.045368
threshold=-64.862651824951158 -3.5464003086090083 1.6593750119209292 0.45799432694911962 1.3075285553932192 1.3406249880790713 0.71706640720367443
decision_type=2 2 2 2 2 2 2
left_child=1 3 -3 -1 6 -6 -2
right_child=4 2 -4 -5 5 -7 -8
leaf_value=-0.0042156697998295689 -3.2565988904408459e-05 -0.0010506092427589905 0.001849296550968383 -0.00029317898635004559 0.00213501319254714 -0.00021448626621927626 -0.0012314473313055642
leaf_weight=349 59933 923 456 309 648 765 458
leaf_count=349 59933 923 456 309 648 765 458
internal_value=-4.67516e-05 -0.000828814 -9.16846e-05 -0.00237365 -2.09756e-05 0.000862991 -4.16582e-05
internal_weight=63841 2037 1379 658 61804 1413 60391
internal_count=63841 2037 1379 658 61804 1413 60391
is_linear=0
shrinkage=0.12


Tree=793
num_leaves=8
num_cat=0
split_feature=29 85 66 53 2 55 29
split_gain=0.0692086 0.147444 0.236468 0.207472 0.0610486 0.160224 0.0472384
threshold=-64.862651824951158 0.37500000000000006 6.8093750476837167 2.3843749761581425 118.31500244140626 0.15552574396133426 -3.3073722124099727
decision_type=2 2 2 2 2 2 2
left_child=1 3 -3 -1 5 -2 -6
right_child=4 2 -4 -5 6 -7 -8
leaf_value=-0.0011369045123314982 0.001729706454165533 0.0012088827057120327 -0.002654360495324404 0.0026005891130027811 -0.00037256729319586524 -0.00079887636876156351 -3.6890277427445269e-06
leaf_weight=505 917 312 849 371 5501 595 54791
leaf_count=505 917 312 849 371 5501 595 54791
internal_value=-4.11414e-05 -0.000729356 -0.00161618 0.000445984 -1.84585e-05 0.000734662 -3.73452e-05
internal_weight=63841 2037 1161 876 61804 1512 60292
internal_count=63841 2037 1161 876 61804 1512 60292
is_linear=0
shrinkage=0.12


Tree=794
num_leaves=7
num_cat=0
split_feature=1 1 33 55 46 72
split_gain=0.0732008 0.220698 0.129898 0.236155 0.207679 0.0811125
threshold=12.222400188446047 12.098249912261965 0.22656795382499698 0.3269606232643128 0.23853041976690295 7.4156248569488534
decision_type=2 2 2 2 2 2
left_child=1 5 3 -2 -4 -1
right_child=2 -3 4 -5 -6 -7
leaf_value=-0.00019449726814813547 -0.00087409572170649445 0.0025373482971800931 0.0019057616743075364 0.0015825860733436285 -0.00011318033888079473 0.00017164997017025352
leaf_weight=13831 6081 515 764 621 18487 23542
leaf_count=13831 6081 515 764 621 18487 23542
internal_value=-3.62044e-05 7.01443e-05 -0.00019146 -0.000646462 -3.30561e-05 3.61462e-05
internal_weight=63841 37888 25953 6702 19251 37373
internal_count=63841 37888 25953 6702 19251 37373
is_linear=0
shrinkage=0.12


Tree=795
num_leaves=8
num_cat=0
split_feature=46 22 83 65 36 82 36
split_gain=0.0717357 0.185893 0.498645 0.302336 0.0978341 0.16801 0.0659399
threshold=0.25282885134220129 1.9510666728019717 0.37500000000000006 44.500000000000007 45.677238464355476 1.0000000180025095e-35 60.783304214477546
decision_type=2 2 2 2 2 2 2
left_child=1 3 -3 -1 5 -2 -6
right_child=4 2 -4 -5 6 -7 -8
leaf_value=0.00011783298077288036 -0.00025500765019246434 0.0013095351880802746 -0.0010670022483957597 -0.0020730974871714623 0.00054018188048698696 -0.0023924434805137201 -4.7942395309660029e-05
leaf_weight=11727 2631 5160 1687 983 2959 663 37992
leaf_count=11727 2631 5160 1687 983 2959 663 37992
internal_value=2.85414e-05 0.000219928 0.000723991 -5.16151e-05 -5.60548e-05 -0.00068522 -5.44625e-06
internal_weight=63802 19557 6847 12710 44245 3294 40951
internal_count=63802 19557 6847 12710 44245 3294 40951
is_linear=0
shrinkage=0.12


Tree=796
num_leaves=7
num_cat=0
split_feature=2 80 62 76 84 51
split_gain=0.0595263 0.174484 0.158031 0.103418 0.545339 0.0901691
threshold=174.81500244140628 1.0000000180025095e-35 -3.5335149765014644 0.95244187116622936 1.0000000180025095e-35 0.19418262690305713
decision_type=2 2 2 2 2 2
left_child=1 2 -1 5 -5 -2
right_child=3 -3 -4 4 -6 -7
leaf_value=0.0011196722011037887 -0.00016040784130387921 0.0027500036812697945 -2.8307624747109686e-05 -0.00042787089316614408 0.0041513602349185792 0.000203931300945082
leaf_weight=2114 36662 394 9427 1345 519 13341
leaf_count=2114 36662 394 9427 1345 519 13341
internal_value=2.51164e-05 0.000266748 0.000181971 -3.04848e-05 0.00084714 -6.32007e-05
internal_weight=63802 11935 11541 51867 1864 50003
internal_count=63802 11935 11541 51867 1864 50003
is_linear=0
shrinkage=0.12


Tree=797
num_leaves=8
num_cat=0
split_feature=41 16 46 51 29 47 41
split_gain=0.0496246 0.122339 0.254671 0.160836 0.0804293 0.0851123 0.0678443
threshold=0.048323031514883048 6.1241729259490976 0.23374445736408236 0.15473877638578418 -84.25978851318358 0.1516184285283089 0.053703686222434051
decision_type=2 2 2 2 2 2 2
left_child=1 3 -3 -1 5 -2 -6
right_child=4 2 -4 -5 6 -7 -8
leaf_value=-0.00041237117561856925 -3.3395457070409537e-05 0.001358005823381032 -0.00071246600436584539 -0.003264978028204728 0.00083244492206005027 0.0027162154396566489 1.7160707690796279e-05
leaf_weight=870 315 1311 2462 423 1509 334 56578
leaf_count=870 315 1311 2462 423 1509 334 56578
internal_value=2.21024e-05 -0.000338254 6.95848e-06 -0.00134559 5.31833e-05 0.00138166 3.83404e-05
internal_weight=63802 5066 3773 1293 58736 649 58087
internal_count=63802 5066 3773 1293 58736 649 58087
is_linear=0
shrinkage=0.12


Tree=798
num_leaves=7
num_cat=0
split_feature=61 61 0 53 53 15
split_gain=0.0448215 0.117778 0.285751 0.112103 0.155806 0.0779387
threshold=3.3406250476837163 3.0968749523162846 12.926849842071535 1.5968750119209292 1.7468749880790713 -0.22775550186634061
decision_type=2 2 2 2 2 2
left_child=1 5 -3 -2 -5 -1
right_child=3 2 -4 4 -6 -7
leaf_value=0.0019703097720790252 -0.0020858264136991468 0.0038707868501223859 -0.00059045377425023945 0.0025944151467297452 -0.00012481063671719082 4.8138375879984743e-05
leaf_weight=306 411 390 440 308 20443 41504
leaf_count=306 411 390 440 308 20443 41504
internal_value=1.94502e-05 9.03062e-05 0.00150579 -0.00012332 -8.44501e-05 6.22064e-05
internal_weight=63802 42640 830 21162 20751 41810
internal_count=63802 42640 830 21162 20751 41810
is_linear=0
shrinkage=0.12


Tree=799
num_leaves=7
num_cat=0
split_feature=76 2 2 2 57 34
split_gain=0.0402072 0.16076 0.107239 0.0489965 0.192144 0.0735768
threshold=0.96590203046798717 242.05500030517581 175.87500000000003 174.81500244140628 3.7156250476837163 0.91424286365509044
decision_type=2 2 2 2 2 2
left_child=3 2 -2 4 -1 -5
right_child=1 -3 -4 5 -6 -7
leaf_value=0.00054866011842611068 -0.00020917629642434508 -0.0016769044806232659 0.0022177484225666673 5.8096945696367124e-05 -0.0005176333880550051 -0.00024441336951569443
leaf_weight=8039 415 333 712 32969 3490 17844
leaf_count=8039 415 333 712 32969 3490 17844
internal_value=1.71161e-05 0.000639602 0.00132407 2.538e-06 0.000225877 -4.81356e-05
internal_weight=63802 1460 1127 62342 11529 50813
internal_count=63802 1460 1127 62342 11529 50813
is_linear=0
shrinkage=0.12


Tree=800
num_leaves=8
num_cat=0
split_feature=46 55 84 72 32 76 7
split_gain=0.0478989 0.135655 0.279092 0.203322 0.100413 0.0991268 0.0988015
threshold=0.3523413091897965 0.073340173810720458 1.0000000180025095e-35 5.2781250476837167 98.662429809570327 0.95244187116622936 7.87150001525879
decision_type=2 2 2 2 2 2 2
left_child=1 2 -1 -3 5 -2 -6
right_child=4 3 -4 -5 6 -7 -8
leaf_value=-7.2776173406444215e-05 0.00014983168858585103 -0.00083309234288563526 -0.001622933974231761 0.00020839875820398293 -0.00019409614868861954 0.001796303107729008 -0.0018032521384656679
leaf_weight=5807 29888 3164 2349 18374 3185 536 664
leaf_count=5807 29888 3164 2349 18374 3185 536 664
internal_value=9.12601e-06 -0.000102434 -0.000519235 5.54004e-05 0.000105781 0.000178839 -0.000471695
internal_weight=63967 29694 8156 21538 34273 30424 3849
internal_count=63967 29694 8156 21538 34273 30424 3849
is_linear=0
shrinkage=0.12


Tree=801
num_leaves=5
num_cat=0
split_feature=58 63 22 34
split_gain=0.0469542 0.0841781 0.0445052 0.0475026
threshold=8.6593971252441424 0.85009479522705089 4.0835001468658456 1.3414714336395266
decision_type=2 2 2 2
left_child=2 -2 3 -1
right_child=1 -3 -4 -5
leaf_value=1.4465449722859389e-05 0.0024839860272600073 -9.0002836690253603e-05 -0.001155553460301003 -0.0012174740897354132
leaf_weight=62273 306 455 479 454
leaf_count=62273 306 455 479 454
internal_value=8.03089e-06 0.000945005 -3.25027e-06 5.54903e-06
internal_weight=63967 761 63206 62727
internal_count=63967 761 63206 62727
is_linear=0
shrinkage=0.12


Tree=802
num_leaves=8
num_cat=0
split_feature=67 71 47 28 46 75 51
split_gain=0.0395845 0.184637 0.166628 0.150198 0.0757017 0.162438 0.160677
threshold=1.5000000000000002 46.500000000000007 0.15806051343679431 80.83557510375978 0.35742087662220007 3.5000000000000004 0.042516553774476058
decision_type=2 2 2 2 2 2 2
left_child=4 3 -3 -2 5 -1 -6
right_child=1 2 -4 -5 6 -7 -8
leaf_value=2.6621230353765029e-06 0.00068999105419172255 -0.00038785882118696547 0.00074389472037437369 0.0041141526582592633 0.00095222193271440978 -0.00067082238790303246 9.6995964809646742e-06
leaf_weight=19280 479 4622 3150 300 2892 7040 26204
leaf_count=19280 479 4622 3150 300 2892 7040 26204
internal_value=7.06718e-06 0.000247379 7.08421e-05 0.00200867 -3.00143e-05 -0.00017748 0.000103382
internal_weight=63967 8551 7772 779 55416 26320 29096
internal_count=63967 8551 7772 779 55416 26320 29096
is_linear=0
shrinkage=0.12


Tree=803
num_leaves=6
num_cat=0
split_feature=58 63 60 0 22
split_gain=0.0358199 0.0643361 0.0390159 0.154653 0.116173
threshold=8.6593971252441424 0.85009479522705089 1.0000000180025095e-35 56.359949111938484 1.9392499923706057
decision_type=2 2 2 2 2
left_child=2 -2 4 -4 -1
right_child=1 -3 3 -5 -6
leaf_value=-0.000359312333568961 0.002170024485277085 -8.0245351349771192e-05 0.00023807016236884426 -0.0013942053419106716 6.0297293704894094e-05
leaf_weight=13342 306 455 15978 882 33004
leaf_count=13342 306 455 15978 882 33004
internal_value=6.21912e-06 0.000824594 -3.63411e-06 0.000152681 -6.04991e-05
internal_weight=63967 761 63206 16860 46346
internal_count=63967 761 63206 16860 46346
is_linear=0
shrinkage=0.12


Tree=804
num_leaves=5
num_cat=0
split_feature=22 24 57 28
split_gain=0.0351857 0.0381713 0.12084 0.041599
threshold=4.0835001468658456 14.458998680114748 1.6281250119209292 147.53260803222659
decision_type=2 2 2 2
left_child=1 3 -3 -1
right_child=-2 2 -4 -5
leaf_value=1.380943501482632e-05 -0.0010191514721656387 -0.00054925996070618135 0.0026519681274863945 -0.00092042539293264844
leaf_weight=62109 479 374 311 694
leaf_count=62109 479 374 311 694
internal_value=5.47283e-06 1.32033e-05 0.000904144 3.48574e-06
internal_weight=63967 63488 685 62803
internal_count=63967 63488 685 62803
is_linear=0
shrinkage=0.12


Tree=805
num_leaves=8
num_cat=0
split_feature=63 66 2 72 63 53 33
split_gain=0.0571594 0.201439 0.418628 0.316717 0.122363 0.169278 0.0943303
threshold=4.1253845691680917 7.8062500953674325 195.70999908447268 8.9937500953674334 3.6429243087768559 2.4843750000000004 0.088109530508518233
decision_type=2 2 2 2 2 2 2
left_child=4 2 -2 -3 6 -6 -1
right_child=1 3 -4 -5 5 -7 -8
leaf_value=0.00088638446569947013 0.0040666793591392419 -0.0026107855349439416 -0.00017009274644816228 -0.00017521518856741686 0.0019222784633064665 -0.0012041845354372977 5.3923456267801217e-06
leaf_weight=1827 484 806 1097 16673 1061 326 41595
leaf_count=1827 484 806 1097 16673 1061 326 41595
internal_value=3.86287e-06 -0.000170198 0.00112693 -0.000287525 7.79016e-05 0.00118744 4.24605e-05
internal_weight=63869 19060 1581 17479 44809 1387 43422
internal_count=63869 19060 1581 17479 44809 1387 43422
is_linear=0
shrinkage=0.12


Tree=806
num_leaves=8
num_cat=0
split_feature=63 66 2 65 63 41 63
split_gain=0.0442643 0.155994 0.352197 0.265485 0.105972 0.161325 0.109291
threshold=4.1253845691680917 7.8062500953674325 270.45500183105474 35.500000000000007 2.3197940587997441 0.05213755555450917 1.0917518734931948
decision_type=2 2 2 2 2 2 2
left_child=4 2 -2 -3 6 -6 -1
right_child=1 3 -4 -5 5 -7 -8
leaf_value=6.8713573693399553e-05 0.0026046381802762187 -0.0018233606244257828 -0.00099713246377778893 -0.00011374100153147702 0.0026426887885022915 0.00035764134401720151 -0.00057411762013803681
leaf_weight=34899 873 1424 708 16055 487 5148 4275
leaf_count=34899 873 1424 708 16055 487 5148 4275
internal_value=3.39932e-06 -0.000149774 0.000991701 -0.000253022 6.85534e-05 0.000555125 -1.43763e-06
internal_weight=63869 19060 1581 17479 44809 5635 39174
internal_count=63869 19060 1581 17479 44809 5635 39174
is_linear=0
shrinkage=0.12


Tree=807
num_leaves=8
num_cat=0
split_feature=41 60 57 50 41 58 75
split_gain=0.0458361 0.1717 0.250832 0.178611 0.151144 0.260332 0.10339
threshold=0.1047719679772854 1.0000000180025095e-35 3.1531250476837163 0.24972197413444522 0.1122182495892048 -0.27698440849781031 12.500000000000002
decision_type=2 2 2 2 2 2 2
left_child=1 3 -3 -1 5 -2 -6
right_child=4 2 -4 -5 6 -7 -8
leaf_value=-0.00061843736072609515 -0.00016849109884445459 0.0024460631560650654 0.00012727751118297653 0.00017497592903680835 5.3882653342332238e-05 0.0022711841378218159 -0.0011976842022227547
leaf_weight=11006 1338 760 5787 6498 36314 1190 976
leaf_count=11006 1338 760 5787 6498 36314 1190 976
internal_value=2.9914e-06 -0.00012781 0.000396451 -0.000323899 8.19987e-05 0.000979932 2.11251e-05
internal_weight=63869 24051 6547 17504 39818 2528 37290
internal_count=63869 24051 6547 17504 39818 2528 37290
is_linear=0
shrinkage=0.12


Tree=808
num_leaves=8
num_cat=0
split_feature=46 19 47 8 19 14 15
split_gain=0.0413362 0.122819 0.180606 0.139498 0.0875056 0.15305 0.101082
threshold=0.23853041976690295 0.34687499701976782 0.2062429487705231 4.4978249073028573 0.30729167163372045 -0.74274998903274525 -0.22775550186634061
decision_type=2 2 2 2 2 2 2
left_child=1 3 -3 -1 6 -6 -2
right_child=4 2 -4 -5 5 -7 -8
leaf_value=0.00067856298496447279 0.0018804659946403323 -0.0013718828930272219 0.0016076206641470188 -3.0646448454655678e-05 -0.0017694523139020854 0.00042074933049561817 -0.00015702901543150464
leaf_weight=6730 354 1468 366 9823 488 7850 36790
leaf_count=6730 354 1468 366 9823 488 7850 36790
internal_value=2.63243e-06 0.000154465 -0.000777282 0.000257699 -5.8749e-05 0.000292563 -0.000137611
internal_weight=63869 18387 1834 16553 45482 8338 37144
internal_count=63869 18387 1834 16553 45482 8338 37144
is_linear=0
shrinkage=0.12


Tree=809
num_leaves=7
num_cat=0
split_feature=58 51 51 3 76 5
split_gain=0.0405633 0.195461 0.18838 0.0466402 0.148822 0.12669
threshold=1.3808410167694094 0.087486594915390029 0.1098310984671116 0.35175000131130224 0.93208524584770214 3.6254500150680546
decision_type=2 2 2 2 2 2
left_child=3 -2 -3 4 -1 -5
right_child=1 2 -4 5 -6 -7
leaf_value=0.00035311272556170256 0.0013959748094330127 -0.0038475688881647852 -0.00055644329227335699 -5.5165518893727327e-05 -0.0013269355911538962 0.0014082210488693151
leaf_weight=10918 595 302 1467 48904 816 867
leaf_count=10918 595 302 1467 48904 816 867
internal_value=2.31654e-06 -0.000485475 -0.0011183 2.10653e-05 0.00023628 -2.96736e-05
internal_weight=63869 2364 1769 61505 11734 49771
internal_count=63869 2364 1769 61505 11734 49771
is_linear=0
shrinkage=0.12


Tree=810
num_leaves=8
num_cat=0
split_feature=2 45 47 63 34 58 5
split_gain=0.0488919 0.215193 0.257432 0.155338 0.139535 0.31967 0.081677
threshold=135.66999816894534 0.90937501192092907 0.096871696412563338 8.029630661010744 1.2391285896301272 -1.3664323687553404 3.0450999736785893
decision_type=2 2 2 2 2 2 2
left_child=1 2 -1 -3 6 -6 -2
right_child=4 3 -4 -5 5 -7 -8
leaf_value=0.00082533361937522139 -4.6922841720893956e-05 0.0017682462709229416 -0.0013974795346306872 -0.001291536815901054 -0.0012033224955526551 0.0037146407274128409 0.00044834981242980161
leaf_weight=1019 52675 943 2845 320 332 446 5275
leaf_count=1019 52675 943 2845 320 332 446 5275
internal_value=-1.14328e-05 -0.000366813 -0.000811287 0.000993004 1.95922e-05 0.00161597 -1.83978e-06
internal_weight=63855 5127 3864 1263 58728 778 57950
internal_count=63855 5127 3864 1263 58728 778 57950
is_linear=0
shrinkage=0.12


Tree=811
num_leaves=7
num_cat=0
split_feature=47 47 41 55 58 33
split_gain=0.0439632 0.134497 0.132551 0.130479 0.111749 0.0644605
threshold=0.36349463462829595 0.35093636810779577 0.24592433869838717 0.153433732688427 -10.540344715118406 0.066077049821615233
decision_type=2 2 2 2 2 2
left_child=1 5 4 -4 -2 -1
right_child=2 -3 3 -5 -6 -7
leaf_value=0.00072638067434930512 -0.0020802650258222558 0.0020140205116201525 -0.00015531091569328165 0.0030093534769833805 -0.00036419125624873581 -2.0495282275969146e-05
leaf_weight=1714 662 482 498 301 3130 57068
leaf_count=1714 662 482 498 301 3130 57068
internal_value=-1.00608e-05 1.76524e-05 -0.000367803 0.00103688 -0.00066378 1.28256e-06
internal_weight=63855 59264 4591 799 3792 58782
internal_count=63855 59264 4591 799 3792 58782
is_linear=0
shrinkage=0.12


end of trees

feature_importances:
a_dwell_min=227
soc_kwh=206
hz_drive=194
cs3_queue=187
cd_slack_after=177
charge_time_to_full=149
cs1_queue=145
t_elapsed=141
e_margin_next_cs_wc=137
cs2_soc_frac=121
drive_left=117
queue_here=115
cd=114
cu1_drive=114
cs3_soc_frac=112
route_frac_done=112
cs2_queue=109
cu1_close_slack=106
legs_to_forced_break=102
cu1_open_slack=100
cu2_drive=100
cs3_drive=99
cu2_open_slack=99
cs2_drive=90
e_needed_next_cs_wc=85
D_next=83
tod=79
cu2_close_slack=78
soc_at_next_cs_frac=76
cd_slack=73
sd=71
hz_stops=69
cs1_soc_frac=66
spread_slack2_after=64
legs_to_forced_rest=64
sd_slack=63
sd_slack_after=58
a_b45=52
stops_left=50
cs1_drive=49
a_break_min=42
a_rest_min=40
sw_slack=36
cust_left=34
spread_slack2=33
soc_frac=32
a_r2=32
sw=31
a_tauc_full=31
spread_slack1=28
spread_h=26
a_resets_cd=26
cs_left=24
energy_left=23
cu1_rests_between=22
E_next=20
e_nom_margin_next_cs=19
a_residual_break=19
a_break_absorbable=18
phi=17
a_b30=14
a_r1=13
drive_to_next_cs=12
hz_n_breaks=12
rho2_used=10
ext_shift_used=10
stops_to_next_cs=10
cu2_rests_between=9
hz_n_rests=8
energy_to_next_cs=6
a_b15=6
usable_kwh=5
charge_rate_now_kw=5
a_resets_sd=4
ext_left=2
D_next_wc=2
rho2_left=1
cs3_reach=1

parameters:
[boosting: gbdt]
[objective: huber]
[metric: huber]
[tree_learner: serial]
[device_type: cpu]
[data_sample_strategy: bagging]
[data: ]
[valid: ]
[num_iterations: 1200]
[learning_rate: 0.12]
[num_leaves: 15]
[num_threads: 0]
[seed: 0]
[deterministic: 0]
[force_col_wise: 0]
[force_row_wise: 0]
[histogram_pool_size: -1]
[max_depth: 3]
[min_data_in_leaf: 300]
[min_sum_hessian_in_leaf: 0.001]
[bagging_fraction: 0.8]
[pos_bagging_fraction: 1]
[neg_bagging_fraction: 1]
[bagging_freq: 5]
[bagging_seed: 7719]
[bagging_by_query: 0]
[feature_fraction: 0.8]
[feature_fraction_bynode: 1]
[feature_fraction_seed: 2437]
[extra_trees: 0]
[extra_seed: 11797]
[early_stopping_round: 0]
[early_stopping_min_delta: 0]
[first_metric_only: 0]
[max_delta_step: 0]
[lambda_l1: 0]
[lambda_l2: 0]
[linear_lambda: 0]
[min_gain_to_split: 0]
[drop_rate: 0.1]
[max_drop: 50]
[skip_drop: 0.5]
[xgboost_dart_mode: 0]
[uniform_drop: 0]
[drop_seed: 21238]
[top_rate: 0.2]
[other_rate: 0.1]
[min_data_per_group: 100]
[max_cat_threshold: 32]
[cat_l2: 10]
[cat_smooth: 10]
[max_cat_to_onehot: 4]
[top_k: 20]
[monotone_constraints: ]
[monotone_constraints_method: basic]
[monotone_penalty: 0]
[feature_contri: ]
[forcedsplits_filename: ]
[refit_decay_rate: 0.9]
[cegb_tradeoff: 1]
[cegb_penalty_split: 0]
[cegb_penalty_feature_lazy: ]
[cegb_penalty_feature_coupled: ]
[path_smooth: 0]
[interaction_constraints: ]
[verbosity: -1]
[saved_feature_importance_type: 0]
[use_quantized_grad: 0]
[num_grad_quant_bins: 4]
[quant_train_renew_leaf: 0]
[stochastic_rounding: 1]
[linear_tree: 0]
[max_bin: 255]
[max_bin_by_feature: ]
[min_data_in_bin: 3]
[bin_construct_sample_cnt: 200000]
[data_random_seed: 38]
[is_enable_sparse: 1]
[enable_bundle: 1]
[use_missing: 1]
[zero_as_missing: 0]
[feature_pre_filter: 1]
[pre_partition: 0]
[two_round: 0]
[header: 0]
[label_column: ]
[weight_column: ]
[group_column: ]
[ignore_column: ]
[categorical_feature: ]
[forcedbins_filename: ]
[precise_float_parser: 0]
[parser_config_file: ]
[objective_seed: 8855]
[num_class: 1]
[is_unbalance: 0]
[scale_pos_weight: 1]
[sigmoid: 1]
[boost_from_average: 1]
[reg_sqrt: 0]
[alpha: 0.9]
[fair_c: 1]
[poisson_max_delta_step: 0.7]
[tweedie_variance_power: 1.5]
[lambdarank_truncation_level: 30]
[lambdarank_norm: 1]
[label_gain: ]
[lambdarank_position_bias_regularization: 0]
[eval_at: ]
[multi_error_top_k: 1]
[auc_mu_weights: ]
[num_machines: 1]
[local_listen_port: 12400]
[time_out: 120]
[machine_list_filename: ]
[machines: ]
[gpu_platform_id: -1]
[gpu_device_id: -1]
[gpu_device_id_list: ]
[gpu_use_dp: 0]
[num_gpu: 1]

end of parameters

pandas_categorical:null
