tree
version=v4
num_class=1
num_tree_per_iteration=1
label_index=0
max_feature_idx=87
objective=binary sigmoid:1
feature_names=tod soc_kwh soc_frac usable_kwh cd sd sw spread_h phi rho2_used ext_shift_used cd_slack sd_slack sw_slack spread_slack1 spread_slack2 rho2_left ext_left D_next E_next D_next_wc cd_slack_after sd_slack_after spread_slack2_after must_charge must_reset_cd must_rest e_needed_next_cs_wc e_margin_next_cs_wc stops_to_next_cs drive_to_next_cs energy_to_next_cs soc_at_next_cs_frac charge_time_to_full charge_rate_now_kw e_nom_margin_next_cs is_cs is_cust is_layby is_ferry queue_here service_here tw_early_slack tw_late_slack cs1_drive cs1_soc_frac cs1_queue cs1_reach cs2_drive cs2_soc_frac cs2_queue cs2_reach cs3_drive cs3_soc_frac cs3_queue cs3_reach cu1_drive cu1_open_slack cu1_close_slack cu1_rests_between cu2_drive cu2_open_slack cu2_close_slack cu2_rests_between hz_stops hz_drive hz_n_rests hz_n_breaks legs_to_forced_break legs_to_forced_rest a_y a_cu1_slack_after a_cu1_late a_cu1_early a_dwell_vs_cu1_drive a_b45 a_b15 a_b30 a_r1 a_r2 a_break_min a_rest_min a_dwell_min a_resets_cd a_resets_sd a_tauc_full a_break_absorbable a_residual_break
feature_infos=[0.0060999998822808266:23.997499465942383] [100.12000274658203:495.77999877929688] [0.20024000108242035:0.99155998229980469] [0.11999999731779099:395.77999877929688] [0.00559999980032444:4.4987998008728027] [0.00559999980032444:9.9975996017456055] [0.00559999980032444:12.949299812316895] [0.0055900001898407936:14.797709465026855] [0:1] [0:3] [0:2] [0.0012000000569969416:4.4944000244140625] [0.0024000001139938831:9.9944000244140625] [-3.9493000507354736:8.9944000244140625] [-1.7977089881896973:12.994409561157227] [0.20229099690914154:14.994409561157227] [0:3] [0:2] [0:0.5] [0:49.177536010742188] [0:0.5] [-0.27950000762939453:4.4624500274658203] [-0.30829998850822449:9.9511995315551758] [-0.041544001549482346:14.951214790344238] [0:1] [0:1] [0:1] [0:191.17767333984375] [-170.46328735351562:363.27978515625] [1:9] [0:1.9437500238418579] [0:191.17767333984375] [-0.14092656970024109:0.92655956745147705] [0.0210999995470047:1.3567999601364136] [42.200000762939453:350] [-170.46328735351562:363.27978515625] [0:1] [0:1] [0:1] none [0:2.6392827033996582] [0:0.5] [-65.249603271484375:8.5639123916625977] [-10.569915771484375:19999998] [-1:1.9437500238418579] [-1:0.92655956745147705] [-1:2.6392827033996582] [0:1] [-1:2.6812500953674316] [-1:0.84319931268692017] [-1:2.6392827033996582] [0:1] [-1:3.3937499523162842] [-1:0.70285117626190186] [-1:2.6392827033996582] [0:1] [-1:21.5625] [-65.272552490234375:10.600945472717285] [-11.82182502746582:19999998] [0:2] [-1:22.375] [-63.959949493408203:11.08564567565918] [-11.37137508392334:19999998] [0:2] [1:55] [0.21250000596046448:12.71875] [0:2] [0:3] [0:99] [0:99] [0:1] [-22.2108154296875:19999998] [0:1] [0:1] [0:244.63542175292969] [0:1] [0:1] [0:1] [0:1] [0:1] [0:0.75] [0:11] [0:11] [0:1] [0:1] [0:1.3567999601364136] [0:1] [0:0.75]
tree_sizes=2309 2364 2910 3018 2802 3010 3228 3228 3129 2805 2916 3012 3535 4082 3356 3457 3471 3153 3681 3473 3571 3367 3689 3808 3780 4437 3798 3808 4238 3805 3456 3576 3897 4209 3893 3027 3818 4119 3811 3044 4247 3697 4347 4569 2850 3357 4223 3151 1978 4643 3583 2636 1772 3400 2842 3162 3485 5405 3707 2209 3043 2615 4886 3030 3696 2626 2954 4355 3042 2527 2305 2525 3164 3503 2968 2834 4118 4008 2719 3581 2504 2922 2625 3149 3164 2831 2422 3590 4125 3580 3373 3567 4196 4023 2304 2847 3599 1664 3905 4445 1883 3928 2212 1121 4117 3370 2848 1876 1985 1975 4442 4655 4855 3157 3495 3612 3175 3587 3383 3385 4376 3594 3065 2855 2850 3790 4559 3686 3367 3580 3373 3704 2618 3797 4025 3074 4579 2412 2417 3071 4469 5078 3812 2524 5345 3477 3483 3163 3711 3703 3176 4676 3404 3714 1342 3493 3034 4677 4576 2853 2189 2201 5116 5765 2859 2635 1971 2849 2739 2629 4386 3948 3733 4142 3947 4166 4491 4708 4593 3080 5020 5232 5134 4691 1986 3599 4077 3725 5441 3609 2103 3175 2758 2854 2521 3836 3627 4364 2863 2954 4467 2870 2864 5774 2854 2202 2517 2300 3183 3392 2083 4149 3279 3598 4174 4937 2220 3310 4396 2118 4155 3631 5144 3180 2314 3087 2860 2635 3187 4072 3082 3083 2656 3955 1685 3191 3702 1566 2317 2416 1758 1784 3634 3422 3961 3184 3080 2653 3726 3768 3829 4699 1767 4059 4673 3401 2853 3404 2659 2857 3738 3855 3530 2754 3618 4385 2086 3522 4825 3636 3733 5273 4067 2545 2990

Tree=0
num_leaves=21
num_cat=0
split_feature=28 70 23 75 27 12 81 28 27 23 74 21 21 14 83 28 27 5 4 60
split_gain=47525.1 50708.6 7231.29 1585.99 1133.26 809.171 757.701 750.47 763.069 315.447 283.824 232.846 199.04 196.602 117.374 105.479 78.7514 2.35944 0.819299 1.45519e-11
threshold=4.5244843959808358 1.0000000180025095e-35 1.1161716580390932 1.0000000180025095e-35 30.838413238525394 0.55910000205039989 1.0000000180025095e-35 7.0740752220153817 80.374534606933608 1.6884643435478213 0.055215444415807731 0.25426666438579565 0.13955000042915347 0.78415200114250194 1.0000000180025095e-35 2.6983066797256474 60.959653854370124 7.9835500717163095 0.5271500051021577 2.8927083015441899
decision_type=2 2 2 2 2 2 2 2 2 2 2 2 2 2 2 2 2 2 2 2
left_child=1 4 3 6 -1 -4 10 8 16 14 -2 -3 -11 -13 -9 19 -7 18 -15 -6
right_child=2 11 5 -5 15 7 -8 9 -10 12 -12 13 -14 17 -16 -17 -18 -19 -20 -21
leaf_value=1.7945536546263585 1.9675547784406187 2.3541060034719634 2.1055100847326251 0.83467241173286744 0.81876823375296959 2.7755280895990837 2.5458167562659813 2.7220344660889619 1.927640981194314 2.4149984020084725 1.3580644507076782 2.4066959836751671 2.7927277826593144 2.770254325924598 2.4081766095938089 1.0616092203349143 2.4972144615872525 2.750952610184382 2.7961876959202341 0.81876823375296959
leaf_weight=18.569655999541283 25.48776313662529 20.08678475767374 25.366392835974693 22.635561071336269 281.70046781003475 40.659050717949867 23.485153175890446 29.128872156143188 28.461335502564907 20.147469907999039 19.358562953770161 20.026099607348442 6832.5410751253366 18.508970849215984 41.751383423805237 27.672428548336029 22.878301672637463 18.569655999541283 335.89230705052614 90.299503684043884
leaf_count=306 420 331 418 373 4642 670 387 480 469 332 319 330 112590 305 688 456 377 306 5535 1488
internal_value=2.66822 1.80957 2.76831 1.70524 0.87816 2.78204 1.99363 2.78449 2.44401 2.78901 1.70446 2.75261 2.79162 2.77298 2.53716 0.835582 2.67531 2.79265 2.79483 0.818768
internal_weight=7963.23 831.326 7131.9 90.967 418.242 7040.93 68.3315 7015.57 91.9987 6923.57 44.8463 413.084 6852.69 392.997 70.8803 399.672 63.5374 372.971 354.401 372
internal_count=131222 13699 117523 1499 6892 116024 1126 115606 1516 114090 739 6807 112922 6476 1168 6586 1047 6146 5840 6130
is_linear=0
shrinkage=1


Tree=1
num_leaves=21
num_cat=0
split_feature=28 70 7 79 22 40 21 21 82 15 22 28 44 87 11 28 27 7 28 22
split_gain=15340.3 5094.58 3155.13 477.681 389.265 236.86 169.944 161.055 158.769 189.375 139.889 98.3912 206.536 69.7176 59.9919 30.7621 16.3149 9.7156 5.21662 0.904659
threshold=6.3710865974426278 1.0000000180025095e-35 13.233663082122805 1.0000000180025095e-35 0.20852916687726977 0.027340247295796875 0.25426666438579565 0.13955000042915347 0.37500000000000006 1.1508479714393618 0.86996665596961986 7.8279674053192148 0.84583333134651195 0.73945000767707836 4.442699909210206 3.6548196077346806 38.880989074707038 11.816451072692873 1.7811734676361086 9.1823334693908709
decision_type=2 2 2 2 2 2 2 2 2 2 2 2 2 2 2 2 2 2 2 2
left_child=1 5 4 8 -2 -1 -3 -6 9 -4 -8 12 -9 -10 -13 16 -7 19 -18 -12
right_child=2 6 3 -5 7 15 10 11 13 -11 17 14 -14 -15 -16 -17 18 -19 -20 -21
leaf_value=-0.15373492434975769 -0.4380426087777507 -0.21042171544440497 -0.41793637738888284 0.078871672729817766 -0.17672387357926991 -0.45787105485566282 -0.19219459365043504 0.12282045227317971 -0.56845057229083862 -0.083701786062162289 0.12784874046631947 0.1239951408308247 -0.330894699766278 -0.38722378182677297 -0.06003038620643078 -0.47713586894765264 -0.392124563829364 0.035324534005969355 -0.42319801071018442 0.099663315095531321
leaf_weight=58.010679077357054 18.025883831083775 26.330981306731701 51.091105081140995 39.658189214766026 26.158738397061825 60.574790887534618 21.597828727215528 44.618115946650505 52.008372329175472 46.745382733643055 332.06784536316991 6109.869517147541 21.365758754312992 74.146537706255913 25.616278499364853 72.743241470307112 1199.2747256308794 17.699156075716019 83.195907756686211 17.250129222869873
leaf_count=547 189 333 399 552 351 363 313 767 406 535 5944 112155 236 459 471 580 5647 253 410 312
internal_value=0.014266 -0.286819 0.101629 -0.305 0.118794 -0.391394 0.0846069 0.120406 -0.372965 -0.258242 0.104597 0.121659 -0.0240938 -0.461936 0.123227 -0.401131 -0.397015 0.122062 -0.39414 0.126457
internal_weight=8398.05 1888.75 6509.3 263.65 6245.65 1473.8 414.946 6227.63 223.991 97.8365 388.615 6201.47 65.9839 126.155 6135.49 1415.79 1343.05 367.017 1282.47 349.318
internal_count=131222 14702 116520 2351 114169 7547 7155 113980 1799 934 6822 113629 1003 865 112626 7000 6420 6509 6057 6256
is_linear=0
shrinkage=0.12


Tree=2
num_leaves=26
num_cat=0
split_feature=35 70 23 79 5 82 23 21 12 21 40 35 1 12 11 65 14 33 32 32 27 40 18 0 32
split_gain=11407.8 3156.28 2501 359.704 219.961 205.964 290.426 168.936 158.86 128.926 122.027 90.1345 131.255 56.779 56.4445 52.5343 19.6695 15.4295 88.0557 65.2061 25.6036 8.82705 1.94929 0.909897 0.0533729
threshold=6.3710865974426278 1.0000000180025095e-35 1.8363575339317324 1.0000000180025095e-35 9.6265997886657733 0.62500000000000011 0.86253532767295849 0.13955000042915347 0.85800001025199901 0.13955000042915347 0.029718613252043728 7.8279674053192148 195.16500091552737 0.55910000205039989 4.442699909210206 7.2979166507720956 0.69558399915695202 1.1303713917732241 0.20436896383762362 0.20634794980287555 39.418869018554695 0.063550025224685683 0.42187500000000006 9.1202502250671404 0.20076638460159305
decision_type=2 2 2 2 2 2 2 2 2 2 2 2 2 2 2 2 2 2 2 2 2 2 2 2 2
left_child=1 10 3 4 5 6 -2 -3 -9 -4 -1 12 23 -13 -15 -7 -10 19 20 24 -19 -5 -18 -11 -12
right_child=2 7 9 21 -6 15 -8 8 16 11 17 13 -14 14 -16 -17 22 18 -20 -21 -22 -23 -24 -25 -26
leaf_value=-0.14950445244725455 -0.29794114020800466 -0.25088060341301699 -0.13007659756357914 0.12987135198762506 -0.51483249408396459 -0.42236055061218575 0.027982362034745252 -0.26715876253022258 -0.014449674043282686 0.092406628036845712 -0.30385278125096848 -0.077077947609067013 -0.23221779863773609 0.12399027985514542 -0.049920574904406899 -0.26191104482567351 0.12565165808814893 -0.37955597878248959 -0.17762312349473264 -0.43360839956115127 -0.30377749967284728 0.028071584641545123 0.088261257927242653 0.12863729210248823 -0.30733189105142555
leaf_weight=74.606755971908569 73.52890457212925 20.88764450699091 29.683438628911972 31.639128848910332 39.80110102891922 52.292700633406639 84.746854659169912 16.214863061904907 15.640060134232042 16.761127270758152 240.15469305217266 20.475244738161564 25.457587078213692 5417.0102235302329 27.007894400507212 67.079768314957619 311.87880939245224 68.34462571144104 79.397537440061569 68.425196915864944 1060.1151705682278 20.030755959451199 21.459452491253614 24.677933074533939 86.318406835198402
leaf_count=593 433 223 344 475 237 395 1034 195 202 311 1005 177 241 111235 471 425 6120 331 446 373 4436 299 415 443 363
internal_value=0.0147051 -0.228319 0.0992666 -0.203216 -0.251007 -0.213188 -0.123429 0.0810294 0.100013 0.119344 -0.299522 0.120682 -0.0177642 0.122377 0.123128 -0.332198 0.117074 -0.306505 -0.299773 -0.327096 -0.308367 0.0904068 0.123245 0.113983 -0.304773
internal_weight=7993.64 2063.44 5930.19 369.119 317.449 277.648 158.276 386.081 365.193 5561.07 1677.36 5531.39 66.8966 5464.49 5444.02 119.372 348.978 1602.76 1207.86 394.898 1128.46 51.6699 333.338 41.4391 326.473
internal_count=131222 14702 116520 3298 2524 2287 1467 7155 6932 113222 7547 112878 995 111883 111706 820 6737 6954 5213 1741 4767 774 6535 754 1368
is_linear=0
shrinkage=0.12


Tree=3
num_leaves=27
num_cat=0
split_feature=32 70 23 79 12 21 22 82 14 35 27 21 22 40 11 87 14 27 27 35 45 40 18 21 64 65
split_gain=8975.17 2200.79 2025.59 236.171 164.125 134.013 124.916 155.355 133.408 119.793 140.688 115.895 75.5777 72.2212 53.1239 44.4259 18.0014 15.5544 11.0248 68.9573 26.1268 9.17554 6.87317 2.08429 0.60416 0.278318
threshold=0.21166560798883441 1.0000000180025095e-35 1.8363575339317324 1.0000000180025095e-35 0.73544999957084667 0.13955000042915347 0.20852916687726977 0.37500000000000006 -1.1373974680900572 7.8279674053192148 94.74359512329103 0.25426666438579565 0.20852916687726977 0.029718613252043728 4.442699909210206 0.73945000767707836 0.48789049685001379 76.916736602783217 51.713253021240241 -0.80051562190055836 0.20542784035205844 0.069636803120374693 0.37812499701976782 0.40308749675750738 16.500000000000004 0.80937498807907116
decision_type=2 2 2 2 2 2 2 2 2 2 2 2 2 2 2 2 2 2 2 2 2 2 2 2 2 2
left_child=1 13 3 6 -3 -6 -2 8 -8 10 17 -11 -13 -1 -14 -9 -7 24 19 22 25 -5 -15 -18 -4 -20
right_child=2 4 9 21 5 16 7 15 -10 11 -12 12 14 18 -16 -17 23 -19 20 -21 -22 -23 -24 -25 -26 -27
leaf_value=-0.13456957205845299 -0.3418522714643874 -0.31141440085697697 0.098538961411008083 0.12871931487336094 -0.17293825431975635 -0.014651809953610737 -0.25761206755108723 -0.3128241238394146 0.017889122943743941 -0.075923761866725739 -0.24941049443700647 -0.14395535820069158 0.12321704421639414 -0.30322845502548518 -0.041925411060433168 -0.18498351409832622 0.081665753517501077 -0.008591969074278458 -0.26273578323945962 -0.13631942833635929 -0.32171145228416337 0.021211660596233951 -0.25317107882360512 0.12413687251706433 0.12782088240637748 -0.25543268632377447
leaf_weight=73.393563523888588 69.202147893607616 15.015349574387072 15.823719538748263 29.136176597326994 25.082359604537487 14.637938313186167 35.486756652593613 68.999145708978176 88.26130797341466 43.232788994908333 26.900432273745537 15.405072748661039 4837.9921418353915 74.183036148548126 28.213691655546427 90.464857809245586 17.681991752237082 20.789177525788546 79.876826763153076 74.029898673295975 92.744802050292492 18.81341752037406 84.480219826102257 282.14989881962538 28.280443716794252 1267.9932467788458
leaf_count=501 355 146 284 487 221 176 182 461 985 591 205 111 111040 319 471 544 305 207 333 351 439 288 339 6232 554 5095
internal_value=0.0147663 -0.195748 0.0964255 -0.163325 0.0768289 0.0939975 -0.197322 -0.162006 -0.0611153 0.117155 -0.01867 0.119687 0.121419 -0.25108 0.12226 -0.240299 0.115288 0.0769796 -0.25619 -0.231954 -0.260105 0.0865378 -0.276575 0.121632 0.117315 -0.255865
internal_weight=7518.27 2101.27 5417 400.364 354.568 339.552 352.414 283.212 123.748 5016.64 91.7938 4924.84 4881.61 1746.7 4866.21 159.464 314.47 64.8933 1673.31 232.693 1440.61 47.9496 158.663 299.832 44.1042 1347.87
internal_count=131222 14457 116765 3302 7080 6934 2527 2172 1167 113463 1250 112213 111622 7377 111511 1005 6713 1045 6876 1009 5867 775 658 6537 838 5428
is_linear=0
shrinkage=0.12


Tree=4
num_leaves=25
num_cat=0
split_feature=35 23 70 22 21 40 21 23 5 82 35 44 22 4 56 87 38 23 35 27 27 21 0 40
split_gain=7265.08 1690.58 1674.4 167.719 110.041 104.287 102.419 97.8368 97.2791 79.914 78.4953 86.8007 64.901 49.007 37.9661 25.9443 23.5504 17.2948 13.3385 102.298 6.99939 2.99937 1.12144 0.120273
threshold=6.3710865974426278 1.8363575339317324 1.0000000180025095e-35 0.20852916687726977 0.13955000042915347 0.027340247295796875 0.13955000042915347 0.86253532767295849 9.6265997886657733 0.62500000000000011 7.8279674053192148 0.89531251788139354 0.20852916687726977 0.063949998468160643 0.36406250298023229 0.00082857141387648891 1.0000000180025095e-35 1.9581975340843203 2.6983066797256474 71.051296234130874 38.215044021606452 0.33507499098777777 8.8457498550415057 0.039441723376512534
decision_type=2 2 2 2 2 2 2 2 2 2 2 2 2 2 2 2 2 2 2 2 2 2 2 2
left_child=2 7 5 -4 -5 -1 -3 15 9 16 11 22 -12 -14 -11 -2 -9 -6 20 -20 -7 -19 -8 -22
right_child=1 6 3 4 17 18 10 8 -10 14 12 -13 13 -15 -16 -17 -18 21 19 -21 23 -23 -24 -25
leaf_value=-0.077141785871377641 -0.1511628956321279 -0.088730339632099545 -0.32791889252218387 -0.13321173936970809 -0.020374969625384785 -0.26401705086742538 0.085019382577522729 -0.024458720921144008 -0.27693421410081637 -0.18690726870185032 -0.11471767346551602 -0.16174182078692456 -0.032344882328117865 0.12195556327840487 -0.050031363950647369 -0.24199584293826662 0.10078448091741495 0.063716848312992194 -0.071848655694974548 -0.26349663746836599 -0.23001194865965185 0.12319383201184142 0.12773373263445598 -0.22508371477519409
leaf_weight=73.033908203244209 81.953469697386026 34.775932759046555 14.281496524810789 28.399408832192421 13.141426943242548 70.612515792250633 14.262586604803799 46.827367320656776 32.608633156865835 58.457244172692299 16.89953937381506 30.174391217529774 29.844656892120838 4334.4022427685559 58.268147818744183 101.19237969815731 40.162624195218086 12.793428629636763 64.073504082858562 107.22455757111311 75.166084691882133 267.4605811946094 23.326927911490202 1389.9229087382555
leaf_count=547 582 344 108 221 147 303 312 542 181 513 111 196 486 111286 561 427 492 214 333 477 302 6465 487 5585
internal_value=0.014651 0.0948533 -0.171183 0.0744789 0.0923376 -0.217564 0.116406 -0.135518 -0.0844998 -0.0536969 0.118009 -0.0101563 0.119992 0.1209 -0.11858 -0.20135 0.0333651 0.11417 -0.223572 -0.191811 -0.227115 0.120479 0.111527 -0.225337
internal_weight=7019.27 4903.16 2116.11 336.076 321.795 1780.03 4483.69 419.47 236.324 203.715 4448.91 67.7639 4381.15 4364.25 116.725 183.146 86.99 293.395 1707 171.298 1535.7 280.254 37.5895 1465.09
internal_count=131222 116520 14702 7155 7047 7547 113222 3298 2289 2108 112878 995 111883 111772 1074 1009 1034 6826 7000 810 6190 6679 799 5887
is_linear=0
shrinkage=0.12


Tree=5
num_leaves=27
num_cat=0
split_feature=28 23 85 79 22 28 30 21 82 28 44 22 82 21 23 1 22 13 14 44 40 30 40 21 65 18
split_gain=5902.78 1434.16 1342.25 177.826 133.941 124.599 348.472 107.629 132.468 72.0833 74.3401 70.7954 114.376 70.5103 68.6467 66.8905 63.9616 23.3934 16.0961 13.8353 5.95467 5.83627 3.35294 1.39133 0.377369 0.02818
threshold=6.3710865974426278 1.8363575339317324 0.84138572216033947 1.0000000180025095e-35 0.20852916687726977 2.6983066797256474 0.5338541865348817 0.25426666438579565 0.62500000000000011 7.8279674053192148 0.89531251788139354 0.20852916687726977 1.0000000180025095e-35 0.13955000042915347 1.3550181388854983 475.41500854492193 0.20852916687726977 -2.5172500610351558 0.25207699835300451 0.78203123807907116 0.069636803120374693 0.38281250000000006 0.036971207708120353 0.33507499098777777 4.214583396911622 0.40312500298023229
decision_type=2 2 2 2 2 2 2 2 2 2 2 2 2 2 2 2 2 2 2 2 2 2 2 2 2 2
left_child=2 3 5 11 -4 21 -7 8 -3 10 24 -2 17 -6 -14 16 -11 -13 -15 -8 -5 -1 -23 -20 -9 -24
right_child=1 7 4 20 13 6 19 9 -10 15 -12 12 14 18 -16 -17 -18 -19 23 -21 -22 22 25 -25 -26 -27
leaf_value=-0.23971300148455804 -0.24384263762135749 -0.26584804341583851 -0.2454043725139067 0.1289493553371705 -0.074305485599845622 0.096054797335363443 -0.18276699548758235 0.1000422600571598 0.12946943411834849 -0.10866585646390939 -0.13895482157286126 -0.058728833878445755 -0.20004769124122948 -0.019888529492264675 -0.052408331001396302 -0.10926602739251529 0.12108640461682998 0.079291334207740982 0.080664640501506416 -0.2561222140887523 0.045521899740500693 -0.22958411587319183 -0.20373053554953244 0.12181645238276971 0.12611570060965785 -0.205834091740562
leaf_weight=74.450968518853188 81.023218810558319 23.706635054200888 17.850379049777985 29.910966563969851 32.35770782828331 76.868620477616787 75.3067976385355 12.917369339615105 25.161497861146927 17.527631983160973 31.953246548771858 32.918259650468826 163.32878294587135 12.460304394364355 62.782248478382826 18.403643220663071 3872.3969932794571 38.209950644522905 12.439573872834442 72.832273691892624 20.947723627090454 77.228245109319687 1266.4104309231043 241.76008434221148 20.96971582993865 98.86477792263031
leaf_count=323 367 308 110 494 230 570 373 270 320 107 191 200 814 142 646 475 110992 482 217 311 288 317 5232 6514 523 407
internal_value=0.0147552 0.0924535 -0.153265 -0.116083 0.0739142 -0.194589 -0.111258 0.114697 -0.0623048 0.116874 -0.00764219 -0.144408 -0.117304 0.0929765 -0.159054 0.118971 0.120051 0.0154154 0.113275 -0.218832 0.0945872 -0.20695 -0.205259 0.119803 0.116177 -0.203883
internal_weight=6510.99 4452.16 2058.83 429.121 316.868 1741.96 225.008 4023.04 48.8681 3974.17 65.8403 378.262 297.239 299.018 226.111 3908.33 3889.92 71.1282 266.66 148.139 50.8587 1516.95 1442.5 254.2 33.8871 1365.28
internal_count=131223 116477 14746 3291 7213 7533 1254 113186 628 112558 984 2509 2142 7103 1460 111574 111099 682 6873 684 782 6279 5956 6731 793 5639
is_linear=0
shrinkage=0.12


Tree=6
num_leaves=29
num_cat=0
split_feature=28 23 70 79 28 30 22 21 28 70 44 11 33 21 82 22 23 22 74 65 15 38 44 7 40 21 30 18
split_gain=4930.56 1233.94 1080.23 148.158 113.197 266.751 101.178 97.5484 66.792 71.8243 166.292 65.3036 107.235 62.1981 61.8981 95.4865 109.542 54.9171 40.9122 16.7465 16.126 15.4715 12.9836 6.29975 3.03787 1.5042 1.37886 0.0138437
threshold=6.3710865974426278 1.9581975340843203 1.0000000180025095e-35 1.0000000180025095e-35 2.6983066797256474 0.5338541865348817 0.20852916687726977 0.25426666438579565 7.8279674053192148 1.0000000180025095e-35 0.87604168057441723 4.3722000122070321 0.50795716047286998 0.13955000042915347 0.62500000000000011 0.20852916687726977 0.86253532767295849 0.20852916687726977 0.11481422558426858 3.8098958730697636 2.2265260219573979 1.0000000180025095e-35 0.78203123807907116 13.618768215179445 0.035443939268589027 0.33507499098777777 0.38854165375232702 0.40312500298023229
decision_type=2 2 2 2 2 2 2 2 2 2 2 2 2 2 2 2 2 2 2 2 2 2 2 2 2 2 2 2
left_child=2 3 4 14 24 -6 -4 18 9 10 -9 17 -13 -8 15 -2 -17 -10 -3 -16 -15 -21 -7 -5 -1 -22 -26 -28
right_child=1 7 6 23 5 22 13 8 11 -11 -12 12 -14 20 19 16 -18 -19 -20 21 25 -23 -24 -25 26 -27 27 -29
leaf_value=-0.21408479727833707 -0.21369821439025344 -0.1621187470984386 -0.18701629881500254 0.12689412601186073 0.089195609934505024 -0.15630681206369923 -0.062094425293494203 0.11962532146875549 -0.12920834315838961 0.1463328432790415 -0.38464002515000412 -0.30258517089019288 0.10827930781140813 -0.023005019797020711 -0.23151337509845388 -0.133949883320612 0.057571222640149126 0.12111775505395135 0.05154518003057381 -0.19106841880444064 0.076485882616238815 -0.1020733638825615 -0.22703800366760407 0.040013556478364909 -0.20564295249819434 0.12084262387142526 -0.1883062079654152 -0.18979545264289394
leaf_weight=75.081142157316208 58.516049072146416 24.543048210442066 20.410299763083458 32.37473257817328 73.090574279427528 77.336617432534695 33.959712609648705 20.611864648759365 12.666609570384024 26.626077452674508 17.338668368756771 13.940989430993794 26.603940714150667 12.202079918235539 54.745881676673889 84.300358161330223 87.786641098558903 3427.0719320625067 27.214192796498537 62.025106996297836 11.598631221801041 51.473903967067599 72.315649390220642 19.113659229129553 70.520282626152039 216.5616469681263 1210.701590359211 97.092632099986076
leaf_count=321 260 295 110 555 570 373 230 567 73 310 100 264 616 138 344 377 1185 110201 333 357 217 304 311 336 302 6518 5238 418
internal_value=0.0145317 0.0903327 -0.141117 -0.0969262 -0.17837 -0.0987115 0.070744 0.11378 0.116168 -0.00475676 -0.110761 0.118411 -0.0329925 0.089922 -0.121656 -0.0812774 -0.0362493 0.120196 -0.0497733 -0.177001 0.1114 -0.150708 -0.190486 0.0946421 -0.190579 0.118588 -0.189298 -0.188417
internal_weight=6017.82 4046.95 1970.87 450.336 1676.14 222.743 294.732 3596.62 3544.86 64.5766 37.9505 3480.28 40.5449 274.322 398.848 230.603 172.087 3439.74 51.7572 168.245 240.362 113.499 149.652 51.4884 1453.4 228.16 1378.31 1307.79
internal_count=131223 116477 14746 3718 7533 1254 7213 112759 112131 977 667 111154 880 7103 2827 1822 1562 110274 628 1005 6873 661 684 891 6279 6735 5958 5656
is_linear=0
shrinkage=0.12


Tree=7
num_leaves=29
num_cat=0
split_feature=28 23 70 79 32 27 12 21 32 1 1 21 23 82 5 12 23 74 38 82 44 44 40 45 18 27 40 13
split_gain=4152.61 1069.14 885.894 113.948 106.644 225.151 97.648 90.0052 62.4756 73.7741 59.2504 52.2272 45.5663 62.0814 61.3439 40.2036 36.112 31.3871 23.8574 19.3011 14.2541 6.78274 6.20147 5.42823 4.08098 2.51858 1.42983 0.0470214
threshold=6.3710865974426278 1.9581975340843203 1.0000000180025095e-35 1.0000000180025095e-35 0.20634794980287555 52.50726509094239 0.37340000271797186 0.25426666438579565 0.2179861590266228 206.83499908447268 475.41500854492193 0.13955000042915347 0.86253532767295849 0.62500000000000011 9.4421997070312518 0.55910000205039989 1.6884643435478213 0.1002180688083172 1.0000000180025095e-35 0.37500000000000006 0.77031251788139354 0.89531251788139354 0.094090018421411528 0.20302187651395801 0.44687499105930334 38.215044021606452 0.036971207708120353 -2.1312999725341792
decision_type=2 2 2 2 2 2 2 2 2 2 2 2 2 2 2 2 2 2 2 2 2 2 2 2 2 2 2 2
left_child=2 3 4 12 23 -6 -4 17 9 21 15 -8 19 14 -14 -10 -13 -3 -15 -2 -7 -9 27 25 -18 -1 -27 -5
right_child=1 7 6 22 5 20 11 8 10 -11 -12 16 13 18 -16 -17 24 -19 -20 -21 -22 -23 -24 -25 -26 26 -28 -29
leaf_value=-0.20128378117301454 -0.11510054623248003 -0.13535765456658888 -0.25797537795884112 0.11887240529777704 0.1235427507166348 -0.12613655940702428 -0.052403246587214271 0.11625814927575376 -0.069095326427232762 -0.14414630468280173 -0.087380359554238951 -0.1084831910341881 0.04766765284008944 -0.18428492695272181 -0.14301961484702147 0.12010734231583475 0.11929412426382416 0.047907828329471797 -0.075565883146590157 -0.19609279740369542 -0.20517682378425536 0.019220066869369237 0.033661443860665524 -0.14741141967116889 0.047401011167478246 -0.19420629445971829 -0.17681156683988955 0.12834995978062691
leaf_weight=69.496282175183296 90.938878029584885 26.26524281874299 12.654579684138296 14.789510954171421 54.89658547192812 65.445080630481243 35.31503190100193 42.859776854515076 16.258377209305763 28.448201205581427 20.142266161739826 10.9117493070662 81.628251112997532 61.623430013656616 34.587064415216446 3056.0226159337908 203.49829732254148 27.596158713102341 55.012176595628262 79.331730455160141 65.978729337453842 13.684201665222643 17.350231941789389 83.001370593905449 12.042615871876476 72.209895566105843 1180.4203275889158 15.374467324465511
leaf_count=311 396 281 62 294 495 317 230 1370 130 202 475 103 1159 376 170 109800 6470 347 369 357 292 154 273 382 348 319 5417 324
internal_value=0.0143085 0.0882157 -0.131532 -0.08494 -0.165868 -0.0805615 0.0675894 0.112364 0.114972 0.0134731 0.117761 0.0833282 -0.105656 -0.0711567 -0.00908315 0.119106 0.104495 -0.0414607 -0.133007 -0.152836 -0.165817 0.092774 0.0908236 -0.177179 0.115277 -0.179048 -0.177814 0.123703
internal_weight=5547.78 3681.91 1865.87 450.636 1591.45 186.32 274.422 3231.28 3177.42 84.9922 3092.42 261.768 403.122 232.851 116.215 3072.28 226.453 53.8614 116.636 170.271 131.424 56.544 47.5142 1405.13 215.541 1322.13 1252.63 30.164
internal_count=131223 116477 14746 3718 7533 1104 7213 112759 112131 1726 110405 7151 2827 2074 1329 109930 6921 628 745 753 609 1524 891 6429 6818 6047 5736 618
is_linear=0
shrinkage=0.12


Tree=8
num_leaves=28
num_cat=0
split_feature=32 14 70 79 21 32 28 27 80 12 27 11 49 12 82 87 21 15 38 27 12 15 18 28 27 40 67
split_gain=3515.91 918.118 730.736 100.241 84.3234 88.3288 81.5832 162.485 81.0667 73.7148 69.4612 57.4213 119.951 50.4974 64.4998 87.3731 45.7717 40.1527 25.0152 10.0089 8.91955 6.89896 5.04142 1.47621 3.23766 0.579105 0.110334
threshold=0.21166560798883441 0.38016299903392797 1.0000000180025095e-35 1.0000000180025095e-35 0.33507499098777777 0.2179861590266228 2.6983066797256474 52.50726509094239 1.0000000180025095e-35 0.37340000271797186 94.74359512329103 4.3722000122070321 0.55855640769004833 0.37340000271797186 1.0000000180025095e-35 0.19235713779926303 0.13955000042915347 1.7826600074768069 1.0000000180025095e-35 73.663848876953139 0.55910000205039989 1.3921459913253786 0.44687499105930334 0.9224643111228944 39.418869018554695 0.036971207708120353 1.5000000000000002
decision_type=2 2 2 2 2 2 2 2 2 2 2 2 2 2 2 2 2 2 2 2 2 2 2 2 2 2 2
left_child=2 3 6 13 8 10 23 -8 -3 -4 19 20 -13 -2 18 -16 -11 -18 -15 -6 -7 -5 -19 24 -1 -26 -23
right_child=1 4 9 21 5 11 7 -9 -10 16 -12 12 -14 14 15 -17 17 22 -20 -21 -22 26 -24 -25 25 -27 -28
leaf_value=-0.19584992457189057 -0.18830863865997766 -0.1510645603014763 -0.20494436226896054 0.031505660168306408 0.12312262514830279 -0.0053632312856900146 0.075492791424088795 -0.16131612126424771 0.11979909303509258 -0.044558530115194284 -0.11868437096769302 0.1258588218596822 -0.31853966692253388 -0.043963399308966374 -0.21323418794064009 -0.059386813529664149 -0.14696806863449904 0.11808773708265806 0.085127392636716759 0.030145075858568151 0.12001475858300761 0.11733634846081371 0.038231775047839762 -0.15523382717039 -0.17924827264021909 -0.16748824795708167 0.13170469935659432
leaf_weight=64.372407361865044 63.674789778888226 34.43202736787498 13.91883063316345 17.570704989135265 36.803301332518458 8.1956417486071569 61.881116800010204 128.08558439463377 29.580563502386212 36.467269897460938 39.995442060753703 25.327152721583843 13.359758101403711 45.203072179108858 73.088607102632523 194.92449221201241 8.948451101779936 180.68753170408309 41.425803165882826 30.479778666049242 2692.2300221230835 13.619344126433136 12.149642314761875 111.4325266033411 63.993165463209152 1044.2618979513645 17.694588024169207
leaf_count=302 287 463 62 345 1202 60 488 592 434 230 273 656 217 478 506 1521 76 6411 474 479 108643 352 355 535 301 5141 340
internal_value=0.0140388 0.0852411 -0.125281 -0.070912 0.110308 0.113371 -0.157574 -0.0841763 -0.025897 0.0634839 0.00655584 0.117555 -0.0276054 -0.0899133 -0.0722468 -0.101342 0.0791655 0.101525 0.0177676 0.081003 0.119634 0.0916869 0.113056 -0.168433 -0.169687 -0.168167 0.125455
internal_weight=5103.8 3377.61 1726.2 467.201 2910.4 2846.39 1474.03 189.967 64.0126 252.172 107.279 2739.11 38.6869 418.317 354.642 268.013 238.253 201.786 86.6289 67.2831 2700.43 48.8846 192.837 1284.06 1172.63 1108.26 31.3139
internal_count=131223 116730 14493 4303 112427 111530 7359 1080 897 7134 1954 109576 873 3266 2979 2027 7072 6842 952 1681 108703 1037 6766 6279 5744 5442 692
is_linear=0
shrinkage=0.12


Tree=9
num_leaves=25
num_cat=0
split_feature=28 23 70 34 28 30 21 82 23 32 70 12 21 7 22 5 16 23 80 30 40 32 28 40
split_gain=2986.14 818.658 622.474 95.2939 93.202 137.779 81.1967 175.139 66.4761 58.7742 58.6272 58.3505 41.2058 35.9108 31.5572 31.0114 42.7445 40.3043 29.2718 19.1987 2.85618 2.04607 0.97198 0.481482
threshold=6.3710865974426278 1.9581975340843203 1.0000000180025095e-35 198.90000152587893 3.6548196077346806 0.61979165673255932 0.33507499098777777 0.37500000000000006 0.86253532767295849 0.2179861590266228 1.0000000180025095e-35 0.37340000271797186 0.25426666438579565 13.233663082122805 0.20852916687726977 9.6265997886657733 1.5000000000000002 1.3550181388854983 1.0000000180025095e-35 0.33854167163372045 0.038196025416255004 0.20436896383762362 66.044952392578139 0.035443939268589027
decision_type=2 2 2 2 2 2 2 2 2 2 2 2 2 2 2 2 2 2 2 2 2 2 2 2
left_child=2 8 4 -3 19 -6 7 -5 18 10 -8 -4 -13 20 -11 16 -10 -18 -2 -1 -14 23 -9 -21
right_child=1 3 11 6 5 -7 9 22 15 14 -12 12 13 -15 -16 -17 17 -19 -20 21 -22 -23 -24 -25
leaf_value=-0.094047083633381087 -0.063655352793581338 -0.29626170398637086 -0.17008641361233925 -0.29743286096498683 0.11040333260903112 -0.13787474003770578 -0.069054485805753144 0.13449706747227352 -0.10945487940502956 -0.0849544762617752 0.14153189395096355 -0.027753834391718416 0.051320406209129948 -0.12493780403549026 0.11824649073131177 -0.12359869026909141 -0.043100861968146401 0.071056097050607281 -0.16401873555613986 -0.17127606772807491 0.11831015428891373 -0.18204904281343967 0.098448258833448363 -0.16003249402893299
leaf_weight=63.361118167638779 69.330938395112753 8.3143338784575445 14.699557766318319 21.974968602880836 47.635498449206352 99.239809475839138 48.930672027170658 23.842766581103206 50.389829456806183 11.055136665701864 31.160543551668525 43.807219080626965 9.714768670499323 9.5185893326997739 2449.9548490736634 42.401641000062227 86.44234024733305 91.865933923050761 105.56097461283207 57.836393281817436 161.93977112323046 68.028409689664841 19.644714964553714 1060.247996032238
leaf_count=293 483 99 62 232 497 466 1174 364 481 57 543 344 380 73 109981 217 708 1332 497 289 6354 330 309 5658
internal_value=0.0137657 0.0837182 -0.11711 0.109348 -0.147776 -0.0573517 0.110642 -0.0213146 -0.0665518 0.114041 0.0128769 0.0615506 0.0766851 0.101938 0.117334 -0.0293409 -0.0118651 0.0157138 -0.124233 -0.158406 0.114519 -0.161843 0.118213 -0.160614
internal_weight=4696.9 3060.87 1636.03 2614.88 1396.35 146.875 2606.56 65.4625 445.992 2541.1 80.0912 239.68 224.98 181.173 2461.01 271.1 228.698 178.308 174.892 1249.47 171.655 1186.11 43.4875 1118.08
internal_count=131223 116477 14746 112759 7533 963 112660 905 3718 111755 1717 7213 7151 6807 110038 2738 2521 2040 980 6570 6734 6277 673 5947
is_linear=0
shrinkage=0.12


Tree=10
num_leaves=26
num_cat=0
split_feature=35 23 70 40 21 7 21 4 1 23 12 27 80 12 38 32 27 22 82 32 82 32 40 35 27
split_gain=2620.4 744.794 589.905 93.6739 74.5555 60.4678 62.6401 56.1042 133.653 42.8047 35.6842 34.7229 32.373 31.0383 27.779 21.0113 62.518 18.9735 22.6208 15.1571 12.6806 1.46229 1.3945 1.01843 1.56837
threshold=7.0740752220153817 1.8363575339317324 1.0000000180025095e-35 0.019884073175489906 0.13955000042915347 13.39701557159424 0.25426666438579565 0.19284999370574954 451.28999328613287 0.86253532767295849 0.37340000271797186 34.526727676391609 1.0000000180025095e-35 0.37340000271797186 1.0000000180025095e-35 0.20634794980287555 73.663848876953139 0.37656250596046453 0.37500000000000006 0.2179861590266228 0.62500000000000011 0.38622893393039709 0.038196025416255004 0.9224643111228944 39.418869018554695
decision_type=2 2 2 2 2 2 2 2 2 2 2 2 2 2 2 2 2 2 2 2 2 2 2 2 2
left_child=2 9 3 11 -3 6 -4 8 21 12 -9 -1 -2 -8 17 23 -17 -11 -19 -12 -16 -6 -15 24 -5
right_child=1 4 5 15 7 -7 13 10 -10 14 19 -13 -14 22 20 16 -18 18 -20 -21 -22 -23 -24 -25 -26
leaf_value=0.10162350142872674 -0.049598459653560724 -0.049826477322736484 -0.051069496726722764 -0.17532118047433592 0.067320857763859529 -0.22072635562382426 -0.0979739141936187 -0.086697616170182581 -0.33224150952221809 -0.1339932488477476 0.044580939313862131 -0.084644028969525317 -0.15601496390613306 0.075298807677537882 0.062951754224292195 -0.012118814070972648 -0.16642882275448392 0.044781799433069695 -0.077986889611436072 0.11783011294365563 -0.020408969869443499 0.12469203009769866 0.12222597907661469 -0.14344052180564151 -0.15449046231547842
leaf_weight=28.611760949715972 71.756968557834625 41.421980537474155 44.539877384901047 55.065734148025513 8.486466530710457 10.303453736007212 9.9893748164176923 12.517683342099188 13.72195131331682 43.029349595308304 41.445638954639435 29.036648293957114 96.556873954832554 9.6602321863174421 43.831364136189222 60.832755636423826 99.888152979314327 31.831568524241447 67.316473530605435 2199.9746232647449 65.612496048212051 25.989668142050505 162.66309165023267 109.41168460249901 949.65807318687439
leaf_count=352 490 335 338 292 322 64 41 64 146 277 1270 279 481 398 516 405 502 417 529 110143 550 904 6508 597 5491
internal_value=0.0130367 0.0833661 -0.110783 -0.141818 0.109737 0.0635931 0.0765067 0.112608 -0.0154981 -0.0638031 0.115347 0.00780331 -0.110647 0.107674 -0.0324686 -0.148584 -0.108023 -0.0674507 -0.0385719 0.116476 0.0129763 0.11057 0.119595 -0.154435 -0.155632
internal_weight=4333.15 2763.49 1569.66 1332.5 2343.56 237.156 226.853 2302.14 48.1981 419.935 2253.94 57.6484 168.314 182.313 251.621 1274.86 160.721 142.177 99.148 2241.42 109.444 34.4761 172.323 1114.14 1004.72
internal_count=131711 116444 15267 7918 113184 7349 7285 112849 1372 3260 111477 631 971 6947 2289 7287 907 1223 946 111413 1066 1226 6906 6380 5783
is_linear=0
shrinkage=0.12


Tree=11
num_leaves=27
num_cat=0
split_feature=35 23 85 40 21 82 4 85 7 21 23 80 12 32 27 5 18 23 16 52 35 18 7 45 5 40
split_gain=2232.43 656.145 501.164 108.903 71.0866 116.149 52.6561 94.863 46.3407 55.3904 35.7355 29.994 27.1747 25.2078 53.2517 24.3247 24.7565 24.1708 32.6678 21.2244 14.7405 2.33595 1.67261 1.4663 1.39863 0.419453
threshold=7.0740752220153817 1.8363575339317324 0.79115715622901928 1.0000000180025095e-35 0.33507499098777777 1.0000000180025095e-35 0.19284999370574954 1.0000000180025095e-35 13.39701557159424 0.25426666438579565 0.86253532767295849 1.0000000180025095e-35 0.37340000271797186 0.20634794980287555 72.99790191650392 9.6265997886657733 0.30885416269302374 2.596189141273499 1.5000000000000002 1.838541626930237 7.8279674053192148 0.20312500000000003 1.1123680472373965 0.21253155916929248 5.6744999885559091 0.035443939268589027
decision_type=2 2 2 2 2 2 2 2 2 2 2 2 2 2 2 2 2 2 2 2 2 2 2 2 2 2
left_child=2 10 3 -1 5 -3 7 22 9 -4 11 -2 -11 21 -15 16 19 18 -8 -12 -19 -5 -6 -14 -7 -23
right_child=1 4 8 13 6 24 17 -9 -10 12 15 -13 23 14 -16 -17 -18 20 -20 -21 -22 25 -24 -25 -26 -27
leaf_value=0.044515011909746278 -0.042999821408848456 -0.21716412711059274 -0.043498668347071993 -0.12345074868115691 0.077618314609916639 0.13318200999600036 -0.12478466127720268 -0.23220126405622232 -0.17711050426126915 -0.085272042356625957 -0.028454561788865226 -0.1463729163365069 0.11415966751523846 -0.0095062972723915541 -0.15275619078481267 -0.11994216423506776 -0.10048603712753534 0.013763615273760492 0.084251027536387246 0.056052424842695826 0.11879360885041071 -0.16092335201774291 0.13678484691549828 0.15390366118758625 0.087622652041780574 -0.14996615684767639
leaf_weight=46.622826136648655 72.766096170991659 25.169327437877655 45.919787179678679 48.01005981862545 10.464750502258541 21.87999540194869 12.928548706695436 17.765320237725973 11.229726880788801 10.092452779412268 106.04049126245081 90.922491878271103 140.06775923445821 60.60790747217834 97.457468740642071 35.866645094007254 38.497547462582588 19.438799301162362 64.351539064198732 71.757468914613128 1899.2769335322082 53.18988099694252 20.086524354293942 14.777529463171957 17.434950850903988 928.90100032091141
leaf_count=583 490 224 338 260 442 374 581 517 64 41 1015 481 6728 402 513 185 372 455 2519 717 107365 307 413 178 294 5853
internal_value=0.0127451 0.0810035 -0.105541 -0.13539 0.10817 -0.0158823 0.112083 -0.0117008 0.0604152 0.0730652 -0.0567585 -0.100419 0.105517 -0.142449 -0.0978291 -0.0284164 -0.0132394 0.115079 0.0492805 0.00565161 0.11773 -0.149296 0.116518 0.117953 0.112978 -0.15056
internal_weight=3981.52 2524.65 1456.88 1234.79 2108.8 64.4843 2044.31 48.3166 222.087 210.858 415.851 163.689 164.938 1188.17 158.065 252.162 216.296 1996 77.2801 177.798 1918.72 1030.1 30.5513 154.845 39.3149 982.091
internal_count=131711 116444 15267 7918 113184 892 112292 1372 7349 7285 3260 971 6947 7335 915 2289 2104 110920 3100 1732 107820 6420 855 6906 668 6160
is_linear=0
shrinkage=0.12


Tree=12
num_leaves=32
num_cat=0
split_feature=28 23 85 36 79 68 33 85 82 68 22 18 5 15 28 27 32 1 15 23 14 52 18 7 11 23 28 27 11 5 52
split_gain=1903.96 582.643 428.13 94.9452 80.0048 61.4507 54.9222 436.593 47.6811 171.036 45.9113 34.3945 38.1619 51.2962 29.1158 42.167 21.5817 65.2009 21.2422 9.34253 6.32129 5.41425 5.37957 5.34855 1.62775 1.15411 1.05462 0.828522 0.352786 0.156113 0.0542994
threshold=7.0740752220153817 2.2090684175491337 0.79115715622901928 1.0000000180025095e-35 1.0000000180025095e-35 1.5000000000000002 0.24595000594854358 1.0000000180025095e-35 0.37500000000000006 1.5000000000000002 0.20852916687726977 0.35312499105930334 9.6265997886657733 1.3921459913253786 2.6983066797256474 69.540111541748061 0.2179861590266228 211.46500396728518 2.2265260219573979 2.8553117513656621 -0.82713100314140309 2.2885416746139531 0.28385417163372045 12.79152822494507 0.57284998893737804 13.680779457092287 0.9224643111228944 39.418869018554695 4.442699909210206 9.1355500221252459 1.7572916746139529
decision_type=2 2 2 2 2 2 2 2 2 2 2 2 2 2 2 2 2 2 2 2 2 2 2 2 2 2 2 2 2 2 2
left_child=2 4 3 -1 11 22 7 28 9 -4 -11 12 13 -2 26 -16 17 -8 -10 -18 -6 -17 -3 -12 -20 -26 27 -5 -7 30 -22
right_child=1 5 8 14 20 6 16 -9 18 10 23 -13 -14 -15 15 21 19 -19 24 -21 29 -23 -24 -25 25 -27 -28 -29 -30 -31 -32
leaf_value=0.040361794868066132 -0.078276337816800115 0.018038240326341222 -0.3527812360840471 -0.16185389211282677 0.030524883728956856 0.11990990545147567 0.12103280823152546 -0.84547870520722268 -0.024971690112196271 -0.1629023572264317 0.12106597223053644 -0.16485910488806316 -0.14170039618736718 0.020121831286706051 -0.012542089760385046 -0.11043659329671818 0.071299956287348351 -0.23636630506349024 0.15137615020994868 0.11946061554627706 0.12602859867605462 -0.16317500894730852 -0.059235532373314567 0.0029589934530046495 0.12191848681240813 0.06702619372072563 -0.1316496091509726 -0.1456579077768913 0.14805841599097594 0.13628549215663729 0.11394902795142897
leaf_weight=45.335299545899034 165.55092089995742 26.009351098909974 16.891781520098448 48.233147971332073 13.555228397250174 44.114531138911843 27.613323429599404 7.6849037148058406 15.248791474848984 10.379698909819124 56.62770071811974 41.393755733966827 54.72877375036478 141.49771935679018 62.08790222927928 58.338485106825829 60.113875260576606 10.016710065305231 28.140455020591617 1650.9037025962025 11.056575434282424 53.958336438983679 25.883601725101471 6.1178966201841822 69.099039557389915 5.9939819360151878 74.079182699322701 797.77942426502705 7.5018501579761496 14.522547222673891 10.398184309713541
leaf_count=583 874 327 132 295 241 2475 1150 64 111 48 3003 360 270 2011 393 334 3135 108 217 104245 309 296 280 63 3468 307 489 5528 52 223 320
internal_value=0.0124476 0.0785274 -0.100889 -0.129809 -0.0435593 0.108244 0.11194 -0.00163472 0.0572137 -0.0086227 0.0708772 -0.0612414 -0.0493857 -0.0329314 -0.136858 -0.0919006 0.115792 0.025897 0.107233 0.117769 0.100364 -0.135777 -0.020505 0.10955 0.126761 0.117537 -0.145379 -0.146581 0.124001 0.126678 0.120174
internal_weight=3660.86 2312.55 1348.31 1139.81 452.704 1859.84 1807.95 59.3013 208.499 90.0171 73.1253 403.171 361.777 307.049 1094.48 174.385 1748.65 37.63 118.482 1711.02 49.5325 112.297 51.893 62.7456 103.233 75.093 920.092 846.013 51.6164 35.9773 21.4548
internal_count=131711 116444 15267 7918 4608 111836 111229 2591 7349 3246 3114 3515 3155 2885 7335 1023 108638 1258 4103 107380 1093 630 607 3066 3992 3775 6312 5823 2527 852 629
is_linear=0
shrinkage=0.12


Tree=13
num_leaves=37
num_cat=0
split_feature=32 23 70 79 32 21 83 28 27 33 70 27 83 21 83 87 7 22 13 22 15 2 15 18 15 27 53 45 12 28 21 27 2 5 40 13
split_gain=1629.38 501.277 331.479 66.3065 64.9572 69.0154 85.3434 64.2122 92.4223 50.9873 238.82 48.6446 43.978 117.464 36.5619 67.7719 70.2965 58.5362 38.1342 32.8521 18.3003 8.97767 6.55195 6.17198 4.99343 4.47881 2.81556 2.30497 1.60653 1.06329 0.994341 0.915782 0.574381 0.137693 0.123804 0.0703518
threshold=0.21166560798883441 2.2090684175491337 1.0000000180025095e-35 1.0000000180025095e-35 0.2179861590266228 0.33507499098777777 1.0000000180025095e-35 2.6983066797256474 52.50726509094239 0.24595000594854358 1.0000000180025095e-35 82.269920349121108 1.0000000180025095e-35 0.13955000042915347 1.0000000180025095e-35 0.47065000236034399 13.39701557159424 0.20852916687726977 -2.5172500610351558 0.20852916687726977 2.2265260219573979 0.42292998731136328 1.1508479714393618 0.37187500298023229 3.118645548820496 77.531459808349624 -0.15711500495672223 0.20070682466030124 8.6245999336242694 64.805046081542983 0.13955000042915347 39.418869018554695 0.35272999107837683 9.2657999992370623 0.036971207708120353 -1.8572999835014341
decision_type=2 2 2 2 2 2 2 2 2 2 2 2 2 2 2 2 2 2 2 2 2 2 2 2 2 2 2 2 2 2 2 2 2 2 2 2
left_child=2 3 7 14 11 6 -6 27 -9 10 -7 26 13 -4 17 -16 -17 -2 -19 -15 -14 -13 -5 -21 -11 -10 -3 31 30 -8 -22 -1 -28 35 -33 -24
right_child=1 4 12 22 5 9 29 8 25 24 -12 21 20 19 15 16 -18 18 -20 23 28 -23 33 -25 -26 -27 32 -29 -30 -31 -32 34 -34 -35 -36 -37
leaf_value=-0.1601030736679972 -0.12879942496178484 0.063858456950597151 -0.3035421054740709 0.023953132224497554 -0.17033648399006221 0.12297858358583598 0.13294579780731527 0.069740956308517024 -0.097413352326163855 0.081186535372049021 -0.49546675081794306 -0.013033395411724691 -0.019288903796650155 -0.13964508061292144 -0.19379915153882696 0.052640232289157943 -0.11229328188912982 -0.046786325770076111 0.081198080777187709 0.1073834891619433 0.14995100088233204 -0.10641405834158693 0.1258517062406887 -0.026572127920487361 0.11905710659953768 -0.14606293446993032 0.1240836549856366 -0.12080074473427818 0.066644851232368268 0.090518861368925715 0.12003597736517313 -0.14827144512963406 0.16306868734313709 0.13570413227295761 -0.1418455766823207 0.1120445669719896
leaf_weight=43.898854717612267 48.606254369020462 11.331941767595707 16.421464174985886 12.711624447256325 28.064270541071892 46.13549655303359 17.480908648110926 53.764864273369312 52.869924530386925 51.914073567837477 11.168010376393793 29.377036543563008 15.164483293890951 10.359771013259886 62.56707819364965 62.358149185776711 92.277088791131973 60.07270609587431 75.858831461519003 48.398970941081643 22.496516324579716 29.930540304630995 11.632538623176513 5.517610987648367 1464.6041067223996 56.233845695853233 18.895614096894864 71.868015840649605 6.5152541724964967 16.567904233932495 55.405365349724889 46.10638926923275 7.6434935163706532 11.762977465987204 679.09911160171032 9.7835389496758598
leaf_count=293 224 353 79 231 229 2527 312 471 257 3062 64 397 110 47 430 674 522 328 1356 2748 141 206 305 256 104064 356 853 506 432 305 3265 321 210 175 5213 389
internal_value=0.0122318 0.0737643 -0.10109 -0.0394421 0.103003 0.108666 -0.0154017 -0.127996 -0.059031 0.113562 0.00244837 0.0076846 0.0487302 -0.017109 -0.0550516 -0.0884199 -0.0457823 -0.015777 0.0246375 0.0560695 0.102084 -0.0601595 0.0972079 0.093675 0.117761 -0.122488 0.113931 -0.141352 0.123887 0.112301 0.128675 -0.143273 0.135312 0.125273 -0.142254 0.119544
internal_weight=3364.86 2180.74 1184.12 447.631 1733.11 1635.93 62.1131 1003.84 162.869 1573.82 57.3035 97.1786 180.279 80.6978 401.74 217.202 154.635 184.538 135.932 64.2764 99.5816 59.3076 45.8907 53.9166 1516.52 109.104 37.871 840.972 84.4171 34.0488 77.9019 769.104 26.5391 33.1791 725.206 21.4161
internal_count=131711 117216 14495 4634 112582 110563 846 7417 1084 109717 2591 2019 7078 3130 3534 1626 1196 1908 1684 3051 3948 603 1100 3004 107126 613 1416 6333 3838 617 3406 5827 1063 869 5534 694
is_linear=0
shrinkage=0.12


Tree=14
num_leaves=30
num_cat=0
split_feature=35 23 70 78 32 15 21 27 44 12 33 70 80 18 82 21 12 35 38 15 18 6 53 27 4 40 32 21 40
split_gain=1397.21 441.769 290.5 156.303 72.4736 61.8396 59.3397 56.7606 51.4848 50.2365 46.82 172.722 46.0539 38.2217 36.8596 83.1264 27.7651 21.2941 17.5567 17.2472 13.5147 9.80365 6.3872 2.42546 1.67335 1.64176 1.28694 0.731283 0.0828117
threshold=5.3506467342376718 2.596189141273499 1.0000000180025095e-35 1.0000000180025095e-35 0.2179861590266228 1.3921459913253786 0.25426666438579565 33.297288894653327 0.83645832538604747 0.37340000271797186 0.24595000594854358 1.0000000180025095e-35 1.0000000180025095e-35 0.29270832240581518 0.37500000000000006 0.13955000042915347 0.37340000271797186 3.6548196077346806 1.0000000180025095e-35 2.2265260219573979 0.39687500894069677 11.530000209808351 -0.15711500495672223 152.29668426513675 1.1553500294685366 0.16658401489257815 0.20436896383762362 0.13955000042915347 0.035443939268589027
decision_type=2 2 2 2 2 2 2 2 2 2 2 2 2 2 2 2 2 2 2 2 2 2 2 2 2 2 2 2 2
left_child=2 3 7 5 8 12 -6 -1 22 -7 11 -8 18 -11 15 -4 -17 26 -2 -16 -18 -14 -3 -12 -21 -24 28 -26 -9
right_child=1 4 14 -5 6 9 10 17 -10 13 23 -13 21 -15 19 16 20 -19 -20 24 -22 -23 25 -25 27 -27 -28 -29 -30
leaf_value=-0.014200893037214279 -0.048021879205653623 0.043944436765167044 -0.23906389292327207 -0.31365731967114002 -0.016595965580759608 -0.100311116387136 0.1221186021061933 -0.1446313010807711 -0.072683776822535476 0.086468527441864479 0.11837486360806725 -0.38840461197198667 -0.074424096998233422 -0.024705877137466008 -0.01917740524043068 -0.17765484721502728 0.10493902352336225 -0.074316745440544563 0.058729478684959507 0.059604523379484221 -0.090495409244699496 -0.14417134048671437 0.14217576073631077 0.042166459519595301 0.14578270265351922 0.079393156624431027 -0.15953884397870779 0.11876645223653989 -0.13894261775897343
leaf_weight=60.627032794058323 46.706608148291707 24.152388442307711 18.206009104847908 26.555487334728241 52.31348074041307 37.586404498666525 41.091230871155858 38.984724871814251 56.041814837604761 138.26864677574486 1324.3955151187256 12.42945262044668 53.972672954201698 65.685898837633431 15.049517553299664 6.5982999205589286 46.592400755733252 77.011563830077648 42.255736581981182 5.7901275157928458 5.7209118464961639 62.769971609115601 23.320230350829664 6.0412517720833412 20.487389713525772 8.0745247537270171 48.081249371170998 48.779417982324958 672.77439188212156
leaf_count=414 355 511 79 215 574 199 2520 297 511 3475 105166 64 321 1192 108 27 2771 497 349 409 214 381 858 474 141 308 316 3241 5724
internal_value=0.0119932 0.0705867 -0.0992642 -0.0308027 0.101622 -0.0140081 0.10886 -0.126321 0.00846559 0.0271702 0.113602 0.00355651 -0.0623601 0.0506635 0.0459479 -0.0149509 0.0543089 -0.134444 0.00268336 0.0980681 0.0835666 -0.111926 0.0903376 0.118029 0.121577 0.126028 -0.140538 0.126757 -0.139254
internal_weight=3086.36 2021.66 1064.7 473.801 1547.86 447.246 1436.27 897.479 111.589 241.541 1383.96 53.5207 205.705 203.955 167.224 77.1176 58.9116 836.852 88.9623 90.1065 52.3133 116.743 55.5471 1330.44 75.0569 31.3948 759.84 69.2668 711.759
internal_count=131711 117473 14238 6487 110986 6272 108798 7248 2188 4866 108224 2584 1406 4667 6990 3091 3012 6834 704 3899 2985 702 1677 105640 3791 1166 6337 3382 6021
is_linear=0
shrinkage=0.12


Tree=15
num_leaves=31
num_cat=0
split_feature=32 7 70 81 32 15 27 70 68 12 33 70 80 23 27 79 14 22 68 18 38 27 12 27 32 4 32 4 40 7
split_gain=1163.45 408.162 257.207 129.423 106.856 65.1702 63.4048 100.622 49.6936 49.4418 41.7376 127.102 40.1012 37.2905 36.9422 32.6223 54.0731 31.404 34.8505 25.1854 9.5303 5.00215 2.4437 2.39717 1.98505 0.886978 0.735123 0.100065 0.0546512 0.0381351
threshold=0.20834346115589145 12.084876060485842 1.0000000180025095e-35 10.000000000000002 0.2179861590266228 1.6102454662323 73.663848876953139 1.0000000180025095e-35 1.5000000000000002 0.37340000271797186 0.24595000594854358 1.0000000180025095e-35 0.37500000000000006 0.58280083537101757 33.297288894653327 1.0000000180025095e-35 -0.58035701513290394 1.0000000180025095e-35 1.5000000000000002 0.28385417163372045 1.0000000180025095e-35 57.476243972778327 0.73544999957084667 152.29668426513675 0.20634794980287555 3.4826999902725224 0.20260683447122577 3.9429000616073613 0.035443939268589027 11.343900203704836
decision_type=2 2 2 2 2 2 2 2 2 2 2 2 2 2 2 2 2 2 2 2 2 2 2 2 2 2 2 2 2 2
left_child=2 4 14 5 6 12 21 -8 -6 -7 11 -10 13 -3 -1 16 -4 -18 -19 -11 -14 25 -17 -12 26 -2 28 29 -16 -24
right_child=1 3 15 -5 8 9 7 -9 10 19 23 -13 20 -15 24 22 17 18 -20 -21 -22 -23 27 -25 -26 -27 -28 -29 -30 -31
leaf_value=-0.03326336388279337 0.13277934443306927 -0.099335027855544891 -0.30882569115472686 -0.26795162330945138 -0.010141516980670104 -0.092151429104231006 -0.12391780694992445 0.14114771416992028 0.11790668111769625 0.10077285760078987 0.11718346976566089 -0.32578378694025456 -0.1508590885154448 0.026294199071663655 -0.14141960248711252 0.21010278381350569 -0.21448290429139902 -0.048057625550400065 0.097406981908165574 0.0017611574078693517 -0.078539602741049444 0.057954679267612247 0.12154156986843723 0.040791185009331175 -0.10767992818486689 0.090843038565470172 -0.15084014001020313 0.14033201740920262 -0.1364202590968682 0.1345605814594884
leaf_weight=53.709107033908367 31.182881471700966 51.014966983348131 7.1349302083253852 31.196151445619762 49.646053691394627 35.048791859298944 75.931492615491152 28.312617949210107 35.969539714977145 102.84480629116297 1174.6839233553037 12.538013428449629 48.378123387694359 102.15185535885394 33.288412876427174 6.6436978317797175 6.9927810728549948 35.883582615293562 69.948421283625066 57.77821646630764 57.340380147099495 29.274678552523255 15.267163756303495 5.9450317984446874 32.81105325371027 9.4677333403378707 57.84563634544611 7.8941537030041209 581.98268731683493 4.1126646529883137
leaf_count=310 1022 329 40 251 571 182 593 561 2471 3242 104567 62 324 928 281 37 29 266 4836 1351 345 501 1306 489 216 286 468 80 5507 105
internal_value=0.0111064 0.063716 -0.100544 -0.0315108 0.0955524 -0.0152839 0.00737283 -0.0519262 0.107562 0.0369799 0.112317 0.00322357 -0.0547862 -0.0155489 -0.129202 0.040931 0.0115514 0.0318117 0.0480855 0.065157 -0.111634 0.0957754 0.144841 0.116799 -0.136502 0.123012 -0.137907 0.128943 -0.136691 0.124304
internal_weight=2852.22 1938.71 913.514 485.753 1452.95 454.557 174.169 104.244 1278.78 195.672 1229.14 48.5076 258.885 153.167 759.637 153.877 119.96 112.825 105.832 160.623 105.719 69.9253 33.9177 1180.63 705.928 40.6506 673.117 27.274 615.271 19.3798
internal_count=131556 118075 13481 6952 111123 6701 2963 1154 108160 4775 107589 2533 1926 1257 6782 6699 5171 5131 5102 4593 669 1809 1528 105056 6472 1308 6256 1491 5788 1411
is_linear=0
shrinkage=0.12


Tree=16
num_leaves=31
num_cat=0
split_feature=35 23 70 35 81 27 23 21 22 33 70 70 80 79 14 27 22 21 35 18 87 27 32 22 35 68 21 6 40 45
split_gain=995.395 351.117 228.596 114.849 97.5881 54.9761 53.4941 51.9762 37.5888 37.4001 102.732 30.9498 46.2008 29.0212 39.0992 27.0422 25.3647 29.7225 22.4312 15.738 10.8242 3.93277 1.75649 1.70197 1.26354 0.63242 0.0744484 0.0357183 0.0341976 0.00187419
threshold=3.6548196077346806 2.6931526660919194 1.0000000180025095e-35 7.8279674053192148 10.000000000000002 53.583024978637702 1.3550181388854983 0.25426666438579565 1.0000000180025095e-35 0.24595000594854358 1.0000000180025095e-35 1.0000000180025095e-35 1.0000000180025095e-35 1.0000000180025095e-35 -0.58035701513290394 37.651550292968757 1.0000000180025095e-35 0.25426666438579565 38.833642959594734 0.24296875298023227 0.24995714426040652 122.53402328491212 0.20436896383762362 0.20852916687726977 4.5244843959808358 4.5000000000000009 0.13955000042915347 9.963449954986574 0.036971207708120353 0.20070682466030124
decision_type=2 2 2 2 2 2 2 2 2 2 2 2 2 2 2 2 2 2 2 2 2 2 2 2 2 2 2 2 2 2
left_child=2 4 15 5 6 24 11 -5 -8 10 -9 12 -2 14 -4 -1 -16 -18 -10 -7 -21 -11 28 -15 -3 -26 -25 -28 -17 -30
right_child=1 3 13 7 -6 19 8 9 18 21 -12 -13 -14 23 16 22 17 -19 -20 20 -22 -23 -24 26 25 -27 27 -29 29 -31
leaf_value=-0.052560557967173765 0.044981960977667497 0.1558665352896767 -0.25198411088402928 -0.011082122114246447 -0.23080667695731477 0.037259885032618435 -0.14318324893358372 0.11667984487746755 -0.030726545888179458 0.11688788194036834 -0.28970588549597032 -0.12708652116262539 -0.072937000410235722 0.20042357063824096 -0.19682326526637528 -0.13836407990860153 -0.042343113565466654 0.093723637953696856 0.073964677872696172 -0.027040171586947073 -0.10717859796706102 0.068610377301886696 -0.16105383103401641 0.13947399676484887 0.084244538171509578 0.12533366561270118 0.12155238867254456 0.13451740975842527 -0.13436512653028659 -0.13523686183484779
leaf_weight=61.033500902354717 78.686677811667323 14.376314805820583 7.6553277671337119 52.392981691285968 31.803771181032062 32.075157740153372 15.604317776858805 32.186983188614249 37.633546222001314 1037.1775743681937 12.41170911490917 56.748124402016401 122.07346326485276 5.8026603981852558 6.7220142036676398 33.767580322921276 36.427085783332586 63.271876119077206 135.87727526016533 60.429301962256432 40.560729712247849 24.880911045707762 38.771781988441944 6.246735721826556 8.3734155138954538 15.159767425619064 14.425174302421512 3.8837220640853038 499.27009123563766 38.234315790235996
leaf_count=408 758 144 40 563 255 343 82 2468 760 103350 62 429 761 29 29 317 250 4763 4072 813 294 2326 307 52 275 573 1332 87 5231 383
internal_value=0.010819 0.060451 -0.0992432 0.0921636 -0.0277098 0.000351432 -0.0132474 0.105707 0.035214 0.111236 0.00358367 -0.0488377 -0.0267194 0.0377033 0.00995443 -0.128718 0.0287968 0.0440088 0.0512577 -0.0359684 -0.0592262 0.115757 -0.136337 0.141974 0.127837 0.110714 0.128162 0.124303 -0.13466 -0.134427
internal_weight=2623.96 1808.45 815.512 1330.02 478.427 170.975 446.623 1159.05 189.115 1106.66 44.5987 257.508 200.76 144.435 114.076 671.077 106.421 99.699 173.511 133.065 100.99 1062.06 610.044 30.3583 37.9095 23.5332 24.5556 18.3089 571.272 537.504
internal_count=131556 118328 13228 111211 7117 2442 6862 108769 4914 108206 2530 1948 1519 6582 5082 6646 5042 5013 4832 1450 1107 105676 6238 1500 992 848 1471 1419 5931 5614
is_linear=0
shrinkage=0.12


Tree=17
num_leaves=28
num_cat=0
split_feature=28 14 70 28 78 23 21 27 79 26 44 33 70 79 14 12 21 50 28 27 53 12 45 27 27 21 6
split_gain=852.691 320.011 192.749 81.4612 76.0894 50.1759 49.9234 47.0811 42.3189 53.9656 39.3465 33.363 84.8283 26.5619 29.1507 24.0084 27.4754 10.4898 9.40947 4.11303 2.83821 1.12918 0.950121 0.314466 0.605431 0.0517288 0.0224223
threshold=4.5244843959808358 0.86625748872756969 1.0000000180025095e-35 7.8279674053192148 1.0000000180025095e-35 0.58280083537101757 0.25426666438579565 33.297288894653327 1.0000000180025095e-35 1.0000000180025095e-35 0.78203123807907116 0.24595000594854358 1.0000000180025095e-35 1.0000000180025095e-35 -0.58035701513290394 0.37340000271797186 0.25426666438579565 0.068989168852567687 3.6548196077346806 122.53402328491212 -0.080371297895908342 0.55910000205039989 0.23756290227174762 44.362234115600593 50.048387527465827 0.13955000042915347 9.8230500221252459
decision_type=2 2 2 2 2 2 2 2 2 2 2 2 2 2 2 2 2 2 2 2 2 2 2 2 2 2 2
left_child=2 4 7 10 5 -2 -5 -1 9 -7 17 12 -8 14 -4 -16 -17 -3 23 -13 -19 -15 -10 -9 -25 -23 -27
right_child=1 3 13 6 -6 8 11 18 22 -11 -12 19 -14 21 15 16 -18 20 -20 -21 -22 25 -24 24 -26 26 -28
leaf_value=-0.014848946497803817 -0.10392262272828441 0.020260018568943543 -0.21202320735694943 -0.0096821743783665534 -0.20676566344731362 0.0046626351438657735 0.1154169220468346 -0.12127745962141895 0.08127581654422654 -0.18817217424797053 -0.059139002926536219 0.11591185088434139 -0.26417125963547416 0.18642851448324821 -0.15581957307409361 -0.036552108324193033 0.095723163512562826 0.14883544641993837 -0.064856787928757306 0.064837339045220571 0.07871890409289084 0.13693878176651531 0.12495648854886825 -0.15083106956337236 -0.13303054358884109 0.12135924417844308 0.13201140969724856
leaf_weight=56.18751422315836 71.504167098551989 29.929750144481659 7.9819374978542319 52.747893538326025 31.080616224557161 286.23438271321356 28.86954793613404 29.497135527431965 9.0023963181301934 22.544147241860628 68.38342553935945 930.53723287303001 12.002207681536673 5.7884354889392879 9.5167867988347989 37.088443756103516 57.934963805601001 18.823481419123709 30.465498492121696 23.272560112178326 14.888473885133861 5.6365568041801479 35.242935950867832 29.112295240163803 501.32381197065115 13.196667855605485 3.6278006033971897
leaf_count=352 517 513 40 563 238 4323 2471 328 236 129 538 103722 62 31 42 250 4925 499 212 2326 428 52 1248 284 5755 1374 98
internal_value=0.0104865 0.0598915 -0.0921103 0.0928868 -0.0255249 -0.0122559 0.104083 -0.119814 0.00631101 -0.00941638 0.00405874 0.110116 0.00394884 0.0351366 0.00901867 0.0258958 0.044095 0.0719651 -0.129803 0.114666 0.117869 0.139169 0.116069 -0.133337 -0.134008 0.126989 0.123656
internal_weight=2422.42 1635.06 787.358 1179.45 455.609 424.528 1047.43 646.586 353.024 308.779 132.025 994.682 40.8718 140.772 112.522 104.54 95.0234 63.6417 590.399 953.81 33.712 28.2495 44.2453 559.933 530.436 22.461 16.8245
internal_count=131556 117813 13743 111122 6691 6453 109144 6931 5936 4452 1978 108581 2533 6812 5257 5217 5175 1440 6579 106048 927 1555 1484 6367 6039 1524 1472
is_linear=0
shrinkage=0.12


Tree=18
num_leaves=33
num_cat=0
split_feature=28 23 70 32 27 78 32 21 15 70 44 80 12 1 70 70 19 79 14 12 21 27 32 54 27 19 27 22 44 21 15 40
split_gain=727.863 294.028 167.907 66.4273 84.6959 57.7295 49.7325 49.3046 42.9905 36.1411 69.6019 31.1686 30.4111 27.8096 73.6147 27.1595 24.8641 23.2198 22.827 19.9912 25.5788 13.9093 10.8178 8.05205 2.8004 2.21166 1.214 0.747326 0.497737 0.0348238 0.0199315 0.0167804
threshold=5.3506467342376718 2.6931526660919194 1.0000000180025095e-35 0.20436896383762362 47.410217285156257 1.0000000180025095e-35 0.2179861590266228 0.25426666438579565 1.6102454662323 1.0000000180025095e-35 0.96328124403953563 0.37500000000000006 0.37340000271797186 448.95500183105474 1.0000000180025095e-35 1.0000000180025095e-35 27.918496131896976 1.0000000180025095e-35 -0.58035701513290394 0.37340000271797186 0.25426666438579565 82.269920349121108 0.20834346115589145 0.10812745988368989 152.29668426513675 18.748935699462894 38.215044021606452 0.20852916687726977 0.95781251788139354 0.13955000042915347 2.8454229831695561 0.036971207708120353
decision_type=2 2 2 2 2 2 2 2 2 2 2 2 2 2 2 2 2 2 2 2 2 2 2 2 2 2 2 2 2 2 2 2
left_child=2 5 3 25 -5 8 9 -8 11 10 21 15 -10 24 -15 -2 -14 18 -4 -20 -21 -3 -6 -13 -9 -1 -27 -19 -11 -29 -31 -28
right_child=1 6 17 4 22 -7 7 13 12 28 -12 23 16 14 -16 -17 -18 27 19 20 -22 -23 -24 -25 -26 26 31 29 -30 30 -32 -33
leaf_value=-0.096334298439401014 0.021370689153340262 0.098790432546165957 -0.18184800824589281 0.11184249034265276 -0.14411764872317231 -0.17983537761959353 -0.0091530259390449724 0.11551171718465879 -0.069806271282179505 0.11601271583797032 -0.20943881460857197 -0.060390897092746441 0.10055784374061504 0.11482014003954166 -0.24483365973827881 -0.098214356771736969 -0.0019037617470496523 0.17636070750961194 -0.14271289369107354 -0.033043532170655553 0.094456836695479579 -0.029424421346336715 -0.059879410032166028 -0.12965947787755316 0.025565266137295962 -0.15802559100209676 -0.13411475835315784 0.13472783884258357 0.14948277917386127 0.13203384033867441 0.12128989334915656 -0.131037393726079
leaf_weight=25.404815997928381 112.57323986291885 30.294810021296144 8.1751948446035367 39.620825789868832 41.342478036880493 30.868452982977033 52.793307226151228 829.18078361870721 32.046800080686808 11.293199725449087 21.742047056555748 48.072955351322889 85.318070567212999 28.948336604982615 11.431339651346205 36.124186955392361 56.816000299528241 5.3583049438893822 9.1660248637199384 38.021288201212883 56.073789311107248 20.380841974169016 46.805961064994335 48.59191183000803 5.0145683335140339 25.72919724881649 27.157341003417969 5.1577714234590557 14.760556039400397 3.0864001950249067 12.790723823476581 422.1020439863205
leaf_count=220 986 1158 40 336 383 248 556 104059 175 587 125 317 3202 2861 62 271 1492 30 42 253 5077 203 316 352 489 228 313 53 130 69 1448 5475
internal_value=0.01012 0.0593689 -0.0847945 -0.111112 -0.0338861 -0.0214532 0.0948552 0.103465 -0.00980006 0.0137717 -0.0298337 -0.0421651 0.0357914 0.110263 0.0130035 -0.00768101 0.0596003 0.0351465 0.0111763 0.026458 0.0429374 0.0472247 -0.099388 -0.0952111 0.114971 -0.13083 -0.132675 0.136353 0.134975 0.126161 0.123378 -0.131223
internal_weight=2242.24 1476.25 765.992 628.163 127.769 450.412 1025.84 927.368 419.543 98.4715 72.4177 245.362 174.181 874.575 40.3797 148.697 142.134 137.829 111.436 103.261 94.0951 50.6757 88.1484 96.6649 834.195 500.393 474.989 26.3932 26.0538 21.0349 15.8771 449.259
internal_count=131556 117273 14283 7271 1035 7043 110230 108027 6795 2203 1486 1926 4869 107471 2923 1257 4694 7012 5412 5372 5330 1361 699 669 104548 6236 6016 1600 717 1570 1517 5788
is_linear=0
shrinkage=0.12


Tree=19
num_leaves=31
num_cat=0
split_feature=28 7 70 32 21 78 30 70 14 79 22 44 30 33 70 79 6 21 5 30 32 28 48 22 44 28 21 40 14 47
split_gain=624.503 242.027 159.288 92.6875 47.5919 44.9996 41.6379 57.5298 38.2927 36.5305 42.4934 36.1578 28.7935 27.2991 59.8161 20.1792 17.3549 21.0265 5.97179 2.83519 1.46159 1.28979 1.23292 0.4682 0.406366 0.3825 0.0228795 0.0132099 0.012534 0.000562305
threshold=3.6548196077346806 12.084876060485842 1.0000000180025095e-35 0.2179861590266228 0.25426666438579565 1.0000000180025095e-35 0.54479166865348827 1.0000000180025095e-35 -1.1373974680900572 1.0000000180025095e-35 1.0000000180025095e-35 0.81718751788139354 0.38281250000000006 0.24595000594854358 1.0000000180025095e-35 1.0000000180025095e-35 9.8230500221252459 0.25426666438579565 0.65264999866485607 1.5484375357627871 0.26475964486598974 2.6983066797256474 1.2510416507720949 0.20852916687726977 0.90781250596046459 4.5244843959808358 0.13955000042915347 0.036971207708120353 1.2250810265541079 1.0000000180025095e-35
decision_type=2 2 2 2 2 2 2 2 2 2 2 2 2 2 2 2 2 2 2 2 2 2 2 2 2 2 2 2 2 2
left_child=2 3 12 6 -5 8 22 11 -3 10 -10 -8 -1 14 -6 16 17 -4 -19 -15 -11 27 25 -17 -9 -2 -25 -14 -28 -29
right_child=1 5 15 4 13 -7 7 24 9 20 -12 -13 21 19 -16 23 -18 18 -20 -21 -22 -23 -24 26 -26 -27 28 29 -30 -31
leaf_value=-0.039724927514187644 0.15342133820401749 -0.090023364551266805 -0.025374176796420986 -0.0080072493427907378 0.11269343517885165 -0.1583718457651456 0.00045834453752415834 0.11187181773302145 -0.17810835612915218 0.066928252023182574 0.0040654336923374472 -0.1393154829821466 -0.13253631569897326 0.11477374905947064 -0.2294294275444673 0.16798291828562298 -0.06947419140579178 -0.078017732906851961 0.11747202362988178 0.023106685607643528 0.12413743253494226 -0.15953405677490284 0.082811290118406641 0.13290918163206289 0.14268769412044793 0.12377396794248591 0.13023287410411885 -0.12964705244880095 0.12107900507486336 -0.1301370317565532
leaf_weight=55.59395370259881 11.275895349215718 71.38156982883811 35.569195549935102 53.085860155522823 23.207877999171615 31.715619807131588 56.722572644241154 9.6331107071600872 19.726783074438572 7.9906035019084802 282.20232141483575 50.270303792320192 25.024391606450081 744.09990888042375 10.775875493884085 4.7825362086296108 29.245757882017642 2.4104024758562437 33.854335670825094 4.8906113700941196 32.940481740515679 22.211760058999062 7.9579828246496609 4.5600909292697933 17.101905501913279 14.105348587501792 2.7335050804540506 357.75915456563234 10.160019875969736 37.237585380673409
leaf_count=408 125 541 231 556 2471 251 650 600 124 191 4506 414 320 104582 62 29 397 269 4185 489 1355 201 344 52 279 788 80 5197 1339 520
internal_value=0.00979187 0.0529426 -0.0908759 0.0856416 0.101947 -0.0206099 0.00404221 -0.0258699 -0.0100625 0.00658494 -0.00783704 -0.065214 -0.121121 0.109402 0.00421003 0.0312218 0.00845391 0.0401808 0.104478 0.114175 0.112969 -0.131353 0.124024 0.134718 0.131584 0.136945 0.125604 -0.129863 0.12302 -0.129693
internal_weight=2070.23 1449.08 621.143 1003.13 836.06 445.957 167.067 133.728 414.242 342.86 301.929 106.993 497.827 782.974 33.9838 123.316 101.08 71.8339 36.2647 748.991 40.9311 442.233 33.3392 22.2362 26.735 25.3812 17.4536 420.021 12.8935 394.997
internal_count=131556 118328 13228 111360 108160 6968 3200 1943 6717 6176 4630 1064 6646 107604 2533 6582 5082 4685 4454 105071 1546 6238 1257 1500 879 913 1471 6037 1419 5717
is_linear=0
shrinkage=0.12


Tree=20
num_leaves=32
num_cat=0
split_feature=32 23 70 32 27 79 74 21 22 32 81 33 70 70 44 79 14 21 12 32 23 18 27 27 27 22 12 44 21 23 40
split_gain=548.625 229.637 119.948 63.0042 62.6732 43.5563 43.6329 39.0594 35.6406 33.1726 31.885 26.9232 54.8382 25.1271 42.421 18.9993 20.6614 15.3038 14.1631 11.9065 8.68976 3.93828 2.82481 0.943838 0.275564 0.269849 0.11219 0.0726153 0.0147867 0.0124003 0.00856081
threshold=0.21166560798883441 2.8553117513656621 1.0000000180025095e-35 0.20436896383762362 47.410217285156257 1.0000000180025095e-35 1.5355895757675173 0.25426666438579565 1.0000000180025095e-35 0.2179861590266228 10.000000000000002 0.24595000594854358 1.0000000180025095e-35 1.0000000180025095e-35 0.96328124403953563 1.0000000180025095e-35 -0.58035701513290394 1.0000000180025095e-35 0.37340000271797186 0.20834346115589145 0.58280083537101757 0.16562499850988391 152.29668426513675 35.75616645812989 86.829086303710952 0.20852916687726977 0.37340000271797186 1.0578125119209292 0.13955000042915347 2.3207935094833378 0.035443939268589027
decision_type=2 2 2 2 2 2 2 2 2 2 2 2 2 2 2 2 2 2 2 2 2 2 2 2 2 2 2 2 2 2 2
left_child=2 5 3 21 -5 6 8 -3 -2 13 -10 12 -11 14 -9 16 -4 -18 -19 -6 -7 -1 -13 -23 26 -17 -22 -15 -27 -30 -25
right_child=1 7 15 4 19 20 -8 9 10 11 -12 22 -14 27 -16 25 17 18 -20 -21 24 23 -24 30 -26 28 -28 -29 29 -31 -32
leaf_value=-0.074767308862920434 -0.16103436777453234 -0.0067703751940599629 -0.17768667068485339 0.098295671094023124 -0.13853561758205563 -0.013050862553803345 -0.17895134806719315 0.053651917908483317 0.0041355655405073506 0.11088531939826701 -0.12783355666367338 0.11403436339361629 -0.23227918138069362 0.12948180401687465 -0.18032307130841357 0.15938362147279234 -0.094525411019791006 -0.12047712235009284 0.05697675556114068 -0.050377520393059386 0.14185165683428175 -0.15551469522103628 0.021980514652236428 -0.13099395633871533 0.10010211777882777 0.13127582635143623 0.12378913748584958 0.14404764139299245 0.13038604022223138 0.12104353281374401 -0.12848873805895203
leaf_weight=19.521441742777824 23.039712816476822 52.405931999906898 8.1322886645793897 37.980214530602098 36.128239147365093 8.3295903690159303 25.468268796335906 34.135670112445951 315.93585442984477 20.34416004922241 28.76378212403506 657.74671463295817 10.002624899148943 9.7860779925249535 16.577354308217764 4.0973755903542068 13.953825026750563 7.095586195588111 74.24891454866156 56.656743600964546 6.237357001751664 19.825132459402084 4.8355888556689015 20.827914223074913 6.3983603673987082 4.0815660730004337 24.024642444215715 9.9291781932115537 2.5740028750151387 9.9699120884761196 344.97224911302328
leaf_count=180 166 585 39 412 394 120 394 1161 5231 2411 287 103777 63 515 100 29 71 34 5311 391 67 162 492 296 252 52 1453 89 55 1410 5596
internal_value=0.00919657 0.0558085 -0.0793545 -0.103976 -0.0315526 -0.0142575 -0.0270548 0.0934453 -0.0165351 0.100325 -0.00687672 0.1083 -0.00222537 0.0218599 -0.0228311 0.0269255 0.0059133 0.0215808 0.0414977 -0.0847042 0.0975896 -0.127352 0.113363 -0.130013 0.122728 0.1318 0.127512 0.136818 0.125002 0.122961 -0.128631
internal_weight=1914.03 1253.96 660.065 535.912 130.765 438.198 393.208 815.763 367.739 763.357 344.7 692.929 30.3468 70.4283 50.713 124.153 103.431 95.2983 81.3445 92.785 44.99 405.147 662.582 385.625 36.6604 20.7229 30.262 19.7153 16.6255 12.5439 365.8
internal_count=131595 117163 14432 7431 1197 7970 6078 109193 5684 108608 5518 106743 2474 1865 1261 7001 5455 5416 5345 785 1892 6234 104269 6054 1772 1546 1520 604 1517 1465 5892
is_linear=0
shrinkage=0.12


Tree=21
num_leaves=30
num_cat=0
split_feature=32 23 86 32 30 21 79 74 26 32 81 1 36 30 22 32 46 7 7 18 12 4 18 87 11 15 30 46 12
split_gain=464.935 205.347 59.7477 48.6633 48.4421 37.2703 36.2181 34.0165 33.7537 31.6929 25.8892 22.2219 30.3806 20.3459 15.6317 9.94779 9.69259 9.59627 8.31022 7.83126 7.58447 6.44009 4.70279 3.77544 3.61323 1.48909 0.320403 0.133972 0.0771181
threshold=0.21166560798883441 2.8553117513656621 1.0000000180025095e-35 0.20436896383762362 0.48203124105930334 0.25426666438579565 1.0000000180025095e-35 1.0528882145881655 1.0000000180025095e-35 0.22368661314249041 10.000000000000002 448.95500183105474 1.0000000180025095e-35 0.83645832538604747 0.20852916687726977 0.20834346115589145 0.10696498677134515 13.233663082122805 14.161862373352053 0.35937500000000006 0.73544999957084667 1.2552999854087832 0.14062500000000003 0.24995714426040652 2.835399985313416 4.3551621437072763 0.90104165673255932 0.077968202531337752 0.37340000271797186
decision_type=2 2 2 2 2 2 2 2 2 2 2 2 2 2 2 2 2 2 2 2 2 2 2 2 2 2 2 2 2
left_child=2 6 3 20 -5 -3 7 8 10 13 -2 25 -13 21 -4 27 -15 19 26 24 -1 -7 -22 -24 -16 -11 28 -6 -8
right_child=1 5 14 4 15 9 18 -9 -10 11 -12 12 -14 16 17 -17 -18 -19 -20 -21 22 -23 23 -25 -26 -27 -28 -29 -30
leaf_value=-0.027065358498372181 0.0067915017914599203 -0.0059315216826306113 -0.11332214436399596 0.091268113087678751 -0.11456705596376719 -0.028595373728885713 0.13918749042463952 -0.13717103084771104 -0.15721717678569649 0.090746797864236117 -0.11210470132682636 0.10757888128477576 -0.13901477434321785 -0.062725895737291246 0.11688754069341997 -0.041175330656544613 0.048681774867566543 -0.084419005516087386 -0.012788566646326523 -0.018002540269955257 -0.047992359627692632 0.13349099921117111 -0.10467626541045498 -0.12875279224861599 -0.0076970787735798568 0.11472357167431979 0.095324533953822607 -0.12951102444153381 0.12342029277109706
leaf_weight=15.652630398981271 306.19528094865382 52.624315750785172 8.6114582344889623 36.951320972293615 17.177281375974417 4.1717799636535373 5.6265328377485302 34.801363700535148 21.900156805291772 40.057479040231556 28.85761954030022 17.599094208329916 12.169009258039297 30.310533357784152 33.215031484141946 59.673310168087482 17.878217665012926 5.7950301431119433 8.3423266597092134 9.4694529678672534 15.77166926814243 22.94149036007002 221.94650178216398 162.42039774730802 3.7284847549162796 541.74036458367482 5.6713443277403703 17.378367476165295 21.674187960103154
leaf_count=200 5113 585 50 486 286 363 67 511 167 7053 287 2726 127 508 2442 580 351 35 121 353 227 2129 6127 2847 485 95351 237 314 1467
internal_value=0.00881665 0.0529669 -0.0763589 -0.0889048 -0.0251809 0.0913968 -0.0126545 -0.0239241 -0.012883 0.0988536 -0.00344886 0.107899 0.00677298 0.0253948 0.0364714 -0.0708456 -0.0213932 0.0611791 0.0942071 0.0793582 -0.109009 0.108552 -0.112215 -0.11485 0.104314 0.113073 0.121278 -0.122083 0.12667
internal_weight=1780.35 1172.56 607.791 546.971 131.18 739.492 433.069 391.754 356.953 686.868 335.053 611.566 29.7681 75.302 60.8195 94.229 48.1888 52.208 41.3144 46.413 415.791 27.1133 400.139 384.367 36.9435 581.798 32.9721 34.5556 27.3007
internal_count=131595 117163 14432 11067 1666 109193 7970 6078 5567 108608 5400 105257 2853 3351 3365 1180 859 3315 1892 3280 9401 2492 9201 8974 2927 102404 1771 600 1534
is_linear=0
shrinkage=0.12


Tree=22
num_leaves=33
num_cat=0
split_feature=32 23 85 32 27 21 32 85 42 40 85 44 12 33 85 23 86 82 21 7 71 44 15 12 61 18 22 58 27 21 44 40
split_gain=388.437 182.305 105.112 57.9557 41.8519 35.2315 31.2295 27.9525 33.4632 23.227 23.199 45.4719 23.1396 22.2868 42.0437 18.2176 17.2508 15.0062 43.5858 21.1657 11.7922 11.0934 8.81995 9.29714 6.59208 5.20232 4.54433 2.24691 0.597936 0.432842 0.0790592 0.00474125
threshold=0.21166560798883441 2.8553117513656621 0.84138572216033947 0.20436896383762362 46.360073089599616 0.25426666438579565 0.22368661314249041 1.0000000180025095e-35 -0.43101337552070612 0.25472077727317816 0.79115715622901928 0.998958319425583 0.37340000271797186 0.24595000594854358 1.0000000180025095e-35 1.3550181388854983 1.0000000180025095e-35 0.37500000000000006 0.25426666438579565 12.263174533843996 0.39547631144523626 0.69479167461395275 1.3921459913253786 0.37340000271797186 -0.45918254554271692 0.15312500298023227 8.3289875984191912 -0.72341012954711903 33.963235855102546 0.13955000042915347 0.89531251788139354 0.035443939268589027
decision_type=2 2 2 2 2 2 2 2 2 2 2 2 2 2 2 2 2 2 2 2 2 2 2 2 2 2 2 2 2 2 2 2
left_child=2 7 3 25 -5 -3 10 8 24 16 11 -7 -10 14 -8 -14 20 18 -4 26 -9 -6 -20 -24 -2 -1 29 -15 -27 -19 -12 -30
right_child=1 5 17 4 21 6 13 9 12 -11 30 -13 15 27 -16 -17 -18 19 22 -21 -22 -23 23 -25 -26 28 -28 -29 31 -31 -32 -33
leaf_value=-0.058891989718983156 -0.16620005692607268 -0.0051995030491632189 -0.14094261582142076 0.087618273620277784 -0.033318236487890583 0.052433997730318982 0.10874821168375226 -0.0031527688456677136 -0.073345201417370706 -0.17560741345608097 0.12195794788416926 -0.1925511416774372 0.0039160553278649798 0.060921960844140338 -0.21217803397906582 0.068127335312512208 0.02827049526407855 0.14173863536609502 -0.10328530553592111 -0.046837508526934309 -0.13554441850585749 -0.11945494765653179 -0.093321094235855426 0.11042644224167102 -0.0575349215707417 -0.15055604698579644 -0.016082174814078934 0.11333601121268387 -0.12869599470545728 0.1161712538548461 0.13825941901306207 -0.12665518127352107
leaf_weight=16.515886053442955 15.788012859411536 52.815990703180432 23.66762712970376 33.090412367135286 49.495046244934201 37.83854118688032 17.097121044993401 15.243137062061576 35.254998333752155 22.18627240229398 6.1990461247041848 15.330214883666484 155.55830392148346 12.055831319652496 8.9583691805601138 107.65978027367964 33.492859399411827 16.074780784547329 3.8808580413460723 15.962838446721433 26.584223401267081 38.106535628437996 3.6240737959742537 29.285228647757322 16.379024616908282 16.045591428875923 3.5004392424598327 510.10530085721985 17.411710813641548 23.436807990539819 13.868636847008018 280.08402542769909
leaf_count=166 324 585 127 388 402 2129 2411 324 276 364 776 175 1229 2359 63 4101 540 137 19 191 493 407 21 2981 319 130 435 100424 304 3090 271 5634
internal_value=0.00841771 0.0500069 -0.0719927 -0.098514 -0.0273571 0.0888923 0.096889 -0.0112321 0.00541867 -0.0676941 0.0232899 -0.0182029 0.0179512 0.106721 -0.00159229 0.0301793 -0.0359072 0.0281011 -0.0139097 0.0711684 -0.087297 -0.0707876 0.0678123 0.0879891 -0.110869 -0.124534 0.114963 0.112126 -0.127992 0.126573 0.133224 -0.126775
internal_weight=1672.6 1102.42 570.182 450.749 120.692 674.269 621.453 428.147 330.64 97.5065 73.2364 53.1688 298.473 548.217 26.0555 263.218 75.3202 119.433 60.4578 58.9749 41.8274 87.6016 36.7902 32.9093 32.167 330.057 43.012 522.161 313.541 39.5116 20.0677 297.496
internal_count=131595 117163 14432 7431 1197 109193 108608 7970 6249 1721 3351 2304 5606 105257 2474 5330 1357 7001 3148 3853 817 809 3021 3002 643 6234 3662 102783 6068 3227 1047 5938
is_linear=0
shrinkage=0.12


Tree=23
num_leaves=34
num_cat=0
split_feature=32 23 70 32 21 27 79 44 70 18 78 7 33 70 79 14 18 11 22 40 0 74 5 7 32 58 45 32 22 12 21 23 40
split_gain=332.532 155.172 105.156 47.9095 38.1137 33.8943 30.8465 28.3047 45.3209 25.2012 23.3395 24.0966 19.8445 35.748 16.0915 12.7985 12.3892 14.1196 11.1743 10.4538 9.46051 8.96761 8.87136 6.86535 4.27402 2.34598 1.74394 0.810415 0.204854 0.0594212 0.00798471 0.0111721 0.00318258
threshold=0.20834346115589145 2.8553117513656621 1.0000000180025095e-35 0.22368661314249041 0.25426666438579565 33.297288894653327 1.0000000180025095e-35 0.78203123807907116 1.0000000180025095e-35 0.29010416567325598 1.0000000180025095e-35 13.39701557159424 0.24595000594854358 1.0000000180025095e-35 1.0000000180025095e-35 -0.58035701513290394 0.35937500000000006 0.34534999728202825 0.20852916687726977 0.12553957104682925 16.067599296569828 0.50435146689414989 3.8895000219345097 14.161862373352053 0.20634794980287555 -0.72341012954711903 0.21431061625480655 0.20436896383762362 0.20852916687726977 0.37340000271797186 0.13955000042915347 2.2090684175491337 0.035443939268589027
decision_type=2 2 2 2 2 2 2 2 2 2 2 2 2 2 2 2 2 2 2 2 2 2 2 2 2 2 2 2 2 2 2 2 2
left_child=2 6 5 7 -5 -1 9 20 19 10 11 -2 13 -6 15 -4 17 -17 -11 -9 22 -20 -3 26 27 -14 -8 32 -16 -28 -30 -32 -7
right_child=1 3 14 4 12 24 23 8 -10 18 -12 -13 25 -15 28 16 -18 -19 21 -21 -22 -23 -24 -25 -26 -27 29 -29 30 -31 31 -33 -34
leaf_value=-0.0063201687072695998 0.052473325305627004 0.089093513033368293 -0.13884052548609518 -0.0047549626933439748 0.10694233211278641 -0.12765818893612327 0.052786934285704225 -0.047356634738880764 0.12621224665275477 -0.14450816956344331 -0.1169045255473101 -0.022718108004804522 0.057172469000052954 -0.20150887185175442 0.15648451763143445 -0.053702044605370577 -0.077482668582931097 0.074211382036450113 -0.032504381571592744 -0.16329837604799316 0.19658542308381236 -0.12552553466158134 -0.0019032671144333145 -0.0070535506692496258 -0.072633642922111316 0.11240263685976216 0.13719035752511116 -0.15398373209808575 0.12959680991946437 0.12352520851941702 0.13040344290881578 0.12084123519372492 -0.12589052633558678
leaf_weight=40.076997928321362 103.14441185072064 37.550657005049288 8.0682607740163785 49.597999945282936 15.404526907019317 15.560614850372074 5.5927617675624814 21.675247651990503 16.334069999866188 22.866299172863364 23.643532790709287 151.54932460933924 11.350448377430437 8.3397185727953911 3.6929926499724415 16.58416610956192 15.361552562098948 49.568185297306627 75.227062245830894 23.167958542238921 7.2262750216759732 18.616927434690297 26.186323987320065 8.6468358412384969 21.988287787884474 455.95676531130448 5.9316615350544479 15.760220501571892 3.494563862681388 20.141641770955175 2.258053142577408 7.9685526043176651 255.42189136147499
leaf_count=300 3241 1712 39 529 2411 304 231 319 572 165 233 1005 2359 63 28 91 534 4491 1222 304 457 286 993 121 227 100424 76 212 51 1483 47 1324 5741
internal_value=0.0080568 0.0435443 -0.0782204 0.0796664 0.0954976 -0.110143 -0.0122774 0.0148937 -0.0449219 -0.0224811 -0.00285488 0.00773249 0.105623 -0.00139534 0.0258479 0.0053299 0.0195999 0.0421439 -0.0692867 -0.107257 0.0664606 -0.0509581 0.0517075 0.0877139 -0.123621 0.111061 0.113591 -0.127531 0.131397 0.126634 0.124645 0.122953 -0.125992
internal_weight=1563.95 1108.15 455.804 672.79 540.649 348.808 435.36 132.141 61.1773 395.048 278.337 254.694 491.051 23.7442 106.996 89.5822 81.5139 66.1524 116.71 44.8432 70.9633 93.844 63.737 40.3129 308.731 467.307 31.6661 286.743 17.4142 26.0733 13.7212 10.2266 270.983
internal_count=131595 118206 13389 110143 105786 6784 8063 4357 1195 6152 4479 4246 105257 2474 6605 5155 5116 4582 1673 623 3162 1508 2705 1911 6484 102783 1790 6257 1450 1559 1422 1371 6045
is_linear=0
shrinkage=0.12


Tree=24
num_leaves=34
num_cat=0
split_feature=28 23 85 28 68 27 85 44 79 26 38 33 85 13 56 79 23 68 27 23 12 23 28 2 14 27 28 5 12 28 4 23 28
split_gain=281.537 125.239 102.284 63.2719 34.5183 29.8285 26.3069 27.3755 24.9604 23.604 26.7453 17.4154 30.4493 16.0874 15.5918 14.2684 10.4313 13.0456 10.3497 5.86192 5.31517 3.51489 3.48554 1.72134 0.377415 0.413955 0.299184 0.123354 0.0337015 0.0122323 0.00456372 0.00679076 0.000254651
threshold=2.6983066797256474 2.8553117513656621 0.84138572216033947 12.306562900543215 1.5000000000000002 33.963235855102546 0.79115715622901928 0.81718751788139354 1.0000000180025095e-35 1.0000000180025095e-35 1.0000000180025095e-35 0.24595000594854358 1.0000000180025095e-35 -2.5172500610351558 0.49479167163372045 1.0000000180025095e-35 1.9581975340843203 1.5000000000000002 21.412717819213871 0.58280083537101757 9.3680500984191912 4.0856518745422372 18.046968460083011 0.35579000413417822 12.405783653259279 34.526727676391609 3.6548196077346806 9.4421997070312518 0.37340000271797186 4.5244843959808358 3.9429000616073613 2.5055115222930913 0.9224643111228944
decision_type=2 2 2 2 2 2 2 2 2 2 2 2 2 2 2 2 2 2 2 2 2 2 2 2 2 2 2 2 2 2 2 2 2
left_child=2 8 18 5 -5 26 7 -7 9 10 14 12 -6 -12 -2 16 -4 -18 -1 -10 -19 -13 -21 -8 25 -20 -3 30 -24 -28 31 -17 -27
right_child=1 3 15 4 11 6 23 -9 19 -11 13 21 -14 -15 -16 27 17 20 24 22 -22 -23 28 -25 -26 32 29 -29 -30 -31 -32 -33 -34
leaf_value=-0.021047654660637297 -0.0817432405447404 0.15329992078990998 -0.080790190493629482 -0.0043752276150129353 0.10501686697332217 0.0081685589830214518 0.037881171874403999 -0.11001519188968853 -0.0058494174156296722 -0.14837472315340949 -0.038287175851750579 0.070071294492784417 -0.19193354873592036 0.042978683526958952 -0.014338470155214373 0.12891858254974844 -0.025194522667660327 0.093404225046795616 -0.14722857247689386 0.017750204729853555 -0.1019327107206352 0.11224111671230079 0.13411093955829287 0.12349015239888583 -0.10516503241144068 -0.12527197912211308 0.13061182133223054 0.1504858812352709 0.12293034913703411 0.12271433418276315 0.12775671411608955 0.12068292404874634 -0.1257234658113309
leaf_weight=14.434875465929506 87.459317199420184 9.4202707000076789 17.177442429587245 47.037850669585168 13.898096114862712 80.5971592257265 4.1446218190249082 43.432588696014136 8.7142325788736326 19.751277256757021 48.507486520335078 30.705687883775681 7.742614470422267 126.69972303695977 113.61032304074615 1.8762761144898812 36.354491926264018 29.538580187130723 13.100805278867481 5.2930916864424971 2.1520470194518557 389.57813658355735 4.8384198229759958 18.384283507242799 12.582286838442085 214.80340838246047 4.1409173666033885 3.2869543051347128 19.644766102079302 8.8815983731765282 3.5370103088207534 6.2251124419271946 19.633741915225983
leaf_count=99 1428 93 147 538 2411 1778 627 696 120 179 309 7113 63 2607 1672 53 263 4214 128 116 248 95423 73 1042 283 5384 79 29 1615 1007 78 1214 466
internal_value=0.00767245 0.0384577 -0.082085 0.0714754 0.0933527 0.00817909 -0.011549 -0.0332169 -0.0115388 -0.0205052 -0.0137931 0.103755 -0.00122607 0.0204796 -0.0436575 0.0217242 0.00276877 0.0238626 -0.119951 0.0807161 0.0801393 0.10916 0.10605 0.107741 -0.125439 -0.12647 0.13701 0.129958 0.12514 0.125226 0.12416 0.12259 -0.12531
internal_weight=1467.19 1092.48 374.703 657.964 488.962 169.001 146.559 124.03 434.519 396.028 376.277 441.925 21.6407 175.207 201.07 100.148 85.2226 68.0451 274.555 38.4905 31.6906 420.284 29.7763 22.5289 260.12 247.538 22.4428 14.9254 24.4832 13.0225 11.6384 8.10139 234.437
internal_count=131595 118989 12606 110870 105548 5322 4143 2474 8119 6195 6016 105010 2474 2916 3100 6246 4872 4725 6360 1924 4462 102536 1804 1669 6261 5978 1179 1374 1688 1086 1345 1267 5850
is_linear=0
shrinkage=0.12


Tree=25
num_leaves=40
num_cat=0
split_feature=28 13 85 28 27 21 82 79 82 14 22 0 28 44 87 27 33 85 79 18 85 7 82 21 56 57 22 22 86 65 50 27 22 22 23 21 23 40 18
split_gain=236.055 118.81 73.7067 58.9873 51.0797 40.8101 85.2915 17.9525 18.9348 21.7368 20.9943 16.7434 16.5791 21.1864 16.3272 14.8307 13.7852 27.0145 12.7736 12.2413 10.918 10.5369 9.26874 10.1366 7.97436 6.44218 6.11416 5.13938 6.18431 2.99976 0.397114 0.318119 0.100721 0.0114415 0.0076698 0.00414961 0.00546987 0.00108264 0.000167108
threshold=6.3710865974426278 -1.3363500237464903 0.84138572216033947 0.9224643111228944 30.838413238525394 0.33507499098777777 1.0000000180025095e-35 1.0000000180025095e-35 0.62500000000000011 -0.58035701513290394 0.20852916687726977 21.540800094604496 12.306562900543215 1.0578125119209292 0.73945000767707836 69.540111541748061 0.24595000594854358 1.0000000180025095e-35 1.0000000180025095e-35 0.29895834624767309 1.0000000180025095e-35 10.83618211746216 0.37500000000000006 0.25426666438579565 0.27864582836627966 -30.803324699401852 5.8762376308441171 5.5893335342407235 1.0000000180025095e-35 10.946353912353517 0.11510748043656351 30.838413238525394 0.20852916687726977 0.37656250596046453 0.86253532767295849 0.13955000042915347 2.3207935094833378 0.036971207708120353 0.21979166567325595
decision_type=2 2 2 2 2 2 2 2 2 2 2 2 2 2 2 2 2 2 2 2 2 2 2 2 2 2 2 2 2 2 2 2 2 2 2 2 2 2 2
left_child=2 7 3 31 -5 6 -3 8 10 -10 -2 -12 13 25 -11 24 17 -14 19 27 33 -18 23 -21 -6 -7 -17 28 -4 -29 -8 -1 -20 -9 -35 -34 -37 -33 -39
right_child=1 5 18 4 15 12 30 20 9 14 11 -13 16 -15 -16 26 21 -19 32 22 -22 -23 -24 -25 -26 -27 -28 29 -30 -31 -32 37 35 34 -36 36 -38 38 -40
leaf_value=-0.14166484579692754 -0.066175327350447344 -0.16288878553177508 -0.037681837326621122 0.13376746569115547 -0.059322453301121909 -0.071423369647759583 0.10629972843948166 0.13053792046053878 -0.12586207833457869 -0.087171197089689914 0.052732398637247539 -0.032672606214146908 0.10119816818428833 -0.068030206106773697 0.020050068477341334 -0.13779309552099211 0.11084567922848095 -0.18596502261370501 0.14732800026460868 -0.17344821330399063 -0.039774645889443322 0.059439257832150837 0.038161819076059748 -0.0068674751968327164 0.030605026589233041 0.1018596197808479 -0.062684161364013433 0.12428649147984241 0.059408428911311068 -0.018629285531343787 0.13310744309133107 -0.12573149897397398 0.12741860891976825 0.12770918323678668 0.12183817156429069 0.12810144990543254 0.12080544250010002 -0.12503101098337832 -0.12455355982825643
leaf_weight=17.179440535604954 46.072236064821482 29.08268903568387 15.537380119552834 23.76475063432008 28.498411862179637 3.4228170886635771 14.633073223521931 7.8164232680574122 41.277631115168333 32.727640247903764 106.17442342103459 47.99844503775239 13.739947861526163 20.708149836398661 54.518487211083993 30.40672355517745 349.95906391739845 7.1838549524545661 3.2301685586571685 11.212518751621248 7.7950877691619089 68.685957994777709 11.61364776547998 9.9089041517581773 28.300313104875386 31.722544288029894 32.064808769151568 13.504811323946344 24.101758394856006 2.5075875222682944 17.441508444026113 12.582390828058122 2.9589616954326621 6.2790147867053729 6.5432603070512414 1.8474636236205677 7.4329074914567173 11.222579084336756 177.7398215290159
leaf_count=140 290 221 699 357 321 123 309 182 408 279 1877 264 2523 338 657 408 96339 62 29 53 242 8782 588 715 279 2949 402 1816 1173 404 353 318 54 137 654 51 1470 294 5055
internal_value=0.0083197 0.043755 -0.0612229 -0.0868045 -0.0268837 0.0784191 -0.0140647 -0.0102573 -0.0181688 -0.0541153 0.00490275 0.0261434 0.0898357 0.0282524 -0.0201706 -0.0588936 0.0976607 0.00260525 0.0278847 0.0102785 0.0812203 0.102412 -0.0479499 -0.0952985 -0.0145155 0.0849835 -0.0992419 0.0445293 0.0213519 0.101905 0.120877 -0.12599 0.12848 0.126919 0.124713 0.123506 0.122258 -0.124654 -0.124582
internal_weight=1379.4 913.782 465.615 361.759 143.035 556.58 61.1573 357.203 328.769 128.524 200.245 154.173 495.422 55.8535 87.2461 119.27 439.569 20.9238 103.856 88.3866 28.4338 418.645 32.7351 21.1214 56.7987 35.1454 62.4715 55.6515 39.6391 16.0124 32.0746 218.724 15.4695 20.6387 12.8223 12.2393 9.28037 201.545 188.962
internal_count=131615 116989 14626 7574 1767 111999 883 4990 3775 1344 2431 2141 111116 3410 936 1410 107706 2585 7052 5448 1215 105121 1356 768 600 3072 810 4092 1872 2220 662 5807 1604 973 791 1575 1521 5667 5349
is_linear=0
shrinkage=0.12


Tree=26
num_leaves=34
num_cat=0
split_feature=28 14 70 32 21 30 30 70 44 0 78 2 33 70 40 70 80 79 19 13 82 0 4 30 9 4 54 28 28 12 21 23 40
split_gain=199.752 90.2328 78.8456 43.4638 39.1787 35.234 23.5854 25.518 24.7838 17.1504 24.171 14.1108 13.5362 23.0543 12.72 11.9947 21.9871 10.8179 11.0307 9.98905 12.4973 5.92927 7.0345 5.08973 3.4635 2.77249 0.853947 0.846648 0.278565 0.0617355 0.0029761 0.00253332 0.00116467
threshold=3.6548196077346806 0.9662654995918275 1.0000000180025095e-35 0.22368661314249041 0.25426666438579565 0.25442707538604742 0.54479166865348827 1.0000000180025095e-35 0.98645833134651195 21.066800117492679 1.0000000180025095e-35 0.36102999746799475 0.24595000594854358 1.0000000180025095e-35 0.32963359355926519 1.0000000180025095e-35 1.0000000180025095e-35 1.0000000180025095e-35 27.764816284179691 -0.86349999904632557 0.37500000000000006 21.066800117492679 4.1643500328063974 0.38281250000000006 2.5000000000000004 3.6305999755859379 0.078738637268543257 2.6983066797256474 4.5244843959808358 0.55910000205039989 0.13955000042915347 2.6931526660919194 0.035443939268589027
decision_type=2 2 2 2 2 2 2 2 2 2 2 2 2 2 2 2 2 2 2 2 2 2 2 2 2 2 2 2 2 2 2 2 2
left_child=2 9 5 6 -5 -1 25 8 -8 10 11 -2 13 -6 -13 16 -11 18 21 -20 -21 22 -4 -7 -14 28 -9 32 -3 -19 -31 -32 -25
right_child=1 3 17 4 12 23 7 26 -10 15 -12 14 24 -15 -16 -17 -18 29 19 20 -22 -23 -24 27 -26 -27 -28 -29 -30 30 31 -33 -34
leaf_value=0.031471288408897125 -0.048907583863569824 0.15145300769117931 0.10345058167563963 -0.0097873547786823164 0.10153837429470863 -0.057918065089858764 -0.0072326086384495994 0.072222058757157093 -0.1567414864412964 0.042816351568735547 -0.091680175019359308 0.046419897947242245 0.10934609858648933 -0.17790833888810784 -0.059763296399366603 -0.10373207296407402 -0.065057218523165414 0.14313558641294169 -0.14528710005336787 -0.062170414558065698 0.10772676808965227 -0.056839170995563695 -0.0094194747166958925 -0.12541217661369619 0.056237234779664899 0.032355223431582592 0.13306471516977161 -0.15454009365353599 0.12244364965878438 0.12653075469418854 0.12624108716366508 0.12059362553206768 -0.12409797795344205
leaf_weight=24.157784976065159 32.223688816186041 7.7649904873687836 24.926393604837358 52.56922026257962 11.810763094108554 16.984865833073854 72.18517081392929 4.4537415651138899 20.500320570543408 45.762196956668049 28.95249770861119 178.65667958650738 324.79700629017316 6.6420162767171851 17.870708066737279 32.828761248849332 67.107438435778022 2.8692613877356044 9.6875596307218057 18.104503580369059 9.5092430741060507 6.5106581142172208 11.675763636827467 10.256276622414587 18.70061932457611 4.8250187665689728 13.070408577565102 14.189299058169125 12.344490594696252 2.5925402082502824 1.4436511776875702 5.5066141788847744 182.49790038913488
leaf_count=177 595 117 2914 556 2502 223 1252 426 285 554 244 4622 97919 62 336 298 541 31 134 977 774 120 67 278 5694 265 769 198 1501 53 66 1321 5744
internal_value=0.00791904 0.0361174 -0.0709131 0.0677491 0.0870164 -0.106214 0.00865136 -0.0151935 -0.0403012 -0.00698308 0.0116213 0.024696 0.101076 0.000952464 0.0367644 -0.0398896 -0.0213206 0.023431 0.00733662 -0.0404447 -0.00366355 0.0486772 0.067446 -0.121067 0.106455 0.114045 0.117602 -0.12625 0.133645 0.127702 0.123061 0.121767 -0.124168
internal_weight=1293.98 953.066 340.912 549.664 414.52 248.086 135.144 110.21 92.6855 403.402 257.704 228.751 361.95 18.4528 196.527 145.698 112.87 92.8262 80.4141 37.3013 27.6137 43.1128 36.6022 223.928 343.498 24.9345 17.5242 206.943 20.1095 12.4121 9.54281 6.95027 192.754
internal_count=131615 118538 13077 111348 106733 6620 4615 2732 1537 7190 5797 5553 106177 2564 4958 1393 1095 6457 4986 1885 1751 3101 2981 6443 103613 1883 1195 6220 1618 1471 1440 1387 6022
is_linear=0
shrinkage=0.12


Tree=27
num_leaves=34
num_cat=0
split_feature=32 70 14 32 21 27 70 44 18 42 70 12 15 82 40 33 70 79 18 5 60 8 9 49 85 27 32 12 32 27 21 14 40
split_gain=169.482 77.7702 71.0407 51.3858 36.8769 23.9931 20.7854 23.2694 16.8448 13.7276 17.7529 18.5371 18.1832 17.0799 12.1597 11.9503 19.7196 9.57331 9.26449 8.96634 7.65778 7.35114 3.56666 3.01633 2.1692 0.469704 0.189361 0.0370768 0.0149086 0.00260499 0.00196341 0.00168311 0.000523078
threshold=0.20436896383762362 1.0000000180025095e-35 0.9662654995918275 0.22368661314249041 0.25426666438579565 30.838413238525394 1.0000000180025095e-35 0.998958319425583 0.11562499776482583 -0.43101337552070612 1.0000000180025095e-35 0.37340000271797186 1.1508479714393618 1.0000000180025095e-35 0.23896007984876635 0.24595000594854358 1.0000000180025095e-35 1.0000000180025095e-35 0.30364583432674414 9.6265997886657733 2.0739583969116215 1.0000000180025095e-35 2.5000000000000004 -0.019187125377357003 1.1434285640716555 28.712509155273441 0.20634794980287555 0.55910000205039989 0.20834346115589145 43.542608261108406 0.13955000042915347 1.3150759935379031 0.036971207708120353
decision_type=2 2 2 2 2 2 2 2 2 2 2 2 2 2 2 2 2 2 2 2 2 2 2 2 2 2 2 2 2 2 2 2 2
left_child=1 8 9 5 -5 26 7 -7 -1 -2 11 -11 -12 -13 -14 16 -6 18 19 21 23 -3 -17 -20 -8 -10 -4 -19 -28 -27 -29 -32 -31
right_child=2 17 3 4 15 6 24 -9 25 10 12 13 14 -15 -16 22 -18 27 20 -21 -22 -23 -24 -25 -26 29 28 30 -30 32 31 -33 -34
leaf_value=0.031110458536443657 -0.083618958560063267 0.086433790524273427 0.15240102534897856 -0.0085628095066577915 0.099261678486758348 -0.0076180651836179952 0.1225804991956691 -0.14759914073055763 -0.14804108147571751 -0.0694724854127865 -0.14709125344377139 0.08230139437312485 0.0088277546031578034 0.0086717206827441138 -0.10471400005948391 0.10803025533636346 -0.17078484792235621 0.13965208035060148 -0.053574761418922902 -0.11998075528500422 -0.13549506032321648 -0.011675566692570891 0.052527978791013882 0.058001246022476326 0.014941244839097098 -0.12574851469994291 0.13216462931357534 0.12575462110173971 0.12311857383876199 -0.12450299525079139 0.125386167388116 0.12052528885623098 -0.12359191830562884
leaf_weight=10.471051122993229 30.536165957339108 29.410612460924312 6.2421437513548907 52.856845841743052 10.701058823382484 103.66261673811823 15.7259384309873 20.478757832199335 12.296808280050753 32.708683580160141 19.764818569645286 60.075141430366784 57.867177962092683 185.30274167773314 17.74802641524002 291.369347889442 6.1213106270879498 2.4395593274384728 7.0905543314293027 4.9546920508146277 10.190600760048254 17.56608329131268 17.684497887501493 6.8689055382274109 3.2538285793270907 8.9597203582525236 4.1079626872669888 2.3126953169703466 7.2599718577694148 9.6512243412435037 1.3257827700581399 4.5327082963194698 151.83408440835774
leaf_count=130 574 3218 56 556 2502 2202 1154 337 101 289 179 1162 1080 3650 303 97919 62 30 328 30 279 503 5694 354 591 279 79 53 922 304 76 1229 5390
internal_value=0.00746158 -0.0745399 0.0317895 0.0602854 0.0844125 0.00343448 -0.0128286 -0.0307098 -0.116909 -0.00626099 6.41194e-05 0.0153866 -0.0446096 0.0266983 -0.0178222 0.099493 0.00099736 0.0198902 0.00499811 0.0335541 -0.0564075 0.0497476 0.104854 0.00132744 0.104127 -0.125391 0.135608 0.12667 0.126387 -0.123757 0.122794 0.121625 -0.123646
internal_weight=1223.37 279.905 943.467 539.464 378.733 160.731 143.121 124.141 193.213 404.003 373.467 278.087 95.38 245.378 75.6152 325.876 16.8224 86.6922 76.0814 51.9314 24.1501 46.9767 309.054 13.9595 18.9798 182.742 17.6101 10.6107 11.3679 170.445 8.17119 5.85849 161.485
internal_count=131615 12304 119311 112074 106733 5341 4284 2539 6204 7237 6663 5101 1562 4812 1383 106177 2564 6100 4712 3751 961 3721 103613 682 1745 6074 1057 1388 1001 5973 1358 1305 5694
is_linear=0
shrinkage=0.12


Tree=28
num_leaves=38
num_cat=0
split_feature=28 70 69 28 27 18 68 14 80 40 81 79 22 74 32 27 79 33 70 13 22 18 33 52 80 52 21 53 28 27 22 22 21 6 40 18 80
split_gain=146.292 72.7918 58.1411 54.0653 31.4654 21.3604 17.8704 15.4341 24.5445 16.8397 17.2268 14.378 11.1995 12.6286 9.46769 9.14744 8.80679 8.61934 16.7953 10.1611 8.49816 9.13084 6.97509 6.86264 5.78788 5.60269 4.82411 1.06408 0.52718 0.18498 0.0255132 0.0215237 0.00126746 0.00121571 0.000362764 0.000174374 1.17739e-05
threshold=0.9224643111228944 1.0000000180025095e-35 7.5000000000000009 7.0740752220153817 30.838413238525394 0.28229166567325598 1.5000000000000002 -0.58035701513290394 0.37500000000000006 0.42199751734733587 10.000000000000002 1.0000000180025095e-35 0.20852916687726977 1.267620384693146 0.20634794980287555 54.96614074707032 1.0000000180025095e-35 0.24595000594854358 1.0000000180025095e-35 -0.18789999932050702 5.7166311740875253 0.28385417163372045 1.2445856928825381 2.388541698455811 1.0000000180025095e-35 1.9489583373069765 3.6518999338150029 -0.10226715728640555 37.61151313781739 30.838413238525394 0.20852916687726977 5.8151874542236337 0.13955000042915347 9.9005498886108416 0.036971207708120353 0.21770833432674411 1.0000000180025095e-35
decision_type=2 2 2 2 2 2 2 2 2 2 2 2 2 2 2 2 2 2 2 2 2 2 2 2 2 2 2 2 2 2 2 2 2 2 2 2 2
left_child=1 29 5 4 -4 7 -5 8 25 10 -9 12 -7 -14 27 -16 20 18 -8 -19 21 22 -3 28 -23 -2 31 -6 -13 -1 -18 -22 -32 -34 -31 -36 -37
right_child=2 16 3 6 14 11 17 9 -10 -11 -12 23 13 -15 15 -17 30 19 -20 -21 26 24 -24 -25 -26 -27 -28 -29 -30 34 32 -33 33 -35 35 36 -38
leaf_value=-0.13749594016455247 -0.0083542475976438046 -0.029286714021289621 0.1349784719316672 0.00029914803654432649 -0.12008092495039416 -0.12890722104082258 0.09658173915510862 0.061208921110958783 -0.093747887270895322 -0.17319460143057064 -0.10095679839479905 0.070146697149567602 -0.025748428899670207 -0.17402231434438623 0.063147303224043216 -0.032347870676018825 0.13755265447335294 0.040828502570510919 -0.16451694170975242 0.10146284072207641 0.13542249790437591 -0.13221173255644469 0.082817719323738256 -0.075031670101870646 -0.021896146509263234 0.057690658605176026 -0.098252797253393684 -0.066870250493558756 0.1259617722123017 -0.12396541876860429 0.12507464637590479 0.12063004083614083 0.12045448806941372 0.12480295825305188 -0.12372660404597763 -0.1231761497219879 -0.12310268825280891
leaf_weight=14.398715890944002 38.191252394579351 15.989579427521678 19.008802023017779 36.811963442945853 14.489330429118128 23.063068945892155 9.611891709500922 131.67455377662554 39.247629011981189 5.0599330274853846 10.16087734675966 3.349175029667097 106.21740125468932 8.970153058646245 17.730372087098658 77.938711692811921 2.1355642750859243 46.608195203822106 5.6230555456131688 272.39255215739831 1.6895909751765419 11.545056529808791 15.979248707648365 3.7320699717383823 16.836168797919527 35.866204122081399 1.6416510646231461 8.6381273216102255 8.9449421679601056 8.9236172940582019 2.0616425536572933 8.7615666755009425 3.7277530347928405 1.2316985158249734 7.7780298478901377 65.92345903813839 60.02129982970655
leaf_count=140 328 804 479 438 520 188 2464 8944 338 227 189 172 3615 365 427 1232 27 2948 62 95225 75 289 530 204 529 312 211 486 929 318 53 1975 1143 80 274 2628 2447
internal_value=0.00699159 -0.0767606 0.0286382 0.055815 -0.00836886 -0.00472669 0.0796526 0.0162498 -0.0170274 0.0419176 0.0495916 -0.0401052 -0.0525779 -0.0372952 -0.0313061 -0.0146497 0.0151817 0.0883924 0.000213018 0.0926037 0.00116593 -0.0172321 0.0267474 0.0674915 -0.0667709 0.0236315 0.0929825 -0.100207 0.110757 -0.124533 0.126067 0.123021 0.122574 0.121534 -0.123225 -0.123175 -0.123141
internal_weight=1161.97 238.645 923.33 508.853 137.805 414.477 371.048 260.2 113.305 146.895 141.835 154.277 138.251 115.188 118.797 95.6691 81.5995 334.236 15.2349 319.001 72.4429 60.3501 31.9688 16.0262 28.3812 74.0575 12.0928 23.1275 12.2941 157.045 9.15666 10.4512 7.02109 4.95945 142.646 133.723 125.945
internal_count=131615 11523 120092 104281 3144 15811 101137 10338 978 9360 9133 5473 4168 3980 2665 1659 5716 100699 2526 98173 4413 2152 1334 1305 818 640 2261 1006 1101 5807 1303 2050 1276 1223 5667 5349 5075
is_linear=0
shrinkage=0.12


Tree=29
num_leaves=34
num_cat=0
split_feature=28 70 14 32 21 30 70 44 0 78 33 3 45 15 33 70 79 74 22 80 4 15 45 19 16 4 30 22 21 7 19 66 22
split_gain=123.183 67.0354 49.3764 47.0853 33.6005 25.6528 21.1669 20.7241 12.3894 17.3142 11.9522 10.6501 10.958 10.6792 9.27333 14.5007 7.83759 7.82269 7.43948 7.65401 15.3572 9.56027 6.20954 5.15666 4.03812 2.38591 0.126496 0.0174936 0.000873455 0.000863155 9.95974e-05 8.60438e-06 9.60872e-06
threshold=0.9224643111228944 1.0000000180025095e-35 0.9662654995918275 0.22368661314249041 0.25426666438579565 0.31354166567325598 1.0000000180025095e-35 0.96328124403953563 21.066800117492679 1.0000000180025095e-35 1.3036999702453616 80.514999389648452 0.21011346578598025 1.1508479714393618 0.24595000594854358 1.0000000180025095e-35 1.0000000180025095e-35 0.038034869357943542 0.20852916687726977 1.0000000180025095e-35 4.1643500328063974 1.6102454662323 0.20302187651395801 27.226937294006351 1.0000000180025095e-35 3.2773499488830571 0.31354166567325598 0.20852916687726977 0.13955000042915347 11.58302688598633 21.412717819213871 1.5000000000000002 6.7010667324066171
decision_type=2 2 2 2 2 2 2 2 2 2 2 2 2 2 2 2 2 2 2 2 2 2 2 2 2 2 2 2 2 2 2 2 2
left_child=1 26 8 5 -5 10 7 -7 9 11 22 12 -2 -13 15 -6 18 -10 -3 20 -20 -21 -4 -19 -16 -8 -1 -18 -29 -30 -28 32 -32
right_child=2 16 3 4 14 6 25 -9 17 -11 -12 13 -14 -15 24 -17 27 23 19 21 -22 -23 -24 -25 -26 -27 30 28 29 -31 31 -33 -34
leaf_value=-0.13529484109594872 0.03224786258240956 -0.097397935171377167 -0.03646719789985009 -0.0085998038873766891 0.094273561453634802 -0.01188792077970618 0.11974727582434468 -0.13777524452972553 0.0052736450024972398 -0.076204887847531183 0.27369776766358589 -0.02189223055882443 -0.099556222224308294 0.047986682802020397 0.041497271426842008 -0.15902131716480766 0.13537093232190203 -0.031080788879412322 0.030738433460822705 -0.1164315752801252 -0.16386707722336549 0.076468233796521665 0.1255825064345899 -0.089080873385101123 0.10524380503569643 -0.0026976062036581168 -0.12329363556873771 0.12447807058156982 0.12040433017669649 0.12430663409168816 -0.12279045413024553 -0.12292553069084383 -0.12286667367730339
leaf_weight=12.965404704213141 17.174207033356652 9.5385876074433309 5.2034852097276625 52.739894830621779 8.8467083093710226 106.24014176172204 16.064749149139974 22.887963941786438 48.837386334314942 29.212228782474995 5.6926028497982761 39.840270241722465 19.279929705662653 150.30499039986171 15.221847763052208 5.1488163452595463 1.922711692750452 55.548473458737135 18.149310880340636 4.2036374770104876 8.6092644631862658 30.86285122204572 9.8520799241960031 36.629202992655337 238.78059605904855 2.6728546556551001 6.9212321564555159 1.8367378599941728 3.3224107888527215 1.0820545989554373 73.501898150891066 11.219108777120708 35.234928067773581
leaf_count=140 274 69 164 556 2502 2412 1862 458 400 246 162 328 395 4660 5694 62 27 597 1606 19 37 2682 781 402 97919 218 274 53 1146 77 3332 492 1569
internal_value=0.00652798 -0.0739801 0.0264575 0.0519651 0.078954 0.000626731 -0.0169064 -0.0342015 -0.00499759 0.0107451 0.12558 0.0219543 -0.0374609 0.0333453 0.0961839 0.00108886 0.013984 -0.033556 0.00124236 0.0164609 -0.0318737 0.0533441 0.0695751 -0.0541286 0.101424 0.102281 -0.124005 0.125363 0.12228 0.121363 -0.122851 -0.122825 -0.122815
internal_weight=1105.55 219.37 886.178 489.352 320.738 168.614 147.866 129.128 396.827 255.812 20.7482 226.599 36.4541 190.145 267.998 13.9955 79.5276 141.015 71.3637 61.8251 26.7586 35.0665 15.0556 92.1777 254.002 18.7376 139.843 8.16391 6.2412 4.40447 126.877 119.956 108.737
internal_count=131615 11523 120092 112790 106733 6057 4950 2870 7302 5903 1107 5657 669 4988 106177 2564 5716 1399 4413 4344 1643 2701 945 999 103613 2080 5807 1303 1276 1223 5667 5393 4901
is_linear=0
shrinkage=0.12


Tree=30
num_leaves=31
num_cat=0
split_feature=28 69 70 28 31 14 0 18 68 31 12 32 53 0 33 13 49 1 82 68 23 5 28 12 15 7 4 31 18 66
split_gain=106.206 75.0333 43.143 39.1331 29.7959 23.2964 23.1514 22.1955 13.0711 11.9863 11.9248 11.5304 11.5607 9.67977 8.58506 8.09444 12.0129 8.58433 7.96231 21.4363 17.3592 7.27707 6.40159 4.59288 3.21989 2.05628 0.113514 0.0897841 4.28582e-05 8.36754e-06
threshold=6.3710865974426278 7.5000000000000009 1.0000000180025095e-35 0.9224643111228944 72.99790191650392 -1.1373974680900572 9.7307996749877947 0.27239583432674414 1.5000000000000002 37.651550292968757 0.37340000271797186 0.2179861590266228 0.019515624269843105 11.827350139617922 1.1829857230186465 -0.31660000979900355 0.33993892371654516 447.20500183105474 0.37500000000000006 1.5000000000000002 3.185642004013062 9.6265997886657733 7.0740752220153817 6.1545500755310067 1.3921459913253786 1.4585675001144411 3.9429000616073613 30.838413238525394 0.21979166567325595 1.5000000000000002
decision_type=2 2 2 2 2 2 2 2 2 2 2 2 2 2 2 2 2 2 2 2 2 2 2 2 2 2 2 2 2 2
left_child=2 5 3 27 9 -2 -7 14 -3 -5 -9 12 22 -11 -8 16 -13 -17 19 -4 -20 24 -10 -6 -21 -22 -27 -1 -29 -30
right_child=1 8 18 4 23 6 7 10 11 13 -12 15 -14 -15 -16 17 -18 -19 20 21 25 -23 -24 -25 -26 26 -28 28 29 -31
leaf_value=-0.13349501578486933 -0.074023138904115923 0.0046113156102499621 -0.093932534517008878 0.083346565534460265 -0.15510646780905901 -0.19405476544191869 0.047911998186864597 -0.13474622980074427 0.0068417879711942754 0.032817941462875908 -0.011556981412947902 0.06940057364331377 -0.10732338327327372 -0.066589108720874965 -0.07029394220127487 0.10580413307685889 -0.10824799663188464 0.0097748966810063155 -0.042177724597102048 -0.024535723944592552 0.005777057802032845 -0.1098345185283027 0.12397770527230988 -0.074071012374178222 0.10017183682688484 0.12068516091337346 0.13748201208988933 -0.1228234429926614 -0.12248942540349983 -0.12260508118733274
leaf_weight=11.870073225349186 58.683188758790493 35.533576933899894 24.105374445673078 24.953950767870992 18.891977038234472 7.9500252413563421 166.32917658658698 12.430069690570233 16.395763162523512 28.41327859647572 126.17053215031046 35.952915465808474 8.1989646414294821 28.012160449288785 9.3447179016657156 206.0785743285669 6.4673536242917171 14.337465896736829 15.116513610351829 3.4688563048839631 2.0852749038022038 3.1944300830364218 11.382759650470687 21.571854179725051 21.215559825883247 10.32669440447353 13.198695491300894 6.2619423922151318 95.583470250479877 9.94518945366144
leaf_count=142 512 433 138 410 365 311 7756 119 437 321 6288 1875 131 301 319 93513 687 3354 313 17 394 25 1022 364 2985 3061 203 286 4846 488
internal_value=0.00573078 0.0319314 -0.049678 -0.0760156 -0.0277498 -0.00448251 0.00818215 0.013298 0.0734161 0.0140943 -0.0226049 0.0815981 0.0178846 -0.0165323 0.0416242 0.0903193 0.0423164 0.0995577 0.0200653 -0.011062 0.0597962 0.0605919 0.0548404 -0.111905 0.0826469 0.119986 0.130109 -0.123572 -0.122518 -0.1225
internal_weight=1053.47 715.255 338.215 245.504 121.843 380.908 322.225 314.274 334.347 81.3794 138.601 298.814 35.9775 56.4254 175.674 262.836 42.4203 220.416 92.7114 51.9842 40.7272 27.8788 27.7785 40.4638 24.6844 25.6107 23.5254 123.661 111.791 105.529
internal_count=131416 116757 14659 7523 1761 15305 14793 14482 101452 1032 6407 101019 1590 622 8075 99429 2562 96867 7136 3165 3971 3027 1459 729 3002 3658 3264 5762 5620 5334
is_linear=0
shrinkage=0.12


Tree=31
num_leaves=32
num_cat=0
split_feature=32 69 70 31 32 14 18 31 68 40 22 79 5 13 49 33 0 18 22 0 40 21 28 46 40 11 6 40 28 5 28
split_gain=90.9341 52.3526 48.9951 25.9601 25.4645 18.7284 18.7185 14.6514 14.4304 11.0499 11.4878 10.7972 15.0903 8.48646 9.19305 8.39814 7.80343 10.0721 9.33049 7.19733 7.06254 4.0884 3.26863 2.81253 2.68398 2.5574 2.64369 1.03244 0.64703 0.54883 0.00084508
threshold=0.20834346115589145 7.5000000000000009 1.0000000180025095e-35 37.651550292968757 0.2179861590266228 -1.1373974680900572 0.27057291567325598 73.663848876953139 1.5000000000000002 0.39955714344978338 1.0000000180025095e-35 1.0000000180025095e-35 9.6265997886657733 -0.31660000979900355 0.33993892371654516 0.24595000594854358 11.762149810791017 0.35937500000000006 5.5893335342407235 10.637149810791017 0.11134690046310426 1.4083166718482973 3.6548196077346806 0.072814505547285094 0.22274658828973773 0.34534999728202825 0.5631999969482423 0.15762528032064441 2.6983066797256474 4.9404499530792245 0.9224643111228944
decision_type=2 2 2 2 2 2 2 2 2 2 2 2 2 2 2 2 2 2 2 2 2 2 2 2 2 2 2 2 2 2 2
left_child=2 5 3 -1 7 -2 9 20 -6 10 -7 12 -8 14 -10 -15 25 18 21 -9 23 -18 28 -3 -13 -4 -27 -20 30 -28 -5
right_child=1 4 16 22 8 6 11 19 13 -11 -12 24 -14 15 -16 -17 17 -19 27 -21 -22 -23 -24 -25 -26 26 29 -29 -30 -31 -32
leaf_value=-0.0020886162135805709 -0.067345176495123088 0.069868010053947882 -0.0012232927124428599 -0.12222679951763749 0.0042036630006186742 -0.10825683954803618 -0.02375426614541858 -0.079032163132111727 0.063057657628285635 -0.11812872532548119 0.046132987267551939 0.10444711307935577 -0.18798117568730494 0.0018429928788563808 -0.087833934024569904 0.10367145227728766 -0.024192926144948612 -0.097664711855750555 0.10587663388533687 0.0085169712779740569 0.0028449682044150429 0.055595607456292051 -0.056200951273175551 0.15819721995798869 -0.022138231928954279 -0.052187600090105514 0.10777437261662881 0.1964433988495817 -0.15168024425586552 0.16236964199168225 -0.12332505841828299
leaf_weight=34.087087600491941 58.387071060948074 12.511239430401476 4.0446160808205631 97.343495977111161 34.625370753230527 7.2539807232096782 133.99762247293256 27.70835218555294 34.891718857339583 6.6626389510929576 160.36210868717171 10.965173797681926 8.5724266059696657 12.43724064179696 6.9768190479371688 187.33089252316859 30.494810192030855 12.900817287154494 4.0681052258005357 26.409450584324077 16.97355153830722 13.272780786035581 10.747148785740135 8.872093857615253 3.0921684703789643 1.3861996771302063 10.554704782902261 3.2690979418111965 12.021955950185655 3.5410517207346848 11.255643504671751
leaf_count=434 515 569 33 5502 417 71 5179 549 1875 209 7701 1449 86 2494 687 94373 1060 366 550 471 521 1155 118 621 244 210 2758 152 196 384 467
internal_value=0.00533974 0.0260065 -0.0575791 -0.095402 0.0584096 -0.00468565 0.00637038 0.00390423 0.0766545 0.0334271 0.0394514 -0.0237356 -0.0336289 0.0870364 0.0379136 0.0973318 0.0173382 -0.00291998 0.0209972 -0.0363082 0.0606401 3.4185e-06 -0.119615 0.106516 0.0766024 0.0837421 0.105939 0.146229 -0.125265 0.121489 -0.122341
internal_weight=1007.02 758.03 248.988 165.455 368.737 389.293 330.906 92.4747 276.262 174.279 167.616 156.627 142.57 241.637 41.8685 199.768 83.5322 64.0056 51.1048 54.1178 38.3569 43.7676 131.368 21.3833 14.0573 19.5266 15.482 7.3372 120.621 14.0958 108.599
internal_count=131416 118031 13385 6717 102577 15454 14939 2731 99846 7981 7772 6958 5265 99429 2562 96867 6668 3283 2917 1020 1711 2215 6283 1190 1693 3385 3352 702 6165 3142 5969
is_linear=0
shrinkage=0.12


Tree=32
num_leaves=35
num_cat=0
split_feature=32 23 85 31 32 9 66 33 86 61 80 28 23 22 45 18 56 82 79 0 18 22 22 40 9 28 57 14 4 33 28 22 6 4
split_gain=75.1779 44.3926 43.0832 24.4969 23.8444 17.7922 36.1369 12.5234 13.96 12.0478 11.6206 12.5545 15.4891 10.2175 9.84296 9.41987 7.25848 7.77194 6.93565 6.48754 8.17833 8.22405 6.2706 5.75754 5.5549 3.6542 2.48475 2.20596 1.57454 0.867716 0.399004 0.0244918 0.000416906 0.000559231
threshold=0.20834346115589145 1.5313089489936831 1.044585704803467 37.651550292968757 0.29316072165966039 2.5000000000000004 1.0000000180025095e-35 1.1498000025749209 1.0000000180025095e-35 -5.5222301483154288 0.62500000000000011 117.29695892333986 0.58280083537101757 1.0000000180025095e-35 0.23756290227174762 0.49062500894069677 4.6265625953674325 1.0000000180025095e-35 1.0000000180025095e-35 11.762149810791017 0.39062500000000006 5.5893335342407235 1.1246500015258791 1.0000000180025095e-35 1.0000000180025095e-35 3.6548196077346806 -24.394474983215328 0.48789049685001379 4.0518000125885019 1.0336999893188479 2.6983066797256474 0.20852916687726977 9.963449954986574 3.9429000616073613
decision_type=2 2 2 2 2 2 2 2 2 2 2 2 2 2 2 2 2 2 2 2 2 2 2 2 2 2 2 2 2 2 2 2 2 2
left_child=2 10 3 -1 7 13 23 8 9 -3 11 14 -13 -6 -2 -15 22 -18 19 26 21 -21 -9 -7 -14 29 -4 -10 -28 -5 -31 -20 33 -33
right_child=1 4 18 25 5 6 -8 16 27 -11 -12 12 24 15 -16 -17 17 -19 31 20 -22 -23 -24 -25 -26 -27 28 -29 -30 30 -32 32 -34 -35
leaf_value=-0.0018388660067200271 0.014570776692948758 -0.11808087973769517 -0.055850457984650596 -0.076351416107051803 -0.081990604558991903 0.11248533872460253 -0.39959679858020747 -0.021830652877966556 -0.009871661848753089 -0.0089634693890524014 -0.05848981603495166 -0.045064519676501533 0.025124477807339351 0.078144390949586154 -0.072404716027292884 -0.11345722799443583 -0.16096110781482162 0.044611945086100883 0.13693532753416307 -0.01294707607382398 -0.11137204621165259 0.13012559857307246 0.093385412041237764 -0.042784443973993953 0.092887153823097174 -0.049824102559901821 0.117931008152569 0.126485876375978 0.031093217892590789 -0.12366084222939601 -0.14832715865011059 0.12030564183523136 0.12383322586925789 0.12323901316070472
leaf_weight=34.071764466352761 31.500457188114524 17.470103787956759 1.8891536260489363 5.2929308081511399 6.0500957854092112 6.8035939305555093 3.4649024568498126 8.1485658377641794 2.0262370482087126 87.79704917082563 70.93005635868758 29.906915575265884 35.724934109486639 279.49441561510321 46.241762479301542 3.7444552266970268 4.2288687890395504 7.0852982518263161 2.1810335814952841 40.108149166218936 10.097419460071249 6.7606084195431313 41.166363896569237 6.9538460290059447 33.999322803225368 10.565721392398698 9.6133539674337936 10.893093208433127 4.375199243426322 93.01050495414529 10.510608020471407 2.7707379081984982 1.2006078145932404 1.4132280999328939
leaf_count=434 309 1544 185 523 53 2633 444 273 33 7243 592 226 384 92401 491 568 214 623 26 1604 212 550 5560 2195 415 133 2296 1830 36 5779 183 1258 94 72
internal_value=0.00494493 0.0238311 -0.0543016 -0.0915857 0.0449451 0.0652611 -0.0532318 0.0101212 -0.0126244 -0.0270726 -0.0174379 -0.00102161 0.0271795 0.0723154 -0.037163 0.0756114 0.0544599 -0.0322246 0.0168506 0.00549279 -0.0134137 0.00769052 0.0743477 0.0340026 0.0581673 -0.1172 0.0733255 0.1051 0.0907708 -0.123742 -0.126165 0.126207 0.121862 0.121296
internal_weight=967.491 733.63 233.861 153.452 485.327 306.511 17.2223 178.816 118.186 105.267 248.303 177.373 99.6312 289.289 77.7422 283.239 60.6291 11.3142 80.4095 72.8439 56.9662 46.8688 49.3149 13.7574 69.7243 119.38 15.8777 12.9193 13.9886 108.814 103.521 7.56561 5.38457 4.18397
internal_count=131416 118031 13385 7052 115614 98294 5272 17320 10650 8787 2417 1825 1025 93022 800 92969 6670 837 6333 4883 2366 2154 5833 4828 799 6618 2517 1863 2332 6485 5962 1450 1424 1330
is_linear=0
shrinkage=0.12


Tree=33
num_leaves=38
num_cat=0
split_feature=32 70 69 32 30 1 21 18 28 7 28 80 79 12 21 13 1 9 1 14 4 79 52 0 18 12 18 32 57 0 4 30 44 30 12 13 21
split_gain=63.159 43.5935 35.4111 25.3088 19.6058 15.8937 13.8445 13.6318 13.5341 12.0611 10.1806 12.0697 10.0145 12.2137 9.22624 9.21149 9.108 9.00634 8.65689 8.07885 7.64719 6.2691 5.86819 5.86201 5.94586 5.83603 4.99094 4.88495 2.20495 1.64574 1.59682 0.454325 0.349245 0.019174 0.0124775 0.000290971 0.000430086
threshold=0.20634794980287555 1.0000000180025095e-35 7.5000000000000009 0.2179861590266228 0.18437500298023227 155.01999664306643 0.25426666438579565 0.27239583432674414 4.5244843959808358 13.233663082122805 79.82965469360353 0.37500000000000006 1.0000000180025095e-35 0.37340000271797186 0.13955000042915347 -0.31660000979900355 447.20500183105474 1.5000000000000002 176.36499786376956 -0.82713100314140309 1.103999972343445 1.0000000180025095e-35 2.4489583969116215 11.762149810791017 0.35937500000000006 5.8053500652313241 0.38437499105930334 0.20436896383762362 -25.287499427795407 19.13024997711182 4.0518000125885019 0.2598958313465119 0.31354166567325598 0.3510416597127915 0.55910000205039989 -0.9372500181198119 0.13955000042915347
decision_type=2 2 2 2 2 2 2 2 2 2 2 2 2 2 2 2 2 2 2 2 2 2 2 2 2 2 2 2 2 2 2 2 2 2 2 2 2
left_child=1 4 7 5 -1 26 -5 9 -7 14 -11 -12 13 -9 -2 20 -17 -16 -10 -15 -8 23 29 28 25 -25 32 31 -3 -14 -30 -6 -4 -33 -23 -36 -37
right_child=2 21 3 6 27 8 15 12 18 10 11 -13 22 19 17 16 -18 -19 -20 -21 -22 34 -24 24 -26 -27 -28 -29 30 -31 -32 33 -34 -35 35 36 -38
leaf_value=0.076553055848143078 -0.11585211590523985 -0.050756818767921617 0.12653471885314752 -0.00033889416656776074 -0.15451331984929859 -0.12035894663966719 -0.089533920736186684 -0.15496799397214314 0.070823221119685684 -0.057242923057399031 0.049507322551280764 -0.034706140931503267 0.036397063421874376 -0.083696093159025459 0.085496735747721708 0.10173899639576302 -0.00083570305993102502 -0.024688328337899898 -0.023307965568387143 -0.014193488941533753 0.052641702475161166 0.13320320619588449 -0.068557740961751545 -0.013576445598000217 -0.087111580884243825 0.10085807654050623 0.011630580521099696 -0.050829815711236605 0.1164956070211929 0.12765961951083102 0.027627594470336195 -0.12968959250928966 0.16691592111130737 -0.12180068513175028 0.12341004584040545 0.12308370603648797 0.12030101917444104
leaf_weight=8.3095523640513402 4.3158439360558978 1.9063752517104138 7.068754289881328 34.882008441723883 6.7444580681622019 16.164619756978936 6.5088966093026093 12.241864714305846 18.938347750925459 39.124460929539055 59.531501779332757 41.655602318234742 4.2669136556796756 31.110079806298018 57.163782983785495 155.87100153649226 13.548903314629568 13.137313401093705 54.715667903074063 106.61898097884841 33.414180273073725 1.850431635044514 4.0439243300352237 36.82706383196637 12.55785308498889 7.7718268343014634 6.0746568961767471 14.990634941495953 8.863694661529733 8.5406225972110388 4.3358046784996978 4.6818358534947029 5.4712936023715883 84.669285438023508 1.027234607026912 1.141825878992677 2.670230966527015
leaf_count=68 42 178 685 396 65 485 612 133 653 374 654 332 898 236 6539 93537 3354 745 1033 4793 1947 29 212 1590 265 544 169 270 2329 566 36 102 157 5932 90 47 1319
internal_value=0.00459038 -0.0554951 0.0208182 0.0482336 -0.101242 -1.15471e-05 0.0696539 -0.00450794 -0.0209265 0.0154699 -0.00526014 0.0148392 -0.0302467 -0.0401023 0.0544512 0.0813165 0.0935359 0.0649062 0.000895591 -0.0298927 0.029462 0.0136864 0.0574641 0.00339794 -0.0141727 0.00636498 0.100906 -0.114542 0.0698806 0.0972549 0.087304 -0.124481 0.144153 -0.122214 0.124822 0.121618 0.121135
internal_weight=932.757 198.348 734.409 352.658 119.396 108.433 244.225 381.751 89.8186 214.929 140.312 101.187 166.822 149.971 74.6169 209.343 169.42 70.3011 73.654 137.729 39.9231 78.9523 16.8515 72.2626 57.1567 44.5989 18.6147 111.086 15.1059 12.8075 13.1995 96.0956 12.54 89.3511 6.68972 4.83929 3.81206
internal_count=131416 12864 118552 103028 6437 3182 99846 15524 2171 8686 1360 986 6838 5162 7326 99450 96891 7284 1686 5029 2559 6427 1676 4942 2399 2134 1011 6369 2543 1464 2365 6099 842 6034 1485 1456 1366
is_linear=0
shrinkage=0.12


Tree=34
num_leaves=35
num_cat=0
split_feature=35 85 23 32 19 9 69 86 40 19 14 56 44 80 11 82 15 82 11 68 19 40 45 65 33 0 23 35 65 53 5 1 21 27
split_gain=53.3506 46.9836 25.4759 28.9647 19.2486 14.0386 25.5961 13.2848 15.4259 11.1567 12.4322 11.7299 12.328 11.5472 11.0989 20.5534 7.93304 6.69295 15.9129 15.8327 12.9995 4.95808 4.87239 4.02459 3.80912 2.38474 1.36858 0.871606 0.909439 0.526458 0.681176 0.350503 0.0722038 0.0582159
threshold=0.9224643111228944 1.0694857239723208 1.6884643435478213 0.30094750225543981 14.445900917053224 2.5000000000000004 9.5000000000000018 1.0000000180025095e-35 0.050024174153804786 34.731634140014656 -1.1373974680900572 0.31406250596046453 0.18437500298023227 0.62500000000000011 0.802350014448166 1.0000000180025095e-35 2.5753289461135869 0.37500000000000006 0.34534999728202825 14.500000000000002 35.346353530883796 1.0000000180025095e-35 0.090562336146831526 9.6072916984558123 1.3208428621292116 13.739500045776369 2.2090684175491337 -8.2097907066345197 6.4145832061767587 -0.019365021027624604 8.109349727630617 196.34500122070315 0.13955000042915347 30.838413238525394
decision_type=2 2 2 2 2 2 2 2 2 2 2 2 2 2 2 2 2 2 2 2 2 2 2 2 2 2 2 2 2 2 2 2 2 2
left_child=1 29 9 4 24 14 -7 8 -6 10 -2 12 -12 -13 15 -5 -16 18 -3 27 23 -8 -21 -20 25 -4 -9 32 -29 30 31 33 -19 -1
right_child=2 17 3 5 7 6 21 26 -10 -11 11 13 -14 -15 16 -17 -18 19 20 22 -22 -23 -24 -25 -26 -27 -28 28 -30 -31 -32 -33 -34 -35
leaf_value=-0.13146924527596085 -0.05184996915503582 -0.14953262444565563 0.037075096759461072 -0.099844683118549174 0.037270698673207668 -0.35090857004615772 0.10965769431714334 0.00027680992383994106 -0.035557972683756343 -0.081382825614557272 0.034306230458927285 0.069686149815001833 -0.059362490545968226 -0.013497259936886219 0.036973944482175551 0.096195040950990268 0.093957565509356133 0.13965232128283867 0.038583533457791488 -0.14154018956104142 -0.10083095518070091 -0.038756269418378168 0.014323402838294268 0.15095049235131755 0.26373050615682336 0.16988249136016748 0.11874242870141752 -0.020274030130932208 0.12648838639371185 -0.080161522897106152 -0.16275305637771448 -0.087332191835106307 0.1215053662420566 -0.12155004911932543
leaf_weight=9.9939180240035039 57.557213506661355 10.33304290473461 3.5063279876485449 14.592270076274874 60.509864113293588 3.1685938469599941 5.9863434622529894 1.5753825814463187 136.02745544584468 29.341424672864377 34.026341599412262 65.162874329835176 49.913883537519723 38.069905741140246 45.627173291053623 16.307804456213489 153.65527014806867 11.356632236391308 16.859296168666337 5.1837110685883072 8.9902439455036056 7.0688240097369999 6.5217060939176008 6.3070210729492819 3.3395593729801476 4.3778816524427384 12.928101712022906 1.1467894162051409 1.2941197452601043 4.1182998856529585 6.0801344092469654 4.210843338398262 4.3730629592901087 57.780254598706961
leaf_count=140 524 46 788 232 8168 142 2766 46 8294 301 355 864 562 291 1750 761 88430 138 1315 396 253 2315 322 802 92 410 2750 268 363 382 468 490 1537 4655
internal_value=0.00425495 -0.0598911 0.0176024 0.0345975 0.0031872 0.0629305 -0.0449587 -0.0049567 -0.0131355 -0.0114598 -0.00307656 0.0119217 -0.0213926 0.03901 0.0705347 0.00361712 0.0809107 0.0106183 -0.0199833 0.0541398 0.0216455 0.0292978 -0.0547004 0.0691754 0.156317 0.110819 0.105875 0.124254 0.0575364 -0.121977 -0.124183 -0.120926 0.134607 -0.123013
internal_weight=897.292 154.549 742.742 468.671 222.265 246.406 16.2238 211.041 196.537 274.072 244.73 187.173 83.9402 103.233 230.183 30.9001 199.282 72.3656 42.4896 29.876 32.1566 13.0552 11.7054 23.1663 11.2238 7.88421 14.5035 18.1706 2.44091 82.1835 78.0652 71.985 15.7297 67.7742
internal_count=131416 11575 119841 116944 20548 96396 5223 19258 16462 2897 2596 2072 917 1155 91173 993 90180 5440 2416 3024 2370 5081 718 2117 1290 1198 2796 2306 631 6135 5753 5285 1675 4795
is_linear=0
shrinkage=0.12


Tree=35
num_leaves=27
num_cat=0
split_feature=32 85 5 40 12 28 9 85 44 45 27 27 0 33 27 65 18 27 14 82 14 54 54 33 40 61
split_gain=50.9107 40.0734 27.2544 18.8111 17.4808 18.3555 16.9779 12.8891 10.6485 16.3896 9.56321 9.49297 8.99847 8.55369 6.19858 5.55228 5.53821 5.07803 5.31967 5.03895 4.64553 3.10391 1.39395 1.06597 0.476675 0.109141
threshold=0.20436896383762362 1.044585704803467 3.8321999311447148 0.53500452637672435 0.37340000271797186 34.415887832641609 2.5000000000000004 0.32430000603199011 0.51770833134651195 0.21011346578598025 13.21646308898926 107.7295379638672 6.3612999916076669 0.24595000594854358 122.53402328491212 0.80937498807907116 0.35937500000000006 59.883895874023445 0.9662654995918275 0.37500000000000006 5.784907579421998 0.14025777578353885 0.11169065907597543 1.0336999893188479 0.038196025416255004 -29.177433013916012
decision_type=2 2 2 2 2 2 2 2 2 2 2 2 2 2 2 2 2 2 2 2 2 2 2 2 2 2
left_child=1 10 8 4 -4 12 -7 -5 11 -10 -1 15 -6 -11 -15 -2 17 22 -19 -20 -17 -18 -3 -12 -25 -26
right_child=2 16 3 7 5 6 -8 -9 9 13 23 -13 -14 14 -16 20 21 18 19 -21 -22 -23 -24 24 25 -27
leaf_value=0.062586341058414624 -0.013488027382197138 0.1866821773085281 -0.066544066244580938 -0.022357532989936531 0.086064224116061322 0.0322750011948277 -0.11081028582149759 -0.31939948984263716 -0.082147608201387501 -0.084884442500283819 -0.061799001444902683 0.53438006926810633 -0.035006280062027821 0.078436707602865988 -0.04858100746231734 0.3321454876640868 0.0031329014935728133 -0.04389293124518967 0.00078416540211796845 0.10060451583133584 0.099420377863701268 -0.10221009746747353 0.078269301504863789 -0.15581041035161045 -0.1427026612025008 -0.12199780092792187
leaf_weight=4.2051695287227622 6.3722433068323872 2.9881023820489636 41.580262805335224 4.15952115296386 9.5808774267788959 364.81134372076485 12.345546678639947 4.2557360207429156 14.471013652975669 5.6882022307254365 3.8877304913476101 0.70936223352327843 114.32404220278841 66.759706546436064 6.032487350399605 1.2612495141802345 7.8267846909584504 14.90176733501721 16.825692580780018 12.839010156574657 59.629312578414101 8.297910816036163 3.9860652112984098 7.1071658888831726 3.8855886729434124 64.909742944873869
leaf_count=32 596 386 411 374 464 47013 2463 367 485 328 465 8 6408 30655 1231 343 361 252 1871 2391 27918 265 391 398 256 5310
internal_value=0.00470212 -0.0584251 0.018149 0.00546148 0.00822248 0.0144269 0.0275914 -0.172577 0.0615954 0.0351985 -0.113789 0.097693 -0.0256446 0.0568359 0.0679104 0.0930877 0.0103003 0.0295027 0.0146023 0.0439868 0.104241 -0.0510775 0.124719 -0.123085 -0.126224 -0.123167
internal_weight=863.642 151.661 711.981 551.057 542.642 501.062 377.157 8.41526 160.924 92.9514 83.9954 67.9722 123.905 78.4804 72.7922 67.2628 67.6653 51.5406 44.5665 29.6647 60.8906 16.1247 6.97417 79.7902 75.9025 68.7953
internal_count=131442 12378 119064 57500 56759 56348 49476 741 61564 32699 6461 28865 6872 32214 31886 28857 5917 5291 4514 4262 28261 626 777 6429 5964 5566
is_linear=0
shrinkage=0.12


Tree=36
num_leaves=34
num_cat=0
split_feature=32 70 69 16 35 79 26 21 30 30 0 40 32 40 40 85 79 45 14 40 7 29 35 35 11 46 5 45 32 22 15 21 35
split_gain=42.3821 32.0292 25.6871 36.5874 15.3288 14.1855 19.6408 16.6919 14.0922 13.9658 7.5651 7.35123 6.95118 5.87073 5.77942 5.62192 5.44017 6.06296 6.80378 6.60399 4.92765 4.20203 4.03539 3.50716 3.40556 3.3808 1.92179 0.476884 0.0143655 0.00939275 0.000309366 0.000201994 0.000127474
threshold=0.20634794980287555 1.0000000180025095e-35 19.500000000000004 1.0000000180025095e-35 7.0740752220153817 1.0000000180025095e-35 1.0000000180025095e-35 1.0000000180025095e-35 0.5338541865348817 0.33854167163372045 18.798600196838382 0.14441258460283282 0.20990552008152011 0.48753240704536444 0.056715069338679321 0.71187141537666332 1.0000000180025095e-35 0.033073225989937789 0.60028550028800975 0.038196025416255004 14.161862373352053 4.5000000000000009 -41.164953231811516 7.0740752220153817 0.802350014448166 0.082103058695793166 7.2577998638153085 0.20542784035205844 0.20436896383762362 0.20852916687726977 2.9399764537811284 0.13955000042915347 0.9224643111228944
decision_type=2 2 2 2 2 2 2 2 2 2 2 2 2 2 2 2 2 2 2 2 2 2 2 2 2 2 2 2 2 2 2 2 2
left_child=1 9 3 -2 8 6 7 -5 -4 -1 13 23 -10 21 26 -15 17 18 -3 -19 -13 -6 -21 -7 -20 -16 -12 28 32 -18 -31 -32 -11
right_child=2 16 4 5 10 11 -8 -9 12 27 14 20 -14 15 25 -17 29 19 24 22 -22 -23 -24 -25 -26 -27 -28 -29 -30 30 31 -33 -34
leaf_value=-0.012899850872479643 -0.25817270536436121 -0.21300576796246593 0.10998926637293412 -0.15430004583967249 0.089433899864009597 -0.00063763547954721737 -0.14349705919079728 0.0066326199879891724 -0.078754857999133052 -0.12121918579489613 0.12703298144986278 0.034223357488214375 0.0087160757028300409 0.015162455968456763 -0.18317285923560678 -0.3404615245576284 0.13264733138944759 -0.11169700407108879 -0.10545550673817836 0.07825493632610224 -0.11495332228799048 -0.016874040915967545 0.005020904915519606 0.10811877337782691 0.082134632879293387 0.010966803930427061 -0.0086348919817016909 -0.15981831556974468 -0.12901167570081523 0.12348395807702944 0.12227949349383843 0.12024345107229721 -0.12184786224379868
leaf_weight=21.043949751183391 7.7071764619322485 3.7896642950363439 15.064552917727267 9.5158767104148847 127.36475079442607 4.9313011682825154 13.712329971138386 375.47507559187943 19.466382826445624 55.43929118802771 3.0824305660789815 13.894454856286758 39.893208071356639 2.5164939740207042 3.4015677780844271 0.85850545414723445 1.4709348157048214 5.2906116250669575 2.5980333036277443 16.26289321645163 4.1382884979248038 5.5891029360936946 32.461954401049297 31.830423653882463 3.0059690814232454 2.0824354426586069 2.9353225893573835 5.1058301851153365 3.6622068714350453 0.84948887035716314 1.0410970468074086 2.1520958620822057 5.0690584024414411
leaf_count=243 352 65 574 65 68110 110 180 31976 470 5648 1448 2214 575 831 385 343 24 224 50 1190 32 1910 2656 8083 768 852 41 77 144 62 58 1330 352
internal_value=0.00424965 -0.0515025 0.0172396 0.00109008 0.0507519 0.00549624 -0.00237168 0.00265482 0.00633637 -0.0985149 0.0731125 0.0627459 -0.0199691 0.0809974 -0.0203459 -0.0752983 0.0101053 0.00016388 -0.0888155 0.015638 -1.08201e-05 0.0849649 0.0294642 0.0935299 -0.00483275 -0.109452 0.0608573 -0.124522 -0.121714 0.124436 0.121449 0.120907 -0.121272
internal_weight=842.703 159.243 683.46 461.205 222.255 453.498 398.703 384.991 74.4241 90.3203 147.831 54.7945 59.3596 136.329 11.5018 3.375 68.9227 63.4091 9.39367 54.0155 18.0327 132.954 48.7248 36.7617 5.604 5.484 6.01775 69.2764 64.1706 5.51362 4.04268 3.19319 60.5083
internal_count=131442 12891 118551 43012 75539 42660 32221 32041 1619 6464 73920 10439 1045 71194 2726 1174 6427 4953 883 4070 2246 70020 3846 8193 818 1237 1489 6221 6144 1474 1450 1388 6000
is_linear=0
shrinkage=0.12


Tree=37
num_leaves=37
num_cat=0
split_feature=32 70 5 40 70 1 27 23 78 32 27 32 82 21 68 74 33 12 79 23 15 27 40 40 46 7 12 32 65 48 27 27 22 15 21 32
split_gain=35.6913 33.3834 20.843 14.8554 13.1689 12.114 11.6698 11.3721 11.72 9.81812 9.48636 13.6256 9.09295 14.1003 9.76916 8.38782 6.83931 5.39671 4.83793 4.61578 4.60659 9.71537 4.47152 4.19197 4.13791 5.04077 2.86516 2.18823 2.00203 1.34662 0.226412 0.0115158 0.00635252 0.000212575 0.000138529 6.85825e-05
threshold=0.20436896383762362 1.0000000180025095e-35 3.8321999311447148 0.33606606721878057 1.0000000180025095e-35 191.7600021362305 11.372304916381838 0.58280083537101757 1.0000000180025095e-35 0.27934195101261144 50.919240951538093 0.20990552008152011 1.0000000180025095e-35 0.60940000414848339 1.5000000000000002 0.22703996300697329 0.24595000594854358 6.4414498805999765 1.0000000180025095e-35 1.5313089489936831 14.732401371002199 35.75616645812989 0.038196025416255004 0.4564445167779923 0.29870560765266424 11.993481159210207 0.98110002279281627 0.20634794980287555 11.865104198455812 1.338541626930237 23.794755935668949 33.297288894653327 0.20852916687726977 2.9399764537811284 0.13955000042915347 0.20076638460159305
decision_type=2 2 2 2 2 2 2 2 2 2 2 2 2 2 2 2 2 2 2 2 2 2 2 2 2 2 2 2 2 2 2 2 2 2 2 2
left_child=1 6 10 5 9 12 -1 -7 -9 -5 20 -12 14 -14 -4 23 -13 -18 22 -17 27 -22 -3 -6 25 -24 -11 -2 -29 -23 -8 -32 -20 -34 -35 -33
right_child=2 18 3 4 15 7 30 8 -10 26 11 16 13 -15 -16 19 17 -19 32 -21 21 29 24 -25 -26 -27 -28 28 -30 -31 31 35 33 34 -36 -37
leaf_value=0.10368643668391114 0.043313711670315898 -0.099962244663446151 -0.18757426157315787 -0.16957374628254573 -0.1443744211947291 -0.03384575833210083 -0.14531546257886718 0.033222465942438544 -0.05061110861269319 -0.020775264520164403 -0.079258029293578711 -0.077651525838772731 0.11167907896485181 -0.025928916489023696 -0.039477621074994397 -0.1548782059107261 0.16829710427837424 0.051220119014310408 0.13110652415064805 0.028091419220694303 -0.27564421635479103 0.13885322122515084 0.02241269383886664 -0.30943152067544588 0.11268880309498777 -0.061329493195053347 0.097582428295767659 0.12246115775516786 -0.11864210076613368 -0.047113484299592334 -0.12805778791082298 -0.12107992265027764 0.12314860709253922 0.12201729631837716 0.12020942623283075 -0.12151989095646086
leaf_weight=3.4160855859518042 6.3132698441040693 6.0086582596413782 8.7112946754787099 3.6681541107827824 4.3479029710870254 50.954661388881505 6.4310532547533503 318.21546400850639 25.97339042276144 4.6931139186490309 13.389988938230088 5.5164182169828555 12.810559351346454 65.790863778616767 24.321844818652608 3.7809904720634213 6.1708621084690085 69.788535794010386 1.3189877439290274 4.1807104125618935 1.4383007864817035 2.570370305096731 36.577908881998155 4.518189748399891 5.0403105238219714 14.435692145023493 7.9079487562412396 39.014374305435922 0.5023240348091339 0.71714680455625046 3.6888383254408827 48.018039973918349 0.71613483270630274 0.92523277737200293 1.7933097172062842 5.7084353603422633
leaf_count=22 83 296 58 185 374 474 79 45684 2344 52 517 328 550 4224 1497 42 2384 29832 24 645 477 963 3826 287 438 217 1084 26135 414 431 83 5512 58 58 1277 488
internal_value=0.00389847 -0.0527229 0.0149765 0.00411497 -0.0737769 0.00920198 -0.112402 0.0190634 0.0268962 0.00320566 0.0552996 0.0329254 -0.0257035 -0.00350139 -0.0785327 -0.148204 0.051362 0.0607313 0.00735464 -0.0588004 0.0972838 -0.0155195 -0.0015819 -0.228488 0.00896391 -0.00128445 0.0535015 0.108916 0.119396 0.098286 -0.123964 -0.121572 0.124028 0.121309 0.120825 -0.121127
internal_weight=819.375 134.079 685.297 539.875 33.097 506.778 67.2625 395.144 344.189 16.2692 145.422 94.8658 111.635 78.6014 33.0331 16.8278 81.4758 75.9594 66.8162 7.9617 50.5558 4.72582 62.0626 8.86609 56.0539 51.0136 12.6011 45.83 39.5167 3.28752 63.8464 57.4153 4.75367 3.43468 2.71854 53.7265
internal_count=131442 12378 119064 57500 2669 54831 6184 48502 48028 1321 61564 33061 6329 4774 1555 1348 32544 32216 6194 687 28503 1871 4777 661 4481 4043 1136 26632 26549 1394 6162 6083 1417 1393 1335 6000
is_linear=0
shrinkage=0.12


Tree=38
num_leaves=34
num_cat=0
split_feature=32 70 12 40 12 18 78 82 27 18 46 6 0 28 0 46 40 49 79 45 82 68 68 82 4 28 11 27 27 22 15 68 28
split_gain=29.4424 30.4004 17.2047 12.273 12.3957 12.8733 13.4382 11.627 10.3381 8.69011 8.81177 9.54158 8.01179 4.64763 4.40745 8.62592 6.78805 4.31988 4.28969 4.59492 4.52099 12.6705 11.3234 4.46664 3.76379 3.50052 3.39374 0.162779 0.00802891 0.00437729 0.000148359 8.64265e-05 6.16535e-05
threshold=0.20436896383762362 1.0000000180025095e-35 6.3025000095367441 0.7422647774219514 0.37340000271797186 0.32187499105930334 1.0000000180025095e-35 1.0000000180025095e-35 11.372304916381838 0.25807291269302374 0.087224569171667113 3.3480000495910649 11.543099880218508 2.6983066797256474 12.022449970245363 0.034493055194616325 0.32453750073909765 0.53215762972831737 1.0000000180025095e-35 0.033073225989937789 0.37500000000000006 1.5000000000000002 12.500000000000002 0.62500000000000011 2.7455999851226811 4.5244843959808358 1.5903500318527224 23.794755935668949 33.297288894653327 0.20852916687726977 2.9399764537811284 1.5000000000000002 0.9224643111228944
decision_type=2 2 2 2 2 2 2 2 2 2 2 2 2 2 2 2 2 2 2 2 2 2 2 2 2 2 2 2 2 2 2 2 2
left_child=1 8 3 4 -2 6 -6 -7 -1 14 11 12 -11 -12 25 -16 -17 -15 19 23 21 -21 -22 -3 -13 -4 -27 -10 -29 -20 -31 -32 -30
right_child=2 18 9 -5 5 7 -8 -9 27 10 13 24 -14 17 15 16 -18 -19 29 20 22 -23 -24 -25 -26 26 -28 28 32 30 31 -33 -34
leaf_value=0.088354001958306824 -0.058338166960878041 -0.012191894303146695 0.033732260985916689 -0.23804261000821686 0.024716706249798086 -0.10590783505943278 -0.05338882985546374 -0.0024517099229281812 -0.1426002872399221 -0.040509004804166894 -0.13302545813284411 0.16245767905962255 -0.26384385860363618 0.077080572309305415 -0.43065899985569062 0.11414578956899177 -0.20924491410515084 -0.042719149538142716 0.12976504412758583 -0.078582915939393622 0.12690761619156168 0.069789609184924078 -0.068763024793836433 -0.18341505763657465 -0.005918691800934006 0.20429773746240892 0.10248736647355652 -0.12712356584366258 -0.12095692475964126 0.12278991180667674 0.12163458336678221 0.12016011895966545 -0.12144912157868237
leaf_weight=3.5204298645257941 40.599304005969316 5.5710246301023272 9.0107666814583336 2.99804536870215 393.93972261133604 23.468436347087845 34.498435425804928 46.911985527898651 5.8057427778840056 17.963920600595891 1.776012762566096 4.2689285710221148 2.6548546798294401 42.068347644351888 0.6229714757646424 4.1413144126418047 1.2070859383675268 4.8321971326367921 1.1811848748475302 19.030567410169169 12.347382992680652 14.682203671138266 6.5011895546922451 3.6191535904072225 3.4621645844308659 5.4760002156835972 33.914551229099743 3.2942714206874362 43.698391614481807 0.63689629279542748 0.93397517490666393 1.4789148134877903 4.0002104211598626
leaf_count=22 419 511 260 291 51722 1144 2882 3594 79 6362 41 1426 484 19435 81 2576 169 2827 24 120 1336 2139 339 332 826 1852 22673 83 5648 58 89 1246 352
internal_value=0.00355034 -0.0496185 0.0135164 0.0040788 0.00542449 0.0106142 0.0184275 -0.0369493 -0.111193 0.0524751 0.0265471 -0.0266364 -0.0692654 0.0575219 0.0892056 -0.00806369 0.0411594 0.0647375 0.00667125 -0.00133771 0.0123498 -0.0139654 0.0594175 -0.0796207 0.0870548 0.101206 0.116641 -0.123562 -0.121394 0.123563 0.121161 0.120731 -0.120998
internal_weight=800.117 126.302 673.815 542.416 539.418 498.819 428.438 70.3804 60.319 131.399 77.0264 28.3499 20.6188 48.6766 54.3727 5.97137 5.3484 46.9005 65.9825 61.7515 52.5613 33.7128 18.8486 9.19018 7.73109 48.4013 39.3906 56.7986 50.9929 4.23097 3.04979 2.41289 47.6986
internal_count=131442 12378 119064 60052 59761 59342 54604 4738 6184 59012 31401 9098 6846 22303 27611 2826 2745 22262 6194 4777 3934 2259 1675 843 2252 24785 24525 6162 6083 1417 1393 1335 6000
is_linear=0
shrinkage=0.12


Tree=39
num_leaves=27
num_cat=0
split_feature=28 69 16 70 28 27 22 78 15 80 18 15 40 61 28 0 0 40 58 40 33 15 82 27 27 40
split_gain=25.8102 21.5227 25.6736 16.9713 18.4424 18.735 10.9337 10.6122 12.3528 14.5379 13.6858 8.89649 10.078 7.91171 6.51375 11.6119 5.90153 4.04435 3.7448 4.07772 3.72392 3.61106 4.23752 0.0308067 0.00466438 8.67476e-06
threshold=5.3506467342376718 19.500000000000004 1.0000000180025095e-35 1.0000000180025095e-35 0.9224643111228944 75.764141082763686 6.0590999126434335 1.0000000180025095e-35 1.1508479714393618 1.0000000180025095e-35 0.32187499105930334 2.2265260219573979 0.050900921225547797 9.1714887619018572 7.0740752220153817 10.363100051879885 18.798600196838382 0.056715069338679321 19999991.000000004 0.038196025416255004 0.9893285632133485 1.6102454662323 0.37500000000000006 16.904777526855472 30.838413238525394 0.035443939268589027
decision_type=2 2 2 2 2 2 2 2 2 2 2 2 2 2 2 2 2 2 2 2 2 2 2 2 2 2
left_child=3 2 -2 4 23 6 -6 8 9 -4 -10 -9 -13 14 15 -3 20 -18 19 -5 -16 -21 -23 -1 -25 -26
right_child=1 13 7 18 5 -7 -8 11 10 -11 -12 12 -14 -15 16 -17 17 -19 -20 21 -22 22 -24 24 25 -27
leaf_value=-0.13363598640537064 -0.20546709218423997 -0.065276288613013891 0.01308740661250711 -0.071809622963987185 -0.043768235587044256 -0.13563568337918702 0.058634460879013785 -0.16279144745463936 0.033850299859450858 -0.078370441978370814 -0.033906745384998403 0.11232512910542586 -0.13181135021833434 -0.25393038406097279 0.060111295779937332 0.08377328740153081 0.056033634790714812 -0.090574844563124271 -0.11760608323878546 -0.0591790462935207 0.10535958207568316 0.009877953308155947 0.078187069703443371 -0.1253260258497147 -0.12107758700023644 -0.12083704612984945
leaf_weight=3.0946582220494738 8.4380273353308421 15.806418051593939 58.592209225520492 6.5052750068716696 31.052680411376059 17.40404532616958 29.070012745913118 9.6107662506401557 250.898078719154 43.690063026268035 51.786297999031376 5.2781776736956072 4.5198843500111252 1.1964607955887903 76.480134758516215 14.368874871463047 5.4409302613930759 5.3973322082310915 3.0471923367003901 6.1151281017810097 39.832428504305426 31.626600765041076 22.296710483788047 3.6701936274766913 2.293963328935205 36.68124968977645
leaf_count=39 352 422 474 401 433 590 404 72 36848 466 3610 463 337 508 54693 272 1489 1237 275 43 15996 2741 3515 99 294 5369
internal_value=0.00322146 0.0156542 0.00179914 -0.0348995 -0.0616464 -0.0259939 0.00574464 0.0059203 0.0100746 -0.025979 0.0222577 -0.0807597 -0.000295984 0.0534825 0.0558204 0.00569816 0.0677153 -0.0169757 0.0124775 0.0184344 0.075607 0.0282125 0.038123 -0.122075 -0.121236 -0.120851
internal_weight=784.194 591.336 432.814 192.858 123.267 77.5267 60.1227 424.375 404.967 102.282 302.684 19.4088 9.79806 158.523 157.326 30.1753 127.151 10.8383 69.5909 66.5437 116.313 60.0384 53.9233 45.7401 42.6454 38.9752
internal_count=131442 117239 42622 14203 7228 1427 837 42270 41398 940 40458 872 800 74617 74109 694 73415 2726 6975 6700 70689 6299 6256 5801 5762 5663
is_linear=0
shrinkage=0.12


Tree=40
num_leaves=38
num_cat=0
split_feature=35 13 21 42 70 70 35 44 53 58 40 40 40 49 70 83 15 22 50 9 79 21 75 68 18 86 62 27 62 83 52 27 27 22 45 23 40
split_gain=21.2133 26.2337 22.003 15.6633 15.5939 15.5048 19.3089 16.657 13.2109 14.3215 10.1035 24.8332 9.87905 9.44894 9.33147 8.70284 13.4392 12.4887 6.95182 6.90834 6.19254 5.62467 5.44866 6.19818 6.14479 5.09011 4.75625 3.9891 3.18107 2.64098 1.39692 0.0227146 0.00487742 0.00431596 0.00639403 0.000714307 5.96814e-06
threshold=7.0740752220153817 -1.3363500237464903 0.25426666438579565 -0.43101337552070612 1.0000000180025095e-35 1.0000000180025095e-35 0.9224643111228944 0.81718751788139354 -0.10524062067270278 1.4911686778068545 0.33606606721878057 0.34963867068290716 0.19368897378444674 0.50865185260772716 1.0000000180025095e-35 1.0000000180025095e-35 1.3921459913253786 0.20852916687726977 0.056130776181817062 1.5000000000000002 1.0000000180025095e-35 1.426808297634125 1.0000000180025095e-35 13.500000000000002 0.35937500000000006 1.0000000180025095e-35 4.8506095409393319 159.41717529296878 19999949.000000004 1.0000000180025095e-35 1.9489583373069765 13.21646308898926 30.838413238525394 0.20852916687726977 0.21253155916929248 1.9581975340843203 0.035443939268589027
decision_type=2 2 2 2 2 2 2 2 2 2 2 2 2 2 2 2 2 2 2 2 2 2 2 2 2 2 2 2 2 2 2 2 2 2 2 2 2
left_child=5 3 30 -2 15 6 31 8 19 -10 13 -12 25 27 -15 17 -17 -5 -13 -8 21 22 24 -24 -7 -6 29 -4 -28 -23 -3 -1 -33 -22 35 -35 -34
right_child=1 2 10 4 12 20 7 -9 9 -11 11 18 -14 14 -16 16 -18 -19 -20 -21 33 26 23 -25 -26 -27 28 -29 -30 -31 -32 32 36 34 -36 -37 -38
leaf_value=-0.13387579412870407 -0.096587370355944877 -0.0060653064996503631 0.083586416624384666 -0.033821559118793747 -0.056720328118750836 -0.010290953375953787 -0.082364750516343635 -0.11587134441281087 -0.032319235690189414 0.11244840414639082 -0.54650134304412146 -0.1186576884039339 -0.11383574209835449 0.046503348414555591 -0.11363825951580704 -0.056367196765301178 0.027857337967305652 0.067785961791760579 0.06543695308690832 0.00817440128740036 0.1318218215554991 0.12876885843352207 0.12845579160005935 -0.055664475480797511 -0.11785448209887926 0.025302475541347152 -0.12223283408133151 0.26703517906175533 0.047466424969655169 0.027917038127539304 -0.04637561167813703 -0.12511759523177016 -0.12095249125932415 0.12494990783746762 0.13100008272232211 0.12080018920153432 -0.12074191836609853
leaf_weight=2.1559021659195414 26.833579693513457 24.340692445635796 135.0262533329078 23.105193393304944 22.567176181473769 28.172154100553598 28.271324287401512 23.355632983613759 17.471606032806449 22.529118655133061 1.2252889974042798 4.0546731905196784 23.347467623185366 25.405452405801043 6.6010946002206756 46.240032680798322 66.536156909656711 70.783306475961581 10.879067824222146 21.262920070206746 1.3241580724716175 9.6780508627416584 6.6997404848225397 4.3372732170391828 10.497630107449366 21.063960994710214 3.0246423595235674 1.7287516578799103 3.3550934903905727 6.0930438388604662 25.191816235892475 4.1300977766513816 2.0610431628301731 0.74030910478904877 1.4317556777969001 3.0926570986921433 32.515983806923032
leaf_count=25 509 327 86216 164 393 1553 510 542 367 334 423 881 307 17014 1994 637 1375 1256 3882 331 25 1397 650 145 222 294 351 252 316 1017 283 116 297 36 46 1581 5363
internal_value=0.00123166 0.0143789 0.0444632 -0.00909504 -0.000515502 -0.0290562 -0.0512053 -0.0256204 -0.00207801 0.0492165 0.0634892 -0.027158 -0.0508345 0.0721687 0.0134754 0.0157925 -0.00667606 0.0427812 0.0154533 -0.0435002 0.0143558 0.00414643 -0.0182656 0.0561011 -0.0394911 -0.0171219 0.0544393 0.0859054 -0.0329882 0.0898055 -0.0265668 -0.121888 -0.12122 0.125698 0.124158 0.121602 -0.120754
internal_weight=767.13 534.93 234.453 300.477 273.643 232.2 153.754 112.891 89.535 40.0007 184.921 16.159 66.9786 168.762 32.0065 206.665 112.776 93.8885 14.9337 49.5342 78.4465 71.8576 49.7068 11.037 38.6698 43.6311 22.1508 136.755 6.37974 15.7711 49.5325 40.863 38.7071 6.58888 5.26472 3.83297 34.577
internal_count=131431 116207 111272 4935 4426 15224 7885 2084 1542 701 110662 5186 994 105476 19008 3432 2012 1420 4763 841 7339 5651 2570 795 1775 687 3081 86468 667 2414 610 5801 5776 1688 1663 1617 5660
is_linear=0
shrinkage=0.12


Tree=41
num_leaves=33
num_cat=0
split_feature=28 23 80 21 18 74 56 27 70 28 27 4 10 49 10 70 40 53 14 22 62 18 49 5 65 4 56 56 65 27 27 40
split_gain=17.2867 20.25 18.5651 17.2523 14.5654 13.0952 11.3323 11.1421 10.5296 18.5078 12.4884 13.29 10.8724 10.2402 8.79106 8.10105 7.54463 7.35564 5.02775 3.81168 3.70597 7.71651 5.79378 5.39256 4.43926 7.24166 2.86289 2.63135 2.40688 0.0156108 0.00338569 4.16065e-06
threshold=6.3710865974426278 1.5313089489936831 0.37500000000000006 0.13955000042915347 0.25364583730697637 0.20668867975473407 6.0531251430511483 54.19774246215821 1.0000000180025095e-35 0.9224643111228944 33.963235855102546 3.1408499479293828 1.0000000180025095e-35 0.27694413065910345 1.0000000180025095e-35 1.0000000180025095e-35 0.13284532725811007 -0.058429880067706101 -1.1373974680900572 1.0000000180025095e-35 1.0842833518981936 0.30364583432674414 -0.079466227442026124 9.6265997886657733 0.76093748211860668 4.0518000125885019 2.1890624761581425 6.0531251430511483 9.7786455154418963 13.21646308898926 30.838413238525394 0.035443939268589027
decision_type=2 2 2 2 2 2 2 2 2 2 2 2 2 2 2 2 2 2 2 2 2 2 2 2 2 2 2 2 2 2 2 2
left_child=8 2 13 -3 14 -4 16 -8 9 29 -11 12 -12 17 19 -16 -6 -2 -15 -5 24 22 -22 -24 -10 27 -20 -26 -23 -1 -31 -32
right_child=1 3 5 4 6 -7 7 -9 20 10 11 -13 -14 18 15 -17 -18 -19 26 -21 21 28 23 -25 25 -27 -28 -29 -30 30 31 -33
leaf_value=-0.13215757955662516 0.022086464225382844 -0.041924167270876014 -0.016550823920338943 -0.082289971228361999 0.050769253853323225 -0.10818199748714578 -0.15789462694863771 0.053056329422428487 -0.075132563218794371 0.072832243940489566 -0.11797248366172178 0.04116048904954351 -0.013625653078824006 0.0018180234787918922 0.069715986071559433 -0.05803795654706146 -0.0029241229827264288 -0.058590258911532807 0.035606205353062151 0.11742928215036091 0.15158234923429181 -0.14853726624437413 0.027971354543100495 -0.1357789498495505 0.106358216034729 -0.025016374131704339 0.095244729928759597 -0.034629043753293627 -0.043075011087451716 -0.1245207756872454 -0.12084415840511396 -0.1206575457699947
leaf_weight=1.9354367814958084 30.198181109968573 39.519505229778588 51.218168902676553 1.4124144837260235 109.09380687517114 39.997730200178921 9.2944858592818473 5.8906073000398456 4.6667098068865007 16.820679334225133 31.664735201280564 20.827886959072202 26.340193601790816 26.056086368858814 27.785691817873158 9.6228822085540724 57.570761074370239 35.293009457644075 21.583725910866633 53.46889587448095 4.1056576090049957 6.1799557477934268 13.540182810276749 3.6838693041354409 18.943448639474813 11.874290919862686 25.035012842854485 2.1195458383881478 6.285679082502611 3.6795466821640721 1.8295196427498037 28.858022074447945
leaf_count=25 389 359 409 13 46156 380 2800 3243 411 377 613 295 473 198 13720 3503 15839 356 318 28699 490 307 1794 29 3459 136 335 227 302 116 297 5363
internal_value=0.00120739 0.0123828 -0.0147146 0.0321994 0.0428849 -0.0567306 0.0231799 -0.0760624 -0.0286355 -0.0487214 -0.0210353 -0.0410639 -0.0705883 0.0130241 0.0817121 0.0368529 0.032222 -0.02139 0.0440364 0.112289 0.00848609 -0.0203525 0.0234832 -0.00705146 0.0344038 0.0499234 0.0676331 0.0921708 -0.0953589 -0.121672 -0.121081 -0.120669
internal_weight=746.396 543.041 229.382 313.659 274.14 91.2159 181.85 15.1851 203.355 131.956 95.6535 78.8328 58.0049 138.166 92.2899 37.4086 166.665 65.4912 72.6748 54.8813 71.3993 33.7953 21.3297 17.2241 37.604 32.9373 46.6187 21.063 12.4656 36.3025 34.3671 30.6875
internal_count=131431 116717 2385 114332 113973 789 68038 6043 14714 7559 1758 1381 1086 1596 45935 17223 61995 745 851 28712 7155 2922 2313 1823 4233 3822 653 3686 609 5801 5776 5660
is_linear=0
shrinkage=0.12


Tree=42
num_leaves=39
num_cat=0
split_feature=28 13 70 40 82 68 80 15 74 70 28 30 16 1 4 30 11 61 79 52 23 28 40 23 80 68 22 50 54 0 65 30 0 28 30 0 13 40
split_gain=14.7011 18.2089 17.8622 14.4941 12.0867 25.8667 11.1415 23.0257 16.6342 10.632 19.4093 19.5468 16.6274 8.83145 8.64797 11.9699 8.63453 8.47751 8.46818 8.08781 8.02328 11.5312 6.43671 5.99808 5.89374 10.1398 8.36915 5.62431 4.42505 3.51589 2.56266 0.0107487 0.00806144 0.00300198 0.00235162 0.00117234 0.000205463 2.90097e-06
threshold=29.899844169616703 -0.18789999932050702 1.0000000180025095e-35 0.32963359355926519 1.0000000180025095e-35 1.5000000000000002 0.37500000000000006 1.3921459913253786 1.6003227233886721 1.0000000180025095e-35 0.9224643111228944 1.1333333253860476 2.5000000000000004 122.87500000000001 0.26884999871253973 0.31354166567325598 0.802350014448166 9.4548983573913592 1.0000000180025095e-35 2.1447916030883794 0.86253532767295849 156.94661712646487 0.25000113248825079 0.86253532767295849 1.0000000180025095e-35 1.5000000000000002 0.20852916687726977 0.50737556815147411 0.24791816622018817 18.567250251770023 11.62552070617676 0.13437499850988391 20.861650466918949 3.6548196077346806 0.31354166567325598 16.358200073242191 -1.3363500237464903 0.035443939268589027
decision_type=2 2 2 2 2 2 2 2 2 2 2 2 2 2 2 2 2 2 2 2 2 2 2 2 2 2 2 2 2 2 2 2 2 2 2 2 2 2
left_child=9 2 6 20 5 -3 16 -8 -9 10 31 13 -13 -12 15 -6 -2 30 23 -18 -4 -22 -15 -11 25 -25 -26 29 -17 -7 -16 -1 33 36 -33 -35 -20 -36
right_child=1 4 3 -5 14 27 7 8 -10 18 11 12 -14 22 17 28 19 -19 32 -21 21 -23 -24 24 26 -27 -28 -29 -30 -31 -32 34 -34 35 37 -37 -38 -39
leaf_value=-0.13066827327497815 -0.080063912074056831 -0.11955230538784901 -0.11033166485795583 -0.15745630765970778 -0.47452342398192748 0.095626356422548214 -0.09489598571722925 0.05246969753717854 -0.10684183499031977 -0.12836267397656798 0.14476859616722584 -0.31455472644580412 -0.026755869819903084 -0.02090376938635443 0.10127222442113554 0.064655194966653146 0.027037224714515785 -0.44408179260176395 0.12314322166421225 0.095195968734773276 0.031761765424816728 -0.10640314299451299 0.071226597922887394 -0.095912662550264718 -0.084803257438303567 0.031185111001445429 0.062017086095456815 -0.29406588407677364 -0.13004870585735914 -0.098427415809778845 0.036127688252118081 -0.12399544800090549 0.13359806119331999 0.12483572568708791 -0.12074821411075394 0.12889680345644747 0.12057639423152317 -0.12058281617302985
leaf_weight=1.7349353432655323 8.5648639909923059 16.148289700155146 12.652065178379415 15.05342950124759 0.80691753077553485 22.901441948226427 34.594497665762901 55.910035040113144 11.35446608008351 4.8407969353720537 5.3024226282723239 5.7300107112387177 5.8338862496893853 127.53356640273705 69.096864437888144 5.9474526817211864 99.287669666402508 0.42536412656772782 0.58551678777439531 33.537968593183905 35.004050347022712 11.574736573209519 11.942525699152609 16.483677198411897 6.6093736365437499 20.013380523945671 36.276440675486811 0.57940262230113049 2.3430477265501395 1.4283318663947273 9.9473850476788339 3.2764425724744823 1.751558097777888 2.6781656989769544 1.62384873419069 1.6568782486720008 1.9268286154256185 25.609660545596853
leaf_count=25 154 89 138 315 554 21326 372 2083 309 37 215 306 346 7626 57067 3255 4632 388 61 1297 1393 488 639 112 50 2894 4770 568 780 759 10358 116 69 648 297 135 1397 5363
internal_value=0.00113988 0.0146625 -0.000809366 -0.0523123 0.0525629 -0.00125564 0.0149187 -0.0153391 0.0255774 -0.0203474 -0.0367114 -0.0192281 -0.169363 -0.00723645 0.0775119 -0.0333147 0.0367168 0.0901989 0.0128993 0.044247 -0.0255901 -0.00257194 -0.0130152 0.00131805 0.00922603 -0.0262178 0.0393898 0.0754345 0.0096283 0.084234 0.0930741 -0.121481 0.126333 0.124475 -0.120958 0.126388 0.121175 -0.120593
internal_weight=728.568 447.158 317.534 74.2843 129.624 41.0575 243.25 101.859 67.2645 281.41 188.587 156.342 11.5639 144.779 88.567 9.09742 141.391 79.4696 92.8226 132.826 59.2309 46.5788 139.476 84.2237 79.3829 36.4971 42.8858 24.9092 8.2905 24.3298 79.0442 32.2449 8.59895 6.84739 30.51 4.33504 2.51235 27.2335
internal_count=131431 106325 11181 2334 95144 22742 8847 2764 2392 25106 14933 9132 652 8480 72402 4589 6083 67813 10173 5929 2019 1881 8265 7863 7826 3006 4820 22653 4035 22085 67425 5801 2310 2241 5776 783 1458 5660
is_linear=0
shrinkage=0.12


Tree=43
num_leaves=41
num_cat=0
split_feature=35 13 82 21 49 42 85 85 35 44 68 18 21 40 48 40 62 64 18 22 82 40 50 49 35 18 62 40 13 86 21 82 44 61 59 35 27 27 7 40
split_gain=12.2009 17.5675 18.518 42.0207 11.9757 11.5125 9.52345 9.40757 15.9027 13.8781 10.411 7.91417 16.5934 7.76935 7.73565 7.5736 7.27324 7.9451 7.08845 9.09223 7.64709 6.04457 5.48245 5.21491 4.38465 6.83542 4.00467 7.1234 3.99259 3.64839 3.62187 3.35636 2.42285 1.54013 1.30373 0.0106502 0.00742192 0.00106611 0.000588046 2.02296e-06
threshold=7.0740752220153817 -1.3363500237464903 1.0000000180025095e-35 0.13955000042915347 0.50865185260772716 -0.43101337552070612 1.0000000180025095e-35 0.79115715622901928 0.9224643111228944 0.81718751788139354 17.500000000000004 0.42187500000000006 0.25426666438579565 0.33606606721878057 1.2489583492279055 0.34963867068290716 0.78586903214454662 41.500000000000007 0.2651041597127915 0.20852916687726977 0.37500000000000006 0.19368897378444674 0.50737556815147411 0.070758577436208739 -41.164953231811516 0.28385417163372045 2.2006260156631474 0.15223640948534015 8.7476997375488299 1.0000000180025095e-35 0.97772499918937694 0.37500000000000006 0.72578126192092907 -25.799699783325192 1.0000000180025095e-35 6.3710865974426278 16.904777526855472 30.838413238525394 10.455905437469484 0.035443939268589027
decision_type=2 2 2 2 2 2 2 2 2 2 2 2 2 2 2 2 2 2 2 2 2 2 2 2 2 2 2 2 2 2 2 2 2 2 2 2 2 2 2 2
left_child=7 5 3 -3 13 -2 18 8 36 10 14 22 -13 30 -10 -15 17 -6 20 -20 -7 29 -5 24 25 32 27 -26 -18 -8 -4 -28 -9 -25 -27 38 -1 -38 -35 -39
right_child=1 2 4 11 16 6 21 23 9 -11 -12 12 -14 15 -16 -17 28 -19 19 -21 -22 -23 -24 33 26 34 31 -29 -30 -31 -32 -33 -34 35 -36 -37 37 39 -40 -41
leaf_value=-0.12809408978857875 -0.082679648395813293 -0.15960091575758328 0.12476591230194635 0.072319228852214992 -0.043219681963752261 0.074264429946606522 -0.046142102020509577 0.17761486436221879 0.10160292237560546 -0.10899217649915922 -0.049742152324879073 -0.38252132742199219 0.11160321234411129 -0.28304724062717329 0.0024111174275669787 0.018337481638378787 0.079085717609751832 -0.35244577432150537 -0.081771095954021156 0.0085919631807498398 0.0055601238957989976 -0.088610154284157805 -0.19658954276931345 0.0046518369629005418 0.046014716237340277 0.0022451964741824859 -0.10786581761604157 -0.090793230040461317 -0.21388469266833526 0.023910841767092676 0.074113648864432932 0.010293060445973549 0.06400773777891218 0.12081909521235407 -0.098204515799006922 0.13133845562581023 -0.12321814974393895 -0.12066322462273558 0.12416430848606556 -0.12051661327963893
leaf_weight=2.148889739066365 26.861184015928302 20.138490200042725 26.887027162098093 39.606070880807238 12.416141144814903 42.81042145518586 22.503884646808729 3.7147209736285758 16.806985092698596 20.699237621389329 35.411721801152453 1.7945742271840566 2.1524415506282821 1.3693098452640686 34.688894767547026 9.748912255454341 9.8913962014485115 1.3240879777004 19.814803049899638 84.041787506546825 51.264055392355658 23.418031118810177 1.1227071356261138 1.9555984657490624 18.776598608063072 3.7175699732324565 10.821840988821348 7.739670141687383 0.71849412209121588 20.419714920921251 83.332008353929268 5.0900036962411823 9.9273045216687006 3.1082011859980394 3.7248044871957973 2.6973383395234123 2.320470621809366 1.4411769541911805 1.0002094359952023 22.725444312440231
leaf_count=42 509 83 4148 24917 5123 716 393 312 473 542 559 12 996 314 510 3324 7722 1217 210 1510 996 307 633 114 1807 534 517 940 660 294 62123 558 1099 1163 119 73 99 297 103 5363
internal_value=0.00112299 0.0112639 0.0376734 -0.0156879 0.0614131 -0.00783124 -0.00022351 -0.0232734 -0.0418379 -0.0206886 0.000343152 0.0491838 -0.113058 0.0768257 0.0347849 -0.0187808 -0.0153879 -0.0730185 0.0129648 -0.00864841 0.0368254 -0.0395709 0.0649066 0.0117224 -0.000249664 0.0444769 -0.0224762 0.00608269 0.059246 -0.0128164 0.0864699 -0.0700682 0.0949429 0.0985102 -0.0480285 0.12548 -0.121312 -0.120761 0.121634 -0.120525
internal_weight=710.152 501.636 210.502 64.8143 145.687 291.134 264.273 208.517 136.243 107.607 86.9076 44.6758 3.94702 121.337 51.4959 11.1182 24.3501 13.7402 197.931 103.857 94.0745 66.3416 40.7288 72.2739 63.5125 21.0844 42.4281 26.5163 10.6099 42.9236 110.219 15.9118 13.642 8.76135 7.44237 6.80575 28.636 26.4871 4.10841 24.1666
internal_count=131431 116207 111272 26641 84631 4935 4426 15224 7885 2084 1542 26558 1008 69909 983 3638 14722 6340 3432 1720 1712 994 25550 7339 5886 2064 3822 2747 8382 687 66271 1075 1411 1453 653 1339 5801 5759 1266 5660
is_linear=0
shrinkage=0.12


Tree=44
num_leaves=25
num_cat=0
split_feature=79 32 26 70 21 13 80 38 86 65 30 14 7 74 23 21 49 49 1 43 12 0 32 12
split_gain=10.9884 15.4264 15.3529 9.68603 8.79014 9.66805 11.9198 10.6799 9.47419 7.25193 4.32032 3.44728 3.19729 2.85664 2.02396 1.94462 7.69573 15.8993 1.74027 1.41579 0.0560977 0.00480214 0.00201239 0.000244148
threshold=1.0000000180025095e-35 0.2179861590266228 1.0000000180025095e-35 1.0000000180025095e-35 1.0000000180025095e-35 -2.5172500610351558 1.0000000180025095e-35 1.0000000180025095e-35 1.0000000180025095e-35 11.681770801544191 0.67604166269302379 9.7948784828186053 14.161862373352053 1.9569962620735171 7.8754539489746103 2.411562561988831 0.20805837213993075 0.19973377138376239 447.20500183105474 6.4827377796173105 0.37340000271797186 21.066800117492679 0.20834346115589145 1.167949974536896
decision_type=2 2 2 2 2 2 2 2 2 2 2 2 2 2 2 2 2 2 2 2 2 2 2 2
left_child=2 3 4 10 -1 6 -6 8 -7 -9 13 14 15 -2 -12 19 17 -17 -18 20 -3 22 23 -5
right_child=1 12 -4 21 5 7 -8 9 -10 -11 11 -13 -14 -15 -16 16 18 -19 -20 -21 -22 -23 -24 -25
leaf_value=-0.078607704422268998 -0.043962430718585736 0.14196035929968961 -0.13111428513922516 0.1236379148695389 0.013741396070770759 -0.014453578015245836 -0.075739700145084923 0.038739524370346404 0.036515834122549509 -0.1155974882697017 -0.073794803236916409 -0.007322171698456139 0.019737389747125297 0.063348252706915714 -0.17249025268062482 0.030133591590678854 0.11380535877041428 -0.64605683086445187 -0.01138235615865067 -0.047486856529165615 0.12353149614934981 0.1324564406206386 0.12622178989733915 0.12057885713053053
leaf_weight=20.717283156467602 7.8211839403375034 2.7164332251995864 13.529476998373864 0.47272170649375711 38.636633005924523 266.79642304204754 48.156450479291379 146.04760485352017 65.385500830801902 4.5197266093455246 6.3899897914379853 5.7943319065961978 9.665099408477543 6.5753148687072098 5.6267249514348805 2.559282600763257 15.51368654202088 0.62252496497239906 1.7827761543449003 0.70052385597955336 19.121898628218332 1.1262320141540838 2.3054819768876769 1.830508412531344
leaf_count=230 389 39 218 56 262 43971 490 39071 13263 4071 492 331 116 355 407 1727 13242 430 832 224 9498 48 238 1431
internal_value=0.00112452 0.0400881 -0.00472365 -0.018251 -0.00182663 0.000966311 -0.0359065 0.00759564 -0.00442094 0.0341066 -0.0438355 -0.0833489 0.0821048 0.00504959 -0.120008 0.0961175 0.0693507 -0.102164 0.100902 0.120437 0.125824 0.125432 0.123715 0.121207
internal_weight=694.414 90.6247 603.789 37.9425 590.26 569.542 86.7931 482.749 332.182 150.567 32.2075 17.811 52.6822 14.3965 12.0167 43.0171 20.4783 3.18181 17.2965 22.5389 21.8383 5.73494 4.60871 2.30323
internal_count=131431 29855 101576 3747 101358 101128 752 100376 57234 43142 1974 1230 26108 744 899 25992 16231 2157 14074 9761 9537 1773 1725 1487
is_linear=0
shrinkage=0.12


Tree=45
num_leaves=30
num_cat=0
split_feature=30 32 85 13 16 28 46 44 81 42 82 25 28 1 4 30 56 50 46 65 48 58 23 62 33 50 44 0 28
split_gain=10.805 12.0613 19.2948 19.1022 17.83 11.4652 11.8308 11.77 7.70059 8.72492 7.14612 15.7922 6.34903 5.60261 4.7312 3.99972 3.03544 5.40199 4.10006 3.37051 2.8987 2.5279 2.4519 2.08161 1.51488 0.960436 0.777379 0.686857 0.789708
threshold=0.18437500298023227 0.20634794980287555 1.044585704803467 -0.18789999932050702 1.0000000180025095e-35 19.548528671264652 0.19487600773572925 0.81718751788139354 10.000000000000002 -0.36982488632202143 1.0000000180025095e-35 1.0000000180025095e-35 0.9224643111228944 447.20500183105474 4.1643500328063974 0.33854167163372045 2.9145833253860478 0.092963267117738738 0.1046249382197857 0.76093748211860668 1.6239583492279055 1.3044427037239077 1.5313089489936831 1.4512355327606203 1.0336999893188479 0.081015676259994521 1.1578124761581423 21.84324932098389 2.6983066797256474
decision_type=2 2 2 2 2 2 2 2 2 2 2 2 2 2 2 2 2 2 2 2 2 2 2 2 2 2 2 2 2
left_child=12 2 15 4 -3 6 7 -5 9 -6 11 -7 -1 -12 21 -2 19 -18 -19 -4 -21 22 -14 -8 -17 -24 -26 28 -23
right_child=1 3 16 5 8 10 23 -9 -10 -11 13 -13 14 -15 -16 24 17 18 -20 20 -22 27 25 -25 26 -27 -28 -29 -30
leaf_value=-0.11760508879549107 -0.037062445341435615 -0.16393961041852609 -0.096491258678802691 0.020302540039537027 -0.068113243653853683 0.042521295032646629 0.18426885182371613 -0.071272553106371858 -0.072249620672695039 0.0043635094873111704 0.090925950440188225 -0.22096027047644759 -0.02040617759194167 -0.021863535059876652 -0.021884135709186289 -0.015622271349126686 0.08519233268048132 0.020166424362555575 -0.11420981635348534 0.058677796131434416 -0.01242627325184536 0.19813064953816698 0.041961235404253158 0.075316212020530154 -0.12396536669557105 0.14577398771721947 -0.20503741504539791 0.22849557945231092 0.12182165503640702
leaf_weight=2.1874860068783191 10.534705762751399 10.726708212867377 3.0750057892873874 64.633378016122151 26.109046549419872 33.087795948027633 4.9146172705222835 29.4062155134161 24.010911585763097 285.02692972921068 70.230327861150727 3.6356313824653617 2.7732333131134563 6.9713665994931935 4.0609665737720197 1.802920790156352 4.226570150494811 4.9365032802452324 9.6837340528727491 24.087931704038056 12.561664055945583 2.8752479944087082 1.8151948655140584 5.1936572297126986 28.001856279210191 4.3795613151742145 1.8134490277734574 1.7498232518846624 6.0876862459408585
leaf_count=98 175 251 333 4654 762 22841 439 1613 356 10497 69697 15 26 2553 61 477 360 424 565 2923 1417 22 485 527 5611 1476 426 68 2345
internal_value=0.00202387 -0.00094077 -0.0391904 0.00589085 -0.0116458 0.0337047 0.00492706 -0.00833303 -0.00677146 -0.00171839 0.0600126 0.0164365 0.0780196 0.080741 0.0960439 -0.101101 0.00536553 -0.0342952 -0.0688379 0.024182 0.0343068 0.120377 0.0733724 0.128289 -0.122437 0.115355 -0.128896 0.159727 0.146301
internal_weight=690.6 664.671 100.724 563.947 345.874 218.073 104.148 94.0396 335.147 311.136 113.925 36.7234 25.9292 77.2017 23.7417 42.1529 58.5714 18.8468 14.6202 39.7246 36.6496 19.6807 8.96799 10.1083 31.6182 6.19476 29.8153 10.7128 8.96293
internal_count=131497 126916 12711 114205 11866 102339 7233 6267 11615 11259 95106 22856 4581 72250 4483 6689 6022 1349 989 4673 4340 4422 1987 966 6514 1961 6037 2435 2367
is_linear=0
shrinkage=0.12


Tree=46
num_leaves=38
num_cat=0
split_feature=18 23 35 0 75 10 85 85 45 46 65 52 71 22 77 5 60 46 35 21 48 52 4 4 23 23 35 42 70 35 60 12 18 27 27 22 62
split_gain=9.48831 10.0352 13.571 10.8762 10.3078 10.0761 14.4259 9.52703 11.3199 8.77913 6.52914 6.28711 6.16309 11.1076 6.94955 6.24784 4.65364 6.77524 4.65062 4.55637 4.40993 3.90669 3.74906 3.35058 3.30461 3.19286 3.28342 3.46181 3.03128 2.86214 2.66566 2.64384 2.01244 1.4264 1.39475 0.957343 0.12447
threshold=0.27864582836627966 1.5313089489936831 4.5244843959808358 8.5898499488830584 1.0000000180025095e-35 1.0000000180025095e-35 1.0000000180025095e-35 1.1763713955879214 0.20070682466030124 0.27809068560600286 9.3890624046325701 1.6760416626930239 0.32273380458354956 0.20852916687726977 1.0000000180025095e-35 9.1355500221252459 0.84479168057441723 0.47279074788093572 78.348140716552749 1.5167458057403567 1.3010416626930239 2.4114582538604741 4.1643500328063974 2.6771999597549443 0.86253532767295849 1.1161716580390932 7.0740752220153817 -0.7479782998561858 1.0000000180025095e-35 6.3710865974426278 2.5947916507720952 9.3680500984191912 0.32812500000000006 148.35223388671878 29.147934913635257 1.9574083089828493 19999969.000000004
decision_type=2 2 2 2 2 2 2 2 2 2 2 2 2 2 2 2 2 2 2 2 2 2 2 2 2 2 2 2 2 2 2 2 2 2 2 2 2
left_child=1 4 7 21 18 10 -7 8 31 12 -5 -10 25 -14 15 -15 23 32 -1 -16 -19 29 36 33 -20 -2 28 -28 -27 -4 -23 -3 34 35 -18 -11 -9
right_child=9 2 3 5 -6 6 -8 22 11 16 -12 -13 13 14 19 -17 17 20 24 -21 -22 30 -24 -25 -26 26 27 -29 -30 -31 -32 -33 -34 -35 -36 -37 -38
leaf_value=-0.028229188339551747 -0.033498006691541571 -0.085334038656568176 0.18095676835202223 0.086155812868484533 -0.061508999679515626 0.025996599495865077 -0.11352706704317439 0.12680379184330065 0.11233109959537536 0.15230371964683126 0.023166310044007345 -0.02297918793059555 -0.12292485287782479 -0.0356969017413096 0.098379765328508076 0.057374806629943369 -0.021322790048022362 -0.26743729914825209 0.0056890753269597614 -0.060102639463199992 -0.011551922759690664 0.049822447149064468 0.0057666839931392096 -0.024443423834104097 0.059197453215194193 -0.082328465562835934 -0.085942945346553543 0.067796653741797608 0.036147842229775386 0.098247107355585159 -0.19294799156970199 -0.23361052580271874 -0.010284296630631825 0.22609547305094663 0.11464184697167448 0.075722378227589898 0.16655758919158825
leaf_weight=32.431043957360089 14.964404430706052 25.320674224843973 9.2052034801454337 50.031203622929752 41.705143078463152 45.640699325420428 13.927447364578255 5.1935350118146726 7.1392149907769662 4.0047593460185471 45.018724396504695 16.087577808502829 17.527088327333331 158.9739330332668 10.414695951301836 11.112194188288411 1.3456116656889223 1.8827322615252335 42.141922694630921 3.4868822995922519 2.0002142943558283 3.0314676866109944 6.2039741449989378 2.6564096063666502 27.443920108489692 5.8597414285177347 2.3033581899071605 25.006341728905682 6.6263054047885817 17.43765976454597 0.82950638441252511 1.858737738279159 5.1734098677989095 1.7143703214824189 5.640893058036454 5.6910244078899268 1.4510114438598973
leaf_count=401 185 4392 159 14704 392 14228 3624 1943 123 155 21684 918 200 30778 765 178 233 276 361 600 454 1550 63 404 473 479 388 6672 636 18620 503 216 562 15 1465 2483 215
internal_value=0.00186266 0.0139905 0.0285938 0.0449903 -0.0112466 0.032071 -0.006625 -0.0193922 -0.0429046 -0.014742 0.0563219 0.0186111 -0.0219436 -0.0316444 -0.0229488 -0.0296163 0.0465543 0.00237901 0.00930098 0.0586282 -0.135624 0.110476 0.0728499 0.0969361 0.0267922 0.0137548 0.0315233 0.0548299 -0.0194535 0.126824 -0.00233528 -0.0954743 0.0464465 0.125195 0.0884548 0.107354 0.135485
internal_weight=678.483 392.099 248.377 185.122 143.722 154.618 59.5681 63.2547 50.4062 286.384 95.0499 23.2268 256.275 201.515 183.988 170.086 30.1094 16.0429 102.017 13.9016 3.88295 30.5038 12.8485 14.0666 69.5858 54.7602 39.7957 27.3097 12.486 26.6429 3.86097 27.1794 12.1599 11.4102 6.9865 9.69578 6.64455
internal_count=131497 84569 82942 75072 1627 54240 17852 7870 5649 46928 36388 1041 40881 32521 32321 30956 6047 2990 1235 1365 730 20832 2221 3057 834 8360 8175 7060 1115 18779 2053 4608 2260 2653 1698 2638 2158
is_linear=0
shrinkage=0.12


Tree=47
num_leaves=28
num_cat=0
split_feature=27 28 70 23 40 18 33 70 87 27 21 21 28 12 71 48 60 50 61 21 61 71 50 12 32 27 27
split_gain=8.41521 8.48399 19.5232 14.0891 10.5784 8.01832 7.99954 8.40195 8.47409 6.4933 5.98394 5.87753 5.82101 5.61894 3.60566 3.56347 3.18009 2.87242 4.704 3.74449 2.86698 2.75156 0.987788 1.15351 0.843583 0.208467 0.00478717
threshold=18.134216308593754 2.6983066797256474 1.0000000180025095e-35 1.6884643435478213 0.10209920257329942 0.23020833730697635 1.0953714251518252 1.0000000180025095e-35 0.24995714426040652 41.288640975952156 0.13955000042915347 0.13955000042915347 0.9224643111228944 0.37340000271797186 -8.8276209831237775 0.40156249701976782 8.5031251907348651 0.26439870893955236 -4.0624883174896231 0.25426666438579565 0.40572832524776464 19999989.000000004 0.35583376884460455 0.55910000205039989 0.20436896383762362 23.794755935668949 33.297288894653327
decision_type=2 2 2 2 2 2 2 2 2 2 2 2 2 2 2 2 2 2 2 2 2 2 2 2 2 2 2
left_child=11 2 24 6 5 15 7 8 -3 16 -11 -1 -13 -7 -14 -5 -6 20 -19 -20 21 -4 23 -16 25 -2 -27
right_child=1 3 17 4 9 13 -8 -9 -10 10 -12 12 14 -15 22 -17 -18 18 19 -21 -22 -23 -24 -25 -26 26 -28
leaf_value=-0.088456197775589329 -0.15273966740163619 0.037876011090964667 0.033711918494395129 -0.016829062897570787 0.087366881373640903 -0.071493060625098678 -0.07997714661837374 -0.05255561645261958 -0.018079446706493377 -0.13302701085068866 -0.007742143942019177 -0.11418143308201258 -0.07944906359789311 0.035410723811870812 0.025475328522536044 0.12423637478547035 -0.090672078799402048 -0.17400386041075294 -0.097026946519297816 0.10098414250277601 -0.063610475257780241 -0.085543959560310343 0.027584224298269615 0.14515157840674817 -0.059215304483868074 -0.12666455738275559 -0.12044489214807136
leaf_weight=2.8828927502036121 3.4627199564129176 63.341154436813667 40.675800088531105 2.9581534277240307 13.864537377347004 7.42526483349502 26.140141332056373 50.381340139778331 101.30839928239584 5.7684581736102691 113.62039747682866 1.7627343716740167 1.2955250772938693 152.24294040768291 1.2561536175198842 20.10060437649372 1.6127277790801589 3.253546864783857 2.595214883098377 2.9254649397626054 5.8952443007146931 2.9908601670176713 1.3075896645605087 15.11367963120574 3.1182770710438481 1.9609347353689397 19.528777982341126
leaf_count=28 49 1011 4629 808 2888 48 271 552 966 64 31048 98 132 66726 22 9885 196 215 27 689 470 181 314 3987 129 77 5987
internal_value=0.00173628 -0.000839198 -0.0358324 0.00457213 0.021177 0.039992 -0.0172945 -0.00967448 0.00344678 -0.00431505 -0.0137955 0.0720888 0.0944095 0.0304392 0.113789 0.106139 0.0688153 0.00373525 -0.0595505 0.00790116 0.0149391 0.0255437 0.127951 0.135968 -0.118061 -0.125415 -0.121012
internal_weight=668.79 645.171 86.4068 558.764 317.593 182.727 241.171 215.031 164.65 134.866 119.389 23.6186 20.7357 159.668 18.9729 23.0588 15.4773 58.3361 8.77423 5.52068 49.5619 43.6667 17.6774 16.3698 28.0707 24.9524 21.4897
internal_count=131497 126916 12453 114463 111663 77467 2800 2529 1977 34196 31112 4581 4553 66774 4455 10693 3084 6211 931 716 5280 4810 4323 4009 6242 6113 6064
is_linear=0
shrinkage=0.12


Tree=48
num_leaves=17
num_cat=0
split_feature=5 18 7 80 32 9 45 70 27 78 33 45 56 4 57 45
split_gain=7.62626 8.22074 8.15518 21.3036 12.8073 17.57 22.1492 11.3922 16.7669 8.58277 6.75113 5.91535 4.39967 3.893 3.82868 1.15024
threshold=9.6265997886657733 0.47187499701976782 13.618768215179445 0.37500000000000006 0.24668305367231372 2.5000000000000004 0.35102257132530218 1.0000000180025095e-35 110.75190734863283 1.0000000180025095e-35 0.92022857069969188 0.17537570744752887 4.8666667938232431 2.9237999916076665 -3.7117149829864498 0.21011346578598025
decision_type=2 2 2 2 2 2 2 2 2 2 2 2 2 2 2 2
left_child=1 2 4 10 7 9 -7 8 -1 -6 -4 -9 13 14 -3 -16
right_child=-2 12 3 -5 5 6 -8 11 -10 -11 -12 -13 -14 -15 15 -17
leaf_value=-0.013398495132005533 -0.049580917891702943 -0.071540337135617235 0.035047319637973438 -0.099914433601162575 0.048900802847725106 0.07178591707520425 -0.20301166170954357 0.0070962739462124089 -0.16814494527420448 -0.031532002534575762 -0.031618103290475118 0.083250526633134439 -0.15718650781497151 -0.088407803420106401 0.00812688670311538 0.1146086341190137
leaf_weight=138.17333363025682 39.444021971197799 4.3301741959876416 59.436341467313468 34.344309932785109 215.94122862470977 7.4583756224601556 9.7389389632444345 37.986562304839026 10.876275489223188 20.958103250100976 34.613278941716999 23.946976801133133 5.4166714407620011 10.285475205746478 2.3193439851165767 3.9466101992002223
leaf_count=11660 508 425 518 413 95580 1401 4160 4186 1167 4345 317 4833 350 426 171 1037
internal_value=0.00158119 0.00483729 0.00774656 -0.0190259 0.0151376 0.0332831 -0.0838335 -0.00671591 -0.0246905 0.041785 0.0105123 0.0365418 -0.0608162 -0.0358178 0.0152303 0.0751944
internal_weight=659.216 619.772 593.474 128.394 465.08 254.097 17.1973 210.983 149.05 236.899 94.0496 61.9335 26.2983 20.8816 10.5961 6.26595
internal_count=131497 130989 128580 1248 127332 105486 5561 21846 12827 99925 835 9019 2409 2059 1633 1208
is_linear=0
shrinkage=0.12


Tree=49
num_leaves=42
num_cat=0
split_feature=19 46 7 28 0 17 70 75 1 65 68 56 71 22 77 21 56 32 70 57 46 22 52 4 50 58 52 74 6 33 70 15 82 19 33 49 1 16 70 81 75
split_gain=7.21569 6.8821 6.40735 9.04382 9.89383 8.29713 11.249 7.84685 7.76421 6.45594 5.38246 5.27738 4.96025 8.55735 5.87688 5.40064 4.84531 4.05066 4.75726 3.88662 5.31984 3.65079 3.58094 3.43703 3.27393 3.75577 3.2001 3.53462 2.97994 2.30713 2.24042 2.21171 1.8617 1.8499 1.36902 1.19334 1.16483 0.961954 0.977409 0.772673 0.410374
threshold=27.406229972839359 0.27809068560600286 13.233663082122805 4.5244843959808358 8.5898499488830584 1.5000000000000002 1.0000000180025095e-35 1.0000000180025095e-35 155.01999664306643 9.3890624046325701 5.5000000000000009 0.30520834028720861 -0.20445667952299115 0.20852916687726977 1.0000000180025095e-35 0.25426666438579565 0.31406250596046453 0.20634794980287555 1.0000000180025095e-35 -1.4933811426162718 0.34384296834468847 0.77785000205039989 2.4114582538604741 2.9618500471115117 0.11221108585596086 -0.29302474856376642 2.0617187023162846 0.26229789853096014 10.758950233459474 1.1134713888168337 1.0000000180025095e-35 2.459436416625977 0.62500000000000011 24.153341293334964 0.96475714445114147 0.19586069136857989 272.22999572753912 2.5000000000000004 1.0000000180025095e-35 10.000000000000002 1.0000000180025095e-35
decision_type=2 2 2 2 2 2 2 2 2 2 2 2 2 2 2 2 2 2 2 2 2 2 2 2 2 2 2 2 2 2 2 2 2 2 2 2 2 2 2 2 2
left_child=2 12 3 8 22 6 -6 11 17 -7 33 -4 16 -14 15 -15 -2 18 -1 20 36 -13 29 -16 25 -18 27 -22 -28 -5 -24 -12 -26 -10 35 -21 -3 38 -36 -37 -38
right_child=1 19 7 4 5 9 -8 -9 10 -11 31 21 13 14 23 -17 24 -19 -20 34 26 -23 30 -25 32 -27 28 -29 -30 -31 -32 -33 -34 -35 37 39 40 -39 -40 -41 -42
leaf_value=-0.029058334094265677 -0.13552953535247067 0.020085948011079154 -0.022113389412580949 0.089358026882633515 0.02124868034576512 0.08216112310507305 -0.10219638232408898 -0.051182657598975209 0.092879404768107132 0.016253931090685701 0.02962619036824897 0.00426290191599955 -0.1096125500488728 -0.070332696867805647 -0.028108683263854812 -0.015906975333759846 -0.059374917640031034 0.14151366759121339 0.068730230271756204 0.20736761803719503 -0.24347182172827497 0.063763197003677066 -0.071784785797029113 0.10141245226941559 0.10342923894543969 0.04894483983925154 0.082366326896463796 -0.029271801007382608 -0.091065498856484392 0.16469890799822837 0.12499770453411314 -0.11802660917419792 0.031755730299215426 -0.038745080643028861 -0.088328561001383657 0.119094222313663 0.14704476538189734 0.12493634378862209 0.072321829898644274 -0.016911571334996069 0.078213801039769312
leaf_weight=19.916750633623451 2.7991736839758223 2.6641446430003333 41.758407472632825 13.682463423465384 42.810857905715238 43.454499561106786 14.141187568980966 41.889242402045056 3.057957850018286 42.173021291033365 1.6124206657987112 30.163477064110339 16.735394353978336 32.139845251920633 4.4726617293199515 143.3677258939133 10.017926911794349 3.5442367791256393 11.187970767627123 2.1118290627782681 1.9705521489668152 29.248591270064935 2.4558015356888054 8.6678291285643336 8.3695039982558228 8.5378143800771777 3.485900558938738 2.5383106014342047 2.414986529853195 10.228225662009207 1.2609110984776637 15.541116264648734 13.861879740492441 3.0925359120883513 1.097306345414836 4.0987753058143426 2.9509551986702718 1.2095933246018833 1.0841726148792077 0.704967604309786 2.1605194092553575
leaf_count=2032 445 440 518 16915 14215 14681 3623 399 228 21690 118 369 208 428 794 31810 655 103 1935 278 279 367 1221 629 661 2091 975 391 42 1864 832 3084 3160 375 453 1866 526 186 243 183 185
internal_value=0.00146157 -0.0131777 0.0124034 0.0248871 0.0388279 0.0260924 -0.00940272 -0.00750634 -0.0160567 0.0497007 -0.0696143 0.0105777 -0.019571 -0.0273738 -0.0200783 -0.0258737 0.0171968 0.0199649 0.00611496 0.0426889 0.00932293 0.0335549 0.104553 0.057327 0.0276782 -0.00953514 -0.0467712 -0.122886 0.0113879 0.121586 -0.00502546 -0.104147 0.0587388 0.0266972 0.101561 0.132186 0.0844199 0.039105 -0.00848697 0.0991349 0.117951
internal_weight=648.681 277.462 371.22 228.16 170.207 142.58 56.952 143.06 57.953 85.6275 23.304 101.17 248.97 205.383 188.648 175.508 43.5863 34.649 31.1047 28.492 18.1854 59.4121 27.6274 13.1405 40.7871 18.5557 10.4097 4.50886 5.90089 23.9107 3.71671 17.1535 22.2314 6.15049 10.3066 6.91557 7.77562 3.39107 2.18148 4.80374 5.11147
internal_count=131497 46928 84569 82916 75041 54209 17838 1653 7875 36371 3805 1254 40881 33869 33661 32238 7012 4070 3967 6047 2838 736 20832 1423 6567 2746 1687 670 1017 18779 2053 3202 3821 603 3209 2327 1151 882 696 2049 711
is_linear=0
shrinkage=0.12


Tree=50
num_leaves=32
num_cat=0
split_feature=31 86 21 22 80 85 14 15 45 13 85 40 48 28 14 45 4 46 48 14 12 57 10 12 78 14 5 15 13 87 61
split_gain=7.13308 7.78633 8.68252 7.14631 6.65706 13.5927 13.6115 10.8282 6.45633 9.24577 5.7171 5.64082 4.72414 3.59251 8.66549 6.39094 4.05176 3.82006 3.53417 3.51671 5.9123 3.49676 6.58318 6.47203 3.6993 7.04925 2.73865 2.63868 2.30517 1.03727 0.418905
threshold=26.689059257507328 1.0000000180025095e-35 0.25426666438579565 0.20852916687726977 0.37500000000000006 1.0000000180025095e-35 -0.82713100314140309 4.1962251663208017 0.21253155916929248 -2.5172500610351558 1.1683142781257632 0.34408029913902288 1.4822916984558108 53.419853210449226 0.1380179971456528 0.20302187651395801 4.1643500328063974 0.47279074788093572 1.1489583253860476 -0.34645000100135798 5.9369997978210458 -1.1052955389022825 1.0000000180025095e-35 4.9232499599456796 1.0000000180025095e-35 0.1380179971456528 7.9156999588012704 1.1508479714393618 -2.5172500610351558 0.24995714426040652 0.14340316504240039
decision_type=2 2 2 2 2 2 2 2 2 2 2 2 2 2 2 2 2 2 2 2 2 2 2 2 2 2 2 2 2 2 2
left_child=13 2 12 -3 8 6 -6 -7 10 -10 -4 19 -2 14 -1 -16 30 21 -13 -5 -21 22 28 -24 27 -26 -20 -23 -15 -19 -17
right_child=1 3 4 11 5 7 -8 -9 9 -11 -12 18 -14 17 15 16 -18 29 26 20 -22 24 23 -25 25 -27 -28 -29 -30 -31 -32
leaf_value=-0.092888915739164357 -0.025961951430163312 -0.058086750846296366 -0.023610553444423629 0.010684847220466021 -0.12748438794164477 -0.23334707278594025 0.0015178360238206636 0.056344591610679264 -0.024989735289429233 0.036645559107636408 0.072025140491002934 -0.17651347121417876 -0.10174993381477052 -0.009924850687175104 -0.032151372693211527 0.14767169572324554 -0.028387794693095464 0.13405875713074125 0.12346251689300429 0.10356616747231986 0.0014568308720732913 0.034253176340802723 -0.012370723969437593 -0.26356932213790202 -0.19663661979102925 0.13299320044096269 -0.067992336126563094 0.1274844047242876 0.091297680508399287 0.30089173196330532 0.072204322006642424
leaf_weight=9.4496032854076493 32.987496410845779 10.30830755853094 97.437060665135505 14.757261001504956 13.22767874621786 7.3005753411562164 107.4733853758371 2.4923024431045633 46.029781548422761 146.87917674705386 9.9173129822011088 2.2661601833533487 18.477753190440126 4.2674815002828863 8.8890006405708863 8.3544012781494512 2.6985294118640004 1.1792433483351481 1.7711383159621616 33.115397657908034 10.838057558226863 6.1780218416824999 10.711266789236108 1.7131874428305298 1.8401764631271356 1.8976127356581853 2.7407879729289562 14.949327863345387 13.452528057881862 0.98482496358337801 1.2129272211604973
leaf_count=106 593 113 8338 121 229 245 21408 2178 432 60726 2108 203 355 46 472 2451 41 369 741 5394 6217 55 709 1661 12 775 66 8451 6164 309 447
internal_value=0.00403375 -0.000968208 -0.00658807 0.0347854 -0.00102235 -0.0236512 -0.0126196 -0.15962 0.0088121 0.0219388 -0.0147758 0.049404 -0.0531724 0.035832 0.00265075 0.0453271 0.101475 0.0535936 -0.054247 0.0613705 0.078388 0.0474413 0.0199632 -0.0470081 0.0807535 -0.0292891 0.00716249 0.100222 0.0669204 0.209981 0.138104
internal_weight=645.798 558.02 482.223 75.7971 430.757 130.494 120.701 9.79288 300.263 192.909 107.354 65.4888 51.4652 87.7781 30.6045 21.1549 12.2659 57.1737 6.77809 58.7107 43.9535 55.0096 30.1445 12.4245 24.8651 3.73779 4.51193 21.1273 17.72 2.16407 9.56733
internal_count=131535 109467 96612 12855 95664 24060 21637 2423 71604 61158 10446 12742 948 22068 3517 3411 2939 18551 1010 11732 11611 17873 8580 2370 9293 787 807 8506 6210 678 2898
is_linear=0
shrinkage=0.12


Tree=51
num_leaves=23
num_cat=0
split_feature=26 40 13 80 28 21 33 50 12 33 85 49 85 62 44 85 45 65 70 54 40 40
split_gain=6.59746 7.13139 6.68835 8.06175 7.47778 5.70994 5.32127 6.44413 5.25473 5.11158 13.9485 6.38355 8.24956 9.89046 7.25753 11.8029 6.25322 5.4179 5.22414 2.7787 1.40115 1.24662
threshold=1.0000000180025095e-35 0.10209920257329942 -2.5172500610351558 1.0000000180025095e-35 6.3710865974426278 1.0000000180025095e-35 1.1058142781257632 0.10246484354138376 9.7487502098083514 0.48582500219345098 0.39415000379085546 0.24302161484956744 0.63318571448326122 -1.0000000180025095e-35 0.72239583730697643 0.91315713524818432 0.5364002287387849 11.657031059265138 1.0000000180025095e-35 0.10958972200751306 0.32963359355926519 0.04186972230672837
decision_type=2 2 2 2 2 2 2 2 2 2 2 2 2 2 2 2 2 2 2 2 2 2
left_child=1 2 3 -1 6 -6 21 -8 -7 10 18 14 16 -14 17 -16 -13 -11 19 -3 -20 -4
right_child=-2 9 4 -5 5 8 7 -9 -10 11 -12 12 13 -15 15 -17 -18 -19 20 -21 -22 -23
leaf_value=0.021821302478420363 -0.070281913426466766 -0.074300666431168255 -0.17106764291250828 -0.063710823309248391 -0.062907066612585619 0.039881725529565329 -0.036950626915121368 0.035968117615863666 -0.177575051141701 -0.0019576765284621206 -0.459464235682773 0.11842671386598205 -0.28848462630446969 -0.0030292856477018115 -0.078631367803632224 0.023217665851663707 0.01512673690430643 0.152587123823578 -0.076987384439244966 0.12070370333513543 -0.2054635763198098 -0.068597221813592221
leaf_weight=33.152489434927702 16.90677160595078 1.615071116888428 2.634311484231147 30.437086223508231 8.3335382882505638 218.31226030751714 32.879933041433105 37.194183225670713 1.6119884866056953 105.25664459579275 1.293705034040612 16.815140302322106 1.9175244096841222 19.752095961433952 50.695118789735716 24.209126363479299 16.939368391322205 3.3711350100056725 3.6085560930659994 3.0194615779037122 1.8485456764756234 4.870429612143198
leaf_count=354 310 493 119 326 72 78956 2557 3617 1672 11149 379 5625 188 6082 7782 4029 4562 681 802 883 172 725
internal_value=0.00367775 0.00569531 0.0162917 -0.0191186 0.0236542 0.0345933 -0.00853161 0.00175344 0.0382878 -0.00994162 -0.0884975 -0.00619873 0.0294924 -0.028289 -0.0169769 -0.0457137 0.0665866 0.00283844 -0.0409411 0.0527474 -0.120508 -0.104566
internal_weight=636.674 619.768 369.426 63.5896 305.837 228.258 77.5789 70.0741 219.924 250.341 11.3853 238.956 55.4241 21.6696 183.532 74.9042 33.7545 108.628 10.0916 4.63453 5.4571 7.50474
internal_count=131535 131225 88398 680 87718 80700 7018 6174 80628 42827 2729 40098 16457 6270 23641 11811 10187 11830 2350 1376 974 844
is_linear=0
shrinkage=0.12


Tree=52
num_leaves=15
num_cat=0
split_feature=14 71 22 77 4 14 40 74 54 27 48 54 56 32
split_gain=5.93477 6.77763 7.63484 6.96658 13.2082 11.2031 9.53957 5.12188 4.792 7.24254 4.07523 2.35182 2.61468 1.22772
threshold=-1.1373974680900572 -1.9432635307312009 1.0000000180025095e-35 1.0000000180025095e-35 4.1643500328063974 -0.82713100314140309 0.10640533268451692 0.36047656834125524 0.041761536151170738 56.65661811828614 2.3500000238418584 0.08919557556509973 0.4447916597127915 0.21166560798883441
decision_type=2 2 2 2 2 2 2 2 2 2 2 2 2 2
left_child=-1 8 -3 4 6 -5 -4 -7 9 -2 11 13 -13 -10
right_child=1 2 3 5 -6 7 -8 -9 10 -11 -12 12 -14 -15
leaf_value=-0.034963253207430989 -0.49666131734493679 -0.10307994020627066 0.019644161481729993 -0.11183658250652134 -0.085698513641523422 0.10149617617061941 -0.016283494277657365 -0.0087106950573525507 0.027532542496063784 0.020930204294166335 -0.18499365622241903 -0.027232482007331582 0.053313649991143852 0.11542232465180655
leaf_weight=53.368233113898896 0.58280750026460637 9.7014445344684628 261.24991018539004 5.2082951492629936 24.395863240701146 27.120156585151562 179.57349108469498 7.8246429027203694 2.8818482924834816 1.1724523869925176 1.0420631482556917 6.8529312670143545 37.898634615863557 11.119186673167858
leaf_count=556 444 178 73196 39 314 3498 33815 1635 412 488 129 1639 11366 3826
internal_value=0.00332102 0.00686434 0.00236703 0.00439125 0.000252058 0.0523485 0.0050087 0.0768193 0.0444996 -0.150928 0.0502363 0.0544085 0.0409794 0.0973319
internal_weight=629.992 576.624 515.074 505.372 465.219 40.1531 440.823 34.9448 61.5499 1.75526 59.7947 58.7526 44.7516 14.001
internal_count=131535 130979 112675 112497 107325 5172 107011 5133 18304 932 17372 17243 13005 4238
is_linear=0
shrinkage=0.12


Tree=53
num_leaves=30
num_cat=0
split_feature=79 26 86 70 35 22 83 74 35 33 14 11 64 40 49 50 70 48 58 27 45 18 70 40 27 61 5 27 45
split_gain=6.62338 11.7322 8.70176 12.3522 14.4457 11.1191 11.2444 9.25348 6.50728 6.15122 5.76848 5.26233 10.5317 5.21931 5.08592 7.47003 4.96257 4.14263 8.18699 3.84186 4.21061 3.67268 3.00252 2.03056 1.51504 0.914506 0.00564991 0.00141402 0.000622819
threshold=1.0000000180025095e-35 1.0000000180025095e-35 1.0000000180025095e-35 1.0000000180025095e-35 0.9224643111228944 5.6522915363311776 1.0000000180025095e-35 1.9569962620735171 12.306562900543215 0.25732499361038214 -0.34645000100135798 3.5118499994277959 42.500000000000007 0.7422647774219514 0.61321449279785167 0.22215428203344348 1.0000000180025095e-35 1.7635416984558108 4.3633635044097909 99.123470306396499 0.21253155916929248 0.29479165375232702 1.0000000180025095e-35 0.47225356101989752 52.50726509094239 -21.651907920837399 8.5436496734619158 16.904777526855472 0.21253155916929248
decision_type=2 2 2 2 2 2 2 2 2 2 2 2 2 2 2 2 2 2 2 2 2 2 2 2 2 2 2 2 2
left_child=1 2 3 4 27 6 -5 -6 16 -7 -4 21 -13 14 17 22 19 23 -19 20 24 -12 -16 -10 -2 -18 28 -1 -27
right_child=8 -3 10 5 7 9 -8 -9 13 -11 11 12 -14 -15 15 -17 25 18 -20 -21 -22 -23 -24 -25 -26 26 -28 -29 -30
leaf_value=-0.12505563731148733 0.016055090769010349 -0.12497764912478902 -0.016556330716029407 -0.037537562913543362 0.01225654655805215 -0.13484745042118429 -0.1472390864931224 -0.081714413316305315 0.1024609402002309 0.093776762718365728 0.10454855177822442 0.020192267079683659 -0.43954753904801103 -0.30255938212580535 0.12274384521580722 -0.44892338292684392 -0.011807784720241224 0.075634413029525782 -0.25176594341286862 -0.12829533775532875 0.1024644279400152 0.038706411781723592 -0.18309032351349636 -0.055983719239922895 -0.05017186921951261 0.12079386833825295 0.13086312216629209 -0.12049183558978764 0.12456031607243902
leaf_weight=1.0654354635626067 7.7831682004616694 10.898732284782453 19.682605421403423 51.715099249006016 350.83975028173882 2.0215926039963952 18.186117280158214 15.767870616124126 33.734406427232898 10.478486377440275 24.387415425095242 4.4049700460018348 0.85714878121507343 0.54516754590440442 1.399130394333042 0.63273430010303844 0.8300022015464491 3.9660397922561961 1.5218748457555191 4.1871052359929299 4.4061809684499158 24.410160030151019 0.69032100590993639 1.2063766661449324 13.78200127428863 1.9112643588741769 1.6481089573935603 11.859017869690431 0.94469446074799623
leaf_count=33 340 233 179 3639 67925 43 1761 3327 21576 6850 7558 2081 745 99 1049 307 152 1488 783 412 456 2984 14 292 1054 1459 99 4405 192
internal_value=0.00297802 -0.00172117 0.000786576 -0.00532429 0.00381909 -0.0474378 -0.0660785 0.00821484 0.0354127 0.0568022 0.039066 0.0593175 -0.0546949 0.0664152 0.0710768 -0.087689 -0.00275556 0.081767 -0.0151582 -0.0216264 -0.00442921 0.0716121 0.0217012 0.0969904 -0.0262696 0.103939 0.125268 -0.120868 0.12204
internal_weight=625.763 546.574 535.676 461.933 379.532 82.4013 69.9012 366.608 79.1886 12.5001 73.7423 54.0597 5.26212 43.6961 43.1509 2.72219 35.4925 40.4287 5.48791 30.1585 25.9714 48.7976 2.08945 34.9408 21.5652 5.33407 4.50407 12.9245 2.85596
internal_count=131535 101763 101530 87983 75690 12293 5400 71252 29772 6893 13547 13368 2826 25608 25509 1370 4164 24139 2271 2262 1850 10542 1063 21868 1394 1902 1750 4438 1651
is_linear=0
shrinkage=0.12


Tree=54
num_leaves=25
num_cat=0
split_feature=18 46 5 62 13 45 62 86 38 12 21 11 65 40 21 14 50 18 43 13 13 0 21 50
split_gain=5.98481 6.18346 6.10566 6.043 5.41524 5.9858 5.43438 5.09483 6.58362 7.90435 5.89562 4.23855 10.1467 3.8228 3.6086 3.53823 3.00443 5.84934 3.1578 3.24336 2.4902 4.28664 2.4694 1.43286
threshold=0.23020833730697635 0.28563208878040319 9.6265997886657733 -0.76116773486137379 -2.8484499454498287 0.20302187651395801 -9.1064310073852521 1.0000000180025095e-35 1.0000000180025095e-35 9.7487502098083514 0.25426666438579565 3.5118499994277959 11.550520896911623 0.50737556815147411 -1.0000000180025095e-35 -0.58035701513290394 0.20363378524780276 0.24296875298023227 4.304610252380372 -2.1312999725341792 -1.4307000041007993 15.061749935150148 1.0884749889373782 0.21153321862220767
decision_type=2 2 2 2 2 2 2 2 2 2 2 2 2 2 2 2 2 2 2 2 2 2 2 2
left_child=4 2 7 -3 -1 20 -7 8 10 -10 -2 15 -13 14 -8 -9 18 -18 19 -5 -6 22 -22 -19
right_child=1 3 -4 16 5 6 13 11 9 -11 -12 12 -14 -15 -16 -17 17 23 -20 -21 21 -23 -24 -25
leaf_value=-0.037195438103173446 -0.063453609703936209 -0.15462991398436912 -0.06305364019090566 -0.0053368707991079253 0.053536655660260897 0.31645378695916093 -0.10842656709127681 -0.031145396214878 0.015628028557494306 -0.30229017957526977 -0.011878370797008077 -0.00020429070912079039 -0.45348257586295987 -0.093922155010175382 0.066532525305334808 0.056376817562867276 -0.20989305065207414 -0.066789095616357499 -0.086422691827232778 0.099219702128623369 0.067085446432825102 -0.13921367692877837 -0.05101345669731628 0.048214533717814555
leaf_weight=14.677332333871162 37.460120748262852 2.2024016926297909 25.971808897564188 5.2356670142617103 5.5849876812717438 1.1697680568322528 1.7493328507989563 7.9270409613382062 137.47158944078546 1.135455304145579 215.65199267475691 4.761381560820154 0.8360050837509333 2.3748152677144381 57.370827246006236 41.332256261666771 1.6382664785051009 1.8287807020824391 1.7427963840018481 23.216862801156825 4.6177617267239821 4.4342320065916274 5.6924223102687392 10.617391939114894
leaf_count=145 673 281 378 82 141 88 15 85 42247 998 41869 1535 498 327 19221 7897 474 141 143 9676 505 447 918 2751
internal_value=0.00274394 -0.00238416 -0.00649207 0.0393777 0.0299949 0.0418773 0.0602329 -0.00320259 -0.0079991 0.0130237 -0.0195114 0.0310482 -0.0679043 0.0553591 0.0613556 0.0422923 0.0490274 0.00325957 0.0703755 0.0799798 -0.0147033 -0.0405517 0.0018811 0.0313165
internal_weight=616.701 519.03 472.548 46.4822 97.6715 82.9941 62.6647 446.576 391.719 138.607 253.112 54.8567 5.59739 61.495 59.1202 49.2593 44.2798 14.0844 30.1953 28.4525 20.3294 14.7444 10.3102 12.4462
internal_count=131535 109728 96180 13548 21807 21662 19651 95802 85787 43245 42542 10015 2033 19563 19236 7982 13267 3366 9901 9758 2011 1870 1423 2892
is_linear=0
shrinkage=0.12


Tree=55
num_leaves=28
num_cat=0
split_feature=79 22 32 65 86 23 21 4 1 70 7 40 85 18 13 43 32 62 32 1 49 13 22 4 22 45 14
split_gain=6.67884 10.1897 8.1923 6.33594 5.39881 8.55089 7.50151 6.17381 5.2428 4.79015 9.33307 5.83109 4.44517 2.35492 2.37715 2.25993 2.22269 2.10495 3.5468 2.00841 1.9715 1.40854 0.751227 1.20005 0.00233675 7.05773e-05 2.87108e-05
threshold=1.0000000180025095e-35 1.0000000180025095e-35 0.22368661314249041 0.29270832240581518 1.0000000180025095e-35 1.3550181388854983 1.0000000180025095e-35 1.1828500032424929 238.76999664306643 1.0000000180025095e-35 14.161862373352053 0.42199751734733587 1.044585704803467 0.24114582687616351 0.87009999155998241 19999987.000000004 0.20990552008152011 19999991.000000004 0.50967568159103405 433.49000549316412 0.70505782961845409 -1.9763500094413755 0.77785000205039989 3.0197499990463261 0.20852916687726977 0.21253155916929248 0.69558399915695202
decision_type=2 2 2 2 2 2 2 2 2 2 2 2 2 2 2 2 2 2 2 2 2 2 2 2 2 2 2
left_child=1 -1 12 21 6 -6 -5 -7 -8 15 11 19 13 -2 -15 17 -16 20 -19 -11 -4 -3 -23 -24 -14 26 -26
right_child=2 3 9 4 5 7 8 -9 -10 10 -12 -13 24 14 16 -17 -18 18 -20 -21 -22 22 23 -25 25 -27 -28
leaf_value=-0.1319857405789622 0.029426996810984839 0.10875495277527927 0.11508494914699653 -0.095758024961363236 -0.03853069174022021 -0.046726928762863371 -0.019979766707462598 0.072691825054505069 0.0064065351202171788 0.12475024747565308 -0.14916597037207999 -0.1108956935497538 0.12835168664452035 -0.13052988710523225 -0.075312278445727521 -0.18772290396039015 0.010262962920281829 -0.5822315178665145 0.12009511040080946 -0.09955016569561205 -0.13205500804037928 -0.021510125689961832 -0.018652222000679095 0.11887281707166057 0.12160869990215714 0.12234926507195826 0.12048362880666377
leaf_weight=8.9233397467760351 8.2575402308284556 8.1642257859930378 24.285779105906851 14.110721376026047 20.369873788906261 7.3687689661455797 217.94474698472186 40.483701472083339 215.80537357353023 8.7916100560250889 3.7103388011455527 2.1041558994038487 0.86958952597342376 3.9144215240376097 7.7772367977886487 0.38357003367855114 9.9781064568378479 0.17072214939980668 0.26313376741018146 0.61506878281943578 0.47387745109153812 2.3024651200976214 1.4988148649863435 2.3404565860400908 0.42200806102482635 0.4952551893875351 1.4450878198040298
leaf_count=229 512 71 18751 165 189 3406 28382 9726 58543 5323 19 350 25 349 1088 188 428 277 477 30 329 36 383 390 60 179 1459
internal_value=-0.000180943 -0.00481837 0.0336361 -0.00267889 -0.00486256 0.0265844 -0.00965285 0.0543026 -0.00685169 0.069642 0.0163409 0.0696894 -0.0106647 -0.0251032 -0.0458826 0.101362 -0.0272209 0.105763 -0.15627 0.110084 0.110355 0.0760965 0.0326836 0.0651844 0.123033 0.121076 0.120738
internal_weight=613.27 539.312 73.9575 530.389 516.083 68.2223 447.861 47.8525 433.75 40.7983 15.2212 11.5108 33.1592 29.9273 21.6698 25.5771 17.7553 25.1935 0.433856 9.40668 24.7597 14.306 6.14174 3.83927 3.23194 2.36235 1.8671
internal_count=131364 101520 29844 101291 100411 13321 87090 13132 86925 25744 5722 5703 4100 2377 1865 20022 1516 19834 754 5353 19080 880 809 773 1723 1698 1519
is_linear=0
shrinkage=0.12


Tree=56
num_leaves=31
num_cat=0
split_feature=79 22 32 64 5 32 27 18 74 22 12 85 7 40 85 32 82 32 27 33 43 71 22 49 32 2 27 22 28 14
split_gain=5.54752 8.99721 7.07435 5.31756 5.5623 7.11384 8.83991 6.11138 7.11326 6.85786 4.77463 4.29928 7.23199 4.9206 3.82882 2.71902 3.54359 2.36823 2.92973 2.29707 1.79785 1.78009 3.14296 1.70414 1.13466 0.655297 0.0490397 0.00162636 4.29223e-05 2.05303e-05
threshold=1.0000000180025095e-35 1.0000000180025095e-35 0.22368661314249041 1.5000000000000002 3.8321999311447148 0.20990552008152011 52.50726509094239 0.35312499105930334 2.0520910024642949 0.20852916687726977 6.4414498805999765 1.0000000180025095e-35 14.161862373352053 0.42199751734733587 1.044585704803467 0.2438820078969002 0.37500000000000006 0.20436896383762362 69.540111541748061 0.25732499361038214 19999987.000000004 19999983.000000004 6.9023249149322519 0.70505782961845409 0.36775885522365576 0.22055000066757205 90.875988006591811 0.20852916687726977 6.3710865974426278 0.69558399915695202
decision_type=2 2 2 2 2 2 2 2 2 2 2 2 2 2 2 2 2 2 2 2 2 2 2 2 2 2 2 2 2 2
left_child=1 -1 14 15 5 6 -5 8 -6 -9 -7 20 13 19 17 -3 -17 25 -19 -13 21 23 -23 -4 -18 -2 -27 -16 29 -29
right_child=2 3 11 4 7 10 -8 9 -10 -11 -12 12 -14 -15 27 16 24 18 -20 -21 -22 22 -24 -25 -26 26 -28 28 -30 -31
leaf_value=-0.1306365536082077 -0.012314847828330238 -0.0031594047794019468 0.11352338994289388 0.046190312950961397 -0.001137669331311176 0.15940616318128875 -0.084717171103796715 -0.17884869204822779 -0.076704134498359236 -0.034287562073200745 0.036670420471317855 -0.14783341663734365 -0.12369927595817014 -0.090040690381170033 0.12738252612305928 0.15585410977369596 0.077336966811886079 0.042578415089761922 -0.041609976524515473 0.12437226948722946 -0.13745266473573076 -0.49881897729639646 0.12010332750632295 -0.10351423351304349 0.0010255853180169254 -0.12692746847171588 -0.095314767789632132 0.12143661332828096 0.1219209930762321 0.12041400523219824
leaf_weight=7.9910017729271194 1.0315353309270019 8.8353143682179525 21.86789330681496 13.696242884630921 341.0458801415225 5.0043301628320469 16.231100526405498 5.2122186480555674 18.93381160806166 50.605455873796018 51.889841207565041 0.47298773005604555 3.9217549264430991 2.2685376538720439 0.77676383918151204 5.7170555723423631 5.7023305290786066 10.094964415824508 14.504748754086902 7.9471332078828709 0.45526702108327199 0.19372531825501837 0.30285065983480308 0.53366581635782395 5.5234910104481969 3.063278693123721 0.91849553521024052 0.36737519077723879 0.50311936989601225 1.2266910250546059
leaf_count=229 173 440 18751 814 42587 3535 4454 37 1764 3355 43332 8 19 350 25 353 339 521 380 5345 188 237 523 323 281 808 495 59 197 1442
internal_value=-9.93342e-05 -0.00425746 0.0315592 -0.00234621 -0.00507245 0.0225534 -0.0248074 -0.0108409 -0.00511223 -0.0477866 0.0474661 0.0667356 0.0156806 0.0668203 -0.00954745 0.0508095 0.0789531 -0.0223813 -0.00706165 0.109082 0.0986767 0.103372 -0.121352 0.108353 0.0397891 -0.097553 -0.119635 0.122692 0.120955 0.12065
internal_weight=606.839 536.388 70.4508 528.397 502.619 86.8215 29.9273 415.797 359.98 55.8177 56.8942 37.9638 14.6104 10.6887 32.487 25.7782 16.9429 29.613 24.5997 8.42012 23.3534 22.8981 0.496576 22.4016 11.2258 5.01331 3.98177 2.87395 2.09719 1.59407
internal_count=131364 101520 29844 101291 99878 52135 5268 47743 44351 3392 46867 25744 5722 5703 4100 1413 973 2377 901 5353 20022 19834 760 19074 620 1476 1303 1723 1698 1501
is_linear=0
shrinkage=0.12


Tree=57
num_leaves=49
num_cat=0
split_feature=18 46 57 74 4 68 2 48 68 40 28 85 0 0 81 46 70 18 14 4 50 2 85 27 49 16 14 50 28 21 74 28 54 12 49 46 56 12 85 13 12 75 27 27 40 80 68 18
split_gain=4.70669 5.13683 5.8321 5.37274 5.19304 4.90679 5.77989 4.76131 4.72069 6.20874 4.57048 8.14653 6.24276 8.35039 10.5465 9.84527 8.63155 7.45138 5.89692 5.57159 4.32773 6.96296 5.88323 5.26574 5.0708 15.2558 5.9591 5.55291 4.64033 4.5662 4.29918 3.2556 4.08011 7.13831 3.10311 2.82527 2.74887 2.59648 3.07438 5.22663 2.80585 2.44803 2.29768 2.15722 1.79795 1.6963 0.440419 0.412282
threshold=0.27864582836627966 0.12584141641855243 -3.2890663146972652 0.70043182373046886 1.103999972343445 19.500000000000004 0.42527000606060034 1.2364583015441897 5.5000000000000009 0.03156599402427674 0.9224643111228944 1.1891999840736391 8.5898499488830584 9.8291501998901385 10.000000000000002 0.42191424965858465 1.0000000180025095e-35 0.24921874701976779 -0.58035701513290394 4.1643500328063974 0.21937893331050876 0.58445000648498546 0.91881427168846141 32.067851066589363 0.50354051589965831 1.0000000180025095e-35 -0.16760700196027753 0.19655697047710421 21.143515586853031 0.25426666438579565 0.21053005009889605 4.5244843959808358 0.15933418273925784 9.7487502098083514 0.058206923305988319 0.14384958148002627 0.29739584028720861 9.3680500984191912 1.0694857239723208 -1.3363500237464903 1.8756999969482424 1.0000000180025095e-35 60.959653854370124 100.91640090942384 0.11134690046310426 0.37500000000000006 19.500000000000004 0.2885416597127915
decision_type=2 2 2 2 2 2 2 2 2 2 2 2 2 2 2 2 2 2 2 2 2 2 2 2 2 2 2 2 2 2 2 2 2 2 2 2 2 2 2 2 2 2 2 2 2 2 2 2
left_child=10 20 3 4 30 8 -7 -6 9 -4 11 37 31 15 18 17 -16 -14 -15 41 24 22 23 -22 27 -26 -27 28 -2 -24 -3 -12 43 -34 -10 -8 -5 38 40 -40 -1 46 -38 -33 -29 47 -13 -23
right_child=1 2 5 36 7 6 35 -9 34 -11 12 19 13 14 16 -17 -18 -19 -20 -21 21 45 29 -25 25 26 -28 44 -30 -31 -32 32 33 -35 -36 -37 42 -39 39 -41 -42 -43 -44 -45 -46 -47 -48 -49
leaf_value=-0.33780209114957127 -0.043374286743788459 0.11705189927930892 -0.14696777931163138 -0.09085119588734808 -0.12768374194570664 -0.16982307530452997 -0.091738068646107673 -0.027131197199955645 -0.017087513249583901 0.039998475548079719 -0.0019709032096277748 0.12283111420776945 0.051810081463829906 -0.005193200030762634 -0.02912038712583009 -0.60241215177600171 -0.22641144822732232 -0.1229970901567041 0.033564760753562836 -0.060204277515841911 -0.32437574827646642 0.040506032452020814 -0.099849387898098399 -0.11734317733215158 -0.48227894639351082 -0.17581945150144204 0.051078351556851635 0.033944249656460972 0.0047660381919058022 0.12600898949626696 -0.10618794385204879 0.13671501915275189 0.055704580570754857 -0.31888933362259109 0.10138412233487532 0.035883337692688838 0.12613924687059744 -0.26008254643292977 -0.12207693404426799 0.087974263226621247 -0.10393864121013606 -0.013171286830527368 0.017425323536648402 -0.019508529932557559 0.16162360762538666 -0.036949277357073824 0.20354753693654903 0.13158238745052697
leaf_weight=0.81765083275968731 53.311541783608845 4.2302350956888395 3.1858738032751743 1.9781486086430948 12.208015913434794 3.0668169478012741 3.1221016706840592 15.254515564622123 3.6885869285324615 12.97026029731205 7.8906889728532432 4.4530994646047457 5.4972134395065924 88.942066568648443 12.919968103611611 0.49734454146528229 4.2416324880032326 9.7204144201095897 155.11123647529894 5.2284300988540053 2.0976719686586938 1.0617521029198536 2.90420622692909 11.292961514031047 1.3205222197575475 2.7361665030475706 4.2647819434496341 3.1714491108141365 62.796128772257362 2.3175997146172449 1.7586909317178649 14.133388354508499 6.8749585388723053 0.81991339661180962 23.258942381929955 12.493904319097053 4.7627654096140741 1.2208130233339023 3.4521477760281414 3.3720830787933656 7.6565999880549498 2.0234498876670841 6.7914576071052579 1.3987777058355266 3.1812612195499241 2.0733117541822139 1.2457464652106862 2.1961282396223396
leaf_count=306 4094 949 450 231 1023 329 615 1877 800 1229 385 1373 4787 979 1302 535 355 4300 44365 59 476 455 33 1458 108 36 2136 589 11986 684 447 12945 6470 723 8933 3239 1367 223 77 1001 3123 459 1366 668 301 549 116 1053
internal_value=-4.07126e-05 -0.0120594 0.00792389 -0.0239409 -0.0497507 0.0321546 -0.0192106 -0.0718302 0.0544183 0.00313007 0.00934215 -0.0358053 0.0136613 0.0079349 0.0130459 -0.0770207 -0.0778825 -0.0598498 0.0194399 0.0354515 -0.0261075 -0.0730114 -0.107645 -0.149775 -0.0175203 -0.108165 -0.0375997 -0.0113608 -0.0173379 0.000393577 0.0514959 0.0646227 0.0872459 0.0157904 0.0851677 0.010368 0.0398598 -0.0916688 -0.0782295 -0.0182835 -0.126503 0.100216 0.0622383 0.122646 0.0978825 0.0479014 0.140475 0.1019
internal_weight=601.013 263.496 108.77 46.9838 33.4515 61.7865 18.6828 27.4625 43.1037 16.1561 337.518 29.47 308.048 276.93 261.215 15.715 17.1616 15.2176 244.053 12.9507 154.725 23.9436 18.6124 13.3906 130.782 8.32147 7.00095 122.46 116.108 5.22181 5.98893 31.1177 23.227 7.69487 26.9475 15.616 13.5324 16.5193 15.2985 6.82423 8.47425 7.7223 11.5542 15.5322 6.35271 5.33119 5.69885 3.25788
internal_count=131364 46813 22855 7260 4296 15595 4183 2900 11412 1679 84551 6737 77814 56623 47001 9622 1657 9087 45344 2007 23958 4708 2651 1934 19250 2280 2172 16970 16080 717 1396 21191 20806 7193 9733 3854 2964 4730 4507 1078 3429 1948 2733 13613 890 2057 1489 1508
is_linear=0
shrinkage=0.12


Tree=58
num_leaves=33
num_cat=0
split_feature=73 46 28 22 70 87 23 27 70 28 19 68 23 23 19 79 26 23 50 1 45 44 40 27 65 56 40 44 80 21 1 68
split_gain=4.86152 5.40748 5.2771 7.49603 5.80424 9.10329 10.9639 5.66222 9.39693 7.52622 6.49931 5.94565 5.41546 9.72084 7.10597 5.08483 7.44857 5.27608 4.13321 4.06609 4.19405 3.6905 3.62532 3.55873 4.95457 3.53132 3.41843 2.93607 2.88163 5.19002 1.6393 1.35279
threshold=1.0000000180025095e-35 0.065772313624620451 5.3506467342376718 5.6522915363311776 1.0000000180025095e-35 0.0061142856720834979 0.86253532767295849 53.378118515014656 1.0000000180025095e-35 3.6548196077346806 23.897209167480472 5.5000000000000009 9.2089099884033221 9.3831419944763201 25.382780075073246 1.0000000180025095e-35 1.0000000180025095e-35 2.2090684175491337 0.084873788058757796 142.26499938964847 0.20542784035205844 0.015625000465661291 0.26205857098102575 59.883895874023445 0.80937498807907116 0.52708330750465404 0.22274658828973773 1.0000000180025095e-35 1.0000000180025095e-35 0.13955000042915347 475.41500854492193 14.500000000000002
decision_type=2 2 2 2 2 2 2 2 2 2 2 2 2 2 2 2 2 2 2 2 2 2 2 2 2 2 2 2 2 2 2 2
left_child=2 -2 7 4 15 6 -6 9 10 19 11 -9 27 21 -15 16 -4 -17 -3 20 -1 -14 -12 -10 -25 -20 -7 -5 29 -27 -29 -30
right_child=1 18 3 12 5 26 -8 8 23 -11 22 -13 13 14 -16 17 -18 -19 25 -21 -22 -23 -24 24 -26 28 -28 30 31 -31 -32 -33
leaf_value=-0.012186762891671575 -0.22280642694772426 0.10435398253448681 0.0084146121700669988 0.26730920334334007 -0.10048477148366319 -0.081822155811770436 0.0085304964753180942 0.11594201712061804 0.15269990176662149 0.12323344865366868 -0.13201134348152296 -0.060213947270379015 -0.29045307634159723 0.10455270245833642 0.013533947245878033 0.12760383086239224 -0.13435566889680284 0.011452164255909041 -0.18086841245581223 -0.098538746799961052 0.10024021278853389 -0.043102791436944364 0.0093035303239444155 -0.18206014061835676 0.0049497924618005706 -0.20760533753218355 -0.22949575308934048 0.12523039937419586 0.11750239891844314 0.051529497258392197 -0.064756517570295269 -0.045467107399685236
leaf_weight=24.769209031910581 2.6292033198551499 2.5060883380065198 263.47006244800286 2.0200080631475421 16.212898280820809 6.7817379510379379 73.557014645572053 3.6883077699458218 2.1529681754327603 7.5737950342154354 22.914743353496309 10.951695608382577 1.655243359942687 19.274074287015537 34.39043903943093 10.403485137998361 5.3693463364616028 12.277272359191555 2.8626535702787788 5.9962791434954843 5.9201099653437259 1.8277249195816692 2.950799243990331 2.1670064085046752 34.819402454231749 2.3965066929813474 3.3834348432719707 4.2513674426445505 2.1254708737687911 2.0780088393366896 0.77288932027295221 1.119940919219516
leaf_count=1513 378 537 31379 184 186 714 10698 410 406 326 4147 922 16 25802 29228 894 130 8638 218 406 113 909 298 258 5174 12 266 5562 709 740 27 164
internal_value=8.67389e-05 -0.0657639 0.00187266 0.00784386 0.00161109 -0.0233457 -0.0111582 -0.0200859 -0.0392089 0.0143259 -0.0797266 -0.0158344 0.0458527 0.0336156 0.0462241 0.0101664 0.00556316 0.06473 -0.0342177 -0.00815822 0.00950091 -0.160653 -0.11589 0.00272312 -0.00600698 -0.0670333 -0.130975 0.145128 -0.0248217 -0.0872606 0.0960044 0.0612642
internal_weight=595.269 15.7179 579.551 455.647 391.455 99.9351 89.7699 123.904 79.6449 44.2594 40.5055 14.64 64.1917 57.1475 53.6645 291.52 268.839 22.6808 13.0887 36.6856 30.6893 3.48297 25.8655 39.1394 36.9864 10.5826 10.1652 7.04426 7.71993 4.47452 5.02426 3.24541
internal_count=131364 2758 128606 114633 52905 11864 10884 13973 11615 2358 5777 1332 61728 55955 55030 41041 31509 9532 2380 2032 1626 925 4445 5838 5432 1843 980 5773 1625 752 5589 873
is_linear=0
shrinkage=0.12


Tree=59
num_leaves=19
num_cat=0
split_feature=65 71 26 61 86 23 4 35 70 14 65 87 57 15 48 82 33 46
split_gain=3.97495 4.22974 5.1943 4.04794 4.04703 5.57943 5.65666 4.26465 8.90605 5.70597 2.98929 3.41442 2.67544 2.21155 1.55754 1.17718 1.96365 0.547567
threshold=0.29270832240581518 -1.9432635307312009 1.0000000180025095e-35 7.7310469150543222 1.0000000180025095e-35 1.3550181388854983 1.1828500032424929 28.438219070434574 1.0000000180025095e-35 0.86625748872756969 11.745312690734865 0.26907499134540563 -4.5933375358581534 0.8444184958934785 1.2885416746139529 1.0000000180025095e-35 1.0463571548461916 0.07206334546208383
decision_type=2 2 2 2 2 2 2 2 2 2 2 2 2 2 2 2 2 2
left_child=15 3 4 10 7 -6 -7 9 -9 -3 11 13 -12 -2 -13 -1 -17 -14
right_child=1 2 -4 -5 5 6 -8 8 -10 -11 12 14 17 -15 -16 16 -18 -19
leaf_value=0.11789975013477126 -0.018415516605263801 -0.065905846717645933 -0.10207085837464064 -0.20974840206339451 -0.030611024701419482 -0.048539783641378301 0.067688996554142622 0.011531336615092466 -0.04369878160227119 -0.011192529754553081 -0.40424107507164037 -0.073790920985503355 -0.10492219919562652 0.060531331400381992 0.018243744684289232 -0.029702492695207375 0.079053206498251052 0.078180049576344751
leaf_weight=3.9632054206158491 5.8315378669649354 35.051592472853372 7.8189251296571447 1.0086661697132502 18.191589793888852 7.223717010812833 36.478865766446688 229.36297637500684 51.479614562042116 126.52577196935454 0.39700727607123543 4.9430435737885983 0.62672698139794991 41.275275857908127 5.7026742173184175 3.6682921122846874 6.8642315778561169 0.37645610254548956
leaf_count=244 80 839 232 535 172 3325 9463 70647 11762 15449 229 335 153 16029 328 331 527 684
internal_value=9.46787e-05 -0.00147719 -0.00501305 0.0286224 -0.00350826 0.0252321 0.0484772 -0.00752901 0.00140743 -0.0230617 0.0326871 0.0368874 -0.140562 0.0507582 -0.02449 0.0621523 0.0411755 -0.036211
internal_weight=586.79 572.294 512.133 60.1614 504.314 61.8942 43.7026 442.42 280.843 161.577 59.1527 57.7525 1.40019 47.1068 10.6457 14.4957 10.5325 1.00318
internal_count=131364 130262 111889 18373 111657 12960 12788 98697 82409 16288 17838 16772 1066 16109 663 1102 858 837
is_linear=0
shrinkage=0.12


Tree=60
num_leaves=27
num_cat=0
split_feature=56 52 48 54 65 78 15 56 65 14 4 14 16 28 71 27 69 46 7 28 87 46 42 87 68 33
split_gain=5.85681 6.28809 7.00642 5.56323 4.94839 5.83695 5.44681 5.38632 8.67032 10.0071 7.88422 5.84747 19.6967 10.0391 4.38255 5.19484 4.01272 2.80379 2.04452 2.54734 1.29326 0.248802 0.134467 0.0623152 0.0162147 0.000508334
threshold=6.6270833015441903 1.651041626930237 1.6760416626930239 0.052575837820768363 0.61770832538604747 1.0000000180025095e-35 0.8444184958934785 1.2890625000000002 9.421354293823244 12.732401371002199 4.1643500328063974 1.5565890073776247 1.0000000180025095e-35 19.548528671264652 19999965.000000004 27.406229972839359 17.500000000000004 0.18550460040569308 13.867685794830324 3.6548196077346806 0.47065000236034399 0.04818904027342797 -3.7986012697219844 0.060071429237723357 12.500000000000002 0.99245715141296398
decision_type=2 2 2 2 2 2 2 2 2 2 2 2 2 2 2 2 2 2 2 2 2 2 2 2 2 2
left_child=4 17 3 23 5 18 -6 11 10 -10 -9 12 -8 -13 16 -16 -5 22 19 -1 -21 -4 -2 -3 -23 -24
right_child=1 2 21 14 6 -7 7 8 9 -11 -12 13 -14 -15 15 -17 -18 -19 -20 20 -22 24 25 -25 -26 -27
leaf_value=0.00043685356657789621 0.21411713644507477 -0.30260011428898398 0.18648912233129789 -0.081475937694202666 -0.040754950052453436 -0.035783510955866113 -0.21184287399271673 0.06613761578895902 0.0052649858854182507 -0.31877544095145266 -0.090865793044629481 -0.013443594114812947 -0.012574882178652207 0.054858113170532345 -0.39975264092961577 -0.088471992463725155 0.074381659847576193 -0.066446095438690955 0.025593461037445156 0.069847670725908112 0.1321097731041149 0.078297364677079373 0.15111844965328253 -0.2610943602735098 0.11165562101909894 0.1562764888128122
leaf_weight=4.1340648919285767 1.006931691037608 1.1543554009404098 0.97505456561338977 11.06768375640968 41.00919546931982 10.684931235227848 7.5572844993439494 62.906261981777789 130.46029494464892 1.3869640735792916 4.9696392092155284 83.95873201462382 130.30716765849502 49.115830936265411 1.2072656722593813 2.1414170579373604 3.0299447376164599 0.94303971101180639 12.291063490323721 8.7130667801247927 10.707731330359819 0.34904049945180304 0.59330540578230528 0.94918606246937987 0.52609666498028673 0.51304842489480507
leaf_count=400 38 408 61 1940 453 370 160 11618 34753 1065 66 11741 5444 54049 163 901 3468 294 114 1459 945 509 425 283 291 215
internal_value=0.00207802 -0.0554003 -0.0783955 -0.0995187 0.00459631 0.0420628 0.00118915 0.00484378 0.0197956 0.00185625 0.0546424 -0.00617799 -0.0234981 0.0117655 -0.0772909 -0.200695 -0.0479781 0.105609 0.0652671 0.0859691 0.104176 0.1448 0.182388 -0.283871 0.098351 0.15351
internal_weight=582.659 24.4564 21.4 19.5499 558.202 46.5309 511.671 470.662 199.723 131.847 67.8759 270.939 137.864 133.075 17.4463 3.34868 14.0976 3.05633 35.8459 23.5549 19.4208 1.85019 2.11329 2.10354 0.875137 1.10635
internal_count=131633 8996 8024 7163 122637 3288 119349 118896 47502 35818 11684 71394 5604 65790 6472 1064 5408 972 2918 2804 2404 861 678 691 800 640
is_linear=0
shrinkage=0.12


Tree=61
num_leaves=23
num_cat=0
split_feature=40 79 32 56 42 7 54 15 21 21 52 52 33 54 54 1 53 10 70 32 1 6
split_gain=4.84561 4.1891 5.62736 5.27053 6.25739 8.44389 6.0043 5.38411 5.74074 5.05465 4.63317 5.98206 3.72156 2.81833 4.05638 3.9728 3.34455 2.45058 1.86968 2.27154 1.20464 0.850737
threshold=0.7422647774219514 1.0000000180025095e-35 0.22368661314249041 6.6270833015441903 -0.61423802375793446 13.066836833953859 0.052575837820768363 0.8444184958934785 0.25426666438579565 1.7297999858856203 2.1510417461395268 1.651041626930237 1.0310428738594057 0.16307238489389422 0.16757924109697345 473.93000793457037 0.081542681902647032 1.5000000000000002 1.0000000180025095e-35 0.20260683447122577 196.34500122070315 6.05014991760254
decision_type=2 2 2 2 2 2 2 2 2 2 2 2 2 2 2 2 2 2 2 2 2 2
left_child=1 3 12 4 5 9 -5 -6 -9 -1 11 -8 -3 15 -15 17 -16 -4 19 -14 -20 -12
right_child=-2 2 13 6 7 -7 10 8 -10 -11 21 -13 18 14 16 -17 -18 -19 20 -21 -22 -23
leaf_value=-0.0478447790377192 -0.12346944756692575 -0.12960025304599934 0.10924910801862099 -0.25288388988477112 -0.038265542190656525 -0.10206870010661064 0.094583905995630435 -0.025209145892524147 0.014889487797774881 0.09817544103685226 0.12330587407654897 -0.1070890201876038 -0.092589632499997201 -0.21960252695881577 0.13283855003938472 -0.2938952579656518 -0.0010069292523775632 -0.17843253164907971 0.1259830314982153 0.012779737721667822 -0.065975440210851444 0.013182429520778763
leaf_weight=7.1153279805293987 4.4048412400006773 3.1417639673745752 18.805917146084546 2.093485104400318 37.411148621002212 18.548333466053009 2.585557460231942 59.870371542347129 363.9443649478344 6.5619273097108817 2.2670727617805815 11.711250361171549 3.4921305469470161 0.91887075210979574 3.9491760636446989 0.37067437893710931 8.4209468692060891 0.43628245632862572 2.7384993023370039 18.843689616835036 0.56849647109629575 1.8220687762659507
leaf_count=1406 512 222 16493 659 383 153 658 930 87620 4247 1681 3146 1316 283 2260 137 6004 455 1596 796 147 529
internal_value=0.00191247 0.00287194 0.0324202 -0.0006747 0.00180097 -0.0493215 -0.0603259 0.00537287 0.00922494 0.0222112 -0.0384006 -0.0706168 -0.00632955 0.0663209 0.0236539 0.0952305 0.0417234 0.102726 0.00877361 -0.00369441 0.092984 0.0742363
internal_weight=580.022 575.617 61.6864 513.931 493.451 32.2256 20.4794 461.226 423.815 13.6773 18.3859 14.2968 28.7846 32.9019 13.289 19.6129 12.3701 19.2422 25.6428 22.3358 3.307 4.08914
internal_count=131633 131121 29709 101412 94739 5806 6673 88933 88550 5653 6014 3804 4077 25632 8547 17085 8264 16948 3855 2112 1743 2210
is_linear=0
shrinkage=0.12


Tree=62
num_leaves=44
num_cat=0
split_feature=18 56 6 50 49 64 55 78 13 40 28 62 74 40 53 50 9 14 40 30 49 62 61 13 61 62 53 7 70 45 40 71 61 6 18 1 70 11 14 13 40 5 74
split_gain=3.98548 5.62648 5.34972 6.05398 5.13464 8.91833 5.74598 4.93493 6.45382 4.60552 4.42736 4.31818 4.76404 4.56827 4.14057 4.09268 7.27822 20.4742 5.58857 5.5041 4.33669 3.82805 3.7348 3.40647 5.48849 10.5673 3.24953 3.07799 3.0515 3.42344 2.60161 2.4586 2.28107 1.76617 1.74531 1.39409 1.06057 0.178611 0.07584 0.072054 0.0202844 1.08515e-05 1.66588e-07
threshold=0.25442707538604742 6.6270833015441903 4.2353999614715585 0.21518369764089587 0.54157927632331859 43.500000000000007 1.0000000180025095e-35 1.0000000180025095e-35 -1.0079500079154966 0.92691060900688182 4.5244843959808358 19999973.000000004 2.0520910024642949 0.41215935349464422 0.1881993114948273 0.048668475821614272 2.5000000000000004 1.8515499830245974 0.086740456521511092 1.1333333253860476 0.16246221214532855 11.406925678253176 8.6897902488708514 8.7476997375488299 -1.6495866775512693 7.2867555618286142 -0.10226715728640555 13.233663082122805 1.0000000180025095e-35 0.20070682466030124 0.077596649527549758 1.3118696212768557 9.1714887619018572 8.0625000000000018 0.33437500894069677 211.46500396728518 1.0000000180025095e-35 0.57284998893737804 6.3846876621246347 4.8816499710083017 0.038196025416255004 0.5490500032901765 0.040417654439806945
decision_type=2 2 2 2 2 2 2 2 2 2 2 2 2 2 2 2 2 2 2 2 2 2 2 2 2 2 2 2 2 2 2 2 2 2 2 2 2 2 2 2 2 2 2
left_child=2 9 10 7 6 -6 14 11 -9 15 28 13 -13 -4 31 18 22 -18 20 -20 -2 26 -17 32 25 -25 30 -28 29 40 -5 -3 36 38 37 -10 -12 -8 -23 -30 -1 -41 -26
right_child=1 4 3 21 5 -7 34 8 35 -11 23 12 -14 -15 -16 16 17 -19 19 -21 -22 33 -24 24 42 -27 27 -29 39 -31 -32 -33 -34 -35 -36 -37 -38 -39 -40 41 -42 -43 -44
leaf_value=-0.14113151412406488 0.036131563625611068 0.0050993076220535935 0.033560085618405192 -0.24607471848465926 -0.77523489114141508 -0.017464594929144098 0.18954352750796641 -0.12792041592369466 -0.00030530191136967413 -0.20102370968267824 0.13294079394962049 0.0063818825472578304 -0.19295842823538625 -0.078561086990317469 -0.27956352647302229 -0.0034951264502821101 -0.3800307860085792 -0.0075211592324946775 0.0021744053439731611 -0.15186372060252526 0.15230037158924289 -0.049813441790102178 -0.14522504853469539 -0.69103910677594005 0.12016190652238194 0.12023244914254344 0.0067951451571631443 -0.087951067080511938 0.1721253340799456 0.026467717607902411 -0.067114209850577311 -0.11509715703432119 -0.10756518676712976 0.12217828701403727 -0.11999377913054636 0.13404463107584663 0.050884335207838118 0.11643248340453669 -0.0042802485884874987 0.12095676131200242 -0.1209605600422822 0.12023558172889118 0.12025576401033924
leaf_weight=1.0576381601858886 41.82264851864602 4.012106901835061 121.42658141800348 2.2207003228395541 0.40194824310310728 0.50419291235448327 0.6786347962915914 7.2465873470064253 2.7827484636800346 1.6766980185057025 14.531785321218203 4.8290918639249858 2.6870633602738963 5.4685231360053868 1.5350625110877452 249.71675971447257 2.8737891269847742 8.1509348368854244 38.219846751715522 3.6602542785694814 5.2031533206318263 0.98180082430189886 2.7063794505083925 0.44373747991630841 0.41635034070350119 0.48271416896022856 9.8462196019681887 9.9039262235164625 0.52961402475193686 5.6562997668515891 2.4716938337660395 6.2963032181869494 0.65775152874993992 2.6035687291296199 0.45175192231545214 1.8526326261489883 2.6876671271238584 1.6537337537738492 1.1364971687580689 0.42343364949920204 2.2350189968128689 1.0343851970392277 0.78713358636014163
leaf_count=46 4816 1144 19084 414 416 260 6 69 316 151 18336 891 477 490 157 55397 25 2976 4704 346 2640 354 686 286 443 342 3715 110 43 206 443 1244 190 275 150 776 4607 1806 293 96 909 979 519
internal_value=0.00174422 -0.00571571 0.0151013 0.00698818 -0.0764023 -0.353598 -0.0592308 0.0169406 -0.0571875 -0.00261421 0.0611049 0.0234936 -0.0648833 0.0287282 -0.0956962 -0.00167006 -0.00918306 -0.104622 0.0205926 -0.0112883 0.048985 -0.0429349 -0.0050147 0.0946642 -0.048788 -0.268338 -0.0620434 -0.0407164 -0.000288836 -0.0301606 -0.151808 -0.0683158 0.111756 0.0559796 0.0958909 0.0533906 0.120133 0.137705 -0.0253842 0.134217 -0.12744 0.120445 0.120223
internal_weight=575.965 369.564 206.401 175.458 15.5337 0.906141 14.6276 146.293 11.882 354.03 30.9435 134.411 7.51616 126.895 11.8435 352.354 263.448 11.0247 88.9059 41.8801 47.0258 29.1644 252.423 20.0071 2.12994 0.926452 24.4425 19.7501 10.9364 8.94896 4.69239 10.3084 17.8772 4.72187 2.78412 4.63538 17.2195 2.33237 2.1183 1.98743 3.29266 1.45782 1.20348
internal_count=131633 76924 54709 27707 5183 676 4507 22103 1161 71741 27002 20942 1368 19574 2545 71590 59084 3001 12506 5050 7456 5604 56083 24723 1590 628 4682 3825 2279 1161 857 2388 23133 922 1962 1092 22943 1812 647 1118 955 1075 962
is_linear=0
shrinkage=0.12


Tree=63
num_leaves=27
num_cat=0
split_feature=65 78 60 56 65 27 0 14 18 5 82 7 5 21 62 60 18 54 0 27 50 23 28 5 7 28
split_gain=3.84525 4.34063 4.28476 6.02855 9.14924 19.0515 6.99881 4.59315 4.50991 5.65615 4.5181 4.03378 5.59373 4.76081 3.1002 3.37388 2.74831 2.56726 2.09604 2.5532 1.9042 1.22941 3.07922 0.806962 0.710267 0.617665
threshold=0.61770832538604747 1.0000000180025095e-35 6.4052083492279062 6.0531251430511483 11.56302070617676 30.633506774902347 8.7678503990173358 -1.1373974680900572 0.34687499701976782 9.6265997886657733 0.37500000000000006 0.29640050232410436 0.23815000057220462 3.5179584026336674 -3.5428278446197505 12.616666316986086 0.47187499701976782 0.20813959836959842 11.891049861907961 27.918496131896976 0.20363378524780276 0.86253532767295849 4.5244843959808358 8.5436496734619158 13.233663082122805 3.6548196077346806
decision_type=2 2 2 2 2 2 2 2 2 2 2 2 2 2 2 2 2 2 2 2 2 2 2 2 2 2
left_child=1 18 3 7 16 -6 -7 -2 9 14 -10 12 -9 -13 15 -4 17 -5 23 -20 -16 -21 -23 24 25 -1
right_child=2 -3 8 4 5 6 -8 11 10 -11 -12 13 -14 -15 20 -17 -18 -19 19 21 -22 22 -24 -25 -26 -27
leaf_value=0.048572824700328331 -0.042127155443030605 -0.031686152298595928 -0.092901469272499287 -0.049314065730938224 -1.0163948664605253 -0.46661882481142386 0.019858192967683645 -0.0040575779339748668 -0.10233724388399074 -0.064968195831910255 0.066594044799834995 -0.001437518154419533 -0.2244777442567521 0.03964028394222447 0.066013270840532975 0.095316960888267563 -0.15136046795445393 0.069773572841644246 0.088979750936721391 -0.031749951286636734 0.13855370501458947 -0.06483854258785135 0.088923538940703803 0.15040097286938017 0.020038717344693962 0.13207791218254206
leaf_weight=2.014274890709201 37.764347715652548 10.62302529090084 3.296716401528097 9.577615587688344 0.42804691537457928 0.62151556289609278 1.3527295608510028 4.3159352157817912 6.2695655425486603 5.3921890791389151 3.5825169883464696 369.61745783400329 2.6920165594128775 45.645751655622007 23.102719731978148 2.348282646475127 2.6258325084345406 3.5815395348399752 8.4074712957663014 6.7233750224113455 6.7285832019842919 2.8285297071270161 5.5659052858973155 3.1947609785129316 2.1460805884562433 3.4778516337100882
leaf_count=215 428 370 778 1744 560 465 1089 1532 444 87 509 86167 1192 18893 9805 459 68 749 504 76 3376 194 756 73 21 1079
internal_value=0.00167113 0.0353537 -0.00119323 -0.00471059 -0.0724723 -0.290644 -0.13329 -0.00203166 0.0319705 0.0495393 -0.0409087 0.00155414 -0.0887292 0.00307776 0.0669438 -0.0146038 -0.0392691 -0.0169019 0.0560813 0.0359685 0.0823751 0.00648741 0.037113 0.099759 0.0785775 0.101452
internal_weight=573.925 44.9813 528.943 478.223 18.1873 2.40229 1.97425 460.036 50.7206 40.8685 9.85208 422.271 7.00795 415.263 35.4763 5.645 15.785 13.1592 34.3582 23.5253 29.8313 15.1178 8.39443 10.833 7.63821 5.49213
internal_count=131633 3288 128345 112887 4675 2114 1554 108212 15458 14505 953 107784 2724 105060 14418 1237 2561 2493 2918 1530 13181 1026 950 1388 1315 1294
is_linear=0
shrinkage=0.12


Tree=64
num_leaves=33
num_cat=0
split_feature=79 22 74 23 74 11 82 14 21 32 85 42 11 48 57 57 57 40 19 46 11 5 53 48 52 85 40 23 57 45 22 15
split_gain=3.37579 4.83195 4.7168 16.6722 6.49129 5.19627 5.72884 19.4991 8.58399 4.24813 3.42248 2.83244 2.4261 2.30685 4.56635 6.00547 4.20414 4.11989 2.20372 1.44122 1.34873 1.98102 0.926346 0.755036 0.7025 0.583116 0.130771 0.0358466 0.015636 0.0037963 0.00119018 2.7386e-05
threshold=1.0000000180025095e-35 1.0000000180025095e-35 1.3577388525009157 1.5313089489936831 1.4117857217788699 0.34534999728202825 0.62500000000000011 -0.58035701513290394 0.25426666438579565 0.22368661314249041 1.044585704803467 -2.4406763315200801 1.5160999894142153 1.7635416984558108 -3.4925560951232906 -7.6472814083099356 -3.2027229070663448 0.48753240704536444 27.406229972839359 0.055491015315055854 1.9986499547958376 2.6938500404357915 -0.078178688883781419 1.3757812380790713 2.5010416507720952 0.96999999880790722 0.2773128896951676 0.58280083537101757 -26.596724510192868 0.21253155916929248 0.20852916687726977 2.2265260219573979
decision_type=2 2 2 2 2 2 2 2 2 2 2 2 2 2 2 2 2 2 2 2 2 2 2 2 2 2 2 2 2 2 2 2
left_child=1 -1 5 -4 -5 -3 8 -8 -7 10 18 -6 24 16 15 -15 25 -18 20 -20 22 -22 -2 -21 26 -14 28 -16 -11 30 -12 -32
right_child=9 2 3 4 11 6 7 -9 -10 12 29 -13 13 14 27 -17 17 -19 19 23 21 -23 -24 -25 -26 -27 -28 -29 -30 -31 31 -33
leaf_value=-0.10799218763093828 0.0067129367138378032 -0.047013335817843852 -0.16009614543136225 -0.26574180981924894 -0.10744567560775721 -0.044460336240337142 -0.11547906596890294 0.0050911754134541076 0.024230999074045922 0.14275550252368571 0.12648668244647232 0.032574168105618251 0.12547588637518697 0.054383658381873153 0.17135901782844087 -0.33266686300313753 0.030127534947238691 -0.2200428616575594 -0.12930554853172796 0.017941259981476491 0.037126945546417489 -0.096595482425161555 0.083159741451483166 -0.066158820273771166 0.029723003187406099 0.016457921744694889 0.17545656056890171 0.12306351858803398 0.12420735134435001 0.13461190585915411 0.12174509346146035 0.12038048839222776
leaf_weight=6.0713667091331436 5.7652508056926326 27.973611118213739 11.740615548100321 1.1840394991013479 2.2650888534844915 29.326901677239221 22.40083655633498 140.21616130069742 245.44468270759535 0.76296629551507056 0.82313447480555613 25.512619040717251 8.421867753466362 1.0983710056898419 0.28517115116119274 1.2167356595600725 10.787456674639541 1.0392525416682463 3.2553699734271486 2.6401876230083872 2.9912497794502988 3.4184175257396419 3.7784803012546071 3.679689907876309 1.0898665071945286 0.77121160615206541 0.93589144146244496 0.98821858687733766 4.6021896989477709 0.49185559705438198 0.26605455204844464 1.0380516537879882
leaf_count=228 590 352 122 316 857 378 336 33028 59931 115 29 6268 7220 466 2 432 13547 210 231 265 358 276 197 450 128 235 142 1344 1893 171 35 1481
internal_value=0.00158298 -0.00157549 -0.00029879 -0.0394719 0.00942725 0.00312744 0.00633424 -0.0115176 0.0168994 0.0284766 -0.00552671 0.0211565 0.0583872 0.0402791 -0.0486426 -0.149036 0.0554598 0.00814422 -0.0189294 -0.0644383 0.00838514 -0.0341902 0.0369792 -0.0310252 0.118679 0.11633 0.134065 0.133879 0.126845 0.125111 0.122914 0.120659
internal_weight=572.283 512.136 506.065 40.7024 28.9617 465.362 437.389 162.617 274.772 60.1469 28.1477 27.7777 31.9992 24.6083 3.5885 2.31511 21.0198 11.8267 25.5286 9.57525 15.9534 6.40967 9.54373 6.31988 7.39091 9.19308 6.30105 1.27339 5.36516 2.6191 2.12724 1.30411
internal_count=131633 101816 101588 7563 7441 94025 93673 33364 60309 29817 4083 7125 25734 23456 2244 898 21212 13757 2367 946 1421 634 787 715 2278 7455 2150 1346 2008 1716 1545 1516
is_linear=0
shrinkage=0.12


Tree=65
num_leaves=23
num_cat=0
split_feature=75 4 15 21 9 50 68 18 57 28 14 28 85 44 78 22 78 44 71 21 54 28
split_gain=4.67721 20.4678 13.3203 12.9047 11.438 17.4223 19.4441 9.2287 9.79944 6.18916 5.65246 6.52943 10.1381 8.17133 8.10918 5.71405 8.8529 4.12537 2.17006 1.69889 1.79876 1.39774
threshold=1.0000000180025095e-35 3.4826999902725224 1.3921459913253786 0.13955000042915347 2.5000000000000004 0.12314544990658761 66.500000000000014 0.27135416865348821 -22.667700767517086 48.713399887084968 -1.1373974680900572 7.0740752220153817 0.79115715622901928 0.81718751788139354 1.0000000180025095e-35 0.20852916687726977 1.0000000180025095e-35 0.61979165673255932 57.376554965972907 0.25426666438579565 0.13849500566720965 88.011592864990249
decision_type=2 2 2 2 2 2 2 2 2 2 2 2 2 2 2 2 2 2 2 2 2 2
left_child=3 2 -2 18 7 17 -7 9 -9 -4 -5 12 13 -12 -14 -13 -17 -6 -1 -3 21 -21
right_child=1 19 4 10 5 6 -8 8 -10 -11 11 15 14 -15 -16 16 -18 -19 -20 20 -22 -23
leaf_value=-0.079253319704514547 -0.13385533914723227 0.13291684450437977 -0.02169528391128937 -0.024594948245517098 0.085491105298219253 -0.11367617143734643 -0.86155551555194965 -0.16478989113807865 -0.023508270906402902 0.060802908698485224 -0.0067411015052056128 -0.019880012818919577 0.077227060638886375 -0.10361409228392589 -0.1425803967554238 0.050971834209557074 -0.018756810903148034 -0.17512333380567785 -0.026131367731166959 0.046000303817519239 -0.030039898047108226 0.15996017163261458
leaf_weight=22.773035091871861 16.831318700104021 10.155046422325542 23.270639128917537 45.295886633684859 2.0159603310457892 1.051621351609356 0.95537922726362001 8.4230908331373922 43.994348401014577 29.946941686175705 59.945963402162306 26.424552706652321 25.989683972264178 15.854913255199788 2.664673677951213 161.18058126066171 31.313401184823306 1.5449083950661586 21.554499924939591 3.7171128176996699 2.3120727772911778 2.6581237506616162
leaf_count=329 346 322 3445 408 659 449 186 1045 10480 12949 3544 348 4996 2329 415 81290 6235 331 291 594 547 143
internal_value=0.00121021 -0.0171817 -0.0343666 0.00775103 -0.0193082 -0.18694 -0.469684 -0.0104726 -0.0462112 0.0247286 0.0151063 0.0206674 -0.00401816 -0.0270036 0.0567864 0.0324459 0.0396289 -0.0275783 -0.0534225 0.0995897 0.0606319 0.0935153
internal_weight=559.874 146.877 128.034 412.997 111.203 5.56787 2.007 105.635 52.4174 53.2176 368.67 323.374 104.455 75.8009 28.6544 218.919 192.494 3.56087 44.3275 18.8424 8.68731 6.37524
internal_count=131681 31496 29890 100185 29544 1625 635 27919 11525 16394 99565 99157 11284 5873 5411 87873 87525 990 620 1606 1284 737
is_linear=0
shrinkage=0.12


Tree=66
num_leaves=26
num_cat=0
split_feature=87 23 21 21 18 16 82 12 40 7 78 13 71 32 32 0 1 71 18 85 85 49 33 32 33
split_gain=3.72447 14.9565 13.531 12.4073 8.14197 8.83175 6.73133 9.11539 8.7927 7.69489 20.6761 5.8923 5.54727 5.12373 5.06581 5.42156 4.94894 4.90067 3.79186 3.41226 3.29143 3.0102 1.73616 1.55911 0.970391
threshold=0.0061142856720834979 0.58280083537101757 0.64490830898284923 0.13955000042915347 0.29270832240581518 1.0000000180025095e-35 0.62500000000000011 0.55910000205039989 0.10793831199407579 12.79152822494507 1.0000000180025095e-35 -1.8572999835014341 19999963.000000004 0.21332029998302462 0.20076638460159305 6.8887500762939462 190.37500000000003 19999991.000000004 0.27135416865348821 0.97684285044670116 0.6533571481704713 -0.02196442615240812 1.1881142854690554 0.20834346115589145 0.99881428480148327
decision_type=2 2 2 2 2 2 2 2 2 2 2 2 2 2 2 2 2 2 2 2 2 2 2 2 2
left_child=3 -2 22 -1 12 -6 7 -5 9 13 -11 -7 16 -8 15 -10 -4 19 -14 -9 -16 -19 24 -24 -3
right_child=1 2 4 6 5 11 8 17 14 10 -12 -13 18 -15 20 -17 -18 21 -20 -21 -22 -23 23 -25 -26
leaf_value=-0.05058490556069295 -0.14105411883041535 0.080689009182521435 -0.026310438877890367 -0.032532159560984049 -0.22966477468887495 -0.091679863480306836 0.0092727049646902406 0.038913704851625784 -0.38491762666578733 0.076803656151578165 -0.15489052649462895 -0.0064988220437983196 -0.030692261907935434 0.097177930205730872 0.0023640781036531728 -0.088224370332358165 0.027679593719598387 -0.26956122661457443 -0.16787736835342554 0.08542154199391748 -0.058399527554741051 -0.017610558212922713 -0.049385586021112413 0.11123018223396247 0.14392427637141664
leaf_weight=43.555353972071316 12.037698271567931 6.3055542487854854 34.586952850680973 25.70201624193578 3.7685278122953596 18.943214349856135 16.579247243731515 114.08866502267483 1.084710119961527 12.221488945564488 10.154545098543167 30.557742437827983 12.063931551994754 22.514490393223241 28.100631907153002 4.8632016189076239 83.402283713854558 1.0608365000225606 3.8200760901527238 28.365005688458041 23.632798514699971 1.9164597736671556 1.9679992831079283 1.5602627219777785 7.8388405436708126
leaf_count=584 224 384 4311 315 594 212 2936 31085 422 737 84 9502 4713 23817 6072 1625 27150 65 1203 5879 6674 1876 470 241 506
internal_value=0.00118436 -0.0110603 -0.00342007 0.00913813 -0.0128983 -0.0525779 0.0180992 0.0333468 -0.00380048 0.0277772 -0.0283423 -0.0390962 0.00289057 0.0598982 -0.0374521 -0.142332 0.0118531 0.0449896 -0.063685 0.0481742 -0.0253939 -0.107383 0.096949 0.0216417 0.115734
internal_weight=550.693 216.853 204.815 333.839 187.143 53.2695 290.284 171.133 119.151 61.4698 22.376 49.501 133.873 39.0937 57.6813 5.94791 117.989 145.431 15.884 142.454 51.7334 2.9773 17.6727 3.52826 14.1444
internal_count=131681 49510 49286 82171 47685 10308 81587 39220 42367 27574 821 9714 37377 26753 14793 2047 31461 38905 5916 36964 12746 1941 1601 711 890
is_linear=0
shrinkage=0.12


Tree=67
num_leaves=39
num_cat=0
split_feature=18 14 40 33 48 49 56 0 21 1 75 49 46 62 11 56 48 14 65 50 70 32 30 22 44 14 32 40 22 14 54 40 50 70 54 0 28 40
split_gain=3.05499 4.50786 4.19609 4.66957 5.94382 5.60413 7.10597 5.17968 4.75536 3.48576 4.5017 5.2391 4.98823 7.20108 13.8013 4.87382 4.92571 4.24318 4.2289 4.2087 4.00211 6.32507 9.46432 6.6379 12.2185 7.29306 4.999 4.79321 3.9586 3.94706 3.52893 3.27842 3.14174 2.94398 5.7045 2.06771 1.01217 0.092174
threshold=0.24921874701976779 -1.1373974680900572 0.32453750073909765 1.0953714251518252 1.9385416507720949 0.30865736305713659 0.24270833283662799 6.3612999916076669 0.40308749675750738 294.23500061035162 1.0000000180025095e-35 0.39671368896961218 0.14019671082496646 19999975.000000004 2.8697999715805058 4.6734375953674325 0.96354165673255932 -0.82713100314140309 7.5515625476837167 0.12402259930968286 1.0000000180025095e-35 0.20990552008152011 0.5338541865348817 5.5511999130249032 0.81718751788139354 6.4345543384552011 0.20634794980287555 0.48753240704536444 0.20852916687726977 -0.58035701513290394 0.53500452637672435 0.25000113248825079 0.48690423369407659 1.0000000180025095e-35 0.10579108074307443 15.130800247192385 4.5244843959808358 0.53500452637672435
decision_type=2 2 2 2 2 2 2 2 2 2 2 2 2 2 2 2 2 2 2 2 2 2 2 2 2 2 2 2 2 2 2 2 2 2 2 2 2 2
left_child=1 -1 3 5 7 8 -7 -5 -3 20 12 29 13 32 -15 19 -17 -14 -19 -13 21 22 26 25 -25 -23 -2 28 -22 -12 -30 -31 -11 35 -35 37 -24 -4
right_child=9 2 33 4 -6 6 -8 -9 -10 10 11 15 17 14 -16 16 -18 18 -20 -21 27 23 36 24 -26 -27 -28 -29 30 31 -32 -33 -34 34 -36 -37 -38 -39
leaf_value=-0.043630903651574918 -0.076590821039188156 -0.02080439084002824 0.085643643095208458 0.093651967713320614 0.18819649322353943 -0.057299457214860669 0.052475540726656458 -0.020189975345688595 0.091745776316957378 0.013179712739909928 -0.1323191302584952 -0.09620109897153345 0.0085085733659194199 -0.60882114135388743 0.1201815462370867 -0.37020842109667162 -0.090728390783201468 0.030986753872336854 0.13027128506871377 0.019231599302874866 -0.053768301087772322 -0.018639127965618962 -0.12468157098706048 0.083003502103622964 -0.064745200460542385 -0.13603245707896083 0.06641327706308385 -0.14213796059371694 0.02775342758786644 0.091090613912064688 -0.14280148478927113 -0.067004621650726626 -0.21687137645870172 -0.29431605851029236 -0.015693114716586028 -0.055373407390498328 -0.20198667656537708 0.14175352803954669
leaf_weight=16.990512564894743 6.8878610151004995 6.343308285024249 0.80901316172093884 6.5168947740276044 2.3435813796968423 13.656041963331516 22.452391776205332 49.240877386917418 36.572619895025127 39.129672438422858 1.7555808562319715 8.0144609548733623 15.695251780794932 0.78105189363122807 0.71747897575551178 1.2709789966174856 3.1805132941517513 10.766420751708212 14.494627804466289 10.51678296549653 10.932209197490009 100.75047801620531 11.931167199887566 23.39677563024452 12.295758367246888 8.2440950459713331 7.1992009043460712 2.9440682245331109 71.927887962781824 9.6934959565696754 1.7904215677845048 2.3459265064593628 0.87393059670284756 1.7749485612584974 2.6201943480482441 2.6204345619335072 3.0655832290649405 0.88036740379175171
leaf_count=190 727 143 590 1323 212 7883 11736 6863 12688 13637 48 2055 155 256 1146 240 1119 5099 8884 2651 156 12800 4148 12356 2511 2189 137 311 13947 2791 265 479 481 450 552 234 37 192
internal_value=0.00110977 0.0148659 0.0216813 0.02681 0.000984516 0.0457977 0.0109591 -0.00688428 0.07511 -0.00477511 0.0122275 -0.0226858 0.0277993 -0.00152054 -0.259783 -0.0577753 -0.170525 0.0575099 0.0879556 -0.0306912 -0.0125318 -0.0230745 -0.0741384 -0.01281 0.0321054 -0.0275185 -0.0035085 0.00838294 0.0136179 0.0357739 0.0236111 0.0602852 0.00815395 -0.0591083 -0.128213 0.0113647 -0.140484 0.114884
internal_weight=543.423 162.821 145.831 137.126 58.1014 79.0244 36.1084 55.7578 42.9159 380.602 119.236 36.7777 82.4584 41.5021 1.49853 22.9827 4.45149 40.9563 25.261 18.5312 261.366 173.771 29.0838 144.687 35.6925 108.995 14.0871 87.5946 84.6505 13.795 73.7183 12.0394 40.0036 8.70496 4.39514 4.30982 14.9968 1.68938
internal_count=131681 43056 42866 40848 8398 32450 19619 8186 12831 88625 39041 9383 29658 15520 1402 6065 1359 14138 13983 4706 49584 34905 5049 29856 14867 14989 864 14679 14368 3318 14212 3270 14118 2018 1002 1016 4185 782
is_linear=0
shrinkage=0.12


Tree=68
num_leaves=27
num_cat=0
split_feature=75 23 4 21 16 45 57 14 71 54 46 85 32 23 78 27 56 18 62 50 1 28 29 68 71 65
split_gain=2.86451 15.336 13.3051 8.53408 5.86137 7.88294 5.972 5.96858 4.13799 4.41181 6.84693 3.98321 9.55775 8.6215 6.96942 4.17786 3.69572 3.00921 2.99971 2.19371 2.12364 1.82554 0.830604 1.03235 0.891727 0.0014787
threshold=1.0000000180025095e-35 1.1161716580390932 3.4826999902725224 0.13955000042915347 1.0000000180025095e-35 0.34658335149288183 -30.803324699401852 2.2179170846939091 19999991.000000004 0.099023506045341506 0.077968202531337752 0.92115712165832531 0.20436896383762362 0.86253532767295849 1.0000000180025095e-35 11.372304916381838 3.8890625238418584 0.27421875298023229 -0.76116773486137379 0.11888655647635461 122.87500000000001 8.5425338745117205 1.5000000000000002 1.5000000000000002 4.348140001296998 8.3390622138977069
decision_type=2 2 2 2 2 2 2 2 2 2 2 2 2 2 2 2 2 2 2 2 2 2 2 2 2 2
left_child=3 -2 4 19 5 -3 17 -7 11 10 -10 12 15 -13 -15 -5 -14 -6 -8 -1 -12 -11 -4 -24 -25 -23
right_child=1 2 22 8 6 7 18 -9 9 21 20 13 16 14 -16 -17 -18 -19 -20 -21 -22 25 23 24 -26 -27
leaf_value=-0.070205417810626072 -0.12318620299184864 0.035969884493363975 0.13191755272951441 0.087422455808120358 -0.0095893480452231231 -0.35924331936571807 -0.088770483767920821 -0.052535482253954581 -0.47828998984702237 -0.090606268896551698 -0.24380114363048561 -0.10141822198688462 0.0072139837902586842 0.083181284005994865 -0.054155043455307195 -0.12374964005132939 0.043972593434402088 -0.15461409955365371 0.0064473393065994974 -0.016583303570283078 0.073540592519940079 0.13202776563524729 0.12271303660984798 0.08584153386177 -0.022616724312689726 0.12010609812001352
leaf_weight=22.075129480916075 16.264413496246561 2.5831944515084606 7.6297056344337753 1.5504781249910582 3.2521146111830586 2.2689969344064598 5.0287663287308524 1.5295724311436059 0.89812353611341622 1.1886425199918451 0.4890850478550417 5.107840228592976 239.08816317448509 37.01357791067494 6.2142863044282413 10.386950056068597 47.154038261127425 5.6219628716935404 90.615688033161859 21.871263005072251 0.80095383487059735 0.17745499739248749 3.8114450785797072 2.4480113153913408 1.9701319932428303 0.96204177845356753
leaf_count=319 390 574 594 19 731 42 693 1009 248 126 9 55 65701 10446 885 4446 14838 463 26023 301 871 128 168 409 400 1793
internal_value=0.00106444 -0.0134867 0.000588762 0.00633349 -0.0141132 -0.125759 -0.00729628 -0.235741 0.0125746 -0.101548 -0.223887 0.014062 0.00888199 0.0460172 0.0634383 -0.0963218 0.0132694 -0.101466 0.001441 -0.0435187 -0.0467714 0.0134346 0.103396 0.0769537 0.037478 0.121963
internal_weight=538.002 143.024 126.76 394.978 110.9 6.38176 104.519 3.79857 351.032 4.5163 2.18816 346.515 298.18 48.3357 43.2279 11.9374 286.242 8.87408 95.6445 43.9464 1.29004 2.32814 15.8593 8.22959 4.41814 1.1395
internal_count=131681 31496 31106 100185 29535 1625 27910 1051 99565 3175 1128 96390 85004 11386 11331 4465 80539 1194 26716 620 880 2047 1571 977 809 1921
is_linear=0
shrinkage=0.12


Tree=69
num_leaves=22
num_cat=0
split_feature=12 37 14 18 33 82 65 11 2 82 68 12 40 70 14 74 75 11 69 61 74
split_gain=2.81444 2.9747 7.14339 3.39409 3.46757 5.48607 7.31033 5.11425 6.3744 4.98532 4.94156 3.41794 3.3423 4.03784 2.96428 2.93445 2.27003 6.79315 6.6124 2.93943 2.5657
threshold=0.37340000271797186 1.0000000180025095e-35 -0.58035701513290394 0.24921874701976779 0.9592857062816621 1.0000000180025095e-35 11.62552070617676 2.6609500646591191 0.32434999942779547 0.37500000000000006 15.500000000000002 9.7332501411438006 0.4564445167779923 1.0000000180025095e-35 -1.1373974680900572 0.14984391629695895 1.0000000180025095e-35 1.036099970340729 2.5000000000000004 7.7310469150543222 2.5408730506896977
decision_type=2 2 2 2 2 2 2 2 2 2 2 2 2 2 2 2 2 2 2 2 2
left_child=-1 3 -3 11 5 6 -5 9 -9 -6 -7 12 14 -14 -2 -13 17 -4 -18 -19 -20
right_child=1 2 16 4 7 10 -8 8 -10 -11 -12 15 13 -15 -16 -17 18 19 20 -21 -22
leaf_value=-0.035494880990439806 -0.025331170234819882 -0.13606069277852231 -0.065384975520650188 0.058281116351692849 -0.02568418508892591 0.04913776865081998 -0.19774181585745415 0.032782563084138738 -0.097635467011225566 0.017705781069604319 -0.013979965612609743 -0.31111347853780247 0.042562689501609539 -0.15460731695292784 0.034410314613003271 0.013831697010949943 -0.14737377215899025 0.1238925385564793 0.096475081348609396 -0.073707571461414573 -0.091810321004060835
leaf_weight=28.83045254641911 13.388382376637308 7.3511718851514152 6.5611401551723256 41.68597206537379 75.793729282151617 22.165934049276984 1.6703359550301673 7.5179663527014808 19.126147880400822 76.735715393602732 91.985158765106462 0.81993436189804814 2.7799796580511602 3.2373937336669769 112.09780801845773 0.78174724192649592 4.842003341880627 7.5974403929722012 3.912683862792619 1.2644809727862591 1.42052366034477
leaf_count=527 142 87 453 10912 9729 26321 2339 1489 5048 13099 15812 352 419 416 36422 332 106 5575 1382 201 518
internal_value=0.00096728 0.00305828 -0.0317962 0.00550287 -0.000910422 0.0120784 0.0484176 -0.0123286 -0.0608364 -0.00385522 -0.00172372 0.0217249 0.0238471 -0.0635163 0.0280364 -0.152515 -0.00185412 0.0271713 -0.0458493 0.0956976 0.0463244
internal_weight=531.566 502.736 32.9494 469.786 336.681 157.507 43.3563 179.174 26.6441 152.529 114.151 133.105 131.504 6.01737 125.486 1.60168 25.5983 15.4231 10.1752 8.86192 5.33321
internal_count=131681 131154 8322 122832 84749 55384 13251 29365 6537 22828 42133 38083 37399 835 36564 684 8235 6229 2006 5776 1900
is_linear=0
shrinkage=0.12


Tree=70
num_leaves=20
num_cat=0
split_feature=7 80 52 77 4 85 28 18 65 68 11 81 48 74 23 1 49 40 27
split_gain=4.47093 12.1466 6.60665 4.93649 4.36852 4.73901 8.73832 7.99316 5.11617 4.59952 4.28472 4.23514 4.04821 3.78762 3.45898 2.18613 1.87276 1.74426 0.0886874
threshold=13.618768215179445 0.37500000000000006 2.1010416746139531 1.0000000180025095e-35 4.1643500328063974 0.91315713524818432 0.9224643111228944 0.23229166865348819 0.80937498807907116 1.5000000000000002 0.57284998893737804 1.0000000180025095e-35 0.93854168057441723 0.36047656834125524 1.5313089489936831 197.37500000000003 0.0073968057986348876 0.34408029913902288 129.91065979003909
decision_type=2 2 2 2 2 2 2 2 2 2 2 2 2 2 2 2 2 2 2
left_child=3 2 12 4 5 6 18 -8 11 -10 -5 -7 -2 15 -15 -12 -16 -17 -1
right_child=1 -3 -4 10 -6 8 7 -9 9 -11 13 -13 -14 14 16 17 -18 -19 -20
leaf_value=-0.120672034078249 0.0067224058308206977 -0.092276204193890626 0.041901327229880637 0.1281574323872367 -0.049161139041900351 0.016150737324910971 0.051247723076473552 -0.0060462905466894682 -0.0076306800510084266 0.06950692772511026 -0.019038399978882077 -0.16505665000226333 -0.057027685923903081 -0.15118012500291483 -0.1556414737261981 0.11756701905302296 0.07543671693587628 -0.021688922594959446 -0.068816482812208091
leaf_weight=8.5335269235074485 28.591420326265506 26.984512057504617 33.351600232650526 8.0388123602024297 23.056854746784666 4.6223031698900732 40.833166073967732 248.18096497027 15.534950866989673 39.26725076929506 3.5046140800186576 3.1048413284588605 28.784440551360603 2.8372579813003531 0.62697995371127069 7.3076819052585034 2.5968102914193878 1.5742534158925989 0.50292529913713302
leaf_count=5109 316 511 381 278 387 555 17516 86478 285 13745 579 263 298 19 51 2619 1527 155 363
internal_value=-0.000979149 -0.0215939 -0.000571278 0.00493761 0.00147834 0.00471642 -0.00158475 0.00204846 0.0347514 0.0476405 0.0550427 -0.0566601 -0.0252599 0.0231819 -0.0545494 0.0612177 0.0304954 0.092885 -0.117786
internal_weight=527.835 117.712 90.7275 410.123 383.637 360.58 298.051 289.014 62.5293 54.8022 26.4864 7.72714 57.3759 18.4476 6.06105 12.3865 3.22379 8.88194 9.03645
internal_count=131435 1506 995 129929 124701 124314 109466 103994 14848 14030 5228 818 614 4950 1597 3353 1578 2774 5472
is_linear=0
shrinkage=0.12


Tree=71
num_leaves=22
num_cat=0
split_feature=79 7 74 28 5 12 86 62 68 49 58 32 1 85 28 46 46 40 7 7 7
split_gain=4.01698 4.98706 6.60695 9.29299 4.70475 4.07542 4.30165 6.12241 3.6275 3.53681 6.61035 3.68947 3.08197 2.15975 1.98365 1.76613 4.18217 1.65342 1.68236 0.11943 0.00527267
threshold=1.0000000180025095e-35 13.618768215179445 0.13559930026531222 111.69645309448244 9.6265997886657733 0.55910000205039989 1.0000000180025095e-35 -1.0000000180025095e-35 1.0000000180025095e-35 0.68241348862648021 2.6846466064453129 0.22368661314249041 215.7600021362305 1.044585704803467 5.3506467342376718 0.44419322907924658 0.47279074788093572 0.65358304977417003 14.161862373352053 9.1255016326904315 13.618768215179445
decision_type=2 2 2 2 2 2 2 2 2 2 2 2 2 2 2 2 2 2 2 2 2
left_child=1 4 3 -3 5 -1 8 -8 -7 11 -11 12 13 14 -2 17 -17 18 -13 -18 -15
right_child=9 2 -4 -5 -6 6 7 -9 -10 10 -12 15 -14 20 -16 16 19 -19 -20 -21 -22
leaf_value=0.065008753619946166 -0.029947340994727675 -0.053162674079013775 -0.074010992556376054 0.03284175619487912 -0.055051627688988899 -0.06980725063121572 -0.13897744451215463 0.049002561864973863 -8.3201019390478432e-05 -0.60900863226999846 0.11105082855935713 0.097599623478064459 -0.1265865075143445 0.12279359489730253 0.043225621438790371 -0.40079741914375799 0.021016421247496499 -0.072406231460857104 0.029931133831597952 0.12293768908783605 0.13750225703588626
leaf_weight=15.768860343028789 11.869562631356539 34.343205665703863 31.035997579107061 38.23142056557117 19.582184704777319 11.183608518214895 2.6561905469861804 41.09984419245302 273.95307975758624 0.34991734634240756 0.38623637830460211 17.501463819873617 2.4517005883099037 1.8543991855331108 9.6903341510042065 0.38915434459340648 0.25602192011137959 1.1117516416416027 7.5829585930332533 0.46853230960550718 0.43287397501990188
leaf_count=239 1582 326 490 322 226 155 368 12823 86605 281 339 23944 193 1675 572 192 641 144 107 197 14
internal_value=-0.000856121 -0.00444317 -0.0276728 -0.0078566 0.00216459 0.00541537 0.00255815 0.0375913 -0.00281791 0.0300247 -0.231216 0.0336121 0.00153186 0.0147036 0.00294106 0.0645046 -0.0834968 0.0707968 0.0771436 0.0869237 0.125577
internal_weight=522.199 467.854 103.611 72.5746 364.244 344.662 328.893 43.756 285.137 54.3449 0.736154 53.6088 26.2989 23.8472 21.5599 27.3099 1.11371 26.1962 25.0844 0.724554 2.28727
internal_count=131435 101554 1138 648 100416 100190 99951 13191 86760 29881 620 29261 4036 3843 2154 25225 1030 24195 24051 838 1689
is_linear=0
shrinkage=0.12


Tree=72
num_leaves=28
num_cat=0
split_feature=79 26 14 65 58 54 77 21 9 0 85 27 49 11 27 40 0 35 52 85 5 35 65 32 26 23 11
split_gain=3.27964 4.33455 3.52887 5.26511 7.5158 5.34006 5.13141 6.29774 4.34079 3.07791 3.95927 3.95928 5.8636 25.0519 4.11566 3.70012 2.9931 2.763 2.33994 2.85086 1.17837 0.920118 0.339649 0.290574 0.203217 0.0877524 0.000708226
threshold=1.0000000180025095e-35 1.0000000180025095e-35 1.0000000180025095e-35 9.3520836830139178 0.74662414193153392 0.10444565117359163 1.0000000180025095e-35 0.13955000042915347 1.0000000180025095e-35 19.13024997711182 0.32430000603199011 30.838413238525394 0.40862570703029638 3.3251500129699711 110.18841552734376 0.7422647774219514 19.226449966430668 7.0740752220153817 2.5010416507720952 0.96999999880790722 9.6265997886657733 0.9224643111228944 9.6927084922790545 0.20436896383762362 1.0000000180025095e-35 0.58280083537101757 2.2658499479293828
decision_type=2 2 2 2 2 2 2 2 2 2 2 2 2 2 2 2 2 2 2 2 2 2 2 2 2 2 2
left_child=1 2 3 5 -5 16 7 -4 -9 10 11 21 14 -14 -13 24 -1 -8 19 22 -19 -2 25 -23 26 -11 -12
right_child=9 -3 6 4 -6 -7 17 8 -10 18 15 12 13 -15 -16 -17 -18 20 -20 -21 -22 23 -24 -25 -26 -27 -28
leaf_value=-0.039737784266879919 -0.12143161805043762 -0.10858469206281349 -0.042155872127989498 0.049111195965819587 -0.024076229940743706 -0.067552740514314147 0.0075746202805740109 0.034341904101066023 -0.0018520510015416277 0.14200651141681631 0.12359056334830673 0.0048505920165757511 -1.3672111981879533 -0.079198833964762377 -0.17961174141778621 -0.17200756120710559 0.010423166951712581 0.12758863995192143 -0.017345413018729723 -0.016502958243929357 -0.021332494209806464 0.048216075264553605 0.073581219624968414 0.12242800034405339 0.21642113403035868 0.11798892733383408 0.12069836707992042
leaf_weight=31.322449205559678 0.274828518973666 5.6303750973602282 39.01023343502311 35.799021094746422 46.385825121280504 39.640529707306996 5.5707383291446595 71.729936666321009 142.52334362197143 3.5806258330121654 2.8772037407761664 19.866425569322026 0.24180616877129013 2.1590042000207177 1.9091352005270881 0.66272195687633928 37.804451885109302 8.5461953227495506 3.6572636032433357 2.8691126023259121 0.84035623073577959 0.99072273820638646 2.0752445865946347 3.258859858768119 0.35425714775919903 5.6428589028328133 2.1157620025933284
leaf_count=412 28 225 458 450 509 470 496 35569 57913 69 2313 9138 833 3332 704 45 459 4589 278 215 4 8 455 6530 3 1358 4572
internal_value=-0.000722745 -0.00393492 -0.00265171 -0.0151197 0.00780359 -0.0324405 0.00622449 0.00219089 0.0102653 0.0276966 0.00688207 -0.0116637 -0.0309447 -0.208926 -0.0113218 0.0954484 -0.0123055 0.0745233 0.0682285 0.0903184 0.114256 0.0913647 0.117444 0.105127 0.128596 0.127313 0.122365
internal_weight=517.339 464.803 459.173 190.952 82.1848 108.767 268.221 253.264 214.253 52.5358 34.7107 28.7008 24.1764 2.40081 21.7756 6.00994 69.1269 14.9573 17.8251 14.1678 9.38655 4.52441 11.2987 4.24958 5.34722 9.22348 4.99297
internal_count=131435 101554 101329 2300 959 1341 99029 93940 93482 29881 27506 20573 14007 4165 9842 6933 871 5089 2375 2097 4593 6566 1882 6538 6888 1427 6885
is_linear=0
shrinkage=0.12


Tree=73
num_leaves=31
num_cat=0
split_feature=79 26 7 82 13 77 21 85 21 21 0 85 12 4 56 56 38 7 13 33 70 5 28 21 15 2 69 28 54 21
split_gain=2.79327 3.75603 3.23748 7.51886 4.94008 4.12627 4.62683 4.15196 3.7373 3.72149 2.59505 2.82687 3.56882 2.4093 3.01329 2.01779 1.58202 2.0199 1.61589 1.5974 0.165728 0.00117309 0.00018989 0.000203949 0.000123049 0.000203183 6.13153e-05 3.96995e-05 1.51422e-06 1.48998e-06
threshold=1.0000000180025095e-35 1.0000000180025095e-35 13.618768215179445 1.0000000180025095e-35 -2.5172500610351558 1.0000000180025095e-35 0.13955000042915347 0.92315715551376354 0.64490830898284923 0.97772499918937694 16.543399810791019 0.84485715627670299 2.9387000799179082 0.23975000530481341 1.9140625000000002 1.2390624880790713 1.0000000180025095e-35 14.161862373352053 -1.6252999901771543 0.92575713992118847 1.0000000180025095e-35 9.2657999992370623 6.3710865974426278 1.9786249995231631 0.8444184958934785 0.26847000420093542 14.500000000000002 12.306562900543215 0.047628374770283706 0.13955000042915347
decision_type=2 2 2 2 2 2 2 2 2 2 2 2 2 2 2 2 2 2 2 2 2 2 2 2 2 2 2 2 2 2
left_child=1 2 5 -4 -5 6 -1 -8 20 -10 11 12 -2 14 -14 -15 17 18 -12 -20 -7 24 28 26 -18 -26 -24 -25 -13 -30
right_child=10 -3 3 4 -6 8 7 -9 9 -11 16 22 13 15 -16 -17 21 -19 19 -21 -22 -23 23 27 25 -27 -28 -29 29 -31
leaf_value=-0.038742423761691284 -0.18001861710134093 -0.10562188611492093 0.013521798264205635 -0.089680546968037025 -0.016696376048802433 0.097945382744035608 -0.0011929917610311307 0.03872574685157433 -0.081582669970997931 0.052424743622374044 0.12101899766768873 0.1206842084133027 -0.32336268166325149 -0.016728644763705777 -0.0040843701887555419 0.055863395582627762 0.12298468163809481 -0.012737876698833859 0.11818037778944136 -0.0079956659666295636 0.13072609681794642 0.12583717173990763 0.1245657127666131 0.12253728678719472 0.12461102615527801 0.12050767356777541 0.12288688068311189 0.12030470745426124 0.12062497680731571 0.12016627631098267
leaf_weight=39.867395218228921 1.6553448523991452 5.1252937518001991 47.340060107060708 25.967944282456301 27.49513605091488 5.244701349554818 248.56542924428504 44.190287279066979 4.1947157189351847 10.340407010007764 5.1950252326350927 0.23762289723163066 0.7138994180495527 13.751907725960338 1.0542671096700358 9.20454306913234 0.78958857990801279 6.4174333643168202 2.1108807830896712 4.5791743056834093 3.8519657551660202 1.9548160498379727 0.5400510423351077 0.15599734838178836 0.20359326753532503 1.1862104181418542 0.74600651557921083 0.43315704935594113 0.14967476180754602 0.3199579477259249
leaf_count=466 515 225 338 420 285 498 83690 10912 615 3882 513 287 372 9929 368 9547 35 47 1537 1274 223 152 167 92 14 2079 795 1159 33 966
internal_value=-0.000514447 -0.00346568 -0.00232013 -0.0213065 -0.0521461 0.00305211 -0.000390214 0.00483258 0.0515037 0.0137513 0.0260232 0.00229095 -0.00943902 0.0019815 -0.132993 0.0123776 0.0566579 0.0415136 0.0708071 0.0318161 0.111826 0.123703 0.122113 0.122745 0.121788 0.121109 0.123592 0.120896 0.120437 0.120312
internal_weight=513.582 462.183 457.058 100.803 53.4631 356.255 332.623 292.756 23.6318 14.5351 51.3992 28.9624 26.38 24.7246 1.76817 22.9565 22.4367 18.3025 11.8851 6.69006 9.09667 4.13421 2.58247 1.87521 2.17939 1.3898 1.28606 0.589154 0.707256 0.469633
internal_count=131435 101554 101329 1043 705 100286 95068 94602 5218 4497 29881 24230 20731 20216 740 19476 5651 3371 3324 2811 721 2280 3499 2213 2128 2093 962 1251 1286 999
is_linear=0
shrinkage=0.12


Tree=74
num_leaves=26
num_cat=0
split_feature=27 71 73 54 50 28 70 27 32 6 11 82 11 0 74 65 18 18 65 54 71 68 40 4 32
split_gain=2.62325 5.53668 2.79969 5.47936 3.36073 3.09489 6.11356 6.57534 7.0155 5.55135 6.31926 11.2196 10.2233 4.67034 4.45957 3.59437 2.90123 3.24786 1.65233 3.78319 1.16313 0.369475 0.122252 0.156934 0.0656069
threshold=11.372304916381838 -7.9402592182159415 1.0000000180025095e-35 0.084900196641683592 0.084873788058757796 5.3506467342376718 1.0000000180025095e-35 75.072582244873061 0.20436896383762362 10.360000133514406 2.6926499605178837 1.0000000180025095e-35 2.7739000320434575 19.226449966430668 0.024316119030117992 0.80937498807907116 0.35937500000000006 0.30729167163372045 0.76093748211860668 0.049785938113927848 0.90596848726272594 24.500000000000004 0.1588171869516373 0.74939998984336864 0.20990552008152011
decision_type=2 2 2 2 2 2 2 2 2 2 2 2 2 2 2 2 2 2 2 2 2 2 2 2 2
left_child=1 -1 5 -4 -5 6 7 8 -2 10 11 -7 -12 15 -15 -11 17 -6 -8 -20 -3 22 23 -22 -9
right_child=2 20 3 4 16 9 18 24 -10 13 12 -13 -14 14 -16 -17 -18 -19 19 -21 21 -23 -24 -25 -26
leaf_value=-0.21083557639738446 -0.1270613054869813 0.020928324140429486 -0.21725538776351946 0.15323441318738573 -0.032451472029810101 -0.012961847044085938 -0.058588578369875272 -0.12173078972251933 -0.0025349628302730682 -0.0029471666118838927 -0.16598820874745185 0.07018119709865818 0.0063934889543745066 0.025305930113112426 -0.014254803758064866 -0.069875440077403789 0.099236985745457737 -0.22354915801024386 0.099535128974172701 0.0041297603031896233 0.066309561442331272 0.050041828685856389 0.15771691469402058 0.13473256658878527 -0.14109405509837816
leaf_weight=0.94472892287376353 7.950638213165802 2.1548925670831505 2.4871910682559237 1.4155208359734377 5.0350205426730081 36.659287088921701 4.145234536015777 7.1728784357546811 36.073272494599223 20.170153758925153 5.3904105414840151 64.478816918970551 61.217708699507057 67.673073963203933 104.23112677659083 27.052450265706284 1.5873178174515485 1.717586860846495 7.2598293068949706 34.087795553128672 0.61574588269286357 0.83356721566451586 2.1767833139456343 2.2339173725958972 3.8842058405280113
leaf_count=156 2644 551 540 468 1404 9388 393 3666 603 444 2780 30580 64830 1180 2358 598 110 94 1164 5293 302 281 325 1231 52
internal_value=-0.000430957 0.0639262 -0.00158491 -0.0582626 -0.0177267 -0.000161401 -0.0189149 -0.0458028 -0.0250242 0.00471387 0.0211431 0.0400445 -0.00755688 -0.00786308 0.00131897 -0.0412884 -0.0467436 -0.0810589 0.0136399 0.0208811 0.0963128 0.124034 0.136304 0.119948 -0.128533
internal_weight=508.649 8.95964 499.69 12.2426 9.75545 487.447 100.574 55.081 44.0239 386.873 167.746 101.138 66.6081 219.127 171.904 47.2226 8.33993 6.75261 45.4929 41.3476 8.01491 5.86001 5.02645 2.84966 11.0571
internal_count=131435 2846 128589 2616 2076 125973 13815 6965 3247 112158 107578 39968 67610 4580 3538 1042 1608 1498 6850 6457 2690 2139 1858 1533 3718
is_linear=0
shrinkage=0.12


Tree=75
num_leaves=25
num_cat=0
split_feature=43 46 52 0 52 54 28 50 27 21 9 52 32 5 5 48 52 32 18 46 50 6 60 56
split_gain=4.58549 4.15479 5.52529 5.33148 5.10885 3.91387 5.09458 3.9847 3.63164 4.3079 3.29369 3.20015 2.82575 3.51166 3.66184 3.30774 3.92007 2.37177 2.22139 1.70218 1.05839 0.99645 0.521389 0.320463
threshold=-0.61910295486450184 0.29870560765266424 1.9617187380790713 6.3612999916076669 2.4757812023162846 0.036893969401717193 183.16847229003909 0.045590931549668319 111.46908187866212 2.411562561988831 1.0000000180025095e-35 2.0385416746139531 0.55129399895668041 9.4421997070312518 5.9001500606536874 1.1489583253860476 1.8135416507720949 0.20076638460159305 0.27421875298023229 0.18809877336025241 0.054139576852321632 10.540200233459474 2.9765625000000004 0.88906249403953563
decision_type=2 2 2 2 2 2 2 2 2 2 2 2 2 2 2 2 2 2 2 2 2 2 2 2
left_child=-1 2 3 17 12 6 21 11 9 -5 -9 -7 13 14 -3 18 -17 -2 -14 -19 -6 -4 23 -22
right_child=1 4 5 8 20 7 -8 10 -10 -11 -12 -13 15 -15 -16 16 -18 19 -20 -21 22 -23 -24 -25
leaf_value=-0.23499476551202925 -0.096833058782891002 -0.015894385675740263 0.060739720705347083 0.018749851238830592 0.20517620079019736 -0.059731971404035938 -0.13872941454731069 -0.0063424691749779469 -0.11847316473598615 -0.017687421087320587 -0.036941022787305877 0.067775151782696733 0.12239565160259688 -0.085127099666893691 0.096238655003370741 -0.19605278467962048 -0.019155427895271349 0.11163927223337093 -0.084203923837247091 -0.049185566459177016 0.07064008992331916 0.15821561684590063 0.044990482450133359 0.13984919400523513
leaf_weight=1.1889167695589993 0.96798081690212612 6.1560567429587598 2.6589602195344915 156.71908532101224 1.7137215732072926 3.6680815078434561 1.3837105211059677 92.293901851408009 3.3240361758798818 66.570769245707197 112.29079624111182 12.471354108667581 2.7480382096509852 2.7206263868138185 13.155637584641225 2.4836101868859242 6.591379659526865 11.348475019378382 1.0304394957274778 1.0340288848892658 1.3428601009363772 3.4953566424082965 1.8353927076313992 3.4095603260793723
leaf_count=291 364 6289 1700 23612 189 535 467 25336 517 23968 29174 3416 1262 51 2044 474 2256 5847 696 1282 348 40 446 838
internal_value=0.00039846 0.000945694 -0.00233919 0.0103746 0.0365596 -0.0157047 0.0693236 -0.0186086 0.0060331 0.00788658 -0.0231372 0.038796 0.0164261 0.0425119 0.0604936 -0.028288 -0.0675681 0.0840676 0.0660533 0.0982092 0.121167 0.116101 0.0993136 0.120293
internal_weight=512.603 511.414 468.227 239.964 43.1873 228.262 7.53803 220.724 226.614 223.29 204.585 16.1394 34.8858 22.0323 19.3117 12.8535 9.07499 13.3505 3.77848 12.3825 8.30153 6.15432 6.58781 4.75242
internal_count=131442 131151 116258 55590 14893 60668 2207 58461 48097 47580 54510 3951 13072 8384 8333 4688 2730 7493 1958 7129 1821 1740 1632 1186
is_linear=0
shrinkage=0.12


Tree=76
num_leaves=37
num_cat=0
split_feature=44 9 80 7 46 28 34 30 46 62 4 11 49 30 33 74 74 78 14 68 9 11 48 80 52 8 10 7 32 61 64 30 85 33 74 68
split_gain=4.05566 5.12301 11.1206 14.8493 4.48388 4.38679 5.38255 9.92494 4.73002 4.63889 4.45236 7.30981 5.6653 4.22461 5.51594 7.23717 7.53014 5.45125 8.68378 4.38238 3.79648 4.26611 3.58975 3.44591 4.62543 3.39987 2.93803 2.70732 2.50417 2.47782 1.61976 1.2864 1.22712 0.90094 0.76725 0.32873
threshold=0.25364583730697637 2.5000000000000004 1.0000000180025095e-35 10.83618211746216 0.061834029853343971 241.16023254394534 277.76428222656256 0.27604167163372045 0.29870560765266424 13.864857673645021 0.7852500081062318 3.6526999473571782 0.070758577436208739 1.0208333134651186 1.0823571681976321 2.8079301118850712 3.6532001495361333 1.0000000180025095e-35 0.1380179971456528 1.5000000000000002 2.5000000000000004 1.1087500452995303 0.92604166269302379 1.0000000180025095e-35 2.4885416030883794 1.0000000180025095e-35 1.5000000000000002 13.618768215179445 0.2179861590266228 8.1771249771118182 37.500000000000007 0.61770832538604747 0.72412857413291942 1.0794714093208315 0.085302911698818221 5.5000000000000009
decision_type=2 2 2 2 2 2 2 2 2 2 2 2 2 2 2 2 2 2 2 2 2 2 2 2 2 2 2 2 2 2 2 2 2 2 2 2
left_child=13 5 26 4 -4 8 9 -8 10 22 12 -12 -2 14 15 17 -17 19 -19 -1 21 30 -7 24 -10 -23 31 -25 -6 -18 -16 33 -33 -3 -11 -28
right_child=1 2 3 -5 28 6 7 -9 23 34 11 -13 -14 -15 20 16 29 18 -20 -21 -22 25 -24 27 -26 -27 35 -29 -30 -31 -32 32 -34 -35 -36 -37
leaf_value=-0.067006375655620898 -0.075339947778341812 0.14484235909152718 -0.3216163166196303 -0.31098244367370254 -0.070302948334661969 -0.1928125987622788 -0.52499941020404994 0.035258762105583812 -0.035496797722872231 0.13658388181021208 -0.0052770806484766933 -0.14651518159106044 0.060078163322796904 -0.10054904209976126 0.093054882760528118 -0.4166742067144707 0.10101657791876857 -0.14635678884199543 0.085200986151442032 0.089686660097010443 0.087763990462178976 -0.017881677281229563 -0.03830521515230946 0.10081211382805361 0.13849083560519401 -0.12944886399520422 -0.19595650118183508 -0.009288526868826712 0.10613120736590019 -0.20927923015961097 -0.013115532712557727 0.053065588087235521 -0.077989123029919991 0.016631051682085125 0.028638911866179732 -0.078727127143355377
leaf_weight=2.746129438353818 5.2923500714314278 2.5597885303723165 0.61332741693331438 4.6449439499410801 2.1772755260026315 2.4356283552115299 0.91973472927929723 0.90171204367652535 11.111717084801056 2.0946865370497103 278.75246179283567 5.3785421315915292 27.907010059745517 4.0174773466569595 6.4774590058186714 0.92985360866805367 1.2115054697933372 4.3183467239141446 5.0704074887617026 40.128361775019584 6.0413055768658515 35.336958793483063 19.513436358087347 15.154342851063122 2.7435434291655829 4.4258842624549279 0.68095502245705641 4.0824235049658446 2.4754602550965501 0.5338844853467889 3.0405074293303187 3.1864753868576372 1.5194099743384866 1.1410393871774429 1.7323682186761287 0.69704188269679435
leaf_count=47 902 897 419 88 265 628 468 434 4970 581 67355 1865 14306 281 637 266 1351 45 723 12097 575 4213 6284 5239 772 552 50 67 1945 37 364 720 276 180 974 569
internal_value=0.000398755 -0.00532624 -0.0649925 -0.154585 -0.0166351 -0.00221748 -0.0482811 -0.247642 0.00141026 -0.0341934 -0.00309192 -0.00795069 0.038491 0.0203231 0.0247272 0.0516607 -0.140845 0.0615146 -0.0213037 0.0796504 -0.00201943 -0.0130259 -0.0554505 0.0445832 -0.00104471 -0.0302999 0.0257569 0.0774466 0.0235678 0.00610248 0.0591388 0.0523792 0.0107514 0.105312 0.0877211 -0.136658
internal_weight=511.994 397.716 19.6957 9.91101 5.26606 378.02 27.5976 1.82145 350.422 25.7761 317.33 284.131 33.1994 114.278 110.261 54.9385 2.67524 52.2632 9.38875 42.8745 55.3221 49.2808 21.9491 33.092 13.8553 39.7628 9.78471 19.2368 4.65274 1.74539 9.51797 8.40671 4.70589 3.70083 3.82705 1.378
internal_count=131442 110254 5409 2717 2629 104845 9369 902 95476 8467 84428 69220 15208 21188 20907 14566 1654 12912 768 12144 6341 5766 6912 11048 5742 4765 2692 5306 2210 1388 1001 2073 996 1077 1555 619
is_linear=0
shrinkage=0.12


Tree=77
num_leaves=36
num_cat=0
split_feature=44 9 80 23 23 80 32 61 52 58 46 49 23 56 46 27 33 74 74 78 23 21 0 21 0 13 49 65 74 40 61 32 11 13 33
split_gain=3.18455 3.81693 8.13124 9.86147 3.46033 5.8328 5.45176 5.58638 4.37448 7.26838 4.87573 4.35168 3.85712 4.72967 3.31633 3.25235 4.48424 5.72985 5.45363 4.29864 6.77889 3.68915 3.6185 5.41823 3.33368 2.34818 2.35319 2.26619 2.21777 2.16342 1.96426 1.40022 1.23243 0.258753 0.105368
threshold=0.25364583730697637 2.5000000000000004 1.0000000180025095e-35 3.3437457084655766 1.5313089489936831 0.37500000000000006 0.24668305367231372 9.4548983573913592 2.0239583253860478 1.4911686778068545 0.25318141281604772 0.38836908340454107 0.58280083537101757 0.45703125000000006 0.057841494679450996 100.40413284301759 1.0823571681976321 2.8079301118850712 3.6532001495361333 1.0000000180025095e-35 1.8363575339317324 0.13955000042915347 6.3612999916076669 2.1617666482925419 21.294899940490726 7.9606499671936044 0.35993179678916937 0.87708333134651195 0.25321575999259954 0.14067198336124423 8.1771249771118182 0.2179861590266228 1.3287499547004702 0.65895000100135814 1.1425285339355471
decision_type=2 2 2 2 2 2 2 2 2 2 2 2 2 2 2 2 2 2 2 2 2 2 2 2 2 2 2 2 2 2 2 2 2 2 2
left_child=15 4 25 -4 5 12 8 11 9 -6 -10 -8 -2 -14 -5 16 17 19 -19 21 -21 -1 29 24 -24 26 32 -25 -7 34 -20 -16 -3 -28 -18
right_child=1 2 3 14 6 28 7 -9 10 -11 -12 -13 13 -15 31 -17 22 18 30 20 -22 -23 23 27 -26 -27 33 -29 -30 -31 -32 -33 -34 -35 -36
leaf_value=-0.053112196629287803 -0.03423194246491354 -0.071636810959035582 -0.25907180184909789 -0.27493912802451914 -0.037084585384434494 -0.025977944120721675 0.042358887992317101 -0.3862217659649721 -0.03477363593111981 0.083267918238487351 0.054061178724931019 -0.006830385875784984 -0.028965719154650075 0.041688928097107107 -0.060933014102487575 -0.086596311396341857 0.16687684100643724 -0.35271089265507716 0.096111550890299727 -0.1427074518727478 0.071090780476754711 0.082346208929354403 0.014789273251692901 -0.16121067221201293 -0.09044437349560723 -0.14424748355256847 0.21593898179483323 -8.650966178708647e-05 -0.077124503512420894 0.0050082024172039144 -0.18260954574552901 0.067736673619891802 0.04258278649400643 0.12571204385696766 0.1255170843568218
leaf_weight=3.1299869646318248 29.970794537744951 1.936960845792784 4.662568108586127 0.6625680715224006 13.179847337753019 25.732965710194549 81.016770788588474 0.47382674424443294 78.371187653414381 15.995298702804574 10.036173977841825 38.067969147970871 20.410948487406131 41.145379691559356 2.1794540661794599 4.0994238344283067 1.7209816970316745 0.96391634294923223 1.1260191897199545 3.7344273524358851 4.9879936725919833 38.594334604709729 37.294550509130204 4.5593489272723664 4.905013609553861 1.0717758462124027 0.67862614034675095 1.735472761089113 23.227390464395285 2.8366170336339565 0.53809472388820712 2.7604301560058957 4.5694008407590445 1.4058827402041059 1.8302985794762205
leaf_count=38 278 169 61 349 2484 343 52294 490 11347 2438 1620 32173 338 743 277 281 210 266 1351 44 724 12106 4191 298 66 346 19 863 297 208 37 2030 1258 900 505
internal_value=0.000448221 -0.00458799 -0.0557731 -0.130143 -0.00188693 -0.0168112 0.00695452 0.0249983 -0.0113925 0.0288988 -0.0246889 0.0266345 0.00107215 0.0182611 -0.0228443 0.0183158 0.0222996 0.0471694 -0.125578 0.0561687 -0.020445 0.0721847 -0.00175112 -0.0129342 0.00255757 0.0232335 0.044128 -0.116789 -0.0502425 0.0831466 0.0059865 0.0109682 0.00857931 0.155086 0.14556
internal_weight=509.613 397.556 19.9277 10.265 377.629 140.487 237.141 119.559 117.583 29.1751 88.4074 119.085 91.5271 61.5563 5.60245 112.056 107.957 53.0748 2.62803 50.4467 8.72242 41.7243 54.8823 48.4944 42.1996 9.66265 8.59087 6.29482 48.9604 6.3879 1.66411 4.93988 6.50636 2.08451 3.55128
internal_count=131442 110254 5409 2717 104845 1999 102846 84957 17889 4922 12967 84467 1359 1081 2656 21188 20907 14566 1654 12912 768 12144 6341 5418 4257 2692 2346 1161 640 923 1388 2307 1427 919 715
is_linear=0
shrinkage=0.12


Tree=78
num_leaves=24
num_cat=0
split_feature=43 44 30 33 78 6 28 6 29 5 28 62 71 46 18 4 48 52 82 65 5 40 82
split_gain=2.93512 3.03449 10.0262 3.43532 3.85238 6.02077 4.62651 3.03524 8.81105 5.48408 3.00378 4.08441 6.81241 3.57209 3.19626 4.10005 3.346 3.06745 3.3367 2.97239 0.984926 0.974916 0.0920445
threshold=-0.7428007423877715 0.25364583730697637 1.1203125119209292 1.0823571681976321 1.0000000180025095e-35 10.45105028152466 79.82965469360353 5.5886001586914071 2.5000000000000004 5.7109999656677255 241.16023254394534 19999947.000000004 19999949.000000004 0.29870560765266424 0.23020833730697635 0.7852500081062318 1.8453124761581423 2.4885416030883794 1.0000000180025095e-35 11.150520801544191 9.0163002014160174 0.10276234149932863 0.37500000000000006
decision_type=2 2 2 2 2 2 2 2 2 2 2 2 2 2 2 2 2 2 2 2 2 2 2
left_child=-1 2 3 4 6 -6 -2 8 -5 -9 13 12 19 14 16 -16 -3 18 -15 -12 22 -19 -13
right_child=1 10 -4 7 5 -7 -8 9 -10 -11 11 20 -14 17 15 -17 -18 21 -20 -21 -22 -23 -24
leaf_value=-0.17833855703782189 0.12482114495622759 0.018275806167107795 -0.28038830498660056 0.041230567729070855 0.052361645898059785 -0.15188697475227364 0.036279929359182721 0.13555215002673129 -0.1490326356366474 0.0016529292694623075 -0.060446268067109767 0.16417599143396291 -0.31242385748049151 -0.043619348301415103 0.03120461090355315 -0.013678054111700621 0.14927103192029387 0.14610177337986541 0.047307297321592515 0.054118602777572557 0.012491237020478994 0.052983686557234844 0.11087225484375919
leaf_weight=1.3187430034995475 11.379153557762036 30.434740691965999 1.5912067855824705 7.6316944993086491 5.2428714838897559 3.4430421807337552 33.565359900478143 5.0436356245591005 6.4817577559806523 34.765776165950228 20.723677558336941 1.0223921783617691 1.4234873067252909 8.5587836391496257 32.950288487514626 265.1810756445193 3.0932508492041952 4.0349231784093709 18.106169980772393 3.8701161924764156 1.6342107679229227 2.7041051021733438 0.85795959080132878
leaf_count=257 1381 9498 60 2442 855 46 12431 992 386 2517 4217 740 285 2384 14278 64297 600 693 7671 3758 21 843 790
internal_value=0.000452587 0.000920645 0.0186297 0.0230536 0.0445583 -0.0286012 0.058697 0.00166547 -0.0461499 0.0186172 -0.00397766 -0.0407887 -0.057191 -0.000999826 -0.00476696 -0.0087175 0.0303613 0.0364031 0.0181221 -0.0424182 0.0806329 0.108737 0.139855
internal_weight=505.058 503.74 109.144 107.553 53.6304 8.68591 44.9445 53.9229 14.1135 39.8094 394.595 29.5318 26.0173 365.063 331.659 298.131 33.528 33.404 26.665 24.5938 3.51456 6.73903 1.88035
internal_count=131442 131185 21110 21050 14713 901 13812 6337 2828 3509 110075 9811 8260 100264 88673 78575 10098 11591 10055 7975 1551 1536 1530
is_linear=0
shrinkage=0.12


Tree=79
num_leaves=32
num_cat=0
split_feature=40 40 70 6 54 4 80 1 15 27 0 50 78 14 85 9 14 4 23 49 73 0 50 13 80 71 6 0 28 6 64
split_gain=2.38903 7.597 9.60861 5.03351 4.67286 3.00998 2.95919 2.48595 4.40662 4.69531 4.09547 3.91453 6.01988 8.04496 7.59466 4.50039 5.89779 4.49825 4.37143 4.17859 3.53025 3.26377 4.05171 3.34422 3.01388 2.62914 2.42053 0.969691 0.932926 0.853081 0.105575
threshold=0.33606606721878057 0.34963867068290716 1.0000000180025095e-35 10.540200233459474 0.34670165181159979 1.2552999854087832 0.37500000000000006 190.37500000000003 1.3921459913253786 82.269920349121108 6.5473499298095712 0.056715069338679321 1.0000000180025095e-35 0.1380179971456528 0.6533571481704713 2.5000000000000004 1.6322990059852602 4.1643500328063974 0.58280083537101757 0.3108039945363999 1.0000000180025095e-35 6.3612999916076669 0.064809087663888945 8.1710996627807635 1.0000000180025095e-35 0.50737664103508007 10.540200233459474 5.4990499019622812 8.5425338745117205 11.315050125122072 34.500000000000007
decision_type=2 2 2 2 2 2 2 2 2 2 2 2 2 2 2 2 2 2 2 2 2 2 2 2 2 2 2 2 2 2 2
left_child=7 -2 5 4 6 29 -4 8 -1 21 27 12 17 -14 -15 18 -17 24 -13 -18 -20 23 -23 -10 -9 -12 28 -11 -7 30 -3
right_child=1 2 3 -5 -6 26 -8 11 9 10 25 15 13 14 -16 16 19 -19 20 -21 -22 22 -24 -25 -26 -27 -28 -29 -30 -31 -32
leaf_value=-0.073507311891918309 -0.1763361117989331 0.09206050174236774 0.076236687793522259 -0.14448849667981811 -0.22827338052694149 0.019698349187516374 -0.072482666780325333 0.090221411882835278 0.087708276557540099 -0.10917490311208722 -0.1192726953321569 -0.038234171039286405 -0.15348579947028959 0.11158524892066451 -0.12638754602114588 -0.18608156369078582 -0.12275576228196547 -0.13479843004405392 0.014578947706245753 0.085134073924667861 -0.07261776717795923 -0.034693298431046508 0.014060261977467714 -0.050313146775899778 0.034307440286072362 -0.0029783219832595349 -0.034333719416921218 -0.22775388307483777 0.11669747574288598 0.24978533357223603 0.14303776450384695
leaf_weight=14.084455489355603 4.4442519325384628 1.0171487476873182 5.159668062944549 7.336056658125016 1.2503045257035399 2.2414996879524534 3.074775894456252 21.556845245235309 11.710014282998598 2.04932593933336 3.6554813618276958 29.466955886775395 5.3900017440319052 5.8453778086332004 2.8839164311284549 4.187867050059138 2.3398599277425092 1.8690702142193902 184.38916258687277 3.4379451539862202 6.9375882414824437 36.400231410734705 75.376007683900752 3.2238927833714106 38.990239311260666 11.952726095216347 4.4862243948446121 1.9267388007865522 3.9333317181590246 1.0816668923944237 1.3770296969378248
leaf_count=204 508 529 1747 101 183 169 701 8909 2430 479 805 377 65 1114 303 37 1096 22 76587 2432 1906 4033 11944 683 9265 2637 65 193 1419 10 489
internal_value=0.000434746 -0.0296214 -0.00855919 -0.069848 -0.0121166 0.0643653 0.0207043 0.00270994 -0.00940051 -0.00322864 -0.0579115 0.00903044 0.032548 -0.0382117 0.0329656 0.00123043 -0.0776495 0.0485547 0.00479073 0.000944128 0.0114172 0.00522313 -0.00181647 0.0579126 0.0542147 -0.0302148 0.0327486 -0.166636 0.0814862 0.161339 0.12138
internal_weight=503.076 35.402 30.9577 16.8208 9.48475 14.1369 8.23444 467.674 160.379 146.294 19.5843 307.295 76.5355 14.1193 8.72929 230.759 9.96567 62.4162 220.794 5.77781 191.327 126.71 111.776 14.9339 60.5471 15.6082 10.6611 3.97606 6.17483 3.47585 2.39418
internal_count=131442 5921 5413 2732 2631 2681 2448 125521 23408 23204 4114 102113 19678 1482 1417 82435 3565 18196 78870 3528 78493 19090 15977 3113 18174 3442 1653 672 1588 1028 1018
is_linear=0
shrinkage=0.12


Tree=80
num_leaves=22
num_cat=0
split_feature=27 52 12 37 7 56 46 53 12 71 13 68 28 49 65 65 52 65 82 13 28
split_gain=3.27267 2.73542 2.36072 2.78338 6.66356 3.84293 3.06787 2.23689 2.04957 1.77581 1.9952 2.09613 1.64702 2.31278 1.86663 1.62835 1.47883 0.783819 0.468091 0.0661697 0.0481315
threshold=22.642156600952152 3.1000000238418584 0.37340000271797186 1.0000000180025095e-35 13.066836833953859 6.0531251430511483 0.29445026814937597 0.38229453563690191 9.7332501411438006 0.8371894657611848 -1.9763500094413755 6.5000000000000009 40.29126167297364 0.68241348862648021 9.7786455154418963 4.1395833492279062 1.6697916984558108 9.8270831108093279 0.37500000000000006 -1.8572999835014341 1.7811734676361086
decision_type=2 2 2 2 2 2 2 2 2 2 2 2 2 2 2 2 2 2 2 2 2
left_child=9 2 -2 6 5 -5 8 -8 -4 10 -1 -12 15 14 18 -11 -17 -16 -14 -13 -21
right_child=1 -3 3 4 -6 -7 7 -9 -10 12 11 19 13 -15 17 16 -18 -19 -20 20 -22
leaf_value=-0.080031330698270314 -0.035903757626495628 -0.13145570259095546 0.0018771436583757866 0.051743893413265796 -0.09340135363561973 -0.16984571653914443 0.052524948783588654 -0.030455184002900579 -0.065933551333903662 -0.068301443903073925 -0.039583008362072063 0.15228395671541187 0.15635986768934634 -0.09627251208679552 -0.10224024552527744 0.10192966843228998 -0.025244782991584905 0.052784601990897406 0.09700850575951174 0.060907658566657683 0.12273867538939542
leaf_weight=3.1892450362429372 25.87632170256984 2.3145421458248157 374.87907083781829 10.781447786062929 13.886589675385038 1.2585654908543791 27.869279900853144 5.6215878686489296 6.5302489880341446 2.2512095142883508 2.0778178424170646 1.0164903401746417 4.9595171279397565 0.89778148414552639 0.5953542829702213 3.4012829933490139 2.1483213294268353 2.2243681073377957 3.1155943338817451 0.2295557301440565 0.86228037853652495
leaf_count=82 496 533 100423 5227 152 142 11973 1682 2387 211 404 13 1748 72 12 470 323 1562 2026 16 1515
internal_value=0.0010145 -0.0013229 -0.000677531 0.00139023 -0.0367543 0.0285807 0.00377384 0.0385964 0.000716132 0.0416645 -0.00852481 0.045953 0.0605569 0.0888539 0.104109 0.0177798 0.0526988 0.0200528 0.133461 0.130251 0.109739
internal_weight=495.986 469.018 466.703 440.827 25.9266 12.04 414.9 33.4909 381.409 26.9688 7.37539 4.18614 19.5934 11.7926 10.8948 7.80081 5.5496 2.81972 8.07511 2.10833 1.09184
internal_count=131469 123015 122482 121986 5521 5369 116465 13655 102810 8454 2030 1948 6424 5420 5348 1004 793 1574 3774 1544 1531
is_linear=0
shrinkage=0.12


Tree=81
num_leaves=26
num_cat=0
split_feature=62 27 56 61 71 64 5 56 62 52 43 43 32 1 4 5 62 57 53 18 32 48 12 4 28
split_gain=2.93045 2.71617 3.31613 3.72343 4.9824 3.48769 3.25186 2.93203 2.19123 2.12938 1.54599 3.4025 1.6745 1.76674 1.50735 1.119 0.969302 0.381417 0.291861 0.23246 0.0906451 0.0569316 0.0542377 0.0530327 0.0103407
threshold=-6.5690066814422599 22.642156600952152 6.6270833015441903 -14.874230861663817 19999957.000000004 38.500000000000007 3.7427500486373906 6.5390625000000009 -6.0552484989166251 3.1000000238418584 2.1590313911437993 0.48041467368602758 0.20260683447122577 361.86499023437506 4.1643500328063974 9.4421997070312518 1.3092804551124575 -8.174250125885008 -0.22032772749662397 0.19687499850988391 0.25845029950141912 1.8453124761581423 0.73544999957084667 3.1408499479293828 28.438219070434574
decision_type=2 2 2 2 2 2 2 2 2 2 2 2 2 2 2 2 2 2 2 2 2 2 2 2 2
left_child=14 10 7 21 6 -6 -5 8 -3 -10 11 12 -2 -14 15 18 -13 -12 -1 22 -20 24 -19 -22 -4
right_child=1 2 3 4 5 -7 -8 -9 9 -11 17 16 13 -15 -16 -17 -18 19 20 -21 23 -23 -24 -25 -26
leaf_value=0.20064857374864284 -0.040578499375593352 -0.15469399674082085 0.088814585066398583 0.074058427468682561 -0.099753946464275961 -0.36259855942251762 -0.066662487397527254 0.17358530922854901 0.00042524722932602395 -0.11435972228397308 0.034932102186427762 -0.14951861098727193 0.070920777061753038 -0.086388462549393558 -0.027348427924170474 -0.018341348556368972 -0.019330643770815018 0.16856576783246141 0.0803021307803891 0.075987647369964814 0.12195249828052475 0.15787359155955305 0.13032514199068135 0.16165410677436884 0.12016048195106922
leaf_weight=1.0657619855337541 2.7926228209580684 1.3256793022446789 0.22503956914443068 2.9839578894097967 1.7764601226517691 1.2304646953198242 11.39465409893455 1.395218022094922 438.69311069968535 2.3396721560202414 0.81078791897380176 1.7127926005796319 14.948672017295396 1.1040075327582588 1.2752448861720038 0.69498974212910969 1.5861891918048057 1.0465799034573136 0.50399736523831951 0.88743509850610269 1.2702113515297244 0.73891386587638408 1.0906884439409621 0.78325099539506471 0.46405432272149483
leaf_count=65 181 240 118 3884 126 743 2341 306 112031 533 518 309 5277 591 20 13 450 7 295 101 1472 14 937 104 793
internal_value=0.000918316 -7.04881e-05 -0.00219098 -0.0515363 -0.0668362 -0.207313 -0.037459 -9.89209e-05 -0.000646729 -0.000183685 0.0376847 0.0255019 0.0451825 0.060102 0.087283 0.121136 -0.0869227 0.108022 0.14789 0.127614 0.125904 0.134735 0.149051 0.137096 0.109924
internal_weight=494.14 488.547 462.567 18.8135 17.3855 3.00692 14.3786 443.754 442.358 441.033 25.9798 22.1443 18.8453 16.0527 5.59346 4.31821 3.29898 3.83549 3.62322 3.0247 2.55746 1.42801 2.13727 2.05346 0.689094
internal_count=131469 129500 121129 8019 7094 869 6225 113110 112804 112564 8371 6808 6049 5868 1969 1949 759 1563 1936 1045 1871 925 944 1576 911
is_linear=0
shrinkage=0.12


Tree=82
num_leaves=23
num_cat=0
split_feature=62 27 1 85 32 70 70 56 71 12 11 56 7 0 32 61 68 82 11 70 45 23
split_gain=2.40732 2.3311 2.03034 2.07554 3.05592 4.06884 3.75258 2.77956 1.48991 2.20803 1.29096 1.05227 0.844279 0.797304 0.612801 0.241051 0.225641 0.215776 0.203396 0.029206 0.0415814 0.0167797
threshold=-6.5690066814422599 13.21646308898926 105.73500061035158 1.3022285699844363 0.21166560798883441 1.0000000180025095e-35 1.0000000180025095e-35 1.3890625238418581 0.77105653285980236 1.2801499962806704 0.34534999728202825 0.41406250000000006 5.3153564929962167 4.8018498420715341 0.078694585710763945 0.34860737621784216 22.500000000000004 0.37500000000000006 1.3921999931335451 1.0000000180025095e-35 0.31513416767120367 1.5313089489936831
decision_type=2 2 2 2 2 2 2 2 2 2 2 2 2 2 2 2 2 2 2 2 2 2
left_child=10 8 -3 4 5 -4 -6 14 9 -2 -1 -12 13 -10 -5 -11 21 -15 -13 20 -20 -14
right_child=1 2 3 7 6 -7 -8 -9 12 15 11 18 16 17 -16 -17 -18 -19 19 -21 -22 -23
leaf_value=-0.02397823332928473 -0.13461096961396124 -0.10811204209499893 -0.038492596409310513 0.07812893450733932 0.01015237728138629 0.014303810175426158 -0.017592521046847394 0.0023763310149581339 0.14412185686746581 0.13571697473419533 -0.029169654615312374 0.16732054771298926 0.14878798921418532 -0.092614477262149511 0.16544859219645691 0.032876323038944943 0.080746384113793798 0.020561024280085764 0.048078601809629959 0.12670268981869973 0.10897950508030389 0.13074992880967667
leaf_weight=1.2796469487948332 1.1869544152432339 2.5412779852704253 63.556704884817009 2.3238025215141516 276.09931010085893 31.406382434743136 94.131017605588568 7.1828675709730305 0.46858062725914329 0.74586344235467528 0.62287807977190812 1.8533436120596891 1.2159707663813608 0.58399117721273797 2.3055928987814696 0.58610687000327744 1.4691138942071118 0.41494789900752949 0.21495423433952943 0.70765453754211194 0.64848174242069945 1.9076946034201681
leaf_count=20 27 515 6981 342 86785 5534 25238 531 224 590 116 223 14 497 269 166 303 490 195 412 1003 994
internal_value=0.000848637 -2.69493e-05 -0.00113613 -0.000566213 -0.00182756 -0.0210317 0.00309824 0.0491085 0.0619724 -0.0155946 0.0810814 0.114298 0.0942127 0.0149766 0.121617 0.090464 0.119531 -0.0456027 0.140394 0.10863 0.0938181 0.137772
internal_weight=493.453 488.126 479.547 477.006 465.193 94.9631 370.23 11.8123 8.57922 2.51892 5.32696 4.04731 6.0603 1.46752 4.6294 1.33197 4.59278 0.998939 3.42443 1.57109 0.863436 3.12367
internal_count=131469 129500 126195 125680 124538 12515 112023 1142 3305 783 1969 1949 2522 1211 611 756 1311 987 1833 1610 1198 1008
is_linear=0
shrinkage=0.12


Tree=83
num_leaves=28
num_cat=0
split_feature=62 56 54 62 56 61 32 65 65 50 49 56 35 4 5 32 71 19 33 53 35 48 38 53 1 49 35
split_gain=1.97958 2.00267 3.27839 3.38556 2.63253 2.79869 2.43035 2.23476 2.45871 4.26441 2.43775 3.98503 2.84477 1.10769 0.945594 0.693728 0.138695 0.134422 0.145315 0.104966 0.0902789 0.0606747 0.0367953 0.0188653 0.010876 0.00220283 1.38264e-07
threshold=-6.5690066814422599 6.6270833015441903 0.052575837820768363 2.7830880880355839 13.158333301544191 -14.874230861663817 0.7062455713748933 11.776041507720949 11.75052070617676 0.53530272841453563 0.63358029723167431 2.1390625238418584 93.562519073486342 4.1643500328063974 9.4421997070312518 0.21332029998302462 0.32273380458354956 22.027437210083011 0.96192857623100292 -0.22032772749662397 8.5425338745117205 1.8453124761581423 1.0000000180025095e-35 -0.072105135768651948 134.23500061035159 0.20251938700675967 208.2144470214844
decision_type=2 2 2 2 2 2 2 2 2 2 2 2 2 2 2 2 2 2 2 2 2 2 2 2 2 2 2
left_child=13 7 3 -3 5 21 -7 8 10 15 12 -12 -2 14 16 -10 19 -6 -19 -1 -18 -4 -21 -9 -25 -26 -22
right_child=1 2 4 -5 17 6 -8 23 9 -11 11 -13 -14 -15 -16 -17 20 18 -20 22 26 -23 -24 24 25 -27 -28
leaf_value=0.18109014335794868 -0.0045558143919738319 -0.39418478313777355 0.10321650517442924 -0.05665793105501242 0.15464819890096446 -0.062611657212468697 0.12132563517966169 0.08996750892890934 -0.070401210772408518 -0.35355915478307348 -0.12269870413529445 0.01126544013170163 0.015050630340346646 -0.021029604945790651 -0.021510659383042093 0.12015241770812474 0.032299289915623697 0.12021291174203697 0.010500731951359657 0.10686087534396446 0.12009373337355601 0.15365195048539698 0.14598658268742268 0.14148101220680276 0.10594397241717222 0.1201924394215191 0.12022715106300852
leaf_weight=0.94244074277230572 274.2738221229647 0.71472558935784292 0.68174084825296322 1.0664668407953284 0.86092158032988553 14.893896939182016 1.1116110811999522 0.28718065505381707 0.62116330547723808 0.76737023708119512 5.8818106638245791 7.006542630988406 174.27637411321484 1.2837063754559492 0.66920576791744668 0.4938428763889533 0.2513442467607091 0.57024328468469321 0.25008644285480841 0.60034696782895458 0.34586034814128652 0.69224922475405037 0.81736490515504556 0.36842429245370967 0.17437356235313917 1.5029371212822296 0.16531574969121721
leaf_count=38 51591 402 871 353 27 4611 1120 129 82 40 1892 1867 61668 20 13 909 109 777 201 480 716 14 379 7 240 2699 214
internal_value=0.000763983 -1.38357e-05 -0.0364061 -0.192095 -0.0218573 -0.0357279 -0.0498369 0.00161502 0.00102513 -0.135842 0.00158346 -0.0498713 0.00306193 0.075318 0.107936 0.0139961 0.135677 0.121527 0.086766 0.150052 0.0911836 0.128627 0.129418 0.118769 0.122812 0.118711 0.120137
internal_weight=491.571 486.496 20.8419 1.78119 19.0607 17.3795 16.0055 465.654 463.321 1.88238 461.439 12.8884 448.55 5.07559 3.79188 1.11501 3.12267 1.68125 0.82033 2.36015 0.76252 1.37399 1.41771 2.33292 2.04573 1.67731 0.511176
internal_count=131469 129500 8376 755 7621 6616 5731 121124 118049 1031 117018 3759 113259 1969 1949 991 1936 1005 978 897 1039 885 859 3075 2946 2939 930
is_linear=0
shrinkage=0.12


Tree=84
num_leaves=28
num_cat=0
split_feature=74 6 82 21 21 85 35 58 56 56 19 74 85 27 22 48 12 14 12 0 62 74 54 35 87 45 27
split_gain=2.10926 2.0985 5.48384 15.3007 14.4529 11.8587 4.93392 4.8993 4.15869 9.97074 4.56315 4.12796 4.05537 4.87053 3.78196 3.4301 3.03142 1.92889 1.28571 0.875114 0.702314 0.660646 0.634794 0.568814 0.321494 0.234708 0.173662
threshold=14.494327068328859 10.540200233459474 0.37500000000000006 0.25426666438579565 0.40308749675750738 0.4788499921560288 4.5244843959808358 1.1239988803863528 0.45703125000000006 0.12187499925494195 32.887475967407234 0.29855220019817358 0.37557499110698706 59.730215072631843 1.771858334541321 1.7635416984558108 0.37340000271797186 -0.58035701513290394 2.5315999984741215 21.294899940490726 5.4721257686614999 0.53819799423217785 0.074139084666967406 2.6983066797256474 0.099057141691446318 0.20302187651395801 99.686962127685561
decision_type=2 2 2 2 2 2 2 2 2 2 2 2 2 2 2 2 2 2 2 2 2 2 2 2 2 2 2
left_child=1 2 3 -1 21 7 11 -5 9 14 12 -6 13 -10 17 -8 -7 -3 -2 20 25 24 -22 -24 -4 -20 -27
right_child=18 8 4 5 6 16 15 -9 10 -11 -12 -13 -14 -15 -16 -17 -18 -19 19 -21 22 -23 23 -25 -26 26 -28
leaf_value=-0.073876187019877013 0.11362162118999689 -0.0070871189063783716 0.14515932382867763 -0.036629207542364435 -0.081389592199051883 -0.057909041255133735 0.028586826944738228 0.025451855818852172 0.0069588487377812503 -0.099237156399305637 -0.058007532650099849 0.023613567804872337 -0.024157711232942802 0.070575850100876955 -0.052235186318083882 -0.03969114379271297 0.10854814714170902 0.042051773835148964 -0.013556454040282162 -0.089685508755256146 -0.090136580102887623 0.081946834593527501 -0.079426532136434316 0.10038959050228033 0.10947700057844008 0.12572424263218038 0.043295021957543943
leaf_weight=38.957443644205341 3.6394839888853294 30.731617928715423 8.3645901947384136 38.680564849426446 14.547774124715945 1.7154169324785495 79.903889123153022 34.751091366240871 52.84857784374617 21.934090047667269 14.56345976659213 8.5656545679885294 29.809781816358736 25.784959115902893 18.595338705112226 12.21483841824738 19.308058550963324 18.384837741701631 0.27740935481051598 0.86573152076016402 0.81495353784703217 5.8274306538878582 0.36075893256202085 0.85063875615378493 6.4319867196027181 1.4298094411442432 0.49563025389215898
leaf_count=395 546 413 468 18872 3367 17 53519 23205 1121 326 218 2807 598 689 528 5147 13180 488 279 92 286 541 126 1113 464 2238 426
internal_value=0.000705576 -0.000353645 0.00668339 -0.0105977 0.0236537 0.0155011 0.00709529 -0.00724972 -0.0092642 -0.0289215 0.00506179 -0.0424762 0.0135317 0.0278197 -0.0061439 0.0195332 0.094966 0.0113061 0.0591481 0.0202358 0.0427371 0.11617 -0.00824915 0.0468397 0.129648 0.0896382 0.104506
internal_weight=490.656 481.921 269.269 133.413 135.856 94.4551 115.232 73.4317 212.653 89.6459 123.007 23.1134 108.443 78.6335 67.7118 92.1187 21.0235 49.1165 8.73442 5.09493 4.2292 20.624 2.02635 1.2114 14.7966 2.20285 1.92544
internal_count=131469 126363 121982 55669 66313 55274 64840 42077 4381 1755 2626 6174 2408 1810 1429 58666 13197 901 5106 4560 4468 1473 1525 1239 932 2943 2664
is_linear=0
shrinkage=0.12


Tree=85
num_leaves=25
num_cat=0
split_feature=18 40 85 32 85 27 45 14 33 22 32 27 87 22 61 40 27 18 44 28 6 40 40 45
split_gain=2.67705 3.0944 3.01431 3.05893 3.47784 5.13693 2.796 3.46887 2.65623 4.23171 4.1861 3.02951 2.60124 2.22704 2.16826 2.16657 1.81744 1.4408 1.33927 1.30021 0.752973 0.771904 0.688687 0.02709
threshold=0.47187499701976782 0.044808749109506614 1.3168857097625735 0.20634794980287555 1.0849000215530398 27.48307037353516 0.033073225989937789 0.60028550028800975 1.1932285428047182 5.6229667663574228 0.20834346115589145 41.903360366821296 0.47065000236034399 5.5511999130249032 3.7608733177185063 0.18193891644477847 100.91640090942384 0.34062500298023229 0.72239583730697643 6.3710865974426278 10.540200233459474 0.22274658828973773 0.11370082572102548 0.2080042436718941
decision_type=2 2 2 2 2 2 2 2 2 2 2 2 2 2 2 2 2 2 2 2 2 2 2 2
left_child=2 -2 3 4 5 -1 7 -6 10 11 -5 -10 15 -8 -12 19 -7 18 -4 -3 21 -17 -21 -11
right_child=1 12 17 8 6 16 13 -9 9 23 14 -13 -14 -15 -16 20 -18 -19 -20 22 -22 -23 -24 -25
leaf_value=0.018275910588362119 -0.13351236299270786 -0.016086114271714406 0.16962677827590128 -0.10636095998842117 -0.16381928939508203 -0.12710698290222253 -0.0026863725949098417 0.039385011155771234 -0.012822700378571123 0.14149624266404331 -0.0013120547351936397 0.10365173469810379 -0.1246365855586976 0.089608142928428614 0.034931513452964191 -0.067407408340687702 -0.02327854041823977 -0.0015050473471898934 0.054198167194545135 0.13900977631605985 -0.088005959449467167 0.04912871226799681 0.044434503646499146 0.12434419525212052
leaf_weight=7.1518607235047993 4.3675454412077697 3.0213641065347492 2.5234258844693596 5.2932633856398743 2.998205725161827 11.722583393639068 17.397503191656146 2.0279639070031408 14.246974509631405 3.0959242297685696 359.35980401584675 4.1530775409337357 2.8677163139363975 4.8044306680203581 25.452507044792583 1.596863051352557 3.0617418036854351 2.7653347937703074 3.3946278636103671 1.9648735958689938 3.4498616192140616 1.6790945639295385 2.5446090050245402 2.3193776927710132
leaf_count=181 337 273 376 370 53 5063 1615 716 1539 107 107233 205 282 2113 5075 192 1717 127 575 539 33 420 324 2062
internal_value=-0.00193222 -0.0433511 -4.53392e-05 -0.00135882 -0.0296577 -0.0652159 -0.00101045 -0.0818302 0.00200244 0.0409086 -0.000372724 0.0134668 -0.0203556 0.0172859 0.00108519 0.000620485 -0.105605 0.0700028 0.103416 0.0448294 -0.0488798 -0.00767673 0.0856429 0.13415
internal_weight=493.261 21.4919 471.769 463.085 49.1643 21.9362 27.2281 5.02617 413.921 23.8154 390.106 18.4001 17.1244 22.2019 384.812 14.2567 14.7843 8.68339 5.91805 7.53085 6.72582 3.27596 4.50948 5.4153
internal_count=131527 2400 129127 128049 11458 6961 4497 769 116591 3913 112678 1744 2063 3728 112308 1781 6780 1078 951 1136 645 612 863 2169
is_linear=0
shrinkage=0.12


Tree=86
num_leaves=21
num_cat=0
split_feature=40 86 40 0 27 75 14 21 87 14 46 85 34 85 12 71 58 56 48 53
split_gain=2.3645 2.50255 3.50929 5.73484 6.90243 7.58937 4.31525 3.22407 3.50584 11.2102 5.64288 4.57291 4.00326 3.07631 2.53062 2.39954 2.0379 3.12011 1.86571 1.18395
threshold=0.92691060900688182 1.0000000180025095e-35 0.13542306423187259 7.754199981689454 69.540111541748061 1.0000000180025095e-35 -0.34645000100135798 0.13955000042915347 0.0047571428585797557 -1.1373974680900572 0.113254401832819 1.0000000180025095e-35 316.12142944335943 1.2778428792953493 0.37340000271797186 19999959.000000004 3.1378732919692998 5.069791555404664 1.2864583730697634 -0.19072950631380078
decision_type=2 2 2 2 2 2 2 2 2 2 2 2 2 2 2 2 2 2 2 2
left_child=1 7 14 4 -4 -6 -5 18 10 -10 12 -11 -9 -8 -3 -12 19 -18 -1 -16
right_child=-2 2 3 6 5 -7 13 8 9 11 15 -13 -14 -15 16 -17 17 -19 -20 -21
leaf_value=-0.011012586368991214 -0.12434725033816096 -0.085996169280820101 0.12222452669797176 -0.062338097746147222 -0.073763643157868083 -0.69242283946325334 0.068019433364252549 0.080788721485172438 -0.13399279212171109 -0.001034234508283159 0.024624332526553622 -0.083459771945382941 -0.014260053201522004 -0.062883727816337998 0.048499445969186809 0.084698172636718846 0.048250172966136741 -0.14195098375475906 -0.064470133195705936 0.1095246849523093
leaf_weight=18.77936403019703 2.253212553303455 1.77944956510328 0.56493036026586452 8.6331469622382446 0.55767281106091082 0.58514258076320402 13.22728882244701 6.7977283839245493 10.377618692320537 170.02796622949609 83.046395204041801 10.278319796176218 104.06682801515308 3.2131855761472243 8.0272213934440568 10.822290921478269 6.189664629098842 1.5537096238876982 18.825957535678754 10.654184751540013
leaf_count=277 252 37 578 115 416 271 4680 4207 232 46504 32428 2474 26065 221 1451 5246 2009 451 399 3214
internal_value=-0.00170239 -0.00113612 0.022979 -0.00813148 -0.220907 -0.390529 0.00636053 -0.00419828 -0.00100509 -0.0127132 0.00989957 -0.00573288 -0.00843208 0.0424352 0.0525201 0.0315504 0.0618478 0.0100863 -0.0377745 0.0833027
internal_weight=490.261 488.008 54.9856 26.7814 1.70775 1.14282 25.0736 433.022 395.417 190.684 204.733 180.306 110.865 16.4405 28.2042 93.8687 26.4248 7.74337 37.6053 18.6814
internal_count=131527 131275 13443 6281 1265 687 5016 117832 117156 49210 67946 48978 30272 4901 7162 37674 7125 2460 676 4665
is_linear=0
shrinkage=0.12


Tree=87
num_leaves=32
num_cat=0
split_feature=18 22 85 4 28 54 68 53 9 11 13 7 54 70 0 44 40 46 83 74 85 0 56 60 46 45 85 6 46 44 17
split_gain=2.28785 5.28092 4.01556 3.74255 3.28651 4.78423 5.52543 4.34242 4.21872 3.53615 3.37596 6.13963 4.3513 3.72466 5.23273 3.98286 2.92993 2.86917 5.67779 2.54458 4.55763 3.35514 2.3625 2.14563 1.97536 1.57078 2.01674 1.65627 1.24041 0.963008 0.855459
threshold=0.37187500298023229 0.20852916687726977 1.3168857097625735 2.2110500335693364 6.3710865974426278 0.18192467838525775 5.5000000000000009 -0.040980096906423562 2.5000000000000004 1.3287499547004702 1.0377500057220461 6.6583240032196054 0.17017967253923419 1.0000000180025095e-35 9.6876001358032244 0.50729167461395275 0.05879234895110131 0.067246731370687499 1.0000000180025095e-35 0.097613908350467696 0.90447142720222484 20.861650466918949 4.2734375000000009 0.69531250000000011 0.12770815193653109 0.38557212054729467 0.64351430535316478 11.153749942779543 0.091550428420305266 0.72239583730697643 1.5000000000000002
decision_type=2 2 2 2 2 2 2 2 2 2 2 2 2 2 2 2 2 2 2 2 2 2 2 2 2 2 2 2 2 2 2
left_child=2 -2 4 19 5 6 7 -1 -8 24 13 12 -12 15 -15 -6 28 30 -19 25 21 -21 -11 -13 -7 27 -27 -3 -5 -4 -18
right_child=1 3 29 16 10 9 8 -9 -10 22 11 23 -14 14 -16 -17 17 18 -20 20 -22 -23 -24 -25 -26 26 -28 -29 -30 -31 -32
leaf_value=-0.010976744643477185 -0.13575948522566372 0.086913232420400222 0.14381451513515517 -0.149591811303077 -0.0076711766657480618 0.010657439122667853 -0.064149077417127581 0.12480623970214361 0.077741271957904215 0.076895570541807221 0.032872103009381072 0.11306682839193051 -0.037231102921094696 -0.15226693465647026 -0.017065276154162361 0.027399596415083379 0.081443634121335512 -0.10422590895839955 0.042235383538210887 0.00063207290142075132 0.14482945643014281 -0.1645238455790968 -0.028856056318732504 0.033261098108178011 -0.099836763932388439 0.16217608022000654 0.016404802064816759 -0.12362747883280675 -0.058725642850834578 0.050766135658776058 0.0038693378322469962
leaf_weight=15.328314712081921 5.4999216373253139 1.2083894157840425 3.1034443267171801 3.5825934786989801 109.37704271834627 5.5634105451608793 49.34440368689684 4.3552443230910276 3.2139668032614273 14.348105738172309 34.704274962903582 13.152171342764634 20.154299128980711 4.472080887273477 52.684989744931954 81.283384027898137 4.1381940195278748 9.3421333129735995 6.4382495457102769 6.0111195875833783 2.2250970824825336 2.5112503461132292 3.8604775810308629 7.68629142726786 4.0085755463878741 3.9700844131366466 2.0841373608200229 0.96991736372001458 5.4608785926175187 3.3099061494649504 4.0508867303360603
leaf_count=2522 94 698 402 245 9134 521 5995 260 434 2046 44301 14497 22453 321 3897 7277 216 699 1020 2059 514 104 281 8036 399 1205 395 16 515 575 396
internal_value=-0.00145652 -0.0239386 0.00154977 -0.0121099 0.000122715 -0.0188881 -0.0351629 0.019067 -0.0554724 0.0234335 0.00600039 0.0281803 0.00711713 -0.000774573 -0.0276437 0.00728038 -0.0365216 -0.014563 -0.0444711 0.0303508 -0.00810437 -0.0480337 0.0544747 0.0836304 -0.0356155 0.0805535 0.111995 -0.00683256 -0.0947225 0.0957926 0.04307
internal_weight=487.443 57.4929 429.95 51.9929 423.537 100.022 72.2419 19.6836 52.5584 27.7806 323.515 75.697 54.8586 247.817 57.1571 190.66 33.0129 23.9695 15.7804 18.98 10.7475 8.52237 18.2086 20.8385 9.57199 8.23253 6.05422 2.17831 9.04347 6.41335 8.18908
internal_count=131527 8176 123351 8082 122374 12458 9211 2782 6429 3247 109916 89287 66754 20629 4218 16411 3091 2331 1719 4991 2677 2163 2327 22533 920 2314 1600 714 760 977 612
is_linear=0
shrinkage=0.12


Tree=88
num_leaves=37
num_cat=0
split_feature=49 49 49 23 56 56 9 22 54 69 58 57 42 28 46 86 57 22 23 18 27 46 58 12 6 82 75 36 23 4 15 18 4 21 4 21
split_gain=2.24952 4.87457 4.06823 3.57888 5.65779 5.51454 9.05733 4.06804 4.03008 18.1482 3.90965 3.3025 5.08988 3.38061 3.1379 2.78393 4.04354 3.01185 3.76987 2.78856 3.2983 8.84649 2.82424 2.60015 2.51279 3.08268 2.33354 4.15398 2.96527 1.5724 1.48937 1.09028 1.08783 0.901584 0.14395 0.00727788
threshold=0.27008983492851263 0.32833586633205419 0.26744636893272405 4.0856518745422372 0.36406250298023229 0.046875000000000007 2.5000000000000004 5.3393166065216073 0.047628374770283706 20.500000000000004 6.1570656299591073 -5.4009497165679923 -2.152783870697021 115.07695770263673 0.091550428420305266 1.0000000180025095e-35 -49.530933380126946 0.20852916687726977 1.3550181388854983 0.37187500298023229 122.53402328491212 0.053434336557984359 1.7551002502441408 1.3531000018119814 10.540200233459474 1.0000000180025095e-35 1.0000000180025095e-35 1.0000000180025095e-35 0.86253532767295849 3.8155499696731572 1.3921459913253786 0.046875000000000007 0.13400000333786014 0.13955000042915347 4.0518000125885019 0.25426666438579565
decision_type=2 2 2 2 2 2 2 2 2 2 2 2 2 2 2 2 2 2 2 2 2 2 2 2 2 2 2 2 2 2 2 2 2 2 2 2
left_child=2 11 15 4 5 6 -3 32 9 -9 -10 13 -13 30 -15 19 -17 -18 -19 20 22 -22 -1 -7 25 -21 28 -28 -6 -16 -2 -14 -5 -33 -32 -34
right_child=1 3 -4 7 26 23 -8 8 10 -11 -12 12 31 14 29 16 17 18 -20 24 21 -23 -24 -25 -26 -27 27 -29 -30 -31 34 33 35 -35 -36 -37
leaf_value=-0.01271839236686414 -0.0021918916318198205 0.026762851572757002 -0.17883963248549109 -0.05816109734777003 -0.0033975127640336411 -0.17263151448150751 -0.15477506779985042 -1.3714813538025061 0.067499597281781329 -0.045423417559763819 -0.051555991650133914 -0.08252715656881765 -0.044208139521635929 -0.22049591964448348 0.03968304535875624 -0.16222856735204835 -0.049740642992488419 -0.023623796798705403 0.066935577394655735 -0.065065370508868445 -0.32355443778948006 -0.019483097178108734 0.015428762191117116 -0.061964610329336201 -0.093959408696242683 0.030801947959017081 0.017589620299942623 -0.083773020670872625 0.052834649711285257 -0.11817061597005279 0.1381356606723507 0.21319263375116437 0.13668940721058701 0.11613060276114204 0.20723016295895877 0.12017067321672464
leaf_weight=158.56892180681461 1.3801742834621129 17.975553444037363 1.9758778397481354 0.52023425934021528 27.811065778543707 5.6424667087267135 5.0748631375172399 0.16090328511563989 12.18200502128275 1.9464538373140385 5.8934737415693226 2.042909301171675 0.55123568988710658 1.2746337164280701 3.0996222284702526 1.6374401380162442 5.8194833992456543 8.9211824835510907 25.656053072856594 10.303585932168067 1.7083524594418102 7.1203864817434805 75.905421645148635 6.6725373138215218 10.090759569720829 9.0921968019429169 15.474082872708095 9.3337234574864851 26.249365724674135 1.2855731414674663 1.5343856169129142 1.5735755139030505 0.40496945730410505 11.091472267524294 0.60555762425065029 7.4432637196150608
leaf_count=29187 20 1750 522 49 303 109 88 388 23663 3678 7849 442 122 403 1113 69 93 88 9390 1091 135 1540 18966 571 170 2458 630 329 2559 17 1090 25 12 8107 6 14495
internal_value=-0.00124541 0.0100145 -0.00718901 0.00153832 -0.00795963 -0.0478409 -0.0132052 0.0395396 0.0103725 -0.146672 0.0286818 0.0595365 0.0937513 0.00266362 -0.054766 -0.00611171 0.0226351 0.0301283 0.0435706 -0.0105413 -0.00631758 -0.0783206 -0.00360643 -0.11267 -0.0453926 -0.0201255 0.0099236 -0.0205472 0.0239063 -0.00659367 0.0950019 0.121 0.109884 0.12819 0.157688 0.121023
internal_weight=484.024 167.224 316.8 142.785 114.234 35.3654 23.0504 28.5513 20.1828 2.10736 18.0755 24.4391 15.2592 9.17995 5.65983 314.824 42.0342 40.3967 34.5772 272.79 243.303 8.82874 234.474 12.315 29.4865 19.3958 78.8682 24.8078 54.0604 4.3852 3.52012 13.2163 8.36847 12.665 2.13994 7.84823
internal_count=131527 67818 63709 56473 6339 2518 1838 50134 35578 4066 31512 11345 8696 2649 1533 63187 9640 9571 9478 53547 49828 1675 48153 680 3719 3549 3821 959 2862 1130 1116 8254 14556 8132 1096 14507
is_linear=0
shrinkage=0.12


Tree=89
num_leaves=32
num_cat=0
split_feature=60 60 80 18 21 64 54 82 50 68 49 60 13 0 0 56 2 11 11 11 5 11 54 64 21 52 48 46 60 18 71
split_gain=1.87689 3.86515 4.97347 3.11496 4.04545 4.36969 3.40654 2.81936 2.61705 2.77761 2.43933 4.7162 4.51643 5.45847 8.56221 4.62346 4.36268 4.11452 5.2403 3.85387 3.45335 4.51781 4.16142 3.34413 2.04216 1.46505 1.21311 0.927933 0.719344 0.66211 0.0792347
threshold=6.4052083492279062 6.2322914600372323 0.37500000000000006 0.34687499701976782 3.3653999567031865 41.500000000000007 0.11016780510544778 0.37500000000000006 0.19840497523546222 7.5000000000000009 0.27008983492851263 0.99531248211860668 -1.5090500116348264 9.9145998954772967 7.4000999927520761 0.36406250298023229 0.72372999787330639 3.5798499584198002 3.4550000429153447 3.6759999990463261 3.1146500110626225 2.747750043869019 0.16056993603706363 45.500000000000007 4.0514581203460702 2.1760416030883794 1.1867187619209292 0.089942380785942092 6.7265625000000009 0.24010416120290759 19999971.000000004
decision_type=2 2 2 2 2 2 2 2 2 2 2 2 2 2 2 2 2 2 2 2 2 2 2 2 2 2 2 2 2 2 2
left_child=1 10 -3 4 8 6 -6 -5 9 27 11 17 15 14 -14 -12 -17 18 -1 -19 22 -22 -13 -15 30 29 -11 -2 -27 -10 -7
right_child=3 2 -4 7 5 24 -8 -9 25 26 12 20 13 23 -16 16 -18 19 -20 -21 21 -23 -24 -25 -26 28 -28 -29 -30 -31 -32
leaf_value=0.0033141250482605026 -0.079942477289831018 -0.2838244122031231 0.015534032997527964 -0.10554510353503695 -0.1956241058792384 0.11324371240547922 -0.0089254978403555292 0.051891435351505782 -0.028767247097969625 0.13137732389622706 -0.048082600186277413 -0.033940859839889578 0.11327202564679562 0.069020768351558487 -0.074991640066811638 0.037610452817895858 -0.026068417230620155 -0.17737134610658514 0.16111494941468896 -0.022061026900219986 -0.031098279581354346 -0.1207842948889917 0.085871328976492273 -0.09956862292486679 -0.10142366603278431 0.2378511219745911 0.048234609223814173 0.016852157815520893 0.13395518465897452 0.10387919498884132 0.16016059581624703
leaf_weight=185.11521478625582 2.5583468971672181 1.6042053670498708 1.5925171966664493 4.494752271064498 2.5525613756362855 2.0688393812833974 3.1367045577899262 2.5770776144709089 0.83256698473451196 3.8128859907737915 26.78814437550318 9.6702726937164716 4.9087404486108452 37.691879640589832 11.940811923997897 37.507537575344031 26.39526766052586 3.3452458321589784 3.0808360908431487 7.3681518068342484 66.054743136965044 9.2165121231446374 7.3452975999334731 1.7740213414654125 0.7240607384519534 1.627471375919413 7.4934632194344886 3.2227599792895489 2.3385094278237375 1.5519987835123172 0.69163413327623846
leaf_count=33173 624 545 190 453 282 3005 463 515 445 1719 516 4996 10975 28383 13580 792 426 484 695 3141 9275 2862 3364 2716 102 117 3437 1493 837 1196 726
internal_value=-0.00097299 -0.00322039 -0.134692 0.0240248 0.0396808 -0.0278751 -0.0926902 -0.0481729 0.0661226 0.0416774 -0.00226129 -0.00862271 0.0103397 0.0370315 -0.0201452 -0.00623492 0.0113077 0.00177952 0.00589738 -0.0705565 -0.0310431 -0.0420798 0.0177798 0.0614426 0.0779498 0.131897 0.0762732 -0.0259829 0.17659 0.0575659 0.124999
internal_weight=481.083 441.399 3.19672 39.6836 32.6118 9.1738 5.68927 7.07183 23.438 17.0875 438.203 291.196 147.006 56.3155 16.8496 90.6909 63.9028 198.909 188.196 10.7134 92.2868 75.2713 17.0156 39.4659 3.48453 6.35055 11.3063 5.78111 3.96598 2.38457 2.76047
internal_count=131527 116113 735 15414 14446 4578 745 968 9868 7273 115378 57990 57388 55654 24555 1734 1218 37493 33868 3625 20497 12137 8360 31099 3833 2595 5156 2117 954 1641 3731
is_linear=0
shrinkage=0.12


Tree=90
num_leaves=30
num_cat=0
split_feature=49 68 71 85 13 65 6 80 61 56 56 30 46 30 50 21 8 68 46 6 53 50 40 62 0 40 82 49 56
split_gain=2.63475 4.79652 22.5914 3.04584 3.02813 21.7513 2.55296 2.9109 2.28417 4.19031 2.88362 2.28013 6.42505 3.35099 2.50841 5.40351 3.06462 2.48742 2.39558 3.92939 2.23007 3.44496 1.81676 1.31195 1.02191 0.370725 0.0403855 0.0278125 3.92164e-07
threshold=0.53215762972831737 11.500000000000002 57.376554965972907 1.0000000180025095e-35 8.7476997375488299 11.513020515441896 11.860249996185305 1.0000000180025095e-35 8.6897902488708514 2.9145833253860478 0.29739584028720861 1.1333333253860476 0.052716514095664031 1.088541626930237 0.41105581820011144 3.4374916553497319 1.0000000180025095e-35 22.500000000000004 0.12501517683267596 10.540200233459474 0.4081245511770249 0.20778863131999972 0.22966241091489795 0.78586903214454662 17.196799278259281 0.15107164531946185 1.0000000180025095e-35 0.19867736846208575 4.0104165077209482
decision_type=2 2 2 2 2 2 2 2 2 2 2 2 2 2 2 2 2 2 2 2 2 2 2 2 2 2 2 2 2
left_child=8 2 26 4 6 -6 7 -3 11 10 -10 13 17 14 16 -16 -1 -13 19 -14 21 25 24 -20 -15 -5 -2 -12 -7
right_child=1 3 -4 20 5 28 -8 -9 9 -11 27 12 18 22 15 -17 -18 -19 23 -21 -22 -23 -24 -25 -26 -27 -28 -29 -30
leaf_value=0.013844751178534707 0.15740791554169492 0.06767757733184937 -1.22006971038416 0.15630878595034767 -0.81254369445094288 0.12040727908528599 -0.13417548044694438 -0.015299047891704639 -0.1036597373413336 -0.29198101380198893 0.095652955428129877 -0.066551349212087482 0.0056163580687614255 -0.0076400706793469681 -0.02687759062737554 -0.33969031594102073 -0.0086529952548113562 -0.24227201901377909 0.088439763420847639 -0.15486675158663382 -0.13065977901984602 -0.11961754249258401 0.19589610622568132 0.0027241604761517172 0.10796530562723253 0.049278584056231554 0.092197554056526701 0.12986868987492151 0.12026707467269349
leaf_weight=260.66420178246517 0.27409440129122131 9.4649359282229941 0.26793062443903182 0.97640861931358658 0.51394400720891908 0.47569551963533718 1.7793497268576164 17.064005876713054 2.2575159802217963 1.0467005695609257 0.59185783033535677 2.2157871345443736 7.1043016383264348 2.1244547084861543 11.833626778558024 0.85247156651712508 131.010145626542 2.4345825155251077 4.2913495855318597 3.180589783762116 5.6247396668950387 2.067235040027299 1.7803379609613328 6.4153972125823202 2.2857522966296528 0.8915167926097638 0.27294241151503229 0.81067662138229934 0.72530606033251388
leaf_count=82970 151 6097 415 427 229 242 21 5662 112 538 319 518 2329 924 3965 973 19503 139 850 70 593 283 222 2349 259 256 458 396 530
internal_value=0.000206957 -0.0291245 -0.317295 -0.0231914 -0.00440787 -0.159244 0.00497225 0.0143052 0.00289449 -0.080254 -0.0197044 0.00379171 -0.0309242 0.00595998 0.00461857 -0.0478978 0.00631954 -0.158545 -0.00265176 -0.0440128 -0.0821819 -0.0128899 0.0935802 0.0370797 0.0522767 0.105226 0.124871 0.11543 0.120323
internal_weight=481.298 40.3981 0.814967 39.5831 30.0232 1.71495 28.3083 26.5289 440.9 4.70675 3.66005 436.193 25.642 410.551 404.36 12.6861 391.674 4.65037 20.9916 10.2849 9.5599 3.93516 6.19054 10.7067 4.41021 1.86793 0.547037 1.40253 1.201
internal_count=131800 15364 1024 14340 12781 1001 11780 11759 116436 1365 827 115071 6255 108816 107411 4938 102473 657 5598 2399 1559 966 1405 3199 1183 683 609 715 772
is_linear=0
shrinkage=0.12


Tree=91
num_leaves=32
num_cat=0
split_feature=54 28 78 14 85 71 65 12 54 54 64 1 28 32 48 52 27 60 68 7 23 54 46 61 49 85 57 18 68 71 12
split_gain=3.49733 4.56535 4.48573 19.836 10.6983 3.2849 3.2522 5.31053 3.01206 3.36507 3.01123 2.65335 5.61211 10.0521 3.3392 2.4897 2.51595 2.39968 2.26331 2.19517 1.99749 1.56385 1.55502 1.31671 1.11994 1.05656 0.920086 0.510374 0.354185 0.208442 0.197667
threshold=0.045546274632215507 251.05854797363284 1.0000000180025095e-35 0.1380179971456528 0.6533571481704713 -1.9432635307312009 9.6927084922790545 0.37340000271797186 0.047628374770283706 0.049785938113927848 1.5000000000000002 263.69500732421881 78.348140716552749 0.38054107129573828 2.0333333015441899 2.9593750238418584 152.29668426513675 2.3833333253860478 19.500000000000004 12.166717529296877 1.1161716580390932 0.076657883822917952 0.18002393841743472 -12.738934040069578 -0.024953084997832772 1.040899991989136 -5.0643668174743643 0.24739583581686023 18.500000000000004 4.0292935371398935 0.73544999957084667
decision_type=2 2 2 2 2 2 2 2 2 2 2 2 2 2 2 2 2 2 2 2 2 2 2 2 2 2 2 2 2 2 2
left_child=1 2 6 -4 19 11 7 -1 18 29 -9 12 24 -14 20 16 -11 -17 22 -5 -13 -15 -7 -22 26 -26 -2 28 -8 -10 -29
right_child=5 -3 3 4 -6 8 27 10 9 15 -12 14 13 21 -16 17 -18 -19 -20 -21 23 -23 -24 -25 25 -27 -28 30 -30 -31 -32
leaf_value=-0.14592905433585446 -0.096844060918778438 -0.19186550870728283 -0.16972314814670417 0.058778094712825725 -0.073874658175058616 -0.28586595636078227 0.019333075912746925 0.077599789249233567 0.11044237352975025 -0.0073310503202494914 0.020503432441160912 0.031883691390172567 -0.60371760157541965 -0.17363517094551581 -0.071508649114777903 -0.19422621683916644 -0.11046654996774871 -0.014418333088204196 -0.0018861477696290052 0.16784186352428621 -0.10239865184531 0.04039376467239128 -0.091051646408977199 0.11661085253224353 0.020521242852397363 0.1265895113000591 0.029837836022921348 0.18148038350122067 0.11549762897834968 0.19021190433998836 0.12327976002912798
leaf_weight=2.5141910306847413 2.0318855518089554 1.4814608419637796 8.8907254067889898 4.5414127053663851 6.2804252718342459 1.1841096444950374 1.0825300083233735 16.266792935581179 0.92957421021128428 296.59636657538431 72.958116946663722 9.8683053611894191 0.59349959986502598 0.80754096693272037 2.7146458306633567 2.0540503550218991 3.4455898611340663 2.2282497999622137 1.5427623115610916 6.4061370166600682 0.41203785076141031 1.2565298688632536 1.1759419329900991 9.7318353845657786 15.085559819219272 1.4855131678850728 1.3906096268074239 1.1732437573373315 1.1243479122967981 0.95767807933225413 2.9612741243399796
leaf_count=27 197 592 110 1586 525 397 959 1559 361 86007 17730 239 601 192 484 301 556 718 157 85 286 988 208 8966 3796 991 562 7 99 393 2121
internal_value=0.000338921 0.0175449 0.0200428 -0.0241502 0.0509746 -0.00574409 0.0318113 0.0260663 -0.0101566 -0.00882148 0.0309128 0.0244113 -0.00465434 -0.168488 0.0533802 -0.00981211 -0.00851543 -0.100665 -0.114911 0.122599 0.0703214 -0.0433423 -0.188796 0.107715 0.0171226 0.0300297 -0.0453714 0.114923 0.0683265 0.150921 0.139795
internal_weight=481.173 125.681 124.199 26.1187 17.228 355.492 98.0805 91.7391 310.114 306.212 89.2249 45.378 22.6511 2.65757 22.7268 304.324 300.042 4.2823 3.90281 10.9475 20.0122 2.06407 2.36005 10.1439 19.9936 16.5711 3.4225 6.3414 2.20688 1.88725 4.13452
internal_count=131800 25400 24808 2306 2196 106400 22502 19316 89098 88336 19289 17302 7327 1781 9975 87582 86563 1019 762 1671 9491 1180 605 9252 5546 4787 759 3186 1058 754 2128
is_linear=0
shrinkage=0.12


Tree=92
num_leaves=38
num_cat=0
split_feature=52 18 18 52 67 62 46 4 85 45 1 56 7 50 5 27 62 62 57 34 32 62 56 4 5 11 85 13 74 74 11 87 12 46 85 74 85
split_gain=2.13619 4.03197 2.78061 4.297 3.85249 2.31166 2.33178 2.03377 2.50792 1.86386 3.31085 4.56443 4.55881 2.64234 2.63593 2.45536 2.82968 2.32064 2.70109 2.46527 2.30903 1.84413 1.82334 1.73339 1.34528 1.22743 1.17524 1.70116 1.10078 0.813084 1.08335 0.812395 0.701062 0.403856 0.265029 0.168372 0.0600946
threshold=2.5882812738418584 0.21979166567325595 0.2651041597127915 2.7203124761581425 2.5000000000000004 4.996206760406495 0.16149301081895831 2.1627500057220463 0.81548571586608898 0.63216018676757824 352.86999511718756 0.29739584028720861 13.39701557159424 0.062391361221671111 9.6265997886657733 152.29668426513675 19999973.000000004 19999947.000000004 -5.2831449508666983 255.69285583496097 0.61578834056854259 -0.47972993552684778 3.5015624761581425 2.7455999851226811 8.109349727630617 4.3722000122070321 0.60882857441902172 -2.5172500610351558 0.71867665648460399 0.61178115010261547 3.6759999990463261 0.47065000236034399 0.85800001025199901 0.36303600668907171 0.62048572301864635 0.53819799423217785 0.57432857155799877
decision_type=2 2 2 2 2 2 2 2 2 2 2 2 2 2 2 2 2 2 2 2 2 2 2 2 2 2 2 2 2 2 2 2 2 2 2 2 2
left_child=9 -2 3 5 28 6 -3 26 23 10 14 12 33 25 15 16 -1 18 19 -15 32 -20 -22 -9 34 29 27 -4 -5 36 -31 -7 -13 -12 -19 -28 -11
right_child=1 2 7 4 -6 31 -8 8 -10 13 11 20 -14 17 -16 -17 -18 24 21 -21 22 -23 -24 -25 -26 -27 35 -29 -30 30 -32 -33 -34 -35 -36 -37 -38
leaf_value=0.0086662343736571158 0.12925750564788854 -0.12170960660299879 -0.093512376007596806 0.001034608010247838 -0.17778616655983659 0.048033632437298253 -0.28813040201229989 -0.14869440950476939 0.023276635385759355 0.11998225152280587 0.11430787271811982 0.15573261108800771 -0.1322143945520414 -0.043273901272615559 -0.038994535190573672 -0.099923741603609381 -0.042589814087378046 0.13280857111788824 -0.1623784709271735 -0.16655057606074558 0.10747804144699495 -0.013360640707535445 -0.053942402839751324 -0.01649246847870061 -0.020167413008713008 -0.064272198205210032 0.062551597385975183 0.047532294169882319 0.12642282574199865 -0.18706635824997819 0.12746402047771105 -0.11836470797669529 0.091652224145895772 -0.0258924454037078 0.010029840190467747 0.13758635997891938 0.16830655221935253
leaf_weight=332.83884646461047 2.2058190866264331 3.0131682931278174 1.6681786419358076 4.8640765801319503 1.6858749839084337 0.93603136332421832 2.0285870642383088 3.5036419709504099 4.6079026268707821 2.4863774072546221 1.863552070546578 4.5735141259210632 3.1774648632854223 6.0379663614348829 20.446847932747914 3.1632570364163248 16.267975131671847 2.0654848624180882 1.2440261183692189 3.8099455291303439 1.7480607662801038 30.881515682662211 2.3790372039438807 2.4109417678555474 1.7946200305304953 0.7971372383108245 0.61534945767198257 4.7028701445706291 1.2718311116914263 0.30217679464294622 0.32979253591838642 0.77012221855693497 5.3162289533211151 0.35170037265197596 0.28853444659398508 1.434562919235759 0.43546888574564935
leaf_count=87984 281 773 19 1064 216 573 380 368 585 2004 1936 64 42 1062 405 468 6467 2818 403 696 398 13561 334 450 48 55 503 2474 547 201 426 121 3371 187 9 489 18
internal_value=0.000337108 -0.0278921 -0.0382356 -0.0776494 -0.0171194 -0.147812 -0.18867 -0.00792188 -0.0430961 0.00261528 0.0054091 0.0537283 -0.04009 -0.01909 0.00289284 0.00532411 0.00627776 -0.027523 -0.0359855 -0.090967 0.0898231 -0.0191312 0.0144283 -0.0948054 0.058095 0.070304 0.0360304 0.0106015 0.0270247 0.10049 -0.022929 -0.0270751 0.121286 0.0920492 0.117759 0.115062 0.127184
internal_weight=478.318 35.719 33.5131 14.5697 7.82178 6.74791 5.04176 18.9434 10.5225 442.6 392.126 19.4096 5.39272 50.473 372.717 352.27 349.107 46.1221 41.9735 9.84791 14.0168 32.1255 4.1271 5.91458 4.14864 4.35095 8.42096 6.37105 6.13591 3.55382 0.631969 1.70615 9.88974 2.21525 2.35402 2.04991 2.92185
internal_count=131800 8843 8562 3674 1827 1847 1153 4888 1403 122957 101656 6332 2165 21301 95324 94919 94451 18597 15722 1758 4167 13964 732 818 2875 2704 3485 2493 1611 2649 627 694 3435 2123 2827 992 2022
is_linear=0
shrinkage=0.12


Tree=93
num_leaves=36
num_cat=0
split_feature=54 82 21 13 1 9 81 16 26 14 18 16 54 28 46 74 23 54 65 50 22 10 74 13 46 36 4 54 65 85 33 65 46 60 54
split_gain=2.40992 4.33076 5.16666 4.08159 4.62937 3.85622 2.72446 4.38024 4.54329 4.22472 3.85912 3.53375 5.7124 6.98951 3.33118 2.87546 6.79139 3.53689 2.8345 2.71493 2.61339 2.5342 2.32177 2.0057 2.34626 1.96094 1.51618 1.33085 1.25034 1.19929 1.97391 0.926278 0.914492 0.3991 0.00646932
threshold=0.045546274632215507 1.0000000180025095e-35 0.46194998919963842 -2.2912499904632564 425.98500061035162 1.5000000000000002 1.0000000180025095e-35 1.0000000180025095e-35 1.0000000180025095e-35 1.7024704813957217 0.28489583730697637 2.5000000000000004 0.21712983399629596 79.82965469360353 0.049182299524545676 2.4378435611724858 1.5313089489936831 0.047628374770283706 6.2072918415069589 0.12314544990658761 0.20852916687726977 1.5000000000000002 2.8079301118850712 -2.2912499904632564 0.113254401832819 1.0000000180025095e-35 3.1408499479293828 0.077409703284502043 9.9197916984558123 0.97684285044670116 0.91754284501075756 2.7270833253860478 0.13011211156845096 0.99531248211860668 0.091385632753372206
decision_type=2 2 2 2 2 2 2 2 2 2 2 2 2 2 2 2 2 2 2 2 2 2 2 2 2 2 2 2 2 2 2 2 2 2 2
left_child=1 20 -3 -4 5 -5 7 9 15 -2 11 12 19 -14 22 17 -17 -9 31 -8 -1 26 -13 -22 25 -25 -11 -23 -16 30 -20 -12 -26 -33 -31
right_child=6 2 3 4 -6 -7 10 8 -10 21 18 14 13 -15 28 16 -18 -19 29 -21 23 27 -24 24 32 -27 -28 -29 -30 34 -32 33 -34 -35 -36
leaf_value=-0.079408998744874712 -0.24264036260926961 0.12938255549901825 -0.053059890332443113 0.054569061986312804 -0.22376403170817227 -0.0054160046090884094 0.073749154115246254 -0.1215973700198258 -0.12997544235815583 0.04473638547712637 0.21983610270761067 0.038114247063297801 -0.04449552072672916 -0.32583888014742701 0.10716776948745306 -0.15439883105265398 0.0046500516819392608 -0.00018402671007897723 0.078993463042448628 -0.039644325594327845 0.12040225595672394 -0.30848870457678101 -0.24773943300882506 -0.050215060829939123 0.21661678666476664 0.05063268577724233 -0.087242912694252883 -0.074090919199416447 0.021312590993774676 0.13807847071541762 -0.025555887890222364 0.11867993495992546 0.090157914118719928 0.027511630043445 0.12231445637328953
leaf_weight=1.8706357456103457 2.067526411265133 4.4337030688766381 18.818162575553288 22.598431622416683 1.2031128961352795 48.668282753222229 5.1735571605377135 3.499598476511891 4.2272423854737999 3.1474314144215896 1.2449365846187017 0.77676712816901516 3.8544113831740097 1.8975548383841667 5.9423160642691055 6.0619558721664388 10.672011994032799 271.26884940297168 4.2931733154946397 7.3744907964464801 7.331597214681099 0.68905786296818383 0.86457776282986742 3.9538066208333484 1.0986020909404022 9.3241636567909154 2.0829415927946684 0.7063872329199512 4.1474616725990927 0.65328996662355965 6.5953495085705072 4.662493948595511 3.2879983707280189 0.81183842918471771 0.87963479661266319
leaf_count=19 14 304 296 10289 263 8325 4294 596 213 2289 174 320 1204 1862 2581 77 2946 69997 3587 4936 83 159 349 1517 338 1728 233 512 5110 175 1766 2168 2238 298 540
internal_value=0.000329177 0.0148277 0.00287843 -0.00326566 0.00966436 0.0136051 -0.00469735 -0.00893073 -0.00646277 -0.0928855 0.0215116 -0.00532709 -0.0382848 -0.13731 0.0460854 -0.00467165 -0.0529661 -0.00173041 0.0636205 0.00710778 0.0574008 -0.0461559 -0.112459 0.0676393 0.0457402 0.0206031 -0.007823 -0.189834 0.0718765 0.0296568 0.0156663 0.126407 0.121829 0.10516 0.129033
internal_weight=476.183 122.588 95.7217 91.288 72.4698 71.2667 353.595 304.423 295.73 8.69334 49.1719 30.0311 18.3 5.75197 11.7311 291.502 16.734 274.768 19.1407 12.548 26.8668 6.62582 1.64134 24.9962 17.6646 13.278 5.23037 1.39545 10.0898 12.4214 10.8885 6.71927 4.3866 5.47433 1.53292
internal_count=131800 25400 19477 19173 18877 18614 106400 77036 73829 3207 29364 20656 12296 3066 8360 73616 3023 70593 8708 9230 5923 3193 669 5904 5821 3245 2522 671 7691 6068 5353 2640 2576 2466 715
is_linear=0
shrinkage=0.12


Tree=94
num_leaves=20
num_cat=0
split_feature=58 58 52 53 53 52 68 28 54 82 21 54 54 22 64 80 58 74 64
split_gain=1.97327 2.78503 3.60292 2.50337 2.56284 2.10458 2.04873 2.52356 1.91873 3.45695 4.06295 3.14951 2.52539 2.06976 1.74774 1.08236 0.826104 0.727015 0.353148
threshold=-1.1920058727264402 -0.72341012954711903 1.994791626930237 0.12365476787090303 0.090718753635883345 3.1374999284744267 20.500000000000004 238.03186035156253 0.046510977670550353 1.0000000180025095e-35 0.46194998919963842 0.047628374770283706 0.049785938113927848 0.20852916687726977 33.500000000000007 0.37500000000000006 -7.1836237907409659 0.59426805377006542 34.500000000000007
decision_type=2 2 2 2 2 2 2 2 2 2 2 2 2 2 2 2 2 2 2
left_child=3 2 -2 4 14 8 7 15 9 13 -11 -10 -13 -3 -1 18 -16 -8 -5
right_child=1 5 -4 6 -6 -7 17 -9 11 10 -12 12 -14 -15 16 -17 -18 -19 -20
leaf_value=-0.058966511748293413 -0.14826758690682637 -0.071463105592149259 0.001803522169608329 0.10855460006485244 -0.12558149038045194 -0.14979990627322773 0.03483631328119171 -0.011413384198067266 -0.14352389426115972 0.11422192297526973 -0.0031328721311619438 0.13442507556110925 -0.0046322727442642845 0.060368847746993123 0.11130961033863211 0.055579018183795598 0.0032016949480803921 -0.051774999515027273 0.16194601131151071
leaf_weight=2.6757357026144764 4.2381887689989508 1.8427871200110555 5.0470066374327871 3.9013650766937662 2.4851098311992246 1.3513190784651659 2.8162918361995244 3.5228168708526928 2.3399940785875506 4.4546562103387251 91.651231401514451 1.892254178495931 306.13506628351115 24.712471358885523 2.3931442798129865 4.0792362448337371 1.7711448066147566 2.7664959643989278 3.2868563718220685
leaf_count=342 283 20 430 251 159 387 398 241 442 310 19419 889 100423 5985 553 292 243 223 510
internal_value=0.000337897 -0.00166664 -0.0666958 0.030284 -0.0212128 -0.000276595 0.053855 0.0772343 0.000190011 0.0128962 0.0023067 -0.00483163 -0.00377802 0.0512204 0.0167063 0.10495 0.0653294 -0.00808308 0.132968
internal_weight=473.363 443.665 9.2852 29.6982 9.32513 434.38 20.3731 14.7903 433.028 122.661 96.1059 310.367 308.027 26.5553 6.84002 11.2675 4.16429 5.58279 7.18822
internal_count=131800 128588 713 3212 1297 127875 1915 1294 127488 25734 19729 101754 101312 6005 1138 1053 796 621 761
is_linear=0
shrinkage=0.12


Tree=95
num_leaves=25
num_cat=0
split_feature=4 65 58 50 21 69 18 28 49 49 15 64 32 12 85 28 65 80 14 54 58 6 28 28
split_gain=2.77027 2.71913 11.8299 27.1002 4.64619 8.11723 48.8565 2.30043 2.22137 5.5659 4.58803 21.3633 4.3535 3.91287 3.52044 5.08547 4.46674 2.67856 6.25425 2.9241 1.84587 1.30465 0.120287 0.0189032
threshold=4.1643500328063974 11.68802070617676 0.34845364093780523 0.10809956863522531 3.0557541847229008 26.500000000000004 0.29479165375232702 7.8279674053192148 0.24302161484956744 0.22651877999305728 7.7779915332794198 26.500000000000004 0.44371643662452703 0.98110002279281627 0.92115712165832531 0.9224643111228944 1.0838541984558108 1.0000000180025095e-35 -1.1373974680900572 0.024745867587625984 0.49147346615791326 11.530000209808351 2.6983066797256474 4.5244843959808358
decision_type=2 2 2 2 2 2 2 2 2 2 2 2 2 2 2 2 2 2 2 2 2 2 2 2
left_child=1 8 3 -3 5 7 -7 -4 9 14 21 -12 13 -10 15 -1 -16 19 -19 -14 -15 -11 -6 -24
right_child=-2 2 4 -5 22 6 -8 -9 12 10 11 -13 17 20 16 -17 -18 18 -20 -21 -22 -23 23 -25
leaf_value=-0.11531355957771479 -0.040807287967360557 -0.0045133410222340077 -0.073049460201955782 -0.89263739728397296 0.038194767972971951 0.10532640011144805 -2.4317963319424427 0.12014196721808769 -0.01529834950588386 -0.014215392561297889 -1.2951309586880788 -0.077031586719238904 -0.060766329054026631 0.04289461263803885 -0.042121011610372169 -0.0051302439027191924 0.039967758805039326 -0.14025964826146139 -0.00023037259092888494 0.033752362039634137 0.12041067196750409 -0.12255277212378785 0.15080981922931377 0.12035464663055374
leaf_weight=6.2218606650712891 23.647167781549797 1.4584746021901067 2.56657518602151 0.74874764177729947 0.25725987933401517 0.47931265634178988 0.14157886450266233 1.3567315658219739 7.2523815432141445 3.6970468134531975 0.25437255627912225 1.1211374607191826 5.1820424602392441 7.463784412373573 11.807793352545557 197.68572506514465 49.814096775100552 4.891841811098856 75.194796108256924 52.098809535274086 10.860375850854323 2.8228339253691956 0.32902740532881614 2.7163563612139114
leaf_count=5446 505 432 338 593 65 1285 234 2774 213 881 751 1662 2682 3757 1358 32592 12391 146 25280 25125 8263 32 5 4862
internal_value=-0.000781084 0.00133912 -0.06036 -0.305788 0.00867603 -0.0700439 -0.473201 -0.0062413 0.00276068 -0.00384877 -0.103137 -0.302294 0.0138515 0.0593087 -0.00089647 -0.00849228 0.0242382 0.00538783 -0.00878362 0.0252015 0.0888369 -0.0611209 0.116989 0.123645
internal_weight=470.07 446.423 10.0541 2.20722 7.84684 4.5442 0.620892 3.92331 436.369 273.425 7.89539 1.37551 162.944 25.5765 265.529 203.908 61.6219 137.367 80.0866 57.2809 18.3242 6.51988 3.30264 3.04538
internal_count=131672 131167 10588 1025 9563 4631 1519 3112 120579 55113 3326 2413 65466 12233 51787 38038 13749 53233 25426 27807 12020 913 4932 4867
is_linear=0
shrinkage=0.12


Tree=96
num_leaves=32
num_cat=0
split_feature=27 44 65 58 27 28 85 27 53 28 85 15 2 27 18 60 21 52 57 50 22 48 27 65 81 46 21 87 87 74 27
split_gain=2.25646 2.66454 7.28491 11.3991 3.81695 3.18423 6.23484 5.01864 5.29982 4.62192 4.14767 5.21329 5.84822 3.76066 4.96412 3.37466 3.15048 3.07792 2.87977 3.71186 2.72564 1.3553 1.1816 1.1537 0.418001 0.485009 0.336833 0.197028 0.121534 0.153378 0.0160894
threshold=11.372304916381838 0.30885416269302374 11.745312690734865 0.42343932390213018 111.46908187866212 7.8279674053192148 0.79115715622901928 94.74359512329103 -0.11942676827311514 -3.4932692050933833 1.0000000180025095e-35 1.1508479714393618 0.85196998715400707 54.96614074707032 0.23020833730697635 1.8520833253860476 2.0083500146865849 1.7010416984558108 -30.294350624084469 0.12402259930968286 1.2159667015075686 0.4447916597127915 148.35223388671878 4.6015625000000009 1.0000000180025095e-35 0.13011211156845096 3.0054665803909306 0.73945000767707836 0.73945000767707836 0.085302911698818221 25.024193763732914
decision_type=2 2 2 2 2 2 2 2 2 2 2 2 2 2 2 2 2 2 2 2 2 2 2 2 2 2 2 2 2 2 2
left_child=21 2 4 -4 18 6 7 8 -3 15 13 -12 -13 14 -7 -8 -5 -15 20 -20 -2 -1 -9 -11 26 -26 28 -28 29 -23 -18
right_child=1 5 3 16 -6 10 9 22 -10 23 11 12 -14 17 -16 -17 30 -19 19 -21 -22 24 -24 -25 25 -27 27 -29 -30 -31 -32
leaf_value=-0.089797807935795684 -0.14519629272627377 -0.083936489510889362 -0.86388895424431511 -0.30444084567587437 -0.21046937670301963 0.086628036392311647 0.042320164974926876 -0.1341280788916121 0.0035859475517127769 0.018500420580698812 -0.087441536927069713 0.01167984110922784 -0.13864428929427766 -0.0085027109664671044 -0.010709791373004764 -0.038226469514105438 0.076972250033022632 0.050936086572612262 -0.016741344639027822 0.032566544234617446 -0.010188103403157204 0.13360897365437641 -0.023852144284536247 0.12003190181205554 0.10193326333509706 -0.070202510855758224 0.090704259570110926 -0.0029253999344915284 0.14901516601741782 0.072873022741515706 0.12075692403503574
leaf_weight=0.692627577366692 4.2937714609070081 14.156420209299538 0.36429636488901351 0.50695201861526562 1.3863007310574165 8.7024887349671172 14.426649260381966 8.3593868418720358 33.632308011430723 2.074969426601454 10.858852979959918 60.559378119645771 3.9711173769901498 15.244963623481452 56.709287229445181 15.578694818323127 0.1746542690161732 70.841645525670174 99.021149550933842 28.258717369554688 4.319627363307518 1.2137913825208673 1.6804376827931253 7.2163963373059232 0.46265165535351105 0.48050954502468812 0.72632516538396863 0.58375427273858804 1.3183933130967491 1.1815779167227445 0.39232206759334076
leaf_count=502 104 2883 138 83 45 3908 2632 1644 1911 520 150 22896 624 5823 20114 1525 498 28504 18419 13066 1080 405 171 1627 328 332 522 167 226 356 469
internal_value=-0.000258986 -0.00125712 -0.015174 -0.283843 -0.0123593 0.00470105 -0.013481 -0.0385441 -0.0223408 0.0234016 0.0124843 -0.0105156 0.0024291 0.0239297 0.00224019 0.000500567 -0.0870801 0.0404101 -0.0103383 -0.00579399 -0.0774896 0.0690943 -0.11567 0.0973577 0.0875379 0.0142358 0.101299 0.0489841 0.119754 0.103649 0.107269
internal_weight=469.39 462.731 138.718 1.43822 137.28 324.013 97.1253 57.8286 47.7887 39.2967 226.888 75.3893 64.5305 151.498 65.4118 30.0053 1.07393 86.0866 135.893 127.28 8.6134 6.65963 10.0398 9.29137 5.967 0.943161 5.02384 1.31008 3.71376 2.39537 0.566976
internal_count=131672 128834 33902 1188 32714 94932 12913 6609 4794 6304 82019 23670 23520 58349 24022 4157 1050 34327 32669 31485 1184 2838 1815 2147 2336 660 1676 689 987 761 967
is_linear=0
shrinkage=0.12


Tree=97
num_leaves=14
num_cat=0
split_feature=4 43 27 44 85 45 23 5 11 22 23 1 10
split_gain=2.44182 2.17975 2.00556 2.11856 3.15434 8.98304 4.4271 2.892 5.47132 4.08726 0.882631 0.531467 0.175272
threshold=4.1643500328063974 -0.7428007423877715 11.372304916381838 0.42604167759418493 0.92315715551376354 0.2080042436718941 0.86253532767295849 3.8321999311447148 3.2391500473022465 6.2307250499725351 1.1161716580390932 108.06000137329103 1.0000000180025095e-35
decision_type=2 2 2 2 2 2 2 2 2 2 2 2 2
left_child=1 -1 10 7 5 -5 -6 9 -9 -4 -3 -12 -13
right_child=-2 2 3 4 6 -7 -8 8 -10 -11 11 12 -14
leaf_value=-0.14623694331860543 -0.037797626822553845 -0.036541124079682415 0.15255280518739092 -0.11104097044547516 -0.079703301885538633 0.0076031762408058194 0.051952273010809687 -0.0055204679443071362 -0.071333337853757353 0.0091379040626284359 -0.01185131246466398 0.12569954088261642 0.072791620652488509
leaf_weight=1.4271122264399299 23.588743751370203 0.88800636283121903 3.4430315088811794 9.6019410391127149 4.0869430786697185 213.95346048129977 36.750646329081064 128.85388483049246 21.179941102558587 16.944838539425291 0.59983298645238381 2.8493484344398894 1.3190323731705573
leaf_count=250 505 16 1920 5369 51 70278 11373 16035 5817 17299 36 1885 838
internal_value=-0.000179828 0.00182823 0.00230796 0.00138443 0.00810934 0.00250728 0.0387765 -0.00904864 -0.0148111 0.0333573 0.0733031 0.0937599 0.108957
internal_weight=465.487 441.898 440.471 434.815 264.393 223.555 40.8376 170.422 150.034 20.3879 5.65622 4.76821 4.16838
internal_count=131672 131167 130917 128142 87071 75647 11424 41071 21852 19219 2775 2759 2723
is_linear=0
shrinkage=0.12


Tree=98
num_leaves=35
num_cat=0
split_feature=5 5 5 82 21 21 13 54 14 45 33 61 85 85 1 46 74 48 40 46 53 85 21 13 58 85 0 74 27 33 44 27 45 81
split_gain=2.0045 5.72645 12.0313 9.35992 5.66759 3.75606 3.47486 3.2418 3.19513 3.40455 5.2622 2.81339 3.44004 2.72606 2.91716 5.78582 4.10259 3.93306 2.53838 3.21757 2.98548 2.95698 2.36832 2.24976 5.36334 3.09793 2.08988 0.864786 0.670538 0.457521 0.193308 0.10663 0.0287085 0.000907161
threshold=3.8321999311447148 4.5369000434875497 4.5078999996185312 0.37500000000000006 1.1076166629791262 0.13955000042915347 4.210249900817872 0.056874776259064681 6.0883939266204843 0.21011346578598025 1.1236428618431094 9.1714887619018572 0.37079998850822454 1.2822285890579226 190.37500000000003 0.21509568393230441 0.17396175116300586 1.8453124761581423 0.089561790227890029 0.070691246539354338 -0.14408839493989942 1.1123571395874026 1.2210124731063845 1.0911499857902529 -9.2861781120300275 1.0000000180025095e-35 11.094200134277346 0.25321575999259954 60.959653854370124 1.2499142885208132 1.0000000180025095e-35 74.739608764648452 0.21253155916929248 1.0000000180025095e-35
decision_type=2 2 2 2 2 2 2 2 2 2 2 2 2 2 2 2 2 2 2 2 2 2 2 2 2 2 2 2 2 2 2 2 2 2
left_child=8 2 3 5 29 -2 -6 -7 30 18 11 12 -11 14 15 17 -17 -3 20 26 28 -21 -22 25 -25 -16 -20 -15 -10 -5 -1 32 -12 -32
right_child=1 13 -4 4 6 7 -8 -9 9 10 31 -13 -14 27 23 16 -18 -19 19 21 22 -23 -24 24 -26 -27 -28 -29 -30 -31 33 -33 -34 -35
leaf_value=0.20413040106241298 -0.11627043020758046 -0.013103537900410581 -0.39300886408148578 0.12396063171827376 0.05332419632901244 -0.1267187109265655 -0.14582991399959444 0.031031614057250759 -0.075495444976859616 0.0078960482915458926 0.13954929725557344 -0.14554762274824368 0.10338149309436877 0.13123855349573216 0.011049667657965764 -0.15752224800275474 -0.0063219395445887555 0.12772288833010936 0.01154936676710204 -0.070663817380386892 -0.11538191240134665 0.12445986161478587 0.063987165214867081 -0.34402691056007639 0.053327155706935254 -0.020040858727848384 0.12672474136873493 0.04014869080888827 -0.16045843813687058 0.063123338549705491 0.12765492285317764 0.17107530474237051 0.12082887888935717 0.13493225804839315
leaf_weight=0.97718468115635859 15.007009923545413 70.476375400110555 1.3983451331205277 5.8850823801076313 2.323024855073526 2.7103784004902973 2.761116041257992 6.0928088207183464 2.2449464749442996 31.321092131970545 2.6060633286069779 1.4555522262235161 6.5734033845528748 2.7171494748326941 173.98534808012118 6.8721208887618541 4.1414598000446858 2.9763833670003796 5.7943306830184174 7.8701545588610298 1.5991845040007335 1.3036368274761114 3.1439120935137908 0.50113469501593755 20.454113473084362 62.811791182206434 3.7284178906011221 3.3527165519499249 3.3094748754792818 2.5519415184753598 0.68250924036692573 1.2019506404758429 2.1551172178078559 0.38625675805997162
leaf_count=33 145 7662 538 708 2813 1183 2147 3562 671 42137 156 446 12218 231 15441 692 562 467 976 1760 217 1196 795 150 22305 4500 340 492 1298 349 665 12 4506 299
internal_value=-0.000152553 -0.0036582 -0.0474311 -0.0344866 0.0452495 -0.0797666 -0.0548332 -0.0175375 0.0176168 0.0135435 0.03409 0.018171 0.0244595 0.00120935 -0.000204541 -0.0195585 -0.100666 -0.0073971 -0.0185674 0.0077832 -0.0664105 -0.0429359 0.00351101 0.00613781 0.0438246 0.00280273 0.0566437 0.0809247 -0.126119 0.105559 0.165555 0.139138 0.131076 0.130285
internal_weight=463.371 387.018 38.7297 37.3314 13.5212 23.8102 5.08414 8.80319 76.3532 74.3072 45.3132 39.35 37.8945 348.289 342.219 84.4663 11.0136 73.4528 28.9941 18.6965 10.2975 9.17379 4.7431 257.752 20.9552 236.797 9.52275 6.06987 5.55442 8.43702 2.04595 5.96313 4.76118 1.06877
internal_count=131672 63947 11445 10907 6017 4890 4960 4745 67725 66728 59475 54801 54355 52502 51779 9383 1254 8129 7253 4272 2981 2956 1012 42396 22455 19941 1316 723 1969 1057 997 4674 4662 964
is_linear=0
shrinkage=0.12


Tree=99
num_leaves=40
num_cat=0
split_feature=35 50 32 68 21 5 40 70 32 2 18 40 81 14 57 5 32 23 32 70 27 33 52 5 49 64 40 49 33 74 68 87 49 11 82 82 13 74 15
split_gain=1.75117 3.0719 2.8123 4.27519 8.36962 8.41305 2.72211 3.53339 3.6841 3.43681 2.85557 2.59589 2.8624 3.87782 2.33602 2.28644 2.25261 3.32144 3.05453 2.24995 7.03274 5.56449 2.20519 2.18941 2.03527 2.17725 1.89457 1.89185 1.53601 1.75343 1.52654 1.2531 1.23739 0.997139 0.788805 0.385993 0.382176 0.0534538 0.0153154
threshold=93.562519073486342 0.057789608836174018 0.36775885522365576 13.500000000000002 2.7032833099365239 5.9294497966766366 0.14774912595748904 1.0000000180025095e-35 0.51508787274360668 0.62435001134872448 0.24739583581686023 0.53500452637672435 10.000000000000002 0.1380179971456528 0.72760316729545604 9.4421997070312518 0.24668305367231372 1.5313089489936831 0.29316072165966039 1.0000000180025095e-35 110.75190734863283 1.0428428649902346 2.7083332538604741 9.6265997886657733 0.19973377138376239 1.5000000000000002 0.14155865460634234 0.24302161484956744 0.95010000467300426 0.19907701760530475 11.500000000000002 0.47065000236034399 0.21152704209089282 0.46175000071525579 1.0000000180025095e-35 0.62500000000000011 -1.0837000012397764 1.6355816721916201 1.6102454662323
decision_type=2 2 2 2 2 2 2 2 2 2 2 2 2 2 2 2 2 2 2 2 2 2 2 2 2 2 2 2 2 2 2 2 2 2 2 2 2 2 2
left_child=2 11 14 4 5 33 15 23 10 -10 -9 12 28 -14 16 22 19 -18 -19 20 -1 -21 26 27 25 -5 -3 -8 29 -2 34 -27 -26 -4 -16 -30 -15 -34 -24
right_child=1 6 3 24 -6 -7 7 8 9 -11 -12 -13 13 36 30 -17 17 18 -20 21 -22 -23 38 -25 32 31 -28 -29 35 -31 -32 -33 37 -35 -36 -37 -38 -39 -40
leaf_value=-0.010286346159838481 0.10611902144574839 0.00053359152013539898 -0.087054694449021031 0.029544509164544978 -0.66908621040245086 -0.65493019176065892 0.0090251259428702491 -0.068223422811240317 -0.23575405948022723 -0.025583715918138954 0.08348471401616181 -0.10467932837369755 -0.16301501038988866 0.02068140700523197 -0.081915881682497249 -0.046599036374055727 -0.01055355403428759 -4.4326955977783943e-05 0.063158919080482989 0.14597636101246983 -0.12143963170016672 -0.0006155031460286269 0.15175791384142778 -0.046332675028477023 -0.01678296698188295 -0.04438183496189619 -0.1102160076332093 0.10915037115482913 0.029669183919806417 0.026048614992512778 -0.14179171070905774 -0.12881824575534884 0.11731934118500052 0.12069912825605787 0.05338456769098248 -0.070963817464954518 0.12958306511171205 0.16330226416840055 0.12626981404496665
leaf_weight=97.347828895876773 13.80256015829765 103.72829559701495 0.55205802991986563 3.773975108957532 0.45136319120865653 0.30815566539240524 3.5311979596826886 2.2921313112419766 1.2563338342370105 10.355358106222409 8.1014603246985626 1.5444578750211793 1.8778989743441337 0.8394796885550021 1.2164282905396242 17.311513468419435 40.327119809197029 18.889956429054109 26.399353829117899 4.0485624063403511 8.9503936667751969 47.209886054765775 0.45647274242946778 2.0373312667943528 1.4790283912661828 6.6753050219740526 2.2730214752500606 11.792354419761976 1.0570773187500884 5.5106433073797225 2.832830754105089 4.07668398405076 0.77556216853554338 0.83714657541895576 1.2665374393891395 1.1416115902093222 1.0375968049993387 0.68607236509888025 1.324570161894371
leaf_count=11854 6021 51034 7 416 452 277 689 888 191 3152 1973 122 24 8 186 344 550 7892 17997 880 1193 8404 9 24 101 1064 549 5473 347 2947 169 420 516 2434 582 349 645 161 1328
internal_value=-8.90954e-05 0.00868269 -0.00634707 -0.0500908 -0.209817 -0.0876872 0.0025424 0.0300632 -0.0018697 -0.0483232 0.050028 0.0463471 0.0555787 -0.0410946 -0.00289401 -0.00611819 -0.00117376 0.014494 0.0367971 -0.00968762 -0.0196455 0.0109628 0.00038366 0.0705387 -0.0304415 -0.048872 -0.00184125 0.0860773 0.0724533 0.0832725 -0.0815876 -0.0763964 0.0605996 0.0381395 -0.0129004 -0.0225819 0.0808793 0.138903 0.132802
internal_weight=459.376 191.271 268.104 19.6154 2.14872 1.69736 164.46 39.3662 22.0053 11.6117 10.3936 26.8113 25.2669 3.75498 248.489 125.094 243.173 85.6164 45.2893 157.557 106.298 51.2584 107.782 17.3609 17.4666 14.526 106.001 15.3236 21.5119 19.3132 5.3158 10.752 2.94066 1.3892 2.48297 2.19869 1.87708 1.46163 1.78104
internal_count=131672 76117 55555 5848 3170 2718 65654 12390 6204 3343 2861 10463 10341 677 49707 53264 48770 26439 25889 22331 13047 9284 52920 6186 2678 1900 51583 6162 9664 8968 937 1484 778 2441 768 696 653 677 1337
is_linear=0
shrinkage=0.12


Tree=100
num_leaves=16
num_cat=0
split_feature=27 27 22 65 44 52 5 52 52 22 75 14 21 28 21
split_gain=1.92399 2.47748 1.74024 4.19951 4.02305 5.16982 3.07235 5.72632 5.69044 5.0502 2.55747 9.58063 3.57523 1.97537 1.36925
threshold=158.59754943847659 153.5261154174805 6.0590999126434335 0.87708333134651195 0.51770833134651195 2.2697916030883794 4.5369000434875497 1.9072916507720949 1.9822916984558108 5.5511999130249032 1.0000000180025095e-35 -0.58035701513290394 0.25426666438579565 2.6983066797256474 1.426808297634125
decision_type=2 2 2 2 2 2 2 2 2 2 2 2 2 2 2
left_child=1 2 6 14 13 -6 7 9 -9 -1 12 -12 -8 -5 -4
right_child=-2 -3 3 4 5 -7 10 8 -10 -11 11 -13 -14 -15 -16
leaf_value=-0.060408873475970709 0.11338429674866463 -0.16467036348705841 -0.15038399476249856 -0.0057582582105084566 -0.036566731441886879 0.046735644667253745 -0.036564278800497299 -0.24472692556483192 -0.048859973681496881 0.077715598983120845 -0.096562696784028318 0.0014842378310528635 0.011938575810133766 0.084818745198382783 -0.029546243735499973
leaf_weight=6.1867345641949241 2.1338100570610541 1.3251448891169264 2.4646165959347845 4.3088102405945419 21.989074944311142 20.948574483836637 24.339104083584971 2.318744589170822 27.090330639408421 9.9297887271422933 17.447016118327156 80.878949789665057 216.97899047951796 17.750178109251465 2.9867120763628918
leaf_count=2934 487 226 349 706 20401 14981 464 827 7633 3467 424 12247 39065 26932 379
internal_value=-0.000297943 -0.000828811 -0.000352285 0.0169888 0.0254738 0.00407513 -0.00352399 -0.0327975 -0.064303 0.024693 0.000399804 -0.0159133 0.00704663 0.0671262 -0.0841786
internal_weight=459.077 456.943 455.618 70.448 64.9966 42.9376 385.17 45.5256 29.4091 16.1165 339.644 98.326 241.318 22.059 5.45133
internal_count=131522 131035 130809 63748 63020 35382 67061 14861 8460 6401 52200 12671 39529 27638 728
is_linear=0
shrinkage=0.12


Tree=101
num_leaves=35
num_cat=0
split_feature=60 60 64 48 46 52 80 21 13 56 46 48 56 74 22 14 50 50 0 54 46 33 74 30 48 4 56 36 60 22 85 46 0 71
split_gain=1.67878 4.47201 7.54533 18.1584 12.8816 5.62659 4.29168 3.39492 3.20713 3.25117 3.40793 3.24177 2.85799 2.68791 2.46346 2.35207 2.37803 5.68692 4.64386 3.44891 2.91065 3.01752 2.77466 2.0981 2.08273 1.80212 1.70939 1.89457 1.06177 0.979753 0.631356 0.556107 0.499555 0.461575
threshold=4.0645833015441903 3.1364583969116215 44.500000000000007 1.1489583253860476 0.10530025511980058 2.0489583015441899 0.37500000000000006 2.6555666923522954 -2.8484499454498287 2.9145833253860478 0.47279074788093572 1.0447916984558108 3.2854166030883794 0.35404735803604132 0.20852916687726977 -0.82713100314140309 0.22215428203344348 0.23316738754510882 5.6154501438140878 0.22596077620983127 0.25318141281604772 1.0277571082115176 1.6003227233886721 0.58229166269302379 1.6072916984558108 2.5589500665664677 2.669791698455811 1.0000000180025095e-35 4.1781251430511483 0.86996665596961986 0.56608569622039806 0.06366396322846414 14.580399990081789 2.2121838331222539
decision_type=2 2 2 2 2 2 2 2 2 2 2 2 2 2 2 2 2 2 2 2 2 2 2 2 2 2 2 2 2 2 2 2 2 2
left_child=1 15 5 4 -4 12 7 -7 -2 26 14 -12 32 25 -11 23 20 19 -19 -18 22 -22 -17 -1 -16 -5 27 28 -10 -8 -29 -28 -3 -33
right_child=8 2 3 13 -6 6 29 -9 9 10 11 -13 -14 -15 24 16 17 18 -20 -21 21 -23 -24 -25 -26 -27 31 30 -30 -31 -32 33 -34 -35
leaf_value=-0.046269483674868252 0.079989308659428701 0.14169809565942515 -1.3007470118815809 0.13116915506010493 -0.28636711868456033 -0.16115388774771236 -0.045093599211768746 -0.016819727545184217 -0.081218767406107173 -0.056939807637687072 -0.027529817482828529 -0.46319751557808575 -0.036944266071747535 -0.31208381166428889 0.018221580224009205 0.0095737607658822853 -0.078948090064035248 0.12305006964048641 -0.016694720337351671 -0.29687995512689358 0.082413090176173237 -0.0074754753223865138 -0.034415820689778727 0.0026115282546943191 -0.046837508804073814 -0.15848781314494395 0.21334194179340721 -0.015957501448261247 0.12558969955323646 0.074691863258490851 0.045755231397239776 0.022596752991818552 0.068074919751850552 0.16203211402086964
leaf_weight=27.645762020518305 9.5876465990731941 2.2631595757302474 0.33533051710764938 0.93202445088536456 0.38986301865952555 7.4262577590852725 1.6093643903732289 3.4308055217770743 0.39489481300916018 9.9431525136533292 0.53913130726868885 0.45225409580052656 3.7998237909305317 0.41730959997585149 45.427059854614527 189.47082927114207 4.1056665172709463 3.7222536609733643 42.777185854114578 1.4030321824502605 14.711196278398349 8.4763997760992407 23.173050671071906 23.303129114530748 8.395120411529204 0.46292300683126086 1.0456906194740434 5.7895116042127484 3.7735670977635891 2.5274486870403052 4.0621327336339164 0.63881892508652505 3.2088368751010421 0.73544944567402126
leaf_count=406 139 1352 248 831 447 1020 64 1066 169 179 119 559 548 457 17264 53110 1351 2586 14174 303 9821 2428 10356 318 3035 72 124 1873 3383 765 1583 311 740 321
internal_value=-0.000252744 -0.00387955 -0.0510648 -0.247955 -0.755418 -0.0304761 -0.0759155 -0.115545 0.0143525 0.0066022 -0.00549657 -0.226274 0.0430061 -0.044889 -0.00206405 -0.00014651 0.00406012 -0.0191662 -0.00550823 -0.134454 0.00918223 0.0495537 0.00477996 -0.0239122 0.00807374 0.0350445 0.0542587 0.0381827 0.105998 0.0280911 0.00948854 0.147396 0.0985247 0.0972166
internal_weight=456.376 365.592 26.8031 2.53745 0.725194 24.2657 14.9939 10.8571 90.7844 81.1968 64.7567 0.991385 9.27182 1.81226 63.7653 338.789 287.84 52.0081 46.4994 5.5087 235.831 23.1876 212.644 50.9489 53.8222 1.39495 16.4401 14.0201 4.16846 4.13681 9.85164 2.41996 5.472 1.37427
internal_count=131522 102463 7610 2055 695 5555 2915 2086 29059 28920 21156 678 2640 1360 20478 94853 94129 18414 16760 1654 75715 12249 63466 724 20299 903 7764 7008 3552 829 3456 756 2092 632
is_linear=0
shrinkage=0.12


Tree=102
num_leaves=19
num_cat=0
split_feature=5 65 27 15 12 2 14 65 45 70 62 85 50 61 61 35 82 32
split_gain=1.62527 1.95854 1.92631 3.48662 4.18517 4.09229 6.00444 3.67391 2.24531 3.91102 5.61669 5.54222 2.16483 2.86982 2.31654 2.14894 0.881246 0.540783
threshold=9.6265997886657733 0.29270832240581518 29.404067993164066 10.148570060729982 9.7699503898620623 0.45607998967170721 -0.16760700196027753 11.745312690734865 0.26353716850280767 1.0000000180025095e-35 19999991.000000004 0.87901431322097789 0.26439870893955236 -4.0624883174896231 -22.306650161743161 0.9224643111228944 0.37500000000000006 0.36775885522365576
decision_type=2 2 2 2 2 2 2 2 2 2 2 2 2 2 2 2 2 2
left_child=1 16 3 5 15 6 -3 -7 12 10 -10 -11 14 -14 -4 -5 -1 -18
right_child=-2 2 8 4 -6 7 -8 -9 9 11 -12 -13 13 -15 -16 -17 17 -19
leaf_value=0.10826597118628566 -0.03072373004792316 -0.13054824398535839 -0.05492711102520792 -0.1077937439152875 -0.37743966828985337 0.0079405148426323884 -0.013255048327456352 -0.22586194783555003 0.028006157054865016 -0.036473397366586717 -0.26873060483122857 0.040771967229783462 -0.11634784741592616 -0.011944377754896714 0.002399600451312954 0.10780966721161916 0.061530916839432653 -0.0048656024217848762
leaf_weight=3.0041686761614965 23.658106361937826 11.11012337531429 10.89649316028226 0.75334781374840432 0.29769615228360624 30.344952747525898 14.470334348373397 0.99970115069299836 119.11678844879862 41.462674577964208 0.92568298974219843 19.744508988136658 5.6590118290805576 11.487298886067945 148.27070237098451 5.7214496234510079 3.8087304354194202 3.2942295802567969
leaf_count=328 491 150 1393 137 223 9674 4717 447 53766 14876 2076 6329 742 2688 20004 12740 452 289
internal_value=-9.98748e-05 0.00157967 0.000327218 -0.0188986 0.0624968 -0.0285823 -0.0641979 0.000483658 0.00375217 0.013131 0.0257179 -0.0115552 -0.0058892 -0.046402 -0.00152495 0.082724 0.0537814 0.0307374
internal_weight=455.026 431.368 421.261 63.6976 6.77249 56.9251 25.5805 31.3447 357.563 181.25 120.042 61.2072 176.314 17.1463 159.167 6.4748 10.1071 7.10296
internal_count=131522 131031 129962 28088 13100 14988 4867 10121 101874 77047 55842 21205 24827 3430 21397 12877 1069 741
is_linear=0
shrinkage=0.12


Tree=103
num_leaves=9
num_cat=0
split_feature=27 27 85 32 44 14 43 74
split_gain=1.5078 1.76716 1.49603 2.57694 1.67999 2.78303 1.37227 1.72457
threshold=158.59754943847659 153.5261154174805 1.3022285699844363 0.033063787966966636 0.83828124403953563 8.9302062988281268 -0.7428007423877715 16.552578926086429
decision_type=2 2 2 2 2 2 2 2
left_child=1 2 3 -1 5 -4 -5 -8
right_child=-2 -3 4 6 -6 -7 7 -9
leaf_value=-0.17155241770271618 0.10448565891840107 -0.13586394258762122 0.1215049813253304 -0.13756189172162636 -0.019491121788335432 -0.025729398439089168 -0.0012237994913118393 0.072660706839500225
leaf_weight=1.276058401006593 1.9781572832544032 1.3847284515795752 5.5269939073559708 1.0535555028000079 4.3946654527353521 2.7778111674015236 430.58729396629042 4.5977887604194612
leaf_count=524 487 226 533 253 508 447 124483 4061
internal_value=-5.23188e-05 -0.000510231 -9.3922e-05 -0.00127245 0.0405079 0.0722577 -0.000774354 -0.0004432
internal_weight=453.577 451.599 450.214 437.515 12.6995 8.30481 436.239 435.185
internal_count=131522 131035 130809 129321 1488 980 128797 128544
is_linear=0
shrinkage=0.12


Tree=104
num_leaves=37
num_cat=0
split_feature=60 60 83 50 50 5 50 56 85 23 85 28 27 1 4 82 56 4 18 61 65 52 1 56 52 85 27 54 28 32 74 12 52 82 12 60
split_gain=1.40236 2.94936 4.99529 9.41625 9.97012 3.11513 2.69923 2.66279 2.59566 2.22557 2.36864 4.1874 3.76786 3.26585 2.87325 5.24062 1.95918 4.36203 4.95873 2.09764 2.65995 1.94709 1.91904 1.49524 1.57677 1.41659 1.37852 1.13565 1.10739 1.50782 0.964491 1.13275 0.949958 0.403762 0.154347 0.0963566
threshold=4.0645833015441903 3.1364583969116215 1.0000000180025095e-35 0.20611643046140674 0.1635595038533211 9.4421997070312518 0.044635830447077758 2.8854167461395268 1.1564999818801882 0.86253532767295849 0.92315715551376354 3.6548196077346806 37.651550292968757 131.92000579833987 3.758700013160706 0.62500000000000011 3.5713542699813847 1.3721500039100649 0.26796875894069677 8.6897902488708514 11.638020515441896 2.1117187738418584 299.00500488281256 2.669791698455811 1.5838541984558108 0.64052858948707592 76.916736602783217 0.30651798844337469 265.88819885253912 0.21166560798883441 1.0000000180025095e-35 0.73544999957084667 2.1588541269302373 1.0000000180025095e-35 0.85800001025199901 4.1781251430511483
decision_type=2 2 2 2 2 2 2 2 2 2 2 2 2 2 2 2 2 2 2 2 2 2 2 2 2 2 2 2 2 2 2 2 2 2 2 2
left_child=1 9 3 4 8 28 26 23 -3 22 11 12 -11 -13 15 -12 17 18 -9 20 -18 -5 -1 24 34 -19 30 -26 29 -4 -2 -32 -16 -25 -8 -33
right_child=6 2 5 21 -6 -7 7 16 -10 10 14 13 -14 -15 32 -17 19 25 -20 -21 -22 -23 -24 33 27 -27 -28 -29 -30 -31 31 35 -34 -35 -36 -37
leaf_value=-0.047199155905121255 0.2328303509175019 -0.064691092792409435 -0.015292921082591025 0.13473881236864768 -0.39319306549138305 -0.13288564398677771 0.19786446700869414 -0.0045928206084499129 -0.23466984971786978 -0.0038705626155213428 0.10390107797097066 -0.18524661609125745 -0.12333720399615174 0.0039250762166632876 0.018860958462735118 0.0035628108935293491 0.0021472626927833863 0.041766379270647622 -0.30512585869852465 -0.11795991727535063 0.094522438007066875 -0.034931210871173256 0.0017021106753631933 0.20116063517272437 0.010428825644888695 -0.064417668221014954 0.019549896584687032 0.13576221142831874 -0.088147494982731278 0.091970984690527419 -0.0098743643553061231 0.18565444564854217 -0.034691045395929675 0.093001048323101923 0.12093947014858446 0.12970031063096826
leaf_weight=25.082412266754545 0.99675223124722734 8.1670584728217346 2.7516458320997081 2.5633874730392572 1.8852485359093396 1.6458833820652223 0.60278319815551984 1.4582689957005626 1.5371462055882137 7.782347445987396 14.138876062739657 1.3219072244901315 7.432013118359464 224.10546375689592 9.2347283222425194 15.953328803506336 50.484366874532498 4.5839553847617935 1.7266922851813431 1.8972393120457116 4.9268025738429051 1.5707552510430103 21.428567244700389 1.0445657878226473 10.49207666141592 2.9888661201148352 2.6893949681507365 1.1557301724933484 0.8128640685463332 6.0065993609750876 0.97544323912734432 0.63399072860556804 9.8659978147370548 0.948111466010232 0.99657021324310335 1.4725102027787214
leaf_count=356 274 2168 401 482 392 65 13 670 89 318 5204 422 4949 76779 289 5879 11547 995 436 519 5377 411 320 167 5093 425 519 690 278 3324 33 30 337 483 785 1003
internal_value=-3.89122e-05 -0.00336217 -0.0415662 -0.0852098 -0.140673 0.0196118 0.0133644 0.00744341 -0.0916157 -0.000302104 0.00360821 -0.00129659 -0.0622284 0.00281577 0.0276015 0.0507069 -0.00270822 -0.0496977 -0.167524 0.00611251 0.0103607 0.0702732 -0.0246693 0.052784 0.0382058 -0.00014269 0.0862441 0.0228648 0.0458359 0.0582711 0.130221 0.097035 -0.00879998 0.149699 0.149932 0.146541
internal_weight=453.36 363.286 26.9406 15.7236 11.5895 11.217 90.0741 83.306 9.7042 336.346 289.835 240.642 15.2144 225.427 49.1929 30.0922 68.0662 10.7578 3.18496 57.3084 55.4112 4.13414 46.511 15.2398 13.2472 7.57282 6.76809 11.6478 9.57111 8.75825 4.0787 3.08194 19.1007 1.99268 1.59935 2.1065
internal_count=131522 102463 7610 3542 2649 4068 29059 27200 2257 94853 94177 82468 5267 77201 11709 11083 19969 2526 1106 17443 16924 893 676 7231 6581 1420 1859 5783 4003 3725 1340 1066 626 650 798 1033
is_linear=0
shrinkage=0.12


Tree=105
num_leaves=30
num_cat=0
split_feature=23 87 54 52 77 5 40 50 42 74 48 0 68 61 27 49 22 62 44 33 68 54 4 27 18 71 28 1 23
split_gain=2.00929 3.97246 4.53406 4.51259 3.48746 3.10577 3.70373 3.51312 2.35304 2.60202 4.05259 3.86271 3.83294 5.88121 3.37268 2.97554 2.05001 1.89055 1.37441 1.18352 0.912501 1.37083 0.565017 0.459872 0.12698 0.0465994 0.0289481 0.0128665 0.000847093
threshold=1.5313089489936831 0.00082857141387648891 0.053377281874418266 1.8510416746139529 1.0000000180025095e-35 9.4421997070312518 0.20363378524780276 0.13126414269208911 -10.000800132751463 0.024316119030117992 1.4135416746139529 9.4176001548767108 29.500000000000004 -1.3018671870231626 29.147934913635257 0.16914377361536029 5.7166311740875253 19999975.000000004 0.30729167163372045 1.0823571681976321 6.5000000000000009 0.17920447140932086 4.0518000125885019 124.94167709350587 0.2911458313465119 1.7787540555000307 28.438219070434574 201.08499908447268 1.8363575339317324
decision_type=2 2 2 2 2 2 2 2 2 2 2 2 2 2 2 2 2 2 2 2 2 2 2 2 2 2 2 2 2
left_child=1 5 -3 -4 8 6 7 18 17 10 11 -10 15 -14 -12 -11 20 22 -1 23 25 24 28 27 -22 -6 -27 -18 -2
right_child=4 2 3 -5 16 -7 -8 -9 9 12 14 -13 13 -15 -16 -17 19 -19 -20 -21 21 -23 -24 -25 -26 26 -28 -29 -30
leaf_value=-0.014953231381451822 0.12865531644069181 0.012098160490821878 -0.09011540940152421 -0.020012806182144439 0.1362240218838652 -0.033625689843748634 -0.028468760026581885 0.077970462540885577 0.043453347473164483 0.0026366518484667503 -0.29311100738836171 -0.00999287433566458 -0.16205005341912421 0.068489185557412305 -0.036829029982024447 0.041319789972346484 0.14369314472286671 -0.025736698975035551 0.034354039221982026 -0.080544347376838313 0.12559207098451045 -0.054914440555843561 0.25650983933570232 -0.085090806865057905 0.065597854073038281 0.10177751459623492 0.1248264219732842 0.11239482842599101 0.12059684287871918
leaf_weight=14.721303623140555 0.25319723086431556 25.473870547051774 22.682451102708001 31.70511979040748 2.7230810783694306 20.648686168970016 17.336456067292602 18.231694878835697 26.226863803834476 62.813748238666449 0.75410295399706129 75.61019233859588 4.1231977341958554 2.597148424916667 38.024407942086327 52.622552871407606 0.3279489760025166 0.92713504694256688 18.210763658775249 1.7623792571666852 1.3886003821426136 1.2241400508864897 0.84606574423378333 0.18465895783447195 0.8010968860144202 1.3821212557468245 1.815175729592738 0.44685596645831538 0.72770089435471164
leaf_count=297 10 284 251 481 343 354 217 332 16837 14454 410 24389 780 1139 15917 48187 50 306 368 537 864 243 13 68 254 151 531 2139 1300
internal_value=7.21369e-05 -0.0102433 -0.0296809 -0.0492492 0.00635283 0.00716938 0.0194666 0.0357092 0.00348675 0.00233026 -0.00879957 0.00377153 0.0151419 -0.0729557 -0.0418128 0.0202707 0.0694763 0.113829 0.0123127 -0.0221593 0.0961971 0.0467874 0.184655 0.0850845 0.103643 0.124688 0.114863 0.125642 0.122677
internal_weight=446.593 169.01 79.8614 54.3876 277.582 89.1489 68.5002 51.1638 265.526 262.772 140.616 101.837 122.157 6.72035 38.7785 115.436 12.0561 2.7541 32.9321 2.72184 9.33422 3.41384 1.82696 0.959464 2.1897 5.92038 3.1973 0.774805 0.980898
internal_count=131506 2584 1016 732 128922 1568 1214 997 123742 122113 57553 41226 64560 1919 16327 62641 5180 1629 665 2794 2386 1361 1323 2257 1118 1025 682 2189 1310
is_linear=0
shrinkage=0.12


Tree=106
num_leaves=25
num_cat=0
split_feature=65 60 6 60 65 64 18 58 64 12 12 76 54 18 12 71 22 82 40 4 32 50 18 82
split_gain=2.96274 2.23145 2.95406 2.67997 2.58881 2.455 2.40152 2.39395 2.34005 4.56983 8.16022 4.11373 3.36248 2.87943 1.82455 1.46006 1.17974 1.53525 0.981289 0.926853 0.844985 0.923487 0.530097 0.149507
threshold=0.29270832240581518 4.0645833015441903 11.530000209808351 4.257291555404664 11.700520515441896 35.500000000000007 0.25364583730697637 1.9839940667152407 42.500000000000007 3.9868500232696538 4.062849998474122 1.0000000180025095e-35 0.60670536756515514 0.26692709326744085 0.85800001025199901 -0.40077480673789972 0.86996665596961986 0.37500000000000006 0.1768600791692734 2.8154000043869023 0.20260683447122577 0.046445902436971671 0.25546874105930334 1.0000000180025095e-35
decision_type=2 2 2 2 2 2 2 2 2 2 2 2 2 2 2 2 2 2 2 2 2 2 2 2
left_child=16 2 8 14 5 15 -4 -7 11 18 -11 13 -13 -2 -3 -5 -1 -18 -10 -19 -6 -22 -16 -24
right_child=1 3 6 4 20 7 -8 -9 9 10 -12 12 -14 -15 22 -17 17 19 -20 -21 21 -23 23 -25
leaf_value=0.10066102350900837 -0.019607182166725114 -0.014539940344582948 -0.0030619972539425778 0.10648615091996985 -0.052124586225129409 -0.035483385509440704 -0.05694552218158231 0.012519190808602972 0.11931604715356749 -0.51038429663607243 -0.050225671147189753 0.041093361567564483 -0.17065865612152564 0.0072824223868197561 0.066165113328473982 0.022472689234905606 0.11664027856302545 -0.10045315194453729 -0.022050509096896712 0.030075828240581935 -0.033283850444220719 0.13683464303476253 0.1800312303544602 0.12942190383720456
leaf_weight=5.6277905279857787 103.18588873128192 1.7693585814849928 21.242038992466405 4.5801781311256482 0.48751526050182192 23.672451440546865 27.113603797741234 40.651951537864988 2.6951562616959595 0.57381734088267222 16.872199824332711 42.097505037482733 1.1082891438845752 129.08397242547835 1.4023856231669922 8.5195447686601238 1.5632710513018535 1.4253140012224323 0.95855300258335763 1.7392558483152241 0.52724065708571277 3.5766978907695375 1.6329505779940521 1.7321748484609996
leaf_count=135 36688 41 330 523 182 6542 383 14288 2053 170 13167 15618 180 32586 583 1374 293 228 340 435 321 4278 190 578
internal_value=0.000104876 -0.00141049 -0.00577286 0.0155819 0.00968827 0.00449645 -0.0332752 -0.00514656 -0.0012887 -0.0398036 -0.0653608 0.0016613 0.0356616 -0.00466328 0.089527 0.0518471 0.0635376 0.0193477 0.0822284 -0.0287141 0.0972363 0.114979 0.128149 0.15398
internal_weight=443.839 433.483 344.931 88.5524 82.0156 77.4241 48.3556 64.3244 296.575 21.0997 17.446 275.476 43.2058 232.27 6.53687 13.0997 10.3556 4.72784 3.65371 3.16457 4.59145 4.10394 4.76751 3.36513
internal_count=131506 130415 101515 28900 27508 22727 713 20830 100802 15730 13337 85072 15798 69274 1392 1897 1091 956 2393 663 4781 4599 1351 768
is_linear=0
shrinkage=0.12


Tree=107
num_leaves=16
num_cat=0
split_feature=65 14 80 14 0 13 27 46 52 77 58 70 11 0 18
split_gain=2.34289 2.37013 3.51941 5.63007 3.46724 3.10785 2.44603 2.62348 2.43815 2.25959 2.31012 1.87441 1.82928 1.07576 0.816516
threshold=0.29270832240581518 1.0000000180025095e-35 0.37500000000000006 -0.58035701513290394 19.13024997711182 -1.8572999835014341 57.886056900024421 0.13225878030061725 3.2500000000000004 1.0000000180025095e-35 1.4740477204322817 1.0000000180025095e-35 0.57284998893737804 14.524499893188478 0.25260417163372045
decision_type=2 2 2 2 2 2 2 2 2 2 2 2 2 2 2
left_child=13 2 4 -4 -2 -3 7 -6 9 10 -7 -8 -11 14 -1
right_child=1 5 3 -5 6 8 11 -9 -10 12 -12 -13 -14 -15 -16
leaf_value=-0.030336838931185196 -0.047714690265214729 0.073737128024702364 -0.0809405055336299 -0.0084498376587475218 -0.033462419540892595 -0.0084471118706427092 0.05486071280764946 0.020185984548839724 -0.23040509935229048 0.12189012228762659 0.015707095966134059 0.0025671521362035273 0.017675481097922368 0.092953307189845139 0.07085199218434951
leaf_weight=2.5868079392766941 17.377009741321672 9.4585999975897703 23.377668685265235 45.370102223278082 26.028924905243912 133.84111352945183 23.442890813479607 26.478310866645188 0.63932158600800804 4.0790076128751007 99.336121662373898 17.048195348936133 5.9828584356164356 5.5089848240859283 2.0649946933608589
leaf_count=290 411 587 499 487 472 62510 493 485 105 260 59152 248 4706 313 488
internal_value=0.000116037 -0.0012222 -0.0117871 -0.0331003 0.00148784 0.0062478 0.0106815 -0.00640864 0.00363029 0.00424542 0.00184285 0.0328433 0.0599233 0.0570735 0.0145822
internal_weight=442.621 432.46 179.123 68.7478 110.375 253.337 92.9983 52.5072 243.878 243.239 233.177 40.4911 10.0619 10.1608 4.6518
internal_count=131506 130415 3095 986 2109 127320 1698 957 126733 126628 121662 741 4966 1091 778
is_linear=0
shrinkage=0.12


Tree=108
num_leaves=17
num_cat=0
split_feature=65 14 1 80 15 13 42 80 11 21 8 14 0 18 56 82
split_gain=1.83176 1.85366 3.0388 2.88445 5.79168 2.52629 3.12687 2.26644 7.59223 5.4758 1.73114 3.89147 0.83731 0.647523 0.504259 0.170779
threshold=0.29270832240581518 1.0000000180025095e-35 180.51499938964847 0.37500000000000006 1.6102454662323 -1.8572999835014341 -10.000800132751463 0.37500000000000006 0.57284998893737804 0.13955000042915347 1.0000000180025095e-35 -1.1373974680900572 14.524499893188478 0.25260417163372045 1.2390624880790713 1.0000000180025095e-35
decision_type=2 2 2 2 2 2 2 2 2 2 2 2 2 2 2 2
left_child=12 2 -2 10 -5 -3 14 9 -9 -8 11 -4 13 -1 15 -7
right_child=1 5 3 4 -6 6 7 8 -10 -11 -12 -13 -14 -15 -16 -17
leaf_value=-0.026574802298814964 -0.054131031132192052 0.067615550358573639 -0.024819173491170719 -0.054915726039876392 0.021781346265690504 0.019713912875284945 -0.053045378580146026 0.12192432574450981 0.0047111848610468946 0.0042009573851233004 -0.019158793642163583 0.035620630225581415 0.082429729951667238 0.064111205010628017 0.2111652698759301 0.12353472004797912
leaf_weight=2.597894466669457 20.313701728613523 9.1007904294892779 22.016428671544418 37.018623081923579 22.978351795463823 0.32166623870398259 28.901808934599103 9.1859827244188619 59.505140872808624 143.65635068984739 25.298371984281403 50.587669116983307 5.4696356312342687 2.0118237535934895 0.99236206342084177 0.78481014679073269
leaf_count=290 398 587 235 578 296 333 467 616 34269 89678 516 1072 313 488 322 1048
internal_value=0.000110191 -0.00107332 -0.0104434 -0.00482305 -0.0255414 0.0055414 0.00321994 0.00195118 0.020386 -0.00538725 0.00787364 0.0172929 0.0506781 0.0130034 0.149056 0.0933527
internal_weight=440.741 430.662 178.213 157.899 59.997 252.449 243.348 241.249 68.6911 172.558 97.9025 72.6041 10.0794 4.60972 2.09884 1.10648
internal_count=131506 130415 3095 2697 874 127320 126733 125030 34885 90145 1823 1307 1091 778 1703 1381
is_linear=0
shrinkage=0.12


Tree=109
num_leaves=17
num_cat=0
split_feature=43 65 85 32 21 65 30 65 18 22 40 32 0 30 1 57
split_gain=1.72476 1.67282 1.6668 2.27874 3.46498 1.73047 2.86502 2.404 1.50524 1.29401 1.40877 0.771031 0.699905 0.0729068 0.00181144 0.000442311
threshold=-0.7428007423877715 11.776041507720949 1.295871436595917 0.1143542490899563 2.3838874101638798 11.75052070617676 0.29895834624767309 11.725521087646486 0.45937500894069677 5.5893335342407235 0.12737522274255755 0.20260683447122577 20.089900016784672 1.026041626930237 134.23500061035159 0.89367452263832103
decision_type=2 2 2 2 2 2 2 2 2 2 2 2 2 2 2 2
left_child=-1 2 3 4 12 7 -7 -5 9 -4 -11 -3 -2 14 -13 -16
right_child=1 11 8 5 -6 6 -8 -9 -10 10 -12 13 -14 -15 15 -17
leaf_value=-0.13968782270329214 -0.019887018486635818 -0.067142897883800803 0.031327368195015241 -0.00053191089483040858 -0.36956892934579233 -0.35820436140885148 -0.029185558609120556 0.13476977987848249 -0.042511117994953836 0.018549801444882556 0.17586188567159056 0.13222143408091216 -0.14399278821438069 0.048507563304404949 0.1205261278038373 0.12563067216397855
leaf_weight=1.2670145888005198 2.9867058961244761 0.38097932804521351 6.4574307507864415 412.81845501372845 0.54857634345535178 0.50614983558261828 1.5426729545142732 1.899698902194358 2.3860154311405486 1.2583160618460172 2.3519328808924911 0.24189504831792952 0.83794840018526873 0.20997240060387401 1.7531509688315057 0.28404663958099252
leaf_count=246 2377 132 598 119819 391 314 939 1885 88 661 297 6 120 300 3273 60
internal_value=0.000118167 0.000524011 -8.04035e-05 -0.00135984 -0.0875307 -0.000455625 -0.110468 8.78654e-05 0.0431855 0.0634954 0.121032 0.0918363 -0.0470775 0.11617 0.122404 0.121238
internal_weight=437.731 436.464 433.594 421.14 4.37323 416.767 2.04882 414.718 12.4537 10.0677 3.61025 2.87004 3.82465 2.48907 2.27909 2.0372
internal_count=131506 131260 127489 125845 2888 122957 1253 121704 1644 1556 958 3771 2497 3639 3339 3333
is_linear=0
shrinkage=0.12


Tree=110
num_leaves=40
num_cat=0
split_feature=18 0 79 9 52 60 69 69 76 27 70 28 48 48 52 28 52 52 6 21 48 21 32 74 11 40 28 64 80 62 40 5 21 32 57 12 53 57 65
split_gain=3.14127 3.38634 3.04641 2.82509 4.518 4.37234 3.54793 4.05397 5.70916 3.09774 5.58663 5.45939 3.01829 4.36163 2.97935 3.7939 3.56003 2.49745 2.47841 2.61942 2.33109 3.63867 2.15805 2.07305 1.91405 1.88441 1.80248 1.51241 1.47187 1.45062 1.3541 1.00433 1.09136 0.159802 0.0322196 0.00541334 0.000241296 8.4744e-05 7.68762e-05
threshold=0.34062500298023229 11.762149810791017 1.0000000180025095e-35 1.0000000180025095e-35 2.4114582538604741 1.4510416984558108 27.500000000000004 26.500000000000004 1.0000000180025095e-35 111.46908187866212 1.0000000180025095e-35 9.4008340835571307 1.8453124761581423 1.7885416746139529 2.6583333015441899 7.0740752220153817 2.7083332538604741 2.5953124761581425 10.540200233459474 0.25426666438579565 1.7510416507720949 3.6002167463302617 0.19739244878292087 0.14409638941287997 0.69580000638961803 0.13816729933023456 4.5244843959808358 31.500000000000004 0.37500000000000006 3.1231271028518681 0.24440221488475802 8.3736500740051287 3.879433393478394 0.20634794980287555 -4.5933375358581534 0.98110002279281627 0.13466042280197146 -27.477424621582028 11.951041698455812
decision_type=2 2 2 2 2 2 2 2 2 2 2 2 2 2 2 2 2 2 2 2 2 2 2 2 2 2 2 2 2 2 2 2 2 2 2 2 2 2 2
left_child=3 24 18 6 9 14 7 12 29 20 11 -11 13 -1 15 -6 -16 27 19 -3 25 -22 -12 -19 -2 -5 -4 -7 -21 -9 -14 32 33 -26 -28 -36 -8 -38 -39
right_child=1 2 26 4 5 17 36 8 -10 10 22 -13 30 -15 16 -17 -18 23 -20 28 21 -23 -24 -25 31 -27 34 -29 -30 -31 -32 -33 -34 -35 35 -37 37 38 -40
leaf_value=0.015999235595041742 -0.040266889011585642 -0.058904210686349469 -0.074748622557505515 0.011171572617842403 -0.06146204474243739 -0.2281765945048965 0.11581627282114389 -0.14442503890352051 -0.6099946732580066 -0.25694999510488048 -0.050673194956867874 -0.009130144993462307 0.093583514989287242 -0.11798485190274982 -0.25766535967319631 0.065737826845064587 0.023415903560150716 -0.14198132588358375 -0.074843857181389861 0.050897637610259873 0.098363614618979439 -0.069574922236459516 0.17931334385065789 -0.0021197728864626045 0.070492422976260086 -0.017510869690829631 0.10104558662726279 -0.10226292891894992 -0.028051318043321803 0.11998949629766217 -0.017097049341782234 -0.015018619533710371 -0.048565491924554782 0.11404297107319329 0.13556265571341111 0.1223517234703238 0.12276607867141849 0.12039507306280077 0.12311857533852563
leaf_weight=119.41057617454408 3.5961604217591221 12.976854198946969 0.92330883159593158 135.96945806224812 5.1524777465674587 1.6433298105257588 0.15604981590513389 0.92923767897263931 0.33815447505548935 2.7464940513091269 1.0310960605929724 2.3974725009466056 9.8588949604418286 3.6042895191530979 1.3001561053824837 9.796447872568022 1.2953005985054913 1.9882551524060526 21.583570873001008 7.735305598282137 8.4646745621103019 2.3802405885508042 1.3656742825878607 6.5650350240284752 1.6740489753774435 43.548321783973734 0.89067980298932581 8.371822036786396 6.0679680841349182 0.44036720450731082 1.8982061356509792 1.8360775986220685 0.7817621347203384 4.4079084378445259 0.89702894438232716 0.88957451771420892 0.24927034622669442 4.2217603494709692 0.15471396930843173
leaf_count=32086 60 215 183 48833 1136 510 498 523 401 232 156 933 2869 1031 256 3104 415 563 291 1969 2288 572 544 1863 642 11503 304 1613 1125 703 456 30 188 4000 29 614 72 8441 119
internal_value=0.00125826 -0.0232572 -0.0366572 0.00545614 -0.00263314 -0.0416657 0.018857 0.0152973 -0.16843 0.0044894 -0.0709435 -0.141447 0.0176253 0.0120736 0.00129049 0.0218956 -0.117388 -0.0822529 -0.044585 -0.0201977 0.00747749 0.0615045 0.0803726 -0.0346313 0.0333728 0.00421364 0.0698296 -0.122923 0.0161914 -0.0594082 0.0757139 0.0638126 0.0849003 0.102056 0.11969 0.128985 0.120457 0.120614 0.120491
internal_weight=439.538 64.2602 51.9643 375.278 234.016 36.1128 141.262 136.48 1.70776 197.903 7.54074 5.14397 134.772 123.015 17.5444 14.9489 2.59546 18.5684 48.3637 26.7801 190.363 10.8449 2.39677 8.55329 12.296 179.518 3.60059 10.0152 13.8033 1.3696 11.7571 8.6998 6.86372 6.08196 2.67728 1.7866 4.78179 4.62574 4.37647
internal_count=131370 9650 4730 121720 74521 9460 47199 38069 1627 65061 1865 1165 36442 33117 4911 4240 671 4549 3600 3309 63196 2860 700 2426 4920 60336 1130 2123 3094 1226 3325 4860 4830 4642 947 643 9130 8632 8560
is_linear=0
shrinkage=0.12


Tree=111
num_leaves=42
num_cat=0
split_feature=18 5 16 40 85 40 69 21 69 46 5 70 32 33 27 60 18 40 65 58 49 17 61 4 18 85 64 13 82 21 61 49 4 70 60 18 1 32 21 57 65
split_gain=2.45523 2.5662 2.26247 3.78303 4.98095 3.29323 3.31301 2.93387 2.83281 4.16422 2.90723 2.8326 5.64803 5.58644 4.50366 3.12427 2.52039 2.80883 2.55126 2.44591 2.2075 2.0406 1.98624 1.97835 1.86971 1.83669 2.3969 1.99457 3.47574 1.59738 1.44717 1.39483 1.33939 1.06422 1.05225 1.73305 0.857934 0.152164 0.0297128 6.51287e-05 5.00175e-05
threshold=0.35312499105930334 3.8321999311447148 2.5000000000000004 0.1399774104356766 0.91881427168846141 0.14774912595748904 27.500000000000004 1.2210124731063845 26.500000000000004 0.080746173858642592 3.0665500164031987 1.0000000180025095e-35 0.22368661314249041 1.0310428738594057 105.83415603637697 3.3458333015441899 0.23229166865348819 0.13467264175415042 7.2979166507720956 -0.3784132301807403 -0.11272005736827849 1.5000000000000002 4.9069070816040048 4.0518000125885019 0.29479165375232702 0.94102856516838085 36.500000000000007 -1.5090500116348264 1.0000000180025095e-35 0.13955000042915347 -2.3968087434768672 0.2035331800580025 0.19284999370574954 1.0000000180025095e-35 2.2260416746139531 0.29895834624767309 172.3850021362305 0.20634794980287555 0.25426666438579565 -27.477424621582028 11.901041507720949
decision_type=2 2 2 2 2 2 2 2 2 2 2 2 2 2 2 2 2 2 2 2 2 2 2 2 2 2 2 2 2 2 2 2 2 2 2 2 2 2 2 2 2
left_child=2 20 3 4 16 6 8 34 10 -10 -4 12 13 -5 15 -13 18 -18 -1 -6 -2 31 24 -14 -9 27 -27 -23 -29 -21 -16 36 -22 -33 -7 -36 -3 -34 -39 -8 -41
right_child=1 21 5 11 19 7 39 22 9 -11 -12 14 23 -15 30 -17 17 -19 -20 29 32 25 -24 -25 -26 26 -28 28 -30 -31 -32 33 37 -35 35 -37 -38 38 -40 40 -42
leaf_value=0.070647391985565272 -0.099424636073484993 0.011826843202060535 0.12834394809721075 -0.16342457009963332 -0.10874003432262178 0.14445563543589651 0.1225758409349425 0.0017260121934785406 -0.50078980593193723 -0.048546463592855013 0.00064843112162366599 -0.05021774791819212 0.058505932724742193 -0.014447217510707407 -0.010004615658796212 -0.15756664994231942 -0.0090049622929381373 0.12342126440051945 -0.012897110623451301 0.017804516330130693 -0.038439983206326779 -0.098242028931255415 0.13991717222645159 -0.11748805975915338 0.077376728298255371 0.065876080362434836 -0.061403789650733266 -0.10861582300880297 0.041741486138478598 0.10040414667660698 0.17073201248571263 0.093100353407346306 0.0795484449788256 -0.0044077176164724653 0.12763721246911494 -0.013166466030349513 -0.047106805716420772 0.15781317226762281 0.1228875391310693 0.12029370791584328 0.12252797379490248
leaf_weight=13.256952610510782 1.1779534709057768 6.1242184595830649 2.6375920814261908 4.5226586119679295 1.0758165370480153 4.6649253078367092 0.210248102579499 21.076757800725325 0.38456385501922241 1.2339717994827877 96.453624175628647 21.777151042516387 15.561102774064238 18.25296633995822 1.0945106502913406 4.7568324775165811 124.08545154827334 2.3501098962769893 8.7296289688579218 4.6383679088903618 1.0631576880841738 13.217732610675741 2.0937119576046817 0.97752838480664728 6.05626942375602 3.9236224437227047 4.6621290625807887 3.9776750970486336 4.9928752197556605 12.342993524531719 1.5293922010605445 3.2408325089527343 1.3942946074093923 3.2065884688126971 2.8579676612362164 2.2495626229720074 8.4856578877297562 0.40887948288582299 2.4679374283987272 3.1207675617642958 0.15127698490869068
leaf_count=6025 171 369 5238 129 122 462 60 6446 355 912 23861 6748 6631 1708 253 900 42284 481 3756 81 266 207 396 19 1495 388 296 608 1802 5179 533 351 509 256 641 198 446 9 3422 7211 146
internal_value=0.00116306 -0.0217495 0.00469823 -0.00254803 0.00721734 0.0165881 0.00545423 0.0463337 0.00147525 -0.155999 0.00404741 -0.026291 -0.0052716 -0.0440303 -0.0546319 -0.0694625 -2.2565e-05 -0.0065435 0.0374766 0.0667262 0.0492511 -0.0306702 0.0273017 0.0481037 0.0186117 -0.050366 -0.00323787 -0.0686022 -0.0249292 0.0778425 0.0953412 -0.00188596 0.0820828 0.0446053 0.103253 0.0656216 -0.0224028 0.112083 0.127851 0.120529 0.120397
internal_weight=436.486 58.3436 378.143 234.951 166.479 143.191 104.192 38.9992 100.71 1.61854 99.0912 68.4721 39.3143 22.7756 29.1579 26.534 148.422 126.436 21.9866 18.0572 6.51222 51.8313 29.2267 16.5386 27.133 30.774 8.58575 22.1883 8.97055 16.9814 2.6239 21.0573 5.33427 6.44742 9.77246 5.10753 14.6099 4.27111 2.87682 3.48229 3.27204
internal_count=131370 9100 122270 74849 57928 47421 37783 9638 30366 1267 29099 16921 8487 1837 8434 7648 52546 42765 9781 5382 4377 4723 8337 6650 7941 3301 684 2617 2410 5260 786 1422 4206 607 1301 839 815 3940 3431 7417 7357
is_linear=0
shrinkage=0.12


Tree=112
num_leaves=44
num_cat=0
split_feature=68 13 13 13 13 79 82 7 4 33 18 82 5 30 67 80 74 21 18 11 18 62 40 57 49 23 22 23 54 12 21 40 28 32 21 32 40 32 74 61 52 30 18
split_gain=2.17648 3.01479 7.50784 3.91988 3.59606 2.76888 2.67235 5.6398 4.359 2.54717 2.46501 2.3631 3.43225 3.3601 2.27445 7.19152 2.76145 3.632 2.6338 2.50854 2.3088 3.74955 2.78237 2.26975 2.80746 2.17046 1.8296 1.78546 2.37252 1.7258 3.47265 2.04917 1.83434 1.58738 1.53095 1.32021 1.09713 0.628784 0.495119 0.337683 0.264431 0.234625 0.420713
threshold=17.500000000000004 4.1772499084472665 4.3244500160217294 1.0911499857902529 4.7294499874114999 1.0000000180025095e-35 0.37500000000000006 12.442605018615724 3.3744499683380131 0.9592857062816621 0.41562499105930334 4.8750000000000009 9.2657999992370623 0.42604167759418493 2.5000000000000004 0.37500000000000006 0.97568854689598095 0.13955000042915347 0.30729167163372045 0.57284998893737804 0.25442707538604742 19999949.000000004 0.34408029913902288 -4.2700514793395987 0.043176118284463889 14.32635545730591 5.6522915363311776 2.2090684175491337 0.26781138777732855 2.8909499645233159 2.1617666482925419 0.05607909336686135 6.3710865974426278 0.21166560798883441 2.7032833099365239 0.21487037092447284 0.2058963626623154 0.20834346115589145 1.8247097134590151 -6.0217833518981925 2.1510417461395268 1.0953124761581423 0.26171875000000006
decision_type=2 2 2 2 2 2 2 2 2 2 2 2 2 2 2 2 2 2 2 2 2 2 2 2 2 2 2 2 2 2 2 2 2 2 2 2 2 2 2 2 2 2 2
left_child=10 3 -3 5 41 6 8 -8 -2 39 14 12 13 -12 18 16 17 -16 20 -17 22 -22 -1 26 -25 -11 -20 36 -29 30 -5 37 -33 -21 -15 -18 -7 -31 -13 -6 -40 42 -4
right_child=1 2 4 29 9 27 7 -9 -10 25 11 38 -14 34 15 19 35 -19 23 33 21 -23 -24 24 -26 -27 -28 28 -30 31 -32 32 -34 -35 -36 -37 -38 -39 40 -41 -42 -43 -44
leaf_value=0.037073261655011666 0.011314784601426781 -0.24326956761390389 0.17106115573839836 -0.59550102106362923 -0.050141376911452706 0.12667164659440497 0.032397213572315044 -0.042280065421715002 -0.10928093195659086 -0.047368744273178033 -0.13304099476147058 0.12968378049365958 -0.15892823535422365 -0.011909312756768048 -0.10715402272153847 0.12968163981055159 -0.0059867013415309568 -0.012522778948055828 -0.047051267691325026 -0.06210653105646434 -0.0082713282033889095 0.07619170964667428 -0.069747371023731727 0.0097327113991702921 0.11518312711973457 -0.22200616001325332 0.12000088242463605 0.016312955736917083 -0.30412627960670363 0.028018003963644084 0.1148412172448694 -0.036378731608034585 0.086853638706680433 0.069052983599630011 0.10205417954939247 0.12324788810477959 0.027016544246092067 0.13445075054567249 -0.0379219927527479 0.11924835184003853 0.0872236494850923 0.19765942036944983 0.0031694479801192888
leaf_weight=59.621867293691594 71.081377842681832 2.6513438606598347 0.55183657288034627 0.17144507065313419 0.1944663181829992 4.1200955915774085 18.39172618093653 69.953781108823023 4.5950537438475285 7.4963947161540982 3.1793125039366812 1.4439358091840397 3.0056874930887707 13.470695499738211 12.172006271925062 5.313506028869595 3.6826511500412371 11.227558095938546 4.177515778392265 2.295602396106915 74.255555397410717 8.4274393752621091 3.7310276078142115 5.4261629210486744 11.017618103722269 1.1870843036613221 1.2197502250783143 3.4509373316595888 0.36822331437542732 0.94930574295721992 0.23486835578660248 3.670164399096393 3.3063040690631169 3.1548684649224015 1.9421620842185792 1.6475009360510737 2.5913988047395833 5.0586205335921477 0.53291808151152498 1.3185568844555779 0.44712447538586275 0.71522138084037579 0.35203582800022559
leaf_count=32599 7763 302 291 215 161 672 4627 1241 188 1906 299 410 49 1873 141 291 737 5911 748 632 30107 4957 1357 718 4458 305 878 3000 335 92 482 519 4456 3243 817 2465 96 7230 424 3480 341 25 529
internal_value=0.001097 -0.00799106 -0.060777 -0.00392786 -0.0198269 -0.00872787 -0.0125574 -0.0267338 0.00399224 -0.046207 0.00904676 -0.0273436 -0.0399525 -0.0207184 0.0132622 -0.0126484 -0.0439919 -0.0617481 0.0193578 0.0710096 0.013545 0.000337542 0.0307823 0.0582238 0.0803863 -0.0712427 -0.00929847 0.0509198 -0.0145821 0.058642 -0.18489 0.0662627 0.0220238 0.0138119 0.00245114 0.0339585 0.0881935 0.117633 0.0850031 0.097477 0.0191732 0.146306 0.105672
internal_weight=433.803 202.41 14.4669 187.943 11.8156 174.553 164.022 88.3455 75.6764 10.1965 231.392 24.0218 21.5979 18.5922 207.371 39.4937 28.7297 23.3996 167.877 10.764 146.036 82.683 63.3529 21.841 16.4438 8.68348 5.39727 10.5307 3.81916 13.3907 0.406313 12.9844 6.97647 5.45047 15.4129 5.33015 6.71149 6.00793 2.42398 1.51302 0.980043 1.61909 0.903872
internal_count=131370 37915 6999 30916 6697 17922 13819 5868 7951 5852 93455 4213 3038 2989 89242 13420 9254 6052 75822 4166 69020 35064 33956 6802 5176 2211 1626 4103 3335 12994 697 12297 4975 3875 2690 3202 768 7322 1175 3641 765 845 820
is_linear=0
shrinkage=0.12


Tree=113
num_leaves=28
num_cat=0
split_feature=15 80 20 20 48 40 48 1 40 21 46 12 75 0 0 0 45 54 48 21 71 13 7 21 48 5 0
split_gain=1.66563 5.89532 1.74914 2.38741 3.63489 3.51155 2.86186 4.04164 4.02389 3.54827 8.78355 3.67233 3.04364 2.24844 10.6009 3.46099 2.08938 2.36508 3.04614 1.95759 1.86268 2.52598 1.58566 1.93293 1.40366 1.36143 0.246244
threshold=1.1508479714393618 1.0000000180025095e-35 0.23020833730697635 0.24010416120290759 1.7635416984558108 0.076979797333478941 1.1447916626930239 294.23500061035162 0.12038539350032808 3.9741834402084355 0.13931380957365039 8.9524998664855975 1.0000000180025095e-35 6.3612999916076669 2.9563999176025395 12.6117000579834 0.2080042436718941 0.13137567788362506 1.8260416984558108 1.2624250054359438 3.3697398900985722 -2.8484499454498287 12.348161697387697 1.0884749889373782 1.2864583730697634 3.8895000219345097 21.066800117492679
decision_type=2 2 2 2 2 2 2 2 2 2 2 2 2 2 2 2 2 2 2 2 2 2 2 2 2 2 2
left_child=1 -1 16 4 13 -6 9 8 -8 11 -11 -5 -9 14 -4 -15 22 18 19 -18 26 -22 23 24 -2 -25 -19
right_child=2 -3 3 6 5 -7 7 12 -10 10 -12 -13 -14 15 -16 -17 17 20 -20 -21 21 -23 -24 25 -26 -27 -28
leaf_value=0.011092408821391181 0.10051368854861624 -0.060819936257078391 -0.89617647643814224 -0.011247169378487085 -0.37849375782154215 0.00034767130352705985 0.022898455865877996 0.063792218145676691 -0.020858156698944644 0.052259095167453813 -0.45927260982193824 0.12798329861248597 0.0049096193804230139 0.089608713619986471 0.070071297543802355 -0.042922029968839502 0.084527710890116639 0.14324546001552974 -0.15539633277139894 -0.00038572875907113245 -0.20648876536420649 0.060294349423217923 0.058485027242090155 0.0024862423236850905 -0.048520143890492105 -0.11063571792713647 0.084686851948032896
leaf_weight=43.75011664169142 2.0535309591432438 26.274472261538904 0.2355441360596221 113.30901989379345 0.85275481223288696 0.60038393281865865 61.782867567536414 32.803514650870056 59.321754306074581 1.1102428483172833 0.85611425926617801 2.7952451672135785 20.5664187993425 3.5624718414510452 0.53459705666318769 13.942391285678239 5.9275330585114778 4.6949314512739857 1.4011223720863188 11.484024462474279 0.54918186808936287 7.3632628939340066 3.4009393855158114 2.2922674282071966 1.6342565058257603 4.6192674531503144 1.3261454871153544
leaf_count=516 296 516 346 31006 298 451 20158 23891 13160 528 471 3414 7547 3762 658 3093 984 3984 345 9038 5 4786 137 777 368 729 106
internal_value=0.00103946 -0.0158904 0.00434152 0.0011008 -0.0393038 -0.22197 0.00382553 0.0135892 0.00146477 -0.0106024 -0.170452 -0.00789515 0.0411015 -0.024779 -0.225451 -0.0159503 0.02599 0.0425784 0.0148241 0.0285219 0.0800514 0.0417776 -0.0128097 -0.0356856 0.0344688 -0.0731179 0.130348
internal_weight=429.044 70.0246 359.02 312.273 19.7281 1.45314 292.545 174.475 121.105 118.071 1.96636 116.104 53.3699 18.275 0.770141 17.5049 46.7465 32.7462 18.8127 17.4116 13.9335 7.91244 14.0003 10.5993 3.68779 6.91153 6.02108
internal_count=131370 1032 130338 108783 8608 749 100175 64756 33318 35419 999 34420 31438 7859 1004 6855 21555 19248 10367 10022 8881 4791 2307 2170 664 1506 4090
is_linear=0
shrinkage=0.12


Tree=114
num_leaves=31
num_cat=0
split_feature=19 85 79 22 43 4 82 28 4 11 28 48 23 48 48 21 33 54 50 56 33 57 21 40 74 74 44 44 12 44
split_gain=1.66153 2.09921 1.88851 3.33573 2.16961 2.14408 4.70234 1.68848 1.64297 3.7797 3.67747 3.66337 3.58634 4.93127 3.97867 3.1526 3.16357 2.72234 3.75168 2.50408 2.40666 1.64013 1.1702 0.755868 0.997162 0.918849 0.24229 0.144857 0.0032543 0.00030534
threshold=34.731634140014656 1.2822285890579226 1.0000000180025095e-35 0.20852916687726977 3.7217733860015874 3.8694499731063847 0.37500000000000006 3.6548196077346806 2.3023999929428105 2.9414499998092656 7.0740752220153817 1.1757812500000002 12.50829076766968 0.95078125596046459 0.99479165673255932 1.6825374960899355 0.58132857084274303 0.13849500566720965 0.16198509186506274 0.48229165375232702 1.1303713917732241 -5.1697602272033683 -1.0000000180025095e-35 0.14356303215026858 0.25321575999259954 0.40086615085601812 0.79739582538604747 0.49479167163372045 0.55910000205039989 0.47135417163372045
decision_type=2 2 2 2 2 2 2 2 2 2 2 2 2 2 2 2 2 2 2 2 2 2 2 2 2 2 2 2 2 2
left_child=1 8 3 -2 5 6 -5 -4 9 12 20 -12 13 -1 -14 17 -17 18 -10 -19 -11 -18 -3 24 26 -26 -24 28 -9 -30
right_child=2 22 7 4 -6 -7 -8 27 15 10 11 -13 14 -15 -16 16 21 19 -20 -21 -22 -23 23 -25 25 -27 -28 -29 29 -31
leaf_value=0.010252624090057227 -0.13436621932728512 -0.039024579748046392 -0.078753333053718039 0.047650368132168192 -0.11603568987549594 -0.056232644982495715 -0.039661168998894436 0.13331124681671677 0.0038768909872922059 -0.10831072223063115 -0.01311372351823533 0.034071792625546077 -0.23509158076290437 -0.058951210045450279 0.11688471210538132 -0.086314981752903142 0.12009549174707261 -0.056295840335167262 0.060766675314181638 0.00011369954091773593 -0.0074068293324886193 0.04517251894912494 0.15137652629615522 0.15851257146422457 -0.099836627646680665 0.067254057309097143 0.076287689619380497 0.05446159639365708 0.12230825879753131 0.12620074754334279
leaf_weight=22.886994829543255 3.6626369623845667 1.2342310419771818 0.87355129238858298 18.129842967166041 2.9173736216871466 10.775331010641819 17.414377295564918 0.67168688541278321 79.899006070836549 5.8455877031592527 38.264911871489403 62.218296065396316 0.52312449931377969 42.104461052463193 3.9878587472767322 2.2496797723288209 5.4856051545211839 16.714726918668021 21.100817837527757 35.188566159064976 8.1484883431148756 18.056238882677462 1.2445153993635352 1.6483667861102729 0.79656263171273156 1.170027395895431 1.2307468471371974 0.4941301412800384 1.1447933166900837 0.38873742347095674
leaf_count=6574 82 25 321 3643 409 181 2657 15 11334 610 22354 36045 850 14985 5008 181 1558 3024 4093 6446 1212 6206 333 371 107 681 273 461 1076 255
internal_value=0.000993032 0.00391927 -0.0181792 -0.0238822 -0.0156636 -0.00934176 0.00487334 0.0662588 0.00263476 -0.00532515 0.0080767 0.0161031 -0.0273993 -0.0345808 0.0760671 0.0108301 0.0496388 0.00428387 0.0157623 -0.0180522 -0.0495563 0.0626307 0.0675226 0.0891152 0.0633619 -0.000425629 0.114041 0.113187 0.126346 0.123295
internal_weight=426.471 369.999 56.4725 52.8996 49.2369 46.3196 35.5442 3.5729 362.674 183.98 114.477 100.483 69.5024 64.9915 4.51098 178.695 25.7915 152.903 101 51.9033 13.9941 23.5418 7.32445 6.09022 4.44185 1.96659 2.47526 2.69935 2.20522 1.53353
internal_count=131370 122270 9100 6972 6890 6481 6300 2128 120480 87638 60221 58399 27417 21559 5858 32842 7945 24897 15427 9470 1822 7764 1790 1765 1394 788 606 1807 1346 1331
is_linear=0
shrinkage=0.12


Tree=115
num_leaves=32
num_cat=0
split_feature=79 26 15 28 13 64 54 54 85 70 40 32 15 18 27 82 18 85 49 53 52 64 1 49 40 53 85 49 32 32 21
split_gain=2.23517 4.81844 4.76349 3.85483 26.2086 6.73551 30.1679 5.7622 1.70238 2.66556 5.44049 4.64766 4.5494 3.2256 1.82085 1.47157 1.96065 1.38225 1.43037 1.86342 1.0697 1.81305 1.41928 1.62545 1.02249 0.362992 0.0593472 0.000349498 5.39442e-05 2.27276e-05 1.84548e-06
threshold=1.0000000180025095e-35 1.0000000180025095e-35 6.4706134796142587 155.92640686035159 2.3066999912261967 21.500000000000004 0.2141746133565903 0.024745867587625984 1.3022285699844363 1.0000000180025095e-35 0.7422647774219514 0.20436896383762362 1.1508479714393618 0.25885416567325598 11.372304916381838 0.37500000000000006 0.34062500298023229 0.89594286680221569 0.20687259733676913 0.066082157194614424 2.4135416746139531 34.500000000000007 251.62500000000003 0.23533459752798083 0.12817650288343432 0.50035610795021068 0.32430000603199011 0.50354051589965831 0.21166560798883441 0.29316072165966039 0.13955000042915347
decision_type=2 2 2 2 2 2 2 2 2 2 2 2 2 2 2 2 2 2 2 2 2 2 2 2 2 2 2 2 2 2 2
left_child=1 8 20 17 -5 6 -6 -7 9 11 12 14 -11 -13 -1 16 -10 18 19 -4 22 -22 23 24 -2 26 -24 -20 30 -30 -19
right_child=2 -3 3 4 5 7 -8 -9 15 10 -12 13 -14 -15 -16 -17 -18 28 27 -21 21 -23 25 -25 -26 -27 -28 -29 29 -31 -32
leaf_value=0.064633983650629404 0.10591310362455648 -0.13078857938353472 -0.0059820154578539867 -1.6906997293358077 0.0065713445232400674 -0.68785239857114611 -2.3534981496692278 0.095668932620409999 0.074187432219157898 -0.11213008773425817 -0.24649426321677206 0.020898982507211936 -0.010126293310144091 -0.006114486198374001 -0.12353060766607087 0.11891435351350899 -0.044723264176443178 0.12064329091311152 0.12075398875437419 -0.1870310995275648 -0.06895076392715041 0.072537067178339354 0.11819957121344447 -0.074682693323049235 0.021020554245899721 0.035709923639064452 0.14196476456778542 0.12956428193133834 0.12225987846690818 0.12080644360037193 0.12012835723032048
leaf_weight=0.85402457602322002 4.7395281437102366 4.2621289037633678 13.428624025295907 0.15042075136352595 0.39797809492665726 0.14579654947556253 0.097003559780205251 1.8527205478262656 4.2373038376981622 6.7669686404697122 1.5135580446876691 106.37447583657467 90.520726732432195 158.48667701621889 5.574202175517712 2.82226480988811 3.7761747221520636 0.15158337025786639 1.0957672793178961 0.87175912702969149 2.1175993049728268 3.3951301457127556 2.8668968887477595 1.3056869200536301 3.5910937763219408 0.63976691456991819 3.2044471487170085 0.068915210467821342 0.67003657515670056 0.20152218130806432 0.29579749230515517
leaf_count=20 1883 229 4259 170 1236 45 304 6567 592 137 198 34473 24311 36589 4841 489 101 38 5764 809 397 547 3043 388 689 140 774 3 741 830 1155
internal_value=-0.00106085 -0.00390508 0.0254738 -0.0177621 -0.152439 -0.0596436 -0.455941 0.0385092 -0.0024854 -0.00385807 -0.0207336 0.00228785 -0.0172213 0.00473476 -0.0985319 0.0443975 0.0181534 0.00345304 -0.00660386 -0.0170189 0.0638992 0.0181875 0.0793142 0.0498067 0.0693183 0.121683 0.130743 0.121275 0.121374 0.121924 0.120303
internal_weight=426.477 385.189 41.2881 19.4279 2.64392 2.4935 0.494982 1.99852 380.926 370.091 98.8013 271.289 97.2877 264.861 6.42823 10.8357 8.01348 16.784 15.4651 14.3004 21.8601 5.51273 16.3474 9.63631 8.33062 6.71111 6.07134 1.16468 1.31894 0.871559 0.447381
internal_count=131762 101980 29782 21921 8322 8152 1540 6612 101751 100569 24646 75923 24448 71062 4861 1182 693 13599 10835 5068 7861 944 6917 2960 2572 3957 3817 5767 2764 1571 1193
is_linear=0
shrinkage=0.12


Tree=116
num_leaves=28
num_cat=0
split_feature=79 22 15 85 35 49 48 22 32 0 22 46 5 65 32 7 85 52 32 60 60 44 27 1 40 6 65
split_gain=2.06004 3.74637 3.63526 2.00037 2.51054 17.8629 28.9244 10.0129 2.14255 1.59029 3.53642 1.89281 1.57334 1.75309 3.59254 2.23621 1.5295 1.52663 1.17437 1.12371 1.622 0.916194 0.333295 0.235026 0.000539913 5.93098e-05 1.58986e-05
threshold=1.0000000180025095e-35 1.0000000180025095e-35 4.1265950202941903 0.32430000603199011 89.725517272949233 0.20465366542339328 1.6989583373069765 2.5993750095367436 0.2179861590266228 22.579049110412601 8.4348707199096697 0.072814505547285094 9.6265997886657733 0.4395833313465119 0.22562760859727862 13.618768215179445 0.96999999880790722 2.4135416746139531 0.21332029998302462 6.2322914600372323 6.2822916507720956 0.86354166269302379 152.29668426513675 409.42500305175787 0.33606606721878057 8.8443999290466326 10.613541603088381
decision_type=2 2 2 2 2 2 2 2 2 2 2 2 2 2 2 2 2 2 2 2 2 2 2 2 2 2 2
left_child=1 -1 16 4 8 6 -6 -7 21 12 11 -11 13 14 -3 -15 17 18 -2 24 -21 -4 -10 -20 25 -5 -22
right_child=2 9 3 19 5 7 -8 -9 22 10 -12 -13 -14 15 -16 -17 -18 -19 23 20 26 -23 -24 -25 -26 -27 -28
leaf_value=-0.12712825663346863 -0.0025461833040062113 -0.062091505842137976 -0.0017028254999767226 0.12096867375424775 0.12052892573731122 -0.75906552130175675 -3.0552793486090613 -0.00061661087402250343 0.12270474732249766 -0.31499992293118667 0.092766776160285905 -0.067913829374364867 -0.039685846522039998 0.003362726884880676 0.078684322678312782 -0.019848682951481806 -0.010983449569606786 0.022258030307651774 0.13021561988630898 -0.30110487336050151 0.12238690766205934 -0.081901469152540998 -0.011792743430547778 0.068205579756437013 0.12529670850834868 0.12362759165573778 0.12054261172593402
leaf_weight=3.4958289965361464 1.2131820794384136 3.5240112683168254 11.48941281111548 1.6433385800082758 0.091070652151755804 0.26868657867089485 0.075560832539849798 3.7339482923466676 2.13131563245588 0.9049700146497337 0.95702338362934813 0.88114516776477103 15.051302118932652 271.92671109542425 10.0690473523573 76.60626222823339 3.0261525915848315 4.2171930541626343 7.9056342487729108 0.24060316217219213 0.10761422932046116 2.4970423029080839 0.30303957533033088 0.99040869574673696 0.61243159817786352 0.13038831683661545 0.17970006148880202
leaf_count=224 165 242 1179 5137 492 444 167 11326 5214 187 555 586 162 98104 1025 895 370 411 2614 12 53 594 39 135 472 112 846
internal_value=-0.000740619 -0.00347018 0.0248747 -0.00588108 -0.0190511 -0.102209 -1.31958 -0.0515293 0.00206281 -0.00233234 -0.0933702 -0.193105 -0.00167024 -9.01707e-05 0.0421881 -0.00173906 0.0665336 0.0829074 0.108208 0.0871745 -0.0712511 -0.0160209 0.105962 0.123312 0.122225 0.121164 0.121233
internal_weight=424.273 383.416 40.8567 23.5042 20.5901 4.16927 0.166631 4.00263 16.4208 379.92 2.74314 1.78612 377.177 362.126 13.5931 348.533 17.3526 14.3264 10.1092 2.91408 0.527917 13.9865 2.43436 8.89604 2.38616 1.77373 0.287314
internal_count=131762 101980 29782 26087 19455 12429 659 11770 7026 101756 1328 773 100428 100266 1267 98999 3695 3325 2914 6632 911 1773 5253 2749 5721 5249 899
is_linear=0
shrinkage=0.12


Tree=117
num_leaves=32
num_cat=0
split_feature=79 26 5 12 1 69 35 54 74 14 13 5 27 40 7 61 38 46 65 61 5 23 13 13 40 53 23 69 54 5 15
split_gain=2.11775 3.7189 2.67861 4.39483 1.56145 2.39886 1.66218 2.14911 1.51778 5.65873 2.02341 4.5719 6.00415 2.05392 2.73618 2.12341 1.24931 1.07591 1.29208 1.444 1.12626 0.924889 0.870395 0.843394 0.769192 0.642241 0.168583 0.00607145 0.000589325 0.000225697 5.29171e-05
threshold=1.0000000180025095e-35 1.0000000180025095e-35 6.5348999500274667 3.5417499542236333 447.20500183105474 35.500000000000007 7.0740752220153817 0.16307238489389422 2.4378435611724858 0.25207699835300451 8.7332501411438006 0.25034999847412115 26.791512489318851 0.10209920257329942 13.618768215179445 6.5399715900421151 1.0000000180025095e-35 0.1310435235500336 9.421354293823244 -2.4838896989822383 9.4421997070312518 5.7219421863555917 -1.6252999901771543 4.3677000999450692 0.068797323852777495 -0.037035910412669175 9.5229854583740252 3.5000000000000004 0.23946781456470492 9.6265997886657733 0.8444184958934785
decision_type=2 2 2 2 2 2 2 2 2 2 2 2 2 2 2 2 2 2 2 2 2 2 2 2 2 2 2 2 2 2 2
left_child=1 8 3 -2 6 26 23 -8 10 -10 13 12 -12 14 -1 -15 17 18 22 -20 25 27 -4 -5 -23 -19 -6 -11 29 30 -18
right_child=2 -3 16 4 5 -7 7 -9 9 21 11 -13 -14 15 -16 -17 28 20 19 -21 -22 24 -24 -25 -26 -27 -28 -29 -30 -31 -32
leaf_value=0.016725898635853959 -0.45428912893010481 -0.12815807750958236 0.12539586826818822 -0.058073686680785802 -0.010028254929076582 -0.2549953415509959 0.11374586565446126 -0.010492622173187497 -0.095464336788168833 0.1338355036303798 -0.37125742865388212 -0.25185631699399291 0.078844472029238971 -0.011964025272020715 -0.013189887705948247 0.12984343055048389 0.1223621955810749 0.026510141576579788 0.059516069836515355 -0.07575706285660494 0.01331157254646888 0.10372739439917175 0.015490403997900283 0.0081629040285618217 -0.004391336447863878 0.13964788801607958 0.12034243623376138 0.11915169303324286 0.12560192595505318 0.12418051615037068 0.1210041147511282
leaf_weight=152.92755708538334 0.30688629324868344 3.3918868698128781 1.9103423398191806 4.4680679022180865 0.24877811613623524 0.80059043171058875 4.1558412133626899 3.8739447172074506 9.8391796767391515 0.77415939505590248 0.51192450473899898 1.4943720075498275 2.5655515432881657 141.6398769635407 61.823873326517059 1.5370441713384924 0.68167123058810819 0.91234034784247331 1.812557657709476 3.0458471045440092 2.3612886098126182 1.2568648073456641 2.2713187684948952 7.2761276952537628 3.850014741283303 3.4725018328426804 0.33537507777054998 0.85146776522014989 1.1092023984565456 0.63737996760755766 1.0488223562506389
leaf_count=63072 277 229 198 1037 85 100 13501 6866 137 138 207 394 1588 30552 659 732 47 409 328 481 81 2248 751 1685 1514 1009 609 510 396 32 1890
internal_value=-0.000294728 -0.00306489 0.0257184 -0.00343423 0.00310497 -0.120081 0.0117315 0.0538074 -0.00194557 -0.0374592 -0.00032207 -0.079649 0.00397202 0.00069118 0.00811357 -0.0104417 0.0582041 0.0438618 0.0167991 -0.0252898 0.0801269 0.047312 0.0656994 -0.0170367 0.022218 0.116108 0.0648204 0.126144 0.123319 0.12225 0.121539
internal_weight=423.193 382.464 40.7289 21.4656 21.1587 1.38474 19.774 8.02979 379.072 16.5717 362.5 4.57185 3.07748 357.928 214.751 143.177 19.2633 15.7862 9.04007 4.8584 6.74613 6.73251 4.18166 11.7442 5.10688 4.38484 0.584153 1.62563 3.47708 2.36787 1.73049
internal_count=131762 101980 29782 24160 23883 794 23089 20367 101751 4547 97204 2189 1795 95015 63731 31284 5622 3257 1758 809 1499 4410 949 2722 3762 1418 694 648 2365 1969 1937
is_linear=0
shrinkage=0.12


Tree=118
num_leaves=30
num_cat=0
split_feature=79 26 23 23 69 49 50 5 28 28 52 18 85 70 38 46 50 46 0 6 33 74 62 11 40 5 43 15 11
split_gain=1.72263 3.29121 2.27407 1.50034 5.19448 1.551 2.8087 4.48779 2.35652 1.76094 1.49102 1.32256 1.5126 1.88211 1.27693 1.02754 1.4677 0.937264 0.915066 0.807718 0.768531 0.448993 0.124527 0.0962887 0.0502767 0.000483338 0.000192573 2.17338e-05 3.19822e-05
threshold=1.0000000180025095e-35 1.0000000180025095e-35 5.844346523284913 6.5654432773590097 17.500000000000004 0.54157927632331859 0.14828634262084964 3.26354992389679 90.463401794433608 84.19687652587892 3.1000000238418584 0.49687500298023229 1.3022285699844363 1.0000000180025095e-35 1.0000000180025095e-35 0.1310435235500336 0.16198509186506274 0.10835666581988336 12.460150241851808 11.315050125122072 0.91754284501075756 17.356553077697757 1.7479211091995241 4.3722000122070321 0.11724039912223817 8.8220000267028826 19999977.000000004 0.8444184958934785 1.5741000175476076
decision_type=2 2 2 2 2 2 2 2 2 2 2 2 2 2 2 2 2 2 2 2 2 2 2 2 2 2 2 2 2
left_child=1 10 14 4 21 8 23 -8 9 -5 11 12 13 -1 15 17 24 20 -14 -18 -2 22 -4 -7 -17 27 -10 -16 -29
right_child=2 -3 3 5 -6 6 7 -9 26 -11 -12 -13 18 -15 25 16 19 -19 -20 -21 -22 -23 -24 -25 -26 -27 -28 28 -30
leaf_value=0.0034548421056061242 0.10105658551403299 -0.12731054674169306 0.1271913307469254 0.006649916758170578 -0.48169022792335603 0.12103544863031475 -0.06616546570387323 -0.58028053829734683 0.12070895068353357 -0.19717036487868128 -0.1159385857705304 -0.071185556117292617 0.01466174805431957 -0.016139598208037269 0.12189201886740955 0.10532963110797507 0.077857768018631757 -0.054496448825893065 0.088432415320034694 -0.043944882146216224 0.010606328638302237 -0.082071352466634689 0.022970191540082129 0.020720209389018741 0.13891380223856045 0.12411013264410363 0.12673253473907775 0.12165815920096087 0.12028340023094808
leaf_weight=266.702694957723 1.8659171285144127 3.0271350365073877 0.36604077980519167 13.952739848695504 0.41268609334883866 0.51936226723546397 0.90295460329889443 0.33528422342169506 2.563736991927271 0.63832104350331142 1.6376726714224776 3.8473534662007287 5.7481169249267605 95.998264328935875 0.39970887801609878 0.85828516152741885 1.5603138216556547 2.2100081713724649 4.1835357583795485 1.5757084224314892 4.918172713041713 0.38876965731287783 0.30071167558890011 0.18753937115980079 2.5459027154829528 1.8044290910929701 0.078775678151941864 0.41262938612089761 0.59513814635920426
leaf_count=75444 785 229 432 7882 466 1341 969 228 10094 601 395 536 704 24214 31 632 620 402 458 53 1061 135 314 23 584 351 77 373 2328
internal_value=-0.000214524 -0.00268363 0.0236751 -0.00379763 -0.120711 0.00515258 -0.096423 -0.205375 0.0166173 -0.00226669 -0.00168589 -0.0011889 -0.000466197 -0.00173134 0.0539333 0.0396922 0.0758847 0.0133743 0.0457364 0.0166575 0.035484 0.0204238 0.0801866 0.094422 0.130446 0.12281 0.120889 0.121143 0.120846
internal_weight=420.538 381.145 39.3931 20.6469 1.46821 19.1787 1.94514 1.23824 17.2336 14.5911 378.118 376.48 372.633 362.701 18.7462 15.5343 6.54021 8.9941 9.93165 3.13602 6.78409 1.05552 0.666752 0.706902 3.40419 3.21191 2.64251 1.40748 1.00777
internal_count=131762 101980 29782 22562 1347 21215 2561 1197 18654 8483 101751 101356 100820 99658 7220 4137 1889 2248 1162 673 1846 881 746 1364 1216 3083 10171 2732 2701
is_linear=0
shrinkage=0.12


Tree=119
num_leaves=30
num_cat=0
split_feature=87 11 23 11 80 27 81 22 44 70 14 5 21 53 57 75 53 56 40 21 49 23 65 12 53 18 46 65 14
split_gain=1.54806 8.28181 6.99564 4.72197 8.12981 5.95284 4.92236 5.32122 3.72946 3.36858 3.4772 2.95603 4.6224 2.87132 4.51247 2.93169 4.95112 3.13513 2.63794 2.59223 3.53561 3.25407 2.99307 2.49805 1.8645 1.73179 1.68736 0.305545 0.0614879
threshold=0.0047571428585797557 0.57284998893737804 0.58280083537101757 0.802350014448166 0.37500000000000006 46.360073089599616 1.0000000180025095e-35 5.5511999130249032 0.33854167163372045 1.0000000180025095e-35 0.1380179971456528 0.26565000414848333 4.0029418468475351 0.3930701762437821 -13.931766510009764 1.0000000180025095e-35 0.15315757691860202 3.7890625000000004 0.53500452637672435 2.411562561988831 0.49471411108970648 0.86253532767295849 9.4885416030883807 0.37340000271797186 0.20900496095418933 0.28489583730697637 0.35673154890537268 5.4677083492279062 -0.34645000100135798
decision_type=2 2 2 2 2 2 2 2 2 2 2 2 2 2 2 2 2 2 2 2 2 2 2 2 2 2 2 2 2
left_child=3 -2 -3 4 6 19 7 -1 -8 11 -11 12 -4 15 -15 17 -17 -7 -12 24 21 -21 -22 -13 26 -16 -5 -10 -26
right_child=1 2 9 5 -6 13 8 -9 27 10 18 23 -14 14 25 16 -18 -19 -20 20 22 -23 -24 -25 28 -27 -28 -29 -30
leaf_value=-0.094608140305834434 0.13008950983834819 -0.13532366187248646 -0.37549591153874162 0.066643166126204259 0.1016085601786661 0.0036048924901709999 -0.082962666473089794 0.0013803549529072204 0.14034086550300012 -0.16374427461179278 0.016144275611707781 -0.071912431236279245 -0.019334885133584948 -0.33688969037508598 -0.061048735509938425 -0.021348915830714021 -0.25075757026930279 0.055853447605729786 -0.19995141859122917 -0.10142465935067205 0.1542606878710065 0.021076318670903097 0.0047866602174094124 0.0013996421088284115 0.15892418298436722 0.10497669893017469 -0.09385023531533139 0.078236145348924216 0.12618990844926142
leaf_weight=24.715336425360874 5.9392520824603698 6.5859174813595009 0.78492734205428805 24.618379886894679 6.1872048194418303 107.72845310153389 2.0933735926537329 12.533913626608408 2.3699582188473869 3.9651502767956099 5.019497069537465 7.0398877233328667 1.5829506801965179 0.80407017003017234 6.4531090761129217 12.621228919950225 1.5176033307288879 19.536582612789061 0.97078316863917269 4.4897649821359691 4.09898112272458 10.254144859102778 3.6440347510929314 135.77464970684832 2.7643393275939165 1.0522269445173149 0.98089903713616777 2.1993832149219088 1.1786342233517633
leaf_count=507 481 214 326 8489 490 38562 309 521 189 49 2365 129 862 362 2601 3972 325 8047 76 53 2503 9059 2731 45117 49 797 445 491 1641
internal_value=-0.000146601 -0.00908073 -0.0141917 0.00580128 -0.027172 0.0139896 -0.0453172 -0.0623092 0.0496797 -0.00904941 -0.0765757 -0.00441901 -0.137399 0.00183789 -0.0667169 0.00586642 -0.0459727 0.0116256 -0.0188761 0.048956 0.0182551 -0.0162273 0.0839149 -0.0022142 0.0723249 -0.0377724 0.0604935 0.110448 0.149139
internal_weight=419.505 167.663 161.724 251.842 50.0992 201.742 43.912 37.2493 6.66272 155.138 9.95543 145.182 2.36788 149.713 8.30941 141.404 14.1388 127.265 5.99028 52.0292 22.4869 14.7439 7.74302 142.815 29.5423 7.50534 25.5993 4.56934 3.94297
internal_count=131762 49619 49138 82143 2507 79636 2017 1028 989 48924 2490 46434 1188 54666 3760 50906 4297 46609 2441 24970 14346 9112 5234 45246 10624 3398 8934 680 1690
is_linear=0
shrinkage=0.12


Tree=120
num_leaves=39
num_cat=0
split_feature=68 0 1 78 35 15 18 53 7 78 69 10 73 54 0 0 65 53 18 22 35 85 34 50 69 5 48 78 61 58 21 55 57 35 22 74 81 53
split_gain=1.86098 2.54941 4.81365 3.0678 3.78038 3.35407 3.01817 2.44418 1.93867 4.83587 3.09542 1.91878 3.60785 4.65087 3.36476 4.70268 3.38542 2.7323 2.40768 2.71079 2.6826 3.12251 2.63008 2.21354 2.65041 2.16139 2.81139 2.24452 2.15778 2.23391 2.09765 1.96996 1.36963 1.3173 1.02698 0.98363 0.306775 0.0657889
threshold=20.500000000000004 15.274650096893312 150.92499542236331 1.0000000180025095e-35 83.488964080810561 1.1508479714393618 0.28046874701976782 0.50919735431671154 12.79152822494507 1.0000000180025095e-35 8.5000000000000018 1.0000000180025095e-35 1.0000000180025095e-35 0.084900196641683592 11.320449829101564 13.314599990844728 10.664583683013918 0.11061252281069757 0.37187500298023229 0.20852916687726977 5.3506467342376718 1.1063285470008852 304.89285278320318 0.086230009794235243 14.500000000000002 3.5207500457763676 0.98645833134651195 1.0000000180025095e-35 0.43452742695808416 1.1239988803863528 3.879433393478394 1.0000000180025095e-35 0.72760316729545604 57.515069961547859 2.9240584373474126 0.10756501555442811 1.0000000180025095e-35 -0.0303639518097043
decision_type=2 2 2 2 2 2 2 2 2 2 2 2 2 2 2 2 2 2 2 2 2 2 2 2 2 2 2 2 2 2 2 2 2 2 2 2 2 2
left_child=11 7 -3 4 6 -6 -4 8 9 10 -2 12 18 -14 25 23 17 -17 20 -20 21 -1 -22 36 -25 28 -27 -28 30 -30 -13 -21 37 -11 -18 -34 -16 -15
right_child=1 2 3 -5 5 -7 -8 -9 -10 33 -12 14 13 32 15 16 34 -19 19 31 22 -23 -24 24 -26 26 27 -29 29 -31 -32 -33 35 -35 -36 -37 -38 -39
leaf_value=-0.041717394010671968 -0.076662078239318629 -0.13711582750582313 -0.0011751866060968254 -0.068615723233545298 -0.043464550453607573 0.041291477703542821 -0.077092206721971965 -0.14226738610304723 -0.015033861459021339 0.066126473441591727 0.023918966780579396 0.09374439209850928 -0.34676070485631516 0.05689760060617538 0.094232625219086472 -0.042772392585068993 -0.020386709623044341 0.0098660463374288052 -0.13029519012504565 0.022405149421153084 -0.011302259218970869 0.035104487546618768 0.041047221089964787 -0.2891114444911137 -0.089154233897897867 0.15116860649112052 -0.068641316010994047 0.080065802891951129 -0.27792253814791623 0.020192528147318034 -0.016333823333037192 -0.062955883627176079 -0.13702110926818367 0.15717614212274419 0.13983123578213341 0.0032674231338612214 -0.038853039760996105 0.1204278021052775
leaf_weight=16.788090520414702 5.4041169671272682 4.9682053435826665 16.256098738180302 13.05286200121918 8.8600662079406884 27.881046376600352 14.065993910520772 1.4929176594259832 22.298122692001925 5.4603881197308493 23.856936074788791 12.132795780941256 0.82490367888021765 0.42241674794058781 0.91148588483338133 25.179349413496311 0.72243422878364016 32.56480427245333 2.7316772209742366 13.396806174371706 16.229969391050872 13.949856004641786 93.068072552599006 1.0760422560924769 8.4546937665418209 1.3055342370280403 6.9791227973064434 1.8487440657263503 0.52237249385507212 1.1786987779605622 3.1374642534638033 5.4879516868350029 1.5951920132683883 3.9386914085844182 2.8443119424919132 1.3113219413971817 0.34337153476644744 0.52825645016673695
leaf_count=3626 861 225 1717 458 132 8853 853 580 436 422 16674 15138 383 110 888 3621 210 3651 57 2863 9947 2617 40827 344 3113 484 1950 467 327 1240 1767 1070 387 1630 1971 333 375 552
internal_value=0.00182267 -0.00898304 -0.0224975 -0.0153897 -0.00503006 0.0208527 -0.036392 0.00942923 0.0131444 0.0293969 0.00534302 0.00782648 0.0157042 -0.0881408 -0.00538239 -0.0189332 -0.00607885 -0.013087 0.0187119 -0.018563 0.0244658 -0.00685319 0.0332737 -0.0920039 -0.11173 0.0306617 -0.0131919 -0.0374989 0.0568463 -0.071354 0.0711275 -0.00240095 -0.032832 0.104281 0.10738 -0.0737276 0.0578159 0.0921992
internal_weight=413.071 147.535 85.0843 80.1161 67.0632 36.7411 30.3221 62.4512 60.9583 38.6601 29.2611 265.536 166.335 4.68209 99.2012 72.0965 61.3109 57.7442 161.652 21.6164 140.036 30.7379 109.298 10.7856 9.53074 27.1047 10.1334 8.82787 16.9713 1.70107 15.2703 18.8848 3.85719 9.39908 3.56675 2.90651 1.25486 0.950673
internal_count=131159 32841 12238 12013 11555 8985 2570 20603 20023 19587 17535 98318 62772 1765 35546 14173 9453 7272 61007 3990 57017 6243 50774 4720 3457 21373 2901 2417 18472 1567 16905 3933 1382 2052 2181 720 1263 662
is_linear=0
shrinkage=0.12


Tree=121
num_leaves=32
num_cat=0
split_feature=42 6 11 46 30 63 53 46 1 58 33 0 70 68 18 1 46 50 9 57 14 50 50 5 64 82 13 68 7 7 1
split_gain=1.59076 3.77193 1.93269 1.90001 2.72244 3.49212 3.98849 2.49857 4.60194 4.10297 2.42888 2.55923 2.31124 2.22841 2.17081 2.96241 3.19148 2.02844 2.69551 2.44527 1.81794 1.55657 1.92159 1.86972 1.63302 1.81214 1.23647 0.868028 0.677215 0.00374057 0.000573882
threshold=-0.82827323675155629 10.758950233459474 0.802350014448166 0.22125723958015445 0.5338541865348817 1.0000000180025095e-35 0.38978645205497747 0.2075678035616875 209.21500396728518 1.7765079140663149 1.0019857287406924 12.460150241851808 1.0000000180025095e-35 19.500000000000004 0.23229166865348819 169.59500122070315 0.064933869987726225 0.41105581820011144 1.0000000180025095e-35 -1.7002060413360593 -1.1373974680900572 0.22462246567010882 0.23316738754510882 9.4421997070312518 2.5000000000000004 0.62500000000000011 -1.5090500116348264 5.5000000000000009 12.916279792785646 12.676937580108644 108.06000137329103
decision_type=2 2 2 2 2 2 2 2 2 2 2 2 2 2 2 2 2 2 2 2 2 2 2 2 2 2 2 2 2 2 2
left_child=1 2 -1 7 21 10 13 14 9 -9 12 -12 -6 -7 15 16 -2 18 -16 -19 -17 24 -23 -24 -5 -26 -10 -28 29 30 -4
right_child=3 -3 28 4 5 6 -8 8 26 -11 11 -13 -14 -15 17 20 -18 19 -20 -21 -22 22 23 -25 25 -27 27 -29 -30 -31 -32
leaf_value=-0.02093276335164564 -0.091007875563428126 -0.059135614099634137 0.12720770672082296 -0.11515356394783156 0.096333069411093541 0.019534114257813651 -0.23825953328521812 -0.32152713682804313 -0.046126725680507429 -0.048402635022191332 0.043634057269984018 -0.085853533489239076 0.0018212867293774396 -0.090037503082984804 0.017651892285637134 -0.02007144086837161 0.031235557314895003 0.013143866990885414 -0.0082089696240573995 -0.10847566212510056 0.070325945391199324 -0.10873969771904249 0.086312384086746741 -0.11661085615461213 0.10905979207379263 0.035666021862203252 -0.056654271617342024 0.08897410606411213 0.024952031494739339 0.13383643415113528 0.120675354634213
leaf_weight=4.3402980871687777 5.0412657580677642 17.538403499813285 0.20987557992339212 0.67540394635216827 8.9977815670617947 6.5232141944597952 1.4312487694169238 1.5090929815787588 4.5768936841923278 1.6668447555430246 4.3432926385985393 4.4497338711189514 6.359275309783242 4.5280660328699014 86.087003880545126 3.8423010662372716 7.8866497809185603 4.2066121451307481 178.13434315491577 5.4841173973163659 19.270332054058144 1.7211230655930183 3.0897996758621962 0.82934631011448789 10.332925487045943 9.1201117943758145 0.79034816359853755 2.3180427429097108 1.519324716820847 0.3837581100524402 2.5069486659226641
leaf_count=284 769 311 4 56 6231 1869 228 372 111 258 1773 796 3460 546 28825 61 1773 1812 47229 2097 11060 223 2093 21 4361 4760 171 2840 24 26 6715
internal_value=0.00165993 -0.0267751 0.0365663 0.00362615 0.0227849 0.00176282 -0.0497719 -0.000100408 -0.0566734 -0.178182 0.0283997 -0.0218935 0.0571962 -0.0253609 0.001882 0.0295676 -0.0164335 -0.00176079 0.00021686 -0.0556823 0.0552981 0.0526698 -0.00304546 0.043371 0.068282 0.0746508 -0.00646013 0.0519462 0.0905853 0.122746 0.12118
internal_weight=409.714 26.4986 8.96021 383.215 62.4013 36.6326 12.4825 320.814 10.8612 3.17594 24.1501 8.79303 15.3571 11.0513 309.953 36.0405 12.9279 273.912 264.221 9.69073 23.1126 25.7687 5.64027 3.91915 20.1284 19.453 7.68528 3.10839 4.61991 3.10058 2.71682
internal_count=131159 7364 7053 123795 26417 14903 2643 97378 3752 630 12260 2569 9691 2415 93626 13663 2542 79963 76054 3909 11121 11514 2337 2114 9177 9121 3122 3011 6769 6745 6719
is_linear=0
shrinkage=0.12


Tree=122
num_leaves=27
num_cat=0
split_feature=53 42 42 52 22 65 12 46 46 1 4 60 53 74 58 64 38 60 27 13 65 75 82 7 46 68
split_gain=1.27311 1.41666 2.85485 1.84036 2.37629 1.48489 1.48056 1.66457 2.86579 5.03268 2.71864 2.64773 4.71173 3.15201 1.34816 1.0855 0.959456 0.813642 0.525211 0.456625 0.344362 0.168109 0.0952762 0.0530577 0.0393029 6.16361e-05
threshold=0.53774708509445202 -0.82827323675155629 -1.6608975529670713 1.7197916507720949 0.77785000205039989 6.6953125000000009 0.37340000271797186 0.21813809126615527 0.2075678035616875 209.21500396728518 2.2251000404357915 5.3072917461395273 0.40044061839580541 1.0257940888404848 0.54012510180473339 28.500000000000004 1.0000000180025095e-35 5.3072917461395273 23.436169624328617 -2.2912499904632564 5.9489581584930429 1.0000000180025095e-35 1.0000000180025095e-35 13.867685794830324 0.13839440792798999 21.500000000000004
decision_type=2 2 2 2 2 2 2 2 2 2 2 2 2 2 2 2 2 2 2 2 2 2 2 2 2 2
left_child=1 2 3 4 -1 20 -3 8 10 -10 -8 13 -13 -9 -6 19 -2 24 -18 -5 -4 23 -17 25 -7 -20
right_child=16 6 5 15 14 17 7 11 9 -11 -12 12 -14 -15 -16 22 18 -19 21 -21 -22 -23 -24 -25 -26 -27
leaf_value=-0.097763206264922978 -0.016302304474074804 -0.028362027113345324 -0.12396385068730344 -0.033670817872919749 0.10024308266378039 0.020253785529083274 -0.010647264160420531 0.047418465085282101 -0.23214294053055523 -0.0090719881700833636 0.012749972133863474 -0.013814777010011575 -0.35655430187445647 -0.033243197346154003 -0.012610218518613893 0.2053284786882405 -0.025421940827571578 -0.10046646337193028 0.12029043157421669 0.068150249638024629 -0.20844596789190178 0.074440794165198609 0.13417115551422437 0.16086685543288221 0.068289879766224248 0.12241160229651732
leaf_weight=4.5598190822202112 1.4349174612088962 20.940629550104859 1.3842065237313357 1.0467303100158463 1.7773253736850154 0.45103790216353479 125.46577216234618 40.930091743325647 2.0680747655514997 4.9238969348512001 166.30122973711241 7.6213189057471009 0.62494441704575354 8.4094599317627381 10.707922452944784 0.55365410334888998 0.40241974166929173 1.2063754193868588 0.69026651861986488 1.6093728977316453 1.3949623787075323 0.77548130333889265 0.53067879429545428 0.94666904583573341 0.5376454502852539 0.27619324567967851
leaf_count=92 247 499 497 19 1119 307 61432 17416 471 2259 30197 3745 587 4889 3226 155 62 86 1421 718 116 540 483 10 340 226
internal_value=0.0014995 0.000788791 -0.0264383 -0.00689565 -0.0236225 -0.1081 0.00264776 0.00447006 0.000869297 -0.0750516 0.00268868 0.023151 -0.0397893 0.0336704 0.0034549 0.0693282 0.0647895 -0.0343268 0.102434 0.0280241 -0.166368 0.121571 0.170504 0.140675 0.0463758 0.120897
internal_weight=407.571 403.045 25.7597 20.7855 17.0451 4.97423 377.285 356.345 298.759 6.99197 291.767 57.5858 8.24626 49.3396 12.4852 3.74044 4.52595 2.19506 3.09103 2.6561 2.77917 2.68861 1.08433 1.91313 0.988683 0.96646
internal_count=131159 128653 7158 5812 4437 1346 121495 120996 94359 2730 91629 26637 4332 22305 4345 1375 2506 733 2259 737 613 2197 638 1657 647 1647
is_linear=0
shrinkage=0.12


Tree=123
num_leaves=25
num_cat=0
split_feature=58 7 66 30 58 65 50 61 46 11 56 46 28 61 83 8 58 56 0 70 33 61 28 87
split_gain=1.27942 2.49534 2.71124 2.14916 2.06724 2.24437 4.69332 4.47013 3.47582 2.89716 2.80731 2.51035 2.50506 1.97844 1.90735 3.29786 2.83551 1.68305 1.58978 1.09081 1.29763 0.600619 0.472018 0.128526
threshold=-1.1920058727264402 14.161862373352053 1.5000000000000002 0.44635416567325598 -0.72341012954711903 11.29739570617676 0.50737556815147411 -1.0000000180025095e-35 0.071391683071851744 2.7874500751495366 6.0531251430511483 0.60410666465759288 325.01184082031256 -1.4961149692535398 1.0000000180025095e-35 1.0000000180025095e-35 19999967.000000004 3.6447916030883794 19.940150260925297 1.0000000180025095e-35 0.83092856407165538 -1.4155377745628355 122.15229797363283 0.24995714426040652
decision_type=2 2 2 2 2 2 2 2 2 2 2 2 2 2 2 2 2 2 2 2 2 2 2 2
left_child=1 2 3 18 13 10 8 23 9 -7 12 -10 17 -2 15 -12 -16 -6 22 20 -5 -4 -1 -8
right_child=4 -3 21 19 5 6 7 -9 11 -11 14 -13 -14 -15 16 -17 -18 -19 -20 -21 -22 -23 -24 -25
leaf_value=-0.20632938785180044 -0.11227150464161512 -0.058286628191701037 0.13415819689435446 0.12203373094759774 -0.0017822560299310356 -0.093460185318778768 0.010234995296754071 -0.54427354682853279 0.085392583070523928 0.087963658762051131 -0.024619965917875217 -0.25497899265652813 -0.16896863167231729 -0.00023518622092767795 0.052832562024782849 -0.1633789103842172 -0.12091048820783122 0.023020801793646628 0.0074640221085988008 -0.012400694072913094 0.00028222333959755343 0.070032143523737017 -0.086859060056719867 -0.085975858223765786
leaf_weight=0.91954119440834359 4.5987535968324664 4.1299974251523954 3.3347088084046845 3.2592422136749502 285.39812231964538 3.6868858086477365 0.39833703375006735 0.36621511520024685 15.683734191762596 1.9315224690326429 5.9761950622487365 0.31835975645208314 1.2439392058495276 4.481558205205145 4.5667302800657117 4.1997457807592582 1.9218692289978205 45.704603118269006 2.0666070731676882 3.3608420851687697 2.0555900895378727 5.6955167311170953 0.98774762909579295 0.40144513659106451
leaf_count=263 292 69 421 549 85088 2081 374 363 24972 3782 1216 568 247 397 1250 115 296 6675 89 531 491 440 341 249
internal_value=0.00134576 0.0272016 0.0434871 0.0076321 -0.000406334 0.000975259 0.0374637 -0.197049 0.0501111 -0.0310895 -0.00140703 0.0786209 0.00100292 -0.0569763 -0.0494695 -0.0818876 0.00137132 0.0016415 -0.0654516 0.0411081 0.0749445 0.0937128 -0.144458 -0.0380574
internal_weight=406.688 25.8098 21.6798 12.6496 380.878 371.798 22.7865 1.166 21.6205 5.61841 349.011 16.0021 332.347 9.08031 16.6645 10.1759 6.4886 331.103 3.9739 8.67567 5.31483 9.03023 1.90729 0.799782
internal_count=131159 3194 3125 2264 127965 127276 32389 986 31403 5863 94887 25540 92010 689 2877 1331 1546 91763 693 1571 1040 861 604 623
is_linear=0
shrinkage=0.12


Tree=124
num_leaves=25
num_cat=0
split_feature=60 85 85 32 21 75 21 83 46 48 85 7 70 32 40 71 28 40 21 68 27 49 58 18
split_gain=1.24964 1.05966 1.27064 5.25267 2.92044 4.50388 3.41845 2.82733 2.28916 3.62384 1.96582 1.7956 1.63405 5.87948 4.93177 0.278989 0.344346 0.159154 0.0303303 0.0601856 0.000259944 0.00013597 2.31657e-08 1.39533e-09
threshold=13.081249713897707 1.3466571569442751 1.1029571294784548 0.20436896383762362 1.426808297634125 1.0000000180025095e-35 1.3042583465576174 1.0000000180025095e-35 0.17107080668210986 1.7010416984558108 1.0694857239723208 13.233663082122805 1.0000000180025095e-35 0.22144466638565066 0.25000113248825079 3.0149201154708867 5.3506467342376718 0.11479105800390245 0.25426666438579565 7.5000000000000009 67.209300994873061 0.062707930803298964 6.4238162040710458 0.28046874701976782
decision_type=2 2 2 2 2 2 2 2 2 2 2 2 2 2 2 2 2 2 2 2 2 2 2 2
left_child=1 2 3 8 6 17 7 -4 10 -10 -1 -7 14 -14 -5 18 -17 -6 -2 -20 21 -21 -18 -24
right_child=15 -3 4 12 5 11 -8 -9 9 -11 -12 -13 13 -15 -16 16 22 -19 19 20 -22 -23 23 -25
leaf_value=-0.071428826828753456 0.13769647727251871 -0.1218965131698638 -0.013765161556394713 0.00076773605347250353 0.10618914542157123 0.039921532556766198 -0.1166585517670414 0.070000907623981437 -0.11368012184625823 -0.46667288479725522 0.1233829640409972 -0.1226039285404352 0.11531584399260889 -0.023856892704720967 0.059335581752858579 -0.081665742329365895 0.12012918577128943 0.14452135306727426 0.043797226199654295 0.12437409211797613 0.11696561968063569 0.12029908800667316 0.12003644498063001 0.12005884916638981
leaf_weight=6.7962310350812896 0.69573519381810844 1.0118174117324077 16.433830257344205 257.64370445461645 2.3353376606742113 2.3691638729833358 3.1534279139523269 8.9690463359052028 2.4096775801281187 0.50688971164345265 0.83784734004439076 1.6680983978440052 4.6751582698561824 67.215813306596374 22.512736319640226 0.25389573400752841 0.07396388804045273 4.6964277218639836 0.18719453187986801 0.20523262002097908 0.20891388481049944 0.27711779467063025 0.077626781848721293 0.082649288206994243
leaf_count=4779 21 121 1321 84356 1597 1017 455 1901 1341 501 347 17 702 23270 5357 74 212 1558 324 16 413 705 473 281
internal_value=0.00122997 0.000753445 0.00106198 -0.00116765 0.0214645 0.0737903 0.00118197 0.0158103 -0.0845972 -0.175029 -0.050048 -0.02723 0.00133268 -0.0148063 0.00547412 0.0944023 0.0151422 0.131791 0.11898 0.104156 0.120501 0.122033 0.120074 0.120048
internal_weight=405.298 403.235 402.223 362.598 39.6253 11.069 28.5563 25.4029 10.5506 2.91657 7.63408 4.03726 352.047 71.891 280.156 2.06233 0.488136 7.03177 1.57419 0.878459 0.691264 0.48235 0.23424 0.160276
internal_count=131159 128640 128519 120653 7866 4189 3677 3222 6968 1842 5126 1034 113685 23972 89713 2519 1040 3155 1479 1458 1134 721 966 754
is_linear=0
shrinkage=0.12


Tree=125
num_leaves=34
num_cat=0
split_feature=74 18 21 54 4 74 46 32 54 12 35 74 54 54 52 0 49 60 9 18 52 60 0 15 49 38 74 49 52 15 53 32 71
split_gain=1.91624 2.63049 2.90162 2.69592 1.98043 6.918 6.53816 2.38872 2.83345 2.15189 2.37297 1.63282 1.54513 2.33792 2.30866 1.51985 1.62106 1.50789 2.26843 1.41628 1.43861 1.3787 1.16549 1.39257 1.06707 0.991778 0.772608 0.607246 0.519985 0.290095 0.271902 0.272652 0.150063
threshold=0.23532816767692569 0.31562499701976782 3.7111083269119267 0.049785938113927848 0.25135000050067907 0.073022320866584792 0.14719750732183459 0.7591100037097932 0.74959996342659008 0.37340000271797186 6.3710865974426278 0.087831661105155959 0.18192467838525775 0.16307238489389422 1.8010416626930239 20.089900016784672 -0.015612306073307989 4.9963541030883798 1.5000000000000002 0.32812500000000006 1.8510416746139529 0.91354167461395275 20.861650466918949 1.1508479714393618 0.67558199167251598 1.0000000180025095e-35 12.857303142547609 0.61321449279785167 2.3088542222976689 1.1508479714393618 -0.078178688883781419 0.77454566955566417 -7.8077557086944571
decision_type=2 2 2 2 2 2 2 2 2 2 2 2 2 2 2 2 2 2 2 2 2 2 2 2 2 2 2 2 2 2 2 2 2
left_child=4 2 3 26 5 17 -7 8 9 -6 -11 22 13 -5 -14 16 -3 18 29 -18 -21 25 23 -9 -20 27 28 -4 -2 -1 -23 -32 -27
right_child=1 15 21 12 7 6 -8 11 -10 10 -12 -13 14 -15 -16 -17 19 -19 24 20 -22 30 -24 -25 -26 32 -28 -29 -30 -31 31 -33 -34
leaf_value=0.19776340302231368 0.14286182574649303 -0.066975317992061911 0.0287334599450496 0.0071058135966108804 -0.048028653368867677 -0.015302018537610327 -0.38154318032248646 -0.20606717600012592 -0.18778422771255554 -0.021766411529647416 0.0061878097787250773 -0.056063910332103832 -0.033283719253743849 -0.075163523571806223 0.05025476992020006 -0.059807063634648522 -0.10308965648564512 -0.10193193290712958 0.023299162527174243 0.13437764892137252 0.01791610918180701 0.037361990792996104 0.16091281354199594 0.082176250044873472 -0.15365675650011495 0.047657020049530513 -0.042225118106369836 -0.08773901567667361 0.044354536277297636 0.10439323498819349 0.13783254606825299 0.065769282949369401 0.12990555802570861
leaf_weight=0.69255462149157976 3.2743901629837628 3.5619811233445953 1.8920556648963596 47.352402125311301 14.274189637388188 1.2937065007208732 1.5344398217712294 0.29040727391838927 1.1966143574809383 56.483897220984545 193.63145172993836 1.061246580115039 6.0098621600204778 5.5579580324802 22.975056008831871 9.2011676769252499 1.084508050809746 1.2190581679060413 1.386400893034079 1.9203663826028767 7.4631232401461602 0.54092499827129348 2.5919554795254953 1.4290080953905997 0.75954664310847864 0.4419650351801464 0.47130704545452307 0.97765298905596854 1.0095562861456526 1.5551379631888265 4.7689042654933473 0.89847656951269517 1.1521641576300679
leaf_count=7 1874 293 991 20677 297 400 330 2 436 8135 67721 504 2973 2136 8925 342 245 459 865 1072 2958 152 72 2003 75 213 342 127 997 1077 2923 920 813
internal_value=0.00173016 0.0143753 0.0230357 0.015764 -0.0037259 -0.0609669 -0.21401 -0.00194275 -0.00354526 -0.00271141 -0.000125131 0.0772749 0.0106636 -0.00153615 0.0329335 -0.0219058 0.00295069 0.016149 0.0489117 0.0267446 0.0417504 0.0820767 0.110096 0.0334923 -0.0393334 0.0312113 0.103604 -0.0109464 0.119648 0.133162 0.11865 0.126408 0.107103
internal_weight=399.953 120.554 97.3227 86.6505 279.4 8.44084 2.82815 270.959 265.586 264.39 250.115 5.37262 81.8953 52.9104 28.9849 23.2311 14.03 5.6127 4.39364 10.468 9.38349 10.6721 4.31137 1.71942 2.14595 4.46384 4.75525 2.86971 4.28395 2.24769 6.20831 5.66738 1.59413
internal_count=131356 48973 44063 37924 82383 3213 730 79170 76589 76153 75856 2581 34711 22813 11898 4910 4568 2483 2024 4275 4030 6139 2077 2005 940 2144 3213 1118 2871 1084 3995 3843 1026
is_linear=0
shrinkage=0.12


Tree=126
num_leaves=41
num_cat=0
split_feature=86 15 8 52 52 50 32 70 27 40 52 44 40 46 85 27 32 40 22 15 68 40 33 17 33 18 6 68 71 7 18 74 16 7 40 49 68 64 50 68
split_gain=1.80955 1.99957 3.1203 2.33343 2.08525 2.02546 1.84146 3.37868 4.83235 3.61026 4.04548 3.2242 6.26971 3.37445 3.07509 4.68727 4.75426 3.29157 2.96008 2.77303 3.13659 2.73398 2.57383 2.57233 2.32504 1.89328 1.80047 1.63336 1.29468 1.23522 1.07841 1.00924 0.932681 1.23671 0.888728 0.565159 0.261322 0.0506686 0.0516623 0.0288691
threshold=1.0000000180025095e-35 1.6102454662323 1.0000000180025095e-35 1.9135416746139529 2.3864583969116215 0.15570925176143649 0.21166560798883441 1.0000000180025095e-35 104.60471725463869 0.18729560077190402 1.9885416626930239 0.39531250298023229 0.14674064517021182 0.14500847458839419 1.0694857239723208 66.492126464843764 0.20990552008152011 0.039441723376512534 2.9240584373474126 2.7554504871368413 1.5000000000000002 0.05879234895110131 0.87624287605285656 1.5000000000000002 0.73674285411834728 0.24635417014360431 6.095600128173829 4.5000000000000009 19999945.000000004 12.79152822494507 0.21770833432674411 0.13559930026531222 1.0000000180025095e-35 4.4370620250701913 0.064809087663888945 -0.0041792627889662972 19.500000000000004 23.500000000000004 0.087115798145532622 15.500000000000002
decision_type=2 2 2 2 2 2 2 2 2 2 2 2 2 2 2 2 2 2 2 2 2 2 2 2 2 2 2 2 2 2 2 2 2 2 2 2 2 2 2 2
left_child=6 -2 3 32 5 -5 14 9 19 11 30 12 -8 -13 15 16 18 -17 -1 24 -21 -19 -12 25 -9 -16 31 -28 -6 35 -11 -25 -3 -34 -27 -10 37 38 -4 -39
right_child=1 2 36 4 28 -7 7 8 29 10 22 13 -14 -15 23 17 -18 21 -20 20 -22 -23 -24 26 -26 34 27 -29 -30 -31 -32 -33 33 -35 -36 -37 -38 39 -40 -41
leaf_value=0.049890003185182857 -0.015787950320502314 -0.0089767580277604914 0.071748194253315273 0.022285221160144478 0.10863977833286995 -0.070324085746558698 -0.0062194377946235982 -0.10235460678740108 0.25438925304061416 0.015374071773613607 0.061823494168581981 0.00053766742297409469 -0.1552125091879093 0.043633328802977746 -0.15346140380904283 -0.18354429780194881 0.10389921910340705 0.082400758823406958 -0.049205585304979829 -0.072202510158475022 0.033432507229438954 -0.073192765617523831 -0.026860713126019484 0.19475389762690426 -0.03065905441309583 -0.063757764701595471 -0.045711456488181028 0.077445744544864012 -0.027994992994401221 0.0086459956398075282 0.12093027628792498 0.072770424277605342 -0.057709378623162749 0.12567355582542164 0.037535228873317179 0.11553636379790357 0.061498228278547673 0.12312666656841242 0.12296923009432316 0.14331284567103236
leaf_weight=5.7047726039491016 12.674064211962103 1.2868462619044354 0.46136770372595381 6.7156019406174909 3.3315450220215999 6.8897070415296184 93.567029101703156 11.744564348940914 0.51465842028119402 1.6354248732423027 8.7439588757524707 67.532283357217239 4.2518493834159008 42.710981633176289 1.4634999609561425 3.5482268597206739 4.9333423692150964 1.8228191260859627 18.15310130261787 6.0667728082771673 12.161923426198653 15.076716473744453 10.220982150477537 1.7267074963383495 14.623357964992463 1.9666623195553254 2.7980153652515583 3.4785045545359026 1.426095531634928 1.5921207874926038 9.4304513675579056 2.2485220900332479 0.59702972796094389 4.6858767111343695 3.4100241541727883 2.3472731387341801 1.1242033918733794 2.5591424880385603 0.73574570422942998 1.6965263204874643
leaf_count=439 189 284 246 3146 2401 2037 33630 239 64 570 4126 26364 573 21135 409 369 211 522 1912 90 13845 4323 2058 353 426 201 180 667 700 46 2072 696 712 1881 821 1585 373 885 515 61
internal_value=0.0015676 0.0244636 0.0406539 0.0212591 -0.000699174 -0.024612 -0.00129437 0.0028685 -0.02581 0.00877669 0.0476713 0.00316279 -0.0126957 0.017234 -0.0193152 -0.034538 -0.00333617 -0.0784713 -0.0255104 -0.0377132 -0.00172435 -0.0564101 0.0140279 0.024539 -0.062593 -0.032453 0.0625652 0.0225434 0.0676837 0.0933721 0.10533 0.125756 0.082634 0.104949 0.000484693 0.140506 0.114178 0.125039 0.103229 0.131174
internal_weight=397.658 44.1838 31.5097 24.9327 18.3629 13.6053 353.475 287.144 49.0507 238.093 30.0308 208.062 97.8189 110.243 66.3309 49.239 28.7912 20.4478 23.8579 44.5966 18.2287 16.8995 18.9649 17.0919 26.3679 6.84019 10.2517 6.27652 4.75764 4.45405 11.0659 3.97523 6.56975 5.28291 5.37669 2.86193 6.57699 5.45278 1.19711 4.25567
internal_count=131356 13430 13241 11161 8284 5183 117926 106823 16295 90528 8826 81702 34203 47499 11103 7776 2562 5214 2351 14600 13935 4845 6184 3327 665 1431 1896 847 3101 1695 2642 1049 2877 2593 1022 1649 2080 1707 761 946
is_linear=0
shrinkage=0.12


Tree=127
num_leaves=33
num_cat=0
split_feature=0 78 14 70 14 0 16 0 69 28 5 69 28 1 29 28 85 27 14 80 65 52 6 69 65 7 7 36 11 28 44 49
split_gain=1.572 3.00096 11.3335 11.7383 16.562 2.94568 2.91892 4.01301 2.78572 2.68289 2.42606 3.02765 3.28722 3.43943 2.93719 2.32128 4.6274 3.6076 2.8245 3.96969 3.53417 2.10864 1.99179 1.37975 1.15125 0.357773 0.788618 0.272485 0.0802376 0.0232366 0.00458852 6.83665e-06
threshold=8.2397503852844256 1.0000000180025095e-35 0.1380179971456528 1.0000000180025095e-35 0.78415200114250194 7.9795501232147226 1.0000000180025095e-35 9.4915499687194842 6.5000000000000009 49.932315826416023 5.0755000114440927 20.500000000000004 7.8279674053192148 189.18000030517581 1.5000000000000002 6.3710865974426278 1.044585704803467 68.951004028320327 -0.82713100314140309 1.0000000180025095e-35 3.1963542699813847 1.8635416626930239 0.99900001287460338 7.5000000000000009 7.0822918415069589 7.1264028549194345 7.7975199222564706 1.0000000180025095e-35 1.5903500318527224 4.5244843959808358 1.0000000180025095e-35 0.07791996002197267
decision_type=2 2 2 2 2 2 2 2 2 2 2 2 2 2 2 2 2 2 2 2 2 2 2 2 2 2 2 2 2 2 2 2
left_child=5 6 -3 8 -5 10 7 -2 -4 -6 11 -1 13 -13 -14 16 17 -8 19 -17 -20 -18 -9 -12 -10 -25 -27 -24 -7 -30 -31 -32
right_child=1 2 3 4 9 28 15 22 24 -11 23 12 14 -15 -16 18 21 -19 20 -21 -22 -23 27 25 -26 26 -28 -29 29 30 31 -33
leaf_value=-0.24654028160029864 -0.13721001895187465 -0.16183964210273188 0.17265309625405434 -0.24734971258661786 0.15450762174511443 0.15635414164151479 -0.0084630585042805608 -0.096992784273128407 0.070203675561816448 -0.04465457105656187 -0.0047629935736031356 0.0091909769131786889 -0.019122191363593857 -0.10359147530418415 0.11827224786919042 0.01060366829003585 0.091558767020857537 -0.083284945397559401 0.053807520406223823 -0.050781911788441596 0.0093677026296147253 0.0054552065773789439 0.11520696189358817 0.20688100271968415 -0.0705115929580028 -0.045253004940255699 0.11750218212447251 0.043007937445396847 0.087202848875066089 0.13609267604256314 0.12105475787955938 0.12027195656050205
leaf_weight=0.70602775015686603 5.0334324165523849 7.7626950124540626 4.3227861715422478 4.6040876707993448 2.6760486902931007 1.3639383054978673 19.700670220823667 1.5346318353031163 4.5413650631398923 1.5313285416305005 2.0998125312471521 13.29272528588695 3.7361323206371235 5.5067916838343072 5.5971866884242445 40.379475564521272 5.0568300449947428 17.542369919083285 30.767251005171602 24.298755575102405 158.64101057503694 21.547252308293537 1.16430260767811 0.50424770648351103 1.0264828764611591 0.4792337681774369 4.0660711635009648 2.1294444854647736 0.29629259500507021 0.3443022517076314 0.19063813003231178 1.0215985969025494
leaf_count=587 187 105 145 25 335 85 1963 435 1993 578 160 2797 6992 610 13481 508 1059 3679 12820 498 71649 3639 482 82 577 273 2640 492 175 46 220 2039
internal_value=0.00144389 -0.00107938 -0.0399496 0.0106434 -0.0900793 0.0242444 0.00205883 -0.0622367 0.100376 0.08202 0.0144104 -0.00110264 0.00505691 -0.0238455 0.0632732 0.00405318 -0.0164017 -0.043706 0.00919311 -0.0124581 0.0165865 0.0218215 0.0159206 0.0769863 0.0442615 0.110981 0.100342 0.0685295 0.134265 0.118004 0.123867 0.120395
internal_weight=393.465 354.26 26.4648 18.7021 8.81146 39.205 327.795 9.86181 9.89063 4.20738 35.9882 28.8389 28.1328 18.7995 9.33332 317.934 63.8471 37.243 254.086 64.6782 189.408 26.6041 4.82838 7.14937 5.56785 5.04955 4.5453 3.29375 3.21677 1.85283 1.55654 1.21224
internal_count=131356 101169 3758 3653 938 30187 97411 1596 2715 913 27622 24467 23880 3407 20473 95815 10340 5642 85475 1006 84469 4698 1409 3155 2570 2995 2913 974 2565 2480 2305 2259
is_linear=0
shrinkage=0.12


Tree=128
num_leaves=30
num_cat=0
split_feature=74 56 23 49 43 60 54 77 5 4 74 33 54 31 22 7 40 82 23 23 68 74 53 33 32 0 54 87 23
split_gain=1.53973 2.67018 3.31378 2.96093 2.1403 1.82787 2.07153 1.87159 1.8148 2.50215 4.45637 2.30107 2.42955 1.91038 1.71727 1.57618 1.40413 1.38503 2.60174 1.80068 1.36585 1.35411 1.52265 1.01315 0.851745 0.652022 0.449393 0.37897 0.0343328
threshold=0.23532816767692569 0.48229165375232702 1.5313089489936831 0.41142715513706213 5.7727394104003915 0.99531248211860668 0.049785938113927848 1.0000000180025095e-35 9.6265997886657733 0.25135000050067907 0.11481422558426858 0.34227499365806585 0.74959996342659008 97.023178100585952 0.37656250596046453 13.618768215179445 0.12038539350032808 0.62500000000000011 2.3207935094833378 9.3324875831604022 19.500000000000004 0.044952655211091049 0.52882134914398204 0.25732499361038214 0.2179861590266228 12.678249835968019 0.27111534774303442 0.24995714426040652 1.5313089489936831
decision_type=2 2 2 2 2 2 2 2 2 2 2 2 2 2 2 2 2 2 2 2 2 2 2 2 2 2 2 2 2
left_child=8 2 -2 4 5 7 -7 -3 9 10 14 21 13 -13 -1 16 28 19 -19 26 -16 27 -23 -18 -20 -21 -4 -11 -5
right_child=1 3 17 15 -6 6 -8 -9 -10 11 -12 12 -14 -15 20 -17 23 18 24 25 -22 22 -24 -25 -26 -27 -28 -29 -30
leaf_value=-0.17475636005409181 -0.073246621567223516 0.040457325138148321 0.12091729549279494 0.14010178195160122 -0.11678078928422378 0.10772748833029877 0.00043096016632235198 0.22538886775355685 -0.045703209578444842 0.16533091560054772 -0.23626830204771432 0.0031690582545446577 -0.17804143368172548 -0.03574887827339094 0.049642342796673275 0.01310874444146784 -0.088555094025598149 -0.066985900133669771 0.0099864179280928084 0.042682480092681246 -0.079950590045768641 -0.10418903756852674 0.11840452634785868 0.089156113498079254 0.11152772484842374 -0.10663792565312752 0.035468634085824145 0.056541503432172506 0.1229676932513309
leaf_weight=0.88022567518055339 10.40805474867375 19.403856299374642 3.2816346764454947 3.0672498512067232 1.758935236248816 2.7265989036104648 52.133584640438585 0.82140385886759659 14.007556901153292 2.0534515339204513 1.7585051790156283 224.07052326696544 1.1085259955011668 19.764908569717591 3.5040523174611735 3.859283815501839 0.80199101287871588 5.9104543963185261 2.9446995707403403 0.71060439550092258 1.7590264145419494 0.899318885294633 0.8712296881221846 1.0895790985623532 1.9957967976079087 1.0336199033117734 1.2142301175335886 0.59461878643742228 3.7342938339029388
leaf_count=8 212 7450 1554 77 349 1896 19521 381 297 950 463 70909 442 5412 1873 146 36 169 625 1302 860 252 423 1594 5223 174 287 494 7977
internal_value=0.00132119 0.0128344 -0.019866 0.0228933 0.0140668 0.017132 0.00576369 0.0479679 -0.00364006 -0.0013498 -0.0678313 0.000756865 -0.000791382 1.44328e-05 -0.0196166 0.0769285 0.105261 0.0126416 -0.0132637 0.0576884 0.00632979 0.0865832 0.00534206 0.0138098 0.0510057 -0.0458042 0.0978396 0.140902 0.130695
internal_weight=388.168 116.896 27.4991 89.3968 76.8444 75.0854 54.8602 20.2253 271.272 257.264 7.90181 249.363 244.944 243.835 6.1433 12.5524 8.69311 17.091 10.851 6.24009 5.26308 4.41862 1.77055 1.89157 4.9405 1.74422 4.49586 2.64807 6.80154
internal_count=131356 48973 9546 39427 29597 29248 21417 7831 82383 82086 3204 78882 76763 76321 2741 9830 9684 9334 6017 3317 2733 2119 675 1630 5848 1476 1841 1444 8054
is_linear=0
shrinkage=0.12


Tree=129
num_leaves=32
num_cat=0
split_feature=27 85 28 4 80 0 11 48 46 28 18 1 70 82 6 15 40 71 49 82 27 5 71 49 23 1 12 85 64 27 21
split_gain=1.28751 1.3969 5.34593 2.62287 3.42245 3.2601 2.59695 3.39253 2.39206 3.38221 3.57923 1.88676 1.78718 4.2288 4.52337 3.78712 3.08659 2.14871 1.82878 1.6343 1.45016 1.29549 0.790424 0.671632 0.409245 0.523827 0.131551 0.162021 0.0539566 0.00575165 0.00545646
threshold=11.372304916381838 0.87901431322097789 2.6983066797256474 2.7803000211715703 0.37500000000000006 18.798600196838382 0.34534999728202825 1.3885416984558108 0.13749277591705325 6.3710865974426278 0.25546874105930334 255.49499511718753 1.0000000180025095e-35 0.62500000000000011 10.037549972534181 1.1508479714393618 0.42199751734733587 -9.6218953132629377 0.20578089356422427 0.62500000000000011 80.374534606933608 9.4421997070312518 -8.8276209831237775 0.11520901694893838 1.1161716580390932 108.06000137329103 0.37340000271797186 0.90029999613761913 45.500000000000007 32.067851066589363 0.97772499918937694
decision_type=2 2 2 2 2 2 2 2 2 2 2 2 2 2 2 2 2 2 2 2 2 2 2 2 2 2 2 2 2 2 2
left_child=22 2 23 8 6 30 -5 -8 11 10 -10 19 16 15 -15 -14 17 -4 -18 -3 -13 -11 -1 28 -24 -26 -27 -28 29 -2 -6
right_child=1 3 12 4 5 -7 7 -9 9 21 -12 20 13 14 -16 -17 18 -19 -20 -21 -22 -23 24 -25 25 26 27 -29 -30 -31 -32
leaf_value=-0.0677320458415097 -0.12844173283335866 0.12586542639371795 0.0745794108010462 -0.086634146378990667 0.12521383187030785 -0.03047771227612945 -0.043742293763462441 0.050052991650314238 -0.26056455460249478 0.067614294075581824 -0.016492741345767923 -0.12235827307174212 -0.11054675150180976 0.0059666535448948173 -0.10947499244210358 0.039519610355342086 0.024399064513841346 -0.00086941645418536534 0.1454117469341932 0.049252513541027922 0.06918080636550604 -0.071882588176170284 -0.0035364629817340038 -0.016305324221360596 -0.027479085215232135 0.047321448345421582 0.131047298624557 0.049581020891982623 -0.077118332595962888 -0.12056409285797783 0.11493035027556014
leaf_weight=0.60574747639884652 2.1078225054952773 7.2662855291218973 5.5547555975035712 7.2245285289536723 4.1522330499301443 3.2629743366851471 13.121957527199813 9.6268432899487362 1.2043427786966256 6.674919139614758 3.0724546618730528 1.2180090013771399 2.8589814935112399 8.231436794215826 12.031933392278004 15.829680254215416 3.8991728037981366 253.04236554964427 3.3375911816410735 8.9456835763903637 1.0685555740074049 1.1194423901106345 0.73710409179329772 1.0414194400254926 0.44882351132264409 0.41392306284979019 2.5053813991964948 0.40892065464299765 0.38621744117335755 3.6384177231648209 0.90493878608867806
leaf_count=84 144 2924 1560 115 925 145 1683 1931 447 3341 788 461 52 7751 326 7414 482 86346 1071 3205 400 34 12 400 37 6 2237 444 243 5574 774
internal_value=0.00120516 0.00040151 -0.00301314 0.0158703 -0.00505436 0.0630366 -0.0239554 -0.00404998 0.0420819 0.000527645 -0.0852232 0.069198 -0.000603104 -0.0246085 -0.06258 0.0165625 0.00291435 0.00075125 0.08021 0.0835908 -0.0328484 0.0475795 0.0609811 -0.105405 0.0782529 0.0942144 0.110625 0.119616 -0.120536 -0.123454 0.123374
internal_weight=385.943 380.823 311.96 68.8632 38.2935 8.32015 29.9733 22.7488 30.5697 12.0712 4.2768 18.4985 304.786 38.952 20.2634 18.6887 265.834 258.597 7.23676 16.212 2.28656 7.79436 5.1199 7.17388 4.51415 3.77705 3.32823 2.9143 6.13246 5.74624 5.05717
internal_count=131356 128536 111363 17173 5573 1844 3729 3614 11600 4610 1235 6990 105002 15543 8077 7466 89459 87906 1553 6129 861 3375 2820 6361 2736 2724 2687 2681 5961 5718 1699
is_linear=0
shrinkage=0.12


Tree=130
num_leaves=30
num_cat=0
split_feature=19 50 9 50 73 27 58 5 5 49 85 28 49 80 6 21 23 62 23 58 82 33 4 14 40 50 82 49 74
split_gain=1.91345 2.55338 4.62396 3.71785 2.44797 3.598 2.3161 2.18213 1.95916 1.79002 1.67013 2.18646 2.74479 2.17791 5.16242 2.79741 1.55522 7.00566 2.33988 1.44727 1.57437 1.19716 1.16521 2.13059 1.23932 1.08404 0.876294 0.8362 0.835775
threshold=25.024193763732914 0.21518369764089587 2.5000000000000004 0.18624116480350497 1.0000000180025095e-35 62.803812026977546 -9.2861781120300275 9.6265997886657733 9.6265997886657733 0.3108039945363999 1.0371143221855166 5.3506467342376718 0.062707930803298964 0.37500000000000006 11.315050125122072 0.64490830898284923 12.897577762603762 19999991.000000004 12.13623094558716 5.4276645183563241 0.37500000000000006 1.1098999977111819 2.589749932289124 -0.34645000100135798 0.073225591331720366 0.24918548017740252 0.37500000000000006 0.3216687291860581 0.21432931721210483
decision_type=2 2 2 2 2 2 2 2 2 2 2 2 2 2 2 2 2 2 2 2 2 2 2 2 2 2 2 2 2
left_child=1 3 8 10 6 25 9 16 22 -2 13 26 -13 15 -15 -1 18 -18 -8 21 -21 28 23 -3 -24 27 -12 -6 -5
right_child=4 2 -4 19 5 -7 7 -9 -10 -11 11 12 -14 14 -16 -17 17 -19 -20 20 -22 -23 24 -25 -26 -27 -28 -29 -30
leaf_value=-0.054669612319087936 -0.19237387906699904 -0.035436775032470051 -0.30424629035715028 0.17963233194982578 0.10345932228972808 -0.2483036148815955 0.0024890901852423881 -0.058471731146205276 -0.13111836719357395 -0.016114255783959832 0.06074283589598501 -0.21544025199211886 0.057690698105111515 0.025498048304782233 -0.080222159689486816 0.041468376988167813 -0.023615630047814938 -0.56953935245610632 0.093985962235691251 -0.085100226591345113 0.12283358586689275 0.0070000904242715654 0.019471337312947524 0.063267741429077845 -0.083506361985540151 -0.10975935289461079 -0.038181491323834207 -0.039860946833072466 0.04116302377925949
leaf_weight=4.7318648089867557 1.6063453719016245 5.5617230357311263 0.80856631497226672 3.9971093906651722 1.0768744525339569 1.4165429110871626 217.67224096292421 8.9947499068066445 1.819046044780406 1.7160323355547005 2.3389714243903645 1.708462189186321 0.76798502358883514 23.328649059472809 9.3037789099616912 55.224211213253284 13.417611656622736 0.34725182064721671 4.1006212836618934 1.0672536419497194 1.0307726527271368 0.90108688410055027 2.8832903140450972 7.2595877720718844 4.0423204349740445 1.3371559537554274 2.8737011252471802 1.2865972283434528 0.74462216686833915
leaf_count=540 376 83 488 1372 419 490 56023 310 33 245 740 391 808 10159 152 25676 12007 752 5875 332 399 445 1130 9162 1025 159 910 337 784
internal_value=0.00257469 0.0143831 -0.0225132 0.0220257 -0.0035119 -0.0856666 -0.00181575 -0.000463623 -0.0119503 -0.101334 0.0158402 -0.0378993 -0.130738 0.0203031 -0.00464367 0.033881 0.0017516 -0.0373879 0.00418088 0.102154 0.0170589 0.133793 -0.000972798 0.020451 -0.0406344 -0.0234116 0.00620671 0.0254404 0.157888
internal_weight=383.365 130.393 22.3745 108.018 252.972 5.11717 247.855 244.532 21.566 3.32238 100.278 7.68912 2.47645 92.5885 32.6324 59.9561 235.538 13.7649 221.773 7.74084 2.09803 5.64282 19.7469 12.8213 6.92561 3.70063 5.21267 2.36347 4.74173
internal_count=131622 54629 11921 42708 76993 1405 75588 74967 11433 621 39376 2849 1199 36527 10311 26216 74657 12759 61898 3332 731 2601 11400 9245 2155 915 1650 756 2156
is_linear=0
shrinkage=0.12


Tree=131
num_leaves=33
num_cat=0
split_feature=18 65 81 18 40 50 64 50 50 9 28 13 58 54 49 5 5 16 65 62 33 58 82 33 21 58 82 1 74 40 28 12
split_gain=1.50205 2.66254 3.54695 2.12072 3.33087 3.89801 2.59264 1.9926 3.07543 2.7528 1.92847 2.3643 1.8077 1.63783 2.78855 1.75105 1.62406 1.62118 1.9136 2.14448 1.9403 1.22256 1.25768 1.0486 0.960937 1.39551 0.947255 0.91209 0.763357 0.457465 0.558676 0.253846
threshold=0.25442707538604742 0.61770832538604747 10.000000000000002 0.25703124701976782 0.14155865460634234 0.05315635725855828 37.500000000000007 0.21518369764089587 0.18624116480350497 2.5000000000000004 4.5244843959808358 -2.8484499454498287 -9.7324090003967267 0.17386636883020404 0.38836908340454107 9.6265997886657733 9.6265997886657733 1.0000000180025095e-35 0.80937498807907116 1.1409637331962588 1.0887285470962527 5.4276645183563241 0.37500000000000006 1.1098999977111819 0.95232498645782482 1.9839940667152407 1.0000000180025095e-35 163.69499969482425 0.21432931721210483 0.53500452637672435 4.5244843959808358 0.55910000205039989
decision_type=2 2 2 2 2 2 2 2 2 2 2 2 2 2 2 2 2 2 2 2 2 2 2 2 2 2 2 2 2 2 2 2
left_child=7 2 10 4 5 -3 -6 8 17 16 -2 -12 -5 14 -14 -15 24 29 20 -20 -19 23 -23 28 26 -26 -9 -13 -10 30 -1 -7
right_child=1 3 -4 12 6 31 -8 9 21 -11 11 27 13 15 -16 -17 -18 18 19 -21 -22 22 -24 -25 25 -27 -28 -29 -30 -31 -32 -33
leaf_value=-0.015812314830205645 -0.0078489052703809379 -0.13429370727519871 -0.04273236207351757 -0.11377753577905529 -0.31953499815846104 0.012755377591325704 -0.066466747486123551 -0.093508068190029187 0.17016298264072055 -0.21558514334998524 -0.0092373000362873815 0.19172118346547776 -0.001520685153430106 0.015821216753035477 -0.039217153230195069 -0.077415368014788516 -0.12253821027826123 0.027247420872616574 0.038613584637148902 -0.0014948950414141206 -0.052982804044334829 -0.075063694844832093 0.11279477698995695 0.0061640013981177078 -0.014617531082111944 0.061340849917479442 0.019333215067048243 0.098581357145356166 0.036579124968894233 -0.0054174299832990304 0.1302880629021787 0.11175451075264223
leaf_weight=0.43797792921031931 3.9191952647524948 2.0196477372192012 5.9478729232723699 2.1734504017404097 1.1309907858521913 0.46329202293418381 1.2030194311819284 2.7419578481858577 3.7302426659725816 0.98928024640190315 2.7580444838968132 1.8814677538612103 116.4131494320909 65.172571082175182 37.315928880342653 3.0357099387565532 1.7193037203978736 6.8736805060261785 40.126130781846996 36.80176942819844 11.778891751200716 1.0649461024895575 0.99048072428763578 0.90055062621468085 9.2860901411729611 5.5732968437910122 1.758147341563699 7.7521409087075881 0.73784813655129244 0.58800469258858346 2.7023778866087014 1.9129933888852972
leaf_count=126 429 465 252 405 415 20 365 189 1372 488 36 213 34830 21602 14365 102 33 902 17485 17918 854 332 399 445 5416 5206 589 1340 784 55 2036 2154
internal_value=0.00232635 -0.00304227 0.0365937 -0.00686415 -0.0732373 -0.0117224 -0.189096 0.0128759 0.0196627 -0.0199486 0.0655205 0.0887256 -0.004871 -0.00380447 -0.0106711 0.0116716 -0.0107669 0.0140933 0.0110651 0.019426 -0.0234171 0.094163 0.0154626 0.124294 -0.000840595 0.0138721 -0.0494221 0.116772 0.148103 0.0917231 0.109912 0.0924532
internal_weight=381.9 253.099 22.2587 230.841 6.72994 4.39593 2.33401 128.801 106.733 22.0681 16.3108 12.3917 224.111 221.937 153.729 68.2083 21.0788 99.3088 95.5805 76.9279 18.6526 7.42407 2.05543 5.36864 19.3595 14.8594 4.50011 9.63361 4.46809 3.72836 3.14036 2.37629
internal_count=131622 76993 2270 74723 3419 2639 780 54629 42708 11921 2018 1589 71304 70899 49195 21704 11433 39376 37159 35403 1756 3332 731 2601 11400 10622 778 1553 2156 2217 2162 2174
is_linear=0
shrinkage=0.12


Tree=132
num_leaves=23
num_cat=0
split_feature=4 75 23 0 46 54 46 74 0 0 65 78 0 52 46 23 0 0 15 5 60 50
split_gain=1.31103 2.27004 6.8459 4.7197 12.8411 3.37698 5.08575 3.09441 2.3632 3.65559 7.33476 3.59791 3.16755 3.08351 2.9775 2.57653 3.37994 1.97479 1.92201 1.79305 1.44177 0.127669
threshold=4.1643500328063974 1.0000000180025095e-35 1.1161716580390932 2.4531500339508061 0.061834029853343971 0.30651798844337469 0.16868239641189578 2.1053463220596318 19.13024997711182 18.348899841308597 10.163021087646486 1.0000000180025095e-35 17.293149948120121 1.713541626930237 0.11436993628740312 0.86253532767295849 21.066800117492679 6.3612999916076669 2.5753289461135869 7.6150500774383554 2.9515625238418584 0.10304271057248117
decision_type=2 2 2 2 2 2 2 2 2 2 2 2 2 2 2 2 2 2 2 2 2 2
left_child=1 8 -3 4 -4 7 -7 -5 9 12 14 15 17 -12 -11 20 -17 -1 -14 -13 -10 -6
right_child=-2 2 3 5 21 6 -8 -9 11 10 13 19 18 -15 -16 16 -18 -19 -20 -21 -22 -23
leaf_value=0.038636685333734863 -0.032143031906224064 -0.1038642816285463 -0.82041585714662324 0.016854098582468252 0.0014581720210601391 -0.00073570266968174688 -0.19371139423130934 -0.063588969082106692 -0.011560421928681086 -0.064699238396886294 -0.40367344956365997 -0.0069854394263280011 0.0035664619002496716 -0.13754413136643914 0.072751231246845863 0.070520811425464083 0.013459389230556364 -0.0070944856601105558 0.09509737879157143 -0.14753787534374335 0.028655634407410053 0.11136104580014852
leaf_weight=15.61290152922197 15.450746178747066 10.421053326743275 0.37112961592538229 73.433336394695289 0.25216116813680856 5.4792918087805429 3.0675744174168358 7.5984625787878022 27.745156757577206 6.2948239197976346 1.0205885825653234 2.6965392758611406 5.4216533863882423 1.625400038779844 3.5489440342944363 31.698240800633357 28.28808129065601 105.33512454961487 8.4561037322860084 2.5363975719956215 23.890278688704711 0.38397058761802327
leaf_count=13281 483 383 180 25291 353 1794 1036 1957 383 870 266 580 254 563 997 5056 2133 70934 4011 43 295 479
internal_value=0.0020954 0.00354404 -0.0117567 -0.00116061 -0.259469 0.00174393 -0.069997 0.00931084 0.00939437 -0.000714163 -0.0628218 0.0221379 0.00503926 -0.240193 -0.0151446 0.026697 0.043612 -0.00119115 0.0593388 -0.075111 0.00704643 0.0677958
internal_weight=380.628 365.177 101.007 90.5859 1.00726 89.5787 8.54687 81.0318 264.17 147.316 12.4898 116.855 134.826 2.64599 9.84377 111.622 59.9863 120.948 13.8778 5.23294 51.6354 0.636132
internal_count=131622 131139 31473 31090 1012 30078 2830 27248 99666 91176 2696 8490 88480 829 1867 7867 7189 84215 4265 623 678 832
is_linear=0
shrinkage=0.12


Tree=133
num_leaves=34
num_cat=0
split_feature=18 65 82 0 46 65 82 5 60 45 85 46 48 50 69 50 50 9 0 22 13 82 5 35 58 60 85 33 0 4 44 0 46
split_gain=1.24348 2.20242 2.82687 1.90792 1.90434 2.58063 2.51495 3.14625 2.94848 2.3668 2.90647 2.02504 4.18472 1.77971 1.64331 1.62047 2.49462 1.73726 1.63782 1.96502 4.01556 2.13521 1.3562 1.12843 1.03564 1.04568 1.02317 0.865447 0.864345 0.953518 0.478058 0.407339 0.295789
threshold=0.25442707538604742 0.61770832538604747 10.000000000000002 15.823550224304201 0.113254401832819 0.94791665673255932 4.8750000000000009 9.6265997886657733 6.2822916507720956 0.44330990314483648 0.99064284563064586 0.47279074788093572 1.3635416626930239 0.14925044029951098 1.0000000180025095e-35 0.21518369764089587 0.18624116480350497 2.5000000000000004 6.3612999916076669 5.2435834407806405 4.2895500659942636 0.37500000000000006 9.6265997886657733 3.6548196077346806 5.4276645183563241 0.74531248211860668 0.73218572139740001 1.1098999977111819 22.579049110412601 2.574450016021729 0.75989583134651195 10.161349773406984 0.44419322907924658
decision_type=2 2 2 2 2 2 2 2 2 2 2 2 2 2 2 2 2 2 2 2 2 2 2 2 2 2 2 2 2 2 2 2 2
left_child=15 2 3 14 6 -6 7 8 -3 10 -8 13 -13 -7 -2 16 18 22 23 21 -21 -20 28 -1 27 -26 -11 32 29 -17 -25 -16 -18
right_child=1 4 -4 -5 5 11 9 -9 -10 26 -12 12 -14 -15 31 17 24 -19 19 20 -22 -23 -24 30 25 -27 -28 -29 -30 -31 -32 -33 -34
leaf_value=-0.010972838311915697 0.17490599530667172 -0.029319609942086874 -0.037683713407785452 0.0087787377357653965 -0.14974455719235408 -0.0019851254703153283 -0.023277421255479859 -0.14792684586913493 0.036085913910093331 0.1319643359107068 0.1075285995738352 -0.14859549010390458 0.044583183661946767 0.029878074334198545 0.1139782948548813 0.025197522697599412 0.12571451646757192 -0.1620433872574103 0.038513490999529866 -0.10459867141334608 0.015264390240891925 -0.0018831313261754104 -0.11488026439958215 0.13493349411232275 -0.083694220857245052 0.090670040594166001 -0.023712795922142659 0.0084489120672596122 -0.14260219925022222 -0.030750533005666179 -0.0035289974094317843 0.046364498945182991 0.21797218825769096
leaf_weight=1.3598569936575575 2.6187074696208601 82.278880777219456 5.8399041477168785 6.286188780617521 1.5372160062652245 62.791377224752068 13.303739881529514 2.9197178116592104 11.286464051147048 3.3019719461208288 2.9971719151290008 3.4533446162304235 3.0329818271443401 42.211970809806189 1.7078081425952403 11.280331382874932 3.5806147772077557 1.1448208156434692 36.637011678521958 6.192927256234273 11.495769173456663 38.790017410274231 1.6405606297776092 2.9965308229047882 0.88616545416653059 1.1228177855914507 0.74512782610145212 0.89353028976574922 0.60261207404982897 7.1776921177322484 0.40795398414411455 5.1588920848153066 0.58172794472193334
leaf_count=467 74 20532 252 334 211 23703 4161 93 2899 3642 1113 1163 1242 15754 556 9126 1977 488 6466 2864 16712 8368 33 3844 185 546 210 445 76 2198 655 1054 179
internal_value=0.00189942 -0.00298603 0.0336388 0.0600481 -0.00642951 0.00467537 -0.0171726 -0.0252579 -0.02143 0.0211656 0.000773266 0.00680451 -0.0582659 0.0108241 0.0940255 0.011589 0.0177786 -0.0181449 0.012808 0.00929678 -0.0267004 0.0177386 -0.010187 0.0814323 0.0866435 0.0137577 0.103302 0.115605 -0.001176 0.00344124 0.118342 0.0631806 0.138608
internal_weight=378.262 251.471 21.6115 15.7716 229.86 113.027 116.833 96.4851 93.5653 20.348 16.3009 111.49 6.48633 105.003 9.48541 126.791 104.945 21.846 97.8801 93.1157 17.6887 75.427 20.7012 4.76434 7.06486 2.00898 4.0471 5.05587 19.0606 18.458 3.40448 6.8667 4.16234
internal_count=131622 76993 2270 2018 74723 42073 32650 23524 23431 9126 5274 41862 2405 39457 1684 54629 42708 11921 39376 34410 19576 14834 11433 4966 3332 731 3852 2601 11400 11324 4499 1610 2156
is_linear=0
shrinkage=0.12


Tree=134
num_leaves=36
num_cat=0
split_feature=5 65 52 85 22 65 28 5 32 58 22 4 54 56 65 62 76 7 60 57 32 27 1 40 28 48 45 5 1 49 4 85 65 28 50
split_gain=1.1626 2.07398 2.35918 2.76278 2.75613 2.69773 2.1494 1.81607 1.72617 1.30273 2.97284 9.56003 2.30474 2.20776 1.23302 3.94381 3.26363 1.4249 1.24374 1.08233 0.648152 0.204984 0.103981 0.0761077 0.165535 0.0402676 0.0200572 0.0117469 0.00404906 0.00227185 0.00121499 6.85999e-05 4.32752e-06 2.76979e-06 3.16627e-08
threshold=0.87299999594688427 11.581770896911623 1.7864583730697634 0.37079998850822454 8.4348707199096697 11.044791698455812 -3.4932692050933833 1.0439500212669375 0.12331346049904825 19999991.000000004 7.9368457794189462 1.6588500142097475 0.31967648863792425 1.2140625119209292 11.681770801544191 1.0000000180025095e-35 1.0000000180025095e-35 1.2406129837036135 11.176562786102297 0.89367452263832103 0.20436896383762362 83.191997528076186 131.92000579833987 0.11641049012541772 6.3710865974426278 1.276041626930237 0.068434692919254317 1.1744000315666201 136.31999969482425 0.04798534698784352 0.91179999709129345 0.90029999613761913 11.675520896911623 269.79759216308599 0.081713903695344939
decision_type=2 2 2 2 2 2 2 2 2 2 2 2 2 2 2 2 2 2 2 2 2 2 2 2 2 2 2 2 2 2 2 2 2 2 2
left_child=1 2 20 4 -4 -6 -5 23 -3 14 12 32 13 -11 17 16 -16 27 -19 -17 -1 25 -10 24 -2 -22 -25 -9 -24 -30 -28 -8 -12 34 -26
right_child=7 8 3 6 5 -7 31 9 22 10 11 -13 -14 -15 15 19 -18 18 -20 -21 21 -23 28 26 33 -27 30 -29 29 -31 -32 -33 -34 -35 -36
leaf_value=-0.022162606323109537 -0.022703428808054104 -0.16450046270877614 -0.35863041377084787 -0.10906562999298679 -0.04749019858707907 -0.2110447901390004 0.12018769745055827 0.10537472334243571 0.016004925743055898 0.062991451104659993 0.12009198904574835 -0.88971653691116737 0.14813182722186538 -0.084485884456367233 -0.16941085305977219 0.080073934396098362 0.053570195834488493 0.0036241506765941904 0.081053862908265703 -0.11467465752892572 0.12203444445472399 -0.023610653472476761 0.13651837061741778 0.15086892994886381 0.12013556661797525 0.057845636856967905 0.12696669697448615 0.13281879867446433 0.10384957156764786 0.1202541053423018 0.11637070613231888 0.12187908288432436 0.12100446370057731 0.12084388960835624 0.12005857978870124
leaf_weight=0.99594395054191709 0.15439017235439578 0.37917803769596448 0.5741222646447558 0.91264191842128672 6.0979282544599283 1.9061929444928862 0.50057614380921123 0.28338316436247524 0.14616066181770326 1.9611587404208384 0.19244551996871528 0.23601234483885491 0.98367879633769906 5.7397621626787441 3.6301640497613317 3.1049828137536228 1.2779573980133134 336.15640961753547 3.0140723405356757 0.47361858074327745 1.3079055090854579 0.17127289703967097 0.21369986492209125 0.65535187942441531 0.10452924458377311 0.15770368045832572 0.27420790992437105 1.0824808859424591 0.13147101957292751 1.6136579168667138 0.36095973677083748 1.1132081496984936 0.12247763410414336 0.082332498189316539 0.29131953158230317
leaf_count=115 119 46 244 220 3181 1457 1250 1001 37 1454 587 184 502 2727 1546 5793 439 96435 2332 110 2684 151 13 7 508 224 276 474 72 4284 472 720 189 129 1640
internal_value=0.00171072 -0.0297148 -0.047961 -0.072175 -0.104658 -0.086441 0.0381179 0.00312605 0.071187 0.00250175 -0.0419825 -0.312292 -0.0248346 -0.0469285 0.00367886 -0.0415016 -0.111352 0.00480483 0.00431224 0.0542995 0.0541682 0.100611 0.113642 0.119427 0.0853299 0.115128 0.136141 0.127125 0.120927 0.119018 0.120945 0.121354 0.120447 0.120211 0.120079
internal_weight=376.403 16.2217 13.7375 11.1047 8.57824 8.00412 2.52643 360.182 2.48417 358.259 9.23554 0.550935 8.6846 7.70092 349.023 8.48672 4.90812 340.536 339.17 3.5786 2.63283 1.63688 2.10499 1.92309 0.632571 1.46561 1.29052 1.36586 1.95883 1.74513 0.635168 1.61378 0.314923 0.478181 0.395849
internal_count=131622 14698 10246 7072 4882 4638 2190 116924 4452 113773 5643 960 4683 4181 108130 7888 1985 100242 98767 5903 3174 3059 4406 3151 2396 2908 755 1475 4369 4356 748 1970 776 2277 2148
is_linear=0
shrinkage=0.12


Tree=135
num_leaves=27
num_cat=0
split_feature=14 28 76 0 70 55 1 79 7 69 54 27 58 58 14 49 85 44 32 69 49 68 32 7 18 33
split_gain=1.84013 2.34167 2.35349 3.56556 3.43855 3.30638 7.80357 3.13087 3.13323 3.03972 2.7091 2.96556 2.20308 6.33145 3.24967 1.81779 2.14075 3.90611 2.01994 1.53315 1.4289 1.85018 1.34661 1.61616 0.792498 0.434713
threshold=-1.1373974680900572 5.3506467342376718 1.0000000180025095e-35 19.13024997711182 1.0000000180025095e-35 1.0000000180025095e-35 295.43499755859381 1.0000000180025095e-35 2.0235865116119389 3.5000000000000004 0.10056528821587564 30.838413238525394 1.2579026222229006 1.2796061635017397 -0.58035701513290394 0.10672120004892351 1.044585704803467 0.68854168057441723 0.20634794980287555 26.500000000000004 0.11520901694893838 8.5000000000000018 0.033063787966966636 13.618768215179445 0.2651041597127915 1.0428428649902346
decision_type=2 2 2 2 2 2 2 2 2 2 2 2 2 2 2 2 2 2 2 2 2 2 2 2 2 2
left_child=-1 15 4 5 12 9 -7 8 -6 -4 24 -12 14 -14 -3 16 17 18 -2 -9 -17 -22 -18 -24 -5 -19
right_child=1 2 3 10 7 6 -8 19 -10 -11 11 -13 13 -15 -16 20 22 25 -20 -21 21 -23 23 -25 -26 -27
leaf_value=-0.026987265663213123 -0.071475033945363239 -0.017184518922358685 -0.066431733305138352 0.15285872815193891 0.12136537443869815 -0.41648494043552842 -0.025162708591316047 0.099622254317303732 -0.036664155163261519 0.059839541270778639 -0.040289150535008908 0.067386572984658721 -0.35531532983674791 -0.0014950789810840269 0.034343474388919368 0.13104156561810279 -0.073744582867657088 -0.047911207741740409 -0.0014087760016965481 -0.051689303197794571 -0.095756116395141228 0.078626956149967467 0.016294201756840695 -0.094084396359320158 0.08288761351352808 -0.14336958023984625
leaf_weight=32.09508998502497 8.743698051074718 22.715741321146197 3.6594591247194357 4.0936330469803597 1.8730842153518086 0.83446905484197387 6.0836803863903697 4.1726041028746286 50.951492162833119 10.989446186107669 5.4131678948069775 11.52562726652104 0.73662382983547914 64.32174660926762 78.634642803679981 1.9856829485906917 3.1956422470811985 0.79082121037936204 18.378924842400011 1.2540973587654205 1.5297271492154325 2.0505395177060564 26.630340527825187 2.0577939874492577 5.4130808597146824 5.2312046105353147
leaf_count=520 2477 428 410 369 3235 1023 8908 3208 11929 10873 361 758 148 35508 36602 222 462 242 443 2756 454 566 5684 35 362 3493
internal_value=0.000490239 0.00305936 0.0081024 0.0322182 0.00294856 -0.00399343 -0.0723641 -0.0221438 -0.0310607 0.0282956 0.0617498 0.0329764 0.0117321 -0.00550121 0.0227945 -0.0164195 -0.0220531 -0.0434077 -0.0239965 0.0646545 0.0493993 0.00411895 0.000145922 0.00837677 0.113017 -0.130834
internal_weight=375.362 343.267 272.673 48.0126 224.66 21.5671 6.91815 58.2513 52.8246 14.6489 26.4455 16.9388 166.409 65.0584 101.35 70.5944 65.0284 33.1446 27.1226 5.4267 5.56595 3.58027 31.8838 28.6881 9.50671 6.02203
internal_count=131476 130956 116878 23064 93814 21214 9931 21128 15164 11283 1850 1119 72686 35656 37030 14078 12836 6655 2920 5964 1242 1020 6181 5719 731 3735
is_linear=0
shrinkage=0.12


Tree=136
num_leaves=41
num_cat=0
split_feature=32 85 28 50 4 75 86 18 36 61 4 21 50 56 60 15 82 61 64 27 85 18 68 28 28 1 46 21 22 32 60 75 85 68 75 60 27 28 33 27
split_gain=1.45309 1.91713 2.46761 2.66244 2.16427 2.19453 2.00056 2.20045 1.93009 4.1669 2.92867 2.8005 2.84271 2.40808 2.10578 2.08457 2.20847 1.90697 1.56458 1.54337 2.5973 2.97984 2.8449 2.0168 1.99498 2.5164 1.55963 2.54611 2.25772 1.47468 1.20248 1.24288 1.16795 0.574366 0.572544 0.482897 0.117139 0.0610686 0.0149884 0.00499105
threshold=0.20990552008152011 1.0000000180025095e-35 265.88819885253912 0.12402259930968286 3.7092500925064091 1.0000000180025095e-35 1.0000000180025095e-35 0.26692709326744085 1.0000000180025095e-35 -3.4740245342254634 1.5527500510215761 0.13955000042915347 0.35583376884460455 9.8812499046325701 2.5947916507720952 0.8444184958934785 0.62500000000000011 -3.9986565113067623 34.500000000000007 53.378118515014656 0.84138572216033947 0.24296875298023227 5.5000000000000009 4.5244843959808358 3.6548196077346806 136.31999969482425 0.12097043544054033 1.4083166718482973 1.448783338069916 0.20436896383762362 2.919791698455811 1.0000000180025095e-35 1.2512571811676028 15.500000000000002 1.0000000180025095e-35 4.5260417461395273 52.353586196899421 4.5244843959808358 0.84887143969535839 56.041898727416999
decision_type=2 2 2 2 2 2 2 2 2 2 2 2 2 2 2 2 2 2 2 2 2 2 2 2 2 2 2 2 2 2 2 2 2 2 2 2 2 2 2 2
left_child=19 8 3 6 5 -5 7 -3 13 10 17 -11 -13 15 -12 -2 -17 -10 -8 24 21 22 -21 -24 25 29 27 28 -22 32 31 -28 -1 -27 -29 -32 38 39 -15 -23
right_child=1 2 -4 4 -6 -7 18 -9 9 11 14 12 -14 36 -16 16 -18 -19 -20 20 26 37 23 -25 -26 33 30 34 -30 -31 35 -33 -34 -35 -36 -37 -38 -39 -40 -41
leaf_value=-0.058060482183990084 -0.03897892352269966 -0.088288537242208434 -0.13501161641400883 0.057737574299709132 -0.060445465398194648 -0.020172585968630863 -0.023843880425099356 -0.019579373633461836 0.080734278661605152 -0.039573100146537692 -0.10242693136216198 0.049500580481246219 -0.059954642493904753 0.12164932320443679 -0.015106779352954507 0.019351338809249843 -0.013537270042652575 -0.10631773483856757 0.053941053804760677 0.088193749121650442 -0.11315096828951554 -0.13140662187338664 -0.13123541796771745 0.010221494722560042 0.083474499827352069 -0.026045403535615297 0.026242446264627007 0.13053638762171088 0.023289989237718745 0.095831433165198834 -0.12216087622533328 -0.087599827669669963 0.029207509187095273 -0.098383824373456122 0.03817947550156095 -0.046231347092267346 0.06463231313752596 -0.15027727534393087 0.1441012978600176 -0.12217277894698426
leaf_weight=3.3084912747071993 18.827426309959264 11.11234416582238 2.3112210500466963 16.615295442201507 4.1526231574280237 7.5817804550169958 9.4446161234268384 16.949269277396979 4.9111753222332508 6.3961569905441129 6.3350160852978687 62.938819014394994 3.6129624600107482 0.67295267425515648 10.68401766390434 63.048975695081026 55.091312595206318 0.93411810359793879 6.1472966249257288 2.3675684494010039 2.442693891458477 1.1087543566391094 3.2289029899093293 2.6364197502844036 4.1573308640704445 2.6749961554532993 4.8564433754881957 2.7505410028024917 6.126583046642736 3.0279716568697941 2.4311551198825327 1.9297026208005261 6.6416250909915107 3.8632101289113052 1.4902615275495916 2.3936741663346766 0.40429593395310792 1.831415760098025 1.1770557955819638 3.5157810895634611
leaf_count=596 317 4058 314 9318 237 2966 3221 4247 2968 104 698 19317 1305 892 1950 29797 32581 262 2298 415 83 155 899 28 254 371 1485 1520 1157 117 246 443 571 362 476 395 379 36 403 4235
internal_value=0.000460573 0.00383872 -0.0129614 -0.00904373 0.0195902 0.0333256 -0.0276393 -0.0467881 0.00915067 0.022259 -0.0224407 0.0362694 0.0435585 0.00012953 -0.0476101 -0.00189517 0.00401469 0.0508421 0.00682375 -0.0161843 -0.0308223 -0.0706961 -0.0228345 -0.0676516 0.00799835 -0.00807946 -0.00683892 0.0220325 -0.0156028 0.0225047 -0.038692 -0.00612964 0.000190222 -0.0687878 0.0980812 -0.084491 0.123147 -0.131731 0.135934 -0.124387
internal_weight=372.132 309.349 74.3144 72.0032 28.3497 24.1971 43.6535 28.0616 235.034 95.8123 22.8643 72.9479 66.5518 139.222 17.019 136.968 118.14 5.84529 15.5919 62.7835 39.1099 14.6888 8.23289 5.86532 23.6736 19.5163 24.4211 12.8101 8.56928 12.9781 11.611 6.78615 9.95012 6.53821 4.2408 4.82483 2.2543 6.45595 1.85001 4.62454
internal_count=131476 117632 26659 26345 12521 12284 13824 8305 90973 26604 5878 20726 20622 64369 2648 62695 62378 3230 5519 13844 11573 5768 1342 927 2271 2017 5805 3236 1240 1284 2569 1928 1167 733 1996 641 1674 4426 1295 4390
is_linear=0
shrinkage=0.12


Tree=137
num_leaves=21
num_cat=0
split_feature=27 58 0 68 74 71 33 14 40 28 46 74 45 23 1 68 28 14 48 53
split_gain=1.46277 1.60884 1.73117 2.41478 1.3408 1.31327 1.22132 1.16268 1.10379 1.10155 0.755936 0.641483 0.439031 0.369236 0.486564 0.20593 0.24046 0.0714493 0.0565088 0.00512736
threshold=11.372304916381838 -1.1920058727264402 21.540800094604496 20.500000000000004 16.552578926086429 -8.8276209831237775 1.3410142660140993 -1.1373974680900572 0.078282371163368239 5.3506467342376718 0.079394519329071059 0.097613908350467696 0.21253155916929248 1.1161716580390932 108.06000137329103 8.5000000000000018 7.8279674053192148 -0.82713100314140309 1.3635416626930239 0.047664208337664611
decision_type=2 2 2 2 2 2 2 2 2 2 2 2 2 2 2 2 2 2 2 2
left_child=5 2 3 10 6 -1 7 -3 -5 -9 -2 -12 -6 -7 -15 16 -14 -16 -19 -17
right_child=1 4 -4 8 12 13 -8 9 -10 -11 11 -13 15 14 17 19 -18 18 -20 -21
leaf_value=-0.11027623328666958 0.011736285581483947 -0.026850273264610161 -0.020567391878600873 0.044510387930105887 -0.0052961850387512402 0.016409999708822787 -0.11433632574997429 -0.014972233104663595 -0.084944163185113969 0.0029236195601720621 0.1365053163182923 0.071145278663590189 -0.057070515386041153 0.0005079482273528305 0.18223354973821043 0.14073840909743218 0.12091126387488967 0.12825231560759157 0.072641314991033643 0.12525485107256282
leaf_weight=0.5275771167143829 2.0971361177385068 26.470367734709725 6.8143251603614763 1.6285834719838015 0.63021723149040498 0.77329491917043824 1.4173780329547288 61.882723546593297 2.2710764091079909 248.10826967148728 3.0912391083893436 7.1958984797511221 0.20803385601357183 0.50702826801170919 0.31431392533704672 0.41643593319849959 0.23033457388282841 2.1578995285368596 0.29966105782250441 1.182462773372208
leaf_count=87 421 434 105 469 443 11 452 12764 277 107951 719 1177 13 40 5 245 885 2581 107 2290
internal_value=0.00041807 -0.000430714 0.0302169 0.0514686 -0.00250945 0.0678134 -0.00317849 -0.00271022 -0.0308811 -0.000648885 0.0773996 0.0907857 0.0822338 0.0909998 0.108591 0.109311 0.0364475 0.128361 0.121471 0.129288
internal_weight=368.224 363.644 23.0983 16.2839 340.546 4.57977 337.879 336.461 3.89966 309.991 12.3843 10.2871 2.66748 4.0522 3.2789 2.03727 0.438368 2.77187 2.45756 1.5989
internal_count=131476 128645 3168 3063 125477 2831 121601 121149 746 120715 2317 1896 3876 2744 2733 3433 898 2693 2688 2535
is_linear=0
shrinkage=0.12


Tree=138
num_leaves=21
num_cat=0
split_feature=27 58 0 68 71 12 71 28 13 32 40 57 80 48 7 13 18 4 32 68
split_gain=1.22346 1.27775 1.38847 1.94831 1.29246 1.33984 1.09875 1.06828 2.30804 2.06912 0.853833 0.797444 0.448315 0.320986 0.340764 0.440975 0.25133 0.045134 0.0330911 0.0146348
threshold=11.372304916381838 -1.1920058727264402 21.540800094604496 20.500000000000004 -9.3043427467346174 0.37340000271797186 -6.8699779510498038 208.2144470214844 -2.8484499454498287 0.54171681404113781 0.078282371163368239 -14.870831489562987 0.37500000000000006 0.96953123807907116 2.9917070865631108 -2.8484499454498287 0.25546874105930334 1.6588500142097475 0.25845029950141912 66.500000000000014
decision_type=2 2 2 2 2 2 2 2 2 2 2 2 2 2 2 2 2 2 2 2
left_child=6 2 3 11 16 -6 -1 9 -9 -7 -5 -2 -13 14 -8 -16 -3 -15 -18 -17
right_child=1 4 -4 10 5 7 13 8 -10 -11 -12 12 -14 17 15 19 18 -19 -20 -21
leaf_value=-0.093459512222486621 0.0071574585025134937 0.030529658860491419 -0.018120876168538257 0.040144281019829399 -0.037848333514888331 -0.0013856881407670262 -0.059118053216260499 -0.16544978088336432 -0.014003326088581229 0.039379389215660095 -0.074368939605455917 0.10962753620910688 0.057843521215225881 0.14422400068232474 -0.0094934325111885893 0.12635572403060311 0.096322535464606729 0.10499743978918152 0.13332705382798737 0.09401915113964944
leaf_weight=0.55558481977118379 2.3062998887030508 0.68082058459731287 6.8067316355882204 1.5915021029522898 15.005295738764287 265.30204630583034 0.31640572152457469 1.5082728581764957 36.912593315572394 19.229183195294354 2.2820639626042976 5.2045107829544595 4.4795007266693574 0.90725633277611428 0.57554838736541603 0.89512005772462477 0.57243531484164101 0.79032698764240195 0.88751549463813717 0.26010349244643294
leaf_count=256 393 486 105 469 412 86734 530 22 23811 13262 277 1393 531 346 7 1213 210 361 540 118
internal_value=0.000386287 -0.000368005 0.0272161 0.0466689 -0.00220674 -0.0027955 0.0640169 -0.00116684 -0.0199486 0.0013693 -0.0273198 0.0705716 0.085674 0.0873806 0.055388 0.076321 0.0907399 0.125962 0.118818 0.119075
internal_weight=367.069 362.769 22.6706 15.8639 340.098 337.957 4.30035 322.952 38.4209 284.531 3.87357 11.9903 9.68401 3.74476 2.04718 1.73077 2.14077 1.69758 1.45995 1.15522
internal_count=131476 128645 3168 3063 125477 124241 2831 123829 23833 99996 746 2317 1924 2575 1868 1338 1236 707 750 1331
is_linear=0
shrinkage=0.12


Tree=139
num_leaves=27
num_cat=0
split_feature=56 48 27 27 74 28 70 40 40 40 12 70 71 28 23 1 68 48 40 6 71 28 18 40 45 23
split_gain=1.12305 1.70873 1.9491 1.05587 1.23137 1.00709 1.5626 4.01882 3.61293 1.46145 1.40329 1.39437 0.916556 0.413401 0.340245 0.370567 0.333807 0.0942409 0.0416092 0.0119281 0.0110157 0.00628162 0.00542798 0.00301521 0.000337948 0.000211201
threshold=9.8812499046325701 1.3489583730697634 52.968305587768562 11.372304916381838 16.552578926086429 5.3506467342376718 1.0000000180025095e-35 0.36303600668907171 0.18729560077190402 0.25472077727317816 4.9232499599456796 1.0000000180025095e-35 -6.8699779510498038 7.8279674053192148 1.1161716580390932 108.06000137329103 6.5000000000000009 1.3635416626930239 0.13542306423187259 10.990849971771242 0.32273380458354956 118.60055541992189 0.22395832836627963 0.50737556815147411 0.42676942050457006 0.58280083537101757
decision_type=2 2 2 2 2 2 2 2 2 2 2 2 2 2 2 2 2 2 2 2 2 2 2 2 2 2
left_child=3 18 -3 12 5 9 8 -8 -7 11 -11 -5 -1 -6 -14 -16 -4 -17 19 20 -2 -22 -18 25 -24 -15
right_child=1 2 16 4 13 6 7 -9 -10 10 -12 -13 14 23 15 17 22 -19 -20 -21 21 -23 24 -25 -26 -27
leaf_value=-0.084116893221732825 0.13378611237874696 -0.12904665029174472 -0.0020126720539458322 -0.039996685238753167 0.029152959326124158 0.00033149069330204629 -0.0010359304128671337 -0.076041260115431317 0.046134392541861795 -0.051196941575305202 0.09581768997286029 -0.0031590511606162945 0.012630988226051807 0.12562695727612416 0.0034654712752848742 0.13201700586878479 0.13731959729195342 0.056564862339696688 0.0898061937467656 0.14720589293624178 0.09678485961927405 0.12130576480456205 0.11331016899274216 0.13473031797051807 0.12059821600080532 0.12090195998921315
leaf_weight=0.54405290302975107 0.98794427379198146 1.1568175029087799 0.42322729105217127 27.700987396327946 1.2099989709222421 190.73315698351439 58.720629574843315 12.471476638040256 28.505360369832033 1.3425403837609327 3.0795941117530674 31.762146371658673 0.7637796777999023 0.15950098820030667 0.44714563501111149 1.9950663918907596 0.43943998359645775 0.27071985011934874 0.4460164529737084 0.45927845500409592 0.20825582816814858 0.5418827129346937 0.13244692418993509 0.32669655609424797 0.2972239837986308 0.93347962110146909
leaf_count=255 575 294 261 6298 485 75103 22381 2141 8306 374 640 5993 11 6 37 2425 37 100 207 4 328 746 334 44 641 3450
internal_value=0.000355927 0.0563152 -0.0158991 -0.00043355 -0.00112237 -0.00172957 0.00127096 -0.0141754 0.00628678 -0.0153704 0.0511847 -0.0203199 0.060717 0.0806898 0.0833813 0.1033 0.0853834 0.123002 0.123224 0.130006 0.125462 0.114498 0.127942 0.124615 0.118352 0.121591
internal_weight=366.059 5.09253 2.44916 360.966 356.946 354.316 290.431 71.1921 219.239 63.8853 4.42213 59.4631 4.02076 2.62968 3.47671 2.71293 1.29234 2.26579 2.64338 2.19736 1.73808 0.750139 0.869111 1.41968 0.429671 1.09298
internal_count=131476 3427 1567 128049 125221 121236 107931 24522 83409 13305 1014 12291 2828 3985 2573 2562 1273 2525 1860 1653 1649 1074 1012 3500 975 3456
is_linear=0
shrinkage=0.12


Tree=140
num_leaves=40
num_cat=0
split_feature=40 45 71 34 22 12 27 70 69 22 24 40 27 5 87 14 32 45 54 11 4 60 54 54 13 74 16 12 71 40 80 52 49 32 7 74 81 4 64
split_gain=2.03755 2.02056 2.57119 2.61641 2.8057 2.68354 2.52531 5.34807 3.15434 3.07887 2.90798 2.75265 2.20482 2.00116 1.73579 4.94552 3.16862 3.28277 8.33137 3.01399 2.49993 2.99144 2.19075 2.33156 2.11875 2.97687 2.08819 1.81062 1.34939 1.33232 1.31754 1.10803 1.93247 1.49514 0.922016 0.590959 0.271904 0.176992 0.0710304
threshold=0.039441723376512534 0.26353716850280767 -11.211291313171385 349.85000610351568 5.6229667663574228 5.9016501903533944 99.686962127685561 1.0000000180025095e-35 11.500000000000002 6.1707999706268319 1.0000000180025095e-35 0.14674064517021182 102.14583969116212 9.4421997070312518 0.24995714426040652 -1.1373974680900572 0.53479918837547313 0.52028802037239086 0.047628374770283706 0.802350014448166 4.1643500328063974 0.72031250596046459 0.31547054648399359 0.21712983399629596 -2.5172500610351558 1.6003227233886721 1.5000000000000002 1.6792500019073489 -8.3221216201782209 0.048891589045524604 1.0000000180025095e-35 2.576041698455811 -0.028959154151380059 0.21166560798883441 13.867685794830324 0.15825679898262027 1.0000000180025095e-35 0.23014999926090243 37.500000000000007
decision_type=2 2 2 2 2 2 2 2 2 2 2 2 2 2 2 2 2 2 2 2 2 2 2 2 2 2 2 2 2 2 2 2 2 2 2 2 2 2 2
left_child=14 6 -3 12 5 -5 29 8 -8 -10 36 -12 13 -4 16 -16 17 20 -19 -17 21 -1 23 27 -21 -26 -25 -18 -6 30 -2 33 -33 -31 -20 -14 -9 -24 -39
right_child=1 2 3 4 28 -7 7 10 9 -11 11 -13 35 -15 15 19 22 18 34 24 -22 -23 37 26 25 -27 -28 -29 -30 31 -32 32 -34 -35 -36 -37 -38 38 -40
leaf_value=-0.022080704389465959 0.13608837256067743 -0.10468479662522197 -0.018110914346226269 0.029578133987279279 -0.12212495170839895 -0.11360627531740895 -0.15970827167429555 0.09520655099539943 0.057893893087826949 -0.10258717270105733 0.051904831602356101 -0.11630798667030048 0.16335601619885895 -0.15090953731923665 -0.13702336513247032 0.097237415133786295 0.010389528276632252 -0.82542730473520542 0.1219397792090792 -0.061918487637609092 -0.10887723014811582 0.041450147484805966 0.22073744189760736 -0.27295221949626991 -0.0011487644203540628 -0.083925463112629661 -0.017061004090120624 0.10020295478479369 0.12371085055873773 -0.0070154667027390273 5.9900426495963396e-05 0.07188684606379131 -0.072422125850098537 0.026562637428903052 -0.15731760465591293 0.037899673409401882 0.16754234998561773 0.15401729471871303 0.10327784773999009
leaf_weight=32.162966396413594 2.1670762048311181 2.3330657834840158 14.311850638238417 70.06234694538216 0.34033219971115425 1.9369717396766635 5.4486769401582933 1.9541746237391637 2.8623382820169354 4.3191892197392008 3.2568643856156996 2.4581953737924778 0.99727919616270755 1.8446246273670102 5.0918328843981717 3.2998396371658592 6.8870194599549048 0.25144805618310684 0.34178800397921805 14.099728364381006 3.3057524494433883 15.973006802499638 0.46893917461966284 0.56005188599374323 55.728213832396705 7.0472744072012565 2.5506990222052082 6.0908849882091545 5.8169678206875242 49.008672164791278 1.9461260950265566 1.7063581213114956 6.1607551984957345 31.28533826178807 0.33922879537567496 1.1808915240412714 1.2126370987407424 1.2751835633430344 0.57709830589919864
leaf_count=11797 403 391 6729 16293 639 110 546 625 575 783 790 292 309 29 170 557 386 210 972 161 68 8160 86 448 28497 2286 1431 10693 18376 9047 360 489 1020 5209 6 576 225 652 721
internal_value=-0.000401194 0.00724177 0.0197945 0.0228043 0.032375 0.0257261 -0.00366037 -0.0406852 -0.09086 -0.0386243 0.0306644 -0.0204479 -0.0179935 -0.0332729 -0.0108143 -0.0223455 0.00307622 -0.0119765 -0.23512 -0.0150624 -0.00793167 -0.0009992 0.0458997 0.0301761 -0.0198828 -0.0104414 -0.063131 0.0525414 0.110123 0.00497129 0.0717277 0.00185674 -0.0411219 0.00606773 -0.0171642 0.0953401 0.122905 0.154882 0.138209
internal_weight=368.662 212.611 98.8243 96.4913 78.1566 71.9993 113.786 21.5121 12.6302 7.18153 8.88187 5.71506 18.3346 16.1565 156.051 85.2669 70.7841 52.3742 0.932465 80.1751 51.4417 48.136 18.4099 16.0887 76.8752 62.7755 3.11075 12.9779 6.1573 92.2743 4.1132 88.1611 7.86711 80.294 0.681017 2.17817 3.16681 2.32122 1.85228
internal_count=131117 63816 43452 43061 35418 16403 20364 3836 1904 1358 1932 1082 7643 6758 67301 31671 35630 21213 1188 31501 20025 19957 14417 12958 30944 30783 1879 11079 19015 16528 763 15765 1509 14256 978 885 850 1459 1373
is_linear=0
shrinkage=0.12


Tree=141
num_leaves=46
num_cat=0
split_feature=48 87 14 4 22 21 40 0 54 64 22 38 14 7 52 21 1 4 58 28 34 49 64 21 18 40 6 54 85 56 50 82 5 61 6 40 28 46 87 12 9 1 12 69 22
split_gain=1.78641 2.37659 4.7238 3.63752 3.27874 2.88439 2.3052 2.4172 2.15553 5.68652 2.62485 2.61141 2.33625 2.22581 2.13079 3.89472 2.87639 2.36587 2.50354 2.25546 2.40095 2.2915 2.1942 1.88673 1.86128 1.70053 2.23221 2.5371 2.06209 3.19121 3.03175 1.78453 1.6135 1.47799 1.22126 1.15687 0.828369 0.475191 0.393674 0.383615 0.27264 0.252345 0.193123 0.037409 0.0326356
threshold=1.3572916984558108 0.059557143598794944 -1.1373974680900572 3.8155499696731572 2.5542082786560063 0.5232750177383424 0.18070625513792041 9.8674001693725604 0.02741193771362305 7.5000000000000009 0.20852916687726977 1.0000000180025095e-35 0.1380179971456528 14.161862373352053 2.0117187500000004 1.8832083344459536 131.92000579833987 0.5701500177383424 1.2579026222229006 31.675645828247074 349.85000610351568 0.40626502037048345 41.500000000000007 0.25426666438579565 0.30520834028720861 0.11066284030675889 3.3090500831604008 0.46243339776992803 0.83894285559654247 3.8203125000000004 0.17250342667102816 0.37500000000000006 8.2425999641418475 -3.9986565113067623 10.879300117492678 0.05879234895110131 155.92640686035159 0.081251192837953581 0.041957141831517226 1.3531000018119814 1.0000000180025095e-35 448.95500183105474 1.5268999934196474 7.5000000000000009 2.690425038337708
decision_type=2 2 2 2 2 2 2 2 2 2 2 2 2 2 2 2 2 2 2 2 2 2 2 2 2 2 2 2 2 2 2 2 2 2 2 2 2 2 2 2 2 2 2 2 2
left_child=1 3 -3 8 -5 39 7 -7 9 12 -10 -11 -1 -12 15 16 -2 41 35 25 21 34 23 -22 -6 26 27 -16 29 -27 -30 -28 -8 -23 -21 -19 -20 40 -39 -4 -18 43 -24 -17 -41
right_child=14 2 5 4 24 6 32 -9 10 11 13 -13 -14 -15 19 17 37 18 36 20 22 33 42 -25 -26 28 31 -29 30 -31 -32 -33 -34 -35 -36 -37 -38 38 -40 44 -42 -43 -44 -45 -46
leaf_value=-0.027266065219433016 -0.069073568459104451 -0.13546957265035092 0.040924424539974379 -0.098648311455332302 0.04151405195151419 -0.071501211413126098 0.0071272879275746433 -0.016310335873281491 -0.037514555689345017 -0.029505198836944708 0.052918984342161038 -0.33219268992806295 0.027507131130868303 -0.0073229396322831621 0.10797740978952895 0.15126677844525857 0.035978026714400896 0.094323270719240113 -0.051032681386690301 -0.0016486237143597713 -0.041368218580524405 0.11259376077184459 0.2073832268115251 0.038086306669508914 -0.047015610320152966 -0.078145431997875242 -0.042009590269408953 -0.11819189967344132 -0.046000231291155311 0.077495072206307816 0.067973665043047443 0.034859372072147225 0.12196739218117061 -0.010119372061613584 -0.16037115138903382 -0.014843009420087493 -0.15403331895678918 0.16035934471501495 0.10051496117867324 0.1268890619829979 0.11123939290262097 0.052466056281373921 0.12131570010085602 0.11054485094181907 0.098879652849693495
leaf_weight=20.549254891957389 1.3271901553289378 4.9096981055372444 1.8774946602788976 8.4892564532801789 6.6930507794777423 13.719261833545259 6.28518334947921 68.398566447049234 7.4120289920901987 0.65904704642434686 38.302627404871487 1.0880526840592211 24.683085168710022 11.478624145245702 4.9434894515206933 1.0502854992100759 1.2347250590337338 2.3151581565425641 3.135098739937348 1.0313889699286876 4.9350090306252232 1.5841361320135554 0.43854768201708738 33.637687332089172 6.9925401953114488 15.558211675119315 10.589514378414153 0.8348343175030094 7.85056426183837 2.1604494192179109 5.8765635166564607 7.3796545036730086 2.4479045441330527 13.109910964888055 2.1599486088744015 3.5281752001410496 1.7530827409286756 4.0621843758704017 2.5934916115184024 1.2390595668694007 1.5801373592694288 0.72073966601783457 2.6080381657975522 0.47031589117318606 1.159677797802942
leaf_count=519 266 164 50 256 513 11017 1865 17221 163 531 34409 494 8289 120 2157 136 335 1678 1585 973 84 1898 5 14626 160 2456 1781 83 1670 476 1208 2124 106 5628 26 2183 1035 924 526 132 374 275 8928 1170 498
internal_value=-0.000303351 -0.00687032 -0.0206881 0.00407005 -0.0400613 -0.014764 -0.0192974 -0.025531 0.0134641 -0.0055817 0.0291087 -0.218012 0.00262342 0.0390283 0.0104331 0.0431321 0.0963737 -0.00118266 -0.0246024 0.00365639 0.0198628 -0.0169073 0.0356644 0.0279209 -0.00371945 -0.013816 0.0104223 0.0753012 -0.0321205 -0.0591681 0.00279183 -0.0104407 0.0393172 0.00311009 -0.109075 0.0284092 -0.0879725 0.119559 0.13704 0.0815501 0.0782264 0.110951 0.133705 0.138672 0.113348
internal_weight=364.853 226.384 100.037 126.348 22.1748 95.1271 90.8509 82.1178 104.173 46.9794 57.1933 1.7471 45.2323 49.7813 138.469 23.7706 10.7977 12.9729 10.7315 114.698 59.5047 17.8854 41.6193 38.5727 13.6856 55.1933 23.7475 5.77832 31.4458 17.7187 13.7271 17.9692 8.73309 14.694 3.19134 5.84333 4.88818 9.47054 6.65568 4.27623 2.81486 2.24134 3.04659 1.5206 2.39874
internal_count=131117 76507 31053 45454 929 30889 30209 28238 44525 9833 34692 1025 8808 34529 54610 10487 2425 8062 6481 44123 32168 8525 23643 14710 673 11955 6145 2240 5810 2932 2878 3905 1971 7526 999 3861 2620 2159 1450 680 709 1581 8933 1306 630
is_linear=0
shrinkage=0.12


Tree=142
num_leaves=34
num_cat=0
split_feature=44 43 0 11 61 61 7 15 20 0 22 81 74 46 87 0 78 71 71 11 57 65 21 8 56 74 21 28 60 81 27 0 49
split_gain=1.50504 2.37217 2.31759 2.56624 2.60677 5.69252 4.05376 2.14198 2.13102 1.79098 2.89332 3.53585 5.82144 2.0137 8.08802 2.1186 2.15573 1.92141 2.95264 1.73065 1.52473 1.4449 1.37195 1.41626 1.26819 1.15252 1.31003 1.11934 0.680202 0.0785644 0.0588853 0.0163261 0.00643163
threshold=0.30885416269302374 0.69721227884292614 6.3612999916076669 4.2514500617980966 -1.5902214050292967 -1.4499029517173765 14.161862373352053 1.6102454662323 0.29270832240581518 19.13024997711182 0.37656250596046453 10.000000000000002 0.038034869357943542 0.60410666465759288 0.73945000767707836 18.455550193786625 1.0000000180025095e-35 4.4552071094512948 -0.80944243073463429 3.2391500473022465 4.4737534523010263 9.6447916030883807 0.40308749675750738 1.0000000180025095e-35 3.7890625000000004 0.7614671289920808 0.25426666438579565 0.9224643111228944 0.56979167461395275 1.0000000180025095e-35 83.704265594482436 6.1632001399993905 0.13093130290508273
decision_type=2 2 2 2 2 2 2 2 2 2 2 2 2 2 2 2 2 2 2 2 2 2 2 2 2 2 2 2 2 2 2 2 2
left_child=2 9 22 4 6 -6 21 -3 20 13 17 12 -12 15 32 16 -2 18 -11 -7 30 -4 -1 27 -17 26 -10 -24 -27 -25 -9 -29 -15
right_child=1 7 3 -5 5 19 -8 8 25 10 11 -13 -14 14 -16 24 -18 -19 -20 -21 -22 -23 23 29 -26 28 -28 31 -30 -31 -32 -33 -34
leaf_value=-0.14601055698052515 -0.0008908350416011639 -0.11625102823754346 0.023309803977272198 -0.19918264440101194 -0.28315188746592956 -0.012691024648486907 -0.081394523523872053 0.13681196652217775 -0.10631643924740902 0.016218680508045421 0.08973492333879915 -0.087022380732044671 0.01524507088765629 0.091342736767313096 -0.69196388893314631 -0.073663129036288175 0.05848179826523995 0.026402457881092422 -0.07210613927628845 -0.06548018735016875 -0.085996833670662326 0.097755505758387554 -0.033612410453095667 -0.032758794033149054 0.015669493002998969 -0.15931707540767365 0.046907478003468388 0.1237187840124663 -0.045839814163226321 -0.11436459271333724 0.19684750918901622 0.13959987020882261 0.12245596308988133
leaf_weight=0.41683198965210877 101.53870155191998 4.1184139557008157 9.1350850123957361 1.0837734974516013 1.1890666668423353 77.171646696809034 4.014211650544893 1.3907168289883869 1.1639702105894687 10.167382094510685 21.856358491955689 3.4005912525026352 48.928137972818604 0.13454760941931354 0.29217585835795035 8.4903245596060497 9.6423495526323659 13.516034185193346 11.747005387951504 10.115189237607408 0.53349038941587412 6.3735516772051133 0.71009163715461898 0.29714142296825219 3.1327406393720585 1.4509374262243002 2.5946399856484277 2.1888097906926309 1.5988156856451494 0.39665954053202768 0.28316421681483905 1.6235893259508882 0.33114143264356244
leaf_count=35 75872 67 2283 351 193 16352 68 1608 13 322 2492 419 3871 139 188 1578 4197 317 315 6584 122 5902 121 508 531 192 933 3537 414 223 168 297 905
internal_value=-0.000218199 0.00506934 -0.0115713 -0.0154473 -0.0136035 -0.0223611 0.0260849 -0.0445504 -0.0117973 0.00786426 0.0190301 0.0325034 0.0382455 -0.00204126 -0.197047 -0.00083782 0.00425835 -0.00918062 -0.031127 -0.0188085 0.0906637 0.0539046 0.0634856 0.0802264 -0.0495855 -0.0450166 -0.00054306 0.104717 -0.0998273 -0.0794144 0.146968 0.130482 0.113467
internal_weight=361.027 246.312 114.716 109.083 107.999 88.4759 19.5228 13.1341 9.01573 233.177 109.616 74.1851 70.7845 123.562 0.757865 122.804 111.181 35.4304 21.9144 87.2868 2.20737 15.5086 5.63312 5.21629 11.6231 6.80836 3.75861 4.52249 3.04975 0.693801 1.67388 3.8124 0.465689
internal_count=131117 94663 36454 31733 31382 23129 8253 3517 3450 91146 7736 6782 6363 83410 1232 82178 80069 954 637 22936 1898 8185 4721 4686 2109 1552 946 3955 606 731 1776 3834 1044
is_linear=0
shrinkage=0.12


Tree=143
num_leaves=22
num_cat=0
split_feature=21 82 82 14 49 53 22 6 15 6 77 74 53 0 71 28 52 50 76 74 38
split_gain=1.21016 11.6798 3.03102 2.45484 2.49275 2.47885 2.43738 2.27323 4.01076 2.46126 2.04272 5.47116 1.96802 1.79822 1.79691 1.79508 1.72462 1.59058 1.52414 2.15329 0.384125
threshold=0.13955000042915347 1.0000000180025095e-35 1.0000000180025095e-35 -0.82713100314140309 0.63358029723167431 0.53774708509445202 0.20852916687726977 9.5546998977661151 1.3921459913253786 9.1612000465393084 1.0000000180025095e-35 0.36047656834125524 -0.13956961035728452 8.2638998031616229 11.017023563385012 8.5425338745117205 2.3213542699813847 0.50737556815147411 1.0000000180025095e-35 0.27211894094944006 1.0000000180025095e-35
decision_type=2 2 2 2 2 2 2 2 2 2 2 2 2 2 2 2 2 2 2 2 2
left_child=1 -1 6 18 10 13 -2 9 -9 17 14 -12 -3 -6 -5 -10 -11 -8 19 -4 -7
right_child=2 12 3 4 5 20 7 8 15 16 11 -13 -14 -15 -16 -17 -18 -19 -20 -21 -22
leaf_value=-0.079930370002745638 -0.030112805005699034 0.017564190204684933 -0.10239484234897832 0.013514562265594979 -0.2288184352491463 -0.01462981826970992 0.017674914533834254 0.021445399314287794 0.027098216874227626 -0.025272745318035451 0.1018928564492331 -0.05607519649473628 0.11080310298926732 -0.069649367379413421 -0.011022069647299125 0.12200242743024294 -0.23353370654793737 -0.13284332594539533 -0.0091218967846706939 -0.016136906567415194 0.10112141000666189
leaf_weight=19.895267791103834 12.055908078687478 6.2600034788956673 8.713624891155634 71.8264682796638 1.3689149834326588 0.68399647020532905 30.573838806177495 33.286189117075992 3.9117857817000177 1.3294974369127879 9.0233768295724968 4.8564342058855337 6.8018613580570673 4.0341175513804046 107.01368419180085 10.776017793712525 1.0057311592390759 1.045546067332906 15.768879503113565 7.9875874854442364 1.0414094898153508
leaf_count=216 186 296 297 42264 621 131 27142 308 302 590 3495 1652 330 1355 47027 1923 136 689 184 342 1631
internal_value=-0.000132719 -0.0220473 0.00208069 -0.00527547 -0.000303338 -0.0699879 0.0202642 0.0276773 0.0444937 0.0039177 0.0022742 0.0466211 0.0661176 -0.109977 -0.00116757 0.0967267 -0.114966 0.0126978 -0.0358782 -0.0611408 0.0552346
internal_weight=359.26 32.9571 326.303 232.318 199.848 7.12844 93.9845 81.9286 47.974 33.9546 192.72 13.8798 13.0619 5.40303 178.84 14.6878 2.33523 31.6194 32.4701 16.7012 1.72541
internal_count=131117 842 130275 98999 98176 3738 31276 31090 2533 28557 94438 5147 626 1976 89291 2225 726 27831 823 639 1762
is_linear=0
shrinkage=0.12


Tree=144
num_leaves=48
num_cat=0
split_feature=48 67 80 68 68 57 5 54 32 28 87 50 48 45 68 65 62 18 9 54 57 27 62 75 18 46 50 27 13 82 71 50 48 28 62 11 23 38 5 27 27 68 48 82 57 50 0
split_gain=1.25393 1.68083 2.94671 2.70495 3.23805 8.58088 14.6932 2.49649 2.61557 2.93172 2.49196 2.09218 1.97849 1.93022 1.86581 2.46597 1.88178 1.29725 1.56811 2.44264 3.46604 1.98707 2.27028 2.00292 1.59859 2.21795 1.45649 1.36506 1.22455 1.20368 1.19305 1.16505 1.11279 1.1028 1.07575 0.916873 0.880687 0.872194 0.857431 1.14193 0.876114 0.86999 0.608397 0.511034 0.388077 0.110762 0.00263845
threshold=1.3572916984558108 2.5000000000000004 0.37500000000000006 8.5000000000000018 11.500000000000002 -0.10657555982470511 4.4162499904632577 0.14375532418489459 0.41975922882556921 44.283306121826179 0.47065000236034399 0.24316547065973285 0.80885416269302379 0.2080042436718941 14.500000000000002 10.841145515441896 -0.76116773486137379 0.37812499701976782 1.0000000180025095e-35 0.085489522665739073 -0.12842788547277448 82.449214935302749 0.11382192373275758 1.0000000180025095e-35 0.26614584028720861 0.17107080668210986 0.10246484354138376 83.704265594482436 4.7668499946594247 1.0000000180025095e-35 0.24561439454555514 0.34322877228260046 1.7885416746139529 11.326558589935305 19999983.000000004 0.46175000071525579 8.7417993545532244 1.0000000180025095e-35 9.0163002014160174 41.903360366821296 75.072582244873061 12.500000000000002 1.2614583373069765 1.0000000180025095e-35 0.89367452263832103 0.34917822480201727 21.066800117492679
decision_type=2 2 2 2 2 2 2 2 2 2 2 2 2 2 2 2 2 2 2 2 2 2 2 2 2 2 2 2 2 2 2 2 2 2 2 2 2 2 2 2 2 2 2 2 2 2 2
left_child=1 3 7 11 5 10 -7 8 9 -3 -5 12 36 -14 16 -16 -6 18 19 20 26 22 28 -24 25 -21 -2 -23 -20 -10 42 -26 -29 -4 38 -13 -1 -37 39 41 -41 -19 -9 -32 46 -22 -35
right_child=17 2 33 4 14 6 -8 30 29 -11 -12 35 13 -15 15 -17 -18 34 21 24 45 27 23 -25 31 -27 -28 32 -30 -31 43 -33 -34 44 -36 37 -38 -39 -40 40 -42 -43 -44 -45 -46 -47 -48
leaf_value=-0.073252154358638771 -0.062080171986296256 -0.04059893629076488 -0.035584591612605264 0.094264213116044299 -0.22392230770058622 -0.15665340495144667 -1.0998187860884669 0.088123059078304686 -0.028021721385374974 0.15598086840267264 -0.13549398094456111 -0.11716856538797114 -0.0068972424617485591 0.096072107438075677 -0.0048484169537308794 -0.094872015877499979 0.072394621849726976 -0.10006162858525189 0.032425013018201075 0.05155892266424196 -0.37418272845112055 -0.085542922946457198 -0.037145011537855627 0.063489748359632614 0.081592167870526644 -0.032365652921491357 0.028703942536777351 -0.027438091885091248 0.10760174443487225 -0.23817338483736256 -0.14763249582642457 -0.0031396506305125917 0.026528750976577715 0.1226669907858951 -0.10626240714640854 -0.038939419592406141 0.057086280427342949 0.12137005614458511 -0.062310932341567003 0.063644338590947577 -0.031336572791530203 0.0054465746416475207 -0.077027578377006634 -0.076910412816006871 -0.0023344780429108915 -0.26490227913764736 0.13455709188662779
leaf_weight=2.2161970219349381 3.985587427346216 2.6684015830901471 1.2668670055500109 1.880625925149616 0.32458635772309197 1.2242728682035693 0.29520054656404671 0.59159245785894909 0.73881831708695223 1.8497746488524169 1.06456528658191 1.4622054927021952 3.3883241712496774 11.583929559409397 165.98205835648241 4.5004597507863755 6.2725134272246796 2.0263600445850916 17.528023937767106 12.119971721215281 0.2538132433728596 4.1078049157731611 12.350840531172254 3.7014319304489609 16.076563432872721 7.2453403456966035 7.0394039638445065 18.195257175153532 3.795820979893505 0.83720452929946987 5.0027841592382174 2.7341893202355996 7.8868829848684063 1.683271111948671 1.9331283525025345 1.9241008770493411 1.1257047209169284 0.65511420485881888 3.5832465944076821 4.8331733374211581 1.9678514457536946 2.5311154385299233 0.70280124958298984 2.0842877113709619 0.41974136820499541 0.28189019623823697 0.31980323983589176
leaf_count=982 2102 863 252 4798 260 2762 797 501 325 926 1486 43 925 6357 30525 5180 12196 413 5870 5397 588 490 4498 1419 7561 2932 3707 7617 5627 541 712 679 2972 1932 151 1125 1052 942 73 1610 559 300 161 808 51 45 5
internal_value=-7.84819e-05 -0.00561254 -0.0405901 -0.00249641 -0.00734655 -0.108277 -0.33989 -0.0649909 -0.00654846 0.0398823 0.0112161 0.0368904 0.0541354 0.0727694 -0.00480182 -0.00722489 0.0578154 0.00908044 0.0135557 0.0297268 -0.0185986 0.00165181 0.0201469 -0.01394 0.044361 0.0201594 -0.00411495 -0.0212457 0.0458071 -0.139657 -0.107485 0.0692762 -0.0111193 0.055141 -0.0220287 -0.0412569 -0.0293482 0.00177879 -0.0111307 0.00501505 0.036162 -0.0414648 -0.00154678 -0.126833 0.102581 -0.316679 0.124565
internal_weight=356.243 222.065 18.1653 203.9 181.544 4.46466 1.51947 14.4757 6.0942 4.51818 2.94519 22.3556 18.3142 14.9723 177.08 170.483 6.5971 134.178 117.303 49.7368 11.5607 67.5661 37.3761 16.0523 38.1761 19.3653 11.025 30.1899 21.3238 1.57602 8.38147 18.8108 26.0821 3.68968 16.8749 4.04142 3.3419 2.57922 14.9417 11.3585 6.80102 4.55748 1.29439 7.08707 2.42282 0.535703 2.00307
internal_count=131117 76507 7077 69430 58004 9843 3559 4837 2655 1789 6284 11426 9316 7282 48161 35705 12456 54610 51504 23011 6442 28493 17414 5917 16569 8329 5809 11079 11497 866 2182 8240 10589 2240 3106 2110 2034 2067 2955 2882 2169 713 662 1520 1988 633 1937
is_linear=0
shrinkage=0.12


Tree=145
num_leaves=31
num_cat=0
split_feature=65 6 14 82 33 70 11 74 5 18 65 28 74 0 74 87 65 52 52 54 40 13 22 57 81 69 23 74 56 11
split_gain=1.79053 2.28098 2.54676 2.34866 1.68997 2.28006 2.29492 2.14237 1.92846 1.79283 1.44868 1.43554 2.70761 3.31535 3.28098 2.6485 1.37956 4.17643 17.8984 1.33318 1.82061 1.62227 0.857577 0.83532 1.07652 0.433309 0.189155 0.0667185 0.0636504 0.00507276
threshold=0.29270832240581518 11.153749942779543 0.1380179971456528 4.8750000000000009 0.42532500624656683 1.0000000180025095e-35 4.1501500606536874 0.053073871880769737 9.6265997886657733 0.27682292461395269 11.150520801544191 239.46430206298831 0.073022320866584792 21.540800094604496 0.14984391629695895 0.73945000767707836 11.62552070617676 2.2260416746139531 2.1820312738418584 0.33886758983135229 0.060254324227571494 -1.3363500237464903 1.8401666879653933 -2.4954067468643184 1.0000000180025095e-35 9.5000000000000018 0.58280083537101757 0.18467843532562259 0.60104167461395275 3.1817499399185185
decision_type=2 2 2 2 2 2 2 2 2 2 2 2 2 2 2 2 2 2 2 2 2 2 2 2 2 2 2 2 2 2
left_child=1 2 -1 22 5 7 23 8 26 10 -9 16 13 29 -14 -16 19 18 -18 21 -21 -6 -4 27 -25 -19 -2 -7 -11 -13
right_child=4 -3 3 -5 11 6 -8 9 -10 28 -12 12 14 -15 15 -17 17 25 -20 20 -22 -23 -24 24 -26 -27 -28 -29 -30 -31
leaf_value=-0.15902898549684685 0.17804362501028537 0.10376255246729325 -0.14202542429295709 0.21668347779020142 -0.014145482175500936 0.087268305312563091 -0.12578774135993015 -0.056798890417607203 -0.11914619241034655 0.14480916410958303 0.12038032489301231 0.13687497665119919 -0.20824693804915473 -0.069961086514648094 0.12810877624570902 -0.094828784602823055 -0.046817068533895598 -0.06023744050100048 -0.85379821858540561 0.070069154362695618 -0.0041211165542900724 0.0037208573160273919 0.044289773627429266 0.11142050494925164 -0.14204558732294512 0.11210309495908194 0.12699781815003891 0.14294127803641252 0.096743619866230479 0.12347564770445525
leaf_weight=1.26450356908026 1.6803441178053597 4.9293782721506432 0.63896435839160426 0.81393409858719667 155.14214841606781 0.71032722235941059 2.1902261779932815 3.5838267359445126 0.4324840297049376 0.91229118780756813 0.81578871825308841 0.53755701250247367 2.4917431950816535 2.7926290003374561 1.0787741896901937 2.6581652437193952 8.0452162073490818 0.23344789639486352 0.41625425852043996 8.1253177900262035 11.510443422041133 138.53266963134354 0.8025878374792228 0.41572897478181303 0.57507347075625148 2.0987726295975335 2.7662308359731469 0.54995993425700362 0.70201963182717009 1.6733461565563628
leaf_count=49 9 97 116 294 4904 424 145 966 9 159 2015 197 539 89 1463 731 7235 203 760 3901 3479 90674 536 579 217 4709 3374 287 601 2615
internal_value=-0.00351157 0.0510755 -0.0227073 0.0537194 -0.00482683 0.0341296 -0.0383374 0.0636761 0.12276 0.0157421 -0.0239458 -0.00660824 -0.0487836 0.0169521 -0.101589 -0.0304715 -0.0051466 -0.0473271 -0.0865158 -0.00369347 0.026579 -0.00571755 -0.038294 0.0467485 -0.0356942 0.0948524 0.146288 0.111563 0.123907 0.126734
internal_weight=359.12 8.44937 3.51999 2.25549 350.671 15.3343 4.44132 10.893 4.87906 6.01393 4.39962 335.336 11.2322 5.00353 6.22868 3.73694 324.104 10.7937 8.46147 313.311 19.6358 293.675 1.44155 2.25109 0.990802 2.33222 4.44657 1.26029 1.61431 2.2109
internal_count=131376 1092 995 946 130284 8785 1652 7133 3392 3741 2981 121499 5634 2901 2733 2194 115865 12907 7995 102958 7380 95578 652 1507 796 4912 3383 711 760 2812
is_linear=0
shrinkage=0.12


Tree=146
num_leaves=31
num_cat=0
split_feature=65 18 1 74 74 35 49 82 14 78 12 5 70 46 65 49 1 32 85 14 0 7 85 9 49 50 33 0 74 46
split_gain=1.47188 2.37064 1.51295 2.1159 2.29328 1.68467 1.5417 1.49628 3.42564 3.45828 1.74924 1.44924 1.45491 1.42312 1.22129 3.99437 7.67529 1.07336 1.0679 1.17656 0.972993 2.72614 0.947805 0.851577 0.814568 0.678802 0.59552 0.321322 0.28252 0.148162
threshold=0.61770832538604747 0.31145833432674414 406.29998779296881 0.085302911698818221 0.18837009370326999 253.29750061035159 0.61321449279785167 1.0000000180025095e-35 0.1380179971456528 1.0000000180025095e-35 0.37340000271797186 9.6265997886657733 1.0000000180025095e-35 0.14182579517364505 11.62552070617676 0.2154580503702164 221.26499938964847 0.21332029998302462 1.3411428332328799 1.0000000180025095e-35 21.294899940490726 0.24025899916887286 1.0000000180025095e-35 1.5000000000000002 0.55855640769004833 0.11888655647635461 0.44605000317096716 19.583000183105472 0.21432931721210483 0.074085317552089705
decision_type=2 2 2 2 2 2 2 2 2 2 2 2 2 2 2 2 2 2 2 2 2 2 2 2 2 2 2 2 2 2
left_child=1 7 5 11 13 14 29 23 -9 10 -10 12 26 27 18 17 -17 -16 19 -2 21 -7 -8 -1 -14 -15 -4 -5 -23 -6
right_child=2 -3 3 4 6 20 22 8 9 -11 -12 -13 24 25 15 16 -18 -19 -20 -21 -22 28 -24 -25 -26 -27 -28 -29 -30 -31
leaf_value=0.14372497540155571 -0.012860591520408884 -0.04796161805550981 0.12302667451423814 0.12023746518388216 0.04271803328496504 -0.22354664334697746 0.024376900663006844 -0.014512030278800048 -0.13861263449587138 0.19449920759326508 0.064980877026465864 -0.11898164084056662 0.062926450592581187 -0.22090439463237241 0.0036455750892432815 -0.71143160299851316 -0.07713039010148115 0.1284691338108741 -0.10294622068991126 0.0024471563671364803 -0.14364170519661193 0.12823701681109467 -0.11242933251079307 0.050369631198626634 -0.084789614727390619 -0.085855604399814628 0.0022765713411682324 -0.035452678292811589 -0.00048605936817797325 0.13514785724787531
leaf_weight=2.6015633645001861 128.07792861090275 5.5065897033728097 5.6818315021841954 0.37138821809457878 0.29741518389619148 0.62417041910521165 2.5732546348588134 11.921211772190874 0.83289557322859709 2.7823185506604204 2.247520310775144 0.5531198663957192 1.2000991831373542 1.0275606557042922 3.7908678168105308 0.2866508669558242 6.5917233149421008 1.3436052998831653 1.5861940145987308 166.0311257504942 2.0213480592783526 0.78885330247794605 1.0176244692265752 3.0644327576155774 0.97374641618807789 1.1202383086801999 0.65605438709917496 0.39276499372499529 0.35648004215158835 1.5576543733809556
leaf_count=327 2658 462 3982 792 372 25 1656 262 7 279 1604 11 439 269 930 323 9344 2782 227 99800 58 1289 46 326 234 379 285 21 642 1545
internal_value=-0.00304378 0.0228934 -0.00532715 0.0290854 -0.014466 -0.00725191 0.0314979 0.0395318 0.0224221 0.0975236 0.00993242 0.0692404 0.0814716 -0.100428 -0.0062724 -0.04378 -0.103564 0.0363098 -0.00474863 -0.00421903 -0.08676 -0.0217825 -0.0143928 0.0932341 -0.00324108 -0.150466 0.110527 0.0402147 0.0881725 0.120329
internal_weight=357.878 28.9565 328.922 17.4228 8.3579 311.499 5.44595 23.4499 17.7839 5.86273 3.08042 9.06485 8.51173 2.91195 307.708 12.0128 6.87837 5.13447 295.695 294.109 3.79085 1.7695 3.59088 5.666 2.17385 2.1478 6.33789 0.764153 1.14533 1.85507
internal_count=131376 3267 128109 10031 5080 118078 3619 2805 2152 1890 1611 4951 4940 1461 116064 13379 9667 3712 102685 102458 2014 1956 1702 653 673 648 4267 813 1931 1917
is_linear=0
shrinkage=0.12


Tree=147
num_leaves=28
num_cat=0
split_feature=65 6 14 82 1 74 74 74 28 6 46 12 74 13 80 49 32 56 0 76 9 81 13 74 64 7 65
split_gain=1.2452 1.90027 1.81971 1.97749 1.14734 1.75115 1.8435 1.38671 1.35093 1.23703 1.12303 1.02639 0.968578 1.10889 2.06091 1.2594 0.812981 1.07804 0.788218 2.31703 0.695589 0.669984 0.660445 0.536783 0.475529 0.335746 0.276784
threshold=0.29270832240581518 11.153749942779543 0.1380179971456528 4.8750000000000009 406.29998779296881 0.085302911698818221 0.18837009370326999 4.23539161682129 253.29750061035159 10.879300117492678 0.14940004795789721 0.37340000271797186 8.2826805114746112 -2.5172500610351558 1.0000000180025095e-35 0.42807559669017797 0.2179861590266228 0.096875000745058074 21.294899940490726 1.0000000180025095e-35 1.0000000180025095e-35 10.000000000000002 -0.59010002017021168 0.13559930026531222 28.500000000000004 13.618768215179445 10.363020896911623
decision_type=2 2 2 2 2 2 2 2 2 2 2 2 2 2 2 2 2 2 2 2 2 2 2 2 2 2 2
left_child=1 2 -1 22 8 9 10 20 12 11 26 -6 13 14 -2 -15 24 -18 19 25 -8 -13 -4 -12 -14 -10 -7
right_child=4 -3 3 -5 5 6 7 -9 18 -11 23 21 16 15 -16 -17 17 -19 -20 -21 -22 -23 -24 -25 -26 -27 -28
leaf_value=-0.13951572361451359 -0.0017166442932985222 0.092605340619088802 -0.13053989751177086 0.21114423281402434 -0.14420025610692422 -0.026725388304503418 0.10427653015281747 -0.088562750347693009 0.12634025603755436 0.12888325772321757 -0.07789977396233895 0.067991528780248889 0.039489947142481933 -0.0052262378624603999 -0.049988788332477871 0.020620430501185408 0.0023037102531435244 0.12425370639297045 -0.12865088905381106 -0.19778791030721926 0.0038548119096375641 -0.0411611361508889 0.035016132337253002 -0.20071547874362833 -0.055863511043052358 -0.024882862067424415 0.12022523576636236
leaf_weight=1.2567674994643296 31.40090339777089 4.7582141416642116 0.6205724728679346 0.68076588480744238 0.43761668074876237 0.45754265922368942 2.3492032964879854 1.1276589884394068 0.82134698740742285 2.8829134167244774 1.0532792099384098 4.2319393109246448 1.4842875455298092 237.76557285657805 21.425946447085153 30.645667373300739 1.8134001464638911 2.4597333400357684 1.9882378481597696 0.65198633854561183 1.7208271329036504 1.0013713761982215 0.78705300699493808 0.99802008136248321 1.5288686809822136 0.28469683948787861 0.30936675223711063
leaf_count=49 406 97 135 294 4 122 2363 591 1496 38 404 4602 521 90136 455 19697 895 5530 58 455 665 307 517 212 599 5 723
internal_value=-0.00262172 0.0438814 -0.0254245 0.0432342 -0.00370197 0.0271158 -0.0131827 0.0291921 -0.00523879 0.06488 -0.0913355 0.0323429 -0.00442171 -0.00540301 -0.0212953 -0.00227521 0.0388421 0.0725015 -0.0768921 -0.0183557 0.0618178 0.0471056 -0.0379717 -0.137653 -0.00889218 0.0874153 0.0325536
internal_weight=356.944 8.10337 3.34516 2.08839 348.84 16.5697 8.0159 5.19769 332.271 8.55384 2.81821 5.67093 328.524 321.238 52.8268 268.411 7.28629 4.27313 3.74627 1.75803 4.07003 5.23331 1.40763 2.0513 3.01316 1.10604 0.766909
internal_count=131376 1092 995 946 130284 10031 5080 3619 120253 4951 1461 4913 118239 110694 861 109833 7545 6425 2014 1956 3028 4909 652 616 1120 1501 845
is_linear=0
shrinkage=0.12


Tree=148
num_leaves=33
num_cat=0
split_feature=65 18 82 14 78 12 44 9 50 40 0 35 0 65 58 1 14 22 46 78 14 52 40 60 14 69 85 18 14 35 50 35
split_gain=1.06761 1.79471 1.25868 2.82961 3.08095 1.33548 1.06058 2.38345 2.60114 2.70479 2.26032 1.99139 1.8134 2.31132 3.18967 2.67355 3.43987 2.10044 1.67881 1.65425 1.39829 1.47271 1.40181 1.3241 1.28586 1.13277 1.12143 0.820095 0.507817 0.842988 0.507543 0.407949
threshold=0.61770832538604747 0.31145833432674414 1.0000000180025095e-35 0.1380179971456528 1.0000000180025095e-35 0.37340000271797186 0.31354166567325598 2.5000000000000004 0.048668475821614272 0.10276234149932863 4.6399500370025644 7.0740752220153817 9.3737502098083514 11.657031059265138 0.97088718414306652 186.58000183105472 1.0000000180025095e-35 5.6229667663574228 0.031780846416950233 1.0000000180025095e-35 0.1380179971456528 2.7083332538604741 0.15451551973819735 5.8390624523162851 1.1428419947624209 26.500000000000004 0.65661427378654491 0.42187500000000006 -1.1373974680900572 14.579538822174074 0.11014100164175035 6.3710865974426278
decision_type=2 2 2 2 2 2 2 2 2 2 2 2 2 2 2 2 2 2 2 2 2 2 2 2 2 2 2 2 2 2 2 2
left_child=1 2 28 -4 5 -5 12 8 9 11 27 -8 20 15 -15 16 -14 -17 30 24 -2 22 -22 -20 -12 -16 -11 31 -1 -30 -10 -9
right_child=6 -3 3 4 -6 -7 7 10 18 26 19 -13 13 14 25 17 -18 -19 23 -21 21 -23 -24 -25 -26 -27 -28 -29 29 -31 -32 -33
leaf_value=0.12576341139709277 -0.20596312889618973 -0.040949686163513348 -0.013405817908256616 -0.12441293642405613 0.19032069637694243 0.057277120601714401 -0.057754969198612331 -0.0096029941436464161 0.012442351263123727 -0.026855771627923443 -0.15029234974648822 0.1019113954169549 -0.11231157362203847 -0.24304388416830164 0.09138331361834591 -0.0096741108269174127 -0.01666695226589061 0.07433504444106262 0.00093992928820925046 0.012829878454384892 0.06966475740470493 -0.23356765118945316 -0.043639731156651346 -0.029203164248146264 -0.05450247259651711 -0.10090436922082729 0.048656317165510922 -0.04286187002031612 -0.016578334679110473 0.11342762441987825 0.13226214089067567 0.1251165921102583
leaf_weight=2.4746440723538399 0.34516746737062831 5.5748354817151258 11.918149630946575 0.79306388646364157 2.4634002010952827 2.1947302071039303 1.2698589429337541 0.42097068206930943 0.72030243032349917 7.5096748738060324 3.9172146688215417 9.849912303909603 8.4170952947679343 1.5780239314744897 0.8509102116206575 48.644426614123176 15.180734714547496 4.6997244514693639 173.88238112667386 2.3829597716830895 7.9465691372079128 0.27643738376627958 1.9602572865634327 23.865136729913274 4.1621002479059825 0.91615292431106354 4.5467111213574753 0.96467786315406545 1.3687171864803596 1.5112125819196078 1.7359326566534035 1.400414575772629
leaf_count=18 3 462 262 7 279 1604 358 225 618 2510 37 5917 142 404 1474 10378 4026 5821 64738 599 11258 23 774 12068 1741 218 2005 126 135 500 847 1799
internal_value=-0.0022987 0.020063 0.0350312 0.0193504 0.0909666 0.0090503 -0.00423127 -3.74577e-07 0.00293261 0.0409915 -0.0494533 0.0836778 -0.0152552 -0.0213958 -0.119044 -0.0171505 -0.0507824 -0.00227274 -0.0014732 -0.0750314 0.0315709 0.0396223 0.0472453 -0.00269789 -0.100946 -0.00831031 0.00162139 0.0465979 0.085897 0.0516409 0.0971244 0.0939793
internal_weight=355.743 28.2988 22.7239 17.3693 5.45119 2.98779 327.444 236.628 223.38 23.1762 13.2483 11.1198 90.8155 80.2871 3.34509 76.942 23.5978 53.3442 200.204 10.4623 10.5284 10.1833 9.90683 197.748 8.07931 1.76706 12.0564 2.78606 5.35457 2.87993 2.45624 1.82139
internal_count=131376 3267 2805 2152 1890 1611 128109 93588 89061 10790 4527 6275 34521 22463 2096 20367 4168 16199 78271 2377 12058 12055 12032 76806 1778 1692 4515 2150 653 635 1465 2024
is_linear=0
shrinkage=0.12


Tree=149
num_leaves=33
num_cat=0
split_feature=61 61 62 57 1 22 18 53 4 82 46 54 14 61 5 65 85 49 5 54 71 50 30 21 1 45 74 21 30 71 46 44
split_gain=1.08077 2.05117 2.05701 1.81156 1.74786 1.37538 1.2292 1.14994 1.13739 1.65733 1.51492 0.975446 0.968575 0.92882 0.980724 1.98911 1.98642 1.5018 1.41946 1.15937 0.888851 1.25205 0.852992 0.675664 0.611618 0.419464 0.414944 0.299036 0.252022 0.0874711 0.0766912 0.0517679
threshold=3.7608733177185063 0.43452742695808416 1.6624989509582522 -2.9639284610748287 176.36499786376956 2.3025833368301396 0.26796875894069677 0.039728365838527686 1.9296500086784365 0.62500000000000011 0.071391683071851744 0.08069313690066339 -1.0000000180025095e-35 0.03350185044109822 0.87299999594688427 11.506771087646486 0.32430000603199011 0.033411299809813506 1.0439500212669375 0.40458784997463232 -7.8077557086944571 0.2133346423506737 0.13437499850988391 0.13955000042915347 186.58000183105472 0.20302187651395801 0.20275012403726581 3.6518999338150029 0.88281250000000011 2.5047425031661992 0.083623655140399947 0.59479168057441723
decision_type=2 2 2 2 2 2 2 2 2 2 2 2 2 2 2 2 2 2 2 2 2 2 2 2 2 2 2 2 2 2 2 2
left_child=1 13 -3 4 -2 -5 24 -8 10 12 -4 -11 -10 14 15 16 -1 -17 31 -20 -7 23 -15 -22 -6 -24 -26 -9 -27 -12 -23 -16
right_child=3 2 8 5 6 20 7 27 9 11 29 -13 -14 22 18 17 -18 -19 19 -21 21 30 25 -25 26 28 -28 -29 -30 -31 -32 -33
leaf_value=-0.087370454463206529 -0.07113842601785679 -0.27100258216755452 -0.068989586945038608 -0.071759591937267678 0.21349523347757943 -0.10923442400304889 -0.037734973937400482 0.12091517754907666 -0.21910800162044064 -0.089487253379269452 0.069341097265611149 0.11761864856450835 -0.072618506827193785 -0.099495298972959612 0.12743887470401938 -0.060124642973945895 0.03895280504050621 0.12133022300765456 -0.0034020890528582782 0.034834432298073065 -0.019560012783512017 -0.054172127172915009 -0.027364480124804746 0.11404021469535389 0.15027097421319041 0.12467761806984012 0.062868065277897942 0.042692869745140721 -0.0030342753949474362 0.12761969679230561 -0.0093541759778045675 0.069378148064915601
leaf_weight=8.0343818062068504 1.2539999639161603 0.63619594738929564 1.7923165988811436 3.4963601456929592 0.93621269447612387 0.65734310450625333 1.7770828552511373 1.5482111165929384 1.2891631474194585 0.61897181249742039 0.88428450641367795 0.69537811532063643 1.3108331962162085 0.39461624234127102 1.1889725541352607 1.0400262851044311 2.3073071638866613 1.7825142146635924 297.66569035566806 11.874505032809564 0.69202229844813734 1.086425629022415 0.37453044362064281 2.5675558181051201 1.446948479137973 1.9420592538331223 1.702452657361391 1.2902682274798278 0.25129538723103895 0.63873924159088347 1.1130930464753417 0.271660931741735
leaf_count=5512 334 220 580 306 47 369 159 600 16 225 2102 722 911 137 1599 110 2277 4497 96805 4777 20 165 293 2216 518 2818 732 77 499 196 455 1082
internal_value=-0.00197988 -0.00358113 -0.064136 0.0254326 0.0613111 -0.0117239 0.0803995 0.0379649 -0.0459322 -0.0897359 0.00578577 0.0200855 -0.145253 -0.00212506 -0.00273634 -0.0348178 -0.0591868 0.0544692 -0.00137837 -0.00193527 0.0225945 0.0384684 0.064762 0.0856763 0.128338 0.090004 0.103024 0.0853582 0.110046 0.0937825 -0.0314915 0.11664
internal_weight=354.561 334.993 7.86588 19.568 9.95518 9.6128 8.70118 4.61556 7.22969 3.91435 3.31534 1.31435 2.6 327.128 324.165 13.1642 10.3417 2.82254 311.001 309.54 6.11644 5.4591 2.9625 3.25958 4.08561 2.56789 3.1494 2.83848 2.19335 1.52302 2.19952 1.46063
internal_count=131376 125378 4972 5998 2467 3531 2133 836 4752 1874 2878 947 927 120406 116659 12396 7789 4607 104263 101582 3225 2856 3747 2236 1297 3610 1250 677 3317 2298 620 2681
is_linear=0
shrinkage=0.12


Tree=150
num_leaves=28
num_cat=0
split_feature=79 26 35 3 85 48 52 5 69 85 82 21 14 21 85 23 46 7 50 23 10 11 54 53 5 6 4
split_gain=2.45681 2.77571 1.7345 1.91785 1.63967 2.04907 2.42165 1.55888 1.56031 1.5333 1.14074 9.49986 8.1156 6.5247 2.76268 3.98263 2.59061 2.16679 0.95188 0.547597 0.48 0.772845 0.35621 0.210103 0.000699284 4.2024e-06 1.10132e-06
threshold=1.0000000180025095e-35 1.0000000180025095e-35 11.326558589935305 340.27999877929693 0.77742856740951549 1.7635416984558108 2.076041698455811 8.92449998855591 26.500000000000004 1.044585704803467 0.62500000000000011 0.25426666438579565 -0.58035701513290394 0.13955000042915347 0.92115712165832531 0.86253532767295849 0.14621844887733462 12.442605018615724 0.17250342667102816 3.3437457084655766 1.0000000180025095e-35 1.4140000343322756 0.084900196641683592 0.50035610795021068 8.5436496734619158 9.963449954986574 4.1643500328063974
decision_type=2 2 2 2 2 2 2 2 2 2 2 2 2 2 2 2 2 2 2 2 2 2 2 2 2 2 2
left_child=1 10 9 4 5 23 -7 8 -6 19 13 -12 -13 -1 16 -16 -15 -14 -5 -2 21 -21 -22 -4 25 26 -11
right_child=2 -3 3 18 7 6 -8 -9 -10 24 11 12 17 14 15 -17 -18 -19 -20 20 22 -23 -24 -25 -26 -27 -28
leaf_value=-0.058935932197814615 -0.067788642169218719 -0.12907824212936844 0.12627280167234209 0.064078305848001865 0.1329905420346435 -0.20450618688511413 0.062498483588372872 -0.078216989828880021 -0.078338269016921189 0.12026421299985103 0.13361882138802642 -0.11299528444601806 0.0095425515734421547 -0.0077584929482430896 -0.10453464462644592 0.068695854097792317 0.025594412341954181 -0.025215438676557591 -0.14323987172555966 0.053187835675381191 0.056019145665555312 -0.048690941837775649 -0.010261789663346657 0.041583423243066242 0.12624306656894249 0.1212481291575038 0.12070711095301914
leaf_weight=22.655756237476453 2.2120237094022768 2.5883405481176842 7.9936497488826053 0.47222338032531641 1.6533709917547406 0.62469137211246506 2.2542705298851615 1.8498903271538436 0.72314899544267053 0.31300952490198486 6.0283466567634596 12.316846737150625 45.859184608013948 95.851299592289706 2.1313103894935947 18.496778213647985 51.581334296906562 59.12416069486062 0.98229224205238097 1.400643091996242 2.6117076636601269 4.5729207623119237 2.1116140899230231 0.44532983986141506 0.76580356535305327 0.098772372804887709 0.10900296094769146
leaf_count=390 210 216 19551 586 1761 260 1641 75 1278 1507 368 394 36649 31984 36 7121 23498 1052 330 470 263 856 506 283 111 54 29
internal_value=-0.00215426 -0.00531978 0.0299768 0.0558349 0.0681645 0.0919809 0.00456249 0.00438661 0.0686855 -0.000987736 -0.00429977 -0.0132935 -0.0208437 0.00151613 0.00966549 0.0507975 0.00391048 -0.0100323 -0.0759319 -0.0134385 -0.00219933 -0.0248031 0.0263875 0.121804 0.123936 0.120544 0.120379
internal_weight=347.828 316.633 31.1944 16.9989 15.5444 11.3179 2.87896 4.22641 2.37652 14.1955 314.045 123.329 117.3 190.716 168.061 20.6281 147.433 104.983 1.45452 12.9089 10.6969 5.97356 4.72332 8.43898 1.28659 0.520785 0.422012
internal_count=131479 101708 29771 25765 24849 21735 1901 3114 3039 4006 101492 38463 38095 63029 62639 7157 55482 37701 916 2305 2095 1326 769 19834 1701 1590 1536
is_linear=0
shrinkage=0.12


Tree=151
num_leaves=42
num_cat=0
split_feature=79 28 1 85 23 40 85 76 61 12 18 49 13 40 61 74 23 65 58 56 74 54 0 5 75 56 48 52 85 28 32 69 40 13 0 40 23 5 13 6 4
split_gain=2.01506 1.4942 1.59213 1.53888 1.60419 1.46064 2.37236 2.4222 2.09108 2.57037 2.04048 1.96915 1.67028 1.42984 1.42911 1.67588 4.39663 2.47327 1.66813 2.5949 1.8953 1.84826 1.84659 1.76768 1.52235 1.4947 1.40553 2.42449 1.33848 1.24627 0.921458 0.719026 0.645115 0.925368 0.624567 0.420339 0.0106296 0.000489529 1.1961e-05 2.93875e-06 7.68023e-07
threshold=1.0000000180025095e-35 11.326558589935305 440.27999877929693 0.37557499110698706 0.58280083537101757 0.33606606721878057 1.0000000180025095e-35 1.0000000180025095e-35 -25.292900085449215 0.98110002279281627 0.25546874105930334 0.20805837213993075 -1.0079500079154966 0.48753240704536444 -27.281066894531246 0.044952655211091049 0.86253532767295849 9.3520836830139178 19999967.000000004 5.6770834922790536 0.024316119030117992 0.33886758983135229 22.171150207519535 9.0163002014160174 1.0000000180025095e-35 2.3890625238418584 1.7885416746139529 2.076041698455811 1.044585704803467 141.6318283081055 0.3113656491041184 35.500000000000007 0.047864580526947982 -0.51710000634193409 11.949249744415285 0.12553957104682925 0.58280083537101757 8.5436496734619158 3.457149982452393 9.963449954986574 4.1643500328063974
decision_type=2 2 2 2 2 2 2 2 2 2 2 2 2 2 2 2 2 2 2 2 2 2 2 2 2 2 2 2 2 2 2 2 2 2 2 2 2 2 2 2 2
left_child=5 28 3 26 -5 14 8 10 -7 -10 11 -8 -12 -6 15 17 -17 -1 22 21 -21 -20 29 -24 -18 -19 36 -28 32 -16 -11 35 -2 -34 -35 38 -3 39 -4 40 -30
right_child=1 2 31 4 13 6 7 -9 9 30 12 -13 -14 -15 18 16 24 25 19 20 -22 -23 23 -25 -26 -27 27 -29 37 -31 -32 -33 33 34 -36 -37 -38 -39 -40 -41 -42
leaf_value=-0.03128137809380719 0.045296488581607411 0.13175286611768453 0.12188409608913831 -0.05143454224639385 0.12371297416122157 -0.10889800943747334 -0.29403037402374416 0.045684459864060424 -0.052617676806878018 0.014142741288042996 -0.10287401340563293 -0.085040499118967577 0.021173722329367792 -0.02692168257739784 -0.0058787340010798186 -0.13189304171355476 0.073020277944741641 0.0050193087816738577 -0.028550353823098777 -0.26669248238334786 -0.075242294282491712 0.12128560589686081 -0.018302250165796435 -0.14779793625474882 -0.0064572179521600239 0.16678003318096252 -0.18074594802077182 0.12456831016511716 0.12023443247822364 0.013248720602523833 0.11577810134876844 -0.14480012786261792 -0.10457127704486009 -0.039455048322712932 0.024767384738362239 -0.069340760483158403 0.12158144566015142 0.12553985670071258 0.12040385913535297 0.12110760130926662 0.12062705698871574
leaf_weight=2.0585903055953194 2.3219889769211504 2.3220406903419626 0.12916384443087625 2.5933025684207678 2.5450869696697969 1.870519657008116 1.2713632277409472 2.1065518276691355 3.3541157860017865 1.9806371236263656 4.8899810256552874 1.3266919402476558 2.297415288945559 1.4101719926875373 170.66387386795407 2.7776286921471209 6.9788454425688524 1.0853915529451112 16.616757641507782 1.0260885237616997 2.7143719661630712 1.2765530997608028 4.2347530295728566 2.3660422264365479 6.9034648776560061 3.3969328131061047 0.64100807582963149 0.90093696930125589 0.27767909867577489 68.837949223243413 3.6549768695290368 0.78370088355586631 1.7384315670205968 4.5543432244030537 4.1836284183755197 0.33850682726369996 4.0775283894438417 0.68277798567214631 0.20083544099588835 0.087698663948685862 0.096737185886013322
leaf_count=292 542 93 93 17 5317 157 223 551 47 468 100 435 975 200 47588 84 2061 364 8193 359 810 719 1364 55 1624 844 178 1047 1507 32775 1620 120 182 904 677 24 17997 111 679 54 29
internal_value=-0.00189261 0.0278812 0.0529748 0.0649801 0.0219149 -0.0047292 -0.0340105 -0.0710404 0.00653726 0.0305562 -0.0961682 -0.18731 -0.0632228 0.0700071 -0.0024393 0.0261311 0.0059226 0.0776027 -0.00491508 -0.0368624 -0.127761 -0.0178607 -0.00210674 -0.0647197 0.0334973 0.12761 0.100492 -0.00235509 -0.000809983 -0.000381094 0.0800583 -0.0668141 -0.0119301 -0.0246138 -0.00870617 0.0246102 0.125272 0.123498 0.120983 0.120482 0.120336
internal_weight=343.575 29.8856 15.9423 14.4901 6.54856 313.689 22.7523 11.892 10.8602 8.98973 9.78545 2.59806 7.1874 3.95526 290.937 23.2009 16.6599 6.54091 267.736 21.6338 3.74046 17.8933 246.103 6.6008 13.8823 4.48232 7.94151 1.54195 13.9433 239.502 5.63561 1.45221 12.7984 10.4764 8.73797 0.668506 6.39957 1.14489 0.329999 0.462115 0.374416
internal_count=131479 29771 25765 24849 5534 101708 4576 2284 2292 2135 1733 658 1075 5517 97132 5269 3769 1500 91863 10081 1169 8912 81782 1419 3685 1208 19315 1225 4006 80363 2088 916 2305 1763 1581 796 18090 1701 772 1590 1536
is_linear=0
shrinkage=0.12


Tree=152
num_leaves=30
num_cat=0
split_feature=79 26 28 2 70 48 52 6 0 14 75 68 74 23 57 74 74 74 70 57 32 27 46 27 28 5 45 27 22
split_gain=1.65435 2.42499 1.30048 1.32959 1.23125 1.276 1.91327 1.21645 1.10073 2.2897 1.11825 1.04119 0.926878 3.22217 1.81722 1.20201 2.09861 1.84713 0.754971 1.23579 0.542966 0.848063 0.537488 0.373495 0.0202422 0.00572037 0.00130732 0.0003707 5.57669e-05
threshold=1.0000000180025095e-35 1.0000000180025095e-35 11.326558589935305 0.88055998086929332 1.0000000180025095e-35 1.7885416746139529 2.076041698455811 11.860249996185305 22.579049110412601 9.4065589904785174 1.0000000180025095e-35 17.500000000000004 1.9569962620735171 1.5313089489936831 -0.17533903568983075 0.40086615085601812 0.59426805377006542 0.38463802635669714 1.0000000180025095e-35 -49.530933380126946 0.20634794980287555 70.180442810058608 0.14019671082496646 33.297288894653327 18.046968460083011 9.4421997070312518 0.20542784035205844 60.754747390747077 2.9240584373474126
decision_type=2 2 2 2 2 2 2 2 2 2 2 2 2 2 2 2 2 2 2 2 2 2 2 2 2 2 2 2 2
left_child=1 8 18 4 5 25 -7 11 12 -10 24 -6 15 -14 -15 17 -17 -1 20 -20 23 -22 -5 -2 -11 -4 -25 -21 -29
right_child=2 -3 3 22 7 6 -8 -9 9 10 -12 -13 13 14 -16 16 -18 -19 19 27 21 -23 -24 26 -26 -27 -28 28 -30
leaf_value=-0.0033079072601351926 -0.015721772446494538 -0.12764750570338657 0.12165389519828332 -0.11963273756022984 0.014355165031689179 -0.15010935592336166 0.12411711970082563 -0.067769379023429541 -0.23093998355591008 0.081805626632978676 -0.12663314640068676 0.13054041532812299 -0.11101552057847804 0.027193704892684616 -0.10409805088452238 0.057085033198168926 -0.00070734516913771193 -0.11730252840452091 -0.15244183501577968 0.12626810486287038 0.038345206890877885 -0.03125891062929962 0.031003127749574894 -0.1207247679275667 0.11982723796196541 0.13021739729259921 -0.13033399195608486 0.12232244531801904 0.12048164862233689
leaf_weight=248.35828302121604 0.90029372682329334 2.2734075226494488 3.8866322783400147 0.85731253645030736 3.2681306817333962 0.67660894413529582 0.79902833091955472 1.5569404764100907 0.93086873945139759 0.37644332685886162 0.49566393976510881 1.6824875774605059 4.967433786354376 9.1664414694062071 1.8193953613936162 13.304940340021856 28.279335134303892 2.0638885796743116 0.28370401326083072 0.33336327536648092 4.5438465820448055 5.661301576616097 0.56647474936892195 0.64608312580458005 0.43420103201333404 1.5798607472024739 0.29787447747366969 0.66430364661664476 0.36842247972799669
leaf_count=79999 58 216 17801 484 4112 178 1033 14 407 116 249 1579 83 4754 320 4943 9561 541 14 426 459 237 432 1407 519 132 16 244 1145
internal_value=-0.00163575 -0.00416307 0.026003 0.0505727 0.0622462 0.0973991 -0.00162116 0.0247457 -0.00325807 -0.0871268 0.0153538 0.0538412 -0.0026488 -0.0308143 0.00545011 -0.00111003 0.0177834 -0.00424741 -0.000672654 0.0754593 -0.0110966 -0.000267648 -0.0597 -0.0710183 0.102171 0.124129 -0.123757 0.122789 0.121666
internal_weight=341.043 312.47 28.5727 14.8735 13.4497 6.94213 1.47564 6.50756 310.197 2.23718 1.30631 4.95062 307.96 15.9533 10.9858 292.006 41.5843 250.422 13.6992 1.64979 12.0494 10.2051 1.42379 1.84425 0.810644 5.46649 0.943958 1.36609 1.03273
internal_count=131479 101708 29771 25765 24849 19144 1211 5705 101492 1291 884 5691 100201 5157 5074 95044 14504 80540 4006 1829 2177 696 916 1481 635 17933 1423 1815 1389
is_linear=0
shrinkage=0.12


Tree=153
num_leaves=33
num_cat=0
split_feature=40 0 18 70 53 49 80 46 27 62 70 50 50 48 48 40 0 27 9 22 56 18 53 82 13 71 28 71 28 1 28 28
split_gain=0.841542 1.70738 1.54123 3.1881 1.44517 1.91584 1.71829 1.2571 1.09088 1.25049 1.9158 0.907712 2.70156 2.18672 2.31387 2.97592 2.92727 2.22898 2.55369 2.01201 1.52472 2.30013 1.67842 0.896454 2.0233 0.812872 0.69642 0.487178 0.466581 0.274434 0.0818993 0.0214254
threshold=0.28884215652942663 15.002099990844728 0.22604166716337207 1.0000000180025095e-35 0.075001392513513579 0.1909340098500252 0.37500000000000006 0.12770815193653109 131.14009857177737 0.70164781808853161 1.0000000180025095e-35 0.20363378524780276 0.20207906514406207 1.4507812857627871 1.1757812500000002 0.16517036408185962 20.22970008850098 72.639316558837905 1.0000000180025095e-35 6.4318251609802255 5.3765625953674325 0.25546874105930334 0.50919735431671154 0.62500000000000011 0.068700000643730177 -8.3221216201782209 8.5425338745117205 3.182808637619019 122.15229797363283 218.06500244140628 5.3506467342376718 -3.4932692050933833
decision_type=2 2 2 2 2 2 2 2 2 2 2 2 2 2 2 2 2 2 2 2 2 2 2 2 2 2 2 2 2 2 2 2
left_child=8 2 3 -2 5 -3 7 -6 11 -10 26 12 20 14 16 -16 -13 19 -19 -15 22 -22 -1 27 -25 -26 -11 29 -28 -4 -29 -12
right_child=1 4 23 -5 6 -7 -8 -9 9 10 31 13 -14 17 15 -17 -18 18 -20 -21 21 -23 -24 24 25 -27 28 30 -30 -31 -32 -33
leaf_value=0.0063194362544666755 0.10782510856321781 -0.029526652701511422 -0.077809251835965515 -0.31418951276272755 -0.024049437927462735 -0.13703537492145604 -0.064506635065599505 0.068292931658419403 0.14593612895064115 -0.12712236022337289 0.096048350653507752 0.021604547001886937 0.14554239163841687 -0.098388131471129653 0.05501220585732218 -0.078552645378615435 -0.064155995302859231 0.043770186288691434 -0.053562828131194687 0.090908840133222341 0.041083836282888947 -0.055121486471981687 -0.073862778852279917 -0.10481772712223349 -0.10278301645832244 0.096739523355173787 0.12047993151979222 0.07502299348443088 -0.082880109520659662 0.069913025806423293 0.13318934395911167 0.12521560864040762
leaf_weight=209.29682827165442 0.49944733947677178 6.2453075772809843 0.29780135233886573 0.53272288586367722 4.2047867285723424 3.8634874424551526 5.2992807894079297 4.2876648841593124 1.5485390423737033 1.1184455282391352 0.59407421867308585 11.462110686597045 1.903100283803268 9.6343864844725431 16.264982598039754 2.8183935205803428 11.462958801511375 6.8735258713904832 8.9174164504061064 0.88261732453543196 4.7966085548118285 14.093161292955072 3.8280582025388403 1.4367148100718621 0.33624448657701389 2.3423846162540962 0.35964794220763008 0.42613490881194627 0.29632272809249116 0.46210807830357226 1.9152296871134238 0.9310066490970712
leaf_count=79630 457 572 106 458 368 351 408 509 364 319 215 10437 433 2360 7235 1291 541 2285 2927 1871 4358 5528 1970 68 190 2588 557 139 103 700 1589 552
internal_value=-0.00143092 -0.0199029 0.0271699 -0.109985 -0.0361491 -0.0706155 -0.0108865 0.0225723 0.00050296 0.0569748 0.0152229 -0.000402886 0.00315109 -0.0125718 0.00441808 0.0352862 -0.0212773 -0.0397012 -0.0111954 -0.0825018 0.00198312 -0.0306924 0.00487924 0.0467867 0.0100715 0.0716937 -0.0695487 0.0955071 0.0286158 0.0120221 0.122603 0.113854
internal_weight=339.232 32.1493 8.24879 1.03217 23.9005 10.1088 13.7917 8.49245 307.082 4.84804 3.2995 302.234 233.918 68.3164 42.0084 19.0834 22.9251 26.3079 15.7909 10.517 232.015 18.8898 213.125 7.21662 4.11534 2.67863 1.77442 3.10127 0.655971 0.759909 2.34136 1.52508
internal_count=131479 8503 6295 915 2208 923 1285 877 122976 2110 1746 120866 91919 28947 19504 8526 10978 9443 5212 4231 91486 9886 81600 5380 2846 2778 979 2534 660 806 1728 767
is_linear=0
shrinkage=0.12


Tree=154
num_leaves=11
num_cat=0
split_feature=85 85 7 43 1 28 32 18 0 71
split_gain=0.859837 1.3083 2.05701 0.816121 0.795046 1.3006 2.37693 0.936692 0.97153 0.933897
threshold=1.3411428332328799 1.3168857097625735 4.0665884017944345 -0.88930144906043995 129.14500427246097 3.6548196077346806 0.20436896383762362 0.053124999627470977 21.066800117492679 0.90596848726272594
decision_type=2 2 2 2 2 2 2 2 2 2
left_child=1 3 -3 -1 5 6 -5 9 -9 -6
right_child=-2 2 -4 4 7 -7 -8 8 -10 -11
leaf_value=-0.12460325350560292 -0.09167795698210969 -0.047955461736029194 0.12120006366171208 -0.045612877955174505 -0.02029688640547414 -0.17186406159651252 0.12488090891176949 0.0026850520177501662 -0.012984858002416893 0.11753733345679013
leaf_weight=0.77635290674288526 1.5069835655322084 1.580277038450389 3.0012754085171309 8.1564716235993675 1.1294393878938529 0.90061565825817602 1.3761699930973925 242.58302554683377 74.464622603815315 1.8964022714944233
leaf_count=208 235 394 479 3054 534 445 78 120865 3777 1410
internal_value=-0.00123744 -0.000831648 0.0628546 -0.00171241 -0.00142374 -0.0340226 -0.0209997 -0.000361138 -0.000995322 0.0660887
internal_weight=337.372 335.865 4.58155 331.283 330.507 10.4333 9.53264 320.073 317.048 3.02584
internal_count=131479 131244 873 130371 130163 3577 3132 126586 124642 1944
is_linear=0
shrinkage=0.12


Tree=155
num_leaves=31
num_cat=0
split_feature=78 15 27 0 22 48 16 22 44 10 65 28 52 15 53 53 40 5 2 48 75 69 87 70 28 14 2 11 22 28
split_gain=1.3811 11.6318 4.21368 4.35498 4.14947 2.54357 3.07598 2.69052 2.50909 1.99372 2.77474 2.08882 1.98868 1.87922 2.40569 2.99004 2.0147 1.83689 1.97246 1.56684 1.37857 2.1806 1.65326 1.14897 1.8738 0.98111 1.09402 0.935641 0.725721 0.0103154
threshold=1.0000000180025095e-35 2.2265260219573979 63.469757080078132 15.735100269317629 0.37656250596046453 1.0010416507720949 1.0000000180025095e-35 0.20852916687726977 0.45104165375232702 1.0000000180025095e-35 0.61770832538604747 118.60055541992189 2.326041698455811 1.1508479714393618 0.20417419821023944 0.1903728395700455 0.34408029913902288 7.8476500511169442 0.89441001415252697 1.3489583730697634 1.0000000180025095e-35 9.5000000000000018 0.24995714426040652 1.0000000180025095e-35 7.0740752220153817 0.38016299903392797 0.30185000598430639 2.2012499570846562 2.4437083005905156 15.920272350311281
decision_type=2 2 2 2 2 2 2 2 2 2 2 2 2 2 2 2 2 2 2 2 2 2 2 2 2 2 2 2 2 2
left_child=5 -2 4 23 -3 7 12 -1 9 11 -11 -9 20 19 15 -15 -16 18 -10 -8 22 -22 -7 24 -4 -6 -27 -19 -25 -14
right_child=1 2 3 -5 25 6 13 8 17 10 -12 -13 29 14 16 -17 -18 27 -20 -21 21 -23 -24 28 -26 26 -28 -29 -30 -31
leaf_value=-0.064300333803299858 -0.13836369499544343 0.43863343776213243 -0.059436516986885082 -0.10783880037538091 -0.042652998135396802 -0.091026814390481756 -0.056094853933315349 -0.019689722013009458 0.11724744252523994 0.085061136327533426 0.012350236457527686 0.036855828360049595 0.086585918067312639 8.7837119009602336e-05 0.036606217589667339 -0.067612585102678743 -0.039686290166875096 -0.012399056377306289 -0.2055464071348404 -0.0046702730914779103 -0.28417302702411812 -0.080170188288718608 0.092162682219768727 0.0068514225109614383 0.13024415168803299 0.00044117784815356535 0.12729168848625183 0.060622232948074971 0.12781258732625025 0.11348896039512024
leaf_weight=5.4472068036266128 8.8722206365273468 0.49635671824217098 2.5554861263717599 4.4527448651315353 0.83843464404344548 3.2392703548648552 15.406078765747223 32.457198166887338 7.6803383735675679 10.883895478819793 24.729480019356288 13.246715862504344 0.40747004567128886 112.52648258496265 39.176932369440237 10.249815693870231 5.7109503250192111 4.4529754457389554 0.282628154473059 19.121216934319818 1.1948721113731156 2.0472835393302375 0.90835621679980239 1.0046432924282274 1.0614727027214028 1.2873405416253261 4.0881310452591606 5.8415671628608834 2.470819365983516 0.41350483701353369
leaf_count=119 128 4 268 387 11 1097 307 8124 8484 1295 7925 7216 176 47212 31998 5694 1561 280 40 374 18 854 626 47 1144 326 3782 418 984 448
internal_value=0.000332296 -0.0256497 0.0291298 -0.0148228 0.104751 0.00256684 -0.00504642 0.0178193 0.0223117 0.0132857 0.0345716 -0.00330069 -0.0770472 -0.00212256 0.00312732 -0.00556404 0.0268998 0.0625125 0.105791 -0.0276159 -0.0967316 -0.155354 -0.0509072 0.0435742 -0.00377073 0.0780815 0.096913 0.0290364 0.0928466 0.100136
internal_weight=342.552 27.1276 18.2554 11.5452 6.71026 315.424 210.402 105.022 99.5748 81.3173 35.6134 45.7039 8.21076 202.191 167.664 122.776 44.8879 18.2575 7.96297 34.5273 7.38978 3.24216 4.14763 7.09242 3.61696 6.21391 5.37547 10.2945 3.47546 0.820975
internal_count=131347 7081 6953 2830 4123 124266 90365 33901 33782 24560 9220 15340 3219 87146 86465 52906 33559 9222 8524 681 2595 872 1723 2443 1412 4119 4108 698 1031 624
is_linear=0
shrinkage=0.12


Tree=156
num_leaves=27
num_cat=0
split_feature=11 80 11 69 18 52 80 14 65 15 0 0 81 14 38 14 85 28 22 18 48 0 30 0 4 18
split_gain=1.28685 8.15774 3.34579 1.98887 3.11327 3.2553 1.64477 6.04617 2.69104 3.56166 3.29098 2.91069 2.51923 9.88614 4.69093 5.88429 1.93761 3.14944 3.14166 2.63488 1.7724 1.34533 1.33206 1.31291 1.05374 0.22427
threshold=0.75580000877380382 0.37500000000000006 0.57284998893737804 3.5000000000000004 0.35312499105930334 1.8635416626930239 0.37500000000000006 -0.82713100314140309 0.55416667461395275 1.6102454662323 17.752499580383304 2.4531500339508061 10.000000000000002 0.1380179971456528 1.0000000180025095e-35 0.60028550028800975 1.0625285506248476 5.3506467342376718 0.20852916687726977 0.21770833432674411 1.0197916626930239 12.098999977111818 0.38281250000000006 6.64674997329712 4.1643500328063974 0.29895834624767309
decision_type=2 2 2 2 2 2 2 2 2 2 2 2 2 2 2 2 2 2 2 2 2 2 2 2 2 2
left_child=1 3 25 -1 5 -5 12 -8 10 -10 21 -11 16 -14 15 -15 17 22 -18 -20 -19 -9 -2 -16 -7 -3
right_child=6 2 -4 4 -6 24 7 8 9 11 -12 -13 13 14 23 -17 18 20 19 -21 -22 -23 -24 -25 -26 -27
leaf_value=-0.10420826113931249 0.027785587229532008 0.099835325726350579 -0.02845303325716712 0.062774924057555817 -0.095534182269194148 -0.011645021955928985 -0.11123300334037273 0.0670682155702233 -0.043199113083107962 -0.17178986810297314 0.17966177978277911 0.01245573726879492 -0.15511122812968056 -0.13607210151016141 -0.024270173278672043 0.035263505512010629 -0.046101666233403671 0.037736628935576333 -0.15637347423590503 0.11394468148011458 0.0084301497576719439 -0.085970799267051243 -0.047104026593282514 0.15140769549145433 -0.08379868918830069 0.1424901713122653
leaf_weight=7.0693373130152386 4.3069815770650193 3.7133699840860555 3.1423562025597676 6.5077293432891627 7.8952997704291183 6.7464630477122665 7.6950146384770042 1.8663670930727669 26.287660513160517 1.2585107861304994 2.5737656757992227 65.286604651315884 6.337067712214778 4.1328652538286432 0.72765078047177567 9.5706942794765819 2.9222586495889109 45.105477140260575 0.55350101459924772 8.3899015710474014 87.099413345476364 1.4855290184914336 16.609817478730747 3.8736144733011315 5.13155525865659 3.4003656684435555
leaf_count=200 314 487 598 533 195 762 356 444 268 1180 82 32990 110 26 1009 3835 84 21768 749 5112 53090 346 4472 2000 143 194
internal_value=0.000322465 -0.0189233 0.0746712 -0.047706 -0.0325074 -0.00544216 0.00315694 -0.00878018 -0.00079731 -0.00580194 0.0776064 0.00897126 0.00985816 -0.0259309 0.0187909 -0.0164097 0.0152035 0.0115834 0.0619191 0.0972149 0.0184289 -0.000757245 -0.0316835 0.123626 -0.0428169 0.120224
internal_weight=339.689 43.6065 10.2561 33.3504 26.281 18.3857 296.083 106.453 98.7584 92.8328 5.92566 66.5451 189.629 24.6419 18.3048 13.7036 164.987 153.122 11.8657 8.9434 132.205 3.3519 20.9168 4.60127 11.878 7.11374
internal_count=131347 3112 1279 1833 1633 1438 128235 35666 35310 34438 872 34170 92569 6980 6870 3861 85589 79644 5945 5861 74858 790 4786 3009 905 681
is_linear=0
shrinkage=0.12


Tree=157
num_leaves=42
num_cat=0
split_feature=50 50 48 54 33 82 11 54 58 0 40 21 23 78 48 11 82 57 10 54 50 11 50 21 82 27 48 48 68 1 27 5 50 64 54 82 15 27 87 11 71
split_gain=1.14387 2.75197 4.55199 2.59038 2.35241 2.46143 3.87269 2.90633 2.07386 2.18176 1.9091 1.84707 1.50156 2.12254 1.42731 2.01409 1.74006 1.59996 1.45372 2.45456 1.47386 2.17321 1.79006 1.41488 1.41024 1.3896 1.1968 1.15156 1.14886 0.962537 0.951591 1.0661 0.899214 0.783383 0.776918 0.594726 0.48941 0.35558 0.207755 0.17533 0.0520041
threshold=0.11510748043656351 0.11014100164175035 1.338541626930237 0.055347668007016189 1.1579142808914187 0.37500000000000006 0.34534999728202825 0.14712055772542956 -9.7324090003967267 21.294899940490726 0.11951156333088876 1.8832083344459536 2.4146082401275639 1.0000000180025095e-35 0.85885417461395275 1.613849997520447 0.37500000000000006 -30.803324699401852 1.5000000000000002 0.061834029853343971 0.16084793210029605 1.2994499802589419 0.17148023098707202 2.212287545204163 1.0000000180025095e-35 30.018787384033207 1.1867187619209292 0.7838541865348817 16.500000000000004 353.88999938964849 64.647968292236342 8.0480999946594256 0.097570922225713744 37.500000000000007 0.08342070505023004 1.0000000180025095e-35 1.6102454662323 24.947354316711429 0.24995714426040652 1.9289500117301943 0.5723608434200288
decision_type=2 2 2 2 2 2 2 2 2 2 2 2 2 2 2 2 2 2 2 2 2 2 2 2 2 2 2 2 2 2 2 2 2 2 2 2 2 2 2 2 2
left_child=1 4 3 -3 5 6 -1 -8 -7 -10 39 12 -6 -14 15 16 -2 25 20 -20 21 -19 -22 34 -21 -16 35 28 40 -30 33 -32 -25 -27 -13 -5 -29 -18 -38 -4 -17
right_child=14 2 10 26 11 8 7 -9 9 -11 -12 23 13 -15 17 27 37 18 19 24 22 -23 -24 32 -26 30 -28 36 29 -31 31 -33 -34 -35 -36 -37 38 -39 -40 -41 -42
leaf_value=-0.14018075357427542 -0.086691914529266292 -0.31088376084218383 0.068184793681332317 -0.091768152856909799 -0.048308792387957579 -0.17562417856430015 0.045358855866572338 -0.010517647150680718 -0.001243316467772012 -0.068678830278553898 -0.062250702987321681 -0.19771845042334832 -0.0034581723152613784 0.17845569281429322 -0.11936777151911895 0.066481050887225043 -0.0033135686734061245 -0.026694013095354022 -0.26051692093600382 -0.11690000823887994 -0.059143863404134377 0.046561508745557409 0.0072598147669702901 0.0050216868385461293 0.035700105086858593 -0.023641226998476844 -0.14922470981388225 0.19872117147375434 0.046451081213991559 -0.066328858563871412 -0.082003347950237782 0.0091878309160769583 -0.12829908987267358 0.068736386106025449 -0.08481241448142339 0.11393664274115192 0.035635767736720801 0.12398599021987355 0.12751893700025341 0.14368702973730413 0.13264940535492759
leaf_weight=2.0650320250533687 2.6737506776271394 1.1999426843547087 0.80277281636335851 0.36710957359355267 12.079262996382569 1.0855612840539368 40.635425710965364 20.002763120366126 64.071929013379417 7.7436081740067939 1.9274235414832217 1.7138482590262349 13.764187204705873 0.99003867477222307 2.2711495022157342 0.18857004109906794 0.48821195466848599 7.3494245111251066 0.72676975110061803 1.3687424903437206 6.3058532165905481 28.235708367467737 80.134696828591245 2.5708034836152369 2.403166975142085 2.7035630093262153 2.1196573668714791 1.1052849447878537 5.3410464027532498 1.3690463963159798 4.5117138515029183 3.1246540951615316 1.0165716082553897 2.5866745449752671 1.7986542736111912 0.45106857352675434 0.55901698434143987 0.89560027601851289 0.96791433938869886 0.98794298035818429 1.8399637054760658
leaf_count=26 472 280 194 208 370 163 15083 7830 29189 771 516 275 4355 225 475 660 338 1323 565 362 3024 17170 34090 901 1370 357 475 16 1198 344 1198 146 236 762 325 646 1031 496 853 514 2515
internal_value=0.000306913 -0.00629748 -0.0757309 -0.16232 -0.00308012 0.00399089 0.0214234 0.0269268 -0.0110031 -0.00851464 0.0206308 -0.0313373 -0.0169361 0.00874862 0.00776203 0.0424231 -0.0301581 0.00398871 0.00840766 -0.0585835 0.0108774 0.031432 0.00241565 -0.0857653 -0.0196751 -0.0328 -0.10164 0.0683229 0.047364 0.0234408 -0.0175904 -0.0446897 -0.0327581 0.021527 -0.139902 0.0216387 0.137904 0.0790744 0.0938801 0.10984 0.126498
internal_weight=334.544 177.394 7.85592 4.13778 169.538 135.604 62.7032 60.6382 72.9011 71.8155 3.71814 33.9334 26.8335 14.7542 157.151 15.4284 4.05756 141.722 126.524 4.49868 122.026 35.5851 86.4406 7.09988 3.77191 15.1978 2.93784 11.3708 8.73863 6.71009 12.9266 7.63637 3.58738 5.29024 3.5125 0.818178 2.63222 1.38381 1.52693 1.79072 2.02853
internal_count=131347 62582 2833 1609 59749 53062 22939 22913 30123 29960 1224 6687 4950 4580 68765 7923 1306 60842 57904 2297 55607 18493 37114 1737 1732 2938 1329 6617 4717 1542 2463 1344 1137 1119 600 854 1900 834 1884 708 3175
is_linear=0
shrinkage=0.12


Tree=158
num_leaves=41
num_cat=0
split_feature=50 33 81 14 70 14 50 52 52 49 13 32 32 4 50 45 14 27 4 40 40 69 60 80 18 13 40 76 40 27 66 32 33 1 22 13 82 14 74 27
split_gain=0.902594 1.80409 1.84779 3.17801 5.56916 3.90393 2.29044 2.44107 3.0385 1.76838 2.76833 2.67723 1.51094 1.48974 1.74373 1.41619 1.75617 1.4427 1.29614 1.47176 2.5558 1.63816 1.15741 1.11621 1.58501 2.14311 1.55546 1.1117 1.06041 1.02795 0.749648 0.718867 0.715602 0.635597 0.536577 0.333777 0.153644 0.265964 0.0457991 0.0346615
threshold=0.11888655647635461 1.1579142808914187 10.000000000000002 0.1380179971456528 1.0000000180025095e-35 0.60028550028800975 0.10370706766843797 1.4757812619209292 1.6385416984558108 0.41142715513706213 -2.5172500610351558 0.43639039993286138 0.2179861590266228 0.23014999926090243 0.12224974483251573 0.2080042436718941 -0.58035701513290394 55.836992263793952 0.30130000412464147 0.10488376021385194 0.083792544901371016 24.500000000000004 0.50078123807907116 0.37500000000000006 0.31145833432674414 1.0377500057220461 0.04186972230672837 1.0000000180025095e-35 0.10938323661684991 15.675339698791506 1.5000000000000002 0.20260683447122577 1.1303713917732241 475.41500854492193 0.20852916687726977 -2.8484499454498287 1.0000000180025095e-35 -0.58035701513290394 1.1766638755798342 23.717915534973148
decision_type=2 2 2 2 2 2 2 2 2 2 2 2 2 2 2 2 2 2 2 2 2 2 2 2 2 2 2 2 2 2 2 2 2 2 2 2 2 2 2 2
left_child=1 2 6 -4 12 -6 9 39 -9 11 -11 -1 -5 33 32 23 -17 29 22 20 -20 -21 30 24 28 -26 -25 -24 -3 -18 -16 -28 34 36 -15 -36 -2 -38 -39 -8
right_child=13 15 3 4 5 -7 7 8 -10 10 -12 -13 -14 14 18 16 17 -19 19 21 -22 -23 27 26 25 -27 31 -29 -30 -31 -32 -33 -34 -35 35 -37 37 38 -40 -41
leaf_value=0.0079274218685096536 0.15774866718264494 0.023714749358592711 -0.13401794250428647 0.0022650900178911018 -0.210479963169352 -0.0038083221514666316 0.17544282598000399 -0.19934691748982522 -0.027800834982709761 -0.12872634126822682 -0.0017984132507939609 0.057728708391810012 0.13284174693834061 0.040047751322279404 -0.054328813368416745 -0.16907836473808352 -0.12155236836073888 -0.11224836790783062 0.0098416526108515302 0.00041018816937986319 0.08953903659981631 -0.0525661453343894 0.062750543706408479 0.10950323250623881 -0.14196595756292149 -0.012556026962083645 0.031316634535057515 -0.08066886720654079 -0.055409392030048375 0.011157143282215728 -0.16722132424296338 -0.06055212763408456 0.022340032114720004 -0.019950752999669953 0.26457717707662709 0.13084430787138643 0.022266865802191435 0.12831563576292429 0.083253003448292243 0.12967270391938326
leaf_weight=73.13453467524414 0.67461352261852869 7.8327166753445052 3.8139395202451842 2.1263090516476932 2.3077737076673657 3.0629875784666183 0.37005903612430546 1.6325298948808065 16.659103132126802 2.9534291120508014 15.255027069135506 19.739667663627984 3.1913231742480548 0.86302322303526979 2.5257456696285763 1.9262173299211998 1.0020867692207938 2.9419410461196094 71.659289485374927 47.122812751501669 6.304051681256623 10.230095008358715 1.9465131819310955 2.2400407919885756 3.4195601039036765 3.9964007928983847 2.6584997875397676 1.296761572772084 3.5419984877152046 5.2118967885321581 1.2743746176083735 2.2770635406368456 1.9425273322585779 0.69734961556969199 0.32780234541860398 1.4917386798393861 0.57811908269650403 1.2474374811340556 0.43909977938528766 0.66895020624406243
leaf_count=25134 405 1858 91 110 12 837 215 545 6638 47 11297 9771 2380 15 1379 19 308 109 36370 10110 3403 9554 1375 255 192 490 1001 453 1108 1787 100 125 231 48 4 1622 19 855 413 662
internal_value=0.000301632 -0.00538593 0.000655573 -0.0399787 -0.00642264 -0.0926135 0.00517422 -0.0329481 -0.0431113 0.0118083 -0.0223862 0.0185123 0.0806293 0.00717272 0.00529554 -0.0290174 -0.0649302 -0.0430196 0.00293967 0.00555201 0.0162859 -0.00903925 -0.0472481 -0.0136902 -0.0290649 -0.072228 0.0265714 0.00540703 -0.000923897 -0.010244 -0.0921874 -0.0110678 0.0778088 0.0830446 0.117975 0.154937 0.107481 0.0925063 0.116583 0.145974
internal_weight=332.585 181.964 144.916 14.5023 10.6884 5.37076 130.413 19.3306 18.2916 111.083 18.2085 92.8742 5.31763 150.621 146.985 37.0484 11.0821 9.15592 142.36 135.316 77.9633 57.3529 7.0434 25.9663 18.7907 7.41596 7.1756 3.24327 11.3747 6.21398 3.80012 4.93556 4.62509 3.63662 2.68256 1.81954 2.93927 2.26466 1.68654 1.03901
internal_count=131347 64991 57739 3430 3339 849 54309 8060 7183 46249 11344 34905 2490 66356 64616 7252 2223 2204 62744 59437 39773 19664 3307 5029 3648 682 1381 1828 2966 2095 1479 1126 1872 1740 1641 1626 1692 1287 1268 877
is_linear=0
shrinkage=0.12


Tree=159
num_leaves=25
num_cat=0
split_feature=54 18 62 11 83 21 83 22 85 28 18 21 27 15 54 54 74 75 52 56 13 21 72 64
split_gain=0.965923 1.03001 0.806674 0.763916 7.97673 4.29949 1.86735 2.22402 3.15224 1.98189 1.86487 1.80835 2.80556 1.77931 2.28295 3.14577 2.22127 2.08298 1.30316 0.773159 0.454656 0.451587 0.50448 0.408088
threshold=0.4745734184980393 0.47187499701976782 -0.47972993552684778 0.75580000877380382 1.0000000180025095e-35 0.25426666438579565 1.0000000180025095e-35 0.20852916687726977 1.0625285506248476 -8.2097907066345197 0.22187499701976779 0.13955000042915347 44.362234115600593 1.6102454662323 0.26781138777732855 0.27416995167732244 0.11722567304968835 1.0000000180025095e-35 1.994791626930237 1.4838541746139529 -2.8484499454498287 4.0029418468475351 1.0000000180025095e-35 37.500000000000007
decision_type=2 2 2 2 2 2 2 2 2 2 2 2 2 2 2 2 2 2 2 2 2 2 2 2
left_child=3 2 -2 4 11 23 7 -5 9 -9 -10 -1 -13 17 16 -16 -15 19 -7 -8 -4 22 -22 -6
right_child=1 -3 20 6 5 18 13 8 10 -11 -12 12 -14 14 15 -17 -18 -19 -20 -21 21 -23 -24 -25
leaf_value=-0.074322744596468482 -0.072212823086815772 -0.089118409994763226 0.013339075366076342 -0.031397654025863128 0.11985754475073411 -0.11561527245072568 -0.020493974353880749 -0.18555433105572061 -0.10085736127138027 0.01346372828750938 0.10910585315465281 -0.069679256298628464 0.062240686041928416 -0.0094458356822132959 -0.28862762788420693 -0.033747715111212426 0.027617695193625835 -0.051605345431773246 0.063137739013618202 0.028344548996297316 0.11750850715766384 -0.025167807835027534 0.02823953483781003 0.068276775511606408
leaf_weight=18.244673437659007 0.67121070269740801 0.8048454256104377 1.7987331249642009 15.196802743074839 6.2268797833676199 2.0790649760979245 10.326268716540655 0.72534284097127866 0.66611111811607671 108.78348067075035 7.1233925268866187 5.0833549627545818 4.2727177500553353 53.77072381567973 0.747671160245999 10.349603280342988 41.069223219793457 24.243961139689418 0.8185020302948941 8.5181622820673493 3.5482761647274383 0.50113432493981225 1.2267786328336567 3.4228197133270442
leaf_count=244 158 87 28 305 568 584 401 1366 584 49424 3227 297 425 25590 472 6537 35871 477 532 296 2625 166 754 329
internal_value=0.000280827 0.0400867 0.0535115 -0.00077734 -0.0162628 0.0630691 0.00143105 0.011796 0.0173921 0.0121455 0.0911511 -0.0523269 -0.00943425 -0.00778421 0.000578209 -0.0509201 0.00660405 -0.0283441 -0.0651213 0.00158228 0.0654392 0.0832009 0.0945741 0.101561
internal_weight=330.22 8.55098 7.74613 321.669 40.148 12.5473 281.521 132.495 117.298 109.509 7.7895 27.6007 9.35607 149.026 105.937 11.0973 94.8399 43.0884 2.89757 18.8444 7.07492 5.27619 4.77505 9.6497
internal_count=131347 3818 3731 127529 2979 2013 124550 54906 54601 50790 3811 966 722 69644 68470 7009 61461 1174 1116 697 3573 3545 3379 897
is_linear=0
shrinkage=0.12


Tree=160
num_leaves=19
num_cat=0
split_feature=61 75 60 32 60 61 85 40 70 28 9 23 4 11 21 6 0 6
split_gain=1.7816 1.44667 1.18568 1.51013 1.32423 1.24848 1.07017 2.98576 2.71288 3.02103 2.62335 1.38709 0.825565 0.756444 0.54197 0.22044 0.521518 0.13001
threshold=-49.862348556518548 1.0000000180025095e-35 8.9703125953674334 0.21166560798883441 8.7312502861022967 -4.1480836868286124 0.92315715551376354 0.56614550948143016 1.0000000180025095e-35 2.6983066797256474 2.5000000000000004 0.86253532767295849 0.13400000333786014 2.3662500381469731 0.40308749675750738 10.990849971771242 19.814149856567386 10.990849971771242
decision_type=2 2 2 2 2 2 2 2 2 2 2 2 2 2 2 2 2 2
left_child=1 13 4 5 6 -4 8 11 9 -2 -10 -8 -5 -1 -14 16 -15 -16
right_child=2 -3 3 12 -6 -7 7 -9 10 -11 -12 -13 14 15 17 -17 -18 -19
leaf_value=-0.066799514261567314 -0.082370137764770576 -0.12063232765488262 0.056658534759840187 -0.11917999101208145 -0.10391709037616248 -0.09714013709709908 -0.055336060705386034 -0.18674798760990707 -0.021912208373139067 0.003770116023143825 -0.12098778187836295 0.0260977069724296 0.013118380901884084 0.10845821084580931 0.12669539536099764 -0.01267509925729233 -0.021580648912150689 0.06747252308634992
leaf_weight=2.961975855149829 6.0271642714137661 3.0475770487737464 1.497544121154988 0.26788098551332939 1.8005522855012248 1.5433141226931164 3.2388925454833943 1.0242319507574382 34.625231201398265 214.99473233982962 4.3296650756037698 43.000404064754889 0.89318034337793495 0.90812282696219904 3.2143756778622223 2.0818981570046162 0.86915126953772415 0.64006462658289809
leaf_count=213 6045 243 292 8 503 324 70 152 15672 85179 965 14256 55 546 7122 30 75 21
internal_value=-0.00168471 -0.0518959 -0.000122035 0.0453251 -0.00130679 -0.0213983 -0.000705454 0.0159047 -0.00372516 0.00142111 -0.032924 0.0203936 0.0857789 -0.0211856 0.0973436 0.0138238 0.0448645 0.116861
internal_weight=326.966 9.86873 317.097 8.05636 309.041 3.04086 307.24 47.2635 259.977 221.022 38.9549 46.2393 5.0155 6.82115 4.74762 3.85917 1.77727 3.85444
internal_count=131771 1107 130664 7822 122842 616 122339 14478 107861 91224 16637 14326 7206 864 7198 651 621 7143
is_linear=0
shrinkage=0.12


Tree=161
num_leaves=19
num_cat=0
split_feature=61 75 60 28 60 49 6 57 56 68 56 61 4 54 14 27 14 4
split_gain=1.40462 1.15136 0.987461 1.32131 1.0494 1.0467 1.89972 1.7906 1.11943 2.48453 1.75999 1.00539 0.830853 0.649048 0.65262 0.510775 0.165364 0.00789719
threshold=-49.862348556518548 1.0000000180025095e-35 8.9703125953674334 63.573921203613288 8.7312502861022967 0.52691185474395763 11.860249996185305 -14.870831489562987 3.8203125000000004 18.500000000000004 2.826041698455811 -14.874230861663817 0.13400000333786014 0.26532939076423651 8.9842133522033709 52.50726509094239 -0.58035701513290394 0.28335000574588781
decision_type=2 2 2 2 2 2 2 2 2 2 2 2 2 2 2 2 2 2
left_child=1 15 4 11 5 8 7 -7 10 -10 -2 -4 -5 14 -13 -1 -14 -18
right_child=2 -3 3 12 -6 6 -8 -9 9 -11 -12 13 16 -15 -16 -17 17 -19
leaf_value=0.023831550110455128 0.0016704878455343598 -0.10841640405481738 0.11024118494877792 -0.11568643063972728 -0.093412813665208025 -0.087477408217320918 -0.18304278613935662 -0.0023365713428061276 0.010374890055723965 0.11211382847212238 -0.034218584796652497 0.080496817154664863 0.057450736516058337 -0.093176985410057353 -0.065396796172905558 -0.044511052522559928 0.10207807004877312 0.12883570959981952
leaf_weight=2.5195784832872032 220.12462640452446 2.9880276399017021 0.88624991376400419 0.24433306651189957 1.7650888081175242 4.3018443498816685 1.0345141262660025 20.543845436693914 35.232968296620811 3.8324428577989229 21.607966851984884 0.97826989735312897 0.60588369829929511 1.4638056070498349 0.80470577857988701 4.1993330952432188 0.16997411828879183 2.4231416160394019
leaf_count=374 86023 243 433 8 503 1197 19 13100 12672 1727 7601 574 25 267 558 490 492 5465
internal_value=-0.00148081 -0.0464433 -9.9735e-05 0.0427 -0.00115104 -0.000620022 -0.0237122 -0.0170781 0.00150831 0.0203558 -0.00153756 -0.00304119 0.0976032 -0.033963 0.014651 -0.0188827 0.113894 0.127082
internal_weight=325.727 9.70694 316.02 7.57636 308.443 306.678 25.8802 24.8457 280.798 39.0654 241.733 4.13303 3.44333 3.24678 1.78298 6.71891 3.199 2.59312
internal_count=131771 1107 130664 7822 122842 122339 14316 14297 108023 14399 93624 1832 5990 1399 1132 864 5982 5957
is_linear=0
shrinkage=0.12


Tree=162
num_leaves=46
num_cat=0
split_feature=52 68 50 48 23 11 18 5 23 13 52 50 18 27 23 45 29 87 50 61 40 53 11 74 14 46 18 74 60 21 18 18 49 74 74 1 49 56 60 70 48 49 18 1 59
split_gain=1.39034 4.02495 2.87338 2.58743 1.96254 1.65989 1.56053 1.45891 1.38555 3.58765 2.69408 2.12251 1.86926 3.64711 2.61742 1.77742 1.6978 1.56087 1.84992 1.38385 1.28443 2.03879 1.89304 1.26199 3.09633 2.13658 2.10508 2.3265 1.77366 1.3926 1.85766 1.25497 1.39781 1.22271 1.20006 1.15587 1.63882 1.08038 0.99323 0.924915 0.887185 0.481753 0.425768 0.182522 0.0115797
threshold=2.013541698455811 14.500000000000002 0.21518369764089587 0.94453126192092907 6.5654432773590097 2.4847000837326054 0.29479165375232702 7.149250030517579 6.8687748908996591 2.1146999597549443 2.2697916030883794 0.22646547108888629 0.34687499701976782 64.647968292236342 1.1161716580390932 0.37508435547351843 4.5000000000000009 0.010414286050945522 0.18456401675939563 -1.0075767040252683 0.10709429904818536 0.019515624269843105 0.46175000071525579 0.59426805377006542 0.48789049685001379 0.45668271183967596 0.39062500000000006 0.31027129292488104 0.53854167461395275 2.411562561988831 0.28645832836627966 0.23932291567325595 0.43305130302906042 0.35404735803604132 15.824819564819338 205.67499542236331 0.36349906027317053 7.8562500476837167 0.86666664481163036 1.0000000180025095e-35 0.70104166865348827 0.10672120004892351 0.21979166567325595 448.95500183105474 1.5000000000000002
decision_type=2 2 2 2 2 2 2 2 2 2 2 2 2 2 2 2 2 2 2 2 2 2 2 2 2 2 2 2 2 2 2 2 2 2 2 2 2 2 2 2 2 2 2 2 2
left_child=1 2 3 35 6 19 42 34 12 -10 11 15 13 14 -2 -11 -13 18 38 -6 22 -22 -12 25 28 26 27 -3 -25 -27 -31 32 -15 -33 -5 40 -37 -16 -14 -28 -1 -26 -4 -43 -7
right_child=8 23 4 7 5 44 -8 -9 9 10 20 16 17 31 37 -17 -18 -19 -20 -21 21 -23 -24 24 41 29 39 -29 -30 30 -32 33 -34 -35 -36 36 -38 -39 -40 -41 -42 43 -44 -45 -46
leaf_value=0.14356182859167485 0.0038287645360151903 -0.0027029122488155754 -0.085703174000523491 0.084350658632287356 0.12740308862835636 0.11980174331740082 -0.18508268290809998 0.16968852066535403 -0.41949094257826625 -0.046159301425568552 -0.056032128919833384 0.056816246194283403 -0.018532879444832322 -0.02107090991198516 0.090110233937507098 -0.12554932528824908 -0.11275044359906211 -0.089719076419724902 -0.081624066600968048 -0.0407932876665279 -0.043561369210421391 0.071610812576304458 0.060128888035111752 -0.090961072931715889 -0.030609133607061571 -0.0093830807519853371 0.0973290174188048 0.10287413457087982 -0.013773606272381805 -0.048263681579704926 -0.28638913327329524 -0.017277929428263582 -0.11586948983048578 0.028044321117102578 -0.11885993360702492 -0.091645531581048517 0.045381641216977006 -0.044823929879933007 0.078370552378878772 0.016503982276592645 0.018880375627538627 0.11647620282303826 0.03910833617021877 0.029183163536873082 0.14492719845560212
leaf_weight=1.3243559095896009 12.513256993144752 116.43509812995637 0.66718266726559095 11.529731808020752 0.85384100031819787 1.4433413765236762 1.3941362562154607 3.0714607993786549 0.33224200724725861 12.863561876018371 2.6276068136976418 3.7177921058296297 3.0866695462318585 7.6460826268084912 12.147138555583521 5.9342627947006568 1.1024302998075652 5.6811603257710876 3.3596835057778662 4.0246260828603226 11.289735476837903 2.7530191816126708 8.739818313017393 8.1395994799304443 0.46444685359756421 1.6317570606006477 4.7278870662166792 3.0852070957034803 9.0567916770050925 0.9995195181109009 0.89344788585003698 26.595243192067983 3.1677243442650251 12.648085333956713 0.43423965453689639 2.5344880469916689 2.4932087517037758 0.91912222858809478 3.0068536951303031 3.5845343500841409 2.1657320704237009 2.1266109773480371 0.95971305585271693 0.41169492400808838 0.32330519238803379
leaf_count=1328 262 26483 275 15484 1015 4223 214 326 239 6681 111 4674 262 1429 4547 11027 293 396 322 2095 4843 7671 12138 246 228 184 761 584 409 492 147 4122 336 3190 855 1659 3794 198 380 521 1966 4551 474 305 31
internal_value=-0.00129619 0.00553989 0.0433694 0.0659785 -0.0117216 0.0247362 -0.0919147 0.0959147 -0.0103102 -0.0264913 -0.0238281 -0.0530054 -0.00151104 0.00619193 0.0430537 -0.0712218 0.0180347 -0.040008 -0.0101328 -0.0113552 0.00329139 -0.0209824 0.033278 -0.00275188 -0.0306762 0.00154212 0.00408341 2.23741e-05 -0.0503089 -0.0906242 -0.160655 -0.0126447 -0.0488406 -0.00267061 0.076975 0.0131358 -0.0236945 0.0806185 0.0292842 0.0624751 0.0661923 0.0817576 -0.0120763 0.102318 0.1244
internal_weight=324.907 184.776 33.2194 23.5532 9.66615 6.64511 3.02103 15.0354 140.131 49.3605 49.0282 23.618 90.771 75.6367 25.5795 18.7978 4.82022 15.1344 9.45321 4.87847 25.4102 14.0428 11.3674 151.557 20.1991 131.357 127.833 119.52 17.1964 3.52472 1.89297 50.0571 10.8138 39.2433 11.964 8.51778 5.0277 13.0663 6.09352 8.31242 3.49009 3.00275 1.6269 2.53831 1.76665
internal_count=131771 68650 33739 25412 8327 7364 963 16665 63121 47677 47438 22675 15444 14084 5007 17708 4967 1360 964 3110 24763 12514 12249 34911 5739 29172 28349 27067 655 823 639 9077 1765 7312 16339 8747 5453 4745 642 1282 3294 5084 749 4856 4254
is_linear=0
shrinkage=0.12


Tree=163
num_leaves=52
num_cat=0
split_feature=52 68 52 54 40 6 59 56 7 64 19 81 21 4 21 74 56 46 12 12 52 48 12 57 54 74 52 12 50 50 62 21 80 46 49 48 58 48 21 14 15 12 52 2 15 68 48 28 40 21 7
split_gain=1.08329 3.37061 2.17864 2.05353 1.36554 1.77771 4.11588 14.2091 3.93154 3.06002 1.8861 1.63121 1.54937 1.86366 2.66568 1.21311 1.53147 1.78145 1.37106 7.26691 12.798 2.98669 4.30845 1.95284 1.80828 1.83257 1.70499 1.61406 1.54711 1.49013 1.38669 1.20049 1.15997 1.15085 1.11227 1.50501 1.47376 1.01625 0.988289 0.767923 0.697939 0.821397 0.78657 0.669768 0.656134 0.617291 0.615076 0.527966 0.492183 0.107081 2.03037e-06
threshold=2.013541698455811 16.500000000000004 1.9260416626930239 0.57048365473747265 0.04186972230672837 9.7567501068115252 1.0000000180025095e-35 3.5713542699813847 12.79152822494507 10.500000000000002 26.612218856811527 1.0000000180025095e-35 1.202370882034302 2.7641500234603886 1.6377000212669375 0.40086615085601812 0.29739584028720861 0.1310435235500336 7.9990000724792489 8.1294503211975115 2.3989583253860478 1.3010416626930239 8.4428501129150408 -28.569100379943844 0.14712055772542956 0.32923479378223425 2.1760416030883794 5.8364498615264901 0.10508738458156587 0.48690423369407659 0.30275818705558782 1.3239874839782717 1.0000000180025095e-35 0.12166678905487062 0.63358029723167431 0.88854166865348827 0.26114766299724584 1.7635416984558108 2.7149250507354741 0.69558399915695202 8.673370838165285 0.55910000205039989 1.963541626930237 0.48602999746799475 1.9528160095214846 15.500000000000002 1.6322916746139529 8.5425338745117205 0.05607909336686135 0.13955000042915347 12.166717529296877
decision_type=2 2 2 2 2 2 2 2 2 2 2 2 2 2 2 2 2 2 2 2 2 2 2 2 2 2 2 2 2 2 2 2 2 2 2 2 2 2 2 2 2 2 2 2 2 2 2 2 2 2 2
left_child=1 2 3 34 5 6 9 -8 11 -3 -10 -7 32 14 -14 18 44 33 24 20 -20 22 -21 -23 25 30 27 -26 -27 -28 -2 43 -6 38 36 -36 -1 -33 -18 -15 41 -4 48 -19 -17 -35 -44 -46 -42 -43 -49
right_child=15 4 40 -5 12 8 7 -9 10 -11 -12 -13 13 39 -16 16 17 31 19 21 -22 23 -24 -25 26 28 29 -29 -30 -31 -32 37 -34 45 35 -37 -38 -39 -40 -41 42 49 46 -45 47 -47 -48 50 -50 -51 -52
leaf_value=0.058670933327139671 0.033911235302898537 -0.065427451096080516 0.021883495493021231 -0.21644648951699366 0.084563617922199436 0.032818620380054161 -0.91923137344164141 -0.0035048443162457323 -0.00037898612918742524 0.12039469118127477 -0.044517582187201733 0.15519024243399421 0.12280996007142704 -0.010301644598259437 0.0022586024647534286 -0.16745823754385242 -0.013450403214284378 0.0085293907758314386 0.12006704954615034 -0.4046885459579686 -1.2970949958220344 -0.12109558582919282 -0.057917263933668042 0.037461471272801312 -0.045978773763939336 -0.15479664286960343 -0.0057561099365919365 -0.15897165224426743 0.0026094443806114996 -0.12658207063558025 -0.01203387675958319 0.081565372363238464 0.0059460977481295627 0.00094337411838566095 -0.18649213005489834 0.053337331342893597 0.009768904457100951 0.015695213613649544 0.051967299459484396 -0.079694628390863512 0.11718458754310462 0.19051755763528685 0.11830017539216628 -0.10728717285670565 -0.1034757022357079 -0.12613538003865904 -0.063801307306126973 0.12011783013954593 -0.047536528902701478 0.13767196731071144 0.12080495258171395
leaf_weight=13.947659307881279 21.439201610263353 7.7184683984653457 0.94320333237555853 0.52002002678659565 6.0680720268419446 4.1517482110675692 0.34586433803587968 0.82851078512339882 34.486906734001423 1.5289014562108603 23.400077159009015 2.5211163477797527 2.847759093880085 4.1439588673538292 36.443129247931665 0.99766491389163892 17.278501193291511 3.476438970094935 0.18498822937090054 0.68549871878394553 0.18208362446512183 1.4149573877707542 2.0858197603251938 5.3397288482810845 12.183466294507523 1.7948757842204934 27.385222200262437 2.1402461352959099 1.8018010090499954 1.5531871764496816 16.928592006261169 8.8182172607616831 4.8726877407898428 0.80340744170166489 0.82639923812098348 0.6925503082241562 24.397589790923689 5.4617553318726086 4.1180737022829126 5.1507194247551524 0.32889682083487093 0.69264185847714577 2.0913684785980995 0.90652296388725506 0.36588466115154006 1.7481126314346509 0.30619942580597115 0.15681792521286297 1.269257821143128 2.7222350167648983 0.10233712479566748
leaf_count=9150 8906 8941 45 596 439 1272 565 1023 905 4592 476 486 573 112 9017 18 5909 1187 399 593 212 385 2355 8291 2155 354 7747 1677 553 279 6165 6674 392 783 584 1384 20250 2687 4321 544 1536 11 2940 310 85 261 237 768 894 1686 47
internal_value=-0.00108539 0.00497868 0.0320157 0.0204764 -0.00481799 -0.015591 -0.0615791 -0.273195 -0.00816727 -0.0347048 -0.0182215 0.0790526 0.00875211 -0.000434914 0.010996 -0.00905948 0.0073589 0.0117162 -0.0166946 -0.0589805 -0.582907 -0.0387917 -0.143693 0.00424727 -0.011786 0.00596157 -0.0290013 -0.0628621 -0.0759421 -0.0122411 0.0136394 0.0395103 0.0495497 -0.00994395 0.0235671 -0.0771442 0.0275565 0.0563716 -0.00085984 -0.0487563 0.087799 0.121011 0.0515749 -0.0154248 -0.107061 -0.0861216 0.0950435 -0.0106565 -0.0136373 0.148391 0.120389
internal_weight=322.599 183.246 48.738 40.3842 134.508 74.9816 10.4217 1.17438 64.5598 9.24737 57.887 6.67286 59.5263 48.5856 39.2909 139.353 44.2337 42.611 95.1197 9.89308 0.367072 9.526 2.77132 6.75469 85.2266 41.9645 43.2621 14.3237 3.59668 28.9384 38.3678 18.6629 10.9408 23.9481 39.8642 1.51895 38.3452 14.28 21.3966 9.29468 8.3538 4.35808 3.99572 4.38296 1.6227 2.55152 2.39757 0.62504 1.59815 3.41488 0.259155
internal_count=131771 68650 39313 31964 29337 18260 15121 1588 3139 13533 1381 1758 11077 10246 9590 63121 23050 22132 40071 12235 611 11624 2948 8676 27836 15978 11858 3832 907 8026 15071 10858 831 11274 31368 1968 29400 9361 10230 656 7349 1742 5607 1497 918 1044 3177 900 2430 1697 815
is_linear=0
shrinkage=0.12


Tree=164
num_leaves=25
num_cat=0
split_feature=61 85 28 85 40 52 27 14 0 40 40 58 53 0 40 11 21 82 57 82 48 82 33 32
split_gain=1.01159 0.90984 2.64487 2.77202 2.93813 2.67997 2.49006 2.12125 5.00217 2.02858 2.02397 1.82776 3.28403 1.74707 1.50044 1.84689 1.88357 1.82717 0.84869 0.750348 1.27454 0.602549 0.305132 0.00370924
threshold=-49.862348556518548 0.92315715551376354 5.3506467342376718 1.0000000180025095e-35 0.18729560077190402 1.9885416626930239 75.072582244873061 -0.34645000100135798 2.9563999176025395 0.17814281582832339 0.41215935349464422 1.4740477204322817 -0.11617558449506758 9.6490502357482928 0.04186972230672837 1.7196999788284304 1.3042583465576174 0.62500000000000011 -5.5806770324707022 1.0000000180025095e-35 1.3114583492279055 0.37500000000000006 0.98311427235603344 0.20990552008152011
decision_type=2 2 2 2 2 2 2 2 2 2 2 2 2 2 2 2 2 2 2 2 2 2 2 2
left_child=19 2 6 4 9 -6 11 -5 -9 -4 14 13 -13 -2 18 16 -16 -17 -3 -1 -21 -20 -8 -24
right_child=1 10 3 7 5 -7 22 8 -10 -11 -12 12 -14 -15 15 17 -18 -19 21 20 -22 -23 23 -25
leaf_value=0.012478057786646374 -0.00097425131500038329 -0.11455279373473556 0.0041536819899993119 -0.061231242309338553 0.095019315167156115 0.013334793837983729 -0.010151997136771734 -0.39611987326843012 0.0029752163223532128 -0.089374968368256827 -0.096442256251767347 -0.069679403084377853 0.078313201650455244 -0.081912547436426841 0.020643839855058847 0.10795993828518193 -0.077057016316457908 0.026291344853649406 -0.046466273968287182 -0.0025850201512231871 -0.10794478939342717 0.059571721780408426 -0.12122461540436442 -0.12822445032643079
leaf_weight=2.8330965579361855 6.9098091419909968 1.572095737986501 167.10752038749365 15.724436911810697 9.896838661085555 13.916950617233168 0.36468140001943439 0.4610182852893584 23.748649752338565 3.4074702493601299 2.2180417835443214 3.4984369094818248 5.6403011280090123 8.644942471135435 21.652756412911689 6.6843153881666266 3.270723204303521 9.625524471814229 2.1015849119826266 2.972389580867457 3.7257596465678944 1.2194251061446264 2.4252095445706345 1.980200837831944
leaf_count=248 807 158 80584 283 2636 6163 199 678 16998 765 494 874 524 1181 4121 4142 913 4596 351 427 432 467 3670 60
internal_value=-0.000782411 0.000393768 -0.00238041 0.00188144 0.00779884 0.0472823 -0.036266 -0.026914 -0.00462465 0.00228466 0.0155273 -0.0209335 0.0216596 -0.0459577 0.0209115 0.0283671 0.0078225 0.0597619 -0.0419156 -0.0392927 -0.06119 -0.00753071 -0.115639 -0.124371
internal_weight=321.602 312.071 263.726 234.263 194.329 23.8138 29.4636 39.9341 24.2097 170.515 48.3445 24.6935 9.13874 15.5548 46.1264 41.2333 24.9235 16.3098 4.89311 9.53125 6.69815 3.32101 4.77009 4.40541
internal_count=131771 130664 115422 108107 90148 8799 7315 17959 17676 81349 15242 3386 1398 1988 14748 13772 5034 8738 976 1107 859 818 3929 3730
is_linear=0
shrinkage=0.12


Tree=165
num_leaves=23
num_cat=0
split_feature=85 28 23 40 22 21 65 70 40 52 28 6 0 52 53 5 27 27 27 49 64 65
split_gain=0.968372 2.53046 2.46061 1.99581 1.91778 3.22334 1.49109 1.45026 3.08622 3.5456 2.44446 2.13464 5.59716 2.45757 1.92349 1.67575 1.58935 1.43367 0.376458 0.364599 0.0404491 0.00548144
threshold=0.92315715551376354 2.6983066797256474 0.58280083537101757 0.56614550948143016 0.20852916687726977 0.25426666438579565 1.0140625238418581 1.0000000180025095e-35 0.18612662702798846 1.9885416626930239 7.8279674053192148 10.65079975128174 2.4531500339508061 2.326041698455811 0.52882134914398204 6.2355999946594247 73.868755340576186 18.134216308593754 21.822530746459964 0.11520901694893838 45.500000000000007 0.29270832240581518
decision_type=2 2 2 2 2 2 2 2 2 2 2 2 2 2 2 2 2 2 2 2 2 2
left_child=1 17 -2 4 -4 -6 -7 8 14 16 -11 12 -9 -14 15 -3 -10 -1 -16 20 21 -19
right_child=2 7 3 -5 5 6 -8 11 9 10 -12 -13 13 -15 18 -17 -18 19 -20 -21 -22 -23
leaf_value=0.040481347150992719 -0.10999999792107533 -0.01959682896799312 -0.044925091640294894 -0.13385945095992191 -0.0065618051033092904 0.017995971788404508 0.081393665042157504 -0.41096647743728126 0.056162816752066462 -0.060683780824567532 0.037405226365470043 -0.0465195827810913 -0.0084816981850622634 0.083591208980534903 -0.027920854511200591 0.0053743921442273059 0.14843497966358893 -0.13536090695193453 0.10580675671432754 -0.019543853629416859 -0.080971543915565422 -0.12185425493642657
leaf_weight=1.1787453721044574 2.0724631135708469 54.006386969835148 4.7285601822877643 1.1314095038219409 15.929220754464039 7.6439334818769593 17.740923803338262 0.45102477318596612 6.2930496328654062 5.1649151560195632 12.543774734710267 20.679244335668045 15.556527524964055 5.7055461242266565 0.33871574872853161 136.52524556007052 4.6924204486012968 0.498095162212849 2.8857762397108218 0.59462673326197535 0.3496195254883786 3.2943006054551915
leaf_count=72 38 61984 137 165 487 1246 13240 570 1984 210 6200 426 10759 6268 135 17415 762 5 2888 409 238 5653
internal_value=0.00249608 -0.000319193 0.0179745 0.0235967 0.0274659 0.0357514 0.0623032 0.00141456 0.00529105 0.0420201 0.00879659 -0.018927 0.00735186 0.0162255 -0.000148312 -0.00170373 0.0955767 -0.0779426 0.0917594 -0.107413 -0.120028 -0.123628
internal_weight=320.005 270.758 49.2465 47.174 46.0426 41.3141 25.3849 264.843 222.45 28.6942 17.7087 42.3923 21.7131 21.2621 193.756 190.532 10.9855 5.91539 3.22449 4.73664 4.14202 3.7924
internal_count=131291 115978 15313 15275 15110 14973 14486 109601 91578 9156 6410 18023 17597 17027 82422 79399 2746 6377 3023 6305 5896 5658
is_linear=0
shrinkage=0.12


Tree=166
num_leaves=17
num_cat=0
split_feature=64 7 87 56 5 69 74 40 7 43 74 69 28 32 87 0
split_gain=0.901203 1.37752 3.2439 2.38868 1.21016 1.71097 3.16863 2.06933 1.91421 1.35125 2.08958 1.31523 1.136 1.0691 0.746603 0.399934
threshold=1.5000000000000002 13.618768215179445 0.00082857141387648891 0.53906250000000011 9.6265997886657733 2.5000000000000004 1.116545617580414 0.032783115282654769 13.233663082122805 19999977.000000004 1.0000000180025095e-35 3.5000000000000004 29.899844169616703 0.3691966980695725 0.47065000236034399 13.10944986343384
decision_type=2 2 2 2 2 2 2 2 2 2 2 2 2 2 2 2
left_child=12 4 3 -3 5 6 7 -2 -8 11 -11 -7 15 14 -14 -1
right_child=1 2 -4 -5 -6 9 8 -9 -10 10 -12 -13 13 -15 -16 -17
leaf_value=0.027182524238479621 0.066504809363159223 -0.03028950066986524 -0.046532115628351113 0.025971567994392288 -0.036289568939883464 -0.035262244103906222 0.01902003389306688 0.016621558348736982 -0.087696112743240073 0.32754974549469823 0.00076971017782132803 0.0033049959873517301 0.064474749801550685 0.019952492564623472 0.17878694108280763 -0.030808209528645377
leaf_weight=3.4312012909449532 20.263475633174494 17.004640561419365 26.955641000443393 30.106429541245234 9.5721062022296319 13.946705193147407 4.5383714894956011 29.277239119523074 5.1865318553063844 0.46300695409445214 0.71990805334792185 146.30520286998444 1.8241768120451525 3.3480034851645541 1.4986978003553304 3.4188626362538344
leaf_count=405 2142 318 570 520 289 1796 1230 2115 147 275 664 119456 422 486 254 202
internal_value=0.00224996 0.000903169 -0.013332 0.00566425 0.00548187 0.00729356 0.0247316 0.0370251 -0.0378943 0.00089174 0.128675 -5.15065e-05 0.0325644 0.0678115 0.116032 -0.00176061
internal_weight=317.86 304.339 74.0667 47.1111 230.273 220.7 59.2656 49.5407 9.7249 161.435 1.18292 160.252 13.5209 6.67088 3.32287 6.85006
internal_count=131291 129522 1408 838 128114 127825 5634 4257 1377 122191 939 121252 1769 1162 676 607
is_linear=0
shrinkage=0.12


Tree=167
num_leaves=25
num_cat=0
split_feature=85 32 23 40 2 21 22 85 70 40 52 49 13 2 21 19 53 19 27 6 2 74 61 28
split_gain=0.77565 2.24897 2.04375 1.56941 1.85581 1.62007 1.21058 1.38702 1.16583 2.52883 2.90358 1.99272 1.72948 1.98216 2.18944 1.64599 1.57981 1.4868 1.13981 0.846689 0.690442 0.635232 0.00299851 0.000725727
threshold=0.93181428313255321 0.20634794980287555 0.58280083537101757 0.56614550948143016 0.42292998731136328 0.13955000042915347 0.20852916687726977 1.0512142777442934 1.0000000180025095e-35 0.18612662702798846 1.9885416626930239 0.23533459752798083 -1.6252999901771543 0.85196998715400707 3.6125333309173588 48.870176315307624 0.52882134914398204 42.722982406616218 33.297288894653327 10.990849971771242 0.49893999099731451 0.044952655211091049 3.2703557014465336 2.6983066797256474
decision_type=2 2 2 2 2 2 2 2 2 2 2 2 2 2 2 2 2 2 2 2 2 2 2 2
left_child=1 18 -2 4 6 -6 -4 -8 9 15 17 -12 -10 14 -14 16 -3 -11 -1 -7 22 -15 23 -20
right_child=2 8 3 -5 5 19 7 -9 12 10 11 -13 13 21 -16 -17 -18 -19 20 -21 -22 -23 -24 -25
leaf_value=-0.018558540584606962 -0.10279500342680653 -0.00059762811089875709 -0.046372245798652553 -0.1168230921938804 -0.06191266319626982 0.12445491652627964 -0.10551731148501273 0.026077838551567159 -0.041009904380894108 0.1058449799468664 -0.014328759343910719 0.080339418774639335 0.0022035129877438111 -0.16824182516591121 0.11341376381527724 -0.16225218446502407 0.086637775122656385 -0.040465592604851733 -0.12032023746245454 0.040044748206840799 0.10163037709210165 -0.039893981145672636 -0.13089057108721378 -0.12436812220791141
leaf_weight=3.8817147345544063 1.9946812784673955 186.73956321447611 4.3604727674683081 1.1547207282219449 1.0876106560535825 4.8697351329504954 1.1988882565137853 30.373950580367023 21.256500787848381 9.0796125610507961 13.006680591852502 4.2474504042174877 16.294575577916596 1.0423713289819709 3.0219831780943869 0.89575374819605613 3.0380129090888195 1.1239494046990319 2.1172003870924541 2.6382414150612021 0.20825721707842593 1.188327146784786 0.58995649892040081 0.91275355120887969
leaf_count=252 37 79119 118 152 36 4066 456 9993 452 2521 2566 3816 14899 109 2404 186 3023 213 5794 76 106 515 300 82
internal_value=0.00199884 -0.000504502 0.016104 0.0212955 0.0248771 0.0749656 0.0128955 0.0210809 0.0013828 0.00493596 0.0389843 0.00897571 -0.0167243 0.00723351 0.0196018 3.28723e-05 0.000798861 0.0897285 -0.0643788 0.0947939 -0.11084 -0.099869 -0.123064 -0.12154
internal_weight=316.323 268.645 47.6783 45.6836 44.5289 8.59559 35.9333 31.5728 260.935 218.131 27.4577 17.2541 42.8038 21.5473 19.3166 190.673 189.778 10.2036 7.70988 7.50798 3.82817 2.2307 3.61991 3.02995
internal_count=131291 116357 14934 14897 14745 4178 10567 10449 109823 91444 9116 6382 18379 17927 17303 82328 82142 2734 6534 4142 6282 624 6176 5876
is_linear=0
shrinkage=0.12


Tree=168
num_leaves=24
num_cat=0
split_feature=64 6 87 23 23 48 54 21 46 57 50 50 50 78 85 4 57 27 82 54 5 4 21
split_gain=0.713979 1.02241 4.51503 2.23774 1.77363 1.4204 1.15873 2.1644 3.11837 2.40884 2.14954 4.39525 1.90393 2.55585 1.87446 1.65347 2.66097 1.64731 1.26201 1.10566 0.997125 2.30678 0.752557
threshold=1.5000000000000002 11.153749942779543 0.00082857141387648891 0.86253532767295849 1.1161716580390932 1.0947916507720949 0.17386636883020404 1.9923374652862551 0.14833933115005496 -3.8396426439285274 0.22462246567010882 0.23316738754510882 0.15017547458410266 1.0000000180025095e-35 0.91315713524818432 2.589749932289124 -47.753337860107415 107.06359481811525 0.37500000000000006 0.23946781456470492 6.4065499305725107 2.8154000043869023 0.97772499918937694
decision_type=2 2 2 2 2 2 2 2 2 2 2 2 2 2 2 2 2 2 2 2 2 2 2
left_child=20 6 3 -3 -4 -5 7 15 14 -10 12 -12 13 -8 -9 16 -2 -13 -17 -14 21 -1 -22
right_child=1 2 4 5 -6 -7 10 8 9 -11 11 17 19 -15 -16 18 -18 -19 -20 -21 22 -23 -24
leaf_value=-0.17556300702334612 0.37087705461150161 -0.0057621678967783498 -0.065356524014051079 0.010287525829128756 -0.012772258458012871 0.079120913220344077 0.013717316904696925 -0.039197466464974011 -0.034019003632769176 0.041307729791540237 -0.26597762920438422 -0.014056785093814696 0.11994328131424711 0.24579851199651626 0.044285493892299459 -0.0096083560673737196 0.046296815713396861 0.11425513734887131 0.02394729773466021 0.043170064905893736 0.0060860537338284998 0.066639745314731227 0.069422928369584719
leaf_weight=1.0379848784759809 0.37704195532341955 30.559540946143898 20.63745465203192 7.8563143295832587 16.719846435673389 9.5822604402155758 31.752426907880817 46.490439159412006 8.9396666842705503 19.335554132108598 0.95955851981352935 15.258890693292189 4.7722522156516316 0.69833911486693878 4.2249226731056515 33.065821248766611 10.287973235467687 1.5910355580745079 31.529410374121767 6.2245159461441517 4.5639069092376285 1.2459606080233241 6.6195209724746746
leaf_count=398 84 472 470 305 280 357 21327 33062 7622 19532 661 7141 3238 1021 2942 6677 8328 532 11004 4467 391 481 499
internal_value=0.00178767 0.000577664 -0.0105377 0.0138108 -0.0418216 0.0481105 0.0049801 -0.000564942 -0.0144399 0.017492 0.018943 -0.0161671 0.0333349 0.0187117 -0.0322428 0.0139977 0.0577718 -0.00194107 0.00677041 0.0764872 0.0288194 -0.0434342 0.0435754
internal_weight=314.331 300.863 85.3554 47.9981 37.3573 17.4386 215.508 154.251 78.9906 28.2752 61.257 17.8095 43.4475 32.4508 50.7154 75.2602 10.665 16.8499 64.5952 10.9968 13.4674 2.28395 11.1834
internal_count=131291 129522 1884 1134 750 662 127638 89251 63158 27154 38387 8334 30053 22348 36004 26093 8412 7673 17681 7705 1769 879 890
is_linear=0
shrinkage=0.12


Tree=169
num_leaves=23
num_cat=0
split_feature=50 54 49 62 50 54 67 48 60 48 28 40 54 0 4 27 54 74 23 23 18 40
split_gain=0.685875 0.620634 1.76834 0.749948 1.77482 1.74368 1.59977 2.13719 1.95726 1.47277 1.53819 1.72063 0.962379 0.730306 0.623266 0.551711 0.586141 0.533542 1.27447 0.114383 0.0503414 0.0345885
threshold=0.75806024670600902 0.4745734184980393 0.54157927632331859 0.30275818705558782 0.38265646994113928 0.29934465885162359 1.5000000000000002 2.1401041746139531 2.4572916030883794 0.54739582538604747 279.68241882324224 0.14774912595748904 0.03394898213446141 13.986350059509279 2.9618500471115117 22.232343673706058 0.076657883822917952 0.044952655211091049 0.86253532767295849 0.86253532767295849 0.22604166716337207 0.04186972230672837
decision_type=2 2 2 2 2 2 2 2 2 2 2 2 2 2 2 2 2 2 2 2 2 2
left_child=1 3 14 4 6 13 8 -8 -1 15 11 -11 -12 -6 17 16 -5 19 -19 -3 -17 -2
right_child=21 2 -4 9 5 -7 7 -9 -10 10 12 -13 -14 -15 -16 20 -18 18 -20 -21 -22 -23
leaf_value=0.0017590143170043769 0.13299953282350052 0.20019206442951501 -0.13776771996252543 -0.063358510012939032 0.049647957417271384 -0.19029718812389632 0.027892593423218728 -0.12014809838834564 -0.12117410723802055 -0.020129171968675398 -0.12475350979544877 0.013751107680276124 0.093762290697060519 -0.049220311310491732 0.00908193032251043 0.14389019723614396 0.095284386768491047 -0.088392414272312966 0.10176707716700004 0.12396463890631187 0.10111723824118847 0.080028732753245374
leaf_weight=118.69478997238201 0.50168737675062303 0.42137461435049661 0.75703698840220557 0.63634993538630558 1.374835798653179 1.1179510257661602 55.904342744111204 1.440428429732491 1.8947492312173597 83.810373593685995 0.32202485368179568 29.072768143458461 2.9395403496264976 4.9472111443046742 2.5176281689641655 0.87508824344195069 0.70905754016803257 0.67162374387226043 2.0771724014261963 0.86613117590286492 0.72409468134833332 0.27470770982267823
leaf_count=45182 448 3 486 106 2090 231 17499 163 348 43313 55 12647 2967 706 469 164 516 19 1779 1147 533 420
internal_value=0.00160951 0.00132899 0.0358799 0.00049933 0.00527287 -0.052149 0.00767386 0.024174 -0.000172558 -0.00693116 -0.009056 -0.0114034 0.0721875 -0.0277197 0.0559377 0.0768796 0.0202496 0.0851638 0.0553047 0.148912 0.124523 0.114257
internal_weight=312.551 311.775 7.31097 304.464 185.374 7.44 177.934 57.3448 120.59 119.089 116.145 112.883 3.26157 6.32205 6.55393 2.94459 1.34541 4.0363 2.7488 1.28751 1.59918 0.776395
internal_count=131291 130423 3903 126520 66219 3027 63192 17662 45530 60301 58982 55960 3022 2796 3417 1319 622 2948 1798 1150 697 868
is_linear=0
shrinkage=0.12


Tree=170
num_leaves=39
num_cat=0
split_feature=18 81 12 62 4 4 50 40 48 18 16 65 36 28 70 65 30 14 1 48 30 5 65 10 14 40 28 30 74 76 68 23 40 70 40 46 23 0
split_gain=0.987745 2.20974 2.06165 1.8138 1.93588 2.16373 1.63925 2.89323 2.10313 2.0037 1.8667 1.54903 2.12684 1.98587 2.38741 2.05747 1.95271 2.14631 2.07479 1.82303 1.7768 3.08558 1.8801 1.57585 1.5459 1.57269 1.38649 1.18151 1.15733 0.679594 1.04241 0.621925 0.605247 0.535347 0.745558 0.000101598 5.69615e-05 1.02154e-07
threshold=0.28229166567325598 1.0000000180025095e-35 0.55910000205039989 19999991.000000004 1.5527500510215761 1.6705500483512881 0.050838761031627662 0.089561790227890029 0.54739582538604747 0.29010416567325598 1.0000000180025095e-35 7.2979166507720956 1.0000000180025095e-35 4.5244843959808358 1.0000000180025095e-35 6.4145832061767587 0.83645832538604747 -0.82713100314140309 475.41500854492193 1.776041626930237 0.49479167163372045 7.6150500774383554 5.8072917461395273 1.0000000180025095e-35 0.1380179971456528 0.045718731358647353 7.8279674053192148 0.31354166567325598 4.4814679622650155 1.0000000180025095e-35 5.5000000000000009 2.4146082401275639 0.14774912595748904 1.0000000180025095e-35 0.019884073175489906 0.033045049756765373 9.3324875831604022 8.2638998031616229
decision_type=2 2 2 2 2 2 2 2 2 2 2 2 2 2 2 2 2 2 2 2 2 2 2 2 2 2 2 2 2 2 2 2 2 2 2 2 2 2
left_child=3 2 -2 11 35 -6 7 27 -8 -9 -10 12 20 15 -15 -14 17 -13 -19 23 22 -22 -1 -18 -3 33 -21 -4 31 30 -7 -27 -30 34 -26 -5 -37 -38
right_child=1 24 6 4 5 29 8 9 10 -11 -12 16 13 14 -16 -17 19 18 -20 26 21 -23 -24 -25 25 28 -28 -29 32 -31 -32 -33 -34 -35 -36 36 37 -39
leaf_value=0.011839602553780672 -0.070786576943758936 -0.013593333771988418 0.021912902583389626 0.12385183365711547 -0.39163260435064229 -0.11779826852603814 0.13007794550526061 -0.14321600730027675 -0.086217961826892883 0.0049665600654329317 -0.012437778735386892 -0.0061746418325564186 -0.052028961976952975 0.056744377875295543 -0.0070947766186493545 0.11076771831627039 -0.009318519262411477 0.0431844766268785 -0.21583099002273934 -0.023782705345538519 -0.10712618802555134 -0.0037353936556117412 -0.082991983895448707 -0.097157645530632594 0.13086884200125998 -5.536277632444878e-05 0.10305107404424461 0.11582845743693801 -0.068614677066726512 -0.18839278726256528 0.12271010997226593 0.07923893431601095 0.06026381245184214 0.24027333880071958 -0.067203398981821122 0.11654114903395031 0.12027459856319214 0.12012112257928381
leaf_weight=21.711822560177726 8.0160822456581382 7.2112423582293586 3.1897007117695484 0.093861978893982623 0.4046908798572989 0.69205345444800037 1.4229083462450933 1.5444498505012223 5.2662431890857979 8.8069967965666347 79.244286870253745 18.524529200853067 8.6625173131665729 20.003493058636536 14.587033803333496 1.2835449460742427 9.2191902892609523 54.430096457635386 0.44900717465816242 2.2168730828911967 7.7632968471657504 8.9468253315835664 3.4951198079717178 4.3187943311866084 2.3115982350416289 1.9650296783602224 2.8197310576206291 4.8803909099324301 1.9951334623967798 0.57526538376896486 0.41518613557946082 5.1766124940643294 0.71198144940035479 0.52407623258682168 0.31039612853692222 0.077339827263131156 0.08376362450508168 0.24544066054193081
leaf_count=10402 260 331 971 35 94 372 296 386 1246 1789 23432 372 3380 6814 6797 372 4020 39550 321 673 6369 650 2295 2150 4534 98 1835 1872 1046 366 841 4517 843 242 226 324 142 1121
internal_value=0.00229816 -0.00557133 -0.0121408 0.0080617 -0.0916855 -0.142508 -0.0076359 0.0248478 -0.0145994 -0.0171425 -0.0170354 0.00950823 -0.00202435 0.0162354 0.029823 -0.03102 0.0203481 0.0291436 0.0410653 -0.01441 -0.0214252 -0.0517694 -0.00130946 -0.0373404 0.0309632 0.0556891 0.0472249 0.0787084 0.0320946 -0.0825858 -0.0276139 0.057421 -0.0347191 0.129551 0.107421 0.120293 0.119472 0.12016
internal_weight=313.597 132.577 112.371 181.019 2.5876 2.0872 104.355 18.4215 85.9334 10.3514 84.5105 178.432 86.4537 44.5366 34.5905 9.94606 91.9782 73.4036 54.8791 18.5746 41.9171 16.7101 25.2069 13.538 20.2061 12.9948 5.0366 8.07009 9.84876 1.6825 1.10724 7.14164 2.70711 3.14607 2.62199 0.500406 0.406544 0.329204
internal_count=131384 42089 30252 89295 3295 1673 29992 5018 24974 2175 24678 86000 37079 17363 13611 3752 48921 40243 39871 8678 19716 7019 12697 6170 11837 11506 2508 2843 6504 1579 1213 4615 1889 5002 4760 1622 1587 1263
is_linear=0
shrinkage=0.12


Tree=171
num_leaves=35
num_cat=0
split_feature=56 55 42 74 79 5 5 44 74 7 19 1 66 27 70 70 21 48 49 32 50 5 5 56 49 32 71 28 7 19 27 56 65 54
split_gain=0.963993 1.87275 1.25786 1.00131 0.952589 1.502 2.09886 1.24182 1.19244 2.86668 1.97956 1.28659 2.0146 1.89767 1.94286 1.55825 1.43796 0.944275 0.909064 0.857854 0.783895 0.771086 0.726099 0.721467 0.848748 0.67288 0.542519 0.296758 0.052679 0.0980956 0.0443465 0.00277315 0.000398139 0.000129188
threshold=9.0437502861022967 1.0000000180025095e-35 -10.427249908447264 1.0000000180025095e-35 1.0000000180025095e-35 6.3201498985290536 6.1178500652313241 0.47135417163372045 1.6003227233886721 13.233663082122805 27.406229972839359 248.29499816894534 1.0000000180025095e-35 111.46908187866212 1.0000000180025095e-35 1.0000000180025095e-35 3.3178917169570927 1.0320312380790713 0.20058378577232364 0.21166560798883441 0.19655697047710421 6.6563000679016122 5.9683501720428476 2.0145833492279057 0.68241348862648021 0.21166560798883441 -8.8276209831237775 5.3506467342376718 5.4994390010833749 28.533215522766117 23.436169624328617 9.3104166984558123 10.989062786102297 0.043734319508075721
decision_type=2 2 2 2 2 2 2 2 2 2 2 2 2 2 2 2 2 2 2 2 2 2 2 2 2 2 2 2 2 2 2 2 2 2
left_child=4 3 -3 -2 8 6 23 27 11 10 19 13 21 16 -15 -14 -1 -12 26 -10 -20 -13 28 24 -6 -25 -9 -7 29 -5 -29 -4 -33 -34
right_child=1 2 31 22 5 7 -8 18 9 -11 17 12 15 14 -16 -17 -18 -19 20 -21 -22 -23 -24 25 -26 -27 -28 30 -30 -31 -32 32 33 -35
leaf_value=-0.00073540129092693901 -0.1029944997098622 0.44821464742397316 0.13853526461793447 0.024845496431171774 -0.0012724899123717924 0.022453047448397819 -0.1982946639627689 -0.077828024276121538 -0.0041841105696477999 -0.090964486383875859 -0.087310139913711213 0.088705519804223434 0.013962473755022645 -0.12849834602653173 0.0077446239496351699 -0.018365605965025646 -0.05794094873391728 0.0017933245863595399 0.10246127058093366 0.12569740401338336 0.0084929936403047371 0.017264851675729921 -0.015196861251208674 7.0865949982944516e-05 -0.14905387073861445 0.11256866576807747 0.016143409927984471 0.088206773304902689 0.13477639757372409 0.11623779189226632 0.13055838899832581 0.12698655865355613 0.12415770483791366 0.12049590877400977
leaf_weight=127.12665255433399 0.87763704722601632 0.20268293842673268 0.18680319806139789 0.24938671975212423 7.7826149199767638 0.46614891248827861 0.77059035266097531 1.2861372469828891 1.0779389104118338 6.9703949843442379 2.4730551999964501 6.1227730982277517 84.936270510561144 3.6039987323151754 2.5906462004668356 28.733781795487175 6.6589630480436872 5.5701695644042957 2.9841693377643423 2.28368850399454 2.2364272951294879 3.3746860702494814 1.4439703862071835 1.5357487319073482 0.60299065871686242 1.5267495547291217 2.8342105647070621 0.40927636614731033 0.57443093047459115 0.52544349534537105 2.7363939326323816 0.2328330303801065 0.18004241048538461 0.60474816185472946
leaf_count=31493 348 2 98 670 13953 167 553 269 578 130 498 17003 30274 691 457 8792 2780 1582 1639 3507 604 619 440 662 111 7461 1039 522 272 280 1778 124 119 1869
internal_value=0.00207614 0.0539331 0.171639 0.00881444 0.00121754 0.0235833 -0.00659746 0.0520537 -0.000782225 -0.0303369 0.0067173 0.00128154 0.0102267 -0.00658922 -0.0715205 0.00579051 -0.00358272 -0.0256034 0.0289491 0.0840496 0.0622066 0.0633209 0.043945 0.00630599 -0.0118991 0.0561545 -0.0131891 0.111807 0.107238 0.0868223 0.125048 0.125096 0.122629 0.121336
internal_weight=311.772 5.07798 1.40711 3.67087 306.694 25.1715 12.2187 12.9528 281.523 18.3752 11.4049 263.148 123.168 139.98 6.19464 113.67 133.786 8.04322 9.34094 3.36163 5.2206 9.49746 2.79323 11.4481 8.38561 3.0625 4.12035 3.61182 1.34926 0.77483 3.14567 1.20443 1.01762 0.784791
internal_count=131384 4222 2212 2010 127162 28758 22740 6018 98404 6295 6165 92109 56688 35421 1148 39066 34273 2080 3551 4085 2243 17622 1662 22187 14064 8123 1308 2467 1222 950 2300 2210 2112 1988
is_linear=0
shrinkage=0.12


Tree=172
num_leaves=33
num_cat=0
split_feature=56 55 18 81 22 11 80 14 85 40 56 15 28 2 85 46 40 46 40 28 40 46 4 42 40 15 21 69 22 71 65 54
split_gain=0.782957 1.58432 0.740237 1.60606 2.18575 1.82357 1.86773 1.48377 2.2833 1.782 1.45381 1.64881 1.9278 2.5144 1.7288 1.57017 2.47453 2.84003 1.89546 1.72876 1.66002 0.746916 0.683459 0.597929 0.517003 0.432035 0.320674 0.109811 0.031119 0.0023477 0.000275328 8.91059e-05
threshold=9.0437502861022967 1.0000000180025095e-35 0.28229166567325598 1.0000000180025095e-35 0.20852916687726977 0.46175000071525579 1.0000000180025095e-35 0.1380179971456528 0.91881427168846141 0.019884073175489906 0.28385417163372045 1.3921459913253786 4.5244843959808358 0.2582900077104569 1.0849000215530398 0.065772313624620451 0.13637553900480273 0.064185276627540602 0.072509195655584349 236.81690216064456 0.075625017285346999 0.04818904027342797 1.1828500032424929 -10.427249908447264 0.036971207708120353 2.9399764537811284 1.7820166349411013 8.5000000000000018 5.6229667663574228 19999975.000000004 10.989062786102297 0.043734319508075721
decision_type=2 2 2 2 2 2 2 2 2 2 2 2 2 2 2 2 2 2 2 2 2 2 2 2 2 2 2 2 2 2 2 2
left_child=2 22 10 4 -4 -6 -7 -5 9 -9 11 -1 14 -14 -13 16 17 -12 19 -17 -20 -18 -2 -3 26 -10 -24 -26 -29 30 -25 -32
right_child=1 23 3 7 5 6 -8 8 25 -11 15 12 13 -15 -16 18 21 -19 20 -21 -22 -23 24 29 27 -27 -28 28 -30 -31 31 -33
leaf_value=-0.032968047708138215 -0.089544641099595673 0.33572313085422451 -0.075921881684231737 -0.018255634343841993 -0.055219613240636026 0.021787673098473181 -0.014076070681700782 0.13003025389735645 0.23770471236070378 0.0031283207713901939 -0.030165811942789458 -0.081386166875945867 -0.2278710291962712 0.017331549145959777 0.018082404453785349 0.055877603516541259 -0.01001376249108267 -0.26867176911165952 -0.10093366127526431 -0.0057015248416397626 0.010589205282806073 0.083597429033580112 0.04490773677242272 0.12612029829699734 0.041455679822124489 0.12426815592549348 -0.072521381818843281 0.12740907357779466 0.081578095623976637 0.13867977293948044 0.12366502451271431 0.12045927470385902
leaf_weight=22.554686751625013 0.79985545092699739 0.23538345005363193 7.0762282091310444 6.8968411863861574 10.160335743520589 31.984868697840284 60.393858124567487 1.9791164430916968 0.76202281254882054 8.1767225257824503 11.652074260758468 6.343471148013121 0.60939565954356467 51.054062855285338 4.1702857690465862 30.470761048818588 1.8552897332081091 0.76620460789581635 2.0418373786915245 8.3677542422341826 32.742242833915327 3.6265448169035608 0.63393175757232734 0.2099087048641195 0.50494396681096965 1.3226489511037014 0.70983153396582566 0.5956280736681947 0.3323930742817538 0.14578264241072247 0.16100298295191351 0.55612517332303923
leaf_count=406 190 2 238 326 258 9658 19152 4418 50 5170 5955 2043 190 32508 1651 20556 884 323 308 5331 15148 1035 410 136 219 1554 327 235 629 45 112 1917
internal_value=0.00186271 0.0495253 0.00109938 -0.00581739 -0.0114174 -0.00696595 -0.00165874 0.0262585 0.0513397 0.0278583 0.00615203 -0.00517472 0.00490727 0.0144393 -0.0419319 0.0166384 -0.0152379 -0.0448816 0.0243886 0.0426104 0.00404277 0.0519154 0.00819355 0.162525 0.0363477 0.165733 -0.0171232 0.08649 0.110994 0.124524 0.122298 0.121179
internal_weight=309.892 4.88479 305.007 128.753 109.615 102.539 92.3787 19.1374 12.2405 10.1558 176.255 84.7319 62.1772 51.6635 10.5138 91.5227 17.9001 12.4183 73.6226 38.8385 34.7841 5.48183 3.57658 1.3082 2.77673 2.08467 1.34376 1.43297 0.928021 1.07282 0.927037 0.717128
internal_count=131384 4222 127162 40824 29306 29068 28810 11518 11192 9588 86338 36798 36392 32698 3694 49540 8197 6278 41343 25887 15456 1919 2010 2212 1820 1604 737 1083 864 2210 2165 2029
is_linear=0
shrinkage=0.12


Tree=173
num_leaves=37
num_cat=0
split_feature=79 0 0 45 40 74 23 23 28 27 5 65 40 28 21 74 54 40 32 60 28 21 23 38 83 74 0 50 21 27 32 61 0 32 27 32
split_gain=0.746655 1.38455 1.25837 2.26234 1.06788 1.00121 1.23182 1.04506 1.22409 3.1445 2.02529 1.53842 1.37443 1.117 0.948647 0.885093 0.876092 0.778919 0.7619 0.720499 0.69721 1.28618 0.646882 0.522379 0.597198 0.505032 0.492831 0.465655 0.408009 0.221672 0.16462 0.00502544 0.00237398 0.00219561 0.000443076 0.00010144
threshold=1.0000000180025095e-35 16.067599296569828 14.91725015640259 0.51099571585655224 0.04186972230672837 2.5408730506896977 1.5313089489936831 0.58280083537101757 57.515069961547859 24.332634925842289 9.6265997886657733 11.62552070617676 0.15107164531946185 88.923084259033217 1.4997583627700808 3.4620913267135625 0.22029776871204379 0.16658401489257815 0.21166560798883441 1.9614583253860476 7.0740752220153817 4.0111248493194589 8.8816223144531268 1.0000000180025095e-35 1.0000000180025095e-35 4.9435536861419687 20.667149543762211 0.10889774188399316 2.1370583772659306 64.647968292236342 0.20634794980287555 7.7310469150543222 21.066800117492679 0.21166560798883441 120.02392578125001 0.23044371604919436
decision_type=2 2 2 2 2 2 2 2 2 2 2 2 2 2 2 2 2 2 2 2 2 2 2 2 2 2 2 2 2 2 2 2 2 2 2 2
left_child=5 2 17 18 31 7 -7 -1 10 13 12 -11 -9 -10 15 -8 19 20 -4 26 27 -22 28 24 -16 -21 -6 -2 -19 -18 -24 33 -25 -3 -20 -35
right_child=1 4 3 -5 16 6 14 8 9 11 -12 -13 -14 -15 23 -17 29 22 34 25 21 -23 30 32 -26 -27 -28 -29 -30 -31 -32 -33 -34 35 -36 -37
leaf_value=-0.023063440802235519 -0.070698530075728322 0.10969408023279884 -0.091284984536129862 -0.33652313278996476 0.047577530245884979 -0.10060780626119219 -0.11736815720057733 0.0064812631186587453 0.14424060298391819 0.0093014516405380172 -0.089843417811732079 -0.04765561399521559 -0.022747490555485507 0.052382389406803322 0.11521388275345798 0.010644682367148862 0.0059958106350971544 -0.064273256244381627 0.12102180592104073 0.04551413274702816 0.068568081837282538 -0.12202164219430042 0.0040726254195687286 0.1220302465553716 -0.014214073577989251 -0.050554560247457504 0.13467303615586212 0.0045495357087526334 0.10036266825735442 -0.066872300059363982 0.11501272455412052 0.139611609669793 0.13702153782303741 0.12466926610370778 0.13038182876417342 0.12205330241080156
leaf_weight=23.186686864959484 2.9126968376637041 0.21865783466364508 0.64827546126843916 0.44513224636852999 1.8973474302742928 3.0643851964105107 1.7108745903024103 74.050101447130373 2.5716175178024496 120.82643748626106 3.9788440655823925 7.2378160133860083 33.714322079898466 7.3674587031314331 0.63121475584330289 1.4260225168172835 1.2206730256662015 0.73189698061605601 0.27689546577903457 2.5465048685207425 2.6226591405871891 0.6329270511245112 0.21759091238197914 0.40089499877240076 2.749572496334622 1.1410763803526149 1.8455820946196579 1.9955849096116933 0.30797293980344875 1.1845547250236448 1.6773007507150053 0.23400457796424223 0.24511583942694415 0.24487011412111304 0.098815384681074647 1.6639166555625022
leaf_count=388 825 67 277 476 1116 69 277 18884 1199 53636 124 9855 6744 6461 695 507 244 400 1087 693 15195 590 352 1010 1706 348 190 1001 665 380 2637 72 29 83 61 3041
internal_value=0.00167266 0.0216536 -0.00629873 -0.110666 0.0504552 -7.48495e-05 -0.036935 0.00130647 0.003569 0.0111287 -0.00576725 0.00608241 -0.00266301 0.0761496 -0.00969794 -0.059174 0.0330572 0.00751626 -0.0124842 0.0534333 -0.0115441 0.031515 0.060538 0.0288441 0.00995096 0.0157869 0.090523 -0.0401045 -0.0155139 -0.0298911 0.102273 0.12292 0.127718 0.121084 0.123484 0.122389
internal_weight=307.926 24.7649 12.5677 1.46912 12.1972 283.161 10.2281 272.933 249.747 138.003 111.743 128.064 107.764 9.93908 7.1637 3.1369 9.83574 11.0986 1.02399 7.43051 8.16387 3.25559 2.93476 4.0268 3.38079 3.68758 3.74293 4.90828 1.03987 2.40523 1.89489 2.36145 0.646011 2.12744 0.375711 1.90879
internal_count=131384 29800 23566 1901 6234 101584 4293 97291 96903 71151 25752 63491 25628 7660 4224 784 2971 21665 1425 2347 17611 15785 4054 3440 2401 1041 1306 1826 1065 624 2989 3263 1039 3191 1148 3124
is_linear=0
shrinkage=0.12


Tree=174
num_leaves=35
num_cat=0
split_feature=56 55 74 79 5 12 44 56 35 87 9 22 80 13 54 74 15 30 40 56 49 23 45 85 68 18 32 35 30 56 48 58 56 54
split_gain=0.688137 1.33412 0.748795 0.632821 1.10013 3.78269 1.08261 0.862029 1.32391 1.43111 2.59015 1.70783 1.23815 1.03385 1.80847 1.47696 2.71293 1.14667 0.702483 0.679868 0.663621 0.586503 0.564246 0.53946 0.368945 0.425535 0.311941 0.291543 0.0585838 0.010696 0.00365537 0.00184227 0.000108638 5.62517e-05
threshold=9.0437502861022967 1.0000000180025095e-35 1.0000000180025095e-35 1.0000000180025095e-35 6.3201498985290536 2.8909499645233159 0.47135417163372045 6.1963541507720956 44.283306121826179 0.47065000236034399 1.0000000180025095e-35 1.8401666879653933 1.0000000180025095e-35 -2.5172500610351558 0.15575013309717181 1.7061792612075808 1.7826600074768069 0.96328124403953563 0.038196025416255004 2.0145833492279057 0.20058378577232364 1.9581975340843203 0.21011346578598025 0.84485715627670299 7.5000000000000009 0.25546874105930334 0.44117353856563574 5.3506467342376718 0.23229166865348819 13.158333301544191 0.76354166865348827 19999975.000000004 10.20156240463257 0.043734319508075721
decision_type=2 2 2 2 2 2 2 2 2 2 2 2 2 2 2 2 2 2 2 2 2 2 2 2 2 2 2 2 2 2 2 2 2 2
left_child=3 2 -2 7 5 -5 27 13 12 11 -11 -10 -9 14 -1 17 -17 -15 30 23 -20 -4 -21 -7 25 -23 -3 -6 -29 -26 -8 32 -28 -34
right_child=1 26 21 4 6 19 18 8 9 10 -12 -13 -14 15 -16 16 -18 -19 20 22 -22 24 -24 -25 29 -27 31 28 -30 -31 -32 -33 33 -35
leaf_value=0.0032221071022606319 -0.085808499880537945 0.27407703119906429 -0.075612141197979321 -0.57733128251478905 0.017617157699442297 -0.022147122628400056 0.13916880482688104 -0.14150548496840276 -0.031315896765217954 0.025590295347488877 -0.24921480959482759 0.11937981990454213 -0.017605016691340108 0.010098105624075468 -0.044169409809850194 -0.12764751766132937 -0.0030917824087894705 -0.016498077502640544 -0.025046404348884069 -0.025059960204168726 0.044575179315820966 -0.073837708540910388 0.088786649866393258 0.1205363236593341 0.11316340891766835 0.079848822791477508 0.12417010061764239 0.075612452675195091 0.12885345901343004 0.13869784076859457 0.12056016152244527 0.13704331889817589 0.1232264601351401 0.12048355136822099
leaf_weight=29.770608636708857 0.88893172283951516 0.25179172634511793 0.4940545771905821 0.16487845057418127 0.45242232881355393 8.1121141832259092 0.19389709415554346 2.4317955379951837 2.2571319381422654 1.2863342966575149 0.80173055762224965 2.0817222660621155 2.2232223121400239 177.94899670899281 18.99211957695934 3.3720755510621521 9.9432035619663548 26.867813406767937 3.6484986736968494 0.92496450537532782 4.2891761586990924 0.41373961012561744 1.9453183140944359 0.40040417802077932 0.5675015461949896 0.69561834873206863 0.23920137692471144 0.34220332543725396 2.2838155871211256 0.40468057907901311 0.70360397399599606 0.13673885918001361 0.14151083065189596 0.45015559493936053
leaf_count=483 348 24 19 9 167 12304 133 228 252 873 228 2647 452 76964 306 48 5777 10146 1056 662 1162 208 7588 2177 673 597 447 447 1853 165 1200 56 99 1586
internal_value=0.00150521 0.0471473 0.00915249 0.000795997 0.0197216 -0.00667212 0.0453047 -0.000801332 -0.0335958 0.00170316 -0.0799235 0.0409858 -0.082331 0.00056035 -0.015236 0.00409156 -0.0346353 0.00660923 0.023952 0.00159381 0.0125741 0.041927 0.052099 -0.0154357 0.069825 0.0225308 0.155097 0.106587 0.121915 0.123792 0.12458 0.124136 0.122012 0.12114
internal_weight=306.122 4.68392 3.46453 301.438 23.4613 11.5477 11.9136 277.977 11.0819 6.42692 2.08806 4.33885 4.65502 266.895 48.7627 218.132 13.3153 204.817 8.83518 11.3828 7.93767 2.57559 2.87028 8.51252 2.08154 1.10936 1.2194 3.07844 2.62602 0.972182 0.897501 0.967607 0.830868 0.591666
internal_count=131384 4222 2010 127162 28758 22740 6018 98404 4680 4000 1101 2899 680 93724 789 92935 5825 87110 3551 22731 2218 1662 8250 14481 1643 805 2212 2467 2300 838 1333 2188 2132 1685
is_linear=0
shrinkage=0.12


Tree=175
num_leaves=37
num_cat=0
split_feature=5 12 52 23 50 27 65 61 62 48 54 65 4 45 0 27 28 23 75 56 18 64 50 18 50 46 54 40 28 48 10 28 21 28 28 65
split_gain=1.13243 2.61441 2.03199 4.01748 6.56744 1.79616 1.72997 1.96277 3.76719 1.6442 1.32871 1.22475 1.66389 1.2067 1.07053 1.54383 0.98011 0.938058 4.69157 2.45338 2.07902 1.80605 1.07339 0.493942 0.471074 0.384889 0.265877 0.195256 0.144846 0.0998809 0.0953253 0.069396 0.00181689 0.00124904 6.0841e-06 2.29569e-08
threshold=3.1983999013900761 6.6577501296997079 2.5489583015441899 11.853127956390383 0.065783467143774046 122.53402328491212 3.5635416507720952 0.43452742695808416 1.6624989509582522 1.0864583253860476 0.13247168809175494 0.29270832240581518 3.2188500165939335 0.21011346578598025 5.1167500019073495 49.894708633422859 2.6983066797256474 1.3550181388854983 1.0000000180025095e-35 0.52708330750465404 0.14062500000000003 36.500000000000007 0.094438623636960997 0.25546874105930334 0.20611643046140674 0.077337730675935759 0.18431004881858828 0.20363378524780276 7.8279674053192148 1.9385416507720949 1.0000000180025095e-35 8.5425338745117205 1.3788916468620303 5.3506467342376718 7.0740752220153817 6.2697918415069589
decision_type=2 2 2 2 2 2 2 2 2 2 2 2 2 2 2 2 2 2 2 2 2 2 2 2 2 2 2 2 2 2 2 2 2 2 2 2
left_child=2 11 5 4 -4 6 14 16 -9 -3 28 12 -2 -11 30 -16 -8 18 19 -13 22 -22 -19 24 -12 -7 -25 29 -5 -27 -1 -6 -30 -15 -35 -33
right_child=1 9 3 10 31 25 7 8 -10 13 23 17 -14 33 15 -17 -18 20 -20 -21 21 -23 -24 26 -26 27 -28 -29 32 -31 -32 35 -34 34 -36 -37
leaf_value=-0.13144153933357741 0.10897624799278235 -0.22767276015555932 -0.79313501066110315 -0.0028154571283662321 -0.016483917878255597 -0.11655265705250396 -0.00018304760616321203 -0.44658773352406667 0.0078434885258264024 -0.11466795887475306 0.11553256111714981 -0.02391591174804867 -0.021422449200397275 0.13331290980605601 -0.073433712837262521 0.068782707862857756 0.079711185952853605 0.0084308242520736779 -0.061171365938071071 0.018167278390475598 0.0068347467037857589 -0.022361933021390282 0.12702663706915529 -0.11240686099539858 -0.072485543322301171 0.11346927365841648 -0.014490012245094958 -0.064130261144241238 0.13195548040579244 -0.0089762293878237684 -0.073317673139934772 0.12014224092379283 0.12038607692002512 0.12132306069962451 0.12004940299685175 0.12005146477932299
leaf_weight=0.80209156925955116 3.1944035394067205 1.2007111491066091 0.26196966499901364 0.15140622107992419 0.080300981874643185 1.3100272956526162 2.5662030684229711 0.28782760051262757 3.0078069659721791 0.90737750739117451 0.39787512447719597 35.022366982091626 2.5212713734645149 0.17827063088770956 1.8426563091118735 2.7241315208132164 15.978344448453553 1.8072568698858038 23.149721517015678 46.348044248055885 110.36167505640731 42.165031234520256 2.8040753270267942 1.5718919499381629 0.37064971308313943 0.18610078626079474 0.53532164035505037 0.48597740755667473 0.32350899822631618 0.19799137959580548 0.82344487505270081 0.076119844177583218 0.49385383149422069 0.074192841166222934 0.19850791151634439 0.084819911156728267
leaf_count=328 560 646 217 276 174 237 2456 143 4524 205 451 621 435 5 2171 2577 37678 931 511 906 40973 25520 2061 433 203 546 830 280 8 120 581 230 1638 11 1291 513
internal_value=-0.00203283 -0.00465137 0.0184192 -0.0582846 -0.377125 0.0294572 0.0376168 0.0534901 -0.0318447 -0.125366 -0.0165514 -0.00349601 0.0514554 -0.0349316 -0.0183681 0.0113997 0.0686554 -0.00469637 -0.0135062 5.4393e-05 0.00116351 -0.00123649 0.080547 -0.0574974 0.0248538 -0.0754616 -0.0875318 -0.0135924 0.104995 0.0503512 -0.101998 0.074632 0.124965 0.125502 0.120396 0.120094
internal_weight=304.493 269.933 34.5603 4.34772 0.50321 30.2126 28.0325 21.8402 3.29563 2.55906 3.84451 267.374 5.71567 1.35835 6.19232 4.56679 18.5445 261.658 104.52 81.3704 157.138 152.527 4.61133 2.87574 0.768525 2.1801 2.10721 0.87007 0.968769 0.384092 1.62554 0.241241 0.817363 0.450971 0.272701 0.16094
internal_count=131290 74676 56614 4973 1134 51641 50458 44801 4667 2158 3839 72518 995 1512 5657 4748 40134 71523 2038 1527 69485 66493 2992 1917 654 1183 1263 946 1922 666 909 917 1646 1307 1302 743
is_linear=0
shrinkage=0.12


Tree=176
num_leaves=40
num_cat=0
split_feature=7 21 62 18 18 14 60 23 21 60 46 35 60 53 46 21 35 49 13 76 46 1 35 76 75 13 18 46 18 18 58 18 27 23 35 48 52 46 1
split_gain=0.987213 1.60481 1.1049 1.39149 0.872832 1.58493 1.19733 1.77997 3.51776 1.83461 1.51672 1.51089 1.4061 1.33935 0.984836 0.972856 0.925863 0.909994 0.8189 0.653002 0.532522 0.972954 0.467033 0.963742 0.554478 0.306385 0.270251 0.133788 0.127369 0.125004 0.123426 0.096881 0.0402322 0.0625917 0.0415852 0.00728725 0.00172329 0.00106824 0.00103771
threshold=1.2406129837036135 3.8142625093460087 0.78586903214454662 0.24296875298023227 0.21979166567325595 -0.58035701513290394 0.99531248211860668 13.057817459106447 2.6304959058761601 1.0447916984558108 0.033045049756765373 296.95420837402349 0.91354167461395275 0.38229453563690191 0.02997137047350407 0.13955000042915347 0.9224643111228944 0.20687259733676913 -0.18789999932050702 1.0000000180025095e-35 0.16711628437042239 173.73999786376956 73.794029235839858 1.0000000180025095e-35 1.0000000180025095e-35 8.5879001617431658 0.2651041597127915 0.16868239641189578 0.22604166716337207 0.20312500000000003 4.4604942798614511 0.31145833432674414 86.829086303710952 13.88078832626343 2.6983066797256474 1.2489583492279055 2.7083332538604741 0.60410666465759288 188.04499816894534
decision_type=2 2 2 2 2 2 2 2 2 2 2 2 2 2 2 2 2 2 2 2 2 2 2 2 2 2 2 2 2 2 2 2 2 2 2 2 2 2 2
left_child=1 20 22 19 5 -2 11 9 -9 -8 -11 12 13 -6 -7 -16 -17 -10 -13 25 28 -22 24 36 -3 -4 -20 -23 29 -1 -14 38 34 -34 -30 -31 -24 -29 -5
right_child=4 2 3 31 6 14 7 8 17 10 -12 18 30 -15 15 16 -18 -19 26 -21 21 27 23 -25 -26 -27 -28 37 32 35 -32 -33 33 -35 -36 -37 -38 -39 -40
leaf_value=-0.078933173409745885 -0.018175946634021833 -0.031551692146886717 -0.075833045623106762 0.12609405988867231 -0.00046506726489302196 -0.061095619919861274 -0.14419036686342587 -0.43158869874564348 -0.096804832766512708 0.1227723850545886 -0.012246213599856769 -0.20100241623285531 0.14563195294078979 0.054853632044576148 -0.028367342935300861 -0.067660736288614215 0.079748285253794488 0.12018010575900953 -0.094201720664800023 -0.18478327300511324 -0.0902110787246619 -0.0080143759713589072 0.1203441904710368 -0.13006398448344025 -0.14917054770332536 0.10442189313103092 0.020084416434467067 0.11992992509576306 0.080926395162899581 0.1219740606742689 0.075798481814451979 0.043355345545339187 0.0099588542199085771 0.11345425232356633 0.12730554765417765 0.067448609317595581 0.13567718702930084 0.13228262969114998 0.11973964077499553
leaf_weight=0.096893621486314863 9.3099882777933107 1.2913647320834802 0.26493183788377939 0.65329945501753151 149.08459273096582 1.1187458062046278 1.5037286978824784 0.4302509709827963 1.0849686647425185 1.2118221703813095 105.56719764323702 0.75562471569537604 0.91516598096131818 6.5807150601342519 1.6689673656110233 0.65518158998133813 9.6596310311341522 0.37434623888145768 0.64614167212675833 0.40470450061843621 0.62333922211791992 0.13341842551960781 0.36360283843856667 0.3665058039835003 1.0435579994373256 0.27855443283453951 0.55290804844935337 0.68511732291750604 0.31385966733069004 0.079102922256311103 0.60564395765322843 0.261388351350888 0.12271668692392257 0.26772613262050982 2.4634990068828415 0.06373509291006485 0.14872626215219498 0.1182038847084641 0.85362228802978279
leaf_count=230 195 524 237 131 52686 340 387 462 426 949 39808 55 432 3720 46 644 10361 2508 346 193 305 52 1136 349 158 379 516 4239 284 250 351 194 229 800 5123 430 2 109 1704
internal_value=-0.0017477 0.0337134 -0.00843296 0.0479058 -0.0030724 0.0196808 -0.00496595 -0.0145824 -0.130047 -0.0125675 -0.0107139 0.00169146 0.00299534 0.00187352 0.0465799 0.0566319 0.0703851 -0.0411434 -0.103161 -0.0693806 0.084027 0.0259609 -0.0560546 0.0185098 -0.0841196 0.0165535 -0.0415019 0.103266 0.110612 0.0262762 0.117822 0.110796 0.116994 0.0809255 0.122064 0.0976445 0.124795 0.121748 0.122494
internal_weight=302.623 10.8979 5.93026 2.7165 291.726 22.4125 269.313 110.172 1.88957 108.283 106.779 159.141 157.186 155.665 13.1025 11.9838 10.3148 1.45931 1.95467 0.948191 4.96761 1.56008 3.21376 0.878835 2.33492 0.543486 1.19905 0.93674 3.40753 0.239732 1.52081 1.76831 3.1678 0.390443 2.77736 0.142838 0.512329 0.803321 1.50692
internal_count=131290 17058 5007 2838 114232 11586 102646 44540 3396 41144 40757 58106 57189 56406 11391 11051 11005 2934 917 809 12051 4705 2169 1487 682 616 862 4400 7346 910 783 2029 6436 1029 5407 680 1138 4348 1835
is_linear=0
shrinkage=0.12


Tree=177
num_leaves=42
num_cat=0
split_feature=5 22 58 85 85 54 67 80 1 21 21 65 22 82 60 32 46 22 71 21 62 56 82 0 21 57 45 62 58 28 0 70 28 70 46 18 53 28 13 32 18
split_gain=0.937191 2.45283 1.60228 1.41029 4.33167 1.75653 1.3191 4.68957 2.56983 1.60691 2.71272 2.25377 1.97717 1.58874 1.36964 1.29897 1.20619 1.17933 1.16928 1.05977 1.11299 1.49295 5.01736 1.02552 0.965499 0.927367 0.798492 0.725793 0.627513 0.578187 0.568729 0.378694 0.240975 0.279517 0.0853491 0.0107842 0.0125216 0.000755094 8.74032e-05 1.90203e-05 2.31568e-09
threshold=3.1983999013900761 6.4077582359313974 3.4300494194030766 0.90029999613761913 0.8732428550720216 0.19511181116104129 2.5000000000000004 0.37500000000000006 194.10500335693362 1.1076166629791262 1.134108364582062 0.29270832240581518 5.5893335342407235 0.37500000000000006 0.76979166269302379 0.2179861590266228 0.15049929916858676 6.4318251609802255 19999959.000000004 3.8142625093460087 19999971.000000004 5.6770834922790536 1.0000000180025095e-35 0.38450001180171972 0.13955000042915347 -25.851850509643551 0.21011346578598025 19999947.000000004 2.991321444511414 3.6548196077346806 6.4574999809265146 1.0000000180025095e-35 2.6983066797256474 1.0000000180025095e-35 0.052050547674298293 0.25182291865348821 0.43560975790023809 7.0740752220153817 8.7332501411438006 0.21166560798883441 0.25807291269302374
decision_type=2 2 2 2 2 2 2 2 2 2 2 2 2 2 2 2 2 2 2 2 2 2 2 2 2 2 2 2 2 2 2 2 2 2 2 2 2 2 2 2 2
left_child=2 6 3 4 5 15 9 8 14 12 -11 -12 13 -2 -8 -1 -14 -3 -10 20 32 25 -23 -5 -9 -22 -19 30 -26 -7 -21 -32 33 -4 -34 36 -29 -28 39 -25 -39
right_child=1 17 19 23 -6 29 7 24 18 10 11 -13 16 -15 -16 -17 -18 26 -20 27 21 22 -24 38 28 -27 37 35 -30 -31 31 -33 34 -35 -36 -37 -38 40 -40 -41 -42
leaf_value=-0.046039739388200794 -0.013660370410801681 -0.20456790580012002 -0.033741045196379833 -0.12795564928337139 -0.29626752598471101 -0.052461505895111497 -0.089718260767853303 0.12591726675350381 -0.15820681906282313 -0.14942134788221295 0.10042761141953228 -0.0055412700728655895 0.12788226328869889 0.031199121154663986 0.0043633711118652293 0.027328201255824025 0.012711117006611577 -0.10800195881434944 -0.041919142987249906 -0.075068089801544349 -0.10295047651198645 -0.81433458400316483 0.12383734321773805 0.12038888254917268 0.093610752218320742 0.078429616677261949 0.13166037908931427 0.057720097585030362 -0.037582985523236828 0.095177269413485532 0.11929817732276465 -0.043862567639825531 0.059543223568763771 0.12046045030641954 0.12401332992011671 0.12419575280325011 0.12031671615443833 0.12002184860955542 0.12293548211991112 0.1212300126353873 0.12005119218014075
leaf_weight=9.3476273945241619 21.300423131612433 1.2786761698689582 0.34101871280654261 0.27228218114782921 0.74401525437906357 0.43766562373457363 3.2662597366954795 2.4742445812880751 4.2642500316436545 1.8631378789600592 2.9349079840540062 189.38151413704446 3.5677472138254407 24.381648989127143 7.011306880780694 5.531133201703482 2.0687250380126443 0.60612199093338848 1.7586233890167475 1.6793509270227103 0.48533564649267269 0.12759094393186377 0.23016622343831727 0.88507693959627409 0.89033648205759197 2.4805264992957632 0.16004113270901144 0.091652692260424717 1.2794414616064385 3.0016187871294164 0.45857432198135928 0.37021480306066223 0.31785237327159155 0.33611689167014447 4.2418740188024344 0.40373904874422806 0.092419700438597374 0.064020660931248585 0.31890334621903083 0.6880929733054586 0.098022543331353518
leaf_count=1643 1544 427 487 34 354 315 523 174 872 242 488 59150 1563 3374 1906 21283 902 164 250 568 453 219 624 1548 858 4568 5 312 849 7799 868 125 1059 506 10246 430 329 890 192 2652 495
internal_value=-0.0014983 -0.00383886 0.0176238 -0.00200567 -0.0124283 -0.000899721 -0.00279532 -0.0317026 -0.0620108 -0.000329123 -0.00532013 -0.0039241 0.0185559 0.0102822 -0.0255362 -0.0187654 0.0856116 -0.129828 -0.124252 0.0533693 0.075129 0.0208155 -0.210753 0.0897891 0.0746788 0.0487485 -0.0268687 -0.00679747 0.0162504 0.0763895 -0.0349251 0.0464153 0.109599 0.0428016 0.119519 0.113221 0.0891488 0.125814 0.121124 0.120757 0.12004
internal_weight=301.532 268.649 32.8828 21.2264 19.0621 18.318 266.443 20.9445 16.3004 245.498 194.18 192.316 51.3185 45.6821 10.2776 14.8788 5.63647 2.20688 6.02287 11.6564 8.56048 3.32362 0.357757 2.16436 4.64402 2.96586 0.928206 3.09595 2.16978 3.43928 2.50814 0.828789 5.23686 0.677136 4.55973 0.587811 0.184072 0.322084 1.89207 1.57317 0.162043
internal_count=131290 74676 56614 35820 31394 31040 72695 5432 3551 67263 59880 59638 7383 4918 2429 22926 2465 1981 1122 20794 18162 5864 843 4426 1881 5021 1554 2632 1707 8114 1561 993 12298 993 11305 1071 641 1390 4392 4200 1385
is_linear=0
shrinkage=0.12


Tree=178
num_leaves=41
num_cat=0
split_feature=5 22 52 46 85 29 57 57 65 28 5 22 22 52 22 58 79 11 60 50 28 56 70 70 28 71 65 58 11 58 28 1 23 28 54 58 87 40 60 52
split_gain=0.783073 2.06082 1.53512 1.72674 1.66393 1.37577 1.3628 1.28833 1.76426 1.19704 1.16017 1.0279 0.987394 1.79566 0.970222 0.967416 0.899398 0.848876 1.3135 0.871596 0.800249 0.611475 0.661109 0.559096 0.516531 0.281961 0.277416 0.258233 0.237441 0.195331 0.541235 0.143718 0.125557 0.130387 0.0656508 0.00795921 0.00720929 0.00330622 8.03007e-06 6.04137e-09
threshold=3.1983999013900761 6.4077582359313974 2.5010416507720952 0.071391683071851744 0.8732428550720216 4.5000000000000009 -0.3434255570173263 -1.0000000180025095e-35 11.71927070617676 3.6548196077346806 3.388049960136414 6.2898540496826181 6.0590999126434335 2.3213542699813847 5.9075334072113046 2.1377296447753911 1.0000000180025095e-35 4.1501500606536874 6.0640625953674325 0.10304271057248117 7.8279674053192148 2.1390625238418584 1.0000000180025095e-35 1.0000000180025095e-35 7.0740752220153817 0.59482505917549144 6.2072918415069589 19999979.000000004 1.1665500402450564 0.61702439188957225 9.4008340835571307 201.08499908447268 9.625434875488283 4.5244843959808358 0.20356351882219317 2.6552038192749028 0.24995714426040652 0.2004397734999657 2.513541698455811 2.0260417461395268
decision_type=2 2 2 2 2 2 2 2 2 2 2 2 2 2 2 2 2 2 2 2 2 2 2 2 2 2 2 2 2 2 2 2 2 2 2 2 2 2 2 2
left_child=2 10 5 4 20 6 17 8 -8 -9 32 12 14 -14 -12 16 28 18 -1 -19 -4 22 24 29 -5 -22 -25 35 -3 -7 -31 -23 -2 -34 -30 -17 -13 -33 -24 -35
right_child=1 15 3 21 -6 23 7 9 -10 -11 11 36 13 -15 -16 27 -18 19 -20 -21 25 31 38 26 -26 -27 -28 -29 34 30 -32 37 33 39 -36 -37 -38 -39 -40 -41
leaf_value=0.10980666423836273 0.14144020838800739 -0.16347603177982512 -0.13195215836859142 -0.12147357438778333 -0.31202479991138382 -0.12714828552527016 -0.039897908679865847 -0.047782653714088422 -0.41566662599733833 0.041969246755067205 -0.0027746075899338909 -0.10717924648335306 0.12130406413850026 -0.070970799681318031 -0.10279931333700902 0.12992779142180916 -0.31031390958195648 -0.05465202224385679 -0.022695904848323695 0.075485235781419968 -0.061359841556810478 -0.014550155940506454 0.12026947866016638 -0.050767499079604414 0.013273650795582705 0.12092619593783147 0.12104459887270129 -0.084684925060140886 -0.012089817992773895 -0.12448345559333632 0.12017492848904546 0.12613791188570425 -0.047389880567195002 0.12005373433707719 -0.092426645329733381 0.08811342745374591 -0.12625194445464286 0.10460958864322586 0.12149839043818179 0.12010167819960481
leaf_weight=6.6121711830069305 0.85708318983597453 0.60145218494562802 0.92365909621366771 0.82629008936055537 0.53706346109902359 1.0918946930314626 1.037988549471321 2.7347471260236196 0.21764813031865049 9.8369132157524728 258.63304618050523 0.57810870746516119 2.2957239022280187 1.0058797624819815 1.4040100072540997 0.14770707402146843 0.44460231422794994 1.4265730178618699 1.2870046172801322 1.542321994166741 0.19371041682961732 0.13120629420336616 0.27618657371738198 0.2488933199879283 0.81244996368673128 0.33096482986229603 0.29658649817201876 0.15218005747823327 0.26534890493871899 0.38124785177933507 0.19773676841100496 0.57562423300203136 0.11752813676594087 0.065062390940056503 0.32697588230917063 0.11785406057515502 0.5636143821634505 0.12503859938556161 0.1059349285915232 0.090478930087101617
leaf_count=19007 364 73 111 269 247 187 1917 1878 287 16923 64287 562 2898 954 2399 72 258 1125 5723 2087 215 219 927 183 1459 583 459 159 679 166 774 1181 144 387 145 595 340 515 172 360
internal_value=-0.00127369 -0.00338727 0.0165448 -0.0456873 -0.131621 0.0277327 0.035861 0.0108692 -0.105032 0.0224453 -0.00246085 -0.00297929 -0.0024867 0.0627248 -0.00331467 -0.123062 -0.164625 0.0676577 0.0882182 0.0129535 -0.0647244 0.0141194 -0.0215257 -0.0628346 -0.054669 0.0536261 0.0426496 0.0399492 -0.110366 -0.0972713 -0.0409269 0.100712 0.118864 0.0480025 -0.0564375 0.111371 -0.116595 0.122296 0.12061 0.120082
internal_weight=299.417 267.667 31.7499 4.83813 1.9854 26.9117 24.6954 13.8273 1.25564 12.5717 265.611 264.48 263.339 3.3016 260.037 2.05612 1.63838 10.8681 7.89918 2.9689 1.44833 2.85273 2.02086 2.21636 1.63874 0.524675 0.54548 0.417741 1.19378 1.67088 0.578985 0.831869 1.13015 0.273069 0.592325 0.265561 1.14172 0.700663 0.382122 0.155541
internal_count=131290 74676 56614 5898 1156 50716 48947 21005 2204 18801 72695 71440 70538 3852 66686 1981 1155 27942 24730 3212 909 4742 2827 1769 1728 798 642 826 897 1127 940 1915 1255 891 824 667 902 1696 1099 747
is_linear=0
shrinkage=0.12


Tree=179
num_leaves=27
num_cat=0
split_feature=61 46 0 54 60 73 29 29 7 5 28 53 28 10 34 34 0 54 58 33 65 28 70 71 27 46
split_gain=0.815259 0.697292 1.54792 3.99179 1.58167 1.38192 2.63072 1.12614 1.321 1.05758 1.11868 1.58567 1.52297 1.09165 1.01551 3.69794 2.60277 1.48529 1.76334 1.35154 1.33383 0.950043 0.908673 0.8648 0.754389 0.208287
threshold=-51.588850021362298 0.086351707577705397 4.5062499046325692 0.22187131643295291 4.5260417461395273 1.0000000180025095e-35 1.5000000000000002 4.5000000000000009 1.2406129837036135 3.1983999013900761 7.0740752220153817 -0.064856488257646547 253.29750061035159 1.0000000180025095e-35 349.85000610351568 322.93571472167974 8.7678503990173358 0.26781138777732855 0.29324877262115484 0.64132857322692882 9.6072916984558123 6.3710865974426278 1.0000000180025095e-35 -8.3221216201782209 78.760898590087905 0.17468649148941043
decision_type=2 2 2 2 2 2 2 2 2 2 2 2 2 2 2 2 2 2 2 2 2 2 2 2 2 2
left_child=-1 2 3 4 21 7 -7 8 -4 10 11 24 23 -14 15 16 -11 19 -19 -16 -17 -2 -9 -12 -3 -13
right_child=1 9 5 -5 -6 6 -8 22 -10 14 12 25 13 -15 17 20 -18 18 -20 -21 -22 -23 -24 -25 -26 -27
leaf_value=-0.046316312421999399 -0.055267192118073245 0.069619320168200785 0.079042748000751104 -0.41807551939606785 -0.29388463321060132 0.022505819652713897 -0.22923105373096292 -0.10616359275313539 -0.003356243916846129 -0.19333162185667943 -0.073450000135603405 -0.038941269505691066 0.1045978313393767 -0.073476766354048526 0.070723634297465504 -0.084443480256344086 0.0056702907715756919 0.03725508710158338 -0.046080879447296344 0.0082611300423344192 -0.24707490364050011 0.12091007071376869 0.033181424374211982 0.11395705455982828 -0.027090907676503677 -0.10299564116035041
leaf_weight=5.6326201081778882 1.2002995392188323 3.9722953950242754 2.8767401536843513 0.46307955453505645 0.28473306399973797 1.2770073870665322 1.1238851959715246 2.6093417634738212 107.41358856449267 0.98972970866260013 0.3810502534857968 1.6618507014142117 0.73207635802387505 1.5354885256564328 5.2327460172260478 2.1008936175483366 21.627858405729057 4.9035504100056668 14.373668460254406 106.78636521641198 1.1098214121795988 0.6965421621703739 0.90852204163638806 5.1029453442966979 1.6414305833441174 1.3051102816739328
leaf_count=561 332 1497 3830 586 13 258 402 844 31548 922 1232 508 3507 846 2057 503 6095 1667 3492 34540 400 1958 526 31860 1079 227
internal_value=-0.00109644 -0.000225087 -0.00730545 -0.0980843 -0.0301603 -0.00523953 -0.0953351 -0.00333888 -0.001207 0.00462642 0.0336895 0.00383948 0.0667323 -0.0159859 0.00160548 -0.0201456 -0.00303789 0.00588429 -0.0248827 0.0111789 -0.140659 0.00942713 -0.0701764 0.100935 0.0413416 -0.0671176
internal_weight=297.943 292.311 118.854 2.64465 2.18157 116.209 2.40089 113.808 110.29 173.457 16.3322 8.58069 7.75156 2.26756 157.125 25.8283 22.6176 131.296 19.2772 112.019 3.21072 1.89684 3.51786 5.484 5.61373 2.96696
internal_count=131290 130729 40297 2889 2303 37408 660 36748 35378 90432 40756 3311 37445 4353 49676 7920 7017 41756 5159 36597 903 2290 1370 33092 2576 735
is_linear=0
shrinkage=0.12


Tree=180
num_leaves=45
num_cat=0
split_feature=7 28 57 87 54 52 78 14 85 54 65 21 16 52 1 13 62 64 4 22 85 74 21 7 52 28 65 74 64 32 28 18 74 70 54 74 16 82 57 57 4 4 65 57
split_gain=1.81184 2.41632 2.08741 2.18187 3.30482 1.40738 1.95669 7.46245 3.37068 2.51703 2.55321 2.07651 1.70372 1.96467 1.62506 1.56543 1.5213 2.3875 2.0483 1.46541 1.81921 1.38169 2.71442 1.32085 1.30427 1.28198 1.14824 1.09781 1.07168 1.04293 1.03363 0.906778 0.901373 0.64633 0.589139 0.419868 0.336154 0.254306 0.000951048 0.0010059 5.49895e-05 1.35505e-07 9.22223e-08 8.67129e-09
threshold=1.6754139661788943 241.16023254394534 -3.2446283102035518 0.73945000767707836 0.041761536151170738 1.7197916507720949 1.0000000180025095e-35 0.1380179971456528 0.6533571481704713 0.06295358389616014 1.3947916626930239 0.95232498645782482 1.0000000180025095e-35 1.7757812142372134 404.05499267578131 1.4329000115394595 1.3699539303779604 44.500000000000007 4.0518000125885019 6.0284874439239511 0.77265712618827831 0.085302911698818221 2.6304959058761601 5.5447242259979257 2.4757812023162846 -4.586810588836669 2.9395833015441899 0.11722567304968835 7.5000000000000009 0.2179861590266228 88.011592864990249 0.42187500000000006 2.7490061521530156 1.0000000180025095e-35 0.15017547458410266 0.27211894094944006 2.5000000000000004 0.62500000000000011 -0.10657555982470511 -0.078767057508230195 1.5334500074386599 0.26274999976158148 11.519270896911623 -0.44030492007732386
decision_type=2 2 2 2 2 2 2 2 2 2 2 2 2 2 2 2 2 2 2 2 2 2 2 2 2 2 2 2 2 2 2 2 2 2 2 2 2 2 2 2 2 2 2 2
left_child=1 21 3 4 -3 6 9 -8 11 10 23 -9 15 32 26 -7 18 -18 -15 31 -21 22 -1 -2 41 -24 -11 -6 -12 33 -27 -17 34 -23 -14 -35 -34 -16 40 -40 -31 42 -4 -43
right_child=5 2 24 -5 27 12 7 8 -10 14 28 -13 13 16 37 19 17 -19 -20 20 -22 29 25 -25 -26 30 -28 -29 -30 38 -32 -33 36 35 -36 -37 -38 -39 39 -41 -42 43 -44 -45
leaf_value=-0.31320289663273543 -0.07511274461112824 -0.60170705790939838 0.12025783021955393 -0.40400071710269697 0.12498542071933327 -0.11033358939217072 -0.15607481728753686 -0.10534193251845216 -0.054250961011069604 0.047574250814303817 0.090215240032190433 0.10658657228758459 0.12354365699990986 0.025117678110304253 0.1488791650969736 0.11924294989981636 -0.011268862475487022 0.074689850051889869 -0.035635008075726178 0.012060580138150211 -0.24092816192732738 -0.050436166568579369 -0.2587962868695371 0.0043335491465672452 -0.13629320183841862 -0.036517012072117459 -0.03785309368123136 -0.1729551538184288 0.026553539502100262 0.12013832108472139 0.12019726757447094 -0.054284645563494424 -0.1148138140950403 -0.013137760503717445 0.048599503039009284 0.12220718105143562 0.031801924068188596 0.04088170614909907 0.13616965071205012 0.12011191444940934 0.12200516481082437 0.12003998094042274 0.12011239716876708 0.12008395338210542
leaf_weight=0.53439834062333869 3.2654794839131673 0.16360134546971516 0.12806882959557586 0.64911932518475624 0.40951403329449931 3.2529064917871429 5.8588468902562481 0.77291777319714849 5.6609199377890036 2.435992859057591 6.9427480210360946 4.8020426576972568 3.3458359568707001 77.168417348084631 0.76899774820753808 1.5180864263556948 64.356342637004673 5.015544030957698 8.9146338242380789 1.1529312718184881 0.6345823976205337 1.8517579888207365 0.33314178014779816 39.051874636944831 0.64947191010310235 4.6764477616760587 32.408164834438765 0.31512563204123012 8.4326721661329866 0.77254678647662334 0.69628814562651076 0.6070347061358915 0.43442066646673527 0.61673755385800177 2.7534734011865112 0.71006234476055852 0.46753458310865881 0.53061617973037301 0.12936321263737227 0.099294081063249773 0.32187413719316282 0.12445203981411623 0.12317593112538816 0.13422973993465348
leaf_count=422 1169 79 146 451 1040 95 109 127 480 1036 4381 1977 1569 33551 394 1151 25055 7205 379 1481 298 497 423 6866 515 2576 13392 642 5273 6501 4601 52 307 64 1162 568 329 386 67 696 829 1699 480 1000
internal_value=-0.000490718 -0.0435338 -0.145088 -0.236772 -0.114563 0.00157107 -0.0089387 -0.0462784 0.010974 -0.00213633 0.0134196 0.0772046 0.00844438 0.0109702 -0.0269667 -0.0488198 0.00816961 -0.0050541 0.0188262 0.00232189 -0.0777526 -0.0180385 -0.054592 -0.00179704 -0.0235159 -0.0303711 -0.0318808 -0.00458065 0.0552999 0.0326328 -0.0162074 0.0696753 0.0731532 -0.0046321 0.0897109 0.0592947 -0.0388146 0.104785 0.122158 0.129197 0.120687 0.120124 0.120187 0.120063
internal_weight=293.992 13.4387 2.69676 1.53736 0.888241 280.553 110.931 17.0947 11.2359 93.8365 57.6928 5.57496 169.622 162.456 36.1438 7.16554 155.455 69.3719 86.0831 3.91263 1.78751 10.7419 6.24028 42.3174 1.1594 5.70588 34.8442 0.72464 15.3754 4.50164 5.37274 2.12512 7.00126 3.17856 6.09931 1.3268 0.901955 1.29961 1.32308 0.228657 1.09442 0.509927 0.251245 0.258682
internal_count=131520 23296 6052 2212 1761 108224 35590 2693 2584 32897 17689 2104 72634 69557 15208 3077 66190 32260 33930 2982 1779 17244 8022 8035 3840 7600 14428 1682 9654 9222 7177 1203 3367 1129 2731 632 636 780 8093 763 7330 3325 626 2699
is_linear=0
shrinkage=0.12


Tree=181
num_leaves=47
num_cat=0
split_feature=50 23 46 50 54 27 12 40 62 62 48 18 54 82 5 15 68 46 43 1 68 18 40 80 18 56 4 50 6 56 53 61 12 56 28 7 86 46 27 46 40 27 4 1 58 62
split_gain=1.73536 1.69558 2.90585 1.80835 3.01351 2.56373 1.64778 1.84604 1.51133 1.77912 1.51448 1.41744 1.56453 1.21427 1.48362 1.20588 1.1847 2.29515 1.83391 1.77846 1.56921 1.47571 1.14088 1.11137 1.06754 1.01989 0.976675 0.90011 0.839917 0.811759 0.811241 0.754811 0.843778 0.489243 0.521266 0.420553 0.352652 0.344173 0.251145 0.198461 0.14101 0.129671 0.09611 0.0937916 0.0792404 0.0142981
threshold=0.23574015498161319 13.057817459106447 0.075987529009580626 0.22462246567010882 0.1870948523283005 70.180442810058608 8.1585001945495623 0.1588171869516373 4.9443724155426034 1.771785616874695 1.4632812142372134 0.25364583730697637 0.16307238489389422 1.0000000180025095e-35 8.6405501365661639 2.0987869501113896 20.500000000000004 0.45668271183967596 19999989.000000004 169.59500122070315 19.500000000000004 0.27864582836627966 0.15223640948534015 1.0000000180025095e-35 0.2598958313465119 2.3640624284744267 2.589749932289124 0.38978031277656561 1.2498500347137453 0.30520834028720861 -0.14408839493989942 5.0710752010345468 1.2801499962806704 1.9885416626930239 7.0740752220153817 12.676937580108644 1.0000000180025095e-35 0.036019872874021537 148.35223388671878 0.22125723958015445 0.21973391622304919 106.50009918212892 3.4074000120162968 147.11499786376956 1.7551002502441408 14.358316421508791
decision_type=2 2 2 2 2 2 2 2 2 2 2 2 2 2 2 2 2 2 2 2 2 2 2 2 2 2 2 2 2 2 2 2 2 2 2 2 2 2 2 2 2 2 2 2 2 2
left_child=1 3 28 16 29 -6 -4 22 9 11 24 15 37 -12 -15 -2 18 19 20 -18 -1 -19 -8 25 39 33 -17 -14 36 -5 -30 32 -25 34 -10 -26 43 -13 -9 -11 -34 -32 45 -3 -31 -27
right_child=8 2 6 4 5 -7 7 38 23 10 13 12 27 14 -16 26 17 21 -20 -21 -22 -23 -24 31 35 42 -28 -29 30 44 41 -33 40 -35 -36 -37 -38 -39 -40 -41 -42 -43 -44 -45 -46 -47
leaf_value=0.004995257348098912 -0.055001793794268811 0.043695903449302208 -0.41007653180127507 -0.046724241898805544 -0.35633748689135608 -0.061767879324235525 -0.090990988651432791 0.10244191181029685 -0.032536926413591252 0.12754152447705425 -0.19610236587012755 -0.0060666605393011434 0.038293851725266254 0.10002051049808718 -0.13036797018813145 0.070367545592397995 -0.044653194661174428 -0.040602674522951861 -0.1782921372070545 0.00040749528495619695 0.069521905873252812 -0.18767993108185715 -0.32060375818441594 -0.012196118360780528 0.015047877972435121 0.10742776679503326 -0.044321023863938158 -0.039876859661205459 -0.11820837281339551 0.045462371558064978 0.11964681638181242 -0.033584901443972977 0.1107394094429399 -0.098038534693469875 0.12522606513419091 -0.088160407566618734 -0.0046490775130805448 0.089179911605695605 -0.067303555693746853 0.0056565561879500072 0.029364876332624079 -0.0037417125171197358 0.16994203997752808 0.12473864190165865 0.11797279033124958 0.13327616626199829
leaf_weight=128.10214300925588 5.0079269058514928 0.23921892361523944 0.22417838884950914 1.8201026648118834 0.81833213383629277 0.88620847342826892 6.4383937157971189 0.80726401948504634 0.4994303411058334 0.90103591348997658 1.3165047885859169 0.58988403071043904 5.7310444739309769 0.64956291515397868 1.0582122136838732 3.0188315434850779 15.028580964514274 2.5014341701676122 0.76753852360684405 78.462947817504642 5.6671420605371159 1.6176443746408038 0.32745835703087767 1.5879220222232104 1.0582615772656256 0.40937218347016857 1.6556398251350399 3.3675040403991261 0.72207911062832864 0.34496845486728478 0.34977847310324228 1.9874971281610667 2.1838326088457056 0.34776106002163931 0.76131323679533125 1.2285390351898966 0.46392050197187007 7.3959142931698807 0.14862152415844321 0.24458881388341069 0.35673564977014383 0.18887320152271059 1.3594941359897346 1.4647690934812088 0.58515027518546958 1.2463770070056623
leaf_count=58933 138 155 310 483 431 214 11057 2864 222 1061 407 202 1738 1246 20 4026 1772 563 425 24579 1010 256 131 83 1312 526 869 998 102 240 867 437 2192 186 1328 21 288 5232 28 376 259 51 81 2499 584 718
internal_value=-0.000367544 -0.00426309 -0.0495192 -0.00208742 -0.07782 -0.203188 -0.0893611 -0.08005 0.0216055 0.00895548 -0.0475843 0.0225941 0.0433828 -0.109499 -0.0427383 -0.0140871 -0.000634155 -0.0106983 0.00666767 -0.00683592 0.00772893 -0.0983628 -0.102104 0.0607383 0.00696857 0.105135 0.0297463 0.00936174 0.0428149 -0.000119271 -0.035069 0.0271739 0.0564239 0.0279715 0.0627299 -0.0403988 0.0881077 0.0821444 0.0760498 0.101519 0.0993131 0.0763818 0.146298 0.113361 0.0910797 0.126885
internal_weight=291.94 247.977 11.3746 236.602 4.45476 1.70454 7.94592 7.72174 43.9632 33.2235 6.45671 26.7667 17.0843 3.02428 1.70778 9.6824 232.147 97.6106 134.537 93.4915 133.769 4.11908 6.76585 10.7397 3.43243 4.62375 4.67447 9.09855 3.42864 2.75022 1.26073 6.11599 4.12849 1.6085 1.26074 2.2868 2.16791 7.9858 0.955886 1.14562 2.54057 0.538652 3.01524 1.70399 0.930119 1.65575
internal_count=131520 107842 18352 89490 1952 645 14390 14080 23678 17646 4443 13203 8170 1673 1266 5033 87538 27170 60368 26351 59943 819 11188 6032 2770 3061 4895 2736 3962 1307 1020 2971 2534 1736 1550 1333 2942 5434 2892 1437 2451 918 1325 2654 824 1244
is_linear=0
shrinkage=0.12


Tree=182
num_leaves=46
num_cat=0
split_feature=50 56 58 56 50 54 52 58 58 48 48 62 27 6 64 64 87 54 14 38 1 82 40 60 60 64 62 50 82 40 11 67 12 50 82 71 4 52 71 45 27 28 40 28 1
split_gain=1.39059 1.34163 2.06457 2.12755 1.38135 1.67428 1.89502 1.26323 1.36679 1.06254 1.56109 1.84479 1.35428 1.01471 0.984836 0.969135 1.11441 0.967659 1.00187 0.999649 0.78355 0.706194 0.705415 0.70091 0.585334 0.56817 1.1083 0.719688 0.99539 0.970794 0.653301 0.518082 0.507566 0.507754 0.347707 0.31075 0.309178 0.303066 0.26882 0.181901 0.175406 0.0475481 0.0407312 0.023886 3.0372e-05
threshold=0.23574015498161319 6.0531251430511483 19999963.000000004 9.0437502861022967 0.22215428203344348 0.1870948523283005 2.0635416507720952 5.1652433872222909 3.9323511123657231 1.1447916626930239 1.4572916626930239 0.18658741563558581 28.712509155273441 4.2353999614715585 46.500000000000007 35.500000000000007 0.50292500853538524 0.41666980087757116 11.312212467193605 1.0000000180025095e-35 171.02500152587893 0.62500000000000011 0.098920330405235304 1.0000000180025095e-35 5.902083396911622 33.500000000000007 3.4003621339797978 0.30065369606018072 0.62500000000000011 0.13542306423187259 1.6510500311851504 1.0000000180025095e-35 0.55910000205039989 0.12139876559376718 1.0000000180025095e-35 1.0714290738105776 2.589749932289124 2.4489583969116215 5.0210802555084237 0.21011346578598025 45.591672897338874 6.3710865974426278 0.14993361383676532 45.829280853271491 155.01999664306643
decision_type=2 2 2 2 2 2 2 2 2 2 2 2 2 2 2 2 2 2 2 2 2 2 2 2 2 2 2 2 2 2 2 2 2 2 2 2 2 2 2 2 2 2 2 2 2
left_child=1 4 13 32 14 20 -7 8 9 12 22 -12 31 41 17 -15 -17 18 -1 -19 -6 37 -11 -14 39 26 34 40 30 -30 -29 -2 -4 -34 -9 -22 -23 -10 -28 -16 -27 -3 -42 -40 -43
right_child=7 2 3 -5 5 6 -8 25 21 10 11 -13 23 15 24 16 -18 19 -20 -21 35 36 -24 -25 -26 27 38 28 29 -31 -32 -33 33 -35 -36 -37 -38 -39 43 -41 42 44 -44 -45 -46
leaf_value=-0.00045549385393310089 -0.0043907965626272666 0.072314103973731628 -0.11907075642884771 -0.24417994726884437 0.11141469999365372 -0.26215147679246598 -0.02472422520680739 -0.094386049831754679 -0.071302815194529884 0.10440455068866888 0.04547120548285543 -0.052862510505304522 -0.081770645727533203 0.097038529584764929 0.02861832445752743 -0.0091145426224729219 -0.12033061969950297 0.010792801656171127 -0.041516546066227136 0.12887772951620949 -0.08722846327354622 0.098863791648193478 0.031687162320937774 -0.0086549239445166681 -0.048009460670461718 0.075548694658199009 0.0067331398105484374 -0.010242729288732993 0.087261757511261639 -0.10927680499656821 0.1184005520535024 0.098363370000923961 -0.057771091111478441 0.076287050748660101 0.010513370365472929 -0.0070610147511243147 -0.051538045175216742 -0.17429492833433627 0.092418785110108884 0.12498393488400666 0.12013423921945157 0.12289810530897155 0.15507473674570424 0.13153402425171562 0.12041972865980023
leaf_weight=213.73313314516292 1.2375662150625486 0.57221911638475631 1.1930969207314768 1.2008589502796949 0.61211468123042267 1.0305451407198232 0.91289142755795172 1.0274345784960117 0.81400893266538721 4.4427627598718145 6.3783659027653794 4.8259045502410345 3.4973792113893296 0.85404709072849971 0.34636124051121386 4.8656273051992684 1.7691196187915919 2.7845942993966437 8.9137452529083685 1.6405339441109843 1.1291892557570693 0.34908239210602676 3.3843996835009875 4.1028771220366025 0.43135365470766363 0.83957464368592161 0.40656082036366559 0.76781083114474347 0.58580236753249415 0.94687990545173761 2.1894863059287673 1.6468251028650795 1.4588559891070647 0.56418550526655042 0.81671820732566391 1.8160906980328944 0.45122728115802602 0.83188679304839752 0.31141774747163686 1.5195362180708114 0.80708647069849337 0.082698788642801446 1.187031976849539 0.80834422476999634 0.51224207506575681
leaf_count=74721 542 254 26 419 242 446 413 174 593 3522 2974 2485 1309 251 265 2081 476 2259 13257 1639 444 551 1895 1317 552 468 123 172 1012 327 1153 2100 711 516 552 1085 168 116 249 3781 795 52 274 807 3952
internal_value=-0.000268737 -0.00371184 -0.0411271 -0.107885 -0.00162929 -0.0610547 -0.150625 0.0197445 0.00779954 0.0149434 0.0318425 0.0031169 -0.0157315 -0.00706157 -0.000204122 -0.0232817 -0.0387697 -0.000995016 -0.00209939 0.0545706 -0.0121219 -0.0783984 0.0729622 -0.0423003 0.0779718 0.0554451 0.0146727 0.0742092 0.0443249 -0.0341583 0.0850006 0.054276 -0.0569946 -0.020385 -0.0479293 -0.0377964 0.0140649 -0.123358 0.0903105 0.107096 0.121561 0.0970108 0.140933 0.120656 0.120764
internal_weight=290.599 247.943 13.073 4.417 234.87 5.50083 1.94344 42.6564 31.9623 29.5161 19.0314 11.2043 10.4846 8.65595 229.369 7.48879 6.63475 227.072 222.647 4.42513 3.55739 2.44621 7.82716 7.60026 2.29725 10.6941 3.37048 7.32367 4.48998 1.53268 2.9573 2.88439 3.21614 2.02304 1.84415 2.94528 0.80031 1.6459 1.52632 1.8659 2.83369 1.16716 1.99412 1.11976 0.594941
internal_count=131520 107842 8738 1672 99104 2630 859 23678 17572 16144 10876 5459 5268 7066 96474 2808 2557 91876 87978 3898 1771 1428 5417 2626 4598 6106 1905 4201 2664 1339 1325 2642 1253 1227 726 1529 719 709 1179 4046 1537 4258 1069 1056 4004
is_linear=0
shrinkage=0.12


Tree=183
num_leaves=42
num_cat=0
split_feature=50 18 82 23 56 35 22 56 21 0 12 50 48 82 40 44 18 60 72 57 0 27 27 21 68 48 27 14 57 46 82 46 27 18 33 35 35 32 56 57 56
split_gain=1.11001 1.1459 2.89721 2.00737 1.80917 2.21733 2.08991 1.78699 1.54466 1.54412 2.09789 1.54062 1.51744 1.78615 1.17784 2.45298 1.29686 1.13567 1.27333 0.894708 1.21005 0.995111 1.15464 0.971663 0.64632 0.635251 0.546145 0.487833 0.445696 0.272051 0.526298 0.282435 0.211162 0.192492 0.106027 0.10159 0.0895721 0.0792651 0.0583612 0.00655506 0.00131725
threshold=0.23574015498161319 0.25442707538604742 0.62500000000000011 1.1161716580390932 0.25703124701976782 325.01184082031256 1.2159667015075686 5.3765625953674325 1.0000000180025095e-35 21.84324932098389 5.5741999149322519 0.23158674687147143 1.0367187857627871 0.62500000000000011 0.12038539350032808 0.78828126192092907 0.25703124701976782 6.2822916507720956 1.0000000180025095e-35 -8.174250125885008 8.5354499816894549 28.712509155273441 29.147934913635257 0.64490830898284923 16.500000000000004 1.1882812380790713 59.883895874023445 -0.58035701513290394 -15.900133132934569 0.097805317491292967 0.62500000000000011 0.13491541147232058 126.17111587524415 0.27760416269302374 0.7459000051021577 23.915818214416507 5.3506467342376718 0.21487037092447284 1.6135416626930239 -3.5372884273529048 14.559375286102297
decision_type=2 2 2 2 2 2 2 2 2 2 2 2 2 2 2 2 2 2 2 2 2 2 2 2 2 2 2 2 2 2 2 2 2 2 2 2 2 2 2 2 2
left_child=1 2 8 -4 6 -6 -5 11 -1 10 -10 14 13 -9 15 -3 -16 18 -14 24 32 27 -23 -24 28 -26 -19 -22 29 30 -2 -31 36 -15 -27 -29 38 -30 -21 -38 -39
right_child=19 7 3 4 5 -7 -8 12 9 -11 -12 -13 17 33 16 -17 -18 26 -20 20 21 22 23 -25 25 34 -28 35 37 31 -32 -33 -34 -35 -36 -37 39 40 -40 -41 -42
leaf_value=-0.11203019940875306 0.12593510899113849 -0.0045307345076092071 -0.08078362146671772 -0.085358824760024404 0.040128875311404515 -0.20456135855026056 -0.001071865073688668 -0.035050480736381832 0.05525107942005264 -0.017378374247750621 -0.016056241205756109 -0.15636107395185614 -0.080643622590759079 -0.22236562299748844 -0.11568715424153247 0.048429363460639578 -0.014185605673241676 0.061556853686298894 0.062249020298428923 0.03517348769681853 0.010375735694827755 -0.13197949351786134 0.065929655041257418 -0.0090219090324388049 0.031057045774498315 0.087537836021000404 -0.026139478414268121 0.023145763610593929 0.051181063549306925 -0.061777185508591487 -0.049700834369158911 0.020376289717216532 -0.022811493630599006 -0.15045416061735126 0.13275723767026876 0.1153302156901637 0.090541181542307503 0.12287826192208105 0.10874900442496374 0.12374198888650846 0.13582021008024076
leaf_weight=1.106423237120892 0.56025517533100844 73.540465131050382 5.8961683162033287 6.2090736823638535 12.569385056913273 0.5569127315935426 13.33148739319955 2.3742567145868625 30.621537473167336 7.7433830152685905 7.3714412166373213 0.96377432946178387 5.183493122502794 1.0641012126932312 1.8733676845455409 15.196240653187372 55.910170529131619 2.4367438832740618 1.0861981603748061 0.35643774493144409 1.3412019067327494 1.004269254577596 2.7975590686983223 22.704799461391815 2.4063326724487979 1.3004853596457908 1.7620800198453705 0.19236246076775643 0.31895969782772038 1.3626020569316781 0.43754893310278931 1.0803951730583774 0.20554567841372762 1.0800927119291825 1.7533580534102382 1.6379793614576099 0.091571841776954765 0.22929891321075502 0.27503871281606962 1.3204318433681113 0.22376241665733687
leaf_count=28 397 29259 265 290 12353 555 9918 581 8717 440 12420 398 1623 271 679 9840 16202 1437 802 547 27 156 455 10534 490 447 1431 252 147 369 409 890 94 333 255 2586 555 779 150 4118 21
internal_value=-0.00019023 -0.00323439 0.00801895 -0.0163403 -0.00470864 0.0297473 -0.0278543 -0.00914991 0.0280725 0.0314618 0.041416 -0.00513811 -0.0486293 -0.10675 -0.0041434 0.00453873 -0.0174763 -0.0235432 -0.0558881 0.0179485 0.00826185 0.00183082 -0.00576993 -0.000799868 0.0499208 0.0771672 0.0247542 0.0653552 0.0146073 -0.00388108 0.0489167 -0.0254455 0.0931258 -0.186142 0.1135 0.105642 0.104788 0.0970077 0.0672192 0.121589 0.12927
internal_weight=289.477 247.877 85.4058 38.563 32.6669 13.1263 19.5406 162.471 46.8428 45.7364 37.993 147.484 14.987 4.51845 146.52 88.7367 57.7835 10.4685 6.26969 41.6002 31.9272 29.6782 26.5066 25.5024 9.673 5.46018 4.19882 3.17154 4.21282 3.4408 0.997804 2.443 2.24903 2.14419 3.05384 1.83034 2.04348 0.772021 0.631476 1.412 0.453061
internal_count=131520 107842 44986 23381 23116 12908 10208 62856 21605 21577 21137 56378 6478 1185 55980 39099 16881 5293 2425 23678 19474 14010 11145 10989 4204 1192 2868 2865 3012 2065 806 1259 5464 604 702 2838 5370 947 697 4673 800
is_linear=0
shrinkage=0.12


Tree=184
num_leaves=17
num_cat=0
split_feature=58 58 7 87 48 21 85 85 54 27 54 74 18 0 4 13
split_gain=0.915851 1.12198 1.05337 0.933548 1.60689 0.816484 1.05748 1.79525 0.988491 1.26078 1.04796 0.744834 1.21463 0.576319 0.484357 0.467806
threshold=-1.1920058727264402 -0.94185933470726002 14.161862373352053 0.37894999980926519 1.2242187857627871 1.0000000180025095e-35 1.3022285699844363 1.3411428332328799 0.74959996342659008 51.713253021240241 0.42441625893116003 0.52650830149650585 0.26796875894069677 19.940150260925297 2.1100000143051152 4.9248499870300302
decision_type=2 2 2 2 2 2 2 2 2 2 2 2 2 2 2 2
left_child=2 -2 3 11 -5 -3 8 15 10 -10 -7 13 -13 14 -1 -8
right_child=1 5 -4 4 -6 6 7 -9 9 -11 -12 12 -14 -15 -16 -17
leaf_value=0.10815216227260017 -0.07244526705385225 -0.043406263426423786 -0.032882607534887351 -0.069616366310924133 0.05866970503624204 -0.0017902848823013078 0.1164329891059379 -0.072128811420855643 -0.21832033706424264 0.0024022381042310709 0.047803168770727211 0.089449114625457002 -0.046930378450167787 0.11746577760097773 -0.011223983483590782 0.024033748240430985
leaf_weight=0.83148320572775203 3.2097206629600796 6.402111670406156 3.5997095426482693 2.560909362297024 3.1177598776525883 246.63488487237993 2.9739072191847518 1.2595277515101768 0.68465212375917761 0.81777078401023573 6.2921379202080052 1.8680421647915184 1.8937075544963589 3.7259909861677443 1.189753036581578 1.0739672524434807
leaf_count=834 339 296 74 298 358 121004 586 234 384 388 4466 589 485 184 414 587
internal_value=-0.000134407 -0.00192118 0.0254821 0.0393154 0.000816538 -0.00107064 -2.7133e-05 0.0529872 -0.00113301 -0.0981807 -0.000556534 0.0623066 0.0207941 0.0894778 0.0378842 0.091918
internal_weight=288.136 269.349 18.7874 15.1876 5.67867 266.139 259.737 5.3074 254.429 1.50242 252.927 9.50898 3.76175 5.74723 2.02124 4.04787
internal_count=131520 128284 3236 3162 656 127945 127649 1407 126242 772 125470 2506 1074 1432 1248 1173
is_linear=0
shrinkage=0.12


Tree=185
num_leaves=32
num_cat=0
split_feature=28 64 28 70 30 33 28 0 30 12 13 66 2 0 0 23 65 47 54 2 87 40 74 70 2 54 71 65 14 52 56
split_gain=1.07375 1.47393 1.1152 2.2061 3.44117 2.16618 1.86687 3.7378 2.04491 1.32865 1.99874 1.37677 3.58924 2.57926 1.17731 1.2488 1.11868 1.30332 1.08172 0.787059 0.728558 1.80498 0.508429 0.75653 1.21218 0.719364 0.762751 0.153902 0.0509303 0.00218992 0.000185471
threshold=296.95420837402349 12.500000000000002 9.4008340835571307 1.0000000180025095e-35 0.96328124403953563 1.0336999893188479 5.3506467342376718 10.038300037384035 0.76328125596046459 8.8781499862670916 7.8445000648498544 1.0000000180025095e-35 0.30615000426769262 9.4556498527526873 15.982850074768068 9.1624679565429705 11.56302070617676 1.0000000180025095e-35 0.093595955520868315 0.8979099988937379 0.73945000767707836 0.28884215652942663 0.097613908350467696 1.0000000180025095e-35 0.86698001623153698 0.34670165181159979 0.077529963105916991 9.319791793823244 -1.1373974680900572 2.7083332538604741 15.556250095367433
decision_type=2 2 2 2 2 2 2 2 2 2 2 2 2 2 2 2 2 2 2 2 2 2 2 2 2 2 2 2 2 2 2
left_child=2 -2 3 4 6 -5 8 -8 -1 10 11 12 -4 -13 15 -6 17 -7 -18 29 21 -12 23 24 -3 26 -24 -28 -26 30 -11
right_child=1 22 9 5 14 16 7 -9 -10 19 20 13 -14 -15 -16 -17 18 -19 -20 -21 -22 -23 25 -25 28 -27 27 -29 -30 -31 -32
leaf_value=-0.020024749611384583 -0.24778979961136127 -0.072852879056927472 -0.4633542761584506 0.13997128193303499 0.0031599858090989755 0.0032115095331125515 -0.054408002277015033 0.058267094469606366 -0.12487334848962628 0.12017795517756018 0.12422545584550877 -0.055580591868646452 0.041426776761124336 0.0064902649344325139 -0.15343099014510203 -0.1138558216461391 -0.2208416438137876 0.088738150387395201 0.0022700027747251782 -0.082840002621371839 -0.25470755269739809 -0.28391414147802096 -0.11123252200864135 -0.1237396143195794 0.0661404529817851 -0.21488852297806002 0.0043242127896715391 0.11981358400541396 0.12704428469054213 0.13237930573253356 0.12455004679305709
leaf_weight=20.327608039527551 0.50719541900005438 0.85540274901632152 0.20494640066738412 1.8953028963196654 2.4021286614315596 23.296111997257874 6.6616211962982588 11.660595278778599 3.0851607489767039 1.670356073743761 0.33837900535172483 10.199478174155898 19.761621586160999 175.78229128664617 3.1520010784303167 2.8973604157908994 0.5941572138876825 2.8832902704155563 0.66108729253528509 0.31041016361086793 0.5333412040672556 0.28955260116663339 0.91529108380916591 0.5376721501816063 0.25009355822112445 0.43102841611835163 0.36199438973153519 0.30713587196348158 0.94414163652788774 0.25683517211518836 0.15247484730048189
leaf_count=3368 321 233 568 433 549 5326 708 888 2071 12752 802 8417 28439 58325 472 959 194 1426 439 40 191 78 582 26 5 162 121 768 1868 665 95
internal_value=0.00088596 -0.0536418 0.00185004 -0.0102493 -0.0255294 0.0158966 -0.0113892 0.0173005 -0.0338409 0.00644237 0.00541578 0.00630099 0.0362455 0.00308622 -0.0953566 -0.0608154 0.00732503 0.0126311 -0.103338 0.0954011 -0.151574 -0.0639764 -0.032248 0.00295257 0.0361871 -0.0774362 -0.0400435 0.0573347 0.11429 0.122005 0.120544
internal_weight=294.126 5.10996 289.016 79.5164 50.1865 29.3299 41.735 18.3222 23.4128 209.5 207.11 205.948 19.9666 185.982 8.45149 5.29949 27.4346 26.1794 1.25524 2.39008 1.16127 0.627932 4.60276 2.58731 2.04964 2.01545 1.58442 0.66913 1.19424 2.07967 1.82283
internal_count=131291 4086 127205 16833 9015 7818 7035 1596 5439 110372 96820 95749 29007 66742 1980 1508 7385 6752 633 13552 1071 880 3765 2132 2106 1633 1471 889 1873 13512 12847
is_linear=0
shrinkage=0.12


Tree=186
num_leaves=36
num_cat=0
split_feature=28 64 32 69 0 0 80 46 18 83 79 21 0 87 18 1 0 27 0 82 58 50 18 32 33 48 76 48 48 21 65 58 75 45 6
split_gain=0.855672 0.995801 0.928656 1.69039 3.15964 2.04181 2.56458 2.53483 1.94302 1.80904 1.74584 1.73813 1.37644 2.26734 1.35808 1.27307 1.96041 1.6358 1.2556 0.94254 0.908155 0.786039 0.721567 0.673736 0.632424 0.441664 0.858909 0.797939 0.45578 0.432782 0.283184 0.241552 0.181812 0.142029 0.0498727
threshold=296.95420837402349 12.500000000000002 0.21487037092447284 29.500000000000004 10.161349773406984 9.4556498527526873 1.0000000180025095e-35 0.057841494679450996 0.31145833432674414 1.0000000180025095e-35 1.0000000180025095e-35 1.584316670894623 15.274650096893312 0.25002500414848333 0.40937499701976782 188.04499816894534 10.44529962539673 94.74359512329103 16.82030010223389 1.0000000180025095e-35 19999991.000000004 0.34917822480201727 0.47187499701976782 0.21166560798883441 1.0823571681976321 1.1742187142372134 1.0000000180025095e-35 0.86614584922790538 1.369791626930237 1.0000000180025095e-35 11.228125095367433 6.1570656299591073 1.0000000180025095e-35 0.21253155916929248 11.530000209808351
decision_type=2 2 2 2 2 2 2 2 2 2 2 2 2 2 2 2 2 2 2 2 2 2 2 2 2 2 2 2 2 2 2 2 2 2 2
left_child=2 -2 15 5 14 6 10 -8 9 -6 -4 -10 13 -7 29 20 24 -18 -14 -16 21 22 -1 -19 33 27 28 -3 31 -5 -23 -27 34 -17 -29
right_child=1 25 3 4 8 12 7 -9 11 -11 -12 -13 18 -15 19 16 17 23 -20 -21 -22 30 -24 -25 -26 26 -28 32 -30 -31 -32 -33 -34 -35 -36
leaf_value=0.0086486511470621509 -0.20166929946060089 -0.097192109120007836 0.050080444325151185 0.0011830342560388456 0.091621622316436363 0.0099884119750366061 0.13298221133673163 -0.11880957425378587 0.084099210733277779 -0.0083272513818228172 -0.16123959539699573 -0.15520143507161077 -0.041027516781381994 0.089265953263018741 -0.12129828707851847 -0.006643822063957203 0.055961002164462918 -0.0075071584213788258 0.0032264441844621688 0.071487682289328516 -0.079520431023080748 -0.033703847074908942 -0.050440883347485574 -0.084396088043247469 -0.12367084663233609 -0.086892551719306002 0.075332792475354834 0.12938793870596779 -0.014467601733301078 0.11711573756752676 -0.1170445043350628 -0.18444366389811692 0.0005407015349898405 -0.070141158446735186 0.061177628789058656
leaf_weight=46.73544710723155 0.54561219432960584 0.55425049180735175 4.0381512137294049 0.49473269283773103 3.6381140703315369 21.480557399237174 0.63590777506806251 6.0852486297956148 0.57518975552693463 9.2068384697742545 0.65417075466848462 1.8202518395225977 9.873579324656701 6.8520486264021647 0.66632659713832232 0.93543211109227131 3.6742172553431356 3.4586284044553395 142.14534392215148 0.8080263443404192 2.0678867436968167 1.6592865823780578 3.1782778489032344 3.1227546184964012 3.8497369291840187 0.8120594367514975 0.54784856948936056 0.56335457842416736 0.72208363953905053 7.3877325920148991 0.90859469572524165 0.66471596850385595 0.29884165572570964 1.1081989526282994 0.21261085849255323
leaf_count=11036 321 396 2843 10 4751 27400 502 3827 225 7188 2091 1132 6593 7465 329 683 362 1146 16865 1068 455 763 406 110 343 570 394 1261 494 29372 197 228 419 43 3
internal_value=0.000809639 -0.0488039 0.00166022 0.00556176 0.0351777 0.00176299 -0.0474586 -0.0949868 0.00147828 0.0199816 0.0206197 -0.0977409 0.00487796 0.0291611 0.0900674 -0.0102799 -0.0398753 -0.00818088 0.000352164 -0.015641 -0.00151837 0.00155508 0.0048861 -0.0439897 -0.0950298 -0.0297432 -0.0591036 0.0197606 -0.0925987 0.109839 -0.0631923 -0.130802 0.0800701 -0.0410765 0.110699
internal_weight=291.982 4.92138 287.061 216.362 24.5972 191.765 11.4135 6.72116 15.2404 12.845 4.69232 2.39544 180.352 28.3326 9.35682 70.6985 16.149 10.2556 152.019 1.47435 54.5495 52.4816 49.9137 6.58138 5.89337 4.37577 2.74671 1.62906 2.19886 7.88247 2.56788 1.47678 1.07481 2.04363 0.775965
internal_count=131291 4086 127205 111661 44075 67586 9263 4329 13296 11939 4934 1357 58323 34865 30779 15544 2687 1618 23458 1397 12857 12402 11442 1256 1069 3765 1686 2079 1292 29382 960 798 1683 726 1264
is_linear=0
shrinkage=0.12


Tree=187
num_leaves=33
num_cat=0
split_feature=61 56 68 6 57 57 48 56 18 14 65 42 42 28 32 40 23 71 9 42 62 68 77 23 32 33 58 80 6 74 71 74
split_gain=0.673403 1.49243 1.09314 0.826949 0.823966 1.83145 2.7543 1.50905 2.23362 2.12243 1.43223 1.14166 1.75876 1.31418 2.06945 1.43136 1.37626 1.29354 1.27059 1.23114 1.19719 1.05914 0.867942 0.724013 0.692662 1.09579 0.63953 0.633335 0.779409 0.451509 0.433246 0.274224
threshold=3.7608733177185063 0.45703125000000006 19.500000000000004 11.153749942779543 -3.1666849851608272 -3.3307061195373531 1.1947916746139529 0.33828125894069677 0.21562500298023227 -0.16760700196027753 7.0822918415069589 -0.82827323675155629 -1.6608975529670713 94.581115722656264 0.46361088752746588 0.15223640948534015 8.174110412597658 -0.80944243073463429 1.5000000000000002 -2.3546350002288814 -1.0000000180025095e-35 16.500000000000004 1.0000000180025095e-35 1.5313089489936831 0.20990552008152011 0.89671429991722118 2.8713742494583134 0.37500000000000006 11.530000209808351 2.5408730506896977 19999973.000000004 0.89249131083488475
decision_type=2 2 2 2 2 2 2 2 2 2 2 2 2 2 2 2 2 2 2 2 2 2 2 2 2 2 2 2 2 2 2 2
left_child=4 23 3 24 5 7 -7 9 30 -1 -10 12 17 15 22 16 -13 -6 -16 -19 -17 -11 -15 -2 -3 -26 -8 28 -14 -25 -9 -4
right_child=1 2 31 -5 11 6 26 8 10 21 -12 13 27 14 18 20 -18 19 -20 -21 -22 -23 -24 29 25 -27 -28 -29 -30 -31 -32 -33
leaf_value=-0.086050198757538027 -0.075402279532350638 -0.042056000529447607 0.15523573679544442 -0.049733534158220724 -0.13095683307923611 -0.24851612895766748 0.06987935534046244 0.051858911862244318 0.041229780774937115 -0.023868923769330995 -0.010960501330911712 0.017621347888604887 0.033214029066888258 0.079441723507755066 0.027505898033975455 0.067792538982256526 -0.020431551748019836 -0.0081865342913297959 -0.013603927000183503 0.14375358612878628 -0.026291099170970077 0.12058543496649375 -0.045351945684672143 0.089753454363412602 0.020714273760239977 0.13150063233980144 -0.084831798196256483 -0.18360571671317033 -0.14529392655852327 -0.026767338589792803 0.12986031367842907 0.077654184003853613
leaf_weight=7.1423559838804067 2.5121331488389833 1.0523311152533077 1.3335550465162662 1.5868200820013951 0.88761417971385004 1.1394323720217294 0.8213237240111082 2.5506237238637928 8.4060731475703943 1.8406669623017804 76.285849903078315 56.578683359825561 0.6352177351699162 9.7709725094899191 25.852689344303911 2.0676825972830093 18.053502912695279 3.179898290304493 18.62614734331828 1.0124385269148204 33.532208022243879 1.2122593921798168 0.87435882884290173 0.82069661170180541 3.2609734386689979 2.1223915870912151 0.72383221939503528 1.2176588424006238 0.79058941826224327 1.1497553312389071 1.7147659540944458 1.2914077099649146
leaf_count=129 51 538 408 65 432 452 272 1417 4996 2815 28374 12291 819 9115 22321 352 14762 1770 12226 514 9066 1230 429 332 2394 1534 466 376 10 424 668 243
internal_value=0.000748226 0.0253953 0.0498492 0.0278553 -0.000608225 -0.00917279 -0.106973 -0.00652482 -0.00151306 -0.0502541 -0.00578037 0.00443102 -0.0406645 0.00653733 0.0216653 -0.00102777 0.00841636 0.000643743 0.0102906 0.0285066 -0.0208266 0.0334912 0.0691917 -0.0326901 0.046986 0.0643918 -0.00259548 -0.120046 -0.065766 0.0217638 0.0832169 0.117068
internal_weight=290.047 15.1301 10.6475 8.02252 274.917 101.837 2.68459 99.1526 88.9573 10.1953 84.6919 173.08 7.72342 165.356 55.1242 110.232 74.6322 5.07995 44.4788 4.19234 35.5999 3.05293 10.6453 4.48259 6.4357 5.38337 1.54516 2.64347 1.42581 1.97045 4.26539 2.62496
internal_count=131291 5989 5182 4531 125302 40819 1190 39629 35455 4174 33370 84483 3921 80562 44091 36471 27053 2716 34547 2284 9418 4045 9544 807 4466 3928 738 1205 829 756 2085 651
is_linear=0
shrinkage=0.12


Tree=188
num_leaves=49
num_cat=0
split_feature=45 49 71 27 27 13 61 27 87 15 62 32 70 44 32 27 56 22 12 22 83 81 22 6 49 62 80 15 21 28 18 50 23 8 32 48 13 18 60 5 48 5 80 56 0 50 83 13
split_gain=0.617068 1.21125 1.36656 2.12138 1.35924 1.34685 1.31916 1.12021 1.75643 1.27695 1.02649 0.855995 1.76758 2.48115 1.48169 2.56305 1.47319 1.41405 2.59023 4.75482 2.56215 1.9335 1.57964 1.4772 2.44119 1.52891 1.33423 4.08256 3.04564 1.20283 2.21241 1.12258 0.851662 0.835568 0.781135 0.77013 0.761622 0.737668 0.653671 0.621201 0.591113 0.227957 0.528929 0.198547 0.0494631 0.0446933 0.00510378 0.000880551
threshold=0.63216018676757824 0.48794910311698919 3.093050599098206 26.253632545471195 26.253632545471195 -2.5172500610351558 -5.3705372810363761 28.379535675048832 0.73945000767707836 1.1508479714393618 19999947.000000004 0.21487037092447284 1.0000000180025095e-35 0.86354166269302379 0.20834346115589145 47.410217285156257 1.2890625000000002 2.6448042392730717 4.0239000320434579 3.8143666982650761 1.0000000180025095e-35 10.000000000000002 3.7450124025344853 8.4314498901367205 0.40862570703029638 2.2222168445587163 0.37500000000000006 1.1508479714393618 0.13955000042915347 -3.4932692050933833 0.22187499701976779 0.091417044401168837 6.986701726913453 1.0000000180025095e-35 0.64658650755882274 1.6322916746139529 -1.5090500116348264 0.2911458313465119 5.3072917461395273 8.6405501365661639 1.3197916746139529 8.2425999641418475 0.62500000000000011 1.8177083730697634 21.84324932098389 0.18876047432422641 1.0000000180025095e-35 8.7610497474670428
decision_type=2 2 2 2 2 2 2 2 2 2 2 2 2 2 2 2 2 2 2 2 2 2 2 2 2 2 2 2 2 2 2 2 2 2 2 2 2 2 2 2 2 2 2 2 2 2 2 2
left_child=11 2 3 -2 33 -5 -7 8 9 -6 34 12 13 14 15 -1 -16 23 21 22 -21 37 -20 24 25 -13 28 -28 -25 31 -31 32 -14 36 -9 45 -3 -19 -33 -32 -15 42 -37 -42 -12 46 -4 -38
right_child=1 4 35 5 7 6 -8 10 -10 -11 44 17 29 40 16 -17 -18 18 19 20 -22 -23 -24 26 -26 -27 27 -29 -30 30 39 38 -34 -35 -36 41 47 -39 -40 -41 43 -43 -44 -45 -46 -47 -48 -49
leaf_value=0.0021313787575937275 -0.2406750934474125 -0.010184635204373458 0.14134842517620602 -0.17513061168784494 -0.090398593621052098 -0.1300980545514436 0.081585755161246193 -0.057279645408488095 -0.19127421540301093 0.12564859733696895 0.11570407034004421 0.072283452359921493 -0.0074369801221702506 -0.0053065302120860287 -0.01579738903886346 -0.11758246437962143 0.046928179502180555 0.1264796508804808 -0.10886876417110225 -0.011695462345948631 0.060503377819579637 -0.051449585290188247 -0.42849743897534326 -0.089144024131520394 -0.31564526673102439 -0.1060703875665417 -0.11472822375771988 -0.00092413297827583082 0.017816908438333261 -0.098213561301869368 0.093478186880335851 -0.034772844075984223 0.086867778374944013 0.14488267808265803 0.0004503221051001287 0.12432802533313111 0.12102118876460659 0.055212327590459895 0.039674071752949527 0.022128847815121293 -0.12690655198050296 -0.082496032822144641 -0.098450688127420763 -0.0582396474488883 0.057577736391425813 0.05914523078334763 0.11854108091586273 0.13021799085728913
leaf_weight=5.7895290974870743 1.1714282143103667 2.2835490069510342 0.26497565267459355 0.82528686109435545 0.97334092506207792 0.64615297435409536 1.2325831773143812 4.3069560108922422 1.2649056986692813 0.66180791259148464 0.92271456042152411 1.1678519796068938 2.6353806632773802 0.81277340320138947 18.628734595943573 4.6387196596108424 7.5880354009113935 5.5246710985222727 0.45896737360908701 17.570739518876337 11.852376314096036 1.4166162381570764 0.43243597888113072 4.0238326377511831 0.52162687537111185 1.6990244986938021 4.9888073800011616 50.366702985234497 81.027204481677245 1.2699276522319269 5.7939060106436937 10.648973489187027 2.8925627766222988 1.1652173902604657 15.599286166826174 0.31452426779856046 0.65061314329512088 3.3654565219103461 2.020613837177506 2.5220674301899635 3.9120617273017615 0.76625405863160267 0.29969784288277879 0.71758542559837213 0.27324103642013142 0.1706153461507256 0.30268087354374984 0.19480021778872469
leaf_count=760 405 67 400 18 13 68 1001 951 297 955 2039 1567 487 249 737 3557 409 6796 124 30048 38997 527 499 62 380 472 269 3275 8124 356 2465 2634 940 315 9863 509 4427 2133 439 99 1764 20 150 648 18 425 498 35
internal_value=0.000691541 -0.0144194 -0.0634209 -0.105786 -0.00403909 -0.0473498 0.00878143 -0.0151635 -0.085094 -0.00295595 -0.00555306 0.00272925 -0.00858189 -0.0240893 -0.0128608 -0.05112 0.00235755 0.00701476 0.0267849 0.00911596 0.0173881 0.0787532 -0.263926 0.00142983 -0.0768625 -0.0334161 0.0033193 -0.0111805 0.0127565 0.0149093 0.049311 -0.00321241 0.0419091 0.0581408 -0.0120403 0.0140701 0.0258384 0.0995006 -0.0228997 0.0718394 -0.099693 -0.0388375 0.0156274 -0.116263 0.102424 0.113001 0.129187 0.12314
internal_weight=288.578 34.2906 5.9942 3.87545 28.2964 2.70402 1.87874 24.0023 2.90005 1.63515 21.1022 254.287 69.8709 42.0874 36.645 10.4282 26.2168 184.416 40.6213 30.3145 29.4231 10.3067 0.891403 143.795 3.3885 2.86688 140.407 55.3555 85.051 27.7834 9.5859 18.1975 5.52794 4.29418 19.9062 2.11875 3.12896 8.89013 12.6696 8.31597 5.44242 1.38048 0.614222 4.62965 1.19596 0.738272 0.567657 0.845413
internal_count=131291 22474 3494 1492 18980 1087 1069 14136 1265 968 12871 108817 15544 8124 5463 4317 1146 93273 79124 69668 69045 9456 623 14149 2419 2039 11730 3544 8186 7420 2920 4500 1427 4844 10814 2002 4529 8929 3073 2564 2661 679 659 2412 2057 1323 898 4462
is_linear=0
shrinkage=0.12


Tree=189
num_leaves=32
num_cat=0
split_feature=0 4 4 27 46 15 46 46 40 18 33 4 8 73 27 15 27 27 46 82 9 57 82 4 4 14 87 28 87 46 28
split_gain=0.673661 0.667958 1.57734 1.63244 1.51934 2.26836 1.91377 1.87765 1.50937 1.34037 1.308 1.29041 1.27205 1.20575 1.13375 2.00027 1.7303 1.13347 1.00563 1.61441 0.912546 0.866691 0.853896 4.17409 2.40858 0.6528 0.753738 0.471837 0.241857 0.100034 0.0650697
threshold=22.579049110412601 2.3149000406265263 1.6245500445365908 104.60471725463869 0.077337730675935759 8.0235452651977557 0.073507789522409453 0.10530025511980058 0.92691060900688182 0.35312499105930334 1.1829857230186465 2.3982499837875371 1.0000000180025095e-35 1.0000000180025095e-35 25.280326843261722 2.3439179658889775 60.754747390747077 26.791512489318851 0.067246731370687499 0.62500000000000011 2.5000000000000004 -4.3481764793395987 0.37500000000000006 3.4409499168396001 3.758700013160706 9.4065589904785174 0.73945000767707836 7.0740752220153817 0.73945000767707836 0.078692186623811736 9.4008340835571307
decision_type=2 2 2 2 2 2 2 2 2 2 2 2 2 2 2 2 2 2 2 2 2 2 2 2 2 2 2 2 2 2 2
left_child=1 2 3 12 6 7 10 -6 -7 11 -4 17 13 -1 15 -13 -16 -3 19 -11 27 -19 24 -24 -20 -2 29 -5 -14 -27 -31
right_child=25 9 4 20 5 8 -8 -9 -10 18 -12 14 28 -15 16 -17 -18 21 22 -21 -22 -23 23 -25 -26 26 -28 -29 -30 30 -32
leaf_value=0.0010503820100143961 -0.11666996853203239 0.1848817343832182 -0.031332157615888687 -0.0040642967444897513 0.054284559114788043 0.10705284751125181 -0.20714732511792017 -0.028674356907752864 -0.1202689197218402 0.069885374392063077 -0.17727080241201318 -0.053303667653448614 0.12560788768673903 -0.097626612714949323 0.032524015263173792 0.042743101076564823 0.00010422016455220634 -0.057726168431258156 0.012789694433913477 -0.042258631376683078 -0.040384664590404566 0.067822273521141355 -0.083753793599441684 0.12261729531263406 -0.11328423167429341 0.12237036047515787 -0.12508158014935897 0.10265161029036422 0.01255891000766436 -0.036429519452551781 0.083892188800580456
leaf_weight=79.315678431494462 1.3765907562751629 0.97310893718986236 16.840912930559405 0.6952995937376717 4.5891329252804125 3.4799447610626539 1.0312029862425323 27.300258759305621 0.47843184306475439 3.8674628320495712 0.9333775261648033 9.6623001216221365 1.3765260691420156 1.8241609220275439 41.395463620869066 4.6131163288065968 55.476758316332507 0.98224248459558783 3.7235640984536058 3.5409931322860757 0.96102342968151777 4.0833069258873138 3.5789518551119945 2.3302216071604107 5.2710207265572535 0.41123635260839797 0.38504609186793459 4.2036776750954914 0.33978118876916585 0.12229245590833671 0.13748479268957681
leaf_count=57787 454 376 6130 358 1570 12243 503 6331 57 409 390 287 2171 1224 12276 4436 13572 602 854 444 88 1865 1099 293 93 243 173 3847 489 105 522
internal_value=0.000655473 0.00119622 -0.0045558 0.00532341 -0.0205923 -0.00610082 -0.0482164 -0.0167359 0.0795774 0.00710786 -0.0389958 0.0122405 0.000994433 -0.00116804 0.00930538 -0.0222661 0.0139579 0.0662644 -0.0198494 0.0162843 0.066532 0.0434776 -0.037811 -0.00237348 -0.0610923 -0.0622231 0.00874933 0.0875057 0.103227 0.0855452 0.0272497
internal_weight=285.301 282.868 143.369 88.7161 54.6533 35.8478 18.8055 31.8894 3.95838 139.499 17.7743 117.186 82.8561 81.1398 111.148 14.2754 96.8722 6.03866 22.3122 7.40846 5.86 5.06555 14.9038 5.90917 8.99458 2.43265 1.05606 4.89898 1.71631 0.671014 0.259777
internal_count=131291 129794 93188 65964 27224 20201 7023 7901 12300 36606 6520 33414 61671 59011 30571 4723 25848 2843 3192 853 4293 2467 2339 1392 947 1497 1043 4205 2660 870 627
is_linear=0
shrinkage=0.12


Tree=190
num_leaves=18
num_cat=0
split_feature=56 87 13 87 65 52 21 62 56 80 61 65 19 54 50 54 80
split_gain=1.32065 2.52604 1.22483 1.79394 1.53988 1.16274 1.39282 1.65549 1.98791 1.44821 1.27159 1.25008 1.92895 1.63301 0.75867 1.01699 0.133636
threshold=14.559375286102297 0.0041000000201165685 -2.5172500610351558 0.024671428836882118 9.3520836830139178 2.2072916030883794 0.13955000042915347 0.26015508174896246 1.963541626930237 0.37500000000000006 -29.177433013916012 10.763541698455812 27.918496131896976 0.27416995167732244 0.075695410370826735 0.35941366851329809 0.37500000000000006
decision_type=2 2 2 2 2 2 2 2 2 2 2 2 2 2 2 2 2
left_child=2 -2 3 4 -1 10 -7 9 -9 -8 14 13 -13 -12 16 -16 -4
right_child=1 -3 5 -5 -6 6 7 8 -10 -11 11 12 -14 -15 15 -17 -18
leaf_value=-0.027862179116596129 -0.31270394284548103 0.10063165977085184 0.013412793418548967 -0.049704646763736329 0.024366524011756239 -0.034665118444441916 0.064771911728787004 -0.028328979401740201 0.033901203777232707 0.0079964426051266028 -0.0063118969101393354 -0.066984433766640789 0.010796951870346985 0.044983993265577213 0.082721240196848317 -0.067219009963924437 -0.038096518861836237
leaf_weight=16.84294236882306 0.53770273046023831 0.35247913429157052 1.5702036100014123 18.19027608324177 15.711804147468682 7.2634212244984147 16.524024921341095 15.410134856491938 14.206408682009963 10.63232776716268 128.58619863489972 11.352789060512238 7.7088389014883196 9.6043741592364977 5.270241051951075 0.74325737152798854 1.3479142491678431
leaf_count=348 470 317 513 410 282 318 11033 12168 12095 4184 56017 17622 6354 6366 2778 243 183
internal_value=-0.00310713 -0.149038 -0.00264478 -0.0195207 -0.00265519 0.00107501 0.0148133 0.0211434 0.00152148 0.042543 -0.00421881 -0.00672047 -0.0355283 -0.00274678 0.0398259 0.0641889 -0.01038
internal_weight=281.855 0.890182 280.965 50.745 32.5547 230.22 64.0363 56.7729 29.6165 27.1564 166.184 157.252 19.0616 138.191 8.93162 6.0135 2.91812
internal_count=131701 787 130914 1040 630 129874 39798 39480 24263 15217 90076 86359 23976 62383 3717 3021 696
is_linear=0
shrinkage=0.12


Tree=191
num_leaves=28
num_cat=0
split_feature=56 56 56 30 30 40 82 56 52 87 7 50 52 21 74 74 56 61 74 23 71 2 7 53 74 60 52
split_gain=0.912222 1.05073 2.35563 2.02854 1.92038 1.89627 2.43268 1.72207 1.701 1.69516 2.2375 1.9347 1.62571 1.58718 2.33311 1.41766 0.991169 1.86398 1.09339 1.0448 1.24137 0.979712 0.750118 0.499789 0.177514 0.00930282 0.000853114
threshold=14.559375286102297 3.6447916030883794 2.6395833492279057 0.80781248211860668 0.50104168057441723 0.22966241091489795 1.0000000180025095e-35 3.8520833253860478 1.7338541746139529 0.73945000767707836 14.161862373352053 0.11434449627995492 2.6833333969116215 0.13955000042915347 0.028797711245715622 0.083009086549282088 2.1390625238418584 -3.4194715023040767 0.097613908350467696 1.1161716580390932 1.9531771540641787 0.44252999126911169 13.618768215179445 -0.14879344403743741 0.019733601249754432 7.2218749523162851 1.8135416507720949
decision_type=2 2 2 2 2 2 2 2 2 2 2 2 2 2 2 2 2 2 2 2 2 2 2 2 2 2 2
left_child=1 2 16 5 7 8 -7 25 -4 10 -9 -11 13 -6 -15 -5 19 23 -19 20 -1 -21 -17 -18 -2 26 -3
right_child=24 4 3 15 12 6 -8 9 -10 11 -12 -13 -14 14 -16 22 17 18 -20 21 -22 -23 -24 -25 -26 -27 -28
leaf_value=-0.04799948953469757 -0.18370306527358105 0.11531230460243297 -0.11807168105285028 0.14278121974564095 -0.042006975810440897 -0.27124215214036035 -0.058847785827525673 0.016949802249717413 -0.02280348010305026 -0.13252348988408877 -0.12257398006684121 -0.0050996801116081174 -0.16865531833522518 0.13187699151810309 0.033120713754870044 0.021161008737584187 0.032442991980339224 0.05903420866467899 -0.0332233811393461 -0.0078503640535149653 -0.0056148853755639732 0.011820418974454709 -0.12134065456724404 0.13914269433751703 -0.078073993316150836 0.14042950587621883 0.12342890485427033
leaf_weight=14.70146006314644 0.37609491934517691 0.37089956427894566 3.2847678974271828 1.2402814298984584 2.8650418139577658 1.2414592985833217 2.0735443211445954 16.511171222322879 15.128766664163434 3.3327140980111372 1.8395150787546288 3.5366885698826991 0.54006485448371577 4.3194840943540411 17.012267356087079 2.6178339710290861 0.8646151103907872 2.9904284696603991 4.8499184827840338 76.604031759411896 30.791427323641074 69.57440613428065 0.6675738953417748 2.3512217961410897 0.58617609018307348 0.50946695766469929 0.37502404787346677
leaf_count=327 293 347 1722 408 117 192 627 7863 6079 1005 29 1308 96 2566 11951 1507 240 901 3429 26812 604 60346 18 2031 494 130 259
internal_value=-0.00272062 -0.00232006 -0.00579529 -0.0396167 0.0132185 -0.0548397 -0.138389 -0.00924298 -0.0397983 -0.0160711 0.00296362 -0.0669198 0.0372587 0.0418546 0.053118 0.0334714 -0.00141525 0.0335209 0.00196508 -0.00343048 -0.0193119 0.00151205 -0.00779442 0.110455 -0.119358 0.12793 0.119393
internal_weight=281.156 280.194 228.982 26.2542 51.2123 21.7285 3.315 26.4755 18.4135 25.2201 18.3507 6.8694 24.7369 24.1968 21.3318 4.52569 202.728 11.0562 7.84035 191.671 45.4929 146.178 3.28541 3.21584 0.962271 1.25539 0.745924
internal_count=131701 130914 105243 10553 25671 8620 819 10941 7801 10205 7892 2313 14730 14634 14517 1933 94690 6601 4330 88089 931 87158 1525 2271 787 736 606
is_linear=0
shrinkage=0.12


Tree=192
num_leaves=24
num_cat=0
split_feature=13 87 52 65 52 0 0 18 80 61 57 82 33 0 7 50 18 74 71 68 28 46 48
split_gain=0.815703 1.4182 1.08611 1.02398 0.993296 0.753928 0.711286 1.10654 1.62318 0.663372 0.707194 0.49229 0.465361 0.59467 0.417593 0.260577 0.247845 0.229105 0.203042 0.0444138 0.128107 0.0224443 0.0247935
threshold=-2.5172500610351558 0.024671428836882118 2.7583333253860478 9.3520836830139178 3.2500000000000004 22.171150207519535 3.1886000633239751 0.23932291567325595 0.37500000000000006 -44.604000091552727 -14.870831489562987 1.0000000180025095e-35 1.0310428738594057 21.84324932098389 2.1370214223861699 0.15570925176143649 0.24557291716337207 0.52650830149650585 2.0079554319381718 17.500000000000004 9.4008340835571307 0.083623655140399947 1.7114583253860476
decision_type=2 2 2 2 2 2 2 2 2 2 2 2 2 2 2 2 2 2 2 2 2 2 2
left_child=1 3 5 -1 12 6 7 8 -2 11 -11 -8 13 17 -9 21 -14 -4 -18 20 -17 -7 -23
right_child=2 -3 4 -5 -6 15 9 14 -10 10 -12 -13 16 -15 -16 19 18 -19 -20 -21 -22 22 -24
leaf_value=-0.021720414072505866 0.097080181857955403 -0.043387984191645197 0.14540562326127743 0.021050478851066319 -0.10103544626690616 0.12691898031023674 0.10663301457817902 0.018798635405947898 -0.17327941808677699 -0.022889572098099865 -0.00094868216700782332 0.020149807053612714 0.077670954509451953 -0.0060146123207832679 0.13111940140172698 -0.066090501470950302 -0.037497878133791726 0.052492873131051422 0.044097292008797834 0.053000326082769895 0.061273362348267149 0.11689972567867798 0.044467739960208114
leaf_weight=16.837773012734033 0.63640054992251227 17.855796173276303 1.8406015625123471 15.462349737712428 0.57028808436734824 0.72754172802274186 1.1600145030666329 0.66138478266145773 0.64273792589642653 23.838296170668571 187.86138971261317 5.1811117414710282 0.98617138238159929 0.62180558829641075 1.7064412922275662 0.21475316247870058 0.89576584455176067 0.48230142127897568 0.86152432838662207 0.5050818739036913 0.24172555230586568 0.1647013651657403 0.11596773462588317
leaf_count=348 1003 410 1783 282 103 366 567 1493 366 10133 106696 1939 239 35 2742 112 421 1009 345 23 523 647 116
internal_value=-0.00238303 -0.0162485 0.00064172 -0.00124562 0.0499469 -0.000737953 -0.00139469 0.0511629 -0.0387694 -0.00227377 -0.00341932 0.0359706 0.0650842 0.0982139 0.0997458 0.0731744 0.0295242 0.126114 0.00250475 0.0284825 0.00135427 0.115798 0.0869721
internal_weight=280.072 50.1559 229.916 32.3001 6.25846 223.658 221.688 3.64696 1.27914 218.041 211.7 6.34113 5.68817 2.94471 2.36783 1.96977 2.74346 2.3229 1.75729 0.961561 0.456479 1.00821 0.280669
internal_count=131701 1040 130661 630 3935 126726 124939 5604 1369 119335 116829 2506 3832 2827 4235 1787 1005 2792 766 658 635 1129 763
is_linear=0
shrinkage=0.12


Tree=193
num_leaves=25
num_cat=0
split_feature=62 71 54 71 65 27 6 54 71 62 60 50 71 74 52 5 56 56 28 5 27 0 53 14
split_gain=0.745488 0.773943 1.59468 1.51573 5.18073 7.75918 2.49922 1.82613 1.49913 3.81745 1.50878 1.47213 1.42545 1.36352 1.20027 1.17535 1.06085 1.54751 1.30729 1.02341 1.07403 0.930425 0.717485 0.356785
threshold=-9.5205197334289533 0.93001028895378124 0.079449813812971129 0.24561439454555514 11.657031059265138 27.918496131896976 11.530000209808351 0.10444565117359163 2.0079554319381718 0.43081933259963995 8.8520836830139178 0.31286449730396276 1.1908020377159121 0.39323097467422491 1.1578124761581423 9.1355500221252459 3.8203125000000004 6.0531251430511483 185.83796691894534 9.6265997886657733 152.29668426513675 8.5898499488830584 -0.12302096560597418 -1.1373974680900572
decision_type=2 2 2 2 2 2 2 2 2 2 2 2 2 2 2 2 2 2 2 2 2 2 2 2
left_child=-1 3 8 14 6 -6 7 -5 9 -3 -11 13 15 -10 -2 22 18 -18 -16 20 -14 -7 -4 -13
right_child=1 2 12 4 5 21 -8 -9 11 10 -12 23 19 -15 16 -17 17 -19 -20 -21 -22 -23 -24 -25
leaf_value=0.11907325770900119 0.14999146649452208 -0.32116976543758913 0.0038191989815449449 0.095320436970331518 -0.95448328559876494 -0.26798013908587259 -0.10960322077852276 -0.027498013918697682 -0.0051294130450935827 0.047196305617089318 -0.13244390473581422 -0.0082417663591793609 0.013728488231469266 -0.067104879801118303 -0.027753438971213667 -0.065501517093515094 0.052174286463103355 -0.031465554068084989 0.019779492435020425 -0.040100944019255527 -0.077971806468381366 0.047758055822286337 0.14708737045505685 0.12812387785529958
leaf_weight=0.72937097251929017 0.71486949701134861 0.77610925316491775 0.63950568077257308 2.3268962700608373 0.21973729068406633 0.26548759854495074 4.0576151874902289 6.9504861373343374 89.494059973667959 1.7718881933204218 1.08583473771273 0.34253213804913674 94.511125364020899 5.421601988253598 32.642685504482458 0.61497476974182053 8.9560937015314135 4.9438179320998179 11.187479059329005 5.7662114648594516 1.8757408253818528 0.27218394264264134 2.3643234425618394 1.4285591204957757
leaf_count=275 411 460 132 2265 195 130 69 3534 28472 1473 165 5 59215 3599 13959 35 3785 3435 4428 221 344 774 1773 2547
internal_value=-0.00208685 -0.00240401 0.00134806 -0.0130644 -0.0483901 -0.353682 -0.03105 0.00330656 -0.00949064 -0.0851576 -0.0210607 -0.00664681 0.0116282 -0.00866946 -0.00454653 0.0856423 -0.00646017 0.0224259 -0.0156208 0.00900618 0.011944 -0.108145 0.116586 0.101751
internal_weight=279.359 278.63 206.092 72.5374 14.0924 0.757409 13.335 9.27738 100.321 3.63383 2.85772 96.6868 105.772 94.9157 58.4449 3.6188 57.7301 13.8999 43.8302 102.153 96.3869 0.537672 3.00383 1.77109
internal_count=131701 131426 98441 32985 6967 1099 5868 5799 36721 2098 1638 34623 61720 32071 26018 1940 25607 7220 18387 59780 59559 904 1905 2552
is_linear=0
shrinkage=0.12


Tree=194
num_leaves=22
num_cat=0
split_feature=15 52 53 0 80 15 20 22 21 80 21 22 0 6 52 70 0 85 6 75 27
split_gain=0.77534 0.989087 1.10554 0.741185 2.22074 3.76035 2.84418 1.44786 3.22324 1.26258 4.14265 2.34561 2.09061 1.5128 0.392852 0.305981 0.490728 0.122129 0.0823284 0.0164996 0.0104569
threshold=0.8444184958934785 2.7203124761581425 -0.14408839493989942 19.344150543212894 0.37500000000000006 1.3921459913253786 0.30520834028720861 0.20852916687726977 0.60940000414848339 0.37500000000000006 0.13955000042915347 -1.0000000180025095e-35 12.37964963912964 11.153749942779543 2.9781249761581425 1.0000000180025095e-35 21.066800117492679 1.0478857159614565 11.153749942779543 1.0000000180025095e-35 100.40413284301759
decision_type=2 2 2 2 2 2 2 2 2 2 2 2 2 2 2 2 2 2 2 2 2
left_child=-1 3 14 9 7 -6 -7 -5 -9 11 -11 -2 -13 -12 17 18 19 -3 20 -17 -4
right_child=1 2 15 4 5 6 -8 8 -10 10 13 12 -14 -15 -16 16 -18 -19 -20 -21 -22
leaf_value=-0.02187770339819476 0.26883733484663969 0.057805923354382185 0.12959680818103717 -0.011531733361458366 -0.085732748436046335 0.027654846507746307 -0.041623455830950395 -0.11808505299105655 0.042720292013796062 0.11908300247917933 0.0078918200329399276 0.0025494392113831034 -0.0320981066816882 -0.054232186804376074 -0.056811664231759922 0.1277595691844475 -0.064942412670437419 0.007155071149511901 0.1846000810482212 0.088531010862115123 0.095034727837154304
leaf_weight=25.159539862633153 0.42059081091497219 1.249687199421033 0.83032026549392324 12.593336394271772 8.217555363470181 24.812223866281784 13.006756500360096 1.8838315793000209 38.047479916037048 4.5167188352570511 36.598355940236502 49.112477163288759 51.244290564058701 6.6737616568025251 1.0292296959491976 0.47134289033169807 0.31737421458637982 1.5183972502954928 0.49007487529888749 0.22960389789386682 0.14862008041245645
leaf_count=506 19 444 1546 412 251 2066 419 82 6228 327 32375 53605 30751 93 413 1023 19 370 4 344 404
internal_value=-0.00178579 0.000208995 0.0472206 -0.000986548 0.00708192 -0.0121582 0.00382856 0.0239454 0.035134 -0.0063393 0.00972527 -0.0139572 -0.0151423 -0.00168943 0.00648651 0.109408 0.0588563 0.030022 0.14445 0.11491 0.12435
internal_weight=278.572 253.412 6.28465 247.127 98.5612 46.0365 37.819 52.5246 39.9313 148.566 47.7888 100.777 100.357 43.2721 3.79731 2.48734 1.01832 2.76808 1.46902 0.700947 0.97894
internal_count=131701 131195 4567 126628 9458 2736 2485 6722 6310 117170 32795 84375 84356 32468 1227 3340 1386 814 1954 1367 1950
is_linear=0
shrinkage=0.12


Tree=195
num_leaves=34
num_cat=0
split_feature=49 68 28 85 82 6 52 74 54 48 1 21 58 71 71 54 60 85 85 74 6 78 82 28 52 49 18 54 0 87 6 15 69
split_gain=0.835365 1.1092 3.51115 1.06264 1.33233 2.09361 1.32864 1.32282 1.29075 0.97425 0.868567 0.787136 0.960968 0.902055 1.36921 3.32529 1.33456 0.868157 0.845845 0.778555 0.723093 2.56308 1.81825 0.448141 0.444823 0.259661 0.258106 0.165007 0.175252 0.132679 0.273031 0.129063 0.0997192
threshold=0.53215762972831737 11.500000000000002 223.39698028564456 1.0000000180025095e-35 1.0000000180025095e-35 11.860249996185305 2.0885417461395268 0.25756289064884191 0.12331307679414751 0.88854166865348827 409.42500305175787 3.9645333290100102 -0.067491881549358354 -7.9402592182159415 -7.6619017124176017 0.19365131855010989 0.99531248211860668 1.0212000012397768 0.67882856726646434 0.080388545989990248 10.274650096893312 1.0000000180025095e-35 0.37500000000000006 7.8279674053192148 1.5010416507720949 0.07791996002197267 0.27135416865348821 0.064798075705766692 21.294899940490726 0.24995714426040652 11.315050125122072 0.8444184958934785 7.5000000000000009
decision_type=2 2 2 2 2 2 2 2 2 2 2 2 2 2 2 2 2 2 2 2 2 2 2 2 2 2 2 2 2 2 2 2 2
left_child=11 2 -2 4 5 6 -3 8 -6 -9 -5 13 -13 16 15 32 18 23 24 -4 22 -22 -16 -18 -1 -14 -20 -12 -29 31 -31 -27 -15
right_child=1 3 19 10 7 -7 -8 9 -10 -11 27 12 25 14 20 -17 17 -19 26 -21 21 -23 -24 -25 -26 29 -28 28 -30 30 -32 -33 -34
leaf_value=-0.10070933282976066 -0.41311165098831432 0.1401739378051273 0.12862044302385331 0.0051499548222323794 0.013633439208903643 -0.13559495265153626 -0.0091334973826335802 -0.037852341709875503 -0.083796726717760658 0.084188976689090617 -0.1533436642438992 -0.06849661271096591 0.03106095522897602 0.12168538947096974 -0.0099991439603832472 -0.41803422449673294 0.016236663536044246 -0.018461705693436099 0.016725054775366215 -0.11250279769119309 -0.0042141835001863869 -0.074352634882216273 0.021264117661763521 0.1164858047139595 -0.011962284527907947 0.22062360171798268 0.13308763798238354 -0.062297888335915763 -0.12990826113500423 0.12172182964374981 -0.023842043263704066 0.11946608466431154 0.0082388075318035863
leaf_weight=1.1371543036586031 0.42719288475632555 2.4308146391146077 0.41082686276331515 1.4974178994289093 2.9682332598472936 0.72246541082859028 1.3266145243733261 1.6092668480254695 5.7531535024115783 2.2714463261122262 0.7951932474002209 0.68974890210017781 0.74819697044927069 0.22300491786660259 56.62912764803859 0.38016134875852003 0.78360662250634039 1.1604936074113537 0.49577576057299644 0.36339729948781496 123.12452178511569 7.9894439883246369 50.837066655662582 3.5562790651866294 2.8555463851664626 0.25286335870623566 0.61500131481432163 1.3532603905210865 0.93249684261536447 0.71322802351915016 0.25080054043792188 0.64464059491604075 0.22328670892329683
leaf_count=229 283 2224 361 380 2433 5 865 1187 3076 3065 161 180 266 101 45654 259 201 497 425 352 4793 146 54757 2983 1732 2 330 955 36 1178 7 1909 505
internal_value=-0.00273847 -0.024707 -0.136939 -0.0184819 -0.0047216 0.0514873 0.0874588 -0.0247032 -0.0506374 0.0335805 -0.0698219 -0.000755764 0.0574728 -0.00152423 -0.00304122 -0.157231 0.0327253 0.0737321 -0.0114706 0.0154445 -0.00250709 -0.00848808 0.00479 0.0983849 -0.0372382 0.0907664 0.0811513 -0.10626 -0.0898802 0.114764 0.0838521 0.147966 0.0649263
internal_weight=276.172 22.8618 1.20142 21.6604 17.082 4.47989 3.75743 12.6021 8.72139 3.88071 4.57837 253.31 3.29948 250.01 239.407 0.826453 10.6039 5.50038 5.10348 0.774224 238.58 131.114 107.466 4.33989 3.9927 2.60973 1.11078 3.08095 2.28576 1.86153 0.964029 0.897504 0.446292
internal_count=131537 15383 996 14387 12855 3094 3089 9761 5509 4252 1532 116154 3542 112612 106215 865 6397 3681 2716 713 105350 4939 100411 3184 1961 3362 755 1152 991 3096 1185 1911 606
is_linear=0
shrinkage=0.12


Tree=196
num_leaves=32
num_cat=0
split_feature=2 58 0 60 54 62 61 13 78 80 15 54 5 0 0 69 32 35 18 27 61 18 23 46 87 71 82 12 82 27 0
split_gain=0.665839 0.908902 1.54089 0.95314 0.734812 0.684925 0.934038 0.68306 2.23382 2.29712 1.89533 1.68198 1.36688 1.4284 4.80319 1.35717 1.36718 1.34937 0.9136 0.57706 0.53935 0.386998 0.306419 0.296583 0.27982 0.226063 0.0882719 0.0399463 0.000810939 0.000414634 0.000146756
threshold=0.84944999217987072 -1.1920058727264402 21.84324932098389 1.0447916984558108 0.20202987641096118 19999951.000000004 -4.6436438560485831 -1.2465999722480772 1.0000000180025095e-35 1.0000000180025095e-35 1.1508479714393618 0.23211326450109485 6.3201498985290536 15.204750061035158 15.428100109100344 7.5000000000000009 0.21166560798883441 7.0740752220153817 0.22812500596046451 30.838413238525394 -2.1613751649856563 0.29010416567325598 1.1161716580390932 0.22738390415906909 0.0061142856720834979 0.13535192608833316 0.62500000000000011 0.73544999957084667 1.0000000180025095e-35 105.83415603637697 8.7437500953674334
decision_type=2 2 2 2 2 2 2 2 2 2 2 2 2 2 2 2 2 2 2 2 2 2 2 2 2 2 2 2 2 2 2
left_child=1 2 3 19 24 6 -2 8 9 11 -11 -3 13 17 -15 18 -17 -9 -14 -1 25 23 -21 -22 -5 -8 -23 -7 -29 30 -30
right_child=5 7 -4 4 -6 27 20 12 -10 10 -12 -13 15 14 -16 16 -18 -19 -20 22 21 26 -24 -25 -26 -27 -28 28 29 -31 -32
leaf_value=-0.040268993063156303 -0.11300038443680589 0.0050786683913968522 -0.073173413215283131 0.13282606083567811 0.013466467150914554 0.051003004088932893 0.0045777639882809895 -0.014260896633490415 -0.067307498434725249 -0.054987512092126163 -0.0081604269988130394 0.061711485982490252 0.079393474691846128 -0.25878727341143787 -0.014605589479618864 0.010694717199528216 0.098335412395192209 0.020516248278677287 0.0019207284833343003 -0.0048669172901897534 -0.064249629728952776 0.076995864000488287 0.067385487934618377 0.0039001394173580448 0.073018689423654581 0.13028251819832373 0.0014206836308481049 0.13333890103263263 0.12022530160824547 0.12852378924452032 0.11225491457633893
leaf_weight=2.1731506203336703 2.0475369505682002 39.364087041241987 1.861128971686411 2.2025150999304515 1.912344657006315 0.14814238996768914 0.39271834219738266 36.724480825022511 8.746753727880785 15.353857478900407 65.735251051910495 9.3444327132722247 2.3990370013127658 1.3454836949157414 8.4156933994387355 4.6068998367077238 5.777766906472209 28.560028700603198 25.386250594842295 1.4120380784588635 3.5694171024192922 0.44785252444125934 2.1056307886487957 1.2386669811371005 2.30586707278826 0.43331899038327037 0.44237880587229483 0.12253676757018184 0.098330757160482563 0.073978020639742681 0.050273816470223665
leaf_count=294 437 2277 46 684 541 9 221 10254 158 427 2265 443 1553 1224 9337 1120 7069 76290 9534 56 2672 295 956 824 458 561 339 292 517 21 363
internal_value=-0.00239713 -0.00130613 0.0284839 0.0441051 0.0757975 -0.0343783 -0.0422908 -0.00295947 -0.00860984 -0.00465434 -0.0170269 0.0159433 0.00395499 -0.00544854 -0.0482637 0.0224432 0.0594558 0.000953069 0.00860988 0.00834785 -0.0201001 -0.0332364 0.0383824 -0.0466928 0.102237 0.0705194 0.0394406 0.103126 0.125499 0.121183 0.117529
internal_weight=274.798 265.733 13.9727 12.1115 6.42073 9.06515 8.57189 251.76 138.544 129.798 81.0891 48.7085 113.216 75.0457 9.76118 38.17 10.3847 65.2845 27.7853 5.69082 6.52435 5.69832 3.51767 4.80808 4.50838 0.826037 0.890231 0.493262 0.345119 0.222583 0.148605
internal_count=131537 124986 3035 2989 1683 6551 5349 121951 5570 5412 2692 2720 116381 97105 10561 19276 8189 86544 11087 1306 4912 4130 1012 3496 1142 782 634 1202 1193 901 880
is_linear=0
shrinkage=0.12


Tree=197
num_leaves=39
num_cat=0
split_feature=74 57 74 65 74 27 75 53 40 21 82 21 21 82 46 4 46 54 18 56 22 46 61 57 23 27 65 80 68 48 4 46 21 22 12 33 87 80
split_gain=0.650117 1.39619 1.3428 2.01582 1.28301 1.53051 1.09113 1.01175 1.073 1.00403 1.96756 4.01007 2.29751 1.67923 2.35756 2.27337 2.19533 2.00067 1.30833 1.25187 1.20948 1.14124 0.996529 1.36288 1.06936 0.970525 0.970811 0.908318 1.14628 0.89554 0.763673 0.651803 0.520848 0.46674 0.466405 0.262269 0.367984 0.0463929
threshold=0.23532816767692569 -49.530933380126946 0.19907701760530475 9.4510416984558123 0.59426805377006542 55.836992263793952 1.0000000180025095e-35 0.31936544179916387 0.42199751734733587 1.0884749889373782 0.37500000000000006 0.13955000042915347 0.25426666438579565 1.0000000180025095e-35 0.056836310774087913 3.001350045204163 0.044203078374266631 0.30651798844337469 0.25546874105930334 5.3765625953674325 0.37656250596046453 0.064185276627540602 -26.282899856567379 -32.58325004577636 1.3550181388854983 49.279989242553718 6.7515625953674325 0.37500000000000006 17.500000000000004 1.2489583492279055 2.4894499778747563 0.082868888974189772 1.202370882034302 1.7140625119209292 0.37340000271797186 0.85177144408226024 0.24995714426040652 0.37500000000000006
decision_type=2 2 2 2 2 2 2 2 2 2 2 2 2 2 2 2 2 2 2 2 2 2 2 2 2 2 2 2 2 2 2 2 2 2 2 2 2 2
left_child=2 6 9 31 5 25 -2 8 -7 10 11 -1 -12 17 16 -16 -15 18 -11 -13 -14 -19 35 30 -25 26 -3 28 -5 -9 -24 -4 -29 -34 -27 37 -37 -6
right_child=1 4 3 27 22 7 -8 29 -10 13 12 19 20 14 15 -17 -18 21 -20 -21 -22 -23 23 24 -26 34 -28 32 -30 -31 -32 -33 33 -35 -36 36 -38 -39
leaf_value=-0.065004477331180324 -0.0031013060011036079 0.15383782473661878 -0.19234390270589291 0.029546683384398802 0.12910692707805674 0.025622899620217084 -0.13983376664067099 -0.20556259856549261 -0.12023987813471582 0.031590820611011206 0.11864978421281006 0.042269304847447647 0.083782753663045398 -0.0020016745077440848 -0.026460985337831963 -0.15960931314942825 0.096183174010189235 -0.027644428924951114 -0.012883083986703521 -0.066426524787417757 -0.00090792979261025751 0.10970926863424439 -0.027949284023594728 -0.031227221972855893 0.011594032298466806 0.25687701729341306 0.038053183451301417 0.12461542983078035 -0.13658401282965366 0.011807327551671697 -0.18234103059011902 -0.080191533338389576 -0.042129937476301886 0.066963971496190239 0.11173574744430698 0.068547192566358897 -0.039106662816231659 0.079384479933023347
leaf_weight=10.760171030662152 1.7749175261500332 1.1979720945224723 1.3706065401497638 1.0692809517122444 0.67711421253665027 11.519236626249832 1.5962235143833823 0.58347353278349945 0.77509793630815771 14.068086805562983 4.3575906126880026 13.836530119232291 3.1553089905353309 28.304356351144179 64.463672679177108 1.9010047263693639 3.7089373807586119 1.1079265077557909 29.495894443227826 1.714901321038268 10.537651450482484 4.0747799040537984 0.9072575723898797 11.903811912873605 28.513310273338249 0.46874387376010307 8.0499008064838886 0.71686371440364416 1.3571577336479093 0.51279584871804218 0.93863761258762679 1.6380069072188232 1.2454186803834093 1.0332378246325786 0.99679579396797635 1.6350730192118876 0.63471887008608963 0.44965874479566992
leaf_count=181 499 759 174 585 1135 6441 148 157 284 9752 425 2631 99 6019 38395 828 2371 359 13045 398 3247 2016 488 471 31726 5 3658 160 130 537 141 482 82 948 1107 1100 234 320
internal_value=-0.00209914 0.00758181 -0.00564067 -0.0525115 0.0112265 0.0336242 -0.0678436 0.00657722 0.016427 -0.00357709 0.0122471 -0.0086849 0.0427588 -0.00834851 -0.0173729 -0.030275 0.00937365 0.009864 0.00147884 0.0302831 0.0186076 0.0803467 -0.000597336 -0.00562307 -0.00101785 0.06743 0.053052 -0.0088012 -0.0633737 -0.103885 -0.106457 -0.131284 0.0354037 0.00733779 0.158158 0.0619373 0.0384431 0.109264
internal_weight=273.052 73.1347 199.917 8.43057 69.7636 24.104 3.37114 13.3906 12.2943 191.487 44.3622 26.3116 18.0506 147.125 98.378 66.3647 32.0133 48.7467 43.564 15.5514 13.693 5.18271 45.6596 42.263 40.4171 10.7134 9.24787 5.42196 2.42644 1.09627 1.8459 3.00861 2.99552 2.27866 1.46554 3.39656 2.26979 1.12677
internal_count=131537 49210 82327 2561 48563 12948 647 7419 6725 79766 6981 3210 3771 72785 47613 39223 8390 25172 22797 3029 3346 2375 35615 32826 32197 5529 4417 1905 715 694 629 656 1190 1030 1112 2789 1334 1455
is_linear=0
shrinkage=0.12


Tree=198
num_leaves=25
num_cat=0
split_feature=50 54 50 50 87 0 61 23 0 0 50 80 15 82 21 11 0 14 5 56 18 36 27 45
split_gain=0.647011 1.02167 0.972679 0.948848 1.07598 1.31223 0.973475 0.819724 1.94032 4.75738 1.3825 1.31856 0.685797 0.80931 3.33782 2.83931 2.10755 1.71845 0.323392 0.132775 0.0674298 0.0993444 0.0441076 0.0424922
threshold=0.19840497523546222 0.74959996342659008 0.20042370259761813 0.18624116480350497 0.24995714426040652 19.686100006103519 -0.02355555351823568 1.6884643435478213 15.912749767303469 15.823550224304201 0.23158674687147143 1.0000000180025095e-35 0.8444184958934785 0.62500000000000011 0.13955000042915347 0.57284998893737804 16.543399810791019 0.60028550028800975 8.8220000267028826 5.1640625000000009 0.26614584028720861 1.0000000180025095e-35 45.181859970092781 0.2080042436718941
decision_type=2 2 2 2 2 2 2 2 2 2 2 2 2 2 2 2 2 2 2 2 2 2 2 2
left_child=3 2 -2 12 6 20 18 11 9 -9 -10 -4 -1 14 -14 -15 -16 -17 23 22 21 -6 -8 -5
right_child=1 -3 7 4 5 -7 19 8 10 -11 -12 -13 13 15 16 17 -18 -19 -20 -21 -22 -23 -24 -25
leaf_value=-0.023037733363420385 -0.10362595668700414 -0.16021524241548266 0.0052820746305195778 0.028336562486453127 0.12041047445358294 -0.089534781645629183 0.1702085240506967 -0.010327697920839604 0.11561304328873011 -0.44494180750797746 0.019864150123990773 -0.049181544008182143 -0.049767700586693123 0.09601643691674272 -0.0031405407296789443 -0.0254973031885476 0.034429168608422725 0.0093671786871561795 -0.062773077804365529 0.085544234227702534 0.12166916661695058 -0.051077232578810944 0.13115856226561504 0.11717930771181381
leaf_weight=17.055811174855961 1.5895974991714172 0.6677360932648061 11.654094210563018 0.12504520735433322 0.10498974546771966 1.3639487023065155 0.62708045967201487 21.530458958550188 2.8284357690806692 0.36889303056909639 9.3494231047542353 14.200796750665175 12.01341560901801 3.7372132992131801 38.745344599934526 48.592839961007712 48.311083277552029 35.036384883450324 0.64520252336114936 0.78842772935593064 0.62583242985374454 0.090643140631527785 1.240445121311154 0.2039829056688518
leaf_count=348 484 178 355 130 518 114 368 25486 1392 117 4677 326 296 566 36501 2020 8415 46604 35 238 546 210 796 817
internal_value=-0.00183288 -0.0125799 -0.0109775 0.00136028 0.0491532 -0.0173717 0.0892019 -0.00852019 0.00370413 -0.0176487 0.0421028 -0.0246321 -5.59527e-06 0.00210146 0.0095261 -0.00631776 0.0177084 -0.0108909 -0.0134007 0.126838 0.102447 0.0409546 0.144271 0.0834151
internal_weight=271.497 62.1894 61.5217 209.308 5.8156 2.18541 3.63018 59.9321 34.0772 21.8994 12.1779 25.8549 203.492 186.436 99.0698 87.3664 87.0564 83.6292 0.974231 2.65595 0.821465 0.195633 1.86753 0.329028
internal_count=131537 33015 32837 98522 3772 1388 2384 32353 31672 25603 6069 681 94750 94402 45212 49190 44916 48624 982 1402 1274 728 1164 947
is_linear=0
shrinkage=0.12


Tree=199
num_leaves=26
num_cat=0
split_feature=61 29 46 18 74 14 15 77 22 4 40 85 65 18 28 58 44 36 60 72 57 23 4 13 14
split_gain=0.562493 1.11565 1.292 1.12387 1.40009 0.953848 0.713833 1.14604 2.23639 1.32614 1.20749 1.73557 1.18847 1.07564 1.38339 0.796187 0.771633 0.770453 0.459674 0.342353 0.2989 0.276735 0.18808 0.04644 0.0010278
threshold=4.1694002151489267 1.5000000000000002 0.12166678905487062 0.39687500894069677 0.87805494666099559 -0.82713100314140309 1.1508479714393618 1.0000000180025095e-35 0.54577499628067028 4.1643500328063974 0.11066284030675889 0.73822858929634105 0.61770832538604747 0.25182291865348821 7.0740752220153817 1.5505656003952029 0.43229167163372045 1.0000000180025095e-35 0.79895833134651195 1.0000000180025095e-35 -0.52014455199241627 0.58280083537101757 2.8840500116348271 -2.5172500610351558 0.1380179971456528
decision_type=2 2 2 2 2 2 2 2 2 2 2 2 2 2 2 2 2 2 2 2 2 2 2 2 2
left_child=6 2 19 4 18 -6 15 9 -9 10 11 -8 -12 17 -15 16 -1 -10 -3 -2 -7 -20 23 -4 -25
right_child=1 3 22 -5 5 20 7 8 13 -11 12 -13 -14 14 -16 -17 -18 -19 21 -21 -22 -23 -24 24 -26
leaf_value=-0.024016327678904735 -0.03832822333421592 0.16364157867748899 0.071278226183266319 -0.07055102191228417 -0.07888309985657968 0.07460781688712087 0.0017843279357738224 -0.05010017362986461 -0.06320834041785249 -0.047241140159318004 0.056935852940291347 0.044262943406132668 -0.014727092558770739 -0.016343045233255426 0.12682404030706551 -0.039665030500799989 0.014601833804513407 0.054134767279034539 -0.0016417817531921076 -0.1203155390296294 -0.038363776813424753 0.093976926802452412 0.012006850884751702 0.13274408455012612 0.12178149416456489
leaf_weight=15.508225770486151 1.8675840405610407 1.2979206326535839 0.36673579674970802 1.0579838672465474 1.2984199235825147 1.6801874514080739 96.095766665555658 3.2861637009700635 1.2467247856447996 8.984571579593192 3.4882949597003963 16.182890830507432 74.578466866698989 1.2320981481698252 4.6021420039717214 14.593006425561724 14.33982685921819 2.2779195372504546 0.51041021583478174 1.2076529425091849 0.42193992885711384 2.9838684265972688 0.51559915657833244 0.26378053095049836 0.23100058992980621
leaf_count=316 589 98 11 102 41 1174 74176 99 1095 387 435 8835 35988 341 2730 320 331 731 12 253 323 2314 157 10 669
internal_value=-0.00160008 0.0220878 -0.0272671 0.0458421 0.0608728 0.00198336 -0.00286598 3.30807e-05 0.0350651 -0.00218927 -6.27606e-05 0.00790683 -0.0115249 0.064969 0.0965894 -0.0166939 -0.0054631 0.0126286 0.102661 -0.0705248 0.0519321 0.0800099 0.0693318 0.103639 0.127626
internal_weight=270.119 13.7031 4.45235 9.25073 8.19275 3.40055 256.416 211.975 12.645 199.33 190.345 112.279 78.0668 9.35888 5.83424 44.4411 29.8481 3.52464 4.7922 3.07524 2.10213 3.49428 1.37712 0.861517 0.494781
internal_count=131537 5753 1689 4064 3962 1538 125784 124817 4996 119821 119434 83011 36423 4897 3071 967 647 1826 2424 842 1497 2326 847 690 679
is_linear=0
shrinkage=0.12


Tree=200
num_leaves=40
num_cat=0
split_feature=85 70 28 27 27 73 33 28 44 1 69 48 27 76 54 46 52 0 79 11 18 27 22 65 54 60 18 87 74 54 49 54 65 48 14 61 82 14 50
split_gain=0.791598 1.36992 2.33503 2.92735 2.72144 2.50287 2.01466 1.80168 2.07965 1.78925 2.02967 1.81993 2.00412 1.68498 1.48046 1.45325 1.87605 1.59975 1.37446 0.794537 0.93959 1.16959 0.912746 0.769356 0.75673 0.736068 0.729626 0.616531 0.588063 0.560742 0.557821 0.441224 0.413756 0.301938 0.143292 0.0854305 0.530085 0.00699633 0.00220958
threshold=1.1618856787681582 1.0000000180025095e-35 9.4008340835571307 110.75190734863283 59.115495681762702 1.0000000180025095e-35 0.91190001368522655 7.8279674053192148 0.68854168057441723 401.96501159667974 7.5000000000000009 1.4114583730697634 89.851455688476577 1.0000000180025095e-35 0.1089121736586094 0.13491541147232058 1.4885416626930239 15.34969997406006 1.0000000180025095e-35 1.9139000177383425 0.30520834028720861 64.647968292236342 5.5511999130249032 0.4395833313465119 0.42441625893116003 2.0739583969116215 0.28645832836627966 0.27852500975131994 0.68201208114624035 0.058899726718664176 0.10147882625460626 0.2141746133565903 9.4510416984558123 1.369791626930237 -0.82713100314140309 -6.8260304927825919 0.37500000000000006 -0.16760700196027753 0.21937893331050876
decision_type=2 2 2 2 2 2 2 2 2 2 2 2 2 2 2 2 2 2 2 2 2 2 2 2 2 2 2 2 2 2 2 2 2 2 2 2 2 2 2
left_child=1 2 3 7 15 6 -6 8 -1 10 13 23 -13 18 -7 17 -17 -4 -3 20 21 35 28 -12 34 -22 -5 29 -23 -11 -9 -31 -15 -24 -21 -2 -37 -36 -39
right_child=19 9 4 26 5 14 -8 30 -10 27 11 12 -14 32 -16 16 -18 -19 -20 24 25 22 33 -25 -26 -27 -28 -29 -30 31 -32 -33 -34 -35 37 36 -38 38 -40
leaf_value=-0.0014164946267754372 0.15868947802884517 -0.050870626079102872 0.038069458024851004 -0.17231268084872389 0.022379331853299135 -0.21538712372555324 0.079365924169927105 0.13838336249071315 -0.061458720514649623 -0.16565935151068634 -0.12031222086542842 -0.054182924321166677 0.060515687271363382 0.001372838322891766 -0.0012099055023041519 0.022290818113679563 -0.03546866072257697 -0.0035154459135291584 0.018618828425662197 0.042956608620990842 0.015017811094926028 -0.04306953914873949 0.03360519755620478 0.074429094976504268 -0.036432663925351189 -0.056124750763234768 -0.063768659269693342 0.0040568704052859296 0.042811935402503859 -0.097995881713239877 0.023487718949669056 0.0033744937669328021 0.064176146279055851 0.14703812773600586 0.1358821456847617 0.033155583035088455 0.19041781629810361 0.12167923766363607 0.1082247840184479
leaf_weight=27.135380579386009 0.64363181229629152 25.915251567704676 19.318289337711889 2.0791002835255763 30.349529309036257 0.88479844708581257 12.659875954358425 1.3395215999516943 11.971772673240592 1.3559662806094355 0.30467816609780385 6.0991637676361261 3.4258038595054359 3.4323337590540168 0.97892328924081085 11.129358084206784 29.726805972094269 42.911017709177429 4.8688656666704437 0.37362398637924421 4.7020665316258583 2.930219783857865 0.571277126413406 7.0921081995696227 0.64095036959326979 3.7759568253866291 1.5615430838399786 0.98319218527012697 1.8877977040353924 2.6979050391149717 1.1149651730609091 0.8021301962305073 2.697934240172799 0.82719980630031387 0.53038741974160131 0.6771305013487614 0.5671666491657561 1.1940135021322626 0.20610914624180066
leaf_count=3777 125 1997 23933 478 21475 210 7299 449 3636 174 28 8256 4516 295 412 6228 21615 7567 871 9 553 511 161 9495 62 294 427 472 366 1050 233 428 397 632 9 321 418 1560 497
internal_value=-0.00181736 -0.00361525 0.00129436 -0.0225759 0.00858689 0.0332539 0.0391534 -0.0135378 -0.0197971 -0.019507 -0.0126638 0.0217499 -0.0129298 -0.0284393 -0.10289 -0.00215066 -0.0197348 0.00939405 -0.0398801 0.0214611 0.0112602 0.0404756 0.0153535 0.0664076 0.0788979 -0.0166678 -0.125756 -0.0825999 -0.00941942 -0.100145 0.0861913 -0.074764 0.0290126 0.100701 0.11098 0.123197 0.104838 0.124145 0.119699
internal_weight=272.364 252.836 193.161 45.2023 147.959 44.8731 43.0094 41.5616 39.1072 59.6753 53.8361 16.9218 9.52497 36.9144 1.86372 103.085 40.8562 62.2293 30.7841 19.5275 16.5824 8.10442 6.21649 7.39679 2.94508 8.47802 3.64064 5.83919 4.81802 4.856 2.45449 3.50004 6.13027 1.39848 2.30413 1.88793 1.2443 1.93051 1.40012
internal_count=131236 125718 97739 9000 88739 29396 28774 8095 7413 27979 25855 22295 12772 3560 622 59343 27843 31500 2868 5518 3381 2534 1670 9523 2137 847 905 2124 877 1652 682 1478 692 793 2075 864 739 2066 2057
is_linear=0
shrinkage=0.12


Tree=201
num_leaves=25
num_cat=0
split_feature=5 60 60 46 27 52 51 40 85 33 40 28 27 44 6 28 86 1 66 52 53 64 22 46
split_gain=0.748355 0.914794 1.39032 1.07647 0.983361 0.946299 1.22124 1.04217 0.792325 2.44284 2.49617 2.21334 2.73335 1.93323 1.33599 0.766369 0.732091 0.792479 0.557298 0.366517 0.323378 0.156302 0.0548113 0.00658915
threshold=9.6265997886657733 6.4052083492279062 5.5885417461395273 0.28563208878040319 30.018787384033207 2.138541698455811 1.0000000180025095e-35 0.18193891644477847 1.0000000180025095e-35 0.73674285411834728 0.12201384082436563 6.3710865974426278 30.838413238525394 0.80078125000000011 10.274650096893312 167.54199218750003 1.0000000180025095e-35 374.16500854492193 1.5000000000000002 2.2572916746139531 -0.091150850057601915 37.500000000000007 0.20852916687726977 0.11024843156337739
decision_type=2 2 2 2 2 2 2 2 2 2 2 2 2 2 2 2 2 2 2 2 2 2 2 2
left_child=1 2 8 16 20 7 19 15 11 14 -11 13 -13 -1 -10 -6 17 -4 -8 -7 -3 -9 -22 -24
right_child=-2 4 3 -5 5 6 18 21 9 10 -12 12 -14 -15 -16 -17 -18 -19 -20 -21 22 -23 23 -25
leaf_value=-0.016001988766712126 -0.02958658547036357 -0.050167131266944602 -0.068218477877037623 -0.19757925501446352 -0.055045605240094969 0.14662446550900241 0.12013256511836803 0.038636901869727673 -0.011748332131127187 0.035481793158282281 -0.019458502679567908 -0.013883139356018268 0.022558820964170268 -0.12555385953598755 -0.079734757069762047 0.032409253420035727 0.055049255895374995 0.051194909674798207 -0.02912925728417233 0.063592605997997542 0.065532397383283619 0.11562120369706454 0.13503505483538406 0.1198391873103995
leaf_weight=27.692990576620705 13.078086673269693 0.17700958867283167 5.8537120381716914 0.65415289463948045 4.8783717395437503 1.546346910848569 0.42854924966320629 0.70219570621247818 7.2850524755373298 19.585432762212264 30.380656859635309 43.863185048795799 91.39162742262107 2.5316066329935429 9.709567052917917 2.0488943216088273 1.0668064976694038 0.92702026965554285 2.2587451180945664 1.5161020362340876 0.23698440201406157 0.82709463770356706 0.80324056748798944 0.84125609420320302
leaf_count=3973 493 79 2346 537 2529 522 3797 86 7689 9678 10852 26019 50251 2819 243 2331 355 650 509 1324 12 703 1407 2032
internal_value=-0.00158431 -0.000160489 -0.00201988 -0.0496834 0.0273839 0.0161522 0.0537124 -0.00938555 -0.000276545 -0.0112904 0.00207669 0.00418017 0.0107407 -0.025178 -0.0505911 -0.0291789 -0.0373551 -0.051893 -0.00532612 0.105519 0.104898 0.0802728 0.119486 0.127261
internal_weight=270.285 257.207 240.942 8.50169 16.2648 14.2063 5.74974 8.45656 232.44 66.9607 49.9661 165.479 135.255 30.2246 16.9946 6.92727 7.84754 6.78073 2.68729 3.06245 2.05849 1.52929 1.88148 1.6445
internal_count=131236 130743 115412 3888 15331 11801 6152 5649 111524 28462 20530 83062 76270 6792 7932 4860 3351 2996 4306 1846 3530 789 3451 3439
is_linear=0
shrinkage=0.12


Tree=202
num_leaves=25
num_cat=0
split_feature=5 60 60 74 28 54 49 27 78 14 12 52 49 34 2 68 49 70 57 66 18 49 7 28
split_gain=0.584483 0.740502 1.06263 2.25778 1.64669 1.04837 0.956466 0.85863 0.830271 7.00758 1.2242 0.768996 1.03977 0.692904 0.621033 0.642857 0.491249 0.469027 0.453823 0.449208 0.397197 0.257441 0.0571173 0.0100595
threshold=9.6265997886657733 6.4052083492279062 5.5885417461395273 0.047072673216462142 130.93884277343753 0.1089121736586094 0.63358029723167431 30.018787384033207 1.0000000180025095e-35 0.1380179971456528 0.37340000271797186 2.138541698455811 0.22057681530714038 230.27856445312503 0.27264000475406652 13.500000000000002 0.17977602779865268 1.0000000180025095e-35 -1.7002060413360593 1.5000000000000002 0.37187500298023229 0.020885908976197246 13.618768215179445 2.6983066797256474
decision_type=2 2 2 2 2 2 2 2 2 2 2 2 2 2 2 2 2 2 2 2 2 2 2 2
left_child=1 2 6 5 16 -4 8 21 10 -10 -1 14 18 17 -9 -16 -5 -8 -13 -14 -6 -3 23 -23
right_child=-2 7 3 4 20 -7 13 11 9 -11 -12 12 19 -15 15 -17 -18 -19 -20 -21 -22 22 -24 -25
leaf_value=-0.13615425108652185 -0.026219587330344539 -0.040739703317506828 -0.20909070841290101 0.0044612265393427766 0.11882126578109135 -0.06927372326958163 -0.013606275987503075 0.085636338642585297 -0.14757607696150107 0.018455003387891855 0.0039249972285664951 0.12082654417352147 0.12012002976289893 -0.13933727068816654 -0.060290742603775066 0.01099576386325382 -0.089562673147099731 -0.1082237737091392 0.0047125112302103646 -0.027043235284909695 -0.011558245532661117 0.094711495220785466 0.077953204298898363 0.13102098852336749
leaf_weight=0.90236012265086074 12.992460992280142 0.16866959067554788 1.2217657770918307 1.4545119909876691 1.5812673127397832 2.0989556376488281 4.5543337383448943 0.90278668387463579 4.8582375107835132 14.849258874613609 204.62343772050133 2.3878420263501998 0.34562429641101777 0.97015757027713689 3.2046169995179241 4.2210743899636327 1.7787188461567778 0.90421109648013942 0.60815766515184932 2.1991958499882003 0.42742229334726278 0.12142889055712647 0.4526679982736822 1.1547907551007339
leaf_count=12 493 48 393 631 1455 538 3151 175 112 6759 101167 1149 3607 252 3219 2255 802 71 941 455 69 22 17 3443
internal_value=-0.00138992 -0.000129724 -0.00178319 -0.0432965 0.0057479 -0.120715 -0.000248785 0.0250626 0.00105388 -0.0224745 0.00330998 0.0147044 0.0493472 -0.0458885 -0.00834288 -0.0197685 -0.0472648 -0.0292797 0.0972566 -0.00705628 0.0910782 0.100771 0.114576 0.127566
internal_weight=268.984 255.991 240.225 8.56264 5.24192 3.32072 231.662 15.7669 225.233 19.7075 205.526 13.8693 5.54082 6.4287 8.32848 7.42569 3.23323 5.45854 2.996 2.54482 2.00869 1.89756 1.72889 1.27622
internal_count=131236 130743 115412 3888 2957 931 111524 15331 108050 6871 101179 11801 6152 3474 5649 5474 1433 3222 2090 4062 1524 3530 3482 3465
is_linear=0
shrinkage=0.12


Tree=203
num_leaves=52
num_cat=0
split_feature=66 14 30 6 85 15 11 18 7 18 0 44 18 4 49 14 44 61 0 82 12 61 50 46 80 0 28 6 30 54 78 54 46 65 48 6 64 71 78 28 6 85 44 18 53 85 28 11 6 22 1
split_gain=0.533038 1.27916 1.56004 1.57967 1.72315 1.4225 1.33965 1.29251 1.45249 1.26873 1.03973 1.18493 1.33693 1.07472 1.36501 1.05701 1.04192 2.56888 1.95447 3.1202 1.5389 1.15507 1.14193 1.0069 0.99984 0.998137 0.995403 0.994496 0.992755 0.844737 2.35956 1.02462 0.768629 0.762209 0.704841 0.686342 0.769978 0.659415 0.648792 0.574072 0.549083 0.526757 0.475956 0.425205 0.419235 0.222615 0.437961 0.157619 0.119198 0.0135454 0.00733634
threshold=1.0000000180025095e-35 6.1280210018157968 0.56770834326744091 4.6762499809265146 0.78128573298454296 7.9172914028167733 2.5645500421524052 0.25364583730697637 5.5447242259979257 0.24921874701976779 9.2182002067565936 0.5338541865348817 0.26796875894069677 3.8694499731063847 0.63358029723167431 10.331593036651613 0.31354166567325598 -2.0722361803054805 11.709450244903566 1.0000000180025095e-35 4.0239000320434579 -52.518098831176751 0.052601912990212447 0.28214284777641302 1.0000000180025095e-35 6.3612999916076669 4.5244843959808358 11.153749942779543 0.30520834028720861 0.046510977670550353 1.0000000180025095e-35 0.064798075705766692 0.17107080668210986 11.506771087646486 1.7885416746139529 4.8247001171112069 14.500000000000002 -8.0724158287048322 1.0000000180025095e-35 4.5244843959808358 10.274650096893312 0.46407499909400945 0.88281250000000011 0.25885416567325598 -0.13116771727800366 1.3346714377403261 2.6983066797256474 0.63969999551773082 5.3496999740600595 5.8151874542236337 240.86000061035159
decision_type=2 2 2 2 2 2 2 2 2 2 2 2 2 2 2 2 2 2 2 2 2 2 2 2 2 2 2 2 2 2 2 2 2 2 2 2 2 2 2 2 2 2 2 2 2 2 2 2 2 2 2
left_child=1 5 25 7 43 6 9 26 -9 39 11 13 37 14 40 41 17 21 19 -19 -20 -12 23 32 -17 45 -4 -11 -23 30 -24 -31 -18 -16 38 36 -27 -13 -8 -1 -2 -14 -6 -5 -39 46 -3 -7 -37 -49 -25
right_child=10 2 3 4 42 47 34 8 -10 27 16 12 15 -15 33 24 22 18 20 -21 -22 28 29 50 -26 35 -28 -29 -30 31 -32 -33 -34 -35 -36 48 -38 44 -40 -41 -42 -43 -44 -45 -46 -47 -48 49 -50 -51 -52
leaf_value=0.0013248300570495991 0.093578430908163535 -0.020253399109048335 -0.029162526287482657 -0.14341384949465261 0.13378958752079861 0.18765483054768595 0.11983145106462829 -0.048265491390576169 0.12480868176614322 0.0097071103691236758 -0.10619615211893425 -0.12413715429165255 -0.084604519322881253 -0.21994265948059524 -0.10192765644448382 0.090332183534509877 0.046461274298430139 0.18734015236527535 -0.026343650326174313 -0.024070926488588499 -0.094723505723124393 0.054049746177849335 0.062295698455480074 0.13356803314582147 -0.066867205909716773 -0.04909860444916421 0.11044021142768803 -0.062174870220596194 -0.059996589487322366 -0.038396549340296397 -0.11329291950810677 0.00097646464056979558 -0.0059204797094341548 0.12023809516901007 -0.046557465521149685 0.12463680282895595 0.06086953423160376 -0.031273453171230869 -0.00095891748643975024 0.10054263150951577 -0.00063915792961384988 -0.16701802604585897 -0.035081787698463152 -0.055921049690066629 0.097511281419492071 0.18430208973249515 0.11851937120025256 0.12326178080852755 0.026301883306768144 0.089199498703554675 0.1531208037343921
leaf_weight=1.2301863133688855 2.4981359430359329 0.42982729470617487 1.1597054221384744 3.0157748865019576 0.53260736438551237 0.7010072025732359 3.3410742646672125 7.1312954169043223 0.77403952383883723 11.250385803115021 0.80240871469754793 0.34521991861379353 2.7261875473054715 0.2811127274762838 1.4658770457797343 0.7734719263357025 9.9674559621840952 1.5333616587345194 38.945507621232764 2.9190135525669803 5.395956635341121 10.842847589855863 7.4078905130488106 0.54392007528326647 2.3613381566862017 2.8527240724503713 2.0106144530322467 3.6775428479813845 1.2230940833965167 10.468003308090543 1.2946483157893451 104.83287613689504 6.7761708475280207 0.26213963623469272 0.56194396356477216 0.70097500145152469 1.351120805684985 0.5266910762409226 0.79214690948901978 2.6458759826037976 1.3842709455129805 1.8917830125528778 0.43796198707150324 1.088588056718663 1.1783103979012686 0.4011763716371205 1.3753722949512619 0.33830282081794394 0.23770040006661475 0.3341822937827601 0.56167805411055838
leaf_count=286 6073 295 815 613 523 14 5948 7062 315 4654 37 271 796 6 568 2040 3736 758 4302 2388 3956 5810 3680 171 1902 3181 3223 81 448 4270 129 38867 1370 2124 156 887 4086 442 806 1652 29 356 152 836 3895 11 5574 471 577 156 438
internal_value=-0.00123236 0.0101692 -0.00990681 -0.0307631 -0.0862053 0.0291369 0.0221989 -0.00535913 -0.0313192 0.0078819 -0.0037483 -0.0335085 -0.0590701 0.00902378 0.0204962 -0.0818592 -0.00145327 -0.0144762 -0.0270545 0.0487373 -0.0346649 0.0332179 0.0042077 0.0325861 -0.0280804 0.0359288 0.0593734 -0.00800124 0.0424892 0.000122864 0.036174 -0.00259816 0.0252623 -0.0682252 0.0795379 0.0069609 -0.0137547 0.0271056 0.0966815 0.0690528 0.0599852 -0.118366 0.0575877 -0.120208 0.0577285 0.103446 0.0854769 0.147839 0.0997355 0.106335 0.143501
internal_weight=267.582 48.3721 23.4995 16.1506 5.07493 24.8726 23.4992 11.0757 7.90533 18.804 219.209 15.6945 9.803 5.89154 5.61042 7.75278 203.515 61.6622 48.7938 4.45238 44.3415 12.8684 141.853 17.8492 3.13481 7.3489 3.17032 14.9279 12.0659 124.003 8.70254 115.301 16.7436 1.72802 4.69517 5.14252 4.20384 2.05022 4.13322 3.87606 3.88241 4.61797 0.970569 4.10436 1.705 2.20638 1.8052 1.37349 0.938675 0.672485 1.1056
internal_count=131236 42374 28150 13539 2124 14224 13583 11415 7377 6673 88862 18502 9702 8800 8794 5094 70360 17699 11404 3146 8258 6295 52661 5715 3942 14611 4038 4735 6258 46946 3809 43137 5106 2692 6910 8731 7267 4608 6754 1938 6102 1152 675 1449 4337 5880 5869 641 1464 627 609
is_linear=0
shrinkage=0.12


Tree=204
num_leaves=25
num_cat=0
split_feature=42 85 32 85 9 69 14 85 27 85 28 27 33 0 4 76 6 82 54 22 22 2 14 14
split_gain=0.523851 0.470488 0.938465 1.34192 1.24555 1.91334 1.14131 0.998635 1.25634 1.24936 1.10095 0.857619 1.78067 1.33735 0.725951 0.876456 1.22112 1.48954 0.628454 0.362522 0.217214 0.266179 0.162154 0.00493261
threshold=-34.844449996948235 1.1618856787681582 0.20834346115589145 1.0000000180025095e-35 2.5000000000000004 30.500000000000004 0.69558399915695202 1.123171389102936 47.410217285156257 0.84138572216033947 2.6983066797256474 38.880989074707038 1.1425285339355471 11.709450244903566 2.589749932289124 1.0000000180025095e-35 9.8230500221252459 0.37500000000000006 0.42441625893116003 5.3056499958038339 3.4223208427429204 0.34747999906539923 -0.82713100314140309 -1.0000000180025095e-35
decision_type=2 2 2 2 2 2 2 2 2 2 2 2 2 2 2 2 2 2 2 2 2 2 2 2
left_child=-1 2 7 11 5 -5 -6 8 10 -10 -2 13 -13 -4 18 16 17 -16 22 -17 -9 -22 -3 -24
right_child=1 14 3 4 6 -7 -8 20 9 -11 -12 12 -14 -15 15 19 -18 -19 -20 -21 21 -23 23 -25
leaf_value=-0.080758384816313367 -0.056874233064432338 0.035147422330987742 0.036546033391302052 -0.018283350523218118 -0.16362782698824815 0.064888626549918033 -0.039458636657952177 -0.0022096483316251538 -0.11692723686635401 -0.02419302173235046 0.048122432687274896 0.0058152711809385197 0.054294820086003837 -0.014149750884566124 0.018192704548903874 -0.0032565735364780629 -0.019868922960959962 0.13754913084524112 -0.028173751550115953 -0.076208885169788868 0.027989099408106372 0.13858845698395525 0.13244958094267448 0.11864835896449394
leaf_weight=1.1818464754438185 2.5822471141910368 0.36665350187104273 8.770500727405901 42.115091825425907 1.4001533881528292 4.3989140552014581 4.4658424075814764 0.73860981912912294 4.2212687252355163 4.1475280518061481 3.2455267633777112 104.930531879108 12.176115292787925 51.448039663305394 4.5879805864528844 1.8830612766428196 5.1874551827158939 2.2411104731712044 0.6455695699677334 2.0473517360401274 0.66932538301261935 0.5891832461179547 0.55408122751396205 1.1404804426503592
leaf_count=392 614 9 17642 15704 17 8642 1428 180 6013 1367 142 55344 2123 15469 734 370 285 1684 62 299 259 382 13 2062
internal_value=-0.00104398 -0.000687871 -0.00208168 -0.000113345 -0.016989 -0.0104176 -0.0690966 -0.0300023 -0.0411792 -0.0709687 0.00159912 0.00487156 0.0108559 -0.00676619 0.0176858 0.00793272 0.024022 0.057362 0.0751455 -0.0412574 0.0494491 0.0797673 0.107505 0.123161
internal_weight=265.734 264.553 245.899 229.705 52.38 46.514 5.866 16.1937 14.1966 8.3688 5.82777 177.325 117.107 60.2185 18.6537 15.947 12.0165 6.82909 2.70678 3.93041 1.99712 1.25851 2.06122 1.69456
internal_count=131236 130844 125326 116369 25791 24346 1445 8957 8136 7380 756 90578 57467 33111 5518 3372 2703 2418 2146 669 821 641 2084 2075
is_linear=0
shrinkage=0.12


Tree=205
num_leaves=19
num_cat=0
split_feature=65 75 82 7 6 21 61 56 4 18 46 65 48 65 32 62 5 18
split_gain=1.48964 1.53899 1.57526 2.21163 1.49158 1.13767 1.48729 1.01253 1.20785 1.89062 1.34755 1.16672 1.00976 0.918774 0.749578 0.743325 0.662094 0.348491
threshold=0.55416667461395275 1.0000000180025095e-35 1.0000000180025095e-35 12.79152822494507 11.530000209808351 0.13955000042915347 -51.588850021362298 0.36406250298023229 2.7282000780105595 0.37187500298023229 0.21509568393230441 6.819791555404664 0.85885417461395275 3.8098958730697636 0.20834346115589145 1.9967153668403628 8.6405501365661639 0.29895834624767309
decision_type=2 2 2 2 2 2 2 2 2 2 2 2 2 2 2 2 2 2
left_child=1 2 4 14 -1 15 -7 8 9 -8 -10 13 -13 -9 -4 -2 -3 -16
right_child=5 16 3 -5 -6 6 7 11 10 -11 -12 12 -14 -15 17 -17 -18 -19
leaf_value=0.00094816349613115409 -0.046336900560811571 0.044812561564534704 -0.017527042550154245 -0.057446691605063764 0.14724783635714295 -0.069059508724990809 -0.0026927031489161241 -0.018345427130050045 -0.017227316768866817 0.08810040716776002 -0.092947835103629986 0.043392512429843787 0.0016023578673170374 0.058466348268283508 0.14152077617959119 0.00059895636889641785 0.13131554614027108 0.029536015240509632
leaf_weight=1.9988815884116515 13.029212774086774 2.464881083882573 0.9758756973806143 6.0765099612435733 2.0152174999457202 4.3439653831831881 64.119161439236407 2.8387509886249509 28.719269029685449 3.4819934758436366 3.8364831585184325 9.0618366299289743 102.51841877169466 10.674591981484665 1.4538539712434615 7.7483258248389566 2.6375595964655076 0.55213171770174074
leaf_count=585 519 565 154 194 27 524 40900 1207 6756 1920 1576 5865 60747 8651 946 307 61 153
internal_value=0.00046365 0.0336354 0.0118195 -0.0159103 0.0743957 -0.00194434 0.000489052 0.0018303 -0.00716114 0.00198386 -0.0261505 0.00902935 0.00499629 0.0423305 0.0687336 -0.0288337 0.0895278 0.110698
internal_weight=268.547 18.1749 13.0725 9.05837 4.0141 250.372 229.594 225.251 100.157 67.6012 32.5558 125.094 111.58 13.5133 2.98186 20.7775 5.10244 2.00599
internal_count=131657 2685 2059 1447 612 128972 128146 127622 51152 42820 8332 76470 66612 9858 1253 826 626 1099
is_linear=0
shrinkage=0.12


Tree=206
num_leaves=22
num_cat=0
split_feature=65 81 23 0 46 87 0 57 4 26 15 87 7 5 6 87 22 71 33 62 7
split_gain=1.18864 1.26671 1.28341 3.56728 0.900481 1.35803 1.44577 0.836216 0.834252 0.825312 0.709278 0.66863 0.52383 0.925255 0.446543 0.4314 0.275903 0.112344 0.0896958 0.0594652 0.0013123
threshold=0.55416667461395275 10.000000000000002 2.0871337652206425 15.34969997406006 0.45668271183967596 0.25142499804496771 20.22970008850098 -50.830165863037102 4.1643500328063974 1.0000000180025095e-35 1.7826600074768069 0.020171428099274639 13.233663082122805 1.1744000315666201 6.2596499919891366 0.24511428922414782 1.448783338069916 2.3058888912200932 1.2096857428550722 1.56787645816803 8.8215670585632342
decision_type=2 2 2 2 2 2 2 2 2 2 2 2 2 2 2 2 2 2 2 2 2
left_child=1 2 -1 14 7 6 11 16 9 10 -9 17 13 -7 18 -13 -2 -6 -4 -15 -16
right_child=4 -3 3 -5 5 12 -8 8 -10 -11 -12 15 -14 19 20 -17 -18 -19 -20 -21 -22
leaf_value=0.068102344304842993 -0.094428567250295067 -0.03215004490758884 0.05144966676915419 -0.18404864704188859 0.066593679102377776 -0.15225105275850762 -0.052435349091179126 -0.0079811821681319613 -0.035791450293760727 -0.061085394344123189 0.0057664286325010503 -0.10834932810002913 0.12889746089790002 0.12518053762370518 0.12588965609158478 0.068547668966581141 -0.028300323900078386 0.13095967471737127 -0.013290401451816728 0.054233924714922083 0.11788531361520237
leaf_weight=10.466254239357996 1.7554301535711538 3.6922271398384501 0.60907932745089943 1.198879327373106 0.58620150993283315 0.29859665664116641 3.2667677258264121 91.452872474121165 10.20985847972929 3.2157639637829325 132.10326836317827 0.41226386544713012 2.2746346361673204 0.45503801674203714 0.60100954855397482 0.38289604006149602 1.8832304769255186 1.1695292618311439 0.62376975303322979 0.27170294112352167 0.57918144301606844
leaf_count=370 29 293 476 325 1178 154 210 1983 492 277 120861 74 36 507 297 632 587 1615 174 337 750
internal_value=0.000423381 0.0304103 0.0468178 -0.0148584 -0.00171037 0.0353066 0.000426718 -0.00311303 -0.00223646 -0.000725726 0.000142524 0.0681239 0.0967979 0.0255874 0.0692009 -0.0231675 -0.0602031 0.109469 0.0186939 0.0986561 0.121962
internal_weight=267.508 17.7704 14.0782 3.61192 249.738 9.11763 5.81766 240.62 236.982 226.772 223.556 2.55089 3.29997 1.02534 2.41304 0.79516 3.63866 1.75573 1.23285 0.726741 1.18019
internal_count=131657 2685 2392 2022 128972 4743 3709 124229 123613 123121 122844 3499 1034 998 1697 706 616 2793 650 844 1047
is_linear=0
shrinkage=0.12


Tree=207
num_leaves=20
num_cat=0
split_feature=65 75 21 27 5 82 21 57 68 68 14 85 40 50 82 62 21 53 27
split_gain=0.941089 1.12652 1.34461 1.15266 1.13484 1.40471 0.7933 1.01743 0.813296 2.07006 8.17387 1.2022 2.2305 1.34659 1.1241 0.588191 0.572999 0.368547 0.151278
threshold=0.55416667461395275 1.0000000180025095e-35 1.3239874839782717 38.880989074707038 8.92449998855591 4.8750000000000009 0.13955000042915347 -50.830165863037102 10.500000000000002 11.500000000000002 5.9766430854797372 0.3901249915361405 0.92691060900688182 0.22215428203344348 0.62500000000000011 1.9967153668403628 1.0884749889373782 0.029839203692972664 30.633506774902347
decision_type=2 2 2 2 2 2 2 2 2 2 2 2 2 2 2 2 2 2 2
left_child=1 2 4 -4 5 18 15 17 11 10 -10 13 -13 -9 -11 -2 -3 -8 -1
right_child=6 16 3 -5 -6 -7 7 8 9 14 -12 12 -14 -15 -16 -17 -18 -19 -20
leaf_value=0.14723635886910705 -0.03979327021257166 0.033264687838036447 -0.1064576062880489 0.0074372620192859331 -0.024719236826548165 -0.01935145389437137 -0.104808538134845 0.02201878189096617 -0.51065097971563489 0.0086804044357930848 -0.0068014411422694246 0.073751604390765654 -0.26153076283502319 -0.035527252371876365 -0.010110215728567821 0.0020761046989547865 0.11530424679724262 -0.02594429062591537 0.095356796954941869
leaf_weight=1.5941580212761457 12.857338055045178 2.3516770431006071 2.1026378085100532 3.2686364184087324 2.4128943117684685 1.5069485336165369 1.6686312911306225 22.285473405130066 0.56737036011781983 98.271827081614646 2.5361997217235057 7.2284408138185361 0.29747994135141187 7.9424004740322394 85.931324365428537 7.7402092404795431 2.5610079214220605 1.7462794191603732 1.6440897582938303
leaf_count=319 519 255 461 521 60 404 154 26096 970 35370 6608 12784 44 7010 38593 307 371 517 294
internal_value=0.000382837 0.0273292 0.00823302 -0.037148 0.0422859 0.0763575 -0.00150416 0.000529249 0.00151565 -0.00172297 -0.0989113 0.0175833 0.0604988 0.00689851 -8.54764e-05 -0.0240595 0.0760323 -0.0644798 0.120897
internal_weight=266.515 17.442 12.5294 5.37127 7.15809 4.7452 249.073 228.475 225.061 187.307 3.10357 37.7538 7.52592 30.2279 184.203 20.5975 4.91268 3.41491 3.23825
internal_count=131657 2685 2059 982 1077 1017 128972 128146 127475 81541 7578 45934 12828 33106 73963 826 626 671 613
is_linear=0
shrinkage=0.12


Tree=208
num_leaves=28
num_cat=0
split_feature=67 80 28 28 48 65 65 18 18 74 23 80 22 48 48 12 32 87 50 18 4 0 53 54 23 58 32
split_gain=0.783215 2.46367 1.70293 3.07088 1.76903 1.03367 1.03192 1.05722 1.12697 0.897834 0.785375 1.93986 1.05539 1.04684 0.948716 0.861389 0.782964 1.24747 0.680425 0.522375 0.426985 0.234005 0.0362827 0.00850839 0.00195557 0.000305476 3.9417e-05
threshold=2.5000000000000004 0.37500000000000006 91.467597961425795 93.562519073486342 1.0635416507720949 11.75052070617676 10.214062213897707 0.30364583432674414 0.25885416567325598 0.044952655211091049 0.86253532767295849 1.0000000180025095e-35 1.0000000180025095e-35 1.8635416626930239 1.3260416984558108 1.0728500485420229 0.21487037092447284 0.47065000236034399 0.046445902436971671 0.34687499701976782 3.8694499731063847 21.066800117492679 -0.075939271599054323 0.052575837820768363 1.6884643435478213 -9.2861781120300275 0.25845029950141912
decision_type=2 2 2 2 2 2 2 2 2 2 2 2 2 2 2 2 2 2 2 2 2 2 2 2 2 2 2
left_child=5 2 6 -4 9 10 -2 8 -8 -5 11 -1 -12 14 -14 -15 17 -3 -7 -6 -9 24 -20 -24 -18 -25 -26
right_child=1 16 3 4 19 18 7 20 -10 -11 12 -13 13 15 -16 -17 21 -19 22 -21 -22 -23 23 25 26 -27 -28
leaf_value=0.0040053985413832371 -0.093424494260773414 0.11996945835525299 -0.44592618131148137 -0.067310501951864499 0.1245254983820161 -0.080974078014009007 -0.027006260389360864 -0.0049005408100833625 0.066603185576326482 -0.23086098552462897 -0.078092879007625654 -0.048266249096742438 0.010725816137151054 0.12743367411048756 -0.00705661435975338 0.028336300110824726 0.1307889730451765 -0.067130139645320885 0.059635683654232406 -0.060148825689499391 -0.091458229787751519 -0.016895608993678781 0.14230939724627967 0.1281037121957988 0.12227104004613161 0.1210661030885703 0.12102886260975326
leaf_weight=33.051517652602342 2.4971844126118929 0.85967100469224456 0.36997212683348779 1.0270397906699602 0.59398140126054944 0.27988790540950859 3.8588531033333293 1.2607383565724606 3.5610234851736777 0.91302904724733469 2.177066329433841 14.802106980221422 117.51759161658322 1.6338001291951503 68.319831178347755 5.5668993920870662 0.42005332000553641 1.2730787193195283 0.1236381984908802 0.350839297006587 2.3510315460152924 0.1873516396517515 0.39770817354764165 0.097881791589315648 0.6240632270332751 0.95887673942411322 0.89602077080564868
leaf_count=525 184 416 132 430 2230 275 2613 893 2437 487 186 520 63827 135 41828 6299 8 429 146 220 112 10 334 13 545 3456 2967
internal_value=0.000386521 -0.0218292 -0.0425154 -0.120445 -0.0787032 0.00229528 -0.0237667 -0.00799855 0.0179197 -0.14428 0.0016137 -0.0121633 0.00499089 0.00592791 0.00418842 0.050821 0.0596667 0.00828616 0.0914609 0.0559506 -0.0612441 0.111174 0.122043 0.127348 0.123542 0.121718 0.121539
internal_weight=265.971 21.0439 16.7837 3.25486 2.88489 244.927 13.5288 11.0316 7.41988 1.94007 243.069 47.8536 195.215 193.038 185.837 7.2007 4.26024 2.13275 1.85799 0.944821 3.61177 2.12749 1.5781 1.45447 1.94014 1.05676 1.52008
internal_count=131657 14113 9738 3499 3367 117544 6239 6055 5050 917 113320 1045 112275 112089 105655 6434 4375 845 4224 2450 1005 3530 3949 3803 3520 3469 3512
is_linear=0
shrinkage=0.12


Tree=209
num_leaves=30
num_cat=0
split_feature=65 74 26 52 60 52 74 11 54 64 33 3 43 52 50 75 21 5 81 27 27 71 48 29 46 74 5 33 36
split_gain=0.747436 0.908641 1.22789 1.00692 1.9437 1.40195 1.02127 0.927509 1.04867 1.00704 0.888188 2.55146 1.53344 1.28021 1.1294 0.878631 1.03708 0.920413 1.26621 0.919036 0.849872 0.825109 0.753363 0.746577 0.586599 0.55089 0.542489 0.415217 0.282726
threshold=0.55416667461395275 0.22703996300697329 1.0000000180025095e-35 2.5882812738418584 2.6260416507720952 2.5635416507720952 0.20668867975473407 3.3531500101089482 0.11169065907597543 15.500000000000002 1.0592285990715029 106.83499908447267 5.7727394104003915 2.013541698455811 0.069928463548421874 1.0000000180025095e-35 1.3239874839782717 8.92449998855591 10.000000000000002 38.880989074707038 39.418869018554695 -4.9050512313842765 1.2614583373069765 2.5000000000000004 0.085690461099147811 0.51461768150329601 8.6405501365661639 0.37864999473094946 1.0000000180025095e-35
decision_type=2 2 2 2 2 2 2 2 2 2 2 2 2 2 2 2 2 2 2 2 2 2 2 2 2 2 2 2 2
left_child=15 2 3 5 20 6 -2 10 21 -10 11 -3 -13 25 -15 16 17 18 28 -18 -5 22 -9 -23 -6 -12 -17 -11 -1
right_child=1 7 -4 4 24 -7 -8 8 9 27 13 12 -14 14 -16 26 19 -19 -20 -21 -22 23 -24 -25 -26 -27 -28 -29 -30
leaf_value=0.13672861731558991 -0.0021875978850541145 -0.2674615829555308 -0.10122339692540763 -0.18660950797555784 0.11695894107717376 0.12935910229400477 -0.056954209770622974 0.11921767523559937 -0.035632925308817683 0.01950184840296908 0.10594648378576559 0.00016019978851881879 -0.12973568829748969 -0.068971985774933353 0.015332039397173963 0.026501302224640623 -0.095447746555941695 -0.022103564710635955 -0.027383167355410857 0.0072807826983918127 -0.064339219912797022 0.094320730518209162 -0.088523718439237314 -0.0033625397930823991 -0.0055045808158455953 0.038652189138074583 0.10733927550146379 0.10069082909781588 0.061745550117552471
leaf_weight=2.0991453883181084 159.48632213765643 0.54322383153749498 1.9275971199124331 1.0106615114518707 0.93969803240679572 1.1452525280922135 5.0586170085300628 0.29227444845864203 1.1407751989825667 1.0947692910352342 2.4640630247946564 31.428702766134464 1.3655550172583435 2.786069097003689 12.807803385701218 2.3138056012021471 2.0439770482607855 2.3991897977466579 1.3584497707024636 3.2448795902273559 4.3077384493490172 1.7218322873389675 1.796334989670697 3.2595100143963975 1.40590779370018 6.0596582779420487 2.4732009894087241 5.290716797534138 1.1054232992137261
leaf_count=680 74136 390 177 94 327 560 1290 820 461 1385 741 21382 598 1000 4939 565 461 60 145 521 1714 2597 1298 2400 916 3517 61 8230 192
internal_value=0.000361497 -0.00131318 -0.00597643 -0.00491734 -0.047441 -0.0029504 -0.00387129 0.0100313 0.0370437 0.0682181 0.00316889 -0.00952135 -0.00524867 0.0207105 0.000269916 0.0246719 0.0076378 0.0380682 0.069706 -0.0324206 -0.0875744 0.00385721 -0.0594529 0.0304023 0.0435568 0.0581058 0.0682661 0.0867713 0.110863
internal_weight=264.371 247.333 175.282 173.354 7.66401 165.69 164.545 72.0513 14.5962 7.52626 57.4551 33.3375 32.7943 24.1176 15.5939 17.0381 12.2511 6.96221 4.56302 5.28886 5.3184 7.06995 2.08861 4.98134 2.34561 8.52372 4.78701 6.38549 3.20457
internal_count=131657 128972 79214 79037 3051 75986 75426 49758 17191 10076 32567 22370 21980 10197 5939 2685 2059 1077 1017 982 1808 7115 2118 4997 1243 4258 626 9615 872
is_linear=0
shrinkage=0.12


Tree=210
num_leaves=18
num_cat=0
split_feature=23 85 35 27 35 68 7 82 40 22 1 1 0 1 4 45 46
split_gain=0.858515 0.850649 1.42968 2.01627 1.32091 1.02202 1.88419 2.29586 1.78793 1.21223 0.829732 1.09874 3.061 1.93825 0.771371 0.516634 0.336352
threshold=0.58280083537101757 0.93181428313255321 4.5244843959808358 46.360073089599616 2.6983066797256474 1.5000000000000002 12.166717529296877 0.62500000000000011 0.038196025416255004 9.2127752304077166 129.14500427246097 179.31000518798831 12.166500091552736 181.69499969482425 1.1828500032424929 0.2080042436718941 0.037356363609433181
decision_type=2 2 2 2 2 2 2 2 2 2 2 2 2 2 2 2 2
left_child=-1 2 3 4 -2 -3 8 -8 -7 -10 -4 12 -12 -13 16 -16 -5
right_child=1 5 10 14 -6 6 7 -9 9 -11 11 13 -14 -15 15 -17 -18
leaf_value=-0.019577251939616836 -0.049674666709830922 -0.0078740384590937629 -0.12596858662641894 0.11867708990224964 0.068721104774164654 -0.0498242371523843 0.06137009916492648 -0.029081968695455755 0.12250660364681895 -0.0077191093268873003 0.095179163072789313 -0.098729754449807375 0.0023126251839461912 0.0017275052690043514 -0.11829204463541836 -0.030745166220168381 -0.046503113912780364
leaf_weight=25.030716984078026 2.5198168258434617 12.431602427344613 0.71313686522674302 0.34214414632469914 2.9403816451085731 1.3255413378281575 7.1296248206435875 9.3271142765547648 6.3171022123383693 1.229697556219264 6.8858329199817971 2.8151145538396625 19.829387627075391 157.67027826632332 4.5222657812701073 1.2359324271747025 0.36893420246718733
leaf_count=530 560 521 318 45 188 579 407 432 12316 699 3919 534 2991 101485 5582 87 580
internal_value=0.00156101 0.00378785 0.000666772 -0.0396165 0.0140829 0.0203057 0.0341365 0.010105 0.078711 0.101287 0.0032241 0.00371626 0.0262489 -3.46407e-05 -0.0849398 -0.0995011 0.0329754
internal_weight=262.635 237.604 199.843 11.9295 5.4602 37.7607 25.3291 16.4567 8.87234 7.5468 187.914 187.201 26.7152 160.485 6.46928 5.7582 0.711078
internal_count=131773 131243 116289 7042 748 14954 14433 839 13594 13015 109247 108929 6910 102019 6294 5669 625
is_linear=0
shrinkage=0.12


Tree=211
num_leaves=37
num_cat=0
split_feature=48 0 0 11 21 0 48 1 21 6 1 15 57 27 5 16 6 56 40 48 56 17 33 32 12 21 53 27 58 22 80 69 18 1 78 53
split_gain=0.864891 1.08374 1.33888 1.10258 1.17855 1.39023 1.07147 1.94644 2.52683 2.14445 3.10364 1.54969 1.46051 1.04735 1.01415 0.959535 2.47279 1.28714 2.78573 1.23041 1.18876 1.05476 0.901791 0.877492 0.822075 0.816295 1.58411 0.774008 0.707477 0.698689 0.694588 0.680038 0.445522 0.33664 0.155741 0.0650228
threshold=0.91328126192092907 19.226449966430668 18.348899841308597 3.5931500196456914 1.2418583631515505 6.3612999916076669 1.0947916507720949 202.17499542236331 3.0791249275207524 9.7567501068115252 211.46500396728518 1.9528160095214846 -30.294350624084469 60.344934463500984 7.9835500717163095 1.0000000180025095e-35 7.651250123977662 0.19687499850988391 0.10709429904818536 1.7328125238418581 0.23229166865348819 1.5000000000000002 0.94369998574256908 0.20076638460159305 9.1714496612548846 1.7297999858856203 0.27236428856849676 79.452453613281264 0.72347310185432445 6.3486373424530038 0.37500000000000006 22.500000000000004 0.23932291567325595 454.86499023437506 1.0000000180025095e-35 -0.078178688883781419
decision_type=2 2 2 2 2 2 2 2 2 2 2 2 2 2 2 2 2 2 2 2 2 2 2 2 2 2 2 2 2 2 2 2 2 2 2 2
left_child=1 2 3 4 29 -6 7 11 9 10 -9 -2 -10 25 -4 16 22 18 19 -17 -19 -22 33 -5 -20 -3 28 -14 -27 -1 -24 35 -33 -8 -25 -13
right_child=6 13 14 23 5 -7 15 8 12 -11 -12 31 27 -15 -16 17 -18 20 24 -21 21 -23 30 34 -26 26 -28 -29 -30 -31 -32 32 -34 -35 -36 -37
leaf_value=0.037174571037181275 -0.041648197969539419 -0.0059750283799514898 -0.10712543985965436 -0.089118864897962752 0.10683194024984916 -0.016123408304919953 0.12335720325991262 -0.3711472742006996 -0.091879638288524718 -0.03517816876651092 -0.096850465680663175 0.080357338684098847 0.06952233845087169 0.078418104952413345 -0.0072499015629694206 0.084124730679165233 -0.091968846681659014 -0.12268294460638357 -0.0011701211001365209 -0.026998621754818174 -0.017431926189230212 0.0069024847180937576 -0.053593165456825576 0.13844321236880536 -0.11156088758542042 0.10886986325116363 -0.0058577488562241127 -0.063665715513876467 0.032162220551304577 -0.057103352608142671 0.095097755625962149 -0.082922926572283506 0.081592062797126247 -0.038480578232480786 0.033398354692786736 0.12196265442435682
leaf_weight=15.038002333793608 2.4167500857583972 10.247790646132904 2.6714903596564445 0.32526202214705735 1.3906110545212609 27.726923637544004 1.4253109486204478 0.6814458029676328 1.3327549394085734 8.6526587374355568 4.6294203411644048 0.73076384673481776 4.2105217864495463 5.3205936063507115 3.2390962645442869 10.529335939235226 5.1514947720261262 1.1713624327768446 12.990867565801123 1.6612031358304182 38.415255593831873 77.182737783046178 1.6990257686434236 1.5799651289829411 1.0499343037213851 4.2214643823983788 6.0895871524780887 0.73852066216494439 2.9352871332582708 1.2240878924412175 0.61657221504356119 0.50803020620672601 0.4443805120779416 0.21270488261416165 0.23324812763507896 2.0821130851426233
leaf_count=3616 46 531 548 43 2082 15325 2470 632 324 521 5746 373 5423 236 361 11083 191 365 7993 708 15856 45526 820 4556 652 388 520 235 409 697 370 603 944 70 292 1218
internal_value=0.00140348 0.0115856 0.00146947 0.00816909 0.00420102 -0.0102512 -0.00328702 -0.0255898 -0.0435858 -0.0720207 -0.132046 0.0333449 0.0196208 0.030343 -0.052392 0.000587934 -0.0371837 0.00299292 0.0270133 0.068982 -0.00240307 -0.00118427 0.0342006 0.0923736 -0.00942485 0.0194556 0.0391296 0.0496474 0.0774088 0.030078 -0.0140014 0.0814793 -0.00616271 0.102342 0.12493 0.111154
internal_weight=260.777 82.2434 53.4287 47.5181 45.3796 29.1175 178.533 26.4274 20.2453 13.9635 5.31087 6.18204 6.2818 28.8147 5.91059 152.106 9.10511 143.001 26.2313 12.1905 116.769 115.598 3.95361 2.13848 14.0408 23.4941 13.2463 4.94904 7.15675 16.2621 2.3156 3.76529 0.952411 1.63802 1.81321 2.81288
internal_count=131773 29604 27520 26611 21720 17407 102169 16065 12881 6899 6378 3184 5982 2084 909 86104 3921 82183 20436 11791 61747 61382 3730 4891 8645 1848 1317 5658 797 4313 1190 3138 1547 2540 4848 1591
is_linear=0
shrinkage=0.12


Tree=212
num_leaves=29
num_cat=0
split_feature=23 85 28 27 48 28 11 46 80 69 32 52 28 68 83 23 4 85 15 18 69 46 75 22 14 2 6 13
split_gain=0.693074 0.679458 1.25207 1.6612 1.16347 1.06499 1.01385 1.75766 1.18605 1.51991 1.12858 1.03984 1.54631 1.20118 0.935553 2.1374 0.841162 0.820172 1.39145 1.00993 1.95053 0.891178 0.69687 0.531154 0.449211 0.365833 0.0247426 0.00503803
threshold=0.58280083537101757 0.93181428313255321 4.5244843959808358 46.360073089599616 1.6989583373069765 2.6983066797256474 1.7196999788284304 0.13749277591705325 0.37500000000000006 2.5000000000000004 0.25542324781417852 2.3088542222976689 12.306562900543215 1.5000000000000002 1.0000000180025095e-35 1.3550181388854983 1.1828500032424929 0.91141429543495189 1.6102454662323 0.24010416120290759 6.5000000000000009 0.21652702987194064 1.0000000180025095e-35 2.9240584373474126 0.60028550028800975 0.48393000662326818 11.315050125122072 -1.6252999901771543
decision_type=2 2 2 2 2 2 2 2 2 2 2 2 2 2 2 2 2 2 2 2 2 2 2 2 2 2 2 2
left_child=-1 2 3 5 16 -2 8 14 11 -10 22 12 -3 -13 26 -16 -5 19 -19 20 -4 -21 -9 -6 -20 -12 -8 -11
right_child=1 6 17 4 23 -7 7 10 9 27 25 13 -14 -15 15 -17 -18 18 24 21 -22 -23 -24 -25 -26 -27 -28 -29
leaf_value=-0.017733535907710533 -0.046940966875202543 0.029778592744436259 0.0042284718268269707 0.028222543619844751 0.11623028486007651 0.061822649109995749 0.11520723786144578 -0.00059881158920759253 -0.019794818793383972 0.1086862403433618 0.11138593478261107 -0.10615167613674062 -0.062826833004156077 0.024102502602110307 -0.082411747020435119 0.088734368581270207 -0.12235410018839456 -0.13781845162578463 -0.020648581810989875 -0.0048756985818221143 0.067458297985372076 0.018886109915839944 -0.10078485036835758 -0.078569488853086511 0.132478563892305 -0.029318030138439415 0.13552876666815591 0.1227997638510874
leaf_weight=24.92036491959243 2.4397605768531019 9.7673845144295424 24.457557242647354 0.60735749985121845 0.55751175821353616 2.7663338937563822 1.9348036279804985 2.395326949680693 2.0303472290761411 0.4437192097975643 1.1585629392322685 2.9703357406815476 3.5366393513725702 1.552293480837079 1.4126922055584143 4.1016999646372767 4.4368921600936346 1.5390506580006325 0.76193833400611743 121.62503698142586 9.8567567046267595 27.951775961722859 1.7159977769135819 0.31569653541708931 0.43244689422766669 0.34542849212070326 1.5571264344616791 2.0325609637235971
leaf_count=530 560 1599 2725 457 281 188 2657 1360 118 26 1411 87 896 1219 28 3111 4135 15 31 63640 22532 19313 418 1421 991 359 31 1634
internal_value=0.00129394 0.00331425 0.000523095 -0.0385882 -0.0820851 0.0108522 0.0182499 0.0428145 0.00216739 0.0571678 -0.00987666 -0.0117369 0.00516108 -0.0614448 0.0756666 0.0448897 -0.104224 0.00285428 -0.0623949 0.00382417 0.0223912 -0.000435273 -0.0424148 0.0458031 0.0347936 0.0790698 0.124269 0.120271
internal_weight=259.623 234.703 197.748 11.1236 5.91746 5.20609 36.9549 14.6216 22.3333 4.50663 5.61532 17.8267 13.304 4.52263 9.00632 5.51439 5.04425 186.625 2.73344 183.891 34.3143 149.577 4.11132 0.873208 1.19439 1.50399 3.49193 2.47628
internal_count=131773 131243 116289 7042 6294 748 14954 9375 5579 1778 3548 3801 2495 1306 5827 3139 4592 109247 1037 108210 25257 82953 1778 1702 1022 1770 2688 1660
is_linear=0
shrinkage=0.12


Tree=213
num_leaves=32
num_cat=0
split_feature=48 82 14 85 27 28 1 46 28 12 50 65 52 40 27 27 49 75 23 71 60 42 22 74 68 48 1 45 6 82 54
split_gain=0.663126 1.0029 5.24128 2.28635 1.43533 1.22299 1.1007 2.17767 1.86039 1.80627 2.35658 1.36221 0.94423 1.8931 2.17931 2.5075 1.83279 1.14468 1.02167 1.09395 0.917902 0.910073 0.834974 0.794314 0.736522 0.640468 0.607204 0.421297 0.380956 0.237083 0.172655
threshold=0.91328126192092907 10.000000000000002 0.1380179971456528 0.6533571481704713 110.18841552734376 7.8279674053192148 256.30999755859381 0.13749277591705325 74.895435333251967 0.85800001025199901 0.19840497523546222 1.0140625238418581 1.5552083253860476 0.073790516704320921 49.279989242553718 52.50726509094239 0.36349906027317053 1.0000000180025095e-35 0.58280083537101757 -8.4643239974975568 0.46354167163372045 -5.9419958591461173 1.0000000180025095e-35 1.0000000180025095e-35 23.500000000000004 1.6322916746139529 162.17499542236331 0.2180329114198685 11.530000209808351 10.000000000000002 0.12520841509103778
decision_type=2 2 2 2 2 2 2 2 2 2 2 2 2 2 2 2 2 2 2 2 2 2 2 2 2 2 2 2 2 2 2
left_child=1 4 -3 5 6 -4 7 8 -1 -8 -11 -9 13 14 16 -16 17 -2 -14 20 23 -21 -23 -20 -17 29 -7 -22 -18 30 -15
right_child=12 2 3 -5 -6 26 9 11 -10 10 -12 -13 18 25 15 24 28 -19 19 21 27 22 -24 -25 -26 -27 -28 -29 -30 -31 -32
leaf_value=0.036031682363715296 -0.0011981448382453283 -0.14132372755619735 0.012771972036678158 -0.036265970314157708 -0.11818142290077993 0.25361396176917123 -0.026314566149681435 -0.15559916525873732 -0.02519195257610336 0.08504939014696429 -0.02352249347236815 -0.025293131031651931 -0.027228496953683533 0.12470957043590442 -0.32811702887209993 0.0037067219606997399 0.13067006292290603 -0.1096917921302035 -0.17934258091981931 0.10501927456168729 0.005069549443427428 -0.074567216187411689 0.0011609909399278233 0.01952239917633727 -0.10935039257557086 -0.039329659512387746 0.11144898816609526 0.099973907931359018 -0.022007226398232178 0.010651909347581485 0.019904063455464038
leaf_weight=28.350063740267728 3.7595789337217678 3.6750930612743096 1.8232235741024831 3.9616513690474449 1.1331786598975657 0.54167467296895244 4.4775497274927174 1.3543409239814517 9.5561730439606816 12.392052369863309 3.7499425863762346 7.8590843633990488 17.946874955189742 1.465650177481052 0.67695404669245807 1.1267689021574367 1.3069033114869055 2.2315562729354497 0.35561591914790724 1.1980513248163607 0.82992200654314263 2.1301315607859683 133.27654187188489 1.5492502156957924 3.1478748255335631 0.7629633488404578 2.1489479922923351 3.5751672216253496 0.28702040378993832 0.44865722415124754 0.26768582536891461
leaf_count=6948 1718 101 138 394 134 91 136 332 3763 8400 2797 4936 389 1821 322 698 1677 526 142 500 400 205 87743 1503 1173 581 1434 2350 7 206 208
internal_value=0.0011632 0.0101495 -0.021636 0.0302622 0.0157571 0.0886518 0.0179977 0.00787881 0.0205972 0.0411214 0.0598271 -0.0444477 -0.00296564 -0.0312704 -0.0516084 -0.113532 -0.011184 -0.0416095 -0.000241539 0.00314742 0.051997 0.000890989 -3.0317e-05 -0.0176033 -0.0795493 0.0553083 0.14007 0.0820939 0.103177 0.0883998 0.108524
internal_weight=257.366 81.023 12.1506 8.4755 68.8724 4.51385 67.7392 47.1197 37.9062 20.6195 16.142 9.21343 176.343 15.4816 12.5367 4.9516 7.58506 5.99114 160.862 142.915 6.30996 136.605 135.407 1.90487 4.27464 2.94496 2.69062 4.40509 1.59392 2.18199 1.73334
internal_count=131773 29604 2158 2057 27446 1663 27312 15979 10711 11333 11197 5268 102169 8937 6121 2193 3928 2244 93232 92843 4395 88448 87948 1645 1871 2816 1525 2750 1684 2235 2029
is_linear=0
shrinkage=0.12


Tree=214
num_leaves=37
num_cat=0
split_feature=18 13 82 68 54 25 46 30 74 46 22 15 30 32 40 32 46 46 58 52 74 18 56 13 13 30 46 64 18 44 54 52 68 58 75 67
split_gain=0.512829 1.14883 1.12741 1.93588 1.85652 1.54272 1.43618 2.12189 1.20362 1.12996 1.12266 1.20517 1.97041 1.02029 1.04517 1.01091 1.00026 1.39239 1.47164 2.76287 1.47104 2.18871 1.39084 1.17058 1.03871 1.0846 0.991733 0.851081 0.835798 0.714437 0.696316 0.908584 0.572492 0.385826 0.27148 0.527797
threshold=0.25442707538604742 -2.5172500610351558 0.37500000000000006 14.500000000000002 0.10056528821587564 1.0000000180025095e-35 0.14500847458839419 0.64531251788139354 15.824819564819338 0.18366584926843646 0.20852916687726977 1.3921459913253786 0.25078125298023229 0.21332029998302462 0.042854921892285354 0.21487037092447284 0.049182299524545676 0.25318141281604772 2.8713742494583134 2.138541698455811 0.22268351167440417 0.25703124701976782 0.94479167461395275 -1.8572999835014341 1.0911499857902529 0.31354166567325598 0.7422647774219514 42.500000000000007 0.24635417014360431 0.23020833730697635 0.10661589354276658 1.5760416984558108 5.5000000000000009 -1.1920058727264402 1.0000000180025095e-35 1.5000000000000002
decision_type=2 2 2 2 2 2 2 2 2 2 2 2 2 2 2 2 2 2 2 2 2 2 2 2 2 2 2 2 2 2 2 2 2 2 2 2
left_child=2 -2 4 8 5 13 30 9 15 -8 -5 -12 -13 14 -1 32 23 20 26 -20 21 -18 -22 -3 25 -25 -19 -26 -9 -15 -6 -32 -4 -17 35 -10
right_child=1 16 3 10 6 -7 7 28 34 -11 11 12 -14 29 -16 33 17 18 19 -21 22 -23 -24 24 27 -27 -28 -29 -30 -31 31 -33 -34 -35 -36 -37
leaf_value=-0.070727581659129624 -0.025046779441996549 0.059952325060636628 0.073083425204256883 0.04739636686353315 -0.077201232117089916 -0.13383811525981687 -0.073429424293272483 -0.10210575127962776 0.12622260564746271 0.064155601547491128 -0.061110360171818978 -0.081536187071863997 0.0074107438066420188 0.040643963240390428 0.051857805883140817 -0.031054805308794078 -0.15196949462702802 0.066460009809401879 -0.079046705278321694 0.094705595623534242 -0.015506758737864038 -0.014982726386843783 0.037375574045873342 -0.0885693157245354 0.056098621953930658 0.0016737978403317596 -0.081609760289266309 -0.039314684305846538 0.019694645228754616 0.1033497939272785 -0.028069232996748274 0.048033070144094983 -0.016200085071288693 0.12357965629897397 -0.19438339792472423 -0.11669104709052855
leaf_weight=1.4496248433552317 27.869177961015566 8.2129056963503917 1.8567942235817421 3.5303899393329621 0.88524385930913041 0.60727113107532282 1.1549914002373478 4.7187474391655542 0.18290039652119094 3.3606378163244415 9.0234140524221385 4.426183801802213 18.902140497837223 4.1120832245613581 3.2402766183570293 0.25130566728117143 1.7229102717693638 9.6204650576109429 3.8133106450246705 2.0137771773754025 12.914171640971547 66.737793837036747 16.07795021182099 2.4337758160290859 6.9602251278004115 9.0461450846491953 0.69866960328602168 1.6690374807558042 0.97970816681890927 7.1935558360694358 2.835949753392355 11.105881592808997 2.3342538461461686 3.0802775526956143 0.24371665498972561 0.43547579782125467
leaf_count=148 598 267 903 153 298 10 1089 1978 567 2541 304 3330 9086 1891 925 215 1528 7731 2337 2092 7773 31548 13188 683 5541 1980 351 1339 699 7181 1173 6192 1273 14058 51 752
internal_value=0.00105068 -0.002772 0.00860567 -0.00472758 0.0227787 0.0538953 0.00214774 -0.032477 0.0471854 0.0289646 -0.0168583 -0.0238701 -0.00946554 0.0610226 0.0139673 0.0625767 0.00160211 -0.00342814 0.0292108 -0.0189998 -0.00883585 -0.0184302 0.0138198 0.0217783 0.00618747 -0.017458 0.0564348 0.0376442 -0.0811652 0.0805425 0.0260001 0.0325529 0.0233559 0.111915 -0.0871187 -0.0448432
internal_weight=255.701 169.79 85.9108 44.2669 41.644 16.6028 25.0412 10.2141 8.38472 4.51563 35.8821 32.3517 23.3283 15.9955 4.6899 7.52263 141.921 113.599 16.1462 5.82709 97.4528 68.4607 28.9921 28.3221 20.1092 11.4799 10.3191 8.62926 5.69846 11.3056 14.8271 13.9418 4.19105 3.33158 0.862093 0.618376
internal_count=131773 76956 54817 30692 24125 10155 13970 6307 17819 3630 12873 12720 12416 10145 1073 16449 76358 66548 12511 4429 54037 33076 20961 9810 9543 2663 8082 6880 2677 9072 7663 7365 2176 14273 1370 1319
is_linear=0
shrinkage=0.12


Tree=215
num_leaves=44
num_cat=0
split_feature=34 48 80 68 34 58 71 18 28 60 54 71 58 65 71 49 40 65 27 65 40 27 80 81 59 34 13 44 5 85 61 33 21 77 22 27 74 61 50 80 27 71 65
split_gain=0.779355 1.2574 1.49129 1.13927 0.979035 0.996627 1.23364 1.15959 2.04544 1.39451 1.05503 0.897792 0.86921 1.7138 2.05588 1.04273 0.839012 0.805059 1.78023 0.924248 0.786756 0.995479 1.50243 0.838349 0.779344 0.77169 0.877405 0.76041 0.655288 0.639513 0.637511 0.527335 0.478502 0.139686 0.209356 0.126744 0.113471 0.033297 0.0302821 0.00295483 0.00169811 0.00128564 1.26896e-05
threshold=309.73571777343756 0.90104165673255932 1.0000000180025095e-35 14.500000000000002 349.85000610351568 1.7949976921081545 19999973.000000004 0.26796875894069677 155.01679229736331 8.6177082061767596 0.33886758983135229 3.0149201154708867 1.2579026222229006 8.9828124046325701 1.5613275170326235 -0.019187125377357003 0.13467264175415042 11.403645515441896 27.918496131896976 9.6927084922790545 0.099554125219583525 29.147934913635257 0.62500000000000011 1.0000000180025095e-35 1.0000000180025095e-35 335.49285888671881 -1.8572999835014341 0.45937500894069677 9.6265997886657733 1.0000000180025095e-35 -1.9212368726730344 0.37864999473094946 3.2695333957672124 1.0000000180025095e-35 0.66706666350364696 42.671756744384773 0.31684029102325445 0.083924580365419402 0.15491571277379992 1.0000000180025095e-35 21.822530746459964 -1.9432635307312009 9.6072916984558123
decision_type=2 2 2 2 2 2 2 2 2 2 2 2 2 2 2 2 2 2 2 2 2 2 2 2 2 2 2 2 2 2 2 2 2 2 2 2 2 2 2 2 2 2 2
left_child=1 2 35 33 11 12 7 8 -7 -9 16 25 17 15 -15 -14 -8 19 -19 -6 21 22 -5 29 27 26 -2 39 -23 -22 -4 -25 -29 34 -3 40 -32 -28 -12 -13 -1 -36 -42
right_child=4 3 30 20 5 6 10 9 -10 -11 38 24 13 14 -16 -17 -18 18 -20 -21 23 28 -24 31 -26 -27 37 32 -30 -31 36 -33 -34 -35 41 -37 -38 -39 -40 -41 42 -43 -44
leaf_value=0.13798473571895242 -0.082466618997012464 -0.047890221160384577 -0.17068069453106019 0.042533171324750527 -0.0073105888606128169 0.021817148009725267 -0.049027377608168166 0.0091083931734202012 0.12198642797710314 -0.071807777469504272 0.12658164611182143 0.10394723514012194 -0.092328943084060353 -0.046792870856096666 -0.24981815863983353 0.12340278566007974 0.02533798249657317 -0.15991448810479827 -0.0082248100391490737 0.029310820175883563 0.010679345540604781 0.06815338596126358 -0.13439165880192414 -0.0043533103071778014 -0.12753884905704058 0.12718158086696213 0.12252776464288315 -0.092938607419630226 -0.041746007278345341 -0.061019173195293881 -0.081828852236380853 0.12417627311608014 0.055813410147333702 0.20524431447450781 0.10635622605132292 0.032848432297251047 -0.0089941636721143463 0.051915816627903878 0.078327224346448676 0.12468187866656254 0.12185140058959802 0.12328806635834005 0.12386448986262928
leaf_weight=0.26550812403693003 1.256313974810837 0.11318529684649803 1.0673138627507799 1.9273627505079132 118.36528304523927 22.626031882092722 10.025676963562086 34.07291205247077 3.3731038252088572 3.370364160781036 0.50846228184218567 0.15985211812295608 0.43849833238436997 6.8216922098047519 0.80274047081263677 1.2209776901219676 2.7933934068304902 1.5539124551070234 3.9363079373700884 10.83203352893821 3.5284388055918026 8.6939895471377291 1.0775869898898236 0.85322464817528476 2.3470431709787363 0.61751464006849133 0.37796849392663046 1.4892306627701826 0.85841591795906502 3.6388482080219546 0.59344961484708825 0.99654465455665786 0.39373124647818247 0.25438585852202766 0.068216428255709505 0.31923831909421096 0.64039685623856712 0.12897880412299401 0.296463237527405 0.25985332643335823 0.086059017590287112 1.2102167426318002 0.094716848970492151
leaf_count=118 38 3 300 1180 44854 14651 6964 14884 4904 1685 511 408 145 3455 269 1687 2118 915 4338 5913 828 6806 376 110 203 434 938 578 41 796 471 557 861 150 1233 231 132 245 358 406 254 5682 364
internal_value=-0.00185243 0.017713 -0.0545051 0.0272507 -0.00410754 -0.00270534 0.00830802 0.0153437 0.034813 0.00182492 -0.0244547 -0.0481923 -0.00860068 -0.044115 -0.0681684 0.066398 -0.0328225 -0.0061527 -0.051158 -0.00424021 0.0199089 0.0393274 -0.0209128 -0.00713373 -0.0788771 0.0117358 -0.0286947 -0.0292775 0.0582774 -0.0257222 -0.10277 0.0648907 -0.0618343 0.123482 0.108536 0.09058 -0.0440258 0.104562 0.108809 0.116785 0.131877 0.122385 0.122906
internal_weight=254.355 26.2871 3.06668 23.2204 228.068 221.038 77.0664 63.4424 25.9991 37.4433 13.624 7.03049 143.971 9.28391 7.62443 1.65948 12.8191 134.688 5.49022 129.197 21.5744 12.5574 3.00495 9.01706 4.64971 2.38078 1.76326 2.30267 9.55241 7.16729 2.30116 1.84977 1.88296 1.646 1.39162 0.765522 1.23385 0.506947 0.804926 0.419705 0.446284 1.27843 0.180776
internal_count=131394 19632 1870 17762 111762 107651 46075 36124 19555 16569 9951 4111 61576 5556 3724 1832 9082 56020 5253 50767 10694 8403 1556 2291 2456 1655 1221 2253 6847 1624 903 667 1439 7068 6918 967 603 1183 869 814 736 6915 618
is_linear=0
shrinkage=0.12


Tree=216
num_leaves=19
num_cat=0
split_feature=43 75 14 21 11 50 42 4 11 52 56 65 4 52 53 10 58 14
split_gain=0.764372 0.677996 4.32399 2.27169 1.71275 1.54589 1.47304 1.05144 1.90934 1.79073 1.27851 1.24405 1.2651 0.624326 0.616367 0.580431 0.135581 0.0265975
threshold=-0.7428007423877715 1.0000000180025095e-35 -0.58035701513290394 0.13955000042915347 1.0752000212669375 0.47225356101989752 -7.4148828983306876 0.70269998908042919 3.5674500465393071 2.1635416746139531 3.5713542699813847 7.233854055404664 0.23975000530481341 2.6010416746139531 -0.080371297895908342 1.0000000180025095e-35 2.5227339267730717 -0.34645000100135798
decision_type=2 2 2 2 2 2 2 2 2 2 2 2 2 2 2 2 2 2
left_child=-1 3 -3 14 15 6 -6 11 10 -10 -9 13 -13 -5 -2 16 -4 -7
right_child=1 2 4 7 5 17 -8 8 9 -11 -12 12 -14 -15 -16 -17 -18 -19
leaf_value=-0.11713582069366552 -0.059740382032674628 -0.083941966615387914 0.11655038608007216 0.087378666357147305 -0.13940010372392686 0.15730055225437489 -0.0051171755831854555 0.0023315822795178394 -0.074288107433785208 0.035155823655320918 0.033093291311043993 -0.056247139119277263 0.034934305994722623 -0.097171144887983896 -0.015595735173111179 0.013816215693878888 0.064673223116584827 0.11862297378674583
leaf_weight=0.82208412832281297 9.0235952480193209 10.084395542099172 2.0988915392658778 5.7813357377482388 1.2021016199803387 0.37658401351654902 54.908700028689395 109.48893475221044 7.9120015342799075 2.9575633411799629 23.659926834005262 2.9340577361986382 8.6538859577624105 0.27659389787902444 9.1962485620465184 1.8226121570112352 1.108633417103192 0.79974132232621176
leaf_count=253 407 401 617 7322 395 4 28036 57475 4870 4049 13719 2056 9302 223 240 494 608 923
internal_value=-0.00161269 -0.00123625 -0.0110418 0.00271038 0.000755186 -0.00513983 -0.00799401 0.00723752 0.00385003 -0.0445089 0.00779779 0.0348848 0.0118472 0.0789525 -0.0374589 0.0678922 0.0986198 0.131005
internal_weight=253.108 252.286 72.4017 179.884 62.3173 57.2871 56.1108 161.664 144.018 10.8696 133.149 17.6459 11.5879 6.05793 18.2198 5.03014 3.20752 1.17633
internal_count=131394 131141 31478 99663 31077 29358 28431 99016 80113 8919 71194 18903 11358 7545 647 1719 1225 927
is_linear=0
shrinkage=0.12


Tree=217
num_leaves=29
num_cat=0
split_feature=43 18 1 18 18 18 62 53 32 60 22 71 71 71 38 0 32 69 68 32 70 1 56 75 32 27 32 0
split_gain=0.616248 0.595803 0.939755 1.99528 1.78359 1.42216 2.00841 1.59999 1.21133 1.09237 1.23527 1.01474 2.61579 1.37917 0.80895 0.7167 0.903186 1.50928 0.978674 0.991435 0.908565 0.813955 0.541321 0.465121 0.439575 0.423067 0.556395 0.00146385
threshold=-0.7428007423877715 0.24921874701976779 296.65499877929693 0.25885416567325598 0.2598958313465119 0.25703124701976782 0.88544082641601574 0.026403341442346576 0.50777253508567821 5.1697914600372323 1.0000000180025095e-35 0.77105653285980236 0.68827751278877269 1.2383639216423037 1.0000000180025095e-35 6.2597501277923593 0.21166560798883441 33.500000000000007 5.5000000000000009 0.20834346115589145 1.0000000180025095e-35 163.69499969482425 4.0906250476837167 1.0000000180025095e-35 0.3467837274074555 105.62924957275392 0.20834346115589145 6.1632001399993905
decision_type=2 2 2 2 2 2 2 2 2 2 2 2 2 2 2 2 2 2 2 2 2 2 2 2 2 2 2 2
left_child=-1 15 5 9 14 6 7 -3 -6 10 -4 12 -7 -13 -5 25 18 20 19 -17 -18 -20 -8 -11 -19 26 -2 -28
right_child=1 2 3 4 8 11 22 -9 -10 23 -12 13 -14 -15 -16 16 17 24 21 -21 -22 -23 -24 -25 -26 -27 27 -29
leaf_value=-0.10697488435583469 0.011369254260531723 -0.051002966499259686 -0.10427897500465427 -0.031020612869063158 0.040223396970005501 -0.019595420156234142 0.052275861673339051 -0.1709270498867724 -0.0056251419602337824 0.10918452711693791 0.10368963629919296 0.083012813727130874 -0.21074691680249458 -0.0030852204067067391 -0.19630649905930278 -0.011994774304886265 0.015021479580314434 0.1302727374044349 0.0071692480777193765 0.13082476078705202 -0.025415780829372292 -0.068629140103675879 -0.072232313430444242 -0.099315301745534865 0.049916907954263859 -0.079453783256150892 0.12263404338851809 0.1301921729789399
leaf_weight=0.79400623978543095 1.0006690902659725 6.5517090969013889 0.44499424859350156 0.78801180731056664 10.476199191015921 23.24882811188434 2.7184034171484082 2.1205284826909292 39.910563575933566 0.1970654690812238 5.4272946423093913 2.7675514773081877 1.0787158981761411 83.864693616582656 0.92917451525875094 2.1947253070072743 39.631065393441318 1.6696622263315237 3.0625165994046295 1.0276584379452058 10.025204307246041 6.1104951019049167 0.61694914841723392 0.70615499948507932 2.3743412473451144 0.25799454558659807 1.0357762865540534 0.57321811410446333
leaf_count=253 491 2817 25 345 6095 9487 2255 1606 22237 1950 6269 1387 260 31815 397 1089 19866 2349 1251 66 5090 1107 690 663 6421 208 4729 176
internal_value=-0.00142424 -0.0010901 -0.00469187 0.00777475 -0.000191192 -0.0106612 -0.0498909 -0.0803267 0.00390749 0.0690332 0.0879301 -0.00641589 -0.0280713 -0.000334735 -0.120457 0.00840728 0.00585917 0.0125986 -0.023338 0.0335522 0.00685752 -0.043323 0.0292452 -0.0538246 0.0830937 0.0671378 0.08163 0.125327
internal_weight=251.604 250.81 181.847 58.8795 52.1039 122.967 12.0076 8.67224 50.3868 6.77551 5.87229 110.96 24.3275 86.6322 1.71719 68.9633 66.0957 53.7003 12.3954 3.22238 49.6563 9.17301 3.33535 0.90322 4.044 2.86766 2.60966 1.60899
internal_count=131394 131141 88298 37981 29074 50317 7368 4423 28332 8907 6294 42949 9747 33202 742 42843 37239 33726 3513 1155 24956 2358 2945 2613 8770 5604 5396 4905
is_linear=0
shrinkage=0.12


Tree=218
num_leaves=39
num_cat=0
split_feature=50 75 0 69 14 18 14 56 53 13 71 27 65 78 69 57 65 27 79 64 43 26 53 34 64 40 53 28 70 60 54 1 50 23 32 61 65 1
split_gain=0.575124 1.08863 2.28648 3.39237 2.0095 1.50597 1.82686 1.73439 1.22017 2.28452 1.54193 1.63499 2.13284 1.50433 2.28367 1.62527 1.01697 1.04181 0.912008 1.05876 0.93342 0.904795 0.760079 1.21786 0.726237 0.725805 0.715784 0.614683 0.589548 0.47958 0.437903 0.422619 0.412248 0.300505 0.0576662 0.00575615 0.00379307 0.00174948
threshold=0.12494236230850221 1.0000000180025095e-35 4.5062499046325692 25.500000000000004 -0.58035701513290394 0.28645832836627966 1.3833744525909426 6.1156251430511483 0.11061252281069757 -2.5172500610351558 0.748508781194687 27.918496131896976 9.1656250953674334 1.0000000180025095e-35 7.5000000000000009 -33.816699981689446 11.403645515441896 22.232343673706058 1.0000000180025095e-35 8.5000000000000018 3.7217733860015874 1.0000000180025095e-35 0.37667971849441534 336.99284362792974 36.500000000000007 0.053147545084357269 0.093781851232051863 11.326558589935305 1.0000000180025095e-35 8.7312502861022967 0.070753555744886412 171.02500152587893 0.21518369764089587 1.8363575339317324 0.21166560798883441 -2.1138625144958492 2.0010416507720952 229.22000122070315
decision_type=2 2 2 2 2 2 2 2 2 2 2 2 2 2 2 2 2 2 2 2 2 2 2 2 2 2 2 2 2 2 2 2 2 2 2 2 2 2
left_child=1 8 3 -3 -4 7 -7 -6 10 -10 11 12 -1 15 -15 -11 17 -12 20 -20 21 22 24 -24 -2 34 -22 33 -29 -18 -13 -5 35 -27 -21 -28 -36 -33
right_child=18 2 4 31 5 6 -8 -9 9 13 16 30 -14 14 -16 -17 29 -19 19 25 26 -23 23 -25 -26 27 32 28 -30 -31 -32 37 -34 -35 36 -37 -38 -39
leaf_value=-0.033538370811925164 0.011298250428719795 -0.48704667550805808 -0.082532259592172169 -0.098687490142107995 0.024649480147049985 -0.056189267403461307 0.044728470021515518 -0.11173286482006041 -0.027752796157903603 0.16720520712550005 0.084040590068795537 0.054021235056335985 -0.30928724174848871 0.59285664621976819 0.097685135233887777 0.027170879059923728 0.1212479612808734 -0.005936038737677481 -0.17526645458901974 0.06218430825072685 0.02700391991236651 -0.1227586255375664 0.060170205761618988 -0.038817061534657346 -0.012121975892724412 0.059481386128601224 -0.12588770261045362 0.13325704039938591 0.030950616588573159 -0.066102422559160018 -0.038178665881919024 0.096514308824581174 -0.015850885540455391 -0.029714116140703236 0.14304760569175243 -0.14049967586136389 0.12206940683385534 0.12028854305109872
leaf_weight=0.87689722285382632 46.226774766075636 0.37473041902376181 5.9357419299117273 0.41878096011214438 18.489116532285212 12.325088094791338 3.2679206941470502 1.4478983364443809 9.9100012647322746 1.26919379697751 1.911691478260592 0.81269967208922267 0.7488599984678217 0.17039376830871233 0.62995992008202961 20.009337307310503 1.3572403456442987 60.419645049319627 0.31043921752836823 0.25221570409177996 0.89568233504974104 0.79805144544241002 7.598913278048343 2.3412247563246904 32.449629926867829 0.71301397716160897 0.77098835059041493 1.2087246790904376 2.4656559212327807 0.23010657243855792 8.5013756132687188 0.066273233889546646 0.59609151203244426 2.2933785140472054 0.13515928387641896 0.78196566950032298 1.5186211238065395 0.13611398513296535
leaf_count=265 22345 102 231 131 9668 352 4090 958 172 702 779 671 412 19 1378 21253 2070 20337 516 256 212 113 5396 1028 18130 43 409 2391 2398 247 3748 234 560 1563 1 200 7327 687
internal_value=-0.00122681 -0.00596266 -0.0222167 -0.201898 -0.0179013 -0.00710383 -0.0350393 0.0147449 0.000496796 0.0201137 -0.00788597 -0.0495154 -0.160554 0.0415983 0.203106 0.0355235 -0.000760993 -0.00317647 0.0057496 0.0424443 0.00221853 0.00444345 0.00558899 0.0368555 0.00163871 0.0503152 -0.0631208 0.0316805 0.0646053 0.0940891 -0.0301338 -0.0298779 -0.100683 -0.00855998 0.115633 -0.133245 0.123784 0.112503
internal_weight=250.666 149.309 42.4617 0.995899 41.4658 35.53 15.593 19.937 106.847 31.9889 74.8585 10.9398 1.62576 22.0789 0.800354 21.2785 63.9187 62.3313 101.357 8.89721 92.4593 89.4146 88.6165 9.94014 78.6764 8.58677 3.04473 6.68077 3.67438 1.58735 9.31408 0.621168 2.14905 3.00639 1.906 1.55295 1.65378 0.202387
internal_count=131394 68506 16453 1154 15299 15068 4442 10626 52053 23524 28529 5096 677 23352 1397 21955 23433 21116 62888 14495 48393 47012 46899 6424 40475 13979 1381 6395 4789 2317 4419 1052 1169 1606 7584 609 7328 921
is_linear=0
shrinkage=0.12


Tree=219
num_leaves=18
num_cat=0
split_feature=43 74 22 13 87 65 49 71 49 6 4 64 85 32 62 32 46
split_gain=0.477598 0.552141 0.572037 0.450513 2.16206 0.92792 0.729886 1.45899 0.802413 0.537415 0.497112 0.192276 0.177262 0.0674848 0.0318524 0.011747 0.000627139
threshold=-0.7428007423877715 16.552578926086429 2.8381249904632573 -2.5172500610351558 0.00082857141387648891 0.29270832240581518 0.27008983492851263 19999973.000000004 0.26744636893272405 11.153749942779543 2.8658000230789189 24.500000000000004 0.38612499833107 0.2179861590266228 2.6887158155441289 0.20634794980287555 0.11619465798139574
decision_type=2 2 2 2 2 2 2 2 2 2 2 2 2 2 2 2 2
left_child=-1 3 14 4 -2 9 8 -8 -7 10 -5 15 13 -13 -3 -4 -17
right_child=1 2 11 5 -6 6 7 -9 -10 -11 -12 12 -14 -15 -16 16 -18
leaf_value=-0.096171823104730061 0.0077486495273220296 0.090182773788030898 0.039066006720741564 -0.069640241905381844 -0.046811977945825159 -0.0044635129735832411 0.014925330157810075 -0.047067768072402878 -0.11114704286602649 0.13084363494545578 0.06957811091160053 -0.11586752629724074 0.098089076001194458 -0.01856370814588653 0.12898844200635604 0.1013931326300689 0.12113528846125608
leaf_weight=0.75796743406664191 28.742605420488871 0.53946382652020364 0.038544687271496403 0.53978046128398149 16.440888361940551 125.28982053691711 66.160338035506626 5.9591423043004843 1.0235267141160296 1.1823315862493471 1.1696646009453386 0.32057845413601171 0.091150731732909662 0.15097524306150945 0.69958489012208247 0.032168734577297187 0.082835720489057962
leaf_count=253 570 332 140 402 432 59670 57373 7415 474 44 606 114 546 1628 359 457 579
internal_value=-0.00106189 -0.000771744 0.0627443 -0.00127555 -0.0121043 0.00115475 0.000171275 0.00980292 -0.00532798 0.0686406 0.025618 -0.0226241 -0.0551025 -0.0847142 0.112093 0.0963978 0.115613
internal_weight=249.221 248.463 1.9553 246.508 45.1835 201.325 198.433 72.1195 126.313 2.89178 1.70945 0.716254 0.562704 0.471554 1.23905 0.153549 0.115004
internal_count=131394 131141 4155 126986 1002 125984 124932 64788 60144 1052 1008 3464 2288 1742 691 1176 1036
is_linear=0
shrinkage=0.12


Tree=220
num_leaves=37
num_cat=0
split_feature=30 14 28 70 78 85 40 77 14 38 7 28 30 46 57 47 21 21 85 5 5 14 75 7 40 18 77 21 23 5 85 30 85 28 22 54
split_gain=0.834319 1.44303 2.17623 2.73579 3.0105 1.78093 1.1927 1.1163 4.4285 1.5425 1.28341 1.08434 1.52174 1.08093 1.07063 0.972552 1.04707 0.984014 0.84377 1.08979 1.56641 1.43458 0.817338 0.904317 0.772708 0.704865 0.690076 0.835253 0.623371 0.729536 0.500519 0.430471 0.415443 0.280354 0.142136 0.00707415
threshold=0.748958319425583 -0.34645000100135798 57.515069961547859 1.0000000180025095e-35 1.0000000180025095e-35 0.8050571382045747 0.11781758069992067 1.0000000180025095e-35 -0.82713100314140309 1.0000000180025095e-35 13.39701557159424 5.3506467342376718 1.1333333253860476 0.42191424965858465 0.55613121390342724 1.0000000180025095e-35 2.2016540765762334 0.13955000042915347 1.1805714368820193 6.2355999946594247 5.8652999401092538 0.25207699835300451 1.0000000180025095e-35 4.0665884017944345 0.14774912595748904 0.28229166567325598 1.0000000180025095e-35 3.4128249883651738 1.1161716580390932 9.4421997070312518 0.46407499909400945 0.49479167163372045 0.50248572230339061 4.5244843959808358 0.37656250596046453 0.16599428653717044
decision_type=2 2 2 2 2 2 2 2 2 2 2 2 2 2 2 2 2 2 2 2 2 2 2 2 2 2 2 2 2 2 2 2 2 2 2 2
left_child=7 -2 5 26 6 11 -5 13 -9 10 33 14 -13 18 -3 16 -7 -17 19 20 -1 -21 23 -20 25 30 27 -4 -11 -30 -15 -27 -26 -10 -28 -24
right_child=1 2 3 4 -6 15 -8 8 9 28 -12 12 -14 24 -16 17 -18 -19 22 21 -22 -23 35 -25 32 31 34 -29 29 -31 -32 -33 -34 -35 -36 -37
leaf_value=-0.0077583114754804974 -0.035092008775659191 -0.12348401770563314 0.13336007838963965 0.12660382883252277 -0.12646491067498306 0.024177005908062193 0.0067008737944671314 -0.10240102380908039 0.0086772401886653153 0.17341450924687124 -0.039582053167628972 -0.0062598788375430635 -0.084544864666422997 -0.011233375736813867 0.12264181867589023 -0.054231891517168028 -0.060829517026468376 0.098472174692190009 -0.064348856861870182 0.00050847211430034734 -0.088033435112150532 0.034933243423697073 0.1128795614837428 0.046063647947931247 0.091607577637525583 -0.058427592605052196 -0.12700850517300252 0.037490413005069168 0.125689782213042 -0.067468170221215998 -0.12670012183080481 -0.16063752369969184 -0.026404688948079312 0.10609518868939025 0.0076221466032212774 0.12926893931821126
leaf_weight=33.54310988729577 24.729096577607038 2.9239527271187771 4.4614206857529526 1.5391115254795975 2.246580455412527 6.6478254149956211 5.3375911624212051 2.4284393769848966 0.52547197622265995 2.468429042026401 1.953191305092332 13.841297295881022 4.8209414842356173 3.3455362119526897 0.27876322554857313 0.75501995021477286 3.0410839922024024 3.1135070732563008 1.351459333197538 83.557319059437987 3.90812405862789 22.027284587712217 0.78853800013172282 5.0961697798167336 0.82121576331707025 1.1237958871423077 0.18471491814125318 1.8518118785386546 1.0519137362716717 0.38448407733812917 0.64477797598090081 1.2571198723050541 0.9006756641232414 2.2335649516727472 0.29053614214967638 0.73062159654034531
leaf_count=60601 582 4043 9320 3475 512 2979 5363 57 163 16 26 3382 1054 2299 105 19 809 3186 861 2592 3035 13765 459 1247 342 565 4 5095 2036 14 291 458 290 1402 715 229
internal_value=-0.000830488 -0.0112781 0.00019374 0.0370584 -0.00586298 -0.0163659 0.033537 0.00384021 0.0407297 0.0810665 0.0348495 -0.0375534 -0.0264829 0.00127909 -0.102061 0.0178046 -0.00250422 0.0686689 0.00356899 0.001452 -0.0161352 0.00769024 0.0415776 0.0229206 -0.0414462 -0.0607224 0.094742 0.105239 0.13684 0.0739867 -0.0298912 -0.112394 0.0298785 0.0875415 -0.0447045 0.120762
internal_weight=246.204 76.0633 51.3342 15.9118 9.12328 35.4224 6.8767 170.141 11.0455 8.61706 4.71223 21.865 18.6622 159.096 3.20272 13.5574 9.68891 3.86853 151.003 143.036 37.4512 105.585 7.96679 6.44763 8.09312 6.37123 6.78848 6.31323 3.90483 1.4364 3.99031 2.38092 1.72189 2.75904 0.475251 1.51916
internal_count=131391 40643 40061 24484 9350 15577 8838 90748 3714 3657 1591 8584 4436 87034 4148 6993 3788 3205 82789 79993 63636 16357 2796 2108 4245 3613 15134 14415 2066 2050 2590 1023 632 1565 719 688
is_linear=0
shrinkage=0.12


Tree=221
num_leaves=32
num_cat=0
split_feature=28 32 70 40 13 2 7 5 46 56 46 6 23 85 76 32 21 60 82 45 80 56 4 81 4 11 54 22 40 10 46
split_gain=0.678631 2.31224 1.68798 2.78058 1.33815 1.86361 1.28665 2.25167 1.14655 1.60231 1.02276 1.00002 0.951806 0.99823 1.59417 2.059 1.60947 1.30731 1.60864 1.3016 0.934879 0.853817 0.804214 0.726474 1.26741 0.856455 0.751308 0.639248 0.355245 0.1525 0.029483
threshold=93.562519073486342 0.38622893393039709 1.0000000180025095e-35 0.15107164531946185 -1.6252999901771543 0.85196998715400707 10.83618211746216 7.3097500801086435 0.072814505547285094 2.607291698455811 0.077337730675935759 11.315050125122072 1.3550181388854983 0.84485715627670299 1.0000000180025095e-35 0.22794885933399203 2.4641416072845463 2.2260416746139531 0.37500000000000006 0.11441413313150407 1.0000000180025095e-35 0.36406250298023229 3.8694499731063847 1.0000000180025095e-35 2.2781499624252324 0.69580000638961803 0.32641787827014929 1.8985333442687991 0.060254324227571494 1.0000000180025095e-35 0.12770815193653109
decision_type=2 2 2 2 2 2 2 2 2 2 2 2 2 2 2 2 2 2 2 2 2 2 2 2 2 2 2 2 2 2 2
left_child=1 12 3 8 -4 6 22 -8 9 27 28 -11 20 14 16 -16 -14 19 -19 -15 -1 -12 -6 24 26 -25 -5 -2 -10 -27 -7
right_child=2 -3 4 23 5 30 7 -9 10 11 21 -13 13 17 15 -17 -18 18 -20 -21 -22 -23 -24 25 -26 29 -28 -29 -30 -31 -32
leaf_value=-0.00050217698121733797 0.051577466448363821 -0.18363728434768598 -0.043935554389934427 0.096715207350456786 0.1208473383313346 -0.12140474851397504 -0.084805973124653766 0.048163296524670017 -0.048237437789743605 0.011510776688090953 -0.018887337264178714 -0.13113715334265508 -0.0061103205552848596 0.0047430022411098071 -0.0033298284297980604 0.10357469225742914 -0.060997186217536525 -0.0498119342116356 0.049687164590540289 0.066666701516774063 -0.038646147231205054 0.013094908578551563 -0.017960146772798898 0.36645704979604071 -0.018002348202725525 0.04173898178753991 -0.027776667185073618 0.12812929766363002 -0.15058189817651318 0.1398324708763892 -0.090398839392579519
leaf_weight=17.003059527293772 4.9723169443154713 1.0508947273199272 14.679576027874647 6.6994788893159178 2.5967913706508754 0.87936475208328946 2.8637190232054763 5.0993571462628324 1.6023851626330405 4.8062098304218068 18.223110544831812 0.82988330595799187 47.396099973133801 9.1865339372089974 7.3927056539652636 3.9970339340706005 9.1839719657483538 6.7063121791414897 3.5936319414835509 10.446018140149617 20.298697019615474 35.312776178075048 0.78206094025290429 0.22754940690356207 2.3067412699592751 0.32577459614021342 0.77926712315809243 2.2961823521621909 0.70249434028642088 0.76211356588106582 0.8871355382245838
leaf_count=417 472 174 389 4193 13056 306 468 836 1126 3113 15828 21 23068 2829 2177 5063 7529 2397 2679 8895 390 26189 43 4 468 1179 393 6408 157 809 315
internal_value=-0.000699909 -0.00632593 0.0064221 0.0152874 -0.0190514 0.00881537 0.0266719 0.00034426 0.00628866 0.038526 -0.00116127 -0.00949334 -0.00494775 0.00126708 -0.00677399 0.0341865 -0.0150195 0.0195265 -0.0150969 0.0376911 -0.0212592 0.00220845 0.0887193 0.0710141 0.0597588 0.154742 0.0837435 0.0757609 -0.0794306 0.110458 -0.105834
internal_weight=243.889 136.255 107.634 79.8463 27.788 13.1084 11.3419 7.96308 68.7454 12.9046 55.8408 5.63609 135.204 97.9023 67.9698 11.3897 56.5801 29.9325 10.2999 19.6326 37.3018 53.5359 3.37885 11.1009 9.78549 1.31544 7.47875 7.2685 2.30488 1.08789 1.7665
internal_count=131391 55618 75773 60360 15413 15024 14403 1304 53314 10014 43300 3134 55444 54637 37837 7240 30597 16800 5076 11724 807 42017 13099 7046 5054 1992 4586 6880 1283 1988 621
is_linear=0
shrinkage=0.12


Tree=222
num_leaves=46
num_cat=0
split_feature=27 48 15 33 70 22 48 77 23 43 70 48 7 82 45 50 87 6 13 52 11 57 21 22 22 52 32 81 4 12 22 11 84 86 12 5 82 48 1 4 27 50 48 48 53
split_gain=0.639743 1.20642 1.64186 1.13327 1.28527 1.17823 1.08826 0.976266 2.50438 1.56961 0.960155 1.71907 1.23837 0.916424 0.906331 1.54014 3.15396 1.81502 1.56426 1.07295 1.04168 0.949205 0.994243 0.831475 3.41008 1.68454 0.830962 0.790366 1.01339 1.04123 1.00775 0.718857 0.681058 0.676083 0.636194 0.761959 0.709207 0.719874 0.563584 0.473002 0.442446 0.332619 0.325895 0.2778 0.110606
threshold=73.663848876953139 1.4382812380790713 1.6102454662323 0.9592857062816621 1.0000000180025095e-35 0.54577499628067028 1.6739583015441897 1.0000000180025095e-35 0.86253532767295849 0.13382228463888171 1.0000000180025095e-35 1.3867187500000002 12.166717529296877 0.62500000000000011 0.56280341744422924 0.19655697047710421 0.025385714136064056 11.860249996185305 -1.9763500094413755 2.3213542699813847 2.2012499570846562 -2.4606997966766353 0.13955000042915347 3.7450124025344853 3.8143666982650761 1.9757812619209292 0.51138681173324596 1.0000000180025095e-35 1.9704499840736391 0.37340000271797186 3.6273167133331303 1.0752000212669375 1.0000000180025095e-35 1.0000000180025095e-35 8.0988497734069842 6.1178500652313241 0.62500000000000011 1.7385416626930239 232.29499816894534 1.2552999854087832 152.29668426513675 0.16503146290779117 1.369791626930237 1.5635416507720949 0.1881993114948273
decision_type=2 2 2 2 2 2 2 2 2 2 2 2 2 2 2 2 2 2 2 2 2 2 2 2 2 2 2 2 2 2 2 2 2 2 2 2 2 2 2 2 2 2 2 2 2
left_child=7 2 -2 4 5 -4 27 14 -9 26 11 -5 -12 -6 19 16 17 -16 -18 23 -17 32 -23 25 -25 -1 31 28 39 -30 44 -10 -21 -22 35 38 41 -38 -8 -3 -37 -36 -28 -32 -29
right_child=1 6 3 10 13 -7 34 8 9 -11 12 -13 -14 -15 15 20 18 -19 -20 21 33 22 -24 24 -26 -27 42 30 29 -31 43 -33 -34 -35 36 40 37 -39 -40 -41 -42 -43 -44 -45 -46
leaf_value=0.0073653198156834604 -0.068456952465118695 0.028956080146096047 -0.084739266064403199 -0.029310678674660549 0.083168586780288892 0.11639005605688019 0.0075477146795700136 -0.081479013713119483 0.10875346630831585 -0.084969905333914686 0.0614810139235685 -0.1725013254458804 -0.056003487852865109 -0.052395390189745802 0.093594617882928374 0.10635151100678435 -0.086254381792914739 -0.079402804438108543 -0.00068192391191993764 -0.060295915658731783 -0.050860511707789942 -0.07505552885189129 0.062471986011021323 -0.19129179685764783 0.0016056252992866572 0.050468053231129351 0.16212048403782045 0.11545478861949947 -0.13298322654652719 0.0016706620922507991 -0.02829308280418924 0.01196620766161265 0.027604872821013701 -0.18990722570124388 0.099809983177462661 -0.013033566142734505 -0.22321844800138124 -0.056188488009399989 0.099326216962475095 0.097894784233511473 -0.074561949306744327 -0.058565645892062715 0.076275937990834514 0.086435905138528668 0.17872913280403277
leaf_weight=64.295682953907658 9.6860544998477121 4.9054410547875085 0.49450576445815686 9.682355739891479 0.96925747815453211 2.7618817634349284 3.2848481516240389 1.9965287665545464 1.9334672164503652 0.86414184156308227 3.2383045300593372 1.3793236151423105 2.149569293444074 2.7709055268238956 6.0702727953071358 0.59020208064435919 4.6722745097472389 1.0200507631525395 9.0044376231886911 8.0454182071159686 11.565493096933491 1.0452036770329862 2.7448856845294642 1.3826627543221643 28.978980337064122 16.383819596852959 2.0341782925494276 0.81574632501906241 0.9119002247450102 8.8749504407287514 0.98009098938742034 2.5789255324350506 1.5070521466078339 0.52646999940964256 0.38269965889867252 12.154155295827534 0.60219688755111611 0.97015710306044411 1.3633566198683409 2.0247164399140729 1.953438292890836 0.38112650800803749 0.92703296072443198 0.44050669507120688 0.77649605810699995
leaf_count=10484 204 3430 11 2773 1357 6427 2292 58 610 334 2195 474 123 1497 11009 260 107 13 8561 2321 7961 47 3336 438 38053 3349 678 402 56 3567 1719 1708 874 221 802 2570 447 1084 4774 2266 161 565 326 1222 225
internal_value=-0.000581679 -0.00988327 -0.0268959 -0.00972614 0.0307267 0.0858471 0.00392463 0.00350883 0.0392405 0.0681476 -0.0269321 -0.0471657 0.0146089 -0.0172642 0.00116926 -0.0163661 0.00375622 0.0687063 -0.0299154 0.00588487 -0.0493164 -0.0262674 0.0245456 0.00974823 -0.00717888 0.0161183 0.085852 0.0241827 0.0139864 -0.0108759 0.0807577 0.0534376 -0.0464282 -0.0569144 -0.0150252 -0.00766984 -0.0740768 -0.120159 0.0344671 0.0490972 -0.0215532 0.0207853 0.135246 0.00728271 0.146312
internal_weight=242.121 73.954 33.1322 23.4461 6.99655 3.25639 40.8218 168.167 10.3343 8.33775 16.4496 11.0617 5.38787 3.74016 157.833 33.4492 20.767 7.09032 13.6767 124.384 12.6822 13.3426 3.79009 111.041 30.3616 80.6795 7.4736 19.7298 16.717 9.78685 3.01284 4.51239 9.55247 12.092 21.092 18.7558 2.33618 1.57235 4.6482 6.93016 14.1076 0.763826 2.96121 1.4206 1.59224
internal_count=131391 40643 15061 14857 9292 6438 25582 90748 3714 3656 5565 3247 2318 2854 87034 28132 19690 11022 8668 58902 8442 6578 3383 52324 38491 13833 3322 12887 9319 3623 3568 2318 3195 8182 12695 9797 2898 1531 7066 5696 2731 1367 1004 2941 627
is_linear=0
shrinkage=0.12


Tree=223
num_leaves=28
num_cat=0
split_feature=61 56 18 53 65 82 74 74 54 49 49 74 48 80 6 23 27 0 11 6 60 53 75 48 11 49 62
split_gain=0.599347 0.732639 0.707178 0.543379 0.536935 1.0577 0.585446 1.49529 1.07872 1.11089 2.10955 1.60896 1.02616 0.935198 3.22181 1.57255 0.610665 0.52796 1.42821 0.526362 0.453433 0.469805 0.36795 0.266257 0.145119 0.108955 0.0579903
threshold=4.1694002151489267 0.29739584028720861 0.30729167163372045 0.063173871487379088 0.29270832240581518 0.37500000000000006 0.40086615085601812 0.59426805377006542 0.74959996342659008 0.27008983492851263 0.32833586633205419 0.38463802635669714 2.0333333015441899 0.37500000000000006 10.540200233459474 2.2090684175491337 46.821111679077156 17.659700393676761 1.5741000175476076 10.65079975128174 3.919791698455811 0.13466042280197146 1.0000000180025095e-35 1.2989583015441897 3.5118499994277959 0.13477286696434024 14.775622367858888
decision_type=2 2 2 2 2 2 2 2 2 2 2 2 2 2 2 2 2 2 2 2 2 2 2 2 2 2 2
left_child=4 -2 20 -4 5 -1 8 12 9 11 -11 -6 16 15 -15 -9 -8 18 -7 -14 23 25 -23 26 -25 -22 -3
right_child=1 2 3 -5 6 17 7 13 -10 10 -12 -13 19 14 -16 -17 -18 -19 -20 -21 21 22 -24 24 -26 -27 -28
leaf_value=0.12659905763308774 -0.026722617281575805 0.11913479048934945 -0.063040740442432991 0.04152603832869424 -0.011088582452264486 0.14754093681031361 0.024627853091347494 0.050139343903348885 -0.13219695911033538 0.059019060872050062 -0.0016600919484453013 -0.15554029911374556 0.030837658574234612 0.044577873258077841 -0.065984828845739835 -0.014469512892396057 0.10034833429311098 -0.052387514860405757 -0.060944007578763268 -0.14345590576707734 0.047851483503510803 0.038817500045013921 -0.071898830232666383 0.048615510376809647 0.12015786343935687 0.12867928555747477 0.17184151166489417
leaf_weight=1.3793550245008521 2.8857045537203012 0.78061841486282746 1.3136419384924241 1.5719273461724013 108.43658278649798 0.94918500761764357 2.3466136831065958 10.183538456568046 0.96708337024165203 9.6277862126122198 57.667656181205359 1.1218453222039659 0.49953547668110321 6.2515211732989533 9.6596651645813818 11.608899636307909 4.4272377726661034 1.4622236247455473 0.94345575753368394 0.49849657260710956 0.39956883015145217 1.0633138810430294 0.72830307608728606 1.4233857743957967 0.57249739871508598 0.60193559365407623 0.48883714197131667
leaf_count=337 559 790 275 514 40114 362 1278 919 537 6796 38372 266 664 7859 284 24701 2838 85 286 25 387 809 267 1093 344 474 156
internal_value=-0.000483621 0.0258524 0.0428152 -0.0060775 -0.00184988 0.0381411 -0.00269775 0.00945254 -0.00580503 -0.00511389 0.00702112 -0.0125677 0.0573799 -0.000426776 -0.0225446 0.015722 0.0741171 0.00177158 0.043614 -0.0562184 0.0661022 0.0306065 -0.00618935 0.0964647 0.0691367 0.0964315 0.139431
internal_weight=239.86 11.8297 8.94403 2.88557 228.031 4.73422 223.296 45.4755 177.821 176.854 67.2954 109.558 7.77188 37.7036 15.9112 21.7924 6.77385 3.35486 1.89264 0.998032 6.05846 2.79312 1.79162 3.26534 1.99588 1.0015 1.26946
internal_count=131391 5668 5109 789 125723 1070 124653 38568 86085 85548 45168 40380 4805 33763 8143 25620 4116 733 648 689 4320 1937 1076 2383 1437 861 946
is_linear=0
shrinkage=0.12


Tree=224
num_leaves=20
num_cat=0
split_feature=21 85 54 82 75 23 4 5 27 5 44 19 62 23 64 61 53 44 67
split_gain=0.515553 0.775541 0.810481 0.820968 0.718053 3.88096 2.01719 1.05133 1.18294 1.02451 0.674926 0.893692 0.61692 0.60802 0.475303 0.275711 0.193475 0.187401 0.107499
threshold=1.0000000180025095e-35 1.1891999840736391 0.74959996342659008 0.37500000000000006 1.0000000180025095e-35 1.1161716580390932 3.3088001012802128 7.51289987564087 63.469757080078132 7.4539000988006601 0.72239583730697643 35.346353530883796 1.3699539303779604 9.7912530899047869 35.500000000000007 -10.610012054443358 -0.22032772749662397 0.17187500000000003 1.5000000000000002
decision_type=2 2 2 2 2 2 2 2 2 2 2 2 2 2 2 2 2 2 2
left_child=-1 2 4 -4 7 -6 -7 9 -9 -2 11 15 14 -13 18 -3 -14 -17 -12
right_child=1 10 3 -5 5 6 -8 8 -10 -11 12 13 16 -15 -16 17 -18 -19 -20
leaf_value=-0.038733656575972594 -0.0062968224161834147 0.020696866180200047 -0.17945371954565945 0.014313251446896132 -0.10981018655483492 -0.0086744892869183386 0.075622197452176965 0.02209739189697308 -0.0055211213376736967 -0.1226887678730037 -0.040108237607313232 0.063026153691046374 0.028712809038633907 -0.045350480599946084 0.023663225677916344 0.048520679345350481 0.13017744703639827 0.1309606617511101 -0.09592538860846353
leaf_weight=4.9487792777758832 60.375139724725528 0.51583332233730095 0.7324026275240374 0.55231503812410665 5.2767765937931008 55.400020262362858 4.4134345849481056 59.505922366623906 35.747611511166212 1.10902072073054 1.0667018428589474 1.5273532212077046 0.58568539359293936 1.456084458884163 1.4779461020282267 0.48245329931617531 0.50305970403610423 2.2434060223970107 0.93006952684049782
leaf_count=312 85742 197 378 406 371 28014 1744 5732 3832 363 527 362 423 297 309 440 425 1348 169
internal_value=-0.000405097 0.000405841 -0.00111361 -0.096151 -0.000563203 -0.0111577 -0.00245452 0.00383649 0.0117325 -0.00839624 0.0318288 0.0575268 -0.00322653 0.0101323 -0.027924 0.101146 0.075595 0.11637 -0.0661071
internal_weight=238.85 233.901 223.113 1.28472 221.828 65.0902 59.8135 156.738 95.2535 61.4842 10.7886 6.22513 4.56346 2.98344 3.47472 3.24169 1.08875 2.72586 1.99677
internal_count=131391 131079 126582 784 125798 30129 29758 95669 9564 86105 4497 2644 1853 659 1005 1985 848 1788 696
is_linear=0
shrinkage=0.12


Tree=225
num_leaves=27
num_cat=0
split_feature=5 74 74 27 48 53 21 85 75 4 18 15 46 74 70 48 50 18 56 46 40 48 53 15 85 87
split_gain=1.67054 1.28786 1.24668 1.95418 1.16791 0.774053 0.905607 1.60328 2.13817 1.21673 1.42952 1.29214 1.16056 0.756699 0.791993 1.00618 0.700614 0.717929 0.689454 0.685205 0.671653 0.629421 0.571625 0.565673 0.435892 0.379634
threshold=9.6265997886657733 2.5408730506896977 3.6532001495361333 24.665607452392582 1.1989583373069765 0.39673054218292242 2.6555666923522954 0.46407499909400945 1.0000000180025095e-35 1.6801499724388125 0.25703124701976782 1.6102454662323 0.19487600773572925 0.25756289064884191 1.0000000180025095e-35 0.66979166865348827 0.25916884839534765 0.25364583730697637 0.50729167461395275 0.12412852421402933 0.43145594000816351 1.7635416984558108 -0.047511098906397813 2.0987869501113896 1.0239428877830508 0.47065000236034399
decision_type=2 2 2 2 2 2 2 2 2 2 2 2 2 2 2 2 2 2 2 2 2 2 2 2 2 2
left_child=1 5 3 -3 22 6 9 12 -9 10 -1 -11 -8 16 15 -15 19 -18 23 -7 24 -20 -4 -5 -6 -24
right_child=-2 2 4 18 20 13 7 8 -10 11 -12 -13 -14 14 -16 -17 17 -19 21 -21 -22 -23 25 -25 -26 -27
leaf_value=-0.14987869341998752 -0.042599920157760443 -0.26813899012118059 -0.074172817648678085 -0.12092936363276852 -0.052733168033295856 -0.0055715945460644636 0.022718736447542381 0.027693059990143543 -0.061264135193180948 -0.010669475858992921 -0.019228930670380173 0.013650813147190275 0.073128902364530388 -0.1211906094511669 -0.088135591558960655 0.12059726504129943 -0.04947650649324551 0.097243025275458445 0.046817496105434883 -0.071142490658612667 0.097214950821485679 -0.12450829261460496 0.11218302635850089 -0.025733627070385859 0.080181602650959874 0.015951818334296042
leaf_weight=1.4553906687759743 12.279162720365603 0.6565013722530243 0.40497230870744294 2.0570760202326714 5.4196085587506815 3.6270531377657225 25.67974749823523 9.0773378023701508 6.8096791651224171 48.289783114552165 7.0367853981931034 90.254941097996465 8.8404878351541054 0.29821885632876233 0.52496352820958225 1.4670185832696629 0.86734051834403558 1.0760831817051437 1.4592433520163295 6.248203205549288 0.5291041422923114 0.39166566338974451 1.7140428335909006 1.5964472687219311 0.38022710955576133 0.9004576452269929
leaf_count=1149 488 449 501 41 7412 3487 23031 8200 3084 954 3063 51286 10075 162 201 2167 851 682 2501 3543 258 142 4918 1250 911 597
internal_value=0.000511093 0.00284247 -0.0305352 -0.0724443 -0.00291564 0.00528944 0.0072298 0.02111 -0.0104368 0.00247138 -0.0416197 0.00517397 0.0356286 -0.0218645 0.0412667 0.0797497 -0.0340979 0.0317628 -0.0491042 -0.0470592 -0.0322122 0.0105637 0.0584912 -0.0793325 -0.0440195 0.0790401
internal_weight=239.342 227.062 15.5093 6.16093 9.34841 211.553 197.444 50.4073 15.887 147.037 8.49218 138.545 34.5202 14.1089 2.2902 1.76524 11.8187 1.94342 5.50443 9.87526 6.32894 1.85091 3.01947 3.65352 5.79984 2.6145
internal_count=131403 130915 18980 4383 14597 111935 100842 44390 11284 56452 4212 52240 33106 11093 2530 2329 8563 1533 3934 7030 8581 2643 6016 1291 8323 5515
is_linear=0
shrinkage=0.12


Tree=226
num_leaves=25
num_cat=0
split_feature=5 65 28 28 5 56 71 56 45 53 55 1 4 65 56 71 71 4 82 65 59 21 71 4
split_gain=1.31105 0.848703 1.08735 0.87559 0.794955 0.73573 0.680667 0.850528 0.727296 1.39351 2.65732 1.04268 1.22378 1.00429 0.643427 0.709171 0.676169 0.185832 0.153 0.0929182 0.00641883 0.00417088 0.00186007 0.000174207
threshold=9.6265997886657733 11.581770896911623 155.01679229736331 7.8279674053192148 5.8652999401092538 2.9145833253860478 -11.211291313171385 1.4838541746139529 0.63216018676757824 0.20417419821023944 1.0000000180025095e-35 348.84500122070318 2.4241499900817876 9.3520836830139178 3.3890625238418584 -0.50559332966804493 0.8371894657611848 0.063949998468160643 0.37500000000000006 11.706510543823244 1.0000000180025095e-35 1.8980875015258791 19999995.000000004 3.0197499990463261
decision_type=2 2 2 2 2 2 2 2 2 2 2 2 2 2 2 2 2 2 2 2 2 2 2 2
left_child=1 6 3 4 19 17 7 -1 9 10 -8 18 -13 -11 16 -16 -7 -4 -10 -3 23 -22 -19 -5
right_child=-2 2 5 20 -6 14 8 -9 11 13 -12 12 -14 -15 15 -17 -18 22 -20 -21 21 -23 -24 -25
leaf_value=0.0049839194979559263 -0.037950049506125939 0.11050953102932914 -0.082569930248915652 0.12016427549056101 -0.068826198184621101 -0.0018474175215508798 0.0024151826322619972 -0.14500846640312604 0.14304484760728731 0.0063801795036491672 -0.083092714241011528 -0.015497612311667307 -0.12291671884494765 0.049025721029180187 -0.12295183330771772 0.038594656332461348 -0.14892565048657808 0.12136007503844341 0.047272455841661773 0.04145930589844022 0.13909882000303353 0.12576918505739601 0.13599011257717292 0.12477508778596762
leaf_weight=1.1546934835116638 12.139168323721433 0.73498048242266578 0.068080067700520774 1.0318972669668229 0.83120790155157909 0.93642253437229761 151.66827684834414 1.0299959715990779 0.57279304787084839 16.450218704596043 5.4205638020784468 21.653925073430276 1.643112694368823 15.392714478579959 0.45324733716862287 2.8634058216159137 0.8667221321649663 0.59770043230523129 0.4136728310582356 0.45395975777182684 0.71924813596160653 0.63776015817680332 0.15828108886921655 0.13323248898120699
leaf_count=407 488 513 21 6248 428 257 69348 480 388 13035 2156 14259 279 8502 1595 5722 621 3826 511 284 370 1303 203 159
internal_value=0.000467501 0.00253207 0.0358693 0.0800726 0.0212036 0.00208917 0.000909139 -0.0657316 0.00159197 0.00410461 -0.000535383 -0.017957 -0.0230738 0.0269948 -0.0148487 0.016518 -0.0725439 0.107322 0.102883 0.0841449 0.127225 0.132834 0.124423 0.120692
internal_weight=238.025 225.886 10.4861 4.54229 2.02015 5.94386 215.4 2.18469 213.215 188.932 157.089 24.2835 23.297 31.8429 5.1198 3.31665 1.80314 0.824062 0.986466 1.18894 2.52214 1.35701 0.755982 1.16513
internal_count=131403 130915 21550 9305 1225 12245 109365 887 108478 93041 71504 15437 14538 21537 8195 7317 878 4050 899 797 8080 1673 4029 6407
is_linear=0
shrinkage=0.12


Tree=227
num_leaves=23
num_cat=0
split_feature=12 74 74 27 68 78 14 85 15 28 4 0 1 15 21 60 56 56 56 15 6 71
split_gain=1.02532 0.965011 1.03181 1.50992 0.946405 0.726711 4.72952 3.16855 6.853 1.70193 0.996817 0.939841 2.31279 1.64996 0.597669 0.852276 0.613622 0.57486 0.52947 0.505386 0.0302894 0.0333192
threshold=0.37340000271797186 2.5408730506896977 3.6532001495361333 24.665607452392582 23.500000000000004 1.0000000180025095e-35 0.1380179971456528 1.0000000180025095e-35 2.7554504871368413 6.3710865974426278 4.1643500328063974 9.6876001358032244 179.31000518798831 1.6102454662323 2.7032833099365239 0.32656249403953558 1.1265624761581423 0.50729167461395275 3.2854166030883794 2.0987869501113896 10.274650096893312 -6.2793469429016104
decision_type=2 2 2 2 2 2 2 2 2 2 2 2 2 2 2 2 2 2 2 2 2 2
left_child=-1 5 3 -3 14 10 -7 9 -9 -8 11 12 -2 -13 15 -4 -16 19 -19 -5 21 -6
right_child=1 2 4 17 20 6 7 8 -10 -11 -12 13 -14 -15 16 -17 -18 18 -20 -21 -22 -23
leaf_value=-0.031483866786117393 0.049397841703199726 -0.24155550741556078 0.10990723623765442 -0.11440823112375009 0.0087741327766358151 -0.13857861239123009 -0.015950993062818514 -0.15292068834580727 0.086217196261747925 0.12276235216094267 -0.035762474886216415 -0.0012647171127380999 -0.031477500536831862 0.023458631369029113 0.01603490295446585 -0.014109448624262015 -0.10437942610641042 0.084832989743311132 -0.046748825035210939 -0.023112440090810198 0.12240102161138953 0.10890516256991066
leaf_weight=13.660300788544815 6.7104506788577991 0.6295979175352987 0.96935804595723229 1.9328188275699179 0.078222039259316034 3.7290195103032628 1.8538100238815767 3.6605480695143342 3.264591715930294 4.070265536228078 7.6833272390403513 72.6071269461995 21.108134627744931 83.65655804757013 0.94621568928923272 4.5130072649572881 1.7120373480323818 0.7772922862331767 1.015920466795819 1.5925817761190044 0.75488311561139199 0.12326381575547962
leaf_count=506 4852 449 1601 41 478 107 360 23 1490 3867 412 1424 34543 64839 3318 5669 2539 1850 793 1250 213 779
internal_value=0.000430878 0.00238247 -0.0269675 -0.0658307 -0.0015562 0.00450193 -0.019602 0.0149266 -0.0401883 0.079355 0.00658573 0.00835328 -0.0119686 0.0119711 -0.0148227 0.00781842 -0.0615175 -0.045029 0.0102871 -0.0731658 0.111368 0.0700317
internal_weight=237.049 223.389 15.0452 5.94821 9.09699 208.344 16.5782 12.8492 6.92514 5.92408 191.766 184.082 27.8186 156.264 8.14062 5.48237 2.65825 5.31861 1.79321 3.5254 0.956369 0.201486
internal_count=131403 130897 18980 4383 14597 111917 5847 5740 1513 4227 106070 105658 39395 66263 13127 7270 5857 3934 2643 1291 1470 1257
is_linear=0
shrinkage=0.12


Tree=228
num_leaves=28
num_cat=0
split_feature=5 74 50 50 27 21 52 43 15 40 15 0 75 15 22 74 46 62 27 27 74 46 64 32 46 6 74
split_gain=0.816975 0.756106 0.866428 1.3243 1.14862 0.774867 0.75062 0.705202 1.3251 0.875869 1.61159 1.84999 0.988678 2.41576 1.20999 0.803956 2.15055 1.2954 0.614965 0.474503 0.451454 0.428062 0.338512 0.33641 0.331895 0.251301 0.0283084
threshold=9.6265997886657733 2.5408730506896977 0.11816000938415529 0.09681145474314691 24.665607452392582 2.4641416072845463 2.076041698455811 0.48041467368602758 1.6102454662323 0.086740456521511092 0.8444184958934785 19.226449966430668 1.0000000180025095e-35 1.6102454662323 4.2597832679748544 0.53819799423217785 0.073507789522409453 1.1409637331962588 56.041898727416999 36.985605239868171 5.4135968685150155 0.071391683071851744 28.500000000000004 0.22368661314249041 0.045974260196089752 10.758950233459474 6.0474946498870858
decision_type=2 2 2 2 2 2 2 2 2 2 2 2 2 2 2 2 2 2 2 2 2 2 2 2 2 2 2
left_child=1 7 3 6 -5 21 19 9 -9 10 -1 -12 14 -14 -11 16 -10 -17 -6 -3 25 26 -23 -22 -8 -7 -4
right_child=-2 2 5 4 18 20 24 8 15 12 11 -13 13 -15 -16 17 -18 -19 -20 -21 23 22 -24 -25 -26 -27 -28
leaf_value=-0.025540026579954005 -0.030210857336674835 0.036220803913357136 0.13242077092241855 -0.28665889813307632 0.05562916350843071 -0.019515364575630242 -0.099310660496410713 -0.070446953571693297 0.19204026538675464 0.016424092916803263 0.005194224942379584 0.040157640194675562 -0.097037267111564351 -0.0048079645782322213 -0.018755796748060601 -0.13409707449454006 -0.0048229386458699596 0.030370879893533913 -0.11139927689956934 -0.068015819833397606 -0.040513290385405389 0.077368064775406836 -0.0055874987509880094 0.098851521270451409 0.084840858856090939 -0.10995450261642271 0.08783243966501969
leaf_weight=13.552914464529733 11.930294997885481 0.82017895575282151 0.51036595239622773 0.48509141758005148 0.38207713489021022 0.70302414511154188 0.16044624076906178 5.1472857267654124 1.0365975475952494 43.333544994795261 56.029984795878534 35.663200171984471 5.0720879432178689 21.112031470615392 20.85347664926492 1.2248836681640685 3.4871502553641704 1.5780518987551806 1.8756657737846465 2.6960912648495992 0.54699029605308147 1.0127950538544328 2.3564118867400907 0.45846908553195931 1.1588100066228149 1.1935760727719751 0.34272952591646799
leaf_count=234 488 1367 402 247 769 2534 176 75 710 8747 61083 4556 141 10820 21458 260 2931 920 1116 2031 269 1082 2609 3132 2680 52 514
internal_value=0.000382887 0.00202114 -0.0242785 -0.0525229 -0.119128 0.00576592 -0.0147427 0.00387934 -0.0237845 0.00564339 0.013084 0.0187929 -0.00302195 -0.0226736 0.00499463 0.00899775 0.0402874 -0.0415017 -0.0831331 -0.0437024 -0.0419698 0.0385755 0.0193492 0.0230342 0.0624446 -0.0764309 0.114507
internal_weight=234.724 222.794 14.7027 7.57836 2.74283 7.12436 4.83553 208.091 12.474 195.617 105.246 91.6932 90.3711 26.1841 64.187 7.32668 4.52375 2.80294 2.25774 3.51627 2.90206 4.2223 3.36921 1.00546 1.31926 1.8966 0.853095
internal_count=131403 130915 18980 8386 2132 10594 6254 111935 4896 107039 65873 65639 41166 10961 30205 4821 3641 1180 1885 3398 5987 4607 3691 3401 2856 2586 916
is_linear=0
shrinkage=0.12


Tree=229
num_leaves=36
num_cat=0
split_feature=65 49 32 4 12 5 74 74 60 68 27 52 52 53 74 60 65 74 49 21 4 57 74 65 60 0 59 33 21 56 82 49 4 57 46
split_gain=0.737766 1.07349 0.867815 0.724294 0.671324 0.57396 0.598908 0.768217 1.14368 0.719536 0.653121 0.611901 1.04189 0.578894 0.522233 1.73752 1.12464 0.688997 0.494013 0.423435 0.403062 0.334014 0.271588 0.0944842 0.0913107 0.0331955 0.00423834 0.00379157 0.00292918 0.000933918 0.00028753 0.000134889 0.00011363 1.44793e-05 6.25502e-07
threshold=11.581770896911623 0.38345772027969366 0.21487037092447284 0.7852500081062318 4.1679499149322519 9.6265997886657733 2.5408730506896977 3.6532001495361333 0.43281249701976782 23.500000000000004 28.379535675048832 2.9593750238418584 2.7583333253860478 0.46537567675113684 0.044952655211091049 6.0640625953674325 11.681770801544191 0.097613908350467696 0.053635917603969581 2.1735208034515385 0.13400000333786014 -4.2700514793395987 0.32923479378223425 11.706510543823244 6.1145834922790536 20.362250328063968 1.0000000180025095e-35 0.7970857322216035 1.8980875015258791 14.559375286102297 1.0000000180025095e-35 0.40124592185020452 3.0197499990463261 -25.287499427795407 0.02997137047350407
decision_type=2 2 2 2 2 2 2 2 2 2 2 2 2 2 2 2 2 2 2 2 2 2 2 2 2 2 2 2 2 2 2 2 2 2 2
left_child=5 2 4 20 -2 6 11 8 10 19 -8 12 13 -1 15 27 30 -18 -10 -9 -3 -13 -14 -6 -17 -11 32 -5 -28 -30 -16 -22 34 -33 -4
right_child=1 3 26 14 23 -7 7 9 18 25 -12 21 22 -15 16 24 17 -19 -20 -21 31 -23 -24 -25 -26 -27 28 -29 29 -31 -32 33 -34 -35 -36
leaf_value=0.0029419770063517708 -0.064780645263779482 -0.086154803165099367 0.12058919906578225 0.12974744367898614 0.10733650392475846 -0.026785587363699417 -0.2518722872439571 0.013008800192926698 -0.089484221234856248 0.062290968101682977 -0.090946711216314161 -0.11780280962789971 0.13350551002699085 -0.033933614470349448 0.12956119641550287 -0.15100336485269081 -0.14936746944373974 -0.022795483410495549 0.0072874746281175731 -0.04348799180158372 0.12519192012046856 -0.017217039754143435 0.05003898575497736 0.035579202104399119 -0.065689122656911278 0.11901309088081925 0.13629743337737749 0.14496877559889843 0.1216005264920781 0.13200821349539946 0.12186502001419632 0.12155286224070139 0.12411206878943516 0.12021048556926692 0.12012206097941371
leaf_weight=186.96764035348639 0.81976498612699256 0.16015351772193731 0.043089834064631072 0.55179978972944332 0.66089898977645567 11.846895542383207 0.52565306388094413 4.1864749001387533 1.0808583575086461 0.19496550796426948 1.1748671866150173 0.91684066337234071 0.89915066846629033 6.3381465329657081 0.087111197169634003 0.37444495651834586 1.2103483499328151 1.2682241952718127 2.556017898545548 3.5135336835281663 0.097551579169703473 0.9873470401078055 1.4943298004582173 0.44025201524164004 0.34905132764038171 0.62436544933575533 0.64377197825478993 0.41131284955804404 0.42462261522049971 0.17545576777592942 0.35385929708812114 0.14167176039393303 0.11551210996663019 0.63135733833739871 0.98071729760295057
leaf_count=87664 448 44 62 754 492 488 154 4577 240 1111 816 263 653 3438 94 5 369 1483 2186 6836 144 512 754 273 687 161 370 57 1489 64 1662 619 159 5017 7258
internal_value=0.000341311 0.0323279 0.0774558 -0.00212977 0.0174383 -0.00108264 0.000357349 -0.0237591 -0.0594561 -0.00139486 -0.140691 0.00204849 0.00270719 0.00173289 -0.0224778 0.0306833 -0.0531889 -0.0846037 -0.0214725 -0.0127708 0.0888018 -0.0656477 0.0813946 0.0786472 -0.109843 0.105516 0.125832 0.136248 0.130675 0.124644 0.123385 0.120987 0.120544 0.120457 0.120142
internal_weight=233.248 9.94097 4.30409 5.63689 1.92092 223.307 211.46 13.8567 5.3374 8.51934 1.70052 197.603 195.699 193.306 4.60615 1.68661 2.91954 2.47857 3.63688 7.70001 1.03073 1.90419 2.39348 1.10115 0.723496 0.819331 2.38317 0.963113 1.24385 0.600078 0.44097 0.870581 1.13932 0.773029 1.02381
internal_count=131403 21550 10615 10935 1213 109853 109365 16081 3396 12685 970 93284 92509 91102 5111 1503 3608 1852 2426 11413 5824 775 1407 765 692 1272 9402 811 1923 1553 1756 5780 7479 5636 7320
is_linear=0
shrinkage=0.12


Tree=230
num_leaves=27
num_cat=0
split_feature=19 43 0 54 54 53 87 87 68 54 58 58 59 60 56 16 81 52 78 4 53 65 65 27 85 13
split_gain=1.08276 1.28343 1.21334 0.895608 0.804775 0.849702 0.97637 0.753865 1.49587 0.984938 0.839327 0.732925 0.636845 0.611189 0.533645 0.553549 1.35304 0.868542 0.493309 0.595646 0.241011 0.223235 0.158011 0.118539 0.207662 0.0484287
threshold=33.502195358276374 19999987.000000004 11.762149810791017 0.74959996342659008 0.12097634747624399 0.11672621592879297 0.022028570994734768 0.0061142856720834979 18.500000000000004 0.046510977670550353 2.5730468034744267 11.651529312133791 1.0000000180025095e-35 0.43281249701976782 14.559375286102297 2.5000000000000004 1.0000000180025095e-35 2.4114582538604741 1.0000000180025095e-35 3.8694499731063847 -0.0065950131975114337 9.4885416030883807 11.588020801544191 39.418869018554695 1.1462714672088625 7.5490500926971444
decision_type=2 2 2 2 2 2 2 2 2 2 2 2 2 2 2 2 2 2 2 2 2 2 2 2 2 2
left_child=1 3 18 14 7 11 12 9 -9 -4 -11 20 -7 -3 15 17 -17 -1 19 23 -6 -5 -16 24 -2 -25
right_child=2 13 4 21 5 6 -8 8 -10 10 -12 -13 -14 -15 22 16 -18 -19 -20 -21 -22 -23 -24 25 -26 -27
leaf_value=0.0024379377732091346 0.089858305246025894 0.29738592444921336 0.03684119381179489 0.052929977599424506 -0.02688602574210187 0.048766855143273155 0.09938220667966971 -0.014314852300123087 -0.13600095529699097 0.012315213669529737 -0.084587786950785379 0.030157998083287386 -0.064729417903165443 0.066846324601430807 -0.044905353175834134 0.0066129048354859029 0.066563663609581852 -0.025681559148919883 -0.032699751804088656 -0.013648835487602443 -0.070076307812394462 0.14740283076413532 -0.14423601686425824 0.11424588954089927 -0.040568650307840938 0.05656882855001439
leaf_weight=111.03009973430035 0.60047696478443402 0.2989359162099835 2.5196112758526414 0.76408696441853752 3.9147615806971308 1.3381076053845495 1.8989490515741634 2.6185311327512855 3.2729693498722554 1.9124400416585556 3.9364487151159437 2.2931721517020378 1.5213262725856112 0.37124626804211402 0.53838166260987819 64.495030129508976 5.9185402281744208 18.445244057787235 1.1725787809043593 1.2001864697722338 3.5454670315631338 0.6813420824756804 0.4034121120589873 1.5162500527522977 0.24854750614770182 0.24326584372241189
leaf_count=64577 973 154 469 313 631 561 421 483 227 549 580 235 160 505 374 34318 11447 9408 346 38 462 414 341 2742 110 716
internal_value=0.000581123 0.00389102 -0.0193202 0.00334173 -0.028787 -0.00889247 0.0326797 -0.0490329 -0.0819165 -0.0258825 -0.0529029 -0.0291742 -0.0116174 0.169679 0.00266433 0.00308892 0.011652 -0.00156801 0.0353596 0.0563128 -0.0474122 0.0974623 -0.0874531 0.0885021 0.0516765 0.106272
internal_weight=236.699 202.946 33.7531 202.276 28.7718 14.5118 4.75838 14.26 5.8915 8.3685 5.84889 9.7534 2.85943 0.670182 200.831 199.889 70.4136 129.475 4.98131 3.80873 7.46023 1.44543 0.941794 2.60854 0.849024 1.75952
internal_count=131554 121851 9703 121192 4778 2470 1142 2308 710 1598 1129 1328 721 659 120465 119750 45765 73985 4925 4579 1093 727 715 4541 1083 3458
is_linear=0
shrinkage=0.12


Tree=231
num_leaves=27
num_cat=0
split_feature=79 12 18 22 71 54 74 67 12 15 40 56 40 56 71 66 61 27 4 62 35 22 54 12 74 33
split_gain=0.991055 1.18537 0.870245 1.17757 1.27367 1.33129 1.26987 0.939748 0.907909 0.840597 1.1418 1.50184 1.19179 0.77053 0.75631 0.697056 0.88793 0.602949 0.667174 0.601881 0.505053 0.489838 0.411961 0.404957 0.187093 0.0769083
threshold=1.0000000180025095e-35 0.73544999957084667 0.34062500298023229 0.20852916687726977 0.61877635121345531 0.12097634747624399 0.10991669073700906 2.5000000000000004 0.37340000271797186 0.8444184958934785 0.072509195655584349 0.31406250596046453 0.076249938458204283 3.5713542699813847 0.32273380458354956 1.5000000000000002 -2.4453183412551875 108.29303359985353 0.23975000530481341 1.0000000180025095e-35 5.3506467342376718 0.54577499628067028 0.20356351882219317 1.7393000125885012 6.2609343528747567 0.34227499365806585
decision_type=2 2 2 2 2 2 2 2 2 2 2 2 2 2 2 2 2 2 2 2 2 2 2 2 2 2
left_child=2 -2 8 -4 14 6 -6 -7 -1 -10 11 -11 -12 15 19 17 24 18 -3 -5 -15 -22 -18 -19 -17 -23
right_child=1 13 3 4 5 7 -8 -9 9 10 12 -13 -14 20 -16 16 22 23 -20 -21 21 25 -24 -25 -26 -27
leaf_value=-0.031831409496199038 0.08287814488172765 -0.10125547849341957 -0.11656081377142297 -0.080961980911701356 0.0033732679108390167 0.048147564679351981 -0.07160900611895013 -0.05917905470923579 -0.021713317552887551 0.0011288564481856925 -0.076346112285683207 0.033239717759655618 -0.0014236735387268553 -0.024122696119405537 -0.12938021732047672 0.12362746471493567 -0.067643803741498407 -0.14199028840240766 0.031366401683639772 0.0056113294649186417 -0.131682224842217 0.013089149429553462 -0.21364055473099453 -0.0097260580567474931 -0.017419345035386884 0.12804087360893357
leaf_weight=11.131826579353655 4.2628043592394489 0.58778289037325659 1.7255609347423639 2.262781225328129 8.4365564895490497 8.199593298542819 5.2928753483929531 1.3712510450295674 17.164898792884287 46.028515100846263 3.1958957735954518 38.532171897445366 70.506431089927929 0.57976598286049297 1.7473473845450369 0.26571421484419477 0.59970189733348955 0.56279071162225658 7.7256009227789164 2.365047967100395 0.11755795773478883 0.088574370981525763 0.51932032528293348 0.81760499521328711 0.27618044155053667 1.5587051576007622
leaf_count=366 389 599 84 368 2015 2733 1173 337 316 25076 932 32264 35249 540 225 269 496 26 19321 578 20 479 172 1520 417 5590
internal_value=0.000522717 0.0276156 -0.00171 -0.020192 -0.0145884 -0.00158443 -0.0255334 0.0327705 0.00140082 0.00350958 0.00624521 0.015761 -0.00467248 0.0104196 -0.062116 -0.00251263 -0.0743417 0.00979444 0.0219896 -0.0367188 0.0730492 0.104971 -0.135399 -0.0636505 0.051742 0.12186
internal_weight=235.923 17.9621 217.961 31.401 29.6755 23.3003 13.7294 9.57084 186.56 175.428 158.263 84.5607 73.7023 13.6993 6.37518 11.3547 1.66092 9.69378 8.31338 4.62783 2.3446 1.76484 1.11902 1.3804 0.541895 1.64728
internal_count=131554 29838 101716 7513 7429 6258 3188 3070 94203 93837 93521 57340 36181 29449 1171 22820 1354 21466 19920 946 6629 6089 668 1546 686 6069
is_linear=0
shrinkage=0.12


Tree=232
num_leaves=23
num_cat=0
split_feature=79 5 26 18 22 74 6 74 43 4 56 56 66 57 27 5 28 22 5 40 74 21
split_gain=0.797808 1.00042 0.743338 0.728878 0.991911 1.03844 2.00318 1.46273 0.975762 0.743064 0.756734 0.655449 0.549607 0.710727 0.474113 0.588576 0.457983 0.427271 0.321799 0.257419 0.1911 0.0920236
threshold=1.0000000180025095e-35 9.2657999992370623 1.0000000180025095e-35 0.34062500298023229 0.20852916687726977 0.10991669073700906 10.990849971771242 0.035429611802101142 19999987.000000004 4.1643500328063974 0.33828125894069677 3.5713542699813847 1.5000000000000002 -3.5372884273529048 108.29303359985353 6.5348999500274667 5.3506467342376718 0.54577499628067028 8.2425999641418475 0.11559799686074258 6.2609343528747567 3.9741834402084355
decision_type=2 2 2 2 2 2 2 2 2 2 2 2 2 2 2 2 2 2 2 2 2 2
left_child=2 11 3 8 -5 7 -7 -6 9 10 -1 12 14 20 15 -2 -13 -18 -16 -15 -14 -19
right_child=1 -3 -4 4 5 6 -8 -9 -10 -11 -12 16 13 19 18 -17 17 21 -20 -21 -22 -23
leaf_value=-0.0050474607781639536 0.0014798508701868061 0.078464039781389855 -0.075971605653554972 -0.11174811958486686 -0.0028359072736822014 -0.0091727914593031073 -0.10996246541346671 0.12495784940664349 0.14827042347182459 -0.037471321013013342 0.010669755582961894 -0.021323354796717552 0.12206149910610499 -0.17610751916292053 -0.0085599704373478837 0.075340974191603807 -0.12785552590137403 0.12709260420043211 -0.12700401011322607 -0.062602929646456029 -0.029823925318814101 -0.010551477003696135
leaf_weight=86.286408388991802 6.2981753104103486 3.9276935198452056 1.9138800894566816 1.5408706430625922 13.252800400953676 10.866426803706188 3.844061350755509 1.4288069895728757 0.65450756224549778 6.7880802650886372 90.249674200148959 0.57734043753271125 0.27303241823892666 0.55698713817014389 0.81751259163519374 2.0622846513729343 0.10719495715466099 1.4063109164160534 0.55424921990470466 0.59517454019442084 0.21183658145886852 0.073604108403344415
leaf_count=40303 17505 382 228 54 3460 3470 64 435 499 310 52893 540 336 460 1520 2422 20 5681 26 155 403 388
internal_value=0.00047026 0.0251461 -0.00151694 -0.000853885 -0.0178971 -0.012977 -0.0355106 0.00960092 0.00201165 0.00148947 0.00298757 0.00967241 -0.00185018 -0.066181 0.00897073 0.0196993 0.0701974 0.10349 -0.0564163 -0.117474 0.0557036 0.120247
internal_weight=234.287 17.4614 216.826 214.912 30.933 29.3921 14.7105 14.6816 183.979 183.324 176.536 13.5337 11.3693 1.63703 9.73222 8.36046 2.16445 1.58711 1.37176 1.15216 0.484869 1.47992
internal_count=131554 29838 101716 101488 7483 7429 3534 3895 94005 93506 93196 29456 22827 1354 21473 19927 6629 6089 1546 615 739 6069
is_linear=0
shrinkage=0.12


Tree=233
num_leaves=35
num_cat=0
split_feature=79 0 85 70 23 82 15 0 11 49 28 44 27 14 19 48 0 32 52 27 27 52 0 21 50 50 19 58 48 60 21 28 0 28
split_gain=0.642276 0.890767 0.760458 0.671497 2.94867 1.57029 4.01623 3.25903 2.24951 2.59242 1.32311 1.62684 1.59569 1.7991 1.1878 1.01603 0.985349 0.922978 0.737707 0.712641 0.681011 0.667932 0.47441 0.455262 0.486078 1.25055 0.87066 0.326347 0.57185 0.322204 0.00253893 6.67353e-05 1.55067e-05 2.36882e-06
threshold=1.0000000180025095e-35 20.667149543762211 0.97684285044670116 1.0000000180025095e-35 0.86253532767295849 0.62500000000000011 2.7554504871368413 2.4531500339508061 1.3746500015258791 0.51138287782669078 7.0740752220153817 0.81718751788139354 56.65661811828614 -1.1373974680900572 31.658039093017582 1.0882812142372134 15.274650096893312 0.20436896383762362 2.3213542699813847 54.96614074707032 11.372304916381838 2.4260416030883794 21.066800117492679 0.13955000042915347 0.10370706766843797 0.10422889143228532 27.585523605346683 1.6360461711883547 1.651041626930237 4.257291555404664 1.2624250054359438 79.180095672607436 18.237050056457523 28.438219070434574
decision_type=2 2 2 2 2 2 2 2 2 2 2 2 2 2 2 2 2 2 2 2 2 2 2 2 2 2 2 2 2 2 2 2 2 2
left_child=3 2 23 10 -5 8 -7 -8 18 -10 11 17 13 -12 16 -15 -14 20 -6 -19 -1 29 -16 -2 26 -26 -25 30 -29 -3 -13 32 33 -4
right_child=1 21 31 4 5 6 7 -9 9 -11 12 27 14 15 22 -17 -18 19 -20 -21 -22 -23 -24 24 25 -27 -28 28 -30 -31 -32 -33 -34 -35
leaf_value=0.062282416159708108 0.11489239726208972 0.12583217314976797 0.12045775657996674 -0.10351171554833592 -0.0055293354626514595 -0.065970390270804452 -0.19398764496065915 0.052902820173952862 0.057413725402378157 -0.086705742506029471 -0.046747163438991546 -0.13123424084931645 0.059042020792322791 0.015474235353195392 -0.0030250882920528381 -0.01334995764684037 0.01881384537533673 0.036166896852060398 -0.069235899324842878 -0.016932304501838195 -0.12201312716491336 0.0055414138736529471 -0.10668166476179433 0.056391460434920139 -0.30063320954333972 -0.021767375784858947 -0.044994641011389759 0.0061290859899075512 -0.12430901222803047 0.052475573698719288 -0.12279149775894148 0.12478593751967379 0.12182416324888953 0.12110757014461623
leaf_weight=0.35402593133043225 0.44546006745302769 1.9920658874654855 0.30347610668015157 4.6904257395372033 8.1159326328661638 14.959090562195344 0.84038799439838285 9.1809840976851529 15.881103118536005 2.0266739021700451 11.457917871126709 0.98128024071093012 11.845535148675877 45.585473200986229 1.2680432236270456 28.694531426572127 33.745704541484429 5.3144961332418488 3.8634297865482941 11.548844115986865 1.5653537520403231 1.8855906532119204 1.275191440770868 3.1583309750769768 0.24276306035838491 5.0202634863443052 1.9870913448976635 0.98180215767789014 0.95453902121880674 1.5201866529313575 1.0746176191732955 0.078333985530946393 0.25249901249787854 0.11008632194730694
leaf_count=18 119 561 1923 177 1215 375 443 8986 13167 1061 221 346 18773 24196 572 19728 6137 619 534 392 2674 149 34 7154 104 15101 3600 642 607 200 799 118 239 570
internal_value=0.000421861 0.0228831 0.00414178 -0.00134385 -0.0121896 -0.00438285 -0.0265881 0.0321987 0.0141768 0.0411033 0.00277977 -0.0239586 0.00732862 -0.00248776 0.0248137 0.00433939 0.0292659 -0.00917246 -0.0260752 -0.000198046 -0.0880202 0.0631525 -0.054999 -0.00390515 -0.00898944 -0.0346304 0.0172375 -0.0935244 -0.0581717 0.0940817 -0.126821 0.121473 0.121083 0.120631
internal_weight=233.202 16.9961 11.5983 216.205 59.558 54.8676 24.9805 10.0214 29.8871 17.9078 156.647 22.775 133.872 85.7379 48.1345 74.28 45.5912 18.7827 11.9794 16.8633 1.91938 5.39784 2.54323 10.8539 10.4084 5.26303 5.14542 3.99224 1.93634 3.51225 2.0559 0.744395 0.666061 0.413562
internal_count=131554 29838 28928 101716 25958 25781 9804 9429 15977 14228 75758 6097 69661 44145 25516 43924 24910 3703 1749 1011 2692 910 606 26078 25959 15205 10754 2394 1249 761 1145 2850 2732 2493
is_linear=0
shrinkage=0.12


Tree=234
num_leaves=14
num_cat=0
split_feature=65 11 54 79 12 26 4 82 56 85 28 4 52
split_gain=0.618713 0.988055 0.556341 0.526028 0.765699 0.608906 0.576727 0.797982 0.546245 0.463105 0.339406 0.279631 0.182831
threshold=0.29270832240581518 1.7042499780654909 0.74959996342659008 1.0000000180025095e-35 0.73544999957084667 1.0000000180025095e-35 4.1643500328063974 0.37500000000000006 4.1760418415069589 1.040899991989136 4.5244843959808358 3.3744499683380131 2.0945312976837163
decision_type=2 2 2 2 2 2 2 2 2 2 2 2 2
left_child=1 11 3 5 -5 6 7 -2 9 -6 -10 -1 -4
right_child=2 -3 12 4 8 -7 -8 -9 10 -11 -12 -13 -14
leaf_value=0.041827770160599999 0.0061031919279907407 0.11569418826917063 0.11233828997951156 0.067844800958688431 -0.0074047339961123984 -0.072004034151104929 -0.034641830057100247 -0.0092021847787146071 -0.040502161185674943 0.12112731233933338 0.11312720838105124 -0.024438757911942579 0.031272632042682533
leaf_weight=1.6750366766204074 107.68635650664463 1.7168226109462237 0.76312179107975342 3.6785525047677252 10.941239805169584 1.8108004816510277 7.5592766459707255 90.091725808440074 0.262003413334013 0.41912668899536321 0.98778856609126819 2.0261903325714457 0.84339332956233193
leaf_count=382 56670 358 458 378 21737 228 361 42955 377 1996 4960 328 366
internal_value=0.000380402 0.0404522 -0.000584349 -0.00109027 0.0196735 -0.00272299 -0.00211202 -0.000868702 0.00562124 -0.0026627 0.0809207 0.00555099 0.0697802
internal_weight=230.461 5.41805 225.043 223.437 16.2887 207.148 205.337 197.778 12.6102 11.3604 1.24979 3.70123 1.60652
internal_count=131554 1068 130486 129662 29448 100214 99986 99625 29070 23733 5337 710 824
is_linear=0
shrinkage=0.12


Tree=235
num_leaves=28
num_cat=0
split_feature=57 7 7 85 53 49 1 22 54 28 33 12 44 64 64 71 40 54 80 71 57 21 7 86 32 86 71
split_gain=0.610254 0.567577 1.42556 2.25364 1.3635 2.89876 1.84042 1.15879 1.65882 1.05014 1.25139 0.913951 1.9829 1.94734 1.04039 0.868623 0.763485 1.42334 1.84752 0.698922 1.30234 0.753304 0.629829 0.514708 0.360534 0.314592 0.0634332
threshold=7.8845386505126962 7.0759606361389169 5.9127149581909189 0.77742856740951549 0.10767252370715143 0.33083456754684454 214.5100021362305 2.6448042392730717 0.74959996342659008 5.3506467342376718 1.2144142985343935 2.6801500320434575 0.24114582687616351 6.5000000000000009 39.500000000000007 -9.3043427467346174 0.18444984406232837 0.064158454537391676 1.0000000180025095e-35 19999995.000000004 -4.4038491249084464 1.3239874839782717 13.618768215179445 1.0000000180025095e-35 0.12331346049904825 1.0000000180025095e-35 1.9531771540641787
decision_type=2 2 2 2 2 2 2 2 2 2 2 2 2 2 2 2 2 2 2 2 2 2 2 2 2 2 2
left_child=1 2 16 4 6 -6 -4 11 9 23 -11 14 -13 -14 15 -3 19 25 -19 21 -21 -1 -16 -9 -5 -18 -26
right_child=-2 7 3 24 5 -7 -8 8 -10 10 -12 12 13 -15 22 -17 17 18 -20 20 -22 -23 -24 -25 26 -27 -28
leaf_value=-0.032185492746695778 0.067643527188127273 0.048167117234532333 -0.06754772273974019 -0.018485953061519119 -0.23070036793467341 0.0036760899492366771 0.1223445730490316 -0.028570296014136277 -0.25407533648944192 0.044439588685421673 -0.16574635342022176 0.097874847565168593 -0.18905282726425757 -0.033007098356463128 0.082407214502644308 -0.0032970692146681358 0.12676935253013483 -0.0541036126764355 0.077880744586099601 -0.35050153980316301 0.11756028131298077 0.0069252737503098516 0.0060079004593668901 0.07762149863615439 0.055307510378278996 0.011532447344219428 0.13696561124580905
leaf_weight=11.626562354213261 1.9142946281393154 4.9036546758894692 4.8578918428325419 0.33368607719739785 1.8998706830500398 1.2663965985236698 0.86597836431428721 5.4125699396451159 0.30331243676448494 21.392550109975236 0.41582174802436966 1.281899901552263 1.4378930235538971 5.7837950486721752 3.5038610080295589 127.9248098697127 2.0408167550509817 3.7412772417939166 2.5807223908781793 0.2286722727041024 0.13681766605719659 18.1807111253069 2.7919886664249134 0.74811265729874765 0.16160578857326846 0.40960266196930195 0.89924658307768368
leaf_count=6782 350 914 2060 201 1497 4407 2299 2564 136 25688 587 454 190 1757 2393 12085 1908 4850 4422 51 1112 51564 78 795 610 453 1342
internal_value=0.000176219 -0.000397459 -0.0117867 -0.0515234 -0.0737713 -0.136958 -0.0388185 0.0027901 0.0250464 0.0280734 0.040432 -0.00147223 -0.0396631 -0.064077 0.000862073 -0.00139716 -0.00129303 0.0298673 -0.000225883 -0.0103526 -0.175287 -0.00833019 0.0485268 -0.0156751 0.0903061 0.107507 0.124526
internal_weight=227.044 225.13 49.2299 10.2847 8.89014 3.16627 5.72387 175.9 28.2724 27.9691 21.8084 147.628 8.50359 7.22169 139.124 132.828 38.9452 8.77242 6.322 30.1728 0.36549 29.8073 6.29585 6.16068 1.39454 2.45042 1.06085
internal_count=131549 131199 83558 12416 10263 5904 4359 47641 29770 29634 26275 17871 2401 1947 15470 12999 71142 11633 9272 59509 1163 58346 2471 3359 2153 2361 1952
is_linear=0
shrinkage=0.12


Tree=236
num_leaves=33
num_cat=0
split_feature=0 0 87 7 80 54 6 81 48 80 52 71 33 35 82 21 21 61 14 0 7 0 52 49 56 50 0 35 23 35 6 62
split_gain=0.562 1.46617 1.87029 1.47352 2.27863 1.53746 1.39451 1.32076 1.06126 0.650485 0.858413 0.556921 0.99871 1.10265 0.58408 2.9896 2.40783 1.18029 1.1664 1.08613 2.63575 1.1026 0.564164 0.516778 0.240376 0.230843 0.188448 0.154001 0.108031 0.0397311 4.99029e-05 2.37609e-06
threshold=19.344150543212894 19.686100006103519 0.19845713675022128 13.618768215179445 1.0000000180025095e-35 0.1278546750545502 11.530000209808351 10.000000000000002 1.6989583373069765 0.37500000000000006 1.6570312380790713 -7.6619017124176017 0.84887143969535839 64.805046081542983 0.37500000000000006 0.13955000042915347 1.0000000180025095e-35 -44.604000091552727 -1.1373974680900572 18.129150390625004 13.066836833953859 10.69089984893799 1.6302083730697634 0.29502435028553015 2.6395833492279057 0.046445902436971671 18.032750129699711 9.4008340835571307 1.3550181388854983 7.0740752220153817 9.3499498367309588 -9.1064310073852521
decision_type=2 2 2 2 2 2 2 2 2 2 2 2 2 2 2 2 2 2 2 2 2 2 2 2 2 2 2 2 2 2 2 2
left_child=11 2 9 6 23 -6 7 8 -3 10 -2 12 25 26 16 -16 -13 29 -19 21 -21 -17 -15 -5 -24 -1 27 -14 -12 -18 31 -27
right_child=1 3 -4 4 5 -7 -8 -9 -10 -11 28 14 13 22 15 19 17 18 -20 20 -22 -23 24 -25 -26 30 -28 -29 -30 -31 -32 -33
leaf_value=-0.025804782710959939 -0.03136608933652061 0.0073411391585799452 0.13057080063882176 -0.0065310966268002533 -0.0098053495381745931 -0.076175745685518548 0.072862413099563331 -0.08663117835371853 0.065382465572582066 -0.067906082381728072 0.13866994163957042 -0.13296178360267949 0.0077206560606582781 -0.051214435803904064 0.10014432456778381 -0.016040128496298978 0.080516307887862001 0.088632749255426191 -0.012820604082887689 0.020818046070812068 -0.11337537622690286 0.021018336433278086 -0.11247553085902474 0.02637705746225787 -0.22440717441139571 0.12133604871556661 -0.054559924864011282 0.12115283616332327 0.068582111670449405 0.12947173114074512 0.12275273362770625 0.12025798526228855
leaf_weight=0.21763932054770307 1.270812586528961 35.393862314410782 3.0407799404183606 13.363824095877137 10.122415184384865 9.9822914697970173 5.8047422913364235 1.9375836389485801 5.2032969777777671 1.2214251810428325 0.71762854332882831 2.285133616391902 0.67395702275808866 0.71850774359475611 4.3729412841394142 21.131690539392196 0.34426079790449537 1.6821773315314192 54.537149595252885 4.4666629071608082 3.9908171815023366 25.527786523090214 0.42444137922024061 14.144865673504681 0.79145403254659641 0.033627351253016857 0.50847422531455777 0.23157110370911482 0.56681202238632977 0.77868700708540928 0.24686173890228247 0.23641973552612694
leaf_count=220 186 5798 588 266 276 332 169 548 928 106 30 80 852 326 496 31603 123 17 51341 2370 103 27046 513 358 445 51 244 1079 653 889 152 3361
internal_value=0.000199684 0.00675201 0.0605242 0.00293149 -0.0120521 -0.0427593 0.0176901 0.0101606 0.0147802 0.00412639 0.0385583 -0.00526609 -0.0488446 -0.076642 -0.00377236 0.00464026 -0.0121656 -0.00735176 -0.00978495 -0.00293697 -0.0425036 0.00423486 -0.135517 0.0103902 -0.185334 0.0778688 0.00390139 0.0367287 0.107741 0.114464 0.12152 0.120392
internal_weight=225.971 102.77 6.81746 95.9529 47.6134 20.1047 48.3395 42.5347 40.5972 3.77668 2.55525 123.2 4.08295 3.34841 119.117 59.4899 59.6274 57.3423 56.2193 55.117 8.45748 46.6595 1.9344 27.5087 1.2159 0.734548 1.414 0.905528 1.28444 1.12295 0.516909 0.270047
internal_count=131549 10238 1563 8675 1232 608 7443 7274 6726 975 869 121311 7243 3459 114068 61618 52450 52370 51358 61122 2473 58649 1284 624 958 3784 2175 1931 683 1012 3564 3412
is_linear=0
shrinkage=0.12


Tree=237
num_leaves=13
num_cat=0
split_feature=62 57 71 54 71 68 53 27 27 71 6 1
split_gain=0.508839 0.473073 0.461469 0.690484 0.687935 0.879137 0.677323 0.487276 0.65326 0.320246 0.160438 0.071807
threshold=-9.5205197334289533 7.8845386505126962 -11.211291313171385 0.10151588544249536 -9.6218953132629377 16.500000000000004 0.079328302294015898 11.372304916381838 43.901195526123054 0.90596848726272594 11.530000209808351 260.76499938964849
decision_type=2 2 2 2 2 2 2 2 2 2 2 2
left_child=-1 2 3 -2 5 6 -4 9 -9 -6 11 -5
right_child=1 -3 4 10 7 -7 -8 8 -10 -11 -12 -13
leaf_value=0.092154264407264486 -0.126614496471537 0.060035082837620241 0.078852252601881265 0.020152163306668202 -0.0053236889455354321 0.11506674583255888 -0.063340301681972841 -0.011588860934267815 0.0027913401504868081 0.089849107117815394 -0.030303388190223726 0.12328994173972448
leaf_weight=0.86307291367779626 1.0155144900972022 1.8641415373248253 0.83875444065870342 0.17606383260385872 0.80104331293063014 1.6856815887469734 1.1354115097103088 65.646718444005614 148.15584939937455 1.3970389332149862 0.40838026124038151 0.21703025574358037
leaf_count=281 330 350 405 303 677 539 565 38298 87338 2079 23 361
internal_value=0.000191916 -0.00016346 -0.000670142 -0.0608966 -0.00017196 0.0514192 -0.00292763 -0.0010461 -0.00162401 0.0551654 0.0223718 0.0770953
internal_weight=224.205 223.342 221.477 1.81699 219.66 3.65985 1.97417 216.001 213.803 2.19808 0.801474 0.393094
internal_count=131549 131268 130918 1017 129901 1509 970 128392 125636 2756 687 664
is_linear=0
shrinkage=0.12


Tree=238
num_leaves=20
num_cat=0
split_feature=85 21 62 61 57 50 58 86 48 27 52 11 11 5 80 15 19 7 85
split_gain=0.476141 0.622789 0.70109 0.732034 1.75043 1.37399 0.933057 1.22061 0.831754 0.699906 0.496832 0.688693 0.345295 0.305274 0.116415 0.00381158 0.00319909 0.002535 0.00112958
threshold=1.295871436595917 0.13955000042915347 -6.5690066814422599 -4.6436438560485831 -5.3495509624481192 0.35583376884460455 4.0994918346405038 1.0000000180025095e-35 2.3500000238418584 72.639316558837905 2.0239583253860478 0.802350014448166 1.1665500402450564 4.5664999485015878 0.62500000000000011 1.6102454662323 29.404067993164066 13.39701557159424 1.3317856788635256
decision_type=2 2 2 2 2 2 2 2 2 2 2 2 2 2 2 2 2 2 2
left_child=1 13 12 4 5 -4 8 -8 -5 -6 -2 -12 -3 -1 15 -13 17 -14 -17
right_child=10 2 3 6 9 -7 7 -9 -10 -11 11 14 16 -15 -16 18 -18 -19 -20
leaf_value=-0.045022238797995016 0.10929670561207558 -0.053654561296622771 -0.0097375081418444483 0.0017707970409903476 -0.086199652150695708 0.08996411610492365 0.045339366500787369 -0.065287152647907506 -0.12944389625786545 0.042487504902918888 -0.013222517721902744 0.13610302242894337 0.1205227124301034 -0.0098221249922114291 0.044331926327849207 0.11090532771767345 0.10872625142148039 0.13606443807395652 0.12480223400645596
leaf_weight=6.1293241215075218 1.0677619138393186 0.19473590850966971 29.569946741707643 149.87493480247389 5.6206324726595929 2.1340598361829555 12.897540769979283 1.6161873326995539 0.69889649895571793 0.68250020138347611 2.9072516104854462 0.36811371773364931 0.56078491122525498 8.4237648207460989 0.36663746846397771 0.1546061469431379 0.23563005811212179 0.20687884109065635 0.1850172218124726
leaf_count=365 471 179 16401 87211 2903 1437 15762 1713 276 1493 283 6 1385 369 215 415 396 5 264
internal_value=0.000177754 -0.000662821 0.00104575 0.000505836 -0.0145091 -0.00302639 0.00396263 0.0330205 0.00116176 -0.0722655 0.0366092 0.0171164 0.0925744 -0.0246474 0.0992134 0.127644 0.120957 0.124711 0.118476
internal_weight=223.895 218.846 204.293 203.095 38.0071 31.704 165.088 14.5137 150.574 6.30313 5.04939 3.98163 1.19803 14.5531 1.07437 0.707737 1.00329 0.767664 0.339623
internal_count=131549 129895 129161 127196 22234 17838 104962 17475 87487 4396 1654 1183 1965 734 900 685 1786 1390 679
is_linear=0
shrinkage=0.12


Tree=239
num_leaves=21
num_cat=0
split_feature=7 80 0 78 57 65 80 56 0 18 7 87 21 27 69 58 14 78 12 12
split_gain=0.441947 1.56882 0.933801 0.9474 1.53569 1.05281 1.45898 1.23746 0.865973 1.34143 1.05785 0.663612 2.03987 1.39192 1.35855 1.28225 1.20278 2.52114 1.89877 1.42946
threshold=13.867685794830324 1.0000000180025095e-35 19.344150543212894 1.0000000180025095e-35 -1.0371102690696714 9.6927084922790545 0.37500000000000006 5.1265625953674325 20.362250328063968 0.30104167759418493 13.39701557159424 0.25002500414848333 0.13955000042915347 23.794755935668949 5.5000000000000009 -9.7324090003967267 0.1380179971456528 1.0000000180025095e-35 0.37340000271797186 0.37340000271797186
decision_type=2 2 2 2 2 2 2 2 2 2 2 2 2 2 2 2 2 2 2 2
left_child=2 -2 11 4 5 6 -4 -7 9 -6 -10 16 -13 14 -14 -15 -1 19 -19 -18
right_child=1 -3 3 -5 8 7 -8 -9 10 -11 -12 12 13 15 -16 -17 17 18 -20 -21
leaf_value=-0.041968228132710353 0.0052976818294880931 -0.044378450108145208 0.022740105471363792 -0.055697245212117705 0.14166239109283493 0.065750301828848168 -0.024858814697546531 -0.043747928529792833 0.056866711741736173 0.021470867627286148 -0.016376372067664097 0.1312189905661009 -0.18263945107854396 -0.16204702831215012 0.047974741603987514 0.015378934684606814 -0.15164500752042592 0.23023098311730006 0.037877215856949004 -0.0092803247512047177
leaf_weight=13.411009722647846 27.901343675284807 13.625080798570933 16.953966447473206 2.691965608249574 2.9524825143550997 7.0286611828698806 20.467780611031117 1.8847335644027223 7.5833792666180369 2.4440663605842019 4.5393371959135038 1.9376356562461321 1.0741812702954145 0.60186045698856716 0.55941272218984739 23.046101101160897 1.0320790270343483 0.80455233529209991 9.0670914066252788 63.674744733823495
leaf_count=584 530 506 2923 587 841 1124 1271 313 2014 150 126 206 151 93 2439 23107 13 5 6327 88239
internal_value=0.000167801 -0.0110014 0.00271967 0.014037 0.0169769 0.00553389 -0.00329407 0.0425969 0.0472415 0.0872283 0.0294409 -0.00381742 0.0125573 0.00346278 -0.103667 0.0108633 -0.00888287 -0.00293333 0.0535543 -0.0115511
internal_weight=223.281 41.5264 181.755 66.5464 63.8544 46.3351 37.4217 8.91339 17.5193 5.39655 12.1227 115.209 27.2192 25.2816 1.63359 23.648 87.9895 74.5785 9.87164 64.7068
internal_count=131549 1036 130513 9349 8762 5631 4194 1437 3131 991 2140 121164 25996 25790 2590 23200 95168 94584 6332 88252
is_linear=0
shrinkage=0.12


Tree=240
num_leaves=15
num_cat=0
split_feature=43 65 40 44 27 27 9 64 23 6 12 7 82 22
split_gain=1.0746 0.915387 0.767546 0.666327 1.29071 1.0965 0.810758 1.54359 1.13848 0.630082 0.330574 0.27483 1.14933 0.512092
threshold=19999989.000000004 0.29270832240581518 0.7422647774219514 0.29895834624767309 111.46908187866212 105.62924957275392 2.5000000000000004 4.5000000000000009 2.5055115222930913 11.153749942779543 2.6801500320434575 12.79152822494507 4.8750000000000009 0.37656250596046453
decision_type=2 2 2 2 2 2 2 2 2 2 2 2 2 2
left_child=1 9 3 4 5 -3 7 -5 -8 11 -2 12 13 -1
right_child=10 2 -4 6 -6 -7 8 -9 -10 -11 -12 -13 -14 -15
leaf_value=-0.15853090265420602 -0.2477606588938796 -0.014136515424407694 -0.06806773099078485 0.11144310892248523 -0.14532963197618892 0.11117456567516221 -0.10142719296549904 0.0010180256602205177 -0.0090698018443984181 0.083255731588663853 -0.075601112776251117 -0.057482220080804974 0.18979857637242709 0.044948806296711365
leaf_weight=0.36649802327153114 0.31307260542894155 65.172286192957927 2.7625919803249408 1.8476755435883649 1.0656100242354103 1.0212783060524078 2.5850510209857003 135.87486989871996 7.4928589717037539 2.8805450398649555 0.32979664060570713 0.82769755735444039 0.42425228048267627 0.34647144695907173
leaf_count=2 114 32603 486 1040 37 72 33 90732 4681 88 486 57 298 637
internal_value=-0.00451773 -0.00407045 -0.005218 -0.00441065 -0.0143123 -0.0122031 9.52744e-05 0.00249948 -0.0327601 0.0475163 -0.159442 -0.00487715 0.0334101 -0.0596488
internal_weight=223.311 222.668 217.822 215.06 67.2592 66.1936 147.8 137.723 10.0779 4.84546 0.642869 1.96492 1.13722 0.712969
internal_count=131366 130766 129684 129198 32712 32675 96486 91772 4714 1082 600 994 937 639
is_linear=0
shrinkage=0.12


Tree=241
num_leaves=15
num_cat=0
split_feature=43 65 40 65 6 78 44 14 49 14 82 12 22 27
split_gain=0.788779 0.71823 0.588735 0.559947 0.522488 0.669222 0.609277 0.518063 0.331195 0.319429 0.926887 0.440487 0.293453 0.0545538
threshold=19999989.000000004 0.29270832240581518 0.7422647774219514 11.776041507720949 1.0235499739646914 1.0000000180025095e-35 0.29895834624767309 -0.34645000100135798 -0.012544308789074419 0.1380179971456528 4.8750000000000009 0.55910000205039989 1.771858334541321 95.43515777587892
decision_type=2 2 2 2 2 2 2 2 2 2 2 2 2 2
left_child=1 7 3 4 5 -3 -6 -1 -5 -9 11 -11 -2 -10
right_child=12 2 -4 8 6 -7 -8 9 13 10 -12 -13 -14 -15
leaf_value=0.072689106910219431 -0.21561877827799059 -0.047752335531781973 -0.05942772207260523 -0.098708074029383711 -0.012773846310902729 0.079034083639339919 0.0012370815023270336 -0.074710301397537524 0.12200153110025751 -0.15289473789158833 0.17312730474028484 0.040540899789044113 -0.056678730666007746 0.013111325513705323
leaf_weight=3.0123240107859601 0.32582615094724943 6.5256154324353295 2.7831397852371529 0.12167221296749631 65.333371192708682 0.66014376678668885 141.47152434959042 0.66706024529409447 0.7867037773567479 0.3362818658351896 0.41024397510727795 0.34184617358960168 0.3437584200770516 0.072346464261570986
leaf_count=86 17 13523 486 66 28484 852 82652 50 3151 2 300 644 583 470
internal_value=-0.0039724 -0.00358108 -0.00458987 -0.00387991 -0.00429452 -0.0361047 -0.00318922 0.0424926 0.0865868 -0.00932466 0.03075 -0.0553833 -0.13402 0.112831
internal_weight=223.192 222.522 217.755 214.971 213.991 7.18576 206.805 4.76776 0.980722 1.75543 1.08837 0.678128 0.669585 0.85905
internal_count=131366 130766 129684 129198 125511 14375 111136 1082 3687 996 946 646 600 3621
is_linear=0
shrinkage=0.12


Tree=242
num_leaves=32
num_cat=0
split_feature=56 56 80 57 56 48 57 60 71 40 57 57 12 57 56 22 52 4 75 27 27 48 12 54 40 32 80 12 13 4 1
split_gain=0.703641 1.02991 1.24578 1.50896 0.718174 0.880685 0.698458 0.681453 0.623823 0.563436 0.530315 1.8734 1.30387 1.40691 1.05222 0.766018 0.506629 0.35965 1.46895 0.293481 0.141102 0.114387 0.0873137 0.0332139 0.032254 0.0223372 0.00403695 0.00230248 0.00159246 0.000940252 0.000248052
threshold=6.0531251430511483 5.4270834922790536 1.0000000180025095e-35 -5.5806770324707022 10.20156240463257 1.3135416507720949 -31.942899703979489 10.482291698455812 -9.6218953132629377 0.48753240704536444 -1.0746058225631712 -1.8776707053184507 0.85800001025199901 -0.053911264985799782 2.0145833492279057 0.20852916687726977 1.8135416507720949 3.4074000120162968 1.0000000180025095e-35 54.812459945678718 73.663848876953139 1.1385416984558108 0.55910000205039989 0.10514783114194871 0.12454752624034883 0.21642699092626574 0.37500000000000006 0.37340000271797186 -2.5172500610351558 4.0518000125885019 129.14500427246097
decision_type=2 2 2 2 2 2 2 2 2 2 2 2 2 2 2 2 2 2 2 2 2 2 2 2 2 2 2 2 2 2 2
left_child=1 7 3 -3 6 24 -2 10 -7 17 11 14 -12 -14 -1 -13 -10 18 -8 -18 28 -9 -4 -24 27 -23 -25 -6 -5 -27 -29
right_child=4 2 22 20 5 8 9 21 16 -11 12 15 13 -15 -16 -17 19 -19 -20 -21 -22 25 23 26 -26 29 -28 30 -30 -31 -32
leaf_value=-0.01769577937528697 -0.10654743463147238 -0.12213838959248709 0.073519105065565929 0.13274928797487806 0.13335374596228572 0.10858020303344793 0.063884758978745446 0.0053780579522529929 -0.19733604525667978 -0.12527590875503208 0.039233363737798094 -0.13226428437935964 0.045218068475384454 -0.0070797495416418535 0.0080550821868676271 -0.043090798682258777 -0.061517500154230347 -0.053158998163181204 -0.062853042734545991 0.085940849023380436 0.027622279132487024 0.088269231840503753 0.15237486393771699 0.12696281691491512 0.082422529242990261 0.13184537212902822 0.11093585432792497 0.1133361688117646 0.12056012080804862 0.14338813376216081 0.12054644985075587
leaf_weight=42.524599883708682 2.0554419558835937 0.92093183040478288 0.42917279703488054 0.26039284437138144 0.2657237573876039 0.37514640619804129 2.5761203558793859 0.14575556272512713 0.32347857214506337 0.79864976332589854 12.399982431853145 1.6295092682993857 8.1529145663995148 80.99758910371537 49.387477764953495 9.3275059576696417 0.80047438832093554 2.9628466400274078 2.6941661545014313 0.25668209137607789 0.31714182634627264 0.20615425385608432 0.77626787140206921 0.43181661308199182 0.42408212362573749 0.39020908464831905 0.47555165341827887 0.087391353173643438 0.37896292595485082 0.13740661996416748 0.32136088949396679
leaf_count=26527 453 505 24 6 4 133 5280 452 44 116 497 42 12255 49668 19008 7591 324 312 1742 1011 254 162 508 435 212 1211 474 29 712 2 1373
internal_value=-0.0034893 -0.00175045 0.0586307 -0.0124991 -0.0295927 0.0240856 -0.0434119 -0.00292403 -0.0286392 -0.0290436 -0.00337752 -0.00945028 0.00277408 -0.00229705 -0.00385897 -0.0563525 -0.0659245 -0.0197086 -0.000903502 -0.025714 0.0930634 0.102477 0.121836 0.134153 0.108354 0.121764 0.118563 0.124658 0.125524 0.134851 0.119005
internal_weight=223.231 209.289 3.99024 1.87743 13.9416 2.85434 11.0872 205.299 1.75578 9.03178 204.42 102.869 101.55 89.1505 91.9121 10.957 1.38064 8.23313 5.27029 1.05716 0.956498 0.879526 2.11281 1.68364 1.09856 0.73377 0.907368 0.674476 0.639356 0.527616 0.408752
internal_count=131366 120333 2918 1477 11033 3130 7903 117415 1512 7450 115588 53168 62420 61923 45535 7633 1379 7334 7022 1335 972 1827 1441 1417 1618 1375 909 1406 718 1213 1402
is_linear=0
shrinkage=0.12


Tree=243
num_leaves=30
num_cat=0
split_feature=56 56 87 57 43 60 7 19 5 52 30 65 85 68 61 87 86 54 71 57 30 53 5 56 0 1 53 62 82
split_gain=0.554455 0.858535 0.820236 1.27689 0.710114 0.573993 0.569325 0.635898 0.515483 0.608801 0.564245 0.542397 0.48297 0.461548 0.380497 0.379464 0.340322 0.301477 0.285901 0.245184 0.149755 0.0901252 0.07087 0.03539 0.0197148 0.00685113 0.00920355 0.00573196 0.00147127
threshold=6.0531251430511483 5.4270834922790536 1.0000000180025095e-35 -5.5806770324707022 19999989.000000004 10.482291698455812 13.233663082122805 25.126646995544437 0.87299999594688427 1.6947916746139529 0.11562499776482583 9.7786455154418963 1.1123571395874026 7.5000000000000009 -7.2651991844177237 0.026114285923540596 1.0000000180025095e-35 0.057928908616304405 0.90596848726272594 -2.076866507530212 0.748958319425583 -0.019365021027624604 9.0163002014160174 6.5390625000000009 21.294899940490726 230.31500244140628 0.11373646184802057 19999991.000000004 1.0000000180025095e-35
decision_type=2 2 2 2 2 2 2 2 2 2 2 2 2 2 2 2 2 2 2 2 2 2 2 2 2 2 2 2 2
left_child=1 5 3 -3 6 8 7 13 9 16 18 -12 -11 19 17 -16 -1 -9 -10 -2 28 -7 24 -15 27 -23 -27 -4 -5
right_child=4 2 22 20 -6 21 -8 14 10 12 11 -13 -14 23 15 -17 -18 -19 -20 -21 -22 25 -24 -25 -26 26 -28 -29 -30
leaf_value=0.091956700486934412 -0.0634954206475319 -0.09424419789508412 0.11640154062381658 0.12572043802211169 -0.17845261033228438 0.044785852193518001 -0.076268961214083872 -0.055374467924024194 0.0026316959180104761 -0.057724535265955647 -0.005354841757444744 0.011748606941367605 0.1204196231973393 0.041587002295151144 -0.053306414507782986 -0.001522947515597469 -0.080636089007254511 0.10636436711639381 0.090814528116016202 0.062011448383384793 0.032487717285326151 0.13496011865254876 0.078964203543599551 0.11670354636044736 0.15514825086767117 0.038267009355450445 0.12049513293584242 0.14081699432019637 0.11498256456941296
leaf_weight=0.73462515587620103 0.51601372947754953 0.9770638372966477 0.48598582995180073 0.48447255692855795 0.42876439594647386 0.2938356176419461 2.2694239326779106 0.23955165734445927 0.84693002851571408 5.4809265103974383 163.3930125361972 31.915352611193498 0.22827615661888945 0.10043440852015806 4.7303398808336983 3.5799193111575391 0.2119894716622639 0.54016355794446724 1.4122658410768165 0.39626546375045879 0.4157808871251234 0.41239195567629749 0.42011648355492059 0.89660575215878069 0.47881488626262581 0.025650038614571713 0.083114347557398105 0.19363198629332601 0.29601619282583158
leaf_count=2584 425 613 995 367 44 349 54 131 562 8306 68002 33819 439 640 3070 1930 195 1118 1681 293 335 217 56 3328 13 250 1011 72 467
internal_value=-0.00306917 -0.00153482 0.0553502 0.0075322 -0.0264573 -0.00257572 -0.0215458 -0.010255 -0.00297681 -0.0358236 -0.00187024 -0.00255997 -0.0506016 0.0527006 -0.0234787 -0.030999 0.0533054 0.0566734 0.0577564 -0.00897917 0.090659 0.0979305 0.121186 0.109137 0.136498 0.127894 0.101103 0.123358 0.121648
internal_weight=222.488 208.79 3.75188 2.17333 13.6975 205.038 13.2687 10.9993 204.223 6.65582 197.568 195.308 5.7092 1.90932 9.08997 8.31026 0.946615 0.779715 2.2592 0.912279 1.19627 0.814992 1.57855 0.99704 1.15843 0.521156 0.108764 0.679618 0.780489
internal_count=131366 120333 2918 1782 11033 117415 10989 10935 115588 11524 104064 101821 8745 4686 6249 5000 2779 1249 2243 718 1169 1827 1136 3968 1080 1478 1261 1067 834
is_linear=0
shrinkage=0.12


Tree=244
num_leaves=35
num_cat=0
split_feature=40 85 53 6 22 80 60 87 40 27 40 11 82 46 22 52 87 23 64 53 13 19 52 60 22 50 80 86 52 27 22 64 53 52
split_gain=0.523458 0.964248 1.53501 1.05909 1.23671 1.87437 1.052 0.958216 0.947378 0.777914 0.783373 0.630733 3.91828 2.2953 0.958661 1.26112 0.932701 3.22035 1.87241 0.965507 1.6041 1.22908 0.619444 0.500782 0.489825 0.433117 0.410095 0.409689 0.494282 0.176352 0.163924 0.0523152 0.0481701 0.0327607
threshold=0.28884215652942663 1.0000000180025095e-35 0.072473477572202696 9.3499498367309588 6.0284874439239511 1.0000000180025095e-35 5.6820313930511483 0.059557143598794944 0.25281466543674475 126.17111587524415 0.31026868522167211 0.802350014448166 0.37500000000000006 0.06366396322846414 2.5993750095367436 2.0364582538604741 0.017400000244379047 0.58280083537101757 1.5000000000000002 0.20417419821023944 3.4954500198364262 38.419950485229499 1.4570312500000002 3.3458333015441899 3.8863499164581303 0.05964327976107598 1.0000000180025095e-35 1.0000000180025095e-35 2.4739582538604741 55.836992263793952 0.97573330998420726 33.500000000000007 0.081542681902647032 2.2447917461395268
decision_type=2 2 2 2 2 2 2 2 2 2 2 2 2 2 2 2 2 2 2 2 2 2 2 2 2 2 2 2 2 2 2 2 2 2
left_child=8 2 9 4 7 23 25 31 11 10 -2 12 14 -14 -1 -16 19 -18 -19 21 -21 -13 -15 -6 -12 -4 -27 28 29 -10 -29 -3 -7 -31
right_child=1 3 6 -5 5 32 -8 -9 27 -11 24 16 13 22 15 -17 17 18 -20 20 -22 -23 -24 -25 -26 26 -28 30 -30 33 -32 -33 -34 -35
leaf_value=-0.091292668169830699 -0.091101217767565773 0.12798488259302429 -0.0057337069296882481 -0.062906254993699146 -0.084249394603227779 0.12877103716110619 -0.081393469875072566 -0.066005358014309415 0.046372418791851167 -0.12368948961588452 -0.0097837527817733177 -0.0023036559550766527 -0.07125807577722594 -0.00011664877086107132 0.011851668433948448 -0.067479152808737244 -0.13249161218713484 0.079557307303168054 -0.008112834860725459 0.047120909482254489 -0.04324606849150861 0.05791644293347753 0.10236827231419623 -0.2508013972819802 0.094450888584906051 0.15997073775696027 0.07029482247165636 -0.069680831005270005 -0.033561808051058073 0.1226000857623827 0.032852296301275299 0.073695965213828554 0.053871567022742158 0.085969946990504836
leaf_weight=5.7754382743646238 1.2677826130116132 1.3136619746712765 0.64482684318431926 9.3323518966390093 0.54773074089328566 0.40202181750601074 0.64651804830637605 0.54786635942218698 0.75948031129442473 1.1148469136514902 2.2227308157890211 62.877358380097917 1.7296637929706822 1.0189539783042674 5.2812460142886248 6.3612711439212717 2.9123403194878383 3.6821056628912165 74.190202386175002 17.032850129599602 3.3918983154637301 5.2911440417531699 5.0998101698972818 0.49480747300134453 0.91704721736374484 1.1366661920763408 2.0746518195435328 0.42689202845212992 0.50447756194657234 1.5480584676906235 0.47366103580463914 0.31735274142101833 0.17856717457163995 0.45491048297159853
leaf_count=242 306 925 195 407 798 404 455 113 466 48 439 42910 428 256 394 509 210 613 44145 8249 17220 3062 1602 327 1036 894 808 16 470 1044 595 640 627 513
internal_value=-0.00269073 -0.0197646 0.00826218 -0.0411565 0.01223 -0.0670656 0.0602646 0.0713001 -0.000701809 -0.0341377 -0.0114865 -0.00191391 -0.0196003 0.0507984 -0.0513216 -0.0314933 0.000724406 -0.00860083 -0.00396745 0.00922772 0.0321138 0.00237054 0.0853015 -0.163298 0.0206605 0.0840148 0.102036 0.0559098 0.0756639 0.0956107 -0.0157518 0.117422 0.105735 0.114281
internal_weight=221.971 23.1594 10.0251 13.1344 3.80201 1.62313 4.50266 2.17888 198.812 5.52241 4.40756 194.644 25.2664 7.84843 17.418 11.6425 169.378 80.7846 77.8723 88.5933 20.4247 68.1685 6.11876 1.04254 3.13978 3.85614 3.21132 4.16748 3.26693 2.76245 0.900553 1.63101 0.580589 2.00297
internal_count=131366 8422 4181 4241 3834 2156 2352 1678 122944 1829 1781 119840 3431 2286 1145 903 116409 44968 44758 71441 25469 45972 1858 1125 1475 1897 1702 3104 2493 2023 611 1565 1031 1557
is_linear=0
shrinkage=0.12


Tree=245
num_leaves=28
num_cat=0
split_feature=18 12 1 78 15 0 0 85 0 0 46 8 74 14 87 15 49 82 4 52 58 49 34 34 14 87 33
split_gain=0.862547 0.993295 1.22633 1.45557 3.78104 1.65509 2.00371 1.41621 1.10738 0.899342 0.881738 1.16363 1.41006 1.33013 1.1881 1.17717 1.08494 0.958189 1.1058 0.787196 0.751528 0.733412 1.27789 0.809769 0.47568 0.776148 0.139209
threshold=0.32187499105930334 0.55910000205039989 341.61500549316412 1.0000000180025095e-35 2.6726560592651372 16.437699317932132 21.294899940490726 0.63318571448326122 16.266850471496586 22.579049110412601 0.44419322907924658 1.0000000180025095e-35 0.097613908350467696 -0.82713100314140309 0.017400000244379047 2.3439179658889775 0.058206923305988319 0.37500000000000006 3.1653499603271489 2.1010416746139531 3.1378732919692998 0.40355065464973455 319.33572387695318 298.87142944335943 0.60028550028800975 0.097957145422697081 0.9381714165210725
decision_type=2 2 2 2 2 2 2 2 2 2 2 2 2 2 2 2 2 2 2 2 2 2 2 2 2 2 2
left_child=1 19 3 5 -5 8 -7 21 -3 -6 11 12 13 -2 20 -16 -15 -13 26 -1 -14 23 -23 -4 -9 -26 -19
right_child=10 2 7 4 9 6 -8 24 -10 -11 -12 17 14 16 15 -17 -18 18 -20 -21 -22 22 -24 -25 25 -27 -28
leaf_value=-0.038498673768279444 -0.085746962040280122 0.0043728680018359292 -0.068399224704750183 -0.093809334492546553 0.053230610968683367 0.0452180887406156 -0.0016829023132005965 -0.13227505177510795 -0.10454922276284372 -0.14099346907193738 -0.096515045203653713 -0.079550557746602843 0.05768627985394776 0.012476895129764623 -0.097336523186132604 0.024245909145980779 0.1008418748257842 -0.040250806901868767 0.055613052349838696 0.0046801161034989713 -0.025342571429515869 0.0034762855133721078 -0.05345106878306926 0.06515088287060665 0.12430951180186607 -0.14535016442162871 -0.10900381905554923
leaf_weight=13.453165155318375 1.0903208624804381 57.381793927541366 0.80785428748231414 6.1098967094003438 5.4955382853583785 40.801769917386622 19.331734004034018 1.8295015382391278 1.3763295489353016 0.36618097261998617 1.9200480959284494 5.5752378521233386 2.8389427341258777 4.1067253267345922 4.1349710891527138 1.5867877448881698 3.9017947151023691 0.86287831743368337 2.1443935263799858 11.093680160208747 3.5115825087377743 18.415637958846226 8.2095765175962381 3.428087804764977 0.30797494436720274 0.30682845455089591 0.83392457337981796
leaf_count=468 20 65901 386 153 4752 13984 1781 43 747 168 480 434 1347 1075 50 1325 2634 459 523 514 1683 19464 8277 3205 1073 158 344
internal_value=0.000420196 0.00353009 0.00689652 0.0121288 -0.0277543 0.0161447 0.0301403 -0.0136619 0.00182152 0.0410975 -0.0176336 -0.012682 0.00292742 0.0385996 -0.0239586 -0.0636187 0.0555288 -0.0477771 -0.00165996 -0.0189845 0.0117747 -0.00669794 -0.0140766 0.039681 -0.101587 -0.0102689 -0.0740407
internal_weight=221.223 188.716 164.169 130.863 11.9716 118.892 60.1335 33.3055 58.7581 5.86172 32.5076 30.5876 21.1711 9.09884 12.0723 5.72176 8.00852 9.41643 3.8412 24.5468 6.35053 30.8612 26.6252 4.23594 2.4443 0.614803 1.6968
internal_count=131448 121074 120092 87486 5073 82413 15765 32606 66648 4920 10374 9894 8134 3729 4405 1375 3709 1760 1326 982 3030 31332 27741 3591 1274 1231 803
is_linear=0
shrinkage=0.12


Tree=246
num_leaves=27
num_cat=0
split_feature=58 57 46 5 74 18 70 32 36 32 33 52 27 87 6 21 35 48 27 80 5 68 48 48 33 49
split_gain=0.824288 1.45652 0.96217 0.834908 0.910522 0.832764 1.083 3.07246 3.13664 1.89496 1.72149 1.14831 0.882263 0.779433 1.60945 1.47798 1.04359 0.844468 0.608411 0.594596 2.06986 1.29811 1.00348 0.97106 0.663463 0.232976
threshold=19999967.000000004 -31.942899703979489 0.47279074788093572 9.4421997070312518 0.055215444415807731 0.37187500298023229 1.0000000180025095e-35 0.21487037092447284 1.0000000180025095e-35 0.22144466638565066 1.0629000067710879 2.3385417461395268 81.219776153564467 0.017400000244379047 10.037549972534181 1.5659124851226809 3.6548196077346806 1.9135416746139529 43.901195526123054 0.37500000000000006 9.0163002014160174 14.500000000000002 1.338541626930237 0.86614584922790538 0.9803999960422517 0.23533459752798083
decision_type=2 2 2 2 2 2 2 2 2 2 2 2 2 2 2 2 2 2 2 2 2 2 2 2 2 2
left_child=3 25 19 5 -5 6 7 12 -9 10 -8 -11 -1 15 16 18 -15 -17 -7 21 23 24 -23 -21 -3 -2
right_child=1 2 -4 4 -6 13 9 8 -10 11 -12 -13 -14 14 -16 17 -18 -19 -20 20 -22 22 -24 -25 -26 -27
leaf_value=-0.0081146001964423689 -0.074429094300023022 -0.067209954437574659 -0.15000257571445738 -0.044009506388380408 0.0074859282318931342 -0.069071554564304721 0.14165776198690383 0.011075156455976599 0.06152481484223693 -0.010286680007421545 0.012897014552046289 -0.063644779831801626 -0.058223933565244274 -0.12484839889188061 -0.078987147521843229 0.069123491663995007 0.11385928589126197 -0.071187088659981274 -0.0025608805372235202 -0.11081374505806586 -0.13452390014325516 0.00936620810568237 0.10332042706872521 0.033837219808257012 0.0039361577597620398 -0.15215912337997264
leaf_weight=17.421462977196033 1.1169559798747202 3.3553996320535955 0.69593106760274182 10.743478071512927 9.1601632491955325 3.5844213505832858 1.6993716110077901 62.593036325798764 24.768910232890207 20.66016048866658 12.445089006246418 8.0790700612549369 7.1306155075116342 0.33988091501942008 5.5923618234023706 4.4881901391642876 1.1770892882605037 0.71625530734286247 4.4260413001827033 0.8089914154625707 2.1139875450642194 4.4097484958170554 2.6033674493781405 3.8425064698868425 4.314312427734194 1.1041589965741421
leaf_count=3663 300 5973 540 340 550 576 583 53334 19713 13121 5623 6115 2708 235 127 3403 1640 141 782 569 98 1979 1499 4344 3128 364
internal_value=0.000379556 -0.0204304 -0.0111384 0.00297943 -0.02031 0.00562641 0.00862486 0.0148381 0.0253787 -0.00758986 0.0283668 -0.0252865 -0.0226678 -0.017211 -0.0492502 2.53597e-05 0.0603762 0.0498134 -0.0323222 -0.0066327 -0.0360668 0.00692981 0.0442433 0.00867943 -0.0271893 -0.11307
internal_weight=219.391 24.3654 22.1442 195.026 19.9036 175.122 154.798 111.914 87.3619 42.8837 14.1445 28.7392 24.5521 20.3242 7.10933 13.2149 1.51697 5.20445 8.01046 21.4483 6.76549 14.6828 7.01312 4.6515 7.66971 2.22111
internal_count=131448 18794 18130 112654 890 111764 104860 79418 73047 25442 6206 19236 6371 6904 2002 4902 1875 3544 1358 17590 5011 12579 3478 4913 9101 664
is_linear=0
shrinkage=0.12


Tree=247
num_leaves=23
num_cat=0
split_feature=18 4 13 5 33 32 4 46 69 0 13 1 45 53 48 13 82 44 48 40 57 28
split_gain=0.573462 0.657008 1.05749 0.656173 0.885309 1.07146 1.40618 1.66405 1.35215 0.920007 1.2701 1.01512 0.783598 0.945549 0.617589 0.600019 0.840159 1.8057 0.680659 0.385669 0.441922 0.00397207
threshold=0.32187499105930334 3.8694499731063847 -1.5090500116348264 9.4421997070312518 0.66772854328155529 0.21487037092447284 1.5527500510215761 0.27809068560600286 13.500000000000002 11.094200134277346 4.4874999523162851 179.31000518798831 0.50364741683006298 0.039728365838527686 1.9135416746139529 -2.8484499454498287 1.0000000180025095e-35 0.59479168057441723 0.76354166865348827 0.34963867068290716 -22.104575157165524 74.895435333251967
decision_type=2 2 2 2 2 2 2 2 2 2 2 2 2 2 2 2 2 2 2 2 2 2
left_child=3 2 -2 4 15 9 8 -8 -7 11 -11 -6 13 -5 19 -1 17 -17 -18 20 -4 -21
right_child=1 -3 14 12 5 6 7 -9 -10 10 -12 -13 -14 -15 -16 16 18 -19 -20 21 -22 -23
leaf_value=-0.074568263098402157 -0.026347571680845217 -0.050110008204003097 -0.027879661968449349 -0.0036945709636522399 -0.00057305628416562621 0.029254035705563605 0.0051654245780314943 0.092534356006533064 0.10617812950075556 -0.0033875615799309066 0.074089031413434009 -0.059977720929079097 0.013715709157998376 -0.064952796688335687 -0.059312773777348983 0.094961862129701313 -0.07759494244511049 -0.026745472715785416 -0.011589399056977647 0.10926756417351867 0.040968890982280529 0.12776620125244914
leaf_weight=2.0660149255481874 15.056286429722153 6.0731750169038596 1.6812800279485891 7.6056657601603224 8.9730320320082075 15.891861250214044 67.95242651766354 3.2912051030300224 4.1497387818067955 18.634543832601825 3.6424962078193053 7.6941174017015035 8.0658235276612213 6.9386155838103605 1.1448300578822461 3.2171284371709765 2.5109519238488245 3.86342369719722 21.625533439570813 0.28140249148202734 6.6628400523603615 0.41167366077092993
leaf_count=41 446 309 855 406 4176 5465 41129 5182 22122 5394 2043 1885 291 254 340 4317 1096 3586 23687 242 7695 487
internal_value=0.000350473 -0.0146746 -0.00614771 0.00287815 0.00552767 0.00999153 0.017101 0.00920156 0.0451817 -0.00667299 0.00928056 -0.0279962 -0.0162827 -0.0329189 0.0237221 -0.0119384 -0.00779346 0.0285536 -0.018456 0.0342409 0.0270964 0.120255
internal_weight=217.434 31.3115 25.2383 186.123 163.512 130.229 91.2852 71.2436 20.0416 38.9442 22.277 16.6671 22.6101 14.5443 10.182 33.2831 31.217 7.08055 24.1365 9.0372 8.34412 0.693076
internal_count=131448 10374 10065 121074 120123 87396 73898 46311 27587 13498 7437 6061 951 660 9619 32727 32686 7903 24783 9279 8550 729
is_linear=0
shrinkage=0.12


Tree=248
num_leaves=33
num_cat=0
split_feature=73 17 30 2 22 18 57 74 74 65 61 21 65 14 53 74 80 23 11 4 6 11 18 21 38 60 80 52 14 53 6 28
split_gain=0.541497 1.16071 1.19343 0.650505 0.619035 0.735786 0.60524 0.948642 1.01912 2.01046 1.86393 1.77745 1.43724 1.29756 1.17175 0.920615 0.68208 1.30222 1.05221 1.23071 1.38999 0.989941 0.832507 0.93089 0.624461 0.55226 0.443258 0.420723 0.393261 0.348603 0.0467958 0.0421626
threshold=1.0000000180025095e-35 1.5000000000000002 0.76328125596046459 0.50510999560356151 2.1344833374023442 0.30520834028720861 -6.3097379207611075 0.40086615085601812 0.092759601771831526 9.6927084922790545 -0.055690333247184746 1.8693749904632571 11.574479103088381 -0.58035701513290394 0.19726142287254336 0.56428062915802013 0.62500000000000011 1.5313089489936831 0.802350014448166 2.2905000448226933 11.860249996185305 1.552900016307831 0.30364583432674414 3.7743124961853032 1.0000000180025095e-35 0.69531250000000011 0.62500000000000011 2.0239583253860478 0.38016299903392797 0.2078976854681969 11.530000209808351 4.5244843959808358
decision_type=2 2 2 2 2 2 2 2 2 2 2 2 2 2 2 2 2 2 2 2 2 2 2 2 2 2 2 2 2 2 2 2
left_child=6 3 4 -2 -3 31 16 8 9 14 12 -11 -10 -12 -8 27 18 -18 -1 20 -20 -21 23 -19 26 -26 -17 30 -24 -29 -9 -6
right_child=1 2 -4 -5 5 -7 7 15 10 11 13 -13 -14 -15 -16 24 17 22 19 21 -22 -23 28 -25 25 -27 -28 29 -30 -31 -32 -33
leaf_value=-0.053192631693822157 -0.028914273476301062 -0.1071822495962514 -0.21678562497171 0.13045638708455876 0.054873399674921879 -0.049207450089172933 0.0067679514563356727 0.11094912230452339 -0.032817139169007643 -0.0023397417537213928 -0.048709613160102416 0.095528160425166306 -0.14165265152323342 0.04640467760811659 -0.026508592190256204 0.021318155386266986 -0.073163167803575652 0.050561201705446368 0.0010810044728730669 0.0061207206339838867 -0.096714366137432423 0.076803489533983985 -0.086872180981784744 -0.076961168059707943 0.0018496567636111668 0.11306202699832528 -0.018293561926375764 0.031411097953153937 -0.0027810052348091851 0.12924354315381004 0.15848463780892882 0.1231957019453231
leaf_weight=4.776752981838988 0.70839755168105856 1.2680081332746342 0.66797680840727469 0.76933291165687478 0.17903218697028966 1.423604329851514 81.133233509750227 0.5382411560858873 13.383312319527592 4.5924854906822343 2.8901719375160155 6.3910806084885081 2.0095970834805135 7.2373156537002199 18.761371403300146 12.070584051841651 6.3137737107731473 4.4574872295449932 15.33822996550286 6.3063118788739967 2.4235283943289678 5.2109804106650586 1.8129198139854454 1.0113258521714668 1.0528877561942658 1.6515828141308118 6.1357167482324249 2.3313414777747998 1.4345129300554615 0.67671936177117675 0.66873579286038876 0.47555610970559314
leaf_count=549 470 79 404 431 36 196 33453 781 5497 2831 97 10432 2792 6105 13994 13064 161 4260 13156 1736 41 2618 19 612 2627 7204 3402 1753 822 648 5 1173
internal_value=0.000330745 -0.036868 -0.07034 0.0540569 -0.0411061 -0.000789804 0.00130074 0.00484695 0.00089994 0.00587628 -0.0207207 0.0546073 -0.047026 0.0192611 0.000518229 0.0262738 -0.0103686 -0.0316616 -0.000971251 0.00754845 -0.0122628 0.038101 -0.00159915 0.026979 0.015961 0.0697655 0.00796859 0.0774354 -0.049726 0.0534203 0.137287 0.104509
internal_weight=216.102 5.49191 4.01418 1.47773 3.3462 2.07819 210.61 161.524 136.399 110.878 25.5204 10.9836 15.3929 10.1275 99.8946 25.1258 49.0858 15.03 34.0558 29.2791 17.7618 11.5173 8.71625 5.46881 20.9108 2.70447 18.2063 4.21504 3.24743 3.00806 1.20698 0.654588
internal_count=131448 2789 1888 901 1484 1405 128659 104685 75201 60710 14491 13263 8289 6202 47447 29484 23974 5874 18100 17551 13197 4354 5713 4872 26297 9831 16466 3187 841 2401 786 1209
is_linear=0
shrinkage=0.12


Tree=249
num_leaves=33
num_cat=0
split_feature=58 57 40 46 46 86 48 80 14 73 57 22 10 19 19 85 45 32 19 58 84 86 56 46 84 83 27 62 68 58 49 45
split_gain=0.598091 1.08437 0.712734 0.6553 0.734577 0.812686 0.581125 0.518648 0.579942 0.490794 0.935013 0.768017 0.708105 0.605944 0.910219 0.83333 1.1755 1.08996 0.723693 0.735027 0.718714 0.553968 0.79154 0.747815 0.591634 0.551086 0.47121 0.409205 0.222139 0.217794 0.147132 0.10552
threshold=19999967.000000004 -31.942899703979489 0.13467264175415042 0.47279074788093572 0.064185276627540602 1.0000000180025095e-35 0.70104166865348827 0.62500000000000011 0.38016299903392797 1.0000000180025095e-35 0.27631697058677679 1.2970749735832217 1.0000000180025095e-35 37.190511703491218 30.018787384033207 0.92870000004768383 0.033073225989937789 0.20634794980287555 28.789348602294925 19999951.000000004 1.0000000180025095e-35 1.0000000180025095e-35 2.2390624284744267 0.34384296834468847 1.0000000180025095e-35 1.0000000180025095e-35 113.87673187255861 19999967.000000004 8.5000000000000018 11.651529312133791 0.23533459752798083 0.1831265985965729
decision_type=2 2 2 2 2 2 2 2 2 2 2 2 2 2 2 2 2 2 2 2 2 2 2 2 2 2 2 2 2 2 2 2
left_child=9 30 3 4 6 -6 -3 26 -9 13 -11 -12 25 14 18 17 -17 -16 19 -1 -20 23 31 24 -15 -13 27 -4 -10 -14 -2 -23
right_child=1 2 7 -5 5 -7 -8 8 28 10 11 12 29 21 15 16 -18 -19 20 -21 -22 22 -24 -25 -26 -27 -28 -29 -30 -31 -32 -33
leaf_value=0.0046779878714359718 -0.068185480744076779 0.054274332047280396 0.0089150161896917168 -0.13912031382700504 0.011749103824213644 -0.079268215184507163 -0.075958763749589681 -0.11415763892241829 -0.020538777771106805 -0.17385592448876575 -0.11768590354905868 -0.058509213218060241 0.12949978679052265 -0.025825192977448154 -0.10629169993365738 -0.080177345620714324 0.035468111766265624 0.051487823137950743 -0.026366117635566361 0.063801391366905033 0.036317625238034543 0.056751702253868379 -0.031489466518470649 -0.089708295953773456 0.042094259665152789 0.066940508441288502 -0.042964005710292866 0.10726976225157084 0.11318891961454536 0.026208857295380219 -0.13103331101131649 0.11931363640346471
leaf_weight=121.44524646323094 1.0935652333382138 0.56824346731687825 0.88679035366664027 0.65232620795649054 10.143807963122459 1.6412205082726536 3.7454563342660094 0.64167707376327576 0.37728562578860192 0.60461141002997365 0.86370679642641324 1.998334226940216 0.67156621992376153 11.702345724820594 0.65989812659187208 2.1204658595390802 3.1398360373776057 14.144113108036121 18.729496998425251 3.1053616643306006 3.0649908779375172 0.72812613658811576 1.5241676226601155 2.2479058571514079 2.1929098447907327 0.67442623036731664 0.57165237619363996 1.9454810269898386 0.34013028194686967 0.52279472177372099 1.0528070442039732 0.8316205738312874
leaf_count=81351 300 169 637 435 10203 827 2266 16 325 354 22 1248 466 3123 581 201 1268 7199 7315 2393 3060 158 337 476 1697 367 351 2174 727 332 364 706
internal_value=0.000316844 -0.0176798 -0.0095655 -0.0212122 -0.0164345 -0.000926257 -0.0588032 0.0313949 -0.0312726 0.00254653 -0.0333368 -0.0153781 0.00747197 0.00357786 0.00590828 0.0298769 -0.0111494 0.0444547 0.00262212 0.00615208 -0.0175508 -0.0165918 0.0300108 -0.0254945 -0.0151063 -0.0268541 0.0564162 0.0764747 0.0428622 0.0842874 -0.0990127 0.0901083
internal_weight=214.632 23.6604 21.5141 16.7511 16.0987 11.785 4.3137 4.76302 1.35909 190.972 5.33544 4.73083 3.86712 185.636 166.409 20.0643 5.2603 14.804 146.345 124.551 21.7945 19.2271 3.08391 16.1432 13.8953 2.67276 3.40392 2.83227 0.717416 1.19436 2.14637 1.55975
internal_count=131448 18794 18130 13900 13465 11030 2435 4230 1068 112654 2789 2435 2413 109865 103368 9249 1469 7780 94119 83744 10375 6497 1201 5296 4820 1615 3162 2811 1052 798 664 864
is_linear=0
shrinkage=0.12


Tree=250
num_leaves=34
num_cat=0
split_feature=35 70 44 15 80 48 58 15 35 12 46 12 87 87 21 46 11 48 16 76 4 21 50 50 75 71 14 19 38 12 35 23 35
split_gain=0.690219 1.18033 1.36827 1.00388 1.7924 1.24569 1.09647 0.994769 1.36666 0.898074 0.888014 0.843191 0.967746 1.7546 1.50071 0.839251 0.82101 0.779039 0.623542 0.652169 0.396464 0.652067 0.374684 0.261166 0.2573 0.0273702 0.0191211 0.016788 0.00243016 0.0014219 0.000179502 3.19193e-05 1.19014e-05
threshold=6.3710865974426278 1.0000000180025095e-35 0.80078125000000011 1.3921459913253786 0.37500000000000006 1.3197916746139529 0.11939397454261781 3.6119838953018193 4.5244843959808358 3.4516499042510991 0.65601646900177013 0.37340000271797186 0.24432857334613803 0.091185711324214949 0.64490830898284923 0.12097043544054033 1.613849997520447 1.369791626930237 1.5000000000000002 1.0000000180025095e-35 2.7955499887466435 0.13955000042915347 0.16198509186506274 0.10304271057248117 1.0000000180025095e-35 2.1797411441802983 0.25207699835300451 47.640737533569343 1.0000000180025095e-35 0.73544999957084667 5.3506467342376718 2.2090684175491337 4.5244843959808358
decision_type=2 2 2 2 2 2 2 2 2 2 2 2 2 2 2 2 2 2 2 2 2 2 2 2 2 2 2 2 2 2 2 2 2
left_child=1 2 7 4 5 6 -2 -1 9 -9 11 -5 13 -13 -14 16 18 23 -3 -20 22 -22 -19 -17 25 -18 -26 29 30 -12 32 -31 -4
right_child=3 15 28 10 -6 -7 -8 8 -10 -11 27 12 14 -15 -16 17 24 20 19 -21 21 -23 -24 -25 26 -27 -28 -29 -30 31 -32 -33 -34
leaf_value=-0.079774673378140731 0.010802675586755458 -0.028585506712342706 -0.12018688612952223 -0.033742464479473974 -0.04763131008478956 0.03116087041048057 -0.035479269070529236 0.045295734735744053 0.018460385813895464 -0.067209123176446159 0.13557653893576857 0.006357743344459388 0.12401297257450379 -0.098150491616959906 0.02042057498459603 0.097013468035989162 0.088710660256369769 -0.098256241222236113 0.07562984073587041 -0.038283684362153396 -0.055440925071893472 0.060924329877221274 -0.024766861033546497 -0.00024210536278667418 0.033004790459612354 0.12762349467609682 0.061806061852194512 0.16236275805058406 -0.13299544121223697 0.12258531397425421 -0.12306057518788495 0.12027191045080711 -0.12105757881354122
leaf_weight=3.5179031818442246 15.440263225165809 3.0688072502890709 0.45247778173066355 5.9875239482944371 13.001816335097372 15.009257576624803 14.104759801955877 1.2203189881970526 10.288223007955592 6.278106181498174 0.14633340435102482 56.417605373338915 2.1019161865627884 2.4122454015923713 48.001694675724792 0.9626838870091754 0.32683913709463763 1.8925665839229848 2.6694601625968635 0.9929138043585225 1.4688487089033517 1.3135699322103844 2.1160019340493363 0.67736823825727299 0.62161042261868715 1.2783131429405044 0.71228730660550355 0.28340843039040919 0.33210151642560948 0.17532829246783876 0.8368847009842284 0.16834985374666189 0.45177715958561748
leaf_count=422 362 384 3073 216 497 315 298 463 500 2988 4 70003 995 864 41688 303 597 516 912 217 79 1021 569 569 19 1345 590 5 4 32 62 1231 75
internal_value=0.0011914 -0.012713 -0.0305253 0.00452034 -0.00843043 0.00300916 -0.0112923 -0.0214689 -0.00993702 -0.0488997 0.0109631 0.0101007 0.0125105 0.00207251 0.0247664 0.0102916 0.0344182 -0.017381 0.0113138 0.0447465 -0.035307 -0.000505303 -0.0594634 0.0568453 0.0873332 0.1197 0.0483844 0.139116 -0.123588 0.12567 -0.121794 0.121452 -0.120622
internal_weight=214.73 41.4791 23.3778 173.251 57.5561 44.5543 29.545 21.3046 17.7866 7.49843 115.694 114.921 108.933 58.8299 50.1036 18.1013 9.67023 8.43104 6.73118 3.66237 6.79099 2.78242 4.00857 1.64005 2.93905 1.60515 1.3339 0.77342 2.07324 0.490012 1.74114 0.343678 0.904255
internal_count=131218 14708 7587 116510 1472 975 660 4373 3951 3451 115038 113766 113550 70867 42683 7121 4064 3057 1513 1129 2185 1100 1085 872 2551 1942 609 1272 3214 1267 3210 1263 3148
is_linear=0
shrinkage=0.12


Tree=251
num_leaves=42
num_cat=0
split_feature=32 85 27 35 27 32 85 48 64 15 13 61 6 27 61 22 74 74 4 45 18 48 1 4 22 27 69 65 17 48 18 48 48 54 82 7 32 21 27 35 48
split_gain=0.560551 1.14903 1.4372 1.09412 1.12248 1.17434 0.943128 1.24749 1.71294 1.30413 1.39463 1.05578 1.04647 1.04598 0.996988 0.996569 0.944931 1.08252 0.897603 0.827117 0.942627 0.80814 0.784299 1.01255 0.698519 0.677756 0.919462 0.648823 0.598151 0.588922 0.567566 0.44181 0.409077 0.360519 0.333015 0.252622 0.201373 0.163642 0.066205 0.00269575 0.00134245
threshold=0.21642699092626574 0.79115715622901928 94.74359512329103 4.5244843959808358 50.919240951538093 0.20634794980287555 1.0000000180025095e-35 1.3070312142372134 27.500000000000004 13.181269168853762 -2.5172500610351558 -0.097243413329124437 11.860249996185305 105.83415603637697 -52.518098831176751 2.4996666908264165 0.25756289064884191 0.080388545989990248 0.85130000114440929 0.19421154260635379 0.21770833432674411 1.7510416507720949 440.27999877929693 0.42870000004768377 0.77785000205039989 69.540111541748061 10.500000000000002 1.1770833134651186 1.5000000000000002 1.6072916984558108 0.40937499701976782 1.8635416626930239 1.526041626930237 0.28987203538417822 1.0000000180025095e-35 13.233663082122805 0.44371643662452703 0.25426666438579565 138.46549224853518 7.0740752220153817 0.68203124403953563
decision_type=2 2 2 2 2 2 2 2 2 2 2 2 2 2 2 2 2 2 2 2 2 2 2 2 2 2 2 2 2 2 2 2 2 2 2 2 2 2 2 2 2
left_child=1 2 3 4 5 -1 7 9 15 10 -2 -12 13 22 -10 28 17 -11 -16 29 -21 -6 23 -8 -15 26 -5 -4 -9 32 -17 34 33 -3 -31 37 -26 -22 39 -29 -18
right_child=6 19 27 25 21 -7 12 8 14 16 11 -13 -14 24 18 30 40 -19 -20 20 35 -23 -24 -25 36 -27 -28 38 -30 31 -32 -33 -34 -35 -36 -37 -38 -39 -40 -41 -42
leaf_value=-0.056317282119612816 -0.02122905245148908 0.018007437823787553 -0.016085490070369902 -0.021816597793631928 -0.12391958121621692 0.066045737205907076 0.12367018621565078 -0.014025863459316817 0.17710988128833044 -0.01799923775314052 0.038881756794531735 0.0042876550372820087 -0.081826269485468658 -0.037019527321711237 0.051087849055386034 0.13428157966068502 0.1357218570544011 -0.14207881869629499 -0.00078059062902672974 -0.070716327198589501 0.036652286444948189 0.046964793646904805 -0.11423558860783628 -0.011406773471568307 0.14840423321865545 -0.01513342820134426 0.070816031106719329 -0.12275140172486111 0.076845645015751085 -0.09438524754304041 -0.00048788478572553629 0.040533489133211267 0.088050270362178246 -0.047297772897469836 -0.022505659647653106 0.0094557162160142094 0.060109693473275314 0.1219319467204395 -0.078767910924669962 -0.13054990554227677 0.12041337600977751
leaf_weight=3.1633088925282404 21.304612665811192 8.5871177649229953 1.2444359530772988 2.5611065941957376 3.0415798711811708 1.7565860264003275 0.81900831956356412 1.9440705079059535 0.52990769867665122 2.0870123889681187 17.954401209013291 43.439554614538302 2.8387662595840757 0.59189602610695091 6.2057482831174857 3.6434201951524017 0.13048663826940998 1.9666002729543945 21.276147522009254 0.60607023965422913 0.38365056209841064 0.45860179007922841 1.0338525616721188 32.92192470456304 1.0023885056478716 10.862167022216452 3.8815613299591405 1.2619482807335634 2.2506627292777921 1.5861168535413974 0.51338950376168657 0.91428211826269024 1.0334950580520956 1.4183570853743948 2.2373849455686354 0.43457772571127851 0.59141937218245733 2.0845069340007001 0.49557204419068046 1.2915682978928089 0.22425582307850078
leaf_count=876 527 2737 120 202 3439 144 1381 241 88 5416 15042 30494 76 35 6775 9598 366 1636 15286 261 36 646 97 21919 1826 369 803 1543 531 280 438 518 592 264 868 10 609 1975 269 22 2863
internal_value=0.00106365 -0.01015 -0.0248334 -0.0141064 -0.0495847 -0.0126291 0.00444992 0.00962802 0.0282967 0.00183467 0.00522471 0.0144046 -0.0116142 -0.00622156 0.0140756 0.0759956 -0.0617608 -0.0781961 0.0109319 0.0127051 0.0654011 -0.10153 -0.0112826 -0.00812799 0.0742996 0.00315636 0.0339925 -0.0891046 0.0347308 0.000985346 0.117637 -0.0344044 0.0161742 0.0087499 -0.0523237 0.0938215 0.11564 0.108676 -0.118906 -0.126696 0.126044
internal_weight=212.574 49.304 30.0184 25.7249 8.42008 4.91989 163.27 123.47 36.3633 87.1069 82.6986 61.394 39.7993 36.9605 28.0118 8.35154 4.40836 4.05361 27.4819 19.2856 3.50881 3.50018 34.7748 33.7409 2.1857 17.3048 6.44267 4.29352 4.19473 15.7768 4.15681 4.73778 11.039 10.0055 3.8235 2.90274 1.59381 2.46816 3.04909 2.55352 0.354742
internal_count=131218 15974 8433 6479 5105 1020 115244 89301 32957 56344 46063 45536 25943 25867 22149 10808 10281 7052 22061 7541 2282 4085 23397 23300 2470 1374 1005 1954 772 5259 10036 1666 3593 3001 1148 2021 2435 2011 1834 1565 3229
is_linear=0
shrinkage=0.12


Tree=252
num_leaves=15
num_cat=0
split_feature=15 80 1 54 6 82 19 32 19 12 15 80 11 68
split_gain=0.496637 1.81564 1.28802 1.17654 0.907163 1.37197 1.51626 1.26043 1.12351 1.04758 0.93945 1.21288 2.05194 1.02003
threshold=1.3921459913253786 0.37500000000000006 229.22000122070315 0.15575013309717181 10.758950233459474 0.37500000000000006 27.585523605346683 0.35081231594085699 23.53862285614014 0.37340000271797186 1.6102454662323 0.37500000000000006 3.8413499593734746 1.0000000180025095e-35
decision_type=2 2 2 2 2 2 2 2 2 2 2 2 2 2
left_child=1 2 -1 -4 9 7 8 -6 -7 -2 -11 13 -13 -12
right_child=4 -3 3 -5 5 6 -8 -9 -10 10 11 12 -14 -15
leaf_value=-0.028528978994597585 -0.060927702761639932 -0.047370481817153476 0.039019465344687219 -0.0066680215648989537 0.087969076891959624 -0.010236486560630682 -0.0228787533643393 0.0083697569729910166 0.058756517129522616 -0.066161695795910108 -0.083051115965425068 0.037708262178794874 -0.039901751373957073 -0.0027646874278999521
leaf_weight=13.262278979517303 4.0429569663325386 13.313926654511702 16.006406886230252 16.466529015851847 6.8224857549727158 5.4468517001610079 13.693071825149444 4.9378638886337285 9.0393123891158194 2.8924362439270217 2.3550692091351797 25.528627192351312 6.0724717780431652 70.290032681682305
leaf_count=294 147 525 409 337 452 311 416 426 482 75 153 30098 5424 91669
internal_value=0.000961192 -0.00837073 0.00298245 0.015852 0.00460755 0.0201198 0.00575181 0.0545474 0.0328149 -0.000964906 0.00129784 0.00316958 0.0227947 -0.00536748
internal_weight=210.17 59.0491 45.7352 32.4729 151.121 39.9396 28.1792 11.7603 14.4862 111.182 107.139 104.246 31.6011 72.6451
internal_count=131218 1565 1040 746 129653 2087 1209 878 793 127566 127419 127344 35522 91822
is_linear=0
shrinkage=0.12


Tree=253
num_leaves=36
num_cat=0
split_feature=5 12 11 0 0 1 0 27 4 81 27 27 1 7 49 49 85 46 46 52 27 18 85 48 75 18 71 52 75 27 13 49 28 49 0
split_gain=0.543375 0.73765 0.718502 1.00986 1.33822 1.0523 1.65276 0.833228 0.781759 0.771483 0.709261 0.965861 1.08562 0.896976 0.878577 0.559748 0.544521 0.443389 0.68823 0.423475 0.38135 0.357643 0.348725 0.636897 0.452263 0.355594 0.325471 0.789225 0.118432 0.0983834 0.101171 0.0873748 0.0272543 0.00183903 0.00125946
threshold=0.87299999594688427 8.1585001945495623 2.7739000320434575 6.2597501277923593 8.7678503990173358 199.73500061035159 15.34969997406006 78.17179107666017 1.7327499985694887 10.000000000000002 21.412717819213871 27.739203453063968 171.02500152587893 13.39701557159424 0.18580209463834765 0.085193328559398665 0.46407499909400945 0.16868239641189578 0.21141171455383304 2.5010416507720952 14.445900917053224 0.27864582836627966 0.37079998850822454 1.0447916984558108 1.0000000180025095e-35 0.30364583432674414 5.0890839099884042 2.576041698455811 1.0000000180025095e-35 2.7662364244461064 8.0492997169494647 0.096993770450353636 3.6548196077346806 0.04798534698784352 0.38450001180171972
decision_type=2 2 2 2 2 2 2 2 2 2 2 2 2 2 2 2 2 2 2 2 2 2 2 2 2 2 2 2 2 2 2 2 2 2 2
left_child=1 -1 8 19 7 21 -7 9 -2 -5 14 12 -12 -13 15 -10 -9 22 26 32 -16 -6 23 31 34 -25 27 -19 -28 -20 -31 -3 -4 -34 -24
right_child=2 17 3 4 5 6 -8 16 10 -11 11 13 -14 -15 20 -17 -18 18 29 -21 -22 -23 24 25 -26 -27 28 -29 -30 30 -32 -33 33 -35 -36
leaf_value=-0.19713025740252588 -0.10794861344520565 -0.02187633890016737 0.075042242601312439 -0.092105596468721671 -0.036282555087718743 0.063046214989490562 0.0083975508739337745 0.14223645557094974 -0.02572031034693998 0.08499964354569986 -0.013102489988615075 0.0032265247235824233 0.050531077952805731 -0.019458912283567428 -0.03285985617239242 0.11444442384185892 -0.042819653839507144 0.12656395075357124 -0.11006920367543367 -0.05211700523870013 -0.11405207971794462 -0.14927079829646203 0.13647681134236572 -0.0092612336254662281 -0.013513616574300495 -0.095043482587552214 -0.086187883100366194 -0.15751144610340859 -0.15308430618496213 -0.041392612882027162 0.1157162252900835 0.12155790396360484 0.12735222379266362 0.11904807160422953 0.12412885636741985
leaf_weight=0.36424665231981279 1.0129333567684842 0.070830898248857799 0.19073444351017244 3.5656854910575571 1.1273348831466581 9.5861161051917332 47.245021333697707 0.47191819560498505 1.2045108127303752 0.39324253693001754 6.1644953502139854 75.291341818380005 10.33060514632963 37.648977959396689 1.4076419388293575 0.62221379889646744 0.44474912361806673 0.2850349840292673 0.039284934603187938 0.24055522264100648 2.0406579777645959 0.62820926076892636 0.16162040902145214 1.8081998471865506 0.70678889989710569 1.1311796033293715 0.74251606332018105 0.27836548745199252 0.78290681869430045 0.07131093434989566 0.34250336276210191 0.4477579525009503 0.75647899589705481 0.77998614407721334 0.45050737589447465
leaf_count=25 247 131 292 5125 615 27746 13705 1256 482 526 1772 47039 6714 992 1142 485 790 864 25 501 750 298 29 4241 531 663 606 94 184 298 3173 2097 276 5822 1682
internal_value=0.000861593 -0.0304586 0.00205787 0.0123872 0.00976203 0.0147889 0.0176155 -0.0506429 -0.00292171 -0.0745136 -0.00213198 -0.000374182 0.0267501 -0.00433573 -0.0452638 0.0220222 0.0524508 -0.0221636 -0.0626533 0.0970503 -0.0809083 -0.0767146 -0.000617826 -0.0206417 0.0518813 -0.0422733 -0.0917345 -0.0137923 -0.120522 0.0714135 0.0886423 0.101967 0.117826 0.123137 0.127389
internal_weight=208.836 7.68305 201.153 65.43 63.4623 58.5867 56.8311 4.8756 135.723 3.95893 134.71 129.435 16.4951 112.94 5.27502 1.82672 0.916667 7.31881 2.54192 1.96775 3.4483 1.75554 4.77688 3.45797 1.31892 2.93938 2.08882 0.5634 1.52542 0.453099 0.413814 0.518589 1.7272 1.53647 0.612128
internal_count=131218 14643 116575 56952 50061 42364 41451 7697 59623 5651 59376 56517 8486 48031 2859 967 2046 14618 5244 6891 1892 913 9374 7132 2242 4904 1748 958 790 3496 3471 2228 6390 6098 1711
is_linear=0
shrinkage=0.12


Tree=254
num_leaves=42
num_cat=0
split_feature=35 70 27 40 35 27 33 64 32 23 87 80 57 21 33 46 23 27 57 42 5 52 27 46 45 48 11 23 48 80 40 0 0 21 64 5 52 21 32 53 64
split_gain=0.485217 0.92987 1.05065 1.55642 0.872294 0.94384 0.801451 1.5512 1.03485 0.822893 2.01665 1.78822 1.45182 2.04782 1.28267 1.2909 1.16758 1.0592 0.99937 0.795676 0.734399 0.740315 0.55284 0.547561 0.981826 0.537512 0.536172 0.498957 0.485231 0.428776 0.359086 0.335825 0.330998 0.269448 0.218543 0.0753092 0.0249207 0.00904356 0.00798434 0.00377336 0.000406841
threshold=6.3710865974426278 1.0000000180025095e-35 81.219776153564467 0.21654849499464038 4.5244843959808358 32.067851066589363 1.2144142985343935 31.500000000000004 0.23044371604919436 1.5313089489936831 0.2716249972581864 0.62500000000000011 -1.2389658689498899 3.7911374568939213 1.0691571235656741 0.14182579517364505 0.86253532767295849 43.132795333862312 -1.3046146631240843 -5.5243008136749259 8.7144999504089373 2.1588541269302373 56.65661811828614 0.12097043544054033 0.17537570744752887 1.369791626930237 1.613849997520447 1.3550181388854983 1.6989583373069765 0.62500000000000011 0.07469667494297029 20.515850067138675 18.237050056457523 0.13955000042915347 35.500000000000007 9.4421997070312518 1.2276041507720949 1.426808297634125 0.21166560798883441 -0.15307142585515973 3.5000000000000004
decision_type=2 2 2 2 2 2 2 2 2 2 2 2 2 2 2 2 2 2 2 2 2 2 2 2 2 2 2 2 2 2 2 2 2 2 2 2 2 2 2 2 2
left_child=1 2 4 38 5 -1 9 8 20 11 14 16 18 -14 19 -16 22 -18 -12 -11 21 -8 -2 24 26 33 34 -9 -7 -28 37 32 -27 -25 -3 36 -26 -29 40 -35 -4
right_child=6 23 3 -5 -6 28 7 27 -10 10 12 -13 13 -15 15 -17 17 -19 -20 -21 -22 -23 -24 25 35 31 29 30 -30 -31 -32 -33 -34 39 -36 -37 -38 -39 -40 -41 -42
leaf_value=0.01423908245072482 -0.019859388190814689 -0.023062080421814641 -0.12692749987485294 0.042982422037403503 0.007256235308301431 -0.091325459938177533 0.1304008596627966 -0.063362484367661842 -0.21430348951316319 0.098559876586294601 0.026735596845588835 -0.031272430037733945 0.11470920621898527 -0.053521297265897619 0.066814870924593039 -0.02040403637442097 0.064987965273057016 0.011452011633057813 -0.17612456335931032 -0.0077254334420404098 -0.12160445307693829 -0.085507137113257609 0.0097333174218841422 0.011866840518999083 0.16488326088310687 -0.016367297922027128 0.12243771526866645 0.10602139692806757 0.010796209370209916 0.006581332379103382 0.0029565418554169808 0.032357056396005175 -0.076828376313883423 0.12279215028399193 0.027898963599458721 0.06544633724578347 0.12021945078029488 0.13184098785899112 -0.13578491836144022 0.10274163976877389 -0.12202920180259073
leaf_weight=2.5036474174266408 19.714953756119996 3.8517060944092254 0.31398826568420157 1.0211167717473584 10.351528860594952 4.3512175278059999 0.46506150940757596 0.533931988931727 0.83086603509067902 1.0366294584646087 10.41463970661931 23.551635506417938 6.5463738364256292 1.2391766457923266 7.7822900333968459 3.5620979446332939 7.5350052432950205 18.117214739475457 0.36184964818881127 47.017760931104498 1.0890875828772548 0.44993703878446922 16.868859131984209 0.97076643052605305 0.21677073723776619 3.2930603932671829 0.97054856542314361 0.30318406003772203 0.79194421506326751 0.87443668525611429 0.62585906963971638 1.1008257091045832 2.1585477189410085 0.36317012426133033 1.7680030471624375 0.35683154291473318 1.0573955254111949 0.54920571632857218 1.454958294518292 0.21527351547358364 1.0981358612044401
leaf_count=330 422 565 120 380 522 2924 643 13 552 1497 12067 579 11340 1249 6544 3102 335 722 136 75783 23 61 318 39 33 1838 839 476 555 262 251 158 189 334 422 20 1923 397 30 499 2726
internal_value=0.000784494 -0.0112625 -0.0276697 -0.0842369 -0.0154494 -0.0461862 0.00357722 -0.0445114 -0.101703 0.0050007 0.0139243 -0.00310873 0.0484493 0.087933 0.00313523 0.0394284 0.0075491 0.0271775 0.019924 -0.00543265 -0.0550207 0.0242313 -0.00621414 0.00961856 0.0298271 -0.0130695 0.0113982 0.0360658 -0.0756008 0.0675272 0.0719785 -0.028099 -0.0403067 0.0504979 -0.00702935 0.114172 0.127818 0.122657 -0.129546 0.11533 -0.123118
internal_weight=207.679 39.0839 21.8865 3.8882 17.9983 7.64681 168.596 4.84713 2.83495 163.748 77.9608 85.7877 18.562 7.78555 59.3988 11.3444 62.236 25.6522 10.7765 48.0544 2.00409 0.914999 36.5838 17.1973 9.09569 8.10164 7.46469 2.01218 5.14316 1.84499 1.47825 6.55243 5.45161 1.54921 5.61971 1.631 1.27417 0.85239 2.86708 0.578444 1.41212
internal_count=131218 14708 7587 3256 4331 3809 116510 2416 1279 114094 111718 2376 24792 12589 86926 9646 1797 1057 12203 77280 727 704 740 7121 4064 3057 2088 1137 3479 1101 1124 2185 2027 872 987 1976 1956 873 2876 833 2846
is_linear=0
shrinkage=0.12


Tree=255
num_leaves=30
num_cat=0
split_feature=27 48 27 32 71 27 71 70 60 82 21 4 6 56 15 40 21 75 4 70 11 70 56 6 0 11 28 74 5
split_gain=0.652306 1.14491 0.915581 0.756114 0.876034 0.674422 0.675723 0.634201 0.923614 0.628435 2.59109 2.13928 0.621112 0.602823 0.489606 0.78853 0.478016 0.385696 0.344157 0.282804 0.240263 0.425524 0.219613 0.165526 0.233534 0.162984 0.120332 0.0207379 0.000154409
threshold=111.46908187866212 1.3489583730697634 107.06359481811525 0.22368661314249041 3.182808637619019 99.686962127685561 -9.6218953132629377 1.0000000180025095e-35 2.9515625238418584 1.0000000180025095e-35 0.13955000042915347 4.0518000125885019 10.65079975128174 0.43229167163372045 0.8444184958934785 0.11864072084426881 0.72395834326744091 1.0000000180025095e-35 1.7600499987602236 1.0000000180025095e-35 2.1328500509262089 1.0000000180025095e-35 0.24817708134651187 7.6041500568389901 11.949249744415285 1.2994499802589419 6.3710865974426278 0.43479512631893164 9.4421997070312518
decision_type=2 2 2 2 2 2 2 2 2 2 2 2 2 2 2 2 2 2 2 2 2 2 2 2 2 2 2 2 2
left_child=2 22 5 7 12 6 13 23 25 10 -8 -11 28 -1 -7 16 -16 27 -17 -15 -4 26 -2 24 -3 -9 -22 -6 -5
right_child=1 3 20 4 17 14 9 8 -10 11 -12 -13 -14 19 15 18 -18 -19 -20 -21 21 -23 -24 -25 -26 -27 -28 -29 -30
leaf_value=-0.015234389457686844 -0.12610860119341788 -0.11498485258955589 0.11555804664068363 0.12017607691628844 0.14279307045282105 -0.1326265946212915 -0.047792158697039379 0.029272413343512327 -0.081814970452030775 -0.007007132496854117 0.021397652897417213 0.078542056796628817 -0.05844541647645992 0.10842735181690984 -0.049469804546878007 -0.017574204587476723 0.069121019611597861 0.021508978244157786 -0.085473037797617765 0.037658445141199419 -0.12224581087558696 0.12442012424067971 -0.058280069169752063 -0.13470571815668486 0.0015244087680965249 0.12152044437776846 0.0092302327820404841 0.10910910416399137 0.12656352944765173
leaf_weight=1.5510269656123217 1.5164386801109073 0.54253811006094588 1.2220485305468844 0.26881404225642347 0.7961590404219121 0.67348546354878536 9.1885767503218272 0.52459354445034045 0.98931510541791556 120.10838497788669 51.353331829662736 4.3620485918600158 1.5306726625035478 1.7531662778656312 0.71250169089103144 1.9409427547871159 1.5634061762113587 0.74421854262436671 2.4093602070026634 1.516510172172957 0.19695532596278997 0.35974177312664324 1.2572830369181245 0.81339998358656374 0.45592473565727687 0.58153552574378864 0.20414038683975377 0.39317284412396702 0.06835577916353941
leaf_count=310 156 440 342 2153 684 9 186 111 147 88476 28212 626 68 1358 156 972 1916 470 752 670 81 474 526 200 234 582 587 693 3
internal_value=-7.20665e-05 -0.0292487 0.00146393 -0.00545965 0.0326427 0.000647829 0.0020242 -0.0425292 0.00242611 0.000868525 0.0108966 -0.00400907 -0.0259682 0.0463774 -0.0351454 -0.0252375 0.0319947 0.0892618 -0.0551791 0.075604 0.0825988 0.02966 -0.095363 -0.0945206 -0.0617836 0.0777708 -0.0553302 0.131658 0.121471
internal_weight=209.598 10.4824 199.116 7.7087 3.80139 197.133 189.833 3.90731 2.09544 185.012 60.5419 124.47 1.86784 4.8207 7.2997 6.62621 2.27591 1.93355 4.3503 3.26968 1.98289 0.760837 2.77372 1.81186 0.998463 1.10613 0.401096 1.18933 0.33717
internal_count=131594 6467 125127 5785 4071 123643 119838 1714 840 117500 28398 89102 2224 2338 3805 3796 2072 1847 1724 2028 1484 1142 682 874 674 693 668 1377 2156
is_linear=0
shrinkage=0.12


Tree=256
num_leaves=25
num_cat=0
split_feature=65 9 65 14 48 38 18 71 28 4 56 40 71 48 61 81 27 0 65 6 28 80 5 5
split_gain=1.0813 0.70261 1.71101 1.0656 1.16929 1.40292 2.91084 1.0458 1.19486 1.63255 1.22015 0.907166 0.886493 0.839013 0.835779 0.831049 1.29967 0.793932 0.787457 0.591543 0.513864 0.256512 0.264508 0.11526
threshold=0.29270832240581518 1.5000000000000002 0.4395833313465119 0.9662654995918275 0.91953125596046459 1.0000000180025095e-35 0.23437500000000003 3.3257462978363042 31.675645828247074 2.3284500837326054 3.5015624761581425 0.13816729933023456 -9.6218953132629377 1.4963541626930239 -2.5610840320587154 10.000000000000002 59.730215072631843 5.1167500019073495 4.8140625953674325 11.530000209808351 5.3506467342376718 0.37500000000000006 9.2657999992370623 8.109349727630617
decision_type=2 2 2 2 2 2 2 2 2 2 2 2 2 2 2 2 2 2 2 2 2 2 2 2
left_child=19 2 -2 15 11 13 -7 12 9 -9 -10 20 18 -6 -14 16 -3 -13 -4 21 -5 22 23 -1
right_child=1 3 7 4 5 6 -8 8 10 -11 -12 17 14 -15 -16 -17 -18 -19 -20 -21 -22 -23 -24 -25
leaf_value=0.059323231022534721 -0.16990497057079093 -0.044135438316272778 -0.025465064264346578 0.037425855234665392 0.054777684199493852 -0.54822364835811999 -0.051896343373152194 -0.053250658588688618 0.035521908389889341 0.012864371920124974 -0.0061177904697464732 -0.11068400286848901 -0.032329736521190512 -0.013806411231345678 -0.0022019800013409938 -0.056421561246622287 0.017765740045494603 0.038781611600507811 0.076251747885790658 0.010614019490616312 0.12758426803371786 0.1452211567037105 0.1218777162749289 -0.047891124113740455
leaf_weight=0.2926493808162427 0.82182791824717938 9.9869396064004992 1.6324154381153153 1.6066007071817723 3.8788486754054059 0.17919881789779823 3.3715736883335978 7.8276839824231201 37.204326485156408 17.185721127954068 13.926832688411819 0.72765184054114262 17.571264108552143 7.6034401190580923 54.031485644359719 9.9802102986041081 9.5593794220558248 1.7248183312348144 3.335188101503789 1.8087285575820713 2.1005224560193341 1.0734088540822311 0.56548344967450248 0.28501125151205997
leaf_count=542 252 496 188 519 7203 1571 7978 3578 30798 6344 9773 202 7814 6644 36530 236 390 1375 1835 51 6778 390 18 89
internal_value=-5.23122e-05 -0.00126609 0.00277903 -0.0135114 0.00701935 -0.0110234 -0.0769448 0.00370832 0.0136664 -0.00782564 0.0241803 0.0510543 -0.00619438 0.00936208 -0.00959531 -0.0282474 -0.0138619 -0.00556508 0.0428264 0.0615387 0.0885112 0.103094 0.0635364 0.00642488
internal_weight=208.281 204.256 153.537 50.7192 21.1927 15.0331 3.55077 152.715 76.1446 25.0134 51.1312 6.15959 76.5704 11.4823 71.6027 29.5265 19.5463 2.45247 4.9676 4.02528 3.70712 2.21655 1.14314 0.577661
internal_count=131594 130504 97112 33392 32270 23396 9549 96860 50493 9922 40571 8874 46367 13847 44344 1122 886 1577 2023 1090 7297 1039 649 631
is_linear=0
shrinkage=0.12


Tree=257
num_leaves=30
num_cat=0
split_feature=65 50 46 50 54 49 50 68 52 71 54 82 54 27 85 1 6 23 71 54 13 50 32 6 82 4 22 71 58
split_gain=0.856609 0.646528 1.09703 0.94611 1.34993 1.45521 0.870834 1.39824 0.889719 0.81425 0.713946 1.47 0.670761 0.588095 0.971914 0.802528 0.539343 0.860175 0.815569 0.534496 0.492061 0.347424 0.259463 0.250623 0.272475 0.120954 0.267748 0.0250233 0.0466213
threshold=0.29270832240581518 0.12494236230850221 0.7422647774219514 0.20363378524780276 0.071419838815927519 0.39890812337398535 0.18624116480350497 14.500000000000002 2.0010416507720952 19999949.000000004 0.064158454537391676 1.0000000180025095e-35 0.57048365473747265 111.46908187866212 0.86152857542037975 211.46500396728518 4.3145499229431161 6.8687748908996591 1.7314258813858034 0.0446213185787201 -2.5172500610351558 0.3034923523664475 0.21332029998302462 11.153749942779543 10.000000000000002 2.1259499788284306 0.37656250596046453 19999973.000000004 19999963.000000004
decision_type=2 2 2 2 2 2 2 2 2 2 2 2 2 2 2 2 2 2 2 2 2 2 2 2 2 2 2 2 2
left_child=20 2 12 4 5 22 8 -8 -6 16 11 -11 13 15 -15 -2 18 -18 -5 -7 -1 -12 -3 24 25 -22 -27 28 -14
right_child=1 3 -4 9 6 19 7 -9 -10 10 21 -13 27 14 -16 -17 17 -19 -20 -21 23 -23 -24 -25 -26 26 -28 -29 -30
leaf_value=0.0093250381465650525 -0.016897785968137648 0.017843456743489354 -0.17287395372691253 -0.032079067701748849 0.027388116191036278 -0.02539355726862591 0.13267529160610933 0.011372882260880939 -0.018282524078852683 -0.1749446942291194 0.078299877661740111 0.058194497092884316 0.11785206225535763 -0.07745761486976388 0.041436091869691043 0.0035911217367525093 -0.008882002647580968 -0.061106955052393802 0.066236577151391779 0.089701310130092027 -0.048578364923492663 0.013188324586549029 0.11918851603832453 0.14114994750719967 0.13661485214389146 -0.054331953566422994 0.12108380737324248 0.13471105784186271 0.039330709060820299
leaf_weight=1.8115073619155739 46.832823024470343 0.3996559215124752 0.56951777825372474 2.1051677239727118 10.190131989113711 2.3422745210529858 1.9955046779316479 4.3541567321395434 15.463722209574724 0.65530391559241141 3.3071213422467736 0.95993526083088909 0.30356498613004035 3.7893387994629526 1.3402752560085103 66.78581032126958 26.644631839975432 5.474546020917848 2.8733937898987136 0.77270201073127953 0.2687380990409729 1.8347503126706142 4.0518052205862887 0.9300931349480378 0.41807922645716644 0.20959670376032591 0.31154924036297871 0.28464629257643992 0.16978684642663211
leaf_count=51 16406 717 429 5591 8895 1062 2970 1198 10997 229 2400 645 910 2406 624 46542 7039 5627 8185 1167 96 1954 4361 41 118 6 778 108 42
internal_value=-1.0076e-05 -0.00108433 -0.00672216 0.00703036 0.0204837 0.0660672 0.00970662 0.0494945 -0.000141396 -0.00510851 0.0332044 -0.0363903 -0.00593035 -0.00664862 -0.0463928 -0.00485427 -0.012087 -0.0177835 0.0246641 0.00315691 0.0553407 0.0550664 0.11009 0.0943284 0.0582772 0.0168137 0.0505343 0.106595 0.0896872
internal_weight=207.45 203.501 120.076 83.4248 39.57 7.56644 32.0035 6.34966 25.6539 43.8549 6.75711 1.61524 119.506 118.748 5.12961 113.619 37.0977 32.1192 4.97856 3.11498 3.94956 5.14187 4.45146 2.13806 1.20796 0.789884 0.521146 0.757998 0.473352
internal_count=131594 130504 67467 63037 31367 7307 24060 4168 19892 31670 5228 874 67038 65978 3030 62948 26442 12666 13776 2229 1090 4354 5078 1039 998 880 784 1060 952
is_linear=0
shrinkage=0.12


Tree=258
num_leaves=23
num_cat=0
split_feature=65 71 50 46 50 54 49 65 30 30 50 54 54 75 13 80 5 5 28 52 56 28
split_gain=0.679864 0.540488 0.487435 0.81675 0.733917 1.14099 1.24405 0.835026 0.616259 1.25884 1.15381 0.589945 1.25234 0.775435 0.410847 0.241691 0.233761 0.169173 0.119283 0.0019617 0.000141702 1.46961e-06
threshold=0.29270832240581518 19999993.000000004 0.12494236230850221 0.7422647774219514 0.20363378524780276 0.071419838815927519 0.39890812337398535 3.1265624761581425 0.77031251788139354 0.81718751788139354 0.20611643046140674 0.2957142442464829 0.22187131643295291 1.0000000180025095e-35 -2.5172500610351558 0.37500000000000006 9.2657999992370623 8.2942500114440936 7.0740752220153817 1.8447916507720949 4.3140625953674325 31.675645828247074
decision_type=2 2 2 2 2 2 2 2 2 2 2 2 2 2 2 2 2 2 2 2 2 2
left_child=14 2 3 11 5 6 -4 -7 10 -10 -6 12 -2 -13 -1 16 17 -16 -3 -20 21 -21
right_child=1 18 4 -5 8 7 -8 -9 9 -11 -12 13 -14 -15 15 -17 -18 -19 19 20 -22 -23
leaf_value=0.0081939348755255964 -0.0038646296438378572 -0.022917988620087957 0.10318272309898829 -0.14729159904212505 -0.14919352303589581 0.091550124599223126 0.0027523790137596732 0.0033863707776983797 0.091255306260357466 -0.001402524890430351 -0.010469039130614874 0.051842143600007773 -0.048928581147928252 -0.023025628319192613 0.057505323366475639 0.1310824272829092 0.10355667530642494 -0.075067920114421857 0.13595162055444585 0.12094339110289355 0.12678136859815134 0.1201640926555177
leaf_weight=1.814011938760814 100.76466678070756 0.086089652990266496 4.1938513057724718 0.58768528483744731 0.89004186683399922 1.6311845780052205 3.0808782558466383 29.964320599007564 2.6016911153005813 11.203538222558448 28.798824206331119 5.5045341369726639 9.7385556089957372 3.1220091109935311 0.28699262979159745 0.94669923570506842 0.55612004256181535 0.26807448872978057 0.27793391456930294 0.043421924405265599 0.062795536596354395 0.17644293427520097
leaf_count=51 53638 134 5045 417 348 1288 2198 22373 1491 7262 22047 5227 5257 1664 565 390 18 66 528 116 66 1405
internal_value=1.744e-05 -0.00093389 -0.0012844 -0.0061728 0.00582095 0.0178033 0.0606501 0.00793801 -0.00488755 0.0160595 -0.0146279 -0.00547664 -0.00783608 0.0247469 0.0498281 0.0865283 0.0485695 -0.00652208 0.108596 0.128793 0.121754 0.120318
internal_weight=206.6 202.728 202.082 119.717 82.3643 38.8702 7.27473 31.5955 43.4941 13.8052 29.6889 119.13 110.503 8.62654 3.8719 2.05789 1.11119 0.555067 0.646684 0.560594 0.28266 0.219865
internal_count=131594 130504 128255 66203 62052 30904 7243 23661 31148 8753 22395 65786 58895 6891 1090 1039 649 631 2249 2115 1587 1521
is_linear=0
shrinkage=0.12


Tree=259
num_leaves=25
num_cat=0
split_feature=65 9 65 54 13 0 14 48 36 27 28 65 14 80 45 40 48 11 13 75 13 82 11 18
split_gain=0.538307 0.486465 1.31105 0.865818 1.45827 1.82338 0.816852 0.958462 0.941161 1.42973 0.752454 0.70543 0.69739 2.67768 1.26667 0.655064 0.60694 0.34104 0.341039 0.301475 0.228175 0.22497 0.122309 0.280264
threshold=0.29270832240581518 1.5000000000000002 0.4395833313465119 0.053377281874418266 -2.2912499904632564 12.313149929046633 0.9662654995918275 0.91953125596046459 1.0000000180025095e-35 45.591672897338874 6.3710865974426278 0.87708333134651195 -0.16760700196027753 1.0000000180025095e-35 0.29930181801319128 0.13816729933023456 1.4963541626930239 2.4590500593185429 -2.5172500610351558 1.0000000180025095e-35 -1.9763500094413755 10.000000000000002 2.4847000837326054 0.23671875149011615
decision_type=2 2 2 2 2 2 2 2 2 2 2 2 2 2 2 2 2 2 2 2 2 2 2 2
left_child=18 2 -2 4 -4 -6 11 10 9 -9 15 -3 13 -5 -14 -8 -10 -13 -1 -12 -20 22 23 -22
right_child=1 6 3 12 5 -7 7 8 16 -11 19 17 14 -15 -16 -17 -18 -19 20 -21 21 -23 -24 -25
leaf_value=0.0072011216703317107 -0.1492284876112499 -0.003807354121536417 -0.017939700201453086 0.016904196238886816 -0.0081166804345324476 0.072005863334484832 0.05679951451616936 0.035191959544891876 0.048284376830115258 -0.11819668178042603 0.12840917739255728 -0.058383482843123613 -0.0079313813303334112 -0.03167244327757978 0.027172065523362109 -0.047910163725336553 -0.01104125706825005 -0.023220647415564625 0.12725553969623796 0.030244161390645546 -0.06437037007165082 0.11570586586819367 -0.060357728261666604 0.1209687893639535
leaf_weight=1.8162615333785654 0.81482304962540197 13.574207807229202 8.3757915278623631 30.338511990019583 6.4296985856861566 11.240256190915572 2.0951180561162945 1.3946717637105739 3.6938015209849695 2.3485854235785553 1.6742884478931404 8.0610148477699095 31.27891318305528 35.415583293464579 28.100059666241521 1.459802559087535 7.5773847506170569 7.8299850681937633 0.82793694988595223 0.61634716823346014 0.2059193332067355 0.41334661787459481 0.26379155517861363 0.27358275066779925
leaf_count=51 252 511 218 969 9325 7044 551 4631 6784 5359 6316 270 19407 956 58941 316 6622 341 41 1691 111 118 81 688
internal_value=3.32374e-05 -0.000807302 0.00257856 0.00339677 0.023302 0.0428511 -0.0110334 0.00713674 -0.00891307 -0.0610468 0.048361 -0.023897 -0.000746391 -0.0092595 0.00868071 0.0138012 0.00840098 -0.0410577 0.0447752 0.101996 0.0791626 0.044737 0.00527115 0.041376
internal_weight=206.12 202.319 151.994 151.179 26.0457 17.67 50.3252 20.86 15.0144 3.74326 5.84556 29.4652 125.133 65.7541 59.379 3.55492 11.2712 15.891 3.80084 2.29064 1.98458 1.15664 0.743294 0.479502
internal_count=131594 130504 97112 96860 16587 16369 33392 32270 23396 9990 8874 1122 80273 1925 78348 867 13406 611 1090 8007 1039 998 880 799
is_linear=0
shrinkage=0.12


Tree=260
num_leaves=33
num_cat=0
split_feature=12 22 44 87 15 80 1 53 87 53 49 49 49 71 75 23 16 37 43 74 42 27 60 53 52 54 11 32 73 62 52 80
split_gain=0.769315 3.54027 3.04597 1.15278 1.00444 2.37187 0.918793 1.82046 2.25406 2.34534 1.21637 0.970481 1.412 1.11418 0.862769 1.83617 1.93214 2.20645 1.28152 1.60321 1.26097 1.1976 0.77062 0.580872 0.530305 0.763688 0.451522 0.366076 0.330984 0.00233144 0.0022377 0.0015851
threshold=3.9868500232696538 3.8143666982650761 0.28385417163372045 0.73945000767707836 1.1508479714393618 1.0000000180025095e-35 315.51499938964849 0.19961509853601458 0.47065000236034399 0.20098412781953814 0.53215762972831737 0.2400648891925812 0.22651877999305728 -0.50559332966804493 1.0000000180025095e-35 1.1161716580390932 1.0000000180025095e-35 1.0000000180025095e-35 1.5287081599235537 0.7614671289920808 -1.0012450516223905 24.332634925842289 10.328125000000002 0.22229590266942981 2.1117187738418584 0.33178888261318212 3.3251500129699711 0.21332029998302462 1.0000000180025095e-35 19999991.000000004 2.1820312738418584 0.62500000000000011
decision_type=2 2 2 2 2 2 2 2 2 2 2 2 2 2 2 2 2 2 2 2 2 2 2 2 2 2 2 2 2 2 2 2
left_child=4 2 -2 27 5 -1 7 11 9 -9 22 12 -3 -13 18 -16 -17 -18 20 23 -6 -22 29 -20 25 -12 -26 -4 -24 -8 -10 -29
right_child=1 6 3 -5 14 -7 10 8 30 -11 24 13 -14 -15 15 16 17 -19 19 -21 21 -23 28 -25 26 -27 -28 31 -30 -31 -32 -33
leaf_value=0.0080983522705458857 -0.38000641074685665 -0.0053557018730944154 -0.051446659948189734 -0.22265354308939533 -0.071893566753003346 -0.055614618463613784 0.12030920127276266 -0.26288002903581392 0.12426861430924745 -0.058962791729070936 0.097460723978497393 -0.12825479235289461 -0.126593311030058 0.09740154276144751 -0.082937913237974531 -0.090792636068265362 0.022394826798226537 -0.068467639291362889 0.087006946875939184 -0.026568600896933397 0.083796944258528988 0.013764498800158802 0.12105377715549245 0.20375377762103433 -0.17223083151415203 -0.037577111324807108 -0.02080673197039494 0.12066238101736264 -0.15768717126060303 0.12990837827044938 0.14196250318968928 0.1370160590551272
leaf_weight=26.407535628240112 0.67774288033262209 34.140714766634844 0.31136328589604978 0.36632122616538254 2.3337945468120571 12.348275206977574 1.8342217146360651 1.154374297769887 0.48281674752126935 2.7400047599017476 1.3762101943351015 0.36672828555070713 1.4417402113906792 2.2373230039230725 3.7752862837086232 2.8427295389149085 33.084867816435917 4.3550391243386448 1.2762866007579985 1.1892965518296277 3.7391105893909886 58.984331753444891 0.084850066363472254 1.1821036259488265 0.32111186034978834 1.0734795552537404 2.4250817661304325 0.19375285789783447 0.22142701162420053 0.45466518268045764 0.13080971308136213 0.15253974123788794
leaf_count=510 254 37845 233 179 436 498 22028 341 2271 6155 8148 1725 2150 10834 135 366 6195 536 312 396 1826 19544 1234 324 191 893 3816 692 68 1182 3 68
internal_value=0.000136116 -0.0124295 -0.182667 -0.0520541 0.00446405 -0.0122017 -0.00669124 -0.0136067 -0.0857255 -0.119408 0.0312049 -0.00509285 -0.010268 0.0656224 0.010192 -0.00291577 0.0045839 0.0118256 0.0185975 0.0878107 0.0147167 0.0179393 0.0982958 0.143144 -0.00230475 0.0382857 -0.0385127 0.0429715 -0.0804656 0.122216 0.128041 0.127866
internal_weight=203.706 52.1873 1.70172 1.02398 151.519 38.7558 50.4856 42.6945 4.50801 3.89438 7.79105 38.1865 35.5825 2.60405 112.763 44.0579 40.2826 37.4399 68.7049 3.64769 65.0572 62.7234 2.59516 2.45839 5.19588 2.44969 2.74619 0.657656 0.306277 2.28889 0.613626 0.346293
internal_count=131388 100310 1426 1172 31078 1008 98884 61324 8770 6496 37560 52554 39995 12559 30070 7232 7097 6731 22838 1032 21806 21370 24512 636 13048 9041 4007 993 1302 23210 2274 760
is_linear=0
shrinkage=0.12


Tree=261
num_leaves=34
num_cat=0
split_feature=12 22 27 87 15 80 82 22 44 32 21 37 21 23 3 28 76 45 71 11 65 87 23 85 85 21 42 28 57 80 76 21 40
split_gain=0.584016 2.4411 1.5422 0.980563 0.786973 1.88699 1.45614 2.08121 1.45408 1.56739 1.46987 1.38266 1.57627 1.90629 0.739615 1.4569 1.66233 1.85055 1.25001 0.968595 0.714142 0.676428 0.646773 0.603454 0.663585 0.5957 0.500214 0.313093 0.00129366 0.00111061 0.000860147 0.00028812 5.74051e-06
threshold=3.9868500232696538 3.8143666982650761 32.067851066589363 0.73945000767707836 1.1508479714393618 1.0000000180025095e-35 0.62500000000000011 0.20852916687726977 0.27604167163372045 0.2405490651726723 0.25426666438579565 1.0000000180025095e-35 0.25426666438579565 1.1161716580390932 215.51499938964847 148.24184417724612 1.0000000180025095e-35 0.51099571585655224 -0.50559332966804493 3.2391500473022465 11.581770896911623 0.73945000767707836 7.8754539489746103 0.37079998850822454 1.0000000180025095e-35 1.7657083272933962 -1.7977755069732664 7.0740752220153817 -8.0604996681213361 0.62500000000000011 1.0000000180025095e-35 0.25426666438579565 0.7422647774219514
decision_type=2 2 2 2 2 2 2 2 2 2 2 2 2 2 2 2 2 2 2 2 2 2 2 2 2 2 2 2 2 2 2 2 2
left_child=4 2 -2 27 5 -1 7 -6 9 -9 -10 12 -8 -14 15 20 18 -18 -17 28 22 -22 -3 24 -21 -13 -27 -4 30 -29 -16 -30 -25
right_child=1 14 3 -5 6 -7 11 8 10 -11 -12 25 13 -15 19 16 17 -19 -20 23 21 -23 -24 32 -26 26 -28 29 31 -31 -32 -33 -34
leaf_value=0.0071335961612088265 -0.26666059806313563 0.027295484824739227 -0.041514564588507691 -0.2039606939776136 -0.033799501427206648 -0.050148740067354425 0.12327813008012638 0.012264678254031299 -0.037861288673474429 0.11051995061322278 0.032837236702780284 -0.10751712109298896 -0.085592506784669883 0.0045636380405170134 0.12394420095412868 -0.11681223620376377 -0.4257303495047905 -0.10299460907971386 0.049608471600482519 0.017690706803105843 0.10631974714296757 -0.040919160796314726 -0.015878197169669449 0.12013202118574889 -0.085506001758281006 0.025698159415405129 -0.080870280152397875 0.12061448397193444 0.12901279557276432 0.13484728086743358 0.13431497463559822 0.12074861137172468 0.1212227821859776
leaf_weight=26.383116973995129 0.83838728579304589 5.9671969821553068 0.314909955141502 0.36086366999188613 7.5985666811364174 12.069540509188071 1.5004215871604163 3.7030902663736907 4.9883576623674335 6.3416423893077081 28.02856432577596 2.3803037263686511 3.6160924725800205 51.12678283395195 0.21994598887825134 1.2163729117631878 0.36012811256983945 0.88347969858688202 1.3956105267965015 4.4154913074928182 1.5052064253078605 0.64048749050391496 30.719622608243974 0.55504401789450231 1.1261183303641642 1.359180223094427 1.1891642440955648 0.18439927088374475 0.06612610153388121 0.13805550512097398 0.24173428490985316 0.74699169296186696 0.079420663637847611
leaf_count=510 259 8875 254 168 285 498 232 743 181 2924 10467 387 245 13911 1154 853 354 1001 4558 22385 5437 1151 39095 5089 636 503 192 672 3 73 195 8050 48
internal_value=0.000170613 -0.0107941 -0.146673 -0.045899 0.00396272 -0.0108462 0.00905466 0.0241014 0.0343185 0.0742972 0.0221558 -0.00340647 0.00193415 -0.00139171 -0.00581675 -0.0119058 -0.0822609 -0.196454 -0.0278919 0.0290689 -0.00492035 0.0623691 -0.0088559 0.00941204 -0.00328004 -0.0643509 -0.0240311 0.0435924 0.124301 0.126708 0.129374 0.121421 0.120269
internal_weight=202.26 51.9756 1.83662 0.998228 150.285 38.4527 111.832 50.6602 43.0617 10.0447 33.0169 61.1719 56.2433 54.7429 50.139 42.6881 3.85559 1.24361 2.61198 7.45087 38.8325 2.14569 36.6868 6.17607 5.54161 4.92865 2.54834 0.637365 1.2748 0.322455 0.46168 0.813118 0.634465
internal_count=131388 100310 1426 1167 31078 1008 30070 14600 14315 3667 10648 15470 14388 14156 98884 61324 6766 1355 5411 37560 54558 6588 47970 28158 23021 1082 695 999 9402 745 1349 8053 5137
is_linear=0
shrinkage=0.12


Tree=262
num_leaves=31
num_cat=0
split_feature=73 18 27 18 57 6 0 50 82 0 14 10 53 51 46 64 11 0 14 54 6 0 53 60 43 64 74 76 74 44
split_gain=0.589855 1.02498 0.774361 0.431916 1.40244 1.76136 0.952525 1.0128 0.951923 1.53568 1.13623 0.819632 1.12982 1.02823 1.11817 1.00432 0.923595 0.794189 1.09975 1.62211 0.708372 0.66373 0.658338 0.627783 0.416563 0.501805 0.416086 0.168263 0.0320695 0.0074954
threshold=1.0000000180025095e-35 0.35937500000000006 75.072582244873061 0.29270832240581518 -0.88190764188766468 10.45105028152466 21.066800117492679 0.050838761031627662 0.37500000000000006 15.204750061035158 0.25207699835300451 1.0000000180025095e-35 0.26531904935836798 1.0000000180025095e-35 0.14621844887733462 30.500000000000004 1.5741000175476076 10.637149810791017 -0.82713100314140309 0.08919557556509973 10.540200233459474 2.7026000022888188 -0.037035910412669175 5.214583396911622 0.63591712713241588 37.500000000000007 0.10756501555442811 1.0000000180025095e-35 0.34781780838966375 0.19687499850988391
decision_type=2 2 2 2 2 2 2 2 2 2 2 2 2 2 2 2 2 2 2 2 2 2 2 2 2 2 2 2 2 2
left_child=3 2 24 11 6 8 7 28 9 -6 -10 17 13 16 -15 20 -13 21 -19 -20 -14 29 -9 -23 25 -2 -17 -27 -5 -1
right_child=1 -3 -4 4 5 -7 -8 22 10 -11 -12 12 15 14 -16 26 -18 18 19 -21 -22 23 -24 -25 -26 27 -28 -29 -30 -31
leaf_value=0.13169462322234707 0.10410262035897978 0.11223425717675099 -0.15848288794770737 0.128246547296442 -0.013930420078824215 0.049177936561403034 -0.049536193619460822 -0.038391855049012061 -0.10454404154913656 -0.14426064513179351 0.036038742574658798 -0.02621832070907891 0.028899947667444519 -0.060029068794420853 -0.0010850733069727276 0.10771742017895473 0.015133021197071309 -0.0064096640955666022 0.058472247272994986 0.01086851068516911 -0.08355921347155916 -0.038597575082625762 0.0017264563453232348 0.092623051818366414 -0.075150419959894729 -0.0016477032878327866 0.033894607021224064 -0.10595953883978942 0.073619973635808814 0.10167372692633818
leaf_weight=0.234000155798613 0.5414873052446858 0.54764323675624371 0.93553859735300182 0.7036598090862779 5.760767712466988 11.693468613487765 12.00959450194375 9.3705082654070697 0.95249162338313897 1.682003727776191 6.3276739659511065 11.817479885733176 2.2943629058001807 10.448660491349623 8.3282421498062629 2.4808933813103522 22.754002426622634 17.796804047352396 16.633765575674474 27.103015278356168 1.2437975456973616 7.2782149240187692 15.85862125886865 0.56582553668079416 1.6865711470037466 0.59644009465327485 1.9743768133127195 0.3553522040037933 0.19838698177082392 0.24530418152827593
leaf_count=101 536 170 562 646 4712 446 569 2786 28 904 8117 2845 5022 7928 7255 1751 10962 486 12743 21475 39 17728 11447 6240 334 759 2313 397 741 1346
internal_value=0.000187156 -0.041993 -0.0625163 0.00119191 -0.00684365 0.0144088 -0.0215631 -0.00870702 -0.0132061 -0.043384 0.0176458 0.00514586 -0.00497581 -0.0112798 -0.0338853 0.037097 0.000998 0.0140338 0.0187395 0.0289729 -0.0106337 -0.0207555 -0.0131741 -0.029132 -0.0342821 0.0118762 0.0750024 -0.0405926 0.116233 0.11633
internal_weight=200.419 4.66303 4.11539 195.756 64.5572 26.4164 38.1408 26.1312 14.7229 7.44277 7.28017 131.199 61.3418 53.3484 18.7769 7.99343 34.5715 69.8569 61.5336 43.7368 3.53816 8.32334 25.2291 7.84404 3.17985 1.49328 4.45527 0.951792 0.902047 0.479304
internal_count=131388 2758 2588 128630 30396 14207 16189 15620 13761 5616 8145 98234 38115 28990 15183 9125 13807 60119 34704 34218 5061 25415 14233 23968 2026 1692 4064 1156 1387 1447
is_linear=0
shrinkage=0.12


Tree=263
num_leaves=24
num_cat=0
split_feature=73 18 27 22 43 5 85 82 1 49 22 23 13 22 28 70 23 28 0 57 27 49 11
split_gain=0.468448 0.834458 0.605221 0.373528 0.371716 0.389798 0.969863 1.377 1.24088 1.60579 1.41168 1.11462 0.908399 0.813852 0.722487 0.615524 1.14609 1.02208 0.397109 0.273805 0.302453 0.0533855 0.00269518
threshold=1.0000000180025095e-35 0.35937500000000006 75.072582244873061 1.6526083350181582 -0.7428007423877715 6.2355999946594247 0.90029999613761913 0.37500000000000006 315.51499938964849 0.53215762972831737 3.8143666982650761 10.525818824768068 1.1819000244140627 9.2127752304077166 5.3506467342376718 1.0000000180025095e-35 0.86253532767295849 10.22032690048218 15.583800315856935 0.89367452263832103 30.018787384033207 0.070758577436208739 0.46175000071525579
decision_type=2 2 2 2 2 2 2 2 2 2 2 2 2 2 2 2 2 2 2 2 2 2 2
left_child=4 2 3 -2 -1 6 8 11 10 -10 -6 -8 15 -9 18 17 -17 -7 -14 21 -21 -5 -16
right_child=1 -3 -4 19 5 12 7 13 9 -11 -12 -13 14 -15 22 16 -18 -19 -20 20 -22 -23 -24
leaf_value=-0.097122809872334653 -0.105656344988787 0.10695076429276454 -0.14155916230257765 0.028155186637027287 -0.10012197480585867 -0.030488109810974266 -0.03787581644788468 0.12303067929878242 0.1213882923848604 -0.004377164840346834 -0.017389662704185297 0.066500024677414268 -0.059917525418038312 -0.014416078033906054 0.1352139125861786 -0.05493283234080322 -0.0003345033448570374 0.01227080187712472 0.075344708423969689 0.04089414226040345 -0.058280147679883959 0.12174179588294179 0.12316296754840036
leaf_weight=0.5535440831166899 0.73419121154074618 0.50825282523055637 0.92261460524957772 0.14072182693030333 3.2841239367265684 8.8486377577740836 4.6907360412536132 2.505692106575744 1.9743117911142203 5.6331584415981659 31.044470924228197 2.1479177809908947 0.6633184162324135 0.82447508901586974 0.34053218022745557 6.5906043986698242 34.610177380039204 89.188881461812727 0.59104496472969004 0.66291753173564405 1.3336962044361369 0.23327063028821726 1.241750082015187
leaf_count=247 35 170 562 94 2483 1700 2624 6839 25146 13018 47816 2907 273 392 19 211 5244 14861 468 459 568 870 4382
internal_value=0.00018494 -0.0379385 -0.0562233 -0.030865 0.0010729 0.00135282 -0.00752525 0.025722 -0.0155872 0.0282618 -0.0253044 -0.00509294 0.00460879 0.0890019 0.0718349 0.00323922 -0.00906822 0.00841148 0.00381685 -0.00770171 -0.0253522 0.086528 0.125757
internal_weight=199.269 4.53566 4.02741 3.1048 194.733 194.18 52.1049 10.1688 41.9361 7.60747 34.3286 6.83865 142.075 3.33017 2.83665 139.238 41.2008 98.0375 1.25436 2.37061 1.99661 0.373992 1.58228
internal_count=131388 2758 2588 2026 128630 128383 101225 12762 88463 38164 50299 5531 27158 7231 5142 22016 5455 16561 741 1991 1027 964 4401
is_linear=0
shrinkage=0.12


Tree=264
num_leaves=32
num_cat=0
split_feature=42 15 83 49 49 69 22 21 18 45 52 4 21 56 65 85 85 52 45 40 68 85 74 85 75 5 49 4 49 27 13
split_gain=0.443475 0.808011 1.41205 2.08678 1.27063 1.00783 0.902557 1.23056 0.610379 0.793621 0.503901 0.446626 1.64194 1.60799 1.55803 0.875791 0.90866 0.717031 1.31051 0.685306 0.58172 0.504448 0.372405 0.362586 0.843197 0.335944 0.319518 0.233301 0.172473 0.106003 0.026436
threshold=-0.49883277714252466 1.1508479714393618 1.0000000180025095e-35 0.38345772027969366 0.42044083774089819 7.5000000000000009 0.77785000205039989 0.25426666438579565 0.21562500298023227 0.20302187651395801 2.2632812261581425 2.3023999929428105 1.7820166349411013 5.5520834922790536 0.50312501192092907 0.90029999613761913 0.8643571436405183 2.0010416507720952 0.51317191123962413 0.41215935349464422 20.500000000000004 0.7555857002735139 28.237922668457035 0.4788499921560288 1.0000000180025095e-35 6.9997999668121347 0.25694939494133001 1.3997499942779543 0.027048699557781223 34.526727676391609 6.9437999725341806
decision_type=2 2 2 2 2 2 2 2 2 2 2 2 2 2 2 2 2 2 2 2 2 2 2 2 2 2 2 2 2 2 2
left_child=1 -1 3 6 -5 26 -3 -8 9 28 23 14 17 21 -10 16 -16 18 -13 -17 -19 -14 30 27 -25 -6 -4 -11 -2 -12 -7
right_child=8 2 5 4 25 22 7 -9 11 10 29 12 13 -15 15 19 -18 20 -20 -21 -22 -23 -24 24 -26 -27 -28 -29 -30 -31 -32
leaf_value=-0.089614532260356913 -0.0114910982527639 -0.11142114885241745 -0.10130121782578769 0.3913210199207659 -0.018423446371780967 0.12542990494155201 -0.10639768770316915 0.062959174764773432 -0.12391748147181218 0.03885897726444025 -0.13665725545303251 0.0081380629691023536 0.09942572009206839 -0.13760387064984947 -0.0046065730547466032 0.048144766410173206 -0.072517635065805441 -0.0072528023834904426 0.12341278530918519 -0.04714120437120458 -0.073277089365579084 0.020377613885509856 -0.092338424363318225 0.08301632191503297 -0.088221572759470498 0.13743665923449927 -0.039436795114468751 0.11040761743572272 -0.1033464749024382 -0.012360790645326806 0.040076092644948394
leaf_weight=2.0810918178248974 0.68151814714152326 0.95483633223602549 2.5004156065465395 0.27273103723797465 0.25368366367574402 0.5616937691862488 0.82135993114206973 2.4930848104020811 1.5679263633492428 0.90801688093280608 0.1959538518070757 41.460437905080028 4.7516183473568736 0.529764437656702 81.168026628615365 7.1322308409700366 2.9399161088022074 32.230206006675658 1.4705227269132866 1.2823138158038316 2.0434634651346633 1.539041525325217 0.15162085625652821 1.1995255237646771 0.63239606916289393 0.92620869129507355 2.315475653437062 2.3669410937939475 0.51815632237452292 0.19927995778826357 0.057612785263728483
leaf_count=59 362 36 201 202 1154 2683 16 1743 361 1692 137 13259 3118 407 75475 6617 1210 13588 834 291 211 1079 558 1521 491 240 513 1879 337 526 588
internal_value=0.000190641 -0.0208976 -0.00825194 0.0336478 0.157884 -0.0511648 -0.00862375 0.0209905 0.00171846 0.0372706 0.0565529 0.000380776 0.00673951 0.0631775 -0.00529773 -0.00328755 -0.00698034 0.00175366 0.0120866 0.0336239 -0.0111893 0.0800862 0.076222 0.0666556 0.0239034 0.103926 -0.0715569 0.09057 -0.0511647 -0.073986 0.11749
internal_weight=198.207 13.3898 11.3087 5.7219 1.45262 5.58682 4.26928 3.31444 184.817 6.70179 5.50211 178.115 84.0251 6.82042 94.0904 92.5225 84.1079 77.2046 42.931 8.41454 34.2737 6.29066 0.770927 5.10688 1.83192 1.17989 4.81589 3.27496 1.19967 0.395234 0.619307
internal_count=131388 7993 7934 3391 1596 4543 1795 1759 123395 6945 6246 116450 32496 4604 83954 83593 76685 27892 14093 6908 13799 4197 3829 5583 2012 1394 714 3571 699 663 3271
is_linear=0
shrinkage=0.12


Tree=265
num_leaves=39
num_cat=0
split_feature=69 21 27 50 27 71 21 11 46 5 64 52 78 23 28 40 50 50 68 87 27 19 70 5 85 61 27 27 45 40 75 87 16 69 0 87 52 82
split_gain=0.773315 1.04858 1.26159 1.67969 1.57408 1.11651 1.11166 1.24447 1.03102 0.973073 0.852659 0.794367 1.13261 1.47861 0.929925 0.705813 0.642541 1.2546 0.966676 0.833737 0.649602 1.00919 0.942108 0.632681 0.930277 0.867695 0.626946 1.08368 0.592188 0.538787 0.505617 0.491225 0.38828 0.272643 0.134425 0.107608 0.0398406 0.0219561
threshold=3.5000000000000004 2.5660208463668828 25.895046234130863 0.60822132229805004 30.838413238525394 -1.4081032276153562 2.4898458719253544 2.7739000320434575 0.18550460040569308 7.9835500717163095 14.500000000000002 2.013541698455811 1.0000000180025095e-35 1.9581975340843203 157.72605895996097 0.040782963857054717 0.20363378524780276 0.16922935843467715 18.500000000000004 0.24995714426040652 30.838413238525394 27.918496131896976 1.0000000180025095e-35 3.5207500457763676 0.77742856740951549 -0.42957220971584315 45.591672897338874 71.384265899658217 0.20070682466030124 0.14548000693321231 1.0000000180025095e-35 0.24995714426040652 1.5000000000000002 28.500000000000004 8.8913998603820819 0.73945000767707836 1.744791626930237 4.8750000000000009
decision_type=2 2 2 2 2 2 2 2 2 2 2 2 2 2 2 2 2 2 2 2 2 2 2 2 2 2 2 2 2 2 2 2 2 2 2 2 2 2
left_child=9 6 3 8 34 29 11 32 28 -1 -7 12 14 -14 -2 36 17 20 26 -19 21 -11 -22 25 -25 -13 -18 -28 -3 -6 -20 -10 -8 -17 35 -4 -9 -36
right_child=1 2 4 -5 5 10 7 15 31 16 -12 23 13 -15 -16 33 18 19 30 -21 22 -23 -24 24 -26 -27 27 -29 -30 -31 -32 -33 -34 -35 37 -37 -38 -39
leaf_value=-0.060995868950800995 0.022806358798744781 -0.10879653754471311 0.11438752551413801 -0.35342335734314723 0.029432381569476529 0.0080946043488798192 -0.24230146293860527 0.052911336721115976 0.037857513847020755 -0.0016763176540907979 0.058321206135027545 -0.01421891241673004 -0.12570752721990372 0.027371655096326615 0.11961359795010729 -0.018635237263101952 0.037936302161493865 0.0916932157160847 -0.027642248185180046 0.0088414447633181018 0.018731295619099447 -0.061621644943596635 -0.015256792103363778 -0.038409718599960674 0.016467359799560318 0.083955526593532309 -0.053749764070613083 0.021645245364798081 0.094394796624834035 -0.094093094442892503 -0.099502616763149518 -0.13583204727852763 -0.092346443026097028 -0.11533045980502192 0.13620063048921965 0.010667954431280257 0.12441205271456718 0.093960973264507627
leaf_weight=3.9395940189398138 27.980831652169694 0.25411525874506136 0.32937503083894926 0.23178052938428084 0.77955285896727433 8.1430849254923157 0.55220180289654697 0.1574909731284041 0.30930507609656543 14.621771540370903 12.098113917671283 2.9957135272333701 1.6826274237953378 1.9752695853574378 1.5057700269217935 1.2614594171554641 3.9493096375058512 3.7556246070539592 3.0107131557011249 3.2734278186136123 34.274789538727546 5.5903357463553212 17.865073856073082 12.329875326304888 6.9588586174078975 2.2853616788071092 5.7571394948648713 5.247380627905045 1.1032987489493598 1.4622215281378244 2.6518462103893512 0.96917637635718279 0.45232297936627219 0.62941291996020243 2.2964507592899968 0.25599019339074403 0.39038799763838483 0.19202283759040017
leaf_count=528 24752 93 1792 141 5243 9180 200 394 1893 1184 32459 5400 45 1846 2971 642 418 442 500 264 3078 331 1431 7844 4381 6571 402 443 6763 1804 166 1440 609 407 3060 490 638 1206
internal_value=0.00454409 0.012715 0.0317587 -0.0437126 0.0402272 0.0292155 0.003864 -0.0623725 -0.016479 -0.00249835 0.0381149 0.00781572 0.0199369 -0.0430446 0.0277499 -0.0160722 -0.000193727 0.00470841 -0.0190688 0.0531092 6.23451e-06 -0.0182562 0.0070857 -0.00853568 -0.0186115 0.0282656 -0.00307893 -0.0177985 0.0563563 -0.0511384 -0.0612953 -0.0938111 -0.174779 -0.0508221 0.12077 0.0690292 0.103859 0.132941
internal_weight=193.519 89.5821 28.4245 2.86768 25.5568 22.483 61.1576 3.44328 2.6359 103.937 20.2412 57.7143 33.1445 3.6579 29.4866 2.43875 99.9974 79.381 20.6164 7.02905 72.352 20.2121 52.1399 24.5698 19.2887 5.28108 14.9538 11.0045 1.35741 2.24177 5.66256 1.27848 1.00452 1.89087 3.07384 0.585365 0.547879 2.48847
internal_count=131451 122264 65564 10330 55234 48686 56700 2890 10189 9187 41639 53810 29614 1891 27723 2081 8659 6730 1929 706 6024 1515 4509 24196 12225 11971 1263 845 6856 7047 666 3333 809 1049 6548 2282 1032 4266
is_linear=0
shrinkage=0.12


Tree=266
num_leaves=18
num_cat=0
split_feature=14 22 82 0 23 54 87 18 50 21 85 7 32 28 50 54 7
split_gain=0.72792 1.00329 1.30995 2.77457 1.88007 1.73474 1.50627 1.27494 1.256 1.27293 1.24674 1.82899 1.11538 1.07562 1.01448 0.704145 0.531012
threshold=-1.1373974680900572 0.20852916687726977 0.62500000000000011 18.798600196838382 1.9581975340843203 0.08121927455067636 0.73945000767707836 0.2651041597127915 0.53530272841453563 0.13955000042915347 0.99064284563064586 12.442605018615724 0.2179861590266228 130.93884277343753 0.071321588009595885 0.29934465885162359 13.867685794830324
decision_type=2 2 2 2 2 2 2 2 2 2 2 2 2 2 2 2 2
left_child=-1 7 3 8 6 16 13 -2 9 -3 12 -12 -6 -4 -7 -10 -5
right_child=1 2 4 5 10 14 -8 -9 15 -11 11 -13 -14 -15 -16 -17 -18
leaf_value=-0.016939322428681861 0.015255243855419195 -0.037713671379897298 -0.025111518174008692 0.11641669252360118 -0.016853518236619729 -0.0052906940104859778 -0.0017977592760144586 -0.056550522167681888 -0.020552056735515075 0.013335127959523343 0.10553424302863174 -0.12375568770666143 0.028676464173333607 -0.09186206009519117 0.045988972686926095 -0.2222249303253323 0.057627197690441209
leaf_weight=21.137376128344158 6.5627396992048954 8.6151478179012937 8.9562623565370298 5.1108994485128374 13.659610527702784 8.1229473193213853 23.050209182728679 7.783969361017185 0.45331471463617734 38.323321527989371 3.9411462201645824 0.57391011029108074 17.902928100692513 5.6814213484758502 17.57580578057798 0.55395724483707909 3.9011662303589674
leaf_count=559 268 338 601 1559 4605 867 587 423 1029 55177 6272 51 55266 419 3235 143 52
internal_value=0.00406735 0.0066675 0.0094531 0.0198271 -0.00217134 0.0456666 -0.0209152 -0.0237038 0.00112039 0.00396556 0.0174092 0.0763891 0.00897203 -0.0510198 0.0297803 -0.131464 0.0909677
internal_weight=191.906 170.769 156.422 82.6566 73.7655 34.7108 37.6879 14.3467 47.9457 46.9385 36.0776 4.51506 31.5625 14.6377 25.6988 1.00727 9.01207
internal_count=131451 130892 130201 62400 67801 5713 1607 691 56687 55515 66194 6323 59871 1020 4102 1172 1611
is_linear=0
shrinkage=0.12


Tree=267
num_leaves=31
num_cat=0
split_feature=15 45 75 70 27 28 21 45 85 27 27 27 44 64 44 74 38 18 60 16 4 33 60 82 65 60 18 69 53 27
split_gain=0.671082 1.54352 1.53633 0.972892 1.76224 1.02331 0.91061 1.25119 1.08979 1.02629 1.18722 0.94426 0.901854 0.896131 1.10249 1.19238 0.787912 0.758084 0.756127 1.21329 1.26959 0.837922 0.756384 0.836874 0.69844 0.596699 0.320906 0.192672 0.207155 1.23186e-05
threshold=1.7826600074768069 0.21622323989868167 1.0000000180025095e-35 1.0000000180025095e-35 108.29303359985353 0.9224643111228944 0.13955000042915347 0.4656494557857514 0.75135713815689098 50.509428024291999 50.048387527465827 26.176793098449711 0.89531251788139354 37.500000000000007 0.18437500298023227 0.23532816767692569 1.0000000180025095e-35 0.27421875298023229 2.0739583969116215 1.5000000000000002 4.1643500328063974 1.1740285754203799 4.5260417461395273 0.37500000000000006 9.3520836830139178 1.026041626930237 0.29895834624767309 10.500000000000002 0.029839203692972664 33.297288894653327
decision_type=2 2 2 2 2 2 2 2 2 2 2 2 2 2 2 2 2 2 2 2 2 2 2 2 2 2 2 2 2 2
left_child=2 3 13 4 5 29 -3 9 11 10 -8 -9 -7 14 -1 24 -4 -10 19 21 -21 -5 23 -20 -16 -11 -24 -6 -29 -2
right_child=1 6 16 18 27 12 7 8 17 25 -12 -13 -14 -15 15 -17 -18 -19 22 20 -22 -23 26 -25 -26 -27 -28 28 -30 -31
leaf_value=0.031500458679869378 -0.12083266649117709 -0.017030224891429739 -0.0527123402308846 0.037950515929149789 -0.14249127261746905 0.00084975668610011727 0.031193441144310743 -0.044066923400351857 -0.14823894388752781 0.098317155622760541 -0.18543430428503943 0.025033384558643478 -0.080626086558581153 0.035490856358409352 -0.038685193948889009 0.024070758415929424 -0.0081469794304966474 0.058780714556767304 -0.09328075573169213 0.11811958624186608 -0.032339446835100559 -0.057310108301212505 0.098171996182553956 0.039992513384030245 -0.0017276301038914351 0.043362018538180711 -0.0062666554202561921 0.0051599634401249426 -0.12404053631261158 -0.12005347061558994
leaf_weight=11.491680914041366 0.55847164909209712 7.1960455641601575 11.642473369348465 3.2859582957344191 1.6070191336021218 24.059398652067674 12.137216199200271 3.2529367829647979 0.98818097508423253 6.5053219966267815 0.37557810733032759 22.859178134894229 2.1294780921207339 11.657641525851203 17.125672101165723 10.567280241551996 11.216479571517652 0.34317338324996172 2.2967017037807689 3.4793727191477473 1.0516874268778336 2.2333941802150896 0.83079746071092564 0.96294821853928159 12.917747738254091 5.056674847597705 0.8645154414919034 0.31529049383937024 0.41250444833917754 0.6127033293433044
leaf_count=373 158 341 342 1271 307 4995 19947 10664 793 17423 533 44728 289 334 402 523 288 759 556 3472 68 1074 775 611 337 14359 258 599 91 4781
internal_value=0.00363782 0.0101642 -0.00415399 -0.00663794 -0.0192226 -0.0106829 0.0229559 0.0285411 0.0110256 0.0485075 0.0246912 0.0164252 -0.00577523 0.00541512 -0.00131417 -0.0105998 -0.0308449 -0.094877 0.0182664 0.0371804 0.0831971 -0.000596492 -0.0200978 -0.0539099 -0.0227946 0.0742824 0.0449141 -0.119293 -0.0680692 -0.120425
internal_weight=190.034 103.415 86.619 44.7002 29.6949 27.3601 58.7143 51.5183 27.4435 24.0748 12.5128 26.1121 26.1889 63.76 52.1024 40.6107 22.859 1.33135 15.0054 10.0504 4.53106 5.51935 4.95496 3.25965 30.0434 11.562 1.69531 2.33481 0.727795 1.17117
internal_count=131451 128852 2599 19305 11220 10223 109547 109206 56944 52262 20480 55392 5284 1969 1635 1262 630 1552 8085 5885 3540 2345 2200 1167 739 31782 1033 997 690 4939
is_linear=0
shrinkage=0.12


Tree=268
num_leaves=43
num_cat=0
split_feature=69 79 23 44 22 18 15 0 49 22 56 38 65 74 87 28 56 30 64 71 10 60 10 46 65 55 64 33 68 48 76 60 64 11 7 15 65 40 50 50 71 28
split_gain=0.534063 0.793682 1.27906 1.04513 0.773766 1.50624 1.25209 1.60236 1.95262 1.62895 0.762846 1.18773 1.10467 1.73818 1.0059 0.80592 0.804106 0.916774 0.724835 1.16552 0.72108 0.689533 0.634039 0.660359 1.38973 0.629636 0.579222 0.541757 0.518426 0.474452 0.465503 0.539066 0.343515 0.401155 0.303779 0.256038 0.19067 0.130908 0.11855 0.0781649 0.0702486 0.0195715
threshold=3.5000000000000004 1.0000000180025095e-35 2.2090684175491337 0.58437499403953563 0.20852916687726977 0.2651041597127915 0.8444184958934785 18.798600196838382 0.0073968057986348876 1.590199947357178 2.1390625238418584 1.0000000180025095e-35 11.68802070617676 0.083009086549282088 0.026114285923540596 5.3506467342376718 1.8906250000000002 0.42604167759418493 45.500000000000007 19999967.000000004 1.0000000180025095e-35 2.5703125000000004 1.5000000000000002 0.12501517683267596 0.94791665673255932 1.0000000180025095e-35 38.500000000000007 1.1881142854690554 5.5000000000000009 1.2614583373069765 1.0000000180025095e-35 2.0953124761581425 46.500000000000007 0.57284998893737804 4.1704974174499521 2.7554504871368413 11.767708301544191 0.16801064461469653 0.21153321862220767 0.10370706766843797 2.8525558710098271 7.0740752220153817
decision_type=2 2 2 2 2 2 2 2 2 2 2 2 2 2 2 2 2 2 2 2 2 2 2 2 2 2 2 2 2 2 2 2 2 2 2 2 2 2 2 2 2 2
left_child=1 4 3 -3 5 -1 -6 9 -9 -8 16 14 32 39 18 26 22 30 19 -12 37 40 23 27 -25 -15 -16 -2 -24 -20 31 -18 38 -34 -23 -30 -17 41 -13 -14 -19 -4
right_child=10 2 20 -5 6 -7 7 8 -10 -11 11 12 13 25 15 36 17 21 29 -21 -22 34 28 24 -26 -27 -28 -29 35 -31 -32 -33 33 -35 -36 -37 -38 -39 -40 -41 -42 -43
leaf_value=0.0090500256166016358 0.00094377818909174426 0.1221316210494142 0.055913841921541516 0.020229563726566022 -0.034434710963152412 -0.068724940790044362 -0.0072655670386356855 0.080660792327824957 0.0077865108682693123 -0.09944842223756753 -0.013297987162306259 0.13280485974853315 0.056355515370931746 -0.16565204511081219 0.083746830239453313 0.11305460836420868 -0.15050502640741781 0.11872589352896423 -0.14679208842360442 0.11053149570571584 -0.14755247476408379 -0.091336792150963339 -0.035218089494778192 -0.17569830972977121 0.027170075342411712 -0.0088739772336096211 -0.086872251027641234 -0.038735870408529521 0.035716748899313817 -0.017886666966737758 -0.20005991342107313 0.024100738481900776 -0.13586085691911784 0.12139397608618657 0.046608191893573521 0.10893130112381551 -0.037733533686512243 -0.054404201406352715 0.078174796236731486 0.13876355765883228 0.035600053847318153 0.12150102661477685
leaf_weight=6.9177790389105152 32.98088517519254 2.2378990293724419 0.10589287963784932 4.113122974153498 13.430415442816296 7.4444383810905705 13.592722076830343 6.0290354630057541 43.461651717726852 3.4638007797312858 7.3544285247332777 2.9734443903645444 0.20111593021690077 0.6108379831173989 0.48967686282639922 2.2711949832336704 0.53842567898095628 0.53345163215834634 0.81527539573472185 1.2859244854797038 0.77589023295365678 0.82706481691099021 0.7143807712317306 0.49895897465103445 19.09902814229855 0.93123893360484544 0.69060079659362827 5.8308517044477659 1.1605750243752484 0.82949279575917245 0.61528560954559441 0.48304414056434553 0.16794913623016317 0.18174101236434126 0.31837686737441118 1.6885177112614824 0.12753717032560974 0.11794859303540761 0.70825125782256737 0.94234811045169664 0.20176649851100592 0.17182470103932701
leaf_count=240 34005 552 131 418 277 381 1280 431 3702 615 10596 9815 624 393 226 5277 146 650 319 2364 242 639 419 273 36058 1501 603 3883 50 1763 181 503 4 983 631 4943 525 192 3204 1132 554 726
internal_value=0.00325349 -0.00262679 0.0348845 0.0561366 -0.0056179 -0.0312635 -0.00101253 0.00573267 0.0166642 -0.0259859 0.0102126 0.0303649 0.0717809 0.0121567 0.0102996 0.0650938 0.00387951 -0.0519339 -0.00876769 0.00513128 -0.0803236 0.00521888 0.00704731 0.00404931 0.0220051 -0.0709759 -0.0160853 -0.00501746 0.0561882 -0.0817822 -0.117603 -0.0679355 0.1115 -0.00216034 -0.0529948 0.0791074 0.105037 0.0515102 0.122296 0.124269 0.0959136 0.0964928
internal_weight=187.934 101.862 7.52258 6.35102 94.3398 14.3622 79.9776 66.5472 49.4907 17.0565 86.0717 20.5811 6.71693 2.68554 13.8641 3.57901 65.4906 3.51742 10.2851 8.64035 1.17156 1.88066 61.9732 58.4097 19.598 1.54208 1.18028 38.8117 3.56347 1.64477 1.63676 1.02147 4.03139 0.34969 1.14544 2.84909 2.39873 0.395666 3.6817 1.14346 0.735218 0.277718
internal_count=131451 9187 2261 970 6926 621 6305 6028 4133 1895 122264 39329 17656 3650 21673 6631 82935 3304 15042 12960 1291 2474 79631 74219 36331 1894 829 37888 5412 2082 830 649 14006 987 1270 4993 5802 1049 13019 1756 1204 857
is_linear=0
shrinkage=0.12


Tree=269
num_leaves=32
num_cat=0
split_feature=14 75 45 68 21 21 21 15 80 70 30 44 1 14 56 49 45 53 60 65 82 28 70 33 28 69 13 68 14 14 82
split_gain=0.532025 1.34145 1.11879 1.00908 0.869608 1.02298 1.22314 1.44062 1.26653 0.844484 1.52545 0.930374 0.973474 0.710133 1.13502 1.02534 1.02366 0.652349 0.572969 0.984667 0.586968 0.380108 0.328435 0.664542 0.206767 0.173663 0.211462 0.0146954 0.000635505 2.98648e-05 2.17039e-05
threshold=-0.16760700196027753 1.0000000180025095e-35 0.21622323989868167 19.500000000000004 3.994150042533875 0.25426666438579565 2.3990999460220341 2.5753289461135869 1.0000000180025095e-35 1.0000000180025095e-35 1.1010416746139529 0.96328124403953563 210.39499664306643 -1.1373974680900572 0.45703125000000006 0.34998266398906713 0.30407379567623144 -0.069885004311799989 2.0739583969116215 1.0838541984558108 0.37500000000000006 245.59446716308597 1.0000000180025095e-35 0.25732499361038214 9.4008340835571307 10.500000000000002 4.9248499870300302 5.5000000000000009 4.6599800586700448 0.48789049685001379 1.0000000180025095e-35
decision_type=2 2 2 2 2 2 2 2 2 2 2 2 2 2 2 2 2 2 2 2 2 2 2 2 2 2 2 2 2 2 2
left_child=1 13 9 -3 5 -4 8 -8 -7 10 11 12 -2 -1 16 -16 -15 18 19 -11 -20 24 23 -23 -6 -12 -27 -19 -13 -26 -29
right_child=2 3 4 -5 21 6 7 -9 -10 17 25 28 -14 14 15 -17 -18 27 20 -21 -22 22 -24 -25 29 26 -28 30 -30 -31 -32
leaf_value=-0.013155352833867717 -0.011293127842787557 -0.05501537412545749 -0.010606159165838675 -0.0050460194577927045 -0.074603712438663192 0.10525874437564846 -0.017401859714639374 0.039212366033189124 0.034061463667000691 -0.01592355183283789 -0.139194534927538 -0.12945887347192489 0.085466910753020778 0.024683219275497843 0.0099734174839386548 0.063274035433822262 -0.027820781248080337 0.085048763860518767 -0.052014840405257175 0.064339017989887171 0.043640011386592729 0.057533563416918281 -0.118400454458367 -0.10389692590401786 0.12336833545592236 0.011413296991092989 -0.12320716850737085 0.12207319590630533 -0.12298293577692027 0.12013107094063086 0.12074493049161969
leaf_weight=20.647226895454423 24.146071243648681 10.969319385444635 10.192312867130559 12.395334075587414 0.10874572318153086 5.3811740687637792 11.004514512321636 15.715428331416296 10.856983261630345 3.942473180453133 1.4322931137672079 0.33277514494989091 1.5962305076821213 9.3834750229464152 11.607706741830045 9.410666092362133 12.43158299537208 0.20526494536594242 3.1364548593579107 4.9829275098571806 1.3094297750070323 0.69718856513395644 0.93584966685148163 0.77585082508733194 0.050124973284368934 0.29293378959783911 0.39404710436770074 0.28151804360732058 0.63383586961028016 0.22631270012042748 0.47780679164090145
leaf_count=423 7721 382 583 277 17 19701 1119 64862 18389 1470 307 148 1648 355 456 456 374 378 866 3410 919 1265 73 748 17 265 425 240 687 2683 787
internal_value=0.00293414 -0.00392275 0.00894258 -0.0285058 0.0201417 0.023572 0.0316811 0.015896 0.0576556 -0.00557244 -0.0174088 -0.00963317 -0.00529322 0.00512527 0.0139372 0.033838 -0.00523684 0.0182295 0.0113542 0.0288859 -0.023842 -0.0451111 -0.0628098 -0.027492 0.0655744 -0.115404 -0.065804 0.113536 -0.125212 0.120718 0.121237
internal_weight=185.954 86.8453 99.1085 23.3647 55.9445 53.1504 42.9581 26.7199 16.2382 43.1641 28.8282 26.7089 25.7423 63.4807 42.8334 21.0184 21.8151 14.3359 13.3713 8.9254 4.44588 2.79407 2.40889 1.47304 0.385183 2.11927 0.686981 0.96459 0.966611 0.276438 0.759325
internal_count=131451 2723 128728 659 109457 104654 104071 65981 38090 19271 11201 10204 9369 2064 1641 912 729 8070 6665 4880 1785 4803 2086 2013 2717 997 690 1405 835 2700 1027
is_linear=0
shrinkage=0.12


Tree=270
num_leaves=33
num_cat=0
split_feature=5 0 44 4 70 80 53 46 33 15 85 54 11 32 80 15 80 69 28 18 27 11 46 87 61 61 52 53 27 1 52 27
split_gain=0.539686 1.02428 1.00714 1.56127 1.30036 1.4781 1.64433 1.41163 1.1001 0.995874 0.857816 0.886532 0.962456 0.77698 0.77647 0.8956 0.758325 0.756436 0.720829 0.729515 0.944956 0.690084 0.654625 0.54804 0.542941 0.306988 0.137965 0.205241 0.0164568 0.0410224 0.01329 8.18904e-06
threshold=8.0480999946594256 12.313149929046633 0.48854167759418493 0.8874499797821046 1.0000000180025095e-35 1.0000000180025095e-35 0.075001392513513579 0.11024843156337739 0.69761428236961376 1.1508479714393618 0.9025142788887025 0.28987203538417822 2.2401499748229985 0.25845029950141912 0.37500000000000006 1.6102454662323 0.37500000000000006 3.5000000000000004 0.9224643111228944 0.23020833730697635 55.836992263793952 0.34534999728202825 0.23701124638319018 0.032342856749892242 -51.197458267211907 -2.5610840320587154 2.1447916030883794 -0.23453153669834134 98.252616882324233 275.42500305175787 2.6953125000000004 33.297288894653327
decision_type=2 2 2 2 2 2 2 2 2 2 2 2 2 2 2 2 2 2 2 2 2 2 2 2 2 2 2 2 2 2 2 2
left_child=10 -2 3 -3 5 7 -7 -4 -5 -6 17 12 14 -10 21 -16 -11 23 28 20 -20 -12 -21 -1 -14 -13 -27 -28 31 -30 -26 -19
right_child=1 2 4 8 9 6 -8 -9 13 16 11 25 24 -15 15 -17 -18 18 19 22 -22 -23 -24 -25 30 26 27 -29 29 -31 -32 -33
leaf_value=-0.098616208133477892 0.056696093923839425 -0.071529097991631846 -0.0062360954781478699 0.050998404539488708 -0.061500436057982465 0.069132671921486269 -0.017119824833673837 0.091486188063731724 0.015617330208352853 0.032345433320507433 -0.066421348451993753 0.033573114478157064 -0.040496798117385727 -0.022439345581781369 -0.1370876880976111 0.12326165848300508 -0.027532690776738238 -0.12076583471212915 0.061801118720732837 -0.02111245373610127 -0.017417397460922652 0.015165690867053484 0.017449990562870641 -0.020023465431929944 0.12270008944352481 -0.10140058121795487 -0.10136092719523453 0.028736718148488934 -0.12001033232834743 0.10628918058992338 0.088849976678969517 -0.12004654978853409
leaf_weight=2.6938660771422027 4.5411541442410899 5.8690149660671969 2.9863467085912152 4.4417282017393509 4.6882089095372548 4.3202511385028357 12.088867108341899 7.4110694862644451 10.630185402053256 6.3377336841502352 1.9302584233573723 0.46369407204525748 0.3584718139966302 28.268987497444925 0.22048616956453848 1.3882353682476987 5.8633501287290528 0.45092975525949341 4.1427870968455078 55.944532578527486 4.5494617538754056 6.5882492900389096 7.1491400790046944 2.4302665634215828 1.854065515407622 1.1410174128885859 0.3358385614483268 0.36374324532263802 0.03896118572831142 0.016386343350859534 0.18355520043598961 0.46088235495383856
leaf_count=419 428 369 636 307 145 698 867 907 643 1023 88 422 41 2192 6 2259 433 149 11229 68181 5491 5039 16485 315 5508 539 92 651 1205 31 372 3869
internal_value=-0.00518675 0.00104871 -0.00167129 -0.0134446 0.0115877 0.0280192 0.00558904 0.0634184 -0.00557906 -0.0144923 -0.0117412 0.0147131 0.0272996 -0.0120394 0.0111181 0.087579 0.00357042 -0.016778 -0.0136393 -0.0122529 0.0203387 -0.00332159 -0.0167429 -0.0613414 0.0956916 -0.0536912 -0.0756753 -0.0337175 -0.116546 -0.0530115 0.119651 -0.120402
internal_weight=190.152 97.4469 92.9057 49.2099 43.6958 26.8065 16.4091 10.3974 43.3409 16.8893 92.7048 14.8276 12.5233 38.8992 10.1272 1.60872 12.2011 77.8772 72.7531 71.7859 8.69225 8.51851 63.0937 5.12413 2.39609 2.30429 1.8406 0.699582 0.96716 0.0553475 2.03762 0.911812
internal_count=131039 8648 8220 3511 4709 3108 1565 1543 3142 1601 122391 15017 13313 2835 7392 2265 1456 107374 106640 101386 16720 5127 84666 734 5921 1704 1282 743 5254 1236 5880 4018
is_linear=0
shrinkage=0.12


Tree=271
num_leaves=47
num_cat=0
split_feature=23 6 23 75 0 33 27 70 28 73 87 6 68 12 13 65 22 21 53 28 53 69 18 52 73 28 21 0 40 71 52 52 82 33 57 28 50 27 40 45 85 5 11 4 4 65
split_gain=0.460337 1.13305 0.76811 1.21555 2.11948 0.727583 0.710455 1.25809 2.53922 1.74481 1.13854 1.11478 0.958003 0.881473 2.36272 1.9805 1.19043 0.795392 0.619305 0.525453 0.512932 0.675333 1.00444 0.861626 0.715896 0.610024 1.42807 0.582488 0.416783 0.503254 0.416202 0.376465 0.337338 0.291453 0.279987 0.232122 0.183856 0.127665 0.0622334 0.0440713 0.0279325 0.0064079 0.00473895 0.00147217 9.72513e-05 1.05041e-05
threshold=8.0310010910034197 5.8775999546051034 8.3767924308776873 1.0000000180025095e-35 4.5062499046325692 1.0491571426391604 49.279989242553718 1.0000000180025095e-35 5.3506467342376718 1.0000000180025095e-35 0.059557143598794944 9.1612000465393084 5.5000000000000009 4.0239000320434579 3.0448499917984013 0.4395833313465119 2.6448042392730717 3.3653999567031865 0.50919735431671154 3.6548196077346806 0.0067384652793407449 19.500000000000004 0.29270832240581518 1.6885416507720949 1.0000000180025095e-35 7.0740752220153817 0.13955000042915347 12.900050163269045 0.25281466543674475 5.1583869457244882 2.1588541269302373 2.2510416507720952 1.0000000180025095e-35 0.9381714165210725 0.2051164656877518 7.0740752220153817 0.43095858395099645 83.191997528076186 0.083792544901371016 0.33898715674877172 1.1254714131355288 4.3828999996185312 0.46175000071525579 1.5753999948501589 3.9429000616073613 8.4770836830139178
decision_type=2 2 2 2 2 2 2 2 2 2 2 2 2 2 2 2 2 2 2 2 2 2 2 2 2 2 2 2 2 2 2 2 2 2 2 2 2 2 2 2 2 2 2 2 2 2
left_child=1 30 3 5 -5 18 13 8 12 -10 11 -9 -8 16 15 -15 17 -3 34 -18 25 22 24 37 -22 28 -27 -25 31 -30 38 -4 -24 44 -2 -6 -28 -23 40 -40 42 -7 -1 -37 45 -32
right_child=2 6 20 4 35 41 7 10 9 -11 -12 -13 -14 14 -16 -17 19 -19 -20 -21 21 23 32 27 -26 26 36 -29 29 -31 33 -33 -34 -35 -36 43 -38 -39 39 -41 -42 -43 -44 -45 -46 -47
leaf_value=0.14580524740154008 0.125375404383131 -0.0077245200024910138 -0.030011462749357305 -0.38889179150462827 -0.075952455411892703 -0.099917326090260883 0.028456127836453533 0.060482876750331975 0.027893450623110848 -0.10100237183395591 -0.077551222972599296 -0.013982623458067519 -0.11447510075567122 -0.37925655580416451 -0.44358567509541408 -0.023641702380555112 -0.029714032441689426 -0.051903262089146446 -0.12393135562502472 0.077878312929426 0.10749772774439338 0.1185970512371195 -0.08155302976934789 -0.036888394558269158 -0.12621820836808104 -0.057943863047073649 0.12194278576445682 -0.10647232981164291 -0.020092484089329576 0.1074216476506171 0.12044751655977114 0.012171723093909521 0.019768364578094881 -0.054422682052260841 -0.078150034596896414 0.09728850579535582 -0.0029733462864301235 -0.070245640430591477 -0.0073093834917327674 0.12063819411201299 0.16722665042466472 -0.082618084342812079 0.12186433115802697 0.12097382746751664 0.12514846923516024 0.11814886670872515
leaf_weight=0.1536019269551463 0.68079257543880067 51.426562634989793 8.7999328702907089 0.41693317793533413 0.23967980067345707 0.61168379599689593 0.89130161803250674 3.2430867649143833 46.075056412166219 1.5636058654217766 3.5808741631060448 26.967738898619757 2.7859652838385855 0.23889347430014041 0.22376434256634059 4.0272538000673279 0.82684184291292639 6.6242650261368956 0.2393115332125717 3.1202046151364868 1.5841877783768308 0.50742249978455767 1.2644440393009975 7.4582342343802832 0.21425224708468693 1.1338394702979706 1.8307970300610246 2.2564414975206262 0.85611571156658672 0.92967556794269512 0.096366176362721379 4.6597774577246573 0.75614136197100368 0.37536252821195148 0.11357102217789361 0.062837378457174964 0.18699900501093214 0.057379874850539636 0.072780635328854149 0.082948285541760924 0.39848902565245226 0.62174262439327777 0.52942553602034081 0.094796815043082461 0.074609047078411095 0.040725115900599462
leaf_count=7 2008 6548 3984 54 78 187 696 6624 15866 233 465 2659 1774 269 294 6217 234 922 33 5018 5470 9508 404 36596 123 63 11221 2376 224 430 567 3506 1229 161 94 394 500 248 159 491 23 419 1866 349 7 441
internal_value=-0.00457452 -0.00172261 -0.0168729 -0.0741328 -0.199896 -0.0289639 -0.00285389 0.00440706 0.0162465 0.0236628 -0.0135723 -0.00598886 -0.0798312 -0.0121483 -0.0634916 -0.0435552 -0.00842995 -0.0127658 0.0452955 0.0553395 -0.0114433 -0.0286655 0.0144232 -0.0446737 0.0796546 0.00175472 0.0498146 -0.0530508 -0.00818048 0.0462908 0.092284 -0.0154076 -0.0436366 0.00907512 0.0962772 -0.00156798 0.110366 0.099412 0.131766 0.0608413 0.141978 -0.0911972 0.127248 0.111532 0.121662 0.119765
internal_weight=188.997 153.42 35.577 3.08135 0.814247 2.2671 151.595 85.1076 51.3159 47.6387 33.7917 30.2108 3.67727 66.4878 4.48991 4.26615 61.9979 58.0508 1.03368 3.94705 32.4956 14.0985 3.81903 10.2795 1.79844 18.3971 3.15164 9.71468 15.2455 1.78579 1.82431 13.4597 2.02059 0.587063 0.794364 0.397314 2.0178 0.564802 1.23725 0.155729 1.08152 1.23343 0.683027 0.157634 0.2117 0.137091
internal_count=131039 51541 79498 3616 875 2741 47819 28317 18569 16099 9748 9283 2470 19502 6780 6486 12722 7470 2135 5252 75882 55954 7226 48728 5593 19928 11784 38972 8144 654 3722 7490 1633 1176 2102 821 11721 9756 2546 650 1896 606 1873 743 1015 1008
is_linear=0
shrinkage=0.12


Tree=272
num_leaves=36
num_cat=0
split_feature=58 46 57 60 60 87 23 87 11 27 6 18 22 65 33 11 40 46 58 40 85 62 65 68 18 48 32 0 18 68 0 12 53 1 27
split_gain=0.438335 0.86244 0.705661 0.602429 0.801862 0.549223 2.78843 1.24513 1.1611 0.999135 0.681756 1.25694 1.02174 1.00523 1.0784 0.918243 0.596197 0.919553 0.848378 0.496109 0.489999 1.07283 0.990142 0.731293 0.950607 0.502407 0.467979 0.465312 0.384357 0.29803 0.269514 0.246149 0.539813 0.0870811 0.0608524
threshold=11.651529312133791 0.064185276627540602 5.972442865371705 3.8135416507720952 5.1697914600372323 0.0047571428585797557 0.58280083537101757 0.11445714160799982 0.46175000071525579 50.509428024291999 10.990849971771242 0.23932291567325595 0.86996665596961986 0.4395833313465119 1.2499142885208132 1.6672500371932986 0.10276234149932863 0.13839440792798999 1.2579026222229006 0.055165734142065055 1.0000000180025095e-35 19999967.000000004 9.4885416030883807 16.500000000000004 0.25546874105930334 1.2114583253860476 0.55129399895668041 20.362250328063968 0.25364583730697637 16.500000000000004 20.362250328063968 3.8404999971389775 -0.13956961035728452 250.54499816894534 80.605052947998061
decision_type=2 2 2 2 2 2 2 2 2 2 2 2 2 2 2 2 2 2 2 2 2 2 2 2 2 2 2 2 2 2 2 2 2 2 2
left_child=5 3 20 19 -5 10 -7 26 -9 -10 13 -12 -13 14 15 -1 18 -18 -15 30 23 27 -23 25 -25 -3 28 -22 -8 34 33 -21 -33 -2 -6
right_child=1 2 -4 4 29 6 7 8 9 -11 11 12 -14 16 -16 -17 17 -19 -20 31 21 22 -24 24 -26 -27 -28 -29 -30 -31 -32 32 -34 -35 -36
leaf_value=-0.062288325993940331 -0.089424501296255593 0.019465869670785698 -0.15505394205519626 0.12004983187477461 0.072908596918425203 -0.13114680173225687 -0.099711489005546466 0.10688240101129877 -0.018213962025512224 0.012956602582406905 -0.021645444966311024 0.0096685552216519526 0.060954870717074963 0.026216921737460042 0.0080198230204892029 -0.26561546378771278 -0.026894452285443467 0.02006272775509611 -0.02270422787599638 -0.058922082810889696 -0.037778131424864553 -0.033617922123673795 0.095516955016090269 0.070533820034980904 -0.0010109549132633752 -0.045944363523766407 -0.13905290526762726 -0.11486434233447647 0.035708716603807519 -0.091920797665550974 -0.044527656983096318 -0.096398193913074706 0.11519800408195818 -0.14346919263847321 -0.010610021697958291
leaf_weight=0.7160638769507337 0.58984487171336386 2.6267842433806754 0.45333933423742578 0.5943234363569444 0.21539195064191552 2.6051018142852618 0.62769638253757809 1.401458314786338 31.634697462190488 27.839584062810985 7.8834346541086715 11.762128711050254 10.66620524089336 19.604419061117515 1.1122604338856943 0.57801386524363352 18.61552214604999 8.8651877119383808 6.9015834176413717 1.6334467685749134 3.64408952690661 1.9037167847734298 1.5521085801149324 4.282217912172845 7.1221133850963341 4.7461811044190441 1.2627352196574575 1.6328507851833363 0.58131499196679215 0.82857114598465387 0.73162885172018821 0.30098461252885056 0.41027188494691536 1.5775179479817607 0.30142792665438378
leaf_count=441 426 5320 89 411 613 180 272 239 19188 19302 351 463 503 24703 109 292 13798 10932 15676 213 1830 975 2072 1446 1598 6582 291 78 476 147 85 82 775 924 157
internal_value=-0.00400184 -0.0160841 -0.00655672 -0.053172 0.00396516 -0.0012201 -0.00947292 -0.00446921 -0.00107917 -0.00362319 0.00505746 0.0195713 0.0340587 -0.00274384 -0.0786306 -0.153107 0.000638638 -0.0117462 0.0134789 -0.0743078 -0.00410963 -0.0275937 0.0243802 0.00681213 0.0258534 -0.0226405 -0.0879611 -0.061631 -0.034599 -0.047315 -0.107503 -0.0332656 0.0256562 -0.128761 0.0241975
internal_weight=187.804 35.1468 27.9634 7.18341 1.93971 152.657 65.9526 63.3475 60.8757 59.4743 86.7048 30.3118 22.4283 56.3931 2.40634 1.29408 53.9867 27.4807 26.506 5.24369 27.5101 8.73277 3.45583 18.7773 11.4043 7.37297 2.47175 5.27694 1.20901 1.34539 2.89899 2.3447 0.711256 2.16736 0.51682
internal_count=131039 23823 19990 3833 1328 107216 39948 39768 38729 38490 67268 1317 966 65951 842 733 65109 24730 40379 2505 19901 4955 3047 14946 3044 11902 1039 1908 748 917 1435 1070 857 1350 770
is_linear=0
shrinkage=0.12


Tree=273
num_leaves=22
num_cat=0
split_feature=65 1 1 82 18 14 65 87 14 87 18 57 23 18 65 50 56 40 14 23 30
split_gain=0.393531 0.921414 1.31062 0.89736 1.20418 0.891081 0.793161 0.433215 2.20424 1.39845 0.932563 0.843249 0.88908 1.06412 0.879903 0.745778 1.31807 1.12056 0.485118 0.417807 0.0996393
threshold=0.61770832538604747 150.92499542236331 183.004997253418 0.37500000000000006 0.29270832240581518 -0.82713100314140309 0.70312500000000011 0.0047571428585797557 -1.1373974680900572 0.11445714160799982 0.25546874105930334 -4.7486402988433829 8.0310010910034197 0.26692709326744085 11.631771087646486 0.057789608836174018 1.4257812500000002 0.14774912595748904 1.0000000180025095e-35 1.5313089489936831 0.58437499403953563
decision_type=2 2 2 2 2 2 2 2 2 2 2 2 2 2 2 2 2 2 2 2 2
left_child=1 -1 19 -4 5 -5 -2 11 -9 18 -11 15 13 -13 -14 16 -8 -17 -10 -3 -21
right_child=6 2 3 4 -6 -7 7 8 9 10 -12 12 14 -15 -16 17 -18 -19 -20 20 -22
leaf_value=-0.039881490263954787 -0.061993402719424058 0.10651003883127159 0.058301624354823216 -0.13037977768588543 0.065411080806574776 -0.0085509445686367085 -0.02862384351139596 -0.13158684432051745 -0.1444538491146572 0.016251362011976342 -0.013804979517645281 -0.0021546056926299542 -0.022711642990793608 0.033380186668911599 0.1110275078721408 -0.03730339271943537 0.12048572415580415 0.015337593389728696 -0.046403139014054733 0.062278149960162198 0.012935008240808499
leaf_weight=3.4787959698133468 3.4721135823938303 2.8584679010855307 2.2713590499145084 1.7539438828243863 1.2928618033749897 1.7048669913297954 1.9214936847142632 2.1208118342331082 1.25963742146132 22.239012100734342 44.831881735018982 22.475200818798427 14.488152118793936 26.377323710762781 0.74482086524818214 19.378228932928316 1.5361325183511096 8.3244955908092191 1.7171701684540037 1.2117308317921245 1.1472486093857694
leaf_count=610 527 70 536 68 313 1057 906 206 24 20249 26146 11606 32835 10854 4859 12640 1535 4149 1219 505 125
internal_value=-0.00355353 0.0146161 0.0301045 -0.00373993 -0.0333966 -0.0703297 -0.00522489 -0.00404753 -0.0110602 -0.0074111 -0.00383906 0.00126605 0.00913936 0.017032 -0.0161724 -0.0149265 0.0376216 -0.0214851 -0.0878933 0.0756614 0.038281
internal_weight=186.606 15.7193 12.2405 7.02303 4.75167 3.45881 170.886 167.414 72.1685 70.0477 67.0709 95.2458 64.0855 48.8525 15.233 31.1604 3.45763 27.7027 2.97681 5.21745 2.35898
internal_count=131039 3284 2674 1974 1438 1125 127755 127228 47844 47638 46395 79384 60154 22460 37694 19230 2441 16789 1243 700 630
is_linear=0
shrinkage=0.12


Tree=274
num_leaves=26
num_cat=0
split_feature=27 74 71 71 27 42 43 15 74 14 53 46 74 22 40 45 13 5 50 27 57 10 74 6 4
split_gain=0.377423 0.456268 0.422996 0.530452 0.855567 0.519506 0.731518 0.672585 0.508876 0.611358 0.418564 0.301572 0.278119 0.190468 0.139083 0.0801286 0.0614254 0.0550363 0.0299804 0.0299662 0.00821298 0.00421848 0.000108619 7.77786e-05 2.68024e-08
threshold=11.372304916381838 16.552578926086429 -11.211291313171385 -9.3043427467346174 68.951004028320327 -2.0562171936035152 1.0711899399757387 1.1508479714393618 0.51461768150329601 -0.58035701513290394 0.068318817764520659 0.095455050468444838 4.9435536861419687 2.8381249904632573 0.080951482057571425 0.2180329114198685 -1.7374500036239622 9.4421997070312518 0.064809087663888945 60.344934463500984 -33.816699981689446 1.0000000180025095e-35 2.2154794931411748 11.153749942779543 3.5550500154495244
decision_type=2 2 2 2 2 2 2 2 2 2 2 2 2 2 2 2 2 2 2 2 2 2 2 2 2
left_child=11 2 8 4 10 7 -7 -5 -2 -10 -4 21 14 19 17 -15 -11 23 -6 -3 -17 22 -1 -13 -22
right_child=1 13 3 5 18 6 -8 -9 9 16 -12 12 -14 15 -16 20 -18 -19 -20 -21 24 -23 -24 -25 -26
leaf_value=0.12252276252524377 -0.14004851122567025 0.078056023081266857 0.077376570920720006 -0.11642209158047608 0.1674062804295898 -0.0038649313628090565 0.099099187618694504 -0.019323687214065435 -0.10925380935310057 0.12762103229682673 -0.02034602038580989 0.12204425528317224 -0.070956009269521406 -0.039242319237435652 -0.0034800162632874312 -0.014484784664564624 0.041940525113799178 0.044844344538642278 0.12332541690246565 0.12493547588228995 0.1200730829223853 0.10357379467384126 0.12636852035523805 0.12583408994175971 0.12029462863447522
leaf_weight=0.22391121933844704 0.72374657033745993 0.35189974396208501 0.90266129365937775 1.24752929448067 0.3774380186205234 169.04114503034523 0.99948364209305296 5.8184316328653267 0.43130201119311096 0.25576681038819515 2.0983412991626551 0.17418920626727075 0.37277083867034477 0.241566203164993 0.37727535031608284 0.0072812939957458403 0.22780491249087476 0.2135204578662524 0.54011230000321575 0.44419658465363909 0.053974276367718232 0.21089390836676003 0.20041399685436545 0.14118398052232806 0.0092043255995690743
leaf_count=498 102 288 344 33 118 117023 555 3998 31 33 664 970 307 444 609 186 707 12 625 386 2592 248 168 19 79
internal_value=-0.00314989 -0.00370203 -0.00416775 -0.00361834 0.0400523 -0.00458457 -0.00325972 -0.0364669 -0.0648628 -0.00538425 0.00904762 0.0498599 0.016292 0.0730667 0.0521832 -0.0064001 0.087258 0.0918894 0.141458 0.104213 0.106197 0.117445 0.124339 0.123741 0.120105
internal_weight=185.686 183.772 182.664 181.025 3.91855 177.107 170.041 7.06596 1.63862 0.914874 3.001 1.91416 1.27894 1.10812 0.906169 0.312026 0.483572 0.528894 0.91755 0.796096 0.0704599 0.635219 0.424325 0.315373 0.0631786
internal_count=131039 128208 124233 123360 1751 121609 117578 4031 873 771 1008 2831 1917 3975 1610 3301 740 1001 743 674 2857 914 666 989 2671
is_linear=0
shrinkage=0.12


end of trees

feature_importances:
e_needed_next_cs_wc=342
e_margin_next_cs_wc=292
cd_slack_after=279
queue_here=274
D_next=247
soc_at_next_cs_frac=227
tod=224
sd_slack_after=202
a_tauc_full=200
spread_slack2_after=196
a_dwell_vs_cu1_drive=192
hz_drive=190
cs1_queue=186
spread_slack1=180
cs3_queue=176
a_dwell_min=169
sd=168
cs2_queue=167
a_y=165
cd=164
cs3_drive=161
cs2_drive=158
cu1_drive=157
sd_slack=147
cs2_soc_frac=141
soc_kwh=129
sw_slack=123
a_cu1_slack_after=121
cd_slack=119
spread_slack2=118
charge_time_to_full=118
spread_h=115
legs_to_forced_break=114
a_break_min=114
sw=108
cs3_soc_frac=104
cu2_drive=104
cu1_open_slack=99
a_residual_break=93
cs1_drive=92
cu1_close_slack=90
cu2_open_slack=89
e_nom_margin_next_cs=82
cs1_soc_frac=82
cu2_close_slack=82
a_r2=73
drive_to_next_cs=72
hz_stops=71
legs_to_forced_rest=61
a_b45=60
a_r1=52
rho2_used=40
E_next=37
a_rest_min=37
tw_late_slack=34
soc_frac=31
rho2_left=29
is_layby=29
tw_early_slack=28
a_break_absorbable=28
must_rest=23
ext_shift_used=22
a_b15=20
a_resets_cd=20
charge_rate_now_kw=16
a_b30=16
a_cu1_early=15
is_cs=13
hz_n_rests=12
hz_n_breaks=11
phi=10
stops_to_next_cs=10
energy_to_next_cs=8
cs3_reach=8
ext_left=7
cu1_rests_between=7
usable_kwh=4
D_next_wc=4
is_cust=4
cs1_reach=3
a_cu1_late=3
a_resets_sd=3
must_reset_cd=2
cs2_reach=2
must_charge=1
cu2_rests_between=1

parameters:
[boosting: gbdt]
[objective: binary]
[metric: binary_logloss]
[tree_learner: serial]
[device_type: cpu]
[data_sample_strategy: bagging]
[data: ]
[valid: ]
[num_iterations: 1200]
[learning_rate: 0.12]
[num_leaves: 63]
[num_threads: 0]
[seed: 1]
[deterministic: 0]
[force_col_wise: 0]
[force_row_wise: 0]
[histogram_pool_size: -1]
[max_depth: 6]
[min_data_in_leaf: 300]
[min_sum_hessian_in_leaf: 0.001]
[bagging_fraction: 0.8]
[pos_bagging_fraction: 1]
[neg_bagging_fraction: 1]
[bagging_freq: 5]
[bagging_seed: 18467]
[bagging_by_query: 0]
[feature_fraction: 0.8]
[feature_fraction_bynode: 1]
[feature_fraction_seed: 26500]
[extra_trees: 0]
[extra_seed: 15724]
[early_stopping_round: 0]
[early_stopping_min_delta: 0]
[first_metric_only: 0]
[max_delta_step: 0]
[lambda_l1: 0]
[lambda_l2: 0]
[linear_lambda: 0]
[min_gain_to_split: 0]
[drop_rate: 0.1]
[max_drop: 50]
[skip_drop: 0.5]
[xgboost_dart_mode: 0]
[uniform_drop: 0]
[drop_seed: 6334]
[top_rate: 0.2]
[other_rate: 0.1]
[min_data_per_group: 100]
[max_cat_threshold: 32]
[cat_l2: 10]
[cat_smooth: 10]
[max_cat_to_onehot: 4]
[top_k: 20]
[monotone_constraints: ]
[monotone_constraints_method: basic]
[monotone_penalty: 0]
[feature_contri: ]
[forcedsplits_filename: ]
[refit_decay_rate: 0.9]
[cegb_tradeoff: 1]
[cegb_penalty_split: 0]
[cegb_penalty_feature_lazy: ]
[cegb_penalty_feature_coupled: ]
[path_smooth: 0]
[interaction_constraints: ]
[verbosity: -1]
[saved_feature_importance_type: 0]
[use_quantized_grad: 0]
[num_grad_quant_bins: 4]
[quant_train_renew_leaf: 0]
[stochastic_rounding: 1]
[linear_tree: 0]
[max_bin: 255]
[max_bin_by_feature: ]
[min_data_in_bin: 3]
[bin_construct_sample_cnt: 200000]
[data_random_seed: 41]
[is_enable_sparse: 1]
[enable_bundle: 1]
[use_missing: 1]
[zero_as_missing: 0]
[feature_pre_filter: 1]
[pre_partition: 0]
[two_round: 0]
[header: 0]
[label_column: ]
[weight_column: ]
[group_column: ]
[ignore_column: ]
[categorical_feature: ]
[forcedbins_filename: ]
[precise_float_parser: 0]
[parser_config_file: ]
[objective_seed: 19169]
[num_class: 1]
[is_unbalance: 0]
[scale_pos_weight: 1]
[sigmoid: 1]
[boost_from_average: 1]
[reg_sqrt: 0]
[alpha: 0.9]
[fair_c: 1]
[poisson_max_delta_step: 0.7]
[tweedie_variance_power: 1.5]
[lambdarank_truncation_level: 30]
[lambdarank_norm: 1]
[label_gain: ]
[lambdarank_position_bias_regularization: 0]
[eval_at: ]
[multi_error_top_k: 1]
[auc_mu_weights: ]
[num_machines: 1]
[local_listen_port: 12400]
[time_out: 120]
[machine_list_filename: ]
[machines: ]
[gpu_platform_id: -1]
[gpu_device_id: -1]
[gpu_device_id_list: ]
[gpu_use_dp: 0]
[num_gpu: 1]

end of parameters

pandas_categorical:null
