tree
version=v4
num_class=1
num_tree_per_iteration=1
label_index=0
max_feature_idx=87
objective=huber
feature_names=tod soc_kwh soc_frac usable_kwh cd sd sw spread_h phi rho2_used ext_shift_used cd_slack sd_slack sw_slack spread_slack1 spread_slack2 rho2_left ext_left D_next E_next D_next_wc cd_slack_after sd_slack_after spread_slack2_after must_charge must_reset_cd must_rest e_needed_next_cs_wc e_margin_next_cs_wc stops_to_next_cs drive_to_next_cs energy_to_next_cs soc_at_next_cs_frac charge_time_to_full charge_rate_now_kw e_nom_margin_next_cs is_cs is_cust is_layby is_ferry queue_here service_here tw_early_slack tw_late_slack cs1_drive cs1_soc_frac cs1_queue cs1_reach cs2_drive cs2_soc_frac cs2_queue cs2_reach cs3_drive cs3_soc_frac cs3_queue cs3_reach cu1_drive cu1_open_slack cu1_close_slack cu1_rests_between cu2_drive cu2_open_slack cu2_close_slack cu2_rests_between hz_stops hz_drive hz_n_rests hz_n_breaks legs_to_forced_break legs_to_forced_rest a_y a_cu1_slack_after a_cu1_late a_cu1_early a_dwell_vs_cu1_drive a_b45 a_b15 a_b30 a_r1 a_r2 a_break_min a_rest_min a_dwell_min a_resets_cd a_resets_sd a_tauc_full a_break_absorbable a_residual_break
feature_infos=[0.029600000008940697:23.993000030517578] [100.12000274658203:447.79998779296875] [0.20024000108242035:0.89560002088546753] [0.11999999731779099:347.79998779296875] [0.00559999980032444:4.4987998008728027] [0.00559999980032444:9.9118995666503906] [0.00559999980032444:12.949299812316895] [0.0055900001898407936:14.39907169342041] [0:1] [0:3] [0:2] [0.0012000000569969416:4.4944000244140625] [0.088100001215934753:9.9944000244140625] [-3.9493000507354736:8.9944000244140625] [-1.3990720510482788:12.994409561157227] [0.60092800855636597:14.994409561157227] [0:3] [0:2] [0.0062500000931322575:0.5] [0.6147192120552063:49.177536010742188] [0.0062500000931322575:0.5] [-0.27950000762939453:4.4177498817443848] [-0.30829998850822449:9.917750358581543] [0.23490099608898163:14.917792320251465] [0:1] none none [0.6147192120552063:191.17767333984375] [-170.46328735351562:320.76705932617188] [1:9] [0.0062500000931322575:1.9437500238418579] [0.6147192120552063:191.17767333984375] [-0.14092656970024109:0.84153413772583008] [0.26100000739097595:1.3567999601364136] [200:350] [-170.46328735351562:320.76705932617188] none none none none [0.0089307324960827827:2.6392827033996582] none none none [-1:1.9437500238418579] [-1:0.84153413772583008] [-1:2.6392827033996582] [0:1] [-1:2.6812500953674316] [-1:0.6977347731590271] [-1:2.6392827033996582] [0:1] [-1:3.3937499523162842] [-1:0.52483320236206055] [-1:2.6392827033996582] [0:1] [-1:21.0625] [-65.272552490234375:9.8261404037475586] [-11.82182502746582:19999998] [0:2] [-1:21.875] [-63.959949493408203:10.698012351989746] [-11.345075607299805:19999998] [0:2] [1:55] [0.30000001192092896:12.71875] [0:2] [0:3] [0:99] [0:99] none [-22.2108154296875:19999998] [0:1] [0:1] [0:244.63542175292969] [0:1] [0:1] [0:1] [0:1] [0:1] [0:0.75] [0:11] [0:11] [0:1] [0:1] [0.26100000739097595:1.3567999601364136] [0:1] [0:0.48899999260902405]
tree_sizes=3803 3872 3780 3772 3885 3628 3883 4263 3985 4092 4393 4202 3926 4472 3658 4130 4107 3105 3664 3566 3935 3479 3969 3211 3865 2567 2751 2017 2479 1640 2665 1730 1643 2385 1448 1840 1368 2956 1449 2118 1649 2570 1821 2116 2746 2204 2008 2291 2217 1363 2208 1369 2280 1171 2110 1903 1827 2016 1264 2109 2377 1371 896 902 2869 1727 1172 2184 1544 2661 1176 2366 2200 2103 2103 2390 1728 2111 1463 1829 2694 1273 1828 1186 2212 2669 1950 1452 812 2380 2580 2393 1829 1485 2004 1190 2501 1362 2852 2595 1453 2926 1464 1941 2753 2839 1743 2310 2775 3956 2202 2855 1924 2770 1726 1647 1656 2323 2676 1280 1647 2289 3037 2318 2332 2312 1641 2667 1941 1750 1182 1742 2390 1193 1358 1550 1378 1651 1266 1174 1079 2115 2299 1092 1369 1184 1538 986 1074 1842 1545 1186 2602 1921 2016 2969 2601 1180 2329 2034 2134 911 1743 2778 2031 1371 1912 3071 2585 1193 2583 1557 2122 3601 2007 2113 2485 2601 2130 1852

Tree=0
num_leaves=42
num_cat=0
split_feature=1 75 65 1 85 80 82 68 82 85 85 68 85 8 80 45 54 82 79 85 65 82 54 65 21 85 54 10 65 11 11 82 13 54 34 1 82 12 68 1 65
split_gain=572.288 253.544 118.072 112.242 65.9108 116.279 53.343 32.1033 23.8823 9.67579 8.14426 8.13255 4.41241 4.09937 3.95809 3.83663 2.19762 2.11724 2.37254 2.11119 1.92919 1.3611 1.30275 0.88527 0.799783 0.794859 0.772436 0.701033 0.691305 0.672702 0.524595 0.39187 0.385892 0.355736 0.262811 0.214807 0.205946 0.132074 0.0564579 0.0735639 0.0534874
threshold=276.72000122070318 1.0000000180025095e-35 2.4843750000000004 193.30000305175784 0.75131428241729747 0.37500000000000006 0.37500000000000006 10.500000000000002 0.37500000000000006 0.94661426544189464 1.2176428437232973 13.500000000000002 1.1430857181549074 1.0000000180025095e-35 0.37500000000000006 0.27426412701606756 0.033753376454114921 0.37500000000000006 1.0000000180025095e-35 0.61807143688201915 3.5093749761581425 4.8750000000000009 0.10972275212407114 7.7406251430511483 2.1474499702453618 0.99355712532997142 0.14945358037948611 1.0000000180025095e-35 3.5093749761581425 3.1787500381469731 3.3061499595642094 0.37500000000000006 7.6792500019073495 0.11638097465038301 276.77856445312506 199.07499694824222 0.62500000000000011 7.4795501232147226 18.500000000000004 249.16499328613284 3.7031250000000004
decision_type=2 2 2 2 2 2 2 2 2 2 2 2 2 2 2 2 2 2 2 2 2 2 2 2 2 2 2 2 2 2 2 2 2 2 2 2 2 2 2 2 2
left_child=1 2 15 6 13 16 7 -4 11 -10 -8 -5 25 19 -15 17 -6 27 -19 34 -14 29 32 -22 -7 38 -23 -1 -27 -18 -24 -17 -21 -25 40 -30 -36 -26 39 -3 -2
right_child=4 12 3 8 5 24 10 -9 9 -11 -12 -13 20 14 -16 31 21 18 -20 22 23 26 30 33 37 28 -28 -29 35 -31 -32 -33 -34 -35 36 -37 -38 -39 -40 -41 -42
leaf_value=0.45767843515381473 0.453092944428513 0.51676313899151827 0.48620529302018611 0.47113070298502308 0.45609256391645392 0.50442664429675943 0.51165944424446419 0.51272957633219962 0.48131946833576111 0.4956289807940315 0.52603730740154109 0.48415376776764091 0.51656502689925987 0.45764154625354009 0.4720187529295386 0.45339276113130095 0.46005265471544687 0.47839841612362322 0.46416093097714789 0.45625718109284258 0.5316549247069442 0.46548618512244044 0.45834663186005414 0.52162921541455398 0.51299692619240289 0.51391666638120204 0.47266918963325716 0.4651908103334873 0.52216667910341685 0.46528922492796138 0.46216594589554877 0.45846338479913024 0.46080333316936284 0.52696930998202762 0.45465827287200522 0.51880403484316229 0.45762508747429675 0.50976333310171151 0.51383691338938442 0.51473889515514082 0.45439027878305155
leaf_weight=392 566 412 2245 2768 520 302 1296 929 1242 1505 1009 920 307 582 524 507 781 301 383 2591 421 533 867 306 462 300 362 329 526 645 1286 387 300 435 664 570 684 300 405 694 2390
leaf_count=392 566 412 2245 2768 520 302 1296 929 1242 1505 1009 920 307 582 524 507 781 301 383 2591 421 533 867 306 462 300 362 329 526 645 1286 387 300 435 664 570 684 300 405 694 2390
internal_value=0.480508 0.494408 0.486632 0.491436 0.462514 0.475816 0.504059 0.493969 0.480689 0.489159 0.517953 0.474379 0.519665 0.457545 0.464453 0.461733 0.463144 0.465644 0.470426 0.456727 0.525025 0.464723 0.458393 0.527261 0.509653 0.516956 0.468391 0.461106 0.519021 0.462421 0.460628 0.455588 0.456729 0.524764 0.454775 0.520418 0.456164 0.511724 0.515049 0.515493 0.454142
internal_weight=32948 18589 14213 11914 14359 3905 5479 3174 6435 2747 2305 3688 4376 10454 1106 2299 2841 1405 684 9348 1469 2321 5044 1162 1064 2907 895 721 1396 1426 2153 894 2891 741 4304 1096 1348 762 1511 1106 2956
internal_count=32948 18589 14213 11914 14359 3905 5479 3174 6435 2747 2305 3688 4376 10454 1106 2299 2841 1405 684 9348 1469 2321 5044 1162 1064 2907 895 721 1396 1426 2153 894 2891 741 4304 1096 1348 762 1511 1106 2956
is_linear=0
shrinkage=1


Tree=1
num_leaves=41
num_cat=0
split_feature=1 75 52 1 33 75 83 68 83 33 68 1 1 8 80 47 83 83 1 1 64 8 54 54 54 33 9 5 68 83 29 69 49 83 33 54 64 49 1 1
split_gain=443.179 196.344 91.447 87.238 51.0413 91.7404 40.3693 24.0292 19.184 8.46773 6.80359 5.67792 3.51354 3.17455 3.06515 2.54466 2.50476 1.81383 1.65125 1.54418 1.68285 1.47424 1.15355 1.07598 0.95922 0.816211 0.754077 0.630291 0.574838 0.484686 0.35069 0.314156 0.266023 0.203511 0.131219 0.114365 0.0430644 0.021198 0.0109073 0.010598
threshold=276.72000122070318 1.0000000180025095e-35 1.0000000180025095e-35 189.88999938964847 0.75131428241729747 1.0000000180025095e-35 1.0000000180025095e-35 10.500000000000002 1.0000000180025095e-35 0.98644286394119274 13.500000000000002 134.45000457763675 128.40000152587893 1.0000000180025095e-35 0.37500000000000006 1.0000000180025095e-35 1.0000000180025095e-35 1.0000000180025095e-35 354.21000671386724 208.18000030517581 11.500000000000002 1.0000000180025095e-35 0.10972275212407114 0.10080747306346895 0.041599711403250701 1.1147571802139284 1.5000000000000002 4.1482000350952157 12.500000000000002 1.0000000180025095e-35 1.5000000000000002 22.500000000000004 0.46944412589073187 1.0000000180025095e-35 0.94095715880393993 0.071707442402839675 23.500000000000004 0.193156473338604 243.85499572753909 291.00500488281256
decision_type=2 2 2 2 2 2 2 2 2 2 2 2 2 2 2 2 2 2 2 2 2 2 2 2 2 2 2 2 2 2 2 2 2 2 2 2 2 2 2 2
left_child=1 2 15 6 13 16 7 -4 10 -10 -5 -8 -3 18 -15 17 24 26 22 20 -14 23 30 -18 -6 -19 -1 -17 -26 -24 -2 -22 33 -20 37 -36 -34 -21 -29 -7
right_child=4 12 3 8 5 39 11 -9 9 -11 -12 -13 19 14 -16 27 21 25 32 34 31 -23 29 -25 28 -27 -28 38 -30 -31 -32 -33 36 -35 35 -37 -38 -39 -40 -41
leaf_value=-0.021405905898255497 -0.017670326596463747 0.043785584005913716 0.0052514267907725013 -0.0080113295788754209 -0.022942825009281926 0.029676706452261319 0.042256067321014897 0.028662991247484958 0.0022637558624760495 0.015500145546686904 0.0037026364453259463 0.029266512529690737 0.028581027681177311 -0.020198771957615293 -0.0075468301561568652 -0.016574548180773852 -0.017001203224397025 -0.0041765068571728006 -0.022762186973966991 0.029090124137699604 0.035968773471457618 -0.0035633105882389338 -0.019135068215853639 -0.0087855181336229625 -0.017940607473975374 -0.012658124922261555 -0.013344327524580337 -0.022654369395426019 -0.012985530790244995 -0.015370046674399861 -0.021577501896087529 0.039507267147020582 -0.024033831139893401 -0.020205076894258732 0.02995119118196949 0.032727906406818032 -0.023013225522005305 0.030266748433052569 -0.023614725085056347 0.028849996591452508
leaf_weight=345 386 506 2137 2874 346 396 720 896 1631 1214 950 1482 385 582 524 300 446 312 873 320 840 344 958 473 811 343 324 317 577 1013 2313 634 840 921 314 668 2044 709 368 512
leaf_count=345 386 506 2137 2874 346 396 720 896 1631 1214 950 1482 385 582 524 300 446 312 873 320 840 344 958 473 811 343 324 317 577 1013 2313 634 840 921 314 668 2044 709 368 512
internal_value=-7.61222e-05 0.0121557 0.0053125 0.00955175 -0.0159113 -0.00420522 0.0211465 0.0121676 0.000450188 0.0079119 -0.00510122 0.0335138 0.034382 -0.020284 -0.0142045 -0.0165428 -0.0143292 -0.0131068 -0.0210033 0.0331524 0.0356455 -0.0102643 -0.019407 -0.0127727 -0.0172899 -0.00861803 -0.0175016 -0.0211614 -0.0158808 -0.0172 -0.0210187 0.0374908 -0.0225968 -0.0214494 0.0308478 0.03184 -0.0233105 0.0299008 -0.0231703 0.0292105
internal_weight=32948 18589 14213 11904 14359 3905 5235 3033 6669 2845 3824 2202 4376 10454 1106 2309 2997 1324 9348 3870 1859 1263 4670 919 1734 655 669 985 1388 1971 2699 1474 4678 1794 2011 982 2884 1029 685 908
internal_count=32948 18589 14213 11904 14359 3905 5235 3033 6669 2845 3824 2202 4376 10454 1106 2309 2997 1324 9348 3870 1859 1263 4670 919 1734 655 669 985 1388 1971 2699 1474 4678 1794 2011 982 2884 1029 685 908
is_linear=0
shrinkage=0.12


Tree=2
num_leaves=40
num_cat=0
split_feature=1 80 65 33 33 75 83 83 68 33 68 75 65 1 8 83 80 1 33 9 45 54 33 1 65 54 54 4 71 11 83 34 13 83 64 1 65 11 28
split_gain=344.499 143.13 73.8456 66.1131 45.5207 82.9872 20.7003 16.6912 14.1956 9.92681 8.55612 7.21363 4.28188 2.62872 2.45837 2.41057 2.37365 2.20477 2.07425 1.77874 1.9958 1.39544 1.3097 1.12503 1.38524 0.996722 0.88751 0.670322 0.580434 0.524277 0.397316 0.270663 0.234352 0.213881 0.146152 0.111623 0.0352597 0.0107931 0.00557887
threshold=271.38999938964849 0.37500000000000006 2.9531250000000004 1.1400856971740725 0.75131428241729747 1.0000000180025095e-35 1.0000000180025095e-35 1.0000000180025095e-35 11.500000000000002 0.98644286394119274 13.500000000000002 1.0000000180025095e-35 1.8062499761581423 128.40000152587893 1.0000000180025095e-35 1.0000000180025095e-35 0.37500000000000006 189.88999938964847 1.2765713930130007 1.5000000000000002 0.14969391375780108 0.09637830033898355 0.64402857422828685 200.54999542236331 3.2468750476837163 0.16404955834150317 0.041599711403250701 1.3840000033378603 -1.188626706600189 3.7080999612808232 1.0000000180025095e-35 276.77856445312506 3.9971500635147099 1.0000000180025095e-35 12.500000000000002 239.5249938964844 6.3656251430511483 2.4716500043869023 109.44700622558595
decision_type=2 2 2 2 2 2 2 2 2 2 2 2 2 2 2 2 2 2 2 2 2 2 2 2 2 2 2 2 2 2 2 2 2 2 2 2 2 2 2
left_child=1 2 12 7 14 15 8 10 -5 -9 -4 17 19 -13 22 26 -16 -3 -8 35 -21 32 31 24 -15 30 -6 -28 -23 -27 -24 36 -17 -33 -25 -1 -2 -7 -39
right_child=4 11 3 6 5 37 18 9 -10 -11 -12 13 -14 23 16 21 -18 -19 -20 20 -22 28 25 34 -26 29 27 -29 -30 -31 -32 33 -34 -35 -36 -37 -38 38 -40
leaf_value=-0.022092240630013613 -0.021172493635413219 0.025460181269414822 -0.0061589243782612787 0.0087729750712761956 -0.020335677310129519 0.026364747335184485 0.029088378645317971 0.0012409203832425115 0.030042664070616718 0.015850559185914322 0.006562587046980946 0.038531314702373247 -0.0047356343590342093 0.025124936200738923 -0.017774920332120712 -0.015218947042795743 -0.0066412106685638994 0.012171369178855623 0.038379340702125973 -0.0093336503300177932 -0.02055194435894489 -0.0088201899692852744 -0.019360025201511991 0.025445021705649721 0.033452917064991462 -0.015644553357227281 -0.011273179433500837 -0.016169150590034972 -0.0024728846097642689 -0.0099309289567643417 -0.016684932052307228 -0.019971095710791555 -0.010596849797466437 -0.017587868616286251 0.027940394191098051 -0.019277338547395474 -0.02025618969095673 0.02592083734333317 0.025258326067148489
leaf_weight=598 848 304 3130 1711 386 302 933 1249 614 1444 1006 506 492 369 582 330 524 440 550 584 375 400 1523 428 1304 660 741 882 431 356 1683 1062 303 1108 1607 307 2108 301 467
leaf_count=598 848 304 3130 1711 386 302 933 1249 614 1444 1006 506 492 369 582 330 524 440 550 584 375 400 1523 428 1304 660 741 882 431 356 1683 1062 303 1108 1607 307 2108 301 467
internal_value=-6.69876e-05 0.0111485 0.0045294 0.00878702 -0.0134916 -0.00346274 0.0214561 0.00172246 0.01439 0.00907468 -0.00306467 0.0284947 -0.0146932 0.0304179 -0.0178499 -0.0124651 -0.0125 0.0176012 0.0325341 -0.0173214 -0.0137204 -0.0087616 -0.0184829 0.0293108 0.0316161 -0.0169178 -0.0151639 -0.0139338 -0.00552815 -0.0136425 -0.0179557 -0.0197719 -0.0130065 -0.0187542 0.0274156 -0.0211374 -0.0205191 0.025757 0.025518
internal_weight=32948 17951 12993 10637 14997 4543 3808 6829 2325 2693 4136 4958 2356 4214 10454 3473 1106 744 1483 1864 959 1464 9348 3708 1673 4222 2009 1623 831 1016 3206 5126 633 2170 2035 905 2956 1070 768
internal_count=32948 17951 12993 10637 14997 4543 3808 6829 2325 2693 4136 4958 2356 4214 10454 3473 1106 744 1483 1864 959 1464 9348 3708 1673 4222 2009 1623 831 1016 3206 5126 633 2170 2035 905 2956 1070 768
is_linear=0
shrinkage=0.12


Tree=3
num_leaves=40
num_cat=0
split_feature=1 80 65 1 80 33 81 81 68 68 65 81 33 75 65 65 8 82 1 81 8 9 1 44 33 74 65 1 68 33 5 48 82 49 44 1 33 64 7
split_gain=267.692 90.192 58.3872 49.2861 87.9914 40.7092 14.1191 11.9006 9.92537 6.32006 5.05339 5.06078 5.03632 4.78111 2.82186 2.15764 1.87056 1.87061 1.8624 1.71384 1.64566 1.55348 1.53301 1.21931 1.15478 1.03695 0.994238 0.940349 0.807391 0.787087 0.32128 0.296852 0.207611 0.166768 0.122932 0.0445136 0.0431435 0.0345897 0.00788942
threshold=258.69000244140631 0.37500000000000006 3.1843750476837163 312.86000061035162 0.37500000000000006 1.1400856971740725 1.0000000180025095e-35 1.0000000180025095e-35 11.500000000000002 13.500000000000002 1.7312499880790713 1.0000000180025095e-35 1.03697144985199 1.0000000180025095e-35 2.9031250476837163 8.0031251907348651 1.0000000180025095e-35 0.62500000000000011 124.73500061035158 1.0000000180025095e-35 1.0000000180025095e-35 1.5000000000000002 189.88999938964847 0.28437499701976782 0.81812855601310741 0.21061329543590548 3.2468750476837163 199.07499694824222 12.500000000000002 0.64402857422828685 0.68064999580383312 1.7906250357627871 0.62500000000000011 0.48652726411819464 0.65937501192092907 221.37500000000003 0.79502856731414806 4.5000000000000009 2.4208520650863652
decision_type=2 2 2 2 2 2 2 2 2 2 2 2 2 2 2 2 2 2 2 2 2 2 2 2 2 2 2 2 2 2 2 2 2 2 2 2 2 2 2
left_child=1 2 10 4 14 7 8 9 -7 -4 21 -12 -9 22 34 -8 25 -18 -15 28 36 35 -3 -23 -21 30 37 -28 -16 33 -5 -31 -32 -27 -2 -1 -6 -20 -38
right_child=3 13 5 16 20 6 15 12 -10 -11 11 -13 -14 18 19 -17 17 -19 26 24 -22 23 -24 -25 -26 29 27 -29 -30 31 32 -33 -34 -35 -36 -37 38 -39 -40
leaf_value=-0.019709743089950497 -0.016027784008449449 0.022404959360528186 -0.0040562631418606908 -0.013695606049694508 0.021234408540553164 0.0087983773702003092 0.034048383025572379 0.0050946271337227031 0.026796542836532641 0.0079497647549912429 -0.011816671083992702 0.0088347703106235707 0.01663146116414372 0.034496454340688293 -0.013467296069779771 0.024672532222885873 -0.0057893898423042219 -0.01576941105191941 0.021450807696039027 -0.010643532234551516 0.014434048334942417 -0.0082608126989932619 0.010809617046611148 -0.017732810736602996 -0.0039283134668533287 -0.015612997514374926 0.029539554489854566 0.024997261409149613 -0.0089204806689285616 -0.012223407754656001 -0.018366249102787415 -0.015419807436233184 -0.016775240909224179 -0.017764099545303256 -0.019149313649252986 -0.017857247916575829 0.023317759722471236 0.023129687953351151 0.022610860880422048
leaf_weight=477 313 304 2589 308 304 1652 637 1240 602 835 397 300 972 445 1519 794 513 572 374 620 512 556 357 302 910 1263 1336 1290 893 1393 2790 598 2048 881 433 307 360 335 617
leaf_count=477 313 304 2589 308 304 1652 637 1240 602 835 397 300 972 445 1519 794 513 572 374 620 512 556 357 302 910 1263 1336 1290 893 1393 2790 598 2048 881 433 307 360 335 617
internal_value=-5.89491e-05 0.0110052 0.00546243 -0.0106332 -0.00242465 0.00971621 0.0195238 0.00330367 0.0136053 -0.00112839 -0.011489 -0.00292796 0.0101642 0.0255581 -0.0110719 0.0288461 -0.0157653 -0.0110507 0.0272046 -0.00979111 0.0201845 -0.015123 0.0161424 -0.0115948 -0.00664951 -0.0163165 0.0262316 0.0273082 -0.0117839 -0.0149015 -0.0174535 -0.0131835 -0.0176928 -0.0164969 -0.0178396 -0.0189843 0.0224829 0.0222441 0.0228713
internal_weight=32948 16101 11660 16847 6481 9321 3685 5636 2254 3424 2339 697 2212 4441 4688 1431 10366 1085 3780 3942 1793 1642 661 858 1530 9281 3335 2626 2412 4135 5146 1991 4838 2144 746 784 1281 709 977
internal_count=32948 16101 11660 16847 6481 9321 3685 5636 2254 3424 2339 697 2212 4441 4688 1431 10366 1085 3780 3942 1793 1642 661 858 1530 9281 3335 2626 2412 4135 5146 1991 4838 2144 746 784 1281 709 977
is_linear=0
shrinkage=0.12


Tree=4
num_leaves=41
num_cat=0
split_feature=33 83 33 80 65 65 75 28 33 68 75 33 65 75 65 71 65 81 65 8 80 33 21 71 68 33 30 54 10 9 11 44 74 34 65 33 74 8 18 54
split_gain=208.778 58.3758 48.8022 84.1861 29.8202 26.2033 16.7757 15.5421 12.3338 10.7022 9.2612 4.9607 4.56911 3.88292 3.29957 3.02666 2.97306 2.34722 1.96534 1.463 1.7943 1.46153 1.27589 1.18802 1.07836 0.83812 0.780816 0.735788 0.674633 0.418651 0.404675 0.38343 0.331355 0.185634 0.168526 0.105932 0.0423959 0.0200966 0.0159555 0.013779
threshold=0.94095715880393993 1.0000000180025095e-35 0.75131428241729747 0.37500000000000006 3.8218749761581425 2.3843749761581425 1.0000000180025095e-35 -45.28832817077636 1.1430857181549074 11.500000000000002 1.0000000180025095e-35 1.0872429013252261 4.0906250476837167 1.0000000180025095e-35 3.0781250000000004 9.1645660400390643 4.1781251430511483 1.0000000180025095e-35 5.7843749523162851 1.0000000180025095e-35 0.37500000000000006 0.83132857084274303 2.4622999429702763 4.5724999904632577 10.500000000000002 0.64402857422828685 0.64687499403953563 0.16404955834150317 1.0000000180025095e-35 1.5000000000000002 3.7080999612808232 0.58437499403953563 0.21061329543590548 276.77856445312506 6.4531250000000009 0.99992859363555919 0.25292901694774633 1.0000000180025095e-35 0.26614584028720861 0.12176293134689332
decision_type=2 2 2 2 2 2 2 2 2 2 2 2 2 2 2 2 2 2 2 2 2 2 2 2 2 2 2 2 2 2 2 2 2 2 2 2 2 2 2 2
left_child=2 4 19 14 22 6 29 23 10 15 12 -11 -7 -5 31 -9 -10 24 -18 25 -21 -19 26 -6 -16 33 -2 32 -28 -3 -29 -4 -27 36 -35 -12 -1 39 -33 -15
right_child=1 5 3 13 7 8 -8 9 16 11 35 -13 -14 37 17 -17 18 21 -20 20 -22 -23 -24 -25 -26 27 28 30 -30 -31 -32 38 -34 34 -36 -37 -38 -39 -40 -41
leaf_value=-0.016291434978173397 -0.018300191833117565 -0.011919527657050144 -0.011650106222208991 0.0063769449630134926 0.018729292663498983 0.023621197628735432 0.019155545813336939 -0.003562313831095165 0.03410711770948139 0.0053374410044632814 0.021537686095766301 0.020396309083810557 0.0086702177798559637 0.019711335302785384 -0.012277472778516624 0.004556896198289217 0.015655540870309185 -0.0087467084928324803 0.025845610992022518 -0.014288628233558276 -0.0046085386953622328 -0.0019049388647506956 -0.005698162514864903 0.028591991114978475 -0.0077290006354870438 -0.015018138723590219 -0.015827889054970339 -0.012010625703725963 -0.0084834529790613379 -0.0063656405574603224 -0.0069908480174195944 -0.01618308308701355 -0.012554257509136654 -0.016250933879414512 -0.01386519855485141 0.023762820036726497 -0.015329723375596706 0.021080809118226167 -0.01732157079372228 0.020413352158929431
leaf_weight=1961 462 376 306 344 389 350 497 1635 578 613 424 648 1851 860 1366 1110 313 712 2109 582 524 1220 301 321 1666 1826 344 660 378 407 356 368 1380 583 1587 1127 995 320 342 757
leaf_count=1961 462 376 306 344 389 350 497 1635 578 613 424 648 1851 860 1366 1110 313 712 2109 582 524 1220 301 321 1666 1826 344 660 378 407 356 368 1380 583 1587 1127 995 320 342 757
internal_value=-5.18752e-05 0.0109017 -0.0083822 -0.00148884 0.00215526 0.0176542 0.0019123 0.00682488 0.0206385 0.00392472 0.0160524 0.0130759 0.0110477 0.0181255 -0.00897049 -0.000279136 0.0263742 -0.00769525 0.0245287 -0.0138295 -0.0097024 -0.00442634 -0.0126743 0.0231883 -0.00977821 -0.0143178 -0.0144478 -0.0130658 -0.0119827 -0.00903264 -0.0102517 -0.0152011 -0.0139576 -0.015349 -0.0145062 0.0231545 -0.0159677 0.0202119 -0.0167315 0.02004
internal_weight=32948 14233 18715 8261 6201 8032 1280 4716 6752 4006 3752 1261 2201 2281 5980 2745 3000 4964 2422 10454 1106 1932 1485 710 3032 9348 1184 4222 722 783 1016 1016 3206 5126 2170 1551 2956 1937 710 1617
internal_count=32948 14233 18715 8261 6201 8032 1280 4716 6752 4006 3752 1261 2201 2281 5980 2745 3000 4964 2422 10454 1106 1932 1485 710 3032 9348 1184 4222 722 783 1016 1016 3206 5126 2170 1551 2956 1937 710 1617
is_linear=0
shrinkage=0.12


Tree=5
num_leaves=38
num_cat=0
split_feature=2 75 2 65 83 65 28 83 2 86 54 65 65 65 83 85 85 8 85 2 65 74 79 2 85 9 45 48 10 65 65 54 81 21 27 2 60
split_gain=163.577 94.98 47.2107 34.272 15.3042 12.3119 10.2144 5.95357 4.25491 5.75315 4.04796 4.42222 3.41444 2.91162 2.90725 1.88317 1.80177 1.26179 0.867973 0.653473 0.721682 0.622491 0.554042 0.488667 0.385575 0.382264 0.330345 0.270406 0.223402 0.204281 0.516688 0.18007 0.162494 0.0832056 0.076366 0.0224694 0.011043
threshold=0.60046997666358959 1.0000000180025095e-35 0.43023000657558447 3.1843750476837163 1.0000000180025095e-35 4.0906250476837167 -45.28832817077636 1.0000000180025095e-35 0.62571999430656444 1.0000000180025095e-35 0.032682819291949279 4.1781251430511483 4.9656250476837167 1.5437499880790713 1.0000000180025095e-35 1.2407142519950869 0.92315715551376354 1.0000000180025095e-35 1.1196714639663699 0.45964999496936804 3.2468750476837163 0.21410320699214938 1.0000000180025095e-35 0.69443997740745556 1.3114143013954165 1.5000000000000002 0.30539649724960333 2.0124999284744267 1.0000000180025095e-35 3.3343750238418584 5.1093750000000009 0.13177064806222918 1.0000000180025095e-35 3.1034250259399419 82.065013885498061 0.50045999884605419 0.82187500596046459
decision_type=2 2 2 2 2 2 2 2 2 2 2 2 2 2 2 2 2 2 2 2 2 2 2 2 2 2 2 2 2 2 2 2 2 2 2 2 2
left_child=1 2 3 13 6 -6 -5 12 9 28 22 -12 26 18 -15 19 -14 21 -1 20 -3 29 -9 27 -17 -22 -4 -23 -2 32 -31 34 -10 -25 -19 -21 -37
right_child=8 15 7 4 5 -7 -8 10 17 -11 11 -13 16 14 -16 24 -18 31 -20 35 25 23 -24 33 -26 -27 -28 -29 -30 30 -32 -33 -34 -35 -36 36 -38
leaf_value=-0.0075280321835589012 -0.01423287340402603 0.016809851919948042 -0.0092338424043195075 0.019796322627972346 0.0401658820839235 0.015733285986699035 0.0040667865439158258 -0.0050990371071537467 -0.015536841906662753 0.0039201372775742888 0.014800035124660106 -0.00063459670686528047 -0.0076885352589549909 -0.0091887397252671098 0.0065537207985853956 0.02383244151003518 -0.0017512300105154532 -0.0083077881557437078 -0.01486368897393771 0.018705856588339932 0.021230465581381083 -0.0094732894115984456 -0.011818394441195097 -0.011321996414233874 0.02943774111200087 0.025672697476718735 -0.013729711474481427 -0.013237606879156916 -0.0099308251328248925 -0.0083100665205984425 -0.013501108850834444 -0.0064464994440090228 -0.012872530450191379 -0.013153997965737334 -0.010901253153669072 0.018137692535410123 0.017497467158827929
leaf_weight=401 375 472 303 733 338 2448 3146 304 1072 581 301 2388 2032 345 331 424 1154 325 552 563 1457 1529 422 447 303 345 1054 335 324 301 3339 428 476 1773 329 784 768
leaf_count=401 375 472 303 733 338 2448 3146 304 1072 581 301 2388 2032 345 331 424 1154 325 552 563 1457 1529 422 447 303 345 1054 335 324 301 3339 428 476 1773 329 784 768
internal_value=1.84577e-05 0.00625228 0.00176351 0.00809882 0.0119124 0.0186975 0.00703914 -0.00483929 -0.0114311 -0.00490415 -0.00105361 0.00109312 -0.00768501 -0.00750419 -0.00148052 0.0205117 -0.00553799 -0.012238 -0.011777 0.0195747 0.0209869 -0.0126905 -0.00900478 -0.0115823 0.0261686 0.0220809 -0.0127258 -0.0101498 -0.0122388 -0.0135629 -0.0130718 -0.00836012 -0.0147176 -0.0127851 -0.00961245 0.0180565 0.0178209
internal_weight=33002 21368 16252 8294 6665 2786 3879 7958 11634 1280 3415 2689 4543 1629 676 5116 3186 10354 953 4389 2274 9272 726 4084 727 1802 1357 1864 699 5188 3640 1082 1548 2220 654 2115 1552
internal_count=33002 21368 16252 8294 6665 2786 3879 7958 11634 1280 3415 2689 4543 1629 676 5116 3186 10354 953 4389 2274 9272 726 4084 727 1802 1357 1864 699 5188 3640 1082 1548 2220 654 2115 1552
is_linear=0
shrinkage=0.12


Tree=6
num_leaves=41
num_cat=0
split_feature=33 80 1 65 1 80 65 81 65 68 81 68 65 65 1 75 82 8 33 81 45 1 65 8 8 49 4 80 65 69 1 23 44 10 65 56 11 65 33 0
split_gain=127.76 55.2 31.3608 16.8585 15.7239 33.0742 9.25558 9.04752 11.2007 5.53583 3.42382 3.64836 2.52317 3.81396 1.4353 1.27306 1.05283 1.30119 0.996081 0.81357 0.869737 0.689346 0.725507 0.650844 0.557465 0.549868 0.453858 0.407715 0.382972 0.302441 0.283106 0.233466 0.192665 0.183057 0.152304 0.137618 0.112028 0.0660178 0.0204774 0.00662742
threshold=0.867628574371338 0.37500000000000006 151.23500061035159 3.1843750476837163 312.86000061035162 0.37500000000000006 3.3343750238418584 1.0000000180025095e-35 4.0906250476837167 12.500000000000002 1.0000000180025095e-35 9.5000000000000018 3.2468750476837163 4.0906250476837167 176.22000122070315 1.0000000180025095e-35 0.37500000000000006 1.0000000180025095e-35 1.3067286014556887 1.0000000180025095e-35 0.27649559080600744 300.23500061035162 2.9031250476837163 1.0000000180025095e-35 1.0000000180025095e-35 0.44044758379459387 1.3630500435829165 0.37500000000000006 6.2156250476837167 19.500000000000004 119.05999755859376 14.029559135437013 0.40312500298023229 1.0000000180025095e-35 6.4531250000000009 3.3906250000000004 3.5497499704360966 6.8781249523162851 1.0937142968177798 11.488200187683107
decision_type=2 2 2 2 2 2 2 2 2 2 2 2 2 2 2 2 2 2 2 2 2 2 2 2 2 2 2 2 2 2 2 2 2 2 2 2 2 2 2 2
left_child=4 2 6 19 5 21 -2 9 -9 -5 11 -8 23 -14 30 -16 29 25 -12 32 -21 22 -1 38 39 28 -24 -19 -18 34 -15 36 -4 -23 -6 -36 -31 -27 -3 -7
right_child=1 12 3 7 16 24 10 8 -10 -11 18 -13 13 14 15 -17 17 27 -20 20 -22 33 26 -25 -26 37 -28 -29 -30 31 -32 -33 -34 -35 35 -37 -38 -39 -40 -41
leaf_value=-0.012437311559728279 -0.0020767174953002536 0.015432717378675584 -0.010229483846037776 -0.0035556276813031563 -0.013014122185682781 0.015944106041288084 0.0092733317712229025 0.028628429185421692 0.0047724557962098542 0.0055597586534092344 0.019700702724509633 0.022504232002053565 0.030543505563617568 0.02408873082587789 0.0087844384070306734 0.01701477446753508 -0.011362193651195313 -0.0087039926734384619 0.027906711667269116 -0.0038832234123267039 -0.011434944037199019 -0.012951400936774072 -0.0045733227940694052 0.0088328159325040522 0.010129252975926765 -0.012915461054840024 -0.0081876260650160862 -0.0032074197309458464 -0.0083904540761309491 -0.013931447700935412 0.019914167046298319 -0.009773884443399895 -0.01318215265034515 -0.0095481842666070623 -0.0092444166863071067 -0.011948745923303068 -0.012416490015874141 -0.011454684959454953 0.014074191386156742 0.01529419133067131
leaf_weight=373 434 338 631 3555 331 489 983 315 2826 1314 576 432 365 311 312 2041 925 311 338 530 375 507 856 449 372 691 1204 518 1922 1312 944 336 642 413 840 400 1514 1254 303 420
leaf_count=373 434 338 631 3555 331 489 983 315 2826 1314 576 432 365 311 312 2041 925 311 338 530 375 507 856 449 372 691 1204 518 1922 1312 944 336 642 413 840 400 1514 1254 303 420
internal_value=1.62427e-05 0.00682669 0.00267335 -0.000401823 -0.0081692 -0.00235935 0.0140124 0.00214359 0.00716489 -0.00109565 0.0170106 0.0133127 0.0174508 0.018854 0.0176714 0.0159235 -0.0107694 -0.00965907 0.0227353 -0.00976307 -0.00701239 -0.00862557 -0.00756752 0.0123364 0.0140424 -0.0104185 -0.00668576 -0.00526946 -0.00935598 -0.0120881 0.0209487 -0.0127643 -0.0117186 -0.0114237 -0.0107272 -0.0101168 -0.0131198 -0.0119737 0.0147905 0.0156438
internal_weight=33002 18014 12951 10188 14988 4634 2763 8010 3141 4869 2329 1415 5063 3973 3608 2353 10354 5621 914 2178 905 3353 2433 1090 1281 4792 2060 829 2847 4733 1255 3162 1273 920 1571 1240 2826 1945 641 909
internal_count=33002 18014 12951 10188 14988 4634 2763 8010 3141 4869 2329 1415 5063 3973 3608 2353 10354 5621 914 2178 905 3353 2433 1090 1281 4792 2060 829 2847 4733 1255 3162 1273 920 1571 1240 2826 1945 641 909
is_linear=0
shrinkage=0.12


Tree=7
num_leaves=45
num_cat=0
split_feature=33 82 80 86 65 65 45 33 75 75 65 4 7 65 2 5 75 65 54 66 54 53 82 0 74 45 53 34 4 65 82 54 4 28 2 27 28 69 2 54 33 65 28 11
split_gain=101.021 33.4396 20.3057 40.9439 20.2478 13.0616 8.99045 8.81048 8.71023 5.70932 5.00868 4.81309 3.89851 2.81386 2.68357 1.61167 1.54125 1.53335 1.18672 1.14561 1.10667 0.583887 0.578051 0.520254 0.521434 0.493473 0.467875 0.45027 0.402568 0.347158 0.309721 0.309421 0.30825 0.35649 0.291706 0.164636 0.151818 0.12906 0.0787471 0.0751768 0.0530142 0.0414015 0.0298717 0.00893083
threshold=0.91592857241630565 0.37500000000000006 0.37500000000000006 1.0000000180025095e-35 4.8218748569488534 2.8562499284744267 0.12085188925266267 1.1093428730964663 1.0000000180025095e-35 1.0000000180025095e-35 4.0906250476837167 0.99705001711845409 10.504323005676271 5.7156250476837167 0.60046997666358959 1.8242999911308291 1.0000000180025095e-35 4.3281250000000009 0.15978421270847323 1.0000000180025095e-35 0.15529510378837588 0.10723466798663141 4.8750000000000009 10.616899967193605 0.83852863311767589 0.33083827793598181 -0.16779906302690503 337.35714721679693 2.6898999214172368 3.2468750476837163 4.8750000000000009 0.14945358037948611 0.93324998021125805 195.49066162109378 0.54277998208999645 76.532539367675795 196.96443176269534 15.500000000000002 0.45964999496936804 0.12530650943517688 0.78749999403953563 6.8781249523162851 17.197857856750492 2.2518498897552495
decision_type=2 2 2 2 2 2 2 2 2 2 2 2 2 2 2 2 2 2 2 2 2 2 2 2 2 2 2 2 2 2 2 2 2 2 2 2 2 2 2 2 2 2 2 2
left_child=2 4 14 29 15 8 18 9 28 17 -9 -8 -13 -12 20 -2 -5 -7 -6 26 21 25 32 24 -22 -1 -17 41 -3 -4 -23 -29 33 -16 -25 36 -31 -34 -11 -37 -18 -24 -10 -42
right_child=1 5 3 16 6 7 11 10 42 38 13 12 -14 -15 22 19 40 -19 -20 -21 23 30 27 34 -26 -27 -28 31 -30 35 -32 -33 37 -35 -36 39 -38 -39 -40 -41 43 -43 -44 -45
leaf_value=-0.0050583331581252758 -0.00091198880613728905 -0.0072312633483251889 -0.013285946622490882 0.0067639038507412699 0.013086753046367637 0.013505355060819391 0.012921044826507569 0.028490724263102587 0.012237877482834038 0.016120088912741675 0.0071034847107801797 -0.00069844045884479282 0.01095730902281465 0.017762565253755656 -0.0085257117973503074 -0.010234752944374367 0.015560587352397393 0.0043273909241098507 0.022716961828078131 -0.0039073242862008922 -0.0080545758136084319 -0.0070894747976949831 -0.011767753310080979 0.0016586965129245072 -0.0017492677077028871 -0.010107541897184096 -0.014696049213131097 -0.0086230301930864239 -0.0022321164369672047 -0.0070898841565214159 -0.0029184167398321171 -0.0054922054278964266 -0.010183813108193268 -0.011167474008831568 -0.0033797117493425803 -0.011488596852136294 -0.0099443994554862074 -0.012260034536498344 0.01432065941164334 -0.0094357453173901321 0.01439097879935574 -0.010185597804754837 0.013891497299467263 0.013652417543599771
leaf_weight=352 301 556 396 540 442 309 576 580 326 955 412 2792 485 2654 1409 963 306 1728 316 322 496 668 372 300 305 1339 522 1581 398 593 416 638 571 1539 369 534 490 1760 553 495 302 662 304 1075
leaf_count=352 301 556 396 540 442 309 576 580 326 955 412 2792 485 2654 1409 963 306 1728 316 322 496 668 372 300 305 1339 522 1581 398 593 416 638 571 1539 369 534 490 1760 553 495 302 662 304 1075
internal_value=1.42936e-05 0.00707185 -0.00623141 0.000484586 0.000700938 0.01195 0.00515499 0.0141229 0.00208561 0.00986316 0.0182647 0.00280477 0.00102662 0.0163302 -0.00871817 -0.00904178 0.0123421 0.00571963 0.0171015 -0.010396 -0.00625264 -0.00766283 -0.00994487 -0.00359054 -0.00565368 -0.00905649 -0.011803 -0.0086866 -0.00514567 -0.0100255 -0.00548877 -0.00772287 -0.0107202 -0.00990484 -0.00112034 -0.00941414 -0.0083814 -0.0117514 0.0154602 -0.0105011 0.0141319 -0.0107548 0.0130358 0.0138144
internal_weight=33002 15494 17508 4731 6719 8775 4611 7191 1584 3545 3646 3853 3277 3066 12777 2108 2223 2037 758 1807 4245 2775 8532 1470 801 1691 1485 3253 954 2508 1084 2219 5279 2948 669 2112 1083 2331 1508 1029 1683 1034 630 1377
internal_count=33002 15494 17508 4731 6719 8775 4611 7191 1584 3545 3646 3853 3277 3066 12777 2108 2223 2037 758 1807 4245 2775 8532 1470 801 1691 1485 3253 954 2508 1084 2219 5279 2948 669 2112 1083 2331 1508 1029 1683 1034 630 1377
is_linear=0
shrinkage=0.12


Tree=8
num_leaves=42
num_cat=0
split_feature=2 82 80 86 65 65 65 35 68 80 65 65 71 2 2 54 80 65 65 77 5 4 71 65 11 12 74 8 65 82 34 64 14 69 54 34 65 52 52 33 8
split_gain=79.2867 22.1381 21.2288 35.9619 15.2669 10.0299 7.33316 5.99488 6.10916 5.1894 4.68061 4.43944 3.55688 3.06031 2.59229 2.54637 2.10459 1.75803 1.60817 1.30725 1.21042 1.10657 0.94635 0.805822 0.794141 0.736645 0.491778 0.483054 0.284326 0.269654 0.263565 0.1966 0.166363 0.171884 0.145794 0.223644 0.122107 0.0841479 0.068485 0.0403891 0.0169751
threshold=0.47904999554157263 0.37500000000000006 0.37500000000000006 1.0000000180025095e-35 4.6156251430511483 3.0156250000000004 4.0906250476837167 -45.28832817077636 9.5000000000000018 0.62500000000000011 5.5656249523162851 3.5093749761581425 9.1645660400390643 0.60046997666358959 0.41635999083518987 0.12097945064306261 0.37500000000000006 5.7156250476837167 7.7406251430511483 1.0000000180025095e-35 2.2224500179290776 3.0598000288009648 4.1267533302307138 1.3937500119209292 3.0322499275207524 3.8645000457763676 2.8434377908706669 1.0000000180025095e-35 6.1281249523162851 1.0000000180025095e-35 337.35714721679693 31.500000000000004 12.337985515594484 21.500000000000004 0.14654957503080371 346.27143859863287 4.0156250000000009 2.2093750238418584 2.2906249761581425 0.78749999403953563 1.0000000180025095e-35
decision_type=2 2 2 2 2 2 2 2 2 2 2 2 2 2 2 2 2 2 2 2 2 2 2 2 2 2 2 2 2 2 2 2 2 2 2 2 2 2 2 2 2
left_child=1 4 13 28 20 9 11 22 12 23 16 -7 -9 17 -10 -12 -8 27 -19 39 -1 25 -6 -3 -20 -22 32 29 36 -2 -28 -32 33 -15 38 -36 -4 -21 -30 -5 -41
right_child=2 5 3 19 7 6 10 8 14 -11 15 -13 -14 26 -16 -17 -18 18 24 37 21 -23 -24 -25 -26 -27 30 -29 34 -31 31 -33 -34 -35 35 -37 -38 -39 -40 40 -42
leaf_value=-0.0010176682977540658 -0.011248096417132005 -0.0063244792357242353 -0.0095082772507921135 0.013693316502898347 0.011810366466735341 0.013743519001249557 -0.0035650217858822762 -0.0044208825763092712 0.013280931038580062 0.011211453308874273 0.0099939150849309884 0.031947453698846474 0.0060177731039321482 -0.0084902260380244014 0.0026223065002184648 0.015595949942714854 0.0096481452353401193 0.0020961581266480101 -0.0061253721738968427 0.0048702467630531258 -0.0063503428989903883 -0.0029483170399411777 0.020945244640099545 0.0013381863818572395 -0.0020746026497838925 -0.013068314609158603 -0.0092595227869675927 -0.0039452253799576878 -0.007839392071532808 -0.0078828717472322028 -0.0080410601229717327 -0.0044299264819268203 -0.006443088113760145 -0.0097372404659513637 -0.008937156875105148 -0.0046407085035449483 -0.012620940262396985 0.0076363183686800002 -0.0097779686280847645 0.012037997324556054 0.013004568757229967
leaf_weight=303 490 558 446 306 357 336 370 1320 927 561 2065 453 730 2524 509 2691 327 599 1985 326 333 305 301 306 1074 799 405 344 490 1142 324 658 312 4309 327 374 306 308 565 1521 316
leaf_count=303 490 558 446 306 357 336 370 1320 927 561 2065 453 730 2524 509 2691 327 599 1985 326 333 305 301 306 1074 799 405 344 490 1142 324 658 312 4309 327 374 306 308 565 1521 316
internal_value=1.25784e-05 0.00705945 -0.00489679 0.00159365 0.00152287 0.0113085 0.0133823 0.00548369 0.00350074 0.0022246 0.0118177 0.0241952 -0.000703703 -0.00731823 0.00950291 0.0131636 0.00263398 -0.00514774 -0.00358977 0.0110007 -0.00791025 -0.00936359 0.0159891 -0.00361062 -0.00470317 -0.0110921 -0.00875148 -0.00803186 -0.00882242 -0.00889326 -0.00668371 -0.00562138 -0.00915288 -0.00927661 -0.00798629 -0.0066449 -0.0107749 0.00621402 -0.00887759 0.0124169 0.0122043
internal_weight=33002 13551 19451 5285 5884 7667 6242 4144 3486 1425 5453 789 2050 14166 1436 4756 697 5634 3658 2777 1740 1437 658 864 3059 1132 8532 1976 2508 1632 1387 982 7145 6833 1756 701 752 634 1055 2143 1837
internal_count=33002 13551 19451 5285 5884 7667 6242 4144 3486 1425 5453 789 2050 14166 1436 4756 697 5634 3658 2777 1740 1437 658 864 3059 1132 8532 1976 2508 1632 1387 982 7145 6833 1756 701 752 634 1055 2143 1837
is_linear=0
shrinkage=0.12


Tree=9
num_leaves=43
num_cat=0
split_feature=1 80 86 82 65 65 33 45 80 12 59 75 1 65 64 69 65 54 67 75 81 0 65 33 44 50 81 49 65 65 4 28 48 29 1 9 58 11 1 65 33 44
split_gain=61.68 17.6122 28.6972 16.0082 12.0531 7.75171 4.85794 4.79278 4.07858 3.57224 3.19075 2.64679 2.6097 2.49061 2.01221 2.42884 1.88699 1.49115 1.30669 1.05351 1.02515 1.02373 0.978773 0.789868 0.760578 0.6069 0.42862 0.360312 0.358009 0.254528 0.218058 0.267321 0.215266 0.127343 0.144101 0.126282 0.126049 0.11524 0.0686097 0.0316815 0.0290733 0.021356
threshold=234.44499969482425 0.37500000000000006 1.0000000180025095e-35 0.37500000000000006 3.8218749761581425 2.7156250476837163 1.1885428428649905 0.18302132934331897 0.37500000000000006 9.2437500953674334 1.0000000180025095e-35 1.0000000180025095e-35 296.55999755859381 4.1781251430511483 41.500000000000007 19.500000000000004 3.9281250238418584 0.067024923861026778 1.0000000180025095e-35 1.0000000180025095e-35 1.0000000180025095e-35 11.729249954223635 1.0562499761581423 1.3166428208351137 0.39062500000000006 0.11542724817991258 1.0000000180025095e-35 0.44044758379459387 4.0156250000000009 2.9031250476837163 0.93324998021125805 195.49066162109378 1.3718749880790713 3.5000000000000004 383.02500915527349 1.5000000000000002 4.0674288272857675 1.9476000070571902 302.75999450683599 6.8781249523162851 0.78749999403953563 0.81562501192092907
decision_type=2 2 2 2 2 2 2 2 2 2 2 2 2 2 2 2 2 2 2 2 2 2 2 2 2 2 2 2 2 2 2 2 2 2 2 2 2 2 2 2 2 2
left_child=3 12 29 4 18 8 11 14 37 10 -9 16 17 -8 15 -6 -7 24 22 38 21 -19 -1 -15 -2 -22 30 28 -28 -3 31 -14 -26 34 -31 -13 -32 -5 -4 -29 -21 -42
right_child=1 2 19 5 7 6 13 9 -10 -11 -12 35 26 23 -16 -17 -18 20 -20 40 25 -23 -24 -25 32 -27 27 39 -30 33 36 -33 -34 -35 -36 -37 -38 -39 -40 -41 41 -43
leaf_value=-0.0088062672802567358 -0.0019454531057045326 -0.010919146774528182 0.0043878931135450374 -0.0040607226222902039 0.01965360078225328 0.014842664209345616 0.02544818986117995 -0.0013671463472177293 0.0084240106567302353 0.014547834777373021 0.0086012406034018767 0.012365033274162005 -0.0064468086232659233 0.01311948090430465 0.0035840870339276369 0.0070945016550195972 0.0051715184764458836 -0.0068803834842941806 -0.013205639625127177 0.012050118636266857 -0.0029429406419688138 -0.0019649716493151566 -0.00053148163012859621 0.018824208246043368 -0.0096880491337110932 0.0017784604405630805 -0.0027189159449680072 -0.0091919954922974959 -0.0064800274465617929 -0.0059661393162205251 -0.009708447472953784 -0.0087191134612221218 -0.0066050927971012443 -0.0088595072614317903 -0.008364771816025799 0.014919076559539958 -0.00784246015846779 -0.0073840698789572343 0.006845949334943314 -0.0078640181201888731 0.010466421613571782 0.011274238321883014
leaf_weight=506 308 321 358 301 493 342 360 2151 574 301 589 1340 1446 1398 380 403 1930 1336 492 306 830 1123 347 466 872 743 456 423 1815 1086 1720 1539 521 561 540 352 748 300 301 666 1168 790
leaf_count=506 308 321 358 301 493 342 360 2151 574 301 589 1340 1446 1398 380 403 1930 1336 492 306 830 1123 347 466 872 743 456 423 1815 1086 1720 1539 521 561 540 352 748 300 301 666 1168 790
internal_value=1.1069e-05 -0.0041779 0.00165325 0.00643587 0.00163847 0.010125 0.0118216 0.00472888 0.00118969 0.00213887 0.000775693 0.0093032 -0.00635506 0.0163105 0.0109015 0.0140048 0.0066273 -0.00436221 -0.00828072 0.00973324 -0.00310518 -0.00463557 -0.00544009 0.0145457 -0.00734182 -0.000712807 -0.00765145 -0.00658534 -0.00572482 -0.00776373 -0.00830836 -0.00761836 -0.00853498 -0.00730059 -0.00676273 0.0128964 -0.00914291 -0.00571963 0.00551062 -0.00837984 0.0109624 0.0107924
internal_weight=33002 19977 5431 13025 5662 7363 6188 4317 1175 3041 2740 3964 14546 2224 1276 896 2272 5733 1345 2923 4032 2459 853 1864 1701 1573 8813 3360 2271 2508 5453 2985 1393 2187 1626 1692 2468 601 659 1089 2264 1958
internal_count=33002 19977 5431 13025 5662 7363 6188 4317 1175 3041 2740 3964 14546 2224 1276 896 2272 5733 1345 2923 4032 2459 853 1864 1701 1573 8813 3360 2271 2508 5453 2985 1393 2187 1626 1692 2468 601 659 1089 2264 1958
is_linear=0
shrinkage=0.12


Tree=10
num_leaves=46
num_cat=0
split_feature=1 80 86 82 64 64 68 28 1 75 64 1 74 1 75 54 54 54 54 64 75 7 6 22 4 33 44 68 74 53 33 56 54 1 54 28 22 53 9 52 57 28 8 40 74
split_gain=45.0578 13.7186 21.6476 12.3889 7.35818 6.27289 4.33887 4.86579 3.70566 3.24616 2.83805 2.52849 2.154 1.87669 1.53993 1.43208 1.15534 0.971196 0.95935 0.930745 0.924697 0.912754 0.791076 0.545153 0.745069 0.559857 0.504731 0.43512 0.403927 0.387331 0.251623 0.251382 0.241189 0.331095 0.232532 0.156983 0.123334 0.113982 0.112839 0.0997914 0.095386 0.0796671 0.0286491 0.0115254 0.00854359
threshold=234.44499969482425 0.37500000000000006 1.0000000180025095e-35 0.37500000000000006 16.500000000000004 11.500000000000002 8.5000000000000018 -45.28832817077636 167.54499816894534 1.0000000180025095e-35 16.500000000000004 141.11000061035159 0.16257671266794207 296.55999755859381 1.0000000180025095e-35 0.11638097465038301 0.14738626778125766 0.073681954294443144 0.077596649527549758 6.5000000000000009 1.0000000180025095e-35 3.2169325351715092 7.8247001171112069 4.7774999141693124 1.529700040817261 0.918785721063614 0.30312500894069677 24.500000000000004 2.8434377908706669 -0.25418177247047419 0.58832857012748729 1.8687499761581423 0.085896462202072157 350.41499328613287 0.10015732422471048 196.96443176269534 7.8803749084472665 0.19542554020881656 1.5000000000000002 2.2093750238418584 -1.868951618671417 43.21808052062989 1.0000000180025095e-35 0.14516790956258777 0.14294721931219104
decision_type=2 2 2 2 2 2 2 2 2 2 2 2 2 2 2 2 2 2 2 2 2 2 2 2 2 2 2 2 2 2 2 2 2 2 2 2 2 2 2 2 2 2 2 2 2
left_child=3 13 34 4 21 9 7 -6 10 19 -7 -8 -9 15 17 26 -12 -10 -13 -5 39 -1 29 25 -25 -17 -2 -28 32 -23 -30 -32 38 -34 37 36 -36 -3 -15 -4 -39 -16 43 -22 -37
right_child=1 2 20 5 6 8 11 12 14 -11 16 18 -14 28 41 23 -18 -19 -20 -21 42 22 -24 24 -26 -27 27 -29 30 -31 31 -33 33 -35 35 44 -38 40 -40 -41 -42 -43 -44 -45 -46
leaf_value=4.0020298957824702e-05 -0.0012012025061700069 -0.0099067601192838837 0.0030686413930958406 -0.0057031442950834926 0.011225199614314641 0.024531045784414916 0.016864516426721821 0.0056996377242878385 -5.4998977486546061e-06 0.0087043950728538048 0.0099013925522469289 -0.00010593984093723683 -0.0045949067729704361 -0.0084389455633717206 0.011464286581626779 -0.0016681955910058624 0.015609298008835884 0.0069835213957742436 0.0074986733473746316 0.0024893330366926657 0.0091765477612850213 -0.0066255327067788567 -0.0030241232107886496 -0.00033614475617551877 -0.0050980943187285532 0.0047165438790947494 -0.0051379777591683542 -0.008361539537079089 -0.0074185523576566475 -0.011861527077234008 -0.0050660885181312322 -0.00098642586645099925 -0.0053748055583497604 -0.0074595729962083045 -0.0058257437260500122 -0.0075854688815772536 -0.002697819488753955 -0.0085825381467674062 -0.0068725874305321458 0.0060671491443951555 -0.0059435145427031728 0.0095585819241270856 0.010557240831264613 0.0097751601854343603 -0.0066820730261578417
leaf_weight=300 316 329 337 582 470 324 384 368 347 572 1143 302 1430 1885 1023 573 923 1637 1143 304 1012 372 408 823 1113 302 1708 932 398 449 746 307 2069 2335 438 300 310 390 1021 304 399 457 411 854 303
leaf_count=300 316 329 337 582 470 324 384 368 347 572 1143 302 1430 1885 1023 573 923 1637 1143 304 1012 372 408 823 1113 302 1708 932 398 449 746 307 2069 2335 438 300 310 390 1021 304 399 457 411 854 303
internal_value=-7.06621e-05 -0.00365263 0.00151957 0.00544294 0.0012096 0.00870015 0.00386077 0.000353877 0.0104542 0.00165737 0.014089 0.00820938 -0.0024879 -0.00557049 0.00794641 -0.00388946 0.0124514 0.00576115 0.00590934 -0.00289218 0.00851687 -0.00589428 -0.00734285 -0.0019503 -0.00307377 0.000535452 -0.00573349 -0.00627599 -0.00667705 -0.00948907 -0.00484819 -0.00387667 -0.00704007 -0.00648015 -0.00675022 -0.00569083 -0.00452941 -0.00803039 -0.00788862 0.00449071 -0.00724797 0.0108758 0.00965028 0.00945051 -0.00713152
internal_weight=32853 19915 5387 12938 5626 7312 4097 2268 5854 1458 2390 1829 1798 14528 3464 5767 2066 1984 1445 886 2918 1529 1229 2811 1936 875 2956 2640 8761 821 1451 1053 7310 4404 2469 1351 748 1118 2906 641 789 1480 2277 1866 603
internal_count=32853 19915 5387 12938 5626 7312 4097 2268 5854 1458 2390 1829 1798 14528 3464 5767 2066 1984 1445 886 2918 1529 1229 2811 1936 875 2956 2640 8761 821 1451 1053 7310 4404 2469 1351 748 1118 2906 641 789 1480 2277 1866 603
is_linear=0
shrinkage=0.12


Tree=11
num_leaves=44
num_cat=0
split_feature=1 80 86 82 65 65 65 68 28 65 71 75 1 68 65 1 54 1 33 14 65 75 65 81 4 14 12 68 64 74 33 60 50 54 28 54 28 13 0 4 33 8 44
split_gain=34.8927 10.6237 16.7639 9.594 6.09475 5.27434 4.87411 3.5946 4.13387 3.0757 2.82849 2.59932 2.07024 1.85825 1.6656 1.45331 1.12528 0.946437 0.77987 0.730168 0.872037 0.716086 0.565041 0.495738 0.480792 0.456605 0.452287 0.40146 0.332145 0.312801 0.195453 0.210614 0.187382 0.186777 0.275601 0.180073 0.122626 0.0984456 0.0886443 0.0749457 0.0566003 0.0221859 0.00986699
threshold=234.44499969482425 0.37500000000000006 1.0000000180025095e-35 0.37500000000000006 4.8218748569488534 3.1281249523162846 4.0156250000000009 7.5000000000000009 -28.929111480712887 5.3593750000000009 9.1645660400390643 1.0000000180025095e-35 141.11000061035159 3.5000000000000004 8.0031251907348651 296.55999755859381 0.15529510378837588 208.18000030517581 1.1430857181549074 10.123311519622805 3.7031250000000004 1.0000000180025095e-35 1.5937500000000002 1.0000000180025095e-35 1.5088500380516054 6.5311157703399667 5.0483000278472909 15.500000000000002 19.500000000000004 2.8434377908706669 0.59612858295440685 2.6656249761581425 0.13356878608465197 0.085896462202072157 167.10179138183597 0.10015732422471048 201.37908935546878 7.0992500782012948 6.1365001201629648 0.95485001802444469 0.78444284200668346 1.0000000180025095e-35 0.70312500000000011
decision_type=2 2 2 2 2 2 2 2 2 2 2 2 2 2 2 2 2 2 2 2 2 2 2 2 2 2 2 2 2 2 2 2 2 2 2 2 2 2 2 2 2 2 2
left_child=3 15 35 4 19 11 18 8 13 -8 -10 22 -9 -6 -11 16 23 -14 -7 20 25 40 -5 28 32 -1 -26 -25 -2 33 -31 -32 -18 38 -35 39 37 -37 -17 -3 -4 42 -23
right_child=1 2 21 5 7 6 9 12 10 14 -12 -13 17 -15 -16 29 24 -19 -20 -21 -22 41 -24 27 26 -27 -28 -29 -30 30 31 -33 -34 34 -36 36 -38 -39 -40 -41 -42 -43 -44
leaf_value=-0.0062523593729510588 -0.0075803318535346649 -0.0061372964486381843 0.0051353607686755601 -0.0050652022051985148 0.014378045591292903 0.015103742269243048 -1.1835969939486278e-05 0.014726703444506379 -0.0082044791364382693 0.012940909766202388 0.0036894127377732231 0.0075025095332349676 0.0072346480339136017 0.0012810784556831303 0.0077776801086512325 -0.0052973630930310831 -0.00034315950911070888 0.0012134505645249431 0.023706878699644402 0.00027141622796753712 -0.00070491012219393336 0.0079958189811829665 0.0012215186156132301 -0.0012456797890105142 0.00052300881444469999 -0.011701399045082453 -0.0043074490128459974 -0.0052679643853389422 -0.0046059423150902733 -0.006478112681963237 -0.004662640921354661 -0.0010968351993657086 0.0034167695630513443 -0.0044838045232831842 -0.0064419480810717928 -0.0051023217832301994 -0.0063380757825634076 -0.0023313020751965755 -0.0072090703363995997 -0.0081053299123112245 0.0028774850918229537 0.0092903719143602095 0.0085539314148030173
leaf_weight=714 888 590 305 574 312 300 597 407 833 1222 440 580 1104 312 3411 406 482 570 307 301 312 794 321 849 427 321 806 617 1382 412 668 371 316 1663 2741 475 574 302 2500 528 336 411 1072
leaf_count=714 888 590 305 574 312 300 597 407 833 1222 440 580 1104 312 3411 406 482 570 307 301 312 794 321 849 427 321 806 617 1382 412 668 371 316 1663 2741 475 574 302 2500 528 336 411 1072
internal_value=-6.21826e-05 -0.00321432 0.00133722 0.00478978 0.00106445 0.00765614 0.00927626 0.00360662 -0.000171504 0.00809491 -0.00409347 0.00124484 0.00705069 0.00782956 0.00913953 -0.00490203 -0.00342272 0.00518442 0.0194549 -0.00507195 -0.00626597 0.00749484 -0.00281041 -0.00465864 -0.00114928 -0.00794235 -0.00263461 -0.00293855 -0.00576949 -0.0058758 -0.0042664 -0.00338938 0.00114573 -0.00619526 -0.00570253 -0.00594019 -0.00500793 -0.0040253 -0.00694198 -0.00706674 0.00395183 0.00849224 0.00831645
internal_weight=32853 19915 5387 12938 5626 7312 5837 3978 1897 5230 1273 1475 2081 624 4633 14528 5767 1674 607 1648 1347 2918 895 3736 2031 1035 1233 1466 2270 8761 1451 1039 798 7310 4404 2469 1351 777 2906 1118 641 2277 1866
internal_count=32853 19915 5387 12938 5626 7312 5837 3978 1897 5230 1273 1475 2081 624 4633 14528 5767 1674 607 1648 1347 2918 895 3736 2031 1035 1233 1466 2270 8761 1451 1039 798 7310 4404 2469 1351 777 2906 1118 641 2277 1866
is_linear=0
shrinkage=0.12


Tree=12
num_leaves=41
num_cat=0
split_feature=1 80 86 82 0 54 6 35 58 79 33 1 21 54 54 75 5 22 44 79 54 35 48 81 21 1 33 33 46 54 54 19 1 53 34 6 54 11 33 54
split_gain=27.3914 9.97623 13.9731 6.80532 3.6966 3.67079 3.41822 3.46774 2.54722 2.2064 2.18099 1.67905 1.61686 1.41454 1.18101 0.812253 0.790013 0.814225 0.769344 0.667246 0.607129 0.487798 0.27615 0.272292 0.2898 0.392248 0.255188 0.225998 0.210109 0.206193 0.157265 0.0960136 0.0941384 0.0923491 0.0862369 0.116863 0.0789879 0.0206905 0.016577 0.01265
threshold=215.11499786376956 0.37500000000000006 1.0000000180025095e-35 0.37500000000000006 17.297200202941898 0.048279771581292159 1.0331000089645388 -45.28832817077636 9.5009388923645037 1.0000000180025095e-35 1.2407142519950869 296.55999755859381 1.1466250419616701 0.077596649527549758 0.12891012430191043 1.0000000180025095e-35 0.7195500135421754 5.0029125213623056 0.32187499105930334 1.0000000180025095e-35 0.22232918441295627 -70.25765228271483 1.4656249880790713 1.0000000180025095e-35 3.318275094032288 342.22000122070318 0.64402857422828685 1.3067286014556887 0.13393942266702655 0.1563513055443764 0.043471062555909164 30.633506774902347 182.55999755859378 0.09943228587508203 304.22857666015631 1.7545499801635744 0.13522276282310489 1.7588000297546389 0.79111430048942577 0.13065991550683978
decision_type=2 2 2 2 2 2 2 2 2 2 2 2 2 2 2 2 2 2 2 2 2 2 2 2 2 2 2 2 2 2 2 2 2 2 2 2 2 2 2 2
left_child=3 11 30 4 6 9 -1 12 -9 32 19 13 -8 18 -6 33 -15 -18 -2 28 -21 -12 -20 24 31 -26 36 -23 -7 -28 -3 -13 -5 -4 39 -36 -25 -17 -39 -32
right_child=1 2 15 5 14 10 7 8 -10 -11 21 23 -14 16 -16 37 17 -19 22 20 -22 27 -24 26 25 -27 29 -29 -30 -31 34 -33 -34 -35 35 -37 -38 38 -40 -41
leaf_value=0.011670182554621818 -4.5184613028097719e-05 -0.0074120357201139832 0.0016449361974143564 0.0046718951943194829 0.0046472981569923846 0.0097873558037013773 0.013345864119032935 -0.0043096327139225815 0.0050220576713134058 -0.0045658558459384406 0.017134303976669121 -0.006982147365998297 0.0014056422300793294 0.0035494263239391603 0.014173896493374636 0.0084291299255049093 7.0173954948207282e-05 -0.0032868293980789012 -0.0068457430343867006 0.0040512528036669576 0.0099375368105670946 0.010468462720250598 -0.0038646821283546051 -0.0063252435209196238 -0.0026500021213709682 -0.0057656935529472927 -0.0041331277573266696 0.014144419153053605 0.0072732946333661065 -0.0012556252582431656 -0.0064191421886752769 -0.0051925274744056742 0.0073293869838794217 0.004317685218377082 -0.0026482691564409674 -0.0050300057035661773 -0.004569758080033977 0.0082031778607912775 0.0072658248010978596 -0.0054171137360882167
leaf_weight=333 378 398 357 515 392 1268 301 2514 506 482 331 2062 357 409 359 307 1715 2645 1451 1072 330 646 647 782 824 1980 1384 384 769 484 316 546 306 389 447 882 699 311 2149 426
leaf_count=333 378 398 357 515 392 1268 301 2514 506 482 331 2062 357 409 359 307 1715 2645 1451 1072 330 646 647 782 824 1980 1384 384 769 484 316 546 306 389 447 882 699 311 2149 426
internal_value=-5.47207e-05 -0.00249041 0.00169068 0.0048745 0.00147459 0.00752736 2.7882e-05 -0.00102619 -0.00274611 0.0018788 0.00906071 -0.00405303 0.00686766 -0.00270149 0.00920129 0.00655281 -0.00149331 -0.00196636 -0.00502856 0.00745154 0.00543675 0.0131268 -0.00592642 -0.00517071 -0.00569697 -0.0048501 -0.00432027 0.0118389 0.00883826 -0.00338757 -0.00522737 -0.00660748 0.00566239 0.00303864 -0.00480752 -0.00422893 -0.00549669 0.00750025 0.00738433 -0.00584385
internal_weight=32853 21988 5982 10865 4762 6103 4011 3678 3020 1303 4800 16006 658 7245 751 3513 4769 4360 2476 3439 1402 1361 2098 8761 5412 2804 3349 1030 2037 1868 2469 2608 821 746 2071 1329 1481 2767 2460 742
internal_count=32853 21988 5982 10865 4762 6103 4011 3678 3020 1303 4800 16006 658 7245 751 3513 4769 4360 2476 3439 1402 1361 2098 8761 5412 2804 3349 1030 2037 1868 2469 2608 821 746 2071 1329 1481 2767 2460 742
is_linear=0
shrinkage=0.12


Tree=13
num_leaves=47
num_cat=0
split_feature=85 82 65 80 86 65 65 65 65 85 80 65 80 74 11 62 54 50 85 69 67 65 49 4 7 50 45 64 77 81 29 57 30 11 65 1 54 34 49 13 57 11 85 85 54 49
split_gain=21.3475 7.87661 4.41276 4.36877 8.43784 3.7779 5.82486 3.63901 2.6658 2.3576 2.14758 1.66304 1.65456 1.62891 1.42021 1.09052 0.678587 0.676369 0.654969 0.653554 1.13624 1.15605 0.598511 0.562568 0.536125 0.533387 0.519313 0.862654 0.38425 0.204069 0.327885 0.225024 0.177194 0.161368 0.136904 0.11979 0.0994153 0.106291 0.0976608 0.123487 0.0618422 0.0522941 0.048891 0.0199119 0.0105809 0.00874737
threshold=0.91301429271698009 0.37500000000000006 4.8218748569488534 0.37500000000000006 1.0000000180025095e-35 3.2468750476837163 4.0906250476837167 5.7156250476837167 10.708333492279055 1.1430857181549074 0.62500000000000011 8.0031251907348651 0.62500000000000011 0.15440680831670764 1.7588000297546389 5.02522897720337 0.15529510378837588 0.13061334937810901 0.6792428493499757 14.500000000000002 1.0000000180025095e-35 1.3937500119209292 0.073145791888237013 2.5299500226974492 1.4187470078468325 0.11115178838372232 0.22611042857170108 3.5000000000000004 1.0000000180025095e-35 1.0000000180025095e-35 1.5000000000000002 -5.098334312438964 0.70937499403953563 3.0989999771118169 5.9937500953674325 299.26499938964849 0.12530650943517688 304.22857666015631 0.46944412589073187 5.1813499927520761 -1.868951618671417 3.5497499704360966 1.1304428577423098 0.78749999403953563 0.22232918441295627 0.19843176007270816
decision_type=2 2 2 2 2 2 2 2 2 2 2 2 2 2 2 2 2 2 2 2 2 2 2 2 2 2 2 2 2 2 2 2 2 2 2 2 2 2 2 2 2 2 2 2 2 2
left_child=3 2 19 16 34 10 22 12 9 17 26 -9 -8 -10 -15 -11 29 -4 38 -2 21 -21 -7 -22 -20 -26 27 -3 43 31 -31 35 -32 -33 41 -1 40 -38 39 -18 -36 -5 -12 -6 -40 -45
right_child=1 5 8 4 28 6 7 11 13 15 42 -13 -14 14 -16 -17 18 -19 24 20 23 -23 -24 -25 25 -27 -28 -29 -30 30 32 33 -34 -35 36 -37 37 -39 44 -41 -42 -43 -44 45 -46 -47
leaf_value=-0.0018506272221549642 0.00062616277991837217 -0.0040170561866443993 -0.00073685988211847264 -0.0071168049953775391 0.0074203925630421308 0.021493102240373142 -0.0055177594929831982 0.010741862982313475 0.0067638392876652837 0.0064333916515389973 0.0066168764946856889 0.0057438233285475714 0.0049721818063348478 -0.0066960748200941885 0.00037915562346795722 0.01474001812736709 -0.0018713407985065595 0.0042526018415875036 0.0030186022818088532 -0.0057034344474924496 -0.011386999440604919 0.0030177489595939596 0.014219120418027536 -0.0049136440960427553 -0.0042739818474365164 -0.00026954883091160259 -0.0057618767460897273 0.0041863823507123426 0.0028244456274301877 -0.00080634243548983358 -0.0058077627852502417 -0.0065707016272317014 -0.0037813580418542886 -0.005014149157221896 -0.0057379667304142861 -0.004508601305614853 -0.0046914721574943868 -0.0019546340932631791 -0.0057204876678485063 -0.0047520862283616065 -0.003734310473542763 -0.0050579994248470487 0.0046474739043419833 0.005857213758412869 -0.0049382294922608377 0.0065418552327901119
leaf_weight=352 302 429 854 327 309 307 541 1255 309 834 455 4060 361 728 931 313 363 722 329 621 475 338 347 326 936 981 418 324 525 412 912 1529 1950 2573 529 797 349 493 465 523 382 389 302 372 536 968
leaf_count=352 302 429 854 327 309 307 541 1255 309 834 455 4060 361 728 931 313 363 722 329 621 475 338 347 326 936 981 418 324 525 412 912 1529 1950 2573 529 797 349 493 465 523 382 389 302 372 536 968
internal_value=-4.81542e-05 0.00317818 9.55201e-05 -0.00294833 0.0002002 0.00554404 0.00686119 0.00572797 0.00212928 0.00456121 0.000850012 0.00692398 -0.00131946 -0.00123563 -0.00272559 0.00870015 -0.00410323 0.00154892 -0.00284135 -0.00453123 -0.0054162 -0.00262965 0.0176337 -0.0087524 -0.0014567 -0.00222476 -0.00237011 -0.00048729 0.00565186 -0.00471499 -0.00397145 -0.00517859 -0.00442709 -0.00559435 -0.00460008 -0.00369432 -0.00402901 -0.00308902 -0.00448943 -0.00357183 -0.00489779 -0.00599826 0.0058312 0.00655203 -0.00530162 0.00635179
internal_weight=32853 15552 6753 17301 4643 8799 6871 6217 4691 2723 1928 5315 902 1968 1659 1147 12658 1576 4133 2062 1760 959 654 801 2246 1917 1171 753 2174 8525 3274 5251 2862 4102 2469 1149 1753 842 1887 886 911 716 757 1649 1001 1340
internal_count=32853 15552 6753 17301 4643 8799 6871 6217 4691 2723 1928 5315 902 1968 1659 1147 12658 1576 4133 2062 1760 959 654 801 2246 1917 1171 753 2174 8525 3274 5251 2862 4102 2469 1149 1753 842 1887 886 911 716 757 1649 1001 1340
is_linear=0
shrinkage=0.12


Tree=14
num_leaves=38
num_cat=0
split_feature=1 80 86 65 82 65 23 11 54 75 27 28 53 65 33 65 65 1 1 21 65 65 75 54 65 65 5 78 5 53 1 54 48 58 27 74 53
split_gain=17.1959 6.16077 8.38911 4.64345 4.02372 2.92058 2.53967 1.80742 1.74291 1.62076 1.53009 1.37689 1.31923 1.09245 0.977611 0.904687 1.48271 0.872872 0.760009 0.759434 0.550096 0.939834 0.486838 0.412025 0.389014 1.35297 0.349851 0.163667 0.126111 0.115717 0.109779 0.110661 0.0811861 0.0248115 0.0158836 0.0361043 0.022516
threshold=214.04999542236331 0.37500000000000006 1.0000000180025095e-35 3.4281250238418584 1.0000000180025095e-35 4.0156250000000009 5.3756682872772226 2.2962499856948857 0.15978421270847323 1.0000000180025095e-35 84.523887634277358 -21.575792312622067 -0.090041201561689363 7.4281251430511483 0.89297142624855053 5.7156250476837167 7.3656251430511483 119.05999755859376 184.58499908447268 2.5198667049407963 4.0156250000000009 2.9031250476837163 1.0000000180025095e-35 0.10379674658179285 4.0156250000000009 5.8656251430511483 3.7752000093460087 1.0000000180025095e-35 7.3263499736785898 0.1879682466387749 350.41499328613287 0.080370713025331511 1.3593750000000002 0.32865414023399359 77.761978149414077 0.42448623478412634 0.1792254447937012
decision_type=2 2 2 2 2 2 2 2 2 2 2 2 2 2 2 2 2 2 2 2 2 2 2 2 2 2 2 2 2 2 2 2 2 2 2 2 2
left_child=3 14 29 9 6 -6 -5 10 17 11 -8 -1 -10 -9 23 20 -17 -7 26 -18 21 -16 32 27 -25 -26 -13 28 -2 -3 31 -31 -4 -32 36 -36 -24
right_child=1 2 22 4 5 8 7 13 12 -11 -12 18 -14 -15 15 16 19 -19 -20 -21 -22 -23 34 24 25 -27 -28 -29 -30 30 33 -33 -34 -35 35 -37 -38
leaf_value=0.0046143007296644122 -0.0048796510157205972 -0.0058652158098646519 0.000817549248895375 0.010304906327836084 0.015922740261756128 0.0088192927623668149 -0.0072693539388130855 -0.0012581760858884081 0.011035733893355543 0.0048280026154716117 0.002739707015725153 -0.0034365269311496783 0.0053950016370638097 0.0089741863562815202 -0.0042984041420478618 0.006834779337675091 -0.0031566078100343903 0.0035074468422706191 -0.00069402146853469614 0.0014052705520106279 -0.0068458223106073477 0.0034184595691783815 0.0052862538725195916 2.129227274200594e-05 -0.0079042985442713525 -0.0026226376721471705 -0.0082976643375033583 -0.0023013954158034797 -0.0027265032837776658 -0.0044713094526680529 -0.0053142441313042688 -0.0016116448966428064 0.003366056499754389 -0.0040841714378949123 0.0066483562057381056 0.0053376952852585893 0.0063825608219485732
leaf_weight=307 4620 419 300 318 455 521 757 300 1303 543 310 351 1102 301 867 369 1351 3073 542 860 560 308 1200 533 813 4955 543 447 428 303 323 546 450 878 734 515 348
leaf_count=307 4620 419 300 318 455 521 757 300 1303 543 310 351 1102 301 867 369 1351 3073 542 860 560 308 1200 533 813 4955 543 447 428 303 323 546 450 878 734 515 348
internal_value=-4.23757e-05 -0.00195383 0.00132293 0.00390083 0.00520025 0.00665369 0.000476911 -0.00139677 0.00595067 -0.000896683 -0.00436138 -0.0026801 0.00845108 0.00386652 -0.00317741 -0.00163187 -0.000206981 0.00427747 -0.00423956 -0.0013822 -0.00375072 -0.0022756 0.00506158 -0.00374277 -0.00308047 -0.00336709 -0.0063891 -0.00450221 -0.00469709 -0.00404807 -0.00367667 -0.00263223 0.00234665 -0.00441499 0.00578958 0.00610793 0.00553271
internal_weight=32853 22127 6016 10726 8440 6454 1986 1668 5999 2286 1067 1743 2405 601 16111 4315 2580 3594 1436 2211 1735 1175 3547 11796 6301 5768 894 5495 5048 2469 2050 849 750 1201 2797 1249 1548
internal_count=32853 22127 6016 10726 8440 6454 1986 1668 5999 2286 1067 1743 2405 601 16111 4315 2580 3594 1436 2211 1735 1175 3547 11796 6301 5768 894 5495 5048 2469 2050 849 750 1201 2797 1249 1548
is_linear=0
shrinkage=0.12


Tree=15
num_leaves=43
num_cat=0
split_feature=1 54 1 75 75 68 82 32 46 58 54 65 65 28 54 82 46 23 32 62 10 50 82 86 23 82 1 54 21 1 65 64 52 18 1 65 44 1 49 74 5 54
split_gain=14.0794 3.95493 3.66269 6.46007 2.61566 2.1883 2.41823 1.82542 1.06846 1.0191 0.862305 1.02392 1.58173 0.731337 0.718188 0.669826 0.601703 0.586511 0.455026 0.442647 0.439967 0.41246 0.407873 2.02933 0.277795 0.206641 0.187548 0.321213 0.158506 0.163899 0.158284 0.0926128 0.081958 0.0709466 0.0733274 0.0558323 0.0205095 0.0223074 0.0126029 0.00779718 0.00629345 0.00527035
threshold=214.04999542236331 0.099409911781549468 305.66499328613287 1.0000000180025095e-35 1.0000000180025095e-35 13.500000000000002 1.0000000180025095e-35 0.14946739375591281 0.15491571277379992 5.77681589126587 0.077596649527549758 4.0156250000000009 5.6468751430511483 -45.28832817077636 0.065329100936651244 0.37500000000000006 0.019296746701002124 8.5027842521667498 0.22168423980474475 1.4165664911270144 1.0000000180025095e-35 0.18916826695203784 0.37500000000000006 1.0000000180025095e-35 10.17342519760132 0.37500000000000006 334.99000549316412 0.097060944885015502 3.3321000337600712 327.00000000000006 6.5468750000000009 12.500000000000002 2.2656250000000004 0.37812499701976782 317.27000427246099 3.5093749761581425 0.77812498807907116 249.16499328613284 0.22972287982702258 0.41626222431659704 3.1304000616073613 0.11548951268196107
decision_type=2 2 2 2 2 2 2 2 2 2 2 2 2 2 2 2 2 2 2 2 2 2 2 2 2 2 2 2 2 2 2 2 2 2 2 2 2 2 2 2 2 2
left_child=1 4 3 10 7 6 9 20 21 19 16 -12 -13 24 18 -15 -2 -16 -9 -3 -1 -7 28 26 -8 -18 27 -24 33 -30 -28 -6 -33 34 -4 -31 38 -38 40 -39 -5 -40
right_child=2 5 22 36 31 8 13 14 -10 -11 11 12 -14 15 17 -17 25 -19 -20 -21 -22 -23 23 -25 -26 -27 30 -29 29 35 -32 32 -34 -35 -36 -37 37 39 41 -41 -42 -43
leaf_value=0.0019208953964551438 0.0015551904455451736 -0.0003792016612477618 -0.0066911989097361976 0.0039547158382016567 0.0045591902414935694 0.005784247030665348 0.0068464528826408582 -0.0050210775945104596 0.015294361493303505 0.0055823054902304874 0.0045193493815290382 -0.0061542810599924504 -0.00048908958160353677 0.0020044461438854175 0.0044363439692004453 0.0061019811395730816 -0.0050369461494845233 -0.0018665922579921767 -0.00088703376034067732 -0.0060048239886692145 0.0074533863494809184 0.011284682908095419 -0.0037283170950244428 0.0050765893227597168 0.011545134208221468 -0.0028536078126098099 -0.0049149656209637044 -0.00051239582922404806 -0.0010960435609643658 -0.0052350950796725389 -0.0032289683981097709 0.0080336087030021004 0.0054191677699627688 -0.0031650728471370863 -0.0047668035157060005 -0.0035985038866781513 0.0061646278687330774 0.0053381425193192791 0.0047733373858916042 0.0045827264121610176 0.0046483965675544105 0.005464719108868997
leaf_weight=534 301 527 345 304 412 568 348 1184 383 302 452 853 4224 773 338 2237 1481 573 567 326 338 300 981 454 378 1079 1162 822 360 354 2587 375 320 316 1643 1974 360 483 336 332 495 301
leaf_count=534 301 527 345 304 412 568 348 1184 383 302 452 853 4224 773 338 2237 1481 573 567 326 338 300 981 454 378 1079 1162 822 360 354 2587 375 320 316 1643 1974 360 483 336 332 495 301
internal_value=-1.36424e-05 0.00353848 -0.00175474 -0.000206568 0.000894667 0.00553618 0.00439064 -0.000699766 0.0100149 -0.000408273 -0.00182877 -0.000953657 -0.00144091 0.00587425 -0.0022607 0.00504969 -0.00351997 0.000471929 -0.00368241 -0.00252921 0.00406537 0.00768532 -0.00330334 -0.0026371 0.00929287 -0.0041167 -0.00326787 -0.00226216 -0.00410491 -0.00347889 -0.00375154 0.00598475 0.00682984 -0.00483528 -0.00510077 -0.00384737 0.00500611 0.00537792 0.00470189 0.00503041 0.00438447 0.00510003
internal_weight=32782 10783 21999 11001 4641 6142 4891 3534 1251 1155 8390 5529 5077 3736 2662 3010 2861 911 1751 853 872 868 10998 6006 726 2560 5552 1803 4992 2688 3749 1107 695 2304 1988 2328 2611 1175 1436 815 799 637
internal_count=32782 10783 21999 11001 4641 6142 4891 3534 1251 1155 8390 5529 5077 3736 2662 3010 2861 911 1751 853 872 868 10998 6006 726 2560 5552 1803 4992 2688 3749 1107 695 2304 1988 2328 2611 1175 1436 815 799 637
is_linear=0
shrinkage=0.12


Tree=16
num_leaves=43
num_cat=0
split_feature=1 80 87 65 10 32 80 68 1 80 54 65 5 1 9 69 64 44 22 64 65 71 62 74 21 5 81 77 81 65 65 1 21 28 56 69 57 54 33 56 1 64
split_gain=11.0335 4.1666 5.5962 3.71263 1.75415 1.46343 1.23863 1.4465 1.1607 1.26182 1.04121 0.862022 1.06506 0.780817 0.694865 1.00828 0.99163 0.756472 0.665942 1.07037 0.60655 0.560522 0.548336 0.509832 0.454391 0.42936 0.418857 0.303866 0.148479 0.22094 0.639906 0.294311 0.164929 0.114151 0.110541 0.099029 0.0862724 0.0837171 0.133038 0.0866138 0.0249907 0.0165932
threshold=202.95999908447268 0.37500000000000006 1.0000000180025095e-35 3.5093749761581425 1.0000000180025095e-35 0.1368561536073685 0.37500000000000006 6.5000000000000009 128.40000152587893 0.37500000000000006 0.20899213105440143 10.960416316986086 2.3127499818801884 296.55999755859381 1.5000000000000002 22.500000000000004 22.500000000000004 0.44062499701976782 5.2325499057769784 24.500000000000004 7.7406251430511483 4.0380525588989267 6.5094127655029306 3.2014712095260625 2.1917999982833867 6.1563000679016122 1.0000000180025095e-35 1.0000000180025095e-35 1.0000000180025095e-35 4.0156250000000009 6.4531250000000009 335.97000122070318 3.6112874746322636 174.27656555175784 0.73437500000000011 21.500000000000004 -1.9012724161148069 0.05234519578516484 0.68401426076889049 1.8687499761581423 215.11499786376956 25.500000000000004
decision_type=2 2 2 2 2 2 2 2 2 2 2 2 2 2 2 2 2 2 2 2 2 2 2 2 2 2 2 2 2 2 2 2 2 2 2 2 2 2 2 2 2 2
left_child=3 13 27 8 5 10 7 -7 -1 24 21 18 -13 14 15 22 17 -16 25 -20 -18 -5 -2 -17 26 -6 -10 40 32 31 -31 -30 35 -34 -29 -15 -8 -4 39 -39 -3 -42
right_child=1 2 37 4 11 6 36 -9 9 -11 -12 12 -14 28 16 23 20 -19 19 -21 -22 -23 -24 -25 -26 -27 -28 34 29 30 -32 -33 33 -35 -36 -37 -38 38 -40 -41 41 -43
leaf_value=0.005781652223268232 -0.0016857608580650306 0.0056296197176857942 -0.0047044167523982664 0.0020546887434323524 0.014352560772435493 -0.0029651290305816127 0.0067583102132693779 0.0031324764602912473 -0.0075685037067243612 0.0028257550924641411 0.012027357501337821 0.0086647639919022554 -0.00020560498169756362 -0.0031732805011902183 0.0033367540193091068 -0.0045346866525570748 0.007750790003429521 -0.002936945441166486 0.0027256990350609978 0.0093780363116463938 0.00073776590159760054 0.0077230141129886213 0.001998560884793851 -0.00016820274472758337 -0.00021570045410448477 0.0082949739479974138 -0.0025894959071754583 0.00083536632957460332 0.0021359808877796718 -0.0067121626191665642 -0.0021177622563410955 -0.0029284459452957779 -0.00067589820607951497 -0.0032469161849872715 0.0037264308226880598 -0.0043589490387587367 0.0043703497525770215 -0.0045573284535149316 -0.0013251927487284603 -0.0026900574018994118 0.0041185304776548042 0.0047234408155100941
leaf_weight=313 2183 307 472 582 339 1057 447 1192 557 529 357 341 455 1618 360 2446 324 1197 571 893 393 442 793 457 324 335 432 484 304 549 2131 362 410 632 314 2719 425 649 543 797 1069 1678
leaf_count=313 2183 307 472 582 339 1057 447 1192 557 529 357 341 455 1618 360 2446 324 1197 571 893 393 442 793 457 324 335 432 484 304 549 2131 362 410 632 314 2719 425 649 543 797 1069 1678
internal_value=-1.20053e-05 -0.00142778 0.00120222 0.00341132 0.00468232 0.00319443 0.00175525 0.000266683 -0.00097435 -0.00212236 0.0064469 0.00696538 0.00359439 -0.00241149 -0.00156715 -0.00225614 0.000214119 -0.00148638 0.00822044 0.00678344 0.00390683 0.00450137 -0.000704018 -0.0038473 -0.00411592 0.0113417 -0.00539365 0.00405798 -0.00320048 -0.00257283 -0.00305893 -0.000616756 -0.00359091 -0.00223529 0.00197295 -0.00391661 0.00559445 -0.00326767 -0.00292673 -0.00352813 0.0046028 0.00448804
internal_weight=32782 23191 6313 9591 7436 4502 3121 2249 2155 1842 1381 2934 796 16878 8153 5879 2274 1557 2138 1464 717 1024 2976 2903 1313 674 989 3852 8725 3346 2680 666 5379 1042 798 4337 872 2461 1989 1446 3054 2747
internal_count=32782 23191 6313 9591 7436 4502 3121 2249 2155 1842 1381 2934 796 16878 8153 5879 2274 1557 2138 1464 717 1024 2976 2903 1313 674 989 3852 8725 3346 2680 666 5379 1042 798 4337 872 2461 1989 1446 3054 2747
is_linear=0
shrinkage=0.12


Tree=17
num_leaves=32
num_cat=0
split_feature=1 80 86 65 65 68 64 57 54 65 1 80 11 54 45 1 11 27 1 56 65 9 75 56 27 21 53 46 44 1 49
split_gain=8.54437 3.22661 4.33369 2.87506 1.55893 1.45966 1.56122 1.54918 1.54106 1.10854 0.898844 0.977153 0.668452 0.616478 0.707813 0.693782 0.470241 0.453315 0.420902 0.365278 0.363391 0.260423 0.235314 0.0856033 0.0738707 0.102238 0.0787631 0.028827 0.0226982 0.0333579 0.0139468
threshold=202.95999908447268 0.37500000000000006 1.0000000180025095e-35 3.5093749761581425 3.9281250238418584 6.5000000000000009 43.500000000000007 -4.3337042331695548 0.093976464122533812 6.1281249523162851 128.40000152587893 0.37500000000000006 1.2627499699592593 0.099409911781549468 0.18976198881864551 250.23000335693362 2.9690500497817998 81.45029449462892 184.58499908447268 3.3531249761581425 1.7312499880790713 2.5000000000000004 1.0000000180025095e-35 0.73437500000000011 66.697032928466811 2.9293125867843632 0.26618307828903204 0.14379886537790301 0.70937499403953563 249.16499328613284 0.31540310382843023
decision_type=2 2 2 2 2 2 2 2 2 2 2 2 2 2 2 2 2 2 2 2 2 2 2 2 2 2 2 2 2 2 2
left_child=3 12 24 10 -5 6 7 -6 17 -10 -1 18 -2 14 -14 16 -15 -7 20 -17 -12 -16 23 -4 26 -26 -3 -27 30 -30 -24
right_child=1 2 22 4 5 8 -8 -9 9 -11 11 -13 13 15 21 19 -18 -19 -20 -21 -22 -23 28 -25 25 27 -28 -29 29 -31 -32
leaf_value=0.0050878538989935053 0.0032422466961334732 -0.00087175587857707165 0.00073512236637732957 0.011023718061061727 0.0071963740629364436 0.0032023677014781852 -0.004673318342769274 0.0010627163273950917 0.0018388258056482301 0.0081270484639778696 -0.0070932291518370806 0.0024866644939499473 0.0022506582976932598 -0.00061043424034634924 -0.0035029995370325089 -0.0015715371027018145 0.0037438458145761964 -0.0020394203499764325 -0.00011960770095592173 -0.0034484366297697238 -0.0023925912828004579 -0.00054615472546882095 0.0034942997141101835 0.0032792590626950706 -0.0049100310231458295 -0.003342054463574713 -0.003143775841491597 -0.0021330542125047071 0.0050717494292006858 0.0039493371090286652 0.0044179822074103866
leaf_weight=313 328 445 484 443 845 763 456 1988 500 2096 517 529 346 1529 6547 5090 466 345 359 2113 437 459 1093 314 444 593 434 545 593 1068 300
leaf_count=313 328 445 484 443 845 763 456 1988 500 2096 517 529 346 1529 6547 5090 466 345 359 2113 437 459 1093 314 444 593 434 545 593 1068 300
internal_value=-1.05647e-05 -0.00125644 0.00105795 0.00300196 0.00412044 0.00368313 0.00184329 0.0028922 0.00531682 0.00691591 -0.000857428 -0.00186767 -0.00212211 -0.00222843 -0.00304762 -0.00157365 0.000406656 0.00157022 -0.00362201 -0.00212213 -0.00494 -0.00330928 0.00357103 0.0017362 -0.00287555 -0.00336562 -0.00199355 -0.00276305 0.00405046 0.00435005 0.00369323
internal_weight=32782 23191 6313 9591 7436 6993 3289 2833 3704 2596 2155 1842 16878 16550 7352 9198 1995 1108 1313 7203 954 7006 3852 798 2461 1582 879 1138 3054 1661 1393
internal_count=32782 23191 6313 9591 7436 6993 3289 2833 3704 2596 2155 1842 16878 16550 7352 9198 1995 1108 1313 7203 954 7006 3852 798 2461 1582 879 1138 3054 1661 1393
is_linear=0
shrinkage=0.12


Tree=18
num_leaves=38
num_cat=0
split_feature=1 82 65 86 82 69 23 65 64 22 33 53 81 65 65 65 65 1 75 64 65 65 65 11 1 60 54 50 16 75 5 69 65 1 16 1 64
split_gain=6.61676 2.40583 2.08716 2.07666 3.71566 1.74053 1.67045 1.21392 1.09977 0.824295 0.837591 0.753539 0.628926 0.504247 5.38583 1.76788 0.786834 0.470809 0.347462 0.324581 0.316919 0.517003 0.4374 0.387662 0.429278 0.255144 0.245255 0.279608 0.221973 0.182227 0.116281 0.130102 0.0967041 0.0767076 0.0626897 0.0182762 0.0125402
threshold=202.95999908447268 1.0000000180025095e-35 3.2468750476837163 1.0000000180025095e-35 0.37500000000000006 19.500000000000004 12.647626399993898 3.9281250238418584 40.500000000000007 8.9083080291748065 1.2709285616874697 -0.17266479134559629 1.0000000180025095e-35 4.0906250476837167 3.1281249523162846 5.8656251430511483 8.0031251907348651 252.81999969482425 1.0000000180025095e-35 3.5000000000000004 5.8656251430511483 4.0156250000000009 3.0156250000000004 2.460150003433228 276.72000122070318 1.0406250357627871 0.077596649527549758 0.1193927824497223 1.5000000000000002 1.0000000180025095e-35 0.71149998903274547 21.500000000000004 5.0437500476837167 304.27499389648443 1.5000000000000002 215.11499786376956 25.500000000000004
decision_type=2 2 2 2 2 2 2 2 2 2 2 2 2 2 2 2 2 2 2 2 2 2 2 2 2 2 2 2 2 2 2 2 2 2 2 2 2
left_child=1 5 18 12 17 8 11 -4 -1 10 -9 -7 20 14 28 34 -17 26 19 -3 21 22 -2 25 -25 -22 -5 -28 -14 33 -19 -32 -23 -6 -15 -31 -37
right_child=3 2 7 4 29 6 -8 9 -10 -11 -12 -13 13 15 -16 16 -18 30 -20 -21 23 32 -24 24 -26 -27 27 -29 -30 35 31 -33 -34 -35 -36 36 -38
leaf_value=0.0067634266094518157 -0.0035756887454445568 -0.003769804926399065 0.010240856409835597 -0.0021935394341726939 0.00061469916545144976 -0.0022110245403421554 0.0033010271953961821 0.0027603935093933572 -0.0022320719313917354 0.0087842441095521417 0.0063787926079096171 -0.0087729876840542901 -0.0015497088221820524 -0.0059280856437758057 0.014753046694441545 0.0027664291544363005 -0.0014706354517948664 -0.00033621954205054265 0.0024885837730697228 0.00048082588486399766 -0.0014672222201756778 -0.0074492356481094812 0.0013331327562119406 0.00097805968131112913 -0.0022232377517548032 -0.0055733686016387583 -0.00076828370921735686 0.0039384844171342576 -0.0048887840134258839 0.0044425159863064343 -0.0018475166858968955 -0.0033617104203414413 -0.004914535037694602 0.0030436932852491738 -0.0080720762392050421 0.0031450415380535734 0.0036709114708153349
leaf_weight=543 1229 490 522 372 498 448 393 3575 306 506 1241 576 740 501 316 774 3419 321 443 548 315 435 332 715 3857 707 362 365 468 307 1407 1949 432 300 323 1069 1678
leaf_count=543 1229 490 522 372 498 448 393 3575 306 506 1241 576 740 501 316 774 3419 321 443 548 315 435 332 715 3857 707 362 365 468 307 1407 1949 432 300 323 1069 1678
internal_value=-9.29692e-06 0.00264173 0.00369881 -0.00110567 0.00036961 -0.000775353 -0.00334967 0.00471852 0.00352123 0.00417687 0.00369279 -0.00590213 -0.00197972 -0.00110639 0.000805267 -0.00168709 -0.000688501 -0.00186682 -0.000324962 -0.00152573 -0.00269181 -0.00383666 -0.00253166 -0.0021949 -0.0017226 -0.00430778 0.000312494 0.00159481 -0.00284332 0.0031425 -0.00251818 -0.00272689 -0.00618627 0.00152785 -0.00676851 0.0035644 0.00346627
internal_weight=32782 9591 7325 23191 8628 2266 1417 5844 849 5322 4816 1024 14563 6541 1524 5017 4193 4776 1481 1038 8022 2428 1561 5594 4572 1022 1099 727 1208 3852 3677 3356 867 798 824 3054 2747
internal_count=32782 9591 7325 23191 8628 2266 1417 5844 849 5322 4816 1024 14563 6541 1524 5017 4193 4776 1481 1038 8022 2428 1561 5594 4572 1022 1099 727 1208 3852 3677 3356 867 798 824 3054 2747
is_linear=0
shrinkage=0.12


Tree=19
num_leaves=37
num_cat=0
split_feature=85 82 85 21 0 80 86 75 64 11 64 64 50 58 21 9 68 21 5 62 1 56 64 11 64 12 85 49 56 11 56 64 75 52 85 0
split_gain=5.17457 2.41803 1.73216 1.49545 1.37432 1.29245 2.12441 1.07348 1.01683 0.960964 0.922652 0.666691 0.4996 0.475522 0.46483 0.462652 0.451563 0.416471 0.406785 0.377496 0.337055 0.258229 0.559715 0.153475 0.12771 0.0979587 0.0610602 0.134507 0.0590078 0.0617511 0.0562517 0.0559748 0.0554751 0.0489215 0.0113907 0.0109144
threshold=0.94661426544189464 1.0000000180025095e-35 1.2407142519950869 0.70254999399185192 16.714400291442875 0.37500000000000006 1.0000000180025095e-35 1.0000000180025095e-35 11.500000000000002 2.4716500043869023 30.500000000000004 21.500000000000004 0.065864037722349181 5.6823463439941415 1.3906916975975039 1.5000000000000002 6.5000000000000009 1.0454249978065493 0.61425000429153453 0.82652002573013317 317.27000427246099 3.3531249761581425 23.500000000000004 2.9038000106811528 24.500000000000004 4.6357998847961435 0.68401426076889049 0.35724167525768286 1.8687499761581423 3.6241999864578252 3.3906250000000004 15.500000000000002 1.0000000180025095e-35 2.2093750238418584 0.78749999403953563 15.595399856567385
decision_type=2 2 2 2 2 2 2 2 2 2 2 2 2 2 2 2 2 2 2 2 2 2 2 2 2 2 2 2 2 2 2 2 2 2 2 2
left_child=5 3 7 -2 9 14 26 8 15 13 -10 -11 -4 -5 -1 -3 17 -14 20 -18 -16 22 -20 -23 31 -26 28 -28 29 -7 -30 -9 33 -8 -34 -36
right_child=1 2 12 4 -6 6 32 24 10 11 -12 -13 16 -15 18 -17 19 -19 21 -21 -22 23 -24 -25 25 -27 27 -29 30 -31 -32 -33 34 -35 35 -37
leaf_value=0.0021307422984704538 0.0063243657187325884 -0.0043916108757499914 0.0019154473312584673 -0.0060129165312962623 0.0033816917040347953 -0.0045030299561401796 0.00064057491934292165 0.003417174931174344 0.0037636439724043295 -0.0039699950027341554 0.00030194020300005871 0.0029754225196401501 0.0066019839881806498 -0.0009465153149403301 0.0030986264610719928 0.0001633284945202787 0.0064185191189828046 0.0016264055130081846 -0.0028943609763425115 0.011837312083933032 -0.0020216811193618923 -0.0044508281505549292 -0.0010253480156827124 -0.0026107283382951151 0.0032966425915326855 0.0052934508917287298 -0.0027927685068197439 0.00043463601476399798 -0.00064029332336569913 -0.0024148492852716489 -0.0026348820165731012 0.0015652409653245868 0.0036907057863261017 0.0027863562864698837 0.0027343346443600551 0.0034707343979478596
leaf_weight=396 350 629 436 1252 561 362 306 782 1912 338 2639 484 681 339 393 656 447 376 4259 316 350 907 5035 2328 563 952 402 346 318 467 566 336 308 306 1312 372
leaf_count=396 350 629 436 1252 561 362 306 782 1912 338 2639 484 681 339 393 656 447 376 4259 316 350 907 5035 2328 563 952 402 346 318 467 566 336 308 306 1312 372
internal_value=-8.18129e-06 0.00173275 0.00260919 -0.00109511 -0.00196828 -0.00131381 0.000323562 0.00182209 0.000914621 -0.0032121 0.0017563 0.000119521 0.00556396 -0.0049334 -0.00192058 -0.00206629 0.00643799 0.00483205 -0.00204146 0.00866274 0.000686638 -0.00220324 -0.00188183 -0.00312664 0.00383347 0.0045514 -0.00220443 -0.00129988 -0.00259941 -0.0033267 -0.00191737 0.0028606 0.00271273 0.00171347 0.00301973 0.00289701
internal_weight=32782 14049 10725 3324 2974 18733 5065 8469 5836 2413 4551 822 2256 1591 13668 1285 1820 1057 13272 763 743 12529 9294 3235 2633 1515 2461 748 1713 829 884 1118 2604 612 1992 1684
internal_count=32782 14049 10725 3324 2974 18733 5065 8469 5836 2413 4551 822 2256 1591 13668 1285 1820 1057 13272 763 743 12529 9294 3235 2633 1515 2461 748 1713 829 884 1118 2604 612 1992 1684
is_linear=0
shrinkage=0.12


Tree=20
num_leaves=41
num_cat=0
split_feature=2 54 80 82 86 68 21 82 65 65 50 46 33 2 50 35 69 5 71 0 50 68 52 65 65 65 53 61 35 9 4 18 56 68 52 65 75 33 33 44
split_gain=4.19438 1.96042 1.64254 1.29849 2.06185 1.0526 1.30826 1.50601 1.44819 0.670698 0.81886 0.574916 0.569482 0.464517 0.576996 0.429724 0.375363 0.455706 0.380679 0.346211 0.343024 0.305026 0.294048 0.275672 1.06416 0.625205 0.264323 0.233612 0.226874 0.192956 0.165173 0.163502 0.123381 0.184763 0.121654 0.171982 0.10003 0.0465274 0.0138575 0.0124206
threshold=0.43863999843597418 0.10254561156034471 0.37500000000000006 0.37500000000000006 1.0000000180025095e-35 13.500000000000002 0.39499999582767492 0.37500000000000006 4.3281250000000009 10.708333492279055 0.13150505721569064 0.1204093135893345 1.0968285799026491 0.56580999493598949 0.11542724817991258 -25.610800743103024 19.500000000000004 0.61425000429153453 1.9304877519607546 11.282499790191652 0.14655888080596927 22.500000000000004 2.3093750476837163 4.0156250000000009 2.9031250476837163 5.7156250476837167 0.15120656043291095 -1.0000000180025095e-35 7.2909429073333749 1.5000000000000002 1.4272499680519106 0.25260417163372045 8.0124998092651385 10.500000000000002 2.3281250000000004 3.3343750238418584 1.0000000180025095e-35 0.77737143635749828 0.78749999403953563 0.77812498807907116
decision_type=2 2 2 2 2 2 2 2 2 2 2 2 2 2 2 2 2 2 2 2 2 2 2 2 2 2 2 2 2 2 2 2 2 2 2 2 2 2 2 2
left_child=1 2 9 16 13 6 -3 8 -8 10 15 20 -9 14 29 -1 18 -18 27 -12 -7 26 -11 24 -15 -25 -20 30 -13 -5 -2 -16 33 -19 35 -4 37 -6 -38 -40
right_child=3 5 34 4 36 11 7 12 -10 22 19 28 -14 23 31 -17 17 32 21 -21 -22 -23 -24 25 -26 -27 -28 -29 -30 -31 -32 -33 -34 -35 -36 -37 38 -39 39 -41
leaf_value=0.002159465471812492 -0.0025489971808714913 0.0090038112989296835 0.0026044148602792595 -0.0023904239167155616 0.0022298843787042517 0.0010654464367398759 -0.0081360821769033594 0.0010533333449709763 0.00083541403665102318 -0.0063086406695014533 0.00022685128820903257 0.011251933311839914 0.0050630856204637743 -0.0022582650660327983 0.0049716323047876354 -0.0026785059148940944 0.00075487138319645021 -0.0041726955845198593 0.0025175733398010748 0.0047806104875201261 0.0067135620461078356 -0.0024549257951155569 -0.0016940310112005879 -0.0056059397670730317 0.005727288332385126 -0.001583037413138232 -0.00060590727367668519 -0.00082337355409532742 0.0066971482012455922 0.00046666724286299955 -0.0062000357642297303 0.0015279378199210515 -0.00058716613225592515 -0.0026089697789820569 0.0015540733236732987 0.0056329476587261328 0.0034293076288053727 0.00029484686281615167 0.0023081383016271373 0.0028586387006036716
leaf_weight=319 428 408 518 828 303 320 304 718 1754 457 490 311 1761 877 300 1544 532 1520 710 472 300 562 352 636 331 4439 866 564 319 578 306 587 309 3829 331 564 302 437 1259 1111
leaf_count=319 428 408 518 828 303 320 304 718 1754 457 490 311 1761 877 300 1544 532 1520 710 472 300 562 352 636 331 4439 866 564 319 578 306 587 309 3829 331 564 302 437 1259 1111
internal_value=-2.88313e-05 0.00185115 9.54986e-05 -0.00100666 -0.000173202 0.00328146 0.00249502 0.00190971 -0.000489822 -0.0012544 -0.000381996 0.0063926 0.00390173 -0.00116586 0.000296054 -0.0018501 -0.00204462 -0.00260292 -0.00103884 0.00246113 0.00379841 -5.46805e-05 -0.0043008 -0.00169939 -7.01706e-05 -0.00208719 0.000801245 -0.00265991 0.00894562 -0.00121589 -0.00407109 0.00269266 -0.00291864 -0.00305333 0.00356721 0.00418306 0.00232182 0.00108717 0.00266375 0.0025662
internal_weight=32856 11242 5047 21614 11988 6195 4945 4537 2058 3634 2825 1250 2479 8576 2293 1863 9626 6190 3436 962 620 2138 809 6283 1208 5075 1576 1298 630 1406 734 887 5658 5349 1413 1082 3412 740 2672 2370
internal_count=32856 11242 5047 21614 11988 6195 4945 4537 2058 3634 2825 1250 2479 8576 2293 1863 9626 6190 3436 962 620 2138 809 6283 1208 5075 1576 1298 630 1406 734 887 5658 5349 1413 1082 3412 740 2672 2370
is_linear=0
shrinkage=0.12


Tree=21
num_leaves=36
num_cat=0
split_feature=1 54 32 80 22 21 82 86 64 50 65 58 65 65 65 82 1 56 32 44 23 69 71 58 56 21 1 65 32 57 65 85 75 50 74
split_gain=3.26955 1.49829 1.48917 1.46405 1.08095 1.05955 0.929984 1.49118 0.915063 0.872839 0.755212 0.830036 0.423008 4.01238 1.00614 0.421181 0.417663 0.407797 0.401226 0.316397 0.28402 0.369597 0.262952 0.21882 0.190734 0.126073 0.106252 0.131501 0.0847141 0.0778052 0.07668 0.067831 0.1578 0.0599694 0.00947385
threshold=229.82500457763675 0.12097945064306261 0.097107727080583586 0.37500000000000006 9.0030794143676776 1.0454249978065493 0.37500000000000006 1.0000000180025095e-35 43.500000000000007 0.13150505721569064 5.7156250476837167 0.3077805787324906 4.0156250000000009 3.0781250000000004 5.7156250476837167 0.62500000000000011 185.29499816894534 3.3531249761581425 0.11627290025353433 0.52187499403953563 14.124476432800295 21.500000000000004 0.68043482303619396 0.54204308986663829 3.0281250476837163 1.8415166139602663 176.22000122070315 3.4281250238418584 0.39487390220165258 -0.42508965730667109 9.1781249046325701 0.75542855262756359 1.0000000180025095e-35 0.10825386270880701 1.0890615582466128
decision_type=2 2 2 2 2 2 2 2 2 2 2 2 2 2 2 2 2 2 2 2 2 2 2 2 2 2 2 2 2 2 2 2 2 2 2
left_child=1 3 5 8 10 -3 20 12 9 18 15 -12 13 19 29 -4 -11 -16 -1 -8 21 22 23 -2 -24 -23 27 -5 -27 -14 -29 -9 -33 -28 -34
right_child=6 2 4 26 -6 -7 7 31 -10 16 11 -13 14 -15 17 -17 -18 -19 -20 -21 -22 25 24 -25 -26 28 33 30 -30 -31 -32 32 34 -35 -36
leaf_value=0.0024005825474028779 -0.00098261331865865742 0.01245976868901769 -0.0035416859653995972 0.0020175740818177568 0.0077388539513733407 0.0036768850062198783 0.0012448017882184935 0.003737485118587795 -0.0057067465705205938 0.0032728973424184871 0.0057650780428347417 0.0014322235630253753 -0.0067564692900415656 0.012500113125382498 -0.00014746807478519262 0.0010928173880996575 -0.00082396323977340028 -0.0022856047085287779 -0.0021933216541595467 -0.0031442238485871474 0.0012253301423326953 -0.0048274380989206606 0.00017590466726801602 -0.0046669420216587428 -0.0021987173944935604 -0.003366266090875101 0.0030966252204823208 0.0064093684973285841 -0.0022013380713035487 -0.0044142116464413574 0.0037294028518804079 -0.00030758296217659094 0.002325086482829585 0.0011400437732811358 0.0016537752672831797
leaf_weight=311 475 367 535 307 453 429 301 301 501 1077 837 2660 306 330 3597 598 537 1998 2287 1104 410 356 1917 454 653 1192 503 305 3656 614 310 418 1991 409 357
leaf_count=311 475 367 535 307 453 429 301 301 501 1077 837 2660 306 330 3597 598 537 1998 2287 1104 410 356 1917 454 653 1192 503 305 3656 614 310 418 1991 409 357
internal_value=-2.53715e-05 0.00150955 0.00290009 0.000260893 0.0021443 0.00772628 -0.000958947 -0.000232423 -0.000858515 -0.000281838 0.00159693 0.00246928 -0.00107229 0.000592795 -0.00151572 -0.00109558 0.00190982 -0.000911006 -0.0016434 -0.00220394 -0.00186118 -0.00200659 -0.0010529 -0.00278314 -0.000427453 -0.00264782 0.00313754 0.00404595 -0.00248776 -0.00519327 0.00505849 0.00202676 0.00184059 0.00221917 0.00222302
internal_weight=32856 12426 5879 6547 5083 796 20430 11317 4713 4212 4630 3497 8250 1735 6515 1133 1614 5595 2598 1405 9113 8703 3499 929 2570 5204 1834 922 4848 920 615 3067 2766 912 2348
internal_count=32856 12426 5879 6547 5083 796 20430 11317 4713 4212 4630 3497 8250 1735 6515 1133 1614 5595 2598 1405 9113 8703 3499 929 2570 5204 1834 922 4848 920 615 3067 2766 912 2348
is_linear=0
shrinkage=0.12


Tree=22
num_leaves=41
num_cat=0
split_feature=1 54 80 68 21 83 65 83 86 1 10 58 30 22 46 50 18 62 1 65 65 65 74 62 1 65 5 69 48 68 30 9 18 28 33 75 65 53 46 8
split_gain=2.53194 1.19077 1.03884 0.814006 0.874047 1.1786 1.30101 0.72018 1.15477 0.522934 0.520837 0.677031 0.578649 0.747915 0.449912 0.553217 0.408559 0.372273 0.33615 0.537607 3.50233 1.07748 0.264405 0.255713 0.22938 0.256196 0.222354 0.177909 0.204209 0.114057 0.0785591 0.0689419 0.0618163 0.0591731 0.0525284 0.1222 0.0500605 0.0372329 0.0283671 0.00932624
threshold=229.82500457763675 0.099409911781549468 0.37500000000000006 13.500000000000002 0.39499999582767492 1.0000000180025095e-35 4.0906250476837167 1.0000000180025095e-35 1.0000000180025095e-35 188.76499938964847 1.0000000180025095e-35 1.7742837071418764 0.59687501192092907 6.1864750385284433 0.15491571277379992 0.21183715760707858 0.27760416269302374 0.96685045957565319 367.74501037597662 4.0906250476837167 2.7156250476837163 5.8656251430511483 0.33599229156970983 9.9476094245910662 306.84498596191412 10.613541603088381 0.48555000126361852 21.500000000000004 1.1843749880790713 10.500000000000002 0.54062500596046459 1.0000000180025095e-35 0.26432290673255926 189.48173522949222 0.75542855262756359 1.0000000180025095e-35 3.7031250000000004 -0.19096659868955609 0.25514256954193121 1.0000000180025095e-35
decision_type=2 2 2 2 2 2 2 2 2 2 2 2 2 2 2 2 2 2 2 2 2 2 2 2 2 2 2 2 2 2 2 2 2 2 2 2 2 2 2 2
left_child=1 2 10 4 -3 6 -6 23 18 -7 11 22 -12 -14 15 17 -13 -5 19 20 -9 -21 -1 26 25 -25 -2 28 -28 -29 -4 33 -32 -26 -10 -36 -20 -34 -38 -37
right_child=7 3 30 14 5 9 -8 8 34 -11 12 16 13 -15 -16 -17 -18 -19 36 21 -22 -23 -24 24 31 -27 27 29 -30 -31 32 -33 37 -35 35 39 38 -39 -40 -41
leaf_value=-0.0030946924206063983 0.0012504699893421075 0.0068645430498027928 0.004167085941830735 -0.00070195305251676151 -0.0080862859049996988 0.0041792448035520005 0.00035176451717759211 -0.0015919177507766023 0.0032889869449500833 0.0008469341166457287 -0.0032311303227326358 0.0023162050453474341 0.0043898116542681071 -0.0018642226176311517 0.0080546216256570432 0.0077571220672918396 -0.0026461780377914535 0.0048367388850984799 -0.0035953667131706571 -0.0049987952598867019 0.012978463279317355 -0.00029334930670781663 -0.0071319156957623184 0.0035825695180498043 0.00033933679215473735 -0.00089108718426187381 -0.0039302208366608551 -0.0036087625289404658 -0.00090430224291315211 -0.0021976739975978136 0.00311749252838369 -0.00288800368706554 0.0022764141291506364 -0.0019826435231771627 -0.00027067299429260405 0.0018438232448397844 -0.0017802551286235633 0.00039672662836946087 -0.0030567282761096762 0.002464977558190003
leaf_weight=967 301 434 371 411 302 1758 2044 1100 301 1104 419 544 712 449 444 305 426 304 359 848 303 4036 308 358 328 380 372 1103 2350 3271 517 345 302 305 418 1923 1293 305 311 425
leaf_count=967 301 434 371 411 302 1758 2044 1100 301 1104 419 544 712 449 444 305 426 304 359 848 303 4036 308 358 328 380 372 1103 2350 3271 517 345 302 305 418 1923 1293 305 311 425
internal_value=-2.23269e-05 0.0013284 -2.92437e-05 0.00234483 0.00169059 0.00125942 -0.000734464 -0.000843873 -0.000204532 0.00289383 -0.00107759 -0.00225232 0.000591561 0.00197115 0.00486615 0.00347822 0.000136849 0.00165296 -0.000943615 -0.000515599 0.00155479 -0.00111035 -0.00406996 -0.00163784 -0.000318076 0.00127906 -0.00194401 -0.00207951 -0.00131784 -0.00255351 0.00265298 -0.00152328 0.00215322 -0.000779469 0.00178354 0.00161972 -0.00231444 0.00133193 -0.00202775 0.00195626
internal_weight=32856 12426 5320 7106 5642 5208 2346 20430 11317 2862 3825 2245 1580 1161 1464 1020 970 715 8250 6287 1403 4884 1275 9113 1716 738 7397 7096 2722 4374 1495 978 1124 633 3067 2766 1963 607 1604 2348
internal_count=32856 12426 5320 7106 5642 5208 2346 20430 11317 2862 3825 2245 1580 1161 1464 1020 970 715 8250 6287 1403 4884 1275 9113 1716 738 7397 7096 2722 4374 1495 978 1124 633 3067 2766 1963 607 1604 2348
is_linear=0
shrinkage=0.12


Tree=23
num_leaves=33
num_cat=0
split_feature=33 83 68 62 64 17 68 65 33 21 56 56 74 65 12 65 34 68 65 65 65 64 64 64 81 48 7 54 65 53 53 40
split_gain=2.00929 1.47068 2.58728 1.38641 1.54819 1.15859 1.25663 0.934899 0.910745 0.688334 0.555181 1.64175 0.695532 0.57856 0.537526 0.258022 0.250126 0.239257 0.22386 2.24009 0.475469 0.307516 0.238903 0.0974925 0.111549 0.0633847 0.0551973 0.0321476 0.024122 0.0365423 0.036094 0.0124853
threshold=0.83132857084274303 1.0000000180025095e-35 2.5000000000000004 8.0911879539489764 40.500000000000007 1.5000000000000002 10.500000000000002 6.7656250000000009 1.3114143013954165 1.877924978733063 3.3531249761581425 2.5781250000000004 0.28066888451576238 3.4281250238418584 6.8659000396728525 8.4031248092651385 268.61428833007818 8.5000000000000018 4.0156250000000009 2.7968750000000004 6.1281249523162851 27.500000000000004 34.500000000000007 8.5000000000000018 1.0000000180025095e-35 1.3531250357627871 6.8298625946044931 0.12530650943517688 3.7031250000000004 0.30964621901512152 0.3551673442125321 0.13882305473089221
decision_type=2 2 2 2 2 2 2 2 2 2 2 2 2 2 2 2 2 2 2 2 2 2 2 2 2 2 2 2 2 2 2 2
left_child=16 2 -2 5 14 7 -7 -4 10 -6 11 13 26 -3 -5 -10 28 -14 19 23 25 -22 -23 24 -18 -20 -12 -27 -1 -30 -31 -32
right_child=1 8 3 4 9 6 -8 -9 15 -11 12 -13 17 -15 -16 -17 18 -19 20 -21 21 22 -24 -25 -26 27 -28 -29 29 30 31 -33
leaf_value=-0.0028436622647374558 0.010389521696759503 -0.00020488768866062004 -0.0017662494861190525 0.0086414219888659213 -0.0059948566179759428 -0.0049471516641805182 -0.00062911863896090287 0.0026390092442823763 0.0081757983785883739 0.0016553319171521252 0.0029264300167575184 0.007956131356826518 -0.0040813172100744657 0.002048637577734754 0.0023670617021027485 0.0034436623897598755 -0.0017325293240371903 -0.000523488326337827 -0.0018042322453142592 0.0091065194353889146 0.0020837573124960597 -0.0025333733365929512 -0.00060003299047605601 -0.0028184366722374594 0.00097215448793406796 -0.0029475868231701582 0.00093887594297611759 -0.0042413932368058982 -0.0028509169636628017 -0.00066342937999679173 -0.00162838678506623 -0.0023104569805755099
leaf_weight=540 307 2357 1481 472 303 2055 1839 1305 357 384 518 585 585 5397 337 310 695 509 448 342 525 1115 5273 589 321 660 329 476 519 377 765 781
leaf_count=540 307 2357 1481 472 303 2055 1839 1305 357 384 518 585 585 5397 337 310 695 509 448 342 525 1115 5273 589 321 660 329 476 519 377 765 781
internal_value=-1.96477e-05 0.000760419 -0.000425559 -0.000831653 0.00247036 -0.00157115 -0.0029079 0.000297233 0.00167945 -0.00171877 0.00140065 0.00182611 -0.000427226 0.00136363 0.00602775 0.00597645 -0.00114855 -0.00242598 -0.000871792 0.000288816 -0.00113773 -0.000708045 -0.00093749 -0.0015901 -0.000877998 -0.00301301 0.0021544 -0.00348971 -0.00211787 -0.00195738 -0.00171622 -0.00197295
internal_weight=32856 19430 8483 8176 1496 6680 3894 2786 10947 687 10280 8339 1941 7754 809 667 13426 1094 10444 1947 8497 6913 6388 1605 1016 1584 847 1136 2982 2442 1923 1546
internal_count=32856 19430 8483 8176 1496 6680 3894 2786 10947 687 10280 8339 1941 7754 809 667 13426 1094 10444 1947 8497 6913 6388 1605 1016 1584 847 1136 2982 2442 1923 1546
is_linear=0
shrinkage=0.12


Tree=24
num_leaves=40
num_cat=0
split_feature=33 54 82 68 21 82 30 60 74 9 28 82 2 68 30 69 56 2 79 50 61 65 65 65 75 60 54 71 60 75 46 0 34 50 54 49 68 64 61
split_gain=1.70531 0.904931 0.953822 0.695838 0.7785 0.714328 1.08524 0.596295 0.574658 0.566853 0.552284 0.480706 0.576727 0.427339 0.465172 0.393165 0.381666 0.309358 0.330929 0.549299 0.292242 0.267997 3.45534 0.914046 0.522608 0.417343 0.190703 0.143675 0.24993 0.141619 0.123499 0.118391 0.10486 0.102722 0.101263 0.105603 0.0827481 0.0228297 0.011293
threshold=1.0478857159614565 0.10254561156034471 0.37500000000000006 8.5000000000000018 0.39499999582767492 0.62500000000000011 0.88437500596046459 2.5843750238418584 0.72111883759498607 1.5000000000000002 4.3477952480316171 0.37500000000000006 0.65522998571395885 9.5000000000000018 0.70937499403953563 26.500000000000004 3.3531249761581425 0.26523000001907354 1.0000000180025095e-35 0.069284971803426756 1.8205894827842715 4.0906250476837167 3.5906250476837163 5.8656251430511483 1.0000000180025095e-35 3.7531249523162846 0.39797006547451025 19999971.000000004 1.1468749642372134 1.0000000180025095e-35 0.066346529871225371 10.873549938201906 268.61428833007818 0.044650895521044738 0.14852993935346606 0.36476713418960577 13.500000000000002 15.500000000000002 -0.019788115285336968
decision_type=2 2 2 2 2 2 2 2 2 2 2 2 2 2 2 2 2 2 2 2 2 2 2 2 2 2 2 2 2 2 2 2 2 2 2 2 2 2 2
left_child=11 2 8 4 -3 6 -6 9 13 15 -11 20 21 14 -2 -5 -7 -4 30 -20 26 22 29 24 -23 -25 27 28 -1 -13 -19 -29 37 -15 35 -34 -36 -14 -39
right_child=1 3 17 7 5 16 -8 -9 -10 10 -12 12 32 33 -16 -17 -18 18 19 -21 -22 23 -24 25 -26 -27 -28 31 -30 -31 -32 -33 34 -35 36 -37 -38 38 -40
leaf_value=-0.0010865267081920967 -0.0084149415852582971 0.0062641305482852025 0.0041679758365876299 0.0037770284190906693 -0.0031490048243399179 0.0034176363201622252 0.0042283970748812957 0.0074384398992399766 0.0018712566680620078 0.0021415082892358656 0.0093054677947714427 -0.0012242046417128896 -0.0029206527021983899 -0.0023525418049704871 -0.0022144848726880313 -0.0010993722309827372 -0.0010677914500398767 0.0033373746018272158 -0.0048851951747346904 0.0015174593511116576 0.0017142565452330869 -0.0050364062342377128 0.013498277455188432 0.0015884812683842813 0.00031912737172586677 -0.00073722414278872093 0.0010105509749317823 -0.0012412555047758814 -0.0024476528513533127 0.00098733671440098553 0.00094976131710404108 0.0011610191383986603 -0.0024311187257633144 0.0004061003795139899 0.001249510725784414 -0.00059786225427385588 -0.0010070571669895283 -0.0020750906137140335 -0.0013540988145803723
leaf_weight=4647 345 395 512 421 1121 1208 386 543 429 315 305 1068 301 475 352 548 353 599 320 486 470 691 304 3281 423 1680 469 722 3338 684 651 500 706 329 530 1260 419 712 558
leaf_count=4647 345 395 512 421 1121 1208 386 543 429 315 305 1068 301 475 352 548 353 599 320 486 470 691 304 3281 423 1680 469 722 3338 684 651 500 706 329 530 1260 419 712 558
internal_value=-1.729e-05 0.00128103 1.37558e-05 0.00229983 0.00124979 0.000604205 -0.00125937 0.00400539 -0.00200194 0.00283223 0.00566571 -0.000592957 -9.84459e-05 -0.00310893 -0.00528358 0.00101927 0.00240331 0.00152866 0.000871403 -0.00102454 -0.0012079 0.000504178 0.00168841 0.000103392 -0.00300284 0.000800901 -0.00134984 -0.00147008 -0.00165552 -0.000360795 0.00209391 -0.000258328 -0.00119072 -0.00122369 -0.0007648 -0.00125619 0.000253197 -0.00198101 -0.00175831
internal_weight=32856 10093 4498 5595 3463 3068 1507 2132 1930 1589 620 22763 12617 1501 697 969 1561 2568 2056 806 10146 8131 2056 6075 1114 4961 9676 9207 7985 1752 1250 1222 4486 804 2915 1966 949 1571 1270
internal_count=32856 10093 4498 5595 3463 3068 1507 2132 1930 1589 620 22763 12617 1501 697 969 1561 2568 2056 806 10146 8131 2056 6075 1114 4961 9676 9207 7985 1752 1250 1222 4486 804 2915 1966 949 1571 1270
is_linear=0
shrinkage=0.12


Tree=25
num_leaves=26
num_cat=0
split_feature=33 86 76 65 9 69 54 65 65 65 28 23 5 65 53 33 71 33 32 65 65 54 65 33 1
split_gain=1.76308 0.921795 0.906113 0.903193 0.808838 0.737975 0.689104 0.73861 1.35071 0.715624 0.662076 0.409562 0.381143 0.392369 0.551905 0.28073 0.274225 0.230854 0.202969 0.0928424 0.359206 0.198805 0.164803 0.0894366 0.0155441
threshold=1.2709285616874697 1.0000000180025095e-35 1.0000000180025095e-35 10.245832920074465 2.5000000000000004 19.500000000000004 0.12097945064306261 5.7156250476837167 4.0156250000000009 7.7406251430511483 60.676006317138679 10.733194828033449 0.69429999589920055 3.7656250000000004 0.021646101959049705 1.3283714652061465 -9.552513122558592 1.0791571140289309 0.22523313015699389 3.5906250476837163 4.2656250000000009 0.056418357416987426 6.2156250476837167 0.69714286923408519 255.59000396728518
decision_type=2 2 2 2 2 2 2 2 2 2 2 2 2 2 2 2 2 2 2 2 2 2 2 2 2
left_child=1 4 19 5 6 -2 16 8 -8 -9 -6 -5 -4 17 -15 -7 -1 -14 -18 21 -21 24 -22 -12 -3
right_child=3 2 12 11 10 15 7 9 -10 -11 23 -13 13 14 -16 -17 18 -19 -20 20 22 -23 -24 -25 -26
leaf_value=0.0017935593465301985 0.0085772212853885872 0.0018984885071358217 0.0028227128558982141 -0.002905510199924851 0.0072302396458458762 0.0012073126904940878 0.0012356970843852889 0.0032643843090614335 -0.0053349814764587118 -0.00013122638381253535 -0.0010552537048068187 0.0027332461204714093 -0.0016316388927065256 0.0016886151120019458 -0.0011106948397924129 0.0055310949186189225 -0.0030257642993414564 -0.0053897751641197832 -0.0015328560177396331 0.0057372330056395951 -2.6629525140393683e-05 -0.0018426371453476704 0.0019425693938896137 0.0016784109264500096 0.00088229244974042688
leaf_weight=317 535 695 478 374 302 537 836 1074 977 5325 300 368 890 1505 3110 362 1594 320 7396 325 742 322 3493 405 315
leaf_count=317 535 695 478 374 302 537 836 1074 977 5325 300 368 890 1505 3110 362 1594 320 7396 325 742 322 3493 405 315
internal_value=-1.10813e-05 -0.000244885 0.000565293 0.00328978 -0.000778196 0.00504839 -0.000968296 -0.000167081 -0.00230515 0.000438689 0.00252901 -0.00010893 -0.000434797 -0.000702108 -0.00019781 0.00294837 -0.00167525 -0.00262553 -0.00179756 0.00163515 0.0018926 0.000753786 0.00159755 0.000515149 0.00158156
internal_weight=32897 30721 12195 2176 18526 1434 17519 8212 1813 6399 1007 742 6303 5825 4615 899 9307 1210 8990 5892 4560 1332 4235 705 1010
internal_count=32897 30721 12195 2176 18526 1434 17519 8212 1813 6399 1007 742 6303 5825 4615 899 9307 1210 8990 5892 4560 1332 4235 705 1010
is_linear=0
shrinkage=0.12


Tree=26
num_leaves=28
num_cat=0
split_feature=4 82 82 1 54 9 64 6 21 44 71 9 65 67 1 80 67 58 46 49 57 68 54 14 21 1 64
split_gain=1.42636 0.907511 0.899731 1.2298 0.678588 0.880078 1.0068 0.558763 0.782 0.673735 0.859533 0.507931 0.47136 1.12144 0.81375 0.439711 0.381428 0.347369 0.27416 0.154471 0.157326 0.142297 0.115618 0.0793806 0.03848 0.0465573 0.020903
threshold=3.7098000049591069 0.37500000000000006 1.0000000180025095e-35 282.90499877929693 0.060745680704712875 1.5000000000000002 24.500000000000004 7.8247001171112069 1.4943291544914248 0.84687501192092907 56.960155487060554 2.5000000000000004 5.3093750476837167 1.0000000180025095e-35 205.61500549316409 0.37500000000000006 2.5000000000000004 2.5969617366790776 0.10649183392524721 0.44400580227375036 -27.88637542724609 18.500000000000004 0.090182472020387663 2.0464799404144292 3.3544334173202519 401.11499023437506 37.500000000000007
decision_type=2 2 2 2 2 2 2 2 2 2 2 2 2 2 2 2 2 2 2 2 2 2 2 2 2 2 2
left_child=2 -2 7 4 11 16 -7 8 9 10 -1 15 13 -10 -14 -4 -6 21 -3 20 -5 -9 -22 -23 26 -26 -21
right_child=1 18 3 19 5 6 -8 17 12 -11 -12 -13 14 -15 -16 -17 -18 -19 -20 24 22 23 -24 -25 25 -27 -28
leaf_value=-0.011588844339409548 0.009817737395310255 0.0048482065242581281 -0.001961690836661454 -0.002816041350886366 0.001266167325780032 0.0014193151674408936 0.0062425685076204201 0.0017974765073939544 2.4300588883320214e-05 -0.00026142374526611287 -0.0029027200089767574 0.0037436653850300501 0.0033668186827230644 -0.006550177962551528 -0.0013010854128088745 0.00091782997370470584 -0.00073436725336235495 0.0038384021038734631 0.00026030608743358476 -0.0028619913080000078 -0.00087836831277541259 -0.0024854815039768653 9.7243618919697614e-05 8.7459769010566886e-05 -0.00055669209500220729 -0.0017000383984537323 -0.0015478813577005091
leaf_weight=317 305 313 2125 399 5798 1555 1040 312 812 304 340 373 652 692 3070 1192 1798 403 468 405 3333 371 3681 323 809 1401 306
leaf_count=317 305 313 2125 399 5798 1555 1040 312 812 304 340 373 652 692 3070 1192 1798 403 468 405 3333 371 3681 323 809 1401 306
internal_value=-9.75156e-06 0.00426678 -0.000155749 0.000201688 0.000939558 0.00144443 0.00335233 -0.00129521 -0.00178636 -0.00493243 -0.00709374 -0.000454784 -0.00120784 -0.00300066 -0.000483387 -0.000926904 0.000792634 0.000861479 0.00209899 -0.000789445 -0.000498212 -0.000331065 -0.00036636 -0.00128799 -0.00152854 -0.0012815 -0.00229643
internal_weight=32897 1086 31811 24215 13881 10191 2595 7596 6187 961 657 3690 5226 1504 3722 3317 7596 1409 781 10334 7413 1006 7014 694 2921 2210 711
internal_count=32897 1086 31811 24215 13881 10191 2595 7596 6187 961 657 3690 5226 1504 3722 3317 7596 1409 781 10334 7413 1006 7014 694 2921 2210 711
is_linear=0
shrinkage=0.12


Tree=27
num_leaves=20
num_cat=0
split_feature=1 11 74 82 1 9 54 5 4 46 11 33 44 65 54 33 19 46 65
split_gain=1.24248 0.677077 0.647185 0.625043 0.739375 0.484155 0.629751 0.435837 0.609376 0.32109 0.318591 0.355802 0.241464 0.239762 0.222686 0.0993478 0.162281 0.0753172 0.028316
threshold=113.8050003051758 0.81494998931884777 0.82183450460433971 1.0000000180025095e-35 296.55999755859381 2.5000000000000004 0.060745680704712875 5.0233500003814706 1.4565500020980837 0.17636978626251223 1.5821499824523928 1.0553143024444582 0.50937500596046459 6.7218749523162851 0.26482206583023077 0.61807143688201915 38.419950485229499 0.10357155650854112 11.68593740463257
decision_type=2 2 2 2 2 2 2 2 2 2 2 2 2 2 2 2 2 2 2
left_child=9 2 -2 7 5 6 -5 8 14 17 -9 -12 -7 -10 -3 18 -17 -1 -6
right_child=1 3 -4 4 15 12 -8 10 13 -11 11 -13 -14 -15 -16 16 -18 -19 -20
leaf_value=0.0045255689877362016 0.0054314241836357843 -0.0010090346321258064 -0.0011274756219537103 -0.00095620712658277111 -0.0014482468062945154 0.0061270432344877578 0.00091289775471118024 -0.0033106764966773575 -0.0047325370958692155 0.0015992845676003277 -0.00024681210134996201 0.0033454606329944457 0.0018623792531099277 -0.0022665866628923635 0.0022564248284551829 -0.00067175137414952435 0.0015725807158547694 0.0072056147368722272 -0.00053869542270318491
leaf_weight=303 594 2174 341 3501 2826 302 10039 341 934 440 1610 527 521 1448 349 5240 509 301 597
leaf_count=303 594 2174 341 3501 2826 302 10039 341 934 440 1610 527 521 1448 349 5240 509 301 597
internal_value=-8.58137e-06 -0.000142094 0.00303935 -0.000238305 6.38915e-05 0.000601376 0.000429609 -0.00120163 -0.00185695 0.00406496 9.55406e-05 0.000639069 0.0034273 -0.0032335 -0.000557332 -0.000777789 -0.000473045 0.00586115 -0.00128961
internal_weight=32897 31853 935 30918 23535 14363 13540 7383 4905 1044 2478 2137 823 2382 2523 9172 5749 604 3423
internal_count=32897 31853 935 30918 23535 14363 13540 7383 4905 1044 2478 2137 823 2382 2523 9172 5749 604 3423
is_linear=0
shrinkage=0.12


Tree=28
num_leaves=25
num_cat=0
split_feature=85 6 64 23 9 86 80 50 28 85 44 11 62 53 64 60 74 44 17 82 74 52 61 64
split_gain=0.976715 0.667235 0.564479 0.765616 0.511681 0.540868 0.547353 0.500761 0.46241 0.420573 0.543338 0.387471 0.356575 0.435272 0.332212 0.31354 0.246255 0.238595 0.213633 0.14364 0.0742363 0.0796308 0.0574832 0.0542296
threshold=1.2709285616874697 8.3263001441955584 38.500000000000007 10.733194828033449 2.5000000000000004 1.0000000180025095e-35 0.37500000000000006 0.039084449410438545 62.055553436279304 1.1196714639663699 0.096875000745058074 0.81494998931884777 8.0911879539489764 0.041744885966181762 23.500000000000004 0.13125000149011615 0.80495184659957897 0.64687499403953563 1.5000000000000002 0.37500000000000006 1.2767888307571413 1.8843750357627871 0.68183496594429027 15.500000000000002
decision_type=2 2 2 2 2 2 2 2 2 2 2 2 2 2 2 2 2 2 2 2 2 2 2 2
left_child=4 2 16 -4 5 7 12 9 17 10 -1 -9 15 -14 -13 -7 18 -6 -2 -10 22 -22 -8 -21
right_child=1 -3 3 -5 8 6 20 11 19 -11 -12 14 13 -15 -16 -17 -18 -19 -20 23 21 -23 -24 -25
leaf_value=0.0022088672695358717 0.0037835609604775929 0.0074370369964872661 -0.0054295330915183565 0.0026242485808130973 0.0068659893903608646 -2.6199333054318151e-05 0.0012652500971691157 0.0037389078066177688 -0.0011501343697309493 -0.0060119527665021943 -0.0028129335329521786 -0.0014449472462619848 0.0045018950653607529 -0.00030916408264803377 -0.00020596313771621447 -0.0019791925990522751 0.0057258578831411739 0.0021194209303825582 -0.0001626461597637959 0.0027253363849572437 0.0016640523112820165 -0.0007978124553783835 0.0029236371144537032 0.00045861252496155145
leaf_weight=404 432 328 322 360 304 2579 4414 307 495 389 1337 4400 421 759 10682 2188 370 306 364 307 304 501 323 301
leaf_count=404 432 328 322 360 304 2579 4414 307 495 389 1337 4400 421 759 10682 2188 370 306 364 307 304 501 323 301
internal_value=-7.55161e-06 0.00244928 0.00156401 -0.00117827 -0.000181571 -0.000300581 0.000339274 -0.0007202 0.00183375 -0.00244468 -0.00164762 -0.000481514 -0.000460299 0.00140732 -0.000567422 -0.000922602 0.00316798 0.00448492 0.00197901 0.000367547 0.00119728 0.000131886 0.00137833 0.00160316
internal_weight=32897 2176 1848 682 30721 29008 11489 17519 1713 2130 1741 15389 5947 1180 15082 4767 1166 610 796 1103 5542 805 4737 608
internal_count=32897 2176 1848 682 30721 29008 11489 17519 1713 2130 1741 15389 5947 1180 15082 4767 1166 610 796 1103 5542 805 4737 608
is_linear=0
shrinkage=0.12


Tree=29
num_leaves=16
num_cat=0
split_feature=28 12 82 11 68 71 33 86 65 65 65 4 65 65 53
split_gain=0.810081 0.520645 0.501399 0.692657 0.718273 1.32018 0.546379 0.484602 0.464122 4.23598 1.56479 0.420303 0.106392 0.550086 0.214101
threshold=-70.25765228271483 9.763249874114992 0.37500000000000006 0.81494998931884777 5.5000000000000009 9.1645660400390643 1.2709285616874697 1.0000000180025095e-35 4.2656250000000009 3.4281250238418584 5.1093750000000009 3.008450031280518 3.4281250238418584 4.0156250000000009 -0.21382433921098706
decision_type=2 2 2 2 2 2 2 2 2 2 2 2 2 2 2
left_child=11 2 3 -2 5 -5 -6 8 9 -4 -10 -1 14 -14 -9
right_child=1 -3 7 4 6 -7 -8 12 10 -11 -12 -13 13 -15 -16
leaf_value=0.0013739292739559238 0.0049974827614436513 0.003810161916663442 -0.0010418074120024958 -0.0072303169708738922 -0.00069215507741925099 0.001039543141888008 0.00419190717896084 0.0010070073224327043 -0.0064441960304186885 0.010893679109724648 -0.00018585447096285617 0.0069675688712772825 0.0062496141988981936 0.0010480278317448206 -0.0026129244522741703
leaf_weight=447 301 483 2362 653 12197 484 339 1018 620 523 7981 341 313 4529 306
leaf_count=447 301 483 2362 653 12197 484 339 1018 620 523 7981 341 313 4529 306
internal_value=-6.64542e-06 -9.99315e-05 -0.000159647 -0.000696663 -0.000822015 -0.00370999 -0.00056008 0.000265475 -0.000195199 0.00112189 -0.000636985 0.00379453 0.00112362 0.00138427 0.000170377
internal_weight=32897 32109 31626 13974 13673 1137 12536 17652 11486 2885 8601 788 6166 4842 1324
internal_count=32897 32109 31626 13974 13673 1137 12536 17652 11486 2885 8601 788 6166 4842 1324
is_linear=0
shrinkage=0.12


Tree=30
num_leaves=27
num_cat=0
split_feature=32 6 12 9 50 65 65 33 65 65 65 80 32 44 54 50 21 12 53 49 67 58 1 8 65 65
split_gain=0.631315 0.69107 0.545676 0.524975 0.469097 0.46236 1.69462 0.769906 0.767567 0.673744 3.55817 0.545922 0.472767 0.456082 0.422205 0.453867 0.351813 0.482947 0.342743 0.321489 0.277104 0.202204 0.192825 0.189049 0.107837 0.131304
threshold=0.1368561536073685 8.0726499557495135 4.1643500328063974 2.5000000000000004 0.065011579543352141 5.8656251430511483 7.9093749523162851 0.87625712156295787 6.7218749523162851 4.0156250000000009 3.6437500715255742 1.0000000180025095e-35 0.22372391819953921 0.49687500298023229 0.11778192967176439 0.056836310774087913 0.81257498264312755 7.9690501689910898 0.021646101959049705 0.038182983174920089 1.0000000180025095e-35 3.045770645141602 363.77499389648443 1.0000000180025095e-35 3.2468750476837163 5.2187500000000009
decision_type=2 2 2 2 2 2 2 2 2 2 2 2 2 2 2 2 2 2 2 2 2 2 2 2 2 2
left_child=1 2 -1 5 -4 9 7 22 -9 10 20 12 -11 -5 19 -16 21 -18 -12 -8 -2 -6 -7 -13 -15 -26
right_child=3 -3 4 13 16 6 14 8 -10 11 18 23 -14 24 15 -17 17 -19 -20 -21 -22 -23 -24 -25 25 -27
leaf_value=-0.0037763592052300842 -0.00082203053103889674 0.0061374281432098618 -0.0025426192298651702 0.0052456207641180148 0.0070317582744173698 0.0013917330240846685 -0.0039936358893009173 0.0013170702458774775 0.0064193707019943513 -0.0081302510894544541 0.0056112122908877583 7.2884096780390832e-05 -0.0029121231159171999 -0.00069151114115441684 -0.0022427174581642305 0.00040904315984032418 -0.0010112371667242654 0.0048398900297096197 0.011314373525677308 -0.00091253942307956788 -0.0031421636430719077 0.0026404182087265467 -0.0016571936334086651 -0.0032723442047749795 0.0034466275625924967 0.00025249865507103684
leaf_weight=306 4731 440 310 437 300 1138 527 733 1009 303 301 1117 1430 472 1053 7921 572 315 306 6533 879 304 405 311 324 433
leaf_count=306 4731 440 310 437 300 1138 527 733 1009 303 301 1117 1430 472 1053 7921 572 315 306 6533 879 304 405 311 324 433
internal_value=-2.71985e-06 0.00181195 0.000908673 -0.000154944 0.00170469 -0.000275169 6.0426e-05 0.00254344 0.00427242 -0.000966507 -0.000241244 -0.00239294 -0.00382447 0.00191596 -0.000448286 9.78883e-05 0.00258776 0.00106667 0.00848628 -0.00114253 -0.00118556 0.00482155 0.000591464 -0.000655664 0.000732015 0.0016196
internal_weight=32910 2547 2107 30363 1801 28697 19319 3285 1742 9378 6217 3161 1733 1666 16034 8974 1491 887 607 7060 5610 604 1543 1428 1229 757
internal_count=32910 2547 2107 30363 1801 28697 19319 3285 1742 9378 6217 3161 1733 1666 16034 8974 1491 887 607 7060 5610 604 1543 1428 1229 757
is_linear=0
shrinkage=0.12


Tree=31
num_leaves=17
num_cat=0
split_feature=7 22 33 50 7 65 54 21 54 9 65 65 11 54 80 80
split_gain=0.529445 0.629535 0.514325 0.608926 0.51935 0.770202 0.40772 0.675219 0.389184 0.380658 0.456803 0.518907 0.310972 0.253665 0.262676 0.239583
threshold=12.887683868408205 1.6062750220298769 1.1430857181549074 0.041769770905375488 3.5715675354003911 11.302083492279055 0.1051728129386902 1.9138000011444094 0.16532344371080401 1.5000000000000002 1.0562499761581423 6.4531250000000009 2.2202500104904179 0.56676930189132702 0.62500000000000011 1.0000000180025095e-35
decision_type=2 2 2 2 2 2 2 2 2 2 2 2 2 2 2 2
left_child=1 6 9 15 8 -6 12 -8 -5 13 -11 -12 -1 14 -3 -4
right_child=-2 2 3 4 5 -7 7 -9 -10 10 11 -13 -14 -15 -16 -17
leaf_value=-0.0021754897129826816 -0.003897311136055963 -0.00088845362575057894 -0.0045536250876702204 0.0017696008971775684 0.001388945695515308 -0.0034412297065457547 0.0084230114736967478 0.0010710851789795894 0.0054564468926990321 0.0044316515280373664 -0.00046037911704996571 0.0019100560049440563 0.00302231039248264 0.0028585502162804559 0.00016312685080518302 -2.5982069095334736e-05
leaf_weight=333 495 13671 355 1186 2615 581 340 382 632 397 4521 1884 330 306 4562 320
leaf_count=333 495 13671 355 1186 2615 581 340 382 632 397 4521 1884 330 306 4562 320
internal_value=-2.39347e-06 5.70847e-05 -5.46408e-05 0.000976465 0.00143198 0.000510869 0.00256022 0.00453321 0.00305128 -0.000286122 0.000481702 0.000236873 0.000411651 -0.000567838 -0.000625342 -0.00240719
internal_weight=32910 32415 31030 5689 5014 3196 1385 722 1818 25341 6802 6405 663 18539 18233 675
internal_count=32910 32415 31030 5689 5014 3196 1385 722 1818 25341 6802 6405 663 18539 18233 675
is_linear=0
shrinkage=0.12


Tree=32
num_leaves=16
num_cat=0
split_feature=45 46 16 69 65 65 50 82 67 5 45 7 22 32 65
split_gain=0.447115 0.498508 0.40769 0.502207 0.872458 1.4216 0.485293 0.418406 0.750132 0.40008 0.333385 0.258038 0.30059 0.303393 0.191573
threshold=0.20311233401298526 0.31052905321121221 1.0000000180025095e-35 69.500000000000014 8.0031251907348651 6.6718750000000009 0.068410228937864317 0.37500000000000006 1.0000000180025095e-35 0.24024999886751178 0.20837951451539996 12.887683868408205 1.0217667222023012 0.21621672064065936 3.9281250238418584
decision_type=2 2 2 2 2 2 2 2 2 2 2 2 2 2 2
left_child=1 2 -1 4 5 -4 -6 8 -5 -2 -11 12 -12 -14 -9
right_child=9 -3 3 7 6 -7 -8 14 -10 10 11 -13 13 -15 -16
leaf_value=0.0043172209899191953 0.0034497248892881292 0.0043367994919724052 0.00096202650054664357 0.00011014536708347131 -0.0036834400957816388 0.011020826037443121 0.00083230305481592594 0.0010502494722197404 -0.0065527083340957259 -0.0033289938107817223 0.0034672892664963915 -0.0034393111892654497 0.0023853950074432728 -0.00029709835338460238 -0.0022104097421698794
leaf_weight=390 419 547 579 534 407 311 2169 1106 447 509 321 355 623 23854 339
leaf_count=390 419 547 579 534 407 311 2169 1106 447 509 321 355 623 23854 339
internal_value=-2.10625e-06 0.000862285 0.000559745 0.000311032 0.00123791 0.00447696 0.00011883 -0.00101319 -0.00292583 -0.000228437 -0.000288493 -0.000226965 -0.000180978 -0.000228822 0.000285292
internal_weight=32910 6829 6282 5892 3466 890 2576 2426 981 26081 25662 25153 24798 24477 1445
internal_count=32910 6829 6282 5892 3466 890 2576 2426 981 26081 25662 25153 24798 24477 1445
is_linear=0
shrinkage=0.12


Tree=33
num_leaves=24
num_cat=0
split_feature=9 50 45 68 80 28 68 82 64 2 44 9 48 60 64 60 28 74 50 54 82 2 45
split_gain=0.382997 0.37606 0.494106 0.516205 0.368613 0.358496 0.404826 0.312973 0.394648 0.295328 0.35255 0.351019 0.247267 0.417526 0.567551 0.279515 0.276067 0.205361 0.146512 0.145704 0.0901678 0.0626373 0.0641391
threshold=2.5000000000000004 0.045546274632215507 0.20311233401298526 16.500000000000004 0.37500000000000006 62.055553436279304 13.500000000000002 1.0000000180025095e-35 24.500000000000004 0.38865000009536749 0.23437500000000003 1.5000000000000002 1.8906250000000002 3.4250000715255742 24.500000000000004 4.6718750000000009 37.246505737304695 10.115945816040041 0.14655888080596927 0.18130970746278766 0.37500000000000006 0.50045999884605419 0.18527290225028994
decision_type=2 2 2 2 2 2 2 2 2 2 2 2 2 2 2 2 2 2 2 2 2 2 2
left_child=1 4 3 7 9 6 -2 8 -3 11 -11 -1 13 14 -4 -15 -14 -9 -18 -12 -7 22 -6
right_child=5 2 12 -5 21 20 -8 17 -10 10 19 -13 16 15 -16 -17 18 -19 -20 -21 -22 -23 -24
leaf_value=-0.0018635345627209204 0.001307898449504411 -0.0045830580317193555 -0.00051621963339105667 0.0051160045894122303 0.0003198667314683377 -0.00087021475712688572 0.0071290857390718734 0.0016735919062977182 0.00052039091720599943 0.0021966973540691447 -0.0012856465231837865 -0.0068432621850420235 -0.0044693581575440964 -0.0020571425687885142 0.0010675465208325853 -0.00032365169234190694 -0.0018168774664455581 -0.0014237525552117975 0.00041582017113012083 -0.0040890080372204627 0.001341491816745418 -0.00034543221777082411 0.0025695943601937439
leaf_weight=571 398 315 5942 436 398 488 303 2966 710 395 1721 317 354 1877 7214 4677 917 344 786 316 582 546 337
leaf_count=571 398 315 5942 436 398 488 303 2966 710 395 1721 317 354 1877 7214 4677 917 344 786 316 582 546 337
internal_value=-1.8535e-06 -9.9481e-05 7.41589e-05 0.00118015 -0.00110101 0.0017147 0.00382405 0.000784295 -0.00104799 -0.0017682 -0.0010843 -0.00364121 -0.000168258 -3.75988e-05 0.000352227 -0.000820106 -0.00142022 0.00135169 -0.000786402 -0.00172053 0.000332788 0.000628145 0.00135137
internal_weight=32910 31139 26538 4771 4601 1771 701 4335 1025 3320 2432 888 21767 19710 13156 6554 2057 3310 1703 2037 1070 1281 735
internal_count=32910 31139 26538 4771 4601 1771 701 4335 1025 3320 2432 888 21767 19710 13156 6554 2057 3310 1703 2037 1070 1281 735
is_linear=0
shrinkage=0.12


Tree=34
num_leaves=14
num_cat=0
split_feature=7 22 32 21 9 1 74 71 71 21 83 50 78
split_gain=0.360872 0.408929 0.363367 0.325664 0.323065 0.324588 0.314419 0.267398 0.267222 0.254685 0.19339 0.165186 0.127837
threshold=12.887683868408205 1.6062750220298769 0.075291432440280928 1.0680500268936159 2.5000000000000004 211.93000030517581 0.31885372102260595 -10.486713409423826 19999989.000000004 2.0457582473754887 1.0000000180025095e-35 0.10514783114194871 1.0000000180025095e-35
decision_type=2 2 2 2 2 2 2 2 2 2 2 2 2
left_child=1 6 3 -3 7 -6 11 -4 -9 -8 -5 -1 -7
right_child=-2 2 4 10 5 12 9 8 -10 -11 -12 -13 -14
leaf_value=0.0021403340909414495 -0.0032172488965331023 0.0048968295512132609 0.0029009135209721849 -0.0016747193384600092 0.0041369572653637372 -0.00026659691449788179 0.0064608085859633449 -0.00034418809164335387 0.0013621195376184467 0.0016198174133580522 0.0024600673329939942 -0.0014018964513272056 0.0025803375133315546
leaf_weight=391 495 391 391 307 479 907 315 26514 1391 311 347 368 303
leaf_count=391 495 391 391 307 479 907 315 26514 1391 311 347 368 303
internal_value=-1.63108e-06 4.74737e-05 -4.25727e-05 0.0021571 -0.000119233 0.00149298 0.0020649 -0.000215466 -0.000259133 0.00405578 0.00051912 0.000422889 0.000446313
internal_weight=32910 32415 31030 1045 29985 1689 1385 28296 27905 626 654 759 1210
internal_count=32910 32415 31030 1045 29985 1689 1385 28296 27905 626 654 759 1210
is_linear=0
shrinkage=0.12


Tree=35
num_leaves=18
num_cat=0
split_feature=18 6 54 49 15 62 50 65 65 4 65 65 80 2 45 53 65
split_gain=0.467941 0.428431 0.319258 0.509304 0.55242 0.498933 0.3991 0.344619 0.864003 0.758664 0.357835 0.333934 0.254118 0.297182 0.237272 0.172416 0.135282
threshold=0.47812499105930334 10.948400020599367 0.11548951268196107 0.038182983174920089 5.5389294624328622 3.7250210046768193 0.056836310774087913 7.9093749523162851 6.5468750000000009 1.8781500458717348 4.1781251430511483 6.7656250000000009 1.0000000180025095e-35 0.53687998652458202 0.29780492186546331 0.11551387235522272 9.0781250000000018
decision_type=2 2 2 2 2 2 2 2 2 2 2 2 2 2 2 2 2
left_child=1 2 7 4 -4 -6 14 8 10 -10 -1 -8 13 -9 -5 -2 -14
right_child=15 -3 3 6 5 -7 11 12 9 -11 -12 -13 16 -15 -16 -17 -18
leaf_value=0.0001313506990088776 0.0042781660786827382 -0.0042297879571066089 0.0065161631976648629 -0.0045642958550564721 -9.7313279841920939e-05 0.0038910912467459533 -0.00066368754070462966 -0.0028855839761417366 0.0010912577175468117 0.0078522081766277552 -0.0017230491420197531 0.0007333333617402574 -0.002292306418974324 -0.00071969483942085574 -0.00095637798877304468 0.00063375681670991212 -2.053753531529641e-05
leaf_weight=5879 488 353 333 337 1345 680 3533 1688 749 351 2011 8142 429 1985 1187 303 3142
leaf_count=5879 488 353 333 337 1345 680 3533 1688 749 351 2011 8142 429 1985 1187 303 3142
internal_value=-1.29201e-06 -7.22476e-05 -2.60832e-05 0.00036238 0.00198683 0.001242 7.21724e-05 -0.000398346 9.79573e-05 0.00324862 -0.000341298 0.000310577 -0.00101427 -0.00171507 -0.00175419 0.00288214 -0.000293455
internal_weight=32935 32144 31791 15557 2358 2025 13199 16234 8990 1100 7890 11675 7244 3673 1524 791 3571
internal_count=32935 32144 31791 15557 2358 2025 13199 16234 8990 1100 7890 11675 7244 3673 1524 791 3571
is_linear=0
shrinkage=0.12


Tree=36
num_leaves=13
num_cat=0
split_feature=18 14 5 50 28 62 11 80 22 54 74 11
split_gain=0.37538 0.341352 0.279497 0.285563 0.447856 0.398893 0.236461 0.23547 0.231247 0.137946 0.119026 0.0617064
threshold=0.47187499701976782 1.0000000180025095e-35 0.24024999886751178 0.065864037722349181 -61.133949279785149 9.9476094245910662 1.0701500177383425 0.37500000000000006 2.3398416042327885 0.17750073224306109 0.43705143034458166 2.9351500272750859
decision_type=2 2 2 2 2 2 2 2 2 2 2 2
left_child=1 -1 -3 7 6 -6 -5 8 -4 11 -9 -2
right_child=9 2 3 4 5 -7 -8 10 -10 -11 -12 -13
leaf_value=-0.0036788658867574564 0.00044168357205775019 0.0028027090745147798 0.00099614184783033727 0.0054138644516933711 -0.00022462010902681237 0.0010531540329064503 0.0013569778491446442 0.00080575875251994637 -0.0014262481425376748 0.0043572572427428811 -0.0014997373504215795 0.0026629152275289935
leaf_weight=374 444 493 644 310 18220 4360 622 1681 4776 309 399 303
leaf_count=374 444 493 644 310 18220 4360 622 1681 4776 309 399 303
internal_value=-1.13697e-06 -7.48709e-05 -3.20874e-05 -7.71524e-05 0.000128509 2.21069e-05 0.00270637 -0.000721888 -0.00113842 0.00222478 0.000363503 0.00134267
internal_weight=32935 31879 31505 31012 23512 22580 932 7500 5420 1056 2080 747
internal_count=32935 31879 31505 31012 23512 22580 932 7500 5420 1056 2080 747
is_linear=0
shrinkage=0.12


Tree=37
num_leaves=30
num_cat=0
split_feature=82 59 67 65 65 65 65 65 65 80 49 65 58 27 71 11 12 54 54 8 52 64 11 44 1 9 80 65 64
split_gain=0.287337 0.418983 0.366881 0.351092 3.42503 1.3541 0.647573 0.709522 0.738709 0.482237 0.436775 0.435344 0.318981 0.289855 0.274232 0.302774 0.434459 0.246264 0.230529 0.160696 0.156969 0.124476 0.0981202 0.0812331 0.271619 0.417993 0.066778 0.107665 0.0688597
threshold=1.0000000180025095e-35 1.0000000180025095e-35 2.5000000000000004 3.3343750238418584 4.0156250000000009 3.6437500715255742 5.5656249523162851 7.9093749523162851 6.7218749523162851 1.0000000180025095e-35 0.18954253941774371 9.0781250000000018 4.2926993370056161 72.229507446289077 19999985.000000004 3.7080999612808232 6.1062500476837167 0.13177064806222918 0.076171018183231368 1.0000000180025095e-35 2.1468750238418584 40.500000000000007 3.4410499334335332 0.50937500596046459 181.58999633789065 1.5000000000000002 0.37500000000000006 1.5437499880790713 6.5000000000000009
decision_type=2 2 2 2 2 2 2 2 2 2 2 2 2 2 2 2 2 2 2 2 2 2 2 2 2 2 2 2 2
left_child=1 2 14 18 5 -5 9 8 -8 10 -6 -9 21 -4 15 16 -1 -7 23 -11 -17 -3 -20 24 -2 -26 27 -25 -28
right_child=3 12 13 4 6 17 7 11 -10 19 -12 -13 -14 -15 -16 20 -18 -19 22 -21 -22 -23 -24 26 25 -27 28 -29 -30
leaf_value=-0.00018745523843673715 -0.0018043197346752789 0.0016464952331238202 -0.0062748475943777225 0.0018213904129349557 -0.0076057018991279347 0.012903280600760167 8.0833410116203276e-05 -0.0019372796889662927 0.0035892857725692245 0.00030037717862526074 -0.0021521153241753728 0.00017457829698409294 0.0043391739991891784 -0.0013975950581099808 0.0023781861980535961 0.0023796076496540933 -0.002604660428101055 0.0081465996843623472 -0.0034552177104252499 -0.0027312010240628623 -0.0003346703109038443 -0.001477272614296949 -0.0010679005895376163 -0.0030633279448209743 -0.00088891220062258045 0.0039578368990179852 0.0015597974424426202 -0.00066240170738274165 -0.00076739010914799669
leaf_weight=2148 544 361 317 420 301 327 1713 1597 1744 1142 711 11729 380 393 392 495 2135 301 535 323 807 374 462 352 517 508 302 1140 465
leaf_count=2148 544 361 317 420 301 327 1713 1597 1744 1142 711 11729 380 393 392 495 2135 301 535 323 807 374 462 352 517 508 302 1140 465
internal_value=-1.00053e-06 -0.000637162 -0.000996248 0.000196482 0.0004151 0.00709588 5.15762e-05 0.000318893 0.00185079 -0.00175964 -0.00377418 -7.85087e-05 0.00151639 -0.00357519 -0.000689899 -0.000905242 -0.00139239 0.0106234 -0.000723659 -0.000368019 0.000697256 5.69862e-05 -0.00234896 -0.000300351 0.000362947 0.00151318 -0.000761048 -0.00122884 0.000148921
internal_weight=32935 7802 6687 25133 20308 1048 19260 16783 3457 2477 1012 13326 1115 710 5977 5585 4283 628 4825 1465 1302 735 997 3828 1569 1025 2259 1492 767
internal_count=32935 7802 6687 25133 20308 1048 19260 16783 3457 2477 1012 13326 1115 710 5977 5585 4283 628 4825 1465 1302 735 997 3828 1569 1025 2259 1492 767
is_linear=0
shrinkage=0.12


Tree=38
num_leaves=14
num_cat=0
split_feature=20 15 64 64 5 22 28 52 82 68 56 49 13
split_gain=0.298353 0.266882 0.257763 0.234059 0.229417 0.230777 0.360784 0.425228 0.257526 0.476226 0.301245 0.196937 0.14298
threshold=0.47187499701976782 1.9685189723968508 38.500000000000007 19.500000000000004 8.6448998451232928 9.1575999259948748 72.17767715454103 2.1843750476837163 0.62500000000000011 2.5000000000000004 3.3531249761581425 0.2941355705261231 -1.1977000236511228
decision_type=2 2 2 2 2 2 2 2 2 2 2 2 2
left_child=1 -1 3 -2 5 8 7 -7 9 -3 -10 -8 -6
right_child=2 4 -4 -5 12 6 11 -9 10 -11 -12 -13 -14
leaf_value=-0.003310867448471528 0.00095423909120551597 0.0032317691242787984 -0.0005960360988368573 0.0053853774613178964 0.0041183138164112617 0.0054682021400401654 -0.0028485480961101648 -0.00018447931550729732 0.00046548032177997164 -0.00065376519725706642 -0.00083574684741350683 0.0010097660444964378 0.00044391146520901396
leaf_weight=361 318 470 365 373 304 467 307 325 12047 13536 3254 502 306
leaf_count=361 318 470 365 373 304 467 307 325 12047 13536 3254 502 306
internal_value=-8.80471e-07 -6.66156e-05 0.00198356 0.00334616 -2.94567e-05 -7.49392e-05 0.00132798 0.0031486 -0.000151579 -0.000523378 0.000188754 -0.00045439 0.00227509
internal_weight=32935 31879 1056 691 31518 30908 1601 792 29307 14006 15301 809 610
internal_count=32935 31879 1056 691 31518 30908 1601 792 29307 14006 15301 809 610
is_linear=0
shrinkage=0.12


Tree=39
num_leaves=21
num_cat=0
split_feature=54 50 62 48 46 17 54 54 56 48 0 82 64 45 56 20 74 56 21 32
split_gain=0.247751 0.236855 0.360975 0.753936 0.382411 0.350762 0.339687 0.318131 0.343633 0.292585 0.260442 0.253777 0.237115 0.197708 0.16736 0.158862 0.208656 0.412812 0.328798 0.0942003
threshold=0.65601646900177013 0.13061334937810901 10.826245784759523 1.1468749642372134 0.26764851808547979 1.5000000000000002 0.11548951268196107 0.21298184245824817 0.61562499403953563 1.8906250000000002 5.7355999946594247 0.62500000000000011 20.500000000000004 0.3960928767919541 1.3312500119209292 0.46562500298023229 0.26226611435413366 3.3531249761581425 0.57719999551773082 0.4603585153818131
decision_type=2 2 2 2 2 2 2 2 2 2 2 2 2 2 2 2 2 2 2 2
left_child=1 9 5 -4 6 7 -5 13 -9 15 12 -12 -7 -3 -11 16 18 -18 -1 -16
right_child=-2 2 3 4 -6 10 -8 8 -10 14 11 -13 -14 -15 19 -17 17 -19 -20 -21
leaf_value=0.0039953916734223726 0.0033377863486579833 0.0011443844898003856 0.0072169498600391973 -0.0014848280250042514 0.0044163850785743147 -0.00030547619523860106 0.0016837037014967506 0.0010592267338715112 0.0054980604710569243 -0.0035926432723644096 -0.0014722792214422779 1.9302301672516892e-05 0.0042629447854501774 -0.00057858202091643082 0.00045964972844791686 0.0018333775014071861 -0.00031906111429579016 -0.0027833079984900255 -3.3838931526442622e-05 -0.0021832925776016743
leaf_weight=301 317 1981 304 919 367 357 1037 712 388 569 3232 3340 302 1859 382 541 5038 1215 9379 395
leaf_count=301 317 1981 304 919 367 357 1037 712 388 569 3232 3340 302 1859 382 541 5038 1215 9379 395
internal_value=-7.74812e-07 -3.32208e-05 0.00032163 0.00159734 0.000861927 4.62802e-05 0.000195012 0.00082568 0.00262492 -0.000327895 -0.000486182 -0.000714233 0.00178809 0.000310271 -0.002029 -0.000188907 -0.000257573 -0.000797881 9.14502e-05 -0.000883931
internal_weight=32935 32618 14798 2627 2323 12171 1956 4940 1100 17820 7231 6572 659 3840 1346 16474 15933 6253 9680 777
internal_count=32935 32618 14798 2627 2323 12171 1956 4940 1100 17820 7231 6572 659 3840 1346 16474 15933 6253 9680 777
is_linear=0
shrinkage=0.12


Tree=40
num_leaves=16
num_cat=0
split_feature=54 2 46 48 56 56 56 74 2 65 85 58 11 60 57
split_gain=0.380719 0.328699 0.268094 0.256813 0.252582 0.624305 0.560188 0.576705 0.294426 0.245317 0.21181 0.178695 0.127986 0.12472 0.0974164
threshold=0.65601646900177013 0.21903000026941302 0.17119563370943072 1.8906250000000002 3.3531249761581425 4.1312499046325692 2.5781250000000004 0.46291334927082067 0.28566999733448034 6.3656251430511483 1.0848714113235476 1.2373107075691225 3.5072500705718999 1.8781250119209292 -1.5402243137359617
decision_type=2 2 2 2 2 2 2 2 2 2 2 2 2 2 2
left_child=1 2 -1 4 6 11 9 -8 -7 -3 12 -6 14 -14 -5
right_child=-2 3 -4 10 5 8 7 -9 -10 -11 -12 -13 13 -15 -16
leaf_value=0.0048326838447864551 0.0042198981534056056 -0.00034515699155859792 -3.0667414993513372e-05 0.00060599706355849402 -0.00028669532032772832 -0.0031278675019415858 0.00083085570219003889 0.005299627900603684 0.00024253972116236588 0.00050059089394533342 -0.0034294121391403244 -0.0033759986271857047 -0.0034589385013238222 -0.00030759044996907573 -0.0014630218730653051
leaf_weight=358 305 11555 300 1006 344 403 1463 581 5052 8625 504 1247 393 335 486
leaf_count=358 305 11555 300 1006 344 403 1463 581 5052 8625 504 1247 393 335 486
internal_value=-1.22453e-07 -3.95414e-05 0.00261535 -9.41428e-05 9.57362e-06 -0.000616479 0.00020806 0.00210109 -6.45645e-06 1.63185e-05 -0.0012086 -0.00270804 -0.000704415 -0.0020088 -6.79595e-05
internal_weight=32957 32652 658 31994 29270 7046 22224 2044 5455 20180 2724 1591 2220 728 1492
internal_count=32957 32652 658 31994 29270 7046 22224 2044 5455 20180 2724 1591 2220 728 1492
is_linear=0
shrinkage=0.12


Tree=41
num_leaves=26
num_cat=0
split_feature=54 50 74 65 65 33 82 69 21 74 46 28 46 21 18 30 74 40 48 56 9 54 1 65 28
split_gain=0.294829 0.28153 0.351387 0.380626 0.943471 0.360617 0.493785 0.305394 0.404171 0.431477 0.266252 0.262033 0.464153 0.45741 0.364242 0.328876 0.244722 0.153965 0.147716 0.143629 0.122235 0.103707 0.157906 0.0945468 0.0690137
threshold=0.65601646900177013 0.13061334937810901 0.26226611435413366 7.5843751430511483 6.8781249523162851 1.1025857329368594 0.37500000000000006 24.500000000000004 2.2967000007629399 0.18002600967884066 0.08157720044255258 110.91683959960939 0.2777406126260758 3.6528166532516484 0.16250000149011615 0.73437500000000011 8.3939857482910174 0.34049911797046667 1.7343750000000002 3.5906250476837163 2.5000000000000004 0.25934574007987982 347.22000122070318 11.513541698455812 170.56195831298831
decision_type=2 2 2 2 2 2 2 2 2 2 2 2 2 2 2 2 2 2 2 2 2 2 2 2 2
left_child=1 2 7 4 10 16 -7 8 9 -1 -4 12 13 14 -3 -14 -5 21 20 -10 -9 23 -23 -13 -19
right_child=-2 11 3 5 -6 6 -8 18 19 -11 -12 17 15 -15 -16 -17 -18 24 -20 -21 -22 22 -24 -25 -26
leaf_value=0.0035830066073341566 0.0037135103528357308 -0.0035267098522561947 -0.003444183499160927 -0.00066816854147827673 0.0054249995070554989 -0.0059631139296234224 -0.001211951142855156 -0.00038233389553768432 0.00065713935780686925 -0.0011253604658523113 2.6929016987711103e-05 -0.0002388988736352522 0.0059437712788466901 0.0038770930592595091 0.0004189105639086582 0.0014303086607271921 -0.0037641472527412353 0.0028410472092739404 -0.0024078482855130591 -0.001826617913124391 0.0010767002643711041 0.0029741555823240475 -0.00067927103460141305 -0.0013376713858966566 0.00034257796464737982
leaf_weight=1186 305 356 431 3987 431 549 739 5705 831 367 1216 3759 395 528 6285 565 405 313 454 562 967 315 371 1611 324
leaf_count=1186 305 356 431 3987 431 549 739 5705 831 367 1216 3759 395 528 6285 565 405 313 454 562 967 315 371 1611 324
internal_value=-1.07758e-07 -3.47964e-05 -0.000356064 -0.000963054 0.000426601 -0.00147145 -0.0032371 0.000111473 0.00113916 0.00247034 -0.000881419 0.00035167 0.000809492 0.000477675 0.0002074 0.00328741 -0.000953658 -0.00020438 -0.000313389 -0.000344922 -0.00017087 -0.000391044 0.000998323 -0.000568531 0.00157024
internal_weight=32957 32652 17830 7758 2078 5680 1288 10072 2946 1553 1647 14822 8129 7169 6641 960 4392 6693 7126 1393 6672 6056 686 5370 637
internal_count=32957 32652 17830 7758 2078 5680 1288 10072 2946 1553 1647 14822 8129 7169 6641 960 4392 6693 7126 1393 6672 6056 686 5370 637
is_linear=0
shrinkage=0.12


Tree=42
num_leaves=18
num_cat=0
split_feature=52 52 4 74 82 54 12 1 53 67 48 65 28 54 0 54 0
split_gain=0.268656 0.346333 0.30343 0.418562 0.448475 0.216926 0.338881 0.248184 0.198042 0.242627 0.157137 0.191095 0.174493 0.128572 0.0762917 0.0724979 0.051289
threshold=2.5656249523162846 2.5406249761581425 2.0245000123977666 0.72111883759498607 0.37500000000000006 0.45587477087974554 5.2811498641967782 109.51499938964845 0.011054978240281345 1.5000000000000002 1.8468750119209292 3.4281250238418584 16.166898727416996 0.14852993935346606 14.682600021362306 0.20899213105440143 8.7221503257751483
decision_type=2 2 2 2 2 2 2 2 2 2 2 2 2 2 2 2 2
left_child=1 5 8 4 -4 7 -7 -1 9 -2 11 -9 -12 -5 15 16 -10
right_child=2 -3 3 13 -6 6 -8 10 14 -11 12 -13 -14 -15 -16 -17 -18
leaf_value=0.0025215557057918776 -0.0013602627920612815 0.003222724542490596 -0.006533496990116433 -0.0015365490066104629 -0.00095999883089965073 0.0052032255923608311 0.00022649560619765431 -0.00053918014176361625 0.00034064645466407858 0.0028488351355910159 -0.0028142928454811525 0.00023613723794688082 -0.00036077239360476936 0.0018313981229483034 -0.0023118018759026439 0.0011135226642959807 -0.0014891599923008165
leaf_weight=557 305 512 465 358 376 300 574 6058 319 558 576 18735 1516 300 401 332 715
leaf_count=557 305 512 465 358 376 300 574 6058 319 558 576 18735 1516 300 401 332 715
internal_value=-9.48278e-08 0.00012957 -0.00090539 -0.00226798 -0.00404166 7.36402e-05 0.00193476 1.43656e-05 -0.000128767 0.00136126 -3.7578e-05 4.66937e-05 -0.00103631 -1.0108e-06 -0.000856495 -0.000429278 -0.000924645
internal_weight=32957 28828 4129 1499 841 28316 874 27442 2630 863 26885 24793 2092 658 1767 1366 1034
internal_count=32957 28828 4129 1499 841 28316 874 27442 2630 863 26885 24793 2092 658 1767 1366 1034
is_linear=0
shrinkage=0.12


Tree=43
num_leaves=21
num_cat=0
split_feature=52 52 11 82 27 5 50 58 69 57 28 50 28 53 67 60 57 54 33 82
split_gain=0.208047 0.2682 0.220985 0.259115 0.33836 0.213789 0.212617 0.25239 0.327019 0.313423 0.203693 0.554957 0.216241 0.142385 0.176191 0.0950565 0.0618674 0.0460984 0.0620719 0.0591486
threshold=2.5656249523162846 2.5406249761581425 2.4716500043869023 0.62500000000000011 90.671081542968764 0.24024999886751178 0.1299017816781998 0.24592784047126773 24.500000000000004 -3.0350780487060542 35.557010650634773 0.14514698088169101 46.027914047241218 0.011054978240281345 1.5000000000000002 2.0343749523162846 -0.52699461579322804 0.13785820454359057 0.61035713553428661 0.62500000000000011
decision_type=2 2 2 2 2 2 2 2 2 2 2 2 2 2 2 2 2 2 2 2
left_child=1 5 3 4 -2 -1 7 8 -7 -9 11 -8 -12 14 -4 -5 17 18 -15 -19
right_child=2 -3 13 15 -6 6 10 9 -10 -11 12 -13 -14 16 -16 -17 -18 19 -20 -21
leaf_value=0.0025651925874175625 -0.0057130374954820259 0.0028359975313105678 -0.0011970312797357557 -0.0019838448627280806 -0.00047720135123069791 0.0015641169640530821 0.0048377834081748559 -6.9817200015482623e-05 -0.00024785244241341597 -0.0016291259097844346 -0.0029092410240242933 0.00056382231812675309 0.00016732833462996993 -0.00070958756880662606 0.0023864175165121885 0.00074188267716449009 0.00077779920067089182 -0.0015041747231860463 -0.0027927379343478578 0.00082225870162127884
leaf_weight=484 434 512 305 318 301 1907 495 4091 5786 3398 343 3765 8047 447 561 438 313 306 382 324
leaf_count=484 434 512 305 318 301 1907 495 4091 5786 3398 343 3765 8047 447 561 438 313 306 382 324
internal_value=-8.34501e-08 0.000114021 -0.000796744 -0.00196446 -0.00356884 6.48034e-05 2.13215e-05 -0.000281432 0.000201312 -0.000777326 0.000384673 0.00106044 4.1552e-05 -0.000136748 0.00112435 -0.000404654 -0.000753062 -0.00108148 -0.0016695 -0.000307723
internal_weight=32957 28828 4129 1491 735 28316 27832 15182 7693 7489 12650 4260 8390 2638 866 756 1772 1459 829 630
internal_count=32957 28828 4129 1491 735 28316 27832 15182 7693 7489 12650 4260 8390 2638 866 756 1772 1459 829 630
is_linear=0
shrinkage=0.12


Tree=44
num_leaves=28
num_cat=0
split_feature=6 65 65 65 21 65 65 65 82 74 11 82 23 1 71 18 53 53 74 46 52 56 5 68 33 18 18
split_gain=0.177325 0.193238 0.52544 0.75963 0.868598 0.582408 0.558862 2.41812 1.97571 0.514768 0.387667 0.545445 1.22945 0.43302 0.385847 0.352066 0.3002 0.282859 0.277329 0.277042 0.272875 0.257483 0.229515 0.197875 0.103953 0.18846 0.115903
threshold=10.948400020599367 10.613541603088381 6.3656251430511483 7.8281250000000009 1.3906916975975039 9.2531251907348651 4.0156250000000009 3.6437500715255742 0.37500000000000006 4.342823028564454 1.7267499566078188 0.37500000000000006 10.256728172302248 208.18000030517581 -0.74614718556404103 0.27864582836627966 -0.092212311923503862 0.078140601515769972 5.2313036918640146 0.096728365868330016 2.2593749761581425 6.3843748569488534 5.0233500003814706 10.500000000000002 0.94338572025299083 0.26796875894069677 0.27864582836627966
decision_type=2 2 2 2 2 2 2 2 2 2 2 2 2 2 2 2 2 2 2 2 2 2 2 2 2 2 2
left_child=1 2 6 4 -4 18 7 23 -9 22 11 12 -3 15 -6 16 -12 -11 -5 -13 -21 -7 -8 -1 26 -26 -15
right_child=-2 10 3 5 14 21 9 8 -10 17 13 19 -14 24 -16 -17 -18 -19 -20 20 -22 -23 -24 -25 25 -27 -28
leaf_value=-0.0017377731914846467 -0.0026230935302190448 -0.0099986099699432354 0.007689241047505708 -0.00059030665769729959 0.0052348698298633096 0.0014860778210454505 -0.0011918886812190505 -0.0007219539211364462 0.011430762567170625 -0.0067716503386731283 0.0061769379128139039 0.0022349618750196337 -0.00069585722230525832 0.00017391458896198541 0.0010406037566212105 -0.00035501486761365639 0.0013969147308758691 -0.0017368352053395938 -0.0038286936391471256 -0.0036168717759743033 0.0008906920902830149 -0.0020451369695383284 0.0011959102447721744 -5.9786703532124349e-05 -0.0039378023700675519 6.2559633782957914e-05 -0.00081335002230621754
leaf_weight=1241 367 324 409 2189 375 3383 3468 320 484 346 359 433 555 4091 2002 538 400 300 461 422 357 326 696 5484 316 366 2945
leaf_count=1241 367 324 409 2189 375 3383 3468 320 484 346 359 433 555 4091 2002 538 400 300 461 422 357 326 696 5484 316 366 2945
internal_value=-7.3438e-08 2.94647e-05 0.000239555 0.000928895 0.00258121 0.000204982 -0.000271346 0.000374156 0.00659386 -0.00128174 -0.000376945 -0.00184905 -0.00412486 -3.54954e-05 0.0017023 0.00199328 0.00365782 -0.0044335 -0.00115366 -0.000198518 -0.00155115 0.0011757 -0.000792775 -0.000369434 -0.000376429 -0.00179098 -0.000239317
internal_weight=32957 32590 21484 9145 2786 6359 12339 7529 804 4810 11106 2091 879 9015 2377 1297 759 646 2650 1212 779 3709 4164 6725 7718 682 7036
internal_count=32957 32590 21484 9145 2786 6359 12339 7529 804 4810 11106 2091 879 9015 2377 1297 759 646 2650 1212 779 3709 4164 6725 7718 682 7036
is_linear=0
shrinkage=0.12


Tree=45
num_leaves=22
num_cat=0
split_feature=27 49 74 56 65 65 74 62 48 62 57 58 58 22 49 4 28 53 28 27 56
split_gain=0.223463 0.236155 0.282452 0.665654 0.299912 0.747674 0.261815 0.284309 0.537616 0.309303 0.212074 0.132855 0.118368 0.125539 0.109444 0.0741949 0.0458949 0.0446709 0.0387629 0.0250506 0.0203823
threshold=115.25984954833986 0.43050321936607366 3.013419628143311 2.5781250000000004 4.4093749523162851 6.2781250476837167 2.0876107215881352 6.9113445281982431 1.1968750357627871 1.1029238104820254 -8.4119496345520002 3.045770645141602 2.5220763683319096 4.6171374320983896 0.20188365876674655 1.4180499911308291 206.60887145996097 0.27963016927242285 53.360609054565437 91.285800933837905 3.5031249523162846
decision_type=2 2 2 2 2 2 2 2 2 2 2 2 2 2 2 2 2 2 2 2 2
left_child=1 2 6 4 -4 -6 7 9 -9 -1 -2 -8 13 -12 -14 16 17 -3 -15 20 -18
right_child=10 15 3 -5 5 -7 11 8 -10 -11 12 -13 14 18 -16 -17 19 -19 -20 -21 -22
leaf_value=0.0002533054568598645 -0.0033308054470972182 0.0012097918726672943 0.0041649582326840646 0.0054280099898202433 -0.0040191806559553905 0.0011270096070051055 -0.0032370661894807252 0.0054513410542797493 0.00065214546773947912 -0.00093367525893273693 -0.0033002278057312089 -0.00048780424989529277 0.0021743909475559903 -0.001330392961378627 -0.0007685902534423784 -0.0025203911132751183 -0.0009398868332098837 -0.00056775120074666638 0.00058912727501060798 -0.0017931857787505533 -0.00024314867065013937
leaf_weight=14612 495 358 305 474 496 2254 482 380 2911 4034 325 533 350 305 379 310 1663 472 301 332 950
leaf_count=14612 495 358 305 474 496 2254 482 380 2911 4034 325 533 350 305 379 310 1663 472 301 332 950
internal_value=3.02212e-05 0.000113489 0.000244494 0.00124397 0.000594788 0.000198824 9.08197e-05 0.000177999 0.00120629 -3.49387e-06 -0.00115082 -0.00179337 -0.000500768 -0.00139744 0.000644364 -0.000735754 -0.000589201 0.000198948 -0.000376968 -0.000811328 -0.000686576
internal_weight=32721 30566 26481 3529 3055 2750 22952 21937 3291 18646 2155 1015 1660 931 729 4085 3775 830 606 2945 2613
internal_count=32721 30566 26481 3529 3055 2750 22952 21937 3291 18646 2155 1015 1660 931 729 4085 3775 830 606 2945 2613
is_linear=0
shrinkage=0.12


Tree=46
num_leaves=20
num_cat=0
split_feature=49 54 49 60 57 65 52 46 64 56 60 18 65 27 54 71 28 1 50
split_gain=0.19589 0.550628 0.384541 0.344801 0.516098 0.328027 0.228637 0.25473 0.314727 0.376428 0.313016 0.203554 0.202786 0.156655 0.151207 0.14359 0.127944 0.336869 0.12574
threshold=0.070563111454248442 0.1669973433017731 -0.083233647048473344 3.0781250000000004 -0.32269264757633204 6.0406248569488534 2.5781250000000004 0.33722420036792761 38.500000000000007 0.76562500000000011 3.9656250476837163 0.27057291567325598 9.4572916030883807 140.1559753417969 0.56676930189132702 -9.7854084968566877 12.555662155151369 194.32500457763675 0.040512816980481155
decision_type=2 2 2 2 2 2 2 2 2 2 2 2 2 2 2 2 2 2 2
left_child=1 6 -3 4 11 -6 7 8 9 -1 -10 -4 -8 14 15 -2 17 -17 -18
right_child=13 2 3 -5 5 -7 12 -9 10 -11 -12 -13 -14 -15 -16 16 18 -19 -20
leaf_value=-3.138434935639773e-05 0.0017323330117918832 -0.0017534216693316233 -0.003018734470324125 0.0052661381208755327 0.0014037996538126696 0.006824886895005617 -0.0042914273054716267 0.0031057439225306042 -0.0038957255734810721 0.0030288284221670295 0.00040086853494239824 0.0014018081886810251 3.4547993441250026e-05 -0.0020828870101565929 0.0021248664273785661 9.3299873546207255e-05 -0.0013699574861356968 -0.0034456783314874653 -4.2541175128667459e-05
leaf_weight=4136 571 305 300 580 325 318 324 406 541 673 445 300 301 591 430 1055 1085 612 19423
leaf_count=4136 571 305 300 580 325 318 324 406 541 673 445 300 301 591 430 1055 1085 612 19423
internal_value=2.65947e-05 0.000504952 0.00219034 0.00285015 0.00172282 0.00408484 -2.04654e-05 0.00020002 -3.55568e-06 0.00039688 -0.00195659 -0.000808463 -0.00220804 -0.000153622 -0.000104425 -0.000146568 -0.000194949 -0.00120595 -0.00011277
internal_weight=32721 8954 2128 1823 1243 643 6826 6201 5795 4809 986 600 625 23767 23176 22746 22175 1667 20508
internal_count=32721 8954 2128 1823 1243 643 6826 6201 5795 4809 986 600 625 23767 23176 22746 22175 1667 20508
is_linear=0
shrinkage=0.12


Tree=47
num_leaves=23
num_cat=0
split_feature=6 49 54 68 60 71 74 52 64 69 52 58 28 67 24 60 60 0 60 82 65 71
split_gain=0.227408 0.184333 0.441069 0.581129 0.664793 0.454128 0.416708 0.345031 0.270279 0.262879 0.179972 0.252443 0.171546 0.343262 0.234377 0.185829 0.391183 0.333187 0.166023 0.184803 0.165313 0.121137
threshold=10.948400020599367 0.082551524043083205 0.11638097465038301 6.5000000000000009 2.5531250238418584 4.1267533302307138 1.4153670668601992 2.4656250476837163 43.500000000000007 22.500000000000004 2.5906250476837163 3.4824123382568364 6.695268154144288 1.5000000000000002 1.0000000180025095e-35 3.3406250476837163 2.8843749761581425 12.465499877929689 4.4656250476837167 0.37500000000000006 3.4281250238418584 3.9528498649597172
decision_type=2 2 2 2 2 2 2 2 2 2 2 2 2 2 2 2 2 2 2 2 2 2
left_child=1 2 8 5 7 6 -4 -5 10 -7 11 -1 13 -3 -15 16 20 -18 19 -17 -14 -20
right_child=-2 12 3 4 -6 9 -8 -9 -10 -11 -12 -13 15 14 -16 18 17 -19 21 -21 -22 -23
leaf_value=-2.7659115886952904e-05 -0.0029717648749764095 -0.0040505426394725104 -0.0040285039641032843 0.0028156014999810228 0.0070817387059843064 0.0035360688586614183 0.0012728868697525404 -0.0017876932768415951 -0.0030687699971085987 -0.00075296096070212495 -0.0024775362550853519 0.002607292673006619 -0.00083216678321500995 -0.0021687828933444017 0.0023857720098321273 -0.0029483832628458798 0.00047170801157454405 0.0052191586757925632 -0.00069291835097844785 -0.00042638584702923055 0.00022613721311900777 0.00051412696828966953
leaf_weight=4530 361 469 529 1003 451 558 358 306 419 326 366 592 2603 312 340 788 459 397 3143 892 11585 1934
leaf_count=4530 361 469 529 1003 451 558 358 306 419 326 366 592 2603 312 340 788 459 397 3143 892 11585 1934
internal_value=2.34033e-05 5.68167e-05 0.000503156 0.00156419 0.00310845 2.95178e-05 -0.00188882 0.00173951 -0.000131094 0.00195437 9.3193e-05 0.000276888 -0.000126961 -0.00157467 0.000206292 -5.25202e-05 0.000182278 0.0026735 -0.000575282 -0.00160932 3.19756e-05 -0.000233114
internal_weight=32721 32360 9438 3531 1760 1771 887 1309 5907 884 5488 5122 22922 1121 652 21801 15044 856 6757 1680 14188 5077
internal_count=32721 32360 9438 3531 1760 1771 887 1309 5907 884 5488 5122 22922 1121 652 21801 15044 856 6757 1680 14188 5077
is_linear=0
shrinkage=0.12


Tree=48
num_leaves=22
num_cat=0
split_feature=6 49 71 74 27 71 32 71 69 82 61 18 74 6 49 49 4 29 49 67 4
split_gain=0.176105 0.157741 0.175773 0.435362 0.507907 0.429357 0.33985 0.339526 0.280099 0.31689 0.243424 0.219061 0.213593 0.185891 0.183774 0.162174 0.0293736 0.0201181 0.0209105 0.0347649 0.0144111
threshold=10.948400020599367 0.44400580227375036 -0.86559242010116566 2.7568567991256718 81.45029449462892 0.24096366018056872 0.40757177770137792 -4.2988343238830558 19.500000000000004 0.37500000000000006 -0.05571466498076915 0.25703124701976782 0.5174982249736787 6.4744999408721933 0.26537524163722997 0.19618310034275058 1.1160500049591067 3.5000000000000004 0.53604456782341015 1.0000000180025095e-35 0.70745000243186962
decision_type=2 2 2 2 2 2 2 2 2 2 2 2 2 2 2 2 2 2 2 2 2
left_child=1 2 3 7 6 12 -5 14 9 -7 -10 -6 13 -4 -1 -14 17 18 19 -3 -20
right_child=-2 16 5 4 11 8 -8 -9 10 -11 -12 -13 15 -15 -16 -17 -18 -19 20 -21 -22
leaf_value=-0.0025950267270389783 -0.0026151530753944969 -0.0010693500809276755 0.00094813674792935726 0.0048704068797687716 0.0024562061564702316 0.001569822952742933 0.00099339260044462984 0.001964465801002921 -0.00090548730272210093 -3.5444724534080709e-05 0.00017385152225909766 -0.001166891524231959 -0.004289601568749489 -0.0025735571701477641 0.00026767237165395907 -0.0013320326036322483 -0.0017097857974534905 -0.0012331883332940437 -0.0015025838224906028 0.00016461051198293989 -0.00056394648616690563
leaf_weight=863 361 452 591 868 351 3654 521 567 4147 3436 10964 762 539 340 516 529 364 557 334 1206 799
leaf_count=863 361 452 591 868 351 3654 521 567 4147 3436 10964 762 539 340 516 529 364 557 334 1206 799
internal_value=2.05949e-05 4.99987e-05 0.000145367 0.000838689 0.0018857 1.79337e-05 0.00341618 -0.00050747 0.000169605 0.000791868 -0.000122358 -2.42974e-05 -0.00166653 -0.000337981 -0.00152385 -0.00282466 -0.000686026 -0.000574722 -0.000443311 -0.000171789 -0.00084065
internal_weight=32721 32360 28648 4448 2502 24200 1389 1946 22201 7090 15111 1113 1999 931 1379 1068 3712 3348 2791 1658 1133
internal_count=32721 32360 28648 4448 2502 24200 1389 1946 22201 7090 15111 1113 1999 931 1379 1068 3712 3348 2791 1658 1133
is_linear=0
shrinkage=0.12


Tree=49
num_leaves=13
num_cat=0
split_feature=46 54 71 64 14 65 65 82 22 65 57 52
split_gain=0.137332 0.151805 0.13622 0.366708 0.17128 0.359691 0.628152 0.203401 0.764215 0.327959 0.119907 0.109516
threshold=0.65833944082260143 0.56676930189132702 19999989.000000004 38.500000000000007 10.820687294006349 4.0156250000000009 5.7843749523162851 0.37500000000000006 6.0616500377655038 4.0906250476837167 -6.8446116447448722 2.2718750238418584
decision_type=2 2 2 2 2 2 2 2 2 2 2 2
left_child=1 2 4 -4 7 -6 -7 8 -1 -9 11 -5
right_child=-2 -3 3 10 5 6 -8 9 -10 -11 -12 -13
leaf_value=6.0498273670340081e-05 0.0023392129545367017 0.0020179649987307723 0.0045664303215187411 -0.00054842505842402935 0.0033306760621634188 -0.003095994818167989 0.00060401003384576277 0.00093361260945957862 -0.0021996770124892671 -0.00034211456990553203 -0.0016085411176355855 0.0026059600081651318
leaf_weight=6732 363 524 337 315 565 748 5663 4201 3168 9383 403 319
leaf_count=6732 363 524 337 315 565 748 5663 4201 3168 9383 403 319
internal_value=1.81235e-05 -7.91502e-06 -4.12618e-05 0.00112751 -9.39829e-05 0.000428116 0.000172314 -0.000249074 -0.000662758 5.2418e-05 9.93759e-06 0.00103872
internal_weight=32721 32358 31834 1374 30460 6976 6411 23484 9900 13584 1037 634
internal_count=32721 32358 31834 1374 30460 6976 6411 23484 9900 13584 1037 634
is_linear=0
shrinkage=0.12


Tree=50
num_leaves=22
num_cat=0
split_feature=1 17 65 65 81 80 67 82 65 86 65 65 65 1 79 9 28 23 4 85 5
split_gain=0.153075 0.17699 0.134705 1.23564 1.95938 0.421737 0.297442 0.464263 0.280242 0.371628 0.363056 0.581667 0.37373 0.338057 0.108379 0.113885 0.110215 0.103932 0.0803167 0.0774895 0.0355904
threshold=110.65500259399415 1.5000000000000002 3.4281250238418584 3.9281250238418584 1.0000000180025095e-35 0.37500000000000006 1.0000000180025095e-35 0.62500000000000011 5.2187500000000009 1.0000000180025095e-35 7.9093749523162851 6.7218749523162851 9.0156250000000018 229.82500457763675 1.0000000180025095e-35 1.5000000000000002 44.71296691894532 4.1446366310119638 1.3421999812126162 0.94095715880393993 6.7178499698638925
decision_type=2 2 2 2 2 2 2 2 2 2 2 2 2 2 2 2 2 2 2 2 2
left_child=1 -1 6 4 5 -4 14 -8 9 13 11 -10 -12 -5 16 19 17 -2 -11 -16 -18
right_child=2 -3 3 8 -6 -7 7 -9 10 18 12 -13 -14 -15 15 -17 20 -19 -20 -21 -22
leaf_value=0.0035240773748761666 -0.0010096916740437647 -9.2056868119877485e-05 -0.0019879159859128239 -0.0052778775226128248 0.011799847037313741 0.0038312793152836091 -0.0057768879156708522 -0.00016302938028205132 -0.00027933956541452626 -0.0011743618062948348 -0.0018756548890532386 0.0023145760539462355 -0.000107973087282798 -0.001376901624209355 -0.0011716117364118429 0.00020629627246746855 -0.00022876531577426616 0.0015557355074260772 0.0011454744608725993 -0.0037692253080096505 -0.0013082474517888563
leaf_weight=360 301 425 408 462 323 320 388 468 2864 314 1942 2202 15225 1040 367 406 2561 930 681 301 531
leaf_count=360 301 425 408 462 323 320 388 468 2864 314 1942 2202 15225 1040 367 406 2561 930 681 301 531
internal_value=-8.92493e-05 0.0015663 -0.000129819 -8.63009e-06 0.00402121 0.000569972 -0.000629478 -0.00270763 -0.000179894 -0.00138528 -4.45169e-05 0.000848138 -0.00030794 -0.0025768 -0.000299869 -0.00137874 -3.18368e-05 0.000928446 0.000413385 -0.00234209 -0.000414149
internal_weight=32819 785 32034 25781 1051 728 6253 856 24730 2497 22233 5066 17167 1502 5397 1074 4323 1231 995 668 3092
internal_count=32819 785 32034 25781 1051 728 6253 856 24730 2497 22233 5066 17167 1502 5397 1074 4323 1231 995 668 3092
is_linear=0
shrinkage=0.12


Tree=51
num_leaves=13
num_cat=0
split_feature=11 82 4 11 52 11 74 46 65 65 68 27
split_gain=0.148548 0.470186 0.235088 0.212901 0.178989 0.242394 0.25855 0.171451 0.153277 0.578401 0.249899 0.100195
threshold=0.78389999270439159 0.37500000000000006 3.5806000232696538 1.0189499855041506 2.5593750476837163 2.2742500305175786 0.77712848782539379 0.10808642208576204 3.4281250238418584 4.0156250000000009 65.500000000000014 115.25984954833986
decision_type=2 2 2 2 2 2 2 2 2 2 2 2
left_child=1 -1 3 -2 8 6 -6 -3 10 -10 -5 -7
right_child=2 7 -4 4 5 11 -8 -9 9 -11 -12 -13
leaf_value=0.0052870310636517742 0.0027793071801480015 0.0018418489993309777 -0.002584800875875887 -0.0026979475448445701 -0.0040836829570636488 -5.5610414740537796e-05 -0.00014026591417778443 -0.0017983299478931058 0.0029521625078669993 6.7742721256142658e-06 -0.00026102184169362648 -0.0020709993407584002
leaf_weight=306 370 320 550 684 592 2617 402 446 1009 19801 5311 411
leaf_count=306 370 320 550 684 592 2617 402 446 1009 19801 5311 411
internal_value=-7.85394e-05 0.00131079 -0.000125453 -8.20948e-05 -0.000116439 -0.000862914 -0.00248886 -0.000277629 -4.43252e-06 0.000149585 -0.000539063 -0.000329166
internal_weight=32819 1072 31747 31197 30827 4022 994 766 26805 20810 5995 3028
internal_count=32819 1072 31747 31197 30827 4022 994 766 26805 20810 5995 3028
is_linear=0
shrinkage=0.12


Tree=52
num_leaves=23
num_cat=0
split_feature=9 65 1 40 1 1 46 0 22 46 53 27 4 4 57 54 32 64 8 1 65 44
split_gain=0.130468 0.540819 0.446296 0.320107 0.322682 0.30385 0.374861 0.276007 0.2132 0.386153 0.200765 0.143307 0.143156 0.242054 0.138967 0.132177 0.277116 0.147927 0.114915 0.12541 0.119492 0.0357507
threshold=1.5000000000000002 6.3656251430511483 249.16499328613284 0.09648469835519792 180.79499816894534 178.52500152587893 0.019296746701002124 21.118149757385257 1.1113583445549013 0.15491571277379992 0.1305503994226456 11.987024307250978 3.1650500297546391 2.2549000978469853 -1.3260118961334226 0.11548951268196107 0.10446682944893838 43.500000000000007 1.0000000180025095e-35 235.68999481201175 4.0156250000000009 0.60937500000000011
decision_type=2 2 2 2 2 2 2 2 2 2 2 2 2 2 2 2 2 2 2 2 2 2
left_child=7 5 3 -3 -5 12 -7 8 9 -1 -4 -10 13 -2 -12 17 -17 -13 19 -8 -20 -15
right_child=1 2 10 4 -6 6 18 -9 11 -11 14 15 -14 21 -16 16 -18 -19 20 -21 -22 -23
leaf_value=-0.00044442400638005725 4.8433531010955173e-05 0.00065507034026315153 -0.0023559626060106402 0.0079131159881828343 0.0030189868403737961 0.0033049378524685671 -0.0019783133977593127 -0.0035814685770006768 -0.0022434231619150573 0.0050644270143354866 0.0028054283121193738 -0.00025044029357333848 0.00018416794075689337 -0.0050325582713916864 -0.00029797958673553275 0.002511078374029441 -4.301585812849292e-05 -0.0013187015568260465 0.0028068613070244344 -0.00014300481237433822 -0.00019841816527136456 -0.0031861077978154275
leaf_weight=446 302 407 328 300 549 491 652 345 497 311 389 8680 333 303 446 648 10925 2378 344 3017 427 301
leaf_count=446 302 407 328 300 549 491 652 345 497 311 389 8680 333 303 446 648 10925 2378 344 3017 427 301
internal_value=-6.91146e-05 0.000332746 0.00185351 0.00342195 0.00474836 -0.00026348 0.00015864 -0.000211565 -0.00016289 0.00181879 0.000159636 -0.000227752 -0.00194345 -0.00272545 0.0011478 -0.000183486 9.9994e-05 -0.000480168 -0.000189295 -0.000469149 0.00114246 -0.00411239
internal_weight=32819 8589 2419 1256 849 6170 4931 24230 23885 757 1163 23128 1239 906 835 22631 11573 11058 4440 3669 771 604
internal_count=32819 8589 2419 1256 849 6170 4931 24230 23885 757 1163 23128 1239 906 835 22631 11573 11058 4440 3669 771 604
is_linear=0
shrinkage=0.12


Tree=53
num_leaves=11
num_cat=0
split_feature=18 65 65 21 0 6 57 57 50 56
split_gain=0.130439 0.17059 0.139549 0.135818 0.304407 0.152983 0.121958 0.17294 0.148404 0.12753
threshold=0.47187499701976782 10.902082920074465 6.0906250476837167 0.39499999582767492 12.687699794769289 10.948400020599367 -47.437700271606438 -28.340850830078121 0.10246484354138376 7.7562499046325692
decision_type=2 2 2 2 2 2 2 2 2 2
left_child=3 2 -2 4 -1 6 -5 8 -8 -9
right_child=1 -3 -4 5 -6 -7 7 9 -10 -11
leaf_value=0.003991540774027233 0.00060902180454117908 -0.00099532694638178516 0.0039296017165036234 0.0019986803351917069 -0.00098905513729450494 -0.0027988176883110161 -0.0032817031810450496 -0.00013396740936064968 -0.00054682025570259869 0.0011603120873500807
leaf_weight=359 363 335 366 388 348 309 446 27969 795 1141
leaf_count=359 363 335 366 388 348 309 446 27969 795 1141
internal_value=-6.08209e-05 0.00124612 0.00227614 -0.000104612 0.00153999 -0.000142062 -0.000115355 -0.00014238 -0.0015297 -8.32366e-05
internal_weight=32819 1064 729 31755 707 31048 30739 30351 1241 29110
internal_count=32819 1064 729 31755 707 31048 30739 30351 1241 29110
is_linear=0
shrinkage=0.12


Tree=54
num_leaves=21
num_cat=0
split_feature=9 44 28 49 50 80 2 44 33 65 4 82 18 33 60 2 66 33 0 27
split_gain=0.114378 0.181483 0.171253 0.173123 0.160021 0.202689 0.236788 0.345543 0.163772 0.131706 0.423791 0.480265 0.195081 0.192336 0.345791 0.16915 0.153178 0.134419 0.114272 0.0371262
threshold=2.5000000000000004 0.92187500000000011 62.055553436279304 0.23433376103639605 0.039084449410438545 0.37500000000000006 0.40110000967979437 0.096875000745058074 0.97355714440345775 10.960416316986086 2.7732499837875371 0.37500000000000006 0.48437500000000006 0.99992859363555919 4.9281251430511483 0.21903000026941302 1.0000000180025095e-35 0.92627140879631054 10.914450168609621 77.147258758544936
decision_type=2 2 2 2 2 2 2 2 2 2 2 2 2 2 2 2 2 2 2 2
left_child=4 2 -2 -4 5 6 18 -8 -9 12 13 -12 15 17 -15 -6 -17 -11 -1 -7
right_child=1 -3 3 -5 9 19 7 8 -10 10 11 -13 -14 14 -16 16 -18 -19 -20 -21
leaf_value=-0.0047772554432322896 0.0030580556856822255 -0.001789671266884206 -0.0018568036255201953 0.0016181536496677272 0.002386135687366136 0.0011999661094447903 0.0030921941193392372 -0.0007421698329324474 -0.003822889721675036 -0.00020152038433075779 -0.0059182837106801786 -0.00052699646906125301 0.0028625953068692899 -0.000251395203133258 0.0036603190358411703 -0.0003947312786339229 0.0003431472511511863 -0.0022020146058074064 -0.0019392203092304552 -0.00019601887433879029
leaf_weight=329 571 304 317 592 464 591 303 1322 306 6144 402 583 383 884 515 6512 10721 525 539 512
leaf_count=329 571 304 317 592 464 591 303 1322 306 6144 402 583 383 884 515 6512 10721 525 539 512
internal_value=-5.35224e-05 0.000880846 0.00142939 0.000406315 -0.000107233 -0.00082577 -0.00136869 -0.000628699 -0.00132122 -3.90021e-06 -0.000377528 -0.0027273 0.000183182 -9.06505e-05 0.00118859 0.000125194 6.4318e-05 -0.000359004 -0.00301493 0.000551966
internal_weight=32819 1784 1480 909 31035 3902 2799 1931 1628 27133 9053 985 18080 8068 1399 17697 17233 6669 868 1103
internal_count=32819 1784 1480 909 31035 3902 2799 1931 1628 27133 9053 985 18080 8068 1399 17697 17233 6669 868 1103
is_linear=0
shrinkage=0.12


Tree=55
num_leaves=19
num_cat=0
split_feature=61 22 40 52 74 74 21 74 74 71 71 23 50 28 21 71 58 14
split_gain=0.23079 0.140139 0.234597 0.33036 0.179404 0.300923 0.517059 0.400621 0.246448 0.331978 0.22699 0.218068 0.278383 0.192117 0.179972 0.163657 0.0951233 0.0744592
threshold=8.9554400444030779 9.1575999259948748 0.15065757930278781 2.1593749523162846 6.9935021400451669 3.013419628143311 1.9984291791915896 4.2410104274749765 0.49776026606559759 19999989.000000004 -4.7474253177642813 10.914146900177004 0.13881155103445056 52.036899566650398 0.57719999551773082 -5.1130316257476798 2.7515932321548466 12.617850780487062
decision_type=2 2 2 2 2 2 2 2 2 2 2 2 2 2 2 2 2 2
left_child=1 4 3 -3 5 8 7 -7 14 -10 -8 13 -13 15 -1 -6 -15 -4
right_child=-2 2 17 -5 11 6 10 -9 9 -11 -12 12 -14 16 -16 -17 -18 -19
leaf_value=0.0019438197856567632 0.0032214840164591181 0.0043854349234102915 0.00066084852342669707 -0.00013712359914699426 -0.0016900514471349611 0.007145696033257991 0.0015310454937078012 0.0013472095762371082 -0.00094491920785415697 0.002270072678084854 -0.0015779880589716412 -0.0018527488221342747 0.0030346860821319939 0.00070810362245343197 5.4083836771261307e-05 -0.0054777343705290473 -0.001906427974760528 -0.0018907500185637866
leaf_weight=754 323 508 323 429 352 327 717 361 6323 499 640 325 347 373 19344 308 433 336
leaf_count=754 323 508 323 429 352 327 717 361 6323 499 640 325 347 373 19344 308 433 336
internal_value=2.95524e-05 -1.97739e-06 0.0010947 0.00231481 -5.82515e-05 2.00488e-05 0.00142339 0.00410318 -8.65572e-05 -0.000709756 6.47364e-05 -0.00111904 0.000670971 -0.00193956 0.000124979 -0.00345764 -0.000696477 -0.000640118
internal_weight=33022 32699 1596 937 31103 28965 2045 688 26920 6822 1357 2138 672 1466 20098 660 806 659
internal_count=33022 32699 1596 937 31103 28965 2045 688 26920 6822 1357 2138 672 1466 20098 660 806 659
is_linear=0
shrinkage=0.12


Tree=56
num_leaves=18
num_cat=0
split_feature=61 14 65 65 0 74 74 56 71 33 65 22 71 65 46 50 4
split_gain=0.178723 0.11929 0.293122 0.329986 0.295783 0.205919 0.241949 0.59475 0.249933 0.303683 0.270061 0.190612 0.162802 0.170074 0.136426 0.125648 0.0968722
threshold=8.9554400444030779 11.543713569641115 4.0156250000000009 5.3593750000000009 5.0334999561309823 8.3939857482910174 3.013419628143311 2.7031250000000004 4.4984037876129159 1.1586428880691531 3.6437500715255742 4.8410625457763681 -0.86559242010116566 7.9093749523162851 0.057587731629610069 0.12541797757148745 0.54670000076293956
decision_type=2 2 2 2 2 2 2 2 2 2 2 2 2 2 2 2 2
left_child=1 5 -3 -4 16 6 8 11 9 -1 -10 -8 13 -7 -6 -14 -5
right_child=-2 2 3 4 14 12 7 -9 10 -11 -12 -13 15 -15 -16 -17 -18
leaf_value=-0.00031897942219133625 0.0028349059145326722 0.003847054246132665 -0.0030766513202855608 0.0044922358597658807 0.0021697723520036527 0.0011750940152934802 0.0018491097970585327 0.0057717156227104199 -0.00043640255666462429 -0.0022230629389800517 0.00059210657433770111 -0.00073788776764007217 -0.0044925258980074434 -0.0018870979469323896 -9.1209555960931806e-05 -0.0012354740314185618 0.0015248628996724384
leaf_weight=7173 323 357 387 310 435 499 691 346 6238 1450 8952 1009 330 548 3297 353 324
leaf_count=7173 323 357 387 310 435 499 691 346 6238 1450 8952 1009 330 548 3297 353 324
internal_value=2.60061e-05 -1.7401e-06 0.000530825 0.000281742 0.000579428 -0.000100381 -1.55846e-05 0.00123667 -0.000123177 -0.00063916 0.000169734 0.000313651 -0.00136787 -0.000427658 0.000172329 -0.00280916 0.00297579
internal_weight=33022 32699 5110 4753 4366 27589 25859 2046 23813 8623 15190 1700 1730 1047 3732 683 634
internal_count=33022 32699 5110 4753 4366 27589 25859 2046 23813 8623 15190 1700 1730 1047 3732 683 634
is_linear=0
shrinkage=0.12


Tree=57
num_leaves=20
num_cat=0
split_feature=61 48 18 40 21 54 49 60 27 62 74 12 46 0 74 21 49 0 64
split_gain=0.138403 0.126112 0.151531 0.223048 0.131683 0.218648 0.288574 0.180757 0.17068 0.318506 0.184398 0.114217 0.113461 0.308468 0.16619 0.145175 0.132293 0.0764762 0.0579734
threshold=8.9554400444030779 1.8468750119209292 0.47187499701976782 0.093178175389766707 3.6528166532516484 0.11250794678926469 0.38268703222274786 1.0000000180025095e-35 42.10826492309571 14.691907882690431 8.3939857482910174 6.2504999637603769 0.10883331671357156 11.034049987792971 0.82183450460433971 1.4408375024795534 0.084823552519083037 7.8331499099731454 43.500000000000007
decision_type=2 2 2 2 2 2 2 2 2 2 2 2 2 2 2 2 2 2 2
left_child=1 2 4 -4 8 7 -7 -6 9 -1 -10 -5 13 17 -15 -14 -17 -3 -18
right_child=-2 12 3 11 5 6 -8 -9 10 -11 -12 -13 15 14 -16 16 18 -19 -20
leaf_value=-0.0013189589184828016 0.0024947171921419387 -0.00094486677646550229 0.0040225305448592123 -0.0013263889480696384 -0.001547929368859536 0.0033903773101239469 -9.8678582873725827e-05 0.0013200016052696858 0.0001432064711468784 0.0021304887870792297 -0.0014490409114011631 0.0018284723493709346 0.0023272227005742023 -0.0014355579682341626 -0.0049250043692323376 -0.002497207534570407 -0.00039907101607867244 0.0016773536676883045 0.0014763958461458282
leaf_weight=2881 323 302 341 332 726 785 604 561 21125 445 1102 329 300 413 375 384 1046 341 307
leaf_count=2881 323 302 341 332 726 785 604 561 21125 445 1102 329 300 413 375 384 1046 341 307
internal_value=2.28854e-05 -1.53129e-06 7.96414e-05 0.00152983 2.81664e-05 0.000829061 0.00187318 -0.000297806 -5.57062e-05 -0.000857442 6.42639e-05 0.000243882 -0.000685718 -0.00150464 -0.00309614 -0.000110425 -0.000531435 0.000445766 2.64784e-05
internal_weight=33022 32699 29231 1002 28229 2676 1389 1287 25553 3326 22227 661 3468 1431 788 2037 1737 643 1353
internal_count=33022 32699 29231 1002 28229 2676 1389 1287 25553 3326 22227 661 3468 1431 788 2037 1737 643 1353
is_linear=0
shrinkage=0.12


Tree=58
num_leaves=12
num_cat=0
split_feature=32 27 58 9 50 50 62 4 57 40 60
split_gain=0.126104 0.12555 0.106474 0.34945 0.130722 0.140588 0.32946 0.12332 0.117506 0.096709 0.0712519
threshold=0.019619631581008438 140.1559753417969 -0.18000116199254987 1.0000000180025095e-35 0.51126360893249523 0.29411198198795324 9.9476094245910662 1.7303500175476076 0.57472658157348644 0.14654957503080371 1.5343750119209292
decision_type=2 2 2 2 2 2 2 2 2 2 2
left_child=-1 2 3 9 5 8 -7 -6 -4 -2 -3
right_child=1 10 4 -5 7 6 -8 -9 -10 -11 -12
leaf_value=0.0023541746256788348 0.00057093379533330456 -0.0027234396643034415 -9.2760512550951713e-05 0.0033266663900390759 -0.00021287973031731063 0.0001950775997523366 0.0035501721371583176 -0.0034721156425597732 0.0016513821538539791 -0.0023160790928118298 -0.00026677683536322649
leaf_weight=330 374 375 26859 564 376 2137 525 301 568 302 311
leaf_count=330 374 375 26859 564 376 2137 525 301 568 302 311
internal_value=2.01392e-05 -3.42109e-06 3.10072e-05 0.00112122 -1.2933e-05 2.417e-05 0.00085677 -0.00166196 -5.66402e-05 -0.000718826 -0.0016097
internal_weight=33022 32692 32006 1240 30766 30089 2662 677 27427 676 686
internal_count=33022 32692 32006 1240 30766 30089 2662 677 27427 676 686
is_linear=0
shrinkage=0.12


Tree=59
num_leaves=21
num_cat=0
split_feature=1 19 50 50 28 46 31 85 21 59 74 62 62 74 54 74 71 40 0 50
split_gain=0.103589 0.219957 0.11129 0.227487 0.195277 0.546529 0.613135 0.314785 0.407726 0.371915 0.16888 0.247555 0.161567 0.158947 0.465691 0.165169 0.0850074 0.075694 0.0869587 0.0691331
threshold=109.51499938964845 26.970805168151859 0.1299017816781998 0.12641887366771701 110.91683959960939 0.28149224817752844 72.229507446289077 1.2765713930130007 1.2933500409126284 1.0000000180025095e-35 4.8924441337585458 10.433288574218752 2.6432886123657231 2.8434377908706669 0.13699400424957278 0.25624030828475958 19999979.000000004 0.34049911797046667 19.52610015869141 0.20411829650402072
decision_type=2 2 2 2 2 2 2 2 2 2 2 2 2 2 2 2 2 2 2 2
left_child=1 -1 3 10 5 7 -7 9 -9 -4 13 12 -12 15 -15 -2 17 18 -6 -19
right_child=2 -3 4 -5 16 6 -8 8 -10 -11 11 -13 -14 14 -16 -17 -18 19 -20 -21
leaf_value=0.0036239157938868167 0.00017823102121842632 -0.00072557067783924224 0.00015082223970497736 -0.0028246707789149868 -0.00013567379892249012 0.0073743118975584492 0.00086911222287595316 -0.0053926959521947548 0.00080726751089464904 0.0027057631830230775 -0.0015523822625921316 -0.0039077823219194584 0.0014871101806818755 -0.00095842781727844607 0.0050997896992743741 -0.00066118811554268268 -0.0016982034682295393 0.0024126254695423007 -0.0020985282656791849 -0.00011365833241559032
leaf_weight=342 9658 328 5509 469 5358 348 521 308 303 964 677 403 401 419 324 5189 531 309 346 315
leaf_count=342 9658 328 5509 469 5358 348 521 308 303 964 677 403 401 419 324 5189 531 309 346 315
internal_value=1.77225e-05 0.00149461 -1.28635e-05 -0.000217391 0.000229333 0.000633969 0.00347419 0.000285557 -0.00231808 0.00053132 -0.00014576 -0.00137034 -0.000421736 -2.94291e-05 0.00168338 -0.000115144 -0.000239842 -0.000117467 -0.000254739 0.00113734
internal_weight=33022 670 32352 17540 14812 7953 869 7084 611 6473 17071 1481 1078 15590 743 14847 6859 6328 5704 624
internal_count=33022 670 32352 17540 14812 7953 869 7084 611 6473 17071 1481 1078 15590 743 14847 6859 6328 5704 624
is_linear=0
shrinkage=0.12


Tree=60
num_leaves=24
num_cat=0
split_feature=0 53 69 64 64 68 71 65 60 64 53 48 62 0 65 65 68 65 86 0 5 21 82
split_gain=0.175796 0.501046 0.145328 0.28929 0.652248 0.598027 0.399681 0.256837 0.327823 0.26552 0.297009 0.22068 0.217608 0.170532 0.159601 1.11811 0.335935 0.231951 0.291555 0.1583 0.151517 0.149255 0.144236
threshold=21.118149757385257 -0.028714108280837532 23.500000000000004 29.500000000000004 25.500000000000004 12.500000000000002 3.5365605354309086 9.2531251907348651 1.0093750357627871 36.500000000000007 -0.1760241091251373 1.4968749880790713 2.8896559476852421 10.953099727630617 3.9281250238418584 3.7656250000000004 5.5000000000000009 5.0437500476837167 1.0000000180025095e-35 6.0652499198913583 1.096050024032593 2.4895666837692265 0.62500000000000011
decision_type=2 2 2 2 2 2 2 2 2 2 2 2 2 2 2 2 2 2 2 2 2 2 2
left_child=2 -2 3 4 12 6 -6 8 -5 11 -11 -9 13 -1 15 20 -16 18 -18 -19 -4 -10 -22
right_child=1 -3 14 7 5 -7 -8 9 21 10 -12 -13 -14 -15 16 -17 17 19 -20 -21 22 -23 -24
leaf_value=-0.0018104897620502894 -0.0055953034069726095 0.00044653414948369517 0.0024886671559288518 0.00097372322502891511 0.0032953415055069599 -0.0002466607246255745 0.0090835085366243688 0.00043769465365362865 -0.0036764617281127301 -0.0022464258238636919 0.00028352857544761405 0.0040649792189581735 0.0030366594661873848 0.00046488205190761293 -0.0042117598501148039 0.0072535682428181642 -0.003183526130606898 0.00087055480449994805 0.00032005323141220287 -0.00036148584622056046 -0.0008408981634117471 -0.00088445670621448526 0.00035471789192127794
leaf_weight=633 304 565 320 589 395 353 304 511 663 737 7158 458 363 1892 331 317 842 1881 576 7448 2681 472 3172
leaf_count=633 304 565 320 589 395 353 304 511 663 737 7158 458 363 1892 331 317 842 1881 576 7448 2681 472 3172
internal_value=1.70592e-05 -0.00166707 6.26569e-05 0.000343452 0.00122127 0.00377944 0.00581266 1.67992e-05 -0.00132334 0.000277449 4.73568e-05 0.00215214 0.000289413 -0.000105538 -0.000169549 0.000303 -0.00044639 -0.000330419 -0.00176035 -0.00011307 -5.39299e-05 -0.00251538 -0.000192941
internal_weight=32965 869 32096 14528 3940 1052 699 10588 1724 8864 7895 969 2888 2525 17568 6490 11078 10747 1418 9329 6173 1135 5853
internal_count=32965 869 32096 14528 3940 1052 699 10588 1724 8864 7895 969 2888 2525 17568 6490 11078 10747 1418 9329 6173 1135 5853
is_linear=0
shrinkage=0.12


Tree=61
num_leaves=13
num_cat=0
split_feature=0 53 32 29 32 69 65 65 53 74 13 67
split_gain=0.136136 0.38801 0.129815 0.122193 0.163002 0.111354 0.227089 0.455256 0.236587 0.164887 0.164277 0.140476
threshold=21.118149757385257 -0.028714108280837532 0.019619631581008438 5.5000000000000009 0.24453514814376834 23.500000000000004 7.8281250000000009 6.8781249523162851 -0.22482097148895261 10.115945816040041 6.8007500171661386 1.0000000180025095e-35
decision_type=2 2 2 2 2 2 2 2 2 2 2 2
left_child=2 -2 -1 5 -5 6 7 -4 -8 11 -11 -7
right_child=1 -3 3 4 -6 9 8 -9 -10 10 -12 -13
leaf_value=0.0024792140291538087 -0.0049238669861772092 0.0003929500648238288 0.00041784813587368905 -0.0035195088422544855 -4.1083813402572741e-05 0.00033144783900717728 -0.0027222065585374364 0.0036062215375972802 0.00014803838643096684 -3.2095513574785323e-05 0.0036902610277492636 -0.00043891128066996166
leaf_weight=315 304 565 2941 322 488 4831 432 826 9677 370 317 11577
leaf_count=315 304 565 2941 322 488 4831 432 826 9677 370 317 11577
internal_value=1.50121e-05 -0.00146702 5.51381e-05 3.11117e-05 -0.00142387 6.91644e-05 0.000321721 0.00111697 2.53808e-05 -0.000135836 0.0016855 -0.000212095
internal_weight=32965 869 32096 31781 810 30971 13876 3767 10109 17095 687 16408
internal_count=32965 869 32096 31781 810 30971 13876 3767 10109 17095 687 16408
is_linear=0
shrinkage=0.12


Tree=62
num_leaves=8
num_cat=0
split_feature=71 0 32 32 12 58 9
split_gain=0.109191 0.115592 0.270096 0.108601 0.116317 0.116294 0.111436
threshold=-10.94489812850952 21.118149757385257 0.30720345675945288 0.019619631581008438 1.0368000268936159 19999995.000000004 2.5000000000000004
decision_type=2 2 2 2 2 2 2
left_child=-1 3 -3 -2 -5 6 -6
right_child=1 2 -4 4 5 -7 -8
leaf_value=0.0019521428777618652 0.0022534617347754154 -0.004031965865129025 0.00033763636496297796 0.0020393546508219009 -0.00010321580926767235 0.0018837851141774329 0.00095579894332051209
leaf_weight=413 312 337 515 399 29030 454 1505
leaf_count=413 312 337 515 399 29030 454 1505
internal_value=1.32106e-05 -1.13894e-05 -0.00139072 2.56828e-05 3.5384e-06 -2.26738e-05 -5.10194e-05
internal_weight=32965 32552 852 31700 31388 30989 30535
internal_count=32965 32552 852 31700 31388 30989 30535
is_linear=0
shrinkage=0.12


Tree=63
num_leaves=8
num_cat=0
split_feature=71 0 27 46 0 32 28
split_gain=0.0845578 0.0895148 0.258742 0.100191 0.0900606 0.0892373 0.135399
threshold=-10.94489812850952 21.118149757385257 58.705682754516609 0.65833944082260143 20.299200057983402 0.019619631581008438 -0.43057008087635035
decision_type=2 2 2 2 2 2 2
left_child=-1 3 -3 4 5 -2 -7
right_child=1 2 -4 -5 -6 6 -8
leaf_value=0.0017178857702996972 0.0020011452589364302 0.0014657818610893092 -0.0028497532926059833 0.0020931241063868863 0.0016404103422206582 -0.00064606110170380854 6.0964889434470269e-05
leaf_weight=413 310 321 531 333 475 4589 25993
leaf_count=413 310 321 531 333 475 4589 25993
internal_value=1.16254e-05 -1.00226e-05 -0.00122383 2.26008e-05 6.19629e-07 -2.4594e-05 -4.51283e-05
internal_weight=32965 32552 852 31700 31367 30892 30582
internal_count=32965 32552 852 31700 31367 30892 30582
is_linear=0
shrinkage=0.12


Tree=64
num_leaves=29
num_cat=0
split_feature=49 53 46 4 82 50 13 48 21 53 33 82 81 56 82 71 64 21 40 48 53 62 56 82 53 65 14 40
split_gain=0.0858258 0.122026 0.165424 0.315931 0.509576 0.202363 0.197499 0.155962 0.305452 0.231687 0.15284 0.411619 0.182164 0.168525 0.604632 0.135888 0.102063 0.0956326 0.0837002 0.0955973 0.0794962 0.0787124 0.0308249 0.0250205 0.0225474 0.0143405 0.0119489 0.0172278
threshold=0.48652726411819464 0.21008104830980304 0.24132657796144488 2.8570500612258916 0.37500000000000006 0.089247960597276701 2.8148500919342045 1.4843750000000002 3.5973792076110844 0.22251722961664203 1.2765713930130007 1.0000000180025095e-35 1.0000000180025095e-35 7.2250001430511483 0.37500000000000006 19999989.000000004 45.500000000000007 3.0902374982833867 0.11101945862174036 1.6593750119209292 -0.20732894539833066 4.0843739509582528 4.4687500000000009 0.62500000000000011 0.38511151075363165 6.2156250476837167 7.0396161079406747 0.13968853652477267
decision_type=2 2 2 2 2 2 2 2 2 2 2 2 2 2 2 2 2 2 2 2 2 2 2 2 2 2 2 2
left_child=1 2 10 5 -5 20 -7 8 9 -3 13 -12 -13 15 -15 -1 18 -11 19 -9 -4 -20 23 25 -24 -2 -25 -28
right_child=22 7 3 4 -6 6 -8 16 -10 17 11 12 -14 14 -16 -17 -18 -19 21 -21 -22 -23 24 26 -26 -27 27 -29
leaf_value=-0.00021752548363647247 0.00017019395777002522 0.0032320301543087688 0.00035292687371838837 0.0067059183556586509 0.00045008841915987431 0.0027495841422050002 0.00016591072565044719 0.0021286100744002442 0.0049151172365619507 -0.00083091929524044424 -0.0048088397937386318 -0.0013602241590429263 0.0016491833076472972 0.0049554299061448544 -0.0015084840204518544 0.0014995891549820499 0.0020877400372718577 0.0011870605787689373 -0.00025755032388843799 -0.0003888526464680157 -0.0016880706791958379 -0.0022149850507636212 0.00080268321290219078 -0.0018047815531677127 -0.00049236200340100407 -0.0008066623511255982 -0.00033306067035177413 -0.0016117362141027114
leaf_weight=18043 347 431 400 300 500 580 1605 371 304 780 370 785 459 400 435 689 302 597 1024 524 878 416 305 408 530 575 307 300
leaf_count=18043 347 431 400 300 500 580 1605 371 304 780 370 785 459 400 435 689 302 597 1024 524 878 416 305 408 530 575 307 300
internal_value=1.02303e-05 6.88991e-05 -3.53237e-05 0.000646707 0.00279602 0.000150185 0.000851737 0.0006273 0.00139572 0.000803962 -0.000172593 -0.00129496 -0.00024984 -8.0013e-05 0.001588 -0.000154367 1.18649e-05 4.39783e-05 -0.000256621 0.000654699 -0.00104926 -0.000823031 -0.000628798 -0.000891531 -1.93215e-05 -0.000439017 -0.00130258 -0.000965026
internal_weight=32965 30193 25444 4263 800 3463 2185 4749 2112 1808 21181 1614 1244 19567 835 18732 2637 1377 2335 895 1278 1440 2772 1937 835 922 1015 607
internal_count=32965 30193 25444 4263 800 3463 2185 4749 2112 1808 21181 1614 1244 19567 835 18732 2637 1377 2335 895 1278 1440 2772 1937 835 922 1015 607
is_linear=0
shrinkage=0.12


Tree=65
num_leaves=17
num_cat=0
split_feature=7 28 50 40 65 27 7 22 74 18 53 57 4 74 50 53
split_gain=0.154399 0.15816 0.278475 0.282557 0.291946 0.36806 0.146389 0.333184 0.252001 0.23741 0.296587 0.173769 0.362219 0.173241 0.131742 0.0586951
threshold=12.887683868408205 -10.980741977691649 0.065011579543352141 0.14414399862289431 11.357291698455812 100.50658798217775 7.3602359294891366 3.9668667316436772 7.2821319103240976 0.21770833432674411 0.10183701664209367 0.32573924958705908 1.5447000265121462 13.166095256805422 0.30233661830425268 0.12494656071066858
decision_type=2 2 2 2 2 2 2 2 2 2 2 2 2 2 2 2
left_child=1 2 -1 4 5 -4 7 -3 9 10 -8 13 -13 -9 -11 -10
right_child=-2 6 3 -5 -6 -7 8 11 15 14 -12 12 -14 -15 -16 -17
leaf_value=-0.0017094050712198731 -0.0020469230019027392 0.0040804757773200235 0.00042963309595907127 0.0038860088130046977 -0.0023036603820359995 0.0043557061283195407 0.0042205906662488033 0.00010828231136296197 -0.003965200753882527 -0.00057167834687096386 -0.00076729240491072359 0.00094540556841049572 -0.0045744792680904667 0.0019404047978050524 0.0011406612583547979 -0.0015914414954575477
leaf_weight=508 498 310 1427 514 372 453 369 18112 300 7292 321 349 336 775 710 300
leaf_count=508 498 310 1427 514 372 453 369 18112 300 7292 321 349 336 775 710 300
internal_value=4.99942e-05 8.2177e-05 0.000873027 0.00134731 0.000767877 0.00137565 -6.57478e-06 0.00017719 -0.000399774 -0.000235586 0.00190014 0.000115366 -0.00176216 0.000183461 -0.000419746 -0.00277832
internal_weight=32946 32448 3274 2766 2252 1880 29174 19882 9292 8692 690 19572 685 18887 8002 600
internal_count=32946 32448 3274 2766 2252 1880 29174 19882 9292 8692 690 19572 685 18887 8002 600
is_linear=0
shrinkage=0.12


Tree=66
num_leaves=11
num_cat=0
split_feature=7 69 7 1 74 23 56 21 1 46
split_gain=0.119567 0.135429 0.120188 0.48088 0.253873 0.197382 0.184479 0.171323 0.165514 0.101262
threshold=12.887683868408205 1.0000000180025095e-35 7.3602359294891366 130.58000183105472 7.2821319103240976 7.5066268444061288 7.0312500000000009 0.45041666924953466 126.61999893188478 0.14611614495515826
decision_type=2 2 2 2 2 2 2 2 2 2
left_child=1 -1 5 9 6 -3 -5 -7 -9 -4
right_child=-2 2 3 4 -6 7 -8 8 -10 -11
leaf_value=0.001951513753500278 -0.0018012922705611892 0.0027713519201892525 0.0014246522320746934 -0.00024727074732869828 -0.0029442059610129581 0.0023633429115181978 -0.0030643203293720033 -0.0013642226037877598 0.0001706942098149315 0.0045322508838667999
leaf_weight=543 498 420 304 8198 586 490 349 1065 20193 300
leaf_count=543 498 420 304 8198 586 490 349 1065 20193 300
internal_value=4.39949e-05 7.23157e-05 4.03331e-05 -0.000311093 -0.000527962 0.000194692 -0.000362299 0.000144931 9.37967e-05 0.00296816
internal_weight=32946 32448 31905 9737 9133 22168 8547 21748 21258 604
internal_count=32946 32448 31905 9737 9133 22168 8547 21748 21258 604
is_linear=0
shrinkage=0.12


Tree=67
num_leaves=22
num_cat=0
split_feature=60 60 68 82 74 65 23 6 22 65 61 48 28 0 50 0 28 40 27 50 60
split_gain=0.0970784 0.403237 0.299463 0.584491 0.279293 0.188759 0.166947 0.198012 0.17544 0.143176 0.263555 0.205754 0.402127 0.156371 0.133185 0.131717 0.287366 0.119976 0.119547 0.0863777 0.143377
threshold=3.6593749523162846 2.8531249761581425 13.500000000000002 0.37500000000000006 2.3194550275802617 10.817708492279055 14.264324188232424 0.20959999412298205 9.1102833747863787 9.8895831108093279 -6.1029593944549552 1.2718749642372134 83.727184295654311 8.0258002281188983 0.08118737488985063 4.1369001865386972 53.360609054565437 0.035443939268589027 104.19490432739259 0.1326737850904465 4.9281251430511483
decision_type=2 2 2 2 2 2 2 2 2 2 2 2 2 2 2 2 2 2 2 2 2
left_child=1 6 3 -3 9 -5 8 -8 15 10 -2 12 -11 -13 -6 16 -1 -17 -15 -16 -21
right_child=4 2 -4 5 14 -7 7 -9 -10 11 -12 13 -14 18 19 17 -18 -19 -20 20 -22
leaf_value=-0.0028664329164402934 0.0010353199819038502 -0.0019627494196309452 0.0040909317827772882 0.0014025063295976246 0.00018407649516799968 0.0054580395578706269 0.00076797686248732306 -0.0030501266605251487 0.0022499260854242104 0.0049910525569736358 -0.0029708274664690284 0.0023404640261882876 -0.00018334549761294403 -0.00048506497996516327 -0.004193188795148778 0.0017684380712343307 0.00028977896672645846 6.4553542658174977e-05 0.0015913667706200813 -0.0036896584935384208 -3.5651917130036176e-05
leaf_weight=693 396 583 591 365 316 302 310 530 525 359 587 352 544 4130 340 614 1037 19311 442 301 318
leaf_count=693 396 583 591 365 316 302 310 530 525 359 587 352 544 4130 340 614 1037 19311 442 301 318
internal_value=3.87155e-05 0.000156184 0.00186513 0.000812768 -0.000322495 0.00323874 1.95132e-05 -0.00164106 8.24025e-05 -1.73175e-05 -0.00135696 0.000208676 0.00187381 -9.66878e-05 -0.0019525 2.98535e-05 -0.00097453 0.00011706 -0.000284325 -0.00265653 -0.00181248
internal_weight=32946 24861 1841 1250 8085 667 23020 840 22180 6810 983 5827 903 4924 1275 21655 1730 19925 4572 959 619
internal_count=32946 24861 1841 1250 8085 667 23020 840 22180 6810 983 5827 903 4924 1275 21655 1730 19925 4572 959 619
is_linear=0
shrinkage=0.12


Tree=68
num_leaves=15
num_cat=0
split_feature=87 71 64 27 57 23 23 23 50 0 27 28 13 23
split_gain=0.10154 0.104292 0.24662 0.0952061 0.088881 0.134268 0.25476 0.160995 0.0753941 0.0691932 0.0665582 0.0465581 0.0328311 0.0586357
threshold=1.0000000180025095e-35 19999989.000000004 41.500000000000007 9.5281476974487322 0.57472658157348644 14.264324188232424 14.124476432800295 14.453619480133058 0.10444565117359163 14.682600021362306 72.229507446289077 190.81887054443362 7.7105000019073495 9.2520275115966815
decision_type=2 2 2 2 2 2 2 2 2 2 2 2 2 2
left_child=1 3 -3 -1 5 6 -5 -7 -4 10 11 -2 13 -12
right_child=9 2 8 4 -6 7 -8 -9 -10 -11 12 -13 -14 -15
leaf_value=-0.0015261768147436831 0.0014065662033051092 0.0031721663328667668 0.001226755791704636 5.4491357386536195e-05 0.0015391809232618255 -0.0031411702825221034 0.0033842998031607596 4.8302670810645556e-05 -0.0012391643369250431 -0.0018982796664132255 -0.00016029990560960988 -0.00036924699917987468 4.7011645037497653e-05 -0.0023089958244976831
leaf_weight=543 381 518 300 26831 587 412 335 510 441 546 310 481 305 446
leaf_count=543 381 518 300 26831 587 412 335 510 441 546 310 481 305 446
internal_value=3.40697e-05 9.40313e-05 0.00116341 4.79518e-05 7.77601e-05 4.72184e-05 9.55532e-05 -0.00137693 -0.000240816 -0.000706089 -0.000367588 0.000415654 -0.00100393 -0.00142792
internal_weight=32946 30477 1259 29218 28675 28088 27166 922 741 2469 1923 862 1061 756
internal_count=32946 30477 1259 29218 28675 28088 27166 922 741 2469 1923 862 1061 756
is_linear=0
shrinkage=0.12


Tree=69
num_leaves=27
num_cat=0
split_feature=56 56 65 54 56 56 60 60 21 60 60 57 46 86 71 57 28 28 5 52 28 61 6 60 60 27
split_gain=0.0998213 0.519941 0.512352 0.520005 0.431939 0.373731 0.302535 0.281436 0.389288 0.344902 0.258396 0.252162 0.201323 0.188051 0.18302 0.18112 0.136555 0.370091 0.256646 0.131831 0.105554 0.0948854 0.0892593 0.0861664 0.139623 0.128018
threshold=3.3531249761581425 2.6781250238418584 8.9656248092651385 0.21298184245824817 2.9781249761581425 4.1312499046325692 3.6906249523162846 3.1968749761581425 1.3644250035285952 2.8531249761581425 4.3781249523162851 -3.2902597188949581 0.14092136174440387 1.0000000180025095e-35 3.9011074304580693 1.0000000180025095e-35 20.981672286987308 -0.43057008087635035 4.8356001377105722 2.5593750476837163 117.19173049926759 -29.020975112915036 3.6063499450683598 4.4093749523162851 6.0531251430511483 74.688381195068374
decision_type=2 2 2 2 2 2 2 2 2 2 2 2 2 2 2 2 2 2 2 2 2 2 2 2 2 2
left_child=1 7 -3 4 -4 11 -6 9 -9 15 20 13 -11 -2 -12 19 17 18 -7 -1 -10 -18 -13 25 -25 -23
right_child=5 2 3 -5 6 16 -8 8 10 12 14 22 -14 -15 -16 -17 21 -19 -20 -21 -22 23 -24 24 -26 -27
leaf_value=9.9548384132175629e-05 -0.0049358624629618972 -0.0022726477788841447 0.0041419332865617435 0.0067915878121091637 0.0023198377104198457 0.0018681094147881847 -0.0028047673336926704 -0.0045450769740335165 -0.0039877944527971863 0.0043993486126875413 -0.00068430445212361865 0.00071268149217620989 0.00033122763279825452 -0.0012645704953888127 0.0021949155486702147 0.0023471709606296283 -0.0021514742582732604 0.0038196586120569742 -0.0029505802391945422 -0.0008204943601263007 -0.00094051226185826219 -0.0018216113946908509 -0.0017463304364270717 0.0017097474249665205 -0.00017268500736662668 0.00045917751900470581
leaf_weight=17422 487 331 569 380 317 311 348 423 334 421 836 438 300 342 513 477 328 478 326 2574 321 785 413 786 2040 646
leaf_count=17422 487 331 569 380 317 311 348 423 334 421 836 438 300 342 513 477 328 478 326 2574 321 785 413 786 2040 646
internal_value=2.99813e-05 0.000142206 0.0020281 0.00291009 0.00171482 -0.000358791 -0.00036191 -1.30819e-05 -0.00123712 0.000127087 -0.00053888 -0.00193174 0.00270665 -0.00342129 0.00041061 3.62419e-05 0.000104816 0.00129587 -0.00059797 -1.88848e-05 -0.00249439 -0.000184828 -0.000480705 -3.32986e-05 0.000350879 -0.000791989
internal_weight=32946 25566 1945 1614 1234 7380 665 23621 2427 21194 2004 1680 721 829 1349 20473 5700 1115 637 19996 655 4585 851 4257 2826 1431
internal_count=32946 25566 1945 1614 1234 7380 665 23621 2427 21194 2004 1680 721 829 1349 20473 5700 1115 637 19996 655 4585 851 4257 2826 1431
is_linear=0
shrinkage=0.12


Tree=70
num_leaves=11
num_cat=0
split_feature=46 4 54 0 68 33 64 65 64 60
split_gain=0.0995861 0.631122 0.122142 0.102079 0.132566 0.130213 0.106324 0.493375 0.228439 0.0608062
threshold=0.4731654971837998 2.109300017356873 0.65601646900177013 21.118149757385257 14.500000000000002 1.33789998292923 29.500000000000004 6.7656250000000009 31.500000000000004 1.1468749642372134
decision_type=2 2 2 2 2 2 2 2 2 2
left_child=2 9 3 5 -5 6 7 -1 -8 -2
right_child=1 -3 -4 4 -6 -7 8 -9 -10 -11
leaf_value=-9.7104718286672461e-05 -0.0020631148551998836 0.0051602412526948662 0.002317076011140849 -0.00013116801754222253 -0.0032308576106242172 0.0023512655675585847 -0.0023132098740578501 0.0021299769653182065 -0.00018974928601196754 0.00016028804888280676
leaf_weight=12312 364 365 306 480 339 320 765 1621 15735 345
leaf_count=12312 364 365 306 480 339 320 765 1621 15735 345
internal_value=-3.05641e-05 0.00110597 -6.88551e-05 -9.19798e-05 -0.00141419 -5.67673e-05 -8.20876e-05 0.000162 -0.000288201 -0.000981205
internal_weight=32952 1074 31878 31572 819 30753 30433 13933 16500 709
internal_count=32952 1074 31878 31572 819 30753 30433 13933 16500 709
is_linear=0
shrinkage=0.12


Tree=71
num_leaves=24
num_cat=0
split_feature=52 52 32 21 82 71 60 2 69 48 46 64 49 18 18 58 60 58 0 0 62 64 32
split_gain=0.103121 0.246182 0.477665 0.162842 0.2569 0.311122 0.127026 0.104482 0.209023 0.0983592 0.14531 0.122703 0.127032 0.120428 0.186151 0.146008 0.275664 0.156514 0.143453 0.0748681 0.10675 0.0571032 0.0381032
threshold=2.5656249523162846 2.5281250476837163 0.34460908174514776 2.283766627311707 0.62500000000000011 4.681225299835206 1.9468750357627871 0.54277998208999645 27.500000000000004 1.9343749880790713 0.086914699524641051 30.500000000000004 0.20188365876674655 0.42187500000000006 0.39687500894069677 2.7736821174621586 2.6656249761581425 0.27672305703163153 1.5306500196456911 12.541800022125246 6.5094127655029306 41.500000000000007 0.54633235931396495
decision_type=2 2 2 2 2 2 2 2 2 2 2 2 2 2 2 2 2 2 2 2 2 2 2
left_child=1 9 -3 4 5 -2 -6 8 -5 13 -11 -12 -13 14 18 17 -17 -15 -1 20 21 -9 -21
right_child=3 2 -4 7 6 -7 -8 19 -10 10 11 12 -14 15 -16 16 -18 -19 -20 22 -22 -23 -24
leaf_value=-0.0020598733404599435 -0.0048825418255375522 0.0055402139314490277 -0.0005699334604346572 0.0034360748168372952 -0.0019177273151464039 -9.2664100564434187e-05 0.0011012745211504942 -8.8773977374081054e-05 -0.00074286205517160898 -0.0030021086049738842 0.0017075223058027234 -0.0028127625785549881 0.0005119000241941684 0.0010559955421635724 -0.0022485334532796456 0.0046220462125269946 -0.00010184406090503618 -0.0017697327311782291 6.3967419846131567e-05 -0.0021591076875762854 -0.0016376002023852142 0.0020685486998304921 -0.00046970189632418013
leaf_weight=467 501 338 405 335 323 320 530 339 355 377 318 333 329 921 531 365 347 407 23663 399 309 369 371
leaf_count=467 501 338 405 335 323 320 530 339 355 377 318 333 329 921 531 365 347 407 23663 399 309 369 371
internal_value=-2.68964e-05 5.36946e-05 0.00220965 -0.000586063 -0.00150033 -0.0030156 -4.19114e-05 3.18156e-05 0.00128604 -3.39693e-06 -0.00100003 -0.00022984 -0.00116048 4.72539e-05 -2.6044e-05 0.000933332 0.00231981 0.000189978 2.28637e-05 -0.000452469 0.000223384 0.00103559 -0.00134512
internal_weight=32952 28801 743 4151 1674 821 853 2477 690 28058 1357 980 662 26701 24661 2040 712 1328 24130 1787 1017 708 770
internal_count=32952 28801 743 4151 1674 821 853 2477 690 28058 1357 980 662 26701 24661 2040 712 1328 24130 1787 1017 708 770
is_linear=0
shrinkage=0.12


Tree=72
num_leaves=22
num_cat=0
split_feature=46 4 48 46 1 67 21 48 74 11 27 62 53 11 82 58 48 46 46 28 74
split_gain=0.0755768 0.48568 0.0867566 0.108949 0.173857 0.134187 0.108272 0.138476 0.152125 0.180035 0.137284 0.257925 0.254016 0.164963 0.5809 0.127883 0.112965 0.166969 0.0954707 0.0842565 0.0558748
threshold=0.4731654971837998 2.109300017356873 1.9593749642372134 0.18292454630136493 196.18999481201175 1.5000000000000002 3.5630333423614506 1.5656250119209292 0.34567704796791082 4.1978001594543466 41.493547439575202 19999957.000000004 0.065143201500177397 0.78389999270439159 0.62500000000000011 -0.18000116199254987 1.7656250000000002 0.14185123890638354 0.099641483277082457 118.57504653930665 0.23126962780952456
decision_type=2 2 2 2 2 2 2 2 2 2 2 2 2 2 2 2 2 2 2 2 2
left_child=2 20 6 4 -4 -6 10 8 19 -10 11 12 -1 14 -12 -15 17 -9 -7 -8 -2
right_child=1 -3 3 -5 5 18 7 16 9 -11 13 -13 -14 15 -16 -17 -18 -19 -20 -21 -22
leaf_value=-0.0023730847714202598 -0.001952593676938463 0.0045229964031876149 -0.0038532357276126273 0.00055520893892569117 -0.0025415336051847967 0.0015935840675817979 -0.00090332122817688017 -0.0027818722873033642 0.0034947280196464176 -7.4204081762582066e-05 0.0053378384954114004 0.0024581819042415903 -2.889106837080331e-05 0.0014360063038709701 -0.0011809361768504499 -0.00010799410666145365 0.001180151654332458 0.00057884229228168593 -0.0011650974932665037 0.0010484388961588811 0.00017845434113373485
leaf_weight=1373 347 365 320 584 367 378 488 450 633 300 353 303 1292 801 445 21687 437 404 346 917 362
leaf_count=1373 347 365 320 584 367 378 488 450 633 300 353 303 1292 801 445 21687 437 404 346 917 362
internal_value=-2.36689e-05 0.000966428 -5.70262e-05 -0.000823201 -0.00139371 -0.000672311 -5.87608e-06 0.000608497 0.00115932 0.00234716 -9.07987e-05 -0.000859415 -0.00123661 7.16797e-06 0.00170268 -5.29984e-05 -0.00038905 -0.00119203 0.000275209 0.000370532 -0.000864527
internal_weight=32952 1074 31878 1995 1411 1091 29883 3629 2338 933 26254 2968 2665 23286 798 22488 1291 854 724 1405 709
internal_count=32952 1074 31878 1995 1411 1091 29883 3629 2338 933 26254 2968 2665 23286 798 22488 1291 854 724 1405 709
is_linear=0
shrinkage=0.12


Tree=73
num_leaves=21
num_cat=0
split_feature=60 60 71 64 13 21 46 58 60 27 4 0 58 46 18 40 33 64 27 50
split_gain=0.080849 0.283775 0.386808 0.24018 0.242597 0.4794 0.231128 0.211998 0.159106 0.2251 0.192105 0.143496 0.198694 0.154305 0.151406 0.206776 0.146322 0.136378 0.126104 0.0923001
threshold=3.3406250476837163 2.8531249761581425 0.1400624364614487 34.500000000000007 -0.23120000213384626 1.9984291791915896 0.11877752467989923 0.092207465320825591 4.8468749523162851 105.42434310913087 0.76974999904632579 19.297100067138675 -0.18000116199254987 0.11646930873394014 0.44062499701976782 0.078950144350528731 1.3283714652061465 30.500000000000004 74.688381195068374 0.097570922225713744
decision_type=2 2 2 2 2 2 2 2 2 2 2 2 2 2 2 2 2 2 2 2
left_child=1 11 -3 17 5 -5 -4 -6 10 -10 -9 12 -1 19 16 -16 -14 -2 -15 -13
right_child=3 2 6 4 7 -7 -8 8 9 -11 -12 13 14 18 15 -17 -18 -19 -20 -21
leaf_value=0.0023124406945684252 -0.00094039472299755288 0.0050904382334369669 0.0025923631311116553 0.0052177752671305755 -0.0031537444239414245 -0.00070741923909415218 -0.0014016304927373614 0.0011083555559080643 -0.00010244085244192156 0.0027842284225683303 -0.0017675119982644677 -0.00091079223530519244 -0.00011008083202767505 -0.0015105207177529513 0.0039657191663156734 0.00038169490394798701 0.0020602290105282057 -0.0043004166103354736 0.0013137851108105914 -0.0036911332509212934
leaf_weight=559 384 374 389 344 373 459 450 429 4478 426 1518 312 19201 446 316 870 458 318 465 383
leaf_count=559 384 374 389 344 373 459 450 429 4478 426 1518 312 19201 446 316 870 458 318 465 383
internal_value=-2.08286e-05 9.2007e-05 0.00188089 -0.000333948 -0.000147799 0.0018309 0.000450173 -0.000367746 -0.000216063 0.000148318 -0.00113385 -2.29615e-06 7.97897e-05 -0.0010963 1.99168e-05 0.00133663 -5.95187e-05 -0.00246246 -6.89157e-05 -0.00244298
internal_weight=32952 24223 1213 8729 8027 803 839 7224 6851 4904 1947 23010 21404 1606 20845 1186 19659 702 911 695
internal_count=32952 24223 1213 8729 8027 803 839 7224 6851 4904 1947 23010 21404 1606 20845 1186 19659 702 911 695
is_linear=0
shrinkage=0.12


Tree=74
num_leaves=21
num_cat=0
split_feature=57 31 46 46 28 4 57 7 57 28 31 4 64 4 46 57 56 28 56 61
split_gain=0.0877989 0.26497 0.221762 0.268995 0.205975 0.221226 0.18913 0.146849 0.132779 0.134764 0.117244 0.209715 0.18938 0.211073 0.122393 0.181263 0.0955143 0.325609 0.137724 0.0481072
threshold=-10.614534854888914 34.116914749145515 0.092667363584041609 0.11071312054991723 32.925662994384773 2.5746500492095952 -9.1441502571105939 2.2995254993438725 -23.480474472045895 33.992794036865241 41.493547439575202 3.924300074577332 35.500000000000007 2.6898999214172368 0.2114241570234299 -1.2874237298965452 7.2250001430511483 60.676006317138679 3.3531249761581425 -0.98721873760223378
decision_type=2 2 2 2 2 2 2 2 2 2 2 2 2 2 2 2 2 2 2 2
left_child=1 -1 8 -4 5 -5 -2 -6 9 -3 12 16 14 19 15 -8 18 -18 -12 -14
right_child=6 2 3 4 7 -7 10 -9 -10 -11 11 -13 13 -15 -16 -17 17 -19 -20 -21
leaf_value=0.0026147159026734018 0.0028378801613344593 0.00070898320821849588 0.0027667872231451952 -0.004906682639778592 0.0018694610427434368 -0.00039107007118073387 0.00160749794972881 -0.0006616139913051529 -0.0036731934145797312 -0.0026484240265874396 0.00014931176471623086 0.0031717424223173126 0.00024734871403779833 -0.004645409042962817 0.0014621131081337755 -0.0013295309601851087 0.0042781212689338381 -0.00019280041946331038 -0.00062412226054120391 -0.0017878190119899656
leaf_weight=355 348 319 376 300 443 326 406 1295 497 374 19753 318 308 309 574 1188 336 777 3984 366
leaf_count=355 348 319 376 300 443 326 406 1295 497 374 19753 318 308 309 574 1188 336 777 3984 366
internal_value=-1.83292e-05 -0.00052497 -0.000808581 -0.000214526 -0.000688711 -0.0025551 5.74011e-05 -1.64666e-05 -0.00217641 -0.00110295 2.32329e-05 0.000109628 -0.000666828 -0.00204841 -4.03993e-05 -0.000581455 7.04425e-05 0.00115691 1.94992e-05 -0.000857802
internal_weight=32952 4285 3930 2740 2364 626 28667 1738 1190 693 28319 25168 3151 983 2168 1594 24850 1113 23737 674
internal_count=32952 4285 3930 2740 2364 626 28667 1738 1190 693 28319 25168 3151 983 2168 1594 24850 1113 23737 674
is_linear=0
shrinkage=0.12


Tree=75
num_leaves=24
num_cat=0
split_feature=9 78 21 74 32 6 69 32 56 68 82 32 45 54 82 67 65 30 65 65 54 30 1
split_gain=0.199476 0.210739 0.122564 0.36668 0.316839 0.181863 0.126791 0.207291 0.368644 0.490045 0.382704 0.228337 0.444602 0.308637 0.170382 0.492367 0.418152 0.144288 0.145852 0.108491 0.10231 0.158609 0.0995129
threshold=2.5000000000000004 1.0000000180025095e-35 0.67148333787918102 0.4904226958751679 0.12081256508827211 4.6203501224517831 31.500000000000004 0.21621672064065936 1.5406250357627871 8.5000000000000018 0.37500000000000006 0.23252121359109881 0.24728907644748691 0.12730950117111209 1.0000000180025095e-35 1.0000000180025095e-35 4.1781251430511483 0.37187500298023229 3.9281250238418584 2.2281249761581425 0.1017020344734192 0.72187501192092907 197.10500335693362
decision_type=2 2 2 2 2 2 2 2 2 2 2 2 2 2 2 2 2 2 2 2 2 2 2
left_child=2 20 3 4 -1 -5 7 8 10 -10 -4 13 -13 -9 15 19 -17 22 -19 -8 21 -2 -16
right_child=1 -3 6 5 -6 -7 14 11 9 -11 -12 12 -14 -15 17 16 -18 18 -20 -21 -22 -23 -24
leaf_value=0.0036421902359379302 -0.0023375323185815056 0.0035223525779259613 0.0040022961134740156 -0.0053318659228583799 -0.0011173079338246544 -0.0013974647587629643 2.8768689014222274e-06 -0.0049200802509052058 -0.0018632931466472042 0.0023018092840812144 0.00057727253432403812 0.003579028868231473 -3.9956834792805732e-05 0.00015373249544490235 0.0029874388950197226 -0.0062898885853406366 -0.0014910692185726979 0.00024849596966964422 -0.00083880764404044793 0.0027537819976924767 0.0017481511091371209 0.0011150347971966531 0.00033498708566872577
leaf_weight=305 340 440 868 311 593 371 662 315 1068 657 1024 506 14408 382 340 345 1080 3820 3321 300 548 439 508
leaf_count=305 340 440 868 311 593 371 662 315 1068 657 1024 506 14408 382 340 345 1080 3820 3321 300 548 439 508
internal_value=6.1591e-06 0.0012465 -6.4123e-05 -0.0010939 0.000499225 -0.0031916 -9.16252e-06 0.000173268 0.00099182 -0.000276932 0.00214858 -1.63865e-05 8.28276e-05 -0.00213931 -0.000347229 -0.00123684 -0.00265289 -8.14273e-05 -0.000257166 0.000860747 0.000491881 -0.000391862 0.00139847
internal_weight=32951 1767 31184 1580 898 682 29604 19228 3617 1725 1892 15611 14914 697 10376 2387 1425 7989 7141 962 1327 779 848
internal_count=32951 1767 31184 1580 898 682 29604 19228 3617 1725 1892 15611 14914 697 10376 2387 1425 7989 7141 962 1327 779 848
is_linear=0
shrinkage=0.12


Tree=76
num_leaves=17
num_cat=0
split_feature=16 18 13 22 11 74 27 71 0 33 74 27 22 15 56 33
split_gain=0.154474 0.188864 0.190719 0.186269 0.139232 0.372808 0.228104 0.222888 0.151974 0.14314 0.310061 0.42725 0.312711 0.12236 0.200825 0.118627
threshold=1.0000000180025095e-35 0.28229166567325598 5.1069498062133798 6.3088083267211923 0.95309999585151683 0.4904226958751679 75.917819976806655 0.91790527105331432 1.5306500196456911 1.1459285616874697 0.24758514016866687 55.017366409301765 3.6288666725158696 14.337985515594484 1.9281249642372134 1.1376000046730044
decision_type=2 2 2 2 2 2 2 2 2 2 2 2 2 2 2 2
left_child=1 2 -1 -3 5 6 -2 -7 -6 13 12 -12 -11 15 -15 -10
right_child=4 3 -4 -5 8 7 -8 -9 9 10 11 -13 -14 14 -16 -17
leaf_value=0.001632060737093626 -0.00096320652379399893 0.00086918038815944805 -0.0015547512325733287 0.0048529968093185766 -0.0023473132901576099 -0.0011083510383216076 0.0030402948705846905 -0.0052840804140388709 9.1189203289329628e-06 -0.0029234015879060164 0.0037199774368344104 0.00041043883728181582 0.00044765384929749106 -0.0027401751511975121 0.00057226064799846532 -0.0023207703682277966
leaf_weight=567 549 376 517 307 391 380 327 357 23259 538 859 1623 1504 619 459 319
leaf_count=567 549 376 517 307 391 380 327 357 23259 538 859 1623 1504 619 459 319
internal_value=5.42002e-06 0.00109692 0.000112151 0.00265986 -5.64283e-05 -0.0011421 0.000531251 -0.00313106 2.79176e-06 3.42822e-05 0.000654749 0.00155584 -0.000440509 -7.9564e-05 -0.00132978 -2.24035e-05
internal_weight=32951 1767 1084 683 31184 1613 876 737 29571 29180 4524 2482 2042 24656 1078 23578
internal_count=32951 1767 1084 683 31184 1613 876 737 29571 29180 4524 2482 2042 24656 1078 23578
is_linear=0
shrinkage=0.12


Tree=77
num_leaves=21
num_cat=0
split_feature=9 56 52 71 24 4 40 85 11 27 83 69 4 56 28 11 46 85 40 71
split_gain=0.120532 0.280941 0.197981 0.32363 0.167747 0.177901 0.143069 0.113841 0.101154 0.373603 0.250648 0.33528 0.1525 0.118151 0.232053 0.113158 0.321676 0.167197 0.0536363 0.0472687
threshold=1.5000000000000002 2.0531250238418584 2.3718750476837163 -0.9931635558605193 1.0000000180025095e-35 1.7063999772071841 0.3965138047933579 1.1196714639663699 0.95309999585151683 88.212203979492202 1.0000000180025095e-35 17.500000000000004 3.3926999568939213 8.0124998092651385 51.135488510131843 1.4317499995231631 0.10490529239177705 1.2322999835014345 0.13705535978078845 -0.28900615870952601
decision_type=2 2 2 2 2 2 2 2 2 2 2 2 2 2 2 2 2 2 2 2
left_child=8 2 3 -2 5 18 7 -5 9 10 -1 -12 13 15 -15 16 -10 -17 -4 -16
right_child=1 -3 4 6 -6 -7 -8 -9 12 -11 11 -13 -14 14 19 17 -18 -19 -20 -21
leaf_value=-0.0048083006715905286 0.0042186934240133539 0.0035230770508957784 -0.0024562442782131719 0.00075264927042013505 -0.0034691217950323437 0.0016692752444433057 -0.0019979469989242112 -0.00045687951699625146 -0.0033135009374575986 0.0023225067789750284 -0.0037264501480145044 0.001499798750425311 0.0021588562852758149 0.0037003195743720413 -0.0011938983722523386 -0.00020236824451767653 0.00049717626529388863 0.0012643167280570911 -0.00041962442546892578 0.00059647183821673203
leaf_weight=359 323 393 378 4683 317 406 360 1473 597 344 329 382 433 337 301 18572 685 1191 367 721
leaf_count=359 323 393 378 4683 317 406 360 1473 597 344 329 382 433 337 301 18572 685 1191 367 721
internal_value=4.76961e-06 0.000387951 0.000239629 0.000511047 -0.00102483 -0.000351639 0.000327258 0.000463235 -0.000132696 -0.00111762 -0.00222361 -0.000918536 -7.17122e-05 -0.000114822 0.00096961 -0.00018485 -0.00127737 -0.00011398 -0.00145297 6.9171e-05
internal_weight=32951 8700 8307 6839 1468 1151 6516 6156 24251 1414 1070 711 22837 22404 1359 21045 1282 19763 745 1022
internal_count=32951 8700 8307 6839 1468 1151 6516 6156 24251 1414 1070 711 22837 22404 1359 21045 1282 19763 745 1022
is_linear=0
shrinkage=0.12


Tree=78
num_leaves=14
num_cat=0
split_feature=16 78 0 35 11 74 82 52 2 54 7 86 53
split_gain=0.117884 0.162779 0.106349 0.0997485 0.090287 0.304952 0.227546 0.189019 0.110334 0.101004 0.28468 0.122298 0.0570093
threshold=1.0000000180025095e-35 1.0000000180025095e-35 1.5306500196456911 70.220046997070327 0.95309999585151683 0.4904226958751679 0.37500000000000006 2.1406250000000004 0.22131000459194186 0.38186216354370123 3.4718109369277959 1.0000000180025095e-35 0.053563972935080535
decision_type=2 2 2 2 2 2 2 2 2 2 2 2 2
left_child=1 3 -2 -1 5 6 -4 -7 -6 11 -11 -10 -5
right_child=2 -3 4 12 8 7 -8 -9 9 10 -12 -13 -14
leaf_value=0.001489781646710866 -0.002011369777179522 0.0029578915639232781 0.0031394878300812301 -0.0018672859496121407 0.0017592182471780969 -0.004997233509853722 -0.00086934468735178766 -0.0010915056192077382 -0.0002689094193756765 -0.00091115710280686459 0.0023207359884410373 0.00025281657105356289 0.00025448531522407762
leaf_weight=572 393 440 324 308 518 303 550 434 16363 693 905 10701 447
leaf_count=572 393 440 324 308 518 303 550 434 16363 693 905 10701 447
internal_value=4.19726e-06 0.000957701 -4.98318e-05 0.000294488 -2.47958e-05 -0.00089933 0.000616767 -0.00269725 2.34864e-05 -7.88293e-06 0.00091917 -6.2621e-05 -0.000611085
internal_weight=32951 1767 31184 1327 30791 1611 874 737 29180 28662 1598 27064 755
internal_count=32951 1767 31184 1327 30791 1611 874 737 29180 28662 1598 27064 755
is_linear=0
shrinkage=0.12


Tree=79
num_leaves=18
num_cat=0
split_feature=9 48 80 28 0 11 0 60 54 50 0 60 11 27 46 54 27
split_gain=0.0912896 0.156651 0.168871 0.14356 0.0891488 0.177327 0.111692 0.242679 0.126816 0.121467 0.116972 0.206209 0.105032 0.224646 0.102559 0.0971349 0.0797777
threshold=2.5000000000000004 1.5843749642372134 1.0000000180025095e-35 68.769538879394545 2.4963500499725346 3.7157499790191655 5.8662998676300058 1.8343749642372134 0.24099467694759372 0.14655888080596927 6.8789498805999765 1.0000000180025095e-35 0.95309999585151683 88.826923370361342 0.10649183392524721 0.38186216354370123 71.000068664550795
decision_type=2 2 2 2 2 2 2 2 2 2 2 2 2 2 2 2 2
left_child=4 2 3 -2 5 -1 7 8 9 -6 11 14 13 -12 -8 -14 -4
right_child=1 -3 16 -5 6 -7 10 -9 -10 -11 12 -13 15 -15 -16 -17 -18
leaf_value=-0.0029150822764035622 0.0047941517906088848 -0.0011017463204296642 -0.0010675241967871636 0.0012442890729554813 -0.00022104280531760838 0.00077065406003516744 -0.0016184856045391308 0.0039166512262821789 -0.001861517886465191 0.0018903202581638662 -0.0017300319244511902 -0.0030368446896430067 -1.7914395069851018e-05 0.0017817421666230422 0.00097379543380434559 0.0010034315491388149 0.0015837637433374766
leaf_weight=435 300 446 359 362 858 331 363 311 324 723 1222 521 23784 334 557 1421 300
leaf_count=435 300 446 359 362 858 331 363 311 324 723 1222 521 23784 334 557 1421 300
internal_value=3.69359e-06 0.000842777 0.00149929 0.00285299 -4.3852e-05 -0.00132242 -1.16545e-05 0.000808661 0.000301268 0.000744495 -7.61116e-05 -0.00112929 -1.94013e-05 -0.000976219 -4.90285e-05 3.96667e-05 0.000139435
internal_weight=32951 1767 1321 662 31184 766 30418 2216 1905 1581 28202 1441 26761 1556 920 25205 659
internal_count=32951 1767 1321 662 31184 766 30418 2216 1905 1581 28202 1441 26761 1556 920 25205 659
is_linear=0
shrinkage=0.12


Tree=80
num_leaves=27
num_cat=0
split_feature=50 71 1 32 46 11 40 46 74 27 20 83 23 27 33 28 0 27 62 6 46 45 45 46 81 40
split_gain=0.0927172 0.20512 0.136497 0.10403 0.338717 0.368088 0.287134 0.237272 0.209547 0.248362 0.224918 0.208863 0.6419 0.247284 0.120247 0.114002 0.110476 0.108114 0.0912649 0.158703 0.0875667 0.0868262 0.0877995 0.0772572 0.0561685 0.023561
threshold=0.040512816980481155 -0.18507290631532666 151.23500061035159 0.38477347791194921 0.2777406126260758 2.2518498897552495 0.14739117026329043 0.45747856795787817 0.95694223046302807 64.238157272338881 0.28645832836627966 1.0000000180025095e-35 5.5662329196929941 75.303100585937514 0.93465712666511547 48.689931869506843 10.300849914550783 18.134216308593754 5.0674273967742929 8.7407503128051776 0.1204093135893345 0.40222336351871496 0.21709683537483218 0.28930391371250158 1.0000000180025095e-35 0.10530025511980058
decision_type=2 2 2 2 2 2 2 2 2 2 2 2 2 2 2 2 2 2 2 2 2 2 2 2 2 2
left_child=1 -1 -3 4 5 11 7 16 9 -7 -10 12 -2 -13 17 -8 -6 -5 23 -20 21 22 -4 -19 25 -22
right_child=3 2 20 14 6 8 15 -9 10 -11 -12 13 -14 -15 -16 -17 -18 18 19 -21 24 -23 -24 -25 -26 -27
leaf_value=-0.0035416248747122945 0.0024216583894328858 -0.0026734984148151005 0.00056621718021669025 0.0020175953647783079 0.0014487929946496165 0.0026887385390482071 0.0023187030442922518 0.0035837196375170795 0.00069378000501304539 0.00062468991081351748 -0.0018872566318473656 0.00091641412596878808 -0.0022635917018934797 -0.0010240717167949384 -0.0020827780501292037 0.0056105052705204697 -0.0013975178780369893 0.00017115606865447398 -0.00092227700515686126 0.0019538655721706598 0.00030994623281404475 0.002012128931052824 -0.0010545390718465014 -0.0007973182734071411 -0.0022101521303810904 -0.00088836726423452525
leaf_weight=302 522 323 1428 338 317 1227 302 308 1403 2658 744 2052 2178 1754 456 304 516 8368 3242 302 381 369 726 1382 344 622
leaf_count=302 522 323 1428 338 317 1227 302 308 1403 2658 744 2052 2178 1754 456 304 516 8368 3242 302 381 369 726 1382 344 622
internal_value=-1.47576e-05 -0.000521121 -0.00030357 6.54632e-05 0.000293651 7.55324e-05 0.00185906 0.000737891 0.00075079 0.00127658 -0.000200627 -0.000550528 -0.00135778 2.21387e-05 -0.000165915 0.00397004 -0.000314348 -0.000101795 -0.00015568 -0.000677188 -0.00010577 0.000311311 1.99456e-05 3.3881e-05 -0.000886984 -0.000433175
internal_weight=32868 4495 4193 28373 14285 12538 1747 1141 6032 3885 2147 6506 2700 3806 14088 606 833 13632 13294 3544 3870 2523 2154 9750 1347 1003
internal_count=32868 4495 4193 28373 14285 12538 1747 1141 6032 3885 2147 6506 2700 3806 14088 606 833 13632 13294 3544 3870 2523 2154 9750 1347 1003
is_linear=0
shrinkage=0.12


Tree=81
num_leaves=12
num_cat=0
split_feature=19 27 50 71 48 57 28 48 21 0 27
split_gain=0.0829357 0.113902 0.0844885 0.137864 0.104882 0.236438 0.434538 0.158757 0.107862 0.0876625 0.0613697
threshold=2.4588767886161809 9.5281476974487322 0.040512816980481155 2.4696854352951054 0.98437500000000011 -1.1842259764671323 70.220046997070327 1.0593749880790713 0.39499999582767492 5.9609501361846933 57.476243972778327
decision_type=2 2 2 2 2 2 2 2 2 2 2
left_child=-1 -2 3 -3 5 6 -4 -6 -9 -5 -11
right_child=1 2 4 9 7 -7 -8 8 -10 10 -12
leaf_value=0.0019155477012841485 -0.0020890290460332879 -0.0022452321643581948 0.0057171786275567182 -0.0017808931665776726 -0.0022082654456768969 -0.00076136576153551928 -0.000390334001175948 0.001607398159031743 2.1580171647810335e-05 -0.00098045638380279488 0.00024128996551607407
leaf_weight=318 383 564 335 467 452 514 336 633 25427 760 2679
leaf_count=318 383 564 335 467 452 514 336 633 25427 760 2679
internal_value=-1.29867e-05 -3.18277e-05 -7.33337e-06 -0.000491436 7.07956e-05 0.00117533 0.00265887 2.14268e-05 6.00998e-05 -0.0002382 -2.87092e-05
internal_weight=32868 32550 32167 4470 27697 1185 671 26512 26060 3906 3439
internal_count=32868 32550 32167 4470 27697 1185 671 26512 26060 3906 3439
is_linear=0
shrinkage=0.12


Tree=82
num_leaves=18
num_cat=0
split_feature=71 71 33 60 1 60 32 65 32 53 61 61 61 74 48 74 58
split_gain=0.0825815 0.224208 0.405103 0.203842 0.197382 0.179866 0.195931 0.170208 0.156689 0.18128 0.152015 0.157828 0.296418 0.100007 0.307829 0.27374 0.0486462
threshold=0.24096366018056872 -0.9931635558605193 1.1923142671585085 6.1406250000000009 142.83499908447268 6.4156248569488534 0.29004132747650152 11.601041793823244 0.19765392690896991 -0.059429053217172616 6.8909864425659189 4.45119333267212 1.0718303322792055 2.0876107215881352 0.98437500000000011 1.5214806795120241 0.37010698020458227
decision_type=2 2 2 2 2 2 2 2 2 2 2 2 2 2 2 2 2
left_child=1 3 5 4 -1 6 -3 -5 -6 -10 11 12 13 15 -15 -2 -8
right_child=10 2 -4 7 8 -7 16 -9 9 -11 -12 -13 -14 14 -16 -17 -18
leaf_value=0.0028467163062357746 5.2693131107655472e-05 -0.0032692398288390202 -0.0052284899010449984 -0.0027344574154933772 -0.0023632786176904967 0.0019704464586729692 0.00077872644116032158 0.00061571330723919615 0.0029518880288621099 0.00010018568987203536 0.0026189613114905022 -0.0022413284655087395 0.0038018950655395074 0.0022465368474578196 -0.0014268877415719926 0.0025690076936090104 -0.0008687586626056165
leaf_weight=443 21624 468 330 595 322 309 363 345 360 2963 338 423 307 405 1739 641 893
leaf_count=443 21624 468 330 595 322 309 363 345 360 2963 338 423 307 405 1739 641 893
internal_value=-1.14283e-05 -0.000364578 -0.00132868 8.8518e-05 0.000454904 -0.000695652 -0.00117351 -0.00150487 0.000164212 0.000409127 9.1022e-05 5.70333e-05 9.63684e-05 4.97628e-05 -0.000732981 0.000125137 -0.000392614
internal_weight=32868 7391 2363 5028 4088 2033 1724 940 3645 3323 25477 25139 24716 24409 2144 22265 1256
internal_count=32868 7391 2363 5028 4088 2033 1724 940 3645 3323 25477 25139 24716 24409 2144 22265 1256
is_linear=0
shrinkage=0.12


Tree=83
num_leaves=11
num_cat=0
split_feature=5 14 23 71 82 4 69 1 54 56
split_gain=0.0744701 0.145417 0.100956 0.0891648 0.18282 0.691911 0.168411 0.333211 0.167321 0.124213
threshold=0.24024999886751178 12.567457199096681 14.124476432800295 3.1629617214202885 0.37500000000000006 2.7732499837875371 32.500000000000007 284.07499694824224 0.30988612771034246 6.3843748569488534
decision_type=2 2 2 2 2 2 2 2 2 2
left_child=-1 2 3 4 5 -2 7 -5 -8 -6
right_child=1 -3 -4 6 9 -7 8 -9 -10 -11
leaf_value=0.0013968270445629339 -0.00016262455632587311 -0.0020576672589483441 0.0017078946625483601 0.001077398717218439 0.00029897144110064812 -0.0037480646028434589 -0.00010421866923897564 -0.00032406062210192936 -0.0022143441026933907 -0.0013019047610670579
leaf_weight=533 4189 503 490 5683 6167 951 8703 4285 577 787
leaf_count=533 4189 503 490 5683 6167 951 8703 4285 577 787
internal_value=-1.00569e-05 -3.32475e-05 -1.25823e-06 -2.79791e-05 -0.000283321 -0.000826001 0.000132459 0.000474946 -0.000235419 0.000117797
internal_weight=32868 32335 31832 31342 12094 5140 19248 9968 9280 6954
internal_count=32868 32335 31832 31342 12094 5140 19248 9968 9280 6954
is_linear=0
shrinkage=0.12


Tree=84
num_leaves=22
num_cat=0
split_feature=54 49 28 53 61 57 40 22 68 29 23 19 57 1 58 65 32 52 14 28 54
split_gain=0.0722991 0.208413 0.422577 0.274976 0.578598 0.310262 0.277699 0.206797 0.189165 0.152269 0.145907 0.164436 0.181949 0.426778 0.213808 0.16745 0.142348 0.145318 0.187874 0.143836 0.0577272
threshold=0.12256522104144098 0.038182983174920089 -3.4832147359848018 -0.10664333030581473 -3.2292327880859371 -1.6479707360267637 0.10333535447716714 9.2979497909545916 3.5000000000000004 3.5000000000000004 14.303282737731935 22.232343673706058 -1.1568237543106077 191.96500396728518 4.8490760326385507 7.9093749523162851 0.06875918805599214 2.2593749761581425 11.464363574981691 -5.4822592735290518 0.042487394064664848
decision_type=2 2 2 2 2 2 2 2 2 2 2 2 2 2 2 2 2 2 2 2 2
left_child=10 3 -3 4 -2 -6 -7 8 -4 -10 11 12 13 -1 -15 20 -13 19 -19 -18 -14
right_child=1 2 7 -5 5 6 -8 -9 9 -11 -12 16 15 14 -16 -17 17 18 -20 -21 -22
leaf_value=0.0056974973214988789 0.0043313469388680595 -0.0037365110890833736 -0.0025551464061859541 0.0036945624424187706 -0.0033725951544243079 -0.0013579138810679849 0.0026972597177273021 0.0026005195167546195 0.00036749945210789428 -0.00063793373622158612 -0.0022343787688785181 -0.0022660832065957209 -0.00026908344875485254 0.0023752606527660623 -0.0018835789189050171 -0.0024919358883180396 0.0016924812516502397 -0.001013149233877017 0.00083438623842808609 -4.0352249191562739e-05 0.0016848761830889005
leaf_weight=316 441 423 396 508 422 525 453 466 8553 2906 481 491 431 359 322 320 751 4436 965 8463 440
leaf_count=316 441 423 396 508 422 525 453 466 8553 2906 481 491 431 359 322 320 751 4436 965 8463 440
internal_value=-8.85006e-06 0.000184293 -7.1526e-06 0.00122294 0.000540925 -0.000653058 0.000520403 0.000120882 2.3412e-05 0.000112522 -0.00017285 -0.000115513 0.000856749 0.00205277 0.000361536 -0.000144458 -0.000256338 -0.000188819 -0.000683049 0.000100885 0.000717991
internal_weight=32868 15093 12744 2349 1841 1400 978 12321 11855 11459 17775 17294 2188 997 681 1191 15106 14615 5401 9214 871
internal_count=32868 15093 12744 2349 1841 1400 978 12321 11855 11459 17775 17294 2188 997 681 1191 15106 14615 5401 9214 871
is_linear=0
shrinkage=0.12


Tree=85
num_leaves=27
num_cat=0
split_feature=65 65 82 65 76 65 62 1 18 65 1 1 27 48 48 68 82 54 46 1 65 9 80 27 21 18
split_gain=0.0942939 1.00483 1.43555 0.234672 0.337884 0.325847 0.446 0.873024 0.350517 0.280954 0.263807 0.238358 0.222671 0.201771 0.189548 0.183061 0.503456 0.116649 0.0997276 0.0648948 0.159776 0.0672419 0.093239 0.0213464 0.025738 0.0119099
threshold=3.5906250476837163 4.0156250000000009 0.37500000000000006 6.1281249523162851 1.0000000180025095e-35 7.8281250000000009 3.642181515693665 243.85499572753909 0.29270832240581518 9.0156250000000018 221.37500000000003 269.49499511718756 67.311752319335952 1.3968749642372134 0.93437498807907116 65.500000000000014 0.62500000000000011 0.10600046813488008 0.22125723958015445 316.23500061035162 2.3843749761581425 2.5000000000000004 0.37500000000000006 94.359397888183608 3.1034250259399419 0.27135416865348821
decision_type=2 2 2 2 2 2 2 2 2 2 2 2 2 2 2 2 2 2 2 2 2 2 2 2 2 2
left_child=15 2 -2 4 10 6 8 -8 -5 13 12 -6 -3 -7 -11 16 -1 -18 -12 20 21 22 -17 24 -21 -26
right_child=1 3 -4 5 11 9 7 -9 -10 14 18 -13 -14 -15 -16 19 17 -19 -20 23 -22 -23 -24 -25 25 -27
leaf_value=-0.0044890494354579112 -0.0018706244138255715 -0.0012035846505719034 0.0076662300352765356 -0.00067292968409483791 0.0032609673043330614 -0.0028374231048039471 0.0071904417325609491 -0.00017217214002377838 0.0025754271727716181 0.0024761986529058476 -0.00025828708263094289 -0.00085348509206994994 -0.0046167010156522997 -0.00044805650094295504 8.6745224882078508e-06 -0.0007033660888021415 0.0021153370660463222 -0.0011324393971674791 -0.0020629855841418428 0.00021940564177869862 0.0026215716485971556 0.0012952699044795608 0.00076953576477284196 -0.0016230908227203699 -0.00051007976047509141 -0.0013728119878320206
leaf_weight=537 375 552 577 1575 436 838 455 473 687 462 1913 379 549 1296 15106 2248 320 317 573 433 340 435 854 328 509 421
leaf_count=537 375 552 577 1575 436 838 455 473 687 462 1913 379 549 1296 15106 2248 320 317 573 433 340 435 854 328 509 421
internal_value=-2.04768e-05 8.23503e-05 0.00390959 -6.1697e-05 -0.000857981 0.000106082 0.00122247 0.00343773 0.00031364 -9.50966e-05 -0.00135911 0.00134762 -0.00290549 -0.00138634 8.19014e-05 -0.000420774 -0.00178253 0.000499097 -0.000674253 -0.00013365 0.000136908 -0.000101934 -0.000297867 -0.000753965 -0.000544814 -0.000900628
internal_weight=32988 26246 952 25294 4402 20892 3190 928 2262 17702 3587 815 1101 2134 15568 6742 1174 637 2486 5568 3877 3537 3102 1691 1363 930
internal_count=32988 26246 952 25294 4402 20892 3190 928 2262 17702 3587 815 1101 2134 15568 6742 1174 637 2486 5568 3877 3537 3102 1691 1363 930
is_linear=0
shrinkage=0.12


Tree=86
num_leaves=19
num_cat=0
split_feature=7 65 65 80 86 65 23 60 67 81 8 53 49 56 65 4 32 79
split_gain=0.0858506 0.0946176 0.974444 0.220753 0.168743 0.293938 0.241479 0.179596 0.159427 0.588103 0.521349 0.116103 0.23289 0.1431 0.0778446 0.0477877 0.0458607 0.0394298
threshold=12.887683868408205 3.6437500715255742 3.9281250238418584 1.0000000180025095e-35 1.0000000180025095e-35 5.7843749523162851 12.225486755371096 3.6093750000000004 1.0000000180025095e-35 1.0000000180025095e-35 1.0000000180025095e-35 -0.1760241091251373 0.070563111454248442 1.2062500119209292 3.0781250000000004 0.75084999203681957 0.53950831294059765 1.0000000180025095e-35
decision_type=2 2 2 2 2 2 2 2 2 2 2 2 2 2 2 2 2 2
left_child=1 8 3 -3 5 6 -4 -7 14 10 -10 13 -13 -6 15 16 -1 -17
right_child=-2 2 4 -5 11 7 -8 -9 9 -11 -12 12 -14 -15 -16 17 -18 -19
leaf_value=-0.00218703029907618 -0.0015784753113635816 0.0066332502253913161 -0.00085529041717093233 0.0022702604903756911 0.001138750005068744 0.00031391502796096937 -0.0038232174867295042 -0.00061380407292201458 -0.0059583398879341845 0.0022246457552606825 -0.00014816299350023634 0.0018672220408625822 0.00023261208808409637 -0.0019292950089867861 0.001637971470870895 8.9553996316353178e-05 -0.00016943244272233724 -0.00080341007348800524
leaf_weight=328 500 362 1724 310 333 7815 512 4882 486 402 410 1502 7636 639 344 3594 321 888
leaf_count=328 500 362 1724 310 333 7815 512 4882 486 402 410 1502 7636 639 344 3594 321 888
internal_value=-1.80196e-05 5.99626e-06 0.000111096 0.00462056 -9.90999e-06 -0.000266213 -0.00153489 -4.27932e-05 -0.000393036 -0.00158875 -0.00329967 0.000368662 0.000501291 -0.000878206 -0.00010956 -0.000226721 -0.00118911 -8.73653e-05
internal_weight=32988 32488 25715 672 25043 14933 2236 12697 6773 1298 896 10110 9138 972 5475 5131 649 4482
internal_count=32988 32488 25715 672 25043 14933 2236 12697 6773 1298 896 10110 9138 972 5475 5131 649 4482
is_linear=0
shrinkage=0.12


Tree=87
num_leaves=14
num_cat=0
split_feature=46 54 40 65 52 4 46 54 54 21 64 0 64
split_gain=0.0726972 0.0811343 0.201002 0.39276 0.183551 0.11019 0.489628 0.154939 0.132912 0.125205 0.443975 0.157474 0.100921
threshold=0.65833944082260143 0.38186216354370123 0.13604241609573367 8.0031251907348651 2.2593749761581425 3.7098000049591069 0.091179769486188902 0.31834150850772863 0.12430581822991373 1.8891083002090456 43.500000000000007 20.014200210571293 32.500000000000007
decision_type=2 2 2 2 2 2 2 2 2 2 2 2 2
left_child=1 5 3 -3 -4 7 -7 9 -8 10 -1 -11 -9
right_child=-2 2 4 -5 -6 6 8 12 -10 11 -12 -13 -14
leaf_value=-0.00016075347786584653 0.0017093751935392681 0.002533777780952456 0.00038806286259616989 -0.0024424584836701736 0.0039482535211810849 0.0051784657850236573 0.0010458226560444478 -0.0031594693686051796 -0.0022567578062404384 0.00015515682314808649 -0.0030322525554822223 -0.0012970551076063536 -0.00060488419884573532
leaf_weight=6809 348 382 431 568 404 304 355 378 347 20109 875 1136 542
leaf_count=6809 348 382 431 568 404 304 355 378 347 20109 875 1136 542
internal_value=-1.58573e-05 -3.42513e-05 0.000752345 -0.000441488 0.0021106 -7.97569e-05 0.00115549 -0.000121388 -0.000586649 -7.26329e-05 -0.00048774 7.7505e-05 -0.00165449
internal_weight=32988 32640 1785 950 835 30855 1006 29849 702 28929 7684 21245 920
internal_count=32988 32640 1785 950 835 30855 1006 29849 702 28929 7684 21245 920
is_linear=0
shrinkage=0.12


Tree=88
num_leaves=7
num_cat=0
split_feature=71 6 58 58 4 32
split_gain=0.0649369 0.0727847 0.0691534 0.102352 0.069509 0.118814
threshold=-10.94489812850952 10.948400020599367 -6.7597177028655997 -0.4691972136497497 3.924300074577332 0.062241878360509879
decision_type=2 2 2 2 2 2
left_child=-1 2 -2 -4 5 -5
right_child=1 -3 3 4 -6 -7
leaf_value=0.0015018788570670216 -0.0017473027524935853 -0.0017366756978219751 0.0021260225487963504 0.0014427126678645819 0.0014547342652311691 -7.6351077815177372e-05
leaf_weight=402 328 357 324 760 455 30362
leaf_count=402 328 357 324 760 455 30362
internal_value=-1.39544e-05 -3.26546e-05 -1.37792e-05 4.04456e-06 -1.77283e-05 -3.92555e-05
internal_weight=32988 32586 32229 31901 31577 31122
internal_count=32988 32586 32229 31901 31577 31122
is_linear=0
shrinkage=0.12


Tree=89
num_leaves=24
num_cat=0
split_feature=18 58 50 28 62 49 33 0 68 27 64 18 61 1 1 10 57 46 6 28 53 32 69
split_gain=0.06296 0.228405 0.171971 0.235441 0.146865 0.145314 0.260475 0.152042 0.135192 0.164006 0.129035 0.109779 0.133945 0.175952 0.104785 0.243121 0.0845902 0.145367 0.228463 0.0964072 0.379925 0.12499 0.0462277
threshold=0.22604166716337207 1.123107969760895 0.1299017816781998 39.766675949096687 2.8185948133468632 0.038182983174920089 1.1251428723335268 12.098999977111818 12.500000000000002 64.852874755859389 22.500000000000004 0.23567708581686023 -4.4983279705047599 238.45999908447268 115.52999877929689 1.0000000180025095e-35 -28.340850830078121 0.2114241570234299 7.171649932861329 -5.4822592735290518 -0.092212311923503862 0.19558265805244449 29.500000000000004
decision_type=2 2 2 2 2 2 2 2 2 2 2 2 2 2 2 2 2 2 2 2 2 2 2
left_child=1 5 8 -4 -5 -1 7 10 9 -3 -7 12 -2 -14 15 -13 17 18 -16 20 -18 -21 -15
right_child=11 2 3 4 -6 6 -8 -9 -10 -11 -12 14 13 22 16 -17 19 -19 -20 21 -22 -23 -24
leaf_value=0.0015302904524584077 0.0010588363342592172 0.0027961660927557602 0.0044657470073026654 0.0028539912559757555 -0.00035923754139641131 -0.00048804277144457218 -0.0040661549576597802 -0.0018477726381183304 -0.0011590415977950912 -0.00084194572980278253 0.0026577964580523673 -0.0030085562680635491 -0.0034452229860541146 -0.0014270184385313123 -0.00040026647438976118 0.00096195832230573479 0.00015128306431746921 0.001380987753399932 -0.0042655329225048909 -0.0017235287478854502 0.0043774929539688338 4.0851804854489553e-05 0.00056212757453900995
leaf_weight=390 327 428 421 353 488 467 329 536 591 306 314 514 481 339 716 391 1991 308 318 594 362 21690 334
leaf_count=390 327 428 421 353 488 467 329 536 591 306 314 514 481 339 716 391 1991 308 318 594 362 21690 334
internal_value=-1.22799e-05 0.000398364 0.00114664 0.00214915 0.000989478 -0.000552419 -0.00104589 -0.0002914 0.000191796 0.00127946 0.000776738 -7.92076e-05 -0.00108502 -0.00169251 -2.37986e-05 -0.00129312 2.04192e-05 -0.000907367 -0.001589 7.09566e-05 0.000801469 -6.17934e-06 -0.000439835
internal_weight=32988 4623 2587 1262 841 2036 1646 1317 1325 734 781 28365 1481 1154 26884 905 25979 1342 1034 24637 2353 22284 673
internal_count=32988 4623 2587 1262 841 2036 1646 1317 1325 734 781 28365 1481 1154 26884 905 25979 1342 1034 24637 2353 22284 673
is_linear=0
shrinkage=0.12


Tree=90
num_leaves=26
num_cat=0
split_feature=13 68 82 65 40 64 58 65 11 64 82 61 82 60 82 30 65 32 33 28 61 22 22 5 40
split_gain=0.107315 0.295352 0.511872 0.211331 0.402072 0.236326 0.179391 0.129663 0.120478 0.217372 0.285526 0.202045 0.299045 0.268181 0.954536 0.18876 0.141065 0.113316 0.209375 0.110829 0.148683 0.0676481 0.0901232 0.0285572 0.016638
threshold=0.68410000205039989 11.500000000000002 0.62500000000000011 9.4197916984558123 0.068791072815656676 15.500000000000002 -1.0000000180025095e-35 9.9395833015441912 2.189849972724915 44.500000000000007 0.37500000000000006 -5.3614199161529532 0.37500000000000006 1.5843749642372134 0.37500000000000006 0.74687498807907116 6.7218749523162851 0.1255467161536217 1.2453428506851199 124.84908676147462 -0.93040266633033741 9.5478835105896014 9.1575999259948748 7.9488999843597421 0.19006760418415072
decision_type=2 2 2 2 2 2 2 2 2 2 2 2 2 2 2 2 2 2 2 2 2 2 2 2 2
left_child=1 2 -1 5 -5 23 -6 -8 9 11 -11 12 -2 16 -15 -14 -13 -10 21 20 -7 22 -19 24 -3
right_child=8 3 -4 4 6 19 7 -9 17 10 -12 13 15 14 -16 -17 -18 18 -20 -21 -22 -23 -24 -25 -26
leaf_value=0.0057033741563343654 0.0035503862019166782 0.00031405310659166975 -0.00034795287838978062 0.0048914900594232338 0.0027589321342887932 -0.0049432881619336554 -0.0020527019807880364 0.0005602317449733172 -0.0017832121370524817 -0.0052408208949461625 -0.00029168719453454142 -0.00058424447094970104 0.0016151980026892279 -0.0049352581246410298 0.00070466649671851241 -0.002566490818890346 0.00086910894879982771 -1.440970705750271e-05 0.0031306900446926027 -0.00037021789813368786 -0.0011988083836622537 -0.0017226194765063978 0.0011002396591055813 0.0013199461037300634 -0.00069145702819436593
leaf_weight=390 448 804 416 323 312 311 457 681 486 313 362 2848 305 792 951 317 1452 17969 317 328 300 315 1109 308 336
leaf_count=390 448 804 416 323 312 311 457 681 486 313 362 2848 305 792 951 317 1452 17969 317 328 300 315 1109 308 336
internal_value=-3.64337e-05 0.000477651 0.00258011 7.02998e-05 0.0010627 -0.00066683 0.000209807 -0.000489075 -0.000127662 -0.000528622 -0.00258662 -0.000333325 0.00118657 -0.000602444 -0.00185805 -0.000515984 -9.34842e-05 2.69558e-05 7.15901e-05 -0.00214956 -0.00310475 2.15858e-05 5.03846e-05 0.000294691 1.76922e-05
internal_weight=32950 4966 806 4160 1773 2387 1450 1138 27984 7788 675 7113 1070 6043 1743 622 4300 20196 19710 939 611 19393 19078 1448 1140
internal_count=32950 4966 806 4160 1773 2387 1450 1138 27984 7788 675 7113 1070 6043 1743 622 4300 20196 19710 939 611 19393 19078 1448 1140
is_linear=0
shrinkage=0.12


Tree=91
num_leaves=24
num_cat=0
split_feature=13 14 21 48 45 48 45 65 22 21 74 52 74 45 50 22 54 56 49 56 82 74 23
split_gain=0.0831045 0.22733 0.132031 0.272217 0.247428 0.216433 0.129702 0.133022 0.107617 0.26541 0.289931 0.303707 0.257639 0.377392 0.415321 0.138143 0.264748 0.086265 0.337524 0.180659 0.144394 0.0996203 0.0854213
threshold=0.68410000205039989 2.9780530929565434 1.4603000283241274 1.5406250357627871 0.19276671111583712 1.8281250000000002 0.19967884570360186 9.9395833015441912 4.4307668209075937 1.4773749709129336 0.7648521661758424 1.9468750357627871 2.5687114000320439 0.27426412701606756 0.13881155103445056 4.650083303451539 0.13972757011651996 7.2250001430511483 0.17623231559991839 6.5156250000000009 1.0000000180025095e-35 0.10182027891278268 7.3021590709686288
decision_type=2 2 2 2 2 2 2 2 2 2 2 2 2 2 2 2 2 2 2 2 2 2 2
left_child=1 2 3 4 -1 6 -4 -8 9 10 11 -2 13 14 -11 16 -10 19 -19 20 -17 -20 -15
right_child=8 -3 5 -5 -6 -7 7 -9 15 12 -12 -13 -14 22 -16 17 -18 18 21 -21 -22 -23 -24
leaf_value=-0.0019884369636159797 -0.00043675652355597879 0.003152321860656834 0.0019061603362364159 0.0043626267989150909 0.0023313463772088286 -0.0030833872931674438 -0.00079657127168496374 0.0010111935272339037 -3.1350870233516687e-05 0.00031031121920491281 0.00036652224416659556 -0.0052280952408300645 -0.002621306612403799 -0.00022453880383030899 0.0055192535057466754 -0.0006425742016982302 0.0043674755405110777 0.0044106382189668166 0.00063554211824812224 -0.0025854177560500477 0.00011033490001335665 -0.0019659438923236377 -0.0022257382026619576
leaf_weight=389 302 403 498 307 375 334 1788 872 574 571 438 516 513 2059 359 4807 300 301 675 419 15480 309 361
leaf_count=389 302 403 498 307 375 334 1788 872 574 571 438 516 513 2059 359 4807 300 301 675 419 15480 309 361
internal_value=-3.20617e-05 0.000420333 0.000179046 0.00134461 0.000131876 -0.000178434 0.000128803 -0.000203951 -0.000112343 -0.000609691 -0.00212505 -0.00345917 -0.000116994 0.000266502 0.00232107 -9.96997e-07 0.00147854 -5.97992e-05 0.000894254 -0.000119007 -6.80667e-05 -0.000181388 -0.000523065
internal_weight=32950 4966 4563 1071 764 3492 3158 2660 27984 5119 1256 818 3863 3350 930 22865 874 21991 1285 20706 20287 984 2420
internal_count=32950 4966 4563 1071 764 3492 3158 2660 27984 5119 1256 818 3863 3350 930 22865 874 21991 1285 20706 20287 984 2420
is_linear=0
shrinkage=0.12


Tree=92
num_leaves=18
num_cat=0
split_feature=5 74 56 1 56 52 23 58 56 49 32 40 4 61 56 57 32
split_gain=0.0838007 0.0891835 0.173844 0.349571 0.236158 0.345318 0.159065 0.210832 0.128882 0.365628 0.121023 0.099943 0.0930324 0.116718 0.0699108 0.0661706 0.0560898
threshold=9.0841002464294451 0.4111189097166062 3.3531249761581425 270.16500854492193 2.6781250238418584 2.2156250476837163 2.7416003942489628 0.32865414023399359 7.2250001430511483 0.17623231559991839 0.2173741236329079 0.18292454630136493 3.8293000459671025 4.45119333267212 10.281250000000002 -30.968299865722653 0.55564683675766002
decision_type=2 2 2 2 2 2 2 2 2 2 2 2 2 2 2 2 2
left_child=1 8 4 10 6 -6 -3 -8 12 -10 -4 16 13 15 -11 -1 -5
right_child=-2 2 3 11 5 -7 7 -9 9 14 -12 -13 -14 -15 -16 -17 -18
leaf_value=0.0016706358735715705 0.0017506203025706676 -0.0027153923811699945 -0.0012082914395074005 -0.0017479601151709045 0.0048665334114948141 -0.00072714264962786264 0.0017898746374455032 -0.00031884317272656398 0.0043974562928405679 -0.00087993210860472367 -0.0041741268007640699 0.0018168264796978016 0.0020118301461693345 -0.002010943844818429 0.0011622277327867753 4.125241481756358e-06 0.00046110464997472242
leaf_weight=350 377 364 306 350 325 311 738 9120 380 552 562 344 334 410 429 17384 314
leaf_count=350 377 364 306 350 325 311 738 9120 380 552 562 344 334 410 429 17384 314
internal_value=-2.82143e-05 -4.88025e-05 -0.000296643 -0.00136333 -0.000112345 0.00213126 -0.000251939 -0.000160978 0.000110278 0.00123726 -0.00312857 0.000156735 2.72703e-05 -9.26208e-06 1.31225e-05 3.70157e-05 -0.000703312
internal_weight=32950 32573 12734 1876 10858 636 10222 9858 19839 1361 868 1008 18478 18144 981 17734 664
internal_count=32950 32573 12734 1876 10858 636 10222 9858 19839 1361 868 1008 18478 18144 981 17734 664
is_linear=0
shrinkage=0.12


Tree=93
num_leaves=14
num_cat=0
split_feature=57 82 57 28 74 53 49 54 2 46 67 29 46
split_gain=0.0740478 0.175438 0.144342 0.073936 0.21676 0.217572 0.218229 0.0706878 0.205811 0.407835 0.136953 0.107533 0.0937604
threshold=0.57472658157348644 0.37500000000000006 0.32573924958705908 -7.2346689701080313 5.0592715740203866 -0.10220052674412726 -0.0072546610608696929 0.099409911781549468 0.36715999245643621 0.085260447114706053 2.5000000000000004 4.5000000000000009 0.14379886537790301
decision_type=2 2 2 2 2 2 2 2 2 2 2 2 2
left_child=2 -2 3 4 5 6 -1 11 9 -9 -10 12 -5
right_child=1 -3 -4 7 -6 -7 -8 8 10 -11 -12 -13 -14
leaf_value=2.8031090392031554e-05 0.0032514919145514797 -0.0006549220419496992 -0.0024991689042311088 2.3526802589555218e-05 -0.0031877073005886236 0.0026917103099057802 -0.0024853914037870077 -0.00067642630378756676 0.00018014165715230255 0.0028416235594890715 -0.0010238338175849468 0.0015410854899308632 -0.00066014338656747321
leaf_weight=2152 320 343 343 7420 396 333 647 818 12281 1130 1530 507 4730
leaf_count=2152 320 343 343 7420 396 333 647 818 12281 1130 1530 507 4730
internal_value=-2.48286e-05 0.00123053 -5.06067e-05 -2.43152e-05 -0.000542437 -0.000207978 -0.000552957 4.00124e-05 0.000209631 0.00136433 4.67637e-05 -0.000171176 -0.000242626
internal_weight=32950 663 32287 31944 3528 3132 2799 28416 15759 1948 13811 12657 12150
internal_count=32950 663 32287 31944 3528 3132 2799 28416 15759 1948 13811 12657 12150
is_linear=0
shrinkage=0.12


Tree=94
num_leaves=20
num_cat=0
split_feature=57 46 46 71 68 49 18 18 82 18 80 27 40 60 4 33 81 11 6
split_gain=0.0700616 0.210679 0.242292 0.180309 0.163055 0.1432 0.157719 0.134257 0.159027 0.13334 0.115283 0.104384 0.103636 0.103562 0.0760978 0.099433 0.339859 0.142026 0.0585894
threshold=-10.614534854888914 0.092667363584041609 0.13745428621768954 19999955.000000004 17.500000000000004 0.19436916708946231 0.25807291269302374 0.16250000149011615 0.37500000000000006 0.24114582687616351 0.37500000000000006 23.051969528198246 0.10841513797640802 2.0843750238418584 3.8293000459671025 1.2765713930130007 1.0000000180025095e-35 1.0189499855041506 3.8490000963211064
decision_type=2 2 2 2 2 2 2 2 2 2 2 2 2 2 2 2 2 2 2
left_child=1 9 3 -3 5 -4 -7 8 -2 -1 12 -9 -11 -5 15 17 -17 -13 -10
right_child=7 2 4 13 -6 6 -8 11 18 10 -12 14 -14 -15 -16 16 -18 -19 -20
leaf_value=0.00048749371734561534 -0.002632773004406772 0.0037139765432370512 -0.0028149227105563374 -0.0012289675593841821 0.0012293843557275028 -0.0020043552202289316 0.001139702734387921 0.002282072292538895 0.0013178224705712638 -0.0015186311097904329 -0.00040533562768560639 0.0018621472935462051 -0.004390751688499072 0.0018815609412641471 0.0014597444666559507 -0.0021916471357148557 0.002100843135844866 5.5441998911096106e-05 -0.00084909299185450702
leaf_weight=307 576 372 560 300 487 445 475 313 300 315 308 643 425 317 562 935 371 24491 448
leaf_count=307 576 372 560 300 487 445 475 313 300 315 308 643 425 317 562 935 371 24491 448
internal_value=-2.18491e-05 -0.000472856 9.51076e-05 0.00162726 -0.000675255 -0.00130198 -0.000381064 4.60405e-05 -0.00113408 -0.0017119 -0.00235618 0.000103243 -0.00316816 0.000369148 7.79864e-05 4.86162e-05 -0.000972264 0.000101663 1.99907e-05
internal_weight=32950 4311 2956 989 1967 1480 920 28639 1324 1355 1048 27315 740 617 27002 26440 1306 25134 748
internal_count=32950 4311 2956 989 1967 1480 920 28639 1324 1355 1048 27315 740 617 27002 26440 1306 25134 748
is_linear=0
shrinkage=0.12


Tree=95
num_leaves=11
num_cat=0
split_feature=5 54 40 22 7 12 68 82 61 52
split_gain=0.0667476 0.0751755 0.262999 0.088172 0.0671856 0.250631 0.247542 0.997325 0.132643 0.0772687
threshold=9.0841002464294451 0.45587477087974554 0.13604241609573367 0.90752500295639049 9.3781614303588885 3.2984999418258671 16.500000000000004 0.37500000000000006 -1.5103529095649717 2.5156250000000004
decision_type=2 2 2 2 2 2 2 2 2 2
left_child=1 3 -3 -1 5 -5 7 -6 -8 -7
right_child=-2 2 -4 4 6 9 8 -9 -10 -11
leaf_value=-0.002082483012563429 0.001624035094818496 -0.00073260006035028513 0.0030451561503454026 -0.0027071433477375054 0.0069052426450932547 -0.00016704780218960153 0.0010740438292763507 -0.00076219906045528322 -0.00044900374494828547 0.00040543098474314692
leaf_weight=310 353 595 479 532 380 21157 1101 684 3266 4044
leaf_count=310 353 595 479 532 380 21157 1101 684 3266 4044
internal_value=-1.71939e-05 -3.49939e-05 0.000952265 -6.86825e-05 -4.86505e-05 -0.000129595 0.000334878 0.00197617 -6.50158e-05 -7.51822e-05
internal_weight=32901 32548 1074 31474 31164 25733 5431 1064 4367 25201
internal_count=32901 32548 1074 31474 31164 25733 5431 1064 4367 25201
is_linear=0
shrinkage=0.12


Tree=96
num_leaves=25
num_cat=0
split_feature=74 56 32 32 74 74 33 49 49 21 21 21 57 74 1 52 80 63 49 11 49 22 23 22
split_gain=0.0684488 0.15129 0.105262 0.223224 0.172512 0.161018 0.102796 0.123374 0.115283 0.10169 0.0988052 0.199971 0.198413 0.177474 0.190116 0.311484 0.174436 0.0749598 0.351944 0.0731943 0.099405 0.0799025 0.0668246 0.063902
threshold=0.4111189097166062 6.5156250000000009 0.23252121359109881 0.21483650803565982 13.747585296630861 0.72111883759498607 1.1337857246398928 0.077312760055065169 0.12092489749193193 2.7240833044052128 1.6168000102043154 1.6855750083923342 -7.1367123126983634 0.16257671266794207 146.54499816894534 2.2843749523162846 0.37500000000000006 1.0000000180025095e-35 0.18954253941774371 2.1629999876022343 -0.0028394807595759626 1.6062750220298769 8.7494397163391131 2.6768000125885014
decision_type=2 2 2 2 2 2 2 2 2 2 2 2 2 2 2 2 2 2 2 2 2 2 2 2
left_child=10 2 3 4 5 -2 7 -4 -9 -3 12 -12 -1 14 22 -16 -15 19 -19 20 -13 -21 -14 -20
right_child=1 9 6 -5 -6 -7 -8 8 -10 -11 11 17 13 16 15 -17 -18 18 23 21 -22 -23 -24 -25
leaf_value=0.0029545205638926665 -0.0017488735932800886 -0.0036540289239957928 -0.0023561532550574107 -0.0028432159422838261 -0.0027246549878707257 0.00048242539966885766 0.0022455728151304284 0.0023871117674528334 1.4572375359317229e-05 -0.00052956481785513458 -0.0028622045171626921 0.00046599940693646779 0.00016237082335560565 -0.0026878990702688815 0.00062531163193446236 0.0041966018847626732 0.00080525735440409882 0.0040570662585998471 -0.0013107473315300282 0.0019317315440515047 -0.0023506812829521147 -3.7850420415808529e-05 -0.0021349312932199393 0.0003870988713715126
leaf_weight=474 583 300 304 574 368 2315 309 307 7493 300 347 303 409 479 1677 445 361 373 405 304 446 12189 329 1507
leaf_count=474 583 300 304 574 368 2315 309 307 7493 300 347 303 409 479 1677 445 361 373 405 304 446 12189 329 1507
internal_value=-1.51306e-05 -0.000231299 -0.000140195 -0.000660796 -0.000277236 3.35478e-05 9.74261e-05 1.55187e-05 0.000107953 -0.0020918 0.000123458 -1.31481e-05 0.000642978 0.000346851 0.000797256 0.00137424 -0.00118667 5.05231e-05 0.000685248 -5.90031e-05 -0.00121122 1.00767e-05 -0.000861765 2.74609e-05
internal_weight=32901 12853 12253 3840 3266 2898 8413 8104 7800 600 20048 15874 4174 3700 2860 2122 840 15527 2285 13242 749 12493 738 1912
internal_count=32901 12853 12253 3840 3266 2898 8413 8104 7800 600 20048 15874 4174 3700 2860 2122 840 15527 2285 13242 749 12493 738 1912
is_linear=0
shrinkage=0.12


Tree=97
num_leaves=13
num_cat=0
split_feature=21 21 54 50 12 48 32 44 7 4 32 52
split_gain=0.069818 0.130894 0.0879442 0.267805 0.364932 0.197834 0.0785738 0.189098 0.320977 0.209744 0.152633 0.0853921
threshold=0.20029167085886004 0.39499999582767492 0.38186216354370123 0.065011579543352141 5.2388000488281259 1.5843749642372134 0.1255467161536217 0.92187500000000011 6.0626285076141366 3.0240000486373906 0.14946739375591281 2.8718750476837163
decision_type=2 2 2 2 2 2 2 2 2 2 2 2
left_child=-1 -2 6 -4 -5 -6 7 8 -3 -9 -8 -12
right_child=1 2 3 4 5 -7 10 9 -10 -11 11 -13
leaf_value=-0.0016413358843349851 0.0021573844414166129 -0.0037323445226373538 -0.0023949963167471471 0.0042273014528275829 0.0015442700592300583 -0.0019358600287609625 0.0022990403137033402 -0.00098781855611839516 0.00059745097415797881 0.0028504402601827743 -1.576668939979582e-05 -0.0012289014798412723
leaf_weight=375 402 593 311 472 595 389 403 536 422 332 27209 862
leaf_count=375 402 593 311 472 595 389 403 536 422 332 27209 862
internal_value=-1.33149e-05 5.45489e-06 -2.14744e-05 0.00080149 0.00148426 0.000168487 -6.9377e-05 -0.000820117 -0.00193217 0.000480271 -1.97301e-05 -5.30194e-05
internal_weight=32901 32526 32124 1767 1456 984 30357 1883 1015 868 28474 28071
internal_count=32901 32526 32124 1767 1456 984 30357 1883 1015 868 28474 28071
is_linear=0
shrinkage=0.12


Tree=98
num_leaves=29
num_cat=0
split_feature=69 65 65 49 27 35 80 64 62 33 74 0 2 40 57 64 46 0 32 0 22 0 32 54 65 46 12 48
split_gain=0.0639112 0.196066 0.690984 0.186085 0.385494 0.289463 0.183444 0.150548 0.407831 0.4878 0.211732 0.190745 0.185402 0.402774 0.184851 0.289363 0.164039 0.161233 0.268326 0.148027 0.145387 0.142652 0.131194 0.130733 0.100605 0.0717897 0.132047 0.0637944
threshold=32.500000000000007 3.9281250238418584 3.7656250000000004 0.18074860423803332 75.917819976806655 0.9224643111228944 1.0000000180025095e-35 29.500000000000004 3.3620977401733403 0.94338572025299083 16.778708457946781 8.4653000831604022 0.32677999138832098 0.068791072815656676 -1.5140753388404844 25.500000000000004 0.1393346190452576 6.8789498805999765 0.31555469334125524 11.034049987792971 1.1113583445549013 6.0652499198913583 0.31273244321346289 0.2195331156253815 3.5093749761581425 0.071820840239524855 9.5121498107910174 1.2718749642372134
decision_type=2 2 2 2 2 2 2 2 2 2 2 2 2 2 2 2 2 2 2 2 2 2 2 2 2 2 2 2
left_child=7 2 23 4 5 -3 -6 8 14 -10 11 17 13 -13 16 19 -1 21 -19 -16 -14 -9 -5 24 27 -24 -27 -2
right_child=1 3 -4 22 6 -7 -8 10 9 -11 -12 12 20 -15 15 -17 -18 18 -20 -21 -22 -23 25 -25 -26 26 -28 -29
leaf_value=0.00035742042338533791 0.00025846214920813 0.0023940998664553704 0.0056454678269010402 0.0019305346876555243 -0.0056732657014742019 -0.0019899956242943168 -0.0018544955443244725 0.0017069801347394126 0.00048985478465531974 0.0064816800798587811 -0.0025764597045740694 0.00170754837274259 0.0019800731515629997 -0.0021835478661236937 -0.001546808787662007 0.0032718277714410943 -0.0030381049811341134 0.0050058267483213317 0.00075351492122190491 0.00070240957299711783 -2.4796524358359292e-05 -0.0018668964865207424 0.00074434152876775466 -0.0020260486662425515 0.0020106441895142578 -0.00039296597560901822 -0.0025290596665107166 -0.00060351800141640361
leaf_weight=400 3479 370 320 343 389 524 339 306 430 359 463 516 544 1487 590 502 420 336 587 1474 12241 339 535 457 365 2362 506 1918
leaf_count=400 3479 370 320 343 389 524 339 306 430 359 463 516 544 1487 590 502 420 336 587 1474 12241 339 535 457 365 2362 506 1918
internal_value=-1.17172e-05 -0.000233798 0.000207398 -0.000771239 -0.00184495 -0.000175549 -0.00389502 0.000114239 0.000759214 0.00321617 -4.5864e-05 2.57712e-05 -0.000107669 -0.00118115 0.000186697 0.000687916 -0.00138175 0.00128427 0.00230149 5.94644e-05 6.05104e-05 -0.000171383 -0.000306325 -7.24195e-05 8.25282e-05 -0.000531786 -0.000769836 -4.78706e-05
internal_weight=32901 11907 6539 5368 1622 894 728 20994 4175 789 16819 16356 14788 2003 3386 2566 820 1568 923 2064 12785 645 3746 6219 5762 3403 2868 5397
internal_count=32901 11907 6539 5368 1622 894 728 20994 4175 789 16819 16356 14788 2003 3386 2566 820 1568 923 2064 12785 645 3746 6219 5762 3403 2868 5397
is_linear=0
shrinkage=0.12


Tree=99
num_leaves=26
num_cat=0
split_feature=18 69 54 50 53 80 64 65 65 65 1 57 27 54 23 6 12 54 82 46 0 40 46 65 12
split_gain=0.0584438 0.0678928 0.162117 0.549918 0.331953 0.403222 0.256219 0.161815 0.414052 0.148546 0.14814 0.182537 0.22204 0.133785 0.133143 0.136251 0.16005 0.102346 0.0977882 0.0958974 0.0895996 0.0940028 0.0809357 0.0775755 0.0762925
threshold=0.025000000372529033 31.500000000000004 0.27248100936412817 0.10063131526112558 0.11889645457267763 0.37500000000000006 34.500000000000007 3.9281250238418584 3.7656250000000004 11.389583110809328 256.22500610351568 -0.075617834925651536 84.523887634277358 0.13881155103445056 12.387803077697756 2.5800499916076665 7.0578501224517831 0.2195331156253815 0.37500000000000006 0.071820840239524855 6.4979500770568857 0.25656346976757055 0.13393942266702655 3.5093749761581425 9.5512499809265154
decision_type=2 2 2 2 2 2 2 2 2 2 2 2 2 2 2 2 2 2 2 2 2 2 2 2 2
left_child=-1 2 14 6 5 -5 -4 8 17 -8 11 13 -13 -9 15 18 -17 23 -2 -12 -16 -22 -6 -3 -21
right_child=1 7 3 4 22 -7 9 10 -10 -11 19 12 -14 -15 20 16 -18 -19 -20 24 21 -23 -24 -25 -26
leaf_value=0.0016189970178105112 -0.0032594165808675526 -3.1672470386114274e-05 0.0013356196181287252 0.0050311616174606305 0.0015358432410188482 -5.4779413260837808e-05 -0.0040679913082042442 -0.0012898037824529581 0.0044462992779874394 -0.00063223877986756096 0.0012816618301098423 0.0003047617955012659 -0.0032537166761282669 -0.0039586729356638718 0.0025825630392969151 -0.00023675503925505489 0.001292708128643243 -0.0017829228264250336 -0.00053064415232256573 -0.00021173295594260864 0.0007135501104487983 -0.00095313737901784213 -0.0011305378049073411 0.0017808838009695746 -0.002067340372693995
leaf_weight=314 344 5371 394 775 314 316 388 559 309 340 541 1097 328 524 303 11921 1074 457 420 2279 2869 587 343 363 371
leaf_count=314 344 5371 394 775 314 316 388 559 309 340 541 1097 328 524 303 11921 1074 457 420 2279 2869 587 343 363 371
internal_value=-1.03111e-05 -2.60107e-05 0.000107971 0.000943977 0.00227478 0.00355806 -0.00112933 -0.000249932 0.000159301 -0.00246338 -0.000716684 -0.00140679 -0.000514313 -0.00258111 -2.89929e-05 -0.000201911 -0.000110349 -5.46677e-05 -0.00175931 -0.000174285 0.000603937 0.000430464 0.000143806 8.30743e-05 -0.000471518
internal_weight=32901 32587 20388 2870 1748 1091 1122 12199 6500 728 5699 2508 1425 1083 17518 13759 12995 6191 764 3191 3759 3456 657 5734 2650
internal_count=32901 32587 20388 2870 1748 1091 1122 12199 6500 728 5699 2508 1425 1083 17518 13759 12995 6191 764 3191 3759 3456 657 5734 2650
is_linear=0
shrinkage=0.12


Tree=100
num_leaves=14
num_cat=0
split_feature=28 82 68 46 33 1 57 45 57 56 21 22 80
split_gain=0.0952932 0.207208 0.187152 0.37713 0.171524 0.108617 0.107922 0.156918 0.182775 0.101727 0.291314 0.0936742 0.0705655
threshold=-70.25765228271483 0.37500000000000006 3.5000000000000004 0.093446753919124617 1.2367857098579409 113.8050003051758 -28.340850830078121 0.22813673317432406 -32.325000762939446 8.0124998092651385 2.6314250230789189 1.3215874433517458 1.0000000180025095e-35
decision_type=2 2 2 2 2 2 2 2 2 2 2 2 2
left_child=1 -1 3 -2 12 -4 7 -7 -9 11 -11 -8 -5
right_child=2 -3 5 4 -6 6 9 8 -10 10 -12 -13 -14
leaf_value=0.0034824845903258547 0.0013441409223981188 -0.00043873549767336399 0.0020136311880874806 8.1740085898405495e-05 -0.0040110922846828025 -0.003307192973389076 -0.0011177993544677625 0.00078126624996991681 -0.0021922864419524801 0.003379567673101355 -0.00062303313856688935 7.3038243644559417e-05 -0.0023524921276536631
leaf_weight=351 566 434 399 340 536 322 987 789 478 488 565 26234 346
leaf_count=351 566 434 399 340 536 322 987 789 478 488 565 26234 346
internal_value=8.3347e-06 0.00131457 -2.3659e-05 -0.00121663 -0.00240271 4.68264e-05 2.05479e-05 -0.000941731 -0.000340563 7.4628e-05 0.00123192 2.98599e-05 -0.00114602
internal_weight=32835 785 32050 1788 1222 30262 29863 1589 1267 28274 1053 27221 686
internal_count=32835 785 32050 1788 1222 30262 29863 1589 1267 28274 1053 27221 686
is_linear=0
shrinkage=0.12


Tree=101
num_leaves=30
num_cat=0
split_feature=56 56 56 83 68 4 46 1 1 50 14 46 28 7 68 0 46 5 27 49 57 62 54 50 57 62 53 60 50
split_gain=0.0938699 0.309348 0.176421 0.302121 0.755132 0.452905 0.164198 0.338455 0.234606 0.209748 0.150192 0.226177 0.184839 0.138256 0.187122 0.120831 0.237653 0.26523 0.147575 0.140942 0.12521 0.120187 0.117848 0.226003 0.161448 0.101606 0.088672 0.0820422 0.00837725
threshold=3.3531249761581425 4.1312499046325692 2.6781250238418584 1.0000000180025095e-35 10.500000000000002 2.109300017356873 0.095785755664110198 142.83499908447268 208.18000030517581 0.13356878608465197 3.9684104919433598 0.15023873001337054 23.458868980407718 3.8536365032196049 14.500000000000002 19.005549430847172 0.11793024092912675 7.728299856185914 83.294452667236342 0.2177708521485329 0.49357125163078314 6.3050396442413339 0.22086705267429355 0.092819664627313628 -27.88637542724609 2.2563859224319462 0.20025352388620379 6.8656251430511483 0.1423565819859505
decision_type=2 2 2 2 2 2 2 2 2 2 2 2 2 2 2 2 2 2 2 2 2 2 2 2 2 2 2 2 2
left_child=2 13 15 4 -4 26 8 -8 9 -3 11 -9 -12 21 -15 20 17 -17 19 -18 22 -2 24 -24 -1 28 -5 -27 -10
right_child=1 6 3 5 -6 -7 7 10 25 -11 12 -13 -14 14 -16 16 18 -19 -20 -21 -22 -23 23 -25 -26 27 -28 -29 -30
leaf_value=-0.0018361200899800671 0.00046604109605038644 0.00070123552085658283 -0.0045465503642973934 -0.0007071380652232508 0.002474382480825682 0.0058550795208384913 -0.0042190203064118269 -0.0040463497243234678 -0.0015293560612694324 0.0051627321023512565 0.0031321151172618482 0.00037174915230692325 -1.4693487467304444e-05 -0.00412695284894653 -0.00047656468742684262 -0.00072174120036335224 -0.0025767769546712915 -0.0051309314164993923 0.002436953039180653 0.00096469472952771156 0.0025305814350437103 -0.002485016910380485 -0.0018751348459805461 9.5695008719216143e-05 0.00026784138801464385 0.0024684672498161467 0.002078929346296823 -0.00014607062573563062 -0.00063479755759472027
leaf_weight=542 514 306 372 329 542 388 307 311 303 301 301 360 2512 568 314 514 304 318 326 346 302 324 1227 2642 16936 317 329 380 300
leaf_count=542 514 306 372 329 542 388 307 311 303 301 301 360 2512 568 314 514 304 318 326 346 302 324 1227 2642 16936 317 329 380 300
internal_value=7.33453e-06 -0.000368239 0.000116946 0.00121066 -0.000383153 0.00260334 5.75212e-05 -0.000399358 0.00096577 0.00291361 -6.27808e-05 -0.00167598 0.000322025 -0.00177869 -0.00282738 2.55589e-05 -0.000916881 -0.00240698 0.000353372 -0.000691624 0.000104266 -0.000674941 6.99405e-05 -0.000529327 0.000202597 5.62793e-05 0.000685896 0.00104304 -0.0010843
internal_weight=32835 7418 25417 1960 914 1046 5698 3791 1907 607 3484 671 2813 1720 882 23457 1808 832 976 650 21649 838 21347 3869 17478 1300 658 697 603
internal_count=32835 7418 25417 1960 914 1046 5698 3791 1907 607 3484 671 2813 1720 882 23457 1808 832 976 650 21649 838 21347 3869 17478 1300 658 697 603
is_linear=0
shrinkage=0.12


Tree=102
num_leaves=14
num_cat=0
split_feature=28 83 68 46 61 56 1 32 50 57 1 57 46
split_gain=0.0733616 0.164973 0.139145 0.268839 0.130836 0.192558 0.0890139 0.074402 0.228999 0.256247 0.137689 0.540639 0.0880342
threshold=-70.25765228271483 1.0000000180025095e-35 3.5000000000000004 0.093446753919124617 -2.6417911052703853 0.96562498807907116 113.8050003051758 0.23252121359109881 0.41455556452274328 -8.6546001434326154 193.30000305175784 -1.868951618671417 0.051720730960369117
decision_type=2 2 2 2 2 2 2 2 2 2 2 2 2
left_child=1 -1 3 -2 -5 -6 -4 8 9 -8 11 -9 -12
right_child=2 -3 6 4 5 -7 7 10 -10 -11 12 -13 -14
leaf_value=0.0030869561500109048 0.0011118096899162637 -0.00041188551919601324 0.0018196576001924371 -9.1787205429864113e-05 -0.0012711797368204472 -0.0048674015119965922 -0.0021134149838015169 0.0047264553232226926 -0.003502645046141476 0.00014160482515702754 0.00076314865199979872 -0.0005516992638198541 -3.3616135744745696e-05
leaf_weight=351 566 434 399 350 492 380 849 438 316 4994 2215 772 20279
leaf_count=351 566 434 399 350 492 380 849 438 316 4994 2215 772 20279
internal_value=6.45439e-06 0.00115256 -2.16173e-05 -0.00105027 -0.00205168 -0.00283834 3.91594e-05 1.53701e-05 -0.000356219 -0.000186054 0.00011192 0.00135891 4.48419e-05
internal_weight=32835 785 32050 1788 1222 872 30262 29863 6159 5843 23704 1210 22494
internal_count=32835 785 32050 1788 1222 872 30262 29863 6159 5843 23704 1210 22494
is_linear=0
shrinkage=0.12


Tree=103
num_leaves=19
num_cat=0
split_feature=1 21 61 64 65 54 65 65 40 69 58 61 54 58 69 65 83 54
split_gain=0.0604491 0.104598 0.122609 0.127756 0.202978 0.193703 0.191637 0.143119 0.113123 0.131856 0.0836555 0.0692976 0.186624 0.109256 0.0568722 0.0419423 0.0191788 0.00861025
threshold=405.36999511718756 3.2668832540512089 -26.577224731445309 34.500000000000007 10.540625095367433 0.066222473978996291 7.9093749523162851 6.8781249523162851 0.034118579700589187 22.500000000000004 19999995.000000004 -0.65476548671722401 0.42886774241924291 -0.058126458898186677 29.500000000000004 11.551562786102297 1.0000000180025095e-35 0.15978421270847323
decision_type=2 2 2 2 2 2 2 2 2 2 2 2 2 2 2 2 2 2
left_child=1 8 -3 6 -5 -6 7 -4 9 -1 11 12 -10 -13 -8 16 -2 -17
right_child=15 2 3 4 5 -7 14 -9 10 -11 -12 13 -14 -15 -16 17 -18 -19
leaf_value=0.0032495220567695087 -0.00067155973997094624 -0.001530258415154664 0.00021090162109900929 0.0034978997182033892 -0.0018838784301082011 0.0013705906382953123 -0.00058972920155115792 0.0022784877297762247 -0.00030582613065544136 -9.4463840507125359e-05 0.0017356768123716953 0.0018042016545523631 -0.003090817738307773 -5.3351736765400477e-05 -0.0029090337991353817 0.00019175485936535951 -0.0017746045989073575 -0.00055025710116820366
leaf_weight=316 439 415 2931 490 330 1304 303 577 7200 367 347 470 364 15262 306 573 470 371
leaf_count=316 439 415 2931 490 330 1304 303 577 7200 367 347 470 364 15262 306 573 470 371
internal_value=5.67986e-06 4.54989e-05 0.000467018 0.000599828 0.00135572 0.000713323 0.000209859 0.000550981 -6.98358e-05 0.00145268 -0.000113818 -0.000141367 -0.000439847 2.14344e-06 -0.00175509 -0.000660091 -0.00124189 -9.98621e-05
internal_weight=32835 30982 6656 6241 2124 1634 4117 3508 24326 683 23643 23296 7564 15732 609 1853 909 944
internal_count=32835 30982 6656 6241 2124 1634 4117 3508 24326 683 23643 23296 7564 15732 609 1853 909 944
is_linear=0
shrinkage=0.12


Tree=104
num_leaves=28
num_cat=0
split_feature=56 56 57 56 12 50 82 49 62 62 62 30 1 61 49 0 46 28 30 69 22 1 61 56 74 49 48
split_gain=0.0698737 0.233867 0.146831 0.141753 0.263793 0.232572 0.177513 0.126652 0.133499 0.169221 0.112947 0.203035 0.190404 0.172173 0.123084 0.0978925 0.186754 0.240418 0.117977 0.11607 0.251079 0.219347 0.15036 0.12399 0.109112 0.108793 0.0863661
threshold=3.3531249761581425 4.1312499046325692 1.0000000180025095e-35 2.6781250238418584 6.4958000183105478 0.12100797146558763 0.37500000000000006 0.37815140187740331 1.4165664911270144 9.0323343276977557 0.69224688410758983 0.60312500596046459 183.58000183105472 -29.020975112915036 0.18074860423803332 19.005549430847172 0.11793024092912675 39.766675949096687 0.84687501192092907 13.500000000000002 4.2845582962036142 128.40000152587893 -24.768674850463864 1.5593749880790713 1.0366122126579287 0.2177708521485329 1.3218750357627871
decision_type=2 2 2 2 2 2 2 2 2 2 2 2 2 2 2 2 2 2 2 2 2 2 2 2 2 2 2
left_child=3 7 10 15 5 -5 -6 8 -2 -10 11 26 -12 -14 -13 19 17 -17 25 20 21 -1 24 -24 -21 -18 -3
right_child=1 2 -4 4 6 -7 -8 -9 9 -11 12 14 13 -15 -16 16 18 -19 -20 22 -22 -23 23 -25 -26 -27 -28
leaf_value=0.0034350685643886399 -0.0036733345187925561 -0.0035530983868440539 -0.0018875410505988554 0.00035768981547937718 -0.0020213101691370192 0.0041022938794693523 0.0012042996123257826 0.00026909376205770891 0.00044185002191675772 -0.0030522680480226214 0.0028815663006057837 0.0019164655785605196 -0.0021716419632972421 0.00068227782923641761 -0.00042931913441414231 -0.0048679882564581925 -0.0022951888895706932 -0.00061974166656027663 0.0021583696631350458 -0.00021508304504823172 0.0039746729416055143 0.00012430219672234966 0.00015944180616343694 -0.00075625789433837048 -0.0032872161358361391 0.00081626744427606512 -0.00076242597674375722
leaf_weight=314 498 334 512 421 461 552 526 419 432 371 487 481 352 2251 975 300 304 532 326 320 305 3502 14361 2500 347 346 306
leaf_count=314 498 334 512 421 461 552 526 419 432 371 487 481 352 2251 975 300 304 532 326 320 305 3502 14361 2500 347 346 306
internal_value=4.99828e-06 -0.000319034 5.11562e-05 9.95677e-05 0.00107994 0.00248207 -0.000302292 -0.0015454 -0.00212977 -0.00117249 0.000242559 -0.000437406 0.00070379 0.000296346 0.000345628 1.76503e-05 -0.00083063 -0.00215156 0.000295409 8.84938e-05 0.000661537 0.000396729 -4.62341e-05 2.367e-05 -0.00181333 -0.000638937 -0.00221881
internal_weight=32835 7418 5698 25417 1960 973 987 1720 1301 803 5186 2096 3090 2603 1456 23457 1808 832 976 21649 4121 3816 17528 16861 667 650 640
internal_count=32835 7418 5698 25417 1960 973 987 1720 1301 803 5186 2096 3090 2603 1456 23457 1808 832 976 21649 4121 3816 17528 16861 667 650 640
is_linear=0
shrinkage=0.12


Tree=105
num_leaves=29
num_cat=0
split_feature=52 11 46 18 14 69 29 58 7 68 6 4 56 53 0 46 5 11 58 53 64 68 2 21 54 46 56 58
split_gain=0.103393 0.144774 0.196491 0.291667 0.22734 0.193605 0.221608 0.150542 0.147339 0.145424 0.13659 0.18529 0.281399 0.135181 0.268508 0.177574 0.133061 0.140939 0.129199 0.25648 0.137909 0.127603 0.250604 0.0877386 0.0980439 0.0848482 0.0863295 0.0280307
threshold=2.3281250000000004 2.2518498897552495 0.12683542072772983 0.26614584028720861 3.8473950624465947 13.500000000000002 3.5000000000000004 2.6241827011108403 3.9471044540405278 14.500000000000002 9.8269000053405779 1.9298499822616579 1.5593749880790713 0.013584651518613102 7.3001999855041513 0.13745428621768954 0.24024999886751178 4.1978001594543466 2.9344367980957036 -0.092212311923503862 42.500000000000007 18.500000000000004 0.55140998959541332 3.5373500585556035 0.22232918441295627 0.21292440593242648 1.8687499761581423 1.6244567036628725
decision_type=2 2 2 2 2 2 2 2 2 2 2 2 2 2 2 2 2 2 2 2 2 2 2 2 2 2 2 2
left_child=10 2 4 7 -2 -6 -7 -4 -5 13 16 -12 -13 14 -3 -16 -1 18 20 -20 -18 22 -11 24 -15 26 -23 -24
right_child=1 9 3 8 5 6 -8 -9 -10 21 11 12 -14 23 15 -17 17 -19 19 -21 -22 25 27 -25 -26 -27 -28 -29
leaf_value=0.0022445287140461993 0.0010635611495235936 -0.0012280864210027988 0.003345457412149244 -0.0036542015710634658 -0.0051440084582255047 -0.0030053897396305693 0.0008224144577763118 -0.00011365781892186068 -0.00027419067420638137 -0.0042729594831051468 -0.00042453943556317096 0.0007031447350378644 0.005359003078019578 -0.00066141325652057357 0.003395342727706641 0.00035615113395992868 4.4809766509015774e-06 -0.0023099823598415957 0.0026115437977620704 0.0002358140121247773 -0.0011530579001337604 0.00044981784453854807 -0.0013363267478331727 0.001588539680691809 0.00087885573624531667 0.001847003849039502 -0.0019997292683779527 -4.1333775168681193e-06
leaf_weight=396 300 457 384 311 324 673 322 343 461 366 523 488 303 2460 707 455 12049 366 745 5379 1690 543 394 403 785 302 335 538
leaf_count=396 300 457 384 311 324 673 322 343 461 366 523 488 303 2460 707 455 12049 366 745 5379 1690 543 394 403 785 302 335 538
internal_value=-8.2659e-06 -0.000311034 -0.00100147 -1.1466e-05 -0.0019181 -0.00259626 -0.00176664 0.00171344 -0.00163583 -3.30762e-05 0.000141648 0.00132791 0.00248662 0.000323586 0.00123615 0.0022053 6.60726e-05 2.34274e-05 6.64234e-05 0.000524828 -0.000137905 -0.000791163 -0.0016122 -8.14127e-05 -0.000288806 0.00011198 -0.000484804 -0.000567314
internal_weight=32802 10863 3118 1499 1619 1319 995 727 772 7745 21939 1314 791 5267 1619 1162 20625 20229 19863 6124 13739 2478 1298 3648 3245 1180 878 932
internal_count=32802 10863 3118 1499 1619 1319 995 727 772 7745 21939 1314 791 5267 1619 1162 20625 20229 19863 6124 13739 2478 1298 3648 3245 1180 878 932
is_linear=0
shrinkage=0.12


Tree=106
num_leaves=17
num_cat=0
split_feature=48 21 46 11 5 44 57 65 65 0 54 57 6 60 50 45
split_gain=0.0661435 0.123895 0.115133 0.0999616 0.0858551 0.0791355 0.138662 0.149958 0.125688 0.0804105 0.0913672 0.250057 0.150001 0.0737932 0.0839672 0.0473766
threshold=1.8593750000000002 1.9015582799911501 0.10883331671357156 2.7357999086380009 0.24024999886751178 1.1218749880790713 -6.0483105182647696 9.9906249046325701 7.2156250476837167 22.285149574279789 0.11460823938250543 -33.483850479125969 10.341750144958498 2.2156250476837163 0.16658401489257815 0.4440229088068009
decision_type=2 2 2 2 2 2 2 2 2 2 2 2 2 2 2 2
left_child=4 2 -2 -3 -1 9 -7 8 -8 10 12 -12 -6 14 15 -5
right_child=1 3 -4 13 5 6 7 -9 -10 -11 11 -13 -14 -15 -16 -17
leaf_value=0.0016099423203929486 -0.0034583149144650793 0.0012632744417164989 -0.00055450677910208728 -0.0029564700670758142 -0.0002311813601110068 -0.0023777395939080844 0.00010261920607109877 0.0013861600929805529 -0.0027682111039866964 0.0018555143548630712 0.0030639743750138829 0.00018362639875440061 0.0019745994411337377 0.00058282131746172853 0.00021479420311296959 -0.0010579263247379939
leaf_weight=499 348 590 452 310 13539 526 534 585 373 361 450 12224 459 588 478 486
leaf_count=499 348 590 452 310 13539 526 534 585 373 361 450 12224 459 588 478 486
internal_value=-7.27399e-06 -0.000520937 -0.00181766 -9.78611e-05 4.9255e-05 2.24475e-05 -0.000702444 -0.000111823 -0.001078 7.65603e-05 5.24825e-05 0.000285895 -0.000158853 -0.000529155 -0.00104238 -0.00179731
internal_weight=32802 3252 800 2452 29550 29051 2018 1492 907 27033 26672 12674 13998 1862 1274 796
internal_count=32802 3252 800 2452 29550 29051 2018 1492 907 27033 26672 12674 13998 1862 1274 796
is_linear=0
shrinkage=0.12


Tree=107
num_leaves=23
num_cat=0
split_feature=52 54 4 64 60 40 40 40 28 53 4 71 13 12 61 58 58 53 49 50 5 21
split_gain=0.0751285 0.120142 0.164873 0.217076 0.177055 0.244195 0.14506 0.13122 0.101122 0.17493 0.247114 0.128338 0.081761 0.168621 0.13172 0.0851001 0.101039 0.202021 0.387631 0.268816 0.175373 0.151679
threshold=2.3281250000000004 0.38186216354370123 2.3044999837875371 15.500000000000002 2.5843750238418584 0.070460814982652678 0.13705535978078845 0.098776828497648253 -4.586810588836669 -0.0082679302431642992 1.2304000258445742 0.082702469080686583 -0.81405001878738392 2.4399499893188481 -0.87368479371070851 -0.18000116199254987 2.9344367980957036 -0.092212311923503862 0.054053662344813354 0.13881155103445056 7.8079500198364267 0.74187502264976513
decision_type=2 2 2 2 2 2 2 2 2 2 2 2 2 2 2 2 2 2 2 2 2 2
left_child=12 2 8 -4 5 -5 -3 -6 -2 10 -10 -11 13 14 -1 -14 20 19 -19 -18 21 -17
right_child=1 6 3 4 7 -7 -8 -9 9 11 -12 -13 15 -15 -16 16 17 18 -20 -21 -22 -23
leaf_value=-0.0015126046130988205 -0.0019933733265459119 -0.00028771588765790288 0.0017526699832036096 0.00058133680706783997 -0.0020327426369934369 -0.0032602837053530339 0.0031597858695482798 0.00080288334038299903 -0.001806157018140991 -0.0012566515523518441 0.0020663994888256185 5.8613175771408431e-05 0.0014966972362132147 0.0031346865503041428 0.0013629445297129708 -0.0018580205296355569 0.0046623169832836677 -0.0037624982496970061 0.00041830645084944146 0.00017426120331244174 -0.0025683440917860121 6.9437249510291503e-06
leaf_weight=393 377 396 322 304 391 1102 316 589 303 1428 1094 4241 579 389 551 661 355 340 5257 419 423 12572
leaf_count=393 377 396 322 304 391 1102 316 589 303 1428 1094 4241 579 389 551 661 355 340 5257 419 423 12572
internal_value=-6.40112e-06 -0.000264489 -0.00037018 -0.00117195 -0.00156664 -0.00242966 0.00124236 -0.000328474 -7.84692e-05 2.36988e-05 0.00122647 -0.000272697 0.00012139 0.0010322 0.000165814 6.24696e-05 2.10047e-05 0.000415622 0.000164336 0.00223274 -0.000163098 -8.62129e-05
internal_weight=32802 10863 10151 2708 2386 1406 712 980 7443 7066 1397 5669 21939 1333 944 20606 20027 6371 5597 774 13656 13233
internal_count=32802 10863 10151 2708 2386 1406 712 980 7443 7066 1397 5669 21939 1333 944 20606 20027 6371 5597 774 13656 13233
is_linear=0
shrinkage=0.12


Tree=108
num_leaves=28
num_cat=0
split_feature=82 13 1 68 56 68 49 18 5 74 32 21 4 1 54 49 71 46 18 14 56 12 18 54 49 46 53
split_gain=0.0522959 0.206678 0.40313 0.338568 0.246024 0.187342 0.246803 0.127 0.0824455 0.113684 0.106331 0.094233 0.12383 0.0909401 0.0923169 0.172741 0.150435 0.147896 0.115241 0.107413 0.0731441 0.0675916 0.0473931 0.0429613 0.0391647 0.0310884 0.0263139
threshold=1.0000000180025095e-35 1.5118499994277956 134.45000457763675 11.500000000000002 6.6312499046325692 25.500000000000004 0.21001616120338443 0.27421875298023229 4.1857998371124276 18.832340240478519 0.06875918805599214 0.53908333182334911 3.266549944877625 344.05499267578131 0.16532344371080401 0.034961743280291564 -5.4560291767120352 0.13217376917600634 0.10000000149011613 12.483067512512209 5.1781251430511483 6.6427998542785653 0.24114582687616351 0.073681954294443144 0.38813467323780065 0.17230126261711123 0.23710151016712191
decision_type=2 2 2 2 2 2 2 2 2 2 2 2 2 2 2 2 2 2 2 2 2 2 2 2 2 2 2
left_child=1 3 -3 -1 5 6 -4 22 13 10 -10 -12 -13 14 18 17 -17 -16 -2 -20 24 -7 -5 -9 -15 -22 -26
right_child=8 2 4 7 -6 21 -8 23 9 -11 11 12 -14 20 15 16 -18 -19 19 -21 25 -23 -24 -25 26 -27 -28
leaf_value=0.0041466733395874355 0.0024894236836815252 -0.0040990359161322959 -0.0018829254483474385 2.9789385033919562e-05 0.0023733947001281976 0.00027383761634221622 -7.485707083931009e-05 0.0002972981749153405 -0.0022620024439166399 -0.0024406836498121831 -0.0019377372506266272 -5.5822773838171712e-05 0.0020750932200737622 -0.0017057116192592974 0.0042810145230789999 0.0025428271657262223 0.00015470037322843323 0.00083601925547152926 0.00021510380418856908 -0.0016059664958705281 0.0013157414182219129 0.0025049437728347054 -0.0019516763881907346 0.0022961487865657544 0.00059516703336588467 -0.00023018501893706271 -0.00062864806555938441
leaf_weight=363 300 440 1948 308 447 548 2460 320 319 309 362 9305 410 423 365 447 2528 353 6755 501 460 304 399 300 304 316 1508
leaf_count=363 300 440 1948 308 447 548 2460 320 319 309 362 9305 410 423 365 447 2528 353 6755 501 460 304 399 300 304 316 1508
internal_value=-5.63298e-06 -0.000276064 -0.000599185 0.000899218 -0.000329352 -0.000559034 -0.000873885 1.08789e-05 7.92605e-05 -0.000172429 -0.00010501 -3.67276e-05 3.41078e-05 0.000268204 0.000424987 0.00091671 0.000513521 0.00258731 0.000184656 8.93656e-05 -0.00031753 0.00106991 -0.00108846 0.00126448 -0.000666034 0.000686215 -0.000423328
internal_weight=32802 7837 6147 1690 5707 5260 4408 1327 24965 10705 10396 10077 9715 14260 11249 3693 2975 718 7556 7256 3011 852 707 620 2235 776 1812
internal_count=32802 7837 6147 1690 5707 5260 4408 1327 24965 10705 10396 10077 9715 14260 11249 3693 2975 718 7556 7256 3011 852 707 620 2235 776 1812
is_linear=0
shrinkage=0.12


Tree=109
num_leaves=41
num_cat=0
split_feature=52 57 57 60 18 22 64 49 27 53 58 74 65 56 48 53 5 61 71 82 28 60 48 48 28 3 48 0 3 60 56 49 68 57 57 58 54 3 10 27
split_gain=0.0533785 0.111551 0.261604 0.249565 0.155457 0.33019 0.13469 0.284991 0.338393 0.21775 0.130774 0.147463 0.147318 0.120602 0.117111 0.214916 0.139666 0.110093 0.210329 0.173768 0.230548 0.157587 0.178076 0.186143 0.155324 0.210264 0.181579 0.141313 0.158309 0.133248 0.298351 0.130651 0.112637 0.10903 0.107914 0.099019 0.0766161 0.0764239 0.0539849 0.0488835
threshold=2.3281250000000004 -1.2531599402427671 -1.69877552986145 1.0718750357627871 0.21770833432674411 3.6725416183471684 28.500000000000004 0.1425251439213753 74.688381195068374 -0.065256703644990907 1.123107969760895 0.49776026606559759 6.7656250000000009 1.9281249642372134 1.3093749880790713 -0.041369849815964692 8.2758998870849627 -1.0767033100128172 3.0786024332046513 0.37500000000000006 85.584426879882827 2.0031249523162846 1.6843749880790713 1.8593750000000002 -0.80051562190055836 58.780000686645515 1.7031250000000002 14.250349998474123 177.42500305175784 2.1281249523162846 1.9281249642372134 0.11097534000873567 8.5000000000000018 -11.660395622253416 -18.375499725341793 1.3033427000045779 0.11460823938250543 212.86000061035159 1.0000000180025095e-35 78.376697540283217
decision_type=2 2 2 2 2 2 2 2 2 2 2 2 2 2 2 2 2 2 2 2 2 2 2 2 2 2 2 2 2 2 2 2 2 2 2 2 2 2 2 2
left_child=1 2 4 -4 5 -1 10 8 9 -8 11 12 -3 38 15 -6 -16 18 19 20 -2 24 27 -24 25 -19 31 28 -23 33 -31 -26 -21 -20 -7 -15 -32 -34 -9 -28
right_child=17 6 3 -5 14 34 7 13 -10 -11 -12 -13 -14 35 16 -17 -18 21 29 32 -22 22 23 -25 26 -27 39 -29 -30 30 36 -33 37 -35 -36 -37 -38 -39 -40 -41
leaf_value=0.0048877717063554229 -0.0056652149433102147 8.5242906689870198e-06 0.005101128181939832 0.00070915671458449743 -0.0032293518940078357 0.0022455215703854141 -0.0019221423850281211 -8.7199687280830137e-05 0.00041784461601464837 -0.0061446662006866453 0.0023335575263637022 -0.0025752959411788887 0.0024084078055510126 0.0021251135786398631 0.00015159459021484118 -0.00014290667743503799 0.0027540037968719843 -0.00022133032939324092 -0.0031067379179183794 0.0011167913641124954 -0.001133577463558542 -0.0023598128535488746 0.0040867509475223125 0.00043086839180154595 0.0029826954717527888 -0.0039588345038147265 -0.002415381210463103 0.0022250225923406623 0.0006677520170802493 0.0030645380834398929 -0.0012719154841744848 0.00031690559988352824 -0.0029041930914563926 -0.00012087516077327327 -0.00046011351779101412 -2.6476476850936913e-05 0.00045756296852322739 -0.00051589996425663027 -0.0018343695250500828 -0.0006808939858898355
leaf_weight=305 305 8507 321 444 407 307 369 486 405 336 367 304 385 473 4489 1610 318 538 311 318 344 431 421 383 308 363 323 336 588 489 695 1885 343 406 688 883 786 441 535 849
leaf_count=305 305 8507 321 444 407 307 369 486 405 336 367 304 385 473 4489 1610 318 538 311 318 344 431 421 383 308 363 323 336 588 489 695 1885 343 406 688 883 786 441 535 849
internal_value=-4.95702e-06 0.000102759 0.000430619 0.00255206 0.000230852 0.00143353 -0.000120562 -0.000758996 -0.00234653 -0.00393458 0.000112232 2.35823e-05 0.000112433 -1.76553e-05 1.7373e-06 -0.000765704 0.000323753 -0.000222501 -0.000682154 -0.00170551 -0.00326324 9.4999e-05 0.00093039 0.0023452 -0.000327788 -0.00172712 4.68916e-05 9.08977e-05 -0.000612798 -1.52767e-05 0.000494529 0.000691307 -0.000788122 -0.001416 0.00037469 0.000724041 -0.000354042 -0.00156078 -0.00100271 -0.00115891
internal_weight=32802 21939 8889 765 8124 1300 13050 3487 1110 705 9563 9196 8892 2377 6824 2017 4807 10863 4438 1751 649 6425 2159 804 4266 901 3365 1355 1019 2687 1970 2193 1102 717 995 1356 1481 784 1021 1172
internal_count=32802 21939 8889 765 8124 1300 13050 3487 1110 705 9563 9196 8892 2377 6824 2017 4807 10863 4438 1751 649 6425 2159 804 4266 901 3365 1355 1019 2687 1970 2193 1102 717 995 1356 1481 784 1021 1172
is_linear=0
shrinkage=0.12


Tree=110
num_leaves=22
num_cat=0
split_feature=27 29 64 23 46 7 21 6 64 28 46 21 83 21 12 28 64 64 57 11 12
split_gain=0.0801833 0.231934 0.166611 0.151022 0.14718 0.13774 0.211515 0.115729 0.228543 0.193749 0.172912 0.130859 0.56437 0.465627 0.130999 0.100175 0.0991313 0.235676 0.155243 0.0832834 0.054696
threshold=61.164560317993171 2.5000000000000004 25.500000000000004 14.408941745758058 0.02963176649063826 10.504323005676271 1.6168000102043154 9.104499816894533 36.500000000000007 70.220046997070327 0.16175694763660434 1.0252667069435122 1.0000000180025095e-35 0.63894164562225353 2.4399499893188481 -1.7250084877014158 29.500000000000004 26.500000000000004 -4.2574818134307852 3.0803499221801762 1.3711000084877016
decision_type=2 2 2 2 2 2 2 2 2 2 2 2 2 2 2 2 2 2 2 2 2
left_child=3 2 -2 4 -1 16 -7 11 10 -10 20 12 -3 -14 -13 -16 17 -6 -18 -8 -9
right_child=1 7 -4 -5 5 6 19 8 9 -11 -12 14 13 -15 15 -17 18 -19 -20 -21 -22
leaf_value=-0.0022707493959927211 7.2723967193818526e-05 0.0042891499838549332 0.0036680758007347127 0.0022997083137818626 -0.00026213427108032341 0.0035850412058274872 -0.00097599561582943075 0.00050737014463013636 -0.0048556514527626857 -0.00064113457778898573 0.0020364095876177321 0.0021422523927895187 -0.0029825344709575301 0.0022851786041490798 -0.00070548365739352625 0.00014327188605368026 0.00015626912375133742 0.0029178588850914526 -0.0013618602814082328 0.0015261427492770203 -0.0014145807349559404
leaf_weight=534 313 556 456 324 3610 328 504 310 304 325 443 435 514 456 2296 15661 1534 370 2638 309 683
leaf_count=534 313 556 456 324 3610 328 504 310 304 325 443 435 514 456 2296 15661 1534 370 2638 309 683
internal_value=3.10719e-05 0.000156199 0.00220469 -0.000249382 -0.000333426 -0.000222102 0.00101277 8.45392e-05 -0.000770572 -0.00267804 6.49412e-05 0.000173193 0.00124101 -0.000506166 8.4595e-05 3.47492e-05 -0.000394942 3.34932e-05 -0.00080366 -2.49984e-05 -0.000814576
internal_weight=32903 22752 769 10151 9827 9293 1141 21983 2065 629 1436 19918 1526 970 18392 17957 8152 3980 4172 813 993
internal_count=32903 22752 769 10151 9827 9293 1141 21983 2065 629 1436 19918 1526 970 18392 17957 8152 3980 4172 813 993
is_linear=0
shrinkage=0.12


Tree=111
num_leaves=29
num_cat=0
split_feature=52 57 69 28 27 0 21 46 61 49 29 48 21 32 53 40 27 32 40 65 68 52 49 21 53 53 9 17
split_gain=0.0891247 0.191047 0.233271 0.25104 0.132885 0.174192 0.129214 0.0940378 0.265631 0.189308 0.0682096 0.15088 0.203253 0.176531 0.308857 0.120607 0.150203 0.154958 0.103146 0.0809681 0.267402 0.128292 0.122836 0.099806 0.0769953 0.0760573 0.074992 0.057012
threshold=2.5031249523162846 -0.7738375961780547 27.500000000000004 20.981672286987308 65.46759414672853 18.885999679565433 2.4310499429702763 0.10808642208576204 -0.8995276391506194 0.26288814842700964 3.5000000000000004 1.6593750119209292 3.6112874746322636 0.20470795780420306 -0.1760241091251373 0.2461328208446503 99.277149200439467 0.34460908174514776 0.4680208563804627 3.2468750476837163 28.500000000000004 2.0031249523162846 0.057175120338797576 3.1187499761581425 0.053563972935080535 0.11889645457267763 2.5000000000000004 1.5000000000000002
decision_type=2 2 2 2 2 2 2 2 2 2 2 2 2 2 2 2 2 2 2 2 2 2 2 2 2 2 2 2
left_child=10 4 3 -3 6 7 -2 8 -6 -9 18 12 13 14 -12 16 -13 -18 19 21 22 26 -21 -23 -15 -20 -1 -4
right_child=1 2 27 -5 5 -7 -8 9 -10 -11 11 15 -14 24 -16 -17 17 -19 25 20 -22 23 -24 -25 -26 -27 -28 -29
leaf_value=-0.00027108234639859581 -0.0031544290003974909 0.0056761344841441078 -0.0010951060238177887 0.0013524545665913269 0.0011599609612513841 -0.0022839816578617902 -2.8674876276294096e-06 0.0023229680847224356 -0.0026516478618002258 -0.00026135468989153007 3.4720414806582522e-05 -0.0019648896320572135 0.0016996203736159665 0.00019467483445103945 -0.0046290845287331461 0.0020923708055289657 0.0018138732577860032 -0.00080400817563837997 -5.6002524162872303e-05 0.00086126339791702726 0.0034600728897068713 -0.0031299482292812424 -1.4885480419954079e-05 -0.00035598129023259431 -0.0012607417128378626 -0.0025512718955458635 0.0013071530742601635 0.0011246498499037083
leaf_weight=3649 335 310 350 514 763 319 425 981 402 699 345 463 376 861 502 450 675 629 329 2796 357 387 13102 361 1335 378 492 318
leaf_count=3649 335 310 350 514 763 319 425 981 402 699 345 463 376 861 502 450 675 629 329 2796 357 387 13102 361 1335 378 492 318
internal_value=2.73433e-05 0.000472268 0.00162809 0.00297908 3.27956e-05 0.000375045 -0.00139204 0.000673192 -0.000155289 0.00124771 -6.03241e-05 -0.000432536 -0.000932507 -0.00125774 -0.00272942 0.000338505 -0.00010815 0.000551107 3.568e-05 8.33546e-05 0.000212138 -0.000344827 0.000139204 -0.00179118 -0.000690107 -0.00139011 -8.35692e-05 -3.83959e-05
internal_weight=32903 5416 1492 824 3924 3164 760 2845 1165 1680 27487 5636 3419 3043 847 2217 1767 1304 21851 21144 16255 4889 15898 748 2196 707 4141 668
internal_count=32903 5416 1492 824 3924 3164 760 2845 1165 1680 27487 5636 3419 3043 847 2217 1767 1304 21851 21144 16255 4889 15898 748 2196 707 4141 668
is_linear=0
shrinkage=0.12


Tree=112
num_leaves=19
num_cat=0
split_feature=52 4 61 1 52 30 65 18 11 54 11 65 56 4 32 48 57 5
split_gain=0.0690181 0.220524 0.148555 0.186908 0.144559 0.149263 0.148207 0.114492 0.147182 0.0697727 0.0612314 0.21804 0.318314 0.10069 0.0838954 0.0713854 0.0767101 0.0607703
threshold=2.5031249523162846 3.5186499357223515 -1.0767033100128172 196.18999481201175 2.5593750476837163 0.88437500596046459 11.426041603088381 0.2963541597127915 3.1333500146865849 0.083033461123704924 0.95309999585151683 4.4093749523162851 2.6781250238418584 3.3926999568939213 0.06875918805599214 2.0218750238418584 -2.1278176307678218 0.24024999886751178
decision_type=2 2 2 2 2 2 2 2 2 2 2 2 2 2 2 2 2 2
left_child=10 2 3 -2 5 -4 9 8 -5 -6 11 -1 -13 14 -12 17 -17 -16
right_child=1 -3 4 7 6 -7 -8 -9 -10 -11 13 12 -14 -15 15 16 -18 -19
leaf_value=0.0016616230523938652 -0.0029271797108418878 0.0035232271236788123 0.00062084356741591053 0.0015955625622234154 -0.0016968157793475773 0.0043098345312511449 0.0019456081217647089 -0.0018216153740022898 -0.00066575641164019349 0.0001956356115881778 -0.0015989833213473608 -0.0039190431864170186 0.00023040381940821436 0.0018571695593165229 0.0013982647198511251 -0.00019615092306842348 -0.0026284178819332735 -1.9277830550445479e-07
leaf_weight=379 372 310 322 808 381 310 596 402 851 1064 488 495 576 409 456 484 304 23896
leaf_count=379 372 310 322 808 381 310 596 402 851 1064 488 495 576 409 456 484 304 23896
internal_value=2.40621e-05 0.000415596 0.000226923 -0.000451518 0.000844449 0.00243032 0.000353382 -4.6742e-06 0.000435597 -0.000303343 -5.30852e-05 -0.00081204 -0.00168741 -1.0819e-05 -4.06305e-05 -1.03808e-05 -0.00113449 2.59938e-05
internal_weight=32903 5416 5106 2433 2673 632 2041 2061 1659 1445 27487 1450 1071 26037 25628 25140 788 24352
internal_count=32903 5416 5106 2433 2673 632 2041 2061 1659 1445 27487 1450 1071 26037 25628 25140 788 24352
is_linear=0
shrinkage=0.12


Tree=113
num_leaves=28
num_cat=0
split_feature=56 56 56 4 68 28 56 57 56 74 49 1 53 61 27 61 1 57 71 71 58 65 65 61 49 68 61
split_gain=0.0672859 0.219252 0.186304 0.311531 0.284429 0.172852 0.135476 0.134311 0.125259 0.25419 0.220737 0.204298 0.194376 0.169329 0.140896 0.111692 0.101576 0.0947107 0.0795347 0.138729 0.321454 0.135543 0.2503 0.0791013 0.0595755 0.0573438 0.0483136
threshold=3.6406250000000004 4.1312499046325692 2.5781250000000004 3.0240000486373906 8.5000000000000018 52.036899566650398 2.8812500238418584 1.0000000180025095e-35 5.2937500476837167 0.16257671266794207 0.31245793402194982 261.65499877929693 -0.031024216674268242 -2.3718147277832027 71.000068664550795 -1.0000000180025095e-35 235.68999481201175 -2.5276871919631954 -3.8508692979812618 -0.14017003029584882 0.52218925952911388 6.2781250476837167 7.9093749523162851 -0.57370594143867482 0.079996921122074141 14.500000000000002 -0.71534708142280568
decision_type=2 2 2 2 2 2 2 2 2 2 2 2 2 2 2 2 2 2 2 2 2 2 2 2 2 2 2
left_child=2 16 7 4 -4 -6 -7 18 12 11 13 14 -3 -11 -10 17 -2 -14 21 20 -20 -1 -23 -21 -9 -13 -18
right_child=1 8 3 -5 5 6 -8 24 9 10 -12 25 15 -15 -16 -17 26 -19 19 23 -22 22 -24 -25 -26 -27 -28
leaf_value=-0.0011161912354390347 -0.0032745867458465142 0.0028728507122306826 -0.0019109407403002663 0.0041460005598851204 0.003709809735417366 0.0023290596334681604 -8.2225167398866232e-05 0.0029550651437602938 0.00041928357958672107 -0.00058887863851754161 0.00044340403977657499 -3.0150412808466675e-05 5.0099387115258126e-05 -0.0041125784854147591 0.0039422499572273912 -0.0012162347828452579 -0.0019503735159202638 0.0026273442454164365 0.0003690105770041115 -0.0004630440716174139 -0.0037029118762705328 0.0040229935773971439 0.00041875818079904639 9.275541458304975e-05 0.00059944902901241384 -0.0017499030841546216 0.00014475253287084689
leaf_weight=506 445 473 539 397 330 492 1055 300 341 301 428 1350 620 565 314 583 319 307 637 4961 497 343 1452 14362 319 352 315
leaf_count=506 445 473 539 397 330 492 1055 300 341 301 428 1350 620 565 314 583 319 307 637 4961 497 343 1452 14362 319 352 315
internal_value=2.11746e-05 -0.000317775 0.000108054 0.0010307 0.000518787 0.00121651 0.000684648 -2.96963e-06 -1.76534e-05 -0.000434651 -0.001786 0.000307244 0.000750101 -0.00288783 0.00210816 8.51599e-05 -0.00188486 0.000903621 -5.04071e-05 -0.000125644 -0.0014156 0.000618484 0.00110748 -4.99409e-05 0.0017411 -0.000385822 -0.00090942
internal_weight=32903 6713 26190 2813 2416 1877 1547 23377 5634 3651 1294 2357 1983 866 655 1510 1079 927 22758 20457 1134 2301 1795 19323 619 1702 634
internal_count=32903 6713 26190 2813 2416 1877 1547 23377 5634 3651 1294 2357 1983 866 655 1510 1079 927 22758 20457 1134 2301 1795 19323 619 1702 634
is_linear=0
shrinkage=0.12


Tree=114
num_leaves=17
num_cat=0
split_feature=5 33 56 22 0 6 22 61 27 21 29 40 11 54 0 12
split_gain=0.0637166 0.2068 0.250777 0.142711 0.137295 0.103058 0.176994 0.1024 0.0888351 0.219301 0.152294 0.151044 0.148023 0.137547 0.0964793 0.137155
threshold=7.728299856185914 1.1280285716056826 1.9593749642372134 2.1859000921249394 18.327750205993656 10.539549827575685 1.1113583445549013 -1.8702486753463743 61.164560317993171 0.45041666924953466 2.5000000000000004 0.14053436368703845 0.83899998664855968 0.10972275212407114 18.428599357604984 3.379350066184998
decision_type=2 2 2 2 2 2 2 2 2 2 2 2 2 2 2 2
left_child=3 4 -3 -1 -2 6 -6 -8 12 -10 13 -12 -5 -11 15 -14
right_child=1 2 -4 8 5 -7 7 -9 9 10 11 -13 14 -15 -16 -17
leaf_value=0.0019735702889490383 -0.001858384627212891 -0.0049099046382231311 -4.3673612901904176e-05 -0.0023902661539460684 0.0035880544911418362 -0.0011615132580599101 0.0017371581329238745 -0.0011840027736356041 0.0029017772387200293 0.00013019707149828101 -0.00025890490273487943 0.00040797265980338932 -0.0022587301400060914 0.0035495380411576746 0.0013088972367910861 -0.00015564455782455413
leaf_weight=554 405 306 304 455 322 336 325 369 414 331 10525 9136 474 347 592 7708
leaf_count=554 405 306 304 455 322 336 325 369 414 331 10525 9136 474 347 592 7708
internal_value=1.86337e-05 -0.000581153 -0.00248477 6.51262e-05 7.97488e-05 0.000660329 0.00126283 0.000183976 2.98624e-05 0.000167609 0.000111955 5.09773e-05 -0.000279884 0.00188021 -0.000170444 -0.000277481
internal_weight=32903 2367 610 30536 1757 1352 1016 694 29982 20753 20339 19661 9229 678 8774 8182
internal_count=32903 2367 610 30536 1757 1352 1016 694 29982 20753 20339 19661 9229 678 8774 8182
is_linear=0
shrinkage=0.12


Tree=115
num_leaves=16
num_cat=0
split_feature=18 33 32 82 22 22 22 12 12 54 28 49 40 6 12
split_gain=0.106638 0.21629 0.331005 0.566397 0.105653 0.106049 0.151161 0.196369 0.110994 0.100652 0.0969045 0.147226 0.160997 0.128322 0.0654524
threshold=0.24453125149011615 1.3114143013954165 0.20878177136182788 0.62500000000000011 0.77785000205039989 1.3215874433517458 1.6062750220298769 2.2887499332427983 3.1036499738693242 0.12021414563059808 18.028415679931644 0.23168098181486133 0.1869691610336304 5.7767999172210702 6.2219998836517343
decision_type=2 2 2 2 2 2 2 2 2 2 2 2 2 2 2
left_child=1 2 3 9 -2 -6 -7 -8 -9 -1 -4 12 -12 -13 -5
right_child=4 -3 10 14 5 6 7 8 -10 -11 11 13 -14 -15 -16
leaf_value=-0.0033903260487178032 0.0019529570848208014 0.0025250246643325511 0.0013397173948838845 -0.0010948189551968745 -0.0016962642470486934 0.0024892888780441279 -0.0023222862832062673 0.0011367954684551648 5.9596086350501012e-05 -0.0064884858782363079 -0.0016621997369761633 0.00060222440421438576 0.00042609602304155737 -0.0008408886562590763 0.0013063499840560897
leaf_weight=302 443 356 558 314 473 381 480 1475 20823 302 1753 2763 763 1307 341
leaf_count=302 443 356 558 314 473 381 480 1475 20823 302 1753 2763 763 1307 341
internal_value=-1.35459e-05 -0.000372081 -0.000494819 -0.00228889 0.000116897 8.24785e-05 0.000118808 7.91573e-05 0.000130852 -0.00493941 -0.000178648 -0.000307291 -0.0010289 0.000138797 0.000155255
internal_weight=32834 8759 8403 1259 24075 23632 23159 22778 22298 604 7144 6586 2516 4070 655
internal_count=32834 8759 8403 1259 24075 23632 23159 22778 22298 604 7144 6586 2516 4070 655
is_linear=0
shrinkage=0.12


Tree=116
num_leaves=16
num_cat=0
split_feature=18 33 32 65 54 54 46 46 5 23 6 18 18 11 18
split_gain=0.0825807 0.167495 0.262561 0.112733 0.142636 0.123882 0.107269 0.0885692 0.0844058 0.0756039 0.100349 0.0811909 0.0779621 0.202446 0.0731065
threshold=0.24453125149011615 1.3114143013954165 0.14286042749881747 11.652082920074465 0.15200518816709521 0.16852835565805438 0.11568544432520868 0.16886771470308307 8.9800500869750994 2.7416003942489628 9.6923999786376971 0.27682292461395269 0.24635417014360431 2.700799942016602 0.25364583730697637
decision_type=2 2 2 2 2 2 2 2 2 2 2 2 2 2 2
left_child=1 2 -1 4 7 -6 -5 -4 9 11 12 -2 13 -11 -14
right_child=8 -3 3 6 5 -7 -8 -9 -10 10 -12 -13 14 -15 -16
leaf_value=-0.0035176036686048301 -0.0024745608249615862 0.0022220217326284503 0.00031688703243780913 0.0025671204272274895 -0.0033486375451584564 -0.00085206546626780089 -0.00012967010004025166 -0.00077926081724809747 0.0018988766843941909 0.0036489255329891393 0.0021146759670853171 -6.6119182038881156e-05 -0.00071420350148184721 -0.00057674622102502451 0.0001087948905676557
leaf_weight=380 340 356 3086 365 331 2115 508 1618 371 303 356 495 1684 354 20172
leaf_count=380 340 356 3086 365 331 2115 508 1618 371 303 356 495 1684 354 20172
internal_value=-1.19204e-05 -0.000327431 -0.000435441 -0.000289458 -0.000446636 -0.00118991 0.000997854 -6.01468e-05 0.000102869 7.47592e-05 0.00011571 -0.0010468 8.41002e-05 0.00137208 4.5383e-05
internal_weight=32834 8759 8403 8023 7150 2446 873 4704 24075 23704 22869 835 22513 657 21856
internal_count=32834 8759 8403 8023 7150 2446 873 4704 24075 23704 22869 835 22513 657 21856
is_linear=0
shrinkage=0.12


Tree=117
num_leaves=23
num_cat=0
split_feature=40 71 18 40 65 54 40 45 65 18 64 28 48 40 45 74 54 18 50 68 61 53
split_gain=0.0730915 0.118302 0.0707298 0.150944 0.125825 0.108959 0.165402 0.114683 0.102711 0.0794478 0.132004 0.286954 0.141031 0.131691 0.172232 0.121796 0.240554 0.148624 0.111478 0.118448 0.111322 0.102732
threshold=0.034118579700589187 5.1034257411956796 0.24453125149011615 0.046796862035989768 11.675781250000002 0.070397574454545989 0.10333535447716714 0.13134773820638659 11.733854293823244 0.27864582836627966 43.500000000000007 17.197857856750492 1.7781249880790713 0.068023856729269042 0.11648052930831911 0.21061329543590548 0.047356853261590011 0.27239583432674414 0.19871877878904345 7.5000000000000009 4.45119333267212 -0.070491753518581377
decision_type=2 2 2 2 2 2 2 2 2 2 2 2 2 2 2 2 2 2 2 2 2 2
left_child=1 -1 3 -2 5 7 -7 -5 -6 15 13 -12 -13 14 -11 18 -17 -18 19 -4 -15 -20
right_child=2 -3 9 4 8 6 -8 -9 -10 10 11 12 -14 20 -16 16 17 -19 21 -21 -22 -23
leaf_value=0.0027067918591466315 -0.0025857433116132926 -7.2657371893864275e-05 0.0017066587557783349 0.0020536298302230747 0.0027230774872362938 -0.0016679452487848728 -0.00020833625389845417 -9.5793206622042754e-05 -0.00017895178803117138 -0.0015263518242166847 -0.0040941740629884104 -0.00088983669505735561 0.0019767143117773466 -6.7061456342069344e-05 0.001542055163323181 -0.0024567609965258741 0.00069444011023118426 0.0026451948810440251 -0.0027274365173792585 -6.9043220395387293e-05 -0.0023537413236811426 -0.0003250819482020057
leaf_weight=369 409 548 645 443 361 1644 3494 1851 342 322 360 1303 305 9319 1448 314 3871 658 383 3353 317 775
leaf_count=369 409 548 645 443 361 1644 3494 1851 342 322 360 1303 305 9319 1448 314 3871 658 383 3353 317 775
internal_value=-1.049e-05 0.00104579 -4.08377e-05 -0.000336297 -0.000223203 -0.000368351 -0.000675366 0.000319287 0.00131128 6.71675e-05 -0.000124131 -0.00103174 -0.000346119 3.24679e-05 0.000983848 0.000323036 0.000755171 0.000977857 -8.28653e-05 0.000217432 -0.000142287 -0.00111964
internal_weight=32834 917 31917 8544 8135 7432 5138 2294 703 23373 13374 1968 1608 11406 1770 9999 4843 4529 5156 3998 9636 1158
internal_count=32834 917 31917 8544 8135 7432 5138 2294 703 23373 13374 1968 1608 11406 1770 9999 4843 4529 5156 3998 9636 1158
is_linear=0
shrinkage=0.12


Tree=118
num_leaves=27
num_cat=0
split_feature=50 28 82 74 74 15 74 29 11 82 49 7 74 52 46 54 74 49 65 60 46 60 1 9 11 61
split_gain=0.0596773 0.201284 0.203954 0.168346 0.279118 0.219581 0.176385 0.156107 0.166027 0.222759 0.152309 0.125022 0.467494 0.180336 0.134822 0.121432 0.156378 0.186559 0.137634 0.101051 0.163323 0.152828 0.155075 0.0974016 0.0764127 0.0629129
threshold=0.10444565117359163 -35.275234222412102 0.37500000000000006 3.4243270158767705 2.0876107215881352 10.844824790954592 4.131345510482789 4.5000000000000009 1.7412999868392947 0.37500000000000006 0.041439287364482887 3.8043750524520878 12.470083236694338 2.4406249523162846 0.1213088631629944 0.22906992584466937 0.24996487051248553 0.193156473338604 5.8656251430511483 7.5562500953674325 0.10808642208576204 6.0531251430511483 183.58000183105472 1.0000000180025095e-35 2.9038000106811528 -0.87368479371070851
decision_type=2 2 2 2 2 2 2 2 2 2 2 2 2 2 2 2 2 2 2 2 2 2 2 2 2 2
left_child=1 2 -1 4 7 -6 -5 8 9 -2 -10 12 25 14 -13 19 18 -18 -17 21 -21 22 -3 -9 -19 -8
right_child=3 15 -4 6 5 -7 11 23 10 -11 -12 13 -14 -15 -16 16 17 24 -20 20 -22 -23 -24 -25 -26 -27
leaf_value=0.0040100948202689323 -0.0024022794668598114 -0.00084223129116707605 0.00033443859728153597 0.0033827807315537938 -0.00056608687786994594 -0.0040287969076914362 -0.0016733432844220125 0.0026915617534439763 0.0012289575295645143 -0.00014876186541916151 -0.00020916278662407918 -0.0026888344526878032 0.0053084300485084224 0.0019188582504519275 8.9402061534693108e-05 -0.0014214551457953056 -0.0038965366579384168 -0.0020786375314138248 0.0015333062059031237 0.0035754341086359953 7.23042415634026e-05 -0.0021594214217069575 0.00042757503466789532 0.00011296930184190902 0.00029688397918463399 0.00077413127736654136
leaf_weight=384 1118 1666 501 320 567 493 305 429 1180 1452 10469 460 304 372 555 373 376 327 580 328 461 407 8209 415 483 300
leaf_count=384 1118 1666 501 320 567 493 305 429 1180 1452 10469 460 304 372 555 373 376 327 580 328 461 407 8209 415 483 300
internal_value=-9.23117e-06 0.000177306 0.0019293 -0.000149539 -0.000294419 -0.00217657 0.000743384 -0.000161969 -0.000256087 -0.00112909 -6.34866e-05 0.000375524 0.00146934 -0.000341334 -0.0011697 5.99314e-05 -0.00076779 -0.00168754 0.000376826 0.000219853 0.00152861 0.000119424 0.000213347 0.00142365 -0.000662123 -0.00045972
internal_weight=32834 14095 885 18739 16123 1060 2616 15063 14219 2570 11649 2296 909 1387 1015 13210 2139 1186 953 11071 789 10282 9875 844 810 605
internal_count=32834 14095 885 18739 16123 1060 2616 15063 14219 2570 11649 2296 909 1387 1015 13210 2139 1186 953 11071 789 10282 9875 844 810 605
is_linear=0
shrinkage=0.12


Tree=119
num_leaves=12
num_cat=0
split_feature=5 23 28 13 50 50 11 58 33 49 50
split_gain=0.06146 0.0928928 0.0801235 0.0751036 0.0753487 0.225639 0.225108 0.175145 0.154765 0.139288 0.0664516
threshold=9.0841002464294451 2.7416003942489628 9.9447107315063494 -0.89155000448226918 0.19871877878904345 0.19399563223123553 2.4716500043869023 19999975.000000004 1.3311571478843691 0.27909871935844427 0.099215373396873488
decision_type=2 2 2 2 2 2 2 2 2 2 2
left_child=1 2 -1 -3 5 8 7 -6 -5 -8 -4
right_child=-2 3 10 4 6 -7 9 -9 -10 -11 -12
leaf_value=-0.0027355235637543667 0.0015213932431449883 0.0018213888396730463 0.00050574184518972808 1.6349228712759518e-05 -0.0015060922442097944 0.0031825911483223503 0.0010301926521797328 0.001443996167535586 0.0023496423389263478 -0.00030569321587857527 -0.0014889914152890248
leaf_weight=303 374 328 478 22319 2547 338 1738 327 417 3181 484
leaf_count=303 374 328 478 22319 2547 338 1738 327 417 3181 484
internal_value=-8.12343e-06 -2.57463e-05 -0.00103383 1.51327e-05 -4.06098e-06 0.000104898 -0.000326673 -0.00117044 5.91441e-05 0.000166307 -0.000497845
internal_weight=32834 32460 1265 31195 30867 23074 7793 2874 22736 4919 962
internal_count=32834 32460 1265 31195 30867 23074 7793 2874 22736 4919 962
is_linear=0
shrinkage=0.12


Tree=120
num_leaves=16
num_cat=0
split_feature=45 54 45 28 60 32 71 54 46 44 71 21 54 54 74
split_gain=0.0750907 0.215748 0.14669 0.186964 0.461639 0.244846 0.142939 0.208755 0.166326 0.199073 0.163698 0.241132 0.0883278 0.120811 0.0869173
threshold=0.20311233401298526 0.35601629316806799 0.20837951451539996 8.0411691665649432 1.0718750357627871 0.2199923321604729 0.55015385150909435 0.24336304515600207 0.28149224817752844 1.0031250119209292 -0.9931635558605193 1.6168000102043154 0.31376616656780248 0.39797006547451025 15.923555850982668
decision_type=2 2 2 2 2 2 2 2 2 2 2 2 2 2 2
left_child=1 6 -2 4 -4 -5 10 8 9 -8 11 -1 14 -14 -7
right_child=2 -3 3 5 -6 12 7 -9 -10 -11 -12 -13 13 -15 -16
leaf_value=0.0017133476682888306 -0.0020928777333998048 0.0031400374022312457 0.0046860068908949086 -0.0031738180532345484 -0.0016030140014038428 -4.023099584314008e-05 0.00012712751036044961 -0.0022942661245984662 0.0029448762580824009 0.0024653410086995843 -0.0025633104406677155 -0.0023671176489008152 -0.0017823057808288325 -1.6573717030680225e-05 0.0013744407335114781
leaf_weight=532 524 375 379 372 302 21653 3625 363 429 613 527 343 988 1282 644
leaf_count=532 524 375 379 372 302 21653 3625 363 429 613 527 343 988 1282 644
internal_value=-1.28899e-05 0.000342126 -0.000105324 -6.4673e-05 0.00189704 -0.000118241 0.000179002 0.000477659 0.00069326 0.000465335 -0.0008925 0.000113805 -7.19725e-05 -0.000785095 6.28698e-07
internal_weight=32951 6807 26144 25620 681 24939 6432 5030 4667 4238 1402 875 24567 2270 22297
internal_count=32951 6807 26144 25620 681 24939 6432 5030 4667 4238 1402 875 24567 2270 22297
is_linear=0
shrinkage=0.12


Tree=121
num_leaves=23
num_cat=0
split_feature=45 71 65 57 27 53 64 40 53 45 45 28 18 32 49 13 40 32 65 28 18 65
split_gain=0.0581502 0.159351 0.175272 0.295558 0.315243 0.282206 0.299601 0.17314 0.15616 0.232523 0.113596 0.144785 0.269557 0.202779 0.267591 0.238407 0.108486 0.134416 0.216191 0.105659 0.0706086 0.0626382
threshold=0.20311233401298526 0.65662130713462841 6.7218749523162851 -2.3061001300811763 83.909172058105483 -0.19568388909101483 39.500000000000007 0.058724187314510352 -0.19096659868955609 0.18527290225028994 0.20837951451539996 8.0411691665649432 0.27239583432674414 0.23252121359109881 0.11473782733082773 5.555000066757203 0.27204737067222601 0.1255467161536217 3.7656250000000004 19.414765357971195 0.30885416269302374 3.4281250238418584
decision_type=2 2 2 2 2 2 2 2 2 2 2 2 2 2 2 2 2 2 2 2 2 2
left_child=1 7 16 5 -5 -4 -7 -1 -9 -10 -2 12 -12 14 15 -13 17 21 -19 -15 -21 -3
right_child=10 2 3 4 -6 6 -8 8 9 -11 11 13 -14 19 -16 -17 -18 18 -20 20 -22 -23
leaf_value=-0.0033345383554604824 -0.0018417324120673583 5.490358354519212e-05 -0.0019179524238393804 0.0012122856011410475 0.0061255568183270518 -0.0010680143122552784 0.0036098087943093734 0.001639382014131675 -0.0032281898381601123 0.00081826305960072752 0.004025495033083565 -0.0048266106716959786 -0.00074980882080516106 0.0021013843796469948 0.0011723795181934498 -0.00055638970202386115 -0.0020742528186650992 9.8908562309292169e-05 0.0029523031680132091 -0.00015658345957386655 0.00039072054380868797 -0.0022833023329496944
leaf_weight=303 524 306 484 432 333 329 492 455 395 424 345 425 336 330 326 338 310 1692 494 19406 4114 358
leaf_count=303 524 306 484 432 333 329 492 455 395 424 345 425 336 330 326 338 310 1692 494 19406 4114 358
internal_value=-1.13431e-05 0.000301071 0.000619891 0.0014782 0.003351 0.000380353 0.00173526 -0.00075627 -0.000143071 -0.00113332 -9.26851e-05 -5.69122e-05 0.0016694 -0.000104052 -0.00170539 -0.00293495 5.76427e-05 0.000289533 0.000743729 -3.09341e-05 -6.08518e-05 -0.00120576
internal_weight=32951 6807 5230 2070 765 1305 821 1577 1274 819 26144 25620 681 24939 1089 763 3160 2850 2186 23850 23520 664
internal_count=32951 6807 5230 2070 765 1305 821 1577 1274 819 26144 25620 681 24939 1089 763 3160 2850 2186 23850 23520 664
is_linear=0
shrinkage=0.12


Tree=122
num_leaves=31
num_cat=0
split_feature=56 56 56 82 68 4 71 52 28 46 56 79 60 60 40 49 52 62 56 1 60 56 56 4 64 46 62 7 61 61
split_gain=0.0538936 0.227386 0.175891 0.247636 0.59037 0.467983 0.143551 0.132995 0.184296 0.140077 0.125808 0.127784 0.117606 0.198085 0.154645 0.116492 0.103115 0.152954 0.122297 0.0948267 0.09446 0.304368 0.111858 0.372558 0.125609 0.102923 0.092317 0.0844587 0.101029 0.0295177
threshold=3.6406250000000004 4.1312499046325692 2.7031250000000004 0.37500000000000006 9.5000000000000018 2.5746500492095952 1.8678363561630251 2.0156250000000004 147.32247161865237 0.11498617008328439 2.9531250000000004 1.0000000180025095e-35 3.3031250238418584 4.3781249523162851 0.24256793409585956 0.20087254047393802 2.4343750476837163 19999969.000000004 4.6187500953674325 235.68999481201175 2.4593750238418584 1.3781250119209292 1.5406250357627871 2.0245000123977666 25.500000000000004 0.14712799340486529 4.0843739509582528 3.7209844589233403 -0.52735215425491322 -0.55094578862190235
decision_type=2 2 2 2 2 2 2 2 2 2 2 2 2 2 2 2 2 2 2 2 2 2 2 2 2 2 2 2 2 2
left_child=2 19 12 4 -4 10 -6 8 9 -3 -5 -12 20 26 15 -15 17 18 -9 -2 22 -22 24 -24 -1 -23 -14 28 -18 -21
right_child=1 7 3 5 6 -7 -8 16 -10 -11 11 -13 13 14 -16 -17 27 -19 -20 29 21 25 23 -25 -26 -27 -28 -29 -30 -31
leaf_value=-0.00014145841697478861 -0.0032566733206531224 -0.00053144213872205524 -0.0037780588357418311 0.0027349811610354168 0.0038338812356181733 0.0060088157435945633 0.00041205205873201984 0.0018865616772961856 0.0011450332013655297 -0.003935973427963496 0.0014604334379988591 -0.0018368828999070085 -0.0040437260129993725 0.00064041519768130901 0.0022018616236129688 -0.0016937969697844936 -0.0013739140352778951 0.0024871932629595677 -9.3301719777437664e-05 -0.001762162382204872 0.0043421565208757546 0.0010908083213825625 0.0002702723472860794 -0.0035345369482929858 0.0005484781980071283 -0.00099819901704572807 -0.0013411074091567838 -0.0019603643267277816 0.0016581991705748337 -0.00014290457884393013
leaf_weight=12368 441 327 432 338 300 336 429 544 317 372 358 321 307 539 337 718 314 513 2580 334 306 760 1158 545 5485 614 447 477 319 315
leaf_count=12368 441 327 432 338 300 336 429 544 317 372 358 321 307 539 337 718 314 513 2580 334 306 760 1158 545 5485 614 447 477 319 315
internal_value=-9.98196e-06 -0.000309469 6.86596e-05 0.00102283 -0.000262865 0.00212608 0.00182021 -8.85375e-06 -0.00125491 -0.0023433 0.000843284 -9.83862e-05 -3.30527e-05 -0.000838941 -8.08877e-05 -0.00069289 0.000257839 0.000566814 0.000251463 -0.00189887 5.60519e-05 0.000919536 -1.81275e-05 -0.000947356 7.05117e-05 0.000157293 -0.00244151 -0.000754538 0.000154118 -0.000976236
internal_weight=32951 6853 26098 2514 1161 1353 729 5763 1016 699 1017 679 23584 2348 1594 1257 4747 3637 3124 1090 21236 1680 19556 1703 17853 1374 754 1110 633 649
internal_count=32951 6853 26098 2514 1161 1353 729 5763 1016 699 1017 679 23584 2348 1594 1257 4747 3637 3124 1090 21236 1680 19556 1703 17853 1374 754 1110 633 649
is_linear=0
shrinkage=0.12


Tree=123
num_leaves=23
num_cat=0
split_feature=45 56 54 76 53 46 53 63 50 21 83 49 21 50 33 35 14 57 49 30 49 52
split_gain=0.0532391 0.210603 0.169332 0.148983 0.278759 0.109387 0.220665 0.212746 0.176991 0.163662 0.558452 0.167861 0.133223 0.11965 0.112502 0.153934 0.11619 0.103209 0.122059 0.101464 0.199854 0.112214
threshold=0.19145367294549945 5.6437499523162851 0.33617381751537329 1.0000000180025095e-35 -0.18291231244802472 0.080905921757221236 0.039059588685631759 1.0000000180025095e-35 0.063076082617044463 2.1658000946044926 1.0000000180025095e-35 0.057175120338797576 3.6528166532516484 0.11542724817991258 1.1885428428649905 8.0411691665649432 12.567457199096681 0.32573924958705908 0.070563111454248442 0.90312498807907116 -0.024060277268290516 1.9343749880790713
decision_type=2 2 2 2 2 2 2 2 2 2 2 2 2 2 2 2 2 2 2 2 2 2
left_child=1 2 3 19 -5 6 7 9 -8 10 -2 -11 13 -10 16 -16 17 18 -7 21 -21 -1
right_child=5 -3 -4 4 -6 14 8 -9 12 11 -12 -13 -14 -15 15 -17 -18 -19 -20 20 -22 -23
leaf_value=0.00038506011223103567 -0.005390762007073782 -0.0026914687295326776 0.0032664969255732797 0.00014772228885826032 0.0044658763305655781 0.00097628605320910112 0.002131779522428785 0.0010385556977992162 -0.0017188733773478742 -0.0027051811016624147 -0.0005055655947572733 0.0001626158616233343 0.0016777119176310201 1.3807398329141883e-05 0.0032369647675344871 -0.00034822928207067213 -0.0016468025607454027 -0.001491494746121166 1.9515866204030342e-06 0.0020113578857959453 -0.0011060821995684078 -0.0011700252839400786
leaf_weight=1324 577 313 303 596 337 2086 552 516 831 420 810 979 465 1855 370 323 591 597 16468 828 461 1349
leaf_count=1324 577 313 303 596 337 2086 552 516 831 420 810 979 465 1855 370 323 591 597 16468 828 461 1349
internal_value=-8.78412e-06 0.000331576 0.00051361 0.000343207 0.00170744 -7.71415e-05 -0.00048636 -0.00119959 0.000149637 -0.00161413 -0.00253784 -0.000698338 -0.000197599 -0.000522253 6.31362e-05 0.00156594 1.03834e-05 6.15242e-05 0.000111495 2.19475e-05 0.000896432 -0.000399755
internal_weight=32951 5511 5198 4895 933 27440 7005 3302 3703 2786 1387 1399 3151 2686 20435 693 19742 19151 18554 3962 1289 2673
internal_count=32951 5511 5198 4895 933 27440 7005 3302 3703 2786 1387 1399 3151 2686 20435 693 19742 19151 18554 3962 1289 2673
is_linear=0
shrinkage=0.12


Tree=124
num_leaves=23
num_cat=0
split_feature=49 53 1 53 60 49 87 49 49 56 44 65 45 54 33 65 61 57 28 54 69 48
split_gain=0.0514058 0.0712064 0.125588 0.119836 0.123237 0.153859 0.0895582 0.059239 0.14144 0.271244 0.155092 0.0917872 0.182964 0.125896 0.0588949 0.0434791 0.0503918 0.0620405 0.0320473 0.0252531 0.0181896 0.0125866
threshold=0.53604456782341015 0.21008104830980304 347.22000122070318 0.2628649771213532 5.1156251430511483 0.36667601764202123 0.024785714223980907 0.038182983174920089 -0.029572866857051846 0.17500000447034839 0.93437498807907116 4.9656250476837167 0.44735468924045568 0.060745680704712875 0.70307144522666942 11.68593740463257 -3.1328858137130733 -3.558358788490295 159.03234863281253 0.12811326235532763 28.500000000000004 1.3718749880790713
decision_type=2 2 2 2 2 2 2 2 2 2 2 2 2 2 2 2 2 2 2 2 2 2
left_child=1 6 3 4 5 -3 7 8 10 -10 -1 12 -9 -13 -5 16 19 -18 -8 -4 -2 -22
right_child=20 2 15 14 -6 -7 18 11 9 -11 -12 13 -14 -15 -16 -17 17 -19 -20 -21 21 -23
leaf_value=-0.00040522539389354451 -0.0014871730479482351 0.0010102777389975786 -0.00032554489746728092 0.00060430559799982747 -0.00026831569925824542 0.0035196156090300927 -0.0022609474907269236 -0.0011728300198113144 0.0030919502250185875 0.00020462756901708847 0.0012399610807364953 -0.00093967584479654029 0.00054517164107521201 0.00015194266461233857 -0.0015205835963506705 0.00086530338501237918 0.001603148104973748 -0.00025631384265588115 -0.00059212478162614388 -0.0017681056075647852 -1.5773275165646605e-05 -0.0008524474336396847
leaf_weight=4266 339 839 304 479 422 606 337 2878 661 1609 1023 1756 1294 11386 309 569 302 1789 326 411 471 575
leaf_count=4266 339 839 304 479 422 606 337 2878 661 1609 1023 1756 1294 11386 309 569 302 1789 326 411 471 575
internal_value=-7.73003e-06 2.36655e-05 0.000394559 0.00101201 0.00153577 0.00206264 -6.39161e-05 -2.72259e-05 0.000253051 0.00104539 -8.70129e-05 -0.00014959 -0.000639969 6.08343e-06 -0.000228931 -9.11686e-05 -0.000285122 1.22455e-05 -0.00144038 -0.00115477 -0.000723277 -0.000475704
internal_weight=32951 31566 6030 2655 1867 1445 25536 24873 7559 2270 5289 17314 4172 13142 788 3375 2806 2091 663 715 1385 1046
internal_count=32951 31566 6030 2655 1867 1445 25536 24873 7559 2270 5289 17314 4172 13142 788 3375 2806 2091 663 715 1385 1046
is_linear=0
shrinkage=0.12


Tree=125
num_leaves=23
num_cat=0
split_feature=87 62 44 60 49 62 82 21 11 60 68 58 1 21 6 56 49 21 46 46 32 28
split_gain=0.0669278 0.0728427 0.276062 0.165451 0.183516 0.13082 0.0815682 0.227772 0.390249 0.569488 0.210664 0.159473 0.175175 0.140612 0.159244 0.131648 0.0652034 0.0421841 0.0372954 0.042501 0.0148221 0.0128112
threshold=1.0000000180025095e-35 13.977492332458498 0.34687499701976782 1.3656249642372134 0.016265347599983219 19999951.000000004 0.62500000000000011 0.60793748497962963 1.4167000055313113 1.4156250357627871 28.500000000000004 6.6368374824523935 257.11000061035162 2.7032833099365239 3.813850045204163 4.1718750000000009 0.36284309625625616 3.0902374982833867 0.25008331239223486 0.14929225295782092 0.55564683675766002 222.1801681518555
decision_type=2 2 2 2 2 2 2 2 2 2 2 2 2 2 2 2 2 2 2 2 2 2
left_child=1 6 -3 -4 -5 -6 7 -1 9 -9 -10 13 -13 14 -8 -15 17 -2 19 20 -18 -22
right_child=16 2 3 4 5 -7 11 8 10 -11 -12 12 -14 15 -16 -17 18 -19 -20 -21 21 -23
leaf_value=0.0022000803931320947 -0.0025261377487591271 0.0039026254197351961 -0.0016272396120721525 0.0024741051841162469 0.0020460096354847686 -0.00017891663266080007 0.0014336961412534364 -0.00027684374391716325 -0.00041134296218234463 -0.0062145632329530459 0.00080768636795062847 -0.0030617521417992343 0.00061566364462157077 -0.00047095146298908576 0.00023905146295333322 0.0014279687815299141 -0.0010796522509751057 -0.00067269700798301712 -0.0013152314405005167 0.0010328421816152209 0.00051270849153515878 -0.00056466944376299473
leaf_weight=533 343 319 587 593 449 2496 2385 583 9256 387 2619 436 326 3969 4924 606 301 365 348 450 300 338
leaf_count=533 343 319 587 593 449 2496 2385 583 9256 387 2619 436 326 3969 4924 606 301 365 348 450 300 338
internal_value=4.08833e-06 5.25634e-05 0.000501569 0.000238554 0.000548114 0.0001603 -2.41113e-05 -0.000230666 -0.000331529 -0.00264581 -0.000142489 0.0001944 -0.00148847 0.000302305 0.000628876 -0.000219422 -0.000599976 -0.00157062 -0.000204342 7.39798e-05 -0.000385539 -5.80654e-05
internal_weight=32913 30468 4444 4125 3538 2945 26024 13378 12845 970 11875 12646 762 11884 7309 4575 2445 708 1737 1389 939 638
internal_count=32913 30468 4444 4125 3538 2945 26024 13378 12845 970 11875 12646 762 11884 7309 4575 2445 708 1737 1389 939 638
is_linear=0
shrinkage=0.12


Tree=126
num_leaves=16
num_cat=0
split_feature=58 58 1 60 28 53 60 68 69 1 46 83 33 58 49
split_gain=0.061306 0.0964993 0.270122 0.062845 0.180821 0.265018 0.0974708 0.173885 0.130567 0.0797442 0.296389 0.310326 0.161102 0.0917153 0.0626417
threshold=-6.7597177028655997 -0.058126458898186677 268.44000244140631 5.2281248569488534 6.695268154144288 -0.15965883433818814 6.0531251430511483 14.500000000000002 21.500000000000004 132.61499786376956 0.28149224817752844 1.0000000180025095e-35 1.2453428506851199 19999995.000000004 0.21001616120338443
decision_type=2 2 2 2 2 2 2 2 2 2 2 2 2 2 2
left_child=14 2 -2 9 5 -5 8 -8 -6 10 11 -3 13 -11 -1
right_child=1 3 -4 4 6 -7 7 -9 -10 12 -12 -13 -14 -15 -16
leaf_value=-0.002416002656919465 0.0036017190133254447 -0.0033282391958707911 -0.0010091146992520159 -0.00016523837026559713 0.0031621609511326156 0.0042902444868417123 0.00023697811638620598 -0.0018554966437946271 5.1453760856984225e-05 -8.7662488796996329e-05 0.0024936991260172082 8.588584554432839e-07 0.0023897243028932974 0.0018858385820762079 -1.0123757961110691e-05
leaf_weight=302 381 724 352 382 317 387 2736 723 502 23813 325 910 393 344 322
leaf_count=302 381 724 352 382 317 387 2736 723 502 23813 325 910 393 344 322
internal_value=3.59773e-06 2.63652e-05 0.00138751 -5.2523e-06 0.000382858 0.00207699 7.8327e-05 -0.000200391 0.00125548 -7.9144e-05 -0.000815932 -0.00147421 -2.0351e-05 -5.95595e-05 -0.00117451
internal_weight=32913 32289 733 31556 5047 769 4278 3459 819 26509 1959 1634 24550 24157 624
internal_count=32913 32289 733 31556 5047 769 4278 3459 819 26509 1959 1634 24550 24157 624
is_linear=0
shrinkage=0.12


Tree=127
num_leaves=27
num_cat=0
split_feature=18 21 71 33 18 1 71 1 0 1 0 5 62 6 46 46 48 71 48 5 28 6 18 28 53 62
split_gain=0.0587163 0.130924 0.13953 0.211341 0.225748 0.200531 0.328884 0.185218 0.123447 0.213493 0.100002 0.121145 0.191404 0.12947 0.108818 0.160424 0.402172 0.0914459 0.0901799 0.08512 0.145498 0.12469 0.0784314 0.0707096 0.0749477 0.0612403
threshold=0.27864582836627966 0.39499999582767492 -0.86559242010116566 1.2176428437232973 0.26796875894069677 132.61499786376956 4.8480043411254892 113.8050003051758 3.7620999813079838 217.88999938964847 17.980599403381351 6.2033500671386728 2.2754144668579106 0.70475000143051159 0.24440221488475802 0.078289315104484572 1.3343749642372134 -0.14017003029584882 1.3281250000000002 3.5522500276565556 1.7940861582756045 8.1219501495361346 0.30520834028720861 112.11790847778322 -0.098248373717069612 0.20037307590246203
decision_type=2 2 2 2 2 2 2 2 2 2 2 2 2 2 2 2 2 2 2 2 2 2 2 2 2 2
left_child=1 -1 3 4 18 6 -4 -8 9 -7 11 13 23 22 15 -12 -17 -10 -3 20 -15 -21 -2 24 -13 -18
right_child=10 2 5 -5 -6 8 7 -9 17 -11 14 12 -14 19 -16 16 25 -19 -20 21 -22 -23 -24 -25 -26 -27
leaf_value=0.0024129515723617977 -0.0031995828178318524 -0.0012451579345417823 -0.0046228862845662478 0.0037505687497873122 0.003153175196085703 -0.0036934019771612298 0.0019284162990146759 -0.0019592285976054087 -0.0013005079791697908 3.8472004202602235e-05 0.0022080860601984015 -0.00030337026679848306 -0.0036967810230195673 0.0017608124503356521 0.0027207675742695232 -0.0041269306374066856 0.002274970390719301 0.00022900990850439066 0.00049229810533553419 -0.00061231160549011067 1.0495283084420063e-05 0.0019092570274571498 -0.00058682536154077195 0.001030469655217518 -0.0026272568808831643 -0.00010410238264582624
leaf_weight=358 304 590 354 324 391 334 331 378 588 651 409 587 365 800 309 316 323 13177 1588 4152 4712 303 363 302 303 301
leaf_count=358 304 590 354 324 391 334 331 378 588 651 409 587 365 800 309 316 323 13177 1588 4152 4712 303 363 302 303 301
internal_value=3.166e-06 0.000139775 9.62703e-05 0.000862496 0.000498255 -4.39114e-05 -0.00163573 -0.000144263 7.08077e-05 -0.00122696 -0.000184885 -0.000303803 -0.0012924 -0.000159056 0.000689502 0.000224224 -0.000638968 0.000163673 2.16374e-05 -5.07384e-05 0.000264533 -0.000440811 -0.00177765 -0.000556154 -0.00109454 0.00112737
internal_weight=32913 19064 18706 2893 2569 15813 1063 709 14750 985 13849 12191 1557 10634 1658 1349 940 13765 2178 9967 5512 4455 667 1192 890 624
internal_count=32913 19064 18706 2893 2569 15813 1063 709 14750 985 13849 12191 1557 10634 1658 1349 940 13765 2178 9967 5512 4455 667 1192 890 624
is_linear=0
shrinkage=0.12


Tree=128
num_leaves=19
num_cat=0
split_feature=87 71 4 48 4 28 57 30 21 82 68 56 21 57 13 71 50 54
split_gain=0.0507229 0.052909 0.0522761 0.131079 0.120253 0.126131 0.0801784 0.239206 0.180477 0.0759576 0.296809 0.172636 0.0513182 0.0265989 0.0424205 0.0495389 0.0290259 0.0109873
threshold=1.0000000180025095e-35 19999993.000000004 0.93324998021125805 2.0218750238418584 0.89605000615119945 3.2877995967864995 0.10717714205384256 0.85937500000000011 1.8274000287055971 0.62500000000000011 2.5000000000000004 6.5156250000000009 2.6190834045410161 -0.9109840691089629 7.7412497997283944 2.2577688694000249 0.19518817216157916 0.098647035658359541
decision_type=2 2 2 2 2 2 2 2 2 2 2 2 2 2 2 2 2 2
left_child=1 2 3 4 5 -1 9 8 -8 10 -4 -11 -2 14 15 -14 17 -15
right_child=12 -3 6 -5 -6 -7 7 -9 -10 11 -12 -13 13 16 -16 -17 -18 -19
leaf_value=0.0020830507945986151 -0.0019579136581457674 0.0014771128353514571 0.0028192720872387074 -0.0020346703302330121 0.0027295489142115706 0.00015460889659166274 -0.004438303017156647 0.0016435021253867594 -0.00045423440071944079 0.00032902797762967623 -0.00036120046965362399 -0.0016385957247021315 -0.0023270597049668139 0.00019672149833760546 0.00045399377214875198 -0.00042447778512213146 0.0011324625491077314 -0.00077517682146328057
leaf_weight=534 313 367 440 325 313 5719 324 305 331 10485 10641 684 320 336 329 513 300 334
leaf_count=534 313 367 440 325 313 5719 324 305 331 10485 10641 684 320 336 329 513 300 334
internal_value=2.78609e-06 4.49865e-05 2.75256e-05 0.000317753 0.000434192 0.000319296 -5.86424e-05 -0.00113239 -0.00242498 -1.23144e-05 -0.000234912 0.000208529 -0.000523088 -0.000312441 -0.000699701 -0.00115536 0.000151472 -0.000287777
internal_weight=32913 30468 30101 6891 6566 6253 23210 960 655 22250 11081 11169 2445 2132 1162 833 970 670
internal_count=32913 30468 30101 6891 6566 6253 23210 960 655 22250 11081 11169 2445 2132 1162 833 970 670
is_linear=0
shrinkage=0.12


Tree=129
num_leaves=17
num_cat=0
split_feature=73 57 14 27 69 33 68 64 82 6 6 4 22 57 33 62
split_gain=0.0533676 0.0523181 0.253058 0.236654 0.0607753 0.0856955 0.154126 0.255248 0.200394 0.0758838 0.101093 0.290776 0.119746 0.0730154 0.174531 0.122021
threshold=1.0000000180025095e-35 0.048108926042914398 11.297085762023928 74.688381195068374 31.500000000000004 0.93465712666511547 17.500000000000004 7.5000000000000009 0.62500000000000011 10.948400020599367 9.8269000053405779 2.513049960136414 3.2416000366210942 -3.9450376033782955 0.705257147550583 1.9014714360237124
decision_type=2 2 2 2 2 2 2 2 2 2 2 2 2 2 2 2
left_child=1 4 3 -3 9 13 8 -8 -7 10 12 -12 -1 14 -6 -15
right_child=-2 2 -4 -5 5 6 7 -9 -10 -11 11 -13 -14 15 -16 -17
leaf_value=-0.00055018116171709085 0.0015208124265323436 -0.0040346458416324503 0.002057045007783604 0.00018704739004454535 -0.0008059892085018498 -0.0020219717790112045 -0.00032176364991350374 0.0031626849817333984 -0.00019491854237594017 -0.0017103693790531556 -5.7955548079075495e-05 0.0037011438702882109 0.00024922513726931066 0.00013911573190961932 0.0026559111216606754 -0.0017173393607440956
leaf_weight=3314 330 398 310 368 373 1596 1849 362 1886 312 899 442 14523 4903 479 569
leaf_count=3314 330 398 310 368 373 1596 1849 362 1886 312 899 442 14523 4903 479 569
internal_value=2.45175e-06 -1.29262e-05 -0.000835754 -0.00200647 1.51743e-05 -0.000197076 -0.00053482 0.000248734 -0.00103236 0.000146042 0.000176244 0.00118106 0.000100701 0.000106968 0.00114031 -5.39257e-05
internal_weight=32913 32583 1076 766 31507 12017 5693 2211 3482 19490 19178 1341 17837 6324 852 5472
internal_count=32913 32583 1076 766 31507 12017 5693 2211 3482 19490 19178 1341 17837 6324 852 5472
is_linear=0
shrinkage=0.12


Tree=130
num_leaves=11
num_cat=0
split_feature=61 71 27 54 27 28 5 4 46 21
split_gain=0.0552186 0.189295 0.0679059 0.160837 0.0673633 0.0548178 0.159969 0.0731318 0.138175 0.110791
threshold=6.8909864425659189 0.28105385601520544 14.445900917053224 0.1051728129386902 20.593093872070316 -70.25765228271483 3.5293500423431401 3.0756499767303471 0.30255834758281713 1.6168000102043154
decision_type=2 2 2 2 2 2 2 2 2 2
left_child=2 -2 3 -1 -4 6 -6 9 -9 -7
right_child=1 -3 4 -5 5 7 -8 8 -10 -11
leaf_value=0.0010255356592677319 -0.00070804285249323582 0.0031497603667913535 0.0016477762663090988 -0.0023888929694821344 -0.0010911077527989703 0.00065414280338702924 0.0024106274396387233 -0.00087310628203892023 0.0017873077042205438 -0.00010227063889060746
leaf_weight=316 418 326 339 535 323 3157 449 2926 311 23879
leaf_count=316 418 326 339 535 323 3157 449 2926 311 23879
internal_value=-3.97355e-05 0.000982339 -6.33255e-05 -0.00112102 -3.46453e-05 -5.30167e-05 0.000945523 -7.84808e-05 -0.000617503 -1.39441e-05
internal_weight=32979 744 32235 851 31384 31045 772 30273 3237 27036
internal_count=32979 744 32235 851 31384 31045 772 30273 3237 27036
is_linear=0
shrinkage=0.12


Tree=131
num_leaves=17
num_cat=0
split_feature=61 65 82 1 14 74 27 54 74 46 53 53 52 74 11 11
split_gain=0.0461727 0.335803 0.349937 0.125985 0.183665 0.0895146 0.0527465 0.132751 0.0521974 0.21482 0.226428 0.341277 0.185948 0.11878 0.0768695 0.0698885
threshold=0.4696196466684342 8.6531248092651385 0.62500000000000011 272.60499572753912 9.4419445991516131 0.24996487051248553 14.445900917053224 0.15064869076013568 0.95694223046302807 0.041742933914065368 -0.1760241091251373 -0.081906691193580614 2.4656250476837163 0.87263324856758129 0.73835000395774852 1.4167000055313113
decision_type=2 2 2 2 2 2 2 2 2 2 2 2 2 2 2 2
left_child=6 2 -2 4 -3 -5 7 -1 13 -10 12 -12 -11 14 -8 -16
right_child=1 3 -4 5 -6 -7 8 -9 9 10 11 -13 -14 -15 15 -17
leaf_value=0.00025297542792900485 0.005556792713158394 -0.0027720317748793563 8.2773097593142364e-05 -0.00055954639918103064 0.00047889422651383319 0.0017923989783432295 0.0014730704164296335 -0.0029053896556411364 0.0025328362134937454 -0.00028599888392480714 -0.0029714591573391518 -0.00034870537999158338 0.003803887377658318 0.0021841705106046528 -0.00077480941277583814 3.6024028031032715e-05
leaf_weight=467 329 546 344 452 462 481 503 325 362 331 814 5840 310 367 1662 19384
leaf_count=467 329 546 344 452 462 481 503 325 362 331 814 5840 310 367 1662 19384
internal_value=-3.49672e-05 0.00044897 0.00275878 -0.000351907 -0.00128202 0.000652978 -7.66274e-05 -0.00104307 -5.07449e-05 -0.000320462 -0.000462052 -0.000669553 0.00169195 4.34888e-05 7.031e-06 -2.80074e-05
internal_weight=32979 2614 673 1941 1008 933 30365 792 29573 7657 7295 6654 641 21916 21549 21046
internal_count=32979 2614 673 1941 1008 933 30365 792 29573 7657 7295 6654 641 21916 21549 21046
is_linear=0
shrinkage=0.12


Tree=132
num_leaves=24
num_cat=0
split_feature=87 62 58 48 27 0 12 18 69 32 48 9 64 27 5 54 0 3 28 0 46 46 58
split_gain=0.0489651 0.0639677 0.0594716 0.0492918 0.126374 0.139079 0.241163 0.178651 0.147324 0.114378 0.187033 0.177837 0.38285 0.157599 0.0900982 0.184838 0.0807046 0.260043 0.102738 0.0235237 0.0322728 0.0273274 0.0248555
threshold=1.0000000180025095e-35 10.433288574218752 4.3386552333831796 1.6593750119209292 55.017366409301765 18.644149780273441 3.0061500072479252 0.27057291567325598 9.5000000000000018 0.1856217905879021 1.5968750119209292 1.0000000180025095e-35 23.500000000000004 83.294452667236342 0.48555000126361852 0.15064869076013568 3.6076999902725224 111.9300003051758 -3.9739984273910518 10.69344997406006 0.13311318308115008 0.18832679092884066 0.56976443529129039
decision_type=2 2 2 2 2 2 2 2 2 2 2 2 2 2 2 2 2 2 2 2 2 2 2
left_child=3 2 19 9 -5 6 -6 -7 -8 10 11 13 -13 -1 15 -11 17 -16 -18 21 -21 22 -2
right_child=1 -3 -4 4 5 7 8 -9 -10 14 -12 12 -14 -15 16 -17 18 -19 -20 20 -22 -23 -24
leaf_value=-0.0003869339199307221 -0.00038869378296064832 -0.0018053100627152254 0.0012896154720013118 -0.0016682549999136708 0.0033756432557823582 -0.0028442518363257546 -0.0020647127436812756 0.00099750656963271253 0.00052915521281144903 -0.00020121152255736852 -0.0036012802592216477 0.00037621539329093964 -0.003655374437057617 0.0029752962234660721 -0.003971959799546898 0.0033614447621946688 0.0020947639869537053 0.00021210529910888946 -1.6760034218957798e-05 -0.0018341023512057041 -0.00029061077252609112 -0.0010044728578031386 0.0011243685588153023
leaf_weight=515 323 468 307 452 415 405 334 306 5635 530 309 825 576 329 310 347 338 690 18147 365 419 331 303
leaf_count=515 323 468 307 452 415 405 334 306 5635 530 309 825 576 329 310 347 338 690 18147 365 419 331 303
internal_value=-3.07712e-05 -0.000539559 -0.000250316 1.12507e-05 0.00027724 0.000401181 0.000578488 -0.00119084 0.000384013 -7.63485e-05 -0.000833325 -0.000452346 -0.00128131 0.000923698 1.85989e-05 0.00120841 -3.49535e-05 -0.00108495 2.18494e-05 -0.00052186 -0.0010092 -0.000122617 0.000343667
internal_weight=32979 2516 2048 30463 7547 7095 6384 711 5969 22916 2554 2245 1401 844 20362 877 19485 1000 18485 1741 784 957 626
internal_count=32979 2516 2048 30463 7547 7095 6384 711 5969 22916 2554 2245 1401 844 20362 877 19485 1000 18485 1741 784 957 626
is_linear=0
shrinkage=0.12


Tree=133
num_leaves=11
num_cat=0
split_feature=73 61 82 27 18 27 46 46 22 27
split_gain=0.0534332 0.047004 0.0673031 0.0449647 0.0826811 0.0597159 0.137134 0.049575 0.157557 0.086823
threshold=1.0000000180025095e-35 6.5257811546325692 0.37500000000000006 14.445900917053224 0.087499998509883894 27.355004310607914 0.12384820356965066 0.14712799340486529 1.3215874433517458 71.000068664550795
decision_type=2 2 2 2 2 2 2 2 2 2
left_child=1 3 -3 4 -1 6 -5 8 -7 -9
right_child=-2 2 -4 5 -6 7 -8 9 -10 -11
leaf_value=3.7524233141946939e-05 0.0015016168287384844 0.0021589982623845569 -0.00011010376172091009 -0.00062174087311547366 -0.0024033565754893148 -0.0016826056666240177 0.0026632495651796014 -0.00061914208343404639 0.0001328939665453697 2.3069581479554847e-05
leaf_weight=502 326 336 428 364 332 717 368 5300 17224 7082
leaf_count=502 326 336 428 364 332 717 368 5300 17224 7082
internal_value=-2.70786e-05 -4.23408e-05 0.000887826 -6.46258e-05 -0.000934145 -4.12743e-05 0.00102973 -6.71285e-05 6.03387e-05 -0.000251823
internal_weight=32979 32653 764 31889 834 31055 732 30323 17941 12382
internal_count=32979 32653 764 31889 834 31055 732 30323 17941 12382
is_linear=0
shrinkage=0.12


Tree=134
num_leaves=13
num_cat=0
split_feature=3 52 52 71 4 4 27 85 23 54 82 58
split_gain=0.0464552 0.0495875 0.089445 0.105085 0.0557313 0.0609196 0.285778 0.10286 0.0386049 0.0167072 0.0126385 0.0100911
threshold=305.36999511718756 3.0124999284744267 2.8500000238418584 1.1446031332015993 4.0095999240875253 3.7098000049591069 62.393999099731452 1.3346285820007326 13.858579635620119 0.18373583257198337 0.37500000000000006 2.5037828683853154
decision_type=2 2 2 2 2 2 2 2 2 2 2 2
left_child=1 2 4 -4 5 7 -7 -1 10 11 -2 -10
right_child=8 -3 3 -5 -6 6 -8 -9 9 -11 -12 -13
leaf_value=3.9821736860714824e-05 -0.0007940652247885279 0.0013787315274386965 0.00023436097423637321 -0.002808068581676692 -0.0014921073723361707 -0.0016685097722454224 0.0032006627635451077 -0.0020416386409340837 -0.00046818689781467031 -0.00089026368137592852 -0.0018600554094285241 0.00039764901294602774
leaf_weight=28698 302 377 306 351 345 301 410 346 303 361 341 538
leaf_count=28698 302 377 306 351 345 301 410 346 303 361 341 538
internal_value=-2.38292e-05 1.08414e-05 -5.92539e-06 -0.00139105 2.4308e-05 4.18904e-05 0.00113931 1.50254e-05 -0.000608887 -0.000207413 -0.00135939 8.5701e-05
internal_weight=32979 31134 30757 657 30100 29755 711 29044 1845 1202 643 841
internal_count=32979 31134 30757 657 30100 29755 711 29044 1845 1202 643 841
is_linear=0
shrinkage=0.12


Tree=135
num_leaves=15
num_cat=0
split_feature=18 23 50 13 32 50 83 50 54 68 54 21 27 1
split_gain=0.13506 0.0790771 0.118127 0.107856 0.105739 0.169536 0.209872 0.098304 0.130376 0.172392 0.157117 0.110815 0.13888 0.0884244
threshold=0.025000000372529033 14.264324188232424 0.15297425538301471 8.7592000961303729 0.091341216117143645 0.15193150937557223 1.0000000180025095e-35 0.24168954789638522 0.25170879065990454 4.5000000000000009 0.31834150850772863 0.50549167394638073 58.705682754516609 137.90000152587893
decision_type=2 2 2 2 2 2 2 2 2 2 2 2 2 2
left_child=-1 4 3 -3 5 6 -2 11 9 -9 -10 12 -6 -13
right_child=1 2 -4 -5 7 -7 -8 8 10 -11 -12 13 -14 -15
leaf_value=0.0024967136276742925 0.0021559306263416725 -0.0034816187047513464 0.00050958155719103967 -0.00039485401103218779 -0.0034334381399583995 -0.0025377808009956109 -0.0015415392789768939 0.0027982767671093588 0.0040469003094690138 8.2900438967754394e-05 0.00054912321286511463 0.0012375251646419149 9.9576478121675521e-05 -1.2648460539206671e-05
leaf_weight=316 395 345 446 309 303 586 502 368 319 3956 440 844 340 23462
leaf_count=316 395 345 446 309 303 586 502 368 319 3956 440 844 340 23462
internal_value=2.77914e-05 3.87055e-06 -0.000996268 -0.00202319 3.87794e-05 -0.000950371 8.66665e-05 8.76243e-05 0.00056862 0.000313996 0.0020192 -1.03717e-05 -0.00156528 3.07625e-05
internal_weight=32931 32615 1100 654 31515 1483 897 30032 5083 4324 759 24949 643 24306
internal_count=32931 32615 1100 654 31515 1483 897 30032 5083 4324 759 24949 643 24306
is_linear=0
shrinkage=0.12


Tree=136
num_leaves=13
num_cat=0
split_feature=18 23 21 56 23 27 48 48 32 21 46 21
split_gain=0.104591 0.0612373 0.102814 0.140414 0.0838371 0.0820417 0.151906 0.201389 0.177654 0.0858084 0.261393 0.119707
threshold=0.025000000372529033 14.264324188232424 3.9378249645233159 0.81562501192092907 14.124476432800295 82.065013885498061 1.6656250357627871 1.7031250000000002 0.2347000986337662 0.99054166674613964 0.24440221488475802 1.6168000102043154
decision_type=2 2 2 2 2 2 2 2 2 2 2 2
left_child=-1 4 -3 -4 5 9 8 -8 -7 10 -2 -11
right_child=1 2 3 -5 -6 6 7 -9 -10 11 -12 -13
leaf_value=0.0021971079846492365 -0.0011408489140263428 -0.0023138682873708231 -0.0015858653417729907 0.0019046365160118363 0.001812877945518527 -0.0014636479378605431 0.0024113847460584203 -4.7402028031182238e-06 -0.00017052685516435562 0.00096181726818416542 0.0026782959782446982 0.00011006338411276204
leaf_weight=316 1740 434 352 314 377 2281 567 4011 4646 2832 303 14758
leaf_count=316 1740 434 352 314 377 2281 567 4011 4646 2832 303 14758
internal_value=2.44565e-05 3.40608e-06 -0.000876716 5.98067e-05 3.41259e-05 1.25898e-05 -0.000241861 0.000294505 -0.00059634 0.000161699 -0.000574427 0.000247196
internal_weight=32931 32615 1100 666 31515 31138 11505 4578 6927 19633 2043 17590
internal_count=32931 32615 1100 666 31515 31138 11505 4578 6927 19633 2043 17590
is_linear=0
shrinkage=0.12


Tree=137
num_leaves=16
num_cat=0
split_feature=18 32 52 50 46 23 40 50 54 0 82 54 50 15 7
split_gain=0.0809949 0.0501817 0.139287 0.191291 0.2827 0.0720552 0.103452 0.0781848 0.182914 0.121486 0.115061 0.0779555 0.193314 0.0983621 0.0636967
threshold=0.025000000372529033 0.091341216117143645 2.1343749761581425 0.15193150937557223 0.15815360099077228 14.264324188232424 0.17042193561792376 0.29411198198795324 0.17995670437812808 15.595399856567385 0.37500000000000006 0.22906992584466937 0.055347668007016189 2.7237349748611455 0.25356349349021917
decision_type=2 2 2 2 2 2 2 2 2 2 2 2 2 2 2
left_child=-1 2 -2 4 -4 7 14 11 9 -9 -10 13 -13 -3 -7
right_child=1 5 3 -5 -6 6 -8 8 10 -11 -12 12 -14 -15 -16
leaf_value=0.0019334549809396386 -0.0028860357511041666 0.001335328697880352 0.0033833158882727917 -0.0018896486624371167 -0.0014473258883295999 0.0011083642226575258 -0.0025822759552335223 -0.00040072193448934939 0.0034687574531363195 0.0017752588809064043 0.00084323643014868807 -0.0024840956587403513 -0.0001521564157871878 4.6064567381758172e-05 -0.0011783655574535746
leaf_weight=316 322 888 385 492 319 336 362 1829 430 463 545 583 4198 21096 367
leaf_count=316 322 888 385 492 319 336 362 1829 430 463 545 583 4198 21096 367
internal_value=2.15217e-05 2.99736e-06 -0.000670706 -7.42705e-05 0.00119443 3.58842e-05 -0.000934116 7.02825e-05 0.000624473 3.88414e-05 0.00200116 2.63664e-06 -0.000436515 9.81418e-05 -8.54193e-05
internal_weight=32931 32615 1518 1196 704 31097 1065 30032 3267 2292 975 26765 4781 21984 703
internal_count=32931 32615 1518 1196 704 31097 1065 30032 3267 2292 975 26765 4781 21984 703
is_linear=0
shrinkage=0.12


Tree=138
num_leaves=12
num_cat=0
split_feature=18 46 28 0 58 56 15 12 6 1 33
split_gain=0.0627224 0.0438265 0.0501736 0.162407 0.214487 0.180467 0.127376 0.0729767 0.102145 0.0675393 0.123759
threshold=0.025000000372529033 0.65833944082260143 12.555662155151369 18.644149780273441 2.2868745326995854 5.1156251430511483 5.5389294624328622 1.6736499667167666 10.449949741363527 173.004997253418 1.112142860889435
decision_type=2 2 2 2 2 2 2 2 2 2 2
left_child=-1 2 3 5 -5 6 -2 8 -4 -9 -11
right_child=1 -3 7 4 -6 -7 -8 9 -10 10 -12
leaf_value=0.0017014403849684699 0.0010656185602240516 0.0013305766060820118 0.0022345369859524326 -0.00039176106840400519 -0.0043985317851375407 0.0020473351242418919 -0.00046232983162619682 0.0013534786058010931 -0.00054360325152405585 4.6908386762335448e-05 -0.0018240716004714675
leaf_weight=316 908 354 508 524 304 528 5831 547 305 22285 521
leaf_count=316 908 354 508 524 304 528 5831 547 305 22285 521
internal_value=1.89391e-05 2.63767e-06 -1.19338e-05 -0.000270501 -0.00186285 -8.90699e-05 -0.000256457 7.46797e-05 0.00119231 3.57712e-05 4.1661e-06
internal_weight=32931 32615 32261 8095 828 7267 6739 24166 813 23353 22806
internal_count=32931 32615 32261 8095 828 7267 6739 24166 813 23353 22806
is_linear=0
shrinkage=0.12


Tree=139
num_leaves=11
num_cat=0
split_feature=19 56 27 48 56 28 56 12 56 28
split_gain=0.0485723 0.0446628 0.118991 0.123457 0.0973845 0.141005 0.0945257 0.0857956 0.0664047 0.0476769
threshold=2.4588767886161809 8.6312499046325701 58.705682754516609 1.5343750119209292 7.2250001430511483 133.80055236816409 6.3843748569488534 0.93479999899864208 4.9531250000000009 156.06431579589847
decision_type=2 2 2 2 2 2 2 2 2 2
left_child=-1 4 -3 -4 6 -6 7 -2 -9 -8
right_child=1 2 3 -5 5 -7 9 8 -10 -11
leaf_value=0.0014972675429830988 0.0019253915013207864 -0.0026127475123685889 0.0014957744916840588 -0.0013735997805893433 0.00338896115423413 -0.00021612845850641342 -0.002474773064428355 -3.6586005389302955e-05 0.00072226562314282926 -0.00037562580573920971
leaf_weight=316 340 341 424 440 300 326 323 28055 1765 301
leaf_count=316 340 341 424 440 300 326 323 28055 1765 301
internal_value=1.66664e-05 2.32116e-06 -0.000714624 3.45191e-05 2.98258e-05 0.00151155 -3.05468e-07 2.99407e-05 8.32926e-06 -0.0014622
internal_weight=32931 32615 1205 864 31410 626 30784 30160 29820 624
internal_count=32931 32615 1205 864 31410 626 30784 30160 29820 624
is_linear=0
shrinkage=0.12


Tree=140
num_leaves=10
num_cat=0
split_feature=18 82 7 6 66 14 57 4 5
split_gain=0.0734951 0.126866 0.0598791 0.160199 0.231981 0.0784444 0.0855058 0.16141 0.10848
threshold=0.47812499105930334 0.37500000000000006 12.887683868408205 10.113399982452394 1.5000000000000002 1.0217800140380862 -10.614534854888914 1.5088500380516054 0.24024999886751178
decision_type=2 2 2 2 2 2 2 2 2
left_child=2 -2 3 5 -5 -1 7 -7 -8
right_child=1 -3 -4 4 -6 6 8 -9 -10
leaf_value=-0.0018939868905581533 0.0028436970392316683 -0.0001709937859961219 -0.0013426997557276386 -0.00029711184379537073 0.0036704179074476041 0.0002624879044707387 0.0019627637357622976 -0.0013010825716589223 5.4240210056692651e-05
leaf_weight=315 362 452 461 430 419 1893 436 1910 26191
leaf_count=315 362 452 461 430 419 1893 436 1910 26191
internal_value=4.36544e-05 0.00116969 1.506e-05 3.48716e-05 0.00166095 -1.00313e-05 9.47066e-06 -0.000522792 8.54911e-05
internal_weight=32869 814 32055 31594 849 30745 30430 3803 26627
internal_count=32869 814 32055 31594 849 30745 30430 3803 26627
is_linear=0
shrinkage=0.12


Tree=141
num_leaves=21
num_cat=0
split_feature=27 52 0 49 40 56 65 52 65 13 21 82 27 40 46 32 82 32 65 54
split_gain=0.0654858 0.226962 0.142582 0.127747 0.108039 0.149078 0.179248 0.119904 0.170603 0.0847109 0.0796889 0.255928 0.538236 0.280304 0.101299 0.0769842 0.0753966 0.0733423 0.0506194 0.0475621
threshold=42.722982406616218 2.1531250476837163 21.118149757385257 0.24485208839178088 0.14414399862289431 1.3031249642372134 6.4531250000000009 1.9218750000000002 7.6531250476837167 -1.7509999871253965 1.1313645839691164 0.37500000000000006 86.98276519775392 0.058724187314510352 0.37301097810268408 0.41500559449195867 0.37500000000000006 0.12081256508827211 4.0906250476837167 0.09637830033898355
decision_type=2 2 2 2 2 2 2 2 2 2 2 2 2 2 2 2 2 2 2 2
left_child=1 4 9 -3 5 6 18 8 19 -2 11 12 -11 -13 17 -16 -4 -12 -1 -6
right_child=2 3 16 -5 7 -7 -8 -9 -10 10 14 13 -14 -15 15 -17 -18 -19 -20 -21
leaf_value=0.001142645356665045 0.0020913510428926083 -0.0035872663257193542 -0.0029994243048905513 -0.00039563977486905779 -0.00091237342726261967 -0.0010178886725654369 0.0033636558648140634 0.001215746369988968 -0.0027749623374244115 0.00049151747500189461 -0.00086983353987849768 -0.0033993157635356622 0.0064704384287975506 0.00051476421304936474 -0.0017263103103194147 -8.726273421833948e-05 -0.00048821204403719427 0.00016182632064015473 -0.00082921721819215091 0.0011734915973190868
leaf_weight=443 318 447 307 303 330 524 432 360 575 756 1039 313 304 1665 777 880 392 22078 325 301
leaf_count=443 318 447 307 303 330 524 432 360 575 756 1039 313 304 1665 777 880 392 22078 325 301
internal_value=3.84159e-05 -0.00041405 0.000101823 -0.00229785 1.53876e-05 0.000670778 0.00140816 -0.000706128 -0.00127982 0.000143891 0.000121624 0.000701678 0.00220623 -0.000104602 5.04929e-05 -0.000855844 -0.00159113 0.000115458 0.000308198 8.26272e-05
internal_weight=32869 4040 28829 750 3290 1724 1200 1566 1206 28130 27812 3038 1060 1978 24774 1657 699 23117 768 631
internal_count=32869 4040 28829 750 3290 1724 1200 1566 1206 28130 27812 3038 1060 1978 24774 1657 699 23117 768 631
is_linear=0
shrinkage=0.12


Tree=142
num_leaves=23
num_cat=0
split_feature=40 4 4 27 32 68 82 21 12 68 13 1 32 44 1 32 40 1 4 0 27 40
split_gain=0.0578633 0.114563 0.143932 0.162603 0.182965 0.108201 0.101771 0.562374 0.258377 0.203624 0.212235 0.183267 0.175572 0.322628 0.184834 0.167522 0.11299 0.176192 0.103135 0.0918001 0.0903379 0.0217962
threshold=0.18400283902883532 3.5806000232696538 3.266549944877625 31.043319702148441 0.2199923321604729 13.500000000000002 0.37500000000000006 0.57719999551773082 9.3175497055053729 2.5000000000000004 8.2432498931884783 240.59999847412112 0.11627290025353433 0.90312498807907116 234.44499969482425 0.36041188240051275 0.058724187314510352 167.54499816894534 2.4238500595092778 10.953099727630617 73.458942413330092 0.10908177122473718
decision_type=2 2 2 2 2 2 2 2 2 2 2 2 2 2 2 2 2 2 2 2 2 2
left_child=6 2 3 -2 19 -6 7 -1 12 20 16 -12 13 -9 -14 -10 18 -18 -11 -5 -8 -13
right_child=1 -3 -4 4 5 -7 9 8 15 10 11 21 14 -15 -16 -17 17 -19 -20 -21 -22 -23
leaf_value=0.0054145707239707311 -0.0022673064606012739 -0.0023998439844502167 0.0024316593287449883 -0.00041884180381007399 0.00054329138308948938 -0.00035610194619850529 -0.00077932586870239906 -0.0046308466118035367 0.0043468523999222386 -4.2952594584239122e-05 -0.0039459582999991543 0.00011374171672775068 0.0010076341164229857 0.00071697919150692931 -0.00016781206607979386 0.00054753169648022297 0.0015584803667734971 0.00012123975105151886 -0.001899885564648798 -0.0024594388710125234 -0.003681265152288032 -0.0012500022517586834
leaf_weight=315 524 331 306 642 4152 3593 313 307 351 1317 333 369 2959 345 5520 319 1468 7521 640 628 305 311
leaf_count=315 524 331 306 642 4152 3593 313 307 351 1317 333 369 2959 345 5520 319 1468 7521 640 628 305 311
internal_value=3.3806e-05 -0.000203959 -0.00013013 -0.00021231 -9.28622e-05 0.000126052 0.000140424 0.000423779 0.000263377 -8.74852e-05 2.22773e-05 -0.00163947 9.64795e-05 -0.00180109 0.000242395 0.00253792 0.000176064 0.000355957 -0.000650228 -0.00142789 -0.00221151 -0.000509971
internal_weight=32869 10176 9845 9539 9015 7745 22693 10116 9801 12577 11959 1013 9131 652 8479 670 10946 8989 1957 1270 618 680
internal_count=32869 10176 9845 9539 9015 7745 22693 10116 9801 12577 11959 1013 9131 652 8479 670 10946 8989 1957 1270 618 680
is_linear=0
shrinkage=0.12


Tree=143
num_leaves=10
num_cat=0
split_feature=61 9 57 5 0 0 27 52 27
split_gain=0.0556074 0.244186 0.0978707 0.0642207 0.0645516 0.116379 0.0745521 0.212866 0.0945906
threshold=5.6749136447906503 1.0000000180025095e-35 0.57472658157348644 9.0841002464294451 20.4709005355835 22.285149574279789 42.722982406616218 2.1593749523162846 48.870176315307624
decision_type=2 2 2 2 2 2 2 2 2
left_child=2 -2 3 4 6 -6 7 -1 -8
right_child=1 -3 -4 -5 5 -7 8 -9 -10
leaf_value=-2.7515583461354345e-05 0.00097437463318665303 -0.0027307329424104995 0.0016535082934708899 0.0016417453161094188 -0.0021154992755196872 0.00043031225631164522 0.0010734909014939382 -0.0023995610874124299 6.0116629894569187e-05
leaf_weight=2934 523 502 544 352 550 488 1401 669 24906
leaf_count=2934 523 502 544 352 550 488 1401 669 24906
internal_value=2.97493e-05 -0.000840224 5.77521e-05 3.00176e-05 1.16859e-05 -0.000918624 4.39715e-05 -0.000467954 0.000114085
internal_weight=32869 1025 31844 31300 30948 1038 29910 3603 26307
internal_count=32869 1025 31844 31300 30948 1038 29910 3603 26307
is_linear=0
shrinkage=0.12


Tree=144
num_leaves=13
num_cat=0
split_feature=22 82 18 48 0 50 50 50 49 52 71 5
split_gain=0.0505008 0.15565 0.0731513 0.0787539 0.0694731 0.0802618 0.0629497 0.104496 0.309851 0.0832904 0.0578826 0.0496903
threshold=9.2979497909545916 0.62500000000000011 0.074999999254941954 0.90937501192092907 2.2687000036239628 0.12028269469738008 0.51126360893249523 0.29411198198795324 0.028075112029910091 2.2593749761581425 56.960155487060554 9.0841002464294451
decision_type=2 2 2 2 2 2 2 2 2 2 2 2
left_child=2 -2 3 -1 5 -4 7 11 -9 -8 -3 -6
right_child=1 10 4 -5 6 -7 9 8 -10 -11 -12 -13
leaf_value=-4.0443336391555411e-05 0.0022967484002404809 0.00066532618000885271 9.5022894193807947e-05 -0.0026662462021431266 -6.3247537209040516e-06 -0.0022200548896209892 0.00025391082819106563 0.0038580306350960636 0.00024431442734036804 -0.0023849805206028292 -0.0016860772231717081 0.001514516826001213
leaf_weight=357 537 301 441 305 26612 422 341 405 2185 348 302 313
leaf_count=357 537 301 441 305 26612 422 341 405 2185 348 302 313
internal_value=2.61794e-05 0.000810896 -2.01495e-06 -0.00125022 2.45827e-05 -0.00103703 5.49155e-05 8.13843e-05 0.000809394 -0.00107894 -0.000512325 1.13549e-05
internal_weight=32869 1140 31729 662 31067 863 30204 29515 2590 689 603 26925
internal_count=32869 1140 31729 662 31067 863 30204 29515 2590 689 603 26925
is_linear=0
shrinkage=0.12


Tree=145
num_leaves=11
num_cat=0
split_feature=4 32 83 4 9 65 23 1 58 44
split_gain=0.0840747 0.084216 0.139838 0.0628401 0.0475283 0.17529 0.251995 0.15832 0.0913257 0.0691924
threshold=3.924300074577332 0.062241878360509879 1.0000000180025095e-35 3.78659999370575 1.5000000000000002 6.3656251430511483 10.219146251678469 183.58000183105472 -6.7597177028655997 0.19687499850988391
decision_type=2 2 2 2 2 2 2 2 2 2
left_child=1 2 -1 4 8 7 -7 -6 -3 -10
right_child=-2 3 -4 -5 5 6 -8 -9 9 -11
leaf_value=0.0029658705838937005 0.0016239159212168498 -0.0016468226822173905 -0.00021846675817708506 -0.0016400518242689693 -0.0012896196109730533 0.0043807235296981608 0.00066900533251456685 0.00023814799989142779 -0.00080967361276870016 2.6255280315449802e-05
leaf_weight=369 487 515 430 331 1228 303 2015 4774 1530 20952
leaf_count=369 487 515 430 331 1228 303 2015 4774 1530 20952
internal_value=5.89152e-05 3.54259e-05 0.00125215 4.70803e-06 2.20921e-05 0.000267869 0.00115419 -7.44309e-05 -6.68267e-05 -3.06334e-05
internal_weight=32934 32447 799 31648 31317 8320 2318 6002 22997 22482
internal_count=32934 32447 799 31648 31317 8320 2318 6002 22997 22482
is_linear=0
shrinkage=0.12


Tree=146
num_leaves=15
num_cat=0
split_feature=7 35 68 21 65 64 4 53 33 52 33 46 33 22
split_gain=0.0803623 0.0828975 0.176387 0.223138 0.285628 0.295999 0.123965 0.0996112 0.058211 0.274444 0.0619571 0.216775 0.12041 0.099283
threshold=12.887683868408205 -28.929111480712887 13.500000000000002 1.0454249978065493 10.864062786102297 34.500000000000007 2.7589000463485722 -0.19568388909101483 1.2268999814987185 1.7718749642372134 1.1885428428649905 0.090501382946968092 1.1759428381919863 1.0217667222023012
decision_type=2 2 2 2 2 2 2 2 2 2 2 2 2 2
left_child=1 2 3 4 5 -1 7 -5 10 -10 12 -12 13 -3
right_child=-2 8 -4 6 -6 -7 -8 -9 9 -11 11 -13 -14 -15
leaf_value=0.0023410621040856013 -0.0014687328290148933 0.0019245467492015123 0.0030423027488111981 0.0013620860918768143 0.0045099622240587153 -0.0024898441438301051 -0.0024787731732597582 -0.0015001559873333184 0.0013360074846222984 -0.0025703509278707133 -0.00070152557424949099 0.0029972545541026817 -0.0022815196924946372 1.7763462249953534e-05
leaf_weight=422 493 399 400 399 326 322 428 312 461 591 490 427 324 27140
leaf_count=422 493 399 400 399 326 322 428 312 461 591 490 427 324 27140
internal_value=5.18454e-05 7.49533e-05 0.000723601 0.000303737 0.00154808 0.000250267 -0.000865225 0.000106081 1.82249e-05 -0.000858534 5.02732e-05 0.00102081 1.83319e-05 4.539e-05
internal_weight=32934 32441 2609 2209 1070 744 1139 711 29832 1052 28780 917 27863 27539
internal_count=32934 32441 2609 2209 1070 744 1139 711 29832 1052 28780 917 27863 27539
is_linear=0
shrinkage=0.12


Tree=147
num_leaves=9
num_cat=0
split_feature=7 4 28 7 82 21 28 28
split_gain=0.0622325 0.0719335 0.0632999 0.174312 0.193558 0.1258 0.0748623 0.102262
threshold=12.887683868408205 3.8819999694824223 -61.133949279785149 3.5715675354003911 0.37500000000000006 0.50549167394638073 -48.87287521362304 -40.157367706298821
decision_type=2 2 2 2 2 2 2 2
left_child=1 2 3 -1 -5 -4 -7 -8
right_child=-2 -3 5 4 -6 6 7 -9
leaf_value=0.0029180642977555162 -0.0012924848770743762 0.0013777384040983593 -0.0023722355387625713 0.0019637858253941263 -0.0020726518266167664 -0.0016239074706424807 0.0021895315673536972 3.2844654225238951e-05
leaf_weight=404 493 591 316 316 373 387 320 29734
leaf_count=404 493 591 316 316 373 387 320 29734
internal_value=4.56239e-05 6.59589e-05 4.16179e-05 0.000939026 -0.000221397 9.72704e-06 3.44536e-05 5.5808e-05
internal_weight=32934 32441 31850 1093 689 30757 30441 30054
internal_count=32934 32441 31850 1093 689 30757 30441 30054
is_linear=0
shrinkage=0.12


Tree=148
num_leaves=10
num_cat=0
split_feature=21 7 1 1 6 18 32 61 1
split_gain=0.0516076 0.198178 0.106588 0.080602 0.0703963 0.237567 0.13225 0.118697 0.078155
threshold=0.45041666924953466 6.6153123378753671 107.0550003051758 113.8050003051758 10.266600131988527 0.24739583581686023 0.075291432440280928 -0.98721873760223378 134.45000457763675
decision_type=2 2 2 2 2 2 2 2 2
left_child=1 -1 -2 -4 6 -6 -5 -7 -8
right_child=2 -3 3 4 5 7 8 -9 -10
leaf_value=0.0026506278502715893 -0.0021744277753958283 -0.00093028320127468503 0.0014974048731883412 0.0020512543245100778 -0.003578158697546584 -0.0013874330479181176 -0.0011355898601607844 0.0017426137236595553 4.6872592480561378e-05
leaf_weight=466 317 426 535 466 337 324 828 378 28857
leaf_count=466 317 426 535 466 337 324 828 378 28857
internal_value=4.0149e-05 0.000940462 1.50857e-05 3.69636e-05 1.19128e-05 -0.000959249 4.53789e-05 0.000297977 1.38903e-05
internal_weight=32934 892 32042 31725 31190 1039 30151 702 29685
internal_count=32934 892 32042 31725 31190 1039 30151 702 29685
is_linear=0
shrinkage=0.12


Tree=149
num_leaves=18
num_cat=0
split_feature=30 69 57 46 65 34 21 23 5 57 45 28 60 1 83 61 14
split_gain=0.0463612 0.100063 0.0921358 0.132132 0.122722 0.0511096 0.0563615 0.0615493 0.12132 0.106273 0.0915813 0.124364 0.0230265 0.018647 0.0150599 0.0074734 0.00780204
threshold=1.1718750000000002 69.500000000000014 -5.8379240036010733 0.16175694763660434 9.1156249046325701 203.12857055664065 4.093062400817872 13.298166751861574 1.1348000168800356 0.10717714205384256 0.19276671111583712 8.6305527687072772 3.6093750000000004 408.50000000000006 1.0000000180025095e-35 -5.4839022159576407 12.249512672424318
decision_type=2 2 2 2 2 2 2 2 2 2 2 2 2 2 2 2 2
left_child=5 2 -2 4 -4 12 7 8 -7 -10 -9 -12 13 -1 -15 -14 -17
right_child=1 -3 3 -5 -6 6 -8 10 9 -11 11 -13 15 14 -16 16 -18
leaf_value=-0.00023288173357635569 -0.0023036945610901967 0.0012306358846118537 -0.0010391891530664697 -0.0018084170816998748 0.0020120880718507311 -0.0017979629534140679 -0.0014957059081643818 -0.0011051395369120838 0.00015648215074952213 -0.001159558250960948 0.003090830020574403 0.00057838826035272895 -0.00053650744689604781 -0.00066990506947753477 -0.0017646036702664999 -0.00027757641092981299 0.00052425127063942005
leaf_weight=438 480 394 343 534 425 491 309 389 23565 918 319 2564 339 357 367 328 374
leaf_count=438 480 394 343 534 425 491 309 389 23565 918 319 2564 339 357 367 328 374
internal_value=3.53312e-05 -0.000499955 -0.000882588 -0.000358678 0.000649343 7.32004e-05 0.000116166 0.000133799 6.96816e-05 0.000107137 0.000623186 0.000856386 -0.000483713 -0.000850919 -0.00122481 -7.38243e-05 0.000149608
internal_weight=32934 2176 1782 1302 768 30758 28555 28246 24974 24483 3272 2883 2203 1162 724 1041 702
internal_count=32934 2176 1782 1302 768 30758 28555 28246 24974 24483 3272 2883 2203 1162 724 1041 702
is_linear=0
shrinkage=0.12


Tree=150
num_leaves=15
num_cat=0
split_feature=32 21 74 64 12 58 64 74 74 5 11 54 5 52
split_gain=0.123277 0.0970546 0.0967663 0.145893 0.152726 0.141118 0.108576 0.106815 0.219074 0.187436 0.155317 0.0912395 0.10822 0.0708562
threshold=0.03351098112761975 0.20029167085886004 1.5214806795120241 45.500000000000007 7.1608498096466073 0.27672305703163153 16.500000000000004 0.95694223046302807 0.7648521661758424 4.7186498641967782 0.73835000395774852 0.12097945064306261 4.8356001377105722 2.2281249761581425
decision_type=2 2 2 2 2 2 2 2 2 2 2 2 2 2
left_child=-1 -2 7 5 -5 -4 -7 8 10 -10 -3 13 -13 -9
right_child=1 2 3 4 -6 6 -8 11 9 -11 -12 12 -14 -15
leaf_value=-0.0019182536976224138 -0.0019423353737783792 0.0025612835469905663 0.0021146405133421037 0.00048461285823801347 0.0041324728875324667 0.0018838463792971404 -5.2538443763316577e-05 0.0011308393008279032 0.00046960550854852745 0.0038850839657504433 -7.712022752497028e-05 -0.0026380464206784931 -9.6082970813418227e-05 -0.0011294333982075769
leaf_weight=463 347 326 557 358 307 455 4990 415 594 379 22247 632 390 385
leaf_count=463 347 326 557 358 307 455 4990 415 594 379 22247 632 390 385
internal_value=2.59791e-05 5.37778e-05 7.53996e-05 0.000482226 0.00216866 0.000295375 0.000109271 -3.1519e-05 3.69777e-05 0.00179999 -3.90163e-05 -0.000916713 -0.00166802 4.30831e-05
internal_weight=32845 32382 32035 6667 665 6002 5445 25368 23546 973 22573 1822 1022 800
internal_count=32845 32382 32035 6667 665 6002 5445 25368 23546 973 22573 1822 1022 800
is_linear=0
shrinkage=0.12


Tree=151
num_leaves=11
num_cat=0
split_feature=32 21 32 56 56 1 54 46 54 6
split_gain=0.0954654 0.0751591 0.0753927 0.0678588 0.147615 0.161916 0.107586 0.194297 0.11313 0.0626902
threshold=0.03351098112761975 0.20029167085886004 0.062241878360509879 3.6406250000000004 4.3281250000000009 142.83499908447268 0.45587477087974554 0.1393346190452576 0.31376616656780248 4.9177000522613534
decision_type=2 2 2 2 2 2 2 2 2 2
left_child=-1 -2 -3 6 9 -6 8 -8 -4 -5
right_child=1 2 3 4 5 -7 7 -9 -10 -11
leaf_value=-0.0016880632563205998 -0.0017092551437229379 0.0017764099879098018 0.00015549175820246241 -0.00078933331125002307 -0.0024842786958135057 0.00016627610003714242 0.0033576008913989521 -0.00055577472444569818 -0.00097912914044673369 -0.0025030526148409329
leaf_weight=463 347 367 23033 811 356 4898 399 337 1339 495
leaf_count=463 347 367 23033 811 356 4898 399 337 1339 495
internal_value=2.28616e-05 4.73245e-05 6.63516e-05 4.65338e-05 -0.000297125 -1.33199e-05 0.000136322 0.00156574 9.31556e-05 -0.00143887
internal_weight=32845 32382 32035 31668 6560 5254 25108 736 24372 1306
internal_count=32845 32382 32035 31668 6560 5254 25108 736 24372 1306
is_linear=0
shrinkage=0.12


Tree=152
num_leaves=26
num_cat=0
split_feature=21 49 46 8 52 54 69 1 65 74 83 11 54 74 33 22 68 54 65 45 56 60 53 49 60
split_gain=0.07554 0.138237 0.241373 0.165697 0.105525 0.08895 0.136649 0.176687 0.458645 0.424613 0.312633 0.128843 0.126224 0.125967 0.105374 0.103673 0.160826 0.0883701 0.0795269 0.0866501 0.0671524 0.102404 0.0482507 0.0582489 0.0507933
threshold=0.99054166674613964 -0.0047628588508814565 0.092667363584041609 1.0000000180025095e-35 2.2343750000000004 0.063919451087713255 23.500000000000004 249.16499328613284 7.8281250000000009 0.15662774443626407 1.0000000180025095e-35 3.0412499904632573 0.091755338013172164 0.21825705468654635 1.2765713930130007 5.3093667030334482 20.500000000000004 0.30206218361854559 4.0906250476837167 0.31858637928962713 3.6406250000000004 4.6718750000000009 0.21386037021875384 0.4153485000133515 1.9093750119209292
decision_type=2 2 2 2 2 2 2 2 2 2 2 2 2 2 2 2 2 2 2 2 2 2 2 2 2
left_child=1 2 -1 -3 -4 14 7 8 10 -10 -7 12 -9 -13 20 -8 17 -17 -5 -20 22 -22 24 -24 -2
right_child=5 3 4 18 -6 6 15 11 9 -11 -12 13 -14 -15 -16 16 -18 -19 19 -21 21 -23 23 -25 -26
leaf_value=0.0026456326945638441 -2.3394927563079327e-05 -0.0028821866016605288 0.00087311037601360564 0.0011616497784163633 -0.0019735186496374645 0.005515318789845184 -0.001762543162146622 0.0013345975021429818 0.0036452840067349099 -0.00019139587778387287 0.0014456074739336035 -0.00042044383737276959 -0.0011323983692592765 0.0010417506606008363 -0.0024223600695781121 3.339305339042714e-05 0.0019783150947333132 -0.00098229844623877959 -0.0022548934084010643 0.00027330494593110968 -0.0026381355322042908 -9.3566162171981049e-05 0.0019750353234268317 -0.00015693677368961489 -0.0010486883898617101
leaf_weight=444 5575 592 309 331 477 481 502 365 489 2759 625 1331 1643 2340 311 9017 562 1429 412 371 382 564 357 382 795
leaf_count=444 5575 592 309 331 477 481 502 365 489 2759 625 1331 1643 2340 311 9017 562 1429 412 371 382 564 357 382 795
internal_value=2.01182e-05 -0.000560724 0.000409011 -0.00125989 -0.000854424 7.71362e-05 0.000206097 0.000529806 0.00110493 0.000386232 0.00321553 8.88684e-05 -0.000683965 0.000511601 -0.000254947 -7.60715e-05 8.37006e-07 -0.000105552 -0.000397768 -0.00105699 -0.000171264 -0.00112108 -4.48722e-05 0.000872988 -0.000151355
internal_weight=32845 2936 1230 1706 786 29909 21543 10033 4354 3248 1106 5679 2008 3671 8366 11510 11008 10446 1114 783 8055 946 7109 739 6370
internal_count=32845 2936 1230 1706 786 29909 21543 10033 4354 3248 1106 5679 2008 3671 8366 11510 11008 10446 1114 783 8055 946 7109 739 6370
is_linear=0
shrinkage=0.12


Tree=153
num_leaves=19
num_cat=0
split_feature=32 74 64 53 46 74 60 65 74 74 22 59 54 50 6 13 1 11
split_gain=0.0714133 0.0707337 0.117143 0.148095 0.119594 0.112493 0.148668 0.124087 0.0872883 0.15666 0.132634 0.0989294 0.102184 0.0937852 0.0627251 0.0618574 0.152429 0.104143
threshold=0.03351098112761975 1.5214806795120241 45.500000000000007 0.11255937069654466 0.42191424965858465 2.0351114273071294 3.1593749523162846 4.1781251430511483 0.95694223046302807 0.7648521661758424 5.1062917709350595 1.0000000180025095e-35 0.12097945064306261 0.15836408734321597 3.710150003433228 3.5154000520706181 163.38999938964847 0.78389999270439159
decision_type=2 2 2 2 2 2 2 2 2 2 2 2 2 2 2 2 2 2
left_child=-1 8 4 -4 5 6 -3 -7 9 15 -11 12 14 -14 -10 16 -2 -17
right_child=1 2 3 -5 -6 7 -8 -9 11 10 -12 -13 13 -15 -16 17 -18 -19
leaf_value=-0.0014620769203660133 -0.0015472100532952474 0.0026353641852620057 0.0038128572358578938 0.00022776752575339764 0.0024658740783009702 0.0020290085084781655 -0.00040994646798511876 -0.00031092654492262753 -0.00046475054607563864 0.0032151170814998602 0.00036464094845128285 -0.0027033602076096284 -0.00026164728841069701 -0.0028298790012021295 0.001891201740461228 0.0021954438279368983 -0.000103968059994508 5.3428560910242391e-05
leaf_weight=463 1218 525 310 357 323 352 412 4478 329 389 594 338 508 343 322 335 7816 13433
leaf_count=463 1218 525 310 357 323 352 412 4478 329 389 594 338 508 343 322 335 7816 13433
internal_value=1.7704e-05 3.8862e-05 0.000384242 0.001894 0.000218888 9.3038e-05 0.00129634 -0.000140397 -5.22106e-05 9.38998e-06 0.00149265 -0.000848498 -0.000431093 -0.00129679 0.000700559 -5.45538e-05 -0.000298552 0.000105548
internal_weight=32845 32382 6757 667 6090 5767 937 4830 25625 23785 983 1840 1502 851 651 22802 9034 13768
internal_count=32845 32382 6757 667 6090 5767 937 4830 25625 23785 983 1840 1502 851 651 22802 9034 13768
is_linear=0
shrinkage=0.12


Tree=154
num_leaves=20
num_cat=0
split_feature=74 74 54 50 53 49 53 9 53 21 71 62 4 54 32 82 32 28 50
split_gain=0.0615378 0.0855392 0.178178 0.28419 0.187009 0.126157 0.206699 0.152733 0.102949 0.0885888 0.194287 0.190547 0.172053 0.116153 0.0849717 0.192818 0.116954 0.183517 0.111764
threshold=23.11463832855225 1.4153670668601992 0.062757845968008055 0.10902373865246774 -0.2029532194137573 0.05055444315075875 -0.031024216674268242 1.0000000180025095e-35 0.12494656071066858 1.0454249978065493 3.9914633035659794 3.642181515693665 3.5186499357223515 0.10600046813488008 0.12081256508827211 0.37500000000000006 0.18909087777137759 -2.5689482688903804 0.084934730082750334
decision_type=2 2 2 2 2 2 2 2 2 2 2 2 2 2 2 2 2 2 2
left_child=1 9 3 -3 -4 7 -7 -6 -5 10 12 13 -1 -12 15 -11 18 -18 -16
right_child=-2 2 4 8 5 6 -8 -9 -10 14 11 -13 -14 -15 16 -17 17 -19 -20
leaf_value=-0.0042030798901176837 -0.0012372879374180793 0.0015929473305117206 0.0032701366580460949 -0.0041454084605837401 -0.00279369681385137 0.0026347607203883409 0.0003874875392788271 0.00069032384644425102 -0.0010491233883237821 -0.002779993149004417 0.00035325179270898489 0.0027079033067754169 -0.00077933715129146607 -0.0021961672968578748 -0.00058382604582256803 0.0007606131958411283 -0.0025208370052251421 4.2620434013455826e-05 0.0021928485088617286
leaf_weight=358 555 362 373 318 348 692 3974 378 301 479 650 313 516 426 302 412 410 21002 676
leaf_count=358 555 362 373 318 348 692 3974 378 301 479 650 313 516 426 302 412 410 21002 676
internal_value=1.55795e-05 3.71138e-05 0.000417173 -0.00107786 0.000671574 0.000491815 0.000720774 -0.000979703 -0.00263978 -6.32573e-05 -0.000780036 0.000101958 -0.00218174 -0.000656091 6.41627e-06 -0.00114281 5.21492e-05 -6.46501e-06 0.00133543
internal_weight=32845 32290 6746 981 5765 5392 4666 726 619 25544 2263 1389 874 1076 23281 891 22390 21412 978
internal_count=32845 32290 6746 981 5765 5392 4666 726 619 25544 2263 1389 874 1076 23281 891 22390 21412 978
is_linear=0
shrinkage=0.12


Tree=155
num_leaves=30
num_cat=0
split_feature=46 50 61 50 28 27 54 71 45 32 11 61 33 64 40 27 48 0 49 58 28 53 46 74 1 48 49 48 40
split_gain=0.0679346 0.10719 0.155417 0.126012 0.154008 0.114485 0.117186 0.179717 0.107434 0.0951103 0.0768133 0.161561 0.110159 0.0707845 0.0664806 0.212347 0.0963834 0.252118 0.150815 0.259794 0.136804 0.106961 0.117537 0.109354 0.0959885 0.0785004 0.0950494 0.0659458 0.059512
threshold=0.1128414385020733 0.064222421497106566 -8.8648500442504865 0.080594122409820571 75.115165710449233 66.697032928466811 0.12637100368738177 1.0257629752159121 0.053645255044102676 0.47084963321685797 1.3270999789237978 -2.1543151140213008 1.122757136821747 35.500000000000007 0.055068928748369224 89.441642761230483 1.8531250357627871 11.034049987792971 0.0082324221730232256 1.0918254256248476 39.766675949096687 -0.12413109838962554 0.10944608971476556 0.34567704796791082 149.95500183105472 1.0656250119209292 0.27909871935844427 1.1718750000000002 0.13797039538621905
decision_type=2 2 2 2 2 2 2 2 2 2 2 2 2 2 2 2 2 2 2 2 2 2 2 2 2 2 2 2 2
left_child=14 2 -2 4 -3 27 13 -8 -5 -6 11 -10 -12 -7 15 25 18 -18 19 24 -19 23 -23 -20 -16 -1 -27 -4 -29
right_child=1 3 5 8 9 6 7 -9 10 -11 12 -13 -14 -15 16 -17 17 20 21 -21 -22 22 -24 -25 -26 26 -28 28 -30
leaf_value=-0.0020036707189717506 -0.0028462163005004296 0.0028194068271690008 -0.00022358923428526732 0.0022357062406334859 -0.00088009056087364162 -0.00061396811548921465 -0.0041038620258329484 -0.00031649388493919787 0.0012905781874336145 0.0015549056253503001 4.2353079189131671e-05 -0.0017664307204108048 0.0010742327381642427 0.0013408994301588768 -0.0017013152412098179 0.0027000474474420224 0.00062540233109423227 -0.0045021644485709464 -0.00078258114821455334 0.0029502123268061011 -0.0011781915059413503 -0.0001835134611134832 -0.0023904275857513403 -0.003503674181721355 0.00037060679654565978 0.0014186529394796957 -0.001141433117096463 0.002598328261129395 0.00033314236508438523
leaf_weight=305 351 596 577 350 459 949 318 417 360 465 9890 807 1754 371 389 459 555 345 719 537 369 7670 364 302 1869 455 386 353 317
leaf_count=305 351 596 577 350 459 949 318 417 360 465 9890 807 1754 371 389 459 555 345 719 537 369 7670 364 302 1869 455 386 353 317
internal_value=-1.79816e-05 0.000136179 -0.000445498 0.000280915 0.00131542 -0.000190304 -0.000740724 -0.00195511 0.000161437 0.000345313 0.000104767 -0.000823395 0.000197791 -6.45319e-05 -0.000209939 0.000519063 -0.000299126 -0.00129307 -0.000192686 0.000577859 -0.00278431 -0.00043053 -0.000283503 -0.00158745 1.36636e-05 -0.000354473 0.000243631 0.000716764 0.00152659
internal_weight=33058 18334 3653 14681 1520 3302 2055 735 13161 924 12811 1167 11644 1320 14724 1605 13119 1269 11850 2795 714 9055 8034 1021 2258 1146 841 1247 670
internal_count=33058 18334 3653 14681 1520 3302 2055 735 13161 924 12811 1167 11644 1320 14724 1605 13119 1269 11850 2795 714 9055 8034 1021 2258 1146 841 1247 670
is_linear=0
shrinkage=0.12


Tree=156
num_leaves=26
num_cat=0
split_feature=46 11 68 69 18 69 75 53 1 85 68 27 27 65 61 1 1 22 5 82 40 85 44 1 5
split_gain=0.0526086 0.0690634 0.134356 0.233508 0.1496 0.146075 0.196843 0.173821 0.140049 0.161386 0.10511 0.0725553 0.127206 0.115834 0.0774736 0.239576 0.142327 0.0617418 0.0926591 0.0830488 0.184194 0.198562 0.0946089 0.149326 0.0843383
threshold=0.1128414385020733 2.3860999345779423 3.5000000000000004 20.500000000000004 0.26171875000000006 13.500000000000002 1.0000000180025095e-35 0.046795764937996871 126.61999893188478 1.122757136821747 8.5000000000000018 55.632085800170906 50.714334487915046 11.532291889190676 -1.788039982318878 250.23000335693362 172.12000274658206 1.3215874433517458 7.9488999843597421 1.0000000180025095e-35 0.060975003987550742 0.93177142739295971 0.67812499403953563 202.95999908447268 4.559350013732911
decision_type=2 2 2 2 2 2 2 2 2 2 2 2 2 2 2 2 2 2 2 2 2 2 2 2 2
left_child=17 2 3 4 -2 6 7 -4 -7 -10 -3 12 13 -12 15 -13 -16 -1 19 20 -19 -22 23 -21 -24
right_child=1 10 5 -5 -6 8 -8 -9 9 -11 11 14 -14 -15 16 -17 -18 18 -20 22 21 -23 24 -25 -26
leaf_value=-0.0014148729919266382 8.1466504816707597e-05 -0.0022071186412137614 0.003247659998564593 0.0017609940041462442 -0.0032387146062210605 -0.0021750855639299017 -0.00071003757073207852 0.00021869060157153467 1.4530882838636842e-06 0.0020263534400598664 0.00054468048644277145 -0.0035968990175326856 0.0021135271502878512 -0.0017108173925545419 0.0025585718495726938 -0.00024879063717623228 -5.7299785454687193e-05 0.001485343336156553 0.0016265841476583544 0.0011214209487046829 -0.00010040515528087044 -0.0021300675989688387 -3.8088174176556416e-05 -0.0002168561818696789 -0.001031430378382489
leaf_weight=565 334 316 908 376 471 310 399 390 2292 753 1759 356 589 403 315 2271 6092 467 417 2111 1423 1355 3776 2784 1826
leaf_count=565 334 316 908 376 471 310 399 390 2292 753 1759 356 589 403 315 2271 6092 467 417 2111 1423 1355 3776 2784 1826
internal_value=-1.58238e-05 0.000119837 0.000444355 -0.000707952 -0.00186115 0.000713729 0.00162101 0.00233757 0.000254813 0.000502192 -4.73158e-05 1.05966e-05 0.000550164 0.000124252 -0.00015371 -0.000702512 7.13095e-05 -0.000184746 -0.000135659 -0.000189134 -0.000719711 -0.0010904 -2.51139e-05 0.000360284 -0.000361873
internal_weight=33058 18334 6233 1181 805 5052 1697 1298 3355 3045 12101 11785 2751 2162 9034 2627 6407 14724 14159 13742 3245 2778 10497 4895 5602
internal_count=33058 18334 6233 1181 805 5052 1697 1298 3355 3045 12101 11785 2751 2162 9034 2627 6407 14724 14159 13742 3245 2778 10497 4895 5602
is_linear=0
shrinkage=0.12


Tree=157
num_leaves=11
num_cat=0
split_feature=74 57 44 57 69 74 23 28 14 74
split_gain=0.045569 0.062406 0.1469 0.101286 0.0491333 0.148195 0.148099 0.272606 0.115258 0.105593
threshold=23.11463832855225 0.57472658157348644 0.72812500596046459 0.32573924958705908 23.500000000000004 13.166095256805422 11.385507106781008 17.197857856750492 9.2844495773315447 2.0876107215881352
decision_type=2 2 2 2 2 2 2 2 2 2
left_child=1 3 -3 4 6 9 8 -8 -1 -6
right_child=-2 2 -4 -5 5 -7 7 -9 -10 -11
leaf_value=0.00013480971671459048 -0.0010842892897901949 -0.00059288827080042502 0.0030473147269468072 -0.0020882678607564331 -7.8235301697350125e-05 0.0022932247860485348 0.0045998832334252374 0.00015913680219131342 -0.0018789140468567333 -0.001045228538229038
leaf_weight=12629 563 328 311 337 15407 356 302 584 423 1818
leaf_count=12629 563 328 311 337 15407 356 302 584 423 1818
internal_value=-1.39249e-05 4.61992e-06 0.00117879 -1.89328e-05 3.19246e-06 -0.000130209 0.000171462 0.0016728 6.95473e-05 -0.000180296
internal_weight=33058 32495 639 31856 31519 17581 13938 886 13052 17225
internal_count=33058 32495 639 31856 31519 17581 13938 886 13052 17225
is_linear=0
shrinkage=0.12


Tree=158
num_leaves=23
num_cat=0
split_feature=46 50 50 46 58 50 45 45 50 49 27 54 49 81 65 0 18 4 21 44 63 6
split_gain=0.0402547 0.0797578 0.100516 0.14445 0.0995156 0.0866905 0.139032 0.0865728 0.085358 0.0815411 0.0813749 0.142582 0.0734841 0.099031 0.071439 0.0634967 0.0592447 0.0795659 0.0730154 0.0597003 0.119897 0.091957
threshold=0.1128414385020733 0.064222421497106566 0.080594122409820571 0.14021228253841403 1.5489899516105654 0.087781161069870009 0.053645255044102676 0.091468732804059996 0.059787645936012275 0.22153826057910922 94.359397888183608 0.1051728129386902 0.193156473338604 1.0000000180025095e-35 10.353125095367433 11.000949859619142 0.12499999627470972 3.7098000049591069 0.70254999399185192 0.67812499403953563 1.0000000180025095e-35 5.137550115585328
decision_type=2 2 2 2 2 2 2 2 2 2 2 2 2 2 2 2 2 2 2 2 2 2
left_child=16 8 3 -3 -5 15 -7 -8 10 -6 12 -12 13 -2 -14 -4 -1 18 -18 20 -20 -21
right_child=1 2 5 4 9 6 7 -9 -10 -11 11 -13 14 -15 -16 -17 17 -19 19 21 -22 -23
leaf_value=-0.001471276853702875 0.00017381442990917705 0.0034477963382079763 -0.0023651094109998624 -0.00056854837096210282 0.0030191053715124755 0.0025969270879427557 -0.0016531750143836497 0.00018710154978130103 -0.0018386424567764575 0.0002725940609377167 0.00032337775268146383 -0.0032202352134721173 3.7829600088444417e-05 -0.0022216842280858794 0.0018594812837562388 -4.2482589075257836e-05 -0.0019464487579642553 0.0014783512999903563 -5.7884097545931344e-05 8.2791844712241516e-07 0.0014882708652821269 -0.00085801184889520488
leaf_weight=480 857 314 337 583 304 338 380 11765 508 319 346 310 757 350 525 341 324 437 5227 4372 838 3046
leaf_count=480 857 314 337 583 304 338 380 11765 508 319 346 310 757 350 525 341 324 437 5227 4372 838 3046
internal_value=-1.22539e-05 0.000106415 0.000231264 0.0011552 0.000558293 0.000124556 0.000196331 0.000129522 -0.000395341 0.00161279 -0.00016221 -0.0013512 0.000151159 -0.000520821 0.000783826 -0.00119694 -0.000160017 -0.00011583 -0.000166287 -0.000123509 0.000155748 -0.000351831
internal_weight=33058 18334 14681 1520 1206 13161 12483 12145 3653 623 3145 656 2489 1207 1282 678 14724 14244 13807 13483 6065 7418
internal_count=33058 18334 14681 1520 1206 13161 12483 12145 3653 623 3145 656 2489 1207 1282 678 14724 14244 13807 13483 6065 7418
is_linear=0
shrinkage=0.12


Tree=159
num_leaves=20
num_cat=0
split_feature=49 49 50 49 57 57 71 0 9 0 57 4 50 46 57 85 85 58 71
split_gain=0.0345252 0.0831595 0.096412 0.0851951 0.0524397 0.0518832 0.134083 0.059088 0.117092 0.0469157 0.0385576 0.0314847 0.0266232 0.0273265 0.0173373 0.0357173 0.0343496 0.00904786 0.00648465
threshold=0.44400580227375036 0.4091335535049439 0.15515007078647616 0.42784065008163458 0.57472658157348644 0.048108926042914398 0.52323952317237865 21.118149757385257 1.5000000000000002 10.914450168609621 -1.1267955303192136 1.2160500288009646 0.07857531309127809 0.13745428621768954 -0.88988390564918507 0.54305714368820202 0.54305714368820202 2.5969617366790776 1.979947626590729
decision_type=2 2 2 2 2 2 2 2 2 2 2 2 2 2 2 2 2 2 2
left_child=1 4 3 -3 5 7 -7 9 -9 -1 -4 12 13 -2 15 17 18 -14 -16
right_child=11 2 10 -5 -6 6 -8 8 -10 -11 -12 -13 14 -15 16 -17 -18 -19 -20
leaf_value=-0.00014526022466593492 -0.00027438916896293527 0.00295464839458805 0.00072305850846441895 0.00047006830624856982 0.0011678203403754108 -0.0029487426914983975 0.0004822315871705817 -0.002859513087399874 0.0001983741042363727 0.00017806150202666473 -0.001170578448555898 -0.0014989466694283432 -0.00090333584414935785 0.0012303126831462814 3.488247166683989e-06 -0.0016823620634641447 0.00098400149430610188 -0.00014735982183136502 -0.00066875996847038895
leaf_weight=12548 379 428 320 371 532 302 359 307 437 13326 300 315 311 321 307 385 324 854 632
leaf_count=12548 379 428 320 371 532 302 359 307 437 13326 300 315 311 321 307 385 324 854 632
internal_value=-1.07835e-05 3.35961e-05 0.000929662 0.00180098 -1.21239e-05 -3.51354e-05 -0.00108532 -9.05623e-06 -0.00106342 2.12616e-05 -0.000193217 -0.000349658 -0.000246605 0.000415624 -0.000411397 -0.000680318 -8.13689e-05 -0.00034917 -0.000448973
internal_weight=33058 29230 1419 799 27811 27279 661 26618 744 25874 620 3828 3513 700 2813 1550 1263 1165 939
internal_count=33058 29230 1419 799 27811 27279 661 26618 744 25874 620 3828 3513 700 2813 1550 1263 1165 939
is_linear=0
shrinkage=0.12


Tree=160
num_leaves=21
num_cat=0
split_feature=52 40 28 1 33 7 21 52 58 58 40 32 65 18 54 54 50 54 27 50
split_gain=0.0576727 0.0448541 0.138737 0.145719 0.119145 0.191423 0.144483 0.103598 0.104459 0.180228 0.156657 0.136291 0.121402 0.0861103 0.113789 0.163377 0.142593 0.113251 0.178918 0.0788424
threshold=3.0625000000000004 0.13057658821344378 -42.731475830078118 132.61499786376956 1.1885428428649905 6.5237469673156747 0.93001666665077221 2.2968750000000004 1.471328914165497 1.9179081916809084 0.070460814982652678 0.1255467161536217 9.5890622138977069 0.24270833283662799 0.25723987817764288 0.36259146034717565 0.19871877878904345 0.11931946128606798 67.311752319335952 0.18757209181785586
decision_type=2 2 2 2 2 2 2 2 2 2 2 2 2 2 2 2 2 2 2 2
left_child=1 7 -3 -4 6 -6 -5 13 11 -10 -11 -9 -13 17 16 -16 -15 19 -19 -1
right_child=-2 2 3 4 5 -7 -8 8 9 10 -12 12 -14 14 15 -17 -18 18 -20 -21
leaf_value=-0.00028405546850823076 0.0014964190139436092 0.0020870999862040228 -0.0025662440318578424 -0.0019751647390063806 0.0031337751349449954 -0.00062935236665976073 4.8548737905023228e-05 -0.0033269733329290558 0.0025649315482446275 0.00059157937509357139 -0.0011282520906124047 -0.00014401761026710107 -0.0020741591242219577 0.00036129910654610206 0.0029588942870032043 -0.00039473380044553974 -0.00096088684051403271 -0.00029570637674180861 -0.0032155369699696898 0.0018513143895978325
leaf_weight=1282 338 473 312 527 445 346 14107 376 309 1237 1989 1301 734 5089 490 365 1527 813 481 309
leaf_count=1282 338 473 312 527 445 346 14107 376 309 1237 1989 1301 734 5089 490 365 1527 813 481 309
internal_value=-6.29972e-05 -7.92091e-05 6.21388e-05 1.27541e-06 5.32084e-05 0.0014877 -2.43293e-05 -0.000219759 -0.000618985 -0.000203606 -0.000468788 -0.00122801 -0.000840196 9.46039e-06 0.000224489 0.00152723 5.61332e-05 -0.000547378 -0.00138105 0.000130671
internal_weight=32850 32512 16210 15737 15425 791 14634 16302 5946 3535 3226 2411 2035 10356 7471 855 6616 2885 1294 1591
internal_count=32850 32512 16210 15737 15425 791 14634 16302 5946 3535 3226 2411 2035 10356 7471 855 6616 2885 1294 1591
is_linear=0
shrinkage=0.12


Tree=161
num_leaves=8
num_cat=0
split_feature=52 40 40 30 28 29 65
split_gain=0.0446617 0.0436139 0.0626735 0.0386963 0.0677401 0.0780293 0.052709
threshold=3.0625000000000004 0.60140544176101696 0.50461387634277355 1.4250000119209292 -86.069789886474595 4.5000000000000009 9.4197916984558123
decision_type=2 2 2 2 2 2 2
left_child=1 2 3 4 -1 -6 -5
right_child=-2 -3 -4 6 5 -7 -8
leaf_value=-0.0017802608084303807 0.0013168487144074783 0.001065680773326676 -0.0016227470177580558 -0.0019470439239280043 -6.8750707048468402e-05 0.00093089124683065259 0.00018404276960635912
leaf_weight=322 338 480 378 364 29490 1169 309
leaf_count=322 338 480 378 364 29490 1169 309
internal_value=-5.54375e-05 -6.9704e-05 -8.67178e-05 -6.83751e-05 -4.88199e-05 -3.06353e-05 -0.000968581
internal_weight=32850 32512 32032 31654 30981 30659 673
internal_count=32850 32512 32032 31654 30981 30659 673
is_linear=0
shrinkage=0.12


Tree=162
num_leaves=17
num_cat=0
split_feature=52 74 65 65 52 18 22 49 46 69 1 65 49 1 74 46
split_gain=0.034586 0.0366312 0.166793 0.16839 0.141369 0.100163 0.0416111 0.172881 0.112419 0.0561554 0.115208 0.154174 0.1118 0.096295 0.194132 0.0830336
threshold=3.0625000000000004 8.3939857482910174 7.5843751430511483 9.3406248092651385 2.0093749761581425 0.27057291567325598 1.3215874433517458 0.1954336687922478 0.089675366878509535 23.500000000000004 272.60499572753912 8.2781248092651385 0.32384678721427923 183.58000183105472 1.2767888307571413 0.3904892653226853
decision_type=2 2 2 2 2 2 2 2 2 2 2 2 2 2 2 2
left_child=1 6 4 -4 -3 -5 7 8 -1 10 11 -8 -12 14 -11 -15
right_child=-2 2 3 5 -6 -7 9 -9 -10 13 12 -13 -14 15 -16 -17
leaf_value=-0.00017440052704375053 0.0011588268775541816 0.0019698232210805665 -0.0037682191754451 -0.0017376779197992517 -0.00097259629785255853 0.0010839650895034607 0.0013801406787595136 0.001272901765957114 -0.0031199913181177378 -0.00034340731040000399 -0.001003233554584751 0.00015066326368521921 0.00017334382800748637 6.8232400032502139e-05 -0.0029594167925196015 -0.0012180531916075028
leaf_weight=337 338 509 343 432 437 312 2068 403 418 2775 1792 5068 3313 13061 479 765
leaf_count=337 338 509 343 432 437 312 2068 403 418 2775 1792 5068 3313 13061 479 765
internal_value=-4.8785e-05 -6.13395e-05 -0.000554532 -0.00156852 0.000610587 -0.000554408 -2.84428e-05 -0.000733981 -0.0018052 -5.78334e-07 0.000195587 0.000506964 -0.000239668 -0.000141168 -0.000728493 -2.93847e-06
internal_weight=32850 32512 2033 1087 946 744 30479 1158 755 29321 12241 7136 5105 17080 3254 13826
internal_count=32850 32512 2033 1087 946 744 30479 1158 755 29321 12241 7136 5105 17080 3254 13826
is_linear=0
shrinkage=0.12


Tree=163
num_leaves=28
num_cat=0
split_feature=65 65 62 83 1 61 53 54 54 62 61 52 81 28 57 28 40 40 74 53 9 46 21 45 54 60 52
split_gain=0.0324471 0.171583 0.247003 0.253565 0.472114 0.16158 0.149382 0.141457 0.117798 0.117479 0.116171 0.194265 0.224782 0.190026 0.113869 0.109185 0.116749 0.148232 0.125417 0.144344 0.110212 0.107733 0.104497 0.104473 0.0532206 0.0403392 0.0211018
threshold=9.3770833015441912 8.0031251907348651 3.3620977401733403 1.0000000180025095e-35 255.59000396728518 -0.05571466498076915 0.044383972883224494 0.45587477087974554 0.47173030674457556 6.6498379707336435 -0.94679045677185047 2.4843750000000004 1.0000000180025095e-35 10.776957035064699 -16.465085029602047 -61.133949279785149 0.052537588402628906 0.041898405179381377 3.4243270158767705 -0.065256703644990907 1.5000000000000002 0.37301097810268408 2.8185167312622075 0.3925443589687348 0.12991214543581012 3.7812500000000004 2.2156250476837163
decision_type=2 2 2 2 2 2 2 2 2 2 2 2 2 2 2 2 2 2 2 2 2 2 2 2 2 2 2
left_child=1 2 5 4 -4 6 -1 21 15 -5 13 12 23 -3 -11 -2 17 25 20 -20 -18 -7 -15 -12 -19 -17 -8
right_child=8 10 3 9 -6 7 26 -9 -10 14 11 -13 -14 22 -16 16 18 24 19 -21 -22 -23 -24 -25 -26 -27 -28
leaf_value=-0.0036533067042320263 0.0019204817943028038 -0.0043183060876067171 0.0056931104756908352 0.0017659382251996596 -8.5992282211907271e-05 -3.123112884051304e-05 -0.0012426462529518175 0.0024471863541584639 -0.001708518869160507 0.00069390828084556374 0.0009496720494372228 0.0019081961424758068 -0.0035731204725196583 -0.0021600510867247642 -0.0024756503794264905 0.0012806429083575494 -2.0716576956082322e-05 -0.0034842467225775684 0.0035478141718639934 0.00063720567133473255 0.0019161306407853413 -0.0015351223627343934 0.00060752707343580199 -0.0017252291880902383 -0.001235116110710265 -0.00066367276210249171 0.00018064929662505165
leaf_weight=349 487 341 420 369 395 11610 300 317 506 322 551 406 375 443 331 300 10400 303 306 1238 441 729 353 340 303 315 300
leaf_count=349 487 341 420 369 395 11610 300 317 506 322 551 406 375 443 331 300 10400 303 306 1238 441 729 353 340 303 315 300
internal_value=-4.29308e-05 -0.000149595 7.33235e-06 0.00131343 0.0028922 -0.000169022 -0.00167924 -5.5779e-05 9.04162e-05 5.44319e-05 -0.00101228 -0.000375898 -0.0011084 -0.0019481 -0.000912713 0.000155006 9.18141e-05 -0.00102771 0.000202184 0.00121405 5.80722e-05 -0.000120082 -0.000932721 -7.10535e-05 -0.00235968 0.000284774 -0.000530998
internal_weight=32850 18251 15442 1837 815 13605 949 12656 14599 1022 2809 1672 1266 1137 653 14093 13606 1221 12385 1544 10841 12339 796 891 606 615 600
internal_count=32850 18251 15442 1837 815 13605 949 12656 14599 1022 2809 1672 1266 1137 653 14093 13606 1221 12385 1544 10841 12339 796 891 606 615 600
is_linear=0
shrinkage=0.12


Tree=164
num_leaves=20
num_cat=0
split_feature=50 49 65 65 58 49 58 58 68 60 58 69 9 81 46 54 40 45 22
split_gain=0.0357931 0.147722 0.0419462 0.205733 0.132544 0.141406 0.125612 0.349518 0.267017 0.155967 0.143555 0.12088 0.112657 0.282225 0.0980992 0.0629676 0.0711854 0.162698 0.149004
threshold=0.51126360893249523 0.16154062747955325 9.0156250000000018 8.0031251907348651 3.1777082681655888 0.20867905765771869 3.045770645141602 2.2329494953155522 5.5000000000000009 1.4843750000000002 1.7047322988510134 24.500000000000004 1.5000000000000002 1.0000000180025095e-35 0.13745428621768954 0.032682819291949279 0.13968853652477267 0.21572278439998629 2.7321499586105351
decision_type=2 2 2 2 2 2 2 2 2 2 2 2 2 2 2 2 2 2 2
left_child=2 -2 3 6 11 -6 7 10 -8 -10 -1 14 15 -14 -5 -4 18 -18 -17
right_child=1 -3 12 4 5 -7 8 -9 9 -11 -12 -13 13 -15 -16 16 17 -19 -20
leaf_value=-0.00011256167919022077 -0.0028705746377034719 0.00046995984168605136 -0.0016346001228969096 0.0018278864453505357 -0.0040106693554699752 -0.00081458074741470562 0.0040446084249942081 -0.0037382214379705191 -0.00041823795443238904 0.0017413782517445653 0.0023774722959091425 -0.0024231212624957299 0.0034301654998033998 -0.001240916962329203 -0.00093494122495526406 0.00098078500678223956 0.0019023473635789083 0.0001429273439830791 -0.00041493297837288972
leaf_weight=11918 312 490 312 353 423 377 315 380 1438 724 343 316 460 313 389 1343 874 5646 6124
leaf_count=11918 312 490 312 353 423 377 315 380 1438 724 343 316 460 313 389 1343 874 5646 6124
internal_value=-3.77791e-05 -0.0008296 -1.79638e-05 -0.000147322 -0.00133895 -0.00250451 -8.7167e-07 -0.000153988 0.000780534 0.000304964 -4.29033e-05 -0.000457613 0.000127736 0.00153877 0.00037945 5.1456e-05 8.90659e-05 0.000378776 -0.000163902
internal_weight=32850 802 32048 16976 1858 800 15118 12641 2477 2162 12261 1058 15072 773 742 14299 13987 6520 7467
internal_count=32850 802 32048 16976 1858 800 15118 12641 2477 2162 12261 1058 15072 773 742 14299 13987 6520 7467
is_linear=0
shrinkage=0.12


Tree=165
num_leaves=13
num_cat=0
split_feature=54 18 58 69 58 0 85 5 5 18 5 0
split_gain=0.0429162 0.0516517 0.215557 0.221991 0.119301 0.122004 0.111815 0.088635 0.0639865 0.0719375 0.0857297 0.0532524
threshold=0.56676930189132702 0.22604166716337207 19999951.000000004 19.500000000000004 4.9400877952575692 18.428599357604984 1.2453428506851199 9.0841002464294451 8.7392001152038592 0.23567708581686023 5.3984000682830819 18.428599357604984
decision_type=2 2 2 2 2 2 2 2 2 2 2 2
left_child=1 2 4 -4 5 6 -1 8 9 10 -3 -11
right_child=-2 7 3 -5 -6 -7 -8 -9 -10 11 -12 -13
leaf_value=0.00020442117156747468 0.0010550179855940945 -0.0015066677841755745 0.0046764347548573807 0.00053609407494261264 -0.0018972051900579164 -0.0016894932662002229 0.0024131403981560938 0.0019303081393572353 -0.0017865946317087271 -9.4787667691918802e-05 0.00060897388393987004 0.00055052405516083059
leaf_weight=2511 537 1013 307 475 435 422 380 310 324 23927 379 1995
leaf_count=2511 537 1013 307 475 435 422 380 310 324 23927 379 1995
internal_value=-8.98695e-06 -2.65795e-05 0.000349306 0.00216152 -2.88035e-05 0.000216519 0.000494741 -8.75055e-05 -0.000110138 -9.0252e-05 -0.000930642 -4.51234e-05
internal_weight=33015 32478 4530 782 3748 3313 2891 27948 27638 27314 1392 25922
internal_count=33015 32478 4530 782 3748 3313 2891 27948 27638 27314 1392 25922
is_linear=0
shrinkage=0.12


Tree=166
num_leaves=19
num_cat=0
split_feature=48 28 27 4 50 32 64 4 82 27 1 44 48 1 64 32 56 22
split_gain=0.0393099 0.120674 0.156403 0.0752012 0.106046 0.0495457 0.137449 0.0539318 0.173083 0.686017 0.383252 0.259717 0.222352 0.137775 0.0932432 0.0847241 0.0914507 0.0449401
threshold=1.9406250119209292 22.180838584899906 96.818271636962905 1.7801499962806704 0.16204290837049487 0.062241878360509879 28.500000000000004 3.0598000288009648 0.37500000000000006 79.606136322021499 136.14500427246097 0.55937498807907116 1.5593749880790713 119.05999755859376 13.500000000000002 0.11627290025353433 9.8937497138977069 6.5361750125885019
decision_type=2 2 2 2 2 2 2 2 2 2 2 2 2 2 2 2 2 2
left_child=5 2 -2 4 17 6 -1 13 9 10 -9 14 -13 -7 -10 -15 -17 -3
right_child=1 3 -4 -5 -6 7 -8 8 11 -11 -12 12 -14 15 -16 16 -18 -19
leaf_value=-0.00083429182558196837 -0.0034049524491231477 -0.0020479225759360803 7.5868499815840733e-05 0.0016184526491226318 0.0011592816493066493 0.002175074451819043 0.0023904713442941773 -0.0067339731029467656 9.8174060188521416e-05 0.003362501595562973 -0.0015201445049800443 -0.0020128285660698016 0.0011395167528623295 -0.0019078908283815244 0.0026432033203692864 1.3495209195807904e-05 0.0014259345948348951 -0.0001570564056363144
leaf_weight=339 389 415 356 367 424 437 434 300 319 304 628 878 509 322 592 25003 678 321
leaf_count=339 389 415 356 367 424 437 434 300 319 304 628 878 509 322 592 25003 678 321
internal_value=-7.90852e-06 -0.000489574 -0.00174163 0.000121287 -0.000352386 2.7688e-05 0.000976248 3.22233e-06 -0.000437336 -0.00158494 -0.00320565 0.000177913 -0.000855984 6.20413e-05 0.00175202 2.65302e-05 5.07848e-05 -0.00122324
internal_weight=33015 2272 745 1527 1160 30743 773 29970 3530 1232 928 2298 1387 26440 911 26003 25681 736
internal_count=33015 2272 745 1527 1160 30743 773 29970 3530 1232 928 2298 1387 26440 911 26003 25681 736
is_linear=0
shrinkage=0.12


Tree=167
num_leaves=31
num_cat=0
split_feature=18 48 54 1 1 40 40 52 54 1 64 1 48 4 57 18 46 35 64 56 21 53 46 1 52 68 50 61 46 82
split_gain=0.0393429 0.0982062 0.185442 0.12571 0.104219 0.113427 0.154263 0.165989 0.139871 0.207501 0.0966507 0.434879 0.0887464 0.0854337 0.078091 0.0659835 0.139505 0.0994469 0.0965642 0.277166 0.481989 0.128775 0.0927641 0.168861 0.0848168 0.0733982 0.0580296 0.0683621 0.0579977 0.0490272
threshold=0.27864582836627966 1.8468750119209292 0.10080747306346895 211.93000030517581 109.51499938964845 0.088852316141128554 0.11696032434701921 1.6218749880790713 0.12430581822991373 314.02000427246099 43.500000000000007 191.96500396728518 1.8281250000000002 1.6040499806404116 0.26658244431018835 0.28489583730697637 0.22984158247709277 47.506835937500007 24.500000000000004 0.38437499105930334 2.1368750333786015 -0.19967368245124814 0.14021228253841403 195.19999694824222 2.2156250476837163 13.500000000000002 0.088333148509264006 -0.55094578862190235 0.17902096360921863 0.37500000000000006
decision_type=2 2 2 2 2 2 2 2 2 2 2 2 2 2 2 2 2 2 2 2 2 2 2 2 2 2 2 2 2 2
left_child=1 4 29 -4 -1 8 7 -7 13 -10 15 -12 26 -6 -8 16 17 -2 22 20 -20 -21 24 -24 -17 -19 -13 -28 -5 -3
right_child=10 2 3 28 5 6 14 -9 9 -11 11 12 -14 -15 -16 18 -18 25 19 21 -22 -23 23 -25 -26 -27 27 -29 -30 -31
leaf_value=0.0023741924759752282 -0.0025975411722407326 0.0018652620004729736 -0.0035569443273166059 -0.0016441148653519911 -0.00047732606990545532 -0.00055281713145096181 0.00019488870483910762 0.0017263381337297178 -0.0018491501899479176 0.00081059481523369369 -0.0050071803503486173 0.00053798733635614712 0.0015928073462768489 0.00089179600191952057 -0.001703316324707009 0.00049193404677828358 0.001600094764840369 0.00063952871177032041 0.0061845862478769453 0.002410149744650837 0.0002211404718278253 -0.00010284233763523606 -0.0030277628709842576 -0.00033157575023793587 -0.0010170618789791539 -0.0015277587568270972 -0.00030888620423915247 -0.0023779404606249686 0.00033622806588334315 -9.0077726945712365e-05
leaf_weight=311 494 338 342 530 1259 604 9238 1932 1468 593 317 449 331 1371 323 2147 306 436 311 315 524 4330 440 1395 715 465 592 376 356 407
leaf_count=311 494 338 342 530 1259 604 9238 1932 1468 593 317 449 331 1371 323 2147 306 436 311 315 524 4330 440 1395 715 465 592 376 356 407
internal_value=-6.9595e-06 0.000105046 -0.000696585 -0.00160274 0.000197544 0.000157221 0.000351459 0.00118351 -0.000343673 -0.00108388 -0.000160167 -0.000917902 -0.00017631 0.000236387 0.000130761 -2.84338e-05 -0.000720241 -0.00122922 8.71959e-05 0.000429411 0.00244226 6.75759e-05 -0.000312067 -0.000978073 0.000114949 -0.000478994 -0.000589562 -0.00111257 -0.000848401 0.000797043
internal_weight=33015 19072 1973 1228 17099 16788 12097 2536 4691 2061 13943 2065 1748 2630 9561 11878 1701 1395 10177 5480 835 4645 4697 1835 2862 901 1417 968 886 745
internal_count=33015 19072 1973 1228 17099 16788 12097 2536 4691 2061 13943 2065 1748 2630 9561 11878 1701 1395 10177 5480 835 4645 4697 1835 2862 901 1417 968 886 745
is_linear=0
shrinkage=0.12


Tree=168
num_leaves=26
num_cat=0
split_feature=7 65 28 22 21 62 12 45 81 56 28 56 69 1 80 4 4 71 65 68 48 64 23 4 21
split_gain=0.0349772 0.175966 0.0977784 0.0725341 0.192235 0.0963972 0.128388 0.107718 0.147524 0.0735616 0.171738 0.0751062 0.20071 0.228258 0.162817 0.530119 0.1908 0.0699715 0.0690171 0.115218 0.143025 0.072087 0.044205 0.0385675 0.0294708
threshold=11.094086647033693 9.9395833015441912 123.75897598266603 3.2416000366210942 0.78334167599678051 2.8185948133468632 3.0061500072479252 0.086503569036722197 1.0000000180025095e-35 7.2250001430511483 37.246505737304695 1.2593750357627871 25.500000000000004 223.91500091552737 0.37500000000000006 2.0509500503540044 2.2319499254226689 -0.9931635558605193 9.6257810592651385 19.500000000000004 1.5031250119209292 13.500000000000002 11.617136001586916 1.4380999803543093 2.0978791713714604
decision_type=2 2 2 2 2 2 2 2 2 2 2 2 2 2 2 2 2 2 2 2 2 2 2 2 2
left_child=3 18 -3 4 -1 7 -7 -6 -9 11 -11 12 13 -5 15 -13 -16 -14 19 20 -2 24 -12 -24 -21
right_child=1 2 -4 9 5 6 -8 8 -10 10 22 14 17 -15 16 -17 -18 -19 -20 21 -22 -23 23 -25 -26
leaf_value=-0.0034569397095407617 0.0026965411248733944 0.0034701228339493397 0.00055631483465101782 0.001927357800020073 0.0018587703386195901 0.00017657184901005005 -0.0031571682866336232 0.0003944543193651124 -0.0021002660751636873 0.0032650403290058532 -0.00097816705995607575 0.00014253492787301032 0.0011589195516337985 0.0001317049068081437 -0.00016060173184126477 -0.0019393768060747933 0.0019539306194317763 -0.00021069922320362568 -0.0017764924921081808 -0.00076894012671365386 -0.00038520390450201455 -0.0021858029921807596 -8.0714400586161491e-05 0.001642957600317179 0.00064509767900318925
leaf_weight=305 445 354 312 1684 411 323 343 1213 475 328 349 5303 568 2583 1937 2637 900 9885 309 422 423 314 440 325 427
leaf_count=305 445 354 312 1684 411 323 343 1213 475 328 349 5303 568 2583 1937 2637 900 9885 309 422 423 314 440 325 427
internal_value=-6.12436e-06 0.000384131 0.0021051 -4.52163e-05 -0.000597864 -0.000282486 -0.00154035 0.000116628 -0.000307555 1.77641e-05 0.000851595 -2.93938e-05 0.000146832 0.000840371 -0.000270096 -0.000548901 0.000510205 -0.000136276 -0.000105682 0.000148519 0.00119472 -0.000632311 0.000140993 0.000651565 -5.77574e-05
internal_weight=33015 3006 666 30009 3070 2765 666 2099 1688 26939 1442 25497 14720 4267 10777 7940 2837 10453 2340 2031 868 1163 1114 765 849
internal_count=33015 3006 666 30009 3070 2765 666 2099 1688 26939 1442 25497 14720 4267 10777 7940 2837 10453 2340 2031 868 1163 1114 765 849
is_linear=0
shrinkage=0.12


Tree=169
num_leaves=11
num_cat=0
split_feature=54 29 62 54 71 40 21 23 11 46
split_gain=0.0347164 0.0395038 0.221791 0.0936302 0.0837233 0.106709 0.0487581 0.0766147 0.0575778 0.0518285
threshold=0.56676930189132702 4.5000000000000009 0.87083217501640331 0.081560328602790846 0.61113476753234874 0.11177350953221322 4.093062400817872 14.453619480133058 4.2185499668121347 0.42191424965858465
decision_type=2 2 2 2 2 2 2 2 2 2
left_child=1 6 -3 -4 -5 -6 7 8 9 -1
right_child=-2 2 3 4 5 -7 -8 -9 -10 -11
leaf_value=-7.7551222960085619e-05 0.00095158538919796793 0.0031973774331220694 0.0014873370380476391 -0.0018870562994061893 0.0017335079875456991 -0.0010779836459355679 -0.0015172573283207245 0.0017816545943641824 -0.0016432160586882338 0.00067158150348821844
leaf_weight=28080 537 359 408 463 344 447 325 329 327 1396
leaf_count=28080 537 359 408 463 344 447 325 329 327 1396
internal_value=-5.38943e-06 -2.12123e-05 0.000492555 -9.17001e-05 -0.000605454 0.000144713 -5.53038e-05 -3.95353e-05 -5.96397e-05 -4.20719e-05
internal_weight=33015 32478 2021 1662 1254 791 30457 30132 29803 29476
internal_count=33015 32478 2021 1662 1254 791 30457 30132 29803 29476
is_linear=0
shrinkage=0.12


Tree=170
num_leaves=26
num_cat=0
split_feature=71 56 54 48 28 54 56 50 46 46 33 27 54 48 71 49 28 4 46 0 64 21 71 45 22
split_gain=0.0577439 0.116082 0.222818 0.115809 0.196997 0.185193 0.16908 0.133309 0.167705 0.132126 0.124716 0.123458 0.118842 0.181206 0.0853126 0.138323 0.0975947 0.0936618 0.195474 0.163916 0.148734 0.0801983 0.0643894 0.0635478 0.0631905
threshold=1.2150238752365115 0.48437500000000006 0.090932928025722518 1.2718749642372134 23.458868980407718 0.16532344371080401 2.1781250238418584 0.097570922225713744 0.24132657796144488 0.13644517213106158 0.9382428526878358 101.73602676391603 0.18550460040569308 1.1593750119209292 1.8678363561630251 0.12960422784090045 -74.866531372070298 2.6152000427246098 0.24440221488475802 11.218650341033937 36.500000000000007 4.0487999916076669 1.5584926605224612 0.30082984268665319 9.0482749938964862
decision_type=2 2 2 2 2 2 2 2 2 2 2 2 2 2 2 2 2 2 2 2 2 2 2 2 2
left_child=1 2 -1 4 -3 6 11 9 -9 -7 -8 -5 13 -6 15 -2 -16 21 20 -20 -19 24 -17 -4 -18
right_child=14 3 23 5 12 7 10 8 -10 -11 -12 -13 -14 -15 16 22 17 18 19 -21 -22 -23 -24 -25 -26
leaf_value=0.0017918802308158415 -0.0031895743588872126 0.0038179300451258672 -0.0031444631493042462 0.001207711127066094 -0.00052916200522473721 0.0012814037618076113 -0.00030356332027010316 0.0010831171384603473 0.004147687157564855 -0.0015963566713241444 -0.002112400842416417 -0.00068510382010628903 -0.0014294668501715572 0.0032026610282754721 -0.0019529809381039639 -0.0012273830918660251 -0.00014373917342415602 0.00069363814469257997 0.00060690624224174288 0.0044881825344054958 -0.00089590946748290424 -0.001950948399153762 0.00083384813301764409 -0.0008833267944968221 0.00078659038886561342
leaf_weight=303 322 363 383 1389 365 462 1591 1420 314 457 838 772 303 385 371 476 15659 2616 328 300 1254 337 403 336 1127
leaf_count=303 322 363 383 1389 365 462 1591 1420 314 457 838 772 303 385 371 476 15659 2616 328 300 1254 337 403 336 1127
internal_value=2.57899e-05 0.000271955 -0.000937561 0.000414711 0.00140725 0.000220671 -0.000240643 0.0010188 0.00163806 -0.000149648 -0.000927609 0.000531518 0.000576213 0.00138651 -7.6962e-05 -0.00106181 -2.31786e-05 9.93539e-06 0.000497245 0.00246102 0.000178575 -0.000118075 -0.000282359 -0.0020878 -8.12775e-05
internal_weight=32874 9681 1022 8659 1416 7243 4590 2653 1734 919 2429 2161 1053 750 23193 1201 21992 21621 4498 628 3870 17123 879 719 16786
internal_count=32874 9681 1022 8659 1416 7243 4590 2653 1734 919 2429 2161 1053 750 23193 1201 21992 21621 4498 628 3870 17123 879 719 16786
is_linear=0
shrinkage=0.12


Tree=171
num_leaves=15
num_cat=0
split_feature=74 71 57 45 53 32 57 71 49 35 1 0 1 71
split_gain=0.0461416 0.0518728 0.1107 0.200098 0.0910596 0.132821 0.0936254 0.0627178 0.1008 0.0748501 0.0907733 0.209458 0.11732 0.045514
threshold=25.191214561462406 1.2150238752365115 0.49357125163078314 0.11064234003424646 -0.075659841299056993 0.19305097311735156 0.10717714205384256 1.8678363561630251 0.13552130758762362 -74.866531372070298 167.54499816894534 11.729249954223635 172.12000274658206 1.5584926605224612
decision_type=2 2 2 2 2 2 2 2 2 2 2 2 2 2
left_child=1 2 3 -1 5 -5 -6 8 -3 -9 11 -11 -12 -10
right_child=-2 7 -4 4 6 -7 -8 9 13 10 12 -13 -14 -15
leaf_value=-0.0020095707020353609 -0.0011342660486955264 -0.0026469047765091849 0.002497543963538029 -0.00019574132578577006 0.00026911625771118975 0.0022640144036475233 -0.0018898632510825227 -0.0017023780573587361 -0.0010247618920141493 -0.00025990606634690184 -0.0023066709022760501 0.0017380663982828359 -4.0314740568467119e-05 0.00072930390542450528
leaf_weight=553 489 341 313 532 6846 779 302 370 457 1708 335 1355 18095 399
leaf_count=553 489 341 313 532 6846 779 302 370 457 1708 335 1355 18095 399
internal_value=2.26951e-05 4.01647e-05 0.000278992 0.000201939 0.000346514 0.00126585 0.0001779 -5.64123e-05 -0.000902188 -1.01061e-05 1.90262e-05 0.000623951 -8.151e-05 -0.000207154
internal_weight=32874 32385 9325 9012 8459 1311 7148 23060 1197 21863 21493 3063 18430 856
internal_count=32874 32385 9325 9012 8459 1311 7148 23060 1197 21863 21493 3063 18430 856
is_linear=0
shrinkage=0.12


Tree=172
num_leaves=21
num_cat=0
split_feature=50 52 21 65 65 28 82 46 82 16 11 0 49 57 50 40 28 58 53 74
split_gain=0.0448542 0.120618 0.0607331 0.215501 0.193208 0.187726 0.176191 0.174295 0.340446 0.144022 0.0572827 0.136025 0.137149 0.0566974 0.122335 0.0958527 0.087828 0.0569602 0.206817 0.0733818
threshold=0.51126360893249523 2.2593749761581425 1.5612500309944155 11.127083301544191 10.919791698455812 23.458868980407718 0.37500000000000006 0.24132657796144488 0.37500000000000006 2.5000000000000004 2.0354999303817753 15.294050216674806 0.031731190159916885 -25.534600257873532 0.10973660275340082 0.16322000324726108 90.27414703369142 1.0059189796447756 -0.12961771339178083 0.99417930841445934
decision_type=2 2 2 2 2 2 2 2 2 2 2 2 2 2 2 2 2 2 2 2
left_child=2 -2 3 4 7 -6 -5 9 -9 -1 11 12 -4 14 16 -16 -12 19 -19 -15
right_child=1 -3 10 6 5 -7 -8 8 -10 -11 13 -13 -14 17 15 -17 -18 18 -20 -21
leaf_value=0.00060035319816416821 0.00055767145232761962 -0.0024645239968771396 0.0016083391869443353 -0.003631376449569301 0.0042862130814122906 0.00026970434237342714 1.2193276802702856e-05 0.0051394764215893143 0.00012953482440207153 -0.00077977552172620122 -0.0033848140555050527 -0.0029448053221197931 -0.0013713345416181254 -2.9398579839763317e-05 0.0010652966382044958 -0.0012520324395086917 -0.00063300517321730461 0.0023423581014768305 0.0001143913464974657 -0.00098717779565043952
leaf_weight=2819 397 365 391 329 378 301 456 306 540 1774 317 326 516 10235 639 430 353 638 10066 1298
leaf_count=2819 397 365 391 329 378 301 456 306 540 1774 317 326 516 10235 639 430 353 638 10066 1298
internal_value=1.99717e-05 -0.000889968 4.15641e-05 0.000356933 0.000597102 0.0025057 -0.00151486 0.000358835 0.00194164 6.72924e-05 -4.47937e-05 -0.000842461 -8.68225e-05 -3.77251e-06 -0.000663649 0.000133162 -0.00193498 4.78318e-05 0.000247187 -0.000137193
internal_weight=32874 762 32112 6903 6118 679 785 5439 846 4593 25209 1233 907 23976 1739 1069 670 22237 10704 11533
internal_count=32874 762 32112 6903 6118 679 785 5439 846 4593 25209 1233 907 23976 1739 1069 670 22237 10704 11533
is_linear=0
shrinkage=0.12


Tree=173
num_leaves=37
num_cat=0
split_feature=60 48 28 52 65 65 52 8 32 69 69 52 65 32 21 80 65 11 8 68 57 49 61 65 57 52 50 27 18 65 50 61 50 2 12 18
split_gain=0.0441714 0.144781 0.282555 0.165028 0.27693 0.19492 0.231937 0.181332 0.173776 0.154192 0.152296 0.132586 0.108496 0.361546 0.115586 0.268773 0.334603 0.339777 0.168403 0.127472 0.122171 0.238221 0.217554 0.10533 0.101431 0.100132 0.0963859 0.0862283 0.0814156 0.0985223 0.0899746 0.0612709 0.0448558 0.0536403 0.0281918 0.0266778
threshold=1.9718750119209292 1.1906250119209292 132.4582443237305 2.2031250000000004 10.902082920074465 8.1687502861022967 2.5343749523162846 1.0000000180025095e-35 0.29004132747650152 20.500000000000004 16.500000000000004 2.0468750000000004 10.817708492279055 0.1856217905879021 1.4603000283241274 0.37500000000000006 6.3656251430511483 1.3270999789237978 1.0000000180025095e-35 3.5000000000000004 -6.8446116447448722 0.21236871927976611 -3.8957349061965938 10.613541603088381 -1.4579901099205015 2.3031250238418584 0.14737572520971301 75.917819976806655 0.26614584028720861 11.626041889190676 0.14737572520971301 -2.6918513774871822 0.16518561542034152 0.53084999322891246 4.7011499404907235 0.2911458313465119
decision_type=2 2 2 2 2 2 2 2 2 2 2 2 2 2 2 2 2 2 2 2 2 2 2 2 2 2 2 2 2 2 2 2 2 2 2 2
left_child=12 2 9 4 8 6 -5 10 -3 23 -7 26 14 -14 15 16 18 -18 -1 -17 21 25 -22 -2 -13 -16 -6 -23 32 30 -30 -24 33 -15 -21 -10
right_child=1 3 -4 5 11 7 -8 -9 35 -11 -12 24 13 28 20 19 17 -19 -20 34 22 27 31 -25 -26 -27 -28 -29 29 -31 -32 -33 -34 -35 -36 -37
leaf_value=-0.00086467111163668104 0.0048177987233382997 -0.0035944620513507159 -0.00091569583793129391 0.0045765440581599249 0.00034238313217035461 -0.00091547610933977999 0.00021994079175098415 0.0023325817848096797 -0.0014127863881211462 0.00044369115932867169 0.00037968411520126978 0.00024285389173360199 -0.0042849856416654333 0.0011322398860803217 -0.0013738610537098299 -0.0025619532518903723 0.0011766326749254295 0.0064054155519380311 0.0017636314246971909 -0.00074193923544911143 0.0031053440607197226 -0.00098128932870406027 -0.0017819148619833869 0.0018219796087226418 -0.0019134767790083057 -0.0043300044954256997 0.0031168098236986561 0.0015544631500156259 -0.00046786954337866866 0.00040092390792751894 -0.0029274800134828963 -4.6119494985137551e-05 0.0015005655915164798 -0.00094761528677458982 0.00069478538420610428 6.7399190532846482e-05
leaf_weight=735 379 573 563 330 439 1902 377 509 420 371 4182 909 368 309 330 390 391 330 672 343 315 397 300 305 480 330 306 376 437 536 420 12257 408 423 461 301
leaf_count=735 379 573 563 330 439 1902 377 509 420 371 4182 909 368 309 330 390 391 330 672 343 315 397 300 305 480 330 306 376 437 536 420 12257 408 423 461 301
internal_value=1.75751e-05 0.000196939 0.00125508 3.73499e-05 -0.000649467 0.000359872 0.00225343 0.000156816 -0.00203455 0.00241352 -2.52131e-05 0.00019041 -9.02986e-05 -0.00077033 2.16191e-05 0.00065928 0.0014678 0.00356983 0.000390638 -0.000781701 -0.000126463 -0.00117751 -9.4529e-06 0.00348194 -0.000502314 -0.00285193 0.00148195 0.000252143 -0.000259713 -0.000875165 -0.00167328 -8.75895e-05 0.000492326 -6.96436e-05 8.18544e-05 -0.000794845
internal_weight=32874 12346 1618 10728 3428 7300 707 6593 1294 1055 6084 2134 20528 2901 17627 3322 2128 721 1407 1194 14305 1433 12872 684 1389 660 745 773 2533 1393 857 12557 1140 732 804 721
internal_count=32874 12346 1618 10728 3428 7300 707 6593 1294 1055 6084 2134 20528 2901 17627 3322 2128 721 1407 1194 14305 1433 12872 684 1389 660 745 773 2533 1393 857 12557 1140 732 804 721
is_linear=0
shrinkage=0.12


Tree=174
num_leaves=20
num_cat=0
split_feature=54 60 45 50 49 64 64 48 57 46 27 56 1 1 1 62 1 32 48
split_gain=0.0386365 0.164464 0.443866 0.18125 0.135397 0.152969 0.186915 0.216841 0.109429 0.100144 0.0886647 0.0756118 0.133118 0.0746118 0.0756024 0.164755 0.161207 0.110882 0.0454969
threshold=0.25723987817764288 2.8156249523162846 0.22218278050422671 0.19518817216157916 0.0047634362708777198 18.500000000000004 26.500000000000004 1.3968749642372134 -3.1355030536651607 0.124743539839983 64.852874755859389 8.6312499046325701 241.53499603271487 108.39999771118165 121.4300003051758 1.3478953242301943 130.58000183105472 0.11027851700782777 1.5093750357627871
decision_type=2 2 2 2 2 2 2 2 2 2 2 2 2 2 2 2 2 2 2
left_child=11 4 -3 8 -2 10 9 -8 -4 -7 -6 13 -13 -1 15 -15 -16 -18 -14
right_child=1 2 3 -5 5 6 7 -9 -10 -11 -12 12 18 14 16 -17 17 -19 -20
leaf_value=0.0016073781310480583 -0.0023622176868314288 0.0051957913960879003 0.00068577893948992461 0.002737181140225062 0.00012335829078438109 0.0039596846269790171 -0.002238617614113651 0.00097726735164677461 -0.0018888600182850048 0.00089642161962004885 -0.0025434002129430837 -0.0029277559196130491 0.0010376781004304467 0.00038430652509305216 0.0020259061611627004 -0.0030424435932123427 -0.0020095429649757248 -6.2636342476980645e-07 -0.00094488665165807758
leaf_weight=410 362 336 499 326 320 301 461 875 454 314 409 355 302 448 560 368 402 25000 372
leaf_count=410 362 336 499 326 320 301 461 875 454 314 409 355 302 448 560 368 402 25000 372
internal_value=1.54661e-05 0.000335692 0.00131441 0.000294748 -0.000183909 0.000110325 0.000664504 -0.000132406 -0.000540754 0.00239568 -0.00137281 -3.73847e-05 -0.00104711 8.30779e-07 -2.37672e-05 -0.00116109 1.19795e-05 -3.24185e-05 -5.65565e-05
internal_weight=32874 4657 1615 1279 3042 2680 1951 1336 953 615 729 28217 1029 27188 26778 816 25962 25402 674
internal_count=32874 4657 1615 1279 3042 2680 1951 1336 953 615 729 28217 1029 27188 26778 816 25962 25402 674
is_linear=0
shrinkage=0.12


Tree=175
num_leaves=21
num_cat=0
split_feature=48 62 52 48 28 54 49 33 58 52 61 58 46 13 40 48 74 40 33 49
split_gain=0.089358 0.178944 0.197513 0.105705 0.194755 0.105702 0.101986 0.0957952 0.0871316 0.11277 0.173315 0.0721496 0.128843 0.0745688 0.0833607 0.0704252 0.0672773 0.0646854 0.0616851 0.0551738
threshold=1.0343750119209292 14.33540725708008 1.8781250119209292 1.1343750357627871 28.80493259429932 0.10379674658179285 0.21615355461835864 0.964971423149109 19999983.000000004 2.3656250238418584 -14.837248802185057 -5.7306334972381583 0.13644517213106158 8.7592000961303729 0.087980043143033995 0.78437501192092907 0.80495184659957897 0.17393567413091662 1.1558570861816408 0.40115232765674597
decision_type=2 2 2 2 2 2 2 2 2 2 2 2 2 2 2 2 2 2 2 2
left_child=1 2 5 4 -2 15 -7 19 11 10 -10 12 -5 14 -13 18 -11 -12 -1 -6
right_child=3 -3 -4 8 7 6 -8 -9 9 16 17 13 -14 -15 -16 -17 -18 -19 -20 -21
leaf_value=-9.680328799433735e-05 0.0036240094896366898 0.0023139159963918325 -0.0034097139219224377 0.00049249734437669009 0.0022770827759742416 -0.003126050006451248 -0.00042801822561997741 -0.0014158545089742313 -0.0035510410530295469 -0.00053167826853953257 0.00031326051044743507 -0.00026904315130159989 -0.0029570234344404316 0.001776658449214103 0.00023010656175654273 0.0015229049476733457 0.0015770622658222411 -0.0018749798970620524 -0.0015018676323715582 3.7951005156613851e-06
leaf_weight=2673 334 309 350 319 305 377 434 325 392 559 528 6764 305 382 16746 324 357 308 541 310
leaf_count=2673 334 309 350 319 305 377 434 325 392 559 528 6764 305 382 16746 324 357 308 541 310
internal_value=-1.65568e-05 -0.000483332 -0.000667275 6.71265e-05 0.00113497 -0.000446568 -0.00168222 0.000250568 1.60974e-05 -0.000717489 -0.00146914 8.02519e-05 -0.00119357 0.000113521 8.64975e-05 -0.000163325 0.000290178 -0.000492933 -0.000333312 0.0011312
internal_weight=32942 5008 4699 27934 1274 4349 811 940 26660 2144 1228 24516 624 23892 23510 3538 916 836 3214 615
internal_count=32942 5008 4699 27934 1274 4349 811 940 26660 2144 1228 24516 624 23892 23510 3538 916 836 3214 615
is_linear=0
shrinkage=0.12


Tree=176
num_leaves=25
num_cat=0
split_feature=30 61 4 82 12 60 52 40 40 0 71 52 7 58 29 28 54 32 28 32 15 28 1 64
split_gain=0.0510273 0.17127 0.19202 0.683506 0.137205 0.110173 0.0871409 0.170399 0.128428 0.0867607 0.133069 0.124819 0.120315 0.112281 0.0842628 0.16353 0.207084 0.0754488 0.0742788 0.0597425 0.318533 0.0886567 0.0480972 0.043036
threshold=0.58437499403953563 0.79104030132293712 3.0907499790191655 0.37500000000000006 1.9161999821662905 0.84687501192092907 2.1593749523162846 0.15065757930278781 0.27910535037517553 5.8662998676300058 5.2193899154663095 2.0968749523162846 4.5683329105377206 -8.4761924743652326 2.5000000000000004 106.25156021118165 0.075605351477861418 0.21621672064065936 56.104204177856452 0.091341216117143645 11.441944599151613 -40.157367706298821 315.24499511718756 15.500000000000002
decision_type=2 2 2 2 2 2 2 2 2 2 2 2 2 2 2 2 2 2 2 2 2 2 2 2
left_child=1 2 4 -4 -1 -5 8 -8 -6 10 18 12 -12 -11 15 16 -15 -13 -2 20 -16 -21 -17 -19
right_child=9 -3 3 5 6 -7 7 -9 -10 13 11 17 -14 14 19 22 -18 23 -20 21 -22 -23 -24 -25
leaf_value=-0.0025093935559498304 0.0036129065846256438 0.0017714742986063227 -0.0058505091452060783 -0.00090906046460279162 0.00049056819287052178 0.0020785325144753721 0.00022536525219693046 -0.0020534779669919602 -0.0012815769934437094 -0.0022228628397486451 -0.0023882667871657757 0.0024650041204903215 0.00057003445140874521 -0.00069061720209298474 -0.0020675861685548174 -0.0015822978599143455 0.0029920382162604083 0.0015933571163226257 0.00096012542954436052 0.0017081573796704336 0.002082773079607813 -3.3940042060010047e-05 0.00023694957190657632 -0.00012742990382446644
leaf_weight=343 302 557 399 432 4018 302 1134 810 690 324 401 358 391 321 901 310 698 308 306 431 378 17531 644 653
leaf_count=343 302 557 399 432 4018 302 1134 810 690 324 401 358 391 321 901 310 698 308 306 431 378 17531 644 653
internal_value=-1.457e-05 -0.000264168 -0.000403668 -0.00185291 -0.000168929 0.000320167 -4.82469e-05 -0.000724153 0.000230844 7.47963e-05 0.000713534 0.000263004 -0.000927792 -5.83916e-06 2.80213e-05 0.00077488 0.00183195 0.000978024 0.00227779 -4.85627e-05 -0.000840975 7.86176e-06 -0.00035421 0.000424081
internal_weight=32942 8685 8128 1133 6995 734 6652 1944 4708 24257 2719 2111 792 21538 21214 1973 1019 1319 608 19241 1279 17962 954 961
internal_count=32942 8685 8128 1133 6995 734 6652 1944 4708 24257 2719 2111 792 21538 21214 1973 1019 1319 608 19241 1279 17962 954 961
is_linear=0
shrinkage=0.12


Tree=177
num_leaves=26
num_cat=0
split_feature=48 48 2 11 67 65 65 54 2 86 67 49 54 65 81 62 58 46 50 54 50 33 54 54 17
split_gain=0.0660336 0.11861 0.191205 0.0845898 0.0836198 0.0778768 0.773532 0.14794 0.241966 0.109136 0.263113 0.129855 0.0986946 0.0909152 0.229232 0.0866928 0.0772568 0.0679979 0.112722 0.12132 0.104167 0.0677563 0.0664666 0.0595369 0.0408294
threshold=1.0593749880790713 1.1343750357627871 0.41122999787330633 1.2939000129699709 1.5000000000000002 4.0156250000000009 3.7031250000000004 0.040329774841666229 0.42109999060630804 1.0000000180025095e-35 1.0000000180025095e-35 0.041439287364482887 0.13177064806222918 5.0437500476837167 1.0000000180025095e-35 1.0836452245712282 19999983.000000004 0.15023873001337054 0.10514783114194871 0.080908127129077925 0.14844134449958804 1.1558570861816408 0.13522276282310489 0.078236892819404616 1.5000000000000002
decision_type=2 2 2 2 2 2 2 2 2 2 2 2 2 2 2 2 2 2 2 2 2 2 2 2 2
left_child=3 2 -2 -1 -4 6 9 8 -7 11 -11 -3 -8 14 -9 -10 -15 18 19 21 23 -5 -20 24 -19
right_child=1 5 4 17 -6 7 12 13 15 10 -12 -13 -14 16 -16 -17 -18 20 22 -21 -22 -23 -24 -25 -26
leaf_value=-0.0017978747805647867 0.0038011848120507556 0.0025498437819352665 0.001619734785256221 0.00031013165262270707 -0.0010055711353370743 -0.0043263189394193184 0.005995453456323593 0.00010039442200333199 -0.0017380431214347482 0.00047959882920588156 -0.0030190724880716341 -6.6829124600096049e-05 0.0029349529913684251 0.00014693830775107375 -0.0029007021163558974 0.000796416715083916 -0.00063637337297898686 -0.0018188355384760413 0.0026976690828011463 -0.002521760933795148 -0.0026500030218954938 -0.0014615771092852342 0.00031680234341347646 0.0010812002885169604 -9.9138960889287177e-05
leaf_weight=559 313 319 331 1865 370 302 300 1159 350 689 562 1898 307 17782 536 437 2019 362 322 309 371 373 355 311 441
leaf_count=559 313 319 331 1865 370 302 300 1159 350 689 562 1898 307 17782 536 437 2019 362 322 309 371 373 355 311 441
internal_value=-1.28216e-05 6.13053e-05 0.00133515 -0.000402227 0.000234053 1.28552e-05 0.000495693 -7.4263e-05 -0.00143878 -0.000195997 -0.00109215 0.000309679 0.00444756 -5.13584e-06 -0.000848625 -0.000330726 6.70683e-05 -0.000236551 7.29272e-05 -0.000292892 -0.000908442 1.48469e-05 0.00144921 -0.000328443 -0.000874394
internal_weight=32942 27674 1014 5268 701 26660 4075 22585 1089 3468 1251 2217 607 21496 1695 787 19801 4709 3224 2547 1485 2238 677 1114 803
internal_count=32942 27674 1014 5268 701 26660 4075 22585 1089 3468 1251 2217 607 21496 1695 787 19801 4709 3224 2547 1485 2238 677 1114 803
is_linear=0
shrinkage=0.12


Tree=178
num_leaves=21
num_cat=0
split_feature=48 48 57 54 56 65 65 81 68 28 54 1 52 65 50 62 48 33 9 64
split_gain=0.0511364 0.0942299 0.0870469 0.155213 0.12521 0.0695244 0.613799 0.12046 0.317985 0.192337 0.115392 0.188501 0.0902988 0.0954473 0.0943429 0.0674592 0.0606538 0.117033 0.0731588 0.0577568
threshold=1.0593749880790713 1.0906249880790713 -7.8287000656127921 0.11091256886720659 0.14999999850988391 4.0156250000000009 3.7656250000000004 1.0000000180025095e-35 12.500000000000002 12.555662155151369 0.040329774841666229 210.54999542236331 1.8781250119209292 6.5468750000000009 0.081928305327892317 1.0836452245712282 0.87500000000000011 1.1558570861816408 1.5000000000000002 2.5000000000000004
decision_type=2 2 2 2 2 2 2 2 2 2 2 2 2 2 2 2 2 2 2 2
left_child=2 -2 -1 16 -5 6 7 8 -3 -9 11 -7 14 -14 -12 -13 17 18 -4 -19
right_child=1 5 3 4 -6 10 -8 9 -10 -11 12 15 13 -15 -16 -17 -18 19 -20 -21
leaf_value=0.0013687933028897132 0.0019206538743719646 -0.0023078771660510573 -0.00059419188624072023 -0.00055496161671185831 -0.0031546108162868766 -0.0038071605914491323 0.0044410528884397914 0.0035062278904577113 0.00048992049602881223 2.0962843541968549e-05 0.00084023938292812086 -0.0015235966774067779 -0.00047328965543562824 0.00018742516707370856 -0.0016152866455917349 0.00070006736493969355 0.0012183786112979493 -0.00064269735745619986 0.00063724017866155155 -0.0029954487847920781
leaf_weight=391 384 914 1380 572 500 302 496 312 1625 847 300 353 3868 16925 905 443 425 300 1399 301
leaf_count=391 384 914 1380 572 500 302 496 312 1625 847 300 353 3868 16925 905 443 425 300 1399 301
internal_value=-1.1283e-05 5.39486e-05 -0.00035396 -0.000492077 -0.00176748 2.76821e-05 0.000477154 -5.45106e-05 -0.000517243 0.000959188 -5.39374e-05 -0.00125452 5.988e-06 6.45163e-05 -0.00100395 -0.000286055 -0.00013275 -0.000302641 2.57338e-05 -0.00182103
internal_weight=32942 27674 5268 4877 1072 27290 4194 3698 2539 1159 23096 1098 21998 20793 1205 796 3805 3380 2779 601
internal_count=32942 27674 5268 4877 1072 27290 4194 3698 2539 1159 23096 1098 21998 20793 1205 796 3805 3380 2779 601
is_linear=0
shrinkage=0.12


Tree=179
num_leaves=18
num_cat=0
split_feature=48 27 21 54 68 60 50 50 48 27 32 18 68 48 22 40 53
split_gain=0.0424679 0.155962 0.110094 0.115516 0.142952 0.144637 0.106622 0.0993768 0.118886 0.105024 0.101795 0.213474 0.143742 0.112832 0.0822058 0.082178 0.0366446
threshold=1.4406250119209292 106.65378189086915 0.39499999582767492 0.48690423369407659 9.5000000000000018 5.1156251430511483 0.39099103212356573 0.45833140611648565 1.4781250357627871 63.623437881469734 0.27696627378463751 0.22812500596046451 5.5000000000000009 1.4906249642372134 5.1062917709350595 0.059528600424528129 0.078140601515769972
decision_type=2 2 2 2 2 2 2 2 2 2 2 2 2 2 2 2 2
left_child=1 2 -1 4 5 -4 -6 8 9 -2 11 -10 -13 -12 -11 -15 -16
right_child=7 -3 3 -5 6 -7 -8 -9 10 14 13 12 -14 15 16 -17 -18
leaf_value=0.0019141013223446237 -0.00023618305169466545 -0.0020853474665610506 -0.0010857213142864768 0.0020992069857605142 -2.2959442021912438e-05 0.00078463584576269696 0.0018446589853711034 -0.0013995049475792663 0.003267661092728265 0.00035606960128293618 -0.002193253458697279 -0.00066728189953759874 0.00076496308632683166 -0.0010580013997987035 0.0036276824252240579 5.5542910710419388e-05 0.001860281925376311
leaf_weight=389 504 579 3510 327 9747 717 461 598 376 341 373 1505 3062 1072 301 8695 385
leaf_count=389 504 579 3510 327 9747 717 461 598 376 341 373 1505 3062 1072 301 8695 385
internal_value=-9.92904e-06 -0.000152453 -7.85869e-05 -0.000131097 -0.000181621 -0.000768464 6.13834e-05 0.000120323 0.000175028 0.00118258 7.27563e-05 0.000519259 0.000292984 -0.000144903 0.00187883 -6.66768e-05 0.00263577
internal_weight=32942 15730 15151 14762 14435 4227 10208 17212 16614 1531 15083 4943 4567 10140 1027 9767 686
internal_count=32942 15730 15151 14762 14435 4227 10208 17212 16614 1531 15083 4943 4567 10140 1027 9767 686
is_linear=0
shrinkage=0.12


end of trees

feature_importances:
hz_drive=313
cs3_queue=188
soc_kwh=177
cs1_queue=123
e_margin_next_cs_wc=115
a_dwell_vs_cu1_drive=108
a_dwell_min=108
cs2_queue=105
cd_slack_after=102
cu1_drive=102
charge_time_to_full=101
cs2_soc_frac=97
hz_stops=97
legs_to_forced_break=87
e_needed_next_cs_wc=83
soc_at_next_cs_frac=80
cs3_soc_frac=80
cu1_open_slack=80
cd=79
a_cu1_slack_after=79
tod=78
cs2_drive=76
cs3_drive=75
cd_slack=70
cu2_drive=70
D_next=68
cu1_close_slack=68
queue_here=66
a_break_min=56
cu2_open_slack=55
sd=53
sd_slack_after=51
legs_to_forced_rest=50
cu2_close_slack=47
rho2_used=44
cs1_soc_frac=43
spread_slack2_after=38
sw=37
a_b45=37
sd_slack=35
cs1_drive=35
a_tauc_full=33
spread_h=32
a_resets_cd=32
soc_frac=31
a_rest_min=29
a_break_absorbable=25
phi=24
sw_slack=22
spread_slack1=21
hz_n_breaks=19
drive_to_next_cs=18
stops_to_next_cs=15
charge_rate_now_kw=11
e_nom_margin_next_cs=11
ext_shift_used=9
a_r2=8
spread_slack2=7
rho2_left=6
ext_left=6
E_next=6
a_residual_break=6
usable_kwh=5
cu1_rests_between=4
a_r1=4
D_next_wc=3
energy_to_next_cs=3
cu2_rests_between=3
hz_n_rests=3
a_b15=3
a_b30=3
must_charge=2
a_cu1_early=2
cs1_reach=1

parameters:
[boosting: gbdt]
[objective: huber]
[metric: huber]
[tree_learner: serial]
[device_type: cpu]
[data_sample_strategy: bagging]
[data: ]
[valid: ]
[num_iterations: 1200]
[learning_rate: 0.12]
[num_leaves: 63]
[num_threads: 0]
[seed: 2]
[deterministic: 0]
[force_col_wise: 0]
[force_row_wise: 0]
[histogram_pool_size: -1]
[max_depth: 6]
[min_data_in_leaf: 300]
[min_sum_hessian_in_leaf: 0.001]
[bagging_fraction: 0.8]
[pos_bagging_fraction: 1]
[neg_bagging_fraction: 1]
[bagging_freq: 5]
[bagging_seed: 29216]
[bagging_by_query: 0]
[feature_fraction: 0.8]
[feature_fraction_bynode: 1]
[feature_fraction_seed: 17795]
[extra_trees: 0]
[extra_seed: 19650]
[early_stopping_round: 0]
[early_stopping_min_delta: 0]
[first_metric_only: 0]
[max_delta_step: 0]
[lambda_l1: 0]
[lambda_l2: 0]
[linear_lambda: 0]
[min_gain_to_split: 0]
[drop_rate: 0.1]
[max_drop: 50]
[skip_drop: 0.5]
[xgboost_dart_mode: 0]
[uniform_drop: 0]
[drop_seed: 24198]
[top_rate: 0.2]
[other_rate: 0.1]
[min_data_per_group: 100]
[max_cat_threshold: 32]
[cat_l2: 10]
[cat_smooth: 10]
[max_cat_to_onehot: 4]
[top_k: 20]
[monotone_constraints: ]
[monotone_constraints_method: basic]
[monotone_penalty: 0]
[feature_contri: ]
[forcedsplits_filename: ]
[refit_decay_rate: 0.9]
[cegb_tradeoff: 1]
[cegb_penalty_split: 0]
[cegb_penalty_feature_lazy: ]
[cegb_penalty_feature_coupled: ]
[path_smooth: 0]
[interaction_constraints: ]
[verbosity: -1]
[saved_feature_importance_type: 0]
[use_quantized_grad: 0]
[num_grad_quant_bins: 4]
[quant_train_renew_leaf: 0]
[stochastic_rounding: 1]
[linear_tree: 0]
[max_bin: 255]
[max_bin_by_feature: ]
[min_data_in_bin: 3]
[bin_construct_sample_cnt: 200000]
[data_random_seed: 45]
[is_enable_sparse: 1]
[enable_bundle: 1]
[use_missing: 1]
[zero_as_missing: 0]
[feature_pre_filter: 1]
[pre_partition: 0]
[two_round: 0]
[header: 0]
[label_column: ]
[weight_column: ]
[group_column: ]
[ignore_column: ]
[categorical_feature: ]
[forcedbins_filename: ]
[precise_float_parser: 0]
[parser_config_file: ]
[objective_seed: 29484]
[num_class: 1]
[is_unbalance: 0]
[scale_pos_weight: 1]
[sigmoid: 1]
[boost_from_average: 1]
[reg_sqrt: 0]
[alpha: 0.9]
[fair_c: 1]
[poisson_max_delta_step: 0.7]
[tweedie_variance_power: 1.5]
[lambdarank_truncation_level: 30]
[lambdarank_norm: 1]
[label_gain: ]
[lambdarank_position_bias_regularization: 0]
[eval_at: ]
[multi_error_top_k: 1]
[auc_mu_weights: ]
[num_machines: 1]
[local_listen_port: 12400]
[time_out: 120]
[machine_list_filename: ]
[machines: ]
[gpu_platform_id: -1]
[gpu_device_id: -1]
[gpu_device_id_list: ]
[gpu_use_dp: 0]
[num_gpu: 1]

end of parameters

pandas_categorical:null
