tree
version=v4
num_class=1
num_tree_per_iteration=1
label_index=0
max_feature_idx=94
objective=huber
feature_names=t_elapsed tod soc_kwh soc_frac usable_kwh cd sd sw spread_h phi rho2_used ext_shift_used cd_slack sd_slack sw_slack spread_slack1 spread_slack2 rho2_left ext_left D_next E_next D_next_wc cd_slack_after sd_slack_after spread_slack2_after must_charge must_reset_cd must_rest e_needed_next_cs_wc e_margin_next_cs_wc stops_to_next_cs drive_to_next_cs energy_to_next_cs soc_at_next_cs_frac charge_time_to_full charge_rate_now_kw e_nom_margin_next_cs is_cs is_cust is_layby is_ferry queue_here service_here tw_early_slack tw_late_slack cs1_drive cs1_soc_frac cs1_queue cs1_reach cs2_drive cs2_soc_frac cs2_queue cs2_reach cs3_drive cs3_soc_frac cs3_queue cs3_reach cu1_drive cu1_open_slack cu1_close_slack cu1_rests_between cu2_drive cu2_open_slack cu2_close_slack cu2_rests_between hz_stops hz_drive hz_n_rests hz_n_breaks legs_to_forced_break legs_to_forced_rest stops_left drive_left energy_left cs_left cust_left route_frac_done a_y a_cu1_slack_after a_cu1_late a_cu1_early a_dwell_vs_cu1_drive a_b45 a_b15 a_b30 a_r1 a_r2 a_break_min a_rest_min a_dwell_min a_resets_cd a_resets_sd a_tauc_full a_break_absorbable a_residual_break
feature_infos=[0.67909997701644897:149.95719909667969] [0.0034000000450760126:23.99799919128418] [100.12000274658203:447.79998779296875] [0.20024000108242035:0.89560002088546753] [0.11999999731779099:347.79998779296875] [0.00559999980032444:4.4987998008728027] [0.00559999980032444:9.930999755859375] [0.00559999980032444:12.949299812316895] [0.0055900001898407936:14.426594734191895] [0:1] [0:3] [0:2] [0.0012000000569969416:4.4944000244140625] [0.068999998271465302:9.9944000244140625] [-3.9493000507354736:8.9944000244140625] [-1.4265949726104736:12.994409561157227] [0.57340502738952637:14.994409561157227] [0:3] [0:2] [0.0062500000931322575:0.5] [0.6147192120552063:49.177536010742188] [0.0062500000931322575:0.5] [-0.27950000762939453:4.4177498817443848] [-0.35280001163482666:9.917750358581543] [0.22340500354766846:14.917792320251465] [0:1] none none [0.6147192120552063:191.17767333984375] [-170.46328735351562:320.76705932617188] [1:10] [0.0062500000931322575:1.9437500238418579] [0.6147192120552063:191.17767333984375] [-0.14092656970024109:0.84153413772583008] [0.26100000739097595:1.3567999601364136] [200:350] [-170.46328735351562:320.76705932617188] none none none none [0.0080474168062210083:2.6392827033996582] none none none [-1:1.9437500238418579] [-1:0.84153413772583008] [-1:2.6392827033996582] [0:1] [-1:2.6812500953674316] [-1:0.6977347731590271] [-1:2.6392827033996582] [0:1] [-1:3.3937499523162842] [-1:0.52483320236206055] [-1:2.6392827033996582] [0:1] [-1:33.787498474121094] [-95.66094970703125:13.617472648620605] [-11.82182502746582:19999998] [0:3] [-1:37.3125] [-95.81719970703125:13.842320442199707] [-11.345075607299805:19999998] [0:4] [1:55] [0.30000001192092896:12.856249809265137] [0:2] [0:3] [0:99] [0:99] [1:187] [0.30000001192092896:49.650001525878906] [29.506521224975586:4883.3291015625] [0:65] [0:15] [0.014880952425301075:0.99400299787521362] none [-22.2108154296875:19999998] [0:1] [0:1] [0:246.31828308105469] [0:1] [0:1] [0:1] [0:1] [0:1] [0:0.75] [0:11] [0:11] [0:1] [0:1] [0.26100000739097595:1.3567999601364136] [0:1] [0:0.48899999260902405]
tree_sizes=3911 4372 4089 4510 4240 4460 4190 4454 4181 4222 4115 4303 4401 4589 4256 4111 4343 4442 4408 4596 4351 4431 4054 3599 3682 4247 4171 4163 3709 3790 2492 2217 2403 2223 1757 2496 2388 3614 2330 3812 4561 3429 3254 2499 1376 1910 2005 2230 1748 2778 2841 4179 3811 2238 4385 2033 1931 2185 1746 1937 2680 1835 1850 2139 3131 1363 3865 1288 1556 2381 2497 3233 2135 3712 2693 1853 3139 1760 1561 2401 1355 1265 2401 3504 1368 1441 1939 1841 4156 1447 3148 1273 2119 2312 2325 3046 3070 2772 2953 2597 2214 2656 2238 1842 3596 1840 2956 2684 2765 1558 1915 1822 3439 2116 2701 2780 2042 2135 2319 1563 2759 2845 2004 3249 1849 2767 2502 2687 1758 2575 3132 1181 1395 2399 1937 1367 2689 2498 1547 3168 3550 3450 2402 3511 3055 2292 1748 2314 1649 3244 1732 2401 1740 2036 2318 1374 2397 1642 2775 3715 1918 2052 1935 1642 2696 2112 2493 2327 2387 2043 1749 1642 2217 2487 1835 2308 1464 4769 1569 2136 1667 3048 2016 2388 1661 2309 2686 1933 2021 2020 1175 1918 1460 2410 1461 2585 1750 2578 3812 2099 1944 2213 3155 2124 2213 2293 2018 2037 1952 3722 2413 1669 2240 2674 2133 1665 2225 2102 2863 3047 2308 2580 2875 2875 2026 2046 1171 2025 1367 2329 1651

Tree=0
num_leaves=43
num_cat=0
split_feature=3 87 3 3 87 72 89 69 72 84 89 3 3 84 3 0 72 69 47 72 3 72 88 3 72 89 72 69 89 5 3 3 72 69 35 31 72 3 20 72 3 45
split_gain=1246.92 411.23 249.986 141.788 229.63 107.594 94.5833 50.7425 34.678 28.2824 24.3857 23.3035 12.683 11.4013 10.0027 9.20653 9.66941 8.86376 6.67017 4.9731 4.08709 3.42767 3.42305 2.27072 2.15553 1.64623 1.31288 1.23442 1.14899 1.13787 0.877302 0.802635 0.714767 0.499173 0.399122 0.39091 0.210153 0.10101 0.0908647 0.0847348 0.0517465 0.0153932
threshold=0.5494000017642976 0.62500000000000011 0.40595999360084539 0.62516999244689953 0.37500000000000006 2.9718749523162846 0.37500000000000006 11.500000000000002 2.8156249523162846 1.0000000180025095e-35 0.37500000000000006 0.30234999954700476 0.48812998831272131 1.0000000180025095e-35 0.40065000951290136 67.953701019287124 1.5937500000000002 13.500000000000002 0.019481053575873378 3.1156250238418584 0.71893000602722179 4.2281248569488534 1.0000000180025095e-35 0.24740999937057498 2.8906250000000004 0.62500000000000011 1.3937500119209292 12.500000000000002 0.37500000000000006 0.93680000305175792 0.59839001297950756 0.45926000177860266 6.4281251430511483 21.500000000000004 238.27143096923831 0.72187501192092907 6.6656248569488534 0.51145997643470775 29.404067993164066 3.5781250000000004 0.61098998785018932 0.69687500596046459
decision_type=2 2 2 2 2 2 2 2 2 2 2 2 2 2 2 2 2 2 2 2 2 2 2 2 2 2 2 2 2 2 2 2 2 2 2 2 2 2 2 2 2 2
left_child=1 2 5 4 22 15 7 -7 18 20 17 -8 -12 40 19 16 -1 -10 -4 -3 25 -21 24 -23 -2 29 -16 -26 -20 -5 33 38 -27 -24 39 -32 -36 -33 -28 -22 41 -6
right_child=3 14 8 9 13 6 11 -9 10 -11 12 -13 -14 -15 26 -17 -18 -19 28 21 34 23 30 -25 27 32 31 -29 -30 -31 35 37 -34 -35 36 -37 -38 -39 -40 -41 -42 -43
leaf_value=0.4716215772776608 0.46742872008640507 0.52700987787129516 0.48700515839747782 0.47249456971493287 0.52654379171010612 0.50323735252853485 0.53989810585202724 0.5258018879198042 0.4866775871907974 0.49871719551980653 0.50639505048471833 0.52391414933786384 0.4943053904234892 0.50222336328060357 0.52221244521696886 0.50017549610982837 0.49384673272677465 0.49676607521226324 0.46777264453048212 0.55141653499925047 0.4667086459871792 0.54425481018344946 0.48424367043283045 0.53673296484611166 0.47451459623697939 0.47129284553533979 0.53343373760876678 0.47935811063455014 0.47534448364844667 0.46891089004761766 0.47586226788096986 0.52976209247202355 0.47423826595524232 0.47880881386419727 0.4677550937461139 0.48115262072069659 0.47019459586189799 0.52827931781114601 0.5310827574655963 0.46811049350698203 0.52541134765574571 0.52731746468303886
leaf_weight=728 420 533 539 2366 618 5271 2181 1972 4797 533 2547 3302 2453 320 316 463 460 1698 696 313 733 731 1204 2760 1768 1604 894 1326 493 2769 445 1464 4557 305 650 367 2336 1207 322 4060 361 924
leaf_count=728 420 533 539 2366 618 5271 2181 1972 4797 533 2547 3302 2453 320 316 463 460 1698 696 313 733 731 1204 2760 1768 1604 894 1326 493 2769 445 1464 4557 305 650 367 2336 1207 322 4060 361 924
internal_value=0.496133 0.510811 0.50369 0.47696 0.490361 0.514643 0.518382 0.509381 0.491782 0.471453 0.494164 0.530272 0.500464 0.523181 0.533823 0.485821 0.480227 0.489315 0.475932 0.537866 0.470691 0.539387 0.477857 0.538308 0.475495 0.472149 0.529651 0.47659 0.470912 0.470562 0.481434 0.530256 0.473471 0.483145 0.468575 0.478253 0.469664 0.529092 0.532811 0.467896 0.526705 0.527007
internal_weight=63806 36140 27600 27666 8058 14377 12726 7243 13223 19608 11495 5483 5000 2223 8540 1651 1188 6495 1728 4337 19075 3804 5835 3491 3514 11296 4203 3094 1189 5135 2321 3887 6161 1509 7779 812 2986 2671 1216 4793 1903 1542
internal_count=63806 36140 27600 27666 8058 14377 12726 7243 13223 19608 11495 5483 5000 2223 8540 1651 1188 6495 1728 4337 19075 3804 5835 3491 3514 11296 4203 3094 1189 5135 2321 3887 6161 1509 7779 812 2986 2671 1216 4793 1903 1542
is_linear=0
shrinkage=1


Tree=1
num_leaves=46
num_cat=0
split_feature=34 87 2 2 87 73 90 69 66 90 84 2 2 2 84 2 10 66 46 2 55 66 55 66 34 90 2 90 90 5 90 90 55 2 91 66 55 35 55 86 34 12 66 34 55
split_gain=967.809 310.187 191.254 115.626 187.518 79.5935 65.5776 39.3961 32.5821 25.8718 21.9019 16.4306 13.2884 10.4587 9.47428 7.83863 7.77205 5.29168 5.0489 3.16504 3.11682 3.00301 2.90328 1.91748 1.84147 1.78495 1.29546 1.29037 1.20022 1.12422 0.993673 0.847623 0.814423 0.791954 0.729483 0.6601 0.334825 0.31002 0.275766 0.237807 0.193531 0.166135 0.0773409 0.0447996 0.0164618
threshold=0.86377140879631054 0.62500000000000011 191.74500274658206 312.58499145507818 0.37500000000000006 276.93098449707037 1.0000000180025095e-35 10.500000000000002 3.0031249523162846 1.0000000180025095e-35 1.0000000180025095e-35 228.37500000000003 141.1350021362305 236.00000000000003 1.0000000180025095e-35 173.81500244140628 2.5000000000000004 1.6062499880790713 0.26098796725273138 359.46501159667974 0.099681641906499877 3.0781250000000004 0.092924874275922789 1.0687500238418581 1.0291571617126467 1.0000000180025095e-35 120.0900001525879 1.0000000180025095e-35 1.0000000180025095e-35 0.88945001363754284 1.0000000180025095e-35 1.0000000180025095e-35 0.024455324746668342 283.30499267578131 1.0000000180025095e-35 7.6906249523162851 0.11823612079024316 269.44999694824224 0.078295916318893446 1.0000000180025095e-35 0.94484284520149242 3.6739999055862431 3.5781250000000004 0.76879999041557323 0.074010811746120467
decision_type=2 2 2 2 2 2 2 2 2 2 2 2 2 2 2 2 2 2 2 2 2 2 2 2 2 2 2 2 2 2 2 2 2 2 2 2 2 2 2 2 2 2 2 2 2
left_child=3 2 5 4 20 16 7 -7 18 13 19 -11 -8 -10 43 21 17 -2 27 22 30 -3 34 -17 40 29 36 -4 -20 -22 32 -24 -1 -27 -5 -28 -23 42 -26 -32 -25 -39 -21 -6 -45
right_child=1 15 8 10 14 6 12 -9 9 11 -12 -13 -14 -15 -16 23 -18 -19 28 37 25 26 31 24 38 33 35 -29 -30 -31 39 -33 -34 -35 -36 -37 -38 41 -40 -41 -42 -43 -44 44 -46
leaf_value=-0.025202527657401729 -0.023317772130962061 0.027412783248083931 -0.013969741584586847 -0.023937543346982476 0.025699900270035835 0.0070301510371930352 0.040013938733015765 0.027832502327432649 -0.00011088614527494897 0.014193171551463896 0.0022852687279328594 0.00084424932718356002 0.026924284496291136 -0.0092141182488153714 0.0053565260864336757 0.021452590576964598 0.0037736035229856829 -0.0041027293256788609 -0.024666669568839148 -0.025886396160373439 -0.0094415744072841312 0.041250726987819862 -0.020796264877690283 0.028638731497969722 0.031471601419490229 -0.0060020614415136446 0.042003640897238431 -0.0041383563190186034 -0.017006789043369379 -0.017033437431904899 -0.013855066611068299 -0.017859257707278548 -0.019234282669688886 -0.012199878602119199 -0.020945808128928618 0.036759459719265974 0.046562240173926163 -0.024086721259360476 0.034810479972570967 -0.017586440960771287 0.030489100968290307 -0.022165460215913039 -0.024582993161030166 0.02662484508030713 0.027453170876426791
leaf_weight=461 578 315 382 3910 339 4470 1763 1855 3530 2181 533 3394 3047 3746 342 307 393 321 703 770 334 303 2590 1841 461 430 469 387 507 1766 391 3119 1152 959 1677 1314 392 1359 1567 663 1459 1239 4411 487 1189
leaf_count=461 578 315 382 3910 339 4470 1763 1855 3530 2181 533 3394 3047 3746 342 307 393 321 703 770 334 303 2590 1841 461 430 469 387 507 1766 391 3119 1152 959 1677 1314 392 1359 1567 663 1459 1239 4411 487 1189
internal_value=1.13615e-05 0.0131309 0.00690969 -0.016637 -0.00495903 0.0178905 0.0211618 0.0131311 -0.00229184 -8.45713e-05 -0.0217072 0.00606649 0.031722 -0.00479762 0.0238236 0.0332508 -0.0103031 -0.0164568 -0.0166251 -0.0223776 -0.0159793 0.038449 -0.0210948 0.0306743 0.0312057 -0.0136185 0.0398519 -0.00902209 -0.0214571 -0.015826 -0.0190676 -0.0191917 -0.02094 -0.0102812 -0.0230395 0.0381389 0.0442466 -0.0242403 0.0340515 -0.0162022 0.0294568 -0.0231705 -0.0247767 0.026958 0.0272125
internal_weight=63806 35685 27257 28121 8513 12427 11135 6325 14830 12851 19608 5575 4810 7276 2357 8428 1292 899 1979 19075 6156 2793 11296 5635 5328 3489 2478 769 1210 2100 2667 5709 1613 1389 5587 1783 695 7779 2028 1054 3300 2598 5181 2015 1676
internal_count=63806 35685 27257 28121 8513 12427 11135 6325 14830 12851 19608 5575 4810 7276 2357 8428 1292 899 1979 19075 6156 2793 11296 5635 5328 3489 2478 769 1210 2100 2667 5709 1613 1389 5587 1783 695 7779 2028 1054 3300 2598 5181 2015 1676
is_linear=0
shrinkage=0.12


Tree=2
num_leaves=43
num_cat=0
split_feature=2 87 2 87 34 72 72 88 88 69 84 34 69 82 82 76 55 88 2 34 2 2 2 72 55 88 49 66 76 88 55 55 34 88 22 88 34 66 48 50 2 50
split_gain=750.082 192.305 134.308 201.827 114.253 48.0922 36.1329 30.6244 24.8243 20.333 16.9608 15.6211 14.788 9.79121 9.61195 7.04216 5.49634 5.12386 4.78547 4.7184 4.21077 3.05155 2.45104 2.35558 2.29888 1.55853 1.43643 1.35596 1.13667 1.10536 1.38773 1.02277 0.974774 0.80692 0.717361 0.53801 0.281219 0.246177 0.188933 0.132099 0.0759661 0.0292091
threshold=258.05999755859381 0.37500000000000006 312.58499145507818 0.37500000000000006 1.146814286708832 3.2062500715255742 3.0406249761581425 1.0000000180025095e-35 1.0000000180025095e-35 12.500000000000002 1.0000000180025095e-35 1.0394142866134646 12.500000000000002 1.0000000180025095e-35 1.0000000180025095e-35 0.96917188167572033 0.07485047355294229 1.0000000180025095e-35 173.81500244140628 1.1076857447624209 131.72500610351565 283.30499267578131 357.99501037597662 3.2062500715255742 0.090546246618032469 1.0000000180025095e-35 0.57187500596046459 3.3437500000000004 0.6667085886001588 10.000000000000002 0.024455324746668342 0.094398576766252532 1.0291571617126467 1.0000000180025095e-35 3.352837443351746 1.0000000180025095e-35 0.49654999375343328 6.6781251430511483 1.0000000180025095e-35 0.17594388872385028 283.30499267578131 0.47054274380207067
decision_type=2 2 2 2 2 2 2 2 2 2 2 2 2 2 2 2 2 2 2 2 2 2 2 2 2 2 2 2 2 2 2 2 2 2 2 2 2 2 2 2 2 2
left_child=1 4 3 16 6 17 15 9 12 -7 22 -10 -8 -5 19 26 29 -6 23 31 -9 25 24 -16 35 -18 -1 38 -25 30 -2 -3 -29 -23 -26 -4 41 -38 -20 -15 -41 -24
right_child=2 14 10 13 5 7 8 20 11 -11 -12 -13 -14 39 18 -17 21 -19 27 -21 -22 33 36 28 34 -27 -28 32 -30 -31 -32 -33 -34 -35 -36 -37 37 -39 -40 40 -42 -43
leaf_value=-0.020122940977534743 -0.022068768181417085 0.0071063548961126446 -0.021094674742179093 0.0060322186619521595 -0.01354429427082984 0.010893352258556388 -0.004525750173965829 0.036428310536073642 0.003821878733329251 0.029832529129265848 0.0020110364952500327 0.017340244866131282 0.0073845724644380035 0.021543551221782083 0.024490137316963888 -0.0016579981517568765 -0.010450785773339506 0.0038704976627979282 0.020500637889972754 0.027011024579641735 0.027296466741477739 -0.015297191202344447 -0.021035641526901409 0.033477075519957072 -0.017965884085474251 -0.0052810029689630564 -0.010839298484008759 0.026615303196408133 0.039161753106784152 -0.011654181551989344 -0.01592580271016868 0.016178545424050384 0.030380300595137563 -0.01122425488694021 -0.015218464896148247 -0.018480412978813959 -0.022122707727713187 -0.020117281144302487 0.024468059220762225 0.024822642588128482 0.023544056185497129 -0.022202442009025273
leaf_weight=1200 876 307 3770 518 586 3422 5328 1239 2796 1072 533 2199 2090 306 341 487 2105 416 315 560 1760 1730 342 1737 3362 1397 300 2074 715 422 1339 429 1895 1177 2308 1621 1207 3268 383 1322 1355 3197
leaf_count=1200 876 307 3770 518 586 3422 5328 1239 2796 1072 533 2199 2090 306 341 487 2105 416 315 560 1760 1730 342 1737 3362 1397 300 2074 715 422 1339 429 1895 1177 2308 1621 1207 3268 383 1322 1355 3197
internal_value=9.998e-06 0.013124 -0.0128985 -0.0032033 0.00733951 0.0183764 0.000828539 0.0216781 0.00323352 0.0154111 -0.0191023 0.00977321 -0.00117005 0.021261 0.0282492 -0.0141957 -0.0126715 -0.0063142 0.0299063 0.0187102 0.0310692 -0.0107742 -0.0196923 0.0338351 -0.0185344 -0.00838848 -0.0182662 0.0275551 0.0351347 -0.0172829 -0.0183553 0.0123944 0.0284129 -0.0136481 -0.0168475 -0.0203086 -0.0212903 -0.0206582 0.0226776 0.0239055 0.0241755 -0.0220897
internal_weight=63806 31651 32155 12547 22895 8495 14400 7493 12413 4494 19608 4995 7418 3501 8756 1987 9046 1002 7460 1296 2999 6409 19075 2793 11061 3502 1500 4667 2452 2637 2215 736 3969 2907 5670 5391 8014 4475 698 2983 2677 3539
internal_count=63806 31651 32155 12547 22895 8495 14400 7493 12413 4494 19608 4995 7418 3501 8756 1987 9046 1002 7460 1296 2999 6409 19075 2793 11061 3502 1500 4667 2452 2637 2215 736 3969 2907 5670 5391 8014 4475 698 2983 2677 3539
is_linear=0
shrinkage=0.12


Tree=3
num_leaves=48
num_cat=0
split_feature=34 89 2 87 66 82 2 46 66 69 66 34 84 34 81 82 55 2 0 2 46 66 8 34 86 66 5 66 66 35 70 55 22 66 85 66 89 89 89 55 1 66 65 2 65 34 89
split_gain=582.428 144.83 111.562 165.843 50.1371 46.4682 48.5737 38.8517 26.9009 15.754 15.2408 14.1959 13.1345 10.007 8.41034 7.99001 4.76579 4.3823 4.09924 3.78145 3.56003 3.46483 3.23335 2.87308 2.47563 2.43897 2.32748 2.04328 2.35674 1.90494 1.82773 1.79022 1.66097 1.45141 0.934507 1.017 0.845356 0.676513 0.648281 0.42494 0.374382 0.184952 0.132797 0.114313 0.157446 0.0804144 0.022033
threshold=0.91424286365509044 0.37500000000000006 312.58499145507818 0.37500000000000006 4.8093750476837167 1.0000000180025095e-35 175.87500000000003 0.1205008700489998 2.3031250238418584 11.500000000000002 2.5781250000000004 1.0250857472419741 1.0000000180025095e-35 1.0502571463584902 0.13493255525827411 1.0000000180025095e-35 0.067673232406377806 127.45000076293947 56.359949111938484 127.45000076293947 0.1637094244360924 10.957291603088381 2.6352994441986088 0.8391999900341035 1.0000000180025095e-35 3.7156250476837163 2.6976499557495122 3.3437500000000004 4.1687500476837167 337.67857360839849 19.500000000000004 0.12505184859037402 3.1575833559036259 3.4593750238418584 1.0000000180025095e-35 2.7843749523162846 4.8750000000000009 0.62500000000000011 4.8750000000000009 0.085860423743724837 11.525599956512453 0.86875000596046459 7.5000000000000009 405.12500000000006 23.500000000000004 0.81524285674095165 0.62500000000000011
decision_type=2 2 2 2 2 2 2 2 2 2 2 2 2 2 2 2 2 2 2 2 2 2 2 2 2 2 2 2 2 2 2 2 2 2 2 2 2 2 2 2 2 2 2 2 2 2 2
left_child=2 4 3 16 18 6 8 21 -3 14 24 -11 29 -12 -9 -5 34 -10 22 39 -20 30 -2 36 -8 -24 -23 41 -29 43 -6 38 -25 -22 35 -1 -18 -33 -31 -7 -41 -21 -17 44 -4 -44 -45
right_child=1 5 12 15 7 19 10 9 17 11 13 -13 -14 -15 -16 42 23 -19 20 27 33 26 25 32 -26 -27 -28 28 -30 31 -32 37 -34 -35 -36 -37 -38 -39 -40 40 -42 -43 45 46 -46 -47 -48
leaf_value=-0.019558885516789536 -0.0036709145595319567 -0.010146271373689321 -0.019718794306090557 0.0054274538765493466 0.032118904696550619 0.029691127833810824 -0.0021820300555025992 0.0055553196225012107 0.032702256409436158 4.159979303744556e-05 0.0052524642626464611 0.017309429330095227 0.0017697120275641976 0.015747774271539561 -0.0038937276992908848 0.018756155388695853 -0.01347595145613891 0.024019715923608572 0.0020578389333284972 0.017822631475014179 -0.017514623425870894 0.02433569224191005 -0.020000326424849366 -0.0081297500280757499 -0.015476435896935327 -0.0084589930424879434 0.010088361437122027 0.036573026589802562 0.025657823327055955 -0.018232331106137301 0.021538512216228517 -0.016139571455360768 -0.0010283999837702141 -0.0061694984688885138 -0.010204402362279033 -0.014178671099621749 -0.0095850340743173033 -0.01316557949346415 -0.015877412971047191 0.038156878625919453 0.03247441958452834 0.021396208920046709 0.020501111341580735 -0.019879675772033117 -0.018017964789974108 0.02182274648657908 -0.019218544499066837
leaf_weight=879 300 303 1124 549 583 309 462 2150 1286 1136 3179 1729 533 2223 3675 315 2006 2398 479 312 310 305 1140 3369 358 343 360 302 5015 5610 394 2025 552 341 412 1192 1342 2415 2405 307 366 629 1031 1403 2589 1857 1504
leaf_count=879 300 303 1124 549 583 309 462 2150 1286 1136 3179 1729 533 2223 3675 315 2006 2398 479 312 310 305 1140 3369 358 343 360 302 5015 5610 394 2025 552 341 412 1192 1342 2415 2405 307 366 629 1031 1403 2589 1857 1504
internal_value=8.79837e-06 0.0119168 -0.0110296 -0.00263631 0.00245562 0.0190984 0.0138835 0.00637587 0.0242237 0.00317719 0.00725751 0.0104626 -0.01681 0.00957143 -0.000406096 0.0188031 -0.010885 0.0270506 -0.0114489 0.026452 -0.00579436 0.0233043 -0.0150326 -0.00933453 -0.00798617 -0.017331 0.0166229 0.0253656 0.0262778 -0.0173292 0.0278521 -0.0164549 -0.00713002 -0.0115719 -0.0154239 -0.0164622 -0.0119163 -0.014522 -0.0175257 0.0333751 0.0350666 0.0202113 0.0210957 -0.0189741 -0.0185328 0.0213509 -0.0195376
internal_weight=63806 30694 33112 13504 13245 17449 10209 10332 3987 8690 6222 2865 19608 5402 5825 3752 9752 3684 2913 7240 1130 1642 1783 7269 820 1483 665 6258 5317 19075 977 12455 3921 651 2483 2071 3348 4440 8015 982 673 941 3203 6620 3713 2888 2907
internal_count=63806 30694 33112 13504 13245 17449 10209 10332 3987 8690 6222 2865 19608 5402 5825 3752 9752 3684 2913 7240 1130 1642 1783 7269 820 1483 665 6258 5317 19075 977 12455 3921 651 2483 2071 3348 4440 8015 982 673 941 3203 6620 3713 2888 2907
is_linear=0
shrinkage=0.12


Tree=4
num_leaves=45
num_cat=0
split_feature=34 2 87 89 72 87 66 34 33 69 84 84 2 76 72 72 72 2 69 22 2 0 86 72 34 2 5 66 72 76 2 34 89 66 47 33 69 89 51 0 45 2 0 69
split_gain=454.752 103.285 150.05 100.111 38.8979 27.8823 32.2346 28.8128 25.8017 12.5346 10.1713 6.66047 6.62016 6.575 6.03185 4.35559 4.47288 4.35165 4.05599 4.36502 3.4818 3.2467 3.12156 3.10906 2.57547 1.57731 1.49263 1.11692 0.836536 0.804018 0.776345 0.534232 0.496561 0.392295 0.306265 0.301631 0.299288 0.187312 0.170927 0.156181 0.115735 0.0680255 0.0527069 0.0391038
threshold=0.94214287400245678 312.58499145507818 0.37500000000000006 0.37500000000000006 4.8281250000000009 0.62500000000000011 2.3031250238418584 1.1385428309440615 0.14197479933500293 11.500000000000002 1.0000000180025095e-35 1.0000000180025095e-35 193.89499664306643 0.74650275707244884 4.0906250476837167 3.0406249761581425 3.9781249761581425 284.50999450683599 9.5000000000000018 0.57591664791107189 131.72500610351565 96.25205230712892 1.0000000180025095e-35 3.8031250238418584 1.2110142707824709 346.83000183105474 1.7296000123023989 3.3437500000000004 6.1156251430511483 0.94911468029022228 206.93499755859378 1.3026428222656252 0.62500000000000011 4.0468750000000009 0.045506136491894729 0.63854390382766735 7.5000000000000009 0.62500000000000011 0.097624164074659361 32.356449127197273 0.69687500596046459 280.99000549316412 54.343549728393562 27.500000000000004
decision_type=2 2 2 2 2 2 2 2 2 2 2 2 2 2 2 2 2 2 2 2 2 2 2 2 2 2 2 2 2 2 2 2 2 2 2 2 2 2 2 2 2 2 2 2
left_child=1 2 15 4 21 6 22 14 18 13 25 34 -11 -10 -8 29 -17 -18 19 -6 -9 23 -5 26 27 28 -2 42 33 40 -29 38 -30 -3 -4 37 -13 -27 -26 -33 -1 -36 -7 -37
right_child=3 10 11 5 8 24 7 20 9 12 -12 36 -14 -15 -16 16 17 -19 -20 -21 -22 -23 -24 -25 31 35 -28 30 32 -31 -32 39 -34 -35 41 43 -38 -39 -40 -41 -42 -43 -44 -45
leaf_value=-0.015578244519294274 -0.0068087868762283935 -0.014625481937656877 0.014943764971034361 -0.00097527480281295656 0.027161922813838588 0.018836936176916876 0.022947869182485821 0.028374990548443786 -0.0016394071514408083 0.017246445420300901 0.0015573465876197389 0.0084142070145526889 0.0046285854801625158 0.010961434363560887 0.0081586782016929878 0.005614816387310287 -0.0067417202672567485 -0.011974460400373751 0.027220677597553634 0.01166252529723286 0.020849972245678344 -0.0011331216469854832 -0.014658242383980521 -0.0035692497437639758 0.023678323384877794 -0.016429763460780771 -0.016087427280241477 0.024423252385656284 -0.014538012195992883 -0.011153868743758491 0.02104576451251014 0.028445431465630999 -0.012457005819228532 -0.017825543065842726 0.019355433993875668 -0.01686361591910724 0.0033316277418019196 -0.015070903125996092 0.026961878927286007 0.03200350274527794 -0.018255492545354943 0.018288410168616369 0.016776435412097685 -0.017822097778907586
leaf_weight=389 309 1200 303 527 345 436 439 1442 4273 1151 533 308 1248 693 4163 329 6424 3555 592 1083 2294 520 441 512 333 2746 1300 2433 3038 476 1641 364 3617 1021 2099 3593 364 3121 726 347 578 1458 303 739
leaf_count=389 309 1200 303 527 345 436 439 1442 4273 1151 533 308 1248 693 4163 329 6424 3555 592 1083 2294 520 441 512 333 2746 1300 2433 3038 476 1641 364 3617 1021 2099 3593 364 3121 726 347 578 1458 303 739
internal_value=7.74255e-06 -0.00892663 -0.00186254 0.0114949 0.00323466 0.0177468 0.0135189 0.0159253 0.00685501 0.00355984 -0.0147928 0.0166866 0.0106824 0.000119027 0.00956947 -0.00901639 -0.00815199 -0.00860587 0.0188693 0.0154071 0.0237544 -0.00963054 -0.00720894 -0.0117138 0.0237236 -0.0152497 -0.0143055 0.0222842 -0.01408 -0.0151912 0.0230628 0.0276376 -0.013407 -0.0160966 0.0186061 -0.0162677 0.00566114 -0.0157069 0.0259294 0.0301819 -0.0171785 0.0189181 0.0179921 -0.0170271
internal_weight=63806 35891 16283 27915 12026 15889 9306 8338 9385 7365 19608 4532 2399 4966 4602 11751 10308 9979 2020 1428 3736 2641 968 2121 6583 19075 1609 4813 8876 1443 4074 1770 6655 2221 3860 10199 672 5867 1059 711 967 3557 739 4332
internal_count=63806 35891 16283 27915 12026 15889 9306 8338 9385 7365 19608 4532 2399 4966 4602 11751 10308 9979 2020 1428 3736 2641 968 2121 6583 19075 1609 4813 8876 1443 4074 1770 6655 2221 3860 10199 672 5867 1059 711 967 3557 739 4332
is_linear=0
shrinkage=0.12


Tree=5
num_leaves=47
num_cat=0
split_feature=2 92 87 89 66 73 2 2 82 82 66 84 73 69 66 66 55 8 82 81 92 2 92 55 0 86 0 69 92 55 89 73 76 55 66 0 22 92 89 92 46 81 50 46 66 76
split_gain=352.794 86.0243 126.084 71.9454 26.8799 21.8189 19.0466 18.7825 13.2635 12.0893 8.07376 7.6862 6.31647 5.88798 5.82911 7.90943 5.77932 5.32533 5.31937 4.14025 3.68173 3.467 3.19772 3.08233 2.82691 2.55344 2.42186 1.4425 1.26839 1.42629 1.20453 1.06154 1.05258 0.872057 0.698941 0.669156 0.54981 0.350981 0.350233 0.240727 0.233169 0.149142 0.156296 0.0858392 0.0826383 0.0465261
threshold=239.97499847412112 0.751528561115265 0.37500000000000006 0.37500000000000006 4.8093750476837167 265.86604309082037 175.87500000000003 174.81500244140628 1.0000000180025095e-35 1.0000000180025095e-35 10.776041507720949 1.0000000180025095e-35 402.33372497558599 8.5000000000000018 4.0468750000000009 3.4593750238418584 0.092924874275922789 1.8488699793815615 1.0000000180025095e-35 0.15304873138666156 1.2540714144706728 268.52499389648443 1.0250857472419741 0.10505758225917818 9.3554000854492205 1.0000000180025095e-35 53.138801574707038 11.500000000000002 0.61994287371635448 0.079867165535688414 4.8750000000000009 100.19923019409181 0.85311087965965282 0.19072066992521289 4.5593750476837167 58.143550872802741 3.3848625421524052 0.86377140879631054 4.8750000000000009 1.0394142866134646 0.29090571403503424 0.74040591716766369 0.47054274380207067 0.37390649318695074 3.5781250000000004 0.95504236221313488
decision_type=2 2 2 2 2 2 2 2 2 2 2 2 2 2 2 2 2 2 2 2 2 2 2 2 2 2 2 2 2 2 2 2 2 2 2 2 2 2 2 2 2 2 2 2 2 2
left_child=3 11 16 4 20 9 14 10 12 25 24 28 -8 19 15 -7 30 -12 37 -9 26 27 -15 -16 -6 -5 32 -18 41 38 34 -28 -1 -23 -3 -32 -31 -4 -30 -10 -20 44 -43 -42 -2 -11
right_child=1 2 18 5 7 6 8 13 39 45 17 -13 -14 22 23 -17 21 -19 40 -21 -22 33 -24 -25 -26 -27 31 -29 29 36 35 -33 -34 -35 -36 -37 -38 -39 -40 -41 43 42 -44 -45 -46 -47
leaf_value=-0.0097632185466512891 -0.01574517226577548 -0.015038489378243331 0.0026877598622226501 0.00020335465015324425 0.0077452371118020939 0.0212739518256954 0.024115336098924096 0.0027850959554948616 0.018351538596937951 0.016574227153902225 0.021648034384662781 0.0013089858292412936 0.0077316700199222335 0.00022774514066209271 0.017408149784804493 0.046869257397594906 -0.0050620723454994241 0.0048012740055699693 0.013409819254447454 -0.007938086092052982 0.0037515576490036707 -0.0096207905928214956 0.008608004690775389 0.023269514670010975 0.019787245167982762 -0.012089629415013304 0.00069172028612518154 -0.00031873743791365259 -0.014760705628862633 -0.012197726839493233 -0.0099840388133711471 -0.0079818916571178077 -0.017027285375413686 -0.0061112527302586194 -0.011134140256960922 -0.0047832376465625466 -0.0099174140711066495 0.0079467425345684638 -0.012528444761849299 0.020539765168464414 0.017648818955255562 -0.012213491769528803 -0.014471855704613588 0.016462973114961848 -0.014559172084718129 0.014542100723259725
leaf_weight=574 1013 1052 333 523 337 388 371 899 1267 338 316 532 3911 1138 2024 315 2235 1864 301 1225 340 2374 1547 3572 1681 455 302 1573 3279 4009 1416 621 575 1787 1773 476 2455 405 1464 1689 1351 766 1041 2516 5132 312
leaf_count=574 1013 1052 333 523 337 388 371 899 1267 338 316 532 3911 1138 2024 315 2235 1864 301 1225 340 2374 1547 3572 1681 455 302 1573 3279 4009 1416 621 575 1787 1773 476 2455 405 1464 1689 1351 766 1041 2516 5132 312
internal_value=6.06957e-05 -0.0074704 -0.00137204 0.0106228 0.0034286 0.0160398 0.0176183 0.00644146 0.0134192 0.00291449 0.0123065 -0.0129187 0.00915118 0.00132156 0.0224434 0.0327427 -0.00768967 0.00724328 0.0149642 -0.00339941 -0.00782218 -0.00571912 0.00505615 0.0211495 0.0177763 -0.00551577 -0.00972135 -0.00310271 -0.0133138 -0.0124913 -0.0110188 -0.00514394 -0.0133984 -0.00811357 -0.0125881 -0.00867559 -0.0113317 0.00557379 -0.0140717 0.0196018 0.0166269 -0.0144729 -0.0135145 0.0168773 -0.0147547 0.0155988
internal_weight=63867 37283 17592 26584 11419 15165 13537 9007 7238 1628 4198 19691 4282 4809 6299 703 12686 2180 4906 2124 2412 7969 2685 5596 2018 978 2072 3808 19159 11207 4717 923 1149 4161 2825 1892 6464 738 4743 2956 4168 7952 1807 3867 6145 650
internal_count=63867 37283 17592 26584 11419 15165 13537 9007 7238 1628 4198 19691 4282 4809 6299 703 12686 2180 4906 2124 2412 7969 2685 5596 2018 978 2072 3808 19159 11207 4717 923 1149 4161 2825 1892 6464 738 4743 2956 4168 7952 1807 3867 6145 650
is_linear=0
shrinkage=0.12


Tree=6
num_leaves=44
num_cat=0
split_feature=2 2 87 89 72 72 34 34 82 82 69 29 69 84 72 55 82 81 72 2 0 89 86 55 55 55 22 34 55 34 0 55 65 2 22 76 2 81 0 35 85 12 33
split_gain=274.269 72.3212 104.65 52.3296 21.0918 16.0021 15.9821 12.7285 8.93031 8.34975 6.55172 7.16967 6.40758 5.93144 5.74899 4.99432 4.21818 4.03703 3.98267 3.58513 2.74024 2.45306 2.01255 1.68611 1.34989 1.26251 1.07663 0.96834 1.03896 0.938913 0.662949 0.662047 1.13213 0.637988 0.563758 0.377419 0.339881 0.297114 0.257193 0.237283 0.220429 0.0834668 0.0682332
threshold=233.879997253418 312.58499145507818 0.37500000000000006 0.37500000000000006 3.8031250238418584 2.7031250000000004 1.2226999998092654 1.1886000037193301 1.0000000180025095e-35 1.0000000180025095e-35 6.5000000000000009 -48.057653427124016 13.500000000000002 1.0000000180025095e-35 3.9781249761581425 0.067673232406377806 1.0000000180025095e-35 0.17966599017381671 4.0906250476837167 268.52499389648443 97.371250152587905 4.8750000000000009 1.0000000180025095e-35 0.11525653302669527 0.10505758225917818 0.10505758225917818 2.3363083600997929 0.66152855753898632 0.059022827073931701 0.78715714812278759 51.575901031494148 0.024455324746668342 4.5000000000000009 290.47000122070318 3.6488749980926518 0.67040735483169567 269.59500122070318 0.21013627946376803 96.808849334716811 341.75000000000006 1.0000000180025095e-35 3.8927999734878544 0.37236244976520544
decision_type=2 2 2 2 2 2 2 2 2 2 2 2 2 2 2 2 2 2 2 2 2 2 2 2 2 2 2 2 2 2 2 2 2 2 2 2 2 2 2 2 2 2 2
left_child=3 2 15 4 20 9 12 8 14 22 11 -8 17 27 -7 31 36 -6 -9 21 26 -17 -5 -20 -14 -12 30 37 40 -21 -1 32 -2 -33 -30 -10 -4 41 42 -39 -29 -3 -18
right_child=1 13 16 5 6 7 10 18 35 -11 25 -13 24 -15 -16 19 38 -19 23 29 -22 -23 -24 -25 -26 -27 -28 28 34 -31 -32 33 -34 -35 -36 -37 -38 39 -40 -41 -42 -43 -44
leaf_value=-0.015111721573485943 -0.0059239048458286231 -0.013245994437193641 0.0075186679404357377 0.00092286905082488411 0.0042855934356669173 0.022820558582537835 0.016314557711981859 0.031343679593329066 0.01706619637276181 0.013904818523170078 0.015287258558543274 -0.0012670452910420122 0.0046043907705061709 0.0011503657982092654 0.008569290071712499 -0.0051628361401795282 0.0154133562011496 -0.002550589842800302 0.01691674682664121 -0.010279841925152427 0.0011457597747312454 0.00012311398396487621 -0.010466592770179405 0.021902192199141954 0.012129834254312062 0.023335776879677309 -0.0047283037248998872 -0.013291247765233558 -0.010294947916758383 -0.0065384733734739709 -0.0090606168241235789 -0.0071567405650198312 -0.013537781079586284 -0.012016479298982719 -0.0064720150859480224 0.019816807797701032 0.0026132146897603859 -0.012489651977619393 0.01129104368976238 -0.010670946092861521 -0.0098284481084066466 -0.012302609702965907 0.014434450954590816
leaf_weight=653 349 4875 435 471 2329 449 720 487 2353 590 446 623 524 527 4422 3121 1734 2670 1657 1298 337 2125 425 2380 995 757 315 2095 5058 3775 434 1165 1448 584 624 1034 382 2377 317 1827 303 1868 2509
leaf_count=653 349 4875 435 471 2329 449 720 487 2353 590 446 623 524 527 4422 3121 1734 2670 1657 1298 337 2125 425 2380 995 757 315 2095 5058 3775 434 1165 1448 584 624 1034 382 2377 317 1827 303 1868 2509
internal_value=5.34122e-05 -0.00626813 -0.00104521 0.00983566 0.00353511 0.0146061 0.00585761 0.0159764 0.0131735 0.00281979 0.01392 0.00815868 0.00270834 -0.0114077 0.00988295 -0.00655629 0.0131655 0.000634341 0.0210925 -0.0052212 -0.00857019 -0.00302165 -0.0044795 0.0198559 0.00953383 0.0203519 -0.0109056 -0.0117555 -0.0107591 -0.00749576 -0.0126957 -0.0104414 -0.0120591 -0.00877943 -0.00987511 0.0179059 0.00522505 -0.012491 0.0145882 -0.0116993 -0.0128537 -0.0129847 0.0148345
internal_weight=63867 38796 19242 25071 10803 14268 9064 12782 8258 1486 2546 1343 6518 19554 4871 13865 5377 4999 4524 10319 1739 5246 896 4037 1519 1203 1402 19027 8080 5073 1087 3546 1797 1749 5682 3387 817 10947 4560 4204 2398 6743 4243
internal_count=63867 38796 19242 25071 10803 14268 9064 12782 8258 1486 2546 1343 6518 19554 4871 13865 5377 4999 4524 10319 1739 5246 896 4037 1519 1203 1402 19027 8080 5073 1087 3546 1797 1749 5682 3387 817 10947 4560 4204 2398 6743 4243
is_linear=0
shrinkage=0.12


Tree=7
num_leaves=47
num_cat=0
split_feature=2 89 2 87 29 2 82 72 66 72 66 69 84 78 2 69 69 82 2 55 6 66 76 55 76 88 55 51 66 2 2 55 22 70 66 66 51 2 88 72 57 2 51 66 47 2
split_gain=212.46 47.74 43.673 67.2688 18.9882 15.4693 16.5841 13.1544 7.83328 10.2774 7.63966 6.55329 4.59331 4.40442 3.92868 3.44641 4.44983 2.78967 2.57361 2.51059 2.00945 1.99801 1.67238 1.5906 1.51908 1.51079 1.34469 1.10034 1.05689 0.868078 0.78209 0.8029 0.726125 0.71761 0.450545 0.422897 0.404354 0.317487 0.31731 0.300916 0.454669 0.174677 0.102591 0.0943376 0.0679467 0.0399058
threshold=249.75000000000003 0.37500000000000006 312.58499145507818 0.37500000000000006 -28.914446830749508 170.31999969482425 1.0000000180025095e-35 4.9468748569488534 3.1406250000000004 3.9781249761581425 2.1781250238418584 11.500000000000002 1.0000000180025095e-35 13.593667507171633 212.08000183105472 2.5000000000000004 9.5000000000000018 1.0000000180025095e-35 125.61500167846681 0.153433732688427 1.7414500117301943 11.501041889190676 0.97268766164779674 0.16634833812713626 0.95504236221313488 1.0000000180025095e-35 0.1067669801414013 0.15910788625478747 4.5031249523162851 283.30499267578131 335.72000122070318 0.093566354364156737 1.9012833237648012 4.5000000000000009 11.038541793823244 3.5781250000000004 0.079933326691389098 206.93499755859378 1.0000000180025095e-35 6.4281251430511483 3.3031250238418584 275.76499938964849 0.024348981678485874 4.0468750000000009 0.029295256361365322 268.52499389648443
decision_type=2 2 2 2 2 2 2 2 2 2 2 2 2 2 2 2 2 2 2 2 2 2 2 2 2 2 2 2 2 2 2 2 2 2 2 2 2 2 2 2 2 2 2 2 2 2
left_child=1 4 3 19 15 10 8 20 24 -10 -3 13 30 -9 -13 -1 21 41 28 25 -6 -17 -22 -20 -7 33 -18 29 -12 -21 31 38 -27 -2 -29 44 -33 -37 -4 43 -41 -5 -19 -32 -8 -44
right_child=2 5 12 17 7 6 35 11 9 -11 18 14 -14 -15 -16 16 26 42 23 27 22 -23 -24 -25 -26 32 -28 34 -30 -31 39 36 -34 -35 -36 37 -38 -39 -40 40 -42 -43 45 -45 -46 -47
leaf_value=0.022853577781401718 -0.0040783154036938057 0.00030673095827492383 -0.011372639883552842 0.0059848028259550769 0.00098891467198885218 -0.0094127959183550308 0.010667929502407594 -0.0034240980006522048 0.0272175149010444 0.0054341694135617404 0.027571282780843715 0.010983939948917554 0.0010123219119077388 0.0036181533920840933 0.001362473318286511 0.0085742385791107694 0.011691435342623645 0.010604405759406013 0.013826426824297884 -0.0038769454753244332 -0.010804152043076968 -0.0019316933572187391 -0.0014378212291281669 0.01898666470058483 0.00042418041517512325 -0.00076984793460733775 0.022416182860868605 0.0013282113629008499 0.01989596989815794 -0.0082326124047839774 -0.011345997328017058 -0.010291368305301321 -0.0064294250803061601 -0.0097758259364019943 -0.0033187239382672924 0.01648887716173016 -0.0069742865160405164 0.014223548183906247 -0.0087363751043192366 -0.0097295918767338965 -0.011341570290878761 0.0019466102316782069 0.013463327278377469 -0.012713932410550202 0.013090744586961883 0.012589174309286771
leaf_weight=341 348 390 2125 309 311 525 302 2879 333 4919 301 1529 527 2301 1018 981 301 307 2320 1974 1767 355 325 1367 397 379 382 593 1823 989 1711 697 2354 3734 609 1672 2198 1907 952 4936 5147 308 1163 1261 372 2128
leaf_count=341 348 390 2125 309 311 525 302 2879 333 4919 301 1529 527 2301 1018 981 301 307 2320 1974 1767 355 325 1367 397 379 382 593 1823 989 1711 697 2354 3734 609 1672 2198 1907 952 4936 5147 308 1163 1261 372 2128
internal_value=4.70027e-05 0.00760787 -0.00628864 -0.00146268 0.00200151 0.011819 0.00899645 -0.000256845 0.00502442 0.00681533 0.0165652 0.00215463 -0.0100388 -0.00029587 0.00713838 0.0116952 0.00981064 0.011424 0.0176564 -0.0064096 -0.0080111 0.00578262 -0.00934906 0.0157396 -0.00517713 -0.00782815 0.0176898 -0.0040885 0.0209837 -0.00533079 -0.0103449 -0.00920738 -0.00564458 -0.0092901 -0.00102618 0.0147626 -0.00777291 0.0152818 -0.010557 -0.0108652 -0.0105524 0.00396898 0.0127024 -0.0119264 0.0120052 0.0128981
internal_weight=63867 29118 34749 15195 12490 16628 10427 10130 6174 5252 6201 7727 19554 5180 2547 2360 2019 4215 5811 10980 2403 1336 2092 3687 922 6815 683 4165 2124 2963 19027 5972 2733 4082 1202 4253 2895 3579 3077 13055 10083 617 3598 2972 674 3291
internal_count=63867 29118 34749 15195 12490 16628 10427 10130 6174 5252 6201 7727 19554 5180 2547 2360 2019 4215 5811 10980 2403 1336 2092 3687 922 6815 683 4165 2124 2963 19027 5972 2733 4082 1202 4253 2895 3579 3077 13055 10083 617 3598 2972 674 3291
is_linear=0
shrinkage=0.12


Tree=8
num_leaves=44
num_cat=0
split_feature=2 2 87 89 72 33 66 72 69 2 87 87 66 78 84 55 2 84 66 0 2 0 76 55 23 78 6 89 68 12 89 35 55 22 55 2 45 65 2 71 33 0 89
split_gain=166.951 42.5753 63.5639 31.3427 13.7036 10.3583 10.3005 10.8671 6.8101 6.3086 5.99354 5.17401 5.03732 4.51098 3.55706 3.46457 2.74018 2.48027 2.33365 1.96573 1.80999 1.3375 1.26644 1.21364 1.20546 1.15428 0.958995 0.843587 0.822693 1.03921 0.720795 0.655623 0.911051 0.727849 0.386218 0.226233 0.225703 0.207779 0.0826626 0.102205 0.0690951 0.0250141 0.0186765
threshold=233.879997253418 312.58499145507818 0.37500000000000006 0.37500000000000006 3.8031250238418584 0.10396963730454446 3.0781250000000004 3.9781249761581425 11.500000000000002 159.12500000000003 0.62500000000000011 0.62500000000000011 3.5781250000000004 3.2423493862152104 1.0000000180025095e-35 0.1021774858236313 146.85500335693362 1.0000000180025095e-35 11.230208396911623 97.371250152587905 270.45500183105474 59.043600082397468 0.91231730580329906 0.11344957351684572 4.7928166389465341 4.5956201553344735 1.3414000272750857 4.8750000000000009 1.0000000180025095e-35 2.3588999509811406 4.8750000000000009 347.14999389648443 0.14183624088764193 3.6488749980926518 0.041693121194839484 269.59500122070318 0.32187499105930334 40.500000000000007 405.12500000000006 122.50000000000001 0.37405683100223547 53.138801574707038 0.62500000000000011
decision_type=2 2 2 2 2 2 2 2 2 2 2 2 2 2 2 2 2 2 2 2 2 2 2 2 2 2 2 2 2 2 2 2 2 2 2 2 2 2 2 2 2 2 2
left_child=3 2 15 4 19 18 11 12 13 23 -11 21 -8 -7 31 26 -10 36 25 28 24 22 -5 -9 -17 -6 37 -28 29 -1 -22 38 34 -34 -33 -19 -4 -2 39 -3 -38 -13 -40
right_child=1 14 17 6 5 8 7 9 16 10 -12 41 -14 -15 -16 20 -18 35 -20 -21 30 -23 -24 -25 -26 -27 27 -29 -30 -31 -32 32 33 -35 -36 -37 40 -39 42 -41 -42 -43 -44
leaf_value=-0.010068769189501675 -0.0016905570873253358 -0.0094867100552121914 0.0081127107967406704 0.00075638791300090293 0.012770208259119301 -0.0038844054441540534 0.015559664713648162 0.012882948763852641 0.017751404599153569 0.006704054610553116 0.013579935590545695 0.011377656189793452 0.033761318631189634 0.0032945832733080739 0.00089084315825911121 0.00045719367559829752 0.0065655844762191025 0.0059743183534592386 0.0065335119869290052 0.0012690221292770934 -0.0069281778073156455 0.0043526959286071358 -0.0091418564982589448 0.017105293552746922 -0.0035817589311304952 0.020963800897269128 -0.0092911958428119248 -0.0061244276816277837 -0.012577824322378856 -0.001552572454022571 -0.0035110127907808947 -0.010649572939284041 -0.007663190373752269 -0.0027455472203326368 -0.0087879543378421177 0.001972163718849596 0.012060951433845403 -0.0057736869767484184 -0.010840113407860055 -0.011623624967752207 0.011085318312673651 0.0099389433154934322 -0.010234649266331046
leaf_weight=509 432 3499 302 315 453 2021 404 1639 378 4414 3113 407 478 3349 527 1797 1903 435 414 337 2186 300 455 2439 2609 546 3008 2028 546 347 1498 2130 3094 504 6508 382 1843 307 1426 355 2415 304 1511
leaf_count=509 432 3499 302 315 453 2021 404 1639 378 4414 3113 407 478 3349 527 1797 1903 435 414 337 2186 300 455 2439 2609 546 3008 2028 546 347 1498 2130 3094 504 6508 382 1843 307 1426 355 2415 304 1511
internal_value=4.13624e-05 -0.00489071 -0.000883339 0.00767347 0.00279737 0.00466941 0.0113654 0.0125831 0.00292609 0.0116072 0.00954777 0.002828 0.0254241 0.00059277 -0.00883414 -0.00517842 0.00841926 0.0101919 0.014109 -0.00696008 -0.00357574 -0.00244437 -0.00509257 0.0154083 -0.00193446 0.0172484 -0.00742357 -0.00801594 -0.00893812 -0.00661653 -0.00553868 -0.0091035 -0.00857872 -0.00697434 -0.009247 0.00410305 0.0112828 -0.0033868 -0.010049 -0.00968355 0.0115076 0.0107625 -0.0105286
internal_weight=63867 38796 19242 25071 10803 9064 14268 12487 7651 11605 7527 1781 882 5370 19554 13865 2281 5377 1413 1739 8090 1070 770 4078 4406 999 5775 5036 1402 856 3684 19027 12236 3598 8638 817 4560 739 6791 3854 4258 711 2937
internal_count=63867 38796 19242 25071 10803 9064 14268 12487 7651 11605 7527 1781 882 5370 19554 13865 2281 5377 1413 1739 8090 1070 770 4078 4406 999 5775 5036 1402 856 3684 19027 12236 3598 8638 817 4560 739 6791 3854 4258 711 2937
is_linear=0
shrinkage=0.12


Tree=9
num_leaves=44
num_cat=0
split_feature=2 92 87 90 66 66 72 92 66 69 66 66 55 69 81 92 82 84 2 82 88 0 82 2 23 0 45 72 92 69 72 90 65 50 55 70 7 47 81 55 29 65 92
split_gain=129.585 36.1654 51.8502 23.0303 10.9905 7.52567 8.21165 7.273 4.13943 3.90907 4.89894 3.81502 3.64498 3.63553 3.62352 3.55792 3.49189 2.76614 2.49976 2.22952 1.74095 1.69781 1.55556 1.28212 1.25742 1.10149 0.956824 0.919041 0.841031 0.824313 1.11961 0.655694 0.629927 0.609637 0.606223 0.402471 0.36506 0.289334 0.233644 0.170957 0.0646466 0.0380423 0.0259747
threshold=225.90000152587893 0.751528561115265 0.37500000000000006 1.0000000180025095e-35 3.8593750000000004 3.0781250000000004 3.9781249761581425 1.2058286070823672 5.7093751430511483 6.5000000000000009 11.230208396911623 3.5781250000000004 0.05469204671680928 7.5000000000000009 0.17700970917940143 1.2286856770515444 1.0000000180025095e-35 1.0000000180025095e-35 268.52499389648443 1.0000000180025095e-35 1.0000000180025095e-35 97.371250152587905 1.0000000180025095e-35 141.1350021362305 8.7946996688842791 54.655250549316413 0.25937499105930334 1.0187500119209292 0.78715714812278759 66.000000000000014 1.0187500119209292 1.0000000180025095e-35 6.5000000000000009 0.47054274380207067 0.14183624088764193 21.500000000000004 0.67444998025894176 0.040297839790582664 0.21396682411432269 0.091379433870315566 74.739135742187514 23.500000000000004 1.1439714431762698
decision_type=2 2 2 2 2 2 2 2 2 2 2 2 2 2 2 2 2 2 2 2 2 2 2 2 2 2 2 2 2 2 2 2 2 2 2 2 2 2 2 2 2 2 2
left_child=3 17 12 4 21 16 11 13 22 10 -9 -7 26 14 -6 -10 25 31 20 39 -14 29 -8 -11 -15 27 -3 -5 -20 -1 -31 35 -28 34 -33 38 -37 -21 -2 -4 -39 -35 -18
right_child=1 2 19 5 7 6 8 9 15 23 -12 -13 18 24 -16 -17 42 -19 28 37 -22 -23 -24 -25 -26 -27 32 -29 -30 30 -32 33 -34 41 -36 36 -38 40 -40 -41 -42 -43 -44
leaf_value=-0.011490240138576486 -0.0084729189226584543 -0.0024442407238896599 0.001261932329817003 -0.0092442631982626259 0.0034666569566379709 0.014215590493273788 -0.0014872940781652392 0.0095208336257486849 0.0098886053563912793 0.016123505844575108 -0.0056298837989185741 0.030436832242633993 -0.0034004780463034808 0.0037209867967906087 -0.0062962034547899629 0.014922394941594813 0.010344600957051843 0.00078156078591438613 -0.007823057970277339 0.0064686905064629116 0.00058733308489391915 0.0017663831591189646 0.00875308741752703 0.0075886483177609616 0.011163675105249833 0.0039156714365121874 -0.011241273629605893 -0.00023037890820552619 -0.0043954393982928268 -0.0090576642380700897 0.00017542362859239801 -0.0074966116854994942 -0.0074163839747123147 -0.0096555276868155911 -0.0051613965123878149 -0.0064255459428159065 -0.0097978325692050228 0.010952543586622964 -0.0064850883761137686 0.0047353128069759498 0.0099702018161523173 -0.0086135206626439965 0.0088408203898199568
leaf_weight=553 2613 389 316 311 1025 388 517 1090 7075 1051 428 452 3900 2925 1175 2831 339 532 1388 309 2646 322 364 334 368 338 977 342 4006 485 310 5194 1697 666 2314 515 4513 1371 1263 576 3255 2081 323
leaf_count=553 2613 389 316 311 1025 388 517 1090 7075 1051 428 452 3900 2925 1175 2831 339 532 1388 309 2646 322 364 334 368 338 977 342 4006 485 310 5194 1697 666 2314 515 4513 1371 1263 576 3255 2081 323
internal_value=3.63989e-05 -0.00406646 -0.000580863 0.00715761 0.00282853 0.010439 0.0115161 0.00459694 0.0106262 0.00945523 0.00524909 0.0229442 -0.00431203 0.00202938 -0.0017476 0.0113272 0.00286276 -0.00775367 -0.00336468 0.00902593 -0.00178854 -0.00606222 0.00274369 0.0140653 0.00455272 -0.00164506 -0.00800494 -0.00452336 -0.00527744 -0.00793226 -0.00545734 -0.00799068 -0.00881388 -0.00733654 -0.00677689 -0.00874407 -0.00945242 0.0100239 -0.00782518 0.00350483 0.0102613 -0.00886615 0.00961088
internal_weight=63867 40521 20830 23346 10066 13280 11627 8396 10787 2903 1518 840 15003 5493 2200 9906 1653 19691 11940 5827 6546 1670 881 1385 3293 991 3063 653 5394 1348 795 19159 2674 10255 7508 8904 5028 4935 3876 892 4626 2747 662
internal_count=63867 40521 20830 23346 10066 13280 11627 8396 10787 2903 1518 840 15003 5493 2200 9906 1653 19691 11940 5827 6546 1670 881 1385 3293 991 3063 653 5394 1348 795 19159 2674 10255 7508 8904 5028 4935 3876 892 4626 2747 662
is_linear=0
shrinkage=0.12


Tree=10
num_leaves=43
num_cat=0
split_feature=92 92 87 89 72 55 33 65 22 87 0 55 84 2 92 0 84 72 22 86 0 0 72 72 89 93 46 65 86 68 14 55 0 22 5 2 0 7 55 72 53 46
split_gain=100.49 30.257 40.456 16.3139 9.00748 5.69455 5.2409 5.3621 3.99171 3.9239 3.43855 3.11984 2.2968 2.29675 2.12815 1.92903 1.63992 1.57992 1.50316 1.46461 1.46366 1.4607 1.05004 1.016 0.937073 5.39582 0.880238 0.785137 0.715619 0.690034 0.624258 0.605215 0.594203 0.482785 0.421821 0.428217 0.297725 0.258665 0.184059 0.182446 0.271656 0.0651984
threshold=1.0291571617126467 0.76879999041557323 0.37500000000000006 0.37500000000000006 4.6281249523162851 0.071933392435312285 0.077013000845909133 39.500000000000007 1.4914833307266238 0.37500000000000006 9.3554000854492205 0.056291623041033752 1.0000000180025095e-35 167.16500091552737 1.2540714144706728 2.8738999366760258 1.0000000180025095e-35 3.9781249761581425 3.4977666139602666 1.0000000180025095e-35 97.371250152587905 55.266201019287116 3.6531250476837163 6.3156249523162851 0.62500000000000011 1.0000000180025095e-35 0.22262548655271533 6.5000000000000009 1.0000000180025095e-35 1.0000000180025095e-35 2.9313499927520756 0.10149080306291582 25.078049659729007 1.8020749688148501 0.93680000305175792 356.36499023437506 98.032501220703139 9.0897002220153826 0.089645408093929305 3.0406249761581425 2.2906249761581425 0.32673558592796331
decision_type=2 2 2 2 2 2 2 2 2 2 2 2 2 2 2 2 2 2 2 2 2 2 2 2 2 2 2 2 2 2 2 2 2 2 2 2 2 2 2 2 2 2
left_child=1 12 11 4 20 9 31 10 -9 14 -8 26 24 17 21 28 36 -7 -17 30 22 -5 29 -19 34 33 -3 -28 -13 -2 -15 -6 -21 -26 35 -1 41 -36 -18 -11 -41 -4
right_child=3 2 16 5 6 13 7 8 -10 39 -12 15 -14 19 -16 18 38 23 -20 32 -22 -23 -24 -25 25 -27 27 -29 -30 -31 -32 -33 -34 -35 37 -37 -38 -39 -40 40 -42 -43
leaf_value=-0.0058830622020571589 -0.0057605051765250792 -0.0018091011650978057 0.009892951587686204 -0.0037592908197847672 0.0095306063159036319 0.019827405677748274 -0.0012809517568591253 -0.0044035279736465548 0.003851773993368484 0.0079378351536883614 0.0093476935587618378 -0.0093448246509181213 0.00067583474832803056 0.0083710907420088982 0.0093966323754981033 -0.0025606803949417968 0.0012936926426656511 0.0066160374968187944 0.0023822333606773839 0.0039176109782854138 0.0025753547066608359 0.0052116274395476742 -0.00087140454397132696 0.013073504999389286 -0.0023622289727783532 0.0092483307570219025 -0.010112220352651751 -0.0059767402767434167 -0.0030732817593388741 -0.011932462857260812 0.01203093477871648 0.016026549623278315 0.0086006765077957237 -0.0067239023803073788 -0.0089941793154811357 -0.007987166541562906 0.0052609088949859134 -0.0053737705432384915 0.0047684673450048053 0.012387854183433735 0.0082818889811717197 0.00889175283983582
leaf_weight=2458 711 437 1275 902 336 463 537 1444 2028 597 2385 782 599 987 351 10335 351 392 969 751 339 368 401 3343 379 320 1090 1680 394 412 2097 536 812 10210 3537 3214 300 309 586 538 408 3529
leaf_count=2458 711 437 1275 902 336 463 537 1444 2028 597 2385 782 599 987 351 10335 351 392 969 751 339 368 401 3343 379 320 1090 1680 394 412 2097 536 812 10210 3537 3214 300 309 586 538 408 3529
internal_value=-5.68031e-05 -0.00340309 -0.000262767 0.00671144 0.00288786 0.00961804 0.00479653 0.00360636 0.000418405 0.00524898 0.00739438 -0.00347604 -0.00664826 0.0111809 0.00112598 -0.00261817 0.00808131 0.0132154 -0.00213696 0.00934302 -0.00455624 -0.00115984 -0.0061426 0.0123958 -0.00686303 -0.00610385 -0.00681441 -0.00760406 -0.00724364 -0.00802484 0.0108596 0.0135235 0.00635053 -0.00656779 -0.00773316 -0.00707534 0.00892844 -0.0087033 0.00346682 0.0095804 0.010617 0.00915747
internal_weight=63892 42754 21728 21138 9129 12009 7266 6394 3472 3164 2922 15687 21026 8845 1621 12480 6041 4198 11304 4647 1863 1270 1524 3735 20427 10909 3207 2770 1176 1123 3084 872 1563 10589 9518 5672 5104 3846 937 1543 946 4804
internal_count=63892 42754 21728 21138 9129 12009 7266 6394 3472 3164 2922 15687 21026 8845 1621 12480 6041 4198 11304 4647 1863 1270 1524 3735 20427 10909 3207 2770 1176 1123 3084 872 1563 10589 9518 5672 5104 3846 937 1543 946 4804
is_linear=0
shrinkage=0.12


Tree=11
num_leaves=45
num_cat=0
split_feature=2 87 2 87 36 55 92 7 89 0 55 66 46 66 78 12 66 2 82 66 72 82 2 81 12 74 14 85 89 66 72 2 66 22 92 89 70 69 2 46 49 0 2 36
split_gain=78.1866 17.9426 26.6561 15.3686 11.0958 7.7274 4.14596 3.85176 3.93792 2.5475 2.50618 2.23001 2.17397 2.01324 2.01025 1.99369 1.90698 1.50009 1.43455 1.2169 1.82267 1.11561 1.09773 1.01867 0.994776 0.967331 0.804669 0.715145 0.473973 0.485127 0.971443 0.650923 0.411011 0.38417 0.401732 0.300604 0.23272 0.192741 0.179612 0.177329 0.131968 0.0826072 0.0816986 0.0330745
threshold=237.09500122070315 0.37500000000000006 312.58499145507818 0.37500000000000006 -11.769274711608885 0.077633596956729903 0.78715714812278759 1.0839999914169314 4.8750000000000009 73.390499114990249 0.042527997866272933 2.1781250238418584 0.065871544182300582 5.7093751430511483 15.388729095458986 1.0816500186920168 10.352083683013918 194.90000152587893 1.0000000180025095e-35 3.2281249761581425 3.9781249761581425 1.0000000180025095e-35 185.53499603271487 1.8304399251937868 3.716250061988831 7.5000000000000009 2.8866000175476079 1.0000000180025095e-35 4.8750000000000009 4.0468750000000009 6.5656249523162851 332.27999877929693 3.3437500000000004 3.3406833410263066 0.66152855753898632 1.0000000180025095e-35 21.500000000000004 6.5000000000000009 333.92500305175787 0.28751918673515325 0.84687501192092907 53.398599624633796 179.97499847412112 87.285541534423842
decision_type=2 2 2 2 2 2 2 2 2 2 2 2 2 2 2 2 2 2 2 2 2 2 2 2 2 2 2 2 2 2 2 2 2 2 2 2 2 2 2 2 2 2 2 2
left_child=3 6 21 4 10 9 28 22 -9 11 -1 -6 15 27 -14 -12 24 -11 -4 40 -21 37 -7 -18 -15 42 -27 35 33 31 -31 -30 -20 36 -35 -8 -2 -3 -34 -23 41 -5 -22 -41
right_child=1 2 18 19 5 7 13 8 -10 17 12 -13 14 16 -16 -17 23 -19 32 20 25 39 -24 -25 -26 26 -28 -29 29 30 -32 -33 38 34 -36 -37 -38 -39 -40 43 -42 -43 -44 -45
leaf_value=-3.0347101964484551e-05 -0.0066951135903590402 0.0050054323585568402 0.0005333497026821602 0.0081458125929232718 -0.0084329302864867995 0.014985273691990292 -0.0086382430891078187 0.00045764113747757593 0.0056332554112211988 0.0079063075088276376 0.021349586866796017 -0.0019684766651980206 0.0045335655301307065 -0.00058845406543641592 0.010603243734400886 0.010424202029396944 -0.0045152416364437013 -0.0024730323560596809 -0.0090126712617648666 0.018471728795574176 0.0069572731129513166 0.0049716254180350132 0.0068171640843002019 -0.00079104016632541656 0.006698834223329629 0.0085569754416258935 0.01164631974424786 -0.0023538926870369813 0.0010418376240433093 -0.0098274958512853481 -0.0052716664722612348 -0.0055487073869435822 -0.0043149534744769688 -0.0068288558213812659 -0.0045796690816412317 -0.0058567706496147733 -0.008386268381681038 0.0011388025796661772 -0.0060842672177736342 0.0083740160491177652 0.004058540821592402 0.0054546926118433474 0.0042725963202490868 0.0076575831609109512
leaf_weight=483 2160 316 541 363 1205 441 969 5201 3570 442 330 2121 1655 2394 1496 887 4433 367 571 379 309 317 512 1389 304 1994 3104 592 359 787 4693 541 1163 3656 1664 1324 2561 450 2853 1465 354 300 346 2531
leaf_count=483 2160 316 541 363 1205 441 969 5201 3570 442 330 2121 1655 2394 1496 887 4433 367 571 379 309 317 512 1389 304 1994 3104 592 359 787 4693 541 1163 3656 1664 1324 2561 450 2853 1465 354 300 346 2531
internal_value=-4.99867e-05 -0.00351137 0.000792109 0.00504096 0.00323263 0.00150371 -0.00508995 0.00335148 0.00256424 -0.00284156 0.00817202 -0.00431053 0.00907901 -0.00333235 0.00741527 0.0133867 -0.00240459 0.00319776 -0.00531092 0.00977364 0.0104112 0.00695402 0.010597 -0.00362673 0.000232649 0.00988022 0.010438 -0.00607221 -0.00631067 -0.00550188 -0.00592594 -0.00291981 -0.00600021 -0.00682457 -0.00612535 -0.00703219 -0.00761251 0.00273391 -0.00557189 0.00770352 0.00592926 0.00692811 0.00553911 0.00792024
internal_weight=63892 38033 10207 25859 18710 13859 27826 9724 8771 4135 4851 3326 4368 11405 3151 1217 8520 809 5128 7149 6132 5079 953 5822 2698 5753 5098 2885 16421 6380 5480 900 4587 10041 5320 2293 4721 766 4016 4313 1017 663 655 3996
internal_count=63892 38033 10207 25859 18710 13859 27826 9724 8771 4135 4851 3326 4368 11405 3151 1217 8520 809 5128 7149 6132 5079 953 5822 2698 5753 5098 2885 16421 6380 5480 900 4587 10041 5320 2293 4721 766 4016 4313 1017 663 655 3996
is_linear=0
shrinkage=0.12


Tree=12
num_leaves=46
num_cat=0
split_feature=92 87 93 90 66 2 65 66 72 66 24 0 57 66 66 66 66 15 70 84 31 87 69 55 23 87 22 66 0 66 83 12 0 55 92 66 46 90 55 12 49 36 47 33 92
split_gain=61.6691 17.7426 24.2829 10.4218 6.48029 4.82875 4.38036 3.86755 6.6289 3.03956 3.02727 2.79921 2.61694 2.31658 2.21934 2.20533 2.11627 2.06231 2.04668 1.97104 1.81327 1.55716 1.36582 1.19727 0.914228 0.877247 0.795581 0.746598 0.80449 0.679807 0.662124 0.62193 0.584602 0.565602 0.811725 0.32571 0.276274 0.231677 0.192566 0.17154 0.153315 0.200097 0.0588922 0.0492556 0.0255137
threshold=1.0291571617126467 0.37500000000000006 1.0000000180025095e-35 1.0000000180025095e-35 5.2031250000000009 284.50999450683599 40.500000000000007 3.1406250000000004 3.9781249761581425 5.7093751430511483 13.578176498413088 6.8384001255035409 3.3531249761581425 5.7093751430511483 6.8781249523162851 3.6437500715255742 10.453125000000002 3.8599219322204594 15.500000000000002 1.0000000180025095e-35 0.73437500000000011 0.62500000000000011 14.500000000000002 0.11823612079024316 5.4090332984924325 0.37500000000000006 1.5603666901588442 2.1781250238418584 50.604598999023445 7.9187500476837167 1.0000000180025095e-35 1.7047500014305117 53.398599624633796 0.16208034008741382 0.652471423149109 3.3437500000000004 0.22426806390285495 1.0000000180025095e-35 0.066867332905530943 1.8662000298500063 1.6468749642372134 201.6249923706055 0.12712826579809192 0.32566010951995855 1.1439714431762698
decision_type=2 2 2 2 2 2 2 2 2 2 2 2 2 2 2 2 2 2 2 2 2 2 2 2 2 2 2 2 2 2 2 2 2 2 2 2 2 2 2 2 2 2 2 2 2
left_child=1 5 35 4 18 13 11 21 15 25 17 20 -11 26 -13 -9 29 -8 -2 36 -6 27 30 -18 -24 -10 -1 28 -5 -15 -20 -7 -28 37 -35 -3 -4 -33 -21 -40 41 -37 -42 -38 -23
right_child=3 2 19 7 6 31 10 8 9 12 -12 14 -14 16 -16 -17 23 -19 22 38 -22 44 24 -25 -26 -27 32 -29 -30 -31 -32 33 -34 34 -36 40 43 -39 39 -41 42 -43 -44 -45 -46
leaf_value=3.0842289386026847e-05 0.004971072232068139 -0.0080790265509371965 0.003436057049100502 -0.0079185432899363441 -0.0071303391567830417 -0.00097865418114790074 0.0082803252471124085 0.013294994339313847 -0.0036178155807624008 0.0099436564087288775 0.012210265723830178 0.0023324426726266294 0.0057774211755234712 0.0037101969282473139 0.010114893520147232 0.026755861155940471 -0.0048106269927604452 -0.0013306918109836153 -0.011472439240404546 -0.00015173925090690747 0.0058817113756824031 0.0074429351091384885 -0.004980789590985156 -0.0013524165481834651 0.0033203818686059765 0.0044839490758974499 -0.0072531183544239548 0.0034881535308360942 0.00081156747042673253 -5.5823344542995944e-05 -0.0047776143932836326 -0.0063214379269710885 -0.0037819936455118497 -0.0058853326434310385 -0.002936205619059318 -0.0037335287173293533 0.0078553648211358244 -0.0052742985378796273 0.0043455999400741794 0.0013457156765069641 -0.007035005077311916 -0.0058787343723964358 -0.0054078891168002421 0.0069270576447266865 0.00591513104963148
leaf_weight=385 323 574 312 304 304 452 363 370 391 5268 309 683 3693 1015 2320 333 2330 2812 520 425 313 307 520 3781 302 379 1646 337 304 2157 360 7888 1214 2765 2615 1734 1031 4953 553 545 549 980 769 4081 323
leaf_count=385 323 574 312 304 304 452 363 370 391 5268 309 683 3693 1015 2320 333 2330 2812 520 425 313 307 520 3781 302 379 1646 337 304 2157 360 7888 1214 2765 2615 1734 1031 4953 553 545 549 980 769 4081 323
internal_value=-4.39883e-05 -0.0026654 0.00135194 0.00525811 0.00220206 -0.00415293 0.00390904 0.00758127 0.00841795 0.00760498 0.000871649 0.00683231 0.00822667 -0.00233037 0.00834486 0.0196712 -0.00136559 -0.000231857 -0.00378628 0.00583162 -0.000529412 0.00203845 -0.00544822 -0.00267096 -0.00193097 0.000369936 -0.00509032 -0.00104234 -0.00355349 0.00114926 -0.00873365 -0.00537571 -0.00577971 -0.00548478 -0.00445188 -0.00540455 0.0069027 -0.00591754 0.0020171 0.00285659 -0.00502381 -0.00450814 -0.00608565 0.00711428 0.00665963
internal_weight=63892 42754 11553 21138 9129 31201 7104 12009 10434 9731 3484 3620 8961 12528 3003 703 9283 3175 2025 6947 617 1575 1702 6111 822 770 3245 945 608 3172 880 18673 2860 18221 5380 4606 5424 12841 1523 1098 4032 2714 1318 5112 630
internal_count=63892 42754 11553 21138 9129 31201 7104 12009 10434 9731 3484 3620 8961 12528 3003 703 9283 3175 2025 6947 617 1575 1702 6111 822 770 3245 945 608 3172 880 18673 2860 18221 5380 4606 5424 12841 1523 1098 4032 2714 1318 5112 630
is_linear=0
shrinkage=0.12


Tree=13
num_leaves=48
num_cat=0
split_feature=92 2 87 89 72 8 5 81 55 87 54 55 22 33 69 89 0 84 92 86 55 84 2 0 81 47 55 2 55 51 87 28 8 53 47 51 45 2 72 57 1 0 22 66 29 46 28
split_gain=47.7565 13.823 18.7156 8.07061 5.08556 3.69704 3.76828 4.08077 3.2911 2.59214 1.88498 1.85458 1.67316 1.54487 1.24019 1.90284 1.06178 1.0151 1.01045 0.837008 0.776021 0.775643 0.707247 0.655429 0.633144 0.592389 0.575817 0.516075 0.732587 0.44017 0.437964 0.391905 0.333522 0.327475 0.320372 0.266342 0.231975 0.195546 0.191453 0.222008 0.182824 0.167395 0.119432 0.0968323 0.0871308 0.0679293 0.049131
threshold=1.0291571617126467 305.49499511718756 0.37500000000000006 0.37500000000000006 3.8781249523162846 9.2593445777893084 0.76325002312660228 0.16445416957139972 0.099681641906499877 0.62500000000000011 -0.074067249894142137 0.10581526532769205 1.6474750041961672 0.12479255720973016 12.500000000000002 4.8750000000000009 96.808849334716811 1.0000000180025095e-35 1.3240000009536745 1.0000000180025095e-35 0.05211255885660649 1.0000000180025095e-35 262.97999572753912 24.19375038146973 1.7532693743705752 0.027068848721683029 0.12160949409008028 335.72000122070318 0.20447301119565967 0.089789092540740981 0.62500000000000011 69.155910491943374 6.9151639938354501 2.2906249761581425 0.13267883658409121 0.12973269820213321 0.27187500894069677 125.61500167846681 6.4281251430511483 3.3031250238418584 8.7813501358032244 45.157400131225593 1.2634750008583071 4.0468750000000009 154.07167053222659 0.14760795235633853 72.229507446289077
decision_type=2 2 2 2 2 2 2 2 2 2 2 2 2 2 2 2 2 2 2 2 2 2 2 2 2 2 2 2 2 2 2 2 2 2 2 2 2 2 2 2 2 2 2 2 2 2 2
left_child=1 2 11 4 16 6 -6 -8 9 13 18 24 34 -5 15 -13 31 27 23 32 -15 36 -16 -10 25 -1 -14 28 30 -30 -3 -2 -12 -26 -7 -21 -4 -11 43 -40 -23 -33 -42 -29 -19 -39 -38
right_child=3 17 21 8 5 12 7 -9 10 37 19 14 26 20 22 -17 -18 44 -20 35 -22 40 -24 -25 33 -27 -28 38 29 -31 -32 41 -34 -35 -36 -37 46 45 39 -41 42 -43 -44 -45 -46 -47 -48
leaf_value=-0.0004027000418290839 -0.0081511824641354921 -0.0049347092771323004 0.0028250884449115624 0.0073613190871416349 0.011053105218555591 0.0099170640429510973 0.0046448684688177805 -0.0019811806796702397 0.0068539354042536776 0.0100389856942506 0.0085154338131947262 -0.00409454729064014 0.00040460523547286668 -0.0020272612237013585 0.0024185363892712305 0.00025191590596394825 0.0018676221655432586 0.0017349800756931598 0.014379084647895656 0.00038007918656153555 0.0024844210427570792 0.0046839746083163257 -0.0011978364893531596 0.01014805676215242 0.00021583432894163202 -0.0048743891754041979 0.0072973324224975796 -0.0053819545922041247 -0.0041046416406676067 0.00086824342107917239 -0.0026078518071655748 -0.0057650545600118445 0.005006052193406503 -0.0040371581776232224 0.014587804395797854 0.0045525047101749525 0.0058382644135849381 0.0058841134823735004 -0.0043003806614055236 -0.0054274458917753813 0.0027384949442034448 -0.0018358642062613446 -0.00058500052347560142 -0.0067582849384298623 -0.0011429623736068607 0.0075083668847286001 0.0066105972355306577
leaf_weight=467 598 4791 301 586 581 480 2360 3092 1287 363 1114 3528 328 1007 1587 2463 314 306 596 385 1207 307 1529 2683 707 4932 373 1736 411 681 1539 321 600 413 378 515 2174 557 4933 5138 317 304 306 1278 300 1109 2610
leaf_count=467 598 4791 301 586 581 480 2360 3092 1287 363 1114 3528 328 1007 1587 2463 314 306 596 385 1207 307 1529 2683 707 4932 373 1736 411 681 1539 321 600 413 378 515 2174 557 4933 5138 317 304 306 1278 300 1109 2610
internal_value=-3.87097e-05 -0.00234555 -0.000214325 0.00462714 0.00193781 0.00321219 0.00186606 0.000887028 0.00667152 0.00424919 0.00830068 -0.00240379 0.00842142 0.00188249 -0.00129772 -0.00230764 -0.00435697 -0.00453008 0.00977183 0.00573095 0.00043236 0.00547356 0.000644007 0.00908016 -0.00394896 -0.0044876 0.0040722 -0.00467311 -0.00387381 -0.00100342 -0.00436899 -0.0059551 0.00728695 -0.00135246 0.0119748 0.00276763 0.00605632 0.00751522 -0.00512649 -0.00487538 0.00228718 -0.0038539 0.00110609 -0.00596555 0.000310256 0.00696532 0.00625962
internal_weight=63892 42754 21641 21138 9129 7592 6033 5452 12009 4829 7180 15626 1559 2800 9107 5991 1537 21113 4566 2614 2214 6015 3116 3970 6519 5399 701 20507 7422 1092 6330 1223 1714 1120 858 900 5085 2029 13085 10071 930 625 623 3014 606 1666 4784
internal_count=63892 42754 21641 21138 9129 7592 6033 5452 12009 4829 7180 15626 1559 2800 9107 5991 1537 21113 4566 2614 2214 6015 3116 3970 6519 5399 701 20507 7422 1092 6330 1223 1714 1120 858 900 5085 2029 13085 10071 930 625 623 3014 606 1666 4784
is_linear=0
shrinkage=0.12


Tree=14
num_leaves=44
num_cat=0
split_feature=2 34 87 89 66 72 24 22 55 22 22 55 66 87 69 88 55 2 54 89 93 0 66 45 45 71 88 34 82 55 50 82 76 22 34 55 0 7 34 50 55 50 0
split_gain=37.1389 12.254 14.7975 5.77522 4.67216 3.30071 2.88278 2.98296 2.5609 2.45364 2.52267 1.84075 1.63517 1.38176 1.27791 1.30371 1.25903 1.16212 0.979223 0.91552 3.97801 0.851206 1.55606 0.838374 0.836874 1.38371 0.699344 0.613724 0.553731 0.397157 0.536333 0.370442 0.355256 0.327764 0.256483 0.395669 0.198525 0.19138 0.140338 0.131085 0.0635708 0.0541428 0.0241575
threshold=201.51499938964847 0.78715714812278759 0.37500000000000006 1.0000000180025095e-35 3.2281249761581425 3.9781249761581425 5.2918784618377694 3.1396375894546513 0.1545134633779526 0.57591664791107189 1.4914833307266238 0.099681641906499877 3.6437500715255742 0.37500000000000006 13.500000000000002 1.0000000180025095e-35 0.079041097313165679 118.31500244140626 -0.07902242615818976 0.37500000000000006 1.0000000180025095e-35 67.953701019287124 2.0031249523162846 0.01250000041909516 0.50312501192092907 6.5000000000000009 1.0000000180025095e-35 0.92640000581741344 1.0000000180025095e-35 0.093566354364156737 0.44561579823493963 1.0000000180025095e-35 0.92041456699371349 3.2881749868392949 0.66152855753898632 0.10975692793726922 48.051649093627937 9.0897002220153826 0.74529999494552623 -0.11216275021433829 0.12613955140113833 0.17594388872385028 32.907199859619148
decision_type=2 2 2 2 2 2 2 2 2 2 2 2 2 2 2 2 2 2 2 2 2 2 2 2 2 2 2 2 2 2 2 2 2 2 2 2 2 2 2 2 2 2 2
left_child=3 19 11 6 13 12 16 9 17 -8 -11 24 -6 21 15 -13 -1 -7 -10 33 29 22 -5 -4 26 -26 -3 -16 42 32 -31 36 -21 37 40 -36 -25 38 -2 -15 -35 -33 -22
right_child=1 2 23 4 5 8 7 -9 18 10 -12 14 -14 39 27 -17 -18 -19 -20 20 28 -23 -24 31 25 -27 -28 -29 -30 30 -32 41 -34 34 35 -37 -38 -39 -40 -41 -42 -43 -44
leaf_value=0.00050971492069260688 -0.0053935915225830477 -0.0031780598156469428 -0.0012484722289722412 -0.008911045646181422 0.0085354485342348796 0.0080760821774804974 0.0079794945907069748 0.0086891822450051049 0.0092486334006670109 -0.0074214699677140269 -3.4106802669893471e-05 -0.0029631869313640098 0.019683434272142222 0.0056367994576473441 -0.00019486346324441574 0.00027064871301068832 0.010013072276745865 0.0037711467224057623 0.0056394315564465159 -0.0050825695104745354 1.8957969363741944e-05 0.0028705826675062638 0.0014988655330683556 0.0014188535454988536 -0.0084293413943792844 -0.0032301022062988433 0.0018285250724837572 0.0034013674460805585 0.0058647890575541078 -0.0024205992169494123 -0.0046953390510910895 0.0062531024906444079 -0.0014050103228494344 -0.005189992455850936 -0.0045739644591208028 -0.0010577616043252794 0.0050790508667658257 -0.0028714546885457823 -0.0071396689459915169 0.0023481171523014725 -0.0042115739944169669 0.0053913926753402699 0.0014894236462073991
leaf_weight=307 3157 956 300 484 374 1078 302 406 3338 1232 1448 4405 384 408 1570 3030 580 5562 1602 4272 303 312 361 506 907 3935 693 1210 599 3869 2430 1450 415 1910 1018 842 369 360 839 305 1915 3806 343
leaf_count=307 3157 956 300 484 374 1078 302 406 3338 1232 1448 4405 384 408 1570 3030 580 5562 1602 4272 303 312 361 506 907 3935 693 1210 599 3869 2430 1450 415 1910 1018 842 369 360 839 305 1915 3806 343
internal_value=-3.40645e-05 -0.00187988 5.42089e-05 0.00450073 0.00566427 0.00651144 0.000633694 -0.00096075 0.00600928 -0.00227459 -0.00343009 -0.00182868 0.014183 7.47359e-05 -0.000824577 -0.0016453 0.00672386 0.00447005 0.0080782 -0.00388908 -0.00319198 -0.00248594 -0.00446373 0.00494545 -0.00340886 -0.00420402 -0.00107402 0.0013704 0.00323665 -0.00392052 -0.00329814 0.00524853 -0.00475695 -0.00473822 -0.00413808 -0.00298222 0.00296241 -0.00552146 -0.0057602 0.00423 -0.00470014 0.00562912 0.000799716
internal_weight=63892 45409 23137 18483 14208 12338 4275 3388 11580 2982 2680 16706 758 1870 10215 7435 887 6640 4940 22272 12231 1157 845 6431 6491 4842 1649 2780 1245 10986 6299 6131 4687 10041 5685 1860 875 4356 3996 713 3825 5256 646
internal_count=63892 45409 23137 18483 14208 12338 4275 3388 11580 2982 2680 16706 758 1870 10215 7435 887 6640 4940 22272 12231 1157 845 6431 6491 4842 1649 2780 1245 10986 6299 6131 4687 10041 5685 1860 875 4356 3996 713 3825 5256 646
is_linear=0
shrinkage=0.12


Tree=15
num_leaves=43
num_cat=0
split_feature=3 3 82 89 33 69 73 24 22 59 3 69 3 89 6 70 66 73 73 51 66 1 69 82 84 66 0 23 10 87 33 73 66 66 73 8 50 69 49 51 19 28
split_gain=30.6414 8.63067 10.7732 5.94965 4.16239 3.32245 3.89921 3.72106 2.56191 2.55986 2.19239 1.98176 1.94922 1.53154 1.62777 2.07181 1.50496 3.34642 1.71016 1.16175 3.63381 1.00206 0.940091 0.827336 0.590585 0.548066 0.401843 0.398257 0.374842 0.363255 0.328078 0.367344 0.673268 0.392605 0.217237 0.0948233 0.027737 0.033048 0.0284789 0.0275143 0.0306002 0.0249008
threshold=0.42859999835491186 0.61590000987052929 1.0000000180025095e-35 0.37500000000000006 0.088109530508518233 6.5000000000000009 486.55024719238287 5.4026954174041757 0.75289997458457958 19999931.000000004 0.30234999954700476 12.500000000000002 0.25490000844001776 0.37500000000000006 0.59915000200271618 20.500000000000004 3.3437500000000004 391.26876831054693 545.56329345703136 0.040381072089076049 4.0468750000000009 10.620899677276613 6.5000000000000009 1.0000000180025095e-35 1.0000000180025095e-35 10.263541698455812 48.051649093627937 6.846783161163331 2.5000000000000004 0.37500000000000006 0.63854390382766735 632.23870849609386 4.0468750000000009 7.9187500476837167 144.15165710449222 8.239173889160158 0.18289422243833545 12.500000000000002 1.1031250357627871 0.22711021453142169 0.28645832836627966 40.264108657836921
decision_type=2 2 2 2 2 2 2 2 2 2 2 2 2 2 2 2 2 2 2 2 2 2 2 2 2 2 2 2 2 2 2 2 2 2 2 2 2 2 2 2 2 2
left_child=3 2 13 4 8 7 11 -6 -1 -9 -8 -7 21 14 -2 -16 23 -18 -19 28 -21 27 -10 26 30 35 -14 -5 -15 -27 31 32 -3 -33 -4 -23 37 -36 -38 41 -41 -32
right_child=1 24 34 12 5 6 10 9 22 -11 -12 -13 16 19 15 -17 17 18 -20 20 -22 25 -24 -25 -26 29 -28 -29 -30 -31 39 33 -34 -35 36 -37 38 -39 -40 40 -42 -43
leaf_value=0.017456747406246777 0.0038723980560934324 -0.0029807932428683489 0.0016179408200550824 0.014103314008716164 0.0096411917271055515 -0.01025575489998537 0.0097484736073552448 -0.0062666042706125517 0.00053829400427934742 0.0039825905215762113 0.0027018954934204323 -0.00021617396831863654 -0.0037297301541187027 -0.0049642239450264454 -0.0011386898339203486 -0.0047689075370348725 0.015274249217497791 -0.0014033700553282426 0.0053476751092795781 0.010008145162698918 -0.00053370086839350989 0.010644923998441304 0.0081954693128408369 0.0047627861530644307 0.00022189712709614674 0.0016021446851616512 0.0013660452186258143 0.0092763918935891889 -0.00037202695967348593 0.0070793995582157099 -0.0057816131733125073 -0.00054658977223082431 -0.0061237515600074859 -0.0032904876097669209 0.0060691845540371174 0.0076641557882332302 0.0058044909176829711 0.004598050328341906 0.0046128070590133879 -0.004568758967040668 -0.003193806175155643 -0.0046696987112103275
leaf_weight=306 524 2114 320 469 302 415 806 2013 414 425 3011 891 419 898 4400 4663 469 585 7076 514 5610 301 522 592 569 366 476 518 358 333 320 807 1832 10802 520 314 314 381 3595 627 371 3096
leaf_count=306 524 2114 320 469 302 415 806 2013 414 425 3011 891 419 898 4400 4663 469 585 7076 514 5610 301 522 592 569 366 476 518 358 333 320 807 1832 10802 520 314 314 381 3595 627 371 3096
internal_value=2.94712e-05 -0.00181926 -0.000173246 0.00377872 0.0014691 0.000449382 0.00225335 -0.00292352 0.00792484 -0.00447993 0.00418986 -0.00340639 0.00554321 -0.00163019 -0.00263049 -0.00300647 0.00479254 0.00543454 0.00483216 -0.00033075 0.000351098 0.00868062 0.00480864 0.00128248 -0.00359021 0.00651027 -0.00101957 0.01157 -0.0036553 0.00421148 -0.00369884 -0.00343973 -0.00443997 -0.00309975 0.00464546 0.00912304 0.00484688 0.0054471 0.00470853 -0.00461192 -0.00405763 -0.00477386
internal_weight=63658 42635 22097 21023 9105 7863 5123 2740 1242 2438 3817 1306 11918 16967 9587 9063 9617 8130 7661 7380 6124 2301 936 1487 20538 1314 895 987 1256 699 19969 15555 3946 11609 5130 615 4810 901 3909 4414 998 3416
internal_count=63658 42635 22097 21023 9105 7863 5123 2740 1242 2438 3817 1306 11918 16967 9587 9063 9617 8130 7661 7380 6124 2301 936 1487 20538 1314 895 987 1256 699 19969 15555 3946 11609 5130 615 4810 901 3909 4414 998 3416
is_linear=0
shrinkage=0.12


Tree=16
num_leaves=45
num_cat=0
split_feature=2 89 29 2 82 60 6 92 73 73 11 82 69 69 28 57 55 55 55 89 6 70 65 22 47 55 86 92 73 0 74 73 73 33 46 85 0 33 81 50 65 46 65 76
split_gain=24.1634 5.91815 4.02109 3.87007 6.25066 3.04605 3.58316 2.72629 2.04612 3.44726 2.01176 1.79746 1.79492 1.99928 3.51138 1.42635 1.31869 1.15959 1.13148 1.10423 0.821176 0.869816 0.708415 0.699835 0.662424 0.622303 0.569745 0.5629 0.522564 0.44333 0.351159 1.34321 0.423401 0.452722 0.154549 0.128085 0.11887 0.099289 0.0801607 0.0765498 0.057703 0.0454918 0.0278587 0.0206574
threshold=249.75000000000003 0.37500000000000006 -10.172816753387449 316.83999633789068 1.0000000180025095e-35 1.0000000180025095e-35 0.97884997725486766 1.1047285795211794 315.35095214843756 391.26876831054693 1.0000000180025095e-35 1.0000000180025095e-35 2.5000000000000004 6.5000000000000009 88.826923370361342 3.3031250238418584 0.073340173810720458 0.12064168602228166 0.24389567971229556 0.37500000000000006 0.59915000200271618 21.500000000000004 41.500000000000007 1.3781666755676272 0.019481053575873378 0.11186637729406358 1.0000000180025095e-35 0.7555857002735139 545.56329345703136 54.655250549316413 3.5000000000000004 435.52854919433599 579.37283325195324 0.48223862051963812 0.31256176531314855 1.0000000180025095e-35 69.733600616455092 0.3208549171686173 0.38925565779209143 0.37599423527717596 21.500000000000004 0.5115518867969514 8.5000000000000018 0.68298467993736278
decision_type=2 2 2 2 2 2 2 2 2 2 2 2 2 2 2 2 2 2 2 2 2 2 2 2 2 2 2 2 2 2 2 2 2 2 2 2 2 2 2 2 2 2 2 2
left_child=1 2 12 4 19 6 25 11 26 -10 -8 17 -1 14 -14 -11 -15 24 22 20 -2 -22 -7 -21 -3 -4 36 -6 -19 -25 35 -32 39 -34 -29 41 -9 38 -13 -33 -39 -5 -43 -36
right_child=3 7 5 30 27 18 10 8 9 15 -12 37 13 16 -16 -17 -18 28 -20 23 21 -23 -24 29 -26 -27 -28 34 -30 -31 31 32 33 -35 43 -37 -38 40 -40 -41 -42 42 -44 -45
leaf_value=0.012022141536505793 0.0022868592578558452 0.0041462765878378903 0.0012205097813713071 -0.006072284162424656 -0.0012308094660679714 0.0037928559716702108 -0.0057903553172474519 0.0014552475631177219 0.015826515927795541 0.0069079628260017879 -0.0012700625598305092 0.0056047825629314861 -0.005125622572802308 -0.00013251025547502833 0.0085664217891182753 0.0033965499528467056 0.0084919143519516863 -0.0011910586106267745 0.007758912914774126 0.0031633862023110128 -0.0019678790214906444 -0.0047148440400261952 -0.00078573724848177769 -0.0019374888867473915 -0.0018840075202643128 0.0077986816891689069 -0.0033685985055403912 0.0014367638005942896 0.0035533695744276654 0.00067511375728209822 0.0044884022543812598 -0.0063268953806504338 -0.0013484405405394619 -0.0033329558246298165 0.0040657288995591592 -0.0026307826197317689 0.0044200486295031252 0.002482688003798516 0.0039244097737636966 -0.0044697278562519285 0.0043030757598141343 -0.0037302965498887575 -0.0050103804895176374 0.0047292436694504917
leaf_weight=393 394 304 334 490 321 1033 2210 545 505 4349 3955 1452 767 337 416 2700 1053 402 559 587 3295 3345 920 3451 1913 545 329 302 1985 1283 329 607 1903 12719 2079 368 303 361 569 675 821 312 1137 1001
leaf_count=393 394 304 334 490 321 1033 2210 545 505 4349 3955 1452 767 337 416 2700 1053 402 559 587 3295 3345 920 3451 1913 545 329 302 1985 1283 329 607 1903 12719 2079 368 303 361 569 675 821 312 1137 1001
internal_value=2.59347e-05 0.00257694 0.000608915 -0.00211674 -0.000753024 -0.000589104 -0.00186852 0.00406707 0.00552399 0.00624911 -0.00289048 0.00243771 0.00446875 0.00331504 -0.000310838 0.00556298 0.00640096 0.000918982 0.00299856 -0.00204917 -0.00303587 -0.0033517 0.00163602 -0.000744822 -0.00105712 0.00529913 0.000870107 0.00357155 0.00275435 -0.00122943 -0.00329789 -0.00310101 -0.00325801 -0.00307468 0.00402736 -0.00468323 0.0025146 0.00462073 0.00513168 -0.00534906 0.0037471 -0.00507276 -0.00473475 0.00428137
internal_weight=63658 29060 12522 34598 16058 9556 7044 16538 8731 7554 6165 7807 2966 2573 1183 7049 1390 4604 2512 12355 7034 6640 1953 5321 2217 879 1177 3703 2387 4734 18540 16233 15904 14622 3382 2307 848 3203 2021 1282 1182 1939 1449 3080
internal_count=63658 29060 12522 34598 16058 9556 7044 16538 8731 7554 6165 7807 2966 2573 1183 7049 1390 4604 2512 12355 7034 6640 1953 5321 2217 879 1177 3703 2387 4734 18540 16233 15904 14622 3382 2307 848 3203 2021 1282 1182 1939 1449 3080
is_linear=0
shrinkage=0.12


Tree=17
num_leaves=46
num_cat=0
split_feature=2 90 66 65 2 2 2 82 5 55 55 82 68 68 70 66 8 57 57 55 55 69 86 51 10 55 22 93 65 57 51 34 6 84 55 35 5 34 72 46 65 81 46 2 34
split_gain=18.8369 5.26289 3.55366 3.55873 2.77261 2.38335 2.33834 4.41331 2.02452 1.70961 1.52569 1.46056 1.4442 1.21346 2.19713 2.09237 1.10819 1.08059 1.12069 1.04146 0.944449 0.887972 0.856327 0.836992 0.789094 0.705977 0.754648 0.673425 0.634423 0.55093 0.505115 0.441939 0.314149 0.310789 0.267328 0.264507 0.333093 0.211983 0.109588 0.0824414 0.106718 0.0664474 0.0455914 0.0191356 0.0114179
threshold=258.05999755859381 1.0000000180025095e-35 5.2031250000000009 42.500000000000007 175.87500000000003 193.89499664306643 316.83999633789068 1.0000000180025095e-35 2.7661999464035039 0.093566354364156737 0.1767518296837807 1.0000000180025095e-35 2.5000000000000004 1.0000000180025095e-35 14.500000000000002 1.6062499880790713 1.0650045275688174 3.3531249761581425 2.6906249523162846 0.11186637729406358 0.12064168602228166 4.5000000000000009 1.0000000180025095e-35 0.064006254076957717 2.5000000000000004 0.19072066992521289 2.9920583963394169 1.0000000180025095e-35 39.500000000000007 4.1312499046325692 0.074088521301746382 0.7555857002735139 0.59915000200271618 1.0000000180025095e-35 0.044605506584048278 236.81428527832034 0.92249998450279247 1.3122571110725405 3.7281249761581425 0.47882255911827093 8.5000000000000018 1.2894080281257632 0.33112178742885595 428.00999450683599 0.77622857689857494
decision_type=2 2 2 2 2 2 2 2 2 2 2 2 2 2 2 2 2 2 2 2 2 2 2 2 2 2 2 2 2 2 2 2 2 2 2 2 2 2 2 2 2 2 2 2 2
left_child=1 2 13 4 10 9 7 21 16 22 -4 20 -10 15 -15 24 -5 18 -11 -6 28 -2 37 -24 -1 32 -27 -16 -7 -19 -22 -9 -23 34 39 43 -37 -3 -13 -8 -41 -40 -33 -36 -44
right_child=6 5 3 8 19 11 33 31 12 17 -12 38 -14 14 27 -17 -18 29 -20 -21 30 25 23 -25 -26 26 -28 -29 -30 -31 -32 42 -34 -35 35 36 -38 -39 41 40 -42 -43 44 -45 -46
leaf_value=-0.0053606120366530181 0.0043221967667341227 0.0035473537602003415 0.0038005791723050852 0.0061045531189543841 -0.0016227860208746579 0.000447164812619796 -0.005728249454680155 -0.0010831123214023553 -0.013375207909628602 0.0065637176439591535 0.0095845173046051578 0.002350916132722751 -0.0030463290754561786 0.0035892896963463676 -0.0099240082242169295 0.0080909554351933817 -0.0010227891415735698 -0.00074022914635398505 0.014027417148995611 0.0024070708555614553 -0.00076574135955203985 0.00029875222054860472 -0.005165889731832538 0.0020055448531996188 0.00092717282376859498 -0.0018631349816740656 0.0025299116974042165 -0.0043996308924946171 -0.0036087857740542285 0.0046220856189402816 0.0031791713032211719 0.0022383612768075364 -0.0030072997281537809 0.00010831644650153708 -0.003489288213113072 -0.0018137887297737943 -0.0031351304839165651 0.006927153168647897 0.004378398525209137 -0.002266515101412952 -0.0042558154385580957 0.0025906981949527555 0.0044468340723800796 -0.0043023540320918123 0.0036879744721680049
leaf_weight=766 309 2109 1881 361 1453 1488 381 321 307 3606 1009 571 534 310 770 306 2420 330 315 2534 612 440 324 847 460 1863 807 541 886 1683 1978 307 6973 481 3950 5486 5503 306 2563 497 1776 339 329 466 2160
leaf_count=766 309 2109 1881 361 1453 1488 381 321 307 3606 1009 571 534 310 770 306 2420 330 315 2534 612 440 324 847 460 1863 807 541 886 1683 1978 307 6973 481 3950 5486 5503 306 2563 497 1776 339 329 466 2160
internal_value=2.28225e-05 0.00210138 0.000325523 0.00138651 0.00298986 0.00345149 -0.00202719 -0.000826393 -0.00165774 0.00475295 0.00581995 0.00198296 -0.0068168 -0.00320739 -0.00549599 -0.000785834 -9.7593e-05 0.00600305 0.00716333 0.000938452 0.000662322 -0.00201427 0.00268434 2.13051e-05 -0.00300141 -0.00220845 -0.000535349 -0.00764431 -0.00106656 0.00374302 0.00224701 0.00313395 -0.00281107 -0.00290215 -0.00298233 -0.00279069 -0.00247548 0.0039756 0.00387056 -0.00409467 -0.00382085 0.00416957 0.0036181 -0.00357509 0.00378828
internal_weight=63658 31609 13652 10499 6877 17957 32049 13509 3622 9520 2890 8437 841 3153 1621 1532 2781 5934 3921 3987 4964 10392 3586 1171 1226 10083 2670 1311 2374 2013 2590 3117 7413 18540 18059 15405 10989 2415 3473 2654 2273 2902 2796 4416 2489
internal_count=63658 31609 13652 10499 6877 17957 32049 13509 3622 9520 2890 8437 841 3153 1621 1532 2781 5934 3921 3987 4964 10392 3586 1171 1226 10083 2670 1311 2374 2013 2590 3117 7413 18540 18059 15405 10989 2415 3473 2654 2273 2902 2796 4416 2489
is_linear=0
shrinkage=0.12


Tree=18
num_leaves=46
num_cat=0
split_feature=33 34 87 2 87 55 51 2 0 13 0 1 72 75 72 65 55 22 57 66 74 5 51 65 29 5 55 34 51 0 66 65 47 72 66 1 87 93 69 47 53 82 24 72 28
split_gain=15.0927 3.42577 3.25301 2.97773 3.64322 2.95208 1.51034 1.35235 1.22718 1.09089 1.0693 1.50305 1.33161 0.981824 0.980428 1.82775 0.849106 1.07479 0.737073 0.652459 1.80329 0.617997 0.44195 0.435879 0.435854 0.364366 0.292985 0.543507 0.439826 0.243786 0.241427 0.399357 0.238811 0.238697 0.316425 0.224502 0.204484 1.38599 0.204692 0.170616 0.157006 0.0564488 0.114596 0.0550058 0.0350758
threshold=0.32566010951995855 1.2485428452491762 0.37500000000000006 299.19500732421881 0.37500000000000006 0.099681641906499877 0.13626256585121158 105.59999847412111 60.623100280761726 8.9936499595642108 69.733600616455092 17.257349967956547 1.0187500119209292 3.5000000000000004 5.7781250476837167 38.500000000000007 0.19072066992521289 1.2793166637420657 3.2468750476837163 4.0468750000000009 3.5000000000000004 0.75644999742507946 0.10843582078814508 5.5000000000000009 -59.238550186157219 2.2250000238418584 0.20650136470794681 0.65532857179641735 0.089789092540740981 55.66835021972657 6.6781251430511483 30.500000000000004 0.095336597412824645 4.0906250476837167 3.3437500000000004 10.08205032348633 0.37500000000000006 1.0000000180025095e-35 12.500000000000002 0.16244883090257647 2.2093750238418584 1.0000000180025095e-35 8.9722237586975115 31.859375000000004 31.043319702148441
decision_type=2 2 2 2 2 2 2 2 2 2 2 2 2 2 2 2 2 2 2 2 2 2 2 2 2 2 2 2 2 2 2 2 2 2 2 2 2 2 2 2 2 2 2 2 2
left_child=1 2 5 4 14 10 13 -3 16 -8 11 -1 -12 -7 19 21 17 -9 -17 20 -2 -16 -10 -6 -18 26 36 43 -29 -21 33 -32 -27 34 -4 -33 38 -38 -5 -24 -34 42 -25 -28 -43
right_child=3 7 30 25 23 6 9 8 22 -11 12 -13 -14 -15 15 18 24 -19 -20 29 -22 -23 39 41 -26 32 27 28 -30 -31 31 35 40 -35 -36 -37 37 -39 -40 -41 -42 44 -44 -45 -46
leaf_value=-0.003204126718662536 -0.0035620321379528979 0.010835425640415968 0.0026167121613634449 -0.003777639606716668 -0.0016243746985520164 0.0016651203937084139 0.0029951093167075969 -8.0814572743205689e-05 0.00480578320632696 0.010175494108031072 0.0085969923486435163 0.002795870367474381 -0.00058506169444674588 -0.002190416438816037 0.0069525978947058316 -0.00033875555912969973 0.0091388367781784895 0.0046742492096697131 -0.0030505917787713235 -0.0070423602885559666 0.0064273284834724352 0.0012786113399433658 0.01183327952176402 0.00028483128303196281 0.0042312815342850692 -0.0027446939788672744 -0.0024880065375664675 -0.0024578347513614339 0.0016340124664892409 -0.0032374832232200399 0.0082650532810948779 0.0056213805294308477 -0.0012611877375021815 0.00080048545884814555 0.0070849169635962776 0.0035186995634283492 -0.0029867321595758935 0.0027781276753507012 -0.0026846255738365728 0.0079137185099192302 0.0021929899680898667 0.004414815590243283 0.0034981899965848577 -0.0041003463080210422 0.0030991542752989627
leaf_weight=3955 1594 511 850 3363 312 2840 4286 1407 382 328 303 709 912 1430 316 2552 435 1333 3322 667 311 2207 335 300 650 402 2114 603 1015 381 375 1041 311 560 312 2457 3570 722 9263 306 485 322 342 356 3111
leaf_count=3955 1594 511 850 3363 312 2840 4286 1407 382 328 303 709 912 1430 316 2552 435 1333 3322 667 311 2207 335 300 650 402 2114 603 1015 381 375 1041 311 560 312 2457 3570 722 9263 306 485 322 342 356 3111
internal_value=2.00838e-05 0.00226439 0.0015538 -0.00150114 -0.000238375 0.000619963 0.00200037 0.00496385 0.00434496 0.00350555 -0.00146602 -0.00229203 0.00170478 0.000373922 -0.00137351 -0.000712118 0.00335759 0.00223251 -0.00187242 -0.00325422 -0.00193122 0.00198927 0.00803671 0.00269844 0.00619883 -0.00239613 -0.00251222 -0.00160052 0.000109053 -0.0056591 0.00401781 0.00454343 -0.000360598 0.00283564 0.00381644 0.00414445 -0.00273252 -0.00201697 -0.00297576 0.00996216 0.000843431 0.00302942 0.00199662 -0.00272039 0.00322256
internal_weight=63658 25717 20358 37941 15737 14763 8884 5359 4848 4614 5879 4664 1215 4270 11350 8397 3825 2740 5874 2953 1905 2523 1023 4387 1085 22204 21006 4088 1618 1048 5595 3873 1198 1722 1162 3498 16918 4292 12626 641 796 4075 642 2470 3433
internal_count=63658 25717 20358 37941 15737 14763 8884 5359 4848 4614 5879 4664 1215 4270 11350 8397 3825 2740 5874 2953 1905 2523 1023 4387 1085 22204 21006 4088 1618 1048 5595 3873 1198 1722 1162 3498 16918 4292 12626 641 796 4075 642 2470 3433
is_linear=0
shrinkage=0.12


Tree=19
num_leaves=48
num_cat=0
split_feature=2 2 87 66 76 51 65 89 66 71 29 89 69 55 66 55 1 0 87 0 76 5 55 69 89 93 46 12 65 5 59 66 35 55 87 55 34 81 50 54 34 1 81 34 2 94 22
split_gain=11.834 3.84642 4.10961 2.67298 2.67127 1.50192 1.48412 1.58368 1.54999 1.41962 1.12422 1.37136 1.95407 0.990627 0.943718 0.80335 0.801266 0.675239 0.62891 0.706989 0.759127 0.59962 0.575551 0.564147 0.530306 1.65089 0.448935 0.385148 0.410324 0.337456 0.300912 0.256322 0.206812 0.296258 0.173378 0.173232 0.315503 0.111361 0.0998864 0.0956587 0.0884148 0.126324 0.0884335 0.0856122 0.0503278 0.0368291 0.0272893
threshold=193.89499664306643 296.63999938964849 0.37500000000000006 3.2281249761581425 0.66287657618522655 0.11994027718901636 25.500000000000004 1.0000000180025095e-35 4.1687500476837167 36.500000000000007 -70.521247863769517 1.0000000180025095e-35 5.5000000000000009 0.11823612079024316 5.5968749523162851 0.11525653302669527 18.205049514770511 31.612200736999515 0.62500000000000011 72.007148742675795 0.86575314402580272 2.0787500143051152 0.19552778452634814 11.500000000000002 0.37500000000000006 1.0000000180025095e-35 0.10999862477183343 1.3885499835014345 41.500000000000007 1.1030499935150149 3.8226845264434819 0.73125001788139354 236.81428527832034 0.14004965126514438 0.62500000000000011 0.20650136470794681 0.64624285697937023 1.2894080281257632 0.15053871273994449 0.12061633542180063 0.74529999494552623 15.270550251007082 0.05384268797934056 0.76879999041557323 238.05500030517581 0.24344285577535632 2.1794624328613286
decision_type=2 2 2 2 2 2 2 2 2 2 2 2 2 2 2 2 2 2 2 2 2 2 2 2 2 2 2 2 2 2 2 2 2 2 2 2 2 2 2 2 2 2 2 2 2 2 2
left_child=3 2 5 18 10 16 7 -6 -9 23 27 12 -12 21 -15 -13 17 -2 19 20 -1 -7 -11 -8 29 32 -4 -5 -29 35 -18 -22 45 -34 46 39 -37 38 -28 -3 41 -31 -42 -36 -39 -26 -27
right_child=1 24 26 4 6 13 9 8 -10 22 11 15 -14 14 -16 -17 30 -19 -20 -21 31 -23 -24 -25 25 34 37 28 -30 40 -32 -33 33 -35 43 36 -38 44 -40 -41 42 -43 -44 -45 -46 -47 -48
leaf_value=0.00069382735082777649 -0.00329444374280722 -0.0042241437357273042 -0.0017557423294128965 0.0091868674349034722 -0.0021797758423781487 0.00014814175419830856 0.013366271213766583 0.0093061987584806046 0.002071843870745911 0.0033066064521251547 -0.0055227081986341736 0.0011684076394192192 0.0019936796527564278 -0.0027508288870190995 0.0023029384736699614 0.003769226776951341 5.2637322253190174e-05 -0.0012315339032338529 0.0025421736178666732 0.002037503816689371 -0.0079710377850395475 -0.0033728084780219104 0.009430236873200732 0.0075438469593639779 -0.0033892942037752833 0.0016554797293438317 0.0038184632099548237 0.0073610372199865827 0.0012697966176942414 -0.0036976449656051865 0.0046533232230686911 -0.0038367632248301289 -0.002255175411622466 -0.00076465101570439501 0.0051380859774447256 -0.0023422433333402486 0.0014560503375536439 0.0002439828679903717 0.002704122509478987 -0.0023807607101489167 -0.0032097864888522322 -0.0014593289239725115 -0.0056645097796167165 0.0025036362053539891 0.0023664338033616726 -0.0024533987110991673 0.00010979085576674733
leaf_weight=404 4123 442 320 368 512 1721 667 795 920 770 792 2947 1342 620 3752 4075 640 5125 521 423 374 1170 310 374 1465 357 1616 318 319 2171 301 511 5819 2866 310 912 481 307 4090 4892 346 436 543 416 338 1032 305
leaf_count=404 4123 442 320 368 512 1721 667 795 920 770 792 2947 1342 620 3752 4075 640 5125 521 423 374 1170 310 374 1465 357 1616 318 319 2171 301 511 5819 2866 310 912 481 307 4090 4892 346 436 543 416 338 1032 305
internal_value=1.76738e-05 -0.000959705 9.64652e-05 0.00275658 0.00335142 -0.000871899 0.00584053 0.00367691 0.00542538 0.00811229 0.0022863 0.00186811 -0.000795908 0.00044663 0.00158626 0.00267771 -0.00181178 -0.00215123 -0.00110842 -0.00221938 -0.00361633 -0.0012768 0.00506432 0.0112744 -0.0020775 -0.00155551 0.0026298 0.00609616 0.00431064 -0.00271934 0.00152427 -0.0055839 -0.00204003 -0.00176331 0.00234785 -0.00222232 -0.0010307 0.00285077 0.00301972 -0.00253351 -0.00367571 -0.0033233 -0.00470913 0.00362854 0.00135621 -0.00300249 0.000943342
internal_weight=63658 46916 24123 16742 14509 17452 4348 2227 1715 2121 10161 9156 2134 7263 4372 7022 10189 9248 2233 1712 1289 2891 1080 1041 22793 12570 6671 1005 637 10223 941 885 11182 8685 1388 6727 1393 6351 5706 5334 3496 2607 889 726 645 2497 662
internal_count=63658 46916 24123 16742 14509 17452 4348 2227 1715 2121 10161 9156 2134 7263 4372 7022 10189 9248 2233 1712 1289 2891 1080 1041 22793 12570 6671 1005 637 10223 941 885 11182 8685 1388 6727 1393 6351 5706 5334 3496 2607 889 726 645 2497 662
is_linear=0
shrinkage=0.12


Tree=20
num_leaves=45
num_cat=0
split_feature=33 89 67 2 87 93 36 12 65 69 82 74 72 45 14 76 76 72 2 10 57 74 72 72 72 34 57 57 0 83 47 6 72 51 59 62 82 35 72 72 76 51 34 2
split_gain=8.89345 2.92316 1.92063 1.86391 1.7926 2.77455 1.52436 1.50626 1.80859 1.39184 1.39084 1.06085 2.54261 1.0143 0.982443 0.850506 0.702343 0.641009 0.601834 0.530114 0.517255 0.910076 0.929916 4.62323 0.666596 0.83658 0.501026 0.461779 0.365101 0.302019 0.242117 0.231646 0.18035 0.178284 0.154285 0.141012 0.110326 0.109022 0.0954605 0.214041 0.0942755 0.0898926 0.0799226 0.0773894
threshold=0.34497648477554327 1.0000000180025095e-35 1.0000000180025095e-35 151.17499542236331 0.37500000000000006 1.0000000180025095e-35 -56.080293655395501 1.7209500074386599 41.500000000000007 12.500000000000002 1.0000000180025095e-35 3.5000000000000004 4.0906250476837167 0.49687500298023229 3.0139499902725224 0.92041456699371349 0.31380684673786169 26.456250190734867 112.12500000000001 2.5000000000000004 3.3531249761581425 7.5000000000000009 4.0906250476837167 3.4593750238418584 7.8593750000000009 0.78014287352561962 4.0687499046325692 2.5531250238418584 51.575901031494148 1.0000000180025095e-35 0.03675577603280545 7.9960501194000253 2.8906250000000004 0.22267834097146991 5.1609661579132089 -23.644174575805661 1.0000000180025095e-35 259.05714416503912 6.2156250476837167 8.1281251907348651 0.77474164962768566 0.1190149560570717 0.86377140879631054 305.49499511718756
decision_type=2 2 2 2 2 2 2 2 2 2 2 2 2 2 2 2 2 2 2 2 2 2 2 2 2 2 2 2 2 2 2 2 2 2 2 2 2 2 2 2 2 2 2 2
left_child=1 2 9 15 20 32 -4 8 -8 28 11 13 -13 -5 -9 16 17 -3 -18 -11 21 22 23 -2 25 -23 34 -26 -1 -24 -7 33 -6 -28 41 -34 42 -37 40 -40 -12 -22 -32 -38
right_child=4 3 6 10 5 30 7 14 -10 19 38 12 -14 -15 -16 -17 18 -19 -20 -21 26 24 29 -25 27 -27 31 -29 -30 -31 36 -33 35 -35 -36 37 43 -39 39 -41 -42 -43 -44 -45
leaf_value=-0.0098053861387466697 -0.0027069262832985727 -0.00053088785576668718 0.006689037693413895 0.00070446127224501893 -0.0043060402356840059 -0.0011403217230130955 -0.00033642963011113635 0.0038921872231555332 -0.0092181577871705642 -0.0028922107217425738 0.00064922248842421825 0.0088454074541005553 0.00081897589464073443 -0.0053921969386578443 -0.00052535529557548707 -0.0019768517095725864 0.0077168153833181291 0.0046173351731295656 0.0043928940685893144 0.0033282141171022024 -0.0021783720476194644 -0.0007749730183237816 -0.0049582648999826539 0.010776411438870873 -0.0014504869273192405 0.0050626253883134815 -0.0026361508041409343 0.00090566384258683279 -0.0047752794174104928 -0.0020606450183649396 0.00063376222526339134 0.00021273250485191473 -0.0036581077393464984 -0.0012256366239394004 -0.0064260295775248524 -0.0025383252172924207 0.0024700069043281005 -0.001082265473966011 0.0061312043949006134 0.0032554480398811082 0.0029698994397202578 -0.0048592352250125259 0.0028333577495715826 0.0044692841074505784
leaf_weight=466 3499 666 526 880 436 312 1012 1305 490 562 328 607 8920 710 1631 311 1074 730 2909 304 325 826 1976 409 7247 618 5895 1435 375 702 803 555 488 1652 485 1026 3246 2661 423 3134 1089 404 338 305
leaf_count=466 3499 666 526 880 436 312 1012 1305 490 562 328 607 8920 710 1631 311 1074 730 2909 304 325 826 1976 409 7247 618 5895 1435 375 702 803 555 488 1652 485 1026 3246 2661 423 3134 1089 404 338 305
internal_value=2.60104e-06 0.00158471 -0.000613126 0.00225785 -0.00126031 0.000139861 0.000580886 -0.000143063 -0.00323393 -0.00408535 0.00159773 0.000851479 0.00133037 -0.00201795 0.00143816 0.00412462 0.00447739 0.00216123 0.00528918 -0.000708597 -0.00177755 -0.00137815 -0.00247617 -0.0012958 -0.000663981 0.00172339 -0.00249404 -0.00106105 -0.00756247 -0.00419869 0.00209664 -0.00215339 -0.0019837 -0.0023274 -0.00476748 -0.00174117 0.00231188 -0.00148745 0.00326563 0.00359743 0.00243272 -0.00366406 0.00128535 0.00264173
internal_weight=64095 28452 6671 21781 35643 9615 4964 4438 1502 1707 16091 11117 9527 1590 2936 5690 5379 1396 3983 866 26028 16712 6586 3908 10126 1444 9316 8682 841 2678 5004 8102 4611 7547 1214 4175 4692 3687 4974 3557 1417 729 1141 3551
internal_count=64095 28452 6671 21781 35643 9615 4964 4438 1502 1707 16091 11117 9527 1590 2936 5690 5379 1396 3983 866 26028 16712 6586 3908 10126 1444 9316 8682 841 2678 5004 8102 4611 7547 1214 4175 4692 3687 4974 3557 1417 729 1141 3551
is_linear=0
shrinkage=0.12


Tree=21
num_leaves=46
num_cat=0
split_feature=2 89 69 74 65 12 68 72 66 78 72 66 66 72 89 82 89 93 82 46 12 34 66 72 72 0 57 0 70 78 59 53 0 65 13 82 8 34 8 66 62 34 70 2 46
split_gain=7.04551 2.99969 2.62676 2.57921 2.51178 1.98823 1.83247 1.63467 1.47447 1.43404 1.18231 6.78652 2.87383 2.11392 1.7257 0.997794 0.764826 1.73499 0.50104 0.464388 0.402763 0.515093 0.347831 3.16141 0.885642 0.548111 0.313042 0.259093 0.19625 0.190191 0.186095 0.166933 0.153041 0.172496 0.141661 0.13424 0.125344 0.116524 0.114136 0.113172 0.108278 0.0798498 0.0700337 0.0533999 0.0122746
threshold=269.59500122070318 0.37500000000000006 2.5000000000000004 6.5000000000000009 39.500000000000007 1.8103500008583071 1.0000000180025095e-35 3.7281249761581425 1.7906250357627871 3.1487326622009282 3.3281250000000004 4.0468750000000009 5.7093751430511483 8.0031251907348651 4.8750000000000009 1.0000000180025095e-35 0.37500000000000006 1.0000000180025095e-35 1.0000000180025095e-35 0.23140480369329455 3.1102499961853032 0.80478569865226757 4.0468750000000009 3.1156250238418584 5.5468750000000009 60.623100280761726 3.3531249761581425 47.598751068115241 12.500000000000002 3.8364797830581669 1.5105906128883364 2.1718750000000004 88.920349121093764 5.5000000000000009 5.3511500358581552 1.0000000180025095e-35 1.9537734985351565 0.73061427474021923 0.67592599987983715 11.536458492279055 1.3450782895088198 0.76879999041557323 21.500000000000004 310.04499816894537 0.36044402420520788
decision_type=2 2 2 2 2 2 2 2 2 2 2 2 2 2 2 2 2 2 2 2 2 2 2 2 2 2 2 2 2 2 2 2 2 2 2 2 2 2 2 2 2 2 2 2 2
left_child=1 2 -1 6 9 -6 8 -8 -4 -5 18 14 15 -14 -12 -13 20 22 19 27 28 38 23 25 37 -18 -26 -3 31 36 -23 -2 33 -20 -21 43 -30 -24 39 -22 -40 -37 -31 -19 -43
right_child=16 10 3 4 5 -7 7 -9 -10 -11 11 12 13 -15 -16 -17 17 35 32 34 21 30 24 -25 26 -27 -28 -29 29 42 -32 -33 -34 -35 -36 41 -38 -39 40 -41 -42 44 -44 -45 -46
leaf_value=0.0080133735308423638 -0.0035479520920506978 -0.0020593142861973302 -0.0021093082033349078 -0.00032344544021549622 -0.004388055057606477 0.00026909918441430123 -0.010906465289297517 -0.0032906482218764922 0.0070345301105814318 0.0041964388456499115 0.007296435764965397 -0.0059134223196849207 0.0060538203912670896 0.0018437435167739991 0.017579888797909067 0.00056569622191225807 -0.0038126281185064245 -0.00059408855453279717 0.004131586735252493 -0.0054617234627540043 0.0012332074135506096 -0.00068066394069997622 -0.0043045199322711437 0.011357934314757586 -0.00078450099401732758 0.00093093178429446365 -0.0021182560604350964 0.0017232390606197552 -0.0030287818877069756 -0.0014767654009538464 0.0026749770856113173 -8.2413691173618039e-05 -0.00051197637973735509 0.00073713891327705427 -0.001952729609189555 0.0040397013668706152 -0.0056970560984467436 -0.0071826421230744182 -0.0022009468820098836 -0.0019339110230845687 -0.00043496245552884181 0.0012573269195668697 -0.0032026650626623644 0.0012698839994694441 0.0020805677026212504
leaf_weight=550 332 449 1447 1535 1830 4737 626 1154 308 2960 473 833 1986 12698 467 581 981 376 479 370 312 472 549 300 5688 546 4570 622 387 437 480 504 307 392 300 304 735 321 6901 339 539 313 1503 538 1564
leaf_count=550 332 449 1447 1535 1830 4737 626 1154 308 2960 473 833 1986 12698 467 581 981 376 479 370 312 472 549 300 5688 546 4570 622 387 437 480 504 307 392 300 304 735 321 6901 339 539 313 1503 538 1564
internal_value=2.28891e-06 0.00114564 -0.000127648 -0.000434393 0.000467325 -0.00102869 -0.00325612 -0.00596902 -0.000504578 0.00265294 0.00211204 0.00249434 0.00191561 0.00241315 0.0124053 -0.00325121 -0.00138214 -0.000828695 -0.000119432 -0.00141266 -0.00206856 -0.00162903 -0.00143852 9.60486e-05 -0.00169046 -0.0021165 -0.0013787 0.000137463 -0.00308822 -0.00353312 0.00101126 -0.00145868 0.00179186 0.00260389 -0.00389053 0.00172389 -0.00477672 -0.00536645 -0.00193969 -0.000416029 -0.00207301 0.0022355 -0.00281389 0.000503086 0.00194329
internal_weight=64095 35104 15147 14597 11062 6567 3535 1780 1755 4495 19957 17038 16098 14684 940 1414 28991 16050 2919 1741 12941 9043 12955 1827 11128 1527 10258 1071 3898 3062 952 836 1178 871 670 3095 1122 870 8091 651 7440 2181 1940 914 1877
internal_count=64095 35104 15147 14597 11062 6567 3535 1780 1755 4495 19957 17038 16098 14684 940 1414 28991 16050 2919 1741 12941 9043 12955 1827 11128 1527 10258 1071 3898 3062 952 836 1178 871 670 3095 1122 870 8091 651 7440 2181 1940 914 1877
is_linear=0
shrinkage=0.12


Tree=22
num_leaves=42
num_cat=0
split_feature=2 87 93 55 22 66 70 1 89 0 87 47 89 12 55 54 66 81 1 59 46 29 0 45 22 1 49 14 70 92 66 53 82 1 72 53 61 45 55 29 0
split_gain=6.01771 1.96915 2.31874 1.7784 1.18956 1.2346 1.37102 1.43422 1.36948 1.09423 1.31304 1.18665 0.855807 1.82924 0.715326 0.607364 0.654053 0.624118 0.603793 0.569405 0.567766 0.552011 0.507613 0.758477 0.472082 0.441368 0.375507 0.346276 0.470946 0.301953 0.252882 0.224044 0.153991 0.17035 0.149761 0.167411 0.149549 0.142314 0.0538334 0.047818 0.0417546
threshold=193.89499664306643 0.37500000000000006 1.0000000180025095e-35 0.092149790376424803 3.6350499391555791 11.176562786102297 29.500000000000004 11.581449985504152 0.37500000000000006 73.864147186279311 0.37500000000000006 0.045506136491894729 0.37500000000000006 1.8103500008583071 0.16208034008741382 0.023817694745957855 6.7468750476837167 0.12721367925405505 17.798049926757816 1.8549152016639712 0.1205008700489998 54.66841125488282 31.612200736999515 0.01250000041909516 1.8278083205223086 12.460599899291994 1.3156250119209292 8.4713997840881365 21.500000000000004 1.1347285509109499 1.0687500238418581 2.5093749761581425 1.0000000180025095e-35 12.371000289916994 3.3281250000000004 2.3968750238418584 6.3156249523162851 0.69687500596046459 0.04735169745981694 183.30122375488284 96.808849334716811
decision_type=2 2 2 2 2 2 2 2 2 2 2 2 2 2 2 2 2 2 2 2 2 2 2 2 2 2 2 2 2 2 2 2 2 2 2 2 2 2 2 2 2
left_child=3 14 34 9 5 6 7 -5 -8 10 11 29 13 -7 18 16 -16 -18 22 -13 -11 -20 24 -24 -2 -14 -6 28 -17 -1 -4 -23 33 -32 -3 36 -36 38 -12 -37 -34
right_child=1 2 30 4 26 12 8 -9 -10 20 37 19 25 -15 15 27 17 -19 21 -21 -22 31 23 -25 -26 -27 -28 -29 -30 -31 32 -33 40 -35 35 39 -38 -39 -40 -41 -42
leaf_value=-0.0024523517455151476 -0.0045223996925923531 -0.0033991062398704272 -0.0015512185393992788 0.0070921834385179556 0.0050234413716596189 -0.0074912136061122663 -0.0033262090306112077 0.0029439949776764477 0.0033323706588508956 0.006704803881393673 0.0027682573289251116 -0.0023330569573051401 0.0040736947872104462 0.0016999646759819802 -0.0033974023052423638 -0.00010317124959519036 0.0059707431565295113 0.00098628185493304654 0.0043822843736291278 0.0011260611918927188 0.0011297851212859814 1.4589784867816427e-05 0.0034805266472189211 -0.0014059409648908971 -0.0020594726228980939 0.00017296527974274386 0.010910898352023931 0.0026388819020454926 -0.0018597501881353578 -0.0070211058402308091 0.0018790403931478331 -0.0034326357603323859 0.0021138580900716131 -0.00062548899315642006 -0.00017472377188384214 -0.003011490593234507 -0.0021267082146023985 0.0013351012482236938 0.0047483533539768499 -0.001583179849438651 0.0034182297650760759
leaf_weight=326 1288 567 314 1870 312 498 750 3351 1093 512 381 1206 935 834 356 4360 477 1497 391 1587 541 1649 479 10153 8626 755 312 396 4432 577 984 325 5879 649 1870 780 810 591 411 595 376
leaf_count=326 1288 567 314 1870 312 498 750 3351 1093 512 381 1206 935 834 356 4360 477 1497 391 1587 541 1649 479 10153 8626 755 312 396 4432 577 984 325 5879 649 1870 780 810 591 411 595 376
internal_value=2.01425e-06 -0.000692158 0.000577118 0.00194963 0.00288268 0.00256811 0.00343649 0.00442975 0.000622694 0.000319985 -0.000409909 -0.00159017 0.000538266 -0.00173638 -0.00116493 -0.000393489 0.00133692 0.00219073 -0.00155276 -0.000367564 0.00384053 0.00026297 -0.00176176 -0.00118579 -0.00237945 0.00233106 0.00796717 -0.000832308 -0.000988653 -0.0053717 0.00178841 -0.000552963 0.00192136 0.00088367 -0.0015724 -0.00131697 -0.000764689 0.00274427 0.00379581 -0.00239342 0.00219227
internal_weight=64095 47253 12824 16842 10710 10086 7064 5221 1843 6132 5079 3696 3022 1332 34429 11518 2330 1974 22911 2793 1053 2365 20546 10632 9914 1690 624 9188 8792 903 8202 1974 7888 1633 4622 4055 2680 1383 792 1375 6255
internal_count=64095 47253 12824 16842 10710 10086 7064 5221 1843 6132 5079 3696 3022 1332 34429 11518 2330 1974 22911 2793 1053 2365 20546 10632 9914 1690 624 9188 8792 903 8202 1974 7888 1633 4622 4055 2680 1383 792 1375 6255
is_linear=0
shrinkage=0.12


Tree=23
num_leaves=37
num_cat=0
split_feature=2 89 93 55 2 66 23 57 2 72 0 66 69 50 74 36 69 15 78 0 87 14 70 57 57 66 11 69 34 66 47 82 1 63 51 34
split_gain=4.66012 1.71767 1.96067 1.42537 1.12517 1.01167 1.33086 0.995275 1.06476 0.942456 1.39119 0.904038 0.761615 0.703857 0.677844 1.01134 0.725813 0.896471 0.923886 0.667608 0.819672 0.522525 0.55814 0.475996 0.453615 0.424456 0.360737 0.357571 0.250413 0.195832 0.185277 0.119251 0.131919 0.107834 0.0716738 0.041025
threshold=193.89499664306643 0.37500000000000006 1.0000000180025095e-35 0.04735169745981694 105.59999847412111 11.038541793823244 8.7505583763122576 3.3531249761581425 269.59500122070318 6.3156249523162851 91.77099990844728 3.2281249761581425 6.5000000000000009 0.073023661971092238 38.500000000000007 57.555717468261726 9.5000000000000018 4.1534276008605966 7.8243737220764169 91.77099990844728 0.37500000000000006 8.732999801635744 21.500000000000004 2.6906249523162846 4.0687499046325692 0.73125001788139354 1.0000000180025095e-35 8.5000000000000018 0.82180002331733715 1.0687500238418581 0.13741220533847812 1.0000000180025095e-35 12.371000289916994 3.4417223930358891 0.074930895119905486 0.76879999041557323
decision_type=2 2 2 2 2 2 2 2 2 2 2 2 2 2 2 2 2 2 2 2 2 2 2 2 2 2 2 2 2 2 2 2 2 2 2 2
left_child=3 14 7 19 -5 9 12 8 11 13 -11 -3 -7 -6 16 -16 17 -2 -19 20 25 22 -18 -10 33 -1 -27 -26 34 -4 -30 32 -31 -9 -17 -33
right_child=1 2 29 4 5 6 -8 24 23 10 -12 -13 -14 -15 15 28 21 18 -20 -21 -22 -23 -24 -25 27 26 -28 -29 30 31 -32 35 -34 -35 -36 -37
leaf_value=-0.006779982315326059 0.0021029715630133134 -0.0020626576817936301 -0.0013650723425434178 0.0081126723993075814 0.0021507638292335251 -0.0018912187464686352 0.007944042802731005 -0.0030943394044236319 -0.0010314512368093502 0.0030452395068269219 0.0099742670055143826 0.0026266112685678195 0.0013518084073524353 -0.0019555331203929068 0.0049479718328461399 -0.0031892854769907859 -0.00056310602874830556 -0.006001156363442668 -0.0019446355849461418 0.0031834231322084719 0.0020331581743050116 0.0035602833664505878 -0.0021034151755833395 0.0023761240513601773 -0.003787468286312145 -0.0041012056761204254 0.00012987704985048044 -0.0010750809678221119 -0.00089567894208850661 0.0016535555653385148 0.0026109597278156384 0.0032889170261822935 -0.00055043031283595438 -0.0058383467297774749 -0.0012383241010348678 0.0018597345296913767
leaf_weight=370 405 742 314 447 1986 1809 325 398 7746 5902 449 2929 2462 862 537 339 6023 1550 1690 478 587 309 7742 639 828 618 547 4523 429 984 439 304 649 428 1355 5951
leaf_count=370 405 742 314 447 1986 1809 325 398 7746 5902 449 2929 2462 862 537 339 6023 1550 1690 478 587 309 7742 639 828 618 547 4523 429 984 439 304 649 428 1355 5951
internal_value=1.77253e-06 -0.000609099 3.29468e-05 0.00171567 0.00218736 0.00199536 0.000541504 -0.000660199 -2.55827e-05 0.00272173 0.0035351 0.00167879 -2.17894e-05 0.000907917 -0.00142438 0.000212949 -0.00171074 -0.0032199 -0.00388526 -0.00086806 -0.00178069 -0.00131989 -0.00142944 -0.000771768 -0.00189881 -0.00323915 -0.00211459 -0.00149479 -0.000779521 0.0015738 0.00087784 0.00169079 0.00077763 -0.00451617 -0.00162875 0.00192919
internal_weight=64095 47253 26435 16842 14242 13795 4596 18233 12056 9199 6351 3671 4271 2848 20818 3099 17719 3645 3240 2600 2122 14074 13765 8385 6177 1535 1165 5351 2562 8202 868 7888 1633 826 1694 6255
internal_count=64095 47253 26435 16842 14242 13795 4596 18233 12056 9199 6351 3671 4271 2848 20818 3099 17719 3645 3240 2600 2122 14074 13765 8385 6177 1535 1165 5351 2562 8202 868 7888 1633 826 1694 6255
is_linear=0
shrinkage=0.12


Tree=24
num_leaves=38
num_cat=0
split_feature=3 90 93 3 15 66 66 5 49 76 72 66 66 76 66 70 15 76 3 5 72 33 62 59 0 47 22 51 28 51 3 51 0 82 81 46 72
split_gain=3.6088 1.33016 1.51834 1.11983 0.917816 0.955352 1.46962 1.62921 0.969671 0.89825 0.742023 9.64366 1.87059 0.750168 0.736942 0.542558 0.879549 0.538469 0.426578 0.420098 0.381263 0.39837 0.37804 0.361234 0.382167 0.350113 0.487925 0.34894 0.248049 0.243356 0.229601 0.18948 0.158664 0.11458 0.116781 0.0809909 0.0233755
threshold=0.38779000937938696 1.0000000180025095e-35 1.0000000180025095e-35 0.224250003695488 0.17927749454975131 3.4593750238418584 11.064062595367433 2.716750025749207 1.9031249880790713 0.30652938783168798 4.0906250476837167 3.5781250000000004 5.7093751430511483 0.95244187116622936 7.9187500476837167 22.500000000000004 11.812844276428224 0.9762399196624757 0.66784998774528515 1.8040500283241274 29.81875038146973 0.21947963535785678 1.7267239689826968 19999985.000000004 9.7371997833251971 0.15044368058443072 1.1373666524887087 0.11763932183384897 79.606136322021499 0.21952328830957415 0.62737998366355907 0.11701248586177827 102.20199966430665 1.0000000180025095e-35 0.64534106850624096 0.19542244821786883 19.19375038146973
decision_type=2 2 2 2 2 2 2 2 2 2 2 2 2 2 2 2 2 2 2 2 2 2 2 2 2 2 2 2 2 2 2 2 2 2 2 2 2
left_child=3 15 10 9 -5 17 8 -8 -7 -1 11 13 30 -3 -14 22 20 19 29 -6 21 -17 23 24 -2 26 -11 -27 -24 -18 -12 -22 33 34 -4 -35 -20
right_child=1 2 32 4 5 6 7 -9 -10 25 12 -13 14 -15 -16 16 18 -19 36 -21 31 -23 28 -25 -26 27 -28 -29 -30 -31 -32 -33 -34 35 -36 -37 -38
leaf_value=-0.0013616844300325566 -0.0023639315940172825 -0.0023434460344127234 0.0011112948505898888 -0.005344394207932055 0.0022012711203101706 0.0029961742689333425 0.0014875563569549935 -0.003531473662194209 -0.0026593258952446377 0.011166127786762696 -0.0067152609284752739 0.020617363656873878 0.001887393930773395 0.0029858951461094029 -0.00081394230120685536 -0.0068807197861068944 0.00048443982256452477 0.0031398504587251165 -0.0021632361498222829 -0.0026094972373662479 -0.0019594775741405561 -0.0025800439543151171 -6.3589286775022935e-05 0.0026765515574543246 -0.00054204362351051435 0.00063262978987305705 0.0048388790467038282 0.0059032579598889759 0.0039926898750016768 0.0041560473469413675 -0.0035886342080117873 0.0019480575522281443 -0.00106066952531277 0.0036036978619854764 -0.00142510898645533 0.0016345371405713809 -0.0011628907353574917
leaf_weight=326 2226 2012 1319 305 314 7645 3028 1345 463 302 684 326 1647 469 12426 325 1315 382 686 1560 335 6789 482 401 6497 302 419 451 395 324 669 383 365 317 326 5875 660
leaf_count=326 2226 2012 1319 305 314 7645 3028 1345 463 302 684 326 1647 469 12426 325 1315 382 686 1560 335 6789 482 401 6497 302 419 451 395 324 669 383 365 317 326 5875 660
internal_value=1.55983e-06 -0.000536007 2.89931e-05 0.00150979 0.0011713 0.00130615 0.00171693 -5.61426e-05 0.00267322 0.00433843 -0.000580975 0.00121362 -0.000907529 -0.00133601 -0.000497798 -0.00125345 -0.0018425 -0.000966398 -8.97455e-05 -0.00180342 -0.00251053 -0.00277652 -0.000616339 -0.000845076 -0.00100697 0.00559911 0.00748913 0.00378941 0.00176336 0.00121025 -0.00516928 0.000124904 0.00138495 0.00149885 0.00060864 0.00173535 -0.00167273
internal_weight=64095 47253 26435 16842 15042 14737 12481 4373 8108 1800 18233 2807 15426 2481 14073 20818 10817 2256 2985 1874 7832 7114 10001 9124 8723 1474 721 753 877 1639 1353 718 8202 7837 1645 6192 1346
internal_count=64095 47253 26435 16842 15042 14737 12481 4373 8108 1800 18233 2807 15426 2481 14073 20818 10817 2256 2985 1874 7832 7114 10001 9124 8723 1474 721 753 877 1639 1353 718 8202 7837 1645 6192 1346
is_linear=0
shrinkage=0.12


Tree=25
num_leaves=44
num_cat=0
split_feature=34 89 2 55 74 29 69 78 60 65 51 55 66 66 66 0 19 2 78 19 62 62 59 59 57 87 0 16 6 66 57 53 94 87 2 34 55 34 78 35 62 75 13
split_gain=3.29856 1.51478 1.33108 1.10784 0.811398 1.21841 0.835929 1.27877 1.36964 0.866057 0.688826 0.64417 0.747619 1.76274 1.68417 0.634769 0.649781 0.682155 0.628665 0.958474 0.588348 0.528598 0.566904 0.649896 0.480963 0.441458 0.569631 0.392733 0.412901 0.387099 0.346541 0.34424 0.30756 0.208151 0.19447 0.286345 0.105895 0.220349 0.0705845 0.0683802 0.0624853 0.10541 0.0401017
threshold=1.1532713770866396 0.37500000000000006 333.92500305175787 0.1891301050782204 38.500000000000007 57.555717468261726 9.5000000000000018 10.621528148651125 1.0000000180025095e-35 41.500000000000007 0.041607305407524116 0.12064168602228166 4.1687500476837167 3.5781250000000004 5.5968749523162851 29.674900054931644 0.27760416269302374 149.85000610351565 2.9201101064682011 0.27421875298023229 -3.6111736297607417 -0.87872964143753041 4.9380991458892831 2.660372376441956 8.9312500953674334 0.37500000000000006 51.081350326538093 2.1094824075698857 8.0989003181457537 10.944791793823244 3.5656249523162846 2.1968749761581425 1.0000000180025095e-35 1.0000000180025095e-35 274.69999694824224 0.91890001296997081 0.15127876400947574 0.652471423149109 4.7594230175018319 241.82856750488284 -2.2576130628585811 5.5000000000000009 5.0371999740600595
decision_type=2 2 2 2 2 2 2 2 2 2 2 2 2 2 2 2 2 2 2 2 2 2 2 2 2 2 2 2 2 2 2 2 2 2 2 2 2 2 2 2 2 2 2
left_child=1 4 11 10 6 24 7 8 -1 -9 33 25 13 -13 -14 18 30 -18 19 -12 31 -22 23 -23 -6 26 -3 -8 -29 -20 -17 -5 -27 -2 35 -7 40 39 -36 -38 42 -42 -4
right_child=3 2 36 20 5 34 27 9 -10 -11 15 12 14 -15 -16 16 17 -19 29 -21 21 22 -24 -25 -26 32 -28 28 -30 -31 -32 -33 -34 -35 38 -37 37 -39 -40 -41 41 -43 -44
leaf_value=-0.0065594142135665919 -0.003758653522922159 -0.0016593924555266142 -0.0012741891869277127 0.0042848908747606853 0.0022962181583090231 0.0034878429190350478 -0.0050074831752986281 0.00045457899311534227 0.00040794120691533203 -0.0044287014735779322 0.0011475779746185648 -0.0011843279027398906 -0.003723069845442884 0.010792610058551502 0.0015229418533406068 0.0021432926363183199 0.0064038422023508989 0.0011790154770101482 0.0031579146066511381 -0.004803612892077487 -0.0013256600436183032 0.0035323688909254746 -0.0004413395819376952 0.0095959417976868838 0.0082293172584921304 0.0011374484747433548 0.0007985822333314124 -0.0010402755660711984 0.001979083906462939 -0.00071916652223625113 -0.0012751361125428065 0.0099538027796695384 -0.0013105981793794079 -6.5544897399059192e-05 -0.00067845505527729501 -0.0015130308854163007 -0.0018063748193035407 0.0015848580406537291 -0.0021458285612382805 -0.00046428601133415638 -0.0015907586376425688 0.00027193960464332078 -0.0027156861235292061
leaf_weight=1709 471 3641 398 308 516 339 343 1795 533 738 904 340 975 369 9163 1685 973 571 1147 685 352 1382 387 312 318 4697 2165 14027 684 548 572 309 877 412 1057 321 1144 519 853 1047 2875 516 921
leaf_count=1709 471 3641 398 308 516 339 343 1795 533 738 904 340 975 369 9163 1685 973 571 1147 685 352 1382 387 312 318 4697 2165 14027 684 548 572 309 877 412 1057 321 1144 519 853 1047 2875 516 921
internal_value=-1.93896e-05 -0.000412945 0.00015561 0.00186945 -0.00113846 0.000573134 -0.00143229 -0.00281571 -0.00490304 -0.000968185 0.00112498 0.000620183 0.00128188 0.00504909 0.00101842 0.00151887 0.00257465 0.0044716 0.000296882 -0.00141791 0.00381433 0.00297503 0.00370248 0.00464915 0.00455848 -1.05199e-05 -0.000742838 -0.000993478 -0.000899888 0.00190444 0.00127695 0.00712394 0.000752279 -0.00203548 -0.000720165 0.0010556 -0.00123604 -0.000638398 -0.00133378 -0.00116504 -0.00157991 -0.00130732 -0.00228072
internal_weight=63898 52880 29647 11018 23233 3404 19829 4775 2242 2533 7968 22227 10847 709 10138 7085 3801 1544 3284 1589 3050 2433 2081 1694 834 11380 5806 15054 14711 1695 2257 617 5574 883 2570 660 7420 2710 1910 2191 4710 3391 1319
internal_count=63898 52880 29647 11018 23233 3404 19829 4775 2242 2533 7968 22227 10847 709 10138 7085 3801 1544 3284 1589 3050 2433 2081 1694 834 11380 5806 15054 14711 1695 2257 617 5574 883 2570 660 7420 2710 1910 2191 4710 3391 1319
is_linear=0
shrinkage=0.12


Tree=26
num_leaves=43
num_cat=0
split_feature=33 55 5 81 73 51 13 82 19 29 90 93 0 71 76 82 34 12 1 69 0 78 12 81 55 51 73 55 75 2 23 45 53 47 73 12 55 73 0 29 75 82
split_gain=2.56159 1.34587 1.01578 0.851654 1.63083 1.21393 0.899525 0.849975 0.769836 0.738489 0.71575 0.729855 0.647718 0.704283 1.61861 0.506892 0.459318 0.422675 0.399704 0.318174 0.364476 0.318001 0.310631 0.283961 0.271504 0.375783 0.267597 0.321912 0.229907 0.223196 0.2166 0.167636 0.161552 0.118699 0.097413 0.095912 0.135085 0.11067 0.0694847 0.0566368 0.0524834 0.0372159
threshold=0.32566010951995855 0.099681641906499877 3.8695499897003178 0.13929410278797152 655.59802246093761 0.10375531017780305 8.8470497131347674 1.0000000180025095e-35 0.24557291716337207 -37.470516204833977 1.0000000180025095e-35 1.0000000180025095e-35 67.953701019287124 3.5000000000000004 0.93208524584770214 1.0000000180025095e-35 1.3122571110725405 1.346300005912781 17.257349967956547 10.500000000000002 72.902847290039077 19999971.000000004 1.789699971675873 0.21720560640096667 0.20447301119565967 0.18357077240943911 594.12609863281261 0.096737477928400054 4.5000000000000009 282.08500671386724 4.5101084709167489 0.071875002235174193 2.3468749523162846 0.14715449512004855 721.37298583984386 4.0039000511169442 0.090546246618032469 137.08238220214847 69.733600616455092 92.592792510986342 2.5000000000000004 1.0000000180025095e-35
decision_type=2 2 2 2 2 2 2 2 2 2 2 2 2 2 2 2 2 2 2 2 2 2 2 2 2 2 2 2 2 2 2 2 2 2 2 2 2 2 2 2 2 2
left_child=1 7 3 4 17 15 -7 12 -6 -4 19 22 16 -14 -15 -5 18 -3 -1 20 21 29 30 35 28 -26 -25 -28 -24 -2 -12 -13 33 34 -9 37 -37 -21 41 -40 -34 -33
right_child=10 2 9 5 8 6 -8 32 -10 -11 11 31 13 14 -16 -17 -18 -19 -20 23 -22 -23 24 26 25 -27 27 -29 -30 -31 -32 38 40 -35 -36 36 -38 -39 39 -41 -42 -43
leaf_value=-0.0021228112818765937 -0.0040835950599800675 0.0037511325886355673 0.010427541373142847 -0.0020469075926404646 0.0010069429183842109 0.0012269759184194409 0.0062995905895250935 0.0021492485959254131 0.0053110730975129599 0.0024883638791431966 1.0095609235352109e-05 -0.0017899741130997426 0.0061080950501440842 0.0021869239452351119 -0.0077067263393851898 0.0016324400548153536 0.0019760689778843474 -0.00075646126772732126 0.00071951047522550188 0.00079342643971408195 0.00054447306801423581 0.00030163222415018743 -0.0013097469465069486 -0.00285319292339579 -0.00057391323130759233 0.0023154479968950739 -0.001247016428984841 0.001263210742310106 -4.4298371030043557e-05 -0.0019141563234388633 0.0038406270724405866 0.00026013731621159003 -0.0007955720108676407 0.00089708580778403459 0.0043315918170382679 -0.0020387764566236156 0.0007956704868222861 -0.0015137722160157914 0.002945525158690366 0.0012322527648974779 0.001330696871486031 0.0010961457986786911
leaf_weight=4661 1608 361 313 2417 787 5827 551 681 2497 366 517 300 346 1112 303 694 541 1760 841 311 594 442 8771 428 2310 901 1161 2008 2705 1187 361 995 342 503 519 376 680 8013 482 656 327 3343
leaf_count=4661 1608 361 313 2417 787 5827 551 681 2497 366 517 300 346 1112 303 694 541 1760 841 311 594 442 8771 428 2310 901 1161 2008 2705 1187 361 995 342 503 519 376 680 8013 482 656 327 3343
internal_value=-1.70629e-05 0.00090775 0.00160905 0.00140212 0.00260444 0.000717273 0.0016652 -0.000165499 0.0042796 0.0061481 -0.000641273 -0.000179987 -0.000770136 0.00125504 6.83543e-05 -0.00122612 -0.00136029 1.07435e-05 -0.00168835 -0.00122697 -0.00218788 -0.00268928 -0.000607482 -0.000943288 -0.000738554 0.000236836 -3.68155e-05 0.00034356 -0.00101147 -0.00316226 0.00158506 0.000972015 0.00182379 0.00244449 0.00309311 -0.0012909 -0.000213564 -0.00142757 0.00112333 0.00195791 0.000243725 0.000904392
internal_weight=63898 25749 15573 14894 5405 9489 6378 10176 3284 679 38149 21341 7804 1761 1415 3111 6043 2121 5502 16808 3831 3237 15565 12977 14687 3211 3597 3169 11476 2795 878 5776 2372 1703 1200 9380 1056 8324 5476 1138 669 4338
internal_count=63898 25749 15573 14894 5405 9489 6378 10176 3284 679 38149 21341 7804 1761 1415 3111 6043 2121 5502 16808 3831 3237 15565 12977 14687 3211 3597 3169 11476 2795 878 5776 2372 1703 1200 9380 1056 8324 5476 1138 669 4338
is_linear=0
shrinkage=0.12


Tree=27
num_leaves=43
num_cat=0
split_feature=34 89 2 55 70 5 72 2 47 55 50 47 78 50 54 55 75 50 29 0 47 22 12 55 24 87 45 5 55 66 34 47 66 72 47 34 53 1 0 55 22 59
split_gain=2.1361 0.995047 1.06144 0.774378 0.540943 0.588956 0.759043 0.540709 0.817806 0.512653 0.509114 0.499549 0.478043 0.448653 0.743052 0.523637 0.428701 0.932662 0.666654 0.392551 0.380638 0.380199 0.402338 0.363181 0.36659 0.323406 0.462326 0.299474 0.280347 0.288796 0.214479 0.207864 0.201725 0.455075 0.190364 0.186158 0.169339 0.194449 0.169177 0.154478 0.145174 0.10619
threshold=1.1532713770866396 1.0000000180025095e-35 283.30499267578131 0.1891301050782204 15.500000000000002 1.3457500338554385 29.393750190734867 116.56000137329103 0.17661312222480777 0.12160949409008028 0.063775006681680693 0.38102824985980993 3.4031848907470708 -0.04033511504530906 -0.18180658668279645 0.23629727214574817 3.5000000000000004 -0.018408928066492077 -61.708776473999016 29.89795017242432 0.26292289793491369 0.78979167342185985 1.8468499779701235 0.59624025225639354 13.248536586761476 0.37500000000000006 0.52812498807907116 2.2348999977111821 0.19921671599149707 11.663281440734865 0.79410001635551464 0.14841303229331973 6.0406248569488534 3.9781249761581425 0.095336597412824645 1.0687571763992312 2.3156249523162846 7.6837999820709237 96.808849334716811 0.160001315176487 3.6488749980926518 0.77874082326889049
decision_type=2 2 2 2 2 2 2 2 2 2 2 2 2 2 2 2 2 2 2 2 2 2 2 2 2 2 2 2 2 2 2 2 2 2 2 2 2 2 2 2 2 2
left_child=1 4 9 7 28 32 12 8 19 25 13 16 -7 21 -15 -16 18 -18 -9 -2 -10 -5 -23 24 -11 26 -3 36 29 35 -30 -32 33 -6 -29 -1 37 -4 -27 -38 -34 -36
right_child=3 2 27 10 5 6 -8 11 20 23 -12 -13 -14 14 15 -17 17 -19 -20 -21 -22 22 -24 -25 -26 38 -28 34 30 -31 31 -33 40 -35 41 -37 39 -39 -40 -41 -42 -43
leaf_value=-0.00065190816980890346 0.0023341523713731184 0.001061839137225487 0.00033569403891244731 0.0055976572826853949 -8.5089045919280922e-05 -0.0054083261141543862 0.0014954438997143997 0.005458586560270466 -0.0029026591266611106 0.00072697272521645578 -0.00023427580969847652 0.0049800368713552191 -0.0024856942215468027 0.0099460622552627071 0.0073346185472278518 0.0017764854023811741 -0.0049738645828100352 0.00095149190363095777 0.00025105201205533197 0.0070445103290288878 0.0025592231561288366 -0.0017776737160433941 0.0037962164158636927 0.0050712050946638701 0.0028009675440528324 0.001111152929421729 -0.0012264996602912867 -0.0010895824956732164 -0.0010291836056746093 -0.0034529667840585477 0.0010205279857942633 0.0050477984000691298 -0.00072042508930771987 -0.0051799033561096535 0.0037877809304117625 0.0022349673429848697 -0.0016792276532988245 -0.00080294416019022446 -0.0015442318177614311 -0.00049049313009082358 0.0011849758749873777 0.0010431971396179225
leaf_weight=2065 464 1768 2903 300 624 1097 547 389 388 9000 534 319 3037 360 369 721 672 888 3934 565 349 445 321 327 1421 3293 4526 380 332 469 465 306 2131 424 339 381 4511 8435 386 2418 789 506
leaf_count=2065 464 1768 2903 300 624 1097 547 389 388 9000 534 319 3037 360 369 721 672 888 3934 565 349 445 321 327 1421 3293 4526 380 332 469 465 306 2131 424 339 381 4511 8435 386 2418 789 506
internal_value=-1.50153e-05 -0.00033172 -3.95665e-05 0.00150498 -0.0012592 -0.00179369 -0.0027054 0.000882565 0.00273507 0.000558388 0.00313102 0.000355071 -0.00326125 0.00384528 0.00521924 0.00365809 0.000104286 -0.00160097 0.000719646 0.0049205 -0.000316232 0.00197638 0.000558121 0.00113335 0.00100978 -6.12507e-05 -0.0005837 -0.000675223 -0.000108668 -0.000725252 0.00152084 0.0026189 -0.000718159 -0.00214635 0.00114112 -0.000202235 -0.000797029 -0.000511405 0.00083255 -0.0012644 -0.000205575 0.00214428
internal_weight=63898 52880 40213 11018 12667 8649 4681 7968 1766 20721 3050 6202 4134 2516 1450 1090 5883 1560 4323 1029 737 1066 766 10748 10421 9973 6294 19492 4018 2915 1103 771 3968 1048 1225 2446 18267 11338 3679 6929 2920 845
internal_count=63898 52880 40213 11018 12667 8649 4681 7968 1766 20721 3050 6202 4134 2516 1450 1090 5883 1560 4323 1029 737 1066 766 10748 10421 9973 6294 19492 4018 2915 1103 771 3968 1048 1225 2446 18267 11338 3679 6929 2920 845
is_linear=0
shrinkage=0.12


Tree=28
num_leaves=38
num_cat=0
split_feature=34 89 93 53 5 69 89 23 61 61 1 1 72 50 75 22 57 34 66 57 78 6 75 28 75 34 47 66 33 62 0 41 81 0 50 57 75
split_gain=1.6542 0.784517 0.813055 0.703632 0.573983 0.669114 0.956506 1.78256 0.817544 0.860424 0.663579 0.588198 0.565394 0.854036 0.644776 0.841145 0.564396 0.664016 0.702577 0.488006 0.465686 0.416606 0.322143 0.290321 0.239643 0.209939 0.230455 0.165773 0.160207 0.14023 0.139893 0.163647 0.130315 0.129644 0.167815 0.0799351 0.0659468
threshold=1.1532713770866396 0.37500000000000006 1.0000000180025095e-35 1.3968749642372134 3.9222500324249272 6.5000000000000009 0.37500000000000006 3.1431500911712651 2.4468749761581425 3.5031249523162846 11.581449985504152 18.890800476074222 29.393750190734867 0.13473859429359439 6.5000000000000009 2.4212750196456914 3.4031250476837163 0.86959999799728405 5.8906250000000009 4.0687499046325692 19999989.000000004 0.76085001230239879 4.5000000000000009 80.83557510375978 6.5000000000000009 0.82558569312095653 0.14715449512004855 0.94374999403953563 0.3033392876386643 -1.0000000180025095e-35 59.043600082397468 0.089511338621377959 0.33265997469425207 50.604598999023445 0.18289422243833545 1.2593750357627871 7.5000000000000009
decision_type=2 2 2 2 2 2 2 2 2 2 2 2 2 2 2 2 2 2 2 2 2 2 2 2 2 2 2 2 2 2 2 2 2 2 2 2 2
left_child=1 12 16 30 5 6 7 -5 11 -10 -8 -7 14 23 20 28 17 22 -19 29 21 -1 -3 -14 -21 36 -27 -4 -16 -18 31 -2 -17 35 -35 -29 -15
right_child=3 2 27 4 -6 8 10 -9 9 -11 -12 -13 13 25 15 32 19 18 -20 24 -22 -23 -24 -25 -26 26 -28 33 -30 -31 -32 -33 -34 34 -36 -37 -38
leaf_value=0.00087777580230604605 -0.00046367586707535957 -0.00089658488827977804 -0.0014420439109834142 0.0062709146415820278 0.0053078752627880015 0.0018762846534176294 0.0040195391605461752 -0.0033307254083957331 0.010095394552321339 0.0031995476405112769 0.00014117830220189599 -0.0028103803301425217 0.0019614869747310876 -0.0015160479480515496 -0.0075438805397892933 -0.0022118155534049948 -0.0051986554834633986 -0.00058211748055506075 0.0023617880534755852 -0.0012048413173058005 0.0029976230343532126 -0.0011099829306546775 0.00097885119692670171 0.0071615686435923913 0.00083811996597411137 -0.00050475653389949002 0.00305224717608673 0.00026218248778007205 -0.0042145550684572269 -0.0019897082907390021 0.00049198237196712493 -0.004133512284914524 7.0404612308667594e-05 0.0027950243300052528 0.0010005635065326874 0.0011354341633136179 0.00015982515817373303
leaf_weight=1685 302 6719 382 337 576 2660 1145 1602 316 1485 1427 451 300 1308 445 826 509 1899 3030 4685 450 15348 1641 319 1004 600 466 2459 391 319 301 416 639 1283 1808 3909 456
leaf_count=1685 302 6719 382 337 576 2660 1145 1602 316 1485 1427 451 300 1308 445 826 509 1899 3030 4685 450 15348 1641 319 1004 600 466 2459 391 319 301 416 639 1283 1808 3909 456
internal_value=-1.32135e-05 -0.000291914 0.000117252 0.00132438 0.00163052 0.00140573 0.000350545 -0.00166195 0.00237478 0.00440948 0.00186774 0.00119686 -0.000814038 0.00060376 -0.00106121 -0.00294954 -0.000325716 0.000122877 0.00122759 -0.00124045 -0.000812677 -0.000913343 -0.000528452 0.00464134 -0.000844298 -0.00027937 0.00105018 0.00100877 -0.00598674 -0.00396236 -0.00167957 -0.00258993 -0.00121636 0.00110774 0.0017454 0.000798228 -0.00108283
internal_weight=63898 52880 29647 11018 9999 9423 4511 1939 4912 1801 2572 3111 23233 3449 19784 2301 19806 13289 4929 6517 17483 17033 8360 619 5689 2830 1066 9841 836 828 1019 718 1465 9459 3091 6368 1764
internal_count=63898 52880 29647 11018 9999 9423 4511 1939 4912 1801 2572 3111 23233 3449 19784 2301 19806 13289 4929 6517 17483 17033 8360 619 5689 2830 1066 9841 836 828 1019 718 1465 9459 3091 6368 1764
is_linear=0
shrinkage=0.12


Tree=29
num_leaves=39
num_cat=0
split_feature=2 55 50 57 65 49 69 22 29 89 89 47 93 61 41 83 70 76 89 61 49 34 50 22 21 89 68 47 76 22 45 66 57 22 76 14 28 49
split_gain=1.34381 0.705075 0.822305 1.02003 0.718322 0.578456 0.574339 0.869553 1.10799 1.34942 0.835808 1.29424 0.502392 0.497585 0.552302 0.470619 0.459237 0.438056 0.377664 0.362025 0.340482 0.327673 0.310726 0.548427 0.276062 0.394964 0.26817 0.228247 0.213717 0.184532 0.176797 0.17466 0.297254 0.260492 0.131143 0.11277 0.0940566 0.028486
threshold=151.17499542236331 0.1678651496767998 0.16605906188488009 8.9312500953674334 42.500000000000007 0.87187498807907116 7.5000000000000009 0.60985001921653759 -39.649393081665032 0.37500000000000006 0.37500000000000006 0.12712826579809192 1.0000000180025095e-35 2.5843750238418584 0.085728615522384657 1.0000000180025095e-35 27.500000000000004 0.9762399196624757 0.37500000000000006 3.7031250000000004 1.7781249880790713 1.3122571110725405 0.47054274380207067 3.7422749996185307 0.20833332836627963 0.62500000000000011 2.5000000000000004 0.14611424505710605 0.96917188167572033 1.4393583536148074 0.22187499701976779 11.524218559265138 7.2406251430511483 2.0508667230606084 0.49610169231891638 5.1209499835968026 100.50658798217775 1.2093749642372134
decision_type=2 2 2 2 2 2 2 2 2 2 2 2 2 2 2 2 2 2 2 2 2 2 2 2 2 2 2 2 2 2 2 2 2 2 2 2 2 2
left_child=5 12 3 4 16 29 7 8 9 -7 11 -9 17 21 -15 28 -3 24 -6 -12 22 27 23 -4 25 -2 -26 -8 30 -1 -14 32 -17 -33 36 -36 -22 -24
right_child=1 2 20 -5 18 6 13 10 -10 -11 19 -13 15 14 -16 31 -18 -19 -20 -21 34 -23 37 -25 26 -27 -28 -29 -30 -31 -32 33 -34 -35 35 -37 -38 -39
leaf_value=-0.0040078139828541616 -0.0017643291668607492 0.0030811271567035554 0.00020553707861076698 0.0073540327467308342 -0.0033876547454938237 0.011803344362380548 0.0024001857764558228 -0.0066986850774403478 -0.0012709444423838119 0.0022631636604724384 0.0029436560032845989 0.00087494761952668369 0.0031026923481150548 0.0027450502024862649 0.0089481514392376182 -0.00045479952051838624 -6.7750681877061007e-05 0.0036200533040727559 0.00066318497403318542 -0.00084896903429111518 -0.0016580547059337342 0.0045237787451789108 -0.0022321512028431662 0.0041872324390479134 -0.00084075354870444285 0.0035968022102910893 -0.0021799916668420643 -0.001251058838519982 -0.0022232218575719749 0.00011633212541869176 0.00072495141625960279 -0.0047020692545016859 0.0030396363419040763 -0.00096667649399978387 -0.0015311994453120641 -0.0045003133155328478 0.00091513159433225151 -0.0010078220988748345
leaf_weight=316 349 2290 9094 423 597 351 564 567 455 545 1098 761 485 430 398 4668 941 312 745 541 567 517 325 527 19987 457 2413 438 332 309 6295 304 379 2324 402 340 320 1732
leaf_count=316 349 2290 9094 423 597 351 564 567 455 545 1098 761 485 430 398 4668 941 312 745 541 567 517 325 527 19987 457 2413 438 332 309 6295 304 379 2324 402 340 320 1732
internal_value=-1.16279e-05 -0.000209112 0.000403559 0.00171626 0.00119477 0.00152186 0.0018492 0.00102794 0.00355153 0.00600044 -0.000121158 -0.00235867 -0.000501859 0.00336015 0.00572673 4.62094e-05 0.00216404 -0.000846459 -0.00113887 0.00169179 -8.92835e-05 0.00207013 0.000137423 0.000423638 -0.00090651 0.00127542 -0.000985021 0.000804133 0.000749475 -0.00196884 0.000895041 -0.000605468 -0.000192388 -0.00139878 -0.0017145 -0.00289171 -0.000729735 -0.00120126
internal_weight=63898 56608 18303 4996 4573 7290 6665 4318 1351 896 2967 1328 38305 2347 828 14787 3231 23518 1342 1639 13307 1519 11678 9621 23206 806 22400 1002 7112 625 6780 7675 5047 2628 1629 742 887 2057
internal_count=63898 56608 18303 4996 4573 7290 6665 4318 1351 896 2967 1328 38305 2347 828 14787 3231 23518 1342 1639 13307 1519 11678 9621 23206 806 22400 1002 7112 625 6780 7675 5047 2628 1629 742 887 2057
is_linear=0
shrinkage=0.12


Tree=30
num_leaves=25
num_cat=0
split_feature=8 33 89 3 6 22 57 23 53 6 0 55 62 55 62 49 74 72 46 47 12 45 55 1
split_gain=1.29411 1.07788 0.622806 0.660028 0.596394 0.722519 1.38284 0.518397 0.60677 0.594935 0.49552 0.494734 0.489478 0.870611 0.695277 0.487731 0.405747 0.353811 0.292365 0.483181 0.222973 0.161261 0.160678 0.143111
threshold=13.284243106842043 0.18965031206607821 1.0000000180025095e-35 0.542829990386963 5.0329000949859628 2.2148624658584599 6.9562499523162851 0.81253334879875194 2.2406250238418584 5.3481500148773202 51.332349777221687 0.59624025225639354 -3.8328059911727901 0.11887620761990549 -1.6339265704154966 1.4968749880790713 3.5000000000000004 5.7781250476837167 0.32901704311370855 0.13267883658409121 2.2221499681472783 0.70937499403953563 0.2195331156253815 18.205049514770511
decision_type=2 2 2 2 2 2 2 2 2 2 2 2 2 2 2 2 2 2 2 2 2 2 2 2
left_child=1 7 4 11 5 6 -3 -1 9 10 -9 16 13 -10 -14 -11 -4 -7 19 -6 21 -5 -22 -20
right_child=-2 2 3 20 18 17 -8 8 12 15 -12 -13 14 -15 -16 -17 -18 -19 23 -21 22 -23 -24 -25
leaf_value=0.0057264623965789128 -0.0061275046580371315 -0.0044752884733009549 -0.00076173744663154356 -0.00048306941936170669 0.00021914626343641429 -0.0024527800341890425 0.0030353639424342033 0.0021893438225116927 -0.0012827260375497481 -0.0021606376935888417 0.0058633946644205907 0.0051549165975441459 -0.0059553091123919271 0.0065948220672816674 5.4757093383198307e-05 0.0030192962141555486 0.000730973003224799 -0.00024698346648877956 -0.0009247134869480334 0.0046087234330670921 -0.00063381253556539627 0.0020702149681011534 0.00024959610566782067 0.0012606614506253046
leaf_weight=374 490 2037 3088 593 1280 1346 427 1731 391 644 761 335 306 418 2943 441 17384 4716 2266 503 16340 892 3622 533
leaf_count=374 490 2037 3088 593 1280 1346 427 1731 391 644 761 335 306 418 2943 441 17384 4716 2266 503 16340 892 3622 533
internal_value=1.57144e-05 6.32153e-05 -0.000125022 9.91527e-05 -0.000847654 -0.00144104 -0.00317373 0.0013644 0.00115072 0.00229015 0.00331132 0.000580665 0.000146357 0.0027875 -0.000511288 -5.52452e-05 0.000505812 -0.000736756 0.000256488 0.00145748 -0.00036799 0.00105062 -0.000473523 -0.000508563
internal_weight=63861 63371 55362 42254 13108 8526 2464 8009 7635 3577 2492 20807 4058 809 3249 1085 20472 6062 4582 1783 21447 1485 19962 2799
internal_count=63861 63371 55362 42254 13108 8526 2464 8009 7635 3577 2492 20807 4058 809 3249 1085 20472 6062 4582 1783 21447 1485 19962 2799
is_linear=0
shrinkage=0.12


Tree=31
num_leaves=22
num_cat=0
split_feature=8 92 0 70 11 66 66 59 90 47 0 22 51 51 19 90 47 51 23 5 65
split_gain=1.00216 0.897834 0.658004 0.493995 0.597179 0.642013 0.914035 0.563679 0.515675 0.473251 0.519692 0.618788 0.493409 0.311551 0.432077 0.641158 0.329576 0.308246 0.306493 0.290732 0.205225
threshold=13.284243106842043 1.2868999838829043 8.4085998535156268 2.5000000000000004 1.0000000180025095e-35 11.176562786102297 6.6781251430511483 2.9314961433410649 1.0000000180025095e-35 0.15806051343679431 33.976648330688484 2.3069375753402714 0.25410956144332891 0.089789092540740981 0.24921874701976779 1.0000000180025095e-35 0.14715449512004855 0.095358919352293028 6.2727625370025644 2.716750025749207 39.500000000000007
decision_type=2 2 2 2 2 2 2 2 2 2 2 2 2 2 2 2 2 2 2 2 2
left_child=1 3 -3 9 7 6 -6 8 -5 12 11 -11 17 16 20 -16 -4 -1 -9 -7 -15
right_child=-2 2 13 4 5 19 -8 18 -10 10 -12 -13 -14 14 15 -17 -18 -19 -20 -21 -22
leaf_value=0.0012523710348580339 -0.0053922040875293131 -0.0017311183592786672 0.0028423437288648159 -0.0020014081345568146 -0.00012903827073083672 -0.0002585366955583458 0.0015272645770648913 0.00066292259103504212 -0.00044346914368679016 0.0085062326671513401 -0.00045305060398823115 0.0013254127788469286 0.0044006368493428446 0.0028042520953624663 0.0076557788592846263 0.002436111657995677 -0.0019582002460993434 -0.0022589309102087059 -0.0005931865020505126 -0.0022585941451168552 -0.0011472424342060669
leaf_weight=665 490 599 451 5629 10268 13027 9006 5478 6702 397 320 306 345 442 589 798 379 785 5716 1138 331
leaf_count=665 490 599 451 5629 10268 13027 9006 5478 6702 397 320 306 345 442 589 798 379 785 5716 1138 331
internal_value=1.38287e-05 5.56295e-05 0.00189908 -5.5042e-05 -0.000131765 0.000194125 0.000644888 -0.000594993 -0.00115466 0.00149587 0.00355579 0.00538058 0.000321886 0.00262634 0.00338565 0.00465268 0.000650288 -0.000648575 2.15147e-05 -0.000419219 0.00111221
internal_weight=63861 63371 3589 59782 56964 33439 19274 23525 12331 2818 1023 703 1795 2990 2160 1387 830 1450 11194 14165 773
internal_count=63861 63371 3589 59782 56964 33439 19274 23525 12331 2818 1023 703 1795 2990 2160 1387 830 1450 11194 14165 773
is_linear=0
shrinkage=0.12


Tree=32
num_leaves=24
num_cat=0
split_feature=14 34 89 8 74 78 74 72 87 66 70 49 50 45 12 87 34 50 54 65 24 32 32
split_gain=0.778873 0.705794 0.653153 1.16453 0.915716 0.750717 0.57388 2.35389 1.95992 1.00515 0.419124 0.405427 0.472415 0.37318 0.329289 0.268464 0.19217 0.17016 0.248327 0.3478 0.247756 0.0797897 0.0616641
threshold=-2.0436000823974605 0.86959999799728405 1.0000000180025095e-35 8.6875634193420428 38.500000000000007 13.593667507171633 3.5000000000000004 4.0906250476837167 1.0000000180025095e-35 5.7093751430511483 20.500000000000004 1.0656250119209292 0.070582646876573576 0.50312501192092907 1.2485499978065493 0.37500000000000006 1.1292142868041994 0.43753264844417578 0.21089520305395129 16.500000000000004 14.42180395126343 35.346353530883796 98.662429809570327
decision_type=2 2 2 2 2 2 2 2 2 2 2 2 2 2 2 2 2 2 2 2 2 2 2
left_child=-1 14 3 4 5 -3 13 8 -8 -9 -6 -5 -13 16 -2 -15 -4 18 20 -20 -16 -19 -23
right_child=1 2 6 11 10 -7 7 9 -10 -11 -12 12 -14 15 17 -17 -18 21 19 -21 -22 22 -24
leaf_value=-0.0046725090562394194 0.0033233720843553484 -0.0036727973286504387 0.0014510459636388588 -0.00090288339238272066 -1.7643133194085112e-05 -0.00076137266135330671 0.011793863742825495 -0.002059476051292421 0.0022116292332435908 0.00087287975528503093 0.0055310526030768964 0.005427570899692806 0.0011663264680224212 -0.0030405370793304314 -0.0006318591349636812 -6.2103382449109232e-05 -0.0010633984603004396 -0.002350790338125297 0.0040824880600628475 0.00012988546092406603 0.0028373443503059573 -0.0007060648329474074 -0.00191355968282591
leaf_weight=507 339 2137 1168 545 444 3163 498 1839 803 19880 351 632 920 1136 13677 707 700 536 337 6576 303 5985 678
leaf_count=507 339 2137 1168 545 444 3163 498 1839 803 19880 351 632 920 1136 13677 707 700 536 337 6576 303 5985 678
internal_value=1.21692e-05 4.96591e-05 0.000411047 -0.000526398 -0.00136562 -0.00193528 0.000698337 0.000921579 0.00587954 0.00062459 0.00243216 0.00191282 0.00290158 -0.000686477 -0.000394249 -0.00189797 0.000508802 -0.000439111 -0.000265749 0.00032257 -0.000556668 -0.000942244 -0.000828935
internal_weight=63861 63354 34923 8192 6095 5300 26731 23020 1301 21719 795 2097 1552 3711 28431 1843 1868 28092 20893 6913 13980 7199 6663
internal_count=63861 63354 34923 8192 6095 5300 26731 23020 1301 21719 795 2097 1552 3711 28431 1843 1868 28092 20893 6913 13980 7199 6663
is_linear=0
shrinkage=0.12


Tree=33
num_leaves=22
num_cat=0
split_feature=8 34 0 55 51 51 55 45 89 59 20 63 47 65 55 66 5 41 28 57 47
split_gain=0.665366 0.647125 0.497727 0.442476 0.603671 0.445182 0.547173 0.364128 0.316839 0.264746 0.63704 0.388654 0.233045 0.225409 0.220369 0.336193 0.219555 0.208179 0.18084 0.156514 0.152235
threshold=13.284243106842043 1.2868999838829043 8.4085998535156268 0.092924874275922789 0.049273075535893447 0.27867898344993597 0.20250974595546725 0.50312501192092907 1.0000000180025095e-35 4.3122935295104989 26.970805168151859 2.7298684120178227 0.30263924598693853 12.500000000000002 0.043652648106217391 4.0468750000000009 2.0530500411987309 0.14334326982498172 61.164560317993171 5.1406250000000009 0.064696554094553008
decision_type=2 2 2 2 2 2 2 2 2 2 2 2 2 2 2 2 2 2 2 2 2
left_child=1 3 -3 7 12 8 -7 17 -6 11 -11 13 16 -4 18 -16 -5 20 -9 -19 -1
right_child=-2 2 9 4 5 6 -8 14 -10 10 -12 -13 -14 -15 15 -17 -18 19 -20 -21 -22
leaf_value=0.00019333659049699248 -0.0043942407927487675 -0.0015474544066853373 -0.00081247770977831005 -0.0017705810666271552 -0.00054311163874476301 0.0004050081078488331 0.0029586430310765289 -0.0027872262905636741 0.00039651767933564919 0.0013306810268460395 0.0075901619093947641 -0.0024799816650521085 -0.0043052650801436009 0.0027997768377937366 0.0020268124990227687 -0.0005843352235364289 0.0004691103399580074 -4.0478402324181763e-05 -0.0010173385056349788 -0.0029286742163596004 0.0019422363859606005
leaf_weight=1381 490 599 302 1865 6777 3130 1968 986 21760 577 394 306 348 1411 761 10605 952 2151 5299 309 1490
leaf_count=1381 490 599 302 1865 6777 3130 1968 986 21760 577 394 306 348 1411 761 10605 952 2151 5299 309 1490
internal_value=1.07089e-05 4.47691e-05 0.00160982 -4.91884e-05 0.000208806 0.000357896 0.0013908 -0.000462303 0.000173373 0.00224233 0.00387057 0.00145926 -0.0013756 0.00216294 -0.000724806 -0.000409508 -0.00101368 0.000406847 -0.001295 -0.000403264 0.00110099
internal_weight=63861 63371 3589 59782 36800 33635 5098 22982 28537 2990 971 2019 3165 1713 17651 11366 2817 5331 6285 2460 2871
internal_count=63861 63371 3589 59782 36800 33635 5098 22982 28537 2990 971 2019 3165 1713 17651 11366 2817 5331 6285 2460 2871
is_linear=0
shrinkage=0.12


Tree=34
num_leaves=17
num_cat=0
split_feature=3 14 93 51 66 66 66 0 45 73 68 66 54 82 29 29
split_gain=0.56583 0.505353 0.450132 0.425436 0.815975 3.03185 2.02203 0.417475 0.682748 0.349589 0.71641 0.674208 0.433788 0.281749 0.212329 0.181913
threshold=0.21119999885559085 -2.0436000823974605 1.0000000180025095e-35 0.049273075535893447 4.0468750000000009 3.4593750238418584 5.5968749523162851 55.66835021972657 0.50937500596046459 359.30335998535162 1.0000000180025095e-35 4.0468750000000009 0.031885674223303802 1.0000000180025095e-35 10.029144763946535 80.94785308837892
decision_type=2 2 2 2 2 2 2 2 2 2 2 2 2 2 2 2
left_child=-1 -2 3 7 5 -5 -6 14 -9 10 15 -11 -13 -12 -3 -4
right_child=1 2 9 4 6 -7 -8 8 -10 11 13 12 -14 -15 -16 -17
leaf_value=0.004126954383986311 -0.003794945823668021 -0.0038650086571977967 0.0010759316271339509 -0.00034756892641967137 -0.003615535748351249 0.0079224856077094695 6.0564964754306582e-07 0.0035156176030803131 -0.0015410656461069432 0.0048918574304943263 -0.006092078453876543 0.0010756644037569424 -2.137466698083978e-05 -0.0015851783803563714 -0.0015402411498714249 -0.00079812455245412562
leaf_weight=477 507 711 1581 2659 2430 840 26613 604 1058 512 402 9628 11261 397 2769 1412
leaf_count=477 507 711 1581 2659 2430 840 26613 604 1058 512 402 9628 11261 397 2769 1412
internal_value=9.42386e-06 -2.15629e-05 8.8633e-06 -0.000253659 -9.33849e-05 0.00163781 -0.000301953 -0.00126798 0.000296622 0.000401548 -0.0006604 0.000589712 0.000484264 -0.00385273 -0.00201522 0.000191813
internal_weight=63861 63384 62877 37684 32542 3499 29043 5142 1662 25193 3792 21401 20889 799 3480 2993
internal_count=63861 63384 62877 37684 32542 3499 29043 5142 1662 25193 3792 21401 20889 799 3480 2993
is_linear=0
shrinkage=0.12


Tree=35
num_leaves=25
num_cat=0
split_feature=14 34 5 70 66 66 65 12 89 73 29 57 57 57 86 62 19 1 63 69 55 54 29 41
split_gain=0.500494 0.512079 0.617142 0.757168 1.39168 1.01972 0.817008 0.811305 0.811778 0.391975 0.886315 0.366328 0.998084 0.725164 0.352077 0.344673 0.354043 0.34403 0.462211 0.306845 0.261262 0.225032 0.224574 0.109111
threshold=-2.0436000823974605 1.1076857447624209 0.71369999647140514 28.500000000000004 8.1531248092651385 6.6062500476837167 44.500000000000007 0.96935001015663158 0.37500000000000006 1313.3475341796877 -2.7815299034118648 3.3531249761581425 4.0687499046325692 2.6062499284744267 1.0000000180025095e-35 1.7267239689826968 0.48437500000000006 18.520150184631351 2.3197940587997441 8.5000000000000018 0.088945578783750548 0.069941725581884398 70.921443939208999 0.21183715760707858
decision_type=2 2 2 2 2 2 2 2 2 2 2 2 2 2 2 2 2 2 2 2 2 2 2 2
left_child=-1 11 9 4 5 -4 -6 -5 -9 10 -3 13 22 15 19 16 -2 20 -19 -15 -14 -17 -13 -24
right_child=1 2 3 7 6 -7 -8 8 -10 -11 -12 12 17 14 -16 21 -18 18 -20 -21 -22 -23 23 -25
leaf_value=-0.0037452653562513659 -0.00024770173616669701 -0.0028457840767207969 0.0015866620587025413 0.0043455411966879772 0.0008172207236368693 0.0076756688491902945 -0.0027123103546178359 -0.0036218521959949981 4.6562351074961263e-05 0.0070833575443837822 0.0060628010896572621 -0.0053383104588894037 -0.0012500428395590009 -0.0019941421409802778 0.0045754489866664449 0.0040502519920106034 0.0025938898712135226 -0.00059503519474056802 0.0050720556070497618 0.0019164461828778795 -7.7940620351647942e-05 0.00058669904952194968 -0.0029983198286850856 -0.00078446927608892027
leaf_weight=512 27909 302 919 372 7426 696 1082 1535 2001 311 344 485 3858 350 587 446 646 436 395 1656 9437 685 1174 441
leaf_count=512 27909 302 919 372 7426 696 1082 1535 2001 311 344 485 3858 350 587 446 646 436 395 1656 9437 685 1174 441
internal_value=-8.44996e-06 2.16833e-05 0.00063475 0.00043365 0.000981366 0.00421078 0.000368355 -0.000985115 -0.00154592 0.00358318 0.00189811 -0.000167754 -0.000632887 6.6059e-05 0.00199054 -0.00010204 -0.000183416 -0.00027001 0.00209871 0.00123414 -0.000418066 0.00195252 -0.00307384 -0.00239379
internal_weight=64005 63493 14988 14031 10123 1615 8508 3908 3536 957 646 48505 16226 32279 2593 29686 28555 14126 831 2006 13295 1131 2100 1615
internal_count=64005 63493 14988 14031 10123 1615 8508 3908 3536 957 646 48505 16226 32279 2593 29686 28555 14126 831 2006 13295 1131 2100 1615
is_linear=0
shrinkage=0.12


Tree=36
num_leaves=24
num_cat=0
split_feature=8 2 55 73 76 11 22 28 78 41 41 0 90 63 65 73 73 73 12 47 65 65 65
split_gain=0.479529 0.425524 0.408026 0.628662 0.722859 0.445375 0.386291 0.466437 0.592194 0.700804 0.452233 0.396986 0.36324 0.569312 0.688744 0.489726 4.51138 1.34757 0.474209 0.361835 0.342399 0.26711 0.161361
threshold=13.284243106842043 123.70499801635744 0.24106897413730624 507.14334106445318 0.67761740088462841 1.5000000000000002 2.3913624286651616 88.826923370361342 4.5956201553344735 0.068468317389488234 0.087159410119056716 37.688949584960945 1.0000000180025095e-35 10.36911201477051 40.500000000000007 402.33372497558599 351.92674255371099 611.33825683593761 0.88955000042915355 0.16511910408735278 15.500000000000002 12.500000000000002 33.500000000000007
decision_type=2 2 2 2 2 2 2 2 2 2 2 2 2 2 2 2 2 2 2 2 2 2 2
left_child=1 6 12 20 5 -5 7 8 9 -1 -10 -9 13 18 -15 16 -14 -17 -3 -6 21 -4 -8
right_child=-2 2 3 4 19 -7 22 11 10 -11 -12 -13 15 14 -16 17 -18 -19 -20 -21 -22 -23 -24
leaf_value=0.0023205217948571717 -0.0038020211846791227 0.0037631704756444328 -0.0021715749942097374 0.00073117971287897058 0.0044312289455492341 -0.0027383515362596434 0.0020902419249272755 0.0056289674965241407 -0.00076249469756800472 -0.004636277879953671 0.0037305288647343825 1.0047082369234047e-06 -0.00025247327769061732 0.0029908918647471878 -0.00036160253771416734 -0.0027018971495095588 0.0098879660134353637 0.00018139992119842169 -0.0009421167393569549 0.00083967886313796036 -0.0040784290050582296 0.0025222560429628907 0.0059590662792839057
leaf_weight=307 476 314 398 6674 1142 579 313 440 631 650 660 306 4695 1303 2734 2646 730 19807 17394 625 562 311 308
leaf_count=307 476 314 398 6674 1142 579 313 440 631 650 660 306 4695 1303 2734 2646 730 19807 17394 625 562 311 308
internal_value=-7.43596e-06 2.09955e-05 -5.5291e-05 0.000632369 0.00098444 0.00045421 0.00128535 0.000720403 -0.000142422 -0.00240458 0.00153448 0.00332045 -0.0001979 -0.000565511 0.000720463 8.88378e-05 0.00111205 -0.000158386 -0.000858682 0.00316087 -0.0018662 -0.000112645 0.00400908
internal_weight=64005 63529 59914 10291 9020 7253 3615 2994 2248 957 1291 746 49623 21745 4037 27878 5425 22453 17708 1767 1271 709 621
internal_count=64005 63529 59914 10291 9020 7253 3615 2994 2248 957 1291 746 49623 21745 4037 27878 5425 22453 17708 1767 1271 709 621
is_linear=0
shrinkage=0.12


Tree=37
num_leaves=37
num_cat=0
split_feature=51 55 33 12 70 0 89 49 41 22 5 45 12 5 89 7 76 59 53 7 34 51 41 41 29 1 75 63 22 35 53 53 63 41 13 41
split_gain=0.402004 0.664854 0.456025 0.613451 0.523615 0.641762 0.639822 0.388259 0.319907 0.32732 0.29087 0.749196 0.380114 0.371139 0.299541 0.411437 0.306019 0.227101 0.361836 0.195193 0.267895 0.19467 0.233572 0.220549 0.28572 0.217706 0.169852 0.169553 0.146334 0.0980557 0.139475 0.240661 0.0804448 0.0783904 0.0312361 0.0275503
threshold=0.13626256585121158 0.079867165535688414 0.48003189265728002 3.7390500307083134 31.500000000000004 93.731250762939467 0.37500000000000006 1.8906250000000002 0.20431325584650042 1.7840333580970766 3.6254500150680546 0.79687500000000011 0.96935001015663158 3.8695499897003178 0.37500000000000006 8.2936000823974627 0.9762399196624757 1.5307980179786684 2.2468750476837163 2.7802499532699589 1.021899998188019 0.16511910408735278 0.067673232406377806 0.073337659239768996 27.552962303161625 17.98385047912598 3.5000000000000004 1.5459875464439394 2.9238666296005253 239.27857208251956 1.8656249642372134 2.0718749761581425 6.1374800205230722 0.31549067795276647 9.2757496833801287 0.11778192967176439
decision_type=2 2 2 2 2 2 2 2 2 2 2 2 2 2 2 2 2 2 2 2 2 2 2 2 2 2 2 2 2 2 2 2 2 2 2 2
left_child=7 8 3 4 5 -3 -6 10 21 -10 12 13 -1 -12 15 -14 -16 -5 -19 26 28 22 -2 24 -23 -25 -9 -24 -21 34 -31 -32 33 -11 35 -4
right_child=1 2 29 17 6 -7 -8 19 9 32 11 -13 14 -15 16 -17 -18 18 -20 20 -22 23 27 25 -26 -27 -28 -29 -30 30 31 -33 -34 -35 -36 -37
leaf_value=-0.0044768156546011271 0.0040811187388191915 0.00095714523705383615 -0.00045378460923122964 0.001906397463965359 -0.0036681181111433091 0.0056855341451483516 0.00076474312521003756 -0.0023738029613041708 -0.0055461872169525906 -0.0015926006294210929 -0.0029251382726943119 0.0051603733909000469 -0.00090493264769941971 0.0022014279491448189 0.00020000253654950387 0.00084800838418580169 -0.0031866477021080162 0.0079619265846863161 0.0022854615720691827 -7.7772571878485024e-05 -0.0051002439313117256 -0.0039895189615040188 0.001584096069652265 -0.00032318461720709589 -0.00044951101564458967 0.002789299637544704 0.0012799427286805073 -0.0017058043760306192 -0.0029827999382279124 -0.0018528510137648907 0.0021806771296873965 -0.00010165344909958545 -0.0028137995216053154 0.00024871786571678051 0.00012899739240280916 -0.0014912874490429237
leaf_weight=303 302 10670 590 583 775 430 1187 316 302 819 464 513 11792 362 17181 2305 393 329 318 492 442 523 553 2737 882 367 436 381 507 449 842 3170 381 561 366 982
leaf_count=303 302 10670 590 583 775 430 1187 316 302 819 464 513 11792 362 17181 2305 393 329 318 492 442 523 553 2737 882 367 436 381 507 449 842 3170 381 561 366 982
internal_value=-6.54365e-06 0.000329136 0.000685185 0.00106214 0.000820891 0.00114032 -0.00098626 -0.000275978 -0.000614382 -0.00189618 -0.000174165 0.00155857 -0.000246728 -0.000678386 -0.000206259 -0.000618309 0.000124268 0.00362413 0.00517195 -0.00182258 -0.00264042 -0.000154096 0.00118009 -0.00051982 -0.00176725 4.48185e-05 -0.000255408 0.00024207 -0.0015521 -0.000156744 0.000152871 0.00037734 -0.00127023 -0.000844065 -0.000869435 -0.00110189
internal_weight=64005 28499 20691 14292 13062 11100 1962 35506 7808 2063 33313 1339 31974 826 31671 14097 17574 1230 647 2193 1441 5745 1236 4509 1405 3104 752 934 999 6399 4461 4012 1761 1380 1938 1572
internal_count=64005 28499 20691 14292 13062 11100 1962 35506 7808 2063 33313 1339 31974 826 31671 14097 17574 1230 647 2193 1441 5745 1236 4509 1405 3104 752 934 999 6399 4461 4012 1761 1380 1938 1572
is_linear=0
shrinkage=0.12


Tree=38
num_leaves=23
num_cat=0
split_feature=8 51 55 3 5 76 28 65 53 72 22 89 3 34 34 41 87 76 93 28 51 22
split_gain=0.379715 0.348051 0.759883 0.53812 0.53289 0.847273 0.609991 0.431105 0.550529 0.655639 0.398783 0.679616 0.533974 0.346012 0.317172 0.273803 0.276741 0.462018 0.168238 0.0609067 0.0665802 0.0381595
threshold=13.284243106842043 0.10157761722803117 0.20447301119565967 0.68371000885963451 0.88945001363754284 0.68298467993736278 53.173212051391609 39.500000000000007 2.5656249523162846 6.4281251430511483 1.3887166380882265 0.37500000000000006 0.28971000015735632 1.0323714613914492 1.328042805194855 0.029498630203306678 0.37500000000000006 0.98080673813819896 1.0000000180025095e-35 78.376697540283217 0.14605056494474414 3.5533833503723149
decision_type=2 2 2 2 2 2 2 2 2 2 2 2 2 2 2 2 2 2 2 2 2 2
left_child=1 14 7 4 5 -4 -6 8 9 -3 11 -9 -12 -10 15 -1 17 -17 -18 20 -5 -21
right_child=-2 2 3 19 6 -7 -8 10 13 -11 12 -13 -14 -15 -16 16 18 -19 -20 21 -22 -23
leaf_value=0.0026972001684412938 -0.0033824053355747002 -0.0001989274375931194 0.0014478115652574416 -0.0014203120485597506 -0.00085293979215101453 0.0088031143162967968 0.0018762583793105407 -0.0046280692923706722 -0.00037308861442552201 0.0015526227570616489 0.0031984596355458619 -0.00036651831090137385 -0.00041507024579148078 -0.0043212908781377823 0.0026199875384579994 -0.00076942702967582564 -0.0009174825376476875 0.0039118331348188947 0.00052879054374402952 -0.0020528409467740196 0.00064911579804951723 -0.00037402090392434025
leaf_weight=408 476 6118 585 334 1532 367 5122 859 848 6192 619 1446 12098 513 516 17359 1481 309 5314 517 679 313
leaf_count=408 476 6118 585 334 1532 367 5122 859 848 6192 619 1446 12098 513 516 17359 1481 309 5314 517 679 313
internal_value=-5.75841e-06 1.95416e-05 0.000248692 0.00118205 0.00162782 0.00428331 0.00124789 -5.86753e-05 0.000428908 0.000682112 -0.000502408 -0.00195466 -0.000239182 -0.00186128 -0.000324739 -0.000385834 -0.000437253 -0.000687555 0.000213569 -0.000657635 -3.3203e-05 -0.00141974
internal_weight=64005 63529 38142 9449 7606 952 6654 28693 13671 12310 15022 2305 12717 1361 25387 24871 24463 17668 6795 1843 1013 830
internal_count=64005 63529 38142 9449 7606 952 6654 28693 13671 12310 15022 2305 12717 1361 25387 24871 24463 17668 6795 1843 1013 830
is_linear=0
shrinkage=0.12


Tree=39
num_leaves=39
num_cat=0
split_feature=66 22 90 74 66 66 73 90 93 93 76 66 34 78 19 0 58 65 66 29 23 22 14 5 14 55 11 90 5 85 54 2 58 70 84 0 53 50
split_gain=0.31635 0.900017 1.36249 0.793191 1.56417 1.11675 3.12201 2.42931 1.01411 0.954564 0.802207 1.13197 0.617491 0.613368 0.572688 0.536278 0.517401 0.445686 0.394579 0.37264 0.48715 0.36563 0.491189 0.342718 0.336994 0.280281 0.257185 0.713105 1.01244 0.280585 0.463442 0.3769 0.241334 0.214888 0.203143 0.184846 0.181607 0.14119
threshold=11.064062595367433 1.2953000068664553 1.0000000180025095e-35 7.5000000000000009 7.9187500476837167 4.0468750000000009 359.30335998535162 1.0000000180025095e-35 1.0000000180025095e-35 1.0000000180025095e-35 0.81378167867660534 9.0406250953674334 1.2286856770515444 -0.76377806067466725 0.29270832240581518 3.4364999532699589 -0.15419811755418775 25.500000000000004 6.8781249523162851 45.677238464355476 6.0451748371124276 2.0953958034515385 3.1879500150680546 3.6643999814987187 6.2262499332427987 0.1297172158956528 1.5000000000000002 1.0000000180025095e-35 1.7763000130653384 1.0000000180025095e-35 0.0079325134865939635 245.05500030517581 -2.3897513151168819 10.500000000000002 1.0000000180025095e-35 51.332349777221687 2.0093749761581425 0.42210277915000921
decision_type=2 2 2 2 2 2 2 2 2 2 2 2 2 2 2 2 2 2 2 2 2 2 2 2 2 2 2 2 2 2 2 2 2 2 2 2 2 2
left_child=3 2 32 5 13 6 23 -8 -9 19 11 16 26 -5 18 -13 -6 -16 -15 20 -7 22 -14 24 -1 -4 29 28 -28 30 -3 -31 -2 -27 35 -11 -29 -21
right_child=1 12 25 4 10 9 7 8 -10 34 -12 15 21 14 17 -17 -18 -19 -20 37 -22 -23 -24 -25 -26 33 27 36 -30 31 -32 -33 -34 -35 -36 -37 -38 -39
leaf_value=-0.00078744513157093872 -0.005183336255665613 0.0011943037602569252 -0.0026741010100208074 0.0065397559652799076 -0.003644231483375292 -0.0015690670932195136 -0.00053155343164689838 0.014664928918092988 0.0055658448153453714 -0.00039023043749430341 0.0054438622343483531 -0.0014550183741348908 0.0039216591657919653 -0.00062928369140897924 0.0016383455691534729 0.00075535446216604206 -8.3443954332833997e-05 0.0062764159658124348 0.0023643456895520365 -0.0025567096457171285 -0.0069923665513234416 0.0052366012588111197 -0.002349345778973241 0.0033358289130315509 0.0014772133879261428 -0.0009869788997668525 -0.0013998626705761194 -0.0023211633663516936 -0.0087034172539722753 -0.0050979917257728451 -0.0003026968293476861 -0.00034370242043096048 -0.0099689907424362293 0.0034710278092340255 -0.0027628909436468747 0.0018274860236939551 0.00070344824606973606 -0.00039883495995935559
leaf_weight=7951 306 3734 472 530 1562 395 470 393 320 1263 406 1818 370 1036 513 12104 942 713 1634 2299 602 449 350 345 1074 317 1054 343 369 370 14707 684 301 306 301 947 1716 539
leaf_count=7951 306 3734 472 530 1562 395 470 393 320 1263 406 1818 370 1036 513 12104 942 713 1634 2299 602 449 350 345 1074 317 1054 343 369 370 14707 684 301 306 301 947 1716 539
internal_value=-5.0674e-06 -0.000329207 -0.00299629 0.000214509 0.000702321 -0.000399132 0.000357336 0.00616615 0.0105812 -0.00165709 0.000174483 4.42404e-05 -0.00014121 0.00270968 0.00218864 0.000466714 -0.00230467 0.00433569 0.00120277 -0.00284799 -0.00484372 0.00254917 0.000873254 -0.00037605 -0.000517944 -0.000468414 -0.000278089 -0.00122805 -0.00329376 -0.000108417 4.21234e-07 -0.00201267 -0.00755645 0.00120267 0.000161744 0.000560076 0.000199591 -0.00214688
internal_weight=64005 25848 1702 38157 21258 16899 10553 1183 713 6346 16832 16426 24146 4426 3896 13922 2504 1226 2670 3835 997 1169 720 9370 9025 1095 22977 3482 1423 19495 18441 1054 607 623 2511 2210 2059 2838
internal_count=64005 25848 1702 38157 21258 16899 10553 1183 713 6346 16832 16426 24146 4426 3896 13922 2504 1226 2670 3835 997 1169 720 9370 9025 1095 22977 3482 1423 19495 18441 1054 607 623 2511 2210 2059 2838
is_linear=0
shrinkage=0.12


Tree=40
num_leaves=47
num_cat=0
split_feature=0 63 90 34 66 61 66 71 13 51 53 23 47 87 22 81 69 1 55 55 19 76 0 90 22 18 34 34 72 61 61 63 53 22 47 93 47 81 59 62 51 71 62 50 66 2
split_gain=0.32196 0.48097 0.465446 0.730664 0.877711 0.89111 0.461024 0.724311 0.887076 0.823686 0.642343 0.417327 1.00744 0.434203 0.604444 0.798817 0.358838 0.329612 0.328744 0.348422 0.328551 0.321628 0.31237 0.339991 0.866501 0.374333 0.298812 0.285018 0.289897 0.24461 0.533187 0.22685 0.193398 0.182216 0.175671 0.168371 0.163738 0.15737 0.149825 0.145993 0.130334 0.111206 0.110667 0.0938394 0.0742845 0.0246581
threshold=31.612200736999515 6.7023682594299325 1.0000000180025095e-35 0.8569856882095338 8.2281250953674334 5.3656251430511483 11.230208396911623 25.500000000000004 1.565050005912781 0.056344425305724151 2.4468749761581425 1.572316646575928 0.15806051343679431 0.37500000000000006 2.538275003433228 0.15728922188282016 2.5000000000000004 8.7813501358032244 0.16634833812713626 0.091379433870315566 0.47187499701976782 0.81378167867660534 49.921049118041999 1.0000000180025095e-35 2.3363083600997929 1.0000000180025095e-35 1.1847285628318789 1.017885744571686 23.73124980926514 2.1593749523162846 3.6281249523162846 1.7404547929763796 2.5656249523162846 1.5233166813850405 0.076247703284025206 1.0000000180025095e-35 0.052969403564929969 2.5578417778015141 6.4011669158935556 -0.45981067419052118 0.13156388700008395 130.50000000000003 -10.433012485504149 0.35235635936260229 11.707291603088381 344.67500305175787
decision_type=2 2 2 2 2 2 2 2 2 2 2 2 2 2 2 2 2 2 2 2 2 2 2 2 2 2 2 2 2 2 2 2 2 2 2 2 2 2 2 2 2 2 2 2 2 2
left_child=1 11 3 42 -5 -6 7 16 18 17 -11 12 34 14 15 -13 -2 -10 19 -9 21 -18 26 24 25 -24 27 28 -8 40 32 -16 -31 -25 -1 44 -32 -35 -29 -26 -4 -37 45 -44 -15 -3
right_child=6 2 29 4 5 -7 22 8 9 10 -12 13 -14 35 31 -17 20 -19 -20 -21 -22 -23 23 33 39 -27 -28 38 -30 30 36 -33 -34 37 -36 41 -38 -39 -40 -41 -42 -43 43 -45 -46 -47
leaf_value=0.001134421263204496 0.0038189934845356318 -0.001740431679926144 -0.0035968416105992924 0.0087311875458440866 -0.0010851207362066327 0.0039568599932613439 0.0022403539410176285 -0.0026807117151949333 -0.0047742820521450673 0.0026982926117885093 2.1076971828807589e-05 -0.00011541955473588146 0.0056808444003356873 -0.0011889774570902224 -0.00092990601918501467 -0.002813255628458937 -0.0016289574707454995 -6.3326933230471575e-05 -0.0038783878352015356 0.0024387186309987943 0.003383265400929873 9.2486385619396995e-06 -0.0079819902016713112 0.0017941869607893751 -0.002131133702771936 -0.002914771939790616 0.0036361800685684562 -0.0038207703765233531 -0.00042381204929952716 0.0045535468139246199 0.0019224582964684233 0.00035806930605413129 0.00064757069986562713 -1.7224554854098976e-05 -0.0024627647782666032 0.00033111789201256274 -0.00091188058345795535 -0.0018768388037647002 -0.00016705584550660065 0.00020070503959643263 -0.00068020027416073258 0.0022573469502595632 0.002111860828411857 -0.00034278899496712254 0.00081130473965927501 -0.00055055762386556231
leaf_weight=314 332 585 452 308 862 1218 1019 368 307 6240 1627 2414 507 1486 4393 4577 2117 705 542 399 361 9338 369 570 548 487 388 349 1391 436 326 3569 314 2375 518 3734 2944 905 301 1313 431 488 355 609 326 439
leaf_count=314 332 585 452 308 862 1218 1019 368 307 6240 1627 2414 507 1486 4393 4577 2117 705 542 399 361 9338 369 570 548 487 388 349 1391 436 326 3569 314 2375 518 3734 2944 905 301 1313 431 488 355 609 326 439
internal_value=-1.55103e-05 -0.00028791 0.000438224 0.00133784 0.00275263 0.00186735 0.000250608 0.000553943 0.00130013 0.00173007 0.00214461 -0.000589702 0.00146429 -0.00072075 -0.00106748 -0.00188169 -7.18534e-05 -0.00149244 -0.00161615 -1.754e-05 -0.000181176 -0.000293508 -0.000425905 -0.000911519 -0.00193934 -0.00509912 0.000498986 0.000101198 0.000702655 -0.000364697 3.25444e-05 -0.000352566 0.00291824 -0.000186172 -0.00110517 0.000138489 -0.000629313 -0.000530319 -0.00212882 -0.000485941 -0.0021732 0.000553761 -0.000361617 0.000561154 -0.000829103 -0.00123032
internal_weight=63956 31605 9279 4376 2388 2080 32351 22336 10188 8879 7867 22326 1339 20987 14953 6991 12148 1012 1309 767 11816 11455 10015 6567 2717 856 3448 3060 2410 4903 4020 7962 750 3850 832 6034 3270 3280 650 1861 883 4222 1988 964 1812 1024
internal_count=63956 31605 9279 4376 2388 2080 32351 22336 10188 8879 7867 22326 1339 20987 14953 6991 12148 1012 1309 767 11816 11455 10015 6567 2717 856 3448 3060 2410 4903 4020 7962 750 3850 832 6034 3270 3280 650 1861 883 4222 1988 964 1812 1024
is_linear=0
shrinkage=0.12


Tree=41
num_leaves=35
num_cat=0
split_feature=49 61 61 61 78 54 33 1 87 54 22 13 74 72 89 66 69 89 13 61 58 81 62 31 66 22 66 34 76 58 45 47 13 13
split_gain=0.274594 0.348793 1.0045 0.704903 0.784612 0.504048 0.401832 0.382935 0.355385 0.343457 0.706915 0.654682 0.330184 1.20255 2.29466 0.750516 0.30868 0.415598 0.297071 0.280448 0.541892 0.24921 0.248387 0.304396 0.254932 0.323047 0.426898 0.410218 0.355939 0.303666 0.198638 0.175865 0.111349 0.1408
threshold=1.7593750357627871 3.5468750000000004 5.1468751430511483 2.8906250000000004 -0.90956342220306385 -0.074067249894142137 0.36019335687160497 12.918249607086183 0.37500000000000006 -0.19847502559423444 1.0266000032424929 4.113150119781495 3.5000000000000004 3.9781249761581425 4.8750000000000009 5.8906250000000009 9.5000000000000018 0.62500000000000011 4.2904999256134042 6.0593750476837167 -7.4838211536407462 0.11505264788866044 1.1738129258155825 0.92187500000000011 3.9281250238418584 1.9392499923706057 11.548958301544191 1.1532713770866396 0.56960445642471325 -2.2976830005645748 0.50937500596046459 0.11897201463580133 2.9338999986648564 4.6243000030517587
decision_type=2 2 2 2 2 2 2 2 2 2 2 2 2 2 2 2 2 2 2 2 2 2 2 2 2 2 2 2 2 2 2 2 2 2
left_child=1 3 6 12 -5 9 8 31 18 10 -4 -11 16 14 -14 -15 17 -1 -3 20 -7 -21 24 -24 -2 26 29 28 -27 -26 -18 -6 -8 -34
right_child=22 2 5 4 7 19 32 -9 -10 11 -12 -13 13 15 -16 -17 30 -19 -20 21 -22 -23 23 -25 25 27 -28 -29 -30 -31 -32 -33 33 -35
leaf_value=-0.0053079533771173476 0.0017867924496313631 -0.0019625547747835464 -0.0050235416624846672 0.0070970310842361096 0.0017611428722549224 0.0050875549298909197 -0.0027946976123246355 0.0037302053950378391 -0.0005952664921003944 -0.00028522425426191848 0.0029669163681348308 0.0041256713024914174 0.00063480193901952104 -0.0012405353449909499 0.010138823089233286 0.00048598846281649723 0.00054381419440302926 -0.00019452004263697625 -0.0055553928742268941 0.00037122193990933122 -2.4709377695450971e-06 -0.0008903135557431801 -0.00085141712509107122 0.0034486327590712513 -2.1647464123974636e-05 -3.8652520273874508e-05 -0.0063794513622203583 0.0037782481280939266 -0.0020060910614761842 -0.0031442259659328763 -0.0007447897036895599 -0.0017716062088318936 0.0018796704047954367 -0.00095114497354045942
leaf_weight=425 513 528 301 429 337 402 363 537 538 797 339 1236 1251 4428 517 20007 2907 496 890 3515 1201 6290 488 461 920 3650 308 303 2078 875 4228 510 301 1587
leaf_count=425 513 528 301 429 337 402 363 537 538 797 339 1236 1251 4428 517 20007 2907 496 890 3515 1201 6290 488 461 920 3650 308 303 2078 875 4228 510 301 1587
internal_value=-1.36491e-05 9.08208e-05 -0.00033608 0.000307254 0.0026132 0.00015004 -0.00196314 0.00122334 -0.00322126 0.00163326 -0.000791096 0.00239646 0.000185222 0.000391787 0.00341398 0.000173116 -0.000486652 -0.00255414 -0.00421758 -0.000197493 0.001274 -0.000438065 -0.000605457 0.00123744 -0.000807712 -0.000971344 -0.00225201 -0.000524777 -0.000752399 -0.0015438 -0.000219776 -0.000366014 -0.000869907 -0.000499834
internal_weight=63956 54360 18288 36072 1813 14081 4207 1384 1956 2673 640 2033 34259 26203 1768 24435 8056 921 1418 11408 1603 9805 9596 949 8647 8134 2103 6031 5728 1795 7135 847 2251 1888
internal_count=63956 54360 18288 36072 1813 14081 4207 1384 1956 2673 640 2033 34259 26203 1768 24435 8056 921 1418 11408 1603 9805 9596 949 8647 8134 2103 6031 5728 1795 7135 847 2251 1888
is_linear=0
shrinkage=0.12


Tree=42
num_leaves=33
num_cat=0
split_feature=0 76 33 89 24 22 28 5 69 78 70 69 54 46 47 47 46 66 15 58 9 7 66 16 76 19 29 1 34 66 50 2
split_gain=0.271185 0.523288 0.942796 0.282598 0.483401 0.817985 1.27952 1.75068 0.689996 0.56642 0.430593 0.684811 0.321871 0.295051 0.562671 0.499782 0.367485 0.364146 0.340928 0.272803 0.271856 0.219761 0.196164 0.18887 0.181307 0.178124 0.158792 0.131357 0.128929 0.382104 0.240209 0.104252
threshold=94.17255020141603 0.84653189778327953 0.27945974469184881 1.0000000180025095e-35 5.4026954174041757 1.8653916716575625 72.229507446289077 3.3718000650405888 7.5000000000000009 2.9201101064682011 32.500000000000007 13.500000000000002 0.015659814700484279 0.19202470034360888 0.35093636810779577 0.14611424505710605 0.17952682822942737 11.548958301544191 5.611258029937745 3.5163060426712041 1.0000000180025095e-35 8.1392502784729022 9.3020834922790545 2.2382669448852544 0.8199121654033662 0.31145833432674414 68.314876556396499 14.547100067138674 1.1210714578628542 1.4062500000000002 -0.021071853116154667 316.83999633789068
decision_type=2 2 2 2 2 2 2 2 2 2 2 2 2 2 2 2 2 2 2 2 2 2 2 2 2 2 2 2 2 2 2 2
left_child=3 2 -2 4 8 6 9 -8 -1 -6 12 -12 -7 14 15 16 -5 -17 21 20 -20 26 -23 -10 -4 28 -15 -25 29 -3 -30 -31
right_child=1 25 24 13 5 10 7 -9 23 -11 11 -13 -14 18 -16 17 -18 -19 19 -21 -22 22 -24 27 -26 -27 -28 -29 30 31 -32 -33
leaf_value=0.0053756332097741298 0.0082928057856568229 -0.0037515847489544337 -0.00075024069758180244 0.00067303919140133115 -0.0083534316224785233 0.0019628311092362524 -0.0023480053112442771 0.0078443935031451417 -0.002756511429661229 -0.0034164211820497939 -0.0043098940537843284 -4.562761779529689e-05 -0.00022320147508901998 -0.0020097932547995033 0.0043962658324204641 -0.0002418514313713863 0.0034701714866537392 -0.0040856180170531801 7.9900514001169729e-05 -0.0024916218910054121 0.0012268269567000617 -0.0011935817880656548 0.00032032577285713532 -0.0014672799993809943 0.0030166708524134792 0.0021083824019891327 -0.00069263837145624682 0.0008834703114641737 0.0034375518040333634 0.00080531582993388921 -0.0010450793022146591 -0.00080640566534781466
leaf_weight=409 349 439 457 3489 512 1237 1080 313 301 966 886 1398 4492 1859 566 1871 839 438 20976 537 3468 1674 4673 421 308 595 4529 1831 366 1330 325 1022
leaf_count=409 349 439 457 3489 512 1237 1080 313 301 966 886 1398 4492 1859 566 1871 839 438 20976 537 3468 1674 4673 421 308 595 4529 1831 366 1330 325 1022
internal_value=-1.20112e-05 0.000819384 0.00312429 -8.54524e-05 -0.000559432 -0.00092932 -0.00266728 -5.78252e-05 0.000799741 -0.00512667 -0.000306621 -0.0016998 0.000248805 6.06487e-05 0.000764402 0.000454679 0.00121527 -0.000970985 -7.37541e-05 0.000183845 0.000242621 -0.000579061 -7.89623e-05 6.66664e-05 0.000766372 0.00018959 -0.00107595 0.000444009 -0.000138291 -0.00050162 0.00132922 0.000104984
internal_weight=63956 5191 1114 58765 13846 10884 2871 1393 2962 1478 8013 2284 5729 44919 7203 6637 4328 2309 37716 24981 24444 12735 6347 2553 765 4077 6388 2252 3482 2791 691 2352
internal_count=63956 5191 1114 58765 13846 10884 2871 1393 2962 1478 8013 2284 5729 44919 7203 6637 4328 2309 37716 24981 24444 12735 6347 2553 765 4077 6388 2252 3482 2791 691 2352
is_linear=0
shrinkage=0.12


Tree=43
num_leaves=25
num_cat=0
split_feature=41 49 29 47 57 57 29 57 58 59 50 11 63 92 55 92 65 2 6 50 71 59 58 71
split_gain=0.23399 0.235909 0.2965 0.344036 0.286359 0.975497 0.583536 0.425716 0.593328 0.784773 0.428997 0.413293 0.354262 0.34169 0.270052 0.269667 0.265557 0.235313 0.214185 0.210494 0.128191 0.101846 0.0865614 0.117761
threshold=0.029498630203306678 1.8906250000000002 16.092858314514164 0.092252850532531752 3.4031250476837163 4.0687499046325692 -67.857318878173814 2.6906249523162846 -0.68648317456245411 3.4141074419021611 0.2028862535953522 1.0000000180025095e-35 5.7332520484924325 1.0394142866134646 0.042527997866272933 0.95647141337394725 38.500000000000007 278.87500000000006 4.9352500438690194 0.12065186724066736 52.500000000000007 1.877510190010071 -23.951774597167965 58.500000000000007
decision_type=2 2 2 2 2 2 2 2 2 2 2 2 2 2 2 2 2 2 2 2 2 2 2 2
left_child=19 4 3 -3 7 15 -7 11 9 -9 -10 12 -2 -13 -8 21 -17 20 -5 -1 -4 -6 -19 -24
right_child=1 2 17 18 5 6 14 8 10 -11 -12 13 -14 -15 -16 16 -18 22 -20 -21 -22 -23 23 -25
leaf_value=0.0038032185067681393 -0.00082764332137674279 -0.0050281683577243497 0.00011823067313525827 -0.0025393953145429584 4.58948271562459e-05 0.0048384975607675051 -0.0021089778262372919 0.0055569381300064101 -0.0047239735821513083 0.00093885529076178146 0.0010839375466268053 6.4416391842077341e-05 0.00080971080078538684 0.0010341868787905805 -4.5535572323259237e-06 -0.0010157224685865898 -0.0050240982196741585 -0.0026423086200923819 0.0014450304159124455 0.0003169693160500975 0.0036233562449042829 -0.0020908544701562261 -0.0011000027809110952 0.00089759708154992391
leaf_weight=432 9230 467 300 483 467 349 928 796 319 1585 430 15907 2397 7796 16330 335 822 314 325 590 301 1029 1417 607
leaf_count=432 9230 467 300 483 467 349 928 796 319 1585 430 15907 2397 7796 16330 335 822 314 325 590 301 1029 1417 607
internal_value=-1.05699e-05 -3.98196e-05 -0.000907094 -0.00243533 2.24198e-05 -0.000342694 -1.94727e-05 0.000214755 0.00155609 0.00248274 -0.00138966 9.59219e-05 -0.00049009 0.000383377 -0.000117713 -0.0024878 -0.00386351 -0.000244113 -0.000936749 0.00179061 0.00187371 -0.00142383 -0.000788515 -0.00050092
internal_weight=63956 62934 4214 1275 58720 20260 17607 38460 3130 2381 749 35330 11627 23703 17258 2653 1157 2939 808 1022 601 1496 2338 2024
internal_count=63956 62934 4214 1275 58720 20260 17607 38460 3130 2381 749 35330 11627 23703 17258 2653 1157 2939 808 1022 601 1496 2338 2024
is_linear=0
shrinkage=0.12


Tree=44
num_leaves=13
num_cat=0
split_feature=6 19 66 14 51 55 70 53 28 5 53 22
split_gain=0.217814 0.222564 0.314342 0.209256 0.203751 0.316884 0.417612 0.266717 0.253117 0.191759 0.164391 0.111173
threshold=0.2144500017166138 0.48437500000000006 10.852083683013918 -2.0436000823974605 0.060678860172629363 0.20447301119565967 31.500000000000004 2.5781250000000004 117.10400772094728 2.716750025749207 2.0156250000000004 2.31969165802002
decision_type=2 2 2 2 2 2 2 2 2 2 2 2
left_child=-1 3 10 -2 8 7 -7 -6 9 -5 -3 -4
right_child=1 2 11 4 5 6 -8 -9 -10 -11 -12 -13
leaf_value=0.0024730123425790655 -0.0025235786368726326 0.0011453680281574891 -0.0019105907676716836 -0.00063489740225974444 -8.7149753748795207e-07 0.00092869392496442381 -0.00081737115423984985 -0.0010336024070808376 -0.0033673358025221043 0.00058487218668679629 0.0046271351747099983 0.0011604109462609105
leaf_weight=505 494 355 359 9046 33150 10036 2455 4040 425 2335 434 322
leaf_count=505 494 355 359 9046 33150 10036 2455 4040 425 2335 434 322
internal_value=-9.30147e-06 -2.9058e-05 0.00143029 -6.36693e-05 -4.39059e-05 6.25809e-05 0.00058552 -0.000113058 -0.000492014 -0.000384642 0.00306056 -0.000458517
internal_weight=63956 63451 1470 61981 61487 49681 12491 37190 11806 11381 789 681
internal_count=63956 63451 1470 61981 61487 49681 12491 37190 11806 11381 789 681
is_linear=0
shrinkage=0.12


Tree=45
num_leaves=19
num_cat=0
split_feature=24 34 55 5 22 47 22 5 45 89 89 22 19 61 47 57 63 49
split_gain=0.281781 0.296718 0.331787 0.246228 0.431423 0.225528 0.559549 0.356598 1.00801 1.25603 0.924287 0.374103 0.243607 0.189443 0.248446 0.255492 0.146811 0.141867
threshold=14.05414390563965 1.0816999673843386 0.11186637729406358 3.9222500324249272 0.12079166620969774 0.64250540733337413 2.3363083600997929 3.0935499668121342 0.90312498807907116 0.37500000000000006 0.37500000000000006 1.1373666524887087 0.45937500894069677 3.6656249761581425 0.066917080432176604 2.3656250238418584 8.5959396362304705 1.3843750357627871
decision_type=2 2 2 2 2 2 2 2 2 2 2 2 2 2 2 2 2 2
left_child=3 13 -3 5 -5 7 -7 11 9 -9 -10 -1 -13 14 -2 17 -15 -16
right_child=1 2 -4 4 -6 6 -8 8 10 -11 -12 12 -14 16 15 -17 -18 -19
leaf_value=0.0035265587949275669 0.0041280337669785585 8.6581796640530225e-05 0.0049379485082608303 -0.00086854635421945345 0.0042730041756715437 0.0058125418802179394 -0.0011101303625382869 -0.004275461214779952 0.0068250246764947932 -0.00030377945750208733 -0.00030479480182909736 -0.00011396645113146615 0.0012029130484625815 -0.0029245071543311397 0.0013820226899836814 0.0032588701782826808 0.00054857839077453109 -0.0013207885811680707
leaf_weight=422 311 339 506 445 498 311 366 1797 404 3168 744 50067 2108 370 426 355 333 814
leaf_count=422 311 339 506 445 498 311 366 1797 404 3168 744 50067 2108 370 426 355 333 814
internal_value=-1.67926e-05 0.00103732 0.00299166 -7.71424e-05 0.00184672 -0.000107691 0.00207 -0.000132803 -0.0010003 -0.00174126 0.00220431 -3.19792e-05 -6.07612e-05 0.000404349 0.00102536 0.000420388 -0.00127936 -0.000392242
internal_weight=63784 3454 845 60330 943 59387 677 58710 6113 4965 1148 52597 52175 2609 1906 1595 703 1240
internal_count=63784 3454 845 60330 943 59387 677 58710 6113 4965 1148 52597 52175 2609 1906 1595 703 1240
is_linear=0
shrinkage=0.12


Tree=46
num_leaves=20
num_cat=0
split_feature=23 3 47 63 5 12 47 5 5 28 89 89 45 5 66 29 29 45 19
split_gain=0.228727 0.235918 0.351113 0.564911 0.190481 0.289326 0.186497 0.36674 0.276165 0.787188 1.0234 0.701106 0.262349 0.27803 0.226921 0.0757645 0.180694 0.10142 0.112086
threshold=9.0507292747497576 0.46988999843597418 0.14841303229331973 1.148811459541321 3.9222500324249272 0.43494999408721929 0.64250540733337413 1.8374999761581423 3.0935499668121342 88.212203979492202 0.37500000000000006 0.37500000000000006 1.0031250119209292 3.0265499353408818 5.5968749523162851 190.06632995605472 154.07167053222659 0.92187500000000011 0.2598958313465119
decision_type=2 2 2 2 2 2 2 2 2 2 2 2 2 2 2 2 2 2 2
left_child=4 2 3 -2 6 -6 8 -8 12 10 -10 -11 13 -1 -14 16 17 18 -3
right_child=1 15 -4 -5 5 -7 7 -9 9 11 -12 -13 14 -15 -16 -17 -18 -19 -20
leaf_value=4.1920066190421693e-05 -0.0024908127984267395 0.00051445310761191645 0.0053346038888773227 0.0041098593285061255 -0.00038306599132408259 0.0038251780532921353 -0.00068736843560700213 0.004892102370556194 -0.0038860801560997942 0.0056368358525695616 -0.00026078714524084871 -0.00029294956173972047 -0.0020059861910696653 0.0021737174424096934 -0.00035759231124661117 -0.00096538448998637451 0.0025793982155571677 0.0012805811135338592 -0.0026745222168988395
leaf_weight=43934 368 300 381 379 493 450 369 314 1758 443 3096 816 1474 899 6531 569 481 392 337
leaf_count=43934 368 300 381 379 493 450 369 314 1758 443 3096 816 1474 899 6531 569 481 392 337
internal_value=-1.47775e-05 0.00097284 0.00237013 0.000858123 -6.70628e-05 0.00162511 -9.38214e-05 0.00187772 -0.000116663 -0.000880264 -0.00157378 0.00179354 -2.832e-05 8.46673e-05 -0.000661119 0.000214717 0.000659404 -0.000238086 -0.00117265
internal_weight=63784 3207 1128 747 60577 943 59634 683 58951 6113 4854 1259 52838 44833 8005 2079 1510 1029 637
internal_count=63784 3207 1128 747 60577 943 59634 683 58951 6113 4854 1259 52838 44833 8005 2079 1510 1029 637
is_linear=0
shrinkage=0.12


Tree=47
num_leaves=22
num_cat=0
split_feature=81 55 8 54 80 41 53 65 74 5 5 41 81 5 41 66 55 22 72 66 76
split_gain=0.217946 0.229603 0.432817 0.368409 0.65649 0.651099 0.358093 0.314959 0.663265 0.726113 0.589198 0.325214 0.313582 0.284539 0.274619 0.271811 0.206864 0.190657 0.172862 0.71979 0.173471
threshold=56.032787322998054 0.092924874275922789 13.284243106842043 -0.055901996791362756 1.0000000180025095e-35 0.063471745699644103 1.5843749642372134 29.500000000000004 8.5000000000000018 1.4639499783515932 2.9130500555038457 0.090242538601160063 11.466482162475588 2.1520999670028691 0.1941235885024071 11.038541793823244 0.044605506584048278 0.78979167342185985 4.0906250476837167 3.5781250000000004 0.58254170417785656
decision_type=2 2 2 2 2 2 2 2 2 2 2 2 2 2 2 2 2 2 2 2 2
left_child=1 7 3 4 5 -3 13 8 18 -10 12 17 16 -5 -8 -13 -9 -12 19 -1 -20
right_child=-2 2 -4 6 -6 -7 14 10 9 -11 11 15 -14 -15 -16 -17 -18 -19 20 -21 -22
leaf_value=-0.00012302618804572657 0.0031406881347236337 0.0026228879011158152 -0.004351333795262302 -0.00055394791426407477 0.0059702998344615408 0.00014679979081211265 -0.00021821523375057316 -0.0012957459015730322 0.00021271303789388628 0.0076664674213582388 -0.0025502326703753095 -0.00044504039015728138 -0.0039341921182995329 -0.0050690315030238959 0.00058869130350817738 -0.0045240306461913531 -1.9428198381996008e-06 -0.0064667178050036422 0.0013288893999480916 0.0045050912377316201 -0.0013622908969906948
leaf_weight=7156 314 1899 305 465 343 7854 18961 2234 417 343 333 947 346 354 8936 313 8748 387 409 519 2201
leaf_count=7156 314 1899 305 465 343 7854 18961 2234 417 343 333 947 346 354 8936 313 8748 387 409 519 2201
internal_value=-1.30042e-05 -2.86062e-05 0.00015148 0.000186865 0.000810385 0.000628917 -3.23533e-05 -0.000317869 0.000155833 0.00357671 -0.000711019 -0.00262087 -0.0003772 -0.00250552 4.0254e-05 -0.00145831 -0.000265133 -0.00465534 -9.69489e-05 0.000189937 -0.00094057
internal_weight=63784 63470 39117 38812 10096 9753 28716 24353 11045 760 13308 1980 11328 819 27897 1260 10982 720 10285 7675 2610
internal_count=63784 63470 39117 38812 10096 9753 28716 24353 11045 760 13308 1980 11328 819 27897 1260 10982 720 10285 7675 2610
is_linear=0
shrinkage=0.12


Tree=48
num_leaves=17
num_cat=0
split_feature=6 41 46 78 75 50 49 49 33 62 57 57 57 22 50 58
split_gain=0.198898 0.161204 0.31671 0.167733 0.426221 0.503446 0.421859 0.289746 0.296545 0.346313 0.221812 0.736261 0.579724 0.201124 0.113575 0.059136
threshold=0.2144500017166138 0.029498630203306678 0.20629245042800906 19999971.000000004 10.500000000000002 0.014210293069481851 1.1468749642372134 1.9781250357627871 0.24279784411191943 -0.26991604268550867 3.3531249761581425 4.0687499046325692 2.6906249523162846 2.3629333972930913 0.2151904031634331 -0.93438598513603199
decision_type=2 2 2 2 2 2 2 2 2 2 2 2 2 2 2 2
left_child=-1 2 -2 7 5 -5 -7 10 9 -9 12 -12 -3 -10 -6 -4
right_child=1 3 15 4 14 6 -8 8 13 -11 11 -13 -14 -15 -16 -17
leaf_value=0.0023653575004158062 0.0046587735353415035 -1.5303297335574912e-05 0.0012861422069932193 0.0045203045908641017 -0.0038124127703948588 0.0044271300814771016 0.00010439764109418478 -0.0054456810676112308 0.0020725491330147974 -0.00035343877620783317 -0.0023071272528729903 -9.5963429980076964e-05 0.0018401931655132615 -0.0012003494141336148 -0.00074732919815880146 -0.00092001862716531413
leaf_weight=503 311 33988 316 547 302 366 2909 459 351 331 2501 16309 2611 1177 411 392
leaf_count=503 311 33988 316 547 302 366 2909 459 351 331 2501 16309 2611 1177 411 392
internal_value=-1.14437e-05 -3.03361e-05 0.00146678 -5.48384e-05 0.000647878 0.00115035 0.000587488 -0.000110043 -0.00142446 -0.0033121 -5.50556e-05 -0.000389962 0.000117069 -0.000448525 -0.00204558 6.4652e-05
internal_weight=63784 63281 1019 62262 4535 3822 3275 57727 2318 790 55409 18810 36599 1528 713 708
internal_count=63784 63281 1019 62262 4535 3822 3275 57727 2318 790 55409 18810 36599 1528 713 708
is_linear=0
shrinkage=0.12


Tree=49
num_leaves=28
num_cat=0
split_feature=15 72 72 0 55 29 54 78 75 29 71 54 90 57 90 69 69 6 72 85 61 47 49 49 1 7 50
split_gain=0.175038 0.763732 0.591289 0.280565 0.294223 0.365853 0.216188 0.201636 0.502515 0.456572 0.193785 0.625753 0.40701 0.407941 0.261289 0.733076 0.845802 0.405714 0.325094 0.261776 0.138432 0.10815 0.113388 0.100177 0.0808007 0.0403193 0.0261394
threshold=11.812844276428224 3.9781249761581425 5.8906250000000009 16.430399894714359 0.083700671792030348 73.739536285400405 0.1094210557639599 19999989.000000004 9.5000000000000018 41.342575073242195 129.50000000000003 -0.018621752969920632 1.0000000180025095e-35 8.2781248092651385 1.0000000180025095e-35 2.5000000000000004 6.5000000000000009 5.7841501235961923 4.0906250476837167 1.0000000180025095e-35 3.9156249761581425 0.059097686782479293 1.5406250357627871 1.5718750357627871 8.7432498931884783 3.2422000169754033 0.52995759248733532
decision_type=2 2 2 2 2 2 2 2 2 2 2 2 2 2 2 2 2 2 2 2 2 2 2 2 2 2 2
left_child=7 -2 -3 20 6 -6 -5 10 9 -9 14 12 13 -12 15 -1 -17 18 -16 -19 24 -13 -23 -14 -4 -11 -22
right_child=1 2 3 4 5 -7 -8 8 -10 25 11 21 23 -15 17 16 -18 19 -20 -21 26 22 -24 -25 -26 -27 -28
leaf_value=0.0043823247654234459 0.005465995636166579 -0.0034684421562678597 -0.00070476425696618941 -0.0024084746730872069 0.0030012274586905751 0.00053410154992294078 0.00080533733821345414 0.0066692308666159873 -0.0027345992440591382 3.4916734142791266e-05 0.0020966974870134866 -0.0022018087197039991 -0.00037836030288169146 0.0077175505179177695 0.0013200801420056318 -0.0024323339262936916 -0.00028723467527479537 -0.00034968669917967378 0.00010755291452297666 -0.002163253168897674 0.00098707225311954971 0.00054232310325139272 -0.001029346957100325 0.0022920982482119039 -0.0033704462138965962 0.0019742731424514204 -0.00026473086198791217
leaf_weight=433 426 571 315 520 1530 1993 717 302 311 318 421 402 487 333 3977 3109 17808 7526 15971 1352 327 1632 1111 346 341 300 905
leaf_count=433 426 571 315 520 1530 1993 717 302 311 318 421 402 487 333 3977 3109 17808 7526 15971 1352 327 1632 1111 346 341 300 905
internal_value=-1.00704e-05 0.000528615 0.000237256 0.00055554 0.0010465 0.00160555 -0.000545659 -8.34286e-05 0.00143545 0.0028451 -0.000117481 0.00061661 0.00255921 0.00457912 -0.000186711 -0.000504902 -0.000606072 4.89567e-05 0.000349292 -0.000625868 -0.000682273 -0.000363644 -9.4252e-05 0.000730858 -0.00209043 0.000976352 6.75253e-05
internal_weight=63784 7645 7219 6648 4760 3523 1237 56139 1231 920 54908 4732 1587 754 50176 21350 20917 28826 19948 8878 1888 3145 2743 833 656 618 1232
internal_count=63784 7645 7219 6648 4760 3523 1237 56139 1231 920 54908 4732 1587 754 50176 21350 20917 28826 19948 8878 1888 3145 2743 833 656 618 1232
is_linear=0
shrinkage=0.12


Tree=50
num_leaves=29
num_cat=0
split_feature=0 87 65 46 70 29 5 73 55 1 51 50 2 1 51 66 29 47 70 45 2 51 7 15 93 11 5 50
split_gain=0.260175 0.389547 0.730984 0.672923 0.539549 1.19211 0.37277 0.475328 0.293407 0.511398 0.472776 0.490913 0.212526 0.623963 0.611523 0.179951 0.179176 0.497133 0.541103 0.373269 0.360611 0.269167 0.15644 0.200873 0.115976 0.110826 0.0853272 0.0635557
threshold=93.731250762939467 0.37500000000000006 4.5000000000000009 0.14197479933500293 24.500000000000004 53.481668472290046 1.8040500283241274 366.68000793457037 0.42383837699890142 10.49900007247925 0.090715777128934874 0.20211175084114077 110.56999969482423 8.8179998397827166 0.10375531017780305 3.9281250238418584 12.610716819763185 0.34401686489582067 31.500000000000004 0.01250000041909516 141.1350021362305 0.15360913425683978 1.4985499978065493 9.4836773872375506 1.0000000180025095e-35 1.0000000180025095e-35 1.3975999951362612 0.075023669749498381
decision_type=2 2 2 2 2 2 2 2 2 2 2 2 2 2 2 2 2 2 2 2 2 2 2 2 2 2 2 2
left_child=8 2 -2 -3 5 -4 15 -8 12 22 -11 -12 13 -1 -15 -6 17 18 -14 25 -19 -21 -10 -24 -5 -18 -7 -26
right_child=1 3 4 24 6 26 7 -9 9 10 11 -13 16 14 -16 -17 19 20 -20 21 -22 -23 23 -25 27 -27 -28 -29
leaf_value=0.0049762517332727716 0.0061514318379279204 -0.005875083669459105 0.0080790185589077208 -0.0012216413427658503 0.0023785987315485132 -0.0010839865429606874 -0.0051591555011075456 0.00067404630865197299 0.001294514652925631 -0.00050304166559281369 0.0065799137461881761 0.00094402201547880735 -0.00025249385985183194 0.0035196437920343927 -0.0028381390479192349 -0.0003620751786844236 0.0011593719191683989 0.0051525730325069257 -0.0020808198450519982 -0.00031639285403338164 -9.870935656707302e-05 0.00031700774931602102 0.00051036614772460571 -0.0034420280796188889 0.0026051774797304114 0.0043061753814875722 0.0013775715243332023 0.00046455990457273282
leaf_weight=458 426 301 420 422 659 387 411 394 388 429 554 372 8869 350 577 724 304 365 3162 25592 389 15520 335 414 303 343 426 586
leaf_count=458 426 301 420 422 659 387 411 394 388 429 554 372 8869 350 577 724 304 365 3162 25592 389 15520 335 414 303 343 426 586
internal_value=1.54536e-05 0.000807698 0.00146388 -0.00075827 0.000880165 0.0028877 -0.000251136 -0.00230415 -5.85756e-05 0.00121544 0.00279014 0.00431582 -0.000115342 0.00135263 -0.000437682 0.000943857 -0.000152617 -0.000545689 -0.000733016 -3.22732e-05 0.00244336 -7.72807e-05 -0.000661174 -0.00167427 0.000416528 0.00282762 0.000205834 0.00119415
internal_weight=63880 5459 3847 1612 3421 1233 2188 805 58421 2492 1355 926 55929 1385 927 1383 54544 12785 12031 41759 754 41112 1137 749 1311 647 813 889
internal_count=63880 5459 3847 1612 3421 1233 2188 805 58421 2492 1355 926 55929 1385 927 1383 54544 12785 12031 41759 754 41112 1137 749 1311 647 813 889
is_linear=0
shrinkage=0.12


Tree=51
num_leaves=43
num_cat=0
split_feature=66 22 89 54 53 53 70 61 12 34 71 81 13 66 66 89 46 74 55 34 22 50 0 41 68 51 2 54 78 28 63 50 55 55 1 49 55 62 2 5 5 36
split_gain=0.242224 0.464036 0.904009 0.405021 0.427649 0.346302 0.414709 0.476002 0.503984 0.8359 0.501724 0.423745 0.396951 0.352202 1.26039 1.2517 0.578013 0.482752 0.348766 0.360793 0.548907 0.352595 0.344968 0.346754 0.337354 0.328934 0.324907 0.323243 0.318377 0.217471 0.204626 0.201788 0.211572 0.201632 0.21898 0.169414 0.168065 0.156963 0.144306 0.0846402 0.183245 0.0470958
threshold=11.013541698455812 1.2953000068664553 0.37500000000000006 -0.093344449996948228 2.1093750000000004 2.5656249523162846 28.500000000000004 3.5468750000000004 0.92629998922348034 1.1047285795211794 32.500000000000007 0.26954312622547155 6.7162499427795419 4.0468750000000009 3.7156250476837163 0.62500000000000011 0.20762897282838824 7.5000000000000009 0.17027189582586291 1.0323714613914492 1.5434666872024538 0.081860739737749114 47.40589904785157 0.087897676974535002 1.0000000180025095e-35 0.14479742944240573 123.70499801635744 -0.18180658668279645 7.8243737220764169 44.56714057922364 1.251963794231415 0.054436698555946357 0.22960982471704486 0.12787891179323199 14.193500041961672 1.2593750357627871 0.07485047355294229 -1.0000000180025095e-35 183.70500183105472 1.3975999951362612 1.9281000494956972 161.15509796142581
decision_type=2 2 2 2 2 2 2 2 2 2 2 2 2 2 2 2 2 2 2 2 2 2 2 2 2 2 2 2 2 2 2 2 2 2 2 2 2 2 2 2 2 2
left_child=5 2 25 4 -3 6 7 8 10 -10 -1 12 -9 14 24 -16 26 -18 19 39 -21 -20 23 -6 -8 -2 -15 -13 -24 30 35 38 -33 -4 -35 -5 -32 -23 -31 41 -41 -7
right_child=1 3 33 29 22 18 13 11 9 -11 -12 27 -14 16 15 -17 17 -19 21 20 -22 37 28 -25 -26 -27 -28 -29 -30 31 36 32 -34 34 -36 -37 -38 -39 -40 40 -42 -43
leaf_value=0.0024001217629207282 -0.0029810032660420979 0.0053115180011117464 -0.0018026889671112739 -0.0015186799044329988 -0.00051773479250120469 -0.0024962773259361304 0.00032353700169552381 0.00019821322944579072 0.00075779923679565229 0.0030936705722590472 -0.0031003625419955836 -0.0048832184503463886 0.0041020812535771051 4.0505647171880599e-07 -0.00012714059640919523 0.0099327827374128957 -0.0012039358867847185 0.0010341247503288431 0.0038454644515689821 -0.0012359900683245192 -0.0072821120035316917 -0.0023750116859955405 -0.0035523697038643528 0.003142869026620481 -0.0016319239325249917 -0.0081269668262419197 -0.0045030337360846559 -0.00078867370448684466 0.0010707840267927028 -0.0041679085653717855 0.0019553910699932901 -0.00030701838971094163 0.00068545280562569704 0.0033323304853208053 -0.00095403327243530366 -0.0050805788449792156 -0.0012500688212603158 0.0010650410215800269 -0.00054874054571563331 0.0022754719415089297 -0.0017040527844986921 -0.00066759509385982594
leaf_weight=351 375 328 544 473 602 338 6731 2135 8748 2950 747 312 455 321 336 379 3355 2367 372 546 358 383 429 978 1566 342 820 2521 429 303 301 14789 3911 360 328 324 1083 381 333 355 314 507
leaf_count=351 375 328 544 473 602 338 6731 2135 8748 2950 747 312 455 321 336 379 3355 2367 372 546 358 383 429 978 1566 342 820 2521 429 303 301 14789 3911 360 328 324 1083 381 333 355 314 507
internal_value=1.35992e-05 -0.000266339 -0.00204784 -0.000123352 0.00124354 0.000208652 0.000326157 0.000716826 0.00111613 0.00134686 -0.00134201 -0.000225369 0.000884028 -0.000122195 0.000371054 0.00520532 -0.000769895 -0.000278125 -0.000918592 -0.00173339 -0.00363036 0.000815725 0.000696247 0.00174813 -4.55424e-05 -0.00543556 -0.00323607 -0.00123961 -0.00124079 -0.000299065 -0.00143498 -0.00017094 -9.94486e-05 -7.62555e-05 0.00128883 -0.00296668 -0.000552928 -0.000659488 -0.00227297 -0.000600722 0.000407653 -0.00139907
internal_weight=63880 26232 1949 24283 2766 37648 34094 18219 12796 11698 1098 5423 2590 15875 9012 715 6863 5722 3554 2418 904 1136 2438 1580 8297 717 1141 2833 858 21517 2181 19336 18700 1232 688 797 1384 764 636 1514 669 845
internal_count=63880 26232 1949 24283 2766 37648 34094 18219 12796 11698 1098 5423 2590 15875 9012 715 6863 5722 3554 2418 904 1136 2438 1580 8297 717 1141 2833 858 21517 2181 19336 18700 1232 688 797 1384 764 636 1514 669 845
is_linear=0
shrinkage=0.12


Tree=52
num_leaves=39
num_cat=0
split_feature=11 57 57 33 58 23 24 5 59 33 15 0 46 45 33 11 5 57 61 76 59 34 66 90 62 61 81 46 0 54 51 29 22 28 46 19 51 24
split_gain=0.221631 0.394912 0.40325 0.517082 0.407603 0.392028 0.372594 0.366859 0.359587 0.304881 0.666576 0.405832 0.397632 0.364999 0.301348 0.508687 0.255469 0.251446 0.289331 0.246755 0.245543 0.571012 0.581116 0.41193 0.344732 0.572425 0.259012 0.202273 0.165994 0.151799 0.320178 0.232615 0.148824 0.120754 0.177682 0.110649 0.103524 0.0939407
threshold=1.0000000180025095e-35 3.3531249761581425 4.4906251430511483 0.20413491874933246 -0.03840182535350322 1.572316646575928 1.9618666768074038 2.1274999380111699 -0.12402901053428649 0.34154020249843603 1.4487445354461672 55.974851608276374 0.34250313043594366 0.92187500000000011 0.30859860777854925 1.5000000000000002 1.8374999761581423 2.3906250000000004 4.1281249523162851 0.95244187116622936 1.7350797057151797 1.0723714232444765 3.9281250238418584 1.0000000180025095e-35 0.86540943384170543 4.5406248569488534 0.14354225993156436 0.3523413091897965 32.140750885009773 -0.20543950796127317 0.12319494783878328 -45.000688552856438 1.3449999690055849 116.48928833007814 0.23568760603666308 0.31145833432674414 0.19914551824331286 3.0610375404357915
decision_type=2 2 2 2 2 2 2 2 2 2 2 2 2 2 2 2 2 2 2 2 2 2 2 2 2 2 2 2 2 2 2 2 2 2 2 2 2 2
left_child=5 8 3 -3 14 6 -1 36 -2 10 11 -10 -11 -12 15 -4 37 -18 -19 -14 21 33 32 -24 29 -26 -27 -16 -5 30 -22 -31 -23 34 -7 -30 -6 -8
right_child=1 2 4 28 7 20 16 -9 9 12 13 -13 19 -15 27 -17 17 18 -20 -21 24 22 23 -25 25 26 -28 -29 35 31 -32 -33 -34 -35 -36 -37 -38 -39
leaf_value=-0.0024804927087949042 0.0041861990024624311 -0.0058604207114395929 0.0024339326504330566 -0.0028511326507209556 -0.0012028569540190959 0.0023624116352104771 -0.0014878319645443209 -0.0043034967343740715 4.811129405965457e-05 -0.0037719484489229893 0.0014445593523832166 -0.0061678380370818516 1.6818752021752603e-05 -6.4382561247461952e-05 -0.0025455821870496095 -0.0022737322602259719 0.00054282185683242356 0.0071131268450959984 0.0024185108134743799 0.0024828523169300272 0.00083735197009518741 0.0014630566917130292 -0.0060959453835596426 -0.0021148857246002842 0.0048255153316612677 0.0016807293873276903 -0.0017635279118318359 0.00010681050472651612 -0.00091796628563158521 0.0026724736264618445 -0.0044640565187849092 -0.00029146675456931007 -0.0013558991035682742 -0.0022744682036383679 -0.00032107588623264536 0.0016973037019194471 0.0014356467149733868 0.0014784668877064326
leaf_weight=318 363 387 1759 520 736 376 310 535 303 388 8422 302 13864 3180 474 407 402 307 492 610 300 424 677 837 523 688 579 3272 1019 394 362 11825 741 418 6457 302 302 305
leaf_count=318 363 387 1759 520 736 376 310 535 303 388 8422 302 13864 3180 474 407 402 307 492 610 300 424 677 837 523 688 579 3272 1019 394 362 11825 741 418 6457 302 302 305
internal_value=1.19673e-05 0.000201596 -0.000455961 -0.00187316 -3.41151e-05 -0.000251498 0.0013087 -0.00175086 0.00043442 0.000384108 0.000828478 -0.00305473 1.91225e-05 0.00103097 0.000422658 0.00154934 0.00197222 0.00299072 0.00422232 0.000120749 -0.000386837 -0.000847648 -0.00234472 -0.00389506 -7.49382e-05 0.00148548 0.000106755 -0.00022881 -0.00103499 -0.00029178 -0.00206161 -0.000195895 -0.000329944 -0.000294532 -0.000173411 -0.000320077 -0.0004352 -1.67407e-05
internal_weight=63880 37145 9713 2228 7485 26735 2134 1573 27432 27069 12207 605 14862 11602 5912 2166 1816 1201 799 14474 24601 9930 2679 1514 14671 1790 1267 3746 1841 12881 662 12219 1165 7251 6833 1321 1038 615
internal_count=63880 37145 9713 2228 7485 26735 2134 1573 27432 27069 12207 605 14862 11602 5912 2166 1816 1201 799 14474 24601 9930 2679 1514 14671 1790 1267 3746 1841 12881 662 12219 1165 7251 6833 1321 1038 615
is_linear=0
shrinkage=0.12


Tree=53
num_leaves=22
num_cat=0
split_feature=15 33 61 61 61 51 33 69 80 11 36 87 19 54 57 45 41 2 54 54 54
split_gain=0.199068 0.174579 0.202078 0.728329 0.531311 0.499877 0.418054 0.359929 0.338277 0.310738 0.30935 0.295852 0.273742 0.201159 0.154952 0.0619687 0.0623525 0.0379243 0.0285846 0.0352179 0.0322119
threshold=-0.52453747391700734 0.58639952540397655 3.6281249523162846 4.9468748569488534 2.4468749761581425 0.27867898344993597 0.06000963784754277 8.5000000000000018 1.0000000180025095e-35 1.0000000180025095e-35 53.481668472290046 0.37500000000000006 0.27057291567325598 -0.19847502559423444 3.2468750476837163 0.39062500000000006 0.1528555825352669 357.99501037597662 0.28539443016052252 0.22100443392992022 0.34965050220489508
decision_type=2 2 2 2 2 2 2 2 2 2 2 2 2 2 2 2 2 2 2 2 2
left_child=-1 2 4 10 8 7 -5 -6 9 -2 11 -4 -12 -8 -10 16 -3 -17 19 -19 -20
right_child=1 15 3 6 5 -7 13 -9 14 -11 12 -13 -14 -15 -16 17 -18 18 20 -21 -22
leaf_value=-0.0030682090328354814 -0.00045737875279642539 -0.00067830846413322542 -0.0042457959829021209 0.0043404711836525283 -0.00080311171595422929 0.0051787970657099502 -0.0022090356449529819 0.002013709880696869 0.0045263731686843315 0.00030460387875214443 -0.0022556063445379748 -0.00029008085154765098 0.00054739799702963575 0.00013202267465971482 0.001096739654351736 0.00070008679879941501 -0.0028625365072831271 -0.00024838037819804653 7.2092785947468227e-05 -0.0017548516820750444 -0.00058068121756183746
leaf_weight=301 11468 479 1023 333 980 500 551 1959 337 23497 1012 371 995 12966 434 415 310 393 1591 518 3447
leaf_count=301 11468 479 1023 333 980 500 551 1959 337 23497 1012 371 995 12966 434 415 310 393 1591 518 3447
internal_value=1.05312e-05 2.51068e-05 9.59054e-05 -0.000246309 0.000246602 0.00167119 0.000140073 0.00107445 0.000109509 5.46849e-05 -0.00181978 -0.00319302 -0.000865975 3.6593e-05 0.00259581 -0.000533384 -0.0015365 -0.000409019 -0.00048639 -0.00110497 -0.000374535
internal_weight=63880 63579 56426 17251 39175 3439 13850 2939 35736 34965 3401 1394 2007 13517 771 7153 789 6364 5949 911 5038
internal_count=63880 63579 56426 17251 39175 3439 13850 2939 35736 34965 3401 1394 2007 13517 771 7153 789 6364 5949 911 5038
is_linear=0
shrinkage=0.12


Tree=54
num_leaves=45
num_cat=0
split_feature=66 22 90 68 54 47 12 6 55 70 69 76 28 47 81 3 15 66 73 90 29 66 53 93 50 3 68 88 86 55 47 29 81 58 29 28 57 50 55 55 55 53 12 23
split_gain=0.167481 0.357353 0.686653 0.313352 0.297075 0.466908 0.611978 0.439035 0.316956 0.26494 0.332046 0.386989 0.560033 0.691268 0.604409 0.437005 0.423053 0.315249 0.975605 1.33921 0.512783 0.409984 0.377865 0.334373 0.290961 0.28108 0.273213 0.985769 0.314347 0.256804 0.218673 0.205219 0.338425 0.658305 0.227526 0.170519 0.177305 0.156477 0.163863 0.154079 0.142907 0.132389 0.111158 0.0863664
threshold=11.013541698455812 1.2953000068664553 1.0000000180025095e-35 2.5000000000000004 -0.093344449996948228 0.07906659692525865 2.4080499410629277 5.7180500030517587 0.23376258462667468 28.500000000000004 19.500000000000004 0.30652938783168798 72.229507446289077 0.26561264693737036 0.51667067408561718 0.36740998923778539 8.4658927917480487 4.0468750000000009 359.30335998535162 1.0000000180025095e-35 4.3132436275482187 5.8906250000000009 1.8156250119209292 1.0000000180025095e-35 -0.047092178836464875 0.39142000675201422 1.0000000180025095e-35 1.0000000180025095e-35 1.0000000180025095e-35 0.1678651496767998 0.097599927335977568 117.1439781188965 0.49448315799236303 -3.2442938089370723 141.33769226074222 44.56714057922364 1.0093750357627871 0.054436698555946357 0.22960982471704486 0.12787891179323199 0.10053892433643342 2.2843749523162846 2.3239499330520634 2.2603125572204594
decision_type=2 2 2 2 2 2 2 2 2 2 2 2 2 2 2 2 2 2 2 2 2 2 2 2 2 2 2 2 2 2 2 2 2 2 2 2 2 2 2 2 2 2 2 2
left_child=9 2 3 -2 5 6 -3 8 -7 10 11 12 13 -1 -14 16 -13 18 26 -20 24 23 -23 -22 -19 -17 28 -28 -11 -26 -4 32 41 -34 -33 36 -6 42 -39 -32 -38 -12 -37 -36
right_child=1 4 30 -5 35 7 -8 -9 -10 17 31 15 14 -15 -16 25 -18 20 19 -21 21 22 -24 -25 29 -27 27 -29 -30 -31 39 34 33 -35 43 37 40 38 -40 -41 -42 -43 -44 -45
leaf_value=-0.0028223069750977587 -0.0074636718259535528 -0.0043687896402299304 0.0019705809755028655 -0.0024293269234056552 -0.0031063061027246453 0.002049700604262762 0.0020473447789733585 0.0056241511251719197 -0.0022881773911266412 0.00052982442086827331 -0.0010647542930482335 0.0013576983490239871 0.0028960131508988683 0.0034482079127376459 -0.00095565538216800462 -0.0017891139423925908 0.0042263920642566727 0.00020312937112250851 -0.001700184126459663 0.0075180457835865794 -0.0022857991064306857 0.0040550348131554786 0.00015019048557420389 0.00026285763961104601 -0.005335102704829532 0.00075804718408534384 -0.0036009675526120473 0.0032195169320906694 -0.0018019391638929127 -0.001274557173436741 -0.0031549445211684372 0.0026832095187692214 8.3493500646909517e-05 -0.0070541330100710497 0.00073466995473116367 -0.0034946282779307154 0.00090486856066121979 -0.00025477996058829164 0.00061865243307336897 0.00026447033531813534 -0.0014509976872225756 0.0013397836426467782 -0.00031772584096984995 -0.0010834397336634261
leaf_weight=1593 329 441 469 388 555 1200 416 405 304 5767 950 2900 1160 301 1187 678 994 326 372 582 1889 409 2799 1220 648 7811 1045 431 973 343 354 473 384 361 646 334 572 14789 3911 409 1054 505 302 901
leaf_count=1593 329 441 469 388 555 1200 416 405 304 5767 950 2900 1160 301 1187 678 994 326 372 582 1889 409 2799 1220 648 7811 1045 431 973 343 354 473 384 361 646 334 572 14789 3911 409 1054 505 302 901
internal_value=9.26746e-06 -0.000223507 -0.00178687 -0.00473937 -9.80291e-05 0.00107262 -0.00125431 0.00211724 0.0011729 0.000171458 0.000457283 0.000698594 -0.000290736 -0.00182578 0.000948024 0.00103743 0.00208997 -0.000183084 0.00029115 0.00392352 -0.000752737 -0.000303672 0.000648034 -0.00128568 -0.00290668 0.00055461 -0.000130622 -0.00160935 0.000193206 -0.00392969 -6.8571e-05 -0.000493325 -0.00129518 -0.00337514 0.000379988 -0.000248516 -0.00125436 -0.000135062 -7.21065e-05 -0.00132199 -0.000622243 -0.00023019 -0.0019861 -0.000324229
internal_weight=63880 26232 1949 717 24283 2766 857 1909 1504 37648 20844 16624 4241 1894 2347 12383 3894 16804 9170 954 7634 6317 3208 3109 1317 8489 8216 1476 6740 991 1232 4220 2200 745 2020 21517 2181 19336 18700 763 1626 1455 636 1547
internal_count=63880 26232 1949 717 24283 2766 857 1909 1504 37648 20844 16624 4241 1894 2347 12383 3894 16804 9170 954 7634 6317 3208 3109 1317 8489 8216 1476 6740 991 1232 4220 2200 745 2020 21517 2181 19336 18700 763 1626 1455 636 1547
is_linear=0
shrinkage=0.12


Tree=55
num_leaves=20
num_cat=0
split_feature=78 3 41 33 55 74 69 51 66 5 71 85 19 89 76 3 47 1 19
split_gain=0.212994 0.389608 0.222478 0.234523 0.17677 0.281533 0.681801 0.312372 0.23941 0.434133 0.388788 0.244976 0.223794 0.195292 0.146765 0.10301 0.100961 0.0666651 0.0239119
threshold=19999989.000000004 0.42859999835491186 0.029498630203306678 0.21807110309600833 0.092924874275922789 3.5000000000000004 30.500000000000004 0.079933326691389098 7.9187500476837167 2.9130500555038457 28.500000000000004 1.0000000180025095e-35 0.43437500298023229 0.62500000000000011 0.81030943989753734 0.73222002387046825 0.11618562787771226 12.760849952697756 0.26614584028720861
decision_type=2 2 2 2 2 2 2 2 2 2 2 2 2 2 2 2 2 2 2
left_child=2 -2 3 -1 8 14 7 -7 10 11 12 -10 -4 -11 -6 -16 -5 18 -3
right_child=1 17 4 16 5 6 -8 -9 9 13 -12 -13 -14 -15 15 -17 -18 -19 -20
leaf_value=0.0042806285651467756 0.004999979810741872 0.00049863853045442944 -7.9028820064455446e-05 0.0019708991187048683 0.00047804455438098844 -0.00042915837495847867 0.0046205011986090319 0.00039724594453399486 -0.00012049935664432938 -0.0036055828173834474 0.0042125497509711493 -0.0022190412654980898 0.0022462646574999507 -0.001131300328060399 -0.0031775112017624965 -0.00075276492878736392 -0.0010202663398183318 0.0017157374642701648 -0.00092723112609304425
leaf_weight=361 354 303 9947 323 412 8684 509 27268 9972 857 335 871 634 990 623 424 327 361 384
leaf_count=361 354 303 9947 323 412 8684 509 27268 9972 857 335 871 634 990 623 424 327 361 384
internal_value=9.52918e-05 0.00155806 6.24983e-05 0.00182817 3.34847e-05 0.000193969 0.000259376 0.000197633 -0.000224313 -0.000578753 0.000187728 -0.000289072 6.02998e-05 -0.00227936 -0.00144058 -0.00219557 0.000466113 0.000395431 -0.000298354
internal_weight=63939 1402 62537 1011 61526 37920 36461 35952 23606 12690 10916 10843 10581 1847 1459 1047 650 1048 687
internal_count=63939 1402 62537 1011 61526 37920 36461 35952 23606 12690 10916 10843 10581 1847 1459 1047 650 1048 687
is_linear=0
shrinkage=0.12


Tree=56
num_leaves=19
num_cat=0
split_feature=81 81 76 46 81 72 66 66 55 78 8 34 61 34 16 14 51 19
split_gain=0.243748 0.261452 0.496435 0.42064 0.326995 0.375561 0.323401 0.32215 0.358268 0.246479 0.358306 0.319229 0.299911 0.221582 0.341993 0.129478 0.116632 0.130455
threshold=56.032787322998054 8.3563375473022479 0.67040735483169567 0.21897560358047488 3.2377347946166997 6.2156250476837167 7.5906250476837167 7.8062500953674325 0.13733243197202685 0.22267615795135501 10.543234348297121 1.0873714089393618 5.1468751430511483 0.8391999900341035 3.3414189815521245 -1.1644499897956846 0.10689411312341691 0.26796875894069677
decision_type=2 2 2 2 2 2 2 2 2 2 2 2 2 2 2 2 2 2
left_child=1 4 3 -3 9 -6 -4 -7 -9 10 12 -12 -1 15 -15 -11 -5 -18
right_child=-2 2 6 16 5 7 -8 8 -10 13 11 -13 -14 14 -16 -17 17 -19
leaf_value=-0.0016599759727832862 0.0034031268519206909 -0.0048790532928156567 0.0036988633070102455 -0.0022799546312093108 -0.0024745009622982803 0.0052880131095869413 -0.001081847439030762 -1.3749929230947891e-05 0.0026023926806316073 0.0021238348154021601 -6.6474620255102028e-05 0.0033991984867294805 -9.2216913388438004e-05 -0.0012679882012253392 0.00047702483752657234 -0.00019170840043800975 -0.0016111216315532716 0.0015317954991079419
leaf_weight=3730 317 569 422 569 359 311 394 1583 1439 354 1291 544 3322 1722 26591 19661 373 388
leaf_count=3730 317 569 422 569 359 311 394 1583 1439 354 1291 544 3322 1722 26591 19661 373 388
internal_value=8.38568e-05 6.73184e-05 -0.00108487 -0.00214855 0.000118678 0.00121325 0.00139053 0.00161046 0.00123199 4.80476e-05 -0.000532768 0.000960951 -0.000921449 0.000154853 0.000370893 -0.000150754 -0.00098038 -8.68819e-06
internal_weight=63939 63622 2715 1899 60907 3692 816 3333 3022 57215 8887 1835 7052 48328 28313 20015 1330 761
internal_count=63939 63622 2715 1899 60907 3692 816 3333 3022 57215 8887 1835 7052 48328 28313 20015 1330 761
is_linear=0
shrinkage=0.12


Tree=57
num_leaves=22
num_cat=0
split_feature=81 81 72 66 51 50 81 75 51 81 49 53 22 22 2 53 2 66 53 9 2
split_gain=0.188758 0.202469 0.320194 0.549708 0.360039 0.282082 0.256174 0.474333 0.288118 0.265876 0.231238 0.199257 0.434005 0.407975 0.230415 0.204264 0.393503 0.173777 0.156956 0.15595 0.150053
threshold=56.032787322998054 8.3563375473022479 7.8593750000000009 6.2718751430511483 0.10157761722803117 0.20957085490226748 3.408251285552979 4.5000000000000009 0.18652312457561496 3.8006762266159062 1.6218749880790713 2.5656249523162846 2.122916698455811 0.75289997458457958 228.37500000000003 2.5406249761581425 215.81999969482425 11.510937213897707 1.8531250357627871 1.0000000180025095e-35 249.75000000000003
decision_type=2 2 2 2 2 2 2 2 2 2 2 2 2 2 2 2 2 2 2 2 2
left_child=1 6 3 -3 5 -4 11 9 20 -8 18 15 13 -13 -14 17 -17 -1 -6 -11 -9
right_child=-2 2 4 -5 10 -7 7 8 -10 19 -12 12 14 -15 -16 16 -18 -19 -20 -21 -22
leaf_value=0.00023791156206205827 0.002994751651515767 -0.0013017492430836453 -0.0065375286923276621 0.0049861575646619411 0.00025459734674239919 -0.0015906345775359508 0.0033063480979724294 0.00016863964841720182 0.0056676069055328366 -0.0010709589041435453 0.0016292556348888503 0.0015700771857972925 0.0024262700984869503 -0.0030019784229991277 -0.00027693836346970156 0.0054466133116182879 0.00021230968196894664 -0.00023579104395669091 -0.0032885502929691159 0.0018483750174631513 0.003275111880170867
leaf_weight=34562 317 562 335 311 301 329 301 439 388 1471 429 346 530 1497 3169 301 661 16464 448 321 457
leaf_count=34562 317 562 335 311 301 329 301 439 388 1471 429 346 530 1497 3169 301 661 16464 448 321 457
internal_value=7.3794e-05 5.92402e-05 -0.000954683 0.000938273 -0.00185183 -0.00408643 0.000104437 0.00112021 0.00293597 6.28696e-06 -0.000592263 4.48113e-05 -0.000639193 -0.00214363 0.000110383 0.000117727 0.00185007 8.50671e-05 -0.00186467 -0.00054802 0.00175308
internal_weight=63939 63622 2715 873 1842 664 60907 3377 1284 2093 1178 57530 5542 1843 3699 51988 962 51026 749 1792 896
internal_count=63939 63622 2715 873 1842 664 60907 3377 1284 2093 1178 57530 5542 1843 3699 51988 962 51026 749 1792 896
is_linear=0
shrinkage=0.12


Tree=58
num_leaves=17
num_cat=0
split_feature=78 75 2 41 49 8 72 66 72 51 5 60 85 89 47 23
split_gain=0.169105 0.331246 0.435834 0.1715 0.22058 0.162485 0.370519 0.315808 0.279914 0.164695 0.412915 0.198263 0.655385 0.491664 0.0734571 0.0503705
threshold=19999989.000000004 10.500000000000002 254.09500122070315 0.029498630203306678 1.5031250119209292 1.2625100016593935 3.9781249761581425 5.8906250000000009 7.7562499046325692 0.53567549586296093 2.6793000698089604 1.0000000180025095e-35 1.0000000180025095e-35 0.62500000000000011 0.13821936398744586 7.6826374530792245
decision_type=2 2 2 2 2 2 2 2 2 2 2 2 2 2 2 2
left_child=3 2 -2 4 -1 6 -5 -8 -9 11 14 13 -13 -7 -11 -4
right_child=1 -3 15 5 -6 9 7 8 -10 10 -12 12 -14 -15 -16 -17
leaf_value=7.9514778247325211e-05 0.0057099271773246151 -0.0021152196443773932 0.0016067563196926866 0.0039091828803052902 0.0036715301821878144 -0.00065383934451281652 -0.0023446180453891227 0.0022751912092520972 0.00020620040360840101 -0.0010157760653055797 -0.0052775414824013985 0.00046823566732871405 -0.0038482643800404606 0.00022448168925961944 0.0012681642172792196 -0.00039213487426213061
leaf_weight=587 368 307 376 439 424 17188 589 1131 5623 521 304 15183 524 19692 332 351
leaf_count=587 368 307 376 439 424 17188 589 1131 5623 521 304 15183 524 19692 332 351
internal_value=6.49387e-05 0.00136832 0.00234498 3.57186e-05 0.00158596 1.02449e-05 0.000522726 0.000320268 0.000552666 -6.39611e-05 -0.00148017 -3.28021e-05 0.000324233 -0.000184862 -0.000126833 0.00064168
internal_weight=63939 1402 1095 62537 1011 61526 7782 7343 6754 53744 1157 52587 15707 36880 853 727
internal_count=63939 1402 1095 62537 1011 61526 7782 7343 6754 53744 1157 52587 15707 36880 853 727
is_linear=0
shrinkage=0.12


Tree=59
num_leaves=19
num_cat=0
split_feature=29 12 58 78 75 55 69 89 71 45 0 2 13 5 58 78 34 58
split_gain=0.155019 0.228818 0.262344 0.198087 0.296521 0.189681 0.324874 0.63562 0.463718 0.206757 0.203764 0.20241 0.0586654 0.0397829 0.0419032 0.0262335 0.0451247 0.0444636
threshold=195.26397705078128 4.2669999599456796 -0.63255673646926869 19999989.000000004 5.5000000000000009 0.05802437290549279 30.500000000000004 0.37500000000000006 12.500000000000002 0.50312501192092907 43.720098495483406 242.05500030517581 2.1914000511169438 1.2331500053405764 -33.933050155639641 1.4203462004661562 0.58878570795059215 -1.0553284287452696
decision_type=2 2 2 2 2 2 2 2 2 2 2 2 2 2 2 2 2 2
left_child=1 3 -3 5 -5 9 8 -8 -7 10 -1 -11 -2 14 -14 17 -17 -16
right_child=12 2 -4 4 -6 6 7 -9 -10 11 -12 -13 13 -15 15 16 -18 -19
leaf_value=-0.00063171687931201821 -0.0021175719963599762 -9.4048282181356506e-05 0.0046523860536654589 0.0038101968253596331 -0.00013145349160947792 -0.0025853254463550153 0.0060214185438157925 -0.00061344740110156324 0.00019554183764448392 -0.001487799984566419 0.0011779641316629536 -0.00025994617362481591 0.0010459739465550702 -0.0014018107949127882 -0.00056675779142704628 -0.00041577782067087689 -0.0017214765201170625 0.00070636695462344794
leaf_weight=1561 301 329 342 510 596 882 395 439 41139 2893 2103 5828 308 530 850 3771 424 738
leaf_count=1561 301 329 342 510 596 882 395 439 41139 2893 2103 5828 308 530 850 3771 424 738
internal_value=5.71461e-05 0.00012225 0.00232515 9.60162e-05 0.00168612 6.41794e-05 0.000183719 0.00252897 0.000137173 -0.000349457 0.000406973 -0.00066726 -0.000479116 -0.000404629 -0.000317861 -0.000390498 -0.000547748 2.49085e-05
internal_weight=63939 57017 671 56346 1106 55240 42855 834 42021 12385 3664 8721 6922 6621 6091 5783 4195 1588
internal_count=63939 57017 671 56346 1106 55240 42855 834 42021 12385 3664 8721 6922 6621 6091 5783 4195 1588
is_linear=0
shrinkage=0.12


Tree=60
num_leaves=27
num_cat=0
split_feature=12 89 49 47 9 33 22 50 55 22 45 89 89 66 7 1 45 23 22 63 50 71 50 28 34 61
split_gain=0.196812 0.434484 0.150316 0.308998 0.307199 0.298503 0.280762 0.235816 0.233886 0.224944 0.625156 0.524869 0.4805 1.22565 0.320522 0.220221 0.188018 0.398185 0.256196 0.187259 0.171786 0.451993 0.290081 0.158083 0.133747 0.112647
threshold=0.591600000858307 0.62500000000000011 1.8031249642372134 0.095336597412824645 1.0000000180025095e-35 0.41258659958839422 1.9731916785240176 -0.010852850507944821 0.11695609614253046 0.9706999957561494 0.90312498807907116 0.62500000000000011 0.37500000000000006 10.86770820617676 7.0548000335693368 15.34785032272339 1.0031250119209292 1.6716500520706179 2.1915833950042729 3.6863495111465459 0.081860739737749114 117.50000000000001 0.10761759430170061 89.441642761230483 0.79798570275306713 1.4281249642372134
decision_type=2 2 2 2 2 2 2 2 2 2 2 2 2 2 2 2 2 2 2 2 2 2 2 2 2 2
left_child=1 -1 9 6 8 -6 7 -4 24 10 12 -12 13 -2 -14 23 20 -18 -19 -10 21 -11 -22 -8 -5 -3
right_child=2 25 3 4 5 -7 15 -9 19 16 11 -13 14 -15 -16 -17 17 18 -20 -21 22 -23 -24 -25 -26 -27
leaf_value=0.0047999577130219909 -0.00086121759986997678 -0.0019010912809896566 -0.006174678023863873 -0.00033909721407473451 0.0049075940305343619 -0.00029655388421961101 0.0011952817279049129 -0.0016893858354606274 -0.0021627729251970113 0.00035851773216822165 0.0057807404621875681 -0.00068819539493233603 0.00063092609054752919 -0.0092385909422643339 -0.0023984384663779733 -0.0032807124301683188 0.0033173492643789751 -0.0019697273346809805 -0.00024003757507193443 -1.4967656199070229e-06 -0.0014925831835551834 0.0031978396974322192 0.0001188024954107846 -0.0013871786378387076 0.0017424474930723601 0.001340527680516243
leaf_weight=387 799 318 309 927 337 300 668 372 1255 10303 341 384 1375 367 793 415 363 1794 3944 1069 1692 876 32688 698 854 300
leaf_count=387 799 318 309 927 337 300 668 372 1255 10303 341 384 1375 367 793 415 363 1794 3944 1069 1692 876 32688 698 854 300
internal_value=-1.90696e-05 0.00164696 -4.56792e-05 -0.000561494 4.79123e-06 0.00245666 -0.0016522 -0.00372456 -0.000375682 2.10113e-05 -0.00083916 0.00235444 -0.00153363 -0.00349801 -0.000477139 -0.000859797 8.85962e-05 -0.000536994 -0.000780829 -0.00116862 0.000172372 0.00058101 3.94987e-05 -0.000124306 0.000659016 -0.00032749
internal_weight=63928 1005 62923 7204 4742 637 2462 681 4105 55719 4059 725 3334 1166 2168 1781 51660 6101 5738 2324 45559 11179 34380 1366 1781 618
internal_count=63928 1005 62923 7204 4742 637 2462 681 4105 55719 4059 725 3334 1166 2168 1781 51660 6101 5738 2324 45559 11179 34380 1366 1781 618
is_linear=0
shrinkage=0.12


Tree=61
num_leaves=18
num_cat=0
split_feature=15 49 12 41 19 55 51 7 22 28 53 9 55 2 15 55 57
split_gain=0.171519 0.15899 0.213502 0.391113 0.193107 0.174059 0.567146 0.543357 0.204631 0.431805 0.195422 0.165397 0.194274 0.349658 0.230564 0.1501 0.179548
threshold=-0.52453747391700734 1.8031249642372134 0.591600000858307 0.10951035842299463 0.22395832836627963 0.42383837699890142 0.07571090012788774 3.49115002155304 0.91833332180976879 88.826923370361342 2.5656249523162846 1.0000000180025095e-35 0.12874263525009158 215.81999969482425 11.865825176239015 0.10505758225917818 1.4406250119209292
decision_type=2 2 2 2 2 2 2 2 2 2 2 2 2 2 2 2 2
left_child=-1 2 3 -2 -3 8 -7 -8 9 -4 -10 12 14 -14 -6 -13 -17
right_child=1 4 5 -5 11 6 7 -9 10 -11 -12 15 13 -15 -16 16 -18
leaf_value=-0.0028698043890845468 0.0041704383649795425 -0.0034236665092900677 -0.0015517988131294239 -0.00082675910067565015 -0.00036611167372650418 -0.0024184454689653088 -0.00032592651796602671 0.0039351353885749198 0.00012287682700263844 0.0019587817035509407 -0.00074817342160270412 -0.00084307788547778042 -0.0032589844475868017 -0.00043908235137616106 0.0028041565911691921 0.00016122424780068859 0.0041911506119404378
leaf_weight=302 494 318 2768 415 2620 520 759 997 45768 617 4036 392 932 1975 378 324 313
leaf_count=302 494 318 2768 415 2620 520 759 997 45768 617 4036 392 932 1975 378 324 313
internal_value=-1.67812e-05 -3.23938e-06 6.47965e-05 0.00188899 -0.000532122 3.49004e-05 0.00106255 0.00209337 -9.07353e-06 -0.000911909 5.22889e-05 -0.000399513 -0.000644166 -0.00134316 3.36086e-05 0.00100445 0.00214139
internal_weight=63928 63626 56374 909 7252 55465 2276 1756 53189 3385 49804 6934 5905 2907 2998 1029 637
internal_count=63928 63626 56374 909 7252 55465 2276 1756 53189 3385 49804 6934 5905 2907 2998 1029 637
is_linear=0
shrinkage=0.12


Tree=62
num_leaves=18
num_cat=0
split_feature=15 50 13 51 69 28 47 16 47 24 55 51 51 28 49 29 35
split_gain=0.132824 0.130098 0.195059 0.29003 0.322083 0.227725 0.287732 0.174619 0.512584 0.300887 0.256025 0.206158 0.188775 0.0596139 0.0619989 0.0902881 0.0375917
threshold=-0.52453747391700734 0.45063680410385137 9.0343999862670916 0.20826278626918796 14.500000000000002 40.878828048706062 0.060663277283310897 2.6212134361267094 0.21558733284473422 2.7232335805892949 0.18766395002603534 0.074930895119905486 0.077803894877433791 99.277149200439467 0.92187500000000011 201.6249923706055 326.62142944335943
decision_type=2 2 2 2 2 2 2 2 2 2 2 2 2 2 2 2 2
left_child=-1 2 7 5 -5 -4 -7 8 10 11 -2 -9 -11 14 -3 -16 -17
right_child=1 13 3 4 -6 6 -8 9 -10 12 -12 -13 -14 -15 15 16 -18
leaf_value=-0.0025254278520503025 0.00096147649927366089 -0.0019932529085886302 0.0024599496005259132 0.0044976221237402175 0.00033529547526476173 0.0031832059801219018 -0.0007395001447103801 4.9583631036727812e-05 0.0047098193957094579 -0.0003660017877618246 -0.0031160926497075707 -0.0035726001262845436 0.00014388038509164391 -0.0017122546529005345 0.0011040426043802331 -0.00038371323529747702 -0.0016891022742834471
leaf_weight=302 850 333 548 571 504 308 2141 371 441 14771 300 580 35793 547 584 4643 341
leaf_count=302 850 333 548 571 504 308 2141 371 441 14771 300 580 35793 547 584 4643 341
internal_value=-1.47675e-05 -2.85065e-06 5.47725e-05 0.000855192 0.00254617 0.000248652 -0.000246159 -6.60108e-06 0.00123159 -4.48416e-05 -0.000102237 -0.00215953 -5.06886e-06 -0.000513828 -0.000402738 -0.000307616 -0.000473027
internal_weight=63928 63626 57178 4072 1075 2997 2449 53106 1591 51515 1150 951 50564 6448 5901 5568 4984
internal_count=63928 63626 57178 4072 1075 2997 2449 53106 1591 51515 1150 951 50564 6448 5901 5568 4984
is_linear=0
shrinkage=0.12


Tree=63
num_leaves=21
num_cat=0
split_feature=2 10 14 29 85 24 15 69 1 87 54 0 85 72 5 65 65 74 81 51
split_gain=0.126334 0.122335 0.716068 0.413017 0.286666 0.405548 0.280968 0.445608 0.273887 0.323125 0.249336 0.241824 0.23771 0.197466 0.187128 0.168565 0.16464 0.140412 0.13115 0.0653595
threshold=105.59999847412111 2.5000000000000004 0.065349999815225615 156.67701721191409 1.0000000180025095e-35 4.2182450294494638 2.4554840326309209 6.5000000000000009 6.4774000644683847 0.37500000000000006 1.0000000180025095e-35 79.743148803710952 1.0000000180025095e-35 9.7031250000000018 2.2034499645233159 20.500000000000004 32.500000000000007 3.5000000000000004 2.0957311391830449 0.22267834097146991
decision_type=2 2 2 2 2 2 2 2 2 2 2 2 2 2 2 2 2 2 2 2
left_child=-1 4 -3 8 6 -6 7 -2 12 -10 16 14 -4 -9 -8 17 -7 -5 -12 -17
right_child=1 2 3 15 5 10 11 13 9 -11 18 -13 -14 -15 -16 19 -18 -19 -20 -21
leaf_value=0.0018498044893103024 0.0038666729500045063 -0.0053021484286168742 -0.00042140635666139783 -0.00055408846352434456 -0.0053750366209582845 -0.0005706586399898616 -8.0082349942178886e-06 -0.00070633951125969989 0.0019983931089038081 -2.1798811605121942e-05 0.001165419258185182 0.0031221545381995381 0.0016520675983021924 0.00077032749283240424 -0.00055963248076651298 -0.0019402813305799207 -0.0034842690481604907 0.0024124825782674162 -0.0010503409767553154 -0.00020119241450072055
leaf_weight=520 571 320 3172 746 308 518 26873 1784 3772 1634 884 320 1063 4847 13208 1366 606 332 681 403
leaf_count=520 571 320 3172 746 308 518 26873 1784 3772 1634 884 320 1063 4847 13208 1366 606 332 681 403
internal_value=-1.29954e-05 -2.82719e-05 0.000303027 0.000446657 -0.000112131 -0.00125046 -4.04639e-05 0.000650033 0.000821675 0.00138778 -0.000778029 -0.000163554 9.9043e-05 0.000373046 -0.000189786 -0.000823291 -0.00214152 0.000359549 0.000201245 -0.0015441
internal_weight=63928 63408 12808 12488 50600 2997 47603 7202 9641 5406 2689 40401 4235 6631 40081 2847 1124 1078 1565 1769
internal_count=63928 63408 12808 12488 50600 2997 47603 7202 9641 5406 2689 40401 4235 6631 40081 2847 1124 1078 1565 1769
is_linear=0
shrinkage=0.12


Tree=64
num_leaves=32
num_cat=0
split_feature=49 47 13 46 12 89 66 9 87 63 75 81 72 63 22 49 61 8 63 71 54 66 69 0 72 66 19 66 1 63 76
split_gain=0.115276 0.206245 0.18792 0.198571 0.164489 0.353523 0.160718 0.14468 0.180352 0.152282 0.254182 0.194804 0.190149 0.170559 0.137679 0.434984 0.463381 0.418376 0.346181 0.39514 0.282513 0.144712 0.414757 0.327266 0.174023 0.507733 0.266393 0.129614 0.125927 0.112266 0.0697407
threshold=1.8031249642372134 0.095336597412824645 8.2107501029968279 0.27925480902194982 0.591600000858307 0.62500000000000011 9.3802084922790545 1.0000000180025095e-35 0.37500000000000006 6.9184348583221444 4.5000000000000009 1.5933215618133547 9.7031250000000018 1.0917518734931948 0.9706999957561494 1.2968750000000002 3.7468750476837163 3.9805884361267094 6.0828864574432382 15.500000000000002 -0.18180658668279645 11.726041793823244 9.5000000000000018 28.827400207519535 6.7406251430511483 7.9187500476837167 0.40937499701976782 11.151562213897707 13.207449913024904 17.693650245666507 0.37278096377849584
decision_type=2 2 2 2 2 2 2 2 2 2 2 2 2 2 2 2 2 2 2 2 2 2 2 2 2 2 2 2 2 2 2
left_child=4 2 3 27 5 -1 -5 9 -9 10 13 -12 -11 -3 15 18 17 -17 19 -6 -18 24 23 -23 26 -26 -16 -2 -14 -24 -8
right_child=1 7 -4 6 14 -7 30 8 -10 12 11 -13 28 -15 21 16 20 -19 -20 -21 -22 22 29 -25 25 -27 -28 -29 -30 -31 -32
leaf_value=0.0046183383033801626 -0.0020161650875017757 -0.0006894711111725707 0.0006711510131832294 -0.0026347927160045091 -0.0004341048657666901 -0.00022890236908208855 -0.00075159956468269225 0.0034581403938071138 -0.00042003577934884747 0.0033016663021617778 -0.00030869119903959182 0.003363719458990925 -0.0011954691017762244 -0.0030266794962480032 -0.00034625081617049408 0.0054939416670918267 -0.004656135753853553 0.00057335713603729941 0.0010605471571152275 -0.0051190059852524424 -0.00032124973727560229 -0.00048579328482885396 0.0003915656904439548 -0.0048367232721478965 0.0019684567599241357 0.00015799938194199946 0.0014096589882746464 -0.0049231336829557888 0.0017722851801148184 -0.0013284654863035253 0.0017674014893738785
leaf_weight=353 557 1257 523 399 416 561 335 361 331 333 654 305 542 700 14271 304 335 1371 333 688 612 481 2717 516 2415 29213 1363 366 332 684 300
leaf_count=353 557 1257 523 399 416 561 335 361 331 333 654 305 542 700 14271 304 335 1371 333 688 612 481 2717 516 2415 29213 1363 366 332 684 300
internal_value=-1.14359e-05 -0.000460415 -0.00134948 -0.00188948 4.63979e-05 0.00164317 -0.000747435 -2.49726e-06 0.00160312 -0.000271982 -0.000741183 0.000859281 0.000861565 -0.00152547 2.02049e-05 -0.000652742 0.000266903 0.00146641 -0.00233076 -0.00335368 -0.00185471 7.30793e-05 -0.000585312 -0.00273763 0.000134346 0.000296239 -0.000193167 -0.00316887 -6.81299e-05 4.56376e-05 0.00043848
internal_weight=63928 7295 2480 1957 56633 914 1034 4815 692 4123 2916 959 1207 1957 55719 4059 2622 1675 1437 1104 947 51660 4398 997 47262 31628 15634 923 874 3401 635
internal_count=63928 7295 2480 1957 56633 914 1034 4815 692 4123 2916 959 1207 1957 55719 4059 2622 1675 1437 1104 947 51660 4398 997 47262 31628 15634 923 874 3401 635
is_linear=0
shrinkage=0.12


Tree=65
num_leaves=13
num_cat=0
split_feature=1 54 22 22 28 49 22 66 65 72 19 2
split_gain=0.195869 0.507154 0.188697 0.323161 0.769122 0.265939 0.189124 0.165822 0.779891 0.28229 0.115571 0.0975288
threshold=21.053549766540531 -0.087735462933778749 0.20306666940450671 0.39204999804496771 62.393999099731452 1.4281249642372134 0.49013333022594457 6.1031248569488534 29.500000000000004 3.9781249761581425 0.25260417163372045 264.97500610351568
decision_type=2 2 2 2 2 2 2 2 2 2 2 2
left_child=2 -2 5 4 -4 -1 -5 9 -9 -8 -3 -12
right_child=1 10 3 6 -6 -7 7 8 -10 -11 11 -13
leaf_value=0.00063621247027417457 -0.005350530467368662 -0.0018814934240711676 -0.0017031688046036839 -0.0022406230130201654 0.0060243565773159726 -0.0041003784142106363 9.1820500332438171e-05 0.0017795055307981051 1.0820162945251315e-05 -0.0009789311866697523 0.0023574186272453516 -0.00040370282058607005
leaf_weight=314 350 364 338 524 411 374 9938 3934 41056 5512 310 454
leaf_count=314 350 364 338 524 411 374 9938 3934 41056 5512 310 454
internal_value=5.38365e-06 -0.00135997 3.77227e-05 5.97557e-05 0.00253717 -0.00193862 2.93184e-05 4.89982e-05 0.000165477 -0.000290185 -0.00012176 0.000716648
internal_weight=63879 1478 62401 61713 749 688 60964 60440 44990 15450 1128 764
internal_count=63879 1478 62401 61713 749 688 60964 60440 44990 15450 1128 764
is_linear=0
shrinkage=0.12


Tree=66
num_leaves=40
num_cat=0
split_feature=70 65 65 69 24 89 72 59 47 2 71 2 55 28 5 69 89 72 72 93 75 25 81 6 6 29 0 72 72 29 34 59 78 28 2 29 51 74 41
split_gain=0.160847 0.360823 0.609577 0.773442 0.78671 0.656601 0.328363 0.482317 0.716344 0.408101 0.403413 0.550601 0.344712 0.34454 0.312709 0.329172 0.792031 1.0188 0.53862 0.329301 0.294835 0.278953 0.276774 0.24339 0.373576 0.21286 0.193799 0.18729 1.07185 0.31164 0.321643 0.193057 0.174327 0.16506 0.114376 0.103392 0.0997501 0.0996716 0.090528
threshold=32.500000000000007 29.500000000000004 25.500000000000004 11.500000000000002 9.8755640983581561 0.62500000000000011 9.6156249046325701 0.29545408487319952 0.14841303229331973 214.29999542236331 36.500000000000007 255.73000335693362 0.076977092772722258 45.181859970092781 3.5152999162673955 9.5000000000000018 0.37500000000000006 3.9781249761581425 3.9781249761581425 1.0000000180025095e-35 5.5000000000000009 1.0000000180025095e-35 0.41184268891811376 5.065350055694581 5.7841501235961923 28.863415718078617 63.140048980712898 4.0906250476837167 3.4593750238418584 13.713863849639894 1.0816999673843386 4.7421293258667001 0.45171505212783819 74.073661804199233 318.80999755859381 54.66841125488282 0.1183501183986664 6.5000000000000009 0.11855931952595712
decision_type=2 2 2 2 2 2 2 2 2 2 2 2 2 2 2 2 2 2 2 2 2 2 2 2 2 2 2 2 2 2 2 2 2 2 2 2 2 2 2
left_child=1 2 23 4 5 -4 7 8 9 -3 11 -8 21 -14 15 16 17 -2 19 -18 22 -12 -9 25 -25 -1 -20 28 35 31 -31 -29 -26 -22 -5 -17 -19 -27 -10
right_child=14 6 3 34 -6 -7 10 20 38 -11 12 -13 13 -15 -16 27 18 36 26 -21 33 -23 -24 24 32 37 -28 29 -30 30 -32 -33 -34 -35 -36 -37 -38 -39 -40
leaf_value=-0.0037643152519636455 -0.0076499476017005286 0.0059524296148830919 0.011099888200398972 -0.0023265424585086291 0.0010417995706937858 0.0036556570424547052 0.006726960125695733 -0.00029173388563088207 -0.0038379107166994792 0.00082981304836040356 -0.00033518464492085574 -0.00046610330566947692 -0.00091142407785879437 0.00040103548055978782 0.0025848347314255246 0.0005781230204669949 0.0045508716217090572 0.00084490942047419661 -0.0032427851349644573 -4.2115943372890262e-05 -0.0018853351540135672 -0.0022865205731209246 -0.0038387565867773568 0.0038236928094858473 -0.0022401097503111913 -0.0016674285279598803 -3.6344033667851855e-05 -0.0014834382995502979 0.0056963689568912488 -0.00048954343683323197 0.0034947749411758894 -0.00507693720583404 0.00063824594863670626 0.0017663074977757418 0.00098707370465854179 -0.00044298367214426834 -0.0021186607531840269 0.0007866176092319355 -0.0011723821093351273
leaf_weight=336 563 349 332 300 509 351 309 420 307 625 6790 304 3251 25256 519 2075 430 316 607 471 357 1249 1289 492 362 416 491 756 489 4498 312 301 1859 356 300 4579 339 558 456
leaf_count=336 563 349 332 300 509 351 309 420 307 625 6790 304 3251 25256 519 2075 430 316 607 471 357 1249 1289 492 362 416 491 756 489 4498 312 301 1859 356 300 4579 339 558 456
internal_value=4.73762e-06 0.000118239 0.00100327 0.00284416 0.0046129 0.00727423 -6.31876e-06 -0.00101749 0.000508455 0.00266533 0.000106856 0.00315976 5.56489e-05 0.00025136 -0.000314722 -0.00040746 -0.00149435 -0.00390653 -2.4601e-05 0.00214988 -0.00211187 -0.000638359 -0.00296705 0.000183273 0.00083186 -0.00115994 -0.00180894 -0.000138703 0.000273934 -0.000641083 -0.000231101 -0.00250675 0.000169104 -6.20746e-05 -0.000669734 -0.000124559 -0.000688908 -0.000261517 -0.00224488
internal_weight=63879 47133 5815 1792 1192 683 41318 4159 1737 974 37159 613 36546 28507 16746 16227 3217 1218 1999 901 2422 8039 1709 4023 2713 1310 1098 13010 7143 5867 4810 1057 2221 713 600 6654 655 974 763
internal_count=63879 47133 5815 1792 1192 683 41318 4159 1737 974 37159 613 36546 28507 16746 16227 3217 1218 1999 901 2422 8039 1709 4023 2713 1310 1098 13010 7143 5867 4810 1057 2221 713 600 6654 655 974 763
is_linear=0
shrinkage=0.12


Tree=67
num_leaves=12
num_cat=0
split_feature=22 22 28 49 22 70 58 76 66 5 69
split_gain=0.140348 0.206428 0.65404 0.194515 0.139487 0.166775 0.28107 0.292903 0.248135 0.515452 0.467527
threshold=0.20306666940450671 0.39204999804496771 62.393999099731452 1.4718750119209292 0.49013333022594457 32.500000000000007 1.0000000180025095e-35 0.67040735483169567 11.176562786102297 2.6228500604629521 11.500000000000002
decision_type=2 2 2 2 2 2 2 2 2 2 2
left_child=3 2 -2 -1 -3 8 7 -7 10 -10 -6
right_child=1 4 -4 -5 5 6 -8 -9 9 -11 -12
leaf_value=0.00021705409057589398 -0.0018516501705929357 -0.0019486816758156886 0.0052289850765628483 -0.0037743856687265545 0.0010038675393870709 -0.0015207466381978317 0.0032968130588939899 -0.00015097281050064975 5.431147251820855e-05 -0.0017914046931136953 -0.00010836792583676953
leaf_weight=370 346 525 411 335 10476 2700 305 13427 21230 2428 11326
leaf_count=370 346 525 411 335 10476 2700 305 13427 21230 2428 11326
internal_value=4.1691e-06 2.29592e-05 0.00199266 -0.00167959 -9.29467e-07 1.55924e-05 -0.00031205 -0.000380302 0.000134022 -0.000135113 0.000426068
internal_weight=63879 63174 757 705 62417 61892 16432 16127 45460 23658 21802
internal_count=63879 63174 757 705 62417 61892 16432 16127 45460 23658 21802
is_linear=0
shrinkage=0.12


Tree=68
num_leaves=15
num_cat=0
split_feature=1 54 2 31 50 19 51 31 75 22 31 70 19 2
split_gain=0.130029 0.378106 0.147615 0.134639 0.220184 0.158037 0.220179 0.319421 0.265838 0.152293 0.151001 0.109498 0.0920486 0.0758679
threshold=21.053549766540531 -0.087735462933778749 105.59999847412111 0.15937499701976779 0.1853396147489548 0.22812500596046451 0.1190149560570717 0.43437500298023229 5.5000000000000009 0.20306666940450671 0.45937500894069677 28.500000000000004 0.25260417163372045 264.97500610351568
decision_type=2 2 2 2 2 2 2 2 2 2 2 2 2 2
left_child=2 -2 -1 4 -4 6 7 -5 -8 -7 -11 -6 -3 -14
right_child=1 12 3 5 11 9 8 -9 -10 10 -12 -13 13 -15
leaf_value=0.002111060458641342 -0.0045544301995541899 -0.0016101270153108538 -0.0035856048409931198 0.003570459256517132 0.00088414492847240726 -0.0019389095246754211 0.0018813281990258382 -0.00049130789395893874 -0.00065125385378177365 -0.00061242903045058894 6.0324587934372452e-05 -0.0018347926005236363 0.0021557257145027359 -0.00027954970769919957
leaf_weight=487 350 364 389 308 551 594 2531 2941 781 5337 48134 348 310 454
leaf_count=487 350 364 389 308 551 594 2531 2941 781 5337 48134 348 310 454
internal_value=3.66881e-06 -0.00110878 3.00177e-05 1.36488e-05 -0.00120042 3.94417e-05 0.000595607 -0.000106259 0.00128412 -2.80511e-05 -6.8237e-06 -0.000168347 -3.96514e-05 0.000708586
internal_weight=63879 1478 62401 61914 1288 60626 6561 3249 3312 54065 53471 899 1128 764
internal_count=63879 1478 62401 61914 1288 60626 6561 3249 3312 54065 53471 899 1128 764
is_linear=0
shrinkage=0.12


Tree=69
num_leaves=24
num_cat=0
split_feature=41 28 55 89 22 5 19 58 24 2 16 22 49 23 2 34 41 0 46 59 54 57 22
split_gain=0.116698 0.271652 0.239575 0.156567 0.395913 0.267424 0.149782 0.186559 0.138111 0.586648 0.193811 0.321674 0.13534 0.127189 0.347219 0.197083 0.117408 0.119951 0.154931 0.115709 0.157832 0.0851429 0.0529844
threshold=0.25092072784900671 59.93512153625489 0.42383837699890142 0.37500000000000006 1.8409833312034609 2.6616500616073613 0.48437500000000006 -1.2122145891189573 1.6353660225868227 259.59500122070318 2.6212134361267094 2.0623999834060673 1.3468750119209292 3.4109667539596562 105.59999847412111 1.328042805194855 0.25630652904510504 102.20199966430665 0.18304053694009784 4.21702003479004 0.16276365518569949 4.0031249523162851 2.8001667261123662
decision_type=2 2 2 2 2 2 2 2 2 2 2 2 2 2 2 2 2 2 2 2 2 2 2
left_child=6 3 16 4 -2 21 8 -8 9 -1 11 -10 -9 15 -15 -12 -3 18 -18 20 -6 22 -5
right_child=1 2 -4 5 19 -7 7 12 10 -11 13 -13 -14 14 -16 -17 17 -19 -20 -21 -22 -23 -24
leaf_value=-0.0054706041441771533 -0.0058424912166499003 -0.0022046127169915298 0.0031589507031334397 0.00015897127853391028 0.0017571715750478991 0.0021732867858037935 0.0030137134220479594 0.0018173224332480174 0.0038344164679285759 0.0019183448377268436 -0.00024254561796513733 -0.00041725290069720753 -0.0016722764110673745 0.0038041028232059355 0.00010061987876415303 -0.0033036707743874035 0.002755161994858645 -0.0023251299443992693 -3.1212718588266146e-05 -0.0028877978282117658 -0.0019086181440410048 -0.0028879698681264438 -0.001618857892775183
leaf_weight=306 336 370 335 465 319 400 556 309 511 313 10345 514 332 368 38775 312 300 310 6819 344 360 378 502
leaf_count=306 336 370 335 465 319 400 556 309 511 313 10345 514 332 368 38775 312 300 310 6819 344 360 378 502
internal_value=3.22855e-06 -0.000347808 1.66536e-05 -0.00130288 -0.00226861 -0.000550764 7.81692e-05 0.00140516 4.72926e-05 -0.00173435 6.89913e-05 0.00170236 9.9171e-06 3.53728e-05 0.000135438 -0.000332165 -0.000118321 -1.44139e-05 8.62072e-05 -0.00109479 -0.000186399 -0.00136089 -0.000763956
internal_weight=63879 11238 8134 3104 1359 1745 52641 1197 51444 619 50825 1025 641 49800 39143 10657 7799 7429 7119 1023 679 1345 967
internal_count=63879 11238 8134 3104 1359 1745 52641 1197 51444 619 50825 1025 641 49800 39143 10657 7799 7429 7119 1023 679 1345 967
is_linear=0
shrinkage=0.12


Tree=70
num_leaves=25
num_cat=0
split_feature=78 51 5 50 76 66 28 34 58 58 11 6 66 0 66 62 64 19 76 41 2 66 72 72
split_gain=0.132178 0.222476 0.147025 0.130963 0.354256 0.466076 0.491324 0.339568 0.323141 0.426701 0.390583 0.436367 0.344343 0.313403 0.607806 0.320562 0.307679 0.440497 0.388187 0.192171 0.186796 0.136159 0.979825 0.234112
threshold=-9.9438781738281232 0.15685292333364489 1.667699992656708 0.076788607984781279 0.18105376511812213 10.86770820617676 79.606136322021499 1.0757571458816531 -1.8251358866691587 -2.9924306869506831 1.0000000180025095e-35 2.0843499898910527 10.727083683013918 11.003449916839601 8.0531249046325701 -4.3757629394531241 1.0000000180025095e-35 0.27421875298023229 0.31740075349807745 0.15065366029739383 201.51499938964847 4.0468750000000009 3.3281250000000004 4.9468748569488534
decision_type=2 2 2 2 2 2 2 2 2 2 2 2 2 2 2 2 2 2 2 2 2 2 2 2
left_child=1 2 -1 4 5 -2 -7 20 9 12 19 -12 -9 14 -6 -16 18 -18 -15 -10 -5 22 -22 -23
right_child=3 -3 -4 7 13 6 -8 8 10 -11 11 -13 -14 16 15 -17 17 -19 -20 -21 21 23 -24 -25
leaf_value=0.0016985609197341228 -0.0014602000573294951 0.0031499867186806584 -0.0016941104923980075 0.0025939604640819215 0.0033556135187939539 0.0014915562576487571 0.0075026855903836754 0.0013607204059691866 -0.0027100529471336273 0.0041528966986243759 0.0021530638787241531 -0.0021573758618998805 -0.0024938911390122386 0.004300148535699295 7.4783458725056223e-05 -0.0039491173807035826 -3.0574151240752522e-05 0.0033110930954745473 -6.3263596448934697e-05 -0.006418803603824655 -0.00043297569130102022 -0.0014830126745766048 0.003889077941938299 -6.0914363142210177e-05
leaf_weight=345 341 509 394 387 302 507 319 600 539 310 470 1206 752 301 425 866 1191 1086 11937 321 3176 1751 991 34734
leaf_count=345 341 509 394 387 302 507 319 600 539 310 470 1206 752 301 425 866 1191 1086 11937 321 3176 1751 991 34734
internal_value=-3.37162e-06 0.00121944 -0.000110252 -2.77841e-05 0.000253285 0.00227219 0.00381305 -0.000135118 -0.00116307 0.000137439 -0.00201538 -0.000948601 -0.000783265 0.000107018 -0.00149075 -0.00262444 0.00028237 0.00156321 4.40568e-05 -0.00409437 -2.99653e-05 -5.49446e-05 0.000594899 -0.000129164
internal_weight=63760 1248 739 62512 17275 1167 826 45237 4198 1662 2536 1676 1352 16108 1593 1291 14515 2277 12238 860 41039 40652 4167 36485
internal_count=63760 1248 739 62512 17275 1167 826 45237 4198 1662 2536 1676 1352 16108 1593 1291 14515 2277 12238 860 41039 40652 4167 36485
is_linear=0
shrinkage=0.12


Tree=71
num_leaves=33
num_cat=0
split_feature=28 63 59 2 8 22 12 90 59 34 5 58 22 90 47 22 23 5 62 2 2 59 50 59 2 61 61 34 59 22 72 34
split_gain=0.113822 0.217911 0.228075 0.464759 0.29209 0.235438 0.224783 1.59032 0.40783 0.220819 0.215381 0.212445 0.200168 2.02237 0.229537 0.170476 0.420412 0.182566 0.170292 0.516993 0.146576 0.142081 0.118817 0.272912 0.118976 0.117511 0.467787 0.28561 0.278723 0.208351 0.131988 0.0838148
threshold=61.164560317993171 6.2538123130798349 5.2053356170654306 288.29499816894537 5.2873940467834482 0.94605001807212841 1.4028499722480776 1.0000000180025095e-35 1.0729132890701296 1.3122571110725405 2.6228500604629521 -3.1172078847885127 0.64415001869201671 1.0000000180025095e-35 0.090646293014287962 1.5603666901588442 2.8319333791732793 2.1274999380111699 3.6681256294250493 184.67499542236331 153.0299987792969 0.73411184549331676 0.26086378097534185 3.8796359300613408 359.46501159667974 5.0531251430511483 3.7031250000000004 1.2931857705116274 -1.0000000180025095e-35 1.1373666524887087 21.743749618530277 1.1162143349647524
decision_type=2 2 2 2 2 2 2 2 2 2 2 2 2 2 2 2 2 2 2 2 2 2 2 2 2 2 2 2 2 2 2 2
left_child=1 6 3 4 -3 -4 7 8 -1 15 11 -7 13 -2 -15 16 -8 -17 25 -20 -9 -16 23 -21 -24 26 28 29 -14 -27 -28 -22
right_child=12 2 5 -5 -6 10 9 20 -10 -11 -12 -13 18 14 21 17 -18 -19 19 22 31 -23 24 -25 -26 27 30 -29 -30 -31 -32 -33
leaf_value=-0.0036501603089957773 0.0073329248636668076 0.0015022732253076837 -0.0027287522215043948 -0.0013399629032756425 0.006741168383396676 0.0004303027223056294 0.004718643288053396 0.0023155844774668194 -0.0096631704043399335 0.0027869685944084837 0.0030165101978252462 -0.0028128136623874005 0.0022177565980326026 0.0014132141460972238 -0.0039399718748345204 -0.00027395366293837115 -0.00023677371563389366 -0.0014850970556071037 -0.0048423018887708029 0.00098114725152948358 0.00067876722709303886 -0.00098393146385992503 0.0016413069833852204 -0.0029995564602958778 -0.0011985387061760745 -0.0019774543971912205 -0.0010049950227239428 0.0038752895254630226 5.9223951984042492e-05 0.00048892640702820572 -0.0029248304594303174 -0.0017667643939984232
leaf_weight=340 562 306 392 353 307 2165 318 504 311 329 393 336 889 336 405 8733 1097 2255 405 481 522 555 700 512 305 523 1545 343 27774 8661 774 329
leaf_count=340 562 306 392 353 307 2165 318 504 311 329 393 336 889 336 405 8733 1097 2255 405 481 522 555 700 512 305 523 1545 343 27774 8661 774 329
internal_value=-2.96702e-06 -0.000249146 0.000507654 0.0021286 0.00412599 3.11374e-05 -0.000467487 -0.00164815 -0.00652274 -0.000281466 0.000404972 -5.39784e-06 0.000101454 0.00132087 -0.00128621 -0.000362859 0.000876882 -0.000522509 4.86561e-05 -0.000932839 0.000693805 -0.00223101 -0.000140381 -0.00107134 0.000779463 0.000106879 -6.45744e-06 0.000475449 0.000126172 0.000348474 -0.00164577 -0.000266685
internal_weight=63760 18990 4252 966 613 3286 14738 2006 651 12732 2894 2501 44770 1858 1296 12403 1415 10988 42912 2403 1355 960 1998 993 1005 40509 30982 9527 28663 9184 2319 851
internal_count=63760 18990 4252 966 613 3286 14738 2006 651 12732 2894 2501 44770 1858 1296 12403 1415 10988 42912 2403 1355 960 1998 993 1005 40509 30982 9527 28663 9184 2319 851
is_linear=0
shrinkage=0.12


Tree=72
num_leaves=21
num_cat=0
split_feature=80 54 58 55 57 81 57 75 66 72 66 81 69 81 60 29 78 57 2 23
split_gain=0.113733 0.436544 0.293284 0.25017 0.253509 0.133169 0.490048 0.2728 0.210339 0.794791 0.641656 0.184036 0.340316 0.532139 0.244562 0.510912 0.204746 0.202569 0.132346 0.0980733
threshold=1.0000000180025095e-35 -0.049729857593774789 1.3808410167694094 0.23629727214574817 2.9906250238418584 3.408251285552979 2.2781250476837163 4.5000000000000009 6.3843748569488534 7.4156248569488534 4.1687500476837167 0.41184268891811376 7.5000000000000009 0.72066444158554088 1.0000000180025095e-35 57.555717468261726 0.088435683399438872 3.5656249523162846 245.05500030517581 6.2425999641418466
decision_type=2 2 2 2 2 2 2 2 2 2 2 2 2 2 2 2 2 2 2 2
left_child=2 -2 5 4 -3 11 8 -8 10 -10 -7 14 13 -13 17 -16 -14 -1 -4 -6
right_child=1 3 18 -5 19 6 7 -9 9 -11 -12 12 16 -15 15 -17 -18 -19 -20 -21
leaf_value=1.484023342750761e-06 0.0038764790718138604 0.0033434980333810179 -0.0044140001150479299 -0.0029031982999080971 -0.0016853902057570873 0.0029043621722720909 0.0015828297329761338 0.0059500992192410024 0.0056589354185372902 -7.7880129486297261e-05 -0.0035891912212135182 -0.0037451127681636513 -0.00072758743665464639 -0.00055049880382503297 0.0016352449227528573 -8.164417901682535e-05 0.00034366629977406306 -0.00099066643505732314 -0.00097543875266118806 0.00071515774876965588
leaf_weight=26215 522 369 301 359 437 324 595 315 383 3779 677 1022 4270 2830 3984 6682 6450 3341 347 558
leaf_count=26215 522 369 301 359 437 324 595 315 383 3779 677 1022 4270 2830 3984 6682 6450 3341 347 558
internal_value=-2.61098e-06 0.000836333 -3.32284e-05 -8.47098e-05 0.000657107 -6.19304e-06 0.000526965 0.00309458 7.4413e-05 0.000450039 -0.00148738 -6.52847e-05 -0.000430659 -0.00139808 6.70866e-05 0.000559654 -8.30364e-05 -0.000110668 -0.00257267 -0.000339153
internal_weight=63760 2245 61515 1723 1364 60867 6073 910 5163 4162 1001 54794 14572 3852 40222 10666 10720 29556 648 995
internal_count=63760 2245 61515 1723 1364 60867 6073 910 5163 4162 1001 54794 14572 3852 40222 10666 10720 29556 648 995
is_linear=0
shrinkage=0.12


Tree=73
num_leaves=38
num_cat=0
split_feature=93 0 29 50 80 81 81 10 29 15 55 0 46 87 50 45 62 47 53 0 12 89 55 46 76 0 72 76 1 66 68 46 72 72 41 51 19
split_gain=0.0975832 0.179555 0.355501 0.189278 0.227236 0.246668 0.402663 0.309154 0.211931 0.20262 0.184514 0.175286 0.243645 0.367323 0.21055 0.279988 0.246828 0.170406 0.220092 0.161323 0.165522 0.160927 0.14798 0.146622 0.126023 0.125838 0.134134 0.118855 0.0900862 0.084425 0.253587 0.086531 0.0807468 0.0557648 0.0512717 0.0498752 0.0406024
threshold=1.0000000180025095e-35 94.676101684570327 6.0480804443359384 0.2151904031634331 1.0000000180025095e-35 1.685830891132355 0.26954312622547155 2.5000000000000004 65.34308242797853 8.41540575027466 0.12874263525009158 76.639499664306655 0.20099616050720218 0.37500000000000006 0.070582646876573576 0.69062501192092907 0.47050872445106512 0.083793666213750853 2.1343749761581425 7.0111000537872323 1.524199962615967 4.8750000000000009 0.20095802098512652 0.41077920794487005 0.89880195260047924 85.485649108886733 8.2062497138977069 0.8498656451702119 4.0864999294281015 3.7156250476837163 1.0000000180025095e-35 0.19319851696491244 7.7562499046325692 2.5906250476837163 0.10951035842299463 0.14929152280092242 0.27057291567325598
decision_type=2 2 2 2 2 2 2 2 2 2 2 2 2 2 2 2 2 2 2 2 2 2 2 2 2 2 2 2 2 2 2 2 2 2 2 2 2
left_child=1 3 -3 4 5 6 -1 -7 9 -5 21 14 13 -13 15 16 22 18 -14 -17 -21 24 -2 -23 -4 28 -27 34 -10 30 33 -31 -33 -16 -19 -12 -29
right_child=11 2 10 8 -6 7 -8 -9 25 -11 35 12 17 -15 29 19 -18 27 -20 20 -22 23 -24 -25 -26 26 -28 36 -30 31 -32 32 -34 -35 -36 -37 -38
leaf_value=-0.0003771925144351299 0.00094708270551366379 0.0037564265988269405 0.0019002195886751708 0.0044758917330307846 0.0024695489966514526 -0.00011613660988426116 -0.0019285790664523993 0.0036815268009566218 0.0013164400698267552 6.916885533137246e-05 -0.0021738662661416413 0.0005756973489042138 -0.00079750982528528733 -0.0042662559482745718 -0.00057913931567132653 0.0021256589418304169 0.0049748876575106734 -0.0029612246354998547 0.0031980681193322078 -0.0017788646258536504 0.00030897949083962391 0.00043058543248222477 0.0032367030666421424 0.0040227581851023436 -0.0010727817666926198 -0.00014643649225008561 -0.0034985544785413126 0.0010483975971212439 -8.9839791495677513e-06 0.0021579974511638281 -0.003719842974356893 0.00073578811691129848 -3.103608539559935e-05 0.0015214061239804256 -0.0010027875845304826 -0.00020596344730281049 -0.00046681226611627034
leaf_weight=7379 2273 484 306 301 363 4577 3577 331 772 300 443 384 354 547 458 504 301 301 452 721 2263 305 495 353 624 399 302 465 16983 300 332 2379 11714 302 534 319 563
leaf_count=7379 2273 484 306 301 363 4577 3577 331 772 300 443 384 354 547 458 504 301 301 452 721 2263 305 495 353 624 399 302 465 16983 300 332 2379 11714 302 534 319 563
internal_value=-2.29766e-06 -0.000124058 0.000794918 -0.00019787 -0.000499067 -0.000566995 -0.000883701 0.000139981 5.85989e-05 0.0022762 0.000184974 0.000178704 -0.000597637 -0.00226915 0.0003055 0.000875449 0.00171141 -1.4582e-05 0.00144319 0.000139906 -0.00019549 0.000921545 0.00135653 0.00235769 -9.45684e-05 -1.36148e-05 -0.00159057 -0.000645264 4.86464e-05 6.41597e-05 -0.000953085 0.000141338 9.84094e-05 0.000255551 -0.00170876 -0.00135003 0.00021857
internal_weight=63760 38118 2834 35284 16227 15864 10956 4908 19057 601 2350 25642 3600 931 22042 6557 3069 2669 806 3488 2984 1588 2768 658 930 18456 701 1863 17755 15485 1092 14393 14093 760 835 762 1028
internal_count=63760 38118 2834 35284 16227 15864 10956 4908 19057 601 2350 25642 3600 931 22042 6557 3069 2669 806 3488 2984 1588 2768 658 930 18456 701 1863 17755 15485 1092 14393 14093 760 835 762 1028
is_linear=0
shrinkage=0.12


Tree=74
num_leaves=27
num_cat=0
split_feature=7 85 7 22 41 41 19 51 75 2 67 2 29 28 24 28 22 89 89 69 33 47 54 41 41 57
split_gain=0.0914935 0.304812 1.01163 0.250295 0.306435 0.318939 0.251263 0.194877 0.293541 0.207443 0.186733 0.168441 0.151717 0.158345 0.196674 0.149942 0.361954 1.6899 0.260855 0.966743 0.234829 0.172822 0.127896 0.103115 0.0984683 0.0962183
threshold=8.2936000823974627 1.0000000180025095e-35 9.0339999198913592 1.9958500266075136 0.045588174834847457 0.063999131321907057 0.35937500000000006 0.21015402674674991 3.5000000000000004 196.85500335693362 1.5000000000000002 105.59999847412111 14.96274518966675 68.541191101074233 5.1277651786804208 72.229507446289077 0.82139998674392711 0.37500000000000006 1.0000000180025095e-35 4.5000000000000009 0.043528616428375251 0.14492036402225497 0.096817232668399825 0.10807157307863237 0.17304485291242602 3.4562500715255742
decision_type=2 2 2 2 2 2 2 2 2 2 2 2 2 2 2 2 2 2 2 2 2 2 2 2 2 2
left_child=10 3 -3 4 -2 -6 -7 9 24 -5 11 -1 -12 14 -14 18 17 -17 19 -13 -18 -20 -15 -11 -9 -24
right_child=1 2 -4 7 5 6 -8 8 -10 23 12 15 13 22 -16 16 20 -19 21 -21 -22 -23 25 -25 -26 -27
leaf_value=0.0023849947762963689 -0.0021271453807967886 0.0024769984476498952 -0.0071426268781130146 -0.0034403519309724761 0.0043356429551361991 0.0015080355545379633 -0.0014419562616374739 -0.0015043116983049886 0.0034631848920523641 0.00063169945456530651 -0.0032180756351588608 -0.0059543588082260346 -0.0015792273498479942 -0.0036229285251735276 0.0023658987299711733 0.0079155218190041926 -0.0024267640160448721 -0.00094643323132290928 0.00028478880826756628 -0.00047339071064488795 0.00010959618935340507 -0.00045554905077125718 0.00075193695226385428 -0.00069176274415459706 0.0013161773576970976 -0.0018674616551402649
leaf_weight=417 367 322 308 311 498 2877 486 414 511 1329 409 509 316 313 429 468 537 917 10517 5173 24857 7990 346 2341 313 485
leaf_count=417 367 322 308 311 498 2877 486 414 511 1329 409 509 316 313 429 468 537 917 10517 5173 24857 7990 346 2341 313 485
internal_value=-2.02194e-06 0.000329762 -0.00222593 0.000500195 0.00118645 0.00150142 0.00108172 -5.57523e-05 0.00125918 -0.000464667 -6.43021e-05 -1.69727e-05 -0.00112262 -0.00066892 0.00069253 -3.66247e-05 0.000158992 0.00204808 -0.000253187 -0.000964382 5.59605e-05 -3.48362e-05 -0.00155553 -0.000212504 -0.000289988 -0.000776834
internal_weight=63760 10077 630 9447 4228 3861 3363 5219 1238 3981 53683 51385 2298 1889 745 50968 26779 1385 24189 5682 25394 18507 1144 3670 727 831
internal_count=63760 10077 630 9447 4228 3861 3363 5219 1238 3981 53683 51385 2298 1889 745 50968 26779 1385 24189 5682 25394 18507 1144 3670 727 831
is_linear=0
shrinkage=0.12


Tree=75
num_leaves=18
num_cat=0
split_feature=58 29 19 51 62 19 55 66 47 55 7 51 87 55 70 29 8
split_gain=0.170653 0.221418 0.166527 0.139377 0.279033 0.245324 0.22615 0.217994 0.206568 0.204689 0.231313 0.287123 0.16823 0.167514 0.254635 0.207732 0.0751793
threshold=6.1042473316192636 59.585380554199226 0.025000000372529033 0.091530378907918944 -72.404052734374986 0.26796875894069677 0.05802437290549279 8.0531249046325701 0.030907614156603817 0.14276924729347232 1.0839999914169314 0.052970519289374358 0.62500000000000011 0.092924874275922789 5.5000000000000009 -0.47635802626609797 7.3593490123748788
decision_type=2 2 2 2 2 2 2 2 2 2 2 2 2 2 2 2 2
left_child=2 -2 -1 9 5 -5 7 -6 -8 13 11 -11 -12 15 -15 -4 -3
right_child=1 16 3 4 6 -7 8 -9 -10 10 12 -13 -14 14 -16 -17 -18
leaf_value=0.0024603394158896614 -0.0034888492079304103 -0.0013360552999707675 -0.0015509946242397976 0.00027292210149958178 0.00019976357130342524 0.0044868966442136249 -0.0019516059326206477 -0.001219915760789139 0.00024055146194421607 -0.0018498392310098699 -0.0013186196352842807 0.0025169486978414931 6.9481700523905683e-05 0.0034750290763580841 0.00034611875460076493 -1.8623967922319763e-05 0.0013284494406281544
leaf_weight=394 467 308 1493 405 2816 391 631 3485 32518 332 5282 625 1650 418 3602 8681 302
leaf_count=394 467 308 1493 405 2816 391 631 3485 32518 332 5282 625 1650 418 3602 8681 302
internal_value=-2.46519e-05 -0.00152238 1.06524e-06 -1.44806e-05 0.000118442 0.00234285 7.35594e-05 -0.000585442 0.000198823 -0.000256731 -0.000746781 0.00100203 -0.000988215 1.56385e-05 0.000671463 -0.000243494 -1.69071e-05
internal_weight=63800 1077 62723 62329 40246 796 39450 6301 33149 22083 7889 957 6932 14194 4020 10174 610
internal_count=63800 1077 62723 62329 40246 796 39450 6301 33149 22083 7889 957 6932 14194 4020 10174 610
is_linear=0
shrinkage=0.12


Tree=76
num_leaves=32
num_cat=0
split_feature=57 57 58 71 5 57 50 89 69 73 33 87 66 58 80 15 3 62 69 59 29 59 54 61 61 7 62 0 6 57 53
split_gain=0.142513 0.489736 0.356623 0.405184 0.521331 0.353129 0.637637 0.368872 1.2242 0.348543 0.345971 0.328407 0.294961 0.273426 0.26714 0.244081 0.398545 0.221888 0.202992 0.187561 0.169661 0.169478 0.158186 0.149311 0.14539 0.122994 0.106774 0.0941746 0.0856407 0.0822817 0.0516366
threshold=3.4031250476837163 4.0687499046325692 -0.03840182535350322 111.50000000000001 1.9581999778747561 2.6906249523162846 0.017989277839660648 0.37500000000000006 10.500000000000002 1233.4340820312502 0.066077049821615233 1.0000000180025095e-35 11.064062595367433 -3.4906002283096309 1.0000000180025095e-35 0.9406380057334901 0.37747000157833105 8.8184928894042987 2.5000000000000004 -3.6933844089508052 16.092858314514164 1.0142470598220827 0.18357115983963015 3.3406250476837163 3.7031250000000004 2.1288499832153325 0.50934085249900829 46.422248840332038 8.5468001365661639 3.7406250238418584 2.1843750476837163
decision_type=2 2 2 2 2 2 2 2 2 2 2 2 2 2 2 2 2 2 2 2 2 2 2 2 2 2 2 2 2 2 2
left_child=5 13 10 4 27 14 -7 8 -8 -9 -3 -6 -5 20 15 16 -1 23 -12 -20 -2 -15 -10 -17 -11 -23 -14 -4 -18 -27 -22
right_child=1 2 3 12 11 6 7 9 22 24 18 -13 26 21 -16 17 28 -19 19 -21 30 25 -24 -25 -26 29 -28 -29 -30 -31 -32
leaf_value=-0.0049836364354402434 -0.0053829606963161757 0.0041793880089874766 -0.0017188391729641679 0.0029768286803720286 -0.0073314691846217599 0.0060804504595312978 -0.0059702735656454904 0.0046144428201351012 0.0037948766366007322 0.002090662089407246 -0.0022871805300383129 -0.0021664034409702502 0.0011460613577452023 0.0018403663637610651 0.00266133036245038 7.4265872600016124e-05 -0.0011666793954651865 0.0031170328777193664 -0.002204328788247389 0.00027233874229754917 -0.0011072714902302628 0.00043874962989938596 0.00045028429486235471 -0.00078375937418558928 -0.00067489471173819572 -0.0011244977464650193 -0.0015049813361672768 0.00062288593153998718 0.001052449379233636 -0.0036552618230012704 -0.0029556405382489691
leaf_weight=365 338 307 568 411 383 359 435 485 357 565 492 330 300 307 538 34218 742 332 455 13648 356 374 474 3193 531 426 808 438 378 327 560
leaf_count=365 338 307 568 411 383 359 435 485 357 565 492 330 300 307 538 34218 742 332 455 13648 356 374 474 3193 531 426 808 438 378 327 560
internal_value=-2.16937e-05 -0.000279306 -5.53133e-05 -0.00119675 -0.00245861 0.000103168 0.00131468 0.000713733 -0.000812688 0.00193603 0.000192705 -0.00494091 0.000231251 -0.00179093 5.49361e-06 -3.09304e-05 -0.00153998 2.84434e-05 0.000108847 0.000192435 -0.00308516 -0.000659151 0.00188713 1.03408e-06 0.00075078 -0.00134003 -0.00078719 -0.000699281 -0.000417723 -0.00222351 -0.00223728
internal_weight=63800 20828 18140 3238 1719 42972 3206 2847 1266 1581 14902 713 1519 2688 39766 39228 1485 37743 14595 14103 1254 1434 831 37411 1096 1127 1108 1006 1120 753 916
internal_count=63800 20828 18140 3238 1719 42972 3206 2847 1266 1581 14902 713 1519 2688 39766 39228 1485 37743 14595 14103 1254 1434 831 37411 1096 1127 1108 1006 1120 753 916
is_linear=0
shrinkage=0.12


Tree=77
num_leaves=17
num_cat=0
split_feature=58 62 19 70 9 69 89 19 65 72 66 89 15 57 46 28
split_gain=0.132705 0.188926 0.131139 0.133508 0.253944 0.411622 1.03911 0.213403 0.214512 0.46193 0.269014 0.204902 0.342442 0.182965 0.136155 0.103385
threshold=6.1042473316192636 2.9390584230422978 0.025000000372529033 32.500000000000007 1.0000000180025095e-35 9.5000000000000018 1.0000000180025095e-35 0.062500000000000014 29.500000000000004 6.7406251430511483 9.3390622138977069 0.37500000000000006 8.3673591613769549 5.0531251430511483 0.30715952813625341 72.229507446289077
decision_type=2 2 2 2 2 2 2 2 2 2 2 2 2 2 2 2
left_child=2 15 -1 7 5 6 -5 -4 9 -9 -10 12 -6 -7 -13 -2
right_child=1 -3 3 4 11 13 -8 8 10 -11 -12 14 -14 -15 -16 -17
leaf_value=0.0021859668493347693 -0.0015552195739676016 -0.0032051938612670141 -0.003037354773826825 -0.0069562206189097611 0.0051754570726669676 -0.0001689652410376932 -0.00058827456450137778 6.1534694420099166e-05 -0.00094372348686460716 0.0023565022438064706 0.00011880653717521935 -0.00075342857627561999 6.8715158479009057e-06 -0.0031579167817605168 0.0010497523951475437 0.001534388075484997
leaf_weight=394 307 453 311 484 345 11048 1553 3930 3794 1861 35890 1231 397 303 1182 317
leaf_count=394 307 453 311 484 345 11048 1553 3930 3794 1861 35890 1231 397 303 1182 317
internal_value=-1.90904e-05 -0.00133984 3.58776e-06 -1.02077e-05 -0.000302387 -0.000530623 -0.00210133 9.53598e-05 0.000116784 0.000799047 1.72231e-05 0.000666116 0.00241005 -0.000248751 0.000129854 1.43407e-05
internal_weight=63800 1077 62723 62329 16543 13388 2037 45786 45475 5791 39684 3155 742 11351 2413 624
internal_count=63800 1077 62723 62329 16543 13388 2037 45786 45475 5791 39684 3155 742 11351 2413 624
is_linear=0
shrinkage=0.12


Tree=78
num_leaves=15
num_cat=0
split_feature=14 2 76 75 76 58 34 80 81 51 55 28 66 53
split_gain=0.117302 0.105782 0.309102 0.723024 0.39347 0.120206 0.20251 0.120911 0.354093 0.129769 0.226929 0.208312 0.0945793 0.0741883
threshold=-2.0436000823974605 110.56999969482423 0.53131380677223217 3.5000000000000004 0.7632603943347932 6.1042473316192636 1.046628534793854 1.0000000180025095e-35 0.29859924316406256 0.091530378907918944 0.24651109427213672 101.73602676391603 11.651041507720949 2.2156250476837163
decision_type=2 2 2 2 2 2 2 2 2 2 2 2 2 2
left_child=-1 2 3 -2 -4 7 13 9 12 11 -11 -3 -9 -7
right_child=1 5 4 -5 -6 6 -8 8 -10 10 -12 -13 -14 -15
leaf_value=-0.0018222932568165802 -0.0051499235444666383 -0.00013003912817421357 0.0047120457321621614 0.0028839191896032294 -0.00045249245833605523 -0.0015671422320185228 -0.003752074102765574 0.00090183033527662217 0.0046905534324847009 -3.1541553782942167e-05 0.00074550349244920165 -0.0012881553849878797 -0.0014287768340674983 0.00094011201668763532
leaf_weight=514 312 18611 490 334 375 300 332 719 308 31658 6528 2542 385 392
leaf_count=514 312 18611 490 334 375 300 332 719 308 31658 6528 2542 385 392
internal_value=-1.67996e-05 -2.13561e-06 0.000989855 -0.000996203 0.00247308 -2.63994e-05 -0.00131573 -4.66688e-06 0.0010928 -3.07815e-05 0.000101296 -0.000269212 8.90733e-05 -0.000146848
internal_weight=63800 63286 1511 646 865 61775 1024 60751 1412 59339 38186 21153 1104 692
internal_count=63800 63286 1511 646 865 61775 1024 60751 1412 59339 38186 21153 1104 692
is_linear=0
shrinkage=0.12


Tree=79
num_leaves=24
num_cat=0
split_feature=57 47 57 73 2 50 33 75 71 57 7 89 24 34 70 5 6 1 55 5 81 59 55
split_gain=0.111606 0.393969 0.372058 0.272258 0.367285 0.591879 0.483153 0.263125 0.218473 0.208462 0.390467 0.569285 0.19513 0.291537 0.210415 0.170317 0.164905 0.203017 0.183678 0.153456 0.125151 0.0988139 0.112231
threshold=3.4031250476837163 0.029295256361365322 4.0687499046325692 1865.6727294921877 133.7600021362305 -0.018408928066492077 0.19507784396409991 4.5000000000000009 66.500000000000014 2.6906249523162846 8.4924998283386248 0.37500000000000006 2.7232335805892949 1.0991571545600893 15.500000000000002 1.9121499657630923 9.0191998481750506 18.992949485778812 0.092149790376424803 1.8517499566078188 2.679955363273621 1.2882158160209658 0.24915295094251635
decision_type=2 2 2 2 2 2 2 2 2 2 2 2 2 2 2 2 2 2 2 2 2 2 2
left_child=3 -2 20 8 -5 -6 -7 -8 9 12 11 -11 13 -1 -14 -10 17 18 -4 -19 21 -3 -23
right_child=1 2 16 4 5 6 7 -9 15 10 -12 -13 14 -15 -16 -17 -18 19 -20 -21 -22 22 -24
leaf_value=-0.00044602994928854748 -0.0043247192058583662 0.00038215536110739666 -0.00060292429681861766 0.003986479522100868 -0.0042325025832617722 0.0049303981919810932 -0.00031521260742129267 0.001439659390461861 -0.00026214124938276181 -0.0021160526447564915 0.004858548225768442 0.0024863795559773886 0.00057875986028026215 -0.0046032995089104372 -0.00015594953212472285 -0.0036780915227008319 -0.0023700090611946775 0.00034538194375586341 0.00025828764565758773 0.0039489690555251193 -0.0034097343114060995 -0.0011131660218727537 -0.0036117449444438674
leaf_weight=953 335 478 5146 490 348 392 2487 2435 428 701 350 864 7190 326 25595 413 406 348 11616 333 418 1432 316
leaf_count=953 335 478 5146 490 348 392 2487 2435 428 701 350 864 7190 326 25595 413 406 348 11616 333 418 1432 316
internal_value=-1.47836e-05 -0.000242757 -0.000176029 9.57124e-05 0.000834658 0.000561894 0.000875866 0.000552953 -2.7753e-05 1.69372e-05 0.00123518 0.000424843 -5.15496e-05 -0.00150566 5.17783e-06 -0.00193965 2.07629e-05 7.641e-05 -6.10781e-06 0.00210749 -0.00150452 -0.00114676 -0.00156485
internal_weight=63800 20828 20493 42972 6152 5662 5314 4922 36820 35979 1915 1565 34064 1279 32785 841 17849 17443 16762 681 2644 2226 1748
internal_count=63800 20828 20493 42972 6152 5662 5314 4922 36820 35979 1915 1565 34064 1279 32785 841 17849 17443 16762 681 2644 2226 1748
is_linear=0
shrinkage=0.12


Tree=80
num_leaves=13
num_cat=0
split_feature=13 14 28 23 69 45 89 81 0 53 12 53
split_gain=0.155676 0.146545 0.186686 0.159525 0.151064 0.142498 0.141915 0.122513 0.365278 0.119398 0.271672 0.199032
threshold=9.7775497436523455 8.5731496810913104 77.147258758544936 9.1559252738952654 14.500000000000002 0.54687500000000011 0.62500000000000011 23.823505401611332 33.405448913574226 2.5656249523162846 2.1906999349594121 2.5406249761581425
decision_type=2 2 2 2 2 2 2 2 2 2 2 2
left_child=1 3 5 7 -5 -3 -6 9 -9 11 -11 -1
right_child=-2 2 -4 4 6 -7 -8 8 -10 10 -12 -13
leaf_value=-5.886005600753341e-06 0.0021524465481784463 -0.001844472532281473 -0.0029163365346458595 0.0032375973879990409 0.0021026325942671621 0.00166846931844314 -0.0013811430483794034 -0.0041016143816960185 0.001347397176718105 -0.0017292253973783473 -2.5326879273337904e-05 0.0016720496544981301
leaf_weight=52754 465 312 579 409 328 356 346 388 326 1891 4688 1038
leaf_count=52754 465 312 579 409 328 356 346 388 326 1891 4688 1038
internal_value=-3.52067e-05 -5.1248e-05 -0.00133926 -2.54123e-05 0.00141825 2.76941e-05 0.000314226 -5.10075e-05 -0.00161369 -3.25259e-05 -0.000515078 2.64924e-05
internal_weight=63880 63415 1247 62168 1083 668 674 61085 714 60371 6579 53792
internal_count=63880 63415 1247 62168 1083 668 674 61085 714 60371 6579 53792
is_linear=0
shrinkage=0.12


Tree=81
num_leaves=12
num_cat=0
split_feature=13 24 46 6 59 47 58 1 4 55 51
split_gain=0.120555 0.126169 0.272097 0.242875 0.297312 0.12384 0.123077 0.114261 0.187734 0.110318 0.108065
threshold=9.7775497436523455 14.235174655914308 0.24390132725238803 0.5647999942302705 4.0421559810638437 0.091432258486747756 10.160957336425783 1.5712999701499941 117.13000106811525 0.093566354364156737 0.59867665171623241
decision_type=2 2 2 2 2 2 2 2 2 2 2
left_child=1 3 -3 4 -1 -4 7 8 -5 -7 -9
right_child=-2 2 5 6 -6 9 -8 10 -10 -11 -12
leaf_value=0.00024517458032112863 0.0018941529586295326 -0.003574392999473775 0.0017806349893375111 -0.0036634851321367336 0.004871671511994107 -0.0024927622356595912 -0.0020421955425357192 1.129044724946546e-05 -0.00018496366176433684 0.00016487053212889196 -0.0013421772412937933
leaf_weight=528 465 455 346 326 322 369 441 58480 710 576 862
leaf_count=528 465 455 346 326 322 369 441 58480 710 576 862
internal_value=-3.09819e-05 -4.50982e-05 -0.00105104 -1.66176e-05 0.0019978 -0.000161707 -4.47709e-05 -3.01817e-05 -0.00127956 -0.000872872 -8.36998e-06
internal_weight=63880 63415 1746 61669 850 1291 60819 60378 1036 945 59342
internal_count=63880 63415 1746 61669 850 1291 60819 60378 1036 945 59342
is_linear=0
shrinkage=0.12


Tree=82
num_leaves=24
num_cat=0
split_feature=47 89 0 86 6 0 33 81 81 0 66 66 22 81 69 81 46 58 12 15 81 1 47
split_gain=0.102866 0.280183 0.0970647 0.41354 0.334908 0.319247 0.259744 0.250251 0.243944 0.241021 0.195441 0.367929 0.223 0.14888 0.391345 0.592171 0.291747 0.32067 0.242627 0.1369 0.146299 0.0967371 0.090972
threshold=0.64250540733337413 0.37500000000000006 31.612200736999515 1.0000000180025095e-35 8.4623999595642108 35.43809890747071 0.32566010951995855 2.9280697107315068 23.823505401611332 51.081350326538093 11.230208396911623 7.3781249523162851 2.5089666843414311 0.26954312622547155 8.5000000000000018 0.72066444158554088 0.31956560909748083 -0.098132893443107591 1.980449974536896 8.9743661880493182 4.0872471332550058 6.1767001152038583 0.14611424505710605
decision_type=2 2 2 2 2 2 2 2 2 2 2 2 2 2 2 2 2 2 2 2 2 2 2
left_child=2 -2 8 4 10 -6 7 9 13 -5 11 -4 -12 16 15 -15 17 -1 -16 20 -8 -18 -21
right_child=1 -3 3 6 5 -7 19 -9 -10 -11 12 -13 -14 14 18 -17 21 -19 -20 22 -22 -23 -24
leaf_value=0.0018109245728992046 0.0040780231519990289 -0.00072286738769144175 -0.00019631795638006363 -9.5643385633473643e-06 0.00012962918947159776 -0.0047909593276387781 0.0003732274699933955 0.0044769715035799882 -0.0031686597507730916 0.0034319461062930676 -0.0012643869973098078 0.00090169813790614889 8.3519955480216012e-06 -0.002969795021595981 0.0027117273521544984 -0.00035124040287821365 0.0013835304309734431 -0.00013867143008635988 -9.857591400106217e-05 0.0005110420917089169 -0.0024960315798056645 -0.00034083430826032133 0.0034254513118387683
leaf_weight=2542 315 394 11493 729 350 415 1489 540 392 490 3188 7115 5242 1857 463 3765 493 2327 9933 312 309 9422 305
leaf_count=2542 315 394 11493 729 350 415 1489 540 392 490 3188 7115 5242 1857 463 3765 493 2327 9933 312 309 9422 305
internal_value=-2.7264e-05 0.00141011 -4.33964e-05 0.00010352 -6.3686e-05 -0.00253971 0.00121728 0.00232646 -0.000194 0.00137382 6.36938e-06 0.000223522 -0.000472964 -0.000156144 -0.000409599 -0.00121617 0.000118467 0.000879171 2.65848e-05 0.000409387 -0.000119877 -0.000255094 0.00195171
internal_weight=63880 709 63171 31977 27803 765 4174 1759 31194 1219 27038 18608 8430 30802 16018 5622 14784 4869 10396 2415 1798 9915 617
internal_count=63880 709 63171 31977 27803 765 4174 1759 31194 1219 27038 18608 8430 30802 16018 5622 14784 4869 10396 2415 1798 9915 617
is_linear=0
shrinkage=0.12


Tree=83
num_leaves=36
num_cat=0
split_feature=53 62 59 53 12 49 0 49 66 72 61 7 51 55 72 7 63 88 57 33 65 12 89 0 36 61 89 66 55 59 2 53 63 2 55
split_gain=0.0899897 0.225252 0.197955 0.179247 0.213578 0.278868 0.287367 0.202453 0.171727 0.382088 0.201273 0.352049 0.271948 0.443731 0.421115 0.234682 0.166645 0.164399 0.151041 0.161875 0.150733 0.343353 0.329444 0.215928 0.149162 0.367834 0.623612 0.383621 0.159561 0.180639 0.136903 0.112461 0.0915201 0.0755109 0.0575631
threshold=2.3281250000000004 8.5177669525146502 3.3487161397933964 2.2843749523162846 2.3964999914169316 1.5718750357627871 30.794599533081058 1.6906250119209292 3.9281250238418584 3.6531250476837163 2.1281249523162846 9.1965999603271502 0.14371915906667712 0.16634833812713626 8.2062497138977069 10.105899810791017 19999945.000000004 1.0000000180025095e-35 1.1656250357627871 0.47837547957897192 44.500000000000007 2.2420500516891484 0.37500000000000006 47.40589904785157 -5.029836654663085 4.6968748569488534 0.37500000000000006 11.230208396911623 0.5616842806339265 -0.12402901053428649 314.88999938964849 2.0031249523162846 1.0234965085983279 301.53500366210943 0.14370603859424594
decision_type=2 2 2 2 2 2 2 2 2 2 2 2 2 2 2 2 2 2 2 2 2 2 2 2 2 2 2 2 2 2 2 2 2 2 2
left_child=3 8 -3 20 5 6 -5 -7 9 34 11 16 14 -14 -12 -13 -10 18 19 -6 24 22 -22 31 25 27 -27 -1 29 -26 -25 -23 -20 -19 -2
right_child=1 2 -4 4 17 7 -8 -9 10 -11 12 15 13 -15 -16 -17 -18 33 32 -21 21 23 -24 30 28 26 -28 -29 -30 -31 -32 -33 -34 -35 -36
leaf_value=0.00063970665612568989 0.00068247913873146528 0.0041315105866614648 -0.00017227732943574664 0.0025771633667675568 -0.0031775703437635053 0.005836692668355307 -0.0017598229003210277 0.0019168656963201695 -0.00040153496800821302 0.0048149649765028427 0.0037300645648189619 -0.0047858185147223731 -0.00019724583481045161 0.0023194936961061139 -0.00080010934571647196 -0.0007606206164525053 -0.0025586542949369187 0.0029052934678082051 0.0021763585629769994 0.00036711432434423196 -0.0051798537549360485 0.0019172177195957323 -0.00078721171535625894 -0.0027440325496174427 0.0017192917781585716 0.0060875114290787936 -7.5247025250324175e-06 -0.0033809381396641227 0.0022188141452977534 -9.5736919313521907e-05 0.00019654134750630506 4.077772726761754e-05 -0.00025812357610976864 0.00050603031896537644 -0.0014941447931069208
leaf_weight=2619 392 316 300 440 462 321 440 464 8272 301 313 494 2775 1585 5280 361 550 354 312 310 419 609 595 594 812 448 525 393 455 28625 370 1879 774 405 316
leaf_count=2619 392 316 300 440 462 321 440 464 8272 301 313 494 2775 1585 5280 361 550 354 312 310 419 609 595 594 812 448 525 393 455 28625 370 1879 774 405 316
internal_value=-2.39924e-05 -0.000225688 0.00203551 7.65835e-05 0.000812951 0.00187546 0.00040867 0.00351975 -0.000293177 0.00123358 -0.000371654 -0.000761345 7.23131e-06 0.00071767 -0.000546588 -0.00308629 -0.000536019 0.000136958 -0.000470934 -0.00175419 -5.6512e-06 -0.000660944 -0.00260232 -9.06802e-05 8.0736e-05 0.000770373 0.00279882 0.000115101 -1.12018e-05 -4.56706e-05 -0.00161539 0.000500083 0.000441286 0.00162505 -0.000289008
internal_weight=63880 21255 616 42625 4282 1665 880 785 20639 1009 19630 9677 9953 4360 5593 855 8822 2617 1858 772 38343 4466 1014 3452 33877 3985 973 3012 29892 29437 964 2488 1086 759 708
internal_count=63880 21255 616 42625 4282 1665 880 785 20639 1009 19630 9677 9953 4360 5593 855 8822 2617 1858 772 38343 4466 1014 3452 33877 3985 973 3012 29892 29437 964 2488 1086 759 708
is_linear=0
shrinkage=0.12


Tree=84
num_leaves=13
num_cat=0
split_feature=6 24 6 59 46 51 54 41 28 30 53 61
split_gain=0.0868879 0.111851 0.190168 0.224756 0.185489 0.111207 0.167103 0.102597 0.125182 0.118517 0.105356 0.0622084
threshold=0.2144500017166138 14.235174655914308 0.5647999942302705 4.21702003479004 0.24390132725238803 0.085239104926586165 0.21920655667781833 0.46536609530448919 50.099615097045906 6.5000000000000009 2.5656249523162846 2.7156250476837163
decision_type=2 2 2 2 2 2 2 2 2 2 2 2
left_child=-1 2 3 -2 -3 -6 -7 9 -9 10 -4 -10
right_child=1 4 7 -5 5 6 -8 8 11 -11 -12 -13
leaf_value=0.0015658067453398301 0.00029312128331050941 -0.0030650347967499068 4.099884216653285e-05 0.0043734214258841341 -0.0019600298170432975 0.0016521926237575459 -0.0018212931448128074 -0.0029119946476944031 -0.00099094219679261397 0.0022489726558265126 -0.00048244355219794318 0.00046667601845090163
leaf_weight=493 530 455 52143 307 381 595 300 353 1115 335 6195 678
leaf_count=493 530 455 52143 307 381 595 300 353 1115 335 6195 678
internal_value=-2.11133e-05 -3.34557e-05 -6.74651e-06 0.00178972 -0.000984804 -0.000243029 0.000487896 -3.14697e-05 -0.000846425 -1.66225e-06 -1.45863e-05 -0.000439763
internal_weight=63880 63387 61656 837 1731 1276 895 60819 2146 58673 58338 1793
internal_count=63880 63387 61656 837 1731 1276 895 60819 2146 58673 58338 1793
is_linear=0
shrinkage=0.12


Tree=85
num_leaves=14
num_cat=0
split_feature=19 41 72 2 78 57 81 59 59 16 2 15 49
split_gain=0.185748 0.24427 0.206512 0.205283 0.0906603 0.300718 0.19561 0.184832 0.131318 0.0948426 0.31204 0.246548 0.0807574
threshold=0.47812499105930334 0.16153990477323535 11.793750286102297 259.59500122070318 -9.6650195121765119 3.4562500715255742 6.2436931133270273 -6.2650797367095938 -0.53369507193565358 2.1094824075698857 274.69999694824224 0.30335050821304327 1.4906249642372134
decision_type=2 2 2 2 2 2 2 2 2 2 2 2 2
left_child=4 3 -3 -2 5 6 -1 -6 -9 10 -10 -11 -7
right_child=1 2 -4 -5 7 12 -8 8 9 11 -12 -13 -14
leaf_value=0.004338400299484191 0.0041477084991545917 0.0016021642665961912 -0.0027296932667758636 0.0006149367550500977 -0.002868573884280432 0.0003390597100628333 0.00064884395282142936 0.0020109100632689984 -0.0031492513085858804 0.0033499573416515133 0.0015402290075576073 -4.8537740451021609e-05 -0.0023161712519608304
leaf_weight=398 509 321 313 443 333 324 431 449 519 309 337 59027 336
leaf_count=398 509 321 313 443 333 324 431 449 519 309 337 59027 336
internal_value=5.99255e-06 0.00128846 -0.000536434 0.00250378 -2.65707e-05 0.000898561 0.00242019 -4.91626e-05 -3.36803e-05 -4.89318e-05 -0.00130304 -3.08396e-05 -0.00101269
internal_weight=64049 1586 634 952 62463 1489 829 60974 60641 60192 856 59336 660
internal_count=64049 1586 634 952 62463 1489 829 60974 60641 60192 856 59336 660
is_linear=0
shrinkage=0.12


Tree=86
num_leaves=19
num_cat=0
split_feature=19 41 58 53 53 53 19 55 0 59 72 1 72 13 41 80 89 59
split_gain=0.143843 0.191993 0.168607 0.099353 0.111456 0.20698 0.275937 0.280336 0.22085 0.361199 0.188579 0.28351 0.190813 0.313111 0.205468 0.17362 0.159622 0.157613
threshold=0.47812499105930334 0.17696686834096911 -1.2122145891189573 3.1000000238418584 2.3156249523162846 2.2843749523162846 0.28385417163372045 0.079867165535688414 31.899200439453129 -0.37174139916896815 3.9781249761581425 11.274000167846681 10.203125000000002 2.3468999862670903 0.04049446992576123 1.0000000180025095e-35 0.37500000000000006 3.0748336315155034
decision_type=2 2 2 2 2 2 2 2 2 2 2 2 2 2 2 2 2 2
left_child=3 2 -2 4 5 8 7 -7 15 -10 11 16 13 -12 -14 -1 -6 -8
right_child=1 -3 -4 -5 10 6 17 -9 9 -11 12 -13 14 -15 -16 -17 -18 -19
leaf_value=-0.00037696491126027474 0.0037758614277882477 -0.00065326595456696984 0.00068935654496997661 0.0017943816512320894 -0.0017243243416512422 -0.00053837142695032942 -0.0019260306512218213 0.0025917741930108983 0.0040629715857706458 0.00021065685562384278 -0.0045578861666759818 0.0043661838767744196 -0.0021816596481967028 -0.00069389183980964368 3.9594858368295754e-06 0.0016501129048591607 0.0015677115964415407 0.0011667099521676363
leaf_weight=17021 472 560 554 430 380 556 575 1591 357 19197 318 306 649 5997 13571 631 480 404
leaf_count=17021 472 560 554 430 380 556 575 1591 357 19197 318 306 649 5997 13571 631 480 404
internal_value=5.27345e-06 0.00113385 0.00210927 -2.33822e-05 -3.59826e-05 8.20049e-05 0.00101985 0.00178117 3.20814e-06 0.000280989 -0.000255266 0.00122925 -0.000339559 -0.000888468 -9.5792e-05 -0.000304504 0.000113091 -0.000649762
internal_weight=64049 1586 1026 62463 62033 40332 3126 2147 37206 19554 21701 1166 20535 6315 14220 17652 860 979
internal_count=64049 1586 1026 62463 62033 40332 3126 2147 37206 19554 21701 1166 20535 6315 14220 17652 860 979
is_linear=0
shrinkage=0.12


Tree=87
num_leaves=18
num_cat=0
split_feature=19 41 54 41 63 63 28 30 19 48 24 87 19 58 41 0 76
split_gain=0.113025 0.177836 0.136155 0.152476 0.086836 0.152415 0.144935 0.103523 0.0994038 0.237321 0.15548 0.14006 0.103363 0.225078 0.103332 0.079857 0.122693
threshold=0.47187499701976782 0.28933039307594305 -0.065373990684747682 0.10394643619656564 19999989.000000004 19999979.000000004 71.000068664550795 3.5000000000000004 0.33437500894069677 1.0000000180025095e-35 13.151449203491213 1.0000000180025095e-35 0.30729167163372045 -2.2400578260421748 0.5071714222431184 45.157400131225593 0.28607244789600378
decision_type=2 2 2 2 2 2 2 2 2 2 2 2 2 2 2 2 2
left_child=4 2 3 -2 5 8 -6 -8 12 11 -11 -10 14 -14 -1 16 -4
right_child=1 -3 15 -5 6 -7 7 -9 9 10 -12 -13 13 -15 -16 -17 -18
leaf_value=1.6748728006205207e-06 0.0045921100981395277 -0.0016641059485356842 -0.00044415548594449374 0.00087002200913314479 0.0025050130223149341 -0.0027091636694892155 -0.0013142664218124349 0.0013233838678782387 -0.0041071932033016206 -0.00046475383301114345 0.0015952844811865578 -0.00082443263501951803 -0.00068963568842776745 0.0013331168321728964 -0.001040795898719373 -0.00064505482594850419 0.0027378933710287541
leaf_weight=49705 320 339 306 314 517 308 443 415 383 4218 603 366 1201 2327 1408 470 406
leaf_count=49705 320 339 306 314 517 308 443 415 383 4218 603 366 1201 2327 1408 470 406
internal_value=4.64064e-06 0.000858946 0.00132993 0.00274868 -2.51042e-05 -4.65288e-05 0.000917873 -3.84799e-05 -3.29085e-05 -0.00051583 -0.000207089 -0.00250307 1.63196e-05 0.000644532 -2.70419e-05 0.000568949 0.00137033
internal_weight=64049 2155 1816 634 61894 60519 1375 858 60211 5570 4821 749 54641 3528 51113 1182 712
internal_count=64049 2155 1816 634 61894 60519 1375 858 60211 5570 4821 749 54641 3528 51113 1182 712
is_linear=0
shrinkage=0.12


Tree=88
num_leaves=43
num_cat=0
split_feature=61 61 61 81 2 58 28 22 78 53 57 5 63 72 41 61 53 33 50 81 63 8 0 45 19 6 55 33 23 66 82 63 2 53 61 33 62 54 65 41 81 33
split_gain=0.0898848 0.408547 0.404506 0.389999 0.432674 0.263661 0.274277 0.314999 0.244896 0.255938 0.232754 0.229297 0.262199 0.225827 0.250649 0.217459 0.302218 0.208534 0.224294 0.206154 0.195595 0.195193 0.257319 0.244228 0.184777 0.175945 0.159398 0.332941 0.167433 0.159186 0.155724 0.181928 0.241911 0.150045 0.247647 0.194657 0.342133 0.190788 0.181479 0.144386 0.113742 0.0604799
threshold=3.3406250476837163 5.1468751430511483 2.4468749761581425 1.244592070579529 254.09500122070315 -0.03840182535350322 78.991416931152358 2.6941750049591069 1.3201943635940554 2.5718749761581425 2.7343750000000004 1.5422499775886538 13.259950160980226 23.081250190734867 0.097983423620462431 6.0593750476837167 2.0343749523162846 0.20830615609884265 0.14233871549367907 0.20687685161828998 19999945.000000004 12.02793073654175 34.558200836181648 0.75937500596046459 0.25885416567325598 8.3914999961853045 0.23376258462667468 0.25419941544532781 3.4109667539596562 11.501041889190676 1.0000000180025095e-35 14.197663307189943 261.34500122070318 2.2406250238418584 1.8968749642372134 0.19968491792678836 -4.9243206977844229 0.039664760231971748 12.500000000000002 0.11855931952595712 0.33814731240272528 0.44673591852188116
decision_type=2 2 2 2 2 2 2 2 2 2 2 2 2 2 2 2 2 2 2 2 2 2 2 2 2 2 2 2 2 2 2 2 2 2 2 2 2 2 2 2 2 2
left_child=2 10 21 8 -5 15 7 19 9 -4 30 40 -13 17 -15 16 -3 -12 -19 -7 -18 33 25 -24 -16 -23 28 -28 -17 -8 31 32 -2 34 38 36 -35 -37 -1 -9 -10 -31
right_child=1 5 3 4 -6 6 29 39 11 -11 13 12 -14 14 24 26 20 18 -20 -21 -22 22 23 -25 -26 -27 27 -29 -30 41 -32 -33 -34 35 -36 37 -38 -39 -40 -41 -42 -43
leaf_value=-0.00017680786911600696 -0.0066217474194196014 0.0043975226774454774 0.004617406441718915 0.0060418876103880718 0.00096014597489644431 -0.0016622902671616221 0.002839846827657404 0.0019676734383977496 -0.00023527108971768665 0.00010436795230856185 0.0022405559989701496 -0.0044630785451831778 9.7026064950178417e-05 -0.0044396779778124998 0.0015592866762663045 -0.001021012033011645 -0.00013334588357357633 -0.0031937957932284262 2.5397809851752907e-06 -0.0051457415352895433 0.0028190120183678928 -0.0014686212587635963 -0.00099767933264289285 -0.004995656827708651 -0.0021753143034781001 0.002473933113559465 0.003322405794979443 8.7316387300588805e-05 0.00018526815629343614 -0.0017004922507854643 -0.00016177008097796575 -0.0008885390169575798 -0.0020714908046091892 0.0027442426332469775 -0.0031457673351580617 0.00060847981659300165 -0.0014693625944563415 -0.00036162951889588565 0.0005512247226414739 -0.0015761497671719861 0.0028338708305561131 0.00066935009830609556
leaf_weight=7483 338 407 356 468 498 520 314 311 378 368 473 317 425 408 302 2177 1109 379 1906 462 456 325 545 369 518 327 647 1569 6936 300 312 322 335 307 304 4530 2887 8210 14454 354 322 321
leaf_count=7483 338 407 356 468 498 520 314 311 378 368 473 317 425 408 302 2177 1109 379 1906 462 456 325 545 369 518 327 647 1569 6936 300 312 322 335 307 304 4530 2887 8210 14454 354 322 321
internal_value=4.08376e-06 -0.000198189 0.000103991 0.00141698 0.00342211 0.000106085 -0.00100361 -0.00193548 0.000522723 0.00232349 -0.00111124 -0.000381405 -0.00185116 -0.000655575 -0.0020092 0.000321499 0.00148447 -5.28734e-05 -0.000527618 -0.00330114 0.000726894 5.14459e-07 -0.00131255 -0.00261174 -0.000799888 0.000508703 0.000119064 0.00103186 -0.0001029 0.000637888 -0.0025009 -0.00323438 -0.00435676 5.43786e-05 0.000255745 -0.000226693 -0.00106436 -1.66848e-05 0.000302883 8.11871e-05 0.00117653 -0.000475501
internal_weight=64049 21176 42873 3132 966 15883 2582 1647 2166 724 5293 1442 742 3986 1228 13301 1972 2758 2285 982 1565 39741 1566 914 820 652 11329 2216 9113 935 1307 995 673 38175 22241 15934 3194 12740 21937 665 700 621
internal_count=64049 21176 42873 3132 966 15883 2582 1647 2166 724 5293 1442 742 3986 1228 13301 1972 2758 2285 982 1565 39741 1566 914 820 652 11329 2216 9113 935 1307 995 673 38175 22241 15934 3194 12740 21937 665 700 621
is_linear=0
shrinkage=0.12


Tree=89
num_leaves=14
num_cat=0
split_feature=2 0 66 29 47 34 58 19 1 1 80 61 58
split_gain=0.0953952 0.265127 0.668836 0.232371 0.16381 0.128552 0.100275 0.0822509 0.183488 0.16569 0.0759689 0.171849 0.122039
threshold=112.12500000000001 31.899200439453129 10.902082920074465 -59.238550186157219 0.1557809188961983 1.3163285851478579 10.160957336425783 0.47187499701976782 6.1767001152038583 13.784399986267092 1.0000000180025095e-35 2.8906250000000004 1.3808410167694094
decision_type=2 2 2 2 2 2 2 2 2 2 2 2 2
left_child=1 3 4 -1 -3 6 7 10 -9 -10 12 -12 -2
right_child=5 2 -4 -5 -6 -7 -8 8 9 -11 11 -13 -14
leaf_value=-0.0022801665487894598 -2.6989466711170319e-05 0.001998762482131539 0.0067196241974265694 0.0017980574424170362 -0.0018750618829191617 -0.002173723713634858 -0.0018400119598530966 0.0034529240494563739 -0.000652684238524814 0.0017557293634807938 0.002315833176120385 -0.00016255471934675106 -0.0018444938868721272
leaf_weight=513 57130 301 319 331 329 397 427 308 1068 669 644 1076 537
leaf_count=513 57130 301 319 331 329 397 427 308 1068 669 644 1076 537
internal_value=3.59371e-06 0.00086655 0.00224267 -0.000680768 -2.42347e-05 -2.12598e-05 -7.44568e-06 5.29208e-06 0.000753553 0.000274909 -2.04744e-05 0.0007654 -4.39142e-05
internal_weight=64049 1793 949 844 630 62256 61859 61432 2045 1737 59387 1720 57667
internal_count=64049 1793 949 844 630 62256 61859 61432 2045 1737 59387 1720 57667
is_linear=0
shrinkage=0.12


Tree=90
num_leaves=32
num_cat=0
split_feature=78 2 75 75 61 22 89 12 75 78 51 0 2 50 78 72 49 53 19 1 54 12 1 5 72 70 15 89 87 29 55
split_gain=0.12866 0.323311 0.1209 0.120508 0.275866 0.489594 0.434174 0.469318 0.199278 0.192245 0.216529 0.23416 0.299133 0.198647 0.168927 0.298124 0.217092 0.148977 0.215805 0.148434 0.327763 0.314023 0.133875 0.117914 0.688699 0.165172 0.112376 0.106818 0.0908711 0.121277 0.0848189
threshold=19999985.000000004 186.56000518798831 10.500000000000002 5.5000000000000009 8.9843750000000018 1.4195874929428103 1.0000000180025095e-35 2.2125500440597539 6.5000000000000009 0.14590385556221011 0.059860063716769225 31.303349494934086 201.51499938964847 0.23638872802257541 -4.4009878635406485 22.81875038146973 1.5093750357627871 2.3781249523162846 0.27057291567325598 19.438949584960941 -0.041863538324832909 2.6461499929428105 13.294849872589113 3.3412499427795415 4.3343751430511483 25.500000000000004 7.4079439640045175 0.62500000000000011 0.37500000000000006 108.97341918945314 0.17027189582586291
decision_type=2 2 2 2 2 2 2 2 2 2 2 2 2 2 2 2 2 2 2 2 2 2 2 2 2 2 2 2 2 2 2
left_child=3 -2 28 9 6 -6 7 22 -9 10 17 13 -13 -12 15 -8 -16 18 -1 23 27 -22 -5 25 -25 -11 -7 -21 29 -3 -28
right_child=1 2 -4 4 5 26 14 8 -10 19 11 12 -14 -15 16 -17 -18 -19 -20 20 21 -23 -24 24 -26 -27 30 -29 -30 -31 -32
leaf_value=-0.0051171645791499914 0.0045808468184131137 0.0034481822341763516 -0.0018715460879104627 -0.0060529153345251739 0.0058706196048998287 0.0022613840200242882 0.0027486679522357488 0.0021633835808024743 -0.0011001265727303771 0.00035327391176461349 -0.0016427127617915666 0.0020854904526862706 -0.00038483057098132669 -5.2942998380422865e-05 0.0010080242915309328 -0.00047790566828916781 -0.00057324100928254061 -0.00023684342637912218 -0.0012241563102548211 -0.0044445582751576054 0.0033693494917760186 -0.00085975037566956094 -0.0025055899298212559 0.0022259950068053099 -0.0019505527186589391 -0.00014986867849753064 0.00079191832649979233 -0.0015586774487855116 -0.00065711808599700557 0.00036803897891713892 -0.0016762001610911641
leaf_weight=381 301 303 303 301 332 452 1099 360 1071 18683 2547 1030 2243 2037 2363 660 2655 416 444 376 324 1151 312 807 1924 18900 578 363 397 469 307
leaf_count=381 301 303 303 301 332 452 1099 360 1071 18683 2547 1030 2243 2037 2363 660 2655 416 444 376 324 1151 312 807 1924 18900 578 363 397 469 307
internal_value=-1.06026e-05 0.000997344 0.000264576 -3.93728e-05 0.000331422 0.00174615 6.3744e-05 -0.00146922 -0.000279118 -0.000114715 -0.000615371 -0.00038271 0.00039257 -0.000936264 0.000526099 0.00153801 0.000171384 -0.00208839 -0.00302202 -7.61015e-06 -0.000964254 6.9218e-05 -0.00424743 4.49276e-05 -0.000716399 0.00010025 0.000721975 -0.003027 0.000818249 0.00157696 -6.42538e-05
internal_weight=63889 1773 1472 62116 10490 1669 8821 2044 1431 51626 9098 7857 3273 4584 6777 1759 5018 1241 825 42528 2214 1475 613 40314 2731 37583 1337 739 1169 772 885
internal_count=63889 1773 1472 62116 10490 1669 8821 2044 1431 51626 9098 7857 3273 4584 6777 1759 5018 1241 825 42528 2214 1475 613 40314 2731 37583 1337 739 1169 772 885
is_linear=0
shrinkage=0.12


Tree=91
num_leaves=12
num_cat=0
split_feature=63 28 63 53 41 66 47 22 28 22 53
split_gain=0.10326 0.151228 0.0915894 0.100057 0.0813113 0.0971587 0.114562 0.0886505 0.367203 0.306476 0.0657637
threshold=19999989.000000004 71.000068664550795 19999979.000000004 3.1000000238418584 0.029498630203306678 7.6906249523162851 0.12170129269361497 0.99930000305175792 37.190511703491218 1.0484041571617129 2.3718750476837163
decision_type=2 2 2 2 2 2 2 2 2 2 2
left_child=2 -2 3 4 5 -1 -7 8 -6 -9 -3
right_child=1 10 -4 -5 7 6 -8 9 -10 -11 -12
leaf_value=-0.00049827650037965153 0.0025439613688742588 -0.0011115350049374991 -0.0020082391764247275 0.0018821380603802464 -0.0034085778189200775 0.0036198450727960795 0.00036209814081538451 0.0030293341125680229 -0.00017925131517957979 -3.1981455812823545e-05 0.00098599817850264157
leaf_weight=369 557 403 336 395 565 305 317 475 4943 54762 462
leaf_count=369 557 403 336 395 565 305 317 475 4943 54762 462
internal_value=-9.33027e-06 0.00100181 -3.23478e-05 -2.16623e-05 -3.38432e-05 0.00104437 0.00195955 -5.14334e-05 -0.000510509 -5.65626e-06 8.76596e-06
internal_weight=63889 1422 62467 62131 61736 991 622 60745 5508 55237 865
internal_count=63889 1422 62467 62131 61736 991 622 60745 5508 55237 865
is_linear=0
shrinkage=0.12


Tree=92
num_leaves=21
num_cat=0
split_feature=78 2 59 54 78 2 87 47 75 88 58 1 0 59 34 75 87 29 54 75
split_gain=0.0857419 0.253039 0.100615 0.227961 0.102746 0.303057 0.323274 0.354641 0.124473 0.350393 0.366386 0.316127 0.188121 0.185199 0.181614 0.0968552 0.0694216 0.0958656 0.0440854 0.0450671
threshold=19999985.000000004 186.56000518798831 19999979.000000004 0.039664760231971748 19999971.000000004 265.76499938964849 0.37500000000000006 0.10305343195796014 7.5000000000000009 1.0000000180025095e-35 0.57754147052764904 14.137949943542482 24.711549758911136 19999969.000000004 1.0004000067710879 10.500000000000002 0.37500000000000006 108.97341918945314 0.19938308745622638 3.5000000000000004
decision_type=2 2 2 2 2 2 2 2 2 2 2 2 2 2 2 2 2 2 2 2
left_child=2 -2 4 -4 8 6 7 -6 12 10 -10 -11 14 -14 -1 16 17 -3 -7 -20
right_child=1 15 3 -5 5 18 -8 -9 9 11 -12 -13 13 -15 -16 -17 -18 -19 19 -21
leaf_value=-0.00015318290849016181 0.0039848591572917581 0.0029887500719748216 -0.003896994003049669 0.00041981096450720485 0.00074493824052771363 0.00041058411469505686 -0.00050573947995447271 0.0062687179156756942 -0.00045422770236377519 0.0032654544677009332 0.0038767431108700876 -0.00019978752794423004 6.2519719339695668e-05 -0.002805376114780852 -0.0010301520487969254 -0.0017455801920458734 -0.00062761026361437568 0.00025024562905073908 -0.00010136709738856696 -0.0020526111082230293
leaf_weight=9609 301 303 310 408 301 382 394 377 3616 1021 305 603 38508 327 5263 303 397 469 304 388
leaf_count=9609 301 303 310 408 301 382 394 377 3616 1021 305 603 38508 327 5263 303 397 469 304 388
internal_value=-8.21063e-06 0.000814623 -3.16971e-05 -0.00144399 -1.51815e-05 0.000800506 0.00222787 0.00381642 -4.47242e-05 0.000496569 -0.000117338 0.00197879 -0.00010061 3.83713e-05 -0.00046353 0.000166362 0.000661929 0.00132507 -0.000624195 -0.00119542
internal_weight=63889 1773 62116 718 61398 2146 1072 678 59252 5545 3921 1624 53707 38835 14872 1472 1169 772 1074 692
internal_count=63889 1773 62116 718 61398 2146 1072 678 59252 5545 3921 1624 53707 38835 14872 1472 1169 772 1074 692
is_linear=0
shrinkage=0.12


Tree=93
num_leaves=23
num_cat=0
split_feature=63 65 58 73 66 89 12 78 47 31 81 66 87 76 55 5 54 50 5 68 89 66
split_gain=0.073825 0.130374 0.12445 0.0750958 0.996693 0.72742 0.218375 0.626346 0.604332 0.575603 0.338036 0.183338 0.485595 0.293172 0.225829 0.190569 0.181798 0.170831 0.162956 0.36942 1.10194 0.411632
threshold=19999989.000000004 38.500000000000007 -6.7166154384613028 391.26876831054693 3.7156250476837163 0.37500000000000006 0.92629998922348034 5.5047144889831552 0.14285989105701449 0.51562500000000011 0.4850649386644364 5.2031250000000009 1.0000000180025095e-35 0.67040735483169567 0.043652648106217391 2.1391500234603886 -0.0099766980856657011 0.063775006681680693 3.6254500150680546 1.0000000180025095e-35 0.37500000000000006 3.2281249761581425
decision_type=2 2 2 2 2 2 2 2 2 2 2 2 2 2 2 2 2 2 2 2 2 2
left_child=3 -2 -3 4 18 -6 7 9 -9 -5 -11 12 13 -8 15 -13 -14 -16 19 21 -21 -1
right_child=1 2 -4 6 5 -7 11 8 -10 10 -12 14 16 -15 17 -17 -18 -19 -20 20 -22 -23
leaf_value=-1.4303399382164383e-05 0.002917492373029826 0.0013687968309454655 -0.0012126876272849749 -0.003993866635437833 -0.00026415370395850568 0.0070701753754059179 -0.0049263480740100686 -0.00093542446337279773 -0.0069374044276577168 0.0038220110993165894 -0.00032141486777295241 -0.00042731321349972584 0.0027241511089920512 -0.001358060979445064 0.00060754033676706362 -0.002688577443333381 -0.00016188323124764664 -1.3108020786726319e-05 0.0023719381909796402 -0.0057249022481446615 0.00072866975823714726 0.0043828018840631556
leaf_weight=7308 335 599 488 335 315 510 442 558 426 545 591 2058 441 1327 7776 726 1094 35729 376 633 957 320
leaf_count=7308 335 599 488 335 315 510 442 558 426 545 591 2058 441 1327 7776 726 1094 35729 376 633 957 320
internal_value=-7.22536e-06 0.000847734 0.00020986 -2.66877e-05 0.000267384 0.0042698 -8.55551e-05 -0.00119031 -0.00353384 0.000377359 0.00166641 -3.08665e-05 -0.000894474 -0.00224963 3.07758e-05 -0.001017 0.000667264 9.78255e-05 -7.67886e-05 -0.000176672 -0.00184058 0.000170158
internal_weight=63889 1422 1087 62467 10419 825 52048 2455 984 1471 1136 49593 3304 1769 46289 2784 1535 43505 9594 9218 1590 7628
internal_count=63889 1422 1087 62467 10419 825 52048 2455 984 1471 1136 49593 3304 1769 46289 2784 1535 43505 9594 9218 1590 7628
is_linear=0
shrinkage=0.12


Tree=94
num_leaves=23
num_cat=0
split_feature=19 75 29 86 50 66 29 75 19 81 54 28 81 76 22 29 22 51 14 0 22 41
split_gain=0.0738592 0.0739099 0.223436 0.214554 0.253381 0.222537 0.2632 0.217748 0.196208 0.130914 0.337046 0.640699 0.335341 0.228542 0.329725 0.176021 0.283065 0.156378 0.145647 0.553931 0.157471 0.134807
threshold=0.025000000372529033 5.5000000000000009 -59.238550186157219 1.0000000180025095e-35 -0.04033511504530906 11.619791507720949 92.592792510986342 6.5000000000000009 0.24010416120290759 0.26954312622547155 -0.22042333334684369 91.900520324707045 0.21720560640096667 0.44008511304855352 1.5603666901588442 4.8480303287506112 3.2881749868392949 0.26314964890480047 -0.27489998936653132 59.043600082397468 2.7356332540512089 0.10103155300021173
decision_type=2 2 2 2 2 2 2 2 2 2 2 2 2 2 2 2 2 2 2 2 2 2
left_child=-1 9 -3 4 -4 8 -7 -6 -5 12 11 21 18 17 -15 -14 -17 -12 19 -2 -20 -11
right_child=1 2 3 5 7 6 -8 -9 -10 10 13 -13 15 14 -16 16 -18 -19 20 -21 -22 -23
leaf_value=0.0015797276075630049 -0.0001851957780322151 0.0027646228598545504 -0.0032954289926173785 -0.0020110408875443592 0.00099722757263170664 0.0055279577814778963 0.0011279981379255851 -0.00041411577201353979 0.00098399903324241159 -0.006448013408069826 -0.0010198625403664921 0.0015557488998444366 0.0040878895858226169 0.0015356480809912377 -0.00018745782073590641 -0.00012488679099619069 0.0039261920723474659 0.0005593956353569209 0.00030063781820588523 -0.0055065879320300593 -0.00025004671064822356 -0.0029691748304616883
leaf_weight=420 1995 491 355 403 2190 301 560 5598 1442 329 5558 363 365 1970 8495 838 353 1078 16400 328 13744 313
leaf_count=420 1995 491 355 403 2190 301 560 5598 1442 329 5558 363 365 1970 8495 838 353 1078 16400 328 13744 313
internal_value=-6.35831e-06 -1.68541e-05 0.000260788 0.00014747 -0.000160158 0.0010732 0.0026662 -1.72434e-05 0.000329798 -7.72515e-05 -0.000337933 -0.00247364 6.14749e-05 -0.00021242 0.000136911 0.00178237 0.00107581 -0.000763316 -2.1e-05 -0.000936559 4.95561e-05 -0.00475194
internal_weight=63889 63469 11340 10849 8143 2706 861 7788 1845 52129 18106 1005 34023 17101 10465 1556 1191 6636 32467 2323 30144 642
internal_count=63889 63469 11340 10849 8143 2706 861 7788 1845 52129 18106 1005 34023 17101 10465 1556 1191 6636 32467 2323 30144 642
is_linear=0
shrinkage=0.12


Tree=95
num_leaves=31
num_cat=0
split_feature=71 53 50 78 61 61 6 53 47 16 55 0 34 51 76 55 54 71 59 28 73 55 49 68 50 0 29 0 71 28
split_gain=0.0854138 0.2486 0.467885 0.305261 0.214433 0.287905 0.216814 0.201302 0.198046 0.181298 0.24443 0.183396 0.1701 0.280033 0.353571 0.503614 0.224035 0.439451 0.362837 0.15684 0.199728 0.26922 0.204726 0.155093 0.312862 0.164544 0.124375 0.908982 0.125477 0.0839425
threshold=51.500000000000007 1.8406249880790713 0.12580446153879168 13.593667507171633 3.2468750476837163 2.8531249761581425 1.6523000001907351 2.2843749523162846 0.13632382452487948 3.8421980142593388 0.22267834097146991 26.558650016784672 1.2591714262962344 0.2978156059980393 0.48315148055553442 0.20650136470794681 -0.061589958146214478 144.50000000000003 3.0238032341003422 106.65378189086915 729.36431884765636 0.10149080306291582 1.8031249642372134 2.5000000000000004 0.13897006958723071 59.043600082397468 7.2100963592529306 29.89795017242432 122.50000000000001 79.606136322021499
decision_type=2 2 2 2 2 2 2 2 2 2 2 2 2 2 2 2 2 2 2 2 2 2 2 2 2 2 2 2 2 2
left_child=4 2 -2 8 5 19 29 -7 -4 -8 11 -11 16 14 15 -14 17 18 -3 23 22 -22 -21 25 -25 -1 27 -18 -28 -6
right_child=1 12 3 -5 6 7 9 -9 -10 10 -12 -13 13 -15 -16 -17 26 -19 -20 20 21 -23 -24 24 -26 -27 28 -29 -30 -31
leaf_value=-0.00020785730567523018 0.0052635306361732692 0.0018732418655903731 -0.002979889599864843 0.0032165638166505202 -0.00040661395588220483 0.0046686392185976726 0.00092609297983004555 0.00071085952749470047 0.00076679168162324153 -0.00061999888615348715 -0.0048767066405862418 -0.0034588560068058174 -0.0028556140473556218 -0.004150723802196608 0.0024135636969490923 0.0024126633169217204 0.0021078719517092044 0.0048501059723397091 -0.00031575982773573991 -0.0007560632070191069 0.00026857267850741314 -0.0031285465383065329 0.0025249952753074465 -0.003317821866013241 0.0010960255360648826 0.00040161234517150745 0.0001951382076745564 -0.0058774753104987006 -0.00050610351643578318 0.0019756641779317399
leaf_weight=15647 381 1797 359 389 573 300 321 483 468 1077 381 471 946 337 478 361 458 369 2773 1115 520 949 363 566 391 10769 15389 372 4827 339
leaf_count=15647 381 1797 359 389 573 300 321 483 468 1077 381 471 946 337 478 361 458 369 2773 1115 520 949 363 566 391 10769 15389 372 4827 339
internal_value=-1.12542e-05 0.000137675 0.00159407 0.000444343 -0.000140359 -4.46437e-05 -0.00108186 0.00222725 -0.000859639 -0.00171449 -0.00215391 -0.00148376 5.49243e-05 -0.00097811 -0.000379135 -0.00140049 0.000139284 0.000866633 0.000544992 -0.000103314 -0.00093511 -0.00192603 4.97719e-05 -1.37625e-05 -0.00151446 4.06049e-05 -3.14072e-05 -0.0014711 2.77018e-05 0.000478904
internal_weight=63969 29704 1597 1216 34265 31103 3162 783 827 2250 1929 1548 28107 2122 1785 1307 25985 4939 4570 30320 2947 1469 1478 27373 957 26416 21046 830 20216 912
internal_count=63969 29704 1597 1216 34265 31103 3162 783 827 2250 1929 1548 28107 2122 1785 1307 25985 4939 4570 30320 2947 1469 1478 27373 957 26416 21046 830 20216 912
is_linear=0
shrinkage=0.12


Tree=96
num_leaves=31
num_cat=0
split_feature=50 50 58 63 12 88 50 34 10 7 85 0 47 0 63 75 55 71 49 81 22 7 29 32 20 58 55 65 15 51
split_gain=0.0708801 0.0891016 0.125196 0.154856 0.163152 0.10453 0.0982856 0.0922838 0.134779 0.494411 0.369131 0.498908 0.348116 0.255684 0.0939 0.0932007 0.0960952 0.093989 0.0709047 0.0671359 0.0457147 0.0407136 0.0504498 0.0852526 0.0382216 0.0371296 0.0353381 0.0269142 0.0226273 0.0169802
threshold=0.43753264844417578 0.39654646813869482 -1.2122145891189573 4.8843231201171884 3.4068499803543095 1.0000000180025095e-35 0.41225692629814154 0.69707143306732189 2.5000000000000004 8.9132499694824237 1.0000000180025095e-35 56.359949111938484 0.2062429487705231 79.743148803710952 16.222431182861332 2.5000000000000004 0.14004965126514438 46.500000000000007 1.4593749642372134 2.9280697107315068 2.8001667261123662 6.0816500186920175 203.93672943115237 96.818271636962905 26.356085777282718 -2.2400578260421748 0.1767518296837807 24.500000000000004 6.0546770095825204 0.14095921069383624
decision_type=2 2 2 2 2 2 2 2 2 2 2 2 2 2 2 2 2 2 2 2 2 2 2 2 2 2 2 2 2 2
left_child=1 7 3 4 -3 18 -5 14 10 12 13 -12 -10 -9 15 17 -17 -1 27 20 -2 22 23 -22 -16 -23 -27 -4 -24 -21
right_child=19 2 5 6 -6 -7 -8 8 9 -11 11 -13 -14 -15 24 16 -18 -19 -20 29 21 25 28 -25 -26 26 -28 -29 -30 -31
leaf_value=-0.0001854511538164616 -0.0016878899678126108 0.00077145959493668786 -0.00046448422798212567 0.0016801062581935919 0.0041907083712754371 0.0013506701843313581 -0.00090714633210278034 1.3710251858068168e-05 0.00098619126202406106 -0.0043290535128147492 -0.00074167325660898394 -0.005469203163331487 -0.00073947171328817658 0.0035144777531910796 -0.00084223385075561316 -0.00028976987617257199 0.0015291512576115929 -0.0016698595719574728 0.00049502202857261044 -0.0021553845593063792 0.0019475702009966341 -0.0014640829202563072 0.00082412578580739419 -0.00065906383019456814 -0.0024847905655256265 0.00021063858276331129 -0.0012700066865406049 -0.0018787461723648799 -0.0002550031497797072 -0.00095253493276676877
leaf_weight=1748 302 382 318 383 424 537 472 35389 7412 303 2028 382 2178 303 408 1079 683 947 495 309 452 577 304 301 408 718 343 496 3515 373
leaf_count=1748 302 382 318 383 424 537 472 35389 7412 303 2028 382 2178 303 408 1079 683 947 495 309 452 577 304 301 408 718 343 496 3515 373
internal_value=-9.90369e-06 3.50603e-05 0.000620943 0.0013768 0.00257017 -5.91648e-05 0.000251822 -3.51235e-06 4.88406e-05 0.000443483 -5.36263e-05 -0.00149102 0.000594273 4.34293e-05 -0.000480031 -0.000263356 0.000415294 -0.00070706 -0.000637531 -0.00036476 -0.000246126 -0.000176011 7.90063e-06 0.000905609 -0.00166351 -0.000689347 -0.000268024 -0.00132625 -0.000169102 -0.00149752
internal_weight=63969 56775 3507 1661 806 1846 855 53268 47995 9893 38102 2410 9590 35692 5273 4457 1762 2695 1309 7194 6512 6210 4572 753 816 1638 1061 814 3819 682
internal_count=63969 56775 3507 1661 806 1846 855 53268 47995 9893 38102 2410 9590 35692 5273 4457 1762 2695 1309 7194 6512 6210 4572 753 816 1638 1061 814 3819 682
is_linear=0
shrinkage=0.12


Tree=97
num_leaves=28
num_cat=0
split_feature=71 53 50 78 51 71 34 69 71 66 68 50 72 61 57 34 53 19 55 34 53 51 55 57 2 34 12
split_gain=0.0765944 0.193463 0.359303 0.23851 0.168344 0.164416 0.276895 0.204486 0.196182 0.256587 0.181197 0.329401 0.249461 0.139588 0.155353 0.133279 0.257532 0.557794 0.276581 0.18192 0.287568 0.13413 0.308682 0.160058 0.113739 0.0882179 0.0323825
threshold=51.500000000000007 1.8406249880790713 0.12580446153879168 13.593667507171633 0.15360913425683978 46.500000000000007 1.1385428309440615 13.500000000000002 45.500000000000007 11.501041889190676 2.5000000000000004 0.076788607984781279 9.7031250000000018 3.6656249761581425 1.1656250357627871 1.2591714262962344 2.0406249761581425 0.30364583432674414 0.095182731747627272 1.2226999998092654 2.2781250476837163 0.19552778452634814 0.23376258462667468 3.1531250476837163 258.05999755859381 0.8360143005847932 3.7815500497817998
decision_type=2 2 2 2 2 2 2 2 2 2 2 2 2 2 2 2 2 2 2 2 2 2 2 2 2 2 2
left_child=5 2 -2 4 -4 8 7 13 9 10 12 -12 -1 14 -7 19 -17 18 -18 21 -21 23 -23 -3 -11 26 -9
right_child=1 15 3 -5 -6 6 -8 25 -10 24 11 -13 -14 -15 -16 16 17 -19 -20 20 -22 22 -24 -25 -26 -27 -28
leaf_value=-0.00012457073736725046 0.0046327045123738149 0.00040302882248572893 0.00059985241185017907 0.0028600207873641639 -0.0029258268340269017 -0.00031919360493623609 -0.0040738963226086781 -0.00017749112659302336 0.0022955013359215043 -0.0039900223717226511 -0.0042040890417559696 0.0005633300893312926 0.00091457675259669715 -0.0015990972385385674 0.0029449957209603589 -0.0039979690275604614 -0.0037713745996121647 0.0040634293698301339 -0.00020807454373631903 0.0041165891333430783 -0.00064105154852980037 0.00015289564993327141 0.0022290068660464134 -0.00034660299247701306 -0.0010661740205589929 -0.0035512194480161446 -0.0019218527258878263
leaf_weight=25851 381 6219 512 389 315 414 376 307 502 315 411 424 3818 323 426 319 456 342 1005 409 331 5722 1258 12046 489 303 306
leaf_count=25851 381 6219 512 389 315 414 376 307 502 315 411 424 3818 323 426 319 456 342 1005 409 331 5722 1258 12046 489 303 306
internal_value=-8.71524e-06 0.000132315 0.00141709 0.00040957 -0.00074306 -0.000130973 -0.00107718 -0.000535201 -5.7948e-05 -9.56838e-05 -3.99112e-05 -0.00178327 9.15352e-06 0.000520992 0.00133622 5.93159e-05 -0.000855099 -0.00029904 -0.00132023 0.000133989 0.00198851 7.96283e-05 0.000527072 -9.13629e-05 -0.00221171 -0.0018762 -0.00104825
internal_weight=63969 29704 1597 1216 827 34265 2455 2079 31810 31308 30504 835 29669 1163 840 28107 2122 1803 1461 25985 740 25245 6980 18265 804 916 613
internal_count=63969 29704 1597 1216 827 34265 2455 2079 31810 31308 30504 835 29669 1163 840 28107 2122 1803 1461 25985 740 25245 6980 18265 804 916 613
is_linear=0
shrinkage=0.12


Tree=98
num_leaves=30
num_cat=0
split_feature=9 73 66 65 89 0 76 63 5 5 51 89 24 15 51 41 66 12 62 63 51 55 55 0 51 47 0 76 62
split_gain=0.0700547 0.213935 0.515499 0.28316 0.196818 0.163711 0.220401 0.404468 0.162761 0.18313 0.31904 0.320683 0.74413 0.353694 0.242395 0.438517 0.197405 0.181814 0.482375 0.273646 0.156697 0.316602 0.149156 0.160193 0.12972 0.119575 0.102202 0.0794104 0.0773842
threshold=1.0000000180025095e-35 391.26876831054693 3.6437500715255742 43.500000000000007 0.37500000000000006 10.82159996032715 0.50471168756484996 2.8638656139373784 3.8695499897003178 2.7661999464035039 0.074088521301746382 0.62500000000000011 5.8621435165405282 3.7456924915313725 0.041607305407524116 0.13201890140771869 1.0687500238418581 1.9239500164985659 -4.0113112926483145 4.1253845691680917 0.29033258557319647 0.20818026363849643 0.1067669801414013 48.983598709106452 0.33207166194915777 0.24636835604906085 92.252899169921889 0.92281612753868114 -1.1757237911224363
decision_type=2 2 2 2 2 2 2 2 2 2 2 2 2 2 2 2 2 2 2 2 2 2 2 2 2 2 2 2 2
left_child=8 2 4 5 -2 28 7 -7 9 17 14 12 -12 -13 16 -16 -11 18 -1 -20 25 -22 -5 -24 -8 -19 27 -6 -3
right_child=1 3 -4 22 26 6 24 -9 -10 10 11 13 -14 -15 15 -17 -18 20 19 -21 21 -23 23 -25 -26 -27 -28 -29 -30
leaf_value=0.0052412049709613818 0.0028041606063910233 -0.0032029096879565996 0.0057735962491491178 -0.00017127292287799032 -0.0003657678102674114 0.0030941973355763206 -0.00035852889584290544 -0.00071477637967826721 0.0024101976933350554 0.0007671211531851441 0.0017927736364713935 -0.0029846548134727134 -0.0033868457746303771 0.00053254897159461291 3.8490423467010263e-05 0.0058809528458420995 -0.0030958848793087249 -3.1207217916633361e-05 0.0010156750992173329 -0.002968211576594498 6.7984534570957844e-05 0.0022946862632171488 0.0012670250454130656 0.0046282993103856232 -0.0026050624888158177 -0.000571147315506696 -0.0020397930998822299 0.0017718624775485612 -0.00082890182431609699
leaf_weight=340 431 376 322 462 677 756 3565 856 381 513 517 525 1756 1908 480 301 303 32953 1335 305 4104 1185 561 321 413 7196 313 397 417
leaf_count=340 431 376 322 462 677 756 3565 856 381 513 517 525 1756 1908 480 301 303 32953 1335 305 4104 1185 561 321 413 7196 313 397 417
internal_value=-7.66941e-06 0.000286386 0.00134815 -7.67061e-06 0.000564325 -0.000341004 -0.000112108 0.00107157 -6.12986e-05 -7.88269e-05 -0.000686523 -0.00118387 -0.00220873 -0.000226404 0.000779037 0.00229019 -0.000667304 1.95064e-06 0.00112759 0.000274769 -4.71001e-05 0.000566877 0.00157541 0.00249035 -0.000591766 -0.000127982 -0.000131688 0.000424399 -0.00195453
internal_weight=63969 9867 2140 7727 1818 6383 5590 1612 54102 53721 6303 4706 2273 2433 1597 781 816 47418 1980 1640 45438 5289 1344 882 3978 40149 1387 1074 793
internal_count=63969 9867 2140 7727 1818 6383 5590 1612 54102 53721 6303 4706 2273 2433 1597 781 816 47418 1980 1640 45438 5289 1344 882 3978 40149 1387 1074 793
is_linear=0
shrinkage=0.12


Tree=99
num_leaves=26
num_cat=0
split_feature=45 69 22 66 67 70 22 0 70 33 58 50 7 51 61 2 65 63 76 65 19 69 90 61 93
split_gain=0.0623929 0.154234 0.188046 0.170695 0.142094 0.166313 0.15741 0.140159 0.0946155 0.197823 0.162526 0.311877 0.216565 0.166937 0.249769 0.194401 0.139087 0.456319 0.291042 0.295366 0.250372 0.127475 0.263635 0.0913996 0.066862
threshold=1.0468750000000002 4.5000000000000009 1.2953000068664553 11.64895820617676 1.5000000000000002 9.5000000000000018 2.4820833206176762 22.616299629211429 32.500000000000007 0.052379749715328223 -0.88912808895111073 0.051708163693547256 0.25030000507831579 0.15798217058181765 1.3156250119209292 230.69999694824222 29.500000000000004 3.3387650251388554 0.81378167867660534 33.500000000000007 0.30729167163372045 10.500000000000002 1.0000000180025095e-35 2.5406249761581425 1.0000000180025095e-35
decision_type=2 2 2 2 2 2 2 2 2 2 2 2 2 2 2 2 2 2 2 2 2 2 2 2 2
left_child=8 -2 -3 4 5 -4 -6 -5 9 -1 11 -10 -12 15 -15 -13 17 20 19 -18 -11 22 -14 -9 -23
right_child=1 2 3 7 6 -7 -8 23 10 16 12 13 21 14 -16 -17 18 -19 -20 -21 -22 24 -24 -25 -26
leaf_value=0.0026729887425034401 0.0015490411915137278 -0.003413183944137831 -0.0032372794334894852 0.0031444469937955814 0.0028969373629825499 -0.00067990245958428504 -0.00064813879388384509 0.0010854428917133961 -0.0047689730840502305 -0.00016348852959564429 0.0030649759162602441 -0.0038856369696525224 -0.0020858441463009743 0.0029895541353379663 -0.0014259287984579264 -0.00049071290042353665 -0.0014830545980849203 0.0040295477755202596 0.0036997675538026644 7.0285362999058352e-05 0.0020433073834419798 -0.0001604250654676287 6.144873286325367e-05 -0.001418429584877396 0.00049815529368230831
leaf_weight=436 576 304 402 306 319 4110 415 577 300 3513 312 346 1326 373 365 815 1860 529 307 33714 938 5680 2172 330 3644
leaf_count=436 576 304 402 306 319 4110 415 577 300 3513 312 346 1326 373 365 815 1860 529 307 33714 938 5680 2172 330 3644
internal_value=-6.74908e-06 -0.000335956 -0.0004965 -0.000359223 -0.00065586 -0.000907754 0.000892569 0.000923676 3.59147e-05 0.000130428 -0.000218642 -0.00117345 -5.87808e-05 -0.000605435 0.000805745 -0.00150246 0.000103298 0.000697574 2.08174e-05 -1.09316e-05 0.00030157 -0.000134792 -0.000752534 0.000174442 9.69609e-05
internal_weight=63969 7339 6763 6459 5246 4512 734 1213 56630 41297 15333 2199 13134 1899 738 1161 40861 4980 35881 35574 4451 12822 3498 907 9324
internal_count=63969 7339 6763 6459 5246 4512 734 1213 56630 41297 15333 2199 13134 1899 738 1161 40861 4980 35881 35574 4451 12822 3498 907 9324
is_linear=0
shrinkage=0.12


Tree=100
num_leaves=22
num_cat=0
split_feature=15 72 74 32 19 29 13 51 50 1 55 50 7 61 61 41 61 78 62 62 47
split_gain=0.107667 0.341112 0.259284 0.160453 0.168333 0.175262 0.144465 0.131247 0.442178 0.114281 0.202926 0.200007 0.184092 0.135038 0.417206 0.263772 0.231307 0.194498 0.177084 0.124077 0.118491
threshold=11.812844276428224 3.9781249761581425 6.5000000000000009 41.493547439575202 0.22395832836627963 121.01521301269533 9.3283500671386737 0.59867665171623241 0.11045568436384202 6.8979499340057382 0.39753030240535742 0.17970377951860431 2.3671000003814702 3.3406250476837163 5.0531251430511483 0.23576974868774417 3.0968749523162846 1.2888293266296389 8.8184928894042987 9.7089776992797869 0.091432258486747756
decision_type=2 2 2 2 2 2 2 2 2 2 2 2 2 2 2 2 2 2 2 2 2
left_child=7 -2 -3 6 -5 -6 -4 9 -9 10 11 12 -1 16 15 -15 18 -18 -11 -16 -13
right_child=1 2 3 4 5 -7 -8 8 -10 13 -12 20 -14 14 19 -17 17 -19 -20 -21 -22
leaf_value=0.00026535460929601239 0.0036607801661522237 -0.0027696026764698961 0.00013161920183812784 -0.0020512153069999583 0.00111823985873996 -0.00022723524075304549 0.0035448364647943866 -0.0052391617643646887 0.00056263292726100645 0.00010123107017330638 -0.0031156481675662429 0.0013292751187074766 -0.0015627698894636595 -0.0017739031637069988 0.00016113786903072409 0.00072343558423063092 0.0045800904345924204 0.00043397616525385469 0.0029891397083151032 -0.0016186307458289882 -0.00013437217731314524
leaf_weight=1170 439 396 314 448 2491 3166 414 300 512 29120 394 1076 2463 3278 12830 748 312 341 309 590 3066
leaf_count=1170 439 396 314 448 2491 3166 414 300 512 29120 394 1076 2463 3278 12830 748 312 341 309 590 3066
internal_value=-9.00703e-06 0.000412934 0.0002157 0.00038871 0.000187906 0.00036523 0.00207265 -6.62624e-05 -0.00158089 -4.41808e-05 -0.000458794 -0.000324157 -0.000974026 2.70819e-05 -0.000238526 -0.00130992 0.000181121 0.00241497 0.000131554 8.28917e-05 0.000245851
internal_weight=64177 7668 7229 6833 6105 5657 728 56509 812 55697 8169 7775 3633 47528 17446 4026 30082 653 29429 13420 4142
internal_count=64177 7668 7229 6833 6105 5657 728 56509 812 55697 8169 7775 3633 47528 17446 4026 30082 653 29429 13420 4142
is_linear=0
shrinkage=0.12


Tree=101
num_leaves=27
num_cat=0
split_feature=62 34 55 0 2 28 62 5 22 57 78 78 76 2 78 2 75 54 6 41 49 75 22 78 23 78
split_gain=0.0928471 0.333669 0.193506 0.246786 0.187911 0.176768 0.115616 0.55501 0.192334 0.130845 0.186439 0.127508 0.487487 0.387602 0.354579 0.414882 0.300914 0.382051 0.310418 0.130308 0.113725 0.0991893 0.160978 0.104419 0.0934089 0.0855757
threshold=4.6552038192749032 1.1567285656929018 0.12874263525009158 12.926849842071535 270.45500183105474 91.900520324707045 1.0768409967422488 2.9622000455856328 2.0720334053039555 5.8062500953674325 0.9641837775707246 -0.90956342220306385 0.67040735483169567 222.20499420166018 -0.057875864207744591 194.90000152587893 7.5000000000000009 -0.04781826585531234 7.9411499500274667 0.1941235885024071 1.4968749880790713 6.5000000000000009 0.75289997458457958 19999989.000000004 7.7157001495361337 2.7230514287948613
decision_type=2 2 2 2 2 2 2 2 2 2 2 2 2 2 2 2 2 2 2 2 2 2 2 2 2 2
left_child=6 2 5 -4 -5 25 11 8 -8 10 -10 12 16 -14 15 -13 18 -18 -1 -17 -3 23 -23 -16 -11 -2
right_child=1 20 3 4 -6 -7 7 -9 9 24 -12 14 13 -15 21 19 17 -19 -20 -21 -22 22 -24 -25 -26 -27
leaf_value=-0.00053765212793362746 0.0011291210239049612 -0.001528845140313853 0.0013607912185834719 -0.0037637193547025178 -0.00021135361273178551 0.003350310716598681 -0.0019292505726466766 0.0056681631094902948 -0.00023609939021346351 0.00092123806813634152 0.0037215058573967313 -0.0043397419601102763 0.006682256712629289 0.0011118363611315745 2.1340425064858521e-05 -0.0013764790833778416 0.0055660228688422693 0.00064366335128758436 0.0019195520435663198 0.0010304224658311228 -0.004766605512644225 0.0019289118119974759 -0.00068279665674618277 0.0013812070688314509 -0.0019220985249185738 -0.0010589112524298559
leaf_weight=5359 591 317 400 499 376 333 489 301 304 372 393 582 301 447 42420 930 302 915 859 497 308 365 4931 829 301 456
leaf_count=5359 591 317 400 499 376 333 489 301 304 372 393 582 301 447 42420 930 302 915 859 497 308 365 4931 829 301 456
internal_value=-7.92619e-06 -0.00062985 -4.26169e-05 -0.00110843 -0.00223722 0.000942102 2.55715e-05 0.000887796 0.000113783 0.000843012 0.00199538 -6.13605e-06 0.00043332 0.00335341 -7.72693e-05 -0.00163949 0.000139544 0.00186515 -0.000198196 -0.000538196 -0.00312441 -1.26179e-05 -0.000502798 4.74064e-05 -0.000350447 0.000176167
internal_weight=64177 3280 2655 1275 875 1380 60897 2160 1859 1370 697 58737 8183 748 50554 2009 7435 1217 6218 1427 625 48545 5296 43249 673 1047
internal_count=64177 3280 2655 1275 875 1380 60897 2160 1859 1370 697 58737 8183 748 50554 2009 7435 1217 6218 1427 625 48545 5296 43249 673 1047
is_linear=0
shrinkage=0.12


Tree=102
num_leaves=22
num_cat=0
split_feature=8 72 74 20 46 59 29 34 51 24 94 46 65 76 22 57 57 57 23 50 94
split_gain=0.0884121 0.293331 0.196955 0.150135 0.197413 0.2503 0.178003 0.203406 0.160897 0.124739 0.105651 0.111793 0.27459 0.310944 0.262259 0.165947 0.185464 0.183613 0.0591891 0.0790573 0.045335
threshold=1.1656060218811037 3.9781249761581425 6.5000000000000009 26.612218856811527 0.3486588597297669 4.0811896324157724 -2.3644510507583614 1.0687571763992312 0.27559797465801245 13.488136291503908 1.0000000180025095e-35 0.29389704763889318 44.500000000000007 0.26158700883388525 3.047345876693726 3.0781250000000004 2.6062499284744267 4.4906251430511483 8.0699167251586932 0.31155353784561163 0.048442857339978225
decision_type=2 2 2 2 2 2 2 2 2 2 2 2 2 2 2 2 2 2 2 2 2
left_child=1 -1 -3 6 5 -5 -4 -8 -6 10 11 12 14 -14 -2 16 -13 -17 19 -12 -21
right_child=9 2 3 4 8 -7 7 -9 -10 -11 18 15 13 -15 -16 17 -18 -19 -20 20 -22
leaf_value=0.0034178751113210326 -7.4610029087115799e-06 -0.0024136286204703549 -0.0027564015543165704 0.0037488722411865923 -0.00013953237712904974 -0.00013565165103759645 -0.00027930317051605159 0.0026031751532942095 0.0026733038366721241 -0.0021364387375422127 -0.0024923164478782562 0.00025853734543358244 0.00096207065803862173 -0.0024406684207658358 -0.0031163541986817087 -0.0011103263650187646 0.0017962100426294461 4.4816277486900786e-05 0.00044915099630033536 -0.0015407934140242857 -0.00038594649040971964
leaf_weight=431 18860 394 352 646 1876 379 2767 404 347 413 375 18978 524 1476 399 2603 1201 8299 594 627 2232
leaf_count=431 18860 394 352 646 1876 379 2767 404 347 413 375 18978 524 1476 399 2603 1201 8299 594 627 2232
internal_value=-6.97505e-06 0.000377431 0.000194537 0.000346305 0.000934801 0.00231255 -0.000196254 8.79378e-05 0.000299538 -5.85816e-05 -4.33032e-05 1.20518e-06 -0.000210849 -0.00154915 -7.18698e-05 0.000146248 0.000350056 -0.00023099 -0.000651863 -0.000854091 -0.000639213
internal_weight=64177 7596 7165 6771 3248 1025 3523 3171 2223 56581 56168 52340 21259 2000 19259 31081 20179 10902 3828 3234 2859
internal_count=64177 7596 7165 6771 3248 1025 3523 3171 2223 56581 56168 52340 21259 2000 19259 31081 20179 10902 3828 3234 2859
is_linear=0
shrinkage=0.12


Tree=103
num_leaves=18
num_cat=0
split_feature=47 22 3 1 47 65 66 22 24 49 65 5 23 22 76 88 72
split_gain=0.0700103 0.266327 0.101608 0.216593 0.23301 0.201824 0.782576 0.342697 0.481402 0.321601 0.315784 0.134026 0.234633 0.11447 0.105585 0.535135 0.119216
threshold=0.64250540733337413 2.3363083600997929 0.34557001292705541 19.103349685668949 0.12797050178050998 37.500000000000007 9.6854166984558123 1.3128708600997927 10.329789161682131 1.8031249642372134 42.500000000000007 3.6254500150680546 4.5768125057220468 0.75289997458457958 0.95244187116622936 1.0000000180025095e-35 4.9468748569488534
decision_type=2 2 2 2 2 2 2 2 2 2 2 2 2 2 2 2 2
left_child=2 -2 3 5 -5 6 9 8 -7 -1 -9 13 -13 -4 16 -16 -15
right_child=1 -3 11 4 -6 7 -8 10 -10 -11 -12 12 -14 14 15 -17 -18
leaf_value=-0.00034259230374706083 0.0037221799104958054 -0.0008846827402939168 -0.0019334959265657923 -0.0040680524386854299 -0.00030327102554889799 -0.0030578876356760409 0.0056841979512180073 0.0016560169269162759 0.00034704847827769542 0.003476525286820774 -0.00085395068846218442 -5.3930485807603015e-05 0.0038195158396624757 -0.00040394366443118724 -0.00033794403192468822 0.0041135483618925522 9.3053899167989948e-05
leaf_weight=4272 325 407 426 448 502 1524 369 1229 984 343 1749 573 371 8397 1383 541 40334
leaf_count=4272 325 407 426 448 502 1524 369 1229 984 343 1749 573 371 8397 1383 541 40334
internal_value=-6.13804e-06 0.00116071 -1.96007e-05 -0.000343731 -0.00207866 -0.000186311 0.000366445 -0.000688487 -0.00172198 -5.87446e-05 0.000181896 5.15491e-05 0.00146837 2.53657e-05 4.18394e-05 0.000913749 7.4146e-06
internal_weight=64177 732 63445 11420 950 10470 4984 5486 2508 4615 2978 52025 944 51081 50655 1924 48731
internal_count=64177 732 63445 11420 950 10470 4984 5486 2508 4615 2978 52025 944 51081 50655 1924 48731
is_linear=0
shrinkage=0.12


Tree=104
num_leaves=37
num_cat=0
split_feature=61 61 82 81 61 23 69 71 6 89 32 29 12 55 5 29 2 14 32 12 15 15 89 54 71 81 50 51 54 81 14 71 63 49 2 51
split_gain=0.0722103 0.267527 0.21061 0.201652 0.200381 0.196013 0.198375 0.162024 0.273246 0.405014 0.206739 0.151638 0.34269 0.47109 0.459011 0.145291 0.236105 0.161095 0.13878 0.131571 0.230417 0.367966 0.380506 0.229365 0.362753 0.316476 0.252973 0.232537 0.219419 0.193092 0.150006 0.0828787 0.0792004 0.0789593 0.0723701 0.0536324
threshold=3.2468750476837163 5.0531251430511483 1.0000000180025095e-35 0.26954312622547155 3.0968749523162846 7.7157001495361337 17.500000000000004 106.50000000000001 3.5140999555587773 0.62500000000000011 85.753326416015639 4.3132436275482187 1.1183500289916994 0.24389567971229556 3.5917999744415288 7.95347023010254 190.72500610351565 8.732999801635744 58.705682754516609 1.5883499979972842 1.6000775098800661 6.9919829368591317 0.62500000000000011 -0.074067249894142137 94.500000000000014 0.21396682411432269 0.093769513070583357 0.13060045987367633 -0.10701367259025572 0.51667067408561718 8.4713997840881365 79.500000000000014 6.8662343025207528 1.3281250000000002 225.90000152587893 0.14711025357246402
decision_type=2 2 2 2 2 2 2 2 2 2 2 2 2 2 2 2 2 2 2 2 2 2 2 2 2 2 2 2 2 2 2 2 2 2 2 2
left_child=4 2 3 33 7 6 -5 11 9 -9 18 12 14 -14 -1 16 -13 -17 -10 20 -3 22 -22 24 28 -26 27 -25 -21 -23 -28 34 -7 -2 -4 -35
right_child=1 19 31 5 -6 32 -8 8 10 -11 -12 15 13 -15 -16 17 -18 -19 -20 23 21 29 -24 26 25 -27 30 -29 -30 -31 -32 -33 -34 35 -36 -37
leaf_value=0.0046709500160584403 0.001648224387166556 0.0021198071474365513 0.0025616475158289124 -0.0030125737802587432 0.002384179971493601 -0.0013078917575522178 -0.00015439583410991641 0.0048126445265987416 0.00071802262514979848 0.00016522477627162345 0.0021447421736387616 0.0028356179793643257 -0.00039520351188982637 -0.0032246073643785165 -0.00011686216441717879 3.6130127791311876e-05 -0.00092692441485867376 0.0020996476948147991 -0.0025062641012275279 0.0018336464021365437 -0.0056064410036615591 0.0010993244745700051 -0.00074110234447391119 -0.004721133449250999 0.0020123088088975405 -0.0025998443348225261 0.00023283002086719185 -0.00016625711094218722 0.0058849038956627102 -0.0019311565886441188 -0.0024359430139436603 -0.0010251350569803349 0.0012522234939252 -0.001344037352562096 0.00028183317217056616 0.00052233118829511931
leaf_weight=406 300 358 307 1750 539 380 437 525 310 556 368 681 6221 981 995 29611 371 555 506 531 431 917 500 301 444 414 10856 348 302 452 312 391 321 551 578 371
leaf_count=406 300 358 307 1750 539 380 437 525 310 556 368 681 6221 981 995 29611 371 555 506 531 431 917 500 301 444 414 10856 348 302 452 312 391 321 551 578 371
internal_value=-5.40148e-06 -0.000184412 -0.000916882 -0.00133499 8.51098e-05 -0.00188176 -0.00244146 5.56654e-05 0.00104291 0.0024223 -0.000216484 -4.88497e-07 -0.000446562 -0.000780603 0.00127061 0.00012244 0.00150871 7.40951e-05 -0.00128135 5.96232e-05 -0.000712129 -0.00115293 -0.00299348 0.000211483 0.00151865 -0.000213136 2.44284e-05 -0.00227877 0.00330241 9.87566e-05 0.000158273 0.000429857 -0.000135571 -4.28088e-05 0.00107268 -0.000593037
internal_weight=64177 21552 5386 4110 42625 2888 2187 42086 2265 1081 1184 39821 8603 7202 1401 31218 1052 30166 816 16166 2658 2300 931 13508 1691 858 11817 649 833 1369 11168 1276 701 1222 885 922
internal_count=64177 21552 5386 4110 42625 2888 2187 42086 2265 1081 1184 39821 8603 7202 1401 31218 1052 30166 816 16166 2658 2300 931 13508 1691 858 11817 649 833 1369 11168 1276 701 1222 885 922
is_linear=0
shrinkage=0.12


Tree=105
num_leaves=18
num_cat=0
split_feature=62 19 41 58 22 68 0 1 12 89 5 62 22 58 55 22 19
split_gain=0.0927837 0.265153 0.163858 0.0894519 0.189993 0.176681 0.128198 0.103568 0.173938 0.220784 0.259695 0.11654 0.0885828 0.360702 0.26824 0.176942 0.109979
threshold=-72.404052734374986 0.26796875894069677 0.11778192967176439 -51.532449722290032 2.2653999328613286 2.5000000000000004 53.398599624633796 5.2515499591827401 1.2485499978065493 1.0000000180025095e-35 1.8988500237464907 -3.5335149765014644 0.9706999957561494 0.57754147052764904 0.060623165220022208 1.0266000032424929 0.22604166716337207
decision_type=2 2 2 2 2 2 2 2 2 2 2 2 2 2 2 2 2
left_child=1 2 -1 4 5 -2 -6 8 -5 10 -10 -11 13 14 -9 -14 -17
right_child=3 -3 -4 7 6 -7 -8 12 9 11 -12 -13 15 -15 -16 16 -18
leaf_value=0.0013611680470506247 -0.0037257637296062378 0.0030031680509362522 -0.0025259682333635281 0.0023186484432753669 -0.00088823712573664554 -9.0026714079655129e-05 0.0019113535321160834 0.0012604382684183102 -0.0009229818648222414 0.0020308985016591601 -0.0044710688122801996 -0.0003324152452430203 0.0024584625884664902 0.0034079551635943241 -0.0011421130658609837 0.00055765904410172331 1.0612969542263861e-05
leaf_weight=305 472 539 320 314 577 325 398 815 1198 321 395 4697 454 328 3740 6041 42687
leaf_count=305 472 539 320 314 577 325 398 815 1198 321 395 4697 454 328 3740 6041 42687
internal_value=-8.69262e-06 0.00105288 -0.000629046 -2.83808e-05 -0.000868856 -0.00224319 0.00025457 -3.96172e-06 -0.000440893 -0.000571962 -0.00180276 -0.000181235 5.20033e-05 -0.000435477 -0.000712238 0.000100403 7.84324e-05
internal_weight=63926 1164 625 62762 1772 797 975 60990 6925 6611 1593 5018 54065 4883 4555 49182 48728
internal_count=63926 1164 625 62762 1772 797 975 60990 6925 6611 1593 5018 54065 4883 4555 49182 48728
is_linear=0
shrinkage=0.12


Tree=106
num_leaves=30
num_cat=0
split_feature=61 71 61 53 59 57 31 54 22 51 2 12 57 0 57 57 34 57 22 72 80 51 70 34 59 75 81 61 59
split_gain=0.0877155 0.183734 0.183254 0.288621 0.224607 0.182469 0.147854 0.249898 0.356006 0.187616 0.424206 0.282049 0.186975 0.151407 0.147654 0.208566 0.319466 0.183995 0.380588 0.198791 0.193074 0.16822 0.214761 0.155667 0.13387 0.133525 0.132705 0.125724 0.0463373
threshold=5.2281248569488534 139.50000000000003 6.0593750476837167 2.0343749523162846 3.7072024345397954 4.5531251430511483 0.91562500596046459 -0.19847502559423444 0.53448331356048595 0.12246044352650644 195.70999908447268 2.0330499410629277 8.2781248092651385 27.352600097656254 3.6406250000000004 4.0031249523162851 1.042785704135895 2.6906249523162846 1.2275000214576723 10.321875095367433 1.0000000180025095e-35 0.25723987817764288 15.500000000000002 0.68988570570945751 4.8517122268676767 4.5000000000000009 0.11505264788866044 3.3406250476837163 2.7721722126007085
decision_type=2 2 2 2 2 2 2 2 2 2 2 2 2 2 2 2 2 2 2 2 2 2 2 2 2 2 2 2 2
left_child=1 14 3 -2 25 -6 7 -4 -9 11 -11 -8 -10 -12 17 16 28 20 -19 -20 27 22 -17 -23 -13 -5 -3 -1 -16
right_child=2 26 6 4 5 -7 9 8 12 10 13 24 -14 -15 15 21 -18 18 19 -21 -22 23 -24 -25 -26 -27 -28 -29 -30
leaf_value=-3.7273667523737756e-05 0.0042721152275790597 -9.361134800171182e-05 -0.0029102522150094576 -0.0025199119669849371 -0.00015988599400071273 0.0033140880314392056 -0.0034597950547513869 0.0037383050252207213 -0.00053041358179787418 0.0055879755637652127 -0.00013961555583476414 -0.0007694825736837105 0.00057884863619070079 0.0025100074347424372 0.00042756386055482147 -0.0014522504461949119 -0.0049424113861895151 0.0041018841623790452 -0.0016396419389302058 0.00085522371529565876 0.0024994396209280859 -0.0011412709682015704 0.00019532192516701386 0.0021294048028661391 0.00191716655564659 0.0007159779208381243 -0.0034151158965131105 -0.001253161009688667 -0.0014235649575451987
leaf_weight=35780 383 301 447 377 370 529 304 352 6327 320 931 495 3345 466 321 2148 371 455 570 2381 423 300 2426 695 580 358 408 1268 495
leaf_count=35780 383 301 447 377 370 529 304 352 6327 320 931 495 3345 466 321 2148 371 455 570 2381 423 300 2426 695 580 358 408 1268 495
internal_value=-7.6495e-06 -8.74596e-05 0.000239924 0.00130715 0.000612184 0.00188431 8.1259e-05 -0.000134149 -1.03546e-05 0.000809793 0.00164696 -0.000232571 -0.000146782 0.000744224 -5.89177e-05 -0.000578609 -0.00202279 2.69749e-05 0.000871418 0.000373328 -4.97824e-05 -0.00027079 -0.000578396 0.00114327 0.000680058 -0.000943791 -0.002005 -7.88885e-05 -0.000695364
internal_weight=63926 48342 15584 2017 1634 899 13567 10471 10024 3096 1717 1379 9672 1397 47633 6756 1187 40877 3406 2951 37471 5569 4574 995 1075 735 709 37048 816
internal_count=63926 48342 15584 2017 1634 899 13567 10471 10024 3096 1717 1379 9672 1397 47633 6756 1187 40877 3406 2951 37471 5569 4574 995 1075 735 709 37048 816
is_linear=0
shrinkage=0.12


Tree=107
num_leaves=27
num_cat=0
split_feature=45 78 0 92 92 0 0 0 82 2 41 62 41 49 47 75 76 5 5 41 55 54 55 2 47 6
split_gain=0.0699522 0.3454 0.278714 0.382134 0.363833 0.437927 0.343589 0.210191 0.163639 0.191054 0.190451 0.105147 0.197822 0.096014 0.182824 0.316934 0.229182 0.215035 0.380407 0.133962 0.303085 0.3568 0.253851 0.208616 0.195574 0.129746
threshold=0.33437500894069677 19999963.000000004 32.907199859619148 0.95955711603164684 1.1186428666114809 72.45959854125978 68.462402343750014 59.043600082397468 1.0000000180025095e-35 250.60500335693362 0.13201890140771869 -72.404052734374986 0.13486800342798236 1.3968749642372134 0.28257952630519872 2.5000000000000004 0.25703568756580358 3.8695499897003178 3.1714500188827519 0.13868144154548648 0.36379078030586248 -0.024341191165149208 0.50722295045852672 181.879997253418 0.099129147827625289 2.1131999492645268
decision_type=2 2 2 2 2 2 2 2 2 2 2 2 2 2 2 2 2 2 2 2 2 2 2 2 2 2
left_child=1 2 8 6 7 -6 -4 -5 9 10 -1 12 -2 14 17 25 -17 18 -13 22 23 -22 24 -21 -15 -16
right_child=11 -3 3 4 5 -7 -8 -9 -10 -11 -12 13 -14 19 15 16 -18 -19 -20 20 21 -23 -24 -25 -26 -27
leaf_value=-0.00069372111468613646 0.0026085373176249196 0.0041032625474254226 0.00068274980783889524 0.0053396057676636929 -0.0013466109725401817 0.0037628340846132123 -0.004343024677275458 0.0017113104390199074 0.0009619851262929538 0.00048605694877210896 -0.003776678337323972 -0.00032413955810836663 -0.00061597342152312838 0.00041364204206776744 -0.0021681262668410434 0.00021726962174046876 0.0039800339014254196 0.0025854127393167064 -0.0024664869219812929 0.0012571893808625625 0.0056536213468846878 0.00096717541435173188 -0.0028484857829772087 -2.2060895106319715e-05 -0.00037540698948109868 0.00026300143614800873
leaf_weight=555 592 341 518 478 726 362 315 443 540 513 601 14960 510 6947 423 404 551 333 1297 2105 301 1050 496 14348 12966 1251
leaf_count=555 592 341 518 478 726 362 315 443 540 513 601 14960 510 6947 423 404 551 333 1297 2105 301 1050 496 14348 12966 1251
internal_value=-6.73156e-06 0.000406861 0.000157311 0.000943195 0.0018392 0.000353407 -0.00121775 0.0035944 -0.000853771 -0.00144125 -0.00229654 -4.48306e-05 0.00111625 -6.71093e-05 -0.000285891 0.000643847 0.00238825 -0.000433226 -0.000495058 4.29258e-05 0.000283483 0.00201131 -0.000166927 0.000141607 -0.000100133 -0.000351316
internal_weight=63926 5392 5051 2842 2009 1088 833 921 2209 1669 1156 58534 1102 57432 19219 2629 955 16590 16257 38213 17804 1351 20409 16453 19913 1674
internal_count=63926 5392 5051 2842 2009 1088 833 921 2209 1669 1156 58534 1102 57432 19219 2629 955 16590 16257 38213 17804 1351 20409 16453 19913 1674
is_linear=0
shrinkage=0.12


Tree=108
num_leaves=28
num_cat=0
split_feature=11 47 2 86 57 55 66 76 58 74 55 70 6 81 6 81 59 58 66 81 51 29 59 81 11 59 8
split_gain=0.0656532 0.19114 0.339603 0.306714 0.257504 0.143773 0.156121 0.164093 0.14173 0.235233 0.13933 0.283487 0.177399 0.116484 0.31516 0.168433 0.160394 0.188934 0.130584 0.117209 0.233072 0.281303 0.189329 0.108793 0.261246 0.104553 0.0671143
threshold=1.5000000000000002 0.15044368058443072 144.85500335693362 1.0000000180025095e-35 5.5906250476837167 0.27882215380668646 6.8093750476837167 0.65219172835350048 -73.264850616455064 23.500000000000004 0.13437068462371829 28.500000000000004 1.2449499964714053 9.0659346580505389 2.3269499540328984 19.814743995666507 4.9380991458892831 -0.88912808895111073 10.402082920074465 3.408251285552979 0.15798217058181765 117.1439781188965 3.9102622270584111 2.5578417778015141 1.0000000180025095e-35 -3.6933844089508052 6.8248889446258554
decision_type=2 2 2 2 2 2 2 2 2 2 2 2 2 2 2 2 2 2 2 2 2 2 2 2 2 2 2
left_child=8 3 -3 4 10 6 26 -8 9 -1 11 -2 -12 19 15 -15 17 -16 -18 23 22 -22 -21 25 -25 -10 -4
right_child=1 2 5 -5 -6 -7 7 -9 13 -11 12 -13 -14 14 16 -17 18 -19 -20 20 21 -23 -24 24 -26 -27 -28
leaf_value=0.0041928907906272324 0.0018665599524067074 -0.0039956378166796126 0.00094008177504920412 0.0028001849164889284 -0.0027701496435106544 0.0012690971881870159 -0.00020634461829836218 -0.0023550226764613596 -0.001265335807131292 -0.00045243495286448928 0.0016217377594934077 -0.00036914975783984349 -0.001186849023693607 -0.00024882131453996253 0.00030716747066462312 0.0032650265952379248 -0.0012601425007051721 -0.0032447526684968339 -0.0045431699877492024 0.0010824172811523458 0.0035046964482294816 -0.00020836414031833489 -0.0013536225912665013 0.00050666434795221726 -0.002809048784130087 7.735580823157392e-05 -0.0010820943187399392
leaf_weight=310 1437 457 765 566 486 546 887 1210 851 318 400 1892 1701 479 742 333 317 304 388 971 755 481 872 738 638 44740 342
leaf_count=310 1437 457 765 566 486 546 887 1210 851 318 400 1892 1701 479 742 333 317 304 388 971 755 481 872 738 638 44740 342
internal_value=-5.92378e-06 -0.000277323 -0.000907202 0.000131486 -0.000123836 -0.000530824 -0.000837553 -0.00144616 4.85682e-05 0.00184064 0.000113017 0.000595919 -0.000652135 2.7176e-05 -0.000761855 0.0011922 -0.00166802 -0.000725131 -0.00306697 6.75845e-05 0.00078483 0.00205973 -7.01746e-05 2.05643e-05 -0.00103071 5.22932e-05 0.000315344
internal_weight=63926 10689 4207 6482 5916 3750 3204 2097 53237 628 5430 3329 2101 52609 2563 812 1751 1046 705 50046 3079 1236 1843 46967 1376 45591 1107
internal_count=63926 10689 4207 6482 5916 3750 3204 2097 53237 628 5430 3329 2101 52609 2563 812 1751 1046 705 50046 3079 1236 1843 46967 1376 45591 1107
is_linear=0
shrinkage=0.12


Tree=109
num_leaves=15
num_cat=0
split_feature=1 70 28 28 15 47 55 13 29 78 81 33 47 54
split_gain=0.0672813 0.189834 0.0974886 0.179078 0.0970741 0.30461 0.21288 0.110423 0.0903907 0.379705 0.229144 0.152983 0.314851 0.100267
threshold=21.053549766540531 29.500000000000004 58.705682754516609 82.065013885498061 0.30335050821304327 0.21558733284473422 0.10748143494129182 0.8290500044822694 -61.708776473999016 0.33689305186271673 0.21720560640096667 0.17049559950828555 0.33791489899158483 -0.026335130445659157
decision_type=2 2 2 2 2 2 2 2 2 2 2 2 2 2
left_child=4 -2 -3 -4 5 6 -1 -6 9 -9 -11 12 -10 -13
right_child=1 2 3 -5 7 -7 -8 8 11 10 -12 13 -14 -15
leaf_value=0.0019172003442250009 -0.003429454891492773 0.0014464299334951925 -0.0024485863357698984 0.0012617978515832133 -0.0020493263123996367 0.0042399811238590596 -0.0017988448890543371 -0.0021258250787754411 -0.0011771521624103023 0.00014676618568298569 0.0029533380492648572 0.00027238937793098409 0.0021982449134183425 -7.9754568219108588e-05
leaf_weight=416 313 390 444 324 379 322 476 504 3274 793 888 16748 453 38202
leaf_count=416 313 390 444 324 379 322 476 504 3274 793 888 16748 453 38202
internal_value=-5.21292e-06 -0.000807384 -9.86547e-05 -0.000883268 1.36806e-05 0.00107626 -6.58014e-05 -7.38327e-06 5.33233e-06 0.000763173 0.00162936 -2.2888e-05 -0.000766888 2.7574e-05
internal_weight=63926 1471 1158 768 62455 1214 892 61241 60862 2185 1681 58677 3727 54950
internal_count=63926 1471 1158 768 62455 1214 892 61241 60862 2185 1681 58677 3727 54950
is_linear=0
shrinkage=0.12


Tree=110
num_leaves=19
num_cat=0
split_feature=2 61 49 29 57 14 6 51 15 55 89 65 29 22 13 5 0 32
split_gain=0.14284 0.272438 0.311863 0.272518 0.303526 0.244051 0.27315 0.48958 0.338232 0.551699 0.307598 0.252802 0.241354 0.140708 0.111728 0.0999786 0.193751 0.115246
threshold=146.85500335693362 5.2281248569488534 1.3218750357627871 -39.649393081665032 5.8562500476837167 -0.93294999003410328 5.6050999164581308 0.19914551824331286 7.4079439640045175 0.095984905958175673 0.62500000000000011 17.500000000000004 -35.092876434326165 4.0835001468658456 9.7467999458313006 2.6616500616073613 8.9323496818542498 8.2987091541290301
decision_type=2 2 2 2 2 2 2 2 2 2 2 2 2 2 2 2 2 2
left_child=1 5 -3 4 -4 -1 8 10 9 -7 -8 -10 -2 14 15 17 -17 -14
right_child=12 2 3 -5 -6 6 7 -9 11 -11 -12 -13 13 -15 -16 16 -18 -19
leaf_value=-0.0032031347973524951 -0.0025280812805798902 0.0048276994620105726 0.0046103508924201647 -0.0019818837542515573 7.1583643487530969e-05 0.0011841968420199273 0.0060716147245938844 -0.0018691221238291463 0.0029329604585222975 -0.0050584351571817546 0.0013503752444334821 -9.6444156883476588e-05 -0.0021474243375133981 -0.0021455743243012663 0.0019801553365604704 -0.00066853113938291871 0.00065617111046156697 -7.0683603964973005e-05
leaf_weight=301 558 397 379 331 482 363 374 341 485 465 424 2178 388 445 406 2068 6877 46506
leaf_count=301 558 397 379 331 482 363 374 341 485 465 424 2178 388 445 406 2068 6877 46506
internal_value=1.60334e-05 0.000548216 0.00191468 0.000944482 0.00206948 0.000107879 0.00032313 0.00193676 -0.000203345 -0.00232163 0.00356309 0.000455287 -4.45772e-05 -2.0132e-05 -3.3159e-06 -1.77375e-05 0.000349912 -8.78665e-05
internal_weight=63768 6520 1589 1192 861 4931 4630 1139 3491 828 798 2663 57248 56690 56245 55839 8945 46894
internal_count=63768 6520 1589 1192 861 4931 4630 1139 3491 828 798 2663 57248 56690 56245 55839 8945 46894
is_linear=0
shrinkage=0.12


Tree=111
num_leaves=18
num_cat=0
split_feature=2 76 28 22 87 22 76 63 22 55 63 29 22 13 24 50 15
split_gain=0.110615 0.236693 0.410365 0.3626 0.373475 0.296102 0.295431 0.457923 0.338067 0.250655 0.23537 0.186905 0.108964 0.0865221 0.123809 0.239107 0.144719
threshold=146.85500335693362 0.18985465914011004 75.917819976806655 1.5434666872024538 0.37500000000000006 1.6809707880020144 0.31037074327468878 15.853727817535402 0.78979167342185985 0.14370603859424594 4.7899849414825448 -35.092876434326165 4.0835001468658456 9.7467999458313006 14.235174655914308 0.19822590798139575 12.436497688293459
decision_type=2 2 2 2 2 2 2 2 2 2 2 2 2 2 2 2 2
left_child=1 2 -1 6 5 -5 10 8 -8 -7 -3 -2 13 14 16 -16 -13
right_child=11 3 -4 4 -6 9 7 -9 -10 -11 -12 12 -14 -15 15 -17 -18
leaf_value=4.2889644053766823e-05 -0.0022247115981587338 -0.00050175151311522049 0.0057065882943182558 0.005447689070365979 -0.0012727160065273964 9.9014642779366108e-05 0.0012698747885342028 0.0040887416396371756 -0.0016515178782470594 0.0033405480631287757 -0.0050998054738528179 -6.4104553264207177e-06 -0.0018881054349437229 0.0017425367025206305 -0.0034991953099927312 -5.6612350806600036e-05 0.0020486370666816557
leaf_weight=427 558 310 324 338 573 800 893 342 1579 602 332 54005 445 406 427 909 498
leaf_count=427 558 310 324 338 573 800 893 342 1579 602 332 54005 445 406 427 909 498
internal_value=1.41094e-05 0.00048243 0.00248635 0.000221563 0.00138447 0.00225951 -0.000556735 -2.67942e-05 -0.000596177 0.00149089 -0.00287956 -3.92279e-05 -1.77162e-05 -2.91799e-06 -1.5609e-05 -0.0011569 1.23667e-05
internal_weight=63768 6520 751 5769 2313 1740 3456 2814 2472 1402 642 57248 56690 56245 55839 1336 54503
internal_count=63768 6520 751 5769 2313 1740 3456 2814 2472 1402 642 57248 56690 56245 55839 1336 54503
is_linear=0
shrinkage=0.12


Tree=112
num_leaves=35
num_cat=0
split_feature=64 54 54 58 58 58 71 79 50 47 62 47 89 5 62 61 2 69 30 76 24 66 61 22 61 83 50 50 81 2 76 16 70 55
split_gain=0.0892066 0.29248 0.375026 0.25501 0.449146 0.319939 0.458714 0.269815 0.215712 0.209801 0.140377 0.243226 0.272746 0.62121 0.399271 0.276808 0.241469 0.219106 0.16968 0.174055 0.136708 0.295883 0.143204 0.327136 0.209438 0.134228 0.461997 0.171632 0.210432 0.133842 0.10556 0.103798 0.0937446 0.0805441
threshold=1.0000000180025095e-35 -0.074067249894142137 -0.084078174084424959 -1.2715614438056944 -0.42476697266101832 -3.8874461650848384 64.500000000000014 1.0000000180025095e-35 0.059478489682078368 0.12797050178050998 -0.025466312654316422 0.27852734923362737 0.62500000000000011 1.667699992656708 -3.7547968626022334 0.69687500596046459 247.01999664306643 14.500000000000002 4.5000000000000009 0.50871807336807262 2.8045762777328496 9.526041507720949 2.2531249523162846 1.8278083205223086 1.4281249642372134 1.0000000180025095e-35 0.19606882333755496 0.10165590792894365 0.27793233096599584 205.66499328613284 0.52748233079910289 2.7163449525833134 29.500000000000004 0.11260157078504564
decision_type=2 2 2 2 2 2 2 2 2 2 2 2 2 2 2 2 2 2 2 2 2 2 2 2 2 2 2 2 2 2 2 2 2 2
left_child=10 2 3 5 -5 6 -2 -7 -3 -6 11 12 13 32 -15 -14 -13 -17 20 -20 21 31 24 -24 -22 27 -27 28 -10 -29 -28 -12 -1 -18
right_child=1 8 -4 4 9 7 -8 -9 25 -11 18 16 15 14 -16 17 33 -19 19 -21 22 -23 23 -25 -26 26 30 29 -30 -31 -32 -33 -34 -35
leaf_value=0.00053624664118799581 0.0046335936474232852 -0.0027730317743121166 0.0052437189680644442 0.0051423693906941783 -0.0017256512029621845 -0.0039711937520818747 -0.00015801228337731195 0.00043577001582514305 0.00019154140744052949 0.0024888711448451928 0.0010165430711866767 0.00327272142171324 -0.0031546875405240819 -0.001326400166570598 -0.0049061712510301732 0.00066252336352574817 0.0011130608908956031 -0.0014947669488287857 0.0037779908280910976 0.00026087973967972258 8.0551111141177569e-05 -0.0035424069935047274 -0.0031460827937573803 -9.7223132599108276e-05 0.0024348378037913647 0.003849236587210236 0.00035755724200641121 0.0017427729922535552 -0.0042202811430533463 -0.00011984534561612276 -0.0020326926328172353 -0.0016623300004970057 -0.00094594217459036199 -0.0010312803336426479
leaf_weight=1313 396 396 302 469 351 413 1052 388 305 330 611 452 381 910 885 3334 461 851 348 485 30529 490 642 2406 554 572 1877 592 318 9017 310 316 1155 557
leaf_count=1313 396 396 302 469 351 413 1052 388 305 330 611 452 381 910 885 3334 461 851 348 485 30529 490 642 2406 554 572 1877 592 318 9017 310 316 1155 557
internal_value=1.24163e-05 0.000247 0.0011912 0.00083114 0.00228469 8.78835e-05 0.0011524 -0.00183648 -1.40368e-05 0.000316628 -7.34571e-05 -0.000464571 -0.000702524 -0.00139279 -0.00309136 -5.80661e-05 0.000964604 0.000223849 3.72623e-05 0.00173021 -2.40877e-06 -0.00115735 4.55404e-05 -0.000739404 0.000122512 7.00647e-05 0.00081289 -0.000130234 -0.0020604 -5.09146e-06 1.87472e-05 0.000103357 -0.000157403 -6.02181e-05
internal_weight=63768 17088 3701 3399 1150 2249 1448 801 13387 681 46680 10299 8829 4263 1795 4566 1470 4185 36381 833 35548 1417 34131 3048 31083 12991 2759 10232 623 9609 2187 927 2468 1018
internal_count=63768 17088 3701 3399 1150 2249 1448 801 13387 681 46680 10299 8829 4263 1795 4566 1470 4185 36381 833 35548 1417 34131 3048 31083 12991 2759 10232 623 9609 2187 927 2468 1018
is_linear=0
shrinkage=0.12


Tree=113
num_leaves=21
num_cat=0
split_feature=2 83 54 78 20 58 66 57 29 41 78 29 81 28 66 0 29 49 76 6
split_gain=0.0793772 0.210996 0.360914 0.227818 0.334233 0.214787 0.276865 0.207873 0.200668 0.192433 0.158097 0.0962771 0.300929 0.482238 0.581466 0.197818 0.125307 0.0986249 0.14406 0.139563
threshold=142.98999786376956 1.0000000180025095e-35 -0.17799264937639234 -1.4186210632324217 25.741366386413578 0.12054939195513727 11.576041698455812 1.3093749880790713 -32.066806793212884 0.083071164786815657 1.3552688360214236 -4.4509139060974112 0.22772970050573352 91.900520324707045 3.8593750000000004 28.207449913024906 -3.3073722124099727 1.7031250000000002 0.52748233079910289 9.0191998481750506
decision_type=2 2 2 2 2 2 2 2 2 2 2 2 2 2 2 2 2 2 2 2
left_child=1 3 7 4 -1 6 10 -3 9 -2 -5 12 13 14 -10 -14 -13 19 -19 -18
right_child=8 2 -4 5 -6 -7 -8 -9 11 -11 -12 16 15 -15 -16 -17 17 18 -20 -21
leaf_value=0.0042796036763488353 -0.0040489759113722119 0.0024915893940620163 0.0046112331918608139 -0.0025778222474180266 -0.0003369380571400588 0.0025963031102041218 -0.0035783286243177802 -0.0014091176270416442 -0.0006213504247907758 -0.0002619901749781635 7.8746671596745306e-05 -0.0020082599831741997 0.00082606718967288308 -0.0020931576188003976 0.0056214710881852719 -0.002428099874804824 8.0499942488646727e-05 3.2964449789053745e-05 -0.00086903492436527451 -0.0019398970960007198
leaf_weight=416 347 352 434 365 494 329 401 446 335 436 2776 461 568 308 599 511 43279 5953 4460 498
leaf_count=416 347 352 434 365 494 329 401 446 335 436 2776 461 568 308 599 511 43279 5953 4460 498
internal_value=1.09263e-05 0.000425858 0.00182618 6.50151e-05 0.00177348 -0.000336613 -0.000609038 0.000311495 -3.22732e-05 -0.00194026 -0.00022996 -6.0506e-06 0.000750911 0.00202449 0.00338234 -0.000715063 -3.81983e-05 -2.14388e-05 -0.000353372 5.75162e-05
internal_weight=63768 6013 1232 4781 910 3871 3542 798 57755 783 3141 56972 2321 1242 934 1079 54651 54190 10413 43777
internal_count=63768 6013 1232 4781 910 3871 3542 798 57755 783 3141 56972 2321 1242 934 1079 54651 54190 10413 43777
is_linear=0
shrinkage=0.12


Tree=114
num_leaves=27
num_cat=0
split_feature=62 22 14 16 8 62 8 70 85 7 81 81 33 49 51 81 51 53 53 73 34 61 21 89 34 12
split_gain=0.086504 0.334214 0.260266 0.221106 0.150985 0.247703 0.189842 0.111052 0.222067 0.529702 0.260065 0.327049 0.414187 0.258655 0.201259 0.151824 0.147563 0.142199 0.138894 0.131955 0.125972 0.232322 0.15453 0.0564103 0.1203 0.095346
threshold=-28.162049293518063 0.75289997458457958 -1.0077499747276304 3.9168260097503667 2.2910000085830693 -50.649475097656243 5.8988540172576913 23.500000000000004 1.0000000180025095e-35 8.7991499900817889 15.90028762817383 2.9280697107315068 0.33210963010787969 1.2468749880790713 0.59867665171623241 13.124881267547609 0.14095921069383624 2.1343749761581425 1.9718750119209292 1601.3435058593752 0.90995714068412792 9.7843751907348651 0.14999999850988391 0.62500000000000011 0.67238572239875805 3.6829500198364262
decision_type=2 2 2 2 2 2 2 2 2 2 2 2 2 2 2 2 2 2 2 2 2 2 2 2 2 2
left_child=1 -1 -3 -4 5 -5 -6 8 10 17 11 14 -13 -12 -2 20 -17 18 -10 -19 23 22 -22 25 -25 -9
right_child=7 2 3 4 6 -7 -8 15 9 -11 13 12 -14 -15 -16 16 -18 19 -20 -21 21 -23 -24 24 -26 -27
leaf_value=-0.0042864309253862068 0.00027363472944694071 0.0030964797770468306 -0.0036032452881801873 0.0028498100170652302 -0.0017440846427566735 -0.00085800226419962655 0.00018018727804603289 -0.00049786103649496715 -0.0006510025684103788 -0.0055882656731006527 0.0002365206470091613 0.0032925346883860428 0.00016094824818807307 -0.0045882099453668267 -0.0026328210404307321 6.4049966125895224e-05 0.0033505373157715272 -9.4026658367071713e-05 0.0027496302149444818 -0.0025873002072686418 -0.0026250427810654764 -0.003139487137760123 -0.00026813558809846811 -0.00027941423790661733 0.00067021096123343212 0.00038252868608906391
leaf_weight=310 24247 318 300 526 1308 512 1695 4781 321 303 333 1189 1245 308 348 446 352 919 375 458 415 446 11529 3230 4740 2814
leaf_count=310 24247 318 300 526 1308 512 1695 4781 321 303 333 1189 1245 308 348 446 352 919 375 458 415 446 11529 3230 4740 2814
internal_value=9.61515e-06 -0.000471167 -0.000217307 -0.000460059 -0.000226712 0.00102091 -0.000657957 5.02452e-05 0.000211572 -0.000901725 0.00030717 0.000363824 0.00169072 -0.00208176 0.000232511 -0.000118337 0.00151373 -0.000216717 0.00118123 -0.000923307 -0.000164925 -0.000450439 -0.000350027 6.23485e-05 0.000285357 -0.000171671
internal_weight=63768 4969 4659 4341 4041 1038 3003 58799 30046 2376 27670 27029 2434 641 24595 28753 798 2073 696 1377 27955 12390 11944 15565 7970 7595
internal_count=63768 4969 4659 4341 4041 1038 3003 58799 30046 2376 27670 27029 2434 641 24595 28753 798 2073 696 1377 27955 12390 11944 15565 7970 7595
is_linear=0
shrinkage=0.12


Tree=115
num_leaves=28
num_cat=0
split_feature=1 76 69 66 66 55 29 76 58 28 57 76 47 81 23 13 51 28 58 50 51 5 62 29 81 49 29
split_gain=0.0918518 0.155827 0.125033 0.107138 0.191439 0.353815 0.561159 0.199627 0.259688 0.338939 0.302922 0.221866 0.198282 0.144064 0.126714 0.195787 0.21717 0.1891 0.158368 0.204329 0.178778 0.188485 0.137265 0.115617 0.0970274 0.0559401 0.133044
threshold=20.733049392700199 0.39683233201503759 9.5000000000000018 11.013541698455812 10.913541793823244 0.11977963149547578 10.029144763946535 0.30652938783168798 -1.9425108432769773 77.147258758544936 9.2312502861022967 0.32102885842323309 0.36349463462829595 0.28274585306644445 3.4109667539596562 3.9165500402450566 0.15259838849306109 27.969722747802738 -4.6596980094909659 0.29732061922550207 0.17961286008358004 2.255949974060059 -8.9156250953674299 12.610716819763185 0.038396533578634269 1.6218749880790713 97.370613098144545
decision_type=2 2 2 2 2 2 2 2 2 2 2 2 2 2 2 2 2 2 2 2 2 2 2 2 2 2 2
left_child=3 -2 -3 4 7 13 -7 8 10 -10 -1 -9 -13 -6 18 16 -16 -17 19 22 23 -22 -5 -20 -19 26 -4
right_child=1 2 25 14 5 6 -8 11 9 -11 -12 12 -14 -15 15 17 -18 24 20 -21 21 -23 -24 -25 -26 -27 -28
leaf_value=-0.00048638402462294769 -0.0031357839257290239 -0.0023182392299867598 0.00262116029664115 -0.0015879788954805641 -0.0026583481417424308 0.0068104839858710272 0.00063685677456299284 0.0031454088139496014 -0.0034514568551175201 -2.2253523307131307e-05 0.0031236551766274283 0.00022222716979213537 -0.0010308245100682006 0.0010302550640992494 0.0032826181708815543 -0.0023942746930393274 -0.00079134490785215178 -0.00082951394006467783 -0.0028897094103570282 -5.9268814595584165e-05 -0.0003038232941149629 0.0035626107548239021 -0.004822084420045618 -0.00044579883466349892 -1.2129788028055624e-05 -0.00095257712627836886 -0.00069008798071591541
leaf_weight=2325 356 338 346 382 301 339 566 358 899 771 391 27750 1946 309 501 531 302 2349 359 499 453 303 374 1247 19058 327 353
leaf_count=2325 356 338 346 382 301 339 566 358 899 771 391 27750 1946 309 501 531 302 2349 359 499 453 303 374 1247 19058 327 353
internal_value=-3.49801e-05 -0.000900044 -0.000316523 -1.11021e-05 0.00012362 0.00144383 0.00294941 6.55449e-05 -0.000690723 -0.00186827 3.33234e-05 0.000175913 0.000140114 -0.000789859 -0.000194877 -8.99456e-05 0.00175044 -0.00015731 -0.000854609 -0.00194394 -0.000275816 0.00124582 -0.00318792 -0.000992103 -0.000101822 0.000342912 0.000948956
internal_weight=64033 1720 1364 62313 35955 1515 905 34440 4386 1670 2716 30054 29696 610 26358 22741 803 21938 3617 1255 2362 756 756 1606 21407 1026 699
internal_count=64033 1720 1364 62313 35955 1515 905 34440 4386 1670 2716 30054 29696 610 26358 22741 803 21938 3617 1255 2362 756 756 1606 21407 1026 699
is_linear=0
shrinkage=0.12


Tree=116
num_leaves=20
num_cat=0
split_feature=41 49 81 53 53 5 50 31 47 74 68 50 1 66 50 69 89 86 66
split_gain=0.0894064 0.243681 0.0913441 0.178392 0.197834 0.20738 0.241132 0.188181 0.164023 0.191512 0.341988 0.333551 0.15934 0.137551 0.180862 0.0864243 0.149221 0.0956559 0.0585342
threshold=0.029498630203306678 1.5031250119209292 0.099853701889514937 1.3968749642372134 1.6968750357627871 2.5676499605178837 0.2151904031634331 0.19687499850988391 0.36349463462829595 3.5000000000000004 1.0000000180025095e-35 0.057105464860796935 4.4831500053405771 3.9281250238418584 0.21167759597301486 10.500000000000002 0.62500000000000011 1.0000000180025095e-35 10.607291698455812
decision_type=2 2 2 2 2 2 2 2 2 2 2 2 2 2 2 2 2 2 2
left_child=1 -1 8 -4 5 6 -5 -6 9 15 -11 -12 -9 -10 -15 16 -2 -17 -16
right_child=2 -3 3 4 7 -7 -8 12 13 10 11 -13 -14 14 18 17 -18 -19 -20
leaf_value=-0.00050452440150602126 -0.0030515986762970609 0.0032478473531632013 -0.0027686492286369364 -0.0023854191189631819 -0.0027790542553832506 0.0033935541833851131 0.0016937903651604619 0.0011754405912697957 0.00067236695331264799 0.0042145530637134072 0.0015555723712714032 0.00011290834511623559 -0.0002244291736235593 -0.0035550251635059721 -0.0016885117957868429 2.6269215810696816e-05 2.9338856733845613e-05 -0.0012560623865283558 0.00029077395882245294
leaf_weight=589 423 432 378 325 404 446 583 1215 523 334 2735 14774 32243 458 394 5838 487 978 474
leaf_count=589 423 432 378 325 404 446 583 1215 523 334 2735 14774 32243 458 394 5838 487 978 474
internal_value=-3.07825e-05 0.00108316 -4.8832e-05 -0.000175638 -0.000147805 0.00127455 0.000233721 -0.000204679 0.000115787 0.000194714 0.00041082 0.00033826 -0.000173594 -0.000975663 -0.00162568 -0.000304376 -0.00140279 -0.000157727 -0.000607658
internal_weight=64033 1021 63012 35594 35216 1354 908 33862 27418 25569 17843 17509 33458 1849 1326 7726 910 6816 868
internal_count=64033 1021 63012 35594 35216 1354 908 33862 27418 25569 17843 17509 33458 1849 1326 7726 910 6816 868
is_linear=0
shrinkage=0.12


Tree=117
num_leaves=21
num_cat=0
split_feature=1 2 5 57 23 41 22 57 25 58 71 58 93 59 62 7 49 6 24 6
split_gain=0.0757478 0.164992 0.169055 0.0819614 0.196505 0.205731 0.186238 0.177768 0.189919 0.1734 0.218345 0.176468 0.169353 0.139963 0.136795 0.12704 0.297682 0.155472 0.107476 0.0521763
threshold=21.053549766540531 234.94499969482425 1.5818499922752383 3.4031250476837163 0.73719999194145214 0.10717783495783807 0.49013333022594457 4.0687499046325692 1.0000000180025095e-35 1.0000000180025095e-35 109.50000000000001 -0.55726194381713856 1.0000000180025095e-35 -0.12402901053428649 -1.1757237911224363 9.3116502761840838 1.3468750119209292 7.2946999073028573 3.7625039815902714 2.0584499835968022
decision_type=2 2 2 2 2 2 2 2 2 2 2 2 2 2 2 2 2 2 2 2
left_child=3 2 -2 4 5 -1 12 8 18 11 -11 -9 -5 14 -6 17 -17 -15 -8 -3
right_child=1 19 -4 6 13 -7 7 9 -10 10 -12 -13 -14 15 -16 16 -18 -19 -20 -21
leaf_value=0.0043959828576940535 -0.00047086812436371674 -0.00048339871581346309 -0.0043675268176679698 -0.0038131584650171655 0.00027484439512642317 0.00010028110504274147 0.0014582758340259373 5.0881148640259751e-05 -0.0035098485706869637 -0.0018110314834880619 0.00022463797214642011 0.0015631098318663404 -0.00024454287287236487 2.4315315550582717e-05 0.0033856296222592838 0.00056829009286747884 -0.002206799952400806 0.0011951263278459552 -0.00097341300003181538 0.0015067624824369702
leaf_weight=310 338 513 305 385 479 333 305 13241 389 1558 1479 1213 381 36366 354 1085 1143 1710 1845 301
leaf_count=310 338 513 305 385 479 333 305 13241 389 1558 1479 1213 381 36366 354 1085 1143 1710 1845 301
internal_value=-2.70886e-05 -0.000882428 -0.00231921 -7.17316e-06 8.97188e-05 0.0021713 -0.000201833 -0.000131607 -0.00106991 4.59791e-06 -0.000819673 0.00017779 -0.00203817 5.71822e-05 0.00159683 2.53607e-05 -0.000855376 7.68966e-05 -0.000628452 0.000252521
internal_weight=64033 1457 643 62576 41780 643 20796 20030 2539 17491 3037 14454 766 41137 833 40304 2228 38076 2150 814
internal_count=64033 1457 643 62576 41780 643 20796 20030 2539 17491 3037 14454 766 41137 833 40304 2228 38076 2150 814
is_linear=0
shrinkage=0.12


Tree=118
num_leaves=23
num_cat=0
split_feature=66 66 66 22 72 76 76 6 49 7 23 12 55 69 85 10 3 5 81 72 30 81
split_gain=0.0746131 0.0763563 0.448905 0.447962 0.239624 0.460599 0.238804 0.37576 0.231419 0.245492 0.174518 0.147725 0.16334 0.166724 0.145056 0.273969 0.398204 0.266016 0.161606 0.274002 0.185101 0.101158
threshold=0.60625001788139354 7.9187500476837167 6.8781249523162851 1.3781666755676272 9.0781250000000018 0.81661266088485729 0.39683233201503759 0.70460000634193432 1.3656249642372134 7.3498501777648935 5.8363289833068857 0.77944999933242809 0.12704195827245715 17.500000000000004 1.0000000180025095e-35 2.5000000000000004 0.54504999518394481 0.8291500210762025 2.9280697107315068 31.134374618530277 5.5000000000000009 6.7600200176239023
decision_type=2 2 2 2 2 2 2 2 2 2 2 2 2 2 2 2 2 2 2 2 2 2
left_child=-1 2 11 -4 5 8 -5 -8 10 -10 -3 -2 21 -14 18 16 -16 -17 20 -20 -6 -13
right_child=1 4 3 6 14 -7 7 -9 9 -11 -12 12 13 -15 15 17 -18 -19 19 -21 -22 -23
leaf_value=-0.0014638204678450531 0.0021074713018457993 -0.0012144276268469792 0.0054578133203471045 -0.0021040345353607846 -8.2940397227613692e-05 0.0030248832576326092 0.0053566030795059979 0.00077632690762412943 -0.00013650346809882154 -0.0035410833102113635 -0.0046434786128199583 0.00010559038312033153 -0.00089430870632092668 0.00071071558415631631 -0.0032047231832966093 -0.0023875918329774753 0.00043386055007188886 0.0017349610781162365 0.0011297329656325252 -0.0023195953991924632 0.002094679994247122 0.0020361410644146858
leaf_weight=514 451 360 378 309 32444 340 305 1671 1399 390 526 11179 4971 1147 1087 309 720 833 3355 368 572 405
leaf_count=514 451 360 378 309 32444 340 305 1671 1399 390 526 11179 4971 1147 1087 309 720 833 3355 368 572 405
internal_value=-2.3838e-05 -1.21855e-05 0.000176258 0.00163121 -0.000104044 -0.00113539 0.000998188 0.0014833 -0.00166417 -0.000878698 -0.00325018 -3.71793e-05 -9.18193e-05 -0.000593399 -2.56958e-05 -0.000835435 -0.00175493 0.000619489 3.93011e-05 0.000788784 -4.52133e-05 0.000173086
internal_weight=64033 63519 20816 2663 42703 3015 2285 1976 2675 1789 886 18153 17702 6118 39688 2949 1807 1142 36739 3723 33016 11584
internal_count=64033 63519 20816 2663 42703 3015 2285 1976 2675 1789 886 18153 17702 6118 39688 2949 1807 1142 36739 3723 33016 11584
is_linear=0
shrinkage=0.12


Tree=119
num_leaves=15
num_cat=0
split_feature=53 41 49 49 9 29 0 12 0 29 66 66 65 45
split_gain=0.0690482 0.0679623 0.187924 0.0813787 0.144701 0.239432 0.264317 0.183786 0.0923739 0.0995591 0.0957306 0.398054 0.203293 0.0897706
threshold=3.1000000238418584 0.029498630203306678 1.5031250119209292 1.8906250000000002 1.0000000180025095e-35 16.092858314514164 35.021150588989265 2.7224000692367558 114.37549972534181 89.126171112060561 7.9187500476837167 6.8781249523162851 33.500000000000007 0.54687500000000011
decision_type=2 2 2 2 2 2 2 2 2 2 2 2 2 2
left_child=1 2 -1 8 5 6 -5 -7 10 13 11 -3 -12 -10
right_child=-2 3 -4 4 -6 7 -8 -9 9 -11 12 -13 -14 -15
leaf_value=-0.000449849422099045 0.0015275083816895945 2.6240867796573363e-05 0.002852016386829994 -0.0010339022597581639 0.001195362922355767 0.0018109488902587276 -0.0050419971665355548 -0.00072150663707392379 -0.000587877593435113 0.00015890279347529981 -0.0011691402332643839 0.001703900929474267 -2.60273034571311e-05 -0.0034062613484899633
leaf_weight=589 412 16516 429 729 584 519 351 2014 313 532 2389 2323 35994 339
leaf_count=589 412 16516 429 729 584 519 351 2014 313 532 2389 2323 35994 339
internal_value=-2.09774e-05 -3.10052e-05 0.000941605 -4.6821e-05 -0.000557207 -0.000840489 -0.00233653 -0.000202618 -1.01452e-05 -0.00105928 1.15629e-05 0.00023311 -9.71759e-05 -0.00205326
internal_weight=64033 63621 1018 62603 4197 3613 1080 2533 58406 1184 57222 18839 38383 652
internal_count=64033 63621 1018 62603 4197 3613 1080 2533 58406 1184 57222 18839 38383 652
is_linear=0
shrinkage=0.12


Tree=120
num_leaves=28
num_cat=0
split_feature=53 66 70 47 76 24 61 24 14 28 29 53 19 28 47 55 6 65 34 5 29 34 71 76 22 62 55
split_gain=0.110613 0.175347 0.286968 0.206784 0.187412 0.183905 0.170834 0.159903 0.175344 0.168462 0.160675 0.131518 0.308058 0.251234 0.17734 0.32801 0.129256 0.320191 0.174435 0.121065 0.120016 0.157302 0.328462 0.21841 0.130843 0.126172 0.070045
threshold=2.3031250238418584 4.3781249523162851 14.500000000000002 0.19531755894422534 0.5961626172065736 14.156582355499269 2.8093750476837163 14.018450260162355 -0.21474999934434888 57.476243972778327 84.550380706787124 2.2843749523162846 0.30729167163372045 63.623437881469734 0.1112537980079651 0.14370603859424594 8.0503997802734393 37.500000000000007 1.2540714144706728 1.3005999922752383 -79.195522308349595 1.3122571110725405 70.500000000000014 0.75329998135566723 0.20306666940450671 7.6057021617889413 0.13265458494424823
decision_type=2 2 2 2 2 2 2 2 2 2 2 2 2 2 2 2 2 2 2 2 2 2 2 2 2 2 2
left_child=11 2 -2 19 5 16 -7 8 10 -10 -6 20 13 -13 26 -16 18 -18 -3 -4 -1 24 23 -23 -22 -26 -15
right_child=1 4 3 -5 7 6 -8 -9 9 -11 -12 12 -14 14 15 -17 17 -19 -20 -21 21 22 -24 -25 25 -27 -28
leaf_value=-0.0021596711195717732 0.0043181072973285713 -0.00011310877326895561 0.0011972391624493121 0.0029127600955421496 -0.004266547442353128 0.0039394654918025844 -1.2655593475808314e-05 -0.0027747473357926104 -0.0024693747305621332 -0.00021168387881839772 -0.00046932773786247702 0.0046057369851897579 -0.0022422324745868557 -0.0018236221052532751 0.0043018616111177204 -0.00040301361191437472 -0.00018217512071275741 0.0040431613732833591 -0.001789205285928024 -0.0017564086517738403 -0.0023203694697884886 0.0046231378470928683 -0.0013352191496988569 0.00045096058513063381 0.00012133145895078964 -0.0012258911857140791 0.00069075808569147418
leaf_weight=340 310 12174 308 304 345 316 314 539 523 5287 300 340 346 308 460 398 895 363 965 569 329 452 390 301 35593 1030 331
leaf_count=340 310 12174 308 304 345 316 314 539 523 5287 300 340 346 308 460 398 895 363 965 569 329 452 390 301 35593 1030 331
internal_value=1.6448e-05 -0.000190694 0.00106871 0.000215777 -0.000275966 -3.71366e-05 0.00196968 -0.000789105 -0.000623302 -0.000414915 -0.0025004 0.000136354 0.0010424 0.00166106 0.000992266 0.00211941 -0.000124953 0.00103706 -0.00023621 -0.000719096 8.48928e-05 0.000104926 0.00149139 0.00295538 6.20394e-05 8.34416e-05 -0.000521181
internal_weight=64130 23512 1491 1181 22021 15027 630 6994 6455 5810 645 40618 2183 1837 1497 858 14397 1258 13139 877 38435 38095 1143 753 36952 36623 639
internal_count=64130 23512 1491 1181 22021 15027 630 6994 6455 5810 645 40618 2183 1837 1497 858 14397 1258 13139 877 38435 38095 1143 753 36952 36623 639
is_linear=0
shrinkage=0.12


Tree=121
num_leaves=29
num_cat=0
split_feature=53 5 7 13 22 70 89 34 53 41 55 66 81 2 1 47 6 78 5 13 1 0 78 78 81 65 66 65
split_gain=0.085659 0.150347 0.286103 0.312544 0.151802 0.363819 0.575589 0.568792 0.236148 0.223437 0.214511 0.212294 0.131422 0.138102 0.113492 0.149643 0.148792 0.106309 0.389171 0.248138 0.198524 0.193222 0.161027 0.130178 0.125761 0.124166 0.227407 0.096228
threshold=2.3031250238418584 3.6254500150680546 7.4010500907897958 6.0144500732421884 1.8568916916847231 13.500000000000002 0.37500000000000006 1.0991571545600893 2.3906250000000004 0.12350913509726526 0.14816941320896151 10.263541698455812 7.0608162879943857 276.83000183105474 19.103349685668949 0.10372335836291315 8.0989003181457537 -7.9951486587524405 1.4967499971389773 3.4436500072479252 10.3575496673584 8.6842999458313006 -9.6650195121765119 -7.4530467987060538 23.823505401611332 12.500000000000002 3.9281250238418584 8.5000000000000018
decision_type=2 2 2 2 2 2 2 2 2 2 2 2 2 2 2 2 2 2 2 2 2 2 2 2 2 2 2 2
left_child=17 4 3 -3 5 8 7 -7 11 -10 -8 -2 14 -14 16 -16 -6 18 22 -20 -21 -22 -1 -19 25 27 -27 -25
right_child=1 2 -4 -5 12 6 10 -9 9 -11 -12 -13 13 -15 15 -17 -18 23 19 20 21 -23 -24 24 -26 26 -28 -29
leaf_value=0.0033011207322395123 0.0045578699031065852 0.0054831376944618699 -0.0014976457691607259 0.00014176652586246735 3.0124578539100349e-05 -0.0012000507909804582 -0.0015883747622311355 -0.0065250740366063244 -0.0018943521702946145 0.0010403618367914888 0.001078691676986846 0.00028676016816047843 -0.0035063058559026104 -0.00019559008353845457 -0.0030215259548801846 -0.00015103155396745967 0.0023413644009086104 0.0022270728161868057 -0.0043951636129244478 -0.0032091179292309544 -0.0017500380671264817 0.0024236055641058806 2.2033635876544308e-05 3.3340674793751817e-05 -0.0018941012608622277 0.002061791607523449 0.00021963194094127815 -0.00085539739048981901
leaf_weight=344 307 315 343 316 15160 600 906 557 773 723 834 369 320 419 399 759 412 437 414 346 316 323 578 5537 431 999 28325 2568
leaf_count=344 307 315 343 316 15160 600 906 557 773 723 834 369 320 419 399 759 412 437 414 346 316 323 578 5537 431 999 28325 2568
internal_value=1.44742e-05 -0.000167811 0.00129188 0.00280822 -0.000230893 -0.000809037 -0.00168931 -0.00376361 0.000365068 -0.000476038 -0.000310022 0.00222645 -6.31325e-05 -0.00162919 6.04357e-06 -0.00114009 9.12748e-05 0.000119991 -0.000668599 -0.00193005 -0.000893952 0.000359644 0.00124547 0.000167784 0.000144015 0.000167484 0.00028239 -0.000248248
internal_weight=64130 23512 974 631 22538 5069 2897 1157 2172 1496 1740 676 17469 739 16730 1158 15572 40618 2321 1399 985 639 922 38297 37860 37429 29324 8105
internal_count=64130 23512 974 631 22538 5069 2897 1157 2172 1496 1740 676 17469 739 16730 1158 15572 40618 2321 1399 985 639 922 38297 37860 37429 29324 8105
is_linear=0
shrinkage=0.12


Tree=122
num_leaves=20
num_cat=0
split_feature=24 24 78 0 29 16 62 16 6 1 2 54 6 19 2 54 70 22 6
split_gain=0.0730836 0.219539 0.203781 0.235704 0.427684 0.226183 0.225536 0.309151 0.088373 0.424262 0.284784 0.407531 0.235955 0.219619 0.195105 0.0878047 0.0874331 0.449304 0.149255
threshold=2.8045762777328496 2.9733027219772343 19999915.000000004 54.081701278686531 66.261951446533217 2.1094824075698857 -0.98513057827949513 2.7163449525833134 7.9960501194000253 16.542850494384769 181.02500152587893 -0.024341191165149208 7.5614500045776376 0.30364583432674414 244.06500244140628 0.075872745364904418 5.5000000000000009 2.1358332633972172 6.6885499954223642
decision_type=2 2 2 2 2 2 2 2 2 2 2 2 2 2 2 2 2 2 2
left_child=2 -2 3 5 -5 15 -7 -8 12 -10 -11 -12 16 14 -14 -1 17 -3 -18
right_child=1 8 -4 4 -6 6 7 -9 9 10 11 -13 13 -15 -16 -17 18 -19 -20
leaf_value=-0.0035325768267263466 0.0025986389762147153 0.0046703561394958971 0.0015899036084301768 -0.0056929227251302054 -0.00024972012038822011 -0.0014285405946149606 0.0039763192698762627 -0.00074853992685150938 0.0049126454793616027 -0.0022013841919188968 0.004814707029063385 -0.00039188810212872959 -0.0039105079052982328 0.0011395561376512872 -0.00074980892534464751 -0.00066953246954159389 6.9785485811313334e-05 -0.0012939913814366496 -0.00071782620992522713
leaf_weight=308 480 325 540 369 476 457 455 355 307 538 313 702 558 346 567 309 52603 413 3709
leaf_count=308 480 325 540 369 476 457 455 355 307 538 313 702 558 346 567 309 52603 413 3709
internal_value=1.27373e-05 4.24265e-05 -0.000540005 -0.00096146 -0.00262669 -0.00021458 0.00070296 0.00190555 2.21058e-05 0.000836417 3.06202e-05 0.00121369 -3.77579e-06 -0.00150436 -0.00231752 -0.00209873 3.4916e-05 0.00133258 1.79093e-05
internal_weight=64130 60861 3269 2729 845 1884 1267 810 60381 1860 1553 1015 58521 1471 1125 617 57050 738 56312
internal_count=64130 60861 3269 2729 845 1884 1267 810 60381 1860 1553 1015 58521 1471 1125 617 57050 738 56312
is_linear=0
shrinkage=0.12


Tree=123
num_leaves=33
num_cat=0
split_feature=94 24 14 57 90 78 23 69 71 90 49 55 75 47 50 81 81 1 76 28 16 2 14 51 23 72 56 71 28 29 58 50
split_gain=0.0663385 0.104225 0.409367 0.253753 0.289636 0.366011 0.160208 0.154301 0.340525 0.434215 0.153787 0.186614 0.144667 0.106853 0.180665 0.122977 0.279689 0.20808 0.198198 0.196177 0.171041 0.168575 0.0932557 0.0884851 0.0822723 0.0530429 0.0635086 0.071198 0.0617306 0.0521722 0.0303594 0.0180505
threshold=1.0000000180025095e-35 11.652517318725588 6.5883500576019296 7.2406251430511483 1.0000000180025095e-35 4.1626570224761972 6.8909666538238534 17.500000000000004 8.5000000000000018 1.0000000180025095e-35 1.4656249880790713 0.23629727214574817 10.500000000000002 0.48276242613792425 0.17594388872385028 2.044121623039246 1.685830891132355 11.581449985504152 0.23588120937347415 75.917819976806655 2.1094824075698857 192.84500122070315 7.3326499462127694 0.099199913442134871 8.6055665016174334 28.35624980926514 1.0000000180025095e-35 32.500000000000007 85.138607025146499 173.00728607177737 -1.2122145891189573 0.39888826012611395
decision_type=2 2 2 2 2 2 2 2 2 2 2 2 2 2 2 2 2 2 2 2 2 2 2 2 2 2 2 2 2 2 2 2
left_child=1 13 3 4 5 -3 -6 10 -9 -10 12 -12 -4 15 -15 16 20 21 -19 -18 -1 -17 25 -16 -24 26 27 -2 29 -28 -26 -30
right_child=22 2 7 -5 6 -7 -8 8 9 -11 11 -13 -14 14 23 17 19 18 -20 -21 -22 -23 24 -25 30 -27 28 -29 31 -31 -32 -33
leaf_value=-0.0017134467143709517 -0.00055386326671028974 -0.0070324852735408252 -0.00063553772263990151 0.0007451987771284101 -0.0031746360312078009 -0.001938985936884856 3.035347343834697e-05 -0.0014101880766579583 0.0061904294293326969 -3.7550532001244013e-05 0.00057012448132599401 -0.00085515610138499722 0.0020463815748026767 0.0033198218760684163 -0.0013882931061465677 0.0023849172882139955 0.0039960329069724659 0.0011757247558783369 -0.0011679008927477643 0.00064672132272657154 0.00018514527414508595 -8.686203714927489e-05 0.0014897336245072793 0.0011853854852878504 0.00026503961620360242 -0.0019374709840915467 0.0014942804744616769 -0.002841708598837543 -0.00054060053388136167 -0.00019370302423169853 -0.0012282510344059495 -0.0017903274121419566
leaf_weight=698 493 333 6126 504 324 521 732 377 328 317 6437 1665 304 407 306 578 461 605 3682 555 32400 1271 582 518 449 479 361 325 340 978 348 326
leaf_count=698 493 333 6126 504 324 521 732 377 328 317 6437 1665 304 407 306 578 461 605 3682 555 32400 1271 582 518 449 479 361 325 340 978 348 326
internal_value=1.12088e-05 4.54565e-05 -0.000195962 -0.00164988 -0.00228188 -0.00392509 -0.000952996 2.96881e-05 0.00145491 0.00312955 -7.05442e-05 0.000277222 -0.000508741 0.00015003 0.00125132 0.000116348 0.000205306 -0.00037823 -0.000837158 0.00216644 0.000145106 0.00068582 -0.000423738 0.000229626 0.000405074 -0.000769872 -0.000571756 -0.00146285 -0.000208208 0.000261384 -0.000386987 -0.00115233
internal_weight=64130 59449 17968 2414 1910 854 1056 15554 1022 645 14532 8102 6430 41481 1231 40250 34114 6136 4287 1016 33098 1849 4681 824 1379 3302 2823 818 2005 1339 797 666
internal_count=64130 59449 17968 2414 1910 854 1056 15554 1022 645 14532 8102 6430 41481 1231 40250 34114 6136 4287 1016 33098 1849 4681 824 1379 3302 2823 818 2005 1339 797 666
is_linear=0
shrinkage=0.12


Tree=124
num_leaves=18
num_cat=0
split_feature=84 5 2 14 41 22 47 46 29 51 0 69 65 54 78 78 78
split_gain=0.06719 0.0977733 0.225058 0.0841522 0.135992 0.134722 0.130574 0.103061 0.0689544 0.296005 0.087856 0.214008 0.350981 0.141771 0.227297 0.129534 0.0982248
threshold=1.0000000180025095e-35 3.9222500324249272 144.85500335693362 2.806650042533875 0.14745648205280307 1.6952583789825442 0.14715449512004855 0.35386279225349432 -79.195522308349595 0.11052076891064645 30.37609958648682 10.500000000000002 12.500000000000002 -0.12175434455275534 13.593667507171633 -10.30855083465576 0.14590385556221011
decision_type=2 2 2 2 2 2 2 2 2 2 2 2 2 2 2 2 2
left_child=1 8 -3 7 6 -6 -5 -2 9 -1 13 12 -12 14 -10 -13 -15
right_child=3 2 -4 4 5 -7 -8 -9 10 -11 11 15 -14 16 -16 -17 -18
leaf_value=-0.0035663047644939492 -0.0027867633338910054 0.0032048266187586364 -0.0009098440732644952 0.00027712902915290208 0.0030014440398718717 -0.00041241726450715738 -0.0028038303797279507 -0.00017498563403756475 -0.0016621561551697335 0.00078687770192195248 -0.0021526676983880276 0.0021716290316987357 0.00076173129767713585 -0.00039857908588400914 -1.5947891894060871e-06 -0.00010029835082147768 0.00015026826270630233
leaf_weight=383 461 430 345 436 315 353 363 412 2072 545 631 368 10442 6448 2779 20071 17276
leaf_count=383 461 430 345 436 315 353 363 412 2072 545 631 368 10442 6448 2779 20071 17276
internal_value=9.86377e-06 3.37667e-05 0.00137313 -0.000621317 -6.61831e-05 0.00119741 -0.00112261 -0.00155417 1.67544e-05 -0.00100975 3.26079e-05 0.000170784 0.000595653 -0.00011977 -0.000710868 -5.93928e-05 1.09579e-06
internal_weight=64130 61790 775 2340 1467 668 799 873 61015 928 60087 31512 11073 28575 4851 20439 23724
internal_count=64130 61790 775 2340 1467 668 799 873 61015 928 60087 31512 11073 28575 4851 20439 23724
is_linear=0
shrinkage=0.12


Tree=125
num_leaves=28
num_cat=0
split_feature=19 78 14 23 54 54 78 19 72 41 78 78 12 41 59 54 89 29 13 10 81 51 3 28 66 3 12
split_gain=0.128857 0.145547 0.233988 0.228806 0.211847 0.198785 0.118786 0.123036 0.152081 0.0913628 0.0798606 0.172076 0.175304 0.306356 0.236466 0.182721 0.567011 0.156394 0.145634 0.205936 0.198114 0.219415 0.19018 0.158374 0.298559 0.139621 0.125646
threshold=0.21770833432674411 -5.369107484817504 4.7743999958038339 4.3826167583465585 0.083763193339109435 -0.095496479421854005 0.029376624152064327 0.049999998882412917 16.828125000000004 0.12737282365560534 5.5047144889831552 5.2153663635253915 0.88955000042915355 0.11647883430123331 2.264075875282288 -0.2246882691979408 0.37500000000000006 3.20830249786377 1.7795999646186831 2.5000000000000004 4.8924067020416269 0.13361071795225146 0.3814499974250794 57.476243972778327 10.642708301544191 0.2588499933481217 2.4835499525070195
decision_type=2 2 2 2 2 2 2 2 2 2 2 2 2 2 2 2 2 2 2 2 2 2 2 2 2 2 2
left_child=1 2 -1 4 5 -3 -5 -8 -9 -6 11 12 13 14 -2 16 -14 -17 19 22 23 -22 -12 24 -20 -25 -24
right_child=10 3 -4 6 9 -7 7 8 -10 -11 18 -13 15 -15 -16 17 -18 -19 20 -21 21 -23 26 25 -26 -27 -28
leaf_value=0.00011471152464535249 0.0009907578707918955 0.00090613022403119767 0.0046612170269685676 -0.0024692717853176871 0.0014264981681045225 0.0050490520733633866 0.0019854838412427327 -0.00084961940948014849 0.0012056258351280261 -0.0013694160128315893 -0.0023891807438010319 0.002523765399486429 -0.0051200963643942632 -0.00082758195498378343 0.0054048984522312238 0.00086380953288043921 0.0010031058598332196 -4.4176873044245396e-05 2.5424123284473317e-05 -0.0039973953311779435 -0.0037938668842370433 3.7467252311735224e-05 0.0021365503555375344 0.0012797993852859443 -0.0015657129390208848 3.6730608945784567e-05 -0.00071240311679964376
leaf_weight=345 363 305 309 300 374 368 403 1839 722 306 546 425 387 477 337 3177 498 19486 4928 314 433 428 373 1383 2591 21981 554
leaf_count=345 363 305 309 300 374 368 403 1839 722 306 546 425 387 477 337 3177 498 19486 4928 314 433 428 373 1383 2591 21981 554
internal_value=1.90519e-05 0.000587395 0.00226283 0.000350069 0.00166215 0.0031715 -0.000193817 3.64918e-05 -0.000270202 0.000168337 -3.19994e-05 0.000129642 8.84894e-05 0.00151771 0.00311585 1.70529e-05 -0.0016745 8.31087e-05 -0.000153239 -0.00120728 -9.39025e-05 -0.00188932 -0.000612512 -4.38472e-05 -0.000522872 0.000110312 0.00043394
internal_weight=63952 5271 654 4617 1353 673 3264 2964 2561 680 58681 25150 24725 1177 700 23548 885 22663 33531 1787 31744 861 1473 30883 7519 23364 927
internal_count=63952 5271 654 4617 1353 673 3264 2964 2561 680 58681 25150 24725 1177 700 23548 885 22663 33531 1787 31744 861 1473 30883 7519 23364 927
is_linear=0
shrinkage=0.12


Tree=126
num_leaves=25
num_cat=0
split_feature=19 55 78 11 23 50 57 51 13 7 74 71 50 71 50 50 75 78 71 29 81 71 23 61
split_gain=0.0999752 0.20491 0.221177 0.268325 0.137009 0.130851 0.140652 0.100727 0.162261 0.10567 0.0760095 0.179986 0.172035 0.145622 0.175444 0.167459 0.0830074 0.189255 0.284997 0.210108 0.0992351 0.150259 0.132099 0.0797605
threshold=0.21979166567325595 0.30615715682506567 -1.114103317260742 1.0000000180025095e-35 4.3826167583465585 0.26366309821605688 0.19999999552965167 0.080557722598314299 7.0514500141143808 3.8282500505447392 46.500000000000007 130.50000000000003 -0.031888583675026887 138.50000000000003 0.066352430731058135 0.21402972936630252 4.5000000000000009 -1.114103317260742 86.500000000000014 -59.238550186157219 4.0872471332550058 28.500000000000004 4.2198333740234384 7.9218750000000009
decision_type=2 2 2 2 2 2 2 2 2 2 2 2 2 2 2 2 2 2 2 2 2 2 2 2
left_child=1 2 3 -1 5 6 -4 9 -9 -6 11 16 -12 15 -15 -14 20 18 -18 -19 22 -22 -2 -16
right_child=10 -3 4 -5 7 -7 -8 8 -10 -11 12 -13 13 14 23 -17 17 19 -20 -21 21 -23 -24 -25
leaf_value=0.00042308433686973144 -0.00034340954781545969 -0.0016340178309656038 0.0044186792377884001 0.0048952032100672734 -0.0026964362012110469 0.00012884731017445811 0.00084284402545201315 -0.00078678966827977167 0.0012764116037983135 0.00019704018308192275 -0.0031421271100832079 0.0023742545432836304 -0.0038022967333797304 0.0024226525794712904 -0.0012265879927662938 -0.00018867428282775528 0.00223243714867985 0.0027059006035894191 -0.00042306742345912395 -0.00011923067745091509 0.00063893942066546041 -0.0014067932600027025 0.00011681758574233454 0.0001150267024520611
leaf_weight=393 13584 576 325 380 364 536 309 975 1256 363 329 460 336 392 896 410 1515 398 945 7973 727 1790 26503 2217
leaf_count=393 13584 576 325 380 364 536 309 975 1256 363 329 460 336 392 896 410 1515 398 945 7973 727 1790 26503 2217
internal_value=1.67657e-05 0.000507012 0.00075864 0.00262154 0.000409798 0.00150904 0.00267588 -2.49913e-05 0.000374744 -0.00125169 -2.91527e-05 1.07304e-05 -0.000498475 -0.000293874 3.01487e-05 -0.00181626 -9.61624e-06 0.000287016 0.00121233 1.50905e-05 -8.50275e-05 -0.000815912 -3.91363e-05 -0.000271124
internal_weight=63952 5477 4901 773 4128 1170 634 2958 2231 727 58475 53895 4580 4251 3505 746 53435 10831 2460 8371 42604 2517 40087 3113
internal_count=63952 5477 4901 773 4128 1170 634 2958 2231 727 58475 53895 4580 4251 3505 746 53435 10831 2460 8371 42604 2517 40087 3113
is_linear=0
shrinkage=0.12


Tree=127
num_leaves=27
num_cat=0
split_feature=78 0 28 53 78 28 47 85 54 92 41 22 66 47 7 33 53 22 75 2 78 82 2 53 14 29
split_gain=0.0797771 0.21612 0.411709 0.225429 0.181107 0.183679 0.18211 0.174452 0.222424 0.185571 0.162571 0.134282 0.34551 0.219789 0.176942 0.125398 0.342857 0.186908 0.110072 0.151921 0.140539 0.213076 0.307143 0.132304 0.118376 0.0746969
threshold=5.4182004928588876 32.907199859619148 32.272757530212409 1.7968750000000002 5.1597273349761972 35.346353530883796 0.077008258551359191 1.0000000180025095e-35 -0.05376500450074672 1.1210714578628542 0.10641206800937654 0.60985001921653759 4.0468750000000009 0.08910184353590013 6.4712500572204599 0.21037188917398456 1.9281249642372134 1.8409833312034609 10.500000000000002 252.43499755859378 19999985.000000004 1.0000000180025095e-35 274.69999694824224 2.7593749761581425 -1.0077499747276304 155.00370025634768
decision_type=2 2 2 2 2 2 2 2 2 2 2 2 2 2 2 2 2 2 2 2 2 2 2 2 2 2
left_child=1 4 -3 -4 5 6 -1 8 -5 -9 -8 12 -2 -14 -15 16 -7 -17 20 -20 23 22 -22 24 -13 -21
right_child=11 2 3 7 -6 15 10 9 -10 -11 -12 18 13 14 -16 17 -18 -19 19 25 21 -23 -24 -25 -26 -27
leaf_value=-0.0040558239741378694 0.0015176666392544736 0.0043613186905603601 -0.002535602649059806 0.0020592031094657437 0.0026686429367373029 0.0044510989015225716 0.0014157591973615329 0.00015122846357408772 0.000443817934760337 -0.0031979949008573865 -0.001898351436198618 0.0012331151568502896 0.00024940653266094159 -0.0019924330755171399 -0.0058374950775876636 -0.0010711946279735797 0.00027337726981509772 4.6421853994438583e-05 -0.0031155139649162531 0.0011436935600722122 0.0047015512002995816 -0.001081970801055207 0.0003091275025524625 -0.0018615710433653079 -7.6453121925039151e-05 -0.0014058657383082308
leaf_weight=306 454 417 339 1730 347 309 338 1101 4225 304 577 1027 300 405 300 2647 3346 11588 397 327 400 415 537 581 30900 335
leaf_count=306 454 417 339 1730 347 309 338 1101 4225 304 577 1027 300 405 300 2647 3346 11588 397 327 400 415 537 581 30900 335
internal_value=1.47538e-05 0.000168698 0.000688882 0.000489972 -4.82727e-05 -9.7604e-05 -0.00152163 0.000629329 0.000913107 -0.000573443 -0.000674123 -0.000101934 -0.00122984 -0.00247101 -0.00362863 -4.13965e-07 0.000626569 -0.000161399 -5.48068e-05 -0.00125952 -1.71282e-05 0.00118166 0.00218423 -6.69855e-05 -3.43281e-05 -0.000146491
internal_weight=63952 27574 8116 7699 19458 19111 1221 7360 5955 1405 915 36378 1459 1005 705 17890 3655 14235 34919 1059 33860 1352 937 32508 31927 662
internal_count=63952 27574 8116 7699 19458 19111 1221 7360 5955 1405 915 36378 1459 1005 705 17890 3655 14235 34919 1059 33860 1352 937 32508 31927 662
is_linear=0
shrinkage=0.12


Tree=128
num_leaves=17
num_cat=0
split_feature=19 47 47 5 5 47 5 33 0 24 10 54 28 85 19 33
split_gain=0.0768608 0.0772825 0.208689 0.232119 0.184571 0.179815 0.165562 0.148906 0.147796 0.284168 0.168003 0.264246 0.13819 0.13503 0.117414 0.0755597
threshold=0.025000000372529033 0.081110246479511275 0.083793666213750853 1.7578499913215639 3.6985499858856206 0.077008258551359191 0.2588499933481217 0.2139857038855553 76.639499664306655 4.3568959236145028 2.5000000000000004 0.058099495247006423 23.051969528198246 1.0000000180025095e-35 0.29479165375232702 0.32566010951995855
decision_type=2 2 2 2 2 2 2 2 2 2 2 2 2 2 2 2
left_child=-1 4 3 -3 5 6 -2 -7 10 -10 13 -12 -8 -4 -11 -9
right_child=1 2 8 -5 -6 7 12 15 9 14 11 -13 -14 -15 -16 -17
leaf_value=0.0016271181035013339 0.0025394761873612881 -6.7636527106665147e-05 0.00010997436829082233 0.003608042400707214 0.00201469638087236 -0.0037549854678858366 -0.002625183044580938 0.00073195605143667227 -0.0036108449594156214 5.1813134007685645e-05 0.002037147522291889 -7.2694840092889045e-05 -0.00016429536182978013 -0.0008930533000082062 -0.001208515875963388 -0.001498498740917197
leaf_weight=422 320 485 33781 505 520 341 336 302 399 3907 1632 1795 14901 2050 1463 793
leaf_count=422 320 485 33781 505 520 341 336 302 399 3907 1632 1795 14901 2050 1463 793
internal_value=1.29833e-05 2.26141e-06 8.39109e-05 0.00180733 -0.00021228 -0.000280427 -0.00016183 -0.00156526 4.60184e-05 -0.000521122 0.00012936 0.000932051 -0.000218562 5.25881e-05 -0.00029155 -0.000883341
internal_weight=63952 63530 46017 990 17513 16993 15557 1436 45027 5769 39258 3427 15237 35831 5370 1095
internal_count=63952 63530 46017 990 17513 16993 15557 1436 45027 5769 39258 3427 15237 35831 5370 1095
is_linear=0
shrinkage=0.12


Tree=129
num_leaves=26
num_cat=0
split_feature=19 62 2 66 66 22 70 53 49 54 75 62 22 58 22 49 54 1 28 47 50 22 58 47 51
split_gain=0.0748595 0.124868 0.150136 0.312672 0.234818 0.208347 0.107016 0.14701 0.157501 0.137661 0.127522 0.0693569 0.221605 0.0954809 0.257605 0.201241 0.249974 0.0921018 0.193446 0.142754 0.0915481 0.0866308 0.203284 0.0858252 0.0745007
threshold=0.21979166567325595 -46.870124816894524 173.81500244140628 9.6395831108093279 11.038541793823244 1.9392499923706057 12.500000000000002 2.1343749761581425 0.93437498807907116 0.19581856578588488 3.5000000000000004 -72.404052734374986 1.8156083226203921 -27.623100280761715 0.85221666097641002 1.8718749880790713 -0.12938164174556729 5.5274500846862802 45.181859970092781 0.19246930629014972 0.20839501917362216 3.9555083513259892 -0.86687913537025441 0.12712826579809192 0.59867665171623241
decision_type=2 2 2 2 2 2 2 2 2 2 2 2 2 2 2 2 2 2 2 2 2 2 2 2 2
left_child=1 -1 3 5 -5 -3 10 8 -8 -9 -4 12 -2 14 -13 16 -16 18 20 -20 -15 24 -23 -14 -19
right_child=11 2 6 4 -6 -7 7 9 -10 -11 -12 13 23 17 15 -17 -18 21 19 -21 -22 22 -24 -25 -26
leaf_value=-0.0017181436705924968 0.0034257752726505903 -0.0019148118011722923 0.00249558983496869 0.005938544975183209 0.001469593877777794 0.0022104695257689996 -0.0009028786847012502 -0.0028597060495247624 0.0012693389144386607 0.000163946975404218 -0.00059527171049267053 -0.0038397859149026095 -0.001751086325508552 -0.0036513238452425866 0.002663022652185256 -0.0028321552762366848 -0.00040424909682600899 5.7086875100620544e-05 -0.00055090062211251493 0.00073727328128102537 -0.00095850918113199522 -0.00086942054763702403 0.0032483490936931086 0.00090069437358276136 -0.0012901085672777834
leaf_weight=362 346 402 535 308 376 314 797 468 1211 404 300 324 316 352 434 414 3231 44825 4448 1717 376 315 382 396 599
leaf_count=362 346 402 535 308 376 314 797 468 1211 404 300 324 316 352 434 414 3231 44825 4448 1717 376 315 382 396 599
internal_value=1.14253e-05 0.000435646 0.000588074 0.00164712 0.00348193 -0.00010568 0.000188971 -0.000157824 0.000407159 -0.00145884 0.0013851 -2.83088e-05 0.000934452 -4.60492e-05 -0.000583007 -0.000324317 -4.10306e-05 -1.45296e-06 -0.000410587 -0.000192134 -0.00226053 5.9694e-05 0.00138738 -0.00027622 3.93216e-05
internal_weight=63952 5477 5115 1400 684 716 3715 2880 2008 872 835 58475 1058 57417 4403 4079 3665 53014 6893 6165 728 46121 697 712 45424
internal_count=63952 5477 5115 1400 684 716 3715 2880 2008 872 835 58475 1058 57417 4403 4079 3665 53014 6893 6165 728 46121 697 712 45424
is_linear=0
shrinkage=0.12


Tree=130
num_leaves=32
num_cat=0
split_feature=0 8 10 29 0 29 51 55 51 85 0 55 24 22 55 76 13 13 69 29 13 28 46 51 65 0 22 93 28 50 69
split_gain=0.0646185 0.294841 0.159168 0.142483 0.186475 0.190654 0.215175 0.175096 0.211496 0.130566 0.242178 0.149582 0.133796 0.304008 0.221258 0.154935 0.115499 0.113787 0.105144 0.256615 0.31955 0.271048 0.247963 0.238599 0.164794 0.102258 0.0771216 0.0716559 0.0631557 0.0357834 0.0347066
threshold=76.639499664306655 10.933978080749513 2.5000000000000004 149.59375000000003 70.644802093505874 6.0480804443359384 0.17423008382320407 0.19921671599149707 0.14279226213693622 1.0000000180025095e-35 56.359949111938484 0.04735169745981694 2.9733027219772343 1.1941999793052676 0.1297172158956528 0.32473759353160864 1.1560999751091006 1.8833500146865847 5.5000000000000009 7.95347023010254 7.4598500728607187 85.753326416015639 0.24700525403022769 0.1060345806181431 8.5000000000000018 70.644802093505874 2.0720334053039555 1.0000000180025095e-35 74.688381195068374 0.42210277915000921 14.500000000000002
decision_type=2 2 2 2 2 2 2 2 2 2 2 2 2 2 2 2 2 2 2 2 2 2 2 2 2 2 2 2 2 2 2
left_child=2 18 9 4 5 -4 -7 8 -6 12 11 -11 13 14 -1 -15 -14 -18 23 20 21 -20 27 -2 -24 30 -13 -21 -25 -27 -5
right_child=1 -3 3 25 7 6 -8 -9 -10 10 -12 26 16 15 -16 -17 17 -19 19 22 -22 -23 24 28 -26 29 -28 -29 -30 -31 -32
leaf_value=0.00094394759810321766 -0.0039736595976545483 -0.0035513777450806002 -0.0016890025145996474 0.0014817165175500229 0.0024383046905855862 4.4359521942952156e-05 0.0033233103063565663 0.0040315834584806294 -0.00068657000096049162 -0.002352374554578914 -0.0037160573174465621 -0.0010034692037296582 -0.0021567305053298218 -0.0022587491926062131 0.0053854825300047732 0.00051517560308440749 0.0011681934796787246 -5.3555446743445275e-05 0.0044913227858024421 -0.0013277940266392008 -0.0011085790466328399 3.9427748715134284e-05 0.0014694200060995561 -0.0011828203082757788 -0.00035858273111511954 -0.0024335914106632119 0.00055334260854337201 -0.0038466012975485984 0.0012652498575823157 -0.00059962388571273208 -0.00029191071901523444
leaf_weight=336 328 388 533 334 829 1018 402 437 500 461 362 685 368 327 311 2559 1127 42256 543 334 439 309 840 303 4594 312 1384 317 304 301 303
leaf_count=336 328 388 533 334 829 1018 402 437 500 461 362 685 368 327 311 2559 1127 42256 543 334 439 309 840 303 4594 312 1384 317 304 301 303
internal_value=-1.40777e-05 -0.000318039 3.38715e-05 0.000681714 0.00105425 0.000246232 0.000972626 0.00194783 0.00126266 -3.02853e-05 -0.000813004 -0.000397626 1.75876e-05 0.000727929 0.0030789 0.000200874 -3.97742e-05 -2.1817e-05 -0.00016709 -1.51257e-05 0.00152154 0.00287673 -0.000341146 -0.0013659 -7.60059e-05 -0.000426658 3.79168e-05 -0.00255431 4.32313e-05 -0.00153306 0.00063806
internal_weight=63844 8699 55145 4969 3719 1953 1420 1766 1329 50176 2892 2530 47284 3533 647 2886 43751 43383 8311 7376 1291 852 6085 935 5434 1250 2069 651 607 613 637
internal_count=63844 8699 55145 4969 3719 1953 1420 1766 1329 50176 2892 2530 47284 3533 647 2886 43751 43383 8311 7376 1291 852 6085 935 5434 1250 2069 651 607 613 637
is_linear=0
shrinkage=0.12


Tree=131
num_leaves=11
num_cat=0
split_feature=23 6 2 23 62 55 54 13 0 23
split_gain=0.0691809 0.0758296 0.207655 0.116186 0.0650773 0.186258 0.129318 0.0655868 0.316237 0.153194
threshold=0.24703750014305118 9.0191998481750506 182.93000030517581 0.73719999194145214 -72.404052734374986 0.14276924729347232 0.11431554704904558 2.2410500049591069 56.665050506591804 2.2603125572204594
decision_type=2 2 2 2 2 2 2 2 2 2
left_child=-1 3 -3 -2 5 6 -5 8 -6 -9
right_child=1 2 -4 4 7 -7 -8 9 -10 -11
leaf_value=0.0017876025868463329 0.0022151236473609026 -0.003369735639825787 0.0007122520227410879 -0.0022676793658804361 0.00014302204672718858 0.0025969935661470074 0.0012267483812565992 0.0011819260348186656 -0.0020267836721761692 -3.2335083267259368e-05
leaf_weight=306 337 345 374 305 3477 504 305 1538 1340 55013
leaf_count=306 337 345 374 305 3477 504 305 1538 1340 55013
internal_value=-1.23884e-05 -2.10572e-05 -0.00124642 -7.03215e-06 -1.90175e-05 0.000889947 -0.000520465 -3.55177e-05 -0.000460578 6.888e-07
internal_weight=63844 63538 719 62819 62482 1114 610 61368 4817 56551
internal_count=63844 63538 719 62819 62482 1114 610 61368 4817 56551
is_linear=0
shrinkage=0.12


Tree=132
num_leaves=13
num_cat=0
split_feature=23 47 6 59 2 19 19 51 19 12 66 9
split_gain=0.0535737 0.0589658 0.12888 0.162982 0.120227 0.159228 0.120947 0.193346 0.17901 0.10744 0.368183 0.161757
threshold=0.24703750014305118 0.099129147827625289 9.0191998481750506 -7.8056867122650138 109.38499832153322 0.12499999627470972 0.24817708134651187 0.093113593757152571 0.25260417163372045 0.92629998922348034 4.0468750000000009 1.0000000180025095e-35
decision_type=2 2 2 2 2 2 2 2 2 2 2 2
left_child=-1 4 3 -3 -2 -6 7 -7 -8 10 -5 -11
right_child=1 2 -4 9 5 6 8 -9 -10 11 -12 -13
leaf_value=0.0015730902911894316 0.0024502408697999103 0.0025843905367666357 -0.0020973112228624201 0.0028335314034827848 -0.0019144956205650447 -0.00021299414090345968 -0.0018737693968329942 0.0011792614652294221 6.7298885056947793e-05 -0.00015656289921931564 -0.0017172037057462878 0.00059043703569571599
leaf_weight=306 318 327 463 305 551 2418 715 3538 15862 32661 1594 4786
leaf_count=306 318 327 463 305 551 2418 715 3538 15862 32661 1594 4786
internal_value=-1.09018e-05 -1.85303e-05 -0.000106802 -8.35724e-05 0.000132862 0.000100939 0.000150222 0.000614037 -1.64234e-05 -0.000105746 -0.000986306 -6.10909e-05
internal_weight=63844 63538 40136 39673 23402 23084 22533 5956 16577 39346 1899 37447
internal_count=63844 63538 40136 39673 23402 23084 22533 5956 16577 39346 1899 37447
is_linear=0
shrinkage=0.12


Tree=133
num_leaves=24
num_cat=0
split_feature=59 69 74 72 55 6 65 66 89 88 9 66 53 86 0 2 0 57 33 51 65 34 57
split_gain=0.0515024 0.0547043 0.17266 0.726009 0.12086 0.175607 0.146962 0.282635 1.26667 0.281973 0.314245 0.181563 0.121859 0.108796 0.228497 0.133761 0.168901 0.10258 0.099952 0.0989664 0.0857727 0.0801395 0.0794237
threshold=19999995.000000004 25.500000000000004 3.5000000000000004 3.9781249761581425 0.040451979264616973 7.3724501132965097 13.500000000000002 3.9281250238418584 0.37500000000000006 1.0000000180025095e-35 1.0000000180025095e-35 4.9031250476837167 1.6093750000000002 1.0000000180025095e-35 46.825649261474616 212.08000183105472 69.733600616455092 2.5531250238418584 0.24830693751573565 0.12176439911127092 8.5000000000000018 0.93639999628067028 5.9031250476837167
decision_type=2 2 2 2 2 2 2 2 2 2 2 2 2 2 2 2 2 2 2 2 2 2 2
left_child=1 4 13 -4 5 12 9 8 -8 10 -6 -9 -1 15 21 16 -3 19 -14 -5 -17 -15 -19
right_child=-2 2 3 17 6 -7 7 11 -10 -11 -12 -13 18 14 -16 20 -18 22 -20 -21 -22 -23 -24
leaf_value=0.0017100235315027851 0.0012339658210637307 0.00024971672694961778 0.0062297161681757387 0.00076969204469449657 -0.004112326762038267 -0.0035771446406492029 -0.0038620612299449641 -0.0010610130067492739 0.0059640916846393941 0.0013458119738351576 0.00019889643467300069 2.5979114909899585e-05 -0.0021240605056293857 -0.0012540948890102381 0.0013767613338505156 0.00021549791140537311 0.0028917225802333702 0.0027688894816044504 -0.00031475478176264229 -0.0016465445323030432 -0.00086001462002672797 -0.0038288629979999259 5.6375668557472405e-05
leaf_weight=313 476 1040 347 437 587 300 304 2323 499 431 416 46632 611 397 347 3206 524 305 1568 553 1601 310 317
leaf_count=313 476 1040 347 437 587 300 304 2323 499 431 416 46632 611 397 347 3206 524 305 1568 553 1601 310 317
internal_value=-9.59355e-06 -1.89348e-05 0.000248486 0.00125059 -6.54204e-05 -0.000834256 -2.34882e-05 1.10282e-05 0.0022441 -0.00122116 -0.00232422 -2.56006e-05 -0.000504053 -1.59079e-05 -0.00114524 0.000170926 0.00113489 0.000178783 -0.000822091 -0.000579984 -0.000142708 -0.00238306 0.00138647
internal_weight=63844 63368 9384 1959 53984 2792 51192 49758 803 1434 1003 48955 2492 7425 1054 6371 1564 1612 2179 990 4807 707 622
internal_count=63844 63368 9384 1959 53984 2792 51192 49758 803 1434 1003 48955 2492 7425 1054 6371 1564 1612 2179 990 4807 707 622
is_linear=0
shrinkage=0.12


Tree=134
num_leaves=19
num_cat=0
split_feature=24 78 78 76 50 23 29 47 58 47 50 61 63 63 2 6 58 1
split_gain=0.0553353 0.186315 0.217707 0.179615 0.147387 0.145597 0.308363 0.132304 0.0631687 0.134384 0.154851 0.155096 0.0642848 0.192767 0.157651 0.144582 0.244489 0.148165
threshold=14.235174655914308 2.8834091424942021 -0.12491628155112265 0.77474164962768566 0.29732061922550207 9.1559252738952654 72.671558380126967 0.1198750212788582 1.3808410167694094 0.081759981811046614 0.054436698555946357 10.440625190734865 2.3197940587997441 2.4074354171752934 296.63999938964849 8.9359498023986834 -2.092523336410522 12.371000289916994
decision_type=2 2 2 2 2 2 2 2 2 2 2 2 2 2 2 2 2 2
left_child=5 2 -2 4 7 8 -7 -3 12 -10 -11 -12 15 -14 -15 17 -17 -1
right_child=1 3 -4 -5 -6 6 -8 -9 9 10 11 -13 13 14 -16 16 -18 -19
leaf_value=7.3909436796169885e-05 -0.0010972128368936659 -0.0048453357120664502 0.0030165751894739097 0.0011911712785485024 -0.00035096887732187439 0.0045160960734459349 -0.00049642607788771603 -0.0015729571698278549 -0.0023842666903985399 0.0021142997757460061 -0.0013768875295860847 0.0016483932611763114 0.0031734371753867532 0.00038443730097303892 -0.00028042267139322835 -0.00069862123935017734 0.0040992519668249698 -0.00043184976762376229
leaf_weight=22598 372 341 369 308 443 316 401 372 492 351 1095 314 305 13729 8205 300 312 13221
leaf_count=22598 372 341 369 308 443 316 401 372 492 351 1095 314 305 13729 8205 300 312 13221
internal_value=-8.44233e-06 -0.000599113 0.000951354 -0.00138388 -0.00206996 1.26876e-05 0.00171272 -0.00313801 -7.32029e-06 -0.000631011 -0.000140896 -0.000702694 1.66196e-05 0.00017739 0.000135729 -8.15212e-05 0.00174735 -0.000112769
internal_weight=63844 2205 741 1464 1156 61639 717 713 60922 2252 1760 1409 58670 22239 21934 36431 612 35819
internal_count=63844 2205 741 1464 1156 61639 717 713 60922 2252 1760 1409 58670 22239 21934 36431 612 35819
is_linear=0
shrinkage=0.12


Tree=135
num_leaves=13
num_cat=0
split_feature=29 78 23 1 23 23 78 7 19 19 47 49
split_gain=0.0858675 0.193412 0.0917657 0.251461 0.206529 0.158749 0.138014 0.178319 0.0738909 0.0892713 0.165383 0.0947717
threshold=-84.25978851318358 5.5047144889831552 9.2375373840332049 6.0406000614166269 9.3825001716613787 9.1559252738952654 2.9650422334671025 0.27019999921321874 0.025000000372529033 0.21145833283662799 0.084556937217712416 1.3968749642372134
decision_type=2 2 2 2 2 2 2 2 2 2 2 2
left_child=1 -1 5 6 -5 8 -4 -8 -2 10 -10 -11
right_child=2 -3 3 4 -6 -7 7 -9 9 11 -12 -13
leaf_value=0.0033363013304927845 -0.0016531589821009898 -0.00053784027666999739 0.0026669933855184352 -0.0044377812511463511 -0.00077693564266419159 0.0021946231291503078 -0.0025323011976172076 0.0013209208793268771 -0.00098810896758218746 -0.00020350226345105014 0.0014250671476085544 0.00011544728987214562
leaf_weight=354 379 390 300 368 559 486 314 385 554 21052 1562 36981
leaf_count=354 379 390 300 368 559 486 314 385 554 21052 1562 36981
internal_value=2.38867e-05 0.0013055 8.73702e-06 -0.000806802 -0.00223022 3.44808e-05 0.000514024 -0.000409997 1.71362e-05 2.76608e-05 0.000793262 -2.54569e-07
internal_weight=63684 744 62940 1926 927 61014 999 699 60528 60149 2116 58033
internal_count=63684 744 62940 1926 927 61014 999 699 60528 60149 2116 58033
is_linear=0
shrinkage=0.12


Tree=136
num_leaves=27
num_cat=0
split_feature=1 1 2 53 66 66 2 61 46 19 0 47 65 19 8 89 29 55 51 29 81 53 51 50 65 41
split_gain=0.0681352 0.165953 0.230778 0.168256 0.152383 0.347232 0.286114 0.169058 0.299437 0.233136 0.289993 0.185657 0.182092 0.168505 0.136801 0.148206 0.136477 0.215386 0.333354 0.166295 0.121498 0.163146 0.123825 0.204759 0.10893 0.099897
threshold=11.219449996948244 11.581449985504152 182.93000030517581 1.9656249880790713 7.4593751430511483 6.8781249523162851 268.52499389648443 2.3656250238418584 0.23568760603666308 0.23229166865348819 7.6552000045776376 0.21726660430431369 33.500000000000007 0.13749999552965167 3.4157500267028813 1.0000000180025095e-35 -61.708776473999016 0.085860423743724837 0.12790296226739886 -45.000688552856438 14.85607957839966 1.9468750357627871 0.23376258462667468 0.20059534907341006 42.500000000000007 0.34945386648178106
decision_type=2 2 2 2 2 2 2 2 2 2 2 2 2 2 2 2 2 2 2 2 2 2 2 2 2 2
left_child=16 2 -2 -4 5 14 -7 8 11 10 -9 -6 -11 -10 -3 -16 17 -1 -19 -18 22 -22 25 -24 -5 -21
right_child=1 4 3 24 7 6 -8 9 13 12 -12 -13 -14 -15 15 -17 19 18 -20 20 21 -23 23 -25 -26 -27
leaf_value=-0.0012466247934168455 0.0038402489200118858 -0.0014791116118899543 -0.0017438190909927109 0.0027685845217172546 -0.0019972429093917548 0.0046978896723501385 0.00016592094150576881 0.0039202002442039656 -0.0026676506569076859 -0.0022801607943893033 0.00056742142950267759 0.00051138168230451344 0.00011104902770268691 0.00011685559134433846 0.0016198871468963963 0.00010660047850437762 -0.0021435736418692172 -0.00019237193909776937 0.0050603989030183916 5.1156461590970283e-05 0.0030420714235659414 -0.00052512007485732771 -0.0015057420263373685 -6.5154270532397773e-05 -0.00016960811700927881 -0.00079597591419693157
leaf_weight=333 403 584 338 417 2191 500 335 501 329 480 1437 527 10278 6416 1213 4022 586 344 352 22881 404 340 2342 3612 322 2197
leaf_count=333 403 584 338 417 2191 500 335 501 329 480 1437 527 10278 6416 1213 4022 586 344 352 22881 404 340 2342 3612 322 2197
internal_value=2.10203e-05 0.000151336 0.0013906 0.000473979 8.76797e-05 0.000591283 0.00287967 -6.35445e-05 -0.000447466 0.000222613 0.00143416 -0.00151084 4.35813e-06 -1.89639e-05 0.000262909 0.000457244 -9.72044e-05 0.00126332 0.0024642 -0.000140464 -0.000103524 0.0014119 -0.000139857 -0.000631808 0.00148834 -2.3058e-05
internal_weight=63684 30293 1480 1077 28813 6654 835 22159 9463 12696 1938 2718 10758 6745 5819 5235 33391 1029 696 32362 31776 744 31032 5954 739 25078
internal_count=63684 30293 1480 1077 28813 6654 835 22159 9463 12696 1938 2718 10758 6745 5819 5235 33391 1029 696 32362 31776 744 31032 5954 739 25078
is_linear=0
shrinkage=0.12


Tree=137
num_leaves=25
num_cat=0
split_feature=34 34 58 57 87 47 49 72 0 51 51 49 22 16 47 5 49 47 49 50 50 33 61 47
split_gain=0.0641981 0.252976 0.242184 0.353643 0.247265 0.204192 0.278365 0.355581 0.188221 0.179176 0.18573 0.0728166 0.176062 0.25538 0.277229 0.239086 0.198224 0.137748 0.389613 0.320904 0.188195 0.245828 0.176279 0.150399
threshold=1.2868999838829043 1.2768428325653078 -0.42476697266101832 1.3718749880790713 0.37500000000000006 0.29038397967815405 1.5218749642372134 19.19375038146973 26.19019985198975 0.091530378907918944 0.1691495552659035 1.3968749642372134 0.9706999957561494 10.599784374237062 0.11756571382284166 3.1714500188827519 1.3343749642372134 0.10155593231320383 1.7531250119209292 0.081860739737749114 -0.047092178836464875 0.18412054330110553 2.0968749523162846 0.094619769603014006
decision_type=2 2 2 2 2 2 2 2 2 2 2 2 2 2 2 2 2 2 2 2 2 2 2 2
left_child=1 11 5 4 9 6 8 -8 -2 -4 -11 12 13 14 -1 16 -14 18 19 -13 22 -22 -19 -20
right_child=2 -3 3 -5 -6 -7 7 -9 -10 10 -12 17 15 -15 -16 -17 -18 20 23 -21 21 -23 -24 -25
leaf_value=-0.0020244695334281516 0.0010309563431842154 -0.0027607724130522386 -0.0010778893216204367 -0.0038236101961640246 -0.0023436117999672923 0.0042774303729974606 0.00037810292535265079 0.0056618254922592131 -0.0025443272229713613 0.0044038248016241904 0.0004715479961044202 0.0019781461088199453 7.0678612460277999e-05 -0.004239081692182037 0.0013499248424093076 0.0029636512276011743 -0.00085443948078788425 0.00013286320672828279 -0.00096737228152852855 0.00040754667858924741 -0.0017201688784466193 -2.4596302603527677e-05 0.0038755614968950872 0.0016911644000106674
leaf_weight=830 469 478 306 368 356 306 441 314 387 341 351 2483 16741 344 607 370 4165 399 3022 7629 1308 20996 332 341
leaf_count=830 469 478 306 368 356 306 441 314 387 341 351 2483 16741 344 607 370 4165 399 3022 7629 1308 20996 332 341
internal_value=1.84979e-05 -1.11627e-05 0.00050791 -0.000524989 0.000371534 0.00143574 0.000895978 0.00257557 -0.000585439 0.00134006 0.00240927 1.09017e-05 -0.000156053 -0.00130216 -0.000599099 -6.01127e-05 -0.000113628 0.000116338 0.000421091 0.000793207 -6.19364e-05 -0.000124032 0.00183269 -0.000697803
internal_weight=63684 60045 3639 1722 1354 1917 1611 755 856 998 692 59567 23057 1781 1437 21276 20906 36510 13475 10112 23035 22304 731 3363
internal_count=63684 60045 3639 1722 1354 1917 1611 755 856 998 692 59567 23057 1781 1437 21276 20906 36510 13475 10112 23035 22304 731 3363
is_linear=0
shrinkage=0.12


Tree=138
num_leaves=15
num_cat=0
split_feature=23 1 23 23 7 34 57 87 66 28 34 5 19 58
split_gain=0.0588718 0.203607 0.168338 0.118751 0.093431 0.0610265 0.239082 0.280342 0.256285 0.180012 0.167955 0.121385 0.109823 0.0803927
threshold=9.2375373840332049 6.0406000614166269 9.3825001716613787 9.1559252738952654 0.27019999921321874 1.2868999838829043 6.1156251430511483 0.37500000000000006 11.482291698455812 69.770629882812514 1.2768428325653078 2.9296000003814702 0.025000000372529033 -5.8266344070434561
decision_type=2 2 2 2 2 2 2 2 2 2 2 2 2 2
left_child=3 4 -3 5 -2 10 7 8 -7 -8 12 -9 -1 -14
right_child=1 2 -4 -5 -6 6 9 11 -10 -11 -12 -13 13 -15
leaf_value=-0.0022127269348761127 -0.00070221818022095719 -0.003900863320724032 -0.00060468177950370955 0.0019051208573723727 0.0016143574181614895 0.0010604917026429887 -0.0036227015454516004 -0.0028077848801377472 0.0044852881643974224 0.00046436438688703531 -0.0022641952380472734 0.0002793270656983542 -0.00026494142168531512 9.3935439334068651e-05
leaf_weight=318 465 370 562 486 544 1702 317 314 386 304 471 441 11182 45822
leaf_count=318 465 370 562 486 544 1702 317 314 386 304 471 441 11182 45822
internal_value=1.62781e-05 -0.000634452 -0.00191325 3.6735e-05 0.000546758 2.19116e-05 0.00051114 0.000977072 0.00169362 -0.00162195 -7.41177e-06 -0.00100458 1.11316e-05 2.35376e-05
internal_weight=63684 1941 932 61743 1009 61257 3464 2843 2088 621 57793 755 57322 57004
internal_count=63684 1941 932 61743 1009 61257 3464 2843 2088 621 57793 755 57322 57004
is_linear=0
shrinkage=0.12


Tree=139
num_leaves=32
num_cat=0
split_feature=1 29 29 50 19 0 47 62 0 87 92 47 46 23 14 85 50 6 46 47 19 41 65 23 41 72 19 19 50 92 69
split_gain=0.0572481 0.158588 0.233828 0.187426 0.146427 0.101624 0.119957 0.102449 0.0773766 0.226895 0.334568 0.540989 0.392172 0.177684 0.1749 0.164227 0.226225 0.219485 0.144567 0.133866 0.109615 0.185821 0.256934 0.158661 0.155219 0.136925 0.0898702 0.131594 0.0572982 0.0242513 0.00600221
threshold=6.822200059890748 -53.595741271972649 -2.3644510507583614 1.0000000180025095e-35 0.2651041597127915 115.27555084228517 0.024418387562036518 1.6105311512947085 59.043600082397468 0.37500000000000006 1.1112999916076662 0.17034497857093814 0.1637094244360924 1.6239500045776369 0.93474999070167553 1.0000000180025095e-35 0.075023669749498381 5.065350055694581 0.25849243998527532 0.074014041572809233 0.28645832836627966 0.067673232406377806 23.500000000000004 0.65582501888275158 0.087159410119056716 26.456250190734867 0.26171875000000006 0.29479165375232702 0.19338331371545794 0.69475713372230541 8.5000000000000018
decision_type=2 2 2 2 2 2 2 2 2 2 2 2 2 2 2 2 2 2 2 2 2 2 2 2 2 2 2 2 2 2 2
left_child=1 30 3 -3 -5 6 -4 -8 15 10 13 12 -12 -10 -15 20 17 -17 19 -11 23 22 -22 -2 -25 -23 -18 -28 -20 -30 -1
right_child=8 2 5 4 -6 -7 7 -9 9 18 11 -13 -14 14 -16 16 26 -19 28 -21 21 25 -24 24 -26 -27 27 -29 29 -31 -32
leaf_value=0.0013007435178384185 0.0023383194330985828 -0.00024043202723538835 0.0022444684001971852 -0.0050995158740737099 -0.0015233967154476362 -0.0016899590335584319 -3.7045555017752632e-05 -0.0019814942143806117 -0.0023168172656631552 -0.0037641184080699033 0.0070297443504043948 -0.0013682389430383385 0.002076777919345677 0.0029441216873731654 0.00027623783936783964 -0.00074049276468845517 0.00094222174911126957 -0.0052000344356587843 0.0014833425467897657 -0.00060671941249028577 -0.0018015106630454613 -0.00063430987335490749 0.0013099577777128902 -0.00030657521235898544 0.00034290326368185058 0.00031815547357554204 -0.0023252640348989727 0.00065919384327816645 -0.0010339778619757299 9.7446950256091752e-05 0.002059829715779051
leaf_weight=300 491 535 319 321 339 572 8940 408 344 330 369 385 612 389 3916 325 585 311 329 467 470 9084 2045 7358 18934 2857 474 386 424 765 300
leaf_count=300 491 535 319 321 339 572 8940 408 344 330 369 385 612 389 3916 325 585 311 329 467 470 9084 2045 7358 18934 2857 474 386 424 765 300
internal_value=1.43247e-05 -0.000221385 -0.000321175 -0.00190963 -0.00326269 -0.000135786 -4.38245e-05 -0.000121912 6.9243e-05 0.000404187 0.000792721 0.00244377 0.00393982 0.000307599 0.000517308 4.83657e-06 -0.00103527 -0.00292118 -0.000605329 -0.00191405 5.73224e-05 -0.000208975 0.000728491 0.000201055 0.000161142 -0.000406423 -0.000205209 -0.000985728 8.17918e-05 -0.000306022 0.00168029
internal_weight=63684 12034 11434 1195 660 10239 9667 9348 51650 8330 6015 1366 981 4649 4305 43320 2081 636 2315 797 41239 14456 2515 26783 26292 11941 1445 860 1518 1189 600
internal_count=63684 12034 11434 1195 660 10239 9667 9348 51650 8330 6015 1366 981 4649 4305 43320 2081 636 2315 797 41239 14456 2515 26783 26292 11941 1445 860 1518 1189 600
is_linear=0
shrinkage=0.12


Tree=140
num_leaves=36
num_cat=0
split_feature=19 29 58 47 50 89 46 81 66 50 6 10 5 58 41 2 34 70 66 41 54 55 58 6 15 81 53 29 58 72 47 47 51 59 55
split_gain=0.0956388 0.187089 0.445388 0.339462 0.311901 0.291082 0.238199 0.210659 0.20082 0.134851 0.18761 0.16466 0.160895 0.214613 0.134459 0.177766 0.255086 0.164021 0.160148 0.158075 0.213996 0.298454 0.174936 0.180799 0.1719 0.151187 0.149263 0.181907 0.141029 0.12207 0.123027 0.116166 0.0892031 0.0945582 0.0703827
threshold=0.25364583730697637 3.7168354988098149 0.12054939195513727 0.33184868097305303 -0.082852967083454118 0.62500000000000011 0.21602907776832583 0.2245784476399422 5.8906250000000009 0.13201973587274554 1.5299999713897707 1.0000000180025095e-35 2.3550499677658085 -2.3320461511611934 0.23331185430288318 238.05500030517581 0.92640000581741344 32.500000000000007 7.5906250476837167 0.038046367466449744 -0.074067249894142137 0.29430128633975988 -0.52747896313667286 3.7297500371932988 6.4891035556793222 2.044121623039246 2.3843749761581425 32.957012176513679 -0.86687913537025441 6.9906251430511483 0.27555495500564581 0.39788766205310827 0.052970519289374358 0.20620227605104449 0.085139043629169478
decision_type=2 2 2 2 2 2 2 2 2 2 2 2 2 2 2 2 2 2 2 2 2 2 2 2 2 2 2 2 2 2 2 2 2 2 2
left_child=1 2 3 4 7 -6 8 -1 -3 10 -8 -12 31 -14 17 25 32 19 29 22 21 -21 23 -2 -22 26 27 -16 -20 30 -19 -11 34 -34 -17
right_child=14 6 -4 -5 5 -7 9 -9 -10 12 11 -13 13 -15 15 16 -18 18 28 20 24 -23 -24 -25 -26 -27 -28 -29 -30 -31 -32 -33 33 -35 -36
leaf_value=-0.0012263643488069043 0.0024105895339320135 0.00032316736784759051 0.00302309002103112 0.0025039642606080824 -0.0034909835445725147 -0.0010464777391436609 -0.0036893061880532295 0.0027725182121442712 0.0038100320874186961 -4.4057016288810289e-05 -0.0023194876699471766 0.00010491513432686744 0.0026148880832451617 -3.7268975568538309e-05 0.00074773336356549498 -0.00031995186579897853 0.0026280454881714918 -0.00032494191889902304 -0.0033539695472094792 0.00075625265239916833 -0.00018684191983707642 0.0033644927578298086 -0.0029160963767701211 -0.0013266408250493127 0.00056922975372105148 -0.0034195562986724824 -0.0027289987978096424 -0.0017987210156352811 -7.9564466260110381e-05 0.0022741203614503082 0.0011647389739587067 -0.0015737629783883324 0.00070405752510392346 -0.00039719816175018809 -0.0027069262212730144
leaf_weight=434 302 559 379 313 1331 1483 315 337 414 11116 551 1506 756 1049 1022 378 504 6945 420 5484 7731 714 425 487 9844 364 445 668 345 310 902 764 1737 3175 336
leaf_count=434 302 559 379 313 1331 1483 315 337 414 11116 551 1506 756 1049 1022 378 504 6945 420 5484 7731 714 425 487 9844 364 445 668 345 310 902 764 1737 3175 336
internal_value=1.29684e-05 -0.000194553 -0.0009041 -0.00128594 -0.00161683 -0.00220271 -1.63532e-05 0.000521526 0.00180679 -0.000126829 -0.000962128 -0.0005445 1.79516e-05 0.00107355 0.000116914 -0.000306012 4.17471e-05 0.000224539 -0.000217134 0.000382244 0.000450451 0.00105672 -0.000953391 0.000103833 0.000236644 -0.00115906 -0.000773661 -0.000258794 -0.00187728 -6.1438e-05 -0.000153706 -0.000142432 -0.000189944 -7.76796e-06 -0.00144323
internal_weight=63845 21307 4277 3898 3585 2814 17030 771 973 16057 2372 2057 13685 1805 42538 8629 6130 33909 8922 24987 23773 6198 1214 789 17575 2499 2135 1690 765 8157 7847 11880 5626 4912 714
internal_count=63845 21307 4277 3898 3585 2814 17030 771 973 16057 2372 2057 13685 1805 42538 8629 6130 33909 8922 24987 23773 6198 1214 789 17575 2499 2135 1690 765 8157 7847 11880 5626 4912 714
is_linear=0
shrinkage=0.12


Tree=141
num_leaves=35
num_cat=0
split_feature=1 29 29 49 65 51 19 49 65 71 47 2 63 63 90 72 47 63 71 50 55 74 54 76 62 62 2 0 47 29 57 63 55 55
split_gain=0.0899688 0.154019 0.239919 0.230826 0.145984 0.138524 0.188526 0.211719 0.163949 0.206701 0.149471 0.0817105 0.164565 0.334393 0.309696 0.519577 0.403829 0.286064 0.288388 0.207265 0.203677 0.176857 0.331233 0.228442 0.148072 0.1307 0.103078 0.106539 0.100376 0.121521 0.078164 0.0761455 0.0526219 0.0502642
threshold=6.822200059890748 -61.708776473999016 -2.3644510507583614 1.4343749880790713 20.500000000000004 0.14279226213693622 0.21562500298023227 1.5781250000000002 42.500000000000007 39.500000000000007 0.11197618022561075 296.63999938964849 5.0038926601409921 4.308840513229371 1.0000000180025095e-35 8.1281251907348651 0.25716489553451544 9.6422519683837908 112.50000000000001 0.20957085490226748 0.1297172158956528 38.500000000000007 -0.04781826585531234 0.34389702975749975 -15.159425735473631 9.7089776992797869 310.04499816894537 55.266201019287116 0.15481455624103549 183.30122375488284 6.9562499523162851 14.497017860412599 0.11525653302669527 0.087325628846883788
decision_type=2 2 2 2 2 2 2 2 2 2 2 2 2 2 2 2 2 2 2 2 2 2 2 2 2 2 2 2 2 2 2 2 2 2
left_child=1 -1 3 -3 -5 6 -4 -8 9 -7 -10 12 13 21 15 -14 -17 18 -16 -19 -15 23 -23 -2 28 26 27 -26 29 33 32 -28 -30 -13
right_child=11 2 5 4 -6 8 7 -9 10 -11 -12 24 14 20 17 16 -18 19 -20 -21 -22 22 -24 -25 25 -27 31 -29 30 -31 -32 -33 -34 -35
leaf_value=0.0018304454981431411 -0.00092035308399634368 -0.0036856276108256005 -0.003317943979589285 0.0015260018878769067 -0.0018655108748077366 0.00043830325434506142 9.7182458854649405e-05 -0.0014785808009383638 -0.0025738224682889388 0.0034605009497199963 0.00036502789612289028 -0.0013898522751492875 0.006088134747723243 -0.00026454421517647881 0.0025404673498536567 0.00049554523432155555 0.0038673654900508903 -0.0010728287221505128 -0.0010191938521510041 0.00093031236280691719 -0.003882644973700698 0.0030839044182504223 -8.237729698713194e-06 0.00017933971789227746 -0.0013498020053910073 0.0024625234529216246 -3.7689551174536009e-06 0.00087446639147002367 0.00022885492464367634 -0.00015001592980805472 0.0015001091555868033 0.0011298659601362594 -0.0019094123600885589 -0.0032981090477818952
leaf_weight=477 3240 579 331 305 456 2733 4104 1752 455 370 551 321 311 410 1024 3434 601 2846 482 1007 494 799 1328 16954 1470 306 13452 393 335 462 302 911 328 522
leaf_count=477 3240 579 331 305 456 2733 4104 1752 455 370 551 321 311 410 1024 3434 601 2846 482 1007 494 799 1328 16954 1470 306 13452 393 335 462 302 911 328 522
internal_value=1.14122e-05 -0.000282974 -0.00036961 -0.00188002 -0.000506232 -0.000173035 -0.00053174 -0.000374255 0.000367075 0.000798668 -0.000964174 8.03425e-05 0.000194301 2.08909e-05 0.000609288 0.00136203 0.000997767 -1.16792e-06 0.00140119 -0.000549298 -0.00224169 0.000112525 0.00115331 2.90094e-06 -0.000119246 5.54055e-06 -4.07948e-05 -0.000880592 -0.00102804 -0.00171422 -0.000100091 6.81339e-05 -0.000828991 -0.00257148
internal_weight=63845 12113 11636 1340 761 10296 6187 5856 4109 3103 1006 51732 32930 23225 9705 4346 4035 5359 1506 3853 904 22321 2127 20194 18802 16532 16226 1863 2270 1305 965 14363 663 843
internal_count=63845 12113 11636 1340 761 10296 6187 5856 4109 3103 1006 51732 32930 23225 9705 4346 4035 5359 1506 3853 904 22321 2127 20194 18802 16532 16226 1863 2270 1305 965 14363 663 843
is_linear=0
shrinkage=0.12


Tree=142
num_leaves=24
num_cat=0
split_feature=19 5 41 2 89 50 55 1 36 2 65 55 41 53 68 72 0 66 19 22 22 50 22
split_gain=0.074429 0.183335 0.215812 0.231717 0.431772 0.149421 0.0990125 0.0945797 0.123436 0.279709 0.213082 0.0950133 0.089765 0.0890533 0.0735429 0.402709 0.292358 0.278717 0.239776 0.229827 0.209786 0.169572 0.132616
threshold=0.44062499701976782 3.2705999612808232 0.22209904342889789 238.93000030517581 0.62500000000000011 0.39207962155342108 0.086509238928556456 6.822200059890748 -61.708776473999016 154.71999359130862 24.500000000000004 0.43574912846088415 0.11078704148530961 2.0968749523162846 2.5000000000000004 11.793750286102297 24.19375038146973 10.814583301544191 0.30989582836627966 0.33794999122619634 0.53448331356048595 0.068301524966955199 0.78979167342185985
decision_type=2 2 2 2 2 2 2 2 2 2 2 2 2 2 2 2 2 2 2 2 2 2 2
left_child=7 2 3 4 -2 6 -5 8 -1 10 -10 12 -11 -4 19 21 17 -17 -18 -9 -21 -16 -22
right_child=1 -3 13 5 -6 -7 -8 14 9 11 -12 -13 -14 -15 15 16 18 -19 -20 20 22 -23 -24
leaf_value=0.0015807280831674491 0.0051465918633022472 -0.0021860729911686661 0.00047135081845515298 0.00091222341044468777 0.00038478371042842191 0.0023381111096668324 -0.001536274468183348 0.0027664376095561508 -0.0007177508437645532 0.00032202061851336017 -0.0042774438598670314 -0.0020875339681039363 -0.00043527161322614628 -0.0021690244578014784 -0.0041995670030422231 -0.0028730707740095732 0.0010566641211165939 0.00028289168123006732 0.0040760463248657947 -0.0029917523660697039 0.0016113304255797746 -0.00046262518924263793 -4.9326504545599048e-05
leaf_weight=466 525 321 337 419 574 377 550 423 527 3613 448 379 5992 405 360 451 3123 3783 431 345 705 340 38951
leaf_count=466 525 321 337 419 574 377 550 423 527 3613 448 379 5992 405 360 451 3123 3783 431 345 705 340 38951
internal_value=1.00427e-05 0.000547385 0.000822703 0.00136669 0.00265953 0.000311098 -0.000477533 -2.11984e-05 -0.000332061 -0.000413396 -0.00235338 -0.000223945 -0.00015041 -0.000969824 5.14137e-05 0.000372529 0.000620334 -5.32772e-05 0.00142283 -1.60123e-05 -4.54359e-05 -0.00238448 -1.98035e-05
internal_weight=63845 3508 3187 2445 1099 1346 969 60337 11425 10959 975 9984 9605 742 48912 8488 7788 4234 3554 40424 40001 700 39656
internal_count=63845 3508 3187 2445 1099 1346 969 60337 11425 10959 975 9984 9605 742 48912 8488 7788 4234 3554 40424 40001 700 39656
is_linear=0
shrinkage=0.12


Tree=143
num_leaves=36
num_cat=0
split_feature=19 29 47 81 55 53 15 61 69 49 46 0 0 54 0 29 54 50 57 54 47 46 53 62 2 57 13 58 7 2 2 22 2 6 19
split_gain=0.0622932 0.145401 0.352597 0.28669 0.59557 0.327053 0.321433 0.302636 0.255986 0.201917 0.18014 0.211795 0.336298 0.112038 0.256063 0.161073 0.155237 0.149396 0.108849 0.374905 0.436993 0.259011 0.177504 0.162446 0.272868 0.10981 0.210539 0.176907 0.167584 0.257981 0.17722 0.153449 0.0773768 0.101999 0.0648935
threshold=0.25364583730697637 3.7168354988098149 0.33791489899158483 0.34866173565387731 0.12613955140113833 2.2906249761581425 5.8504271507263192 1.9781250357627871 6.5000000000000009 1.4343749880790713 0.21602907776832583 33.121801376342781 68.854450225830092 -0.034412315115332597 96.808849334716811 13.713863849639894 -0.014541635289788244 0.13201973587274554 8.8562502861022967 0.021032840944826606 0.16900116950273517 0.24974436312913897 2.2718750238418584 -55.222049713134759 240.86000061035159 6.4562499523162851 7.0514500141143808 -1.5456710457801817 8.3908996582031268 125.61500167846681 115.00500106811525 1.7123999595642092 254.89499664306643 6.6538500785827646 0.27421875298023229
decision_type=2 2 2 2 2 2 2 2 2 2 2 2 2 2 2 2 2 2 2 2 2 2 2 2 2 2 2 2 2 2 2 2 2 2 2
left_child=1 2 3 4 9 8 -6 -7 -5 -1 11 -3 -13 14 15 -12 -15 -18 23 20 21 22 -20 24 -2 28 31 -28 30 -30 -25 -27 -21 34 -34
right_child=18 10 -4 5 6 7 -8 -9 -10 -11 13 12 -14 16 -16 -17 17 -19 19 32 -22 -23 -24 25 -26 26 27 -29 29 -31 -32 -33 33 -35 -36
leaf_value=-0.0015988475296348276 0.0037093746619891151 -0.00083179949912899989 0.0029655411067158657 -0.0039570661412774485 -0.0070595572920873354 -0.00080054347488617934 -0.0025419843416974509 0.0037243569376207097 4.6122507243496131e-05 0.0016073225536206381 -0.0037523129668731916 0.0055067548120230738 -3.2645668112672862e-05 0.0021702926652615818 0.0023867271759702028 -0.00084571129955180011 -0.0025545605562034657 3.2005351104537001e-05 -0.0021172697591435772 -0.0018690933019121459 0.005956135907405213 0.0038838954950807187 0.0016411582549181215 -0.0016455851099667473 -0.00036443293404215269 -0.0029442717896372697 -0.00061531151017895605 0.0028860433099186242 0.0038386903131054323 0.00045418368048936477 -5.0896734106786297e-06 -0.0006939894400601668 -0.0011811917791308539 0.0021646371630965684 0.0002517715984405376
leaf_weight=653 453 340 333 377 365 385 599 476 590 499 317 333 300 477 319 2050 330 12564 356 327 349 322 368 981 496 619 486 363 348 4764 28408 1479 662 301 1456
leaf_count=653 453 340 333 377 365 385 599 476 590 499 317 333 300 477 319 2050 330 12564 356 327 349 322 368 981 496 619 486 363 348 4764 28408 1479 662 301 1456
internal_value=8.83761e-06 -0.000158643 -0.000784165 -0.00110076 -0.00205169 -9.29514e-09 -0.00425248 0.00170103 -0.00151458 -0.000210064 -1.54678e-06 0.00158391 0.00288145 -9.76201e-05 -0.000804849 -0.00123498 4.44499e-05 -3.41934e-05 9.27277e-05 0.000677251 0.00227921 0.0010524 -0.000206909 2.96886e-05 0.00158018 -9.60354e-06 -0.000712698 0.000881734 5.04533e-05 0.000684584 -5.98491e-05 -0.00135792 -0.000136565 9.7638e-05 -0.000196114
internal_weight=63845 21307 4277 3944 2116 1828 964 861 967 1152 17030 973 633 16057 2686 2367 13371 12894 42538 4141 1395 1046 724 38397 949 37448 2947 849 34501 5112 29389 2098 2746 2419 2118
internal_count=63845 21307 4277 3944 2116 1828 964 861 967 1152 17030 973 633 16057 2686 2367 13371 12894 42538 4141 1395 1046 724 38397 949 37448 2947 849 34501 5112 29389 2098 2746 2419 2118
is_linear=0
shrinkage=0.12


Tree=144
num_leaves=31
num_cat=0
split_feature=19 49 50 29 29 66 29 41 41 69 50 47 55 33 50 0 58 70 29 22 47 68 61 46 22 5 33 14 69 22
split_gain=0.0554382 0.176856 0.142045 0.203913 0.136003 0.104858 0.08627 0.0583777 0.230917 0.276264 0.224585 0.144935 0.140994 0.140724 0.201533 0.165408 0.278566 0.193133 0.119963 0.290889 0.341408 0.268181 0.191152 0.22627 0.127121 0.163762 0.156798 0.249617 0.110279 0.0537765
threshold=0.44062499701976782 1.1531249880790713 0.061754778027534492 41.342575073242195 -1.8831645250320432 3.2281249761581425 91.680835723876967 0.1122182495892048 0.10641206800937654 9.5000000000000018 0.066352430731058135 0.22951385378837588 0.10295452922582628 0.06000963784754277 -0.082852967083454118 48.274148941040046 -1.0000000180025095e-35 2.5000000000000004 13.713863849639894 2.1794624328613286 0.27852734923362737 2.5000000000000004 2.5406249761581425 0.19760289043188098 0.91833332180976879 3.6985499858856206 0.3033392876386643 3.3139499425888066 5.5000000000000009 2.538275003433228
decision_type=2 2 2 2 2 2 2 2 2 2 2 2 2 2 2 2 2 2 2 2 2 2 2 2 2 2 2 2 2 2
left_child=7 5 4 -4 -3 -2 -5 8 13 10 -10 12 -11 14 -1 17 -17 -15 19 20 21 -9 23 -21 25 -20 27 -26 -28 -8
right_child=1 2 3 6 -6 -7 29 18 9 11 -12 -13 -14 15 -16 16 -18 -19 24 22 -22 -23 -24 -25 26 -27 28 -29 -30 -31
leaf_value=0.00019760863551110362 0.00057031647543109366 -0.00011046383476985449 -0.0031718795633922259 0.0015137679378288431 0.0034585463299176347 0.0035846979909792539 -0.0012312430677265374 -0.0017934314021175964 0.0058025284064256817 0.0010366313216774042 0.0013232165744584536 0.0026126270250257785 -0.0018962920849187621 0.0013831737384868009 -0.0032288497977475249 0.0017029795161113432 9.5538863251708891e-05 -0.00029698579985798398 -0.0029938823637447242 -0.0015551347448744821 0.0020381801361692123 8.4811451186434376e-05 0.0028101925918576024 0.0016615303506691426 0.001971985152569532 0.00057526816659945112 0.0016493527028420619 -4.2820977683404931e-05 -0.00011469183985083981 0.00025494036799447863
leaf_weight=537 303 308 324 461 307 368 607 3715 301 487 347 308 458 1066 458 2094 6003 12995 451 641 501 1552 494 619 1481 314 522 2202 22791 830
leaf_count=537 303 308 324 461 307 368 607 3715 301 487 347 308 458 1066 458 2094 6003 12995 451 641 501 1552 494 619 1481 314 522 2202 22791 830
internal_value=7.7771e-06 0.000471528 5.71536e-05 -0.000389562 0.00167114 0.00222351 8.53967e-05 -1.91854e-05 0.000120888 0.00139229 0.00340388 0.000351977 -0.000384828 1.64987e-05 -0.0013796 7.919e-05 0.000511246 -0.000169609 -0.00011865 -0.000543733 -0.000955243 -0.00123998 0.00080951 2.51158e-05 -3.47135e-06 -0.0015289 3.97555e-05 0.000767369 -7.51932e-05 -0.000372835
internal_weight=63845 3508 2837 2222 615 671 1898 60337 25054 1901 648 1253 945 23153 995 22158 8097 14061 35283 7522 5768 5267 1754 1260 27761 765 26996 3683 23313 1437
internal_count=63845 3508 2837 2222 615 671 1898 60337 25054 1901 648 1253 945 23153 995 22158 8097 14061 35283 7522 5768 5267 1754 1260 27761 765 26996 3683 23313 1437
is_linear=0
shrinkage=0.12


Tree=145
num_leaves=23
num_cat=0
split_feature=29 19 69 5 70 80 51 54 53 58 55 76 69 47 66 7 22 53 23 19 59 76
split_gain=0.130056 0.180148 0.245764 0.5298 0.158245 0.0600546 0.191729 0.264655 0.0884161 0.0826643 0.196896 0.221766 0.176511 0.139301 0.235086 0.102489 0.1157 0.15206 0.093638 0.108745 0.0759697 0.0509313
threshold=-64.862651824951158 0.25182291865348821 3.5000000000000004 2.9130500555038457 23.500000000000004 1.0000000180025095e-35 0.20826278626918796 -0.049729857593774789 2.0656249523162846 0.078096285462379469 0.11695609614253046 0.47927848994731909 10.500000000000002 0.12630850076675418 11.561718940734865 0.37659999728202825 3.9555083513259892 2.1218750476837163 9.3207998275756854 0.074999999254941954 2.4985462427139287 0.40785825252532965
decision_type=2 2 2 2 2 2 2 2 2 2 2 2 2 2 2 2 2 2 2 2 2 2
left_child=1 -1 -3 4 -4 9 7 -7 -9 15 11 12 -11 14 -12 16 -2 -18 19 -17 -15 -10
right_child=5 2 3 -5 -6 6 -8 8 21 10 13 -13 -14 20 -16 18 17 -19 -20 -21 -22 -23
leaf_value=-0.0029559971863377522 -0.0025658642636812905 0.0021919043468860322 0.0025139789303160148 -0.0053363190556554863 -0.00096620499069291726 0.0045300052074482662 -0.0012211054969073023 0.0022043759745178377 -0.0008157176804617581 -0.0024640296598635162 -0.0045617367007112627 0.0030180177107638336 0.0011905266222000152 0.0007835230260601362 -0.00050697948328807488 -0.0013020343228907791 -0.0022369175082204876 0.00097657930780376467 0.0021124337423215839 5.8801142793028041e-05 -0.0014708032765718324 0.00096889742502935853
leaf_weight=494 455 410 316 323 465 300 585 348 527 369 421 365 393 411 403 859 338 569 315 54178 452 409
leaf_count=494 455 410 316 323 465 300 585 348 527 369 421 365 393 411 403 859 338 569 315 54178 452 409
internal_value=-1.5767e-05 -0.000966176 -0.000316921 -0.00124864 0.00044191 1.51652e-05 0.000635396 0.00132104 0.000571276 -7.43394e-06 -0.000642272 0.000585827 -0.000579199 -0.0014627 -0.00257865 2.4065e-05 -0.00100431 -0.000220953 4.93694e-05 3.75617e-05 -0.00039719 -3.59019e-05
internal_weight=63705 2008 1514 1104 781 61697 2169 1584 1284 59528 2814 1127 762 1687 824 56714 1362 907 55352 55037 863 936
internal_count=63705 2008 1514 1104 781 61697 2169 1584 1284 59528 2814 1127 762 1687 824 56714 1362 907 55352 55037 863 936
is_linear=0
shrinkage=0.12


Tree=146
num_leaves=17
num_cat=0
split_feature=29 13 78 12 12 59 50 59 49 61 81 75 71 11 66 59
split_gain=0.100716 0.162413 0.243014 0.252454 0.181615 0.0542239 0.167211 0.0754099 0.263447 0.235642 0.0663382 0.174004 0.171034 0.0685291 0.167288 0.0862925
threshold=-64.862651824951158 2.5270999670028691 0.16698946803808215 1.1183500289916994 1.8103500008583071 -6.2650797367095938 0.19685354828834536 -0.12402901053428649 1.6343750357627871 3.1968749761581425 4.3605713844299325 10.500000000000002 84.500000000000014 1.5000000000000002 10.453125000000002 4.0025854110717782
decision_type=2 2 2 2 2 2 2 2 2 2 2 2 2 2 2 2
left_child=1 -1 -3 -4 -5 6 -2 8 9 -7 13 12 -12 15 -15 -9
right_child=5 2 3 4 -6 7 -8 10 -10 -11 11 -13 -14 14 -16 -17
leaf_value=-0.0034152827290848931 -0.0031538667742307615 -0.0032774873276051001 0.002963576224097546 -0.0024129204653147779 0.00084040153935417076 0.0044235811929134138 0.00041639315388036064 -1.5883042081355033e-05 -0.0014594566614696282 6.0645545258229328e-05 -0.00033674843112632761 0.002019550954669672 -0.002511988208400125 0.00017220748857007715 -0.00083491260516652241 0.00033024959219869841
leaf_weight=302 309 338 376 466 526 381 486 29053 401 335 3805 387 603 5771 4036 16130
leaf_count=302 309 338 376 466 526 381 486 29053 401 335 3805 387 603 5771 4036 16130
internal_value=-1.38749e-05 -0.000850235 -0.000396164 0.000315742 -0.000687873 1.33454e-05 -0.000971293 2.61986e-05 0.0010031 0.00238226 7.9466e-06 -0.000420123 -0.000634314 4.52733e-05 -0.000242266 0.000107684
internal_weight=63705 2008 1706 1368 992 61697 795 60902 1117 716 59785 4795 4408 54990 9807 45183
internal_count=63705 2008 1706 1368 992 61697 795 60902 1117 716 59785 4795 4408 54990 9807 45183
is_linear=0
shrinkage=0.12


Tree=147
num_leaves=23
num_cat=0
split_feature=29 75 66 50 45 50 80 51 54 74 29 72 46 53 53 51 57 74 89 55 19 71
split_gain=0.0779942 0.153969 0.291313 0.20237 0.195263 0.0559415 0.0564232 0.162736 0.185952 0.103705 0.189629 0.121145 0.193019 0.0739115 0.070816 0.0672591 0.0446975 0.0377684 0.0190073 0.0131821 0.00682913 0.0068581
threshold=-64.862651824951158 3.5000000000000004 10.882291793823244 -0.076739706099033342 0.93437498807907116 0.51637515425682079 1.0000000180025095e-35 0.20826278626918796 -0.049729857593774789 53.500000000000007 28.863415718078617 38.456251144409187 0.28199312090873724 2.2218749523162846 2.0656249523162846 0.39072908461093908 3.4906250238418584 7.5000000000000009 0.37500000000000006 0.17027189582586291 0.28645832836627966 99.500000000000014
decision_type=2 2 2 2 2 2 2 2 2 2 2 2 2 2 2 2 2 2 2 2 2 2
left_child=1 2 4 -3 -1 6 9 8 -8 11 -11 15 -13 -12 -10 -2 17 -7 -19 20 21 -18
right_child=5 3 -4 -5 -6 16 7 -9 14 10 13 12 -14 -15 -16 -17 19 18 -20 -21 -22 -23
leaf_value=-0.0032187364139489743 -1.3098190840690675e-05 -0.0042826560855729785 0.0026124371368322144 -2.4511218951757701e-05 0.00027605504957648049 -0.00014072860400622539 0.0039821278136572798 -0.0011224842293555398 0.0021521716026391257 -0.003382444075081779 0.00079840586856174496 0.0038648969901070385 0.00017569940505247778 -0.001133774082790143 6.016309700858341e-05 0.00056294988171825123 0.00045858600879012816 -0.00080371625755982612 -0.0018230390203637897 -0.00047127068413310155 0.0007149862106291603 -0.00031610883171975156
leaf_weight=397 50980 341 418 304 548 586 300 538 321 357 544 307 610 599 850 3096 301 499 558 575 313 363
leaf_count=397 50980 341 418 304 548 586 300 538 321 357 544 307 610 599 850 3096 301 499 558 575 313 363
internal_value=-1.22099e-05 -0.000748206 -2.53569e-05 -0.00227572 -0.00119213 1.17439e-05 3.84473e-05 0.000663379 0.00131654 1.62235e-05 -0.00096822 4.30754e-05 0.0014108 -0.000214171 0.000633634 1.98821e-05 -0.000477208 -0.000913437 -0.00134183 -1.54015e-05 0.000252894 3.50706e-05
internal_weight=63705 2008 1363 645 945 61697 58502 2009 1471 56493 1500 54993 917 1143 1171 54076 3195 1643 1057 1552 977 664
internal_count=63705 2008 1363 645 945 61697 58502 2009 1471 56493 1500 54993 917 1143 1171 54076 3195 1643 1057 1552 977 664
is_linear=0
shrinkage=0.12


Tree=148
num_leaves=16
num_cat=0
split_feature=36 19 81 49 15 33 11 62 78 22 89 0 24 23 19
split_gain=0.0603987 0.148054 0.17416 0.301574 0.207035 0.05591 0.0497086 0.261728 0.245197 0.179253 0.162558 0.133472 0.0714633 0.0928279 0.102432
threshold=-64.862651824951158 0.25546874105930334 1.9183208346366885 1.7468749880790713 8.0092973709106463 0.077013000845909133 1.5000000000000002 -0.45981067419052118 -5.0756137371063224 1.1529833078384402 0.37500000000000006 55.266201019287116 14.518093109130861 9.4763250350952166 0.12499999627470972
decision_type=2 2 2 2 2 2 2 2 2 2 2 2 2 2 2
left_child=1 -1 3 4 -3 -2 12 10 -9 -10 -8 -12 13 14 -7
right_child=5 2 -4 -5 -6 6 7 8 9 -11 11 -13 -14 -15 -16
leaf_value=-0.0022635544870278613 0.00163370051205244 -0.0024176354444131309 -0.0023211279309947193 0.0039905805932357909 0.0015134951093840219 -0.00093854978013433723 -0.003754626731572573 0.0026995170674639882 -0.00187471673313595 8.4732568623415214e-06 0.00066410433786429546 -0.0026019821423026125 -0.0014912392987407276 0.0021651837981709796 8.1165487669155722e-05
leaf_weight=586 304 394 350 300 378 1461 439 453 801 7970 394 332 429 301 48813
leaf_count=586 304 394 350 300 378 1461 439 453 801 7970 394 332 429 301 48813
internal_value=-1.07448e-05 -0.000658422 3.04655e-06 0.000761872 -0.000492807 1.03346e-05 2.29621e-06 -0.000236954 -2.29006e-05 -0.000163507 -0.00193174 -0.000829478 5.10291e-05 6.41113e-05 5.15318e-05
internal_weight=63705 2008 1422 1072 772 61697 61393 10389 9224 8771 1165 726 51004 50575 50274
internal_count=63705 2008 1422 1072 772 61697 61393 10389 9224 8771 1165 726 51004 50575 50274
is_linear=0
shrinkage=0.12


Tree=149
num_leaves=33
num_cat=0
split_feature=47 1 78 57 58 57 55 2 19 19 2 8 72 65 5 45 47 2 33 65 66 49 29 5 0 6 49 1 19 7 2 93
split_gain=0.0797775 0.170761 0.244634 0.146512 0.196073 0.191642 0.165255 0.204701 0.144224 0.15671 0.420932 0.272628 0.165577 0.179184 0.142529 0.156276 0.137523 0.337426 0.13876 0.117334 0.254018 0.215397 0.191814 0.179889 0.150628 0.135615 0.133469 0.0895785 0.0869953 0.0668989 0.100057 0.0461332
threshold=0.13741220533847812 16.353249549865726 -10.30855083465576 8.8562502861022967 -50.748649597167962 9.4968748092651385 0.20095802098512652 192.84500122070315 0.21145833283662799 0.27682292461395269 202.98000335693362 10.86345434188843 7.6406250000000009 35.500000000000007 3.6985499858856206 0.57187500596046459 0.1297550052404404 196.85500335693362 0.17916322499513629 15.500000000000002 3.7156250476837163 1.5093750357627871 -64.862651824951158 3.0265499353408818 74.407600402832045 6.7326500415802011 1.5218749642372134 19.314349174499515 0.2963541597127915 4.8497500419616708 224.61000061035159 1.0000000180025095e-35
decision_type=2 2 2 2 2 2 2 2 2 2 2 2 2 2 2 2 2 2 2 2 2 2 2 2 2 2 2 2 2 2 2 2
left_child=1 2 -1 19 -5 -6 7 -7 -3 10 11 -10 28 -14 16 -16 18 -18 -4 20 29 -22 23 -21 26 -26 -24 -12 -11 31 -31 -2
right_child=3 8 14 4 5 6 -8 -9 9 12 27 -13 13 -15 15 -17 17 -19 -20 22 21 -23 24 -25 25 -27 -28 -29 -30 30 -32 -33
leaf_value=0.0034488510919523422 0.0012475600080212462 0.0019160669630726385 -0.00091231360506705157 0.0033053360036703655 0.0028858193794559558 -0.0035090213219434547 0.0015972520202236762 -9.6466301202339946e-05 -0.005318184992421717 0.0029176180513216451 0.0003610030967436928 -0.0014514400064305892 -0.0024985328800864069 0.0001596598942943467 -0.00052497406688167293 0.0028102343774051991 0.0045980273593171804 0.00028097812015014892 0.00016117233845174017 -0.00068651792788570576 0.00035499903270111281 0.0048947876358870412 0.00015388557892185285 -0.0041742076749489588 -0.00079111604368121622 -0.0034119000473358647 -0.0005026355737456612 -0.0014458835662820922 0.00035789936080887308 -0.0019063778102096447 -5.3719660134786039e-06 -0.00021023204807092883
leaf_weight=337 750 344 1868 351 353 311 595 1360 461 356 1390 610 498 1369 306 597 339 1129 24160 530 302 300 9564 356 2758 317 8354 552 413 519 1720 536
leaf_count=337 750 344 1868 351 353 311 595 1360 461 356 1390 610 498 1369 306 597 339 1129 24160 530 302 300 9564 356 2758 317 8354 552 413 519 1720 536
internal_value=-9.45538e-06 0.000113206 0.000234723 -0.00015647 0.000641997 0.000285055 -0.000120095 -0.000731598 -0.000469461 -0.000614729 -0.00120591 -0.00311584 6.09975e-05 -0.000549381 0.000196582 0.00168003 0.000147864 0.0012779 8.41295e-05 -0.000247659 0.000339225 0.00261735 -0.000358362 -0.00208789 -0.000285368 -0.00106129 -0.000152208 -0.000152592 0.00154289 -4.98338e-05 -0.000446025 0.000639958
internal_weight=63705 34729 28736 28976 2970 2619 2266 1671 5993 5649 3013 1071 2636 1867 28399 903 27496 1468 26028 26006 4127 602 21879 886 20993 3075 17918 1942 769 3525 2239 1286
internal_count=63705 34729 28736 28976 2970 2619 2266 1671 5993 5649 3013 1071 2636 1867 28399 903 27496 1468 26028 26006 4127 602 21879 886 20993 3075 17918 1942 769 3525 2239 1286
is_linear=0
shrinkage=0.12


Tree=150
num_leaves=17
num_cat=0
split_feature=29 66 71 78 76 19 49 58 8 16 55 29 13 2 58 34
split_gain=0.129622 0.221434 0.24032 0.154707 0.218554 0.240685 0.0713266 0.0808386 0.16305 0.165317 0.151641 0.0948721 0.187308 0.10373 0.179815 0.102777
threshold=-61.708776473999016 4.2656250000000009 97.500000000000014 0.33689305186271673 0.47512841224670416 0.26796875894069677 2.3999999761581425 -27.623100280761715 12.219010829925539 4.3037774562835702 0.36379078030586248 -53.595741271972649 5.8021497726440439 116.56000137329103 -0.93438598513603199 1.2973999977111819
decision_type=2 2 2 2 2 2 2 2 2 2 2 2 2 2 2 2
left_child=1 -1 3 -3 -5 -6 7 8 9 -2 -11 12 -9 14 -13 -15
right_child=6 2 -4 4 5 -7 -8 11 -10 10 -12 13 -14 15 -16 -17
leaf_value=0.0037221382394948574 -0.0025529824577710516 -0.0022639060328585319 0.0029545743281202616 -0.0021569133944889362 -0.000791565057773876 0.0033265929035893589 0.0018034022121359145 -0.0036348105550438816 0.0020781438301071876 -0.00059742164264467597 0.0019425257314454581 0.0036504240315756381 0.0003021376685374382 6.4733877921450522e-06 -3.635562030846208e-05 -0.0021606250272478995
leaf_weight=336 578 418 417 335 371 455 301 304 339 4501 366 307 407 53701 502 317
leaf_count=336 578 418 417 335 371 455 301 304 339 4501 366 307 407 53701 502 317
internal_value=-6.0897e-06 0.000872104 0.000392339 -0.000284325 0.000428392 0.00147691 -3.93232e-05 -4.83682e-05 -0.000475305 -0.00063428 -0.000406417 -3.90496e-06 -0.00138117 1.39555e-05 0.00136271 -6.24404e-06
internal_weight=63955 2332 1996 1579 1161 826 61623 61322 5784 5445 4867 55538 711 54827 809 54018
internal_count=63955 2332 1996 1579 1161 826 61623 61322 5784 5445 4867 55538 711 54827 809 54018
is_linear=0
shrinkage=0.12


Tree=151
num_leaves=24
num_cat=0
split_feature=46 58 58 58 23 6 6 53 29 54 41 78 41 89 33 58 29 8 34 19 57 46 28
split_gain=0.117433 0.415802 0.404863 0.222811 0.217862 0.218381 0.260747 0.202519 0.0988608 0.424097 0.325238 0.358253 0.265402 0.253013 0.0759579 0.275255 0.089448 0.33664 0.239319 0.132872 0.0848758 0.0935145 0.0355839
threshold=0.19760289043188098 0.44782207906246191 1.3808410167694094 1.0000000180025095e-35 0.65582501888275158 7.5614500045776376 7.1051499843597421 2.1093750000000004 3.7168354988098149 -0.029936589300632473 0.14964322000741961 5.0974609851837167 0.22067560255527499 0.62500000000000011 0.21168706566095355 -1.8251358866691587 12.610716819763185 7.3593490123748788 1.0723714232444765 0.27057291567325598 19.565625190734867 0.25282885134220129 71.614788055419936
decision_type=2 2 2 2 2 2 2 2 2 2 2 2 2 2 2 2 2 2 2 2 2 2 2
left_child=1 3 -3 4 -1 6 -6 -7 9 10 11 -2 -12 -13 15 -10 17 18 -16 -19 21 -18 -22
right_child=8 2 -4 -5 5 7 -8 -9 14 -11 12 13 -14 -15 16 -17 20 19 -20 -21 22 -23 -24
leaf_value=0.0030791661952002383 0.0037794339073723001 0.0059790619451573377 0.00042136748083843728 -0.0030164873463901245 0.00018300371175908087 0.00030098806014852578 0.0030144054519813369 -0.0028620621829980367 0.003644880414660219 -0.0047659087692668162 -0.0038952816537838721 0.0018390151492779917 0.00045321953529107171 -0.0029771255038069703 0.0028704752820465241 -0.00083278741876328195 0.0006855906446589493 -0.0013870702116542215 -0.0006930987057224532 -0.0048784969005219898 -0.000441590376440696 -5.4640951224411778e-05 -0.0022174776665691916
leaf_weight=376 452 359 398 311 8702 541 495 632 349 340 456 304 363 325 355 456 2604 309 1152 319 304 43704 349
leaf_count=376 452 359 398 311 8702 541 495 632 349 340 456 304 363 325 355 456 2604 309 1152 319 304 43704 349
internal_value=-5.35893e-06 0.000336251 0.00305705 0.000149976 0.000241616 0.000138731 0.000335395 -0.00140323 -8.27602e-05 -0.000862652 -0.000164174 0.0012024 -0.00196792 -0.000649452 -4.77517e-05 0.00110846 -6.67095e-05 -0.000826359 0.000146363 -0.00316058 -3.21734e-05 -1.30161e-05 -0.00139072
internal_weight=63955 11814 757 11057 10746 10370 9197 1173 52141 2240 1900 1081 819 629 49901 805 49096 2135 1507 628 46961 46308 653
internal_count=63955 11814 757 11057 10746 10370 9197 1173 52141 2240 1900 1081 819 629 49901 805 49096 2135 1507 628 46961 46308 653
is_linear=0
shrinkage=0.12


Tree=152
num_leaves=17
num_cat=0
split_feature=29 20 69 22 72 51 28 58 49 16 16 5 63 29 28 2
split_gain=0.0916326 0.17371 0.205306 0.370727 0.221164 0.135544 0.0569716 0.0576929 0.192287 0.132154 0.171075 0.0969296 0.332722 0.0881447 0.186105 0.109796
threshold=-61.708776473999016 23.871595382690433 3.5000000000000004 1.2793166637420657 19.353125572204593 0.097624164074659361 3.6883151531219487 -27.623100280761715 1.0656250119209292 2.7163449525833134 4.3037774562835702 3.9222500324249272 0.98104041814804088 -48.057653427124016 86.98276519775392 113.45499801635744
decision_type=2 2 2 2 2 2 2 2 2 2 2 2 2 2 2 2
left_child=1 -1 -3 -4 5 -5 -2 8 -8 -10 -11 13 -13 14 -9 -15
right_child=6 2 3 4 -6 -7 7 11 9 10 -12 12 -14 15 -16 -17
leaf_value=0.0032405447504750234 0.0015593479832985745 0.0022983826179544067 -0.0036819391316075395 0.0015503377659479157 0.0033336985072503996 -0.0017382520372788144 -0.0033087231305544262 -0.0021562205198378242 0.0021739466548207874 -0.0023614975883647273 -0.00014077452127566944 -0.00093511528160019925 0.0042282713030250031 0.0020161754356599485 0.0013424346662157824 -1.4992887460535914e-05
leaf_weight=340 322 542 376 300 321 453 310 734 309 560 4626 402 325 386 312 53337
leaf_count=340 322 542 376 300 321 453 310 734 309 560 4626 402 325 386 312 53337
internal_value=-4.71586e-06 0.000733658 0.000305775 -0.000439047 0.000696267 -0.000428057 -3.26581e-05 -4.10206e-05 -0.000400967 -0.000236927 -0.000380575 -3.36937e-06 0.00137314 -2.1641e-05 -0.00111264 -3.98934e-07
internal_weight=63955 2332 1992 1450 1074 753 61623 61301 5805 5495 5186 55496 727 54769 1046 53723
internal_count=63955 2332 1992 1450 1074 753 61623 61301 5805 5495 5186 55496 727 54769 1046 53723
is_linear=0
shrinkage=0.12


Tree=153
num_leaves=20
num_cat=0
split_feature=46 2 54 72 0 70 62 19 5 53 25 47 47 59 54 81 49 29 81
split_gain=0.0809901 0.156052 0.132592 0.319435 0.31704 0.323478 0.197819 0.15259 0.190064 0.171915 0.0775456 0.0580957 0.100594 0.0849476 0.0944099 0.0710389 0.0636714 0.234051 0.0914908
threshold=0.19760289043188098 248.84999847412112 -0.095496479421854005 6.5656249523162851 51.80165100097657 23.500000000000004 6.9747109413146982 0.33437500894069677 0.56619998812675487 2.0406249761581425 1.0000000180025095e-35 0.36349463462829595 0.35093636810779577 19999959.000000004 -0.055901996791362756 1.6522092819213869 1.0468750000000002 38.58734321594239 19.814743995666507
decision_type=2 2 2 2 2 2 2 2 2 2 2 2 2 2 2 2 2 2 2
left_child=1 2 6 -4 5 -5 7 8 -1 -9 11 12 16 14 -13 -16 17 -2 -18
right_child=10 -3 3 4 -6 -7 -8 9 -10 -11 -12 13 -14 -15 15 -17 18 -19 -20
leaf_value=0.0033442670461898399 -0.002479701358481543 -0.0023217845423472898 -0.0015967808920079477 0.0023765567812346245 0.0048632839870843885 -0.0022032180695019392 -0.0027028901928612074 -0.0027858082489640923 0.00032091018552805748 0.00055005596008725528 -0.0015153092867033343 0.0014018953243061479 0.0018774642434291309 -0.0021047741074227883 -0.00080253629173341473 0.00074703991724652007 -7.444934162547072e-06 -9.030464327305049e-05 0.0016450643368783649
leaf_weight=311 700 323 434 731 427 319 333 473 8043 420 528 411 400 424 2489 514 42419 3768 488
leaf_count=311 700 323 434 731 427 319 333 473 8043 420 528 411 400 424 2489 514 42419 3768 488
internal_value=-4.14996e-06 0.000279545 0.000352665 0.00126534 0.00210634 0.000985178 0.000170608 0.000274087 0.000433463 -0.00121687 -6.84289e-05 -5.36273e-05 -1.75424e-05 -0.000502809 -0.000303853 -0.000537307 -3.35425e-05 -0.000464651 1.13498e-05
internal_weight=63955 11814 11491 1911 1477 1050 9580 9247 8354 893 52141 51613 47775 3838 3414 3003 47375 4468 42907
internal_count=63955 11814 11491 1911 1477 1050 9580 9247 8354 893 52141 51613 47775 3838 3414 3003 47375 4468 42907
is_linear=0
shrinkage=0.12


Tree=154
num_leaves=23
num_cat=0
split_feature=50 33 36 57 41 22 54 28 78 54 78 33 78 6 28 5 66 11 50 1 49 49
split_gain=0.0723208 0.186775 0.180717 0.216937 0.385454 0.320332 0.241626 0.214405 0.114294 0.375138 0.149559 0.284852 0.208459 0.292865 0.268541 0.224817 0.202202 0.17109 0.148533 0.0887065 0.0779768 0.0929734
threshold=0.063775006681680693 0.18205953389406207 7.2100963592529306 0.72812500596046459 0.19887330383062365 1.3449999690055849 -0.024341191165149208 74.688381195068374 -7.6489567756652823 -0.20543950796127317 -0.90956342220306385 0.19412906467914584 0.54514053463935863 8.3271498680114764 119.56288528442384 2.9472500085830693 10.902082920074465 1.0000000180025095e-35 0.0077463616617023954 22.565699577331547 0.69062501192092907 0.94687500596046459
decision_type=2 2 2 2 2 2 2 2 2 2 2 2 2 2 2 2 2 2 2 2 2 2
left_child=8 -2 3 6 5 -5 7 -3 9 -1 11 16 15 14 -14 -12 -10 -15 -11 20 -4 -22
right_child=1 2 19 4 -6 -7 -8 -9 10 18 12 -13 13 17 -16 -17 -18 -19 -20 -21 21 -23
leaf_value=0.0024047102973398927 0.0024948551743863285 -0.0032287348225835942 0.0015003181614333071 0.0043887325876819788 -0.0036563086068563278 -0.00019521882746050348 -0.0047123056709054206 0.0003373938001003323 -0.0019259096511039079 -0.0046610033431090415 6.8836836496132659e-05 0.0044444294256595959 0.00037234679294153368 -0.00015542818837275263 0.0040008938042183969 -0.0036624840432778003 0.0023010842172478908 -0.0037306204776039577 -0.00099509003160076315 0.0015404445825762457 -0.0010887045190149313 -4.5125204762152898e-05
leaf_weight=304 403 414 457 304 320 790 374 587 321 300 546 355 12114 384 301 405 331 387 339 505 1266 42448
leaf_count=304 403 414 457 304 320 790 374 587 321 300 546 355 12114 384 301 405 331 387 339 505 1266 42448
internal_value=-3.65196e-06 -7.76279e-05 -9.94695e-05 -0.00103661 7.02481e-06 0.00107857 -0.00210985 -0.00113751 0.000216469 -0.00106533 0.000296285 0.00170925 0.000195637 0.000319387 0.00046032 -0.00152021 0.000220003 -0.00194998 -0.00271618 -4.09662e-05 -5.90462e-05 -7.53483e-05
internal_weight=63955 47868 47465 2789 1414 1094 1375 1001 16087 943 15144 1007 14137 13186 12415 951 652 771 639 44676 44171 43714
internal_count=63955 47868 47465 2789 1414 1094 1375 1001 16087 943 15144 1007 14137 13186 12415 951 652 771 639 44676 44171 43714
is_linear=0
shrinkage=0.12


Tree=155
num_leaves=13
num_cat=0
split_feature=28 28 19 83 66 6 51 50 53 19 19 34
split_gain=0.0854275 0.0668262 0.0683635 0.15745 0.0977963 0.0947527 0.0565084 0.330893 0.275836 0.133981 0.110839 0.100623
threshold=158.59754943847659 147.53260803222659 0.47812499105930334 1.0000000180025095e-35 7.3781249523162851 3.7297500371932988 0.29033258557319647 0.063775006681680693 2.0406249761581425 0.025000000372529033 0.087499998509883894 1.0847428441047671
decision_type=2 2 2 2 2 2 2 2 2 2 2 2
left_child=1 2 6 4 -4 -6 9 8 -8 -1 -11 -9
right_child=-2 -3 3 -5 5 -7 7 11 -10 10 -12 -13
leaf_value=0.0022201739996078676 0.0019452705775686763 -0.0015553510060966132 0.0017403703063493593 0.0031778157634885403 -0.0018548802523745882 0.00067563172043880626 -0.0014812202012343776 6.2997941892686113e-05 0.002435357454496306 -0.001523492562379549 -4.166898917943483e-05 -0.0013940427643224982
leaf_weight=373 329 392 400 319 408 446 315 4824 1455 737 52915 795
leaf_count=373 329 392 400 319 408 446 315 4824 1455 737 52915 795
internal_value=1.66008e-05 6.58908e-06 1.63098e-05 0.000797465 0.000191937 -0.000533325 -3.69793e-06 0.000307552 0.00173834 -4.62675e-05 -6.20243e-05 -0.00014315
internal_weight=63708 63379 62987 1573 1254 854 61414 7389 1770 54025 53652 5619
internal_count=63708 63379 62987 1573 1254 854 61414 7389 1770 54025 53652 5619
is_linear=0
shrinkage=0.12


Tree=156
num_leaves=24
num_cat=0
split_feature=84 51 47 22 22 65 22 55 58 29 7 58 54 81 49 55 0 69 29 12 12 5 58
split_gain=0.0756334 0.0859248 0.0804339 0.0946948 0.0772105 0.215129 0.237182 0.184874 0.180127 0.494134 0.167474 0.14774 0.12352 0.215269 0.296937 0.186136 0.333971 0.169866 0.131706 0.100757 0.206965 0.181753 0.0742828
threshold=1.0000000180025095e-35 0.045520558953285224 0.081759981811046614 0.9706999957561494 1.5603666901588442 44.500000000000007 1.5070916414260866 0.11887620761990549 0.57754147052764904 4.8480303287506112 8.2936000823974627 -0.21131289750337598 -0.10701367259025572 1.4486899971961977 1.6156249642372134 0.16356767714023593 54.081701278686531 7.5000000000000009 -7.6983234882354727 1.9648000001907351 1.9052500128746035 2.4743499755859379 -1.1152289509773252
decision_type=2 2 2 2 2 2 2 2 2 2 2 2 2 2 2 2 2 2 2 2 2 2 2
left_child=4 -2 -3 -4 5 6 8 -7 10 -10 -1 -8 13 15 -15 17 -17 -6 -14 20 -20 -21 -5
right_child=1 2 3 22 12 7 11 -9 9 -11 -12 -13 18 14 -16 16 -18 -19 19 21 -22 -23 -24
leaf_value=-8.0145158693086069e-05 0.00095519997611093156 0.00035819374649464895 -0.0027856069394391588 -0.0018575546308268421 -0.0026409888871141377 -0.0035880893903774162 0.0046465990952361605 3.6109045831835828e-06 0.0055281802365789185 -0.0011050273435807795 0.0010673566277040478 0.0009169484141770786 0.0019301362010891855 -0.0041713972237712995 0.00018852105558364056 -0.0001100322599348002 0.0044669339951197394 -0.00030484332115670904 0.00032655945279035033 3.4922896120464151e-05 -0.0036508950709678648 0.0024165474032936192 0.00023239977207766577
leaf_weight=7711 398 487 489 459 483 362 300 480 328 319 2402 312 536 494 413 806 321 6220 456 38619 321 467 525
leaf_count=7711 398 487 489 459 483 362 300 480 328 319 2402 312 536 494 413 806 321 6220 456 38619 321 467 525
internal_value=1.46087e-05 -0.000652315 -0.000978739 -0.00142075 4.02421e-05 0.000310254 0.000447291 -0.00154056 0.000316592 0.00225771 0.000192405 0.00274521 -2.68763e-05 -0.000436 -0.00218612 -0.000233272 0.00119361 -0.00047318 6.1604e-05 3.64797e-05 -0.00131664 6.33786e-05 -0.000742487
internal_weight=63708 2358 1960 1473 61350 12214 11372 842 10760 647 10113 612 49136 8737 907 7830 1127 6703 40399 39863 777 39086 984
internal_count=63708 2358 1960 1473 61350 12214 11372 842 10760 647 10113 612 49136 8737 907 7830 1127 6703 40399 39863 777 39086 984
is_linear=0
shrinkage=0.12


Tree=157
num_leaves=16
num_cat=0
split_feature=28 59 57 6 66 71 86 0 6 2 28 41 53 53 49
split_gain=0.0658076 0.0654174 0.125194 0.0751563 0.2587 0.217491 0.195347 0.222664 0.157272 0.150675 0.134868 0.11288 0.0792441 0.132119 0.12845
threshold=158.59754943847659 -6.2650797367095938 6.0187499523162851 7.9960501194000253 9.9257812500000018 72.500000000000014 1.0000000180025095e-35 55.66835021972657 7.6089501380920419 212.08000183105472 80.83557510375978 0.093375191092491164 2.2406250238418584 2.2156250476837163 1.3656249642372134
decision_type=2 2 2 2 2 2 2 2 2 2 2 2 2 2 2
left_child=1 2 -1 8 6 -6 7 -5 12 -10 -8 -11 13 -3 -14
right_child=-2 3 -4 4 5 -7 10 -9 9 11 -12 -13 14 -15 -16
leaf_value=9.1180604101538437e-05 0.0017056225483641197 7.7458065489082977e-05 -0.0029579765439801623 2.2210295290054926e-05 0.0037335017483051043 0.00041251649474177525 0.00031654463622225769 -0.0027645108727667508 -0.002783352443728143 0.0015653122057003757 0.0033989729087018088 -0.0011297343836799 -0.00081321944098893678 0.0010527365982435182 -3.2849391945792659e-05
leaf_weight=515 329 28885 311 1723 562 574 548 543 555 314 326 779 3522 2149 22073
leaf_count=515 329 28885 311 1723 562 574 548 543 555 314 326 779 3522 2149 22073
internal_value=1.28557e-05 4.06851e-06 -0.00105687 1.8078e-05 0.000503668 0.00205547 -5.77482e-05 -0.00064557 -1.75516e-05 -0.00117313 0.00146628 -0.000355494 1.60777e-05 0.000144993 -0.000140232
internal_weight=63708 63379 826 62553 4276 1136 3140 2266 58277 1648 874 1093 56629 31034 25595
internal_count=63708 63379 826 62553 4276 1136 3140 2266 58277 1648 874 1093 56629 31034 25595
is_linear=0
shrinkage=0.12


Tree=158
num_leaves=28
num_cat=0
split_feature=84 59 50 28 34 70 13 34 66 50 85 3 46 0 81 20 50 61 53 66 66 63 57 5 9 28 50
split_gain=0.0577803 0.0767216 0.0930972 0.123468 0.11805 0.0641072 0.293532 0.321174 0.168964 0.251342 0.236365 0.295946 0.20895 0.149511 0.103322 0.158609 0.181434 0.215345 0.154089 0.144488 0.10149 0.16944 0.0997054 0.18158 0.114549 0.0620439 0.053312
threshold=1.0000000180025095e-35 6.348525047302247 0.10761759430170061 75.303100585937514 0.94769999384880077 21.500000000000004 6.5051500797271737 1.1409285664558413 10.352083683013918 -0.079900059849023805 1.0000000180025095e-35 0.24740999937057498 0.35887841880321508 4.2043499946594247 13.999712944030763 21.207811355590824 0.2316849082708359 0.28125000000000006 1.9468750357627871 11.32656240463257 10.913541793823244 2.4957011938095097 7.3062500953674325 2.2654500007629399 1.0000000180025095e-35 73.458942413330092 0.28379008173942571
decision_type=2 2 2 2 2 2 2 2 2 2 2 2 2 2 2 2 2 2 2 2 2 2 2 2 2 2 2
left_child=5 2 3 -2 26 6 8 20 10 -10 11 -1 -12 -11 15 16 17 -7 -16 -18 25 -22 24 -24 -17 -8 -4
right_child=1 -3 4 -5 -6 14 7 -9 9 13 12 -13 -14 -15 18 22 19 -19 -20 -21 21 -23 23 -25 -26 -27 -28
leaf_value=0.0028987460452741449 0.0023025630127711675 -0.0019308710204211865 0.0010975105528159121 -0.00083412875794286348 -0.0028860213049202443 -0.00094148624034307753 0.00099429902035067636 0.0051326007119958748 -0.002602929526916509 0.0019208355907348515 -0.0031522193238204921 0.0004075394199140817 0.00044526011884833374 -0.00015906620585806649 0.002617090813146501 -0.00022911214783143591 0.001166638315234323 -0.004833702321922732 -0.00048726947706503166 -0.0020694648282705412 0.0039529916142506264 0.00015961252487338513 9.5899955623596786e-05 0.0022634027134128178 0.0005095957113715224 -0.0014223971707040383 -0.00088359200530515117
leaf_weight=738 387 477 309 339 313 519 302 321 595 515 481 9875 450 14798 493 22921 547 338 432 312 313 370 2524 714 3482 310 533
leaf_count=738 387 477 309 339 313 519 302 321 595 515 481 9875 450 14798 493 22921 547 338 432 312 313 370 2524 714 3482 310 533
internal_value=1.1313e-05 -0.000571608 -0.000226915 0.000837909 -0.000896232 3.37177e-05 0.000162988 0.00173468 7.04685e-05 -0.000183139 0.000419948 0.000580771 -0.00141337 -8.91159e-05 -8.26828e-05 -0.000119555 -0.00124123 -0.00247657 0.00116727 -8.75654e-06 0.000892416 0.00189801 -5.46185e-05 0.000573848 -0.000131692 -0.000229844 -0.00015656
internal_weight=63708 2358 1881 726 1155 61350 29068 1616 27452 15908 11544 10613 931 15313 32282 31357 1716 857 925 859 1295 683 29641 3238 26403 612 842
internal_count=63708 2358 1881 726 1155 61350 29068 1616 27452 15908 11544 10613 931 15313 32282 31357 1716 857 925 859 1295 683 29641 3238 26403 612 842
is_linear=0
shrinkage=0.12


Tree=159
num_leaves=38
num_cat=0
split_feature=75 81 13 23 31 58 1 47 63 50 90 47 76 49 41 22 81 31 33 81 58 29 2 13 81 81 41 70 50 41 46 53 59 50 54 41 47
split_gain=0.0534067 0.128057 0.213081 0.226875 0.174557 0.26283 0.208704 0.142158 0.179193 0.411954 0.260006 0.137926 0.264907 0.120885 0.185707 0.166796 0.166536 0.149492 0.233683 0.1568 0.206526 0.193755 0.143207 0.111002 0.109973 0.14876 0.121813 0.109336 0.147163 0.09328 0.158116 0.0775162 0.0771393 0.0711431 0.0681898 0.0919413 0.059002
threshold=5.5000000000000009 0.93400657176971447 2.0868500471115117 2.1685000658035283 0.77187499403953563 1.0000000180025095e-35 5.3352501392364511 0.36349463462829595 19999947.000000004 0.21402972936630252 1.0000000180025095e-35 0.091432258486747756 0.56140071153640758 1.3031249642372134 0.064749825745821013 2.7041249275207524 0.38925565779209143 0.65312498807907116 0.26740805804729467 0.86484968662261974 0.078096285462379469 16.092858314514164 307.94999694824224 6.1359498500823983 0.75796243548393261 0.64534106850624096 0.1122182495892048 28.500000000000004 0.081860739737749114 0.057049920782446868 0.19542244821786883 2.1218750476837163 5.5558807849884042 0.36689344048500067 -0.065373990684747682 0.14964322000741961 0.16511910408735278
decision_type=2 2 2 2 2 2 2 2 2 2 2 2 2 2 2 2 2 2 2 2 2 2 2 2 2 2 2 2 2 2 2 2 2 2 2 2 2
left_child=1 7 11 -4 5 -5 -6 8 24 10 -10 -3 -13 14 -2 16 -16 18 -15 29 21 -21 -17 -18 25 -1 -26 28 -9 -19 -31 -20 -30 -33 -29 -36 -11
right_child=13 2 3 4 6 -7 -8 27 9 36 -12 12 -14 17 15 22 23 19 31 20 -22 -23 -24 -25 26 -27 -28 34 32 30 -32 33 -34 -35 35 -37 -38
leaf_value=4.9139352129565115e-05 0.0033497264806849063 0.0033871700969583468 -0.0036767661981298816 0.00039492601511172153 0.0014660176599317041 -0.002282715339034657 -0.001207998080800907 -0.0035688764153461719 0.004412721141703514 -0.00093062702111976019 0.00045328276279551073 0.0023916305164579841 -0.0020902959868745428 -0.0030889317476946055 0.0013290830710077234 0.0039136169036070693 -0.0028743132849597388 0.0015545121784855769 0.00099483032439486333 -0.00085744669260985173 0.0039474725600003313 0.001379924245630194 0.00059899482197816602 0.00011403025083936659 0.0028819855338941417 -0.0019242325158579832 0.0001458470816398253 0.0014713569837654426 -0.00025997970923295082 -0.0024237505433873218 -5.1737311384131658e-05 -0.0013716466419620653 -0.0022815961422090747 0.0006719268999319562 -0.0017906867392455403 0.00097805072860624787 0.00085475014516236676
leaf_weight=34504 403 301 328 4141 463 605 4558 347 640 807 381 418 348 503 502 307 394 410 571 829 306 1701 483 328 411 559 545 381 1009 464 3165 770 372 360 378 318 398
leaf_count=34504 403 301 328 4141 463 605 4558 347 640 807 381 418 348 503 502 307 394 410 571 829 306 1701 483 328 411 559 545 381 1009 464 3165 770 372 360 378 318 398
internal_value=9.95542e-06 -4.15995e-05 -0.000401998 -0.000572454 -0.000468203 5.35916e-05 -0.00096142 5.63974e-05 0.000116874 0.00116173 0.0029352 0.0012107 0.000355455 0.000244105 0.000998286 0.000527764 -0.000349573 4.33282e-05 -0.000816678 0.000319031 0.00100295 0.000646809 0.00188708 -0.00151673 5.23013e-05 1.76784e-05 0.00132216 -0.00076818 -0.00135965 -0.000161183 -0.00035502 -0.000144754 -0.000804543 -0.000720597 0.000180806 -0.00052566 -0.000340934
internal_weight=63708 52212 11162 10095 9767 4746 5021 41050 38245 2226 1021 1067 766 11496 2417 2014 1224 9079 2204 6875 2836 2530 790 722 36019 35063 956 2805 1728 4039 3629 1701 1381 1130 1077 696 1205
internal_count=63708 52212 11162 10095 9767 4746 5021 41050 38245 2226 1021 1067 766 11496 2417 2014 1224 9079 2204 6875 2836 2530 790 722 36019 35063 956 2805 1728 4039 3629 1701 1381 1130 1077 696 1205
is_linear=0
shrinkage=0.12


Tree=160
num_leaves=19
num_cat=0
split_feature=12 66 66 78 34 53 29 5 13 2 6 54 89 22 34 76 76 60
split_gain=0.09607 0.272154 0.355691 0.238263 0.282421 0.226036 0.183863 0.108344 0.225166 0.100631 0.417277 0.163708 0.095116 0.239345 0.246497 0.173259 0.253554 0.153239
threshold=0.92629998922348034 11.407291889190676 4.0468750000000009 5.5047144889831552 1.2485428452491762 2.2531249523162846 14.96274518966675 3.4752500057220463 6.4233500957489023 112.12500000000001 5.6794500350952157 -0.20543950796127317 0.62500000000000011 0.9706999957561494 1.0932857394218447 0.9762399196624757 0.95244187116622936 1.0000000180025095e-35
decision_type=2 2 2 2 2 2 2 2 2 2 2 2 2 2 2 2 2 2
left_child=1 2 -1 4 6 -5 -4 9 -9 10 11 -2 13 14 -11 16 -14 -15
right_child=7 -3 3 5 -6 -7 -8 8 -10 12 -12 -13 15 17 -16 -17 -18 -19
leaf_value=0.0017435975688683603 -0.0015122505608084922 0.0027193677567822093 0.0027612769429474862 -0.0015153677412921465 -0.0025786079036270349 -0.0052947478256977687 -0.0011826027031237422 -0.00060305856149643654 0.0039520066519549424 0.000465536892037275 0.0047369549372488998 0.0019107931511214145 9.4114805551603287e-05 -0.00029293133556134273 -0.0038724525815500895 -0.0025702567843939451 0.0021633587551453302 0.00034978927927757484
leaf_weight=528 560 306 379 513 596 410 309 325 301 304 328 314 29622 20034 497 340 878 7284
leaf_count=528 560 306 379 513 596 410 309 325 301 304 328 314 29622 20034 497 340 878 7284
internal_value=-1.63129e-05 -0.000674526 -0.00105425 -0.0017236 -0.000666472 -0.00319418 0.000989971 1.66156e-05 0.00158716 2.7349e-07 0.00108723 -0.000282461 -2.18863e-05 -0.000181507 -0.00222607 0.000123651 0.000153682 -0.000121558
internal_weight=63828 3041 2735 2207 1284 923 688 60787 626 60161 1202 874 58959 28119 801 30840 30500 27318
internal_count=63828 3041 2735 2207 1284 923 688 60787 626 60161 1202 874 58959 28119 801 30840 30500 27318
is_linear=0
shrinkage=0.12


Tree=161
num_leaves=20
num_cat=0
split_feature=71 12 55 86 75 0 0 51 34 12 2 50 61 61 62 55 58 12 62
split_gain=0.095491 0.239176 0.160726 0.133152 0.251486 0.231739 0.198342 0.217639 0.200773 0.171169 0.124744 0.267883 0.139479 0.308859 0.166289 0.122225 0.0970694 0.230817 0.147466
threshold=85.500000000000014 0.77944999933242809 0.64224117994308483 1.0000000180025095e-35 4.5000000000000009 23.890249252319339 42.523948669433601 0.041607305407524116 0.92121428251266491 3.3781499862670903 121.90499877929689 -0.031888583675026887 3.3406250476837163 4.1718750000000009 0.058578848838806159 0.50722295045852672 -5.1584389209747306 1.0075500011444094 -0.56964761018753041
decision_type=2 2 2 2 2 2 2 2 2 2 2 2 2 2 2 2 2 2 2
left_child=2 -2 3 15 6 9 7 -5 -8 -6 -3 -12 14 -14 -13 16 17 -1 -18
right_child=1 10 -4 4 5 -7 8 -9 -10 -11 11 12 13 -15 -16 -17 18 -19 -20
leaf_value=0.0033990894417620749 -0.0026581096979633417 0.0015194258876060202 0.0023552367091284965 -0.0025258026143895338 0.0017054456162311855 0.0036745265288623801 -6.301585523711548e-05 -1.0820304275562684e-05 0.0021790517808217055 -0.0014224561960084223 -0.0030042490403427765 0.00020362799319206229 -0.00311147371022718 -0.00022673482403579896 0.0028834225470737969 -0.0018780863227872288 -0.00068048886352338109 0.00023421076434687219 1.0040072377348977e-05
leaf_weight=351 582 598 439 575 856 596 1180 3583 1122 357 491 3551 566 9589 368 516 5329 6076 27103
leaf_count=351 582 598 439 575 856 596 1180 3583 1122 357 491 3551 566 9589 368 516 5329 6076 27103
internal_value=-1.43554e-05 -0.000270852 6.96356e-05 4.85756e-05 0.000486334 0.00173691 0.000136135 -0.000358611 0.00102977 0.000784868 -0.000179222 -0.000248964 -0.00015284 -0.000387519 0.000455265 -4.33564e-05 -1.89934e-05 0.000407055 -0.000103423
internal_weight=63828 15745 48083 47644 8269 1809 6460 4158 2302 1213 15163 14565 14074 10155 3919 39375 38859 6427 32432
internal_count=63828 15745 48083 47644 8269 1809 6460 4158 2302 1213 15163 14565 14074 10155 3919 39375 38859 6427 32432
is_linear=0
shrinkage=0.12


Tree=162
num_leaves=19
num_cat=0
split_feature=57 57 55 2 47 23 16 57 16 23 7 59 34 50 71 47 47 55
split_gain=0.0745181 0.18083 0.172918 0.152118 0.147673 0.145959 0.183751 0.17034 0.160337 0.116871 0.120911 0.162745 0.121057 0.142098 0.120307 0.0869444 0.0453649 0.0400682
threshold=3.6406250000000004 4.1312499046325692 0.64224117994308483 208.2600021362305 0.030907614156603817 0.73719999194145214 4.0400559902191171 8.2781248092651385 5.407966375350953 0.73719999194145214 10.031700134277346 -0.82434570789337147 1.0991571545600893 0.2028862535953522 53.500000000000007 0.64250540733337413 0.115377314388752 0.10361409932374956
decision_type=2 2 2 2 2 2 2 2 2 2 2 2 2 2 2 2 2 2
left_child=2 3 9 -2 -3 -6 7 -7 -8 14 11 -11 13 -12 -1 -13 -5 -18
right_child=1 4 -4 16 5 6 8 -9 -10 10 12 15 -14 -15 -16 -17 17 -19
leaf_value=0.0029969021925884648 -0.002955303320775691 -0.0025947351674359929 0.0025488622696947755 0.00024284057032303161 -0.0020866220161179462 0.00057233364819415347 -0.0012334674402893118 0.0035086090257965435 2.2311850974533709e-05 0.0022791035734577338 0.0015148259798195541 1.8011464872976103e-05 -0.0030451375338723121 -0.0016101349722774778 -0.00015797920625135745 0.0017513957942698831 -0.00012972647054901914 -0.0018620692418724969
leaf_weight=389 571 332 403 533 488 1290 1637 365 13862 471 342 40714 347 541 315 421 316 491
leaf_count=389 571 332 403 533 488 1290 1637 365 13862 471 342 40714 347 541 315 421 316 491
internal_value=-1.26327e-05 -0.00020538 7.45889e-05 -0.00131518 -8.73857e-05 -4.02006e-05 1.80164e-05 0.00121991 -0.000110323 5.16874e-05 2.64833e-05 6.11478e-05 -0.00114608 -0.000399788 0.00158527 3.57519e-05 -0.000616295 -0.00118373
internal_weight=63828 19885 43943 1911 17974 17642 17154 1655 15499 43540 42836 41606 1230 883 704 41135 1340 807
internal_count=63828 19885 43943 1911 17974 17642 17154 1655 15499 43540 42836 41606 1230 883 704 41135 1340 807
is_linear=0
shrinkage=0.12


Tree=163
num_leaves=16
num_cat=0
split_feature=12 63 63 66 89 66 5 13 2 6 53 34 0 59 0
split_gain=0.0680114 0.212608 0.212396 0.202299 0.280684 0.240716 0.0826262 0.174333 0.0711308 0.323979 0.127647 0.0965192 0.113397 0.0691623 0.0656315
threshold=0.92629998922348034 19999921.000000004 5.0038926601409921 4.0468750000000009 1.0000000180025095e-35 10.126562595367433 3.4752500057220463 6.4233500957489023 112.12500000000001 5.6794500350952157 2.1593749523162846 1.3075285553932192 47.40589904785157 19999995.000000004 24.711549758911136
decision_type=2 2 2 2 2 2 2 2 2 2 2 2 2 2 2
left_child=1 2 3 -1 -5 -6 8 -8 9 10 -2 13 -13 14 -10
right_child=6 -3 -4 4 5 -7 7 -9 11 -11 -12 12 -14 -15 -16
leaf_value=0.0014413206208721959 0.0014922049451631429 -0.0031102617327801309 0.002362103926059375 -0.0043009865967805726 -0.002513275758413439 0.00077387932560538629 -0.00053907799865746012 0.0034689778167726563 -0.00018334208646395055 0.0041320960456150491 -0.0014703044155369132 5.4292188975458106e-05 -0.0031352941813744214 0.0014751449454560904 8.3430904785539696e-05
leaf_weight=521 348 409 404 348 519 840 325 301 20648 328 526 334 309 454 37214
leaf_count=521 348 409 404 348 519 840 325 301 20648 328 526 334 309 454 37214
internal_value=-1.11168e-05 -0.000564931 -0.000169398 -0.000628432 -0.00126015 -0.00048148 1.65889e-05 0.00138812 2.31759e-06 0.000916169 -0.000290724 -1.63131e-05 -0.0014785 -1.90924e-07 -1.17668e-05
internal_weight=63828 3041 2632 2228 1707 1359 60787 626 60161 1202 874 58959 643 58316 57862
internal_count=63828 3041 2632 2228 1707 1359 60787 626 60161 1202 874 58959 643 58316 57862
is_linear=0
shrinkage=0.12


Tree=164
num_leaves=27
num_cat=0
split_feature=71 22 64 63 2 63 62 61 72 41 6 8 53 78 78 75 78 28 41 28 29 29 71 33 65 59
split_gain=0.0647476 0.181227 0.120104 0.223263 0.308406 0.198924 0.267095 0.218508 0.178239 0.187124 0.139816 0.163551 0.142052 0.125635 0.229261 0.211633 0.110303 0.224919 0.206443 0.228463 0.194572 0.228519 0.339357 0.132592 0.0637869 0.0815757
threshold=85.500000000000014 0.33794999122619634 1.0000000180025095e-35 2.1859568357467656 296.63999938964849 1.5768061876296999 -0.70067584514617909 3.5843750238418584 21.584374427795414 0.074827112257480635 8.9359498023986834 12.02793073654175 2.1093750000000004 -1.114103317260742 -0.12491628155112265 4.5000000000000009 -1.4186210632324217 99.277149200439467 0.24318000674247744 85.753326416015639 -56.080293655395501 -14.380796432495115 116.50000000000001 0.19089290499687198 44.500000000000007 3.4357264041900639
decision_type=2 2 2 2 2 2 2 2 2 2 2 2 2 2 2 2 2 2 2 2 2 2 2 2 2 2
left_child=2 -2 10 5 8 6 7 -4 9 -5 11 13 -13 15 -15 -1 17 18 19 -3 -18 22 -22 -23 25 -6
right_child=1 16 3 4 24 -7 -8 -9 -10 -11 -12 12 -14 14 -16 -17 20 -19 -20 -21 21 23 -24 -25 -26 -27
leaf_value=7.1195354428171367e-05 -0.0030296882617619337 -0.00044061487817343461 0.0013459773836365797 0.0032894738577336274 0.00067413016054611481 -0.0027600385087826257 0.0024273852474706557 -0.0016749477857237304 0.004267181056535836 0.00085590586493862963 0.002557720581351538 -0.00038477145251620686 -0.0033228924274832632 -0.0017508678030124705 -1.5544755682067173e-05 0.0020116032921103921 0.0023284571218321233 -0.0033193936044101486 -0.0024646207327506625 0.0027662980239397711 -0.0051399182785826268 0.002481420355514415 0.00032905393080519778 -3.9577425128487132e-05 0.00086515114766893165 -0.0015903771793573196
leaf_weight=2716 324 1759 511 582 333 423 528 1060 350 2085 301 590 396 1132 34771 1153 496 438 549 391 312 309 343 10824 418 734
leaf_count=2716 324 1759 511 582 333 423 528 1060 350 2085 301 590 396 1132 34771 1153 496 438 549 391 312 309 343 10824 418 734
internal_value=-9.78279e-06 -0.000220991 5.93785e-05 0.000517916 0.00102429 -0.000385998 9.24293e-05 -0.00069233 0.0017211 0.00138697 -1.9064e-05 -3.80937e-05 -0.00156479 -2.44993e-07 -7.02584e-05 0.000649456 -0.00016198 -0.000797064 -0.000387735 0.000142596 2.034e-07 -9.77618e-05 -0.00227601 3.03937e-05 -0.000391393 -0.000883647
internal_weight=63828 15745 48083 7024 4502 2522 2099 1571 3017 2667 41059 40758 986 39772 35903 3869 15421 3137 2699 2150 12284 11788 655 11133 1485 1067
internal_count=63828 15745 48083 7024 4502 2522 2099 1571 3017 2667 41059 40758 986 39772 35903 3869 15421 3137 2699 2150 12284 11788 655 11133 1485 1067
is_linear=0
shrinkage=0.12


Tree=165
num_leaves=21
num_cat=0
split_feature=2 41 6 8 14 53 81 66 50 61 29 59 50 2 14 33 76 64 29 22
split_gain=0.0606869 0.144561 0.0592187 0.25774 0.25996 0.141694 0.134283 0.184343 0.156212 0.0831643 0.196194 0.184899 0.144561 0.0984 0.0900801 0.349362 0.129335 0.0792029 0.247227 0.11495
threshold=106.83499908447267 0.097260396927595152 7.7077999114990243 10.483567714691164 -0.16515000164508817 2.2843749523162846 0.16445416957139972 9.526041507720949 -0.037198474630713456 14.828125000000002 23.327572822570804 5.5093207359313974 0.20211175084114077 332.27999877929693 0.85694998502731334 0.17531906813383105 0.33318857848644262 1.0000000180025095e-35 10.870997428894045 0.20306666940450671
decision_type=2 2 2 2 2 2 2 2 2 2 2 2 2 2 2 2 2 2 2 2
left_child=1 -1 9 -4 6 -6 7 -5 -8 14 11 -11 -12 -14 15 -2 -17 19 -19 -16
right_child=2 -3 3 4 5 -7 8 -9 -10 10 12 -13 13 -15 17 16 -18 18 -20 -21
leaf_value=-0.00241725393062383 0.0040658395217167201 0.00095709375590680385 -0.0029779259334932555 -5.0264710687847675e-05 0.00051690417487509942 0.0035343003779840518 -0.0024561230028396315 -0.0026808904259826034 0.00037090900513126726 -0.00048374733294666099 0.0021905572591652887 -0.004590494183141218 -0.0013431764386103182 0.00050450665588377388 -0.002239767855623174 0.0026137120300072014 0.00012199808582405765 0.0015516295342440571 3.8060062018279975e-05 -7.7138165111526023e-06
leaf_weight=452 382 307 489 752 566 371 321 783 2285 332 353 301 891 777 335 322 4385 1980 7223 40421
leaf_count=452 382 307 489 752 566 371 321 783 2285 332 353 301 891 777 335 322 4385 1980 7223 40421
internal_value=1.4242e-05 -0.0010524 2.70378e-05 -0.000346728 -9.335e-05 0.00171163 -0.000501769 -0.00139214 2.26829e-05 6.30982e-05 -0.000593009 -0.00243656 -1.55872e-05 -0.000482475 9.47308e-05 0.000575698 0.000292453 4.57377e-05 0.0003637 -2.60605e-05
internal_weight=64028 759 63269 5567 5078 937 4141 1535 2606 57702 2654 633 2021 1668 55048 5089 4707 49959 9203 40756
internal_count=64028 759 63269 5567 5078 937 4141 1535 2606 57702 2654 633 2021 1668 55048 5089 4707 49959 9203 40756
is_linear=0
shrinkage=0.12


Tree=166
num_leaves=25
num_cat=0
split_feature=16 1 53 2 12 72 76 28 47 0 41 70 34 72 0 29 50 70 14 29 49 0 53 2
split_gain=0.0502811 0.202024 0.265877 0.341409 0.240662 0.253463 0.167136 0.114404 0.163178 0.0809299 0.062689 0.142719 0.124554 0.130571 0.233393 0.112219 0.335954 0.248832 0.381304 0.233346 0.124203 0.192198 0.156941 0.106571
threshold=3.3414189815521245 17.798049926757816 1.9656249880790713 252.43499755859378 2.0809500217437749 26.456250190734867 0.49610169231891638 71.000068664550795 0.14841303229331973 33.665250778198249 0.088684927672147765 2.5000000000000004 1.3353571295738222 16.618749618530277 56.665050506591804 -32.066806793212884 -0.0065713920630514613 32.500000000000007 5.3273000717163095 -17.754392623901364 1.7593750357627871 28.628549575805668 1.5843749642372134 113.45499801635744
decision_type=2 2 2 2 2 2 2 2 2 2 2 2 2 2 2 2 2 2 2 2 2 2 2 2
left_child=1 2 -1 -4 5 6 -3 9 -9 -6 11 -2 13 23 -15 16 17 18 -12 -17 22 -22 -21 -13
right_child=10 4 3 -5 7 -7 -8 8 -10 -11 15 12 -14 14 -16 19 -18 -19 -20 20 21 -23 -24 -25
leaf_value=0.00035606878607029931 0.0020624934316203908 0.0045554987191194288 -0.0060946128897751278 -0.00073389834026353152 -0.0033598405294827309 -0.0013783807752540604 0.0010377038766959364 -0.0012461224500895805 0.0018359165927212099 -0.00081217834869467685 0.00090618913555321173 0.00233172907866847 -0.0021337517853221351 -0.00039775780541307162 -0.0034459854498191896 -0.0024957134649361192 -0.0026532195236314065 -0.0011439112627080509 0.0049095230815716703 -0.00044373846486283177 0.00023733905471926117 -0.0011484227706597524 0.00029818893097213137 4.100782114549748e-05
leaf_weight=517 410 370 322 365 301 304 410 557 445 445 1048 301 468 5747 386 503 322 399 509 4782 3094 2698 29025 10300
leaf_count=517 410 370 322 365 301 304 410 557 445 445 1048 301 468 5747 386 503 322 399 509 4782 3094 2698 29025 10300
internal_value=1.2533e-05 -0.000397454 -0.00169954 -0.00324649 0.000156118 0.00156085 0.0027064 -0.000715011 0.000122647 -0.00184012 4.01151e-05 -0.000150171 -0.000202908 -0.000148908 -0.000589608 0.000119193 0.000938488 0.00152976 0.00221492 7.26526e-05 0.000105277 -0.000408169 0.000193243 0.00010605
internal_weight=64028 4036 1204 687 2832 1084 780 1748 1002 746 59992 17612 17202 16734 6133 42380 2278 1956 1557 40102 39599 5792 33807 10601
internal_count=64028 4036 1204 687 2832 1084 780 1748 1002 746 59992 17612 17202 16734 6133 42380 2278 1956 1557 40102 39599 5792 33807 10601
is_linear=0
shrinkage=0.12


Tree=167
num_leaves=23
num_cat=0
split_feature=6 33 62 14 89 34 33 69 89 9 50 47 89 5 33 29 57 51 41 41 2 19
split_gain=0.0451737 0.161758 0.144184 0.134629 0.168224 0.316733 0.145014 0.129284 0.689612 0.23413 0.122129 0.110247 0.2075 0.333053 0.184793 0.147654 0.133694 0.0956574 0.288059 0.140275 0.0867916 0.0800777
threshold=6.6168498992919931 0.052379749715328223 3.6681256294250493 0.69479998946189891 0.37500000000000006 0.90995714068412792 0.043528616428375251 9.5000000000000018 0.37500000000000006 1.0000000180025095e-35 -0.082852967083454118 0.15044368058443072 1.0000000180025095e-35 2.6414500474929814 0.34497648477554327 -59.238550186157219 6.8281250000000009 0.21015402674674991 0.078213978558778777 0.069105111062526717 229.629997253418 0.2651041597127915
decision_type=2 2 2 2 2 2 2 2 2 2 2 2 2 2 2 2 2 2 2 2 2 2
left_child=3 -2 7 4 5 -1 10 8 -3 -10 -5 12 13 -8 -14 -13 -17 19 -19 -9 -4 -6
right_child=1 2 20 6 21 -7 11 17 9 -11 -12 15 14 -15 -16 16 -18 18 -20 -21 -22 -23
leaf_value=0.00010038649321143851 0.0025185306154529743 0.0042429744206583077 -0.003464487868194211 -0.0003416378171397312 0.0013100789513633914 0.0054158652284933091 3.4315948226659443e-05 0.00053552266502345349 -0.0032417458695136931 0.00035417665810994565 -0.0033873814010249867 -0.0021217145128588416 0.00074287961721752178 -0.0020683462262676192 5.2697014253201233e-05 -0.00024238458841604197 0.0006135659357612139 -0.002264806171825205 0.0011796753681497343 -0.0008079201326914731 -0.00077601476573034599 -0.0010544527509561469
leaf_weight=338 307 561 304 461 389 309 5624 1388 398 756 322 539 10581 1344 11834 16856 3113 453 1532 5779 401 439
leaf_count=338 307 561 304 461 389 309 5624 1388 398 756 322 539 10581 1344 11834 16856 3113 453 1532 5779 401 439
internal_value=1.1029e-05 -0.00020016 -0.000272286 5.91358e-05 0.00118925 0.002639 2.62407e-05 -0.000164398 0.00079175 -0.000886012 -0.00159417 5.16717e-05 0.0002007 -0.000371249 0.000378498 -0.000161849 -0.000108949 -0.000343571 0.000393605 -0.000547742 -0.0019353 5.64202e-05
internal_weight=64028 11879 11572 52149 1475 647 50674 10867 1715 1154 783 49891 29383 6968 22415 20508 19969 9152 1985 7167 705 828
internal_count=64028 11879 11572 52149 1475 647 50674 10867 1715 1154 783 49891 29383 6968 22415 20508 19969 9152 1985 7167 705 828
is_linear=0
shrinkage=0.12


Tree=168
num_leaves=24
num_cat=0
split_feature=59 33 49 49 78 34 82 66 53 49 75 29 51 51 50 22 66 41 51 41 1 29 75
split_gain=0.0431155 0.138836 0.16368 0.153864 0.0924687 0.178053 0.29056 0.105421 0.0903945 0.139696 0.0790315 0.185077 0.0779969 0.231806 0.35957 0.194057 0.25921 0.119526 0.0904211 0.0744205 0.0590651 0.0323047 0.0257624
threshold=19999977.000000004 0.22460199892520907 1.2531250119209292 1.5468750000000002 19999971.000000004 0.88021430373191845 1.0000000180025095e-35 10.957291603088381 2.2031250000000004 1.6031250357627871 13.500000000000002 66.261951446533217 0.32174608111381536 0.29033258557319647 0.063775006681680693 1.877633333206177 10.794791698455812 0.25092072784900671 0.26571671664714819 0.13486800342798236 9.7861499786376971 122.07566070556642 4.5000000000000009
decision_type=2 2 2 2 2 2 2 2 2 2 2 2 2 2 2 2 2 2 2 2 2 2 2
left_child=4 3 -3 -2 10 22 7 -7 19 20 12 -12 13 18 -15 16 -14 -17 -1 -4 -10 -11 -6
right_child=1 2 8 -5 5 6 -8 -9 9 21 11 -13 15 14 -16 17 -18 -19 -20 -21 -22 -23 -24
leaf_value=1.7605075190781127e-05 -0.0039752738363154237 0.002366981190795989 -0.00039888738378968949 -0.00016034666481443016 0.0002849585324616378 0.0019732976442456639 -0.00093782937588017447 0.0051311742135870886 0.00018055761579912857 -0.0018578019070256077 0.0035012856744302124 -0.00012603820249621224 -0.00014828127794088062 0.0048534060173353677 0.00047139711167118258 0.00036635222303902184 -0.0031744269339802444 -0.00129549789121298 -0.00093604078673848595 -0.0029937687536148584 0.0024830127680278862 -0.0002646714265484223 -0.0010116236668792277
leaf_weight=49914 302 352 339 307 459 301 311 308 303 349 309 588 890 353 1142 3039 752 784 1474 300 341 386 425
leaf_count=49914 302 352 339 307 459 301 311 308 303 349 309 588 890 353 1142 3039 752 784 1474 300 341 386 425
internal_value=9.70552e-06 -0.000436071 -2.07999e-05 -0.00205215 3.1458e-05 0.000877802 0.00204641 0.00357038 -0.000437301 0.000109413 5.68698e-06 0.00112351 -1.14976e-05 3.31033e-05 0.00150608 -0.000443086 -0.00153419 2.55491e-05 -9.74905e-06 -0.00161714 0.00139971 -0.00102114 -0.000338398
internal_weight=64028 2979 2370 609 61049 1804 920 609 2018 1379 59245 897 58348 52883 1495 5465 1642 3823 51388 639 644 735 884
internal_count=64028 2979 2370 609 61049 1804 920 609 2018 1379 59245 897 58348 52883 1495 5465 1642 3823 51388 639 644 735 884
is_linear=0
shrinkage=0.12


Tree=169
num_leaves=20
num_cat=0
split_feature=57 55 69 61 49 19 46 47 47 50 41 71 22 81 29 41 33 81 92
split_gain=0.0470945 0.194069 0.118337 0.0574498 0.106255 0.0528381 0.124941 0.311832 0.247581 0.225525 0.116266 0.260603 0.317505 0.305098 0.137908 0.476099 0.132473 0.0908995 0.0896413
threshold=17.506249427795414 0.093566354364156737 9.5000000000000018 20.843750000000004 1.4531250000000002 0.28645832836627966 0.31256176531314855 0.13741220533847812 0.21175795793533328 0.12065186724066736 0.088684927672147765 87.500000000000014 0.57591664791107189 0.10182027891278268 -35.092876434326165 0.15508890897035602 0.18412054330110553 10.642937183380129 1.0072143077850344
decision_type=2 2 2 2 2 2 2 2 2 2 2 2 2 2 2 2 2 2 2
left_child=3 -2 -3 5 -5 10 7 9 -9 -7 11 12 -1 -13 15 -12 -16 18 -8
right_child=1 2 -4 4 -6 6 17 8 -10 -11 14 13 -14 -15 16 -17 -18 -19 -20
leaf_value=0.0032385910605828047 -0.0032454846224271123 0.0018432361662218517 -0.0010704472774270514 -0.00061389916278082647 0.002352300305410697 0.00042550128182212966 -3.7479553361861322e-05 -0.002559415455457971 -0.0003963580224779567 -0.0015835548590923327 0.0026105098444794252 0.0011973131251504924 -7.9631138372386476e-05 -0.001948042149782736 -0.0013616327387541568 -0.0021318675289554384 0.00020708362068812164 0.0019264938323129898 0.0014257370332041886
leaf_weight=436 323 363 449 302 410 4315 12684 1516 1532 989 1126 565 8722 2075 799 418 25996 375 633
leaf_count=436 323 363 449 302 410 4315 12684 1516 1532 989 1126 565 8722 2075 799 418 25996 375 633
internal_value=8.54086e-06 -0.000757557 0.000232098 2.23663e-05 0.00109417 1.00937e-05 -0.00013917 -0.000504956 -0.00147221 5.08866e-05 9.2072e-05 -0.000224464 7.83449e-05 -0.00127489 0.000223851 0.00132663 0.000160306 8.39568e-05 3.20719e-05
internal_weight=64028 1135 812 62893 712 62181 22044 8352 3048 5304 40137 11798 9158 2640 28339 1544 26795 13692 13317
internal_count=64028 1135 812 62893 712 62181 22044 8352 3048 5304 40137 11798 9158 2640 28339 1544 26795 13692 13317
is_linear=0
shrinkage=0.12


Tree=170
num_leaves=17
num_cat=0
split_feature=22 31 89 89 45 78 31 0 22 33 69 45 49 45 47 41
split_gain=0.0880901 0.315244 0.584732 0.551727 0.755354 0.320625 0.377695 0.104867 0.0746568 0.0775753 0.179299 0.0634857 0.0620681 0.060363 0.105112 0.0892088
threshold=0.75289997458457958 0.51562500000000011 0.62500000000000011 0.37500000000000006 0.85937500000000011 4.0672957897186288 0.75937500596046459 51.332349777221687 0.82139998674392711 0.043528616428375251 6.5000000000000009 0.80312499403953563 2.3874999284744267 1.0031250119209292 0.037881202995777137 0.22893385589122775
decision_type=2 2 2 2 2 2 2 2 2 2 2 2 2 2 2 2
left_child=1 2 -1 4 -3 6 -5 11 -2 10 -10 -7 13 15 -15 -11
right_child=8 3 -4 5 -6 7 -8 -9 9 12 -12 -13 -14 14 -16 -17
leaf_value=-0.0058637783396209295 0.0014396426636050523 -0.00023164015417287664 0.00020941699060662806 0.0035738391268904019 0.0069701179306762891 -0.0022767953551644212 -0.0015343057809508137 -0.0011371311887971036 -0.0033637469080319508 0.00010803211656265926 0.00030669933340872273 -0.004708055908536856 0.0016331644391709373 -0.0024755150117341113 -0.00024250573012330118 -0.00027892321718478105
leaf_weight=418 501 558 503 359 336 302 497 465 327 39469 463 317 327 316 7706 10962
leaf_count=418 501 558 503 359 336 302 497 465 327 39469 463 317 327 316 7706 10962
internal_value=-5.43455e-05 -0.000618208 -0.00254693 8.59237e-06 0.00247506 -0.00112802 0.000608012 -0.0024989 -1.90988e-05 -3.13673e-05 -0.00121259 -0.00352188 -1.54917e-05 -2.47147e-05 -0.000330468 2.39211e-05
internal_weight=63826 3755 921 2834 894 1940 856 1084 60071 59570 790 619 58780 58453 8022 50431
internal_count=63826 3755 921 2834 894 1940 856 1084 60071 59570 790 619 58780 58453 8022 50431
is_linear=0
shrinkage=0.12


Tree=171
num_leaves=16
num_cat=0
split_feature=22 53 58 58 50 50 89 28 59 23 29 2 5 81 6
split_gain=0.0682169 0.29275 0.229194 0.218536 0.193002 0.564651 0.295106 0.110901 0.0710681 0.0646508 0.0729475 0.104175 0.189178 0.103398 0.100494
threshold=0.75289997458457958 2.4906250238418584 -24.822199821472164 -3.8339706659317012 -0.0038155580405145879 -0.047092178836464875 0.37500000000000006 82.065013885498061 19999995.000000004 0.41944999992847448 -74.284790039062486 112.12500000000001 2.8638499975204472 1.3678591251373293 9.0191998481750506
decision_type=2 2 2 2 2 2 2 2 2 2 2 2 2 2 2
left_child=1 2 -1 -4 5 -5 -6 -3 9 -2 13 12 -12 -11 -13
right_child=8 7 3 4 6 -7 -8 -9 -10 10 11 14 -14 -15 -16
leaf_value=-0.0038196834889114703 0.0013858813689280808 0.00020584794515774487 0.001566763482945669 -0.0020324850924234063 -0.0051823406284355203 0.0040707448663074618 -0.0010388804539351246 0.0034187814948991651 0.0014855720502421415 -0.0021446581604086662 -0.00016677520057553828 -2.75070693336999e-05 0.0036205459286494158 0.00047096997127001402 -0.0018562925526246278
leaf_weight=370 462 304 524 613 334 339 956 315 450 548 476 57022 316 361 436
leaf_count=370 462 304 524 613 334 339 956 315 450 548 476 57022 316 361 436
internal_value=-4.78241e-05 -0.000544023 -0.00101476 -0.000639558 -0.00115522 0.000140829 -0.00211168 0.00184086 -1.6807e-05 -2.81464e-05 -3.91892e-05 -2.25432e-05 0.00134433 -0.00110589 -4.13842e-05
internal_weight=63826 3755 3136 2766 2242 952 1290 619 60071 59621 59159 58250 792 909 57458
internal_count=63826 3755 3136 2766 2242 952 1290 619 60071 59621 59159 58250 792 909 57458
is_linear=0
shrinkage=0.12


Tree=172
num_leaves=22
num_cat=0
split_feature=22 75 61 22 76 34 28 14 14 22 51 65 58 49 33 89 28 58 2 55 14
split_gain=0.0528272 0.235143 0.212616 0.218315 0.207518 0.204267 0.131884 0.112918 0.0568733 0.280353 0.150681 0.139536 0.210782 0.133245 0.0527974 0.11591 0.0622518 0.22984 0.138508 0.127866 0.131312
threshold=0.75289997458457958 6.5000000000000009 3.5468750000000004 0.60985001921653759 0.25203073024749761 1.3075285553932192 90.671081542968764 4.6011497974395761 -0.86684998869895924 1.3303500413894656 0.073456514626741423 39.500000000000007 -3.752528071403503 1.2843750119209292 0.043528616428375251 0.37500000000000006 71.614788055419936 -72.590347290039048 113.45499801635744 0.59624025225639354 2.7249000072479252
decision_type=2 2 2 2 2 2 2 2 2 2 2 2 2 2 2 2 2 2 2 2 2
left_child=1 2 5 4 -4 6 7 -1 9 -2 13 12 -12 -11 15 -10 17 -16 -19 20 -18
right_child=8 -3 3 -5 -6 -7 -8 -9 14 10 11 -13 -14 -15 16 -17 19 18 -20 -21 -22
leaf_value=-0.00061382358927769564 0.002995903320123157 0.0017659659907543466 0.0012904600314703146 -0.0048825573640283648 -0.0028060761625652089 0.002217547825171428 0.0013685351950984373 -0.0030435113915652772 -0.0027030805890003581 -6.8138439913609003e-05 -0.0028175794445590551 0.0014952657942098545 0.00010488006987517499 0.0033443347197317048 -0.0026394696058262279 0.00029124163211209961 -0.00033160977518970471 0.0016674144293409136 -0.00015344835641863504 0.0022504940395055408 0.00022778293407674067
leaf_weight=1001 531 570 301 321 436 410 336 380 335 357 616 364 840 306 528 419 8563 616 25675 390 20531
leaf_count=1001 531 570 301 321 436 410 336 380 335 357 616 364 840 306 528 419 8563 616 25675 390 20531
internal_value=-4.20852e-05 -0.00047874 -0.000880462 -0.00227063 -0.001133 -0.000188975 -0.000763625 -0.00128238 -1.47901e-05 0.000493236 -4.19702e-05 -0.000606183 -0.00113155 0.00150685 -4.16263e-05 -0.00103913 -2.82679e-05 -0.000160569 -0.000110785 9.20747e-05 6.31414e-05
internal_weight=63826 3755 3185 1058 737 2127 1717 1381 60071 3014 2483 1820 1456 663 57057 754 56303 26819 26291 29484 29094
internal_count=63826 3755 3185 1058 737 2127 1717 1381 60071 3014 2483 1820 1456 663 57057 754 56303 26819 26291 29484 29094
is_linear=0
shrinkage=0.12


Tree=173
num_leaves=25
num_cat=0
split_feature=65 0 75 76 72 0 76 49 6 6 1 53 65 34 41 68 34 19 58 53 28 19 57 0
split_gain=0.0505837 0.357594 0.327725 0.21815 0.241569 0.175443 0.152509 0.154014 0.144141 0.208535 0.142025 0.14133 0.138646 0.361365 0.459724 0.115616 0.122244 0.165196 0.127001 0.103787 0.168153 0.0955618 0.0946087 0.0329204
threshold=29.500000000000004 7.8446500301361093 2.5000000000000004 0.81661266088485729 8.7906250953674334 77.933097839355483 0.46713621914386755 1.4593749642372134 6.7326500415802011 1.8908999562263491 4.3504998683929452 1.5968750119209292 25.500000000000004 0.98632857203483593 0.11152298748493196 1.5000000000000002 1.2540714144706728 0.2911458313465119 -1.6738864183425901 2.2218749523162846 82.065013885498061 0.24921874701976779 0.41562499105930334 48.745550155639656
decision_type=2 2 2 2 2 2 2 2 2 2 2 2 2 2 2 2 2 2 2 2 2 2 2 2
left_child=1 2 -1 4 6 10 21 -8 9 -7 -6 -12 15 19 -15 16 18 -18 -3 23 -21 -2 -9 -14
right_child=3 12 -4 -5 5 8 7 22 -10 -11 11 -13 13 14 -16 -17 17 -19 -20 20 -22 -23 -24 -25
leaf_value=0.00027716234257670335 -0.0042249824597012462 -0.0011141306079021061 0.0057754381070282924 0.0029948601931486362 0.0018556575157466189 -0.0021654332713070689 -0.002067133593305545 0.0019793396164627317 -0.003377852892178491 0.00063543791175860664 -0.001565502409475621 -7.6400082230667737e-06 -0.00014679822183097713 -1.3438290455387478e-05 0.0049600976839290429 -0.0022549646806611979 0.0020907724356043107 -0.00088629617557193043 -1.6143818098638808e-05 -0.0033160784912002069 0.00030790374893871502 -0.0016320857554766751 -0.00079404253685725441 0.0016294636032903765
leaf_weight=322 326 1691 303 323 576 729 535 364 355 806 858 37024 300 524 547 347 820 399 14740 345 396 550 345 301
leaf_count=322 326 1691 303 323 576 729 535 364 355 806 858 37024 300 524 547 347 820 399 14740 345 396 550 345 301
internal_value=-3.7035e-05 0.000115333 0.00294273 -0.000111935 -0.000135565 -6.99609e-05 -0.00138414 -0.000530049 -0.00119872 -0.000694748 -1.44887e-05 -4.29245e-05 2.87515e-05 0.000882902 0.00252673 -8.57713e-05 -4.31248e-05 0.00111633 -0.000129143 -0.000428978 -0.00137938 -0.00259702 0.00062981 0.00074281
internal_weight=63826 21035 625 42791 42468 40348 2120 1244 1890 1535 38458 37882 20410 2413 1071 17997 17650 1219 16431 1342 741 876 709 601
internal_count=63826 21035 625 42791 42468 40348 2120 1244 1890 1535 38458 37882 20410 2413 1071 17997 17650 1219 16431 1342 741 876 709 601
is_linear=0
shrinkage=0.12


Tree=174
num_leaves=18
num_cat=0
split_feature=59 47 14 15 28 0 16 75 22 14 59 58 7 14 5 69 28
split_gain=0.0487218 0.131469 0.0518402 0.256859 0.254091 0.298827 0.177159 0.135755 0.129894 0.0680204 0.208571 0.0994217 0.098866 0.119589 0.0968353 0.146824 0.0819196
threshold=-6.2650797367095938 0.1068769544363022 0.85694998502731334 3.0212900638580327 56.246805191040046 31.303349494934086 4.8416154384613046 9.5000000000000018 0.60985001921653759 1.4109999537467959 4.8169677257537851 -9.81896924972534 7.4906499385833749 1.6018999814987185 3.0606499910354619 10.500000000000002 72.229507446289077
decision_type=2 2 2 2 2 2 2 2 2 2 2 2 2 2 2 2 2
left_child=1 -1 3 6 -5 -6 7 8 -2 10 14 -12 13 -11 15 -4 -15
right_child=2 -3 9 4 5 -7 -8 -9 -10 12 11 -13 -14 16 -16 -17 -18
leaf_value=-0.0028950339427683503 -0.00187888065185781 0.00019909822323663522 0.0023519599979344463 -0.00074375972859290181 0.00093946499998699966 0.0060757460166172821 -0.0020443514862479709 0.0021155726117533199 0.0001646905215753874 -0.0018715670864457756 -0.0011726240898236786 -0.0038450117901785313 0.0016639260265517686 -0.00019841472609055086 -0.0018461495816818965 -0.00023147093465186556 0.00011445534981904231
leaf_weight=312 474 540 408 309 336 317 556 485 8131 515 506 332 488 22826 345 1417 25529
leaf_count=312 474 540 408 309 336 317 556 485 8131 515 506 332 488 22826 345 1417 25529
internal_value=-3.25908e-05 -0.000933964 -2.03957e-05 0.000221508 0.00209132 0.00343288 3.50303e-05 0.000162218 5.21219e-05 -6.93991e-05 -0.000623407 -0.00223137 -3.56365e-05 -5.26078e-05 -2.44988e-06 0.000346085 -3.32351e-05
internal_weight=63826 852 62974 10608 962 653 9646 9090 8605 52366 3008 838 49358 48870 2170 1825 48355
internal_count=63826 852 62974 10608 962 653 9646 9090 8605 52366 3008 838 49358 48870 2170 1825 48355
is_linear=0
shrinkage=0.12


Tree=175
num_leaves=23
num_cat=0
split_feature=45 24 6 8 79 72 2 5 5 51 31 89 29 81 54 63 49 58 50 29 47 50
split_gain=0.0790228 0.115822 0.172235 0.167481 0.114238 0.164836 0.174634 0.117229 0.0960689 0.20063 0.270365 0.801809 0.139877 0.113856 0.0880337 0.0798758 0.21233 0.286003 0.224473 0.0973707 0.177543 0.122089
threshold=1.0406250357627871 4.0309188365936288 6.8849501609802255 11.535404205322267 1.0000000180025095e-35 8.2062497138977069 253.21500396728518 3.3051999807357793 3.6254500150680546 0.24638433009386065 0.55312499403953563 0.37500000000000006 -2.7815299034118648 26.458495140075687 -0.10701367259025572 15.853727817535402 1.1468749642372134 -27.313899993896481 -0.050143638625740998 -8.7150712013244611 0.33184868097305303 0.063775006681680693
decision_type=2 2 2 2 2 2 2 2 2 2 2 2 2 2 2 2 2 2 2 2 2 2
left_child=8 3 4 -2 7 -6 -7 14 13 10 -10 -12 -13 15 -3 19 17 -17 -18 20 -1 -21
right_child=1 2 -4 -5 5 6 -8 -9 9 -11 11 12 -14 -15 -16 16 18 -19 -20 21 -22 -23
leaf_value=-0.00089177068731085142 -0.0037683486173332517 -0.0013976002967220757 0.0020814646096149539 -0.00021261539888614472 0.0011669290993324849 -0.0038054827016590883 -0.00078899145836285381 0.0022173128942095531 -0.0018966462847390512 0.0030089450969360766 0.005523183611898636 -0.0019475674481394601 0.0010561157174020491 -0.0017085269508922162 1.9750651669729913e-05 -8.6901182710190402e-05 0.0030494478600752353 0.0047347781781399666 3.2874514769727527e-05 0.00046903770954578937 0.0015407280981194732 -5.9632963415321594e-05
leaf_weight=3447 335 764 446 443 314 444 732 302 586 475 423 570 367 540 3626 346 376 363 6428 7695 494 34458
leaf_count=3447 335 764 446 443 314 444 732 302 586 475 423 570 367 540 3626 346 376 363 6428 7695 494 34458
internal_value=1.00295e-05 -0.000358565 -0.000195979 -0.00174368 -0.000360285 -0.00127568 -0.00192787 -6.95913e-05 5.82867e-05 0.000797853 0.000258146 0.00118661 -0.000771098 2.52195e-05 -0.000226914 4.26841e-05 0.000405506 0.00238174 0.000199575 -1.64534e-05 -0.00058686 3.68755e-05
internal_weight=63974 7406 6628 778 6182 1490 1176 4692 56568 2421 1946 1360 937 54147 4390 53607 7513 709 6804 46094 3941 42153
internal_count=63974 7406 6628 778 6182 1490 1176 4692 56568 2421 1946 1360 937 54147 4390 53607 7513 709 6804 46094 3941 42153
is_linear=0
shrinkage=0.12


Tree=176
num_leaves=14
num_cat=0
split_feature=28 45 66 19 72 66 65 19 81 81 22 81 58
split_gain=0.0662147 0.0580712 0.103893 0.0917478 0.115658 0.279582 0.165499 0.0776082 0.0772597 0.0750485 0.257675 0.0970444 0.066212
threshold=3.6883151531219487 1.0468750000000002 11.801562786102297 0.23020833730697635 7.4156248569488534 9.3802084922790545 24.500000000000004 0.49687500298023229 26.458495140075687 3.0428185462951665 1.3629333376884463 2.5578417778015141 -1.0217610001564024
decision_type=2 2 2 2 2 2 2 2 2 2 2 2 2
left_child=-1 7 3 -3 6 -6 -5 8 9 11 -11 -2 -9
right_child=1 2 -4 4 5 -7 -8 12 -10 10 -12 -13 -14
leaf_value=0.0017306733504156 4.8545282611494723e-05 0.0015835949394551519 0.0018296538613709677 -0.00022519976255497284 -0.0028271232302676721 -0.00040251276580160431 0.0027423658450190713 -1.6914774977796991e-05 -0.0013285194365396926 0.002341612455740159 0.00010890023352893162 -0.0012439328567280853 -0.0024981429795984567
leaf_weight=320 49230 317 311 1525 824 4055 329 301 574 909 4109 851 319
leaf_count=320 49230 317 311 1525 824 4055 329 301 574 909 4109 851 319
internal_value=8.82597e-06 1.69933e-07 -0.000316792 -0.00041148 -0.000505411 -0.000811998 0.000301407 4.16166e-05 5.64856e-05 7.09141e-05 0.000513351 2.65829e-05 -0.00129355
internal_weight=63974 63654 7361 7050 6733 4879 1854 56293 55673 55099 5018 50081 620
internal_count=63974 63654 7361 7050 6733 4879 1854 56293 55673 55099 5018 50081 620
is_linear=0
shrinkage=0.12


Tree=177
num_leaves=49
num_cat=0
split_feature=24 57 34 55 29 57 45 89 33 53 81 0 53 13 3 16 72 70 47 7 70 6 55 47 55 33 66 6 70 19 89 69 66 47 66 19 47 55 53 47 61 41 22 72 66 65 81 59
split_gain=0.0667209 0.122747 0.210789 0.205143 0.296896 0.233213 0.129314 0.330651 0.368486 0.429684 0.145228 0.193288 0.120066 0.311735 0.292397 0.19648 0.201437 0.141531 0.116063 0.113202 0.107311 0.208354 0.218979 0.201628 0.271202 0.342767 0.226683 0.185774 0.130988 0.132728 0.112535 0.234293 0.304465 0.189049 0.0817202 0.081596 0.0789337 0.144849 0.163907 0.121486 0.102718 0.102669 0.082875 0.0724099 0.259087 0.0923386 0.0612994 0.0460826
threshold=7.3656342029571542 5.9812500476837167 0.95955711603164684 0.22119550406932834 -7.6983234882354727 8.9937500953674334 0.67812499403953563 0.37500000000000006 0.45960839092731481 2.0093749761581425 1.9958330988883974 96.808849334716811 2.0843750238418584 2.5722999572753911 0.47994999587535864 5.4587132930755624 10.796875000000002 7.5000000000000009 0.14715449512004855 9.0897002220153826 23.500000000000004 2.6988499164581303 0.1808484420180321 0.11831239610910417 0.27882215380668646 0.23351570963859561 11.551041603088381 2.4392499923706059 22.500000000000004 0.27760416269302374 1.0000000180025095e-35 12.500000000000002 4.1687500476837167 0.087434682995080962 11.688541889190676 0.2963541597127915 0.18491423130035403 0.31193669140338903 2.3843749761581425 0.2062429487705231 5.1968748569488534 0.15390000492334369 2.0830333232879643 3.9781249761581425 2.3031250238418584 23.500000000000004 0.13929410278797152 0.11270155757665636
decision_type=2 2 2 2 2 2 2 2 2 2 2 2 2 2 2 2 2 2 2 2 2 2 2 2 2 2 2 2 2 2 2 2 2 2 2 2 2 2 2 2 2 2 2 2 2 2 2 2
left_child=1 6 19 4 -4 -6 7 8 9 -1 11 -9 13 14 -8 16 -14 -17 -12 34 21 22 27 24 26 -26 -23 -2 29 -25 31 32 -22 -34 46 -15 37 40 -39 41 -32 -38 -41 44 -33 -45 -3 -10
right_child=20 2 3 -5 5 -7 12 10 47 -11 18 -13 15 35 -16 17 -18 -19 -20 -21 30 23 -24 28 25 -27 -28 -29 -30 -31 36 43 33 -35 -36 -37 39 38 -40 42 -42 -43 -44 45 -46 -47 -48 -49
leaf_value=0.00073918432840781119 0.0020714352629884279 -0.0015589955692531614 0.00014365236621186584 0.00056910419755971389 -0.0051386166611593455 -0.0012114492005916755 -0.0059611220284374331 0.0003711333222773347 0.0001755068552328174 0.0041110347782619466 -0.00038291790993116593 -0.0023462139531255288 -0.00071937001343507423 -0.00057309637707503628 -0.0010917449549310253 -0.0029028959992137967 0.0010927325496448682 -0.00045499478772758413 -0.0028996169115683831 0.0014338497595125209 -0.0039306659431652211 0.0012926909667713034 -0.0037481265134787865 0.00037453436269424854 0.0060629600219270384 0.0012022640561315649 -0.00029122556137762472 -0.001944887782193528 0.0019521983278883966 -0.00064150655781400659 0.00020711848316626162 -0.00048033937045994238 -0.0022089360940959822 -7.9097525814504369e-05 0.00082773042233175588 0.0014119081719468466 -0.0024982050614332308 -0.0017996880170553767 0.0010598742745491305 0.00096411792046318832 0.0010815174001354234 -7.4488140648596037e-05 -0.00026556534731768714 -0.0019731890427968435 0.0040177670010255974 0.00028355726733815854 0.00027528481900090094 -0.0013177665511361588
leaf_weight=1320 316 868 433 425 579 349 303 3055 694 926 560 430 1305 1692 429 384 2734 2976 499 592 491 3195 349 4380 318 609 2195 349 499 3207 10171 464 847 2059 488 362 588 948 415 975 2389 440 4142 308 306 1714 376 521
leaf_count=1320 316 868 433 425 579 349 303 3055 694 926 560 430 1305 1692 429 384 2734 2976 499 592 491 3195 349 4380 318 609 2195 349 499 3207 10171 464 847 2059 488 362 588 948 415 975 2389 440 4142 308 306 1714 376 521
internal_value=7.76685e-06 -0.000159762 -0.000752047 -0.00173235 -0.00245103 -0.0036617 -2.59366e-05 0.000334964 0.00121866 0.00212936 -0.000338117 3.58509e-05 -0.00030959 -0.000981029 -0.00310735 -5.67676e-05 0.000507243 -0.000734755 -0.00156878 1.32119e-06 9.74127e-05 0.000348713 -0.00131389 0.000465764 0.000973739 0.00286969 0.000647664 -3.63794e-05 6.89211e-05 -5.49428e-05 -5.01405e-05 -0.000497488 -0.00116685 -0.000699873 -0.000488319 -0.000223256 8.78221e-05 0.000245931 -0.000929022 -0.000270411 0.000373435 -0.00146082 -3.12599e-05 0.000316918 0.00130722 -6.02003e-05 -0.00100458 -0.000464819
internal_weight=63974 22300 4110 1786 1361 928 18190 8005 3461 2246 4544 3485 10185 2786 732 7399 4039 3360 1059 2324 41674 15417 1014 14403 6317 927 5390 665 8086 7587 26257 6189 3397 2906 1732 2054 20068 13923 1363 6145 12560 1028 5117 2792 770 2022 1244 1215
internal_count=63974 22300 4110 1786 1361 928 18190 8005 3461 2246 4544 3485 10185 2786 732 7399 4039 3360 1059 2324 41674 15417 1014 14403 6317 927 5390 665 8086 7587 26257 6189 3397 2906 1732 2054 20068 13923 1363 6145 12560 1028 5117 2792 770 2022 1244 1215
is_linear=0
shrinkage=0.12


Tree=178
num_leaves=15
num_cat=0
split_feature=78 41 47 63 23 78 78 63 13 7 70 22 47 47
split_gain=0.055421 0.179478 0.0935213 0.0608411 0.0678399 0.233169 0.197949 0.234852 0.124595 0.127174 0.115277 0.0611699 0.434262 0.0973543
threshold=-9.9438781738281232 0.1122182495892048 0.1354092285037041 -7.4126505851745597 4.2198333740234384 -7.2405531406402579 -8.9218487739562971 2.2179468870162968 4.4570999145507821 5.5338001251220712 12.500000000000002 1.1941999793052676 0.35093636810779577 0.39788766205310827
decision_type=2 2 2 2 2 2 2 2 2 2 2 2 2 2
left_child=1 -1 -3 -2 5 6 -5 -8 9 -7 -6 12 -12 -13
right_child=3 2 -4 4 10 8 7 -9 -10 -11 11 13 -14 -15
leaf_value=-0.00083405438559817739 0.0015664504865845106 0.0033667503733323103 0.00061337381409890326 6.6464895319838361e-05 0.002217959153411643 -0.0019999010766858071 -0.0050093139766948297 -0.00073313501984525933 -0.0023151670466274995 -6.4679668924147509e-08 0.00012256432995815295 4.7204055442606998e-05 0.0045022022632992499 -0.00078291675822446383
leaf_weight=550 351 372 340 494 356 470 400 344 357 17786 4124 35518 354 2158
leaf_count=550 351 372 340 494 356 470 400 344 357 17786 4124 35518 354 2158
internal_value=6.83483e-06 0.000794175 0.00205194 -9.00939e-06 -1.78769e-05 -0.000201033 -0.00179571 -0.00303216 -9.49669e-05 -5.15504e-05 6.7652e-05 4.94922e-05 0.000468788 -3.43474e-07
internal_weight=63974 1262 712 62712 62361 19851 1238 744 18613 18256 42510 42154 4478 37676
internal_count=63974 1262 712 62712 62361 19851 1238 744 18613 18256 42510 42154 4478 37676
is_linear=0
shrinkage=0.12


Tree=179
num_leaves=21
num_cat=0
split_feature=31 2 54 34 23 6 33 69 61 16 78 12 72 63 76 75 55 2 41 19
split_gain=0.0517996 0.0474491 0.056045 0.142651 0.104162 0.148156 0.0826445 0.0684482 0.155242 0.14687 0.295644 0.152623 0.13372 0.119807 0.0334813 0.0196985 0.0187916 0.0167597 0.00999183 0.00660564
threshold=0.037499999627470977 405.12500000000006 0.2094497084617615 0.80798572301864635 9.0162377357482928 0.84575000405311596 0.55278143286705028 11.500000000000002 15.793750286102297 5.4587132930755624 -1.9254272580146787 2.4080499410629277 4.2281248569488534 7.8679490089416513 0.08674227818846704 9.5000000000000018 0.19272391498088839 417.42500305175787 0.18927455693483355 0.28307291865348821
decision_type=2 2 2 2 2 2 2 2 2 2 2 2 2 2 2 2 2 2 2 2
left_child=-1 2 7 4 5 -4 -6 9 12 10 -2 -11 -9 -10 15 16 19 18 -16 -3
right_child=1 14 3 -5 6 -7 -8 8 13 11 -12 -13 -14 -15 17 -17 -18 -19 -20 -21
leaf_value=0.0015289467700381465 -0.0022476055441442333 0.00016441541315707732 0.0025162547819942618 0.0023741549440648019 -0.0027471765996842177 0.0001763480382419043 -4.3552736616327655e-06 0.00020214310670803496 0.0034045555701354003 -0.00019591914784601987 0.0018256428583782356 0.00042123246023373422 -0.0004411701266641006 1.881446525186882e-05 -0.00094579905264821824 -0.0008910273470530346 -0.00061614725783550939 -0.0014569422213455915 -4.3887572675502223e-05 0.00084710150329343585
leaf_weight=320 309 605 406 443 303 9681 331 6742 301 16533 1513 8864 15015 301 423 371 373 528 304 308
leaf_count=320 309 605 406 443 303 9681 331 6742 301 16533 1513 8864 15015 301 423 371 373 528 304 308
internal_value=6.01465e-06 -1.6414e-06 2.10433e-05 0.00026395 0.000176755 0.000270529 -0.0013152 -3.36546e-05 -0.000189225 9.41387e-05 0.00113484 1.94776e-05 -0.000241822 0.00171169 -0.000474827 -0.000120709 0.000101521 -0.000942375 -0.000568659 0.000394719
internal_weight=63974 63654 60742 11164 10721 10087 634 49578 22359 27219 1822 25397 21757 602 2912 1657 1286 1255 727 913
internal_count=63974 63654 60742 11164 10721 10087 634 49578 22359 27219 1822 25397 21757 602 2912 1657 1286 1255 727 913
is_linear=0
shrinkage=0.12


Tree=180
num_leaves=16
num_cat=0
split_feature=49 12 41 75 15 50 62 62 47 47 62 8 36 76 47
split_gain=0.0607542 0.0590844 0.121518 0.108975 0.0896663 0.0876884 0.0865438 0.0703706 0.0581444 0.146558 0.136531 0.167835 0.129121 0.12522 0.123705
threshold=2.3374999761581425 4.038450002670289 0.053703686222434051 6.5000000000000009 12.57196092605591 0.36524051427841192 -0.98513057827949513 11.989572525024416 0.081110246479511275 0.077008258551359191 9.1193666458129901 6.0670783519744882 -5.029836654663085 0.56536066532135021 0.083793666213750853
decision_type=2 2 2 2 2 2 2 2 2 2 2 2 2 2 2
left_child=1 7 -3 4 5 -4 -6 8 9 12 14 -12 -1 -11 -10
right_child=-2 2 3 -5 6 -7 -8 -9 10 13 11 -13 -14 -15 -16
leaf_value=0.00090521692952785185 -0.0013213151168773101 0.002731885483101641 0.0020229152815772577 0.0021891895828413071 -0.002505796482146252 5.0997666401959324e-05 -0.00020095111659514201 -0.0017652789065366358 0.0014021080834501624 -0.0024767361868287714 -0.00011337279992563816 0.0037294062292166927 -0.00023329040470307307 -0.00017047847161025164 -1.2315803552847573e-05
leaf_weight=1604 513 310 457 370 300 1122 1076 338 910 734 335 320 13571 630 41360
leaf_count=1604 513 310 457 370 300 1122 1076 338 910 734 335 320 13571 630 41360
internal_value=-2.06608e-05 -1.01427e-05 0.000459591 0.000247738 4.64613e-06 0.000621717 -0.000703461 -3.8695e-05 -2.88809e-05 -0.000220046 4.4775e-05 0.00176402 -0.00011295 -0.00141153 1.81343e-05
internal_weight=63950 63437 3635 3325 2955 1579 1376 59802 59464 16539 42925 655 15175 1364 42270
internal_count=63950 63437 3635 3325 2955 1579 1376 59802 59464 16539 42925 655 15175 1364 42270
is_linear=0
shrinkage=0.12


Tree=181
num_leaves=31
num_cat=0
split_feature=29 0 89 19 49 61 71 19 61 61 81 29 19 41 29 29 5 45 51 47 2 69 51 49 22 72 22 58 12 5
split_gain=0.0566817 0.181408 0.207327 0.163713 0.252074 0.162831 0.438449 0.403419 0.233849 0.336326 0.272141 0.143012 0.18269 0.0852067 0.101531 0.0916345 0.205414 0.162092 0.184949 0.157841 0.127538 0.102485 0.0733787 0.172001 0.0774423 0.102929 0.0898335 0.0733 0.146277 0.0654825
threshold=12.610716819763185 95.225250244140639 0.37500000000000006 0.34687499701976782 1.1468749642372134 5.2281248569488534 65.500000000000014 0.2963541597127915 3.6281249523162846 3.0968749523162846 0.41184268891811376 1.7701004743576052 0.44687499105930334 0.051289269700646407 42.754316329956062 35.925045013427741 3.0767500400543217 0.49687500298023229 0.099960334599018111 0.11831239610910417 185.53499603271487 8.5000000000000018 0.059105729684233672 1.2718749642372134 2.2273833751678471 15.056250095367433 2.6752166748046879 -56.655851364135735 3.1739000082015996 3.6643999814987187
decision_type=2 2 2 2 2 2 2 2 2 2 2 2 2 2 2 2 2 2 2 2 2 2 2 2 2 2 2 2 2 2
left_child=1 3 -3 5 -5 8 -7 -8 9 -1 -10 12 -6 14 -2 16 17 21 -19 -18 -17 -15 23 -16 25 -24 -26 28 -22 -29
right_child=13 2 -4 4 11 6 7 -9 10 -11 -12 -13 -14 15 22 20 19 18 -20 -21 27 -23 24 -25 26 -27 -28 29 -30 -31
leaf_value=-0.00036700701803528315 -0.0020795428082644885 0.0031037856763678376 -0.00023415191744091668 0.0014419133202204857 -0.0032101897604130667 0.0038580426237000741 -0.00063282163815799953 0.0036576232415758509 -0.00028678718446642731 0.0035503523048321041 -0.0042263211664818577 -0.0041236573248564943 0.00049141378516887686 0.0040638834333994647 0.00082776359729297064 -0.0018769081280934849 0.00062074950165722106 -0.0009806306191239855 0.0012239662039496518 -0.0029170646460510213 -0.00033924952812000272 0.0013268383631574007 -0.00033631974915537572 -0.0029315471866431428 -0.0021971462497660408 0.0028018856848542892 1.7764547864412469e-05 1.7821461446119696e-05 0.0023866073603511888 0.0014692259318849058
leaf_weight=9052 504 493 587 327 383 492 2291 366 534 327 479 413 385 348 305 494 353 782 1831 374 571 454 301 412 310 301 1765 37700 563 453
leaf_count=9052 504 493 587 327 383 492 2291 366 534 327 479 413 385 348 305 494 353 782 1831 374 571 454 301 412 310 301 1765 37700 563 453
internal_value=-1.81815e-05 -0.000212712 0.00128955 -0.000320523 -0.00150655 -0.000188441 0.000567498 -4.18157e-05 -0.000417507 -0.000230428 -0.00214961 -0.00232293 -0.00135457 4.74295e-05 -0.000490263 9.51477e-05 0.0006323 0.00102221 0.00056419 -0.00119925 3.92193e-05 0.00251448 -0.000254259 -0.0013324 3.45067e-05 0.00123278 -0.000313138 6.3313e-05 0.00101406 3.50543e-05
internal_weight=63950 16129 1080 15049 1508 13541 3149 2657 10392 9379 1013 1181 768 47821 3898 43923 4142 3415 2613 727 39781 802 3394 717 2677 602 2075 39287 1134 38153
internal_count=63950 16129 1080 15049 1508 13541 3149 2657 10392 9379 1013 1181 768 47821 3898 43923 4142 3415 2613 727 39781 802 3394 717 2677 602 2075 39287 1134 38153
is_linear=0
shrinkage=0.12


Tree=182
num_leaves=20
num_cat=0
split_feature=53 81 2 29 63 53 69 63 0 1 34 29 78 23 71 55 50 76 24
split_gain=0.0532379 0.126301 0.16355 0.0542337 0.313739 0.182342 0.230462 0.232013 0.205267 0.0573314 0.177514 0.141431 0.354527 0.126946 0.224778 0.124882 0.215087 0.112439 0.0872405
threshold=2.9093749523162846 0.72066444158554088 245.05500030517581 -53.595741271972649 19999945.000000004 2.0593750476837163 7.5000000000000009 2.5378930568695073 46.422248840332038 6.8979499340057382 1.2649856805801394 -45.000688552856438 6.0279960632324228 0.554649978876114 67.500000000000014 0.38102824985980993 0.20132455229759219 0.37278096377849584 14.42180395126343
decision_type=2 2 2 2 2 2 2 2 2 2 2 2 2 2 2 2 2 2 2
left_child=3 2 -2 4 5 -1 7 -7 -8 10 15 12 -11 14 -13 17 -17 -5 -15
right_child=1 -3 -4 9 -6 6 8 -9 -10 11 -12 13 -14 18 -16 16 -18 -19 -20
leaf_value=-0.0026580973860210748 -0.0039004176198596174 0.00065552341362894759 -0.00037406920226254746 0.0016989834409885409 -0.0040740373214011227 0.00045368773482728548 0.0035327968969256769 -0.002686750757793982 -0.00041654078114872716 -0.0010220579869585308 -0.0026395548035880786 0.00077694444702908444 0.004542002566670241 6.8141809554255457e-05 -0.0036170816735604421 -0.0039096528153178709 0.00043285182378762822 -0.00011268610268266903 0.0019973882483327009
leaf_weight=344 306 540 497 519 316 1064 478 497 314 322 419 313 338 46359 361 327 330 9966 340
leaf_count=344 306 540 497 519 316 1064 478 497 314 322 419 313 338 46359 361 327 330 9966 340
internal_value=-1.59997e-05 -0.000763557 -0.00171786 3.63185e-08 -0.000496678 -7.75283e-05 0.000299741 -0.000546183 0.00196702 2.51496e-05 -0.00021476 8.28932e-05 0.00182742 5.85885e-05 -0.00157653 -0.000123575 -0.00172849 -2.30098e-05 8.2188e-05
internal_weight=63950 1343 803 62607 3013 2697 2353 1561 792 59594 11561 48033 660 47373 674 11142 657 10485 46699
internal_count=63950 1343 803 62607 3013 2697 2353 1561 792 59594 11561 48033 660 47373 674 11142 657 10485 46699
is_linear=0
shrinkage=0.12


Tree=183
num_leaves=24
num_cat=0
split_feature=49 51 9 57 29 51 12 47 47 81 19 49 15 24 53 58 69 8 19 92 7 24 66
split_gain=0.0467823 0.193977 0.136434 0.144559 0.114511 0.116512 0.0733832 0.122035 0.1146 0.104359 0.0970522 0.0766281 0.0735523 0.0670017 0.0633981 0.213204 0.165161 0.105139 0.0625517 0.0536571 0.173854 0.0816352 0.044916
threshold=1.9781250357627871 0.064730741083621993 1.0000000180025095e-35 1.6281250119209292 1.7701004743576052 0.15910788625478747 4.038450002670289 0.078339375555515303 0.17152941226959231 0.14354225993156436 0.2651041597127915 1.5468750000000002 12.732737064361574 14.235174655914308 2.7593749761581425 -3.0477255582809444 9.5000000000000018 4.404923915863038 0.26796875894069677 1.3163285851478579 8.344950199127199 2.8045762777328496 9.3020834922790545
decision_type=2 2 2 2 2 2 2 2 2 2 2 2 2 2 2 2 2 2 2 2 2 2 2
left_child=6 -2 3 4 -3 -6 13 9 12 -8 11 -10 18 14 19 17 -17 -16 -9 21 -21 -1 -12
right_child=1 2 -4 -5 5 -7 7 8 10 -11 22 -13 -14 -15 15 16 -18 -19 -20 20 -22 -23 -24
leaf_value=-0.00058545083409931322 -0.002791469478668394 0.0018561612725956364 0.0020765866008302537 -0.0023127193554201507 -0.0017346793128557951 0.00070668813359903919 0.00063662408139119882 -0.000978763367872457 0.003380098523895298 0.0034825636401253609 0.0010996921894433111 0.00072264417697064911 -0.0020118858343592468 -0.001703936506398296 -0.0035170662626614769 -0.0013830912128370255 0.0018440784326078643 -0.0009568368446946124 0.00091813068127148797 -0.0011141347451088864 0.0019135068615659982 6.7435719598264935e-05 -0.00083435530418263302
leaf_weight=2917 445 400 364 461 560 566 419 514 313 333 304 312 382 340 374 375 584 604 488 1632 328 50534 401
leaf_count=2917 445 400 364 461 560 566 419 514 313 333 304 312 382 340 374 375 584 604 488 1632 328 50534 401
internal_value=-1.40798e-05 -0.000494085 -5.92329e-05 -0.000450495 0.000112077 -0.000507491 7.86635e-06 0.000544151 0.00016934 0.00189686 0.000964786 0.0020535 -0.00059507 -2.43546e-05 -1.43969e-05 -0.000689225 0.000582151 -0.0019359 -5.49267e-05 9.1931e-06 -0.000607468 3.18055e-05 -3.83052e-07
internal_weight=63950 2796 2351 1987 1526 1126 61154 3466 2714 752 1330 625 1384 57688 57348 1937 959 978 1002 55411 1960 53451 705
internal_count=63950 2796 2351 1987 1526 1126 61154 3466 2714 752 1330 625 1384 57688 57348 1937 959 978 1002 55411 1960 53451 705
is_linear=0
shrinkage=0.12


Tree=184
num_leaves=16
num_cat=0
split_feature=58 49 57 41 22 66 51 58 49 34 8 54 76 15 64
split_gain=0.0428749 0.105552 0.14631 0.159901 0.162518 0.124643 0.103697 0.094008 0.0775843 0.044438 0.199461 0.189441 0.122317 0.0990883 0.0435094
threshold=-48.734998703002923 1.1531249880790713 0.81562501192092907 0.078213978558778777 1.8278083205223086 11.376041889190676 0.13436959683895114 -47.742750167846673 2.3374999761581425 0.98007142543792736 12.90638589859009 0.073737349361181273 0.96917188167572033 -0.22775550186634061 1.0000000180025095e-35
decision_type=2 2 2 2 2 2 2 2 2 2 2 2 2 2 2
left_child=1 -1 -3 14 6 -6 -5 -2 9 12 11 -11 13 -9 -4
right_child=7 2 3 4 5 -7 -8 8 -10 10 -12 -13 -14 -15 -16
leaf_value=-0.0015876859432618416 -0.002050615162630734 0.0031172824233071878 -0.002010364492623731 0.0040924857075494772 -0.0016250084152377262 0.00078081509658340222 0.00095547981591188728 0.0022092606969998175 -0.0015937234771418196 -4.1496932321747823e-05 -0.0031680022551858374 -0.0020538361062364414 -0.0021450245365915097 7.1600159616409031e-05 -0.00011915913119446484
leaf_weight=355 332 300 421 301 401 1368 306 315 451 21927 310 695 356 35812 300
leaf_count=355 332 300 421 301 401 1368 306 315 451 21927 310 695 356 35812 300
internal_value=-1.23902e-05 0.00038118 0.000586934 0.000341825 0.00081681 0.000235459 0.00251106 -3.69205e-05 -2.57531e-05 -1.38512e-05 -0.00014475 -0.000103321 6.84273e-05 9.02389e-05 -0.00122346
internal_weight=63950 3752 3397 3097 2376 1769 607 60198 59866 59415 22932 22622 36483 36127 721
internal_count=63950 3752 3397 3097 2376 1769 607 60198 59866 59415 22932 22622 36483 36127 721
is_linear=0
shrinkage=0.12


Tree=185
num_leaves=23
num_cat=0
split_feature=36 8 1 19 41 51 53 2 89 14 2 54 22 1 23 54 51 89 63 22 54 33
split_gain=0.123259 0.226176 0.212617 0.285593 0.183715 0.171423 0.149375 0.221679 0.13574 0.120563 0.223217 0.172398 0.109997 0.0814291 0.0788356 0.064282 0.0749232 0.112506 0.104879 0.0236148 0.0238623 0.0229967
threshold=-48.057653427124016 11.18702554702759 11.472400188446047 0.24270833283662799 0.076171018183231368 0.10689411312341691 2.1968749761581425 110.56999969482423 0.37500000000000006 -1.1644499897956846 181.879997253418 -0.0054906294681131831 2.1089750528335576 19.889949798583988 0.65582501888275158 0.3547500371932984 0.066209092736244216 4.8750000000000009 7.2020649909973153 3.5405249595642094 0.38874186575412756 0.64903199672698986
decision_type=2 2 2 2 2 2 2 2 2 2 2 2 2 2 2 2 2 2 2 2 2 2
left_child=1 2 6 -4 -5 -6 -1 -8 -9 10 -2 -12 -13 -14 -11 16 18 -18 -16 21 -21 -17
right_child=9 -3 3 4 5 -7 7 8 -10 14 11 12 13 -15 15 19 17 -19 -20 20 -22 -23
leaf_value=0.00049418936581595947 0.0031166801093198923 -0.0035651261517552898 0.003869764574919827 0.0015597557918375273 0.00087630361339924821 -0.0027523463772648302 0.00019357437859300649 -0.0051721497166347186 -0.0018788298529718098 -0.0016286961039988018 -0.0015889894423287778 0.0028645326531617546 0.0014995303056341191 -0.001089678297841004 -7.3090861686765954e-06 -0.00093538334375989503 5.7101365836838078e-05 0.00049190556955768644 -0.00098508584437574718 -0.00032974854859358526 -0.001368350639208584 -7.7934666569677556e-06
leaf_weight=475 530 342 318 544 311 472 412 314 423 395 493 351 366 335 10677 480 29686 12047 1854 662 614 1942
leaf_count=475 530 342 318 544 311 472 412 314 423 395 493 351 366 335 10677 480 29686 12047 1854 662 614 1942
internal_value=5.21124e-05 -0.00062893 -0.000321747 0.000639827 -0.00013419 -0.00131108 -0.00129576 -0.00203572 -0.00328195 9.28068e-05 0.000991665 0.000262696 0.00113045 0.000262177 6.08461e-05 7.236e-05 0.00010535 0.000182616 -0.000151974 -0.000411731 -0.000829515 -0.000191626
internal_weight=64043 3611 3269 1645 1327 783 1624 1149 737 60432 2075 1545 1052 701 58357 57962 54264 41733 12531 3698 1276 2422
internal_count=64043 3611 3269 1645 1327 783 1624 1149 737 60432 2075 1545 1052 701 58357 57962 54264 41733 12531 3698 1276 2422
is_linear=0
shrinkage=0.12


Tree=186
num_leaves=27
num_cat=0
split_feature=29 16 1 55 75 81 29 28 14 33 47 71 14 76 0 54 66 47 2 22 33 46 54 50 29 69
split_gain=0.0954516 0.176987 0.163665 0.31357 0.299345 0.209568 0.143131 0.198877 0.0933636 0.192167 0.123396 0.14054 0.081396 0.0808923 0.0667669 0.185138 0.242631 0.124751 0.243103 0.18244 0.102271 0.231808 0.155845 0.228378 0.221947 0.105836
threshold=-48.057653427124016 3.7768554687500004 11.472400188446047 0.068414263427257552 5.5000000000000009 0.25742962956428533 -61.708776473999016 86.98276519775392 -1.1644499897956846 0.19681356847286227 0.21381293982267383 81.500000000000014 -1.5448499917984007 0.5513925850391389 24.19375038146973 -0.20543950796127317 8.7843751907348651 0.11831239610910417 176.78499603271487 0.72149997949600231 0.34154020249843603 0.34250313043594366 0.052359931170940406 0.20957085490226748 40.187065124511726 3.5000000000000004
decision_type=2 2 2 2 2 2 2 2 2 2 2 2 2 2 2 2 2 2 2 2 2 2 2 2 2 2
left_child=1 -1 6 -4 5 -5 7 -3 9 -2 11 12 -11 -9 15 16 -10 18 -17 -19 22 -22 24 -24 -16 -23
right_child=8 2 3 4 -6 -7 -8 13 14 10 -12 -13 -14 -15 20 17 -18 19 -20 -21 21 25 23 -25 -26 -27
leaf_value=-0.0031806255037576626 0.0035921766213879019 0.0021561696546653041 0.0038403393025022046 0.00055211254404315547 0.0026796682502991391 -0.0030090920331766347 -0.0028148231017858841 -0.0028464638668239581 -0.00024485137954754983 -0.00048208817304125243 0.0020686137906768499 -0.0024319031480491029 0.0017160462007289462 -0.00039072742940610437 0.00027534750526939599 -0.002018758725516291 -0.0044666134972212602 0.0027102831253055528 -0.00014002446709541127 0.00012719437383332 -0.0025140000899856216 0.0021005811780430692 -0.0019082585285308828 0.00085776067446468836 0.0014676575900649522 8.471453104927963e-06
leaf_weight=335 317 318 334 438 359 521 506 326 506 550 461 313 434 474 11072 1139 320 409 7674 10550 523 354 973 770 2821 21246
leaf_count=335 317 318 334 438 359 521 506 326 506 550 461 313 434 474 11072 1139 320 409 7674 10550 523 354 973 770 2821 21246
internal_value=4.58589e-05 -0.000553458 -0.000284807 0.000556152 -0.000276108 -0.0013826 -0.00114027 -0.00038237 8.167e-05 0.000872665 0.000382287 -0.000217093 0.000487414 -0.00139144 5.35446e-05 -0.000120241 -0.0018804 -4.67078e-05 -0.000382834 0.000223598 0.000148347 -1.76844e-05 0.00038326 -0.000686322 0.000517448 4.27588e-05
internal_weight=64043 3611 3276 1652 1318 959 1624 1118 60432 2075 1758 1297 984 800 58357 20598 826 19772 8813 10959 37759 22123 15636 1743 13893 21600
internal_count=64043 3611 3276 1652 1318 959 1624 1118 60432 2075 1758 1297 984 800 58357 20598 826 19772 8813 10959 37759 22123 15636 1743 13893 21600
is_linear=0
shrinkage=0.12


Tree=187
num_leaves=19
num_cat=0
split_feature=2 58 51 49 55 41 81 55 2 34 28 0 49 34 62 93 62 51
split_gain=0.0772095 0.174188 0.229892 0.20802 0.328552 0.189995 0.171472 0.267372 0.0934919 0.0715257 0.0562287 0.152564 0.242341 0.184351 0.0945841 0.189086 0.115563 0.055355
threshold=120.0900001525879 -0.42476697266101832 0.23376258462667468 1.3843750357627871 0.13361265510320666 0.054697275161743171 1.15170294046402 0.15778504312038424 123.70499801635744 1.2768428325653078 72.229507446289077 51.081350326538093 1.6718750000000002 1.2391285896301272 4.6552038192749032 1.0000000180025095e-35 2.6349574327468877 0.15259838849306109
decision_type=2 2 2 2 2 2 2 2 2 2 2 2 2 2 2 2 2 2
left_child=1 5 3 -3 -5 -1 7 -7 -2 10 14 13 -13 -12 16 -16 -10 -11
right_child=8 2 -4 4 -6 6 -8 -9 9 17 11 12 -14 -15 15 -17 -18 -19
leaf_value=0.0028823371973096916 0.0016830272117101352 0.0015528112302193992 -0.0043558640201643095 0.00060599233147438578 -0.0043582891471634962 0.00044476351440451772 0.0013105381514809079 -0.0041885744461824317 -2.971451716821075e-05 -9.4877000622545885e-05 -5.926425285268739e-05 0.00095171660207672855 -0.00033296610333085453 0.0021280557952796744 -0.0021451515910716917 0.00066872745854751879 0.0023006514387145156 -0.002400105323194293
leaf_weight=331 513 390 316 388 380 420 523 313 26620 300 20888 7030 3024 570 849 578 310 300
leaf_count=331 513 390 316 388 380 420 523 313 26620 300 20888 7030 3024 570 849 578 310 300
internal_value=4.03558e-05 -0.000547742 -0.00148703 -0.00070417 -0.00185029 0.000324664 -0.000349372 -0.00153373 6.98755e-05 5.619e-05 6.92554e-05 0.000179575 0.000565315 -1.16133e-06 -5.33381e-05 -0.0010054 -2.88892e-06 -0.00124749
internal_weight=64043 3061 1474 1158 768 1587 1256 733 60982 60469 59869 31512 10054 21458 28357 1427 26930 600
internal_count=64043 3061 1474 1158 768 1587 1256 733 60982 60469 59869 31512 10054 21458 28357 1427 26930 600
is_linear=0
shrinkage=0.12


Tree=188
num_leaves=20
num_cat=0
split_feature=50 28 0 87 22 61 76 0 0 4 50 29 62 4 47 70 72 85 76
split_gain=0.0790747 0.205638 0.414394 0.501294 0.266264 0.147583 0.144844 0.152965 0.155816 0.149055 0.126288 0.194237 0.149301 0.141336 0.210913 0.127303 0.0525892 0.125494 0.108629
threshold=-0.029173981398344036 57.476243972778327 76.080451965332045 0.37500000000000006 1.2108333110809328 8.9156250953674334 0.27079133689403539 77.240348815917983 69.733600616455092 23.704999923706058 -0.021071853116154667 -42.296077728271477 -0.2081184238195419 37.629999160766609 0.198762983083725 20.500000000000004 3.4593750238418584 1.0000000180025095e-35 0.86253035068511974
decision_type=2 2 2 2 2 2 2 2 2 2 2 2 2 2 2 2 2 2 2
left_child=1 2 3 4 -1 6 -3 8 -8 -9 -2 12 -12 14 15 -13 17 -15 -18
right_child=10 5 -4 -5 -6 -7 7 9 -10 -11 11 13 -14 16 -16 -17 18 -19 -20
leaf_value=-0.0069740010447319227 0.0020372441368079496 -0.001970349209696548 0.0023733534127103138 0.0013520286504083736 -0.0025547486346564753 0.0020182108081908561 0.00011575183618329093 -0.003438961412381039 0.0026493119776659301 -0.00046053481873134218 -0.00020491959401764548 0.0020916337092962709 -0.0037465138597997712 -0.00060889174261212714 0.0041143142242695231 -0.00096284073985818965 6.5630076475625644e-05 0.0013067349026380985 0.00093286762317629679
leaf_weight=305 475 593 304 334 551 471 4499 307 379 1142 351 357 335 3541 307 437 46606 572 2177
leaf_count=305 475 593 304 334 551 471 4499 307 379 1142 351 357 335 3541 307 437 46606 572 2177
internal_value=3.55131e-05 -0.000296717 -0.00158076 -0.00259089 -0.00412937 -3.71634e-05 -0.00017706 -8.98296e-06 0.000312599 -0.00109157 8.90298e-05 7.21067e-05 -0.00193442 9.75984e-05 0.00144328 0.000410519 6.95889e-05 -0.000342483 0.000104332
internal_weight=64043 8885 1494 1190 856 7391 6920 6327 4878 1449 55158 54683 686 53997 1101 794 52896 4113 48783
internal_count=64043 8885 1494 1190 856 7391 6920 6327 4878 1449 55158 54683 686 53997 1101 794 52896 4113 48783
is_linear=0
shrinkage=0.12


Tree=189
num_leaves=20
num_cat=0
split_feature=28 36 8 49 75 33 62 14 5 58 58 41 59 3 63 51 59 3 59
split_gain=0.0622689 0.0785645 0.16766 0.176454 0.183009 0.131183 0.10061 0.0735683 0.161845 0.168001 0.167179 0.0885899 0.0584966 0.23221 0.181783 0.150416 0.125455 0.354266 0.158108
threshold=158.59754943847659 -48.057653427124016 11.18702554702759 1.8593750000000002 4.5000000000000009 0.070813678205013289 -1.544279098510742 -1.1644499897956846 2.413850069046021 -1.084791302680969 -3.5960319042205806 0.13486800342798236 5.4108574390411386 0.28226999938488012 19999929.000000004 0.24876008927822116 4.0421559810638437 0.35608999431133276 3.9102622270584111
decision_type=2 2 2 2 2 2 2 2 2 2 2 2 2 2 2 2 2 2 2
left_child=1 2 3 4 5 -1 -6 8 10 -10 -3 -12 16 14 -14 -15 18 -18 -9
right_child=-2 7 -4 -5 6 -7 -8 12 9 -11 11 -13 13 15 -16 -17 17 -19 -20
leaf_value=0.0003350985418803792 0.0017142777283387703 -0.0017745519285262399 -0.0030721934903855225 -0.0027122102655693838 0.0034357392776748347 -0.0015371642415783599 0.00037579448384209756 6.1589585459446232e-05 0.0032754834734813566 -0.00024343414903540018 -0.00027652293193461918 0.0024253513754345472 -0.0039772360959494405 -0.0002492411320705087 -7.1673490526154637e-05 0.00076736352672695932 0.0034607707786612828 0.00026098571736446908 -0.0024274494264662676
leaf_weight=1293 315 514 337 373 306 924 313 38900 550 303 349 350 401 11831 300 2547 591 3175 371
leaf_count=1293 315 514 337 373 306 924 313 38900 550 303 349 350 401 11831 300 2547 591 3175 371
internal_value=3.12516e-05 2.29326e-05 -0.000525968 -0.00025857 6.41405e-05 -0.000445222 0.00188847 5.52745e-05 0.000758956 0.0020255 -0.000131701 0.00107635 3.02589e-05 -0.000173133 -0.00230581 -6.91541e-05 0.000101522 0.000763129 3.80752e-05
internal_weight=64043 63728 3546 3209 2836 2217 619 60182 2066 853 1213 699 58116 15079 701 14378 43037 3766 39271
internal_count=64043 63728 3546 3209 2836 2217 619 60182 2066 853 1213 699 58116 15079 701 14378 43037 3766 39271
is_linear=0
shrinkage=0.12


Tree=190
num_leaves=11
num_cat=0
split_feature=2 8 15 14 69 89 7 29 62 6
split_gain=0.0757497 0.0678524 0.0634263 0.262268 0.238252 0.801784 0.139631 0.127949 0.112726 0.0798312
threshold=105.59999847412111 13.284243106842043 2.4554840326309209 0.28720000386238104 6.5000000000000009 0.62500000000000011 8.5987496376037615 -37.470516204833977 1.7267239689826968 7.6089501380920419
decision_type=2 2 2 2 2 2 2 2 2 2
left_child=-1 2 4 -4 5 -2 9 -6 -9 -5
right_child=1 -3 3 6 7 -7 -8 8 -10 -11
leaf_value=0.0014702464672243659 0.006724813605920644 -0.0014340917115489684 -0.0025741213139265934 -3.385392837625638e-05 0.0021025791689138892 -0.0013853937018150464 0.0024746002739389813 -0.00017885068724156776 0.0017247384619535416 -0.001619698641313656
leaf_weight=491 330 489 591 54072 429 375 318 6016 484 461
leaf_count=491 330 489 591 54072 429 375 318 6016 484 461
internal_value=-1.45266e-05 -2.59955e-05 -1.50792e-05 -5.97311e-05 0.000309206 0.00241087 -3.26395e-05 9.53693e-05 -3.71065e-05 -4.726e-05
internal_weight=64056 63565 63076 55442 7634 705 54851 6929 6500 54533
internal_count=64056 63565 63076 55442 7634 705 54851 6929 6500 54533
is_linear=0
shrinkage=0.12


Tree=191
num_leaves=19
num_cat=0
split_feature=81 47 34 41 5 51 70 69 65 1 36 49 65 75 51 54 34 78
split_gain=0.0651082 0.154078 0.0642335 0.179499 0.189022 0.313173 0.404569 0.241619 0.224797 0.326833 0.122983 0.234328 0.106787 0.0559034 0.123847 0.200877 0.073588 0.057333
threshold=23.823505401611332 0.11897201463580133 1.2391285896301272 0.20795239508152011 3.2188999652862553 0.10066451504826547 11.500000000000002 2.5000000000000004 44.500000000000007 4.235300064086915 -25.584056854248043 1.6968750357627871 38.500000000000007 11.500000000000002 0.26889435946941381 0.0879521779716015 1.2226999998092654 19999945.000000004
decision_type=2 2 2 2 2 2 2 2 2 2 2 2 2 2 2 2 2 2
left_child=2 -2 10 4 8 7 -7 -6 9 -4 11 12 -1 16 15 -15 17 -12
right_child=1 -3 3 -5 5 6 -8 -9 -10 -11 13 -13 -14 14 -16 -17 -18 -19
leaf_value=-0.0012606508277226672 -0.0030336405964672959 0.00035193255640695871 -0.0020062725160279746 -0.002082635623010913 -0.00015511941446509972 -0.0027107227554668233 0.002259643253914393 -0.0045826619317723884 -0.001755932511305906 0.001868817832493284 -4.7784076205361244e-05 0.00078408663883013487 -0.0044518476436352632 -0.0024455397993728028 0.0016420928837864526 3.2906716030319339e-05 0.0016244901278249845 0.00032748334545848863
leaf_weight=301 338 453 354 395 352 332 814 358 357 2734 47149 438 303 778 308 1193 404 6695
leaf_count=301 338 453 354 395 352 332 814 358 357 2734 47149 438 303 778 308 1193 404 6695
internal_value=-1.27834e-05 -0.00109475 7.44382e-07 0.00038515 0.000569035 -0.000407223 0.000819712 -0.0023876 0.001095 0.00142459 -3.72895e-05 -0.00132911 -0.00286153 -1.34765e-05 -0.000595703 -0.000945394 1.09833e-05 -1.12307e-06
internal_weight=64056 791 63265 5696 5301 1856 1146 710 3445 3088 57569 1042 604 56527 2279 1971 54248 53844
internal_count=64056 791 63265 5696 5301 1856 1146 710 3445 3088 57569 1042 604 56527 2279 1971 54248 53844
is_linear=0
shrinkage=0.12


Tree=192
num_leaves=14
num_cat=0
split_feature=1 31 2 29 54 45 63 61 63 31 19 41 66
split_gain=0.0578504 0.160223 0.234109 0.0705633 0.1348 0.06288 0.123084 0.0980917 0.103813 0.0931984 0.0630442 0.0647458 0.01429
threshold=21.053549766540531 0.59687501192092907 221.01499938964847 -84.25978851318358 -0.2246882691979408 0.33437500894069677 19999931.000000004 7.4781248569488534 4.8843231201171884 0.35312499105930334 0.087499998509883894 0.20080202817916873 6.6062500476837167
decision_type=2 2 2 2 2 2 2 2 2 2 2 2 2
left_child=3 -2 -3 4 -1 6 7 8 -5 -7 -11 -12 -4
right_child=1 2 12 5 -6 9 -8 -9 -10 10 11 -13 -14
leaf_value=0.002396252000731498 0.00099910644079442119 -0.0039633886101509376 0.0004190204481303226 0.00021819970962100785 -0.00085026197647675866 -0.0015728389940747637 0.0025703176798836875 -0.0017897196811199425 0.002434085850466811 -0.0016957442787314692 -9.900412770363646e-05 0.00019126191342816757 -0.00074742567677386711
leaf_weight=477 500 382 300 4241 300 569 348 322 328 325 40422 15237 305
leaf_count=477 500 382 300 4241 300 569 348 322 328 325 40422 15237 305
internal_value=-1.12494e-05 -0.000750989 -0.00163756 6.33109e-06 0.00114277 -7.95901e-06 0.000389759 0.00023461 0.000377274 -4.48031e-05 -2.92727e-05 -1.9542e-05 -0.000169023
internal_weight=64056 1487 987 62569 777 61792 5239 4891 4569 56553 55984 55659 605
internal_count=64056 1487 987 62569 777 61792 5239 4891 4569 56553 55984 55659 605
is_linear=0
shrinkage=0.12


Tree=193
num_leaves=24
num_cat=0
split_feature=62 6 81 29 47 53 13 23 54 13 68 47 13 5 0 2 47 51 29 14 19 53 53
split_gain=0.0664553 0.141595 0.15763 0.39939 0.17784 0.145345 0.143739 0.134068 0.112246 0.105712 0.245578 0.150684 0.120422 0.221545 0.140179 0.113317 0.0998914 0.245441 0.232753 0.200906 0.120462 0.279916 0.130433
threshold=-0.56964761018753041 0.2653499990701676 9.0659346580505389 9.2698783874511737 0.033960223197937019 1.6968750357627871 7.8095500469207773 0.81253334879875194 0.17841352522373202 2.6960500478744511 2.5000000000000004 0.2979134470224381 2.4376000165939335 2.1154500246047978 11.374150276184084 105.59999847412111 0.075580459088087096 0.24876008927822116 69.238639831542983 4.0855000019073495 0.20833332836627963 1.5843749642372134 2.5031249523162846
decision_type=2 2 2 2 2 2 2 2 2 2 2 2 2 2 2 2 2 2 2 2 2 2 2
left_child=1 -1 4 -4 -3 -6 8 -7 -5 10 11 12 14 -14 -2 -11 17 19 -19 -17 21 -18 -22
right_child=9 2 3 6 5 7 -8 -9 -10 15 -12 -13 13 -15 -16 16 20 18 -20 -21 22 -23 -24
leaf_value=-0.002757742489231628 -0.0020381691666669674 0.0021644919801590556 -0.0044203625269407442 -0.002423022949596234 0.0018774210935600143 -0.0018656940309113082 0.0020584451253110674 -0.00010727993175936443 0.00039370274604178456 0.0022203343347674603 0.003387165073335959 0.0022535023946506699 -5.1079657131273607e-05 0.0040226817793729934 0.00011508112155303466 -0.00076070722396999664 -0.00076725686965554182 -0.0031923002898485466 -0.00014112233663375202 0.00046617184661575225 -5.7986172591383388e-05 0.0029458926805113637 0.00072496000879461713
leaf_weight=304 503 507 430 393 513 648 314 17126 423 329 411 530 532 301 3238 3526 530 785 665 4225 23651 652 3520
leaf_count=304 503 507 430 393 513 648 314 17126 423 329 411 530 532 301 3238 3526 530 785 665 4225 23651 652 3520
internal_value=-9.89945e-06 -0.000187056 -0.000148661 -0.00130777 -5.24493e-05 -0.000113913 -0.000123327 -0.000171388 -0.000962882 7.44293e-05 0.000565289 0.000338057 0.00011611 0.00142095 -0.000174436 2.97005e-06 -1.64557e-05 -0.000360013 -0.00179297 -9.19465e-05 9.50342e-05 0.00128094 4.34444e-05
internal_weight=64056 20658 20354 1560 18794 18287 1130 17774 816 43398 5515 5104 4574 833 3741 37883 37554 9201 1450 7751 28353 1182 27171
internal_count=64056 20658 20354 1560 18794 18287 1130 17774 816 43398 5515 5104 4574 833 3741 37883 37554 9201 1450 7751 28353 1182 27171
is_linear=0
shrinkage=0.12


Tree=194
num_leaves=14
num_cat=0
split_feature=8 16 2 24 88 24 1 63 45 69 61 61 76
split_gain=0.0519437 0.054929 0.221174 0.143868 0.186087 0.132774 0.129844 0.0846357 0.11815 0.0766713 0.057335 0.150613 0.14884
threshold=13.284243106842043 2.6212134361267094 175.87500000000003 2.7232335805892949 1.0000000180025095e-35 2.9733027219772343 18.205049514770511 3.044381976127625 0.67812499403953563 19.500000000000004 3.1968749761581425 2.4468749761581425 0.57278737425804149
decision_type=2 2 2 2 2 2 2 2 2 2 2 2 2
left_child=1 2 -1 4 9 6 -5 8 -4 -3 11 -7 -12
right_child=-2 3 7 5 -6 10 -8 -9 -10 -11 12 -13 -14
leaf_value=0.0034946814379051192 -0.001240764532818179 -0.0014272714570479459 0.0010549908017232416 -6.1208273508465646e-05 -0.0037849130772821542 9.2642386888370599e-06 0.0031064516632999155 0.0014951232751731628 -0.0018420794310323656 0.0011248906914928334 -7.9404879152054854e-05 0.00096335125598507416 -0.0012549352432566125
leaf_weight=324 489 388 336 356 328 37772 391 364 511 301 18258 2543 1695
leaf_count=324 489 388 336 356 328 37772 391 364 511 301 18258 2543 1695
internal_value=-8.71151e-06 7.66267e-07 0.000709887 -1.67811e-05 -0.00143229 6.81265e-06 0.00159683 -3.51782e-05 -0.000692828 -0.000312321 -1.2895e-05 6.94464e-05 -0.000179266
internal_weight=64056 63567 1535 62032 1017 61015 747 1211 847 689 60268 40315 19953
internal_count=64056 63567 1535 62032 1017 61015 747 1211 847 689 60268 40315 19953
is_linear=0
shrinkage=0.12


Tree=195
num_leaves=26
num_cat=0
split_feature=29 1 41 0 65 41 69 3 60 89 57 59 66 89 66 12 1 54 41 61 28 7 89 15 16
split_gain=0.0688394 0.157425 0.259325 0.170344 0.409556 0.189027 0.0568439 0.265768 0.178926 0.475504 1.66505 0.900407 0.703393 0.409718 0.678154 0.746256 0.422639 0.384188 0.28973 0.154506 0.149299 0.0638844 0.19706 0.0858387 0.0710094
threshold=-61.708776473999016 8.8491501808166522 0.084379181265831008 48.745550155639656 35.500000000000007 0.080401018261909499 8.5000000000000018 0.23001000285148623 1.0000000180025095e-35 0.37500000000000006 1.5656250119209292 6.7836546897888192 3.8593750000000004 0.37500000000000006 11.551041603088381 1.1803500056266787 14.385300159454347 -0.2094110772013664 0.14517628401517871 13.668750286102297 42.722982406616218 10.576450347900392 0.37500000000000006 0.30335050821304327 2.9995919466018681
decision_type=2 2 2 2 2 2 2 2 2 2 2 2 2 2 2 2 2 2 2 2 2 2 2 2 2
left_child=1 2 -1 4 -3 -6 8 -8 9 10 12 -12 -2 14 15 -10 -16 -11 -19 20 -15 23 -23 -9 -25
right_child=6 3 -4 -5 5 -7 7 21 13 17 11 -13 -14 19 16 -17 -18 18 -20 -21 -22 22 -24 24 -26
leaf_value=2.6286590925563092e-05 -0.0035725400619522627 0.0042948727454855907 0.0043520643987528234 -0.0018771700163571429 0.0015347477096728369 -0.002347131526512467 0.0034047338885555495 0.0017904578751220489 -0.0013517972585473177 0.0032064529644340728 -0.0067401776252778035 -0.00061922107712742108 0.0010871623372398424 0.0021716391431538667 -0.00396356903190571 0.0052532190412384241 0.0018569160900200543 -0.00080635424828353144 0.00077995883982664039 -0.0024460096023435876 -0.0004955306594989858 -0.0026727477509204205 0.00062202669535985306 -0.00084763609035726282 6.0134712709040999e-05
leaf_weight=436 575 333 368 504 305 443 338 404 339 546 1008 527 2472 354 376 901 344 3742 2977 488 2066 485 567 1279 41621
leaf_count=436 575 333 368 504 305 443 338 404 339 546 1008 527 2472 354 376 901 344 3742 2977 488 2066 485 567 1279 41621
internal_value=6.54486e-06 0.000638526 0.00200624 -5.5257e-05 0.000794183 -0.00076428 -1.80412e-05 5.25639e-05 -0.000206831 -0.000458503 -0.0014158 -0.00463872 0.000207829 0.000405651 0.00174662 0.00344749 -0.00118267 0.000145256 -0.000103504 -0.000498163 -0.000105374 2.70198e-05 -0.000896952 4.94662e-05 3.30709e-05
internal_weight=63798 2389 804 1585 1081 748 61409 44694 16715 11847 4582 1535 3047 4868 1960 1240 720 7265 6719 2908 2420 44356 1052 43304 42900
internal_count=63798 2389 804 1585 1081 748 61409 44694 16715 11847 4582 1535 3047 4868 1960 1240 720 7265 6719 2908 2420 44356 1052 43304 42900
is_linear=0
shrinkage=0.12


Tree=196
num_leaves=17
num_cat=0
split_feature=1 41 12 11 29 78 87 76 57 53 58 46 72 57 29 22
split_gain=0.0551331 0.102018 0.133447 0.0831549 0.0670398 0.212453 0.215396 0.168899 0.468366 0.0662178 0.135703 0.193707 0.0540624 0.0746646 0.17367 0.0883489
threshold=20.733049392700199 0.063471745699644103 2.8847500085830693 1.0000000180025095e-35 -61.708776473999016 -0.24955578893423078 0.37500000000000006 0.7632603943347932 1.3093749880790713 2.9093749523162846 -2.3897513151168819 0.35565975308418279 45.756250381469734 8.8562502861022967 56.222799301147468 1.8887583017349245
decision_type=2 2 2 2 2 2 2 2 2 2 2 2 2 2 2 2
left_child=4 -2 -3 -4 5 -1 7 8 -7 12 11 -11 13 15 -15 -6
right_child=1 2 3 -5 9 6 -8 -9 -10 10 -12 -13 -14 14 -16 -17
leaf_value=-0.0016660477790528124 0.0012841547965944335 -0.002776937776742519 -0.0018858303974986102 0.00055233749426168916 -0.0002643311341247144 0.005675810470068092 -0.00071940752771404133 -0.00023424339052344995 0.00037053926733419262 -0.0040710231862324583 0.0005431766828992051 -1.9468734959178665e-05 -0.0013275889980973294 0.001423139939056281 -1.7310168105586108e-05 8.1091039870564519e-05
leaf_weight=456 312 463 304 597 14855 456 571 337 505 333 541 347 427 1780 3733 37781
leaf_count=456 312 463 304 597 14855 456 571 337 505 333 541 347 427 1780 3733 37781
internal_value=5.75948e-06 -0.000673397 -0.00112117 -0.000270307 2.40825e-05 0.000656281 0.00122288 0.00207731 0.00288792 -4.98294e-07 -0.000875142 -0.00200354 1.77334e-05 2.76124e-05 0.000447773 -1.63945e-05
internal_weight=63798 1676 1364 901 62122 2325 1869 1298 961 59797 1221 680 58576 58149 5513 52636
internal_count=63798 1676 1364 901 62122 2325 1869 1298 961 59797 1221 680 58576 58149 5513 52636
is_linear=0
shrinkage=0.12


Tree=197
num_leaves=26
num_cat=0
split_feature=66 22 81 87 6 28 92 71 1 24 66 62 62 14 13 92 8 55 33 81 41 62 53 53 74
split_gain=0.0499138 0.186534 0.186343 0.203203 0.202853 0.108674 0.117725 0.086715 0.0858729 0.0757017 0.0828382 0.0704905 0.145665 0.074355 0.138308 0.170714 0.157687 0.118818 0.0664143 0.221318 0.210805 0.089462 0.216326 0.0944332 0.0421009
threshold=11.726041793823244 2.6186416149139409 1.7164985537528994 0.37500000000000006 5.1308000087738046 69.770629882812514 0.82558569312095653 69.500000000000014 6.557000160217286 13.214327335357668 11.785937786102297 -72.404052734374986 -76.322326660156236 -1.0725000500679014 0.92809998989105236 1.1808428764343264 12.90638589859009 0.095182731747627272 0.088109530508518233 1.9547736644744875 0.13201890140771869 8.5177669525146502 2.4343750476837163 2.2406250238418584 32.500000000000007
decision_type=2 2 2 2 2 2 2 2 2 2 2 2 2 2 2 2 2 2 2 2 2 2 2 2 2
left_child=11 2 3 4 -2 6 7 -3 -7 10 -10 12 -1 14 16 17 -13 -16 19 20 -15 23 -23 -20 -9
right_child=1 5 -4 -5 -6 8 -8 24 9 -11 -12 13 -14 18 15 -17 -18 -19 21 -21 -22 22 -24 -25 -26
leaf_value=-0.0004964432036750979 -0.0048693667100251567 0.0018146322392476057 0.00098297708952899978 0.00011374597918231386 -0.0010679523309324907 -0.0021667532864196822 0.0028825553974308831 -0.0015683159415144474 -0.0018507435944425147 0.0012118625487956723 0.0001234621427967873 0.0027923857196620249 0.0023976059250979511 0.00059684877058636899 0.00058021628055540501 -0.0036939123299116802 -0.0010015904425222071 -0.0015818690187929399 0.00013770749391736712 -0.0015002215706435675 0.0036134177327610587 8.2852353459122348e-05 0.0038356227553274949 -0.00018993361423467737 0.00042579949194576676
leaf_weight=474 466 350 352 387 357 331 349 300 455 490 935 316 531 1652 656 317 315 828 29059 551 418 842 300 22457 310
leaf_count=474 466 350 352 387 357 331 349 300 455 490 935 316 531 1652 656 317 315 828 29059 551 418 842 300 22457 310
internal_value=5.06834e-06 -0.000355717 -0.00144709 -0.00215402 -0.00322039 0.00012858 0.000995138 0.000308984 -0.000384457 -7.06588e-05 -0.000522771 3.62951e-05 0.00103265 1.89442e-05 -0.000630445 -0.00116609 0.000898404 -0.000626122 4.75141e-05 0.000637078 0.00120599 1.81692e-05 0.00106869 -5.11874e-06 -0.000554913
internal_weight=63798 5082 1562 1210 823 3520 1309 960 2211 1880 1390 58716 1005 57711 2432 1801 631 1484 55279 2621 2070 52658 1142 51516 610
internal_count=63798 5082 1562 1210 823 3520 1309 960 2211 1880 1390 58716 1005 57711 2432 1801 631 1484 55279 2621 2070 52658 1142 51516 610
is_linear=0
shrinkage=0.12


Tree=198
num_leaves=39
num_cat=0
split_feature=65 16 0 54 63 65 65 7 51 9 28 41 63 59 34 57 19 68 49 55 69 41 64 65 78 0 47 19 29 55 63 89 81 89 1 41 59 22
split_gain=0.0415702 0.139789 0.135764 0.226956 0.152596 0.141907 0.307553 0.314598 0.174669 0.274371 0.203778 0.131196 0.22216 0.143448 0.286447 0.250882 0.124109 0.142506 0.116267 0.162131 0.115929 0.103475 0.147282 0.129407 0.114082 0.209215 0.173062 0.103012 0.100091 0.0996797 0.0952294 0.144633 0.10947 0.164605 0.0847949 0.0832082 0.0554588 0.0480429
threshold=42.500000000000007 12.770419120788576 3.910850048065186 -0.087735462933778749 3.4082580804824834 25.500000000000004 26.500000000000004 3.6910499334335332 0.31164015829563146 1.0000000180025095e-35 111.57153320312501 0.07977477461099626 5.6207368373870858 4.7421293258667001 0.81158572435379039 3.6062499284744267 0.47812499105930334 1.5000000000000002 1.4281249642372134 0.13361265510320666 2.5000000000000004 0.32060728967189794 1.0000000180025095e-35 44.500000000000007 2.9201101064682011 32.140750885009773 0.11756571382284166 0.26614584028720861 155.80970764160159 0.12787891179323199 8.9699664115905779 0.37500000000000006 0.16445416957139972 0.37500000000000006 6.822200059890748 0.059097686782479293 4.1367342472076425 2.4820833206176762
decision_type=2 2 2 2 2 2 2 2 2 2 2 2 2 2 2 2 2 2 2 2 2 2 2 2 2 2 2 2 2 2 2 2 2 2 2 2 2 2
left_child=2 20 3 4 -1 16 7 -7 10 -10 -8 12 27 18 28 -16 17 29 34 -20 -2 24 36 -24 25 -22 -26 -3 -15 -4 32 -32 37 -34 -13 -14 -23 -5
right_child=1 11 5 30 -6 6 8 -9 9 -11 -12 13 35 14 15 -17 -18 -19 19 -21 21 22 23 -25 26 -27 -28 -29 -30 -31 31 -33 33 -35 -36 -37 -38 -39
leaf_value=-0.0006726215196575044 0.001887046634124076 -0.0007859721629637019 8.3589254002372197e-05 0.0012716546153267291 -0.0043333153851154351 0.00061199542331883154 2.3602083922618921e-05 0.0056353517513299664 0.0019467131703935982 -0.0011778409224362815 0.0015352926692383695 -0.0022878128310329423 -0.0038070601780463248 -0.0017436767402599143 0.0051690644789417102 0.0012837469600578385 0.0018176213756245529 -0.0025900146435014902 0.0018135001941364944 -0.00051573203112659737 -0.0014833903917784205 0.0003089411706485307 0.00023858550669453844 0.0035959744418651097 -0.00089789328149783695 6.9962754196230579e-05 0.0003709106433952975 0.0018509557113232534 0.00072567244250236343 -0.00052651591770654538 0.0024090665618188944 -0.00066956825689552238 -0.0031644487027365086 -0.00029248906694872938 -7.0854442467680194e-05 -0.001008363833415032 -0.0017494821889533386 -0.00057836851461855079
leaf_weight=304 323 415 11750 453 356 421 17463 313 1789 523 1386 424 310 311 399 598 467 342 844 878 3523 436 342 320 2748 1934 3545 439 985 5740 437 442 453 786 600 302 332 365
leaf_count=304 323 415 11750 453 356 421 17463 313 1789 523 1386 424 310 311 399 598 467 342 844 878 3523 436 342 320 2748 1934 3545 439 985 5740 437 442 453 786 600 302 332 365
internal_value=4.46014e-06 -0.000138842 6.99363e-05 -0.000636474 -0.00264718 0.000133136 0.000339267 0.00275411 0.000255505 0.0012399 0.000134759 0.000318148 -0.000680985 0.000608827 0.00130948 0.00283865 -0.000113503 -0.000164077 2.37568e-05 0.000625889 -0.000358995 -0.000414039 0.000549775 0.00186149 -0.000531337 -0.000932871 -0.000183145 0.000569545 0.000133105 -0.00011664 -0.000184477 0.000860993 -0.000631228 -0.00134253 -0.000988814 -0.002426 -0.000580898 0.000446155
internal_weight=63798 20008 43790 3596 660 40194 21895 734 21161 2312 18849 6505 1466 5039 2293 997 18299 17832 2746 1722 13503 13180 1430 662 11750 5457 6293 854 1296 17490 2936 879 2057 1239 1024 612 768 818
internal_count=63798 20008 43790 3596 660 40194 21895 734 21161 2312 18849 6505 1466 5039 2293 997 18299 17832 2746 1722 13503 13180 1430 662 11750 5457 6293 854 1296 17490 2936 879 2057 1239 1024 612 768 818
is_linear=0
shrinkage=0.12


Tree=199
num_leaves=21
num_cat=0
split_feature=1 57 76 19 0 2 41 41 19 0 0 5 5 14 33 53 78 50 12 15
split_gain=0.0413494 0.0841108 0.191627 0.112767 0.0763976 0.0474785 0.136833 0.318439 0.239539 0.311527 0.204986 0.162635 0.216765 0.138677 0.0821213 0.0616156 0.0884365 0.172011 0.0623662 0.08579
threshold=20.733049392700199 2.0656249523162846 0.66287657618522655 0.25260417163372045 108.50600051879884 123.70499801635744 0.13868144154548648 0.18237192183732989 0.27760416269302374 24.546700477600101 48.745550155639656 2.8494501113891606 3.2188999652862553 6.5883500576019296 0.052379749715328223 2.9093749523162846 1.7897306680679324 0.20754849910736087 4.3556001186370858 12.752149105072023
decision_type=2 2 2 2 2 2 2 2 2 2 2 2 2 2 2 2 2 2 2 2
left_child=5 2 -2 -4 -5 6 8 -8 11 -10 -11 13 -13 -1 -7 18 -17 -18 19 -16
right_child=1 -3 3 4 -6 14 7 -9 9 10 -12 12 -14 -15 15 16 17 -19 -20 -21
leaf_value=-0.0021779721133459947 -0.0035251488655957492 0.0011489903744381781 -0.0020894840739357967 0.0018177767016552141 -0.00067614623221351272 -0.0019288590252355515 0.0041931280790449086 -0.00088688081766861689 -0.0041670790652405696 0.0022729901675419754 -0.0018013051599027579 0.0042665440306136736 0.00060980385212108085 0.0013384193445513208 2.0694793267130964e-05 0.00022236817080276803 -0.0037728575221480467 0.00019029419971047901 -0.0015343683097750686 0.001820427983184345
leaf_weight=342 328 325 313 376 334 318 398 321 367 339 374 363 654 306 56372 585 321 310 368 384
leaf_count=342 328 325 313 376 334 318 398 321 367 339 374 363 654 306 56372 585 321 310 368 384
internal_value=3.92493e-06 -0.000584239 -0.00100119 -0.000191943 0.000644579 1.97931e-05 0.000451493 0.00192514 6.54989e-05 -0.00132635 0.000135842 0.000968323 0.00191501 -0.000517454 -5.70057e-06 4.78219e-06 -0.000840469 -0.00182583 2.27751e-05 3.28714e-05
internal_weight=63798 1676 1351 1023 710 62122 3464 719 2745 1080 713 1665 1017 648 58658 58340 1216 631 57124 56756
internal_count=63798 1676 1351 1023 710 62122 3464 719 2745 1080 713 1665 1017 648 58658 58340 1216 631 57124 56756
is_linear=0
shrinkage=0.12


Tree=200
num_leaves=19
num_cat=0
split_feature=29 64 12 50 20 0 14 5 12 29 1 76 46 29 70 29 54 0
split_gain=0.0884225 0.166331 0.194199 0.0959359 0.124818 0.0900734 0.149039 0.0950542 0.122843 0.121528 0.0931823 0.0843888 0.0800281 0.220863 0.168558 0.145782 0.126274 0.0514685
threshold=-64.862651824951158 1.0000000180025095e-35 1.0816500186920168 -0.066740728914737688 26.074339866638187 76.639499664306655 1.0000000180025095e-35 3.3412499427795415 1.6057000160217287 -17.754392623901364 22.565699577331547 0.90846258401870739 0.25282885134220129 24.546223640441898 32.500000000000007 28.863415718078617 -0.080718953162431703 30.37609958648682
decision_type=2 2 2 2 2 2 2 2 2 2 2 2 2 2 2 2 2 2
left_child=1 2 -1 4 -4 10 -7 8 11 -10 12 -8 13 14 -2 -14 -17 -15
right_child=5 -3 3 -5 -6 6 7 -9 9 -11 -12 -13 15 17 -16 16 -18 -19
leaf_value=0.0021818464348452348 0.00048877564496492337 -0.0023997028382809638 0.0017941052748687528 -0.0024157914604916726 -0.0014412648798769162 -0.0028243553329391994 0.002944640806732316 -0.0021055845428613034 0.0021257966277235963 -0.00033815128356539965 0.001924883867193737 0.00015526151411573996 -0.0023507529832486524 0.0013213436449732397 -0.00049019742155215391 -0.00064544153619655652 0.00012756835879872147 0.0033856463861438825
leaf_weight=413 10902 598 302 379 398 319 306 353 301 6807 419 319 365 320 3299 3339 34329 381
leaf_count=413 10902 598 302 379 398 319 306 353 301 6807 419 319 365 320 3299 3339 34329 381
internal_value=5.8889e-05 -0.00070876 -3.10228e-05 -0.000878025 -4.54338e-05 8.48672e-05 -0.00028026 -0.000179893 -9.19879e-05 -0.000233811 0.000142387 0.00152094 0.000128278 0.000363994 0.000261353 3.59199e-05 5.90465e-05 0.00244331
internal_weight=63849 2090 1492 1079 700 61759 8405 8086 7733 7108 53354 625 52935 14902 14201 38033 37668 701
internal_count=63849 2090 1492 1079 700 61759 8405 8086 7733 7108 53354 625 52935 14902 14201 38033 37668 701
is_linear=0
shrinkage=0.12


Tree=201
num_leaves=22
num_cat=0
split_feature=29 45 5 81 12 8 0 14 47 66 51 47 50 53 76 76 2 51 87 51 89
split_gain=0.0684744 0.133603 0.180203 0.133466 0.104716 0.0912418 0.0697528 0.11969 0.0903395 0.246515 0.249256 0.165902 0.161152 0.125598 0.0805801 0.134178 0.136408 0.0784527 0.237826 0.143433 0.0564593
threshold=-64.862651824951158 0.82187500596046459 3.4387999773025517 0.77457511425018322 1.740150034427643 5.6155619621276864 76.639499664306655 0.28720000386238104 0.2317764759063721 5.9687500000000009 0.13922533392906192 0.1891301050782204 0.20839501917362216 2.1593749523162846 0.97268766164779674 0.95504236221313488 195.70999908447268 0.041607305407524116 0.37500000000000006 0.08598672598600389 0.37500000000000006
decision_type=2 2 2 2 2 2 2 2 2 2 2 2 2 2 2 2 2 2 2 2 2
left_child=1 -1 3 4 -3 -5 14 -8 11 20 -11 13 -13 -9 15 17 -17 18 -2 -19 -10
right_child=6 2 -4 5 -6 -7 7 8 9 10 -12 12 -14 -15 -16 16 -18 19 -20 -21 -22
leaf_value=-0.0029184015138056787 -0.00087372780124235407 -0.0037465207089209546 0.0017037152622740187 -0.0011662583103636279 -0.00074740688617720458 0.0017860030370884306 -0.0021550590957563794 -0.00071158713646315942 0.0017731502465984481 -0.00048090067810026423 -0.0047745644145034023 0.0038648243096782581 0.00010123654784069263 0.00040758970829505605 -0.0017613874805963994 0.00011773133622033932 0.0037125853815861303 0.00053677910971831498 0.0010391547760377196 4.676841692923585e-05 -0.00033733109310382935
leaf_weight=311 3424 313 502 300 361 303 448 2868 329 424 360 308 350 2908 324 305 303 11259 1288 36451 410
leaf_count=311 3424 313 502 300 361 303 448 2868 329 424 360 308 350 2908 324 305 303 11259 1288 36451 410
internal_value=5.18224e-05 -0.000623709 -0.000222557 -0.000979791 -0.00214017 0.000317216 7.46832e-05 -0.000246629 -0.000139179 -0.000970246 -0.00245248 5.75439e-05 0.00186292 -0.000148123 0.0001253 0.000136827 0.00190925 0.000116271 -0.000350852 0.000162405 0.000602247
internal_weight=63849 2090 1779 1277 674 603 61759 8405 7957 1523 784 6434 658 5776 53354 53030 608 52422 4712 47710 739
internal_count=63849 2090 1779 1277 674 603 61759 8405 7957 1523 784 6434 658 5776 53354 53030 608 52422 4712 47710 739
is_linear=0
shrinkage=0.12


Tree=202
num_leaves=32
num_cat=0
split_feature=29 64 53 70 63 63 5 47 70 1 19 1 71 7 55 59 59 3 9 87 3 57 55 5 15 29 59 50 63 58 55
split_gain=0.0530266 0.127375 0.168626 0.178251 0.0575345 0.156466 0.300421 0.14987 0.146401 0.225389 0.200266 0.254285 0.210681 0.141173 0.145093 0.127089 0.178206 0.203181 0.124227 0.156439 0.134508 0.117458 0.111685 0.111337 0.106294 0.104871 0.103992 0.187072 0.0922309 0.0624717 0.0459793
threshold=-64.862651824951158 1.0000000180025095e-35 2.1468750238418584 22.500000000000004 2.3197940587997441 1.8815528750419619 2.5454999208450322 0.19531755894422534 19.500000000000004 16.265600204467777 0.22395832836627963 13.784399986267092 119.50000000000001 8.2936000823974627 0.31604905426502233 1.7350797057151797 2.4135524034500127 0.54091000556945812 1.0000000180025095e-35 0.37500000000000006 0.52077001333236705 3.0437499284744267 0.20250974595546725 3.783100008964539 10.710370540618898 58.654769897460945 19999923.000000004 0.3688307404518128 1.7404547929763796 -0.99025109410285939 0.12787891179323199
decision_type=2 2 2 2 2 2 2 2 2 2 2 2 2 2 2 2 2 2 2 2 2 2 2 2 2 2 2 2 2 2 2
left_child=1 2 -1 30 5 18 7 21 9 10 11 -6 -12 22 -15 25 17 -17 26 20 -20 -7 -11 -21 -18 -10 28 -28 -2 -27 -4
right_child=4 -3 3 -5 8 6 -8 -9 15 13 12 -13 -14 14 -16 16 24 -19 19 23 -22 -23 -24 -25 -26 29 27 -29 -30 -31 -32
leaf_value=-0.0024724993590822778 -5.1564072479165861e-05 -0.0020285978911944468 0.0031563975651378684 -0.00082620587756290385 0.0052986898053305484 0.0019094268821844551 -0.0045544675506441106 -0.0024223284527947263 -0.0032081557315653368 -0.0020879881775173886 0.0011036795593112466 0.00085050995497351698 -0.00055734758676961686 0.00051429249789785366 -0.0020971468632648648 0.0036829361289121842 -0.00052456343224187123 8.0465356175829156e-05 0.0016996819945484035 0.00013051583026366272 0.00018512429636420073 -0.00093779441716084389 0.00060692681596454152 -0.0021633915809256585 0.00023896783986432265 -0.0017105041711174634 -0.0016835199837766286 0.0011615060884238068 0.0016598428060506331 0.00066066799255952435 0.0010761421151440956
leaf_weight=305 27699 598 306 575 329 427 310 356 312 788 4804 423 1426 2941 342 398 4725 520 1975 2666 1475 408 308 344 5909 320 1329 444 461 320 306
leaf_count=305 27699 598 306 575 329 427 310 356 312 788 4804 423 1426 2941 342 398 4725 520 1975 2666 1475 408 308 344 5909 320 1329 444 461 320 306
internal_value=4.56037e-05 -0.000548864 4.42201e-05 0.000690892 6.57212e-05 -2.61948e-05 -0.00122687 -0.000360742 0.00021167 0.000523479 0.000946768 0.00279659 0.000723483 -0.000151425 0.000242251 -7.16365e-05 3.81881e-05 0.00164232 2.3326e-05 0.000500569 0.00105215 0.00051821 -0.00133066 -0.000131645 -0.000100292 -0.0014043 -7.96704e-05 -0.00097106 -2.35471e-05 -0.000524918 0.00211627
internal_weight=63849 2090 1492 1187 61759 37894 1501 1191 23865 11361 6982 752 6230 4379 3283 12504 11552 918 36393 6460 3450 835 1096 3010 10634 952 29933 1773 28160 640 612
internal_count=63849 2090 1492 1187 61759 37894 1501 1191 23865 11361 6982 752 6230 4379 3283 12504 11552 918 36393 6460 3450 835 1096 3010 10634 952 29933 1773 28160 640 612
is_linear=0
shrinkage=0.12


Tree=203
num_leaves=21
num_cat=0
split_feature=2 53 29 66 66 55 65 28 41 47 34 47 41 61 89 55 76 51 70 78
split_gain=0.049289 0.0571193 0.0522583 0.126007 0.192064 0.229765 0.220205 0.0525083 0.174349 0.176963 0.0756427 0.348033 0.0809926 0.0386878 0.025389 0.0118345 0.0136526 0.0113224 0.00866204 0.00187715
threshold=405.12500000000006 3.1093750000000004 -64.862651824951158 4.2656250000000009 10.86770820617676 0.11887620761990549 35.500000000000007 45.181859970092781 0.45072145760059362 0.056352293118834502 1.1628428101539614 0.38102824985980993 0.027162255719304088 3.9156249761581425 0.37500000000000006 0.160001315176487 0.045308481901884086 0.14371915906667712 29.500000000000004 2.2436032295227055
decision_type=2 2 2 2 2 2 2 2 2 2 2 2 2 2 2 2 2 2 2 2
left_child=1 2 3 -1 6 -6 -5 8 9 -4 12 -12 -9 14 18 16 -15 -16 -2 -17
right_child=13 -3 7 4 5 -7 -8 10 -10 -11 11 -13 -14 15 17 19 -18 -19 -20 -21
leaf_value=0.0016823131350443311 -0.00082447878536879128 0.001585301127780767 -0.0016090492141477256 -0.00053953750444074664 -0.0018443882846622727 0.0021373384211312678 -0.0043255944803399452 0.0016471302131576759 -0.0029792263169129865 0.000125666537863604 0.00027542216780319554 0.0039120352681450274 4.8224534586158629e-05 -9.5341753345957143e-05 -0.00091865940551588091 -0.00020311427125134862 0.00088413333566927509 -0.0018457440609120869 2.2549245880599271e-05 -0.0006272689038305544
leaf_weight=312 315 353 972 520 376 469 385 461 315 6575 5893 405 43879 538 401 301 331 360 388 300
leaf_count=312 315 353 972 520 376 469 385 461 315 6575 5893 405 43879 538 401 301 331 360 388 300
internal_value=4.01312e-05 6.32704e-05 5.43989e-05 -0.000539336 -0.000935424 0.000365588 -0.00215018 7.53267e-05 -0.000213202 -9.77525e-05 0.000120123 0.000509279 6.48482e-05 -0.000440278 -0.000876921 -5.41755e-06 0.000277738 -0.00135723 -0.000356987 -0.000414839
internal_weight=63849 60915 60562 2062 1750 845 905 58500 7862 7547 50638 6298 44340 2934 1464 1470 869 761 703 601
internal_count=63849 60915 60562 2062 1750 845 905 58500 7862 7547 50638 6298 44340 2934 1464 1470 869 761 703 601
is_linear=0
shrinkage=0.12


Tree=204
num_leaves=22
num_cat=0
split_feature=50 55 59 15 76 89 7 50 22 58 29 50 15 54 76 88 30 50 28 46 55
split_gain=0.0490916 0.154283 0.218558 0.282179 0.244832 0.239487 0.181056 0.153458 0.303354 0.340722 0.205113 0.0940706 0.234041 0.308027 0.300346 0.0872326 0.415365 0.0814734 0.254827 0.094663 0.0800592
threshold=-0.029173981398344036 0.28671562671661383 5.9569628238677987 9.4366917610168475 0.36491404473781591 0.37500000000000006 6.7700500488281259 -0.0065713920630514613 1.0484041571617129 -0.68648317456245411 -39.649393081665032 0.038826471194624908 6.7296695709228525 -0.11736771091818808 0.48796053230762487 1.0000000180025095e-35 3.5000000000000004 0.046042539179325111 74.688381195068374 0.17542143911123279 0.14918830245733264
decision_type=2 2 2 2 2 2 2 2 2 2 2 2 2 2 2 2 2 2 2 2 2
left_child=1 2 4 6 5 -1 -4 8 -2 -10 -9 12 14 -14 -12 20 -17 18 -13 -19 -6
right_child=7 -3 3 -5 15 -7 -8 10 9 -11 11 17 13 -15 -16 16 -18 19 -20 -21 -22
leaf_value=-0.0045387058220319187 0.0038141639000258548 -0.0022673847955312749 -0.0011915117090613976 0.0042975239995486879 0.0003605472015135255 -0.00040131882751657746 0.0022965988139753038 -0.0024754962724696139 -0.0021001729405350444 0.0023897882602693602 8.4308182471431797e-05 0.00089997340362926942 -0.0019745371879429977 0.0013791576733884769 0.0037423181436420381 -0.0017289827485963657 0.0025578309672469233 0.0019539299915495869 -0.0036249299651963688 3.2432553550330862e-05 -0.0012649606665909973
leaf_weight=376 467 503 521 343 3982 434 364 461 498 476 640 379 765 814 653 1483 417 372 340 49071 490
leaf_count=376 467 503 521 343 3982 434 364 461 498 476 640 379 765 814 653 1483 417 372 340 49071 490
internal_value=3.53155e-05 -0.000225915 -0.000103815 0.0013756 -0.00035677 -0.00232188 0.000243146 7.76984e-05 0.0012997 9.40997e-05 4.47813e-05 6.66889e-05 0.000734612 -0.000245653 0.0019317 -0.000106968 -0.00078814 2.84473e-05 -0.00123976 4.68895e-05 0.000182439
internal_weight=63849 8913 8410 1228 7182 810 885 54936 1441 974 53495 53034 2872 1579 1293 6372 1900 50162 719 49443 4472
internal_count=63849 8913 8410 1228 7182 810 885 54936 1441 974 53495 53034 2872 1579 1293 6372 1900 50162 719 49443 4472
is_linear=0
shrinkage=0.12


Tree=205
num_leaves=23
num_cat=0
split_feature=62 31 2 47 62 59 76 29 62 6 63 63 55 50 54 6 23 23 47 78 0 57
split_gain=0.0507375 0.187909 0.251374 0.215398 0.118846 0.139857 0.12004 0.0932342 0.0579029 0.173879 0.15569 0.257131 0.209928 0.195678 0.160449 0.155512 0.19075 0.162097 0.14468 0.140005 0.135257 0.134235
threshold=4.6552038192749032 0.57187500596046459 184.67499542236331 0.11831239610910417 9.1193666458129901 4.21702003479004 0.27079133689403539 99.423362731933608 -1.0896704196929929 8.9359498023986834 5.3583858013153085 4.0905351638793954 0.10581526532769205 0.19685354828834536 0.021032840944826606 8.9359498023986834 1.572316646575928 2.0280666351318364 0.1198750212788582 -10.30855083465576 32.617099761962898 14.831249713897707
decision_type=2 2 2 2 2 2 2 2 2 2 2 2 2 2 2 2 2 2 2 2 2 2
left_child=8 3 -3 -2 6 -6 -4 -8 15 10 11 19 -12 -14 -13 16 18 20 -1 -10 -18 -19
right_child=1 2 4 -5 5 -7 7 -9 9 -11 12 14 13 -15 -16 -17 17 21 -20 -21 -22 -23
leaf_value=-0.00010780419878428801 -0.00095532601946284892 -0.0033235064611486852 0.00084282760855761835 0.0031466865945650739 0.0021727965852441976 -0.00096914875536814615 -0.0032302982974670384 -0.00063600349616070714 0.0019192632927720224 0.0022009761697225493 -0.00060084839138165459 -0.0042753749989393732 0.0046252853796662141 0.00086052186140354804 -0.0007160809627444006 -0.0020900154440966988 -0.0005600928070252139 -6.7967484509680865e-05 0.0027795628780340428 2.9686472951459561e-05 -0.0037523293419044028 -0.0023825570160326192
leaf_weight=450 352 523 308 387 446 376 403 395 573 552 492 310 360 444 443 587 462 16259 562 38739 326 369
leaf_count=450 352 523 308 387 446 376 403 395 573 552 492 310 360 444 443 587 462 16259 562 38739 326 369
internal_value=-1.79561e-05 -0.000484475 -0.000990195 0.00119282 -0.000357248 0.000735605 -0.00116948 -0.00194615 6.46931e-06 8.52639e-05 5.70279e-05 1.51547e-05 0.00135151 0.00254624 -0.00218139 -0.00016721 -0.000105962 -0.000199028 0.00149565 5.72284e-05 -0.00188074 -0.000119332
internal_weight=64118 3190 2451 739 1928 822 1106 798 60928 41913 41361 40065 1296 804 753 19015 18428 17416 1012 39312 788 16628
internal_count=64118 3190 2451 739 1928 822 1106 798 60928 41913 41361 40065 1296 804 753 19015 18428 17416 1012 39312 788 16628
is_linear=0
shrinkage=0.12


Tree=206
num_leaves=20
num_cat=0
split_feature=72 57 51 70 6 34 1 59 89 54 57 19 81 71 34 51 71 33 86
split_gain=0.0450641 0.0474052 0.174117 0.174282 0.206406 0.166957 0.208255 0.282192 0.168848 0.140625 0.109009 0.178172 0.0814151 0.0667966 0.256001 0.17613 0.107428 0.431894 0.0684621
threshold=45.756250381469734 10.503125190734865 0.18237040191888812 17.500000000000004 2.1647999286651616 0.78014287352561962 12.02769994735718 5.5558807849884042 0.62500000000000011 0.24880273640155795 9.5843749046325701 0.27057291567325598 0.099853701889514937 134.50000000000003 1.1047285795211794 0.24106897413730624 124.50000000000001 0.2314688637852669 1.0000000180025095e-35
decision_type=2 2 2 2 2 2 2 2 2 2 2 2 2 2 2 2 2 2 2
left_child=1 10 5 -4 -5 9 8 -8 -7 -3 13 12 -12 16 15 -15 18 -18 -1
right_child=-2 2 3 4 -6 6 7 -9 -10 -11 11 -13 -14 14 -16 -17 17 -19 -20
leaf_value=-6.9697229333944474e-05 -0.0012344455943308224 -0.0019244061558718695 -0.0025029800222143082 -0.0016203648298797938 0.0027709526116785127 0.0021894827425518694 0.0052734339634152739 0.00054258089405333589 -0.0012191491106882104 0.0010408385654896934 -0.0012131472115530213 0.00037302154548611566 -0.0039995732103744724 -0.00046240136925026592 -0.002785597653245207 0.0025769717637604251 0.0048560129621986045 -0.00034406031964575722 0.000276139064250086
leaf_weight=45183 434 422 498 317 300 405 413 324 433 507 301 551 303 1610 597 331 326 781 10082
leaf_count=45183 434 422 498 317 300 405 413 324 433 507 301 551 303 1610 597 331 326 781 10082
internal_value=-1.58014e-05 -7.49647e-06 0.000414293 -0.000833053 0.000514798 0.00096972 0.00172227 0.00319366 0.000428221 -0.000306129 -3.29099e-05 -0.00118744 -0.00261097 -1.02739e-05 -0.000612486 5.59049e-05 1.68391e-05 0.00118731 -6.60628e-06
internal_weight=64118 63684 3619 1115 617 2504 1575 737 838 929 60065 1155 604 58910 2538 1941 56372 1107 55265
internal_count=64118 63684 3619 1115 617 2504 1575 737 838 929 60065 1155 604 58910 2538 1941 56372 1107 55265
is_linear=0
shrinkage=0.12


Tree=207
num_leaves=20
num_cat=0
split_feature=66 12 41 28 20 1 66 63 61 54 41 61 58 66 54 50 62 63 63
split_gain=0.0455281 0.143771 0.155265 0.124968 0.139319 0.100863 0.0647237 0.0767095 0.0587717 0.0561523 0.0510941 0.117204 0.0486628 0.0525913 0.289738 0.164132 0.070291 0.138224 0.114192
threshold=11.726041793823244 2.4453499317169194 0.10185549035668374 53.173212051391609 38.419950485229499 6.1114499568939218 11.792708396911623 7.8679490089416513 5.6281249523162851 0.0028228660812601451 0.027162255719304088 0.46562500298023229 10.160957336425783 11.673958301544191 -0.10103613883256911 0.12870636582374576 -0.70067584514617909 4.6931972503662118 15.853727817535402
decision_type=2 2 2 2 2 2 2 2 2 2 2 2 2 2 2 2 2 2 2
left_child=10 2 -2 4 -3 -5 7 -7 -8 -4 11 -1 13 16 -15 -16 17 -12 -18
right_child=1 3 9 5 -6 6 8 -9 -10 -11 12 -13 -14 14 15 -17 18 -19 -20
leaf_value=-0.00034934142687863924 0.00034680792577239833 0.0029053911620409772 -0.0040079793550284503 -0.0021590918404999267 -0.00050319410926116586 -0.00012254100880230856 -0.00019042309900201346 -0.0020463078222498457 0.0012543962922037554 -0.0016976808692284737 -0.00069095726592806404 0.0027766549121738681 -0.0013480708079584912 0.0034488769989625724 -0.0021266654857434331 0.0003949568657026984 5.2218384847098166e-05 3.7686099815231152e-05 0.0022976212585320141
leaf_weight=390 344 393 301 393 308 951 1029 435 669 305 5886 310 381 412 425 2964 37567 10326 329
leaf_count=390 344 393 301 393 308 951 1029 435 669 305 5886 310 381 412 425 2964 37567 10326 329
internal_value=-1.39052e-05 -0.000356867 -0.00168936 -5.38829e-05 0.00140775 -0.000348564 -0.000117845 -0.000726321 0.000378826 -0.00284521 1.59084e-05 0.00103503 3.66991e-06 1.25634e-05 0.00044403 7.8731e-05 -1.77464e-05 -0.000226858 7.17122e-05
internal_weight=64118 5128 950 4178 701 3477 3084 1386 1698 606 58990 700 58290 57909 3801 3389 54108 16212 37896
internal_count=64118 5128 950 4178 701 3477 3084 1386 1698 606 58990 700 58290 57909 3801 3389 54108 16212 37896
is_linear=0
shrinkage=0.12


Tree=208
num_leaves=19
num_cat=0
split_feature=53 28 71 66 66 71 78 54 63 54 78 55 75 78 53 50 51 50
split_gain=0.0396904 0.0429774 0.1979 0.256021 0.105103 0.0495766 0.153446 0.230121 0.215667 0.179237 0.121711 0.194942 0.182272 0.114604 0.13731 0.0987104 0.0916591 0.0719204
threshold=3.1374999284744267 130.01310729980472 43.500000000000007 11.607291698455812 7.3781249523162851 86.500000000000014 -6.1949117183685294 0.17841352522373202 3.0681569576263432 -0.22042333334684369 -0.90956342220306385 0.34401686489582067 4.5000000000000009 -0.12491628155112265 1.9781250357627871 -0.031888583675026887 0.17039776593446734 0.40150670707225805
decision_type=2 2 2 2 2 2 2 2 2 2 2 2 2 2 2 2 2 2
left_child=1 5 4 -4 -3 10 7 8 -7 -8 11 12 -1 14 -12 -11 -15 -9
right_child=-2 2 3 -5 -6 6 9 17 -10 15 13 -13 -14 16 -16 -17 -18 -19
leaf_value=-6.6139427013959618e-05 0.00129444969424701 -0.00025171287065612409 0.0025286013448181637 -0.0016422797304628531 -0.0031090868439387119 -0.00097462175542247149 -0.0023653020789156831 0.001822675752856987 -0.0042583151774141757 -0.0014596393772239784 -0.0031997128671072479 0.0028069329499804696 0.0015066600125740951 0.00014543767860042246 -0.00040617262643332383 0.00011182151490963995 -0.00024752532617199497 -0.00062487224616482524
leaf_weight=3963 333 302 467 388 480 797 463 337 451 604 337 511 1449 27144 1021 12240 12476 355
leaf_count=3963 333 302 467 388 480 797 463 337 451 604 337 511 1449 27144 1021 12240 12476 355
internal_value=-1.22366e-05 -1.90584e-05 -0.000625978 0.000635851 -0.0020056 -3.07189e-06 -0.000191049 -0.00118807 -0.00216128 -4.56949e-05 5.80374e-05 0.000566501 0.000354959 -1.54564e-05 -0.00109941 3.79222e-05 2.1697e-05 0.000567069
internal_weight=64118 63785 1637 855 782 62148 15247 1940 1248 13307 46901 5923 5412 40978 1358 12844 39620 692
internal_count=64118 63785 1637 855 782 62148 15247 1940 1248 13307 46901 5923 5412 40978 1358 12844 39620 692
is_linear=0
shrinkage=0.12


Tree=209
num_leaves=38
num_cat=0
split_feature=62 19 50 47 72 69 61 78 58 41 89 34 54 78 12 41 47 12 32 41 65 47 86 0 51 66 34 66 58 69 75 89 78 24 29 51 34
split_gain=0.0411598 0.161659 0.171572 0.115485 0.0817068 0.0847018 0.0821438 0.0772993 0.0726357 0.0597332 0.140025 0.451985 0.493397 0.404682 0.118934 0.117854 0.146312 0.136642 0.233399 0.132038 0.111262 0.0913317 0.0753429 0.248334 0.189814 0.184424 0.265954 0.194364 0.160226 0.0896676 0.235259 0.438444 0.253335 0.135185 0.132141 0.0941503 0.05094
threshold=4.6552038192749032 0.24270833283662799 0.21672917157411578 0.083142027258873 23.081250190734867 13.500000000000002 13.668750286102297 1.1110543012619021 -1.3431398868560789 0.068468317389488234 0.37500000000000006 0.97701427340507518 -0.25219973921775812 4.1626570224761972 3.422549962997437 0.060651859268546111 0.23365797102451327 1.3000000119209292 69.770629882812514 0.063471745699644103 42.500000000000007 0.10517213493585588 1.0000000180025095e-35 33.665250778198249 0.036856327205896385 6.3843748569488534 0.81524285674095165 4.2656250000000009 1.0000000180025095e-35 9.5000000000000018 3.5000000000000004 0.37500000000000006 19999947.000000004 2.4458684921264653 54.66841125488282 0.56501737236976635 0.7142428755760194
decision_type=2 2 2 2 2 2 2 2 2 2 2 2 2 2 2 2 2 2 2 2 2 2 2 2 2 2 2 2 2 2 2 2 2 2 2 2 2
left_child=9 2 -2 7 5 8 -6 -3 -5 10 11 14 -13 -14 20 17 19 18 -12 -17 -1 -19 29 24 -24 27 -27 -25 -26 30 32 -32 -11 34 -31 -35 -16
right_child=1 3 -4 4 6 -7 -8 -9 -10 22 15 12 13 -15 36 16 -18 21 -20 -21 -22 -23 23 25 28 26 -28 -29 -30 33 31 -33 -34 35 -36 -37 -38
leaf_value=-0.00028755096252110174 -0.0034340843229821124 0.00013869621268761047 7.8552836415792248e-05 -0.00066124482722907307 0.002670707141327419 -0.0017060308402798211 0.00011159538644992651 -0.0024311063777310228 0.0018998393546349392 -0.00024808260564753619 0.00037566713194401506 -0.0017551073625012576 0.0052891257966707385 0.0015080090093741462 8.4106216940526914e-05 0.0031526282312358531 -0.001430656306462687 -0.00085077498548037753 -0.0040821136916692922 0.00048648851841209698 -0.0025494798845128071 0.00033431066560573995 -0.0023118478267044212 0.0010970674990116445 0.00024032746904908888 9.1150545639017045e-06 0.0028003993869848741 -0.0026090587879599942 -0.0018585748257359169 -0.0030351653384997146 -0.0022190138231732224 0.00032109890473684644 0.0018201443080270532 3.8417844171682327e-05 -0.0003105050599388051 0.0018825775100526191 0.0018315519252792001
leaf_weight=908 456 311 357 306 413 325 321 368 333 8659 319 400 650 1093 883 417 327 1568 360 746 478 2325 538 538 5487 778 1335 328 579 398 2302 1702 946 25409 720 405 330
leaf_count=908 456 311 357 306 413 325 321 368 333 8659 319 400 650 1093 883 417 327 1568 360 746 478 2325 538 538 5487 778 1335 328 579 398 2302 1702 946 25409 720 405 330
internal_value=-1.07682e-05 -0.000430954 -0.00189163 6.86399e-05 0.000597568 -0.000128791 0.00155153 -0.00125407 0.000673405 1.12314e-05 0.000267156 0.000755604 0.0020458 0.00291806 -0.000308222 -0.000114933 0.000811907 -0.000416987 -0.00198781 0.00144245 -0.00106764 -0.000143011 -4.39319e-05 0.000258673 -0.000151607 0.0011682 0.00177266 -0.000306639 3.99871e-05 -0.000115461 -0.000366518 -0.00113928 -4.43822e-05 1.14007e-05 -0.00128046 6.73512e-05 0.000559504
internal_weight=64118 3190 813 2377 1698 964 734 679 639 60928 10804 4742 2143 1743 2599 6062 1490 4572 679 1163 1386 3893 50124 9583 6604 2979 2113 866 6066 40541 13609 4004 9605 26932 1118 25814 1213
internal_count=64118 3190 813 2377 1698 964 734 679 639 60928 10804 4742 2143 1743 2599 6062 1490 4572 679 1163 1386 3893 50124 9583 6604 2979 2113 866 6066 40541 13609 4004 9605 26932 1118 25814 1213
is_linear=0
shrinkage=0.12


Tree=210
num_leaves=24
num_cat=0
split_feature=2 59 31 51 70 22 53 22 45 51 89 66 24 50 12 13 69 45 58 41 31 53 94
split_gain=0.120622 0.181618 0.0851495 0.111199 0.113361 0.109399 0.228942 0.234413 0.235674 0.216558 0.334181 0.336652 0.188285 0.173914 0.138842 0.185827 0.16052 0.0972231 0.0786078 0.192798 0.0915683 0.14114 0.0854023
threshold=106.83499908447267 1.4916570186614992 0.62187498807907116 0.53567549586296093 24.500000000000004 1.3303500413894656 2.1468750238418584 1.5603666901588442 0.40312500298023229 0.072761800140142455 0.37500000000000006 10.814583301544191 4.8853030204772958 0.032353429123759277 2.2221499681472783 4.1864998340606698 12.500000000000002 0.55937498807907116 -73.264850616455064 0.14334326982498172 0.67812499403953563 2.1906249523162846 1.0000000180025095e-35
decision_type=2 2 2 2 2 2 2 2 2 2 2 2 2 2 2 2 2 2 2 2 2 2 2
left_child=1 -1 5 18 -5 9 7 8 -7 13 11 -11 -12 -2 15 -8 -16 -9 19 -4 21 -20 -22
right_child=2 -3 3 4 -6 6 14 17 -10 10 12 -13 -14 -15 16 -17 -18 -19 20 -21 22 -23 -24
leaf_value=-0.0037390686355087315 -0.00074376325472258031 5.0322069751094329e-05 0.0029188931386933885 -0.0024210277726258922 0.00020907421246201324 0.00011313423540029591 -2.1033475084392274e-05 0.00026952351662252886 0.0047443137175123403 -0.0011422548850171083 -0.0027860650292455425 -0.0058025383679532853 0.00025616941043652683 0.0026755615929324014 0.00023441013899911929 -0.0035177333335127004 -0.0011777194193455013 -0.00068424292487347192 -6.5669336718961183e-05 -0.0010049090593412229 3.2315245870400609e-05 0.0011284222171664725 -0.00063669036652585099
leaf_weight=321 486 421 435 526 428 313 368 7247 320 483 378 415 1302 383 2298 540 2339 1954 3041 308 34039 2683 2989
leaf_count=321 486 421 435 526 428 313 368 7247 320 483 378 415 1302 383 2298 540 2339 1954 3041 308 34039 2683 2989
internal_value=-6.79141e-05 -0.00158902 -5.00767e-05 4.05183e-05 -0.00124107 -0.000263975 -0.000127025 0.000220644 0.00245433 -0.00087499 -0.00142722 -0.00329595 -0.000428333 0.000763258 -0.000743612 -0.00210057 -0.000477898 6.69738e-05 6.8628e-05 0.00129234 4.73608e-05 0.000494035 -2.16887e-05
internal_weight=64017 742 63275 44449 954 18826 15379 9834 633 3447 2578 898 1680 869 5545 908 4637 9201 43495 743 42752 5724 37028
internal_count=64017 742 63275 44449 954 18826 15379 9834 633 3447 2578 898 1680 869 5545 908 4637 9201 43495 743 42752 5724 37028
is_linear=0
shrinkage=0.12


Tree=211
num_leaves=16
num_cat=0
split_feature=2 78 28 63 28 47 2 53 72 66 54 19 16 23 66
split_gain=0.0934094 0.138052 0.0659398 0.102781 0.0891208 0.130027 0.234526 0.129524 0.109598 0.177857 0.166732 0.0733018 0.0747354 0.0606493 0.0567763
threshold=106.83499908447267 5.5047144889831552 61.164560317993171 -1.0000000180025095e-35 55.632085800170906 0.1516184285283089 233.879997253418 2.3781249523162846 7.7562499046325692 7.3093750476837167 -0.12698950618505475 0.44062499701976782 14.732737064361574 9.3207998275756854 11.732291698455812
decision_type=2 2 2 2 2 2 2 2 2 2 2 2 2 2 2
left_child=1 -1 3 -2 8 7 -7 -6 9 -5 -10 12 13 14 -4
right_child=2 -3 11 4 5 6 -8 -9 10 -11 -12 -13 -14 -15 -16
leaf_value=0.00042061833489450616 0.0018138333128011042 -0.0028712537955753958 6.5181665861442425e-05 0.00013181157747705038 -0.00060671797408360208 -0.0038645756851651523 -0.0006845518657623644 0.0017500765686940952 -0.0018774836406448921 0.0030619679815311615 -0.00020561088353064541 0.0015577300268699937 -0.001319135575005586 0.0015072669244041558 -0.00044409774573707622
leaf_weight=332 347 410 39580 4815 1965 468 1166 405 957 318 8385 451 592 401 3425
leaf_count=332 347 410 39580 4815 1965 468 1166 405 957 318 8385 451 592 401 3425
internal_value=-5.97644e-05 -0.00139834 -4.40675e-05 -0.000232298 -0.000270721 -0.000771785 -0.00159535 -0.000203975 -0.000132119 0.000313341 -0.000376879 3.56561e-05 2.00541e-05 3.83189e-05 2.46217e-05
internal_weight=64017 742 63275 18826 18479 4004 1634 2370 14475 5133 9342 44449 43998 43406 43005
internal_count=64017 742 63275 18826 18479 4004 1634 2370 14475 5133 9342 44449 43998 43406 43005
is_linear=0
shrinkage=0.12


Tree=212
num_leaves=22
num_cat=0
split_feature=2 6 32 22 47 69 81 6 16 23 49 50 55 54 41 15 76 33 41 62 32
split_gain=0.0723363 0.133317 0.0510638 0.0863663 0.112078 0.325528 0.118375 0.0923411 0.141808 0.0576745 0.234957 0.143483 0.131348 0.189518 0.221423 0.131811 0.231283 0.108235 0.107756 0.105352 0.0701836
threshold=106.83499908447267 3.415449976921082 61.164560317993171 3.975775003433228 0.052969403564929969 7.5000000000000009 0.36122988164424902 8.5468001365661639 4.4974780082702646 7.1879749298095712 1.2531250119209292 -0.076739706099033342 0.42383837699890142 0.085635110735893263 0.14964322000741961 8.5591588020324725 0.11002127826213838 0.24005771428346637 0.35644863545894628 -51.485525131225579 75.917819976806655
decision_type=2 2 2 2 2 2 2 2 2 2 2 2 2 2 2 2 2 2 2 2 2
left_child=1 -1 3 4 5 -2 -7 8 -6 12 17 -12 15 14 -14 18 -17 -11 -4 -13 -19
right_child=2 -3 9 -5 7 6 -8 -9 -10 10 11 19 13 -15 -16 16 -18 20 -20 -21 -22
leaf_value=0.00072187945744954052 -0.0035815586513240345 -0.0025557112112166817 -0.00011783253879449342 0.0015863224584027192 0.00098465353595900184 -0.0007373786460993869 0.0017013686679810242 -0.0017231052517010942 -0.00020164233605063093 -0.0035177226642365447 0.002563179616792791 0.0019102680275119061 0.00081998647673063422 -0.00058740205516910344 0.0049321253748594298 -0.0014743168162953337 0.00094280749297328929 -0.00016026292450829792 0.0008018058581715714 -0.00014171423522338757 -0.0022229028346160218
leaf_weight=300 547 442 22707 380 1618 1348 364 508 14061 347 304 372 472 468 314 655 4395 552 1996 11450 417
leaf_count=300 547 442 22707 380 1618 1348 364 508 14061 347 304 372 472 468 314 655 4395 552 1996 11450 417
internal_value=-5.25927e-05 -0.00123054 -3.87794e-05 -0.000204423 -0.000241313 -0.00103311 -0.00021886 -0.000130812 -7.92221e-05 3.13774e-05 -0.000176229 -1.09518e-05 0.000121378 0.00132442 0.00246275 7.06733e-05 0.000629299 -0.00169914 -4.35258e-05 -7.7145e-05 -0.0010479
internal_weight=64017 742 63275 18826 18446 2259 1712 16187 15679 44449 13442 12126 31007 1254 786 29753 5050 1316 24703 11822 969
internal_count=64017 742 63275 18826 18446 2259 1712 16187 15679 44449 13442 12126 31007 1254 786 29753 5050 1316 24703 11822 969
is_linear=0
shrinkage=0.12


Tree=213
num_leaves=27
num_cat=0
split_feature=2 59 62 57 66 65 59 33 55 53 13 53 0 59 13 28 53 36 55 8 7 20 81 0 81 13
split_gain=0.0560172 0.12998 0.0501843 0.0915898 0.155758 0.301171 0.243479 0.275554 0.105272 0.0798993 0.137538 0.155886 0.346622 0.119432 0.127427 0.0955032 0.0911853 0.136672 0.245368 0.202139 0.079594 0.0900469 0.0778814 0.171248 0.147808 0.073831
threshold=106.83499908447267 1.4916570186614992 -0.56964761018753041 0.41562499105930334 7.5906250476837167 31.500000000000004 3.0748336315155034 0.40291054546833044 0.21000351756811145 2.5031249523162846 4.5637500286102304 2.5593750476837163 45.750400543212898 4.0421559810638437 3.3723000288009648 68.541191101074233 2.4468749761581425 37.413415908813484 0.12505184859037402 7.7128715515136728 5.9460000991821298 17.212137222290043 10.642937183380129 49.713600158691413 4.3605713844299325 1.002799987792969
decision_type=2 2 2 2 2 2 2 2 2 2 2 2 2 2 2 2 2 2 2 2 2 2 2 2 2 2
left_child=1 -1 3 8 6 -6 -5 -8 20 16 13 12 -12 14 -11 -13 22 18 -18 -19 21 -2 24 -24 -4 -7
right_child=2 -3 9 4 5 25 7 -9 -10 10 11 15 -14 -15 -16 -17 17 19 -20 -21 -22 -23 23 -25 -26 -27
leaf_value=-0.0029017629142509007 0.0017613250248994529 0.00030397298822130769 3.5396012420154773e-05 -0.001010929002771842 -0.0036620141875402853 -0.0015303903754887492 0.0038551287458525015 -0.00030462050658291366 -0.0030545312112166697 2.4348381501894492e-05 0.0049284475783020884 0.0020395566364750269 0.00026896851842257485 0.0013134691638550756 -0.0026073115142429765 9.4147699816833909e-05 0.00026066471373585462 -0.00084022810560344607 -0.0040423087074853269 0.0024640158833663431 -0.0019665447239017413 -0.0011477981891836431 -7.5372552449724316e-06 0.0033604427986210794 -0.0016150022242705745 -0.00010616482438529829
leaf_weight=321 302 421 33642 528 359 541 576 381 320 596 394 435 552 387 477 2207 354 1185 414 344 358 311 678 320 800 16814
leaf_count=321 302 421 33642 528 359 541 576 381 320 596 394 435 552 387 477 2207 354 1185 414 344 358 311 678 320 800 16814
internal_value=-4.62816e-05 -0.00108288 -3.41259e-05 -0.000188553 -0.000122763 -0.000221726 0.00105773 0.00219905 -0.00116694 3.98303e-05 0.000488195 0.000887756 0.0022096 -0.000493742 -0.00114555 0.000414455 -2.01465e-05 -0.000752847 -0.00205891 -9.68272e-05 -0.000544869 0.000285408 2.73426e-05 0.00107238 -2.93854e-06 -0.000150562
internal_weight=64017 742 63275 20490 19199 17714 1485 957 1291 42785 5048 3588 946 1460 1073 2642 37737 2297 768 1529 971 613 35440 998 34442 17355
internal_count=64017 742 63275 20490 19199 17714 1485 957 1291 42785 5048 3588 946 1460 1073 2642 37737 2297 768 1529 971 613 35440 998 34442 17355
is_linear=0
shrinkage=0.12


Tree=214
num_leaves=21
num_cat=0
split_feature=2 58 71 15 81 57 59 89 34 62 7 49 66 49 12 12 57 57 2 2
split_gain=0.044671 0.186506 0.271465 0.200593 0.134399 0.343298 0.312417 0.16321 0.055605 0.0494943 0.0933717 0.0844487 0.182728 0.104473 0.0841454 0.300313 0.285046 0.199561 0.188988 0.0902763
threshold=121.90499877929689 -0.36578701436519617 39.500000000000007 8.7249813079834002 0.21720560640096667 5.1031248569488534 3.1385525465011601 0.62500000000000011 1.2868999838829043 -0.54526510834693898 0.25030000507831579 1.3906250000000002 11.663281440734865 1.2218750119209292 1.6686499714851382 1.9239500164985659 2.2562500238418584 8.8562502861022967 169.28499603271487 202.98000335693362
decision_type=2 2 2 2 2 2 2 2 2 2 2 2 2 2 2 2 2 2 2 2
left_child=1 4 3 -3 -1 6 -6 -8 9 14 -11 13 -13 -12 17 16 -16 18 -2 -17
right_child=8 2 -4 -5 5 -7 7 -9 -10 10 11 12 -14 -15 15 19 -18 -19 -20 -21
leaf_value=-0.0019130090965790267 -0.0025901966301450394 -0.0018798716216721835 -0.0036560458854512164 0.0015102762363584346 -0.003169925261658978 0.0044388923555093458 0.0030725494509924599 -0.00040166783376896221 0.0014611928477031571 0.0016577470892555576 8.7537616535878136e-05 0.0003117951812776143 -0.00064248597287457499 -0.0005173673666985936 -0.00046549502523875641 -0.00094042676754691032 0.0037225525174543693 0.0020554990838663797 -0.0004148118417444792 -9.218060603377697e-05
leaf_weight=303 850 535 523 474 335 305 363 420 364 513 9370 20155 3373 7326 401 2082 562 320 1778 13665
leaf_count=303 850 535 523 474 335 305 363 420 364 513 9370 20155 3373 7326 401 2082 562 320 1778 13665
internal_value=-4.07278e-05 -0.000473616 -0.00143732 -0.000287275 0.000381767 0.000870395 -0.000103122 0.00120898 -1.75156e-05 -2.64277e-05 4.90352e-05 2.85183e-05 0.000174988 -0.000177887 -0.000182808 -7.85282e-05 0.00197862 -0.000773895 -0.00111842 -0.000204332
internal_weight=64017 3258 1532 1009 1726 1423 1118 783 60759 60395 40737 40224 23528 16696 19658 16710 963 2948 2628 15747
internal_count=64017 3258 1532 1009 1726 1423 1118 783 60759 60395 40737 40224 23528 16696 19658 16710 963 2948 2628 15747
is_linear=0
shrinkage=0.12


Tree=215
num_leaves=16
num_cat=0
split_feature=2 58 47 41 89 47 11 41 29 41 62 28 78 28 49
split_gain=0.0862672 0.154563 0.167562 0.242171 0.194436 0.372665 0.175688 0.148536 0.0567436 0.148359 0.0561262 0.0491671 0.131358 0.072831 0.0533338
threshold=142.98999786376956 0.57754147052764904 0.33791489899158483 0.054697275161743171 1.0000000180025095e-35 0.12420542165637018 1.0000000180025095e-35 0.083651907742023482 -28.914446830749508 0.083071164786815657 -76.322326660156236 15.675339698791506 15.388729095458986 24.281408309936527 1.3968749642372134
decision_type=2 2 2 2 2 2 2 2 2 2 2 2 2 2 2
left_child=1 2 3 6 5 -5 -1 -6 9 -2 -10 12 -12 -13 -15
right_child=8 -3 -4 4 7 -7 -8 -9 10 -11 11 13 -14 14 -16
leaf_value=-0.00012089997603501728 -0.0027202567962090001 0.0026418638298002619 0.0022015480837095916 -0.0043041909460496807 -0.0011363718392880548 0.00042055021813139316 0.0031128216775467743 0.00063153749633131865 -0.0013367270449567517 0.00045787411297854578 -0.0021551198835531773 0.0013846252280350412 0.00053903209508160193 -0.00017442638037359101 6.9793194320639414e-05
leaf_weight=422 396 421 576 463 985 500 567 2242 473 454 534 535 509 20672 34147
leaf_count=422 396 421 576 463 985 500 567 2242 473 454 534 535 509 20672 34147
internal_value=-3.93675e-06 0.000422325 0.000259958 4.40173e-05 -0.00035465 -0.00185105 0.00173301 9.1906e-05 -4.95465e-05 -0.00102276 -3.50005e-05 -2.40829e-05 -0.000840332 -8.70288e-06 -2.23009e-05
internal_weight=63896 6176 5755 5179 4190 963 989 3227 57720 850 56870 56397 1043 55354 54819
internal_count=63896 6176 5755 5179 4190 963 989 3227 57720 850 56870 56397 1043 55354 54819
is_linear=0
shrinkage=0.12


Tree=216
num_leaves=22
num_cat=0
split_feature=50 50 71 51 51 72 61 72 47 1 2 1 29 47 66 65 34 69 33 11 51
split_gain=0.0696175 0.243123 0.187064 0.142765 0.202193 0.154082 0.243067 0.220201 0.148687 0.207656 0.169779 0.131601 0.0888327 0.21954 0.209429 0.218615 0.197185 0.093185 0.079117 0.156669 0.0658972
threshold=0.088517595082521452 0.093769513070583357 146.50000000000003 0.28257952630519872 0.25410956144332891 16.618749618530277 5.4562499523162851 18.968750000000004 0.26561264693737036 10.746699810028078 137.629997253418 8.4372501373291033 45.677238464355476 0.040297839790582664 11.632291793823244 38.500000000000007 1.0687571763992312 2.5000000000000004 0.31163682043552404 1.0000000180025095e-35 0.59867665171623241
decision_type=2 2 2 2 2 2 2 2 2 2 2 2 2 2 2 2 2 2 2 2 2
left_child=2 -2 3 4 5 6 -1 -7 9 11 -11 -5 13 -3 15 -15 -16 -14 19 -19 -20
right_child=1 12 -4 8 -6 7 -8 -9 -10 10 -12 -13 17 14 16 -17 -18 18 20 -21 -22
leaf_value=0.00021660888316310214 -0.0026974690759026848 -0.0032200265518710662 0.0023871818398953693 0.00031405050993472191 -0.002165961284441127 -0.0024094808242291275 0.0034986580061906972 -0.00013543249987894309 0.0034309253947116779 -0.00054522221233251045 0.002802256887948087 -0.0026794939066138732 0.0018832300382169913 0.00016364652406323192 -0.00019979967066523181 -0.0014913885908888367 0.0036353608051068187 -0.0005818369866464327 -6.1932637934441386e-05 0.0018615146131029227 0.001322415991412291
leaf_weight=10816 507 396 542 670 599 744 335 3487 314 311 731 309 379 2492 429 2133 351 653 36299 897 502
leaf_count=10816 507 396 542 670 599 744 335 3487 314 311 731 309 379 2492 429 2133 351 653 36299 897 502
internal_value=-3.46434e-06 -8.4516e-05 0.000190109 0.000125094 -2.96762e-06 8.12629e-05 0.000315209 -0.000535312 0.00100156 0.000624115 0.00180315 -0.000630797 -5.47667e-05 -0.000492701 -0.000292882 -0.000599638 0.00152602 1.08273e-05 -7.67649e-06 0.000832154 -4.30488e-05
internal_weight=63896 45038 18858 18316 15981 15382 11151 4231 2335 2021 1042 979 44531 5801 5405 4625 780 38730 38351 1550 36801
internal_count=63896 45038 18858 18316 15981 15382 11151 4231 2335 2021 1042 979 44531 5801 5405 4625 780 38730 38351 1550 36801
is_linear=0
shrinkage=0.12


Tree=217
num_leaves=21
num_cat=0
split_feature=2 58 78 0 65 78 61 58 62 59 55 29 5 5 5 13 13 33 53 29
split_gain=0.0641315 0.121885 0.11929 0.219139 0.222792 0.20414 0.193538 0.0684032 0.0505271 0.181043 0.197517 0.0640581 0.100624 0.176766 0.0661527 0.110771 0.167351 0.060647 0.188678 0.0688738
threshold=142.98999786376956 0.57754147052764904 -0.76377806067466725 3.910850048065186 44.500000000000007 1.7897306680679324 1.4281249642372134 -1.9831709861755369 8.8184928894042987 4.5431604385375985 0.15778504312038424 -22.068667411804196 3.4033999443054204 2.3550499677658085 3.6254500150680546 4.8749001026153573 2.5722999572753911 0.19212525337934497 2.4156249761581425 4.3132436275482187
decision_type=2 2 2 2 2 2 2 2 2 2 2 2 2 2 2 2 2 2 2 2
left_child=1 2 6 -4 5 -5 -1 -8 11 10 -10 12 13 -2 17 16 -16 18 -13 -19
right_child=8 -3 3 4 -6 -7 7 -9 9 -11 -12 14 -14 -15 15 -17 -18 19 -20 -21
leaf_value=-0.000846100550771287 -0.0021928788097004578 0.002335468132117699 -0.0029359947694718594 -0.0016148414392936133 -0.0028788700417146846 0.00078173589620333874 0.0014468419726433672 0.0039926092594851368 0.003402126318300577 -0.0010088574045944846 -0.0004854135465965912 0.0012299048943964959 -0.0027956006710172011 0.0014395448677543309 0.0019230730091106298 0.0023278999088526082 -0.0017943641452590558 -0.00057719094558407891 -0.0015466390221708099 -4.6883838191019805e-05
leaf_weight=339 359 421 345 598 314 3551 301 307 472 536 313 1529 311 417 323 450 379 3804 458 48369
leaf_count=339 359 421 345 598 314 3551 301 307 472 536 313 1529 311 417 323 450 379 3804 458 48369
internal_value=-3.04862e-06 0.000364479 0.000220293 -2.21744e-05 0.000203071 0.000436315 0.00145132 0.00273229 -4.23738e-05 0.000691235 0.00185206 -5.95567e-05 -0.000971835 -0.000240919 -4.16284e-05 0.000858198 -8.39194e-05 -6.0768e-05 0.000589916 -8.55492e-05
internal_weight=63896 6176 5755 4808 4463 4149 947 608 57720 1321 785 56399 1087 776 55312 1152 702 54160 1987 52173
internal_count=63896 6176 5755 4808 4463 4149 947 608 57720 1321 785 56399 1087 776 55312 1152 702 54160 1987 52173
is_linear=0
shrinkage=0.12


Tree=218
num_leaves=29
num_cat=0
split_feature=53 45 13 71 57 57 41 65 75 61 5 71 53 1 19 2 46 2 58 54 72 74 88 54 54 58 76 5
split_gain=0.0626608 0.19279 0.232856 0.161231 0.297662 0.204747 0.166549 0.152005 0.127707 0.376225 0.291042 0.135435 0.117962 0.356212 0.15045 0.159395 0.153019 0.147087 0.138823 0.109187 0.107309 0.372343 0.443916 0.106986 0.0879941 0.113144 0.085617 0.0647129
threshold=2.0093749761581425 0.51562500000000011 2.5722999572753911 112.50000000000001 6.2531249523162851 4.6843750476837167 0.41471789777278906 36.500000000000007 2.5000000000000004 0.37812499701976782 1.3874499797821047 75.500000000000014 2.0656249523162846 17.798049926757816 0.24270833283662799 246.02500152587893 0.18880694359540942 105.59999847412111 -24.822199821472164 0.0052576772868633279 4.2281248569488534 3.5000000000000004 1.0000000180025095e-35 0.23951611667871478 -0.27930817008018488 -51.177350997924798 0.86575314402580272 2.1014999151229863
decision_type=2 2 2 2 2 2 2 2 2 2 2 2 2 2 2 2 2 2 2 2 2 2 2 2 2 2 2 2
left_child=1 3 7 4 5 6 -1 27 9 19 23 -12 13 14 15 -2 -16 -14 -18 -4 21 26 -23 -10 -22 -26 -19 -3
right_child=12 2 8 -5 -6 -7 -8 -9 10 -11 11 -13 17 -15 16 -17 18 20 -20 -21 24 22 -24 -25 25 -27 -28 -29
leaf_value=0.00030585691017667504 -0.0033042042300861219 -1.633469731243123e-05 -8.6094615707302725e-06 0.0024761650870031488 -0.0024882169690248995 0.0030851764281724569 -0.0023553640763054203 -0.0042530425288817278 0.0042508320608591237 -0.0036520986000648397 -0.0016407077810688037 0.00076659938526673483 0.0023148805444846705 0.0041884003679516207 0.0031774819720271595 0.00027567998639687464 -0.0019900062699608578 0.0004591918990412585 0.0007703457560684486 -0.0012372986804570444 0.0015854780481751802 0.00067057801694496292 0.0051149741561135765 0.001059306500150378 -0.00092801496985274164 -3.1591548024769725e-05 -0.001393154002651824 -0.0024487243081549055
leaf_weight=6263 303 328 3855 433 592 364 358 368 303 545 716 635 396 382 327 438 303 590 1956 1427 462 1103 458 302 2144 37323 919 303
leaf_count=6263 303 328 3855 433 592 364 358 368 303 545 716 635 396 382 327 438 303 590 1956 1427 462 1103 458 302 2144 37323 919 303
internal_value=-2.68279e-06 -0.000201713 -0.000590036 0.000224035 9.53334e-05 0.000314297 0.000161964 -0.00231476 -0.000368656 -0.000650285 0.000470325 -0.00050922 6.82692e-05 0.000717823 0.000319337 -0.00118816 0.0007513 1.27514e-05 0.000400099 -0.000340556 -8.45006e-06 0.000675218 0.00197457 0.00265771 -6.10149e-05 -8.02887e-05 -0.00066891 -0.00118434
internal_weight=63896 16792 8782 8010 7577 6985 6621 999 7783 5827 1956 1351 47104 3709 3327 741 2586 43395 2259 5282 42999 3070 1561 605 39929 39467 1509 631
internal_count=63896 16792 8782 8010 7577 6985 6621 999 7783 5827 1956 1351 47104 3709 3327 741 2586 43395 2259 5282 42999 3070 1561 605 39929 39467 1509 631
is_linear=0
shrinkage=0.12


Tree=219
num_leaves=31
num_cat=0
split_feature=53 45 13 41 66 29 85 24 81 78 33 81 78 65 1 53 1 41 6 41 2 70 63 1 1 62 13 51 93 46
split_gain=0.0485245 0.149297 0.180323 0.137993 0.162471 0.180054 0.139615 0.16126 0.123594 0.10882 0.191981 0.184074 0.149457 0.148048 0.106989 0.0913498 0.275851 0.126123 0.123481 0.175115 0.113904 0.111972 0.0882141 0.0869176 0.286072 0.195398 0.16111 0.12615 0.0625969 0.0343802
threshold=2.0093749761581425 0.51562500000000011 2.5722999572753911 0.068468317389488234 6.8781249523162851 86.366504669189467 1.0000000180025095e-35 8.6618409156799334 0.22772970050573352 0.050527326762676246 0.26740805804729467 2.238064289093018 1.0854520201683047 44.500000000000007 3.6815999746322636 2.0656249523162846 17.798049926757816 0.059097686782479293 5.3481500148773202 0.14037507027387622 105.59999847412111 22.500000000000004 13.961037158966066 12.222400188446047 12.02769994735718 9.1193666458129901 3.5213500261306767 0.21015402674674991 1.0000000180025095e-35 0.21296739578247073
decision_type=2 2 2 2 2 2 2 2 2 2 2 2 2 2 2 2 2 2 2 2 2 2 2 2 2 2 2 2 2 2
left_child=1 3 8 4 29 -6 14 -8 28 10 -4 -12 -11 -14 -5 16 17 -2 21 -20 -17 -19 -16 24 26 27 -22 -25 -3 -1
right_child=15 2 9 6 5 -7 7 -9 -10 12 11 -13 13 -15 22 20 -18 18 19 -21 23 -23 -24 25 -26 -27 -28 -29 -30 -31
leaf_value=0.00085796368339978663 -0.0016165138792253756 -0.0021797792394210136 -0.0034440240158363205 -0.0022478372202005604 0.0048218209522511097 0.0007429114498585963 0.0032088007821592609 -0.00048512492122388149 -0.0039857366121785354 0.00239228475329308 -0.0022881479590316301 0.0018159476712028132 -0.00011626446342180368 -0.0023946872230822718 -0.00027681636263912932 0.0020370948825483071 0.0036857923164357875 0.0021969005764242242 -0.0026251319827520153 0.0012092116129104125 0.002798940400213694 0.0003914153123245281 0.0011963141469970796 -0.00045793776571898903 0.0030629805976830045 0.0023086676914790671 4.5900025409328725e-05 0.00028715509731618141 0.0001313200434823326 -0.00068370596202715342
leaf_weight=461 438 369 421 355 302 322 385 305 319 318 300 331 5972 441 4834 396 382 751 367 322 310 1449 666 13105 472 433 24318 4361 311 380
leaf_count=461 438 369 421 355 302 322 385 305 319 318 300 331 5972 441 4834 396 382 751 367 322 310 1449 666 13105 472 433 24318 4361 311 380
internal_value=-2.36085e-06 -0.000177508 -0.000519231 0.000197151 0.00124991 0.002717 -3.84938e-05 0.00157598 -0.00203698 -0.000324418 -0.00145941 -0.000135286 -0.000147027 -0.000272944 -0.000228756 6.00769e-05 0.000631684 0.000281017 0.000568701 -0.000833175 1.12213e-05 0.00100774 -9.84337e-05 -7.43605e-06 0.000136637 -0.000209472 8.05534e-05 -0.000271899 -0.00112279 0.000161371
internal_weight=63896 16792 8782 8010 1465 624 6545 690 999 7783 1052 631 6731 6413 5855 47104 3709 3327 2889 689 43395 2200 5500 42999 25100 17899 24628 17466 680 841
internal_count=63896 16792 8782 8010 1465 624 6545 690 999 7783 1052 631 6731 6413 5855 47104 3709 3327 2889 689 43395 2200 5500 42999 25100 17899 24628 17466 680 841
is_linear=0
shrinkage=0.12


Tree=220
num_leaves=23
num_cat=0
split_feature=81 14 15 81 47 76 76 66 8 67 65 50 55 72 72 53 50 68 22 46 1 29
split_gain=0.0718842 0.074007 0.14399 0.124884 0.171966 0.256984 0.144669 0.23862 0.123878 0.102122 0.172848 0.445356 0.157461 0.25577 0.123254 0.0903243 0.0886727 0.32087 0.156361 0.134984 0.206407 0.161085
threshold=56.032787322998054 0.69479998946189891 3.0212900638580327 8.3563375473022479 0.12246546894311906 0.6667085886001588 0.501579910516739 8.2281250953674334 4.5482680797576913 1.5000000000000002 26.500000000000004 0.31964714825153356 0.077633596956729903 12.103125095367433 22.056249618530277 2.0843750238418584 -0.079900059849023805 2.5000000000000004 0.94605001807212841 0.21602907776832583 15.208250045776369 16.092858314514164
decision_type=2 2 2 2 2 2 2 2 2 2 2 2 2 2 2 2 2 2 2 2 2 2
left_child=1 2 9 16 5 8 -6 -8 -5 10 15 -12 14 -14 -11 -1 17 18 -3 20 -18 -21
right_child=-2 3 -4 4 6 -7 7 -9 -10 12 11 -13 13 -15 -16 -17 19 -19 -20 21 -22 -23
leaf_value=-0.00013906589224609096 0.0018063051834473344 0.0020404101547901519 0.0021026418012575097 0.00062733670776829171 -0.00027788562920578124 0.0028668818043560947 -0.00034663028086594981 -0.0046939370820000496 -0.002522361187500371 -0.0017629056451815917 -0.0028748998598795692 0.0021944830818367493 0.0035310301598062703 0.00050915229348023059 0.00063213905639157 0.0016462155751045273 0.00067355320836663972 -0.0031928380961701469 -0.00040598509160065088 -0.0012204345452437903 -0.0010824829182235155 -2.0144433087251604e-05
leaf_weight=1690 316 420 594 328 488 348 306 448 398 709 902 345 445 4307 549 538 7594 570 3609 1685 1104 36207
leaf_count=1690 316 420 594 328 488 348 306 448 398 709 902 345 445 4307 549 538 7594 570 3609 1685 1104 36207
internal_value=8.86512e-07 -8.08606e-06 0.000290199 -6.42756e-05 -0.000926174 0.000185793 -0.00188773 -0.00292965 -0.00109936 0.000176695 -0.000341128 -0.00147238 0.000476102 0.000792135 -0.000717691 0.00029203 -2.52798e-05 -0.000527973 -0.000150963 2.43421e-05 0.000450667 -7.35195e-05
internal_weight=63900 63584 10079 53505 2316 1074 1242 754 726 9485 3475 1247 6010 4752 1258 2228 51189 4599 4029 46590 8698 37892
internal_count=63900 63584 10079 53505 2316 1074 1242 754 726 9485 3475 1247 6010 4752 1258 2228 51189 4599 4029 46590 8698 37892
is_linear=0
shrinkage=0.12


Tree=221
num_leaves=26
num_cat=0
split_feature=6 6 19 51 7 87 72 76 22 2 58 11 87 13 47 29 33 58 34 34 0 14 34 5 55
split_gain=0.0559543 0.212328 0.124857 0.101928 0.184185 0.154144 0.142187 0.283364 0.137799 0.249559 0.177826 0.203756 0.170072 0.260742 0.112242 0.0979725 0.0802127 0.0952343 0.0906541 0.107945 0.0741532 0.0976641 0.0705897 0.0687499 0.0551865
threshold=6.8849501609802255 6.6885499954223642 0.28645832836627966 0.21015402674674991 9.3116502761840838 0.37500000000000006 23.41874980926514 0.5545257329940797 2.0280333757400517 202.98000335693362 -0.3909438550472259 1.0000000180025095e-35 0.37500000000000006 2.4376000165939335 0.12420542165637018 26.172397613525394 0.033943118527531631 -76.276699066162095 1.3353571295738222 1.3240000009536745 9.7371997833251971 -0.54199999570846547 1.1135571599006655 2.8333499431610112 0.13538127392530444
decision_type=2 2 2 2 2 2 2 2 2 2 2 2 2 2 2 2 2 2 2 2 2 2 2 2 2
left_child=1 16 24 8 5 15 7 -6 10 -10 12 -12 13 -2 -13 -5 23 -18 19 -19 -11 -22 -14 -1 -3
right_child=3 2 -4 4 6 -7 -8 -9 9 20 11 14 22 -15 -16 -17 17 18 -20 -21 21 -23 -24 -25 -26
leaf_value=-0.0025899147695108695 0.0011651897016838016 6.9976779814242174e-05 -0.0032222161530364906 0.004612329017813774 0.0030867646085649355 -0.00015280158956765185 -0.0023047022024965695 -0.0012271115122184123 -0.0036012992541544935 -0.0018115042959024406 -0.0028173187941196685 0.0010883487647679732 -0.0013259633620535686 0.0050278263387206774 -0.0014093542619308165 0.0019051558792596475 -0.0016615807308895411 2.1199456243189412e-05 0.0015449813407549104 -0.0018116736087456498 -0.00079768429701571248 0.00051486548693271267 0.0011257709837039275 -0.00011203380040466211 -0.0019747985109803169
leaf_weight=320 1060 499 440 306 393 332 310 496 328 352 373 905 378 330 363 519 489 50280 556 467 1316 2150 306 325 307
leaf_count=320 1060 499 440 306 393 332 310 496 328 352 373 905 378 330 363 519 489 50280 556 467 1316 2150 306 325 307
internal_value=7.80131e-07 -4.8208e-05 -0.0015964 0.000258178 0.000950514 0.00203061 -9.17485e-05 0.000679923 5.06791e-05 -0.000424908 0.000581442 -0.000351919 0.00131994 0.00208222 0.000373312 0.00290927 -1.142e-05 5.14276e-06 2.10293e-05 4.33242e-06 -0.000152028 1.65056e-05 -0.000229135 -0.00134137 -0.000708864
internal_weight=63900 53683 1246 10217 2356 1157 1199 889 7861 4146 3715 1641 2074 1390 1268 825 52437 51792 51303 50747 3818 3466 684 645 806
internal_count=63900 53683 1246 10217 2356 1157 1199 889 7861 4146 3715 1641 2074 1390 1268 825 52437 51792 51303 50747 3818 3466 684 645 806
is_linear=0
shrinkage=0.12


Tree=222
num_leaves=29
num_cat=0
split_feature=66 55 53 13 55 10 57 8 65 34 33 53 33 23 49 66 33 49 24 75 28 23 7 34 7 55 19 57
split_gain=0.0553785 0.101654 0.105331 0.0528571 0.100356 0.177697 0.301256 0.325277 0.158827 0.0941966 0.143003 0.0866371 0.0766207 0.0699289 0.23746 0.163125 0.166494 0.124346 0.174448 0.159517 0.112544 0.0850119 0.116206 0.221978 0.0973838 0.13311 0.126855 0.097212
threshold=11.960937500000002 0.15236202627420428 2.3156249523162846 2.6960500478744511 0.079041097313165679 2.5000000000000004 0.56562501192092907 10.933978080749513 33.500000000000007 1.1320142745971682 0.28727886080741888 2.0156250000000004 0.34714189171791082 4.4194540977478036 1.2906250357627871 11.32656240463257 0.25419941544532781 1.8093749880790713 8.2424268722534197 2.5000000000000004 67.311752319335952 4.7325668334960946 5.8623998165130624 0.91890001296997081 5.70105004310608 0.080459959805011763 0.037499999627470977 2.6062499284744267
decision_type=2 2 2 2 2 2 2 2 2 2 2 2 2 2 2 2 2 2 2 2 2 2 2 2 2 2 2 2
left_child=3 2 -2 4 9 6 7 -6 -8 10 -1 -11 -12 14 15 20 -17 18 -16 -19 -5 22 27 -24 26 -26 -23 -15
right_child=1 -3 -4 13 5 -7 8 -9 -10 11 12 -13 -14 21 17 16 -18 19 -20 -21 -22 24 23 -25 25 -27 -28 -29
leaf_value=0.0016892372586617961 0.003171045816369792 -0.00049969230040271837 0.00019061307545160632 -0.00073452682260855321 0.0054347654827615272 -0.0019821717079965993 -0.0020293627923103769 0.00099959032702511257 0.00050347042883476002 -0.00022038602624772065 -0.0021598928626001533 -0.0029977729814345366 -0.00011796955578577372 0.00073844519260801147 -0.0007098898358690966 0.0041225030493077562 0.00079306949337478729 0.0018653987442557626 -0.0032602895187537929 -0.00072545279711575862 0.00077324078234603086 0.0024371465892864879 1.5813390883541076e-05 0.0034209771829567586 0.00033030421858928514 -0.0014099428356937884 3.0241130867654715e-06 -0.0013202004406741986
leaf_weight=573 361 492 324 1469 365 377 390 685 4152 327 324 320 1444 885 6928 302 762 598 409 800 1385 311 588 519 1040 1617 35626 527
leaf_count=573 361 492 324 1469 365 377 390 685 4152 327 324 320 1444 885 6928 302 762 598 409 800 1385 311 588 519 1040 1617 35626 527
internal_value=6.86512e-07 0.000816192 0.00176132 -1.46165e-05 0.000255277 0.000539469 0.000709472 0.00254134 0.000285988 -0.000312441 4.17683e-05 -0.00159405 -0.000492168 -5.95786e-05 -0.000306267 0.000469942 0.00173808 -0.000654428 -0.000852061 0.000382794 -2.83161e-06 1.63426e-05 0.000691768 0.00161227 -2.77419e-05 -0.000728777 2.40891e-05 -2.9902e-05
internal_weight=63900 1177 685 62723 8957 5969 5592 1050 4542 2988 2341 647 1768 53766 12653 3918 1064 8735 7337 1398 2854 41113 2519 1107 38594 2657 35937 1412
internal_count=63900 1177 685 62723 8957 5969 5592 1050 4542 2988 2341 647 1768 53766 12653 3918 1064 8735 7337 1398 2854 41113 2519 1107 38594 2657 35937 1412
is_linear=0
shrinkage=0.12


Tree=223
num_leaves=29
num_cat=0
split_feature=0 24 47 66 5 41 87 22 10 29 71 66 28 0 89 47 19 71 54 1 45 66 76 1 50 50 87 76
split_gain=0.0522114 0.147996 0.136456 0.177305 0.169879 0.222468 0.24297 0.16742 0.0962158 0.146686 0.120354 0.303075 0.134929 0.0880157 0.165145 0.0838941 0.0819016 0.0789064 0.0869047 0.0766647 0.0873232 0.0739317 0.0682953 0.065443 0.0703945 0.15239 0.140675 0.033271
threshold=76.639499664306655 3.64109218120575 0.2317764759063721 6.1031248569488534 1.4639499783515932 0.17696686834096911 1.0000000180025095e-35 3.0615500211715703 2.5000000000000004 150.41543579101565 26.500000000000004 9.4510416984558123 91.900520324707045 66.210800170898452 0.37500000000000006 0.054795905947685249 0.28307291865348821 21.500000000000004 0.25242003798484808 13.207449913024904 0.69687500596046459 4.0468750000000009 0.83578723669052135 1.5712999701499941 -0.025961400941014286 0.063775006681680693 0.37500000000000006 0.91580218076705944
decision_type=2 2 2 2 2 2 2 2 2 2 2 2 2 2 2 2 2 2 2 2 2 2 2 2 2 2 2 2
left_child=8 -2 4 27 19 6 -6 -5 13 10 16 -12 -13 23 -15 -7 21 -11 -19 20 -3 -10 -21 -1 26 -26 -25 -4
right_child=1 2 3 7 5 15 -8 -9 9 17 11 12 -14 14 -16 -17 -18 18 -20 22 -22 -23 -24 24 25 -27 -28 -29
leaf_value=-0.0014840109429188977 -0.0027734095260840566 -0.0019617830059446913 0.00096425174514395225 -0.0040439671064905688 0.0022860670319865897 -0.0023569826346938496 2.1690002460597305e-05 -0.00056475842134516205 0.00015466379453254008 0.0010629300415986081 0.004641848434245221 0.00030979247947799683 0.0024609751381695841 -0.0033440401902923786 6.785252919918011e-05 -0.00015608017789151441 0.0011431821187552823 -0.0023392238099781168 -2.583418023629835e-06 0.0018153549618964884 -0.00039589530305798507 -0.0022856694211631995 -0.00069514909057438159 -0.00068741903433433473 0.00068201944439878791 -2.9323952587639018e-06 0.00058216039535625714 -0.00061315139185645032
leaf_weight=416 328 830 357 430 1384 345 1346 371 428 309 354 1643 564 325 550 900 486 452 465 301 1342 307 324 4652 5350 37201 1722 418
leaf_count=416 328 830 357 430 1384 345 1346 371 428 309 354 1643 564 325 550 900 486 452 465 301 1342 307 324 4652 5350 37201 1722 418
internal_value=6.04132e-07 -0.00027306 -0.000174819 -0.00118051 5.92295e-05 0.000563391 0.00116964 -0.0024325 4.35983e-05 0.000545166 0.000914933 0.00138235 0.000859528 -6.42265e-06 -0.00119942 -0.000765969 -6.54528e-05 -0.000595502 -0.00115434 -0.000657268 -0.000994278 -0.000864632 0.00051391 1.47337e-05 2.74772e-05 8.31876e-05 -0.000344429 0.000113472
internal_weight=63900 8676 8348 1576 6772 3975 2730 801 55224 5008 3782 2561 2207 50216 875 1245 1221 1226 917 2797 2172 735 625 49341 48925 42551 6374 775
internal_count=63900 8676 8348 1576 6772 3975 2730 801 55224 5008 3782 2561 2207 50216 875 1245 1221 1226 917 2797 2172 735 625 49341 48925 42551 6374 775
is_linear=0
shrinkage=0.12


Tree=224
num_leaves=20
num_cat=0
split_feature=81 81 8 32 57 3 7 1 5 55 49 50 49 3 1 57 33 29 70
split_gain=0.0507401 0.0576025 0.153893 0.112611 0.185009 0.118961 0.0927636 0.0576211 0.148954 0.189774 0.159499 0.164122 0.127672 0.0605065 0.165874 0.238512 0.155894 0.307579 0.210394
threshold=56.032787322998054 6.7600200176239023 10.994466304779055 41.493547439575202 0.67812499403953563 0.48411001265048986 3.8604500293731694 19.314349174499515 2.5811499357223515 0.12874263525009158 1.5343750119209292 0.19232086092233661 1.4468750357627871 0.27133999764919287 17.352800369262699 1.3406249880790713 0.21681447327136996 10.029144763946535 31.500000000000004
decision_type=2 2 2 2 2 2 2 2 2 2 2 2 2 2 2 2 2 2 2
left_child=1 7 3 -3 6 -6 -5 13 10 -10 12 -12 -9 14 15 -1 18 -18 -15
right_child=-2 2 -4 4 5 -7 -8 8 9 -11 11 -13 -14 16 -16 -17 17 -19 -20
leaf_value=0.00034111395781478119 0.0015173615747473286 -0.0024108561210575614 0.0020415898305981362 0.0018798355710483699 -0.0027320699743089085 -0.00044689854248526303 -0.00026367641069014429 -0.0007006759154433548 -0.0010309948816443052 0.0027527600223459839 -0.0037297027830854798 -0.00077525193652347067 0.0018182109288713622 0.0009374666021280014 0.001996485916279198 -0.0015319339071894881 -0.0029784390141562212 2.6867004687989108e-05 -0.00036172465292643385
leaf_weight=1914 316 494 313 513 558 796 671 1210 352 417 453 673 381 6045 384 2004 496 43357 2553
leaf_count=1914 316 494 313 513 558 796 671 1210 352 417 453 673 381 6045 384 2004 496 43357 2553
internal_value=5.31635e-07 -7.00671e-06 -0.000491702 -0.000753219 -0.000430574 -0.00138865 0.000665058 1.99078e-05 -0.00045364 0.00102079 -0.000870953 -0.00196385 -9.7473e-05 4.89951e-05 -0.000383648 -0.000616923 8.44802e-05 -7.12455e-06 0.000551698
internal_weight=63900 63584 3345 3032 2538 1354 1184 60239 3486 769 2717 1126 1591 56753 4302 3918 52451 43853 8598
internal_count=63900 63584 3345 3032 2538 1354 1184 60239 3486 769 2717 1126 1591 56753 4302 3918 52451 43853 8598
is_linear=0
shrinkage=0.12


Tree=225
num_leaves=20
num_cat=0
split_feature=23 23 53 49 15 66 57 57 54 57 2 23 76 72 81 76 2 1 65
split_gain=0.071123 0.118555 0.141463 0.11967 0.210823 0.248604 0.210886 0.157871 0.191606 0.144118 0.112116 0.0673095 0.0686286 0.11304 0.212197 0.109235 0.168888 0.0960504 0.0906641
threshold=2.9486333131790166 2.8752832412719731 2.7718750238418584 1.6093750000000002 2.3249570131301884 10.214582920074465 4.5187499523162851 4.5937500000000009 -0.034412315115332597 2.0656249523162846 105.59999847412111 3.0284000635147099 0.53131380677223217 7.4156248569488534 0.66503807902336132 0.5866413712501527 274.69999694824224 4.9441499710083017 35.500000000000007
decision_type=2 2 2 2 2 2 2 2 2 2 2 2 2 2 2 2 2 2 2
left_child=1 2 3 7 6 -6 -5 9 -9 -1 -2 -12 13 14 -13 16 -14 -15 -17
right_child=10 -3 -4 4 5 -7 -8 8 -10 -11 11 12 15 17 -16 18 -18 -19 -20
leaf_value=-0.00039014400578788155 0.0020045829718625852 -0.0021029289141363565 -0.0025585495276609434 -0.0011869908542433943 0.0041885258807385813 0.00051301072001724564 0.0014889058328441127 -0.0027592871572403479 -0.00047697955748336848 0.0010036782284768503 0.0014106390722567316 -0.00079368440684744865 -0.0016271843666599533 0.0019989858746800779 0.0027146289811508487 -0.0001870114842102101 0.00029592737306252686 5.7970445635841287e-05 0.00035861643314499114
leaf_weight=4146 410 501 360 1265 399 789 638 766 1717 1439 491 404 1635 373 644 17809 1100 23274 5818
leaf_count=4146 410 501 360 1265 399 789 638 766 1717 1439 491 404 1635 373 644 17809 1100 23274 5818
internal_value=-3.27955e-05 -0.00029585 -0.000217254 -0.000141721 0.000493163 0.00174746 -0.000289869 -0.000384957 -0.00118107 -3.10195e-05 2.80595e-05 1.23388e-05 -1.10827e-06 0.000142636 0.00136219 -0.000135763 -0.000853721 8.85874e-05 -5.2654e-05
internal_weight=63978 12020 11519 11159 3091 1188 1903 8068 2483 5585 51958 51548 51057 24695 1048 26362 2735 23647 23627
internal_count=63978 12020 11519 11159 3091 1188 1903 8068 2483 5585 51958 51548 51057 24695 1048 26362 2735 23647 23627
is_linear=0
shrinkage=0.12


Tree=226
num_leaves=11
num_cat=0
split_feature=5 87 34 74 2 22 8 22 72 58
split_gain=0.0790683 0.176555 0.072027 0.137313 0.0855457 0.0811734 0.151673 0.101199 0.440256 0.0641276
threshold=3.9222500324249272 0.37500000000000006 1.3353571295738222 22.500000000000004 110.56999969482423 0.49013333022594457 6.5259666442871103 0.60985001921653759 14.043750286102297 10.160957336425783
decision_type=2 2 2 2 2 2 2 2 2 2
left_child=2 -2 4 -4 -1 6 -6 8 -7 -9
right_child=1 -3 3 -5 5 7 -8 9 -10 -11
leaf_value=0.0015407356206384121 0.0025774391656415716 -0.00068410917973967228 -0.0023352939442185801 0.00086397172046560498 0.00030979920016511916 -0.0018452946205475187 -0.0030438037630814855 -3.4182342186167638e-05 0.004115006230605873 -0.0015400821096584146
leaf_weight=495 511 449 524 306 415 329 365 59784 390 410
leaf_count=495 511 449 524 306 415 329 365 59784 390 410
internal_value=-2.88601e-05 0.00105199 -4.53254e-05 -0.00115581 -3.05042e-05 -4.31112e-05 -0.00125952 -2.7535e-05 0.00138769 -4.44395e-05
internal_weight=63978 960 63018 830 62188 61693 780 60913 719 60194
internal_count=63978 960 63018 830 62188 61693 780 60913 719 60194
is_linear=0
shrinkage=0.12


Tree=227
num_leaves=20
num_cat=0
split_feature=5 89 23 22 13 41 24 28 14 0 76 76 45 53 22 81 78 12 29
split_gain=0.0612305 0.17209 0.0566544 0.186109 0.125862 0.134079 0.227483 0.205459 0.0774719 0.094652 0.138917 0.10671 0.107341 0.087335 0.0573656 0.294822 0.154921 0.106757 0.0651482
threshold=3.9222500324249272 0.62500000000000011 2.9486333131790166 0.53448331356048595 3.1457500457763676 0.11394948884844781 5.5616500377655038 42.722982406616218 1.0354499816894533 45.417400360107429 0.86575314402580272 0.5351390838623048 0.65937501192092907 2.2468750476837163 0.60985001921653759 0.11894114688038827 1.9313507080078127 0.92629998922348034 -37.470516204833977
decision_type=2 2 2 2 2 2 2 2 2 2 2 2 2 2 2 2 2 2 2
left_child=2 -2 3 -1 5 6 -5 -7 9 11 -11 13 -13 -4 15 -10 -17 -16 -19
right_child=1 -3 8 4 -6 7 -8 -9 14 10 -12 12 -14 -15 17 16 -18 18 -20
leaf_value=-0.0031185308451571101 0.0029106817094480468 -0.00037472658677444119 0.0028481318151858158 0.00011886794489543308 -0.0019290530556967025 -0.0025633185122052892 0.0031145653140894369 -0.00024664197313787884 -0.0015354915899434332 0.0033873779086982707 -5.3807463723855974e-05 0.00054333480117900424 -0.002023713728238737 2.7806079378487264e-05 -0.0022722281662144639 0.004082539843064642 0.00062754668131627888 -0.0006049291917651807 1.0340473741585633e-05
leaf_weight=323 380 580 307 4405 574 614 398 5395 478 385 301 519 428 326 306 358 391 2623 44887
leaf_count=323 380 580 307 4405 574 614 398 5395 478 385 301 519 428 326 306 358 391 2623 44887
internal_value=-2.53969e-05 0.000925748 -3.98864e-05 -0.000278065 -0.000197486 -0.000105559 0.000367106 -0.00048336 1.44673e-05 0.000700453 0.00187747 0.000189419 -0.000616852 0.00139564 -1.72282e-05 0.000792954 0.00227893 -3.80182e-05 -2.36282e-05
internal_weight=63978 960 63018 11709 11386 10812 4803 6009 51309 2266 686 1580 947 633 49043 1227 749 47816 47510
internal_count=63978 960 63018 11709 11386 10812 4803 6009 51309 2266 686 1580 947 633 49043 1227 749 47816 47510
is_linear=0
shrinkage=0.12


Tree=228
num_leaves=13
num_cat=0
split_feature=5 2 34 55 2 19 81 65 34 76 76 2
split_gain=0.0474169 0.158059 0.0493835 0.135402 0.0722266 0.114816 0.119633 0.0948449 0.0905428 0.0579237 0.188939 0.175435
threshold=3.9222500324249272 144.85500335693362 1.3353571295738222 0.11344957351684572 116.56000137329103 0.24557291716337207 0.55950692296028148 35.500000000000007 1.3026428222656252 0.53131380677223217 0.5866413712501527 125.61500167846681
decision_type=2 2 2 2 2 2 2 2 2 2 2 2
left_child=2 -2 4 -4 5 -1 7 -7 9 11 -11 -6
right_child=1 -3 3 -5 8 6 -8 -9 -10 10 -12 -13
leaf_value=0.0023996142902880267 0.0023164021902683579 -0.00076409907314556238 -0.002745080964349242 0.00035741397453749568 0.0025289617305908926 -0.00054149188172754532 -0.0018314170396442472 0.0023584520373360388 -0.0019480482544534754 -0.00094590900311242209 -3.6225330913072266e-05 5.5503722012149565e-05
leaf_weight=453 492 468 351 479 419 303 316 350 357 3729 27787 28474
leaf_count=453 492 468 351 479 419 303 316 350 357 3729 27787 28474
internal_value=-2.23492e-05 0.000814658 -3.51e-05 -0.000954605 -2.28277e-05 0.000822562 8.53028e-05 0.00101284 -4.26109e-05 -3.13503e-05 -0.00014386 9.13733e-05
internal_weight=63978 960 63018 830 62188 1422 969 653 60766 60409 31516 28893
internal_count=63978 960 63018 830 62188 1422 969 653 60766 60409 31516 28893
is_linear=0
shrinkage=0.12


Tree=229
num_leaves=23
num_cat=0
split_feature=23 2 13 53 41 41 49 51 51 53 66 7 2 92 1 28 5 90 70 81 87 15
split_gain=0.0401159 0.108826 0.0990267 0.100852 0.103792 0.200909 0.384477 0.178517 0.165124 0.167124 0.118182 0.0512067 0.0804762 0.119676 0.0713056 0.058471 0.145067 0.739734 0.114046 0.18258 0.136512 0.107995
threshold=2.9486333131790166 105.59999847412111 3.1457500457763676 2.7718750238418584 0.11394948884844781 0.10185549035668374 1.4093750119209292 0.19552778452634814 0.20826278626918796 2.0468750000000004 9.526041507720949 8.0590500831604022 175.87500000000003 0.97701427340507518 16.434949874877933 72.229507446289077 3.5152999162673955 1.0000000180025095e-35 11.500000000000002 0.72066444158554088 0.37500000000000006 5.8066205978393564
decision_type=2 2 2 2 2 2 2 2 2 2 2 2 2 2 2 2 2 2 2 2 2 2
left_child=2 -2 3 4 5 7 -7 -1 10 -10 -6 15 -13 14 -14 18 21 -18 19 -3 -20 -17
right_child=1 11 -4 -5 8 6 -8 -9 9 -11 -12 12 13 -15 -16 16 17 -19 20 -21 -22 -23
leaf_value=0.00045138602675150863 0.0019733513186958327 6.3825696956300309e-05 -0.0017278606212236965 -0.0021124739707049324 -4.3340780420282219e-05 -0.00080971939868598785 0.0046076066030635281 -0.0013593095078222124 -0.0017768165579571432 0.0014061222324749352 -0.0012692625736096226 0.0020598561573401202 0.0015614078846558986 -0.0018538151919404648 -0.00016700539745675887 -0.00047391501682168033 0.0057730370472238567 -0.0008017914611315012 -0.0004043242166012639 0.0030770065692744121 0.00026575425237395712 0.00016962842494941947
leaf_weight=3205 410 1085 594 361 1954 348 412 1038 302 1113 2693 427 695 325 680 4609 376 715 15939 395 6036 20266
leaf_count=3205 410 1085 594 361 1954 348 412 1038 302 1113 2693 427 695 325 680 4609 376 715 15939 395 6036 20266
internal_value=-1.96673e-05 2.60362e-05 -0.000217227 -0.000138694 -7.42988e-05 0.000330258 0.00212704 8.42068e-06 -0.000408182 0.000726795 -0.000753779 1.05478e-05 0.000587063 0.000217132 0.000706629 -1.42645e-05 0.00010979 0.00146414 -0.000151599 0.000868019 -0.00022027 5.03886e-05
internal_weight=63978 51958 12020 11426 11065 5003 760 4243 6062 1415 4647 51548 2127 1700 1375 49421 25966 1091 23455 1480 21975 24875
internal_count=63978 51958 12020 11426 11065 5003 760 4243 6062 1415 4647 51548 2127 1700 1375 49421 25966 1091 23455 1480 21975 24875
is_linear=0
shrinkage=0.12


Tree=230
num_leaves=16
num_cat=0
split_feature=49 1 1 28 47 23 1 8 12 69 6 23 55 78 57
split_gain=0.0523198 0.0532906 0.16661 0.148813 0.131073 0.203419 0.211605 0.163418 0.169899 0.146938 0.125013 0.108728 0.0951665 0.195841 0.0976476
threshold=2.3374999761581425 15.580100059509279 15.34785032272339 126.32479476928712 0.17034497857093814 3.8508332967758183 19.206699371337894 3.6695569753646855 1.0421999692916872 6.5000000000000009 7.9960501194000253 3.7818750143051152 0.50722295045852672 1.1835677623748782 7.2406251430511483
decision_type=2 2 2 2 2 2 2 2 2 2 2 2 2 2 2
left_child=1 2 10 4 5 9 -7 -6 -9 -3 12 -4 14 -14 -1
right_child=-2 3 11 -5 7 6 -8 8 -10 -11 -12 -13 13 -15 -16
leaf_value=-3.5933556390949226e-05 -0.0011925162932159882 0.00085267081763904407 -0.0030383934586361776 0.0025235076859997422 -0.0013765505158732738 0.0025616349107370805 -7.5666741823946228e-05 -0.0017590059412108719 0.0011917482091773136 -0.00065066477122174219 0.002395423566553256 -0.00011904525240878185 -0.0036301897533019237 -0.00011966412937045358 0.00045140151287813225
leaf_weight=40962 489 1130 426 408 479 764 1027 304 3712 5460 318 323 313 851 6921
leaf_count=40962 489 1130 426 408 479 764 1027 304 3712 5460 318 323 313 851 6921
internal_value=4.39757e-05 5.3513e-05 -3.13099e-06 0.000267203 0.000195708 -8.46835e-05 0.00104935 0.000718501 0.000968384 -0.000392885 2.38205e-05 -0.00177945 8.44406e-06 -0.00106365 3.45058e-05
internal_weight=63887 63398 50114 13284 12876 8381 1791 4495 4016 6590 49365 749 49047 1164 47883
internal_count=63887 63398 50114 13284 12876 8381 1791 4495 4016 6590 49365 749 49047 1164 47883
is_linear=0
shrinkage=0.12


end of trees

feature_importances:
hz_drive=266
soc_kwh=249
cs3_queue=234
t_elapsed=189
cd_slack_after=177
cs1_queue=175
e_margin_next_cs_wc=169
cs2_queue=148
drive_left=148
cs2_soc_frac=147
charge_time_to_full=145
a_dwell_min=145
a_dwell_vs_cu1_drive=135
cs3_drive=131
queue_here=129
cd=124
cu1_drive=123
D_next=117
route_frac_done=115
legs_to_forced_break=112
a_cu1_slack_after=109
cu1_open_slack=107
cs2_drive=105
tod=104
e_needed_next_cs_wc=104
cs3_soc_frac=104
hz_stops=96
cu2_drive=88
cu1_close_slack=86
soc_at_next_cs_frac=83
sd=81
cd_slack=80
cu2_open_slack=78
cu2_close_slack=74
a_break_min=74
sd_slack_after=71
legs_to_forced_rest=68
cs1_soc_frac=64
stops_left=63
cust_left=58
sd_slack=57
sw_slack=52
cs1_drive=52
sw=51
spread_h=48
spread_slack2_after=48
spread_slack1=46
soc_frac=43
a_b45=43
a_tauc_full=37
a_resets_cd=35
energy_left=33
cs_left=30
a_break_absorbable=29
spread_slack2=28
a_b30=25
hz_n_breaks=22
a_rest_min=22
ext_shift_used=21
a_r1=21
a_r2=21
drive_to_next_cs=20
e_nom_margin_next_cs=16
phi=15
rho2_used=14
energy_to_next_cs=11
charge_rate_now_kw=11
a_cu1_early=11
E_next=10
cu2_rests_between=8
cu1_rests_between=6
a_b15=6
a_residual_break=6
stops_to_next_cs=5
hz_n_rests=4
usable_kwh=3
must_charge=3
D_next_wc=2
cs1_reach=2
a_cu1_late=2
ext_left=1
cs3_reach=1
a_resets_sd=1

parameters:
[boosting: gbdt]
[objective: huber]
[metric: huber]
[tree_learner: serial]
[device_type: cpu]
[data_sample_strategy: bagging]
[data: ]
[valid: ]
[num_iterations: 1200]
[learning_rate: 0.12]
[num_leaves: 63]
[num_threads: 0]
[seed: 4]
[deterministic: 0]
[force_col_wise: 0]
[force_row_wise: 0]
[histogram_pool_size: -1]
[max_depth: 6]
[min_data_in_leaf: 300]
[min_sum_hessian_in_leaf: 0.001]
[bagging_fraction: 0.8]
[pos_bagging_fraction: 1]
[neg_bagging_fraction: 1]
[bagging_freq: 5]
[bagging_seed: 17945]
[bagging_by_query: 0]
[feature_fraction: 0.8]
[feature_fraction_bynode: 1]
[feature_fraction_seed: 386]
[extra_trees: 0]
[extra_seed: 27504]
[early_stopping_round: 0]
[early_stopping_min_delta: 0]
[first_metric_only: 0]
[max_delta_step: 0]
[lambda_l1: 0]
[lambda_l2: 0]
[linear_lambda: 0]
[min_gain_to_split: 0]
[drop_rate: 0.1]
[max_drop: 50]
[skip_drop: 0.5]
[xgboost_dart_mode: 0]
[uniform_drop: 0]
[drop_seed: 27159]
[top_rate: 0.2]
[other_rate: 0.1]
[min_data_per_group: 100]
[max_cat_threshold: 32]
[cat_l2: 10]
[cat_smooth: 10]
[max_cat_to_onehot: 4]
[top_k: 20]
[monotone_constraints: ]
[monotone_constraints_method: basic]
[monotone_penalty: 0]
[feature_contri: ]
[forcedsplits_filename: ]
[refit_decay_rate: 0.9]
[cegb_tradeoff: 1]
[cegb_penalty_split: 0]
[cegb_penalty_feature_lazy: ]
[cegb_penalty_feature_coupled: ]
[path_smooth: 0]
[interaction_constraints: ]
[verbosity: -1]
[saved_feature_importance_type: 0]
[use_quantized_grad: 0]
[num_grad_quant_bins: 4]
[quant_train_renew_leaf: 0]
[stochastic_rounding: 1]
[linear_tree: 0]
[max_bin: 255]
[max_bin_by_feature: ]
[min_data_in_bin: 3]
[bin_construct_sample_cnt: 200000]
[data_random_seed: 51]
[is_enable_sparse: 1]
[enable_bundle: 1]
[use_missing: 1]
[zero_as_missing: 0]
[feature_pre_filter: 1]
[pre_partition: 0]
[two_round: 0]
[header: 0]
[label_column: ]
[weight_column: ]
[group_column: ]
[ignore_column: ]
[categorical_feature: ]
[forcedbins_filename: ]
[precise_float_parser: 0]
[parser_config_file: ]
[objective_seed: 17345]
[num_class: 1]
[is_unbalance: 0]
[scale_pos_weight: 1]
[sigmoid: 1]
[boost_from_average: 1]
[reg_sqrt: 0]
[alpha: 0.9]
[fair_c: 1]
[poisson_max_delta_step: 0.7]
[tweedie_variance_power: 1.5]
[lambdarank_truncation_level: 30]
[lambdarank_norm: 1]
[label_gain: ]
[lambdarank_position_bias_regularization: 0]
[eval_at: ]
[multi_error_top_k: 1]
[auc_mu_weights: ]
[num_machines: 1]
[local_listen_port: 12400]
[time_out: 120]
[machine_list_filename: ]
[machines: ]
[gpu_platform_id: -1]
[gpu_device_id: -1]
[gpu_device_id_list: ]
[gpu_use_dp: 0]
[num_gpu: 1]

end of parameters

pandas_categorical:null
